CamCarcacas2;
2026-06-01 00:00;2026-06-02 00:00;
12144 Frigorífico Thoms;
ayron.costa;
" ";CPCO 51 - Câmara de carcaças - Controle de temperatura 1;CPCO 51 - Câmara de carcaças - Controle de temperatura 1;CPCO 51 - Câmara de carcaças - Controle de temperatura 1;CPCO 51 - Câmara de carcaças - Controle de temperatura 1;CPCO 51 - Câmara de carcaças - Controle de temperatura 1;CPCO 51 - Câmara de carcaças - Controle de temperatura 1;CPCO 52 - Câmara de carcaças - Controle de temperatura 2;CPCO 52 - Câmara de carcaças - Controle de temperatura 2;CPCO 53 - Balança;CPCO 51 - Câmara de carcaças - Controle de temperatura 1;CPCO 51 - Câmara de carcaças - Controle de temperatura 1;CPCO 51 - Câmara de carcaças - Controle de temperatura 1;CPCO 51 - Câmara de carcaças - Controle de temperatura 1;CPCO 54 - Câmara de carcaças - Controle de temperatura 3;
" ";Carregamento;Resfriamento;Saida Y1 - Ventiladores EC;Temp entrada glicol;Temp ref;Temp retorno ar;Temperatuda espeto;Umidade relativa da camara;Peso atual;DT Atual;DT ref;Cap Atual Valvula;Temp retorno ar M1A08;Temp Insuf de ar M1A08;" ";
2026-06-01 00:00:00.0;OFF;ON;50;0,50;-2,90;0,60;-2,20;97,70;118,10;0;9,50;99,40;0,50;0,80;
2026-06-01 00:01:00.0;OFF;ON;50;0,60;-2,90;0,60;-2,20;97,70;118,10;0;9,50;100;0,40;0,80;
2026-06-01 00:02:00.0;OFF;ON;50;0,60;-2,90;0,60;-2,20;97,70;118,10;0;9,50;100;0,50;0,80;
2026-06-01 00:03:00.0;OFF;ON;50;0,50;-2,90;0,60;-2,20;97,80;118,10;0,10;9,50;99,50;0,50;0,80;
2026-06-01 00:04:00.0;OFF;ON;50;0,60;-2,90;0,60;-2,20;97,70;118,10;0;9,50;100;0,40;0,80;
2026-06-01 00:05:00.0;OFF;ON;50;0,50;-2,90;0,60;-2,20;97,70;118,10;-0,10;9,50;99,50;0,40;0,80;
2026-06-01 00:06:00.0;OFF;ON;50;0,60;-2,90;0,60;-2,20;97,70;118,10;0;9,50;100;0,50;0,80;
2026-06-01 00:07:00.0;OFF;ON;50;0,50;-2,90;0,60;-2,20;97,80;118,10;0;9,50;99,60;0,50;0,80;
2026-06-01 00:08:00.0;OFF;ON;50;0,60;-2,90;0,60;-2,20;97,80;118,10;0,10;9,50;100;0,50;0,80;
2026-06-01 00:09:00.0;OFF;ON;50;0,50;-2,90;0,60;-2,20;97,70;118,10;0,10;9,50;99,60;0,50;0,80;
2026-06-01 00:10:00.0;OFF;ON;50;0,60;-2,90;0,60;-2,20;97,70;118,10;0;9,50;100;0,40;0,80;
2026-06-01 00:11:00.0;OFF;ON;50;0,50;-3;0,50;-2,20;97,70;118,10;0,10;9,50;99,60;0,50;0,80;
2026-06-01 00:12:00.0;OFF;ON;50;0,50;-3;0,50;-2,20;97,70;118,10;0,10;9,50;99,50;0,50;0,80;
2026-06-01 00:13:00.0;OFF;ON;50;0,60;-3;0,50;-2,20;97,70;118,10;0,10;9,50;100;0,50;0,80;
2026-06-01 00:14:00.0;OFF;ON;50;0,60;-3;0,50;-2,20;97,80;118,10;0,10;9,50;100;0,40;0,80;
2026-06-01 00:15:00.0;OFF;ON;50;0,60;-3;0,50;-2,20;97,70;118,10;0;9,50;100;0,40;0,80;
2026-06-01 00:16:00.0;OFF;ON;50;0,50;-3;0,50;-2,20;97,70;118,10;0;9,50;99,50;0,40;0,80;
2026-06-01 00:17:00.0;OFF;ON;50;0,50;-3;0,50;-2,20;97,80;118,10;0;9,50;99,60;0,40;0,80;
2026-06-01 00:18:00.0;OFF;ON;50;0,50;-3;0,50;-2,20;97,70;118,10;0;9,50;99,60;0,40;0,80;
2026-06-01 00:19:00.0;OFF;ON;50;0,50;-3;0,50;-2,20;97,80;118,10;0;9,50;99,60;0,40;0,80;
2026-06-01 00:20:00.0;OFF;ON;50;0,50;-3;0,50;-2,20;97,70;118,10;0;9,50;99,60;0,40;0,80;
2026-06-01 00:21:00.0;OFF;ON;50;0,60;-3;0,50;-2,20;97,70;118,10;0;9,50;100;0,40;0,80;
2026-06-01 00:22:00.0;OFF;ON;50;0,50;-3;0,50;-2,20;97,70;118,10;0;9,50;99,60;0,40;0,80;
2026-06-01 00:23:00.0;OFF;ON;50;0,60;-3;0,50;-2,20;97,70;118,10;0;9,50;100;0,40;0,80;
2026-06-01 00:24:00.0;OFF;ON;50;0,50;-3;0,50;-2,20;97,70;118,10;0;9,50;99,70;0,40;0,80;
2026-06-01 00:25:00.0;OFF;ON;50;0,60;-3;0,50;-2,20;97,70;118,10;0;9,50;100;0,40;0,80;
2026-06-01 00:26:00.0;OFF;ON;50;0,60;-3;0,50;-2,20;97,70;118,10;0,10;9,50;100;0,40;0,80;
2026-06-01 00:27:00.0;OFF;ON;50;0,60;-3;0,50;-2,20;97,70;118,10;0;9,50;100;0,40;0,80;
2026-06-01 00:28:00.0;OFF;ON;50;0,50;-3;0,50;-2,20;97,70;118,10;0;9,50;99,60;0,40;0,80;
2026-06-01 00:29:00.0;OFF;ON;50;0,50;-3;0,50;-2,20;97,70;118,10;0,10;9,50;99,60;0,40;0,80;
2026-06-01 00:30:00.0;OFF;ON;50;0,40;-3;0,50;-2,20;97,70;118,10;0,10;9,50;99,60;0,40;0,80;
2026-06-01 00:31:00.0;OFF;ON;50;0,50;-3;0,50;-2,20;97,70;118,10;0,10;9,50;99,70;0,40;0,80;
2026-06-01 00:32:00.0;OFF;ON;50;0,50;-3;0,50;-2,20;97,70;118,10;0;9,50;100;0,40;0,80;
2026-06-01 00:33:00.0;OFF;ON;50;0,60;-3;0,50;-2,20;97,70;118,10;-0,10;9,50;100;0,40;0,80;
2026-06-01 00:34:00.0;OFF;ON;50;0,50;-3;0,50;-2,20;97,70;118,10;0;9,50;100;0,40;0,80;
2026-06-01 00:35:00.0;OFF;ON;50;0,50;-3;0,50;-2,20;97,70;118,10;0,10;9,50;100;0,40;0,80;
2026-06-01 00:36:00.0;OFF;ON;50;0,50;-3;0,50;-2,20;97,70;118,10;0;9,50;100;0,40;0,80;
2026-06-01 00:37:00.0;OFF;ON;50;0,60;-3;0,50;-2,20;97,70;118,10;0;9,50;100;0,40;0,80;
2026-06-01 00:38:00.0;OFF;ON;50;0,60;-3;0,50;-2,20;97,80;118,10;0;9,50;100;0,40;0,80;
2026-06-01 00:39:00.0;OFF;ON;50;0,50;-3;0,50;-2,20;97,70;118,10;0;9,50;100;0,40;0,80;
2026-06-01 00:40:00.0;OFF;ON;50;0,60;-3;0,50;-2,20;97,70;118,10;0;9,50;100;0,40;0,80;
2026-06-01 00:41:00.0;OFF;ON;50;0,50;-3;0,50;-2,20;97,70;118,10;-0,10;9,50;99,60;0,40;0,80;
2026-06-01 00:42:00.0;OFF;ON;50;0,60;-3;0,50;-2,20;97,70;118,10;0;9,50;100;0,40;0,80;
2026-06-01 00:43:00.0;OFF;ON;50;0,50;-3;0,50;-2,20;97,70;118,10;0;9,50;100;0,40;0,80;
2026-06-01 00:44:00.0;OFF;ON;50;0,50;-3;0,50;-2,20;97,70;118,10;0;9,50;100;0,40;0,80;
2026-06-01 00:45:00.0;OFF;ON;50;0,50;-3;0,50;-2,20;97,70;118,10;0;9,50;99,80;0,40;0,80;
2026-06-01 00:46:00.0;OFF;ON;50;0,50;-3;0,50;-2,20;97,70;118,10;0;9,50;100;0,40;0,80;
2026-06-01 00:47:00.0;OFF;ON;50;0,50;-3;0,50;-2,20;97,80;118,10;0;9,50;100;0,40;0,80;
2026-06-01 00:48:00.0;OFF;ON;50;0,60;-3;0,50;-2,20;97,80;118,10;0;9,50;100;0,40;0,80;
2026-06-01 00:49:00.0;OFF;ON;50;0,50;-3;0,50;-2,20;97,80;118,10;0;9,50;99,60;0,40;0,80;
2026-06-01 00:50:00.0;OFF;ON;50;0,50;-3;0,50;-2,20;97,80;118,10;0;9,50;100;0,40;0,80;
2026-06-01 00:51:00.0;OFF;ON;50;0,50;-3;0,50;-2,20;97,80;118,10;0;9,50;99,60;0,40;0,80;
2026-06-01 00:52:00.0;OFF;ON;50;0,50;-3;0,50;-2,20;97,80;118,10;0;9,50;99,60;0,40;0,80;
2026-06-01 00:53:00.0;OFF;ON;50;0,50;-3;0,50;-2,20;97,80;118,10;-0,10;9,50;99,60;0,40;0,80;
2026-06-01 00:54:00.0;OFF;ON;50;0,50;-3;0,50;-2,20;97,80;118,10;0;9,50;99,70;0,40;0,80;
2026-06-01 00:55:00.0;OFF;ON;50;0,60;-3;0,50;-2,20;97,80;118,10;0;9,50;100;0,40;0,80;
2026-06-01 00:56:00.0;OFF;ON;50;0,50;-3;0,50;-2,20;97,80;118,10;0;9,50;99,70;0,40;0,80;
2026-06-01 00:57:00.0;OFF;ON;50;0,60;-3;0,50;-2,20;97,80;118,10;-0,10;9,50;100;0,40;0,80;
2026-06-01 00:58:00.0;OFF;ON;50;0,60;-3;0,50;-2,20;97,70;118,10;0;9,50;100;0,40;0,80;
2026-06-01 00:59:00.0;OFF;ON;50;0,50;-3;0,50;-2,20;97,80;118,10;0;9,50;99,80;0,40;0,80;
2026-06-01 01:00:00.0;OFF;ON;50;0,50;-3;0,50;-2,20;97,80;118,10;0;9,50;99,70;0,40;0,70;
2026-06-01 01:01:00.0;OFF;ON;50;0,50;-3;0,50;-2,20;97,80;118,10;0;9,50;100;0,40;0,70;
2026-06-01 01:02:00.0;OFF;ON;50;0,50;-3;0,50;-2,20;97,80;118,10;0;9,50;100;0,40;0,70;
2026-06-01 01:03:00.0;OFF;ON;50;0,50;-3;0,50;-2,20;97,80;118,10;0;9,50;100;0,40;0,70;
2026-06-01 01:04:00.0;OFF;ON;50;0,60;-3;0,50;-2,20;97,80;118,10;0;9,50;100;0,40;0,80;
2026-06-01 01:05:00.0;OFF;ON;50;0,70;-3;0,50;-2,20;97,80;118,10;-0,10;9,50;100;0,40;0,80;
2026-06-01 01:06:00.0;OFF;ON;50;0,50;-3;0,50;-2,20;97,80;118,10;-0,20;9,50;99,60;0,40;0,80;
2026-06-01 01:07:00.0;OFF;ON;50;0,50;-3;0,50;-2,20;97,80;118,10;0;9,50;100;0,40;0,80;
2026-06-01 01:08:00.0;OFF;ON;50;0,60;-3;0,50;-2,20;97,80;118,10;0;9,50;100;0,40;0,80;
2026-06-01 01:09:00.0;OFF;ON;50;0,60;-3;0,50;-2,20;97,80;118,10;-0,10;9,50;100;0,40;0,80;
2026-06-01 01:10:00.0;OFF;ON;50;0,60;-3;0,50;-2,20;97,80;118,10;0;9,50;99,80;0,40;0,80;
2026-06-01 01:11:00.0;OFF;ON;50;0,50;-3;0,50;-2,20;97,80;118,10;-0,10;9,50;99,60;0,40;0,80;
2026-06-01 01:12:00.0;OFF;ON;50;0,60;-3;0,50;-2,20;97,80;118,10;0;9,50;99,70;0,40;0,80;
2026-06-01 01:13:00.0;OFF;ON;50;0,50;-3;0,50;-2,20;97,80;118,10;-0,10;9,50;99,70;0,40;0,80;
2026-06-01 01:14:00.0;OFF;ON;50;0,60;-3;0,50;-2,20;97,80;118,10;0;9,50;100;0,40;0,80;
2026-06-01 01:15:00.0;OFF;ON;50;0,60;-3;0,50;-2,20;97,80;118,10;-0,20;9,50;99,60;0,40;0,80;
2026-06-01 01:16:00.0;OFF;ON;50;0,60;-3;0,50;-2,20;97,80;118,10;-0,10;9,50;100;0,40;0,80;
2026-06-01 01:17:00.0;OFF;ON;50;0,60;-3;0,50;-2,20;97,80;118,10;-0,10;9,50;99,70;0,40;0,80;
2026-06-01 01:18:00.0;OFF;ON;50;0,60;-3;0,50;-2,20;97,80;118,10;-0,10;9,50;100;0,40;0,80;
2026-06-01 01:19:00.0;OFF;ON;50;0,50;-3;0,50;-2,20;97,80;118,10;0;9,50;99,80;0,40;0,80;
2026-06-01 01:20:00.0;OFF;ON;50;0,60;-3;0,50;-2,20;97,80;118,10;-0,10;9,50;100;0,40;0,80;
2026-06-01 01:21:00.0;OFF;ON;50;0,60;-3;0,50;-2,20;97,80;118,10;-0,10;9,50;100;0,40;0,80;
2026-06-01 01:22:00.0;OFF;ON;50;0,70;-3;0,50;-2,20;97,80;118,10;-0,10;9,50;100;0,40;0,80;
2026-06-01 01:23:00.0;OFF;ON;50;0,70;-3;0,50;-2,20;97,80;118,10;-0,20;9,50;100;0,40;0,80;
2026-06-01 01:24:00.0;OFF;ON;50;0,60;-3;0,50;-2,20;97,80;118,10;-0,10;9,50;100;0,40;0,80;
2026-06-01 01:25:00.0;OFF;ON;50;0,60;-3;0,50;-2,20;97,80;118,10;0;9,50;100;0,40;0,80;
2026-06-01 01:26:00.0;OFF;ON;50;0,60;-3;0,50;-2,20;97,80;118,10;-0,10;9,50;100;0,40;0,80;
2026-06-01 01:27:00.0;OFF;ON;50;0,50;-3;0,50;-2,20;97,80;118,10;-0,10;9,50;99,70;0,40;0,80;
2026-06-01 01:28:00.0;OFF;ON;50;0,60;-3;0,50;-2,20;97,80;118,10;-0,20;9,50;100;0,40;0,80;
2026-06-01 01:29:00.0;OFF;ON;50;0,50;-3;0,50;-2,20;97,80;118,10;0;9,50;99,70;0,40;0,80;
2026-06-01 01:30:00.0;OFF;ON;50;0,60;-3;0,50;-2,20;97,80;118,10;-0,20;9,50;100;0,40;0,80;
2026-06-01 01:31:00.0;OFF;ON;50;0,50;-3;0,50;-2,20;97,80;118,10;-0,10;9,50;99,70;0,40;0,80;
2026-06-01 01:32:00.0;OFF;ON;50;0,70;-3;0,50;-2,20;97,80;118,10;-0,10;9,50;100;0,40;0,80;
2026-06-01 01:33:00.0;OFF;ON;50;0,60;-3;0,50;-2,20;97,80;118,10;0;9,50;100;0,40;0,80;
2026-06-01 01:34:00.0;OFF;ON;50;0,60;-3;0,50;-2,20;97,80;118,10;-0,10;9,50;100;0,40;0,80;
2026-06-01 01:35:00.0;OFF;ON;50;0,50;-3;0,50;-2,20;97,80;118,10;-0,10;9,50;100;0,40;0,80;
2026-06-01 01:36:00.0;OFF;ON;50;0,50;-3;0,50;-2,20;97,80;118,10;0;9,50;99,60;0,40;0,80;
2026-06-01 01:37:00.0;OFF;ON;50;0,50;-3;0,50;-2,20;97,80;118,10;0;9,50;99,60;0,40;0,80;
2026-06-01 01:38:00.0;OFF;ON;50;0,60;-3;0,50;-2,20;97,80;118,10;0;9,50;100;0,40;0,80;
2026-06-01 01:39:00.0;OFF;ON;50;0,50;-3;0,50;-2,20;97,80;118,10;-0,10;9,50;99,70;0,40;0,80;
2026-06-01 01:40:00.0;OFF;ON;50;0,60;-3;0,50;-2,20;97,80;118,10;-0,10;9,50;99,80;0,40;0,80;
2026-06-01 01:41:00.0;OFF;ON;50;0,60;-3;0,50;-2,20;97,80;118,10;-0,10;9,50;100;0,40;0,80;
2026-06-01 01:42:00.0;OFF;ON;50;0,70;-3;0,50;-2,20;97,80;118,10;-0,20;9,50;100;0,40;0,80;
2026-06-01 01:43:00.0;OFF;ON;50;0,60;-3;0,50;-2,20;97,80;118,10;-0,10;9,50;100;0,40;0,80;
2026-06-01 01:44:00.0;OFF;ON;50;0,50;-3;0,50;-2,20;97,80;118,10;0,10;9,50;99,50;0,40;0,80;
2026-06-01 01:45:00.0;OFF;ON;50;0,70;-3;0,50;-2,20;97,80;118,10;0;9,50;100;0,40;0,80;
2026-06-01 01:46:00.0;OFF;ON;50;0,50;-3;0,50;-2,20;97,80;118,10;-0,10;9,50;99,50;0,40;0,80;
2026-06-01 01:47:00.0;OFF;ON;50;0,60;-3;0,50;-2,20;97,80;118,10;-0,10;9,50;100;0,40;0,80;
2026-06-01 01:48:00.0;OFF;ON;50;0,60;-3;0,50;-2,20;97,80;118,10;-0,10;9,50;100;0,40;0,80;
2026-06-01 01:49:00.0;OFF;ON;50;0,60;-3;0,50;-2,20;97,80;118,10;0;9,50;100;0,40;0,80;
2026-06-01 01:50:00.0;OFF;ON;50;0,70;-3;0,50;-2,20;97,80;118,10;-0,10;9,50;100;0,40;0,80;
2026-06-01 01:51:00.0;OFF;ON;50;0,60;-3;0,50;-2,20;97,80;118,10;-0,20;9,50;100;0,40;0,80;
2026-06-01 01:52:00.0;OFF;ON;50;0,70;-3;0,50;-2,20;97,80;118,10;0;9,50;100;0,40;0,80;
2026-06-01 01:53:00.0;OFF;ON;50;0,70;-3;0,50;-2,20;97,80;118,10;-0,10;9,50;100;0,40;0,80;
2026-06-01 01:54:00.0;OFF;ON;50;0,50;-3;0,50;-2,20;97,80;118,10;-0,10;9,50;99,60;0,40;0,80;
2026-06-01 01:55:00.0;OFF;ON;50;0,70;-3;0,50;-2,20;97,80;118,10;0;9,50;100;0,40;0,80;
2026-06-01 01:56:00.0;OFF;ON;50;0,50;-3;0,50;-2,20;97,80;118,10;-0,10;9,50;100;0,40;0,80;
2026-06-01 01:57:00.0;OFF;ON;50;0,60;-3;0,50;-2,20;97,80;118,10;-0,10;9,50;100;0,40;0,80;
2026-06-01 01:58:00.0;OFF;ON;50;0,50;-3;0,50;-2,20;97,80;118,10;-0,10;9,50;99,60;0,40;0,80;
2026-06-01 01:59:00.0;OFF;ON;50;0,70;-3;0,50;-2,20;97,80;118,10;-0,10;9,50;100;0,40;0,80;
2026-06-01 02:00:00.0;OFF;ON;50;0,50;-3;0,50;-2,20;97,90;118,10;-0,10;9,50;99,50;0,40;0,80;
2026-06-01 02:01:00.0;OFF;ON;50;0,60;-3;0,50;-2,20;97,90;118,10;0;9,50;100;0,40;0,80;
2026-06-01 02:02:00.0;OFF;ON;50;0,50;-3;0,50;-2,20;97,80;118,10;0;9,50;99,60;0,40;0,80;
2026-06-01 02:03:00.0;OFF;ON;50;0,50;-3;0,50;-2,20;97,80;118,10;0;9,50;99,80;0,40;0,80;
2026-06-01 02:04:00.0;OFF;ON;50;0,60;-3;0,50;-2,20;97,90;118,10;-0,20;9,50;99,50;0,40;0,80;
2026-06-01 02:05:00.0;OFF;ON;50;0,60;-3;0,50;-2,20;97,90;118,10;0;9,50;99,60;0,40;0,80;
2026-06-01 02:06:00.0;OFF;ON;50;0,60;-3;0,50;-2,20;97,90;118,10;-0,10;9,50;100;0,40;0,80;
2026-06-01 02:07:00.0;OFF;ON;50;0,70;-3;0,50;-2,20;97,90;118,10;-0,10;9,50;100;0,40;0,80;
2026-06-01 02:08:00.0;OFF;ON;50;0,50;-3;0,50;-2,20;97,80;118,10;-0,10;9,50;99,60;0,40;0,80;
2026-06-01 02:09:00.0;OFF;ON;50;0,50;-3;0,50;-2,20;97,90;118,10;0;9,50;99,70;0,40;0,80;
2026-06-01 02:10:00.0;OFF;ON;50;0,60;-3;0,50;-2,20;97,80;118,10;0;9,50;99,60;0,40;0,80;
2026-06-01 02:11:00.0;OFF;ON;50;0,60;-3;0,50;-2,20;97,90;118,10;0;9,50;99,70;0,40;0,80;
2026-06-01 02:12:00.0;OFF;ON;50;0,60;-3;0,50;-2,20;97,80;118,10;-0,10;9,50;100;0,40;0,80;
2026-06-01 02:13:00.0;OFF;ON;50;0,50;-3;0,50;-2,20;97,80;118,10;0;9,50;99,60;0,40;0,80;
2026-06-01 02:14:00.0;OFF;ON;50;0,50;-3;0,50;-2,20;97,90;118,10;-0,10;9,50;99,50;0,40;0,80;
2026-06-01 02:15:00.0;OFF;ON;50;0,50;-3;0,50;-2,20;97,80;118,10;0;9,50;99,60;0,40;0,80;
2026-06-01 02:16:00.0;OFF;ON;50;0,60;-3;0,50;-2,20;97,90;118,10;0,10;9,50;99,80;0,40;0,80;
2026-06-01 02:17:00.0;OFF;ON;50;0,50;-3;0,50;-2,20;97,90;118,10;-0,10;9,50;99,60;0,40;0,80;
2026-06-01 02:18:00.0;OFF;ON;50;0,60;-3;0,50;-2,20;97,90;118,10;-0,10;9,50;100;0,40;0,80;
2026-06-01 02:19:00.0;OFF;ON;50;0,70;-3;0,50;-2,20;97,80;118,10;-0,10;9,50;100;0,40;0,80;
2026-06-01 02:20:00.0;OFF;ON;50;0,50;-3;0,50;-2,20;97,90;118,10;0;9,50;99,50;0,40;0,80;
2026-06-01 02:21:00.0;OFF;ON;50;0,60;-3;0,50;-2,20;97,80;118,10;-0,10;9,50;99,60;0,40;0,80;
2026-06-01 02:22:00.0;OFF;ON;50;0,60;-3;0,50;-2,20;97,90;118,10;-0,10;9,50;99,70;0,40;0,80;
2026-06-01 02:23:00.0;OFF;ON;50;0,60;-3;0,50;-2,20;97,80;118,10;0;9,50;99,60;0,40;0,80;
2026-06-01 02:24:00.0;OFF;ON;50;0,60;-3;0,50;-2,20;97,80;118,10;-0,10;9,50;100;0,40;0,80;
2026-06-01 02:25:00.0;OFF;ON;50;0,60;-3;0,50;-2,20;97,80;118,10;-0,10;9,50;100;0,40;0,80;
2026-06-01 02:26:00.0;OFF;ON;50;0,70;-3;0,50;-2,20;97,80;118,10;0;9,50;100;0,40;0,80;
2026-06-01 02:27:00.0;OFF;ON;50;0,50;-3;0,50;-2,20;97,80;118,10;-0,20;9,50;99,60;0,40;0,80;
2026-06-01 02:28:00.0;OFF;ON;50;0,50;-3;0,50;-2,20;97,80;118,10;0;9,50;99,70;0,40;0,80;
2026-06-01 02:29:00.0;OFF;ON;50;0,60;-3;0,50;-2,20;97,80;118,10;-0,10;9,50;99,60;0,40;0,80;
2026-06-01 02:30:00.0;OFF;ON;50;0,60;-3;0,50;-2,20;97,80;118,10;-0,10;9,50;100;0,40;0,80;
2026-06-01 02:31:00.0;OFF;ON;50;0,60;-3;0,50;-2,20;97,80;118,10;0;9,50;100;0,40;0,80;
2026-06-01 02:32:00.0;OFF;ON;50;0,60;-3;0,50;-2,20;97,80;118,10;-0,10;9,50;100;0,40;0,80;
2026-06-01 02:33:00.0;OFF;ON;50;0,70;-3;0,50;-2,20;97,80;118,10;-0,10;9,50;100;0,40;0,80;
2026-06-01 02:34:00.0;OFF;ON;50;0,50;-2,90;0,60;-2,20;97,80;118,10;0;9,50;99,50;0,40;0,80;
2026-06-01 02:35:00.0;OFF;ON;50;0,70;-2,90;0,60;-2,20;97,80;118,10;0;9,50;100;0,40;0,80;
2026-06-01 02:36:00.0;OFF;ON;50;0,50;-2,90;0,60;-2,20;97,80;118,10;0;9,50;99,60;0,40;0,80;
2026-06-01 02:37:00.0;OFF;ON;50;0,60;-2,90;0,60;-2,20;97,80;118,10;0;9,50;99,70;0,40;0,80;
2026-06-01 02:38:00.0;OFF;ON;50;0,70;-2,90;0,60;-2,20;97,80;118,10;0;9,50;100;0,40;0,80;
2026-06-01 02:39:00.0;OFF;ON;50;0,60;-2,90;0,60;-2,20;97,80;118,10;0;9,50;100;0,40;0,80;
2026-06-01 02:40:00.0;OFF;ON;50;0,50;-3;0,50;-2,20;97,80;118,10;0;9,50;99,60;0,40;0,80;
2026-06-01 02:41:00.0;OFF;ON;50;0,60;-3;0,50;-2,20;97,80;118,10;0,10;9,50;100;0,40;0,80;
2026-06-01 02:42:00.0;OFF;ON;50;0,50;-3;0,50;-2,20;97,70;118,10;0;9,50;99,60;0,40;0,80;
2026-06-01 02:43:00.0;OFF;ON;50;0,60;-3;0,50;-2,20;97,80;118,10;0,10;9,50;100;0,40;0,80;
2026-06-01 02:44:00.0;OFF;ON;50;0,70;-2,90;0,60;-2,20;97,80;118;0;9,50;100;0,40;0,80;
2026-06-01 02:45:00.0;OFF;ON;50;0,60;-2,90;0,60;-2,20;97,80;118;-0,10;9,50;99,50;0,40;0,80;
2026-06-01 02:46:00.0;OFF;ON;50;0,70;-2,90;0,60;-2,20;97,80;118;0;9,50;100;0,40;0,80;
2026-06-01 02:47:00.0;OFF;ON;50;0,70;-2,90;0,60;-2,20;97,80;118;-0,10;9,50;100;0,50;0,90;
2026-06-01 02:48:00.0;OFF;ON;50;0,70;-2,80;0,70;-2,20;97,80;118;-0,10;9,50;100;0,50;0,90;
2026-06-01 02:49:00.0;OFF;ON;50;0,70;-2,80;0,70;-2,20;97,80;1,10;0,10;9,50;100;0,50;0,90;
2026-06-01 02:50:00.0;OFF;ON;50;0,90;-2,80;0,70;-2,10;97,90;0;0;9,50;100;0,50;0,90;
2026-06-01 02:51:00.0;OFF;ON;50;0,70;-2,80;0,70;-2,20;97,90;0;0;9,50;100;0,50;0,90;
2026-06-01 02:52:00.0;OFF;ON;50;0,70;-2,80;0,70;-2,30;97,90;0;0;9,50;99,70;0,50;0,90;
2026-06-01 02:53:00.0;OFF;ON;50;0,70;-2,80;0,70;-2,30;97,90;0;0;9,50;99,60;0,50;0,90;
2026-06-01 02:54:00.0;OFF;ON;50;0,70;-2,80;0,70;-2,30;97,90;0;0;9,50;100;0,50;0,90;
2026-06-01 02:55:00.0;OFF;ON;50;0,80;-2,80;0,70;-2,30;97,90;40,80;0,10;9,50;100;0,50;0,90;
2026-06-01 02:56:00.0;OFF;ON;50;0,60;-2,80;0,70;-2,10;97,90;73,50;-0,10;9,50;99,70;0,50;0,90;
2026-06-01 02:57:00.0;OFF;ON;50;0,70;-2,80;0,70;-2,30;97,90;73,50;0,10;9,50;99,80;0,50;0,90;
2026-06-01 02:58:00.0;OFF;ON;50;0,80;-2,80;0,70;-2,30;97,90;73,80;0;9,50;99,60;0,50;0,90;
2026-06-01 02:59:00.0;OFF;ON;50;0,70;-2,80;0,70;-2,40;97,90;73,70;0;9,50;100;0,50;0,90;
2026-06-01 03:00:00.0;OFF;ON;50;0,60;-2,80;0,70;-2,40;97,90;73,80;0;9,50;99,50;0,50;0,90;
2026-06-01 03:01:00.0;OFF;ON;50;0,80;-2,80;0,70;-2,40;97,90;73,90;0,10;9,50;100;0,50;0,90;
2026-06-01 03:02:00.0;OFF;ON;50;0,80;-2,80;0,70;-2,40;97,90;73,70;0;9,50;99,60;0,50;0,90;
2026-06-01 03:03:00.0;OFF;ON;50;0,90;-2,70;0,80;-2,40;97,90;73,70;-0,10;9,50;100;0,50;0,90;
2026-06-01 03:04:00.0;OFF;ON;50;0,80;-2,70;0,80;-2,40;97,90;73,70;-0,10;9,50;100;0,50;0,90;
2026-06-01 03:05:00.0;OFF;ON;50;0,80;-2,70;0,80;-2,40;97,90;73,80;-0,10;9,50;100;0,50;0,90;
2026-06-01 03:06:00.0;OFF;ON;50;0,80;-2,70;0,80;-2,40;97,90;74;-0,10;9,50;99,80;0,50;0,90;
2026-06-01 03:07:00.0;OFF;ON;50;0,70;-2,80;0,70;-2,40;97,90;74;-0,10;9,50;99,50;0,50;0,90;
2026-06-01 03:08:00.0;OFF;ON;50;0,70;-2,80;0,70;-2,40;97,90;74;-0,10;9,50;100;0,50;0,90;
2026-06-01 03:09:00.0;OFF;ON;50;0,70;-2,80;0,70;-2,40;97,80;74;0;9,50;100;0,50;0,90;
2026-06-01 03:10:00.0;OFF;ON;50;0,60;-2,80;0,70;-2,40;97,80;73,90;0,10;9,50;100;0,50;0,90;
2026-06-01 03:11:00.0;OFF;ON;50;0,70;-2,80;0,70;-2,40;97,80;73,90;0,10;9,50;100;0,50;0,90;
2026-06-01 03:12:00.0;OFF;ON;50;0,60;-2,80;0,70;-2,40;97,80;73,90;0,10;9,50;99,70;0,50;0,90;
2026-06-01 03:13:00.0;OFF;ON;50;0,50;-2,80;0,70;-2,40;97,80;73,90;0,10;9,50;99,70;0,50;0,90;
2026-06-01 03:14:00.0;OFF;ON;50;0,60;-2,90;0,60;-2,40;97,80;73,90;0;9,50;100;0,50;0,90;
2026-06-01 03:15:00.0;OFF;ON;50;0,50;-2,90;0,60;-2,40;97,80;73,80;0,10;9,50;99,50;0,50;0,80;
2026-06-01 03:16:00.0;OFF;ON;50;0,60;-2,90;0,60;-2,40;97,70;73,90;0;9,50;100;0,50;0,80;
2026-06-01 03:17:00.0;OFF;ON;50;0,50;-2,90;0,60;-2,40;97,70;73,90;0,10;9,50;99,60;0,50;0,80;
2026-06-01 03:18:00.0;OFF;ON;50;0,50;-2,90;0,60;-2,40;97,70;73,90;0,10;9,50;100;0,50;0,80;
2026-06-01 03:19:00.0;OFF;ON;50;0,50;-2,90;0,60;-2,40;97,60;73,80;0,10;9,50;99,60;0,50;0,80;
2026-06-01 03:20:00.0;OFF;ON;50;0,50;-2,90;0,60;-2,40;97,60;73,80;0,10;9,50;99,50;0,40;0,80;
2026-06-01 03:21:00.0;OFF;ON;50;0,60;-2,90;0,60;-2,40;97,60;73,80;0,10;9,50;100;0,40;0,80;
2026-06-01 03:22:00.0;OFF;ON;50;0,50;-2,90;0,60;-2,40;97,60;73,80;0,10;9,50;99,70;0,40;0,80;
2026-06-01 03:23:00.0;OFF;ON;50;0,50;-2,90;0,60;-2,40;97,60;73,80;0,10;9,50;99,80;0,40;0,80;
2026-06-01 03:24:00.0;OFF;ON;50;0,60;-2,90;0,60;-2,40;97,60;73,80;0,10;9,50;100;0,40;0,80;
2026-06-01 03:25:00.0;OFF;ON;50;0,60;-2,80;0,70;-2,40;97,70;73,90;0;9,50;99,60;0,40;0,80;
2026-06-01 03:26:00.0;OFF;ON;50;0,50;-2,80;0,70;-2,40;97,70;74;0,10;9,50;99,70;0,50;0,80;
2026-06-01 03:27:00.0;OFF;ON;50;0,60;-2,80;0,70;-2,40;97,70;74;0,20;9,50;100;0,50;0,80;
2026-06-01 03:28:00.0;OFF;ON;50;0,60;-2,80;0,70;-2,40;97,70;73,90;0,10;9,50;100;0,50;0,80;
2026-06-01 03:29:00.0;OFF;ON;50;0,70;-2,80;0,70;-2,40;97,70;73,60;0,10;9,50;100;0,50;0,80;
2026-06-01 03:30:00.0;OFF;ON;50;0,70;-2,80;0,70;-2,40;97,80;74,20;0;9,50;100;0,50;0,90;
2026-06-01 03:31:00.0;OFF;ON;50;0,70;-2,80;0,70;-2,40;97,80;74,10;0;9,50;100;0,50;0,90;
2026-06-01 03:32:00.0;OFF;ON;50;0,70;-2,80;0,70;-2,40;97,80;74,10;0,10;9,50;100;0,50;0,90;
2026-06-01 03:33:00.0;OFF;ON;50;0,70;-2,80;0,70;-2,40;97,80;74,10;0;9,50;99,80;0,50;0,90;
2026-06-01 03:34:00.0;OFF;ON;50;0,60;-2,90;0,60;-2,40;97,70;74,10;0,10;9,50;99,60;0,50;0,90;
2026-06-01 03:35:00.0;OFF;ON;50;0,60;-2,80;0,70;-2,40;97,80;74,20;0,10;9,50;99,70;0,50;0,80;
2026-06-01 03:36:00.0;OFF;ON;50;0,60;-2,80;0,70;-2,40;97,80;74,20;0,10;9,50;100;0,50;0,80;
2026-06-01 03:37:00.0;OFF;ON;50;0,60;-2,80;0,70;-2,40;97,70;74,20;0,10;9,50;99,70;0,50;0,80;
2026-06-01 03:38:00.0;OFF;ON;50;0,50;-2,90;0,60;-2,40;97,70;74,20;0,20;9,50;99,70;0,50;0,80;
2026-06-01 03:39:00.0;OFF;ON;50;0,50;-2,80;0,70;-2,40;97,70;74,80;0,20;9,50;99,70;0,50;0,80;
2026-06-01 03:40:00.0;OFF;ON;50;0,70;-2,80;0,70;-2,40;97,70;74,90;0;9,50;100;0,50;0,80;
2026-06-01 03:41:00.0;OFF;ON;50;0,60;-2,80;0,70;-2,40;97,70;74,90;0,10;9,50;99,60;0,50;0,80;
2026-06-01 03:42:00.0;OFF;ON;50;0,60;-2,80;0,70;-2,40;97,70;74,90;0,10;9,50;99,60;0,50;0,90;
2026-06-01 03:43:00.0;OFF;ON;50;0,70;-2,80;0,70;-2,40;97,70;74,90;0,10;9,50;100;0,50;0,90;
2026-06-01 03:44:00.0;OFF;ON;50;0,60;-2,80;0,70;-2,40;97,80;75;0;9,50;100;0,50;0,90;
2026-06-01 03:45:00.0;OFF;ON;50;0,60;-2,80;0,70;-2,40;97,80;74,40;0;9,50;100;0,50;0,90;
2026-06-01 03:46:00.0;OFF;ON;50;0,80;-2,80;0,70;-2,40;97,70;74,50;0;9,50;100;0,50;0,90;
2026-06-01 03:47:00.0;OFF;ON;50;0,60;-2,80;0,70;-2,40;97,70;74,70;0,10;9,50;100;0,50;0,90;
2026-06-01 03:48:00.0;OFF;ON;50;0,60;-2,80;0,70;-2,40;97,80;74,60;0,10;9,50;100;0,50;0,90;
2026-06-01 03:49:00.0;OFF;ON;50;0,60;-2,80;0,70;-2,40;97,80;74,60;0,10;9,50;99,60;0,50;0,90;
2026-06-01 03:50:00.0;OFF;ON;50;0,70;-2,80;0,70;-2,40;97,70;74,60;0,10;9,50;99,60;0,50;0,90;
2026-06-01 03:51:00.0;OFF;ON;50;0,60;-2,80;0,70;-2,40;97,80;74,60;0,10;9,50;100;0,50;0,90;
2026-06-01 03:52:00.0;OFF;ON;50;0,60;-2,80;0,70;-2,40;97,70;74,60;0;9,50;100;0,50;0,90;
2026-06-01 03:53:00.0;OFF;ON;50;0,70;-2,80;0,70;-2,40;97,70;74,60;-0,10;9,50;100;0,50;0,90;
2026-06-01 03:54:00.0;OFF;ON;50;0,60;-2,90;0,60;-2,40;97,60;74,60;0;9,50;100;0,50;0,90;
2026-06-01 03:55:00.0;OFF;ON;50;0,60;-2,90;0,60;-2,40;97,50;74,20;0,10;9,50;100;0,50;0,80;
2026-06-01 03:56:00.0;OFF;ON;50;0,60;-2,90;0,60;-2,40;97,50;74,20;0;9,50;100;0,50;0,80;
2026-06-01 03:57:00.0;OFF;ON;50;0,60;-2,80;0,70;-2,40;97,50;74,80;0,10;9,50;100;0,50;0,80;
2026-06-01 03:58:00.0;OFF;ON;50;0,70;-2,80;0,70;-2,30;97,50;74,80;0,10;9,50;100;0,50;0,80;
2026-06-01 03:59:00.0;OFF;ON;50;0,60;-2,80;0,70;-2,40;97,50;74,70;0;9,50;99,60;0,50;0,80;
2026-06-01 04:00:00.0;OFF;ON;50;0,60;-2,80;0,70;-2,30;97,60;74,70;0,10;9,50;100;0,50;0,90;
2026-06-01 04:01:00.0;OFF;ON;50;0,60;-2,80;0,70;-2,30;97,50;74,70;0,10;9,50;99,60;0,50;0,90;
2026-06-01 04:02:00.0;OFF;ON;50;0,70;-2,90;0,60;-2,30;97,50;74,70;0;9,50;100;0,50;0,90;
2026-06-01 04:03:00.0;OFF;ON;50;0,60;-2,90;0,60;-2,30;97,50;74,70;0;9,50;99,70;0,50;0,80;
2026-06-01 04:04:00.0;OFF;ON;50;0,60;-2,90;0,60;-2,30;97,50;74,70;0;9,50;100;0,40;0,80;
2026-06-01 04:05:00.0;OFF;ON;50;0,50;-2,90;0,60;-2,30;97,40;74,70;0,10;9,50;99,70;0,40;0,80;
2026-06-01 04:06:00.0;OFF;ON;50;0,50;-2,90;0,60;-2,30;97,40;74,70;0;9,50;100;0,40;0,80;
2026-06-01 04:07:00.0;OFF;ON;50;0,50;-2,90;0,60;-2,30;97,40;74,70;0;9,50;100;0,40;0,80;
2026-06-01 04:08:00.0;OFF;ON;50;0,50;-2,90;0,60;-2,30;97,30;74,70;0;9,50;99,70;0,40;0,80;
2026-06-01 04:09:00.0;OFF;ON;50;0,70;-3;0,50;-2,40;97,40;74,70;-0,10;9,50;100;0,40;0,80;
2026-06-01 04:10:00.0;OFF;ON;50;0,60;-3;0,50;-2,40;97,30;74,70;0;9,50;100;0,40;0,80;
2026-06-01 04:11:00.0;OFF;ON;50;0,50;-3;0,50;-2,40;97,30;74,70;0;9,50;100;0,40;0,80;
2026-06-01 04:12:00.0;OFF;ON;50;0,50;-3;0,50;-2,40;97,30;74,70;0;9,50;100;0,40;0,80;
2026-06-01 04:13:00.0;OFF;ON;50;0,50;-3;0,50;-2,40;97,30;74,70;0;9,50;100;0,40;0,80;
2026-06-01 04:14:00.0;OFF;ON;50;0,50;-3;0,50;-2,40;97,30;74,70;0;9,50;100;0,40;0,80;
2026-06-01 04:15:00.0;OFF;ON;50;0,50;-3;0,50;-2,40;97,30;74,70;0;9,50;100;0,40;0,80;
2026-06-01 04:16:00.0;OFF;ON;50;0,50;-3;0,50;-2,40;97,20;74,70;0,10;9,50;99,70;0,40;0,80;
2026-06-01 04:17:00.0;OFF;ON;50;0,50;-3;0,50;-2,40;97,20;74,70;0;9,50;100;0,40;0,80;
2026-06-01 04:18:00.0;OFF;ON;50;0,50;-3;0,50;-2,40;97,30;74,70;0,10;9,50;100;0,40;0,80;
2026-06-01 04:19:00.0;OFF;ON;50;0,50;-3;0,50;-2,40;97,20;74,70;0;9,50;100;0,40;0,80;
2026-06-01 04:20:00.0;OFF;ON;50;0,40;-3;0,50;-2,40;97,30;74,70;0,10;9,50;99,70;0,40;0,80;
2026-06-01 04:21:00.0;OFF;ON;50;0,50;-3;0,50;-2,40;97,30;74,70;0;9,50;100;0,40;0,80;
2026-06-01 04:22:00.0;OFF;ON;50;0,50;-3;0,50;-2,40;97,30;74,70;0;9,50;99,60;0,40;0,80;
2026-06-01 04:23:00.0;OFF;ON;50;0,50;-3;0,50;-2,40;97,30;74,70;0;9,50;100;0,40;0,80;
2026-06-01 04:24:00.0;OFF;ON;50;0,60;-2,90;0,60;-2,40;97,30;74,70;0;9,50;100;0,40;0,80;
2026-06-01 04:25:00.0;OFF;ON;50;0,50;-2,90;0,60;-2,40;97,40;74,70;0,10;9,50;99,60;0,40;0,80;
2026-06-01 04:26:00.0;OFF;ON;50;0,60;-2,90;0,60;-2,40;97,30;74,70;0;9,50;100;0,40;0,80;
2026-06-01 04:27:00.0;OFF;ON;50;0,60;-2,90;0,60;-2,40;97,30;74,70;0,10;9,50;100;0,40;0,80;
2026-06-01 04:28:00.0;OFF;ON;50;0,60;-2,90;0,50;-2,40;97,30;74,80;0;9,50;100;0,40;0,80;
2026-06-01 04:29:00.0;OFF;ON;50;0,60;-3;0,50;-2,40;97,30;74,70;-0,10;9,50;100;0,40;0,80;
2026-06-01 04:30:00.0;OFF;ON;50;0,50;-3;0,50;-2,40;97,30;74,70;0;9,50;99,60;0,40;0,80;
2026-06-01 04:31:00.0;OFF;ON;50;0,50;-3;0,50;-2,40;97,30;10,40;0;9,50;99,80;0,40;0,80;
2026-06-01 04:32:00.0;OFF;ON;50;0,60;-2,90;0,60;-2;97,30;0;0,10;9,50;100;0,40;0,80;
2026-06-01 04:33:00.0;OFF;ON;50;0,70;-2,90;0,60;-1,90;97,30;48,10;0;9,50;100;0,40;0,80;
2026-06-01 04:34:00.0;OFF;ON;50;0,50;-2,90;0,60;-1,80;97,40;0;-0,10;9,50;99,50;0,40;0,80;
2026-06-01 04:35:00.0;OFF;ON;50;0,60;-2,80;0,70;-1,70;97,40;0;0;9,50;100;0,40;0,80;
2026-06-01 04:36:00.0;OFF;ON;50;0,70;-2,80;0,70;-1,70;97,50;0;0,10;9,50;99,60;0,50;0,80;
2026-06-01 04:37:00.0;OFF;ON;50;0,70;-2,80;0,70;-1,70;97,50;0;0;9,50;100;0,50;0,80;
2026-06-01 04:38:00.0;OFF;ON;50;0,70;-2,80;0,70;-1,80;97,50;0;0;9,50;100;0,50;0,90;
2026-06-01 04:39:00.0;OFF;ON;50;0,50;-2,80;0,70;-1,80;97,50;0;-0,10;9,50;99,60;0,50;0,90;
2026-06-01 04:40:00.0;OFF;ON;50;0,60;-2,80;0,70;-1,90;97,50;0;0,10;9,50;99,70;0,50;0,90;
2026-06-01 04:41:00.0;OFF;ON;50;0,60;-2,80;0,70;-1,90;97,50;0;0,10;9,50;100;0,50;0,90;
2026-06-01 04:42:00.0;OFF;ON;50;0,70;-2,80;0,70;-1,80;97,50;0;0,10;9,50;99,70;0,50;0,90;
2026-06-01 04:43:00.0;OFF;ON;50;0,60;-2,80;0,70;-2,30;97,50;0;-0,10;9,50;100;0,50;0,90;
2026-06-01 04:44:00.0;OFF;ON;50;0,60;-2,90;0,60;-2,40;97,50;0;0;9,50;100;0,50;0,90;
2026-06-01 04:45:00.0;OFF;ON;50;0,60;-2,90;0,60;-2,40;97,40;0;0;9,50;100;0,40;0,90;
2026-06-01 04:46:00.0;OFF;ON;50;0,60;-2,90;0,60;-2,50;97,40;0;0;9,50;100;0,40;0,80;
2026-06-01 04:47:00.0;OFF;ON;50;0,60;-2,90;0,60;-2,50;97,40;0;0;9,50;99,70;0,40;0,80;
2026-06-01 04:48:00.0;OFF;ON;50;0,60;-2,90;0,60;-2,50;97,30;0;-0,10;9,50;100;0,40;0,80;
2026-06-01 04:49:00.0;OFF;ON;50;0,50;-2,90;0,60;-2,50;97,30;0;0;9,50;100;0,40;0,80;
2026-06-01 04:50:00.0;OFF;ON;50;0,50;-2,90;0,50;-2,50;97,30;0;0;9,50;100;0,40;0,80;
2026-06-01 04:51:00.0;OFF;ON;50;0,60;-3;0,50;-2,50;97,30;0;-0,10;9,50;100;0,40;0,70;
2026-06-01 04:52:00.0;OFF;ON;50;0,60;-3;0,50;-2,20;97,30;0,50;-0,10;9,50;100;0,40;0,70;
2026-06-01 04:53:00.0;OFF;ON;50;0,50;-3;0,60;-1,80;97,30;0;0;9,50;99,70;0,40;0,80;
2026-06-01 04:54:00.0;OFF;ON;50;0,70;-2,90;0,60;-1,90;97,30;0;0;9,50;100;0,40;0,80;
2026-06-01 04:55:00.0;OFF;ON;50;0,60;-2,90;0,60;-2,10;97,30;0;0;9,50;99,50;0,40;0,80;
2026-06-01 04:56:00.0;OFF;ON;50;0,50;-2,90;0,60;-2,40;97,30;0;0;9,50;99,70;0,40;0,80;
2026-06-01 04:57:00.0;OFF;ON;50;0,70;-2,90;0,60;-2,40;97,30;0;-0,10;9,50;100;0,40;0,80;
2026-06-01 04:58:00.0;OFF;ON;50;0,60;-2,90;0,60;-2,50;97,30;0;0,10;9,50;99,60;0,40;0,80;
2026-06-01 04:59:00.0;OFF;ON;50;0,50;-2,90;0,60;-2,50;97,20;0;0;9,50;100;0,40;0,80;
2026-06-01 05:00:00.0;OFF;ON;50;0,50;-3;0,50;-2,50;97,30;0;0,10;9,50;99,70;0,40;0,80;
2026-06-01 05:01:00.0;OFF;ON;50;0,60;-3;0,50;-2,50;97,30;0;0,10;9,50;100;0,40;0,80;
2026-06-01 05:02:00.0;OFF;ON;50;0,20;-3;0,50;-2,50;97,20;0;0,30;9,50;99,60;0,40;0,80;
2026-06-01 05:03:00.0;OFF;ON;50;0,10;-3;0,50;-2,50;97,30;0;0,40;9,50;99,70;0,40;0,70;
2026-06-01 05:04:00.0;OFF;ON;50;-0,40;-3;0,40;-2,30;97,20;0;0,80;9,50;100;0,20;0,50;
2026-06-01 05:05:00.0;OFF;ON;50;-0,70;-3,10;0,30;-2,70;97;0;0,80;9,50;99,70;0,20;0,30;
2026-06-01 05:06:00.0;OFF;ON;50;-0,90;-3,20;0,20;-2,30;96,80;0;1;9,50;100;0;0,10;
2026-06-01 05:07:00.0;OFF;ON;50;-1;-3,40;0,10;-2,40;96,70;0;1,10;9,50;99,60;0;-0,20;
2026-06-01 05:08:00.0;OFF;ON;50;-1,10;-3,50;0;-2,50;96,50;0;1,10;9,50;100;-0,10;-0,30;
2026-06-01 05:09:00.0;OFF;ON;50;-1,50;-3,50;-0,10;-2,70;95,90;0;1,30;9,50;99,30;-0,20;-0,50;
2026-06-01 05:10:00.0;OFF;ON;50;-1,40;-3,60;-0,20;-3,10;95,70;0;1,30;9,50;100;-0,30;-0,60;
2026-06-01 05:11:00.0;OFF;ON;50;-1,60;-3,70;-0,30;-3,40;95,40;0;1,20;9,50;100;-0,40;-0,70;
2026-06-01 05:12:00.0;OFF;ON;50;-1,80;-3,90;-0,40;-3,60;95,10;0;1,40;9,50;100;-0,40;-0,90;
2026-06-01 05:13:00.0;OFF;ON;50;-2,30;-4;-0,50;-3,80;94,50;0;1,70;9,50;99,10;-0,60;-1;
2026-06-01 05:14:00.0;OFF;ON;50;-2,20;-4;-0,60;-4;94,10;0;1,70;9,50;100;-0,60;-1,10;
2026-06-01 05:15:00.0;OFF;ON;50;-2,30;-4;-0,70;-4,10;93,90;0;1,60;9,50;100;-0,70;-1,30;
2026-06-01 05:16:00.0;OFF;ON;50;-2,60;-4;-0,80;-4,10;93,70;0;1,60;9,50;99,70;-0,80;-1,40;
2026-06-01 05:17:00.0;OFF;ON;50;-2,80;-4;-0,80;-3,50;93,60;0;1,80;9,50;99,20;-0,90;-1,50;
2026-06-01 05:18:00.0;OFF;ON;50;-2,80;-4;-0,80;-3,20;93,60;0;2;9,50;99,10;-0,90;-1,60;
2026-06-01 05:19:00.0;OFF;ON;50;-2,60;-4;-0,80;-3,30;93,70;0;1,90;9,50;99,80;-0,90;-0,70;
2026-06-01 05:20:00.0;OFF;ON;50;-2,60;-4;-0,80;-3,80;93,80;0;2,10;9,50;100;-0,80;-0,40;
2026-06-01 05:21:00.0;OFF;ON;50;-2,70;-4;-0,70;-4;94;0;2;9,50;100;-0,70;-0,50;
2026-06-01 05:22:00.0;OFF;ON;50;-2,70;-4;-0,70;-4;94,20;0;2;9,50;99,80;-0,70;-0,70;
2026-06-01 05:23:00.0;OFF;ON;50;-2,80;-4;-0,70;-4;94,40;0;2,10;9,50;99,20;-0,70;-0,90;
2026-06-01 05:24:00.0;OFF;ON;50;-2,70;-4;-0,70;-4,10;94,50;0;2,10;9,50;99,70;-0,60;-1;
2026-06-01 05:25:00.0;OFF;ON;50;-2,80;-4;-0,80;-4,20;94,50;0;2;9,50;99,30;-0,70;-1,20;
2026-06-01 05:26:00.0;OFF;ON;50;-3,10;-4;-0,80;-4,20;94,40;0;2;9,50;98,70;-0,70;-1,20;
2026-06-01 05:27:00.0;OFF;ON;50;-3,40;-4;-0,90;-4,30;94,30;0;2,30;9,50;98,20;-0,80;-1,30;
2026-06-01 05:28:00.0;OFF;ON;50;-3,20;-4;-1;-4,50;93,90;0;2,50;9,50;98,50;-0,90;-1,70;
2026-06-01 05:29:00.0;OFF;ON;50;-3,20;-4;-1,10;-4,60;93,60;0;2,20;9,50;98,80;-1;-1,80;
2026-06-01 05:30:00.0;OFF;ON;50;-3,10;-4;-1,10;-4,60;93,50;0;2;9,50;99,50;-1;-1,90;
2026-06-01 05:31:00.0;OFF;ON;50;-3;-4;-1,20;-4,70;93;0;1,80;9,50;100;-1,10;-2;
2026-06-01 05:32:00.0;OFF;ON;50;-3,60;-4;-1,30;-4,80;92,80;0;2,30;9,50;97,90;-1,20;-2,10;
2026-06-01 05:33:00.0;OFF;ON;50;-3,80;-4;-1,40;-4,80;92,70;0;2,40;9,50;97,40;-1,30;-2,20;
2026-06-01 05:34:00.0;OFF;ON;50;-3,60;-4;-1,50;-4,90;92,50;0;1,90;9,50;98,70;-1,40;-2,30;
2026-06-01 05:35:00.0;OFF;ON;50;-3,60;-4;-1,50;-5;92,40;0;2,10;9,50;98,80;-1,40;-2,40;
2026-06-01 05:36:00.0;OFF;ON;50;-3,70;-4;-1,60;-5,10;92,30;0;2;9,50;98,40;-1,50;-2,40;
2026-06-01 05:37:00.0;OFF;ON;50;-3,60;-4;-1,60;-5,10;92,20;0;2,10;9,50;99,30;-1,60;-2,50;
2026-06-01 05:38:00.0;OFF;ON;50;-3,80;-4;-1,60;-5,10;92,10;0;2,10;9,50;98,80;-1,50;-2,50;
2026-06-01 05:39:00.0;OFF;ON;50;-3,50;-4;-1,70;-5,20;92,10;0;1,80;9,50;100;-1,60;-2,60;
2026-06-01 05:40:00.0;OFF;ON;50;-3,30;-4;-1,80;-5,30;92;0;2,30;9,50;99,50;-1,70;-2,60;
2026-06-01 05:41:00.0;OFF;ON;50;-3,70;-4;-1,80;-5,30;91,90;0;1,50;9,50;98,10;-1,70;-2,60;
2026-06-01 05:42:00.0;OFF;ON;50;-3,70;-4;-1,80;-5,30;92,10;0;1,90;9,50;98,30;-1,70;-2,50;
2026-06-01 05:43:00.0;OFF;ON;50;-3,80;-4;-1,80;-5,30;92,30;0;1,90;9,50;98,60;-1,70;-2,60;
2026-06-01 05:44:00.0;OFF;ON;50;-3,80;-4;-1,80;-5,30;92,40;0;2;9,50;99,10;-1,80;-2,60;
2026-06-01 05:45:00.0;OFF;ON;50;-3,60;-4;-1,80;-5,40;92,40;0;1,70;9,50;100;-1,80;-2,60;
2026-06-01 05:46:00.0;OFF;ON;50;-3,90;-4;-1,90;-5,40;92,40;0;2;9,50;98,80;-1,80;-2,70;
2026-06-01 05:47:00.0;OFF;ON;50;-3,80;-4;-1,90;-5,50;92,40;0;2;9,50;99,40;-1,80;-2,70;
2026-06-01 05:48:00.0;OFF;ON;50;-3,80;-4;-1,90;-5,50;92,40;0;1,90;9,50;99,60;-1,90;-2,70;
2026-06-01 05:49:00.0;OFF;ON;50;-3,80;-4;-2;-5,50;92,40;0;1,90;9,50;99,60;-1,90;-2,80;
2026-06-01 05:50:00.0;OFF;ON;50;-3,80;-4;-2;-5,50;92,40;0;1,80;9,50;99,80;-1,90;-2,80;
2026-06-01 05:51:00.0;OFF;ON;50;-3,80;-4;-2;-5,60;92,40;0;1,80;9,50;99,80;-1,90;-2,80;
2026-06-01 05:52:00.0;OFF;ON;50;-3,80;-4;-2,10;-5,60;92,40;0;1,80;9,50;100;-2;-2,80;
2026-06-01 05:53:00.0;OFF;ON;50;-3,90;-4;-2,10;-5,60;92,40;0;1,80;9,50;99,80;-2;-2,80;
2026-06-01 05:54:00.0;OFF;ON;50;-4,10;-4;-2,10;-5,70;92,40;0;2;9,50;98,90;-2;-2,90;
2026-06-01 05:55:00.0;OFF;ON;50;-4;-4;-2,10;-5,70;92,40;0;1,90;9,50;99,60;-2;-2,90;
2026-06-01 05:56:00.0;OFF;ON;50;-4;-4;-2,10;-5,70;92,50;0;1,80;9,50;99,60;-2,10;-2,90;
2026-06-01 05:57:00.0;OFF;ON;50;-3,90;-4;-2,10;-5,70;92,40;0;1,70;9,50;100;-2,10;-2,90;
2026-06-01 05:58:00.0;OFF;ON;50;-4;-4;-2,20;-5,40;92,40;0;1,80;9,50;99,50;-2,10;-2,90;
2026-06-01 05:59:00.0;OFF;ON;50;-3,90;-4;-2,10;-5,20;92,50;0;1,80;9,50;100;-2,10;-2,90;
2026-06-01 06:00:00.0;OFF;ON;50;-3,90;-4;-2,10;-5;92,80;0;1,80;9,50;99,10;-2,10;-2,90;
2026-06-01 06:01:00.0;OFF;ON;50;-3,80;-4;-2,10;-4,70;93,20;0;1,70;9,50;99,50;-2,10;-2,90;
2026-06-01 06:02:00.0;OFF;ON;50;-3,70;-4;-2,10;-4,50;93,30;0;1,60;9,50;100;-2,10;-2,90;
2026-06-01 06:03:00.0;OFF;ON;50;-3,80;-4;-2,10;-4,60;93,50;0;1,70;9,50;99,20;-2,10;-2,80;
2026-06-01 06:04:00.0;OFF;ON;50;-3,60;-4;-2,10;-4,80;93,50;0;1,70;9,50;100;-2,10;-2,80;
2026-06-01 06:05:00.0;OFF;ON;50;-3,80;-4;-2,10;-4,70;93,60;0;1,60;9,50;99;-2,10;-2,80;
2026-06-01 06:06:00.0;OFF;ON;50;-3,60;-4;-2,10;-4,70;93,70;0;1,70;9,50;99,80;-2,10;-2,80;
2026-06-01 06:07:00.0;OFF;ON;50;-3,80;-4;-2,10;-4,90;93,60;0;1,50;9,50;98,80;-2,10;-2,80;
2026-06-01 06:08:00.0;OFF;ON;50;-3,50;-4;-2,10;-5;93,70;0;1,70;9,50;100;-2,10;-2,80;
2026-06-01 06:09:00.0;OFF;ON;50;-3,60;-4;-2,10;-5,10;93,80;0;1,60;9,50;99,60;-2,10;-2,80;
2026-06-01 06:10:00.0;OFF;ON;50;-3,70;-4;-2,10;-5,30;93,70;0;1,50;9,50;99,10;-2,10;-2,80;
2026-06-01 06:11:00.0;OFF;ON;50;-3,50;-4;-2,10;-5,60;93,50;0;1,60;9,50;100;-2,10;-2,70;
2026-06-01 06:12:00.0;OFF;ON;50;-3,70;-4;-2,20;-5,60;93,50;0;1,40;9,50;99,20;-2,20;-2,80;
2026-06-01 06:13:00.0;OFF;ON;50;-3,60;-4;-2,20;-5,70;93,50;0;1,60;9,50;100;-2,20;-2,80;
2026-06-01 06:14:00.0;OFF;ON;50;-3,80;-4;-2,20;-5,70;93,30;0;1,40;9,50;98,90;-2,20;-2,80;
2026-06-01 06:15:00.0;OFF;ON;50;-3,80;-4;-2,30;-5,80;93,20;0;1,30;9,50;99,20;-2,20;-2,80;
2026-06-01 06:16:00.0;OFF;ON;50;-3,70;-4;-2,30;-5,80;93,20;0;1,50;9,50;99,70;-2,20;-2,80;
2026-06-01 06:17:00.0;OFF;ON;50;-3,70;-4;-2,30;-5,80;93,20;0;1,40;9,50;99,30;-2,20;-2,80;
2026-06-01 06:18:00.0;OFF;ON;50;-3,70;-4;-2,30;-5,80;93,10;0;1,50;9,50;99,50;-2,20;-2,80;
2026-06-01 06:19:00.0;OFF;ON;50;-3,80;-4;-2,30;-5,20;93,30;0;1,40;9,50;99,10;-2,30;-2,80;
2026-06-01 06:20:00.0;OFF;ON;50;-3,60;-4;-2,20;-5;93,40;0;1,50;9,50;100;-2,30;-2,80;
2026-06-01 06:21:00.0;OFF;ON;50;-3,60;-4;-2,20;-4,80;93,60;0;1,50;9,50;99,60;-2,20;-2,80;
2026-06-01 06:22:00.0;OFF;ON;50;-3,60;-4;-2,20;-4,80;93,70;0;1,50;9,50;99,40;-2,20;-2,80;
2026-06-01 06:23:00.0;OFF;ON;50;-3,60;-4;-2,20;-4,90;93,80;0;1,40;9,50;99,20;-2,20;-2,80;
2026-06-01 06:24:00.0;OFF;ON;50;-3,60;-4;-2,20;-4,90;93,90;0;1,50;9,50;99,20;-2,20;-2,70;
2026-06-01 06:25:00.0;OFF;ON;50;-3,50;-4;-2,20;-4,90;94;0;1,40;9,50;99,60;-2,20;-2,70;
2026-06-01 06:26:00.0;OFF;ON;50;-3,50;-4;-2,20;-5,20;94;0;1,30;9,50;99,40;-2,30;-2,70;
2026-06-01 06:27:00.0;OFF;ON;50;-3,20;-4;-2,20;-5,10;94;0;1,30;9,50;97,30;-2,20;-2,70;
2026-06-01 06:28:00.0;OFF;ON;50;-3;-4;-2,20;-5,10;94;0;1,10;9,50;99,10;-2,20;-2,60;
2026-06-01 06:29:00.0;OFF;ON;50;-3,10;-4;-2,10;-5,10;94,20;0;1,20;9,50;98,30;-2,10;-2,50;
2026-06-01 06:30:00.0;OFF;ON;50;-2,80;-4;-2,10;-5,10;94,40;0;1;9,50;98,70;-2,10;-2,40;
2026-06-01 06:31:00.0;OFF;ON;50;-2,50;-4;-2;-5,10;94,60;0;0,60;9,50;100;-2,10;-2,30;
2026-06-01 06:32:00.0;OFF;ON;50;-2,70;-4;-1,90;-5;94,70;0;0,60;9,50;99,80;-2,10;-2,30;
2026-06-01 06:33:00.0;OFF;ON;50;-3;-4;-1,90;-4,60;94,90;0;0,90;9,50;99,30;-2;-2,30;
2026-06-01 06:34:00.0;OFF;ON;50;-3,20;-4;-1,90;-4,80;95;0;1,10;9,50;99,10;-2,10;-2,40;
2026-06-01 06:35:00.0;OFF;ON;50;-3,20;-4;-2;-4,90;94,80;0;1,30;9,50;99,70;-2,10;-2,50;
2026-06-01 06:36:00.0;OFF;ON;50;-3,40;-4;-2,10;-4,90;94,70;0;1,30;9,50;99,20;-2,20;-2,60;
2026-06-01 06:37:00.0;OFF;ON;50;-3,40;-4;-2,10;-4,80;94,60;0;1,40;9,50;99,20;-2,20;-2,70;
2026-06-01 06:38:00.0;OFF;ON;50;-3,30;-4;-2,20;-5,10;94,30;0;1,10;9,50;99,40;-2,30;-2,70;
2026-06-01 06:39:00.0;OFF;ON;50;-3,70;-4;-2,20;-5,40;93,90;0;1,30;9,50;98,20;-2,20;-2,70;
2026-06-01 06:40:00.0;OFF;ON;50;-3,90;-4;-2,30;-5,60;93,70;0;1,40;9,50;97,30;-2,30;-2,70;
2026-06-01 06:41:00.0;OFF;ON;50;-3,50;-4;-2,30;-5,60;93,50;0;1,20;9,50;99,30;-2,30;-2,80;
2026-06-01 06:42:00.0;OFF;ON;50;-3,60;-4;-2,30;-5,50;93,30;0;1,30;9,50;99;-2,30;-2,80;
2026-06-01 06:43:00.0;OFF;ON;50;-3,70;-4;-2,40;-5,80;93,10;0;1,30;9,50;98,80;-2,40;-2,90;
2026-06-01 06:44:00.0;OFF;ON;50;-3,80;-4;-2,40;-5,60;93;0;1,30;9,50;98,30;-2,40;-2,90;
2026-06-01 06:45:00.0;OFF;ON;50;-3,90;-4;-2,40;-5,40;93;0;1,40;9,50;97,60;-2,40;-2,90;
2026-06-01 06:46:00.0;OFF;ON;50;-4;-4;-2,40;-5,50;93;0;1,60;9,50;97,80;-2,40;-2,90;
2026-06-01 06:47:00.0;OFF;ON;50;-3,60;-4;-2,40;-5,50;93,30;0;1,60;9,50;99,80;-2,40;-3;
2026-06-01 06:48:00.0;OFF;ON;50;-3,70;-4;-2,40;-5,40;93,30;0;1,30;9,50;99,20;-2,40;-3;
2026-06-01 06:49:00.0;OFF;ON;50;-3,70;-4;-2,40;-5,60;93,30;0;1,30;9,50;99,20;-2,40;-3;
2026-06-01 06:50:00.0;OFF;ON;50;-4,20;-4;-2,50;-5,80;93;0;1,30;9,50;96,40;-2,50;-3;
2026-06-01 06:51:00.0;OFF;ON;50;-4,50;-4;-2,50;-5,90;92,80;0;1,70;9,50;95,10;-2,50;-3,10;
2026-06-01 06:52:00.0;OFF;ON;50;-4,10;-4;-2,60;-6;92,40;0;1,90;9,50;96,30;-2,60;-3,20;
2026-06-01 06:53:00.0;OFF;ON;50;-4;-4;-2,70;-6,10;92,20;0;1,50;9,50;96,40;-2,60;-3,20;
2026-06-01 06:54:00.0;OFF;ON;50;-3,90;-4;-2,70;-6,20;92;0;1,40;9,50;96,60;-2,60;-3,30;
2026-06-01 06:55:00.0;OFF;ON;50;-4;-4;-2,80;-6,20;91,80;0;1,20;9,50;96,20;-2,70;-3,30;
2026-06-01 06:56:00.0;OFF;ON;50;-4;-4;-2,80;-6,30;91,70;0;1,20;9,50;95;-2,70;-3,30;
2026-06-01 06:57:00.0;OFF;ON;50;-4,20;-4;-2,80;-6,30;91,80;0;1,10;9,50;94,30;-2,70;-3,30;
2026-06-01 06:58:00.0;OFF;ON;50;-4,10;-4;-2,80;-6,30;91,90;0;1,30;9,50;94,10;-2,70;-3,40;
2026-06-01 06:59:00.0;OFF;ON;50;-4,10;-4;-2,90;-6,40;91,90;0;1,30;9,50;93,70;-2,70;-3,40;
2026-06-01 07:00:00.0;OFF;ON;50;-4,10;-4;-2,90;-6,40;91,90;0;1,20;9,50;93,20;-2,70;-3,40;
2026-06-01 07:01:00.0;OFF;ON;50;-4,20;-4;-2,90;-6,40;91,90;0;1,30;9,50;92;-2,70;-3,40;
2026-06-01 07:02:00.0;OFF;ON;50;-4,20;-4;-2,90;-6,40;91,90;0;1,30;9,50;91,40;-2,80;-3,40;
2026-06-01 07:03:00.0;OFF;ON;50;-4,40;-4;-2,90;-6,40;91,90;0;1,60;9,50;89,50;-2,80;-3,50;
2026-06-01 07:04:00.0;OFF;ON;50;-4,70;-4;-3;-6,50;91,90;0;1,50;9,50;87,80;-2,80;-3,50;
2026-06-01 07:05:00.0;OFF;ON;50;-4,60;-4;-3;-6,50;91,90;0;1,80;9,50;87,20;-2,80;-3,50;
2026-06-01 07:06:00.0;OFF;ON;50;-4,60;-4;-3;-6,40;91,90;0;1,60;9,50;87;-2,80;-3,50;
2026-06-01 07:07:00.0;OFF;ON;50;-4,20;-4;-2,90;-6,30;92,30;0;1,30;9,50;88;-2,80;-3,50;
2026-06-01 07:08:00.0;OFF;ON;50;-4,20;-4;-2,90;-6,30;92,70;0;1,20;9,50;87,40;-2,80;-3,50;
2026-06-01 07:09:00.0;OFF;ON;50;-4,10;-4;-2,90;-6,20;92,80;0;1,30;9,50;87,60;-2,80;-3,50;
2026-06-01 07:10:00.0;OFF;ON;50;-4,10;-4;-2,80;-6,10;92,90;0;1,20;9,50;87,10;-2,80;-3,40;
2026-06-01 07:11:00.0;OFF;ON;50;-4;-4;-2,80;-6;92,80;0;1,20;9,50;87,30;-2,80;-3,40;
2026-06-01 07:12:00.0;OFF;ON;50;-4;-4;-2,80;-5,90;92,80;0;1,10;9,50;86,90;-2,80;-3,40;
2026-06-01 07:13:00.0;OFF;ON;50;-4;-4;-2,80;-5,90;92,90;0;1,20;9,50;86,60;-2,80;-3,40;
2026-06-01 07:14:00.0;OFF;ON;50;-4;-4;-2,80;-6;92,80;0;1,20;9,50;85,60;-2,80;-3,40;
2026-06-01 07:15:00.0;OFF;ON;50;-3,90;-4;-2,80;-6,10;92,90;0;1,20;9,50;86;-2,80;-3,30;
2026-06-01 07:16:00.0;OFF;ON;50;-4;-4;-2,80;-6,20;92,80;0;1,10;9,50;85,50;-2,80;-3,30;
2026-06-01 07:17:00.0;OFF;ON;50;-4;-4;-2,80;-6,20;92,80;0;1,10;9,50;85,40;-2,80;-3,30;
2026-06-01 07:18:00.0;OFF;ON;50;-4;-4;-2,90;-6,30;92,40;0;1,20;9,50;84,80;-2,80;-3,30;
2026-06-01 07:19:00.0;OFF;ON;50;-4,10;-4;-2,90;-6,30;92,30;0;1,20;9,50;83,30;-2,80;-3,40;
2026-06-01 07:20:00.0;OFF;ON;50;-4,10;-4;-2,90;-6,20;92,40;0;1,30;9,50;82,80;-2,80;-3,40;
2026-06-01 07:21:00.0;OFF;ON;50;-4,30;-4;-2,80;-6,20;92,50;0;1,30;9,50;81,50;-2,80;-3,40;
2026-06-01 07:22:00.0;OFF;ON;50;-4,30;-4;-2,80;-6,10;92,60;0;1,40;9,50;81,30;-2,80;-3,40;
2026-06-01 07:23:00.0;OFF;ON;50;-4,30;-4;-2,80;-6;92,90;0;1,20;9,50;80,90;-2,80;-3,40;
2026-06-01 07:24:00.0;OFF;ON;50;-4;-4;-2,80;-6;93;0;1,20;9,50;81,90;-2,80;-3,40;
2026-06-01 07:25:00.0;OFF;ON;50;-4;-4;-2,80;-6;93,10;0;1,20;9,50;81,10;-2,80;-3,40;
2026-06-01 07:26:00.0;OFF;ON;50;-4,10;-4;-2,80;-6;93,30;0;1,20;9,50;80,50;-2,90;-3,40;
2026-06-01 07:27:00.0;OFF;ON;50;-4,60;-4;-2,80;-5,90;93,40;0;1,40;9,50;77,70;-2,90;-3,40;
2026-06-01 07:28:00.0;OFF;ON;50;-4,60;-4;-2,80;-5,80;93,30;0;1,80;9,50;77,30;-2,90;-3,40;
2026-06-01 07:29:00.0;OFF;ON;50;-4,60;-4;-2,80;-5,90;93;0;1,70;9,50;76,40;-2,90;-3,50;
2026-06-01 07:30:00.0;OFF;ON;50;-4,50;-4;-2,80;-6;93;0;1,60;9,50;76,80;-2,90;-3,50;
2026-06-01 07:31:00.0;OFF;ON;50;-4,10;-4;-2,80;-5,90;92,80;0;1,30;9,50;77,90;-2,90;-3,50;
2026-06-01 07:32:00.0;OFF;ON;50;-4,10;-4;-2,90;-6;92,80;0;1,20;9,50;77,30;-2,90;-3,50;
2026-06-01 07:33:00.0;OFF;ON;50;-4,40;-4;-2,90;-6,10;92,80;0;1,50;9,50;75,30;-2,90;-3,50;
2026-06-01 07:34:00.0;OFF;ON;50;-4,60;-4;-2,90;-6,20;92,70;0;1,70;9,50;74,40;-2,90;-3,50;
2026-06-01 07:35:00.0;OFF;ON;50;-4,60;-4;-2,90;-6,20;92,70;0;1,70;9,50;73,70;-2,90;-3,50;
2026-06-01 07:36:00.0;OFF;ON;50;-4,50;-4;-2,90;-6,20;92,80;0;1,70;9,50;73,60;-2,90;-3,50;
2026-06-01 07:37:00.0;OFF;ON;50;-4;-4;-2,90;-6,10;92,80;0;1,10;9,50;75,20;-2,90;-3,50;
2026-06-01 07:38:00.0;OFF;ON;50;-4,10;-4;-2,90;-6,10;92,70;0;1,20;9,50;74,80;-2,90;-3,50;
2026-06-01 07:39:00.0;OFF;ON;50;-4,10;-4;-2,90;-6,20;92,40;0;1,10;9,50;74,30;-2,90;-3,50;
2026-06-01 07:40:00.0;OFF;ON;50;-4,30;-4;-3;-6,30;92,10;0;1,10;9,50;72,30;-2,90;-3,50;
2026-06-01 07:41:00.0;OFF;ON;50;-4,70;-4;-3;-6,40;91,90;0;1,40;9,50;69,90;-2,90;-3,50;
2026-06-01 07:42:00.0;OFF;ON;50;-4,20;-4;-3;-6,20;91,90;0;1,20;9,50;71,90;-2,90;-3,50;
2026-06-01 07:43:00.0;OFF;ON;50;-4,30;-4;-2,90;-6,10;92,20;0;1,30;9,50;70,40;-2,90;-3,50;
2026-06-01 07:44:00.0;OFF;ON;50;-4,20;-4;-2,90;-6,20;92,40;0;1,30;9,50;70,30;-2,90;-3,50;
2026-06-01 07:45:00.0;OFF;ON;50;-4,20;-4;-2,90;-6,20;92,50;0;1,30;9,50;69,80;-2,90;-3,50;
2026-06-01 07:46:00.0;OFF;ON;50;-4,30;-4;-2,90;-6,10;92,70;0;1,40;9,50;68,50;-2,90;-3,40;
2026-06-01 07:47:00.0;OFF;ON;50;-4,30;-4;-2,90;-6;92,80;0;1,50;9,50;67,80;-2,90;-3,40;
2026-06-01 07:48:00.0;OFF;ON;50;-3,80;-4;-2,90;-6;92,90;0;1,30;9,50;69,70;-3;-3,40;
2026-06-01 07:49:00.0;OFF;ON;50;-3,60;-4;-2,90;-6,10;92,80;0;0,80;9,50;70,40;-3;-3,50;
2026-06-01 07:50:00.0;OFF;ON;50;-3,90;-4;-2,90;-6,10;92,90;0;1,40;9,50;69,40;-3;-3,30;
2026-06-01 07:51:00.0;OFF;ON;50;-3,60;-4;-2,80;-6,10;93;0;0,80;9,50;70,60;-2,90;-3,30;
2026-06-01 07:52:00.0;OFF;ON;50;-3,70;-4;-2,80;-6,10;93;0;0,90;9,50;70,10;-2,90;-3,30;
2026-06-01 07:53:00.0;OFF;ON;50;-3,80;-4;-2,90;-6,20;92,80;0;0,90;9,50;69,90;-2,90;-3,30;
2026-06-01 07:54:00.0;OFF;ON;50;-4,20;-4;-2,90;-6,20;92,60;0;0,90;9,50;68;-2,90;-3,30;
2026-06-01 07:55:00.0;OFF;ON;50;-3,80;-4;-2,90;-6,30;92,40;0;0,80;9,50;70;-2,90;-3,30;
2026-06-01 07:56:00.0;OFF;ON;50;-3,90;-4;-2,90;-6,30;92,40;0;1;9,50;69,40;-2,90;-3,30;
2026-06-01 07:57:00.0;OFF;ON;50;-4,10;-4;-2,90;-6,30;92,20;0;1;9,50;68,70;-2,90;-3,30;
2026-06-01 07:58:00.0;OFF;ON;50;-3;-4;-2,90;-6,30;92,30;0;0,10;9,50;74,60;-2,90;-3,30;
2026-06-01 07:59:00.0;OFF;ON;50;-2,90;-4;-2,90;-6,30;92,30;0;0,10;9,50;76,50;-2,80;-3;
2026-06-01 08:00:00.0;OFF;ON;50;-2,50;-4;-2,80;-6,20;92,70;0;-0,10;9,50;79,90;-2,70;-2,70;
2026-06-01 08:01:00.0;OFF;ON;50;-2,40;-4;-2,60;-6,10;93,50;0;-0,30;9,50;83,40;-2,50;-2,50;
2026-06-01 08:02:00.0;OFF;ON;50;-2,10;-4;-2,40;-5,90;94;0;-0,20;9,50;87,30;-2,40;-2,30;
2026-06-01 08:03:00.0;OFF;ON;50;-2;-4;-2,30;-5,80;94,60;0;-0,30;9,50;89,90;-2,30;-2,10;
2026-06-01 08:04:00.0;OFF;ON;50;-1,70;-4;-2,20;-5,60;95,10;0;-0,30;9,50;95,30;-2,10;-1,90;
2026-06-01 08:05:00.0;OFF;ON;50;-1,60;-4;-2,10;-5,50;95,40;0;-0,40;9,50;98,70;-2,10;-1,80;
2026-06-01 08:06:00.0;OFF;ON;50;-1,50;-4;-1,90;-5,40;95,70;0;-0,40;9,50;99,60;-1,90;-1,60;
2026-06-01 08:07:00.0;OFF;ON;50;-1,30;-4;-1,80;-5,30;96,10;0;-0,50;9,50;99,70;-1,80;-1,50;
2026-06-01 08:08:00.0;OFF;ON;50;-1,10;-4;-1,70;-4,90;96,40;0;-0,60;9,50;100;-1,70;-1,30;
2026-06-01 08:09:00.0;OFF;ON;50;-1;-4;-1,60;-4,80;96,60;0;-0,50;9,50;100;-1,70;-1,20;
2026-06-01 08:10:00.0;OFF;ON;50;-0,90;-4;-1,50;-4,70;96,90;0;-0,60;9,50;99,70;-1,60;-1,10;
2026-06-01 08:11:00.0;OFF;ON;50;-0,70;-4;-1,30;-4,40;97,30;0;-0,60;9,50;100;-1,50;-0,90;
2026-06-01 08:12:00.0;OFF;ON;50;-0,50;-4;-1,20;-4,40;97,50;0;-0,70;9,50;100;-1,40;-0,80;
2026-06-01 08:13:00.0;OFF;ON;50;-0,40;-4;-1,10;-4,20;97,80;0;-0,70;9,50;100;-1,20;-0,70;
2026-06-01 08:14:00.0;OFF;ON;50;-0,30;-4;-1;-4;97,90;0;-0,70;9,50;99,70;-1,20;-0,60;
2026-06-01 08:15:00.0;OFF;ON;50;-0,20;-4;-0,90;-4;98,10;0;-0,70;9,50;99,70;-1,10;-0,50;
2026-06-01 08:16:00.0;OFF;ON;50;-0,10;-4;-0,80;-3,80;98,10;0;-0,80;9,50;100;-1;-0,40;
2026-06-01 08:17:00.0;OFF;ON;50;0;-4;-0,80;-3,70;98,10;0;-0,80;9,50;100;-0,90;-0,30;
2026-06-01 08:18:00.0;OFF;ON;50;0,10;-4;-0,70;-3,40;98,10;0;-0,80;9,50;100;-0,90;-0,20;
2026-06-01 08:19:00.0;OFF;ON;50;0,20;-4;-0,60;-3,40;98,10;0;-0,80;9,50;100;-0,80;-0,10;
2026-06-01 08:20:00.0;OFF;ON;50;0,20;-4;-0,60;-3,50;98,10;0;-0,80;9,50;100;-0,70;0;
2026-06-01 08:21:00.0;OFF;ON;50;0,30;-4;-0,50;-3,50;98,10;0;-0,80;9,50;100;-0,70;0;
2026-06-01 08:22:00.0;OFF;ON;50;0,30;-4;-0,50;-3,50;98,10;0;-0,80;9,50;99,70;-0,60;0,10;
2026-06-01 08:23:00.0;OFF;ON;50;0,40;2,50;-0,40;-3,30;98,10;0;-0,80;9,50;66,20;-0,60;0,10;
2026-06-01 08:24:00.0;OFF;ON;50;0,40;2,60;-0,40;-3,20;98,10;0;-0,90;9,50;63,40;-0,50;0,10;
2026-06-01 08:25:00.0;ON;OFF;50;0,30;2,60;-0,30;-3,10;98,10;0;-0,70;3;59,60;-0,50;0,20;
2026-06-01 08:26:00.0;ON;OFF;50;0,40;0,90;-0,10;-0,10;98,20;0;-0,70;3;61,10;-0,40;0,20;
2026-06-01 08:27:00.0;ON;OFF;50;0,50;2,90;-0,10;-1,70;98,20;0;-0,50;3;54,70;-0,10;0,20;
2026-06-01 08:28:00.0;ON;OFF;50;0,50;3;0;-2,40;98,20;0;-0,40;3;50,30;0,20;0,20;
2026-06-01 08:29:00.0;ON;OFF;50;0,60;3,10;0,10;-2,70;98,20;0;-0,40;3;46,20;0,10;0,20;
2026-06-01 08:30:00.0;ON;OFF;50;0,50;3,10;0,10;-2,40;98,20;0;-0,40;3;42,50;-0,10;0,20;
2026-06-01 08:31:00.0;ON;OFF;50;0,70;3,10;0,20;-2,50;98,20;0;-0,50;3;40;-0,10;0,20;
2026-06-01 08:32:00.0;ON;OFF;50;0,60;3,20;0,20;-1,70;98,20;0;-0,30;3;40;-0,20;0,20;
2026-06-01 08:33:00.0;ON;OFF;50;0,50;3,10;0;-2,30;98,20;0;-0,60;3;40;-0,20;0,20;
2026-06-01 08:34:00.0;ON;OFF;50;0,70;3;0;-2,60;98,20;0;-0,50;3;40;-0,30;0,20;
2026-06-01 08:35:00.0;ON;OFF;50;0,70;2,90;-0,10;-2,80;98,20;0;-0,70;3;40;-0,30;0,20;
2026-06-01 08:36:00.0;ON;OFF;50;0,60;2,90;-0,10;-2,90;98,20;0;-0,80;3;40;-0,20;0,20;
2026-06-01 08:37:00.0;ON;OFF;50;0,60;2,90;-0,10;-3,10;98,20;0;-0,70;3;40;-0,20;0,20;
2026-06-01 08:38:00.0;ON;OFF;50;0,70;2,90;-0,10;-3,20;98,20;0;-0,80;3;40;-0,20;0,20;
2026-06-01 08:39:00.0;ON;OFF;50;0,80;2,90;-0,10;-3,20;98,20;0;-0,70;3;40;-0,20;0,20;
2026-06-01 08:40:00.0;ON;OFF;50;0,80;2,90;-0,10;-3,20;98,20;0;-0,80;3;40;-0,20;0,30;
2026-06-01 08:41:00.0;ON;OFF;50;0,80;2,90;-0,10;-3,20;98,20;0;-0,70;3;40;-0,10;0,30;
2026-06-01 08:42:00.0;ON;OFF;50;0,70;2,90;-0,10;-3,20;98,20;0;-0,90;3;40;-0,10;0,30;
2026-06-01 08:43:00.0;ON;OFF;50;0,70;2,90;-0,10;-3,20;98,20;0;-0,80;3;40;-0,10;0,30;
2026-06-01 08:44:00.0;ON;OFF;50;0,80;2,90;-0,10;-3,20;98,20;0;-0,90;3;40;-0,10;0,30;
2026-06-01 08:45:00.0;ON;OFF;50;0,80;2,90;-0,10;-3,20;98,20;0;-0,90;3;40;-0,10;0,30;
2026-06-01 08:46:00.0;ON;OFF;50;0,90;2,90;0;-3,20;98,20;0;-0,80;3;40;-0,10;0,30;
2026-06-01 08:47:00.0;ON;OFF;50;0,80;3;0;-3,20;98,20;0;-1;3;40;0;0,30;
2026-06-01 08:48:00.0;ON;OFF;50;0,90;3;0;-3,20;98,20;0;-0,90;3;40;0;0,30;
2026-06-01 08:49:00.0;ON;OFF;50;1;3;0;-3,20;98,20;0;-1;3;40;0;0,30;
2026-06-01 08:50:00.0;ON;OFF;50;0,90;3;0;-3,20;98,20;0;-0,90;3;40;0;0,30;
2026-06-01 08:51:00.0;ON;OFF;50;1;3;0;-3,20;98,20;0;-1;3;40;0,10;0,40;
2026-06-01 08:52:00.0;ON;OFF;50;0,90;3;0;-3,20;98,20;0;-1;3;40;0,10;0,40;
2026-06-01 08:53:00.0;ON;OFF;50;0,90;3;0,10;-3,20;98,20;0;-1;3;40;0,10;0,50;
2026-06-01 08:54:00.0;ON;OFF;50;1;3,10;0,10;-3,20;98,20;0;-1;3;40;0,10;0,50;
2026-06-01 08:55:00.0;ON;OFF;50;1;3,10;0,10;-3,10;98,20;0;-0,90;3;40;0,10;0,70;
2026-06-01 08:56:00.0;ON;OFF;50;1,20;3,10;0,10;-3,10;98,20;0;-1,10;3;40;0,20;0,80;
2026-06-01 08:57:00.0;ON;OFF;50;1,10;3,10;0,20;-3,10;98,20;0;-0,90;3;40;0,20;0,90;
2026-06-01 08:58:00.0;ON;OFF;50;1,30;3,20;0,20;-3;98,20;0;-1;3;40;0,30;1;
2026-06-01 08:59:00.0;ON;OFF;50;1,10;3,20;0,20;-3;98,20;0;-0,80;3;40;0,30;1,10;
2026-06-01 09:00:00.0;ON;OFF;50;0,90;3,30;0,30;-2,90;98,20;0;-0,90;3;40;0,30;1,10;
2026-06-01 09:01:00.0;ON;OFF;50;1;3,30;0,30;-2,90;98,20;0;-0,70;3;40;0,40;1;
2026-06-01 09:02:00.0;ON;OFF;50;1,10;3,40;0,60;-2,90;98,20;0;-0,60;3;40;0,90;1,20;
2026-06-01 09:03:00.0;ON;OFF;50;1,30;3,60;0,70;-2,80;98,20;0;-0,60;3;40;1;1,30;
2026-06-01 09:04:00.0;ON;OFF;50;0,90;3,70;0,80;-2,70;98,20;0;-0,10;3;40;1,30;1,40;
2026-06-01 09:05:00.0;ON;OFF;50;0,80;3,90;0,90;-2,70;98,20;0;-0,10;3;40;1,40;1,40;
2026-06-01 09:06:00.0;ON;OFF;50;0,90;3,90;0,90;-2,60;98,20;0;0;3;40;1,40;1,40;
2026-06-01 09:07:00.0;ON;OFF;50;0,90;4;1;-2,60;98,20;0;0,20;3;40;1,60;1,40;
2026-06-01 09:08:00.0;ON;OFF;50;0,70;4;1,10;-2,60;98,20;0;0,10;3;40;1,70;1,50;
2026-06-01 09:09:00.0;ON;OFF;50;0,80;4,10;1,10;-2,60;98,20;0;0,20;3;40;1,70;1,50;
2026-06-01 09:10:00.0;ON;OFF;50;0,80;4,10;1,10;-2,60;98,20;0;0,20;3;40;1,70;1,50;
2026-06-01 09:11:00.0;ON;OFF;50;0,80;4,10;1,20;-2,50;98,20;0;0,40;3;40;1,70;1,50;
2026-06-01 09:12:00.0;ON;OFF;50;0,80;4,20;1,20;-2,50;98,20;0;0,40;3;40;1,80;1,50;
2026-06-01 09:13:00.0;ON;OFF;50;0,70;4,20;1,30;-2,50;98,20;0;0,50;3;40;1,90;1,50;
2026-06-01 09:14:00.0;ON;OFF;50;0,60;4,30;1,30;34,20;98,20;117,60;0,40;3;52,10;1,90;1,50;
2026-06-01 09:15:00.0;ON;OFF;50;0,60;-1,70;1,30;40,80;98,20;118,40;0,60;3;55,40;1,90;1,70;
2026-06-01 09:16:00.0;ON;OFF;50;0,50;-1,60;1,40;42,60;98,20;118,40;0,90;3;57,40;1,90;1,70;
2026-06-01 09:17:00.0;ON;OFF;70;0,50;-1,60;1,40;43,10;98,20;118,40;0,90;3;61,10;1,90;1,70;
2026-06-01 09:18:00.0;ON;OFF;70;0,50;-1,60;1,50;43,50;98,20;118,40;1,10;3;62,70;1,90;1,70;
2026-06-01 09:19:00.0;ON;OFF;70;0,30;-1,50;1,50;43,60;98,20;118,40;1,10;3;64;1,90;1,70;
2026-06-01 09:20:00.0;ON;OFF;70;0,20;-1,40;1,60;43,80;98,20;118,30;1,20;3;66,10;2,10;1,70;
2026-06-01 09:21:00.0;ON;OFF;70;0,30;-1,30;1,70;43,90;98,20;118,30;1,40;3;68,60;1,90;1,60;
2026-06-01 09:22:00.0;ON;OFF;70;0,10;-1,30;1,70;43,90;98,20;118,20;1,50;3;69,80;1,80;1,50;
2026-06-01 09:23:00.0;ON;OFF;70;0,10;-1,30;1,80;44;98,20;118,20;1,60;3;71,40;1,90;1,50;
2026-06-01 09:24:00.0;ON;OFF;70;0,10;-1,20;1,90;44;98,20;118,20;1,70;3;72,50;1,90;1,50;
2026-06-01 09:25:00.0;ON;OFF;70;0,10;-1,10;1,90;44,10;98,20;118,20;1,90;3;73,20;2;1,50;
2026-06-01 09:26:00.0;ON;OFF;70;-0,10;-1;2;44,10;98,20;118,10;2,10;3;73,90;2,10;1,50;
2026-06-01 09:27:00.0;ON;OFF;70;-0,20;-0,90;2,10;44,10;98,20;118,20;2,20;3;74;2,30;1,50;
2026-06-01 09:28:00.0;ON;OFF;70;-0,20;-0,80;2,30;44,10;98,20;118,20;2,30;3;74,40;2,40;1,60;
2026-06-01 09:29:00.0;ON;OFF;70;-0,20;-0,70;2,30;44,20;98,20;118,20;2,50;3;74,50;2,40;1,60;
2026-06-01 09:30:00.0;ON;OFF;70;-0,30;-0,70;2,20;44,20;98,20;118,10;2,50;3;75,70;2;1,40;
2026-06-01 09:31:00.0;ON;OFF;70;-0,30;-0,80;2,30;44,20;98,20;118,10;2,50;3;76,10;1,90;1,30;
2026-06-01 09:32:00.0;ON;OFF;70;-0,40;-0,70;2,30;44,20;98,20;118,10;2,60;3;75,80;1,90;1,30;
2026-06-01 09:33:00.0;ON;OFF;70;-0,30;-0,60;2,40;44,20;98,20;118;2,80;3;75,90;1,90;1,20;
2026-06-01 09:34:00.0;ON;OFF;70;-0,50;-0,60;2,50;44,20;98,20;118;2,80;3;75,40;2;1,20;
2026-06-01 09:35:00.0;ON;OFF;70;-0,50;-0,40;2,60;44,30;98,20;118;2,90;3;74,80;2;1,20;
2026-06-01 09:36:00.0;ON;OFF;70;-0,50;-0,40;2,70;44,30;98,20;118;3;3;74,20;2,10;1,30;
2026-06-01 09:37:00.0;ON;OFF;70;-0,50;-0,30;2,70;44,30;98,20;118;3,10;3;73,60;2,10;1,30;
2026-06-01 09:38:00.0;ON;OFF;70;-0,40;-0,20;2,80;44,30;98,30;117,90;3,20;3;73,40;2,20;1,30;
2026-06-01 09:39:00.0;ON;OFF;70;-0,40;-0,20;2,80;44,30;98,30;117,90;3,20;3;73;2,20;1,30;
2026-06-01 09:40:00.0;ON;OFF;70;-0,40;-0,10;2,90;44,30;98,30;117,90;3,30;3;71,70;2,20;1,30;
2026-06-01 09:41:00.0;ON;OFF;70;-0,40;0;3;44,30;98,30;117,90;3,50;3;70,90;2,20;1,30;
2026-06-01 09:42:00.0;ON;OFF;70;-0,40;0;3;44,30;98,30;117,90;3,60;3;69,80;2,30;1,30;
2026-06-01 09:43:00.0;ON;OFF;70;-0,40;0,10;3,20;44,30;98,30;117,90;3,60;3;67,90;2,50;1,40;
2026-06-01 09:44:00.0;ON;OFF;70;-0,40;0,30;3,40;44,30;98,30;117,80;3,80;3;66,70;2,70;1,60;
2026-06-01 09:45:00.0;ON;OFF;70;-0,50;0,40;3,40;44,30;98,30;117,80;3,90;3;65,10;2,80;1,60;
2026-06-01 09:46:00.0;ON;OFF;70;-0,20;0,50;3,50;44,40;98,30;117,80;3,70;3;64,50;2,80;1,70;
2026-06-01 09:47:00.0;ON;OFF;70;0;0,60;3,70;44,40;98,30;117,80;3,90;3;63,60;2,80;1,80;
2026-06-01 09:48:00.0;ON;OFF;70;0,10;0,70;3,70;44,40;98,30;117,80;3,60;3;63,30;2,60;1,80;
2026-06-01 09:49:00.0;ON;OFF;70;0,10;0,60;3,60;44,40;98,30;117,80;3,50;3;62,80;2,30;1,70;
2026-06-01 09:50:00.0;ON;OFF;70;0;0,50;3,50;44,40;98,30;117,80;3,60;3;61,80;2,20;1,60;
2026-06-01 09:51:00.0;ON;OFF;70;0;0,40;3,40;44,40;98,30;117,70;3,50;3;61,50;2,20;1,60;
2026-06-01 09:52:00.0;ON;OFF;70;0;0,40;3,40;44,40;98,30;117,70;3,10;3;61,20;2,10;1,50;
2026-06-01 09:53:00.0;ON;OFF;70;0;0,40;3,40;44,40;98,30;117,70;3,40;3;60,70;2,10;1,60;
2026-06-01 09:54:00.0;ON;OFF;70;0;0,40;3,40;44,40;98,30;117,70;3,40;3;60,30;2,10;1,50;
2026-06-01 09:55:00.0;ON;OFF;70;0,10;0,40;3,40;44,40;98,30;117,70;3,30;3;60,30;2,10;1,50;
2026-06-01 09:56:00.0;ON;OFF;70;0,20;0,40;3,30;44,40;98,30;117,60;3,30;3;60,50;2;1,50;
2026-06-01 09:57:00.0;ON;OFF;70;0,20;0,30;3,30;44,40;98,30;117,60;3,20;3;60,60;2;1,60;
2026-06-01 09:58:00.0;ON;OFF;70;0,10;0,30;3,30;44,40;98,30;117,60;3,20;3;59,60;2;1,50;
2026-06-01 09:59:00.0;ON;OFF;70;0,30;0,30;3,30;44,40;98,30;117,60;3,30;3;60,30;2;1,50;
2026-06-01 10:00:00.0;ON;OFF;70;0,10;0,30;3,30;44,40;98,30;117,60;3,20;3;59,60;2;1,50;
2026-06-01 10:01:00.0;ON;OFF;70;0,10;0,30;3,30;44,40;98,30;117,60;3,10;3;59,20;2;1,60;
2026-06-01 10:02:00.0;ON;OFF;70;0,10;0,30;3,30;44,40;98,30;117,60;3,20;3;59,30;2;1,50;
2026-06-01 10:03:00.0;ON;OFF;70;0,30;0,30;3,20;44,40;98,30;117,60;3,20;3;60,40;1,90;1,50;
2026-06-01 10:04:00.0;ON;OFF;70;0,30;0,20;3,20;44,40;98,30;117,60;2,90;3;60,40;1,90;1,50;
2026-06-01 10:05:00.0;ON;OFF;70;0;0,30;3,20;44,40;98,30;117,60;3,10;3;58,40;1,90;1,50;
2026-06-01 10:06:00.0;ON;OFF;70;0,70;0,20;3,20;44,40;98,30;117,60;2,70;3;61,90;1,90;1,50;
2026-06-01 10:07:00.0;ON;OFF;70;0,20;0,20;3,20;44,40;98,30;117,60;3;3;60,30;1,90;1,50;
2026-06-01 10:08:00.0;ON;OFF;70;0,20;0,20;3,20;44,40;98,30;117,50;3;3;59,60;2;1,60;
2026-06-01 10:09:00.0;ON;OFF;70;-0,10;0,20;3,20;44,40;98,30;117,50;3,10;3;58,50;1,90;1,50;
2026-06-01 10:10:00.0;ON;OFF;70;0,10;0,20;3,10;44,40;98,30;117,50;3,20;3;59,40;1,90;1,40;
2026-06-01 10:11:00.0;ON;OFF;70;0;0,10;3,10;44,30;98,30;117,50;3,10;3;59,30;1,90;1,50;
2026-06-01 10:12:00.0;ON;OFF;70;0,10;0,30;3,40;44,30;98,30;117,50;3,30;3;57,90;2,30;1,60;
2026-06-01 10:13:00.0;ON;OFF;70;0,70;0,40;3,40;44,30;98,30;117,50;3;3;60,40;2,50;1,70;
2026-06-01 10:14:00.0;ON;OFF;70;0,40;0,40;3,50;44,30;98,30;117,40;2,80;3;58,50;2,60;2;
2026-06-01 10:15:00.0;ON;OFF;70;0,40;0,60;3,70;44,30;98,30;117,40;3,30;3;57,20;2,90;2,10;
2026-06-01 10:16:00.0;ON;OFF;70;0,60;0,80;3,90;44,30;98,30;117,40;3,30;3;57,20;2,90;2,20;
2026-06-01 10:17:00.0;ON;OFF;70;1;0,90;4;44,30;98,30;117,30;3,20;3;58,70;3,10;2,30;
2026-06-01 10:18:00.0;ON;OFF;70;1,30;1;4,10;44,30;98,30;117,30;2,90;3;59,60;3,20;2,50;
2026-06-01 10:19:00.0;ON;OFF;70;1,70;1,20;4,30;44,30;98,30;117,30;2,80;3;61;3,40;2,80;
2026-06-01 10:20:00.0;ON;OFF;70;1,80;1,40;4,40;44,30;98,30;117,30;2,50;3;61,50;3,40;2,90;
2026-06-01 10:21:00.0;ON;OFF;70;1,40;1,50;4,60;44,20;98,30;117,30;2,60;3;58,70;3,60;3,10;
2026-06-01 10:22:00.0;ON;OFF;70;1,30;1,70;4,70;44,20;98,30;117,20;3,20;3;57,10;3,80;3,10;
2026-06-01 10:23:00.0;ON;OFF;70;1,30;1,80;4,80;44,20;98,30;117,20;3,50;3;56,90;3,90;3,10;
2026-06-01 10:24:00.0;ON;OFF;70;1,70;1,80;4,90;44,20;98,30;117,20;3,30;3;57,40;4,10;3,30;
2026-06-01 10:25:00.0;ON;OFF;70;1,70;1,90;5;44,20;98,30;117,20;3,50;3;56,80;4,20;3,40;
2026-06-01 10:26:00.0;ON;OFF;70;1,70;2;5,10;44,20;98,40;117,20;3,20;3;56;4,40;3,50;
2026-06-01 10:27:00.0;ON;OFF;70;2,50;2,20;5,20;44,20;98,40;117,20;3;3;59;4,60;3,70;
2026-06-01 10:28:00.0;ON;OFF;70;2,10;2,30;5,30;44,10;98,40;117,20;3,20;3;56,20;4,70;3,90;
2026-06-01 10:29:00.0;ON;OFF;70;2,10;2,40;5,50;44,10;98,40;117,20;3,30;3;54,90;4,80;4;
2026-06-01 10:30:00.0;ON;OFF;70;2,20;2,50;5,60;44,10;98,40;117,20;3,30;3;54,40;5;4,10;
2026-06-01 10:31:00.0;ON;OFF;70;2,40;2,60;5,60;44,10;98,40;117,20;3,20;3;55,30;5;4,10;
2026-06-01 10:32:00.0;ON;OFF;70;2,50;2,80;5,90;44,10;98,40;117,20;3,40;3;53,90;5,20;4,40;
2026-06-01 10:33:00.0;ON;OFF;70;2,70;3;6;44;98,40;117,10;3,30;3;53,60;5,20;4,40;
2026-06-01 10:34:00.0;ON;OFF;70;3,20;3,10;6,10;44;98,40;117,10;2,90;3;55,70;5,30;4,50;
2026-06-01 10:35:00.0;ON;OFF;70;3,10;3,20;6,30;44;98,40;117,10;3,10;3;54,10;5,40;4,60;
2026-06-01 10:36:00.0;ON;OFF;70;3;3,40;6,50;44;98,40;117,10;3,30;3;52,40;5,60;4,70;
2026-06-01 10:37:00.0;ON;OFF;70;3,20;3,50;6,60;43,90;98,40;117,10;3,40;3;52,30;5,80;4,80;
2026-06-01 10:38:00.0;ON;OFF;70;3,40;3,60;6,70;43,90;98,40;117,10;3;3;52,20;5,90;5;
2026-06-01 10:39:00.0;ON;OFF;70;3,40;3,80;6,90;43,90;98,40;117,10;3,30;3;51,40;6,10;5,10;
2026-06-01 10:40:00.0;ON;OFF;70;3,70;4;7,10;43,90;98,40;117,10;3,30;3;50,70;6,40;5,20;
2026-06-01 10:41:00.0;ON;OFF;70;4;4,10;7,30;43,80;98,40;117,10;3,20;3;51,40;6,60;5,40;
2026-06-01 10:42:00.0;ON;OFF;70;4,20;4,30;7,40;43,80;98,40;117,10;3,30;3;51;6,60;5,70;
2026-06-01 10:43:00.0;ON;OFF;70;4,10;4,50;7,60;43,80;98,40;117,10;3,30;3;49,40;6,80;5,80;
2026-06-01 10:44:00.0;ON;OFF;70;4,20;4,60;7,70;43,80;98,40;117;3,30;3;49;6,80;5,90;
2026-06-01 10:45:00.0;ON;OFF;70;4,70;---;7,80;43,70;98,40;117;---;3;50,50;6,80;6,10;
2026-06-01 10:46:00.0;ON;OFF;70;---;---;---;---;---;---;---;3;---;---;---;
2026-06-01 10:47:00.0;---;---;---;---;---;---;---;---;---;---;---;---;---;---;
2026-06-01 10:48:00.0;ON;OFF;70;5,20;5,20;8,30;43,60;98,40;117;3;3;49,20;7,60;6,70;
2026-06-01 10:49:00.0;ON;OFF;70;5,10;5,50;8,60;43,60;98,40;117;3,40;3;47,40;7,90;7;
2026-06-01 10:50:00.0;ON;OFF;70;5,30;5,70;8,70;43,60;98,40;116,90;3,40;3;47;8,10;7,20;
2026-06-01 10:51:00.0;ON;OFF;70;6;5,80;8,80;43,60;98,50;117;3,30;3;46,70;8,20;7,20;
2026-06-01 10:52:00.0;ON;OFF;50;5,70;6,30;8,80;43,50;98,50;116,90;2,90;2,50;44,80;8,20;7,10;
2026-06-01 10:53:00.0;ON;OFF;50;6,70;6,40;9;43,50;98,50;116,90;2,60;2,50;48,30;8,40;7,20;
2026-06-01 10:54:00.0;ON;OFF;50;6,90;6,50;9,10;43,40;98,50;116,90;2,30;2,50;48,80;8,70;7,60;
2026-06-01 10:55:00.0;ON;OFF;50;7,10;6,70;9,30;43,40;98,50;117;2,20;2,50;49,20;8,80;7,80;
2026-06-01 10:56:00.0;ON;OFF;50;7,10;7;9,60;43,40;98,50;116,90;2,30;2,50;48,30;9,20;8,10;
2026-06-01 10:57:00.0;ON;OFF;50;7,40;7,10;9,80;43,30;98,50;117;2,30;2,50;48,70;9,50;8,30;
2026-06-01 10:58:00.0;ON;OFF;50;7,70;7,30;9,90;43,30;98,50;117;2,30;2,50;49,90;9,70;8,50;
2026-06-01 10:59:00.0;ON;OFF;50;7,50;7,40;10,10;43,30;98,50;117;2,30;2,50;48,90;9,80;8,70;
2026-06-01 11:00:00.0;ON;OFF;50;7,30;7,60;10,30;43,20;98,50;116,90;2,80;2,50;45,80;10;8,80;
2026-06-01 11:01:00.0;ON;OFF;50;7,30;7,80;10,30;43,20;98,50;117;3,10;2,50;44,80;10;8,80;
2026-06-01 11:02:00.0;ON;OFF;50;7,60;7,80;10,40;43,10;98,50;116,90;3,20;2,50;44,80;10;8,70;
2026-06-01 11:03:00.0;ON;OFF;50;7,80;8;10,50;43,10;98,50;116,90;2,60;2,50;45,70;10;8,90;
2026-06-01 11:04:00.0;ON;OFF;50;8,10;8;10,70;43,10;98,50;116,90;2,60;2,50;45,90;10,20;9,10;
2026-06-01 11:05:00.0;ON;OFF;50;8,50;8,30;10,80;43;98,50;117;2,50;2,50;47,20;10,20;9,20;
2026-06-01 11:06:00.0;ON;OFF;50;8,90;8,30;11;43;98,50;116,90;2,10;2,50;48,80;10,50;9,30;
2026-06-01 11:07:00.0;ON;OFF;50;8,60;8,60;11,30;42,90;98,50;116,90;2,40;2,50;46,10;10,70;9,60;
2026-06-01 11:08:00.0;ON;OFF;50;8,80;8,90;11,50;42,90;98,50;116,90;2,70;2,50;45,80;10,80;9,70;
2026-06-01 11:09:00.0;ON;OFF;50;8,90;9,10;11,60;42,90;98,50;116,90;2,80;2,50;45;11;9,70;
2026-06-01 11:10:00.0;ON;OFF;50;8,70;9,20;11,70;42,80;98,50;117;2,90;2,50;43,50;11,20;9,80;
2026-06-01 11:11:00.0;ON;OFF;50;8,60;9,30;11,80;42,80;98,50;117;3,10;2,50;41,50;11,30;9,90;
2026-06-01 11:12:00.0;ON;OFF;50;8,80;9,40;12;42,70;98,50;117;3,20;2,50;41,30;11,30;9,90;
2026-06-01 11:13:00.0;ON;OFF;50;9;9,50;12;42,70;98,50;116,90;3,20;2,50;40;11,40;9,90;
2026-06-01 11:14:00.0;ON;OFF;50;9,20;9,60;12,20;42,60;98,50;116,90;2,80;2,50;40;11,60;10,10;
2026-06-01 11:15:00.0;ON;OFF;50;9,30;9,70;12,30;42,60;98,50;116,90;2,90;2,50;40;11,70;10,30;
2026-06-01 11:16:00.0;ON;OFF;50;9,90;9,80;12,40;42,50;98,50;116,90;2,80;2,50;40,40;12;10,40;
2026-06-01 11:17:00.0;ON;OFF;50;10;10;12,50;42,50;98,50;116,90;2,50;2,50;40;12,10;10,70;
2026-06-01 11:18:00.0;ON;OFF;50;10,20;10,20;12,70;42,40;98,50;116,90;2,50;2,50;40;12,30;11;
2026-06-01 11:19:00.0;ON;OFF;50;10,20;10,30;12,90;42,40;98,50;116,90;2,70;2,50;40;12,50;11,20;
2026-06-01 11:20:00.0;ON;OFF;50;10,20;10,40;13;42,40;98,50;116,90;2,60;2,50;40;12,60;11,30;
2026-06-01 11:21:00.0;---;---;---;10,40;---;13,10;42,30;98,60;116,80;---;---;40;12,90;11,50;
2026-06-01 11:22:00.0;---;---;---;---;---;---;---;---;---;---;---;---;---;---;
2026-06-01 11:23:00.0;---;---;---;---;---;---;---;---;---;---;---;---;---;---;
2026-06-01 11:24:00.0;ON;OFF;50;11;10,90;13,40;42,20;98,60;116,80;2,40;2,50;40,90;13,30;12;
2026-06-01 11:25:00.0;ON;OFF;50;10,80;11;13,50;42,10;98,60;116,80;2,70;2,50;40;13,40;12,10;
2026-06-01 11:26:00.0;ON;OFF;50;10,60;11,20;13,70;42;98,60;116,80;3,10;2,50;40;13,50;12;
2026-06-01 11:27:00.0;ON;OFF;50;10,30;11,20;13,70;42;98,60;116,80;3,40;2,50;40;13,50;12;
2026-06-01 11:28:00.0;ON;OFF;50;10,60;11,30;13,80;41,90;98,60;116,80;3,20;2,50;40;13,50;11,90;
2026-06-01 11:29:00.0;ON;OFF;50;10,60;11,30;13,80;41,90;98,60;116,80;3,20;2,50;40;13,60;12;
2026-06-01 11:30:00.0;ON;OFF;50;11,10;11,30;13,80;41,80;98,60;116,80;2,70;2,50;40;13,60;12;
2026-06-01 11:31:00.0;ON;OFF;50;11,10;11,30;13,80;41,80;98,60;116,80;2,80;2,50;40;13,50;12,20;
2026-06-01 11:32:00.0;ON;OFF;50;11,10;11,50;14;41,70;98,60;116,80;2,90;2,50;40;13,80;12,30;
2026-06-01 11:33:00.0;ON;OFF;50;11;11,60;14,10;41,70;98,60;116,80;3;2,50;40;13,80;12,30;
2026-06-01 11:34:00.0;ON;OFF;50;10,80;11,60;14,10;41,60;98,60;116,80;3,30;2,50;40;13,90;12,30;
2026-06-01 11:35:00.0;ON;OFF;50;10,90;11,60;14,10;41,60;98,60;116,80;3,30;2,50;40;13,90;12,20;
2026-06-01 11:36:00.0;ON;OFF;50;10,80;11,70;14,20;41,50;98,60;116,80;3,40;2,50;40;14;12,30;
2026-06-01 11:37:00.0;ON;OFF;50;11,40;11,80;14,30;41,40;98,60;116,80;2,90;2,50;40;14,10;12,40;
2026-06-01 11:38:00.0;ON;OFF;50;11,50;11,90;14,40;41,40;98,60;116,80;2,90;2,50;40;14,20;12,60;
2026-06-01 11:39:00.0;ON;OFF;50;11,40;11,90;14,40;41,30;98,60;116,80;3,10;2,50;40;14,20;12,70;
2026-06-01 11:40:00.0;ON;OFF;50;11,40;12;14,50;41,30;98,60;116,80;3,10;2,50;40;14,30;12,70;
2026-06-01 11:41:00.0;ON;OFF;50;11,10;12,10;14,60;41,20;98,60;116,80;3,50;2,50;40;14,30;12,70;
2026-06-01 11:42:00.0;ON;OFF;50;11,30;12,20;14,70;41,20;98,60;116,80;3,40;2,50;40;14,40;12,60;
2026-06-01 11:43:00.0;ON;OFF;50;11,40;12,20;14,70;41,10;98,60;116,80;3,20;2,50;40;14,50;12,70;
2026-06-01 11:44:00.0;ON;OFF;50;11,80;12,30;14,80;41;98,60;116,80;2,90;2,50;40;14,60;12,80;
2026-06-01 11:45:00.0;ON;OFF;50;11,90;12,30;14,80;41;98,60;117,10;2,90;2,50;40;14,70;13;
2026-06-01 11:46:00.0;ON;OFF;50;12;12,40;14,90;40,90;98,60;117,10;3;2,50;40;14,80;13,20;
2026-06-01 11:47:00.0;ON;OFF;50;11,80;12,50;15;40,80;98,60;117,10;3,30;2,50;40;14,90;13,20;
2026-06-01 11:48:00.0;ON;OFF;50;11,50;12,50;15;40,80;98,60;117,10;3,50;2,50;40;14,90;13,20;
2026-06-01 11:49:00.0;ON;OFF;50;11,80;12,60;15,10;40,70;98,60;117;3,30;2,50;40;15;13,20;
2026-06-01 11:50:00.0;ON;OFF;50;11,80;12,60;15,10;40,70;98,60;117;3,30;2,50;40;15,10;13,20;
2026-06-01 11:51:00.0;ON;OFF;50;12,20;12,60;15,10;40,60;98,60;117;2,90;2,50;40;15,30;13,30;
2026-06-01 11:52:00.0;ON;OFF;50;12,40;12,70;15,20;40,50;98,60;117;2,80;2,50;40;15,40;13,50;
2026-06-01 11:53:00.0;ON;OFF;50;12,30;12,90;15,40;40,50;98,60;117;3,10;2,50;40;15,80;13,80;
2026-06-01 11:54:00.0;ON;OFF;50;12,40;13;15,50;40,40;98,60;117;3,10;2,50;40;15,90;13,90;
2026-06-01 11:55:00.0;ON;OFF;50;12;13,10;15,60;40,30;98,60;117;3,60;2,50;40;16,10;14;
2026-06-01 11:56:00.0;ON;OFF;50;12;13,10;15,60;40,30;98,60;117;3,50;2,50;40;16,10;13,90;
2026-06-01 11:57:00.0;ON;OFF;50;12,10;13,10;15,60;40,20;98,70;117;3,50;2,50;40;16,10;13,90;
2026-06-01 11:58:00.0;ON;OFF;50;12;13;15,50;40,10;98,70;116,90;3,50;2,50;40;16,10;13,90;
2026-06-01 11:59:00.0;ON;OFF;50;12;13;15,50;40,10;98,60;117;3,50;2,50;40;16,10;13,90;
2026-06-01 12:00:00.0;ON;OFF;50;12,10;13,10;15,60;40;98,60;116,90;3,40;2,50;40;16,20;13,90;
2026-06-01 12:01:00.0;ON;OFF;50;12;13,10;15,60;39,90;98,60;117;3,60;2,50;40;16,30;13,90;
2026-06-01 12:02:00.0;ON;OFF;50;12,10;13,20;15,70;39,90;98,70;116,90;3,60;2,50;40;16,20;13,90;
2026-06-01 12:03:00.0;ON;OFF;50;12,20;13,10;15,60;39,80;98,70;116,90;3,50;2,50;40;16,20;13,90;
2026-06-01 12:04:00.0;ON;OFF;50;12,10;13,10;15,60;39,80;98,70;116,90;3,50;2,50;40;16,30;14;
2026-06-01 12:05:00.0;ON;OFF;50;12,20;13,10;15,60;39,70;98,70;116,90;3,50;2,50;40;16,30;14;
2026-06-01 12:06:00.0;ON;OFF;50;12,20;13,10;15,60;39,70;98,70;116,90;3,50;2,50;40;16,10;14;
2026-06-01 12:07:00.0;ON;OFF;50;12,10;13,10;15,60;39,60;98,70;116,90;3,50;2,50;40;16,20;14;
2026-06-01 12:08:00.0;ON;OFF;50;12,10;13,10;15,60;39,50;98,70;116,90;3,50;2,50;40;16,20;14;
2026-06-01 12:09:00.0;ON;OFF;50;12,10;13,10;15,60;39,50;98,70;116,90;3,50;2,50;40;16,20;14;
2026-06-01 12:10:00.0;ON;OFF;50;12,20;13,10;15,60;39,40;98,70;116,90;3,40;2,50;40;16,30;14;
2026-06-01 12:11:00.0;ON;OFF;50;12,10;13,10;15,60;39,40;98,70;116,90;3,50;2,50;40;16,20;14;
2026-06-01 12:12:00.0;ON;OFF;50;12,10;13,10;15,60;39,30;98,70;116,90;3,40;2,50;40;16,20;13,90;
2026-06-01 12:13:00.0;ON;OFF;50;12,10;13,10;15,60;39,30;98,70;116,90;3,50;2,50;40;16,10;13,90;
2026-06-01 12:14:00.0;ON;OFF;50;12,10;13,10;15,60;39,20;98,70;116,80;3,50;2,50;40;16,10;13,90;
2026-06-01 12:15:00.0;ON;OFF;50;12,20;13,10;15,60;39,20;98,70;116,80;3,30;2,50;40;16,10;13,90;
2026-06-01 12:16:00.0;ON;OFF;50;12,10;13,10;15,60;39,10;98,70;116,80;3,50;2,50;40;16,10;13,90;
2026-06-01 12:17:00.0;ON;OFF;50;12,20;13,10;15,60;39;98,70;116,80;3,30;2,50;40;16,20;13,90;
2026-06-01 12:18:00.0;ON;OFF;50;12,10;13;15,50;39;98,70;116,80;3,40;2,50;40;16;13,90;
2026-06-01 12:19:00.0;ON;OFF;50;12,10;13;15,50;38,90;98,70;116,80;3,40;2,50;40;16,10;13,90;
2026-06-01 12:20:00.0;ON;OFF;50;12,10;13;15,50;38,90;98,70;116,80;3,40;2,50;40;16;13,90;
2026-06-01 12:21:00.0;ON;OFF;50;12,20;13;15,50;38,80;98,70;116,80;3,30;2,50;40;16,10;13,90;
2026-06-01 12:22:00.0;ON;OFF;50;12,20;13,10;15,60;38,70;98,70;116,80;3,40;2,50;40;16,10;13,90;
2026-06-01 12:23:00.0;OFF;ON;100;12,30;12,50;15,50;38,70;98,70;116,80;3,20;3;40;16;13,90;
2026-06-01 12:24:00.0;OFF;ON;100;12,60;12,70;15,70;38,60;98,70;116,80;3,10;3;40;16;14,70;
2026-06-01 12:25:00.0;OFF;ON;100;13,20;12,80;15,80;38,60;98,70;116,80;2,60;3;42,30;16,20;15,10;
2026-06-01 12:26:00.0;OFF;ON;100;13,40;13;16;38,50;98,70;116,80;2,60;3;43;16,30;15,40;
2026-06-01 12:27:00.0;OFF;ON;100;13,40;13,10;16,10;38,40;98,70;116,80;2,70;3;43;16,40;15,60;
2026-06-01 12:28:00.0;OFF;ON;100;13,40;13,10;16,10;38,40;98,70;116,80;2,70;3;43,40;16,40;15,60;
2026-06-01 12:29:00.0;OFF;ON;100;13,50;13,20;16,20;38,30;98,70;116,80;2,60;3;44,20;16,40;15,70;
2026-06-01 12:30:00.0;OFF;ON;100;13,20;13,20;16,20;38,30;98,70;116,80;3;3;43,20;16,40;15,70;
2026-06-01 12:31:00.0;OFF;ON;100;13,20;13,20;16,20;38,20;98,70;116,80;3;3;43,30;16,40;15,60;
2026-06-01 12:32:00.0;OFF;ON;100;13,20;13,10;16,10;38,10;98,70;116,80;2,90;3;43,70;16,30;15,60;
2026-06-01 12:33:00.0;OFF;ON;100;13,40;13,10;16,10;38,10;98,70;116,80;2,70;3;44,70;16,30;15,60;
2026-06-01 12:34:00.0;OFF;ON;100;13,30;13,10;16,10;38;98,70;116,80;2,80;3;44,40;16,30;15,60;
2026-06-01 12:35:00.0;OFF;ON;100;13,40;13,10;16,10;38;98,70;116,80;2,70;3;45,30;16,30;15,60;
2026-06-01 12:36:00.0;OFF;ON;100;13,20;13,10;16,10;37,90;98,70;116,80;2,90;3;44,80;16,30;15,60;
2026-06-01 12:37:00.0;OFF;ON;100;13,20;13,10;16,10;37,80;98,70;116,80;2,90;3;45,10;16,30;15,60;
2026-06-01 12:38:00.0;OFF;ON;100;13,20;13,10;16,10;37,80;98,70;116,80;2,80;3;45,60;16,30;15,50;
2026-06-01 12:39:00.0;OFF;ON;100;13,30;13,10;16,10;37,70;98,70;116,70;2,70;3;46,50;16,30;15,50;
2026-06-01 12:40:00.0;OFF;ON;100;13,20;13;16;37,70;98,70;116,70;2,90;3;46,10;16,30;15,50;
2026-06-01 12:41:00.0;OFF;ON;100;13,30;13;16;37,60;98,70;116,70;2,80;3;46,90;16,20;15,50;
2026-06-01 12:42:00.0;OFF;ON;100;13,20;13;16;37,50;98,70;116,70;2,80;3;46,80;16,20;15,50;
2026-06-01 12:43:00.0;OFF;ON;100;13,20;13;16;37,50;98,70;116,70;2,80;3;47,10;16,20;15,50;
2026-06-01 12:44:00.0;OFF;ON;100;13,30;13;16;37,40;98,70;116,70;2,70;3;48;16,20;15,40;
2026-06-01 12:45:00.0;OFF;ON;100;13,10;13;16;37,30;98,70;116,70;2,90;3;47,60;16,20;15,40;
2026-06-01 12:46:00.0;OFF;ON;100;13,30;13;16;37,30;98,70;116,70;2,70;3;48,80;16,10;15,40;
2026-06-01 12:47:00.0;OFF;ON;100;13,30;13;16;37,20;98,70;116,70;2,70;3;49,20;16,10;15,40;
2026-06-01 12:48:00.0;OFF;ON;100;13,10;12,90;15,90;37,20;98,70;116,70;2,80;3;49;16,10;15,40;
2026-06-01 12:49:00.0;OFF;ON;100;13,10;12,90;15,90;37,10;98,70;116,70;2,80;3;49,50;16,10;15,30;
2026-06-01 12:50:00.0;OFF;ON;100;13,20;12,90;15,90;37;98,70;116,70;2,70;3;50,20;16;15,30;
2026-06-01 12:51:00.0;OFF;ON;100;13;12,90;15,90;37;98,70;116,70;2,90;3;49,40;16;15,30;
2026-06-01 12:52:00.0;OFF;ON;100;12,90;12,90;15,90;36,90;98,70;116,70;2,90;3;49,60;16;15,30;
2026-06-01 12:53:00.0;OFF;ON;100;13;12,80;15,80;36,90;98,70;116,70;2,80;3;50,60;15,90;15,20;
2026-06-01 12:54:00.0;OFF;ON;100;12,90;12,80;15,80;36,80;98,70;116,70;2,90;3;50,20;15,90;15,20;
2026-06-01 12:55:00.0;OFF;ON;100;12,80;12,80;15,80;36,70;98,70;116,70;3;3;50,20;15,90;15,20;
2026-06-01 12:56:00.0;OFF;ON;100;13;12,70;15,70;36,70;98,70;116,70;2,80;3;50,40;15,90;15,10;
2026-06-01 12:57:00.0;OFF;ON;100;12,70;12,70;15,70;36,60;98,70;116,70;3;3;50,60;15,80;15,10;
2026-06-01 12:58:00.0;OFF;ON;100;12,60;12,60;15,60;36,50;98,70;116,70;3;3;51;15,80;15;
2026-06-01 12:59:00.0;OFF;ON;100;12,70;12,60;15,60;36,50;98,70;116,70;3;3;51;15,70;15;
2026-06-01 13:00:00.0;OFF;ON;100;12,60;12,60;15,60;36,40;98,70;116,70;3;3;51,10;15,70;15;
2026-06-01 13:01:00.0;OFF;ON;100;12,60;12,50;15,50;36,40;98,70;116,70;3;3;51,10;15,60;14,90;
2026-06-01 13:02:00.0;OFF;ON;100;12,50;12,50;15,50;36,30;98,70;116,70;3;3;50,60;15,60;14,90;
2026-06-01 13:03:00.0;OFF;ON;100;12,50;12,50;15,50;36,30;98,70;116,70;3;3;51,30;15,60;14,90;
2026-06-01 13:04:00.0;OFF;ON;100;12,40;12,40;15,40;36,20;98,70;116,70;3;3;50,60;15,50;14,80;
2026-06-01 13:05:00.0;OFF;ON;100;12,50;12,40;15,40;36,10;98,70;116,60;3;3;51,30;15,50;14,80;
2026-06-01 13:06:00.0;OFF;ON;100;12,40;12,40;15,40;36,10;98,70;116,60;3;3;50,60;15,40;14,80;
2026-06-01 13:07:00.0;OFF;ON;100;12,40;12,30;15,30;36;98,70;116,60;3,10;3;50,40;15,40;14,70;
2026-06-01 13:08:00.0;OFF;ON;100;12,30;12,30;15,30;35,90;98,70;116,60;2,70;3;52,60;15,40;14,70;
2026-06-01 13:09:00.0;OFF;ON;100;12,50;12,30;15,30;35,90;98,70;116,60;2,90;3;51,60;15,40;14,70;
2026-06-01 13:10:00.0;OFF;ON;100;12,40;12,30;15,30;35,80;98,70;116,60;2,80;3;52,50;15,40;14,70;
2026-06-01 13:11:00.0;OFF;ON;100;12,50;12,30;15,30;35,70;98,70;116,60;2,80;3;52,80;15,40;14,70;
2026-06-01 13:12:00.0;OFF;ON;100;12,30;12,30;15,30;35,70;98,70;116,60;3,30;3;50,60;15,30;14,70;
2026-06-01 13:13:00.0;OFF;ON;100;12;12,20;15,20;35,60;98,70;116,60;3,10;3;51;15,30;14,70;
2026-06-01 13:14:00.0;OFF;ON;100;11,90;12,20;15,20;35,60;98,70;117,40;3,20;3;50,20;15,20;14,50;
2026-06-01 13:15:00.0;OFF;ON;100;12;12,10;15,10;35,50;98,70;117,40;3,10;3;50,40;15,10;14,40;
2026-06-01 13:16:00.0;OFF;ON;100;11,90;12;15;35,40;98,70;117,40;3,10;3;50,30;15,10;14,40;
2026-06-01 13:17:00.0;OFF;ON;100;11,70;12;15;35,40;98,70;117,30;3,30;3;51,70;15;14,30;
2026-06-01 13:18:00.0;OFF;ON;100;11,80;11,50;15;35,30;98,70;117,30;3,20;3,50;52,80;15;14,30;
2026-06-01 13:19:00.0;OFF;ON;100;11,70;11,40;14,90;35,30;98,70;117,30;3,20;3,50;53,10;15;14,30;
2026-06-01 13:20:00.0;OFF;ON;100;11,60;11,40;14,90;35,20;98,70;117,30;3,30;3,50;53;14,90;14,20;
2026-06-01 13:21:00.0;OFF;ON;100;11,50;11,40;14,90;35,10;98,70;117,30;3,40;3,50;52,70;14,90;14,20;
2026-06-01 13:22:00.0;OFF;ON;100;11,50;11,30;14,80;35,10;98,70;117,30;3,30;3,50;53,50;14,80;14,10;
2026-06-01 13:23:00.0;OFF;ON;100;11,20;11,30;14,80;35;98,70;117,30;3,50;3,50;52,90;14,80;14,10;
2026-06-01 13:24:00.0;OFF;ON;100;11,20;11,20;14,70;35;98,70;117,20;3,50;3,50;52,90;14,80;14;
2026-06-01 13:25:00.0;OFF;ON;100;11,30;11,20;14,70;34,90;98,70;117,20;3,30;3,50;53,40;14,70;14;
2026-06-01 13:26:00.0;OFF;ON;100;11,10;11,20;14,60;34,90;98,70;117,20;3,50;3,50;53,30;14,70;13,90;
2026-06-01 13:27:00.0;OFF;ON;100;11,20;11,10;14,60;34,80;98,70;117,20;3,40;3,50;53,20;14,70;13,90;
2026-06-01 13:28:00.0;OFF;ON;100;11;11,10;14,60;34,80;98,70;117,20;3,50;3,50;52,50;14,60;13,80;
2026-06-01 13:29:00.0;OFF;ON;100;11;11,10;14,50;34,70;98,70;117,20;3,50;3,50;52,60;14,50;13,80;
2026-06-01 13:30:00.0;OFF;ON;100;11;11;14,50;34,70;98,70;117,20;3,50;3,50;52,60;14,50;13,70;
2026-06-01 13:31:00.0;OFF;ON;100;11;11;14,50;34,60;98,70;117,20;3,40;3,50;53,30;14,50;13,70;
2026-06-01 13:32:00.0;OFF;ON;100;10,90;11;14,40;34,60;98,70;117,20;3,50;3,50;52,40;14,50;13,70;
2026-06-01 13:33:00.0;OFF;ON;100;10,90;10,90;14,40;34,50;98,70;117,20;3,50;3,50;52,30;14,40;13,60;
2026-06-01 13:34:00.0;OFF;ON;100;10,70;10,90;14,40;34,50;98,70;117,20;3,60;3,50;52,10;14,40;13,60;
2026-06-01 13:35:00.0;OFF;ON;100;10,80;10,80;14,30;34,40;98,70;117,20;3,50;3,50;52,40;14,30;13,60;
2026-06-01 13:36:00.0;OFF;ON;100;10,80;10,80;14,30;34,40;98,70;117,10;3,50;3,50;52,10;14,30;13,50;
2026-06-01 13:37:00.0;OFF;ON;100;10,60;10,80;14,30;34,30;98,70;117,20;3,60;3,50;51,80;14,30;13,50;
2026-06-01 13:38:00.0;OFF;ON;100;10,80;10,70;14,20;34,30;98,70;117,10;3,50;3,50;52,80;14,30;13,40;
2026-06-01 13:39:00.0;OFF;ON;100;10,80;10,70;14,20;34,20;98,70;117,10;3,50;3,50;52,10;14,20;13,40;
2026-06-01 13:40:00.0;OFF;ON;100;10,70;10,70;14,20;34,20;98,70;117,10;3,50;3,50;51,80;14,20;13,40;
2026-06-01 13:41:00.0;OFF;ON;100;10,50;10,70;14,20;34,10;98,70;117,10;3,60;3,50;51,60;14,20;13,40;
2026-06-01 13:42:00.0;OFF;ON;100;10,60;10,60;14,10;34,10;98,70;117,10;3,50;3,50;51,90;14,10;13,40;
2026-06-01 13:43:00.0;OFF;ON;100;10,60;10,60;14,10;34;98,70;117,10;3,50;3,50;51,80;14,10;13,30;
2026-06-01 13:44:00.0;OFF;ON;100;10,40;10,60;14,10;34;98,70;117,10;3,60;3,50;51,30;14,10;13,30;
2026-06-01 13:45:00.0;OFF;ON;100;10,50;10,60;14,10;33,90;98,70;117,10;3,50;3,50;51,60;14,10;13,30;
2026-06-01 13:46:00.0;OFF;ON;100;10,40;10,50;14;33,90;98,70;117,10;3,70;3,50;51;14;13,20;
2026-06-01 13:47:00.0;OFF;ON;100;10,30;10,50;14;33,80;98,70;117,10;3,60;3,50;51,10;14;13,20;
2026-06-01 13:48:00.0;OFF;ON;100;10,40;10,50;14;33,80;98,70;117,10;3,50;3,50;51,40;14;13,20;
2026-06-01 13:49:00.0;OFF;ON;100;10,40;10,40;13,90;33,70;98,70;117,10;3,50;3,50;51,10;13,90;13,20;
2026-06-01 13:50:00.0;OFF;ON;100;10,30;10,40;13,90;33,70;98,70;117,10;3,60;3,50;51;13,90;13,10;
2026-06-01 13:51:00.0;OFF;ON;100;10,30;10,40;13,90;33,60;98,70;117,10;3,50;3,50;51,10;13,90;13,10;
2026-06-01 13:52:00.0;OFF;ON;100;10,40;10,40;13,80;33,60;98,70;117,10;3,50;3,50;51;13,80;13,10;
2026-06-01 13:53:00.0;OFF;ON;100;10,30;10,30;13,80;33,50;98,70;117,10;3,50;3,50;50,90;13,80;13;
2026-06-01 13:54:00.0;OFF;ON;100;10,30;10,30;13,80;33,50;98,70;117,10;3,50;3,50;50,80;13,80;13;
2026-06-01 13:55:00.0;OFF;ON;100;10,30;10,30;13,80;33,40;98,70;117,10;3,50;3,50;50,80;13,80;13;
2026-06-01 13:56:00.0;OFF;ON;100;10,30;10,30;13,70;33,40;98,70;117,10;3,50;3,50;50,80;13,70;13;
2026-06-01 13:57:00.0;OFF;ON;100;10,10;10,20;13,70;33,30;98,70;117,10;3,60;3,50;50,60;13,70;12,90;
2026-06-01 13:58:00.0;OFF;ON;100;10,20;10,20;13,70;33,30;98,70;117,10;3,50;3,50;51,30;13,70;12,90;
2026-06-01 13:59:00.0;OFF;ON;100;10,10;10,20;13,70;33,30;98,70;117,10;3,60;3,50;50,40;13,70;12,90;
2026-06-01 14:00:00.0;OFF;ON;100;10,10;10,20;13,60;33,20;98,70;117,10;3,50;3,50;51,30;13,60;12,90;
2026-06-01 14:01:00.0;OFF;ON;100;10,10;10,10;13,60;33,20;98,70;117,10;3,50;3,50;50,60;13,60;12,90;
2026-06-01 14:02:00.0;OFF;ON;100;10;10,10;13,60;33,10;98,70;117,10;3,50;3,50;51,10;13,60;12,80;
2026-06-01 14:03:00.0;OFF;ON;100;10,10;10,10;13,60;33,10;98,70;117;3,50;3,50;50,60;13,60;12,80;
2026-06-01 14:04:00.0;OFF;ON;100;10,10;10,10;13,50;33;98,70;117;3,40;3,50;51,10;13,50;12,80;
2026-06-01 14:05:00.0;OFF;ON;100;9,90;10;13,50;33;98,70;117,10;3,60;3,50;50,50;13,50;12,70;
2026-06-01 14:06:00.0;OFF;ON;100;10,10;10;13,50;32,90;98,70;117,10;3,40;3,50;51,30;13,50;12,70;
2026-06-01 14:07:00.0;OFF;ON;100;9,90;10;13,50;32,90;98,70;117,10;3,50;3,50;51,20;13,40;12,70;
2026-06-01 14:08:00.0;OFF;ON;100;10;10;13,50;32,80;98,70;117,10;3,40;3,50;51,20;13,40;12,70;
2026-06-01 14:09:00.0;OFF;ON;100;10;9,90;13,40;32,80;98,70;117,10;3,50;3,50;51,20;13,40;12,60;
2026-06-01 14:10:00.0;OFF;ON;100;10;9,90;13,40;32,70;98,70;117,10;3,40;3,50;51,30;13,40;12,60;
2026-06-01 14:11:00.0;OFF;ON;100;9,80;9,90;13,40;32,70;98,70;117,10;3,50;3,50;51,30;13,40;12,60;
2026-06-01 14:12:00.0;OFF;ON;100;9,80;9,90;13,40;32,60;98,70;117,10;3,50;3,50;51,30;13,30;12,60;
2026-06-01 14:13:00.0;OFF;ON;100;9,80;9,90;13,30;32,60;98,70;117,10;3,50;3,50;51,40;13,30;12,50;
2026-06-01 14:14:00.0;OFF;ON;100;9,80;9,80;13,30;32,50;98,70;117,10;3,50;3,50;51,50;13,30;12,50;
2026-06-01 14:15:00.0;OFF;ON;100;9,90;9,80;13,30;32,50;98,70;117;3,40;3,50;51,60;13,30;12,50;
2026-06-01 14:16:00.0;OFF;ON;100;9,80;9,80;13,30;32,40;98,70;117;3,50;3,50;51,60;13,20;12,50;
2026-06-01 14:17:00.0;OFF;ON;100;9,90;9,80;13,20;32,40;98,70;117;3,40;3,50;52;13,20;12,50;
2026-06-01 14:18:00.0;OFF;ON;100;9,80;9,70;13,20;32,30;98,70;117;3,50;3,50;51,80;13,20;12,40;
2026-06-01 14:19:00.0;OFF;ON;100;9,80;9,70;13,20;32,30;98,70;117;3,50;3,50;51,80;13,20;12,40;
2026-06-01 14:20:00.0;OFF;ON;100;9,70;9,70;13,20;32,20;98,70;117;3,50;3,50;52;13,20;12,40;
2026-06-01 14:21:00.0;OFF;ON;100;9,70;9,70;13,20;32,20;98,70;117;3,50;3,50;51,90;13,10;12,40;
2026-06-01 14:22:00.0;OFF;ON;100;9,80;9,70;13,10;32,10;98,70;117;3,40;3,50;52,40;13,10;12,40;
2026-06-01 14:23:00.0;OFF;ON;100;9,80;9,60;13,10;32,10;98,70;117;3,40;3,50;52,40;13,10;12,30;
2026-06-01 14:24:00.0;OFF;ON;100;9,70;9,60;13,10;32;98,70;117;3,40;3,50;52,60;13;12,30;
2026-06-01 14:25:00.0;OFF;ON;100;9,60;9,60;13,10;32;98,70;117;3,40;3,50;52,20;13;12,30;
2026-06-01 14:26:00.0;OFF;ON;100;9,60;9,60;13;31,90;98,60;117;3,50;3,50;52,50;13;12,30;
2026-06-01 14:27:00.0;OFF;ON;100;9,70;9,50;13;31,90;98,60;117;3,30;3,50;53,20;13;12,20;
2026-06-01 14:28:00.0;OFF;ON;100;9,60;9,50;13;31,90;98,60;117;3,40;3,50;52,90;13;12,20;
2026-06-01 14:29:00.0;OFF;ON;100;9,50;9,50;13;31,80;98,50;117;3,50;3,50;52,90;13;12,20;
2026-06-01 14:30:00.0;OFF;ON;100;9,50;9,50;13;31,80;98,50;117;3,40;3,50;52,90;12,90;12,20;
2026-06-01 14:31:00.0;OFF;ON;100;9,60;9,50;13;31,70;98,50;117;3,30;3,50;53,50;12,90;12,20;
2026-06-01 14:32:00.0;OFF;ON;100;9,60;9,40;12,90;31,70;98,40;117;3,30;3,50;53,70;12,90;12,20;
2026-06-01 14:33:00.0;OFF;ON;100;9,50;9,40;12,90;31,60;98,40;117;3,40;3,50;53,30;12,90;12,10;
2026-06-01 14:34:00.0;OFF;ON;100;9,40;9,40;12,90;31,60;98,40;116,90;3,40;3,50;53,50;12,90;12,10;
2026-06-01 14:35:00.0;OFF;ON;100;9,60;9,40;12,90;31,50;98,30;117;3,30;3,50;54,30;12,80;12,10;
2026-06-01 14:36:00.0;OFF;ON;100;9,30;9,40;12,80;31,50;98,30;116,90;3,50;3,50;53,80;12,80;12,10;
2026-06-01 14:37:00.0;OFF;ON;100;9,40;9,30;12,80;31,40;98,30;116,90;3,50;3,50;53,90;12,80;12;
2026-06-01 14:38:00.0;OFF;ON;100;9,40;9,30;12,80;31,40;98,30;116,90;3,40;3,50;54,30;12,80;12;
2026-06-01 14:39:00.0;OFF;ON;100;9,40;9,30;12,80;31,30;98,30;116,90;3,40;3,50;54,40;12,70;12;
2026-06-01 14:40:00.0;OFF;ON;100;9,40;9,30;12,80;31,30;98,30;116,90;3,40;3,50;54,50;12,70;11,90;
2026-06-01 14:41:00.0;OFF;ON;100;9,30;9,20;12,70;31,20;98,30;116,90;3,50;3,50;53,60;12,70;11,90;
2026-06-01 14:42:00.0;OFF;ON;100;9;9,20;12,70;31,20;98,20;116,90;3,70;3,50;52,90;12,60;11,80;
2026-06-01 14:43:00.0;OFF;ON;100;9,50;9,20;12,60;31,10;98,20;116,90;3,10;3,50;55,50;12,60;11,80;
2026-06-01 14:44:00.0;OFF;ON;100;9,70;9,10;12,60;31,10;98;117;3;3,50;56,80;12,60;11,80;
2026-06-01 14:45:00.0;OFF;ON;100;9,70;9,10;12,70;31;98;116,90;2,90;3,50;57,80;12,60;11,90;
2026-06-01 14:46:00.0;OFF;ON;100;9,70;9,20;12,70;31;98,10;116,90;3,10;3,50;57,90;12,70;12,10;
2026-06-01 14:47:00.0;OFF;ON;100;9,30;9,20;12,70;30,90;98,20;116,90;3,50;3,50;56,70;12,70;12,10;
2026-06-01 14:48:00.0;OFF;ON;100;9,30;9,20;12,70;30,90;98,30;116,90;3,40;3,50;56,70;12,70;12;
2026-06-01 14:49:00.0;OFF;ON;100;8,70;9,20;12,70;30,80;98,30;116,90;4;3,50;54;12,60;12;
2026-06-01 14:50:00.0;OFF;ON;100;8,70;9,20;12,60;30,80;98,30;116,90;3,90;3,50;53,90;12,50;11,80;
2026-06-01 14:51:00.0;OFF;ON;100;8,50;9,10;12,50;30,70;98,10;116,90;4;3,50;52,90;12,50;11,70;
2026-06-01 14:52:00.0;OFF;ON;100;8,40;9;12,40;30,70;98;116,90;4;3,50;52,30;12,40;11,60;
2026-06-01 14:53:00.0;OFF;ON;100;8,40;8,90;12,40;30,70;97,90;116,90;4;3,50;51,80;12,30;11,50;
2026-06-01 14:54:00.0;OFF;ON;100;8,20;8,80;12,30;30,60;97,80;116,90;4,10;3,50;50,60;12,30;11,40;
2026-06-01 14:55:00.0;OFF;ON;100;8,30;8,80;12,30;30,60;97,70;116,90;4;3,50;50,40;12,20;11,30;
2026-06-01 14:56:00.0;OFF;ON;100;8,20;8,70;12,20;30,50;97,50;116,90;4,10;3,50;49,20;12,20;11,30;
2026-06-01 14:57:00.0;OFF;ON;100;8,20;8,70;12,20;30,50;97,50;116,90;4;3,50;49;12,10;11,20;
2026-06-01 14:58:00.0;OFF;ON;100;8,20;8,60;12,10;30,40;97,50;116,90;3,90;3,50;48,50;12,10;11,20;
2026-06-01 14:59:00.0;OFF;ON;100;8,10;8,60;12,10;30,40;97,50;116,90;3,90;3,50;47,80;12;11,10;
2026-06-01 15:00:00.0;OFF;ON;100;8,10;8,60;12;30,30;97,40;116,80;3,90;3,50;47,20;12;11,10;
2026-06-01 15:01:00.0;OFF;ON;100;8,20;8,50;12;30,30;97,50;116,80;3,80;3,50;47,40;12;11,10;
2026-06-01 15:02:00.0;OFF;ON;100;8,10;8;12;30,20;97,40;116,80;3,80;4;49,70;11,90;11,10;
2026-06-01 15:03:00.0;OFF;ON;100;8,10;8;12;30,20;97,50;116,80;3,90;4;50;11,90;11;
2026-06-01 15:04:00.0;OFF;ON;100;8,20;8;11,90;30,10;97,40;116,80;3,70;4;51;11,90;11;
2026-06-01 15:05:00.0;OFF;ON;100;8,10;7,90;11,90;30,10;97,40;116,80;3,80;4;51;11,90;11;
2026-06-01 15:06:00.0;OFF;ON;100;8,10;7,90;11,90;30,10;97,50;116,80;3,80;4;51,20;11,80;11;
2026-06-01 15:07:00.0;OFF;ON;100;8,20;7,90;11,90;30;97,50;116,80;3,70;4;52,30;11,80;11;
2026-06-01 15:08:00.0;OFF;ON;100;8,10;7,90;11,80;30;97,50;116,80;3,70;4;52,50;11,80;10,90;
2026-06-01 15:09:00.0;OFF;ON;100;8;7,80;11,80;29,90;97,50;116,80;3,80;4;52,20;11,80;10,90;
2026-06-01 15:10:00.0;OFF;ON;100;8,10;7,80;11,80;29,90;97,50;116,80;3,70;4;53,20;11,70;10,90;
2026-06-01 15:11:00.0;OFF;ON;100;8,10;7,80;11,80;29,80;97,50;116,80;3,70;4;53,80;11,70;10,80;
2026-06-01 15:12:00.0;OFF;ON;100;8,10;7,70;11,70;29,80;97,50;116,80;3,70;4;54,30;11,60;10,80;
2026-06-01 15:13:00.0;OFF;ON;100;8,10;7,70;11,70;29,80;97,60;116,80;3,60;4;54,90;11,60;10,80;
2026-06-01 15:14:00.0;OFF;ON;100;7,90;7,70;11,70;29,70;97,50;116,80;3,80;4;54,50;11,60;10,80;
2026-06-01 15:15:00.0;OFF;ON;100;8,10;7,70;11,70;29,70;97,50;116,80;3,60;4;55,70;11,60;10,70;
2026-06-01 15:16:00.0;OFF;ON;100;7,90;7,60;11,60;29,70;97,50;116,80;3,80;4;55,30;11,60;10,70;
2026-06-01 15:17:00.0;OFF;ON;100;7,80;7,60;11,60;29,60;97,50;116,80;3,80;4;55,60;11,50;10,70;
2026-06-01 15:18:00.0;OFF;ON;100;7,90;7,60;11,60;29,60;97,50;116,80;3,70;4;56,70;11,50;10,70;
2026-06-01 15:19:00.0;OFF;ON;100;7,90;7,60;11,60;29,50;97,50;116,80;3,70;4;56,80;11,50;10,60;
2026-06-01 15:20:00.0;OFF;ON;100;7,80;7,50;11,50;29,50;97,40;116,80;3,70;4;57,20;11,40;10,60;
2026-06-01 15:21:00.0;OFF;ON;100;7,70;7,50;11,50;29,40;97,60;116,80;3,80;4;56,90;11,40;10,60;
2026-06-01 15:22:00.0;OFF;ON;100;7,60;7,50;11,50;29,40;97,50;116,80;3,80;4;57,20;11,40;10,50;
2026-06-01 15:23:00.0;OFF;ON;100;7,70;7,40;11,40;29,40;97,50;116,80;3,70;4;58;11,40;10,50;
2026-06-01 15:24:00.0;OFF;ON;100;7,50;7,40;11,40;29,30;97,50;116,80;3,90;4;57,50;11,30;10,50;
2026-06-01 15:25:00.0;OFF;ON;100;7,50;7,40;11,40;29,30;97,50;116,80;3,90;4;57,70;11,30;10,40;
2026-06-01 15:26:00.0;OFF;ON;100;7,40;7,40;11,30;29,20;97,50;116,80;4;4;57,80;11,20;10,40;
2026-06-01 15:27:00.0;OFF;ON;100;7,40;7,30;11,30;29,20;97,40;116,80;3,90;4;57,90;11,20;10,40;
2026-06-01 15:28:00.0;OFF;ON;100;7,30;7,30;11,30;29,20;97,40;116,80;4;4;58;11,20;10,30;
2026-06-01 15:29:00.0;OFF;ON;100;7,30;7,30;11,20;29,10;97,40;116,80;3,90;4;58,10;11,10;10,30;
2026-06-01 15:30:00.0;OFF;ON;100;7,40;7,20;11,20;29,10;97,40;116,80;3,90;4;58,70;11,10;10,30;
2026-06-01 15:31:00.0;OFF;ON;100;7,30;7,20;11,20;29,10;97,40;116,70;3,90;4;58,60;11;10,20;
2026-06-01 15:32:00.0;OFF;ON;100;7,30;7,20;11,20;29;97,40;116,70;3,90;4;58,70;11;10,20;
2026-06-01 15:33:00.0;OFF;ON;100;7,10;7,10;11,10;29;97,40;116,70;4,10;4;57,90;11;10,10;
2026-06-01 15:34:00.0;OFF;ON;100;7;7,10;11,10;28,90;97,30;116,70;4,10;4;57,80;11;10,10;
2026-06-01 15:35:00.0;OFF;ON;100;7,20;7,10;11,10;28,90;97,30;116,70;3,90;4;58,60;10,90;10,10;
2026-06-01 15:36:00.0;OFF;ON;100;7,10;7;11;28,90;97,30;116,70;3,90;4;58,60;10,90;10;
2026-06-01 15:37:00.0;OFF;ON;100;7,10;7;11;28,80;97,30;116,70;3,90;4;58,60;10,90;10;
2026-06-01 15:38:00.0;OFF;ON;100;6,90;7;10,90;28,80;97,30;116,70;4;4;57,90;10,80;10;
2026-06-01 15:39:00.0;OFF;ON;100;6,90;6,90;10,90;28,80;97,30;116,70;4;4;57,90;10,80;9,90;
2026-06-01 15:40:00.0;OFF;ON;100;6,80;6,90;10,90;28,70;97,20;116,70;4;4;58,50;10,80;9,90;
2026-06-01 15:41:00.0;OFF;ON;100;6,90;6,90;10,90;28,70;97,20;116,70;4;4;58,50;10,70;9,90;
2026-06-01 15:42:00.0;OFF;ON;100;6,80;6,80;10,80;28,60;97,30;116,70;4,10;4;58;10,70;9,90;
2026-06-01 15:43:00.0;OFF;ON;100;6,70;6,80;10,80;28,60;97,30;116,70;4,10;4;57,80;10,70;9,80;
2026-06-01 15:44:00.0;OFF;ON;100;6,90;6,80;10,80;28,50;97,30;116,70;3,90;4;58,80;10,70;9,80;
2026-06-01 15:45:00.0;OFF;ON;100;6,80;6,70;10,70;28,50;97,20;116,70;3,90;4;58,80;10,60;9,80;
2026-06-01 15:46:00.0;OFF;ON;100;6,70;6,70;10,70;28,50;97,30;116,70;4;4;58,60;10,60;9,80;
2026-06-01 15:47:00.0;OFF;ON;100;6,70;6,70;10,70;28,40;97,30;116,70;4;4;58,70;10,60;9,70;
2026-06-01 15:48:00.0;OFF;ON;100;6,70;6,70;10,60;28,40;97,30;116,70;3,90;4;58,90;10,50;9,70;
2026-06-01 15:49:00.0;OFF;ON;100;6,60;6,60;10,60;28,40;97,30;116,70;4;4;58,80;10,50;9,70;
2026-06-01 15:50:00.0;OFF;ON;100;6,60;6,60;10,60;28,30;97,30;116,70;4;4;58,90;10,50;9,70;
2026-06-01 15:51:00.0;OFF;ON;100;6,60;6,60;10,60;28,30;97,30;116,70;4;4;58,90;10,40;9,60;
2026-06-01 15:52:00.0;OFF;ON;100;6,50;6,60;10,50;28,20;97,30;116,70;4;4;58,90;10,40;9,60;
2026-06-01 15:53:00.0;OFF;ON;100;6,50;6,50;10,50;28,20;97,30;116,70;4;4;59;10,40;9,60;
2026-06-01 15:54:00.0;OFF;ON;100;6,60;6,50;10,50;28,20;97,30;116,70;3,90;4;59,30;10,40;9,60;
2026-06-01 15:55:00.0;OFF;ON;100;6,50;6,50;10,50;28,10;97,30;116,70;3,90;4;59,30;10,30;9,60;
2026-06-01 15:56:00.0;OFF;ON;100;6,40;6,40;10,40;28,10;97,20;116,70;4;4;59,30;10,30;9,50;
2026-06-01 15:57:00.0;OFF;ON;100;6,40;6,40;10,40;28;97,20;116,70;4;4;59,40;10,30;9,50;
2026-06-01 15:58:00.0;OFF;ON;100;6,50;6,40;10,40;28;97,30;116,70;3,80;4;59,80;10,30;9,50;
2026-06-01 15:59:00.0;OFF;ON;100;6,30;6,40;10,30;28;97,30;116,70;4;4;59,60;10,20;9,50;
2026-06-01 16:00:00.0;OFF;ON;100;6,20;6,30;10,30;27,90;97,30;116,70;4,10;4;58,80;10,20;9,50;
2026-06-01 16:01:00.0;OFF;ON;100;6,30;6,30;10,30;27,90;97,20;116,70;4;4;58,90;10,10;9,40;
2026-06-01 16:02:00.0;OFF;ON;100;6,30;6,30;10,30;27,80;97,30;116,70;3,90;4;59,50;10,10;9,40;
2026-06-01 16:03:00.0;OFF;ON;100;6,20;6,20;10,20;27,80;97,20;116,70;4;4;58,70;10,10;9,30;
2026-06-01 16:04:00.0;OFF;ON;100;6,10;6,20;10,20;27,80;97,20;116,70;4,10;4;58,50;10;9,30;
2026-06-01 16:05:00.0;OFF;ON;100;6,20;6,20;10,20;27,70;97,20;116,70;4;4;58,70;10;9,30;
2026-06-01 16:06:00.0;OFF;ON;100;6,20;6,20;10,10;27,70;97,20;116,70;4;4;58,70;10;9,30;
2026-06-01 16:07:00.0;OFF;ON;100;6,10;6,10;10,10;27,60;97,20;116,70;4;4;58,60;10;9,20;
2026-06-01 16:08:00.0;OFF;ON;100;6,10;6,10;10,10;27,60;97,20;116,70;4;4;58,60;9,90;9,20;
2026-06-01 16:09:00.0;OFF;ON;100;6,10;6,10;10,10;27,60;97,20;116,60;4;4;58,50;9,90;9,20;
2026-06-01 16:10:00.0;OFF;ON;100;6,10;6,10;10;27,50;97,20;116,60;4;4;59,10;9,90;9,20;
2026-06-01 16:11:00.0;OFF;ON;100;5,90;6;10;27,50;97,20;116,70;4,10;4;58,20;9,90;9,10;
2026-06-01 16:12:00.0;OFF;ON;100;5,60;6;10;27,40;97,20;116,70;4,40;4;59,30;9,80;9,10;
2026-06-01 16:13:00.0;OFF;ON;100;5,70;5,50;10;27,40;97,30;116,60;4,20;4,50;60,40;9,80;9,10;
2026-06-01 16:14:00.0;OFF;ON;100;5,70;5,40;9,90;27,40;97,20;116,60;4,20;4,50;61,10;9,80;9;
2026-06-01 16:15:00.0;OFF;ON;100;5,70;5,40;9,90;27,30;97,20;116,80;4,20;4,50;61,20;9,80;9;
2026-06-01 16:16:00.0;OFF;ON;100;5,60;5,40;9,90;27,30;97,20;116,80;4,30;4,50;61,20;9,70;8,90;
2026-06-01 16:17:00.0;OFF;ON;100;5,40;5,30;9,80;27,20;97,20;116,80;4,40;4,50;60,80;9,70;8,90;
2026-06-01 16:18:00.0;OFF;ON;100;5,40;5,30;9,80;27,20;97,20;116,80;4,30;4,50;61,30;9,60;8,90;
2026-06-01 16:19:00.0;OFF;ON;100;5,50;5,30;9,80;27,20;97,10;116,80;4,30;4,50;61,90;9,60;8,80;
2026-06-01 16:20:00.0;OFF;ON;100;5,30;5,20;9,70;27,10;97,10;116,80;4,50;4,50;61,40;9,60;8,80;
2026-06-01 16:21:00.0;OFF;ON;100;5,30;5,20;9,70;27,10;97,10;116,80;4,40;4,50;61,50;9,60;8,80;
2026-06-01 16:22:00.0;OFF;ON;100;5,20;5,20;9,70;27;97,10;116,80;4,40;4,50;61,70;9,60;8,70;
2026-06-01 16:23:00.0;OFF;ON;100;5,10;5,10;9,60;27;97,10;116,80;4,50;4,50;61,80;9,50;8,70;
2026-06-01 16:24:00.0;---;---;---;5,20;---;9,60;27;97,10;116,80;4,40;4,50;62,20;9,50;8,70;
2026-06-01 16:25:00.0;---;---;---;---;---;---;---;---;---;---;---;---;---;---;
2026-06-01 16:26:00.0;---;---;---;---;---;---;---;---;---;---;---;---;---;---;
2026-06-01 16:27:00.0;OFF;ON;100;5,10;5;9,50;26,90;97;116,80;4,40;4,50;62,30;9,40;8,50;
2026-06-01 16:28:00.0;OFF;ON;100;4,90;5;9,50;26,80;96,90;116,80;4,50;4,50;62,20;9,40;8,50;
2026-06-01 16:29:00.0;OFF;ON;100;5;4,90;9,40;26,80;97;116,80;4,50;4,50;62,40;9,30;8,50;
2026-06-01 16:30:00.0;OFF;ON;100;4,90;4,90;9,40;26,70;97;116,80;4,50;4,50;62,40;9,30;8,40;
2026-06-01 16:31:00.0;OFF;ON;100;5;4,90;9,40;26,70;97;116,80;4,40;4,50;62,70;9,30;8,40;
2026-06-01 16:32:00.0;OFF;ON;100;5;4,90;9,30;26,70;97;116,80;4,40;4,50;62,80;9,20;8,40;
2026-06-01 16:33:00.0;OFF;ON;100;4,80;4,80;9,30;26,60;97;116,70;4,50;4,50;62;9,20;8,30;
2026-06-01 16:34:00.0;OFF;ON;100;4,90;4,80;9,30;26,60;97;116,70;4,40;4,50;62,60;9,20;8,30;
2026-06-01 16:35:00.0;OFF;ON;100;4,80;4,80;9,20;26,50;97;116,70;4,40;4,50;62,70;9,10;8,30;
2026-06-01 16:36:00.0;OFF;ON;100;4,80;4,70;9,20;26,50;97;116,70;4,40;4,50;62,80;9,10;8,20;
2026-06-01 16:37:00.0;OFF;ON;100;4,70;4,70;9,20;26,50;97;116,70;4,50;4,50;62,60;9,10;8,20;
2026-06-01 16:38:00.0;OFF;ON;100;4,70;4,70;9,20;26,40;96,90;116,70;4,40;4,50;62,70;9;8,10;
2026-06-01 16:39:00.0;OFF;ON;100;4,70;4,60;9,10;26,40;97;116,70;4,40;4,50;62,90;9;8,10;
2026-06-01 16:40:00.0;OFF;ON;100;4,70;4,60;9,10;26,30;97;116,70;4,40;4,50;62,80;9;8,10;
2026-06-01 16:41:00.0;OFF;ON;100;4,70;4,60;9,10;26,30;97;116,70;4,40;4,50;63,20;9;8,10;
2026-06-01 16:42:00.0;OFF;ON;100;4,70;4,60;9,10;26,20;97;116,70;4,40;4,50;63,30;9;8,10;
2026-06-01 16:43:00.0;OFF;ON;100;4,50;4,60;9;26,20;97;116,70;4,50;4,50;63,10;8,90;8;
2026-06-01 16:44:00.0;OFF;ON;100;4,50;4,50;9;26,20;97;116,70;4,50;4,50;63,10;8,90;8;
2026-06-01 16:45:00.0;OFF;ON;100;4,50;4,50;9;26,10;97;116,70;4,50;4,50;63,20;8,90;8;
2026-06-01 16:46:00.0;OFF;ON;100;4,50;4,50;9;26,10;97;116,70;4,40;4,50;63,20;8,90;8;
2026-06-01 16:47:00.0;OFF;ON;100;4,40;4,50;8,90;26;97;116,70;4,50;4,50;63,20;8,90;7,90;
2026-06-01 16:48:00.0;OFF;ON;100;4,40;4,40;8,90;26;97;116,70;4,60;4,50;62,60;8,90;7,90;
2026-06-01 16:49:00.0;OFF;ON;100;4,40;4,40;8,90;26;97;116,70;4,50;4,50;62,60;8,90;7,80;
2026-06-01 16:50:00.0;OFF;ON;100;4,30;4,40;8,90;25,90;96,90;116,70;4,50;4,50;62,50;8,80;7,80;
2026-06-01 16:51:00.0;OFF;ON;100;4,30;4,40;8,80;25,90;96,90;116,70;4,50;4,50;62,50;8,80;7,80;
2026-06-01 16:52:00.0;OFF;ON;100;4,30;4,30;8,80;25,90;96,90;116,70;4,60;4,50;62,40;8,80;7,70;
2026-06-01 16:53:00.0;OFF;ON;100;4,30;4,30;8,80;25,80;96,90;116,70;4,50;4,50;62,50;8,70;7,70;
2026-06-01 16:54:00.0;OFF;ON;100;4,20;4,30;8,80;25,80;96,90;116,70;4,50;4,50;63;8,70;7,70;
2026-06-01 16:55:00.0;OFF;ON;100;4,20;4,20;8,70;25,70;96,90;116,70;4,50;4,50;62,40;8,70;7,60;
2026-06-01 16:56:00.0;OFF;ON;100;4,30;4,20;8,70;25,70;97;116,70;4,50;4,50;63;8,70;7,60;
2026-06-01 16:57:00.0;OFF;ON;100;4,20;4,20;8,70;25,60;96,90;116,70;4,50;4,50;63,10;8,60;7,60;
2026-06-01 16:58:00.0;OFF;ON;100;4,20;4,20;8,60;25,60;96,80;116,70;4,40;4,50;63,10;8,60;7,60;
2026-06-01 16:59:00.0;OFF;ON;100;4,10;4,10;8,60;25,60;96,80;116,70;4,50;4,50;63,10;8,60;7,60;
2026-06-01 17:00:00.0;OFF;ON;100;4,10;4,10;8,60;25,50;96,90;116,70;4,50;4,50;63,10;8,60;7,50;
2026-06-01 17:01:00.0;OFF;ON;100;4,10;4,10;8,60;25,50;96,90;116,70;4,50;4,50;63,20;8,60;7,50;
2026-06-01 17:02:00.0;OFF;ON;100;4;4,10;8,50;25,40;96,90;116,70;4,50;4,50;63,20;8,50;7,50;
2026-06-01 17:03:00.0;OFF;ON;100;4;4;8,50;25,40;96,90;116,70;4,50;4,50;63,30;8,50;7,40;
2026-06-01 17:04:00.0;OFF;ON;100;4,10;4;8,50;25,30;96,90;116,70;4,40;4,50;63,50;8,50;7,40;
2026-06-01 17:05:00.0;OFF;ON;100;4;4;8,50;25,30;96,90;116,70;4,50;4,50;63,50;8,40;7,40;
2026-06-01 17:06:00.0;OFF;ON;100;3,90;4;8,40;25,30;96,90;116,70;4,50;4,50;63;8,40;7,40;
2026-06-01 17:07:00.0;OFF;ON;100;3,90;3,90;8,40;25,20;96,80;116,60;4,50;4,50;63,80;8,40;7,40;
2026-06-01 17:08:00.0;OFF;ON;100;3,90;3,90;8,40;25,20;96,90;116,60;4,50;4,50;63,70;8,30;7,30;
2026-06-01 17:09:00.0;OFF;ON;100;3,90;3,90;8,40;25,10;96,80;116,70;4,40;4,50;63,80;8,30;7,30;
2026-06-01 17:10:00.0;OFF;ON;100;4;3,90;8,30;25,10;96,90;116,60;4,40;4,50;64,10;8,30;7,20;
2026-06-01 17:11:00.0;OFF;ON;100;3,90;3,80;8,30;25,10;96,90;116,60;4,40;4,50;64;8,30;7,20;
2026-06-01 17:12:00.0;OFF;ON;100;3,90;3,80;8,30;25;96,80;116,60;4,40;4,50;64,10;8,30;7,20;
2026-06-01 17:13:00.0;OFF;ON;100;3,80;3,80;8,30;25;96,80;116,60;4,50;4,50;64;8,20;7,20;
2026-06-01 17:14:00.0;OFF;ON;100;3,90;3,80;8,20;25;96,70;116,60;4,40;4,50;64,40;8,20;7,10;
2026-06-01 17:15:00.0;OFF;ON;100;3,80;3,70;8,20;24,90;96,90;116,60;4,40;4,50;64,30;8,20;7,10;
2026-06-01 17:16:00.0;OFF;ON;100;3,70;3,70;8,20;24,90;96,80;116,60;4,50;4,50;64,20;8,20;7,10;
2026-06-01 17:17:00.0;OFF;ON;100;3,80;3,70;8,20;24,90;96,80;116,60;4,40;4,50;64,30;8,20;7,10;
2026-06-01 17:18:00.0;OFF;ON;100;3,70;3,70;8,20;24,80;96,80;116,60;4,50;4,50;64,50;8,10;7,10;
2026-06-01 17:19:00.0;OFF;ON;100;3,60;3,70;8,10;24,80;96,80;116,60;4,50;4,50;63,80;8,10;7,10;
2026-06-01 17:20:00.0;OFF;ON;100;3,70;3,60;8,10;24,80;96,80;116,60;4,50;4,50;63,90;8,10;7;
2026-06-01 17:21:00.0;OFF;ON;100;3,50;3,60;8,10;24,70;96,80;116,60;4,60;4,50;63,80;8,10;7;
2026-06-01 17:22:00.0;OFF;ON;100;3,50;3,60;8;24,70;96,80;116,60;4,50;4,50;63,90;8;7;
2026-06-01 17:23:00.0;OFF;ON;100;3,50;3,50;8;24,60;96,70;116,60;4,50;4,50;63,80;8;6,90;
2026-06-01 17:24:00.0;OFF;ON;100;3,50;3,50;8;24,60;96,70;116,60;4,50;4,50;63,80;7,90;6,90;
2026-06-01 17:25:00.0;OFF;ON;100;3,50;3,50;7,90;24,60;96,60;116,60;4,50;4,50;64,30;7,90;6,80;
2026-06-01 17:26:00.0;OFF;ON;100;3,50;3,40;7,90;24,50;96,60;116,60;4,40;4,50;64,40;7,90;6,80;
2026-06-01 17:27:00.0;OFF;ON;100;3,40;3,40;7,90;24,50;96,60;116,60;4,50;4,50;64,50;7,90;6,80;
2026-06-01 17:28:00.0;OFF;ON;100;3,40;3,40;7,90;24,50;96,60;116,60;4,50;4,50;64,60;7,80;6,80;
2026-06-01 17:29:00.0;OFF;ON;100;3,50;3,40;7,90;24,50;96,70;116,60;4,40;4,50;64,80;7,80;6,70;
2026-06-01 17:30:00.0;OFF;ON;100;3,30;3,40;7,80;24,40;96,60;116,60;4,50;4,50;64,60;7,80;6,70;
2026-06-01 17:31:00.0;OFF;ON;100;3,30;3,30;7,80;24,40;96,60;116,60;4,50;4,50;64,80;7,80;6,70;
2026-06-01 17:32:00.0;OFF;ON;100;3,50;3,30;7,80;24,30;96,70;116,60;4,30;4,50;65,30;7,80;6,70;
2026-06-01 17:33:00.0;OFF;ON;100;3,50;3,30;7,80;24,30;96,70;116,60;4,30;4,50;65,40;7,80;6,70;
2026-06-01 17:34:00.0;OFF;ON;100;3,40;3,30;7,80;24,30;96,60;116,60;4,40;4,50;65,20;7,70;6,70;
2026-06-01 17:35:00.0;OFF;ON;100;3,20;3,30;7,70;24,20;96,70;116,60;4,50;4,50;65,20;7,70;6,60;
2026-06-01 17:36:00.0;OFF;ON;100;3,30;3,20;7,70;24,20;96,70;116,60;4,50;4,50;65,10;7,70;6,60;
2026-06-01 17:37:00.0;OFF;ON;100;3,20;3,20;7,70;24,20;96,70;116,60;4,50;4,50;65,20;7,60;6,60;
2026-06-01 17:38:00.0;OFF;ON;100;3,10;3,20;7,70;24,10;96,60;116,60;4,50;4,50;65,30;7,60;6,50;
2026-06-01 17:39:00.0;OFF;ON;100;3,20;3,10;7,60;24,10;96,60;116,60;4,50;4,50;65,30;7,60;6,50;
2026-06-01 17:40:00.0;OFF;ON;100;3,10;3,10;7,60;24,10;96,60;116,60;4,50;4,50;65,40;7,60;6,50;
2026-06-01 17:41:00.0;OFF;ON;100;3,20;3,10;7,60;24;96,60;116,60;4,40;4,50;65,80;7,50;6,50;
2026-06-01 17:42:00.0;OFF;ON;100;3;3,10;7,60;24;96,50;116,60;4,50;4,50;65,60;7,50;6,40;
2026-06-01 17:43:00.0;OFF;ON;100;3;3;7,50;24;96,60;116,60;4,50;4,50;65,70;7,50;6,40;
2026-06-01 17:44:00.0;OFF;ON;100;3;3;7,50;23,90;96,60;116,60;4,50;4,50;65,70;7,40;6,30;
2026-06-01 17:45:00.0;OFF;ON;100;3;3;7,50;23,90;96,60;116,60;4,50;4,50;65,70;7,40;6,30;
2026-06-01 17:46:00.0;OFF;ON;100;3,10;2,90;7,40;23,90;96,50;116,60;4,40;4,50;66;7,40;6,30;
2026-06-01 17:47:00.0;OFF;ON;100;2,90;2,90;7,40;23,80;96,50;116,60;4,50;4,50;65,80;7,40;6,20;
2026-06-01 17:48:00.0;OFF;ON;100;3;2,90;7,40;23,80;96,50;116,60;4,40;4,50;65,90;7,40;6,20;
2026-06-01 17:49:00.0;OFF;ON;100;3;2,90;7,40;23,80;96,50;116,60;4,40;4,50;66;7,30;6,20;
2026-06-01 17:50:00.0;OFF;ON;100;2,80;2,80;7,30;23,70;96,40;116,60;4,50;4,50;65,90;7,30;6,20;
2026-06-01 17:51:00.0;OFF;ON;100;2,90;2,80;7,30;23,70;96,40;116,60;4,40;4,50;66,20;7,30;6,10;
2026-06-01 17:52:00.0;OFF;ON;100;2,80;2,80;7,30;23,70;96,40;116,60;4,40;4,50;66,30;7,20;6,10;
2026-06-01 17:53:00.0;OFF;ON;100;2,80;2,80;7,30;23,60;96,40;116,60;4,50;4,50;66,20;7,20;6,10;
2026-06-01 17:54:00.0;OFF;ON;100;2,70;2,70;7,20;23,60;96,40;116,60;4,60;4,50;65,60;7,20;6,10;
2026-06-01 17:55:00.0;OFF;ON;100;2,60;2,70;7,20;23,60;96,40;116,60;4,60;4,50;65,60;7,20;6;
2026-06-01 17:56:00.0;OFF;ON;100;2,70;2,70;7,20;23,50;96,40;116,60;4,50;4,50;65,60;7,10;6;
2026-06-01 17:57:00.0;OFF;ON;100;2,60;2,70;7,20;23,50;96,40;116,60;4,50;4,50;66,20;7,10;6;
2026-06-01 17:58:00.0;OFF;ON;100;2,60;2,60;7,10;23,50;96,30;116,60;4,50;4,50;66,20;7,10;5,90;
2026-06-01 17:59:00.0;OFF;ON;100;2,60;2,60;7,10;23,40;96,30;116,60;4,50;4,50;66,20;7;5,90;
2026-06-01 18:00:00.0;OFF;ON;100;2,60;2,60;7,10;23,40;96,20;116,60;4,50;4,50;65,50;7;5,90;
2026-06-01 18:01:00.0;OFF;ON;100;2,60;2,60;7;23,40;96,30;116,60;4,50;4,50;66,20;7;5,90;
2026-06-01 18:02:00.0;OFF;ON;100;2,50;2,50;7;23,30;96,20;116,50;4,50;4,50;66,20;7;5,80;
2026-06-01 18:03:00.0;OFF;ON;100;2,50;2,50;7;23,30;96,20;116,50;4,50;4,50;66,20;6,90;5,80;
2026-06-01 18:04:00.0;OFF;ON;100;2,50;2,50;7;23,20;96,20;116,50;4,40;4,50;66,40;6,90;5,80;
2026-06-01 18:05:00.0;OFF;ON;100;2,50;2,50;6,90;23,20;96,30;116,50;4,50;4,50;66,30;6,90;5,80;
2026-06-01 18:06:00.0;OFF;ON;100;2,50;2,40;6,90;23,20;96,30;116,50;4,40;4,50;66,40;6,80;5,70;
2026-06-01 18:07:00.0;OFF;ON;100;2,40;2,40;6,90;23,20;96,30;116,50;4,50;4,50;66,60;6,80;5,70;
2026-06-01 18:08:00.0;OFF;ON;100;2,40;2,40;6,90;23,10;96,20;116,50;4,50;4,50;66,40;6,80;5,70;
2026-06-01 18:09:00.0;OFF;ON;100;2,30;2,30;6,80;23,10;96,20;116,50;4,50;4,50;66,70;6,80;5,60;
2026-06-01 18:10:00.0;OFF;ON;100;2,50;2,30;6,80;23;96,20;116,50;4,40;4,50;67;6,80;5,60;
2026-06-01 18:11:00.0;OFF;ON;100;2,30;2,30;6,80;23;96,10;116,50;4,50;4,50;66,70;6,80;5,60;
2026-06-01 18:12:00.0;OFF;ON;100;2,30;2,30;6,80;23;96,20;116,50;4,40;4,50;66,90;6,70;5,60;
2026-06-01 18:13:00.0;OFF;ON;100;2,30;2,30;6,80;22,90;96,30;116,50;4,50;4,50;67;6,70;5,60;
2026-06-01 18:14:00.0;OFF;ON;100;2,30;2,20;6,70;22,90;96,20;116,50;4,50;4,50;66,50;6,70;5,50;
2026-06-01 18:15:00.0;OFF;ON;100;2,20;2,20;6,70;22,90;96,10;116,50;4,50;4,50;66,50;6,60;5,50;
2026-06-01 18:16:00.0;OFF;ON;100;2,20;2,20;6,70;22,80;96,10;116,50;4,50;4,50;66,50;6,60;5,40;
2026-06-01 18:17:00.0;OFF;ON;100;2,20;2,10;6,60;22,80;96,10;116,50;4,40;4,50;67,30;6,60;5,40;
2026-06-01 18:18:00.0;OFF;ON;100;2,10;2,10;6,60;22,80;96,10;116,50;4,50;4,50;67,10;6,50;5,40;
2026-06-01 18:19:00.0;OFF;ON;100;2,10;2,10;6,60;22,70;96,10;116,50;4,50;4,50;67,10;6,50;5,30;
2026-06-01 18:20:00.0;OFF;ON;100;2;2,10;6,60;22,70;96;116,50;4,60;4,50;66,50;6,50;5,30;
2026-06-01 18:21:00.0;OFF;ON;100;2;2;6,50;22,70;96;116,50;4,50;4,50;67,10;6,40;5,30;
2026-06-01 18:22:00.0;OFF;ON;100;2;2;6,50;22,60;96;116,50;4,50;4,50;66,60;6,40;5,20;
2026-06-01 18:23:00.0;OFF;ON;100;2;2;6,50;22,60;96;116,50;4,50;4,50;67,30;6,40;5,20;
2026-06-01 18:24:00.0;OFF;ON;100;2;2;6,40;22,50;96;116,50;4,50;4,50;67,30;6,40;5,20;
2026-06-01 18:25:00.0;OFF;ON;100;1,90;1,90;6,40;22,50;96;116,50;4,50;4,50;67,30;6,30;5,20;
2026-06-01 18:26:00.0;OFF;ON;100;1,90;1,90;6,40;22,50;96;116,50;4,50;4,50;67,50;6,30;5,10;
2026-06-01 18:27:00.0;OFF;ON;100;2;1,90;6,40;22,40;96;116,50;4,40;4,50;67,70;6,30;5,10;
2026-06-01 18:28:00.0;OFF;ON;100;1,80;1,90;6,30;22,40;96;116,50;4,60;4,50;67;6,30;5,10;
2026-06-01 18:29:00.0;OFF;ON;100;1,80;1,80;6,30;22,40;96;116,50;4,50;4,50;66,90;6,30;5,10;
2026-06-01 18:30:00.0;OFF;ON;100;1,80;1,80;6,30;22,30;96;116,40;4,50;4,50;67,50;6,20;5;
2026-06-01 18:31:00.0;OFF;ON;100;1,80;1,80;6,30;22,30;96;116,40;4,50;4,50;66,90;6,20;5;
2026-06-01 18:32:00.0;OFF;ON;100;1,80;1,80;6,20;22,30;96;116,40;4,50;4,50;66,90;6,20;5;
2026-06-01 18:33:00.0;OFF;ON;100;1,80;1,70;6,20;22,20;96;116,40;4,40;4,50;67,50;6,10;4,90;
2026-06-01 18:34:00.0;OFF;ON;100;1,80;1,70;6,20;22,20;96;116,40;4,40;4,50;67,70;6,10;4,90;
2026-06-01 18:35:00.0;OFF;ON;100;1,70;1,70;6,20;22,20;96;116,40;4,50;4,50;67,60;6,10;4,90;
2026-06-01 18:36:00.0;OFF;ON;100;1,70;1,70;6,10;22,10;95,90;116,40;4,40;4,50;67,80;6,10;4,90;
2026-06-01 18:37:00.0;OFF;ON;100;1,70;1,60;6,10;22,10;96;116,40;4,40;4,50;67,80;6;4,90;
2026-06-01 18:38:00.0;OFF;ON;100;1,60;1,60;6,10;22;96;116,40;4,50;4,50;67,90;6;4,90;
2026-06-01 18:39:00.0;OFF;ON;100;1,60;1,60;6,10;22;95,90;116,40;4,50;4,50;67,80;6;4,80;
2026-06-01 18:40:00.0;OFF;ON;100;1,60;1,60;6;22;95,90;116,40;4,50;4,50;67,90;6;4,80;
2026-06-01 18:41:00.0;OFF;ON;100;1,60;1,50;6;21,90;95,90;116,40;4,50;4,50;68,10;6;4,80;
2026-06-01 18:42:00.0;OFF;ON;100;1,50;1,50;6;21,90;95,90;116,40;4,50;4,50;68,10;5,90;4,80;
2026-06-01 18:43:00.0;OFF;ON;100;1,60;1,50;6;21,90;95,90;116,40;4,40;4,50;68,60;5,90;4,80;
2026-06-01 18:44:00.0;OFF;ON;100;1,40;1,50;6;21,80;96;116,40;4,50;4,50;68,30;5,90;4,70;
2026-06-01 18:45:00.0;OFF;ON;100;1,50;1,40;5,90;21,80;95,90;116,40;4,50;4,50;68,40;5,90;4,70;
2026-06-01 18:46:00.0;OFF;ON;100;1,50;1,40;5,90;21,70;95,90;116,40;4,40;4,50;68,60;5,80;4,70;
2026-06-01 18:47:00.0;OFF;ON;100;1,40;1,40;5,90;21,70;96;116,40;4,50;4,50;68,50;5,80;4,70;
2026-06-01 18:48:00.0;OFF;ON;100;1,50;1,40;5,90;21,70;96;116,40;4,40;4,50;68,80;5,80;4,70;
2026-06-01 18:49:00.0;OFF;ON;100;1,40;1,30;5,80;21,70;96;116,40;4,50;4,50;68,50;5,80;4,60;
2026-06-01 18:50:00.0;OFF;ON;100;1,30;1,30;5,80;21,60;96;116,40;4,50;4,50;68,60;5,70;4,60;
2026-06-01 18:51:00.0;OFF;ON;100;1,30;1,30;5,80;21,60;95,80;116,40;4,50;4,50;67,90;5,70;4,60;
2026-06-01 18:52:00.0;OFF;ON;100;1,20;1,30;5,70;21,50;95,80;116,40;4,60;4,50;67,90;5,70;4,50;
2026-06-01 18:53:00.0;OFF;ON;100;1,10;1,20;5,70;21,50;95,80;116,40;4,60;4,50;67,70;5,60;4,50;
2026-06-01 18:54:00.0;OFF;ON;100;1,20;1,20;5,70;21,50;95,70;116,40;4,50;4,50;67,90;5,60;4,50;
2026-06-01 18:55:00.0;OFF;ON;100;1,10;1,20;5,60;21,40;95,70;116,40;4,50;4,50;68,60;5,60;4,50;
2026-06-01 18:56:00.0;OFF;ON;100;1,10;1,10;5,60;21,40;95,70;116,40;4,50;4,50;68,50;5,50;4,50;
2026-06-01 18:57:00.0;OFF;ON;100;1,10;1,10;5,60;21,40;95,70;116,40;4,50;4,50;68,60;5,50;4,40;
2026-06-01 18:58:00.0;OFF;ON;100;1,20;1,10;5,60;21,30;95,70;116,40;4,40;4,50;68,70;5,50;4,40;
2026-06-01 18:59:00.0;OFF;ON;100;1,10;1,10;5,60;21,30;95,70;116,40;4,50;4,50;68,80;5,50;4,40;
2026-06-01 19:00:00.0;OFF;ON;100;1,10;1,10;5,50;21,20;95,80;116,40;4,40;4,50;69;5,50;4,40;
2026-06-01 19:01:00.0;OFF;ON;100;1;1;5,50;21,20;95,80;116,40;4,50;4,50;69;5,40;4,40;
2026-06-01 19:02:00.0;OFF;ON;100;1;1;5,50;21,20;95,70;116,40;4,50;4,50;69;5,40;4,30;
2026-06-01 19:03:00.0;OFF;ON;100;1;1;5,50;21,10;95,70;116,40;4,50;4,50;69,10;5,40;4,30;
2026-06-01 19:04:00.0;OFF;ON;100;1;1;5,40;21,10;95,80;116,40;4,50;4,50;69,20;5,40;4,30;
2026-06-01 19:05:00.0;OFF;ON;100;1;0,90;5,40;21,10;95,70;116,40;4,50;4,50;69,30;5,40;4,30;
2026-06-01 19:06:00.0;OFF;ON;100;0,90;0,90;5,40;21;95,80;116,40;4,50;4,50;69,40;5,30;4,30;
2026-06-01 19:07:00.0;OFF;ON;100;0,80;0,90;5,40;21;95,80;116,40;4,60;4,50;68,70;5,30;4,30;
2026-06-01 19:08:00.0;OFF;ON;100;0,90;0,90;5,40;20,90;95,70;116,40;4,40;4,50;69,60;5,30;4,20;
2026-06-01 19:09:00.0;OFF;ON;100;0,90;0,80;5,30;20,90;95,60;116,40;4,50;4,50;68,80;5,30;4,20;
2026-06-01 19:10:00.0;OFF;ON;100;0,70;0,80;5,30;20,90;95,60;116,40;4,50;4,50;69,50;5,20;4,20;
2026-06-01 19:11:00.0;OFF;ON;100;0,80;0,80;5,30;20,90;95,60;116,40;4,50;4,50;69,50;5,20;4,10;
2026-06-01 19:12:00.0;OFF;ON;100;0,70;0,70;5,20;20,80;95,60;116,40;4,50;4,50;68,90;5,20;4,10;
2026-06-01 19:13:00.0;OFF;ON;100;0,70;0,70;5,20;20,80;95,60;116,40;4,50;4,50;68,80;5,10;4,10;
2026-06-01 19:14:00.0;OFF;ON;100;0,70;0,70;5,20;20,70;95,60;116,40;4,50;4,50;69,60;5,10;4,10;
2026-06-01 19:15:00.0;OFF;ON;100;0,80;0,70;5,20;20,70;95,60;116,40;4,40;4,50;69,80;5,10;4,10;
2026-06-01 19:16:00.0;OFF;ON;100;0,60;0,60;5,10;20,70;95,60;116,40;4,50;4,50;69,60;5;4;
2026-06-01 19:17:00.0;OFF;ON;100;0,70;0,60;5,10;20,60;95,60;116,40;4,40;4,50;70;5;4;
2026-06-01 19:18:00.0;OFF;ON;100;0,50;0,60;5,10;20,60;95,60;116,40;4,60;4,50;69,30;5;4;
2026-06-01 19:19:00.0;OFF;ON;100;0,60;0,60;5,10;20,50;95,60;116,40;4,50;4,50;70;5;4;
2026-06-01 19:20:00.0;OFF;ON;100;0,70;0,60;5,10;20,50;95,50;116,30;4,40;4,50;70,40;4,90;4;
2026-06-01 19:21:00.0;OFF;ON;100;0,50;0,50;5;20,50;95,50;116,40;4,50;4,50;70,10;4,90;3,90;
2026-06-01 19:22:00.0;OFF;ON;100;0,50;0,50;5;20,40;95,50;116,40;4,50;4,50;69,50;4,90;3,90;
2026-06-01 19:23:00.0;OFF;ON;100;-1,90;0,50;5;20,40;95,50;116,40;6,90;9,50;81,50;4,90;3,90;
2026-06-01 19:24:00.0;OFF;ON;100;-1;-4;5;20,40;95,50;116,40;6;9,50;89,90;4,80;3,70;
2026-06-01 19:25:00.0;OFF;ON;100;-1,10;-4;4,80;20,30;95,20;116,40;5,90;9,50;92,60;4,70;3,40;
2026-06-01 19:26:00.0;OFF;ON;100;-1,60;-4;4,60;20,30;94,10;116,40;6,10;9,50;95,40;4,50;3;
2026-06-01 19:27:00.0;OFF;ON;100;-1,70;-4;4,40;20,20;93,70;116,40;6,10;9,50;97,80;4,40;2,80;
2026-06-01 19:28:00.0;OFF;ON;100;-1,90;-4;4,30;20,20;93,40;116,40;6,10;9,50;100;4,20;2,60;
2026-06-01 19:29:00.0;OFF;ON;100;-2,10;-4;4,20;20,20;93,20;116,40;6,30;9,50;99,60;4,10;2,40;
2026-06-01 19:30:00.0;OFF;ON;100;-2,10;-4;4;20,10;93,10;116,40;6,10;9,50;100;4;2,30;
2026-06-01 19:31:00.0;OFF;ON;100;-2,20;-4;4;20,10;93;116,30;6,20;9,50;100;3,90;2,20;
2026-06-01 19:32:00.0;OFF;ON;100;-2,20;-4;3,90;20,10;92,90;116,30;6,10;9,50;100;3,80;2,10;
2026-06-01 19:33:00.0;OFF;ON;100;-2,30;-4;3,80;20;93;116,30;6,20;9,50;100;3,80;2,10;
2026-06-01 19:34:00.0;OFF;ON;100;-2,40;-4;3,80;20;93,10;116,30;6,20;9,50;99,80;3,70;2;
2026-06-01 19:35:00.0;OFF;ON;100;-2,40;-4;3,70;20;93,20;116,30;6,10;9,50;100;3,60;1,90;
2026-06-01 19:36:00.0;OFF;ON;100;-2,40;-4;3,60;19,90;93,20;116,30;6,10;9,50;100;3,60;1,80;
2026-06-01 19:37:00.0;OFF;ON;100;-2,50;-4;3,60;19,90;93,20;116,30;6,20;9,50;99,70;3,50;1,80;
2026-06-01 19:38:00.0;OFF;ON;100;-2,60;-4;3,50;19,90;93,20;116,30;6,20;9,50;99,70;3,50;1,70;
2026-06-01 19:39:00.0;OFF;ON;100;-2,60;-4;3,50;19,80;93,30;116,30;6,10;9,50;99,60;3,40;1,70;
2026-06-01 19:40:00.0;OFF;ON;100;-2,60;-4;3,50;19,80;93,40;116,30;6;9,50;100;3,40;1,70;
2026-06-01 19:41:00.0;OFF;ON;100;-2,60;-4;3,40;19,80;93,30;116,30;6;9,50;100;3,30;1,60;
2026-06-01 19:42:00.0;OFF;ON;100;-2,70;-4;3,40;19,70;93,40;116,30;6,10;9,50;99,60;3,30;1,60;
2026-06-01 19:43:00.0;OFF;ON;100;-2,70;-4;3,30;19,70;93,40;116,30;6,10;9,50;100;3,20;1,50;
2026-06-01 19:44:00.0;OFF;ON;100;-2,80;-4;3,30;19,70;93,50;116,30;6,10;9,50;99,50;3,20;1,50;
2026-06-01 19:45:00.0;OFF;ON;100;-2,70;-4;3,30;19,70;93,50;116,30;6;9,50;100;3,20;1,50;
2026-06-01 19:46:00.0;OFF;ON;100;-2,90;-4;3,20;19,60;93,60;116,30;6,10;9,50;99,70;3,10;1,40;
2026-06-01 19:47:00.0;OFF;ON;100;-2,90;-4;3,20;19,60;93,60;116,30;6,10;9,50;99,70;3,10;1,40;
2026-06-01 19:48:00.0;OFF;ON;100;-2,90;-4;3,10;19,60;93,60;116,30;6;9,50;100;3,10;1,30;
2026-06-01 19:49:00.0;OFF;ON;100;-2,90;-4;3,10;19,50;93,60;116,30;6;9,50;100;3;1,30;
2026-06-01 19:50:00.0;OFF;ON;100;-2,90;-4;3,10;19,50;93,60;116,30;6;9,50;100;3;1,20;
2026-06-01 19:51:00.0;OFF;ON;100;-2,90;-4;3;19,50;93,60;116,30;6;9,50;100;2,90;1,20;
2026-06-01 19:52:00.0;OFF;ON;100;-3;-4;3;19,40;93,60;116,30;6;9,50;100;2,90;1,20;
2026-06-01 19:53:00.0;OFF;ON;100;-3;-4;2,90;19,40;93,70;116,30;6;9,50;99,70;2,90;1,20;
2026-06-01 19:54:00.0;OFF;ON;100;-3,10;-4;2,90;19,40;93,70;116,30;6;9,50;99,60;2,80;1,10;
2026-06-01 19:55:00.0;OFF;ON;100;-3;-4;2,90;19,30;93,70;116,30;5,90;9,50;100;2,80;1,10;
2026-06-01 19:56:00.0;OFF;ON;100;-3,20;-4;2,90;19,30;93,90;116,30;6;9,50;99,70;2,80;1,10;
2026-06-01 19:57:00.0;OFF;ON;100;-3,10;-4;2,80;19,30;93,60;116,30;6;9,50;99,80;2,70;1,10;
2026-06-01 19:58:00.0;OFF;ON;100;-3,20;-4;2,80;19,20;93,80;116,30;6;9,50;99,50;2,70;1;
2026-06-01 19:59:00.0;OFF;ON;100;-3,10;-4;2,80;19,20;93,80;116,30;5,90;9,50;100;2,70;1;
2026-06-01 20:00:00.0;OFF;ON;100;-3,20;-4;2,70;19,20;93,70;116,30;5,90;9,50;100;2,60;0,90;
2026-06-01 20:01:00.0;OFF;ON;100;-3,30;-4;2,70;19,20;93,80;116,30;6;9,50;99,50;2,60;0,90;
2026-06-01 20:02:00.0;OFF;ON;100;-3,30;-4;2,60;19,10;93,80;116,30;5,90;9,50;99,60;2,60;0,90;
2026-06-01 20:03:00.0;OFF;ON;100;-3,30;-4;2,60;19,10;93,70;116,30;5,90;9,50;99,80;2,50;0,90;
2026-06-01 20:04:00.0;OFF;ON;100;-3,40;-4;2,60;19,10;93,80;116,30;6;9,50;99,40;2,50;0,80;
2026-06-01 20:05:00.0;OFF;ON;100;-3,30;-4;2,60;19;93,70;116,30;5,90;9,50;100;2,50;0,80;
2026-06-01 20:06:00.0;OFF;ON;100;-3,40;-4;2,50;19;93,80;116,30;5,90;9,50;100;2,40;0,80;
2026-06-01 20:07:00.0;OFF;ON;100;-3,40;-4;2,50;19;93,90;116,30;5,90;9,50;100;2,40;0,80;
2026-06-01 20:08:00.0;OFF;ON;100;-3,50;-4;2,50;18,90;93,90;116,30;5,90;9,50;99,60;2,40;0,80;
2026-06-01 20:09:00.0;OFF;ON;100;-3,50;-4;2,40;18,90;93,80;116,30;5,90;9,50;99,40;2,30;0,70;
2026-06-01 20:10:00.0;OFF;ON;100;-3,40;-4;2,40;18,90;93,70;116,30;5,80;9,50;100;2,30;0,70;
2026-06-01 20:11:00.0;OFF;ON;100;-3,40;-4;2,40;18,80;93,70;116,30;5,80;9,50;100;2,30;0,70;
2026-06-01 20:12:00.0;OFF;ON;100;-3,50;-4;2,30;18,80;93,80;116,30;5,90;9,50;99,60;2,20;0,70;
2026-06-01 20:13:00.0;OFF;ON;100;-3,40;-4;2,30;18,80;93,90;116,30;5,80;9,50;99,70;2,20;0,60;
2026-06-01 20:14:00.0;OFF;ON;100;-3,60;-4;2,30;18,70;93,90;116,30;5,90;9,50;99,10;2,20;0,60;
2026-06-01 20:15:00.0;OFF;ON;100;-3,50;-4;2,30;18,70;93,90;116,30;5,80;9,50;99,80;2,20;0,60;
2026-06-01 20:16:00.0;OFF;ON;100;-3,70;-4;2,30;18,70;93,90;116,30;5,90;9,50;99,10;2,20;0,60;
2026-06-01 20:17:00.0;OFF;ON;100;-3,50;-4;2,20;18,70;93,90;116,20;5,70;9,50;100;2,10;0,50;
2026-06-01 20:18:00.0;OFF;ON;100;-3,50;-4;2,20;18,60;93,90;116,20;5,70;9,50;100;2,10;0,50;
2026-06-01 20:19:00.0;OFF;ON;100;-3,60;-4;2,20;18,60;93,90;116,20;5,80;9,50;99,40;2,10;0,50;
2026-06-01 20:20:00.0;OFF;ON;100;-3,50;-4;2,20;18,60;93,90;116,20;5,70;9,50;99,70;2;0,50;
2026-06-01 20:21:00.0;OFF;ON;100;-3,60;-4;2,10;18,50;94;116,20;5,80;9,50;99,10;2;0,50;
2026-06-01 20:22:00.0;OFF;ON;100;-3,60;-4;2,10;18,50;93,90;116,20;5,80;9,50;99,30;2;0,40;
2026-06-01 20:23:00.0;OFF;ON;100;-3,50;-4;2,10;18,50;94;116,20;5,60;9,50;100;2;0,40;
2026-06-01 20:24:00.0;OFF;ON;100;-3,50;-4;2,10;18,40;93,90;116,20;5,60;9,50;100;2;0,40;
2026-06-01 20:25:00.0;OFF;ON;100;-3,70;-4;2,10;18,40;93,90;116,20;5,70;9,50;99,20;2;0,40;
2026-06-01 20:26:00.0;OFF;ON;100;-3,50;-4;2;18,40;94,10;116,20;5,50;9,50;100;1,90;0,40;
2026-06-01 20:27:00.0;OFF;ON;100;-3,60;-4;2;18,30;94,10;116,20;5,70;9,50;99,40;1,90;0,40;
2026-06-01 20:28:00.0;OFF;ON;100;-3,70;-4;2;18,30;94,20;116,20;5,70;9,50;99,20;1,90;0,30;
2026-06-01 20:29:00.0;OFF;ON;100;-3,70;-4;2;18,30;94,10;116,20;5,70;9,50;99,50;1,90;0,30;
2026-06-01 20:30:00.0;OFF;ON;100;-3,50;-4;2;18,20;94,20;116,20;5,50;9,50;100;1,90;0,30;
2026-06-01 20:31:00.0;OFF;ON;100;-3,70;-4;2;18,20;94,10;116,20;5,60;9,50;99,40;1,80;0,30;
2026-06-01 20:32:00.0;OFF;ON;100;-3,50;-4;1,90;18,20;94,20;116,20;5,50;9,50;100;1,80;0,30;
2026-06-01 20:33:00.0;OFF;ON;100;-3,60;-4;1,90;18,10;94,10;116,20;5,50;9,50;99,70;1,80;0,30;
2026-06-01 20:34:00.0;OFF;ON;100;-3,70;-4;1,90;18,10;94,10;116,20;5,60;9,50;99,40;1,80;0,30;
2026-06-01 20:35:00.0;OFF;ON;100;-3,60;-4;1,90;18,10;94,20;116,20;5,50;9,50;99,60;1,80;0,30;
2026-06-01 20:36:00.0;OFF;ON;100;-3,60;-4;1,90;18;94,10;116,20;5,50;9,50;99,70;1,80;0,30;
2026-06-01 20:37:00.0;OFF;ON;100;-3,50;-4;1,90;18;94,30;116,20;5,40;9,50;100;1,70;0,30;
2026-06-01 20:38:00.0;OFF;ON;100;-3,60;-4;1,90;18;94,20;116,10;5,50;9,50;99,60;1,70;0,20;
2026-06-01 20:39:00.0;OFF;ON;100;-3,80;-4;1,80;17,90;94,30;116,10;5,60;9,50;98,60;1,70;0,20;
2026-06-01 20:40:00.0;OFF;ON;100;-3,50;-4;1,80;17,90;94,30;116,10;5,40;9,50;99,60;1,70;0,20;
2026-06-01 20:41:00.0;OFF;ON;100;-3,50;-4;1,80;17,90;94,40;116,10;5,30;9,50;99,60;1,70;0,20;
2026-06-01 20:42:00.0;OFF;ON;100;-3,60;-4;1,80;17,90;94,40;116,10;5,50;9,50;99,20;1,70;0,20;
2026-06-01 20:43:00.0;OFF;ON;100;-3,60;-4;1,80;17,80;94,40;116,10;5,40;9,50;99,30;1,70;0,20;
2026-06-01 20:44:00.0;OFF;ON;100;-3,70;-4;1,80;17,80;94,40;116,10;5,50;9,50;98,80;1,70;0,20;
2026-06-01 20:45:00.0;OFF;ON;100;-3,50;-4;1,80;17,70;94,30;116,10;5,30;9,50;99,60;1,60;0,20;
2026-06-01 20:46:00.0;OFF;ON;100;-3,80;-4;1,80;17,70;94,40;116,10;5,50;9,50;98,50;1,60;0,20;
2026-06-01 20:47:00.0;OFF;ON;100;-3,70;-4;1,70;17,70;94,40;116,10;5,40;9,50;99,10;1,60;0,10;
2026-06-01 20:48:00.0;OFF;ON;100;-3,60;-4;1,80;17,70;94,40;116,10;5,30;9,50;99,20;1,60;0,10;
2026-06-01 20:49:00.0;OFF;ON;100;-3,40;-4;1,70;17,60;94,40;116,10;5,20;9,50;100;1,60;0,10;
2026-06-01 20:50:00.0;OFF;ON;100;-3,70;-4;1,70;17,60;94,40;116,10;5,40;9,50;99,10;1,60;0,10;
2026-06-01 20:51:00.0;OFF;ON;100;-3,60;-4;1,70;17,60;94,40;116,10;5,30;9,50;99,40;1,60;0,10;
2026-06-01 20:52:00.0;OFF;ON;100;-3,50;-4;1,70;17,50;94,40;116,10;5,20;9,50;100;1,50;0,10;
2026-06-01 20:53:00.0;OFF;ON;100;-3,60;-4;1,70;17,50;94,50;116,10;5,30;9,50;99,60;1,60;0,10;
2026-06-01 20:54:00.0;OFF;ON;100;-3,60;-4;1,70;17,50;94,40;116,10;5,30;9,50;99,50;1,50;0,10;
2026-06-01 20:55:00.0;OFF;ON;100;-3,50;-4;1,70;17,40;94,40;116,10;5,20;9,50;99,80;1,50;0,10;
2026-06-01 20:56:00.0;OFF;ON;100;-3,60;-4;1,70;17,40;94,40;116,10;5,30;9,50;99,60;1,50;0,10;
2026-06-01 20:57:00.0;OFF;ON;100;-3,50;-4;1,70;17,40;94,40;116,10;5,10;9,50;100;1,50;0,10;
2026-06-01 20:58:00.0;OFF;ON;100;-3,60;-4;1,60;17,30;94,40;116,10;5,30;9,50;99,20;1,50;0;
2026-06-01 20:59:00.0;OFF;ON;100;-3,50;-4;1,60;17,30;94,40;116,10;5,20;9,50;99,60;1,50;0;
2026-06-01 21:00:00.0;OFF;ON;100;-3,70;-4;1,60;17,30;94,40;116,10;5,30;9,50;98,90;1,50;0;
2026-06-01 21:01:00.0;OFF;ON;100;-3,50;-4;1,60;17,20;94,30;116,10;5,10;9,50;100;1,50;0;
2026-06-01 21:02:00.0;OFF;ON;100;-3,60;-4;1,60;17,20;94,40;116,10;5,20;9,50;99,50;1,40;0;
2026-06-01 21:03:00.0;OFF;ON;100;-3,70;-4;1,60;17,20;94,40;116,10;5,20;9,50;99,50;1,40;0;
2026-06-01 21:04:00.0;OFF;ON;100;-3,60;-4;1,60;17,10;94,40;116,10;5,20;9,50;99,40;1,40;0;
2026-06-01 21:05:00.0;OFF;ON;100;-3,50;-4;1,60;17,10;94,30;116,10;5;9,50;100;1,40;0;
2026-06-01 21:06:00.0;OFF;ON;100;-3,60;-4;1,60;17,10;94,40;116,10;5,10;9,50;99,80;1,40;0;
2026-06-01 21:07:00.0;OFF;ON;100;-3,70;-4;1,50;17;94,40;116,10;5,20;9,50;99,20;1,40;0;
2026-06-01 21:08:00.0;OFF;ON;100;-3,70;-4;1,50;17;94,30;116,10;5,20;9,50;99,50;1,30;0;
2026-06-01 21:09:00.0;OFF;ON;100;-3,70;-4;1,50;17;94,30;116,10;5,20;9,50;99,50;1,40;0;
2026-06-01 21:10:00.0;OFF;ON;100;-3,70;-4;1,50;16,90;94,40;116,10;5,20;9,50;99,30;1,30;-0,10;
2026-06-01 21:11:00.0;OFF;ON;100;-3,70;-4;1,50;16,90;94,40;116,10;5,20;9,50;99,10;1,40;-0,10;
2026-06-01 21:12:00.0;OFF;ON;100;-3,60;-4;1,50;16,90;94,40;116,10;5;9,50;99,70;1,30;-0,10;
2026-06-01 21:13:00.0;OFF;ON;100;-3,70;-4;1,40;16,80;94,40;116,10;5,20;9,50;99;1,30;-0,10;
2026-06-01 21:14:00.0;OFF;ON;100;-3,60;-4;1,40;16,80;94,50;116,10;5;9,50;99,50;1,30;-0,10;
2026-06-01 21:15:00.0;OFF;ON;100;-3,50;-4;1,40;16,80;94,40;116,10;4,90;9,50;100;1,30;-0,10;
2026-06-01 21:16:00.0;OFF;ON;100;-3,70;-4;1,40;16,70;94,40;116,10;5,10;9,50;99,50;1,30;-0,10;
2026-06-01 21:17:00.0;OFF;ON;100;-3,60;-4;1,40;16,70;94,50;116;5;9,50;99,50;1,30;-0,10;
2026-06-01 21:18:00.0;OFF;ON;100;-3,70;-4;1,40;16,70;94,40;116;5,10;9,50;99,30;1,30;-0,10;
2026-06-01 21:19:00.0;OFF;ON;100;-3,80;-4;1,40;16,60;94,40;116;5,10;9,50;98,90;1,30;-0,10;
2026-06-01 21:20:00.0;OFF;ON;100;-3,50;-4;1,40;16,60;94,50;116;4,90;9,50;99,80;1,20;-0,10;
2026-06-01 21:21:00.0;OFF;ON;100;-3,70;-4;1,40;16,60;94,40;116;5;9,50;99,30;1,20;-0,10;
2026-06-01 21:22:00.0;OFF;ON;100;-3,70;-4;1,30;16,50;94,40;116;5;9,50;99,40;1,20;-0,10;
2026-06-01 21:23:00.0;OFF;ON;100;-3,60;-4;1,30;16,50;94,40;116;5;9,50;99,50;1,20;-0,10;
2026-06-01 21:24:00.0;OFF;ON;100;-3,50;-4;1,30;16,40;94,50;116;4,90;9,50;99,80;1,20;-0,10;
2026-06-01 21:25:00.0;OFF;ON;100;-3,70;-4;1,30;16,40;94,40;116;5;9,50;99,30;1,20;-0,20;
2026-06-01 21:26:00.0;OFF;ON;100;-3,60;-4;1,30;16,40;94,50;116;4,90;9,50;99,70;1,20;-0,20;
2026-06-01 21:27:00.0;OFF;ON;100;-3,60;-4;1,30;16,40;94,40;116;4,90;9,50;99,60;1,20;-0,20;
2026-06-01 21:28:00.0;OFF;ON;100;-3,60;-4;1,30;16,30;94,40;116;4,90;9,50;99,60;1,10;-0,20;
2026-06-01 21:29:00.0;OFF;ON;100;-3,60;-4;1,30;16,30;94,40;116;4,80;9,50;100;1,10;-0,20;
2026-06-01 21:30:00.0;OFF;ON;100;-3,60;-4;1,20;16,30;94,50;116;4,90;9,50;99,60;1,10;-0,20;
2026-06-01 21:31:00.0;OFF;ON;100;-3,70;-4;1,20;16,20;94,50;116;4,90;9,50;99,30;1,10;-0,20;
2026-06-01 21:32:00.0;OFF;ON;100;-3,50;-4;1,20;16,20;94,60;116;4,70;9,50;100;1,10;-0,20;
2026-06-01 21:33:00.0;OFF;ON;100;-3,60;-4;1,20;16,10;94,50;116;4,90;9,50;99,40;1,10;-0,20;
2026-06-01 21:34:00.0;OFF;ON;100;-3,60;-4;1,20;16,10;94,40;116;4,80;9,50;99,60;1;-0,20;
2026-06-01 21:35:00.0;OFF;ON;100;-3,50;-4;1,20;16,10;94,40;116;4,70;9,50;100;1;-0,20;
2026-06-01 21:36:00.0;OFF;ON;100;-3,60;-4;1,20;16;94,40;116;4,70;9,50;100;1;-0,20;
2026-06-01 21:37:00.0;OFF;ON;100;-3,50;-4;1,20;16;94,50;116;4,70;9,50;100;1;-0,20;
2026-06-01 21:38:00.0;OFF;ON;100;-3,70;-4;1,20;16;94,50;116;4,90;9,50;99,20;1;-0,20;
2026-06-01 21:39:00.0;OFF;ON;100;-3,60;-4;1,20;15,90;94,40;116;4,70;9,50;99,70;1;-0,20;
2026-06-01 21:40:00.0;OFF;ON;100;-3,60;-4;1,20;15,90;94,50;116;4,70;9,50;99,70;1;-0,20;
2026-06-01 21:41:00.0;OFF;ON;100;-3,60;-4;1,10;15,90;94,50;116;4,80;9,50;99,50;1;-0,20;
2026-06-01 21:42:00.0;OFF;ON;100;-3,60;-4;1,10;15,80;94,40;116;4,70;9,50;100;1;-0,30;
2026-06-01 21:43:00.0;OFF;ON;100;-3,70;-4;1,10;15,80;94,40;116;4,80;9,50;99,30;1;-0,30;
2026-06-01 21:44:00.0;OFF;ON;100;-3,60;-4;1,10;15,80;94,40;116;4,70;9,50;99,50;1;-0,30;
2026-06-01 21:45:00.0;OFF;ON;100;-3,60;-4;1,10;15,70;94,50;116;4,70;9,50;99,60;1;-0,30;
2026-06-01 21:46:00.0;OFF;ON;100;-3,60;-4;1,10;15,70;94,50;116;4,70;9,50;99,60;1;-0,30;
2026-06-01 21:47:00.0;OFF;ON;100;-3,60;-4;1,10;15,70;94,40;116;4,70;9,50;99,50;1;-0,30;
2026-06-01 21:48:00.0;OFF;ON;100;-3,60;-4;1,10;15,60;94,50;116;4,60;9,50;99,80;1;-0,30;
2026-06-01 21:49:00.0;OFF;ON;100;-3,50;-4;1,10;15,60;94,40;116;4,60;9,50;100;0,90;-0,30;
2026-06-01 21:50:00.0;OFF;ON;100;-3,60;-4;1,10;15,60;94,40;116;4,60;9,50;100;0,90;-0,30;
2026-06-01 21:51:00.0;OFF;ON;100;-3,70;-4;1;15,50;94,40;116;4,70;9,50;99,20;0,90;-0,30;
2026-06-01 21:52:00.0;OFF;ON;100;-3,60;-4;1;15,50;94,50;116;4,60;9,50;99,60;0,90;-0,30;
2026-06-01 21:53:00.0;OFF;ON;100;-3,70;-4;1;15,50;94,40;116;4,70;9,50;99,10;0,90;-0,30;
2026-06-01 21:54:00.0;OFF;ON;100;-3,50;-4;1;15,40;94,50;116;4,60;9,50;99,80;0,90;-0,30;
2026-06-01 21:55:00.0;OFF;ON;100;-3,60;-4;1;15,40;94,40;116;4,60;9,50;99,50;0,90;-0,30;
2026-06-01 21:56:00.0;OFF;ON;100;-3,60;-4;1;15,30;94,40;116;4,60;9,50;99,40;0,90;-0,30;
2026-06-01 21:57:00.0;OFF;ON;100;-3,50;-4;1;15,30;94,40;116;4,50;9,50;99,80;0,90;-0,30;
2026-06-01 21:58:00.0;OFF;ON;100;-3,60;-4;1;15,30;94,40;116;4,60;9,50;99,30;0,90;-0,30;
2026-06-01 21:59:00.0;OFF;ON;100;-3,60;-4;1;15,20;94,40;115,90;4,60;9,50;99,40;0,90;-0,30;
2026-06-01 22:00:00.0;OFF;ON;100;-3,50;-4;1;15,20;94,40;115,90;4,50;9,50;100;0,80;-0,30;
2026-06-01 22:01:00.0;OFF;ON;100;-3,70;-4;1;15,20;94,40;115,90;4,60;9,50;99,40;0,80;-0,30;
2026-06-01 22:02:00.0;OFF;ON;100;-4,20;-4;0,90;15,10;94,40;115,90;5,20;9,50;96,70;0,80;-0,40;
2026-06-01 22:03:00.0;OFF;ON;100;-3,20;-4;0,90;15,10;94,30;115,90;4,10;9,50;100;0,70;-0,50;
2026-06-01 22:04:00.0;OFF;ON;100;-3,20;-4;0,90;15,10;94,30;115,90;4,10;9,50;100;0,80;-0,30;
2026-06-01 22:05:00.0;OFF;ON;100;-3,20;-4;1;15;94,40;115,90;4,20;9,50;99,10;0,80;-0,30;
2026-06-01 22:06:00.0;OFF;ON;100;-3,20;-4;1;15;94,60;115,90;4,20;9,50;99,20;0,80;-0,20;
2026-06-01 22:07:00.0;OFF;ON;100;-3;-4;1;15;94,70;115,90;4;9,50;99,70;0,90;-0,20;
2026-06-01 22:08:00.0;OFF;ON;100;-3,10;-4;1;14,90;94,80;115,90;4,10;9,50;99,80;0,90;-0,20;
2026-06-01 22:09:00.0;OFF;ON;100;-3,20;-4;1;14,90;94,80;115,90;4,20;9,50;99,30;0,90;-0,20;
2026-06-01 22:10:00.0;OFF;ON;100;-3,10;-4;1;14,90;94,80;115,90;4,10;9,50;99,60;0,90;-0,20;
2026-06-01 22:11:00.0;OFF;ON;100;-3;-4;1;14,90;94,80;115,90;4;9,50;100;0,90;-0,20;
2026-06-01 22:12:00.0;OFF;ON;100;-3,10;-4;1;14,80;94,80;115,90;4,10;9,50;99,50;0,90;-0,20;
2026-06-01 22:13:00.0;OFF;ON;100;-3;-4;1;14,80;94,80;115,90;4;9,50;100;0,90;-0,20;
2026-06-01 22:14:00.0;OFF;ON;100;-3;-4;1;14,80;94,80;115,90;4;9,50;100;0,90;-0,20;
2026-06-01 22:15:00.0;OFF;ON;100;-3,10;-4;1;14,70;94,80;115,90;4,10;9,50;100;0,80;-0,20;
2026-06-01 22:16:00.0;OFF;ON;100;-3,10;-4;1;14,70;94,80;115,90;4,10;9,50;99,70;0,90;-0,20;
2026-06-01 22:17:00.0;OFF;ON;100;-3;-4;1;14,70;94,80;115,90;4;9,50;100;0,90;-0,20;
2026-06-01 22:18:00.0;OFF;ON;100;-3;-4;1;14,70;94,80;115,90;4;9,50;99,60;0,90;-0,20;
2026-06-01 22:19:00.0;OFF;ON;100;-3,80;-4;1;14,60;94,80;115,90;4,80;9,50;96,50;0,90;-0,20;
2026-06-01 22:20:00.0;OFF;ON;100;-3,70;-4;0,90;14,60;94,40;115,90;4,60;9,50;97,70;0,70;-0,30;
2026-06-01 22:21:00.0;OFF;ON;100;-3,60;-4;0,90;14,60;94,40;115,90;4,40;9,50;98,30;0,70;-0,40;
2026-06-01 22:22:00.0;OFF;ON;100;-3,20;-4;0,80;14,50;94,30;115,90;4;9,50;99,40;0,70;-0,30;
2026-06-01 22:23:00.0;OFF;ON;100;-3,70;-4;0,80;14,50;94,30;115,90;4,50;9,50;97,20;0,70;-0,30;
2026-06-01 22:24:00.0;OFF;ON;100;-3,40;-4;0,80;14,50;94,20;115,90;4,20;9,50;98,60;0,70;-0,30;
2026-06-01 22:25:00.0;OFF;ON;100;-3,20;-4;0,80;14,50;94,40;115,90;4;9,50;99,40;0,70;-0,30;
2026-06-01 22:26:00.0;OFF;ON;100;-3,80;-4;0,80;14,40;94,30;115,90;4,60;9,50;96,70;0,70;-0,30;
2026-06-01 22:27:00.0;OFF;ON;100;-3,20;-4;0,80;14,40;94,30;115,90;4,10;9,50;99,10;0,70;-0,30;
2026-06-01 22:28:00.0;OFF;ON;100;-3,60;-4;0,80;14,40;94,50;115,90;4,40;9,50;97,60;0,70;-0,30;
2026-06-01 22:29:00.0;OFF;ON;100;-3,70;-4;0,80;14,30;94,40;115,80;4,50;9,50;97,20;0,70;-0,40;
2026-06-01 22:30:00.0;OFF;ON;100;-3,30;-4;0,80;14,30;94,40;115,80;4,10;9,50;98,90;0,60;-0,40;
2026-06-01 22:31:00.0;OFF;ON;100;-3,40;-4;0,80;14,30;94,40;115,80;4,20;9,50;98,30;0,70;-0,40;
2026-06-01 22:32:00.0;OFF;ON;100;-3,50;-4;0,80;14,30;94,40;115,80;4,30;9,50;98,30;0,60;-0,40;
2026-06-01 22:33:00.0;OFF;ON;100;-3,60;-4;0,80;14,20;94,40;115,80;4,40;9,50;97,70;0,70;-0,40;
2026-06-01 22:34:00.0;OFF;ON;100;-3,10;-4;0,80;14,20;94,40;115,80;3,90;9,50;99,60;0,60;-0,40;
2026-06-01 22:35:00.0;OFF;ON;100;-3,70;-4;0,70;14,20;94,40;115,80;4,40;9,50;97,40;0,60;-0,40;
2026-06-01 22:36:00.0;OFF;ON;100;-3,30;-4;0,70;14,10;94,40;115,80;4;9,50;99,50;0,60;-0,40;
2026-06-01 22:37:00.0;OFF;ON;100;-3,60;-4;0,70;14,10;94,40;115,80;4,30;9,50;98,10;0,60;-0,40;
2026-06-01 22:38:00.0;OFF;ON;100;-3,80;-4;0,70;14,10;94,40;115,80;4,50;9,50;96,90;0,60;-0,40;
2026-06-01 22:39:00.0;OFF;ON;100;-3,40;-4;0,70;14,10;94,40;115,80;4,10;9,50;98,70;0,60;-0,40;
2026-06-01 22:40:00.0;OFF;ON;100;-3,60;-4;0,70;14;94,40;115,80;4,30;9,50;97,80;0,60;-0,40;
2026-06-01 22:41:00.0;OFF;ON;100;-3,60;-4;0,70;14;94,30;115,80;4,30;9,50;97,70;0,60;-0,40;
2026-06-01 22:42:00.0;OFF;ON;100;-3,50;-4;0,70;14;94,40;115,80;4,20;9,50;98,20;0,60;-0,40;
2026-06-01 22:43:00.0;OFF;ON;100;-3,60;-4;0,70;14;94,40;115,80;4,30;9,50;97,50;0,60;-0,40;
2026-06-01 22:44:00.0;OFF;ON;100;-3,30;-4;0,70;13,90;94,40;115,80;4;9,50;99,30;0,50;-0,40;
2026-06-01 22:45:00.0;OFF;ON;100;-3,30;-4;0,70;13,90;94,30;115,80;3,90;9,50;99,50;0,60;-0,40;
2026-06-01 22:46:00.0;OFF;ON;100;-3,50;-4;0,60;13,90;94,40;115,80;4,10;9,50;98,60;0,50;-0,40;
2026-06-01 22:47:00.0;OFF;ON;100;-3,70;-4;0,60;13,80;94,30;115,80;4,30;9,50;97,30;0,60;-0,40;
2026-06-01 22:48:00.0;OFF;ON;100;-3,40;-4;0,60;13,80;94,30;115,80;4;9,50;99;0,50;-0,50;
2026-06-01 22:49:00.0;OFF;ON;100;-3,20;-4;0,60;13,80;94,30;115,80;3,80;9,50;99,70;0,50;-0,50;
2026-06-01 22:50:00.0;OFF;ON;100;-3,40;-4;0,60;13,80;94,30;115,80;4;9,50;99,10;0,50;-0,50;
2026-06-01 22:51:00.0;OFF;ON;100;-4,20;-4;0,60;13,70;94,40;115,80;4,80;9,50;95,90;0,50;-0,50;
2026-06-01 22:52:00.0;OFF;ON;100;-3,40;-4;0,60;13,70;94,30;115,80;4;9,50;98,90;0,40;-0,50;
2026-06-01 22:53:00.0;OFF;ON;100;-3,20;-4;0,50;13,70;94,30;115,80;3,80;9,50;99,60;0,40;-0,50;
2026-06-01 22:54:00.0;OFF;ON;100;-3,20;-4;0,60;13,60;94,40;115,80;3,80;9,50;99,70;0,50;-0,40;
2026-06-01 22:55:00.0;OFF;ON;100;-3,40;-4;0,60;13,60;94,40;115,80;3,90;9,50;99,30;0,50;-0,40;
2026-06-01 22:56:00.0;OFF;ON;100;-3,40;-4;0,60;13,60;94,50;115,80;4;9,50;99,50;0,50;-0,40;
2026-06-01 22:57:00.0;OFF;ON;100;-3,30;-4;0,60;13,60;94,40;115,80;3,90;9,50;99,60;0,50;-0,40;
2026-06-01 22:58:00.0;OFF;ON;100;-3,40;-4;0,60;13,50;94,50;115,80;4;9,50;99,40;0,50;-0,40;
2026-06-01 22:59:00.0;OFF;ON;100;-3,40;-4;0,60;13,50;94,50;115,80;4;9,50;99,50;0,50;-0,40;
2026-06-01 23:00:00.0;OFF;ON;100;-3,40;-4;0,60;13,50;94,50;115,80;4;9,50;99,70;0,50;-0,40;
2026-06-01 23:01:00.0;OFF;ON;100;-3,40;-4;0,60;13,40;94,40;115,80;4;9,50;99,30;0,40;-0,40;
2026-06-01 23:02:00.0;OFF;ON;100;-3,30;-4;0,60;13,40;94,40;115,80;3,80;9,50;100;0,50;-0,50;
2026-06-01 23:03:00.0;OFF;ON;100;-3,40;-4;0,50;13,40;94,50;115,80;3,90;9,50;99,50;0,40;-0,50;
2026-06-01 23:04:00.0;OFF;ON;100;-3,40;-4;0,50;13,40;94,40;115,80;3,90;9,50;99,60;0,40;-0,50;
2026-06-01 23:05:00.0;OFF;ON;100;-3,30;-4;0,50;13,30;94,50;115,80;3,80;9,50;100;0,40;-0,50;
2026-06-01 23:06:00.0;OFF;ON;100;-3,40;-4;0,50;13,30;94,40;115,80;4;9,50;99,50;0,40;-0,50;
2026-06-01 23:07:00.0;OFF;ON;100;-3,50;-4;0,50;13,30;94,40;115,80;4;9,50;99,10;0,40;-0,50;
2026-06-01 23:08:00.0;OFF;ON;100;-3,40;-4;0,50;13,20;94,40;115,80;3,90;9,50;99,70;0,40;-0,50;
2026-06-01 23:09:00.0;OFF;ON;100;-3,50;-4;0,50;13,20;94,40;115,80;3,90;9,50;99,60;0,30;-0,50;
2026-06-01 23:10:00.0;OFF;ON;100;-3,40;-4;0,50;13,20;94,40;115,80;3,90;9,50;99,80;0,40;-0,50;
2026-06-01 23:11:00.0;OFF;ON;100;-3,40;-4;0,50;13,10;94,40;115,80;3,90;9,50;99,70;0,40;-0,50;
2026-06-01 23:12:00.0;OFF;ON;100;-3,60;-4;0,50;13,10;94,40;115,80;4;9,50;99;0,40;-0,50;
2026-06-01 23:13:00.0;OFF;ON;100;-3,50;-4;0,40;13,10;94,30;115,80;3,90;9,50;99,50;0,30;-0,50;
2026-06-01 23:14:00.0;OFF;ON;100;-3,40;-4;0,40;13,10;94,30;115,80;3,80;9,50;100;0,30;-0,50;
2026-06-01 23:15:00.0;OFF;ON;100;-3,50;-4;0,40;13;94,30;115,80;3,90;9,50;99,40;0,30;-0,50;
2026-06-01 23:16:00.0;OFF;ON;100;-3,40;-4;0,40;13;94,40;115,80;3,80;9,50;100;0,30;-0,50;
2026-06-01 23:17:00.0;OFF;ON;100;-3,40;-4;0,40;13;94,40;115,80;3,80;9,50;100;0,30;-0,50;
2026-06-01 23:18:00.0;OFF;ON;100;-3,60;-4;0,40;13;94,40;115,80;4;9,50;99,30;0,30;-0,50;
2026-06-01 23:19:00.0;OFF;ON;100;-3,40;-4;0,40;12,90;94,40;115,80;3,80;9,50;100;0,30;-0,50;
2026-06-01 23:20:00.0;OFF;ON;100;-3,50;-4;0,40;12,90;94,40;115,80;3,90;9,50;99;0,30;-0,50;
2026-06-01 23:21:00.0;OFF;ON;100;-3,30;-4;0,40;12,90;94,40;115,70;3,70;9,50;100;0,30;-0,50;
2026-06-01 23:22:00.0;OFF;ON;100;-3,40;-4;0,40;12,80;94,40;115,70;3,80;9,50;99,60;0,30;-0,50;
2026-06-01 23:23:00.0;OFF;ON;100;-3,50;-4;0,40;12,80;94,40;115,70;3,90;9,50;99,20;0,30;-0,50;
2026-06-01 23:24:00.0;OFF;ON;100;-3,50;-4;0,40;12,80;94,40;115,70;3,90;9,50;99,40;0,20;-0,50;
2026-06-01 23:25:00.0;OFF;ON;100;-3,50;-4;0,40;12,80;94,40;115,70;3,80;9,50;99,40;0,30;-0,50;
2026-06-01 23:26:00.0;OFF;ON;100;-3,40;-4;0,40;12,70;94,40;115,70;3,80;9,50;99,40;0,20;-0,50;
2026-06-01 23:27:00.0;OFF;ON;100;-3,40;-4;0,40;12,70;94,40;115,70;3,80;9,50;99,70;0,30;-0,50;
2026-06-01 23:28:00.0;OFF;ON;100;-3,50;-4;0,30;12,70;94,40;115,70;3,80;9,50;99,60;0,20;-0,50;
2026-06-01 23:29:00.0;OFF;ON;100;-3,50;-4;0,30;12,60;94,30;115,70;3,80;9,50;100;0,20;-0,50;
2026-06-01 23:30:00.0;OFF;ON;100;-3,50;-4;0,30;12,60;94,40;115,70;3,80;9,50;99,70;0,20;-0,50;
2026-06-01 23:31:00.0;OFF;ON;100;-3,50;-4;0,30;12,60;94,30;115,70;3,80;9,50;99,50;0,20;-0,50;
2026-06-01 23:32:00.0;OFF;ON;100;-3,40;-4;0,30;12,60;94,30;115,70;3,70;9,50;99,70;0,20;-0,50;
2026-06-01 23:33:00.0;OFF;ON;100;-3,50;-4;0,30;12,50;94,30;115,70;3,80;9,50;99,30;0,20;-0,60;
2026-06-01 23:34:00.0;OFF;ON;100;-3,50;-4;0,30;12,50;94,30;115,70;3,80;9,50;99,40;0,20;-0,60;
2026-06-01 23:35:00.0;OFF;ON;100;-3,50;-4;0,30;12,50;94,40;115,70;3,80;9,50;99,50;0,20;-0,60;
2026-06-01 23:36:00.0;OFF;ON;100;-3,50;-4;0,30;12,50;94,30;115,70;3,80;9,50;99,60;0,20;-0,60;
2026-06-01 23:37:00.0;OFF;ON;100;-3,40;-4;0,30;12,40;94,30;115,70;3,70;9,50;100;0,10;-0,60;
2026-06-01 23:38:00.0;OFF;ON;100;-3,50;-4;0,20;12,40;94,30;115,70;3,70;9,50;99,60;0,10;-0,60;
2026-06-01 23:39:00.0;OFF;ON;100;-3,50;-4;0,30;12,40;94,30;115,70;3,80;9,50;99,30;0,20;-0,60;
2026-06-01 23:40:00.0;OFF;ON;100;-3,40;-4;0,20;12,30;94,30;115,70;3,60;9,50;99,60;0,20;-0,60;
2026-06-01 23:41:00.0;OFF;ON;100;-3,40;-4;0,20;12,30;94,30;115,70;3,70;9,50;99,70;0,10;-0,60;
2026-06-01 23:42:00.0;OFF;ON;100;-3,50;-4;0,20;12,30;94,30;115,70;3,70;9,50;99,70;0,20;-0,60;
2026-06-01 23:43:00.0;OFF;ON;100;-3,50;-4;0,20;12,20;94,30;115,70;3,70;9,50;99,60;0,10;-0,60;
2026-06-01 23:44:00.0;OFF;ON;100;-3,60;-4;0,20;12,20;94,30;115,70;3,80;9,50;99,50;0,10;-0,60;
2026-06-01 23:45:00.0;OFF;ON;100;-3,50;-4;0,20;12,20;94,30;115,70;3,70;9,50;99,70;0,10;-0,60;
2026-06-01 23:46:00.0;OFF;ON;100;-3,60;-4;0,20;12,20;94,30;115,70;3,80;9,50;99,20;0,10;-0,60;
2026-06-01 23:47:00.0;OFF;ON;100;-3,40;-4;0,20;12,20;94,30;115,70;3,60;9,50;100;0,10;-0,60;
2026-06-01 23:48:00.0;OFF;ON;100;-3,50;-4;0,20;12,10;94,30;115,70;3,70;9,50;99,50;0,10;-0,60;
2026-06-01 23:49:00.0;OFF;ON;100;-3,60;-4;0,20;12,10;94,30;115,70;3,80;9,50;98,90;0,10;-0,60;
2026-06-01 23:50:00.0;OFF;ON;100;-3,50;-4;0,20;12,10;94,40;115,70;3,70;9,50;99,60;0,10;-0,60;
2026-06-01 23:51:00.0;OFF;ON;100;-3,50;-4;0,20;12;94,30;115,70;3,70;9,50;99,50;0,10;-0,60;
2026-06-01 23:52:00.0;OFF;ON;100;-3,50;-4;0,10;12;94,40;115,70;3,70;9,50;99,80;0,10;-0,60;
2026-06-01 23:53:00.0;OFF;ON;100;-3,50;-4;0,10;12;94,40;115,70;3,60;9,50;99,80;0,10;-0,60;
2026-06-01 23:54:00.0;OFF;ON;100;-3,60;-4;0,10;11,90;94,30;115,70;3,70;9,50;99,30;0;-0,60;
2026-06-01 23:55:00.0;OFF;ON;100;-3,50;-4;0,10;11,90;94,30;115,70;3,60;9,50;99,70;0;-0,60;
2026-06-01 23:56:00.0;OFF;ON;100;-3,50;-4;0,10;11,90;94,20;115,70;3,60;9,50;99,70;0;-0,60;
2026-06-01 23:57:00.0;OFF;ON;100;-3,50;-4;0,10;11,90;94,30;115,70;3,60;9,50;99,60;0;-0,60;
2026-06-01 23:58:00.0;OFF;ON;100;-3,50;-4;0,10;11,80;94,30;115,70;3,60;9,50;99,40;0;-0,60;
2026-06-01 23:59:00.0;OFF;ON;100;-3,40;-4;0,10;11,80;94,40;115,70;3,50;9,50;100;0;-0,60;
