CamCarcacas2;
2026-07-01 00:00;2026-07-02 00:00;
12144 Frigorífico Thoms;
ayron.costa;
" ";CPCO 51 - Câmara de carcaças - Controle de temperatura 1;CPCO 51 - Câmara de carcaças - Controle de temperatura 1;CPCO 51 - Câmara de carcaças - Controle de temperatura 1;CPCO 51 - Câmara de carcaças - Controle de temperatura 1;CPCO 51 - Câmara de carcaças - Controle de temperatura 1;CPCO 51 - Câmara de carcaças - Controle de temperatura 1;CPCO 52 - Câmara de carcaças - Controle de temperatura 2;CPCO 52 - Câmara de carcaças - Controle de temperatura 2;CPCO 53 - Balança;CPCO 51 - Câmara de carcaças - Controle de temperatura 1;CPCO 51 - Câmara de carcaças - Controle de temperatura 1;CPCO 51 - Câmara de carcaças - Controle de temperatura 1;CPCO 51 - Câmara de carcaças - Controle de temperatura 1;CPCO 54 - Câmara de carcaças - Controle de temperatura 3;
" ";Carregamento;Resfriamento;Saida Y1 - Ventiladores EC;Temp entrada glicol;Temp ref;Temp retorno ar;Temperatuda espeto;Umidade relativa da camara;Peso atual;DT Atual;DT ref;Cap Atual Valvula;Temp retorno ar M1A08;Temp Insuf de ar M1A08;" ";
2026-07-01 00:00:00.0;OFF;ON;100;-3,50;-4;-0,70;8,50;94,30;87,90;2,80;3,50;98;-0,90;-1,40;
2026-07-01 00:01:00.0;OFF;ON;100;-3,50;-4;-0,70;8,50;94,40;87,90;2,80;3,50;98,60;-0,90;-1,40;
2026-07-01 00:02:00.0;OFF;ON;100;-3,60;-4;-0,80;8,50;94,30;87,90;2,80;3,50;99,20;-0,90;-1,40;
2026-07-01 00:03:00.0;OFF;ON;100;-3,70;-4;-0,80;8,40;94,30;87,90;2,90;3,50;99;-0,90;-1,40;
2026-07-01 00:04:00.0;OFF;ON;100;-3,60;-4;-0,80;8,40;94,30;87,90;2,80;3,50;96,80;-0,90;-1,40;
2026-07-01 00:05:00.0;OFF;ON;100;-3,60;-4;-0,80;8,40;94,40;87,90;2,80;3,50;97,80;-0,90;-1,40;
2026-07-01 00:06:00.0;OFF;ON;100;-3,60;-4;-0,80;8,40;94,40;87,90;2,90;3,50;98,30;-0,90;-1,40;
2026-07-01 00:07:00.0;OFF;ON;100;-3,60;-4;-0,80;8,30;94,40;87,90;2,90;3,50;99,20;-1;-1,40;
2026-07-01 00:08:00.0;OFF;ON;100;-3,50;-4;-0,80;8,30;94,30;87,90;2,80;3,50;100;-1;-1,40;
2026-07-01 00:09:00.0;OFF;ON;100;-3,70;-4;-0,80;8,30;94,30;87,90;2,90;3,50;99,20;-1;-1,40;
2026-07-01 00:10:00.0;OFF;ON;100;-3,70;-4;-0,80;8,30;94,30;87,90;2,80;3,50;99,30;-1;-1,40;
2026-07-01 00:11:00.0;OFF;ON;100;-3,70;-4;-0,80;8,20;94,20;87,90;2,80;3,50;99,40;-1;-1,40;
2026-07-01 00:12:00.0;OFF;ON;100;-3,70;-4;-0,80;8,20;94,20;87,90;2,80;3,50;99,20;-1;-1,40;
2026-07-01 00:13:00.0;OFF;ON;100;-3,70;-4;-0,80;8,20;94,20;87,90;2,80;3,50;99,20;-1;-1,50;
2026-07-01 00:14:00.0;OFF;ON;100;-3,10;-4;-0,80;8,10;94,20;87,90;2,30;3,50;99,30;-1;-1,50;
2026-07-01 00:15:00.0;OFF;ON;100;-3,60;-4;-0,80;8,10;94,40;87,90;2,70;3,50;97,50;-1;-1,40;
2026-07-01 00:16:00.0;OFF;ON;100;-3,50;-4;-0,80;8,10;94,40;87,90;2,60;3,50;99;-1;-1,40;
2026-07-01 00:17:00.0;OFF;ON;100;-3,60;-4;-0,80;8,10;94,40;87,90;2,70;3,50;99;-1;-1,40;
2026-07-01 00:18:00.0;OFF;ON;100;-3,60;-4;-0,80;8;94,40;87,90;2,80;3,50;99,20;-1;-1,40;
2026-07-01 00:19:00.0;OFF;ON;100;-3,50;-4;-0,80;8;94,40;87,90;2,70;3,50;100;-1;-1,40;
2026-07-01 00:20:00.0;OFF;ON;100;-3,60;-4;-0,90;8;94,30;87,90;2,80;3,50;99,30;-1;-1,40;
2026-07-01 00:21:00.0;OFF;ON;100;-3,50;-4;-0,90;8;94,30;87,90;2,70;3,50;100;-1;-1,40;
2026-07-01 00:22:00.0;OFF;ON;100;-3,40;-4;-0,90;7,90;94,40;87,90;2,50;3,50;97,80;-1;-1,40;
2026-07-01 00:23:00.0;OFF;ON;100;-3,60;-4;-0,80;7,90;94,40;87,90;2,70;3,50;97,60;-1;-1,40;
2026-07-01 00:24:00.0;OFF;ON;100;-3,60;-4;-0,80;7,90;94,50;87,90;2,70;3,50;98,80;-1;-1,40;
2026-07-01 00:25:00.0;OFF;ON;100;-3,50;-4;-0,90;7,80;94,50;87,80;2,60;3,50;100;-1;-1,40;
2026-07-01 00:26:00.0;OFF;ON;100;-3,60;-4;-0,90;7,80;94,50;87,90;2,70;3,50;99,30;-1;-1,40;
2026-07-01 00:27:00.0;OFF;ON;100;-3,60;-4;-0,90;7,80;94,40;87,90;2,70;3,50;99,40;-1,10;-1,40;
2026-07-01 00:28:00.0;OFF;ON;100;-3,60;-4;-0,90;7,80;94,40;87,90;2,70;3,50;99,40;-1,10;-1,50;
2026-07-01 00:29:00.0;OFF;ON;100;-3,60;-4;-0,90;7,70;94,40;87,80;2,70;3,50;99,50;-1,10;-1,50;
2026-07-01 00:30:00.0;OFF;ON;100;-3,50;-4;-0,90;7,70;94,40;87,80;2,60;3,50;99,80;-1,10;-1,50;
2026-07-01 00:31:00.0;OFF;ON;100;-3,60;-4;-0,90;7,70;94,40;87,80;2,70;3,50;99,40;-1,10;-1,50;
2026-07-01 00:32:00.0;OFF;ON;100;-3,60;-4;-0,90;7,60;94,40;87,80;2,70;3,50;99,30;-1,10;-1,50;
2026-07-01 00:33:00.0;OFF;ON;100;-3,60;-4;-0,90;7,60;94,40;87,90;2,70;3,50;99,20;-1,10;-1,50;
2026-07-01 00:34:00.0;OFF;ON;100;-3,60;-4;-0,90;7,60;94,40;87,80;2,70;3,50;99,40;-1,10;-1,50;
2026-07-01 00:35:00.0;OFF;ON;100;-3,50;-4;-0,90;7,60;94,40;87,90;2,60;3,50;100;-1,10;-1,50;
2026-07-01 00:36:00.0;OFF;ON;100;-3,50;-4;-0,90;7,50;94,40;87,90;2,60;3,50;100;-1,10;-1,50;
2026-07-01 00:37:00.0;OFF;ON;100;-3,50;-4;-0,90;7,50;94,40;87,80;2,60;3,50;100;-1,10;-1,50;
2026-07-01 00:38:00.0;OFF;ON;100;-3,50;-4;-1;7,50;94,40;87,90;2,60;3,50;100;-1,10;-1,50;
2026-07-01 00:39:00.0;OFF;ON;100;-3,60;-4;-1;7,40;94,40;87,80;2,70;3,50;99,20;-1,10;-1,50;
2026-07-01 00:40:00.0;OFF;ON;100;-3,60;-4;-1;7,40;94,40;87,80;2,60;3,50;99,30;-1,10;-1,50;
2026-07-01 00:41:00.0;OFF;ON;100;-3,50;-4;-1;7,40;94,30;87,80;2,50;3,50;100;-1,10;-1,50;
2026-07-01 00:42:00.0;OFF;ON;100;-3,50;-4;-1;7,40;94,40;87,80;2,50;3,50;100;-1,10;-1,50;
2026-07-01 00:43:00.0;OFF;ON;100;-3,50;-4;-1;7,30;94,40;87,80;2,50;3,50;100;-1,10;-1,50;
2026-07-01 00:44:00.0;OFF;ON;100;-3,50;-4;-1;7,30;94,40;87,80;2,50;3,50;100;-1,10;-1,50;
2026-07-01 00:45:00.0;OFF;ON;100;-3,50;-4;-1;7,30;94,40;87,80;2,50;3,50;100;-1,20;-1,50;
2026-07-01 00:46:00.0;OFF;ON;100;-3,50;-4;-1;7,20;94,50;87,80;2,50;3,50;100;-1,20;-1,50;
2026-07-01 00:47:00.0;OFF;ON;100;-3,40;-4;-1;7,20;94,50;87,80;2,40;3,50;100;-1,20;-1,50;
2026-07-01 00:48:00.0;OFF;ON;100;-3,50;-4;-1;7,20;94,50;87,80;2,50;3,50;100;-1,20;-1,50;
2026-07-01 00:49:00.0;OFF;ON;100;-3,60;-4;-1;7,20;94,50;87,80;2,60;3,50;99,40;-1,10;-1,50;
2026-07-01 00:50:00.0;OFF;ON;100;-3,40;-4;-1;7,10;94,50;87,80;2,40;3,50;100;-1,10;-1,50;
2026-07-01 00:51:00.0;OFF;ON;100;-3,40;-4;-1;7,10;94,50;87,80;2,50;3,50;100;-1,10;-1,50;
2026-07-01 00:52:00.0;OFF;ON;100;-3,50;-4;-1;7,10;94,50;87,80;2,50;3,50;99,40;-1,10;-1,50;
2026-07-01 00:53:00.0;OFF;ON;100;-3,50;-4;-1;7;94,50;87,80;2,50;3,50;99,30;-1,20;-1,50;
2026-07-01 00:54:00.0;OFF;ON;100;-3,60;-4;-1;7;94,60;87,80;2,60;3,50;99;-1,10;-1,50;
2026-07-01 00:55:00.0;OFF;ON;100;-3,40;-4;-1;7;94,60;87,80;2,40;3,50;100;-1,20;-1,50;
2026-07-01 00:56:00.0;OFF;ON;100;-3,40;-4;-1;7;94,60;87,80;2,40;3,50;100;-1,20;-1,50;
2026-07-01 00:57:00.0;OFF;ON;100;-3,40;-4;-1;6,90;94,60;87,80;2,40;3,50;100;-1,20;-1,50;
2026-07-01 00:58:00.0;OFF;ON;100;-3,60;-4;-1;6,90;94,60;87,80;2,50;3,50;99,10;-1,20;-1,50;
2026-07-01 00:59:00.0;OFF;ON;100;-3,50;-4;-1;6,90;94,60;87,80;2,50;3,50;99,30;-1,20;-1,50;
2026-07-01 01:00:00.0;OFF;ON;100;-3,40;-4;-1;6,90;94,60;87,80;2,40;3,50;100;-1,20;-1,50;
2026-07-01 01:01:00.0;OFF;ON;100;-3,50;-4;-1;6,80;94,50;87,80;2,40;3,50;99,70;-1,20;-1,50;
2026-07-01 01:02:00.0;OFF;ON;100;-3,40;-4;-1;6,80;94,60;87,80;2,40;3,50;100;-1,20;-1,50;
2026-07-01 01:03:00.0;OFF;ON;100;-3,50;-4;-1;6,80;94,60;87,90;2,50;3,50;99,30;-1,20;-1,50;
2026-07-01 01:04:00.0;OFF;ON;100;-3,40;-4;-1;6,70;94,60;87,80;2,40;3,50;100;-1,20;-1,50;
2026-07-01 01:05:00.0;OFF;ON;100;-3,50;-4;-1;6,70;94,60;87,80;2,50;3,50;99,30;-1,20;-1,50;
2026-07-01 01:06:00.0;OFF;ON;100;-3,50;-4;-1,10;6,70;94,60;87,80;2,50;3,50;99,40;-1,20;-1,50;
2026-07-01 01:07:00.0;OFF;ON;100;-3,40;-4;-1;6,60;94,60;87,80;2,40;3,50;100;-1,20;-1,50;
2026-07-01 01:08:00.0;OFF;ON;100;-3,40;-4;-1,10;6,60;94,50;87,80;2,30;3,50;100;-1,20;-1,50;
2026-07-01 01:09:00.0;OFF;ON;100;-3,60;-4;-1,10;6,60;94,50;87,80;2,50;3,50;99,20;-1,20;-1,50;
2026-07-01 01:10:00.0;OFF;ON;100;-3,50;-4;-1,10;6,60;94,60;87,80;2,40;3,50;99,20;-1,20;-1,50;
2026-07-01 01:11:00.0;OFF;ON;100;-3,50;-4;-1,10;6,50;94,60;87,80;2,50;3,50;99,20;-1,20;-1,50;
2026-07-01 01:12:00.0;OFF;ON;100;-3,50;-4;-1,10;6,50;94,60;87,80;2,40;3,50;99,50;-1,20;-1,50;
2026-07-01 01:13:00.0;OFF;ON;100;-3,50;-4;-1,10;6,50;94,60;87,80;2,40;3,50;99,60;-1,20;-1,50;
2026-07-01 01:14:00.0;OFF;ON;100;-3,40;-4;-1,10;6,40;94,60;87,80;2,30;3,50;100;-1,20;-1,50;
2026-07-01 01:15:00.0;OFF;ON;100;-3,50;-4;-1,10;6,40;94,60;87,80;2,40;3,50;100;-1,20;-1,50;
2026-07-01 01:16:00.0;OFF;ON;100;-3,40;-4;-1,10;6,40;94,60;87,80;2,40;3,50;100;-1,20;-1,50;
2026-07-01 01:17:00.0;OFF;ON;100;-3,40;-4;-1,10;6,40;94,50;87,80;2,40;3,50;100;-1,20;-1,50;
2026-07-01 01:18:00.0;OFF;ON;100;-3,40;-4;-1,10;6,30;94,60;87,80;2,30;3,50;100;-1,20;-1,50;
2026-07-01 01:19:00.0;OFF;ON;100;-3,40;-4;-1,10;6,30;94,60;87,80;2,30;3,50;100;-1,30;-1,50;
2026-07-01 01:20:00.0;OFF;ON;100;-3,50;-4;-1,10;6,30;94,50;87,80;2,40;3,50;99,20;-1,20;-1,50;
2026-07-01 01:21:00.0;OFF;ON;100;-3,50;-4;-1,10;6,20;94,60;87,80;2,50;3,50;99,30;-1,20;-1,50;
2026-07-01 01:22:00.0;OFF;ON;100;-3,40;-4;-1,10;6,20;94,60;87,80;2,40;3,50;100;-1,30;-1,50;
2026-07-01 01:23:00.0;OFF;ON;100;-3,40;-4;-1;6,20;94,60;87,80;2,40;3,50;100;-1,30;-1,50;
2026-07-01 01:24:00.0;OFF;ON;100;-3,40;-4;-1;6,20;94,60;87,80;2,50;3,50;100;-1,30;-1,50;
2026-07-01 01:25:00.0;OFF;ON;100;-3,40;-4;-1;6,10;94,60;87,80;2,50;3,50;100;-1,30;-1,50;
2026-07-01 01:26:00.0;OFF;ON;100;-3,50;-4;-1;6,10;94,60;87,80;2,50;3,50;99,60;-1,30;-1,50;
2026-07-01 01:27:00.0;OFF;ON;100;-3,50;-4;-1;6,10;94,60;87,80;2,60;3,50;99,30;-1,30;-1,50;
2026-07-01 01:28:00.0;OFF;ON;100;-3,40;-4;-1;6;94,60;87,80;2,50;3,50;100;-1,30;-1,50;
2026-07-01 01:29:00.0;OFF;ON;100;-3,40;-4;-1;6;94,60;87,80;2,50;3,50;100;-1,30;-1,50;
2026-07-01 01:30:00.0;OFF;ON;100;-3,50;-4;-1;6;94,60;87,80;2,60;3,50;99,40;-1,30;-1,50;
2026-07-01 01:31:00.0;OFF;ON;100;-3,40;-4;-1;6;94,60;87,80;2,50;3,50;100;-1,30;-1,50;
2026-07-01 01:32:00.0;OFF;ON;100;-3,40;-4;-1;5,90;94,60;87,80;2,50;3,50;100;-1,30;-1,50;
2026-07-01 01:33:00.0;OFF;ON;100;-3,50;-4;-1;5,90;94,70;87,80;2,50;3,50;99,30;-1,30;-1,50;
2026-07-01 01:34:00.0;OFF;ON;100;-3,50;-4;-1;5,90;94,60;87,80;2,50;3,50;100;-1,30;-1,60;
2026-07-01 01:35:00.0;OFF;ON;100;-3,40;-4;-1;5,80;94,60;87,80;2,40;3,50;100;-1,30;-1,60;
2026-07-01 01:36:00.0;OFF;ON;100;-3,40;-4;-1;5,80;94,60;87,80;2,40;3,50;100;-1,30;-1,60;
2026-07-01 01:37:00.0;OFF;ON;100;-3,40;-4;-1;5,80;94,50;87,80;2,40;3,50;100;-1,30;-1,60;
2026-07-01 01:38:00.0;OFF;ON;100;-3,40;-4;-1;5,80;94,60;87,80;2,40;3,50;100;-1,30;-1,60;
2026-07-01 01:39:00.0;OFF;ON;100;-3,40;-4;-1;5,70;94,60;87,80;2,40;3,50;100;-1,30;-1,60;
2026-07-01 01:40:00.0;OFF;ON;100;-3,50;-4;-1;5,70;94,60;87,80;2,40;3,50;99,70;-1,30;-1,60;
2026-07-01 01:41:00.0;OFF;ON;100;-3,40;-4;-1,10;5,70;94,60;87,80;2,40;3,50;100;-1,30;-1,60;
2026-07-01 01:42:00.0;OFF;ON;100;-3,50;-4;-1,10;5,70;94,60;87,80;2,50;3,50;99,40;-1,30;-1,60;
2026-07-01 01:43:00.0;OFF;ON;100;-3,90;-4;-1,10;5,60;94,60;87,80;2,80;3,50;97,70;-1,30;-1,60;
2026-07-01 01:44:00.0;OFF;ON;100;-4,10;-4;-1,10;5,60;94,60;87,80;3;3,50;96;-1,30;-1,60;
2026-07-01 01:45:00.0;OFF;ON;100;-3,30;-4;-1,20;5,60;94,10;87,80;2,10;3,50;99,50;-1,40;-1,80;
2026-07-01 01:46:00.0;OFF;ON;100;-3,40;-4;-1,20;5,50;94,10;87,80;2,20;3,50;100;-1,40;-1,70;
2026-07-01 01:47:00.0;OFF;ON;100;-3,20;-4;-1,10;5,50;94,40;87,80;2,10;3,50;99,50;-1,30;-1,60;
2026-07-01 01:48:00.0;OFF;ON;50;-3,10;-4;-1,10;5,50;94,80;87,80;2;3,50;100;-1,30;-1,70;
2026-07-01 01:49:00.0;OFF;ON;50;-3,80;-4;-1,10;5,50;94,80;87,80;2,70;3,50;95;-1,40;-1,90;
2026-07-01 01:50:00.0;OFF;ON;50;-3,80;-4;-1,20;5,40;94,60;87,80;2,60;3,50;95,40;-1,50;-2,20;
2026-07-01 01:51:00.0;OFF;ON;50;-3,90;-4;-1,30;5,40;94;87,80;2,60;3,50;95,10;-1,60;-2,50;
2026-07-01 01:52:00.0;OFF;ON;50;-3,10;-4;-1,40;5,40;93,70;87,80;1,70;3,50;99,70;-1,70;-2,60;
2026-07-01 01:53:00.0;OFF;ON;50;-3,70;-4;-1,40;5,30;93,30;87,80;2,30;3,50;97;-1,70;-2,50;
2026-07-01 01:54:00.0;OFF;ON;50;-3,50;-4;-1,40;5,30;93,50;87,80;2,10;3,50;99,40;-1,70;-2,50;
2026-07-01 01:55:00.0;OFF;ON;50;-3,50;-4;-1,40;5,30;93,50;87,80;2,10;3,50;100;-1,70;-2,50;
2026-07-01 01:56:00.0;OFF;ON;50;-3,50;-4;-1,40;5,30;93,60;87,80;2,10;3,50;100;-1,70;-2,50;
2026-07-01 01:57:00.0;OFF;ON;50;-3,60;-4;-1,40;5,20;93,50;87,80;2,20;3,50;99,50;-1,70;-2,50;
2026-07-01 01:58:00.0;OFF;ON;50;-3,60;-4;-1,40;5,20;93,60;87,80;2,20;3,50;99,70;-1,70;-2,50;
2026-07-01 01:59:00.0;OFF;ON;50;-3,60;-4;-1,40;5,20;93,60;87,80;2,10;3,50;99,70;-1,70;-2,50;
2026-07-01 02:00:00.0;OFF;ON;50;-3,70;-4;-1,50;5,10;93,50;87,80;2,20;3,50;99,20;-1,70;-2,50;
2026-07-01 02:01:00.0;OFF;ON;50;-3,70;-4;-1,50;5,10;93,40;87,80;2,20;3,50;99,20;-1,70;-2,50;
2026-07-01 02:02:00.0;OFF;ON;50;-3,60;-4;-1,50;5,10;93,50;87,80;2,10;3,50;100;-1,70;-2,50;
2026-07-01 02:03:00.0;OFF;ON;50;-3,70;-4;-1,50;5,10;93,50;87,80;2,20;3,50;99;-1,70;-2,50;
2026-07-01 02:04:00.0;OFF;ON;50;-3,70;-4;-1,40;5;93,50;87,80;2,30;3,50;99,30;-1,80;-2,50;
2026-07-01 02:05:00.0;OFF;ON;50;-3,60;-4;-1,30;5;93,60;87,80;2,20;3,50;99,70;-1,80;-2,50;
2026-07-01 02:06:00.0;OFF;ON;50;-3,60;-3,90;-1,30;5;93,60;87,80;2,20;3,50;99,70;-1,80;-2,50;
2026-07-01 02:07:00.0;OFF;ON;50;-3,60;-3,80;-1,40;5;93,60;87,80;2,30;3,50;99,20;-1,80;-2,60;
2026-07-01 02:08:00.0;OFF;ON;50;-3,70;-3,70;-1,40;4,90;93,50;87,80;2,30;3,50;98,80;-1,80;-2,50;
2026-07-01 02:09:00.0;OFF;ON;50;-3,60;-3,70;-1,30;4,90;93,60;87,80;2,20;3,50;98,10;-1,80;-2,50;
2026-07-01 02:10:00.0;OFF;ON;50;-3,60;-3,60;-1,40;4,90;93,60;87,80;2,20;3,50;98;-1,80;-2,50;
2026-07-01 02:11:00.0;OFF;ON;50;-3,60;-3,50;-1,40;4,90;93,60;87,80;2,20;3,50;96,90;-1,80;-2,50;
2026-07-01 02:12:00.0;OFF;ON;50;-3,70;-3,40;-1,40;4,80;93,60;87,80;2,20;3,50;96,30;-1,80;-2,50;
2026-07-01 02:13:00.0;OFF;ON;50;-3,60;-3,40;-1,50;4,80;93,60;87,80;2,10;3,50;95,50;-1,80;-2,50;
2026-07-01 02:14:00.0;OFF;ON;50;-3,50;-3,30;-1,50;4,80;93,50;87,80;2;3,50;94,90;-1,80;-2,50;
2026-07-01 02:15:00.0;OFF;ON;50;-3,50;-3,20;-1,40;4,80;93,60;87,80;2,10;3,50;93,50;-1,80;-2,50;
2026-07-01 02:16:00.0;OFF;ON;50;-3,50;-3;-1,40;4,80;93,60;87,80;2,10;3,50;91,60;-1,80;-2,50;
2026-07-01 02:17:00.0;OFF;ON;50;-3,60;-2,80;-1,40;4,70;93,60;87,80;2,20;3,50;88,80;-1,80;-2,50;
2026-07-01 02:18:00.0;OFF;ON;50;-3,50;-2,70;-1,40;4,70;93,60;87,80;2,10;3,50;87,10;-1,80;-2,50;
2026-07-01 02:19:00.0;OFF;ON;50;-3,50;-2,70;-1,50;4,70;93,70;87,80;2;3,50;84,50;-1,80;-2,50;
2026-07-01 02:20:00.0;OFF;ON;50;-3,60;-2,50;-1,50;4,70;93,70;87,80;2,10;3,50;81,70;-1,80;-2,50;
2026-07-01 02:21:00.0;OFF;ON;50;-3,60;-2,30;-1,40;4,70;93,70;87,80;2,20;3,50;79,20;-1,80;-2,50;
2026-07-01 02:22:00.0;OFF;ON;50;-3,50;-2,20;-1,30;4,60;93,90;87,80;2,20;3,50;74,10;-1,70;-2,50;
2026-07-01 02:23:00.0;OFF;ON;50;-3,50;-2,10;-1,30;4,60;93,90;87,80;2,20;3,50;72;-1,70;-2,40;
2026-07-01 02:24:00.0;OFF;ON;50;-3,70;-1,90;-1,30;4,60;93,90;87,80;2,40;3,50;66,30;-1,70;-2,40;
2026-07-01 02:25:00.0;OFF;ON;50;-3;-1,70;-1,30;4,60;94;87,80;1,70;3,50;66,40;-1,70;-2,40;
2026-07-01 02:26:00.0;OFF;ON;50;-3;-1,50;-1,30;4,50;94,10;87,80;1,70;3,50;61,80;-1,70;-2,30;
2026-07-01 02:27:00.0;OFF;ON;50;-2,90;-1,40;-1,20;4,50;94,20;87,80;1,70;3,50;58,30;-1,60;-2,20;
2026-07-01 02:28:00.0;OFF;ON;50;-2,60;-1,20;-1,20;4,50;94,40;87,80;1,40;3,50;55,40;-1,60;-2,10;
2026-07-01 02:29:00.0;OFF;ON;50;-2,60;-1;-1,20;4,50;94,60;87,80;1,40;3,50;52;-1,60;-2;
2026-07-01 02:30:00.0;OFF;ON;50;-2,30;-0,80;-1,10;4,50;94,70;87,80;1,20;3,50;50,30;-1,50;-1,90;
2026-07-01 02:31:00.0;OFF;ON;50;-2,10;-0,60;-1,10;4,40;94,90;87,80;1;3,50;45,60;-1,50;-1,80;
2026-07-01 02:32:00.0;OFF;ON;50;-2;-0,40;-1,10;4,40;95,10;87,80;0,90;3,50;42,20;-1,40;-1,70;
2026-07-01 02:33:00.0;OFF;ON;50;-1,70;-0,20;-1;4,40;95,30;87,80;0,70;3,50;38,40;-1,40;-1,60;
2026-07-01 02:34:00.0;OFF;ON;50;-1,70;0;-1;4,40;95,50;87,80;0,70;3,50;34,80;-1,30;-1,50;
2026-07-01 02:35:00.0;OFF;ON;50;-1,40;0,20;-0,90;4,40;95,70;87,80;0,50;3,50;31,90;-1,20;-1,30;
2026-07-01 02:36:00.0;OFF;ON;50;-1,20;0,40;-0,80;4,30;95,80;87,80;0,40;3,50;27,80;-1,20;-1,20;
2026-07-01 02:37:00.0;OFF;ON;50;-1,10;0,60;-0,70;2,30;96,10;84,10;0,30;3,50;20;-1,10;-1,10;
2026-07-01 02:38:00.0;OFF;ON;50;-0,90;1,80;-0,60;-0,80;96,40;0,20;0,20;3,50;20;-1;-0,90;
2026-07-01 02:39:00.0;OFF;ON;50;-0,80;1,90;-0,60;-1,60;96,60;5;0,20;3,50;20;-0,90;-0,80;
2026-07-01 02:40:00.0;OFF;ON;50;-0,50;2;-0,50;-2,40;97;3,30;0,10;3,50;20;-0,80;-0,60;
2026-07-01 02:41:00.0;OFF;ON;50;-0,20;2,10;-0,40;-2,60;97,30;0;-0,20;3,50;20;-0,70;-0,40;
2026-07-01 02:42:00.0;OFF;ON;50;0,10;2,10;-0,30;-2,50;97,60;0;-0,40;3,50;20;-0,60;-0,30;
2026-07-01 02:43:00.0;OFF;ON;50;0,10;1;-0,20;1,50;97,80;0;-0,30;3,50;20;-0,50;-0,10;
2026-07-01 02:44:00.0;OFF;ON;50;0,40;1;-0,20;1,70;98;0;-0,60;3,50;20;-0,40;0;
2026-07-01 02:45:00.0;OFF;ON;50;0,40;1,40;-0,10;1,70;98,10;0;-0,50;3,50;20;-0,40;0,20;
2026-07-01 02:46:00.0;OFF;ON;50;0,30;2,20;-0,10;1,70;98,10;0;-0,40;3,50;20;-0,30;0,20;
2026-07-01 02:47:00.0;OFF;ON;50;0,40;2,40;-0,10;1,70;98,30;0;-0,50;3,50;20;-0,30;0,20;
2026-07-01 02:48:00.0;OFF;ON;50;0,30;2,50;0;1,70;98,30;0;-0,30;3,50;20;-0,30;0,20;
2026-07-01 02:49:00.0;OFF;ON;50;0,30;2,50;0;1,70;98,30;0;-0,40;3,50;20;-0,30;0,20;
2026-07-01 02:50:00.0;OFF;ON;50;0,30;2,50;0;1,70;98,30;0;-0,30;3,50;20;-0,20;0,20;
2026-07-01 02:51:00.0;OFF;ON;50;0,20;2,50;0;1,70;98,30;0;-0,20;3,50;20;-0,20;0,30;
2026-07-01 02:52:00.0;OFF;ON;50;0,20;2,50;0;1,70;98,30;0;-0,20;3,50;20;-0,20;0,30;
2026-07-01 02:53:00.0;OFF;ON;50;0,40;2,50;0;1,60;98,30;0;-0,40;3,50;20;-0,20;0,30;
2026-07-01 02:54:00.0;OFF;ON;50;0,30;2,50;0;1,60;98,30;0;-0,30;3,50;20;-0,20;0,30;
2026-07-01 02:55:00.0;OFF;ON;50;0,40;2,50;0,10;1,60;98,30;0;-0,30;3,50;20;-0,20;0,30;
2026-07-01 02:56:00.0;OFF;ON;50;0,40;2,60;0,10;1,60;98,30;0;-0,30;3,50;20;-0,20;0,30;
2026-07-01 02:57:00.0;OFF;ON;50;0,30;2,60;0,10;1,60;98,20;0;-0,20;3,50;20;-0,20;0,30;
2026-07-01 02:58:00.0;OFF;ON;50;0,40;2,60;0,10;1,60;98,20;0;-0,30;3,50;20;-0,20;0,30;
2026-07-01 02:59:00.0;OFF;ON;50;0,40;2,60;0,10;1,60;98,20;0;-0,30;3,50;20;-0,20;0,30;
2026-07-01 03:00:00.0;OFF;ON;50;0,50;2,60;0,10;1,50;98,20;0;-0,30;3,50;20;-0,10;0,30;
2026-07-01 03:01:00.0;OFF;ON;50;0,70;2,60;0,10;1,50;98,20;0;-0,60;3,50;20;-0,10;0,30;
2026-07-01 03:02:00.0;OFF;ON;50;0,60;2,60;0,10;1,50;98,10;0;-0,40;3,50;20;-0,10;0,30;
2026-07-01 03:03:00.0;OFF;ON;50;0,60;2,60;0,10;1,50;98,10;0;-0,40;3,50;20;-0,10;0,30;
2026-07-01 03:04:00.0;OFF;ON;50;0,80;2,60;0,20;1,50;98,10;0;-0,70;3,50;20;-0,10;0,30;
2026-07-01 03:05:00.0;OFF;ON;50;0,80;2,70;0,20;1,50;98,10;0;-0,60;3,50;20;-0,10;0,30;
2026-07-01 03:06:00.0;OFF;ON;50;0,70;2,70;0,20;1,50;98;0;-0,60;3,50;20;-0,10;0,30;
2026-07-01 03:07:00.0;OFF;ON;50;0,70;2,70;0,20;1,40;98;0;-0,50;3,50;20;-0,10;0,30;
2026-07-01 03:08:00.0;OFF;ON;50;0,60;2,70;0,20;1,40;98;0;-0,40;3,50;20;-0,10;0,30;
2026-07-01 03:09:00.0;OFF;ON;50;0,40;2,60;0,10;1,40;97,90;0;-0,30;3,50;20;-0,10;0,30;
2026-07-01 03:10:00.0;OFF;ON;50;0,50;2,60;0,10;1,40;97,80;0;-0,40;3,50;20;-0,10;0,30;
2026-07-01 03:11:00.0;OFF;ON;50;0,40;2,60;0,10;1,40;97,80;0;-0,30;3,50;20;-0,10;0,30;
2026-07-01 03:12:00.0;OFF;ON;50;0,40;2,60;0,10;1,40;97,70;0;-0,40;3,50;20;-0,10;0,30;
2026-07-01 03:13:00.0;OFF;ON;50;0,40;2,60;0,10;1,40;97,60;0;-0,30;3,50;20;-0,10;0,30;
2026-07-01 03:14:00.0;OFF;ON;50;0,30;2,60;0,10;1,30;97,60;0;-0,20;3,50;20;-0,10;0,30;
2026-07-01 03:15:00.0;OFF;ON;50;0,40;2,60;0,10;1,30;97,50;0;-0,30;3,50;20;-0,10;0,30;
2026-07-01 03:16:00.0;OFF;ON;50;0,30;2,60;0,10;1,30;97,50;0;-0,20;3,50;20;-0,10;0,30;
2026-07-01 03:17:00.0;OFF;ON;50;0,40;2,60;0,10;1,30;97,40;0;-0,30;3,50;20;-0,10;0,30;
2026-07-01 03:18:00.0;OFF;ON;50;0,40;2,60;0,10;1,30;97,40;0;-0,30;3,50;20;-0,10;0,30;
2026-07-01 03:19:00.0;OFF;ON;50;0,50;2,60;0,10;1,30;97,40;0;-0,40;3,50;20;-0,10;0,30;
2026-07-01 03:20:00.0;OFF;ON;50;0,60;2,60;0,10;1,30;97,30;0;-0,50;3,50;20;-0,10;0,30;
2026-07-01 03:21:00.0;OFF;ON;50;0,40;2,60;0,10;1,30;97,30;0;-0,30;3,50;20;-0,10;0,30;
2026-07-01 03:22:00.0;OFF;ON;50;0,60;2,60;0,10;1,20;97,30;0;-0,50;3,50;20;-0,10;0,30;
2026-07-01 03:23:00.0;OFF;ON;50;0,60;2,60;0,10;1,20;97,30;0;-0,50;3,50;20;-0,10;0,30;
2026-07-01 03:24:00.0;OFF;ON;50;0,60;2,60;0,10;1,20;97,30;0;-0,50;3,50;20;-0,10;0,30;
2026-07-01 03:25:00.0;OFF;ON;50;0,40;2,60;0,10;1,20;97,20;0;-0,30;3,50;20;-0,10;0,30;
2026-07-01 03:26:00.0;OFF;ON;50;0,40;2,60;0,10;1,20;97,20;0;-0,30;3,50;20;-0,10;0,30;
2026-07-01 03:27:00.0;OFF;ON;50;0,40;2,60;0,10;1,20;97,30;0;-0,30;3,50;20;-0,10;0,30;
2026-07-01 03:28:00.0;OFF;ON;50;0,40;2,60;0,10;1,20;97,20;0;-0,20;3,50;20;-0,10;0,30;
2026-07-01 03:29:00.0;OFF;ON;50;0,40;2,60;0,10;1,20;97,20;0;-0,30;3,50;20;-0,10;0,30;
2026-07-01 03:30:00.0;OFF;ON;50;0,40;2,60;0,10;1,10;97,20;0;-0,30;3,50;20;-0,10;0,30;
2026-07-01 03:31:00.0;OFF;ON;50;0,30;2,60;0,10;1,10;97,20;0;-0,20;3,50;20;0;0,30;
2026-07-01 03:32:00.0;OFF;ON;50;0,30;2,60;0,10;1,10;97,20;0;-0,20;3,50;20;-0,10;0,30;
2026-07-01 03:33:00.0;OFF;ON;50;0,50;2,60;0,10;1,10;97,20;0;-0,30;3,50;20;0;0,30;
2026-07-01 03:34:00.0;OFF;ON;50;0,40;2,60;0,10;1,10;97,10;0;-0,30;3,50;20;0;0,30;
2026-07-01 03:35:00.0;OFF;ON;50;0,30;2,60;0,10;1,10;97,20;0;-0,20;3,50;20;0;0,30;
2026-07-01 03:36:00.0;OFF;ON;50;0,40;2,60;0,10;1,10;97,10;0;-0,20;3,50;20;0;0,30;
2026-07-01 03:37:00.0;OFF;ON;50;0,30;2,60;0,20;1,10;97,20;0;-0,20;3,50;20;0;0,30;
2026-07-01 03:38:00.0;OFF;ON;50;0,60;2,70;0,20;1,10;97,20;0;-0,40;3,50;20;0;0,30;
2026-07-01 03:39:00.0;OFF;ON;50;0,50;2,70;0,20;1;97,20;0;-0,30;3,50;20;0;0,30;
2026-07-01 03:40:00.0;OFF;ON;50;0,70;2,70;0,20;1;97,20;0;-0,50;3,50;20;0;0,30;
2026-07-01 03:41:00.0;OFF;ON;50;0,80;2,70;0,20;1;97,20;0;-0,60;3,50;20;0;0,30;
2026-07-01 03:42:00.0;OFF;ON;50;0,70;2,70;0,20;1;97,20;0;-0,50;3,50;20;0;0,30;
2026-07-01 03:43:00.0;OFF;ON;50;0,70;2,70;0,20;1;97,10;0;-0,50;3,50;20;0;0,30;
2026-07-01 03:44:00.0;OFF;ON;50;0,70;2,70;0,20;1;97,20;0;-0,50;3,50;20;0;0,30;
2026-07-01 03:45:00.0;OFF;ON;50;0,70;2,70;0,20;1;97,20;0;-0,50;3,50;20;0;0,30;
2026-07-01 03:46:00.0;OFF;ON;50;0,60;2,70;0,20;1;97,20;0;-0,30;3,50;20;0;0,30;
2026-07-01 03:47:00.0;OFF;ON;50;0,60;2,70;0,20;1;97,20;0;-0,30;3,50;20;0;0,30;
2026-07-01 03:48:00.0;OFF;ON;50;0,50;2,70;0,20;0,90;97,20;0;-0,30;3,50;20;0;0,30;
2026-07-01 03:49:00.0;OFF;ON;50;0,60;2,70;0,20;0,90;97,10;0;-0,40;3,50;20;0;0,30;
2026-07-01 03:50:00.0;OFF;ON;50;0,80;2,70;0,30;0,90;97,20;0;-0,60;3,50;20;0;0,30;
2026-07-01 03:51:00.0;OFF;ON;50;0,80;2,80;0,30;0,90;97,20;0;-0,50;3,50;20;0;0,30;
2026-07-01 03:52:00.0;OFF;ON;50;0,70;2,80;0,30;0,90;97,20;0;-0,40;3,50;20;0,10;0,30;
2026-07-01 03:53:00.0;OFF;ON;50;0,70;2,80;0,30;0,90;97,20;0;-0,40;3,50;20;0,10;0,30;
2026-07-01 03:54:00.0;OFF;ON;50;0,70;2,80;0,30;0,90;97,20;0;-0,40;3,50;20;0,10;0,30;
2026-07-01 03:55:00.0;OFF;ON;50;0,70;2,80;0,30;0,90;97,20;0;-0,40;3,50;20;0,10;0,30;
2026-07-01 03:56:00.0;OFF;ON;50;0,80;2,90;0,40;0,90;97,20;0;-0,50;3,50;20;0,10;0,40;
2026-07-01 03:57:00.0;OFF;ON;50;0,90;2,90;0,40;0,90;97,20;0;-0,50;3,50;20;0,10;0,40;
2026-07-01 03:58:00.0;OFF;ON;50;0,90;2,90;0,40;0,80;97,30;0;-0,40;3,50;20;0,10;0,40;
2026-07-01 03:59:00.0;OFF;ON;50;0,90;3;0,50;0,80;97,30;0;-0,50;3,50;20;0,20;0,40;
2026-07-01 04:00:00.0;OFF;ON;50;1;3;0,50;0,80;97,40;0;-0,60;3,50;20;0,20;0,40;
2026-07-01 04:01:00.0;OFF;ON;50;1,10;3;0,50;0,80;97,40;0;-0,60;3,50;20;0,20;0,40;
2026-07-01 04:02:00.0;OFF;ON;50;1;3;0,50;0,80;97,40;0;-0,50;3,50;20;0,20;0,50;
2026-07-01 04:03:00.0;OFF;ON;50;1,10;3;0,50;0,80;97,40;0;-0,60;3,50;20;0,20;0,50;
2026-07-01 04:04:00.0;OFF;ON;50;1;3,10;0,60;0,80;97,50;0;-0,40;3,50;20;0,30;0,60;
2026-07-01 04:05:00.0;OFF;ON;50;1,30;3,10;0,60;0,80;97,60;0;-0,70;3,50;20;0,30;0,70;
2026-07-01 04:06:00.0;OFF;ON;50;1,20;3,10;0,60;0,80;97,70;0;-0,50;3,50;20;0,30;0,80;
2026-07-01 04:07:00.0;OFF;ON;50;1,30;3,20;0,70;0,80;97,80;0;-0,60;3,50;20;0,40;1;
2026-07-01 04:08:00.0;OFF;ON;50;1,30;3,20;0,80;0,70;97,90;0;-0,50;3,50;20;0,50;1,10;
2026-07-01 04:09:00.0;OFF;ON;50;1,40;3,30;0,80;0,70;98;0;-0,60;3,50;20;0,50;1,20;
2026-07-01 04:10:00.0;OFF;ON;50;1,40;3,30;0,90;0,70;98;0;-0,60;3,50;20;0,60;1,30;
2026-07-01 04:11:00.0;OFF;ON;50;1,40;3,40;0,90;0,70;98;0;-0,50;3,50;20;0,70;1,40;
2026-07-01 04:12:00.0;OFF;ON;50;1,60;3,40;1;0,70;98,10;0;-0,60;3,50;20;0,70;1,40;
2026-07-01 04:13:00.0;OFF;ON;50;1,70;3,50;1;0,70;98,20;0;-0,70;3,50;20;0,80;1,50;
2026-07-01 04:14:00.0;OFF;ON;50;1,70;3,50;1;0,70;98,30;0;-0,60;3,50;20;0,80;1,50;
2026-07-01 04:15:00.0;OFF;ON;50;1,70;3,60;1,10;0,70;98,30;0;-0,60;3,50;20;0,90;1,60;
2026-07-01 04:16:00.0;OFF;ON;50;1,70;3,60;1,10;0,70;98,30;0;-0,60;3,50;20;0,90;1,60;
2026-07-01 04:17:00.0;OFF;ON;50;1,90;3,60;1,20;0,70;98,30;0;-0,70;3,50;20;0,90;1,70;
2026-07-01 04:18:00.0;OFF;ON;50;2;3,70;1,20;0,60;98,30;0;-0,80;3,50;20;1;1,70;
2026-07-01 04:19:00.0;OFF;ON;50;2,10;3,70;1,30;0,60;98,30;0;-0,80;3,50;20;1;1,80;
2026-07-01 04:20:00.0;OFF;ON;50;2,20;3,80;1,40;0,60;98,30;0;-0,80;3,50;20;1,10;1,90;
2026-07-01 04:21:00.0;OFF;ON;50;2,30;4;1,50;0,60;98,30;0;-0,70;3,50;20;1,20;2;
2026-07-01 04:22:00.0;OFF;ON;50;2,40;4;1,60;0,60;98,30;0;-0,80;3,50;20;1,30;2,10;
2026-07-01 04:23:00.0;OFF;ON;50;2,30;4,10;1,60;0,60;98,40;0;-0,70;3,50;20;1,30;2,10;
2026-07-01 04:24:00.0;OFF;ON;50;2,40;4,10;1,60;0,60;98,40;0;-0,70;3,50;20;1,40;2,20;
2026-07-01 04:25:00.0;OFF;ON;50;2,30;4,20;1,70;0,60;98,40;0;-0,70;3,50;20;1,40;2,20;
2026-07-01 04:26:00.0;OFF;ON;50;2,40;4,20;1,70;0,60;98,30;0;-0,70;3,50;20;1,40;2,20;
2026-07-01 04:27:00.0;OFF;ON;50;2,40;4,20;1,70;0,60;98,30;0;-0,70;3,50;20;1,50;2,30;
2026-07-01 04:28:00.0;OFF;ON;50;2,50;4,20;1,70;0,60;98,40;0;-0,80;3,50;20;1,50;2,30;
2026-07-01 04:29:00.0;OFF;ON;50;2,40;4,20;1,70;0,60;98,40;0;-0,70;3,50;20;1,50;2,30;
2026-07-01 04:30:00.0;OFF;ON;50;2,50;4,20;1,70;0,60;98,40;0;-0,80;3,50;20;1,50;2,30;
2026-07-01 04:31:00.0;OFF;ON;50;2,50;4,20;1,70;0,50;98,40;0;-0,80;3,50;20;1,50;2,30;
2026-07-01 04:32:00.0;OFF;ON;50;2,50;4,20;1,70;0,50;98,40;0;-0,70;3,50;20;1,60;2,30;
2026-07-01 04:33:00.0;OFF;ON;50;2,60;4,30;1,80;0,50;98,40;0;-0,80;3,50;20;1,60;2,40;
2026-07-01 04:34:00.0;OFF;ON;50;2,60;4,30;1,80;0,50;98,40;0;-0,70;3,50;20;1,60;2,40;
2026-07-01 04:35:00.0;OFF;ON;50;2,50;4,30;1,80;0,50;98,40;0;-0,70;3,50;20;1,60;2,40;
2026-07-01 04:36:00.0;OFF;ON;50;2,50;4,30;1,80;0,50;98,40;0;-0,70;3,50;20;1,60;2,40;
2026-07-01 04:37:00.0;OFF;ON;50;2,60;4,40;1,90;0,50;98,40;0;-0,70;3,50;20;1,70;2,40;
2026-07-01 04:38:00.0;OFF;ON;50;2,50;4,40;1,90;0,50;98,40;0;-0,70;3,50;20;1,70;2,40;
2026-07-01 04:39:00.0;OFF;ON;50;2,60;4,40;1,90;0,50;98,40;0;-0,70;3,50;20;1,70;2,50;
2026-07-01 04:40:00.0;OFF;ON;50;2,70;4,40;1,90;0,50;98,40;0;-0,80;3,50;20;1,70;2,50;
2026-07-01 04:41:00.0;OFF;ON;50;2,70;4,40;1,90;0,50;98,40;0;-0,80;3,50;20;1,70;2,50;
2026-07-01 04:42:00.0;OFF;ON;50;2,70;4,40;1,90;0,50;98,40;0;-0,80;3,50;20;1,80;2,50;
2026-07-01 04:43:00.0;OFF;ON;50;2,60;4,40;1,90;0,50;98,40;0;-0,70;3,50;20;1,80;2,50;
2026-07-01 04:44:00.0;OFF;ON;50;2,70;4,50;2;0,50;98,40;0;-0,70;3,50;20;1,80;2,60;
2026-07-01 04:45:00.0;OFF;ON;50;2,70;4,50;2;0,50;98,40;0;-0,70;3,50;20;1,80;2,60;
2026-07-01 04:46:00.0;OFF;ON;50;3;4,50;2,10;0,50;98,40;0;-0,90;3,50;20;1,80;2,60;
2026-07-01 04:47:00.0;OFF;ON;50;2,90;4,60;2,20;0,40;98,40;0;-0,80;3,50;20;1,90;2,70;
2026-07-01 04:48:00.0;OFF;ON;50;3;4,70;2,20;0,40;98,40;0;-0,80;3,50;20;1,90;2,70;
2026-07-01 04:49:00.0;OFF;ON;50;3,10;4,80;2,30;0,40;98,40;0;-0,80;3,50;20;2;2,80;
2026-07-01 04:50:00.0;OFF;ON;50;3,10;4,80;2,30;0,40;98,40;0;-0,80;3,50;20;2;2,90;
2026-07-01 04:51:00.0;OFF;ON;50;3,20;4,90;2,40;0,40;98,40;0;-0,80;3,50;20;2,10;2,90;
2026-07-01 04:52:00.0;OFF;ON;50;3,20;4,90;2,40;0,40;98,40;0;-0,70;3,50;20;2,10;3;
2026-07-01 04:53:00.0;OFF;ON;50;3,20;5;2,50;0,40;98,40;0;-0,70;3,50;20;2,20;3;
2026-07-01 04:54:00.0;OFF;ON;50;3,30;5;2,50;0,40;98,40;0;-0,80;3,50;20;2,20;3;
2026-07-01 04:55:00.0;OFF;ON;50;3,30;5;2,50;0,40;98,40;0;-0,80;3,50;20;2,20;3,10;
2026-07-01 04:56:00.0;OFF;ON;50;3,20;5;2,50;0,40;98,40;0;-0,70;3,50;20;2,30;3,10;
2026-07-01 04:57:00.0;OFF;ON;50;3,10;5;2,50;0,40;98,40;0;-0,70;3,50;20;2,30;3,10;
2026-07-01 04:58:00.0;OFF;ON;50;3,20;5;2,50;0,40;98,40;0;-0,80;3,50;20;2,30;3,10;
2026-07-01 04:59:00.0;OFF;ON;50;3,30;5;2,50;0,40;98,40;0;-0,80;3,50;20;2,30;3,10;
2026-07-01 05:00:00.0;OFF;ON;50;3,30;5,10;2,60;0,40;98,40;0;-0,80;3,50;20;2,30;3,10;
2026-07-01 05:01:00.0;OFF;ON;50;3,20;5,10;2,60;0,40;98,40;0;-0,60;3,50;20;2,30;3,10;
2026-07-01 05:02:00.0;OFF;ON;50;3,30;5,10;2,50;0,40;98,40;0;-0,80;3,50;20;2,30;3,10;
2026-07-01 05:03:00.0;OFF;ON;50;3,30;5;2,50;0,40;98,40;0;-0,80;3,50;20;2,30;3,10;
2026-07-01 05:04:00.0;OFF;ON;50;3,40;5;2,50;0,40;98,40;0;-0,80;3,50;20;2,30;3,10;
2026-07-01 05:05:00.0;OFF;ON;50;3,30;5,10;2,60;0,40;98,40;0;-0,80;3,50;20;2,40;3,10;
2026-07-01 05:06:00.0;OFF;ON;50;3,40;5,10;2,60;0,40;98,40;0;-0,80;3,50;20;2,40;3,10;
2026-07-01 05:07:00.0;OFF;ON;50;3,20;5,10;2,60;0,40;98,40;0;-0,70;3,50;20;2,40;3,10;
2026-07-01 05:08:00.0;OFF;ON;50;3,30;5,10;2,60;0,30;98,40;0;-0,70;3,50;20;2,40;3,20;
2026-07-01 05:09:00.0;OFF;ON;50;3,20;5,10;2,60;0,30;98,40;0;-0,70;3,50;20;2,40;3,10;
2026-07-01 05:10:00.0;OFF;ON;50;3,40;5,10;2,60;0,30;98,40;0;-0,80;3,50;20;2,40;3,10;
2026-07-01 05:11:00.0;OFF;ON;50;3,30;5,10;2,60;0,30;98,40;0;-0,70;3,50;20;2,40;3,20;
2026-07-01 05:12:00.0;OFF;ON;50;3,30;5,10;2,60;0,30;98,40;0;-0,70;3,50;20;2,40;3,20;
2026-07-01 05:13:00.0;OFF;ON;50;3,20;5,10;2,60;0,30;98,40;0;-0,60;3,50;20;2,40;3,20;
2026-07-01 05:14:00.0;OFF;ON;50;3,30;5,10;2,60;0,30;98,40;0;-0,70;3,50;20;2,40;3,20;
2026-07-01 05:15:00.0;OFF;ON;50;3,30;5,10;2,60;0,30;98,40;0;-0,70;3,50;20;2,50;3,20;
2026-07-01 05:16:00.0;OFF;ON;50;3,40;5,10;2,60;0,30;98,40;0;-0,80;3,50;20;2,50;3,20;
2026-07-01 05:17:00.0;OFF;ON;50;3,50;5,10;2,60;0,30;98,40;0;-0,80;3,50;20;2,50;3,20;
2026-07-01 05:18:00.0;OFF;ON;50;3,40;5,10;2,60;0,30;98,40;0;-0,70;3,50;20;2,50;3,20;
2026-07-01 05:19:00.0;OFF;ON;50;3,30;5,10;2,70;0,30;98,40;0;-0,70;3,50;20;2,50;3,20;
2026-07-01 05:20:00.0;OFF;ON;50;3,40;5,20;2,70;0,30;98,40;0;-0,70;3,50;20;2,50;3,30;
2026-07-01 05:21:00.0;OFF;ON;50;3,40;5,20;2,70;0,30;98,40;0;-0,70;3,50;20;2,50;3,30;
2026-07-01 05:22:00.0;OFF;ON;50;3,50;5,20;2,70;0,30;98,40;0;-0,80;3,50;20;2,50;3,30;
2026-07-01 05:23:00.0;OFF;ON;50;3,50;5,20;2,70;0,30;98,40;0;-0,80;3,50;20;2,60;3,30;
2026-07-01 05:24:00.0;OFF;ON;50;3,50;5,20;2,70;0,30;98,40;0;-0,80;3,50;20;2,60;3,30;
2026-07-01 05:25:00.0;OFF;ON;50;3,50;5,20;2,70;0,30;98,40;0;-0,80;3,50;20;2,60;3,30;
2026-07-01 05:26:00.0;OFF;ON;50;3,40;5,20;2,70;0,30;98,40;0;-0,70;3,50;20;2,60;3,30;
2026-07-01 05:27:00.0;OFF;ON;50;3,50;5,20;2,70;0,30;98,40;0;-0,80;3,50;20;2,60;3,30;
2026-07-01 05:28:00.0;OFF;ON;50;3,50;5,20;2,80;0,30;98,40;0;-0,80;3,50;20;2,60;3,30;
2026-07-01 05:29:00.0;OFF;ON;50;3,40;5,30;2,80;0,30;98,40;0;-0,60;3,50;20;2,60;3,30;
2026-07-01 05:30:00.0;OFF;ON;50;3,50;5,30;2,80;0,30;98,40;0;-0,70;3,50;20;2,60;3,30;
2026-07-01 05:31:00.0;OFF;ON;50;3,50;5,30;2,80;0,30;98,40;0;-0,70;3,50;20;2,60;3,40;
2026-07-01 05:32:00.0;OFF;ON;50;3,50;5,30;2,80;0,30;98,40;0;-0,70;3,50;20;2,70;3,40;
2026-07-01 05:33:00.0;OFF;ON;50;3,50;5,30;2,80;0,30;98,40;0;-0,70;3,50;20;2,70;3,40;
2026-07-01 05:34:00.0;OFF;ON;50;3,60;5,30;2,80;0,30;98,40;0;-0,80;3,50;20;2,70;3,40;
2026-07-01 05:35:00.0;OFF;ON;50;3,60;5,30;2,80;0,30;98,40;0;-0,80;3,50;20;2,70;3,40;
2026-07-01 05:36:00.0;OFF;ON;50;3,60;5,30;2,80;0,30;98,40;0;-0,80;3,50;20;2,70;3,40;
2026-07-01 05:37:00.0;OFF;ON;50;3,50;5,30;2,80;0,30;98,40;0;-0,60;3,50;20;2,70;3,40;
2026-07-01 05:38:00.0;OFF;ON;50;3,50;5,40;2,90;0,30;98,40;0;-0,70;3,50;20;2,70;3,40;
2026-07-01 05:39:00.0;OFF;ON;50;3,60;5,40;2,90;0,30;98,40;0;-0,80;3,50;20;2,70;3,40;
2026-07-01 05:40:00.0;OFF;ON;50;3,50;5,40;2,90;0,30;98,40;0;-0,60;3,50;20;2,70;3,40;
2026-07-01 05:41:00.0;OFF;ON;50;3,50;5,40;2,90;0,30;98,40;0;-0,60;3,50;20;2,70;3,40;
2026-07-01 05:42:00.0;OFF;ON;50;3,40;5,40;2,90;0,30;98,40;0;-0,50;3,50;20;2,70;3,40;
2026-07-01 05:43:00.0;OFF;ON;50;3,40;5,40;2,90;0,30;98,40;0;-0,60;3,50;20;2,70;3,40;
2026-07-01 05:44:00.0;OFF;ON;50;3,30;5,40;2,90;0,30;98,40;0;-0,50;3,50;20;2,70;3,30;
2026-07-01 05:45:00.0;OFF;ON;50;3,50;5,30;2,80;0,30;98,40;0;-0,60;3,50;20;2,70;3,30;
2026-07-01 05:46:00.0;OFF;ON;50;3,50;5,30;2,80;0,30;98,40;0;-0,70;3,50;20;2,70;3,30;
2026-07-01 05:47:00.0;OFF;ON;50;3,50;5,30;2,80;0,30;98,40;0;-0,60;3,50;20;2,70;3,30;
2026-07-01 05:48:00.0;OFF;ON;50;3,40;5,30;2,90;0,30;98,40;0;-0,50;3,50;20;2,70;3,40;
2026-07-01 05:49:00.0;OFF;ON;50;3,40;5,40;2,90;0,30;98,40;0;-0,50;3,50;20;2,70;3,30;
2026-07-01 05:50:00.0;OFF;ON;50;3,30;5,40;2,90;0,30;98,40;0;-0,50;3,50;20;2,70;3,30;
2026-07-01 05:51:00.0;OFF;ON;50;3,10;5,30;2,80;0,30;98,40;0;-0,30;3,50;20;2,70;3,20;
2026-07-01 05:52:00.0;OFF;ON;50;3,10;5,30;2,80;0,30;98,40;0;-0,30;3,50;20;2,70;3,20;
2026-07-01 05:53:00.0;OFF;ON;50;3,10;5,30;2,80;0,30;98,40;0;-0,40;3,50;20;2,60;3,20;
2026-07-01 05:54:00.0;OFF;ON;50;3,10;5,30;2,80;0,30;98,40;0;-0,40;3,50;20;2,60;3,20;
2026-07-01 05:55:00.0;OFF;ON;50;3,10;5,30;2,80;0,30;98,40;0;-0,40;3,50;20;2,60;3,20;
2026-07-01 05:56:00.0;OFF;ON;50;3,10;5,20;2,70;0,30;98,40;0;-0,30;3,50;20;2,60;3,10;
2026-07-01 05:57:00.0;OFF;ON;50;3;5,20;2,70;0,30;98,40;0;-0,30;3,50;20;2,60;3,10;
2026-07-01 05:58:00.0;OFF;ON;50;3,20;5,20;2,70;0,30;98,30;0;-0,50;3,50;20;2,60;3,10;
2026-07-01 05:59:00.0;OFF;ON;50;3,20;5,20;2,70;0,30;98,30;0;-0,50;3,50;20;2,60;3,10;
2026-07-01 06:00:00.0;OFF;ON;50;3,30;5,20;2,70;0,30;98,30;0;-0,60;3,50;20;2,60;3,10;
2026-07-01 06:01:00.0;OFF;ON;50;3,20;5,20;2,70;0,30;98,30;0;-0,50;3,50;20;2,60;3,20;
2026-07-01 06:02:00.0;OFF;ON;50;3,20;5,20;2,80;0,30;98,30;0;-0,40;3,50;20;2,60;3,20;
2026-07-01 06:03:00.0;OFF;ON;50;3,20;5,30;2,80;0,30;98,30;0;-0,40;3,50;20;2,60;3,20;
2026-07-01 06:04:00.0;OFF;ON;50;3,10;5,30;2,70;0,30;98,30;0;-0,30;3,50;20;2,60;3,10;
2026-07-01 06:05:00.0;OFF;ON;50;3,10;5,20;2,70;0,30;98,30;0;-0,30;3,50;20;2,60;3,10;
2026-07-01 06:06:00.0;OFF;ON;50;3,20;5,20;2,80;0,30;98,30;0;-0,40;3,50;20;2,60;3,10;
2026-07-01 06:07:00.0;OFF;ON;50;3,10;5,20;2,70;0,30;98,30;0;-0,40;3,50;20;2,60;3,10;
2026-07-01 06:08:00.0;OFF;ON;50;3,20;5,20;2,70;0,30;98,30;0;-0,50;3,50;20;2,60;3,10;
2026-07-01 06:09:00.0;OFF;ON;50;3,40;5,20;2,80;0,30;98,30;0;-0,60;3,50;20;2,60;3,20;
2026-07-01 06:10:00.0;OFF;ON;50;3,30;5,30;2,80;0,30;98,30;0;-0,50;3,50;20;2,60;3,20;
2026-07-01 06:11:00.0;OFF;ON;50;3,20;5,30;2,80;0,30;98,30;0;-0,40;3,50;20;2,60;3,20;
2026-07-01 06:12:00.0;OFF;ON;50;3,20;5,30;2,80;0,30;98,30;0;-0,40;3,50;20;2,70;3,20;
2026-07-01 06:13:00.0;OFF;ON;50;3,30;5,30;2,80;0,30;98,30;0;-0,50;3,50;20;2,70;3,20;
2026-07-01 06:14:00.0;OFF;ON;50;3,40;5,30;2,80;0,30;98,30;0;-0,50;3,50;20;2,70;3,20;
2026-07-01 06:15:00.0;OFF;ON;50;3,40;5,40;2,90;0,30;98,30;0;-0,50;3,50;20;2,70;3,30;
2026-07-01 06:16:00.0;OFF;ON;50;3,20;5,40;2,80;0,30;98,30;0;-0,30;3,50;20;2,70;3,30;
2026-07-01 06:17:00.0;OFF;ON;50;3,20;5,30;2,80;0,30;98,30;0;-0,30;3,50;20;2,70;3,20;
2026-07-01 06:18:00.0;OFF;ON;50;3,20;5,30;2,80;0,30;98,30;0;-0,40;3,50;20;2,70;3,20;
2026-07-01 06:19:00.0;OFF;ON;50;3,30;5,30;2,80;0,30;98,30;0;-0,50;3,50;20;2,70;3,20;
2026-07-01 06:20:00.0;OFF;ON;50;3,40;5,30;2,80;0,30;98,30;0;-0,60;3,50;20;2,70;3,20;
2026-07-01 06:21:00.0;OFF;ON;50;3,20;5,30;2,80;0,30;98,30;0;-0,40;3,50;20;2,70;3,30;
2026-07-01 06:22:00.0;OFF;ON;50;3,50;5,30;2,80;0,30;98,30;0;-0,60;3,50;20;2,70;3,30;
2026-07-01 06:23:00.0;OFF;ON;50;3,30;5,30;2,80;0,30;98,30;0;-0,40;3,50;20;2,70;3,30;
2026-07-01 06:24:00.0;OFF;ON;50;3,20;5,40;2,90;0,30;98,30;0;-0,30;3,50;20;2,70;3,30;
2026-07-01 06:25:00.0;OFF;ON;50;3,30;5,40;2,80;0,30;98,30;0;-0,40;3,50;20;2,70;3,30;
2026-07-01 06:26:00.0;OFF;ON;50;3,10;5,30;2,80;0,30;98,30;0;-0,20;3,50;20;2,70;3,20;
2026-07-01 06:27:00.0;OFF;ON;50;3,20;5,30;2,80;0,30;98,30;0;-0,40;3,50;20;2,70;3,20;
2026-07-01 06:28:00.0;OFF;ON;50;3;5,30;2,80;0,30;98,30;0;-0,20;3,50;20;2,60;3,10;
2026-07-01 06:29:00.0;OFF;ON;50;3,10;5,30;2,80;0,30;98,30;0;-0,30;3,50;20;2,60;3,10;
2026-07-01 06:30:00.0;OFF;ON;50;3,10;5,30;2,80;0,30;98,30;0;-0,40;3,50;20;2,60;3,10;
2026-07-01 06:31:00.0;OFF;ON;50;2,90;5,30;2,80;0,30;98,30;0;-0,10;3,50;20;2,60;3,10;
2026-07-01 06:32:00.0;OFF;ON;50;3;5,30;2,70;0,30;98,30;0;-0,20;3,50;20;2,60;3,10;
2026-07-01 06:33:00.0;OFF;ON;50;3,20;5,20;2,70;0,30;98,30;0;-0,50;3,50;20;2,60;3,10;
2026-07-01 06:34:00.0;OFF;ON;50;3,20;5,20;2,70;0,30;98,30;0;-0,50;3,50;20;2,60;3,10;
2026-07-01 06:35:00.0;OFF;ON;50;3,20;5,20;2,70;0,30;98,30;0;-0,40;3,50;20;2,60;3,10;
2026-07-01 06:36:00.0;OFF;ON;50;3;5,30;2,80;0,30;98,30;0;-0,30;3,50;20;2,60;3,10;
2026-07-01 06:37:00.0;OFF;ON;50;3,10;5,30;2,80;0,30;98,30;0;-0,30;3,50;20;2,60;3,10;
2026-07-01 06:38:00.0;OFF;ON;50;3,10;5,30;2,80;0,30;98,30;0;-0,40;3,50;20;2,60;3,10;
2026-07-01 06:39:00.0;OFF;ON;50;3,20;5,30;2,80;0,30;98,30;0;-0,50;3,50;20;2,60;3,20;
2026-07-01 06:40:00.0;OFF;ON;50;3,20;5,30;2,80;0,30;98,30;0;-0,40;3,50;20;2,70;3,20;
2026-07-01 06:41:00.0;OFF;ON;50;3,30;5,30;2,80;0,30;98,30;0;-0,50;3,50;20;2,70;3,20;
2026-07-01 06:42:00.0;OFF;ON;50;3,30;5,30;2,80;0,30;98,30;0;-0,50;3,50;20;2,70;3,30;
2026-07-01 06:43:00.0;OFF;ON;50;3,40;5,30;2,80;0,30;98,30;0;-0,60;3,50;20;2,70;3,30;
2026-07-01 06:44:00.0;OFF;ON;50;3,50;5,40;2,90;0,30;98,30;0;-0,60;3,50;20;2,70;3,30;
2026-07-01 06:45:00.0;OFF;ON;50;3,30;5,40;2,90;0,30;98,30;0;-0,40;3,50;20;2,70;3,30;
2026-07-01 06:46:00.0;OFF;ON;50;3,30;5,40;2,90;0,30;98,30;0;-0,40;3,50;20;2,70;3,30;
2026-07-01 06:47:00.0;OFF;ON;50;3,30;5,40;2,90;0,30;98,40;0;-0,40;3,50;20;2,70;3,30;
2026-07-01 06:48:00.0;OFF;ON;50;3,50;5,40;2,90;0,30;98,40;0;-0,70;3,50;20;2,70;3,30;
2026-07-01 06:49:00.0;OFF;ON;50;3,50;5,40;2,90;0,30;98,40;0;-0,70;3,50;20;2,70;3,30;
2026-07-01 06:50:00.0;OFF;ON;50;3,40;5,40;2,90;0,30;98,40;0;-0,50;3,50;20;2,80;3,30;
2026-07-01 06:51:00.0;OFF;ON;50;3,50;5,40;2,90;0,30;98,40;0;-0,60;3,50;20;2,80;3,40;
2026-07-01 06:52:00.0;OFF;ON;50;3,40;5,40;2,90;0,30;98,40;0;-0,50;3,50;20;2,80;3,40;
2026-07-01 06:53:00.0;OFF;ON;50;3,60;5,40;2,90;0,30;98,40;0;-0,60;3,50;20;2,80;3,40;
2026-07-01 06:54:00.0;OFF;ON;50;3,50;5,50;3;0,30;98,40;0;-0,60;3,50;20;2,80;3,40;
2026-07-01 06:55:00.0;OFF;ON;50;3,50;5,50;3;0,30;98,40;0;-0,60;3,50;20;2,80;3,40;
2026-07-01 06:56:00.0;OFF;ON;50;3,70;5,50;3;0,30;98,40;0;-0,70;3,50;20;2,80;3,40;
2026-07-01 06:57:00.0;OFF;ON;50;3,60;5,50;3;0,30;98,40;0;-0,60;3,50;20;2,80;3,50;
2026-07-01 06:58:00.0;OFF;ON;50;3,70;5,50;3;0,30;98,40;0;-0,70;3,50;20;2,90;3,50;
2026-07-01 06:59:00.0;OFF;ON;50;3,60;5,50;3;0,30;98,40;0;-0,60;3,50;20;2,90;3,50;
2026-07-01 07:00:00.0;OFF;ON;50;3,70;5,50;3,10;0,30;98,40;0;-0,60;3,50;20;2,90;3,50;
2026-07-01 07:01:00.0;OFF;ON;50;3,80;5,60;3,10;0,30;98,40;0;-0,70;3,50;20;2,90;3,50;
2026-07-01 07:02:00.0;OFF;ON;50;3,70;5,60;3,10;0,30;98,40;0;-0,60;3,50;20;3;3,60;
2026-07-01 07:03:00.0;OFF;ON;50;3,80;5,70;3,20;0,30;98,40;0;-0,60;3,50;20;3;3,60;
2026-07-01 07:04:00.0;OFF;ON;50;3,80;5,70;3,20;0,30;98,40;0;-0,60;3,50;20;3;3,70;
2026-07-01 07:05:00.0;OFF;ON;50;4;5,70;3,30;0,30;98,40;0;-0,80;3,50;20;3;3,70;
2026-07-01 07:06:00.0;OFF;ON;50;4;5,80;3,30;0,30;98,40;0;-0,70;3,50;20;3,10;3,80;
2026-07-01 07:07:00.0;OFF;ON;50;4,20;5,80;3,40;0,80;98,40;0;-0,80;3,50;20;3,40;3,90;
2026-07-01 07:08:00.0;OFF;ON;50;4,20;6;3,50;1,20;98,40;0;-0,70;3,50;20;3,50;4;
2026-07-01 07:09:00.0;OFF;ON;50;4,40;6,10;3,50;1,40;98,40;0;-0,80;3,50;20;3,50;4,10;
2026-07-01 07:10:00.0;OFF;ON;50;4,20;6;3,50;1,50;98,40;0;-0,70;3,50;20;3,40;4,10;
2026-07-01 07:11:00.0;OFF;ON;50;4,20;6;3,50;1,50;98,40;0;-0,70;3,50;20;3,40;4,10;
2026-07-01 07:12:00.0;OFF;ON;50;4,30;6;3,60;1,50;98,40;0;-0,80;3,50;20;3,40;4,10;
2026-07-01 07:13:00.0;OFF;ON;50;4,30;6,10;3,60;1,60;98,40;0;-0,80;3,50;20;3,40;4,10;
2026-07-01 07:14:00.0;OFF;ON;50;4,40;6,10;3,60;1,60;98,40;0;-0,80;3,50;20;3,40;4,10;
2026-07-01 07:15:00.0;OFF;ON;50;4,40;6,10;3,60;1,50;98,40;0;-0,80;3,50;20;3,40;4,20;
2026-07-01 07:16:00.0;OFF;ON;50;4,40;6,10;3,60;1,50;98,40;0;-0,80;3,50;20;3,40;4,20;
2026-07-01 07:17:00.0;OFF;ON;50;4,40;6,10;3,60;1,70;98,40;0;-0,80;3,50;20;3,50;4,20;
2026-07-01 07:18:00.0;OFF;ON;50;4,50;6,20;3,70;1,60;98,40;0;-0,80;3,50;20;3,50;4,20;
2026-07-01 07:19:00.0;OFF;ON;50;4,50;6,20;3,70;1,60;98,40;0;-0,80;3,50;20;3,50;4,30;
2026-07-01 07:20:00.0;OFF;ON;50;4,40;6,20;3,70;1,60;98,40;0;-0,70;3,50;20;3,50;4,30;
2026-07-01 07:21:00.0;OFF;ON;50;4,40;6,20;3,80;1,60;98,40;0;-0,70;3,50;20;3,50;4,20;
2026-07-01 07:22:00.0;OFF;ON;50;4,30;6,20;3,80;1,70;98,40;0;-0,50;3,50;20;3,50;4,20;
2026-07-01 07:23:00.0;OFF;ON;50;4,20;6,30;3,80;1,60;98,40;0;-0,50;3,50;20;3,50;4,20;
2026-07-01 07:24:00.0;OFF;ON;50;4,30;6,30;3,80;1,60;98,40;0;-0,50;3,50;20;3,50;4,20;
2026-07-01 07:25:00.0;OFF;ON;50;4,30;6,30;3,80;1,50;98,40;0;-0,60;3,50;20;3,50;4,10;
2026-07-01 07:26:00.0;OFF;ON;50;4,20;6,30;3,80;1,40;98,40;0;-0,50;3,50;20;3,50;4,10;
2026-07-01 07:27:00.0;OFF;ON;50;4,20;6,30;3,80;1,40;98,40;0;-0,40;3,50;20;3,50;4,10;
2026-07-01 07:28:00.0;OFF;ON;50;4,20;6,30;3,80;1,40;98,40;0;-0,40;3,50;20;3,50;4,10;
2026-07-01 07:29:00.0;OFF;ON;50;4;6,30;3,80;1,50;98,40;0;-0,20;3,50;20;3,50;4,10;
2026-07-01 07:30:00.0;OFF;ON;50;4,10;6,30;3,70;1,40;98,40;0;-0,40;3,50;20;3,50;4,10;
2026-07-01 07:31:00.0;OFF;ON;50;4;6,20;3,70;1,40;98,40;0;-0,30;3,50;20;3,50;4;
2026-07-01 07:32:00.0;OFF;ON;50;4,20;6,20;3,70;1,30;98,40;0;-0,40;3,50;20;3,50;4;
2026-07-01 07:33:00.0;OFF;ON;50;4;6,20;3,70;1,30;98,40;0;-0,30;3,50;20;3,50;4;
2026-07-01 07:34:00.0;OFF;ON;50;4,20;6,20;3,70;1,50;98,40;0;-0,50;3,50;20;3,50;4;
2026-07-01 07:35:00.0;OFF;ON;50;4,10;6,20;3,70;1,40;98,40;0;-0,40;3,50;20;3,50;4;
2026-07-01 07:36:00.0;OFF;ON;50;4;6,20;3,70;1,40;98,40;0;-0,30;3,50;20;3,50;4;
2026-07-01 07:37:00.0;OFF;ON;50;4;6,20;3,70;1,40;98,40;0;-0,30;3,50;20;3,50;4;
2026-07-01 07:38:00.0;OFF;ON;50;4;6,20;3,70;1,30;98,40;0;-0,30;3,50;20;3,50;4;
2026-07-01 07:39:00.0;OFF;ON;50;3,90;6,20;3,70;1,40;98,40;0;-0,20;3,50;20;3,50;4;
2026-07-01 07:40:00.0;OFF;ON;50;3,90;6,20;3,70;1,50;98,40;0;-0,30;3,50;20;3,50;3,90;
2026-07-01 07:41:00.0;OFF;ON;50;4;6,20;3,70;1,40;98,40;0;-0,30;3,50;20;3,50;3,90;
2026-07-01 07:42:00.0;OFF;ON;50;4;6,20;3,70;1,40;98,40;0;-0,30;3,50;20;3,50;3,90;
2026-07-01 07:43:00.0;OFF;ON;50;3,80;6,20;3,70;1,40;98,40;0;-0,10;3,50;20;3,50;3,90;
2026-07-01 07:44:00.0;OFF;ON;50;4;6,20;3,70;1,40;98,40;0;-0,30;3,50;20;3,40;3,90;
2026-07-01 07:45:00.0;OFF;ON;50;3,90;6,20;3,70;1,30;98,40;0;-0,20;3,50;20;3,40;3,90;
2026-07-01 07:46:00.0;OFF;ON;50;4;6,20;3,70;1,30;98,40;0;-0,40;3,50;20;3,40;3,90;
2026-07-01 07:47:00.0;OFF;ON;50;4;6,20;3,70;1,40;98,40;0;-0,30;3,50;20;3,50;3,90;
2026-07-01 07:48:00.0;OFF;ON;50;3,80;6,20;3,70;1,50;98,40;0;-0,20;3,50;20;3,50;3,90;
2026-07-01 07:49:00.0;OFF;ON;50;3,90;6,20;3,70;1,30;98,40;0;-0,30;3,50;20;3,50;3,90;
2026-07-01 07:50:00.0;OFF;ON;50;4;6,20;3,70;1,30;98,40;0;-0,30;3,50;20;3,50;3,90;
2026-07-01 07:51:00.0;OFF;ON;50;3,80;6,20;3,70;1,50;98,40;0;-0,20;3,50;20;3,50;3,90;
2026-07-01 07:52:00.0;OFF;ON;50;3,80;5,80;3,70;2,10;98,40;0;-0,10;3,50;20;3,50;3,90;
2026-07-01 07:53:00.0;OFF;ON;50;3,80;6,30;3,90;1,90;98,40;0;0,10;3,50;33,40;3,60;4;
2026-07-01 07:54:00.0;OFF;ON;50;3,80;2;3,90;2;98,40;0;0,10;3,50;37;3,70;4;
2026-07-01 07:55:00.0;OFF;ON;50;3,80;1,90;3,90;2,10;98,40;0;0,10;3,50;38,60;3,70;4;
2026-07-01 07:56:00.0;OFF;ON;50;3,30;1,80;3,80;2;98,40;0;0,50;3,50;41,60;3,60;3,90;
2026-07-01 07:57:00.0;OFF;ON;50;3,40;1,80;3,70;1,80;98,40;0;0,30;2;45,70;3,50;3,70;
2026-07-01 07:58:00.0;OFF;ON;50;3,30;1,70;3,60;1,50;98,40;0;0,30;2;48,50;3,40;3,60;
2026-07-01 07:59:00.0;OFF;ON;50;3,20;1,60;3,60;1,40;98,40;0;0,30;2;51,20;3,40;3,50;
2026-07-01 08:00:00.0;OFF;ON;50;3,50;1,50;3,50;1,30;98,40;0;0;2;56,70;3,30;3,50;
2026-07-01 08:01:00.0;OFF;ON;50;3,40;1,50;3,50;1,20;98,40;0;0;2;60,30;3,30;3,50;
2026-07-01 08:02:00.0;OFF;ON;50;3,50;1,50;3,50;1,20;98,40;0;0;2;65,30;3,40;3,60;
2026-07-01 08:03:00.0;ON;OFF;50;3,60;1,50;3,50;1,10;98,40;0;-0,10;2;69,80;3,40;3,70;
2026-07-01 08:04:00.0;ON;OFF;50;3,70;1,50;3,50;1,10;98,40;0;-0,20;2;72,90;3,40;3,70;
2026-07-01 08:05:00.0;ON;OFF;50;3,70;1,60;3,60;1,30;98,40;0;-0,10;2;77,20;3,50;3,70;
2026-07-01 08:06:00.0;ON;OFF;50;3,60;1,60;3,60;1,50;98,40;0;0;2;80;3,50;3,80;
2026-07-01 08:07:00.0;ON;OFF;50;3,90;1,60;3,70;1,30;98,40;0;-0,20;2;86,70;3,50;3,90;
2026-07-01 08:08:00.0;ON;OFF;50;4;1,70;3,70;1,30;98,40;0;-0,20;2;91,30;3,60;3,90;
2026-07-01 08:09:00.0;ON;OFF;50;4,10;1,80;3,80;1,40;98,40;0;-0,30;2;96;3,70;4;
2026-07-01 08:10:00.0;ON;OFF;50;4,20;1,80;3,80;2,90;98,40;0;-0,40;2;99,50;3,80;4,10;
2026-07-01 08:11:00.0;ON;OFF;50;4,40;2;4,10;6,20;98,40;0;-0,30;2;100;3,80;4,20;
2026-07-01 08:12:00.0;ON;OFF;50;4,50;2,20;4,20;4,10;98,40;0;-0,40;2;100;3,90;4,30;
2026-07-01 08:13:00.0;ON;OFF;50;4,70;2,20;4,30;3,50;98,40;0;-0,30;2;99,50;4,60;4,50;
2026-07-01 08:14:00.0;ON;OFF;50;4,90;2,40;4,60;3;98,40;0;-0,30;2;100;5,20;4,90;
2026-07-01 08:15:00.0;ON;OFF;50;5;2,60;4,60;2,90;98,40;0;-0,30;2;99,40;5,10;5,10;
2026-07-01 08:16:00.0;ON;OFF;50;5,10;2,70;4,70;3,10;98,40;0;-0,40;2;100;4,80;5,10;
2026-07-01 08:17:00.0;ON;OFF;50;5,30;2,90;4,90;3,40;98,40;0;-0,40;2;100;4,80;5,10;
2026-07-01 08:18:00.0;ON;OFF;50;5,30;3;5;4,20;98,40;0;-0,30;2;99,40;4,80;5,20;
2026-07-01 08:19:00.0;ON;OFF;50;5,50;3,10;5,10;3,90;98,40;0;-0,40;2;100;4,80;5,30;
2026-07-01 08:20:00.0;ON;OFF;50;5,60;3,10;5,10;4,90;98,40;0;-0,40;2;99,40;4,90;5,50;
2026-07-01 08:21:00.0;ON;OFF;50;5,70;3,20;5,20;5,10;98,40;0;-0,50;2;99,30;5,10;5,60;
2026-07-01 08:22:00.0;ON;OFF;50;5,70;3,20;5,20;4,30;98,40;0;-0,60;2;99,20;5;5,70;
2026-07-01 08:23:00.0;ON;OFF;50;6;3,20;5,20;3,90;98,40;0;-0,80;2;100;5;5,70;
2026-07-01 08:24:00.0;ON;OFF;50;6;3,20;5,20;3,70;98,40;0;-0,80;2;100;5,10;5,80;
2026-07-01 08:25:00.0;ON;OFF;50;5,90;3,20;5,20;3,60;98,40;0;-0,70;2;99,30;5,20;5,80;
2026-07-01 08:26:00.0;ON;OFF;50;6,10;3,20;5,30;3,50;98,40;0;-0,80;2;100;5,20;5,90;
2026-07-01 08:27:00.0;ON;OFF;50;6;3,30;5,30;3,50;98,40;0;-0,70;2;99,30;5,20;5,90;
2026-07-01 08:28:00.0;ON;OFF;50;6,10;3,30;5,30;3,50;98,40;0;-0,80;2;100;5,30;5,90;
2026-07-01 08:29:00.0;ON;OFF;50;6,20;3,30;5,30;3,50;98,40;0;-0,80;2;100;5,30;6;
2026-07-01 08:30:00.0;ON;OFF;50;6,20;3,40;5,40;3,50;98,40;0;-0,80;2;100;5,30;6;
2026-07-01 08:31:00.0;ON;OFF;50;6,30;3,40;5,40;3,50;98,40;0;-0,90;2;100;5,40;6,10;
2026-07-01 08:32:00.0;ON;OFF;50;6,30;3,40;5,50;3,50;98,40;0;-0,90;2;100;5,40;6,10;
2026-07-01 08:33:00.0;ON;OFF;50;6,30;3,50;5,50;3,60;98,40;0;-0,80;2;100;5,50;6,10;
2026-07-01 08:34:00.0;ON;OFF;50;6,40;3,50;5,50;3,60;98,40;0;-0,90;2;100;5,50;6,20;
2026-07-01 08:35:00.0;ON;OFF;50;6,40;3,50;5,60;3,60;98,40;0;-0,90;2;100;5,50;6,20;
2026-07-01 08:36:00.0;ON;OFF;50;6,40;3,50;5,50;3,60;98,40;0;-0,90;2;100;5,50;6,20;
2026-07-01 08:37:00.0;ON;OFF;50;6,30;3,50;5,50;3,70;98,40;0;-0,80;2;99,30;5,40;6,20;
2026-07-01 08:38:00.0;ON;OFF;50;6,40;3,50;5,50;3,70;98,40;0;-0,90;2;100;5,40;6,20;
2026-07-01 08:39:00.0;ON;OFF;50;6,40;3,50;5,50;3,70;98,40;0;-0,90;2;100;5,40;6,20;
2026-07-01 08:40:00.0;ON;OFF;50;6,50;3,60;5,50;3,70;98,40;0;-0,90;2;100;5,40;6,20;
2026-07-01 08:41:00.0;ON;OFF;50;6,40;3,60;5,60;3,70;98,40;0;-0,80;2;99,50;5,40;6,20;
2026-07-01 08:42:00.0;ON;OFF;50;6,40;3,60;5,60;3,70;98,40;0;-0,90;2;100;5,40;6,20;
2026-07-01 08:43:00.0;ON;OFF;50;6,40;3,60;5,60;3,70;98,40;0;-0,90;2;100;5,50;6,20;
2026-07-01 08:44:00.0;ON;OFF;50;6,40;3,60;5,60;3,70;98,40;0;-0,80;2;99,20;5,50;6,20;
2026-07-01 08:45:00.0;ON;OFF;50;6,50;3,60;5,60;3,70;98,40;0;-0,90;2;100;5,50;6,20;
2026-07-01 08:46:00.0;ON;OFF;50;6,50;3,60;5,60;3,70;98,40;0;-0,90;2;100;5,50;6,30;
2026-07-01 08:47:00.0;ON;OFF;50;6,50;3,60;5,60;3,70;98,40;0;-0,90;2;100;5,50;6,30;
2026-07-01 08:48:00.0;ON;OFF;50;6,60;3,70;5,70;3,80;98,40;0;-0,90;2;100;5,50;6,30;
2026-07-01 08:49:00.0;ON;OFF;50;6,60;3,70;5,70;3,80;98,40;0;-0,90;2;100;5,50;6,30;
2026-07-01 08:50:00.0;ON;OFF;50;6,60;3,70;5,70;3,80;98,40;0;-0,90;2;100;5,60;6,30;
2026-07-01 08:51:00.0;ON;OFF;50;6,60;3,70;5,70;3,80;98,40;0;-0,90;2;100;5,60;6,30;
2026-07-01 08:52:00.0;ON;OFF;50;6,60;3,70;5,70;3,80;98,40;0;-0,90;2;100;5,60;6,40;
2026-07-01 08:53:00.0;ON;OFF;50;6,50;3,70;5,70;3,90;98,40;0;-0,80;2;99,30;5,60;6,40;
2026-07-01 08:54:00.0;ON;OFF;50;6,60;3,70;5,70;3,90;98,50;0;-0,80;2;100;5,60;6,40;
2026-07-01 08:55:00.0;ON;OFF;50;6,60;3,80;5,80;3,80;98,50;0;-0,90;2;100;5,60;6,40;
2026-07-01 08:56:00.0;ON;OFF;50;6,70;3,80;5,80;3,90;98,50;0;-0,90;2;100;5,70;6,40;
2026-07-01 08:57:00.0;ON;OFF;50;6,20;3,80;5,80;3,90;98,50;0;-0,40;2;98,60;5,70;6,40;
2026-07-01 08:58:00.0;ON;OFF;50;6,20;3,80;5,80;3,90;98,40;0;-0,40;2;100;5,70;6,40;
2026-07-01 08:59:00.0;ON;OFF;50;5,40;3,80;5,80;3,90;98,40;0;0,30;2;97,50;5,60;6,20;
2026-07-01 09:00:00.0;ON;OFF;50;5,30;3,70;5,70;3,80;98,50;0;0,40;2;98,70;5,60;6,10;
2026-07-01 09:01:00.0;ON;OFF;50;4,20;3,60;5,60;3,60;98,50;0;1,40;2;95,20;5,80;5,70;
2026-07-01 09:02:00.0;ON;OFF;50;3,20;3,60;5,60;3,50;98,50;0;2,40;2;88,70;5,90;5,30;
2026-07-01 09:03:00.0;ON;OFF;50;1,70;3,50;5,40;3,40;98,50;0;3,60;2;78,30;5,50;4,60;
2026-07-01 09:04:00.0;ON;OFF;50;0,50;3,40;5,20;3,50;98,50;0;4,70;2;68,40;5,40;4,20;
2026-07-01 09:05:00.0;ON;OFF;50;1,30;3;4,90;3,20;98,50;0;3,60;2;70;5,10;3,60;
2026-07-01 09:06:00.0;ON;OFF;50;1,10;2,70;4,60;3,20;98,50;0;3,50;2;68,20;4,70;3,20;
2026-07-01 09:07:00.0;ON;OFF;50;0,80;2,50;4,50;3,20;98,50;0;3,60;2;64;4,60;3,10;
2026-07-01 09:08:00.0;ON;OFF;50;0,90;2,40;4,40;3,20;98,40;0;3,50;2;62,30;4,50;2,90;
2026-07-01 09:09:00.0;ON;OFF;50;0,70;2,30;4,20;2,90;98,40;0;3,50;2;58,90;4,40;2,70;
2026-07-01 09:10:00.0;ON;OFF;50;0,80;2,20;4,10;2,90;98,40;0;3,30;2;57,80;4,30;2,70;
2026-07-01 09:11:00.0;ON;OFF;50;0,90;2,10;4,10;2,60;98,40;0;3,20;2;56,10;4,30;2,70;
2026-07-01 09:12:00.0;ON;OFF;50;1,40;2,10;4,10;2,70;98,40;0;2,70;2;56,80;4,30;2,70;
2026-07-01 09:13:00.0;ON;OFF;50;1,20;2,10;4,10;2,90;98,30;0;3;2;53,70;4,30;2,80;
2026-07-01 09:14:00.0;ON;OFF;50;1,50;2,10;4,30;3,10;98,40;0;2,80;2;52,70;4,40;2,90;
2026-07-01 09:15:00.0;ON;OFF;50;1,90;2,30;4,40;3,30;98,40;0;2,50;2;53,70;4,40;2,90;
2026-07-01 09:16:00.0;ON;OFF;50;2;2,50;4,50;3,50;98,40;0;2,50;2;53,20;4,50;3,10;
2026-07-01 09:17:00.0;ON;OFF;50;1,90;2,60;4,70;3,90;98,40;0;2,80;2;50;4,70;3,40;
2026-07-01 09:18:00.0;ON;OFF;50;2,10;2,70;4,90;4,10;98,40;0;2,80;2;49,10;4,80;3,40;
2026-07-01 09:19:00.0;ON;OFF;50;2,30;2,90;5;4,30;98,40;0;2,70;2;48,20;4,70;3,50;
2026-07-01 09:20:00.0;ON;OFF;50;2,70;3;5,10;4,50;98,40;0;2,50;2;48,60;5;3,70;
2026-07-01 09:21:00.0;ON;OFF;50;2,60;3,10;5,20;4,60;98,40;0;2,60;2;46,70;5;3,70;
2026-07-01 09:22:00.0;ON;OFF;50;3,10;3,30;5,50;4,80;98,40;0;2,40;2;47,50;5;3,80;
2026-07-01 09:23:00.0;ON;OFF;50;3,40;3,60;5,80;5;98,40;0;2,40;2;47,10;5,20;4,10;
2026-07-01 09:24:00.0;ON;OFF;50;3,60;3,90;6;5,30;98,40;0;2,40;2;46,20;5,50;4,30;
2026-07-01 09:25:00.0;ON;OFF;50;3,50;4,10;6,20;5,50;98,40;0;2,60;2;43,70;5,50;4,40;
2026-07-01 09:26:00.0;ON;OFF;50;4,60;4,50;6,60;5,80;98,40;0;2;2;46,70;5,70;4,70;
2026-07-01 09:27:00.0;ON;OFF;50;4,80;4,70;6,70;5,90;98,40;0;1,90;2;47,70;5,90;5;
2026-07-01 09:28:00.0;ON;OFF;50;5,10;4,80;7;6,30;98,40;0;1,90;2;48,40;6;5,40;
2026-07-01 09:29:00.0;ON;OFF;50;5,50;5,10;7,30;6,50;98,40;0;1,80;2;49,20;6,30;5,70;
2026-07-01 09:30:00.0;ON;OFF;50;5,70;5,50;7,60;6,70;98,40;0;2;2;47,60;6,50;6;
2026-07-01 09:31:00.0;ON;OFF;50;5,50;5,60;7,80;6,80;98,50;0;2,30;2;46;6,80;6,20;
2026-07-01 09:32:00.0;ON;OFF;50;5,40;5,90;8;7;98,50;0;2,60;2;43,40;7;6,30;
2026-07-01 09:33:00.0;ON;OFF;50;5,60;6,10;8,20;7,30;98,50;0;2,70;2;41,70;7,10;6,40;
2026-07-01 09:34:00.0;ON;OFF;50;5,50;6,20;8,30;7,50;98,50;0;2,80;2;39,80;7,20;6,50;
2026-07-01 09:35:00.0;ON;OFF;50;5,60;6,20;8,20;7,70;98,50;0;2,60;2;39,10;6,80;6,40;
2026-07-01 09:36:00.0;ON;OFF;50;5,80;6,10;8,10;7,70;98,50;0;2,20;2;40,80;6,70;6,30;
2026-07-01 09:37:00.0;ON;OFF;50;5,90;6,10;8,10;7,70;98,50;0;2,30;2;40,50;6,60;6,40;
2026-07-01 09:38:00.0;ON;OFF;50;6,10;6,10;8,10;7,80;98,50;0;2;2;42,40;6,60;6,50;
2026-07-01 09:39:00.0;ON;OFF;50;6;6,10;8,10;7,80;98,50;0;2,10;2;41,30;6,70;6,50;
2026-07-01 09:40:00.0;ON;OFF;50;5,90;6,20;8,20;7,90;98,50;0;2,20;2;40,10;6,70;6,50;
2026-07-01 09:41:00.0;ON;OFF;50;6;6,20;8,10;8;98,50;0;2,20;2;40,30;6,70;6,50;
2026-07-01 09:42:00.0;ON;OFF;50;6,90;6,20;8,20;7,90;98,50;0;1,40;2;46,50;6,80;6,60;
2026-07-01 09:43:00.0;ON;OFF;50;7,20;6,20;8,20;7,90;98,50;0;1,10;2;49,70;6,90;7;
2026-07-01 09:44:00.0;ON;OFF;50;7,40;6,30;8,40;8;98,50;0;1;2;51,80;7;7,20;
2026-07-01 09:45:00.0;ON;OFF;50;7,40;6,50;8,50;8,20;98,50;0;1,10;2;53,60;7,20;7,50;
2026-07-01 09:46:00.0;ON;OFF;50;7,70;6,60;8,60;8,20;98,50;0;1;2;55,90;7,30;7,60;
2026-07-01 09:47:00.0;ON;OFF;50;7,30;6,60;8,70;8,40;98,50;0;1,40;2;55,10;7,50;7,70;
2026-07-01 09:48:00.0;ON;OFF;50;7,30;6,80;8,80;8,40;98,50;0;1,40;2;55,60;7,50;7,60;
2026-07-01 09:49:00.0;ON;OFF;50;6,60;6,80;8,80;8,40;98,50;0;2,20;2;51,50;7,50;7,50;
2026-07-01 09:50:00.0;ON;OFF;50;6,60;6,80;8,80;8,40;98,50;0;2,20;2;51,40;7,40;7,50;
2026-07-01 09:51:00.0;ON;OFF;50;6;6,80;8,60;8,30;98,50;0;2,60;2;48,40;7,30;7,20;
2026-07-01 09:52:00.0;ON;OFF;50;5,80;6,50;8,50;8,20;98,50;0;2,70;2;46,60;7,20;7;
2026-07-01 09:53:00.0;ON;OFF;50;5,70;6,50;8,40;8;98,50;0;2,70;2;44,60;7;6,60;
2026-07-01 09:54:00.0;ON;OFF;50;5,60;6,40;8,50;7,90;98,50;0;2,80;2;42,30;7,20;6,50;
2026-07-01 09:55:00.0;ON;OFF;50;5,90;6,50;8,50;7,70;98,50;0;2,60;2;42,40;7,50;6,60;
2026-07-01 09:56:00.0;ON;OFF;50;6;6,50;8,50;7,70;98,50;0;2,60;2;41,50;7,60;6,70;
2026-07-01 09:57:00.0;ON;OFF;50;6,10;6,60;8,60;7,70;98,50;0;2,50;2;40,60;7,60;6,80;
2026-07-01 09:58:00.0;ON;OFF;50;6,30;6,60;8,70;7,80;98,50;0;2,30;2;40,80;7,70;6,90;
2026-07-01 09:59:00.0;ON;OFF;50;6,70;6,70;8,80;7,90;98,50;0;2,10;2;41,50;7,90;7,10;
2026-07-01 10:00:00.0;ON;OFF;50;6,90;6,90;9;8;98,50;0;2,20;2;40,70;8,30;7,30;
2026-07-01 10:01:00.0;ON;OFF;50;6,90;7,10;9,10;8,10;98,50;0;2,20;2;40,20;8,30;7,50;
2026-07-01 10:02:00.0;ON;OFF;50;6,70;7,20;9,20;8,20;98,50;0;2,50;2;37,70;8,40;7,70;
2026-07-01 10:03:00.0;ON;OFF;50;7,50;7,30;9,40;8,20;98,50;0;1,90;2;41,80;8,60;7,80;
2026-07-01 10:04:00.0;ON;OFF;50;7,70;7,40;9,50;8,30;98,50;0;1,80;2;43;8,70;8,10;
2026-07-01 10:05:00.0;ON;OFF;50;8,10;7,50;9,70;8,50;98,50;0;1,60;2;44,70;8,80;8,30;
2026-07-01 10:06:00.0;ON;OFF;50;8,10;7,80;9,80;8,70;98,50;0;1,80;2;43,90;9;8,40;
2026-07-01 10:07:00.0;ON;OFF;50;8;7,90;10,10;9;98,50;0;2,10;2;42;9,10;8,60;
2026-07-01 10:08:00.0;ON;OFF;50;8,10;8,10;10,10;9,20;98,50;0;2;2;43,30;9,20;8,60;
2026-07-01 10:09:00.0;ON;OFF;50;8,40;8,10;10,20;9,10;98,50;0;1,80;2;44,30;9,20;8,70;
2026-07-01 10:10:00.0;ON;OFF;50;8,20;8,30;10,30;9,20;98,50;0;2,10;2;42,60;9,30;8,80;
2026-07-01 10:11:00.0;ON;OFF;50;8,60;8,40;10,50;9,50;98,50;0;1,90;2;43,60;9,50;8,90;
2026-07-01 10:12:00.0;ON;OFF;50;8,80;8,60;10,80;9,60;98,60;0;2;2;42,40;9,60;9,10;
2026-07-01 10:13:00.0;ON;OFF;50;9,10;8,90;11;9,80;98,60;0;1,90;2;43,70;9,70;9,20;
2026-07-01 10:14:00.0;ON;OFF;50;9,40;9;11;10;98,60;0;1,60;2;45,90;9,80;9,40;
2026-07-01 10:15:00.0;ON;OFF;50;9,40;9,10;11,30;10,10;98,60;0;1,90;2;44,60;10,20;9,70;
2026-07-01 10:16:00.0;ON;OFF;50;9,50;9,40;11,50;10,30;98,60;0;1,90;2;44,60;10,30;9,80;
2026-07-01 10:17:00.0;ON;OFF;50;9,50;9,60;11,60;10,30;98,60;0;2,10;2;42,90;10,50;9,90;
2026-07-01 10:18:00.0;ON;OFF;50;9,50;9,70;11,70;10,70;98,60;0;2,20;2;41,90;10,60;9,90;
2026-07-01 10:19:00.0;ON;OFF;50;9,50;9,80;11,90;10,60;98,60;0;2,40;2;40,20;10,70;9,90;
2026-07-01 10:20:00.0;ON;OFF;50;9,50;9,90;11,90;10,80;98,60;0;2,40;2;38,80;10,70;9,90;
2026-07-01 10:21:00.0;ON;OFF;50;9,30;10;12;10,70;98,60;0;2,70;2;35,80;10,90;10;
2026-07-01 10:22:00.0;ON;OFF;50;9,40;10;12;10,80;98,60;0;2,60;2;35,70;10,90;10;
2026-07-01 10:23:00.0;ON;OFF;50;9,90;10,10;12,10;10,70;98,60;0;2,20;2;36,80;11,10;10,10;
2026-07-01 10:24:00.0;ON;OFF;50;9,90;10,10;12,20;10,80;98,60;0;2,20;2;36,30;11,30;10,30;
2026-07-01 10:25:00.0;ON;OFF;50;10,20;10,20;12,30;10,90;98,60;0;2,10;2;37;11,40;10,60;
2026-07-01 10:26:00.0;ON;OFF;50;10,30;10,40;12,40;11;98,60;0;2,10;2;36,90;11,60;10,70;
2026-07-01 10:27:00.0;ON;OFF;50;10,50;10,50;12,60;11,20;98,60;0;2;2;36,50;11,80;10,90;
2026-07-01 10:28:00.0;ON;OFF;50;11,10;10,60;12,70;11,30;98,60;0;1,70;2;38,80;11,80;11;
2026-07-01 10:29:00.0;ON;OFF;50;11,80;10,80;12,90;11,70;98,70;0;1,70;2;39,10;12,10;11,40;
2026-07-01 10:30:00.0;ON;OFF;50;11,60;11;13,10;11,90;98,70;0;1,20;2;43,60;12,40;11,60;
2026-07-01 10:31:00.0;ON;OFF;50;12;11,30;13,30;12;98,70;0;1,20;2;44,90;12,60;12;
2026-07-01 10:32:00.0;ON;OFF;50;12;11,50;13,40;12,20;98,70;0;1,30;2;45,40;12,70;12,20;
2026-07-01 10:33:00.0;ON;OFF;50;12,10;11,60;13,60;12,50;98,70;0;1,50;2;45,40;12,90;12,40;
2026-07-01 10:34:00.0;ON;OFF;50;12,20;11,70;13,70;12,30;98,70;0;1,70;2;44,50;13;12,40;
2026-07-01 10:35:00.0;ON;OFF;50;11,90;11,80;13,80;12,40;98,70;0;1,80;2;45,10;13,20;12,60;
2026-07-01 10:36:00.0;ON;OFF;50;12,10;11,80;13,80;12,60;98,70;0;1,80;2;45,50;13,10;12,60;
2026-07-01 10:37:00.0;ON;OFF;50;11,90;11,90;13,90;12,60;98,70;0;2;2;44,80;13,40;12,60;
2026-07-01 10:38:00.0;ON;OFF;50;11,90;12;13,90;12,80;98,70;0;2;2;43,50;13,60;12,60;
2026-07-01 10:39:00.0;ON;OFF;50;11,80;12,10;14;12,60;98,70;0;2,10;2;43,10;13,60;12,70;
2026-07-01 10:40:00.0;ON;OFF;50;11,90;12,10;14,10;13;98,70;0;2,40;2;41;13,60;12,60;
2026-07-01 10:41:00.0;ON;OFF;50;11,40;12,10;14,10;12,90;98,70;0;2,50;2;37,70;13,50;12,60;
2026-07-01 10:42:00.0;ON;OFF;50;11,40;12,20;14,20;12,80;98,70;0;2,60;2;36,60;13,60;12,50;
2026-07-01 10:43:00.0;ON;OFF;50;11,60;12,10;14,20;13;98,70;0;2,50;2;36,70;13,40;12,50;
2026-07-01 10:44:00.0;ON;OFF;50;11,50;12,10;14,10;13;98,70;0;2,50;2;35,10;13,40;12,40;
2026-07-01 10:45:00.0;ON;OFF;50;11,90;12,10;14,10;13,10;98,70;0;2,30;2;36,40;13,40;12,30;
2026-07-01 10:46:00.0;ON;OFF;50;11,70;12,10;14,10;13,10;98,70;0;2,30;2;34,80;13,40;12,50;
2026-07-01 10:47:00.0;ON;OFF;50;12,20;12,20;14,10;13,30;98,70;0;2,20;2;36,30;13,50;12,50;
2026-07-01 10:48:00.0;ON;OFF;50;12,20;12,20;14,20;13,30;98,70;0,10;2;2;36,40;13,50;12,60;
2026-07-01 10:49:00.0;ON;OFF;50;12,20;12,30;14,30;13,40;98,70;0;2,10;2;36,10;13,70;12,70;
2026-07-01 10:50:00.0;ON;OFF;50;12,40;12,40;14,40;13,40;98,70;0,10;2;2;36,10;13,90;12,80;
2026-07-01 10:51:00.0;ON;OFF;50;12,10;12,40;14,40;13,30;98,70;0,10;2,30;2;34,40;14;13;
2026-07-01 10:52:00.0;ON;OFF;50;12,30;12,50;14,50;13,40;98,70;1,20;2,20;2;34,70;14;13;
2026-07-01 10:53:00.0;ON;OFF;50;12,40;12,60;14,60;13,40;98,70;0,10;2,10;2;34,80;14,20;13;
2026-07-01 10:54:00.0;ON;OFF;50;12,50;12,70;14,60;13,60;98,70;0,10;2,20;2;34,20;14,30;13,20;
2026-07-01 10:55:00.0;ON;OFF;50;12,80;12,80;14,70;13,60;98,70;0,10;2;2;35;14,40;13,30;
2026-07-01 10:56:00.0;ON;OFF;50;12,80;12,90;14,80;13,50;98,70;0,10;2;2;34,70;14,40;13,30;
2026-07-01 10:57:00.0;ON;OFF;50;12,90;12,90;14,90;13,80;98,70;0,10;2;2;35,60;14,50;13,50;
2026-07-01 10:58:00.0;ON;OFF;50;13;13,10;15;13,90;98,80;0,10;2,10;2;34,10;14,70;13,60;
2026-07-01 10:59:00.0;ON;OFF;50;12,90;13,10;15,10;14;98,80;0;2,30;2;33;14,70;13,60;
2026-07-01 11:00:00.0;ON;OFF;50;12,90;13,20;15,20;14;98,80;0,10;2,30;2;32,50;14,70;13,70;
2026-07-01 11:01:00.0;ON;OFF;50;13,20;13,30;15,20;14,30;98,80;0;2,10;2;32,90;14,90;13,70;
2026-07-01 11:02:00.0;ON;OFF;50;13,70;13,40;15,40;14,40;98,80;0;1,70;2;36;15;13,90;
2026-07-01 11:03:00.0;ON;OFF;50;14,10;13,60;15,50;14,50;98,80;0;1,50;2;38;15,20;14,10;
2026-07-01 11:04:00.0;ON;OFF;50;14,20;13,80;15,70;14,70;98,80;0;1,60;2;38,50;15,40;14,40;
2026-07-01 11:05:00.0;ON;OFF;50;14,20;13,90;15,90;14,70;98,80;0;1,70;2;38,30;15,50;14,50;
2026-07-01 11:06:00.0;ON;OFF;50;14,50;14,10;16;14,90;98,80;0;1,60;2;40;15,80;14,80;
2026-07-01 11:07:00.0;ON;OFF;50;14,50;14,30;16,20;15,10;98,80;0;1,80;2;39,20;16;14,90;
2026-07-01 11:08:00.0;ON;OFF;50;14,60;14,30;16,30;15,20;98,80;0;1,80;2;39,60;16,10;15,10;
2026-07-01 11:09:00.0;ON;OFF;50;14,60;14,50;16,40;15,30;98,80;0;1,90;2;39,40;16,20;15,10;
2026-07-01 11:10:00.0;ON;OFF;50;15,10;14,60;16,60;15,40;98,80;0;1,50;2;42,20;16,40;15,30;
2026-07-01 11:11:00.0;ON;OFF;50;14,90;14,60;16,60;15,60;98,80;0;1,70;2;41,60;16,30;15,40;
2026-07-01 11:12:00.0;ON;OFF;50;15,10;14,80;16,70;15,80;98,80;0;1,70;2;42,40;16,50;15,60;
2026-07-01 11:13:00.0;ON;OFF;50;15,20;14,90;16,80;15,90;98,80;0,10;1,70;2;43;16,60;15,70;
2026-07-01 11:14:00.0;ON;OFF;50;14,90;15;17;15,80;98,80;0;2,10;2;40,80;16,80;15,80;
2026-07-01 11:15:00.0;ON;OFF;50;15;15;17,10;16,10;98,80;0;2;2;41,70;16,80;15,80;
2026-07-01 11:16:00.0;ON;OFF;50;14,80;15;17,10;15,90;98,80;0;2,30;2;40,10;16,80;15,70;
2026-07-01 11:17:00.0;ON;OFF;50;14,90;15;17,10;16,20;98,80;0;2,20;2;40,10;16,80;15,60;
2026-07-01 11:18:00.0;ON;OFF;50;14,60;15;17,10;16,20;98,80;0;2,40;2;38,10;16,70;15,60;
2026-07-01 11:19:00.0;ON;OFF;50;14,60;15;17,10;16,20;98,80;0,10;2,50;2;37,30;16,70;15,50;
2026-07-01 11:20:00.0;ON;OFF;50;14,60;15;17,10;16;98,80;0,10;2,50;2;36,70;16,80;15,50;
2026-07-01 11:21:00.0;ON;OFF;50;14,50;15;17,10;16,30;98,80;0;2,60;2;35,80;16,80;15,50;
2026-07-01 11:22:00.0;ON;OFF;50;14,70;15;17,10;16,20;98,80;0;2,40;2;36,30;16,80;15,50;
2026-07-01 11:23:00.0;ON;OFF;50;14,60;15;17,20;16,20;98,90;0;2,60;2;34,50;17;15,60;
2026-07-01 11:24:00.0;ON;OFF;50;14,70;15;17,20;16,10;98,90;0,10;2,50;2;34,80;17;15,60;
2026-07-01 11:25:00.0;ON;OFF;50;14,70;15;17,20;16,20;98,90;0,10;2,50;2;34,20;17,20;15,60;
2026-07-01 11:26:00.0;ON;OFF;50;14,60;15;17,30;16,20;98,90;0,10;2,60;2;32,80;17,10;15,60;
2026-07-01 11:27:00.0;ON;OFF;50;13,60;10,30;17,30;16,10;98,90;0,10;3,70;2;59,80;17,20;15,80;
2026-07-01 11:28:00.0;ON;OFF;70;13,10;10,30;17,30;16,30;98,90;0,10;4,20;2;62,10;17,10;15,50;
2026-07-01 11:29:00.0;ON;OFF;70;12,30;10,10;17,10;16,10;98,90;0,10;4,80;2;63,10;16,80;15,30;
2026-07-01 11:30:00.0;ON;OFF;70;12;10;17;16;98,90;0,10;5;2;64,50;16,70;15,10;
2026-07-01 11:31:00.0;ON;OFF;70;11,30;9,90;16,90;15,90;98,90;0,10;5,60;7;62,90;16,70;14,90;
2026-07-01 11:32:00.0;ON;OFF;70;10,70;9,60;16,60;15,50;98,90;0,10;5,80;7;65,10;16,30;14,40;
2026-07-01 11:33:00.0;ON;OFF;70;10,20;9,30;16,30;15,20;98,90;0,10;6,10;7;66,10;16;14,10;
2026-07-01 11:34:00.0;ON;OFF;70;9,80;9,10;16,10;15;98,90;0,10;6,30;7;65,90;15,90;13,90;
2026-07-01 11:35:00.0;ON;OFF;70;9,70;8,90;15,90;14,90;98,90;0,10;6,20;7;67,90;15,60;13,60;
2026-07-01 11:36:00.0;ON;OFF;70;9,30;8,70;15,70;14,70;98,90;0,10;6,50;7;67,70;15,40;13,30;
2026-07-01 11:37:00.0;OFF;ON;70;9;8,60;15,60;14,60;98,90;0,10;6,60;7;67,80;15,20;13,20;
2026-07-01 11:38:00.0;OFF;ON;70;8,90;8,40;15,40;14,40;98,90;0,10;6,50;7;68,90;15,10;13;
2026-07-01 11:39:00.0;OFF;ON;70;8,50;8,30;15,30;14,30;98,90;0,10;6,70;7;68,40;15;12,90;
2026-07-01 11:40:00.0;OFF;ON;70;8,40;8,10;15,10;14,20;98,90;0,10;6,70;7;69,50;14,70;12,70;
2026-07-01 11:41:00.0;OFF;ON;70;8,20;8;15;14;98,90;0,10;6,80;7;69,70;14,60;12,50;
2026-07-01 11:42:00.0;OFF;ON;70;8,20;7,80;14,80;13,80;98,90;0,10;6,60;7;71,10;14,50;12,30;
2026-07-01 11:43:00.0;OFF;ON;70;8;7,70;14,70;13,70;98,90;0,10;6,70;7;70,80;14,40;12,10;
2026-07-01 11:44:00.0;OFF;ON;70;7,80;7,60;14,60;13,60;98,90;0,10;6,80;7;70,60;14,30;12;
2026-07-01 11:45:00.0;OFF;ON;70;7,60;7,50;14,50;13,50;98,90;0,10;6,90;7;70,20;14,30;11,90;
2026-07-01 11:46:00.0;OFF;ON;70;7,60;7,50;14,50;13,40;98,90;0,10;6,90;7;70,80;14,20;11,90;
2026-07-01 11:47:00.0;OFF;ON;70;7,50;7,40;14,40;13,30;98,90;0,10;6,90;7;70,70;14,10;11,80;
2026-07-01 11:48:00.0;OFF;ON;70;7,50;7,30;14,30;13,20;98,90;0,10;6,80;7;71,90;14;11,60;
2026-07-01 11:49:00.0;OFF;ON;70;7,20;7,20;14,20;13,10;98,90;0,10;7;7;71,20;13,90;11,50;
2026-07-01 11:50:00.0;OFF;ON;70;7;7,10;14,10;13;98,90;0,10;7;7;71,30;13,70;11,40;
2026-07-01 11:51:00.0;OFF;ON;70;7,10;7;14;12,90;98,90;0,10;7;7;71,60;13,60;11,30;
2026-07-01 11:52:00.0;OFF;ON;70;6,90;6,90;13,90;12,80;98,80;0,10;7;7;70,60;13,60;11,20;
2026-07-01 11:53:00.0;OFF;ON;70;6,80;6,80;13,80;12,70;98,80;0,10;7;7;71,80;13,40;11,10;
2026-07-01 11:54:00.0;OFF;ON;70;6,70;6,70;13,70;12,60;98,80;0,10;7;7;71,60;13,40;10,90;
2026-07-01 11:55:00.0;OFF;ON;70;6,50;6,60;13,60;12,50;98,80;0,10;7,10;7;70,70;13,30;10,80;
2026-07-01 11:56:00.0;OFF;ON;70;6,70;6,60;13,60;12,40;98,80;0,10;6,90;7;72,20;13,20;10,70;
2026-07-01 11:57:00.0;OFF;ON;70;6,60;6,50;13,50;12,30;98,80;0,10;6,90;7;71,80;13,20;10,70;
2026-07-01 11:58:00.0;OFF;ON;70;6,40;6,40;13,40;12,20;98,80;0,10;7;7;70,90;13;10,60;
2026-07-01 11:59:00.0;OFF;ON;70;6,30;6,30;13,30;12,10;98,70;0,10;7;7;71,80;13;10,50;
2026-07-01 12:00:00.0;OFF;ON;70;6,20;6,30;13,30;12,10;98,70;0,10;7,10;7;71;12,90;10,40;
2026-07-01 12:01:00.0;OFF;ON;70;6,30;6,20;13,20;12;98,80;0,10;6,90;7;72,10;12,80;10,30;
2026-07-01 12:02:00.0;OFF;ON;70;6,10;6,10;13,10;11,90;98,80;0,10;7;7;71,80;12,80;10,30;
2026-07-01 12:03:00.0;OFF;ON;70;6;6;13;11,80;98,80;0,10;7;7;71,90;12,60;10,20;
2026-07-01 12:04:00.0;OFF;ON;70;6;6;13;11,70;98,80;0,10;7;7;71;12,60;10,10;
2026-07-01 12:05:00.0;OFF;ON;70;5,90;5,90;12,90;11,70;98,80;0,10;7,10;7;71,10;12,60;10;
2026-07-01 12:06:00.0;OFF;ON;70;5,80;5,80;12,80;11,60;98,80;0,10;7;7;72,20;12,50;10;
2026-07-01 12:07:00.0;OFF;ON;70;5,90;5,80;12,80;11,50;98,80;0,10;6,90;7;72,30;12,40;9,90;
2026-07-01 12:08:00.0;OFF;ON;70;5,80;5,70;12,70;11,40;98,80;0,10;6,90;7;72,50;12,20;9,80;
2026-07-01 12:09:00.0;OFF;ON;70;5,70;5,60;12,60;11,30;98,80;0,10;6,90;7;72,40;12,20;9,80;
2026-07-01 12:10:00.0;OFF;ON;70;5,70;5,50;12,50;11,30;98,80;0,10;6,80;7;73,10;12,20;9,70;
2026-07-01 12:11:00.0;OFF;ON;70;5,60;5,50;12,50;11,20;98,80;0,10;6,90;7;72,50;12,10;9,60;
2026-07-01 12:12:00.0;OFF;ON;70;5,50;5,40;12,40;11,10;98,80;0,10;6,90;7;72,60;12;9,60;
2026-07-01 12:13:00.0;OFF;ON;70;5,30;5,30;12,30;11;98,80;0,10;7;7;72,60;12;9,50;
2026-07-01 12:14:00.0;OFF;ON;70;5,30;5,30;12,30;11;98,80;0,10;7;7;72,80;11,90;9,40;
2026-07-01 12:15:00.0;OFF;ON;70;5,30;5,20;12,20;10,90;98,80;0,10;6,90;7;72,90;11,80;9,40;
2026-07-01 12:16:00.0;OFF;ON;70;5,30;5,10;12,10;10,80;98,80;0,10;6,80;7;73,50;11,70;9,30;
2026-07-01 12:17:00.0;OFF;ON;70;5,10;5;12;10,70;98,80;0,10;7;7;73;11,60;9,20;
2026-07-01 12:18:00.0;OFF;ON;70;5;6;12;10,60;98,80;0,10;6,90;7;65,80;11,60;9,20;
2026-07-01 12:19:00.0;OFF;ON;75;5,10;5,90;11,90;10,60;98,80;0,10;6,80;7;65,10;11,50;9,20;
2026-07-01 12:20:00.0;OFF;ON;75;5,30;5,90;11,90;10,50;98,80;0,10;6,60;7;64,80;11,50;9,20;
2026-07-01 12:21:00.0;OFF;ON;75;5,10;5,80;11,80;10,50;98,80;0,10;6,70;7;62,70;11,40;9,20;
2026-07-01 12:22:00.0;OFF;ON;75;5,20;5,80;11,80;10,40;98,80;0,10;6,60;6;62,60;11,40;9,20;
2026-07-01 12:23:00.0;OFF;ON;75;5,10;5,70;11,70;10,40;98,80;0,10;6,60;6;61,10;11,30;9,20;
2026-07-01 12:24:00.0;OFF;ON;75;5,20;5,70;11,70;10,40;98,80;0,10;6,50;6;61,10;11,30;9,20;
2026-07-01 12:25:00.0;OFF;ON;75;5,20;5,70;11,70;10,30;98,80;0,10;6,50;6;60,50;11,20;9,20;
2026-07-01 12:26:00.0;OFF;ON;75;5,50;5,70;11,70;10,30;98,80;0,10;6,20;6;61,80;11,20;9,20;
2026-07-01 12:27:00.0;OFF;ON;75;5,30;5,70;11,70;10,30;98,80;0,10;6,40;6;59,90;11,20;9,20;
2026-07-01 12:28:00.0;OFF;ON;75;5,40;5,60;11,60;10,20;98,80;0,10;6,20;6;60,10;11,20;9,20;
2026-07-01 12:29:00.0;OFF;ON;75;5,50;5,60;11,60;10,20;98,80;0,10;6,20;6;60,40;11,20;9,20;
2026-07-01 12:30:00.0;OFF;ON;75;5,50;5,50;11,50;10,20;98,80;0,10;6;6;60,60;11,10;9,20;
2026-07-01 12:31:00.0;OFF;ON;75;5,30;5,50;11,50;10,10;98,80;0,10;6,30;6;59,10;11,10;9,20;
2026-07-01 12:32:00.0;OFF;ON;75;5,50;5,50;11,50;10,10;98,80;0,10;6;6;60,20;11,10;9,20;
2026-07-01 12:33:00.0;OFF;ON;75;5,40;5,50;11,50;10,10;98,80;0,10;6,10;6;60;11;9,10;
2026-07-01 12:34:00.0;OFF;ON;75;5,20;5,40;11,40;10;98,80;0,10;6,20;6;58,90;11;9,10;
2026-07-01 12:35:00.0;OFF;ON;75;5,40;5,40;11,40;10;98,80;0,10;6;6;59,40;11;9,10;
2026-07-01 12:36:00.0;OFF;ON;75;5,20;5,30;11,30;10;98,80;0,10;6,10;6;59,20;10,90;9,10;
2026-07-01 12:37:00.0;OFF;ON;75;5,20;5,30;11,30;9,90;98,80;0,10;6,10;6;58,90;10,80;9;
2026-07-01 12:38:00.0;OFF;ON;75;5,20;5,30;11,30;9,90;98,80;0,10;6,10;6;59;10,80;9;
2026-07-01 12:39:00.0;OFF;ON;75;5,20;5,20;11,20;9,80;98,80;0,10;6;6;60;10,70;9;
2026-07-01 12:40:00.0;OFF;ON;75;5,20;5,20;11,20;9,80;98,80;0,10;6;6;59,30;10,70;8,90;
2026-07-01 12:41:00.0;OFF;ON;75;5,20;5,10;11,10;9,80;98,80;0,10;5,90;6;60,10;10,70;8,90;
2026-07-01 12:42:00.0;OFF;ON;75;5,20;5,10;11,10;9,80;98,80;0,10;6;6;60;10,60;8,90;
2026-07-01 12:43:00.0;OFF;ON;75;5,10;5;11;9,70;98,80;0,10;6;6;59,30;10,60;8,80;
2026-07-01 12:44:00.0;OFF;ON;75;5,10;5;11;9,70;98,70;0,10;5,90;6;60,40;10,50;8,80;
2026-07-01 12:45:00.0;OFF;ON;75;4,90;4,90;10,90;9,60;98,70;0,10;6;6;60,50;10,50;8,70;
2026-07-01 12:46:00.0;OFF;ON;75;4,90;4,90;10,90;9,60;98,80;0,10;6;6;60,40;10,40;8,70;
2026-07-01 12:47:00.0;OFF;ON;75;5;4,90;10,90;9,60;98,70;0,10;6;6;60,70;10,40;8,70;
2026-07-01 12:48:00.0;OFF;ON;75;4,80;4,80;10,80;9,50;98,70;0,10;6;6;60,70;10,30;8,60;
2026-07-01 12:49:00.0;OFF;ON;75;4,80;4,80;10,80;9,50;98,70;0,10;5,90;6;60,90;10,30;8,60;
2026-07-01 12:50:00.0;OFF;ON;75;4,80;4,70;10,70;9,40;98,70;0,10;6;6;61;10,20;8,50;
2026-07-01 12:51:00.0;OFF;ON;75;4,90;4,70;10,70;9,40;98,70;0,10;5,80;6;62,10;10,20;8,50;
2026-07-01 12:52:00.0;OFF;ON;75;4,80;4,60;10,60;9,40;98,70;0,10;5,80;6;62,20;10,10;8,40;
2026-07-01 12:53:00.0;OFF;ON;75;4,60;4,60;10,60;9,30;98,70;0,10;5,90;6;61,80;10,10;8,40;
2026-07-01 12:54:00.0;OFF;ON;75;4,70;4,50;10,50;9,30;98,70;0,10;5,80;6;62,90;10;8,30;
2026-07-01 12:55:00.0;OFF;ON;75;4,60;4,50;10,50;9,20;98,70;0,10;5,90;6;62,80;9,90;8,30;
2026-07-01 12:56:00.0;OFF;ON;75;4,60;4,40;10,40;9,20;98,70;0,10;5,80;6;63,90;9,90;8,30;
2026-07-01 12:57:00.0;OFF;ON;75;4,50;4,40;10,40;9,10;98,70;0,10;5,80;6;63,80;9,90;8,20;
2026-07-01 12:58:00.0;OFF;ON;75;4,60;4,30;10,30;9,10;98,70;0,10;5,70;6;64,80;9,90;8,20;
2026-07-01 12:59:00.0;OFF;ON;75;4,40;4,30;10,30;9;98,70;0,10;5,90;6;64,20;9,80;8,20;
2026-07-01 13:00:00.0;OFF;ON;75;4,50;4,20;10,20;9;98,70;0,10;5,70;6;66;9,80;8,10;
2026-07-01 13:01:00.0;OFF;ON;75;4,50;4,20;10,20;9;98,70;0,10;5,70;6;66,20;9,70;8,10;
2026-07-01 13:02:00.0;OFF;ON;75;4,30;4,20;10,20;8,90;98,70;0,10;5,80;6;65,90;9,70;8;
2026-07-01 13:03:00.0;OFF;ON;75;4,30;4,10;10,10;8,90;98,70;0,10;5,80;6;66,60;9,60;8;
2026-07-01 13:04:00.0;OFF;ON;75;4,40;4,10;10,10;8,80;98,70;0,10;5,60;6;68,40;9,60;7,90;
2026-07-01 13:05:00.0;OFF;ON;75;4,20;4,50;10;8,80;98,70;0,10;5,70;6;64,80;9,60;7,90;
2026-07-01 13:06:00.0;OFF;ON;80;4,30;4,50;10;8,70;98,70;0,10;5,70;6;64,70;9,60;8;
2026-07-01 13:07:00.0;OFF;ON;80;4,40;4,50;10;8,70;98,70;0,10;5,60;6;64,90;9,60;8;
2026-07-01 13:08:00.0;OFF;ON;80;4,10;4,40;9,90;8,70;98,70;0,10;5,80;6;63,40;9,50;8;
2026-07-01 13:09:00.0;OFF;ON;80;4,30;4,40;9,90;8,70;98,60;0,10;5,70;5,50;63,80;9,50;8;
2026-07-01 13:10:00.0;OFF;ON;80;4,20;4,40;9,90;8,60;98,60;0,10;5,70;5,50;63,20;9,50;7,90;
2026-07-01 13:11:00.0;OFF;ON;80;4,20;4,30;9,80;8,60;98,50;0,10;5,60;5,50;63,70;9,40;7,90;
2026-07-01 13:12:00.0;OFF;ON;80;4,10;4,30;9,80;8,60;98,50;0,10;5,70;5,50;62,70;9,40;7,90;
2026-07-01 13:13:00.0;OFF;ON;80;4,20;4,20;9,70;8,50;98,50;0,10;5,50;5,50;63,30;9,30;7,80;
2026-07-01 13:14:00.0;OFF;ON;80;4;4,20;9,70;8,50;98,40;0,10;5,70;5,50;62,20;9,30;7,80;
2026-07-01 13:15:00.0;OFF;ON;80;4,20;4,20;9,70;8,40;98,40;0,10;5,50;5,50;62,80;9,30;7,70;
2026-07-01 13:16:00.0;OFF;ON;80;4;4,10;9,60;8,40;98,40;0,10;5,70;5,50;62;9,20;7,70;
2026-07-01 13:17:00.0;OFF;ON;80;4,10;4,10;9,60;8,40;98,30;0,10;5,50;5,50;62,50;9,20;7,70;
2026-07-01 13:18:00.0;OFF;ON;80;3,90;4,10;9,60;8,30;98,20;0,10;5,60;5,50;61,80;9,20;7,60;
2026-07-01 13:19:00.0;OFF;ON;80;3,90;4,10;9,60;8,30;98,20;0,10;5,70;5,50;61,50;9,10;7,60;
2026-07-01 13:20:00.0;OFF;ON;80;3,80;4;9,50;8,30;98,10;0,10;5,70;5,50;60,90;9,10;7,50;
2026-07-01 13:21:00.0;OFF;ON;80;4;4;9,50;8,20;98,10;0,10;5,50;5,50;61,70;9,10;7,50;
2026-07-01 13:22:00.0;OFF;ON;80;3,90;4;9,50;8,20;98,10;0,10;5,60;5,50;61,60;9,10;7,50;
2026-07-01 13:23:00.0;OFF;ON;80;4;4;9,50;8,20;98;0,10;5,50;5,50;61,50;9,10;7,50;
2026-07-01 13:24:00.0;OFF;ON;80;3,90;3,90;9,40;27,80;98;0,10;5,50;5,50;61,30;9;7,50;
2026-07-01 13:25:00.0;OFF;ON;80;3,90;3,90;9,40;30,50;98;42,50;5,50;5,50;61;9;7,40;
2026-07-01 13:26:00.0;OFF;ON;80;3,70;3,90;9,40;31,10;97,90;60,30;5,60;5,50;60,60;9;7,40;
2026-07-01 13:27:00.0;OFF;ON;80;3,80;3,80;9,30;31,40;97,90;60,30;5,50;5,50;60,90;8,90;7,30;
2026-07-01 13:28:00.0;OFF;ON;80;3,70;3,80;9,30;31,60;97,90;60,30;5,60;5,50;60,70;8,90;7,30;
2026-07-01 13:29:00.0;OFF;ON;80;3,70;3,70;9,20;31,60;97,90;60,30;5,50;5,50;60,80;8,80;7,30;
2026-07-01 13:30:00.0;OFF;ON;80;3,70;3,70;9,20;31,60;97,90;60,30;5,50;5,50;60,70;8,80;7,20;
2026-07-01 13:31:00.0;OFF;ON;80;3,50;3,70;9,20;31,60;97,80;60,30;5,70;5,50;59,90;8,80;7,20;
2026-07-01 13:32:00.0;OFF;ON;80;3,70;3,70;9,20;31,60;97,80;60,30;5,50;5,50;60,50;8,70;7,10;
2026-07-01 13:33:00.0;OFF;ON;80;3,60;3,60;9,10;31,60;97,60;60,30;5,50;5,50;60,30;8,70;7,10;
2026-07-01 13:34:00.0;OFF;ON;80;3,40;3,60;9,10;31,60;97,60;60,30;5,60;5,50;59,70;8,60;7,10;
2026-07-01 13:35:00.0;OFF;ON;80;3,60;3,50;9;31,50;97,70;60,30;5,40;5,50;61;8,60;7;
2026-07-01 13:36:00.0;OFF;ON;80;3,50;3,50;9;31,50;97,70;60,30;5,50;5,50;60;8,50;7;
2026-07-01 13:37:00.0;OFF;ON;80;3,50;3,40;8,90;31,40;97,60;60,30;5,50;5,50;60;8,50;6,90;
2026-07-01 13:38:00.0;OFF;ON;80;3,30;3,40;8,90;31,40;97,50;60,30;5,60;5,50;59,60;8,50;6,90;
2026-07-01 13:39:00.0;OFF;ON;80;3,30;3,40;8,90;31,30;97,50;60,30;5,60;5,50;59,80;8,40;6,90;
2026-07-01 13:40:00.0;OFF;ON;80;3,30;3,40;8,90;31,30;97,50;60,30;5,50;5,50;59,70;8,50;6,80;
2026-07-01 13:41:00.0;OFF;ON;80;3,30;3,30;8,80;31,20;97,50;60,30;5,50;5,50;59,60;8,40;6,80;
2026-07-01 13:42:00.0;OFF;ON;80;3,20;3,30;8,80;31,20;97,50;60,30;5,60;5,50;59,20;8,40;6,80;
2026-07-01 13:43:00.0;OFF;ON;80;3,30;3,30;8,80;31,10;97,50;60,30;5,50;5,50;59,60;8,40;6,80;
2026-07-01 13:44:00.0;OFF;ON;80;3,30;3,30;8,80;31,10;97,50;60,30;5,50;5,50;59,40;8,30;6,70;
2026-07-01 13:45:00.0;OFF;ON;80;3,20;3,20;8,70;31;97,50;60,30;5,60;5,50;59,50;8,30;6,70;
2026-07-01 13:46:00.0;OFF;ON;80;3,10;3,20;8,70;31;97,30;60,30;5,60;5,50;59,40;8,30;6,60;
2026-07-01 13:47:00.0;OFF;ON;80;3,10;3,10;8,60;30,90;97,40;60,30;5,50;5,50;60,30;8,20;6,60;
2026-07-01 13:48:00.0;OFF;ON;80;3;3,10;8,60;30,90;97,50;60,30;5,60;5,50;59,30;8,10;6,50;
2026-07-01 13:49:00.0;OFF;ON;80;3,10;3;8,50;30,80;97,30;60,30;5,50;5,50;60,40;8,10;6,50;
2026-07-01 13:50:00.0;OFF;ON;80;3;3;8,50;30,70;97,40;60,30;5,60;5,50;59,50;8,10;6,50;
2026-07-01 13:51:00.0;OFF;ON;80;2,90;3;8,50;30,70;97,40;60,30;5,60;5,50;59,40;8;6,40;
2026-07-01 13:52:00.0;OFF;ON;80;3;3;8,50;30,60;97,30;60,30;5,50;5,50;60,30;8;6,40;
2026-07-01 13:53:00.0;OFF;ON;80;2,90;2,90;8,40;30,60;97,40;60,30;5,50;5,50;60,30;8;6,40;
2026-07-01 13:54:00.0;OFF;ON;80;2,90;2,90;8,40;30,50;97,30;60,20;5,50;5,50;59,50;7,90;6,30;
2026-07-01 13:55:00.0;OFF;ON;80;2,90;2,90;8,40;30,50;97,30;60,20;5,50;5,50;59,30;7,90;6,30;
2026-07-01 13:56:00.0;OFF;ON;80;2,90;2,80;8,30;30,40;97,30;60,20;5,50;5,50;59,40;7,80;6,20;
2026-07-01 13:57:00.0;OFF;ON;80;2,80;2,80;8,30;30,30;97,20;60,20;5,50;5,50;60,20;7,90;6,20;
2026-07-01 13:58:00.0;OFF;ON;80;2,80;2,70;8,20;30,30;97,20;60,20;5,50;5,50;59,40;7,80;6,20;
2026-07-01 13:59:00.0;OFF;ON;80;2,80;2,70;8,20;30,20;97,30;60,20;5,40;5,50;60,40;7,70;6,10;
2026-07-01 14:00:00.0;OFF;ON;80;2,60;2,70;8,20;30,20;97,20;60,20;5,50;5,50;60,30;7,70;6,10;
2026-07-01 14:01:00.0;OFF;ON;80;2,70;2,70;8,20;30,10;97,30;60,20;5,50;5,50;59,60;7,70;6;
2026-07-01 14:02:00.0;OFF;ON;80;2,60;2,60;8,10;30;97,30;60,30;5,60;5,50;59,70;7,70;6;
2026-07-01 14:03:00.0;OFF;ON;80;2,70;2,60;8,10;30;97,30;60,30;5,50;5,50;60,60;7,70;6;
2026-07-01 14:04:00.0;OFF;ON;80;2,70;2,60;8,10;29,90;97,30;60,30;5,40;5,50;61;7,60;6;
2026-07-01 14:05:00.0;OFF;ON;80;2,60;2,50;8;29,90;97,30;60,30;5,40;5,50;61,10;7,50;5,90;
2026-07-01 14:06:00.0;OFF;ON;80;2,60;3;8;29,80;97,30;60,30;5,40;5,50;57,60;7,50;6;
2026-07-01 14:07:00.0;OFF;ON;90;2,70;3;8;29,80;97,30;60,30;5,40;5,50;57,10;7,60;6,20;
2026-07-01 14:08:00.0;OFF;ON;90;2,70;3;8;29,70;97,30;60,30;5,30;5,50;57;7,60;6,20;
2026-07-01 14:09:00.0;OFF;ON;90;2,90;3,10;8,10;29,70;97,30;60,30;5,10;5,50;57,60;7,60;6,30;
2026-07-01 14:10:00.0;OFF;ON;90;3;3;8;29,70;97,30;60,30;5;5;57,90;7,60;6,30;
2026-07-01 14:11:00.0;OFF;ON;90;2,90;3;8;29,60;97,40;60,30;5,10;5;57,30;7,60;6,30;
2026-07-01 14:12:00.0;OFF;ON;90;3;3;8;29,50;97,40;60,30;5;5;58,40;7,60;6,30;
2026-07-01 14:13:00.0;OFF;ON;90;3,10;3;8;29,50;97,40;60,30;4,90;5;58,40;7,60;6,30;
2026-07-01 14:14:00.0;OFF;ON;90;3,10;3;8;29,50;97,40;60,30;4,90;5;58,70;7,60;6,30;
2026-07-01 14:15:00.0;OFF;ON;90;3,20;3;8;29,40;97,50;60,30;4,90;5;59;7,60;6,40;
2026-07-01 14:16:00.0;OFF;ON;90;3;3;8;29,30;97,50;60,30;5;5;58,60;7,60;6,40;
2026-07-01 14:17:00.0;OFF;ON;90;3;3;8;29,30;97,50;60,30;5;5;58,70;7,60;6,40;
2026-07-01 14:18:00.0;OFF;ON;90;3,10;3;8;29,20;97,60;60,30;4,90;5;58,80;7,60;6,40;
2026-07-01 14:19:00.0;OFF;ON;90;3,20;3;8;29,20;97,60;60,30;4,80;5;59,60;7,60;6,40;
2026-07-01 14:20:00.0;OFF;ON;90;3;3;8;29,20;97,60;60,30;5;5;59,20;7,60;6,30;
2026-07-01 14:21:00.0;OFF;ON;90;3,20;2,90;7,90;29,10;97,50;60,30;4,70;5;60,80;7,50;6,30;
2026-07-01 14:22:00.0;OFF;ON;90;3,20;2,90;7,90;29;97,50;60,30;4,70;5;60,90;7,50;6,30;
2026-07-01 14:23:00.0;OFF;ON;90;3,10;2,90;7,90;29;97,50;60,30;4,80;5;60,90;7,50;6,30;
2026-07-01 14:24:00.0;OFF;ON;90;3,10;2,90;7,90;29;97,40;60,30;4,80;5;61,20;7,50;6,30;
2026-07-01 14:25:00.0;OFF;ON;90;3,10;2,90;7,90;28,90;97,40;60,30;4,80;5;61,60;7,50;6,30;
2026-07-01 14:26:00.0;OFF;ON;90;3,20;2,90;7,90;28,80;97,50;60,30;4,70;5;62,30;7,40;6,20;
2026-07-01 14:27:00.0;OFF;ON;90;3;2,90;7,90;28,80;97,50;60,30;4,90;5;61,40;7,40;6,20;
2026-07-01 14:28:00.0;OFF;ON;90;3;2,80;7,80;28,70;97,40;60,20;4,90;5;62,10;7,40;6,20;
2026-07-01 14:29:00.0;OFF;ON;90;2,90;2,80;7,80;28,70;97,30;60,30;4,90;5;62,40;7,40;6,20;
2026-07-01 14:30:00.0;OFF;ON;90;3;2,80;7,80;28,60;97,20;60,20;4,80;5;63,60;7,40;6,20;
2026-07-01 14:31:00.0;OFF;ON;90;3;2,80;7,80;28,60;97,30;60,30;4,80;5;63,60;7,40;6,20;
2026-07-01 14:32:00.0;OFF;ON;90;3;2,80;7,80;28,50;97,30;60,30;4,80;5;64,10;7,40;6,20;
2026-07-01 14:33:00.0;OFF;ON;90;3;2,80;7,80;28,50;97,30;60,30;4,70;5;65;7,30;6,10;
2026-07-01 14:34:00.0;OFF;ON;90;3;2,70;7,70;28,40;97,20;60,20;4,70;5;65,50;7,30;6,10;
2026-07-01 14:35:00.0;OFF;ON;90;2,90;2,70;7,70;28,40;97,20;60,20;4,80;5;65,60;7,30;6,10;
2026-07-01 14:36:00.0;OFF;ON;90;2,90;2,70;7,70;28,30;97,30;60,20;4,80;5;66;7,30;6,10;
2026-07-01 14:37:00.0;OFF;ON;90;2,90;2,70;7,70;28,30;97,30;60,20;4,70;5;66,80;7,20;6;
2026-07-01 14:38:00.0;OFF;ON;90;2,80;2,60;7,60;28,20;97,20;60,20;4,80;5;66,40;7,20;6;
2026-07-01 14:39:00.0;OFF;ON;90;2,60;2,60;7,60;28,20;97,30;60,20;5;5;66;7,20;6;
2026-07-01 14:40:00.0;OFF;ON;90;2,60;2,60;7,60;28,10;97,20;60,20;5;5;66,20;7,20;5,90;
2026-07-01 14:41:00.0;OFF;ON;90;2,70;2,50;7,50;28;97,20;60,20;4,80;5;67,50;7,10;5,90;
2026-07-01 14:42:00.0;OFF;ON;90;2,70;2,50;7,50;28;97,10;60,20;4,80;5;67,40;7,10;5,80;
2026-07-01 14:43:00.0;OFF;ON;90;2,40;2,50;7,50;28;97,10;60,20;5,10;5;66;7;5,80;
2026-07-01 14:44:00.0;OFF;ON;90;2,40;2,40;7,40;27,90;97,10;60,20;5;5;67;7;5,70;
2026-07-01 14:45:00.0;OFF;ON;90;2,40;2,40;7,40;27,80;96,90;60,20;5;5;66,30;7;5,70;
2026-07-01 14:46:00.0;OFF;ON;90;2,30;2,40;7,40;27,80;96,90;60,20;5;5;67,30;6,90;5,70;
2026-07-01 14:47:00.0;OFF;ON;90;2,30;2,30;7,30;27,70;96,80;60,20;5;5;67,20;6,90;5,60;
2026-07-01 14:48:00.0;OFF;ON;90;2,30;2,30;7,30;27,70;96,80;60,20;5;5;66,40;6,80;5,50;
2026-07-01 14:49:00.0;OFF;ON;90;2,30;2,30;7,30;27,60;96,80;60,20;5;5;67,40;6,80;5,50;
2026-07-01 14:50:00.0;OFF;ON;90;2,30;2,20;7,20;27,60;96,70;60,20;5;5;67,50;6,80;5,50;
2026-07-01 14:51:00.0;OFF;ON;90;2,30;2,20;7,20;27,50;96,70;60,20;4,90;5;67,60;6,80;5,50;
2026-07-01 14:52:00.0;OFF;ON;90;2,30;2,20;7,20;27,50;96,60;60,20;4,90;5;68,20;6,70;5,40;
2026-07-01 14:53:00.0;OFF;ON;90;2,30;2,20;7,20;27,40;96,70;60,20;4,80;5;68,50;6,70;5,40;
2026-07-01 14:54:00.0;OFF;ON;90;2,10;2,10;7,10;27,40;96,60;60,20;5;5;67,80;6,70;0;
2026-07-01 14:55:00.0;OFF;ON;90;1,90;2,10;7,10;27,30;96,70;60,20;5,20;5;66,20;6,70;0;
2026-07-01 14:56:00.0;OFF;ON;90;1,70;2,10;7,10;27,30;96,80;60,20;5,40;5;64,50;6,90;0;
2026-07-01 14:57:00.0;OFF;ON;90;1,80;2,10;7,10;27,20;97;60,20;5,30;5;64,20;7;0;
2026-07-01 14:58:00.0;OFF;ON;90;1,40;2,10;7,10;27,20;97,20;60,20;5,70;5;60,90;7,10;0;
2026-07-01 14:59:00.0;OFF;ON;90;1,50;2,10;7,10;27,10;97,20;60,20;5,60;5;60,30;7,10;0;
2026-07-01 15:00:00.0;OFF;ON;90;1,40;2,10;7,10;27,10;97,20;60,20;5,70;5;58,80;7,20;0;
2026-07-01 15:01:00.0;OFF;ON;90;1,70;2,10;7,10;27;97,20;60,20;5,40;5;59,40;7,20;0;
2026-07-01 15:02:00.0;OFF;ON;90;1,50;2,10;7,10;27;97,30;60,20;5,50;5;57,90;7,20;0;
2026-07-01 15:03:00.0;OFF;ON;90;1,50;2,10;7,10;26,90;97,30;60,20;5,50;5;56,80;7,20;0;
2026-07-01 15:04:00.0;OFF;ON;90;1,70;2;7;26,80;97,30;60,30;5,30;5;57,80;7,20;0;
2026-07-01 15:05:00.0;OFF;ON;90;1,80;2;7;26,80;97,30;60,20;5,20;5;57,80;7,20;0;
2026-07-01 15:06:00.0;OFF;ON;90;1,90;2,10;7,10;26,70;97,20;60,20;5,20;5;57,60;7,20;7,80;
2026-07-01 15:07:00.0;OFF;ON;90;2,40;3;7;26,70;97,20;60,20;4,60;5;55,10;7;6,40;
2026-07-01 15:08:00.0;OFF;ON;100;2,40;3;7;26,60;96,90;60,20;4,60;5;54,50;6,70;5,70;
2026-07-01 15:09:00.0;OFF;ON;100;2,80;3;7;26,60;96,80;60,20;4,20;5;56,10;6,70;5,60;
2026-07-01 15:10:00.0;OFF;ON;100;2,90;3;7;26,50;97;60,20;4,20;5;55,80;6,70;5,70;
2026-07-01 15:11:00.0;OFF;ON;100;2,90;3,10;7,10;26,50;97;60,20;4,10;4;55,70;6,70;5,70;
2026-07-01 15:12:00.0;OFF;ON;100;2,90;3,10;7,10;26,40;97,20;60,20;4,20;4;54,60;6,80;5,80;
2026-07-01 15:13:00.0;OFF;ON;100;2,90;3,10;7,10;26,40;97,20;60,20;4,20;4;54,50;6,80;5,80;
2026-07-01 15:14:00.0;OFF;ON;100;3;3,10;7,10;26,30;97,20;60,20;4,20;4;54,60;6,80;5,90;
2026-07-01 15:15:00.0;OFF;ON;100;3;3,10;7,10;26,20;97,20;60,20;4,20;4;54,30;6,80;5,90;
2026-07-01 15:16:00.0;OFF;ON;100;3,10;3,20;7,20;26,20;97,30;60,20;4;4;54,80;6,80;5,90;
2026-07-01 15:17:00.0;OFF;ON;100;3;3,20;7,20;26,10;97,30;60,20;4,20;4;54;6,80;5,90;
2026-07-01 15:18:00.0;OFF;ON;100;3,10;3,10;7,10;26,10;97,30;60,20;4;4;54,40;6,80;5,90;
2026-07-01 15:19:00.0;OFF;ON;100;3,20;3,20;7,20;26;97,30;60,20;3,90;4;55,20;6,80;5,90;
2026-07-01 15:20:00.0;OFF;ON;100;3,10;3,20;7,20;26;97,30;60,20;4;4;54,40;6,80;5,90;
2026-07-01 15:21:00.0;OFF;ON;100;3,10;3,20;7,20;25,90;97,30;60,20;4,10;4;54,30;6,90;5,90;
2026-07-01 15:22:00.0;OFF;ON;100;3,10;3,20;7,20;25,90;97,30;60,20;4;4;55;6,90;5,90;
2026-07-01 15:23:00.0;OFF;ON;100;3,20;3,20;7,20;25,80;97,20;60,20;4;4;55,10;6,90;5,90;
2026-07-01 15:24:00.0;OFF;ON;100;3,20;3,20;7,20;25,80;97,20;60,20;4;4;54,10;6,90;5,90;
2026-07-01 15:25:00.0;OFF;ON;100;3,20;3,20;7,20;25,70;97,20;60,20;4;4;54,20;6,90;5,90;
2026-07-01 15:26:00.0;OFF;ON;100;3,20;3,20;7,20;25,70;97,20;60,20;4;4;54,20;6,90;5,90;
2026-07-01 15:27:00.0;OFF;ON;100;3,10;3,20;7,20;25,60;97,20;60,20;4,10;4;53,80;6,90;5,90;
2026-07-01 15:28:00.0;OFF;ON;100;3,30;3,20;7,20;25,50;97,20;60,20;3,90;4;55;7;5,90;
2026-07-01 15:29:00.0;OFF;ON;100;3,30;3,20;7,20;25,50;97,40;60,20;3,90;4;54,80;7;6;
2026-07-01 15:30:00.0;OFF;ON;100;3,40;3,20;7,20;25,40;97,40;60,20;3,80;4;55,60;7;6;
2026-07-01 15:31:00.0;OFF;ON;100;3,30;3,20;7,20;25,40;97,40;60,20;4;4;55,20;7;6;
2026-07-01 15:32:00.0;OFF;ON;100;3,20;3,20;7,20;25,30;97,50;60,20;4;4;55,30;7;6;
2026-07-01 15:33:00.0;OFF;ON;100;3,20;3,20;7,20;25,30;97,30;60,20;4;4;55,40;7;6;
2026-07-01 15:34:00.0;OFF;ON;100;3,20;3,20;7,20;25,20;97,30;60,20;3,90;4;55,60;6,90;6;
2026-07-01 15:35:00.0;OFF;ON;100;3,30;3,20;7,20;25,20;97,20;60,20;3,90;4;56,20;6,90;6;
2026-07-01 15:36:00.0;OFF;ON;100;3,20;3,10;7,10;25,10;97,20;60,20;4;4;56;6,90;5,90;
2026-07-01 15:37:00.0;OFF;ON;100;3,20;3,10;7,10;25;97,20;60,20;3,90;4;56,40;6,90;5,90;
2026-07-01 15:38:00.0;OFF;ON;100;3,20;3,10;7,10;25;97,20;60,20;4;4;56,30;6,90;5,90;
2026-07-01 15:39:00.0;OFF;ON;100;3,20;3,10;7,10;25;97,20;60,20;4;4;56,60;6,90;5,90;
2026-07-01 15:40:00.0;OFF;ON;100;3,50;3,10;7,10;24,90;97,10;60,20;3,60;4;59,10;6,90;5,90;
2026-07-01 15:41:00.0;OFF;ON;100;3,30;3,10;7,10;24,90;97,10;60,20;3,80;4;58,70;6,90;5,90;
2026-07-01 15:42:00.0;OFF;ON;100;4;3,10;7,10;24,80;97,20;60,20;3,10;4;64;6,90;6;
2026-07-01 15:43:00.0;OFF;ON;100;4;3,20;7,20;24,80;97,20;60,20;3,20;4;64,90;6,90;6,10;
2026-07-01 15:44:00.0;OFF;ON;100;3,70;3,30;7,30;24,70;97,50;60,20;3,60;4;63,50;7;6,20;
2026-07-01 15:45:00.0;OFF;ON;100;3,50;3,20;7,20;24,70;97,50;60,20;3,80;4;62,70;7;6,20;
2026-07-01 15:46:00.0;OFF;ON;100;3,10;3,20;7,20;24,60;97,50;60,20;4,10;4;60,70;7;6,10;
2026-07-01 15:47:00.0;OFF;ON;100;3,10;3,10;7,10;24,60;97,30;60,20;4,10;4;60,80;6,90;5,90;
2026-07-01 15:48:00.0;OFF;ON;100;3;3,10;7,10;24,50;97,20;60,20;4;4;60,50;6,80;5,80;
2026-07-01 15:49:00.0;OFF;ON;100;3;3;7;24,50;97,10;60,20;4;4;60,40;6,80;5,70;
2026-07-01 15:50:00.0;OFF;ON;100;2,80;3;7;24,50;97;60,20;4,20;4;59,20;6,80;5,70;
2026-07-01 15:51:00.0;OFF;ON;100;3;3;7;24,40;96,80;60,20;4;4;59,90;6,70;5,70;
2026-07-01 15:52:00.0;OFF;ON;100;2,80;2,90;6,90;24,40;96,80;60,20;4,10;4;59,30;6,70;5,60;
2026-07-01 15:53:00.0;OFF;ON;100;2,80;2,90;6,90;24,30;96,80;60,20;4,10;4;59,40;6,70;5,60;
2026-07-01 15:54:00.0;OFF;ON;100;2,70;2,90;6,90;24,30;96,70;60,20;4,20;4;58,70;6,70;5,60;
2026-07-01 15:55:00.0;OFF;ON;100;2,70;2,90;6,90;24,20;96,80;60,20;4,20;4;58,40;6,70;5,60;
2026-07-01 15:56:00.0;OFF;ON;100;2,80;2,90;6,90;24,20;96,80;60,20;4,10;4;58,70;6,70;5,60;
2026-07-01 15:57:00.0;OFF;ON;100;2,70;2,90;6,90;24,10;96,80;60,20;4,20;4;58;6,70;5,50;
2026-07-01 15:58:00.0;OFF;ON;100;2,60;2,80;6,80;24,10;96,80;60,20;4,20;4;57,50;6,60;5,50;
2026-07-01 15:59:00.0;OFF;ON;100;2,60;2,80;6,80;24,10;96,80;60,20;4,20;4;57,30;6,60;5,50;
2026-07-01 16:00:00.0;OFF;ON;100;2,70;2,80;6,80;24;96,80;60,20;4,20;4;57,40;6,60;5,50;
2026-07-01 16:01:00.0;OFF;ON;100;2,80;2,80;6,80;23,90;96,80;60,20;4;4;57,70;6,60;5,50;
2026-07-01 16:02:00.0;OFF;ON;100;2,60;2,80;6,80;23,90;96,80;60,20;4,10;4;57,40;6,60;5,50;
2026-07-01 16:03:00.0;OFF;ON;100;2,80;2,70;6,70;23,90;96,70;60,20;4;4;57,60;6,50;5,40;
2026-07-01 16:04:00.0;OFF;ON;100;2,80;2,70;6,70;23,80;96,60;60,20;3,90;4;58,70;6,50;5,40;
2026-07-01 16:05:00.0;OFF;ON;100;2,50;2,60;6,60;23,80;96,50;60,20;4,20;4;56,90;6,50;5,40;
2026-07-01 16:06:00.0;OFF;ON;100;2,50;2,60;6,60;23,70;96,50;60,20;4,10;4;56,90;6,40;5,30;
2026-07-01 16:07:00.0;OFF;ON;100;2,70;2,60;6,60;23,70;96,50;60,20;3,90;4;58,40;6,30;5,30;
2026-07-01 16:08:00.0;OFF;ON;100;2,50;2,60;6,60;23,60;96,40;60,20;4,10;4;57,20;6,30;5,20;
2026-07-01 16:09:00.0;OFF;ON;100;2,60;2,50;6,50;23,60;96,50;60,20;3,90;4;58,20;6,30;5,20;
2026-07-01 16:10:00.0;OFF;ON;100;2,50;2,50;6,50;23,50;96,40;60,20;4;4;57,30;6,30;5,20;
2026-07-01 16:11:00.0;OFF;ON;100;2,50;2,50;6,50;23,50;96,40;60,20;4;4;57,30;6,30;5,20;
2026-07-01 16:12:00.0;OFF;ON;100;2,50;2,50;6,50;23,40;96,50;60,20;3,90;4;58;6,20;5,20;
2026-07-01 16:13:00.0;OFF;ON;100;2,40;2,50;6,50;23,40;96,40;60,20;4;4;58,30;6,20;5,10;
2026-07-01 16:14:00.0;OFF;ON;100;2,50;2,40;6,40;23,40;96,30;60,20;4;4;57,30;6,20;5,10;
2026-07-01 16:15:00.0;OFF;ON;100;2,40;2,40;6,40;23,30;96,40;60,20;4;4;58,10;6,20;5,10;
2026-07-01 16:16:00.0;OFF;ON;100;2,40;2,40;6,40;23,30;96,50;60,20;4;4;58,50;6,10;5,10;
2026-07-01 16:17:00.0;OFF;ON;100;2,50;2,40;6,40;23,20;96,40;60,20;3,90;4;58,90;6,10;5,10;
2026-07-01 16:18:00.0;OFF;ON;100;2,50;2,40;6,40;23,20;96,50;60,20;3,90;4;58,90;6,10;5;
2026-07-01 16:19:00.0;OFF;ON;100;2,40;2,30;6,30;23,10;96,40;60,20;4;4;58,80;6,10;5;
2026-07-01 16:20:00.0;OFF;ON;100;2,30;2,30;6,30;23,10;96,30;60,20;4;4;58,80;6,10;5;
2026-07-01 16:21:00.0;OFF;ON;100;2,30;2,30;6,30;23;96,40;60,20;4;4;58,80;6;5;
2026-07-01 16:22:00.0;OFF;ON;100;2,60;2,30;6,30;23;96,40;60,20;3,70;4;60,60;6;4,90;
2026-07-01 16:23:00.0;OFF;ON;100;2,40;2,20;6,20;22,90;96,30;60,20;3,80;4;60,20;6;5;
2026-07-01 16:24:00.0;OFF;ON;100;3,10;2,30;6,30;22,90;96,60;60,20;3,10;4;65,80;6;5;
2026-07-01 16:25:00.0;OFF;ON;100;3;2,30;6,30;22,80;96,60;60,20;3,30;4;66;6,10;5,20;
2026-07-01 16:26:00.0;OFF;ON;100;2,70;2,40;6,40;22,80;96,80;60,20;3,70;4;64,30;6,10;5,30;
2026-07-01 16:27:00.0;OFF;ON;100;2,50;2,40;6,40;22,70;97;60,20;3,90;4;64,10;6,10;5,20;
2026-07-01 16:28:00.0;OFF;ON;100;2,10;2,40;6,40;22,70;96,90;60,20;4,30;4;61,70;6,10;5,20;
2026-07-01 16:29:00.0;OFF;ON;100;2;2,30;6,30;22,70;96,80;60,20;4,30;4;61,10;6;5;
2026-07-01 16:30:00.0;OFF;ON;100;1,80;2,20;6,20;22,60;96,40;60,20;4,30;4;59,90;5,90;4,80;
2026-07-01 16:31:00.0;OFF;ON;100;2;2,10;6,10;22,60;96,10;60,20;4,10;4;60,90;5,80;4,80;
2026-07-01 16:32:00.0;OFF;ON;100;1,80;2;6;22,50;96,10;60,20;4,20;4;60;5,80;4,70;
2026-07-01 16:33:00.0;OFF;ON;100;1,80;2;6;22,50;95,90;60,20;4,10;4;59,70;5,70;4,70;
2026-07-01 16:34:00.0;OFF;ON;100;1,60;1,90;5,90;22,40;95,90;60,20;4,30;4;58,10;5,70;4,60;
2026-07-01 16:35:00.0;OFF;ON;100;1,70;1,90;5,90;22,40;95,80;60,20;4,20;4;58,50;5,60;4,60;
2026-07-01 16:36:00.0;OFF;ON;100;1,80;1,80;5,80;22,30;95,70;60,20;4,10;4;58,80;5,60;4,50;
2026-07-01 16:37:00.0;OFF;ON;100;1,60;1,80;5,80;22,30;95,80;60,20;4,10;4;57,90;5,50;4,50;
2026-07-01 16:38:00.0;OFF;ON;100;1,70;1,80;5,80;22,20;95,80;60,20;4;4;58;5,50;4,50;
2026-07-01 16:39:00.0;OFF;ON;100;1,50;1,70;5,70;22,20;95,80;60,20;4,20;4;56,70;5,50;4,50;
2026-07-01 16:40:00.0;OFF;ON;100;1,70;1,70;5,70;22,10;95,80;60,20;4;4;57,60;5,40;4,40;
2026-07-01 16:41:00.0;OFF;ON;100;1,50;1,70;5,70;22,10;95,90;60,20;4,10;4;56,90;5,40;4,40;
2026-07-01 16:42:00.0;OFF;ON;100;1,50;1,70;5,70;22,10;95,90;60,20;4,10;4;56,90;5,40;4,40;
2026-07-01 16:43:00.0;OFF;ON;100;1,60;1,70;5,70;22;95,90;60,20;4;4;57,20;5,40;4,40;
2026-07-01 16:44:00.0;OFF;ON;100;1,60;1,60;5,60;22;96;60,20;4;4;57,20;5,40;4,40;
2026-07-01 16:45:00.0;OFF;ON;100;1,60;1,60;5,60;21,90;96;60,20;4;4;57,20;5,40;4,40;
2026-07-01 16:46:00.0;OFF;ON;100;1,70;1,60;5,60;21,90;96;60,20;3,90;4;57,90;5,40;4,40;
2026-07-01 16:47:00.0;OFF;ON;100;1,50;1,60;5,60;21,80;96,10;60,20;4,10;4;57;5,30;4,40;
2026-07-01 16:48:00.0;OFF;ON;100;1,60;1,60;5,60;21,80;96,10;60,20;3,90;4;57;5,30;4,40;
2026-07-01 16:49:00.0;OFF;ON;100;1,60;1,50;5,50;21,70;96;60,20;3,90;4;57,80;5,30;4,30;
2026-07-01 16:50:00.0;OFF;ON;100;1,40;1,50;5,50;21,70;96;60,20;4,10;4;56,80;5,30;4,30;
2026-07-01 16:51:00.0;OFF;ON;100;2;1,50;5,50;21,60;96,10;60,20;3,50;4;61,30;5,20;4,30;
2026-07-01 16:52:00.0;OFF;ON;100;1,80;1,60;5,60;21,60;96,10;60,20;3,80;4;60,60;5,30;4,50;
2026-07-01 16:53:00.0;OFF;ON;100;2,40;1,60;5,60;21,50;96,40;60,20;3,20;4;65,20;5,30;4,50;
2026-07-01 16:54:00.0;OFF;ON;100;2,40;1,60;5,60;21,50;96,30;60,20;3,10;4;66,80;5,30;4,50;
2026-07-01 16:55:00.0;OFF;ON;100;2,10;1,70;5,70;21,40;96,60;60,20;3,60;4;65,20;5,40;4,60;
2026-07-01 16:56:00.0;OFF;ON;100;1,90;1,60;5,60;21,40;96,70;60,10;3,70;4;64,90;5,40;4,60;
2026-07-01 16:57:00.0;OFF;ON;100;2;1,60;5,60;21,40;96,70;60,20;3,60;4;65,70;5,40;4,60;
2026-07-01 16:58:00.0;OFF;ON;100;2;1,60;5,60;21,30;96,50;60,10;3,60;4;66;5,30;4,50;
2026-07-01 16:59:00.0;OFF;ON;100;1,80;1,50;5,50;21,30;96,40;60,10;3,70;4;66,20;5,30;4,40;
2026-07-01 17:00:00.0;OFF;ON;100;1,80;1,50;5,50;21,20;96,30;60,20;3,70;4;66,50;5,30;4,40;
2026-07-01 17:01:00.0;OFF;ON;100;2,20;1,50;5,50;21,20;96,30;60,10;3,30;4;70,10;5,20;4,40;
2026-07-01 17:02:00.0;OFF;ON;100;1,50;1,50;5,50;21,10;96,30;60,20;4;4;67,10;5,30;4,50;
2026-07-01 17:03:00.0;OFF;ON;100;1,50;1,50;5,50;21,10;96,40;60,10;4;4;67,50;5,30;4,40;
2026-07-01 17:04:00.0;OFF;ON;100;1,50;1,50;5,50;21;96,20;60,10;3,90;4;67,30;5,20;4,40;
2026-07-01 17:05:00.0;OFF;ON;100;0,90;1,40;5,40;21;96,10;60,10;4,50;4;62,90;5,10;4,30;
2026-07-01 17:06:00.0;OFF;ON;100;1;1,30;5,30;20,90;96,10;60,10;4,40;4;63,20;5,10;4,10;
2026-07-01 17:07:00.0;OFF;ON;100;0,60;1,20;5,20;20,90;95,50;60,20;4,60;4;60,60;4,90;3,90;
2026-07-01 17:08:00.0;OFF;ON;100;0,70;1,10;5,10;20,80;95,30;60,20;4,40;4;60,70;4,90;3,90;
2026-07-01 17:09:00.0;OFF;ON;100;0,70;1;5;20,80;95,20;60,20;4,30;4;60,50;4,80;3,80;
2026-07-01 17:10:00.0;OFF;ON;100;0,80;1,50;5;20,70;95;60,10;4,10;4;57,50;4,80;3,80;
2026-07-01 17:11:00.0;OFF;ON;100;0,70;1,50;5;20,70;95,10;60,10;4,20;4;56,10;4,80;3,80;
2026-07-01 17:12:00.0;OFF;ON;100;0,90;1,50;5;20,60;95,30;60,10;4,10;4;55,50;4,80;3,80;
2026-07-01 17:13:00.0;OFF;ON;100;1;1,50;5;20,60;95,40;60,20;3,90;4;56;4,80;3,80;
2026-07-01 17:14:00.0;OFF;ON;100;1,30;1,50;5;20,50;95,60;60,20;3,70;3,50;56,70;4,70;3,90;
2026-07-01 17:15:00.0;OFF;ON;100;1,20;1,50;5;20,50;95,70;60,20;3,80;3,50;55,30;4,80;3,90;
2026-07-01 17:16:00.0;OFF;ON;100;1,20;1,50;5;20,50;95,80;60,10;3,80;3,50;55;4,80;3,90;
2026-07-01 17:17:00.0;OFF;ON;100;1,30;1,50;5;20,40;96,10;60,10;3,70;3,50;55,10;4,80;3,90;
2026-07-01 17:18:00.0;OFF;ON;100;1,60;1,50;5;20,40;96,10;60,10;3,40;3,50;56,50;4,80;3,90;
2026-07-01 17:19:00.0;OFF;ON;100;1,70;1,50;5;20,30;96,10;60,10;3,30;3,50;58;4,80;4;
2026-07-01 17:20:00.0;OFF;ON;100;2,30;1,60;5,10;20,30;96,20;60,10;2,80;3,50;62,50;4,80;4,10;
2026-07-01 17:21:00.0;OFF;ON;100;2,50;1,70;5,20;20,20;96,50;60,10;2,70;3,50;64,70;4,90;4,30;
2026-07-01 17:22:00.0;OFF;ON;100;2,40;1,70;5,20;20,20;96,80;60,10;2,80;3,50;64,70;5;4,40;
2026-07-01 17:23:00.0;OFF;ON;100;1,90;1,80;5,30;20,10;97;60,10;3,40;3,50;61,80;5,10;4,50;
2026-07-01 17:24:00.0;OFF;ON;100;2;1,80;5,30;20,10;97,10;60,10;3,30;3,50;62,70;5,10;4,40;
2026-07-01 17:25:00.0;OFF;ON;100;1,80;1,80;5,30;20;97;60,10;3,40;3,50;62;5;4,30;
2026-07-01 17:26:00.0;OFF;ON;100;1,80;1,70;5,20;20;96,80;60,10;3,50;3,50;62,10;5;4,30;
2026-07-01 17:27:00.0;OFF;ON;100;2,40;1,70;5,20;20;96,70;60,10;2,80;3,50;67,20;5;4,30;
2026-07-01 17:28:00.0;OFF;ON;100;2,50;1,70;5,20;19,90;96,60;60,10;2,70;3,50;68,70;5;4,40;
2026-07-01 17:29:00.0;OFF;ON;100;1,80;1,80;5,30;19,90;96,90;60,10;3,50;3,50;64,90;5,10;4,50;
2026-07-01 17:30:00.0;OFF;ON;100;1,80;1,80;5,30;19,80;96,90;60,10;3,50;3,50;64,10;5;4,40;
2026-07-01 17:31:00.0;OFF;ON;100;1;1,70;5,20;19,80;96,70;60,10;4,20;3,50;59,60;5;4,30;
2026-07-01 17:32:00.0;OFF;ON;100;1,10;1,60;5,10;19,80;96,60;60,10;4;3,50;59,40;4,90;4,10;
2026-07-01 17:33:00.0;OFF;ON;100;0,80;1,50;5;19,70;96,10;60,10;4,20;3,50;57,20;4,80;3,90;
2026-07-01 17:34:00.0;OFF;ON;100;1;1,40;4,90;19,70;95,70;60,10;3,90;3,50;57,80;4,70;3,80;
2026-07-01 17:35:00.0;OFF;ON;100;0,80;1,40;4,90;19,60;95,50;60,10;4;3,50;56,40;4,60;3,80;
2026-07-01 17:36:00.0;OFF;ON;100;0,90;1,30;4,80;19,60;95,50;60,10;3,90;3,50;56,20;4,60;3,80;
2026-07-01 17:37:00.0;OFF;ON;100;0,90;1,30;4,80;19,60;95,50;60,10;3,90;3,50;55,50;4,60;3,70;
2026-07-01 17:38:00.0;OFF;ON;100;1;1,30;4,80;19,50;95,50;60,10;3,80;3,50;56;4,60;3,70;
2026-07-01 17:39:00.0;OFF;ON;100;1;1,30;4,80;19,50;95,60;60,10;3,80;3,50;55,60;4,60;3,70;
2026-07-01 17:40:00.0;OFF;ON;100;1;1,30;4,80;19,50;95,60;60,10;3,80;3,50;55;4,60;3,70;
2026-07-01 17:41:00.0;OFF;ON;100;1;1,20;4,70;19,40;95,70;60,10;3,80;3,50;54,90;4,50;3,70;
2026-07-01 17:42:00.0;OFF;ON;100;1,70;1,20;4,70;19,40;95,90;60,10;3;3,50;59,60;4,50;3,70;
2026-07-01 17:43:00.0;OFF;ON;100;1,70;1,30;4,80;19,40;95,90;60,10;3;3,50;60,10;4,60;3,80;
2026-07-01 17:44:00.0;OFF;ON;100;2,10;1,30;4,80;19,30;96,10;60,10;2,70;3,50;63,60;4,60;4;
2026-07-01 17:45:00.0;OFF;ON;100;2,10;1,40;4,90;19,30;96,40;60,10;2,80;3,50;64,60;4,70;4,10;
2026-07-01 17:46:00.0;OFF;ON;100;1,60;1,50;5;19,20;96,70;60,10;3,30;3,50;62,10;4,80;4,20;
2026-07-01 17:47:00.0;OFF;ON;100;1,60;1,50;5;19,20;96,80;60,10;3,40;3,50;62,40;4,80;4,20;
2026-07-01 17:48:00.0;OFF;ON;100;1,90;1,50;5;19,20;96,80;60,10;3,10;3,50;64,80;4,70;4,10;
2026-07-01 17:49:00.0;OFF;ON;100;1,70;1,40;4,90;19,10;96,60;60,10;3,20;3,50;64,30;4,70;4,10;
2026-07-01 17:50:00.0;OFF;ON;100;1,70;1,40;4,90;19,10;96,60;60,10;3,20;3,50;64,50;4,70;4,10;
2026-07-01 17:51:00.0;OFF;ON;100;2,10;1,40;4,90;19;96,50;60,10;2,80;3,50;68,50;4,70;4,10;
2026-07-01 17:52:00.0;OFF;ON;100;1,50;1,40;4,90;19;96,50;60,10;3,50;3,50;65,50;4,70;4,20;
2026-07-01 17:53:00.0;OFF;ON;100;1,30;1,50;5;19;96,60;60,10;3,60;3,50;64,40;4,80;4,10;
2026-07-01 17:54:00.0;OFF;ON;100;1,40;1,40;4,90;18,90;96,50;60,10;3,50;3,50;64,50;4,70;4,10;
2026-07-01 17:55:00.0;OFF;ON;100;0,70;1,40;4,90;18,90;96,30;60,10;4,20;3,50;59,80;4,60;3,90;
2026-07-01 17:56:00.0;OFF;ON;100;0,70;1,20;4,70;18,80;96;60,10;4;3,50;59,20;4,50;3,70;
2026-07-01 17:57:00.0;OFF;ON;100;0,60;1,10;4,60;18,80;95,50;60,10;4;3,50;58,20;4,40;3,60;
2026-07-01 17:58:00.0;OFF;ON;100;0,80;1,10;4,60;18,80;95,30;60,10;3,80;3,50;59,10;4,40;3,50;
2026-07-01 17:59:00.0;OFF;ON;100;0,50;1;4,50;18,70;95,20;60,10;4;3,50;56,80;4,30;3,50;
2026-07-01 18:00:00.0;OFF;ON;100;0,80;1;4,50;18,70;95,20;60,10;3,70;3,50;57,90;4,30;3,50;
2026-07-01 18:01:00.0;OFF;ON;100;0,70;1;4,50;18,60;95,30;60,10;3,80;3,50;56,80;4,30;3,40;
2026-07-01 18:02:00.0;OFF;ON;100;0,60;1;4,50;18,60;95,50;60,10;3,90;3,50;55,70;4,30;3,40;
2026-07-01 18:03:00.0;OFF;ON;100;1;0,90;4,40;18,60;95,40;60,10;3,50;3,50;58;4,20;3,40;
2026-07-01 18:04:00.0;OFF;ON;100;1,20;0,90;4,40;18,50;95,50;60,10;3,20;3,50;59,90;4,20;3,40;
2026-07-01 18:05:00.0;OFF;ON;100;1,60;1;4,50;18,50;95,80;60,10;2,90;3,50;62,10;4,30;3,60;
2026-07-01 18:06:00.0;OFF;ON;100;1,70;1;4,50;18,50;96;60,10;2,80;3,50;64,30;4,30;3,70;
2026-07-01 18:07:00.0;OFF;ON;100;1,80;1,10;4,60;18,50;96;60,10;2,80;3,50;65,30;4,40;3,80;
2026-07-01 18:08:00.0;OFF;ON;100;1,30;1,20;4,70;18,40;96,40;60,10;3,40;3,50;62,40;4,50;3,90;
2026-07-01 18:09:00.0;OFF;ON;100;1,40;1,10;4,60;18,40;96,50;60,10;3,30;3,50;63,30;4,40;3,80;
2026-07-01 18:10:00.0;OFF;ON;100;1,20;1,10;4,60;18,30;96,50;60,10;3,50;3,50;62,60;4,40;3,80;
2026-07-01 18:11:00.0;OFF;ON;100;1,30;1,10;4,60;18,30;96,30;60,10;3,30;3,50;63,90;4,40;3,70;
2026-07-01 18:12:00.0;OFF;ON;100;1,30;1,10;4,60;18,30;96,20;60,10;3,30;3,50;64,30;4,40;3,70;
2026-07-01 18:13:00.0;OFF;ON;100;1,60;1,10;4,60;18,20;96,20;60,10;3;3,50;67,20;4,40;3,70;
2026-07-01 18:14:00.0;OFF;ON;100;1,10;1,10;4,60;18,20;96,20;60,10;3,50;3,50;65,30;4,40;3,80;
2026-07-01 18:15:00.0;OFF;ON;100;1,10;1,10;4,60;18,10;96,40;60,10;3,50;3,50;64,70;4,40;3,80;
2026-07-01 18:16:00.0;OFF;ON;100;1,10;1,10;4,60;18,10;96,30;60,10;3,50;3,50;64,50;4,40;3,70;
2026-07-01 18:17:00.0;OFF;ON;100;0,30;1,10;4,60;18,10;96,20;60,10;4,20;3,50;60;4,40;3,70;
2026-07-01 18:18:00.0;OFF;ON;100;0,70;0,90;4,40;18;95,90;60,10;3,80;3,50;61,90;4,20;3,40;
2026-07-01 18:19:00.0;OFF;ON;100;0,70;0,90;4,40;18;95,60;60,10;3,70;3,50;61,70;4,20;3,40;
2026-07-01 18:20:00.0;OFF;ON;100;1,30;0,80;4,30;17,90;95,50;60,10;3;3,50;66,10;4,10;3,30;
2026-07-01 18:21:00.0;OFF;ON;100;1,50;0,80;4,30;17,90;95,60;60,10;2,90;3,50;67,80;4,10;3,40;
2026-07-01 18:22:00.0;OFF;ON;100;1;0,90;4,40;17,90;96;60,10;3,50;3,50;63,70;4,20;3,60;
2026-07-01 18:23:00.0;OFF;ON;100;0,90;0,90;4,40;17,80;96;60,10;3,50;3,50;63,80;4,20;3,50;
2026-07-01 18:24:00.0;OFF;ON;100;0,70;0,90;4,40;17,80;96;60,10;3,70;3,50;62,80;4,20;3,50;
2026-07-01 18:25:00.0;OFF;ON;100;0,80;0,80;4,30;17,80;95,90;60,10;3,60;3,50;63;4,10;3,30;
2026-07-01 18:26:00.0;OFF;ON;100;0,50;0,80;4,30;17,70;95,70;60,10;3,80;3,50;61,40;4,10;3,30;
2026-07-01 18:27:00.0;OFF;ON;100;1,40;0,80;4,30;17,70;95,70;60,10;2,90;3,50;67,20;4;3,30;
2026-07-01 18:28:00.0;OFF;ON;100;1,30;0,80;4,30;17,60;95,60;60,10;3;3,50;67,80;4,10;3,40;
2026-07-01 18:29:00.0;OFF;ON;100;1;0,80;4,30;17,60;96;60,10;3,30;3,50;65,90;4,10;3,50;
2026-07-01 18:30:00.0;OFF;ON;100;0,90;0,80;4,30;17,60;96;60,10;3,50;3,50;64,50;4,10;3,50;
2026-07-01 18:31:00.0;OFF;ON;100;0,90;0,80;4,30;17,60;96,10;60,10;3,50;3,50;64,40;4,10;3,40;
2026-07-01 18:32:00.0;OFF;ON;100;0,70;0,70;4,20;17,50;96;60,10;3,50;3,50;63,70;4;3,30;
2026-07-01 18:33:00.0;OFF;ON;100;0,50;0,70;4,20;17,50;95,80;60,10;3,70;3,50;62,40;4;3,30;
2026-07-01 18:34:00.0;OFF;ON;100;1,40;0,70;4,20;17,40;95,70;60,10;2,80;3,50;68,70;4;3,20;
2026-07-01 18:35:00.0;OFF;ON;100;1,30;0,70;4,20;17,40;95,70;60,10;2,80;3,50;69,50;4;3,30;
2026-07-01 18:36:00.0;OFF;ON;100;0,90;0,80;4,30;17,30;96;60,10;3,40;3,50;66,70;4,10;3,50;
2026-07-01 18:37:00.0;OFF;ON;100;0,60;0,80;4,20;17,30;96;60,10;3,50;3,50;65,10;4;3,40;
2026-07-01 18:38:00.0;OFF;ON;100;0;0,70;4,20;17,30;96;60,10;4,20;3,50;60,70;4;3,30;
2026-07-01 18:39:00.0;OFF;ON;100;0,40;0,60;4,10;17,20;95,70;60,10;3,80;3,50;62,70;3,90;3,10;
2026-07-01 18:40:00.0;OFF;ON;100;0,30;0,60;4,10;17,20;95,60;60,10;3,80;3,50;62,30;3,80;3,10;
2026-07-01 18:41:00.0;OFF;ON;100;1;0,50;4;17,10;95,40;60,10;3;3,50;67,30;3,80;3;
2026-07-01 18:42:00.0;OFF;ON;100;1;0,50;4;17,10;95,40;60,10;3,10;3,50;67,70;3,90;3,20;
2026-07-01 18:43:00.0;OFF;ON;100;1;0,60;4,10;17,10;95,60;60,10;3;3,50;68,40;3,90;3,20;
2026-07-01 18:44:00.0;OFF;ON;100;0,60;0,60;4,10;17;96;60,10;3,50;3,50;65,20;3,90;3,30;
2026-07-01 18:45:00.0;OFF;ON;100;0,50;0,60;4,10;17;96;60,10;3,60;3,50;65;3,90;3,20;
2026-07-01 18:46:00.0;OFF;ON;100;0,30;0,50;4;17;95,80;60,10;3,70;3,50;63,30;3,80;3;
2026-07-01 18:47:00.0;OFF;ON;100;0,30;0,50;4;16,90;95,60;60,10;3,70;3,50;63;3,70;3;
2026-07-01 18:48:00.0;OFF;ON;100;0,80;0,40;3,90;16,90;95,50;60,10;3,10;3,50;66,60;3,70;2,90;
2026-07-01 18:49:00.0;OFF;ON;100;1;0,40;3,90;16,80;95,40;60,10;2,90;3,50;69;3,70;3,10;
2026-07-01 18:50:00.0;OFF;ON;100;0,80;0,50;4;16,80;95,80;60,10;3,20;3,50;67,40;3,80;3,20;
2026-07-01 18:51:00.0;OFF;ON;100;0,40;0,50;4;16,80;96;60,10;3,60;3,50;65;3,80;3,20;
2026-07-01 18:52:00.0;OFF;ON;100;0,30;0,50;4;16,80;96;60,10;3,70;3,50;64,70;3,80;3,10;
2026-07-01 18:53:00.0;OFF;ON;100;0,30;0,40;3,90;16,70;95,90;60,10;3,60;3,50;64,30;3,70;2,90;
2026-07-01 18:54:00.0;OFF;ON;100;0,10;0,40;3,90;16,70;95,50;60,10;3,80;3,50;62,60;3,70;2,90;
2026-07-01 18:55:00.0;OFF;ON;100;0,90;0,30;3,80;16,60;95,40;60,10;2,90;3,50;68,30;3,60;2,80;
2026-07-01 18:56:00.0;OFF;ON;100;0,90;0,30;3,80;16,60;95,50;60,10;2,90;3,50;69,10;3,60;3;
2026-07-01 18:57:00.0;OFF;ON;100;0,40;0,40;3,90;16,60;95,70;60,10;3,50;3,50;65,70;3,70;3,10;
2026-07-01 18:58:00.0;OFF;ON;100;0,40;0,40;3,90;16,50;96;60,10;3,50;3,50;65,90;3,70;3;
2026-07-01 18:59:00.0;OFF;ON;100;-0,40;0,40;3,90;16,50;96;60,10;4,30;3,50;60,80;3,70;3;
2026-07-01 19:00:00.0;OFF;ON;100;0,20;0,30;3,80;16,40;95,80;60,10;3,60;3,50;64;3,60;2,80;
2026-07-01 19:01:00.0;OFF;ON;100;-0,10;0,20;3,70;16,40;95,40;60,10;3,80;3,50;62,50;3,50;2,70;
2026-07-01 19:02:00.0;OFF;ON;100;0,60;0,20;3,70;16,40;95,20;60,10;3,10;3,50;67,10;3,50;2,70;
2026-07-01 19:03:00.0;OFF;ON;100;0,80;0,20;3,70;16,30;95,40;60,10;2,90;3,50;69,30;3,50;2,80;
2026-07-01 19:04:00.0;OFF;ON;100;0,30;0,30;3,80;16,30;95,70;60,10;3,50;3,50;66,80;3,60;3;
2026-07-01 19:05:00.0;OFF;ON;100;0,20;0,30;3,80;16,30;96;60,10;3,60;3,50;65,50;3,60;3;
2026-07-01 19:06:00.0;OFF;ON;100;0,20;0,30;3,80;16,30;96;60,10;3,70;3,50;65,30;3,60;2,90;
2026-07-01 19:07:00.0;OFF;ON;100;0;0,20;3,70;16,20;95,80;60,10;3,70;3,50;63,90;3,50;2,70;
2026-07-01 19:08:00.0;OFF;ON;100;-0,10;0,10;3,60;16,10;95,40;60,10;3,80;3,50;63,10;3,40;2,60;
2026-07-01 19:09:00.0;OFF;ON;100;0,60;0,10;3,60;16,10;95,30;60,10;3;3,50;68,10;3,40;2,60;
2026-07-01 19:10:00.0;OFF;ON;100;0,50;0,10;3,60;16,10;95,30;60,10;3,10;3,50;68,30;3,40;2,70;
2026-07-01 19:11:00.0;OFF;ON;100;0,30;0,20;3,70;16;95,70;60,10;3,40;3,50;67,20;3,50;2,90;
2026-07-01 19:12:00.0;OFF;ON;100;0,10;0,20;3,70;16;96;60,10;3,60;3,50;66,10;3,50;2,90;
2026-07-01 19:13:00.0;OFF;ON;100;0,20;0,20;3,70;16;96;60,10;3,50;3,50;66,10;3,50;2,80;
2026-07-01 19:14:00.0;OFF;ON;100;0,10;0,10;3,60;15,90;95,70;60,10;3,50;3,50;65,20;3,40;2,60;
2026-07-01 19:15:00.0;OFF;ON;100;-0,20;0;3,50;15,90;95,30;60,10;3,70;3,50;63,80;3,30;2,50;
2026-07-01 19:16:00.0;OFF;ON;100;0,60;0;3,50;15,90;95,20;60,10;3;3,50;68,80;3,30;2,50;
2026-07-01 19:17:00.0;OFF;ON;100;0,50;0;3,50;15,80;95,20;60,10;3;3,50;69,80;3,30;2,60;
2026-07-01 19:18:00.0;OFF;ON;100;0,10;0,10;3,60;15,80;95,70;60,10;3,50;3,50;66,90;3,40;2,80;
2026-07-01 19:19:00.0;OFF;ON;100;0,20;0,10;3,60;15,80;96;60,10;3,40;3,50;67,90;3,40;2,80;
2026-07-01 19:20:00.0;OFF;ON;100;0,10;0,10;3,60;15,70;96;60,10;3,50;3,50;66,90;3,40;2,70;
2026-07-01 19:21:00.0;OFF;ON;100;0;0;3,50;15,70;95,80;60,10;3,50;3,50;65,80;3,30;2,50;
2026-07-01 19:22:00.0;OFF;ON;100;-0,30;-0,10;3,40;15,60;95,30;60,10;3,70;3,50;64,80;3,20;2,40;
2026-07-01 19:23:00.0;OFF;ON;100;-0,20;-0,10;3,40;15,60;95,20;60,10;3,60;3,50;64,90;3,20;2,40;
2026-07-01 19:24:00.0;OFF;ON;100;0,30;-0,10;3,40;15,60;95,30;60,10;3;3,50;69,80;3,20;2,40;
2026-07-01 19:25:00.0;OFF;ON;100;0;-0,10;3,40;15,50;95,50;60,10;3,40;3,50;68,10;3,30;2,60;
2026-07-01 19:26:00.0;OFF;ON;100;0;0;3,50;15,50;95,90;60,10;3,50;3,50;68,10;3,30;2,70;
2026-07-01 19:27:00.0;OFF;ON;100;-0,10;0;3,50;15,50;95,80;60,10;3,60;3,50;67,50;3,30;2,60;
2026-07-01 19:28:00.0;OFF;ON;100;-0,30;0;3,50;15,40;95,80;60,10;3,70;3,50;65,90;3,20;2,50;
2026-07-01 19:29:00.0;OFF;ON;100;-0,20;-0,10;3,40;15,40;95,50;60,10;3,60;3,50;66,50;3,20;2,30;
2026-07-01 19:30:00.0;OFF;ON;100;-0,20;-0,20;3,30;15,30;95,30;60,10;3,60;3,50;66,60;3,10;2,30;
2026-07-01 19:31:00.0;OFF;ON;100;0,50;-0,20;3,30;15,30;95,30;60,10;2,80;3,50;72;3,10;2,30;
2026-07-01 19:32:00.0;OFF;ON;100;0,10;-0,20;3,30;15,30;95,50;60,10;3,20;3,50;70,40;3,20;2,40;
2026-07-01 19:33:00.0;OFF;ON;100;0;-0,10;3,40;15,20;95,90;60,10;3,40;3,50;69,50;3,20;2,60;
2026-07-01 19:34:00.0;OFF;ON;100;0;-0,10;3,40;15,20;95,90;60,10;3,40;3,50;69,80;3,20;2,50;
2026-07-01 19:35:00.0;OFF;ON;100;-0,50;-0,10;3,40;15,20;95,90;60,10;3,90;3,50;66,80;3,20;2,50;
2026-07-01 19:36:00.0;OFF;ON;100;-0,70;-0,20;3,30;15,10;95,60;60,10;4;3,50;64,70;3;2,20;
2026-07-01 19:37:00.0;OFF;ON;100;-0,90;-0,30;3,20;15,10;95,20;60,10;4,10;3,50;63,10;2,90;2,10;
2026-07-01 19:38:00.0;OFF;ON;100;-0,90;-0,40;3,10;15;94,90;60,10;4;3,50;62,50;2,80;1,90;
2026-07-01 19:39:00.0;OFF;ON;100;-1;-0,50;3;15;94,70;60,10;4;3,50;61,60;2,80;1,80;
2026-07-01 19:40:00.0;OFF;ON;100;-0,90;-0,60;2,90;15;94,70;60,10;3,80;3,50;61,80;2,70;1,80;
2026-07-01 19:41:00.0;OFF;ON;100;-1;-0,60;2,90;14,90;94,50;60,10;3,90;3,50;60,70;2,70;1,70;
2026-07-01 19:42:00.0;OFF;ON;100;-1;-0,60;2,90;14,90;94,60;60,10;3,90;3,50;60,10;2,70;1,70;
2026-07-01 19:43:00.0;OFF;ON;100;-0,90;-0,70;2,80;14,90;94,60;60,10;3,80;3,50;60,40;2,60;1,70;
2026-07-01 19:44:00.0;OFF;ON;100;-0,90;-0,70;2,80;14,90;94,70;60,10;3,80;3,50;60;2,60;1,70;
2026-07-01 19:45:00.0;OFF;ON;100;-0,90;-0,70;2,80;14,80;94,90;60,10;3,70;3,50;59,80;2,60;1,70;
2026-07-01 19:46:00.0;OFF;ON;100;-0,80;-0,70;2,80;14,80;95;60,10;3,60;3,50;60,50;2,60;1,70;
2026-07-01 19:47:00.0;OFF;ON;100;-0,70;-0,70;2,80;14,80;95;60,10;3,50;3,50;60,40;2,60;1,70;
2026-07-01 19:48:00.0;OFF;ON;100;-0,90;-0,70;2,80;14,70;95;60,10;3,70;3,50;59,70;2,60;1,70;
2026-07-01 19:49:00.0;OFF;ON;100;-0,80;-0,70;2,80;14,70;95,10;60,10;3,60;3,50;59,90;2,60;1,70;
2026-07-01 19:50:00.0;OFF;ON;100;-0,80;-0,70;2,80;14,70;95;60,10;3,60;3,50;60;2,60;1,80;
2026-07-01 19:51:00.0;OFF;ON;100;-0,80;-0,70;2,80;14,70;95,10;60,10;3,60;3,50;60;2,60;1,80;
2026-07-01 19:52:00.0;OFF;ON;100;-0,70;-0,70;2,80;14,60;95,20;60,10;3,50;3,50;60,80;2,60;1,80;
2026-07-01 19:53:00.0;OFF;ON;100;-0,60;-0,70;2,80;14,60;95,20;60,10;3,40;3,50;61;2,60;1,80;
2026-07-01 19:54:00.0;OFF;ON;100;-0,30;-0,70;2,80;14,60;95,30;60,10;3,10;3,50;64;2,60;1,80;
2026-07-01 19:55:00.0;OFF;ON;100;-0,30;-0,70;2,80;14,50;95,40;60,10;3,10;3,50;64,20;2,60;1,90;
2026-07-01 19:56:00.0;OFF;ON;100;0,20;-0,60;2,90;14,50;95,70;60,10;2,60;3,50;68,70;2,70;2;
2026-07-01 19:57:00.0;OFF;ON;100;0,30;-0,60;2,90;14,50;95,70;60,10;2,50;3,50;70,30;2,70;2,10;
2026-07-01 19:58:00.0;OFF;ON;100;-0,10;-0,50;3;14,50;96;60,10;2,90;3,50;69,60;2,80;2,30;
2026-07-01 19:59:00.0;OFF;ON;100;-0,20;-0,50;3;14,40;96,20;60,10;3,20;3,50;68,40;2,80;2,20;
2026-07-01 20:00:00.0;OFF;ON;100;-0,10;-0,50;3;14,40;96,10;60,10;3,10;3,50;69,40;2,80;2,20;
2026-07-01 20:01:00.0;OFF;ON;100;-0,20;-0,50;3;14,40;96,10;60,10;3,20;3,50;70;2,80;2,20;
2026-07-01 20:02:00.0;OFF;ON;100;-0,30;-0,50;3;14,30;96;60,10;3,30;3,50;69,90;2,80;2,10;
2026-07-01 20:03:00.0;OFF;ON;100;-0,20;-0,50;3;14,30;96;60,10;3,20;3,50;70,90;2,70;2,10;
2026-07-01 20:04:00.0;OFF;ON;100;-0,30;-0,60;2,90;14,30;95,80;60,10;3,20;3,50;71,20;2,70;2,10;
2026-07-01 20:05:00.0;OFF;ON;100;-0,90;-0,60;2,90;14,30;95,70;60,10;3,80;3,50;67,40;2,70;2;
2026-07-01 20:06:00.0;OFF;ON;100;-0,80;-0,70;2,80;14,20;95,60;60,10;3,70;3,50;67,90;2,60;1,80;
2026-07-01 20:07:00.0;OFF;ON;100;-0,90;-0,80;2,70;14,20;95,20;60,10;3,60;3,50;67,70;2,50;1,70;
2026-07-01 20:08:00.0;OFF;ON;100;-0,90;-0,80;2,70;14,20;95;60,10;3,60;3,50;67,60;2,50;1,60;
2026-07-01 20:09:00.0;OFF;ON;100;-0,80;-0,90;2,60;14,10;95;60,10;3,50;3,50;67,90;2,40;1,60;
2026-07-01 20:10:00.0;OFF;ON;100;-0,90;-0,90;2,60;14,10;95;60,10;3,50;3,50;67,80;2,40;1,60;
2026-07-01 20:11:00.0;OFF;ON;100;-0,90;-0,90;2,60;14,10;95;60,10;3,50;3,50;68,60;2,40;1,60;
2026-07-01 20:12:00.0;OFF;ON;100;-0,90;-0,90;2,60;14,10;95;60,10;3,50;3,50;67,80;2,40;1,50;
2026-07-01 20:13:00.0;OFF;ON;100;-1;-0,90;2,60;14;95;60,10;3,60;3,50;67,70;2,30;1,50;
2026-07-01 20:14:00.0;OFF;ON;100;-0,90;-1;2,50;14;95;60,10;3,50;3,50;67,70;2,30;1,50;
2026-07-01 20:15:00.0;OFF;ON;100;-1;-1;2,50;14;95;60,10;3,50;3,50;68,50;2,30;1,50;
2026-07-01 20:16:00.0;OFF;ON;100;-1;-1;2,50;13,90;95;60,10;3,50;3,50;67,70;2,30;1,50;
2026-07-01 20:17:00.0;OFF;ON;100;-1,10;-1;2,50;13,90;95;60,10;3,50;3,50;67,70;2,30;1,40;
2026-07-01 20:18:00.0;OFF;ON;100;-1;-1,10;2,40;13,90;95;60,10;3,40;3,50;68,50;2,20;1,40;
2026-07-01 20:19:00.0;OFF;ON;100;-1,10;-1,10;2,40;13,90;95;60,10;3,60;3,50;67,70;2,20;1,40;
2026-07-01 20:20:00.0;OFF;ON;100;-0,50;-1,10;2,40;13,80;95;60,10;2,90;3,50;72;2,20;1,40;
2026-07-01 20:21:00.0;OFF;ON;100;-0,70;-1,10;2,40;13,80;95,10;60,10;3,10;3,50;71,70;2,20;1,50;
2026-07-01 20:22:00.0;OFF;ON;100;-0,70;-1;2,50;13,80;95,30;60,10;3,20;3,50;71,90;2,20;1,60;
2026-07-01 20:23:00.0;OFF;ON;100;-0,50;-1,10;2,40;13,70;95,40;60,10;3;3,50;73,80;2,20;1,50;
2026-07-01 20:24:00.0;OFF;ON;100;-0,50;-1;2,50;13,70;95,50;60,10;3;3,50;75;2,20;1,50;
2026-07-01 20:25:00.0;OFF;ON;100;-0,70;-1;2,50;13,70;95,60;60,10;3,30;3,50;73,60;2,30;1,60;
2026-07-01 20:26:00.0;OFF;ON;100;-1;-1;2,50;13,60;95,60;60,10;3,50;3,50;72,70;2,30;1,50;
2026-07-01 20:27:00.0;OFF;ON;100;-1,60;-1,10;2,40;13,60;95,50;60,10;4;3,50;68,90;2,20;1,50;
2026-07-01 20:28:00.0;OFF;ON;100;-1,60;-1,10;2,40;13,60;95,40;60,10;3,90;3,50;68,50;2,10;1,30;
2026-07-01 20:29:00.0;OFF;ON;100;-1,70;-1,30;2,20;13,60;95;60,10;3,90;3,50;67,90;2;1,10;
2026-07-01 20:30:00.0;OFF;ON;100;-1,70;-1,30;2,20;13,50;94,60;60,10;3,90;3,50;67,20;1,90;1;
2026-07-01 20:31:00.0;OFF;ON;100;-1,80;-1,40;2,10;13,50;94,50;60,10;3,90;3,50;66,70;1,80;0,90;
2026-07-01 20:32:00.0;OFF;ON;100;-1,70;-1,50;2;13,50;94,40;60,10;3,70;3,50;67,20;1,80;0,90;
2026-07-01 20:33:00.0;OFF;ON;100;-1,80;-1,50;2;13,40;94,40;60,10;3,80;3,50;66,30;1,80;0,80;
2026-07-01 20:34:00.0;OFF;ON;100;-1,90;-1,50;2;13,40;94,40;60,10;3,80;3,50;65,70;1,80;0,80;
2026-07-01 20:35:00.0;OFF;ON;100;-1,70;-1,60;1,90;13,40;94,40;60,10;3,60;3,50;66,30;1,70;0,80;
2026-07-01 20:36:00.0;OFF;ON;100;-1,70;-1,60;1,90;13,40;94,50;60,10;3,60;3,50;65,90;1,70;0,80;
2026-07-01 20:37:00.0;OFF;ON;100;-1,90;-1,60;1,90;13,30;94,50;60,10;3,70;3,50;65;1,70;0,70;
2026-07-01 20:38:00.0;OFF;ON;100;-1,70;-1,60;1,90;13,30;94,50;60,10;3,60;3,50;65,70;1,70;0,70;
2026-07-01 20:39:00.0;OFF;ON;100;-1,90;-1,60;1,90;13,30;94,60;60,10;3,70;3,50;64,60;1,60;0,70;
2026-07-01 20:40:00.0;OFF;ON;100;-1,20;-1,70;1,80;13,30;94,70;60,10;3,10;3,50;68,70;1,60;0,70;
2026-07-01 20:41:00.0;OFF;ON;100;-1,40;-1,60;1,90;13,20;94,80;60,10;3,20;3,50;68,60;1,70;0,90;
2026-07-01 20:42:00.0;OFF;ON;100;-1,30;-1,60;1,90;13,20;95;60,10;3,20;3,50;69,10;1,70;0,90;
2026-07-01 20:43:00.0;OFF;ON;100;-0,60;-1,50;2;13,20;95,10;60,10;2,60;3,50;74,10;1,70;0,90;
2026-07-01 20:44:00.0;OFF;ON;100;-1,10;-1,50;2;13,20;95,30;60;3,10;3,50;72,10;1,70;1,10;
2026-07-01 20:45:00.0;OFF;ON;100;-1,20;-1,40;2,10;13,10;95,60;60;3,30;3,50;71,50;1,80;1,20;
2026-07-01 20:46:00.0;OFF;ON;100;-1,30;-1,50;2;13,10;95,60;60;3,40;3,50;71,40;1,80;1,10;
2026-07-01 20:47:00.0;OFF;ON;100;-1,20;-1,50;2;13,10;95,60;60;3,30;3,50;72,40;1,80;1,10;
2026-07-01 20:48:00.0;OFF;ON;100;-1,30;-1,50;2;13;95,60;60;3,20;3,50;72,90;1,80;1;
2026-07-01 20:49:00.0;OFF;ON;100;-1,40;-1,50;2;13;95,40;60;3,30;3,50;73;1,80;1;
2026-07-01 20:50:00.0;OFF;ON;100;-1,40;-1,50;2;13;95,30;60;3,40;3,50;72,90;1,70;1;
2026-07-01 20:51:00.0;OFF;ON;100;-1,50;-1,60;1,90;12,90;95,40;60;3,40;3,50;73,10;1,70;1;
2026-07-01 20:52:00.0;OFF;ON;100;-1,50;-1,60;1,90;12,90;95,40;60;3,40;3,50;73,30;1,70;0,90;
2026-07-01 20:53:00.0;OFF;ON;100;-1,40;-1,60;1,90;12,90;95,20;60;3,30;3,50;74,90;1,60;0,90;
2026-07-01 20:54:00.0;OFF;ON;100;-1,40;-1,60;1,90;12,90;95,20;60;3,30;3,50;75,10;1,60;0,90;
2026-07-01 20:55:00.0;OFF;ON;100;-1,60;-1,70;1,80;12,80;95,20;60;3,40;3,50;74,40;1,60;0,80;
2026-07-01 20:56:00.0;OFF;ON;100;-1,60;-1,70;1,80;12,80;95,10;60;3,40;3,50;74,70;1,60;0,80;
2026-07-01 20:57:00.0;OFF;ON;100;-2,20;-1,70;1,80;12,80;95;60;4;3,50;70,70;1,60;0,70;
2026-07-01 20:58:00.0;OFF;ON;100;-2,30;-1,80;1,70;12,80;94,80;60;4;3,50;69,60;1,40;0,50;
2026-07-01 20:59:00.0;OFF;ON;100;-2,30;-1,90;1,60;12,70;94,50;60;3,90;3,50;69,60;1,40;0,40;
2026-07-01 21:00:00.0;OFF;ON;100;-2,10;-2;1,50;12,70;94,30;60;3,60;3,50;70,70;1,30;0,30;
2026-07-01 21:01:00.0;OFF;ON;100;-2,30;-2;1,50;12,70;94,30;60;3,80;3,50;69,30;1,30;0,30;
2026-07-01 21:02:00.0;OFF;ON;100;-2,30;-2,10;1,40;12,60;94,30;60;3,70;3,50;69,40;1,20;0,30;
2026-07-01 21:03:00.0;OFF;ON;100;-2,20;-2,10;1,40;12,60;94,30;60;3,60;3,50;69,70;1,20;0,20;
2026-07-01 21:04:00.0;OFF;ON;100;-2,20;-2,10;1,40;12,60;94,40;60;3,60;3,50;69,30;1,20;0,20;
2026-07-01 21:05:00.0;OFF;ON;100;-2,30;-2,10;1,40;12,60;94,40;60;3,60;3,50;68,80;1,10;0,20;
2026-07-01 21:06:00.0;OFF;ON;100;-1,60;-2,20;1,30;12,50;94,40;60;2,90;3,50;73,10;1,10;0,10;
2026-07-01 21:07:00.0;OFF;ON;100;-1,80;-2,20;1,30;12,50;94,30;60;3,10;3,50;72,40;1,10;0,10;
2026-07-01 21:08:00.0;OFF;ON;100;-1,90;-2,10;1,40;12,50;94,80;60;3,20;3,50;72,30;1,20;0,30;
2026-07-01 21:09:00.0;OFF;ON;100;-1,90;-2,10;1,40;12,50;94,90;60;3,20;3,50;72,50;1,20;0,30;
2026-07-01 21:10:00.0;OFF;ON;100;-2;-2,10;1,40;12,40;94,90;60;3,40;3,50;72;1,20;0,30;
2026-07-01 21:11:00.0;OFF;ON;100;-1,90;-2,10;1,40;12,40;95;60;3,30;3,50;73,20;1,10;0,30;
2026-07-01 21:12:00.0;OFF;ON;100;-2;-2,10;1,40;12,40;95;60;3,40;3,50;73;1,20;0,40;
2026-07-01 21:13:00.0;OFF;ON;100;-1,80;-2,10;1,40;12,30;95,10;60;3,20;3,50;74,40;1,20;0,40;
2026-07-01 21:14:00.0;OFF;ON;100;-1,20;-2,10;1,40;12,30;95,10;60;2,50;3,50;79,50;1,10;0,30;
2026-07-01 21:15:00.0;OFF;ON;100;-2,20;-2,10;1,40;12,30;95,10;60;3,60;3,50;73,40;1,20;0,50;
2026-07-01 21:16:00.0;OFF;ON;100;-3,10;-2;1,50;12,30;95,50;60;4,60;3,50;64,70;1,30;0,70;
2026-07-01 21:17:00.0;OFF;ON;100;-1,60;-2;1,50;12,20;95,60;60;3,10;3,50;74,60;1,20;0,40;
2026-07-01 21:18:00.0;OFF;ON;100;-1,90;-2,10;1,40;12,20;95,20;60;3,30;3,50;73,50;1,20;0,40;
2026-07-01 21:19:00.0;OFF;ON;100;-1,80;-2,10;1,40;12,20;95,20;60;3,20;3,50;74,50;1,20;0,40;
2026-07-01 21:20:00.0;OFF;ON;100;-2;-2,10;1,40;12,20;95,20;60;3,40;3,50;74;1,20;0,40;
2026-07-01 21:21:00.0;OFF;ON;100;-1,90;-2,10;1,40;12,10;95,20;60;3,30;3,50;74,60;1,10;0,40;
2026-07-01 21:22:00.0;OFF;ON;100;-1,20;-2,10;1,40;12,10;95,20;60;2,60;3,50;80;1,10;0,40;
2026-07-01 21:23:00.0;OFF;ON;100;-2,80;-2,10;1,40;12,10;95,40;60;4,30;3,50;68,70;1,20;0,60;
2026-07-01 21:24:00.0;OFF;ON;100;-1,90;-2;1,50;12,10;95,60;60;3,40;3,50;71,90;1,20;0,60;
2026-07-01 21:25:00.0;OFF;ON;100;-1,70;-2,10;1,40;12;95,40;60;3,10;3,50;74,80;1,10;0,30;
2026-07-01 21:26:00.0;OFF;ON;100;-1,80;-2,20;1,30;12;95,10;60;3,20;3,50;74,70;1,10;0,40;
2026-07-01 21:27:00.0;OFF;ON;100;-2;-2,20;1,30;12;95,10;60;3,30;3,50;74,30;1,10;0,40;
2026-07-01 21:28:00.0;OFF;ON;100;-1,90;-2,20;1,30;11,90;95,20;60;3,30;3,50;74,80;1,10;0,40;
2026-07-01 21:29:00.0;OFF;ON;100;-2,10;-2,20;1,30;11,90;95,10;60;3,40;3,50;74,30;1,10;0,30;
2026-07-01 21:30:00.0;OFF;ON;100;-2,80;-2,20;1,30;11,90;95,10;60;4,10;3,50;70,30;1;0,30;
2026-07-01 21:31:00.0;OFF;ON;100;-3,30;-2,20;1,30;11,90;95,30;60;4,70;3,50;65,10;1,10;0,50;
2026-07-01 21:32:00.0;OFF;ON;100;-2,20;-2,10;1,40;11,80;95,40;60;3,50;3,50;71,70;1,20;0,50;
2026-07-01 21:33:00.0;OFF;ON;100;-2;-2,30;1,20;11,80;95,10;60;3,20;3,50;73,60;1;0,20;
2026-07-01 21:34:00.0;OFF;ON;100;-1,70;-2,30;1,20;11,80;95;60;2,90;3,50;76,10;1;0,30;
2026-07-01 21:35:00.0;OFF;ON;100;-2,20;-2,30;1,20;11,80;95,10;60;3,40;3,50;73,40;1;0,30;
2026-07-01 21:36:00.0;OFF;ON;100;-2,20;-2,30;1,20;11,70;95,10;60;3,40;3,50;73,90;1;0,30;
2026-07-01 21:37:00.0;OFF;ON;100;-1,60;-2,30;1,20;11,70;95;60;2,80;3,50;78,30;1;0,30;
2026-07-01 21:38:00.0;OFF;ON;100;-2,90;-2,30;1,20;11,70;95,10;60;4,10;3,50;70,20;1;0,40;
2026-07-01 21:39:00.0;OFF;ON;100;-3,60;-2,20;1,30;11,70;95,40;60;4,90;3,50;63,40;1;0,50;
2026-07-01 21:40:00.0;OFF;ON;100;-1,90;-2,20;1,30;11,60;95,50;60;3,20;3,50;73,20;1;0,40;
2026-07-01 21:41:00.0;OFF;ON;100;-2,10;-2,30;1,20;11,60;95,30;60;3,30;3,50;73,30;0,90;0,30;
2026-07-01 21:42:00.0;OFF;ON;100;-2;-2,30;1,20;11,60;95,10;60;3,10;3,50;75,10;0,90;0,40;
2026-07-01 21:43:00.0;OFF;ON;100;-2,20;-2,40;1,10;11,50;95,10;60;3,40;3,50;73,90;0,90;0,40;
2026-07-01 21:44:00.0;OFF;ON;100;-2,20;-2,40;1,10;11,50;95,10;60;3,40;3,50;74,30;0,90;0,30;
2026-07-01 21:45:00.0;OFF;ON;100;-3;-2,40;1,10;11,50;95,10;60;4;3,50;70,70;0,90;0,30;
2026-07-01 21:46:00.0;OFF;ON;100;-3;-2,40;1,10;11,50;95;60;4,10;3,50;70,20;0,90;0,40;
2026-07-01 21:47:00.0;OFF;ON;100;-3;-2,30;1,20;11,40;95,40;60;4,20;3,50;66,70;1;0,40;
2026-07-01 21:48:00.0;OFF;ON;100;-2;-2,40;1,10;11,40;95,30;60;3,10;3,50;74;0,80;0,20;
2026-07-01 21:49:00.0;OFF;ON;100;-2,10;-2,40;1,10;11,40;95;60;3,20;3,50;74,50;0,80;0,20;
2026-07-01 21:50:00.0;OFF;ON;100;-2,30;-2,40;1,10;11,40;95;60;3,40;3,50;74;0,80;0,20;
2026-07-01 21:51:00.0;OFF;ON;100;-2,30;-2,50;1;11,30;95,10;60;3,30;3,50;74,60;0,80;0,20;
2026-07-01 21:52:00.0;OFF;ON;100;-1,50;-2,50;1;11,30;95;60;2,50;3,50;80,40;0,80;0,20;
2026-07-01 21:53:00.0;OFF;ON;100;-2,50;-2,50;1;11,30;95,10;60;3,50;3,50;75,10;0,80;0,20;
2026-07-01 21:54:00.0;OFF;ON;100;-3,30;-2,40;1,10;11,30;95,20;60;4,40;3,50;67,80;0,90;0,30;
2026-07-01 21:55:00.0;OFF;ON;100;-3,60;-2,40;1,10;11,20;95,40;60;4,70;3,50;63,70;0,90;0,30;
2026-07-01 21:56:00.0;OFF;ON;100;-2,10;-2,50;1;11,20;95,20;60;3,10;3,50;74,10;0,80;0,10;
2026-07-01 21:57:00.0;OFF;ON;100;-2,20;-2,50;1;11,20;94,90;60;3,20;3,50;74,50;0,70;0,10;
2026-07-01 21:58:00.0;OFF;ON;100;-2,30;-2,50;1;11,10;95;60;3,30;3,50;74,10;0,80;0,20;
2026-07-01 21:59:00.0;OFF;ON;100;-2,30;-2,50;1;11,10;95,10;60;3,20;3,50;75,10;0,70;0,10;
2026-07-01 22:00:00.0;OFF;ON;100;-1,90;-2,60;0,90;11,10;95;60;2,80;3,50;78,90;0,70;0,10;
2026-07-01 22:01:00.0;OFF;ON;100;-2,90;-2,50;1;11,10;95,30;60;4;3,50;71,70;0,80;0,30;
2026-07-01 22:02:00.0;OFF;ON;100;-3,20;-2,40;1,10;11;95,50;60;4,30;3,50;68,50;0,80;0,20;
2026-07-01 22:03:00.0;OFF;ON;100;-3,50;-2,50;1;11;95,40;60;4,50;3,50;65,70;0,80;0,20;
2026-07-01 22:04:00.0;OFF;ON;100;-2,50;-2,50;1;11;95,30;60;3,50;3,50;70,20;0,80;0,20;
2026-07-01 22:05:00.0;OFF;ON;100;-2,10;-2,60;0,90;11;95,20;60;3;3,50;74,20;0,70;0;
2026-07-01 22:06:00.0;OFF;ON;100;-2,40;-2,60;0,90;10,90;95;60;3,30;3,50;74;0,70;0,10;
2026-07-01 22:07:00.0;OFF;ON;100;-2,30;-2,60;0,90;10,90;95,20;60;3,20;3,50;74,70;0,70;0,10;
2026-07-01 22:08:00.0;OFF;ON;100;-2,20;-2,60;0,90;10,90;95,10;60;3,10;3,50;75,70;0,70;0;
2026-07-01 22:09:00.0;OFF;ON;100;-2;-2,60;0,90;10,80;95,10;60;2,90;3,50;78,50;0,70;0;
2026-07-01 22:10:00.0;OFF;ON;100;-3,20;-2,50;1;10,80;95,30;60;4,20;3,50;69,50;0,70;0,20;
2026-07-01 22:11:00.0;OFF;ON;100;-3,50;-2,50;1;10,80;95,50;60;4,50;3,50;66,40;0,70;0,10;
2026-07-01 22:12:00.0;OFF;ON;100;-2,20;-2,60;0,90;10,80;95,40;60;3,20;3,50;73;0,70;0,10;
2026-07-01 22:13:00.0;OFF;ON;100;-2,30;-2,60;0,90;10,80;95,30;60;3,20;3,50;73,20;0,70;-0,10;
2026-07-01 22:14:00.0;OFF;ON;100;-2;-2,70;0,80;10,70;95,10;60;2,80;3,50;76,70;0,60;0;
2026-07-01 22:15:00.0;OFF;ON;100;-2,30;-2,70;0,80;10,70;95,10;60;3,10;3,50;75,40;0,60;0;
2026-07-01 22:16:00.0;OFF;ON;100;-2,40;-2,70;0,80;10,70;95,10;60;3,20;3,50;75,50;0,60;0;
2026-07-01 22:17:00.0;OFF;ON;100;-2;-2,70;0,80;10,60;95,10;60;2,80;3,50;78,70;0,60;0;
2026-07-01 22:18:00.0;OFF;ON;100;-3,10;-2,60;0,90;10,60;95,30;60;4;3,50;71,10;0,70;0,10;
2026-07-01 22:19:00.0;OFF;ON;100;-3,40;-2,60;0,90;10,60;95,40;60;4,20;3,50;68,60;0,60;0;
2026-07-01 22:20:00.0;OFF;ON;100;-3,70;-2,70;0,80;10,60;95,40;60;4,50;3,50;65,30;0,60;0;
2026-07-01 22:21:00.0;OFF;ON;100;-2,10;-2,70;0,80;10,50;95,20;60;2,90;3,50;75;0,50;-0,20;
2026-07-01 22:22:00.0;OFF;ON;100;-2,10;-2,80;0,70;10,50;95,10;60;2,80;3,50;76,40;0,50;-0,10;
2026-07-01 22:23:00.0;OFF;ON;100;-2,40;-2,70;0,80;10,50;95,10;60;3,10;3,50;74,90;0,50;-0,10;
2026-07-01 22:24:00.0;OFF;ON;100;-2,40;-2,70;0,80;10,50;95,10;60;3,20;3,50;75,30;0,50;-0,10;
2026-07-01 22:25:00.0;OFF;ON;100;-2,10;-2,80;0,70;10,40;95,10;60;2,80;3,50;78,70;0,50;-0,10;
2026-07-01 22:26:00.0;OFF;ON;100;-3,20;-2,70;0,80;10,40;95,40;60;4,10;3,50;71;0,60;0,10;
2026-07-01 22:27:00.0;OFF;ON;100;-3,30;-2,70;0,80;10,40;95,50;59,90;4,10;3,50;69,40;0,60;0;
2026-07-01 22:28:00.0;OFF;ON;100;-3,60;-2,70;0,80;10,40;95,50;60;4,40;3,50;66,40;0,50;-0,10;
2026-07-01 22:29:00.0;OFF;ON;100;-2,50;-2,70;0,80;10,30;95,50;60;3,30;3,50;72,20;0,50;-0,10;
2026-07-01 22:30:00.0;OFF;ON;100;-2,50;-2,80;0,70;10,30;95,10;60;3,20;3,50;74,10;0,40;-0,20;
2026-07-01 22:31:00.0;OFF;ON;100;-2,50;-2,80;0,70;10,30;95,10;60;3,20;3,50;74,30;0,50;-0,10;
2026-07-01 22:32:00.0;OFF;ON;100;-2,50;-2,80;0,70;10,20;95,10;60;3,20;3,50;75,30;0,40;-0,20;
2026-07-01 22:33:00.0;OFF;ON;100;-2,20;-2,80;0,70;10,20;95,10;60;2,90;3,50;77,80;0,40;-0,20;
2026-07-01 22:34:00.0;OFF;ON;100;-3,20;-2,80;0,70;10,20;95,30;60;3,90;3,50;71,70;0,50;0;
2026-07-01 22:35:00.0;OFF;ON;100;-3,40;-2,80;0,70;10,20;95,50;60;4,10;3,50;69,20;0,50;-0,10;
2026-07-01 22:36:00.0;OFF;ON;100;-3,90;-2,80;0,70;10,10;95,30;60;4,60;3,50;64,90;0,40;-0,10;
2026-07-01 22:37:00.0;OFF;ON;100;-2,50;-2,80;0,70;10,10;95,30;60;3,20;3,50;72,60;0,40;-0,20;
2026-07-01 22:38:00.0;OFF;ON;100;-2;-2,90;0,60;10,10;95,10;60;2,60;3,50;77,70;0,30;-0,30;
2026-07-01 22:39:00.0;OFF;ON;100;-2,70;-2,90;0,60;10,10;95;60;3,30;3,50;73,80;0,40;-0,20;
2026-07-01 22:40:00.0;OFF;ON;100;-2,70;-2,90;0,60;10;95,10;60;3,20;3,50;74,80;0,30;-0,20;
2026-07-01 22:41:00.0;OFF;ON;100;-2,30;-2,90;0,60;10;95;60;2,80;3,50;78,40;0,30;-0,20;
2026-07-01 22:42:00.0;OFF;ON;100;-3,20;-2,90;0,60;10;95,10;59,90;3,90;3,50;72,10;0,40;-0,10;
2026-07-01 22:43:00.0;OFF;ON;100;-3,40;-2,90;0,60;10;95,30;60;4,10;3,50;69,80;0,40;-0,20;
2026-07-01 22:44:00.0;OFF;ON;100;-3,80;-2,90;0,60;9,90;95,20;59,90;4,40;3,50;66,50;0,30;-0,20;
2026-07-01 22:45:00.0;OFF;ON;100;-3,90;-2,90;0,60;9,90;95,20;59,90;4,50;3,50;64,70;0,30;-0,20;
2026-07-01 22:46:00.0;OFF;ON;100;-2,50;-3;0,50;9,90;94,90;60;3;3,50;75,30;0,20;-0,30;
2026-07-01 22:47:00.0;OFF;ON;100;-2,70;-3;0,50;9,90;94,90;60;3,20;3,50;74,60;0,30;-0,30;
2026-07-01 22:48:00.0;OFF;ON;100;-2,60;-3;0,50;9,90;95;60;3,10;3,50;75,70;0,20;-0,30;
2026-07-01 22:49:00.0;OFF;ON;100;-2,30;-3;0,50;9,80;94,90;60;2,70;3,50;79,30;0,20;-0,30;
2026-07-01 22:50:00.0;OFF;ON;100;-3,50;-3;0,50;9,80;95,30;59,90;4;3,50;70,90;0,30;-0,20;
2026-07-01 22:51:00.0;OFF;ON;100;-3,50;-3;0,50;9,80;95,30;59,90;4;3,50;70,40;0,30;-0,30;
2026-07-01 22:52:00.0;OFF;ON;100;-3,80;-3;0,50;9,80;95,10;59,90;4,30;3,50;66,90;0,20;-0,30;
2026-07-01 22:53:00.0;OFF;ON;100;-4;-3;0,50;9,80;95;59,90;4,50;3,50;65;0,20;-0,30;
2026-07-01 22:54:00.0;OFF;ON;100;-2,50;-3,10;0,40;9,70;95,10;59,90;2,90;3,50;75,20;0,10;-0,40;
2026-07-01 22:55:00.0;OFF;ON;100;-2,90;-3,10;0,40;9,70;94,90;59,90;3,20;3,50;73,70;0,10;-0,40;
2026-07-01 22:56:00.0;OFF;ON;100;-2,70;-3,10;0,40;9,70;94,90;59,90;3,10;3,50;75,20;0,20;-0,30;
2026-07-01 22:57:00.0;OFF;ON;100;-2,20;-3,10;0,40;9,70;94,90;59,90;2,60;3,50;79,60;0,10;-0,40;
2026-07-01 22:58:00.0;OFF;ON;100;-3,40;-3,10;0,40;9,60;95,10;59,90;3,80;3,50;72,20;0,20;-0,20;
2026-07-01 22:59:00.0;OFF;ON;100;-3,50;-3;0,50;9,60;95,30;59,90;3,90;3,50;70,60;0,20;-0,30;
2026-07-01 23:00:00.0;OFF;ON;100;-3,60;-3,10;0,40;9,60;95,10;59,90;4;3,50;69,10;0,10;-0,40;
2026-07-01 23:01:00.0;OFF;ON;100;-4,10;-3,10;0,40;9,60;95,10;59,90;4,40;3,50;65,20;0,10;-0,40;
2026-07-01 23:02:00.0;OFF;ON;100;-2,60;-3,20;0,30;9,60;95;59,90;2,90;3,50;74,60;0,10;-0,50;
2026-07-01 23:03:00.0;OFF;ON;100;-2,70;-3,20;0,30;9,50;94,90;59,90;3;3,50;75;0;-0,50;
2026-07-01 23:04:00.0;OFF;ON;100;-2,10;-3,20;0,30;9,50;94,90;59,90;2,40;3,50;80,40;0,10;-0,40;
2026-07-01 23:05:00.0;OFF;ON;100;-2,40;-3,20;0,30;9,50;94,90;59,90;2,70;3,50;79,60;0,10;-0,40;
2026-07-01 23:06:00.0;OFF;ON;100;-2,80;-3,10;0,40;9,50;95,10;59,90;3,20;3,50;77,40;0,20;-0,20;
2026-07-01 23:07:00.0;OFF;ON;100;-3,40;-3,10;0,40;9,50;95,40;59,90;3,80;3,50;73,20;0,10;-0,30;
2026-07-01 23:08:00.0;OFF;ON;100;-3,60;-3,20;0,30;9,40;95,20;59,90;3,90;3,50;71,80;0,10;-0,50;
2026-07-01 23:09:00.0;OFF;ON;100;-3,70;-3,20;0,30;9,40;95;59,90;4;3,50;70,60;0;-0,50;
2026-07-01 23:10:00.0;OFF;ON;100;-3,90;-3,30;0,20;9,40;94,90;59,90;4,20;3,50;68,10;0;-0,50;
2026-07-01 23:11:00.0;OFF;ON;100;-3,40;-3,30;0,20;9,40;94,90;59,90;3,60;3,50;70,80;0;-0,50;
2026-07-01 23:12:00.0;OFF;ON;100;-3,90;-3,30;0,20;9,40;94,90;59,90;4,10;3,50;66,70;0;-0,50;
2026-07-01 23:13:00.0;OFF;ON;100;-2;-3,30;0,20;9,30;95;59,90;2,20;3,50;78,90;0;-0,60;
2026-07-01 23:14:00.0;OFF;ON;100;-2,40;-3,30;0,20;9,30;94,90;59,90;2,60;3,50;78,20;-0,10;-0,50;
2026-07-01 23:15:00.0;OFF;ON;100;-3,60;-3,30;0,20;9,30;94,90;59,90;3,90;3,50;70,50;0;-0,40;
2026-07-01 23:16:00.0;OFF;ON;100;-3,70;-3,20;0,30;9,30;95,40;59,90;4;3,50;68,10;0,10;-0,30;
2026-07-01 23:17:00.0;OFF;ON;100;-3,90;-3,20;0,30;9,20;95,30;59,90;4,20;3,50;65,90;0;-0,40;
2026-07-01 23:18:00.0;OFF;ON;100;-3,40;-3,20;0,30;9,20;95,20;59,90;3,70;3,50;68;0;-0,50;
2026-07-01 23:19:00.0;OFF;ON;100;-2,40;-3,30;0,20;9,20;95,10;59,90;2,60;3,50;75,70;0;-0,60;
2026-07-01 23:20:00.0;OFF;ON;100;-2,80;-3,30;0,20;9,20;94,90;59,90;2,90;3,50;75,30;0;-0,50;
2026-07-01 23:21:00.0;OFF;ON;100;-2,30;-3,30;0,20;9,20;95;59,90;2,50;3,50;80,10;0;-0,50;
2026-07-01 23:22:00.0;OFF;ON;100;-2,90;-3,30;0,20;9,10;95,20;59,90;3,10;3,50;76,50;0;-0,30;
2026-07-01 23:23:00.0;OFF;ON;100;-2,30;-3,20;0,30;9,10;95,50;59,90;2,50;3,50;81,40;0;-0,40;
2026-07-01 23:24:00.0;OFF;ON;100;-2,20;-3,30;0,20;9,10;95,30;59,90;2,50;3,50;83,70;0;-0,40;
2026-07-01 23:25:00.0;OFF;ON;100;-2,80;-3,20;0,30;9,10;95,30;59,90;3;3,50;80,70;0,10;-0,30;
2026-07-01 23:26:00.0;OFF;ON;100;-3,20;-3,20;0,30;9;95,40;59,90;3,50;3,50;78,50;0;-0,40;
2026-07-01 23:27:00.0;OFF;ON;100;-3,30;-3,30;0,20;9;95,20;59,90;3,50;3,50;77,80;0;-0,50;
2026-07-01 23:28:00.0;OFF;ON;100;-3,50;-3,40;0,10;9;95;59,90;3,60;3,50;77,10;-0,10;-0,60;
2026-07-01 23:29:00.0;OFF;ON;100;-3,60;-3,40;0,10;9;94,90;59,90;3,70;3,50;76,60;-0,10;-0,70;
2026-07-01 23:30:00.0;OFF;ON;100;-3,60;-3,50;0;8,90;94,70;59,90;3,60;3,50;76,70;-0,20;-0,80;
2026-07-01 23:31:00.0;OFF;ON;100;-3,70;-3,50;0;8,90;94,60;59,90;3,70;3,50;76,40;-0,20;-0,80;
2026-07-01 23:32:00.0;OFF;ON;100;-3;-3,50;0;8,90;94,60;59,90;3;3,50;81,10;-0,20;-0,80;
2026-07-01 23:33:00.0;OFF;ON;100;-3,70;-3,50;0;8,90;94,70;59,90;3,70;3,50;76,60;-0,20;-0,80;
2026-07-01 23:34:00.0;OFF;ON;100;-3,70;-3,60;-0,10;8,90;94,70;59,90;3,70;3,50;76,60;-0,20;-0,80;
2026-07-01 23:35:00.0;OFF;ON;100;-2,90;-3,60;-0,10;8,80;94,70;59,90;2,90;3,50;81,60;-0,30;-0,80;
2026-07-01 23:36:00.0;OFF;ON;100;-2,90;-3,60;-0,10;8,80;94,60;59,90;2,80;3,50;82,50;-0,30;-0,80;
2026-07-01 23:37:00.0;OFF;ON;100;-3,60;-3,60;-0,10;8,80;94,80;59,90;3,50;3,50;78;-0,30;-0,80;
2026-07-01 23:38:00.0;OFF;ON;100;-3,60;-3,60;-0,10;8,80;94,80;59,90;3,50;3,50;78,70;-0,30;-0,80;
2026-07-01 23:39:00.0;OFF;ON;100;-2,80;-3,60;-0,10;8,80;94,60;59,90;2,70;3,50;83,80;-0,30;-0,90;
2026-07-01 23:40:00.0;OFF;ON;100;-3,50;-3,60;-0,10;8,70;94,70;59,90;3,40;3,50;79,70;-0,30;-0,80;
2026-07-01 23:41:00.0;OFF;ON;100;-3,70;-3,60;-0,10;8,70;94,70;59,90;3,60;3,50;78,50;-0,30;-0,90;
2026-07-01 23:42:00.0;OFF;ON;100;-3,60;-3,70;-0,20;8,70;94,60;59,90;3,50;3,50;79,30;-0,30;-0,90;
2026-07-01 23:43:00.0;OFF;ON;100;-2,90;-3,70;-0,20;8,70;94,60;59,90;2,80;3,50;84,10;-0,40;-0,90;
2026-07-01 23:44:00.0;OFF;ON;100;-3,60;-3,70;-0,20;8,60;94,60;59,90;3,50;3,50;79,50;-0,40;-0,90;
2026-07-01 23:45:00.0;OFF;ON;100;-3,60;-3,70;-0,20;8,60;94,70;59,90;3,40;3,50;80,50;-0,40;-0,90;
2026-07-01 23:46:00.0;OFF;ON;100;-3,60;-3,70;-0,20;8,60;94,60;59,90;3,40;3,50;80,50;-0,40;-0,90;
2026-07-01 23:47:00.0;OFF;ON;100;-2,80;-3,70;-0,20;8,60;94,60;59,90;2,60;3,50;86,20;-0,40;-1;
2026-07-01 23:48:00.0;OFF;ON;100;-3,70;-3,70;-0,20;8,60;94,70;59,90;3,50;3,50;80,50;-0,40;-0,90;
2026-07-01 23:49:00.0;OFF;ON;100;-3,70;-3,70;-0,20;8,50;94,70;59,90;3,50;3,50;81,40;-0,40;-0,90;
2026-07-01 23:50:00.0;OFF;ON;100;-3,20;-3,80;-0,30;8,50;94,60;59,90;2,90;3,50;85;-0,40;-1;
2026-07-01 23:51:00.0;OFF;ON;100;-3,60;-3,80;-0,30;8,50;94,60;59,90;3,30;3,50;83,40;-0,50;-1;
2026-07-01 23:52:00.0;OFF;ON;100;-3,70;-3,80;-0,30;8,50;94,60;59,90;3,50;3,50;82,70;-0,40;-0,90;
2026-07-01 23:53:00.0;OFF;ON;100;-3,60;-3,80;-0,30;8,50;94,70;59,90;3,30;3,50;83,70;-0,50;-1;
2026-07-01 23:54:00.0;OFF;ON;100;-3,70;-3,80;-0,30;8,40;94,60;59,90;3,40;3,50;83,70;-0,50;-1;
2026-07-01 23:55:00.0;OFF;ON;100;-3,70;-3,80;-0,30;8,40;94,60;59,90;3,40;3,50;83,60;-0,50;-1;
2026-07-01 23:56:00.0;OFF;ON;100;-3,40;-3,80;-0,30;8,40;94,60;59,90;3,10;3,50;86,40;-0,50;-1;
2026-07-01 23:57:00.0;OFF;ON;100;-3,60;-3,80;-0,30;8,40;94,60;59,90;3,30;3,50;85,60;-0,50;-1;
2026-07-01 23:58:00.0;OFF;ON;100;-3,50;-3,80;-0,30;8,30;94,50;59,90;3,20;3,50;86,80;-0,50;-1;
2026-07-01 23:59:00.0;OFF;ON;100;-3,50;-3,90;-0,40;8,30;94,50;59,90;3,20;3,50;87,30;-0,50;-1,10;
