CamCarcacas2;
2026-07-02 00:00;2026-07-03 00:00;
12144 Frigorífico Thoms;
ayron.costa;
" ";CPCO 51 - Câmara de carcaças - Controle de temperatura 1;CPCO 51 - Câmara de carcaças - Controle de temperatura 1;CPCO 51 - Câmara de carcaças - Controle de temperatura 1;CPCO 51 - Câmara de carcaças - Controle de temperatura 1;CPCO 51 - Câmara de carcaças - Controle de temperatura 1;CPCO 51 - Câmara de carcaças - Controle de temperatura 1;CPCO 52 - Câmara de carcaças - Controle de temperatura 2;CPCO 52 - Câmara de carcaças - Controle de temperatura 2;CPCO 53 - Balança;CPCO 51 - Câmara de carcaças - Controle de temperatura 1;CPCO 51 - Câmara de carcaças - Controle de temperatura 1;CPCO 51 - Câmara de carcaças - Controle de temperatura 1;CPCO 51 - Câmara de carcaças - Controle de temperatura 1;CPCO 54 - Câmara de carcaças - Controle de temperatura 3;
" ";Carregamento;Resfriamento;Saida Y1 - Ventiladores EC;Temp entrada glicol;Temp ref;Temp retorno ar;Temperatuda espeto;Umidade relativa da camara;Peso atual;DT Atual;DT ref;Cap Atual Valvula;Temp retorno ar M1A08;Temp Insuf de ar M1A08;" ";
2026-07-02 00:00:00.0;OFF;ON;100;-3,30;-3,90;-0,40;8,30;94,50;59,90;3;3,50;89,80;-0,60;-1,10;
2026-07-02 00:01:00.0;OFF;ON;100;-3,40;-3,90;-0,40;8,30;94,50;59,90;3;3,50;90,60;-0,60;-1,10;
2026-07-02 00:02:00.0;OFF;ON;100;-3,60;-3,90;-0,40;8,30;94,50;59,90;3,20;3,50;90,60;-0,60;-1,10;
2026-07-02 00:03:00.0;OFF;ON;100;-3,60;-3,90;-0,40;8,20;94,40;59,90;3,20;3,50;91;-0,60;-1,10;
2026-07-02 00:04:00.0;OFF;ON;100;-3,50;-3,90;-0,40;8,20;94,40;59,90;3,10;3,50;91,90;-0,60;-1,20;
2026-07-02 00:05:00.0;OFF;ON;100;-3,70;-4;-0,50;8,20;94,30;59,90;3,30;3,50;91,50;-0,60;-1,20;
2026-07-02 00:06:00.0;OFF;ON;100;-3,50;-4;-0,50;8,20;94,30;59,90;3,10;3,50;94,40;-0,70;-1,20;
2026-07-02 00:07:00.0;OFF;ON;100;-3,60;-4;-0,50;8,10;94,30;59,90;3,10;3,50;94,40;-0,70;-1,20;
2026-07-02 00:08:00.0;OFF;ON;100;-3,50;-4;-0,50;8,10;94,40;59,90;3;3,50;96,50;-0,70;-1,20;
2026-07-02 00:09:00.0;OFF;ON;100;-3,70;-4;-0,50;8,10;94,30;59,90;3,20;3,50;95,80;-0,70;-1,20;
2026-07-02 00:10:00.0;OFF;ON;100;-3,70;-4;-0,50;8,10;94,30;59,90;3,10;3,50;96,50;-0,70;-1,20;
2026-07-02 00:11:00.0;OFF;ON;100;-3,60;-4;-0,50;8,10;94,30;59,90;3,10;3,50;97,40;-0,70;-1,30;
2026-07-02 00:12:00.0;OFF;ON;100;-3,60;-4;-0,60;8;94,20;59,90;3;3,50;96,80;-0,70;-1,20;
2026-07-02 00:13:00.0;OFF;ON;100;-3,50;-4;-0,60;8;94,40;59,90;3;3,50;97,70;-0,70;-1,20;
2026-07-02 00:14:00.0;OFF;ON;100;-3,60;-4;-0,60;8;94,40;59,90;3,10;3,50;98;-0,70;-1,30;
2026-07-02 00:15:00.0;OFF;ON;100;-3,50;-4;-0,60;8;94,30;59,90;2,90;3,50;99,30;-0,80;-1,30;
2026-07-02 00:16:00.0;OFF;ON;100;-3,60;-4;-0,60;7,90;94,30;59,90;3;3,50;99,40;-0,80;-1,30;
2026-07-02 00:17:00.0;OFF;ON;100;-3,60;-4;-0,60;7,90;94,30;59,90;3;3,50;99,50;-0,80;-1,30;
2026-07-02 00:18:00.0;OFF;ON;100;-3,50;-4;-0,60;7,90;94,20;59,90;2,80;3,50;98;-0,80;-1,40;
2026-07-02 00:19:00.0;OFF;ON;100;-3,50;-4;-0,60;7,90;94,30;59,80;2,80;3,50;97,80;-0,80;-1,30;
2026-07-02 00:20:00.0;OFF;ON;100;-3,60;-4;-0,60;7,80;94,30;59,90;2,90;3,50;97,90;-0,80;-1,30;
2026-07-02 00:21:00.0;OFF;ON;100;-3,60;-4;-0,60;7,80;94,30;59,90;3;3,50;98,30;-0,80;-1,30;
2026-07-02 00:22:00.0;OFF;ON;100;-3,70;-4;-0,70;7,80;94,30;59,90;3,10;3,50;98,20;-0,80;-1,30;
2026-07-02 00:23:00.0;OFF;ON;100;-3,70;-4;-0,70;7,80;94,30;59,90;3;3,50;98,90;-0,80;-1,40;
2026-07-02 00:24:00.0;OFF;ON;100;-3;-4;-0,70;7,70;94,20;59,80;2,30;3,50;99,80;-0,90;-1,40;
2026-07-02 00:25:00.0;OFF;ON;100;-3,60;-4;-0,70;7,70;94,30;59,80;2,90;3,50;97;-0,80;-1,30;
2026-07-02 00:26:00.0;OFF;ON;100;-3,60;-4;-0,70;7,70;94,30;59,80;2,90;3,50;97,90;-0,90;-1,30;
2026-07-02 00:27:00.0;OFF;ON;100;-3,50;-4;-0,70;7,70;94,40;59,90;2,90;3,50;98,90;-0,90;-1,30;
2026-07-02 00:28:00.0;OFF;ON;100;-3,60;-4;-0,70;7,60;94,30;59,80;2,90;3,50;99,10;-0,90;-1,40;
2026-07-02 00:29:00.0;OFF;ON;100;-3,60;-4;-0,70;7,60;94,30;59,80;2,90;3,50;100;-0,90;-1,40;
2026-07-02 00:30:00.0;OFF;ON;100;-3,60;-4;-0,70;7,60;94,30;59,80;2,90;3,50;100;-0,90;-1,40;
2026-07-02 00:31:00.0;OFF;ON;100;-3,70;-4;-0,70;7,60;94,20;59,80;3;3,50;99;-0,90;-1,40;
2026-07-02 00:32:00.0;OFF;ON;100;-3,70;-4;-0,80;7,50;94,20;59,90;2,90;3,50;99,50;-0,90;-1,40;
2026-07-02 00:33:00.0;OFF;ON;100;-3,70;-4;-0,80;7,50;94,30;59,80;2,90;3,50;99,60;-0,90;-1,40;
2026-07-02 00:34:00.0;OFF;ON;100;-3,60;-4;-0,80;7,50;94,10;59,90;2,80;3,50;96,60;-0,90;-1,40;
2026-07-02 00:35:00.0;OFF;ON;100;-3,60;-4;-0,70;7,50;94,30;59,80;2,80;3,50;97,60;-0,90;-1,40;
2026-07-02 00:36:00.0;OFF;ON;100;-3,60;-4;-0,70;7,50;94,30;59,90;2,90;3,50;98,30;-0,90;-1,40;
2026-07-02 00:37:00.0;OFF;ON;100;-3,60;-4;-0,80;7,40;94,30;59,80;2,80;3,50;99,30;-0,90;-1,40;
2026-07-02 00:38:00.0;OFF;ON;100;-3,70;-4;-0,80;7,40;94,30;59,80;2,90;3,50;99;-0,90;-1,40;
2026-07-02 00:39:00.0;OFF;ON;100;-3,60;-4;-0,80;7,40;94,30;59,80;2,80;3,50;99,80;-1;-1,40;
2026-07-02 00:40:00.0;OFF;ON;100;-3,60;-4;-0,80;7,40;94,40;59,90;2,80;3,50;99,80;-1;-1,40;
2026-07-02 00:41:00.0;OFF;ON;100;-2,90;-4;-0,80;7,30;94,30;59,90;2,10;3,50;100;-1;-1,40;
2026-07-02 00:42:00.0;OFF;ON;100;-3,60;-4;-0,80;7,30;94,40;59,80;2,80;3,50;96,70;-0,90;-1,40;
2026-07-02 00:43:00.0;OFF;ON;100;-3,50;-4;-0,80;7,30;94,50;59,80;2,80;3,50;98,20;-0,90;-1,40;
2026-07-02 00:44:00.0;OFF;ON;100;-3,50;-4;-0,80;7,30;94,50;59,80;2,70;3,50;99,20;-0,90;-1,40;
2026-07-02 00:45:00.0;OFF;ON;100;-3,50;-4;-0,80;7,20;94,40;59,90;2,70;3,50;99,60;-1;-1,40;
2026-07-02 00:46:00.0;OFF;ON;100;-3,50;-4;-0,80;7,20;94,40;59,90;2,70;3,50;100;-1;-1,40;
2026-07-02 00:47:00.0;OFF;ON;100;-3,50;-4;-0,80;7,20;94,40;59,90;2,70;3,50;100;-1;-1,40;
2026-07-02 00:48:00.0;OFF;ON;100;-3,50;-4;-0,80;7,20;94,40;59,90;2,70;3,50;99,60;-1;-1,40;
2026-07-02 00:49:00.0;OFF;ON;100;-3,50;-4;-0,80;7,20;94,40;59,80;2,70;3,50;100;-1;-1,40;
2026-07-02 00:50:00.0;OFF;ON;100;-3,60;-4;-0,80;7,10;94,30;59,90;2,80;3,50;99,20;-1;-1,40;
2026-07-02 00:51:00.0;OFF;ON;100;-3,60;-4;-0,90;7,10;94,30;59,90;2,80;3,50;99;-1;-1,40;
2026-07-02 00:52:00.0;OFF;ON;100;-3,60;-4;-0,90;7,10;94,30;59,90;2,70;3,50;99,40;-1;-1,40;
2026-07-02 00:53:00.0;OFF;ON;100;-3,50;-4;-0,90;7,10;94,30;59,80;2,70;3,50;100;-1;-1,40;
2026-07-02 00:54:00.0;OFF;ON;100;-3,60;-4;-0,90;7;94,40;59,80;2,70;3,50;99,30;-1;-1,40;
2026-07-02 00:55:00.0;OFF;ON;100;-3,60;-4;-0,90;7;94,30;59,90;2,70;3,50;99,40;-1;-1,40;
2026-07-02 00:56:00.0;OFF;ON;100;-3,60;-4;-0,90;7;94,20;59,80;2,70;3,50;99,10;-1;-1,40;
2026-07-02 00:57:00.0;OFF;ON;100;-3,50;-4;-0,90;7;94,30;59,90;2,60;3,50;100;-1;-1,40;
2026-07-02 00:58:00.0;OFF;ON;100;-3,60;-4;-0,90;6,90;94,30;59,80;2,70;3,50;99,10;-1;-1,40;
2026-07-02 00:59:00.0;OFF;ON;100;-3,50;-4;-0,90;6,90;94,30;59,90;2,60;3,50;99,50;-1;-1,40;
2026-07-02 01:00:00.0;OFF;ON;100;-3,50;-4;-0,90;6,90;94,40;59,80;2,60;3,50;99,60;-1;-1,40;
2026-07-02 01:01:00.0;OFF;ON;100;-3,60;-4;-0,90;6,90;94,30;59,80;2,70;3,50;99,10;-1,10;-1,40;
2026-07-02 01:02:00.0;OFF;ON;100;-3,50;-4;-0,90;6,80;94,30;59,80;2,60;3,50;100;-1,10;-1,40;
2026-07-02 01:03:00.0;OFF;ON;100;-3,50;-4;-0,90;6,80;94,30;59,80;2,60;3,50;100;-1,10;-1,50;
2026-07-02 01:04:00.0;OFF;ON;100;-3,50;-4;-0,90;6,80;94,30;59,80;2,60;3,50;100;-1,10;-1,50;
2026-07-02 01:05:00.0;OFF;ON;100;-3,50;-4;-0,90;6,80;94,30;59,80;2,60;3,50;99,40;-1,10;-1,50;
2026-07-02 01:06:00.0;OFF;ON;100;-3,50;-4;-0,90;6,70;94,30;59,80;2,60;3,50;99,70;-1,10;-1,50;
2026-07-02 01:07:00.0;OFF;ON;100;-3,40;-4;-0,90;6,70;94,30;59,80;2,50;3,50;100;-1,10;-1,50;
2026-07-02 01:08:00.0;OFF;ON;100;-3,50;-4;-0,90;6,70;94,30;59,80;2,60;3,50;100;-1,10;-1,50;
2026-07-02 01:09:00.0;OFF;ON;100;-3,60;-4;-0,90;6,70;94,30;59,80;2,70;3,50;99,20;-1,10;-1,50;
2026-07-02 01:10:00.0;OFF;ON;100;-3,50;-4;-0,90;6,70;94,30;59,80;2,60;3,50;99,30;-1,10;-1,50;
2026-07-02 01:11:00.0;OFF;ON;100;-3,50;-4;-0,90;6,60;94,30;59,80;2,60;3,50;99,30;-1,10;-1,50;
2026-07-02 01:12:00.0;OFF;ON;100;-3,50;-4;-0,90;6,60;94,30;59,80;2,50;3,50;100;-1,10;-1,50;
2026-07-02 01:13:00.0;OFF;ON;100;-3,50;-4;-0,90;6,60;94,40;59,80;2,50;3,50;100;-1,10;-1,50;
2026-07-02 01:14:00.0;OFF;ON;100;-3,60;-4;-1;6,50;94,30;59,80;2,60;3,50;99,30;-1,10;-1,50;
2026-07-02 01:15:00.0;OFF;ON;100;-3,50;-4;-1;6,50;94,30;59,80;2,50;3,50;99,70;-1,10;-1,50;
2026-07-02 01:16:00.0;OFF;ON;100;-3,60;-4;-1;6,50;94,30;59,80;2,60;3,50;99,60;-1,10;-1,50;
2026-07-02 01:17:00.0;OFF;ON;100;-3,50;-4;-1;6,50;94,30;59,80;2,50;3,50;100;-1,10;-1,50;
2026-07-02 01:18:00.0;OFF;ON;100;-3,70;-4;-1;6,50;94,30;59,80;2,70;3,50;99,20;-1,10;-1,50;
2026-07-02 01:19:00.0;OFF;ON;100;-3,70;-4;-1;6,40;94,30;59,80;2,70;3,50;98,90;-1,10;-1,50;
2026-07-02 01:20:00.0;OFF;ON;100;-3,60;-4;-1;6,40;94,20;59,80;2,60;3,50;99,40;-1,20;-1,50;
2026-07-02 01:21:00.0;OFF;ON;100;-2,80;-4;-1;6,40;94,20;59,80;1,80;3,50;100;-1,20;-1,50;
2026-07-02 01:22:00.0;OFF;ON;100;-3,40;-4;-1;6,40;94,20;59,80;2,30;3,50;96,60;-1,20;-1,50;
2026-07-02 01:23:00.0;OFF;ON;100;-3,40;-4;-1;6,30;94,40;59,80;2,50;3,50;97,30;-1,10;-1,40;
2026-07-02 01:24:00.0;OFF;ON;100;-3,50;-4;-1;6,30;94,40;59,80;2,50;3,50;97,40;-1,10;-1,50;
2026-07-02 01:25:00.0;OFF;ON;100;-3,60;-4;-1;6,30;94,50;59,80;2,60;3,50;97,80;-1,10;-1,50;
2026-07-02 01:26:00.0;OFF;ON;100;-3,50;-4;-1;6,30;94,40;59,80;2,50;3,50;99,20;-1,20;-1,50;
2026-07-02 01:27:00.0;OFF;ON;100;-3,50;-4;-1;6,20;94,30;59,80;2,50;3,50;100;-1,20;-1,50;
2026-07-02 01:28:00.0;OFF;ON;100;-3,60;-4;-1;6,20;94,30;59,80;2,60;3,50;99,40;-1,20;-1,50;
2026-07-02 01:29:00.0;OFF;ON;100;-3,60;-4;-1;6,20;94,30;59,80;2,50;3,50;99,50;-1,20;-1,50;
2026-07-02 01:30:00.0;OFF;ON;100;-3,50;-4;-1;6,20;94,30;59,80;2,50;3,50;100;-1,20;-1,50;
2026-07-02 01:31:00.0;OFF;ON;100;-3,50;-4;-1,10;6,20;94,30;59,80;2,50;3,50;100;-1,20;-1,50;
2026-07-02 01:32:00.0;OFF;ON;100;-3,60;-4;-1,10;6,10;94,30;59,80;2,50;3,50;99,60;-1,20;-1,60;
2026-07-02 01:33:00.0;OFF;ON;100;-3,60;-4;-1,10;6,10;94,30;59,80;2,50;3,50;99,50;-1,20;-1,60;
2026-07-02 01:34:00.0;OFF;ON;100;-3,60;-4;-1,10;6,10;94,30;59,80;2,50;3,50;99,60;-1,20;-1,60;
2026-07-02 01:35:00.0;OFF;ON;100;-3,60;-4;-1,10;6,10;94,30;59,80;2,50;3,50;99,30;-1,20;-1,60;
2026-07-02 01:36:00.0;OFF;ON;100;-3,50;-4;-1,10;6;94,30;59,80;2,50;3,50;100;-1,20;-1,60;
2026-07-02 01:37:00.0;OFF;ON;100;-3,50;-4;-1,10;6;94,30;59,80;2,40;3,50;100;-1,20;-1,60;
2026-07-02 01:38:00.0;OFF;ON;100;-3,60;-4;-1,10;6;94,30;59,80;2,50;3,50;99,40;-1,20;-1,60;
2026-07-02 01:39:00.0;OFF;ON;100;-3,50;-4;-1,10;5,90;94,40;59,80;2,40;3,50;100;-1,20;-1,60;
2026-07-02 01:40:00.0;OFF;ON;100;-3,50;-4;-1,10;5,90;94,40;59,80;2,50;3,50;99,50;-1,20;-1,60;
2026-07-02 01:41:00.0;OFF;ON;100;-3,50;-4;-1,10;5,90;94,40;59,80;2,40;3,50;100;-1,20;-1,60;
2026-07-02 01:42:00.0;OFF;ON;100;-3,60;-4;-1,10;5,90;94,40;59,80;2,50;3,50;99,30;-1,20;-1,60;
2026-07-02 01:43:00.0;OFF;ON;100;-3,50;-4;-1,10;5,90;94,40;59,80;2,40;3,50;100;-1,20;-1,60;
2026-07-02 01:44:00.0;OFF;ON;100;-3,70;-4;-1,10;5,80;94,40;59,80;2,60;3,50;98,50;-1,30;-1,60;
2026-07-02 01:45:00.0;OFF;ON;100;-3,50;-4;-1,10;5,80;94,40;59,80;2,40;3,50;99,50;-1,30;-1,60;
2026-07-02 01:46:00.0;OFF;ON;100;-3,70;-4;-1,10;5,80;94,40;59,80;2,50;3,50;99,10;-1,30;-1,60;
2026-07-02 01:47:00.0;OFF;ON;100;-4,10;-4;-1,10;5,80;94,40;59,80;3,10;3,50;96,20;-1,30;-1,60;
2026-07-02 01:48:00.0;OFF;ON;100;-4,20;-4;-1;5,70;94,30;59,80;3,10;3,50;95,70;-1,30;-1,70;
2026-07-02 01:49:00.0;OFF;ON;100;-3,40;-4;-1,10;5,70;93,90;59,80;2,30;3,50;99,20;-1,40;-1,80;
2026-07-02 01:50:00.0;OFF;ON;100;-3,60;-4;-1;5,70;93,90;59,80;2,60;3,50;98,70;-1,30;-1,60;
2026-07-02 01:51:00.0;OFF;ON;100;-3,50;-4;-1;5,70;94,30;59,80;2,50;3,50;99;-1,30;-1,60;
2026-07-02 01:52:00.0;OFF;ON;100;-3,40;-4;-1;5,60;94,40;59,80;2,40;3,50;99,40;-1,30;-1,50;
2026-07-02 01:53:00.0;OFF;ON;100;-3,20;-4;-1;5,60;94,60;59,80;2,30;3,50;100;-1,20;-1,50;
2026-07-02 01:54:00.0;OFF;ON;100;-3,30;-4;-1;5,60;94,70;59,80;2,30;3,50;100;-1,20;-1,50;
2026-07-02 01:55:00.0;OFF;ON;100;-3,30;-4;-0,90;5,60;94,70;59,80;2,40;3,50;99,50;-1,20;-1,40;
2026-07-02 01:56:00.0;OFF;ON;100;-3,20;-4;-0,90;5,50;94,70;59,80;2,30;3,50;99,60;-1,20;-1,40;
2026-07-02 01:57:00.0;OFF;ON;100;-3,20;-4;-0,90;5,50;94,80;59,80;2,20;3,50;100;-1,20;-1,40;
2026-07-02 01:58:00.0;OFF;ON;100;-3,10;-4;-0,90;5,50;94,80;59,80;2,20;3,50;100;-1,20;-1,50;
2026-07-02 01:59:00.0;OFF;ON;50;-3,30;-4;-1;5,50;94,80;59,80;2,30;3,50;99;-1,20;-1,80;
2026-07-02 02:00:00.0;OFF;ON;50;-3,40;-4;-1,10;5,40;94,40;59,80;2,30;3,50;100;-1,40;-2,10;
2026-07-02 02:01:00.0;OFF;ON;50;-3,50;-4;-1,20;5,40;94;59,80;2,30;3,50;99,70;-1,50;-2,20;
2026-07-02 02:02:00.0;OFF;ON;50;-3,60;-4;-1,20;5,40;93,80;59,80;2,40;3,50;99,40;-1,50;-2,30;
2026-07-02 02:03:00.0;OFF;ON;50;-3,60;-4;-1,20;5,40;93,60;59,80;2,40;3,50;99,60;-1,60;-2,40;
2026-07-02 02:04:00.0;OFF;ON;50;-3,60;-4;-1,30;5,30;93,40;59,80;2,30;3,50;100;-1,60;-2,50;
2026-07-02 02:05:00.0;OFF;ON;50;-3,60;-4;-1,30;5,30;93,10;59,80;2,30;3,50;100;-1,70;-2,50;
2026-07-02 02:06:00.0;OFF;ON;50;-3,70;-4;-1,30;5,30;93,10;59,90;2,40;3,50;99,50;-1,70;-2,60;
2026-07-02 02:07:00.0;OFF;ON;50;-3,80;-4;-1,40;5,30;93;59,90;2,40;3,50;99,20;-1,70;-2,60;
2026-07-02 02:08:00.0;OFF;ON;50;-3,80;-4;-1,40;5,20;93;59,80;2,40;3,50;99,30;-1,70;-2,60;
2026-07-02 02:09:00.0;OFF;ON;50;-3,90;-4;-1,40;5,20;93;59,90;2,50;3,50;99;-1,80;-2,60;
2026-07-02 02:10:00.0;OFF;ON;50;-3,80;-4;-1,40;5,20;93;59,90;2,40;3,50;99,50;-1,80;-2,60;
2026-07-02 02:11:00.0;OFF;ON;50;-3,80;-4;-1,40;5,20;93;59,90;2,30;3,50;99,50;-1,80;-2,60;
2026-07-02 02:12:00.0;OFF;ON;50;-3,80;-4;-1,40;5,10;93;59,90;2,30;3,50;99,20;-1,80;-2,70;
2026-07-02 02:13:00.0;OFF;ON;50;-3,80;-4;-1,50;5,10;93;59,90;2,40;3,50;99,30;-1,80;-2,70;
2026-07-02 02:14:00.0;OFF;ON;50;-3,80;-4;-1,50;5,10;93;59,80;2,30;3,50;99,30;-1,80;-2,70;
2026-07-02 02:15:00.0;OFF;ON;50;-3,80;-4;-1,50;5,10;93,10;59,90;2,30;3,50;99,40;-1,80;-2,70;
2026-07-02 02:16:00.0;OFF;ON;50;-3,80;-4;-1,40;5;93,10;59,80;2,30;3,50;99,60;-1,80;-2,70;
2026-07-02 02:17:00.0;OFF;ON;50;-3,80;-4;-1,50;5;93,20;59,80;2,30;3,50;99,30;-1,80;-2,70;
2026-07-02 02:18:00.0;OFF;ON;50;-3,80;-4;-1,50;5;93,20;59,90;2,30;3,50;99,20;-1,80;-2,70;
2026-07-02 02:19:00.0;OFF;ON;50;-3,70;-3,90;-1,50;5;93,10;59,90;2,20;3,50;99,50;-1,80;-2,70;
2026-07-02 02:20:00.0;OFF;ON;50;-3,80;-3,80;-1,50;5;93,20;59,90;2,30;3,50;99,10;-1,80;-2,60;
2026-07-02 02:21:00.0;OFF;ON;50;-3,70;-3,70;-1,50;4,90;93,30;59,80;2,30;3,50;99,10;-1,80;-2,60;
2026-07-02 02:22:00.0;OFF;ON;50;-3,70;-3,70;-1,50;4,90;93,30;59,90;2,20;3,50;98,20;-1,80;-2,60;
2026-07-02 02:23:00.0;OFF;ON;50;-3,60;-3,60;-1,50;4,90;93,30;59,90;2,10;3,50;98,20;-1,80;-2,60;
2026-07-02 02:24:00.0;OFF;ON;50;-3,50;-3,40;-1,50;4,90;93,40;59,80;2;3,50;97,60;-1,80;-2,60;
2026-07-02 02:25:00.0;OFF;ON;50;-3,80;-3,40;-1,50;4,90;93,40;59,90;2,30;3,50;95,20;-1,80;-2,60;
2026-07-02 02:26:00.0;OFF;ON;50;-3,50;-3,30;-1,50;4,80;93,50;59,90;2;3,50;95,90;-1,80;-2,60;
2026-07-02 02:27:00.0;OFF;ON;50;-3,70;-3,20;-1,50;4,80;93,50;59,90;2,10;3,50;93,30;-1,80;-2,60;
2026-07-02 02:28:00.0;OFF;ON;50;-3,70;-3,10;-1,60;4,80;93,50;59,90;2,20;3,50;92;-1,80;-2,60;
2026-07-02 02:29:00.0;OFF;ON;50;-3,60;-3;-1,60;4,80;93,50;59,90;2;3,50;90,50;-1,80;-2,60;
2026-07-02 02:30:00.0;OFF;ON;50;-3,50;-2,90;-1,60;4,80;93,50;59,90;2;3,50;89,40;-1,80;-2,60;
2026-07-02 02:31:00.0;OFF;ON;50;-3,50;-2,80;-1,60;4,70;93,50;59,90;1,90;3,50;86,70;-1,80;-2,50;
2026-07-02 02:32:00.0;OFF;ON;50;-3,60;-2,70;-1,60;4,70;93,60;59,80;2;3,50;84,50;-1,80;-2,50;
2026-07-02 02:33:00.0;OFF;ON;50;-3,50;-2,50;-1,60;4,70;93,50;59,90;1,90;3,50;82,10;-1,80;-2,50;
2026-07-02 02:34:00.0;OFF;ON;50;-3,60;-2,40;-1,60;4,70;93,60;59,90;2;3,50;79,10;-1,80;-2,50;
2026-07-02 02:35:00.0;OFF;ON;50;-3,60;-2,30;-1,50;4,70;93,60;59,90;2;3,50;75,60;-1,80;-2,50;
2026-07-02 02:36:00.0;OFF;ON;50;-3,50;-2,10;-1,50;4,70;93,60;59,90;2;3,50;72,50;-1,80;-2,50;
2026-07-02 02:37:00.0;OFF;ON;50;-3,70;-1,90;-1,50;4,60;93,90;59,90;2,20;3,50;65,90;-1,70;-2,40;
2026-07-02 02:38:00.0;OFF;ON;50;-3,30;-1,80;-1,50;4,60;93,90;59,80;1,90;3,50;65,10;-1,70;-2,40;
2026-07-02 02:39:00.0;OFF;ON;50;-3,10;-1,60;-1,50;4,60;94,10;59,80;1,60;3,50;62,70;-1,70;-2,40;
2026-07-02 02:40:00.0;OFF;ON;50;-2,80;-1,50;-1,40;4,60;94,10;59,90;1,40;3,50;61,30;-1,70;-2,20;
2026-07-02 02:41:00.0;OFF;ON;50;-2,90;-1,30;-1,40;4,60;94,20;59,90;1,50;3,50;57,50;-1,60;-2,20;
2026-07-02 02:42:00.0;OFF;ON;50;-2,50;-1,10;-1,40;4,50;94,50;59,90;1,20;3,50;54,30;-1,60;-2;
2026-07-02 02:43:00.0;OFF;ON;50;-2,20;-0,90;-1,30;4,50;94,70;59,90;0,90;3,50;51,90;-1,50;-1,90;
2026-07-02 02:44:00.0;OFF;ON;50;-2,20;-0,70;-1,30;4,50;94,80;59,90;0,90;3,50;48,80;-1,50;-1,80;
2026-07-02 02:45:00.0;OFF;ON;50;-2,10;-0,40;-1,20;4,50;94,90;59,80;0,90;3,50;44,20;-1,40;-1,70;
2026-07-02 02:46:00.0;OFF;ON;50;-1,80;-0,30;-1,10;4,50;95;59,80;0,70;3,50;43,30;-1,40;-1,60;
2026-07-02 02:47:00.0;OFF;ON;50;-1,60;-0,10;-1,10;4,50;95,30;59,80;0,60;3,50;39,20;-1,30;-1,50;
2026-07-02 02:48:00.0;OFF;ON;50;-1,40;0,20;-1;4,40;95,50;59,90;0,40;3,50;35,80;-1,20;-1,30;
2026-07-02 02:49:00.0;OFF;ON;50;-1,20;0,40;-0,90;4,40;95,70;59,90;0,20;3,50;32;-1,20;-1,20;
2026-07-02 02:50:00.0;OFF;ON;50;-1,20;0,60;-0,90;4,40;95,80;59,80;0,30;3,50;29,20;-1,10;-1,10;
2026-07-02 02:51:00.0;OFF;ON;50;-1;0,80;-0,80;4,40;96;59,90;0,20;3,50;24,90;-1;-0,90;
2026-07-02 02:52:00.0;OFF;ON;50;-0,80;1,10;-0,70;4,40;96,30;59,80;0,10;3,50;20,90;-0,90;-0,80;
2026-07-02 02:53:00.0;OFF;ON;50;-0,50;1,40;-0,60;4,40;96,50;59,80;-0,10;3,50;20;-0,80;-0,60;
2026-07-02 02:54:00.0;OFF;ON;50;-0,50;1,60;-0,60;4,30;96,70;59,90;-0,10;3,50;20;-0,80;-0,60;
2026-07-02 02:55:00.0;OFF;ON;50;-0,50;1,80;-0,50;4,30;96,80;59,90;0;3,50;20;-0,70;-0,40;
2026-07-02 02:56:00.0;OFF;ON;50;-0,30;2,10;-0,40;4,30;97;59,80;-0,10;3,50;20;-0,60;-0,30;
2026-07-02 02:57:00.0;OFF;ON;50;-0,20;2,10;-0,40;4,30;97,10;59,80;-0,20;3,50;20;-0,60;-0,30;
2026-07-02 02:58:00.0;OFF;ON;50;-0,10;2,20;-0,30;4,30;97,30;59,90;-0,30;3,50;20;-0,50;-0,20;
2026-07-02 02:59:00.0;OFF;ON;50;0,10;2,20;-0,30;4,30;97,40;59,90;-0,30;3,50;20;-0,50;-0,10;
2026-07-02 03:00:00.0;OFF;ON;50;-0,10;2,30;-0,20;4,30;97,50;59,90;-0,10;3,50;20;-0,40;0;
2026-07-02 03:01:00.0;OFF;ON;50;0,10;2,30;-0,20;4,20;97,60;59,90;-0,30;3,50;20;-0,40;0;
2026-07-02 03:02:00.0;OFF;ON;50;0,10;2,30;-0,20;4,20;97,70;59,90;-0,30;3,50;20;-0,40;0,10;
2026-07-02 03:03:00.0;OFF;ON;50;0,10;2,40;-0,10;4,20;97,80;59,90;-0,20;3,50;20;-0,30;0,10;
2026-07-02 03:04:00.0;OFF;ON;50;0,10;2,40;-0,10;4,20;97,80;59,90;-0,20;3,50;20;-0,30;0,20;
2026-07-02 03:05:00.0;OFF;ON;50;0,20;2,40;-0,10;4,20;97,80;59,80;-0,30;3,50;20;-0,30;0,20;
2026-07-02 03:06:00.0;OFF;ON;50;0,20;2,40;-0,10;4,20;97,80;59,90;-0,20;3,50;20;-0,30;0,20;
2026-07-02 03:07:00.0;OFF;ON;50;0,20;2,40;-0,10;4,10;97,80;59,90;-0,30;3,50;20;-0,20;0,20;
2026-07-02 03:08:00.0;OFF;ON;50;0,30;2,40;-0,10;4,10;97,80;59,90;-0,40;3,50;20;-0,20;0,20;
2026-07-02 03:09:00.0;OFF;ON;50;0,20;2,50;0;4,10;97,80;80,10;-0,20;3,50;20;-0,20;0,20;
2026-07-02 03:10:00.0;OFF;ON;50;0,30;2,50;0;4,10;97,70;0;-0,30;3,50;20;-0,20;0,30;
2026-07-02 03:11:00.0;OFF;ON;50;0,30;2,50;0;4,10;97,80;0;-0,30;3,50;20;-0,20;0,30;
2026-07-02 03:12:00.0;OFF;ON;50;0,30;2,50;0;4,10;97,80;0;-0,30;3,50;20;-0,20;0,30;
2026-07-02 03:13:00.0;OFF;ON;50;0,20;2,50;0;4,10;97,70;0;-0,20;3,50;20;-0,20;0,30;
2026-07-02 03:14:00.0;OFF;ON;50;0,30;2,50;0;4,10;97,70;0;-0,30;3,50;20;-0,20;0,30;
2026-07-02 03:15:00.0;OFF;ON;50;0,20;2,50;0;4,10;97,60;0;-0,20;3,50;20;-0,20;0,30;
2026-07-02 03:16:00.0;OFF;ON;50;0,20;2,50;0;4,10;97,60;0;-0,10;3,50;20;-0,20;0,30;
2026-07-02 03:17:00.0;OFF;ON;50;0,10;2,50;0;4,10;97,50;0;-0,10;3,50;20;-0,20;0,30;
2026-07-02 03:18:00.0;OFF;ON;50;0,20;2,60;0,10;4;97,50;0;-0,20;3,50;20;-0,10;0,30;
2026-07-02 03:19:00.0;OFF;ON;50;0,20;2,60;0,10;4;97,40;0;-0,10;3,50;20;-0,10;0,30;
2026-07-02 03:20:00.0;OFF;ON;50;0,20;2,60;0,10;4;97,40;0;-0,20;3,50;20;-0,10;0,30;
2026-07-02 03:21:00.0;OFF;ON;50;0,20;2,60;0,10;4;97,30;0;-0,20;3,50;20;-0,10;0,30;
2026-07-02 03:22:00.0;OFF;ON;50;0,30;2,60;0,10;4;97,30;0;-0,20;3,50;20;-0,10;0,30;
2026-07-02 03:23:00.0;OFF;ON;50;0,30;2,60;0,10;3,90;97,40;0;-0,20;3,50;20;-0,10;0,30;
2026-07-02 03:24:00.0;OFF;ON;50;0,30;2,70;0,20;3,90;97,30;0;-0,20;3,50;20;-0,10;0,30;
2026-07-02 03:25:00.0;OFF;ON;50;0,30;2,60;0,10;3,90;97,30;0;-0,20;3,50;20;-0,10;0,30;
2026-07-02 03:26:00.0;OFF;ON;50;0,40;2,60;0,10;3,90;97,30;0;-0,30;3,50;20;-0,10;0,30;
2026-07-02 03:27:00.0;OFF;ON;50;0,30;2,60;0,10;3,90;97,30;0;-0,20;3,50;20;-0,10;0,30;
2026-07-02 03:28:00.0;OFF;ON;50;0,20;2,60;0,10;3,90;97,20;0;-0,10;3,50;20;-0,10;0,30;
2026-07-02 03:29:00.0;OFF;ON;50;0,20;2,60;0,10;3,80;97,10;0;-0,10;3,50;20;-0,10;0,30;
2026-07-02 03:30:00.0;OFF;ON;50;0,20;2,60;0,10;3,80;97,10;0;-0,10;3,50;20;-0,10;0,30;
2026-07-02 03:31:00.0;OFF;ON;50;0,20;2,60;0,10;3,80;97,10;0;0;3,50;20;-0,10;0,30;
2026-07-02 03:32:00.0;OFF;ON;50;0,20;2,60;0,10;3,80;97,10;0;0;3,50;20;-0,10;0,30;
2026-07-02 03:33:00.0;OFF;ON;50;0,20;2,60;0,10;3,80;97,10;0;0;3,50;20;-0,10;0,30;
2026-07-02 03:34:00.0;OFF;ON;50;0,20;2,60;0,10;3,80;97;0;0;3,50;20;-0,10;0,30;
2026-07-02 03:35:00.0;OFF;ON;50;0,20;2,60;0,10;3,70;97;0;0;3,50;20;-0,10;0,30;
2026-07-02 03:36:00.0;OFF;ON;50;0,30;2,60;0,10;3,70;97;0;-0,10;3,50;20;-0,10;0,30;
2026-07-02 03:37:00.0;OFF;ON;50;0,40;2,60;0,10;3,70;97;0;-0,20;3,50;20;-0,10;0,30;
2026-07-02 03:38:00.0;OFF;ON;50;0,30;2,70;0,20;3,70;96,90;0;-0,20;3,50;20;-0,10;0,30;
2026-07-02 03:39:00.0;OFF;ON;50;0,50;2,70;0,20;3,60;96,90;0;-0,30;3,50;20;-0,10;0,30;
2026-07-02 03:40:00.0;OFF;ON;50;0,40;2,70;0,20;3,60;96,90;0;-0,20;3,50;20;-0,10;0,30;
2026-07-02 03:41:00.0;OFF;ON;50;0,30;2,70;0,20;3,60;96,90;0;-0,20;3,50;20;0;0,30;
2026-07-02 03:42:00.0;OFF;ON;50;0,20;2,70;0,20;3,60;96,90;0;0;3,50;20;0;0,30;
2026-07-02 03:43:00.0;OFF;ON;50;0,20;2,70;0,20;3,60;96,90;0;0;3,50;20;0;0,30;
2026-07-02 03:44:00.0;OFF;ON;50;0,20;2,70;0,20;3,60;96,90;0;0;3,50;20;0;0,30;
2026-07-02 03:45:00.0;OFF;ON;50;0,30;2,70;0,20;3,50;96,90;0;-0,10;3,50;20;0;0,30;
2026-07-02 03:46:00.0;OFF;ON;50;0,30;2,70;0,20;3,50;96,90;0;-0,10;3,50;20;0;0,30;
2026-07-02 03:47:00.0;OFF;ON;50;0,30;2,70;0,20;3,50;96,90;0;-0,10;3,50;20;0;0,30;
2026-07-02 03:48:00.0;OFF;ON;50;0,20;2,70;0,20;3,50;96,90;0;0;3,50;20;0;0,30;
2026-07-02 03:49:00.0;OFF;ON;50;0,30;2,70;0,20;3,50;96,90;0;-0,10;3,50;20;0;0,30;
2026-07-02 03:50:00.0;OFF;ON;50;0,40;2,70;0,20;3,40;96,80;0;-0,20;3,50;20;0;0,30;
2026-07-02 03:51:00.0;OFF;ON;50;0,30;2,70;0,20;3,40;96,90;0;-0,20;3,50;20;0;0,30;
2026-07-02 03:52:00.0;OFF;ON;50;0,40;2,70;0,20;3,40;96,90;0;-0,20;3,50;20;0;0,30;
2026-07-02 03:53:00.0;OFF;ON;50;0,40;2,70;0,20;3,40;96,90;0;-0,20;3,50;20;0;0,30;
2026-07-02 03:54:00.0;OFF;ON;50;0,40;2,70;0,20;3,40;96,90;0;-0,20;3,50;20;0;0,30;
2026-07-02 03:55:00.0;OFF;ON;50;0,40;2,70;0,20;3,30;96,80;0;-0,20;3,50;20;0;0,30;
2026-07-02 03:56:00.0;OFF;ON;50;0,40;2,70;0,20;3,30;96,90;0;-0,20;3,50;20;0;0,30;
2026-07-02 03:57:00.0;OFF;ON;50;0,20;2,70;0,20;3,30;96,80;0;0;3,50;20;0;0,30;
2026-07-02 03:58:00.0;OFF;ON;50;0,30;2,70;0,20;3,30;96,90;0;-0,10;3,50;20;0;0,30;
2026-07-02 03:59:00.0;OFF;ON;50;0,30;2,70;0,20;3,30;96,80;0;-0,10;3,50;20;0;0,30;
2026-07-02 04:00:00.0;OFF;ON;50;0,40;2,70;0,20;3,20;96,90;0;-0,20;3,50;20;0;0,30;
2026-07-02 04:01:00.0;OFF;ON;50;0,40;2,70;0,20;3,20;96,90;0;-0,20;3,50;20;0;0,30;
2026-07-02 04:02:00.0;OFF;ON;50;0,50;2,70;0,20;3,20;96,90;0;-0,30;3,50;20;0;0,30;
2026-07-02 04:03:00.0;OFF;ON;50;0,60;2,70;0,20;3,20;96,90;0;-0,30;3,50;20;0;0,30;
2026-07-02 04:04:00.0;OFF;ON;50;0,50;2,80;0,30;3,20;96,90;0;-0,20;3,50;20;0;0,30;
2026-07-02 04:05:00.0;OFF;ON;50;0,40;2,80;0,30;3,20;96,90;0;-0,10;3,50;20;0;0,30;
2026-07-02 04:06:00.0;OFF;ON;50;0,40;2,70;0,20;3,20;96,90;0;-0,10;3,50;20;0;0,30;
2026-07-02 04:07:00.0;OFF;ON;50;0,40;2,70;0,20;3,10;96,90;0;-0,10;3,50;20;0;0,30;
2026-07-02 04:08:00.0;OFF;ON;50;0,40;2,70;0,20;3,10;96,90;0;-0,10;3,50;20;0;0,30;
2026-07-02 04:09:00.0;OFF;ON;50;0,40;2,70;0,20;3,10;96,90;0;-0,10;3,50;20;0;0,30;
2026-07-02 04:10:00.0;OFF;ON;50;0,30;2,70;0,20;3,10;96,90;0;-0,10;3,50;20;0;0,30;
2026-07-02 04:11:00.0;OFF;ON;50;0,40;2,70;0,20;3,10;96,90;0;-0,20;3,50;20;0;0,30;
2026-07-02 04:12:00.0;OFF;ON;50;0,50;2,70;0,20;3;96,90;0;-0,20;3,50;20;0;0,30;
2026-07-02 04:13:00.0;OFF;ON;50;0,40;2,70;0,20;3;96,90;0;-0,20;3,50;20;0;0,30;
2026-07-02 04:14:00.0;OFF;ON;50;0,50;2,80;0,20;3;97;0;-0,20;3,50;20;0;0,30;
2026-07-02 04:15:00.0;OFF;ON;50;0,50;2,80;0,30;3;96,90;0;-0,20;3,50;20;0;0,30;
2026-07-02 04:16:00.0;OFF;ON;50;0,40;2,80;0,30;3;96,90;0;-0,20;3,50;20;0;0,30;
2026-07-02 04:17:00.0;OFF;ON;50;0,50;2,80;0,30;3;97;0;-0,20;3,50;20;0;0,30;
2026-07-02 04:18:00.0;OFF;ON;50;0,60;2,80;0,30;2,90;97;0;-0,30;3,50;20;0;0,30;
2026-07-02 04:19:00.0;OFF;ON;50;0,50;2,80;0,30;2,90;97;0;-0,20;3,50;20;0;0,30;
2026-07-02 04:20:00.0;OFF;ON;50;0,40;2,80;0,30;2,90;96,90;0;-0,20;3,50;20;0;0,30;
2026-07-02 04:21:00.0;OFF;ON;50;0,60;2,80;0,30;2,90;97;0;-0,30;3,50;20;0;0,30;
2026-07-02 04:22:00.0;OFF;ON;50;0,70;2,80;0,30;2,90;97;0;-0,40;3,50;20;0,10;0,30;
2026-07-02 04:23:00.0;OFF;ON;50;0,70;2,80;0,30;2,90;97;0;-0,40;3,50;20;0,10;0,30;
2026-07-02 04:24:00.0;OFF;ON;50;0,60;2,80;0,30;2,80;97;0;-0,30;3,50;20;0,10;0,30;
2026-07-02 04:25:00.0;OFF;ON;50;0,70;2,80;0,30;2,80;97;0;-0,40;3,50;20;0,10;0,30;
2026-07-02 04:26:00.0;OFF;ON;50;0,70;2,80;0,30;2,80;97;0;-0,40;3,50;20;0,10;0,30;
2026-07-02 04:27:00.0;OFF;ON;50;0,70;2,80;0,30;2,80;97;0;-0,40;3,50;20;0,10;0,30;
2026-07-02 04:28:00.0;OFF;ON;50;0,60;2,80;0,30;2,80;97;0;-0,30;3,50;20;0,10;0,30;
2026-07-02 04:29:00.0;OFF;ON;50;0,70;2,80;0,30;2,80;97;0;-0,40;3,50;20;0,10;0,30;
2026-07-02 04:30:00.0;OFF;ON;50;0,80;2,80;0,30;2,80;97;0;-0,40;3,50;20;0,10;0,30;
2026-07-02 04:31:00.0;OFF;ON;50;0,70;2,80;0,30;2,70;97;0;-0,30;3,50;20;0,10;0,30;
2026-07-02 04:32:00.0;OFF;ON;50;0,80;2,90;0,40;2,70;97;0;-0,50;3,50;20;0,10;0,40;
2026-07-02 04:33:00.0;OFF;ON;50;0,80;2,90;0,40;2,70;97,10;0;-0,40;3,50;20;0,10;0,40;
2026-07-02 04:34:00.0;OFF;ON;50;0,80;2,90;0,40;2,70;97,10;0;-0,40;3,50;20;0,20;0,40;
2026-07-02 04:35:00.0;OFF;ON;50;1;2,90;0,40;2,70;97,10;0;-0,60;3,50;20;0,20;0,40;
2026-07-02 04:36:00.0;OFF;ON;50;0,90;2,90;0,40;2,70;97,10;0;-0,50;3,50;20;0,20;0,40;
2026-07-02 04:37:00.0;OFF;ON;50;0,90;2,90;0,40;2,60;97,10;0;-0,50;3,50;20;0,20;0,40;
2026-07-02 04:38:00.0;OFF;ON;50;0,90;2,90;0,40;2,60;97,20;0;-0,40;3,50;20;0,20;0,40;
2026-07-02 04:39:00.0;OFF;ON;50;1;3;0,50;2,60;97,20;0;-0,50;3,50;20;0,20;0,50;
2026-07-02 04:40:00.0;OFF;ON;50;1;3;0,50;2,60;97,30;0;-0,50;3,50;20;0,30;0,50;
2026-07-02 04:41:00.0;OFF;ON;50;1,10;3;0,50;2,60;97,30;0;-0,60;3,50;20;0,30;0,50;
2026-07-02 04:42:00.0;OFF;ON;50;1;3;0,50;2,60;97,40;0;-0,50;3,50;20;0,30;0,60;
2026-07-02 04:43:00.0;OFF;ON;50;1,10;3,10;0,60;2,60;97,40;0;-0,50;3,50;20;0,40;0,60;
2026-07-02 04:44:00.0;OFF;ON;50;1,20;3,20;0,70;2,50;97,60;0;-0,50;3,50;20;0,40;0,70;
2026-07-02 04:45:00.0;OFF;ON;50;1,20;3,20;0,70;2,50;97,60;0;-0,60;3,50;20;0,40;0,80;
2026-07-02 04:46:00.0;OFF;ON;50;1,30;3,20;0,70;2,50;97,80;0;-0,60;3,50;20;0,50;1;
2026-07-02 04:47:00.0;OFF;ON;50;1,30;3,30;0,80;2,50;97,80;0;-0,50;3,50;20;0,50;1,10;
2026-07-02 04:48:00.0;OFF;ON;50;1,40;3,40;0,90;2,50;97,90;0;-0,60;3,50;20;0,60;1,30;
2026-07-02 04:49:00.0;OFF;ON;50;1,50;3,40;0,90;2,50;98;0;-0,60;3,50;20;0,70;1,30;
2026-07-02 04:50:00.0;OFF;ON;50;1,60;3,40;0,90;2,50;98;0;-0,60;3,50;20;0,70;1,40;
2026-07-02 04:51:00.0;OFF;ON;50;1,60;3,50;1;2,50;98,10;0;-0,60;3,50;20;0,80;1,40;
2026-07-02 04:52:00.0;OFF;ON;50;1,60;3,50;1;2,40;98,10;0;-0,60;3,50;20;0,80;1,50;
2026-07-02 04:53:00.0;OFF;ON;50;1,70;3,50;1;2,40;98,20;0;-0,70;3,50;20;0,90;1,50;
2026-07-02 04:54:00.0;OFF;ON;50;1,80;3,60;1,10;2,40;98,20;0;-0,70;3,50;20;0,90;1,60;
2026-07-02 04:55:00.0;OFF;ON;50;1,80;3,60;1,10;2,40;98,30;0;-0,70;3,50;20;0,90;1,60;
2026-07-02 04:56:00.0;OFF;ON;50;1,70;3,60;1,10;2,40;98,30;0;-0,50;3,50;20;1;1,70;
2026-07-02 04:57:00.0;OFF;ON;50;1,90;3,70;1,20;2,40;98,30;0;-0,70;3,50;20;1;1,70;
2026-07-02 04:58:00.0;OFF;ON;50;1,90;3,70;1,20;2,40;98,30;0;-0,70;3,50;20;1;1,70;
2026-07-02 04:59:00.0;OFF;ON;50;1,80;3,70;1,20;2,40;98,30;0;-0,60;3,50;20;1;1,80;
2026-07-02 05:00:00.0;OFF;ON;50;1,80;3,70;1,20;2,30;98,30;0;-0,60;3,50;20;1,10;1,80;
2026-07-02 05:01:00.0;OFF;ON;50;1,90;3,80;1,30;2,30;98,30;0;-0,70;3,50;20;1,10;1,80;
2026-07-02 05:02:00.0;OFF;ON;50;1,90;3,80;1,30;2,30;98,30;0;-0,60;3,50;20;1,10;1,80;
2026-07-02 05:03:00.0;OFF;ON;50;2;3,80;1,30;2,30;98,30;0;-0,70;3,50;20;1,10;1,90;
2026-07-02 05:04:00.0;OFF;ON;50;1,90;3,80;1,30;2,30;98,30;0;-0,50;3,50;20;1,20;1,90;
2026-07-02 05:05:00.0;OFF;ON;50;1,90;3,90;1,40;2,30;98,30;0;-0,60;3,50;20;1,20;1,90;
2026-07-02 05:06:00.0;OFF;ON;50;2;3,90;1,40;2,30;98,30;0;-0,60;3,50;20;1,20;1,90;
2026-07-02 05:07:00.0;OFF;ON;50;2;3,90;1,40;2,20;98,30;0;-0,60;3,50;20;1,20;1,90;
2026-07-02 05:08:00.0;OFF;ON;50;2;3,90;1,40;2,20;98,30;0;-0,60;3,50;20;1,20;2;
2026-07-02 05:09:00.0;OFF;ON;50;2,10;3,90;1,40;2,20;98,30;0;-0,60;3,50;20;1,30;2;
2026-07-02 05:10:00.0;OFF;ON;50;2,20;3,90;1,40;2,20;98,30;0;-0,80;3,50;20;1,30;2;
2026-07-02 05:11:00.0;OFF;ON;50;2;4;1,50;2,20;98,30;0;-0,60;3,50;20;1,30;2;
2026-07-02 05:12:00.0;OFF;ON;50;2,20;4;1,50;2,20;98,30;0;-0,70;3,50;20;1,30;2;
2026-07-02 05:13:00.0;OFF;ON;50;2,10;4;1,50;2,20;98,30;0;-0,60;3,50;20;1,30;2,10;
2026-07-02 05:14:00.0;OFF;ON;50;2,20;4;1,50;2,20;98,30;0;-0,70;3,50;20;1,30;2,10;
2026-07-02 05:15:00.0;OFF;ON;50;2,10;4;1,50;2,10;98,30;0;-0,60;3,50;20;1,40;2,10;
2026-07-02 05:16:00.0;OFF;ON;50;2,10;4,10;1,60;2,10;98,30;0;-0,50;3,50;20;1,40;2,10;
2026-07-02 05:17:00.0;OFF;ON;50;2,10;4,10;1,60;2,10;98,30;0;-0,60;3,50;20;1,40;2,10;
2026-07-02 05:18:00.0;OFF;ON;50;2,30;4,10;1,60;2,10;98,30;0;-0,70;3,50;20;1,40;2,10;
2026-07-02 05:19:00.0;OFF;ON;50;2,30;4,10;1,60;2,10;98,30;0;-0,70;3,50;20;1,40;2,20;
2026-07-02 05:20:00.0;OFF;ON;50;2,20;4,10;1,60;2,10;98,30;0;-0,50;3,50;20;1,50;2,20;
2026-07-02 05:21:00.0;OFF;ON;50;2,20;4,10;1,60;2,10;98,30;0;-0,60;3,50;20;1,50;2,20;
2026-07-02 05:22:00.0;OFF;ON;50;2,40;4,10;1,60;2,10;98,30;0;-0,70;3,50;20;1,50;2,20;
2026-07-02 05:23:00.0;OFF;ON;50;2,30;4,20;1,70;2;98,30;0;-0,60;3,50;20;1,50;2,20;
2026-07-02 05:24:00.0;OFF;ON;50;2,30;4,30;1,80;2;98,30;0;-0,50;3,50;20;1,50;2,20;
2026-07-02 05:25:00.0;OFF;ON;50;2,50;4,30;1,80;2;98,30;0;-0,70;3,50;20;1,60;2,30;
2026-07-02 05:26:00.0;OFF;ON;50;2,50;4,30;1,90;2;98,30;0;-0,80;3,50;20;1,60;2,30;
2026-07-02 05:27:00.0;OFF;ON;50;2,60;4,40;1,90;2;98,30;0;-0,70;3,50;20;1,60;2,40;
2026-07-02 05:28:00.0;OFF;ON;50;2,60;4,40;1,90;2;98,30;0;-0,70;3,50;20;1,70;2,40;
2026-07-02 05:29:00.0;OFF;ON;50;2,60;4,40;1,90;2;98,30;0;-0,70;3,50;20;1,70;2,40;
2026-07-02 05:30:00.0;OFF;ON;50;2,60;4,40;1,90;2;98,30;0;-0,70;3,50;20;1,70;2,50;
2026-07-02 05:31:00.0;OFF;ON;50;2,60;4,40;1,90;2;98,30;0;-0,70;3,50;20;1,70;2,50;
2026-07-02 05:32:00.0;OFF;ON;50;2,50;4,40;1,90;1,90;98,30;0;-0,60;3,50;20;1,70;2,50;
2026-07-02 05:33:00.0;OFF;ON;50;2,70;4,40;1,90;1,90;98,30;0;-0,70;3,50;20;1,80;2,50;
2026-07-02 05:34:00.0;OFF;ON;50;2,60;4,40;1,90;1,90;98,30;0;-0,70;3,50;20;1,80;2,50;
2026-07-02 05:35:00.0;OFF;ON;50;2,70;4,40;1,90;1,90;98,30;0;-0,70;3,50;20;1,80;2,50;
2026-07-02 05:36:00.0;OFF;ON;50;2,50;4,40;1,90;1,90;98,30;0;-0,60;3,50;20;1,80;2,50;
2026-07-02 05:37:00.0;OFF;ON;50;2,60;4,50;2;1,90;98,30;0;-0,70;3,50;20;1,80;2,50;
2026-07-02 05:38:00.0;OFF;ON;50;2,70;4,50;2;1,90;98,30;0;-0,80;3,50;20;1,80;2,50;
2026-07-02 05:39:00.0;OFF;ON;50;2,70;4,50;2;1,90;98,30;0;-0,70;3,50;20;1,80;2,50;
2026-07-02 05:40:00.0;OFF;ON;50;2,70;4,50;2;1,80;98,30;0;-0,70;3,50;20;1,80;2,50;
2026-07-02 05:41:00.0;OFF;ON;50;2,60;4,50;2;1,80;98,30;0;-0,60;3,50;20;1,80;2,50;
2026-07-02 05:42:00.0;OFF;ON;50;2,70;4,50;2;1,80;98,30;0;-0,70;3,50;20;1,80;2,50;
2026-07-02 05:43:00.0;OFF;ON;50;2,70;4,50;2;1,80;98,30;0;-0,70;3,50;20;1,80;2,60;
2026-07-02 05:44:00.0;OFF;ON;50;2,70;4,50;2;1,80;98,30;0;-0,70;3,50;20;1,90;2,60;
2026-07-02 05:45:00.0;OFF;ON;50;2,70;4,50;2;1,80;98,30;0;-0,60;3,50;20;1,90;2,60;
2026-07-02 05:46:00.0;OFF;ON;50;2,70;4,50;2;1,80;98,30;0;-0,70;3,50;20;1,90;2,60;
2026-07-02 05:47:00.0;OFF;ON;50;2,70;4,50;2;1,80;98,30;0;-0,70;3,50;20;1,90;2,60;
2026-07-02 05:48:00.0;OFF;ON;50;2,60;4,60;2,10;1,80;98,30;0;-0,60;3,50;20;1,90;2,60;
2026-07-02 05:49:00.0;OFF;ON;50;2,80;4,60;2,10;1,70;98,30;0;-0,70;3,50;20;1,90;2,60;
2026-07-02 05:50:00.0;OFF;ON;50;2,80;4,60;2,10;1,70;98,30;0;-0,70;3,50;20;1,90;2,60;
2026-07-02 05:51:00.0;OFF;ON;50;2,70;4,60;2,10;1,70;98,30;0;-0,60;3,50;20;2;2,70;
2026-07-02 05:52:00.0;OFF;ON;50;2,80;4,60;2,10;1,70;98,30;0;-0,70;3,50;20;2;2,70;
2026-07-02 05:53:00.0;OFF;ON;50;2,80;4,60;2,10;1,70;98,30;0;-0,70;3,50;20;2;2,70;
2026-07-02 05:54:00.0;OFF;ON;50;2,90;4,60;2,10;1,70;98,30;0;-0,80;3,50;20;2;2,70;
2026-07-02 05:55:00.0;OFF;ON;50;2,90;4,60;2,10;1,70;98,30;0;-0,70;3,50;20;2;2,70;
2026-07-02 05:56:00.0;OFF;ON;50;2,70;4,70;2,20;1,70;98,30;0;-0,60;3,50;20;2;2,70;
2026-07-02 05:57:00.0;OFF;ON;50;2,80;4,70;2,20;1,70;98,30;0;-0,60;3,50;20;2;2,70;
2026-07-02 05:58:00.0;OFF;ON;50;2,80;4,70;2,20;1,70;98,20;0;-0,70;3,50;20;2;2,70;
2026-07-02 05:59:00.0;OFF;ON;50;2,80;4,70;2,20;1,60;98,20;0;-0,60;3,50;20;2;2,70;
2026-07-02 06:00:00.0;OFF;ON;50;2,80;4,70;2,20;1,60;98,20;0;-0,60;3,50;20;2;2,70;
2026-07-02 06:01:00.0;OFF;ON;50;2,90;4,70;2,20;1,60;98,20;0;-0,70;3,50;20;2;2,70;
2026-07-02 06:02:00.0;OFF;ON;50;2,80;4,70;2,20;1,60;98,20;0;-0,70;3,50;20;2;2,70;
2026-07-02 06:03:00.0;OFF;ON;50;2,80;4,70;2,20;1,60;98,20;0;-0,60;3,50;20;2,10;2,80;
2026-07-02 06:04:00.0;OFF;ON;50;2,90;4,70;2,20;1,60;98,20;0;-0,70;3,50;20;2,10;2,80;
2026-07-02 06:05:00.0;OFF;ON;50;3;4,70;2,20;1,60;98,30;0;-0,70;3,50;20;2,10;2,80;
2026-07-02 06:06:00.0;OFF;ON;50;2,90;4,70;2,20;1,60;98,30;0;-0,60;3,50;20;2,10;2,80;
2026-07-02 06:07:00.0;OFF;ON;50;2,90;4,70;2,20;1,60;98,30;0;-0,60;3,50;20;2,10;2,80;
2026-07-02 06:08:00.0;OFF;ON;50;3;4,80;2,30;1,60;98,30;0;-0,70;3,50;20;2,10;2,80;
2026-07-02 06:09:00.0;OFF;ON;50;3;4,80;2,30;-0,10;98,30;0,70;-0,70;3,50;20;2,10;2,80;
2026-07-02 06:10:00.0;OFF;ON;50;3,10;4,80;2,30;-1,40;98,30;0;-0,80;3,50;20;2,10;2,80;
2026-07-02 06:11:00.0;OFF;ON;50;3,10;4,90;2,40;-1,60;98,30;0;-0,80;3,50;20;2,20;2,90;
2026-07-02 06:12:00.0;OFF;ON;50;3,10;4,90;2,40;-1,60;98,30;0;-0,60;3,50;20;2,20;2,90;
2026-07-02 06:13:00.0;OFF;ON;50;3,20;5;2,50;-1,60;98,30;0;-0,70;3,50;20;2,20;2,90;
2026-07-02 06:14:00.0;OFF;ON;50;3,30;5;2,50;-1,70;98,30;0;-0,80;3,50;20;2,20;3;
2026-07-02 06:15:00.0;OFF;ON;50;3,20;5;2,50;-1,70;98,30;0;-0,70;3,50;20;2,30;3;
2026-07-02 06:16:00.0;OFF;ON;50;3,20;5;2,50;-1,70;98,30;0;-0,70;3,50;20;2,30;3,10;
2026-07-02 06:17:00.0;OFF;ON;50;3,20;5;2,50;-1,70;98,30;0;-0,70;3,50;20;2,30;3,10;
2026-07-02 06:18:00.0;OFF;ON;50;3,10;5;2,50;-1,70;98,30;0;-0,70;3,50;20;2,30;3,10;
2026-07-02 06:19:00.0;OFF;ON;50;3,20;5;2,50;-1,70;98,30;0;-0,70;3,50;20;2,30;3,10;
2026-07-02 06:20:00.0;OFF;ON;50;3,20;5;2,50;-1,70;98,30;0;-0,70;3,50;20;2,30;3,10;
2026-07-02 06:21:00.0;OFF;ON;50;3,20;5;2,50;-1,70;98,30;0;-0,70;3,50;20;2,30;3;
2026-07-02 06:22:00.0;OFF;ON;50;3,20;5;2,50;-1,70;98,30;0;-0,80;3,50;20;2,30;3;
2026-07-02 06:23:00.0;OFF;ON;50;3,10;5;2,50;-1,70;98,30;0;-0,70;3,50;20;2,30;3;
2026-07-02 06:24:00.0;OFF;ON;50;3,20;5;2,50;-1,70;98,30;0;-0,80;3,50;20;2,30;3,10;
2026-07-02 06:25:00.0;OFF;ON;50;3,20;5;2,50;-1,70;98,30;0;-0,70;3,50;20;2,30;3,10;
2026-07-02 06:26:00.0;OFF;ON;50;3,10;5;2,50;-1,70;98,30;0;-0,60;3,50;20;2,40;3;
2026-07-02 06:27:00.0;OFF;ON;50;3,20;5;2,50;-1,70;98,30;0;-0,70;3,50;20;2,30;3;
2026-07-02 06:28:00.0;OFF;ON;50;3,10;5;2,50;-1,70;98,30;0;-0,60;3,50;20;2,30;3;
2026-07-02 06:29:00.0;OFF;ON;50;2,90;5;2,50;-1,70;98,30;0;-0,50;3,50;20;2,30;3;
2026-07-02 06:30:00.0;OFF;ON;50;3,10;5;2,50;-1,70;98,30;0;-0,60;3,50;20;2,30;3;
2026-07-02 06:31:00.0;OFF;ON;50;3;5;2,50;-1,70;98,30;0;-0,50;3,50;20;2,30;2,90;
2026-07-02 06:32:00.0;OFF;ON;50;3;4,90;2,40;-1,70;98,30;0;-0,60;3,50;20;2,30;2,90;
2026-07-02 06:33:00.0;OFF;ON;50;3;4,90;2,40;-1,70;98,30;0;-0,60;3,50;20;2,30;2,90;
2026-07-02 06:34:00.0;OFF;ON;50;3;5;2,50;-1,70;98,30;0;-0,60;3,50;20;2,30;3;
2026-07-02 06:35:00.0;OFF;ON;50;3,20;5;2,50;-1,70;98,30;0;-0,70;3,50;20;2,30;3;
2026-07-02 06:36:00.0;OFF;ON;50;3,10;5;2,50;-1,70;98,30;0;-0,60;3,50;20;2,30;3;
2026-07-02 06:37:00.0;OFF;ON;50;3;5,10;2,60;-1,70;98,30;0;-0,50;3,50;20;2,40;3;
2026-07-02 06:38:00.0;OFF;ON;50;3,10;5,10;2,60;-1,70;98,30;0;-0,50;3,50;20;2,40;3;
2026-07-02 06:39:00.0;OFF;ON;50;2,90;5;2,50;-1,70;98,30;0;-0,40;3,50;20;2,40;3;
2026-07-02 06:40:00.0;OFF;ON;50;2,90;5;2,50;-1,70;98,30;0;-0,40;3,50;20;2,40;2,90;
2026-07-02 06:41:00.0;OFF;ON;50;3,10;5;2,50;-1,70;98,30;0;-0,60;3,50;20;2,30;3;
2026-07-02 06:42:00.0;OFF;ON;50;3,20;5;2,50;-1,70;98,30;0;-0,60;3,50;20;2,30;3;
2026-07-02 06:43:00.0;OFF;ON;50;3,20;5,10;2,60;-1,70;98,30;0;-0,60;3,50;20;2,40;3;
2026-07-02 06:44:00.0;OFF;ON;50;3,20;5,10;2,60;-1,70;98,30;0;-0,60;3,50;20;2,40;3,10;
2026-07-02 06:45:00.0;OFF;ON;50;3;5,10;2,60;-1,70;98,30;0;-0,40;3,50;20;2,40;3,10;
2026-07-02 06:46:00.0;OFF;ON;50;3;5,10;2,60;-1,70;98,30;0;-0,40;3,50;20;2,40;3;
2026-07-02 06:47:00.0;OFF;ON;50;2,90;5,10;2,60;-1,70;98,30;0;-0,30;3,50;20;2,40;3;
2026-07-02 06:48:00.0;OFF;ON;50;3;5;2,50;-1,70;98,30;0;-0,40;3,50;20;2,40;2,90;
2026-07-02 06:49:00.0;OFF;ON;50;2,90;5;2,50;-1,60;98,30;0;-0,40;3,50;20;2,30;2,90;
2026-07-02 06:50:00.0;OFF;ON;50;2,90;5;2,50;-1,60;98,30;0;-0,40;3,50;20;2,30;2,90;
2026-07-02 06:51:00.0;OFF;ON;50;3;5;2,50;-1,60;98,30;0;-0,40;3,50;20;2,30;2,90;
2026-07-02 06:52:00.0;OFF;ON;50;2,90;5;2,50;-1,60;98,30;0;-0,40;3,50;20;2,30;2,90;
2026-07-02 06:53:00.0;OFF;ON;50;2,80;5;2,50;-1,60;98,30;0;-0,40;3,50;20;2,30;2,80;
2026-07-02 06:54:00.0;OFF;ON;50;2,90;5;2,50;-1,60;98,30;0;-0,40;3,50;20;2,30;2,80;
2026-07-02 06:55:00.0;OFF;ON;50;2,90;4,90;2,40;-1,60;98,30;0;-0,40;3,50;20;2,30;2,80;
2026-07-02 06:56:00.0;OFF;ON;50;2,80;4,90;2,40;-1,60;98,30;0;-0,30;3,50;20;2,30;2,80;
2026-07-02 06:57:00.0;OFF;ON;50;2,80;5;2,50;-1,60;98,30;0;-0,40;3,50;20;2,30;2,80;
2026-07-02 06:58:00.0;OFF;ON;50;2,90;5;2,50;-0,60;98,30;0,10;-0,50;3,50;20;2,30;2,90;
2026-07-02 06:59:00.0;OFF;ON;50;3;5;2,50;0;98,30;0,40;-0,50;3,50;20;2,30;2,90;
2026-07-02 07:00:00.0;OFF;ON;50;2,90;5;2,50;0;98,30;0;-0,40;3,50;20;2,30;2,90;
2026-07-02 07:01:00.0;OFF;ON;50;3;5;2,50;-0,20;98,30;0;-0,50;3,50;20;2,40;3;
2026-07-02 07:02:00.0;OFF;ON;50;3;5;2,50;-0,20;98,30;0;-0,50;3,50;20;2,40;3;
2026-07-02 07:03:00.0;OFF;ON;50;3,10;5,10;2,60;-0,20;98,30;0;-0,50;3,50;20;2,40;3;
2026-07-02 07:04:00.0;OFF;ON;50;2,90;5,10;2,60;-0,20;98,30;0;-0,40;3,50;20;2,40;3;
2026-07-02 07:05:00.0;OFF;ON;50;3;5,10;2,60;-0,20;98,30;0;-0,50;3,50;20;2,40;3;
2026-07-02 07:06:00.0;OFF;ON;50;3,20;5,10;2,60;-0,20;98,30;0;-0,60;3,50;20;2,40;3;
2026-07-02 07:07:00.0;OFF;ON;50;3;5;2,50;-0,20;98,30;0;-0,50;3,50;20;2,40;3;
2026-07-02 07:08:00.0;OFF;ON;50;3;5,10;2,60;-0,20;98,30;0;-0,50;3,50;20;2,40;3;
2026-07-02 07:09:00.0;OFF;ON;50;3,20;5,10;2,60;-0,20;98,30;0;-0,60;3,50;20;2,40;3;
2026-07-02 07:10:00.0;OFF;ON;50;3,10;5,10;2,60;-0,20;98,30;0;-0,50;3,50;20;2,40;3;
2026-07-02 07:11:00.0;OFF;ON;50;3,10;5,10;2,60;-0,20;98,30;0;-0,50;3,50;20;2,40;3;
2026-07-02 07:12:00.0;OFF;ON;50;2,90;5,10;2,60;-0,20;98,30;0;-0,30;3,50;20;2,40;3;
2026-07-02 07:13:00.0;OFF;ON;50;2,90;5,10;2,60;-0,20;98,30;0;-0,30;3,50;20;2,40;3;
2026-07-02 07:14:00.0;OFF;ON;50;2,70;5,10;2,60;-0,20;98,30;0;-0,20;3,50;20;2,40;2,90;
2026-07-02 07:15:00.0;OFF;ON;50;2,80;5;2,50;-0,20;98,30;0;-0,30;3,50;20;2,40;2,90;
2026-07-02 07:16:00.0;OFF;ON;50;2,90;5;2,50;-0,20;98,30;0;-0,40;3,50;20;2,40;2,90;
2026-07-02 07:17:00.0;OFF;ON;50;2,90;5;2,50;-0,20;98,30;0;-0,40;3,50;20;2,30;2,90;
2026-07-02 07:18:00.0;OFF;ON;50;2,80;5;2,50;-0,30;98,30;0;-0,30;3,50;20;2,30;2,90;
2026-07-02 07:19:00.0;OFF;ON;50;2,80;5;2,50;-0,30;98,30;0;-0,30;3,50;20;2,30;2,80;
2026-07-02 07:20:00.0;OFF;ON;50;2,70;5;2,50;-0,30;98,20;0;-0,30;3,50;20;2,30;2,80;
2026-07-02 07:21:00.0;OFF;ON;50;2,70;5;2,50;-0,30;98,20;0;-0,30;3,50;20;2,30;2,80;
2026-07-02 07:22:00.0;OFF;ON;50;2,70;4,90;2,40;-0,30;98,20;0;-0,30;3,50;20;2,30;2,80;
2026-07-02 07:23:00.0;OFF;ON;50;2,80;4,90;2,40;-0,30;98,20;0;-0,40;3,50;20;2,30;2,80;
2026-07-02 07:24:00.0;OFF;ON;50;2,80;4,90;2,40;-0,30;98,20;0;-0,40;3,50;20;2,30;2,80;
2026-07-02 07:25:00.0;OFF;ON;50;2,70;5;2,50;-0,30;98,20;0;-0,30;3,50;20;2,30;2,80;
2026-07-02 07:26:00.0;OFF;ON;50;2,70;4,90;2,40;-0,30;98,20;0;-0,30;3,50;20;2,30;2,80;
2026-07-02 07:27:00.0;OFF;ON;50;2,90;5;2,50;-0,30;98,20;0;-0,50;3,50;20;2,30;2,80;
2026-07-02 07:28:00.0;OFF;ON;50;3;5;2,50;-0,30;98,10;0;-0,50;3,50;20;2,30;2,80;
2026-07-02 07:29:00.0;OFF;ON;50;3;5;2,50;-0,30;98,20;0;-0,50;3,50;20;2,30;2,90;
2026-07-02 07:30:00.0;OFF;ON;50;2,90;5;2,50;-0,30;98,20;0;-0,40;3,50;20;2,40;2,90;
2026-07-02 07:31:00.0;OFF;ON;50;3;5;2,50;-0,20;98,20;0;-0,50;3,50;20;2,40;2,90;
2026-07-02 07:32:00.0;OFF;ON;50;3;5;2,50;-0,20;98,30;0;-0,50;3,50;20;2,40;2,90;
2026-07-02 07:33:00.0;OFF;ON;50;3;5;2,50;-0,20;98,30;0;-0,50;3,50;20;2,40;3;
2026-07-02 07:34:00.0;OFF;ON;50;3,10;5;2,50;-0,20;98,30;0;-0,50;3,50;20;2,40;3;
2026-07-02 07:35:00.0;OFF;ON;50;3,20;5;2,50;-0,20;98,30;0;-0,60;3,50;20;2,40;3;
2026-07-02 07:36:00.0;OFF;ON;50;3,20;5,10;2,60;-0,20;98,30;0;-0,70;3,50;20;2,40;3;
2026-07-02 07:37:00.0;OFF;ON;50;3;5,10;2,60;-0,20;98,30;0;-0,50;3,50;20;2,40;3;
2026-07-02 07:38:00.0;OFF;ON;50;3,10;5,10;2,60;-0,20;98,30;0;-0,50;3,50;20;2,50;3;
2026-07-02 07:39:00.0;OFF;ON;50;3,10;5,10;2,60;-0,10;98,30;0;-0,50;3,50;20;2,50;3,10;
2026-07-02 07:40:00.0;OFF;ON;50;3,10;5,10;2,60;-0,10;98,30;0;-0,50;3,50;20;2,50;3,10;
2026-07-02 07:41:00.0;OFF;ON;50;3,10;5,10;2,60;-0,10;98,30;0;-0,50;3,50;20;2,50;3,10;
2026-07-02 07:42:00.0;OFF;ON;50;3,20;5,10;2,60;-0,10;98,30;0;-0,60;3,50;20;2,50;3,10;
2026-07-02 07:43:00.0;OFF;ON;50;3,30;5,10;2,60;-0,10;98,30;0;-0,60;3,50;20;2,50;3,10;
2026-07-02 07:44:00.0;OFF;ON;50;3,30;5,10;2,60;-0,10;98,30;0;-0,70;3,50;20;2,50;3,10;
2026-07-02 07:45:00.0;OFF;ON;50;3,30;5,20;2,70;-0,10;98,30;0;-0,60;3,50;20;2,50;3,20;
2026-07-02 07:46:00.0;OFF;ON;50;3,30;5,20;2,70;-0,10;98,30;0;-0,60;3,50;20;2,60;3,20;
2026-07-02 07:47:00.0;OFF;ON;50;3,20;5,20;2,70;-0,10;98,30;0;-0,50;3,50;20;2,60;3,20;
2026-07-02 07:48:00.0;OFF;ON;50;3,30;5,20;2,70;-0,10;98,30;0;-0,60;3,50;20;2,60;3,20;
2026-07-02 07:49:00.0;OFF;ON;50;3,40;5,20;2,70;0;98,30;0;-0,70;3,50;20;2,60;3,20;
2026-07-02 07:50:00.0;OFF;ON;50;3,30;5,20;2,70;0;98,30;0;-0,60;3,50;20;2,60;3,20;
2026-07-02 07:51:00.0;OFF;ON;50;3,40;5,20;2,70;0;98,30;0;-0,70;3,50;20;2,60;3,20;
2026-07-02 07:52:00.0;OFF;ON;50;3,40;5,20;2,70;0;98,30;0;-0,70;3,50;20;2,60;3,30;
2026-07-02 07:53:00.0;OFF;ON;50;3,40;5,30;2,80;0;98,30;0;-0,60;3,50;20;2,60;3,30;
2026-07-02 07:54:00.0;OFF;ON;50;3,40;5,30;2,80;0;98,30;0;-0,60;3,50;20;2,70;3,30;
2026-07-02 07:55:00.0;OFF;ON;50;3,40;5,30;2,80;0,10;98,30;0;-0,70;3,50;20;2,70;3,30;
2026-07-02 07:56:00.0;OFF;ON;50;3,50;5,30;2,80;0,10;98,30;0;-0,70;3,50;20;2,70;3,30;
2026-07-02 07:57:00.0;OFF;ON;50;3,50;5,30;2,80;0,10;98,30;0;-0,70;3,50;20;2,70;3,30;
2026-07-02 07:58:00.0;OFF;ON;50;3,40;5,30;2,80;0,10;98,30;0;-0,60;3,50;20;2,70;3,30;
2026-07-02 07:59:00.0;OFF;ON;50;3,30;5,30;2,80;0,10;98,30;0;-0,50;3,50;20;2,70;3,30;
2026-07-02 08:00:00.0;OFF;ON;50;3,40;5,30;2,80;0,10;98,30;0;-0,50;3,50;20;2,70;3,30;
2026-07-02 08:01:00.0;OFF;ON;50;3,40;5,30;2,80;0,10;98,30;0;-0,50;3,50;20;2,70;3,30;
2026-07-02 08:02:00.0;OFF;ON;50;3,50;5,30;2,80;0,10;98,30;0;-0,70;3,50;20;2,70;3,30;
2026-07-02 08:03:00.0;OFF;ON;50;3,50;5,30;2,80;0,10;98,30;0;-0,70;3,50;20;2,70;3,40;
2026-07-02 08:04:00.0;OFF;ON;50;3,60;5,40;2,90;0,10;98,30;0;-0,80;3,50;20;2,70;3,40;
2026-07-02 08:05:00.0;OFF;ON;50;3,70;5,40;2,90;0,20;98,30;0;-0,80;3,50;20;2,80;3,40;
2026-07-02 08:06:00.0;OFF;ON;50;3,70;5,40;2,90;0,20;98,30;0;-0,80;3,50;20;2,80;3,50;
2026-07-02 08:07:00.0;OFF;ON;50;3,70;5,50;3;0,20;98,30;0;-0,70;3,50;20;2,80;3,50;
2026-07-02 08:08:00.0;OFF;ON;50;3,60;5,50;3;0,20;98,30;0;-0,60;3,50;20;2,80;3,50;
2026-07-02 08:09:00.0;OFF;ON;50;3,80;5,50;3;0,30;98,30;0;-0,80;3,50;20;2,80;3,50;
2026-07-02 08:10:00.0;OFF;ON;50;3,70;5,50;3;0,30;98,30;0;-0,80;3,50;20;2,90;3,60;
2026-07-02 08:11:00.0;OFF;ON;50;3,70;5,50;3;0,30;98,30;0;-0,70;3,50;20;2,90;3,60;
2026-07-02 08:12:00.0;OFF;ON;50;3,80;5,50;3;0,30;98,30;0;-0,80;3,50;20;2,90;3,60;
2026-07-02 08:13:00.0;OFF;ON;50;3,90;5,50;3;0,40;98,30;0;-0,90;3,50;20;2,90;3,60;
2026-07-02 08:14:00.0;OFF;ON;50;3,90;5,50;3;0,40;98,30;0;-0,80;3,50;20;2,90;3,70;
2026-07-02 08:15:00.0;OFF;ON;50;3,90;5,60;3,10;0,40;98,30;0;-0,90;3,50;20;3;3,70;
2026-07-02 08:16:00.0;OFF;ON;50;4;5,60;3,10;0,40;98,30;0;-0,90;3,50;20;3;3,70;
2026-07-02 08:17:00.0;OFF;ON;50;4;5,60;3,10;0,50;98,30;0;-0,90;3,50;20;3;3,70;
2026-07-02 08:18:00.0;OFF;ON;50;3,90;5,60;3,10;0,50;98,30;0;-0,80;3,50;20;3;3,80;
2026-07-02 08:19:00.0;OFF;ON;50;4;5,60;3,10;0,50;98,30;0;-0,80;3,50;20;3;3,80;
2026-07-02 08:20:00.0;OFF;ON;50;4;5,60;3,10;0,50;98,30;0;-0,90;3,50;20;3;3,80;
2026-07-02 08:21:00.0;OFF;ON;50;4,10;5,70;3,20;0,60;98,30;0;-0,90;3,50;20;3,10;3,80;
2026-07-02 08:22:00.0;OFF;ON;50;4;5,70;3,20;0,60;98,30;0;-0,90;3,50;20;3,10;3,80;
2026-07-02 08:23:00.0;OFF;ON;50;4,10;5,70;3,20;0,60;98,30;0;-0,90;3,50;20;3,10;3,90;
2026-07-02 08:24:00.0;OFF;ON;50;4,20;5,70;3,20;0,60;98,30;0;-0,90;3,50;20;3,10;3,90;
2026-07-02 08:25:00.0;OFF;ON;50;4,10;5,70;3,20;0,60;98,30;0;-0,90;3,50;20;3,10;3,90;
2026-07-02 08:26:00.0;OFF;ON;50;4,30;5,80;3,30;0,70;98,30;0;-1;3,50;20;3,20;3,90;
2026-07-02 08:27:00.0;OFF;ON;50;4,20;5,80;3,30;0,70;98,30;0;-0,90;3,50;20;3,20;3,90;
2026-07-02 08:28:00.0;OFF;ON;50;4,30;5,80;3,30;0,70;98,30;0;-1;3,50;20;3,20;4;
2026-07-02 08:29:00.0;OFF;ON;50;4,20;5,80;3,30;0,70;98,30;0;-0,90;3,50;20;3,20;4;
2026-07-02 08:30:00.0;OFF;ON;50;4,20;5,80;3,30;0,80;98,30;0;-0,90;3,50;20;3,20;4;
2026-07-02 08:31:00.0;OFF;ON;50;4,30;5,80;3,30;0,80;98,30;0;-0,90;3,50;20;3,30;4;
2026-07-02 08:32:00.0;OFF;ON;50;4,30;5,90;3,40;0,80;98,30;0;-1;3,50;20;3,30;4;
2026-07-02 08:33:00.0;OFF;ON;50;4,40;5,90;3,40;0,80;98,30;0;-1;3,50;20;3,30;4,10;
2026-07-02 08:34:00.0;OFF;ON;50;4,40;5,90;3,40;0,80;98,30;0;-1;3,50;20;3,30;4,10;
2026-07-02 08:35:00.0;OFF;ON;50;4,40;5,90;3,40;0,80;98,30;0;-1;3,50;20;3,30;4,10;
2026-07-02 08:36:00.0;OFF;ON;50;4,40;5,90;3,40;0,90;98,30;0;-1;3,50;20;3,30;4,10;
2026-07-02 08:37:00.0;OFF;ON;50;4,30;5,90;3,40;0,90;98,30;0;-0,90;3,50;20;3,30;4,10;
2026-07-02 08:38:00.0;OFF;ON;50;4,50;5,90;3,40;0,90;98,30;0;-1;3,50;20;3,40;4,10;
2026-07-02 08:39:00.0;OFF;ON;50;4,50;6;3,50;0,90;98,30;0;-1,10;3,50;20;3,40;4,20;
2026-07-02 08:40:00.0;OFF;ON;50;4,50;6;3,50;0,90;98,30;0;-1;3,50;20;3,40;4,20;
2026-07-02 08:41:00.0;OFF;ON;50;4,50;6;3,50;1;98,30;0;-1;3,50;20;3,40;4,20;
2026-07-02 08:42:00.0;OFF;ON;50;4,50;6;3,50;1;98,30;0;-1;3,50;20;3,40;4,20;
2026-07-02 08:43:00.0;OFF;ON;50;4,50;6;3,50;1;98,30;0;-1;3,50;20;3,40;4,20;
2026-07-02 08:44:00.0;OFF;ON;50;4,60;6;3,50;1;98,30;0;-1;3,50;20;3,50;4,20;
2026-07-02 08:45:00.0;OFF;ON;50;4,50;6,10;3,60;1,10;98,30;0;-0,90;3,50;20;3,50;4,30;
2026-07-02 08:46:00.0;OFF;ON;50;4,60;6,10;3,60;1,10;98,30;0;-1;3,50;20;3,50;4,30;
2026-07-02 08:47:00.0;OFF;ON;50;4,50;6,10;3,60;1,10;98,30;0;-0,90;3,50;20;3,50;4,30;
2026-07-02 08:48:00.0;OFF;ON;50;4,70;6,10;3,60;1,10;98,30;0;-1,10;3,50;20;3,50;4,30;
2026-07-02 08:49:00.0;OFF;ON;50;4,70;6,10;3,60;1,10;98,30;0;-1,10;3,50;20;3,50;4,30;
2026-07-02 08:50:00.0;OFF;ON;50;4,70;6,10;3,60;1,10;98,30;0;-1;3,50;20;3,50;4,30;
2026-07-02 08:51:00.0;OFF;ON;50;4,60;6,10;3,60;1,20;98,30;0;-0,90;3,50;20;3,60;4,30;
2026-07-02 08:52:00.0;OFF;ON;50;4,60;6,10;3,60;1,20;98,30;0;-1;3,50;20;3,60;4,40;
2026-07-02 08:53:00.0;OFF;ON;50;4,70;6,20;3,70;1,20;98,30;0;-1,10;3,50;20;3,60;4,40;
2026-07-02 08:54:00.0;OFF;ON;50;4,70;6,20;3,70;1,20;98,30;0;-1,10;3,50;20;3,60;4,40;
2026-07-02 08:55:00.0;OFF;ON;50;4,60;6,20;3,70;1,20;98,30;0;-1;3,50;20;3,60;4,40;
2026-07-02 08:56:00.0;OFF;ON;50;4,70;6,20;3,70;1,40;98,30;0;-1;3,50;20;3,60;4,40;
2026-07-02 08:57:00.0;OFF;ON;50;4,70;6,30;3,80;1,50;98,30;0;-0,90;3,50;20;3,60;4,40;
2026-07-02 08:58:00.0;OFF;ON;50;4,70;6,30;3,80;1,70;98,30;0;-1;3,50;20;3,70;4,50;
2026-07-02 08:59:00.0;OFF;ON;50;4,80;6,30;3,80;1,70;98,30;0;-1;3,50;20;3,70;4,50;
2026-07-02 09:00:00.0;OFF;ON;50;4,70;6,30;3,80;1,50;98,30;0;-0,90;3,50;20;3,70;4,50;
2026-07-02 09:01:00.0;OFF;ON;50;4,50;6,30;3,80;1,40;98,30;0;-0,70;3,50;20;3,70;4,50;
2026-07-02 09:02:00.0;OFF;ON;50;4,40;6,30;3,80;1,40;98,30;0;-0,70;3,50;20;3,70;4,40;
2026-07-02 09:03:00.0;OFF;ON;50;4,30;6,20;3,70;1,30;98,40;0;-0,60;3,50;20;3,60;4,30;
2026-07-02 09:04:00.0;OFF;ON;50;4,20;6,20;3,70;1,30;98,40;0;-0,60;3,50;20;3,60;4,20;
2026-07-02 09:05:00.0;OFF;ON;50;4,20;6,20;3,70;1,20;98,40;0;-0,50;3,50;20;3,60;4,20;
2026-07-02 09:06:00.0;OFF;ON;50;4,20;6,20;3,70;1,30;98,40;0;-0,60;3,50;20;3,60;4,20;
2026-07-02 09:07:00.0;OFF;ON;50;4,10;6,10;3,60;1,10;98,40;0;-0,40;3,50;20;3,50;4,10;
2026-07-02 09:08:00.0;OFF;ON;50;3,90;6,10;3,60;1,10;98,40;0;-0,30;3,50;20;3,50;4;
2026-07-02 09:09:00.0;OFF;ON;50;3,80;6,10;3,60;1;98,40;0;-0,30;3,50;20;3,50;4;
2026-07-02 09:10:00.0;OFF;ON;50;3,90;6;3,50;1;98,40;0;-0,40;3,50;20;3,40;3,90;
2026-07-02 09:11:00.0;OFF;ON;50;3,80;6;3,50;0,90;98,40;0;-0,40;3,50;20;3,40;3,90;
2026-07-02 09:12:00.0;OFF;ON;50;3,70;5,90;3,40;0,90;98,40;0;-0,30;3,50;20;3,40;3,80;
2026-07-02 09:13:00.0;OFF;ON;50;3,70;5,90;3,40;0,90;98,40;0;-0,30;3,50;20;3,30;3,80;
2026-07-02 09:14:00.0;OFF;ON;50;3,70;5,90;3,40;0,80;98,40;0;-0,30;3,50;20;3,30;3,70;
2026-07-02 09:15:00.0;OFF;ON;50;3,50;5,90;3,40;0,80;98,40;0;-0,20;3,50;20;3,30;3,70;
2026-07-02 09:16:00.0;OFF;ON;50;3,50;5,90;3,40;0,80;98,40;0;-0,20;3,50;20;3,30;3,70;
2026-07-02 09:17:00.0;OFF;ON;50;3,50;5,80;3,30;0,70;98,40;0;-0,20;3,50;20;3,20;3,60;
2026-07-02 09:18:00.0;OFF;ON;50;3,50;5,80;3,30;0,70;98,40;0;-0,20;3,50;20;3,20;3,60;
2026-07-02 09:19:00.0;OFF;ON;50;3,40;5,80;3,30;0,70;98,40;0;-0,10;3,50;20;3,20;3,60;
2026-07-02 09:20:00.0;OFF;ON;50;3,40;5,80;3,30;0,60;98,40;0;-0,10;3,50;20;3,20;3,60;
2026-07-02 09:21:00.0;OFF;ON;50;3,40;5,80;3,30;0,60;98,40;0;-0,10;3,50;20;3,20;3,50;
2026-07-02 09:22:00.0;OFF;ON;50;3,40;5,70;3,20;0,60;98,40;0;-0,20;3,50;20;3,10;3,50;
2026-07-02 09:23:00.0;OFF;ON;50;3,50;5,70;3,20;0,60;98,40;0;-0,20;3,50;20;3,10;3,50;
2026-07-02 09:24:00.0;OFF;ON;50;3,30;5,70;3,20;0,60;98,40;0;-0,10;3,50;20;3,10;3,50;
2026-07-02 09:25:00.0;OFF;ON;50;3,40;5,70;3,20;0,80;98,40;0;-0,20;3,50;20;3,10;3,50;
2026-07-02 09:26:00.0;OFF;ON;50;3,40;5,70;3,20;0,70;98,30;0;-0,20;3,50;20;3,10;3,50;
2026-07-02 09:27:00.0;OFF;ON;50;3,40;5,70;3,20;0,60;98,30;0;-0,20;3,50;20;3,10;3,50;
2026-07-02 09:28:00.0;OFF;ON;50;3,30;5,70;3,20;0,60;98,30;0;-0,10;3,50;20;3,10;3,50;
2026-07-02 09:29:00.0;OFF;ON;50;3,30;5,70;3,20;0,50;98,30;0;-0,10;3,50;20;3,10;3,50;
2026-07-02 09:30:00.0;OFF;ON;50;3,30;5,70;3,20;0,80;98,20;0;-0,10;3,50;20;3,10;3,40;
2026-07-02 09:31:00.0;OFF;ON;50;3,50;5,70;3,20;1,20;98,30;0;-0,20;3,50;20;3,10;3,40;
2026-07-02 09:32:00.0;OFF;ON;50;3,40;5,80;3,30;1,30;98,40;0;-0,10;3,50;20;3,10;3,50;
2026-07-02 09:33:00.0;OFF;ON;50;3,50;5,80;3,30;1,30;98,40;0;-0,20;3,50;20;3,10;3,50;
2026-07-02 09:34:00.0;OFF;ON;50;3,70;5,80;3,30;1,50;98,40;0;-0,30;3,50;20;3,10;3,50;
2026-07-02 09:35:00.0;OFF;ON;50;3,60;5,90;3,40;1,50;98,40;0;-0,30;3,50;20;3,20;3,60;
2026-07-02 09:36:00.0;OFF;ON;50;3,80;5,90;3,40;1,50;98,40;0;-0,40;3,50;20;3,20;3,60;
2026-07-02 09:37:00.0;OFF;ON;50;3,60;5,90;3,40;1,50;98,40;0;-0,20;3,50;20;3,20;3,70;
2026-07-02 09:38:00.0;OFF;ON;50;3,70;5,90;3,40;1,80;98,40;0;-0,20;3,50;20;3,20;3,70;
2026-07-02 09:39:00.0;OFF;ON;50;3,60;5,90;3,40;1,80;98,40;0;-0,20;3,50;20;3,20;3,70;
2026-07-02 09:40:00.0;OFF;ON;50;3,80;6;3,50;1,70;98,40;0;-0,30;3,50;20;3,30;3,70;
2026-07-02 09:41:00.0;OFF;ON;50;3,90;6;3,50;1,70;98,40;0;-0,40;3,50;20;3,30;3,70;
2026-07-02 09:42:00.0;OFF;ON;50;3,90;6;3,50;1,70;98,40;0;-0,40;3,50;20;3,30;3,80;
2026-07-02 09:43:00.0;OFF;ON;50;3,90;6;3,50;1,60;98,40;0;-0,30;3,50;20;3,30;3,80;
2026-07-02 09:44:00.0;OFF;ON;50;3,80;6,10;3,60;1,50;98,40;0;-0,20;3,50;20;3,30;3,80;
2026-07-02 09:45:00.0;OFF;ON;50;3,80;6;3,50;1,40;98,40;0;-0,20;3,50;20;3,30;3,80;
2026-07-02 09:46:00.0;OFF;ON;50;3,80;6;3,50;1,40;98,40;0;-0,20;3,50;20;3,40;3,80;
2026-07-02 09:47:00.0;OFF;ON;50;3,90;6,10;3,60;1,40;98,40;0;-0,40;3,50;20;3,40;3,80;
2026-07-02 09:48:00.0;OFF;ON;50;3,90;6,10;3,60;1,50;98,40;0;-0,30;3,50;20;3,40;3,80;
2026-07-02 09:49:00.0;OFF;ON;50;4;6,10;3,60;1,40;98,40;0;-0,40;3,50;20;3,40;3,80;
2026-07-02 09:50:00.0;OFF;ON;50;3,90;6,10;3,60;1,50;98,40;0;-0,30;3,50;20;3,40;3,90;
2026-07-02 09:51:00.0;OFF;ON;50;4;6,10;3,60;1,50;98,40;0;-0,40;3,50;20;3,40;3,90;
2026-07-02 09:52:00.0;OFF;ON;50;3,90;6,10;3,60;1,50;98,40;0;-0,30;3,50;20;3,40;3,90;
2026-07-02 09:53:00.0;OFF;ON;50;3,90;6,10;3,60;1,50;98,40;0;-0,20;3,50;20;3,40;3,90;
2026-07-02 09:54:00.0;OFF;ON;50;4,10;6,10;3,60;1,50;98,40;0;-0,50;3,50;20;3,40;3,90;
2026-07-02 09:55:00.0;OFF;ON;50;4,10;6,20;3,70;1,60;98,40;0;-0,50;3,50;20;3,40;3,90;
2026-07-02 09:56:00.0;OFF;ON;50;4;6,20;3,70;1,60;98,40;0;-0,30;3,50;20;3,50;4;
2026-07-02 09:57:00.0;OFF;ON;50;4,10;6,20;3,70;1,80;98,40;0;-0,40;3,50;20;3,50;4;
2026-07-02 09:58:00.0;OFF;ON;50;4;6,20;3,70;1,90;98,40;0;-0,30;3,50;20;3,50;4;
2026-07-02 09:59:00.0;OFF;ON;50;4,10;6,20;3,70;2,10;98,40;0;-0,40;3,50;20;3,50;4;
2026-07-02 10:00:00.0;OFF;ON;50;4;6,20;3,70;2,10;98,40;0;-0,30;3,50;20;3,50;4;
2026-07-02 10:01:00.0;OFF;ON;50;4;6,30;3,80;2,50;98,40;0;-0,20;3,50;20;3,50;4;
2026-07-02 10:02:00.0;OFF;ON;50;4;6,30;3,80;2,40;98,40;0;-0,30;3,50;20;3,50;4;
2026-07-02 10:03:00.0;OFF;ON;50;4,20;6,30;3,80;2,30;98,40;0;-0,40;3,50;20;3,60;4;
2026-07-02 10:04:00.0;OFF;ON;50;4;6,30;3,80;2,10;98,40;0;-0,30;3,50;20;3,60;4;
2026-07-02 10:05:00.0;OFF;ON;50;4,20;6,30;3,80;2,30;98,40;0;-0,40;3,50;20;3,60;4,10;
2026-07-02 10:06:00.0;OFF;ON;50;4,10;6,30;3,80;2,40;98,40;0;-0,30;3,50;20;3,60;4,10;
2026-07-02 10:07:00.0;OFF;ON;50;4,10;6,40;3,90;2;98,40;0;-0,30;3,50;20;3,60;4,10;
2026-07-02 10:08:00.0;OFF;ON;50;4,10;6,30;3,80;1,50;98,40;0;-0,30;3,50;20;3,60;4,10;
2026-07-02 10:09:00.0;OFF;ON;50;4,10;6,30;3,80;1,40;98,40;0;-0,30;3,50;20;3,60;4,10;
2026-07-02 10:10:00.0;OFF;ON;50;4,10;6,30;3,80;1,30;98,40;0;-0,30;3,50;20;3,60;4,10;
2026-07-02 10:11:00.0;OFF;ON;50;4;6,20;3,70;1,30;98,40;0;-0,30;3,50;20;3,60;4;
2026-07-02 10:12:00.0;OFF;ON;50;4,10;6,20;3,70;1,20;98,40;0;-0,40;3,50;20;3,60;4;
2026-07-02 10:13:00.0;OFF;ON;50;3,90;6,20;3,70;1,20;98,40;0;-0,20;3,50;20;3,50;4;
2026-07-02 10:14:00.0;OFF;ON;50;4;6,20;3,70;1,20;98,40;0;-0,30;3,50;20;3,50;4;
2026-07-02 10:15:00.0;OFF;ON;50;3,90;6,20;3,70;1,20;98,40;0;-0,30;3,50;20;3,50;4;
2026-07-02 10:16:00.0;OFF;ON;50;3,80;6,20;3,70;1,20;98,40;0;-0,10;3,50;20;3,50;3,90;
2026-07-02 10:17:00.0;OFF;ON;50;3,90;6,20;3,70;1,20;98,40;0;-0,30;3,50;20;3,60;3,90;
2026-07-02 10:18:00.0;OFF;ON;50;3,90;6,10;3,60;1,10;98,40;0;-0,30;3,50;20;3,50;3,90;
2026-07-02 10:19:00.0;OFF;ON;50;3,90;6,10;3,60;1,10;98,40;0;-0,20;3,50;20;3,50;3,90;
2026-07-02 10:20:00.0;OFF;ON;50;3,90;6,10;3,60;1,10;98,40;0;-0,20;3,50;20;3,50;3,90;
2026-07-02 10:21:00.0;OFF;ON;50;4;6,20;3,70;1,80;98,40;0;-0,30;3,50;20;3,50;3,90;
2026-07-02 10:22:00.0;OFF;ON;50;4;6,20;3,70;2;98,40;0;-0,20;3,50;20;3,50;3,90;
2026-07-02 10:23:00.0;OFF;ON;50;4;6,30;3,80;2,10;98,40;0,10;-0,30;3,50;20;3,60;4;
2026-07-02 10:24:00.0;OFF;ON;50;4;6,30;3,80;1,90;98,40;0;-0,20;3,50;20;3,60;4;
2026-07-02 10:25:00.0;OFF;ON;50;4,10;6,30;3,80;1,80;98,40;0;-0,30;3,50;20;3,60;4;
2026-07-02 10:26:00.0;OFF;ON;50;4,20;6,30;3,80;1,70;98,40;0;-0,30;3,50;20;3,60;4;
2026-07-02 10:27:00.0;OFF;ON;50;4,10;6,40;3,90;1,90;98,40;0;-0,30;3,50;20;3,60;4,10;
2026-07-02 10:28:00.0;OFF;ON;50;4,20;6,40;3,90;1,80;98,40;0;-0,30;3,50;20;3,70;4,10;
2026-07-02 10:29:00.0;OFF;ON;50;4,20;6,40;3,90;1,90;98,40;0;-0,30;3,50;20;3,70;4,10;
2026-07-02 10:30:00.0;OFF;ON;50;4,30;6,50;4;1,90;98,50;0;-0,30;3,50;20;3,70;4,10;
2026-07-02 10:31:00.0;OFF;ON;50;4,30;6,50;4;1,80;98,50;0;-0,30;3,50;20;3,80;4,20;
2026-07-02 10:32:00.0;OFF;ON;50;4,30;6,60;4,10;1,80;98,50;0;-0,30;3,50;20;3,80;4,30;
2026-07-02 10:33:00.0;OFF;ON;50;4,30;6,60;4,10;1,90;98,50;0;-0,20;3,50;20;3,80;4,30;
2026-07-02 10:34:00.0;OFF;ON;50;4,30;6,60;4,10;1,80;98,50;0;-0,20;3,50;20;3,90;4,30;
2026-07-02 10:35:00.0;OFF;ON;50;4,40;6,60;4,10;1,90;98,50;0;-0,30;3,50;20;3,90;4,30;
2026-07-02 10:36:00.0;OFF;ON;50;4,40;6,70;4,20;2;98,50;0;-0,20;3,50;20;3,90;4,40;
2026-07-02 10:37:00.0;OFF;ON;50;4,50;6,70;4,20;2,10;98,50;0;-0,20;3,50;20;3,90;4,40;
2026-07-02 10:38:00.0;OFF;ON;50;4,60;7;4,50;2,20;98,50;0;0;3,50;20;4;4,40;
2026-07-02 10:39:00.0;OFF;ON;50;4,50;6,90;4,40;2,20;98,50;0;-0,10;3,50;20;4;4,50;
2026-07-02 10:40:00.0;OFF;ON;50;4,70;6,80;4,30;2,10;98,50;0;-0,20;3,50;20;4;4,50;
2026-07-02 10:41:00.0;OFF;ON;50;4,70;6,80;4,30;2,10;98,50;0;-0,30;3,50;20;4;4,50;
2026-07-02 10:42:00.0;OFF;ON;50;4,60;6,90;4,40;2,20;98,50;0;-0,20;3,50;20;4,10;4,50;
2026-07-02 10:43:00.0;OFF;ON;50;4,70;6,90;4,40;2,20;98,50;0;-0,30;3,50;20;4,10;4,60;
2026-07-02 10:44:00.0;OFF;ON;50;4,80;6,90;4,40;2,30;98,50;0;-0,40;3,50;20;4,10;4,60;
2026-07-02 10:45:00.0;OFF;ON;50;4,80;6,90;4,40;2,30;98,50;0;-0,30;3,50;20;4,10;4,60;
2026-07-02 10:46:00.0;OFF;ON;50;4,70;7;4,50;2,50;98,50;0;-0,20;3,50;20;4,10;4,60;
2026-07-02 10:47:00.0;OFF;ON;50;4,50;2,50;4,50;2,80;98,50;0;0;3,50;35,30;4,20;4,70;
2026-07-02 10:48:00.0;OFF;ON;50;4,60;2,60;4,60;2,80;98,50;0;-0,10;3,50;39;4,20;4,60;
2026-07-02 10:49:00.0;OFF;ON;50;4,60;2,70;4,70;2,80;98,50;0;0,10;3,50;42,20;4,60;4,70;
2026-07-02 10:50:00.0;OFF;ON;50;4,30;2,70;4,70;2,80;98,50;0;0,40;3,50;43,20;4,60;4,70;
2026-07-02 10:51:00.0;OFF;ON;50;4,30;2,80;4,80;3,10;98,50;0;0,50;2;45,50;4,40;4,60;
2026-07-02 10:52:00.0;OFF;ON;50;4,30;2,90;4,90;3,70;98,50;0;0,60;2;48,30;4,40;4,60;
2026-07-02 10:53:00.0;OFF;ON;50;4,10;2,70;4,70;3,80;98,50;0;0,70;2;50,30;4,30;4,50;
2026-07-02 10:54:00.0;OFF;ON;50;3,90;2,60;4,60;3;98,50;0;0,70;2;52,10;4,30;4,40;
2026-07-02 10:55:00.0;OFF;ON;50;3,60;2,50;4,50;2,60;98,50;0;0,90;2;53,10;4,20;4,30;
2026-07-02 10:56:00.0;OFF;ON;50;3,60;2,40;4,40;2,30;98,50;0;0,80;2;55,60;4,20;4,10;
2026-07-02 10:57:00.0;ON;OFF;50;3,30;2,30;4,30;2;98,50;0;0,90;2;56,60;4,20;4;
2026-07-02 10:58:00.0;ON;OFF;50;3,10;2,10;4,10;1,70;98,50;0;1,10;2;57,60;4,10;3,90;
2026-07-02 10:59:00.0;ON;OFF;50;2,80;2;4;1,60;98,50;0;1,20;2;58,80;4;3,70;
2026-07-02 11:00:00.0;ON;OFF;50;2,60;1,90;3,90;1,40;98,50;0;1,30;2;58,70;3,90;3,60;
2026-07-02 11:01:00.0;ON;OFF;50;2,50;1,80;3,80;1,20;98,50;0;1,30;2;60,80;3,80;3,40;
2026-07-02 11:02:00.0;ON;OFF;50;2,20;1,70;3,70;1,10;98,50;0;1,50;2;60,80;3,70;3,20;
2026-07-02 11:03:00.0;ON;OFF;50;1,90;1,50;3,50;0,90;98,20;0;1,60;2;60,80;3,60;3,10;
2026-07-02 11:04:00.0;ON;OFF;50;2;1,50;3,50;0,70;98;0;1,50;2;62,30;3,70;3;
2026-07-02 11:05:00.0;ON;OFF;50;2;1,60;3,60;0,60;97,90;0;1,60;2;62,30;4;3;
2026-07-02 11:06:00.0;ON;OFF;50;2;1,60;3,60;0,60;97,80;0;1,60;2;62,50;4;3;
2026-07-02 11:07:00.0;ON;OFF;50;1,40;1,60;3,60;0,40;97,50;0;2,20;2;59,30;4,10;2,90;
2026-07-02 11:08:00.0;ON;OFF;50;1,40;1,50;3,50;0,40;97,40;0;2,20;2;59;4,10;2,90;
2026-07-02 11:09:00.0;ON;OFF;50;1,30;1,40;3,40;0,30;97,20;0;2,20;2;59,30;4,10;2,80;
2026-07-02 11:10:00.0;ON;OFF;50;1,40;1,40;3,40;0,10;97;0;2;2;60;4;2,80;
2026-07-02 11:11:00.0;ON;OFF;50;1,40;1,40;3,40;0,10;97;0;2;2;59,80;4,10;2,80;
2026-07-02 11:12:00.0;ON;OFF;50;1,30;1,40;3,40;0;97;0;2;2;59,80;4;2,70;
2026-07-02 11:13:00.0;ON;OFF;50;1,30;1,30;3,30;-0,10;97;0;2;2;60;4;2,70;
2026-07-02 11:14:00.0;ON;OFF;50;1,30;1,40;3,40;-0,10;97;0;2,10;2;59,70;4,20;2,80;
2026-07-02 11:15:00.0;ON;OFF;50;1,20;1,20;3,20;-0,20;97;0;2;2;59,20;3,70;2,60;
2026-07-02 11:16:00.0;ON;OFF;50;1,40;1,10;3,10;-0,20;97;0;1,70;2;61,90;3,40;2,40;
2026-07-02 11:17:00.0;ON;OFF;50;0,50;0,90;2,90;-0,30;96,80;0;2,30;2;57,30;3,10;2,20;
2026-07-02 11:18:00.0;ON;OFF;50;0,60;0,70;2,70;-0,40;96,50;0;2,10;2;58,30;3;2;
2026-07-02 11:19:00.0;ON;OFF;50;1;0,70;2,70;-0,50;96,20;0;1,70;2;61;2,90;1,90;
2026-07-02 11:20:00.0;ON;OFF;50;0,40;0,80;2,80;-0,50;96;0;2,40;2;56,30;3,60;2,10;
2026-07-02 11:21:00.0;ON;OFF;50;0,80;1,10;3,10;-0,40;97,10;0;2,40;2;55,80;4,10;2,30;
2026-07-02 11:22:00.0;ON;OFF;50;1,30;1,40;3,40;-0,20;98;0;2,10;2;57;4,20;2,40;
2026-07-02 11:23:00.0;ON;OFF;50;1,20;1,70;3,70;0,10;98,50;0;2,40;2;53,80;4,40;2,80;
2026-07-02 11:24:00.0;ON;OFF;50;1,40;1,80;3,80;0,30;98,50;0;2,40;2;53,80;4,40;2,80;
2026-07-02 11:25:00.0;ON;OFF;50;1,80;1,90;3,90;0,30;98,50;0;2,10;2;54,40;4,70;2,90;
2026-07-02 11:26:00.0;ON;OFF;50;1,40;2;4;0,40;98,50;0;2,60;2;51,10;4,90;3,20;
2026-07-02 11:27:00.0;ON;OFF;50;1,90;2,20;4,20;0,60;98,50;0;2,40;2;51,40;5,20;3,40;
2026-07-02 11:28:00.0;ON;OFF;50;2,10;2,40;4,40;0,70;98,50;0;2,20;2;51,50;5,30;3,50;
2026-07-02 11:29:00.0;ON;OFF;50;2,40;2,50;4,50;0,80;98,50;0;2,10;2;52,30;5,40;3,60;
2026-07-02 11:30:00.0;ON;OFF;50;2,40;2,70;4,70;1,30;98,50;0;2,30;2;50,10;5,60;3,80;
2026-07-02 11:31:00.0;ON;OFF;50;2,70;2,90;4,90;1,50;98,50;0;2,20;2;49,50;5,70;3,90;
2026-07-02 11:32:00.0;ON;OFF;50;2,80;3;5;1,70;98,50;0;2,20;2;49,40;5,80;4,10;
2026-07-02 11:33:00.0;ON;OFF;50;2,80;3,10;5,10;1,80;98,50;0;2,30;2;48,40;5,90;4,20;
2026-07-02 11:34:00.0;ON;OFF;50;3,10;3,40;5,40;2;98,50;0;2,30;2;47,90;6,10;4,30;
2026-07-02 11:35:00.0;ON;OFF;50;3,40;3,60;5,60;2,30;98,50;0;2,20;2;47,60;6,70;4,60;
2026-07-02 11:36:00.0;ON;OFF;50;3,30;3,80;5,80;2,40;98,50;0;2,50;2;45,20;6,90;4,80;
2026-07-02 11:37:00.0;ON;OFF;50;3,60;4,10;6,10;2,70;98,50;0;2,50;2;44;7,20;5;
2026-07-02 11:38:00.0;ON;OFF;50;3,90;4,20;6,20;2,80;98,50;0;2,40;2;44,70;7,20;5,10;
2026-07-02 11:39:00.0;ON;OFF;50;4;4,40;6,40;3,20;98,50;0;2,50;2;43,50;7,30;5,40;
2026-07-02 11:40:00.0;ON;OFF;50;4,90;4,80;6,80;3,90;98,50;0;1,90;2;46,10;7,50;5,60;
2026-07-02 11:41:00.0;ON;OFF;50;5,10;5;7;4,10;98,50;0;1,90;2;46,40;7,40;5,90;
2026-07-02 11:42:00.0;ON;OFF;50;5,30;5,10;7,10;4,10;98,50;0;1,80;2;47,10;7,50;6,20;
2026-07-02 11:43:00.0;ON;OFF;50;5,80;5,40;7,40;4,40;98,50;0;1,60;2;49,20;7,80;6,50;
2026-07-02 11:44:00.0;ON;OFF;50;5,80;5,60;7,60;4,60;98,50;0;1,80;2;48,40;8;6,80;
2026-07-02 11:45:00.0;ON;OFF;50;6,10;5,90;7,90;4,80;98,50;0;1,80;2;48,60;8,50;7,20;
2026-07-02 11:46:00.0;ON;OFF;50;6;6;8;5;98,50;0;2,10;2;47,20;8,70;7,40;
2026-07-02 11:47:00.0;ON;OFF;50;6,20;6,30;8,30;4,30;98,60;0,10;2,10;2;46;9,20;7,60;
2026-07-02 11:48:00.0;ON;OFF;50;6,20;6,50;8,50;4,30;98,60;0,10;2,30;2;44,20;9,70;7,80;
2026-07-02 11:49:00.0;ON;OFF;50;6,30;6,70;8,70;4,40;98,60;0;2,40;2;42,60;9,70;8;
2026-07-02 11:50:00.0;ON;OFF;50;6,20;6,80;8,80;4,60;98,60;0;2,60;2;40,20;9,70;8;
2026-07-02 11:51:00.0;ON;OFF;50;6,50;7;9;4,80;98,60;0;2,50;2;40;9,70;8,10;
2026-07-02 11:52:00.0;ON;OFF;50;6,60;7;9;4,90;98,60;0,10;2,40;2;40;9,50;8;
2026-07-02 11:53:00.0;ON;OFF;50;6,80;7,10;9,10;5,10;98,60;0,10;1,70;2;43,70;9,90;8,20;
2026-07-02 11:54:00.0;ON;OFF;50;7,60;7,40;9,40;5,30;98,60;0,10;1,70;2;43,90;10,30;8,60;
2026-07-02 11:55:00.0;ON;OFF;50;8;7,60;9,60;5,50;98,60;0,10;1,60;2;45,60;10,20;8,90;
2026-07-02 11:56:00.0;ON;OFF;50;8,30;7,80;9,80;5,80;98,60;0;1,50;2;47,10;10,40;9,10;
2026-07-02 11:57:00.0;ON;OFF;50;8,60;8,20;10,20;6,20;98,60;0,10;1,60;2;46,90;11,20;9,40;
2026-07-02 11:58:00.0;ON;OFF;50;8,90;8,60;10,60;6,70;98,50;0,10;1,70;2;47,40;11,50;9,90;
2026-07-02 11:59:00.0;ON;OFF;50;8,80;8,70;10,70;6,90;98,50;0,10;1,80;2;46,80;11,40;9,90;
2026-07-02 12:00:00.0;ON;OFF;50;9;8,90;10,90;7,10;98,60;0,10;2;2;45,70;11,40;9,90;
2026-07-02 12:01:00.0;ON;OFF;50;8,70;9,10;11,10;7,20;98,60;0,10;2,40;2;43;11,30;9,90;
2026-07-02 12:02:00.0;ON;OFF;50;8,90;9,10;11,10;7,60;98,60;0,10;2,30;2;43,30;11;9,80;
2026-07-02 12:03:00.0;ON;OFF;50;9;9,20;11,20;7,80;98,60;0,10;2,20;2;43,40;11,10;9,80;
2026-07-02 12:04:00.0;ON;OFF;50;9;9,40;11,40;8;98,60;0,10;2,30;2;41,70;11,40;9,90;
2026-07-02 12:05:00.0;ON;OFF;50;9;9,50;11,50;8,10;98,60;0,10;2,50;2;39,70;11,50;10;
2026-07-02 12:06:00.0;ON;OFF;50;9;9,70;11,70;8,20;98,60;0,10;2,70;2;37,80;11,80;10,20;
2026-07-02 12:07:00.0;ON;OFF;50;9,40;9,80;11,80;8,30;98,60;0,10;2,40;2;38,70;12,30;10,60;
2026-07-02 12:08:00.0;ON;OFF;50;9,80;10,10;12,10;8,60;98,60;0,10;2,20;2;38,90;12,70;11;
2026-07-02 12:09:00.0;ON;OFF;50;10,10;10,20;12,20;8,80;98,60;0,10;2,10;2;40;12,80;11,20;
2026-07-02 12:10:00.0;ON;OFF;50;10,40;10,30;12,30;8,90;98,60;0,10;2;2;40,90;12,90;11,50;
2026-07-02 12:11:00.0;ON;OFF;50;10,50;10,50;12,50;9,10;98,70;0,10;2;2;41,10;13;11,60;
2026-07-02 12:12:00.0;ON;OFF;50;10,90;10,90;12,90;9,50;98,70;0,10;2;2;41,30;13,60;12;
2026-07-02 12:13:00.0;ON;OFF;50;11,10;11,10;13,10;9,50;98,70;0,10;2;2;39,80;13,90;12,30;
2026-07-02 12:14:00.0;ON;OFF;50;10,80;11,20;13,20;9,40;98,70;0,10;2,40;2;37,80;14;12,40;
2026-07-02 12:15:00.0;ON;OFF;50;10,90;11,30;13,30;9,30;98,70;0,10;2,40;2;37,20;14;12,50;
2026-07-02 12:16:00.0;ON;OFF;50;10,90;11,30;13,30;9;98,70;0,10;2,40;2;36,40;14;12,50;
2026-07-02 12:17:00.0;ON;OFF;50;11;11,50;13,50;9,10;98,70;0,10;2,50;2;35,20;14,10;12,50;
2026-07-02 12:18:00.0;ON;OFF;50;11;11,60;13,60;9,40;98,70;0,10;2,50;2;33,80;14,20;12,50;
2026-07-02 12:19:00.0;ON;OFF;50;11,40;11,60;13,60;9,20;98,70;0,10;2,20;2;35,40;14,10;12,50;
2026-07-02 12:20:00.0;ON;OFF;50;11,70;11,70;13,70;9,60;98,70;0,10;2,10;2;35,90;14,20;12,70;
2026-07-02 12:21:00.0;ON;OFF;50;11,80;11,80;13,80;9,90;98,70;0,10;1,90;2;36,80;14,30;12,80;
2026-07-02 12:22:00.0;ON;OFF;50;12;12;14;9,90;98,80;0,10;2;2;36,80;14,60;13,10;
2026-07-02 12:23:00.0;ON;OFF;50;12,10;12;14,10;10,20;98,80;0,10;2;2;36;14,40;13,10;
2026-07-02 12:24:00.0;ON;OFF;50;12,70;12,10;14,10;10,30;98,80;0,10;1,40;2;40,80;14,40;13,20;
2026-07-02 12:25:00.0;ON;OFF;50;12,70;12,20;14,20;10,30;98,80;0,10;1,50;2;40,70;14,60;13,40;
2026-07-02 12:26:00.0;ON;OFF;50;12,60;12,40;14,40;10,40;98,80;0,10;1,80;2;40,10;14,70;13,60;
2026-07-02 12:27:00.0;ON;OFF;50;13,10;12,40;14,40;10,40;98,80;0,10;1,30;2;43,90;14,70;13,70;
2026-07-02 12:28:00.0;ON;OFF;50;13;12,50;14,50;10,50;98,80;0,10;1,50;2;43,60;14,80;13,80;
2026-07-02 12:29:00.0;ON;OFF;50;12,90;12,60;14,60;10,10;98,80;0,10;1,70;2;43,30;15;13,80;
2026-07-02 12:30:00.0;ON;OFF;50;12,80;12,70;14,70;10,50;98,80;0,10;1,90;2;42,50;15,10;13,90;
2026-07-02 12:31:00.0;ON;OFF;50;12,80;12,80;14,80;10,80;98,80;0,10;2;2;41,40;15,10;13,90;
2026-07-02 12:32:00.0;ON;OFF;50;12,60;12,80;14,80;10,90;98,80;0,10;2,20;2;40,60;15,30;13,90;
2026-07-02 12:33:00.0;ON;OFF;50;12,70;12,90;14,90;10,80;98,80;0,10;2,20;2;39,80;15,60;13,90;
2026-07-02 12:34:00.0;ON;OFF;50;12,70;12,90;14,90;10,80;98,80;0,10;2,20;2;39,80;15,60;14;
2026-07-02 12:35:00.0;ON;OFF;50;12,70;13;15;10,80;98,80;0,10;2,30;2;38,60;15,70;14;
2026-07-02 12:36:00.0;ON;OFF;50;12,70;13;15;10,80;98,80;0,10;2,30;2;38,70;15,60;14;
2026-07-02 12:37:00.0;ON;OFF;50;12,60;13,10;15,10;10,90;98,80;0,10;2,40;2;36,40;15,70;14;
2026-07-02 12:38:00.0;ON;OFF;50;12,70;13;15;10,80;98,80;0,10;2,40;2;36,40;15,60;13,90;
2026-07-02 12:39:00.0;ON;OFF;50;12,50;13;15;10,40;98,80;0,10;2,40;2;34,90;15,50;13,90;
2026-07-02 12:40:00.0;ON;OFF;50;12,80;12,90;14,90;10,50;98,80;0,10;2,10;2;36,60;15,40;13,90;
2026-07-02 12:41:00.0;ON;OFF;50;12,60;13;15;11,40;98,80;0,10;2,40;2;34,30;15,60;13,90;
2026-07-02 12:42:00.0;ON;OFF;50;13;13;15;10,90;98,80;0,10;2;2;36,10;15,50;13,90;
2026-07-02 12:43:00.0;ON;OFF;50;13;13;15;11;98,80;0,10;2;2;37,10;15,50;14;
2026-07-02 12:44:00.0;ON;OFF;50;13;13,10;15,10;10,60;98,80;0,10;2,10;2;35,60;15,60;14;
2026-07-02 12:45:00.0;ON;OFF;50;13,30;13;15,10;11;98,80;0,10;1,70;2;38,30;15,50;14;
2026-07-02 12:46:00.0;ON;OFF;50;13,30;13,10;15,20;11,20;98,90;0,10;1,80;2;38,60;15,60;14,20;
2026-07-02 12:47:00.0;ON;OFF;50;13,70;13,20;15,20;11,40;98,90;0,10;1,50;2;41,30;15,70;14,30;
2026-07-02 12:48:00.0;ON;OFF;50;13,90;13,30;15,30;11,60;98,90;0,10;1,40;2;42,90;15,90;14,40;
2026-07-02 12:49:00.0;ON;OFF;50;13,70;13,30;15,40;11,20;98,90;0,10;1,70;2;41,90;15,90;14,50;
2026-07-02 12:50:00.0;ON;OFF;50;13,90;13,40;15,40;11,10;98,90;0,10;1,50;2;43,70;15,80;14,50;
2026-07-02 12:51:00.0;ON;OFF;50;13,40;13,40;15,40;11,30;98,90;0,10;2;2;41,50;15,80;14,60;
2026-07-02 12:52:00.0;ON;OFF;50;13,40;13,40;15,40;11,40;98,90;0,10;2;2;41,50;15,70;14,50;
2026-07-02 12:53:00.0;ON;OFF;50;13,30;13,30;15,30;11,20;98,90;0,10;2;2;40,40;15,70;14,30;
2026-07-02 12:54:00.0;ON;OFF;50;13,20;13,30;15,30;11,10;98,90;0,10;2,10;2;40,30;15,70;14,30;
2026-07-02 12:55:00.0;ON;OFF;50;13,30;13,20;15,20;11,50;98,90;0,10;2;2;40,10;15,60;14,20;
2026-07-02 12:56:00.0;ON;OFF;50;13,10;13,20;15,20;11,60;98,90;0,10;2,20;2;39,40;15,70;14,20;
2026-07-02 12:57:00.0;ON;OFF;50;13;13,20;15,20;11,60;98,90;0,10;2,20;2;38,90;15,60;14,20;
2026-07-02 12:58:00.0;ON;OFF;50;12,80;13,20;15,20;11,40;98,90;0,10;2,40;2;37,30;15,50;14,10;
2026-07-02 12:59:00.0;ON;OFF;50;13,20;13,10;15,10;11,30;98,90;0,10;1,90;2;40,30;15,40;14;
2026-07-02 13:00:00.0;ON;OFF;50;13,10;13,10;15,10;11,30;98,90;0,10;2;2;39,20;15,60;14,10;
2026-07-02 13:01:00.0;ON;OFF;50;13,10;13,10;15,10;11,40;98,90;0,10;2;2;40,40;15,50;14,10;
2026-07-02 13:02:00.0;ON;OFF;50;13,40;13,10;15,20;11,40;98,90;0,10;1,80;2;41,50;15,40;14,20;
2026-07-02 13:03:00.0;ON;OFF;50;13;13,10;15,10;11,60;98,90;0,10;2,20;2;38,70;15,40;14,10;
2026-07-02 13:04:00.0;ON;OFF;50;12,90;13,10;15,10;11,90;98,90;0,10;2,30;2;37,70;15,50;14;
2026-07-02 13:05:00.0;ON;OFF;50;13,10;13,10;15,10;11,50;98,90;0,10;2,10;2;38,70;15,50;14;
2026-07-02 13:06:00.0;ON;OFF;50;13;13,10;15,10;11,40;98,90;0,10;2,10;2;38,40;15,30;14;
2026-07-02 13:07:00.0;ON;OFF;50;13,10;13,10;15;11,40;98,90;0,10;2;2;38,40;15,30;14;
2026-07-02 13:08:00.0;ON;OFF;50;13,40;13;15;11,60;98,90;0,10;1,60;2;41,70;15,40;14;
2026-07-02 13:09:00.0;ON;OFF;50;13,40;13,10;15,10;11,80;98,90;0,10;1,70;2;42,40;15,40;14,20;
2026-07-02 13:10:00.0;ON;OFF;50;13,40;13,10;15,20;11,50;98,90;0,10;1,70;2;42,50;15,40;14,30;
2026-07-02 13:11:00.0;ON;OFF;50;13,40;13,20;15,20;12;98,90;0,10;1,80;2;43,30;15,50;14,30;
2026-07-02 13:12:00.0;ON;OFF;50;13,40;13,20;15,20;11,80;98,90;0,10;1,80;2;43,10;15,40;14,30;
2026-07-02 13:13:00.0;ON;OFF;50;13,40;13,20;15,20;11,70;98,90;0,10;1,80;2;43,80;15,50;14,20;
2026-07-02 13:14:00.0;ON;OFF;50;13,20;13,20;15,10;11,90;98,90;0,10;1,90;2;43,10;15,40;14,20;
2026-07-02 13:15:00.0;ON;OFF;50;13,40;13,10;15,10;11,80;98,90;0,10;1,80;2;44,60;15,30;14,20;
2026-07-02 13:16:00.0;ON;OFF;50;13,10;13,10;15,10;11,60;98,90;0,10;2;2;42,60;15,30;14,10;
2026-07-02 13:17:00.0;ON;OFF;50;12,80;13,10;15,10;11,70;98,90;0,10;2,30;2;41,20;15,20;14;
2026-07-02 13:18:00.0;ON;OFF;50;13;13;14,90;11,60;98,90;0,10;2;2;41,80;15,20;13,90;
2026-07-02 13:19:00.0;ON;OFF;50;12,90;12,90;14,90;11,80;98,90;0,10;2;2;41,80;15,10;13,90;
2026-07-02 13:20:00.0;ON;OFF;50;12,70;12,90;14,90;11,90;98,90;0,10;2,20;2;43;15;13,80;
2026-07-02 13:21:00.0;ON;OFF;50;12,90;12,90;14,90;11,30;98,90;0,10;1,90;2;43,70;15,10;13,80;
2026-07-02 13:22:00.0;ON;OFF;50;13;12,90;14,90;11,50;98,90;0,10;1,90;2;43,10;15,10;13,90;
2026-07-02 13:23:00.0;ON;OFF;50;12,90;12,90;14,90;11,60;98,90;0,10;2;2;42,60;15,10;13,80;
2026-07-02 13:24:00.0;ON;OFF;50;13,40;12,80;14,90;11,70;98,90;0,10;1,50;2;45,50;15,10;13,80;
2026-07-02 13:25:00.0;ON;OFF;50;13,10;12,90;14,90;11,40;98,90;0,10;1,80;2;45,30;15,10;13,90;
2026-07-02 13:26:00.0;ON;OFF;50;13,20;12,90;14,90;11,80;98,90;0,10;1,70;2;44,30;15,10;13,90;
2026-07-02 13:27:00.0;ON;OFF;50;12,90;12,90;14,90;11,80;98,90;0,10;1,90;2;44,30;15,10;13,90;
2026-07-02 13:28:00.0;ON;OFF;50;12,90;12,90;14,90;11,50;98,90;0,10;2;2;45,90;15,20;13,90;
2026-07-02 13:29:00.0;ON;OFF;50;12,80;12,90;14,80;11,40;98,90;0,10;2;2;44;15,10;13,80;
2026-07-02 13:30:00.0;ON;OFF;50;12,80;12,80;14,80;11,60;98,90;0,10;2;2;45;15;13,90;
2026-07-02 13:31:00.0;ON;OFF;50;12,90;12,80;14,80;11,80;98,90;0,10;2;2;45,20;15;13,80;
2026-07-02 13:32:00.0;ON;OFF;50;12,70;12,80;14,80;11,80;98,90;0,10;2,10;2;44;15;13,80;
2026-07-02 13:33:00.0;ON;OFF;50;12,50;12,80;14,70;11,80;98,90;0,10;2,30;2;42,50;14,90;13,70;
2026-07-02 13:34:00.0;ON;OFF;50;12,50;12,70;14,70;11,70;98,90;0,10;2,20;2;42,80;14,90;13,60;
2026-07-02 13:35:00.0;ON;OFF;50;12,10;12,70;14,60;11,80;98,90;0,10;2,60;2;39,30;14,80;13,50;
2026-07-02 13:36:00.0;ON;OFF;50;11,90;12,60;14,60;11,70;98,90;0,10;2,60;2;38;14,80;13,40;
2026-07-02 13:37:00.0;ON;OFF;50;11,80;12,60;14,50;11,50;98,90;0,10;2,70;2;36,50;14,60;13,30;
2026-07-02 13:38:00.0;ON;OFF;50;11,80;12,50;14,40;11,50;98,90;0,10;2,60;2;35,90;14,60;13,20;
2026-07-02 13:39:00.0;ON;OFF;50;11,90;12,40;14,40;11,40;98,90;0,10;2,40;2;36,20;14,50;13,10;
2026-07-02 13:40:00.0;ON;OFF;50;12;12,40;14,30;11,40;98,90;0,10;2,40;2;35,90;14,50;13;
2026-07-02 13:41:00.0;ON;OFF;50;11,80;12,30;14,30;11,50;98,90;0,10;2,50;2;33,80;14,50;13;
2026-07-02 13:42:00.0;ON;OFF;50;12;12,30;14,30;11,30;98,90;0,10;2,30;2;34,50;14,40;13;
2026-07-02 13:43:00.0;ON;OFF;50;12;12,30;14,30;11,20;98,90;0,10;2,30;2;34,30;14,40;13;
2026-07-02 13:44:00.0;ON;OFF;50;11,90;12,20;14,20;11,30;98,90;0,10;2,30;2;33,60;14,50;13;
2026-07-02 13:45:00.0;ON;OFF;50;12,20;12,30;14,30;11,40;98,90;0,10;2,10;2;35,10;14,50;13,10;
2026-07-02 13:46:00.0;ON;OFF;50;12,40;12,20;14,30;11,30;98,90;0,10;1,90;2;36,50;14,40;13,10;
2026-07-02 13:47:00.0;ON;OFF;50;12,50;12,30;14,30;11,10;98,90;0,10;1,70;2;37,30;14,40;13,20;
2026-07-02 13:48:00.0;ON;OFF;50;12,60;12,30;14,30;11,40;98,90;0,10;1,70;2;38,10;14,40;13,20;
2026-07-02 13:49:00.0;ON;OFF;50;12,70;12,30;14,30;11,40;98,90;0,10;1,70;2;38,80;14,50;13,30;
2026-07-02 13:50:00.0;ON;OFF;50;13;12,40;14,40;11,30;98,90;0,10;1,40;2;41,60;14,50;13,40;
2026-07-02 13:51:00.0;ON;OFF;50;12,70;12,40;14,40;11,20;98,90;0,10;1,70;2;40,40;14,60;13,50;
2026-07-02 13:52:00.0;ON;OFF;50;12,60;12,40;14,50;11,60;98,90;0,10;1,90;2;39,80;14,60;13,60;
2026-07-02 13:53:00.0;ON;OFF;50;12,80;12,40;14,40;11,70;98,90;0,10;1,60;2;42,40;14,50;13,50;
2026-07-02 13:54:00.0;ON;OFF;50;12,60;12,40;14,40;11,50;98,90;0,10;1,80;2;41,30;14,50;13,50;
2026-07-02 13:55:00.0;ON;OFF;50;12,70;12,40;14,40;11,40;98,90;0,10;1,70;2;42,50;14,60;13,50;
2026-07-02 13:56:00.0;ON;OFF;50;13;12,40;14,40;11,70;98,90;0,10;1,40;2;44,90;14,50;13,50;
2026-07-02 13:57:00.0;ON;OFF;50;12,70;12,40;14,40;11,70;98,90;0,10;1,60;2;43,90;14,50;13,40;
2026-07-02 13:58:00.0;ON;OFF;50;12,60;12,40;14,40;11,40;98,90;0,10;1,80;2;43,90;14,50;13,50;
2026-07-02 13:59:00.0;ON;OFF;50;12,70;12,40;14,40;11,40;98,90;0,10;1,70;2;44,60;14,50;13,50;
2026-07-02 14:00:00.0;ON;OFF;50;12,50;12,40;14,40;11,50;98,90;0,10;1,90;2;44,30;14,50;13,50;
2026-07-02 14:01:00.0;ON;OFF;50;12,50;12,40;14,40;11,60;98,90;0,10;1,90;2;44,60;14,50;13,40;
2026-07-02 14:02:00.0;ON;OFF;50;12,40;12,30;14,40;11,50;98,90;1,10;2;2;44,60;14,50;13,40;
2026-07-02 14:03:00.0;ON;OFF;50;12,50;12,40;14,40;11,30;98,90;0,10;1,80;2;45,20;14,50;13,40;
2026-07-02 14:04:00.0;ON;OFF;50;12,40;12,40;14,40;11,50;98,90;0,10;2;2;44,70;14,50;13,30;
2026-07-02 14:05:00.0;ON;OFF;50;11,90;12,30;14,40;11,60;98,90;0,10;2,40;2;40,50;14,40;13,30;
2026-07-02 14:06:00.0;ON;OFF;50;11,80;12,40;14,30;11,60;98,90;0,10;2,50;2;39,50;14,30;13,10;
2026-07-02 14:07:00.0;ON;OFF;50;11,80;12,30;14,20;11,50;98,90;75,90;2,40;2;39,10;14,30;12,90;
2026-07-02 14:08:00.0;ON;OFF;50;12,10;12,30;14,30;11,40;98,90;75,80;2,20;2;39,40;14,30;13;
2026-07-02 14:09:00.0;ON;OFF;50;12;12,30;14,30;11,50;98,90;75,90;2,30;2;38,40;14,30;12,90;
2026-07-02 14:10:00.0;ON;OFF;50;12,50;12,40;14,40;11,80;98,90;75,90;1,90;2;40;14,30;13;
2026-07-02 14:11:00.0;ON;OFF;50;12,20;12,40;14,50;11,60;98,90;75,90;2,30;2;37,20;14,40;13,10;
2026-07-02 14:12:00.0;ON;OFF;50;12,50;12,50;14,50;11,70;98,90;75,80;2;2;38,30;14,40;13,10;
2026-07-02 14:13:00.0;ON;OFF;50;12,60;12,50;14,60;12;98,90;75,80;2;2;38;14,40;13,20;
2026-07-02 14:14:00.0;ON;OFF;50;12,30;12,60;14,70;11,90;98,90;75,80;2,40;2;35,60;14,50;13,30;
2026-07-02 14:15:00.0;ON;OFF;50;12,50;12,80;14,80;36,60;98,90;75,80;2,30;2;35,80;14,60;13,40;
2026-07-02 14:16:00.0;ON;OFF;50;12,70;12,80;14,80;42,10;98,90;75,70;2,20;2;36,20;14,60;13,40;
2026-07-02 14:17:00.0;ON;OFF;50;12,90;12,90;14,90;42,90;98,90;75,80;2;2;36,40;14,60;13,50;
2026-07-02 14:18:00.0;ON;OFF;50;12,80;12,90;15;43,10;98,90;75,70;2,20;2;35,10;14,70;13,50;
2026-07-02 14:19:00.0;ON;OFF;50;13,50;13,10;15,10;43,40;98,90;75,70;1,60;2;39,50;14,80;13,70;
2026-07-02 14:20:00.0;ON;OFF;50;13,60;13,10;15,20;43,40;98,90;75,70;1,60;2;40,30;14,90;13,80;
2026-07-02 14:21:00.0;ON;OFF;50;13,70;13,30;15,40;43,50;98,90;75,60;1,60;2;40,40;15;14,10;
2026-07-02 14:22:00.0;ON;OFF;50;13,70;13,50;15,50;43,60;98,90;75,50;1,80;2;39,70;15,10;14,20;
2026-07-02 14:23:00.0;ON;OFF;50;13,60;13,60;15,70;43,60;98,90;75,60;2,10;2;38;15,30;14,30;
2026-07-02 14:24:00.0;ON;OFF;50;13,70;13,80;15,80;43,70;98,90;75,60;2;2;39,20;15,30;14,40;
2026-07-02 14:25:00.0;ON;OFF;50;13,80;13,80;15,90;43,70;98,90;75,50;2;2;38,40;15,40;14,40;
2026-07-02 14:26:00.0;ON;OFF;50;14;13,90;16;43,80;98,90;75,50;2;2;38,30;15,40;14,50;
2026-07-02 14:27:00.0;ON;OFF;50;13,90;14;16,10;43,80;98,90;75,50;2,30;2;36,70;15,50;14,50;
2026-07-02 14:28:00.0;ON;OFF;50;13,60;14,20;16,20;43,80;98,90;75,50;2,60;2;34,20;15,50;14,50;
2026-07-02 14:29:00.0;ON;OFF;50;13,90;14,20;16,20;43,80;98,90;75,40;2,30;2;34,70;15,50;14,40;
2026-07-02 14:30:00.0;ON;OFF;50;13,80;14,20;16,30;43,90;98,90;75,50;2,50;2;33,20;15,70;14,50;
2026-07-02 14:31:00.0;ON;OFF;50;14;14,30;16,30;43,90;98,90;75,50;2,30;2;33,80;15,70;14,60;
2026-07-02 14:32:00.0;ON;OFF;50;14,40;14,30;16,40;43,90;98,90;75,50;2;2;35,80;15,70;14,70;
2026-07-02 14:33:00.0;ON;OFF;50;14,40;14,40;16,50;43,90;98,90;75,50;2,10;2;34,80;15,90;14,90;
2026-07-02 14:34:00.0;ON;OFF;50;14,70;14,50;16,50;43,90;98,90;75,40;1,90;2;36,10;16;14,90;
2026-07-02 14:35:00.0;ON;OFF;50;14,50;14,60;16,60;43,90;98,90;75,40;2,10;2;34,60;16,10;15,10;
2026-07-02 14:36:00.0;ON;OFF;50;14,40;14,60;16,60;43,90;98,90;75,40;2,20;2;33,90;16,10;15,10;
2026-07-02 14:37:00.0;ON;OFF;50;14,40;14,70;16,70;44;98,90;75,40;2,40;2;32,40;16,20;15,10;
2026-07-02 14:38:00.0;ON;OFF;50;14,50;14,70;16,80;44;98,90;75,40;2,30;2;32,20;16,20;15,10;
2026-07-02 14:39:00.0;ON;OFF;50;14,60;14,80;16,80;44;98,90;75,40;2,20;2;32,50;16,20;15,10;
2026-07-02 14:40:00.0;ON;OFF;50;14,70;14,90;17;44;98,90;75,30;2,30;2;31,90;16,40;15,30;
2026-07-02 14:41:00.0;ON;OFF;50;15,20;15;17,10;44;98,90;75,40;1,90;2;34,70;16,50;15,40;
2026-07-02 14:42:00.0;ON;OFF;50;15,30;15;17,30;44;98,90;75,40;1,90;2;36,40;16,70;15,80;
2026-07-02 14:43:00.0;ON;OFF;50;15,40;15;17,40;44;98,90;75,40;2;2;38,20;17;16;
2026-07-02 14:44:00.0;ON;OFF;50;15,40;15;17,40;44;98,90;75,40;2;2;38,30;17;16,10;
2026-07-02 14:45:00.0;ON;OFF;50;15,60;15;17,60;44;98,90;75,30;2;2;40,60;17,20;16,20;
2026-07-02 14:46:00.0;ON;OFF;50;15,40;15;17,70;44;98,90;75,30;2,20;2;41;17,30;16,30;
2026-07-02 14:47:00.0;ON;OFF;50;15,70;15;17,70;44;98,90;75,40;2;2;43,50;17,30;16,30;
2026-07-02 14:48:00.0;ON;OFF;50;15,40;15;17,70;44;98,90;75,40;2,30;2;42,30;17,40;16,30;
2026-07-02 14:49:00.0;ON;OFF;50;15;15;17,70;44;98,90;75,30;2,70;2;41,20;17,40;16,30;
2026-07-02 14:50:00.0;ON;OFF;50;15,30;15;18;44;98,90;75,40;2,70;2;43,20;17,60;16,90;
2026-07-02 14:51:00.0;ON;OFF;100;15,50;15;18;44;98,90;75,30;2,50;2;45;17,70;17,10;
2026-07-02 14:52:00.0;ON;OFF;100;15,40;15;18,10;44;98,90;75,30;2,70;2;44,70;17,80;17,20;
2026-07-02 14:53:00.0;ON;OFF;100;15,30;15;18,10;44;98,90;75,30;2,80;2;45,20;17,80;17,30;
2026-07-02 14:54:00.0;ON;OFF;100;15,40;15;18,10;44;98,90;75,30;2,70;2,50;46,70;17,80;17,30;
2026-07-02 14:55:00.0;ON;OFF;100;15,20;15;18,10;44;98,90;75,30;2,90;2,50;46,40;17,80;17,30;
2026-07-02 14:56:00.0;ON;OFF;100;15,10;15;18,10;44;98,90;75,30;3;2,50;46,10;17,80;17,30;
2026-07-02 14:57:00.0;ON;OFF;100;15,20;15;18,10;44;98,90;75,40;2,90;2,50;46,90;17,80;17,30;
2026-07-02 14:58:00.0;ON;OFF;100;15,30;15;18,10;44;98,90;75,30;2,80;2,50;48,10;17,80;17,20;
2026-07-02 14:59:00.0;ON;OFF;100;15,20;15;18;44;98,90;75,30;2,90;2,50;47,70;17,80;17,20;
2026-07-02 15:00:00.0;OFF;ON;100;15,20;15;18;44;98,90;75,30;2,80;2,50;48,20;17,70;17,10;
2026-07-02 15:01:00.0;OFF;ON;100;15;15;18;44;98,90;75,30;2,90;2,50;47,50;17,70;17,10;
2026-07-02 15:02:00.0;OFF;ON;100;15;15;18;43,90;98,90;75,30;3;2,50;46,90;17,70;17,10;
2026-07-02 15:03:00.0;OFF;ON;100;15,10;15;18;43,90;98,90;75,30;2,80;2,50;48,20;17,70;17,10;
2026-07-02 15:04:00.0;OFF;ON;100;15;15;17,90;43,90;98,90;75,30;3;2,50;46,90;17,70;17,10;
2026-07-02 15:05:00.0;OFF;ON;100;15;15;17,90;43,90;98,90;75,30;2,90;2,50;46,80;17,70;17,10;
2026-07-02 15:06:00.0;OFF;ON;100;14,90;15;17,90;43,90;98,90;75,30;3;2,50;46,40;17,60;17,10;
2026-07-02 15:07:00.0;OFF;ON;100;15;15;17,80;43,90;99;75,30;2,80;2,50;47,70;17,60;17;
2026-07-02 15:08:00.0;OFF;ON;100;14,80;15;17,80;43,90;98,90;75,30;3;2,50;45,70;17,60;17;
2026-07-02 15:09:00.0;OFF;ON;100;14,80;15;17,80;43,80;98,90;75,30;3;2,50;46;17,60;17;
2026-07-02 15:10:00.0;OFF;ON;100;14,90;15;17,80;43,80;98,90;75,30;2,90;2,50;46;17,50;17;
2026-07-02 15:11:00.0;OFF;ON;100;14,80;15;17,80;43,80;98,90;75,30;3;2,50;45,20;17,50;16,90;
2026-07-02 15:12:00.0;OFF;ON;100;14,90;15;17,70;43,80;98,90;75,30;2,80;2,50;46;17,50;16,90;
2026-07-02 15:13:00.0;OFF;ON;100;14,70;15;17,70;43,80;98,90;75,30;3;2,50;44,10;17,50;16,90;
2026-07-02 15:14:00.0;OFF;ON;100;14,90;15;17,70;43,70;98,90;75,30;2,80;2,50;45;17,40;16,90;
2026-07-02 15:15:00.0;OFF;ON;100;14,90;15;17,60;43,70;98,90;75,30;2,80;2,50;44,30;17,40;16,90;
2026-07-02 15:16:00.0;OFF;ON;100;14,90;15;17,60;43,70;98,90;75,30;2,80;2,50;43,90;17,40;16,80;
2026-07-02 15:17:00.0;OFF;ON;100;14,70;15;17,60;43,70;98,90;75,30;2,90;2,50;42,20;17,40;16,80;
2026-07-02 15:18:00.0;OFF;ON;100;14,80;15;17,60;43,60;98,90;75,30;2,70;2,50;42,80;17,40;16,80;
2026-07-02 15:19:00.0;OFF;ON;100;14,80;15;17,60;43,60;98,90;75,30;2,80;2,50;41,90;17,40;16,80;
2026-07-02 15:20:00.0;OFF;ON;100;14,80;15;17,50;43,60;98,90;75,30;2,80;2,50;41,30;17,30;16,80;
2026-07-02 15:21:00.0;OFF;ON;100;14,80;15;17,50;43,50;98,90;75,30;2,70;2,50;40,80;17,30;16,70;
2026-07-02 15:22:00.0;OFF;ON;100;14,70;15;17,50;43,50;98,90;75,30;2,80;2,50;39,60;17,30;16,70;
2026-07-02 15:23:00.0;OFF;ON;100;14,70;15;17,50;43,50;98,90;75,30;2,70;2,50;39,50;17,20;16,70;
2026-07-02 15:24:00.0;OFF;ON;100;14,60;14,90;17,40;43,50;98,90;75,30;2,80;2,50;38,10;17,20;16,70;
2026-07-02 15:25:00.0;OFF;ON;100;14,60;14,90;17,40;43,40;98,90;75,30;2,80;2,50;38,20;17,20;16,70;
2026-07-02 15:26:00.0;OFF;ON;100;14,90;14,90;17,40;43,40;98,90;75,30;2,60;2,50;39,30;17,20;16,70;
2026-07-02 15:27:00.0;OFF;ON;100;14,90;14,90;17,40;43,30;98,90;75,30;2,60;2,50;38,90;17,20;16,70;
2026-07-02 15:28:00.0;OFF;ON;100;14,90;14,90;17,40;43,30;98,90;75,30;2,50;2,50;38,60;17,20;16,70;
2026-07-02 15:29:00.0;OFF;ON;100;14,90;14,90;17,40;43,30;98,90;75,30;2,50;2,50;38,40;17,20;16,70;
2026-07-02 15:30:00.0;OFF;ON;100;14,80;14,90;17,40;43,20;98,90;75,30;2,60;2,50;38;17,20;16,70;
2026-07-02 15:31:00.0;OFF;ON;100;14,90;14,90;17,40;43,20;98,90;75,30;2,50;2,50;37,70;17,20;16,60;
2026-07-02 15:32:00.0;OFF;ON;100;14,80;14,90;17,30;43,20;98,90;75,20;2,50;2,50;37,60;17,10;16,60;
2026-07-02 15:33:00.0;OFF;ON;100;14,90;14,80;17,30;43,10;98,90;75,30;2,40;2,50;38,40;17,10;16,60;
2026-07-02 15:34:00.0;OFF;ON;100;14,70;14,80;17,30;43,10;98,90;75,30;2,60;2,50;37,10;17,10;16,60;
2026-07-02 15:35:00.0;OFF;ON;100;14,80;14,80;17,30;43;98,90;75,20;2,50;2,50;37,50;17,10;16,60;
2026-07-02 15:36:00.0;OFF;ON;100;14,80;14,80;17,30;43;98,90;75,20;2,50;2,50;38,50;17,10;16,60;
2026-07-02 15:37:00.0;OFF;ON;100;14,80;14,80;17,30;43;98,90;75,20;2,40;2,50;38,20;17,10;16,60;
2026-07-02 15:38:00.0;OFF;ON;100;14,80;14,80;17,30;42,90;98,90;75,30;2,50;2,50;38,20;17,10;16,60;
2026-07-02 15:39:00.0;OFF;ON;100;14,80;14,80;17,20;42,90;98,90;75,20;2,50;2,50;37,40;17;16,60;
2026-07-02 15:40:00.0;OFF;ON;100;14,80;14,70;17,20;42,80;98,90;75,20;2,50;2,50;37,30;17;16,60;
2026-07-02 15:41:00.0;OFF;ON;100;14,80;14,70;17,20;42,80;98,90;75,30;2,40;2,50;38,70;17;16,50;
2026-07-02 15:42:00.0;OFF;ON;100;14,70;14,70;17,20;42,70;98,90;75,30;2,40;2,50;38,50;17;16,50;
2026-07-02 15:43:00.0;OFF;ON;100;14,70;14,70;17,20;42,70;98,90;75,30;2,50;2,50;37,70;17;16,50;
2026-07-02 15:44:00.0;OFF;ON;100;14,70;14,70;17,20;42,60;98,90;75,20;2,40;2,50;38,40;17;16,50;
2026-07-02 15:45:00.0;OFF;ON;100;14,60;14,70;17,10;42,60;98,90;75,20;2,50;2,50;38,70;17;16,50;
2026-07-02 15:46:00.0;OFF;ON;100;14,60;14,60;17,10;42,50;98,90;75,20;2,50;2,50;38,60;16,90;16,50;
2026-07-02 15:47:00.0;OFF;ON;100;14,60;14,60;17,10;42,50;98,90;75,20;2,50;2,50;38,70;16,90;16,40;
2026-07-02 15:48:00.0;OFF;ON;100;14,70;14,60;17,10;42,40;98,90;75,20;2,40;2,50;38,90;16,90;16,40;
2026-07-02 15:49:00.0;OFF;ON;100;14,60;14,60;17,10;42,40;98,90;75,20;2,50;2,50;38,10;16,90;16,40;
2026-07-02 15:50:00.0;OFF;ON;100;14,70;14,50;17;42,30;98,90;75,20;2,30;2,50;39,80;16,90;16,40;
2026-07-02 15:51:00.0;OFF;ON;100;14,50;14,50;17;42,30;98,90;75,20;2,50;2,50;39,10;16,90;16,40;
2026-07-02 15:52:00.0;OFF;ON;100;14,50;14,50;17;42,20;98,90;75,20;2,50;2,50;39,20;16,80;16,30;
2026-07-02 15:53:00.0;OFF;ON;100;14,50;14,50;17;42,20;98,90;75,20;2,50;2,50;39,40;16,80;16,30;
2026-07-02 15:54:00.0;OFF;ON;100;14,60;14,50;17;42,10;98,90;75,20;2,40;2,50;39,70;16,80;16,30;
2026-07-02 15:55:00.0;OFF;ON;100;14,50;14,50;16,90;42,10;98,90;75,20;2,50;2,50;39,60;16,80;16,30;
2026-07-02 15:56:00.0;OFF;ON;100;14,50;14,40;16,90;42;98,90;75,20;2,50;2,50;39,80;16,70;16,30;
2026-07-02 15:57:00.0;OFF;ON;100;14,40;14,40;16,90;41,90;98,90;75,20;2,50;2,50;40,10;16,70;16,20;
2026-07-02 15:58:00.0;OFF;ON;100;14,50;14,40;16,90;41,90;98,90;75,20;2,40;2,50;40,40;16,70;16,20;
2026-07-02 15:59:00.0;OFF;ON;100;14,50;14,40;16,90;41,80;98,90;75,20;2,40;2,50;40,50;16,70;16,20;
2026-07-02 16:00:00.0;OFF;ON;100;14,40;14,40;16,90;41,80;98,90;75,20;2,40;2,50;40,70;16,70;16,20;
2026-07-02 16:01:00.0;OFF;ON;100;14,80;14,40;16,90;41,70;98,90;75,20;2,10;2,50;43,40;16,70;16,20;
2026-07-02 16:02:00.0;OFF;ON;100;14,80;14,40;16,90;41,70;98,90;75,20;2,10;2,50;44,20;16,70;16,30;
2026-07-02 16:03:00.0;OFF;ON;100;14,80;14,40;16,90;41,60;98,90;75,20;2,10;2,50;44,70;16,80;16,40;
2026-07-02 16:04:00.0;OFF;ON;100;14,50;14,40;16,90;41,50;98,90;75,20;2,40;2,50;43,80;16,70;16,30;
2026-07-02 16:05:00.0;OFF;ON;100;14,70;14,40;16,90;41,50;98,90;75,20;2,20;2,50;45,10;16,70;16,30;
2026-07-02 16:06:00.0;OFF;ON;100;14,60;14,30;16,80;41,40;98,90;75,20;2,20;2,50;45,40;16,70;16,20;
2026-07-02 16:07:00.0;OFF;ON;100;14,60;14,30;16,80;41,40;98,90;75,20;2,20;2,50;46,10;16,60;16,20;
2026-07-02 16:08:00.0;OFF;ON;100;14,80;14,30;16,80;41,30;98,90;75,20;2;2,50;47,80;16,60;16,20;
2026-07-02 16:09:00.0;OFF;ON;100;14,50;14,30;16,80;41,30;98,90;75,20;2,30;2,50;46,50;16,60;16,20;
2026-07-02 16:10:00.0;OFF;ON;100;14,30;14,30;16,80;41,20;98,90;75,20;2,40;2,50;45,80;16,60;16,10;
2026-07-02 16:11:00.0;OFF;ON;100;14,30;14,20;16,70;41,10;98,90;75,20;2,50;2,50;46;16,60;16,10;
2026-07-02 16:12:00.0;OFF;ON;100;14,20;14,20;16,70;41;98,90;75,20;2,50;2,50;46,10;16,50;16;
2026-07-02 16:13:00.0;OFF;ON;100;14,20;14,20;16,70;41;98,90;75,20;2,50;2,50;46,30;16,50;16;
2026-07-02 16:14:00.0;OFF;ON;100;14,20;14,20;16,60;40,90;98,90;75,20;2,50;2,50;46,50;16,50;16;
2026-07-02 16:15:00.0;OFF;ON;100;14,20;14,10;16,60;40,90;98,90;75,20;2,50;2,50;46,70;16,40;15,90;
2026-07-02 16:16:00.0;OFF;ON;100;14;14,10;16,60;40,80;98,90;75,20;2,50;2,50;47;16,40;15,90;
2026-07-02 16:17:00.0;OFF;ON;100;13,80;14,10;16,60;40,70;98,90;75,20;2,80;2,50;44,40;16,40;15,80;
2026-07-02 16:18:00.0;OFF;ON;100;13,90;14;16,50;40,60;98,90;75,20;2,60;2,50;45,30;16,30;15,70;
2026-07-02 16:19:00.0;OFF;ON;100;13,80;13,90;16,40;40,60;98,90;75,20;2,60;2,50;44,60;16,20;15,60;
2026-07-02 16:20:00.0;OFF;ON;100;13,50;13,90;16,30;40,50;98,90;75,20;2,80;2,50;43,10;16,20;15,60;
2026-07-02 16:21:00.0;OFF;ON;100;13,70;13,80;16,30;40,50;98,90;75,20;2,60;2,50;44,20;16,10;15,50;
2026-07-02 16:22:00.0;OFF;ON;100;13,50;13,80;16,30;40,40;98,90;75,20;2,70;2,50;43,10;16,10;15,50;
2026-07-02 16:23:00.0;OFF;ON;100;13,70;13,70;16,20;40,30;98,80;75,20;2,50;2,50;43,80;16;15,40;
2026-07-02 16:24:00.0;OFF;ON;100;13,60;13,70;16,20;40,20;98,70;75,20;2,60;2,50;43,20;16;15,40;
2026-07-02 16:25:00.0;OFF;ON;100;13,40;13,70;16,10;40,20;98,70;75,10;2,80;2,50;41,80;15,90;15,30;
2026-07-02 16:26:00.0;OFF;ON;100;13,30;13,60;16,10;40,10;98,70;75,10;2,80;2,50;41,30;15,90;15,30;
2026-07-02 16:27:00.0;OFF;ON;100;13,30;13,60;16,10;40,10;98,60;75,10;2,80;2,50;41,10;15,90;15,30;
2026-07-02 16:28:00.0;OFF;ON;100;13,30;13,60;16;40;98,60;75,10;2,70;2,50;40,90;15,80;15,20;
2026-07-02 16:29:00.0;OFF;ON;100;13,50;13,50;16;39,90;98,60;75,10;2,50;2,50;41,80;15,80;15,20;
2026-07-02 16:30:00.0;OFF;ON;100;13,30;13,50;16;39,90;98,60;75,10;2,70;2,50;40,80;15,80;15,20;
2026-07-02 16:31:00.0;OFF;ON;100;13,20;13,50;16;39,80;98,60;75,10;2,80;2,50;40;15,80;15,10;
2026-07-02 16:32:00.0;OFF;ON;100;13,40;13,40;15,90;39,70;98,60;75,10;2,50;2,50;41,20;15,70;15,10;
2026-07-02 16:33:00.0;OFF;ON;100;13,20;13,40;15,90;39,70;98,60;75,10;2,70;2,50;39,80;15,70;15;
2026-07-02 16:34:00.0;OFF;ON;100;13,30;13,40;15,90;39,60;98,60;75,10;2,60;2,50;40,70;15,60;15;
2026-07-02 16:35:00.0;OFF;ON;100;13,10;13,30;15,80;39,60;98,60;75,10;2,80;2,50;39,20;15,60;15;
2026-07-02 16:36:00.0;OFF;ON;100;13,20;13,30;15,80;39,50;98,60;75,10;2,60;2,50;39,80;15,60;15;
2026-07-02 16:37:00.0;OFF;ON;100;13,30;13,30;15,80;39,40;98,60;75,10;2,50;2,50;40;15,50;14,90;
2026-07-02 16:38:00.0;OFF;ON;100;13;13,30;15,70;39,40;98,50;75;2,80;2,50;38,70;15,50;14,90;
2026-07-02 16:39:00.0;OFF;ON;100;13,30;13,20;15,70;39,30;98,50;75;2,50;2,50;39,60;15,50;14,90;
2026-07-02 16:40:00.0;OFF;ON;100;13,20;13,20;15,70;39,20;98,50;75;2,50;2,50;39,30;15,50;14,90;
2026-07-02 16:41:00.0;OFF;ON;100;13,20;13,20;15,70;39,20;98,50;75;2,50;2,50;39,50;15,50;14,90;
2026-07-02 16:42:00.0;OFF;ON;100;13,20;13,20;15,70;39,10;98,50;75;2,50;2,50;39,30;15,40;14,90;
2026-07-02 16:43:00.0;OFF;ON;100;13;13,10;15,60;39;98,50;75;2,60;2,50;38,80;15,40;14,90;
2026-07-02 16:44:00.0;OFF;ON;100;13,20;13,10;15,60;39;98,50;75;2,40;2,50;40,30;15,40;14,90;
2026-07-02 16:45:00.0;OFF;ON;100;13,10;13,10;15,60;38,90;98,50;75;2,50;2,50;40,20;15,40;14,90;
2026-07-02 16:46:00.0;OFF;ON;100;13,10;13,10;15,60;38,80;98,50;75;2,50;2,50;40,20;15,40;14,80;
2026-07-02 16:47:00.0;OFF;ON;100;12,90;13,10;15,50;38,80;98,50;75;2,60;2,50;39,10;15,40;14,80;
2026-07-02 16:48:00.0;OFF;ON;100;13;13;15,50;38,70;98,50;75;2,50;2,50;39,40;15,40;14,80;
2026-07-02 16:49:00.0;OFF;ON;100;13;13;15,50;38,60;98,50;75;2,50;2,50;39,30;15,30;14,80;
2026-07-02 16:50:00.0;OFF;ON;100;13;13;15,50;38,60;98,50;75;2,50;2,50;40,20;15,30;14,80;
2026-07-02 16:51:00.0;OFF;ON;100;12,90;13;15,50;38,50;98,50;75;2,60;2,50;39,30;15,30;14,70;
2026-07-02 16:52:00.0;OFF;ON;100;13;13;15,40;38,40;98,50;75;2,50;2,50;40,30;15,30;14,70;
2026-07-02 16:53:00.0;OFF;ON;100;13;12,90;15,40;38,40;98,50;75;2,20;2,50;42,50;15,30;14,70;
2026-07-02 16:54:00.0;OFF;ON;100;13,20;12,90;15,40;38,30;98,50;75;2,30;2,50;42,30;15,20;14,80;
2026-07-02 16:55:00.0;OFF;ON;100;13,20;12,90;15,40;38,20;98,50;75;2,20;2,50;42,70;15,30;14,80;
2026-07-02 16:56:00.0;OFF;ON;100;13,50;12,90;15,40;38,20;98,50;75;1,90;2,50;45,10;15,30;14,80;
2026-07-02 16:57:00.0;OFF;ON;100;13,30;13;15,50;38,10;98,60;75;2,20;2,50;44,50;15,30;14,80;
2026-07-02 16:58:00.0;OFF;ON;100;13,20;13;15,40;38;98,70;75;2,20;2,50;44,50;15,30;14,80;
2026-07-02 16:59:00.0;OFF;ON;100;13,60;12,90;15,40;38;98,70;75;1,80;2,50;48,50;15,30;14,80;
2026-07-02 17:00:00.0;OFF;ON;100;13,60;13;15,50;37,90;98,70;75;1,90;2,50;49,20;15,30;14,90;
2026-07-02 17:01:00.0;OFF;ON;100;13,50;13;15,50;37,80;98,80;75;2;2,50;49,60;15,30;14,90;
2026-07-02 17:02:00.0;OFF;ON;100;13,30;13;15,50;37,80;98,90;75;2,20;2,50;48,90;15,30;14,90;
2026-07-02 17:03:00.0;OFF;ON;100;13,10;13;15,50;37,70;98,90;75;2,40;2,50;48;15,30;14,90;
2026-07-02 17:04:00.0;OFF;ON;100;12,90;13;15,40;37,60;98,90;75;2,50;2,50;46,90;15,20;14,80;
2026-07-02 17:05:00.0;OFF;ON;100;12,60;12,90;15,40;37,60;98,70;75;2,80;2,50;45,30;15,20;14,70;
2026-07-02 17:06:00.0;OFF;ON;100;12,40;12,80;15,30;37,50;98,60;75;2,90;2,50;44;15,10;14,50;
2026-07-02 17:07:00.0;OFF;ON;100;12,40;12,70;15,20;37,40;98,50;75;2,80;2,50;44;15;14,50;
2026-07-02 17:08:00.0;OFF;ON;100;12,30;12,60;15,10;37,30;98,40;75;2,80;2,50;43,20;14,90;14,40;
2026-07-02 17:09:00.0;OFF;ON;100;12,30;12,60;15;37,30;98,30;75;2,70;2,50;43,40;14,90;14,30;
2026-07-02 17:10:00.0;OFF;ON;100;12,10;12,50;15;37,20;98,20;75;2,90;2,50;41,50;14,80;14,20;
2026-07-02 17:11:00.0;OFF;ON;100;12;12,50;15;37,10;98,10;75;3;2,50;40,30;14,80;14,20;
2026-07-02 17:12:00.0;OFF;ON;100;11,90;12,40;14,90;37,10;98;75;3;2,50;39,70;14,70;14,10;
2026-07-02 17:13:00.0;OFF;ON;100;12,10;12,40;14,90;37;98,10;75;2,70;2,50;40,60;14,70;14,10;
2026-07-02 17:14:00.0;OFF;ON;100;12,10;12,40;14,80;36,90;98;75;2,80;2,50;40,10;14,70;14,10;
2026-07-02 17:15:00.0;OFF;ON;100;12,10;12,30;14,80;36,90;98;75;2,60;2,50;40,50;14,70;14,10;
2026-07-02 17:16:00.0;OFF;ON;100;12,30;12,30;14,80;36,80;98;75;2,50;2,50;40,50;14,60;14,10;
2026-07-02 17:17:00.0;OFF;ON;100;12;12,30;14,80;36,70;98;75;2,80;2,50;39,10;14,60;14,10;
2026-07-02 17:18:00.0;OFF;ON;100;12,10;12,30;14,80;36,60;98,20;75;2,70;2,50;39,30;14,60;14,10;
2026-07-02 17:19:00.0;OFF;ON;100;12,30;12,20;14,70;36,60;98,20;75;2,50;2,50;39,70;14,60;14;
2026-07-02 17:20:00.0;OFF;ON;100;12,20;12,20;14,70;36,50;98,20;75;2,50;2,50;39,80;14,60;14;
2026-07-02 17:21:00.0;OFF;ON;100;12,20;12,20;14,70;36,40;98,30;75;2,50;2,50;39,70;14,50;14;
2026-07-02 17:22:00.0;OFF;ON;100;12,10;12,20;14,70;36,40;98,20;75;2,60;2,50;39,20;14,50;14;
2026-07-02 17:23:00.0;OFF;ON;100;12,10;12,20;14,70;36,30;98,20;75;2,60;2,50;39,60;14,50;14;
2026-07-02 17:24:00.0;OFF;ON;100;12,10;12,20;14,70;36,20;98,30;75;2,60;2,50;39,30;14,50;14;
2026-07-02 17:25:00.0;OFF;ON;100;12,10;12,20;14,60;36,10;98,30;75;2,50;2,50;39,40;14,50;13,90;
2026-07-02 17:26:00.0;OFF;ON;100;12,10;12,10;14,60;36,10;98,30;75;2,60;2,50;39,20;14,50;13,90;
2026-07-02 17:27:00.0;OFF;ON;100;12,10;12,10;14,60;36;98,20;75;2,50;2,50;40,20;14,50;13,90;
2026-07-02 17:28:00.0;OFF;ON;100;12,30;12,10;14,60;35,90;98,20;75;2,30;2,50;41,40;14,40;14;
2026-07-02 17:29:00.0;OFF;ON;100;12,10;12,10;14,60;35,90;98,30;75;2,50;2,50;40,70;14,50;14;
2026-07-02 17:30:00.0;OFF;ON;100;12,60;12,10;14,60;35,80;98,40;75;2;2,50;43,80;14,40;14;
2026-07-02 17:31:00.0;OFF;ON;100;12,50;12,10;14,60;35,70;98,40;75;2,10;2,50;44,10;14,50;14,10;
2026-07-02 17:32:00.0;OFF;ON;100;13;12,10;14,60;35,60;98,50;75;1,70;2,50;47,60;14,50;14,10;
2026-07-02 17:33:00.0;OFF;ON;100;12,90;12,10;14,60;35,50;98,50;75;1,70;2,50;49,10;14,50;14,10;
2026-07-02 17:34:00.0;OFF;ON;100;12,70;12,20;14,70;35,50;98,60;75;2;2,50;48,20;14,60;14,20;
2026-07-02 17:35:00.0;OFF;ON;100;12,80;12,20;14,70;35,40;98,70;75;1,90;2,50;49,90;14,60;14,20;
2026-07-02 17:36:00.0;OFF;ON;100;12,30;12,20;14,70;35,30;98,70;75;2,40;2,50;47,60;14,60;14,20;
2026-07-02 17:37:00.0;OFF;ON;100;12,20;12,20;14,70;35,30;98,80;75;2,50;2,50;46,80;14,50;14,10;
2026-07-02 17:38:00.0;OFF;ON;100;12,20;12,20;14,70;35,20;98,70;75;2,50;2,50;46,80;14,50;14;
2026-07-02 17:39:00.0;OFF;ON;100;11,80;12,10;14,60;35,10;98,60;75;2,80;2,50;44,80;14,40;13,90;
2026-07-02 17:40:00.0;OFF;ON;100;11,80;12,10;14,50;35;98,50;75;2,70;2,50;44,80;14,30;13,80;
2026-07-02 17:41:00.0;OFF;ON;100;11,40;12;14,40;34,90;98,40;75;3;2,50;42,10;14,30;13,70;
2026-07-02 17:42:00.0;OFF;ON;100;11,60;11,90;14,40;34,90;98,20;75;2,80;2,50;42,50;14,30;13,60;
2026-07-02 17:43:00.0;OFF;ON;100;11,30;11,80;14,30;34,80;98,10;75;3;2,50;40,40;14,20;13,60;
2026-07-02 17:44:00.0;OFF;ON;100;11,40;11,80;14,30;34,80;98,10;75;2,90;2,50;40,50;14,10;13,50;
2026-07-02 17:45:00.0;OFF;ON;100;11,60;11,80;14,30;34,70;98;75;2,70;2,50;41,30;14,10;13,50;
2026-07-02 17:46:00.0;OFF;ON;100;11,30;11,70;14,20;34,60;98;75;2,90;2,50;39,10;14,10;13,50;
2026-07-02 17:47:00.0;OFF;ON;100;11,60;11,70;14,20;34,60;97,90;75;2,60;2,50;40,80;14,10;13,40;
2026-07-02 17:48:00.0;OFF;ON;100;11,40;11,70;14,20;34,50;97,90;75;2,80;2,50;39,20;14;13,50;
2026-07-02 17:49:00.0;OFF;ON;100;11,60;11,70;14,20;34,40;98;75;2,50;2,50;40,10;14;13,40;
2026-07-02 17:50:00.0;OFF;ON;100;11,60;11,70;14,20;34,40;98;75;2,50;2,50;39,90;14;13,40;
2026-07-02 17:51:00.0;OFF;ON;100;11,60;11,70;14,10;34,30;98,10;75;2,50;2,50;39,90;14;13,40;
2026-07-02 17:52:00.0;OFF;ON;100;11,60;11,60;14,10;34,30;98,10;75;2,50;2,50;39,60;14;13,40;
2026-07-02 17:53:00.0;OFF;ON;100;11,60;11,60;14,10;34,20;98,20;75;2,60;2,50;39,60;14;13,40;
2026-07-02 17:54:00.0;OFF;ON;100;11,40;11,60;14,10;34,20;98,20;75;2,70;2,50;38,60;14;13,40;
2026-07-02 17:55:00.0;OFF;ON;100;11,80;11,60;14,10;34,10;98,10;75;2,30;2,50;40,90;13,90;13,40;
2026-07-02 17:56:00.0;OFF;ON;100;11,60;11,60;14,10;34;98,20;75;2,50;2,50;40,70;13,90;13,40;
2026-07-02 17:57:00.0;OFF;ON;100;11,60;11,60;14,10;34;98,20;75;2,50;2,50;40,80;13,90;13,40;
2026-07-02 17:58:00.0;OFF;ON;100;12,10;11,60;14,10;33,90;98,20;75;2;2,50;44,10;13,90;13,50;
2026-07-02 17:59:00.0;OFF;ON;100;11,70;11,60;14,10;33,80;98,30;75;2,40;2,50;42,30;14;13,50;
2026-07-02 18:00:00.0;OFF;ON;100;11,70;11,60;14,10;33,80;98,40;75;2,40;2,50;42,10;14;13,60;
2026-07-02 18:01:00.0;OFF;ON;100;12,50;11,60;14,10;33,70;98,50;75;1,60;2,50;49;14;13,60;
2026-07-02 18:02:00.0;OFF;ON;100;12,40;11,70;14,20;33,60;98,60;75;1,80;2,50;49,10;14,10;13,70;
2026-07-02 18:03:00.0;OFF;ON;100;12,60;11,70;14,20;33,60;98,70;75;1,70;2,50;51,40;14,10;13,80;
2026-07-02 18:04:00.0;OFF;ON;100;12,50;11,70;14,30;33,60;98,70;75;1,80;2,50;51,90;14,10;13,80;
2026-07-02 18:05:00.0;OFF;ON;100;12,30;11,80;14,30;33,50;98,80;75;1,90;2,50;52,30;14,10;13,80;
2026-07-02 18:06:00.0;OFF;ON;100;11,80;11,80;14,30;33,40;98,80;75;2,40;2,50;50,10;14,10;13,80;
2026-07-02 18:07:00.0;OFF;ON;100;11,70;11,80;14,30;33,30;98,80;75;2,50;2,50;49,10;14,10;13,70;
2026-07-02 18:08:00.0;OFF;ON;100;11,70;11,70;14,20;33,30;98,80;75;2,50;2,50;49,10;14;13,60;
2026-07-02 18:09:00.0;OFF;ON;100;11,10;11,70;14,10;33,20;98,50;75;3;2,50;45,10;13,90;13,40;
2026-07-02 18:10:00.0;OFF;ON;100;11;11,50;14;33,20;98,20;75;3;2,50;44,20;13,80;13,20;
2026-07-02 18:11:00.0;OFF;ON;100;11;11,40;13,90;33,10;98,10;75;2,90;2,50;43,60;13,70;13,10;
2026-07-02 18:12:00.0;OFF;ON;100;10,90;11,30;13,80;33;97,90;75;2,90;2,50;42,60;13,70;13;
2026-07-02 18:13:00.0;OFF;ON;100;10,80;11,30;13,80;33;97,90;75;3;2,50;41,10;13,60;13;
2026-07-02 18:14:00.0;OFF;ON;100;11;11,30;13,70;32,90;97,80;75;2,70;2,50;42,20;13,60;12,90;
2026-07-02 18:15:00.0;OFF;ON;100;11;11,20;13,70;32,80;97,80;75;2,70;2,50;41,50;13,60;12,90;
2026-07-02 18:16:00.0;OFF;ON;100;10,80;11,20;13,70;32,80;97,80;75;2,90;2,50;40,20;13,50;12,90;
2026-07-02 18:17:00.0;OFF;ON;100;11;11,20;13,70;32,70;97,80;75;2,70;2,50;40,60;13,50;12,90;
2026-07-02 18:18:00.0;OFF;ON;100;10,80;11,20;13,70;32,60;97,80;75;2,90;2,50;38,80;13,50;12,90;
2026-07-02 18:19:00.0;OFF;ON;100;11,10;11,10;13,60;32,60;97,90;75;2,60;2,50;40,50;13,50;12,90;
2026-07-02 18:20:00.0;OFF;ON;100;10,90;11,10;13,60;32,50;97,90;75;2,70;2,50;39,10;13,50;12,90;
2026-07-02 18:21:00.0;OFF;ON;100;11,10;11,10;13,60;32,50;97,90;75;2,60;2,50;40;13,50;12,90;
2026-07-02 18:22:00.0;OFF;ON;100;10,90;11,10;13,60;32,40;98;75;2,70;2,50;38,60;13,40;12,90;
2026-07-02 18:23:00.0;OFF;ON;100;10,90;11,10;13,60;32,30;98;75;2,70;2,50;39;13,40;12,90;
2026-07-02 18:24:00.0;OFF;ON;100;10,90;11,10;13,60;32,30;98;75;2,60;2,50;38,90;13,40;12,90;
2026-07-02 18:25:00.0;OFF;ON;100;10,90;11,10;13,60;32,20;98,10;75;2,60;2,50;38,90;13,40;12,90;
2026-07-02 18:26:00.0;OFF;ON;100;11,10;11,10;13,60;32,10;98,10;74,90;2,50;2,50;39,30;13,40;12,90;
2026-07-02 18:27:00.0;OFF;ON;100;11,10;11,10;13,60;32,10;98,10;74,90;2,50;2,50;39,10;13,40;12,90;
2026-07-02 18:28:00.0;OFF;ON;100;10,90;11;13,50;32;98,10;75;2,60;2,50;38,80;13,40;12,90;
2026-07-02 18:29:00.0;OFF;ON;100;11;11;13,50;31,90;98,20;75;2,50;2,50;39,20;13,40;12,90;
2026-07-02 18:30:00.0;OFF;ON;100;11;11;13,50;31,90;98,20;74,90;2,50;2,50;39,90;13,30;12,80;
2026-07-02 18:31:00.0;OFF;ON;100;11;11;13,50;31,80;98,20;74,90;2,50;2,50;38,80;13,30;12,80;
2026-07-02 18:32:00.0;OFF;ON;100;11;11;13,50;31,70;98,10;74,90;2,50;2,50;38,80;13,30;12,80;
2026-07-02 18:33:00.0;OFF;ON;100;11;11;13,50;31,70;98,10;74,90;2,50;2,50;39,70;13,30;12,80;
2026-07-02 18:34:00.0;OFF;ON;100;11,10;11;13,50;31,60;98,20;74,90;2,40;2,50;39,90;13,30;12,80;
2026-07-02 18:35:00.0;OFF;ON;100;11,20;11;13,50;31,60;98,20;74,90;2,30;2,50;41,20;13,30;12,80;
2026-07-02 18:36:00.0;OFF;ON;100;11;11;13,50;31,50;98,20;74,90;2,50;2,50;40,60;13,30;12,80;
2026-07-02 18:37:00.0;OFF;ON;100;11,50;11;13,50;31,40;98,30;74,90;2;2,50;43,90;13,30;12,80;
2026-07-02 18:38:00.0;OFF;ON;100;11,40;11;13,50;31,40;98,30;74,90;2,10;2,50;43,70;13,30;12,90;
2026-07-02 18:39:00.0;OFF;ON;100;11,30;11;13,50;31,30;98,40;74,90;2,20;2,50;43,90;13,30;12,90;
2026-07-02 18:40:00.0;OFF;ON;100;11,80;11;13,50;31,30;98,40;74,90;1,70;2,50;48,30;13,30;12,90;
2026-07-02 18:41:00.0;OFF;ON;100;11,60;11;13,60;31,20;98,50;74,90;2;2,50;48;13,40;13,10;
2026-07-02 18:42:00.0;OFF;ON;100;11,90;11,10;13,60;31,10;98,60;74,90;1,70;2,50;50,90;13,40;13,10;
2026-07-02 18:43:00.0;OFF;ON;100;11,80;11,10;13,60;31;98,70;74,90;1,90;2,50;51,20;13,40;13,20;
2026-07-02 18:44:00.0;OFF;ON;100;11,40;11,10;13,60;31;98,60;74,90;2,20;2,50;49,70;13,40;13,20;
2026-07-02 18:45:00.0;OFF;ON;100;11,30;11,10;13,60;30,90;98,60;74,90;2,30;2,50;49,10;13,40;13,10;
2026-07-02 18:46:00.0;OFF;ON;100;11,20;11;13,50;30,90;98,50;74,90;2,30;2,50;49,20;13,40;12,90;
2026-07-02 18:47:00.0;OFF;ON;100;11,40;11;13,50;30,80;98,40;74,90;2,20;2,50;50,80;13,30;12,90;
2026-07-02 18:48:00.0;OFF;ON;100;11;11;13,50;30,70;98,40;74,90;2,50;2,50;49,60;13,30;12,90;
2026-07-02 18:49:00.0;OFF;ON;100;10,90;10,90;13,40;30,70;98,40;74,90;2,50;2,50;49,40;13,30;12,80;
2026-07-02 18:50:00.0;OFF;ON;100;10,90;10,90;13,40;30,60;98,30;74,90;2,50;2,50;48,50;13,20;12,80;
2026-07-02 18:51:00.0;OFF;ON;100;10,50;10,90;13,30;30,50;98,30;74,90;2,90;2,50;45,60;13,20;12,60;
2026-07-02 18:52:00.0;OFF;ON;100;10,40;10,80;13,30;30,50;98,10;74,90;2,90;2,50;44,30;13,10;12,50;
2026-07-02 18:53:00.0;OFF;ON;100;10,10;10,70;13,20;30,40;97,90;74,90;3,10;2,50;42,70;13;12,40;
2026-07-02 18:54:00.0;OFF;ON;100;10,10;10,60;13,10;30,30;97,80;74,90;3;2,50;41,90;13;12,30;
2026-07-02 18:55:00.0;OFF;ON;100;10;10,60;13,10;30,30;97,70;74,90;3,10;2,50;40,80;12,90;12,30;
2026-07-02 18:56:00.0;OFF;ON;100;10,20;10,50;13;30,20;97,70;74,90;2,80;2,50;40,80;12,80;12,20;
2026-07-02 18:57:00.0;OFF;ON;100;10,10;10,50;13;30,10;97,60;74,90;2,80;2,50;40,60;12,80;12,20;
2026-07-02 18:58:00.0;OFF;ON;100;10,10;10,50;13;30,10;97,50;74,90;2,90;2,50;39,70;12,80;12,20;
2026-07-02 18:59:00.0;OFF;ON;100;10,10;10,50;12,90;30;97,50;74,90;2,90;2,50;39,20;12,80;12,10;
2026-07-02 19:00:00.0;OFF;ON;100;10,30;10,40;12,90;29,90;97,60;74,90;2,60;2,50;40,30;12,70;12,10;
2026-07-02 19:01:00.0;OFF;ON;100;10,10;10,40;12,90;29,90;97,60;74,90;2,80;2,50;38,90;12,70;12,10;
2026-07-02 19:02:00.0;OFF;ON;100;10,30;10,40;12,90;29,80;97,70;74,90;2,60;2,50;39,50;12,70;12,10;
2026-07-02 19:03:00.0;OFF;ON;100;10,10;10,40;12,90;29,80;97,80;74,90;2,70;2,50;38,40;12,70;12,10;
2026-07-02 19:04:00.0;OFF;ON;100;10,20;10,40;12,90;29,70;97,80;74,90;2,70;2,50;38,70;12,70;12,10;
2026-07-02 19:05:00.0;OFF;ON;100;10,30;10,40;12,90;29,70;97,80;74,90;2,50;2,50;39,10;12,70;12,10;
2026-07-02 19:06:00.0;OFF;ON;100;10,30;10,40;12,90;29,60;97,90;74,90;2,60;2,50;39;12,70;12,10;
2026-07-02 19:07:00.0;OFF;ON;100;10,20;10,30;12,80;29,60;97,90;74,90;2,60;2,50;38,30;12,70;12,10;
2026-07-02 19:08:00.0;OFF;ON;100;10,20;10,30;12,80;29,50;97,90;74,90;2,70;2,50;38,10;12,70;12,10;
2026-07-02 19:09:00.0;OFF;ON;100;10,20;10,30;12,80;29,50;97,90;74,90;2,60;2,50;38,20;12,70;12,10;
2026-07-02 19:10:00.0;OFF;ON;100;10,20;10,30;12,80;29,40;98;74,90;2,60;2,50;38,20;12,60;12,10;
2026-07-02 19:11:00.0;OFF;ON;100;10,30;10,30;12,80;29,40;98;74,90;2,50;2,50;38,20;12,60;12,10;
2026-07-02 19:12:00.0;OFF;ON;100;10,20;10,30;12,80;29,30;98;74,90;2,60;2,50;38,20;12,60;12,10;
2026-07-02 19:13:00.0;OFF;ON;100;10,50;10,30;12,80;29,30;98;74,90;2,30;2,50;40,30;12,60;12,10;
2026-07-02 19:14:00.0;OFF;ON;100;10,40;10,30;12,80;29,20;98,10;74,90;2,40;2,50;40,10;12,60;12,20;
2026-07-02 19:15:00.0;OFF;ON;100;10,90;10,30;12,80;29,20;98,10;74,90;2;2,50;43,30;12,60;12,20;
2026-07-02 19:16:00.0;OFF;ON;100;10,70;10,30;12,80;29,10;98,20;74,90;2,10;2,50;43,20;12,70;12,30;
2026-07-02 19:17:00.0;OFF;ON;100;10,50;10,30;12,90;29;98,30;74,90;2,30;2,50;42,50;12,70;12,30;
2026-07-02 19:18:00.0;OFF;ON;100;10,80;10,40;12,90;29;98,40;74,90;2,10;2,50;45,10;12,70;12,30;
2026-07-02 19:19:00.0;OFF;ON;100;10,50;10,40;12,90;28,90;98,40;74,90;2,40;2,50;43,90;12,70;12,40;
2026-07-02 19:20:00.0;OFF;ON;100;10,50;10,40;12,90;28,90;98,40;74,80;2,40;2,50;44,30;12,70;12,30;
2026-07-02 19:21:00.0;OFF;ON;100;10,60;10,40;12,90;28,80;98,40;74,90;2,30;2,50;45,50;12,70;12,30;
2026-07-02 19:22:00.0;OFF;ON;100;10,80;10,30;12,80;28,80;98,40;74,80;2;2,50;47,70;12,70;12,30;
2026-07-02 19:23:00.0;OFF;ON;100;10,70;10,30;12,90;28,70;98,40;74,80;2,10;2,50;47,60;12,70;12,30;
2026-07-02 19:24:00.0;OFF;ON;100;10,60;10,40;12,80;28,70;98,40;74,80;2,20;2,50;47,60;12,70;12,30;
2026-07-02 19:25:00.0;OFF;ON;100;10,60;10,30;12,80;28,60;98,40;74,80;2,20;2,50;47,90;12,60;12,20;
2026-07-02 19:26:00.0;OFF;ON;100;10,40;10,30;12,80;28,60;98,30;74,80;2,40;2,50;47;12,60;12,20;
2026-07-02 19:27:00.0;OFF;ON;100;10,50;10,30;12,80;28,50;98,30;74,80;2,30;2,50;47,70;12,60;12,20;
2026-07-02 19:28:00.0;OFF;ON;100;10,70;10,30;12,80;28,50;98,30;74,80;2,10;2,50;49,80;12,60;12,10;
2026-07-02 19:29:00.0;OFF;ON;100;10,70;10,20;12,80;28,40;98,30;74,80;2,10;2,50;50,40;12,60;12,20;
2026-07-02 19:30:00.0;OFF;ON;100;10,30;10,30;12,80;28,40;98,30;74,80;2,50;2,50;48,40;12,60;12,20;
2026-07-02 19:31:00.0;OFF;ON;100;10,30;10,30;12,70;28,30;98,30;74,80;2,40;2,50;48,40;12,50;12,10;
2026-07-02 19:32:00.0;OFF;ON;100;9,90;10,20;12,70;28,20;98,20;74,80;2,80;2,50;45,60;12,50;12;
2026-07-02 19:33:00.0;OFF;ON;100;10,10;10,20;12,60;28,20;98,10;74,80;2,50;2,50;46,80;12,40;11,90;
2026-07-02 19:34:00.0;OFF;ON;100;10;10,10;12,60;28,10;98;74,80;2,50;2,50;46,70;12,40;11,90;
2026-07-02 19:35:00.0;OFF;ON;100;9,90;10,10;12,50;28,10;97,90;74,80;2,60;2,50;46,30;12,30;11,80;
2026-07-02 19:36:00.0;OFF;ON;100;9,90;10;12,50;28;97,80;74,80;2,60;2,50;46,30;12,30;11,80;
2026-07-02 19:37:00.0;OFF;ON;100;9,70;10;12,50;28;97,80;74,80;2,80;2,50;44,40;12,30;11,80;
2026-07-02 19:38:00.0;OFF;ON;100;9,60;10;12,40;27,90;97,70;74,80;2,80;2,50;43,80;12,20;11,60;
2026-07-02 19:39:00.0;OFF;ON;100;9,60;9,90;12,30;27,90;97,60;74,80;2,80;2,50;42,90;12,10;11,50;
2026-07-02 19:40:00.0;OFF;ON;100;9,30;9,80;12,30;27,80;97,50;74,80;3;2,50;41,10;12,10;11,50;
2026-07-02 19:41:00.0;OFF;ON;100;9,40;9,80;12,20;27,80;97,40;74,80;2,80;2,50;41,30;12,10;11,40;
2026-07-02 19:42:00.0;OFF;ON;100;9,30;9,70;12,20;27,70;97,30;74,80;2,90;2,50;40,30;12;11,40;
2026-07-02 19:43:00.0;OFF;ON;100;9,30;9,70;12,20;27,70;97,40;74,80;2,80;2,50;40;12;11,40;
2026-07-02 19:44:00.0;OFF;ON;100;9,30;9,70;12,20;27,60;97,40;74,80;2,90;2,50;39,40;12;11,30;
2026-07-02 19:45:00.0;OFF;ON;100;9,30;9,60;12,10;27,50;97,40;74,80;2,80;2,50;39,30;12;11,30;
2026-07-02 19:46:00.0;OFF;ON;100;9,40;9,60;12,10;27,50;97,50;74,80;2,70;2,50;39,20;12;11,30;
2026-07-02 19:47:00.0;OFF;ON;100;9,50;9,60;12,10;27,40;97,50;74,80;2,60;2,50;40;11,90;11,30;
2026-07-02 19:48:00.0;OFF;ON;100;9,40;9,60;12,10;27,40;97,50;74,80;2,70;2,50;39,30;11,90;11,30;
2026-07-02 19:49:00.0;OFF;ON;100;9,60;9,60;12,10;27,30;97,60;74,80;2,50;2,50;39,70;11,90;11,30;
2026-07-02 19:50:00.0;OFF;ON;100;9,50;9,60;12,10;27,30;97,60;74,80;2,60;2,50;39,60;11,90;11,30;
2026-07-02 19:51:00.0;OFF;ON;100;9,40;9,60;12,10;27,20;97,70;74,80;2,60;2,50;39;11,90;11,30;
2026-07-02 19:52:00.0;OFF;ON;100;9,40;9,60;12;27,20;97,70;74,80;2,60;2,50;39;11,90;11,30;
2026-07-02 19:53:00.0;OFF;ON;100;9,70;9,50;12;27,10;97,70;74,80;2,30;2,50;40,90;11,80;11,30;
2026-07-02 19:54:00.0;OFF;ON;100;9,60;9,50;12;27,10;97,80;74,80;2,50;2,50;40,60;11,90;11,30;
2026-07-02 19:55:00.0;OFF;ON;100;9,50;9,50;12;27;97,80;74,80;2,50;2,50;40,70;11,90;11,40;
2026-07-02 19:56:00.0;OFF;ON;100;9,90;9,50;12;27;97,90;74,80;2,10;2,50;43,20;11,90;11,40;
2026-07-02 19:57:00.0;OFF;ON;100;9,80;9,60;12,10;26,90;98;74,80;2,20;2,50;43,40;11,90;11,50;
2026-07-02 19:58:00.0;OFF;ON;100;9,80;9,60;12,10;26,90;98,10;74,80;2,30;2,50;43,30;11,90;11,50;
2026-07-02 19:59:00.0;OFF;ON;100;10;9,60;12,10;26,80;98,10;74,80;2,10;2,50;45,10;11,90;11,50;
2026-07-02 20:00:00.0;OFF;ON;100;9,90;9,60;12,10;26,70;98,20;74,80;2,20;2,50;45,40;12;11,50;
2026-07-02 20:01:00.0;OFF;ON;100;9,70;9,60;12,10;26,70;98,20;74,80;2,50;2,50;44,30;11,90;11,50;
2026-07-02 20:02:00.0;OFF;ON;100;9,60;9,60;12,10;26,60;98,20;74,80;2,50;2,50;44,70;11,90;11,50;
2026-07-02 20:03:00.0;OFF;ON;100;9,90;9,60;12,10;26,60;98,20;74,80;2,20;2,50;46,50;11,90;11,40;
2026-07-02 20:04:00.0;OFF;ON;100;9,70;9,60;12,10;26,50;98,10;74,80;2,30;2,50;46,40;11,90;11,50;
2026-07-02 20:05:00.0;OFF;ON;100;9,80;9,60;12,10;26,50;98,20;74,80;2,20;2,50;47,50;11,90;11,50;
2026-07-02 20:06:00.0;OFF;ON;100;10,40;9,60;12,10;26,40;98,20;74,80;1,70;2,50;52,10;11,90;11,50;
2026-07-02 20:07:00.0;OFF;ON;100;10,20;9,60;12,10;26,40;98,30;74,80;2;2,50;51,60;12;11,70;
2026-07-02 20:08:00.0;OFF;ON;100;10,20;9,70;12,20;26,30;98,40;74,80;2;2,50;52,30;12;11,60;
2026-07-02 20:09:00.0;OFF;ON;100;9,90;9,70;12,10;26,30;98,40;74,80;2,20;2,50;51,50;12;11,60;
2026-07-02 20:10:00.0;OFF;ON;100;9,80;9,60;12,10;26,20;98,40;74,80;2,30;2,50;51,60;11,90;11,60;
2026-07-02 20:11:00.0;OFF;ON;100;9,80;9,60;12,10;26,20;98,40;74,80;2,30;2,50;51,60;11,90;11,50;
2026-07-02 20:12:00.0;OFF;ON;100;9,30;9,60;12;26,10;98,30;74,80;2,70;2,50;48,70;11,80;11,40;
2026-07-02 20:13:00.0;OFF;ON;100;7;9,50;11,90;26,10;98;74,80;4,90;2,50;59,10;11,70;11,20;
2026-07-02 20:14:00.0;OFF;ON;100;7,40;5,90;11,80;26;97,70;74,80;4,40;2,50;65;11,60;10,80;
2026-07-02 20:15:00.0;OFF;ON;100;6,70;5,60;11,50;25,90;97,10;74,80;4,80;2,50;65,60;11,30;10,40;
2026-07-02 20:16:00.0;OFF;ON;100;6,20;5,40;11,30;25,90;96,60;74,80;5,10;2,50;65,80;11,10;10,10;
2026-07-02 20:17:00.0;OFF;ON;100;5,90;5,20;11,10;25,80;95,90;74,80;5,20;2,50;66,80;10,90;9,80;
2026-07-02 20:18:00.0;OFF;ON;100;5,50;5;10,90;25,80;95,50;74,80;5,40;6;66,40;10,70;9,60;
2026-07-02 20:19:00.0;OFF;ON;100;5,20;4,80;10,70;25,70;95,10;74,80;5,50;6;67,20;10,60;9,40;
2026-07-02 20:20:00.0;OFF;ON;100;5,10;4,60;10,50;25,70;94,90;74,80;5,40;6;69,10;10,40;9,10;
2026-07-02 20:21:00.0;OFF;ON;100;4,90;4,40;10,40;25,60;94,70;74,80;5,50;6;69,20;10,20;9;
2026-07-02 20:22:00.0;OFF;ON;100;4,70;4,30;10,20;25,60;94,60;74,80;5,50;6;69,70;10;8,80;
2026-07-02 20:23:00.0;OFF;ON;100;4,30;4,10;10,10;25,50;94,50;74,80;5,70;6;69,30;9,90;8,60;
2026-07-02 20:24:00.0;OFF;ON;100;4,30;4,50;9,90;25,40;94,30;74,80;5,60;6;66,90;9,80;8,50;
2026-07-02 20:25:00.0;OFF;ON;100;4,20;4,40;9,80;25,40;94,30;74,80;5,70;6;66,10;9,70;8,30;
2026-07-02 20:26:00.0;OFF;ON;100;3,90;4,30;9,70;25,30;94,30;74,80;5,80;6;64,80;9,60;8,20;
2026-07-02 20:27:00.0;OFF;ON;100;3,80;4,20;9,60;25,30;94,30;74,80;5,80;6;64,60;9,50;8,10;
2026-07-02 20:28:00.0;OFF;ON;100;3,80;4,10;9,50;25,20;94,30;74,80;5,70;5,50;64,80;9,40;8;
2026-07-02 20:29:00.0;OFF;ON;100;3,70;4;9,40;25,20;94,30;74,80;5,80;5,50;63,90;9,30;7,90;
2026-07-02 20:30:00.0;OFF;ON;100;3,80;3,90;9,40;25,10;94,30;74,80;5,60;5,50;64,40;9,20;7,80;
2026-07-02 20:31:00.0;OFF;ON;100;3,50;3,80;9,30;25,10;94,50;74,80;5,80;5,50;62,80;9,10;7,70;
2026-07-02 20:32:00.0;OFF;ON;100;3,60;3,70;9,20;25;94,40;74,80;5,60;5,50;63,30;9,10;7,60;
2026-07-02 20:33:00.0;OFF;ON;100;3,50;3,70;9,10;25;94,50;74,80;5,70;5,50;62,80;9;7,50;
2026-07-02 20:34:00.0;OFF;ON;100;3,30;3,60;9,10;24,90;94,40;74,80;5,80;5,50;61,60;8,90;7,40;
2026-07-02 20:35:00.0;OFF;ON;100;3,30;3,50;9;24,90;94,70;74,80;5,70;5,50;62;8,90;7,40;
2026-07-02 20:36:00.0;OFF;ON;100;3,20;3,50;8,90;24,80;94,70;74,80;5,70;5,50;61,20;8,80;7,30;
2026-07-02 20:37:00.0;OFF;ON;100;3,30;3,40;8,90;24,80;94,70;74,80;5,60;5,50;61,70;8,70;7,20;
2026-07-02 20:38:00.0;OFF;ON;100;3,20;3,30;8,80;24,80;94,60;74,80;5,60;5,50;61,40;8,60;7,20;
2026-07-02 20:39:00.0;OFF;ON;100;3;3,30;8,70;24,70;94,70;74,80;5,70;5,50;60,10;8,60;7,10;
2026-07-02 20:40:00.0;OFF;ON;100;3,20;3,20;8,70;24,70;95;74,80;5,50;5,50;61,10;8,50;7,10;
2026-07-02 20:41:00.0;OFF;ON;100;3;3,20;8,60;24,60;95;74,80;5,60;5,50;60,60;8,50;7;
2026-07-02 20:42:00.0;OFF;ON;100;3,10;3,10;8,60;24,60;95;74,80;5,50;5,50;60,70;8,40;7;
2026-07-02 20:43:00.0;OFF;ON;100;3;3,10;8,50;24,50;95;74,70;5,50;5,50;60,70;8,40;6,90;
2026-07-02 20:44:00.0;OFF;ON;100;3;3;8,50;24,50;95;74,70;5,50;5,50;61,40;8,30;6,80;
2026-07-02 20:45:00.0;OFF;ON;100;2,80;3;8,40;24,50;95;74,70;5,60;5,50;60,10;8,30;6,80;
2026-07-02 20:46:00.0;OFF;ON;100;2,90;2,90;8,40;24,40;95;74,70;5,50;5,50;60,30;8,20;6,70;
2026-07-02 20:47:00.0;OFF;ON;100;2,70;2,90;8,30;24,40;95,10;74,70;5,60;5,50;60;8,20;6,70;
2026-07-02 20:48:00.0;OFF;ON;100;2,80;2,80;8,30;24,30;95,10;74,70;5,50;5,50;60,10;8,10;6,60;
2026-07-02 20:49:00.0;OFF;ON;100;2,70;2,80;8,20;24,30;95,10;74,70;5,50;5,50;60,20;8,10;6,60;
2026-07-02 20:50:00.0;OFF;ON;100;2,60;2,70;8,20;24,20;95;74,70;5,60;5,50;60;8;6,50;
2026-07-02 20:51:00.0;OFF;ON;100;2,50;2,60;8,10;24,20;95;74,70;5,60;5,50;59,90;8;6,50;
2026-07-02 20:52:00.0;OFF;ON;100;2,50;2,60;8,10;24,20;95,10;74,70;5,60;5,50;60,10;7,90;6,40;
2026-07-02 20:53:00.0;OFF;ON;100;2,40;2,50;8;24,10;95,10;74,70;5,60;5,50;59,80;7,90;6,40;
2026-07-02 20:54:00.0;OFF;ON;100;3,50;3,50;8;24,10;95,10;74,70;4,50;5,50;59,70;7,80;6,30;
2026-07-02 20:55:00.0;OFF;ON;100;3;3,50;8;24;95,30;74,70;5;5,50;56,50;7,80;6,50;
2026-07-02 20:56:00.0;OFF;ON;100;3,30;3,50;8;24;95,60;74,70;4,70;5,50;57,60;7,80;6,50;
2026-07-02 20:57:00.0;OFF;ON;100;3,40;3,50;8;23,90;95,80;74,70;4,60;5,50;58;7,90;6,60;
2026-07-02 20:58:00.0;OFF;ON;100;3,50;3,50;8,10;23,90;96;74,70;4,60;4,50;57;7,90;6,70;
2026-07-02 20:59:00.0;OFF;ON;100;3,50;3,60;8,10;23,90;96,10;74,70;4,50;4,50;57,60;7,90;6,70;
2026-07-02 21:00:00.0;OFF;ON;100;3,40;3,60;8,10;23,80;96,10;74,70;4,70;4,50;57;7,90;6,70;
2026-07-02 21:01:00.0;OFF;ON;100;3,50;3,60;8,10;23,80;96,20;74,70;4,50;4,50;57,40;7,90;6,70;
2026-07-02 21:02:00.0;OFF;ON;100;3,50;3,60;8,10;23,70;96,20;74,70;4,50;4,50;57,40;7,90;6,70;
2026-07-02 21:03:00.0;OFF;ON;100;3,40;3,50;8;23,70;96,30;74,70;4,60;4,50;56,70;7,90;6,70;
2026-07-02 21:04:00.0;OFF;ON;100;3,60;3,50;8;23,60;96,30;74,70;4,50;4,50;56,90;7,80;6,70;
2026-07-02 21:05:00.0;OFF;ON;100;3,50;3,50;8;23,60;96,30;74,70;4,60;4,50;57,10;7,80;6,70;
2026-07-02 21:06:00.0;OFF;ON;100;3,50;3,50;8;23,60;96,30;74,70;4,50;4,50;57;7,80;6,70;
2026-07-02 21:07:00.0;OFF;ON;100;3,40;3,50;8;23,50;96,30;74,70;4,50;4,50;56,90;7,80;6,70;
2026-07-02 21:08:00.0;OFF;ON;100;3,40;3,50;8;23,50;96,30;74,70;4,50;4,50;57,80;7,80;6,70;
2026-07-02 21:09:00.0;OFF;ON;100;3,50;3,50;7,90;23,40;96,30;74,70;4,40;4,50;58;7,80;6,60;
2026-07-02 21:10:00.0;OFF;ON;100;3,40;3,40;7,90;23,40;96,20;74,70;4,60;4,50;57,10;7,80;6,60;
2026-07-02 21:11:00.0;OFF;ON;100;3,40;3,40;7,90;23,40;96,30;74,70;4,50;4,50;57,90;7,70;6,60;
2026-07-02 21:12:00.0;OFF;ON;100;3,40;3,40;7,90;23,30;96,30;74,70;4,50;4,50;58,30;7,70;6,60;
2026-07-02 21:13:00.0;OFF;ON;100;3,40;3,40;7,90;23,30;96,30;74,70;4,50;4,50;58,20;7,70;6,60;
2026-07-02 21:14:00.0;OFF;ON;100;3,40;3,40;7,90;23,20;96,20;74,70;4,50;4,50;58,50;7,70;6,60;
2026-07-02 21:15:00.0;OFF;ON;100;3,40;3,40;7,80;23,20;96,30;74,70;4,40;4,50;58,60;7,60;6,60;
2026-07-02 21:16:00.0;OFF;ON;100;3,50;3,30;7,80;23,10;96,20;74,70;4,30;4,50;59,80;7,60;6,50;
2026-07-02 21:17:00.0;OFF;ON;100;3,40;3,30;7,80;23,10;96,20;74,70;4,30;4,50;59,70;7,60;6,50;
2026-07-02 21:18:00.0;OFF;ON;100;3,40;3,30;7,80;23;96,20;74,70;4,40;4,50;59,40;7,60;6,50;
2026-07-02 21:19:00.0;OFF;ON;100;3,40;3,30;7,70;23;96,20;74,70;4,40;4,50;59,90;7,60;6,50;
2026-07-02 21:20:00.0;OFF;ON;100;3,30;3,20;7,70;23;96,10;74,60;4,40;4,50;59,90;7,60;6,50;
2026-07-02 21:21:00.0;OFF;ON;100;3,40;3,20;7,70;22,90;96,20;74,70;4,30;4,50;61,10;7,50;6,50;
2026-07-02 21:22:00.0;OFF;ON;100;3,30;3,20;7,70;22,90;96,10;74,70;4,40;4,50;60,80;7,50;6,40;
2026-07-02 21:23:00.0;OFF;ON;100;3,40;3,20;7,70;22,80;96,10;74,70;4,30;4,50;61,90;7,50;6,40;
2026-07-02 21:24:00.0;OFF;ON;100;3,40;3,20;7,70;22,80;96,10;74,60;4,30;4,50;62,20;7,50;6,40;
2026-07-02 21:25:00.0;OFF;ON;100;3,40;3,10;7,60;22,70;96,20;74,60;4,20;4,50;63;7,40;6,40;
2026-07-02 21:26:00.0;OFF;ON;100;3,40;3,10;7,60;22,70;96,10;74,60;4,20;4,50;63,50;7,40;6,40;
2026-07-02 21:27:00.0;OFF;ON;100;3,20;3,10;7,60;22,60;96,10;74,60;4,40;4,50;62,90;7,40;6,40;
2026-07-02 21:28:00.0;OFF;ON;100;3,40;3,10;7,60;22,60;96,20;74,60;4,20;4,50;64,40;7,40;6,30;
2026-07-02 21:29:00.0;OFF;ON;100;3,30;3,10;7,60;22,50;96,10;74,60;4,20;4,50;64,50;7,40;6,30;
2026-07-02 21:30:00.0;OFF;ON;100;3,10;3;7,50;22,50;96,10;74,60;4,40;4,50;63,60;7,30;6,30;
2026-07-02 21:31:00.0;OFF;ON;100;3,10;3;7,50;22,50;96,10;74,60;4,40;4,50;64,10;7,30;6,20;
2026-07-02 21:32:00.0;OFF;ON;100;3,10;3;7,50;22,40;96,10;74,60;4,40;4,50;64,40;7,30;6,20;
2026-07-02 21:33:00.0;OFF;ON;100;3,20;3;7,40;22,40;96,10;74,60;4,30;4,50;65,30;7,30;6,20;
2026-07-02 21:34:00.0;OFF;ON;100;3;2,90;7,40;22,30;96,10;74,60;4,40;4,50;64,70;7,20;6,20;
2026-07-02 21:35:00.0;OFF;ON;100;2,90;2,90;7,40;22,30;96;74,60;4,50;4,50;64,90;7,20;6,10;
2026-07-02 21:36:00.0;OFF;ON;100;3;2,90;7,40;22,20;96;74,60;4,40;4,50;65,50;7,20;6,10;
2026-07-02 21:37:00.0;OFF;ON;100;2,80;2,80;7,30;22,20;95,90;74,60;4,50;4,50;65,20;7,10;6;
2026-07-02 21:38:00.0;OFF;ON;100;2,80;2,80;7,30;22,10;95,90;74,60;4,50;4,50;65,40;7,10;6;
2026-07-02 21:39:00.0;OFF;ON;100;2,80;2,80;7,20;22,10;95,90;74,60;4,40;4,50;65,70;7;5,90;
2026-07-02 21:40:00.0;OFF;ON;100;2,80;2,70;7,20;22,10;95,80;74,60;4,40;4,50;65,80;7;5,90;
2026-07-02 21:41:00.0;OFF;ON;100;2,70;2,70;7,20;22;95,90;74,60;4,50;4,50;65,80;7;5,80;
2026-07-02 21:42:00.0;OFF;ON;100;2,80;2,70;7,20;22;95,80;74,60;4,30;4,50;66,30;7;5,80;
2026-07-02 21:43:00.0;OFF;ON;100;2,60;2,60;7,10;21,90;95,80;74,60;4,50;4,50;65,80;6,90;5,80;
2026-07-02 21:44:00.0;OFF;ON;100;2,70;2,60;7,10;21,90;95,70;74,60;4,40;4,50;66,20;6,90;5,80;
2026-07-02 21:45:00.0;OFF;ON;100;2,60;2,60;7,10;21,80;95,70;74,60;4,50;4,50;66,20;6,90;5,70;
2026-07-02 21:46:00.0;OFF;ON;100;2,50;2,60;7;21,80;95,70;74,60;4,50;4,50;66,20;6,90;5,70;
2026-07-02 21:47:00.0;OFF;ON;100;2,60;2,50;7;21,70;95,60;74,60;4,40;4,50;63,30;6,80;5,70;
2026-07-02 21:48:00.0;OFF;ON;100;2,50;3;7;21,70;95,70;74,60;4,50;4,50;61,80;6,80;5,60;
2026-07-02 21:49:00.0;OFF;ON;100;2,40;2,90;6,90;21,60;95,70;74,60;4,50;4,50;60,80;6,80;5,60;
2026-07-02 21:50:00.0;OFF;ON;100;2,40;2,90;6,90;21,60;95,60;74,60;4,50;4,50;60,10;6,70;5,60;
2026-07-02 21:51:00.0;OFF;ON;100;2,50;2,90;6,90;21,50;95,60;74,60;4,40;4,50;59,80;6,70;5,50;
2026-07-02 21:52:00.0;OFF;ON;100;2,50;2,90;6,90;21,50;95,50;74,60;4,30;4;59,20;6,70;5,50;
2026-07-02 21:53:00.0;OFF;ON;100;2,30;2,80;6,80;21,50;95,60;74,60;4,50;4;57,60;6,60;5,50;
2026-07-02 21:54:00.0;OFF;ON;100;2,40;2,80;6,80;21,40;95,70;74,60;4,40;4;57,40;6,60;5,50;
2026-07-02 21:55:00.0;OFF;ON;100;2,40;2,80;6,80;21,40;95,70;74,60;4,40;4;56,40;6,60;5,40;
2026-07-02 21:56:00.0;OFF;ON;100;2,50;2,80;6,80;21,30;95,60;74,60;4,30;4;56,80;6,60;5,40;
2026-07-02 21:57:00.0;OFF;ON;100;2,60;2,70;6,70;21,30;95,70;74,60;4,20;4;57;6,50;5,40;
2026-07-02 21:58:00.0;OFF;ON;100;2,60;2,70;6,70;21,20;95,70;74,60;4,20;4;56,50;6,50;5,40;
2026-07-02 21:59:00.0;OFF;ON;100;2,50;2,70;6,70;21,20;95,70;74,60;4,20;4;56;6,50;5,40;
2026-07-02 22:00:00.0;OFF;ON;100;2,60;2,70;6,70;21,10;95,80;74,60;4,10;4;56,20;6,50;5,40;
2026-07-02 22:01:00.0;OFF;ON;100;2,50;2,70;6,70;21,10;95,90;74,60;4,20;4;55,30;6,50;5,40;
2026-07-02 22:02:00.0;OFF;ON;100;2,50;2,70;6,70;21;95,90;74,60;4,20;4;55,10;6,50;5,40;
2026-07-02 22:03:00.0;OFF;ON;100;2,50;2,70;6,70;21;95,90;74,60;4,20;4;54,80;6,50;5,40;
2026-07-02 22:04:00.0;OFF;ON;100;2,60;2,70;6,70;20,90;96;74,60;4,10;4;55,30;6,50;5,40;
2026-07-02 22:05:00.0;OFF;ON;100;2,60;2,70;6,60;20,90;96;74,60;4;4;55,10;6,40;5,40;
2026-07-02 22:06:00.0;OFF;ON;100;2,60;2,60;6,60;20,90;96;74,60;4;4;55,10;6,40;5,40;
2026-07-02 22:07:00.0;OFF;ON;100;2,60;2,60;6,60;20,80;96;74,60;4;4;55;6,40;5,40;
2026-07-02 22:08:00.0;OFF;ON;100;2,70;2,60;6,60;20,80;96;74,50;3,90;4;55,60;6,40;5,40;
2026-07-02 22:09:00.0;OFF;ON;100;2,50;2,60;6,60;20,70;96;74,60;4,10;4;54,80;6,40;5,40;
2026-07-02 22:10:00.0;OFF;ON;100;2,50;2,60;6,60;20,70;95,90;74,60;4,10;4;54,60;6,40;5,40;
2026-07-02 22:11:00.0;OFF;ON;100;2,60;2,60;6,60;20,60;96;74,60;4;4;54,60;6,40;5,30;
2026-07-02 22:12:00.0;OFF;ON;100;2,60;2,60;6,60;20,60;96;74,60;4;4;54,60;6,40;5,30;
2026-07-02 22:13:00.0;OFF;ON;100;2,50;2,50;6,50;20,50;95,90;74,60;4,10;4;54,60;6,40;5,30;
2026-07-02 22:14:00.0;OFF;ON;100;2,60;2,50;6,50;20,50;96;74,50;3,90;4;55,70;6,30;5,30;
2026-07-02 22:15:00.0;OFF;ON;100;2,50;2,50;6,50;20,40;95,90;74,60;4;4;55,60;6,30;5,30;
2026-07-02 22:16:00.0;OFF;ON;100;2,50;2,50;6,50;20,40;96;74,60;4;4;55,60;6,30;5,30;
2026-07-02 22:17:00.0;OFF;ON;100;2,60;2,50;6,50;20,30;96;74,60;3,90;4;56,20;6,30;5,30;
2026-07-02 22:18:00.0;OFF;ON;100;2,60;2,50;6,50;20,30;95,90;74,60;3,90;4;56,20;6,30;5,30;
2026-07-02 22:19:00.0;OFF;ON;100;2,50;2,50;6,50;20,20;96;74,60;4;4;55,90;6,30;5,30;
2026-07-02 22:20:00.0;OFF;ON;100;2,50;2,40;6,40;20,20;96;74,60;4;4;56,10;6,20;5,30;
2026-07-02 22:21:00.0;OFF;ON;100;2,60;2,40;6,40;20,10;96;74,50;3,80;4;56,90;6,20;5,20;
2026-07-02 22:22:00.0;OFF;ON;100;2,40;2,40;6,40;20,10;96;74,50;4;4;56,40;6,20;5,20;
2026-07-02 22:23:00.0;OFF;ON;100;2,40;2,40;6,40;20;95,90;74,60;4;4;56,60;6,20;5,20;
2026-07-02 22:24:00.0;OFF;ON;100;2,60;2,40;6,40;20;96;74,60;3,80;4;57,40;6,20;5,20;
2026-07-02 22:25:00.0;OFF;ON;100;2,60;2,40;6,40;20;96;74,60;3,80;4;57,60;6,20;5,20;
2026-07-02 22:26:00.0;OFF;ON;100;2,50;2,40;6,30;19,90;95,90;74,60;3,90;4;57,50;6,20;5,20;
2026-07-02 22:27:00.0;OFF;ON;100;2,50;2,30;6,30;19,90;95,90;74,60;3,80;4;58;6,10;5,20;
2026-07-02 22:28:00.0;OFF;ON;100;2,50;2,30;6,30;19,80;95,90;74,60;3,80;4;58,40;6,10;5,20;
2026-07-02 22:29:00.0;OFF;ON;100;2,30;2,30;6,30;19,80;96;74,50;4;4;57,90;6,10;5,10;
2026-07-02 22:30:00.0;OFF;ON;100;2,30;2,30;6,30;19,80;95,90;74,50;3,90;4;58,10;6,10;5,10;
2026-07-02 22:31:00.0;OFF;ON;100;2,40;2,30;6,30;19,70;96;74,50;3,90;4;58,70;6,10;5,10;
2026-07-02 22:32:00.0;OFF;ON;100;2,50;2,30;6,30;19,70;96;74,50;3,80;4;59,60;6,10;5,10;
2026-07-02 22:33:00.0;OFF;ON;100;2,50;2,30;6,20;19,60;96;74,50;3,80;4;60;6;5,10;
2026-07-02 22:34:00.0;OFF;ON;100;2,20;2,20;6,20;19,60;95,90;74,50;4;4;59,20;6;5,10;
2026-07-02 22:35:00.0;OFF;ON;100;2,50;2,20;6,20;19,60;95,90;74,50;3,70;4;61;6;5;
2026-07-02 22:36:00.0;OFF;ON;100;2,40;2,20;6,20;19,50;95,80;74,50;3,70;4;61,20;6;5;
2026-07-02 22:37:00.0;OFF;ON;100;3,20;2,20;6,20;19,50;95,90;74,50;3;4;67,50;6;5,10;
2026-07-02 22:38:00.0;OFF;ON;100;3;2,20;6,30;19,40;96,10;74,50;3,20;4;67,90;6,10;5,30;
2026-07-02 22:39:00.0;OFF;ON;100;2,60;2,30;6,30;19,40;96,40;74,50;3,70;4;65,40;6,10;5,40;
2026-07-02 22:40:00.0;OFF;ON;100;2,50;2,40;6,40;19,40;96,50;74,50;3,80;4;65,80;6,20;5,30;
2026-07-02 22:41:00.0;OFF;ON;100;2;2,30;6,30;19,30;96,40;74,50;4,30;4;62,70;6,10;5,30;
2026-07-02 22:42:00.0;OFF;ON;100;1,80;2,30;6,20;19,30;96,10;74,50;4,40;4;61,10;6;5;
2026-07-02 22:43:00.0;OFF;ON;100;1,70;2,10;6,10;19,20;95,80;74,50;4,40;4;60,70;5,90;4,90;
2026-07-02 22:44:00.0;OFF;ON;100;1,50;2;6;19,20;95,40;74,50;4,50;4;58,90;5,80;4,70;
2026-07-02 22:45:00.0;OFF;ON;100;1,40;1,90;5,90;19,10;95,10;74,50;4,50;4;58,20;5,70;4,60;
2026-07-02 22:46:00.0;OFF;ON;100;1,60;1,90;5,80;19,10;95,10;74,50;4,30;4;58,90;5,60;4,60;
2026-07-02 22:47:00.0;OFF;ON;100;1,50;1,80;5,80;19,10;95;74,50;4,20;4;58,50;5,60;4,50;
2026-07-02 22:48:00.0;OFF;ON;100;1,40;1,70;5,70;19;95;74,50;4,30;4;57,40;5,50;4,50;
2026-07-02 22:49:00.0;OFF;ON;100;1,50;1,70;5,70;19;95;74,50;4,20;4;57,90;5,50;4,50;
2026-07-02 22:50:00.0;OFF;ON;100;1,40;1,70;5,70;19;95;74,50;4,30;4;56,70;5,50;4,50;
2026-07-02 22:51:00.0;OFF;ON;100;1,40;1,70;5,60;18,90;95;74,50;4,20;4;56,80;5,50;4,50;
2026-07-02 22:52:00.0;OFF;ON;100;1,60;1,60;5,60;18,90;95,10;74,50;4;4;57,50;5,40;4,40;
2026-07-02 22:53:00.0;OFF;ON;100;1,60;1,60;5,60;18,80;95,20;74,50;4;4;57,40;5,40;4,40;
2026-07-02 22:54:00.0;OFF;ON;100;1,50;1,60;5,60;18,80;95,20;74,50;4,10;4;57,30;5,40;4,40;
2026-07-02 22:55:00.0;OFF;ON;100;1,60;1,60;5,60;18,80;95,20;74,50;4;4;57,20;5,40;4,40;
2026-07-02 22:56:00.0;OFF;ON;100;1,50;1,60;5,60;18,70;95,20;74,50;4,10;4;57,10;5,40;4,40;
2026-07-02 22:57:00.0;OFF;ON;100;1,60;1,60;5,60;18,70;95,30;74,50;3,90;4;58,10;5,40;4,40;
2026-07-02 22:58:00.0;OFF;ON;100;1,60;1,50;5,50;18,60;95,30;74,40;4;4;57,30;5,30;4,40;
2026-07-02 22:59:00.0;OFF;ON;100;1,50;1,50;5,50;18,60;95,40;74,40;4;4;58,10;5,30;4,40;
2026-07-02 23:00:00.0;OFF;ON;100;1,60;1,50;5,50;18,60;95,50;74,40;3,90;4;58,50;5,30;4,40;
2026-07-02 23:01:00.0;OFF;ON;100;1,50;1,50;5,50;18,50;95,50;74,40;4;4;58,40;5,30;4,40;
2026-07-02 23:02:00.0;OFF;ON;100;1,60;1,50;5,50;18,50;95,50;74,40;3,90;4;59;5,30;4,40;
2026-07-02 23:03:00.0;OFF;ON;100;1,60;1,50;5,50;18,40;95,50;74,40;3,90;4;59,20;5,30;4,40;
2026-07-02 23:04:00.0;OFF;ON;100;1,50;1,50;5,50;18,40;95,50;74,40;4;4;58,90;5,30;4,40;
2026-07-02 23:05:00.0;OFF;ON;100;1,70;1,50;5,40;18,40;95,50;74,40;3,80;4;60,40;5,30;4,40;
2026-07-02 23:06:00.0;OFF;ON;100;1,60;1,40;5,40;18,30;95,60;74,40;3,80;4;60,30;5,20;4,40;
2026-07-02 23:07:00.0;OFF;ON;100;1,70;1,40;5,40;18,30;95,60;74,40;3,70;4;61,20;5,20;4,40;
2026-07-02 23:08:00.0;OFF;ON;100;1,70;1,40;5,40;18,20;95,60;74,40;3,70;4;61,50;5,20;4,40;
2026-07-02 23:09:00.0;OFF;ON;100;1,50;1,40;5,40;18,20;95,60;74,40;3,80;4;61,20;5,20;4,40;
2026-07-02 23:10:00.0;OFF;ON;100;1,60;1,40;5,40;18,10;95,60;74,40;3,80;4;61,70;5,20;4,40;
2026-07-02 23:11:00.0;OFF;ON;100;1,50;1,40;5,40;18,10;95,60;74,40;3,80;4;61,90;5,20;4,30;
2026-07-02 23:12:00.0;OFF;ON;100;1,60;1,40;5,30;18,10;95,60;74,40;3,80;4;63;5,10;4,30;
2026-07-02 23:13:00.0;OFF;ON;100;1,50;1,40;5,30;18;95,60;74,40;3,80;4;63;5,20;4,30;
2026-07-02 23:14:00.0;OFF;ON;100;1,70;1,30;5,30;18;95,60;74,40;3,60;4;64,80;5,10;4,30;
2026-07-02 23:15:00.0;OFF;ON;100;1,50;1,30;5,30;18;95,60;74,40;3,80;4;64,10;5,10;4,30;
2026-07-02 23:16:00.0;OFF;ON;100;1,60;1,30;5,30;17,90;95,60;74,40;3,70;4;65,40;5,10;4,30;
2026-07-02 23:17:00.0;OFF;ON;100;1,60;1,30;5,30;17,90;95,70;74,40;3,70;4;65,70;5,10;4,30;
2026-07-02 23:18:00.0;OFF;ON;100;1,50;1,30;5,30;17,80;95,60;74,40;3,80;4;65,80;5,10;4,30;
2026-07-02 23:19:00.0;OFF;ON;100;1,40;1,30;5,30;17,80;95,60;74,40;3,80;4;66,10;5,10;4,30;
2026-07-02 23:20:00.0;OFF;ON;100;1,50;1,30;5,20;17,70;95,60;74,40;3,70;4;67,20;5;4,30;
2026-07-02 23:21:00.0;OFF;ON;100;1,30;1,20;5,20;17,70;95,60;74,40;3,90;4;66,30;5;4,20;
2026-07-02 23:22:00.0;OFF;ON;100;1,40;1,20;5,20;17,70;95,50;74,40;3,80;4;67,30;5;4,20;
2026-07-02 23:23:00.0;OFF;ON;100;1,20;1,20;5,20;17,60;95,50;74,40;3,90;4;66,80;5;4,20;
2026-07-02 23:24:00.0;OFF;ON;100;1,40;1,20;5,10;17,60;95,40;74,40;3,80;4;68;5;4,10;
2026-07-02 23:25:00.0;OFF;ON;100;1,10;1,10;5,10;17,50;95,50;74,40;4;4;66,20;4,90;4,10;
2026-07-02 23:26:00.0;OFF;ON;100;1,50;1,10;5,10;17,50;95,50;74,40;3,60;4;69,30;4,90;4,10;
2026-07-02 23:27:00.0;OFF;ON;100;1,20;1,10;5;17,50;95,20;74,40;3,80;4;68,40;4,90;4;
2026-07-02 23:28:00.0;OFF;ON;100;1,40;1;5;17,40;95,30;74,40;3,70;4;69,70;4,90;4;
2026-07-02 23:29:00.0;OFF;ON;100;1,20;1;5;17,40;95,40;74,40;3,90;4;69;4,90;4,10;
2026-07-02 23:30:00.0;OFF;ON;100;0,80;1;5;17,30;95,40;74,40;4,20;4;67;4,90;4;
2026-07-02 23:31:00.0;OFF;ON;100;1,30;1;5;17,30;95,40;74,40;3,70;4;66,60;4,80;4;
2026-07-02 23:32:00.0;OFF;ON;100;1,10;1,50;4,90;17,20;95,20;74,40;3,80;4;65,30;4,80;3,90;
2026-07-02 23:33:00.0;OFF;ON;90;1,10;1,40;4,90;17,20;95,20;74,40;3,80;4;64,50;4,70;3,80;
2026-07-02 23:34:00.0;OFF;ON;90;1,20;1,40;4,90;17,20;95,20;74,40;3,70;4;64,80;4,70;3,80;
2026-07-02 23:35:00.0;OFF;ON;90;0,60;1,40;4,90;17,20;95,20;74,40;4,20;4;61,20;4,70;3,80;
2026-07-02 23:36:00.0;OFF;ON;90;0,50;1,30;4,80;17,10;95,20;74,40;4,30;3,50;59,10;4,70;3,70;
2026-07-02 23:37:00.0;OFF;ON;90;0,60;1,20;4,70;17;95;74,40;4,10;3,50;58,40;4,60;3,60;
2026-07-02 23:38:00.0;OFF;ON;90;0,60;1,20;4,70;17;95;74,40;4,10;3,50;58,10;4,60;3,50;
2026-07-02 23:39:00.0;OFF;ON;90;0,70;1,20;4,70;17;95;74,40;4;3,50;57,70;4,50;3,50;
2026-07-02 23:40:00.0;OFF;ON;90;0,80;1,20;4,70;16,90;95;74,40;3,80;3,50;57,80;4,50;3,50;
2026-07-02 23:41:00.0;OFF;ON;90;0,90;1,10;4,60;16,90;95;74,40;3,80;3,50;57,50;4,50;3,50;
2026-07-02 23:42:00.0;OFF;ON;90;0,90;1,10;4,60;16,80;95;74,40;3,80;3,50;57,20;4,50;3,50;
2026-07-02 23:43:00.0;OFF;ON;90;1;1,10;4,60;16,80;95,10;74,40;3,70;3,50;57,30;4,50;3,50;
2026-07-02 23:44:00.0;OFF;ON;90;0,90;1,10;4,60;16,80;95,10;74,40;3,70;3,50;56,30;4,50;3,60;
2026-07-02 23:45:00.0;OFF;ON;90;0,90;1,10;4,60;16,70;95,30;74,40;3,70;3,50;56,10;4,50;3,60;
2026-07-02 23:46:00.0;OFF;ON;90;1;1,10;4,60;16,70;95,20;74,40;3,60;3,50;56,40;4,50;3,60;
2026-07-02 23:47:00.0;OFF;ON;90;0,90;1,10;4,60;16,60;95,40;74,40;3,80;3,50;55,10;4,50;3,60;
2026-07-02 23:48:00.0;OFF;ON;90;1;1,10;4,60;16,60;95,40;74,40;3,60;3,50;55,70;4,50;3,60;
2026-07-02 23:49:00.0;OFF;ON;90;1,40;1,10;4,60;16,60;95,30;74,40;3,30;3,50;58,70;4,50;3,60;
2026-07-02 23:50:00.0;OFF;ON;90;1,40;1,20;4,70;16,50;95,60;74,40;3,30;3,50;58,90;4,50;3,80;
2026-07-02 23:51:00.0;OFF;ON;90;2;1,20;4,70;16,50;95,80;74,30;2,70;3,50;63,30;4,60;3,80;
2026-07-02 23:52:00.0;OFF;ON;90;2;1,20;4,70;16,40;95,90;74,30;2,70;3,50;64,70;4,60;3,90;
2026-07-02 23:53:00.0;OFF;ON;90;1,70;1,30;4,80;16,40;96,20;74,30;3,10;3,50;63,30;4,70;4,10;
2026-07-02 23:54:00.0;OFF;ON;90;1,50;1,30;4,80;16,30;96,30;74,30;3,30;3,50;62,90;4,70;4;
2026-07-02 23:55:00.0;OFF;ON;90;1,30;1,30;4,80;16,30;96,20;74,30;3,50;3,50;61,50;4,70;4;
2026-07-02 23:56:00.0;OFF;ON;90;1,50;1,30;4,80;16,30;96,10;74,30;3,30;3,50;63,50;4,60;3,90;
2026-07-02 23:57:00.0;OFF;ON;90;1,40;1,30;4,80;16,20;96;74,30;3,40;3,50;63,40;4,60;3,90;
2026-07-02 23:58:00.0;OFF;ON;90;1,90;1,30;4,80;16,20;95,90;74,30;2,80;3,50;67,80;4,60;3,80;
2026-07-02 23:59:00.0;OFF;ON;90;2;1,30;4,80;16,10;95,90;74,30;2,80;3,50;68,90;4,60;4;
