CamCarcacas2;
2026-08-03 00:00;2026-08-04 00:00;
12144 Frigorífico Thoms;
ayron.costa;
" ";CPCO 51 - Câmara de carcaças - Controle de temperatura 1;CPCO 51 - Câmara de carcaças - Controle de temperatura 1;CPCO 51 - Câmara de carcaças - Controle de temperatura 1;CPCO 51 - Câmara de carcaças - Controle de temperatura 1;CPCO 51 - Câmara de carcaças - Controle de temperatura 1;CPCO 51 - Câmara de carcaças - Controle de temperatura 1;CPCO 52 - Câmara de carcaças - Controle de temperatura 2;CPCO 52 - Câmara de carcaças - Controle de temperatura 2;CPCO 53 - Balança;CPCO 51 - Câmara de carcaças - Controle de temperatura 1;CPCO 51 - Câmara de carcaças - Controle de temperatura 1;CPCO 51 - Câmara de carcaças - Controle de temperatura 1;CPCO 51 - Câmara de carcaças - Controle de temperatura 1;CPCO 54 - Câmara de carcaças - Controle de temperatura 3;
" ";Carregamento;Resfriamento;Saida Y1 - Ventiladores EC;Temp entrada glicol;Temp ref;Temp retorno ar;Temperatuda espeto;Umidade relativa da camara;Peso atual;DT Atual;DT ref;Cap Atual Valvula;Temp retorno ar M1A08;Temp Insuf de ar M1A08;" ";
2026-08-03 00:00:00.0;OFF;ON;50;1,80;4,50;9,50;6;97;0;7,70;5;50;9,40;10,30;
2026-08-03 00:01:00.0;OFF;ON;50;1,70;4,50;9,50;6;97,10;0;7,80;5;50;9,40;10,30;
2026-08-03 00:02:00.0;OFF;ON;50;1,80;4,50;9,50;6;97,10;0;7,60;5;50;9,40;10,30;
2026-08-03 00:03:00.0;OFF;ON;50;1,70;4,50;9,50;6;97,20;0;7,80;5;50;9,40;10,30;
2026-08-03 00:04:00.0;OFF;ON;50;1,80;4,50;9,50;6;97,20;0;7,60;5;50;9,40;10,30;
2026-08-03 00:05:00.0;OFF;ON;50;1,80;4,50;9,50;6;97,20;0;7,60;5;50;9,30;10,30;
2026-08-03 00:06:00.0;OFF;ON;50;1,80;4,40;9,40;6;97,20;0;7,60;5;50;9,30;10,30;
2026-08-03 00:07:00.0;OFF;ON;50;1,70;4,40;9,40;6;97,20;0;7,80;5;50;9,30;10,30;
2026-08-03 00:08:00.0;OFF;ON;50;1,70;4,40;9,40;5,90;97,10;0;7,70;5;50;9,30;10,30;
2026-08-03 00:09:00.0;OFF;ON;50;1,80;4,40;9,40;6;97,10;0;7,70;5;50;9,30;10,30;
2026-08-03 00:10:00.0;OFF;ON;50;1,80;4,40;9,50;6;97;0;7,60;5;50;9,30;10,30;
2026-08-03 00:11:00.0;OFF;ON;50;1,80;4,50;9,50;6;97;0;7,70;5;50;9,30;10,30;
2026-08-03 00:12:00.0;OFF;ON;50;1,70;4,50;9,40;6;97;0;7,70;5;50;9,30;10,30;
2026-08-03 00:13:00.0;OFF;ON;50;1,70;4,40;9,40;6;97;0;7,70;5;50;9,30;10,30;
2026-08-03 00:14:00.0;OFF;ON;50;1,70;4,40;9,40;6;97;0;7,80;5;50;9,30;10,30;
2026-08-03 00:15:00.0;OFF;ON;50;1,70;4,40;9,40;5,90;97;0;7,80;5;50;9,30;10,30;
2026-08-03 00:16:00.0;OFF;ON;50;1,80;4,40;9,40;6;97;0;7,60;5;50;9,30;10,30;
2026-08-03 00:17:00.0;OFF;ON;50;1,80;4,40;9,40;5,90;97;0;7,70;5;50;9,40;10,30;
2026-08-03 00:18:00.0;OFF;ON;50;1,70;4,40;9,40;5,90;97;0;7,70;5;50;9,40;10,30;
2026-08-03 00:19:00.0;OFF;ON;50;1,80;4,40;9,40;5,90;97;0;7,60;5;50;9,30;10,30;
2026-08-03 00:20:00.0;OFF;ON;50;1,70;4,40;9,40;5,90;96,90;0;7,70;5;50;9,30;10,30;
2026-08-03 00:21:00.0;OFF;ON;50;1,80;4,40;9,40;5,90;96,90;0;7,60;5;50;9,30;10,30;
2026-08-03 00:22:00.0;OFF;ON;50;1,70;4,40;9,40;5,90;96,90;0;7,70;5;50;9,30;10,30;
2026-08-03 00:23:00.0;OFF;ON;50;1,80;4,40;9,40;5,90;96,90;0;7,60;5;50;9,30;10,30;
2026-08-03 00:24:00.0;OFF;ON;50;1,70;4,40;9,40;5,90;97;0;7,70;5;50;9,30;10,30;
2026-08-03 00:25:00.0;OFF;ON;50;1,70;4,40;9,40;5,90;97,10;0;7,70;5;50;9,30;10,30;
2026-08-03 00:26:00.0;OFF;ON;50;1,70;4,40;9,40;5,90;97,20;0;7,70;5;50;9,30;10,30;
2026-08-03 00:27:00.0;OFF;ON;50;1,70;4,40;9,40;5,90;97,20;0;7,70;5;50;9,30;10,30;
2026-08-03 00:28:00.0;OFF;ON;50;1,80;4,40;9,40;5,90;97,10;0;7,60;5;50;9,30;10,30;
2026-08-03 00:29:00.0;OFF;ON;50;1,70;4,40;9,40;5,90;97;0;7,70;5;50;9,30;10,30;
2026-08-03 00:30:00.0;OFF;ON;50;1,70;4,40;9,40;5,90;97,10;0;7,70;5;50;9,30;10,30;
2026-08-03 00:31:00.0;OFF;ON;50;1,70;4,40;9,40;5,90;97,20;0;7,70;5;50;9,30;10,30;
2026-08-03 00:32:00.0;OFF;ON;50;1,80;4,40;9,40;5,90;97,10;0;7,60;5;50;9,30;10,30;
2026-08-03 00:33:00.0;OFF;ON;50;1,70;4,40;9,40;5,90;97,10;0;7,70;5;50;9,30;10,30;
2026-08-03 00:34:00.0;OFF;ON;50;1,70;4,40;9,40;5,90;97,10;0;7,70;5;50;9,30;10,30;
2026-08-03 00:35:00.0;OFF;ON;50;1,80;4,40;9,40;5,90;97,10;0;7,60;5;50;9,30;10,30;
2026-08-03 00:36:00.0;OFF;ON;50;1,70;4,40;9,40;5,90;97;0;7,70;5;50;9,30;10,30;
2026-08-03 00:37:00.0;OFF;ON;50;1,70;4,40;9,40;5,90;97;0;7,70;5;50;9,30;10,30;
2026-08-03 00:38:00.0;OFF;ON;50;1,70;4,40;9,40;5,90;97,10;0;7,70;5;50;9,30;10,30;
2026-08-03 00:39:00.0;OFF;ON;50;1,70;4,40;9,40;5,90;97,10;0;7,70;5;50;9,30;10,30;
2026-08-03 00:40:00.0;OFF;ON;50;1,70;4,40;9,40;5,90;97,10;0;7,70;5;50;9,30;10,30;
2026-08-03 00:41:00.0;OFF;ON;50;1,70;4,40;9,40;5,90;97,10;0;7,70;5;50;9,30;10,30;
2026-08-03 00:42:00.0;OFF;ON;50;1,70;4,40;9,40;5,90;97,10;0;7,70;5;50;9,30;10,30;
2026-08-03 00:43:00.0;OFF;ON;50;1,70;4,40;9,40;5,90;97,10;0;7,70;5;50;9,30;10,30;
2026-08-03 00:44:00.0;OFF;ON;50;1,80;4,40;9,40;5,90;97,10;0;7,70;5;50;9,30;10,30;
2026-08-03 00:45:00.0;OFF;ON;50;1,80;4,40;9,40;5,90;97,10;0;7,60;5;50;9,30;10,30;
2026-08-03 00:46:00.0;OFF;ON;50;1,80;4,40;9,40;5,90;97,10;0;7,60;5;50;9,30;10,30;
2026-08-03 00:47:00.0;OFF;ON;50;1,80;4,40;9,40;5,90;97,10;0;7,70;5;50;9,30;10,30;
2026-08-03 00:48:00.0;OFF;ON;50;1,70;4,40;9,40;5,90;97,10;0;7,70;5;50;9,30;10,30;
2026-08-03 00:49:00.0;OFF;ON;50;1,70;4,40;9,40;5,90;97,10;0;7,70;5;50;9,30;10,30;
2026-08-03 00:50:00.0;OFF;ON;50;1,70;4,40;9,40;5,90;97,20;0;7,70;5;50;9,30;10,30;
2026-08-03 00:51:00.0;OFF;ON;50;1,80;4,40;9,40;5,90;97,20;0;7,60;5;50;9,30;10,30;
2026-08-03 00:52:00.0;OFF;ON;50;1,80;4,40;9,40;5,90;97,20;0;7,60;5;50;9,30;10,30;
2026-08-03 00:53:00.0;OFF;ON;50;1,80;4,40;9,40;5,90;97,20;0;7,60;5;50;9,30;10,20;
2026-08-03 00:54:00.0;OFF;ON;50;1,70;4,40;9,40;5,90;97,20;0;7,70;5;50;9,30;10,20;
2026-08-03 00:55:00.0;OFF;ON;50;1,70;4,40;9,40;5,90;97,20;0;7,70;5;50;9,30;10,20;
2026-08-03 00:56:00.0;OFF;ON;50;1,80;4,40;9,40;5,90;97,10;0;7,60;5;50;9,30;10,20;
2026-08-03 00:57:00.0;OFF;ON;50;1,80;4,40;9,40;5,90;97,10;0;7,60;5;50;9,20;10,20;
2026-08-03 00:58:00.0;OFF;ON;50;1,70;4,40;9,40;5,90;97,10;0;7,70;5;50;9,20;10,20;
2026-08-03 00:59:00.0;OFF;ON;50;1,80;4,40;9,40;5,90;97,20;0;7,60;5;50;9,30;10,20;
2026-08-03 01:00:00.0;OFF;ON;50;1,70;4,40;9,40;5,90;97,20;0;7,70;5;50;9,30;10,20;
2026-08-03 01:01:00.0;OFF;ON;50;1,70;4,40;9,40;5,90;97,20;0;7,70;5;50;9,30;10,20;
2026-08-03 01:02:00.0;OFF;ON;50;1,70;4,40;9,40;5,90;97,20;0;7,70;5;50;9,30;10,30;
2026-08-03 01:03:00.0;OFF;ON;50;1,80;4,40;9,40;5,90;97,30;0;7,60;5;50;9,30;10,30;
2026-08-03 01:04:00.0;OFF;ON;50;1,70;4,40;9,40;5,90;97,20;0;7,70;5;50;9,30;10,20;
2026-08-03 01:05:00.0;OFF;ON;50;1,70;4,40;9,40;5,90;97,20;0;7,60;5;50;9,20;10,20;
2026-08-03 01:06:00.0;OFF;ON;50;1,60;4,40;9,40;5,90;97,20;0;7,80;5;50;9,20;10,20;
2026-08-03 01:07:00.0;OFF;ON;50;1,70;4,40;9,40;5,90;97,20;0;7,60;5;50;9,20;10,20;
2026-08-03 01:08:00.0;OFF;ON;50;1,70;4,40;9,40;5,90;97,20;0;7,70;5;50;9,20;10,20;
2026-08-03 01:09:00.0;OFF;ON;50;1,70;4,40;9,40;5,90;97,10;0;7,70;5;50;9,30;10,20;
2026-08-03 01:10:00.0;OFF;ON;50;1,80;4,40;9,40;5,90;97,10;0;7,60;5;50;9,20;10,20;
2026-08-03 01:11:00.0;OFF;ON;50;1,80;4,40;9,40;5,90;97,10;0;7,60;5;50;9,20;10,20;
2026-08-03 01:12:00.0;OFF;ON;50;1,70;4,40;9,40;5,90;97,10;0;7,70;5;50;9,20;10,20;
2026-08-03 01:13:00.0;OFF;ON;50;1,70;4,40;9,30;5,90;97,10;0;7,60;5;50;9,20;10,20;
2026-08-03 01:14:00.0;OFF;ON;50;1,70;4,40;9,40;5,90;97,10;0;7,70;5;50;9,20;10,20;
2026-08-03 01:15:00.0;OFF;ON;50;1,80;4,30;9,30;5,90;97,10;0;7,60;5;50;9,20;10,20;
2026-08-03 01:16:00.0;OFF;ON;50;1,70;4,30;9,30;5,90;97,20;0;7,60;5;50;9,20;10,20;
2026-08-03 01:17:00.0;OFF;ON;50;1,80;4,30;9,40;5,90;97,20;0;7,60;5;50;9,20;10,20;
2026-08-03 01:18:00.0;OFF;ON;50;1,80;4,30;9,30;5,90;97,30;0;7,50;5;50;9,20;10,20;
2026-08-03 01:19:00.0;OFF;ON;50;1,80;4,30;9,30;5,90;97,30;0;7,60;5;50;9,20;10,20;
2026-08-03 01:20:00.0;OFF;ON;50;1,80;4,30;9,30;5,90;97,30;0;7,50;5;50;9,20;10,20;
2026-08-03 01:21:00.0;OFF;ON;50;1,80;4,30;9,30;5,90;97,40;0;7,60;5;50;9,20;10,20;
2026-08-03 01:22:00.0;OFF;ON;50;1,60;4,30;9,40;5,90;97,30;0;7,70;5;50;9,20;10,20;
2026-08-03 01:23:00.0;OFF;ON;50;1,60;4,40;9,40;5,90;97,40;0;7,70;5;50;9,20;10,20;
2026-08-03 01:24:00.0;OFF;ON;50;1,80;4,30;9,30;5,90;97,30;0;7,60;5;50;9,20;10,20;
2026-08-03 01:25:00.0;OFF;ON;50;1,80;4,30;9,30;5,90;97,30;0;7,60;5;50;9,20;10,20;
2026-08-03 01:26:00.0;OFF;ON;50;1,70;4,30;9,30;5,90;97,30;0;7,70;5;50;9,30;10,20;
2026-08-03 01:27:00.0;OFF;ON;50;1,80;4,30;9,30;5,90;97,40;0;7,50;5;50;9,20;10,20;
2026-08-03 01:28:00.0;OFF;ON;50;1,70;4,30;9,30;5,90;97,30;0;7,60;5;50;9,20;10,20;
2026-08-03 01:29:00.0;OFF;ON;50;1,80;4,30;9,30;5,90;97,20;0;7,50;5;50;9,20;10,20;
2026-08-03 01:30:00.0;OFF;ON;50;1,80;4,30;9,30;5,90;97,20;0;7,50;5;50;9,20;10,20;
2026-08-03 01:31:00.0;OFF;ON;50;1,70;4,30;9,30;5,90;97,20;0;7,60;5;50;9,20;10,20;
2026-08-03 01:32:00.0;OFF;ON;50;1,70;4,30;9,30;5,90;97,20;0;7,60;5;50;9,20;10,20;
2026-08-03 01:33:00.0;OFF;ON;50;1,80;4,30;9,30;5,90;97,20;0;7,50;5;50;9,20;10,20;
2026-08-03 01:34:00.0;OFF;ON;50;1,70;4,30;9,30;5,90;97,20;0;7,60;5;50;9,20;10,20;
2026-08-03 01:35:00.0;OFF;ON;50;1,80;4,30;9,40;5,90;97,20;0;7,50;5;50;9,30;10,20;
2026-08-03 01:36:00.0;OFF;ON;50;1,80;4,30;9,30;5,90;97,20;0;7,60;5;50;9,20;10,20;
2026-08-03 01:37:00.0;OFF;ON;50;1,70;4,30;9,30;5,90;97,20;0;7,60;5;50;9,20;10,20;
2026-08-03 01:38:00.0;OFF;ON;50;1,70;4,30;9,30;5,90;97,20;0;7,60;5;50;9,20;10,20;
2026-08-03 01:39:00.0;OFF;ON;50;1,80;4,30;9,30;5,90;97,20;0;7,50;5;50;9,20;10,20;
2026-08-03 01:40:00.0;OFF;ON;50;1,80;4,30;9,30;5,90;97,20;0;7,50;5;50;9,20;10,20;
2026-08-03 01:41:00.0;OFF;ON;50;1,70;4,30;9,30;5,90;97,20;0;7,60;5;50;9,20;10,20;
2026-08-03 01:42:00.0;OFF;ON;50;1,70;4,30;9,30;5,90;97,20;0;7,70;5;50;9,20;10,20;
2026-08-03 01:43:00.0;OFF;ON;50;1,70;4,30;9,30;5,90;97,20;0;7,60;5;50;9,20;10,20;
2026-08-03 01:44:00.0;OFF;ON;50;1,70;4,30;9,30;5,90;97,20;0;7,60;5;50;9,20;10,20;
2026-08-03 01:45:00.0;OFF;ON;50;1,80;4,30;9,30;5,90;97,20;0;7,50;5;50;9,20;10,20;
2026-08-03 01:46:00.0;OFF;ON;50;1,80;4,30;9,30;5,90;97,20;0;7,50;5;50;9,20;10,20;
2026-08-03 01:47:00.0;OFF;ON;50;1,60;4,30;9,30;5,90;97,20;0;7,70;5;50;9,20;10,20;
2026-08-03 01:48:00.0;OFF;ON;50;1,60;4,30;9,30;5,90;97,20;0;7,70;5;50;9,20;10,20;
2026-08-03 01:49:00.0;OFF;ON;50;1,80;4,30;9,30;5,90;97,10;0;7,50;5;50;9,20;10,10;
2026-08-03 01:50:00.0;OFF;ON;50;1,80;4,30;9,30;5,90;97,20;0;7,50;5;50;9,20;10,20;
2026-08-03 01:51:00.0;OFF;ON;50;1,70;4,30;9,30;5,90;97,30;0;7,60;5;50;9,20;10,10;
2026-08-03 01:52:00.0;OFF;ON;50;1,80;4,30;9,30;5,90;97,30;0;7,50;5;50;9,20;10,10;
2026-08-03 01:53:00.0;OFF;ON;50;1,80;4,30;9,30;5,90;97,30;0;7,50;5;50;9,10;10,10;
2026-08-03 01:54:00.0;OFF;ON;50;1,80;4,30;9,30;5,90;97,30;0;7,50;5;50;9,20;10,10;
2026-08-03 01:55:00.0;OFF;ON;50;1,70;4,30;9,30;5,90;97,20;0;7,60;5;50;9,10;10,10;
2026-08-03 01:56:00.0;OFF;ON;50;1,70;4,30;9,30;5,90;97,20;0;7,60;5;50;9,10;10,10;
2026-08-03 01:57:00.0;OFF;ON;50;1,80;4,30;9,30;5,90;97,20;0;7,50;5;50;9,10;10,10;
2026-08-03 01:58:00.0;OFF;ON;50;1,70;4,30;9,30;5,80;97,10;0;7,60;5;50;9,10;10,10;
2026-08-03 01:59:00.0;OFF;ON;50;1,80;4,30;9,30;5,80;97,20;0;7,50;5;50;9,10;10,10;
2026-08-03 02:00:00.0;OFF;ON;50;1,70;4,30;9,30;5,80;97,20;0;7,60;5;50;9,10;10,10;
2026-08-03 02:01:00.0;OFF;ON;50;1,80;4,30;9,30;5,80;97,20;0;7,50;5;50;9,10;10,10;
2026-08-03 02:02:00.0;OFF;ON;50;1,80;4,30;9,30;5,80;97,20;0;7,50;5;50;9,10;10,10;
2026-08-03 02:03:00.0;OFF;ON;50;1,70;4,30;9,30;5,80;97,20;0;7,50;5;50;9,10;10,10;
2026-08-03 02:04:00.0;OFF;ON;50;1,70;4,30;9,20;5,80;97,10;0;7,50;5;50;9,10;10,10;
2026-08-03 02:05:00.0;OFF;ON;50;1,80;4,20;9,20;5,80;97,10;0;7,40;5;50;9,10;10,10;
2026-08-03 02:06:00.0;OFF;ON;50;1,70;4,20;9,20;5,80;97,10;0;7,60;5;50;9,10;10,10;
2026-08-03 02:07:00.0;OFF;ON;50;1,70;4,20;9,20;5,80;97,10;0;7,60;5;50;9,10;10,10;
2026-08-03 02:08:00.0;OFF;ON;50;1,60;4,20;9,20;5,80;97;0;7,60;5;50;9,10;10,10;
2026-08-03 02:09:00.0;OFF;ON;50;1,70;4,20;9,20;5,80;97;0;7,60;5;50;9,10;10,10;
2026-08-03 02:10:00.0;OFF;ON;50;1,70;4,20;9,20;5,80;97;0;7,60;5;50;9,10;10,10;
2026-08-03 02:11:00.0;OFF;ON;50;1,70;4,20;9,20;5,80;97;0;7,50;5;50;9,10;10,10;
2026-08-03 02:12:00.0;OFF;ON;50;1,80;4,20;9,20;5,80;97;0;7,50;5;50;9,10;10,10;
2026-08-03 02:13:00.0;OFF;ON;50;1,80;4,20;9,20;5,80;97,10;0;7,50;5;50;9,10;10,10;
2026-08-03 02:14:00.0;OFF;ON;50;1,70;4,20;9,30;5,80;97;0;7,50;5;50;9,10;10,10;
2026-08-03 02:15:00.0;OFF;ON;50;1,70;4,20;9,30;5,80;97,10;0;7,60;5;50;9,10;10,10;
2026-08-03 02:16:00.0;OFF;ON;50;1,80;4,30;9,30;5,80;97,20;0;7,50;5;50;9,10;10,10;
2026-08-03 02:17:00.0;OFF;ON;50;1,70;4,30;9,20;5,80;97,20;0;7,50;5;50;9,10;10,10;
2026-08-03 02:18:00.0;OFF;ON;50;1,80;4,20;9,20;5,80;97,20;0;7,50;5;50;9,10;10,10;
2026-08-03 02:19:00.0;OFF;ON;50;1,70;4,20;9,20;5,80;97,20;0;7,60;5;50;9,10;10,10;
2026-08-03 02:20:00.0;OFF;ON;50;1,70;4,20;9,20;5,80;97,30;0;7,60;5;50;9,10;10,10;
2026-08-03 02:21:00.0;OFF;ON;50;1,70;4,20;9,20;5,80;97,20;0;7,50;5;50;9,10;10,10;
2026-08-03 02:22:00.0;OFF;ON;50;1,70;4,20;9,20;5,80;97,20;0;7,60;5;50;9,10;10,10;
2026-08-03 02:23:00.0;OFF;ON;50;1,80;4,20;9,20;5,80;97,20;0;7,40;5;50;9,10;10,10;
2026-08-03 02:24:00.0;OFF;ON;50;1,70;4,20;9,20;5,80;97,20;0;7,60;5;50;9,10;10,10;
2026-08-03 02:25:00.0;OFF;ON;50;1,80;4,20;9,20;5,80;97,20;0;7,40;5;50;9,10;10,10;
2026-08-03 02:26:00.0;OFF;ON;50;1,70;4,20;9,20;5,80;97,20;0;7,50;5;50;9,10;10,10;
2026-08-03 02:27:00.0;OFF;ON;50;1,70;4,20;9,20;5,80;97,20;0;7,50;5;50;9,10;10,10;
2026-08-03 02:28:00.0;OFF;ON;50;1,60;4,20;9,20;5,80;97,20;0;7,60;5;50;9,10;10;
2026-08-03 02:29:00.0;OFF;ON;50;1,70;4,20;9,20;5,80;97,20;0;7,50;5;50;9,10;10;
2026-08-03 02:30:00.0;OFF;ON;50;1,70;4,20;9,20;5,80;97,20;0;7,40;5;50;9,10;10,10;
2026-08-03 02:31:00.0;OFF;ON;50;1,70;4,20;9,20;5,80;97,20;0;7,50;5;50;9,10;10;
2026-08-03 02:32:00.0;OFF;ON;50;1,80;4,20;9,20;5,80;97,20;0;7,40;5;50;9;10;
2026-08-03 02:33:00.0;OFF;ON;50;1,70;4,20;9,20;5,80;97,20;0;7,50;5;50;9;10;
2026-08-03 02:34:00.0;OFF;ON;50;1,70;4,20;9,20;5,80;97;0;7,40;5;50;9;10;
2026-08-03 02:35:00.0;OFF;ON;50;1,70;4,20;9,20;5,70;97;0;7,40;5;50;9,10;10;
2026-08-03 02:36:00.0;OFF;ON;50;1,80;4,10;9,10;5,70;96,90;0;7,40;5;50;9;10;
2026-08-03 02:37:00.0;OFF;ON;50;1,60;4,20;9,10;5,70;96,90;0;7,50;5;50;9;10;
2026-08-03 02:38:00.0;OFF;ON;50;1,70;4,10;9,10;5,70;96,80;0;7,50;5;50;9;10;
2026-08-03 02:39:00.0;OFF;ON;50;1,70;4,10;9,10;5,70;96,80;0;7,40;5;50;9;10;
2026-08-03 02:40:00.0;OFF;ON;50;1,80;4,10;9,10;5,70;96,70;0;7,40;5;50;9;10;
2026-08-03 02:41:00.0;OFF;ON;50;1,70;4,10;9,10;5,60;96,60;0;7,30;5;50;9;9,90;
2026-08-03 02:42:00.0;OFF;ON;50;1,60;4,10;9,10;5,60;96,30;0;7,40;5;50;9;9,90;
2026-08-03 02:43:00.0;OFF;ON;50;1,60;4;9;5,60;96,30;0;7,40;5;50;9;9,90;
2026-08-03 02:44:00.0;OFF;ON;50;1,70;4;9;5,50;96,10;0;7,30;5;50;8,90;9,90;
2026-08-03 02:45:00.0;OFF;ON;50;1,70;4;9;5,50;96;0;7,30;5;50;8,90;9,90;
2026-08-03 02:46:00.0;OFF;ON;50;1,70;4;9;5,50;96;0;7,30;5;50;8,90;9,80;
2026-08-03 02:47:00.0;OFF;ON;50;1,70;4;9;5,50;95,90;0;7,30;5;50;8,90;9,80;
2026-08-03 02:48:00.0;OFF;ON;50;1,70;4;9;5,50;95,80;0;7,20;5;50;8,90;9,80;
2026-08-03 02:49:00.0;OFF;ON;50;1,70;3,90;8,90;5,50;95,60;0;7,30;5;50;8,90;9,80;
2026-08-03 02:50:00.0;OFF;ON;50;1,80;3,90;8,90;5,50;95,50;0;7,10;5;50;8,80;9,80;
2026-08-03 02:51:00.0;OFF;ON;50;1,80;3,90;8,90;5,40;95,40;0;7,10;5;50;8,80;9,70;
2026-08-03 02:52:00.0;OFF;ON;50;1,80;3,90;8,90;5,40;95,40;0;7,10;5;50;8,80;9,70;
2026-08-03 02:53:00.0;OFF;ON;50;1,70;3,90;8,80;5,40;95,30;0;7,10;5;50;8,80;9,70;
2026-08-03 02:54:00.0;OFF;ON;50;1,70;3,90;8,80;5,40;95,20;0;7,10;5;50;8,70;9,70;
2026-08-03 02:55:00.0;OFF;ON;50;1,70;3,90;8,80;5,30;95,20;0;7,10;5;50;8,70;9,70;
2026-08-03 02:56:00.0;OFF;ON;50;1,70;4;8,80;5,30;95,20;0;7;5;50;8,70;9,70;
2026-08-03 02:57:00.0;OFF;ON;50;1,60;4;8,80;5,30;95,10;0;7,20;5;50;8,80;9,70;
2026-08-03 02:58:00.0;OFF;ON;50;1,80;4;8,70;5,30;95,10;0;7;5;50;8,70;9,70;
2026-08-03 02:59:00.0;OFF;ON;50;1,70;4;8,70;5,30;95,20;0;7;5;50;8,70;9,60;
2026-08-03 03:00:00.0;OFF;ON;50;1,60;4;8,70;5,20;95,10;0;7,10;5;50;8,70;9,60;
2026-08-03 03:01:00.0;OFF;ON;50;1,70;4,10;8,70;5,20;95,10;0;7;5;50;8,60;9,60;
2026-08-03 03:02:00.0;OFF;ON;50;1,70;4,10;8,70;5,20;95,20;0;6,90;5;50;8,60;9,60;
2026-08-03 03:03:00.0;OFF;ON;50;1,70;4,20;8,70;5,20;95,30;0;6,90;5;50;8,60;9,60;
2026-08-03 03:04:00.0;OFF;ON;50;1,70;4,20;8,70;5,20;95,20;0;7;5;50;8,60;9,60;
2026-08-03 03:05:00.0;OFF;ON;50;1,60;4,30;8,70;5,20;95,30;0;7,10;5;50;8,60;9,60;
2026-08-03 03:06:00.0;OFF;ON;50;1,40;4,30;8,60;5,20;95,20;0;7,30;5;50;8,50;9,60;
2026-08-03 03:07:00.0;OFF;ON;50;1,40;4,30;8,60;5,20;95,10;0;7,30;5;50;8,60;9,60;
2026-08-03 03:08:00.0;OFF;ON;50;1,40;4,40;8,60;5,20;95,10;0;7,20;5;50;8,60;9,60;
2026-08-03 03:09:00.0;OFF;ON;50;1,40;4,40;8,60;5,10;95,20;0;7,20;5;50;8,50;9,50;
2026-08-03 03:10:00.0;OFF;ON;50;1,50;4,40;8,60;5,10;95,20;0;7,10;5;50;8,50;9,50;
2026-08-03 03:11:00.0;OFF;ON;50;1,70;4,50;8,60;5,10;95,20;0;6,90;5;50;8,50;9,50;
2026-08-03 03:12:00.0;OFF;ON;50;1,70;4,50;8,60;5,10;95,10;0;6,90;5;50;8,50;9,50;
2026-08-03 03:13:00.0;OFF;ON;50;1,60;4,60;8,50;5,10;95,20;0;6,90;5;50;8,40;9,50;
2026-08-03 03:14:00.0;OFF;ON;50;1,60;4,60;8,50;5,10;95,20;0;6,90;5;50;8,50;9,50;
2026-08-03 03:15:00.0;OFF;ON;50;1,60;4,70;8,60;4,80;95,40;0;7;5;50;8,40;9,50;
2026-08-03 03:16:00.0;OFF;ON;50;1,70;5;8,60;4,90;95,30;0;6,90;5;50;8,40;9,50;
2026-08-03 03:17:00.0;OFF;ON;50;1,70;5,10;8,70;4,90;95,30;1,70;7;5;50;8,40;9,50;
2026-08-03 03:18:00.0;OFF;ON;50;1,70;5,20;8,70;5;95,60;0;6,90;5;50;8,40;9,50;
2026-08-03 03:19:00.0;OFF;ON;50;1,60;5,20;8,60;5;95,60;0;7;5;50;8,40;9,50;
2026-08-03 03:20:00.0;OFF;ON;50;1,70;5,20;8,60;5,10;95,20;0;6,90;5;50;8,30;9,50;
2026-08-03 03:21:00.0;OFF;ON;50;1,60;5,20;8,50;5,10;95;0;6,90;5;50;8,30;9,50;
2026-08-03 03:22:00.0;OFF;ON;50;1,70;5,20;8,50;5;95,20;0;6,80;5;50;8,30;9,40;
2026-08-03 03:23:00.0;OFF;ON;50;1,80;5,30;8,50;5;95;0;6,70;5;50;8,30;9,40;
2026-08-03 03:24:00.0;OFF;ON;50;1,70;5,30;8,40;5;95;0;6,70;5;50;8,30;9,40;
2026-08-03 03:25:00.0;OFF;ON;50;1,80;5,40;8,40;5;95;0;6,60;5;50;8,30;9,40;
2026-08-03 03:26:00.0;OFF;ON;50;1,70;5,50;8,40;5;95;0;6,70;5;50;8,30;9,30;
2026-08-03 03:27:00.0;OFF;ON;50;1,70;5,50;8,40;5;94,90;0;6,70;5;50;8,30;9,30;
2026-08-03 03:28:00.0;OFF;ON;50;1,80;5,60;8,40;5;95;0;6,60;5;50;8,30;9,30;
2026-08-03 03:29:00.0;OFF;ON;50;1,70;5,60;8,40;5;94,90;0;6,70;5;50;8,30;9,30;
2026-08-03 03:30:00.0;OFF;ON;50;1,70;5,70;8,30;5;94,80;0;6,70;5;50;8,30;9,30;
2026-08-03 03:31:00.0;OFF;ON;50;1,80;5,80;8,30;5;94,70;0;6,60;5;50;8,20;9,30;
2026-08-03 03:32:00.0;OFF;ON;50;1,70;5,80;8,30;4,90;94,80;0;6,60;5;50;8,20;9,20;
2026-08-03 03:33:00.0;OFF;ON;50;1,80;5,90;8,30;4,90;94,70;0;6,40;5;50;8,20;9,20;
2026-08-03 03:34:00.0;OFF;ON;50;1,70;6;8,30;4,90;94,70;0;6,60;5;50;8,20;9,20;
2026-08-03 03:35:00.0;OFF;ON;50;1,70;6,10;8,30;4,90;94,90;0;6,60;5;50;8,20;9,20;
2026-08-03 03:36:00.0;OFF;ON;50;1,80;6,10;8,30;4,90;95;0;6,40;5;50;8,20;9,20;
2026-08-03 03:37:00.0;OFF;ON;50;1,80;6,20;8,30;4,90;94,90;0;6,40;5;50;8,20;9,20;
2026-08-03 03:38:00.0;OFF;ON;50;1,80;6,30;8,20;4,90;94,80;0;6,40;5;50;8,10;9,20;
2026-08-03 03:39:00.0;OFF;ON;50;1,70;6,30;8,20;4,90;94,80;0;6,50;5;50;8,10;9,20;
2026-08-03 03:40:00.0;OFF;ON;50;1,80;6,40;8,30;4,90;94,90;0;6,40;5;50;8,10;9,20;
2026-08-03 03:41:00.0;OFF;ON;50;1,70;6,50;8,20;4,90;95,10;0;6,50;5;50;8,10;9,10;
2026-08-03 03:42:00.0;OFF;ON;50;1,70;6,60;8,20;4,90;95;0;6,50;5;50;8,10;9,10;
2026-08-03 03:43:00.0;OFF;ON;50;1,70;6,70;8,20;4,90;94,90;0;6,50;5;50;8,10;9,10;
2026-08-03 03:44:00.0;OFF;ON;50;1,70;6,80;8,20;4,80;95;0;6,50;5;50;8,10;9,10;
2026-08-03 03:45:00.0;OFF;ON;50;1,70;6,90;8,20;4,80;95;0;6,50;5;50;8,10;9,10;
2026-08-03 03:46:00.0;OFF;ON;50;1,70;7;8,20;4,80;95,10;0;6,50;5;50;8,10;9,10;
2026-08-03 03:47:00.0;OFF;ON;50;1,70;7,10;8,20;4,80;95;0;6,50;5;50;8,10;9,10;
2026-08-03 03:48:00.0;OFF;ON;50;1,80;7,20;8,20;4,80;95;0;6,50;5;50;8,10;9,10;
2026-08-03 03:49:00.0;OFF;ON;50;1,70;7,30;8,20;4,80;95;0;6,50;5;50;8,10;9,10;
2026-08-03 03:50:00.0;OFF;ON;50;1,70;7,40;8,20;4,80;95;0;6,50;5;50;8;9,10;
2026-08-03 03:51:00.0;OFF;ON;50;1,80;7,50;8,20;4,80;95;0;6,40;5;50;8,10;9,10;
2026-08-03 03:52:00.0;OFF;ON;50;1,80;7,60;8,20;4,80;95;0;6,40;5;50;8;9,10;
2026-08-03 03:53:00.0;OFF;ON;50;1,80;7,60;8,20;4,80;95;0;6,40;5;50;8;9;
2026-08-03 03:54:00.0;OFF;ON;50;1,70;7,70;8,10;4,80;95;0;6,40;5;50;8;9;
2026-08-03 03:55:00.0;OFF;ON;50;1,70;7,80;8,10;4,80;95;0;6,40;5;50;8;9;
2026-08-03 03:56:00.0;OFF;ON;50;1,70;7,90;8,10;4,80;95;0;6,50;5;50;8;9;
2026-08-03 03:57:00.0;OFF;ON;50;1,80;8;8,10;4,80;95;0;6,30;5;50;8;9;
2026-08-03 03:58:00.0;OFF;ON;50;1,70;8,10;8,10;4,80;95,10;0;6,40;5;50;8;9;
2026-08-03 03:59:00.0;OFF;ON;50;1,80;8,20;8,20;4,80;95,10;0;6,40;5;50;8;9;
2026-08-03 04:00:00.0;OFF;ON;50;1,80;8,30;8,10;4,80;95,10;0;6,30;5;50;8;9;
2026-08-03 04:01:00.0;OFF;ON;50;1,80;8,40;8,10;4,80;95;0;6,30;5;50;8;9;
2026-08-03 04:02:00.0;OFF;ON;50;1,80;8,50;8,10;4,80;95;0;6,30;5;50;8;8,90;
2026-08-03 04:03:00.0;OFF;ON;50;1,70;8,60;8,10;4,80;94,80;0;6,40;5;50;7,90;8,90;
2026-08-03 04:04:00.0;OFF;ON;50;1,80;8,70;8,10;4,70;94,50;0;6,30;5;50;7,90;8,90;
2026-08-03 04:05:00.0;OFF;ON;50;1,80;8,80;8,10;4,80;95;0;6,30;5;50;7,90;8,90;
2026-08-03 04:06:00.0;OFF;ON;50;1,80;8,90;8,10;4,80;95;0;6,30;5;50;7,90;8,90;
2026-08-03 04:07:00.0;OFF;ON;50;1,80;9;8,10;4,70;94,90;0;6,20;5;50;7,90;8,90;
2026-08-03 04:08:00.0;OFF;ON;50;1,80;9;8;4,70;95;0;6,30;5;50;7,90;8,90;
2026-08-03 04:09:00.0;OFF;ON;50;1,80;9;8,10;4,70;95;0;6,20;5;50;7,90;8,90;
2026-08-03 04:10:00.0;OFF;ON;50;1,80;9;8;4,70;94,80;0;6,20;5;50;7,90;8,90;
2026-08-03 04:11:00.0;OFF;ON;50;1,70;9;8;4,70;94,90;0;6,40;5;50;7,90;8,90;
2026-08-03 04:12:00.0;OFF;ON;50;1,70;9;8;4,70;95;0;6,30;5;50;7,90;8,90;
2026-08-03 04:13:00.0;OFF;ON;50;1,80;9;8;4,70;94,90;0;6,20;5;50;7,90;8,90;
2026-08-03 04:14:00.0;OFF;ON;50;1,80;9;8;4,70;95;0;6,30;5;50;7,90;8,90;
2026-08-03 04:15:00.0;OFF;ON;50;1,80;9;8;4,70;94,90;0;6,20;5;50;7,90;8,90;
2026-08-03 04:16:00.0;OFF;ON;50;1,80;9;8;4,70;95;0;6,30;5;50;7,90;8,90;
2026-08-03 04:17:00.0;OFF;ON;50;1,70;9;8;4,70;95,10;0;6,30;5;50;7,90;8,90;
2026-08-03 04:18:00.0;OFF;ON;50;1,70;9;8;4,70;95,20;0;6,30;5;50;7,90;8,80;
2026-08-03 04:19:00.0;OFF;ON;50;1,70;9;8;4,70;95,10;0;6,30;5;50;7,90;8,80;
2026-08-03 04:20:00.0;OFF;ON;50;1,70;9;8;4,70;95,20;0;6,30;5;50;7,90;8,80;
2026-08-03 04:21:00.0;OFF;ON;50;1,60;9;8;4,70;95,20;0;6,40;5;50;7,80;8,80;
2026-08-03 04:22:00.0;OFF;ON;50;1,80;9;8;4,70;95;0;6,20;5;50;7,80;8,80;
2026-08-03 04:23:00.0;OFF;ON;50;1,60;9;8;4,70;95;0;6,30;5;50;7,80;8,80;
2026-08-03 04:24:00.0;OFF;ON;50;1,60;9;8;4,70;94,90;0;6,40;5;50;7,80;8,80;
2026-08-03 04:25:00.0;OFF;ON;50;1,70;9;8;4,70;95;0;6,20;5;50;7,80;8,80;
2026-08-03 04:26:00.0;OFF;ON;50;1,60;8,90;7,90;4,60;95,10;0;6,30;5;50;7,80;8,80;
2026-08-03 04:27:00.0;OFF;ON;50;1,70;8,90;7,90;4,60;95;0;6,20;5;50;7,80;8,70;
2026-08-03 04:28:00.0;OFF;ON;50;1,70;8,90;7,90;4,60;95;0;6,20;5;50;7,80;8,70;
2026-08-03 04:29:00.0;OFF;ON;50;1,60;8,90;7,90;4,60;94,90;0;6,30;5;50;7,80;8,70;
2026-08-03 04:30:00.0;OFF;ON;50;1,70;8,90;7,90;4,60;95;0;6,20;5;50;7,70;8,70;
2026-08-03 04:31:00.0;OFF;ON;50;1,70;8,90;7,90;4,60;95,20;0;6,20;5;50;7,70;8,70;
2026-08-03 04:32:00.0;OFF;ON;50;1,70;8,90;7,90;4,60;95,10;0;6,20;5;50;7,70;8,70;
2026-08-03 04:33:00.0;OFF;ON;50;1,70;8,90;7,90;4,60;95,20;0;6,20;5;50;7,70;8,70;
2026-08-03 04:34:00.0;OFF;ON;50;1,70;8,90;7,90;4,60;95,30;0;6,20;5;50;7,70;8,70;
2026-08-03 04:35:00.0;OFF;ON;50;1,60;8,90;7,90;4,60;95,30;0;6,30;5;50;7,70;8,70;
2026-08-03 04:36:00.0;OFF;ON;50;1,70;8,90;7,90;4,60;95,40;0;6,20;5;50;7,70;8,70;
2026-08-03 04:37:00.0;OFF;ON;50;1,60;8,90;7,90;4,60;95,40;0;6,30;5;50;7,70;8,70;
2026-08-03 04:38:00.0;OFF;ON;50;1,60;8,90;7,90;4,60;95,40;0;6,20;5;50;7,70;8,70;
2026-08-03 04:39:00.0;OFF;ON;50;1,80;8,90;7,90;4,60;95,30;0;6,10;5;50;7,70;8,70;
2026-08-03 04:40:00.0;OFF;ON;50;1,70;8,90;7,90;4,60;95,30;0;6,10;5;50;7,70;8,70;
2026-08-03 04:41:00.0;OFF;ON;50;1,70;8,90;7,90;4,60;95;0;6,10;5;50;7,70;8,70;
2026-08-03 04:42:00.0;OFF;ON;50;1,60;8,90;7,80;4,60;95,30;0;6,20;5;50;7,70;8,70;
2026-08-03 04:43:00.0;OFF;ON;50;1,60;8,80;7,80;4,60;95,40;0;6,20;5;50;7,70;8,70;
2026-08-03 04:44:00.0;OFF;ON;50;1,70;8,80;7,80;4,60;95,30;0;6,10;5;50;7,70;8,70;
2026-08-03 04:45:00.0;OFF;ON;50;1,70;8,80;7,80;4,60;95,30;0;6,10;5;50;7,70;8,70;
2026-08-03 04:46:00.0;OFF;ON;50;1,60;8,80;7,80;4,60;95,30;0;6,30;5;50;7,70;8,70;
2026-08-03 04:47:00.0;OFF;ON;50;1,60;8,80;7,80;4,60;95,50;0;6,30;5;50;7,70;8,70;
2026-08-03 04:48:00.0;OFF;ON;50;1,80;8,80;7,80;4,60;95,50;0;6;5;50;7,70;8,70;
2026-08-03 04:49:00.0;OFF;ON;50;1,70;8,80;7,80;4,60;95,60;0;6,10;5;50;7,70;8,70;
2026-08-03 04:50:00.0;OFF;ON;50;1,60;8,80;7,80;4,50;95,60;0;6,20;5;50;7,70;8,70;
2026-08-03 04:51:00.0;OFF;ON;50;1,70;8,80;7,80;4,60;95,70;0;6,10;5;50;7,70;8,70;
2026-08-03 04:52:00.0;OFF;ON;50;1,60;8,80;7,80;4,50;95,30;0;6,20;5;50;7,70;8,70;
2026-08-03 04:53:00.0;OFF;ON;50;1,70;8,80;7,80;4,50;95,20;0;6,10;5;50;7,70;8,70;
2026-08-03 04:54:00.0;OFF;ON;50;1,60;8,80;7,80;4,50;95,40;0;6,10;5;50;7,70;8,70;
2026-08-03 04:55:00.0;OFF;ON;50;1,70;8,80;7,80;4,50;95,40;0;6,10;5;50;7,70;8,70;
2026-08-03 04:56:00.0;OFF;ON;50;1,80;8,80;7,80;4,50;95,20;0;6;5;50;7,70;8,70;
2026-08-03 04:57:00.0;OFF;ON;50;1,70;8,80;7,80;4,50;95,40;0;6,10;5;50;7,70;8,70;
2026-08-03 04:58:00.0;OFF;ON;50;1,70;8,80;7,80;4,50;95,10;0;6,10;5;50;7,70;8,70;
2026-08-03 04:59:00.0;OFF;ON;50;1,60;8,80;7,80;4,50;95,20;0;6,10;5;50;7,70;8,70;
2026-08-03 05:00:00.0;OFF;ON;50;1,70;8,80;7,80;4,50;95,10;0;6,10;5;50;7,70;8,70;
2026-08-03 05:01:00.0;OFF;ON;50;1,70;8,80;7,80;4,50;95,20;0;6,10;5;50;7,60;8,70;
2026-08-03 05:02:00.0;OFF;ON;50;1,60;8,70;7,70;4,50;95,20;0;6,10;5;50;7,60;8,70;
2026-08-03 05:03:00.0;OFF;ON;50;1,40;8,70;7,80;4,50;95,20;0;6,30;5;50;7,60;8,60;
2026-08-03 05:04:00.0;OFF;ON;50;1,30;8,80;7,80;4,50;95,10;0;6,70;5;50;7,60;8,60;
2026-08-03 05:05:00.0;OFF;ON;50;1,10;8,70;7,70;4,50;95,20;0;6,80;5;50;7,60;8,60;
2026-08-03 05:06:00.0;OFF;ON;50;0,70;8,70;7,70;4,50;95,20;0;7,20;5;50;7,60;8,60;
2026-08-03 05:07:00.0;OFF;ON;50;0,50;8,70;7,70;4,50;95,20;0;7,20;5;50;7,60;8,60;
2026-08-03 05:08:00.0;OFF;ON;50;0,30;8,70;7,70;4,50;95;0;7,30;5;50;7,60;8,60;
2026-08-03 05:09:00.0;OFF;ON;50;0,10;8,70;7,70;4,40;95;0;7,50;5;50;7,50;8,60;
2026-08-03 05:10:00.0;OFF;ON;50;-0,10;8,70;7,60;4,40;95;0;7,70;5;50;7,50;8,60;
2026-08-03 05:11:00.0;OFF;ON;50;-0,10;8,70;7,70;4,40;95,10;0;7,80;5;50;7,50;8,60;
2026-08-03 05:12:00.0;OFF;ON;50;-0,30;8,60;7,60;4,40;95;0;7,90;5;50;7,50;8,50;
2026-08-03 05:13:00.0;OFF;ON;50;-0,50;8,60;7,60;4,30;95,20;0;8,20;5;50;7,50;8,50;
2026-08-03 05:14:00.0;OFF;ON;50;-0,60;8,60;7,60;4,30;95,10;0;8,30;5;50;7,50;8,50;
2026-08-03 05:15:00.0;OFF;ON;50;-0,80;8,60;7,60;4,30;95;0;8,40;5;50;7,50;8,50;
2026-08-03 05:16:00.0;OFF;ON;50;-1;8,60;7,60;4,30;94,80;0;8,50;5;50;7,50;8,50;
2026-08-03 05:17:00.0;OFF;ON;50;-1,10;8,60;7,60;4,20;94,70;0;8,70;5;50;7,50;8,50;
2026-08-03 05:18:00.0;OFF;ON;50;-1,20;8,60;7,50;4,20;95;0;8,70;5;50;7,40;8,50;
2026-08-03 05:19:00.0;OFF;ON;50;-1,40;8,50;7,60;4,20;94,90;0;8,90;5;50;7,40;8,50;
2026-08-03 05:20:00.0;OFF;ON;50;-1,40;8,60;7,50;4,20;95;0;8,90;5;50;7,40;8,40;
2026-08-03 05:21:00.0;OFF;ON;50;-1,60;8,50;7,50;4,10;94,80;0;9;5;50;7,40;8,40;
2026-08-03 05:22:00.0;OFF;ON;50;-1,70;8,50;7,50;4,10;94,60;0;9,10;5;50;7,40;8,40;
2026-08-03 05:23:00.0;OFF;ON;50;-1,80;8,50;7,40;4,10;94,70;0;9,20;5;50;7,30;8,40;
2026-08-03 05:24:00.0;OFF;ON;50;-1,90;8,40;7,40;4,10;94,70;0;9,20;5;50;7,30;8,40;
2026-08-03 05:25:00.0;OFF;ON;50;-1,80;8,40;7,40;4;94,90;0;9,20;5;50;7,30;8,30;
2026-08-03 05:26:00.0;OFF;ON;50;-1,80;8,40;7,40;4;94,90;0;9,20;5;50;7,30;8,30;
2026-08-03 05:27:00.0;OFF;ON;50;-1,70;8,40;7,40;4;94,70;0;9,10;5;50;7,30;8,30;
2026-08-03 05:28:00.0;OFF;ON;50;-1,60;8,40;7,40;4;94,80;0;9;5;50;7,30;8,30;
2026-08-03 05:29:00.0;OFF;ON;50;-1,50;8,30;7,30;4;94,80;0;8,90;5;50;7,30;8,30;
2026-08-03 05:30:00.0;OFF;ON;50;-1,50;8,40;7,30;4;95;0;8,80;5;50;7,30;8,30;
2026-08-03 05:31:00.0;OFF;ON;50;-1,50;8,30;7,30;4;94,90;0;8,90;5;50;7,30;8,30;
2026-08-03 05:32:00.0;OFF;ON;50;-1,50;8,30;7,30;4;94,70;0;8,80;5;50;7,20;8,30;
2026-08-03 05:33:00.0;OFF;ON;50;-1,50;8,30;7,30;4;94,70;0;8,80;5;50;7,20;8,30;
2026-08-03 05:34:00.0;OFF;ON;50;-1,30;8,30;7,30;3,90;94,60;0;8,60;5;50;7,20;8,30;
2026-08-03 05:35:00.0;OFF;ON;50;-1,40;8,30;7,30;3,90;94,70;0;8,70;5;50;7,20;8,20;
2026-08-03 05:36:00.0;OFF;ON;50;-1,30;8,30;7,30;3,90;94,80;0;8,60;5;50;7,20;8,20;
2026-08-03 05:37:00.0;OFF;ON;50;-1,30;8,30;7,30;3,90;94,70;0;8,70;5;50;7,30;8,20;
2026-08-03 05:38:00.0;OFF;ON;50;-1,30;8,40;7,40;3,90;94,80;0;8,70;5;50;7,30;8,20;
2026-08-03 05:39:00.0;OFF;ON;50;-1,40;8,30;7,30;3,90;94,80;0;8,70;5;50;7,30;8,20;
2026-08-03 05:40:00.0;OFF;ON;50;-1,40;8,30;7,30;3,90;94,60;0;8,60;5;50;7,20;8,20;
2026-08-03 05:41:00.0;OFF;ON;50;-1,50;8,30;7,20;3,90;94,50;0;8,80;5;50;7,20;8,20;
2026-08-03 05:42:00.0;OFF;ON;50;-1,60;8,20;7,30;3,90;94,60;0;8,80;5;50;7,20;8,20;
2026-08-03 05:43:00.0;OFF;ON;50;-1,80;8,30;7,20;3,80;94,70;0;9;5;50;7,20;8,20;
2026-08-03 05:44:00.0;OFF;ON;50;-1,80;8,20;7,20;3,80;94,50;0;9,10;5;50;7,20;8,20;
2026-08-03 05:45:00.0;OFF;ON;50;-2,10;8,20;7,20;3,80;94,50;0;9,30;5;50;7,20;8,20;
2026-08-03 05:46:00.0;OFF;ON;50;-2;8,20;7,20;3,80;94,60;0;9,20;5;50;7,20;8,20;
2026-08-03 05:47:00.0;OFF;ON;50;-2;8,20;7,20;3,70;94,50;0;9,20;5;50;7,10;8,10;
2026-08-03 05:48:00.0;OFF;ON;50;-2,10;8,20;7,20;3,70;94,30;0;9,20;5;50;7,10;8,10;
2026-08-03 05:49:00.0;OFF;ON;50;-2,20;8,20;7,20;3,70;94,60;0;9,40;5;50;7,10;8,10;
2026-08-03 05:50:00.0;OFF;ON;50;-2,20;8,20;7,20;3,70;94,70;0;9,30;5;50;7,10;8,10;
2026-08-03 05:51:00.0;OFF;ON;50;-2,20;8,20;7,10;3,70;94,70;0;9,40;5;50;7,10;8,10;
2026-08-03 05:52:00.0;OFF;ON;50;-2,30;8,10;7,10;3,70;94,60;0;9,40;5;50;7,10;8,10;
2026-08-03 05:53:00.0;OFF;ON;50;-2,40;8,10;7,10;3,70;94,70;0;9,50;5;50;7,10;8,10;
2026-08-03 05:54:00.0;OFF;ON;50;-2,50;8,10;7,10;3,70;94,70;0;9,60;5;50;7,10;8,10;
2026-08-03 05:55:00.0;OFF;ON;50;-2,50;8,10;7,10;3,60;94,50;0;9,60;5;50;7,10;8;
2026-08-03 05:56:00.0;OFF;ON;50;-2,50;8,10;7,10;3,60;94,60;0;9,60;5;50;7,10;8;
2026-08-03 05:57:00.0;OFF;ON;50;-2,60;8,10;7,10;3,60;94,60;0;9,70;5;50;7;8;
2026-08-03 05:58:00.0;OFF;ON;50;-2,70;8,10;7;3,60;94,50;0;9,70;5;50;7;8;
2026-08-03 05:59:00.0;OFF;ON;50;-2,80;8;7;3,60;94,80;0;9,90;5;50;7;8;
2026-08-03 06:00:00.0;OFF;ON;50;-2,50;8;7;3,60;94,70;0;9,60;5;50;7;8;
2026-08-03 06:01:00.0;OFF;ON;50;-2,40;8;7;3,50;94,40;0;9,40;5;50;7;8;
2026-08-03 06:02:00.0;OFF;ON;50;-2,30;8;7;3,50;94,50;0;9,30;5;50;7;8;
2026-08-03 06:03:00.0;OFF;ON;50;-2,10;8;7;3,50;94,40;0;9,10;5;50;7;8;
2026-08-03 06:04:00.0;OFF;ON;50;-2;8;7;3,50;94,50;0;9;5;50;6,90;8;
2026-08-03 06:05:00.0;OFF;ON;50;-1,90;8;7;3,50;94,40;0;8,90;5;50;6,90;8;
2026-08-03 06:06:00.0;OFF;ON;50;-1,80;8;7;3,50;94,50;0;8,70;5;50;6,90;8;
2026-08-03 06:07:00.0;OFF;ON;50;-1,70;8;7;3,50;94,70;0;8,70;5;50;6,90;8;
2026-08-03 06:08:00.0;OFF;ON;50;-1,70;8;7;3,50;94,80;0;8,60;5;50;7;8;
2026-08-03 06:09:00.0;OFF;ON;50;-1,50;8;7;3,50;94,90;0;8,40;5;50;6,90;8;
2026-08-03 06:10:00.0;OFF;ON;50;-1,40;8;7;3,60;94,50;0;8,30;5;50;6,90;8;
2026-08-03 06:11:00.0;OFF;ON;50;-1,40;8;6,90;3,50;94,40;0;8,30;5;50;6,90;8;
2026-08-03 06:12:00.0;OFF;ON;50;-1,50;7,90;6,90;3,50;94,50;0;8,40;5;50;6,90;8;
2026-08-03 06:13:00.0;OFF;ON;50;-1,40;7,90;6,90;3,60;94,30;0;8,30;5;50;6,90;8;
2026-08-03 06:14:00.0;OFF;ON;50;-1,30;7,90;7;3,60;94,60;0;8,30;5;50;6,90;8;
2026-08-03 06:15:00.0;OFF;ON;50;-1,40;8;7;3,60;94,80;0;8,30;5;50;6,90;8;
2026-08-03 06:16:00.0;OFF;ON;50;-1,30;8;7;3,60;94,80;0;8,20;5;50;6,90;8;
2026-08-03 06:17:00.0;OFF;ON;50;-1,30;8;7;3,60;94,90;0;8,20;5;50;6,90;8;
2026-08-03 06:18:00.0;OFF;ON;50;-1,30;7,90;7;3,60;94,70;0;8,30;5;50;6,90;8;
2026-08-03 06:19:00.0;OFF;ON;50;-1,20;8;7;3,60;94,70;0;8,20;5;50;6,90;8;
2026-08-03 06:20:00.0;OFF;ON;50;-1,20;8;7;3,60;94,60;0;8,20;5;50;6,90;8;
2026-08-03 06:21:00.0;OFF;ON;50;-1,20;8;7;3,60;94,70;0;8,20;5;50;6,90;8;
2026-08-03 06:22:00.0;OFF;ON;50;-1,20;8;7;3,60;94,60;0;8,20;5;50;6,90;8;
2026-08-03 06:23:00.0;OFF;ON;50;-1,30;8;7;3,60;94,90;0;8,30;5;50;6,90;8;
2026-08-03 06:24:00.0;OFF;ON;50;-1,30;8;7;3,60;94,70;0;8,30;5;50;6,90;8;
2026-08-03 06:25:00.0;OFF;ON;50;-1,30;8;7;3,60;94,70;0;8,20;5;50;6,90;8;
2026-08-03 06:26:00.0;OFF;ON;50;-1,20;8;6,90;3,60;94,80;0;8,10;5;50;6,90;8;
2026-08-03 06:27:00.0;OFF;ON;50;-1,30;7,90;6,90;3,60;94,20;0;8,20;5;50;6,90;7,90;
2026-08-03 06:28:00.0;OFF;ON;50;-1,40;7,90;6,90;3,60;94,30;0;8,30;5;50;6,90;7,90;
2026-08-03 06:29:00.0;OFF;ON;50;-1,30;7,90;6,90;3,50;94,20;0;8,20;5;50;6,90;7,90;
2026-08-03 06:30:00.0;OFF;ON;50;-1,30;7,90;6,90;3,60;94,30;0;8,20;5;50;6,90;7,90;
2026-08-03 06:31:00.0;OFF;ON;50;-1,40;7,90;6,90;3,60;94,60;0;8,20;5;50;6,80;7,90;
2026-08-03 06:32:00.0;OFF;ON;50;-1,40;7,90;6,90;3,50;94,80;0;8,20;5;50;6,80;7,90;
2026-08-03 06:33:00.0;OFF;ON;50;-1,40;7,90;6,90;3,50;94,40;0;8,30;5;50;6,80;7,90;
2026-08-03 06:34:00.0;OFF;ON;50;-1,40;7,90;6,90;3,50;94,40;0;8,30;5;50;6,80;7,90;
2026-08-03 06:35:00.0;OFF;ON;50;-1,50;7,90;6,90;3,50;94,40;0;8,40;5;50;6,80;7,90;
2026-08-03 06:36:00.0;OFF;ON;50;-1,70;7,90;6,90;3,50;94,40;0;8,60;5;50;6,80;7,90;
2026-08-03 06:37:00.0;OFF;ON;50;-1,80;7,90;6,90;3,50;94,40;0;8,60;5;50;6,80;7,90;
2026-08-03 06:38:00.0;OFF;ON;50;-1,80;7,90;6,90;3,50;94,30;0;8,70;5;50;6,80;7,80;
2026-08-03 06:39:00.0;OFF;ON;50;-1,80;7,90;6,80;3,50;94,50;0;8,60;5;50;6,80;7,80;
2026-08-03 06:40:00.0;OFF;ON;50;-1,80;7,80;6,80;3,50;94,50;0;8,60;5;50;6,80;7,80;
2026-08-03 06:41:00.0;OFF;ON;50;-1,90;7,80;6,80;3,50;94,30;0;8,70;5;50;6,80;7,80;
2026-08-03 06:42:00.0;OFF;ON;50;-1,90;7,80;6,80;3,50;94,30;0;8,60;5;50;6,70;7,80;
2026-08-03 06:43:00.0;OFF;ON;50;-1,90;7,80;6,80;3,40;94,20;0;8,60;5;50;6,70;7,80;
2026-08-03 06:44:00.0;OFF;ON;50;-1,90;7,70;6,70;3,40;94,10;0;8,60;5;50;6,80;7,80;
2026-08-03 06:45:00.0;OFF;ON;50;-2;7,70;6,70;3,40;94,10;0;8,70;5;50;6,70;7,80;
2026-08-03 06:46:00.0;OFF;ON;50;-2;7,70;6,70;3,40;94,10;0;8,70;5;50;6,70;7,70;
2026-08-03 06:47:00.0;OFF;ON;50;-2;7,70;6,70;3,40;94,20;0;8,70;5;50;6,70;7,70;
2026-08-03 06:48:00.0;OFF;ON;50;-2;7,70;6,70;3,40;94,20;0;8,70;5;50;6,70;7,70;
2026-08-03 06:49:00.0;OFF;ON;50;-1,80;7,70;6,70;3,40;94,40;0;8,50;5;50;6,70;7,70;
2026-08-03 06:50:00.0;OFF;ON;50;-1,90;7,70;6,70;3,40;94,50;0;8,60;5;50;6,60;7,60;
2026-08-03 06:51:00.0;OFF;ON;50;-1,80;7,70;6,70;3,30;94,50;0;8,40;5;50;6,60;7,60;
2026-08-03 06:52:00.0;OFF;ON;50;-1,90;7,60;6,60;3,40;94,40;0;8,50;5;50;6,60;7,60;
2026-08-03 06:53:00.0;OFF;ON;50;-1,90;7,60;6,60;3,30;94,50;0;8,50;5;50;6,50;7,60;
2026-08-03 06:54:00.0;OFF;ON;50;-2;7,60;6,60;3,30;94,70;0;8,60;5;50;6,40;7,40;
2026-08-03 06:55:00.0;OFF;ON;50;-1,80;7,60;6,60;3,30;95;0;8,30;5;50;6,40;7,40;
2026-08-03 06:56:00.0;OFF;ON;50;-1,80;7,60;6,60;3,30;94,60;0;8,40;5;50;6,40;7,40;
2026-08-03 06:57:00.0;OFF;ON;50;-1,70;7,60;6,60;3,30;94,30;0;8,30;5;50;6,40;7,40;
2026-08-03 06:58:00.0;OFF;ON;50;-1,80;7,60;6,70;3,20;94,10;0;8,40;5;50;6,40;7,40;
2026-08-03 06:59:00.0;OFF;ON;50;-1,80;7,70;6,60;3,20;94,10;0;8,40;5;50;6,40;7,40;
2026-08-03 07:00:00.0;OFF;ON;50;-2;7,60;6,60;3,20;94,20;0;8,60;5;50;6,50;7,50;
2026-08-03 07:01:00.0;OFF;ON;50;-2,10;7,60;6,60;3,20;94,20;0;8,70;5;50;6,60;7,40;
2026-08-03 07:02:00.0;OFF;ON;50;-2,10;7,60;6,60;3,20;94,10;0;8,70;5;50;6,50;7,40;
2026-08-03 07:03:00.0;OFF;ON;50;-2,10;7,60;6,60;3,20;94,20;0;8,70;5;50;6,50;7,50;
2026-08-03 07:04:00.0;OFF;ON;50;-2;7,60;6,60;3,20;94,30;0;8,60;5;50;6,60;7,50;
2026-08-03 07:05:00.0;OFF;ON;50;-2;7,60;6,60;3,20;94,10;0;8,60;5;50;6,60;7,50;
2026-08-03 07:06:00.0;OFF;ON;50;-2;7,60;6,60;3,20;94,10;0;8,70;5;50;6,60;7,50;
2026-08-03 07:07:00.0;OFF;ON;50;-2;7,60;6,60;3,20;94,20;0;8,70;5;50;6,60;7,50;
2026-08-03 07:08:00.0;OFF;ON;50;-2,10;7,60;6,60;3,20;94,40;0;8,70;5;50;6,60;7,50;
2026-08-03 07:09:00.0;OFF;ON;50;-2,20;7,60;6,60;3,20;94,40;0;8,80;5;50;6,60;7,50;
2026-08-03 07:10:00.0;OFF;ON;50;-2;7,60;6,60;3,20;94,40;0;8,60;5;50;6,60;7,50;
2026-08-03 07:11:00.0;OFF;ON;50;-2;7,60;6,70;3,20;94,50;0;8,70;5;50;6,70;7,60;
2026-08-03 07:12:00.0;OFF;ON;50;-1,90;7,70;6,80;3,30;95;0;8,70;5;50;6,80;7,60;
2026-08-03 07:13:00.0;OFF;ON;50;-1,90;7,80;6,80;3,20;95,30;0;8,70;5;50;6,80;7,70;
2026-08-03 07:14:00.0;OFF;ON;50;-1,80;7,80;6,80;3,30;95,20;0;8,60;5;50;6,80;7,70;
2026-08-03 07:15:00.0;OFF;ON;50;-2;7,80;6,80;3,30;95;0;8,80;5;50;6,70;7,80;
2026-08-03 07:16:00.0;OFF;ON;50;-2;7,80;6,90;3,30;95,20;0;8,90;5;50;6,80;7,80;
2026-08-03 07:17:00.0;OFF;ON;50;-2,10;7,90;6,90;3,30;95,30;0;9;5;50;6,90;7,80;
2026-08-03 07:18:00.0;OFF;ON;50;-2,10;7,90;6,90;3,30;95,50;0;9;5;50;6,80;7,80;
2026-08-03 07:19:00.0;OFF;ON;50;-2,20;7,90;6,90;4,10;95,70;0;8,90;5;50;6,50;7,70;
2026-08-03 07:20:00.0;OFF;ON;50;-1,90;7,60;6,80;4,10;96,20;0;8,80;5;50;6,40;7,60;
2026-08-03 07:21:00.0;OFF;ON;50;-2;7,70;6,90;4;96,30;0;8,90;5;50;6,80;7,70;
2026-08-03 07:22:00.0;OFF;ON;50;-1,90;7,90;6,90;3,80;96,20;0;8,90;5;50;6,90;7,80;
2026-08-03 07:23:00.0;OFF;ON;50;-1,90;7,90;7;3,70;96,20;0;8,90;5;50;7;7,90;
2026-08-03 07:24:00.0;OFF;ON;50;-1,90;8;7;3,70;96,10;0;9;5;50;7;7,90;
2026-08-03 07:25:00.0;OFF;ON;50;-2,10;8;7,10;3,60;96;0;9,10;5;50;7;7,90;
2026-08-03 07:26:00.0;OFF;ON;50;-2,20;8,10;7,10;3,60;96;0;9,20;5;50;7;7,90;
2026-08-03 07:27:00.0;OFF;ON;50;-2,10;8,10;7,10;3,50;96;0;9,20;5;50;7;7,90;
2026-08-03 07:28:00.0;OFF;ON;50;-2,20;8,10;7;3,50;96,10;0;9,20;5;50;7;7,90;
2026-08-03 07:29:00.0;OFF;ON;50;-2;8;7;3,50;95,80;0;9;5;50;7;7,90;
2026-08-03 07:30:00.0;OFF;ON;50;-2;8;7;3,50;95,50;0;9,10;5;50;7;7,90;
2026-08-03 07:31:00.0;OFF;ON;50;-2;8;7;3,40;95,20;0;9;5;50;7;7,90;
2026-08-03 07:32:00.0;OFF;ON;50;-1,80;8,10;7,10;3,50;95;0;8,90;5;50;7;7,90;
2026-08-03 07:33:00.0;OFF;ON;50;-1,90;8,10;7,10;3,40;95;0;9;5;50;7,10;8;
2026-08-03 07:34:00.0;OFF;ON;50;-2;8,10;7,10;3,40;95,60;0;9,10;5;50;7,20;8;
2026-08-03 07:35:00.0;OFF;ON;50;-2;8,20;7,20;3,50;95,50;0;9,20;5;50;7,30;8,10;
2026-08-03 07:36:00.0;OFF;ON;50;-2;8,30;7,30;3,50;95,80;0;9,30;5;50;7,40;8,20;
2026-08-03 07:37:00.0;OFF;ON;50;-2,20;8,40;7,40;3,50;96,20;0;9,60;5;50;7,50;8,30;
2026-08-03 07:38:00.0;OFF;ON;50;-2,10;8,50;7,50;3,50;96,30;0;9,60;5;50;7,60;8,30;
2026-08-03 07:39:00.0;OFF;ON;50;-2,10;5,50;7,50;3,50;96,40;0;9,70;5;50;7,70;8,50;
2026-08-03 07:40:00.0;OFF;ON;50;-2,20;5,60;7,60;3,60;96,80;0;9,80;5;50;7,80;8,60;
2026-08-03 07:41:00.0;OFF;ON;50;-2,10;5,80;7,80;3,60;97,10;0;9,90;2;50;7,90;8,80;
2026-08-03 07:42:00.0;OFF;ON;50;-2,10;5,90;7,90;3,60;97,30;0;10;2;50;8;9;
2026-08-03 07:43:00.0;OFF;ON;50;-2,10;5,90;7,90;3,70;97,50;0;10;2;50;8,10;9,10;
2026-08-03 07:44:00.0;OFF;ON;50;-2;5,90;7,90;3,70;97,60;0;9,90;2;50;8,20;9,20;
2026-08-03 07:45:00.0;ON;OFF;50;-1,90;6;8;3,70;97,90;0;9,90;2;50;8,10;9,20;
2026-08-03 07:46:00.0;ON;OFF;50;-1,90;6;8;3,70;98;0;9,90;2;50;8,20;9,20;
2026-08-03 07:47:00.0;ON;OFF;50;-1,90;6,10;8,10;3,70;98;0;10;2;50;8,30;9,20;
2026-08-03 07:48:00.0;ON;OFF;50;-1,80;6,10;8,10;3,80;98,10;0;10;2;50;8,30;9,30;
2026-08-03 07:49:00.0;ON;OFF;50;-1,90;6,10;8,10;3,80;98,20;0;10,10;2;50;8,30;9,30;
2026-08-03 07:50:00.0;ON;OFF;50;-1,80;6,20;8,20;3,80;98,20;0;10;2;50;8,50;9,40;
2026-08-03 07:51:00.0;ON;OFF;50;-1,90;6,20;8,20;3,80;98,20;0;10,10;2;50;8,50;9,50;
2026-08-03 07:52:00.0;ON;OFF;50;-1,70;6,30;8,30;3,90;98,30;0;9,90;2;50;8,50;9,50;
2026-08-03 07:53:00.0;ON;OFF;50;-1,70;6,20;8,20;3,40;98,30;0;10;2;50;8,60;9,60;
2026-08-03 07:54:00.0;ON;OFF;50;-1,70;6,20;8,20;3,20;98,20;0;9,90;2;50;8,50;9,50;
2026-08-03 07:55:00.0;ON;OFF;50;-1,70;6,20;8,20;3,10;98,20;0;9,90;2;50;8,50;9,40;
2026-08-03 07:56:00.0;ON;OFF;50;-1,60;6,10;8,10;3;98,10;0;9,70;2;50;8,40;9,30;
2026-08-03 07:57:00.0;ON;OFF;50;-1,20;6,10;8,10;2,90;98,10;0;9,30;2;50;8,30;9,30;
2026-08-03 07:58:00.0;ON;OFF;50;-1,10;6,10;8,10;2,80;98;0;9,30;2;50;8,30;9,30;
2026-08-03 07:59:00.0;ON;OFF;50;-0,90;6,10;8,10;3,30;98;0;8,90;2;50;8,20;9,20;
2026-08-03 08:00:00.0;ON;OFF;50;-0,60;5,90;7,90;3,80;97,60;0;8,50;2;50;8;9;
2026-08-03 08:01:00.0;ON;OFF;50;-0,40;5,80;7,80;3,90;97,10;0;8,20;2;50;7,90;8,90;
2026-08-03 08:02:00.0;ON;OFF;50;-0,20;5,70;7,70;3,90;96,80;0;8;2;50;7,80;8,80;
2026-08-03 08:03:00.0;ON;OFF;50;-0,10;5,70;7,70;3,90;96,40;0;7,70;2;50;7,70;8,70;
2026-08-03 08:04:00.0;ON;OFF;50;0,10;5,60;7,60;3,90;96,20;0;7,60;2;50;7,70;8,70;
2026-08-03 08:05:00.0;ON;OFF;50;0,20;5,60;7,60;3,50;96;0;7,50;2;50;7,60;8,60;
2026-08-03 08:06:00.0;ON;OFF;50;0,30;5,50;7,50;6,90;95,70;0;7,30;2;50;7,50;8,50;
2026-08-03 08:07:00.0;ON;OFF;50;0,40;5,60;7,60;5,70;95,90;0;7,20;2;50;7,10;8,10;
2026-08-03 08:08:00.0;ON;OFF;50;0,50;5,40;7,40;5,60;96,30;0;7;2;50;7,30;7,90;
2026-08-03 08:09:00.0;ON;OFF;50;0,50;5,40;7,40;4,20;96,60;0;6,90;2;50;7,60;8,20;
2026-08-03 08:10:00.0;ON;OFF;50;0,70;5,80;7,80;3,30;97;0;7,10;2;50;8,10;8,30;
2026-08-03 08:11:00.0;ON;OFF;50;0,60;5,70;7,70;3,20;97,10;0;7;2;50;7,70;8,10;
2026-08-03 08:12:00.0;ON;OFF;50;0,80;5,70;7,70;3,20;97,20;0;6,90;2;50;7,70;8,40;
2026-08-03 08:13:00.0;ON;OFF;50;0,70;5,90;7,90;3,60;97,50;0;7,20;2;50;7,90;8,30;
2026-08-03 08:14:00.0;ON;OFF;50;0,70;6;8;3,50;97,90;0;7,20;2;50;7,90;8,10;
2026-08-03 08:15:00.0;ON;OFF;50;0,80;6;8;3,60;97,90;0;7,20;2;50;7,80;8,40;
2026-08-03 08:16:00.0;ON;OFF;50;0,80;6,10;8,10;4,50;98,10;0;7,30;2;50;7,90;8,60;
2026-08-03 08:17:00.0;ON;OFF;50;0,80;6,30;8,30;4,20;98,10;0;7,60;2;50;8,20;9;
2026-08-03 08:18:00.0;ON;OFF;50;0,90;6,50;8,50;6,80;98,20;0;7,60;2;50;8,30;9,30;
2026-08-03 08:19:00.0;ON;OFF;50;1;6,60;8,60;6,70;98,40;0;7,60;2;50;8,50;9,50;
2026-08-03 08:20:00.0;ON;OFF;50;0,90;6,60;8,60;7,50;98,50;0;7,70;2;50;8,80;9,70;
2026-08-03 08:21:00.0;ON;OFF;50;0,90;6,60;8,60;8,50;98,50;0;7,70;2;50;8,70;9,60;
2026-08-03 08:22:00.0;ON;OFF;50;1;6,60;8,60;8;98,50;0;7,70;2;50;8,60;9,50;
2026-08-03 08:23:00.0;ON;OFF;50;1,10;6,50;8,50;7,20;98,50;0;7,40;2;50;8,50;9,40;
2026-08-03 08:24:00.0;ON;OFF;50;1,20;6,50;8,50;6,50;98,50;0;7,30;2;50;8,40;9,20;
2026-08-03 08:25:00.0;ON;OFF;50;1,30;6,30;8,30;6,10;98,40;0;7,10;2;50;8,30;9,10;
2026-08-03 08:26:00.0;ON;OFF;50;1,30;6,20;8,20;5,90;98,40;0;7;2;50;8,20;9,10;
2026-08-03 08:27:00.0;ON;OFF;50;1,40;6,20;8,20;5,70;98,30;0;6,80;2;50;8,10;9;
2026-08-03 08:28:00.0;ON;OFF;50;1,40;6,20;8,20;5,50;98,20;0;6,80;2;50;8,20;9;
2026-08-03 08:29:00.0;ON;OFF;50;1,60;6,20;8,20;5,50;98,20;0;6,60;2;50;8,20;9;
2026-08-03 08:30:00.0;ON;OFF;50;1,70;6,10;8,10;5,40;98;0;6,50;2;50;8,10;8,90;
2026-08-03 08:31:00.0;ON;OFF;50;1,70;6,10;8,10;5,40;97,90;0;6,40;2;50;8;8,90;
2026-08-03 08:32:00.0;ON;OFF;50;2;6,10;8,10;5,40;97,90;0;6,10;2;50;8;8,90;
2026-08-03 08:33:00.0;ON;OFF;50;2,10;6,10;8,10;5,30;97,70;0;6;2;50;7,90;8,80;
2026-08-03 08:34:00.0;ON;OFF;50;2,30;6,10;8,10;5,30;97,50;0;5,80;2;50;7,90;8,70;
2026-08-03 08:35:00.0;ON;OFF;50;2,40;6,20;8,20;5,20;97,40;0;5,90;2;50;8,20;9,10;
2026-08-03 08:36:00.0;ON;OFF;50;2,50;6,30;8,30;5,20;97,70;0;5,80;2;50;8,20;9,30;
2026-08-03 08:37:00.0;ON;OFF;50;2,70;6,40;8,40;5,30;97,80;0;5,70;2;50;8,30;9,30;
2026-08-03 08:38:00.0;ON;OFF;50;2,80;6,40;8,40;5,30;97,90;0;5,60;2;50;8,40;9,40;
2026-08-03 08:39:00.0;ON;OFF;50;2,90;6,40;8,40;5,30;98;0;5,60;2;50;8,50;9,40;
2026-08-03 08:40:00.0;ON;OFF;50;3,20;6,50;8,50;5,30;98,10;0;5,30;2;50;8,40;9,40;
2026-08-03 08:41:00.0;ON;OFF;50;3,30;6,50;8,50;5,30;98,10;0;5,20;2;50;8,50;9,40;
2026-08-03 08:42:00.0;ON;OFF;50;3,30;6,50;8,50;5,30;98,20;0;5,10;2;50;8,50;9,50;
2026-08-03 08:43:00.0;ON;OFF;50;3,50;6,50;8,50;5,30;98,20;0;5;2;50;8,60;9,50;
2026-08-03 08:44:00.0;ON;OFF;50;3,50;6,50;8,50;5,30;98,20;0;5;2;50;8,70;9,50;
2026-08-03 08:45:00.0;ON;OFF;50;3,80;5,50;7,50;5;96,20;0;3,70;2;50;7,40;5,90;
2026-08-03 08:46:00.0;ON;OFF;50;4,60;4,30;6,30;4,30;92,30;0;1,60;2;50;6,20;5,10;
2026-08-03 08:47:00.0;ON;OFF;50;5;4;6;4;92;0;1;2;51,60;6;5,30;
2026-08-03 08:48:00.0;ON;OFF;50;5,40;4;6;4;93;0;0,70;2;55;6;5,60;
2026-08-03 08:49:00.0;ON;OFF;50;5,70;4,10;6,10;4;94,10;0;0,40;2;58,10;6;5,80;
2026-08-03 08:50:00.0;ON;OFF;50;5,80;4,20;6,20;4,10;95;0;0,40;2;60,30;6,10;6;
2026-08-03 08:51:00.0;ON;OFF;50;5,90;4,30;6,30;4,20;95,80;0;0,40;2;62,80;6,20;6,20;
2026-08-03 08:52:00.0;ON;OFF;50;6,30;4,40;6,40;4,30;96,40;0;0,10;2;64,60;6,30;6,30;
2026-08-03 08:53:00.0;ON;OFF;50;6,20;4,50;6,50;4,30;96,80;0;0,20;2;67,80;6,40;6,50;
2026-08-03 08:54:00.0;ON;OFF;50;6,40;4,50;6,50;4,40;97,10;0;0,10;2;69,40;6,40;6,60;
2026-08-03 08:55:00.0;ON;OFF;50;6,60;4,60;6,60;4,50;97,40;0;0;2;72,20;6,50;6,70;
2026-08-03 08:56:00.0;ON;OFF;50;6,40;4,70;6,70;4,50;97,60;0;0,20;2;75;6,60;6,80;
2026-08-03 08:57:00.0;ON;OFF;50;6,50;4,70;6,70;4,60;97,80;0;0,20;2;75,90;6,60;6,70;
2026-08-03 08:58:00.0;ON;OFF;50;5,90;4,70;6,70;4,60;97,90;0;0,80;2;78,30;6,60;6,70;
2026-08-03 08:59:00.0;ON;OFF;50;5,60;4,70;6,70;4,50;97,90;0;1;2;77,40;6,50;6,40;
2026-08-03 09:00:00.0;ON;OFF;50;5,10;4,60;6,60;4,40;97,80;0;1,50;2;77,80;6,40;6,10;
2026-08-03 09:01:00.0;ON;OFF;50;4;4,20;6,20;4,30;97,40;0;2,20;2;76,70;6,10;5,50;
2026-08-03 09:02:00.0;ON;OFF;50;3,60;3,90;5,90;3,90;96,90;0;2,30;2;73,90;5,80;4,90;
2026-08-03 09:03:00.0;ON;OFF;50;2,40;3,30;5,30;3,70;96,30;0;3;2;73,20;5,20;4,60;
2026-08-03 09:04:00.0;ON;OFF;50;1,80;2,90;4,90;3,10;94,60;0;3,10;2;69,50;4,90;3,90;
2026-08-03 09:05:00.0;ON;OFF;50;1,60;2,70;4,70;2,90;93,90;0;3,10;2;67,80;4,60;3,40;
2026-08-03 09:06:00.0;ON;OFF;50;1,10;2,30;4,30;2,50;92,90;0;3,20;2;66,90;4,30;3;
2026-08-03 09:07:00.0;ON;OFF;50;0,80;2;4;2;92,30;0;3,30;2;65,10;4;2,60;
2026-08-03 09:08:00.0;ON;OFF;50;0,60;1,80;3,80;1,90;92,10;0;3,20;2;63,30;3,80;2,40;
2026-08-03 09:09:00.0;ON;OFF;50;0,30;1,50;3,50;1,60;92;0;3,20;2;62;3,50;2,10;
2026-08-03 09:10:00.0;ON;OFF;50;0,10;1,30;3,30;1,30;92,20;0;3,20;2;60,30;3,40;1,90;
2026-08-03 09:11:00.0;ON;OFF;50;0;1,20;3,20;1,10;92,40;0;3,20;2;59,20;3,30;1,70;
2026-08-03 09:12:00.0;ON;OFF;50;0,30;1,20;3,20;0,90;92,90;0;2,90;2;57,70;3,50;1,80;
2026-08-03 09:13:00.0;ON;OFF;50;0,30;1,30;3,30;0,90;94,10;0;3;2;57,40;3,60;1,90;
2026-08-03 09:14:00.0;ON;OFF;50;0,40;1,30;3,30;1,10;95,10;3,30;2,90;2;55,70;3,70;1,90;
2026-08-03 09:15:00.0;ON;OFF;50;0,90;1,40;3,40;1,10;96,10;0;2,40;2;55,20;3,60;2,10;
2026-08-03 09:16:00.0;ON;OFF;50;0,60;1,40;3,40;30,10;96,50;0;2,80;2;53,90;3,60;2,20;
2026-08-03 09:17:00.0;ON;OFF;50;1,20;1,50;3,50;40,20;97;109;2,30;2;55,20;3,60;2,20;
2026-08-03 09:18:00.0;ON;OFF;50;1,10;1,60;3,60;41,50;97,30;110,30;2,50;2;54,20;3,70;2,30;
2026-08-03 09:19:00.0;ON;OFF;50;1;1,70;3,70;42,20;97,70;110,40;2,70;2;52,70;3,80;2,40;
2026-08-03 09:20:00.0;ON;OFF;50;1,10;1,70;3,70;42,50;97,90;110,40;2,60;2;52,40;3,80;2,40;
2026-08-03 09:21:00.0;ON;OFF;50;1,20;1,70;3,70;42,70;98;110,30;2,50;2;51,80;3,80;2,50;
2026-08-03 09:22:00.0;ON;OFF;50;1,20;1,80;3,80;42,90;98,20;110,30;2,60;2;50,80;3,80;2,40;
2026-08-03 09:23:00.0;ON;OFF;50;1,40;1,80;3,80;43;98,20;110,30;2,40;2;50;3,80;2,40;
2026-08-03 09:24:00.0;ON;OFF;50;1,60;1,90;3,90;43,10;98,40;110,30;2,30;2;50;3,90;2,70;
2026-08-03 09:25:00.0;ON;OFF;50;1,70;2;4;43,10;98,40;110,20;2,30;2;50;4;2,70;
2026-08-03 09:26:00.0;ON;OFF;50;1,50;2,10;4,10;43,20;98,40;110,20;2,50;2;50;4;2,80;
2026-08-03 09:27:00.0;ON;OFF;50;1,50;2,10;4,10;43,20;98,40;110,20;2,60;2;50;4;2,80;
2026-08-03 09:28:00.0;ON;OFF;50;1,80;2,20;4,20;43,20;98,40;110,10;2,40;2;50;4,10;2,90;
2026-08-03 09:29:00.0;ON;OFF;50;1,80;2,20;4,20;43,30;98,40;110,10;2,40;2;50;4,10;3;
2026-08-03 09:30:00.0;ON;OFF;50;2;2,30;4,30;43,30;98,40;110,10;2,30;2;50;4,20;3;
2026-08-03 09:31:00.0;ON;OFF;50;1,90;2,40;4,40;43,30;98,40;110,10;2,50;2;50;4,20;3,10;
2026-08-03 09:32:00.0;ON;OFF;50;1,90;2,40;4,40;43,30;98,40;110,10;2,50;2;50;4,20;3,10;
2026-08-03 09:33:00.0;ON;OFF;50;1,80;2,50;4,50;43,40;98,40;110,10;2,70;2;50;4,20;3;
2026-08-03 09:34:00.0;ON;OFF;50;2,10;2,50;4,50;43,40;98,40;110,10;2,40;2;50;4,20;3,10;
2026-08-03 09:35:00.0;ON;OFF;50;2;2,60;4,60;43,40;98,40;110;2,60;2;50;4,20;3,10;
2026-08-03 09:36:00.0;ON;OFF;50;2,10;2,60;4,60;43,40;98,50;110;2,60;2;50;4,30;3,20;
2026-08-03 09:37:00.0;ON;OFF;50;2,20;2,70;4,70;43,40;98,50;110;2,50;2;50;4,40;3,20;
2026-08-03 09:38:00.0;ON;OFF;50;2,50;2,80;4,80;43,40;98,50;110;2,30;2;50;4,40;3,30;
2026-08-03 09:39:00.0;ON;OFF;50;2,60;2,90;4,90;43,50;98,50;110;2,30;2;50;4,40;3,50;
2026-08-03 09:40:00.0;ON;OFF;50;2,70;3;5;43,50;98,50;110;2,30;2;50;4,60;3,60;
2026-08-03 09:41:00.0;ON;OFF;50;2,50;3,10;5,10;43,50;98,50;109,90;2,60;2;50;4,60;3,70;
2026-08-03 09:42:00.0;ON;OFF;50;2,40;3,10;5,10;43,50;98,50;109,90;2,80;2;50;4,70;3,60;
2026-08-03 09:43:00.0;ON;OFF;50;2,50;3,20;5,20;43,50;98,50;109,90;2,70;2;50;4,70;3,50;
2026-08-03 09:44:00.0;ON;OFF;50;2,60;3,30;5,30;43,50;98,50;109,90;2,70;2;50;4,80;3,70;
2026-08-03 09:45:00.0;ON;OFF;50;2,60;3,40;5,40;43,50;98,50;109,90;2,80;2;50;4,80;3,70;
2026-08-03 09:46:00.0;ON;OFF;50;2,60;3,40;5,40;43,50;98,50;109,80;2,80;2;50;4,90;3,70;
2026-08-03 09:47:00.0;ON;OFF;50;2,90;3,50;5,50;43,50;98,50;109,80;2,60;2;50;4,90;3,80;
2026-08-03 09:48:00.0;ON;OFF;50;2,50;3,60;5,60;43,50;98,50;109,80;3,10;2;50;5;3,80;
2026-08-03 09:49:00.0;ON;OFF;50;2,60;3,70;5,70;43,50;98,50;109,80;3,10;2;50;5;3,80;
2026-08-03 09:50:00.0;ON;OFF;50;2,90;3,70;5,70;43,50;98,50;109,80;2,80;2;50;5;3,90;
2026-08-03 09:51:00.0;ON;OFF;50;3;3,80;5,80;43,50;98,50;109,80;2,80;2;50;5,10;4;
2026-08-03 09:52:00.0;ON;OFF;50;2,90;4;6;43,60;98,50;109,80;3;2;50;5,30;4,10;
2026-08-03 09:53:00.0;ON;OFF;50;3,10;4;6;43,60;98,50;109,70;2,90;2;50;5,40;4,20;
2026-08-03 09:54:00.0;ON;OFF;50;3;4;6;43,60;98,50;109,70;3;2;50;5,40;4,20;
2026-08-03 09:55:00.0;ON;OFF;50;3,10;4;6;43,60;98,50;109,70;2,90;2;50;5,40;4,20;
2026-08-03 09:56:00.0;ON;OFF;50;3;4,10;6,10;43,60;98,50;109,70;3,10;2;50;5,60;4,20;
2026-08-03 09:57:00.0;ON;OFF;50;3,30;4,20;6,20;43,60;98,50;109,70;2,90;2;50;5,60;4,30;
2026-08-03 09:58:00.0;ON;OFF;50;3,50;4,30;6,30;43,60;98,50;109,70;2,70;2;50;5,70;4,50;
2026-08-03 09:59:00.0;ON;OFF;50;3,30;4,30;6,30;43,60;98,50;109,70;3;2;50;5,80;4,50;
2026-08-03 10:00:00.0;ON;OFF;50;3,20;4,40;6,40;43,60;98,50;109,70;3,20;2;50;5,80;4,50;
2026-08-03 10:01:00.0;ON;OFF;50;3,30;4,40;6,40;43,60;98,50;109,70;3,10;2;50;5,80;4,50;
2026-08-03 10:02:00.0;ON;OFF;50;3,20;4,40;6,40;43,60;98,50;109,60;3,20;2;50;5,80;4,50;
2026-08-03 10:03:00.0;ON;OFF;50;3,50;4,50;6,50;43,60;98,50;109,60;2,90;2;50;5,80;4,50;
2026-08-03 10:04:00.0;ON;OFF;50;3,70;4,50;6,50;43,60;98,50;109,60;2,90;2;50;5,90;4,60;
2026-08-03 10:05:00.0;ON;OFF;50;3,50;4,60;6,60;43,60;98,50;109,60;3,10;2;50;5,90;4,80;
2026-08-03 10:06:00.0;ON;OFF;50;3,50;4,70;6,70;43,60;98,50;109,60;3,10;2;50;6,10;4,70;
2026-08-03 10:07:00.0;ON;OFF;50;3,70;4,70;6,70;43,60;98,50;109,60;3;2;50;6,10;4,70;
2026-08-03 10:08:00.0;ON;OFF;50;3,50;4,80;6,80;43,60;98,50;109,60;3,30;2;50;6,20;4,80;
2026-08-03 10:09:00.0;ON;OFF;50;3,50;4,80;6,80;43,60;98,50;109,60;3,30;2;50;6,20;4,70;
2026-08-03 10:10:00.0;ON;OFF;50;3,80;4,80;6,80;43,60;98,50;109,60;3;2;50;6,20;4,80;
2026-08-03 10:11:00.0;ON;OFF;50;3,90;4,90;6,90;43,60;98,50;109,60;3;2;50;6,30;5;
2026-08-03 10:12:00.0;ON;OFF;50;3,90;5;7;43,60;98,50;109,50;3,10;2;50;6,40;5;
2026-08-03 10:13:00.0;ON;OFF;50;3,80;5;7;43,60;98,50;109,50;3,10;2;50;6,40;5;
2026-08-03 10:14:00.0;ON;OFF;50;3,70;5;7;43,60;98,50;109,50;3,30;2;50;6,50;5;
2026-08-03 10:15:00.0;ON;OFF;50;3,70;5,10;7,10;43,60;98,50;109,50;3,30;2;50;6,60;5;
2026-08-03 10:16:00.0;ON;OFF;50;4,10;5,10;7,10;43,60;98,50;109,50;3;2;50;6,70;5;
2026-08-03 10:17:00.0;ON;OFF;50;4,20;5,10;7,10;43,60;98,50;109,50;2,90;2;50;6,70;5,20;
2026-08-03 10:18:00.0;ON;OFF;50;4,10;5,30;7,30;43,60;98,50;109,50;3,20;2;50;6,90;5,40;
2026-08-03 10:19:00.0;ON;OFF;50;4,10;5,30;7,30;43,60;98,50;109,50;3,20;2;50;7;5,40;
2026-08-03 10:20:00.0;ON;OFF;50;4,10;5,40;7,40;43,60;98,50;109,50;3,20;2;50;7,20;5,40;
2026-08-03 10:21:00.0;ON;OFF;50;4;5,40;7,40;43,60;98,50;109,50;3,40;2;50;7,20;5,50;
2026-08-03 10:22:00.0;ON;OFF;50;4,10;5,40;7,40;43,60;98,50;109,50;3,30;2;50;7,10;5,40;
2026-08-03 10:23:00.0;ON;OFF;50;4,40;5,40;7,40;43,60;98,50;109,50;3,10;2;50;7,20;5,50;
2026-08-03 10:24:00.0;ON;OFF;50;4,40;5,50;7,50;43,50;98,50;109,50;3,10;2;50;7,30;5,70;
2026-08-03 10:25:00.0;ON;OFF;50;4,30;5,60;7,60;43,50;98,50;109,50;3,30;2;50;7,30;5,70;
2026-08-03 10:26:00.0;ON;OFF;50;4,20;5,60;7,60;43,50;98,50;109,50;3,40;2;50;7,30;5,70;
2026-08-03 10:27:00.0;ON;OFF;50;4,30;5,70;7,70;43,50;98,50;109,50;3,40;2;50;7,50;5,70;
2026-08-03 10:28:00.0;ON;OFF;50;4,20;5,70;7,70;43,50;98,50;109,50;3,50;2;50;7,40;5,70;
2026-08-03 10:29:00.0;ON;OFF;50;4,50;5,70;7,70;43,50;98,50;109,50;3,20;2;50;7,50;5,80;
2026-08-03 10:30:00.0;ON;OFF;50;4,70;5,80;7,80;43,50;98,50;109,50;3,20;2;50;7,70;6;
2026-08-03 10:31:00.0;ON;OFF;50;4,50;6;8;43,50;98,50;109,50;3,40;2;50;7,80;6,20;
2026-08-03 10:32:00.0;ON;OFF;50;4,60;6,10;8,10;43,50;98,50;109,50;3,40;2;50;7,80;6,10;
2026-08-03 10:33:00.0;ON;OFF;50;4,50;6,10;8,10;43,40;98,50;109,50;3,70;2;50;8;6,20;
2026-08-03 10:34:00.0;ON;OFF;50;4,70;6,20;8,20;43,40;98,50;109,50;3,60;2;50;8,10;6,20;
2026-08-03 10:35:00.0;ON;OFF;50;4,50;6,30;8,30;43,40;98,60;109,50;3,80;2;50;8,20;6,30;
2026-08-03 10:36:00.0;ON;OFF;50;5,10;6,50;8,50;43,40;98,60;109,50;3,40;2;50;8,40;6,50;
2026-08-03 10:37:00.0;ON;OFF;50;5,10;6,60;8,60;43,40;98,60;109,50;3,60;2;50;8,50;6,80;
2026-08-03 10:38:00.0;ON;OFF;50;5;6,80;8,80;43,30;98,60;109,50;3,80;2;50;8,60;6,80;
2026-08-03 10:39:00.0;ON;OFF;50;5,10;7;9;43,30;98,60;109,70;3,90;2;50;8,80;6,90;
2026-08-03 10:40:00.0;ON;OFF;50;4,90;7;9;43,30;98,60;109,70;4,10;2;50;8,80;6,90;
2026-08-03 10:41:00.0;ON;OFF;50;5,10;7,10;9,10;43,30;98,60;109,70;4;2;50;8,70;6,80;
2026-08-03 10:42:00.0;ON;OFF;50;5;7,20;9,20;43,30;98,60;109,70;4,20;2;50;9;7;
2026-08-03 10:43:00.0;ON;OFF;50;5,30;7,40;9,40;43,30;98,60;109,70;4;2;50;9,10;7,10;
2026-08-03 10:44:00.0;ON;OFF;50;5,90;7,60;9,60;43,20;98,60;109,70;3,70;2;50;9,40;7,50;
2026-08-03 10:45:00.0;ON;OFF;50;5,70;7,70;9,70;43,20;98,60;109,70;4;2;50;9,50;7,70;
2026-08-03 10:46:00.0;ON;OFF;50;5,70;7,90;9,90;43,20;98,60;109,70;4,20;2;50;9,60;7,80;
2026-08-03 10:47:00.0;ON;OFF;50;5,80;8;10;43,20;98,60;109,70;4,20;2;50;9,60;7,80;
2026-08-03 10:48:00.0;ON;OFF;50;5,50;8,10;10,10;43,10;98,60;109,70;4,60;2;50;9,70;7,70;
2026-08-03 10:49:00.0;ON;OFF;50;5,90;8,20;10,20;43,10;98,60;109,70;4,30;2;50;9,80;7,80;
2026-08-03 10:50:00.0;ON;OFF;50;6;8,30;10,30;43,10;98,60;109,70;4,30;2;50;9,90;7,90;
2026-08-03 10:51:00.0;ON;OFF;50;6;8,40;10,40;43,10;98,60;109,70;4,40;2;50;10;8,10;
2026-08-03 10:52:00.0;ON;OFF;50;6,10;8,50;10,50;43;98,60;109,70;4,40;2;50;9,90;8,10;
2026-08-03 10:53:00.0;ON;OFF;50;5,90;8,70;10,70;43;98,60;109,70;4,80;2;50;10,20;8,10;
2026-08-03 10:54:00.0;ON;OFF;50;5,80;8,80;10,80;43;98,60;109,70;4,90;2;50;10;8,10;
2026-08-03 10:55:00.0;ON;OFF;50;6;8,90;10,90;42,90;98,60;109,70;4,90;2;50;10,20;8,10;
2026-08-03 10:56:00.0;ON;OFF;50;5,90;8,90;10,90;42,90;98,60;109,70;5;2;50;10,10;8,10;
2026-08-03 10:57:00.0;ON;OFF;50;6;8,90;10,90;42,90;98,70;109,70;4,90;2;50;10,10;8,10;
2026-08-03 10:58:00.0;ON;OFF;50;6;9;11;42,90;98,70;109,70;5;2;50;10,20;8,10;
2026-08-03 10:59:00.0;ON;OFF;50;6;9;11;42,80;98,70;109,70;5;2;50;10,20;8,20;
2026-08-03 11:00:00.0;ON;OFF;50;6;9,10;11,10;42,80;98,70;109,70;5,20;2;50;10,40;8,30;
2026-08-03 11:01:00.0;ON;OFF;50;6,10;9,20;11,20;42,80;98,70;109,70;5,10;2;50;10,50;8,30;
2026-08-03 11:02:00.0;ON;OFF;50;6,20;9,40;11,40;42,70;98,70;109,70;5,10;2;50;10,50;8,40;
2026-08-03 11:03:00.0;ON;OFF;50;6,20;9,50;11,50;42,70;98,70;109,70;5,40;2;50;10,60;8,40;
2026-08-03 11:04:00.0;ON;OFF;50;6,20;9,60;11,60;42,60;98,70;109,70;5,40;2;50;10,80;8,50;
2026-08-03 11:05:00.0;ON;OFF;50;6,50;9,70;11,70;42,60;98,70;109,70;5,20;2;50;10,80;8,60;
2026-08-03 11:06:00.0;ON;OFF;50;6,50;9,80;11,80;42,60;98,70;109,70;5,30;2;50;11;8,70;
2026-08-03 11:07:00.0;ON;OFF;50;6,70;9,90;11,90;42,50;98,70;109,70;5,20;2;50;11;8,80;
2026-08-03 11:08:00.0;ON;OFF;50;6,70;10;12;42,50;98,70;109,70;5,30;2;50;11,10;8,80;
2026-08-03 11:09:00.0;ON;OFF;50;6,70;10;12;42,50;98,70;109,70;5,40;2;50;11,20;8,90;
2026-08-03 11:10:00.0;ON;OFF;50;6,70;10,10;12,10;42,40;98,70;109,70;5,40;2;50;11,30;8,90;
2026-08-03 11:11:00.0;ON;OFF;50;6,90;10,20;12,20;42,40;98,70;109,70;5,30;2;50;11,30;9;
2026-08-03 11:12:00.0;ON;OFF;50;7;10,30;12,30;42,30;98,70;109,70;5,30;2;50;11,40;9,10;
2026-08-03 11:13:00.0;ON;OFF;50;6,90;10,40;12,40;42,30;98,70;109,70;5,40;2;50;11,40;9,10;
2026-08-03 11:14:00.0;ON;OFF;50;7,20;10,40;12,40;42,30;98,70;109,70;5,30;2;50;11,50;9,20;
2026-08-03 11:15:00.0;ON;OFF;50;7,20;10,50;12,50;42,20;98,70;109,70;5,40;2;50;11,60;9,20;
2026-08-03 11:16:00.0;ON;OFF;50;7,30;10,70;12,70;42,20;98,70;109,70;5,40;2;50;11,60;9,30;
2026-08-03 11:17:00.0;ON;OFF;50;7,30;10,70;12,70;42,10;98,70;109,70;5,40;2;50;11,60;9,30;
2026-08-03 11:18:00.0;ON;OFF;50;7,40;10,80;12,80;42,10;98,70;109,70;5,40;2;50;11,60;9,40;
2026-08-03 11:19:00.0;ON;OFF;50;7,40;10,90;12,90;42;98,70;109,70;5,40;2;50;11,70;9,40;
2026-08-03 11:20:00.0;ON;OFF;50;7,50;10,90;12,90;42;98,70;109,70;5,40;2;50;11,80;9,50;
2026-08-03 11:21:00.0;ON;OFF;50;7,40;11;13;41,90;98,70;109,70;5,60;2;50;12;9,50;
2026-08-03 11:22:00.0;ON;OFF;50;7,70;11;13;41,90;98,70;109,80;5,40;2;50;12;9,60;
2026-08-03 11:23:00.0;ON;OFF;50;7,50;11,10;13,10;41,80;98,70;109,80;5,50;2;50;12,20;9,70;
2026-08-03 11:24:00.0;ON;OFF;50;7,60;11,10;13,10;41,80;98,70;109,80;5,50;2;50;12,20;9,70;
2026-08-03 11:25:00.0;ON;OFF;50;7,70;11,20;13,20;41,70;98,70;109,80;5,50;2;50;12,30;9,80;
2026-08-03 11:26:00.0;ON;OFF;50;7,60;11,30;13,30;41,70;98,70;109,80;5,60;2;50;12,60;9,90;
2026-08-03 11:27:00.0;ON;OFF;50;7,70;11,30;13,30;41,60;98,70;109,80;5,50;2;50;12,50;10;
2026-08-03 11:28:00.0;ON;OFF;50;7,70;11,40;13,40;41,60;98,70;109,80;5,60;2;50;12,60;10,10;
2026-08-03 11:29:00.0;ON;OFF;50;7,90;11,50;13,50;41,50;98,70;109,80;5,60;2;50;12,80;10,20;
2026-08-03 11:30:00.0;ON;OFF;50;7,90;11,60;13,60;41,50;98,70;109,80;5,70;2;50;12,80;10,20;
2026-08-03 11:31:00.0;ON;OFF;50;8,10;11,60;13,60;41,40;98,70;109,80;5,60;2;50;12,90;10,30;
2026-08-03 11:32:00.0;ON;OFF;50;8,10;11,70;13,70;41,40;98,70;109,80;5,60;2;50;13;10,40;
2026-08-03 11:33:00.0;ON;OFF;50;8,20;11,80;13,80;41,30;98,70;109,80;5,60;2;50;13,10;10,40;
2026-08-03 11:34:00.0;ON;OFF;50;8;11,80;13,80;41,30;98,70;109,80;5,80;2;50;13,40;10,50;
2026-08-03 11:35:00.0;ON;OFF;50;8;11,90;13,90;41,20;98,70;109,80;5,80;2;50;13,40;10,60;
2026-08-03 11:36:00.0;ON;OFF;50;8,30;11,90;13,90;41,20;98,70;109,80;5,60;2;50;13,40;10,70;
2026-08-03 11:37:00.0;ON;OFF;50;8,20;12;14;41,10;98,70;109,80;5,80;2;50;13,60;10,80;
2026-08-03 11:38:00.0;ON;OFF;50;8,30;12;14;41,10;98,70;109,80;5,70;2;50;13,60;10,80;
2026-08-03 11:39:00.0;ON;OFF;50;8,30;12,10;14,10;41;98,70;109,80;5,80;2;50;13,70;10,90;
2026-08-03 11:40:00.0;ON;OFF;50;8,30;12,10;14,10;41;98,70;109,80;5,80;2;50;13,70;10,90;
2026-08-03 11:41:00.0;ON;OFF;50;8,50;12,20;14,20;40,90;98,70;109,80;5,70;2;50;13,80;11;
2026-08-03 11:42:00.0;ON;OFF;50;8,40;12,20;14,20;40,80;98,80;109,80;5,80;2;50;13,90;11;
2026-08-03 11:43:00.0;ON;OFF;50;8,40;12,30;14,30;40,80;98,80;109,80;5,90;2;50;14;11,10;
2026-08-03 11:44:00.0;ON;OFF;50;8,60;12,40;14,40;40,70;98,80;109,80;5,80;2;50;14,10;11,20;
2026-08-03 11:45:00.0;ON;OFF;50;8,60;12,40;14,40;40,70;98,80;109,80;5,80;2;50;14,10;11,20;
2026-08-03 11:46:00.0;ON;OFF;50;8,60;12,50;14,50;40,60;98,80;109,80;5,90;2;50;14,30;11,40;
2026-08-03 11:47:00.0;ON;OFF;50;8,80;12,60;14,60;40,60;98,80;109,80;5,80;2;50;14,30;11,40;
2026-08-03 11:48:00.0;ON;OFF;50;8,60;12,60;14,60;40,50;98,80;109,70;5,90;2;50;14,30;11,40;
2026-08-03 11:49:00.0;ON;OFF;50;8,80;12,60;14,60;40,40;98,80;109,70;5,80;2;50;14,30;11,40;
2026-08-03 11:50:00.0;ON;OFF;50;8,70;12,70;14,70;40,40;98,80;109,70;5,90;2;50;14,40;11,50;
2026-08-03 11:51:00.0;ON;OFF;50;8,90;12,70;14,70;40,30;98,80;109,70;5,80;2;50;14,40;11,50;
2026-08-03 11:52:00.0;ON;OFF;50;8,90;12,90;14,90;40,30;98,80;109,70;5,90;2;50;14,50;11,60;
2026-08-03 11:53:00.0;ON;OFF;50;8,90;12,90;14,90;40,20;98,80;109,70;6;2;50;14,50;11,60;
2026-08-03 11:54:00.0;ON;OFF;50;8,90;13;15;40,10;98,80;109,70;6,10;2;50;14,60;11,70;
2026-08-03 11:55:00.0;ON;OFF;50;9,10;13,10;15,10;40,10;98,80;109,70;6;2;50;14,70;11,80;
2026-08-03 11:56:00.0;ON;OFF;50;9,10;13,10;15,10;40;98,80;109,70;6;2;50;14,70;11,80;
2026-08-03 11:57:00.0;ON;OFF;50;9,10;13,10;15,10;40;98,70;109,70;6;2;50;14,80;11,80;
2026-08-03 11:58:00.0;ON;OFF;50;9,10;13,10;15,10;39,90;98,70;109,70;6;2;50;14,80;11,90;
2026-08-03 11:59:00.0;ON;OFF;50;9,10;13,10;15,10;39,90;98,70;109,70;6;2;50;14,80;11,90;
2026-08-03 12:00:00.0;ON;OFF;50;9;13,10;15,10;39,80;98,80;109,70;6,10;2;50;14,90;11,90;
2026-08-03 12:01:00.0;ON;OFF;50;9,20;13,10;15,10;39,70;98,80;109,70;5,90;2;50;14,80;11,90;
2026-08-03 12:02:00.0;ON;OFF;50;9,20;13,10;15,10;39,70;98,80;109,70;5,90;2;50;14,90;11,90;
2026-08-03 12:03:00.0;ON;OFF;50;9,10;13,10;15,10;39,60;98,80;109,70;6;2;50;14,80;11,90;
2026-08-03 12:04:00.0;ON;OFF;50;9,10;13,10;15,10;39,60;98,80;109,70;6;2;50;14,80;11,90;
2026-08-03 12:05:00.0;ON;OFF;50;9,20;13,10;15,10;39,50;98,80;109,70;5,90;2;50;14,80;11,90;
2026-08-03 12:06:00.0;ON;OFF;50;9,20;13,10;15,10;39,50;98,80;109,70;5,80;2;50;14,70;11,90;
2026-08-03 12:07:00.0;ON;OFF;50;9,20;13;15;39,40;98,80;109,70;5,80;2;50;14,70;11,80;
2026-08-03 12:08:00.0;ON;OFF;50;9,20;13;15;39,40;98,80;109,70;5,80;2;50;14,70;11,80;
2026-08-03 12:09:00.0;ON;OFF;50;9,20;13;15;39,30;98,80;109,70;5,80;2;50;14,60;11,80;
2026-08-03 12:10:00.0;ON;OFF;50;9,20;12,90;14,90;39,30;98,80;109,70;5,70;2;50;14,70;11,80;
2026-08-03 12:11:00.0;ON;OFF;50;9,10;12,90;14,90;39,20;98,80;109,70;5,80;2;50;14,70;11,80;
2026-08-03 12:12:00.0;ON;OFF;50;9;12,90;14,90;39,10;98,80;109,70;5,90;2;50;14,70;11,80;
2026-08-03 12:13:00.0;ON;OFF;50;9,10;12,90;14,90;39,10;98,80;109,70;5,90;2;50;14,60;11,80;
2026-08-03 12:14:00.0;ON;OFF;50;9;12,90;14,90;39;98,80;109,70;5,90;2;50;14,60;11,80;
2026-08-03 12:15:00.0;ON;OFF;50;9;12,90;14,90;39;98,80;109,70;5,90;2;50;14,60;11,70;
2026-08-03 12:16:00.0;ON;OFF;50;9,10;12,90;14,90;38,90;98,80;109,70;5,80;2;50;14,70;11,70;
2026-08-03 12:17:00.0;ON;OFF;50;9;12,90;14,90;38,80;98,80;109,70;5,90;2;50;14,90;11,90;
2026-08-03 12:18:00.0;ON;OFF;50;8,90;12,90;14,90;38,80;98,80;109,70;5,90;2;50;14,80;11,90;
2026-08-03 12:19:00.0;ON;OFF;50;9;12,90;14,90;38,70;98,80;109,70;5,80;2;50;14,80;11,90;
2026-08-03 12:20:00.0;ON;OFF;50;8,90;12,80;14,80;38,70;98,80;109,80;6;2;50;14,80;11,90;
2026-08-03 12:21:00.0;ON;OFF;50;9;12,80;14,80;38,60;98,80;109,70;5,80;2;50;14,80;11,80;
2026-08-03 12:22:00.0;ON;OFF;50;9;12,80;14,80;38,60;98,80;109,70;5,80;2;50;14,80;11,80;
2026-08-03 12:23:00.0;ON;OFF;50;8,90;12,80;14,80;38,50;98,80;109,70;5,90;2;50;14,80;11,80;
2026-08-03 12:24:00.0;ON;OFF;50;8,90;12,70;14,70;38,50;98,80;109,70;5,90;2;50;14,70;11,80;
2026-08-03 12:25:00.0;ON;OFF;50;9;12,70;14,70;38,40;98,80;109,60;5,80;2;50;14,70;11,80;
2026-08-03 12:26:00.0;ON;OFF;50;8,80;12,70;14,70;38,30;98,80;109,50;5,80;2;50;14,70;11,70;
2026-08-03 12:27:00.0;ON;OFF;50;8,90;12,60;14,60;38,30;98,80;109,60;5,80;2;50;14,50;11,70;
2026-08-03 12:28:00.0;ON;OFF;50;8,80;12,60;14,60;38,20;98,80;109,60;5,90;2;50;14,60;11,70;
2026-08-03 12:29:00.0;ON;OFF;50;8,70;12,60;14,60;38,20;98,80;109,60;5,90;2;50;14,60;11,70;
2026-08-03 12:30:00.0;ON;OFF;50;8,80;12,60;14,60;38,10;98,80;109,60;5,80;2;50;14,50;11,60;
2026-08-03 12:31:00.0;ON;OFF;50;8,70;12,50;14,50;38;98,80;109,60;5,90;2;50;14,60;11,70;
2026-08-03 12:32:00.0;ON;OFF;50;8,80;12,50;14,50;38;98,80;109,60;5,70;2;50;14,50;11,60;
2026-08-03 12:33:00.0;ON;OFF;50;8,60;12,50;14,50;37,90;98,80;109,60;5,90;2;50;14,50;11,60;
2026-08-03 12:34:00.0;ON;OFF;50;8,80;12,50;14,50;37,90;98,80;109,60;5,80;2;50;14,60;11,60;
2026-08-03 12:35:00.0;ON;OFF;50;8,70;12,50;14,50;37,80;98,80;109,60;5,80;2;50;14,40;11,50;
2026-08-03 12:36:00.0;ON;OFF;50;8,60;12,50;14,50;37,80;98,80;109,60;5,90;2;50;14,50;11,50;
2026-08-03 12:37:00.0;ON;OFF;50;8,50;11,40;14,40;37,70;98,80;109,60;5,90;2;50;14,40;11,50;
2026-08-03 12:38:00.0;ON;OFF;50;8,70;11,40;14,40;37,60;98,80;109,60;5,70;2;50;14,40;12,10;
2026-08-03 12:39:00.0;ON;OFF;70;8,90;11,40;14,40;37,60;98,80;109,60;5,50;3;50;14,40;12,30;
2026-08-03 12:40:00.0;ON;OFF;70;8,80;11,40;14,40;37,50;98,80;109,60;5,60;3;50;14,40;12,30;
2026-08-03 12:41:00.0;ON;OFF;70;9;11,40;14,40;37,40;98,80;109,60;5,50;3;50;14,40;12,40;
2026-08-03 12:42:00.0;ON;OFF;70;9,10;11,40;14,40;37,40;98,80;109,60;5,30;3;50;14,40;12,40;
2026-08-03 12:43:00.0;OFF;ON;70;9,20;11,50;14,50;37,30;98,80;109,60;5,30;3;50;14,40;12,40;
2026-08-03 12:44:00.0;OFF;ON;70;9,20;11,40;14,40;37,20;98,80;109,60;5,20;3;50;14,40;12,40;
2026-08-03 12:45:00.0;OFF;ON;70;9,10;11,40;14,40;37,20;98,80;109,60;5,30;3;50;14,30;12,40;
2026-08-03 12:46:00.0;OFF;ON;70;9,20;11,40;14,40;37,10;98,80;109,60;5,20;3;50;14,30;12,40;
2026-08-03 12:47:00.0;OFF;ON;70;9,10;11,40;14,40;37,10;98,80;109,60;5,30;3;50;14,30;12,40;
2026-08-03 12:48:00.0;OFF;ON;70;9;11,40;14,40;37;98,80;109,60;5,30;3;50;14,30;12,40;
2026-08-03 12:49:00.0;OFF;ON;70;9,10;11,40;14,40;36,90;98,80;109,60;5,20;3;50;14,30;12,30;
2026-08-03 12:50:00.0;OFF;ON;70;9,10;11,30;14,30;36,90;98,80;109,60;5,20;3;50;14,20;12,30;
2026-08-03 12:51:00.0;OFF;ON;70;9;11,30;14,30;36,80;98,80;109,60;5,30;3;50;14,20;12,30;
2026-08-03 12:52:00.0;OFF;ON;70;9;11,30;14,30;36,80;98,80;109,60;5,30;3;50;14,20;12,30;
2026-08-03 12:53:00.0;OFF;ON;70;9,10;11,20;14,20;36,70;98,80;109,60;5,10;3;50;14,10;12,20;
2026-08-03 12:54:00.0;OFF;ON;70;9,10;11,20;14,20;36,70;98,80;109,60;5,10;3;50;14,10;12,20;
2026-08-03 12:55:00.0;OFF;ON;70;9,10;11,20;14,20;36,60;98,80;109,60;5,10;3;50;14,10;12,20;
2026-08-03 12:56:00.0;OFF;ON;70;8,90;11,10;14,10;36,50;98,80;109,60;5,20;3;50;14;12,20;
2026-08-03 12:57:00.0;OFF;ON;70;8,90;10,90;14,10;36,50;98,80;109,60;5,20;3;50;14;12,10;
2026-08-03 12:58:00.0;OFF;ON;70;8,90;10,90;14,10;36,40;98,80;109,60;5,20;3;50;14;12,20;
2026-08-03 12:59:00.0;OFF;ON;75;9;10,90;14,10;36,40;98,80;109,60;5,10;3,20;50;14;12,20;
2026-08-03 13:00:00.0;OFF;ON;75;8,90;10,90;14,10;36,30;98,80;109,60;5,20;3,20;50;14;12,20;
2026-08-03 13:01:00.0;OFF;ON;75;8,90;10,80;14;36,20;98,80;109,60;5,10;3,20;50;13,90;12,20;
2026-08-03 13:02:00.0;OFF;ON;75;8,90;10,80;14;36,20;98,80;109,60;5,10;3,20;50;13,90;12,20;
2026-08-03 13:03:00.0;OFF;ON;75;8,80;10,80;14;36,10;98,80;109,60;5,20;3,20;50;13,90;12,20;
2026-08-03 13:04:00.0;OFF;ON;75;9;10,80;14;36;98,80;109,60;5;3,20;50;13,80;12,20;
2026-08-03 13:05:00.0;OFF;ON;75;8,90;10,70;13,90;36;98,80;109,60;5;3,20;50;13,80;12,10;
2026-08-03 13:06:00.0;OFF;ON;75;8,70;10,70;13,90;35,90;98,80;109,60;5,20;3,20;50;13,70;12,10;
2026-08-03 13:07:00.0;OFF;ON;75;8,70;10,70;13,90;35,90;98,80;109,60;5,20;3,20;50;13,70;12,10;
2026-08-03 13:08:00.0;OFF;ON;75;8,70;10,70;13,90;35,80;98,80;109,60;5,10;3,20;50;13,70;12;
2026-08-03 13:09:00.0;OFF;ON;75;8,80;10,60;13,80;35,70;98,80;109,60;5;3,20;50;13,70;12;
2026-08-03 13:10:00.0;OFF;ON;75;8,80;10,60;13,80;35,70;98,80;109,60;5;3,20;50;13,60;11,90;
2026-08-03 13:11:00.0;OFF;ON;75;8,70;10,50;13,70;35,60;98,80;109,60;5;3,20;50;13,60;11,90;
2026-08-03 13:12:00.0;OFF;ON;75;8,60;10,50;13,70;35,50;98,80;109,60;5,10;3,20;50;13,60;11,90;
2026-08-03 13:13:00.0;OFF;ON;75;8,60;10,50;13,70;35,50;98,80;109,60;5,10;3,20;50;13,50;11,90;
2026-08-03 13:14:00.0;OFF;ON;75;8,50;10,50;13,70;35,40;98,80;109,60;5,10;3,20;50;13,50;11,80;
2026-08-03 13:15:00.0;OFF;ON;75;8,60;10,40;13,60;35,30;98,80;109,60;5;3,20;50;13,40;11,80;
2026-08-03 13:16:00.0;OFF;ON;75;8,60;10,40;13,60;35,30;98,80;109,60;5;3,20;50;13,40;11,80;
2026-08-03 13:17:00.0;OFF;ON;75;8,40;10,10;13,50;35,20;98,80;109,60;5,10;3,20;50;13,40;11,70;
2026-08-03 13:18:00.0;OFF;ON;75;8,40;10,10;13,50;35,10;98,80;109,60;5,10;3,20;50;13,40;11,80;
2026-08-03 13:19:00.0;OFF;ON;80;8,40;10,10;13,50;35,10;98,80;109,60;5,10;3,40;50;13,40;11,80;
2026-08-03 13:20:00.0;OFF;ON;80;8,40;10,10;13,50;35;98,80;109,60;5,10;3,40;50;13,30;11,80;
2026-08-03 13:21:00.0;OFF;ON;80;8,50;10,10;13,50;35;98,80;109,60;5;3,40;50;13,30;11,80;
2026-08-03 13:22:00.0;OFF;ON;80;8,50;10;13,40;34,90;98,80;109,60;4,90;3,40;50;13,20;11,80;
2026-08-03 13:23:00.0;OFF;ON;80;8,40;10;13,40;34,90;98,80;109,60;5;3,40;50;13,30;11,80;
2026-08-03 13:24:00.0;OFF;ON;80;8,40;10;13,40;34,80;98,80;109,60;5;3,40;50;13,20;11,70;
2026-08-03 13:25:00.0;OFF;ON;80;8,30;10;13,40;34,80;98,80;109,60;5;3,40;50;13,20;11,70;
2026-08-03 13:26:00.0;OFF;ON;80;8,40;9,90;13,30;34,70;98,80;109,60;4,90;3,40;50;13,20;11,60;
2026-08-03 13:27:00.0;OFF;ON;80;8,40;9,90;13,30;34,70;98,80;109,60;4,90;3,40;50;13,10;11,60;
2026-08-03 13:28:00.0;OFF;ON;80;8,30;9,70;13,30;34,60;98,80;109,60;4,90;3,40;50;13,10;11,70;
2026-08-03 13:29:00.0;OFF;ON;80;8,30;9,70;13,30;34,60;98,80;109,60;5;3,40;50;13,10;11,70;
2026-08-03 13:30:00.0;OFF;ON;85;8,30;9,60;13,20;34,50;98,80;109,60;4,90;3,60;50;13,10;11,70;
2026-08-03 13:31:00.0;OFF;ON;85;8,30;9,60;13,20;34,50;98,80;109,60;4,90;3,60;50;13,10;11,70;
2026-08-03 13:32:00.0;OFF;ON;85;8,30;9,60;13,20;34,40;98,80;109,60;4,90;3,60;50;13;11,60;
2026-08-03 13:33:00.0;OFF;ON;85;8,30;9,60;13,20;34,40;98,80;109,60;4,90;3,60;50;13;11,60;
2026-08-03 13:34:00.0;OFF;ON;85;8,20;9,60;13,20;34,30;98,80;109,60;4,90;3,60;50;13;11,60;
2026-08-03 13:35:00.0;OFF;ON;85;8,30;9,50;13,10;34,30;98,80;109,60;4,80;3,60;50;12,90;11,60;
2026-08-03 13:36:00.0;OFF;ON;85;8,10;9,50;13,10;34,20;98,80;109,60;5;3,60;50;12,90;11,60;
2026-08-03 13:37:00.0;OFF;ON;85;8,20;9,30;13,10;34,20;98,80;109,60;4,90;3,60;50;12,90;11,50;
2026-08-03 13:38:00.0;OFF;ON;85;8,10;9,30;13,10;34,10;98,80;109,60;5;3,60;50;12,90;11,60;
2026-08-03 13:39:00.0;OFF;ON;90;8,20;9,30;13,10;34;98,80;109,60;4,90;3,80;50;12,90;11,60;
2026-08-03 13:40:00.0;OFF;ON;90;8,10;9,20;13;34;98,80;109,60;4,90;3,80;50;12,90;11,60;
2026-08-03 13:41:00.0;OFF;ON;90;8,10;9,20;13;34;98,80;109,50;4,90;3,80;50;12,90;11,60;
2026-08-03 13:42:00.0;OFF;ON;90;8,30;9,20;13;33,90;98,80;109,50;4,70;3,80;50;12,80;11,60;
2026-08-03 13:43:00.0;OFF;ON;90;8,20;9,20;13;33,90;98,80;109,50;4,80;3,80;50;12,80;11,50;
2026-08-03 13:44:00.0;OFF;ON;90;8,10;9,10;12,90;33,80;98,80;109,50;4,90;3,80;50;12,70;11,50;
2026-08-03 13:45:00.0;OFF;ON;90;8,20;9,10;12,90;33,80;98,80;109,60;4,70;3,80;50;12,70;11,50;
2026-08-03 13:46:00.0;OFF;ON;90;8,20;9,10;12,90;33,70;98,80;109,60;4,70;3,80;50;12,70;11,50;
2026-08-03 13:47:00.0;OFF;ON;90;8,20;8,90;12,90;33,70;98,80;109,50;4,70;3,80;50;12,70;11,50;
2026-08-03 13:48:00.0;OFF;ON;90;8,10;8,90;12,90;33,60;98,80;109,50;4,70;3,80;50;12,70;11,50;
2026-08-03 13:49:00.0;OFF;ON;95;8,10;8,90;12,90;33,60;98,80;109,50;4,80;4;50;12,70;11,60;
2026-08-03 13:50:00.0;OFF;ON;95;8;8,90;12,90;33,50;98,80;109,50;4,80;4;50;12,60;11,60;
2026-08-03 13:51:00.0;OFF;ON;95;8,20;8,90;12,90;33,40;98,80;109,50;4,70;4;50;12,60;11,60;
2026-08-03 13:52:00.0;OFF;ON;95;8,10;8,80;12,80;33,40;98,80;109,50;4,80;4;50;12,70;11,60;
2026-08-03 13:53:00.0;OFF;ON;95;8;8,80;12,80;33,30;98,80;109,50;4,80;4;50;12,60;11,50;
2026-08-03 13:54:00.0;OFF;ON;95;8,10;8,80;12,80;33,30;98,80;109,50;4,70;4;50;12,60;11,50;
2026-08-03 13:55:00.0;OFF;ON;95;8,10;8,80;12,80;33,30;98,80;109,50;4,60;4;50;12,50;11,50;
2026-08-03 13:56:00.0;OFF;ON;95;8;8,70;12,70;33,20;98,80;109,50;4,70;4;50;12,50;11,50;
2026-08-03 13:57:00.0;OFF;ON;95;8;8,50;12,70;33,10;98,80;109,50;4,80;4;50;12,50;11,40;
2026-08-03 13:58:00.0;OFF;ON;95;8;8,50;12,70;33,10;98,80;109,50;4,70;4;50;12,50;11,40;
2026-08-03 13:59:00.0;OFF;ON;100;7,90;8,50;12,70;33,10;98,80;109,50;4,80;4,20;50;12,50;11,40;
2026-08-03 14:00:00.0;OFF;ON;100;7,90;8,50;12,70;33;98,80;109,50;4,70;4,20;50;12,40;11,40;
2026-08-03 14:01:00.0;OFF;ON;100;7,90;8,40;12,60;32,90;98,80;109,50;4,70;4,20;50;12,40;11,30;
2026-08-03 14:02:00.0;OFF;ON;100;7,90;8,40;12,60;32,90;98,80;109,50;4,70;4,20;50;12,40;11,30;
2026-08-03 14:03:00.0;OFF;ON;100;7,90;8,40;12,60;32,90;98,80;109,50;4,70;4,20;50;12,40;11,30;
2026-08-03 14:04:00.0;OFF;ON;100;7,80;8,40;12,60;32,80;98,80;109,30;4,80;4,20;50;12,30;11,30;
2026-08-03 14:05:00.0;OFF;ON;100;7,80;8,30;12,50;32,70;98,80;109,20;4,70;4,20;50;12,30;11,20;
2026-08-03 14:06:00.0;OFF;ON;100;7,80;8,30;12,50;32,70;98,80;109,30;4,70;4,20;50;12,30;11,20;
2026-08-03 14:07:00.0;OFF;ON;100;7,90;8,10;12,50;32,60;98,80;109,30;4,60;4,20;50;12,20;11,20;
2026-08-03 14:08:00.0;OFF;ON;100;7,80;8;12,40;32,60;98,80;109,30;4,70;4,20;50;12,20;11,10;
2026-08-03 14:09:00.0;OFF;ON;100;7,90;8;12,40;32,50;98,80;109,30;4,60;4,40;50;12,20;11,20;
2026-08-03 14:10:00.0;OFF;ON;100;7,80;8;12,40;32,50;98,80;109,30;4,60;4,40;50;12,20;11,10;
2026-08-03 14:11:00.0;OFF;ON;100;7,90;8;12,40;32,40;98,80;109,30;4,50;4,40;50;12,30;11,20;
2026-08-03 14:12:00.0;OFF;ON;100;7,80;8;12,40;32,40;98,80;109,30;4,60;4,40;50;12,20;11,20;
2026-08-03 14:13:00.0;OFF;ON;100;7,80;8;12,40;32,30;98,80;109,30;4,60;4,40;50;12,10;11,10;
2026-08-03 14:14:00.0;OFF;ON;100;7,80;7,90;12,30;32,30;98,80;109,30;4,50;4,40;50;12,10;11,10;
2026-08-03 14:15:00.0;OFF;ON;100;7,70;7,90;12,30;32,20;98,80;109,30;4,60;4,40;50;12;11;
2026-08-03 14:16:00.0;OFF;ON;100;7,80;7,90;12,30;32,20;98,80;109,30;4,50;4,40;50;12;11;
2026-08-03 14:17:00.0;OFF;ON;100;7,60;7,60;12,20;32,10;98,80;109,30;4,60;4,40;50,20;12;11;
2026-08-03 14:18:00.0;OFF;ON;100;7,60;7,60;12,20;32,10;98,80;109,30;4,60;4,40;50,30;12;10,90;
2026-08-03 14:19:00.0;OFF;ON;100;7,60;7,60;12,20;32;98,80;109,30;4,60;4,60;50,20;11,90;10,90;
2026-08-03 14:20:00.0;OFF;ON;100;7,70;7,50;12,10;32;98,80;109,30;4,50;4,60;50,50;11,90;10,90;
2026-08-03 14:21:00.0;OFF;ON;100;7,70;7,50;12,10;31,90;98,80;109,30;4,50;4,60;50,50;11,90;10,90;
2026-08-03 14:22:00.0;OFF;ON;100;7,60;7,50;12,10;31,90;98,80;109,20;4,50;4,60;50,50;11,80;10,80;
2026-08-03 14:23:00.0;OFF;ON;100;7,50;7,50;12,10;31,80;98,80;109,10;4,60;4,60;50,40;11,80;10,80;
2026-08-03 14:24:00.0;OFF;ON;100;7,50;7,50;12,10;31,80;98,80;109,10;4,60;4,60;50,30;11,80;10,80;
2026-08-03 14:25:00.0;OFF;ON;100;7,60;7,40;12;31,70;98,80;109,10;4,50;4,60;50,70;11,80;10,70;
2026-08-03 14:26:00.0;OFF;ON;100;7,50;7,40;12;31,70;98,80;109,10;4,50;4,60;50,60;11,70;10,70;
2026-08-03 14:27:00.0;OFF;ON;100;7,40;7,20;12;31,60;98,80;109,10;4,60;4,60;51,10;11,70;10,70;
2026-08-03 14:28:00.0;OFF;ON;100;7,50;7,20;12;31,60;98,80;109,10;4,40;4,60;52,20;11,70;10,70;
2026-08-03 14:29:00.0;OFF;ON;100;7,30;7,10;11,90;31,50;98,80;109,10;4,60;4,80;51,80;11,70;10,70;
2026-08-03 14:30:00.0;OFF;ON;100;7,30;7,10;11,90;31,50;98,80;109,10;4,60;4,80;52,10;11,70;10,60;
2026-08-03 14:31:00.0;OFF;ON;100;7,30;7,10;11,90;31,40;98,80;109,10;4,50;4,80;52,60;11,60;10,60;
2026-08-03 14:32:00.0;OFF;ON;100;7,30;7,10;11,90;31,30;98,80;109,10;4,50;4,80;53,20;11,60;10,60;
2026-08-03 14:33:00.0;OFF;ON;100;7,30;7;11,80;31,30;98,80;109,10;4,50;4,80;53,50;11,60;10,60;
2026-08-03 14:34:00.0;OFF;ON;100;7,40;7;11,80;31,20;98,80;109,10;4,40;4,80;54,40;11,50;10,60;
2026-08-03 14:35:00.0;OFF;ON;100;7,30;7;11,80;31,20;98,70;109,10;4,50;4,80;54,40;11,50;10,50;
2026-08-03 14:36:00.0;OFF;ON;100;7,20;6,90;11,70;31,10;98,70;109,10;4,60;4,80;54,50;11,50;10,50;
2026-08-03 14:37:00.0;OFF;ON;100;7,20;6,70;11,70;31,10;98,70;109,10;4,60;4,80;55,80;11,60;10,50;
2026-08-03 14:38:00.0;OFF;ON;100;7,30;6,80;11,80;31;98,70;109,10;4,50;4,80;56,40;11,70;10,60;
2026-08-03 14:39:00.0;OFF;ON;100;7,50;6,90;11,90;31;98,70;109,10;4,40;5;57,40;11,90;10,70;
2026-08-03 14:40:00.0;OFF;ON;100;7,40;6,90;11,90;30,90;98,80;109,10;4,50;5;57,80;12;10,80;
2026-08-03 14:41:00.0;OFF;ON;100;7,40;6,90;11,90;30,90;98,80;109,10;4,50;5;58,50;11,90;10,80;
2026-08-03 14:42:00.0;OFF;ON;100;7,50;6,90;11,90;30,80;98,80;109,10;4,40;5;59,80;11,80;10,80;
2026-08-03 14:43:00.0;OFF;ON;100;7,40;6,90;11,90;30,80;98,80;109,10;4,50;5;59,90;11,80;10,80;
2026-08-03 14:44:00.0;OFF;ON;100;7,30;6,80;11,80;30,70;98,80;109,10;4,50;5;60,40;11,80;10,80;
2026-08-03 14:45:00.0;OFF;ON;100;7,20;6,80;11,80;30,70;98,80;109,10;4,60;5;60,80;11,70;10,70;
2026-08-03 14:46:00.0;OFF;ON;100;7,20;6,80;11,80;30,60;98,80;109,10;4,60;5;61,40;11,70;10,70;
2026-08-03 14:47:00.0;OFF;ON;100;7;6,80;11,80;30,60;98,80;109,10;4,70;5;61,20;11,70;10,60;
2026-08-03 14:48:00.0;OFF;ON;100;7;6,70;11,70;30,50;98,70;109,10;4,70;5;61,50;11,60;10,60;
2026-08-03 14:49:00.0;OFF;ON;100;6,80;6,70;11,70;30,40;98,60;109,10;4,80;5;61,70;11,60;10,50;
2026-08-03 14:50:00.0;OFF;ON;100;7;6,70;11,70;30,40;98,60;109,10;4,70;5;62,40;11,50;10,40;
2026-08-03 14:51:00.0;OFF;ON;100;6,80;6,60;11,60;30,40;98,60;109,10;4,90;5;61,90;11,40;10,40;
2026-08-03 14:52:00.0;OFF;ON;100;6,70;6,60;11,60;30,30;98,50;109,10;4,80;5;62,20;11,40;10,30;
2026-08-03 14:53:00.0;OFF;ON;100;6,70;6,50;11,50;30,20;98,50;109,10;4,80;5;62,70;11,40;10,30;
2026-08-03 14:54:00.0;OFF;ON;100;6,50;6,50;11,50;30,20;98,50;109,10;4,90;5;62,30;11,30;10,20;
2026-08-03 14:55:00.0;OFF;ON;100;6,50;6,40;11,40;30,10;98,40;109,10;4,90;5;62,70;11,30;10,20;
2026-08-03 14:56:00.0;OFF;ON;100;6,40;6,40;11,40;30,10;98,40;109,10;4,90;5;62,60;11,30;10,10;
2026-08-03 14:57:00.0;OFF;ON;100;6,50;6,40;11,40;30;98,40;109,10;4,80;5;63,30;11,20;10,10;
2026-08-03 14:58:00.0;OFF;ON;100;6,30;6,30;11,30;30;98,40;109,10;5;5;62,90;11,20;10;
2026-08-03 14:59:00.0;OFF;ON;100;6,40;6,30;11,30;29,90;98,40;109,10;4,90;5;63,20;11,10;10;
2026-08-03 15:00:00.0;OFF;ON;100;6,30;6,20;11,20;29,90;98,40;109,10;4,90;5;63,30;11,10;9,90;
2026-08-03 15:01:00.0;OFF;ON;100;6,20;6,20;11,20;29,90;98,40;109,10;5;5;63,10;11;9,90;
2026-08-03 15:02:00.0;OFF;ON;100;6,10;6,10;11,10;29,80;98,40;109,10;5;5;63,10;11;9,90;
2026-08-03 15:03:00.0;OFF;ON;100;6;6,10;11,10;29,80;98,30;109,10;5,10;5;62,60;10,90;9,80;
2026-08-03 15:04:00.0;OFF;ON;100;6;6;11;29,70;98,40;109,10;5;5;62,70;10,90;9,80;
2026-08-03 15:05:00.0;OFF;ON;100;6,10;6;11;29,70;98,30;109,10;4,90;5;63,50;10,80;9,80;
2026-08-03 15:06:00.0;OFF;ON;100;6,10;6;11;29,60;98,30;109,10;4,90;5;63,50;10,80;9,80;
2026-08-03 15:07:00.0;OFF;ON;100;6;6;11;29,60;98,40;109,10;5;5;62,80;10,80;9,70;
2026-08-03 15:08:00.0;OFF;ON;100;5,90;5,90;10,90;29,60;98,40;109,10;5;5;63,30;10,80;9,70;
2026-08-03 15:09:00.0;OFF;ON;100;6,10;5,90;10,90;29,50;98,40;109,10;4,80;5;63,80;10,70;9,70;
2026-08-03 15:10:00.0;OFF;ON;100;5,80;5,80;10,80;29,40;98,30;109,10;5,10;5;63;10,70;9,70;
2026-08-03 15:11:00.0;OFF;ON;100;5,80;5,80;10,80;29,40;98,40;109,10;5;5;62,90;10,60;9,60;
2026-08-03 15:12:00.0;OFF;ON;100;5,80;5,80;10,80;29,40;98,30;109,10;5;5;63,50;10,60;9,60;
2026-08-03 15:13:00.0;OFF;ON;100;5,60;5,70;10,70;29,30;98,30;109,10;5,10;5;62,80;10,60;9,50;
2026-08-03 15:14:00.0;OFF;ON;100;5,60;5,70;10,70;29,30;98,30;109,10;5;5;63,50;10,50;9,50;
2026-08-03 15:15:00.0;OFF;ON;100;5,60;5,60;10,60;29,30;98,30;109,10;5;5;63,60;10,50;9,50;
2026-08-03 15:16:00.0;OFF;ON;100;5,50;5,60;10,60;29,20;98,30;109,10;5,10;5;62,80;10,50;9,40;
2026-08-03 15:17:00.0;OFF;ON;100;5,50;5,60;10,60;29,20;98,30;109,10;5,10;5;62,80;10,40;9,40;
2026-08-03 15:18:00.0;OFF;ON;100;5,50;5,50;10,50;29,10;98,30;109,10;5;5;63,50;10,40;9,40;
2026-08-03 15:19:00.0;OFF;ON;100;5,50;5,50;10,50;29,10;98,30;109,10;5;5;63,50;10,30;9,40;
2026-08-03 15:20:00.0;OFF;ON;100;5,60;5,50;10,50;29;98,30;109,10;4,90;5;63,70;10,30;9,30;
2026-08-03 15:21:00.0;OFF;ON;100;5,40;5,40;10,40;29;98,30;109,10;5;5;63,50;10,30;9,30;
2026-08-03 15:22:00.0;OFF;ON;100;5,50;5,40;10,40;28,90;98,30;109,10;4,90;5;63,80;10,20;9,30;
2026-08-03 15:23:00.0;OFF;ON;100;5,50;5,40;10,40;28,90;98,30;109,10;4,90;5;63,90;10,20;9,20;
2026-08-03 15:24:00.0;OFF;ON;100;5,30;5,30;10,30;28,90;98,20;109,10;5;5;63,80;10,20;9,20;
2026-08-03 15:25:00.0;OFF;ON;100;5,30;5,30;10,30;28,80;98,30;109,10;4,90;5;63,90;10,10;9,20;
2026-08-03 15:26:00.0;OFF;ON;100;5,30;5,30;10,30;28,80;98,30;109,10;5;5;63,90;10,10;9,10;
2026-08-03 15:27:00.0;OFF;ON;100;5,30;5,20;10,20;28,70;98,30;109,10;4,90;5;64,10;10;9,10;
2026-08-03 15:28:00.0;OFF;ON;100;5,20;5,20;10,20;28,70;98,30;109,10;5;5;64;10;9,10;
2026-08-03 15:29:00.0;OFF;ON;100;5,10;5,10;10,10;28,60;98,30;109,10;5;5;64,20;10;9;
2026-08-03 15:30:00.0;OFF;ON;100;5,10;5,10;10,10;28,60;98,20;109,10;5;5;64,20;9,90;9;
2026-08-03 15:31:00.0;OFF;ON;100;5,10;5,10;10,10;28,50;98,20;109,10;5;5;64,20;9,90;9;
2026-08-03 15:32:00.0;OFF;ON;100;5,10;5;10;28,50;98,20;109,10;5;5;64,40;9,90;8,90;
2026-08-03 15:33:00.0;OFF;ON;100;5,10;5;10;28,40;98,20;109,10;4,90;5;64,50;9,80;8,90;
2026-08-03 15:34:00.0;OFF;ON;100;5;5;10;28,40;98,20;109,10;5;5;64,40;9,80;8,80;
2026-08-03 15:35:00.0;OFF;ON;100;4,90;4,90;9,90;28,40;98,20;109,10;5;5;64,50;9,80;8,80;
2026-08-03 15:36:00.0;OFF;ON;100;4,90;4,90;9,90;28,30;98,10;109,10;5;5;64,60;9,80;8,80;
2026-08-03 15:37:00.0;OFF;ON;100;5;4,90;9,90;28,30;98,20;109,10;4,90;5;64,80;9,70;8,70;
2026-08-03 15:38:00.0;OFF;ON;100;5;4,80;9,80;28,20;98,10;109,10;4,90;5;65;9,70;8,70;
2026-08-03 15:39:00.0;OFF;ON;100;4,80;4,80;9,80;28,20;98,10;109,10;5;5;64,80;9,60;8,70;
2026-08-03 15:40:00.0;OFF;ON;100;4,90;4,80;9,80;28,10;98,10;109,10;4,90;5;65;9,60;8,60;
2026-08-03 15:41:00.0;OFF;ON;100;4,80;4,70;9,70;28,10;98,10;109,10;4,90;5;65;9,60;8,60;
2026-08-03 15:42:00.0;OFF;ON;100;4,80;4,70;9,70;28,10;98,10;109,10;4,90;5;65;9,50;8,60;
2026-08-03 15:43:00.0;OFF;ON;100;4,70;4,70;9,70;28;98,10;109,10;5;5;64,40;9,50;8,50;
2026-08-03 15:44:00.0;OFF;ON;100;4,60;4,60;9,60;28;98,10;109,10;5;5;64,30;9,50;8,50;
2026-08-03 15:45:00.0;OFF;ON;100;4,50;4,60;9,60;27,90;98,10;109,10;5,10;5;64,30;9,50;8,40;
2026-08-03 15:46:00.0;OFF;ON;100;4,40;4,60;9,60;27,90;98,10;109,10;5,10;5;63,90;9,40;8,40;
2026-08-03 15:47:00.0;OFF;ON;100;4,50;4,50;9,50;27,80;98,10;109;5;5;64,10;9,30;8,30;
2026-08-03 15:48:00.0;OFF;ON;100;4,50;4,50;9,50;27,80;98;109,10;5;5;64,10;9,30;8,30;
2026-08-03 15:49:00.0;OFF;ON;100;4,30;4,40;9,40;27,70;98;109;5,20;5;63,60;9,30;8,20;
2026-08-03 15:50:00.0;OFF;ON;100;4,30;4,40;9,40;27,70;98;109;5,10;5;63,60;9,20;8,20;
2026-08-03 15:51:00.0;OFF;ON;100;4,30;4,40;9,40;27,70;98;109;5,10;5;63,90;9,20;8,10;
2026-08-03 15:52:00.0;OFF;ON;100;4,30;4,30;9,30;27,60;97,90;109;5;5;63,70;9,20;8,10;
2026-08-03 15:53:00.0;OFF;ON;100;4,20;4,30;9,30;27,60;97,80;109;5,10;5;63,60;9,10;8,10;
2026-08-03 15:54:00.0;OFF;ON;100;4,20;4,30;9,30;27,50;97,90;109;5;5;63,40;9,10;8;
2026-08-03 15:55:00.0;OFF;ON;100;4,20;4,20;9,20;27,50;97,90;109;5;5;63,50;9,10;8;
2026-08-03 15:56:00.0;OFF;ON;100;4,10;4,20;9,20;27,40;97,90;109;5,10;5;63,20;9;7,90;
2026-08-03 15:57:00.0;OFF;ON;100;4,10;4,20;9,20;27,40;98;109;5;5;63,20;9;7,90;
2026-08-03 15:58:00.0;OFF;ON;100;4;4,10;9,10;27,30;98;109;5,10;5;63;8,90;7,90;
2026-08-03 15:59:00.0;OFF;ON;100;4;4,10;9,10;27,30;98;109;5,10;5;62,90;8,90;7,90;
2026-08-03 16:00:00.0;OFF;ON;100;4;4,10;9,10;27,30;98;109;5,10;5;62,70;8,90;7,80;
2026-08-03 16:01:00.0;OFF;ON;100;4;4,10;9,10;27,20;98;109;5,10;5;63;8,90;7,90;
2026-08-03 16:02:00.0;OFF;ON;100;4;4;9;27,20;98;109;5;5;63,50;8,90;7,80;
2026-08-03 16:03:00.0;OFF;ON;100;4,10;4;9;27,10;98,10;109;4,90;5;63,60;8,80;7,80;
2026-08-03 16:04:00.0;OFF;ON;100;4;4;9;27;98;109;5;5;63,10;8,80;7,80;
2026-08-03 16:05:00.0;OFF;ON;100;4;3,90;8,90;27;98,10;109;5;5;63,60;8,80;7,70;
2026-08-03 16:06:00.0;OFF;ON;100;4;3,90;8,90;27;98;109;4,90;5;63,90;8,80;7,70;
2026-08-03 16:07:00.0;OFF;ON;100;4;3,90;8,90;26,90;98;109;4,90;5;64;8,70;7,70;
2026-08-03 16:08:00.0;OFF;ON;100;3,90;3,90;8,90;26,90;98;109;5;5;63,90;8,70;7,70;
2026-08-03 16:09:00.0;OFF;ON;100;4;3,90;8,90;26,80;98,10;109;4,90;5;64,20;8,70;7,60;
2026-08-03 16:10:00.0;OFF;ON;100;3,90;3,80;8,80;26,80;98,10;109;5;5;64,10;8,70;7,60;
2026-08-03 16:11:00.0;OFF;ON;100;3,90;3,80;8,80;26,70;98,10;109;4,90;5;64,10;8,60;7,60;
2026-08-03 16:12:00.0;OFF;ON;100;3,90;3,80;8,80;26,70;98;109;4,90;5;64,30;8,60;7,60;
2026-08-03 16:13:00.0;OFF;ON;100;3,80;3,80;8,80;26,70;98,10;108,90;5;5;64,50;8,60;7,50;
2026-08-03 16:14:00.0;OFF;ON;100;3,80;3,80;8,80;26,60;98,10;108,90;4,90;5;64,70;8,60;7,50;
2026-08-03 16:15:00.0;OFF;ON;100;3,90;3,70;8,70;26,60;98,10;108,90;4,80;5;65,40;8,50;7,50;
2026-08-03 16:16:00.0;OFF;ON;100;3,90;3,70;8,70;26,50;98,10;108,90;4,80;5;65,60;8,50;7,50;
2026-08-03 16:17:00.0;OFF;ON;100;3,90;3,70;8,70;26,50;98,10;108,90;4,80;5;65,90;8,50;7,40;
2026-08-03 16:18:00.0;OFF;ON;100;3,90;3,70;8,70;26,40;98;108,90;4,80;5;66;8,40;7,40;
2026-08-03 16:19:00.0;OFF;ON;100;3,70;3,60;8,60;26,40;98;108,90;4,90;5;65,50;8,40;7,40;
2026-08-03 16:20:00.0;OFF;ON;100;3,70;3,60;8,60;26,30;98,10;108,90;4,80;5;66;8,40;7,40;
2026-08-03 16:21:00.0;OFF;ON;100;3,70;3,50;8,50;26,30;98;108,90;4,90;5;66,10;8,30;7,30;
2026-08-03 16:22:00.0;OFF;ON;100;3,70;3,50;8,50;26,20;98;108,90;4,80;5;66,20;8,30;7,30;
2026-08-03 16:23:00.0;OFF;ON;100;3,50;3,50;8,50;26,20;97,90;108,90;4,90;5;65,90;8,20;7,20;
2026-08-03 16:24:00.0;OFF;ON;100;3,50;3,40;8,40;26,20;97,90;108,90;5;5;65,90;8,20;7,20;
2026-08-03 16:25:00.0;OFF;ON;100;3,50;3,40;8,40;26,10;97,90;108,90;4,90;5;66,30;8,20;7,10;
2026-08-03 16:26:00.0;OFF;ON;100;3,50;3,40;8,40;26,10;97,80;108,90;4,90;5;66,40;8,20;7,10;
2026-08-03 16:27:00.0;OFF;ON;100;3,40;3,40;8,40;26;97,90;108,90;5;5;66,30;8,10;7,10;
2026-08-03 16:28:00.0;OFF;ON;100;3,50;3,30;8,30;26;97,80;108,90;4,90;5;66,50;8,10;7,10;
2026-08-03 16:29:00.0;OFF;ON;100;3,40;3,30;8,30;25,90;97,90;108,90;4,90;5;66,30;8,10;7,10;
2026-08-03 16:30:00.0;OFF;ON;100;3,50;3,30;8,30;25,90;97,90;108,90;4,80;5;67;8;7;
2026-08-03 16:31:00.0;OFF;ON;100;3,40;3,20;8,20;25,80;97,90;108,90;4,90;5;66,80;8;7;
2026-08-03 16:32:00.0;OFF;ON;100;3,30;3,20;8,20;25,80;97,80;108,90;4,90;5;66,80;8;6,90;
2026-08-03 16:33:00.0;OFF;ON;100;3,10;3,20;8,20;25,70;97,80;108,90;5;5;66,60;8;6,90;
2026-08-03 16:34:00.0;OFF;ON;100;3,10;3,10;8,10;25,70;97,80;108,90;5;5;66,70;7,90;6,80;
2026-08-03 16:35:00.0;OFF;ON;100;3,20;3,10;8,10;25,60;97,80;108,90;4,90;5;66,90;7,90;6,80;
2026-08-03 16:36:00.0;OFF;ON;100;3,10;3,10;8,10;25,60;97,80;108,90;5;5;66,90;7,80;6,80;
2026-08-03 16:37:00.0;OFF;ON;100;3,10;3;8;25,50;97,80;108,90;5;5;66,90;7,80;6,80;
2026-08-03 16:38:00.0;OFF;ON;100;3,10;3;8;25,50;97,80;108,90;5;5;67,10;7,80;6,70;
2026-08-03 16:39:00.0;OFF;ON;100;3,10;3;8;25,40;97,80;108,90;4,90;5;67,40;7,80;6,70;
2026-08-03 16:40:00.0;OFF;ON;100;3,10;3;8;25,40;97,80;108,90;4,90;5;67,40;7,70;6,70;
2026-08-03 16:41:00.0;OFF;ON;100;2,90;2,90;7,90;25,30;97,80;108,90;5;5;67,20;7,70;6,60;
2026-08-03 16:42:00.0;OFF;ON;100;2,90;2,90;7,90;25,30;97,80;108,90;5;5;67,20;7,70;6,60;
2026-08-03 16:43:00.0;OFF;ON;100;2,90;2,90;7,90;25,20;97,80;108,90;4,90;5;67,40;7,60;6,50;
2026-08-03 16:44:00.0;OFF;ON;100;2,90;2,80;7,80;25,20;97,80;108,90;4,90;5;67,50;7,60;6,50;
2026-08-03 16:45:00.0;OFF;ON;100;2,90;2,80;7,80;25,20;97,80;108,90;4,90;5;67,40;7,60;6,50;
2026-08-03 16:46:00.0;OFF;ON;100;2,70;2,80;7,80;25,10;97,70;108,90;5;5;67,30;7,50;6,50;
2026-08-03 16:47:00.0;OFF;ON;100;2,70;2,70;7,70;25,10;97,80;108,90;5;5;67,40;7,50;6,40;
2026-08-03 16:48:00.0;OFF;ON;100;2,70;2,70;7,70;25;97,70;108,90;5;5;67,40;7,50;6,40;
2026-08-03 16:49:00.0;OFF;ON;100;2,80;2,70;7,70;25;97,70;108,90;4,90;5;67,80;7,40;6,40;
2026-08-03 16:50:00.0;OFF;ON;100;2,60;2,60;7,60;24,90;97,70;108,90;5;5;67,50;7,40;6,30;
2026-08-03 16:51:00.0;OFF;ON;100;2,60;2,60;7,60;24,90;97,70;108,90;5;5;67,70;7,40;6,30;
2026-08-03 16:52:00.0;OFF;ON;100;2,60;2,60;7,60;24,90;97,80;108,90;5;5;67,80;7,40;6,30;
2026-08-03 16:53:00.0;OFF;ON;100;2,60;2,60;7,60;24,80;97,70;108,90;5;5;67,80;7,30;6,20;
2026-08-03 16:54:00.0;OFF;ON;100;2,60;2,50;7,50;24,80;97,70;108,90;4,90;5;67,70;7,30;6,20;
2026-08-03 16:55:00.0;OFF;ON;100;2,60;2,50;7,50;24,80;97,70;108,90;4,90;5;67,90;7,30;6,10;
2026-08-03 16:56:00.0;OFF;ON;100;2,50;2,50;7,50;24,70;97,70;108,90;5;5;67,80;7,20;6,10;
2026-08-03 16:57:00.0;OFF;ON;100;2,40;2,40;7,40;24,70;97,70;108,90;4,90;5;67,90;7,20;6,10;
2026-08-03 16:58:00.0;OFF;ON;100;2,40;2,40;7,40;24,60;97,60;108,90;5;5;67,90;7,20;6;
2026-08-03 16:59:00.0;OFF;ON;100;2,30;2,40;7,40;24,60;97,70;108,90;5;5;67,90;7,10;6;
2026-08-03 17:00:00.0;OFF;ON;100;2,30;2,30;7,30;24,60;97,60;108,90;5;5;67,90;7,10;6;
2026-08-03 17:01:00.0;OFF;ON;100;2,40;2,30;7,30;24,50;97,70;108,90;4,90;5;68,10;7;5,90;
2026-08-03 17:02:00.0;OFF;ON;100;2,40;2,30;7,30;24,50;97,50;108,90;4,90;5;68,20;7;5,90;
2026-08-03 17:03:00.0;OFF;ON;100;2,40;2,20;7,20;24,40;97,50;108,90;4,90;5;68,40;7;5,90;
2026-08-03 17:04:00.0;OFF;ON;100;2,30;2,20;7,20;24,40;97,70;108,90;4,90;5;68,10;7;5,80;
2026-08-03 17:05:00.0;OFF;ON;100;2,30;2,20;7,20;24,40;97,60;108,80;4,90;5;68,30;7;5,80;
2026-08-03 17:06:00.0;OFF;ON;100;2,20;2,20;7,20;24,30;97,70;108,80;5;5;68,30;7;5,80;
2026-08-03 17:07:00.0;OFF;ON;100;2,20;2,10;7,10;24,30;97,70;108,80;5;5;68,30;6,90;5,70;
2026-08-03 17:08:00.0;OFF;ON;100;2,30;2,10;7,10;24,30;97,70;108,80;4,80;5;68,90;6,90;5,70;
2026-08-03 17:09:00.0;OFF;ON;100;2,30;2,10;7,10;24,20;97,70;108,80;4,80;5;69;6,90;5,70;
2026-08-03 17:10:00.0;OFF;ON;100;2,20;2,10;7,10;24,20;97,70;108,80;4,90;5;68,90;6,80;5,70;
2026-08-03 17:11:00.0;OFF;ON;100;2;2;7;24,10;97,70;108,80;5;5;68,70;6,80;5,60;
2026-08-03 17:12:00.0;OFF;ON;100;2;2;7;24,10;97,60;108,80;5;5;68,80;6,80;5,60;
2026-08-03 17:13:00.0;OFF;ON;100;2;2;7;24,10;97,50;108,80;5;5;68,90;6,70;5,60;
2026-08-03 17:14:00.0;OFF;ON;100;2;1,90;6,90;24;97,60;108,80;4,90;5;69;6,70;5,50;
2026-08-03 17:15:00.0;OFF;ON;100;2,10;1,90;6,90;24;97,60;108,80;4,80;5;69,50;6,60;5,50;
2026-08-03 17:16:00.0;OFF;ON;100;1,90;1,90;6,90;24;97,50;108,80;5;5;69,10;6,60;5,50;
2026-08-03 17:17:00.0;OFF;ON;100;1,90;1,80;6,80;23,90;97,50;108,80;4,90;5;69,20;6,60;5,40;
2026-08-03 17:18:00.0;OFF;ON;100;1,90;1,80;6,80;23,90;97,50;108,80;4,90;5;69,20;6,50;5,40;
2026-08-03 17:19:00.0;OFF;ON;100;1,90;1,80;6,80;23,80;97,50;108,80;4,90;5;69,30;6,50;5,30;
2026-08-03 17:20:00.0;OFF;ON;100;1,80;1,70;6,70;23,80;97,50;108,80;5;5;69,20;6,50;5,30;
2026-08-03 17:21:00.0;OFF;ON;100;1,80;1,70;6,70;23,80;97,50;108,80;4,90;5;69,30;6,40;5,30;
2026-08-03 17:22:00.0;OFF;ON;100;1,60;1,70;6,70;23,70;97,50;108,80;5,10;5;68,60;6,40;5,20;
2026-08-03 17:23:00.0;OFF;ON;100;1,80;1,60;6,60;23,70;97,50;108,80;4,90;5;69,50;6,40;5,20;
2026-08-03 17:24:00.0;OFF;ON;100;1,70;1,60;6,60;23,60;97,50;108,80;4,90;5;69,30;6,30;5,20;
2026-08-03 17:25:00.0;OFF;ON;100;1,60;1,60;6,60;23,60;97,50;108,80;5;5;69,30;6,30;5,10;
2026-08-03 17:26:00.0;OFF;ON;100;1,50;1,50;6,50;23,60;97,50;108,80;5;5;69,40;6,30;5,10;
2026-08-03 17:27:00.0;OFF;ON;100;1,50;1,50;6,50;23,50;97,50;108,80;5;5;69,40;6,30;5,10;
2026-08-03 17:28:00.0;OFF;ON;100;1,50;1,50;6,50;23,50;97,50;108,80;5;5;69,10;6,20;5,10;
2026-08-03 17:29:00.0;OFF;ON;100;1,50;1,50;6,50;23,40;97,50;108,80;5;5;69,70;6,20;5;
2026-08-03 17:30:00.0;OFF;ON;100;1,40;1,40;6,40;23,40;97,50;108,80;5;5;69,80;6,20;5;
2026-08-03 17:31:00.0;OFF;ON;100;1,40;1,40;6,40;23,40;97,50;108,80;5;5;69,70;6,20;5;
2026-08-03 17:32:00.0;OFF;ON;100;1,50;1,40;6,40;23,30;97,50;108,80;4,90;5;70,10;6,10;5;
2026-08-03 17:33:00.0;OFF;ON;100;1,30;1,40;6,40;23,30;97,40;108,80;5,10;5;69,30;6,10;4,90;
2026-08-03 17:34:00.0;OFF;ON;100;1,30;1,30;6,30;23,20;97,40;108,80;5;5;69,90;6,10;4,90;
2026-08-03 17:35:00.0;OFF;ON;100;1,40;1,30;6,30;23,20;97,40;108,80;4,90;5;70,20;6;4,90;
2026-08-03 17:36:00.0;OFF;ON;100;1,20;1,20;6,20;23,20;97,50;108,80;5;5;70,10;6;4,80;
2026-08-03 17:37:00.0;OFF;ON;100;1,30;1,20;6,20;23,10;97,40;108,80;5;5;70,10;6;4,80;
2026-08-03 17:38:00.0;OFF;ON;100;1,30;1,20;6,20;23,10;97,40;108,80;4,90;5;70,30;5,90;4,80;
2026-08-03 17:39:00.0;OFF;ON;100;1,10;1,20;6,20;23;97,50;108,80;5;5;70,20;5,90;4,80;
2026-08-03 17:40:00.0;OFF;ON;100;1,20;1,10;6,10;23;97,50;108,80;4,90;5;70,30;5,90;4,70;
2026-08-03 17:41:00.0;OFF;ON;100;1,10;1,10;6,10;23;97,40;108,80;5;5;69,70;5,80;4,70;
2026-08-03 17:42:00.0;OFF;ON;100;1,10;1,10;6,10;22,90;97,30;108,80;5;5;69,80;5,80;4,70;
2026-08-03 17:43:00.0;OFF;ON;100;1;1;6;22,90;97,40;108,80;5;5;70,30;5,80;4,70;
2026-08-03 17:44:00.0;OFF;ON;100;1,10;1;6;22,90;97,40;108,80;4,90;5;70,50;5,70;4,60;
2026-08-03 17:45:00.0;OFF;ON;100;1,10;1;6;22,80;97,30;108,80;4,90;5;70,60;5,70;4,60;
2026-08-03 17:46:00.0;OFF;ON;100;1;0,90;5,90;22,80;97,40;108,80;4,90;5;70,50;5,70;4,60;
2026-08-03 17:47:00.0;OFF;ON;100;0,90;0,90;5,90;22,70;97,40;108,80;5;5;70,50;5,70;4,60;
2026-08-03 17:48:00.0;OFF;ON;100;0,90;0,90;5,90;22,70;97,40;108,80;5;5;70,50;5,60;4,50;
2026-08-03 17:49:00.0;OFF;ON;100;0,90;0,90;5,90;22,70;97,40;108,80;5;5;70,50;5,60;4,50;
2026-08-03 17:50:00.0;OFF;ON;100;0,90;0,90;5,90;22,60;97,40;108,80;5;5;70,60;5,60;4,50;
2026-08-03 17:51:00.0;OFF;ON;100;0,90;0,80;5,80;22,60;97,40;108,80;5;5;70,70;5,60;4,50;
2026-08-03 17:52:00.0;OFF;ON;100;0,80;0,80;5,80;22,50;97,30;108,80;5;5;70,80;5,50;4,40;
2026-08-03 17:53:00.0;OFF;ON;100;0,90;0,80;5,80;22,50;97,30;108,80;4,90;5;71;5,50;4,40;
2026-08-03 17:54:00.0;OFF;ON;100;0,90;0,70;5,70;22,50;97,30;108,70;4,80;5;71,20;5,40;4,40;
2026-08-03 17:55:00.0;OFF;ON;100;0,70;0,70;5,70;22,40;97,20;108,70;5;5;71;5,40;4,40;
2026-08-03 17:56:00.0;OFF;ON;100;0,80;0,70;5,70;22,40;97,30;108,70;4,90;5;71,30;5,40;4,30;
2026-08-03 17:57:00.0;OFF;ON;100;0,60;0,60;5,60;22,30;97,30;108,70;5;5;71;5,40;4,30;
2026-08-03 17:58:00.0;OFF;ON;100;0,60;0,60;5,60;22,30;97,30;108,70;5;5;71,30;5,30;4,30;
2026-08-03 17:59:00.0;OFF;ON;100;0,70;0,60;5,60;22,30;97,30;108,70;4,90;5;71,50;5,30;4,30;
2026-08-03 18:00:00.0;OFF;ON;100;0,50;0,50;5,50;22,20;97,30;108,70;5;5;71,30;5,30;4,20;
2026-08-03 18:01:00.0;OFF;ON;100;0,50;0,50;5,50;22,20;97,30;108,70;5;5;71,30;5,20;4,20;
2026-08-03 18:02:00.0;OFF;ON;100;0,50;0,50;5,50;22,10;97,20;108,70;5;5;71,50;5,20;4,10;
2026-08-03 18:03:00.0;OFF;ON;100;0,40;0,40;5,40;22,10;97,20;108,70;5;5;71,40;5,20;4,10;
2026-08-03 18:04:00.0;OFF;ON;100;0,50;0,40;5,40;22;97,20;108,70;4,90;5;71,50;5,10;4,10;
2026-08-03 18:05:00.0;OFF;ON;100;0,30;0,40;5,40;22;97,20;108,70;5;5;71,60;5,10;4,10;
2026-08-03 18:06:00.0;OFF;ON;100;0,40;0,30;5,30;22;97,20;108,70;5;5;71,60;5,10;4,10;
2026-08-03 18:07:00.0;OFF;ON;100;0,30;0,30;5,30;21,90;97,20;108,70;5;5;71,70;5;4;
2026-08-03 18:08:00.0;OFF;ON;100;0,30;0,30;5,30;21,90;97,20;108,70;5;5;71,80;5;4;
2026-08-03 18:09:00.0;OFF;ON;100;0,20;0,30;5,30;21,80;97,20;108,70;5;5;71,90;5;4;
2026-08-03 18:10:00.0;OFF;ON;100;0,30;0,20;5,20;21,80;97,10;108,70;5;5;71,80;5;3,90;
2026-08-03 18:11:00.0;OFF;ON;100;0,30;0,20;5,20;21,80;97,10;108,70;4,90;5;72;4,90;3,90;
2026-08-03 18:12:00.0;OFF;ON;100;0,20;0,20;5,20;21,70;97,10;108,70;5;5;72;4,90;3,90;
2026-08-03 18:13:00.0;OFF;ON;100;0,10;0,20;5,20;21,70;97,10;108,70;5;5;71,50;4,90;3,80;
2026-08-03 18:14:00.0;OFF;ON;100;0,10;0,20;5,20;21,60;97,20;108,70;5;5;72;4,80;3,80;
2026-08-03 18:15:00.0;OFF;ON;100;0,10;0,10;5,10;21,60;97,20;108,70;5;5;72,20;4,80;3,80;
2026-08-03 18:16:00.0;OFF;ON;100;0,10;0,10;5,10;21,60;97,20;108,70;5;5;72,10;4,80;3,80;
2026-08-03 18:17:00.0;OFF;ON;100;0,10;0,10;5,10;21,50;97,20;108,70;5;5;72,30;4,80;3,80;
2026-08-03 18:18:00.0;OFF;ON;100;0;0,10;5,10;21,50;97,20;108,70;5;5;72,30;4,80;3,70;
2026-08-03 18:19:00.0;OFF;ON;100;0,10;0;5;21,40;97,10;108,70;4,90;5;72,40;4,70;3,70;
2026-08-03 18:20:00.0;OFF;ON;100;0;0;5;21,40;97,10;108,60;5;5;72,40;4,70;3,70;
2026-08-03 18:21:00.0;OFF;ON;100;0,10;0;5;21,40;97,10;108,60;4,90;5;72,50;4,70;3,60;
2026-08-03 18:22:00.0;OFF;ON;100;0;-0,10;4,90;21,30;97,10;108,60;5;5;72,40;4,60;3,60;
2026-08-03 18:23:00.0;OFF;ON;100;-0,10;-0,10;4,90;21,30;97,10;108,60;5;5;72,50;4,60;3,60;
2026-08-03 18:24:00.0;OFF;ON;100;0;-0,10;4,90;21,20;97,10;108,60;4,90;5;72,70;4,60;3,60;
2026-08-03 18:25:00.0;OFF;ON;100;0;-0,10;4,90;21,20;97,10;108,60;4,90;5;72,80;4,60;3,50;
2026-08-03 18:26:00.0;OFF;ON;100;-0,10;-0,20;4,80;21,10;97,10;108,60;4,90;5;73;4,50;3,50;
2026-08-03 18:27:00.0;OFF;ON;100;-0,20;-0,20;4,80;21,10;97,10;108,60;5;5;72,80;4,50;3,50;
2026-08-03 18:28:00.0;OFF;ON;100;-0,10;-0,20;4,80;21,10;97,10;108,60;4,80;5;73,30;4,50;3,50;
2026-08-03 18:29:00.0;OFF;ON;100;-0,10;-0,20;4,80;21;97,10;108,60;4,80;5;73,40;4,50;3,40;
2026-08-03 18:30:00.0;OFF;ON;100;-0,20;-0,30;4,70;21;97,10;108,60;5;5;73,10;4,50;3,40;
2026-08-03 18:31:00.0;OFF;ON;100;-0,30;-0,30;4,70;20,90;97,10;108,60;5;5;73,10;4,40;3,40;
2026-08-03 18:32:00.0;OFF;ON;100;-0,10;-0,30;4,70;20,90;97,10;108,60;4,80;5;73,70;4,40;3,30;
2026-08-03 18:33:00.0;OFF;ON;100;-0,10;-0,30;4,70;20,80;97,10;108,60;4,80;5;74,20;4,40;3,40;
2026-08-03 18:34:00.0;OFF;ON;100;-0,10;-0,30;4,70;20,80;97,10;108,60;4,80;5;74,40;4,40;3,40;
2026-08-03 18:35:00.0;OFF;ON;100;0;-0,30;4,70;20,80;97,10;108,60;4,70;5;75;4,40;3,40;
2026-08-03 18:36:00.0;OFF;ON;100;-0,10;-0,30;4,70;20,70;97,20;108,60;4,70;5;75,20;4,40;3,40;
2026-08-03 18:37:00.0;OFF;ON;100;-0,20;-0,40;4,60;20,70;97,20;108,60;4,80;5;75,20;4,40;3,40;
2026-08-03 18:38:00.0;OFF;ON;100;-0,30;-0,40;4,60;20,60;97,20;108,60;4,90;5;74,90;4,30;3,30;
2026-08-03 18:39:00.0;OFF;ON;100;-0,40;-0,40;4,60;20,60;97,10;108,60;5;5;74,90;4,30;3,20;
2026-08-03 18:40:00.0;OFF;ON;100;-0,40;-0,50;4,50;20,60;97;108,60;4,90;5;75;4,30;3,20;
2026-08-03 18:41:00.0;OFF;ON;100;-0,40;-0,50;4,50;20,50;97,10;108,60;4,90;5;75,10;4,20;3,10;
2026-08-03 18:42:00.0;OFF;ON;100;-0,50;-0,50;4,50;20,50;97;108,60;5;5;75;4,20;3,10;
2026-08-03 18:43:00.0;OFF;ON;100;-0,60;-0,60;4,40;20,40;97;108,60;5,10;5;74,40;4,20;3;
2026-08-03 18:44:00.0;OFF;ON;100;-0,70;-0,60;4,40;20,40;97;108,60;5;5;74,30;4,10;3;
2026-08-03 18:45:00.0;OFF;ON;100;-0,80;-0,70;4,30;20,30;97;108,60;5,10;5;74,20;4,10;2,90;
2026-08-03 18:46:00.0;OFF;ON;100;-0,70;-0,70;4,30;20,30;97;108,60;5;5;74,20;4;2,90;
2026-08-03 18:47:00.0;OFF;ON;100;-0,90;-0,70;4,30;20,30;97;108,60;5,10;5;73,90;4;2,90;
2026-08-03 18:48:00.0;OFF;ON;100;-0,80;-0,80;4,20;20,20;96,90;108,60;5;5;74;3,90;2,80;
2026-08-03 18:49:00.0;OFF;ON;100;-0,90;-0,80;4,20;20,20;96,90;108,60;5,10;5;73,70;3,90;2,80;
2026-08-03 18:50:00.0;OFF;ON;100;-1;-0,80;4,20;20,10;96,80;108,60;5,10;5;73,50;3,90;2,70;
2026-08-03 18:51:00.0;OFF;ON;100;-0,90;-0,80;4,20;20,10;96,90;108,60;5;5;73,70;3,90;2,70;
2026-08-03 18:52:00.0;OFF;ON;100;-1,10;-0,90;4,10;20;96,90;108,60;5,20;5;73,20;3,80;2,70;
2026-08-03 18:53:00.0;OFF;ON;100;-1,10;-0,90;4,10;20;96,90;108,60;5,10;5;73,20;3,80;2,60;
2026-08-03 18:54:00.0;OFF;ON;100;-1;-0,90;4,10;20;96,90;108,60;5;5;73,40;3,80;2,60;
2026-08-03 18:55:00.0;OFF;ON;100;-1,10;-1;4;19,90;96,90;108,60;5,10;5;73;3,80;2,60;
2026-08-03 18:56:00.0;OFF;ON;100;-1,10;-1;4;19,90;96,90;108,60;5,10;5;73;3,70;2,50;
2026-08-03 18:57:00.0;OFF;ON;100;-1,10;-1;4;19,90;96,90;108,60;5,10;5;73,20;3,70;2,50;
2026-08-03 18:58:00.0;OFF;ON;100;-1;-1;4;19,80;97;108,60;5;5;73,10;3,60;2,50;
2026-08-03 18:59:00.0;OFF;ON;100;-1,20;-1,10;3,90;19,80;96,90;108,60;5,10;5;72,90;3,60;2,50;
2026-08-03 19:00:00.0;OFF;ON;100;-1,10;-1,10;3,90;19,80;96,90;108,60;5;5;73;3,60;2,50;
2026-08-03 19:01:00.0;OFF;ON;100;-1,20;-1,10;3,90;19,70;96,90;108,60;5,10;5;73;3,70;2,40;
2026-08-03 19:02:00.0;OFF;ON;100;-1,10;-1,10;3,90;19,70;97;108,60;5;5;72,90;3,70;2,40;
2026-08-03 19:03:00.0;OFF;ON;100;-1,10;-1,10;3,90;19,70;97;108,60;5;5;72,90;3,70;2,40;
2026-08-03 19:04:00.0;OFF;ON;100;-1,10;-1,10;3,90;19,60;97;108,60;5;5;72,90;3,70;2,40;
2026-08-03 19:05:00.0;OFF;ON;100;-1,20;-1,10;3,90;19,60;97,10;108,60;5;5;72,90;3,70;2,40;
2026-08-03 19:06:00.0;OFF;ON;100;-1,10;-1,10;3,90;19,60;97;108,60;4,90;5;73,30;3,70;2,40;
2026-08-03 19:07:00.0;OFF;ON;100;-1,10;-1,20;3,80;19,50;97,10;108,60;4,90;5;73,30;3,70;2,30;
2026-08-03 19:08:00.0;OFF;ON;100;-1,20;-1,20;3,80;19,50;97,10;108,60;5;5;73,50;3,70;2,30;
2026-08-03 19:09:00.0;OFF;ON;100;-1,20;-1,20;3,80;19,50;97;108,60;5;5;73,40;3,70;2,30;
2026-08-03 19:10:00.0;OFF;ON;100;-1,10;-1,20;3,80;19,40;97;108,60;4,90;5;73,80;3,60;2,30;
2026-08-03 19:11:00.0;OFF;ON;100;-1,20;-1,20;3,80;19,40;97,10;108,60;5;5;73,50;3,60;2,30;
2026-08-03 19:12:00.0;OFF;ON;100;-1,10;-1,20;3,80;19,40;97,10;108,60;4,90;5;74;3,60;2,30;
2026-08-03 19:13:00.0;OFF;ON;100;-1,10;-1,30;3,70;19,30;97,10;108,60;4,80;5;74,30;3,60;2,30;
2026-08-03 19:14:00.0;OFF;ON;100;-1,20;-1,30;3,70;19,30;97,10;108,50;4,90;5;73,90;3,60;2,30;
2026-08-03 19:15:00.0;OFF;ON;100;-1,20;-1,30;3,70;19,30;97,10;108,50;4,90;5;74,20;3,60;2,30;
2026-08-03 19:16:00.0;OFF;ON;100;-1,10;-1,30;3,70;19,20;97,10;108,60;4,80;5;74,90;3,60;2,30;
2026-08-03 19:17:00.0;OFF;ON;100;-1,20;-1,30;3,70;19,20;97,10;108,60;4,90;5;74,70;3,50;2,30;
2026-08-03 19:18:00.0;OFF;ON;100;-1,10;-1,30;3,70;19,20;97,10;108,50;4,80;5;75,40;3,50;2,20;
2026-08-03 19:19:00.0;OFF;ON;100;-1,10;-1,30;3,70;19,10;97,10;108,50;4,80;5;75,60;3,50;2,20;
2026-08-03 19:20:00.0;OFF;ON;100;-1,20;-1,30;3,70;19,10;97,10;108,50;4,90;5;75,50;3,50;2,20;
2026-08-03 19:21:00.0;OFF;ON;100;-1,10;-1,40;3,60;19,10;97,10;108,50;4,70;5;76,10;3,50;2,20;
2026-08-03 19:22:00.0;OFF;ON;100;-1,10;-1,40;3,60;19;97,10;108,50;4,70;5;76,50;3,50;2,20;
2026-08-03 19:23:00.0;OFF;ON;100;-1,30;-1,40;3,60;19;97,10;108,50;4,90;5;76,10;3,50;2,20;
2026-08-03 19:24:00.0;OFF;ON;100;-1,20;-1,40;3,60;18,90;97,10;108,50;4,80;5;76,80;3,40;2,10;
2026-08-03 19:25:00.0;OFF;ON;100;-1,30;-1,50;3,50;18,90;97,10;108,50;4,90;5;76,50;3,40;2,10;
2026-08-03 19:26:00.0;OFF;ON;100;-1,30;-1,50;3,50;18,90;97;108,50;4,90;5;76,80;3,40;2,10;
2026-08-03 19:27:00.0;OFF;ON;100;-1,40;-1,50;3,50;18,80;97;108,50;4,90;5;76,80;3,40;2,10;
2026-08-03 19:28:00.0;OFF;ON;100;-1,40;-1,50;3,50;18,80;97;108,50;4,90;5;76,90;3,40;2;
2026-08-03 19:29:00.0;OFF;ON;100;-1,40;-1,50;3,50;18,80;96,90;108,50;4,90;5;77,30;3,30;2;
2026-08-03 19:30:00.0;OFF;ON;100;-1,40;-1,60;3,40;18,70;96,90;108,50;4,80;5;77,70;3,30;1,90;
2026-08-03 19:31:00.0;OFF;ON;100;-1,50;-1,60;3,40;18,70;96,90;108,50;4,90;5;77,60;3,30;1,90;
2026-08-03 19:32:00.0;OFF;ON;100;-1,50;-1,60;3,40;18,70;96,90;108,50;4,90;5;77,60;3,20;1,90;
2026-08-03 19:33:00.0;OFF;ON;100;-1,80;-1,70;3,30;18,60;96,80;108,50;5,20;5;76,70;3,20;1,80;
2026-08-03 19:34:00.0;OFF;ON;100;-1,90;-1,70;3,30;18,60;96,80;108,50;5,20;5;76,20;3,10;1,70;
2026-08-03 19:35:00.0;OFF;ON;100;-2,20;-1,80;3,20;18,60;96,60;108,50;5,30;5;75,30;3;1,50;
2026-08-03 19:36:00.0;OFF;ON;100;-2;-1,90;3,10;18,50;96,40;108,50;5,10;5;76,10;2,90;1,40;
2026-08-03 19:37:00.0;OFF;ON;100;-1,90;-1,90;3,10;18,50;96,40;108,50;5;5;76;2,90;1,40;
2026-08-03 19:38:00.0;OFF;ON;100;-1,80;-1,90;3,10;18,50;96,50;108,50;4,90;5;76,80;2,90;1,50;
2026-08-03 19:39:00.0;OFF;ON;100;-1,70;-1,90;3,10;18,40;96,60;108,50;4,80;5;77,20;2,90;1,50;
2026-08-03 19:40:00.0;OFF;ON;100;-1,90;-1,90;3,10;18,40;96,80;108,50;4,90;5;76,90;2,90;1,50;
2026-08-03 19:41:00.0;OFF;ON;100;-1,70;-1,90;3,10;18,30;96,90;108,50;4,80;5;77,70;2,90;1,50;
2026-08-03 19:42:00.0;OFF;ON;100;-1,80;-1,90;3,10;18,30;96,90;108,50;4,90;5;77,50;2,90;1,50;
2026-08-03 19:43:00.0;OFF;ON;100;-1,80;-1,90;3,10;18,30;96,90;108,50;4,90;5;77,80;2,90;1,50;
2026-08-03 19:44:00.0;OFF;ON;100;-1,70;-1,90;3,10;18,20;96,90;108,50;4,70;5;78,50;2,90;1,50;
2026-08-03 19:45:00.0;OFF;ON;100;-1,70;-2;3;18,20;96,90;108,50;4,70;5;78,80;2,90;1,50;
2026-08-03 19:46:00.0;OFF;ON;100;-1,80;-2;3;18,20;97;108,50;4,80;5;78,60;2,90;1,50;
2026-08-03 19:47:00.0;OFF;ON;100;-1,80;-2;3;18,10;96,90;108,50;4,80;5;78,80;2,90;1,50;
2026-08-03 19:48:00.0;OFF;ON;100;-1,70;-2;3;18,10;97;108,50;4,70;5;79,70;2,80;1,50;
2026-08-03 19:49:00.0;OFF;ON;100;-1,90;-2;3;18,10;96,90;108,50;4,80;5;79,40;2,80;1,50;
2026-08-03 19:50:00.0;OFF;ON;100;-2,60;-2;3;18;97;108,50;5,60;5;76,30;2,80;1,60;
2026-08-03 19:51:00.0;OFF;ON;100;-3;-2;3;18;97;108,50;6;5;74,10;2,80;1,50;
2026-08-03 19:52:00.0;OFF;ON;100;-2,80;-2,10;2,90;17,90;97;108,50;5,70;5;73,70;2,80;1,40;
2026-08-03 19:53:00.0;OFF;ON;100;-2,90;-2,10;2,90;17,90;96,90;108,50;5,80;5;72,70;2,70;1,30;
2026-08-03 19:54:00.0;OFF;ON;100;-3;-2,10;2,90;17,90;96,90;108,50;5,80;5;71,60;2,70;1,30;
2026-08-03 19:55:00.0;OFF;ON;100;-3;-2,20;2,80;17,80;96,80;108,50;5,80;5;70,70;2,70;1,20;
2026-08-03 19:56:00.0;OFF;ON;100;-3,10;-2,20;2,80;17,80;96,70;108,50;5,90;5;69,40;2,60;1,20;
2026-08-03 19:57:00.0;OFF;ON;100;-3,30;-2,20;2,80;17,80;96,80;108,50;6;5;67,80;2,60;1,20;
2026-08-03 19:58:00.0;OFF;ON;100;-3,60;-2,20;2,80;17,70;97;108,50;6,40;5;64,60;2,60;1,30;
2026-08-03 19:59:00.0;OFF;ON;100;-3,50;-2,10;2,90;17,70;97;108,50;6,30;5;64,20;2,70;1,40;
2026-08-03 20:00:00.0;OFF;ON;100;-1,40;-2,20;2,80;17,70;96,80;108,50;4,10;5;73,20;2,60;1,30;
2026-08-03 20:01:00.0;OFF;ON;100;-1,30;-2,10;2,90;17,60;97,20;108,50;4,20;5;73,90;2,70;1,60;
2026-08-03 20:02:00.0;OFF;ON;100;-0,70;-2;3;17,60;97,40;108,50;3,70;5;77,30;2,80;1,80;
2026-08-03 20:03:00.0;OFF;ON;100;-1,10;-1,90;3,10;17,50;97,70;108,50;4,20;5;76,70;2,90;2;
2026-08-03 20:04:00.0;OFF;ON;100;-1,30;-1,90;3,10;17,50;97,90;108,50;4,40;5;77;2,90;1,90;
2026-08-03 20:05:00.0;OFF;ON;100;-1,20;-1,90;3,10;17,50;97,80;108,50;4,30;5;78,10;2,90;1,80;
2026-08-03 20:06:00.0;OFF;ON;100;-1,40;-2;3;17,50;97,70;108,50;4,50;5;77,80;2,90;1,80;
2026-08-03 20:07:00.0;OFF;ON;100;-2;-2;3;17,40;97,50;108,50;5;5;76,30;2,80;1,60;
2026-08-03 20:08:00.0;OFF;ON;100;-1,90;-2,10;2,90;17,40;97,10;108,50;4,80;5;76,90;2,70;1,40;
2026-08-03 20:09:00.0;OFF;ON;100;-1,90;-2,20;2,80;17,30;96,90;108,50;4,70;5;77,70;2,60;1,30;
2026-08-03 20:10:00.0;OFF;ON;100;-2;-2,30;2,70;17,30;96,80;108,50;4,70;5;77,80;2,60;1,30;
2026-08-03 20:11:00.0;OFF;ON;100;-2;-2,30;2,70;17,30;96,70;108,50;4,70;5;78,20;2,60;1,30;
2026-08-03 20:12:00.0;OFF;ON;100;-1,90;-2,30;2,70;17,20;96,80;108,50;4,60;5;79;2,50;1,20;
2026-08-03 20:13:00.0;OFF;ON;100;-2,10;-2,30;2,70;17,20;96,80;108,50;4,80;5;78,70;2,50;1,20;
2026-08-03 20:14:00.0;OFF;ON;100;-2;-2,40;2,60;17,10;96,80;108,50;4,70;5;79,60;2,50;1,10;
2026-08-03 20:15:00.0;OFF;ON;100;-2,10;-2,40;2,60;17,10;96,70;108,50;4,70;5;79,80;2,40;1,10;
2026-08-03 20:16:00.0;OFF;ON;100;-3,10;-2,40;2,60;17,10;96,90;108,50;5,70;5;75,30;2,50;1,20;
2026-08-03 20:17:00.0;OFF;ON;100;-3,20;-2,40;2,60;17;96,90;108,50;5,80;5;74,20;2,40;1,10;
2026-08-03 20:18:00.0;OFF;ON;100;-3,10;-2,50;2,50;17;96,90;108,40;5,60;5;74,20;2,40;1;
2026-08-03 20:19:00.0;OFF;ON;100;-3,30;-2,50;2,50;17;96,60;108,40;5,80;5;72,60;2,30;1;
2026-08-03 20:20:00.0;OFF;ON;100;-3,20;-2,60;2,40;16,90;96,60;108,50;5,70;5;72,20;2,30;0,90;
2026-08-03 20:21:00.0;OFF;ON;100;-3,30;-2,60;2,40;16,90;96,60;108,40;5,70;5;71,40;2,20;0,90;
2026-08-03 20:22:00.0;OFF;ON;100;-3,40;-2,60;2,40;16,90;96,50;108,40;5,80;5;70,20;2,20;0,90;
2026-08-03 20:23:00.0;OFF;ON;100;-3,40;-2,60;2,40;16,80;96,60;108,40;5,80;5;68,90;2,20;0,90;
2026-08-03 20:24:00.0;OFF;ON;100;-3,70;-2,60;2,40;16,80;96,70;108,40;6,10;5;66,80;2,20;0,90;
2026-08-03 20:25:00.0;OFF;ON;100;-4;-2,60;2,40;16,70;96,90;108,40;6,40;5;64,10;2,20;1;
2026-08-03 20:26:00.0;OFF;ON;100;-1,90;-2,60;2,40;16,70;96,90;108,40;4,30;5;72,20;2,20;0,90;
2026-08-03 20:27:00.0;OFF;ON;100;-1,90;-2,60;2,40;16,70;96,90;108,40;4,30;5;73,30;2,20;1,10;
2026-08-03 20:28:00.0;OFF;ON;100;-1,20;-2,50;2,50;16,60;97,10;108,40;3,60;5;77,10;2,30;1,20;
2026-08-03 20:29:00.0;OFF;ON;100;-1,10;-2,40;2,60;16,60;97,30;108,40;3,60;5;78,70;2,40;1,40;
2026-08-03 20:30:00.0;OFF;ON;100;-1,60;-2,40;2,60;16,60;97,70;108,40;4,30;5;77,50;2,50;1,40;
2026-08-03 20:31:00.0;OFF;ON;100;-1,60;-2,40;2,60;16,50;97,60;108,40;4,20;5;78,60;2,40;1,40;
2026-08-03 20:32:00.0;OFF;ON;100;-1,90;-2,40;2,60;16,50;97,40;108,40;4,50;5;78,40;2,40;1,30;
2026-08-03 20:33:00.0;OFF;ON;100;-1,80;-2,50;2,50;16,50;97,30;108,40;4,30;5;79,60;2,40;1,20;
2026-08-03 20:34:00.0;OFF;ON;100;-2,10;-2,50;2,50;16,40;97,30;108,40;4,60;5;79,20;2,30;1,20;
2026-08-03 20:35:00.0;OFF;ON;100;-3,10;-2,50;2,50;16,40;97,20;108,40;5,60;5;75;2,30;1,20;
2026-08-03 20:36:00.0;OFF;ON;100;-3,30;-2,60;2,40;16,30;97;108,40;5,70;5;73,60;2,20;0,90;
2026-08-03 20:37:00.0;OFF;ON;100;-3,30;-2,70;2,30;16,30;96,60;108,40;5,60;5;73,40;2,10;0,80;
2026-08-03 20:38:00.0;OFF;ON;100;-3,40;-2,80;2,20;16,30;96,50;108,40;5,60;5;72,50;2,10;0,80;
2026-08-03 20:39:00.0;OFF;ON;100;-3,40;-2,80;2,20;16,20;96,40;108,40;5,60;5;72;2;0,80;
2026-08-03 20:40:00.0;OFF;ON;100;-3,40;-2,90;2,10;16,20;96,40;108,40;5,50;5;71,40;2;0,70;
2026-08-03 20:41:00.0;OFF;ON;100;-3,40;-2,90;2,10;16,10;96,40;108,40;5,60;5;70,70;1,90;0,70;
2026-08-03 20:42:00.0;OFF;ON;100;-3,50;-2,90;2,10;16,10;96,50;108,40;5,60;5;69,80;1,90;0,70;
2026-08-03 20:43:00.0;OFF;ON;100;-3,90;-2,90;2,10;16,10;96,60;108,40;6;5;67,40;1,90;0,70;
2026-08-03 20:44:00.0;OFF;ON;100;-3,80;-2,90;2,10;16;96,80;108,40;6;5;65,90;1,90;0,80;
2026-08-03 20:45:00.0;OFF;ON;100;-3,40;-2,80;2,20;16;96,90;108,40;5,50;5;67,10;2;0,80;
2026-08-03 20:46:00.0;OFF;ON;100;-3,60;-2,80;2,20;16;97;108,40;5,90;5;64,70;2;0,80;
2026-08-03 20:47:00.0;OFF;ON;100;-1,80;-2,80;2,20;15,90;97;108,40;4;5;72,10;2;0,80;
2026-08-03 20:48:00.0;OFF;ON;100;-1,30;-2,80;2,20;15,90;97;108,40;3,50;5;75,90;2,10;1;
2026-08-03 20:49:00.0;OFF;ON;100;-1,80;-2,70;2,30;15,90;97,40;108,40;4,20;5;74,40;2,20;1,10;
2026-08-03 20:50:00.0;OFF;ON;100;-2;-2,70;2,30;15,80;97,40;108,40;4,30;5;75,20;2,10;1,10;
2026-08-03 20:51:00.0;OFF;ON;100;-2;-2,70;2,30;15,80;97,40;108,40;4,30;5;75,80;2,10;1;
2026-08-03 20:52:00.0;OFF;ON;100;-1,90;-2,70;2,30;15,80;97,30;108,40;4,20;5;77,50;2,10;1,10;
2026-08-03 20:53:00.0;OFF;ON;100;-2;-2,70;2,30;15,70;97,30;108,40;4,30;5;78,20;2,10;1;
2026-08-03 20:54:00.0;OFF;ON;100;-1,90;-2,70;2,30;15,70;97,20;108,40;4,20;5;79,60;2,10;1;
2026-08-03 20:55:00.0;OFF;ON;100;-2,40;-2,80;2,20;15,60;97,10;108,40;4,70;5;78,40;2,10;1;
2026-08-03 20:56:00.0;OFF;ON;100;-3;-2,80;2,20;15,60;97,10;108,30;5,20;5;76,30;2,10;1;
2026-08-03 20:57:00.0;OFF;ON;100;-2,90;-2,80;2,20;15,60;97,10;108,30;5,10;5;76,50;2;0,90;
2026-08-03 20:58:00.0;OFF;ON;100;-2,80;-2,80;2,20;15,50;97;108,30;5;5;76,70;2;0,90;
2026-08-03 20:59:00.0;OFF;ON;100;-3;-2,90;2,10;15,50;96,90;108,30;5,10;5;76,50;1,90;0,80;
2026-08-03 21:00:00.0;OFF;ON;100;-3,10;-2,90;2,10;15,40;96,90;108,30;5,10;5;76,10;1,90;0,80;
2026-08-03 21:01:00.0;OFF;ON;100;-3;-3;2;15,40;96,80;108,30;5,10;5;76,20;1,90;0,70;
2026-08-03 21:02:00.0;OFF;ON;100;-3,10;-3;2;15,40;96,80;108,30;5,10;5;75,90;1,80;0,70;
2026-08-03 21:03:00.0;OFF;ON;100;-3,10;-3;2;15,30;96,70;108,30;5,10;5;76;1,80;0,70;
2026-08-03 21:04:00.0;OFF;ON;100;-3,10;-3;2;15,30;96,80;108,30;5;5;76,10;1,80;0,70;
2026-08-03 21:05:00.0;OFF;ON;100;-3,10;-3;2;15,30;96,70;108,30;5,10;5;75,90;1,80;0,60;
2026-08-03 21:06:00.0;OFF;ON;100;-3,10;-3,10;1,90;15,20;96,70;108,30;5,10;5;75,90;1,80;0,60;
2026-08-03 21:07:00.0;OFF;ON;100;-3,20;-3,10;1,90;15,20;96,80;108,30;5,10;5;75,80;1,80;0,60;
2026-08-03 21:08:00.0;OFF;ON;100;-3,20;-3,10;1,90;15,20;96,80;108,30;5,10;5;75,70;1,70;0,60;
2026-08-03 21:09:00.0;OFF;ON;100;-3,20;-3,10;1,90;15,10;96,90;108,30;5;5;75,70;1,70;0,60;
2026-08-03 21:10:00.0;OFF;ON;100;-3,20;-3,10;1,90;15,10;96,80;108,30;5,10;5;75,60;1,70;0,60;
2026-08-03 21:11:00.0;OFF;ON;100;-3,30;-3,10;1,90;15;96,80;108,30;5,10;5;75,50;1,70;0,50;
2026-08-03 21:12:00.0;OFF;ON;100;-3,20;-3,20;1,80;15;96,80;108,30;5;5;75,60;1,60;0,50;
2026-08-03 21:13:00.0;OFF;ON;100;-3,20;-3,20;1,80;15;96,80;108,30;5;5;75,60;1,60;0,50;
2026-08-03 21:14:00.0;OFF;ON;100;-3,20;-3,20;1,80;15;96,80;108,30;5;5;75,50;1,60;0,50;
2026-08-03 21:15:00.0;OFF;ON;100;-3,20;-3,20;1,80;14,90;96,90;108,30;5;5;75,40;1,60;0,50;
2026-08-03 21:16:00.0;OFF;ON;100;-3,30;-3,20;1,80;14,90;96,80;108,30;5;5;75,40;1,60;0,50;
2026-08-03 21:17:00.0;OFF;ON;100;-3,30;-3,20;1,80;14,80;96,90;108,30;5;5;75,40;1,60;0,40;
2026-08-03 21:18:00.0;OFF;ON;100;-3,40;-3,30;1,70;14,80;96,80;108,30;5,10;5;75,10;1,50;0,40;
2026-08-03 21:19:00.0;OFF;ON;100;-3,40;-3,30;1,70;14,80;96,80;108,30;5,10;5;75,20;1,50;0,40;
2026-08-03 21:20:00.0;OFF;ON;100;-3,30;-3,30;1,70;14,80;96,80;108,30;5;5;75,30;1,50;0,40;
2026-08-03 21:21:00.0;OFF;ON;100;-3,10;-3,30;1,70;14,70;96,80;108,30;4,80;5;76,20;1,50;0,40;
2026-08-03 21:22:00.0;OFF;ON;100;-3;-3,30;1,70;14,70;96,80;108,30;4,70;5;76,80;1,50;0,40;
2026-08-03 21:23:00.0;OFF;ON;100;-3,30;-3,30;1,70;14,70;96,90;108,30;5;5;76,10;1,50;0,40;
2026-08-03 21:24:00.0;OFF;ON;100;-3,40;-3,30;1,70;14,60;97;108,30;5;5;75,60;1,50;0,40;
2026-08-03 21:25:00.0;OFF;ON;100;-3,30;-3,40;1,60;14,60;96,90;108,30;5;5;75,60;1,50;0,30;
2026-08-03 21:26:00.0;OFF;ON;100;-3,40;-3,40;1,60;14,60;96,90;108,30;5,10;5;75,50;1,40;0,30;
2026-08-03 21:27:00.0;OFF;ON;100;-3,20;-3,40;1,60;14,50;96,80;108,30;4,80;5;76,40;1,40;0,30;
2026-08-03 21:28:00.0;OFF;ON;100;-3,20;-3,40;1,60;14,50;96,80;108,30;4,80;5;77;1,40;0,30;
2026-08-03 21:29:00.0;OFF;ON;100;-3,40;-3,40;1,60;14,50;96,90;108,30;5;5;76,40;1,40;0,30;
2026-08-03 21:30:00.0;OFF;ON;100;-3,30;-3,40;1,60;14,50;97;108,30;4,90;5;76,40;1,40;0,30;
2026-08-03 21:31:00.0;OFF;ON;100;-3;-3,40;1,60;14,40;96,90;108,30;4,50;5;78,30;1,40;0,30;
2026-08-03 21:32:00.0;OFF;ON;100;-3,20;-3,40;1,60;14,40;96,80;108,30;4,80;5;77,80;1,40;0,30;
2026-08-03 21:33:00.0;OFF;ON;100;-3,40;-3,40;1,60;14,40;97;108,30;5;5;77,20;1,40;0,30;
2026-08-03 21:34:00.0;OFF;ON;100;-3,40;-3,40;1,60;14,30;97;108,30;4,90;5;77,30;1,40;0,30;
2026-08-03 21:35:00.0;OFF;ON;100;-3,40;-3,50;1,50;14,30;96,90;108,30;4,90;5;77,30;1,40;0,30;
2026-08-03 21:36:00.0;OFF;ON;100;-3,50;-3,50;1,50;14,30;96,90;108,30;5;5;76,80;1,30;0,20;
2026-08-03 21:37:00.0;OFF;ON;100;-3,30;-3,50;1,50;14,30;96,80;108,30;4,70;5;78,20;1,30;0,20;
2026-08-03 21:38:00.0;OFF;ON;100;-3,40;-3,50;1,50;14,20;96,90;108,30;4,90;5;78,10;1,30;0,20;
2026-08-03 21:39:00.0;OFF;ON;100;-3,50;-3,50;1,50;14,20;96,90;108,30;5;5;77,90;1,30;0,20;
2026-08-03 21:40:00.0;OFF;ON;100;-3,40;-3,50;1,50;14,20;96,90;108,30;4,90;5;78,30;1,30;0,20;
2026-08-03 21:41:00.0;OFF;ON;100;-3,10;-3,50;1,50;14,10;96,90;108,30;4,50;5;80;1,30;0,20;
2026-08-03 21:42:00.0;OFF;ON;100;-3,30;-3,50;1,50;14,10;97;108,30;4,80;5;79,40;1,30;0,20;
2026-08-03 21:43:00.0;OFF;ON;100;-3,30;-3,60;1,40;14,10;96,90;108,30;4,80;5;79,80;1,30;0,10;
2026-08-03 21:44:00.0;OFF;ON;100;-3,40;-3,60;1,40;14;97;108,30;4,80;5;79,80;1,20;0,10;
2026-08-03 21:45:00.0;OFF;ON;100;-3,40;-3,60;1,40;14;96,90;108,30;4,90;5;79,70;1,20;0,10;
2026-08-03 21:46:00.0;OFF;ON;100;-3,10;-3,60;1,40;14;96,80;108,30;4,50;5;81,60;1,20;0,10;
2026-08-03 21:47:00.0;OFF;ON;100;-3,30;-3,60;1,40;14;96,80;108,30;4,70;5;81,20;1,20;0,10;
2026-08-03 21:48:00.0;OFF;ON;100;-3,30;-3,60;1,40;13,90;96,80;108,30;4,60;5;81,70;1,20;0,10;
2026-08-03 21:49:00.0;OFF;ON;100;-3,30;-3,60;1,40;13,90;96,80;108,30;4,60;5;82,10;1,20;0;
2026-08-03 21:50:00.0;OFF;ON;100;-3,30;-3,70;1,30;13,90;96,80;108,30;4,70;5;82,50;1,20;0;
2026-08-03 21:51:00.0;OFF;ON;100;-3,50;-3,70;1,30;13,80;96,80;108,30;4,80;5;82,30;1,10;0;
2026-08-03 21:52:00.0;OFF;ON;100;-3,30;-3,70;1,30;13,80;96,70;108,30;4,60;5;83,20;1,10;0;
2026-08-03 21:53:00.0;OFF;ON;100;-3,40;-3,70;1,30;13,80;96,80;108,30;4,70;5;83,30;1,10;-0,10;
2026-08-03 21:54:00.0;OFF;ON;100;-3,40;-3,70;1,30;13,70;96,80;108,30;4,70;5;84;1,10;-0,10;
2026-08-03 21:55:00.0;OFF;ON;100;-3,30;-3,70;1,30;13,70;96,80;108,30;4,60;5;84,80;1,10;-0,10;
2026-08-03 21:56:00.0;OFF;ON;100;-3,40;-3,80;1,20;13,70;96,80;108,30;4,70;5;85;1,10;-0,10;
2026-08-03 21:57:00.0;OFF;ON;100;-3,40;-3,80;1,20;13,70;96,80;108,30;4,60;5;85,70;1;-0,10;
2026-08-03 21:58:00.0;OFF;ON;100;-3,40;-3,80;1,20;13,60;96,80;108,30;4,60;5;86,40;1;-0,10;
2026-08-03 21:59:00.0;OFF;ON;100;-3,40;-3,80;1,20;13,60;96,70;108,30;4,50;5;86,90;1;-0,10;
2026-08-03 22:00:00.0;OFF;ON;100;-3,40;-3,80;1,20;13,60;96,80;108,30;4,50;5;87,80;1;-0,20;
2026-08-03 22:01:00.0;OFF;ON;100;-3,30;-3,90;1,10;13,50;96,80;108,30;4,50;5;88,50;1;-0,20;
2026-08-03 22:02:00.0;OFF;ON;100;-3,30;-3,90;1,10;13,50;96,70;108,30;4,40;5;89,40;0,90;-0,20;
2026-08-03 22:03:00.0;OFF;ON;100;-3,30;-3,90;1,10;13,50;96,60;108,30;4,40;5;90,50;0,90;-0,20;
2026-08-03 22:04:00.0;OFF;ON;100;-3,30;-3,90;1,10;13,40;96,60;108,30;4,40;5;91,20;0,90;-0,20;
2026-08-03 22:05:00.0;OFF;ON;100;-3,20;-3,90;1,10;13,40;96,60;108,30;4,20;5;92,90;0,90;-0,30;
2026-08-03 22:06:00.0;OFF;ON;100;-3,30;-4;1;13,40;96,60;108,30;4,30;5;93,40;0,90;-0,30;
2026-08-03 22:07:00.0;OFF;ON;100;-3,20;-4;1;13,40;96,50;108,30;4,20;5;94,50;0,80;-0,30;
2026-08-03 22:08:00.0;OFF;ON;100;-3,20;-4;1;13,30;96,50;108,30;4,20;5;95,50;0,80;-0,30;
2026-08-03 22:09:00.0;OFF;ON;100;-3,10;-4;1;13,30;96,50;108,30;4,10;5;97;0,80;-0,30;
2026-08-03 22:10:00.0;OFF;ON;100;-3,10;-4;1;13,30;96,60;108,30;4,10;5;97,90;0,80;-0,30;
2026-08-03 22:11:00.0;OFF;ON;100;-3,10;-4;0,90;13,20;96,50;108,30;4,10;5;98,90;0,70;-0,40;
2026-08-03 22:12:00.0;OFF;ON;100;-3,20;-4;0,90;13,20;96,60;108,30;4,10;5;99,60;0,70;-0,40;
2026-08-03 22:13:00.0;OFF;ON;100;-3,20;-4;0,90;13,20;96,60;108,30;4,10;5;99,60;0,70;-0,40;
2026-08-03 22:14:00.0;OFF;ON;100;-3,20;-4;0,90;13,20;96,50;108,30;4,10;5;99,70;0,70;-0,40;
2026-08-03 22:15:00.0;OFF;ON;100;-3,20;-4;0,90;13,10;96,50;108,30;4;5;100;0,70;-0,40;
2026-08-03 22:16:00.0;OFF;ON;100;-3,30;-4;0,90;13,10;96,50;108,30;4,10;5;99,60;0,70;-0,40;
2026-08-03 22:17:00.0;OFF;ON;100;-3,20;-4;0,80;13,10;96,50;108,30;4,10;5;99,70;0,60;-0,40;
2026-08-03 22:18:00.0;OFF;ON;100;-3,20;-4;0,80;13;96,40;108,30;4;5;100;0,60;-0,40;
2026-08-03 22:19:00.0;OFF;ON;100;-3,30;-4;0,80;13;96,40;108,30;4,10;5;99,70;0,60;-0,50;
2026-08-03 22:20:00.0;OFF;ON;100;-3,20;-4;0,80;13;96,30;108,30;4;5;100;0,60;-0,50;
2026-08-03 22:21:00.0;OFF;ON;100;-3,30;-4;0,80;13;96,40;108,30;4,10;5;99,60;0,60;-0,50;
2026-08-03 22:22:00.0;OFF;ON;100;-3,30;-4;0,70;12,90;96,40;108,30;4,10;5;99,70;0,60;-0,50;
2026-08-03 22:23:00.0;OFF;ON;100;-3,30;-4;0,70;12,90;96,40;108,30;4,10;5;99,60;0,60;-0,50;
2026-08-03 22:24:00.0;OFF;ON;100;-3,40;-4;0,70;12,90;96,40;108,30;4,10;5;99,60;0,60;-0,50;
2026-08-03 22:25:00.0;OFF;ON;100;-3,30;-4;0,70;12,80;96,40;108,30;4;5;100;0,50;-0,50;
2026-08-03 22:26:00.0;OFF;ON;100;-3,30;-4;0,70;12,80;96,40;108,20;4;5;100;0,60;-0,60;
2026-08-03 22:27:00.0;OFF;ON;100;-3,40;-4;0,70;12,80;96,40;108,20;4;5;99,60;0,50;-0,60;
2026-08-03 22:28:00.0;OFF;ON;100;-3,30;-4;0,70;12,70;96,40;108,20;3,90;5;100;0,50;-0,60;
2026-08-03 22:29:00.0;OFF;ON;100;-3,40;-4;0,60;12,70;96,40;108,20;4;5;99,60;0,50;-0,60;
2026-08-03 22:30:00.0;OFF;ON;100;-3,30;-4;0,60;12,70;96,40;108,20;3,90;5;100;0,50;-0,60;
2026-08-03 22:31:00.0;OFF;ON;100;-3,40;-4;0,60;12,60;96,30;108,20;4;5;99,60;0,40;-0,60;
2026-08-03 22:32:00.0;OFF;ON;100;-3,40;-4;0,60;12,60;96,40;108,20;4;5;99,60;0,40;-0,60;
2026-08-03 22:33:00.0;OFF;ON;100;-3,30;-4;0,60;12,60;96,40;108,20;3,90;5;100;0,40;-0,60;
2026-08-03 22:34:00.0;OFF;ON;100;-3,40;-4;0,60;12,60;96,40;108,20;3,90;5;100;0,40;-0,70;
2026-08-03 22:35:00.0;OFF;ON;100;-3,40;-4;0,60;12,50;96,40;108,20;3,90;5;100;0,40;-0,70;
2026-08-03 22:36:00.0;OFF;ON;100;-3,40;-4;0,50;12,50;96,40;108,20;3,90;5;100;0,40;-0,70;
2026-08-03 22:37:00.0;OFF;ON;100;-3,40;-4;0,50;12,50;96,40;108,20;3,90;5;100;0,40;-0,70;
2026-08-03 22:38:00.0;OFF;ON;100;-3,50;-4;0,50;12,40;96,40;108,20;4;5;99,60;0,40;-0,70;
2026-08-03 22:39:00.0;OFF;ON;100;-3,40;-4;0,50;12,40;96,40;108,20;3,90;5;99,70;0,30;-0,70;
2026-08-03 22:40:00.0;OFF;ON;100;-3,40;-4;0,50;12,40;96,30;108,20;3,90;5;100;0,30;-0,70;
2026-08-03 22:41:00.0;OFF;ON;100;-3,40;-4;0,50;12,40;96,30;108,20;3,90;5;100;0,30;-0,70;
2026-08-03 22:42:00.0;OFF;ON;100;-3,40;-4;0,50;12,30;96,30;108,20;3,90;5;100;0,30;-0,70;
2026-08-03 22:43:00.0;OFF;ON;100;-3,50;-4;0,40;12,30;96,30;108,20;3,90;5;99,60;0,30;-0,70;
2026-08-03 22:44:00.0;OFF;ON;100;-3,50;-4;0,40;12,30;96,40;108,20;3,90;5;99,60;0,30;-0,70;
2026-08-03 22:45:00.0;OFF;ON;100;-3,40;-4;0,40;12,20;96,40;108,20;3,80;5;100;0,30;-0,70;
2026-08-03 22:46:00.0;OFF;ON;100;-3,50;-4;0,40;12,20;96,40;108,20;3,90;5;99,80;0,20;-0,80;
2026-08-03 22:47:00.0;OFF;ON;100;-3,40;-4;0,40;12,20;96,40;108,20;3,80;5;100;0,20;-0,80;
2026-08-03 22:48:00.0;OFF;ON;100;-3,40;-4;0,40;12,20;96,40;108,20;3,80;5;100;0,20;-0,80;
2026-08-03 22:49:00.0;OFF;ON;100;-3,40;-4;0,40;12,10;96,30;108,20;3,80;5;100;0,20;-0,80;
2026-08-03 22:50:00.0;OFF;ON;100;-3,40;-4;0,40;12,10;96,30;108,20;3,80;5;100;0,20;-0,80;
2026-08-03 22:51:00.0;OFF;ON;100;-3,40;-4;0,40;12,10;96,30;108,20;3,80;5;100;0,20;-0,80;
2026-08-03 22:52:00.0;OFF;ON;100;-3,40;-4;0,40;12;96,30;108,20;3,80;5;100;0,20;-0,80;
2026-08-03 22:53:00.0;OFF;ON;100;-3,40;-4;0,30;12;96,30;108,20;3,70;5;100;0,20;-0,80;
2026-08-03 22:54:00.0;OFF;ON;100;-3,50;-4;0,30;12;96,30;108,20;3,80;5;99,60;0,10;-0,80;
2026-08-03 22:55:00.0;OFF;ON;100;-3,40;-4;0,30;12;96,40;108,20;3,70;5;100;0,10;-0,80;
2026-08-03 22:56:00.0;OFF;ON;100;-3,50;-4;0,30;11,90;96,30;108,20;3,80;5;99,70;0,10;-0,80;
2026-08-03 22:57:00.0;OFF;ON;100;-3,50;-4;0,30;11,90;96,30;108,20;3,80;5;99,60;0,10;-0,80;
2026-08-03 22:58:00.0;OFF;ON;100;-3,40;-4;0,30;11,90;96,30;108,20;3,70;5;100;0,10;-0,80;
2026-08-03 22:59:00.0;OFF;ON;100;-3,40;-4;0,30;11,80;96,30;108,20;3,70;5;100;0,10;-0,80;
2026-08-03 23:00:00.0;OFF;ON;100;-3,50;-4;0,30;11,80;96,30;108,20;3,80;5;99,60;0,10;-0,80;
2026-08-03 23:01:00.0;OFF;ON;100;-3,40;-4;0,30;11,80;96,30;108,20;3,70;5;100;0,10;-0,80;
2026-08-03 23:02:00.0;OFF;ON;100;-3,40;-4;0,20;11,80;96,30;108,20;3,60;5;100;0,10;-0,90;
2026-08-03 23:03:00.0;OFF;ON;100;-3,50;-4;0,20;11,70;96,30;108,20;3,70;5;99,50;0,10;-0,90;
2026-08-03 23:04:00.0;OFF;ON;100;-3,40;-4;0,20;11,70;96,30;108,20;3,60;5;100;0,10;-0,90;
2026-08-03 23:05:00.0;OFF;ON;100;-3,40;-4;0,20;11,70;96,30;108,20;3,60;5;100;0,10;-0,90;
2026-08-03 23:06:00.0;OFF;ON;100;-3,40;-4;0,20;11,60;96,30;108,20;3,60;5;100;0;-0,90;
2026-08-03 23:07:00.0;OFF;ON;100;-3,50;-4;0,20;11,60;96,30;108,20;3,70;5;99,60;0;-0,90;
2026-08-03 23:08:00.0;OFF;ON;100;-3,40;-4;0,20;11,60;96,30;108,20;3,60;5;100;0;-0,90;
2026-08-03 23:09:00.0;OFF;ON;100;-3,50;-4;0,20;11,50;96,30;108,20;3,60;5;99,70;0;-0,90;
2026-08-03 23:10:00.0;OFF;ON;100;-3,50;-4;0,20;11,50;96,30;108,20;3,60;5;99,70;0;-0,90;
2026-08-03 23:11:00.0;OFF;ON;100;-3,50;-4;0,20;11,50;96,30;108,20;3,60;5;99,60;0;-0,90;
2026-08-03 23:12:00.0;OFF;ON;100;-3,40;-4;0,20;11,50;96,30;108,20;3,50;5;100;0;-0,90;
2026-08-03 23:13:00.0;OFF;ON;100;-3,40;-4;0,10;11,40;96,30;108,20;3,60;5;99,80;0;-0,90;
2026-08-03 23:14:00.0;OFF;ON;100;-3,40;-4;0,10;11,40;96,30;108,20;3,50;5;100;0;-0,90;
2026-08-03 23:15:00.0;OFF;ON;100;-3,40;-4;0,10;11,40;96,30;108,20;3,50;5;100;-0,10;-0,90;
2026-08-03 23:16:00.0;OFF;ON;100;-3,40;-4;0,10;11,30;96,30;108,20;3,50;5;100;0;-0,90;
2026-08-03 23:17:00.0;OFF;ON;100;-3,50;-4;0,10;11,30;96,30;108,20;3,60;5;99,70;-0,10;-0,90;
2026-08-03 23:18:00.0;OFF;ON;100;-3,40;-4;0,10;11,30;96,30;108,20;3,50;5;100;-0,10;-0,90;
2026-08-03 23:19:00.0;OFF;ON;100;-3,40;-4;0,10;11,30;96,30;108,20;3,50;5;99,70;-0,10;-0,90;
2026-08-03 23:20:00.0;OFF;ON;100;-3,50;-4;0,10;11,20;96,30;108,20;3,50;5;99,70;-0,10;-0,90;
2026-08-03 23:21:00.0;OFF;ON;100;-3,40;-4;0,10;11,20;96,30;108,20;3,50;5;100;-0,10;-0,90;
2026-08-03 23:22:00.0;OFF;ON;100;-3,50;-4;0,10;11,20;96,30;108,20;3,50;5;99,60;-0,10;-0,90;
2026-08-03 23:23:00.0;OFF;ON;100;-3,50;-4;0,10;11,20;96,30;108,20;3,50;5;99,60;-0,10;-0,90;
2026-08-03 23:24:00.0;OFF;ON;100;-3,40;-4;0,10;11,10;96,30;108,20;3,50;5;100;-0,10;-0,90;
2026-08-03 23:25:00.0;OFF;ON;100;-3,40;-4;0,10;11,10;96,30;108,20;3,40;5;100;-0,10;-0,90;
2026-08-03 23:26:00.0;OFF;ON;100;-3,40;-4;0,10;11,10;96,30;108,20;3,50;5;99,90;-0,10;-0,90;
2026-08-03 23:27:00.0;OFF;ON;100;-3,40;-4;0;11;96,30;108,20;3,40;5;100;-0,10;-0,90;
2026-08-03 23:28:00.0;OFF;ON;100;-3,40;-4;0;11;96,20;108,20;3,40;5;100;-0,10;-0,90;
2026-08-03 23:29:00.0;OFF;ON;100;-3,40;-4;0;11;96,20;108,20;3,40;5;100;-0,10;-0,90;
2026-08-03 23:30:00.0;OFF;ON;100;-3,30;-4;0;11;96,30;108,20;3,40;5;100;-0,10;-0,90;
2026-08-03 23:31:00.0;OFF;ON;100;-3,40;-4;0;10,90;96,30;108,20;3,40;5;100;-0,10;-0,90;
2026-08-03 23:32:00.0;OFF;ON;100;-3,40;-4;0;10,90;96,20;108,20;3,40;5;100;-0,10;-0,90;
2026-08-03 23:33:00.0;OFF;ON;100;-3,50;-4;0;10,90;96,20;108,20;3,40;5;99,60;-0,10;-1;
2026-08-03 23:34:00.0;OFF;ON;100;-3,40;-4;0;10,80;96,30;108,20;3,40;5;99,60;-0,10;-1;
2026-08-03 23:35:00.0;OFF;ON;100;-3,40;-4;0;10,80;96,30;108,20;3,30;5;100;-0,20;-1;
2026-08-03 23:36:00.0;OFF;ON;100;-3,50;-4;0;10,80;96,30;108,20;3,40;5;99,60;-0,20;-1;
2026-08-03 23:37:00.0;OFF;ON;100;-3,30;-4;0;10,70;96,30;108,20;3,30;5;100;-0,20;-1;
2026-08-03 23:38:00.0;OFF;ON;100;-3,40;-4;0;10,70;96,30;108,20;3,40;5;99,50;-0,20;-1;
2026-08-03 23:39:00.0;OFF;ON;100;-3,40;-4;0;10,70;96,30;108,20;3,30;5;100;-0,20;-1;
2026-08-03 23:40:00.0;OFF;ON;100;-3,40;-4;0;10,70;96,30;108,20;3,30;5;100;-0,20;-1;
2026-08-03 23:41:00.0;OFF;ON;100;-3,40;-4;-0,10;10,60;96,30;108,20;3,30;5;100;-0,20;-1;
2026-08-03 23:42:00.0;OFF;ON;100;-3,50;-4;-0,10;10,60;96,30;108,20;3,40;5;99,60;-0,20;-1;
2026-08-03 23:43:00.0;OFF;ON;100;-3,30;-4;-0,10;10,60;96,20;108,20;3,30;5;100;-0,20;-1;
2026-08-03 23:44:00.0;OFF;ON;100;-3,40;-4;-0,10;10,60;96,30;108,20;3,40;5;99,60;-0,20;-1;
2026-08-03 23:45:00.0;OFF;ON;100;-3,30;-4;-0,10;10,50;96,30;108,20;3,30;5;100;-0,20;-1;
2026-08-03 23:46:00.0;OFF;ON;100;-3,40;-4;-0,10;10,50;96,30;108,20;3,30;5;100;-0,20;-1;
2026-08-03 23:47:00.0;OFF;ON;100;-3,40;-4;-0,10;10,50;96,30;108,20;3,30;5;99,60;-0,20;-1;
2026-08-03 23:48:00.0;OFF;ON;100;-3,30;-4;-0,10;10,40;96,30;108,20;3,20;5;100;-0,20;-1;
2026-08-03 23:49:00.0;OFF;ON;100;-3,30;-4;-0,10;10,40;96,20;108,20;3,20;5;100;-0,20;-1;
2026-08-03 23:50:00.0;OFF;ON;100;-3,40;-4;-0,10;10,40;96,20;108,20;3,30;5;99,70;-0,20;-1;
2026-08-03 23:51:00.0;OFF;ON;100;-3,40;-4;-0,10;10,30;96,20;108,20;3,30;5;99,60;-0,30;-1;
2026-08-03 23:52:00.0;OFF;ON;100;-3,40;-4;-0,10;10,30;96,10;108,20;3,20;5;99,90;-0,30;-1;
2026-08-03 23:53:00.0;OFF;ON;100;-3,40;-4;-0,10;10,30;96,20;108,20;3,30;5;99,70;-0,30;-1;
2026-08-03 23:54:00.0;OFF;ON;100;-3,40;-4;-0,20;10,30;96,20;108,20;3,20;5;99,80;-0,30;-1;
2026-08-03 23:55:00.0;OFF;ON;100;-3,40;-4;-0,10;10,20;96,20;108,20;3,20;5;100;-0,30;-1;
2026-08-03 23:56:00.0;OFF;ON;100;-3,40;-4;-0,20;10,20;96,20;108,20;3,30;5;99,70;-0,30;-1;
2026-08-03 23:57:00.0;OFF;ON;100;-3,40;-4;-0,20;10,20;96,20;108,20;3,20;5;100;-0,30;-1;
2026-08-03 23:58:00.0;OFF;ON;100;-3,40;-4;-0,20;10,20;96,20;107,50;3,20;5;100;-0,30;-1;
2026-08-03 23:59:00.0;OFF;ON;100;-3,40;-4;-0,20;10,10;96,10;108,10;3,30;5;99,60;-0,30;-1;
