CamCarcacas2;
2026-06-03 00:00;2026-06-04 00:00;
12144 Frigorífico Thoms;
ayron.costa;
" ";CPCO 51 - Câmara de carcaças - Controle de temperatura 1;CPCO 51 - Câmara de carcaças - Controle de temperatura 1;CPCO 51 - Câmara de carcaças - Controle de temperatura 1;CPCO 51 - Câmara de carcaças - Controle de temperatura 1;CPCO 51 - Câmara de carcaças - Controle de temperatura 1;CPCO 51 - Câmara de carcaças - Controle de temperatura 1;CPCO 52 - Câmara de carcaças - Controle de temperatura 2;CPCO 52 - Câmara de carcaças - Controle de temperatura 2;CPCO 53 - Balança;CPCO 51 - Câmara de carcaças - Controle de temperatura 1;CPCO 51 - Câmara de carcaças - Controle de temperatura 1;CPCO 51 - Câmara de carcaças - Controle de temperatura 1;CPCO 51 - Câmara de carcaças - Controle de temperatura 1;CPCO 54 - Câmara de carcaças - Controle de temperatura 3;
" ";Carregamento;Resfriamento;Saida Y1 - Ventiladores EC;Temp entrada glicol;Temp ref;Temp retorno ar;Temperatuda espeto;Umidade relativa da camara;Peso atual;DT Atual;DT ref;Cap Atual Valvula;Temp retorno ar M1A08;Temp Insuf de ar M1A08;" ";
2026-06-03 00:00:00.0;OFF;ON;100;-3,60;-4;-0,10;10,40;94,10;121,90;3,40;9,50;99,30;-0,30;-0,90;
2026-06-03 00:01:00.0;OFF;ON;100;-3,50;-4;-0,10;10,40;94,10;121,90;3,40;9,50;99,30;-0,30;-0,90;
2026-06-03 00:02:00.0;OFF;ON;100;-3,40;-4;-0,10;10,40;94,10;121,90;3,30;9,50;100;-0,30;-0,90;
2026-06-03 00:03:00.0;OFF;ON;100;-3,50;-4;-0,10;10,40;94,20;121,90;3,40;9,50;99,30;-0,40;-0,90;
2026-06-03 00:04:00.0;OFF;ON;100;-3,50;-4;-0,10;10,30;94,10;121,90;3,40;9,50;99,60;-0,40;-0,90;
2026-06-03 00:05:00.0;OFF;ON;100;-3,70;-4;-0,10;10,30;94,20;121,90;3,50;9,50;98,80;-0,40;-0,90;
2026-06-03 00:06:00.0;OFF;ON;100;-3,50;-4;-0,10;10,30;94,10;121,90;3,30;9,50;99,60;-0,40;-0,90;
2026-06-03 00:07:00.0;OFF;ON;100;-3,60;-4;-0,20;10,20;94,20;121,90;3,40;9,50;98,80;-0,40;-0,90;
2026-06-03 00:08:00.0;OFF;ON;100;-3,60;-4;-0,20;10,20;94,20;121,90;3,40;9,50;99;-0,40;-0,90;
2026-06-03 00:09:00.0;OFF;ON;100;-3,60;-4;-0,20;10,20;94,10;121,90;3,40;9,50;99,20;-0,40;-0,90;
2026-06-03 00:10:00.0;OFF;ON;100;-3,40;-4;-0,20;10,10;94,30;121,90;3,30;9,50;99,70;-0,40;-0,90;
2026-06-03 00:11:00.0;OFF;ON;100;-3,70;-4;-0,20;10,10;94,20;121,90;3,50;9,50;99;-0,40;-0,90;
2026-06-03 00:12:00.0;OFF;ON;100;-3,50;-4;-0,20;10,10;94,30;121,90;3,40;9,50;99,20;-0,40;-0,90;
2026-06-03 00:13:00.0;OFF;ON;100;-3,60;-4;-0,20;10,10;94,30;121,90;3,40;9,50;99,20;-0,40;-0,90;
2026-06-03 00:14:00.0;OFF;ON;100;-3,50;-4;-0,20;10;94,30;121,90;3,30;9,50;99,50;-0,40;-0,90;
2026-06-03 00:15:00.0;OFF;ON;100;-3,70;-4;-0,20;10;94,20;121,90;3,40;9,50;98,80;-0,40;-0,90;
2026-06-03 00:16:00.0;OFF;ON;100;-3,50;-4;-0,20;10;94,10;121,90;3,30;9,50;99,60;-0,40;-0,90;
2026-06-03 00:17:00.0;OFF;ON;100;-3,60;-4;-0,20;10;94,10;121,90;3,30;9,50;99,30;-0,40;-0,90;
2026-06-03 00:18:00.0;OFF;ON;100;-3,60;-4;-0,20;9,90;94,20;121,90;3,40;9,50;98,70;-0,40;-0,90;
2026-06-03 00:19:00.0;OFF;ON;100;-3,60;-4;-0,20;9,90;94,30;121,90;3,30;9,50;99,20;-0,40;-0,90;
2026-06-03 00:20:00.0;OFF;ON;100;-3,60;-4;-0,20;9,90;94,20;121,90;3,40;9,50;99;-0,50;-0,90;
2026-06-03 00:21:00.0;OFF;ON;100;-3,50;-4;-0,20;9,90;94,10;121,90;3,30;9,50;99,40;-0,50;-0,90;
2026-06-03 00:22:00.0;OFF;ON;100;-3,50;-4;-0,20;9,80;94,10;121,90;3,30;9,50;99,30;-0,50;-0,90;
2026-06-03 00:23:00.0;OFF;ON;100;-3,50;-4;-0,20;9,80;94,10;121,90;3,20;9,50;99,50;-0,50;-0,90;
2026-06-03 00:24:00.0;OFF;ON;100;-3,70;-4;-0,30;9,80;94,10;121,90;3,40;9,50;98,80;-0,50;-0,90;
2026-06-03 00:25:00.0;OFF;ON;100;-3,30;-4;-0,30;9,80;94,10;121,90;3,10;9,50;100;-0,50;-0,90;
2026-06-03 00:26:00.0;OFF;ON;100;-3,60;-4;-0,30;9,80;94,10;121,90;3,30;9,50;99;-0,50;-0,90;
2026-06-03 00:27:00.0;OFF;ON;100;-3,50;-4;-0,30;9,70;94,20;121,90;3,20;9,50;99,70;-0,50;-0,90;
2026-06-03 00:28:00.0;OFF;ON;100;-3,50;-4;-0,30;9,70;94,20;121,90;3,30;9,50;99,30;-0,50;-0,90;
2026-06-03 00:29:00.0;OFF;ON;100;-3,50;-4;-0,30;9,70;94,20;121,90;3,20;9,50;99,70;-0,50;-0,90;
2026-06-03 00:30:00.0;OFF;ON;100;-3,50;-4;-0,30;9,70;94,10;121,90;3,20;9,50;99,40;-0,50;-0,90;
2026-06-03 00:31:00.0;OFF;ON;100;-3,40;-4;-0,30;9,60;94,10;121,90;3,10;9,50;99,70;-0,50;-0,90;
2026-06-03 00:32:00.0;OFF;ON;100;-3,50;-4;-0,30;9,60;94,20;121,90;3,20;9,50;99,40;-0,50;-0,90;
2026-06-03 00:33:00.0;OFF;ON;100;-3,60;-4;-0,30;9,60;94,10;121,90;3,20;9,50;99,30;-0,50;-0,90;
2026-06-03 00:34:00.0;OFF;ON;100;-3,50;-4;-0,30;9,60;94,10;121,90;3,20;9,50;99,40;-0,50;-0,90;
2026-06-03 00:35:00.0;OFF;ON;100;-3,50;-4;-0,30;9,50;94,10;121,90;3,20;9,50;99,40;-0,50;-1;
2026-06-03 00:36:00.0;OFF;ON;100;-3,60;-4;-0,30;9,50;94,10;121,90;3,30;9,50;99,10;-0,50;-1;
2026-06-03 00:37:00.0;OFF;ON;100;-3,40;-4;-0,30;9,50;94,10;121,90;3,10;9,50;100;-0,50;-1;
2026-06-03 00:38:00.0;OFF;ON;100;-3,60;-4;-0,30;9,50;94;121,90;3,30;9,50;99;-0,50;-1;
2026-06-03 00:39:00.0;OFF;ON;100;-3,50;-4;-0,30;9,50;94,10;121,90;3,20;9,50;99,50;-0,60;-1;
2026-06-03 00:40:00.0;OFF;ON;100;-3,60;-4;-0,30;9,40;94,10;121,90;3,30;9,50;99;-0,50;-1;
2026-06-03 00:41:00.0;OFF;ON;100;-3,40;-4;-0,30;9,40;94,10;121,90;3,10;9,50;100;-0,50;-1;
2026-06-03 00:42:00.0;OFF;ON;100;-3,40;-4;-0,40;9,40;94,10;121,90;3,10;9,50;100;-0,60;-1;
2026-06-03 00:43:00.0;OFF;ON;100;-3,40;-4;-0,40;9,40;94,10;121,90;3;9,50;100;-0,60;-1;
2026-06-03 00:44:00.0;OFF;ON;100;-3,50;-4;-0,40;9,30;94,10;121,90;3,10;9,50;99,70;-0,60;-1;
2026-06-03 00:45:00.0;OFF;ON;100;-3,50;-4;-0,40;9,30;94,10;121,90;3,20;9,50;99,20;-0,60;-1;
2026-06-03 00:46:00.0;OFF;ON;100;-3,50;-4;-0,40;9,30;94,10;121,90;3,20;9,50;99,30;-0,60;-1;
2026-06-03 00:47:00.0;OFF;ON;100;-3,50;-4;-0,40;9,30;94,10;121,90;3,20;9,50;99,30;-0,60;-1;
2026-06-03 00:48:00.0;OFF;ON;100;-3,50;-4;-0,40;9,20;94,20;121,90;3,10;9,50;99,50;-0,60;-1;
2026-06-03 00:49:00.0;OFF;ON;100;-3,50;-4;-0,40;9,20;94,20;121,90;3,10;9,50;99,50;-0,60;-1;
2026-06-03 00:50:00.0;OFF;ON;100;-3,50;-4;-0,40;9,20;94,20;121,90;3,10;9,50;99,50;-0,60;-1;
2026-06-03 00:51:00.0;OFF;ON;100;-3,50;-4;-0,40;9,20;94,10;121,90;3,10;9,50;99,60;-0,60;-1;
2026-06-03 00:52:00.0;OFF;ON;100;-3,50;-4;-0,40;9,10;94,20;121,90;3,10;9,50;99,70;-0,60;-1;
2026-06-03 00:53:00.0;OFF;ON;100;-3,50;-4;-0,40;9,10;94,20;121,90;3,10;9,50;99,60;-0,60;-1;
2026-06-03 00:54:00.0;OFF;ON;100;-3,60;-4;-0,40;9,10;94,10;121,90;3,20;9,50;99,20;-0,60;-1;
2026-06-03 00:55:00.0;OFF;ON;100;-3,50;-4;-0,40;9,10;94,10;121,90;3,10;9,50;99,60;-0,60;-1;
2026-06-03 00:56:00.0;OFF;ON;100;-3,50;-4;-0,40;9;94,10;121,90;3,10;9,50;99,60;-0,60;-1;
2026-06-03 00:57:00.0;OFF;ON;100;-3,50;-4;-0,40;9;94,10;121,90;3,10;9,50;99,80;-0,60;-1;
2026-06-03 00:58:00.0;OFF;ON;100;-3,60;-4;-0,40;9;94,10;121,90;3,20;9,50;99,40;-0,60;-1;
2026-06-03 00:59:00.0;OFF;ON;100;-3,50;-4;-0,40;9;94,10;121,90;3,10;9,50;99,50;-0,60;-1;
2026-06-03 01:00:00.0;OFF;ON;100;-3,50;-4;-0,40;9;94,10;121,90;3,10;9,50;99,60;-0,60;-1;
2026-06-03 01:01:00.0;OFF;ON;100;-3,50;-4;-0,40;8,90;94,10;121,90;3,10;9,50;99,70;-0,70;-1;
2026-06-03 01:02:00.0;OFF;ON;100;-3,60;-4;-0,40;8,90;94,20;121,90;3,10;9,50;99,50;-0,60;-1;
2026-06-03 01:03:00.0;OFF;ON;100;-3,50;-4;-0,40;8,90;94,10;121,90;3,10;9,50;100;-0,70;-1;
2026-06-03 01:04:00.0;OFF;ON;100;-3,50;-4;-0,40;8,80;94,10;121,90;3,10;9,50;99,70;-0,70;-1;
2026-06-03 01:05:00.0;OFF;ON;100;-3,60;-4;-0,40;8,80;94,10;121,90;3,10;9,50;99,60;-0,70;-1;
2026-06-03 01:06:00.0;OFF;ON;100;-3,40;-4;-0,40;8,80;94,10;121,90;3;9,50;100;-0,70;-1;
2026-06-03 01:07:00.0;OFF;ON;100;-3,60;-4;-0,40;8,80;94,10;121,90;3,10;9,50;99,40;-0,70;-1;
2026-06-03 01:08:00.0;OFF;ON;100;-3,50;-4;-0,40;8,80;94,10;121,90;3;9,50;100;-0,70;-1;
2026-06-03 01:09:00.0;OFF;ON;100;-3,60;-4;-0,40;8,70;94,10;121,90;3,20;9,50;99,40;-0,70;-1;
2026-06-03 01:10:00.0;OFF;ON;100;-3,40;-4;-0,40;8,70;94,10;121,90;3;9,50;100;-0,70;-1;
2026-06-03 01:11:00.0;OFF;ON;100;-3,50;-4;-0,40;8,70;94,10;121,90;3,10;9,50;99,80;-0,70;-1;
2026-06-03 01:12:00.0;OFF;ON;100;-3,50;-4;-0,40;8,70;94,10;121,90;3,10;9,50;99,80;-0,70;-1;
2026-06-03 01:13:00.0;OFF;ON;100;-3,60;-4;-0,40;8,60;94,10;121,90;3,20;9,50;99,30;-0,70;-1,10;
2026-06-03 01:14:00.0;OFF;ON;100;-3,50;-4;-0,40;8,60;94;121,90;3,10;9,50;99,60;-0,70;-1,10;
2026-06-03 01:15:00.0;OFF;ON;100;-3,50;-4;-0,40;8,60;94;121,90;3,10;9,50;99,60;-0,70;-1,10;
2026-06-03 01:16:00.0;OFF;ON;100;-3,50;-4;-0,40;8,60;94,10;121,90;3,10;9,50;99,80;-0,70;-1,10;
2026-06-03 01:17:00.0;OFF;ON;100;-3,40;-4;-0,40;8,50;94,10;121,90;3;9,50;99,70;-0,70;-1,10;
2026-06-03 01:18:00.0;OFF;ON;100;-3,60;-4;-0,40;8,50;94;121,90;3,10;9,50;99,10;-0,70;-1,10;
2026-06-03 01:19:00.0;OFF;ON;100;-3,50;-4;-0,40;8,50;94;121,90;3,10;9,50;99,50;-0,70;-1,10;
2026-06-03 01:20:00.0;OFF;ON;100;-3,50;-4;-0,40;8,50;94,10;121,90;3,10;9,50;99,40;-0,70;-1,10;
2026-06-03 01:21:00.0;OFF;ON;100;-3,50;-4;-0,40;8,50;94,10;121,90;3,10;9,50;99,80;-0,70;-1,10;
2026-06-03 01:22:00.0;OFF;ON;100;-3,60;-4;-0,40;8,40;94;121,90;3,10;9,50;99,30;-0,70;-1,10;
2026-06-03 01:23:00.0;OFF;ON;100;-3,60;-4;-0,50;8,40;94,10;121,90;3,10;9,50;99,20;-0,70;-1,10;
2026-06-03 01:24:00.0;OFF;ON;100;-3,60;-4;-0,50;8,40;94,10;121,90;3,10;9,50;99,30;-0,70;-1,10;
2026-06-03 01:25:00.0;OFF;ON;100;-3,50;-4;-0,50;8,40;94,10;121,90;3,10;9,50;99,80;-0,70;-1,10;
2026-06-03 01:26:00.0;OFF;ON;100;-3,50;-4;-0,50;8,30;94,10;121,90;3;9,50;99,70;-0,80;-1,10;
2026-06-03 01:27:00.0;OFF;ON;100;-3,40;-4;-0,50;8,30;94,10;121,90;2,90;9,50;100;-0,80;-1,10;
2026-06-03 01:28:00.0;OFF;ON;100;-3,40;-4;-0,50;8,30;94,10;121,90;2,90;9,50;99,80;-0,80;-1,10;
2026-06-03 01:29:00.0;OFF;ON;100;-3,50;-4;-0,50;8,30;94,10;121,90;3;9,50;99,60;-0,80;-1,10;
2026-06-03 01:30:00.0;OFF;ON;100;-3,50;-4;-0,50;8,20;94,10;121,90;3;9,50;99,70;-0,80;-1,10;
2026-06-03 01:31:00.0;OFF;ON;100;-3,50;-4;-0,50;8,20;94,10;121,90;3;9,50;99,70;-0,80;-1,10;
2026-06-03 01:32:00.0;OFF;ON;100;-3,50;-4;-0,50;8,20;94,10;121,90;3;9,50;99,70;-0,80;-1,10;
2026-06-03 01:33:00.0;OFF;ON;100;-3,40;-4;-0,50;8,20;94,10;121,90;2,90;9,50;100;-0,80;-1,10;
2026-06-03 01:34:00.0;OFF;ON;100;-3,50;-4;-0,50;8,10;94,10;121,90;3;9,50;99,60;-0,80;-1,10;
2026-06-03 01:35:00.0;OFF;ON;100;-3,50;-4;-0,50;8,10;94,10;121,90;2,90;9,50;100;-0,80;-1,10;
2026-06-03 01:36:00.0;OFF;ON;100;-3,60;-4;-0,50;8,10;94,20;121,90;3,10;9,50;99,10;-0,80;-1,10;
2026-06-03 01:37:00.0;OFF;ON;100;-3,50;-4;-0,50;8,10;94,10;121,80;3;9,50;99,50;-0,80;-1,10;
2026-06-03 01:38:00.0;OFF;ON;100;-3,50;-4;-0,50;8;94,10;121,90;3;9,50;99,30;-0,80;-1,10;
2026-06-03 01:39:00.0;OFF;ON;100;-3,60;-4;-0,50;8;94,10;121,90;3,10;9,50;99,20;-0,80;-1,10;
2026-06-03 01:40:00.0;OFF;ON;100;-3,60;-4;-0,50;8;94,10;121,90;3;9,50;99,40;-0,80;-1,10;
2026-06-03 01:41:00.0;OFF;ON;100;-3,50;-4;-0,50;8;94,10;121,90;3;9,50;100;-0,80;-1,10;
2026-06-03 01:42:00.0;OFF;ON;100;-3,40;-4;-0,50;7,90;94,10;121,90;2,90;9,50;100;-0,80;-1,10;
2026-06-03 01:43:00.0;OFF;ON;100;-3,50;-4;-0,60;7,90;94,10;121,90;2,90;9,50;99,40;-0,80;-1,10;
2026-06-03 01:44:00.0;OFF;ON;100;-3,50;-4;-0,60;7,90;94,10;121,90;3;9,50;99,30;-0,80;-1,10;
2026-06-03 01:45:00.0;OFF;ON;100;-3,60;-4;-0,60;7,90;94,10;121,90;3;9,50;99,10;-0,80;-1,10;
2026-06-03 01:46:00.0;OFF;ON;100;-3,50;-4;-0,50;7,80;94,20;121,90;3;9,50;99,70;-0,80;-1,10;
2026-06-03 01:47:00.0;OFF;ON;100;-3,40;-4;-0,60;7,80;94,10;121,90;2,90;9,50;100;-0,80;-1,10;
2026-06-03 01:48:00.0;OFF;ON;100;-3,50;-4;-0,60;7,80;94,10;121,90;2,90;9,50;99,60;-0,80;-1,10;
2026-06-03 01:49:00.0;OFF;ON;100;-3,50;-4;-0,60;7,80;94,10;121,90;2,90;9,50;99,30;-0,80;-1,10;
2026-06-03 01:50:00.0;OFF;ON;100;-3,50;-4;-0,60;7,80;94,10;121,90;2,90;9,50;99,70;-0,80;-1,10;
2026-06-03 01:51:00.0;OFF;ON;100;-3,50;-4;-0,60;7,70;94,10;121,90;2,90;9,50;99,60;-0,90;-1,10;
2026-06-03 01:52:00.0;OFF;ON;100;-3,40;-4;-0,60;7,70;94,10;121,90;2,80;9,50;100;-0,90;-1,10;
2026-06-03 01:53:00.0;OFF;ON;100;-3,50;-4;-0,60;7,70;94,10;121,90;2,90;9,50;99,80;-0,90;-1,10;
2026-06-03 01:54:00.0;OFF;ON;100;-3,50;-4;-0,60;7,60;94,10;121,90;2,90;9,50;99,60;-0,90;-1,10;
2026-06-03 01:55:00.0;OFF;ON;100;-3,50;-4;-0,60;7,60;94,10;121,90;2,90;9,50;99,60;-0,90;-1,10;
2026-06-03 01:56:00.0;OFF;ON;100;-3,40;-4;-0,60;7,60;94,10;121,90;2,80;9,50;100;-0,90;-1,20;
2026-06-03 01:57:00.0;OFF;ON;100;-3,50;-4;-0,60;7,60;94;121,90;2,90;9,50;99,50;-0,90;-1,20;
2026-06-03 01:58:00.0;OFF;ON;100;-3,40;-4;-0,60;7,50;94,20;121,90;2,80;9,50;99,80;-0,90;-1,20;
2026-06-03 01:59:00.0;OFF;ON;100;-3,50;-4;-0,60;7,50;94,20;121,80;2,90;9,50;99,50;-0,90;-1,10;
2026-06-03 02:00:00.0;OFF;ON;100;-3,50;-4;-0,60;7,50;94,10;121,90;2,90;9,50;99,60;-0,90;-1,10;
2026-06-03 02:01:00.0;OFF;ON;100;-3,50;-4;-0,60;7,50;94,20;121,90;2,90;9,50;99,30;-0,90;-1,10;
2026-06-03 02:02:00.0;OFF;ON;100;-3,50;-4;-0,60;7,40;94,20;121,90;2,80;9,50;99,70;-0,90;-1,20;
2026-06-03 02:03:00.0;OFF;ON;100;-3,60;-4;-0,70;7,40;94,10;121,90;2,90;9,50;99,40;-0,90;-1,20;
2026-06-03 02:04:00.0;OFF;ON;100;-3,50;-4;-0,70;7,40;94,10;121,90;2,90;9,50;99,40;-0,90;-1,20;
2026-06-03 02:05:00.0;OFF;ON;100;-3,50;-4;-0,70;7,40;94,20;121,80;2,90;9,50;99,50;-0,90;-1,20;
2026-06-03 02:06:00.0;OFF;ON;100;-3,50;-4;-0,60;7,40;94,10;121,80;2,90;9,50;99,50;-0,90;-1,20;
2026-06-03 02:07:00.0;OFF;ON;100;-3,60;-4;-0,60;7,30;94,10;121,90;2,90;9,50;99,30;-0,90;-1,20;
2026-06-03 02:08:00.0;OFF;ON;100;-3,50;-4;-0,70;7,30;94,10;121,90;2,80;9,50;100;-0,90;-1,20;
2026-06-03 02:09:00.0;OFF;ON;100;-3,50;-4;-0,70;7,30;94,10;121,90;2,80;9,50;99,50;-0,90;-1,20;
2026-06-03 02:10:00.0;OFF;ON;100;-3,60;-4;-0,70;7,30;94;121,90;3;9,50;99,20;-1;-1,20;
2026-06-03 02:11:00.0;OFF;ON;100;-3,60;-4;-0,60;7,20;94,10;121,90;2,90;9,50;99,50;-1;-1,20;
2026-06-03 02:12:00.0;OFF;ON;100;-3,50;-4;-0,70;7,20;94;121,80;2,80;9,50;99,80;-1;-1,20;
2026-06-03 02:13:00.0;OFF;ON;100;-3,60;-4;-0,70;7,20;94;121,90;2,90;9,50;99,60;-1;-1,20;
2026-06-03 02:14:00.0;OFF;ON;100;-2,80;-4;-0,70;7,20;94;121,90;2,10;9,50;100;-1;-1,20;
2026-06-03 02:15:00.0;OFF;ON;100;-4;-4;-0,70;7,10;94;121,90;3,20;9,50;95,10;-1;-1,20;
2026-06-03 02:16:00.0;OFF;ON;100;-3,40;-4;-0,70;7,10;94,10;121,90;2,70;9,50;97,40;-1;-1,20;
2026-06-03 02:17:00.0;OFF;ON;100;-3,30;-4;-0,70;7,10;94,20;121,90;2,60;9,50;98;-1;-1,10;
2026-06-03 02:18:00.0;OFF;ON;100;-3;-4;-0,70;7,10;94,30;121,90;2,20;9,50;99,20;-0,90;-1,10;
2026-06-03 02:19:00.0;OFF;ON;100;-3,20;-4;-0,70;7;94,50;121,80;2,50;9,50;97,70;-0,90;-1;
2026-06-03 02:20:00.0;OFF;ON;100;-2,80;-4;-0,70;7;94,50;121,80;2,20;9,50;99,70;-0,90;-1;
2026-06-03 02:21:00.0;OFF;ON;100;-3,40;-4;-0,60;7;94,60;121,80;2,80;9,50;97,30;-0,90;-1;
2026-06-03 02:22:00.0;OFF;ON;100;-3,50;-4;-0,60;7;94,60;121,80;2,90;9,50;97,30;-0,90;-1;
2026-06-03 02:23:00.0;OFF;ON;100;-3,50;-4;-0,70;6,90;94,40;121,80;2,80;9,50;97,50;-0,90;-1,10;
2026-06-03 02:24:00.0;OFF;ON;100;-3,40;-4;-0,70;6,90;94,30;121,80;2,60;9,50;98,30;-0,90;-1,10;
2026-06-03 02:25:00.0;OFF;ON;100;-3,10;-4;-0,70;6,90;94,30;121,80;2,40;9,50;99,70;-0,90;-1,10;
2026-06-03 02:26:00.0;OFF;ON;100;-3,30;-4;-0,70;6,90;94,30;121,80;2,60;9,50;98,90;-0,90;-1,10;
2026-06-03 02:27:00.0;OFF;ON;100;-3,10;-4;-0,70;6,80;94,30;121,80;2,50;9,50;99,50;-0,90;-1,10;
2026-06-03 02:28:00.0;OFF;ON;100;-3,70;-4;-0,70;6,80;94,30;121,80;2,90;9,50;96,70;-0,90;-1,10;
2026-06-03 02:29:00.0;OFF;ON;100;-3,20;-4;-0,70;6,80;94,30;121,80;2,40;9,50;99,40;-0,90;-1,10;
2026-06-03 02:30:00.0;OFF;ON;100;-3;-4;-0,70;6,80;94,30;121,80;2,30;9,50;99,70;-0,90;-1,10;
2026-06-03 02:31:00.0;OFF;ON;100;-3,60;-4;-0,70;6,70;94,30;121,80;2,90;9,50;97;-0,90;-1,10;
2026-06-03 02:32:00.0;OFF;ON;100;-3,10;-4;-0,80;6,70;94,20;121,80;2,30;9,50;100;-1;-1,10;
2026-06-03 02:33:00.0;OFF;ON;100;-3,70;-4;-0,70;6,70;94,30;121,80;3;9,50;97,10;-1;-1,20;
2026-06-03 02:34:00.0;OFF;ON;100;-3,70;-4;-0,70;6,70;94,20;121,80;3;9,50;96,60;-1;-1,20;
2026-06-03 02:35:00.0;OFF;ON;100;-3,40;-4;-0,80;6,60;94,20;121,80;2,60;9,50;98,80;-1;-1,20;
2026-06-03 02:36:00.0;OFF;ON;100;-3,50;-4;-0,80;6,60;94,30;121,80;2,70;9,50;98;-1;-1,20;
2026-06-03 02:37:00.0;OFF;ON;100;-3;-4;-0,80;6,60;94,30;121,80;2,20;9,50;99,80;-1;-1,20;
2026-06-03 02:38:00.0;OFF;ON;100;-3,20;-4;-0,80;6,50;94,20;121,80;2,40;9,50;99,40;-1;-1,20;
2026-06-03 02:39:00.0;OFF;ON;100;-3,30;-4;-0,70;6,50;94,20;121,80;2,50;9,50;99;-1;-1,20;
2026-06-03 02:40:00.0;OFF;ON;100;-3,70;-4;-0,70;6,50;94,10;121,80;3;9,50;97,10;-1;-1,20;
2026-06-03 02:41:00.0;OFF;ON;100;-3,40;-4;-0,70;6,50;94,30;121,60;2,70;9,50;98,30;-1;-1,20;
2026-06-03 02:42:00.0;OFF;ON;100;-3,10;-4;-0,70;6,50;94,40;121,40;2,40;9,50;99,70;-1;-1,20;
2026-06-03 02:43:00.0;OFF;ON;100;-3,60;-4;-0,80;6,40;94,30;121,40;2,80;9,50;97,60;-1;-1,20;
2026-06-03 02:44:00.0;OFF;ON;100;-3,20;-4;-0,80;6,40;94,30;121,40;2,40;9,50;99,10;-1;-1,20;
2026-06-03 02:45:00.0;OFF;ON;100;-3,30;-4;-0,80;6,40;94,30;121,40;2,50;9,50;98,90;-1;-1,20;
2026-06-03 02:46:00.0;OFF;ON;100;-3,50;-4;-0,80;6,40;94,30;121,40;2,70;9,50;98,10;-1;-1,20;
2026-06-03 02:47:00.0;OFF;ON;100;-3,60;-4;-0,70;6,40;94,20;121,40;2,90;9,50;97,80;-1;-1,20;
2026-06-03 02:48:00.0;OFF;ON;100;-3,40;-4;-0,80;6,30;94,20;121,40;2,50;9,50;98,40;-1;-1,20;
2026-06-03 02:49:00.0;OFF;ON;100;-3,60;-4;-0,90;6,30;94,10;121,40;2,70;9,50;98;-1;-1,20;
2026-06-03 02:50:00.0;OFF;ON;100;-3,80;-4;-0,90;6,30;94,10;121,40;2,90;9,50;97,60;-1;-1,20;
2026-06-03 02:51:00.0;OFF;ON;100;-3,30;-4;-0,90;6,20;94,10;121,40;2,40;9,50;100;-1,10;-1,30;
2026-06-03 02:52:00.0;OFF;ON;100;-3,60;-4;-0,90;6,20;94;121,40;2,70;9,50;98,30;-1,10;-1,30;
2026-06-03 02:53:00.0;OFF;ON;100;-3,60;-4;-0,80;6,20;94,10;121,40;2,80;9,50;98,40;-1,10;-1,30;
2026-06-03 02:54:00.0;OFF;ON;100;-4;-4;-0,80;6,20;94,20;121,40;3,20;9,50;96,60;-1,10;-1,30;
2026-06-03 02:55:00.0;OFF;ON;100;-3,90;-4;-0,80;6,10;94,10;121,40;3,10;9,50;97,90;-1,10;-1,40;
2026-06-03 02:56:00.0;OFF;ON;100;-3,50;-4;-0,90;6,10;94;121,40;2,70;9,50;98,40;-1,20;-1,40;
2026-06-03 02:57:00.0;OFF;ON;100;-3,50;-4;-0,90;6,10;94;121,40;2,50;9,50;98,50;-1,20;-1,40;
2026-06-03 02:58:00.0;OFF;ON;100;-3,40;-4;-0,90;6,10;94;121,40;2,40;9,50;98,90;-1,10;-1,30;
2026-06-03 02:59:00.0;OFF;ON;100;-3,40;-4;-0,90;6;94;121,40;2,40;9,50;98,80;-1,10;-1,30;
2026-06-03 03:00:00.0;OFF;ON;100;-3,40;-4;-0,90;6;94,10;121,40;2,50;9,50;98,40;-1,10;-1,30;
2026-06-03 03:01:00.0;OFF;ON;100;-3,40;-4;-0,90;6;94,10;121,40;2,50;9,50;98,50;-1,10;-1,30;
2026-06-03 03:02:00.0;OFF;ON;100;-3,40;-4;-0,80;6;94,20;121,40;2,60;9,50;98,60;-1,10;-1,30;
2026-06-03 03:03:00.0;OFF;ON;100;-3,70;-4;-0,90;5,90;94,10;121,40;2,80;9,50;97,40;-1,10;-1,30;
2026-06-03 03:04:00.0;OFF;ON;100;-3,30;-4;-1;5,90;94,10;121,40;2,30;9,50;99;-1,10;-1,30;
2026-06-03 03:05:00.0;OFF;ON;100;-3,50;-4;-1;5,90;94,20;121,40;2,50;9,50;98,10;-1,10;-1,30;
2026-06-03 03:06:00.0;OFF;ON;100;-3,50;-4;-1;5,90;94,20;121,40;2,50;9,50;98;-1,10;-1,30;
2026-06-03 03:07:00.0;OFF;ON;100;-3,60;-4;-1;5,90;94,20;121,40;2,60;9,50;98;-1,10;-1,30;
2026-06-03 03:08:00.0;OFF;ON;100;-3,50;-4;-0,90;5,80;94,30;121,40;2,60;9,50;98;-1,10;-1,30;
2026-06-03 03:09:00.0;OFF;ON;100;-3,60;-4;-0,80;5,80;94,40;121,40;2,80;9,50;97,20;-1,10;-1,30;
2026-06-03 03:10:00.0;OFF;ON;100;-3,20;-4;-0,80;5,80;94,40;121,40;2,40;9,50;98,80;-1,10;-1,20;
2026-06-03 03:11:00.0;OFF;ON;100;-3,60;-4;-0,80;5,80;94,40;121,40;2,80;9,50;97,60;-1,10;-1,20;
2026-06-03 03:12:00.0;OFF;ON;100;-3,10;-4;-0,90;5,70;94,40;121,40;2,20;9,50;99,80;-1,10;-1,20;
2026-06-03 03:13:00.0;OFF;ON;100;-3,10;-4;-0,80;5,70;94,50;121,40;2,30;9,50;99,70;-1,10;-1,20;
2026-06-03 03:14:00.0;OFF;ON;100;-3,70;-4;-0,90;5,70;94,40;121,40;2,80;9,50;96,80;-1,10;-1,20;
2026-06-03 03:15:00.0;OFF;ON;100;-3,30;-4;-0,90;5,70;94,40;121,40;2,30;9,50;99;-1,10;-1,20;
2026-06-03 03:16:00.0;OFF;ON;100;-3,60;-4;-0,90;5,60;94,30;121,40;2,60;9,50;97,40;-1,10;-1,20;
2026-06-03 03:17:00.0;OFF;ON;100;-3,10;-4;-1;5,60;94,20;121,40;2,10;9,50;100;-1,10;-1,20;
2026-06-03 03:18:00.0;OFF;ON;100;-3,50;-4;-1;5,60;94,20;121,40;2,50;9,50;98,40;-1,10;-1,30;
2026-06-03 03:19:00.0;OFF;ON;100;-3,60;-4;-1;5,60;94,20;121,40;2,60;9,50;97,70;-1,10;-1,30;
2026-06-03 03:20:00.0;OFF;ON;100;-3,20;-4;-0,90;5,50;94,20;121,40;2,20;9,50;99,30;-1,10;-1,30;
2026-06-03 03:21:00.0;OFF;ON;100;-3,30;-4;-1;5,50;94,10;121,40;2,30;9,50;99,40;-1,10;-1,30;
2026-06-03 03:22:00.0;OFF;ON;100;-3,10;-4;-0,90;5,50;94,20;121,40;2,20;9,50;99,70;-1,10;-1,50;
2026-06-03 03:23:00.0;OFF;ON;50;-3,80;-4;-1;5,50;94,20;121,40;2,80;9,50;96,80;-1,20;-1,80;
2026-06-03 03:24:00.0;OFF;ON;50;-3,60;-4;-1,10;5,40;93,60;121,40;2,50;9,50;98,60;-1,30;-2;
2026-06-03 03:25:00.0;OFF;ON;50;-3,80;-4;-1,10;5,40;93,50;121,40;2,70;9,50;97,80;-1,40;-2,10;
2026-06-03 03:26:00.0;OFF;ON;50;-4;-4;-1,10;5,40;93,40;121,50;2,90;9,50;96,70;-1,50;-2,20;
2026-06-03 03:27:00.0;OFF;ON;50;-3,90;-4;-1,10;5,40;93,30;121,40;2,70;9,50;97,80;-1,50;-2,30;
2026-06-03 03:28:00.0;OFF;ON;50;-3,50;-4;-1,30;5,30;93;121,40;2,30;9,50;98,40;-1,60;-2,30;
2026-06-03 03:29:00.0;OFF;ON;50;-3,70;-4;-1,30;5,30;92,90;121,40;2,40;9,50;98,10;-1,60;-2,30;
2026-06-03 03:30:00.0;OFF;ON;50;-3,70;-4;-1,20;5,30;93;121,40;2,50;9,50;98,40;-1,60;-2,20;
2026-06-03 03:31:00.0;OFF;ON;50;-3,50;-4;-1,30;5,30;93;121,40;2,20;9,50;99,80;-1,60;-2,30;
2026-06-03 03:32:00.0;OFF;ON;50;-3,90;-4;-1,40;5,20;93,10;121,40;2,50;9,50;98,40;-1,60;-2,30;
2026-06-03 03:33:00.0;OFF;ON;50;-3,80;-4;-1,30;5,20;93,10;121,40;2,50;9,50;98,70;-1,60;-2,30;
2026-06-03 03:34:00.0;OFF;ON;50;-3,80;-4;-1,30;5,20;93;121,40;2,40;9,50;98,90;-1,60;-2,30;
2026-06-03 03:35:00.0;OFF;ON;50;-3,60;-4;-1,40;5,20;93;121,40;2,30;9,50;99,50;-1,60;-2,30;
2026-06-03 03:36:00.0;OFF;ON;50;-3,80;-4;-1,40;5,10;93;121,40;2,30;9,50;99,10;-1,70;-2,40;
2026-06-03 03:37:00.0;OFF;ON;50;-3,70;-4;-1,40;5,10;93;121,40;2,30;9,50;99,40;-1,70;-2,40;
2026-06-03 03:38:00.0;OFF;ON;50;-3,60;-4;-1,30;5,10;93;121,40;2,30;9,50;100;-1,60;-2,40;
2026-06-03 03:39:00.0;OFF;ON;50;-3,90;-4;-1,30;5,10;93;121,40;2,60;9,50;98,70;-1,70;-2,40;
2026-06-03 03:40:00.0;OFF;ON;50;-3,70;-4;-1,40;5,10;93;121,40;2,30;9,50;100;-1,70;-2,40;
2026-06-03 03:41:00.0;OFF;ON;50;-3,70;-4;-1,50;5;93;121,40;2,20;9,50;100;-1,70;-2,40;
2026-06-03 03:42:00.0;OFF;ON;50;-3,70;-4;-1,50;5;93;121,40;2,30;9,50;99,60;-1,70;-2,40;
2026-06-03 03:43:00.0;OFF;ON;50;-3,80;-4;-1,50;5;92,90;121,40;2,30;9,50;99,30;-1,70;-2,40;
2026-06-03 03:44:00.0;OFF;ON;50;-4;-4;-1,50;5;92,90;121,40;2,50;9,50;98,70;-1,70;-2,40;
2026-06-03 03:45:00.0;OFF;ON;50;-3,80;-4;-1,50;5;93;121,40;2,20;9,50;99,60;-1,70;-2,40;
2026-06-03 03:46:00.0;OFF;ON;50;-3,70;-4;-1,50;4,90;93;121,40;2,20;9,50;100;-1,70;-2,40;
2026-06-03 03:47:00.0;OFF;ON;50;-3,90;-4;-1,50;4,90;93;121,40;2,40;9,50;98,90;-1,70;-2,40;
2026-06-03 03:48:00.0;OFF;ON;50;-3,70;-4;-1,50;4,90;93;121,40;2,20;9,50;99,50;-1,70;-2,40;
2026-06-03 03:49:00.0;OFF;ON;50;-4;-4;-1,50;4,90;93,10;121,40;2,40;9,50;98,50;-1,70;-2,40;
2026-06-03 03:50:00.0;OFF;ON;50;-3,60;-4;-1,50;4,90;93,20;121,40;2,10;9,50;100;-1,70;-2,40;
2026-06-03 03:51:00.0;OFF;ON;50;-3,80;-4;-1,50;4,80;93,20;121,50;2,30;9,50;98,90;-1,70;-2,40;
2026-06-03 03:52:00.0;OFF;ON;50;-3,80;-4;-1,50;4,80;93,20;121,40;2,30;9,50;98,90;-1,70;-2,40;
2026-06-03 03:53:00.0;OFF;ON;50;-3,80;-4;-1,50;4,80;93,20;121,40;2,30;9,50;99;-1,70;-2,40;
2026-06-03 03:54:00.0;OFF;ON;50;-3,70;-4;-1,50;4,80;93,30;121,40;2,20;9,50;99,20;-1,70;-2,40;
2026-06-03 03:55:00.0;OFF;ON;50;-3,60;-4;-1,50;4,80;93,40;121,40;2,20;9,50;99,40;-1,70;-2,40;
2026-06-03 03:56:00.0;OFF;ON;50;-3,40;-4;-1,40;4,70;93,50;121,40;2;9,50;100;-1,70;-2,40;
2026-06-03 03:57:00.0;OFF;ON;50;-3,50;-4;-1,40;4,70;93,50;121,40;2,10;9,50;99,50;-1,70;-2,30;
2026-06-03 03:58:00.0;OFF;ON;50;-3,30;-4;-1,40;4,70;93,60;121,40;2;9,50;100;-1,70;-2,30;
2026-06-03 03:59:00.0;OFF;ON;50;-3,40;-4;-1,30;4,70;93,80;121,40;2;9,50;99,80;-1,70;-2,30;
2026-06-03 04:00:00.0;OFF;ON;50;-3,40;-4;-1,30;4,70;93,80;121,40;2,20;9,50;99,50;-1,60;-2,20;
2026-06-03 04:01:00.0;OFF;ON;50;-3,50;-4;-1,30;4,70;93,80;121,40;2,20;9,50;99,40;-1,60;-2,20;
2026-06-03 04:02:00.0;OFF;ON;50;-3,30;-4;-1,30;4,60;93,80;121,40;2;9,50;99,80;-1,60;-2,20;
2026-06-03 04:03:00.0;OFF;ON;50;-3,30;-4;-1,30;4,60;93,90;121,40;2;9,50;100;-1,60;-2,20;
2026-06-03 04:04:00.0;OFF;ON;50;-3,30;-4;-1,30;4,60;93,90;121,40;2;9,50;100;-1,60;-2,20;
2026-06-03 04:05:00.0;OFF;ON;50;-3,30;-4;-1,30;4,60;93,90;121,40;2,10;9,50;99,70;-1,60;-2,20;
2026-06-03 04:06:00.0;OFF;ON;50;-3,40;-4;-1,20;4,60;93,90;121,40;2,30;9,50;99,20;-1,60;-2,20;
2026-06-03 04:07:00.0;OFF;ON;50;-3,30;-4;-1,20;4,60;93,90;121,40;2,10;9,50;99,60;-1,60;-2,20;
2026-06-03 04:08:00.0;OFF;ON;50;-3,40;-4;-1,30;4,50;93,90;121,40;2,10;9,50;99,30;-1,60;-2,20;
2026-06-03 04:09:00.0;OFF;ON;50;-3,30;-4;-1,30;4,50;93,90;121,40;2;9,50;99,70;-1,60;-2,10;
2026-06-03 04:10:00.0;OFF;ON;50;-3,40;-4;-1,40;4,50;93,80;121,40;2;9,50;99,50;-1,60;-2,20;
2026-06-03 04:11:00.0;OFF;ON;50;-3,30;-4;-1,40;4,50;93,80;121,40;1,90;9,50;100;-1,60;-2,20;
2026-06-03 04:12:00.0;OFF;ON;50;-3,40;-4;-1,40;4,50;93,70;121,40;1,90;9,50;100;-1,60;-2,20;
2026-06-03 04:13:00.0;OFF;ON;50;-3,60;-4;-1,50;4,40;93,60;121,40;2,10;9,50;99,10;-1,60;-2,20;
2026-06-03 04:14:00.0;OFF;ON;50;-3,50;-4;-1,50;4,40;93,50;121,40;2,10;9,50;99,50;-1,60;-2,20;
2026-06-03 04:15:00.0;OFF;ON;50;-3,50;-4;-1,50;4,40;93,50;121,40;2;9,50;99,70;-1,60;-2,20;
2026-06-03 04:16:00.0;OFF;ON;50;-3,50;-4;-1,50;4,40;93,50;121,40;2;9,50;99,70;-1,60;-2,20;
2026-06-03 04:17:00.0;OFF;ON;50;-3,60;-4;-1,30;4,40;93,50;121,40;2,20;9,50;99,20;-1,70;-2,30;
2026-06-03 04:18:00.0;OFF;ON;50;-3,60;-4;-1,50;4,40;93,50;121,40;2,10;9,50;99,30;-1,70;-2,30;
2026-06-03 04:19:00.0;OFF;ON;50;-3,60;-4;-1,50;4,30;93,50;121,40;2,20;9,50;99,30;-1,70;-2,30;
2026-06-03 04:20:00.0;OFF;ON;50;-3,50;-4;-1,50;4,30;93,50;121,40;2;9,50;99,40;-1,70;-2,30;
2026-06-03 04:21:00.0;OFF;ON;50;-3,50;-4;-1,50;4,30;93,50;121,40;2;9,50;99,80;-1,70;-2,30;
2026-06-03 04:22:00.0;OFF;ON;50;-3,50;-4;-1,50;4,30;93,50;121,40;2;9,50;99,60;-1,70;-2,30;
2026-06-03 04:23:00.0;OFF;ON;50;-3,40;-4;-1,50;4,30;93,50;121,40;1,90;9,50;100;-1,70;-2,30;
2026-06-03 04:24:00.0;OFF;ON;50;-3,60;-4;-1,50;4,20;93,50;121,40;2,10;9,50;99,30;-1,70;-2,30;
2026-06-03 04:25:00.0;OFF;ON;50;-3,60;-4;-1,50;4,20;93,50;121,40;2,10;9,50;99,10;-1,70;-2,30;
2026-06-03 04:26:00.0;OFF;ON;50;-3,50;-4;-1,50;4,20;93,50;121,40;2;9,50;99,70;-1,70;-2,30;
2026-06-03 04:27:00.0;OFF;ON;50;-3,60;-4;-1,40;4,20;93,50;121,40;2,20;9,50;99,20;-1,70;-2,30;
2026-06-03 04:28:00.0;OFF;ON;50;-3,60;-4;-1,50;4,20;93,50;121,40;2,10;9,50;99,30;-1,70;-2,30;
2026-06-03 04:29:00.0;OFF;ON;50;-3,60;-4;-1,60;4,20;93,50;121,40;2;9,50;99,50;-1,70;-2,30;
2026-06-03 04:30:00.0;OFF;ON;50;-3,50;-4;-1,60;4,10;93,50;121,40;2;9,50;99,80;-1,70;-2,30;
2026-06-03 04:31:00.0;OFF;ON;50;-3,60;-4;-1,60;4,10;93,50;121,40;2;9,50;99,30;-1,70;-2,30;
2026-06-03 04:32:00.0;OFF;ON;50;-3,50;-4;-1,60;4,10;93,50;121,40;2;9,50;99,70;-1,70;-2,30;
2026-06-03 04:33:00.0;OFF;ON;50;-3,50;-4;-1,60;4,10;93,50;121,40;1,90;9,50;100;-1,70;-2,30;
2026-06-03 04:34:00.0;OFF;ON;50;-3,50;-4;-1,60;4,10;93,50;121,40;1,90;9,50;100;-1,70;-2,30;
2026-06-03 04:35:00.0;OFF;ON;50;-3,50;-4;-1,60;4,10;93,50;121,40;1,90;9,50;99,60;-1,70;-2,30;
2026-06-03 04:36:00.0;OFF;ON;50;-3,50;-4;-1,60;4;93,50;121,40;1,90;9,50;99,40;-1,70;-2,30;
2026-06-03 04:37:00.0;OFF;ON;50;-3,50;-4;-1,50;4;93,50;121,40;2;9,50;99,60;-1,70;-2,30;
2026-06-03 04:38:00.0;OFF;ON;50;-3,50;-4;-1,60;4;93,50;121,40;2;9,50;99,50;-1,70;-2,30;
2026-06-03 04:39:00.0;OFF;ON;50;-3,40;-4;-1,60;4;93,50;121,40;1,80;9,50;100;-1,70;-2,30;
2026-06-03 04:40:00.0;OFF;ON;50;-3,40;-4;-1,60;4;93,50;121,40;1,80;9,50;100;-1,70;-2,30;
2026-06-03 04:41:00.0;OFF;ON;50;-3,50;-4;-1,60;4;93,50;121,40;1,90;9,50;99,50;-1,70;-2,30;
2026-06-03 04:42:00.0;OFF;ON;50;-3,50;-4;-1,60;3,90;93,50;121,40;1,90;9,50;99,70;-1,70;-2,30;
2026-06-03 04:43:00.0;OFF;ON;50;-3,40;-4;-1,60;3,90;93,50;121,40;1,80;9,50;100;-1,70;-2,30;
2026-06-03 04:44:00.0;OFF;ON;50;-3,50;-4;-1,60;3,90;93,50;121,40;1,90;9,50;100;-1,70;-2,30;
2026-06-03 04:45:00.0;OFF;ON;50;-3,50;-4;-1,60;3,90;93,50;121,40;1,90;9,50;99,80;-1,70;-2,30;
2026-06-03 04:46:00.0;OFF;ON;50;-3,50;-4;-1,60;3,90;93,50;121,40;1,90;9,50;99,80;-1,70;-2,30;
2026-06-03 04:47:00.0;OFF;ON;50;-3,40;-4;-1,60;3,90;93,50;121,40;1,80;9,50;100;-1,70;-2,30;
2026-06-03 04:48:00.0;OFF;ON;50;-3,50;-4;-1,60;3,80;93,50;121,40;1,90;9,50;99,50;-1,70;-2,30;
2026-06-03 04:49:00.0;OFF;ON;50;-3,40;-4;-1,60;3,80;93,50;121,40;1,80;9,50;100;-1,70;-2,30;
2026-06-03 04:50:00.0;OFF;ON;50;-3,40;-4;-1,60;3,80;93,50;121,40;1,80;9,50;100;-1,70;-2,30;
2026-06-03 04:51:00.0;OFF;ON;50;-3,50;-4;-1,60;3,80;93,60;121,40;1,90;9,50;99,50;-1,70;-2,30;
2026-06-03 04:52:00.0;OFF;ON;50;-3,50;-4;-1,60;3,80;93,50;121,40;1,90;9,50;99,40;-1,70;-2,30;
2026-06-03 04:53:00.0;OFF;ON;50;-3,50;-4;-1,60;3,70;93,50;121,40;1,90;9,50;99,60;-1,70;-2,30;
2026-06-03 04:54:00.0;OFF;ON;50;-3,50;-4;-1,60;3,70;93,60;121,40;1,90;9,50;99,50;-1,70;-2,30;
2026-06-03 04:55:00.0;OFF;ON;50;-3,40;-4;-1,60;3,70;93,50;121,40;1,80;9,50;100;-1,70;-2,30;
2026-06-03 04:56:00.0;OFF;ON;50;-3,40;-4;-1,60;3,70;93,50;121,40;1,90;9,50;99,80;-1,70;-2,30;
2026-06-03 04:57:00.0;OFF;ON;50;-3,40;-4;-1,60;3,70;93,50;121,40;1,80;9,50;100;-1,70;-2,30;
2026-06-03 04:58:00.0;OFF;ON;50;-3,40;-4;-1,60;3,70;93,60;121,40;1,80;9,50;100;-1,70;-2,30;
2026-06-03 04:59:00.0;OFF;ON;50;-3,40;-4;-1,60;3,60;93,60;121,40;1,90;9,50;100;-1,70;-2,30;
2026-06-03 05:00:00.0;OFF;ON;50;-3,50;-4;-1,60;3,60;93,60;121,40;1,90;9,50;99,60;-1,70;-2,30;
2026-06-03 05:01:00.0;OFF;ON;50;-3,40;-4;-1,50;3,60;93,70;121,40;1,90;9,50;99,70;-1,70;-2,30;
2026-06-03 05:02:00.0;OFF;ON;50;-3,30;-4;-1,50;3,60;93,80;121,40;1,80;9,50;100;-1,70;-2,30;
2026-06-03 05:03:00.0;OFF;ON;50;-3,20;-4;-1,40;3,60;93,80;121,30;1,90;9,50;100;-1,70;-2,20;
2026-06-03 05:04:00.0;OFF;ON;50;-3,30;-4;-1,30;3,60;94;121,30;2;9,50;99,50;-1,70;-2,20;
2026-06-03 05:05:00.0;OFF;ON;50;-3,30;-4;-1,40;3,60;94;121,40;1,90;9,50;99,80;-1,70;-2,20;
2026-06-03 05:06:00.0;OFF;ON;50;-3,30;-4;-1,40;3,50;94;121,40;1,90;9,50;99,60;-1,70;-2,20;
2026-06-03 05:07:00.0;OFF;ON;50;-3,20;-4;-1,30;3,50;94;121,40;1,90;9,50;100;-1,70;-2,20;
2026-06-03 05:08:00.0;OFF;ON;50;-3,20;-4;-1,20;3,50;94;121,40;1,90;9,50;100;-1,70;-2,10;
2026-06-03 05:09:00.0;OFF;ON;50;-3,20;-4;-1,30;3,50;94;121,40;1,80;9,50;100;-1,60;-2,10;
2026-06-03 05:10:00.0;OFF;ON;50;-3,20;-4;-1,40;3,50;94;121,10;1,90;9,50;99,60;-1,60;-2,10;
2026-06-03 05:11:00.0;OFF;ON;50;-3,10;-4;-1,40;3,50;94;121,40;1,80;9,50;100;-1,60;-2,10;
2026-06-03 05:12:00.0;OFF;ON;50;-3,20;-4;-1,30;3,40;93,90;121,40;1,90;9,50;100;-1,60;-2,10;
2026-06-03 05:13:00.0;OFF;ON;50;-3,20;-4;-1,30;3,40;93,90;121,40;1,80;9,50;100;-1,60;-2,10;
2026-06-03 05:14:00.0;OFF;ON;50;-3,20;-4;-1,30;3,40;93,90;121,40;1,90;9,50;99,60;-1,60;-2,10;
2026-06-03 05:15:00.0;OFF;ON;50;-3,10;-4;-1,30;3,40;93,90;121,40;1,80;9,50;100;-1,60;-2,10;
2026-06-03 05:16:00.0;OFF;ON;50;-3,30;-4;-1,20;3,40;93,90;121,40;2;9,50;99,50;-1,70;-2,10;
2026-06-03 05:17:00.0;OFF;ON;50;-3,10;-4;-1,30;3,40;93,90;121,40;1,80;9,50;100;-1,70;-2,10;
2026-06-03 05:18:00.0;OFF;ON;50;-3,20;-4;-1,30;3,30;93,80;121,40;1,90;9,50;99,80;-1,70;-2,10;
2026-06-03 05:19:00.0;OFF;ON;50;-3,20;-4;-1,30;3,30;93,80;121,40;1,90;9,50;100;-1,70;-2,10;
2026-06-03 05:20:00.0;OFF;ON;50;-3,30;-4;-1,40;3,30;93,80;121,40;1,90;9,50;99,40;-1,70;-2,10;
2026-06-03 05:21:00.0;OFF;ON;50;-3,40;-4;-1,40;0,90;93,70;121,20;2;9,50;99,30;-1,70;-2,20;
2026-06-03 05:22:00.0;OFF;ON;50;-3,40;-4;-1,30;3,70;93,60;1,30;2,10;9,50;99;-1,70;-2,20;
2026-06-03 05:23:00.0;OFF;ON;50;-3,20;-4;-1,40;4,50;93,50;0;1,80;9,50;100;-1,70;-2,20;
2026-06-03 05:24:00.0;OFF;ON;50;-3,50;-4;-1,50;4,60;93,50;0;2;9,50;98,80;-1,70;-2,20;
2026-06-03 05:25:00.0;OFF;ON;50;-3,30;-4;-1,40;4,60;93,50;0;2;9,50;100;-1,70;-2,20;
2026-06-03 05:26:00.0;OFF;ON;50;-3,50;-4;-1,50;4,60;93,40;0;2,10;9,50;99,10;-1,70;-2,20;
2026-06-03 05:27:00.0;OFF;ON;50;-3,50;-4;-1,60;4,60;93,30;0;2;9,50;99,20;-1,80;-2,30;
2026-06-03 05:28:00.0;OFF;ON;50;-3,40;-4;-1,60;4,60;93,20;0;1,80;9,50;100;-1,80;-2,30;
2026-06-03 05:29:00.0;OFF;ON;50;-3,60;-4;-1,70;4,60;93;0;2;9,50;99;-1,80;-2,30;
2026-06-03 05:30:00.0;OFF;ON;50;-3,50;-4;-1,60;4,60;93;0;1,90;9,50;99,50;-1,80;-2,30;
2026-06-03 05:31:00.0;OFF;ON;50;-3,60;-4;-1,70;4,50;93,10;0;2;9,50;99;-1,80;-2,30;
2026-06-03 05:32:00.0;OFF;ON;50;-3,60;-4;-1,70;4,50;93;0;2;9,50;99;-1,80;-2,30;
2026-06-03 05:33:00.0;OFF;ON;50;-3,60;-4;-1,70;4,50;93;0;1,80;9,50;99,50;-1,80;-2,40;
2026-06-03 05:34:00.0;OFF;ON;50;-3,50;-4;-1,70;4,50;93;0;1,80;9,50;100;-1,80;-2,40;
2026-06-03 05:35:00.0;OFF;ON;50;-3,70;-4;-1,70;4,50;93;0;1,90;9,50;98,80;-1,80;-2,40;
2026-06-03 05:36:00.0;OFF;ON;50;-3,50;-4;-1,80;4,50;93;0;1,70;9,50;99,80;-1,90;-2,40;
2026-06-03 05:37:00.0;OFF;ON;50;-3,40;-4;-1,80;4,50;92,90;0;1,70;9,50;100;-1,90;-2,40;
2026-06-03 05:38:00.0;OFF;ON;50;-3,60;-4;-1,80;4,50;93;0;1,90;9,50;99,20;-1,90;-2,40;
2026-06-03 05:39:00.0;OFF;ON;50;-3,70;-4;-1,80;4,40;92,90;0;2;9,50;98,80;-1,90;-2,40;
2026-06-03 05:40:00.0;OFF;ON;50;-3,50;-4;-1,80;4,40;93;0;1,70;9,50;100;-1,90;-2,40;
2026-06-03 05:41:00.0;OFF;ON;50;-3,70;-4;-1,80;4,40;93;0;1,90;9,50;99,10;-1,90;-2,40;
2026-06-03 05:42:00.0;OFF;ON;50;-3,50;-4;-1,80;4,40;93;0;1,70;9,50;100;-1,90;-2,40;
2026-06-03 05:43:00.0;OFF;ON;50;-3,60;-4;-1,80;4,40;93,10;0;1,80;9,50;99,30;-1,90;-2,40;
2026-06-03 05:44:00.0;OFF;ON;50;-3,60;-4;-1,80;4,40;93;0;1,80;9,50;99,60;-1,90;-2,40;
2026-06-03 05:45:00.0;OFF;ON;50;-3,60;-4;-1,80;4,40;93,10;0;1,80;9,50;99,30;-1,90;-2,40;
2026-06-03 05:46:00.0;OFF;ON;50;-3,60;-4;-1,80;4,30;93,20;0;1,80;9,50;99,20;-1,90;-2,40;
2026-06-03 05:47:00.0;OFF;ON;50;-3,70;-4;-1,80;4,30;93,10;0;1,80;9,50;99,10;-1,90;-2,40;
2026-06-03 05:48:00.0;OFF;ON;50;-3,70;-4;-1,80;4,30;93,10;0;1,80;9,50;99,20;-1,90;-2,40;
2026-06-03 05:49:00.0;OFF;ON;50;-3,60;-4;-1,80;4,30;93,10;0;1,80;9,50;99,30;-1,90;-2,40;
2026-06-03 05:50:00.0;OFF;ON;50;-3,50;-4;-1,80;4,30;93,20;0;1,70;9,50;99,70;-1,90;-2,40;
2026-06-03 05:51:00.0;OFF;ON;50;-3,70;-4;-1,80;4,30;93,20;0;1,80;9,50;99,10;-1,90;-2,40;
2026-06-03 05:52:00.0;OFF;ON;50;-3,50;-4;-1,80;4,30;93,20;0;1,60;9,50;99,80;-1,90;-2,40;
2026-06-03 05:53:00.0;OFF;ON;50;-3,60;-4;-1,80;4,20;93,20;0;1,80;9,50;99,30;-1,90;-2,40;
2026-06-03 05:54:00.0;OFF;ON;50;-3,60;-4;-1,80;4,20;93,30;0;1,80;9,50;99,20;-1,90;-2,40;
2026-06-03 05:55:00.0;OFF;ON;50;-3,40;-4;-1,80;4,20;93,30;95,70;1,60;9,50;100;-1,90;-2,40;
2026-06-03 05:56:00.0;OFF;ON;50;-3,40;-4;-1,50;4,20;93,40;96,10;1,90;9,50;100;-1,90;-2,40;
2026-06-03 05:57:00.0;OFF;ON;50;-3,50;-4;-1,60;4,20;93,50;96,10;1,90;9,50;99,50;-1,90;-2,40;
2026-06-03 05:58:00.0;OFF;ON;50;-3,40;-4;-1,70;4,20;93,50;96,10;1,70;9,50;100;-1,90;-2,40;
2026-06-03 05:59:00.0;OFF;ON;50;-3,40;-4;-1,70;4,10;93,50;96,20;1,70;9,50;99,60;-1,90;-2,30;
2026-06-03 06:00:00.0;OFF;ON;50;-3,40;-4;-1,70;4,10;93,50;96,10;1,70;9,50;99,50;-1,90;-2,30;
2026-06-03 06:01:00.0;OFF;ON;50;-3,40;-4;-1,70;4,10;93,50;96,10;1,60;9,50;100;-1,90;-2,30;
2026-06-03 06:02:00.0;OFF;ON;50;-3,40;-4;-1,70;0,40;93,50;96,20;1,70;9,50;99,60;-1,80;-2,30;
2026-06-03 06:03:00.0;OFF;ON;50;-3,40;-4;-1,40;3,50;93,60;111,60;1,90;9,50;99,60;-1,80;-2,30;
2026-06-03 06:04:00.0;OFF;ON;50;-3,30;-4;-1,40;3,60;93,70;0;1,90;9,50;100;-1,80;-2,30;
2026-06-03 06:05:00.0;OFF;ON;50;-3,30;-4;-1,50;3,70;93,80;0;1,80;9,50;99,80;-1,80;-2,30;
2026-06-03 06:06:00.0;OFF;ON;50;-3,30;-4;-1,50;3,70;93,80;0;1,80;9,50;99,40;-1,80;-2,30;
2026-06-03 06:07:00.0;OFF;ON;50;-3,40;-4;-1,60;3,70;93,70;0;1,90;9,50;99,10;-1,80;-2,30;
2026-06-03 06:08:00.0;OFF;ON;50;-3,40;-4;-1,70;3,70;93,60;0;1,80;9,50;99,30;-1,80;-2,30;
2026-06-03 06:09:00.0;OFF;ON;50;-3,40;-4;-1,70;3,60;93,50;0;1,70;9,50;99,70;-1,80;-2,30;
2026-06-03 06:10:00.0;OFF;ON;50;-3,50;-4;-1,70;3,60;93,50;0;1,80;9,50;99,20;-1,80;-2,30;
2026-06-03 06:11:00.0;OFF;ON;50;-3,40;-4;-1,70;3,60;93,50;0;1,70;9,50;99,70;-1,80;-2,30;
2026-06-03 06:12:00.0;OFF;ON;50;-3,40;-4;-1,80;3,60;93,50;0;1,70;9,50;99,60;-1,80;-2,30;
2026-06-03 06:13:00.0;OFF;ON;50;-3,50;-4;-1,80;3,60;93,40;0;1,70;9,50;99,40;-1,90;-2,30;
2026-06-03 06:14:00.0;OFF;ON;50;-3,40;-4;-1,80;3,60;93,30;0;1,60;9,50;100;-1,90;-2,30;
2026-06-03 06:15:00.0;OFF;ON;50;-3,40;-4;-1,80;3,60;93,30;0;1,70;9,50;99,70;-1,90;-2,30;
2026-06-03 06:16:00.0;OFF;ON;50;-3,30;-4;-1,50;3,60;93,40;0;1,80;9,50;100;-1,90;-2,30;
2026-06-03 06:17:00.0;OFF;ON;50;-3,30;-4;-1,50;3,50;93,50;0;1,80;9,50;100;-1,90;-2,30;
2026-06-03 06:18:00.0;OFF;ON;50;-3,30;-4;-1,40;3,50;93,50;0;1,90;9,50;100;-1,90;-2,30;
2026-06-03 06:19:00.0;OFF;ON;50;-3,20;-4;-1,50;2,30;93,50;0;1,70;9,50;100;-1,80;-2,30;
2026-06-03 06:20:00.0;OFF;ON;50;-3,20;-4;-1,60;-1,10;93,60;0;1,60;9,50;100;-1,80;-2,30;
2026-06-03 06:21:00.0;OFF;ON;50;-3,30;-4;-1,60;-2,70;93,80;0;1,70;9,50;99,70;-1,80;-2,30;
2026-06-03 06:22:00.0;OFF;ON;50;-3,30;-4;-1,60;-3,60;93,70;0;1,70;9,50;99,30;-1,80;-2,30;
2026-06-03 06:23:00.0;OFF;ON;50;-3,40;-4;-1,60;-4;93,70;0;1,70;9,50;99,40;-1,80;-2,30;
2026-06-03 06:24:00.0;OFF;ON;50;-3,30;-4;-1,70;-4,20;93,70;0;1,70;9,50;99,60;-1,80;-2,30;
2026-06-03 06:25:00.0;OFF;ON;50;-3,40;-4;-1,60;-4,20;93,80;0;1,80;9,50;99,20;-1,80;-2,30;
2026-06-03 06:26:00.0;OFF;ON;50;-3,30;-4;-1,60;-4,50;93,60;0;1,70;9,50;99,80;-1,80;-2,30;
2026-06-03 06:27:00.0;OFF;ON;50;-3,30;-4;-1,70;-4,70;93,50;0;1,70;9,50;99,60;-1,80;-2,30;
2026-06-03 06:28:00.0;OFF;ON;50;-3,40;-4;-1,70;-4,90;93,50;0;1,70;9,50;99,60;-1,90;-2,30;
2026-06-03 06:29:00.0;OFF;ON;50;-3,30;-4;-1,80;-5;93,50;0;1,60;9,50;100;-1,90;-2,30;
2026-06-03 06:30:00.0;OFF;ON;50;-3,40;-4;-1,80;-5,10;93,40;0;1,60;9,50;99,60;-1,90;-2,30;
2026-06-03 06:31:00.0;OFF;ON;50;-3,40;-4;-1,80;-5,10;93,30;0;1,60;9,50;100;-1,90;-2,30;
2026-06-03 06:32:00.0;OFF;ON;50;-3,40;-4;-1,80;-5,10;93,30;0;1,60;9,50;99,80;-1,90;-2,30;
2026-06-03 06:33:00.0;OFF;ON;50;-3,50;-4;-1,80;-4,80;93,30;0;1,70;9,50;99,50;-1,90;-2,40;
2026-06-03 06:34:00.0;OFF;ON;50;-3,40;-4;-1,80;-4,80;93,30;0;1,70;9,50;99,50;-1,90;-2,40;
2026-06-03 06:35:00.0;OFF;ON;50;-3,40;-4;-1,80;-5;93,40;0;1,60;9,50;99,80;-1,90;-2,40;
2026-06-03 06:36:00.0;OFF;ON;50;-3,40;-4;-1,80;-5,10;93,40;0;1,60;9,50;99,70;-1,90;-2,30;
2026-06-03 06:37:00.0;OFF;ON;50;-3,50;-4;-1,80;-5;93,40;93,90;1,70;9,50;99,10;-1,90;-2,30;
2026-06-03 06:38:00.0;OFF;ON;50;-3,50;-4;-1,80;-5;93,30;97,50;1,70;9,50;99,50;-1,90;-2,30;
2026-06-03 06:39:00.0;OFF;ON;50;-3,50;-4;-1,80;-4,70;93,40;97,40;1,70;9,50;99,40;-1,90;-2,40;
2026-06-03 06:40:00.0;OFF;ON;50;-3,30;-4;-1,80;-4,50;93,50;97,40;1,60;9,50;99,70;-1,90;-2,40;
2026-06-03 06:41:00.0;OFF;ON;50;-3,30;-4;-1,70;-4,40;93,50;97,50;1,60;9,50;100;-1,90;-2,40;
2026-06-03 06:42:00.0;OFF;ON;50;-3,30;-4;-1,70;-4,30;93,50;97,40;1,60;9,50;100;-1,90;-2,30;
2026-06-03 06:43:00.0;OFF;ON;50;-3,30;-4;-1,50;-4,50;93,60;97,50;1,70;9,50;100;-1,90;-2,30;
2026-06-03 06:44:00.0;OFF;ON;50;-3,40;-4;-1,70;-4,60;93,60;97,40;1,80;9,50;99,50;-1,90;-2,30;
2026-06-03 06:45:00.0;OFF;ON;50;-3,40;-4;-1,60;-4,60;93,50;97,40;1,90;9,50;99,60;-1,80;-2,30;
2026-06-03 06:46:00.0;OFF;ON;50;-3,40;-4;-1,60;-4,70;93,50;97,40;1,80;9,50;99,80;-1,80;-2,30;
2026-06-03 06:47:00.0;OFF;ON;50;-3,50;-4;-1,50;-4,90;93,50;97,50;2;9,50;99,40;-1,90;-2,30;
2026-06-03 06:48:00.0;OFF;ON;50;-3,40;-4;-1,70;-5;93,50;97,50;1,70;9,50;99,70;-1,90;-2,30;
2026-06-03 06:49:00.0;OFF;ON;50;-3,50;-4;-1,80;-5,10;93,40;97,50;1,70;9,50;99,30;-1,90;-2,40;
2026-06-03 06:50:00.0;OFF;ON;50;-3,50;-4;-1,80;-5,20;93,30;97,50;1,70;9,50;99,50;-1,90;-2,40;
2026-06-03 06:51:00.0;OFF;ON;50;-3,50;-4;-1,90;-5,20;93,30;97,50;1,60;9,50;99,80;-1,90;-2,40;
2026-06-03 06:52:00.0;OFF;ON;50;-3,60;-4;-1,90;-5,20;93,20;97,50;1,70;9,50;99,20;-1,90;-2,40;
2026-06-03 06:53:00.0;OFF;ON;50;-3,60;-4;-1,90;-5,30;93,20;97,50;1,70;9,50;99;-1,90;-2,40;
2026-06-03 06:54:00.0;OFF;ON;50;-3,60;-4;-1,70;-5,30;93,10;97,50;1,80;9,50;99,50;-1,90;-2,40;
2026-06-03 06:55:00.0;OFF;ON;50;-3,50;-4;-1,60;-5,30;93,10;97,50;1,80;9,50;100;-1,90;-2,40;
2026-06-03 06:56:00.0;OFF;ON;50;-3,60;-4;-1,60;-5,40;93,10;97,50;2;9,50;99,40;-1,90;-2,40;
2026-06-03 06:57:00.0;OFF;ON;50;-3,60;-4;-1,80;-5,40;93;97,50;1,80;9,50;99,50;-2;-2,50;
2026-06-03 06:58:00.0;OFF;ON;50;-3,60;-4;-1,90;-5,40;93,10;97,50;1,70;9,50;99,50;-2;-2,50;
2026-06-03 06:59:00.0;OFF;ON;50;-3,50;-4;-1,90;-5,40;93,10;97,50;1,60;9,50;100;-2;-2,50;
2026-06-03 07:00:00.0;OFF;ON;50;-3,50;-4;-1,90;-5,40;93,10;97,50;1,60;9,50;99,70;-1,90;-2,50;
2026-06-03 07:01:00.0;OFF;ON;50;-3,60;-4;-1,90;-5,40;93,10;97,50;1,60;9,50;99,70;-2;-2,50;
2026-06-03 07:02:00.0;OFF;ON;50;-3,60;-4;-1,90;-5,40;93,10;97,50;1,60;9,50;99,70;-2;-2,50;
2026-06-03 07:03:00.0;OFF;ON;50;-3,60;-4;-1,80;-5,40;93,10;97,50;1,80;9,50;99,60;-2;-2,50;
2026-06-03 07:04:00.0;OFF;ON;50;-3,60;-4;-1,90;-5,40;93,10;97,50;1,70;9,50;99,30;-2;-2,50;
2026-06-03 07:05:00.0;OFF;ON;50;-3,40;-4;-1,90;-5,40;93,10;97,50;1,50;9,50;100;-2;-2,40;
2026-06-03 07:06:00.0;OFF;ON;50;-3,40;-4;-1,90;-5,40;93,10;97,50;1,50;9,50;100;-2;-2,40;
2026-06-03 07:07:00.0;OFF;ON;50;-3,40;-4;-2;-5,40;93,10;97,50;1,40;9,50;100;-2;-2,40;
2026-06-03 07:08:00.0;OFF;ON;50;-3,50;-4;-1,90;-5,40;93,30;97,50;1,60;9,50;99,40;-2;-2,40;
2026-06-03 07:09:00.0;OFF;ON;50;-3,50;-4;-1,90;-5,30;93,30;97,50;1,50;9,50;99,70;-1,90;-2,40;
2026-06-03 07:10:00.0;OFF;ON;50;-3,50;-4;-1,90;-5,30;93,30;97,50;1,60;9,50;99,60;-1,90;-2,40;
2026-06-03 07:11:00.0;OFF;ON;50;-3,40;-4;-1,80;-5,30;93,40;97,50;1,60;9,50;100;-1,90;-2,40;
2026-06-03 07:12:00.0;OFF;ON;50;-3,40;-4;-1,90;-5,30;93,30;97,50;1,50;9,50;99,60;-1,90;-2,40;
2026-06-03 07:13:00.0;OFF;ON;50;-3,30;-4;-1,70;-5,10;93,40;97,40;1,60;9,50;99,80;-1,90;-2,40;
2026-06-03 07:14:00.0;OFF;ON;50;-3,40;-4;-1,80;-4,90;93,50;97,40;1,60;9,50;99,70;-1,90;-2,40;
2026-06-03 07:15:00.0;OFF;ON;50;-3,30;-4;-1,80;-4,60;93,60;97,50;1,50;9,50;100;-1,90;-2,40;
2026-06-03 07:16:00.0;OFF;ON;50;-3,30;-4;-1,70;-4,40;93,70;97,40;1,50;9,50;100;-1,90;-2,30;
2026-06-03 07:17:00.0;OFF;ON;50;-3,10;-4;-1,70;-4,40;93,80;97,40;1,40;9,50;100;-1,90;-2,30;
2026-06-03 07:18:00.0;OFF;ON;50;-3,20;-4;-1,60;-4,30;93,80;97,40;1,60;9,50;99,60;-1,90;-2,30;
2026-06-03 07:19:00.0;OFF;ON;50;-3,20;-4;-1,50;-4,40;93,90;97,40;1,70;9,50;99,70;-1,90;-2,30;
2026-06-03 07:20:00.0;OFF;ON;50;-3,30;-4;-1,50;-4,50;93,90;97,40;1,80;9,50;99,20;-1,90;-2,30;
2026-06-03 07:21:00.0;OFF;ON;50;-3,20;-4;-1,40;-4,40;93,80;97,40;1,80;9,50;100;-1,90;-2,30;
2026-06-03 07:22:00.0;OFF;ON;50;-3,60;-4;-1,50;-4,70;93,90;97,40;2,10;9,50;98,30;-1,90;-2,30;
2026-06-03 07:23:00.0;OFF;ON;50;-3,70;-4;-1,60;-4,90;93,80;97,40;2,20;9,50;98;-1,80;-2,30;
2026-06-03 07:24:00.0;OFF;ON;50;-3,80;-4;-1,60;-4,90;93,60;97,40;2,20;9,50;98,20;-1,90;-2,40;
2026-06-03 07:25:00.0;OFF;ON;50;-3,70;-4;-1,80;-4,90;93,40;97,40;1,90;9,50;99;-1,90;-2,50;
2026-06-03 07:26:00.0;OFF;ON;50;-3,50;-4;-1,80;-4,90;93,20;97,40;1,80;9,50;100;-2;-2,50;
2026-06-03 07:27:00.0;OFF;ON;50;-3,40;-4;-1,80;-4,70;93,10;97,40;1,70;9,50;100;-2;-2,50;
2026-06-03 07:28:00.0;OFF;ON;50;-3,40;-4;-1,80;-4,60;93,20;97,40;1,60;9,50;99,60;-2;-2,50;
2026-06-03 07:29:00.0;OFF;ON;50;-3,30;-4;-1,80;-4,80;93,30;97,40;1,50;9,50;99,80;-2;-2,40;
2026-06-03 07:30:00.0;OFF;ON;50;-3,30;-4;-1,80;-5,10;93,40;97,40;1,50;9,50;99,60;-1,90;-2,40;
2026-06-03 07:31:00.0;OFF;ON;50;-3,30;-4;-1,80;-5,20;93,50;97,40;1,60;9,50;99,60;-1,90;-2,30;
2026-06-03 07:32:00.0;OFF;ON;50;-3,30;-4;-1,70;-5,20;93,50;97,40;1,60;9,50;99,60;-1,90;-2,30;
2026-06-03 07:33:00.0;OFF;ON;50;-3,30;-4;-1,90;-5,30;93,40;97,40;1,40;9,50;100;-1,90;-2,30;
2026-06-03 07:34:00.0;OFF;ON;50;-3,40;-4;-1,90;-5,30;93,30;97,40;1,50;9,50;99,50;-1,90;-2,30;
2026-06-03 07:35:00.0;OFF;ON;50;-3,30;-4;-1,90;-5,30;93,40;97,40;1,30;9,50;100;-1,90;-2,30;
2026-06-03 07:36:00.0;OFF;ON;50;-3,30;-4;-1,90;-5,10;93,40;97,50;1,40;9,50;100;-1,90;-2,30;
2026-06-03 07:37:00.0;OFF;ON;50;-3,20;-4;-1,70;-4,80;93,40;97,40;1,50;9,50;100;-1,90;-2,30;
2026-06-03 07:38:00.0;OFF;ON;50;-3,20;-4;-1,70;-4,60;93,50;97,40;1,50;9,50;99,40;-1,90;-2,30;
2026-06-03 07:39:00.0;OFF;ON;50;-3,30;-4;-1,70;-4,60;93,70;97,40;1,50;9,50;99,30;-1,90;-2,30;
2026-06-03 07:40:00.0;OFF;ON;50;-3;-4;-1,70;-4,40;93,80;97,40;1,30;9,50;100;-1,80;-2,30;
2026-06-03 07:41:00.0;OFF;ON;50;-3,10;-4;-1,70;-4,50;93,90;97,40;1,40;9,50;99,60;-1,80;-2,20;
2026-06-03 07:42:00.0;OFF;ON;50;-3,30;-4;-1,60;-4,70;94;97,40;1,70;9,50;99,20;-1,80;-2,20;
2026-06-03 07:43:00.0;OFF;ON;50;-3,30;-4;-1,70;-4,60;93,90;97,40;1,60;9,50;99,30;-1,80;-2,20;
2026-06-03 07:44:00.0;OFF;ON;50;-3,10;-4;-1,70;-4,60;93,80;97,40;1,40;9,50;100;-1,80;-2,20;
2026-06-03 07:45:00.0;OFF;ON;50;-3,10;-4;-1,70;-4,80;93,80;97,40;1,50;9,50;99,80;-1,80;-2,20;
2026-06-03 07:46:00.0;OFF;ON;50;-3,20;-4;-1,80;-5;93,70;97,40;1,40;9,50;99,70;-1,80;-2,20;
2026-06-03 07:47:00.0;OFF;ON;50;-3,20;-4;-1,80;-5,10;93,60;97,40;1,40;9,50;100;-1,80;-2,20;
2026-06-03 07:48:00.0;OFF;ON;50;-3,30;-4;-1,70;-5,10;93,50;97,40;1,50;9,50;99,80;-1,90;-2,30;
2026-06-03 07:49:00.0;OFF;ON;50;-3,40;-4;-1,80;-5;93,50;0;1,50;9,50;99,40;-1,90;-2,30;
2026-06-03 07:50:00.0;OFF;ON;50;-3,20;-4;-1,60;-4,70;93,50;0;1,60;9,50;100;-1,90;-2,30;
2026-06-03 07:51:00.0;OFF;ON;50;-3,20;-4;-1,70;-4,60;93,50;0;1,50;9,50;100;-1,90;-2,30;
2026-06-03 07:52:00.0;OFF;ON;50;-3,20;-4;-1,70;-4,50;93,70;0;1,50;9,50;99,70;-1,90;-2,30;
2026-06-03 07:53:00.0;OFF;ON;50;-3,10;-4;-1,60;-4,30;93,80;0;1,50;9,50;100;-1,90;-2,30;
2026-06-03 07:54:00.0;OFF;ON;50;-3,20;-4;-1,70;-4,30;93,80;0;1,60;9,50;99,60;-1,90;-2,30;
2026-06-03 07:55:00.0;OFF;ON;50;-3,20;-4;-1,70;-4,30;93,90;0;1,50;9,50;99,70;-1,90;-2,20;
2026-06-03 07:56:00.0;OFF;ON;50;-3,10;-4;-1,60;-4,30;94;0;1,50;9,50;99,80;-1,80;-2,20;
2026-06-03 07:57:00.0;OFF;ON;50;-3,20;-4;-1,60;-4,20;94;0;1,50;9,50;99,80;-1,80;-2,20;
2026-06-03 07:58:00.0;OFF;ON;50;-2,10;-4;-1,50;-4,20;94;0;0,60;9,50;99,70;-1,80;-2,20;
2026-06-03 07:59:00.0;OFF;ON;50;-1,80;-4;-1,60;-4,30;94,10;0;0,30;9,50;99,60;-1,80;-2;
2026-06-03 08:00:00.0;OFF;ON;50;-1,40;-4;-1,40;-4,20;94,50;0;0;9,50;100;-1,70;-1,70;
2026-06-03 08:01:00.0;OFF;ON;50;-1,20;-4;-1,20;-4,10;94,90;0;-0,10;9,50;100;-1,50;-1,40;
2026-06-03 08:02:00.0;OFF;ON;50;-1;-4;-1,20;-3,90;95,30;0;-0,20;9,50;99,70;-1,40;-1,20;
2026-06-03 08:03:00.0;OFF;ON;50;-0,80;-4;-1;-3,80;95,70;0;-0,20;9,50;100;-1,30;-1;
2026-06-03 08:04:00.0;OFF;ON;50;-0,60;-4;-0,80;-3,70;96;0;-0,20;9,50;100;-1,20;-0,90;
2026-06-03 08:05:00.0;OFF;ON;50;-0,40;-4;-0,80;-3,60;96,40;0;-0,40;9,50;100;-1,10;-0,70;
2026-06-03 08:06:00.0;OFF;ON;50;-0,30;-4;-0,70;-3,50;96,70;0;-0,40;9,50;100;-1;-0,60;
2026-06-03 08:07:00.0;OFF;ON;50;-0,20;-4;-0,60;-3,50;96,80;0;-0,50;9,50;100;-0,90;-0,40;
2026-06-03 08:08:00.0;OFF;ON;50;-0,10;-4;-0,60;-3,40;97;0;-0,50;9,50;100;-0,80;-0,30;
2026-06-03 08:09:00.0;OFF;ON;50;0,10;-4;-0,50;-3,30;97,20;0;-0,60;9,50;100;-0,80;-0,20;
2026-06-03 08:10:00.0;OFF;ON;50;0;-4;-0,50;-3,20;97,20;0;-0,50;9,50;99,60;-0,70;-0,20;
2026-06-03 08:11:00.0;OFF;ON;50;0,20;-3,90;-0,40;-3,20;97,50;0;-0,60;9,50;99,70;-0,60;-0,10;
2026-06-03 08:12:00.0;OFF;ON;50;0,30;-3,90;-0,40;-3,10;97,60;0;-0,70;9,50;100;-0,60;0;
2026-06-03 08:13:00.0;OFF;ON;50;0,40;-3,90;-0,30;-3;97,70;0;-0,80;9,50;100;-0,50;0,10;
2026-06-03 08:14:00.0;OFF;ON;50;0,50;-3,80;-0,30;-2,90;97,80;0;-0,80;9,50;100;-0,50;0,20;
2026-06-03 08:15:00.0;OFF;ON;50;0,50;-3,80;-0,30;-2,90;97,90;0;-0,80;9,50;100;-0,40;0,20;
2026-06-03 08:16:00.0;OFF;ON;50;0,50;-3,80;-0,30;-2,90;97,90;0;-0,80;9,50;100;-0,40;0,20;
2026-06-03 08:17:00.0;OFF;ON;50;0,50;-3,80;-0,30;-2,90;97,90;0;-0,80;9,50;100;-0,40;0,20;
2026-06-03 08:18:00.0;OFF;ON;50;0,50;-3,80;-0,30;-3;97,90;0;-0,80;9,50;100;-0,40;0,30;
2026-06-03 08:19:00.0;OFF;ON;50;0,60;-3,80;-0,30;-3;97,90;0;-0,80;9,50;100;-0,40;0,30;
2026-06-03 08:20:00.0;OFF;ON;50;0,60;-3,80;-0,30;-3;97,90;0;-0,80;9,50;100;-0,40;0,30;
2026-06-03 08:21:00.0;OFF;ON;50;0,60;-3,80;-0,30;-3,10;97,90;0;-0,80;9,50;100;-0,40;0,30;
2026-06-03 08:22:00.0;OFF;ON;50;0,50;-3,80;-0,30;-3,10;97,90;0;-0,80;9,50;99,60;-0,40;0,30;
2026-06-03 08:23:00.0;OFF;ON;50;0,50;-3,80;-0,30;-3,10;97,80;0;-0,80;9,50;99,60;-0,40;0,30;
2026-06-03 08:24:00.0;OFF;ON;50;0,60;-3,80;-0,30;-3,10;97,80;0;-0,90;9,50;100;-0,40;0,30;
2026-06-03 08:25:00.0;OFF;ON;50;0,50;-3,80;-0,30;-3,10;97,80;0;-0,80;9,50;99,70;-0,30;0,30;
2026-06-03 08:26:00.0;OFF;ON;50;0,60;-3,80;-0,30;-3,10;97,80;0;-0,80;9,50;99,80;-0,30;0,30;
2026-06-03 08:27:00.0;OFF;ON;50;0,60;-3,80;-0,30;-3;97,80;0;-0,90;9,50;100;-0,30;0,30;
2026-06-03 08:28:00.0;OFF;ON;50;0,60;-3,70;-0,20;-3;97,70;0;-0,80;9,50;100;-0,30;0,30;
2026-06-03 08:29:00.0;OFF;ON;50;0,60;-3,70;-0,20;-2,90;97,80;0;-0,80;9,50;99,80;-0,30;0,30;
2026-06-03 08:30:00.0;OFF;ON;50;0,60;-3,70;-0,20;-2,90;97,70;0;-0,90;9,50;100;-0,30;0,30;
2026-06-03 08:31:00.0;OFF;ON;50;0,60;-3,70;-0,20;-2,80;97,80;0;-0,80;9,50;99,70;-0,30;0,30;
2026-06-03 08:32:00.0;OFF;ON;50;0,70;-3,70;-0,20;-2,70;97,80;0;-0,90;9,50;100;-0,30;0,30;
2026-06-03 08:33:00.0;OFF;ON;50;0,60;-3,70;-0,20;-2,80;97,70;0;-0,80;9,50;99,70;-0,30;0,30;
2026-06-03 08:34:00.0;OFF;ON;50;0,70;-3,70;-0,20;-2,80;97,80;0;-0,90;9,50;100;-0,30;0,30;
2026-06-03 08:35:00.0;OFF;ON;50;0,60;-3,70;-0,20;-2,70;97,70;0;-0,80;9,50;99,70;-0,30;0,30;
2026-06-03 08:36:00.0;OFF;ON;50;0,70;-3,70;-0,20;-2,80;97,70;0;-0,90;9,50;100;-0,30;0,30;
2026-06-03 08:37:00.0;OFF;ON;50;0,70;-3,70;-0,20;-2,90;97,60;0;-0,90;9,50;100;-0,30;0,30;
2026-06-03 08:38:00.0;OFF;ON;50;0,70;-3,70;-0,20;-2,90;97,60;0;-0,80;9,50;99,60;-0,30;0,30;
2026-06-03 08:39:00.0;OFF;ON;50;0,70;-3,70;-0,20;-3;97,50;0;-0,90;9,50;100;-0,30;0,30;
2026-06-03 08:40:00.0;OFF;ON;50;0,70;-3,70;-0,20;-3;97,50;0;-0,90;9,50;100;-0,30;0,30;
2026-06-03 08:41:00.0;OFF;ON;50;0,60;-3,70;-0,20;-3;97,50;0;-0,80;9,50;99,60;-0,30;0,30;
2026-06-03 08:42:00.0;OFF;ON;50;0,70;-3,70;-0,20;-3;97,40;0;-0,90;9,50;100;-0,30;0,30;
2026-06-03 08:43:00.0;OFF;ON;50;0,70;-3,70;-0,20;-3;97,40;0;-0,90;9,50;100;-0,30;0,30;
2026-06-03 08:44:00.0;OFF;ON;50;0,70;-3,70;-0,20;-3;97,40;0;-0,90;9,50;100;-0,30;0,30;
2026-06-03 08:45:00.0;OFF;ON;50;0,70;-3,70;-0,20;-3;97,30;0;-0,90;9,50;100;-0,30;0,30;
2026-06-03 08:46:00.0;OFF;ON;50;0,70;-3,70;-0,20;-3;97,30;0;-0,90;9,50;100;-0,30;0,30;
2026-06-03 08:47:00.0;OFF;ON;50;0,70;-3,70;-0,20;-2,90;97,30;0;-0,80;9,50;99,70;-0,30;0,30;
2026-06-03 08:48:00.0;OFF;ON;50;0,80;-3,70;-0,10;-2,90;97,30;0;-0,80;9,50;100;-0,30;0,30;
2026-06-03 08:49:00.0;OFF;ON;50;0,70;-3,60;-0,10;-2,80;97,40;0;-0,90;9,50;100;-0,30;0,30;
2026-06-03 08:50:00.0;OFF;ON;50;0,80;-3,60;-0,10;-2,80;97,40;0;-0,90;9,50;100;-0,30;0,30;
2026-06-03 08:51:00.0;OFF;ON;50;0,80;-3,60;-0,10;-2,80;97,40;0;-0,90;9,50;100;-0,30;0,30;
2026-06-03 08:52:00.0;OFF;ON;50;0,70;-3,60;-0,10;-2,80;97,40;0;-0,80;9,50;99,70;-0,20;0,30;
2026-06-03 08:53:00.0;OFF;ON;50;0,80;-3,60;-0,10;-2,80;97,40;0;-0,90;9,50;100;-0,20;0,30;
2026-06-03 08:54:00.0;OFF;ON;50;0,80;-3,60;-0,10;-2,80;97,40;0;-0,90;9,50;100;-0,20;0,30;
2026-06-03 08:55:00.0;OFF;ON;50;0,70;-3,60;-0,10;-2,80;97,50;0;-0,80;9,50;99,60;-0,20;0,30;
2026-06-03 08:56:00.0;OFF;ON;50;0,80;-3,60;-0,10;-2,70;97,40;0;-0,80;9,50;99,80;-0,20;0,30;
2026-06-03 08:57:00.0;OFF;ON;50;0,90;-3,60;-0,10;-2,80;97,40;0;-0,90;9,50;100;-0,20;0,30;
2026-06-03 08:58:00.0;OFF;ON;50;0,50;-3,60;-0,10;-2,80;97,40;0;-0,60;9,50;99,70;-0,20;0,30;
2026-06-03 08:59:00.0;OFF;ON;50;0,40;-3,60;-0,10;-2,70;97,40;0;-0,40;9,50;100;-0,20;0,30;
2026-06-03 09:00:00.0;OFF;ON;50;-0,10;-3,60;0;-2,70;97,40;0;0;9,50;99,70;-0,20;0,30;
2026-06-03 09:01:00.0;OFF;ON;50;-0,40;-3,60;-0,10;-2,70;97,50;0;0,40;9,50;99,60;-0,20;0,30;
2026-06-03 09:02:00.0;OFF;ON;50;-0,60;-3,60;0;-2,70;97,40;0;0,60;9,50;100;-0,20;0,30;
2026-06-03 09:03:00.0;OFF;ON;50;-0,70;-3,50;0;-2,70;97,40;0;0,60;9,50;100;-0,20;0,20;
2026-06-03 09:04:00.0;OFF;ON;50;-0,90;-3,50;0;-2,70;97,50;0;0,80;9,50;99,80;-0,20;0,20;
2026-06-03 09:05:00.0;OFF;ON;50;-0,90;-3,50;0;-2,70;97,50;0;0,80;9,50;100;-0,20;0,20;
2026-06-03 09:06:00.0;OFF;ON;50;-1,10;-3,60;-0,10;-2,70;97,50;0;1;9,50;99,70;-0,20;0,20;
2026-06-03 09:07:00.0;OFF;ON;50;-1,10;-3,60;-0,10;-2,70;97,40;0;1,10;9,50;100;-0,20;0,20;
2026-06-03 09:08:00.0;OFF;ON;50;-1,30;-3,60;0;-2,70;97,40;0;1,20;9,50;100;-0,20;0,20;
2026-06-03 09:09:00.0;OFF;ON;50;-1,40;-3,60;-0,10;-2,70;97,40;0;1,30;9,50;99,60;-0,20;0,20;
2026-06-03 09:10:00.0;OFF;ON;50;-1,50;-3,60;-0,10;-2,70;97,40;0;1,40;9,50;99,60;-0,20;0,20;
2026-06-03 09:11:00.0;OFF;ON;50;-1,50;-3,60;-0,10;-2,80;97,30;0;1,50;9,50;99,80;-0,20;0,10;
2026-06-03 09:12:00.0;OFF;ON;50;-1,60;-3,60;-0,10;-2,80;97,30;0;1,60;9,50;99,70;-0,30;0,10;
2026-06-03 09:13:00.0;OFF;ON;50;-1,60;-3,60;-0,10;-2,70;97,30;0;1,50;9,50;100;-0,30;0,10;
2026-06-03 09:14:00.0;OFF;ON;50;-1,70;-3,60;-0,10;-2,80;97,20;0;1,60;9,50;99,70;-0,30;0;
2026-06-03 09:15:00.0;OFF;ON;50;-1,70;-3,60;-0,20;-2,80;97,20;0;1,50;9,50;100;-0,40;-0,10;
2026-06-03 09:16:00.0;OFF;ON;50;-1,80;-3,70;-0,20;-2,80;97,10;0;1,60;9,50;99,70;-0,40;-0,20;
2026-06-03 09:17:00.0;OFF;ON;50;-2,20;-3,70;-0,20;-2,90;97,10;0;1,90;9,50;99,40;-0,40;-0,40;
2026-06-03 09:18:00.0;OFF;ON;50;-2,40;-3,80;-0,30;-3,10;96,80;0;2,10;9,50;100;-0,60;-0,90;
2026-06-03 09:19:00.0;OFF;ON;50;-2,40;-3,90;-0,50;-3,20;96,50;0;2;9,50;100;-0,80;-1,20;
2026-06-03 09:20:00.0;OFF;ON;50;-2,60;-4;-0,60;-3,30;95,90;0;2,10;9,50;100;-0,90;-1,30;
2026-06-03 09:21:00.0;OFF;ON;50;-2,80;-4;-0,60;-3,40;95,70;0;2,20;9,50;100;-1;-1,50;
2026-06-03 09:22:00.0;OFF;ON;50;-2,90;-4;-0,70;-3,60;95,10;0;2,20;9,50;100;-1;-1,60;
2026-06-03 09:23:00.0;OFF;ON;50;-3,10;-4;-0,70;-3,70;94,70;0;2,40;9,50;99,60;-1,10;-1,70;
2026-06-03 09:24:00.0;OFF;ON;50;-3,30;-4;-0,70;-3,90;93,80;0;2,50;9,50;99,80;-1,30;-1,80;
2026-06-03 09:25:00.0;OFF;ON;50;-3,40;-4;-0,80;-4,10;93,10;0;2,60;9,50;99,80;-1,40;-2,10;
2026-06-03 09:26:00.0;OFF;ON;50;-3,50;-4;-0,90;-4,20;92,70;0;2,70;9,50;99,50;-1,50;-2,20;
2026-06-03 09:27:00.0;ON;OFF;50;-3,30;2,60;-0,90;-4,30;92,40;0;2,40;2,50;61,80;-1,40;-2,30;
2026-06-03 09:28:00.0;ON;OFF;50;-2,30;2,60;-0,90;-4,30;92,80;0;1,40;2,50;60,80;-1,30;-2,30;
2026-06-03 09:29:00.0;ON;OFF;50;-2,20;2,60;-0,90;-4,20;93,40;0;1,30;2,50;51,90;-1,20;-1,90;
2026-06-03 09:30:00.0;ON;OFF;50;-1,90;2,70;-0,80;-4,20;93,70;0;1,10;2,50;48,60;-1,10;-1,70;
2026-06-03 09:31:00.0;ON;OFF;50;-1,40;2,90;-0,50;-4;94,60;0;0,80;2,50;40;-0,80;-1,60;
2026-06-03 09:32:00.0;ON;OFF;50;-1,30;3;-0,40;-4;94,90;0;0,80;2,50;40;-0,30;-1,10;
2026-06-03 09:33:00.0;ON;OFF;50;-1,10;3,20;-0,30;-3,90;95,70;0;0,80;2,50;40;-0,10;-0,80;
2026-06-03 09:34:00.0;ON;OFF;50;-1;3,20;-0,20;-3,70;96,30;0;0,70;2,50;40;0;-0,60;
2026-06-03 09:35:00.0;ON;OFF;50;-0,80;3,40;-0,10;-3,30;96,80;0;0,70;2,50;40;0,30;-0,40;
2026-06-03 09:36:00.0;ON;OFF;50;-0,60;3,50;0;-2,90;97,40;0;0,60;2,50;40;0,30;-0,30;
2026-06-03 09:37:00.0;ON;OFF;50;-0,50;-2,40;0,10;37,30;97,80;119,30;0,70;2,50;50,10;0,30;-0,20;
2026-06-03 09:38:00.0;ON;OFF;50;-0,40;-2,30;0,20;41;98,10;119,20;0,60;2,50;53,30;0,20;-0,10;
2026-06-03 09:39:00.0;ON;OFF;50;-0,40;-2,10;0,40;42,10;98,20;119,10;0,80;2,50;55,10;0,40;-0,10;
2026-06-03 09:40:00.0;ON;OFF;50;-0,40;-2;0,50;42,60;98,20;119,10;0,90;2,50;57,30;0,50;0;
2026-06-03 09:41:00.0;ON;OFF;50;-0,50;-2;0,60;42,80;98,20;119,10;1;2,50;59,30;0,60;0;
2026-06-03 09:42:00.0;ON;OFF;50;-0,50;-1,90;0,70;43;98,20;119,10;1,10;2,50;61;0,60;0;
2026-06-03 09:43:00.0;ON;OFF;50;-0,50;-1,80;0,70;43,10;98,20;119,10;1,20;2,50;62,10;0,70;0;
2026-06-03 09:44:00.0;ON;OFF;50;-0,50;-1,70;0,90;43,20;98,20;119;1,30;2,50;63,90;0,70;0;
2026-06-03 09:45:00.0;ON;OFF;50;-0,40;-1,60;0,90;43,20;98,20;119;1,30;2,50;65,10;0,80;0;
2026-06-03 09:46:00.0;ON;OFF;50;-0,40;-1,40;1,10;43,30;98,20;119;1,60;2,50;65,70;0,80;0;
2026-06-03 09:47:00.0;ON;OFF;50;-0,40;-1,30;1,20;43,30;98,30;119;1,60;2,50;66,70;0,90;0,10;
2026-06-03 09:48:00.0;ON;OFF;50;-0,50;-1,20;1,30;43,40;98,30;119;1,80;2,50;67,20;1;0,10;
2026-06-03 09:49:00.0;ON;OFF;50;-0,40;-1,20;1,40;43,40;98,30;119;1,80;2,50;68,10;1;0,10;
2026-06-03 09:50:00.0;ON;OFF;50;-0,40;-1,10;1,40;43,40;98,30;118,90;1,80;2,50;68,70;1,10;0,10;
2026-06-03 09:51:00.0;ON;OFF;50;-0,40;-1,10;1,50;43,40;98,30;118,80;1,90;2,50;69,30;1,10;0,10;
2026-06-03 09:52:00.0;ON;OFF;50;-0,50;-1;1,50;43,50;98,30;118,90;2;2,50;69,30;1,10;0,10;
2026-06-03 09:53:00.0;ON;OFF;50;-0,50;-0,90;1,60;43,50;98,30;118,90;2,20;2,50;69,30;1,20;0,10;
2026-06-03 09:54:00.0;ON;OFF;50;-0,40;-0,90;1,80;43,50;98,30;118,80;2,20;2,50;69,60;1,40;0,10;
2026-06-03 09:55:00.0;---;---;---;---;---;---;---;---;---;---;2,50;---;---;0,10;
2026-06-03 09:56:00.0;ON;OFF;50;-0,40;-0,60;1,90;43,50;98,30;118,90;2,30;2,50;69,70;1,70;0,20;
2026-06-03 09:57:00.0;---;---;---;-0,30;---;2;43,50;98,30;118,80;2,30;2,50;69,90;1,70;0,20;
2026-06-03 09:58:00.0;---;---;---;---;---;---;---;---;---;---;---;---;---;---;
2026-06-03 09:59:00.0;ON;OFF;50;-0,30;-0,40;2,20;43,50;98,30;118,90;2,50;2,50;69,40;1,90;0,20;
2026-06-03 10:00:00.0;ON;OFF;50;-0,20;-0,30;2,30;43,50;98,30;118,90;2,50;2,50;68,70;2;0,30;
2026-06-03 10:01:00.0;ON;OFF;50;-0,20;-0,20;2,40;43,60;98,30;118,90;2,50;2,50;68,60;2,10;0,30;
2026-06-03 10:02:00.0;ON;OFF;50;-0,10;-0,10;2,40;43,60;98,30;119;2,50;2,50;68,90;2,10;0,30;
2026-06-03 10:03:00.0;ON;OFF;50;-0,20;-0,10;2,50;43,60;98,30;119;2,70;2,50;67,80;2,20;0,40;
2026-06-03 10:04:00.0;ON;OFF;50;-0,10;0,10;2,70;43,60;98,30;119;2,80;2,50;66,40;2,40;0,40;
2026-06-03 10:05:00.0;ON;OFF;50;-0,10;0,30;2,90;43,60;98,30;118,90;3;2,50;65;2,50;0,40;
2026-06-03 10:06:00.0;ON;OFF;50;-0,20;0,60;3,10;43,60;98,30;118,90;3,30;2,50;62,70;2,60;0,50;
2026-06-03 10:07:00.0;ON;OFF;50;-0,10;0,70;3,20;43,60;98,30;118,80;3,40;2,50;61,20;2,60;0,50;
2026-06-03 10:08:00.0;ON;OFF;50;-0,10;0,80;3,40;43,60;98,30;118,80;3,50;2,50;59,10;2,60;0,50;
2026-06-03 10:09:00.0;ON;OFF;50;0;0,90;3,50;43,60;98,30;118,80;3,40;2,50;58,40;2,70;0,50;
2026-06-03 10:10:00.0;ON;OFF;50;0,10;1,10;3,60;43,60;98,30;118,80;3,50;2,50;56,50;2,80;0,50;
2026-06-03 10:11:00.0;ON;OFF;50;0,30;1,20;3,70;43,60;98,30;118,80;3,40;2,50;56,20;2,80;0,50;
2026-06-03 10:12:00.0;ON;OFF;50;0,40;1,30;3,80;43,60;98,30;118,70;3,40;2,50;53,90;2,90;0,50;
2026-06-03 10:13:00.0;ON;OFF;50;0,90;1,40;3,90;43,60;98,30;118,70;3;2,50;55,60;3;0,50;
2026-06-03 10:14:00.0;ON;OFF;50;0,80;1,50;4,10;43,60;98,30;118,70;3,30;2,50;52,50;3,30;0,60;
2026-06-03 10:15:00.0;ON;OFF;50;0,80;1,60;4,20;43,60;98,30;118,80;3,40;2,50;51,10;3,40;0,70;
2026-06-03 10:16:00.0;ON;OFF;50;1,30;1,80;4,40;43,60;98,30;118,70;3,10;2,50;51,60;3,40;0,70;
2026-06-03 10:17:00.0;ON;OFF;50;1,40;1,90;4,60;43,60;98,30;118,70;3,10;2,50;50,50;3,50;0,70;
2026-06-03 10:18:00.0;ON;OFF;50;1,50;2,10;4,60;43,60;98,30;118,70;3,20;2,50;49,20;3,60;0,80;
2026-06-03 10:19:00.0;ON;OFF;50;1,60;2,20;4,70;43,60;98,30;118,70;3;2,50;49,50;3,60;0,80;
2026-06-03 10:20:00.0;ON;OFF;50;1,60;2,30;4,80;43,60;98,30;118,60;3,20;2,50;47,90;3,60;0,90;
2026-06-03 10:21:00.0;ON;OFF;50;2;2,40;5;43,60;98,30;118,60;3;2,50;48,30;3,60;0,90;
2026-06-03 10:22:00.0;ON;OFF;50;2,20;2,50;5,10;43,50;98,30;118,50;2,90;2,50;47,60;3,80;1,10;
2026-06-03 10:23:00.0;ON;OFF;50;2,30;2,70;5,30;43,50;98,30;118,50;3;2,50;46,50;4;1,20;
2026-06-03 10:24:00.0;ON;OFF;50;2,50;2,90;5,50;43,50;98,30;118,50;3;2,50;46;4;1,40;
2026-06-03 10:25:00.0;ON;OFF;50;2,70;3,10;5,80;43,50;98,40;118,50;3,10;2,50;44,90;4,10;1,70;
2026-06-03 10:26:00.0;ON;OFF;50;2,90;3,50;6;43,50;98,30;118,50;3;2,50;44,50;4,20;1,90;
2026-06-03 10:27:00.0;ON;OFF;50;3,50;3,80;6,50;43,50;98,40;118,50;3;2,50;43,90;4,50;2,80;
2026-06-03 10:28:00.0;ON;OFF;50;4;4;6,70;43,50;98,40;118,50;2,70;2,50;44,80;4,70;3,60;
2026-06-03 10:29:00.0;ON;OFF;50;4,80;4,30;7,10;43,50;98,40;118,50;2,30;2,50;46,90;5,20;4,50;
2026-06-03 10:30:00.0;ON;OFF;50;5,40;4,70;7,40;43,50;98,40;118,50;2;2,50;48,80;5,70;5,10;
2026-06-03 10:31:00.0;ON;OFF;50;6;5,10;7,80;43,40;98,40;118,50;1,90;2,50;50,20;6,10;5,70;
2026-06-03 10:32:00.0;ON;OFF;50;6,30;5,40;8,20;43,40;98,40;118,50;1,90;2,50;51,10;6,50;6,30;
2026-06-03 10:33:00.0;ON;OFF;50;6,50;5,80;8,50;43,40;98,40;118,50;1,90;2,50;51,90;6,80;6,60;
2026-06-03 10:34:00.0;ON;OFF;50;6,80;6;8,70;43,40;98,40;118,50;2;2,50;52,70;7,10;6,90;
2026-06-03 10:35:00.0;ON;OFF;50;7;6,30;8,90;43,40;98,40;118,50;1,90;2,50;53,60;7,40;7,20;
2026-06-03 10:36:00.0;ON;OFF;50;6,70;6,40;9;43,30;98,40;118,40;2,30;2,50;52,10;7,70;7,40;
2026-06-03 10:37:00.0;ON;OFF;50;6,40;6,70;9,20;43,30;98,40;118,40;2,80;2,50;49,50;7,90;7,50;
2026-06-03 10:38:00.0;ON;OFF;50;6,10;6,70;9,40;43,30;98,40;118,40;3,30;2,50;46,70;8,30;7,50;
2026-06-03 10:39:00.0;ON;OFF;50;6;6,90;9,40;43,30;98,40;118,40;3,40;2,50;45,10;8,30;7,50;
2026-06-03 10:40:00.0;ON;OFF;50;6,20;7;9,50;43,30;98,40;118,40;3,30;2,50;44,10;8,50;7,50;
2026-06-03 10:41:00.0;ON;OFF;50;6,80;7;9,50;43,20;98,50;118,40;2,70;2,50;46,20;8,50;7,50;
2026-06-03 10:42:00.0;ON;OFF;50;6,90;7,10;9,60;43,20;98,50;118,40;2,70;2,50;45,70;8,50;7,70;
2026-06-03 10:43:00.0;ON;OFF;50;6,80;7,20;9,80;43,20;98,50;118,40;3;2,50;43,90;8,80;7,70;
2026-06-03 10:44:00.0;ON;OFF;50;7;7,30;10;43,20;98,50;118,40;3;2,50;43,10;9;8;
2026-06-03 10:45:00.0;ON;OFF;50;6,90;7,50;10;43,10;98,50;118,40;3,10;2,50;42;9;8,10;
2026-06-03 10:46:00.0;ON;OFF;50;7,10;7,60;10,20;43,10;98,50;118,40;3,10;2,50;41,50;9,10;8,10;
2026-06-03 10:47:00.0;ON;OFF;50;7,80;7,70;10,30;43,10;98,50;118,40;2,50;2,50;44,30;9,20;8,30;
2026-06-03 10:48:00.0;ON;OFF;50;8,10;7,90;10,50;43;98,50;118,30;2,40;2,50;44,40;9,30;8,60;
2026-06-03 10:49:00.0;ON;OFF;50;8,60;8,10;10,80;43;98,50;118,40;2,20;2,50;45,90;9,60;8,90;
2026-06-03 10:50:00.0;ON;OFF;50;8,50;8,40;10,90;43;98,50;118,40;2,40;2,50;45,10;9,70;9;
2026-06-03 10:51:00.0;ON;OFF;50;8,70;8,60;11,10;43;98,50;118,30;2,40;2,50;45,40;9,80;9,30;
2026-06-03 10:52:00.0;ON;OFF;50;8,80;8,70;11,30;42,90;98,50;118,30;2,50;2,50;44,60;10;9,40;
2026-06-03 10:53:00.0;ON;OFF;50;9,10;8,90;11,40;42,90;98,50;118,30;2,60;2,50;44,50;10,30;9,40;
2026-06-03 10:54:00.0;ON;OFF;50;8,80;9;11,60;42,90;98,50;118,30;2,80;2,50;43,30;10,30;9,60;
2026-06-03 10:55:00.0;ON;OFF;50;8,90;9,10;11,70;42,80;98,50;118,30;2,80;2,50;42,60;10,40;9,60;
2026-06-03 10:56:00.0;ON;OFF;50;9,10;9,20;11,80;42,80;98,50;118,30;2,60;2,50;42,80;10,50;9,60;
2026-06-03 10:57:00.0;ON;OFF;50;9;9,30;11,80;42,80;98,50;118,30;2,80;2,50;41,70;10,40;9,70;
2026-06-03 10:58:00.0;ON;OFF;50;9;9,40;11,90;42,70;98,50;118,30;2,90;2,50;40,80;10,60;9,80;
2026-06-03 10:59:00.0;ON;OFF;50;8,90;9,50;12,10;42,70;98,50;118,30;3,20;2,50;40;10,90;9,80;
2026-06-03 11:00:00.0;ON;OFF;50;9;9,60;12,10;42,70;98,50;118,30;3,10;2,50;40;11;9,90;
2026-06-03 11:01:00.0;ON;OFF;50;9,20;9,60;12,20;42,60;98,50;118,30;3;2,50;40;11,10;9,90;
2026-06-03 11:02:00.0;ON;OFF;50;9,30;9,80;12,30;42,60;98,50;118,20;3,10;2,50;40;11,30;10,10;
2026-06-03 11:03:00.0;ON;OFF;50;9,90;9,90;12,40;42,50;98,50;118,30;2,50;2,50;40;11,50;10,20;
2026-06-03 11:04:00.0;ON;OFF;50;10,10;9,90;12,60;42,50;98,60;118,20;2,50;2,50;40,30;11,70;10,60;
2026-06-03 11:05:00.0;ON;OFF;50;10,10;10,20;12,70;42,50;98,60;118,20;2,60;2,50;40;11,90;10,80;
2026-06-03 11:06:00.0;ON;OFF;50;10,20;10,30;12,90;42,40;98,60;118,20;2,70;2,50;40;12,10;11;
2026-06-03 11:07:00.0;ON;OFF;50;10,20;10,40;12,90;42,40;98,60;118,20;2,80;2,50;40;12,10;11;
2026-06-03 11:08:00.0;ON;OFF;50;10,40;10,50;13,10;40,60;98,60;118,30;2,70;2,50;40;12,30;11,30;
2026-06-03 11:09:00.0;ON;OFF;50;10,20;10,60;13,20;41,60;98,60;118,30;2,90;2,50;40;12,40;11,40;
2026-06-03 11:10:00.0;ON;OFF;50;10,20;10,70;13,30;42,50;98,60;118,30;3,20;2,50;40;12,70;11,40;
2026-06-03 11:11:00.0;ON;OFF;50;10,30;10,90;13,40;42,60;98,60;118,30;3,10;2,50;40;12,80;11,40;
2026-06-03 11:12:00.0;ON;OFF;50;10,30;10,90;13,40;42,70;98,60;118,30;3,10;2,50;40;12,80;11,40;
2026-06-03 11:13:00.0;ON;OFF;50;10,30;11;13,50;42,80;98,60;118,30;3,20;2,50;40;12,90;11,50;
2026-06-03 11:14:00.0;ON;OFF;50;10,60;11;13,60;42,80;98,60;118,30;3;2,50;40;13;11,50;
2026-06-03 11:15:00.0;ON;OFF;50;10,80;11,10;13,60;42,80;98,60;118,30;2,80;2,50;40;13;11,60;
2026-06-03 11:16:00.0;ON;OFF;4;10,50;11,70;13,80;42,70;98,60;118,30;3,30;2;40;12,90;11,80;
2026-06-03 11:17:00.0;ON;OFF;4;9,30;12,20;15;42,70;98,60;118,30;5,70;2;40;14,30;14,60;
2026-06-03 11:18:00.0;ON;OFF;40;10;13,50;14,70;42,70;98,60;118,30;4,70;2;40;14,10;11,50;
2026-06-03 11:19:00.0;ON;OFF;40;9,90;12,70;14,10;42,70;98,60;118,30;4,20;2;40;13,60;11,10;
2026-06-03 11:20:00.0;ON;OFF;40;10,10;12;14;42,60;98,60;118,30;3,80;2;40;13,40;11,10;
2026-06-03 11:21:00.0;ON;OFF;40;10;12;14;42,60;98,60;118,30;3,90;2;40;13,40;11,20;
2026-06-03 11:22:00.0;ON;OFF;40;10,50;12;14;42,60;98,60;118,30;3,50;2;40;13,50;11,40;
2026-06-03 11:23:00.0;ON;OFF;40;10,50;12,10;14,10;42,60;98,60;118,30;3,60;2;40;13,60;11,50;
2026-06-03 11:24:00.0;ON;OFF;40;10,50;12,10;14,20;42,50;98,60;118,30;3,70;2;40;13,80;11,70;
2026-06-03 11:25:00.0;ON;OFF;40;10,60;12,20;14,30;42,50;98,60;118,30;3,60;2;40;14;11,80;
2026-06-03 11:26:00.0;ON;OFF;40;10,60;12,30;14,30;42,50;98,60;118,30;3,70;2;40;14;11,90;
2026-06-03 11:27:00.0;ON;OFF;40;10,70;12,40;14,40;42,40;98,60;118,30;3,70;2;40;14,10;11,90;
2026-06-03 11:28:00.0;ON;OFF;40;11,10;12,40;14,40;42,40;98,60;118,30;3,40;2;40;14,20;11,90;
2026-06-03 11:29:00.0;ON;OFF;40;11,10;12,40;14,50;42,30;98,70;118,30;3,40;2;40;14,20;12;
2026-06-03 11:30:00.0;ON;OFF;40;11,20;12,50;14,60;42,30;98,70;118,30;3,40;2;40;14,60;12,20;
2026-06-03 11:31:00.0;ON;OFF;40;11,10;12,60;14,70;42,30;98,70;118,30;3,50;2;40;14,50;12,30;
2026-06-03 11:32:00.0;ON;OFF;40;11,30;12,70;14,70;42,20;98,70;118,30;3,40;2;40;14,50;12,30;
2026-06-03 11:33:00.0;ON;OFF;40;11,20;12,70;14,80;42,20;98,70;118,30;3,70;2;40;14,80;12,50;
2026-06-03 11:34:00.0;ON;OFF;40;11,20;12,90;14,90;42,10;98,70;118,30;3,70;2;40;15,10;12,60;
2026-06-03 11:35:00.0;ON;OFF;40;11,40;12,90;15;42,10;98,70;118,30;3,60;2;40;15,20;12,60;
2026-06-03 11:36:00.0;ON;OFF;40;11,60;13;15;42,10;98,70;118,30;3,40;2;40;15,30;12,70;
2026-06-03 11:37:00.0;ON;OFF;40;11,80;13,20;15,10;42;98,70;118,30;3,30;2;40;15,50;12,90;
2026-06-03 11:38:00.0;ON;OFF;40;11,70;13,10;15,20;42;98,70;118,30;3,50;2;40;15,60;13;
2026-06-03 11:39:00.0;ON;OFF;40;11,70;13,20;15,20;41,90;98,70;118,30;3,60;2;40;15,70;13;
2026-06-03 11:40:00.0;ON;OFF;40;11,80;13,30;15,40;41,90;98,70;118,30;3,50;2;40;16;13,10;
2026-06-03 11:41:00.0;ON;OFF;40;11,80;13,40;15,50;41,80;98,70;118,30;3,70;2;40;16,40;13,40;
2026-06-03 11:42:00.0;ON;OFF;40;12,10;13,50;15,50;41,80;98,70;118,30;3,40;2;40;16,50;13,40;
2026-06-03 11:43:00.0;ON;OFF;40;12,40;13,60;15,60;41,80;98,70;118,30;3,30;2;40;16,70;13,50;
2026-06-03 11:44:00.0;ON;OFF;40;12,30;13,70;15,80;41,70;98,70;118,30;3,50;2;40;17;13,80;
2026-06-03 11:45:00.0;ON;OFF;40;12,20;13,80;15,80;41,70;98,70;118,30;3,60;2;40;17,20;13,90;
2026-06-03 11:46:00.0;ON;OFF;40;12,20;13,80;15,80;41,60;98,70;118,30;3,60;2;40;17,10;13,90;
2026-06-03 11:47:00.0;ON;OFF;40;12,60;13,80;16;41,60;98,70;118,20;3,40;2,50;40;16,70;14,90;
2026-06-03 11:48:00.0;OFF;ON;100;13,10;13,60;16,30;41,50;98,70;118,20;3,20;2,50;40;16,80;15,60;
2026-06-03 11:49:00.0;OFF;ON;100;13,50;13,80;16,40;41,50;98,70;118,20;2,90;2,50;40;16,90;15,90;
2026-06-03 11:50:00.0;OFF;ON;100;14,10;14;16,50;41,40;98,70;118,20;2,40;2,50;40,60;17;16,10;
2026-06-03 11:51:00.0;OFF;ON;100;14,10;14,10;16,60;41,40;98,70;118,20;2,50;2,50;40,50;17,10;16,30;
2026-06-03 11:52:00.0;OFF;ON;100;14,10;14,20;16,80;41,30;98,70;118,20;2,60;2,50;40;17,30;16,50;
2026-06-03 11:53:00.0;OFF;ON;100;14,10;14,30;16,80;41,30;98,70;118,20;2,70;2,50;40;17,20;16,50;
2026-06-03 11:54:00.0;OFF;ON;100;14;14,30;16,80;41,30;98,70;118,20;2,80;2,50;40;17,30;16,60;
2026-06-03 11:55:00.0;OFF;ON;100;14,10;14,30;16,80;41,20;98,70;118,20;2,80;2,50;40;17,20;16,50;
2026-06-03 11:56:00.0;OFF;ON;100;14,30;14,40;16,90;41,10;98,70;118,20;2,60;2,50;40;17,30;16,60;
2026-06-03 11:57:00.0;OFF;ON;100;14,30;14,40;16,90;41,10;98,70;118,20;2,60;2,50;40;17,30;16,60;
2026-06-03 11:58:00.0;OFF;ON;100;14,30;14,40;16,90;41,10;98,70;118,20;2,70;2,50;40;17,30;16,60;
2026-06-03 11:59:00.0;OFF;ON;100;14,10;14,50;17;41;98,70;118,20;2,80;2,50;40;17,30;16,60;
2026-06-03 12:00:00.0;OFF;ON;100;14;14,50;17;41;98,70;118,20;2,90;2,50;40;17,30;16,60;
2026-06-03 12:01:00.0;OFF;ON;100;13,90;14,40;16,90;40,90;98,70;118,20;3;2,50;40;17,20;16,50;
2026-06-03 12:02:00.0;OFF;ON;100;14;14,40;16,90;40,80;98,70;118,20;2,80;2,50;40;17,20;16,40;
2026-06-03 12:03:00.0;OFF;ON;100;13,90;14,40;16,90;40,80;98,70;118,20;3;2,50;40;17,20;16,40;
2026-06-03 12:04:00.0;OFF;ON;100;14;14,30;16,80;40,70;98,70;118,20;2,90;2,50;40;17,10;16,40;
2026-06-03 12:05:00.0;OFF;ON;100;13,90;14,30;16,80;40,70;98,70;118,20;2,90;2,50;40;17,10;16,30;
2026-06-03 12:06:00.0;OFF;ON;100;13,80;14,30;16,80;40,60;98,70;118,20;3,10;2,50;40;17,10;16,30;
2026-06-03 12:07:00.0;OFF;ON;100;13,70;14,30;16,80;40,60;98,70;118,20;3,10;2,50;40;17,10;16,30;
2026-06-03 12:08:00.0;OFF;ON;100;13,80;14,30;16,80;40,50;98,70;118,20;2,90;2,50;40;17,10;16,30;
2026-06-03 12:09:00.0;OFF;ON;100;13,70;14,20;16,70;40,50;98,70;118,20;3;2,50;40;17,10;16,30;
2026-06-03 12:10:00.0;OFF;ON;100;13,80;14,20;16,70;40,40;98,70;118,20;2,90;2,50;40;17;16,20;
2026-06-03 12:11:00.0;OFF;ON;100;13,70;14,20;16,70;40,40;98,70;118,20;3;2,50;40;17;16,20;
2026-06-03 12:12:00.0;OFF;ON;100;13,80;14,20;16,70;40,30;98,70;118,20;2,90;2,50;40;16,90;16,20;
2026-06-03 12:13:00.0;OFF;ON;100;13,80;14,20;16,70;40,30;98,70;118,20;2,80;2,50;40;16,90;16,20;
2026-06-03 12:14:00.0;OFF;ON;100;13,80;14,20;16,70;40,20;98,70;118,20;2,90;2,50;40;16,90;16,20;
2026-06-03 12:15:00.0;OFF;ON;100;13,80;14,10;16,60;40,20;98,70;118,20;2,80;2,50;40;16,80;16,10;
2026-06-03 12:16:00.0;OFF;ON;100;13,60;14,10;16,60;40,10;98,70;118,20;3;2,50;40;16,90;16,10;
2026-06-03 12:17:00.0;OFF;ON;100;13,80;14,10;16,60;40;98,70;118,20;2,80;2,50;40;16,80;16,10;
2026-06-03 12:18:00.0;OFF;ON;100;13,80;14,10;16,60;40;98,70;118,20;2,80;2,50;40;16,80;16,10;
2026-06-03 12:19:00.0;OFF;ON;100;13,70;14,10;16,50;40;98,70;118,20;2,80;2,50;40;16,80;16;
2026-06-03 12:20:00.0;OFF;ON;100;13,60;14;16,50;39,90;98,70;118,20;2,90;2,50;40;16,80;16;
2026-06-03 12:21:00.0;OFF;ON;100;13,50;14;16,50;39,90;98,70;118,20;3;2,50;40;16,70;16;
2026-06-03 12:22:00.0;OFF;ON;100;13,60;14;16,50;39,80;98,70;118,20;2,90;2,50;40;16,70;16;
2026-06-03 12:23:00.0;OFF;ON;100;13,60;14;16,40;39,80;98,70;118,20;2,80;2,50;40;16,60;15,90;
2026-06-03 12:24:00.0;OFF;ON;100;13,60;13,90;16,40;39,70;98,70;118,20;2,80;2,50;40;16,60;15,90;
2026-06-03 12:25:00.0;OFF;ON;100;13,60;13,90;16,40;39,70;98,70;118,30;2,80;2,50;40;16,60;15,90;
2026-06-03 12:26:00.0;OFF;ON;100;13,50;13,90;16,40;39,60;98,70;118,30;2,90;2,50;40;16,60;15,90;
2026-06-03 12:27:00.0;OFF;ON;100;13,50;13,90;16,40;39,60;98,70;118,30;2,90;2,50;40;16,50;15,80;
2026-06-03 12:28:00.0;OFF;ON;100;13,40;13,80;16,30;39,50;98,70;118,30;2,90;2,50;40;16,50;15,80;
2026-06-03 12:29:00.0;OFF;ON;100;13,40;13,80;16,30;39,50;98,70;118,30;2,90;2,50;40;16,50;15,80;
2026-06-03 12:30:00.0;OFF;ON;100;13,50;13,80;16,30;39,40;98,70;118,30;2,80;2,50;40;16,50;15,70;
2026-06-03 12:31:00.0;OFF;ON;100;13,40;13,80;16,30;39,40;98,70;118,30;2,90;2,50;40;16,40;15,70;
2026-06-03 12:32:00.0;OFF;ON;100;13,40;13,80;16,30;39,30;98,70;118,30;2,80;2,50;40;16,40;15,70;
2026-06-03 12:33:00.0;OFF;ON;100;13,50;13,70;16,20;39,30;98,70;118,30;2,80;2,50;40;16,40;15,70;
2026-06-03 12:34:00.0;OFF;ON;100;13,40;13,70;16,20;39,30;98,70;118,30;2,80;2,50;40;16,30;15,60;
2026-06-03 12:35:00.0;OFF;ON;100;13,40;13,70;16,20;39,20;98,70;118,30;2,80;2,50;40;16,30;15,60;
2026-06-03 12:36:00.0;OFF;ON;100;13,50;13,70;16,20;39,20;98,70;118,30;2,70;2,50;40;16,30;15,60;
2026-06-03 12:37:00.0;OFF;ON;100;13,30;13,70;16,10;39,10;98,70;118,30;2,90;2,50;40;16,20;15,60;
2026-06-03 12:38:00.0;OFF;ON;100;13,40;13,60;16,10;39,10;98,70;118,30;2,70;2,50;40;16,20;15,50;
2026-06-03 12:39:00.0;OFF;ON;100;13,20;13,60;16,10;39;98,70;118,30;2,80;2,50;40;16,20;15,50;
2026-06-03 12:40:00.0;OFF;ON;100;13,20;13,60;16,10;39;98,70;118,30;2,80;2,50;40;16,20;15,50;
2026-06-03 12:41:00.0;OFF;ON;100;13,30;13,50;16;38,90;98,70;118,30;2,70;2,50;40;16,10;15,40;
2026-06-03 12:42:00.0;OFF;ON;100;13,20;13,50;16;38,90;98,70;118,30;2,80;2,50;40;16,10;15,40;
2026-06-03 12:43:00.0;OFF;ON;100;13,20;13,50;16;38,80;98,70;118,30;2,70;2,50;40;16,10;15,40;
2026-06-03 12:44:00.0;OFF;ON;100;13,20;13,50;15,90;38,80;98,70;118,30;2,80;2,50;40;16;15,40;
2026-06-03 12:45:00.0;OFF;ON;100;13,20;13,40;15,90;38,70;98,70;118,30;2,70;2,50;40;16;15,30;
2026-06-03 12:46:00.0;OFF;ON;100;13;13,40;15,90;38,70;98,70;118,20;2,90;2,50;40;16;15,30;
2026-06-03 12:47:00.0;OFF;ON;100;13,10;13,40;15,90;38,60;98,70;118,30;2,80;2,50;40;16;15,30;
2026-06-03 12:48:00.0;OFF;ON;100;13,10;13,40;15,80;38,60;98,70;118,20;2,70;2,50;40;15,90;15,20;
2026-06-03 12:49:00.0;OFF;ON;100;13,70;13,30;15,80;38,50;98,70;118,20;2,20;2,50;41,60;15,90;15,30;
2026-06-03 12:50:00.0;OFF;ON;100;13,60;13,30;15,90;38,50;98,70;118,20;2,30;2,50;41,50;15,90;15,40;
2026-06-03 12:51:00.0;OFF;ON;100;13,60;13,40;15,90;38,40;98,70;118,20;2,30;2,50;41,70;16;15,40;
2026-06-03 12:52:00.0;OFF;ON;100;13,40;13,40;15,90;38,40;98,70;118,30;2,50;2,50;41,20;16;15,50;
2026-06-03 12:53:00.0;OFF;ON;100;13,40;13,40;15,90;38,30;98,70;118,20;2,50;2,50;40,50;16;15,40;
2026-06-03 12:54:00.0;OFF;ON;100;13,10;13,40;15,90;38,30;98,70;118,20;2,80;2,50;40;15,90;15,30;
2026-06-03 12:55:00.0;OFF;ON;100;12,90;13,30;15,80;38,20;98,70;118,20;2,90;2,50;40;15,90;15,20;
2026-06-03 12:56:00.0;OFF;ON;100;13,10;13,30;15,80;38,20;98,70;118,20;2,70;2,50;40;15,80;15,10;
2026-06-03 12:57:00.0;OFF;ON;100;13;13,20;15,70;38,10;98,70;118,20;2,70;2,50;40;15,80;15,10;
2026-06-03 12:58:00.0;OFF;ON;100;13;13,20;15,70;38,10;98,70;118,20;2,60;2,50;40;15,70;15,10;
2026-06-03 12:59:00.0;OFF;ON;100;13;13,10;15,60;38;98,70;118,20;2,70;2,50;40;15,70;15;
2026-06-03 13:00:00.0;OFF;ON;100;12,90;13,10;15,60;38;98,70;118,20;2,70;2,50;40;15,60;15;
2026-06-03 13:01:00.0;OFF;ON;100;12,80;13,10;15,60;37,90;98,70;118,20;2,80;2,50;40;15,60;14,90;
2026-06-03 13:02:00.0;OFF;ON;100;12,70;13;15,50;37,80;98,70;118,20;2,80;2,50;40;15,60;14,90;
2026-06-03 13:03:00.0;OFF;ON;100;12,80;13;15,50;37,80;98,70;118,20;2,70;2,50;40;15,50;14,90;
2026-06-03 13:04:00.0;OFF;ON;100;12,80;13;15,50;37,70;98,70;118,30;2,70;2,50;40;15,50;14,90;
2026-06-03 13:05:00.0;OFF;ON;100;12,80;13;15,50;37,70;98,70;118,30;2,70;2,50;40;15,50;14,90;
2026-06-03 13:06:00.0;OFF;ON;100;12,70;12,90;15,40;37,70;98,70;118,20;2,70;2,50;40;15,40;14,80;
2026-06-03 13:07:00.0;OFF;ON;100;12,60;12,90;15,40;37,60;98,70;118,20;2,70;2,50;40;15,40;14,80;
2026-06-03 13:08:00.0;OFF;ON;100;12,70;12,90;15,40;37,60;98,70;118,20;2,60;2,50;40;15,40;14,80;
2026-06-03 13:09:00.0;OFF;ON;100;12,60;12,80;15,30;37,50;98,70;118,10;2,70;2,50;40;15,40;14,70;
2026-06-03 13:10:00.0;OFF;ON;100;12,70;12,80;15,30;37,50;98,70;118,10;2,60;2,50;40;15,30;14,70;
2026-06-03 13:11:00.0;OFF;ON;100;12,60;12,80;15,30;37,40;98,70;118,20;2,70;2,50;40;15,30;14,70;
2026-06-03 13:12:00.0;OFF;ON;100;12,60;12,70;15,20;37,30;98,70;118,20;2,60;2,50;40;15,20;14,70;
2026-06-03 13:13:00.0;OFF;ON;100;12,50;12,70;15,20;37,30;98,70;118,10;2,70;2,50;40;15,30;14,70;
2026-06-03 13:14:00.0;OFF;ON;100;12,70;12,70;15,20;37,20;98,70;118,10;2,50;2,50;40;15,20;14,60;
2026-06-03 13:15:00.0;OFF;ON;100;12,50;12,70;15,20;37,20;98,70;118,10;2,60;2,50;40;15,20;14,60;
2026-06-03 13:16:00.0;OFF;ON;100;12,50;12,60;15,10;37,10;98,70;118,10;2,60;2,50;40;15,10;14,60;
2026-06-03 13:17:00.0;OFF;ON;100;12,50;12,60;15,10;37,10;98,70;118,10;2,60;2,50;40;15,10;14,60;
2026-06-03 13:18:00.0;OFF;ON;100;12,40;12,60;15,10;37;98,70;118,10;2,70;2,50;40;15,10;14,50;
2026-06-03 13:19:00.0;OFF;ON;100;12,40;12,60;15,10;37;98,70;118,20;2,70;2,50;40;15,10;14,50;
2026-06-03 13:20:00.0;OFF;ON;100;12,40;12,50;15;36,90;98,70;118,20;2,60;2,50;40;15;14,50;
2026-06-03 13:21:00.0;OFF;ON;100;12,40;12,50;15;36,90;98,70;118,20;2,70;2,50;40;15;14,50;
2026-06-03 13:22:00.0;OFF;ON;100;12,40;12,50;15;36,80;98,70;118,10;2,60;2,50;40;15;14,40;
2026-06-03 13:23:00.0;OFF;ON;100;12,40;12,50;15;36,80;98,70;118,10;2,60;2,50;40;14,90;14,40;
2026-06-03 13:24:00.0;OFF;ON;100;12,40;12,40;14,90;36,70;98,70;118;2,60;2,50;40;14,90;14,40;
2026-06-03 13:25:00.0;OFF;ON;100;12,30;12,40;14,90;36,70;98,70;118,10;2,60;2,50;40;14,90;14,40;
2026-06-03 13:26:00.0;OFF;ON;100;12,40;12,40;14,90;36,60;98,70;118;2,50;2,50;40,40;14,90;14,40;
2026-06-03 13:27:00.0;OFF;ON;100;12,40;12,40;14,90;36,60;98,70;118,20;2,50;2,50;40,40;14,90;14,40;
2026-06-03 13:28:00.0;OFF;ON;100;12,60;12,40;14,90;36,50;98,70;118,10;2,30;2,50;41,30;14,90;14,40;
2026-06-03 13:29:00.0;OFF;ON;100;12,70;12,40;14,90;36,50;98,70;118,10;2,20;2,50;41,90;14,90;14,40;
2026-06-03 13:30:00.0;OFF;ON;100;12,60;12,40;14,90;36,40;98,70;118,10;2,40;2,50;41,60;14,90;14,50;
2026-06-03 13:31:00.0;OFF;ON;100;12,40;12,40;14,90;36,40;98,70;118,10;2,50;2,50;41,30;14,90;14,50;
2026-06-03 13:32:00.0;OFF;ON;100;12,40;12,40;14,90;36,30;98,70;118,10;2,50;2,50;41,50;14,90;14,40;
2026-06-03 13:33:00.0;OFF;ON;100;12,50;12,40;14,90;36,20;98,70;118,10;2,30;2,50;40,80;14,90;14,40;
2026-06-03 13:34:00.0;OFF;ON;100;12,50;12,40;14,80;36,20;98,70;118,10;2,40;2,50;40,90;14,80;14,40;
2026-06-03 13:35:00.0;OFF;ON;100;12,30;12,40;14,80;36,10;98,70;118,10;2,50;2,50;40,60;14,80;14,40;
2026-06-03 13:36:00.0;OFF;ON;100;12,90;12,30;14,80;36,10;98,70;118;1,90;2,50;43,50;14,80;14,40;
2026-06-03 13:37:00.0;OFF;ON;100;12,70;12,30;14,80;36,10;98,70;117,80;2,10;2,50;43,10;14,80;14,40;
2026-06-03 13:38:00.0;OFF;ON;100;12,60;12,40;14,90;36;98,70;117,90;2,30;2,50;42,90;14,80;14,40;
2026-06-03 13:39:00.0;OFF;ON;100;12,40;12,30;14,80;36;98,70;117,90;2,40;2,50;42,10;14,80;14,40;
2026-06-03 13:40:00.0;OFF;ON;100;12,40;12,30;14,80;35,90;98,70;117,90;2,30;2,50;42,70;14,80;14,30;
2026-06-03 13:41:00.0;OFF;ON;100;12,40;12,30;14,80;35,80;98,70;117,90;2,40;2,50;42,80;14,80;14,30;
2026-06-03 13:42:00.0;OFF;ON;100;12,30;12,20;14,70;35,80;98,70;117,90;2,50;2,50;42,60;14,70;14,30;
2026-06-03 13:43:00.0;OFF;ON;100;12,80;12,20;14,70;35,70;98,70;117,90;1,90;2,50;45,70;14,70;14,30;
2026-06-03 13:44:00.0;OFF;ON;100;12,40;12,20;14,80;35,70;98,70;117,90;2,40;2,50;44,10;14,80;14,40;
2026-06-03 13:45:00.0;OFF;ON;100;12,40;12,30;14,80;35,60;98,70;117,90;2,40;2,50;44,30;14,80;14,40;
2026-06-03 13:46:00.0;OFF;ON;100;12,50;12,30;14,80;35,60;98,70;117,90;2,30;2,50;44,90;14,70;14,30;
2026-06-03 13:47:00.0;OFF;ON;100;12,30;12,20;14,70;35,50;98,70;117,90;2,40;2,50;44,50;14,70;14,20;
2026-06-03 13:48:00.0;OFF;ON;100;12,20;12,20;14,70;35,40;98,70;117,90;2,50;2,50;44,40;14,70;14,20;
2026-06-03 13:49:00.0;OFF;ON;100;12,40;12,20;14,70;35,40;98,70;118;2,30;2,50;45,30;14,70;14,20;
2026-06-03 13:50:00.0;OFF;ON;100;12,60;12,10;14,60;35,30;98,70;117,90;2,10;2,50;46,80;14,60;14,20;
2026-06-03 13:51:00.0;OFF;ON;100;12,40;12,10;14,70;35,30;98,70;117,90;2,20;2,50;46,90;14,70;14,30;
2026-06-03 13:52:00.0;OFF;ON;100;12,40;12,20;14,70;35,20;98,70;117,90;2,20;2,50;47,10;14,70;14,30;
2026-06-03 13:53:00.0;OFF;ON;100;12,20;12,20;14,70;35,20;98,70;117,90;2,50;2,50;46,30;14,70;14,20;
2026-06-03 13:54:00.0;OFF;ON;100;12,10;12,10;14,60;35,10;98,70;117,90;2,50;2,50;46,30;14,60;14,10;
2026-06-03 13:55:00.0;OFF;ON;100;12,20;12,10;14,60;35,10;98,70;117,90;2,40;2,50;46,70;14,50;14,10;
2026-06-03 13:56:00.0;OFF;ON;100;12,20;12;14,50;35;98,70;117,90;2,30;2,50;46,90;14,50;14;
2026-06-03 13:57:00.0;OFF;ON;100;12,40;12;14,50;35;98,70;117,90;2,10;2,50;48,80;14,50;14;
2026-06-03 13:58:00.0;OFF;ON;100;12,50;12;14,50;35;98,70;117,90;2,10;2,50;49,20;14,50;14,10;
2026-06-03 13:59:00.0;OFF;ON;100;12,10;12,10;14,60;34,90;98,70;117,90;2,50;2,50;48,20;14,60;14,20;
2026-06-03 14:00:00.0;OFF;ON;100;12,20;12,10;14,50;34,80;98,70;117,90;2,30;2,50;49;14,50;14,10;
2026-06-03 14:01:00.0;OFF;ON;100;11,80;12;14,50;34,80;98,70;117,90;2,70;2,50;47,20;14,50;14,10;
2026-06-03 14:02:00.0;OFF;ON;100;12;12;14,40;34,70;98,70;117,90;2,50;2,50;48,20;14,40;13,90;
2026-06-03 14:03:00.0;OFF;ON;100;11,90;11,90;14,40;34,70;98,70;117,90;2,50;2,50;48,40;14,40;13,90;
2026-06-03 14:04:00.0;OFF;ON;100;12,20;11,90;14,40;34,70;98,70;117,90;2,20;2,50;49,70;14,40;13,90;
2026-06-03 14:05:00.0;OFF;ON;100;12,30;11,90;14,40;34,60;98,70;117,90;2,10;2,50;50,80;14,40;13,90;
2026-06-03 14:06:00.0;OFF;ON;100;12,20;11,90;14,40;34,60;98,70;117,90;2,20;2,50;50,50;14,40;14;
2026-06-03 14:07:00.0;OFF;ON;100;12;11,90;14,40;34,50;98,70;117,90;2,50;2,50;49,60;14,40;14;
2026-06-03 14:08:00.0;OFF;ON;100;11,40;11,90;14,40;34,50;98,70;117,90;2,90;2,50;46,90;14,40;13,90;
2026-06-03 14:09:00.0;OFF;ON;100;11,40;11,80;14,30;34,40;98,70;117,90;2,90;2,50;46,50;14,30;13,80;
2026-06-03 14:10:00.0;OFF;ON;100;11,30;11,80;14,30;34,40;98,70;117,90;2,90;2,50;46,10;14,20;13,70;
2026-06-03 14:11:00.0;OFF;ON;100;11,30;11,70;14,20;34,30;98,70;117,90;2,90;2,50;45,70;14,20;13,60;
2026-06-03 14:12:00.0;OFF;ON;100;11,20;11,70;14,10;34,30;98,70;117,90;2,90;2,50;45;14,10;13,50;
2026-06-03 14:13:00.0;OFF;ON;100;11,20;11,60;14,10;34,30;98,70;117,90;2,90;2,50;44,60;14,10;13,50;
2026-06-03 14:14:00.0;OFF;ON;100;11,10;11,60;14,10;34,20;98,70;117,90;3;2,50;43,90;14;13,50;
2026-06-03 14:15:00.0;OFF;ON;100;11,20;11,60;14;34,20;98,70;117,90;2,80;2,50;43,80;14;13,40;
2026-06-03 14:16:00.0;OFF;ON;100;11,10;11,50;14;34,10;98,70;117,90;2,90;2,50;43,10;14;13,40;
2026-06-03 14:17:00.0;OFF;ON;100;11,10;11,50;14;34,10;98,70;117,90;2,90;2,50;42,50;13,90;13,30;
2026-06-03 14:18:00.0;OFF;ON;100;10,90;11,40;13,90;34;98,70;117,90;3;2,50;41,10;13,90;13,30;
2026-06-03 14:19:00.0;OFF;ON;100;11,10;11,40;13,90;34;98,70;117,90;2,80;2,50;41,70;13,90;13,30;
2026-06-03 14:20:00.0;OFF;ON;100;11;11,40;13,90;34;98,70;117,90;2,80;2,50;40,90;13,80;13,20;
2026-06-03 14:21:00.0;OFF;ON;100;11;11,40;13,90;33,90;98,50;117,90;2,90;2,50;40;13,80;13,20;
2026-06-03 14:22:00.0;OFF;ON;100;11,10;11,40;13,80;33,90;98,50;117,90;2,70;2,50;40;13,80;13,20;
2026-06-03 14:23:00.0;OFF;ON;100;11;11,30;13,80;33,80;98,50;117,90;2,80;2,50;40;13,80;13,20;
2026-06-03 14:24:00.0;OFF;ON;100;10,80;11,30;13,80;33,80;98,50;117,90;3;2,50;40;13,70;13,10;
2026-06-03 14:25:00.0;OFF;ON;100;10,80;11,30;13,80;33,70;98,40;117,90;3;2,50;40;13,70;13,10;
2026-06-03 14:26:00.0;OFF;ON;100;11,30;11,20;13,70;33,70;98,40;117,90;2,50;2,50;40;13,70;13,10;
2026-06-03 14:27:00.0;OFF;ON;100;11;11,20;13,70;33,60;98,40;117,90;2,70;2,50;40;13,70;13,10;
2026-06-03 14:28:00.0;OFF;ON;100;11,30;11,20;13,70;33,60;98,40;117,90;2,40;2,50;40,40;13,70;13,10;
2026-06-03 14:29:00.0;OFF;ON;100;11,40;11,20;13,70;33,50;98,40;117,90;2,30;2,50;41,10;13,70;13,20;
2026-06-03 14:30:00.0;OFF;ON;100;11,40;11,20;13,80;33,50;98,40;117,90;2,40;2,50;41,10;13,70;13,30;
2026-06-03 14:31:00.0;OFF;ON;100;11,30;11,30;13,80;33,50;98,50;117,90;2,50;2,50;40,40;13,70;13,30;
2026-06-03 14:32:00.0;OFF;ON;100;11,10;11,30;13,70;33,40;98,50;117,90;2,70;2,50;40;13,70;13,20;
2026-06-03 14:33:00.0;OFF;ON;100;11,40;11,20;13,70;33,40;98,40;117,90;2,30;2,50;40,90;13,70;13,20;
2026-06-03 14:34:00.0;OFF;ON;100;11,90;11,20;13,70;33,30;98,40;117,90;1,80;2,50;43,90;13,70;13,20;
2026-06-03 14:35:00.0;OFF;ON;100;12,10;11,20;13,80;33,30;98,50;117,90;1,60;2,50;45,80;13,70;13,40;
2026-06-03 14:36:00.0;OFF;ON;100;12,40;11,30;13,90;33,20;98,60;117,90;1,50;2,50;48;13,80;13,60;
2026-06-03 14:37:00.0;OFF;ON;100;12;11,40;13,90;33,20;98,70;117,90;1,90;2,50;46,70;13,90;13,60;
2026-06-03 14:38:00.0;OFF;ON;100;12;11,40;13,90;33,20;98,70;117,90;1,90;2,50;47,80;13,90;13,60;
2026-06-03 14:39:00.0;OFF;ON;100;12,40;11,40;13,90;33,10;98,70;117,90;1,60;2,50;50,20;13,90;13,60;
2026-06-03 14:40:00.0;OFF;ON;100;12;11,40;13,90;33,10;98,70;117,90;1,90;2,50;49,60;13,90;13,60;
2026-06-03 14:41:00.0;OFF;ON;100;11,80;11,50;14;33;98,70;117,90;2,10;2,50;49,30;13,90;13,60;
2026-06-03 14:42:00.0;OFF;ON;100;11,50;11,40;13,90;33;98,70;117,90;2,40;2,50;48,40;13,90;13,50;
2026-06-03 14:43:00.0;OFF;ON;100;11,20;11,40;13,90;32,90;98,60;117,90;2,70;2,50;47,20;13,80;13,40;
2026-06-03 14:44:00.0;OFF;ON;100;11,40;11,30;13,80;32,90;98,50;117,90;2,40;2,50;48,40;13,70;13,30;
2026-06-03 14:45:00.0;OFF;ON;100;11,20;11,30;13,70;32,80;98,40;117,90;2,60;2,50;47,70;13,70;13,30;
2026-06-03 14:46:00.0;OFF;ON;100;11,30;11,20;13,70;32,80;98,40;117,90;2,40;2,50;48,30;13,70;13,20;
2026-06-03 14:47:00.0;OFF;ON;100;11,70;11,20;13,70;32,80;98,30;117,90;2;2,50;50,60;13,60;13,20;
2026-06-03 14:48:00.0;OFF;ON;100;11,40;11,20;13,70;32,70;98,30;117,90;2,30;2,50;49,50;13,60;13,30;
2026-06-03 14:49:00.0;OFF;ON;100;11,10;11,20;13,70;32,70;98,20;117,90;2,50;2,50;48,40;13,60;13,20;
2026-06-03 14:50:00.0;OFF;ON;100;11,10;11,20;13,70;32,60;98,30;117,90;2,60;2,50;48,20;13,60;13,10;
2026-06-03 14:51:00.0;OFF;ON;100;11,10;11,10;13,60;32,60;98,20;117,90;2,50;2,50;49;13,60;13,10;
2026-06-03 14:52:00.0;OFF;ON;100;11;11,10;13,60;32,50;98,20;117,90;2,60;2,50;48;13,50;13,10;
2026-06-03 14:53:00.0;OFF;ON;100;10,90;11,10;13,60;32,50;98,10;117,90;2,60;2,50;48;13,50;13;
2026-06-03 14:54:00.0;OFF;ON;100;11,30;11;13,50;32,40;98,10;117,90;2,30;2,50;49,90;13,50;13;
2026-06-03 14:55:00.0;OFF;ON;100;11,10;11;13,50;32,40;98,10;117,90;2,40;2,50;49,30;13,50;13,10;
2026-06-03 14:56:00.0;OFF;ON;100;11;11;13,50;32,30;98,10;117,90;2,50;2,50;48,60;13,50;13;
2026-06-03 14:57:00.0;OFF;ON;100;11;11;13,50;32,30;98,10;117,90;2,50;2,50;48,50;13,40;13;
2026-06-03 14:58:00.0;OFF;ON;100;10,90;11;13,50;32,20;98;117,90;2,50;2,50;48,40;13,40;12,90;
2026-06-03 14:59:00.0;OFF;ON;100;10,70;10,90;13,40;32,20;98;117,90;2,70;2,50;47,50;13,40;12,90;
2026-06-03 15:00:00.0;OFF;ON;100;10,80;10,90;13,40;32,20;97,90;117,90;2,60;2,50;47,70;13,30;12,80;
2026-06-03 15:01:00.0;OFF;ON;100;11,20;10,90;13,40;32,10;97,90;117,90;2,10;2,50;50;13,30;12,80;
2026-06-03 15:02:00.0;OFF;ON;100;10,80;10,90;13,40;32,10;97,90;117,90;2,60;2,50;47,80;13,30;12,90;
2026-06-03 15:03:00.0;OFF;ON;100;10,80;10,90;13,40;32;98;117,90;2,50;2,50;47,90;13,30;12,80;
2026-06-03 15:04:00.0;OFF;ON;100;10,80;10,90;13,40;32;98;117,90;2,60;2,50;47,70;13,30;12,80;
2026-06-03 15:05:00.0;OFF;ON;100;10,70;10,80;13,30;31,90;97,90;117,90;2,60;2,50;47,50;13,20;12,70;
2026-06-03 15:06:00.0;OFF;ON;100;10,60;10,80;13,30;31,90;97,90;117,90;2,70;2,50;47;13,20;12,70;
2026-06-03 15:07:00.0;OFF;ON;100;10,50;10,80;13,30;31,90;97,80;117,90;2,80;2,50;46,30;13,20;12,70;
2026-06-03 15:08:00.0;OFF;ON;100;10,80;10,80;13,20;31,80;97,90;117,90;2,50;2,50;47,60;13,20;12,70;
2026-06-03 15:09:00.0;OFF;ON;100;10,60;10,70;13,20;31,80;97,80;117,90;2,60;2,50;47;13,20;12,70;
2026-06-03 15:10:00.0;OFF;ON;100;10,60;10,70;13,20;31,70;97,90;117,90;2,60;2,50;46,80;13,20;12,70;
2026-06-03 15:11:00.0;OFF;ON;100;10,60;10,70;13,20;31,70;97,90;117,90;2,60;2,50;46,60;13,20;12,60;
2026-06-03 15:12:00.0;OFF;ON;100;10,70;10,70;13,20;31,60;97,90;117,90;2,50;2,50;46,70;13,10;12,60;
2026-06-03 15:13:00.0;OFF;ON;100;10,40;10,70;13,20;31,60;97,90;117,90;2,80;2,50;45,40;13,10;12,60;
2026-06-03 15:14:00.0;OFF;ON;100;10,50;10,70;13,20;31,50;97,90;117,90;2,60;2,50;45,80;13,10;12,60;
2026-06-03 15:15:00.0;OFF;ON;100;10,60;10,60;13,10;31,50;97,90;117,90;2,60;2,50;46;13,10;12,50;
2026-06-03 15:16:00.0;OFF;ON;100;10,50;10,60;13,10;31,40;97,80;117,90;2,70;2,50;45,70;13,10;12,60;
2026-06-03 15:17:00.0;OFF;ON;100;10,50;10,60;13,10;31,40;97,80;117,90;2,60;2,50;45,60;13,10;12,60;
2026-06-03 15:18:00.0;OFF;ON;100;10,40;10,60;13,10;31,40;97,80;117,90;2,60;2,50;45,30;13,10;12,50;
2026-06-03 15:19:00.0;OFF;ON;100;10,60;10,60;13,10;31,30;97,90;117,90;2,50;2,50;46,30;13;12,50;
2026-06-03 15:20:00.0;OFF;ON;100;10,40;10,50;13;31,30;97,90;117,90;2,60;2,50;45,20;13;12,50;
2026-06-03 15:21:00.0;OFF;ON;100;10,40;10,50;13;31,20;97,90;117,80;2,60;2,50;44,80;13;12,40;
2026-06-03 15:22:00.0;OFF;ON;100;10,30;10,50;13;31,20;97,90;117,80;2,70;2,50;44,40;13;12,40;
2026-06-03 15:23:00.0;OFF;ON;100;10,50;10,50;13;31,10;97,80;117,80;2,50;2,50;45,70;13;12,40;
2026-06-03 15:24:00.0;OFF;ON;100;10,40;10,50;13;31,10;97,80;117,80;2,60;2,50;44,60;13;12,40;
2026-06-03 15:25:00.0;OFF;ON;100;10,40;10,50;13;31;97,90;117,80;2,60;2,50;44,60;12,90;12,40;
2026-06-03 15:26:00.0;OFF;ON;100;10,40;10,40;12,90;31;97,80;117,80;2,50;2,50;45,20;12,90;12,30;
2026-06-03 15:27:00.0;OFF;ON;100;10,30;10,40;12,90;30,90;97,80;117,80;2,60;2,50;44,30;12,90;12,40;
2026-06-03 15:28:00.0;OFF;ON;100;10,10;10,40;12,90;30,90;97,90;117,80;2,80;2,50;43,30;12,90;12,30;
2026-06-03 15:29:00.0;OFF;ON;100;10,30;10,40;12,90;30,80;97,80;117,80;2,50;2,50;44;12,80;12,30;
2026-06-03 15:30:00.0;OFF;ON;100;10,40;10,30;12,80;30,80;97,70;117,80;2,50;2,50;44,10;12,80;12,30;
2026-06-03 15:31:00.0;OFF;ON;100;10,10;10,30;12,80;30,70;97,80;117,80;2,70;2,50;43,20;12,80;12,30;
2026-06-03 15:32:00.0;OFF;ON;100;10,10;10,30;12,80;30,70;97,80;117,80;2,70;2,50;42,90;12,80;12,20;
2026-06-03 15:33:00.0;OFF;ON;100;10,50;10,30;12,80;30,70;97,80;117,80;2,30;2,50;45;12,70;12,20;
2026-06-03 15:34:00.0;OFF;ON;100;10,20;10,30;12,80;30,60;97,90;117,80;2,60;2,50;43,50;12,80;12,20;
2026-06-03 15:35:00.0;OFF;ON;100;10,10;10,30;12,80;30,60;97,80;117,80;2,60;2,50;43;12,70;12,20;
2026-06-03 15:36:00.0;OFF;ON;100;10;10,30;12,70;30,50;97,80;117,80;2,70;2,50;42,40;12,70;12,10;
2026-06-03 15:37:00.0;OFF;ON;100;10,20;10,20;12,70;30,50;97,80;117,80;2,50;2,50;43,10;12,70;12,10;
2026-06-03 15:38:00.0;OFF;ON;100;10;10,20;12,70;30,40;97,80;117,80;2,70;2,50;42,50;12,70;12,10;
2026-06-03 15:39:00.0;OFF;ON;100;10,10;10,20;12,70;30,40;97,80;117,80;2,60;2,50;42,50;12,60;12,10;
2026-06-03 15:40:00.0;OFF;ON;100;10,30;10,20;12,70;30,30;97,70;117,80;2,40;2,50;43,60;12,60;12;
2026-06-03 15:41:00.0;OFF;ON;100;10;10,10;12,70;30,30;97,80;117,80;2,70;2,50;42,20;12,60;12,10;
2026-06-03 15:42:00.0;OFF;ON;100;9,90;10,10;12,60;30,30;97,80;117,80;2,70;2,50;41,60;12,60;12;
2026-06-03 15:43:00.0;OFF;ON;100;9,90;10,10;12,60;30,20;97,80;117,80;2,70;2,50;41,50;12,60;12;
2026-06-03 15:44:00.0;OFF;ON;100;10;10,10;12,60;30,20;97,70;117,80;2,60;2,50;42,10;12,50;12;
2026-06-03 15:45:00.0;OFF;ON;100;9,90;10,10;12,60;30,10;97,70;117,80;2,70;2,50;41,70;12,50;12;
2026-06-03 15:46:00.0;OFF;ON;100;9,90;10,10;12,60;30,10;97,80;117,80;2,60;2,50;41,70;12,50;12;
2026-06-03 15:47:00.0;OFF;ON;100;10,20;10;12,50;30;97,70;117,80;2,30;2,50;43,20;12,50;11,90;
2026-06-03 15:48:00.0;OFF;ON;100;9,80;10;12,50;30;97,80;117,80;2,70;2,50;41,40;12,50;12;
2026-06-03 15:49:00.0;OFF;ON;100;10;10;12,50;30;97,80;117,80;2,60;2,50;41,90;12,50;11,90;
2026-06-03 15:50:00.0;OFF;ON;100;9,90;10;12,50;29,90;97,80;117,80;2,60;2,50;41,60;12,40;11,90;
2026-06-03 15:51:00.0;OFF;ON;100;9,90;10;12,50;29,90;97,70;117,80;2,50;2,50;41,60;12,40;11,90;
2026-06-03 15:52:00.0;OFF;ON;100;9,80;10;12,50;29,80;97,60;117,80;2,60;2,50;41,30;12,40;11,90;
2026-06-03 15:53:00.0;OFF;ON;100;10;9,90;12,40;29,80;97,70;117,80;2,40;2,50;42,50;12,40;11,80;
2026-06-03 15:54:00.0;OFF;ON;100;10,10;9,90;12,40;29,80;97,60;117,80;2,30;2,50;43,10;12,40;11,80;
2026-06-03 15:55:00.0;OFF;ON;100;9,90;9,90;12,40;29,70;97,80;117,80;2,50;2,50;42,60;12,40;11,90;
2026-06-03 15:56:00.0;OFF;ON;100;9,80;9,90;12,40;29,70;97,80;117,80;2,70;2,50;41,50;12,40;11,80;
2026-06-03 15:57:00.0;OFF;ON;100;10,10;9,90;12,40;29,60;97,80;117,80;2,30;2,50;43;12,30;11,80;
2026-06-03 15:58:00.0;OFF;ON;100;10,40;9,90;12,40;29,60;97,80;117,80;2;2,50;44,90;12,30;11,80;
2026-06-03 15:59:00.0;OFF;ON;100;10,30;9,90;12,40;29,60;97,80;117,80;2,10;2,50;45,10;12,40;11,90;
2026-06-03 16:00:00.0;OFF;ON;100;10,20;9,90;12,40;29,50;98;117,80;2,20;2,50;45,20;12,40;12;
2026-06-03 16:01:00.0;OFF;ON;100;10,10;9,90;12,40;29,50;98;117,80;2,30;2,50;45,70;12,40;12;
2026-06-03 16:02:00.0;OFF;ON;100;10,10;9,90;12,40;29,40;98;117,80;2,40;2,50;44,90;12,40;12;
2026-06-03 16:03:00.0;OFF;ON;100;10,40;9,90;12,40;29,40;98,10;117,80;2;2,50;46,70;12,40;11,90;
2026-06-03 16:04:00.0;OFF;ON;100;10,30;9,90;12,40;29,40;98;117,80;2,10;2,50;47,40;12,40;12;
2026-06-03 16:05:00.0;OFF;ON;100;10,40;10;12,50;29,30;98,10;117,80;2,10;2,50;48,20;12,40;12,10;
2026-06-03 16:06:00.0;OFF;ON;100;10,90;10;12,50;29,30;98,20;117,80;1,60;2,50;51,30;12,40;12,10;
2026-06-03 16:07:00.0;OFF;ON;100;10,50;10;12,50;29,30;98,20;117,80;2;2,50;50;12,50;12,10;
2026-06-03 16:08:00.0;OFF;ON;100;10,30;10;12,50;29,20;98,20;117,80;2,30;2,50;49,60;12,50;12,10;
2026-06-03 16:09:00.0;OFF;ON;100;10,10;10;12,50;29,20;98,20;117,80;2,40;2,50;49,20;12,50;12,10;
2026-06-03 16:10:00.0;OFF;ON;100;10;10;12,40;29,10;98,20;117,80;2,50;2,50;49,40;12,40;12;
2026-06-03 16:11:00.0;OFF;ON;100;9,80;9,90;12,40;29,10;98,10;117,80;2,60;2,50;48,20;12,40;11,90;
2026-06-03 16:12:00.0;OFF;ON;100;9,60;9,90;12,30;29,10;98;117,80;2,70;2,50;47,30;12,30;11,70;
2026-06-03 16:13:00.0;OFF;ON;100;9,40;9,80;12,20;29;97,80;117,80;2,80;2,50;46,50;12,20;11,60;
2026-06-03 16:14:00.0;OFF;ON;100;9,40;9,70;12,10;29;97,70;117,80;2,80;2,50;46,20;12,10;11,50;
2026-06-03 16:15:00.0;OFF;ON;100;9,10;9,60;12,10;29;97,50;117,80;2,90;2,50;44,90;12;11,40;
2026-06-03 16:16:00.0;OFF;ON;100;9,20;9,60;12;28,90;97,30;117,80;2,80;2,50;45;12;11,30;
2026-06-03 16:17:00.0;OFF;ON;100;9;9;12;28,90;97,30;117,80;3;3;46,60;11,90;11,30;
2026-06-03 16:18:00.0;OFF;ON;100;8,90;9;11,90;28,90;97,20;117,80;3;3;46,70;11,90;11,20;
2026-06-03 16:19:00.0;OFF;ON;100;8,90;8,90;11,90;28,80;97,20;117,80;3;3;46,80;11,80;11,10;
2026-06-03 16:20:00.0;OFF;ON;100;8,80;8,90;11,80;28,80;97,20;117,80;3;3;46,80;11,80;11,10;
2026-06-03 16:21:00.0;OFF;ON;100;8,80;8,80;11,80;28,70;97,20;117,80;3;3;47;11,80;11,10;
2026-06-03 16:22:00.0;OFF;ON;100;8,80;8,80;11,80;28,70;97,20;117,80;3;3;47;11,70;11;
2026-06-03 16:23:00.0;OFF;ON;100;8,70;8,80;11,70;28,70;97,20;117,80;3;3;47,10;11,70;11;
2026-06-03 16:24:00.0;OFF;ON;100;8,80;8,70;11,70;28,60;97,20;117,80;2,90;3;47,30;11,60;10,90;
2026-06-03 16:25:00.0;OFF;ON;100;8,70;8,70;11,60;28,60;97,20;117,80;2,90;3;47,30;11,60;10,90;
2026-06-03 16:26:00.0;OFF;ON;100;8,80;8,60;11,60;28,50;97,20;117,80;2,80;3;48,30;11,60;10,90;
2026-06-03 16:27:00.0;OFF;ON;100;9;8,60;11,60;28,50;97,20;117,80;2,60;3;50;11,60;10,90;
2026-06-03 16:28:00.0;OFF;ON;100;9,10;8,60;11,60;28,50;97,30;117,80;2,50;3;50,90;11,60;11;
2026-06-03 16:29:00.0;OFF;ON;100;9,30;8,60;11,60;28,40;97,40;117,80;2,30;3;52,40;11,60;11;
2026-06-03 16:30:00.0;OFF;ON;100;8,80;8,60;11,60;28,40;97,40;117,80;2,80;3;50,70;11,60;11;
2026-06-03 16:31:00.0;OFF;ON;100;8,90;8,60;11,60;28,40;97,50;117,80;2,80;3;51,20;11,50;10,90;
2026-06-03 16:32:00.0;OFF;ON;100;8,90;8,60;11,50;28,30;97,40;117,80;2,60;3;52,10;11,50;10,80;
2026-06-03 16:33:00.0;OFF;ON;100;8,90;8,50;11,50;28,30;97,50;117,80;2,60;3;52,50;11,50;10,80;
2026-06-03 16:34:00.0;OFF;ON;100;8,70;8,50;11,50;28,20;97,40;117,80;2,80;3;52;11,50;10,80;
2026-06-03 16:35:00.0;OFF;ON;100;8,90;8,50;11,50;28,20;97,40;117,80;2,60;3;53,70;11,40;10,80;
2026-06-03 16:36:00.0;OFF;ON;100;8,90;8,50;11,50;28,20;97,40;117,80;2,50;3;54,40;11,40;10,80;
2026-06-03 16:37:00.0;OFF;ON;100;8,60;8,50;11,50;28,10;97,50;117,80;2,90;3;52,80;11,40;10,80;
2026-06-03 16:38:00.0;OFF;ON;100;8,50;8,40;11,40;28,10;97,40;117,80;2,90;3;53,10;11,30;10,70;
2026-06-03 16:39:00.0;OFF;ON;100;8,40;8,40;11,30;28,10;97,30;117,80;2,90;3;53;11,30;10,60;
2026-06-03 16:40:00.0;OFF;ON;100;8,40;8,30;11,30;28;97,30;117,70;2,90;3;53,30;11,30;10,60;
2026-06-03 16:41:00.0;OFF;ON;100;8,20;8,30;11,30;28;97,30;117,70;3;3;53,30;11,20;10,50;
2026-06-03 16:42:00.0;OFF;ON;100;8,60;8,30;11,20;27,90;97,30;117,70;2,60;3;54,90;11,20;10,50;
2026-06-03 16:43:00.0;OFF;ON;100;8,20;8,20;11,20;27,90;97,20;117,70;3;3;53,80;11,20;10,50;
2026-06-03 16:44:00.0;OFF;ON;100;8,20;8,20;11,20;27,90;97,30;117,70;3;3;53,90;11,20;10,50;
2026-06-03 16:45:00.0;OFF;ON;100;8,10;8,20;11,20;27,80;97,30;117,70;3;3;54;11,10;10,50;
2026-06-03 16:46:00.0;OFF;ON;100;8,10;8,20;11,10;27,80;97,30;117,70;3,10;3;53,30;11,10;10,40;
2026-06-03 16:47:00.0;OFF;ON;100;7,80;8,10;11,10;27,80;97,30;117,70;3,30;3;52;11;10,30;
2026-06-03 16:48:00.0;OFF;ON;100;7,70;8;11;27,70;97,20;117,70;3,30;4;56,30;10,90;10,20;
2026-06-03 16:49:00.0;OFF;ON;100;7,40;7;10,90;27,70;97,10;117,70;3,50;4;55,70;10,90;10,10;
2026-06-03 16:50:00.0;OFF;ON;100;7,20;6,90;10,80;27,60;97;117,70;3,60;4;56,30;10,80;10;
2026-06-03 16:51:00.0;OFF;ON;100;7,20;6,80;10,80;27,60;96,90;117,70;3,60;4;57,10;10,70;9,90;
2026-06-03 16:52:00.0;OFF;ON;100;7;6,70;10,70;27,60;96,80;117,70;3,70;4;56,90;10,70;9,80;
2026-06-03 16:53:00.0;OFF;ON;100;6,90;6,70;10,60;27,50;96,70;117,70;3,80;4;57,20;10,60;9,70;
2026-06-03 16:54:00.0;OFF;ON;100;6,80;6,60;10,60;27,50;96,70;117,70;3,70;4;57,70;10,50;9,60;
2026-06-03 16:55:00.0;OFF;ON;100;6,80;6,50;10,50;27,40;96,60;117,70;3,70;4;58,30;10,40;9,60;
2026-06-03 16:56:00.0;OFF;ON;100;6,70;6,50;10,40;27,40;96,60;117,70;3,70;4;58,30;10,40;9,50;
2026-06-03 16:57:00.0;OFF;ON;100;6,40;6,40;10,40;27,40;96,60;117,70;3,90;4;57,50;10,40;9,50;
2026-06-03 16:58:00.0;OFF;ON;100;6,40;6,30;10,30;27,30;96,50;117,70;3,90;4;58;10,30;9,40;
2026-06-03 16:59:00.0;OFF;ON;100;6,50;6,30;10,20;27,30;96,60;117,70;3,80;4;58,80;10,20;9,40;
2026-06-03 17:00:00.0;OFF;ON;100;6,30;6,20;10,20;27,30;96,50;117,70;3,90;4;58,40;10,10;9,30;
2026-06-03 17:01:00.0;OFF;ON;100;6,40;6,10;10,10;27,20;96,50;117,70;3,70;4;59,40;10,10;9,30;
2026-06-03 17:02:00.0;OFF;ON;100;6,20;6,10;10,10;27,20;96,60;117,70;3,80;4;59,10;10;9,20;
2026-06-03 17:03:00.0;OFF;ON;100;6,20;6,10;10;27,10;96,60;117,70;3,80;4;59,40;10;9,20;
2026-06-03 17:04:00.0;OFF;ON;100;5,80;6;10;27,10;96,60;117,70;4,20;4,50;60,40;9,90;9,10;
2026-06-03 17:05:00.0;OFF;ON;100;5,60;5,50;9,90;27,10;96,50;117,70;4,30;4,50;60,20;9,90;9;
2026-06-03 17:06:00.0;OFF;ON;100;5,70;5,40;9,90;27;96,50;117,70;4,20;4,50;61,10;9,80;9;
2026-06-03 17:07:00.0;OFF;ON;100;5,60;5,30;9,80;27;96,30;117,70;4,20;4,50;61,30;9,80;8,90;
2026-06-03 17:08:00.0;OFF;ON;100;5,40;5,30;9,80;27;96,30;117,70;4,40;4,50;60,70;9,70;8,80;
2026-06-03 17:09:00.0;OFF;ON;100;5,30;5,20;9,70;26,90;96,40;117,70;4,40;4,50;61,20;9,70;8,80;
2026-06-03 17:10:00.0;OFF;ON;100;5,30;5,20;9,70;26,90;96,40;117,70;4,40;4,50;61,30;9,60;8,70;
2026-06-03 17:11:00.0;OFF;ON;100;5,30;5,10;9,60;26,80;96,30;117,70;4,30;4,50;61,80;9,60;8,70;
2026-06-03 17:12:00.0;OFF;ON;100;5,20;5,10;9,60;26,80;96,30;117,70;4,40;4,50;61,80;9,60;8,60;
2026-06-03 17:13:00.0;OFF;ON;100;5,20;5,10;9,50;26,80;96,30;117,70;4,40;4,50;62,10;9,50;8,60;
2026-06-03 17:14:00.0;OFF;ON;100;5,10;5;9,50;26,70;96,30;117,70;4,40;4,50;62;9,40;8,50;
2026-06-03 17:15:00.0;OFF;ON;100;5;5;9,40;26,70;96,30;117,70;4,50;4,50;62,10;9,40;8,40;
2026-06-03 17:16:00.0;OFF;ON;100;5;4,90;9,40;26,70;96,30;117,70;4,40;4,50;62,50;9,40;8,40;
2026-06-03 17:17:00.0;OFF;ON;100;4,90;4,90;9,30;26,60;96,30;117,70;4,50;4,50;62,30;9,30;8,30;
2026-06-03 17:18:00.0;OFF;ON;100;4,90;4,80;9,30;26,60;96,30;117,70;4,40;4,50;62,40;9,30;8,30;
2026-06-03 17:19:00.0;OFF;ON;100;4,90;4,80;9,30;26,50;96,30;117,70;4,40;4,50;62,80;9,20;8,30;
2026-06-03 17:20:00.0;OFF;ON;100;4,80;4,70;9,20;26,50;96,30;117,70;4,40;4,50;62,70;9,20;8,20;
2026-06-03 17:21:00.0;OFF;ON;100;4,70;4,70;9,20;26,50;96,30;117,70;4,50;4,50;62,60;9,10;8,10;
2026-06-03 17:22:00.0;OFF;ON;100;4,60;4,70;9,10;26,40;96,30;117,70;4,50;4,50;62,70;9,10;8,10;
2026-06-03 17:23:00.0;OFF;ON;100;4,70;4,60;9,10;26,40;96,40;117,70;4,40;4,50;63;9;8,10;
2026-06-03 17:24:00.0;OFF;ON;100;4,70;4,60;9,10;26,30;96,30;117,70;4,40;4,50;63;9;8;
2026-06-03 17:25:00.0;OFF;ON;100;4,50;4,50;9;26,30;96,30;117,70;4,50;4,50;62,80;9;8;
2026-06-03 17:26:00.0;OFF;ON;100;4,50;4,50;9;26,30;96,30;117,70;4,50;4,50;62,90;8,90;7,90;
2026-06-03 17:27:00.0;OFF;ON;100;4,50;4,50;9;26,20;96,30;117,70;4,50;4,50;63;8,90;7,90;
2026-06-03 17:28:00.0;OFF;ON;100;4,50;4,40;8,90;26,20;96,40;117,70;4,40;4,50;63,50;8,90;7,90;
2026-06-03 17:29:00.0;OFF;ON;100;4,40;4,40;8,90;26,10;96,40;117,70;4,40;4,50;63,30;8,80;7,80;
2026-06-03 17:30:00.0;OFF;ON;100;4,40;4,40;8,80;26,10;96,40;117,60;4,50;4,50;63,40;8,80;7,80;
2026-06-03 17:31:00.0;OFF;ON;100;4,30;4,30;8,80;26,10;96,40;117,60;4,50;4,50;63,50;8,80;7,80;
2026-06-03 17:32:00.0;OFF;ON;100;4,30;4,30;8,80;26;96,40;117,60;4,50;4,50;63,50;8,70;7,70;
2026-06-03 17:33:00.0;OFF;ON;100;4,30;4,30;8,70;26;96,40;117,60;4,40;4,50;63,70;8,70;7,70;
2026-06-03 17:34:00.0;OFF;ON;100;4,20;4,20;8,70;25,90;96,40;117,60;4,50;4,50;63,60;8,70;7,60;
2026-06-03 17:35:00.0;OFF;ON;100;4,10;4,20;8,70;25,90;96,30;117,60;4,50;4,50;63,60;8,60;7,60;
2026-06-03 17:36:00.0;OFF;ON;100;4,20;4,10;8,60;25,90;96,40;117,60;4,40;4,50;63,90;8,60;7,50;
2026-06-03 17:37:00.0;OFF;ON;100;4,20;4,10;8,60;25,80;96,30;117,60;4,40;4,50;64,10;8,50;7,50;
2026-06-03 17:38:00.0;OFF;ON;100;4,20;4,10;8,60;25,80;96,30;117,60;4,40;4,50;64,10;8,50;7,50;
2026-06-03 17:39:00.0;OFF;ON;100;4,10;4;8,50;25,70;96,40;117,60;4,40;4,50;64;8,50;7,40;
2026-06-03 17:40:00.0;OFF;ON;100;4;4;8,50;25,70;96,50;117,60;4,50;4,50;64;8,40;7,40;
2026-06-03 17:41:00.0;OFF;ON;100;3,90;4;8,50;25,70;96,40;117,60;4,50;4,50;64;8,40;7,40;
2026-06-03 17:42:00.0;OFF;ON;100;3,90;4;8,40;25,60;96,40;117,60;4,50;4,50;64,20;8,40;7,40;
2026-06-03 17:43:00.0;OFF;ON;100;3,90;3,90;8,40;25,60;96,30;117,60;4,50;4,50;64,20;8,30;7,30;
2026-06-03 17:44:00.0;OFF;ON;100;3,90;3,90;8,30;25,60;96,40;117,60;4,50;4,50;64,20;8,30;7,30;
2026-06-03 17:45:00.0;OFF;ON;100;3,90;3,80;8,30;25,50;96,40;117,60;4,50;4,50;64,50;8,30;7,20;
2026-06-03 17:46:00.0;OFF;ON;100;3,80;3,80;8,30;25,50;96,40;117,60;4,50;4,50;64,50;8,20;7,20;
2026-06-03 17:47:00.0;OFF;ON;100;3,70;3,80;8,20;25,40;96,40;117,60;4,60;4,50;63,80;8,20;7,20;
2026-06-03 17:48:00.0;OFF;ON;100;3,70;3,80;8,20;25,40;96,40;117,60;4,60;4,50;63,90;8,20;7,10;
2026-06-03 17:49:00.0;OFF;ON;100;3,70;3,70;8,20;25,40;96,40;117,60;4,40;4,50;64,70;8,10;7,10;
2026-06-03 17:50:00.0;OFF;ON;100;3,60;3,70;8,10;25,30;96,30;117,60;4,50;4,50;64,60;8,10;7;
2026-06-03 17:51:00.0;OFF;ON;100;3,60;3,60;8,10;25,30;96,30;117,60;4,50;4,50;64,70;8,10;7;
2026-06-03 17:52:00.0;OFF;ON;100;3,50;3,60;8,10;25,30;96,30;117,60;4,50;4,50;64,70;8;7;
2026-06-03 17:53:00.0;OFF;ON;100;3,50;3,50;8;25,20;96,30;117,60;4,50;4,50;64,80;8;6,90;
2026-06-03 17:54:00.0;OFF;ON;100;3,60;3,50;8;25,20;96,30;117,60;4,40;4,50;64,90;7,90;6,90;
2026-06-03 17:55:00.0;OFF;ON;100;3,50;3,50;8;25,10;96,30;117,60;4,40;4,50;64,90;7,90;6,90;
2026-06-03 17:56:00.0;OFF;ON;100;3,60;3,40;7,90;25,10;96,30;117,60;4,40;4,50;65,30;7,90;6,80;
2026-06-03 17:57:00.0;OFF;ON;100;3,40;3,40;7,90;25,10;96,20;117,60;4,50;4,50;65,10;7,90;6,80;
2026-06-03 17:58:00.0;OFF;ON;100;3,40;3,40;7,90;25;96,20;117,60;4,50;4,50;65,10;7,80;6,80;
2026-06-03 17:59:00.0;OFF;ON;100;3,40;3,40;7,80;25;96,20;117,60;4,50;4,50;65,20;7,80;6,70;
2026-06-03 18:00:00.0;OFF;ON;100;3,40;3,30;7,80;25;96,10;117,60;4,40;4,50;65,40;7,80;6,70;
2026-06-03 18:01:00.0;OFF;ON;100;3,30;3,30;7,80;24,90;96,20;117,60;4,40;4,50;65,30;7,70;6,70;
2026-06-03 18:02:00.0;OFF;ON;100;3,30;3,30;7,70;24,90;96,20;117,60;4,40;4,50;65,50;7,70;6,60;
2026-06-03 18:03:00.0;OFF;ON;100;3,20;3,20;7,70;24,90;96,20;117,60;4,50;4,50;65,50;7,70;6,60;
2026-06-03 18:04:00.0;OFF;ON;100;3,20;3,20;7,70;24,80;96,10;117,60;4,50;4,50;65,50;7,70;6,60;
2026-06-03 18:05:00.0;OFF;ON;100;3,20;3,20;7,60;24,80;96,10;117,60;4,40;4,50;65,80;7,60;6,50;
2026-06-03 18:06:00.0;OFF;ON;100;3,10;3,10;7,60;24,80;96,10;117,60;4,50;4,50;65,70;7,60;6,40;
2026-06-03 18:07:00.0;OFF;ON;100;3,10;3,10;7,60;24,70;96,10;117,60;4,50;4,50;65,70;7,50;6,40;
2026-06-03 18:08:00.0;OFF;ON;100;3;3;7,50;24,70;96;117,60;4,50;4,50;65,70;7,50;6,40;
2026-06-03 18:09:00.0;OFF;ON;100;3;3;7,50;24,70;96,10;117,60;4,50;4,50;65,80;7,40;6,30;
2026-06-03 18:10:00.0;OFF;ON;100;3,10;3;7,50;24,60;96;117,60;4,40;4,50;66,10;7,40;6,30;
2026-06-03 18:11:00.0;OFF;ON;100;2,90;3;7,40;24,60;96;117,60;4,50;4,50;66;7,40;6,30;
2026-06-03 18:12:00.0;OFF;ON;100;2,90;2,90;7,40;24,60;96;117,60;4,50;4,50;66;7,40;6,30;
2026-06-03 18:13:00.0;OFF;ON;100;2,90;2,90;7,40;24,50;96,10;117,60;4,50;4,50;66,10;7,30;6,20;
2026-06-03 18:14:00.0;OFF;ON;100;2,80;2,90;7,30;24,50;96;117,60;4,50;4,50;66,20;7,30;6,20;
2026-06-03 18:15:00.0;OFF;ON;100;2,70;2,80;7,30;24,50;96;117,60;4,50;4,50;66,10;7,30;6,10;
2026-06-03 18:16:00.0;OFF;ON;100;2,80;2,80;7,30;24,40;96;117,60;4,40;4,50;66,10;7,20;6,10;
2026-06-03 18:17:00.0;OFF;ON;100;2,80;2,70;7,20;24,40;96;117,60;4,40;4,50;66,20;7,20;6;
2026-06-03 18:18:00.0;OFF;ON;100;2,60;2,70;7,20;24,40;96;117,60;4,60;4,50;65,50;7,20;6;
2026-06-03 18:19:00.0;OFF;ON;100;2,60;2,70;7,20;24,30;96;117,60;4,50;4,50;66,10;7,10;6;
2026-06-03 18:20:00.0;OFF;ON;100;2,60;2,60;7,10;24,30;96;117,60;4,50;4,50;66,20;7,10;5,90;
2026-06-03 18:21:00.0;OFF;ON;100;2,70;2,60;7,10;24,30;96;117,50;4,40;4,50;66,40;7,10;5,90;
2026-06-03 18:22:00.0;OFF;ON;100;2,60;2,60;7,10;24,30;95,90;117,50;4,40;4,50;66,50;7;5,90;
2026-06-03 18:23:00.0;OFF;ON;100;2,70;2,60;7;24,20;96;117,50;4,40;4,50;66,60;7;5,90;
2026-06-03 18:24:00.0;OFF;ON;100;2,60;2,50;7;24,20;96;117,50;4,40;4,50;66,80;7;5,80;
2026-06-03 18:25:00.0;OFF;ON;100;2,40;2,50;7;24,10;96;117,50;4,60;4,50;65,90;6,90;5,80;
2026-06-03 18:26:00.0;OFF;ON;100;2,50;2,50;6,90;24,10;96;117,50;4,50;4,50;66,60;6,90;5,70;
2026-06-03 18:27:00.0;OFF;ON;100;2,50;2,40;6,90;24,10;96;117,50;4,40;4,50;66,80;6,90;5,70;
2026-06-03 18:28:00.0;OFF;ON;100;2,40;2,40;6,90;24,10;95,90;117,50;4,50;4,50;66,60;6,80;5,70;
2026-06-03 18:29:00.0;OFF;ON;100;2,40;2,40;6,90;24;95,90;117,50;4,50;4,50;66,70;6,80;5,60;
2026-06-03 18:30:00.0;OFF;ON;100;2,40;2,30;6,80;24;96;117,50;4,40;4,50;66,80;6,80;5,60;
2026-06-03 18:31:00.0;OFF;ON;100;2,30;2,30;6,80;24;95,80;117,50;4,50;4,50;66,70;6,70;5,60;
2026-06-03 18:32:00.0;OFF;ON;100;2,30;2,30;6,80;23,90;95,80;117,50;4,50;4,50;67;6,70;5,50;
2026-06-03 18:33:00.0;OFF;ON;100;2,30;2,30;6,70;23,90;95,90;117,50;4,50;4,50;66,90;6,70;5,50;
2026-06-03 18:34:00.0;OFF;ON;100;2,30;2,20;6,70;23,90;95,80;117,50;4,40;4,50;67,10;6,60;5,50;
2026-06-03 18:35:00.0;OFF;ON;100;2,20;2,20;6,70;23,80;95,90;117,50;4,50;4,50;67,10;6,60;5,50;
2026-06-03 18:36:00.0;OFF;ON;100;2,10;2,20;6,60;23,80;95,90;117,50;4,60;4,50;66,50;6,60;5,40;
2026-06-03 18:37:00.0;OFF;ON;100;2,20;2,10;6,60;23,80;95,80;117,50;4,40;4,50;67,30;6,60;5,40;
2026-06-03 18:38:00.0;OFF;ON;100;2,10;2,10;6,60;23,70;95,70;117,50;4,50;4,50;67,20;6,50;5,30;
2026-06-03 18:39:00.0;OFF;ON;100;2,20;2,10;6,50;23,70;95,70;117,50;4,40;4,50;67,60;6,50;5,30;
2026-06-03 18:40:00.0;OFF;ON;100;2,10;2;6,50;23,70;95,70;117,50;4,40;4,50;67,50;6,50;5,30;
2026-06-03 18:41:00.0;OFF;ON;100;2;2;6,50;23,60;95,70;117,50;4,50;4,50;67,40;6,40;5,20;
2026-06-03 18:42:00.0;OFF;ON;100;2;1,90;6,40;23,60;95,70;117,50;4,50;4,50;67,40;6,40;5,20;
2026-06-03 18:43:00.0;OFF;ON;100;1,90;1,90;6,40;23,60;95,70;117,50;4,50;4,50;67,60;6,40;5,20;
2026-06-03 18:44:00.0;OFF;ON;100;2;1,90;6,40;23,50;95,70;117,50;4,40;4,50;67,80;6,30;5,20;
2026-06-03 18:45:00.0;OFF;ON;100;1,90;1,90;6,40;23,50;95,80;117,50;4,50;4,50;67;6,30;5,10;
2026-06-03 18:46:00.0;OFF;ON;100;1,90;1,80;6,30;23,50;95,70;117,50;4,40;4,50;67,80;6,30;5,10;
2026-06-03 18:47:00.0;OFF;ON;100;1,90;1,80;6,30;23,40;95,70;117,50;4,50;4,50;66,90;6,20;5;
2026-06-03 18:48:00.0;OFF;ON;100;1,80;1,80;6,30;23,40;95,70;117,50;4,50;4,50;66,90;6,20;5;
2026-06-03 18:49:00.0;OFF;ON;100;1,80;1,80;6,30;23,40;95,80;117,50;4,50;4,50;66,90;6,20;5;
2026-06-03 18:50:00.0;OFF;ON;100;1,80;1,80;6,30;23,30;95,80;117,50;4,50;4,50;66,90;6,20;4,90;
2026-06-03 18:51:00.0;OFF;ON;100;1,70;1,80;6,20;23,30;95,70;117,50;4,50;4,50;66,80;6,10;4,90;
2026-06-03 18:52:00.0;OFF;ON;100;1,70;1,70;6,20;23,30;95,60;117,50;4,50;4,50;66,80;6,10;4,90;
2026-06-03 18:53:00.0;OFF;ON;100;1,60;1,70;6,20;23,20;95,70;117,50;4,60;4,50;66,60;6,10;4,90;
2026-06-03 18:54:00.0;OFF;ON;100;1,60;1,70;6,20;23,20;95,60;117,50;4,50;4,50;66,80;6;4,90;
2026-06-03 18:55:00.0;OFF;ON;100;1,70;1,70;6,10;23,20;95,50;117,50;4,50;4,50;67,40;6;4,90;
2026-06-03 18:56:00.0;OFF;ON;100;1,60;1,60;6,10;23,10;95,60;117,50;4,50;4,50;67,40;6;4,80;
2026-06-03 18:57:00.0;OFF;ON;100;1,70;1,60;6,10;23,10;95,60;117,50;4,40;4,50;67,50;6;4,80;
2026-06-03 18:58:00.0;OFF;ON;100;1,60;1,60;6;23,10;95,50;117,50;4,50;4,50;67,50;5,90;4,80;
2026-06-03 18:59:00.0;OFF;ON;100;1,50;1,60;6;23;95,60;117,50;4,50;4,50;67,60;5,90;4,80;
2026-06-03 19:00:00.0;OFF;ON;100;1,50;1,50;6;23;95,50;117,50;4,50;4,50;67,50;5,90;4,70;
2026-06-03 19:01:00.0;OFF;ON;100;1,50;1,50;6;23;95,60;117,50;4,50;4,50;67,60;5,90;4,70;
2026-06-03 19:02:00.0;OFF;ON;100;1,50;1,50;6;22,90;95,60;117,40;4,50;4,50;67,70;5,80;4,70;
2026-06-03 19:03:00.0;OFF;ON;100;1,50;1,50;6;22,90;95,60;117,40;4,40;4,50;67,70;5,80;4,70;
2026-06-03 19:04:00.0;OFF;ON;100;1,40;1,40;5,90;22,90;95,60;117,40;4,50;4,50;67,80;5,80;4,70;
2026-06-03 19:05:00.0;OFF;ON;100;1,50;1,40;5,90;22,80;95,60;117,40;4,40;4,50;68;5,80;4,60;
2026-06-03 19:06:00.0;OFF;ON;100;1,40;1,40;5,90;22,80;95,60;117,40;4,50;4,50;67,90;5,70;4,60;
2026-06-03 19:07:00.0;OFF;ON;100;1,50;1,40;5,90;22,80;95,50;117,40;4,40;4,50;68,40;5,70;4,60;
2026-06-03 19:08:00.0;OFF;ON;100;1,40;1,30;5,80;22,70;95,60;117,40;4,40;4,50;68,10;5,70;4,60;
2026-06-03 19:09:00.0;OFF;ON;100;1,50;1,30;5,80;22,70;95,50;117,40;4,30;4,50;68,90;5,70;4,60;
2026-06-03 19:10:00.0;OFF;ON;100;1,50;1,30;5,80;22,70;95,60;117,40;4,30;4,50;69,20;5,60;4,60;
2026-06-03 19:11:00.0;OFF;ON;100;1,30;1,30;5,80;22,60;95,50;117,40;4,50;4,50;68,50;5,60;4,50;
2026-06-03 19:12:00.0;OFF;ON;100;1,30;1,20;5,70;22,60;95,40;117,40;4,50;4,50;67,80;5,60;4,50;
2026-06-03 19:13:00.0;OFF;ON;100;1,20;1,20;5,70;22,60;95,40;117,40;4,50;4,50;68,50;5,60;4,50;
2026-06-03 19:14:00.0;OFF;ON;100;1,30;1,20;5,60;22,50;95,40;117,40;4,40;4,50;68,80;5,50;4,40;
2026-06-03 19:15:00.0;OFF;ON;100;1,20;1,10;5,60;22,50;95,40;117,40;4,50;4,50;68,70;5,50;4,40;
2026-06-03 19:16:00.0;OFF;ON;100;1,10;1,10;5,60;22,50;95,30;117,40;4,50;4,50;68,70;5,50;4,40;
2026-06-03 19:17:00.0;OFF;ON;100;1,20;1,10;5,60;22,40;95,40;117,40;4,40;4,50;68,90;5,40;4,40;
2026-06-03 19:18:00.0;OFF;ON;100;1,10;1,10;5,50;22,40;95,30;117,40;4,50;4,50;68,70;5,40;4,30;
2026-06-03 19:19:00.0;OFF;ON;100;1,20;1;5,50;22,30;95,30;117,40;4,30;4,50;69,30;5,40;4,30;
2026-06-03 19:20:00.0;OFF;ON;100;1;1;5,50;22,30;95,30;117,40;4,50;4,50;68,90;5,40;4,30;
2026-06-03 19:21:00.0;OFF;ON;100;1;1;5,50;22,30;95,30;117,40;4,40;4,50;69,20;5,30;4,30;
2026-06-03 19:22:00.0;OFF;ON;100;1,10;0,90;5,40;22,20;95,40;117,40;4,40;4,50;69,30;5,30;4,30;
2026-06-03 19:23:00.0;OFF;ON;100;0,90;0,90;5,40;22,20;95,40;117,40;4,50;4,50;68,50;5,30;4,20;
2026-06-03 19:24:00.0;OFF;ON;100;0,90;0,90;5,40;22,20;95,30;117,40;4,50;4,50;69,10;5,20;4,20;
2026-06-03 19:25:00.0;OFF;ON;100;0,80;0,90;5,30;22,10;95,20;117,40;4,50;4,50;69,30;5,20;4,20;
2026-06-03 19:26:00.0;OFF;ON;100;0,80;0,80;5,30;22,10;95,20;117,40;4,50;4,50;69,30;5,20;4,20;
2026-06-03 19:27:00.0;OFF;ON;100;0,80;0,80;5,30;22,10;95,20;117,40;4,50;4,50;69,30;5,20;4,10;
2026-06-03 19:28:00.0;OFF;ON;100;0,70;0,80;5,30;22;95,20;117,40;4,50;4,50;69,30;5,10;4,10;
2026-06-03 19:29:00.0;OFF;ON;100;0,80;0,70;5,20;22;95,20;117,40;4,40;4,50;69,40;5,10;4,10;
2026-06-03 19:30:00.0;OFF;ON;100;0,70;0,70;5,20;22;95,20;117,40;4,50;4,50;69,40;5,10;4,10;
2026-06-03 19:31:00.0;OFF;ON;100;0,70;0,70;5,20;21,90;95,20;117,40;4,50;4,50;69,50;5,10;4;
2026-06-03 19:32:00.0;OFF;ON;100;0,60;0,70;5,20;21,90;95,20;117,40;4,60;4,50;69;5;4;
2026-06-03 19:33:00.0;OFF;ON;100;0,70;0,70;5,10;21,90;95,20;117,40;4,40;4,50;69,50;5;4;
2026-06-03 19:34:00.0;OFF;ON;100;0,60;0,60;5,10;21,80;95,20;117,40;4,50;4,50;69,60;5;4;
2026-06-03 19:35:00.0;OFF;ON;100;0,70;0,60;5,10;21,80;95,20;117,40;4,40;4,50;69,80;4,90;3,90;
2026-06-03 19:36:00.0;OFF;ON;100;0,60;0,60;5,10;21,80;95,20;117,40;4,50;4,50;69,10;4,90;3,90;
2026-06-03 19:37:00.0;OFF;ON;100;0,50;0,50;5;21,70;95,10;117,40;4,50;4,50;69,70;4,90;3,90;
2026-06-03 19:38:00.0;OFF;ON;100;-1,80;0,50;5;21,70;95,20;117,40;6,80;9,50;81,10;4,90;3,90;
2026-06-03 19:39:00.0;OFF;ON;100;-1,10;-4;5;21,70;95,20;117,40;6,10;9,50;86,80;4,90;3,90;
2026-06-03 19:40:00.0;OFF;ON;100;-1,10;-4;4,80;21,60;94,70;117,40;5,90;9,50;92,30;4,70;3,40;
2026-06-03 19:41:00.0;OFF;ON;100;-1,40;-4;4,70;21,60;94,10;117,40;6,10;9,50;93,60;4,60;3,20;
2026-06-03 19:42:00.0;OFF;ON;100;-1,60;-4;4,50;21,50;93,40;117,40;6,10;9,50;97,30;4,40;2,90;
2026-06-03 19:43:00.0;OFF;ON;100;-1,80;-4;4,40;21,50;93,10;117,40;6,20;9,50;98,60;4,30;2,70;
2026-06-03 19:44:00.0;OFF;ON;100;-2,10;-4;4,20;21,50;92,70;117,40;6,30;9,50;99,70;4,10;2,40;
2026-06-03 19:45:00.0;OFF;ON;100;-2,10;-4;4,10;21,40;92,50;117,40;6,20;9,50;99,70;4;2,30;
2026-06-03 19:46:00.0;OFF;ON;100;-2,20;-4;4;21,40;92,50;117,40;6,20;9,50;100;3,90;2,20;
2026-06-03 19:47:00.0;OFF;ON;100;-2,30;-4;3,90;21,40;92,40;117,40;6,20;9,50;99,70;3,80;2,10;
2026-06-03 19:48:00.0;OFF;ON;100;-2,40;-4;3,80;21,30;92,50;117,40;6,20;9,50;100;3,70;2;
2026-06-03 19:49:00.0;OFF;ON;100;-2,40;-4;3,80;21,30;92,40;117,30;6,20;9,50;100;3,60;1,90;
2026-06-03 19:50:00.0;OFF;ON;100;-2,50;-4;3,70;21,30;92,40;117,30;6,20;9,50;100;3,60;1,90;
2026-06-03 19:51:00.0;OFF;ON;100;-2,50;-4;3,60;21,20;92,50;117,30;6,20;9,50;99,70;3,60;1,80;
2026-06-03 19:52:00.0;OFF;ON;100;-2,50;-4;3,60;21,20;92,70;117,30;6,10;9,50;100;3,50;1,80;
2026-06-03 19:53:00.0;OFF;ON;100;-2,60;-4;3,50;21,20;92,70;117,30;6,10;9,50;99,70;3,50;1,70;
2026-06-03 19:54:00.0;OFF;ON;100;-2,60;-4;3,50;21,10;92,70;117,30;6,10;9,50;99,70;3,40;1,70;
2026-06-03 19:55:00.0;OFF;ON;100;-2,70;-4;3,40;21,10;92,80;117,30;6,10;9,50;99,70;3,30;1,60;
2026-06-03 19:56:00.0;OFF;ON;100;-2,80;-4;3,40;21,10;92,80;117,30;6,20;9,50;99,50;3,30;1,50;
2026-06-03 19:57:00.0;OFF;ON;100;-2,80;-4;3,30;21;92,90;117,30;6,10;9,50;99,70;3,20;1,50;
2026-06-03 19:58:00.0;OFF;ON;100;-2,80;-4;3,30;21;93;117,30;6,10;9,50;99,80;3,10;1,40;
2026-06-03 19:59:00.0;OFF;ON;100;-2,80;-4;3,20;20,90;93,10;117,30;6;9,50;100;3,10;1,40;
2026-06-03 20:00:00.0;OFF;ON;100;-2,90;-4;3,20;20,90;92,90;117,30;6,10;9,50;100;3,10;1,30;
2026-06-03 20:01:00.0;OFF;ON;100;-3;-4;3,10;20,90;93;117,30;6,10;9,50;100;3;1,30;
2026-06-03 20:02:00.0;OFF;ON;100;-3;-4;3,10;20,80;93;117,30;6,10;9,50;100;3;1,20;
2026-06-03 20:03:00.0;OFF;ON;100;-3;-4;3,10;20,80;93,10;117,30;6,10;9,50;100;2,90;1,20;
2026-06-03 20:04:00.0;OFF;ON;100;-3,10;-4;3;20,80;93,10;117,30;6,10;9,50;100;2,90;1,20;
2026-06-03 20:05:00.0;OFF;ON;100;-3,10;-4;3;20,70;93,10;117,30;6,10;9,50;99,80;2,90;1,10;
2026-06-03 20:06:00.0;OFF;ON;100;-3,20;-4;2,90;20,70;93,10;117,30;6,20;9,50;99,50;2,80;1,10;
2026-06-03 20:07:00.0;OFF;ON;100;-3,30;-4;2,90;20,60;93,10;117,30;6,10;9,50;99,50;2,80;1;
2026-06-03 20:08:00.0;OFF;ON;100;-3,20;-4;2,80;20,60;93,10;117,30;6,10;9,50;99,70;2,70;1;
2026-06-03 20:09:00.0;OFF;ON;100;-3,30;-4;2,80;20,60;93,10;117,30;6,10;9,50;99,60;2,70;1;
2026-06-03 20:10:00.0;OFF;ON;100;-3,40;-4;2,80;20,50;93,20;117,30;6,20;9,50;99,20;2,70;0,90;
2026-06-03 20:11:00.0;OFF;ON;100;-3,20;-4;2,70;20,50;93,20;117,30;6;9,50;100;2,60;0,90;
2026-06-03 20:12:00.0;OFF;ON;100;-3,40;-4;2,70;20,50;93,30;117,30;6,10;9,50;99,50;2,60;0,90;
2026-06-03 20:13:00.0;OFF;ON;100;-3,40;-4;2,70;20,40;93,30;117,30;6,10;9,50;99,40;2,50;0,80;
2026-06-03 20:14:00.0;OFF;ON;100;-3,50;-4;2,60;20,40;93,40;117,30;6,10;9,50;99;2,50;0,80;
2026-06-03 20:15:00.0;OFF;ON;100;-3,50;-4;2,60;20,40;93,30;117,30;6,10;9,50;99,40;2,50;0,80;
2026-06-03 20:16:00.0;OFF;ON;100;-3,50;-4;2,60;20,30;93,30;117,30;6,10;9,50;99,20;2,40;0,80;
2026-06-03 20:17:00.0;OFF;ON;100;-3,60;-4;2,50;20,30;93,30;117,30;6,10;9,50;99,10;2,40;0,70;
2026-06-03 20:18:00.0;OFF;ON;100;-3,40;-4;2,50;20,20;93,40;117,20;5,90;9,50;100;2,30;0,70;
2026-06-03 20:19:00.0;OFF;ON;100;-3,60;-4;2,40;20,20;93,50;117,20;6;9,50;99,40;2,30;0,70;
2026-06-03 20:20:00.0;OFF;ON;100;-3,60;-4;2,40;20,20;93,50;117,20;6;9,50;99,50;2,30;0,70;
2026-06-03 20:21:00.0;OFF;ON;100;-3,60;-4;2,40;20,10;93,50;117,20;6;9,50;99,70;2,20;0,60;
2026-06-03 20:22:00.0;OFF;ON;100;-3,60;-4;2,40;20,10;93,40;117,20;6;9,50;99,60;2,20;0,60;
2026-06-03 20:23:00.0;OFF;ON;100;-3,70;-4;2,30;20,10;93,30;117,20;6;9,50;99,10;2,20;0,60;
2026-06-03 20:24:00.0;OFF;ON;100;-3,40;-4;2,30;20;93,40;117,20;5,70;9,50;100;2,20;0,60;
2026-06-03 20:25:00.0;OFF;ON;100;-3,60;-4;2,30;20;93,40;117,20;5,90;9,50;99,40;2,20;0,60;
2026-06-03 20:26:00.0;OFF;ON;100;-3,70;-4;2,20;20;93,40;117,20;5,90;9,50;99,30;2,10;0,50;
2026-06-03 20:27:00.0;OFF;ON;100;-3,60;-4;2,20;19,90;93,60;117,20;5,80;9,50;99,60;2,10;0,50;
2026-06-03 20:28:00.0;OFF;ON;100;-3,60;-4;2,20;19,90;93,50;117,20;5,80;9,50;99,70;2,10;0,50;
2026-06-03 20:29:00.0;OFF;ON;100;-3,60;-4;2,20;19,90;93,50;117,20;5,80;9,50;99,80;2,10;0,50;
2026-06-03 20:30:00.0;OFF;ON;100;-3,70;-4;2,20;19,80;93,60;117,20;5,90;9,50;99,40;2;0,40;
2026-06-03 20:31:00.0;OFF;ON;100;-3,60;-4;2,10;19,80;93,60;117,20;5,80;9,50;99,70;2;0,40;
2026-06-03 20:32:00.0;OFF;ON;100;-3,60;-4;2,10;19,80;93,60;117,20;5,70;9,50;100;2;0,40;
2026-06-03 20:33:00.0;OFF;ON;100;-3,70;-4;2,10;19,70;93,60;117,20;5,70;9,50;99,70;2;0,40;
2026-06-03 20:34:00.0;OFF;ON;100;-3,70;-4;2;19,70;93,60;117,20;5,70;9,50;99,40;1,90;0,40;
2026-06-03 20:35:00.0;OFF;ON;100;-3,70;-4;2;19,70;93,70;117,20;5,70;9,50;99,60;1,90;0,40;
2026-06-03 20:36:00.0;OFF;ON;100;-3,70;-4;2;19,60;93,60;117,20;5,60;9,50;99,60;1,90;0,30;
2026-06-03 20:37:00.0;OFF;ON;100;-3,60;-4;2;19,60;93,60;117,20;5,60;9,50;100;1,90;0,30;
2026-06-03 20:38:00.0;OFF;ON;100;-3,60;-4;1,90;19,60;93,60;117,20;5,50;9,50;100;1,90;0,30;
2026-06-03 20:39:00.0;OFF;ON;100;-3,60;-4;1,90;19,60;93,70;117,20;5,60;9,50;100;1,90;0,30;
2026-06-03 20:40:00.0;OFF;ON;100;-3,60;-4;1,90;19,50;93,70;117,20;5,50;9,50;100;1,90;0,30;
2026-06-03 20:41:00.0;OFF;ON;100;-3,60;-4;1,90;19,50;93,70;117,20;5,50;9,50;100;1,80;0,30;
2026-06-03 20:42:00.0;OFF;ON;100;-3,60;-4;1,90;19,50;93,70;117,20;5,50;9,50;100;1,80;0,30;
2026-06-03 20:43:00.0;OFF;ON;100;-3,70;-4;1,80;19,40;93,80;117,20;5,50;9,50;99,30;1,80;0,20;
2026-06-03 20:44:00.0;OFF;ON;100;-3,70;-4;1,80;19,40;93,70;117,20;5,50;9,50;99,20;1,80;0,20;
2026-06-03 20:45:00.0;OFF;ON;100;-3,80;-4;1,80;19,40;93,90;117,20;5,60;9,50;98,70;1,70;0,20;
2026-06-03 20:46:00.0;OFF;ON;100;-3,60;-4;1,80;19,30;93,80;117,20;5,40;9,50;99,80;1,70;0,20;
2026-06-03 20:47:00.0;OFF;ON;100;-3,50;-4;1,80;19,30;93,80;117,20;5,30;9,50;100;1,70;0,20;
2026-06-03 20:48:00.0;OFF;ON;100;-3,70;-4;1,80;19,30;93,90;117,10;5,40;9,50;99,40;1,70;0,20;
2026-06-03 20:49:00.0;OFF;ON;100;-3,70;-4;1,80;19,20;93,90;117,10;5,40;9,50;99,40;1,70;0,20;
2026-06-03 20:50:00.0;OFF;ON;100;-3,60;-4;1,70;19,20;93,90;117,10;5,30;9,50;99,80;1,70;0,20;
2026-06-03 20:51:00.0;OFF;ON;100;-3,60;-4;1,70;19,20;93,90;117,10;5,40;9,50;99,60;1,60;0,10;
2026-06-03 20:52:00.0;OFF;ON;100;-3,60;-4;1,70;19,20;93,80;117,10;5,40;9,50;99,70;1,60;0,10;
2026-06-03 20:53:00.0;OFF;ON;100;-3,70;-4;1,70;19,10;94;117,10;5,40;9,50;99,40;1,60;0,10;
2026-06-03 20:54:00.0;OFF;ON;100;-3,70;-4;1,70;19,10;93,90;117,10;5,40;9,50;100;1,60;0,10;
2026-06-03 20:55:00.0;OFF;ON;100;-3,70;-4;1,70;19,10;93,90;117,10;5,40;9,50;99,50;1,60;0,10;
2026-06-03 20:56:00.0;OFF;ON;100;-3,70;-4;1,70;19;93,90;117,10;5,30;9,50;99,40;1,60;0,10;
2026-06-03 20:57:00.0;OFF;ON;100;-3,60;-4;1,70;19;93,90;117,10;5,30;9,50;99,70;1,60;0,10;
2026-06-03 20:58:00.0;OFF;ON;100;-3,60;-4;1,60;19;94;117,10;5,20;9,50;100;1,50;0,10;
2026-06-03 20:59:00.0;OFF;ON;100;-3,60;-4;1,60;18,90;94,10;117,10;5,30;9,50;99,50;1,50;0,10;
2026-06-03 21:00:00.0;OFF;ON;100;-3,60;-4;1,60;18,90;94;117,10;5,20;9,50;99,50;1,50;0,10;
2026-06-03 21:01:00.0;OFF;ON;100;-3,70;-4;1,60;18,90;94;117,10;5,30;9,50;99;1,50;0,10;
2026-06-03 21:02:00.0;OFF;ON;100;-3,70;-4;1,60;18,80;94;117,10;5,20;9,50;99,40;1,50;0;
2026-06-03 21:03:00.0;OFF;ON;100;-3,70;-4;1,60;18,80;93,90;117,10;5,20;9,50;99,50;1,50;0;
2026-06-03 21:04:00.0;OFF;ON;100;-3,60;-4;1,60;18,80;94;117,10;5,20;9,50;99,80;1,50;0;
2026-06-03 21:05:00.0;OFF;ON;100;-3,60;-4;1,50;18,70;94;117,10;5,10;9,50;99,60;1,40;0;
2026-06-03 21:06:00.0;OFF;ON;100;-3,60;-4;1,50;18,70;94;117,10;5,20;9,50;99,60;1,40;0;
2026-06-03 21:07:00.0;OFF;ON;100;-3,60;-4;1,50;18,70;94;117,10;5,10;9,50;99,80;1,40;0;
2026-06-03 21:08:00.0;OFF;ON;100;-3,50;-4;1,50;18,60;93,90;117,10;5;9,50;100;1,40;0;
2026-06-03 21:09:00.0;OFF;ON;100;-3,70;-4;1,50;18,60;94;117,10;5,20;9,50;98,80;1,40;0;
2026-06-03 21:10:00.0;OFF;ON;100;-3,40;-4;1,50;18,60;93,90;117,10;4,90;9,50;100;1,40;0;
2026-06-03 21:11:00.0;OFF;ON;100;-3,60;-4;1,50;18,50;93,90;117,10;5;9,50;99,70;1,40;0;
2026-06-03 21:12:00.0;OFF;ON;100;-3,70;-4;1,50;18,50;94;117,10;5,10;9,50;99,20;1,40;0;
2026-06-03 21:13:00.0;OFF;ON;100;-3,60;-4;1,40;18,50;94,10;117,10;5,10;9,50;99,60;1,30;0;
2026-06-03 21:14:00.0;OFF;ON;100;-3,70;-4;1,40;18,50;94,10;117,10;5,10;9,50;99,20;1,30;-0,10;
2026-06-03 21:15:00.0;OFF;ON;100;-3,60;-4;1,40;18,40;94;117,10;5;9,50;100;1,30;-0,10;
2026-06-03 21:16:00.0;OFF;ON;100;-3,60;-4;1,40;18,40;94;117,10;5;9,50;99,60;1,30;-0,10;
2026-06-03 21:17:00.0;OFF;ON;100;-3,70;-4;1,40;18,40;94,10;117,10;5;9,50;99,30;1,30;-0,10;
2026-06-03 21:18:00.0;OFF;ON;100;-3,50;-4;1,30;18,30;94,10;117,10;4,90;9,50;100;1,30;-0,10;
2026-06-03 21:19:00.0;OFF;ON;100;-3,60;-4;1,30;18,30;94;117;4,90;9,50;99,80;1,30;-0,10;
2026-06-03 21:20:00.0;OFF;ON;100;-3,70;-4;1,30;18,30;94,10;117,10;5;9,50;99,40;1,30;-0,10;
2026-06-03 21:21:00.0;OFF;ON;100;-3,60;-4;1,30;18,20;94,10;117;4,90;9,50;100;1,20;-0,10;
2026-06-03 21:22:00.0;OFF;ON;100;-3,60;-4;1,30;18,20;94;117;4,90;9,50;99,60;1,20;-0,10;
2026-06-03 21:23:00.0;OFF;ON;100;-3,60;-4;1,30;18,20;94,10;117;4,90;9,50;100;1,20;-0,10;
2026-06-03 21:24:00.0;OFF;ON;100;-3,60;-4;1,30;18,10;94;117;4,90;9,50;99,30;1,20;-0,10;
2026-06-03 21:25:00.0;OFF;ON;100;-3,60;-4;1,20;18,10;94;117;4,90;9,50;99,30;1,20;-0,10;
2026-06-03 21:26:00.0;OFF;ON;100;-3,50;-4;1,20;18,10;94;117;4,80;9,50;100;1,20;-0,20;
2026-06-03 21:27:00.0;OFF;ON;100;-3,60;-4;1,20;18;94,10;117;4,90;9,50;99,60;1,20;-0,20;
2026-06-03 21:28:00.0;OFF;ON;100;-3,60;-4;1,20;18;94,10;117;4,80;9,50;99,40;1,10;-0,20;
2026-06-03 21:29:00.0;OFF;ON;100;-3,70;-4;1,20;18;94,10;117;4,90;9,50;99;1,10;-0,20;
2026-06-03 21:30:00.0;OFF;ON;100;-3,70;-4;1,20;17,90;94,10;117;4,90;9,50;99,10;1,20;-0,20;
2026-06-03 21:31:00.0;OFF;ON;100;-3,60;-4;1,20;17,90;94,20;117;4,80;9,50;100;1,10;-0,20;
2026-06-03 21:32:00.0;OFF;ON;100;-3,70;-4;1,20;17,90;94,20;117;4,90;9,50;99,60;1,10;-0,20;
2026-06-03 21:33:00.0;OFF;ON;100;-3,70;-4;1,20;17,80;94,10;117;4,80;9,50;99,60;1,10;-0,20;
2026-06-03 21:34:00.0;OFF;ON;100;-3,50;-4;1,20;17,80;94,10;117;4,70;9,50;100;1,10;-0,20;
2026-06-03 21:35:00.0;OFF;ON;100;-3,50;-4;1,10;17,80;94,10;117;4,60;9,50;100;1,10;-0,20;
2026-06-03 21:36:00.0;OFF;ON;100;-3,60;-4;1,10;17,70;94,20;117;4,70;9,50;100;1;-0,20;
2026-06-03 21:37:00.0;OFF;ON;100;-3,60;-4;1,10;17,70;94,10;117;4,70;9,50;100;1;-0,20;
2026-06-03 21:38:00.0;OFF;ON;100;-3,50;-4;1,10;17,70;94,30;117;4,60;9,50;100;1;-0,20;
2026-06-03 21:39:00.0;OFF;ON;100;-3,50;-4;1,10;17,60;94,20;117;4,60;9,50;100;1;-0,20;
2026-06-03 21:40:00.0;OFF;ON;100;-3,50;-4;1,10;17,60;94,10;117;4,60;9,50;100;1;-0,20;
2026-06-03 21:41:00.0;OFF;ON;100;-3,60;-4;1,10;17,60;94,20;117;4,70;9,50;99,40;1;-0,20;
2026-06-03 21:42:00.0;OFF;ON;100;-3,50;-4;1,10;17,50;94,20;117;4,60;9,50;99,80;1;-0,20;
2026-06-03 21:43:00.0;OFF;ON;100;-3,60;-4;1,10;17,50;94,20;117;4,60;9,50;99,70;1;-0,30;
2026-06-03 21:44:00.0;OFF;ON;100;-3,70;-4;1;17,50;94,10;117;4,70;9,50;99,10;1;-0,20;
2026-06-03 21:45:00.0;OFF;ON;100;-3,60;-4;1;17,40;94,20;117;4,60;9,50;99,70;1;-0,20;
2026-06-03 21:46:00.0;OFF;ON;100;-3,50;-4;1;17,40;94,20;117;4,60;9,50;99,80;1;-0,20;
2026-06-03 21:47:00.0;OFF;ON;100;-3,60;-4;1;17,40;94,10;117;4,60;9,50;99,40;0,90;-0,30;
2026-06-03 21:48:00.0;OFF;ON;100;-3,70;-4;1;17,30;94,20;117;4,70;9,50;99,20;1;-0,30;
2026-06-03 21:49:00.0;OFF;ON;100;-3,50;-4;1;17,30;94,20;117;4,50;9,50;100;1;-0,30;
2026-06-03 21:50:00.0;OFF;ON;100;-3,60;-4;1;17,30;94,20;117;4,60;9,50;99,40;0,90;-0,30;
2026-06-03 21:51:00.0;OFF;ON;100;-3,70;-4;1;17,20;94,30;117;4,60;9,50;99,30;0,90;-0,30;
2026-06-03 21:52:00.0;OFF;ON;100;-3,50;-4;1;17,20;94,20;117;4,50;9,50;100;0,90;-0,30;
2026-06-03 21:53:00.0;OFF;ON;100;-3,60;-4;1;17,20;94,20;117;4,60;9,50;99,60;0,90;-0,30;
2026-06-03 21:54:00.0;OFF;ON;100;-3,50;-4;1;17,10;94,10;117;4,50;9,50;100;0,90;-0,30;
2026-06-03 21:55:00.0;OFF;ON;100;-4,20;-4;0,90;17,10;94,30;116,90;5,10;9,50;96,80;0,80;-0,30;
2026-06-03 21:56:00.0;OFF;ON;100;-3,20;-4;0,90;17,10;94,20;116,90;4,10;9,50;99,40;0,80;-0,40;
2026-06-03 21:57:00.0;OFF;ON;100;-3,30;-4;0,90;17;94,20;116,90;4,30;9,50;99,30;0,80;-0,30;
2026-06-03 21:58:00.0;OFF;ON;100;-3,10;-4;1;17;94,40;116,90;4;9,50;99,70;0,90;-0,20;
2026-06-03 21:59:00.0;OFF;ON;100;-3,20;-4;1;17;94,40;116,90;4,10;9,50;99,80;0,90;-0,20;
2026-06-03 22:00:00.0;OFF;ON;100;-3,20;-4;1;16,90;94,50;116,90;4,20;9,50;99,40;0,90;-0,20;
2026-06-03 22:01:00.0;OFF;ON;100;-3,10;-4;1;16,90;94,60;116,90;4,10;9,50;100;0,90;-0,20;
2026-06-03 22:02:00.0;OFF;ON;100;-3,10;-4;1;16,90;94,60;116,90;4,10;9,50;100;0,90;-0,20;
2026-06-03 22:03:00.0;OFF;ON;100;-3,10;-4;1;16,80;94,60;116,90;4,10;9,50;99,70;0,90;-0,20;
2026-06-03 22:04:00.0;OFF;ON;100;-3,10;-4;1;16,80;94,50;116,90;4,10;9,50;99,70;0,90;-0,20;
2026-06-03 22:05:00.0;OFF;ON;100;-3,10;-4;1;16,70;94,50;116,90;4,10;9,50;99,70;0,90;-0,20;
2026-06-03 22:06:00.0;OFF;ON;100;-3,20;-4;1;16,70;94,50;116,90;4,20;9,50;99,40;0,90;-0,20;
2026-06-03 22:07:00.0;OFF;ON;100;-3,10;-4;1;16,70;94,50;116,90;4,10;9,50;100;0,90;-0,20;
2026-06-03 22:08:00.0;OFF;ON;100;-3,20;-4;1;16,60;94,60;116,90;4,20;9,50;99,60;0,90;-0,20;
2026-06-03 22:09:00.0;OFF;ON;100;-3,20;-4;1;16,60;94,50;116,90;4,20;9,50;99,60;0,90;-0,20;
2026-06-03 22:10:00.0;OFF;ON;100;-3;-4;1;16,60;94,60;116,90;4;9,50;100;0,90;-0,20;
2026-06-03 22:11:00.0;OFF;ON;100;-3;-4;1;16,50;94,60;116,90;4;9,50;100;0,90;-0,20;
2026-06-03 22:12:00.0;OFF;ON;100;-3,20;-4;0,90;16,50;94,50;116,90;4,10;9,50;99,40;0,90;-0,20;
2026-06-03 22:13:00.0;OFF;ON;100;-3,20;-4;0,90;16,50;94,50;116,90;4,10;9,50;99,40;0,90;-0,20;
2026-06-03 22:14:00.0;OFF;ON;100;-3,10;-4;0,90;16,40;94,50;116,90;4;9,50;100;0,80;-0,20;
2026-06-03 22:15:00.0;OFF;ON;100;-3,10;-4;0,90;16,40;94,50;116,90;4,10;9,50;99,60;0,90;-0,20;
2026-06-03 22:16:00.0;OFF;ON;100;-3,10;-4;0,90;16,40;94,40;116,90;4;9,50;99,80;0,90;-0,20;
2026-06-03 22:17:00.0;OFF;ON;100;-3,90;-4;0,90;16,30;94,40;116,90;4,80;9,50;96;0,80;-0,20;
2026-06-03 22:18:00.0;OFF;ON;100;-3,50;-4;0,80;16,30;94,10;116,90;4,20;9,50;99;0,70;-0,40;
2026-06-03 22:19:00.0;OFF;ON;100;-3,60;-4;0,80;16,30;93,90;116,90;4,40;9,50;98,40;0,70;-0,40;
2026-06-03 22:20:00.0;OFF;ON;100;-3,50;-4;0,70;16,20;93,90;116,90;4,30;9,50;98,90;0,70;-0,40;
2026-06-03 22:21:00.0;OFF;ON;100;-3,30;-4;0,70;16,20;94;116,90;4,10;9,50;99;0,70;-0,40;
2026-06-03 22:22:00.0;OFF;ON;100;-3,70;-4;0,70;16,20;94;116,90;4,50;9,50;97,30;0,70;-0,40;
2026-06-03 22:23:00.0;OFF;ON;100;-3,30;-4;0,70;16,10;94,10;116,90;4;9,50;99,70;0,70;-0,40;
2026-06-03 22:24:00.0;OFF;ON;100;-3,50;-4;0,70;16,10;94,10;116,90;4,30;9,50;98,30;0,70;-0,40;
2026-06-03 22:25:00.0;OFF;ON;100;-3,80;-4;0,70;16,10;94,10;116,90;4,50;9,50;97,10;0,70;-0,40;
2026-06-03 22:26:00.0;OFF;ON;100;-3,40;-4;0,70;16;94;116,90;4,10;9,50;98,60;0,60;-0,40;
2026-06-03 22:27:00.0;OFF;ON;100;-3,70;-4;0,70;16;94;116,90;4,40;9,50;97,60;0,60;-0,40;
2026-06-03 22:28:00.0;OFF;ON;100;-3,30;-4;0,70;16;94,10;116,90;3,90;9,50;99,60;0,60;-0,40;
2026-06-03 22:29:00.0;OFF;ON;100;-3,80;-4;0,70;15,90;94,10;116,90;4,40;9,50;97,10;0,60;-0,40;
2026-06-03 22:30:00.0;OFF;ON;100;-3,30;-4;0,70;15,90;94,10;116,90;3,90;9,50;100;0,60;-0,40;
2026-06-03 22:31:00.0;OFF;ON;100;-3,70;-4;0,60;15,90;94;116,90;4,30;9,50;97,80;0,60;-0,40;
2026-06-03 22:32:00.0;OFF;ON;100;-3,40;-4;0,60;15,80;94;116,80;4,10;9,50;98,70;0,60;-0,40;
2026-06-03 22:33:00.0;OFF;ON;100;-3,50;-4;0,60;15,80;94,10;116,80;4,10;9,50;98,60;0,60;-0,40;
2026-06-03 22:34:00.0;OFF;ON;100;-3,40;-4;0,60;15,70;94,10;116,90;4;9,50;99,10;0,50;-0,40;
2026-06-03 22:35:00.0;OFF;ON;100;-3,50;-4;0,60;15,70;94,10;116,80;4,20;9,50;98,60;0,50;-0,40;
2026-06-03 22:36:00.0;OFF;ON;100;-3,50;-4;0,60;15,70;94,10;116,80;4,10;9,50;98,90;0,50;-0,50;
2026-06-03 22:37:00.0;OFF;ON;100;-3,30;-4;0,60;15,70;94,10;116,80;3,90;9,50;99,60;0,50;-0,50;
2026-06-03 22:38:00.0;OFF;ON;100;-3,70;-4;0,60;15,60;94,10;116,80;4,30;9,50;97,70;0,50;-0,50;
2026-06-03 22:39:00.0;OFF;ON;100;-3,70;-4;0,60;15,60;94,10;116,80;4,30;9,50;98;0,50;-0,50;
2026-06-03 22:40:00.0;OFF;ON;100;-3,40;-4;0,60;15,50;94;116,80;4;9,50;99,30;0,50;-0,50;
2026-06-03 22:41:00.0;OFF;ON;100;-3,70;-4;0,60;15,50;94;116,80;4,30;9,50;98,10;0,50;-0,50;
2026-06-03 22:42:00.0;OFF;ON;100;-3,50;-4;0,60;15,50;94;116,80;4;9,50;98,90;0,50;-0,50;
2026-06-03 22:43:00.0;OFF;ON;100;-3,80;-4;0,60;15,40;94,10;116,80;4,40;9,50;97,40;0,40;-0,50;
2026-06-03 22:44:00.0;OFF;ON;100;-3,50;-4;0,60;15,40;94,10;116,80;4,10;9,50;98,70;0,50;-0,50;
2026-06-03 22:45:00.0;OFF;ON;100;-3,60;-4;0,50;15,40;94;116,80;4,20;9,50;98,60;0,50;-0,50;
2026-06-03 22:46:00.0;OFF;ON;100;-2,90;-4;0,50;15,30;94;116,80;3,40;9,50;99,70;0,40;-0,50;
2026-06-03 22:47:00.0;OFF;ON;100;-3,10;-4;0,50;15,30;94;116,80;3,60;9,50;99,10;0,40;-0,50;
2026-06-03 22:48:00.0;OFF;ON;100;-3,30;-4;0,60;15,30;94,30;116,80;3,90;9,50;99,40;0,50;-0,40;
2026-06-03 22:49:00.0;OFF;ON;100;-3,10;-4;0,60;15,20;94,30;116,80;3,70;9,50;100;0,50;-0,40;
2026-06-03 22:50:00.0;OFF;ON;100;-3,30;-4;0,60;15,20;94,40;116,80;3,90;9,50;99,40;0,50;-0,40;
2026-06-03 22:51:00.0;OFF;ON;100;-3,40;-4;0,60;15,20;94,30;116,80;3,90;9,50;99,40;0,50;-0,40;
2026-06-03 22:52:00.0;OFF;ON;100;-3,30;-4;0,60;15,10;94,30;116,80;3,90;9,50;100;0,50;-0,40;
2026-06-03 22:53:00.0;OFF;ON;100;-3,40;-4;0,60;15,10;94,30;116,80;3,90;9,50;100;0,40;-0,40;
2026-06-03 22:54:00.0;OFF;ON;100;-3,40;-4;0,50;15,10;94,20;116,80;3,90;9,50;99,80;0,50;-0,50;
2026-06-03 22:55:00.0;OFF;ON;100;-3,30;-4;0,50;15;94,20;116,80;3,90;9,50;100;0,40;-0,50;
2026-06-03 22:56:00.0;OFF;ON;100;-3,30;-4;0,50;15;94,20;116,80;3,90;9,50;100;0,40;-0,50;
2026-06-03 22:57:00.0;OFF;ON;100;-3,60;-4;0,50;15;94,10;116,80;4,10;9,50;98,70;0,40;-0,50;
2026-06-03 22:58:00.0;OFF;ON;100;-3,30;-4;0,50;14,90;94,10;116,80;3,80;9,50;100;0,40;-0,50;
2026-06-03 22:59:00.0;OFF;ON;100;-3,50;-4;0,50;14,90;94,20;116,80;4;9,50;99,40;0,40;-0,50;
2026-06-03 23:00:00.0;OFF;ON;100;-3,50;-4;0,50;14,90;94,20;116,80;3,90;9,50;100;0,40;-0,50;
2026-06-03 23:01:00.0;OFF;ON;100;-3,40;-4;0,50;14,80;94,20;116,80;3,90;9,50;99,70;0,40;-0,50;
2026-06-03 23:02:00.0;OFF;ON;100;-3,50;-4;0,50;14,80;94,10;116,80;3,90;9,50;99,70;0,40;-0,50;
2026-06-03 23:03:00.0;OFF;ON;100;-3,50;-4;0,40;14,80;94,10;116,80;3,90;9,50;99,70;0,40;-0,50;
2026-06-03 23:04:00.0;OFF;ON;100;-3,60;-4;0,40;14,80;94,10;116,80;4;9,50;99,30;0,40;-0,50;
2026-06-03 23:05:00.0;OFF;ON;100;-3,40;-4;0,40;14,70;94;116,80;3,80;9,50;100;0,40;-0,50;
2026-06-03 23:06:00.0;OFF;ON;100;-3,30;-4;0,40;14,70;94,10;116,80;3,70;9,50;100;0,30;-0,50;
2026-06-03 23:07:00.0;OFF;ON;100;-3,60;-4;0,40;14,70;94,10;116,80;4;9,50;99,20;0,30;-0,50;
2026-06-03 23:08:00.0;OFF;ON;100;-3,40;-4;0,40;14,60;94,10;116,80;3,80;9,50;100;0,30;-0,50;
2026-06-03 23:09:00.0;OFF;ON;100;-3,60;-4;0,40;14,60;94,10;116,80;4;9,50;99,20;0,30;-0,60;
2026-06-03 23:10:00.0;OFF;ON;100;-3,50;-4;0,40;14,60;94,10;116,80;3,90;9,50;99,60;0,30;-0,60;
2026-06-03 23:11:00.0;OFF;ON;100;-3,50;-4;0,40;14,60;94,10;116,80;3,90;9,50;99,30;0,30;-0,60;
2026-06-03 23:12:00.0;OFF;ON;100;-3,50;-4;0,40;14,50;94,10;116,80;3,90;9,50;99,50;0,30;-0,60;
2026-06-03 23:13:00.0;OFF;ON;100;-3,50;-4;0,40;14,50;94,10;116,80;3,90;9,50;99,60;0,30;-0,60;
2026-06-03 23:14:00.0;OFF;ON;100;-3,50;-4;0,40;14,50;94,10;116,80;3,80;9,50;99,80;0,30;-0,60;
2026-06-03 23:15:00.0;OFF;ON;100;-3,60;-4;0,30;14,50;94,10;116,80;3,90;9,50;99,10;0,30;-0,60;
2026-06-03 23:16:00.0;OFF;ON;100;-3,60;-4;0,30;14,40;94;116,80;3,90;9,50;99,10;0,30;-0,60;
2026-06-03 23:17:00.0;OFF;ON;100;-3,40;-4;0,30;14,40;94;116,80;3,70;9,50;100;0,20;-0,60;
2026-06-03 23:18:00.0;OFF;ON;100;-3,40;-4;0,30;14,40;94,10;116,80;3,70;9,50;100;0,30;-0,60;
2026-06-03 23:19:00.0;OFF;ON;100;-3,50;-4;0,30;14,30;94,10;116,80;3,80;9,50;99,50;0,30;-0,60;
2026-06-03 23:20:00.0;OFF;ON;100;-3,50;-4;0,30;14,30;94,10;116,80;3,80;9,50;99,50;0,20;-0,60;
2026-06-03 23:21:00.0;OFF;ON;100;-3,50;-4;0,30;14,30;94,10;116,80;3,80;9,50;99,70;0,20;-0,60;
2026-06-03 23:22:00.0;OFF;ON;100;-3,50;-4;0,30;14,30;94,10;116,70;3,80;9,50;99,60;0,20;-0,60;
2026-06-03 23:23:00.0;OFF;ON;100;-3,50;-4;0,30;14,20;94;116,70;3,80;9,50;99,80;0,20;-0,60;
2026-06-03 23:24:00.0;OFF;ON;100;-3,50;-4;0,30;14,20;94,10;116,70;3,80;9,50;99,70;0,20;-0,60;
2026-06-03 23:25:00.0;OFF;ON;100;-3,50;-4;0,30;14,20;94,10;116,70;3,80;9,50;99,60;0,20;-0,60;
2026-06-03 23:26:00.0;OFF;ON;100;-3,50;-4;0,20;14,10;94,10;116,70;3,70;9,50;99,80;0,20;-0,60;
2026-06-03 23:27:00.0;OFF;ON;100;-3,50;-4;0,20;14,10;94,10;116,70;3,80;9,50;99,50;0,10;-0,60;
2026-06-03 23:28:00.0;OFF;ON;100;-3,60;-4;0,20;14,10;94;116,70;3,80;9,50;99,50;0,20;-0,60;
2026-06-03 23:29:00.0;OFF;ON;100;-3,50;-4;0,20;14,10;94;116,70;3,70;9,50;99,50;0,10;-0,60;
2026-06-03 23:30:00.0;OFF;ON;100;-3,50;-4;0,20;14;94;116,70;3,70;9,50;99,60;0,10;-0,70;
2026-06-03 23:31:00.0;OFF;ON;100;-3,60;-4;0,20;14;94;116,70;3,80;9,50;99,10;0,10;-0,70;
2026-06-03 23:32:00.0;OFF;ON;100;-3,60;-4;0,20;14;94;116,70;3,70;9,50;99,10;0,10;-0,70;
2026-06-03 23:33:00.0;OFF;ON;100;-3,50;-4;0,20;14;94;116,70;3,70;9,50;99,50;0,10;-0,70;
2026-06-03 23:34:00.0;OFF;ON;100;-3,50;-4;0,20;13,90;94,10;116,70;3,70;9,50;100;0,10;-0,70;
2026-06-03 23:35:00.0;OFF;ON;100;-3,40;-4;0,20;13,90;94,10;116,70;3,50;9,50;100;0,10;-0,70;
2026-06-03 23:36:00.0;OFF;ON;100;-3,40;-4;0,20;13,90;94,10;116,70;3,60;9,50;100;0,10;-0,70;
2026-06-03 23:37:00.0;OFF;ON;100;-3,50;-4;0,20;13,90;94,10;116,70;3,60;9,50;99,50;0,10;-0,70;
2026-06-03 23:38:00.0;OFF;ON;100;-3,40;-4;0,10;13,80;94;116,70;3,50;9,50;100;0,10;-0,70;
2026-06-03 23:39:00.0;OFF;ON;100;-3,60;-4;0,20;13,80;94;116,70;3,70;9,50;99,10;0,10;-0,70;
2026-06-03 23:40:00.0;OFF;ON;100;-3,70;-4;0,10;13,80;94,10;116,70;3,80;9,50;98,70;0,10;-0,70;
2026-06-03 23:41:00.0;OFF;ON;100;-3,50;-4;0,10;13,70;94,10;116,70;3,70;9,50;99,50;0,10;-0,70;
2026-06-03 23:42:00.0;OFF;ON;100;-3,30;-4;0,10;13,70;94,20;116,70;3,50;9,50;100;0,10;-0,70;
2026-06-03 23:43:00.0;OFF;ON;100;-3,60;-4;0,10;13,70;94,10;116,70;3,70;9,50;99,10;0;-0,70;
2026-06-03 23:44:00.0;OFF;ON;100;-3,60;-4;0,10;13,60;94,10;116,70;3,70;9,50;98,90;0;-0,70;
2026-06-03 23:45:00.0;OFF;ON;100;-3,50;-4;0,10;13,60;94,10;116,70;3,60;9,50;99,60;0;-0,70;
2026-06-03 23:46:00.0;OFF;ON;100;-3,50;-4;0,10;13,60;94,10;116,70;3,60;9,50;99,60;0,10;-0,70;
2026-06-03 23:47:00.0;OFF;ON;100;-3,40;-4;0,10;13,60;94,10;116,70;3,50;9,50;100;0;-0,70;
2026-06-03 23:48:00.0;OFF;ON;100;-3,60;-4;0,10;13,50;94,10;116,70;3,70;9,50;99,10;0;-0,70;
2026-06-03 23:49:00.0;OFF;ON;100;-3,60;-4;0,10;13,50;94,10;116,70;3,70;9,50;99,20;0;-0,70;
2026-06-03 23:50:00.0;OFF;ON;100;-3,40;-4;0;13,50;94,10;116,70;3,50;9,50;100;0;-0,70;
2026-06-03 23:51:00.0;OFF;ON;100;-3,60;-4;0;13,50;94;116,70;3,60;9,50;99,30;0;-0,70;
2026-06-03 23:52:00.0;OFF;ON;100;-3,50;-4;0;13,40;94,10;116,70;3,50;9,50;99,60;0;-0,70;
2026-06-03 23:53:00.0;OFF;ON;100;-3,60;-4;0;13,40;94,10;116,70;3,60;9,50;99,20;0;-0,70;
2026-06-03 23:54:00.0;OFF;ON;100;-3,40;-4;0;13,40;94,20;116,70;3,40;9,50;99,80;0;-0,70;
2026-06-03 23:55:00.0;OFF;ON;100;-3,60;-4;0;13,40;94,10;116,70;3,60;9,50;99,30;0;-0,70;
2026-06-03 23:56:00.0;OFF;ON;100;-3,50;-4;0;13,30;94,10;116,70;3,50;9,50;99,40;-0,10;-0,70;
2026-06-03 23:57:00.0;OFF;ON;100;-3,60;-4;0;13,30;94,10;116,70;3,50;9,50;99,40;-0,10;-0,80;
2026-06-03 23:58:00.0;OFF;ON;100;-3,40;-4;0;13,30;94,10;116,70;3,40;9,50;99,60;-0,10;-0,80;
2026-06-03 23:59:00.0;OFF;ON;100;-3,70;-4;0;13,30;94;116,70;3,60;9,50;98,70;-0,10;-0,80;
