CamCarcacas2;
2026-08-04 00:00;2026-08-05 00:00;
12144 Frigorífico Thoms;
ayron.costa;
" ";CPCO 51 - Câmara de carcaças - Controle de temperatura 1;CPCO 51 - Câmara de carcaças - Controle de temperatura 1;CPCO 51 - Câmara de carcaças - Controle de temperatura 1;CPCO 51 - Câmara de carcaças - Controle de temperatura 1;CPCO 51 - Câmara de carcaças - Controle de temperatura 1;CPCO 51 - Câmara de carcaças - Controle de temperatura 1;CPCO 52 - Câmara de carcaças - Controle de temperatura 2;CPCO 52 - Câmara de carcaças - Controle de temperatura 2;CPCO 53 - Balança;CPCO 51 - Câmara de carcaças - Controle de temperatura 1;CPCO 51 - Câmara de carcaças - Controle de temperatura 1;CPCO 51 - Câmara de carcaças - Controle de temperatura 1;CPCO 51 - Câmara de carcaças - Controle de temperatura 1;CPCO 54 - Câmara de carcaças - Controle de temperatura 3;
" ";Carregamento;Resfriamento;Saida Y1 - Ventiladores EC;Temp entrada glicol;Temp ref;Temp retorno ar;Temperatuda espeto;Umidade relativa da camara;Peso atual;DT Atual;DT ref;Cap Atual Valvula;Temp retorno ar M1A08;Temp Insuf de ar M1A08;" ";
2026-08-04 00:00:00.0;OFF;ON;100;-3,40;-4;-0,20;10,10;96,20;108,20;3,20;5;100;-0,30;-1;
2026-08-04 00:01:00.0;OFF;ON;100;-3,50;-4;-0,20;10,10;96,20;108,20;3,30;5;99,50;-0,30;-1;
2026-08-04 00:02:00.0;OFF;ON;100;-3,40;-4;-0,20;10;96,20;108,20;3,20;5;99,60;-0,30;-1;
2026-08-04 00:03:00.0;OFF;ON;100;-3,30;-4;-0,20;10;96,10;108,20;3,10;5;100;-0,30;-1;
2026-08-04 00:04:00.0;OFF;ON;100;-3,30;-4;-0,20;10;96,20;108,20;3,10;5;100;-0,30;-1;
2026-08-04 00:05:00.0;OFF;ON;100;-3,50;-4;-0,20;10;96,20;108,20;3,20;5;99,60;-0,30;-1,10;
2026-08-04 00:06:00.0;OFF;ON;100;-3,50;-4;-0,20;9,90;96,10;108,20;3,20;5;99,50;-0,30;-1,10;
2026-08-04 00:07:00.0;OFF;ON;100;-3,40;-4;-0,20;9,90;96,20;108,20;3,20;5;99,60;-0,30;-1,10;
2026-08-04 00:08:00.0;OFF;ON;100;-3,50;-4;-0,20;9,90;96,10;108,20;3,20;5;99,50;-0,40;-1,10;
2026-08-04 00:09:00.0;OFF;ON;100;-3,40;-4;-0,20;9,90;96,20;108,20;3,20;5;99,60;-0,40;-1,10;
2026-08-04 00:10:00.0;OFF;ON;100;-3,30;-4;-0,20;9,80;96,20;108,20;3,10;5;100;-0,40;-1,10;
2026-08-04 00:11:00.0;OFF;ON;100;-3,30;-4;-0,20;9,80;96,10;108,10;3,10;5;100;-0,40;-1,10;
2026-08-04 00:12:00.0;OFF;ON;100;-3,30;-4;-0,30;9,80;96,20;108,10;3,10;5;100;-0,40;-1,10;
2026-08-04 00:13:00.0;OFF;ON;100;-3,40;-4;-0,30;9,80;96,10;108,10;3,20;5;99,60;-0,40;-1,10;
2026-08-04 00:14:00.0;OFF;ON;100;-3,40;-4;-0,30;9,80;96,10;108,10;3,20;5;99,60;-0,40;-1,10;
2026-08-04 00:15:00.0;OFF;ON;100;-3,30;-4;-0,30;9,70;96,10;108,10;3,10;5;100;-0,40;-1,10;
2026-08-04 00:16:00.0;OFF;ON;100;-3,40;-4;-0,30;9,70;96,10;108,10;3,10;5;100;-0,40;-1,10;
2026-08-04 00:17:00.0;OFF;ON;100;-3,30;-4;-0,30;9,70;96,20;108,10;3,10;5;100;-0,40;-1,10;
2026-08-04 00:18:00.0;OFF;ON;100;-3,40;-4;-0,30;9,70;96,20;108,10;3,10;5;99,60;-0,40;-1,10;
2026-08-04 00:19:00.0;OFF;ON;100;-3,30;-4;-0,30;9,60;96,10;108,10;3,10;5;100;-0,40;-1,10;
2026-08-04 00:20:00.0;OFF;ON;100;-3,40;-4;-0,30;9,60;96,10;108,10;3,10;5;99,80;-0,40;-1,10;
2026-08-04 00:21:00.0;OFF;ON;100;-3,40;-4;-0,30;9,60;96,10;108,10;3,10;5;99,70;-0,40;-1,10;
2026-08-04 00:22:00.0;OFF;ON;100;-3,40;-4;-0,30;9,60;96,20;108,10;3;5;100;-0,40;-1,10;
2026-08-04 00:23:00.0;OFF;ON;100;-3,40;-4;-0,30;9,50;96,10;108,10;3,10;5;99,60;-0,40;-1,10;
2026-08-04 00:24:00.0;OFF;ON;100;-3,30;-4;-0,30;9,50;96,10;108,10;3;5;100;-0,40;-1,10;
2026-08-04 00:25:00.0;OFF;ON;100;-3,30;-4;-0,30;9,50;96,10;108,10;3;5;100;-0,40;-1,10;
2026-08-04 00:26:00.0;OFF;ON;100;-3,40;-4;-0,30;9,50;96,10;108,10;3,10;5;99,60;-0,40;-1,10;
2026-08-04 00:27:00.0;OFF;ON;100;-3,40;-4;-0,30;9,50;96,10;108,10;3,10;5;99,70;-0,50;-1,10;
2026-08-04 00:28:00.0;OFF;ON;100;-3,30;-4;-0,30;9,40;96,10;108,10;3;5;100;-0,40;-1,10;
2026-08-04 00:29:00.0;OFF;ON;100;-3,40;-4;-0,30;9,40;96,10;108,10;3,10;5;99,60;-0,40;-1,10;
2026-08-04 00:30:00.0;OFF;ON;100;-3,40;-4;-0,30;9,40;96,10;108,10;3,10;5;99,60;-0,50;-1,10;
2026-08-04 00:31:00.0;OFF;ON;100;-3,30;-4;-0,30;9,40;96,10;108,10;3;5;100;-0,50;-1,10;
2026-08-04 00:32:00.0;OFF;ON;100;-3,30;-4;-0,30;9,30;96,10;108,10;3;5;100;-0,50;-1,10;
2026-08-04 00:33:00.0;OFF;ON;100;-3,40;-4;-0,40;9,30;96;108,10;3,10;5;99,60;-0,50;-1,10;
2026-08-04 00:34:00.0;OFF;ON;100;-3,30;-4;-0,40;9,30;96,10;108,10;3;5;100;-0,50;-1,10;
2026-08-04 00:35:00.0;OFF;ON;100;-3,40;-4;-0,40;9,30;96;108,10;3;5;99,50;-0,50;-1,10;
2026-08-04 00:36:00.0;OFF;ON;100;-3,30;-4;-0,40;9,30;96,10;108,10;3;5;100;-0,50;-1,10;
2026-08-04 00:37:00.0;OFF;ON;100;-3,40;-4;-0,40;9,20;96,10;108,10;3;5;99,80;-0,50;-1,10;
2026-08-04 00:38:00.0;OFF;ON;100;-3,40;-4;-0,40;9,20;96;108,10;3,10;5;99,60;-0,50;-1,10;
2026-08-04 00:39:00.0;OFF;ON;100;-3,40;-4;-0,40;9,20;96;108,10;3;5;99,60;-0,50;-1,10;
2026-08-04 00:40:00.0;OFF;ON;100;-3,40;-4;-0,40;9,20;96,10;108,10;3;5;100;-0,50;-1,10;
2026-08-04 00:41:00.0;OFF;ON;100;-3,30;-4;-0,40;9,10;96;108,10;3;5;100;-0,50;-1,10;
2026-08-04 00:42:00.0;OFF;ON;100;-3,30;-4;-0,40;9,10;96,10;108,10;2,90;5;100;-0,50;-1,10;
2026-08-04 00:43:00.0;OFF;ON;100;-3,40;-4;-0,40;9,10;96;108,10;3;5;100;-0,50;-1,10;
2026-08-04 00:44:00.0;OFF;ON;100;-3,30;-4;-0,40;9,10;96;108,10;2,90;5;100;-0,50;-1,10;
2026-08-04 00:45:00.0;OFF;ON;100;-3,30;-4;-0,40;9;96,10;108,10;2,90;5;100;-0,50;-1,20;
2026-08-04 00:46:00.0;OFF;ON;100;-3,40;-4;-0,40;9;96;108,10;3;5;99,60;-0,50;-1,20;
2026-08-04 00:47:00.0;OFF;ON;100;-3,30;-4;-0,40;9;96,10;108,10;2,90;5;100;-0,50;-1,20;
2026-08-04 00:48:00.0;OFF;ON;100;-3,40;-4;-0,40;9;96,10;108,10;2,90;5;100;-0,60;-1,20;
2026-08-04 00:49:00.0;OFF;ON;100;-3,40;-4;-0,40;9;96,10;108,10;3;5;99,60;-0,60;-1,20;
2026-08-04 00:50:00.0;OFF;ON;100;-3,40;-4;-0,40;8,90;96;108,10;3;5;99,70;-0,60;-1,20;
2026-08-04 00:51:00.0;OFF;ON;100;-3,40;-4;-0,40;8,90;96;108,10;3;5;99,70;-0,60;-1,20;
2026-08-04 00:52:00.0;OFF;ON;100;-3,40;-4;-0,40;8,90;96;108,10;3;5;99,60;-0,60;-1,20;
2026-08-04 00:53:00.0;OFF;ON;100;-3,40;-4;-0,40;8,90;96;108,10;3;5;99,60;-0,60;-1,20;
2026-08-04 00:54:00.0;OFF;ON;100;-3,30;-4;-0,40;8,80;96;108,10;2,90;5;100;-0,60;-1,20;
2026-08-04 00:55:00.0;OFF;ON;100;-3,40;-4;-0,40;8,80;96;108,10;3;5;99,70;-0,60;-1,20;
2026-08-04 00:56:00.0;OFF;ON;100;-3,40;-4;-0,40;8,80;96;108,10;3;5;99,70;-0,60;-1,20;
2026-08-04 00:57:00.0;OFF;ON;100;-3,30;-4;-0,40;8,80;96;108,10;2,90;5;100;-0,60;-1,20;
2026-08-04 00:58:00.0;OFF;ON;100;-3,40;-4;-0,50;8,70;96;108,10;3;5;99,60;-0,60;-1,20;
2026-08-04 00:59:00.0;OFF;ON;100;-3,30;-4;-0,50;8,70;96;108,10;2,90;5;100;-0,60;-1,20;
2026-08-04 01:00:00.0;OFF;ON;100;-3,30;-4;-0,40;8,70;96;108,10;2,90;5;100;-0,60;-1,20;
2026-08-04 01:01:00.0;OFF;ON;100;-3,40;-4;-0,50;8,70;96;108,10;3;5;99,60;-0,60;-1,20;
2026-08-04 01:02:00.0;OFF;ON;100;-3,40;-4;-0,50;8,60;96;108,10;3;5;99,60;-0,60;-1,20;
2026-08-04 01:03:00.0;OFF;ON;100;-3,40;-4;-0,50;8,60;96;108,10;3;5;99,70;-0,60;-1,20;
2026-08-04 01:04:00.0;OFF;ON;100;-3,30;-4;-0,40;8,60;96;108,10;2,90;5;100;-0,60;-1,20;
2026-08-04 01:05:00.0;OFF;ON;100;-3,30;-4;-0,50;8,60;96;108,10;2,90;5;100;-0,60;-1,20;
2026-08-04 01:06:00.0;OFF;ON;100;-3,30;-4;-0,50;8,50;96;108,10;2,90;5;99,80;-0,60;-1,20;
2026-08-04 01:07:00.0;OFF;ON;100;-3,30;-4;-0,50;8,50;95,90;108,10;2,80;5;100;-0,60;-1,20;
2026-08-04 01:08:00.0;OFF;ON;100;-3,40;-4;-0,50;8,50;96;108,10;3;5;99,60;-0,60;-1,20;
2026-08-04 01:09:00.0;OFF;ON;100;-3,80;-4;-0,50;8,50;95,90;108,10;3,30;5;98,90;-0,70;-1,30;
2026-08-04 01:10:00.0;OFF;ON;100;-4;-4;-0,50;8,40;95,90;108,10;3,50;5;98,40;-0,70;-1,40;
2026-08-04 01:11:00.0;OFF;ON;100;-3,50;-4;-0,60;8,40;95,50;108,10;2,90;5;100;-0,80;-1,50;
2026-08-04 01:12:00.0;OFF;ON;100;-3,30;-4;-0,60;8,40;95,60;108,10;2,80;5;100;-0,70;-1,30;
2026-08-04 01:13:00.0;OFF;ON;100;-3,20;-4;-0,50;8,40;95,80;108,10;2,70;5;100;-0,70;-1,30;
2026-08-04 01:14:00.0;OFF;ON;100;-3,10;-4;-0,50;8,30;96;108,10;2,70;5;100;-0,70;-1,20;
2026-08-04 01:15:00.0;OFF;ON;100;-3;-4;-0,40;8,30;96,10;108,10;2,60;5;100;-0,70;-1,10;
2026-08-04 01:16:00.0;OFF;ON;100;-3;-4;-0,40;8,30;96,20;108,10;2,60;5;100;-0,60;-1,10;
2026-08-04 01:17:00.0;OFF;ON;100;-3;-4;-0,40;8,30;96,30;108,10;2,60;5;100;-0,60;-1,10;
2026-08-04 01:18:00.0;OFF;ON;100;-3;-4;-0,40;8,20;96,40;108,10;2,70;5;99,60;-0,60;-1;
2026-08-04 01:19:00.0;OFF;ON;100;-2,90;-4;-0,40;8,20;96,40;108,10;2,60;5;99,70;-0,60;-1;
2026-08-04 01:20:00.0;OFF;ON;100;-3;-4;-0,30;8,20;96,40;108,10;2,60;5;99,60;-0,60;-1;
2026-08-04 01:21:00.0;OFF;ON;100;-3,30;-4;-0,30;8,20;96,40;108,10;3;5;99,10;-0,60;-1,10;
2026-08-04 01:22:00.0;OFF;ON;100;-3,50;-4;-0,40;8,20;96,10;108,10;3,20;5;99,10;-0,70;-1,20;
2026-08-04 01:23:00.0;OFF;ON;100;-3,40;-4;-0,40;8,10;96;108,10;3;5;100;-0,70;-1,30;
2026-08-04 01:24:00.0;OFF;ON;100;-3,40;-4;-0,40;8,10;95,90;108,10;3;5;99,90;-0,70;-1,30;
2026-08-04 01:25:00.0;OFF;ON;100;-3,30;-4;-0,40;8,10;95,80;108,10;2,90;5;100;-0,70;-1,20;
2026-08-04 01:26:00.0;OFF;ON;100;-3,30;-4;-0,40;8,10;95,90;108,10;2,90;5;100;-0,70;-1,20;
2026-08-04 01:27:00.0;OFF;ON;100;-3,30;-4;-0,40;8;95,80;108,10;2,90;5;100;-0,70;-1,20;
2026-08-04 01:28:00.0;OFF;ON;100;-3,30;-4;-0,40;8;95,90;108,10;2,90;5;100;-0,70;-1,20;
2026-08-04 01:29:00.0;OFF;ON;100;-3,30;-4;-0,40;8;96;108,10;2,90;5;100;-0,70;-1,20;
2026-08-04 01:30:00.0;OFF;ON;100;-3,40;-4;-0,50;8;95,90;108,10;2,90;5;99,60;-0,70;-1,20;
2026-08-04 01:31:00.0;OFF;ON;100;-3,40;-4;-0,50;7,90;95,90;108,10;3;5;99,60;-0,70;-1,30;
2026-08-04 01:32:00.0;OFF;ON;100;-3,40;-4;-0,50;7,90;95,90;108,10;3;5;99,70;-0,70;-1,20;
2026-08-04 01:33:00.0;OFF;ON;100;-3,40;-4;-0,50;7,90;95,90;108,10;2,90;5;99,70;-0,70;-1,20;
2026-08-04 01:34:00.0;OFF;ON;100;-3,40;-4;-0,50;7,90;95,90;108,10;2,90;5;99,70;-0,80;-1,20;
2026-08-04 01:35:00.0;OFF;ON;100;-3,40;-4;-0,50;7,80;95,90;108,10;2,90;5;99,60;-0,80;-1,30;
2026-08-04 01:36:00.0;OFF;ON;100;-3,40;-4;-0,50;7,80;95,90;108,10;2,90;5;99,60;-0,80;-1,30;
2026-08-04 01:37:00.0;OFF;ON;100;-3,30;-4;-0,50;7,80;95,90;108,10;2,90;5;100;-0,80;-1,30;
2026-08-04 01:38:00.0;OFF;ON;100;-3,40;-4;-0,50;7,80;95,90;108,10;2,90;5;100;-0,70;-1,30;
2026-08-04 01:39:00.0;OFF;ON;100;-3,40;-4;-0,50;7,80;95,90;108,10;2,90;5;99,60;-0,80;-1,30;
2026-08-04 01:40:00.0;OFF;ON;100;-3,40;-4;-0,50;7,70;95,90;108,10;2,90;5;100;-0,80;-1,30;
2026-08-04 01:41:00.0;OFF;ON;100;-3,30;-4;-0,50;7,70;95,90;108,10;2,80;5;100;-0,80;-1,30;
2026-08-04 01:42:00.0;OFF;ON;100;-3,40;-4;-0,50;7,70;95,90;108,10;2,90;5;99,60;-0,80;-1,30;
2026-08-04 01:43:00.0;OFF;ON;100;-3,30;-4;-0,50;7,70;95,90;108,10;2,80;5;100;-0,80;-1,30;
2026-08-04 01:44:00.0;OFF;ON;100;-3,30;-4;-0,50;7,60;95,90;108,10;2,80;5;100;-0,80;-1,30;
2026-08-04 01:45:00.0;OFF;ON;100;-3,30;-4;-0,50;7,60;95,90;108,10;2,80;5;100;-0,80;-1,30;
2026-08-04 01:46:00.0;OFF;ON;100;-3,40;-4;-0,50;7,60;95,80;108,10;2,90;5;99,60;-0,80;-1,30;
2026-08-04 01:47:00.0;OFF;ON;100;-3,40;-4;-0,50;7,60;95,90;108,10;2,90;5;99,60;-0,80;-1,30;
2026-08-04 01:48:00.0;OFF;ON;100;-3,30;-4;-0,50;7,50;95,90;108,10;2,80;5;100;-0,80;-1,30;
2026-08-04 01:49:00.0;OFF;ON;100;-3,30;-4;-0,50;7,50;95,90;108,10;2,80;5;100;-0,80;-1,30;
2026-08-04 01:50:00.0;OFF;ON;100;-3,30;-4;-0,60;7,50;95,80;108,10;2,80;5;100;-0,80;-1,30;
2026-08-04 01:51:00.0;OFF;ON;100;-3,30;-4;-0,60;7,50;95,90;108,10;2,80;5;100;-0,80;-1,30;
2026-08-04 01:52:00.0;OFF;ON;100;-3,40;-4;-0,60;7,40;95,90;108,10;2,80;5;100;-0,80;-1,30;
2026-08-04 01:53:00.0;OFF;ON;100;-3,40;-4;-0,60;7,40;95,90;108,10;2,80;5;100;-0,80;-1,30;
2026-08-04 01:54:00.0;OFF;ON;100;-3,80;-4;-0,60;7,40;95,90;108,10;3,20;5;98,80;-0,80;-1,40;
2026-08-04 01:55:00.0;OFF;ON;100;-3,40;-4;-0,60;7,40;95,70;108,10;2,70;5;99,70;-0,90;-1,40;
2026-08-04 01:56:00.0;OFF;ON;100;-3,30;-4;-0,60;7,30;95,80;108,10;2,70;5;100;-0,90;-1,40;
2026-08-04 01:57:00.0;OFF;ON;100;-3,20;-4;-0,60;7,30;95,80;108,10;2,60;5;100;-0,80;-1,30;
2026-08-04 01:58:00.0;OFF;ON;100;-3,20;-4;-0,60;7,30;96;108,10;2,70;5;99,60;-0,80;-1,30;
2026-08-04 01:59:00.0;OFF;ON;100;-3,10;-4;-0,60;7,30;96,10;108,10;2,60;5;100;-0,80;-1,20;
2026-08-04 02:00:00.0;OFF;ON;100;-3,20;-4;-0,50;7,20;96,10;108,10;2,70;5;99,70;-0,80;-1,20;
2026-08-04 02:01:00.0;OFF;ON;100;-3,20;-4;-0,60;7,20;96,10;108,10;2,60;5;99,70;-0,80;-1,20;
2026-08-04 02:02:00.0;OFF;ON;100;-3,10;-4;-0,50;7,20;96,10;108,10;2,50;5;100;-0,80;-1,20;
2026-08-04 02:03:00.0;OFF;ON;100;-3,20;-4;-0,50;7,20;96,20;108,10;2,60;5;99,60;-0,80;-1,20;
2026-08-04 02:04:00.0;OFF;ON;100;-3,10;-4;-0,50;7,10;96,20;108,10;2,60;5;99,60;-0,80;-1,20;
2026-08-04 02:05:00.0;OFF;ON;100;-3;-4;-0,50;7,10;96,30;108,10;2,50;5;100;-0,80;-1,20;
2026-08-04 02:06:00.0;OFF;ON;100;-3,10;-4;-0,50;7,10;96,30;108,10;2,60;5;99,70;-0,80;-1,20;
2026-08-04 02:07:00.0;OFF;ON;100;-3;-4;-0,50;7,10;96,30;108,10;2,50;5;100;-0,80;-1,20;
2026-08-04 02:08:00.0;OFF;ON;100;-3;-4;-0,50;7;96,30;108,10;2,40;5;100;-0,80;-1,20;
2026-08-04 02:09:00.0;OFF;ON;100;-3,10;-4;-0,50;7;96,30;108;2,60;5;99,60;-0,80;-1,20;
2026-08-04 02:10:00.0;OFF;ON;100;-3,10;-4;-0,50;7;96,30;108,10;2,60;5;99,60;-0,80;-1,20;
2026-08-04 02:11:00.0;OFF;ON;100;-2,90;-4;-0,50;7;96,30;108;2,40;5;100;-0,80;-1,10;
2026-08-04 02:12:00.0;OFF;ON;100;-3;-4;-0,50;7;96,30;108,10;2,50;5;99,60;-0,80;-1,10;
2026-08-04 02:13:00.0;OFF;ON;100;-2,90;-4;-0,50;6,90;96,30;108;2,40;5;100;-0,80;-1,10;
2026-08-04 02:14:00.0;OFF;ON;100;-2,90;-4;-0,50;6,90;96,30;108;2,40;5;100;-0,80;-1,10;
2026-08-04 02:15:00.0;OFF;ON;100;-3;-4;-0,50;6,90;96,30;108,10;2,50;5;99,60;-0,80;-1,10;
2026-08-04 02:16:00.0;OFF;ON;100;-2,90;-4;-0,50;6,90;96,20;108;2,40;5;100;-0,80;-1,10;
2026-08-04 02:17:00.0;OFF;ON;100;-3;-4;-0,50;6,80;96,30;108;2,50;5;99,70;-0,80;-1,10;
2026-08-04 02:18:00.0;OFF;ON;100;-3;-4;-0,50;6,80;96,20;108;2,50;5;99,60;-0,80;-1,10;
2026-08-04 02:19:00.0;OFF;ON;100;-2,90;-4;-0,50;6,80;96,30;108,10;2,40;5;100;-0,80;-1,10;
2026-08-04 02:20:00.0;OFF;ON;100;-3,50;-4;-0,50;6,80;96,20;108;3;5;98,40;-0,80;-1,20;
2026-08-04 02:21:00.0;OFF;ON;100;-3,60;-4;-0,60;6,70;96;108;3;5;98,70;-0,80;-1,30;
2026-08-04 02:22:00.0;OFF;ON;100;-3,50;-4;-0,60;6,70;95,70;108;2,80;5;100;-0,90;-1,40;
2026-08-04 02:23:00.0;OFF;ON;100;-3,50;-4;-0,70;6,70;95,60;108,10;2,80;5;100;-0,90;-1,40;
2026-08-04 02:24:00.0;OFF;ON;100;-3,50;-4;-0,70;6,70;95,60;108,10;2,80;5;99,90;-0,90;-1,40;
2026-08-04 02:25:00.0;OFF;ON;100;-3,50;-4;-0,70;6,60;95,60;108,10;2,90;5;99,60;-1;-1,40;
2026-08-04 02:26:00.0;OFF;ON;100;-3,50;-4;-0,70;6,60;95,70;108,10;2,80;5;99,60;-1;-1,40;
2026-08-04 02:27:00.0;OFF;ON;100;-3,50;-4;-0,70;6,60;95,70;108,10;2,80;5;99,80;-1;-1,40;
2026-08-04 02:28:00.0;OFF;ON;100;-3,40;-4;-0,70;6,60;95,70;108,10;2,70;5;100;-1;-1,40;
2026-08-04 02:29:00.0;OFF;ON;100;-3,40;-4;-0,70;6,50;95,80;108,10;2,70;5;100;-1;-1,40;
2026-08-04 02:30:00.0;OFF;ON;100;-3,50;-4;-0,70;6,50;95,80;108;2,80;5;99,60;-1;-1,40;
2026-08-04 02:31:00.0;OFF;ON;100;-3,50;-4;-0,70;6,50;95,70;108,10;2,70;5;100;-1;-1,40;
2026-08-04 02:32:00.0;OFF;ON;100;-3,60;-4;-0,70;6,50;95,70;108;2,80;5;99,60;-1;-1,40;
2026-08-04 02:33:00.0;OFF;ON;100;-3,60;-4;-0,80;6,40;95,80;108;2,80;5;99,60;-1;-1,50;
2026-08-04 02:34:00.0;OFF;ON;100;-3,50;-4;-0,70;6,40;95,80;108;2,70;5;100;-1;-1,50;
2026-08-04 02:35:00.0;OFF;ON;100;-3,60;-4;-0,70;6,40;96,20;108;2,90;5;99,60;-1;-1,50;
2026-08-04 02:36:00.0;OFF;ON;100;-3,50;-4;-0,70;6,40;96,40;108;2,80;5;99,60;-1;-1,50;
2026-08-04 02:37:00.0;OFF;ON;100;-3,50;-4;-0,70;6,40;96,30;108;2,80;5;99,60;-1;-1,40;
2026-08-04 02:38:00.0;OFF;ON;100;-3,40;-4;-0,60;5,50;96,40;86,20;2,80;5;100;-1;-1,70;
2026-08-04 02:39:00.0;OFF;ON;100;-3,60;-4;-0,60;5,90;96,50;87,50;2,80;5;99,90;-1,10;-2;
2026-08-04 02:40:00.0;OFF;ON;50;-3,70;-4;-0,70;6,10;96,70;88,40;3;4,80;99,50;-1,20;-2,20;
2026-08-04 02:41:00.0;OFF;ON;50;-3,70;-4;-0,70;6,10;96,70;88,60;3;4,80;99,80;-1,20;-2,30;
2026-08-04 02:42:00.0;OFF;ON;50;-3,10;-4;-0,70;6,10;96,60;87,70;2,40;4,80;100;-1,30;-2,30;
2026-08-04 02:43:00.0;OFF;ON;50;-3,40;-4;-0,70;6,10;96,70;87,40;2,70;4,80;99,50;-1,30;-2,20;
2026-08-04 02:44:00.0;OFF;ON;50;-3,40;-4;-0,70;6;96,90;82,50;2,70;4,80;99,50;-1,20;-2,20;
2026-08-04 02:45:00.0;OFF;ON;50;-3,40;-4;-0,70;6;96,90;82,30;2,70;4,80;100;-1,20;-2,20;
2026-08-04 02:46:00.0;OFF;ON;50;-3,30;-4;-0,70;6;96,80;83,10;2,60;4,80;100;-1,20;-2,20;
2026-08-04 02:47:00.0;OFF;ON;50;-3,40;-4;-0,70;6;96,80;82,40;2,60;4,80;100;-1,30;-2,20;
2026-08-04 02:48:00.0;OFF;ON;50;-3,50;-4;-0,80;6;96,80;83;2,70;4,80;99,60;-1,30;-2,30;
2026-08-04 02:49:00.0;OFF;ON;50;-3,50;-4;-0,70;5,90;96,80;82,50;2,70;4,80;99,80;-1,30;-2,30;
2026-08-04 02:50:00.0;OFF;ON;50;-3,50;-4;-0,70;5,90;96,90;82,20;2,80;5;99,60;-1,30;-2,30;
2026-08-04 02:51:00.0;OFF;ON;50;-3,50;-4;-0,70;5,90;96,90;82,30;2,80;5;99,60;-1,30;-2,30;
2026-08-04 02:52:00.0;OFF;ON;50;-3,50;-4;-0,70;5,80;96,40;82,50;2,80;5;99,50;-1,30;-2,30;
2026-08-04 02:53:00.0;OFF;ON;50;-3,60;-4;-0,80;5,80;95,90;82,80;2,70;5;99,60;-1,30;-2,30;
2026-08-04 02:54:00.0;OFF;ON;50;-3,50;-4;-0,90;5,80;95,50;83;2,60;5;99,90;-1,40;-2,40;
2026-08-04 02:55:00.0;OFF;ON;50;-3,60;-4;-1;5,80;95,10;83,10;2,60;5;100;-1,40;-2,40;
2026-08-04 02:56:00.0;OFF;ON;50;-3,70;-4;-1;5,70;94,90;83,20;2,70;5;99,60;-1,40;-2,40;
2026-08-04 02:57:00.0;OFF;ON;50;-3,70;-4;-1;5,70;94,70;83,30;2,70;5;99,60;-1,40;-2,50;
2026-08-04 02:58:00.0;OFF;ON;50;-3,70;-4;-1,10;5,70;94,50;83,40;2,60;5;99,80;-1,40;-2,50;
2026-08-04 02:59:00.0;OFF;ON;50;-3,70;-4;-1,20;5,70;94,40;83,50;2,50;5;100;-1,40;-2,50;
2026-08-04 03:00:00.0;OFF;ON;50;-3,80;-4;-1,20;5,60;94,40;83,50;2,60;5;99,50;-1,50;-2,50;
2026-08-04 03:01:00.0;OFF;ON;50;-3,80;-4;-1,20;5,60;94,40;83,60;2,60;5;99,60;-1,50;-2,60;
2026-08-04 03:02:00.0;OFF;ON;50;-3,80;-4;-1,30;5,60;94,40;83,40;2,50;5;99,60;-1,50;-2,60;
2026-08-04 03:03:00.0;OFF;ON;50;-3,70;-4;-1,30;5,60;94,40;83,30;2,40;5;100;-1,50;-2,60;
2026-08-04 03:04:00.0;OFF;ON;50;-3,70;-4;-1,30;5,50;94,60;83,30;2,40;5;100;-1,50;-2,60;
2026-08-04 03:05:00.0;OFF;ON;50;-3,70;-4;-1,30;5,50;94,60;83,60;2,40;5;100;-1,50;-2,60;
2026-08-04 03:06:00.0;OFF;ON;50;-3,70;-4;-1,30;5,50;94,60;83,70;2,40;5;100;-1,50;-2,60;
2026-08-04 03:07:00.0;OFF;ON;50;-3,70;-4;-1,20;5,50;94,80;83,30;2,50;5;100;-1,50;-2,60;
2026-08-04 03:08:00.0;OFF;ON;50;-3,60;-4;-1,10;5,50;95,70;83,30;2,40;5;100;-1,50;-2,60;
2026-08-04 03:09:00.0;OFF;ON;50;-3,70;-4;-1,20;5,40;95,50;83,40;2,40;5;99,60;-1,50;-2,50;
2026-08-04 03:10:00.0;OFF;ON;50;-3,70;-4;-1,30;5,40;95,30;83,40;2,40;5;99,70;-1,50;-2,50;
2026-08-04 03:11:00.0;OFF;ON;50;-3,70;-4;-1,30;5,40;95,10;83,50;2,40;5;99,50;-1,50;-2,50;
2026-08-04 03:12:00.0;OFF;ON;50;-3,60;-4;-1,30;5,30;95;83,60;2,30;5;99,60;-1,50;-2,50;
2026-08-04 03:13:00.0;OFF;ON;50;-3,60;-4;-1,20;5,30;95;83,60;2,40;5;100;-1,50;-2,50;
2026-08-04 03:14:00.0;OFF;ON;50;-3,70;-4;-1,20;5,30;95;83,60;2,50;5;99,60;-1,50;-2,50;
2026-08-04 03:15:00.0;OFF;ON;50;-3,50;-4;-1,20;5,30;95;83,70;2,40;5;100;-1,50;-2,50;
2026-08-04 03:16:00.0;OFF;ON;50;-3,50;-4;-1,20;5,20;95;83,90;2,30;5;100;-1,50;-2,50;
2026-08-04 03:17:00.0;OFF;ON;50;-3,60;-4;-1,20;5,20;95;83,90;2,40;5;99,70;-1,50;-2,50;
2026-08-04 03:18:00.0;OFF;ON;50;-3,60;-4;-1,20;5,20;95;84;2,40;5;99,60;-1,50;-2,50;
2026-08-04 03:19:00.0;OFF;ON;50;-3,60;-4;-1,30;5,20;95,10;83,90;2,30;5;99,60;-1,50;-2,50;
2026-08-04 03:20:00.0;OFF;ON;50;-3,50;-4;-1,40;5,20;95,10;84;2,10;5;99,90;-1,50;-2,50;
2026-08-04 03:21:00.0;OFF;ON;50;-3,50;-4;-1,30;5,10;95,20;84;2,20;5;99,60;-1,50;-2,50;
2026-08-04 03:22:00.0;OFF;ON;50;-3,40;-4;-1,30;5,10;95,10;84,10;2,10;5;100;-1,50;-2,50;
2026-08-04 03:23:00.0;OFF;ON;50;-3,40;-4;-1,20;5,10;95,10;84;2,20;5;100;-1,60;-2,50;
2026-08-04 03:24:00.0;OFF;ON;50;-3,50;-4;-1,30;5,10;95,20;84;2,20;5;99,70;-1,50;-2,40;
2026-08-04 03:25:00.0;OFF;ON;50;-3,40;-4;-1,20;5;95,20;84,10;2,10;5;100;-1,50;-2,40;
2026-08-04 03:26:00.0;OFF;ON;50;-3,40;-4;-1,20;5;95,20;84,10;2,10;5;100;-1,50;-2,40;
2026-08-04 03:27:00.0;OFF;ON;50;-3,50;-4;-1,30;5;95,20;84,20;2,20;5;99,60;-1,50;-2,40;
2026-08-04 03:28:00.0;OFF;ON;50;-3,40;-4;-1,30;5;95,30;84;2,10;5;100;-1,50;-2,40;
2026-08-04 03:29:00.0;OFF;ON;50;-3,40;-4;-1,10;5;95,70;83,60;2,20;5;99,90;-1,50;-2,40;
2026-08-04 03:30:00.0;OFF;ON;50;-3,20;-4;-1,10;4,90;96;83,70;2,10;5;100;-1,50;-2,40;
2026-08-04 03:31:00.0;OFF;ON;50;-3,30;-4;-1,30;4,90;95,90;83,80;2,10;5;99,70;-1,50;-2,30;
2026-08-04 03:32:00.0;OFF;ON;50;-3,30;-4;-1,30;4,90;95,80;83,70;2;5;100;-1,50;-2,30;
2026-08-04 03:33:00.0;OFF;ON;50;-3,30;-4;-1,30;4,90;95,70;84,10;2;5;99,80;-1,50;-2,30;
2026-08-04 03:34:00.0;OFF;ON;50;-3,20;-4;-1,20;4,90;96,20;84;2;5;100;-1,50;-2,30;
2026-08-04 03:35:00.0;OFF;ON;50;-3,20;-4;-1,20;4,90;96,80;82,60;2,10;5;99,60;-1,50;-2,30;
2026-08-04 03:36:00.0;OFF;ON;50;-3,10;-4;-1,10;4,90;96,90;81,90;2;5;100;-1,40;-2,20;
2026-08-04 03:37:00.0;OFF;ON;50;-3,10;-4;-1,10;4,80;97;82;2;5;100;-1,40;-2,20;
2026-08-04 03:38:00.0;OFF;ON;50;-3,10;-4;-1;4,80;97,10;77,90;2,10;5;99,70;-1,40;-2,20;
2026-08-04 03:39:00.0;OFF;ON;50;-3;-3,80;-1;4,80;97,10;77,50;2;5;100;-1,40;-2,20;
2026-08-04 03:40:00.0;OFF;ON;50;-3,10;-3,70;-1;4,80;97,10;77,40;2,10;5;99,70;-1,40;-2,10;
2026-08-04 03:41:00.0;OFF;ON;50;-3;-3,60;-1;4,80;97,10;77,50;2;5;100;-1,40;-2,10;
2026-08-04 03:42:00.0;OFF;ON;50;-3;-3,50;-1;4,70;97,10;77,60;2;5;100;-1,40;-2,10;
2026-08-04 03:43:00.0;OFF;ON;50;-3,10;-3,40;-1,10;4,70;96,80;77,60;2;5;99,70;-1,40;-2,10;
2026-08-04 03:44:00.0;OFF;ON;50;-3;-3,30;-1,10;4,70;96,60;77,50;2;5;99,70;-1,40;-2,10;
2026-08-04 03:45:00.0;OFF;ON;50;-3,10;-3,20;-1;4,70;96,60;77,40;2,10;5;99;-1,40;-2,10;
2026-08-04 03:46:00.0;OFF;ON;50;-3,10;-3;-1;4,70;96,70;77,60;2;5;98,60;-1,40;-2,10;
2026-08-04 03:47:00.0;OFF;ON;50;-3,10;-2,90;-1;4,70;96,70;78;2,10;5;98;-1,40;-2,10;
2026-08-04 03:48:00.0;OFF;ON;50;-3;-2,80;-1;4,60;96,80;77,90;2;5;97,50;-1,40;-2,10;
2026-08-04 03:49:00.0;OFF;ON;50;-3;-2,70;-1,10;4,60;96,40;78;1,90;5;96,80;-1,40;-2,10;
2026-08-04 03:50:00.0;OFF;ON;50;-3,10;-2,60;-1,10;4,60;96;78;2;5;95,50;-1,40;-2,10;
2026-08-04 03:51:00.0;OFF;ON;50;-3,10;-2,50;-1,20;4,60;95,60;78;1,90;5;94,60;-1,40;-2,20;
2026-08-04 03:52:00.0;OFF;ON;50;-3,20;-2,40;-1,20;4,60;95,20;78;1,90;5;92,70;-1,40;-2,20;
2026-08-04 03:53:00.0;OFF;ON;50;-3,20;-2,30;-1,30;4,50;94,90;78,10;2;5;91,10;-1,40;-2,20;
2026-08-04 03:54:00.0;OFF;ON;50;-3,30;-2,20;-1,30;4,50;94,80;78,10;2;5;88,90;-1,40;-2,30;
2026-08-04 03:55:00.0;OFF;ON;50;-3,30;-2,10;-1,30;4,50;94,60;78,20;2;5;87,60;-1,50;-2,30;
2026-08-04 03:56:00.0;OFF;ON;50;-3,40;-1,90;-1,40;4,50;94,40;78,20;2;5;84,70;-1,50;-2,30;
2026-08-04 03:57:00.0;OFF;ON;50;-3,40;-1,80;-1,40;4,50;94,50;77,60;2,10;5;82,60;-1,50;-2,30;
2026-08-04 03:58:00.0;OFF;ON;50;-3,50;-1,60;-1,30;4,50;95,10;77,90;2,20;5;78,80;-1,50;-2,30;
2026-08-04 03:59:00.0;OFF;ON;50;-3,40;-1,40;-1,30;4,40;95,40;78;2,10;5;76,90;-1,50;-2,40;
2026-08-04 04:00:00.0;OFF;ON;50;-3,40;-1,30;-1,30;4,40;95,20;78;2,10;5;73,20;-1,50;-2,30;
2026-08-04 04:01:00.0;OFF;ON;50;-3,60;-1,20;-1,40;4,40;94,90;78;2,20;5;69;-1,50;-2,30;
2026-08-04 04:02:00.0;OFF;ON;50;-3,70;-1;-1,40;4,40;94,90;78;2,30;5;65;-1,50;-2,30;
2026-08-04 04:03:00.0;OFF;ON;50;-3,50;-0,80;-1,40;4,40;94,80;78,10;2,10;5;62,20;-1,50;-2,30;
2026-08-04 04:04:00.0;OFF;ON;50;-3,10;-0,70;-1,40;4,40;94,80;78,20;1,70;5;59,60;-1,50;-2,20;
2026-08-04 04:05:00.0;OFF;ON;50;-3,10;-0,50;-1,40;4,30;94,90;78,20;1,70;5;56,30;-1,40;-2,20;
2026-08-04 04:06:00.0;OFF;ON;50;-2,80;-0,30;-1,30;4,30;95,60;78;1,60;5;54;-1,40;-2,10;
2026-08-04 04:07:00.0;OFF;ON;50;-2,60;-0,10;-1,10;4,30;96,40;81,30;1,40;5;50,90;-1,40;-1,90;
2026-08-04 04:08:00.0;OFF;ON;50;-2,20;0;-1;4,30;96,80;81,90;1,20;5;50;-1,30;-1,80;
2026-08-04 04:09:00.0;OFF;ON;50;-2;0,10;-0,90;4,30;97,20;82,40;1,10;5;50;-1,20;-1,60;
2026-08-04 04:10:00.0;OFF;ON;50;-1,90;0,10;-0,90;4,30;97,60;81,90;1;5;50;-1,20;-1,50;
2026-08-04 04:11:00.0;OFF;ON;50;-1,70;0,20;-0,80;4,30;97,80;82,10;0,90;5;50;-1,10;-1,30;
2026-08-04 04:12:00.0;OFF;ON;50;-1,60;0,30;-0,70;4,20;98;82,20;0,90;5;50;-1;-1,30;
2026-08-04 04:13:00.0;OFF;ON;50;-1,30;0,40;-0,60;4,20;98,10;82,50;0,60;5;50;-1;-1,10;
2026-08-04 04:14:00.0;OFF;ON;50;-1,30;0,40;-0,60;4,20;98,20;84,50;0,70;5;50;-0,90;-1;
2026-08-04 04:15:00.0;OFF;ON;50;-1,20;0,50;-0,50;4,20;98,30;84,80;0,70;5;50;-0,80;-0,90;
2026-08-04 04:16:00.0;OFF;ON;50;-1,10;0,60;-0,40;4,20;98,30;84,40;0,70;5;50;-0,80;-0,80;
2026-08-04 04:17:00.0;OFF;ON;50;-1;0,60;-0,40;4,20;98,30;84,50;0,60;5;50;-0,70;-0,80;
2026-08-04 04:18:00.0;OFF;ON;50;-1,20;0,60;-0,40;4,20;98,30;84,70;0,80;5;50;-0,70;-0,70;
2026-08-04 04:19:00.0;OFF;ON;50;-1,10;0,60;-0,40;4,10;98,30;86,10;0,70;5;50;-0,70;-0,70;
2026-08-04 04:20:00.0;OFF;ON;50;-1;0,70;-0,30;4,10;98,30;85;0,70;5;50;-0,70;-0,70;
2026-08-04 04:21:00.0;OFF;ON;50;-1;0,70;-0,30;4,10;98,30;84,50;0,70;5;50;-0,70;-0,70;
2026-08-04 04:22:00.0;OFF;ON;50;-1;0,70;-0,30;4,10;98,30;84;0,70;5;50;-0,70;-0,70;
2026-08-04 04:23:00.0;OFF;ON;50;-1;0,70;-0,30;4,10;98,30;84,20;0,70;5;50;-0,60;-0,70;
2026-08-04 04:24:00.0;OFF;ON;50;-1,10;0,70;-0,30;4,10;98,30;84,80;0,70;5;50;-0,60;-0,70;
2026-08-04 04:25:00.0;OFF;ON;50;-1,10;0,70;-0,30;4,10;98,30;84,60;0,70;5;50;-0,60;-0,60;
2026-08-04 04:26:00.0;OFF;ON;50;-0,90;0,70;-0,30;4;98,30;84,60;0,60;5;50;-0,60;-0,60;
2026-08-04 04:27:00.0;OFF;ON;50;-0,90;0,70;-0,30;4;98,30;84,70;0,60;5;50;-0,60;-0,60;
2026-08-04 04:28:00.0;OFF;ON;50;-0,80;0,70;-0,30;4;98,30;84,70;0,50;5;50;-0,60;-0,60;
2026-08-04 04:29:00.0;OFF;ON;50;-0,80;0,70;-0,30;4;98,20;84,70;0,50;5;50;-0,60;-0,50;
2026-08-04 04:30:00.0;OFF;ON;50;-1;0,70;-0,30;4;98,20;84,80;0,70;5;50;-0,50;-0,50;
2026-08-04 04:31:00.0;OFF;ON;50;-1;0,70;-0,30;4;98,10;84,80;0,70;5;50;-0,60;-0,60;
2026-08-04 04:32:00.0;OFF;ON;50;-1;0,70;-0,30;3,90;98;84,80;0,70;5;50;-0,60;-0,60;
2026-08-04 04:33:00.0;OFF;ON;50;-1;0,70;-0,30;3,90;98;84,80;0,70;5;50;-0,60;-0,60;
2026-08-04 04:34:00.0;OFF;ON;50;-1;0,70;-0,30;3,90;98;84,80;0,70;5;50;-0,60;-0,60;
2026-08-04 04:35:00.0;OFF;ON;50;-1;0,70;-0,30;3,90;98;84,80;0,70;5;50;-0,50;-0,60;
2026-08-04 04:36:00.0;OFF;ON;50;-1;0,70;-0,30;3,90;97,90;84,90;0,60;5;50;-0,50;-0,60;
2026-08-04 04:37:00.0;OFF;ON;50;-1,10;0,70;-0,30;3,90;97,90;84,90;0,80;5;50;-0,50;-0,60;
2026-08-04 04:38:00.0;OFF;ON;50;-1;0,70;-0,30;3,80;97,80;84,90;0,70;5;50;-0,60;-0,60;
2026-08-04 04:39:00.0;OFF;ON;50;-1,10;0,70;-0,30;3,80;97,70;84,90;0,70;5;50;-0,60;-0,60;
2026-08-04 04:40:00.0;OFF;ON;50;-1;0,70;-0,30;3,80;97,60;84,90;0,70;5;50;-0,50;-0,60;
2026-08-04 04:41:00.0;OFF;ON;50;-1;0,70;-0,30;3,80;97,60;84,90;0,70;5;50;-0,50;-0,60;
2026-08-04 04:42:00.0;OFF;ON;50;-1;0,70;-0,30;3,80;97,60;85;0,70;5;50;-0,50;-0,60;
2026-08-04 04:43:00.0;OFF;ON;50;-1,10;0,70;-0,30;3,80;97,50;85;0,70;5;50;-0,50;-0,60;
2026-08-04 04:44:00.0;OFF;ON;50;-1,10;0,70;-0,30;3,70;97,40;85;0,80;5;50;-0,50;-0,60;
2026-08-04 04:45:00.0;OFF;ON;50;-1;0,70;-0,30;3,70;97,40;85,10;0,60;5;50;-0,50;-0,60;
2026-08-04 04:46:00.0;OFF;ON;50;-1;0,70;-0,30;3,70;97,40;85,10;0,70;5;50;-0,50;-0,60;
2026-08-04 04:47:00.0;OFF;ON;50;-1;0,70;-0,30;3,70;97,40;85,20;0,60;5;50;-0,50;-0,60;
2026-08-04 04:48:00.0;OFF;ON;50;-1;0,70;-0,30;3,70;97,60;85,10;0,70;5;50;-0,50;-0,60;
2026-08-04 04:49:00.0;OFF;ON;50;-1;0,70;-0,30;3,70;97,70;85,10;0,70;5;50;-0,50;-0,60;
2026-08-04 04:50:00.0;OFF;ON;50;-1;0,80;-0,20;3,70;97,90;85;0,70;5;50;-0,50;-0,60;
2026-08-04 04:51:00.0;OFF;ON;50;-0,90;0,80;-0,20;3,60;98;85,60;0,60;5;50;-0,50;-0,60;
2026-08-04 04:52:00.0;OFF;ON;50;-0,90;0,80;-0,20;3,60;98,10;85,40;0,60;5;50;-0,50;-0,50;
2026-08-04 04:53:00.0;OFF;ON;50;-0,90;0,80;-0,20;3,60;98,20;85,30;0,70;5;50;-0,50;-0,50;
2026-08-04 04:54:00.0;OFF;ON;50;-0,80;0,80;-0,20;3,60;98,30;86,10;0,60;5;50;-0,40;-0,40;
2026-08-04 04:55:00.0;OFF;ON;50;-0,70;0,80;-0,20;3,60;98,30;84,60;0,50;5;50;-0,40;-0,40;
2026-08-04 04:56:00.0;OFF;ON;50;-0,90;0,80;-0,20;3,60;98,30;85;0,80;5;50;-0,40;-0,40;
2026-08-04 04:57:00.0;OFF;ON;50;-1;0,80;-0,20;3,60;98,30;84,20;0,80;5;50;-0,40;-0,40;
2026-08-04 04:58:00.0;OFF;ON;50;-0,90;0,80;-0,20;3,50;98,30;84,20;0,70;5;50;-0,40;-0,50;
2026-08-04 04:59:00.0;OFF;ON;50;-0,90;0,80;-0,20;3,50;98,30;84,20;0,70;5;50;-0,40;-0,50;
2026-08-04 05:00:00.0;OFF;ON;50;-0,90;0,80;-0,20;3,50;98,10;84,30;0,70;5;50;-0,50;-0,50;
2026-08-04 05:01:00.0;OFF;ON;50;-0,90;0,80;-0,20;3,50;98,10;84,30;0,60;5;50;-0,50;-0,50;
2026-08-04 05:02:00.0;OFF;ON;50;-0,90;0,80;-0,20;3,50;98;84,30;0,70;5;50;-0,50;-0,50;
2026-08-04 05:03:00.0;OFF;ON;50;-0,90;0,80;-0,20;3,50;98;84,30;0,70;5;50;-0,50;-0,50;
2026-08-04 05:04:00.0;OFF;ON;50;-0,90;0,80;-0,20;3,40;97,90;84,40;0,60;5;50;-0,50;-0,50;
2026-08-04 05:05:00.0;OFF;ON;50;-0,90;0,80;-0,20;3,40;97,90;84,40;0,70;5;50;-0,50;-0,50;
2026-08-04 05:06:00.0;OFF;ON;50;-1,10;0,70;-0,30;3,40;97,80;84,50;0,80;5;50;-0,50;-0,50;
2026-08-04 05:07:00.0;OFF;ON;50;-0,90;0,70;-0,30;3,40;97,70;84,50;0,60;5;50;-0,50;-0,60;
2026-08-04 05:08:00.0;OFF;ON;50;-0,90;0,70;-0,30;3,40;97,50;85,40;0,60;5;50;-0,50;-0,50;
2026-08-04 05:09:00.0;OFF;ON;50;-0,90;0,70;-0,30;3,40;97,50;85,80;0,60;5;50;-0,50;-0,50;
2026-08-04 05:10:00.0;OFF;ON;50;-0,90;0,70;-0,30;3,40;97,40;85,80;0,60;5;50;-0,50;-0,50;
2026-08-04 05:11:00.0;OFF;ON;50;-1;0,70;-0,30;3,40;97,40;85,80;0,70;5;50;-0,50;-0,50;
2026-08-04 05:12:00.0;OFF;ON;50;-1,10;0,70;-0,30;3,30;97,30;85,80;0,90;5;50;-0,50;-0,60;
2026-08-04 05:13:00.0;OFF;ON;50;-1;0,70;-0,30;3,30;97,20;85,80;0,70;5;50;-0,50;-0,60;
2026-08-04 05:14:00.0;OFF;ON;50;-1;0,70;-0,30;3,30;97,10;85,80;0,70;5;50;-0,50;-0,60;
2026-08-04 05:15:00.0;OFF;ON;50;-1;0,70;-0,30;3,30;97,10;85,90;0,70;5;50;-0,50;-0,60;
2026-08-04 05:16:00.0;OFF;ON;50;-0,90;0,70;-0,30;3,30;97;85,90;0,60;5;50;-0,50;-0,60;
2026-08-04 05:17:00.0;OFF;ON;50;-1;0,70;-0,30;3,30;97,10;85,90;0,70;5;50;-0,50;-0,50;
2026-08-04 05:18:00.0;OFF;ON;50;-1;0,70;-0,30;3,20;97,10;85,70;0,70;5;50;-0,50;-0,60;
2026-08-04 05:19:00.0;OFF;ON;50;-1,10;0,70;-0,30;3,20;97,10;85,60;0,90;5;50;-0,50;-0,60;
2026-08-04 05:20:00.0;OFF;ON;50;-1,20;0,70;-0,30;3,20;96,90;85,60;0,90;5;50;-0,50;-0,70;
2026-08-04 05:21:00.0;OFF;ON;50;-1,10;0,70;-0,30;3,20;96,90;85,60;0,80;5;50;-0,60;-0,70;
2026-08-04 05:22:00.0;OFF;ON;50;-0,90;0,70;-0,30;3,20;96,80;85,60;0,60;5;50;-0,60;-0,70;
2026-08-04 05:23:00.0;OFF;ON;50;-1,10;0,70;-0,30;3,20;96,70;85,60;0,80;5;50;-0,60;-0,70;
2026-08-04 05:24:00.0;OFF;ON;50;-1;0,70;-0,30;3,10;96,70;85,50;0,70;5;50;-0,50;-0,60;
2026-08-04 05:25:00.0;OFF;ON;50;-1,10;0,70;-0,30;3,10;96,80;85,60;0,70;5;50;-0,50;-0,60;
2026-08-04 05:26:00.0;OFF;ON;50;-1,30;0,70;-0,30;3,10;96,80;85,60;0,90;5;50;-0,50;-0,70;
2026-08-04 05:27:00.0;OFF;ON;50;-1,30;0,70;-0,30;3,10;96,80;85,70;0,90;5;50;-0,60;-0,70;
2026-08-04 05:28:00.0;OFF;ON;50;-1,10;0,70;-0,30;3,10;96,80;85,70;0,80;5;50;-0,60;-0,70;
2026-08-04 05:29:00.0;OFF;ON;50;-1;0,70;-0,30;3,10;96,80;85,70;0,70;5;50;-0,60;-0,70;
2026-08-04 05:30:00.0;OFF;ON;50;-1,20;0,70;-0,30;3,10;96,70;85,70;0,80;5;50;-0,60;-0,70;
2026-08-04 05:31:00.0;OFF;ON;50;-1,10;0,70;-0,30;3;96,70;85,70;0,70;5;50;-0,60;-0,60;
2026-08-04 05:32:00.0;OFF;ON;50;-1,10;0,70;-0,30;3;96,80;85,70;0,80;5;50;-0,60;-0,60;
2026-08-04 05:33:00.0;OFF;ON;50;-1,20;0,70;-0,30;3;96,80;85,70;0,90;5;50;-0,60;-0,70;
2026-08-04 05:34:00.0;OFF;ON;50;-1,10;0,70;-0,30;3;96,80;85,70;0,80;5;50;-0,60;-0,70;
2026-08-04 05:35:00.0;OFF;ON;50;-1,10;0,70;-0,30;3;96,70;85,80;0,80;5;50;-0,60;-0,70;
2026-08-04 05:36:00.0;OFF;ON;50;-1,10;0,70;-0,30;3;96,70;85,80;0,80;5;50;-0,60;-0,70;
2026-08-04 05:37:00.0;OFF;ON;50;-1,10;0,70;-0,30;3;96,70;85,80;0,80;5;50;-0,60;-0,70;
2026-08-04 05:38:00.0;OFF;ON;50;-1,20;0,70;-0,30;3;96,70;85,80;0,80;5;50;-0,60;-0,70;
2026-08-04 05:39:00.0;OFF;ON;50;-1,20;0,70;-0,30;2,90;96,70;85,80;0,90;5;50;-0,60;-0,70;
2026-08-04 05:40:00.0;OFF;ON;50;-1,20;0,60;-0,40;2,90;96,70;85,80;0,80;5;50;-0,60;-0,70;
2026-08-04 05:41:00.0;OFF;ON;50;-1,10;0,70;-0,30;2,90;96,70;85,80;0,80;5;50;-0,60;-0,70;
2026-08-04 05:42:00.0;OFF;ON;50;-1,10;0,70;-0,30;2,90;96,90;85,60;0,80;5;50;-0,60;-0,70;
2026-08-04 05:43:00.0;OFF;ON;50;-1;0,70;-0,30;2,90;97;85,50;0,70;5;50;-0,60;-0,60;
2026-08-04 05:44:00.0;OFF;ON;50;-1,10;0,70;-0,30;2,90;97,20;84,50;0,80;5;50;-0,50;-0,60;
2026-08-04 05:45:00.0;OFF;ON;50;-1,10;0,70;-0,30;2,90;97,40;84,90;0,80;5;50;-0,50;-0,70;
2026-08-04 05:46:00.0;OFF;ON;50;-1;0,70;-0,30;2,90;97,60;84,60;0,70;5;50;-0,50;-0,60;
2026-08-04 05:47:00.0;OFF;ON;50;-0,90;0,70;-0,30;2,80;97,80;84,50;0,70;5;50;-0,50;-0,60;
2026-08-04 05:48:00.0;OFF;ON;50;-0,90;0,80;-0,20;2,80;98;84,90;0,70;5;50;-0,50;-0,60;
2026-08-04 05:49:00.0;OFF;ON;50;-0,80;0,80;-0,20;2,80;98,10;83,70;0,60;5;50;-0,50;-0,50;
2026-08-04 05:50:00.0;OFF;ON;50;-0,80;0,80;-0,20;2,80;98,20;84,30;0,60;5;50;-0,50;-0,50;
2026-08-04 05:51:00.0;OFF;ON;50;-1;0,80;-0,20;2,80;98,30;84,50;0,80;5;50;-0,40;-0,50;
2026-08-04 05:52:00.0;OFF;ON;50;-0,80;0,80;-0,20;2,80;98,10;84,50;0,50;5;50;-0,50;-0,50;
2026-08-04 05:53:00.0;OFF;ON;50;-0,80;0,80;-0,20;2,80;98;84,50;0,60;5;50;-0,40;-0,50;
2026-08-04 05:54:00.0;OFF;ON;50;-0,80;0,80;-0,20;2,70;97,90;84,50;0,50;5;50;-0,40;-0,50;
2026-08-04 05:55:00.0;OFF;ON;50;-0,80;0,80;-0,20;2,70;97,90;84,50;0,60;5;50;-0,40;-0,50;
2026-08-04 05:56:00.0;OFF;ON;50;-1;0,80;-0,20;2,70;97,80;84,50;0,70;5;50;-0,40;-0,50;
2026-08-04 05:57:00.0;OFF;ON;50;-1;0,80;-0,20;2,70;97,70;85;0,80;5;50;-0,40;-0,50;
2026-08-04 05:58:00.0;OFF;ON;50;-0,90;0,80;-0,20;2,70;97,80;84,40;0,70;5;50;-0,50;-0,60;
2026-08-04 05:59:00.0;OFF;ON;50;-0,80;0,80;-0,20;2,70;97,80;84,40;0,60;5;50;-0,50;-0,50;
2026-08-04 06:00:00.0;OFF;ON;50;---;0,80;---;---;---;---;---;5;---;---;-0,50;
2026-08-04 06:01:00.0;OFF;ON;50;---;0,80;---;---;---;---;---;5;---;---;-0,50;
2026-08-04 06:02:00.0;---;---;---;---;---;---;---;---;---;---;---;---;---;---;
2026-08-04 06:03:00.0;OFF;ON;50;-1,20;0,70;-0,30;2,60;97,30;84,50;0,90;5;50;-0,50;-0,50;
2026-08-04 06:04:00.0;OFF;ON;50;-1;0,70;-0,30;2,60;97,20;84,40;0,70;5;50;-0,50;-0,60;
2026-08-04 06:05:00.0;---;---;50;-1;0,70;-0,30;2,60;97,20;84,70;0,70;5;50;-0,50;-0,60;
2026-08-04 06:06:00.0;---;---;50;-0,90;0,70;-0,30;0,70;97,20;84,30;0,60;5;50;-0,50;-0,60;
2026-08-04 06:07:00.0;---;---;50;-1;1;-0,20;-0,80;97,40;0,30;0,80;4,80;50;-0,50;-0,60;
2026-08-04 06:08:00.0;---;---;50;-0,90;1;-0,20;-1,70;97,80;30,80;0,70;4,80;50;-0,50;-0,50;
2026-08-04 06:09:00.0;---;---;50;-0,90;1;-0,20;-2,10;98;0;0,70;4,80;50;-0,50;-0,50;
2026-08-04 06:10:00.0;---;---;50;-1;1;-0,20;-2,40;98;0;0,80;4,80;50;-0,50;-0,50;
2026-08-04 06:11:00.0;---;---;50;-1;1;-0,20;-2,80;98;0;0,80;4,80;50;-0,50;-0,50;
2026-08-04 06:12:00.0;---;---;50;-1;1;-0,20;-2,80;98,10;0;0,80;4,80;50;-0,50;-0,60;
2026-08-04 06:13:00.0;---;---;50;-1;1;-0,20;-2,90;98;0;0,70;4,80;50;-0,50;-0,60;
2026-08-04 06:14:00.0;---;---;50;-1,10;0,90;-0,30;-3,10;97,80;0;0,80;4,80;50;-0,50;-0,60;
2026-08-04 06:15:00.0;---;---;50;-1;1;-0,20;-3;98;0;0,70;4,80;50;-0,50;-0,60;
2026-08-04 06:16:00.0;---;---;50;-1;1;-0,20;-3;98;0;0,80;4,80;50;-0,50;-0,60;
2026-08-04 06:17:00.0;---;---;50;-0,90;1,20;-0,20;-3;98,10;0;0,70;4,60;50;-0,50;-0,60;
2026-08-04 06:18:00.0;---;---;50;-0,90;1,20;-0,20;-3;98;0;0,60;4,60;50;-0,50;-0,50;
2026-08-04 06:19:00.0;---;---;50;-0,80;1,20;-0,20;-3,10;98;0;0,60;4,60;50;-0,50;-0,50;
2026-08-04 06:20:00.0;---;---;50;-0,80;1,20;-0,20;-3,10;97,90;0;0,60;4,60;50;-0,50;-0,50;
2026-08-04 06:21:00.0;---;---;50;-0,90;1,10;-0,30;-3,20;97,80;0;0,70;4,60;50;-0,50;-0,50;
2026-08-04 06:22:00.0;---;---;50;-1;1,10;-0,30;-3,20;97,60;0;0,70;4,60;50;-0,50;-0,50;
2026-08-04 06:23:00.0;---;---;50;-0,90;1,10;-0,30;-3,20;97,50;0;0,70;4,60;50;-0,50;-0,60;
2026-08-04 06:24:00.0;---;---;50;-1;1,10;-0,30;-3,30;97,30;0;0,70;4,60;50;-0,50;-0,60;
2026-08-04 06:25:00.0;---;---;50;-1;1,10;-0,30;-3,30;97,10;0;0,70;4,60;50;-0,50;-0,60;
2026-08-04 06:26:00.0;---;---;50;-0,90;1,10;-0,30;-3,40;97,10;0;0,60;4,60;50;-0,50;-0,60;
2026-08-04 06:27:00.0;---;---;50;-1,10;0,90;-0,30;-3,30;96,90;0;0,80;4,80;50;-0,50;-0,60;
2026-08-04 06:28:00.0;---;---;50;-1,10;0,90;-0,30;-3,40;96,90;0;0,80;4,80;50;-0,50;-0,60;
2026-08-04 06:29:00.0;---;---;50;-1;0,90;-0,30;-3,40;96,90;0;0,70;4,80;50;-0,50;-0,60;
2026-08-04 06:30:00.0;---;---;50;-1,10;0,90;-0,30;-3,40;96,80;0;0,80;4,80;50;-0,50;-0,60;
2026-08-04 06:31:00.0;---;---;50;-0,90;0,90;-0,30;-3,40;96,80;0;0,60;4,80;50;-0,50;-0,60;
2026-08-04 06:32:00.0;---;---;50;-0,90;0,90;-0,30;-3,30;97,10;0;0,60;4,80;50;-0,50;-0,60;
2026-08-04 06:33:00.0;---;---;50;-1;0,90;-0,30;-3,20;97,50;0;0,70;4,80;50;-0,50;-0,60;
2026-08-04 06:34:00.0;---;---;50;-0,90;1;-0,20;-3,20;97,90;0;0,70;4,80;50;-0,50;-0,60;
2026-08-04 06:35:00.0;---;---;50;-0,90;1;-0,20;-3,10;98;0;0,60;4,80;50;-0,50;-0,60;
2026-08-04 06:36:00.0;---;---;50;-0,80;1;-0,20;-3,10;98,10;0;0,60;4,80;50;-0,50;-0,50;
2026-08-04 06:37:00.0;---;---;50;-0,80;0,80;-0,20;-3,10;98,20;0;0,60;5;50;-0,50;-0,50;
2026-08-04 06:38:00.0;---;---;50;-0,80;0,80;-0,20;-3;98,30;0;0,60;5;50;-0,50;-0,50;
2026-08-04 06:39:00.0;---;---;50;-0,80;0,80;-0,20;-3;98,30;0;0,60;5;50;-0,40;-0,40;
2026-08-04 06:40:00.0;---;---;50;-0,70;0,80;-0,20;-3;98,30;0;0,60;5;50;-0,40;-0,40;
2026-08-04 06:41:00.0;---;---;50;-0,80;0,80;-0,20;-3;98,30;0;0,60;5;50;-0,40;-0,40;
2026-08-04 06:42:00.0;---;---;50;-0,70;0,80;-0,20;-3;98,30;0;0,60;5;50;-0,40;-0,40;
2026-08-04 06:43:00.0;---;---;50;-0,70;0,80;-0,20;-2,90;98,30;0;0,50;5;50;-0,40;-0,40;
2026-08-04 06:44:00.0;---;---;50;-0,70;0,80;-0,20;-2,90;98,30;0;0,60;5;50;-0,40;-0,40;
2026-08-04 06:45:00.0;---;---;50;-0,60;0,80;-0,20;-2,90;98,40;0;0,50;5;50;-0,40;-0,40;
2026-08-04 06:46:00.0;---;---;50;-0,70;0,90;-0,10;-2,90;98,40;0;0,60;5;50;-0,40;-0,40;
2026-08-04 06:47:00.0;---;---;50;-0,60;0,90;-0,10;-2,90;98,40;0;0,50;5;50;-0,40;-0,30;
2026-08-04 06:48:00.0;---;---;50;-0,60;0,90;-0,10;-2,90;98,40;0;0,50;5;50;-0,40;-0,30;
2026-08-04 06:49:00.0;---;---;50;-0,60;0,90;-0,10;-2,90;98,40;0;0,50;5;50;-0,40;-0,30;
2026-08-04 06:50:00.0;---;---;50;-0,60;0,90;-0,10;-2,80;98,30;0;0,50;5;50;-0,30;-0,30;
2026-08-04 06:51:00.0;---;---;50;-0,50;1;0;-2,70;98,30;0,20;0,60;5;50;-0,10;-0,20;
2026-08-04 06:52:00.0;---;---;50;-0,50;1;0;-2,70;98,30;0,20;0,50;5;50;0;-0,20;
2026-08-04 06:53:00.0;---;---;50;-0,50;1;0;-2,70;98,30;0;0,50;5;50;-0,10;-0,10;
2026-08-04 06:54:00.0;---;---;50;-0,50;1;0;-2,70;98,30;0;0,50;5;50;-0,20;-0,20;
2026-08-04 06:55:00.0;---;---;50;-0,50;0,90;-0,10;-2,70;98,30;0;0,40;5;50;-0,20;-0,20;
2026-08-04 06:56:00.0;---;---;50;-0,60;0,90;-0,10;-2,80;98,30;0;0,50;5;50;-0,30;-0,20;
2026-08-04 06:57:00.0;---;---;50;-0,60;0,90;-0,10;-2,80;98,30;0;0,50;5;50;-0,30;-0,20;
2026-08-04 06:58:00.0;---;---;50;-0,60;0,90;-0,10;-2,90;98,30;0;0,50;5;50;-0,30;-0,30;
2026-08-04 06:59:00.0;---;---;50;-0,70;0,90;-0,10;-2,90;98,20;0;0,60;5;50;-0,30;-0,30;
2026-08-04 07:00:00.0;---;---;50;-0,70;0,90;-0,10;-2,90;98,10;0;0,50;5;50;-0,30;-0,30;
2026-08-04 07:01:00.0;---;---;50;-0,80;0,80;-0,20;-2,90;98,10;0;0,60;5;50;-0,40;-0,40;
2026-08-04 07:02:00.0;---;---;50;-0,80;0,90;-0,10;-2,90;98,10;0;0,60;5;50;-0,40;-0,40;
2026-08-04 07:03:00.0;---;---;50;-0,80;0,90;-0,10;-2,90;98,20;0;0,60;5;50;-0,40;-0,40;
2026-08-04 07:04:00.0;---;---;50;-0,80;0,80;-0,20;-3;98,10;0;0,60;5;50;-0,40;-0,40;
2026-08-04 07:05:00.0;---;---;50;-0,80;0,80;-0,20;-3;98;0;0,60;5;50;-0,40;-0,40;
2026-08-04 07:06:00.0;---;---;50;-0,90;0,80;-0,20;-3,10;97,90;0;0,70;5;50;-0,40;-0,40;
2026-08-04 07:07:00.0;---;---;50;-0,90;0,80;-0,20;-3,10;97,90;0;0,70;5;50;-0,40;-0,50;
2026-08-04 07:08:00.0;---;---;50;-0,90;0,80;-0,20;-3,10;97,80;0;0,60;5;50;-0,50;-0,50;
2026-08-04 07:09:00.0;---;---;50;-1;0,80;-0,20;-3,10;97,80;0;0,70;5;50;-0,50;-0,50;
2026-08-04 07:10:00.0;---;---;50;-0,90;0,80;-0,20;-3,20;97,50;0;0,70;5;50;-0,50;-0,50;
2026-08-04 07:11:00.0;---;---;50;-0,90;0,70;-0,30;-3,20;97,30;0;0,60;5;50;-0,50;-0,60;
2026-08-04 07:12:00.0;---;---;50;-1;0,70;-0,30;-3,20;97,20;0;0,80;5;50;-0,50;-0,60;
2026-08-04 07:13:00.0;---;---;50;-1;0,70;-0,30;-3,30;97;0;0,70;5;50;-0,50;-0,60;
2026-08-04 07:14:00.0;---;---;50;-1;0,70;-0,30;-3,30;96,90;0;0,70;5;50;-0,60;-0,60;
2026-08-04 07:15:00.0;---;---;50;-1,20;0,70;-0,30;-3,30;96,80;0;0,90;5;50;-0,60;-0,70;
2026-08-04 07:16:00.0;---;---;50;-1,20;0,70;-0,30;-3,30;96,70;0;0,80;5;50;-0,60;-0,70;
2026-08-04 07:17:00.0;---;---;50;-1,10;0,70;-0,30;-3,40;96,70;0;0,80;5;50;-0,60;-0,70;
2026-08-04 07:18:00.0;---;---;50;-1,20;0,60;-0,40;-3,40;96,60;0;0,80;5;50;-0,60;-0,70;
2026-08-04 07:19:00.0;---;---;50;-1,20;0,60;-0,40;-3,40;96,60;0;0,90;5;50;-0,60;-0,70;
2026-08-04 07:20:00.0;---;---;50;-1,20;0,60;-0,40;-3,50;96,60;0;0,80;5;50;-0,70;-0,80;
2026-08-04 07:21:00.0;---;---;50;-1,20;0,60;-0,40;-3,50;96,50;0;0,80;5;50;-0,70;-0,80;
2026-08-04 07:22:00.0;---;---;50;-1,30;0,60;-0,40;-3,50;96,40;0;0,90;5;50;-0,70;-0,80;
2026-08-04 07:23:00.0;---;---;50;-1,30;0,60;-0,40;-3,50;96,50;0;0,80;5;50;-0,70;-0,80;
2026-08-04 07:24:00.0;---;---;50;-1,30;0,60;-0,40;-3,60;96,40;0;0,90;5;50;-0,70;-0,80;
2026-08-04 07:25:00.0;---;---;50;-1,20;0,60;-0,40;-3,60;96,40;0;0,80;5;50;-0,70;-0,80;
2026-08-04 07:26:00.0;---;---;50;-1,30;0,60;-0,40;-3,60;96,40;0;0,90;5;50;-0,70;-0,80;
2026-08-04 07:27:00.0;---;---;50;-1,20;0,60;-0,40;-3,50;96,80;0;0,80;5;50;-0,70;-0,90;
2026-08-04 07:28:00.0;---;---;50;-1,20;0,60;-0,40;-3,40;97,40;0;0,90;5;50;-0,70;-0,90;
2026-08-04 07:29:00.0;---;---;50;-1,20;0,60;-0,40;-3,30;97,80;0;0,80;5;50;-0,70;-0,80;
2026-08-04 07:30:00.0;---;---;50;-1,20;0,70;-0,30;-3,40;98;0;0,80;5;50;-0,70;-0,80;
2026-08-04 07:31:00.0;---;---;50;-1;0,70;-0,30;-3,30;98,10;0;0,70;5;50;-0,70;-0,80;
2026-08-04 07:32:00.0;---;---;50;-1,10;0,70;-0,30;-3,30;98,20;0;0,80;5;50;-0,70;-0,70;
2026-08-04 07:33:00.0;---;---;50;-1;0,70;-0,30;-3,20;98,30;0;0,70;5;50;-0,60;-0,70;
2026-08-04 07:34:00.0;---;---;50;-0,90;0,70;-0,30;-3,20;98,30;0;0,70;5;50;-0,60;-0,70;
2026-08-04 07:35:00.0;---;---;50;-1;0,70;-0,30;-3,20;98,30;0;0,70;5;50;-0,60;-0,60;
2026-08-04 07:36:00.0;---;---;50;-1;0,70;-0,30;-3,10;98,30;0;0,70;5;50;-0,60;-0,60;
2026-08-04 07:37:00.0;---;---;50;-1;0,70;-0,30;-3,10;98,30;0;0,70;5;50;-0,60;-0,60;
2026-08-04 07:38:00.0;---;---;50;-0,90;0,80;-0,20;-3,10;98,30;0;0,70;5;50;-0,60;-0,60;
2026-08-04 07:39:00.0;---;---;50;-0,80;0,80;-0,20;-3,10;98,30;0;0,60;5;50;-0,50;-0,60;
2026-08-04 07:40:00.0;---;---;50;-0,80;0,80;-0,20;-3,10;98,30;0;0,60;5;50;-0,50;-0,50;
2026-08-04 07:41:00.0;---;---;50;-0,80;0,80;-0,20;-3;98,30;0;0,50;5;50;-0,50;-0,50;
2026-08-04 07:42:00.0;---;---;50;-0,80;0,80;-0,20;-3;98,30;0;0,60;5;50;-0,50;-0,50;
2026-08-04 07:43:00.0;---;---;50;-0,80;0,80;-0,20;-2,90;98,30;0;0,60;5;50;-0,50;-0,50;
2026-08-04 07:44:00.0;---;---;50;-0,70;0,80;-0,20;-3;98,30;0;0,50;5;50;-0,50;-0,50;
2026-08-04 07:45:00.0;---;---;50;-0,80;0,80;-0,20;-2,90;98,30;0;0,60;5;50;-0,50;-0,50;
2026-08-04 07:46:00.0;---;---;50;-0,80;0,80;-0,20;-3;98,30;0;0,60;5;50;-0,50;-0,50;
2026-08-04 07:47:00.0;---;---;50;-0,70;0,80;-0,20;-3;98,30;0;0,50;5;50;-0,50;-0,50;
2026-08-04 07:48:00.0;---;---;50;-0,80;0,80;-0,20;-3;98,30;0;0,60;5;50;-0,50;-0,50;
2026-08-04 07:49:00.0;---;---;50;-0,70;0,80;-0,20;-3;98,30;0;0,50;5;50;-0,50;-0,50;
2026-08-04 07:50:00.0;---;---;50;-0,70;0,80;-0,20;-3,10;98,30;0;0,50;5;50;-0,50;-0,50;
2026-08-04 07:51:00.0;---;---;50;-0,70;0,80;-0,20;-3;98,30;0;0,60;5;50;-0,50;-0,50;
2026-08-04 07:52:00.0;---;---;50;-0,80;0,80;-0,20;-3;98,30;0;0,60;5;50;-0,50;-0,50;
2026-08-04 07:53:00.0;---;---;50;-0,80;0,80;-0,20;-3;98,30;0;0,60;5;50;-0,50;-0,40;
2026-08-04 07:54:00.0;---;---;50;-0,90;0,80;-0,20;-3,10;98,30;0;0,60;5;50;-0,50;-0,40;
2026-08-04 07:55:00.0;---;---;50;-0,80;0,70;-0,30;-3,10;98,20;0;0,60;5;50;-0,50;-0,50;
2026-08-04 07:56:00.0;---;---;50;-0,70;0,70;-0,30;-3,20;98;0;0,50;5;50;-0,50;-0,50;
2026-08-04 07:57:00.0;---;---;50;-0,40;0,70;-0,30;-3,20;97,90;0;0,10;5;50;-0,50;-0,40;
2026-08-04 07:58:00.0;---;---;50;-0,20;0,70;-0,30;-3,20;97,80;0;-0,10;5;50;-0,50;-0,30;
2026-08-04 07:59:00.0;---;---;50;0;0,80;-0,20;-3,20;97,90;0;-0,20;5;50;-0,40;-0,10;
2026-08-04 08:00:00.0;---;---;50;0,10;0,80;-0,20;-3,10;97,90;0;-0,30;5;50;-0,30;0;
2026-08-04 08:01:00.0;---;---;50;0,30;0,90;-0,10;-3;98;0;-0,40;5;50;-0,20;0,10;
2026-08-04 08:02:00.0;---;---;50;0,40;0,90;-0,10;-3;98;0;-0,40;5;50;-0,20;0,20;
2026-08-04 08:03:00.0;---;---;50;0,40;1;0;-2,90;98,10;0;-0,40;5;50;-0,10;0,30;
2026-08-04 08:04:00.0;---;---;50;0,40;1;0;-2,90;98,30;0;-0,50;5;50;-0,10;0,30;
2026-08-04 08:05:00.0;---;---;50;0,50;1;0;-2,80;98,30;0;-0,50;5;50;-0,10;0,30;
2026-08-04 08:06:00.0;---;---;50;0,50;1;0;-2,80;98,30;0;-0,50;5;50;-0,10;0,30;
2026-08-04 08:07:00.0;---;---;50;0,60;1;0;-2,80;98,30;0;-0,60;5;50;-0,10;0,30;
2026-08-04 08:08:00.0;---;---;50;0,70;1;0;-2,80;98,30;0;-0,70;5;50;-0,10;0,30;
2026-08-04 08:09:00.0;---;---;50;0,60;1;0;-2,80;98,30;0;-0,60;5;50;-0,10;0,30;
2026-08-04 08:10:00.0;---;---;50;0,70;1;0;-2,80;98,30;0;-0,60;5;50;-0,10;0,30;
2026-08-04 08:11:00.0;---;---;50;0,70;1;0;-2,80;98,30;0;-0,70;5;50;-0,10;0,30;
2026-08-04 08:12:00.0;---;---;50;0,60;1;0;-2,80;98,30;0;-0,60;5;50;-0,10;0,30;
2026-08-04 08:13:00.0;---;---;50;0,70;1;0;-2,80;98,30;0;-0,60;5;50;-0,10;0,30;
2026-08-04 08:14:00.0;---;---;50;0,70;1,10;0,10;-2,80;98,30;0;-0,60;5;50;-0,10;0,30;
2026-08-04 08:15:00.0;---;---;50;0,70;1;0;-2,80;98,30;0;-0,60;5;50;-0,10;0,30;
2026-08-04 08:16:00.0;---;---;50;0,80;1,10;0,10;-2,70;98,30;0;-0,80;5;50;0;0,30;
2026-08-04 08:17:00.0;---;---;50;0,80;1,10;0,10;-2,70;98,30;0;-0,70;5;50;0;0,30;
2026-08-04 08:18:00.0;---;---;50;0,70;1,10;0,10;-2,80;98,30;0;-0,60;5;50;0;0,30;
2026-08-04 08:19:00.0;---;---;50;0,70;1,10;0,10;-2,80;98,30;0;-0,60;5;50;0;0,30;
2026-08-04 08:20:00.0;---;---;50;0,70;1,10;0,10;-2,70;98,30;0;-0,60;5;50;0;0,30;
2026-08-04 08:21:00.0;---;---;50;0,80;1,10;0,10;-2,70;98,40;0;-0,70;5;50;0;0,30;
2026-08-04 08:22:00.0;---;---;50;0,70;1,10;0,10;-2,70;98,30;0;-0,60;5;50;0;0,30;
2026-08-04 08:23:00.0;---;---;50;0,90;0,90;0,10;-2;98,30;0;-0,80;5;50;0;0,30;
2026-08-04 08:24:00.0;ON;OFF;50;0,80;-1,80;0,20;-1,30;98,30;0;-0,60;2;61,20;0;0,30;
2026-08-04 08:25:00.0;ON;OFF;50;0,80;-1,70;0,30;-1,90;98,40;0;-0,50;2;63,40;0,40;0,30;
2026-08-04 08:26:00.0;ON;OFF;50;1;-1,60;0,40;-2,10;98,40;0;-0,60;2;67,30;0,60;0,30;
2026-08-04 08:27:00.0;ON;OFF;50;1;-1,50;0,50;-1,70;98,40;0;-0,50;2;69,60;0,40;0,30;
2026-08-04 08:28:00.0;ON;OFF;50;1,10;-1,40;0,60;-1,60;98,40;0;-0,40;2;72,90;0,80;0,30;
2026-08-04 08:29:00.0;ON;OFF;50;1,30;-1,40;0,60;-1,50;98,40;0;-0,60;2;76,40;0,50;0,30;
2026-08-04 08:30:00.0;ON;OFF;50;1,20;-1,40;0,60;-1,70;98,40;0;-0,60;2;80,30;0,30;0,30;
2026-08-04 08:31:00.0;ON;OFF;50;1,30;-1,40;0,60;0,20;98,40;0;-0,80;2;83,70;0,30;0,30;
2026-08-04 08:32:00.0;ON;OFF;50;1,30;-1,50;0,50;-0,50;98,40;0;-0,70;2;86,20;0,30;0,30;
2026-08-04 08:33:00.0;ON;OFF;50;1,40;-1,50;0,50;-1,40;98,40;0;-0,90;2;90,60;0,20;0,30;
2026-08-04 08:34:00.0;ON;OFF;50;1,30;-1,60;0,40;-1,60;98,40;0;-0,90;2;94,60;0,20;0,30;
2026-08-04 08:35:00.0;ON;OFF;50;1,40;-1,70;0,30;-1,90;98,40;0;-1;2;98,30;0,20;0,30;
2026-08-04 08:36:00.0;ON;OFF;50;1,20;-1,70;0,30;-2;98,40;0;-1;2;99,70;0,20;0,30;
2026-08-04 08:37:00.0;ON;OFF;50;1,20;-1,70;0,30;-2;98,40;0;-0,90;2;99,60;0,10;0,30;
2026-08-04 08:38:00.0;ON;OFF;50;1,30;-1,70;0,30;-2,10;98,40;0;-1;2;100;0,10;0,30;
2026-08-04 08:39:00.0;ON;OFF;50;1,30;-1,70;0,30;-2,10;98,40;0;-1;2;100;0,10;0,30;
2026-08-04 08:40:00.0;ON;OFF;50;1,30;-1,70;0,30;-2,10;98,40;0;-1,10;2;100;0,10;0,30;
2026-08-04 08:41:00.0;ON;OFF;50;1,30;-1,70;0,30;-2,10;98,40;0;-0,90;2;99,70;0,20;0,30;
2026-08-04 08:42:00.0;ON;OFF;50;1,40;-1,70;0,30;-2,10;98,40;0;-1,10;2;100;0,20;0,30;
2026-08-04 08:43:00.0;ON;OFF;50;1,40;-1,70;0,30;-2,10;98,40;0;-1,10;2;100;0,20;0,30;
2026-08-04 08:44:00.0;ON;OFF;50;1,30;-1,70;0,30;-2,10;98,40;0;-1;2;99,70;0,20;0,30;
2026-08-04 08:45:00.0;ON;OFF;50;1,40;-1,70;0,30;-2,10;98,40;0;-1,10;2;100;0,30;0,30;
2026-08-04 08:46:00.0;ON;OFF;50;1,50;-1,40;0,60;39,40;98,40;111,80;-1;2;100;0,80;0,40;
2026-08-04 08:47:00.0;ON;OFF;50;1,60;-1,30;0,70;42;98,40;111,80;-1;2;100;1;0,40;
2026-08-04 08:48:00.0;ON;OFF;50;1,80;-1,20;0,80;43;98,40;111,80;-1,10;2;100;1,20;0,50;
2026-08-04 08:49:00.0;ON;OFF;50;1,80;-1,20;0,80;43,50;98,40;111,70;-1;2;99,70;1,30;0,50;
2026-08-04 08:50:00.0;ON;OFF;50;2;-1,10;0,90;43,70;98,40;111,70;-1,10;2;100;1,40;0,60;
2026-08-04 08:51:00.0;ON;OFF;50;2;-1;1;43,90;98,40;111,60;-1;2;99,70;1,50;0,70;
2026-08-04 08:52:00.0;ON;OFF;50;2,10;-0,90;1,10;44;98,40;111,60;-1;2;99,60;1,60;0,70;
2026-08-04 08:53:00.0;ON;OFF;50;2,20;-0,80;1,20;44,10;98,40;111,60;-1;2;99,70;1,70;0,90;
2026-08-04 08:54:00.0;ON;OFF;50;2,40;-0,70;1,30;44,10;98,40;111,60;-1,10;2;100;1,70;1,30;
2026-08-04 08:55:00.0;ON;OFF;50;2,50;-0,50;1,50;44,20;98,40;111,60;-1;2;99,70;1,80;1,90;
2026-08-04 08:56:00.0;ON;OFF;50;2,50;-0,30;1,70;44,20;98,40;111,60;-0,90;2;100;2,10;2,30;
2026-08-04 08:57:00.0;ON;OFF;50;2,40;-0,10;1,90;44,30;98,40;111,60;-0,50;2;99,80;2,30;2,50;
2026-08-04 08:58:00.0;ON;OFF;50;2,30;0,10;2,10;44,30;98,40;111,60;-0,20;2;99,60;2,40;2,60;
2026-08-04 08:59:00.0;ON;OFF;50;2,20;0,20;2,20;44,30;98,40;111,60;0;2;100;2,50;2,50;
2026-08-04 09:00:00.0;ON;OFF;50;1,80;0,30;2,30;44,40;98,40;111,50;0,50;2;99,60;2,60;2,40;
2026-08-04 09:01:00.0;ON;OFF;50;1,50;0,20;2,20;44,40;98,40;111,50;0,80;2;100;2,50;2,20;
2026-08-04 09:02:00.0;ON;OFF;50;0,70;0,20;2,20;44,40;98,40;111,50;1,50;2;97,80;2,50;2;
2026-08-04 09:03:00.0;ON;OFF;50;0,20;0,10;2,10;44,40;98,40;111,50;1,80;2;96,80;2,30;1,50;
2026-08-04 09:04:00.0;ON;OFF;50;0,10;-0,10;1,90;44,40;98,40;111,50;1,90;2;96,90;2,20;1,30;
2026-08-04 09:05:00.0;ON;OFF;50;-0,20;-0,20;1,80;44,40;98,40;111,50;2,10;2;96,10;2;1,10;
2026-08-04 09:06:00.0;ON;OFF;50;-0,40;-0,20;1,80;44,40;98,40;111,50;2,20;2;95,40;1,90;0,80;
2026-08-04 09:07:00.0;ON;OFF;50;-0,60;-0,20;1,80;44,50;98,40;111,50;2,40;2;94,20;2;0,70;
2026-08-04 09:08:00.0;ON;OFF;50;-0,90;-0,20;1,80;44,50;98,40;111,50;2,70;2;92,10;1,80;0,40;
2026-08-04 09:09:00.0;ON;OFF;50;-1;-0,30;1,70;44,50;98,40;111,40;2,80;2;91,10;1,70;0,20;
2026-08-04 09:10:00.0;ON;OFF;50;-1,20;-0,30;1,70;44,50;98,40;111,40;2,80;2;90;1,50;0,10;
2026-08-04 09:11:00.0;ON;OFF;50;-1,40;-0,30;1,70;44,50;98,40;111,40;3,10;2;87,60;1,50;-0,10;
2026-08-04 09:12:00.0;ON;OFF;50;-1,50;-0,30;1,70;44,50;98,40;111,30;3,20;2;85,60;1,40;-0,20;
2026-08-04 09:13:00.0;ON;OFF;50;-1,80;-0,40;1,60;44,50;98,40;111,30;3,40;2;83,30;1,30;-0,30;
2026-08-04 09:14:00.0;ON;OFF;50;-2,10;-0,40;1,60;44,50;98,40;111,30;3,70;2;80,60;1,40;-0,30;
2026-08-04 09:15:00.0;ON;OFF;50;-2,10;-0,40;1,60;44,50;98,40;111,30;3,70;2;78,70;1,30;-0,40;
2026-08-04 09:16:00.0;ON;OFF;50;-2,20;-0,40;1,60;44,50;98,40;111,30;3,80;2;75,60;1,30;-0,40;
2026-08-04 09:17:00.0;ON;OFF;50;-2,30;-0,40;1,60;44,50;98,40;111,30;3,90;2;74;1,40;-0,50;
2026-08-04 09:18:00.0;ON;OFF;50;-2,40;-0,30;1,70;44,50;98,40;111,30;4,10;2;70,40;1,30;-0,50;
2026-08-04 09:19:00.0;ON;OFF;50;-2,60;-0,20;1,80;44,50;98,40;111,30;4,40;2;66,90;1,30;-0,40;
2026-08-04 09:20:00.0;ON;OFF;50;-2,10;-0,10;1,90;44,50;98,40;111,30;4;2;64,30;1,40;-0,20;
2026-08-04 09:21:00.0;ON;OFF;50;-1,50;-0,20;1,80;44,50;98,40;111,30;3,30;2;65,40;1,30;-0,10;
2026-08-04 09:22:00.0;ON;OFF;50;-1,50;0;2;44,50;98,40;111,30;3,40;2;63,50;1,40;0;
2026-08-04 09:23:00.0;ON;OFF;50;-1,30;0,10;2,10;44,50;98,40;111,20;3,40;2;61,80;1,60;0,10;
2026-08-04 09:24:00.0;ON;OFF;50;-1,10;0,10;2,10;44,50;98,40;111,20;3,20;2;61,20;1,60;0,10;
2026-08-04 09:25:00.0;ON;OFF;50;-0,50;0,30;2,30;44,50;98,40;111,20;2,80;2;61,10;1,80;0,20;
2026-08-04 09:26:00.0;ON;OFF;50;-0,40;0,40;2,40;44,50;98,40;111,20;2,90;2;60,40;1,90;0,40;
2026-08-04 09:27:00.0;ON;OFF;50;-0,50;0,50;2,50;44,50;98,40;111,20;3,10;2;58,60;2;0,50;
2026-08-04 09:28:00.0;ON;OFF;50;-0,30;0,80;2,80;44,50;98,40;111,20;3;2;56,90;2,10;0,60;
2026-08-04 09:29:00.0;ON;OFF;50;-0,20;0,90;2,90;44,50;98,40;111,20;3,10;2;55,70;2,20;0,60;
2026-08-04 09:30:00.0;ON;OFF;50;0;1,20;3,20;44,50;98,40;111,20;3,20;2;53,40;2,40;0,90;
2026-08-04 09:31:00.0;ON;OFF;50;0,30;1,40;3,40;44,50;98,40;111,20;3,10;2;52,60;2,50;1,10;
2026-08-04 09:32:00.0;ON;OFF;50;1;1,70;3,70;44,50;98,40;111,20;2,70;2;53,10;2,80;1,60;
2026-08-04 09:33:00.0;ON;OFF;50;1;2,10;4,10;44,50;98,40;111,20;3,10;2;50,70;3;1,90;
2026-08-04 09:34:00.0;ON;OFF;50;1,40;2,20;4,20;44,40;98,40;111,20;2,80;2;50;3;2,20;
2026-08-04 09:35:00.0;ON;OFF;50;1,60;2,30;4,30;44,40;98,50;111,10;2,70;2;50;3;2,40;
2026-08-04 09:36:00.0;ON;OFF;50;1,70;2,30;4,30;44,40;98,50;111,10;2,60;2;50;3;2,40;
2026-08-04 09:37:00.0;ON;OFF;50;1,80;2,40;4,40;44,40;98,50;111,10;2,60;2;50;3;2,50;
2026-08-04 09:38:00.0;ON;OFF;50;2;2,50;4,50;44,40;98,50;111,10;2,50;2;50;3;2,60;
2026-08-04 09:39:00.0;ON;OFF;50;1,80;2,40;4,40;44,40;98,50;111,10;2,60;2;50;3,10;2,60;
2026-08-04 09:40:00.0;ON;OFF;50;1,80;2,50;4,50;44,40;98,50;111;2,70;2;50;3,10;2,60;
2026-08-04 09:41:00.0;ON;OFF;50;1,70;2,40;4,40;44,40;98,50;111;2,70;2;50;3,10;2,50;
2026-08-04 09:42:00.0;ON;OFF;50;2;2,40;4,40;44,30;98,50;111;2,40;2;50;3,10;2,60;
2026-08-04 09:43:00.0;ON;OFF;50;1,90;2,40;4,40;44,30;98,50;111;2,50;2;50;3,10;2,60;
2026-08-04 09:44:00.0;ON;OFF;50;1,90;2,50;4,50;44,30;98,50;111;2,60;2;50;3,10;2,60;
2026-08-04 09:45:00.0;ON;OFF;50;2,20;2,50;4,50;44,30;98,50;111;2,30;2;50;3,20;2,70;
2026-08-04 09:46:00.0;ON;OFF;50;2;2,40;4,40;44,30;98,50;111;2,40;2;50;3,20;2,80;
2026-08-04 09:47:00.0;ON;OFF;50;2,10;2,50;4,50;44,30;98,50;111;2,40;2;50;3,10;2,80;
2026-08-04 09:48:00.0;ON;OFF;50;2,30;2,50;4,50;44,20;98,50;111;2,20;2;50;3,20;2,80;
2026-08-04 09:49:00.0;ON;OFF;50;2,10;2,60;4,60;44,20;98,50;111;2,50;2;50;3,20;2,90;
2026-08-04 09:50:00.0;ON;OFF;50;1,80;2,50;4,50;44,20;98,50;111;2,70;2;50;3,20;2,70;
2026-08-04 09:51:00.0;ON;OFF;50;2;2,50;4,50;44,20;98,50;110,90;2,50;2;50;3,20;2,60;
2026-08-04 09:52:00.0;ON;OFF;50;2;2,50;4,50;44,20;98,50;110,90;2,50;2;50;3,10;2,70;
2026-08-04 09:53:00.0;ON;OFF;50;1,90;2,50;4,50;44,10;98,50;110,90;2,60;2;50;3,20;2,70;
2026-08-04 09:54:00.0;ON;OFF;50;1,90;2,40;4,40;44,10;98,50;110,90;2,50;2;50;3,20;2,70;
2026-08-04 09:55:00.0;ON;OFF;50;1,80;2,40;4,40;44,10;98,50;110,90;2,70;2;50;3,10;2,70;
2026-08-04 09:56:00.0;ON;OFF;50;2,30;2,40;4,40;44,10;98,50;110,90;2,10;2;50;3,20;2,70;
2026-08-04 09:57:00.0;ON;OFF;50;2,60;2,40;4,40;44;98,50;110,90;1,80;2;50,90;3,20;2,90;
2026-08-04 09:58:00.0;ON;OFF;50;2,70;2,60;4,60;44;98,50;110,90;1,90;2;50,70;3,40;3,10;
2026-08-04 09:59:00.0;ON;OFF;50;3;3;5;44;98,50;110,90;2;2;50;3,90;3,40;
2026-08-04 10:00:00.0;ON;OFF;50;3,10;3,30;5,30;44;98,50;110,90;2,20;2;50;4,20;3,70;
2026-08-04 10:01:00.0;ON;OFF;50;3,40;3,40;5,40;43,90;98,50;110,90;2;2;50;4,40;3,80;
2026-08-04 10:02:00.0;ON;OFF;50;3,50;3,50;5,50;43,90;98,50;110,90;2,10;2;50;4,50;4;
2026-08-04 10:03:00.0;ON;OFF;50;3,10;3,70;5,70;43,90;98,50;110,90;2,70;2;50;4,60;4;
2026-08-04 10:04:00.0;ON;OFF;50;3;3,80;5,80;43,90;98,50;110,90;2,80;2;50;4,70;4;
2026-08-04 10:05:00.0;ON;OFF;50;2,90;3,90;5,90;43,80;98,50;110,90;3;2;50;4,80;4;
2026-08-04 10:06:00.0;ON;OFF;50;3,20;3,90;5,90;43,80;98,50;110,80;2,70;2;50;4,90;4;
2026-08-04 10:07:00.0;ON;OFF;50;3,20;4,10;6,10;43,80;98,50;110,80;2,80;2;50;4,90;4,10;
2026-08-04 10:08:00.0;ON;OFF;50;3;4,10;6,10;43,80;98,50;110,80;3,10;2;50;5,10;4,10;
2026-08-04 10:09:00.0;ON;OFF;50;3,20;4,30;6,30;43,70;98,50;110,80;3;2;50;5,10;4,20;
2026-08-04 10:10:00.0;ON;OFF;50;3,40;4,40;6,40;43,70;98,50;110,80;3;2;50;5,30;4,40;
2026-08-04 10:11:00.0;ON;OFF;50;3,40;4,50;6,50;43,70;98,50;110,80;3,10;2;50;5,60;4,40;
2026-08-04 10:12:00.0;ON;OFF;50;3,50;4,60;6,60;43,60;98,50;110,80;3,20;2;50;5,60;4,40;
2026-08-04 10:13:00.0;ON;OFF;50;3,70;4,60;6,60;43,60;98,50;110,70;2,90;2;50;5,60;4,50;
2026-08-04 10:14:00.0;ON;OFF;50;3,60;4,70;6,70;43,50;98,50;110,70;3,10;2;50;5,70;4,60;
2026-08-04 10:15:00.0;ON;OFF;50;3,70;4,70;6,70;43,50;98,50;110,70;3,10;2;50;5,80;4,60;
2026-08-04 10:16:00.0;ON;OFF;50;3,70;4,80;6,80;43,50;98,50;110,70;3;2;50;5,80;4,80;
2026-08-04 10:17:00.0;ON;OFF;50;3,80;4,90;6,90;43,40;98,50;110,70;3,20;2;50;6;4,80;
2026-08-04 10:18:00.0;ON;OFF;50;3,70;5;7;43,40;98,50;110,70;3,40;2;50;6,10;4,80;
2026-08-04 10:19:00.0;ON;OFF;50;4,10;5,10;7,10;43,40;98,50;110,70;3,10;2;50;6,20;5;
2026-08-04 10:20:00.0;ON;OFF;50;3,90;5,30;7,30;43,30;98,60;110,70;3,30;2;50;6,40;5;
2026-08-04 10:21:00.0;ON;OFF;50;3,90;5,40;7,40;43,30;98,60;110,70;3,50;2;50;6,50;5,10;
2026-08-04 10:22:00.0;ON;OFF;50;4,10;5,50;7,50;43,30;98,60;110,70;3,30;2;50;6,60;5,10;
2026-08-04 10:23:00.0;ON;OFF;50;4,20;5,70;7,70;43,20;98,60;110,70;3,50;2;50;6,90;5,50;
2026-08-04 10:24:00.0;ON;OFF;50;4,10;5,90;7,90;43,20;98,60;110,70;3,80;2;50;7,20;5,60;
2026-08-04 10:25:00.0;ON;OFF;50;4,50;6,10;8,10;43,20;98,60;110,70;3,70;2;50;7,50;5,70;
2026-08-04 10:26:00.0;ON;OFF;50;4,50;6,20;8,20;43,10;98,60;110,70;3,70;2;50;7,50;5,90;
2026-08-04 10:27:00.0;ON;OFF;50;4,60;6,50;8,50;43,10;98,60;110,70;3,90;2;50;8;6,20;
2026-08-04 10:28:00.0;ON;OFF;50;4,50;6,60;8,60;43;98,60;110,70;4,10;2;50;7,90;6,20;
2026-08-04 10:29:00.0;ON;OFF;50;4,90;6,70;8,70;43;98,60;110,70;3,80;2;50;8,10;6,30;
2026-08-04 10:30:00.0;ON;OFF;50;4,90;6,90;8,90;42,90;98,60;110,70;4,10;2;50;8,20;6,50;
2026-08-04 10:31:00.0;ON;OFF;50;4,80;7;9;42,90;98,60;110,70;4,20;2;50;8,40;6,60;
2026-08-04 10:32:00.0;ON;OFF;50;4,90;7,10;9,10;42,90;98,60;110,70;4,20;2;50;8,40;6,60;
2026-08-04 10:33:00.0;ON;OFF;50;5,10;7,20;9,20;42,80;98,60;110,70;4,10;2;50;8,60;6,80;
2026-08-04 10:34:00.0;ON;OFF;50;5,10;7,30;9,30;42,80;98,60;110,70;4,20;2;50;8,70;6,90;
2026-08-04 10:35:00.0;ON;OFF;50;5,10;7,50;9,50;42,70;98,60;110,70;4,30;2;50;8,90;7;
2026-08-04 10:36:00.0;ON;OFF;50;5,20;7,50;9,50;42,70;98,60;110,70;4,30;2;50;8,90;7,10;
2026-08-04 10:37:00.0;ON;OFF;50;5,50;7,70;9,70;42,60;98,60;110,70;4,20;2;50;9;7,30;
2026-08-04 10:38:00.0;ON;OFF;50;5,40;7,80;9,80;42,60;98,60;110,60;4,40;2;50;9,10;7,30;
2026-08-04 10:39:00.0;ON;OFF;50;5,60;7,80;9,80;42,60;98,60;110,60;4,30;2;50;9,10;7,40;
2026-08-04 10:40:00.0;ON;OFF;50;5,50;7,90;9,90;42,50;98,60;110,60;4,40;2;50;9,20;7,50;
2026-08-04 10:41:00.0;ON;OFF;50;5,30;8;10;42,50;98,60;110,60;4,60;2;50;9,30;7,40;
2026-08-04 10:42:00.0;ON;OFF;50;5,30;8;10;42,40;98,60;110,60;4,60;2;50;9,30;7,40;
2026-08-04 10:43:00.0;ON;OFF;50;5,30;8;10;42,40;98,60;110,60;4,70;2;50;9,20;7,30;
2026-08-04 10:44:00.0;ON;OFF;50;5,20;8;10;42,30;98,60;110,60;4,80;2;50;9,20;7,30;
2026-08-04 10:45:00.0;ON;OFF;50;5,30;8,10;10,10;42,30;98,60;110,60;4,80;2;50;9,20;7,30;
2026-08-04 10:46:00.0;ON;OFF;50;5,30;8,20;10,20;42,20;98,60;110,60;4,80;2;50;9,40;7,40;
2026-08-04 10:47:00.0;ON;OFF;50;5,40;8,20;10,20;42,20;98,60;110,60;4,80;2;50;9,40;7,40;
2026-08-04 10:48:00.0;ON;OFF;50;5,30;8,30;10,30;42,10;98,60;110,60;5;2;50;9,50;7,40;
2026-08-04 10:49:00.0;ON;OFF;50;5,40;8,30;10,30;42,10;98,60;110,60;4,90;2;50;9,60;7,50;
2026-08-04 10:50:00.0;ON;OFF;50;5,40;8,40;10,40;42;98,70;110,60;4,90;2;50;9,70;7,60;
2026-08-04 10:51:00.0;ON;OFF;50;5,40;8,40;10,40;42;98,70;110,60;5;2;50;9,70;7,60;
2026-08-04 10:52:00.0;ON;OFF;50;5,40;8,30;10,30;41,90;98,70;110,60;4,90;2;50;9,60;7,60;
2026-08-04 10:53:00.0;ON;OFF;50;5,40;8,30;10,30;41,90;98,70;110,60;4,90;2;50;9,50;7,60;
2026-08-04 10:54:00.0;ON;OFF;50;5,40;8,30;10,30;41,80;98,70;110,60;4,90;2;50;9,40;7,50;
2026-08-04 10:55:00.0;ON;OFF;50;5,30;8,30;10,30;41,80;98,70;110,60;4,90;2;50;9,40;7,50;
2026-08-04 10:56:00.0;ON;OFF;50;5,30;8,20;10,20;41,70;98,70;110,60;4,90;2;50;9,40;7,50;
2026-08-04 10:57:00.0;ON;OFF;50;5,30;8,20;10,20;41,60;98,70;110,60;4,90;2;50;9,40;7,40;
2026-08-04 10:58:00.0;ON;OFF;50;5,30;8,20;10,20;41,60;98,70;110,60;4,90;2;50;9,40;7,40;
2026-08-04 10:59:00.0;ON;OFF;50;5,20;8,20;10,20;41,50;98,70;110,60;4,90;2;50;9,30;7,40;
2026-08-04 11:00:00.0;ON;OFF;50;5,20;8,10;10,10;41,50;98,70;110,60;4,90;2;50;9,40;7,40;
2026-08-04 11:01:00.0;ON;OFF;50;5,30;8;10;41,40;98,70;110,50;4,70;2;50;9,30;7,30;
2026-08-04 11:02:00.0;ON;OFF;50;5,30;8;10;41,40;98,70;110,50;4,70;2;50;9,30;7,30;
2026-08-04 11:03:00.0;ON;OFF;50;5,20;8;10;41,30;98,70;110,50;4,80;2;50;9,30;7,30;
2026-08-04 11:04:00.0;ON;OFF;50;5,30;8;10;41,30;98,70;110,50;4,70;2;50;9,20;7,20;
2026-08-04 11:05:00.0;ON;OFF;50;5,10;8;10;41,20;98,70;110,50;4,90;2;50;9,20;7,20;
2026-08-04 11:06:00.0;ON;OFF;50;5,10;7,90;9,90;41,20;98,70;110,50;4,90;2;50;9,20;7,20;
2026-08-04 11:07:00.0;ON;OFF;50;5,20;7,90;9,90;41,10;98,70;110,50;4,70;2;50;9,10;7,20;
2026-08-04 11:08:00.0;ON;OFF;50;5,20;7,80;9,80;41,10;98,70;110,50;4,70;2;50;9,10;7,20;
2026-08-04 11:09:00.0;ON;OFF;50;5,20;7,80;9,80;41;98,70;110,50;4,70;2;50;9,10;7,10;
2026-08-04 11:10:00.0;ON;OFF;50;5;7,80;9,80;40,90;98,70;110,50;4,80;2;50;9,10;7,10;
2026-08-04 11:11:00.0;ON;OFF;50;5,10;7,80;9,80;40,90;98,70;110,50;4,70;2;50;9;7,10;
2026-08-04 11:12:00.0;ON;OFF;50;5,10;7,80;9,80;40,80;98,70;110,50;4,70;2;50;9;7,10;
2026-08-04 11:13:00.0;ON;OFF;50;5,20;7,90;9,90;40,80;98,70;110,50;4,70;2;50;9,20;7,10;
2026-08-04 11:14:00.0;ON;OFF;50;5,10;7,90;9,90;40,70;98,70;110,50;4,70;2;50;9,30;7,20;
2026-08-04 11:15:00.0;ON;OFF;50;5,20;8;10;40,70;98,70;110,50;4,80;2;50;9,50;7,30;
2026-08-04 11:16:00.0;ON;OFF;50;5,30;8;10;40,60;98,70;110,50;4,70;2;50;9,70;7,50;
2026-08-04 11:17:00.0;ON;OFF;50;5,30;8,10;10,10;40,60;98,70;110,50;4,70;2;50;9,80;7,50;
2026-08-04 11:18:00.0;ON;OFF;50;5,30;8,20;10,20;40,50;98,70;110,50;4,80;2;50;9,90;7,60;
2026-08-04 11:19:00.0;ON;OFF;50;5,40;8,20;10,20;40,40;98,70;110,50;4,80;2;50;9,90;7,70;
2026-08-04 11:20:00.0;ON;OFF;50;5,50;8,30;10,30;40,30;98,70;110,40;4,70;2;50;10;7,80;
2026-08-04 11:21:00.0;ON;OFF;50;5,60;8,40;10,40;40,30;98,70;110,40;4,80;2;50;10;7,80;
2026-08-04 11:22:00.0;ON;OFF;50;5,70;8,50;10,50;40,20;98,70;110,40;4,90;2;50;10,20;8;
2026-08-04 11:23:00.0;ON;OFF;50;5,70;8,60;10,60;40,20;98,70;110,40;5;2;50;10,50;8,10;
2026-08-04 11:24:00.0;ON;OFF;50;5,80;8,70;10,70;40,10;98,70;110,40;4,90;2;50;10,60;8,20;
2026-08-04 11:25:00.0;ON;OFF;50;5,90;8,90;10,90;40;98,70;110,40;5;2;50;10,80;8,30;
2026-08-04 11:26:00.0;ON;OFF;50;5,90;8,90;10,90;40;98,70;110,40;5,10;2;50;10,90;8,40;
2026-08-04 11:27:00.0;ON;OFF;50;5,90;9;11,10;39,90;98,70;110,40;5,10;2;50;11;8,50;
2026-08-04 11:28:00.0;ON;OFF;50;6,10;9,10;11,10;39,90;98,70;110,40;5;2;50;11,20;8,60;
2026-08-04 11:29:00.0;ON;OFF;50;6,20;9,20;11,20;39,90;98,70;110,40;5;2;50;11,20;8,60;
2026-08-04 11:30:00.0;ON;OFF;50;6;9,20;11,20;39,80;98,70;110,40;5,20;2;50;11,40;8,70;
2026-08-04 11:31:00.0;ON;OFF;50;5,80;9,30;11,30;39,70;98,70;110,40;5,40;2;50;11,50;8,70;
2026-08-04 11:32:00.0;ON;OFF;50;5,90;9,30;11,30;39,70;98,70;110,40;5,40;2;50;11,70;8,70;
2026-08-04 11:33:00.0;ON;OFF;50;6,10;9,40;11,40;39,60;98,70;110,40;5,30;2;50;11,60;8,80;
2026-08-04 11:34:00.0;ON;OFF;50;6,30;9,50;11,50;39,60;98,70;110,40;5,20;2;50;11,70;8,90;
2026-08-04 11:35:00.0;ON;OFF;50;6,30;9,60;11,60;39,50;98,70;110,40;5,30;2;50;11,90;9;
2026-08-04 11:36:00.0;ON;OFF;50;6,40;9,70;11,70;39,50;98,70;110,40;5,30;2;50;11,80;9;
2026-08-04 11:37:00.0;ON;OFF;50;6,60;9,80;11,80;39,40;98,70;110,40;5,20;2;50;11,80;9,10;
2026-08-04 11:38:00.0;ON;OFF;50;6,70;9,90;11,90;39,30;98,70;110,40;5,20;2;50;11,90;9,20;
2026-08-04 11:39:00.0;ON;OFF;50;6,80;10;12;39,30;98,70;110,40;5,20;2;50;12;9,20;
2026-08-04 11:40:00.0;ON;OFF;50;6,80;10,10;12,10;39,20;98,70;110,40;5,30;2;50;12,10;9,30;
2026-08-04 11:41:00.0;ON;OFF;50;6,90;10,20;12,20;39,20;98,70;110,40;5,20;2;50;12,20;9,40;
2026-08-04 11:42:00.0;ON;OFF;50;6,80;10,30;12,30;39,10;98,70;110,40;5,40;2;50;12,40;9,50;
2026-08-04 11:43:00.0;ON;OFF;50;7;10,40;12,40;39,10;98,70;110,40;5,40;2;50;12,70;9,60;
2026-08-04 11:44:00.0;ON;OFF;50;7;10,50;12,50;39;98,70;110,40;5,50;2;50;12,60;9,70;
2026-08-04 11:45:00.0;ON;OFF;50;7,20;10,60;12,60;38,90;98,70;110,40;5,40;2;50;12,60;9,70;
2026-08-04 11:46:00.0;ON;OFF;50;7,30;10,70;12,70;38,90;98,70;110,40;5,40;2;50;12,60;9,70;
2026-08-04 11:47:00.0;ON;OFF;50;7,30;10,80;12,80;38,90;98,70;110,40;5,50;2;50;12,60;9,80;
2026-08-04 11:48:00.0;ON;OFF;50;7,30;10,80;12,80;38,80;98,70;110,40;5,60;2;50;12,70;9,80;
2026-08-04 11:49:00.0;ON;OFF;50;7,30;10,90;12,90;38,70;98,70;110,40;5,50;2;50;12,70;9,90;
2026-08-04 11:50:00.0;ON;OFF;50;7,50;10,90;12,90;38,70;98,70;110,40;5,50;2;50;12,90;9,90;
2026-08-04 11:51:00.0;ON;OFF;50;7,50;11;13;38,60;98,70;110,40;5,60;2;50;13,10;10;
2026-08-04 11:52:00.0;ON;OFF;50;7,40;11,10;13,10;38,60;98,70;110,40;5,70;2;50;13,20;10,10;
2026-08-04 11:53:00.0;ON;OFF;50;7,60;11,10;13,10;38,50;98,70;110,40;5,50;2;50;13,30;10,20;
2026-08-04 11:54:00.0;ON;OFF;50;7,70;11,20;13,20;38,40;98,70;110,40;5,50;2;50;13,30;10,20;
2026-08-04 11:55:00.0;ON;OFF;50;7,60;11,30;13,30;38,40;98,70;110,30;5,60;2;50;13,30;10,30;
2026-08-04 11:56:00.0;ON;OFF;50;7,70;11,30;13,30;38,30;98,70;110,30;5,60;2;50;13,30;10,30;
2026-08-04 11:57:00.0;ON;OFF;50;7,70;11,30;13,30;38,30;98,70;110,30;5,60;2;50;13,30;10,40;
2026-08-04 11:58:00.0;ON;OFF;50;7,90;11,40;13,40;38,20;98,70;110,30;5,50;2;50;13,30;10,40;
2026-08-04 11:59:00.0;ON;OFF;50;7,70;11,40;13,40;38,20;98,70;110,30;5,70;2;50;13,30;10,40;
2026-08-04 12:00:00.0;ON;OFF;50;7,90;11,40;13,40;38,10;98,70;110,30;5,60;2;50;13,30;10,40;
2026-08-04 12:01:00.0;ON;OFF;50;7,90;11,50;13,50;38;98,70;110,30;5,60;2;50;13,40;10,50;
2026-08-04 12:02:00.0;ON;OFF;50;7,90;11,50;13,50;38;98,70;110,30;5,60;2;50;13,40;10,50;
2026-08-04 12:03:00.0;ON;OFF;50;7,80;11,50;13,50;37,90;98,80;110,30;5,70;2;50;13,40;10,50;
2026-08-04 12:04:00.0;ON;OFF;50;7,90;11,50;13,50;37,90;98,80;110,30;5,60;2;50;13,40;10,50;
2026-08-04 12:05:00.0;ON;OFF;50;7,90;11,50;13,50;37,80;98,80;110,30;5,60;2;50;13,40;10,50;
2026-08-04 12:06:00.0;ON;OFF;50;7,80;11,50;13,50;37,80;98,80;110,40;5,70;2;50;13,40;10,50;
2026-08-04 12:07:00.0;ON;OFF;50;7,80;11,50;13,50;37,70;98,80;110,30;5,70;2;50;13,40;10,50;
2026-08-04 12:08:00.0;ON;OFF;50;8;11,50;13,50;37,70;98,80;110,30;5,60;2;50;13,40;10,50;
2026-08-04 12:09:00.0;ON;OFF;50;7,90;11,60;13,60;37,60;98,80;110,30;5,70;2;50;13,40;10,50;
2026-08-04 12:10:00.0;ON;OFF;50;7,80;11,50;13,50;37,50;98,80;110,30;5,70;2;50;13,40;10,50;
2026-08-04 12:11:00.0;ON;OFF;50;8;11,50;13,50;37,50;98,80;110,30;5,50;2;50;13,40;10,50;
2026-08-04 12:12:00.0;ON;OFF;50;7,80;11,50;13,50;37,40;98,80;110,30;5,70;2;50;13,40;10,50;
2026-08-04 12:13:00.0;ON;OFF;50;8;11,50;13,50;37,30;98,80;110,40;5,60;2;50;13,40;10,50;
2026-08-04 12:14:00.0;ON;OFF;50;7,80;11,60;13,60;37,30;98,80;110,40;5,80;2;50;13,50;10,50;
2026-08-04 12:15:00.0;ON;OFF;50;8;11,60;13,60;37,20;98,80;110,40;5,60;2;50;13,80;10,80;
2026-08-04 12:16:00.0;ON;OFF;50;7,90;11,70;13,70;37,20;98,80;110,40;5,80;2;50;14;10,90;
2026-08-04 12:17:00.0;ON;OFF;50;8;11,80;13,80;37,10;98,80;110,40;5,80;2;50;14,30;11,10;
2026-08-04 12:18:00.0;OFF;ON;70;8,10;11,80;13,80;37;98,80;110,40;5,70;2;50;14,40;11,40;
2026-08-04 12:19:00.0;OFF;ON;70;8;11,90;13,90;37;98,80;110,40;5,90;2;50;14,60;11,90;
2026-08-04 12:20:00.0;OFF;ON;70;8,60;12;14;36,90;98,80;110,30;5,40;2;50;14,60;12,20;
2026-08-04 12:21:00.0;OFF;ON;70;8,60;12,10;14,10;36,90;98,80;110,30;5,40;2;50;14,60;12,30;
2026-08-04 12:22:00.0;OFF;ON;70;8,70;12,10;14,10;36,80;98,80;110,30;5,40;2;50;14,80;12,40;
2026-08-04 12:23:00.0;OFF;ON;70;8,80;12,10;14,10;36,80;98,80;110,30;5,40;2;50;14,60;12,50;
2026-08-04 12:24:00.0;OFF;ON;70;8,80;12,20;14,20;36,70;98,80;110,30;5,30;2;50;14,70;12,50;
2026-08-04 12:25:00.0;OFF;ON;70;8,90;12,20;14,20;36,60;98,80;110,30;5,30;2;50;14,70;12,50;
2026-08-04 12:26:00.0;OFF;ON;70;9;12,20;14,20;36,60;98,80;110,30;5,20;2;50;14,70;12,60;
2026-08-04 12:27:00.0;OFF;ON;70;9;12,20;14,20;36,50;98,80;110,30;5,20;2;50;14,60;12,50;
2026-08-04 12:28:00.0;OFF;ON;75;9;12;14,20;36,40;98,80;110,30;5,20;2,20;50;14,70;12,60;
2026-08-04 12:29:00.0;OFF;ON;75;8,90;12;14,20;36,40;98,80;110,30;5,30;2,20;50;14,60;12,60;
2026-08-04 12:30:00.0;OFF;ON;75;9;12;14,20;36,30;98,80;110,30;5,20;2,20;50;14,60;12,60;
2026-08-04 12:31:00.0;OFF;ON;75;9,10;12;14,20;36,30;98,80;110,30;5,10;2,20;50;14,50;12,60;
2026-08-04 12:32:00.0;OFF;ON;75;9,10;12;14,20;36,20;98,80;110,30;5;2,20;50;14,60;12,60;
2026-08-04 12:33:00.0;OFF;ON;75;9,10;11,90;14,10;36,10;98,80;110,30;5;2,20;50;14,50;12,60;
2026-08-04 12:34:00.0;OFF;ON;75;9,10;11,90;14,10;36,10;98,80;110,30;5,10;2,20;50;14,50;12,60;
2026-08-04 12:35:00.0;OFF;ON;75;9;11,90;14,10;36;98,80;110,30;5,10;2,20;50;14,40;12,60;
2026-08-04 12:36:00.0;OFF;ON;75;9,10;11,90;14,10;36;98,80;110,30;5;2,20;50;14,40;12,60;
2026-08-04 12:37:00.0;OFF;ON;75;9;11,90;14,10;35,90;98,80;110,30;5,10;2,20;50;14,40;12,50;
2026-08-04 12:38:00.0;OFF;ON;75;9;11,90;14,10;35,80;98,80;110,30;5,10;2,20;50;14,40;12,50;
2026-08-04 12:39:00.0;OFF;ON;75;9;11,80;14;35,80;98,80;110,30;5;2,20;50;14,30;12,50;
2026-08-04 12:40:00.0;OFF;ON;75;8,90;11,80;14;35,70;98,80;110,30;5,10;2,20;50;14,30;12,50;
2026-08-04 12:41:00.0;OFF;ON;75;9;11,80;14;35,60;98,80;110,30;5;2,20;50;14,20;12,40;
2026-08-04 12:42:00.0;OFF;ON;75;8,90;11,80;14;35,60;98,80;110,30;5,10;2,20;50;14,20;12,40;
2026-08-04 12:43:00.0;OFF;ON;75;9;11,80;14;35,50;98,80;110,20;5;2,20;50;14,20;12,40;
2026-08-04 12:44:00.0;OFF;ON;75;8,80;11,70;13,90;35,50;98,80;110,20;5,20;2,20;50;14,20;12,30;
2026-08-04 12:45:00.0;OFF;ON;75;9;11,70;13,90;35,40;98,80;110,20;4,90;2,20;50;14,10;12,30;
2026-08-04 12:46:00.0;OFF;ON;75;8,90;11,70;13,90;35,30;98,80;110,20;5;2,20;50;14;12,20;
2026-08-04 12:47:00.0;OFF;ON;75;8,80;11,60;13,80;35,30;98,80;110,20;5,10;2,20;50;14;12,20;
2026-08-04 12:48:00.0;OFF;ON;75;8,80;11,60;13,80;35,20;98,80;110,20;5;2,20;50;14;12,20;
2026-08-04 12:49:00.0;OFF;ON;75;8,80;11,60;13,80;35,20;98,80;110,20;5;2,20;50;14;12,20;
2026-08-04 12:50:00.0;OFF;ON;75;8,70;11,60;13,80;35,10;98,80;110,20;5,10;2,20;50;14;12,20;
2026-08-04 12:51:00.0;OFF;ON;75;8,70;11,50;13,70;35;98,80;110,20;5;2,20;50;13,90;12,10;
2026-08-04 12:52:00.0;OFF;ON;75;8,70;11,50;13,70;35;98,80;110,20;5;2,20;50;13,90;12,10;
2026-08-04 12:53:00.0;OFF;ON;75;8,70;11,50;13,70;34,90;98,80;110,20;5;2,20;50;13,90;12;
2026-08-04 12:54:00.0;OFF;ON;75;8,70;11,40;13,60;34,90;98,80;110,20;5;2,20;50;13,80;12;
2026-08-04 12:55:00.0;OFF;ON;75;8,60;11,40;13,60;34,80;98,80;110,20;5;2,20;50;13,80;12;
2026-08-04 12:56:00.0;OFF;ON;75;8,50;11,40;13,60;34,80;98,80;110,20;5,10;2,20;50;13,80;12;
2026-08-04 12:57:00.0;OFF;ON;75;8,60;11,40;13,60;34,70;98,80;110,10;5;2,20;50;13,70;11,90;
2026-08-04 12:58:00.0;OFF;ON;80;8,60;11,10;13,50;34,70;98,80;110,10;5;2,40;50;13,70;12;
2026-08-04 12:59:00.0;OFF;ON;80;8,60;11,10;13,50;34,60;98,80;110,10;5;2,40;50;13,70;12;
2026-08-04 13:00:00.0;OFF;ON;80;8,50;11,10;13,50;34,60;98,80;110,10;5;2,40;50;13,60;12;
2026-08-04 13:01:00.0;OFF;ON;80;8,50;11,10;13,50;34,50;98,80;110,10;5;2,40;50;13,70;12;
2026-08-04 13:02:00.0;OFF;ON;80;8,60;11,10;13,50;34,50;98,80;110,10;4,90;2,40;50;13,60;11,90;
2026-08-04 13:03:00.0;OFF;ON;80;8,60;11,10;13,50;34,40;98,80;110,10;4,90;2,40;50;13,60;11,90;
2026-08-04 13:04:00.0;OFF;ON;80;8,40;11;13,40;34,40;98,80;110,10;5;2,40;50;13,50;11,90;
2026-08-04 13:05:00.0;OFF;ON;80;8,50;11;13,40;34,30;98,80;110,10;4,90;2,40;50;13,50;11,90;
2026-08-04 13:06:00.0;OFF;ON;80;8,50;11;13,40;34,30;98,80;110,10;4,80;2,40;50;13,50;11,90;
2026-08-04 13:07:00.0;OFF;ON;80;8,40;10,90;13,30;34,20;98,80;110,10;4,90;2,40;50;13,50;11,80;
2026-08-04 13:08:00.0;OFF;ON;85;8,50;10,70;13,30;34,20;98,80;110,10;4,80;2,60;50;13,40;11,80;
2026-08-04 13:09:00.0;OFF;ON;85;8,50;10,70;13,30;34,10;98,90;110,10;4,80;2,60;50;13,40;11,90;
2026-08-04 13:10:00.0;OFF;ON;85;8,40;10,70;13,30;34,10;98,90;110,10;4,90;2,60;50;13,40;11,90;
2026-08-04 13:11:00.0;OFF;ON;85;8,40;10,70;13,30;34;98,90;110,10;4,80;2,60;50;13,40;11,90;
2026-08-04 13:12:00.0;OFF;ON;85;8,50;10,70;13,30;34;98,90;110,10;4,80;2,60;50;13,30;11,90;
2026-08-04 13:13:00.0;OFF;ON;85;8,40;10,60;13,20;33,90;98,90;110,10;4,90;2,60;50;13,30;11,80;
2026-08-04 13:14:00.0;OFF;ON;85;8,20;10,60;13,20;33,90;98,90;110,10;5;2,60;50;13,30;11,80;
2026-08-04 13:15:00.0;OFF;ON;85;8,30;10,60;13,20;33,80;98,90;110,20;4,90;2,60;50;13,20;11,80;
2026-08-04 13:16:00.0;OFF;ON;85;8,30;10,60;13,20;33,80;98,90;110,20;4,90;2,60;50;13,20;11,80;
2026-08-04 13:17:00.0;OFF;ON;85;8,20;10,50;13,10;33,70;98,90;110,10;4,90;2,60;50;13,20;11,70;
2026-08-04 13:18:00.0;OFF;ON;90;8,20;10,30;13,10;33,70;98,90;110,10;4,90;2,80;50;13,10;11,70;
2026-08-04 13:19:00.0;OFF;ON;90;8,20;10,30;13,10;33,60;98,90;110,10;4,90;2,80;50;13,20;11,80;
2026-08-04 13:20:00.0;OFF;ON;90;8,30;10,30;13,10;33,60;98,90;110,10;4,80;2,80;50;13,20;11,80;
2026-08-04 13:21:00.0;OFF;ON;90;8,20;10,30;13,10;33,50;98,90;110,10;4,90;2,80;50;13,10;11,80;
2026-08-04 13:22:00.0;OFF;ON;90;8,20;10,20;13;33,40;98,90;110,10;4,80;2,80;50;13,10;11,80;
2026-08-04 13:23:00.0;OFF;ON;90;8,30;10,20;13;33,40;98,90;110,10;4,70;2,80;50;13;11,80;
2026-08-04 13:24:00.0;OFF;ON;90;8,40;10,20;13;33,30;98,90;110,10;4,60;2,80;50;13,10;11,80;
2026-08-04 13:25:00.0;OFF;ON;90;8,20;10,20;13;33,30;98,90;110,10;4,80;2,80;50;13;11,70;
2026-08-04 13:26:00.0;OFF;ON;90;8,20;10,20;13;33,20;98,90;110,10;4,80;2,80;50;13;11,70;
2026-08-04 13:27:00.0;OFF;ON;90;8,20;10,10;12,90;33,20;98,90;110,10;4,70;2,80;50;12,90;11,60;
2026-08-04 13:28:00.0;OFF;ON;95;8,30;9,90;12,90;33,20;98,90;110,10;4,60;3;50;12,90;11,70;
2026-08-04 13:29:00.0;OFF;ON;95;8,10;9,90;12,90;33,10;98,90;110,10;4,80;3;50;12,90;11,70;
2026-08-04 13:30:00.0;OFF;ON;95;8,10;9,90;12,90;33;98,90;110,10;4,80;3;50;12,90;11,70;
2026-08-04 13:31:00.0;OFF;ON;95;8,20;9,90;12,90;33;98,90;110,10;4,70;3;50;12,90;11,70;
2026-08-04 13:32:00.0;OFF;ON;95;8,20;9,90;12,90;33;98,90;110,10;4,60;3;50;12,90;11,70;
2026-08-04 13:33:00.0;OFF;ON;95;8,20;9,90;12,90;32,90;98,90;110,10;4,70;3;50;12,80;11,70;
2026-08-04 13:34:00.0;OFF;ON;95;8,20;9,90;12,90;32,80;98,90;110,10;4,60;3;50;12,80;11,70;
2026-08-04 13:35:00.0;OFF;ON;95;8,10;9,80;12,80;32,80;98,90;110,10;4,70;3;50;12,80;11,70;
2026-08-04 13:36:00.0;OFF;ON;95;8;9,80;12,80;32,70;98,90;110,10;4,70;3;50;12,70;11,70;
2026-08-04 13:37:00.0;OFF;ON;95;8,20;9,80;12,80;32,70;98,90;110,10;4,60;3;50;12,70;11,60;
2026-08-04 13:38:00.0;OFF;ON;100;8;9,50;12,70;32,60;98,90;110,10;4,70;3,20;50;12,70;11,60;
2026-08-04 13:39:00.0;OFF;ON;100;8;9,50;12,70;32,60;98,90;110,10;4,70;3,20;50;12,70;11,60;
2026-08-04 13:40:00.0;OFF;ON;100;8;9,50;12,70;32,50;98,90;110,10;4,70;3,20;50;12,60;11,60;
2026-08-04 13:41:00.0;OFF;ON;100;8,10;9,50;12,70;32,50;98,90;110,10;4,60;3,20;50;12,60;11,50;
2026-08-04 13:42:00.0;OFF;ON;100;8,10;9,40;12,60;32,40;98,90;110,10;4,50;3,20;50;12,60;11,50;
2026-08-04 13:43:00.0;OFF;ON;100;7,90;9,40;12,60;32,40;98,90;110,10;4,70;3,20;50;12,50;11,40;
2026-08-04 13:44:00.0;OFF;ON;100;8;9,40;12,60;32,30;98,90;110,10;4,60;3,20;50;12,50;11,40;
2026-08-04 13:45:00.0;OFF;ON;100;7,80;9,30;12,50;32,30;98,90;110;4,80;3,20;50;12,50;11,40;
2026-08-04 13:46:00.0;OFF;ON;100;7,90;9,30;12,50;32,20;98,90;110;4,70;3,20;50;12,50;11,40;
2026-08-04 13:47:00.0;OFF;ON;100;7,80;9,30;12,50;32,20;98,90;110;4,70;3,20;50;12,40;11,30;
2026-08-04 13:48:00.0;OFF;ON;100;7,90;9,10;12,50;32,10;98,90;110;4,50;3,40;50;12,40;11,30;
2026-08-04 13:49:00.0;OFF;ON;100;7,70;9;12,40;32,10;98,90;110;4,70;3,40;50;12,40;11,30;
2026-08-04 13:50:00.0;OFF;ON;100;7,70;9;12,40;32;98,90;110;4,70;3,40;50;12,30;11,20;
2026-08-04 13:51:00.0;OFF;ON;100;7,70;9;12,40;32;98,90;110;4,70;3,40;50;12,30;11,20;
2026-08-04 13:52:00.0;OFF;ON;100;7,80;9;12,40;31,90;98,90;110;4,60;3,40;50;12,30;11,20;
2026-08-04 13:53:00.0;OFF;ON;100;7,70;8,90;12,30;31,90;98,90;110;4,60;3,40;50;12,30;11,10;
2026-08-04 13:54:00.0;OFF;ON;100;7,60;8,90;12,30;31,80;98,90;110;4,70;3,40;50;12,20;11,10;
2026-08-04 13:55:00.0;OFF;ON;100;7,60;8,90;12,30;31,80;98,90;110;4,70;3,40;50;12,20;11,10;
2026-08-04 13:56:00.0;OFF;ON;100;7,70;8,80;12,20;31,70;98,90;110;4,60;3,40;50;12,20;11,10;
2026-08-04 13:57:00.0;OFF;ON;100;7,60;8,80;12,20;31,70;98,90;110;4,70;3,40;50;12,20;11;
2026-08-04 13:58:00.0;OFF;ON;100;7,60;8,60;12,20;31,60;98,90;110;4,60;3,60;50;12,10;11;
2026-08-04 13:59:00.0;OFF;ON;100;7,50;8,60;12,20;31,60;98,90;110;4,70;3,60;50;12,10;11;
2026-08-04 14:00:00.0;OFF;ON;100;7,50;8,50;12,10;31,50;98,90;110;4,60;3,60;50;12;11;
2026-08-04 14:01:00.0;OFF;ON;100;7,60;8,50;12,10;31,50;98,90;110;4,50;3,60;50;12;10,90;
2026-08-04 14:02:00.0;OFF;ON;100;7,60;8,50;12,10;31,40;98,90;110;4,50;3,60;50;12;10,90;
2026-08-04 14:03:00.0;OFF;ON;100;7,50;8,50;12,10;31,40;98,90;110;4,60;3,60;50;11,90;10,90;
2026-08-04 14:04:00.0;OFF;ON;100;7,50;8,40;12;31,30;98,80;110;4,50;3,60;50;11,90;10,80;
2026-08-04 14:05:00.0;OFF;ON;100;7,30;8,40;12;31,20;98,80;110;4,70;3,60;50;11,80;10,80;
2026-08-04 14:06:00.0;OFF;ON;100;7,40;8,40;12;31,20;98,80;110;4,60;3,60;50;11,80;10,80;
2026-08-04 14:07:00.0;OFF;ON;100;7,40;8,40;12;31,10;98,90;110;4,60;3,60;50;11,80;10,80;
2026-08-04 14:08:00.0;OFF;ON;100;7,50;8,10;11,90;31,10;98,90;110;4,40;3,80;50;11,80;10,80;
2026-08-04 14:09:00.0;OFF;ON;100;7,50;8,10;11,90;31;98,80;110;4,40;3,80;50;11,70;10,70;
2026-08-04 14:10:00.0;OFF;ON;100;7,40;8,10;11,90;31;98,90;110;4,50;3,80;50;11,80;10,70;
2026-08-04 14:11:00.0;OFF;ON;100;7,30;8,10;11,90;31;98,80;110;4,60;3,80;50;11,70;10,70;
2026-08-04 14:12:00.0;OFF;ON;100;7,40;8;11,80;30,90;98,80;110;4,50;3,80;50;11,70;10,70;
2026-08-04 14:13:00.0;OFF;ON;100;7,20;8;11,80;30,80;98,90;110;4,60;3,80;50;11,70;10,60;
2026-08-04 14:14:00.0;OFF;ON;100;7,20;8;11,80;30,80;98,90;110;4,60;3,80;50;11,60;10,60;
2026-08-04 14:15:00.0;OFF;ON;100;7,20;8;11,80;30,70;98,90;110;4,60;3,80;50;11,70;10,60;
2026-08-04 14:16:00.0;OFF;ON;100;7,10;7,90;11,70;30,70;98,90;110;4,60;3,80;50;11,60;10,60;
2026-08-04 14:17:00.0;OFF;ON;100;7,10;7,90;11,70;30,60;98,90;110;4,60;3,80;50;11,60;10,50;
2026-08-04 14:18:00.0;OFF;ON;100;7,10;7,70;11,70;30,60;98,80;110;4,60;4;50;11,60;10,50;
2026-08-04 14:19:00.0;OFF;ON;100;7,30;7,70;11,70;30,50;98,80;110;4,50;4;50;11,60;10,50;
2026-08-04 14:20:00.0;OFF;ON;100;7,30;7,70;11,70;30,50;98,80;110;4,40;4;50;11,60;10,50;
2026-08-04 14:21:00.0;OFF;ON;100;7,20;7,70;11,70;30,40;98,80;110;4,40;4;50;11,50;10,40;
2026-08-04 14:22:00.0;OFF;ON;100;7,20;7,60;11,60;30,40;98,80;110;4,40;4;50;11,50;10,40;
2026-08-04 14:23:00.0;OFF;ON;100;7,20;7,60;11,60;30,30;98,80;110;4,40;4;50;11,40;10,40;
2026-08-04 14:24:00.0;OFF;ON;100;7,10;7,60;11,60;30,30;98,80;110;4,40;4;50;11,40;10,40;
2026-08-04 14:25:00.0;OFF;ON;100;7,10;7,60;11,60;30,20;98,80;110;4,40;4;50;11,40;10,30;
2026-08-04 14:26:00.0;OFF;ON;100;7,10;7,50;11,50;30,20;98,80;110;4,50;4;50;11,40;10,30;
2026-08-04 14:27:00.0;OFF;ON;100;7,10;7,50;11,50;30,10;98,80;110;4,40;4;50;11,30;10,30;
2026-08-04 14:28:00.0;OFF;ON;100;7,10;7,50;11,50;30,10;98,80;110;4,40;4;50;11,30;10,20;
2026-08-04 14:29:00.0;OFF;ON;100;6,90;7,40;11,40;30;98,80;110;4,50;4;50;11,30;10,20;
2026-08-04 14:30:00.0;OFF;ON;100;6,90;7,40;11,40;30;98,80;110;4,50;4;50;11,20;10,20;
2026-08-04 14:31:00.0;OFF;ON;100;6,80;7,40;11,40;29,90;98,80;110;4,60;4;50;11,20;10,10;
2026-08-04 14:32:00.0;OFF;ON;100;7;7,40;11,40;29,90;98,80;110;4,40;4;50;11,20;10,10;
2026-08-04 14:33:00.0;OFF;ON;100;6,90;7,40;11,40;29,80;98,80;110;4,40;4;50;11,20;10,10;
2026-08-04 14:34:00.0;OFF;ON;100;6,90;7,30;11,30;29,80;98,80;110;4,40;4;50;11,20;10,10;
2026-08-04 14:35:00.0;OFF;ON;100;7;7,30;11,30;29,80;98,80;110;4,40;4;50;11,10;10,10;
2026-08-04 14:36:00.0;OFF;ON;100;6,70;7,30;11,30;29,70;98,80;110;4,50;4;50;11,10;10,10;
2026-08-04 14:37:00.0;OFF;ON;100;6,90;7,30;11,30;29,70;98,80;110;4,40;4;50;11,10;10;
2026-08-04 14:38:00.0;OFF;ON;100;6,70;7,20;11,20;29,60;98,80;110;4,50;4;50;11,10;10;
2026-08-04 14:39:00.0;OFF;ON;100;6,70;7,20;11,20;29,60;98,80;110;4,50;4;50;11;10;
2026-08-04 14:40:00.0;OFF;ON;100;6,70;7,20;11,20;29,50;98,80;110;4,50;4;50;11;10;
2026-08-04 14:41:00.0;OFF;ON;100;6,80;7,20;11,20;29,50;98,80;110;4,40;4;50;11;10;
2026-08-04 14:42:00.0;OFF;ON;100;6,70;7,10;11,10;29,40;98,80;110;4,50;4;50;11;9,90;
2026-08-04 14:43:00.0;OFF;ON;100;6,70;7,10;11,10;29,40;98,80;110;4,40;4;50;11;9,90;
2026-08-04 14:44:00.0;OFF;ON;100;6,70;7,10;11,10;29,40;98,80;110;4,40;4;50;10,90;9,90;
2026-08-04 14:45:00.0;OFF;ON;100;6,80;7,10;11,10;29,30;98,80;110;4,30;4;50;10,90;9,90;
2026-08-04 14:46:00.0;OFF;ON;100;6,60;7,10;11,10;29,30;98,80;110;4,40;4;50;10,90;9,90;
2026-08-04 14:47:00.0;OFF;ON;100;6,60;7;11;29,30;98,80;110;4,40;4;50;10,80;9,90;
2026-08-04 14:48:00.0;OFF;ON;100;6,70;7;11;29,20;98,80;110;4,30;4;50;10,80;9,80;
2026-08-04 14:49:00.0;OFF;ON;100;6,50;7;11;29,20;98,80;110;4,40;4;50;10,80;9,80;
2026-08-04 14:50:00.0;OFF;ON;100;6,50;7;11;29,10;98,80;110;4,40;4;50;10,70;9,80;
2026-08-04 14:51:00.0;OFF;ON;100;6,60;6,90;10,90;29,10;98,80;110;4,30;4;50;10,70;9,80;
2026-08-04 14:52:00.0;OFF;ON;100;6,60;6,90;10,90;29;98,80;110;4,30;4;50;10,70;9,70;
2026-08-04 14:53:00.0;OFF;ON;100;6,60;6,90;10,90;29;98,80;110;4,30;4;50;10,70;9,70;
2026-08-04 14:54:00.0;OFF;ON;100;6,60;6,90;10,90;28,90;98,80;110;4,30;4;50;10,60;9,70;
2026-08-04 14:55:00.0;OFF;ON;100;6,50;6,80;10,80;28,90;98,80;110;4,40;4;50;10,60;9,70;
2026-08-04 14:56:00.0;OFF;ON;100;6,40;6,80;10,80;28,90;98,80;110;4,40;4;50;10,60;9,70;
2026-08-04 14:57:00.0;OFF;ON;100;6,40;6,80;10,80;28,80;98,80;110;4,40;4;50;10,60;9,70;
2026-08-04 14:58:00.0;OFF;ON;100;6,40;6,80;10,80;28,80;98,80;110;4,40;4;50;10,50;9,60;
2026-08-04 14:59:00.0;OFF;ON;100;6,50;6,70;10,70;28,70;98,80;110;4,30;4;50;10,50;9,60;
2026-08-04 15:00:00.0;OFF;ON;100;6,40;6,70;10,70;28,70;98,80;110;4,30;4;50;10,50;9,60;
2026-08-04 15:01:00.0;OFF;ON;100;6,50;6,70;10,70;28,60;98,80;110;4,20;4;50;10,50;9,60;
2026-08-04 15:02:00.0;OFF;ON;100;6,30;6,70;10,70;28,60;98,80;110;4,30;4;50;10,50;9,60;
2026-08-04 15:03:00.0;OFF;ON;100;6,40;6,70;10,70;28,60;98,80;110;4,20;4;50;10,40;9,60;
2026-08-04 15:04:00.0;OFF;ON;100;6,40;6,60;10,60;28,50;98,80;109,90;4,20;4;50;10,40;9,50;
2026-08-04 15:05:00.0;OFF;ON;100;6,40;6,60;10,60;28,50;98,80;109,90;4,20;4;50;10,40;9,50;
2026-08-04 15:06:00.0;OFF;ON;100;6,30;6,60;10,60;28,40;98,80;109,90;4,30;4;50;10,30;9,50;
2026-08-04 15:07:00.0;OFF;ON;100;6,40;6,60;10,60;28,40;98,80;109,90;4,20;4;50;10,30;9,50;
2026-08-04 15:08:00.0;OFF;ON;100;6,30;6,50;10,50;28,40;98,80;109,90;4,20;4;50;10,30;9,50;
2026-08-04 15:09:00.0;OFF;ON;100;6,30;6,50;10,50;28,30;98,80;109,90;4,20;4;50;10,30;9,50;
2026-08-04 15:10:00.0;OFF;ON;100;6,40;6,50;10,50;28,30;98,80;109,90;4,10;4;50;10,30;9,50;
2026-08-04 15:11:00.0;OFF;ON;100;6,30;6,50;10,50;28,20;98,80;109,90;4,20;4;50;10,20;9,50;
2026-08-04 15:12:00.0;OFF;ON;100;6,20;6,40;10,40;28,20;98,80;109,90;4,30;4;50;10,20;9,40;
2026-08-04 15:13:00.0;OFF;ON;100;6,30;6,40;10,40;28,10;98,80;109,90;4,10;4;50;10,20;9,40;
2026-08-04 15:14:00.0;OFF;ON;100;6,30;6,40;10,40;28,10;98,80;109,90;4,10;4;50;10,20;9,40;
2026-08-04 15:15:00.0;OFF;ON;100;6,30;6,40;10,40;28;98,80;109,90;4,10;4;50;10,10;9,40;
2026-08-04 15:16:00.0;OFF;ON;100;6,20;6,40;10,40;28;98,80;109,90;4,20;4;50;10,20;9,40;
2026-08-04 15:17:00.0;OFF;ON;100;6,10;6,30;10,30;28;98,80;109,90;4,20;4;50;10,10;9,30;
2026-08-04 15:18:00.0;OFF;ON;100;6,20;6,30;10,30;27,90;98,80;109,90;4,20;4;50;10,10;9,30;
2026-08-04 15:19:00.0;OFF;ON;100;6,10;6,30;10,30;27,90;98,80;109,90;4,20;4;50;10;9,30;
2026-08-04 15:20:00.0;OFF;ON;100;6;6,30;10,30;27,80;98,80;109,90;4,20;4;50;10;9,30;
2026-08-04 15:21:00.0;OFF;ON;100;6;6,20;10,20;27,80;98,80;109,90;4,20;4;50;10;9,30;
2026-08-04 15:22:00.0;OFF;ON;100;6,10;6,20;10,20;27,70;98,80;109,90;4,10;4;50;10;9,30;
2026-08-04 15:23:00.0;OFF;ON;100;6;6,20;10,20;27,70;98,80;109,90;4,20;4;50;10;9,20;
2026-08-04 15:24:00.0;OFF;ON;100;6;6,20;10,20;27,60;98,80;109,90;4,20;4;50;10;9,20;
2026-08-04 15:25:00.0;OFF;ON;100;6;6,20;10,20;27,60;98,80;109,90;4,20;4;50;9,90;9,20;
2026-08-04 15:26:00.0;OFF;ON;100;5,90;6,10;10,10;27,60;98,80;109,90;4,20;4;50;9,90;9,20;
2026-08-04 15:27:00.0;OFF;ON;100;6,10;6,10;10,10;27,50;98,80;109,90;4;4;50;9,90;9,20;
2026-08-04 15:28:00.0;OFF;ON;100;5,90;6,10;10,10;27,50;98,80;109,90;4,20;4;50;9,90;9,20;
2026-08-04 15:29:00.0;OFF;ON;100;5,90;6,10;10,10;27,40;98,80;109,90;4,20;4;50;9,90;9,10;
2026-08-04 15:30:00.0;OFF;ON;100;6;6,10;10,10;27,40;98,80;109,90;4,10;4;50;9,80;9,10;
2026-08-04 15:31:00.0;OFF;ON;100;6;6;10;27,30;98,80;109,90;4,10;4;50;9,80;9,10;
2026-08-04 15:32:00.0;OFF;ON;100;5,80;6;10;27,30;98,80;109,90;4,20;4;50;9,80;9,10;
2026-08-04 15:33:00.0;OFF;ON;100;5,80;6;10;27,30;98,80;109,90;4,20;4;50;9,80;9,10;
2026-08-04 15:34:00.0;OFF;ON;100;6;6;10;27,20;98,80;109,90;4;4;50;9,80;9;
2026-08-04 15:35:00.0;OFF;ON;100;5,80;6;10;27,20;98,80;109,90;4,20;4;50;9,70;9;
2026-08-04 15:36:00.0;OFF;ON;100;5,80;6;10;27,10;98,80;109,90;4,10;4;50;9,80;9;
2026-08-04 15:37:00.0;OFF;ON;100;5,80;5,90;9,90;27,10;98,80;109,90;4,20;4;50;9,70;9;
2026-08-04 15:38:00.0;OFF;ON;100;5,80;5,90;9,90;27;98,80;109,90;4,10;4;50;9,70;9;
2026-08-04 15:39:00.0;OFF;ON;100;5,90;5,90;9,90;27;98,80;109,90;4;4;50;9,70;9;
2026-08-04 15:40:00.0;OFF;ON;100;5,70;5,90;9,90;27;98,80;109,90;4,20;4;50;9,70;9;
2026-08-04 15:41:00.0;OFF;ON;100;5,80;5,90;9,90;26,90;98,80;109,90;4,10;4;50;9,70;8,90;
2026-08-04 15:42:00.0;OFF;ON;100;5,80;5,80;9,80;26,90;98,80;109,90;4,10;4;50;9,60;8,90;
2026-08-04 15:43:00.0;OFF;ON;100;5,70;5,80;9,80;26,80;98,80;109,90;4,10;4;50;9,60;8,90;
2026-08-04 15:44:00.0;OFF;ON;100;5,70;5,80;9,80;26,80;98,80;109,90;4,10;4;50;9,60;8,90;
2026-08-04 15:45:00.0;OFF;ON;100;5,80;5,80;9,80;26,70;98,80;109,90;4;4;50;9,60;8,90;
2026-08-04 15:46:00.0;OFF;ON;100;5,70;5,80;9,80;26,70;98,80;109,90;4,10;4;50;9,60;8,90;
2026-08-04 15:47:00.0;OFF;ON;100;5,60;5,80;9,80;26,60;98,70;109,90;4,10;4;50;9,60;8,80;
2026-08-04 15:48:00.0;OFF;ON;100;5,70;5,70;9,70;26,60;98,70;109,90;4,10;4;50;9,50;8,80;
2026-08-04 15:49:00.0;OFF;ON;100;5,70;5,70;9,70;26,50;98,70;109,90;4,10;4;50;9,50;8,80;
2026-08-04 15:50:00.0;OFF;ON;100;5,80;5,70;9,70;26,50;98,70;109,90;4;4;50;9,50;8,80;
2026-08-04 15:51:00.0;OFF;ON;100;5,70;5,70;9,70;26,50;98,70;109,90;4;4;50;9,50;8,80;
2026-08-04 15:52:00.0;OFF;ON;100;5,60;5,70;9,70;26,40;98,80;109,90;4,10;4;50;9,50;8,80;
2026-08-04 15:53:00.0;OFF;ON;100;5,60;5,70;9,70;26,40;98,70;109,90;4;4;50;9,40;8,70;
2026-08-04 15:54:00.0;OFF;ON;100;5,50;5,60;9,60;26,30;98,70;109,90;4,10;4;50;9,40;8,70;
2026-08-04 15:55:00.0;OFF;ON;100;5,50;5,60;9,60;26,30;98,70;109,90;4,10;4;50;9,40;8,70;
2026-08-04 15:56:00.0;OFF;ON;100;5,60;5,60;9,60;26,30;98,70;109,90;4;4;50,20;9,40;8,70;
2026-08-04 15:57:00.0;OFF;ON;100;5,50;5,60;9,60;26,20;98,60;109,90;4,10;4;50;9,40;8,70;
2026-08-04 15:58:00.0;OFF;ON;100;5,50;5,60;9,60;26,20;98,60;109,90;4;4;50;9,40;8,70;
2026-08-04 15:59:00.0;OFF;ON;100;5,60;5,60;9,60;26,10;98,70;109,90;3,90;4;50,20;9,40;8,70;
2026-08-04 16:00:00.0;OFF;ON;100;5,60;5,50;9,50;26,10;98,60;109,90;4;4;50;9,30;8,60;
2026-08-04 16:01:00.0;OFF;ON;100;5,60;5,60;9,60;26;98,70;109,90;4;4;50;9,30;8,60;
2026-08-04 16:02:00.0;OFF;ON;100;5,40;5,50;9,50;26;98,60;109,90;4,10;4;50;9,30;8,60;
2026-08-04 16:03:00.0;OFF;ON;100;5,50;5,50;9,50;25,90;98,60;109,90;4;4;50,20;9,30;8,60;
2026-08-04 16:04:00.0;OFF;ON;100;5,60;5,50;9,50;25,90;98,60;109,90;3,90;4;50,30;9,30;8,60;
2026-08-04 16:05:00.0;OFF;ON;100;5,50;5,50;9,50;25,90;98,60;109,90;4;4;50;9,20;8,60;
2026-08-04 16:06:00.0;OFF;ON;100;5,40;5,40;9,40;25,80;98,60;109,90;4,10;4;50;9,20;8,50;
2026-08-04 16:07:00.0;OFF;ON;100;5,70;5,40;9,40;25,70;98,70;109,90;3,80;4;51;9,20;8,60;
2026-08-04 16:08:00.0;OFF;ON;100;6,30;5,50;9,50;25,70;98,70;109,90;3,20;4;53,90;9,20;8,60;
2026-08-04 16:09:00.0;OFF;ON;100;6,20;5,50;9,50;25,70;98,80;109,80;3,30;4;54,20;9,30;8,80;
2026-08-04 16:10:00.0;OFF;ON;100;6,30;5,60;9,60;25,60;98,80;109,90;3,30;4;55,20;9,40;8,90;
2026-08-04 16:11:00.0;OFF;ON;100;6,10;5,60;9,60;25,60;98,80;109,90;3,60;4;54,80;9,40;8,90;
2026-08-04 16:12:00.0;OFF;ON;100;6,10;5,60;9,60;25,60;98,80;109,90;3,50;4;55,60;9,40;8,90;
2026-08-04 16:13:00.0;OFF;ON;100;5,60;5,50;9,50;25,50;98,80;109,80;4;4;54,10;9,30;8,70;
2026-08-04 16:14:00.0;OFF;ON;100;5,50;5,50;9,50;25,40;98,80;109,90;4;4;54,20;9,30;8,60;
2026-08-04 16:15:00.0;OFF;ON;100;5,40;5,40;9,40;25,40;98,70;109,90;4;4;54,20;9,20;8,60;
2026-08-04 16:16:00.0;OFF;ON;100;5,40;5,40;9,40;25,30;98,60;109,80;4;4;53,60;9,20;8,50;
2026-08-04 16:17:00.0;OFF;ON;100;5,30;5,40;9,40;25,30;98,60;109,80;4,10;4;53,60;9,20;8,50;
2026-08-04 16:18:00.0;OFF;ON;100;5,40;5,40;9,40;25,30;98,50;109,80;4;4;53,60;9,10;8,40;
2026-08-04 16:19:00.0;OFF;ON;100;5,30;5,30;9,30;25,20;98,50;109,80;4;4;53,60;9,10;8,40;
2026-08-04 16:20:00.0;OFF;ON;100;5,30;5,30;9,30;25,20;98,50;109,90;4;4;53,50;9;8,30;
2026-08-04 16:21:00.0;OFF;ON;100;5,30;5,30;9,30;25,10;98,50;109,90;4;4;53,50;9;8,30;
2026-08-04 16:22:00.0;OFF;ON;100;5,30;5,20;9,20;25,10;98,50;109,90;4;4;53,50;9;8,30;
2026-08-04 16:23:00.0;OFF;ON;100;5,10;5,20;9,20;25;98,50;109,90;4,10;4;53,20;9;8,30;
2026-08-04 16:24:00.0;OFF;ON;100;5,20;5,20;9,20;25;98,50;109,90;3,90;4;53,90;9;8,20;
2026-08-04 16:25:00.0;OFF;ON;100;5,30;5,20;9,20;25;98,50;109,90;3,90;4;54;8,90;8,20;
2026-08-04 16:26:00.0;OFF;ON;100;5,20;5,10;9,10;24,90;98,40;109,90;4;4;53,90;8,90;8,20;
2026-08-04 16:27:00.0;OFF;ON;100;5,20;5,10;9,10;24,90;98,50;109,90;3,90;4;54;8,90;8,20;
2026-08-04 16:28:00.0;OFF;ON;100;5,20;5,10;9,10;24,90;98,50;109,90;3,90;4;54,10;8,90;8,20;
2026-08-04 16:29:00.0;OFF;ON;100;5,10;5,10;9,10;24,80;98,50;109,90;4;4;53,90;8,90;8,20;
2026-08-04 16:30:00.0;OFF;ON;100;5;5,10;9,10;24,80;98,50;109,90;4,10;4;53,50;8,90;8,10;
2026-08-04 16:31:00.0;OFF;ON;100;5;5,10;9,10;24,70;98,50;109,80;4;4;54,10;8,90;8,10;
2026-08-04 16:32:00.0;OFF;ON;100;5;5,10;9,10;24,70;98,50;109,80;4;4;54,10;8,80;8,10;
2026-08-04 16:33:00.0;OFF;ON;100;5;5;9;24,70;98,50;109,90;4;4;54,20;8,80;8,10;
2026-08-04 16:34:00.0;OFF;ON;100;5,10;5;9;24,60;98,50;109,90;3,90;4;54,40;8,80;8,10;
2026-08-04 16:35:00.0;OFF;ON;100;5;5;9;24,60;98,50;109,80;4;4;54,40;8,80;8,10;
2026-08-04 16:36:00.0;OFF;ON;100;5;5;9;24,60;98,50;109,90;4;4;54,40;8,80;8,10;
2026-08-04 16:37:00.0;OFF;ON;100;5;5;9;24,50;98,50;109,80;4;4;54,50;8,80;8,10;
2026-08-04 16:38:00.0;OFF;ON;100;5;5;9;24,50;98,60;109,90;4;4;54,60;8,80;8;
2026-08-04 16:39:00.0;OFF;ON;100;5,10;5;9;24,50;98,60;109,90;3,90;4;54,70;8,70;8,10;
2026-08-04 16:40:00.0;OFF;ON;100;5,10;5;9;24,40;98,50;109,90;4;4;54,80;8,70;8;
2026-08-04 16:41:00.0;OFF;ON;100;5;4,90;8,90;24,40;98,50;109,90;3,90;4;55,10;8,70;8;
2026-08-04 16:42:00.0;OFF;ON;100;5;4,90;8,90;24,30;98,50;109,90;4;4;55,20;8,70;8;
2026-08-04 16:43:00.0;OFF;ON;100;5,10;4,90;8,90;24,30;98,40;109,90;3,80;4;55,90;8,70;8;
2026-08-04 16:44:00.0;OFF;ON;100;5;4,90;8,90;24,30;98,50;109,90;3,90;4;55,40;8,70;8;
2026-08-04 16:45:00.0;OFF;ON;100;5,10;4,90;8,90;24,20;98,50;109,90;3,80;4;56,20;8,60;8;
2026-08-04 16:46:00.0;OFF;ON;100;5,10;4,90;8,90;24,20;98,50;109,90;3,80;4;56,30;8,60;7,90;
2026-08-04 16:47:00.0;OFF;ON;100;4,90;4,90;8,90;24,20;98,50;109,90;3,90;4;55,90;8,60;7,90;
2026-08-04 16:48:00.0;OFF;ON;100;5;4,80;8,80;24,10;98,50;109,90;3,80;4;56,70;8,60;7,90;
2026-08-04 16:49:00.0;OFF;ON;100;5;4,80;8,80;24,10;98,40;109,90;3,80;4;56,80;8,60;7,90;
2026-08-04 16:50:00.0;OFF;ON;100;5;4,80;8,80;24,10;98,50;109,90;3,80;4;57;8,60;7,90;
2026-08-04 16:51:00.0;OFF;ON;100;4,90;4,80;8,80;24;98,50;109,90;3,90;4;56,60;8,60;7,90;
2026-08-04 16:52:00.0;OFF;ON;100;4,90;4,80;8,80;24;98,40;109,90;3,90;4;56,90;8,60;7,90;
2026-08-04 16:53:00.0;OFF;ON;100;5,30;4,80;8,80;24;98,50;109,90;3,60;4;58,50;8,70;7,90;
2026-08-04 16:54:00.0;OFF;ON;100;5,20;4,80;8,80;23,90;98,50;109,90;3,60;4;58,70;8,60;8;
2026-08-04 16:55:00.0;OFF;ON;100;5,30;4,80;8,80;23,90;98,50;109,90;3,50;4;59,50;8,60;8;
2026-08-04 16:56:00.0;OFF;ON;100;5,70;4,80;8,80;23,80;98,60;109,90;3,20;4;61,50;8,60;8,10;
2026-08-04 16:57:00.0;OFF;ON;100;5,40;4,90;8,90;23,80;98,70;109,90;3,50;4;61,20;8,70;8,20;
2026-08-04 16:58:00.0;OFF;ON;100;5,30;4,90;8,90;23,70;98,80;109,80;3,60;4;61,40;8,70;8,10;
2026-08-04 16:59:00.0;OFF;ON;100;5;4,90;8,90;23,70;98,70;109,80;3,90;4;60,70;8,60;8;
2026-08-04 17:00:00.0;OFF;ON;100;4,90;4,80;8,80;23,70;98,60;109,80;4;4;59,90;8,60;7,90;
2026-08-04 17:01:00.0;OFF;ON;100;4,70;4,70;8,70;23,60;98,40;109,80;4;4;60,40;8,50;7,80;
2026-08-04 17:02:00.0;OFF;ON;100;4,80;4,70;8,70;23,60;98,40;109,80;3,90;4;60,70;8,40;7,70;
2026-08-04 17:03:00.0;OFF;ON;100;4,60;4,70;8,70;23,60;98,30;109,80;4;4;60,60;8,40;7,70;
2026-08-04 17:04:00.0;OFF;ON;100;4,70;4,60;8,60;23,50;98,30;109,90;3,90;4;60,80;8,30;7,60;
2026-08-04 17:05:00.0;OFF;ON;100;4,70;4,60;8,60;23,50;98,20;109,80;3,90;4;60,90;8,30;7,60;
2026-08-04 17:06:00.0;OFF;ON;100;4,70;4,60;8,60;23,40;98,20;109,80;3,90;4;60,80;8,30;7,60;
2026-08-04 17:07:00.0;OFF;ON;100;4,60;4,50;8,50;23,40;98,20;109,90;3,90;4;60,90;8,30;7,60;
2026-08-04 17:08:00.0;OFF;ON;100;4,60;4,50;8,50;23,40;98,10;109,80;3,90;4;61,10;8,20;7,50;
2026-08-04 17:09:00.0;OFF;ON;100;4,50;4,50;8,50;23,30;98,20;109,90;4;4;60,90;8,20;7,50;
2026-08-04 17:10:00.0;OFF;ON;100;4,60;4,50;8,50;23,30;98,20;109,80;3,90;4;61,20;8,20;7,50;
2026-08-04 17:11:00.0;OFF;ON;100;4,60;4,40;8,40;23,30;98,20;109,90;3,90;4;61,30;8,20;7,50;
2026-08-04 17:12:00.0;OFF;ON;100;4,40;4,40;8,40;23,20;98,20;109,90;4;4;61,10;8,20;7,40;
2026-08-04 17:13:00.0;OFF;ON;100;4,60;4,40;8,40;23,20;98,10;109,80;3,80;4;61,60;8,10;7,40;
2026-08-04 17:14:00.0;OFF;ON;100;4,40;4,40;8,40;23,10;98,20;109,80;4;4;61,30;8,10;7,40;
2026-08-04 17:15:00.0;OFF;ON;100;4,40;4,40;8,40;23,10;98,20;109,80;4;4;61,40;8,10;7,40;
2026-08-04 17:16:00.0;OFF;ON;100;4,40;4,30;8,30;23,10;98,20;109,80;4;4;61,50;8,10;7,40;
2026-08-04 17:17:00.0;OFF;ON;100;4,40;4,30;8,30;23;98,20;109,80;3,90;4;61,70;8,10;7,30;
2026-08-04 17:18:00.0;OFF;ON;100;4,40;4,30;8,30;23;98,20;109,80;3,80;4;62;8;7,30;
2026-08-04 17:19:00.0;OFF;ON;100;4,40;4,30;8,30;23;98,20;109,80;3,90;4;62,10;8;7,30;
2026-08-04 17:20:00.0;OFF;ON;100;4,20;4,20;8,20;22,90;98,20;109,80;4;4;61,80;8;7,30;
2026-08-04 17:21:00.0;OFF;ON;100;4,30;4,20;8,20;22,90;98,20;109,80;4;4;61,90;8;7,20;
2026-08-04 17:22:00.0;OFF;ON;100;4,20;4,20;8,20;22,80;98,10;109,80;4;4;62;8;7,20;
2026-08-04 17:23:00.0;OFF;ON;100;4,30;4,20;8,20;22,80;98,20;109,80;3,90;4;62,30;7,90;7,20;
2026-08-04 17:24:00.0;OFF;ON;100;4,30;4,20;8,20;22,80;98,20;109,80;3,90;4;62,40;7,90;7,20;
2026-08-04 17:25:00.0;OFF;ON;100;4,30;4,20;8,20;22,70;98,20;109,80;3,90;4;62,50;7,90;7,10;
2026-08-04 17:26:00.0;OFF;ON;100;4,30;4,10;8,10;22,70;98,20;109,80;3,90;4;62,50;7,90;7,10;
2026-08-04 17:27:00.0;OFF;ON;100;4,30;4,10;8,10;22,70;98,20;109,80;3,90;4;62,60;7,80;7,10;
2026-08-04 17:28:00.0;OFF;ON;100;4,20;4,10;8,10;22,60;98,10;109,80;3,90;4;62,60;7,80;7,10;
2026-08-04 17:29:00.0;OFF;ON;100;4,10;4,10;8,10;22,60;98,20;109,80;4;4;62,50;7,80;7;
2026-08-04 17:30:00.0;OFF;ON;100;4,20;4;8;22,60;98,20;109,80;3,90;4;62,80;7,80;7;
2026-08-04 17:31:00.0;OFF;ON;100;4,10;4;8;22,50;98,20;109,80;3,90;4;62,80;7,70;7;
2026-08-04 17:32:00.0;OFF;ON;100;4;4;8;22,50;98,10;109,80;4;4;62,60;7,70;7;
2026-08-04 17:33:00.0;OFF;ON;100;4,20;4;8;22,40;98,10;109,80;3,80;4;63,30;7,70;6,90;
2026-08-04 17:34:00.0;OFF;ON;100;4,20;4;8;22,40;98,20;109,80;3,80;4;63,60;7,70;7;
2026-08-04 17:35:00.0;OFF;ON;100;4,50;4;8;22,40;98,30;109,80;3,50;4;65,20;7,70;7;
2026-08-04 17:36:00.0;OFF;ON;100;4,60;4;8;22,30;98,30;109,80;3,40;4;66,30;7,80;7,20;
2026-08-04 17:37:00.0;OFF;ON;100;4,20;4,10;8,10;22,30;98,40;109,80;3,80;4;64,80;7,80;7,20;
2026-08-04 17:38:00.0;OFF;ON;100;4,10;4;8;22,20;98,40;109,80;3,90;4;64,70;7,80;7,10;
2026-08-04 17:39:00.0;OFF;ON;100;3,90;4;8;22,20;98,40;109,80;4,10;4;64;7,70;7;
2026-08-04 17:40:00.0;OFF;ON;100;3,60;3,90;7,90;22,20;98,20;109,80;4,30;4;62,60;7,60;6,80;
2026-08-04 17:41:00.0;OFF;ON;100;3,50;3,80;7,80;22,10;98;109,80;4,30;4;62,10;7,50;6,60;
2026-08-04 17:42:00.0;OFF;ON;100;3,40;3,70;7,70;22,10;97,80;109,80;4,30;4;61,50;7,40;6,50;
2026-08-04 17:43:00.0;OFF;ON;100;3,10;3,60;7,60;22,10;97,60;109,80;4,50;4;60,40;7,40;6,40;
2026-08-04 17:44:00.0;OFF;ON;100;3,10;3,60;7,60;22;97,60;109,80;4,50;4;59,90;7,30;6,40;
2026-08-04 17:45:00.0;OFF;ON;100;3;3,50;7,50;22;97,40;109,80;4,50;4;59,20;7,20;6,30;
2026-08-04 17:46:00.0;OFF;ON;100;3,10;3,50;7,50;22;97,50;109,80;4,40;4;59,30;7,20;6,20;
2026-08-04 17:47:00.0;OFF;ON;100;2,90;3,40;7,40;21,90;97,50;109,80;4,50;4;58,10;7,10;6,20;
2026-08-04 17:48:00.0;OFF;ON;100;3;3,40;7,40;21,90;97,40;109,80;4,40;4;58,10;7,10;6,10;
2026-08-04 17:49:00.0;OFF;ON;100;2,90;3,30;7,30;21,80;97,50;109,80;4,40;4;57,50;7;6,10;
2026-08-04 17:50:00.0;OFF;ON;100;2,70;3,30;7,30;21,80;97,50;109,80;4,60;4;56,30;7;6;
2026-08-04 17:51:00.0;OFF;ON;100;2,80;3,30;7,30;21,80;97,50;109,80;4,50;4;56;7;6;
2026-08-04 17:52:00.0;OFF;ON;100;2,90;3,20;7,20;21,70;97,60;109,80;4,30;4;56,40;6,90;6;
2026-08-04 17:53:00.0;OFF;ON;100;2,80;3,20;7,20;21,70;97,60;109,80;4,40;4;55,40;6,90;6;
2026-08-04 17:54:00.0;OFF;ON;100;2,80;3,20;7,20;21,60;97,70;109,80;4,40;4;55,10;6,90;5,90;
2026-08-04 17:55:00.0;OFF;ON;100;2,80;3,20;7,20;21,60;97,70;109,80;4,40;4;54,80;6,90;5,90;
2026-08-04 17:56:00.0;OFF;ON;100;2,80;3,10;7,10;21,60;97,70;109,80;4,30;4;54,70;6,80;5,90;
2026-08-04 17:57:00.0;OFF;ON;100;3;3,10;7,10;21,60;97,70;109,80;4,20;4;55,10;6,80;5,90;
2026-08-04 17:58:00.0;OFF;ON;100;2,90;3,10;7,10;21,50;97,80;109,80;4,30;4;54,40;6,80;5,90;
2026-08-04 17:59:00.0;OFF;ON;100;3;3,10;7,10;21,50;97,80;109,80;4,10;4;55;6,80;5,90;
2026-08-04 18:00:00.0;OFF;ON;100;2,90;3,10;7,10;21,40;97,90;109,80;4,20;4;54,10;6,80;5,90;
2026-08-04 18:01:00.0;OFF;ON;100;2,90;3,10;7,10;21,40;97,90;109,80;4,20;4;54,20;6,80;5,90;
2026-08-04 18:02:00.0;OFF;ON;100;2,90;3,10;7,10;21,40;98;109,80;4,20;4;54,10;6,80;5,90;
2026-08-04 18:03:00.0;OFF;ON;100;3,10;3,10;7,10;21,30;98;109,80;4;4;54,40;6,80;5,90;
2026-08-04 18:04:00.0;OFF;ON;100;3,10;3;7;21,30;98;109,80;4;4;54,30;6,70;5,90;
2026-08-04 18:05:00.0;OFF;ON;100;3,10;3;7;21,20;98;109,80;3,90;4;54,90;6,70;5,90;
2026-08-04 18:06:00.0;OFF;ON;100;3,10;3;7;21,20;98;109,80;4;4;54,40;6,80;5,90;
2026-08-04 18:07:00.0;OFF;ON;100;3,10;3;7;21,20;98;109,80;4;4;54,90;6,70;5,90;
2026-08-04 18:08:00.0;OFF;ON;100;3;3;7;21,10;98;109,80;4;4;54,40;6,70;5,90;
2026-08-04 18:09:00.0;OFF;ON;100;3,10;3;7;21,10;98;109,80;3,90;4;55,20;6,70;5,90;
2026-08-04 18:10:00.0;OFF;ON;100;3,10;3;7;21,10;98;109,80;3,90;4;55,10;6,70;5,90;
2026-08-04 18:11:00.0;OFF;ON;100;3;3;7;21;98;109,80;4;4;55,10;6,70;5,90;
2026-08-04 18:12:00.0;OFF;ON;100;3;3;7;21;98;109,80;4;4;55,20;6,70;5,90;
2026-08-04 18:13:00.0;OFF;ON;100;3,10;3;7;20,90;98;109,80;3,80;4;55,60;6,70;5,80;
2026-08-04 18:14:00.0;OFF;ON;100;3,10;3;7;20,90;98;109,80;3,80;4;55,70;6,70;5,80;
2026-08-04 18:15:00.0;OFF;ON;100;3,20;2,90;6,90;20,90;98;109,80;3,70;4;56,30;6,60;5,80;
2026-08-04 18:16:00.0;OFF;ON;100;3,30;2,90;6,90;20,80;98;109,80;3,60;4;57,10;6,70;5,90;
2026-08-04 18:17:00.0;OFF;ON;100;3,20;3;7;20,80;98,20;109,80;3,80;4;57;6,70;6;
2026-08-04 18:18:00.0;OFF;ON;100;3,60;3;7;20,80;98,30;109,80;3,40;4;59,20;6,70;6;
2026-08-04 18:19:00.0;OFF;ON;100;3,90;3;7;20,70;98,30;109,80;3,10;4;60,70;6,70;6,10;
2026-08-04 18:20:00.0;OFF;ON;100;3,50;3,10;7,10;20,70;98,40;109,80;3,60;4;59,60;6,80;6,20;
2026-08-04 18:21:00.0;OFF;ON;100;3,40;3,10;7,10;20,70;98,40;109,80;3,70;4;60,30;6,80;6,10;
2026-08-04 18:22:00.0;OFF;ON;100;3,40;3,10;7,10;20,60;98,40;109,80;3,60;4;60,60;6,80;6,10;
2026-08-04 18:23:00.0;OFF;ON;100;3,50;3,10;7,10;20,60;98,30;109,80;3,60;4;61,50;6,80;6,10;
2026-08-04 18:24:00.0;OFF;ON;100;3,60;3,10;7,10;20,50;98,30;109,70;3,50;4;62,40;6,80;6,10;
2026-08-04 18:25:00.0;OFF;ON;100;3,50;3;7;20,50;98,30;109,80;3,60;4;62,40;6,80;6,10;
2026-08-04 18:26:00.0;OFF;ON;100;3,70;3,10;7,10;20,50;98,30;109,80;3,40;4;64,40;6,80;6,20;
2026-08-04 18:27:00.0;OFF;ON;100;3,70;3,10;7,10;20,40;98,40;109,80;3,40;4;64,70;6,80;6,20;
2026-08-04 18:28:00.0;OFF;ON;100;3,50;3,10;7,10;20,40;98,30;109,80;3,60;4;64,60;6,80;6,10;
2026-08-04 18:29:00.0;OFF;ON;100;3,60;3;7;20,40;98,30;109,70;3,50;4;65,30;6,80;6,10;
2026-08-04 18:30:00.0;OFF;ON;100;3;3;7;20,30;98,30;109,70;4;4;64;6,70;6;
2026-08-04 18:31:00.0;OFF;ON;100;2,90;2,90;6,90;20,30;98;109,80;4;4;64,10;6,60;5,80;
2026-08-04 18:32:00.0;OFF;ON;100;2,80;2,80;6,80;20,20;97,90;109,80;4;4;64,20;6,50;5,70;
2026-08-04 18:33:00.0;OFF;ON;100;2,80;2,80;6,80;20,20;97,80;109,80;4;4;64,10;6,50;5,70;
2026-08-04 18:34:00.0;OFF;ON;100;2,70;2,70;6,70;20,20;97,70;109,80;4,10;4;63,70;6,40;5,60;
2026-08-04 18:35:00.0;OFF;ON;100;2,80;2,70;6,70;20,10;97,60;109,80;3,90;4;64,30;6,40;5,60;
2026-08-04 18:36:00.0;OFF;ON;100;2,70;2,70;6,70;20,10;97,60;109,80;3,90;4;64,30;6,40;5,50;
2026-08-04 18:37:00.0;OFF;ON;100;2,70;2,60;6,60;20;97,60;109,70;3,90;4;64,40;6,30;5,50;
2026-08-04 18:38:00.0;OFF;ON;100;2,60;2,60;6,60;20;97,50;109,80;4;4;64,40;6,30;5,40;
2026-08-04 18:39:00.0;OFF;ON;100;2,50;2,60;6,60;20;97,70;109,80;4;4;64,40;6,30;5,40;
2026-08-04 18:40:00.0;OFF;ON;100;2,70;2,60;6,60;19,90;97,70;109,80;3,90;4;64,60;6,20;5,40;
2026-08-04 18:41:00.0;OFF;ON;100;2,50;2,50;6,50;19,90;97,70;109,70;4;4;64,60;6,20;5,40;
2026-08-04 18:42:00.0;OFF;ON;100;2,50;2,50;6,50;19,90;97,70;109,70;4;4;64,60;6,20;5,40;
2026-08-04 18:43:00.0;OFF;ON;100;2,60;2,50;6,50;19,80;97,80;109,80;3,80;4;65;6,20;5,30;
2026-08-04 18:44:00.0;OFF;ON;100;2,50;2,50;6,50;19,80;97,70;109,80;4;4;64,80;6,20;5,30;
2026-08-04 18:45:00.0;OFF;ON;100;2,60;2,40;6,40;19,80;97,70;109,80;3,80;4;65,40;6,10;5,30;
2026-08-04 18:46:00.0;OFF;ON;100;2,50;2,40;6,40;19,70;97,80;109,80;4;4;65;6,10;5,30;
2026-08-04 18:47:00.0;OFF;ON;100;2,40;2,40;6,40;19,70;97,80;109,80;4;4;65,20;6,10;5,20;
2026-08-04 18:48:00.0;OFF;ON;100;2,50;2,40;6,40;19,70;97,80;109,80;3,90;4;65,40;6,10;5,20;
2026-08-04 18:49:00.0;OFF;ON;100;2,40;2,40;6,40;19,70;97,80;109,80;4;4;65,30;6;5,20;
2026-08-04 18:50:00.0;OFF;ON;100;2,50;2,30;6,30;19,60;97,80;109,70;3,90;4;65,70;6;5,20;
2026-08-04 18:51:00.0;OFF;ON;100;2,40;2,30;6,30;19,60;97,90;109,80;3,90;4;65,50;6;5,20;
2026-08-04 18:52:00.0;OFF;ON;100;2,50;2,30;6,30;19,60;97,70;109,80;3,80;4;66;6;5,20;
2026-08-04 18:53:00.0;OFF;ON;100;2,30;2,30;6,30;19,50;97,80;109,80;3,90;4;65,70;6;5,10;
2026-08-04 18:54:00.0;OFF;ON;100;2,30;2,20;6,20;19,50;97,70;109,70;4;4;65,80;5,90;5,10;
2026-08-04 18:55:00.0;OFF;ON;100;2,30;2,20;6,20;19,50;97,70;109,80;4;4;65,90;5,90;5;
2026-08-04 18:56:00.0;OFF;ON;100;2,20;2,20;6,20;19,40;97,70;109,80;4;4;66;5,90;5;
2026-08-04 18:57:00.0;OFF;ON;100;2,20;2,20;6,20;19,40;97,70;109,80;4;4;66,10;5,90;5;
2026-08-04 18:58:00.0;OFF;ON;100;2,10;2,20;6,20;19,40;97,80;109,80;4,10;4;65,60;5,80;5;
2026-08-04 18:59:00.0;OFF;ON;100;2,10;2,10;6,10;19,40;97,70;109,80;4;4;66,20;5,80;4,90;
2026-08-04 19:00:00.0;OFF;ON;100;2,20;2,10;6,10;19,30;97,70;109,80;3,90;4;66,40;5,80;4,90;
2026-08-04 19:01:00.0;OFF;ON;100;2,10;2,10;6,10;19,30;97,60;109,80;4;4;66,40;5,80;4,90;
2026-08-04 19:02:00.0;OFF;ON;100;2,10;2,10;6,10;19,30;97,70;109,80;3,90;4;66,50;5,70;4,90;
2026-08-04 19:03:00.0;OFF;ON;100;2,10;2;6;19,20;97,70;109,70;3,90;4;66,60;5,70;4,90;
2026-08-04 19:04:00.0;OFF;ON;100;2,10;2;6;19,20;97,70;109,80;3,90;4;66,70;5,70;4,80;
2026-08-04 19:05:00.0;OFF;ON;100;2,10;2;6;19,20;97,70;109,70;3,90;4;66,60;5,70;4,80;
2026-08-04 19:06:00.0;OFF;ON;100;2,10;2;6;19,10;97,70;109,70;3,80;4;67;5,60;4,80;
2026-08-04 19:07:00.0;OFF;ON;100;1,90;1,90;5,90;19,10;97,70;109,80;4;4;66,70;5,60;4,80;
2026-08-04 19:08:00.0;OFF;ON;100;2;1,90;5,90;19,10;97,70;109,70;3,90;4;66,80;5,60;4,80;
2026-08-04 19:09:00.0;OFF;ON;100;2;1,90;5,90;19;97,70;109,80;3,90;4;66,80;5,50;4,70;
2026-08-04 19:10:00.0;OFF;ON;100;2;1,90;5,90;19;97,70;109,80;3,90;4;66,90;5,50;4,70;
2026-08-04 19:11:00.0;OFF;ON;100;1,60;1,80;5,80;19;97,60;109,80;4,20;4;65,60;5,50;4,70;
2026-08-04 19:12:00.0;OFF;ON;100;1,40;1,80;5,80;19;97,50;109,70;4,40;4;64,60;5,50;4,60;
2026-08-04 19:13:00.0;OFF;ON;100;1,40;1,70;5,70;18,90;97,30;109,70;4,20;4;64,70;5,30;4,50;
2026-08-04 19:14:00.0;OFF;ON;100;1,40;1,70;5,70;18,90;97,20;109,80;4,30;4;64,20;5,30;4,40;
2026-08-04 19:15:00.0;OFF;ON;100;1,60;1,60;5,60;18,90;97,20;109,80;4;4;65;5,30;4,40;
2026-08-04 19:16:00.0;OFF;ON;100;1,60;1,60;5,60;18,80;97,40;109,70;4;4;65,10;5,30;4,50;
2026-08-04 19:17:00.0;OFF;ON;100;1,60;1,60;5,60;18,80;97,50;109,80;4;4;65,70;5,30;4,50;
2026-08-04 19:18:00.0;OFF;ON;100;1,80;1,60;5,60;18,80;97,50;109,70;3,80;4;66,20;5,30;4,50;
2026-08-04 19:19:00.0;OFF;ON;100;1,70;1,60;5,60;18,70;97,70;109,80;3,90;4;65,80;5,30;4,50;
2026-08-04 19:20:00.0;OFF;ON;100;1,80;1,60;5,60;18,70;97,60;109,80;3,80;4;66,30;5,40;4,50;
2026-08-04 19:21:00.0;OFF;ON;100;1,70;1,60;5,60;18,70;97,70;109,80;3,90;4;66,10;5,40;4,50;
2026-08-04 19:22:00.0;OFF;ON;100;1,80;1,60;5,60;18,60;97,70;109,80;3,80;4;66,70;5,40;4,50;
2026-08-04 19:23:00.0;OFF;ON;100;1,70;1,60;5,60;18,60;97,70;109,80;4;4;66,30;5,50;4,50;
2026-08-04 19:24:00.0;OFF;ON;100;1,80;1,60;5,60;18,60;97,70;109,80;3,80;4;66,90;5,50;4,50;
2026-08-04 19:25:00.0;OFF;ON;100;1,70;1,60;5,60;18,60;97,80;109,70;3,90;4;66,50;5,40;4,50;
2026-08-04 19:26:00.0;OFF;ON;100;1,70;1,60;5,60;18,50;97,70;109,80;3,90;4;66,70;5,40;4,50;
2026-08-04 19:27:00.0;OFF;ON;100;1,80;1,60;5,60;18,50;97,70;109,80;3,80;4;67,50;5,40;4,50;
2026-08-04 19:28:00.0;OFF;ON;100;1,80;1,60;5,60;18,50;97,80;109,70;3,80;4;67,60;5,40;4,50;
2026-08-04 19:29:00.0;OFF;ON;100;1,70;1,50;5,50;18,40;97,80;109,80;3,80;4;67,80;5,40;4,50;
2026-08-04 19:30:00.0;OFF;ON;100;1,70;1,50;5,50;18,40;97,70;109,70;3,80;4;67,90;5,40;4,40;
2026-08-04 19:31:00.0;OFF;ON;100;1,60;1,50;5,50;18,40;97,70;109,80;4;4;67,60;5,40;4,40;
2026-08-04 19:32:00.0;OFF;ON;100;1,50;1,50;5,50;18,30;97,70;109,80;4;4;67,60;5,30;4,40;
2026-08-04 19:33:00.0;OFF;ON;100;1,50;1,50;5,50;18,30;97,60;109,80;3,90;4;67,60;5,30;4,40;
2026-08-04 19:34:00.0;OFF;ON;100;1,50;1,40;5,40;18,30;97,60;109,80;4;4;67,60;5,30;4,30;
2026-08-04 19:35:00.0;OFF;ON;100;1,50;1,40;5,40;18,20;97,60;109,70;3,90;4;67,70;5,20;4,30;
2026-08-04 19:36:00.0;OFF;ON;100;1,30;1,40;5,40;18,20;97,50;109,80;4;4;67,90;5,20;4,30;
2026-08-04 19:37:00.0;OFF;ON;100;1,50;1,40;5,40;18,20;97,50;109,70;3,80;4;68,30;5,20;4,30;
2026-08-04 19:38:00.0;OFF;ON;100;1,50;1,30;5,30;18,10;97,60;109,70;3,80;4;68,50;5,20;4,30;
2026-08-04 19:39:00.0;OFF;ON;100;1,50;1,30;5,30;18,10;97,50;109,80;3,80;4;68,50;5,10;4,20;
2026-08-04 19:40:00.0;OFF;ON;100;1,30;1,30;5,30;18,10;97,50;109,80;4;4;68,20;5,10;4,20;
2026-08-04 19:41:00.0;OFF;ON;100;1,40;1,30;5,30;18,10;97,50;109,70;3,90;4;68,40;5,10;4,20;
2026-08-04 19:42:00.0;OFF;ON;100;1,30;1,30;5,20;18;97,50;109,70;4,10;4;67,70;5,10;4,20;
2026-08-04 19:43:00.0;OFF;ON;100;1,20;1,20;5,20;18;97,50;109,70;4;4;67,80;5;4,10;
2026-08-04 19:44:00.0;OFF;ON;100;1,20;1,20;5,20;18;97,50;109,70;4;4;67,70;5;4,10;
2026-08-04 19:45:00.0;OFF;ON;100;1,20;1,20;5,20;17,90;97,40;109,80;4;4;67,70;5;4,10;
2026-08-04 19:46:00.0;OFF;ON;100;1,10;1,10;5,10;17,90;97,50;109,70;4;4;68,30;5;4,10;
2026-08-04 19:47:00.0;OFF;ON;100;1,10;1,10;5,10;17,90;97,50;109,70;4;4;68,30;5;4;
2026-08-04 19:48:00.0;OFF;ON;100;1,10;1,10;5,10;17,80;97,50;109,70;4;4;67,80;4,90;4;
2026-08-04 19:49:00.0;OFF;ON;100;1;1,10;5,10;17,80;97,50;109,70;4,10;4;67,90;4,90;4;
2026-08-04 19:50:00.0;OFF;ON;100;1,10;1;5;17,80;97,50;109,70;4;4;68,40;4,90;4;
2026-08-04 19:51:00.0;OFF;ON;100;1,10;1;5;17,70;97,50;109,80;3,90;4;68,60;4,90;4;
2026-08-04 19:52:00.0;OFF;ON;100;0,90;1;5;17,70;97,50;109,70;4,10;4;67,90;4,90;4;
2026-08-04 19:53:00.0;OFF;ON;100;1,10;1;5;17,70;97,40;109,70;3,90;4;68,60;4,80;3,90;
2026-08-04 19:54:00.0;OFF;ON;100;1,10;1;5;17,60;97,40;109,70;3,90;4;68,80;4,80;3,90;
2026-08-04 19:55:00.0;OFF;ON;100;1;0,90;4,90;17,60;97,40;109,70;4;4;68,50;4,80;3,90;
2026-08-04 19:56:00.0;OFF;ON;100;1;0,90;4,90;17,60;97,40;109,70;3,90;4;68,60;4,80;3,90;
2026-08-04 19:57:00.0;OFF;ON;100;1;0,90;4,90;17,50;97,40;109,70;3,90;4;68,80;4,80;3,90;
2026-08-04 19:58:00.0;OFF;ON;100;0,90;0,90;4,90;17,50;97,40;109,70;4;4;68,20;4,80;3,90;
2026-08-04 19:59:00.0;OFF;ON;100;1,10;0,90;4,90;17,50;97,50;109,70;3,80;4;69,20;4,70;3,80;
2026-08-04 20:00:00.0;OFF;ON;100;0,80;0,90;4,90;17,50;97,50;109,70;4;4;68,80;4,80;3,80;
2026-08-04 20:01:00.0;OFF;ON;100;1;0,90;4,90;17,40;97,50;109,70;3,90;4;69,20;4,70;3,80;
2026-08-04 20:02:00.0;OFF;ON;100;1;0,80;4,80;17,40;97,40;109,70;3,90;4;69,30;4,70;3,80;
2026-08-04 20:03:00.0;OFF;ON;100;0,90;0,80;4,80;17,40;97,50;109,70;3,90;4;69,10;4,70;3,80;
2026-08-04 20:04:00.0;OFF;ON;100;1;0,80;4,80;17,30;97,40;109,70;3,80;4;69,50;4,70;3,80;
2026-08-04 20:05:00.0;OFF;ON;100;0,80;0,80;4,80;17,30;97,50;109,70;4;4;69,20;4,70;3,80;
2026-08-04 20:06:00.0;OFF;ON;100;0,80;0,80;4,80;17,30;97,40;109,70;3,90;4;69,10;4,60;3,70;
2026-08-04 20:07:00.0;OFF;ON;100;0,80;0,80;4,80;17,20;97,50;109,70;4;4;68,50;4,60;3,70;
2026-08-04 20:08:00.0;OFF;ON;100;0,70;0,70;4,70;17,20;97,40;109,70;4,10;4;68,60;4,60;3,70;
2026-08-04 20:09:00.0;OFF;ON;100;0,70;0,70;4,70;17,20;97,40;109,70;4;4;68,50;4,60;3,60;
2026-08-04 20:10:00.0;OFF;ON;100;0,60;0,70;4,70;17,10;97,40;109,70;4,10;4;68,20;4,60;3,60;
2026-08-04 20:11:00.0;OFF;ON;100;0,50;0,70;4,70;17,10;97,40;109,70;4,10;4;68,10;4,50;3,60;
2026-08-04 20:12:00.0;OFF;ON;100;0,70;0,60;4,60;17,10;97,40;109,70;4;4;68,40;4,50;3,60;
2026-08-04 20:13:00.0;OFF;ON;100;0,60;0,60;4,60;17;97,40;109,70;4;4;68,30;4,50;3,60;
2026-08-04 20:14:00.0;OFF;ON;100;0,50;0,60;4,60;17;97,40;109,70;4,10;4;68;4,50;3,50;
2026-08-04 20:15:00.0;OFF;ON;100;0,50;0,60;4,60;17;97,40;109,70;4,10;4;67,90;4,50;3,50;
2026-08-04 20:16:00.0;OFF;ON;100;0,60;0,60;4,60;16,90;97,40;109,70;4;4;68,60;4,40;3,50;
2026-08-04 20:17:00.0;OFF;ON;100;0,60;0,60;4,60;16,90;97,40;109,70;4;4;68,10;4,40;3,50;
2026-08-04 20:18:00.0;OFF;ON;100;0,50;0,50;4,50;16,90;97,30;109,70;4,10;4;68;4,40;3,50;
2026-08-04 20:19:00.0;OFF;ON;100;0,40;0,50;4,50;16,80;97,40;109,70;4,10;4;67,70;4,40;3,50;
2026-08-04 20:20:00.0;OFF;ON;100;0,50;0,50;4,50;16,80;97,40;109,70;4;4;67,90;4,40;3,40;
2026-08-04 20:21:00.0;OFF;ON;100;0,40;0,50;4,50;16,80;97,40;109,70;4,10;4;67,90;4,40;3,40;
2026-08-04 20:22:00.0;OFF;ON;100;0,50;0,50;4,50;16,80;97,40;109,70;4;4;67,80;4,30;3,40;
2026-08-04 20:23:00.0;OFF;ON;100;0,50;0,50;4,50;16,70;97,40;109,70;4;4;67,80;4,30;3,40;
2026-08-04 20:24:00.0;OFF;ON;100;0,50;0,50;4,50;16,70;97,30;109,70;3,90;4;68,30;4,30;3,40;
2026-08-04 20:25:00.0;OFF;ON;100;0,40;0,40;4,40;16,70;97,40;109,70;4;4;67,80;4,30;3,40;
2026-08-04 20:26:00.0;OFF;ON;100;0,40;0,40;4,40;16,60;97,40;109,70;4;4;67,80;4,30;3,40;
2026-08-04 20:27:00.0;OFF;ON;100;0,40;0,40;4,40;16,60;97,40;109,70;4;4;68,30;4,30;3,40;
2026-08-04 20:28:00.0;OFF;ON;100;0,50;0,40;4,40;16,60;97,40;109,70;3,90;4;68,40;4,30;3,30;
2026-08-04 20:29:00.0;OFF;ON;100;0,30;0,40;4,40;16,50;97,40;109,70;4,10;4;67,80;4,30;3,30;
2026-08-04 20:30:00.0;OFF;ON;100;0,40;0,40;4,40;16,50;97,40;109,70;4;4;68,40;4,20;3,30;
2026-08-04 20:31:00.0;OFF;ON;100;0,50;0,40;4,40;16,50;97,40;109,70;3,90;4;68,60;4,20;3,30;
2026-08-04 20:32:00.0;OFF;ON;100;0,50;0,40;4,40;16,40;97,50;109,70;3,90;4;68,80;4,20;3,30;
2026-08-04 20:33:00.0;OFF;ON;100;0,40;0,30;4,30;16,40;97,40;109,70;4;4;68,50;4,20;3,30;
2026-08-04 20:34:00.0;OFF;ON;100;0,40;0,30;4,30;16,40;97,40;109,70;3,90;4;68,70;4,20;3,30;
2026-08-04 20:35:00.0;OFF;ON;100;0,30;0,30;4,30;16,30;97,50;109,70;4;4;68,80;4,20;3,30;
2026-08-04 20:36:00.0;OFF;ON;100;0,40;0,30;4,30;16,30;97,40;109,70;3,90;4;69;4,20;3,30;
2026-08-04 20:37:00.0;OFF;ON;100;0,40;0,30;4,30;16,30;97,50;109,70;3,90;4;69,10;4,10;3,20;
2026-08-04 20:38:00.0;OFF;ON;100;0,30;0,30;4,30;16,20;97,40;109,70;4;4;69;4,10;3,20;
2026-08-04 20:39:00.0;OFF;ON;100;0,30;0,30;4,30;16,20;97,40;109,70;4;4;69;4,10;3,20;
2026-08-04 20:40:00.0;OFF;ON;100;0,40;0,30;4,30;16,20;97,40;109,70;3,90;4;69,40;4,10;3,20;
2026-08-04 20:41:00.0;OFF;ON;100;0,40;0,20;4,20;16,10;97,50;109,70;3,80;4;69,60;4,10;3,20;
2026-08-04 20:42:00.0;OFF;ON;100;0,40;0,20;4,20;16,10;97,50;109,70;3,80;4;69,80;4,10;3,20;
2026-08-04 20:43:00.0;OFF;ON;100;0,20;0,20;4,20;16,10;97,50;109,70;4;4;69,50;4,10;3,20;
2026-08-04 20:44:00.0;OFF;ON;100;0,40;0,20;4,20;16;97,50;109,70;3,80;4;69,90;4;3,20;
2026-08-04 20:45:00.0;OFF;ON;100;0,30;0,20;4,20;16;97,50;109,70;3,80;4;70;4;3,10;
2026-08-04 20:46:00.0;OFF;ON;100;0,30;0,20;4,20;16;97,40;109,70;3,90;4;70;4;3,10;
2026-08-04 20:47:00.0;OFF;ON;100;0,20;0,20;4,20;16;97,40;109,70;4;4;69,80;4;3,10;
2026-08-04 20:48:00.0;OFF;ON;100;0,20;0,10;4,10;15,90;97,40;109,70;3,90;4;69,90;4;3,10;
2026-08-04 20:49:00.0;OFF;ON;100;0,10;0,10;4,10;15,90;97,40;109,70;4;4;70;4;3,10;
2026-08-04 20:50:00.0;OFF;ON;100;0,10;0,10;4,10;15,90;97,40;109,70;4;4;70,10;4;3;
2026-08-04 20:51:00.0;OFF;ON;100;0,10;0,10;4,10;15,80;97,40;109,70;4;4;70,20;3,90;3;
2026-08-04 20:52:00.0;OFF;ON;100;0,20;0,10;4,10;15,80;97,40;109,70;3,90;4;70,40;3,90;3;
2026-08-04 20:53:00.0;OFF;ON;100;0,10;0;4;15,80;97,30;109,70;4;4;70,40;3,90;3;
2026-08-04 20:54:00.0;OFF;ON;100;0,20;0;4;15,70;97,30;109,70;3,90;4;70,70;3,90;3;
2026-08-04 20:55:00.0;OFF;ON;100;0,10;0;4;15,70;97,20;109,70;3,90;4;70,50;3,80;2,90;
2026-08-04 20:56:00.0;OFF;ON;100;0;0;4;15,70;97,20;109,70;4;4;70,50;3,80;2,90;
2026-08-04 20:57:00.0;OFF;ON;100;0,10;0;4;15,60;97,20;109,70;3,90;4;70,80;3,80;2,90;
2026-08-04 20:58:00.0;OFF;ON;100;0;0;4;15,60;97,30;109,70;4;4;70,70;3,80;2,90;
2026-08-04 20:59:00.0;OFF;ON;100;0;-0,10;3,90;15,60;97,30;109,70;4;4;70,70;3,80;2,90;
2026-08-04 21:00:00.0;OFF;ON;100;0;-0,10;3,90;15,50;97,40;109,70;4;4;70,30;3,80;2,80;
2026-08-04 21:01:00.0;OFF;ON;100;-0,10;-0,10;3,90;15,50;97,40;109,70;4;4;70,80;3,80;2,80;
2026-08-04 21:02:00.0;OFF;ON;100;0;-0,10;3,90;15,50;97,30;109,70;3,90;4;71;3,70;2,80;
2026-08-04 21:03:00.0;OFF;ON;100;0;-0,10;3,90;15,40;97,20;109,70;3,90;4;71;3,70;2,80;
2026-08-04 21:04:00.0;OFF;ON;100;-0,10;-0,20;3,80;15,40;97,30;109,70;4;4;70,90;3,70;2,80;
2026-08-04 21:05:00.0;OFF;ON;100;-0,10;-0,20;3,80;15,40;97,30;109,70;3,90;4;71,10;3,70;2,70;
2026-08-04 21:06:00.0;OFF;ON;100;-0,20;-0,20;3,80;15,40;97,30;109,70;4;4;71,10;3,70;2,70;
2026-08-04 21:07:00.0;OFF;ON;100;-0,20;-0,20;3,80;15,30;97,30;109,70;4;4;71,20;3,60;2,70;
2026-08-04 21:08:00.0;OFF;ON;100;-0,20;-0,20;3,80;15,30;97,20;109,70;4;4;71,20;3,60;2,70;
2026-08-04 21:09:00.0;OFF;ON;100;-0,10;-0,20;3,80;15,20;97,30;109,70;3,80;4;71,70;3,60;2,70;
2026-08-04 21:10:00.0;OFF;ON;100;-0,10;-0,30;3,70;15,20;97,30;109,70;3,80;4;71,80;3,60;2,70;
2026-08-04 21:11:00.0;OFF;ON;100;-0,20;-0,30;3,70;15,20;97,40;109,70;3,90;4;71,50;3,60;2,70;
2026-08-04 21:12:00.0;OFF;ON;100;-0,30;-0,30;3,70;15,10;97,30;109,70;4;4;71,50;3,60;2,60;
2026-08-04 21:13:00.0;OFF;ON;100;-0,30;-0,30;3,70;15,10;97,30;109,70;4;4;71,60;3,50;2,60;
2026-08-04 21:14:00.0;OFF;ON;100;-0,30;-0,30;3,70;15,10;97,30;109,70;4;4;71,80;3,50;2,60;
2026-08-04 21:15:00.0;OFF;ON;100;-0,30;-0,30;3,70;15,10;97,20;109,70;3,90;4;71,90;3,50;2,60;
2026-08-04 21:16:00.0;OFF;ON;100;-0,20;-0,40;3,60;15;97,20;109,70;3,90;4;72,10;3,50;2,50;
2026-08-04 21:17:00.0;OFF;ON;100;-0,30;-0,40;3,60;15;97,20;109,70;4;4;72;3,50;2,50;
2026-08-04 21:18:00.0;OFF;ON;100;-0,40;-0,40;3,60;15;97,20;109,70;4;4;72;3,50;2,50;
2026-08-04 21:19:00.0;OFF;ON;100;-0,30;-0,40;3,60;14,90;97,20;109,70;3,90;4;72,20;3,40;2,50;
2026-08-04 21:20:00.0;OFF;ON;100;-0,40;-0,40;3,60;14,90;97,20;109,70;4;4;72,20;3,40;2,50;
2026-08-04 21:21:00.0;OFF;ON;100;-0,50;-0,40;3,60;14,90;97,20;109,70;4;4;72,30;3,40;2,40;
2026-08-04 21:22:00.0;OFF;ON;100;-0,50;-0,50;3,50;14,90;97,10;109,70;4;4;72,30;3,40;2,40;
2026-08-04 21:23:00.0;OFF;ON;100;-0,40;-0,50;3,50;14,80;97,10;109,70;3,90;4;72,40;3,30;2,40;
2026-08-04 21:24:00.0;OFF;ON;100;-0,40;-0,50;3,50;14,80;97,20;109,70;3,90;4;72,40;3,30;2,40;
2026-08-04 21:25:00.0;OFF;ON;100;-0,40;-0,50;3,50;14,80;97,10;109,70;3,90;4;72,50;3,30;2,30;
2026-08-04 21:26:00.0;OFF;ON;100;-0,60;-0,60;3,40;14,80;97,10;109,70;4;4;72,40;3,30;2,30;
2026-08-04 21:27:00.0;OFF;ON;100;-0,50;-0,60;3,40;14,70;97,10;109,70;3,90;4;72,70;3,30;2,30;
2026-08-04 21:28:00.0;OFF;ON;100;-0,60;-0,60;3,40;14,70;97,10;109,70;4;4;72,60;3,20;2,30;
2026-08-04 21:29:00.0;OFF;ON;100;-0,50;-0,60;3,40;14,70;97,10;109,70;3,90;4;72,70;3,20;2,30;
2026-08-04 21:30:00.0;OFF;ON;100;-0,50;-0,60;3,40;14,70;97,10;109,70;3,90;4;72,70;3,20;2,30;
2026-08-04 21:31:00.0;OFF;ON;100;-0,50;-0,60;3,40;14,60;97,20;109,70;3,90;4;72,90;3,20;2,20;
2026-08-04 21:32:00.0;OFF;ON;100;-0,60;-0,70;3,30;14,60;97,10;109,70;3,90;4;72,80;3,20;2,20;
2026-08-04 21:33:00.0;OFF;ON;100;-0,70;-0,70;3,30;14,60;97,10;109,70;4;4;72,30;3,20;2,20;
2026-08-04 21:34:00.0;OFF;ON;100;-0,70;-0,70;3,30;14,60;97,10;109,70;4;4;72,80;3,10;2,20;
2026-08-04 21:35:00.0;OFF;ON;100;-0,70;-0,70;3,30;14,50;97,10;109,70;4;4;72,90;3,10;2,10;
2026-08-04 21:36:00.0;OFF;ON;100;-0,70;-0,70;3,30;14,50;97,10;109,70;4;4;72,90;3,10;2,10;
2026-08-04 21:37:00.0;OFF;ON;100;-0,80;-0,80;3,20;14,50;97;109,70;4;4;72,90;3,10;2,10;
2026-08-04 21:38:00.0;OFF;ON;100;-0,70;-0,80;3,20;14,40;97,10;109,70;4;4;73;3;2,10;
2026-08-04 21:39:00.0;OFF;ON;100;-0,80;-0,80;3,20;14,40;97;109,70;4;4;73,10;3;2,10;
2026-08-04 21:40:00.0;OFF;ON;100;-0,80;-0,80;3,20;14,40;97,10;109,70;4;4;73,10;3;2,10;
2026-08-04 21:41:00.0;OFF;ON;100;-0,80;-0,80;3,20;14,40;97,10;109,70;4;4;73,20;3;2;
2026-08-04 21:42:00.0;OFF;ON;100;-0,80;-0,90;3,10;14,40;97,10;109,70;3,90;4;73,20;3;2;
2026-08-04 21:43:00.0;OFF;ON;100;-0,80;-0,90;3,10;14,30;97,10;109,70;4;4;73,40;3;2;
2026-08-04 21:44:00.0;OFF;ON;100;-0,90;-0,90;3,10;14,30;97,20;109,70;4;4;73,40;3;2;
2026-08-04 21:45:00.0;OFF;ON;100;-0,80;-0,90;3,10;14,30;97,10;109,70;3,90;4;73,50;2,90;2;
2026-08-04 21:46:00.0;OFF;ON;100;-0,90;-0,90;3,10;14,20;97,10;109,70;4;4;73,50;2,90;1,90;
2026-08-04 21:47:00.0;OFF;ON;100;-0,90;-1;3;14,20;97,10;109,70;3,90;4;73,70;2,90;1,90;
2026-08-04 21:48:00.0;OFF;ON;100;-0,90;-1;3;14,20;97;109,70;3,90;4;73,70;2,90;1,90;
2026-08-04 21:49:00.0;OFF;ON;100;-0,80;-1;3;14,20;97,10;109,70;3,90;4;74;2,80;1,90;
2026-08-04 21:50:00.0;OFF;ON;100;-1;-1;3;14,10;97,10;109,70;4;4;73,80;2,80;1,90;
2026-08-04 21:51:00.0;OFF;ON;100;-0,90;-1;3;14,10;97,10;109,70;3,90;4;73,90;2,80;1,80;
2026-08-04 21:52:00.0;OFF;ON;100;-1;-1;3;14,10;97,10;109,70;3,90;4;74;2,80;1,80;
2026-08-04 21:53:00.0;OFF;ON;100;-1,10;-1,10;2,90;14,10;97,10;109,70;4;4;73,90;2,80;1,80;
2026-08-04 21:54:00.0;OFF;ON;100;-1,10;-1,10;2,90;14;97,10;109,70;4;4;73,90;2,80;1,70;
2026-08-04 21:55:00.0;OFF;ON;100;-1,10;-1,10;2,90;14;97;109,70;4;4;74;2,70;1,70;
2026-08-04 21:56:00.0;OFF;ON;100;-1,10;-1,10;2,90;14;97;109,70;4;4;74;2,70;1,70;
2026-08-04 21:57:00.0;OFF;ON;100;-1;-1,10;2,90;14;97,10;109,70;3,90;4;74,40;2,70;1,70;
2026-08-04 21:58:00.0;OFF;ON;100;-1;-1,20;2,80;13,90;97;109,70;3,90;4;74,50;2,70;1,70;
2026-08-04 21:59:00.0;OFF;ON;100;-1;-1,20;2,80;13,90;97;109,70;3,90;4;74,60;2,70;1,70;
2026-08-04 22:00:00.0;OFF;ON;100;-1,20;-1,20;2,80;13,90;97;109,70;4;4;74,40;2,60;1,60;
2026-08-04 22:01:00.0;OFF;ON;100;-1,20;-1,20;2,80;13,90;97;109,70;4;4;74,40;2,60;1,60;
2026-08-04 22:02:00.0;OFF;ON;100;-1,20;-1,20;2,80;13,80;97;109,70;4;4;74,50;2,60;1,60;
2026-08-04 22:03:00.0;OFF;ON;100;-1,30;-1,30;2,70;13,80;97,10;109,70;4;4;74,70;2,60;1,60;
2026-08-04 22:04:00.0;OFF;ON;100;-1,30;-1,30;2,70;13,80;97,10;109,70;4;4;74,70;2,60;1,60;
2026-08-04 22:05:00.0;OFF;ON;100;-1,30;-1,30;2,70;13,80;97,10;109,70;4;4;74,70;2,50;1,50;
2026-08-04 22:06:00.0;OFF;ON;100;-1,20;-1,30;2,70;13,70;97;109,70;3,90;4;75;2,50;1,50;
2026-08-04 22:07:00.0;OFF;ON;100;-1,30;-1,30;2,70;13,70;97;109,70;4;4;74,90;2,50;1,50;
2026-08-04 22:08:00.0;OFF;ON;100;-1,30;-1,30;2,70;13,70;97;109,70;4;4;75;2,50;1,50;
2026-08-04 22:09:00.0;OFF;ON;100;-1,40;-1,40;2,60;13,70;97;109,70;4;4;75,10;2,50;1,50;
2026-08-04 22:10:00.0;OFF;ON;100;-1,40;-1,40;2,60;13,60;97,10;109,70;4;4;75,10;2,40;1,40;
2026-08-04 22:11:00.0;OFF;ON;100;-1,30;-1,40;2,60;13,60;97;109,60;3,90;4;75,60;2,40;1,40;
2026-08-04 22:12:00.0;OFF;ON;100;-1,30;-1,40;2,60;13,60;97;109,70;3,90;4;75,60;2,40;1,40;
2026-08-04 22:13:00.0;OFF;ON;100;-1,40;-1,50;2,50;13,60;97;109,60;4;4;75,50;2,40;1,40;
2026-08-04 22:14:00.0;OFF;ON;100;-1,40;-1,50;2,50;13,50;97;109,70;4;4;75,60;2,40;1,30;
2026-08-04 22:15:00.0;OFF;ON;100;-1,30;-1,50;2,50;13,50;97;109,70;3,80;4;76;2,30;1,30;
2026-08-04 22:16:00.0;OFF;ON;100;-1,50;-1,50;2,50;13,50;97;109,70;3,90;4;75,70;2,30;1,30;
2026-08-04 22:17:00.0;OFF;ON;100;-1,50;-1,50;2,50;13,50;97;109,60;4;4;75,80;2,30;1,30;
2026-08-04 22:18:00.0;OFF;ON;100;-1,50;-1,60;2,40;13,40;97;109,70;4;4;75,90;2,30;1,30;
2026-08-04 22:19:00.0;OFF;ON;100;-1,60;-1,60;2,40;13,40;97;109,60;4;4;76;2,20;1,20;
2026-08-04 22:20:00.0;OFF;ON;100;-1,40;-1,60;2,40;13,40;97;109,60;3,80;4;76,40;2,20;1,20;
2026-08-04 22:21:00.0;OFF;ON;100;-1,50;-1,60;2,40;13,40;97;109,60;3,80;4;76,50;2,20;1,20;
2026-08-04 22:22:00.0;OFF;ON;100;-1,60;-1,60;2,40;13,30;97;109,60;4;4;76,20;2,20;1,20;
2026-08-04 22:23:00.0;OFF;ON;100;-1,70;-1,70;2,30;13,30;97;109,60;4;4;76,30;2,20;1,20;
2026-08-04 22:24:00.0;OFF;ON;100;-1,70;-1,70;2,30;13,30;97;109,60;4;4;76,50;2,10;1,10;
2026-08-04 22:25:00.0;OFF;ON;100;-1,70;-1,70;2,30;13,30;97;109,60;4;4;76,50;2,10;1,10;
2026-08-04 22:26:00.0;OFF;ON;100;-1,70;-1,70;2,30;13,20;97;109,60;4;4;76,50;2,10;1,10;
2026-08-04 22:27:00.0;OFF;ON;100;-1,70;-1,70;2,30;13,20;97;109,60;4;4;76,70;2,10;1,10;
2026-08-04 22:28:00.0;OFF;ON;100;-1,70;-1,80;2,20;13,20;97;109,60;3,90;4;76,80;2,10;1;
2026-08-04 22:29:00.0;OFF;ON;100;-1,80;-1,80;2,20;13,10;97;109,60;4;4;76,80;2;1;
2026-08-04 22:30:00.0;OFF;ON;100;-1,70;-1,80;2,20;13,10;97;109,60;3,80;4;77,50;2;1;
2026-08-04 22:31:00.0;OFF;ON;100;-1,70;-1,80;2,20;13,10;97;109,60;3,90;4;77,30;2;1;
2026-08-04 22:32:00.0;OFF;ON;100;-1,80;-1,80;2,20;13,10;97;109,60;4;4;77,20;2;1;
2026-08-04 22:33:00.0;OFF;ON;100;-1,80;-1,90;2,10;13;97;109,60;4;4;77,40;2;0,90;
2026-08-04 22:34:00.0;OFF;ON;100;-1,70;-1,90;2,10;13;97;109,60;3,80;4;77,90;2;0,90;
2026-08-04 22:35:00.0;OFF;ON;100;-1,70;-1,90;2,10;13;97;109,60;3,80;4;78,20;1,90;0,90;
2026-08-04 22:36:00.0;OFF;ON;100;-1,90;-1,90;2,10;13;97;109,70;3,90;4;77,70;1,90;0,90;
2026-08-04 22:37:00.0;OFF;ON;100;-1,90;-1,90;2,10;12,90;97;109,70;3,90;4;77,90;1,90;0,80;
2026-08-04 22:38:00.0;OFF;ON;100;-1,80;-2;2;12,90;97;109,60;3,80;4;78,30;1,90;0,80;
2026-08-04 22:39:00.0;OFF;ON;100;-1,80;-2;2;12,90;97;109,60;3,80;4;78,40;1,80;0,80;
2026-08-04 22:40:00.0;OFF;ON;100;-1,90;-2;2;12,90;96,90;109,60;3,90;4;78,20;1,80;0,80;
2026-08-04 22:41:00.0;OFF;ON;100;-2;-2;2;12,80;96,90;109,60;4;4;78,30;1,80;0,70;
2026-08-04 22:42:00.0;OFF;ON;100;-2;-2,10;1,90;12,80;96,90;109,60;3,90;4;78,40;1,80;0,70;
2026-08-04 22:43:00.0;OFF;ON;100;-1,90;-2,10;1,90;12,80;96,90;109,70;3,80;4;78,90;1,70;0,70;
2026-08-04 22:44:00.0;OFF;ON;100;-1,90;-2,10;1,90;12,80;97;109,70;3,80;4;79,10;1,70;0,70;
2026-08-04 22:45:00.0;OFF;ON;100;-2,10;-2,10;1,90;12,70;97;109,60;4;4;78,80;1,70;0,70;
2026-08-04 22:46:00.0;OFF;ON;100;-2;-2,10;1,90;12,70;97;109,60;3,80;4;79,30;1,70;0,60;
2026-08-04 22:47:00.0;OFF;ON;100;-2;-2,20;1,80;12,70;97;109,70;3,80;4;79,40;1,70;0,60;
2026-08-04 22:48:00.0;OFF;ON;100;-2,10;-2,20;1,80;12,70;97;109,60;3,90;4;79,10;1,60;0,60;
2026-08-04 22:49:00.0;OFF;ON;100;-2,20;-2,20;1,80;12,60;97;109,60;4;4;79,20;1,60;0,60;
2026-08-04 22:50:00.0;OFF;ON;100;-2,10;-2,20;1,80;12,60;97;109,60;3,90;4;79,40;1,60;0,50;
2026-08-04 22:51:00.0;OFF;ON;100;-2,80;-2,20;1,80;12,60;97;109,60;4,60;4;76,80;1,60;0,60;
2026-08-04 22:52:00.0;OFF;ON;100;-3,10;-2,20;1,80;12,60;97;109,60;4,90;4;74,50;1,60;0,60;
2026-08-04 22:53:00.0;OFF;ON;100;-3,10;-2,30;1,70;12,50;97;109,60;4,80;4;73,80;1,50;0,40;
2026-08-04 22:54:00.0;OFF;ON;100;-3,10;-2,30;1,70;12,50;96,90;109,60;4,80;4;72,90;1,50;0,40;
2026-08-04 22:55:00.0;OFF;ON;100;-3,30;-2,40;1,60;12,50;96,80;109,60;4,90;4;71,40;1,40;0,40;
2026-08-04 22:56:00.0;OFF;ON;100;-3,30;-2,40;1,60;12,50;96,80;109,60;4,90;4;70,50;1,40;0,40;
2026-08-04 22:57:00.0;OFF;ON;100;-3,30;-2,40;1,60;12,40;96,80;109,60;4,90;4;69,50;1,40;0,40;
2026-08-04 22:58:00.0;OFF;ON;100;-3,50;-2,40;1,60;12,40;96,80;109,70;5,10;4;67,20;1,40;0,50;
2026-08-04 22:59:00.0;OFF;ON;100;-3,70;-2,40;1,60;12,40;96,90;109,60;5,30;4;65,40;1,40;0,50;
2026-08-04 23:00:00.0;OFF;ON;100;-3,70;-2,40;1,60;12,40;97;109,60;5,40;4;64,50;1,40;0,60;
2026-08-04 23:01:00.0;OFF;ON;100;-1,70;-2,50;1,50;12,30;96,90;109,60;3,20;4;72,40;1,40;0,50;
2026-08-04 23:02:00.0;OFF;ON;100;-1,90;-2,40;1,60;12,30;97;109,60;3,60;4;71,60;1,50;0,70;
2026-08-04 23:03:00.0;OFF;ON;100;-1,50;-2,30;1,70;12,30;97,40;109,60;3,20;4;73,80;1,60;0,70;
2026-08-04 23:04:00.0;OFF;ON;100;-1;-2,20;1,80;12,30;97,70;109,60;2,80;4;76,90;1,60;0,80;
2026-08-04 23:05:00.0;OFF;ON;100;-1,40;-2,10;1,90;12,30;97,80;109,60;3,30;4;75,70;1,70;0,90;
2026-08-04 23:06:00.0;OFF;ON;100;-1,60;-2,10;1,90;12,20;97,90;109,60;3,40;4;76;1,70;0,90;
2026-08-04 23:07:00.0;OFF;ON;100;-1,60;-2,10;1,90;12,20;97,90;109,60;3,50;4;76,40;1,70;0,90;
2026-08-04 23:08:00.0;OFF;ON;100;-1,70;-2,20;1,80;12,20;97,80;109,60;3,50;4;76,80;1,70;0,90;
2026-08-04 23:09:00.0;OFF;ON;100;-1,70;-2,20;1,80;12,10;97,80;109,60;3,50;4;77,40;1,60;0,80;
2026-08-04 23:10:00.0;OFF;ON;100;-1,60;-2,20;1,80;12,10;97,60;109,60;3,40;4;78,40;1,60;0,80;
2026-08-04 23:11:00.0;OFF;ON;100;-1,80;-2,20;1,80;12,10;97,50;109,60;3,60;4;78,10;1,60;0,80;
2026-08-04 23:12:00.0;OFF;ON;100;-2,20;-2,30;1,70;12,10;97,40;109,60;4;4;76,80;1,50;0,70;
2026-08-04 23:13:00.0;OFF;ON;100;-2,20;-2,40;1,60;12;97,10;109,60;3,80;4;77,30;1,40;0,60;
2026-08-04 23:14:00.0;OFF;ON;100;-2,10;-2,40;1,60;12;96,90;109,60;3,70;4;78;1,40;0,50;
2026-08-04 23:15:00.0;OFF;ON;100;-2,30;-2,40;1,60;12;96,90;109,60;3,80;4;77,80;1,40;0,50;
2026-08-04 23:16:00.0;OFF;ON;100;-2,10;-2,50;1,50;12;97;109,60;3,70;4;78,70;1,40;0,50;
2026-08-04 23:17:00.0;OFF;ON;100;-2,20;-2,50;1,50;11,90;97;109,60;3,70;4;78,80;1,30;0,50;
2026-08-04 23:18:00.0;OFF;ON;100;-2,30;-2,50;1,50;11,90;97;109,60;3,80;4;78,60;1,30;0,40;
2026-08-04 23:19:00.0;OFF;ON;100;-2,30;-2,50;1,50;11,90;97;109,60;3,80;4;78,90;1,30;0,40;
2026-08-04 23:20:00.0;OFF;ON;100;-2,40;-2,50;1,50;11,90;97;109,60;3,80;4;79,20;1,30;0,40;
2026-08-04 23:21:00.0;OFF;ON;100;-2,30;-2,50;1,50;11,80;97;109,60;3,70;4;79,80;1,30;0,40;
2026-08-04 23:22:00.0;OFF;ON;100;-2,80;-2,60;1,40;11,80;97;109,60;4,30;4;77,60;1,30;0,40;
2026-08-04 23:23:00.0;OFF;ON;100;-3,30;-2,50;1,50;11,80;97;109,60;4,80;4;75,10;1,30;0,40;
2026-08-04 23:24:00.0;OFF;ON;100;-3,10;-2,60;1,40;11,80;97;109,60;4,50;4;75,20;1,20;0,30;
2026-08-04 23:25:00.0;OFF;ON;100;-3,30;-2,60;1,40;11,70;97;109,60;4,70;4;74,10;1,20;0,20;
2026-08-04 23:26:00.0;OFF;ON;100;-3,20;-2,60;1,40;11,70;97;109,60;4,60;4;73,60;1,20;0,20;
2026-08-04 23:27:00.0;OFF;ON;100;-3,30;-2,70;1,30;11,70;97;109,60;4,60;4;73;1,10;0,20;
2026-08-04 23:28:00.0;OFF;ON;100;-3,40;-2,70;1,30;11,70;96,90;109,60;4,70;4;71,60;1,10;0,10;
2026-08-04 23:29:00.0;OFF;ON;100;-3,30;-2,70;1,30;11,60;96,90;109,60;4,60;4;71,40;1,10;0,10;
2026-08-04 23:30:00.0;OFF;ON;100;-3,40;-2,70;1,30;11,60;96,90;109,60;4,70;4;70,20;1,10;0,10;
2026-08-04 23:31:00.0;OFF;ON;100;-3,50;-2,70;1,30;11,60;97;109,60;4,70;4;69,10;1,10;0,10;
2026-08-04 23:32:00.0;OFF;ON;100;-3,80;-2,70;1,30;11,60;97;109,60;5;4;66,70;1,10;0,10;
2026-08-04 23:33:00.0;OFF;ON;100;-3,80;-2,70;1,30;11,50;97;109,60;5,10;4;65,80;1,10;0,20;
2026-08-04 23:34:00.0;OFF;ON;100;-3,10;-2,70;1,30;11,50;97,10;109,60;4,40;4;67,50;1,10;0,20;
2026-08-04 23:35:00.0;OFF;ON;100;-2,10;-2,70;1,30;11,50;97;109,60;3,40;4;72,60;1,10;0,30;
2026-08-04 23:36:00.0;OFF;ON;100;-1,60;-2,70;1,30;11,50;97,30;109,60;2,90;4;75,50;1,20;0,40;
2026-08-04 23:37:00.0;OFF;ON;100;-1,40;-2,60;1,40;11,40;97,30;109,60;2,70;4;76,80;1,20;0,40;
2026-08-04 23:38:00.0;OFF;ON;100;-1,80;-2,50;1,50;11,40;97,70;109,60;3,30;4;76,40;1,30;0,60;
2026-08-04 23:39:00.0;OFF;ON;100;-1,80;-2,50;1,50;11,40;97,80;109,60;3,20;4;77,60;1,30;0,50;
2026-08-04 23:40:00.0;OFF;ON;100;-1,80;-2,50;1,50;11,40;97,70;109,60;3,30;4;77,90;1,30;0,50;
2026-08-04 23:41:00.0;OFF;ON;100;-2;-2,60;1,40;11,30;97,50;109,60;3,50;4;78,10;1,20;0,40;
2026-08-04 23:42:00.0;OFF;ON;100;-2,10;-2,60;1,40;11,30;97,40;109,60;3,50;4;78,90;1,20;0,40;
2026-08-04 23:43:00.0;OFF;ON;100;-2,10;-2,60;1,40;11,30;97,40;109,60;3,40;4;79,70;1,20;0,40;
2026-08-04 23:44:00.0;OFF;ON;100;-2,50;-2,60;1,40;11,30;97,30;109,60;3,90;4;78;1,20;0,40;
2026-08-04 23:45:00.0;OFF;ON;100;-2,80;-2,60;1,40;11,20;97,40;109,60;4,20;4;76,90;1,20;0,40;
2026-08-04 23:46:00.0;OFF;ON;100;-3,20;-2,70;1,30;11,20;97,30;109,60;4,50;4;75,30;1,20;0,30;
2026-08-04 23:47:00.0;OFF;ON;100;-3,60;-2,70;1,30;11,20;97,20;109,60;4,90;4;72,60;1,10;0,10;
2026-08-04 23:48:00.0;OFF;ON;100;-3,50;-2,80;1,20;11,20;97;109,60;4,70;4;72,50;1;0;
2026-08-04 23:49:00.0;OFF;ON;100;-3,50;-2,80;1,20;11,10;96,80;109,60;4,70;4;71,90;1;0;
2026-08-04 23:50:00.0;OFF;ON;100;-3,40;-2,90;1,10;11,10;96,80;109,60;4,50;4;71,60;0,90;0;
2026-08-04 23:51:00.0;OFF;ON;100;-3,50;-2,90;1,10;11,10;96,90;109,60;4,60;4;70,60;0,90;0;
2026-08-04 23:52:00.0;OFF;ON;100;-3,50;-2,90;1,10;11,10;96,90;109,60;4,60;4;69,90;0,90;0;
2026-08-04 23:53:00.0;OFF;ON;100;-3,60;-2,90;1,10;11;96,90;109,60;4,70;4;68,70;0,90;0;
2026-08-04 23:54:00.0;OFF;ON;100;-3,90;-2,90;1,10;11;96,90;109,60;5;4;66,20;0,90;0;
2026-08-04 23:55:00.0;OFF;ON;100;-3,30;-2,90;1,10;11;97;109,60;4,40;4;67,70;0,90;0;
2026-08-04 23:56:00.0;OFF;ON;100;-3,10;-2,90;1,10;11;97,10;109,60;4,30;4;68,20;0,90;0,10;
2026-08-04 23:57:00.0;OFF;ON;100;-3,50;-2,80;1,20;10,90;97,30;109,60;4,60;4;66,40;1;0,20;
2026-08-04 23:58:00.0;OFF;ON;100;-2,50;-2,80;1,20;10,90;97,30;109,60;3,70;4;69;1;0,20;
2026-08-04 23:59:00.0;OFF;ON;100;-2,60;-2,80;1,20;10,90;97,30;109,60;3,90;4;69;1;0,30;
