CamCarcacas2;
2026-08-05 00:00;2026-08-06 00:00;
12144 Frigorífico Thoms;
ayron.costa;
" ";CPCO 51 - Câmara de carcaças - Controle de temperatura 1;CPCO 51 - Câmara de carcaças - Controle de temperatura 1;CPCO 51 - Câmara de carcaças - Controle de temperatura 1;CPCO 51 - Câmara de carcaças - Controle de temperatura 1;CPCO 51 - Câmara de carcaças - Controle de temperatura 1;CPCO 51 - Câmara de carcaças - Controle de temperatura 1;CPCO 52 - Câmara de carcaças - Controle de temperatura 2;CPCO 52 - Câmara de carcaças - Controle de temperatura 2;CPCO 53 - Balança;CPCO 51 - Câmara de carcaças - Controle de temperatura 1;CPCO 51 - Câmara de carcaças - Controle de temperatura 1;CPCO 51 - Câmara de carcaças - Controle de temperatura 1;CPCO 51 - Câmara de carcaças - Controle de temperatura 1;CPCO 54 - Câmara de carcaças - Controle de temperatura 3;
" ";Carregamento;Resfriamento;Saida Y1 - Ventiladores EC;Temp entrada glicol;Temp ref;Temp retorno ar;Temperatuda espeto;Umidade relativa da camara;Peso atual;DT Atual;DT ref;Cap Atual Valvula;Temp retorno ar M1A08;Temp Insuf de ar M1A08;" ";
2026-08-05 00:00:00.0;OFF;ON;100;-3,20;-2,70;1,30;10,90;97,50;109,60;4,50;4;66,30;1,10;0,40;
2026-08-05 00:01:00.0;OFF;ON;100;-3;-2,70;1,30;10,80;97,60;109,60;4,30;4;66,10;1,10;0,30;
2026-08-05 00:02:00.0;OFF;ON;100;-1,80;-2,80;1,20;10,80;97,30;109,60;3;4;71,90;1;0,20;
2026-08-05 00:03:00.0;OFF;ON;100;-2;-2,80;1,20;10,80;97,40;109,60;3,30;4;72;1;0,30;
2026-08-05 00:04:00.0;OFF;ON;100;-1,90;-2,80;1,20;10,80;97,40;109,60;3,10;4;73,50;1;0,30;
2026-08-05 00:05:00.0;OFF;ON;100;-1,40;-2,80;1,20;10,70;97,40;109,60;2,60;4;76,50;1;0,40;
2026-08-05 00:06:00.0;OFF;ON;100;-1,30;-2,70;1,30;10,70;97,40;109,60;2,60;4;77,80;1,10;0,50;
2026-08-05 00:07:00.0;OFF;ON;100;-1,80;-2,70;1,30;10,70;97,50;109,60;3,10;4;77,40;1,10;0,40;
2026-08-05 00:08:00.0;OFF;ON;100;-2;-2,70;1,30;10,60;97,50;109,60;3,30;4;77,70;1,10;0,40;
2026-08-05 00:09:00.0;OFF;ON;100;-2,10;-2,70;1,30;10,60;97,40;109,60;3,40;4;78,20;1,10;0,30;
2026-08-05 00:10:00.0;OFF;ON;100;-2,20;-2,80;1,20;10,60;97,30;109,60;3,40;4;78,80;1;0,30;
2026-08-05 00:11:00.0;OFF;ON;100;-2,30;-2,80;1,20;10,60;97,30;109,60;3,50;4;79,30;1;0,30;
2026-08-05 00:12:00.0;OFF;ON;100;-2,90;-2,80;1,20;10,50;97,20;109,60;4,10;4;77,10;1;0,30;
2026-08-05 00:13:00.0;OFF;ON;100;-2,80;-2,80;1,20;10,50;97,20;109,60;4;4;77,20;1;0,20;
2026-08-05 00:14:00.0;OFF;ON;100;-2,90;-2,90;1,10;10,50;97,10;109,60;4,10;4;77,10;0,90;0,10;
2026-08-05 00:15:00.0;OFF;ON;100;-2,90;-2,90;1,10;10,50;97;109,60;4;4;77,10;0,90;0,10;
2026-08-05 00:16:00.0;OFF;ON;100;-2,90;-2,90;1,10;10,40;97;109,60;4;4;77;0,90;0;
2026-08-05 00:17:00.0;OFF;ON;100;-3;-2,90;1,10;10,40;97;109,60;4,10;4;76,80;0,90;0;
2026-08-05 00:18:00.0;OFF;ON;100;-3;-3;1;10,40;96,90;109,60;4;4;76,90;0,80;0;
2026-08-05 00:19:00.0;OFF;ON;100;-3;-3;1;10,40;96,90;109,60;4;4;76,90;0,80;0;
2026-08-05 00:20:00.0;OFF;ON;100;-3,10;-3;1;10,30;96,90;109,60;4,10;4;76,80;0,80;0;
2026-08-05 00:21:00.0;OFF;ON;100;-3;-3;1;10,30;96,90;109,60;4;4;76,80;0,80;0;
2026-08-05 00:22:00.0;OFF;ON;100;-3,10;-3;1;10,30;96,90;109,60;4,10;4;76,50;0,80;0;
2026-08-05 00:23:00.0;OFF;ON;100;-3;-3;1;10,30;96,90;109,60;4;4;76,60;0,80;-0,10;
2026-08-05 00:24:00.0;OFF;ON;100;-3,10;-3,10;0,90;10,30;96,90;109,60;4;4;76,60;0,80;-0,10;
2026-08-05 00:25:00.0;OFF;ON;100;-3,80;-3,10;0,90;10,20;96,90;109,60;4,80;4;73,20;0,70;-0,10;
2026-08-05 00:26:00.0;OFF;ON;100;-3,90;-3,10;0,90;10,20;96,80;109,50;4,80;4;72,20;0,70;-0,30;
2026-08-05 00:27:00.0;OFF;ON;100;-3,70;-3,20;0,80;10,20;96,60;109,60;4,50;4;72,60;0,60;-0,30;
2026-08-05 00:28:00.0;OFF;ON;100;-3,70;-3,20;0,80;10,10;96,50;109,60;4,40;4;72,20;0,60;-0,30;
2026-08-05 00:29:00.0;OFF;ON;100;-3,70;-3,20;0,80;10,10;96,60;109,60;4,50;4;71,40;0,60;-0,30;
2026-08-05 00:30:00.0;OFF;ON;100;-3,60;-3,30;0,70;10,10;96,60;109,60;4,40;4;71,30;0,60;-0,30;
2026-08-05 00:31:00.0;OFF;ON;100;-3,80;-3,30;0,70;10,10;96,60;109,60;4,50;4;70,30;0,50;-0,30;
2026-08-05 00:32:00.0;OFF;ON;100;-3,90;-3,30;0,70;10;96,60;109,60;4,60;4;69,20;0,50;-0,30;
2026-08-05 00:33:00.0;OFF;ON;100;-3,60;-3,30;0,70;10;96,70;109,60;4,30;4;69,70;0,50;-0,30;
2026-08-05 00:34:00.0;OFF;ON;100;-3,30;-3,30;0,70;10;96,70;109,60;4;4;71,20;0,50;-0,30;
2026-08-05 00:35:00.0;OFF;ON;100;-3,50;-3,20;0,80;10;96,90;109,60;4,30;4;69,70;0,60;-0,20;
2026-08-05 00:36:00.0;OFF;ON;100;-3,20;-3,20;0,80;10;97;109,60;4;4;70,60;0,60;-0,20;
2026-08-05 00:37:00.0;OFF;ON;100;-2,40;-3,20;0,80;9,90;97;109,60;3,20;4;74;0,60;-0,20;
2026-08-05 00:38:00.0;OFF;ON;100;-3;-3,10;0,90;9,90;97,20;109,60;3,90;4;71,80;0,70;0;
2026-08-05 00:39:00.0;OFF;ON;100;-2,30;-3,10;0,90;9,90;97,30;109,50;3,20;4;75,10;0,70;0;
2026-08-05 00:40:00.0;OFF;ON;100;-2,40;-3;1;9,90;97,40;107,10;3,40;4;75,80;0,70;0,10;
2026-08-05 00:41:00.0;OFF;ON;100;-3;-2,80;1,20;6,90;97,80;108,50;4,20;4;72,40;0,80;0,10;
2026-08-05 00:42:00.0;OFF;ON;100;-3,20;-2,70;1,30;6,70;98;108,40;4,50;4;70,60;0,80;0;
2026-08-05 00:43:00.0;OFF;ON;100;-3,10;-2,80;1,20;6,60;98,10;108,40;4,30;4;70,90;0,80;0;
2026-08-05 00:44:00.0;OFF;ON;100;-3,30;-2,80;1,20;6,60;98,10;108,40;4,50;4;69,80;0,80;0;
2026-08-05 00:45:00.0;OFF;ON;100;-3,30;-2,80;1,20;6,60;98,20;108,40;4,50;4;69,10;0,80;0;
2026-08-05 00:46:00.0;OFF;ON;100;-3,20;-2,80;1,20;6,50;98,20;108,40;4,40;4;69,10;0,80;0;
2026-08-05 00:47:00.0;OFF;ON;100;-3,30;-2,80;1,20;6,50;98,10;108,30;4,50;4;68,20;0,70;-0,10;
2026-08-05 00:48:00.0;OFF;ON;95;-3,20;-2,60;1,20;6,50;98,10;108,30;4,40;3,80;67,10;0,70;-0,10;
2026-08-05 00:49:00.0;OFF;ON;95;-3,30;-2,60;1,20;6,50;98,10;108,30;4,40;3,80;66,40;0,70;-0,10;
2026-08-05 00:50:00.0;OFF;ON;95;-3,40;-2,60;1,20;6,40;98,10;108,30;4,50;3,80;65,20;0,70;0;
2026-08-05 00:51:00.0;OFF;ON;95;-2,50;-2,60;1,20;6,40;98,10;108,30;3,70;3,80;67,60;0,70;-0,10;
2026-08-05 00:52:00.0;OFF;ON;95;-1,80;-2,60;1,20;6,40;97,90;108,30;3;3,80;71,10;0,70;0;
2026-08-05 00:53:00.0;OFF;ON;95;-1,60;-2,60;1,20;6,30;98;108,30;2,70;3,80;73;0,70;0,10;
2026-08-05 00:54:00.0;OFF;ON;95;-1,80;-2,50;1,30;6,30;98,20;108,30;3,10;3,80;72,90;0,80;0,20;
2026-08-05 00:55:00.0;OFF;ON;95;-1,80;-2,50;1,30;6,30;98,10;108,30;3,10;3,80;73,60;0,80;0,20;
2026-08-05 00:56:00.0;OFF;ON;95;-1,50;-2,50;1,30;6,30;98;108,30;2,80;3,80;75,40;0,80;0,20;
2026-08-05 00:57:00.0;OFF;ON;95;-1,80;-2,50;1,30;6,20;98;108,30;3,10;3,80;75,60;0,80;0,30;
2026-08-05 00:58:00.0;OFF;ON;100;-1,90;-2,70;1,30;6,20;98;108,30;3,20;4;76,70;0,80;0,20;
2026-08-05 00:59:00.0;OFF;ON;100;-1,90;-2,70;1,30;6,20;98;108,30;3,20;4;77,50;0,80;0,20;
2026-08-05 01:00:00.0;OFF;ON;100;-1,60;-2,60;1,40;6,20;98;108,30;3;4;79,30;0,80;0,20;
2026-08-05 01:01:00.0;OFF;ON;100;-1,90;-2,70;1,30;6,10;97,90;108,30;3,30;4;78,90;0,80;0,20;
2026-08-05 01:02:00.0;OFF;ON;100;-2,10;-2,70;1,30;6,10;97,90;108,30;3,40;4;79,70;0,80;0,20;
2026-08-05 01:03:00.0;OFF;ON;100;-2,80;-2,70;1,30;6,10;97,90;108,30;4,10;4;77,20;0,80;0,10;
2026-08-05 01:04:00.0;OFF;ON;100;-2,80;-2,70;1,30;6,10;97,80;108,30;4,10;4;77;0,80;0;
2026-08-05 01:05:00.0;OFF;ON;100;-3,40;-2,70;1,30;6,10;97,70;108,30;4,60;4;74,40;0,70;-0,10;
2026-08-05 01:06:00.0;OFF;ON;100;-3,60;-2,80;1,20;6;97,50;108,30;4,80;4;72,60;0,60;-0,20;
2026-08-05 01:07:00.0;OFF;ON;100;-3,40;-2,90;1,10;6;97,30;108,40;4,50;4;73;0,50;-0,30;
2026-08-05 01:08:00.0;OFF;ON;100;-3,50;-3;1;6;97,30;108,40;4,50;4;72,50;0,50;-0,30;
2026-08-05 01:09:00.0;OFF;ON;100;-3,50;-3;1;6;97,20;108,40;4,50;4;71,90;0,50;-0,30;
2026-08-05 01:10:00.0;OFF;ON;100;-3,50;-3;1;6;97,20;108,40;4,50;4;71,20;0,40;-0,30;
2026-08-05 01:11:00.0;OFF;ON;100;-3,70;-3;1;5,90;97,20;108,40;4,70;4;69,60;0,40;-0,40;
2026-08-05 01:12:00.0;OFF;ON;100;-3,80;-3;1;5,90;97,20;108,40;4,80;4;68,40;0,40;-0,40;
2026-08-05 01:13:00.0;OFF;ON;100;-3,20;-3;1;5,90;97,30;108,40;4,20;4;69,90;0,40;-0,30;
2026-08-05 01:14:00.0;OFF;ON;100;-3,40;-3;1;5,90;97,40;108,60;4,40;4;68,90;0,40;-0,30;
2026-08-05 01:15:00.0;OFF;ON;100;-2,90;-3;1;5,80;97,70;108,50;3,90;4;69,90;0,40;-0,20;
2026-08-05 01:16:00.0;OFF;ON;100;-2,40;-3;1;5,80;97,80;108,40;3,50;4;72,30;0,50;-0,20;
2026-08-05 01:17:00.0;OFF;ON;100;-2,90;-2,90;1,10;5,80;97,90;108,40;4;4;70,30;0,50;0;
2026-08-05 01:18:00.0;OFF;ON;100;-3,50;-2,80;1,20;5,80;98;108,50;4,70;4;67,30;0,60;-0,10;
2026-08-05 01:19:00.0;OFF;ON;100;-3,50;-2,90;1,10;5,80;97,90;108,40;4,60;4;67,30;0,50;-0,10;
2026-08-05 01:20:00.0;OFF;ON;100;-3,50;-2,90;1,10;5,80;97,90;108,40;4,60;4;66,70;0,50;-0,20;
2026-08-05 01:21:00.0;OFF;ON;100;-3,50;-3;1;5,70;97,90;108,40;4,60;4;65,80;0,50;-0,20;
2026-08-05 01:22:00.0;OFF;ON;100;-3,60;-2,90;1,10;5,70;97,80;108,40;4,80;4;64,20;0,50;-0,10;
2026-08-05 01:23:00.0;OFF;ON;100;-1,60;-3;1;5,70;97,50;108,10;2,70;4;73,20;0,40;-0,30;
2026-08-05 01:24:00.0;OFF;ON;100;-1,90;-2,90;1,10;5,70;97,40;108,30;3;4;73,10;0,50;0;
2026-08-05 01:25:00.0;OFF;ON;100;-2,10;-2,90;1,10;5,70;97,50;108,30;3,20;4;73,30;0,50;0;
2026-08-05 01:26:00.0;OFF;ON;100;-2;-2,90;1,10;5,70;97,50;108,30;3,20;4;73,80;0,50;0;
2026-08-05 01:27:00.0;OFF;ON;100;-1,90;-2,90;1,10;5,60;97,60;108,30;3;4;76,30;0,50;0;
2026-08-05 01:28:00.0;OFF;ON;100;-2,20;-2,90;1,10;5,60;97,70;108,40;3,30;4;75,70;0,50;0;
2026-08-05 01:29:00.0;OFF;ON;100;-2,10;-2,90;1,10;5,60;97,70;108,40;3,20;4;77,10;0,50;0;
2026-08-05 01:30:00.0;OFF;ON;100;-1,60;-3;1;5,60;97,60;108,40;2,70;4;80,50;0,50;0;
2026-08-05 01:31:00.0;OFF;ON;100;-2,50;-2,90;1,10;5,60;97,80;108,40;3,60;4;77,90;0,50;0,10;
2026-08-05 01:32:00.0;OFF;ON;100;-3;-2,90;1,10;5,50;97,80;108,40;4;4;76,50;0,50;-0,10;
2026-08-05 01:33:00.0;OFF;ON;100;-3;-3;1;5,50;97,70;108,40;4;4;76,60;0,40;-0,20;
2026-08-05 01:34:00.0;OFF;ON;100;-3,10;-3;1;5,50;97,60;108,50;4,10;4;76,10;0,40;-0,20;
2026-08-05 01:35:00.0;OFF;ON;50;-3,30;-3,10;0,90;5,50;97,40;108,40;4,10;4;75,50;0,20;-0,70;
2026-08-05 01:36:00.0;OFF;ON;50;-3,30;-3,30;0,70;5,50;97,60;108,40;4;4;76,30;0;-0,90;
2026-08-05 01:37:00.0;OFF;ON;50;-3,40;-3,40;0,60;5,40;97,70;108,40;4;4;75,80;0;-1,20;
2026-08-05 01:38:00.0;OFF;ON;50;-3,50;-3,40;0,50;5,40;97,80;108,40;4,10;4;75,50;-0,10;-1,30;
2026-08-05 01:39:00.0;OFF;ON;50;-3,40;-3,40;0,50;5,40;97,90;108,40;3,90;4;76,20;-0,20;-1,40;
2026-08-05 01:40:00.0;OFF;ON;50;-3,50;-3,40;0,50;5,40;97,80;108,40;3,90;4;76,40;-0,20;-1,40;
2026-08-05 01:41:00.0;OFF;ON;50;-3,60;-3,40;0,40;5,40;97,70;108,30;4;4;75,60;-0,20;-1,40;
2026-08-05 01:42:00.0;OFF;ON;50;-3,50;-3,40;0,40;5,30;97,80;108,30;3,90;4;75,60;-0,20;-1,60;
2026-08-05 01:43:00.0;OFF;ON;50;-3,20;-3,50;0,40;5,30;97,60;108,30;3,60;4;77;-0,30;-1,60;
2026-08-05 01:44:00.0;OFF;ON;50;-3,60;-3,50;0,20;5,30;96,90;108,30;3,80;4;76,60;-0,40;-1,60;
2026-08-05 01:45:00.0;OFF;ON;50;-3,70;-3,60;0,10;5,30;96,10;108,40;3,80;4;75,90;-0,40;-1,80;
2026-08-05 01:46:00.0;OFF;ON;50;-3,80;-3,60;0;5,30;95,70;108,40;3,90;4;75,40;-0,40;-1,80;
2026-08-05 01:47:00.0;OFF;ON;50;-3,50;-3,70;-0,10;5,30;95,30;108,40;3,50;4;77,20;-0,50;-1,90;
2026-08-05 01:48:00.0;OFF;ON;50;-3,90;-3,70;-0,10;5,20;95,20;108,40;3,80;4;75,60;-0,60;-1,90;
2026-08-05 01:49:00.0;OFF;ON;50;-3,80;-3,70;-0,20;5,20;95;108,40;3,60;4;75,90;-0,60;-2;
2026-08-05 01:50:00.0;OFF;ON;50;-3,30;-3,70;-0,20;5,20;94,90;108,40;3,10;4;77,90;-0,70;-2,10;
2026-08-05 01:51:00.0;OFF;ON;50;-3,90;-3,70;-0,20;5,20;95;108,40;3,60;4;75,70;-0,70;-2;
2026-08-05 01:52:00.0;OFF;ON;50;-3,90;-3,70;-0,30;5,10;94,90;108,40;3,60;4;75,10;-0,70;-2,10;
2026-08-05 01:53:00.0;OFF;ON;50;-3,60;-3,70;-0,30;5,10;94,80;108,40;3,20;4;76,30;-0,80;-2,20;
2026-08-05 01:54:00.0;OFF;ON;50;-3,90;-3,60;-0,40;5,10;94,90;108,40;3,50;4;74,90;-0,80;-2,10;
2026-08-05 01:55:00.0;OFF;ON;50;-4;-3,60;-0,40;5,10;94,90;108,40;3,60;4;73,80;-0,80;-2,20;
2026-08-05 01:56:00.0;OFF;ON;50;-3,90;-3,60;-0,40;5,10;94,80;108,40;3,50;4;73,70;-0,80;-2,20;
2026-08-05 01:57:00.0;OFF;ON;50;-3,50;-3,60;-0,50;5,10;94,70;108,40;3;4;75,50;-0,90;-2,20;
2026-08-05 01:58:00.0;OFF;ON;50;-4,10;-3,50;-0,50;5;94,90;108,50;3,60;4;71,90;-0,90;-2,20;
2026-08-05 01:59:00.0;OFF;ON;50;-4,10;-3,40;-0,50;5;94,90;108,50;3,50;4;71,10;-0,90;-2,30;
2026-08-05 02:00:00.0;OFF;ON;50;-3,80;-3,40;-0,60;5;94,60;108,50;3,20;4;71,70;-1;-2,30;
2026-08-05 02:01:00.0;OFF;ON;50;-4,10;-3,30;-0,60;5;94,90;108,50;3,50;4;69,10;-0,90;-2,30;
2026-08-05 02:02:00.0;OFF;ON;50;-4,30;-3,30;-0,60;5;94,90;108,50;3,70;4;67,40;-1;-2,30;
2026-08-05 02:03:00.0;OFF;ON;50;-3,70;-3,20;-0,60;5;94,90;108,50;3;4;68,30;-1;-2,30;
2026-08-05 02:04:00.0;OFF;ON;50;-4,20;-3,10;-0,60;5;94,90;108,50;3,60;4;65;-1;-2,20;
2026-08-05 02:05:00.0;OFF;ON;50;-4,40;-3;-0,60;4,90;95,10;108,50;3,80;4;63;-0,90;-2,10;
2026-08-05 02:06:00.0;OFF;ON;50;-2,90;-3;-0,70;4,90;94,90;108,50;2,20;4;67,90;-1;-2,20;
2026-08-05 02:07:00.0;OFF;ON;50;-3,20;-2,90;-0,60;4,90;95,10;108,50;2,50;4;66,20;-0,90;-2;
2026-08-05 02:08:00.0;OFF;ON;50;-3,10;-2,70;-0,60;4,90;95,40;108,50;2,50;4;65,30;-0,90;-2;
2026-08-05 02:09:00.0;OFF;ON;50;-3,10;-2,70;-0,60;4,90;95,40;108,50;2,50;4;64,70;-0,90;-2;
2026-08-05 02:10:00.0;OFF;ON;50;-3,10;-2,50;-0,60;4,90;95,50;108,50;2,50;4;63,60;-0,90;-1,90;
2026-08-05 02:11:00.0;OFF;ON;50;-3;-2,40;-0,60;4,90;95,80;108,50;2,50;4;62,60;-0,90;-1,90;
2026-08-05 02:12:00.0;OFF;ON;50;-2,80;-2,30;-0,60;4,80;95,80;108,50;2,30;4;62,50;-0,80;-1,90;
2026-08-05 02:13:00.0;OFF;ON;50;-2,70;-2,20;-0,50;4,80;95,90;108,50;2,20;4;61,40;-0,80;-1,80;
2026-08-05 02:14:00.0;OFF;ON;50;-2,70;-2,10;-0,50;4,80;95,90;108,50;2,10;4;60,60;-0,80;-1,80;
2026-08-05 02:15:00.0;OFF;ON;50;-2,50;-1,90;-0,50;4,80;96;108,50;2;4;59,70;-0,80;-1,70;
2026-08-05 02:16:00.0;OFF;ON;50;-2,40;-1,80;-0,50;4,80;96,10;108,50;1,90;4;58,70;-0,80;-1,70;
2026-08-05 02:17:00.0;OFF;ON;50;-2,50;-1,70;-0,50;4,80;96,30;108,50;2;4;57,10;-0,80;-1,60;
2026-08-05 02:18:00.0;OFF;ON;50;-2,20;-1,50;-0,40;4,80;96,30;108,50;1,80;4;56,80;-0,70;-1,50;
2026-08-05 02:19:00.0;OFF;ON;50;-2,10;-1,40;-0,40;4,80;96,50;108,50;1,70;4;55,80;-0,70;-1,40;
2026-08-05 02:20:00.0;OFF;ON;50;-2;-1,20;-0,40;4,70;96,60;108,50;1,70;4;54,80;-0,70;-1,40;
2026-08-05 02:21:00.0;OFF;ON;50;-2;-1,10;-0,30;4,70;96,80;108,50;1,70;4;53;-0,60;-1,30;
2026-08-05 02:22:00.0;OFF;ON;50;-1,70;-0,90;-0,30;4,70;96,90;108,50;1,50;4;52;-0,60;-1,20;
2026-08-05 02:23:00.0;OFF;ON;50;-1,70;-0,80;-0,30;4,70;96,90;108,50;1,50;4;51,20;-0,60;-1,20;
2026-08-05 02:24:00.0;OFF;ON;50;-1,70;-0,60;-0,20;4,70;97;108,50;1,50;4;50;-0,50;-1,10;
2026-08-05 02:25:00.0;OFF;ON;50;-1,70;-0,50;-0,20;4,70;97,10;108,50;1,50;4;50;-0,50;-1;
2026-08-05 02:26:00.0;OFF;ON;50;-1,50;-0,30;-0,20;4,70;97,20;108,50;1,30;4;50;-0,50;-1;
2026-08-05 02:27:00.0;OFF;ON;50;-1,30;-0,20;-0,10;4,60;97,30;108,50;1,20;4;50;-0,40;-0,90;
2026-08-05 02:28:00.0;OFF;ON;50;-1,10;0;-0,10;4,60;97,40;108,50;1,10;4;50;-0,40;-0,70;
2026-08-05 02:29:00.0;OFF;ON;50;-1,10;0,30;0;4,60;97,70;108,50;1,10;4;50;-0,30;-0,60;
2026-08-05 02:30:00.0;OFF;ON;50;-1,10;0,50;0,10;4,60;97,80;108,50;1,20;4;50;-0,20;-0,50;
2026-08-05 02:31:00.0;OFF;ON;50;-1;0,60;0,10;4,60;97,90;108,50;1,10;4;50;-0,20;-0,50;
2026-08-05 02:32:00.0;OFF;ON;50;-1,10;0,90;0,20;4,60;98;108,40;1,30;4;50;-0,20;-0,50;
2026-08-05 02:33:00.0;OFF;ON;50;-0,90;1;0,30;4,60;98,30;108,40;1,20;4;50;-0,20;-0,50;
2026-08-05 02:34:00.0;OFF;ON;50;-0,90;1,20;0,30;4,60;98,30;108,40;1,10;4;50;-0,10;-0,50;
2026-08-05 02:35:00.0;OFF;ON;50;-0,90;1,30;0,30;4,50;98,30;108,40;1,10;4;50;-0,10;-0,40;
2026-08-05 02:36:00.0;OFF;ON;50;-0,80;1,40;0,30;4,50;98,20;108,40;1,10;4;50;-0,10;-0,40;
2026-08-05 02:37:00.0;OFF;ON;50;-0,70;1,70;0,40;4,50;98,40;108,40;1;4;50;-0,10;-0,30;
2026-08-05 02:38:00.0;OFF;ON;50;-0,70;1,90;0,40;4,50;98,30;108,40;1,10;4;50;0;-0,30;
2026-08-05 02:39:00.0;OFF;ON;50;-0,70;2;0,40;4,50;98,30;108,40;1;4;50;0;-0,30;
2026-08-05 02:40:00.0;OFF;ON;50;-0,70;2,20;0,40;4,50;98,20;108,40;1;4;50;0;-0,30;
2026-08-05 02:41:00.0;OFF;ON;50;-0,80;2,30;0,40;4,50;98,10;108,40;1,10;4;50;0;-0,30;
2026-08-05 02:42:00.0;OFF;ON;50;-0,80;2,40;0,40;4,40;98;108,40;1,10;4;50;0;-0,20;
2026-08-05 02:43:00.0;OFF;ON;50;-0,70;2,40;0,40;4,40;98,10;108,40;1,10;4;50;0;-0,20;
2026-08-05 02:44:00.0;OFF;ON;50;-0,60;2,40;0,40;4,40;98;108,40;1;4;50;0;-0,20;
2026-08-05 02:45:00.0;OFF;ON;50;-0,70;2,50;0,50;4,40;98,10;108,30;1,20;4;50;0,10;-0,20;
2026-08-05 02:46:00.0;OFF;ON;50;-0,60;2,50;0,50;4,40;98,40;108,50;1,20;4;50;0,10;-0,20;
2026-08-05 02:47:00.0;OFF;ON;50;-0,50;2,30;0,50;2,90;98,40;0,50;1;4;50;0,10;-0,20;
2026-08-05 02:48:00.0;OFF;ON;50;-0,50;2,70;0,50;3,20;98,40;0;1,10;3,80;50;0,10;-0,20;
2026-08-05 02:49:00.0;OFF;ON;50;-0,60;2,70;0,50;3,20;98,40;0;1,10;3,80;50;0,10;-0,10;
2026-08-05 02:50:00.0;OFF;ON;50;-0,60;2,70;0,50;3,20;98,40;0;1,10;3,80;50;0,10;-0,10;
2026-08-05 02:51:00.0;OFF;ON;50;-0,50;2,70;0,50;3,20;98,30;0;1;3,80;50;0,10;-0,10;
2026-08-05 02:52:00.0;OFF;ON;50;-0,50;2,70;0,50;3,10;98,10;0;1;3,80;50;0,10;-0,10;
2026-08-05 02:53:00.0;OFF;ON;50;-0,50;2,70;0,50;3,10;98,10;0;1;3,80;50;0,10;-0,10;
2026-08-05 02:54:00.0;OFF;ON;50;-0,60;2,70;0,50;3,10;98;0;1,10;3,80;50;0,10;-0,20;
2026-08-05 02:55:00.0;OFF;ON;50;-0,60;2,70;0,50;3,10;98;0;1;3,80;50;0,10;-0,20;
2026-08-05 02:56:00.0;OFF;ON;50;-0,60;2,70;0,50;3,10;98;0;1,10;3,80;50;0,10;-0,20;
2026-08-05 02:57:00.0;OFF;ON;50;-0,70;2,70;0,50;3,10;97,90;0;1,10;3,80;50;0,10;-0,20;
2026-08-05 02:58:00.0;OFF;ON;50;-0,70;2,70;0,50;3,10;97,90;0;1,10;3,80;50;0,10;-0,20;
2026-08-05 02:59:00.0;OFF;ON;50;-0,70;2,50;0,50;3;97,90;0;1,10;4;50;0,10;-0,20;
2026-08-05 03:00:00.0;OFF;ON;50;-0,50;2,50;0,50;3;97,90;0;1;4;50;0,10;-0,20;
2026-08-05 03:01:00.0;OFF;ON;50;-0,70;2,50;0,50;3;97,80;0;1,10;4;50;0,10;-0,20;
2026-08-05 03:02:00.0;OFF;ON;50;-0,70;2,50;0,50;3;97,90;0;1,20;4;50;0,10;-0,20;
2026-08-05 03:03:00.0;OFF;ON;50;-0,60;2,50;0,50;3;97,90;0;1,10;4;50;0,10;-0,20;
2026-08-05 03:04:00.0;OFF;ON;50;-0,70;2,50;0,50;3;97,80;0;1,10;4;50;0,10;-0,20;
2026-08-05 03:05:00.0;OFF;ON;50;-0,60;2,50;0,50;3;97,80;0;1,10;4;50;0,10;-0,20;
2026-08-05 03:06:00.0;OFF;ON;50;-0,60;2,50;0,50;3;97,90;0;1,10;4;50;0,10;-0,20;
2026-08-05 03:07:00.0;OFF;ON;50;-0,60;2,50;0,50;2,90;97,80;0;1;4;50;0,20;-0,20;
2026-08-05 03:08:00.0;OFF;ON;50;-0,50;2,50;0,50;2,90;97,80;0;1;4;50;0,10;-0,20;
2026-08-05 03:09:00.0;OFF;ON;50;-0,60;2,50;0,50;2,90;97,80;0;1;4;50;0,10;-0,20;
2026-08-05 03:10:00.0;OFF;ON;50;-0,60;2,50;0,50;2,90;97,80;0;1;4;50;0,10;-0,20;
2026-08-05 03:11:00.0;OFF;ON;50;-0,70;2,50;0,50;2,90;97,70;0;1,10;4;50;0,10;-0,20;
2026-08-05 03:12:00.0;OFF;ON;50;-0,60;2,50;0,50;2,90;98;0;1,20;4;50;0,20;-0,20;
2026-08-05 03:13:00.0;OFF;ON;50;-0,60;2,60;0,60;2,90;98,30;0;1,20;4;50;0,20;-0,20;
2026-08-05 03:14:00.0;OFF;ON;50;-0,50;2,60;0,60;2,80;98,20;0;1,10;4;50;0,20;-0,10;
2026-08-05 03:15:00.0;OFF;ON;50;-0,50;2,50;0,50;2,80;98,10;0;1;4;50;0,20;-0,10;
2026-08-05 03:16:00.0;OFF;ON;50;-0,50;2,50;0,50;2,80;98,10;0;1;4;50;0,20;-0,10;
2026-08-05 03:17:00.0;OFF;ON;50;-0,60;2,50;0,50;2,80;98;0;1,10;4;50;0,20;-0,10;
2026-08-05 03:18:00.0;OFF;ON;50;-0,60;2,50;0,50;2,80;97,90;0;1,10;4;50;0,20;-0,10;
2026-08-05 03:19:00.0;OFF;ON;50;-0,60;2,60;0,60;2,80;98,30;0;1,20;4;50;0,20;-0,10;
2026-08-05 03:20:00.0;OFF;ON;50;-0,50;2,60;0,60;2,80;98,40;0;1,10;4;50;0,20;-0,10;
2026-08-05 03:21:00.0;OFF;ON;50;-0,50;2,60;0,60;2,80;98,40;0;1,10;4;50;0,20;-0,10;
2026-08-05 03:22:00.0;OFF;ON;50;-0,60;2,60;0,60;2,70;98,10;0;1,10;4;50;0,20;-0,10;
2026-08-05 03:23:00.0;OFF;ON;50;-0,60;2,50;0,50;2,70;98;0;1,10;4;50;0,20;-0,10;
2026-08-05 03:24:00.0;OFF;ON;50;-0,60;2,50;0,50;2,70;98;0;1,20;4;50;0,20;-0,10;
2026-08-05 03:25:00.0;OFF;ON;50;-0,40;2,60;0,60;2,70;98,30;0;1;4;50;0,20;-0,10;
2026-08-05 03:26:00.0;OFF;ON;50;-0,50;2,60;0,60;2,70;98,40;0;1,10;4;50;0,20;-0,10;
2026-08-05 03:27:00.0;OFF;ON;50;-0,40;2,60;0,60;2,70;98,40;0;1,10;4;50;0,20;-0,10;
2026-08-05 03:28:00.0;OFF;ON;50;-0,40;2,70;0,70;2,70;98,40;0;1,10;4;50;0,20;-0,10;
2026-08-05 03:29:00.0;OFF;ON;50;-0,50;2,70;0,70;2,70;98,40;0;1,20;4;50;0,20;-0,10;
2026-08-05 03:30:00.0;OFF;ON;50;-0,40;2,70;0,70;2,70;98,40;0;1,10;4;50;0,30;0;
2026-08-05 03:31:00.0;OFF;ON;50;-0,40;2,70;0,70;2,70;98,40;0;1,10;4;50;0,30;0;
2026-08-05 03:32:00.0;OFF;ON;50;-0,40;2,70;0,70;0,70;98,40;4;1,10;4;50;0,30;0;
2026-08-05 03:33:00.0;OFF;ON;50;-0,50;2,70;0,70;-0,40;98,40;0;1,20;4;50;0,30;0;
2026-08-05 03:34:00.0;OFF;ON;50;-0,50;2,70;0,70;-0,90;98,40;0;1,20;4;50;0,30;0;
2026-08-05 03:35:00.0;OFF;ON;50;-0,40;2,70;0,70;-1,40;98,40;0;1,10;4;50;0,30;0;
2026-08-05 03:36:00.0;OFF;ON;50;-0,30;0,50;0,80;3,70;98,40;0;1,10;4;50;0,30;0;
2026-08-05 03:37:00.0;OFF;ON;50;-0,50;-0,80;0,70;6,10;98,40;0;1,20;4;51,70;0,30;0;
2026-08-05 03:38:00.0;OFF;ON;50;-0,30;-1;0,70;6,20;98,40;0;1,10;4;53,80;0,30;0;
2026-08-05 03:39:00.0;OFF;ON;50;-0,40;-1,10;0,70;6,30;98,40;0;1,10;4;54,90;0,30;0;
2026-08-05 03:40:00.0;OFF;ON;50;-0,30;-1,30;0,70;6,30;98,40;0;1,10;4;56,50;0,30;0;
2026-08-05 03:41:00.0;OFF;ON;50;-0,30;-1,40;0,70;6,30;98,40;0;1,10;4;57,70;0,30;0;
2026-08-05 03:42:00.0;OFF;ON;50;-0,30;-1,50;0,70;6,30;98,40;0;1;4;60,10;0,30;0;
2026-08-05 03:43:00.0;OFF;ON;50;-0,40;-1,70;0,60;6,30;98,30;0;1;4;61,50;0,30;0;
2026-08-05 03:44:00.0;OFF;ON;50;-0,40;-1,80;0,60;6,30;98,20;0;1;4;63;0,30;0;
2026-08-05 03:45:00.0;OFF;ON;50;-0,50;-2;0,60;6,30;98;0;1,10;4;65,30;0,20;-0,10;
2026-08-05 03:46:00.0;OFF;ON;50;-0,80;-2,10;0,50;6,30;97,90;0;1,30;4;66,70;0,20;-0,10;
2026-08-05 03:47:00.0;OFF;ON;50;-0,90;-2,30;0,50;6,20;97,70;0;1,40;4;68,70;0,20;-0,20;
2026-08-05 03:48:00.0;OFF;ON;50;-0,90;-2,40;0,40;6,20;97,40;0;1,30;4;70,50;0,10;-0,20;
2026-08-05 03:49:00.0;OFF;ON;50;-1,10;-2,60;0,40;6,20;97,40;0;1,50;4;72,30;0,10;-0,30;
2026-08-05 03:50:00.0;OFF;ON;50;-1,20;-2,70;0,30;6,20;97,20;0;1,50;4;74,60;0;-0,40;
2026-08-05 03:51:00.0;OFF;ON;50;-1,40;-2,80;0,30;6,20;97;0;1,70;4;76;0;-0,50;
2026-08-05 03:52:00.0;OFF;ON;50;-1,40;-3;0,20;6,20;96,90;0;1,60;4;78,20;-0,10;-0,60;
2026-08-05 03:53:00.0;OFF;ON;50;-1,50;-3,10;0,20;6,10;96,90;0;1,70;4;79,90;-0,10;-0,60;
2026-08-05 03:54:00.0;OFF;ON;50;-2,10;-3,30;0,10;6,10;96,70;0;2,20;4;80,40;-0,20;-0,70;
2026-08-05 03:55:00.0;OFF;ON;50;-2,30;-3,40;0,10;6,10;96,60;0;2,30;4;80,80;-0,20;-0,80;
2026-08-05 03:56:00.0;OFF;ON;50;-2,20;-3,50;0;6,10;96,40;0;2,10;4;83,50;-0,30;-1;
2026-08-05 03:57:00.0;OFF;ON;50;-2,20;-3,70;-0,10;6,10;96,10;0;2,10;4;85,80;-0,30;-1,10;
2026-08-05 03:58:00.0;OFF;ON;50;-2,40;-3,80;-0,20;6,10;96;0;2,20;4;86,70;-0,40;-1,20;
2026-08-05 03:59:00.0;OFF;ON;50;-2,40;-4;-0,20;6;95,90;0;2,20;4;90,10;-0,50;-1,30;
2026-08-05 04:00:00.0;OFF;ON;50;-2,40;-4;-0,30;6;95,80;0;2,10;4;92,10;-0,50;-1,30;
2026-08-05 04:01:00.0;OFF;ON;50;-2,50;-4;-0,30;6;95,70;0;2,20;4;93,30;-0,50;-1,40;
2026-08-05 04:02:00.0;OFF;ON;50;-2,40;-4;-0,40;6;95,60;0;2,10;4;95,60;-0,60;-1,40;
2026-08-05 04:03:00.0;OFF;ON;50;-2,60;-4;-0,40;6;95,40;0;2,10;4;97;-0,60;-1,50;
2026-08-05 04:04:00.0;OFF;ON;50;-2,60;-4;-0,50;5,90;95,30;0;2,10;4;98,50;-0,70;-1,60;
2026-08-05 04:05:00.0;OFF;ON;50;-2,70;-4;-0,50;5,90;95,20;0;2,20;4;99,60;-0,70;-1,60;
2026-08-05 04:06:00.0;OFF;ON;50;-2,70;-4;-0,50;5,90;96,10;0;2,20;4;99,70;-0,80;-1,70;
2026-08-05 04:07:00.0;OFF;ON;50;-2,70;-4;-0,50;5,90;96,40;0;2,20;4;99,60;-0,80;-1,70;
2026-08-05 04:08:00.0;OFF;ON;50;-2,70;-4;-0,60;5,90;95,90;0;2,10;4;100;-0,80;-1,70;
2026-08-05 04:09:00.0;OFF;ON;50;-2,80;-4;-0,60;5,90;95,40;0;2,20;4;99,60;-0,90;-1,80;
2026-08-05 04:10:00.0;OFF;ON;50;-2,80;-4;-0,70;5,80;95;0;2,10;4;100;-0,90;-1,80;
2026-08-05 04:11:00.0;OFF;ON;50;-2,90;-4;-0,70;5,80;94,90;0;2,20;4;99,70;-1;-1,90;
2026-08-05 04:12:00.0;OFF;ON;50;-3;-4;-0,80;5,80;94,70;0;2,20;4;99,90;-1;-2;
2026-08-05 04:13:00.0;OFF;ON;50;-3;-4;-0,80;5,80;94,60;0;2,20;4;100;-1,10;-2;
2026-08-05 04:14:00.0;OFF;ON;50;-3,20;-4;-0,90;5,80;94,40;0;2,30;4;99,60;-1,10;-2,10;
2026-08-05 04:15:00.0;OFF;ON;50;-3,30;-4;-0,90;5,80;94,30;0;2,30;4;99,60;-1,10;-2,10;
2026-08-05 04:16:00.0;OFF;ON;50;-3,20;-4;-0,90;5,70;94,10;0;2,30;4;100;-1,20;-2,20;
2026-08-05 04:17:00.0;OFF;ON;50;-3,40;-4;-1;5,70;94,80;0;2,40;4;99,60;-1,20;-2,20;
2026-08-05 04:18:00.0;OFF;ON;50;-3,30;-4;-0,90;5,70;95,80;0;2,40;4;100;-1,20;-2,30;
2026-08-05 04:19:00.0;OFF;ON;50;-3,40;-4;-0,90;5,70;95,10;0;2,50;4;99,60;-1,30;-2,30;
2026-08-05 04:20:00.0;OFF;ON;50;-3,50;-4;-1;5,70;94,60;0;2,50;4;99,70;-1,30;-2,30;
2026-08-05 04:21:00.0;OFF;ON;50;-3,50;-4;-1;5,60;94,10;0;2,50;4;99,60;-1,40;-2,40;
2026-08-05 04:22:00.0;OFF;ON;50;-3,50;-4;-1,10;5,60;94;0;2,50;4;100;-1,40;-2,40;
2026-08-05 04:23:00.0;OFF;ON;50;-3,60;-4;-1,10;5,60;94;0;2,50;4;99,50;-1,40;-2,50;
2026-08-05 04:24:00.0;OFF;ON;50;-3,60;-4;-1,10;5,60;94;0;2,50;4;100;-1,50;-2,50;
2026-08-05 04:25:00.0;OFF;ON;50;-3,70;-4;-1,20;5,60;93,90;0;2,60;4;99,70;-1,50;-2,60;
2026-08-05 04:26:00.0;OFF;ON;50;-3,80;-4;-1,20;5,60;93,80;0;2,60;4;99,60;-1,50;-2,60;
2026-08-05 04:27:00.0;OFF;ON;50;-3,80;-4;-1,20;5,50;93,90;0;2,60;4;99,60;-1,60;-2,70;
2026-08-05 04:28:00.0;OFF;ON;50;-3,70;-4;-1,20;5,50;93,90;0;2,50;4;100;-1,60;-2,70;
2026-08-05 04:29:00.0;OFF;ON;50;-3,80;-4;-1,30;5,50;93,90;0;2,60;4;99,60;-1,60;-2,70;
2026-08-05 04:30:00.0;OFF;ON;50;-3,70;-4;-1,30;5,50;94;0;2,40;4;100;-1,60;-2,70;
2026-08-05 04:31:00.0;OFF;ON;50;-3,80;-4;-1,30;5,50;94,10;0;2,50;4;100;-1,70;-2,70;
2026-08-05 04:32:00.0;OFF;ON;50;-3,70;-4;-1,30;5,50;94,10;0;2,40;4;100;-1,70;-2,80;
2026-08-05 04:33:00.0;OFF;ON;50;-3,80;-4;-1,30;5,40;94,10;0;2,40;4;100;-1,70;-2,80;
2026-08-05 04:34:00.0;OFF;ON;50;-3,80;-4;-1,40;5,40;94,10;0;2,50;4;99,60;-1,70;-2,80;
2026-08-05 04:35:00.0;OFF;ON;50;-3,70;-4;-1,30;5,40;95,60;0;2,50;4;100;-1,70;-2,80;
2026-08-05 04:36:00.0;OFF;ON;50;-3,70;-4;-1,20;5,40;96,60;0;2,50;4;99,60;-1,70;-2,70;
2026-08-05 04:37:00.0;OFF;ON;50;-3,50;-4;-1,10;5,40;96,90;0;2,40;4;99,90;-1,70;-2,70;
2026-08-05 04:38:00.0;OFF;ON;50;-3,50;-4;-1,20;5,40;97,30;0;2,40;4;99,70;-1,70;-2,60;
2026-08-05 04:39:00.0;OFF;ON;50;-3,50;-4;-1,20;5,30;97,40;0;2,30;4;99,60;-1,70;-2,60;
2026-08-05 04:40:00.0;OFF;ON;50;-3,40;-4;-1,20;5,30;97,40;0;2,30;4;99,70;-1,60;-2,50;
2026-08-05 04:41:00.0;OFF;ON;50;-3,30;-4;-1,10;5,30;97,50;0;2,20;4;100;-1,60;-2,50;
2026-08-05 04:42:00.0;OFF;ON;50;-3,40;-4;-1;5,30;97,70;0;2,30;4;99,70;-1,60;-2,50;
2026-08-05 04:43:00.0;OFF;ON;50;-3,40;-4;-1;5,30;97,60;0;2,30;4;99,60;-1,60;-2,50;
2026-08-05 04:44:00.0;OFF;ON;50;-3,30;-4;-1;5,30;97,60;0;2,20;4;99,70;-1,60;-2,40;
2026-08-05 04:45:00.0;OFF;ON;50;-3,20;-4;-1;5,20;97,60;0;2,20;4;100;-1,60;-2,40;
2026-08-05 04:46:00.0;OFF;ON;50;-3,20;-4;-1,10;5,20;96,80;0;2,10;4;100;-1,60;-2,40;
2026-08-05 04:47:00.0;OFF;ON;50;-3,20;-4;-1,10;5,20;96,20;0;2,10;4;100;-1,60;-2,40;
2026-08-05 04:48:00.0;OFF;ON;50;-3,30;-4;-1,20;5,20;95,30;0;2,10;4;100;-1,60;-2,40;
2026-08-05 04:49:00.0;OFF;ON;50;-3,40;-4;-1,30;5,10;94,80;0;2,10;4;99,70;-1,60;-2,50;
2026-08-05 04:50:00.0;OFF;ON;50;-3,50;-4;-1,40;5,10;94,50;0;2,10;4;99,60;-1,70;-2,50;
2026-08-05 04:51:00.0;OFF;ON;50;-3,40;-4;-1,40;5,10;93,90;0;2;4;100;-1,70;-2,50;
2026-08-05 04:52:00.0;OFF;ON;50;-3,60;-4;-1,50;5,10;93,90;0;2,10;4;99,50;-1,70;-2,60;
2026-08-05 04:53:00.0;OFF;ON;50;-3,50;-4;-1,50;5,10;93,60;0;2;4;100;-1,80;-2,60;
2026-08-05 04:54:00.0;OFF;ON;50;-3,50;-4;-1,50;4,30;93,60;0;2;4;100;-1,80;-2,60;
2026-08-05 04:55:00.0;OFF;ON;50;-3,50;-0,60;-1,40;-1,10;96;0;2,10;4;84,30;-1,80;-2,70;
2026-08-05 04:56:00.0;OFF;ON;50;-3,60;0,60;-1,40;-2,60;96,50;0;2,20;4;74,30;-1,80;-2,60;
2026-08-05 04:57:00.0;OFF;ON;50;-3,60;0,50;-1,50;-3,60;95,80;0;2,10;4;69,50;-1,80;-2,60;
2026-08-05 04:58:00.0;OFF;ON;50;-3,70;0,50;-1,50;-4;95,20;0;2,20;4;65,50;-1,80;-2,60;
2026-08-05 04:59:00.0;OFF;ON;50;-3,40;0,80;-1,40;-4,40;94,80;0;2;3,80;60;-1,50;-2,50;
2026-08-05 05:00:00.0;OFF;ON;50;-3;0,80;-1,40;-4,60;94,60;0;1,70;3,80;56,60;-1,40;-2,30;
2026-08-05 05:01:00.0;OFF;ON;50;-2,80;1;-1,20;-4,60;96;0;1,50;3,80;51,90;-1,40;-2,10;
2026-08-05 05:02:00.0;OFF;ON;50;-2,60;1,10;-1,10;-4,50;97;0;1,40;3,80;50;-1,40;-2;
2026-08-05 05:03:00.0;OFF;ON;50;-2,20;1,20;-1;-4,40;97,80;0;1,20;3,80;50;-1,30;-1,80;
2026-08-05 05:04:00.0;OFF;ON;50;-2,10;1,20;-1;-4,30;97,80;0;1,20;3,80;50;-1,20;-1,60;
2026-08-05 05:05:00.0;OFF;ON;50;-1,90;1,30;-0,90;-4,30;97,70;0;0,90;3,80;50;-1,10;-1,50;
2026-08-05 05:06:00.0;OFF;ON;50;-1,80;1,30;-0,90;-4,30;97,40;0;0,90;3,80;50;-1,10;-1,40;
2026-08-05 05:07:00.0;OFF;ON;50;-1,90;1,30;-0,90;-4,20;97,30;0;1;3,80;50;-1;-1,40;
2026-08-05 05:08:00.0;OFF;ON;50;-1,70;1,40;-0,80;-4,20;97,20;0;0,90;3,80;50;-1;-1,30;
2026-08-05 05:09:00.0;OFF;ON;50;-1,70;1,20;-0,80;-4,20;97,20;0;0,90;4;50;-1;-1,30;
2026-08-05 05:10:00.0;OFF;ON;50;-1,60;1,20;-0,80;-4,10;97,10;0;0,80;4;50;-0,90;-1,20;
2026-08-05 05:11:00.0;OFF;ON;50;-1,50;1,30;-0,70;-4,10;97,10;0;0,80;4;50;-0,90;-1,10;
2026-08-05 05:12:00.0;OFF;ON;50;-1,50;1,30;-0,70;-4;97,10;0;0,80;4;50;-0,90;-1,10;
2026-08-05 05:13:00.0;OFF;ON;50;-1,50;1,30;-0,70;-4;97,20;0;0,90;4;50;-0,80;-1,10;
2026-08-05 05:14:00.0;OFF;ON;50;-1,40;1,40;-0,60;-4;97,20;0;0,80;4;50;-0,80;-1;
2026-08-05 05:15:00.0;OFF;ON;50;-1,40;1,40;-0,60;-4;97,20;0;0,80;4;50;-0,80;-1;
2026-08-05 05:16:00.0;OFF;ON;50;-1,40;1,40;-0,60;-3,90;97,20;0;0,80;4;50;-0,70;-1;
2026-08-05 05:17:00.0;OFF;ON;50;-1,20;1,40;-0,60;-3,90;97,30;0;0,70;4;50;-0,70;-0,90;
2026-08-05 05:18:00.0;OFF;ON;50;-1,10;1,50;-0,50;-3,80;97,40;0;0,60;4;50;-0,70;-0,90;
2026-08-05 05:19:00.0;OFF;ON;50;-1,10;1,50;-0,50;-3,80;97,40;0;0,60;4;50;-0,70;-0,80;
2026-08-05 05:20:00.0;OFF;ON;50;-1,10;1,50;-0,50;-3,80;97,50;0;0,60;4;50;-0,60;-0,70;
2026-08-05 05:21:00.0;OFF;ON;50;-1,10;1,50;-0,50;-3,70;97,60;0;0,60;4;50;-0,60;-0,70;
2026-08-05 05:22:00.0;OFF;ON;50;-1;1,60;-0,40;-3,70;97,70;0;0,60;4;50;-0,60;-0,70;
2026-08-05 05:23:00.0;OFF;ON;50;-1,10;1,60;-0,40;-3,70;97,80;0;0,70;4;50;-0,60;-0,60;
2026-08-05 05:24:00.0;OFF;ON;50;-1,10;1,60;-0,40;-3,60;97,80;0;0,80;4;50;-0,50;-0,60;
2026-08-05 05:25:00.0;OFF;ON;50;-1,10;1,60;-0,40;-3,60;97,80;0;0,70;4;50;-0,50;-0,70;
2026-08-05 05:26:00.0;OFF;ON;50;-1;1,60;-0,40;-3,60;97,80;0;0,70;4;50;-0,50;-0,70;
2026-08-05 05:27:00.0;OFF;ON;50;-1;1,60;-0,40;-3,60;97,70;0;0,60;4;50;-0,50;-0,70;
2026-08-05 05:28:00.0;OFF;ON;50;-1;1,60;-0,40;-3,60;97,70;0;0,60;4;50;-0,50;-0,70;
2026-08-05 05:29:00.0;OFF;ON;50;-1;1,60;-0,40;-3,60;97,70;0;0,60;4;50;-0,50;-0,70;
2026-08-05 05:30:00.0;OFF;ON;50;-1,10;1,60;-0,40;-3,60;97,70;0;0,70;4;50;-0,50;-0,60;
2026-08-05 05:31:00.0;OFF;ON;50;-1,10;1,60;-0,40;-3,60;97,70;0;0,70;4;50;-0,50;-0,60;
2026-08-05 05:32:00.0;OFF;ON;50;-0,90;1,60;-0,40;-3,50;97,60;0;0,60;4;50;-0,50;-0,60;
2026-08-05 05:33:00.0;OFF;ON;50;-1;1,60;-0,40;-3,50;97,60;0;0,60;4;50;-0,50;-0,60;
2026-08-05 05:34:00.0;OFF;ON;50;-0,90;1,70;-0,30;-3,50;97,70;0;0,60;4;50;-0,50;-0,60;
2026-08-05 05:35:00.0;OFF;ON;50;-0,80;1,60;-0,40;-3,50;97,60;0;0,50;4;50;-0,50;-0,60;
2026-08-05 05:36:00.0;OFF;ON;50;-0,70;1,70;-0,30;-3,50;97,60;0;0,40;4;50;-0,40;-0,50;
2026-08-05 05:37:00.0;OFF;ON;50;-0,70;1,70;-0,30;-3,50;97,80;0;0,40;4;50;-0,40;-0,40;
2026-08-05 05:38:00.0;OFF;ON;50;-0,60;1,70;-0,30;-3,40;97,80;0;0,30;4;50;-0,40;-0,40;
2026-08-05 05:39:00.0;OFF;ON;50;-0,60;1,70;-0,30;-3,40;97,90;0;0,40;4;50;-0,40;-0,40;
2026-08-05 05:40:00.0;OFF;ON;50;-0,60;1,80;-0,20;-3,40;98;0;0,40;4;50;-0,30;-0,40;
2026-08-05 05:41:00.0;OFF;ON;50;-0,80;1,80;-0,20;-3,30;98;0;0,60;4;50;-0,30;-0,40;
2026-08-05 05:42:00.0;OFF;ON;50;-0,90;1,80;-0,20;-3,30;98;0;0,60;4;50;-0,30;-0,40;
2026-08-05 05:43:00.0;OFF;ON;50;-0,80;1,80;-0,20;-3,30;97,90;0;0,50;4;50;-0,30;-0,50;
2026-08-05 05:44:00.0;OFF;ON;50;-0,80;1,80;-0,20;-3,30;97,90;0;0,60;4;50;-0,30;-0,50;
2026-08-05 05:45:00.0;OFF;ON;50;-0,90;1,80;-0,20;-3,20;98,10;0;0,70;4;50;-0,30;-0,50;
2026-08-05 05:46:00.0;OFF;ON;50;-0,70;1,90;-0,10;-3,20;98,30;0;0,60;4;50;-0,30;-0,40;
2026-08-05 05:47:00.0;OFF;ON;50;-0,70;1,90;-0,10;-3,10;98,30;0;0,60;4;50;-0,30;-0,40;
2026-08-05 05:48:00.0;OFF;ON;50;-0,80;1,90;-0,10;-3,10;98,30;0;0,70;4;50;-0,30;-0,40;
2026-08-05 05:49:00.0;OFF;ON;50;-0,80;1,90;-0,10;-3;98,30;0;0,70;4;50;-0,30;-0,40;
2026-08-05 05:50:00.0;OFF;ON;50;-0,70;1,90;-0,10;-3;98,30;0;0,60;4;50;-0,30;-0,40;
2026-08-05 05:51:00.0;OFF;ON;50;-0,80;2;0;-3;98,30;0;0,70;4;50;-0,30;-0,40;
2026-08-05 05:52:00.0;OFF;ON;50;-0,70;2;0;-2,90;98,30;0;0,70;4;50;-0,20;-0,30;
2026-08-05 05:53:00.0;OFF;ON;50;-0,70;2;0;-2,90;98,30;0;0,70;4;50;-0,20;-0,30;
2026-08-05 05:54:00.0;OFF;ON;50;-0,60;2;0;-2,90;98,30;0;0,60;4;50;-0,20;-0,30;
2026-08-05 05:55:00.0;OFF;ON;50;-0,70;2;0;-2,90;98,40;0;0,70;4;50;-0,20;-0,30;
2026-08-05 05:56:00.0;OFF;ON;50;-0,60;2;0;-2,90;98,30;0;0,60;4;50;-0,20;-0,30;
2026-08-05 05:57:00.0;OFF;ON;50;-0,60;2;0;-2,90;98,40;0;0,60;4;50;-0,20;-0,30;
2026-08-05 05:58:00.0;OFF;ON;50;-0,50;2;0;-2,90;98,30;0;0,50;4;50;-0,20;-0,30;
2026-08-05 05:59:00.0;OFF;ON;50;-0,70;2;0;-2,80;98,30;0;0,70;4;50;-0,20;-0,30;
2026-08-05 06:00:00.0;OFF;ON;50;-0,60;2;0;-2,80;98,30;0;0,70;4;50;-0,20;-0,20;
2026-08-05 06:01:00.0;OFF;ON;50;-0,60;2;0;-2,90;98,30;0;0,60;4;50;-0,20;-0,20;
2026-08-05 06:02:00.0;OFF;ON;50;-0,60;2;0;-2,90;98,30;0;0,60;4;50;-0,20;-0,20;
2026-08-05 06:03:00.0;OFF;ON;50;-0,60;2;0;-2,90;98,30;0;0,60;4;50;-0,20;-0,30;
2026-08-05 06:04:00.0;OFF;ON;50;-0,60;2;0;-2,90;98,30;0;0,70;4;50;-0,20;-0,30;
2026-08-05 06:05:00.0;OFF;ON;50;-0,70;2;0;-2,90;98,30;0;0,70;4;50;-0,20;-0,30;
2026-08-05 06:06:00.0;OFF;ON;50;-0,60;2;0;-2,90;98,30;0;0,60;4;50;-0,20;-0,30;
2026-08-05 06:07:00.0;OFF;ON;50;-0,70;2;0;-2,90;98,30;0;0,70;4;50;-0,20;-0,30;
2026-08-05 06:08:00.0;OFF;ON;50;-0,60;2;0;-2,90;98,30;0;0,60;4;50;-0,20;-0,30;
2026-08-05 06:09:00.0;OFF;ON;50;-0,60;2;0;-2,90;98,30;0;0,60;4;50;-0,20;-0,20;
2026-08-05 06:10:00.0;OFF;ON;50;-0,50;2;0;-2,90;98,30;0;0,50;4;50;-0,20;-0,20;
2026-08-05 06:11:00.0;OFF;ON;50;-0,70;2;0;-2,90;98,30;0;0,60;4;50;-0,20;-0,30;
2026-08-05 06:12:00.0;OFF;ON;50;-0,60;1,90;-0,10;-3;98,30;0;0,50;4;50;-0,20;-0,30;
2026-08-05 06:13:00.0;OFF;ON;50;-0,60;1,90;-0,10;-3;98,30;0;0,70;4;50;-0,20;-0,30;
2026-08-05 06:14:00.0;OFF;ON;50;-0,80;1,90;-0,10;-3;98,30;0;0,60;4;50;-0,20;-0,30;
2026-08-05 06:15:00.0;OFF;ON;50;-0,70;1,90;-0,10;-3;98,30;0;0,50;4;50;-0,20;-0,30;
2026-08-05 06:16:00.0;OFF;ON;50;-0,80;1,90;-0,10;-3,10;98,10;0;0,60;4;50;-0,20;-0,30;
2026-08-05 06:17:00.0;OFF;ON;50;-0,80;1,90;-0,10;-3,10;98,10;0;0,60;4;50;-0,20;-0,40;
2026-08-05 06:18:00.0;OFF;ON;50;-0,70;1,90;-0,10;-3,10;98;0;0,70;4;50;-0,20;-0,40;
2026-08-05 06:19:00.0;OFF;ON;50;-0,80;1,90;-0,10;-3,10;98;0;0,60;4;50;-0,20;-0,40;
2026-08-05 06:20:00.0;OFF;ON;50;-0,80;1,90;-0,10;-3,20;98;0;0,60;4;50;-0,20;-0,40;
2026-08-05 06:21:00.0;OFF;ON;50;-0,70;1,80;-0,20;-3,20;98;0;0,70;4;50;-0,30;-0,40;
2026-08-05 06:22:00.0;OFF;ON;50;-0,70;1,80;-0,20;-3,20;97,90;0;0,70;4;50;-0,30;-0,40;
2026-08-05 06:23:00.0;OFF;ON;50;-0,80;1,80;-0,20;-3,20;97,90;0;0,60;4;50;-0,30;-0,40;
2026-08-05 06:24:00.0;OFF;ON;50;-0,80;1,80;-0,20;-3,20;97,90;0;0,60;4;50;-0,30;-0,40;
2026-08-05 06:25:00.0;OFF;ON;50;-0,80;1,80;-0,20;-3,20;97,80;0;0,70;4;50;-0,30;-0,40;
2026-08-05 06:26:00.0;OFF;ON;50;-0,80;1,80;-0,20;-3,20;97,80;0;0,60;4;50;-0,30;-0,40;
2026-08-05 06:27:00.0;OFF;ON;50;-0,90;1,80;-0,20;-3,20;97,70;0;0,60;4;50;-0,30;-0,40;
2026-08-05 06:28:00.0;OFF;ON;50;-0,80;1,80;-0,20;-3,20;97,70;0;0,70;4;50;-0,30;-0,40;
2026-08-05 06:29:00.0;OFF;ON;50;-0,80;1,80;-0,20;-3,20;97,70;0;0,70;4;50;-0,30;-0,40;
2026-08-05 06:30:00.0;OFF;ON;50;-0,90;1,80;-0,20;-3,20;97,70;0;0,60;4;50;-0,30;-0,40;
2026-08-05 06:31:00.0;OFF;ON;50;-0,90;1,80;-0,20;-3,20;97,80;0;0,70;4;50;-0,30;-0,40;
2026-08-05 06:32:00.0;OFF;ON;50;-0,70;1,90;-0,10;-3,20;98,10;0;0,70;4;50;-0,30;-0,40;
2026-08-05 06:33:00.0;OFF;ON;50;-0,80;1,90;-0,10;-3,10;98,30;0;0,60;4;50;-0,30;-0,40;
2026-08-05 06:34:00.0;OFF;ON;50;-0,70;2;0;-3;98,30;0;0,70;4;50;-0,30;-0,40;
2026-08-05 06:35:00.0;OFF;ON;50;-0,70;1,90;-0,10;-3;98,30;0;0,60;4;50;-0,20;-0,30;
2026-08-05 06:36:00.0;OFF;ON;50;-0,60;2;0;-3;98,30;0;0,60;4;50;-0,20;-0,30;
2026-08-05 06:37:00.0;OFF;ON;50;-0,70;1,90;-0,10;-3;98,30;0;0,60;4;50;-0,20;-0,30;
2026-08-05 06:38:00.0;OFF;ON;50;-0,80;1,90;-0,10;-3;98,30;0;0,70;4;50;-0,20;-0,30;
2026-08-05 06:39:00.0;OFF;ON;50;-0,70;1,90;0;-3;98,30;0;0,70;4;50;-0,20;-0,30;
2026-08-05 06:40:00.0;OFF;ON;50;-0,60;2;0;-3;98,30;0;0,60;4;50;-0,20;-0,30;
2026-08-05 06:41:00.0;OFF;ON;50;-0,70;2;0;-3;98,30;0;0,70;4;50;-0,20;-0,30;
2026-08-05 06:42:00.0;OFF;ON;50;-0,60;2;0;-2,90;98,30;0;0,60;4;50;-0,20;-0,30;
2026-08-05 06:43:00.0;OFF;ON;50;-0,60;2;0;-2,90;98,30;0;0,70;4;50;-0,20;-0,30;
2026-08-05 06:44:00.0;OFF;ON;50;-0,60;2;0,10;-2,90;98,30;0;0,60;4;50;-0,20;-0,30;
2026-08-05 06:45:00.0;OFF;ON;50;-0,60;2,10;0;-2,90;98,40;0;0,60;4;50;-0,20;-0,20;
2026-08-05 06:46:00.0;OFF;ON;50;-0,50;2;0;-2,90;98,40;0;0,50;4;50;-0,20;-0,20;
2026-08-05 06:47:00.0;OFF;ON;50;-0,70;2;0;-3;98,40;0;0,60;4;50;-0,20;-0,30;
2026-08-05 06:48:00.0;OFF;ON;50;-0,60;1,90;-0,10;-3;98,30;0;0,50;4;50;-0,20;-0,30;
2026-08-05 06:49:00.0;OFF;ON;50;-0,70;1,90;-0,10;-3;98,20;0;0,60;4;50;-0,20;-0,30;
2026-08-05 06:50:00.0;OFF;ON;50;-0,70;1,90;-0,10;-3,10;98,20;0;0,60;4;50;-0,20;-0,30;
2026-08-05 06:51:00.0;OFF;ON;50;-0,80;1,90;-0,10;-3,10;98;0;0,70;4;50;-0,20;-0,40;
2026-08-05 06:52:00.0;OFF;ON;50;-0,70;1,90;-0,10;-3,10;97,90;0;0,60;4;50;-0,30;-0,40;
2026-08-05 06:53:00.0;OFF;ON;50;-0,80;1,90;-0,20;-3,20;97,80;0;0,70;4;50;-0,30;-0,40;
2026-08-05 06:54:00.0;OFF;ON;50;-0,90;1,80;-0,20;-3,20;97,80;0;0,70;4;50;-0,30;-0,40;
2026-08-05 06:55:00.0;OFF;ON;50;-0,90;1,80;-0,20;-3,20;97,60;0;0,70;4;50;-0,30;-0,40;
2026-08-05 06:56:00.0;OFF;ON;50;-0,80;1,80;-0,20;-3,30;97,50;0;0,60;4;50;-0,30;-0,50;
2026-08-05 06:57:00.0;OFF;ON;50;-0,90;1,80;-0,20;-3,30;97,40;0;0,70;4;50;-0,30;-0,50;
2026-08-05 06:58:00.0;OFF;ON;50;-0,90;1,80;-0,20;-3,30;97,40;0;0,70;4;50;-0,30;-0,50;
2026-08-05 06:59:00.0;OFF;ON;50;-0,90;1,80;-0,20;-3,30;97,40;0;0,70;4;50;-0,30;-0,50;
2026-08-05 07:00:00.0;OFF;ON;50;-0,80;1,80;-0,20;-3,30;97,30;0;0,60;4;50;-0,30;-0,50;
2026-08-05 07:01:00.0;OFF;ON;50;-0,90;1,80;-0,30;-3,40;97,30;0;0,60;4;50;-0,30;-0,50;
2026-08-05 07:02:00.0;OFF;ON;50;-1;1,80;-0,30;-3,30;97,20;0;0,80;4;50;-0,30;-0,50;
2026-08-05 07:03:00.0;OFF;ON;50;-0,90;1,70;-0,30;-3,40;97,20;0;0,60;4;50;-0,40;-0,50;
2026-08-05 07:04:00.0;OFF;ON;50;-1;1,70;-0,30;-3,40;97,20;0;0,70;4;50;-0,40;-0,50;
2026-08-05 07:05:00.0;OFF;ON;50;-1;1,70;-0,30;-3,40;97,20;0;0,70;4;50;-0,40;-0,50;
2026-08-05 07:06:00.0;OFF;ON;50;-0,90;1,70;-0,30;-3,40;97,20;0;0,60;4;50;-0,40;-0,60;
2026-08-05 07:07:00.0;OFF;ON;50;-1;1,70;-0,30;-3,40;97,20;0;0,70;4;50;-0,40;-0,60;
2026-08-05 07:08:00.0;OFF;ON;50;-1;1,70;-0,30;-3,40;97,20;0;0,80;4;50;-0,40;-0,60;
2026-08-05 07:09:00.0;OFF;ON;50;-1;1,70;-0,30;-3,40;97,10;0;0,70;4;50;-0,40;-0,60;
2026-08-05 07:10:00.0;OFF;ON;50;-0,90;1,70;-0,30;-3,40;97,10;0;0,70;4;50;-0,40;-0,60;
2026-08-05 07:11:00.0;OFF;ON;50;-1,10;1,70;-0,30;-3,40;97,10;0;0,70;4;50;-0,40;-0,60;
2026-08-05 07:12:00.0;OFF;ON;50;-1;1,70;-0,30;-3,40;97;0;0,70;4;50;-0,40;-0,60;
2026-08-05 07:13:00.0;OFF;ON;50;-1,10;1,70;-0,30;-3,40;97;0;0,70;4;50;-0,40;-0,60;
2026-08-05 07:14:00.0;OFF;ON;50;-1;1,70;-0,30;-3,40;97;0;0,70;4;50;-0,40;-0,60;
2026-08-05 07:15:00.0;OFF;ON;50;-1,10;1,70;-0,30;-3,50;96,90;0;0,70;4;50;-0,50;-0,60;
2026-08-05 07:16:00.0;OFF;ON;50;-1;1,70;-0,30;-3,40;97,20;0;0,70;4;50;-0,50;-0,60;
2026-08-05 07:17:00.0;OFF;ON;50;-0,90;1,80;-0,20;-3,30;98;0;0,70;4;50;-0,50;-0,60;
2026-08-05 07:18:00.0;OFF;ON;50;-0,90;1,80;-0,20;-3,30;98,30;0;0,80;4;50;-0,50;-0,60;
2026-08-05 07:19:00.0;OFF;ON;50;-0,90;1,80;-0,10;-3,20;98,30;0;0,70;4;50;-0,40;-0,60;
2026-08-05 07:20:00.0;OFF;ON;50;-0,80;1,90;-0,10;-3,20;98,30;0;0,70;4;50;-0,40;-0,50;
2026-08-05 07:21:00.0;OFF;ON;50;-0,80;1,90;-0,10;-3,10;98,30;0;0,70;4;50;-0,40;-0,50;
2026-08-05 07:22:00.0;OFF;ON;50;-0,80;1,90;-0,10;-3,10;98,30;0;0,70;4;50;-0,40;-0,50;
2026-08-05 07:23:00.0;OFF;ON;50;-0,70;1,90;-0,10;-3;98,30;0;0,70;4;50;-0,40;-0,40;
2026-08-05 07:24:00.0;OFF;ON;50;-0,60;1,90;0;-3;98,30;0;0,60;4;50;-0,30;-0,40;
2026-08-05 07:25:00.0;OFF;ON;50;-0,60;2;0;-3;98,40;0;0,60;4;50;-0,30;-0,40;
2026-08-05 07:26:00.0;OFF;ON;50;-0,60;2;0;-2,90;98,40;0;0,60;4;50;-0,30;-0,40;
2026-08-05 07:27:00.0;OFF;ON;50;-0,70;2;0;-2,90;98,40;0;0,70;4;50;-0,30;-0,30;
2026-08-05 07:28:00.0;OFF;ON;50;-0,60;2;0;-2,90;98,40;0;0,60;4;50;-0,30;-0,30;
2026-08-05 07:29:00.0;OFF;ON;50;-0,60;2;0;-3;98,40;0;0,60;4;50;-0,30;-0,30;
2026-08-05 07:30:00.0;OFF;ON;50;-0,70;2;0;-3;98,40;0;0,60;4;50;-0,30;-0,30;
2026-08-05 07:31:00.0;OFF;ON;50;-0,70;2;0,10;-2,90;98,40;0;0,70;4;50;-0,30;-0,30;
2026-08-05 07:32:00.0;OFF;ON;50;-0,70;2,10;0,20;-2,70;98,40;0;0,80;4;50;-0,20;-0,30;
2026-08-05 07:33:00.0;OFF;ON;50;-0,50;2,30;0,40;-2,20;98,40;0;0,90;4;50;0,40;-0,10;
2026-08-05 07:34:00.0;OFF;ON;50;-0,50;2,30;0,20;-2,40;98,40;0;0,80;4;50;0,10;-0,10;
2026-08-05 07:35:00.0;ON;OFF;50;-0,40;-1,80;0,20;-2,50;98,40;0;0,60;2;56,10;0;-0,10;
2026-08-05 07:36:00.0;ON;OFF;50;-0,40;-1,80;0,20;-2,50;98,40;0;0,70;2;57,70;0;-0,10;
2026-08-05 07:37:00.0;ON;OFF;50;-0,30;-1,80;0,30;-2,50;98,40;0;0,60;2;59,70;0;-0,10;
2026-08-05 07:38:00.0;ON;OFF;50;-0,30;-1,70;0,30;-2,50;98,40;0;0,60;2;61,10;0;0;
2026-08-05 07:39:00.0;ON;OFF;50;-0,40;-1,70;0,30;-2,50;98,40;0;0,60;2;62,60;0;0;
2026-08-05 07:40:00.0;ON;OFF;50;-0,40;-1,70;0,30;-2,50;98,40;0;0,70;2;63,10;0;-0,10;
2026-08-05 07:41:00.0;ON;OFF;50;-0,50;-1,70;0,30;-2,50;98,40;0;0,80;2;64,90;0;-0,10;
2026-08-05 07:42:00.0;ON;OFF;50;-0,70;-1,70;0,30;-2,50;98,40;0;1;2;65,80;0;-0,10;
2026-08-05 07:43:00.0;ON;OFF;50;-0,70;-1,70;0,20;-2,60;98,40;0;0,90;2;67;0;-0,10;
2026-08-05 07:44:00.0;ON;OFF;50;-0,80;-1,80;0,20;-2,70;98,40;0;1;2;67,90;0;-0,20;
2026-08-05 07:45:00.0;ON;OFF;50;-0,90;-1,90;0,10;-2,80;98,40;0;1;2;69,50;0;-0,20;
2026-08-05 07:46:00.0;ON;OFF;50;-1;-2;0;-2,90;98,40;0;1;2;70,90;-0,10;-0,30;
2026-08-05 07:47:00.0;ON;OFF;50;-1,10;-2;0;-3;98,40;0;1,10;2;71,40;-0,10;-0,30;
2026-08-05 07:48:00.0;ON;OFF;50;-1,10;-2;0;-3;98,40;0;1,10;2;72,80;-0,10;-0,40;
2026-08-05 07:49:00.0;ON;OFF;50;-1,30;-2;-0,10;-3,10;98,40;0;1,20;2;73,20;-0,10;-0,40;
2026-08-05 07:50:00.0;ON;OFF;50;-1,40;-2,10;-0,10;-3,20;98,20;0;1,30;2;73,70;-0,20;-0,50;
2026-08-05 07:51:00.0;ON;OFF;50;-1,40;-2,20;-0,20;-3,30;98,10;0;1,20;2;75,10;-0,20;-0,60;
2026-08-05 07:52:00.0;ON;OFF;50;-1,40;-2,20;-0,20;-3,40;98;0;1,30;2;75,40;-0,20;-0,60;
2026-08-05 07:53:00.0;ON;OFF;50;-1,60;-2,20;-0,20;-3,40;97,90;0;1,40;2;76,20;-0,30;-0,70;
2026-08-05 07:54:00.0;ON;OFF;50;-1,70;-2,30;-0,30;-3,50;97,80;0;1,50;2;76,90;-0,30;-0,80;
2026-08-05 07:55:00.0;ON;OFF;50;-1,70;-2,30;-0,30;-3,50;97,60;0;1,40;2;77,40;-0,40;-0,80;
2026-08-05 07:56:00.0;ON;OFF;50;-1,20;-2,30;-0,30;-3,60;97,40;0;0,90;2;78,70;-0,40;-0,90;
2026-08-05 07:57:00.0;ON;OFF;50;-0,60;-2,30;-0,30;-3,60;97,40;0;0,30;2;82,90;-0,40;-0,70;
2026-08-05 07:58:00.0;ON;OFF;50;-0,40;-2,30;-0,30;-3,60;97,70;0;0,10;2;86,60;-0,40;-0,40;
2026-08-05 07:59:00.0;ON;OFF;50;0;-2,20;-0,10;-3,40;98;0;-0,10;2;89,70;-0,20;-0,10;
2026-08-05 08:00:00.0;ON;OFF;50;0,20;-2,10;0;-3,20;98,20;0;-0,20;2;92,20;-0,10;0;
2026-08-05 08:01:00.0;ON;OFF;50;0,30;-2;0,10;-3,10;98,30;0;-0,20;2;95,70;0,10;0,20;
2026-08-05 08:02:00.0;ON;OFF;50;0,50;-1,90;0,20;-3;98,40;0;-0,30;2;98;0,20;0,30;
2026-08-05 08:03:00.0;ON;OFF;50;0,60;-1,80;0,20;-2,90;98,40;0;-0,40;2;100;0,20;0,30;
2026-08-05 08:04:00.0;ON;OFF;50;0,70;-1,80;0,20;-2,80;98,40;0;-0,40;2;100;0,30;0,30;
2026-08-05 08:05:00.0;ON;OFF;50;0,70;-1,80;0,20;-2,80;98,40;0;-0,40;2;100;0,30;0,30;
2026-08-05 08:06:00.0;ON;OFF;50;0,70;-1,70;0,30;-2,80;98,40;0;-0,40;2;100;0,30;0,30;
2026-08-05 08:07:00.0;ON;OFF;50;0,70;-1,70;0,30;-2,80;98,40;0;-0,40;2;99,60;0,30;0,30;
2026-08-05 08:08:00.0;ON;OFF;50;0,80;-1,70;0,30;-2,70;98,40;0;-0,50;2;99,80;0,40;0,30;
2026-08-05 08:09:00.0;ON;OFF;50;0,80;-1,70;0,30;-2,70;98,40;0;-0,50;2;99,60;0,40;0,30;
2026-08-05 08:10:00.0;ON;OFF;50;0,90;-1,70;0,30;-2,70;98,40;0;-0,50;2;99,70;0,50;0,30;
2026-08-05 08:11:00.0;ON;OFF;50;0,90;-1,60;0,40;-2,70;98,40;0;-0,50;2;99,60;0,50;0,30;
2026-08-05 08:12:00.0;ON;OFF;50;1;-1,50;0,50;-2,40;98,40;0;-0,50;2;99,60;0,60;0,30;
2026-08-05 08:13:00.0;ON;OFF;50;1;-1,40;0,60;0,10;98,40;0;-0,40;2;99,70;0,60;0,30;
2026-08-05 08:14:00.0;ON;OFF;50;1,20;-1,30;0,90;-1,20;98,40;0;-0,30;2;100;1;0,30;
2026-08-05 08:15:00.0;ON;OFF;50;1,20;-1,10;1;-1,60;98,40;0;-0,20;2;99,70;1,20;0,30;
2026-08-05 08:16:00.0;ON;OFF;50;1,30;-1;1,10;-1,70;98,40;0;-0,30;2;100;1,30;0,40;
2026-08-05 08:17:00.0;ON;OFF;50;1,40;-1;1;-1,70;98,40;0;-0,40;2;100;1,40;0,40;
2026-08-05 08:18:00.0;ON;OFF;50;1,40;-0,90;1,10;-1,20;98,40;0;-0,30;2;99,70;1,10;0,40;
2026-08-05 08:19:00.0;ON;OFF;50;1,60;-0,80;1,20;-1,30;98,40;0;-0,40;2;100;1,10;0,40;
2026-08-05 08:20:00.0;ON;OFF;50;1,50;-0,90;1,10;-1,30;98,40;0;-0,40;2;99,70;1,10;0,40;
2026-08-05 08:21:00.0;ON;OFF;50;1,60;-0,80;1,30;-0,40;98,40;0;-0,30;2;99,60;1,30;0,50;
2026-08-05 08:22:00.0;ON;OFF;50;1,90;-0,40;1,70;0,30;98,40;0;-0,20;2;100;1,90;0,60;
2026-08-05 08:23:00.0;ON;OFF;50;2;-0,30;1,70;-0,40;98,40;0;-0,30;2;100;2;0,60;
2026-08-05 08:24:00.0;ON;OFF;50;2,10;-0,30;1,70;-0,70;98,40;0;-0,50;2;100;1,90;0,70;
2026-08-05 08:25:00.0;ON;OFF;50;2,20;-0,30;1,70;-0,90;98,40;0;-0,50;2;100;1,90;0,80;
2026-08-05 08:26:00.0;ON;OFF;50;2,20;-0,30;1,70;-1,10;98,40;0;-0,50;2;99,60;2,10;1,10;
2026-08-05 08:27:00.0;ON;OFF;50;2,30;-0,30;1,80;-1,10;98,40;0;-0,50;2;99,60;2,10;1,50;
2026-08-05 08:28:00.0;ON;OFF;50;2,50;-0,10;2;40,60;98,40;119,90;-0,50;2;100;2,30;2,20;
2026-08-05 08:29:00.0;ON;OFF;50;2,70;0,10;2,30;42,40;98,40;120,10;-0,40;2;100;2,40;2,60;
2026-08-05 08:30:00.0;ON;OFF;50;2,80;0,40;2,50;43;98,40;120;-0,20;2;100;2,60;2,80;
2026-08-05 08:31:00.0;ON;OFF;50;3;0,70;2,90;43,50;98,40;120;0;2;99,80;2,90;3;
2026-08-05 08:32:00.0;ON;OFF;50;3,30;1,10;3,20;43,80;98,40;120;-0,10;2;100;3,10;3,30;
2026-08-05 08:33:00.0;ON;OFF;50;3,50;1,40;3,60;43,90;98,40;120,10;0;2;100;3,40;3,50;
2026-08-05 08:34:00.0;ON;OFF;50;3,80;1,80;3,90;44;98,40;120;0,10;2;100;3,60;3,70;
2026-08-05 08:35:00.0;ON;OFF;50;4,10;2;4,20;44,10;98,40;120,10;0,10;2;100;3,80;4;
2026-08-05 08:36:00.0;ON;OFF;50;4,20;2,30;4,40;44,20;98,40;120,10;0,10;2;99,70;4;4,20;
2026-08-05 08:37:00.0;ON;OFF;50;4,60;2,50;4,60;44,20;98,40;120;0;2;100;4,30;4,40;
2026-08-05 08:38:00.0;ON;OFF;50;4,70;2,70;4,80;44,30;98,50;120;0,10;2;99,80;4,50;4,70;
2026-08-05 08:39:00.0;ON;OFF;50;4,90;2,90;5;44,30;98,50;120;0,20;2;99,70;4,60;4,80;
2026-08-05 08:40:00.0;ON;OFF;50;5;3,10;5,20;44,30;98,50;120;0,10;2;99,60;4,70;5;
2026-08-05 08:41:00.0;ON;OFF;50;5,30;3,30;5,30;44,40;98,50;120;0;2;100;4,80;5,20;
2026-08-05 08:42:00.0;ON;OFF;50;5,40;3,40;5,50;44,40;98,50;120;0,10;2;99,70;5;5,40;
2026-08-05 08:43:00.0;ON;OFF;50;5,60;3,60;5,60;44,40;98,50;120,10;0;2;100;5;5,50;
2026-08-05 08:44:00.0;ON;OFF;50;5,70;3,70;5,80;44,40;98,50;120;0,10;2;99,60;5,20;5,70;
2026-08-05 08:45:00.0;ON;OFF;50;5,90;3,80;5,90;44,40;98,50;120,10;0;2;100;5,30;5,80;
2026-08-05 08:46:00.0;ON;OFF;50;6,10;3,90;6;44,40;98,50;120,10;-0,10;2;100;5,40;6;
2026-08-05 08:47:00.0;ON;OFF;50;6,20;4,10;6,20;44,40;98,50;120,10;0;2;100;5,70;6,10;
2026-08-05 08:48:00.0;ON;OFF;50;6,30;4,30;6,40;44,50;98,50;120;0;2;99,70;5,80;6,30;
2026-08-05 08:49:00.0;ON;OFF;50;6,60;4,50;6,50;44,50;98,50;120,10;-0,10;2;100;6;6,40;
2026-08-05 08:50:00.0;ON;OFF;50;6,60;4,50;6,60;44,50;98,50;120;0;2;99,60;6,10;6,60;
2026-08-05 08:51:00.0;ON;OFF;50;6,80;4,70;6,80;44,50;98,50;120;0;2;100;6,30;6,70;
2026-08-05 08:52:00.0;ON;OFF;50;7;4,90;6,90;44,50;98,50;120;-0,10;2;100;6,30;6,80;
2026-08-05 08:53:00.0;ON;OFF;50;7;5;7;44,50;98,50;120;-0,10;2;99,70;6,50;7;
2026-08-05 08:54:00.0;ON;OFF;50;7,30;5,10;7,20;44,50;98,50;120,10;-0,20;2;100;6,70;7,20;
2026-08-05 08:55:00.0;ON;OFF;50;7,50;5,20;7,30;44,50;98,50;120;-0,20;2;100;6,80;7,30;
2026-08-05 08:56:00.0;ON;OFF;50;7,50;5,30;7,40;44,50;98,50;120,10;-0,10;2;100;6,90;7,40;
2026-08-05 08:57:00.0;ON;OFF;50;7,70;5,50;7,60;44,50;98,50;120,10;-0,10;2;100;7,20;7,50;
2026-08-05 08:58:00.0;ON;OFF;50;7,60;5,60;7,70;44,60;98,50;120;0,10;2;100;7,20;7,70;
2026-08-05 08:59:00.0;ON;OFF;50;7,50;5,70;7,70;44,60;98,60;120;0,20;2;99,60;7,10;7,60;
2026-08-05 09:00:00.0;ON;OFF;50;6,60;5,80;7,80;44,60;98,60;120;1,20;2;97,30;7,20;7,40;
2026-08-05 09:01:00.0;ON;OFF;50;6,30;5,80;7,70;44,60;98,60;120;1,40;2;97,40;7;7;
2026-08-05 09:02:00.0;ON;OFF;50;5,40;5,60;7,60;44,60;98,60;120;2,10;2;94,70;6,90;6,60;
2026-08-05 09:03:00.0;ON;OFF;50;5,30;5,50;7,50;44,60;98,60;120;2,20;2;94,40;6,80;6,40;
2026-08-05 09:04:00.0;ON;OFF;50;3,90;5,40;7,30;44,60;98,60;120;3,40;2;88,70;6,50;5,70;
2026-08-05 09:05:00.0;ON;OFF;50;2,80;5,10;6,90;44,60;98,60;120;4,10;2;83,40;6,10;4,80;
2026-08-05 09:06:00.0;ON;OFF;50;1,40;4,70;6,50;44,60;98,60;120;5,10;2;75,80;5,70;4,20;
2026-08-05 09:07:00.0;ON;OFF;50;0,90;4,40;6,20;44,60;98,60;120;5,30;2;72;5,40;3,70;
2026-08-05 09:08:00.0;ON;OFF;50;0,30;3,90;5,90;44,60;98,60;120;5,70;2;67,20;5,10;3,40;
2026-08-05 09:09:00.0;ON;OFF;50;-0,40;3,80;5,70;44,60;98,60;120;6,10;2;60,40;5;3,10;
2026-08-05 09:10:00.0;ON;OFF;50;1,20;3,50;5,40;44,60;98,60;120;4,10;2;64,50;4,70;2,90;
2026-08-05 09:11:00.0;ON;OFF;50;0,80;3,30;5,30;44,60;98,60;119,90;4,60;2;60,30;4,60;2,90;
2026-08-05 09:12:00.0;ON;OFF;50;0,90;3,30;5,20;44,50;98,50;120;4,30;2;57,10;4,50;2,80;
2026-08-05 09:13:00.0;ON;OFF;50;1,10;3,20;5,20;44,50;98,50;119,90;4,10;2;55,20;4,60;2,80;
2026-08-05 09:14:00.0;ON;OFF;50;1,30;3,20;5,30;44,50;98,50;119,80;4;2;53,50;4,60;2,90;
2026-08-05 09:15:00.0;ON;OFF;50;1,40;3,30;5,30;44,50;98,50;119,80;4;2;51,10;4,50;2,90;
2026-08-05 09:16:00.0;ON;OFF;50;1,70;3,40;5,40;44,50;98,50;119,80;3,70;2;50;4,50;3;
2026-08-05 09:17:00.0;ON;OFF;50;1,90;3,40;5,50;44,50;98,50;119,80;3,60;2;50;4,60;3,10;
2026-08-05 09:18:00.0;ON;OFF;50;2,40;3,50;5,60;44,50;98,50;119,80;3,20;2;50;4,80;3,40;
2026-08-05 09:19:00.0;ON;OFF;50;3;3,70;5,80;44,50;98,50;119,80;2,80;2;50;4,80;3,70;
2026-08-05 09:20:00.0;ON;OFF;50;3,20;3,90;6;44,50;98,50;119,80;2,90;2;50;5;3,90;
2026-08-05 09:21:00.0;ON;OFF;50;3,20;4,20;6,20;44,50;98,50;119,80;2,90;2;50;5,10;4;
2026-08-05 09:22:00.0;ON;OFF;50;3,20;4,50;6,60;44,50;98,50;119,80;3,40;2;50;5,60;4,40;
2026-08-05 09:23:00.0;ON;OFF;50;3,40;4,70;6,70;44,50;98,50;119,80;3,40;2;50;5,60;4,40;
2026-08-05 09:24:00.0;ON;OFF;50;3;5;7;44,50;98,50;119,80;3,90;2;50;5,80;4,40;
2026-08-05 09:25:00.0;ON;OFF;50;3,40;5,10;7,10;44,50;98,50;119,80;3,70;2;50;5,80;4,50;
2026-08-05 09:26:00.0;ON;OFF;50;3,50;5,10;7,20;44,50;98,50;119,80;3,70;2;50;5,90;4,60;
2026-08-05 09:27:00.0;ON;OFF;50;4,20;5,30;7,40;44,50;98,50;119,80;3,20;2;50;6;4,80;
2026-08-05 09:28:00.0;ON;OFF;50;4,10;5,50;7,50;44,40;98,50;119,80;3,40;2;50;6,10;4,90;
2026-08-05 09:29:00.0;ON;OFF;50;4,10;5,70;7,70;44,40;98,60;119,70;3,60;2;50;6,40;5,20;
2026-08-05 09:30:00.0;ON;OFF;50;4,20;5,70;7,80;44,40;98,60;119,70;3,60;2;50;6,40;5,20;
2026-08-05 09:31:00.0;ON;OFF;50;4;5,80;7,90;44,40;98,60;119,60;3,80;2;50;6,50;5,10;
2026-08-05 09:32:00.0;ON;OFF;50;4,10;5,90;7,90;44,40;98,60;119,60;3,80;2;50;6,50;5,20;
2026-08-05 09:33:00.0;ON;OFF;50;4,20;5,90;8;44,40;98,60;119,60;3,80;2;50;6,70;5,30;
2026-08-05 09:34:00.0;ON;OFF;50;4,80;6,10;8,10;44,40;98,60;119,60;3,30;2;50;6,70;5,60;
2026-08-05 09:35:00.0;ON;OFF;50;4,80;6,20;8,30;44,40;98,60;119,60;3,40;2;50;6,90;5,80;
2026-08-05 09:36:00.0;ON;OFF;50;4,80;6,30;8,30;44,30;98,60;119,60;3,50;2;50;7,10;5,90;
2026-08-05 09:37:00.0;ON;OFF;50;4,80;6,30;8,50;44,30;98,60;119,60;3,70;2;50;7,20;5,90;
2026-08-05 09:38:00.0;---;---;---;---;---;---;---;---;---;---;---;---;---;---;
2026-08-05 09:39:00.0;---;---;---;---;---;---;---;---;---;---;---;---;---;---;
2026-08-05 09:40:00.0;---;---;---;---;---;---;---;---;---;---;---;---;---;---;
2026-08-05 09:41:00.0;---;---;---;---;---;---;---;---;---;---;---;---;---;---;
2026-08-05 09:42:00.0;---;---;---;---;---;---;---;---;---;---;---;---;---;---;
2026-08-05 09:43:00.0;---;---;---;---;---;---;---;---;---;---;---;---;---;---;
2026-08-05 09:44:00.0;---;---;---;---;---;---;---;---;---;---;---;---;---;---;
2026-08-05 09:45:00.0;---;---;---;---;---;---;---;---;---;---;---;---;---;---;
2026-08-05 09:46:00.0;---;---;---;---;---;---;---;---;---;---;---;---;---;---;
2026-08-05 09:47:00.0;---;---;---;---;---;---;---;---;---;---;---;---;---;---;
2026-08-05 09:48:00.0;---;---;---;---;---;---;---;---;---;---;---;---;---;---;
2026-08-05 09:49:00.0;---;---;---;---;---;---;---;---;---;---;---;---;---;---;
2026-08-05 09:50:00.0;---;---;---;---;---;---;---;---;---;---;---;---;---;---;
2026-08-05 09:51:00.0;---;---;---;---;---;---;---;---;---;---;---;---;---;---;
2026-08-05 09:52:00.0;---;---;---;---;---;---;---;---;---;---;---;---;---;---;
2026-08-05 09:53:00.0;---;---;---;---;---;---;---;---;---;---;---;---;---;---;
2026-08-05 09:54:00.0;---;---;---;---;---;---;---;---;---;---;---;---;---;---;
2026-08-05 09:55:00.0;---;---;---;---;---;---;---;---;---;---;---;---;---;---;
2026-08-05 09:56:00.0;---;---;---;---;---;---;---;---;---;---;---;---;---;---;
2026-08-05 09:57:00.0;---;---;---;---;---;---;---;---;---;---;---;---;---;---;
2026-08-05 09:58:00.0;---;---;---;---;---;---;---;---;---;---;---;---;---;---;
2026-08-05 09:59:00.0;---;---;---;---;---;---;---;---;---;---;---;---;---;---;
2026-08-05 10:00:00.0;---;---;---;---;---;---;---;---;---;---;---;---;---;---;
2026-08-05 10:01:00.0;---;---;---;---;---;---;---;---;---;---;---;---;---;---;
2026-08-05 10:02:00.0;---;---;---;---;---;---;---;---;---;---;---;---;---;---;
2026-08-05 10:03:00.0;---;---;---;---;---;---;---;---;---;---;---;---;---;---;
2026-08-05 10:04:00.0;---;---;---;---;---;---;---;---;---;---;---;---;---;---;
2026-08-05 10:05:00.0;---;---;---;---;---;---;---;---;---;---;---;---;---;---;
2026-08-05 10:06:00.0;---;---;---;---;---;---;---;---;---;---;---;---;---;---;
2026-08-05 10:07:00.0;---;---;---;---;---;---;---;---;---;---;---;---;---;---;
2026-08-05 10:08:00.0;---;---;---;---;---;---;---;---;---;---;---;---;---;---;
2026-08-05 10:09:00.0;---;---;---;---;---;---;---;---;---;---;---;---;---;---;
2026-08-05 10:10:00.0;---;---;---;---;---;---;---;---;---;---;---;---;---;---;
2026-08-05 10:11:00.0;---;---;---;---;---;---;---;---;---;---;---;---;---;---;
2026-08-05 10:12:00.0;---;---;---;---;---;---;---;---;---;---;---;---;---;---;
2026-08-05 10:13:00.0;---;---;---;---;---;---;---;---;---;---;---;---;---;---;
2026-08-05 10:14:00.0;---;---;---;---;---;---;---;---;---;---;---;---;---;---;
2026-08-05 10:15:00.0;---;---;---;---;---;---;---;---;---;---;---;---;---;---;
2026-08-05 10:16:00.0;---;---;---;---;---;---;---;---;---;---;---;---;---;---;
2026-08-05 10:17:00.0;---;---;---;---;---;---;---;---;---;---;---;---;---;---;
2026-08-05 10:18:00.0;---;---;---;---;---;---;---;---;---;---;---;---;---;---;
2026-08-05 10:19:00.0;---;---;---;---;---;---;---;---;---;---;---;---;---;---;
2026-08-05 10:20:00.0;---;---;---;---;---;---;---;---;---;---;---;---;---;---;
2026-08-05 10:21:00.0;---;---;---;---;---;---;---;---;---;---;---;---;---;---;
2026-08-05 10:22:00.0;---;---;---;---;---;---;---;---;---;---;---;---;---;---;
2026-08-05 10:23:00.0;---;---;---;---;---;---;---;---;---;---;---;---;---;---;
2026-08-05 10:24:00.0;---;---;---;---;---;---;---;---;---;---;---;---;---;---;
2026-08-05 10:25:00.0;---;---;---;---;---;---;---;---;---;---;---;---;---;---;
2026-08-05 10:26:00.0;---;---;---;---;---;---;---;---;---;---;---;---;---;---;
2026-08-05 10:27:00.0;---;---;---;---;---;---;---;---;---;---;---;---;---;---;
2026-08-05 10:28:00.0;---;---;---;---;---;---;---;---;---;---;---;---;---;---;
2026-08-05 10:29:00.0;---;---;---;---;---;---;---;---;---;---;---;---;---;---;
2026-08-05 10:30:00.0;---;---;---;---;---;---;---;---;---;---;---;---;---;---;
2026-08-05 10:31:00.0;---;---;---;---;---;---;---;---;---;---;---;---;---;---;
2026-08-05 10:32:00.0;---;---;---;---;---;---;---;---;---;---;---;---;---;---;
2026-08-05 10:33:00.0;---;---;---;---;---;---;---;---;---;---;---;---;---;---;
2026-08-05 10:34:00.0;---;---;---;---;---;---;---;---;---;---;---;---;---;---;
2026-08-05 10:35:00.0;---;---;---;---;---;---;---;---;---;---;---;---;---;---;
2026-08-05 10:36:00.0;---;---;---;---;---;---;---;---;---;---;---;---;---;---;
2026-08-05 10:37:00.0;---;---;---;---;---;---;---;---;---;---;---;---;---;---;
2026-08-05 10:38:00.0;---;---;---;---;---;---;---;---;---;---;---;---;---;---;
2026-08-05 10:39:00.0;---;---;---;---;---;---;---;---;---;---;---;---;---;---;
2026-08-05 10:40:00.0;---;---;---;---;---;---;---;---;---;---;---;---;---;---;
2026-08-05 10:41:00.0;---;---;---;---;---;---;---;---;---;---;---;---;---;---;
2026-08-05 10:42:00.0;---;---;---;---;---;---;---;---;---;---;---;---;---;---;
2026-08-05 10:43:00.0;---;---;---;---;---;---;---;---;---;---;---;---;---;---;
2026-08-05 10:44:00.0;---;---;---;---;---;---;---;---;---;---;---;---;---;---;
2026-08-05 10:45:00.0;---;---;---;---;---;---;---;---;---;---;---;---;---;---;
2026-08-05 10:46:00.0;---;---;---;---;---;---;---;---;---;---;---;---;---;---;
2026-08-05 10:47:00.0;---;---;---;---;---;---;---;---;---;---;---;---;---;---;
2026-08-05 10:48:00.0;---;---;---;---;---;---;---;---;---;---;---;---;---;---;
2026-08-05 10:49:00.0;---;---;---;---;---;---;---;---;---;---;---;---;---;---;
2026-08-05 10:50:00.0;---;---;---;---;---;---;---;---;---;---;---;---;---;---;
2026-08-05 10:51:00.0;---;---;---;---;---;---;---;---;---;---;---;---;---;---;
2026-08-05 10:52:00.0;---;---;---;---;---;---;---;---;---;---;---;---;---;---;
2026-08-05 10:53:00.0;---;---;---;---;---;---;---;---;---;---;---;---;---;---;
2026-08-05 10:54:00.0;---;---;---;---;---;---;---;---;---;---;---;---;---;---;
2026-08-05 10:55:00.0;---;---;---;---;---;---;---;---;---;---;---;---;---;---;
2026-08-05 10:56:00.0;---;---;---;---;---;---;---;---;---;---;---;---;---;---;
2026-08-05 10:57:00.0;---;---;---;---;---;---;---;---;---;---;---;---;---;---;
2026-08-05 10:58:00.0;---;---;---;---;---;---;---;---;---;---;---;---;---;---;
2026-08-05 10:59:00.0;---;---;---;---;---;---;---;---;---;---;---;---;---;---;
2026-08-05 11:00:00.0;---;---;---;---;---;---;---;---;---;---;---;---;---;---;
2026-08-05 11:01:00.0;---;---;---;---;---;---;---;---;---;---;---;---;---;---;
2026-08-05 11:02:00.0;---;---;---;---;---;---;---;---;---;---;---;---;---;---;
2026-08-05 11:03:00.0;---;---;---;---;---;---;---;---;---;---;---;---;---;---;
2026-08-05 11:04:00.0;---;---;---;---;---;---;---;---;---;---;---;---;---;---;
2026-08-05 11:05:00.0;---;---;---;---;---;---;---;---;---;---;---;---;---;---;
2026-08-05 11:06:00.0;---;---;---;---;---;---;---;---;---;---;---;---;---;---;
2026-08-05 11:07:00.0;---;---;---;---;---;---;---;---;---;---;---;---;---;---;
2026-08-05 11:08:00.0;---;---;---;---;---;---;---;---;---;---;---;---;---;---;
2026-08-05 11:09:00.0;---;---;---;---;---;---;---;---;---;---;---;---;---;---;
2026-08-05 11:10:00.0;---;---;---;---;---;---;---;---;---;---;---;---;---;---;
2026-08-05 11:11:00.0;---;---;---;---;---;---;---;---;---;---;---;---;---;---;
2026-08-05 11:12:00.0;---;---;---;---;---;---;---;---;---;---;---;---;---;---;
2026-08-05 11:13:00.0;---;---;---;---;---;---;---;---;---;---;---;---;---;---;
2026-08-05 11:14:00.0;---;---;---;---;---;---;---;---;---;---;---;---;---;---;
2026-08-05 11:15:00.0;---;---;---;---;---;---;---;---;---;---;---;---;---;---;
2026-08-05 11:16:00.0;---;---;---;---;---;---;---;---;---;---;---;---;---;---;
2026-08-05 11:17:00.0;---;---;---;---;---;---;---;---;---;---;---;---;---;---;
2026-08-05 11:18:00.0;---;---;---;---;---;---;---;---;---;---;---;---;---;---;
2026-08-05 11:19:00.0;---;---;---;---;---;---;---;---;---;---;---;---;---;---;
2026-08-05 11:20:00.0;---;---;---;---;---;---;---;---;---;---;---;---;---;---;
2026-08-05 11:21:00.0;---;---;---;---;---;---;---;---;---;---;---;---;---;---;
2026-08-05 11:22:00.0;---;---;---;---;---;---;---;---;---;---;---;---;---;---;
2026-08-05 11:23:00.0;---;---;---;---;---;---;---;---;---;---;---;---;---;---;
2026-08-05 11:24:00.0;---;---;---;---;---;---;---;---;---;---;---;---;---;---;
2026-08-05 11:25:00.0;---;---;---;---;---;---;---;---;---;---;---;---;---;---;
2026-08-05 11:26:00.0;---;---;---;---;---;---;---;---;---;---;---;---;---;---;
2026-08-05 11:27:00.0;---;---;---;---;---;---;---;---;---;---;---;---;---;---;
2026-08-05 11:28:00.0;---;---;---;---;---;---;---;---;---;---;---;---;---;---;
2026-08-05 11:29:00.0;---;---;---;---;---;---;---;---;---;---;---;---;---;---;
2026-08-05 11:30:00.0;---;---;---;---;---;---;---;---;---;---;---;---;---;---;
2026-08-05 11:31:00.0;---;---;---;---;---;---;---;---;---;---;---;---;---;---;
2026-08-05 11:32:00.0;---;---;---;---;---;---;---;---;---;---;---;---;---;---;
2026-08-05 11:33:00.0;---;---;---;---;---;---;---;---;---;---;---;---;---;---;
2026-08-05 11:34:00.0;---;---;---;---;---;---;---;---;---;---;---;---;---;---;
2026-08-05 11:35:00.0;---;---;---;---;---;---;---;---;---;---;---;---;---;---;
2026-08-05 11:36:00.0;---;---;---;---;---;---;---;---;---;---;---;---;---;---;
2026-08-05 11:37:00.0;---;---;---;---;---;---;---;---;---;---;---;---;---;---;
2026-08-05 11:38:00.0;---;---;---;---;---;---;---;---;---;---;---;---;---;---;
2026-08-05 11:39:00.0;---;---;---;---;---;---;---;---;---;---;---;---;---;---;
2026-08-05 11:40:00.0;---;---;---;---;---;---;---;---;---;---;---;---;---;---;
2026-08-05 11:41:00.0;---;---;---;---;---;---;---;---;---;---;---;---;---;---;
2026-08-05 11:42:00.0;---;---;---;---;---;---;---;---;---;---;---;---;---;---;
2026-08-05 11:43:00.0;---;---;---;---;---;---;---;---;---;---;---;---;---;---;
2026-08-05 11:44:00.0;---;---;---;---;---;---;---;---;---;---;---;---;---;---;
2026-08-05 11:45:00.0;---;---;---;---;---;---;---;---;---;---;---;---;---;---;
2026-08-05 11:46:00.0;---;---;---;---;---;---;---;---;---;---;---;---;---;---;
2026-08-05 11:47:00.0;---;---;---;---;---;---;---;---;---;---;---;---;---;---;
2026-08-05 11:48:00.0;---;---;---;---;---;---;---;---;---;---;---;---;---;---;
2026-08-05 11:49:00.0;---;---;---;---;---;---;---;---;---;---;---;---;---;---;
2026-08-05 11:50:00.0;---;---;---;---;---;---;---;---;---;---;---;---;---;---;
2026-08-05 11:51:00.0;---;---;---;---;---;---;---;---;---;---;---;---;---;---;
2026-08-05 11:52:00.0;---;---;---;---;---;---;---;---;---;---;---;---;---;---;
2026-08-05 11:53:00.0;---;---;---;---;---;---;---;---;---;---;---;---;---;---;
2026-08-05 11:54:00.0;---;---;---;---;---;---;---;---;---;---;---;---;---;---;
2026-08-05 11:55:00.0;---;---;---;---;---;---;---;---;---;---;---;---;---;---;
2026-08-05 11:56:00.0;---;---;---;---;---;---;---;---;---;---;---;---;---;---;
2026-08-05 11:57:00.0;---;---;---;---;---;---;---;---;---;---;---;---;---;---;
2026-08-05 11:58:00.0;---;---;---;---;---;---;---;---;---;---;---;---;---;---;
2026-08-05 11:59:00.0;---;---;---;---;---;---;---;---;---;---;---;---;---;---;
2026-08-05 12:00:00.0;---;---;---;---;---;---;---;---;---;---;---;---;---;---;
2026-08-05 12:01:00.0;---;---;---;---;---;---;---;---;---;---;---;---;---;---;
2026-08-05 12:02:00.0;---;---;---;---;---;---;---;---;---;---;---;---;---;---;
2026-08-05 12:03:00.0;---;---;---;---;---;---;---;---;---;---;---;---;---;---;
2026-08-05 12:04:00.0;---;---;---;---;---;---;---;---;---;---;---;---;---;---;
2026-08-05 12:05:00.0;---;---;---;---;---;---;---;---;---;---;---;---;---;---;
2026-08-05 12:06:00.0;---;---;---;---;---;---;---;---;---;---;---;---;---;---;
2026-08-05 12:07:00.0;---;---;---;---;---;---;---;---;---;---;---;---;---;---;
2026-08-05 12:08:00.0;---;---;---;---;---;---;---;---;---;---;---;---;---;---;
2026-08-05 12:09:00.0;---;---;---;---;---;---;---;---;---;---;---;---;---;---;
2026-08-05 12:10:00.0;---;---;---;---;---;---;---;---;---;---;---;---;---;---;
2026-08-05 12:11:00.0;---;---;---;---;---;---;---;---;---;---;---;---;---;---;
2026-08-05 12:12:00.0;---;---;---;---;---;---;---;---;---;---;---;---;---;---;
2026-08-05 12:13:00.0;---;---;---;---;---;---;---;---;---;---;---;---;---;---;
2026-08-05 12:14:00.0;---;---;---;---;---;---;---;---;---;---;---;---;---;---;
2026-08-05 12:15:00.0;---;---;---;---;---;---;---;---;---;---;---;---;---;---;
2026-08-05 12:16:00.0;---;---;---;---;---;---;---;---;---;---;---;---;---;---;
2026-08-05 12:17:00.0;---;---;---;---;---;---;---;---;---;---;---;---;---;---;
2026-08-05 12:18:00.0;---;---;---;---;---;---;---;---;---;---;---;---;---;---;
2026-08-05 12:19:00.0;---;---;---;---;---;---;---;---;---;---;---;---;---;---;
2026-08-05 12:20:00.0;---;---;---;---;---;---;---;---;---;---;---;---;---;---;
2026-08-05 12:21:00.0;---;---;---;---;---;---;---;---;---;---;---;---;---;---;
2026-08-05 12:22:00.0;---;---;---;---;---;---;---;---;---;---;---;---;---;---;
2026-08-05 12:23:00.0;---;---;---;---;---;---;---;---;---;---;---;---;---;---;
2026-08-05 12:24:00.0;---;---;---;---;---;---;---;---;---;---;---;---;---;---;
2026-08-05 12:25:00.0;---;---;---;---;---;---;---;---;---;---;---;---;---;---;
2026-08-05 12:26:00.0;---;---;---;---;---;---;---;---;---;---;---;---;---;---;
2026-08-05 12:27:00.0;---;---;---;---;---;---;---;---;---;---;---;---;---;---;
2026-08-05 12:28:00.0;---;---;---;---;---;---;---;---;---;---;---;---;---;---;
2026-08-05 12:29:00.0;---;---;---;---;---;---;---;---;---;---;---;---;---;---;
2026-08-05 12:30:00.0;---;---;---;---;---;---;---;---;---;---;---;---;---;---;
2026-08-05 12:31:00.0;---;---;---;---;---;---;---;---;---;---;---;---;---;---;
2026-08-05 12:32:00.0;---;---;---;---;---;---;---;---;---;---;---;---;---;---;
2026-08-05 12:33:00.0;---;---;---;---;---;---;---;---;---;---;---;---;---;---;
2026-08-05 12:34:00.0;---;---;---;---;---;---;---;---;---;---;---;---;---;---;
2026-08-05 12:35:00.0;---;---;---;---;---;---;---;---;---;---;---;---;---;---;
2026-08-05 12:36:00.0;---;---;---;---;---;---;---;---;---;---;---;---;---;---;
2026-08-05 12:37:00.0;---;---;---;---;---;---;---;---;---;---;---;---;---;---;
2026-08-05 12:38:00.0;---;---;---;---;---;---;---;---;---;---;---;---;---;---;
2026-08-05 12:39:00.0;---;---;---;---;---;---;---;---;---;---;---;---;---;---;
2026-08-05 12:40:00.0;---;---;---;---;---;---;---;---;---;---;---;---;---;---;
2026-08-05 12:41:00.0;---;---;---;---;---;---;---;---;---;---;---;---;---;---;
2026-08-05 12:42:00.0;---;---;---;---;---;---;---;---;---;---;---;---;---;---;
2026-08-05 12:43:00.0;---;---;---;---;---;---;---;---;---;---;---;---;---;---;
2026-08-05 12:44:00.0;---;---;---;---;---;---;---;---;---;---;---;---;---;---;
2026-08-05 12:45:00.0;---;---;---;---;---;---;---;---;---;---;---;---;---;---;
2026-08-05 12:46:00.0;---;---;---;---;---;---;---;---;---;---;---;---;---;---;
2026-08-05 12:47:00.0;---;---;---;---;---;---;---;---;---;---;---;---;---;---;
2026-08-05 12:48:00.0;---;---;---;---;---;---;---;---;---;---;---;---;---;---;
2026-08-05 12:49:00.0;---;---;---;---;---;---;---;---;---;---;---;---;---;---;
2026-08-05 12:50:00.0;---;---;---;---;---;---;---;---;---;---;---;---;---;---;
2026-08-05 12:51:00.0;---;---;---;---;---;---;---;---;---;---;---;---;---;---;
2026-08-05 12:52:00.0;---;---;---;---;---;---;---;---;---;---;---;---;---;---;
2026-08-05 12:53:00.0;---;---;---;---;---;---;---;---;---;---;---;---;---;---;
2026-08-05 12:54:00.0;---;---;---;---;---;---;---;---;---;---;---;---;---;---;
2026-08-05 12:55:00.0;---;---;---;---;---;---;---;---;---;---;---;---;---;---;
2026-08-05 12:56:00.0;---;---;---;---;---;---;---;---;---;---;---;---;---;---;
2026-08-05 12:57:00.0;---;---;---;---;---;---;---;---;---;---;---;---;---;---;
2026-08-05 12:58:00.0;---;---;---;---;---;---;---;---;---;---;---;---;---;---;
2026-08-05 12:59:00.0;---;---;---;---;---;---;---;---;---;---;---;---;---;---;
2026-08-05 13:00:00.0;---;---;---;---;---;---;---;---;---;---;---;---;---;---;
2026-08-05 13:01:00.0;---;---;---;---;---;---;---;---;---;---;---;---;---;---;
2026-08-05 13:02:00.0;---;---;---;---;---;---;---;---;---;---;---;---;---;---;
2026-08-05 13:03:00.0;---;---;---;---;---;---;---;---;---;---;---;---;---;---;
2026-08-05 13:04:00.0;---;---;---;---;---;---;---;---;---;---;---;---;---;---;
2026-08-05 13:05:00.0;---;---;---;---;---;---;---;---;---;---;---;---;---;---;
2026-08-05 13:06:00.0;---;---;---;---;---;---;---;---;---;---;---;---;---;---;
2026-08-05 13:07:00.0;---;---;---;---;---;---;---;---;---;---;---;---;---;---;
2026-08-05 13:08:00.0;---;---;---;---;---;---;---;---;---;---;---;---;---;---;
2026-08-05 13:09:00.0;---;---;---;---;---;---;---;---;---;---;---;---;---;---;
2026-08-05 13:10:00.0;---;---;---;---;---;---;---;---;---;---;---;---;---;---;
2026-08-05 13:11:00.0;---;---;---;---;---;---;---;---;---;---;---;---;---;---;
2026-08-05 13:12:00.0;---;---;---;---;---;---;---;---;---;---;---;---;---;---;
2026-08-05 13:13:00.0;---;---;---;---;---;---;---;---;---;---;---;---;---;---;
2026-08-05 13:14:00.0;---;---;---;---;---;---;---;---;---;---;---;---;---;---;
2026-08-05 13:15:00.0;---;---;---;---;---;---;---;---;---;---;---;---;---;---;
2026-08-05 13:16:00.0;---;---;---;---;---;---;---;---;---;---;---;---;---;---;
2026-08-05 13:17:00.0;---;---;---;---;---;---;---;---;---;---;---;---;---;---;
2026-08-05 13:18:00.0;---;---;---;---;---;---;---;---;---;---;---;---;---;---;
2026-08-05 13:19:00.0;---;---;---;---;---;---;---;---;---;---;---;---;---;---;
2026-08-05 13:20:00.0;---;---;---;---;---;---;---;---;---;---;---;---;---;---;
2026-08-05 13:21:00.0;---;---;---;---;---;---;---;---;---;---;---;---;---;---;
2026-08-05 13:22:00.0;---;---;---;---;---;---;---;---;---;---;---;---;---;---;
2026-08-05 13:23:00.0;---;---;---;---;---;---;---;---;---;---;---;---;---;---;
2026-08-05 13:24:00.0;---;---;---;---;---;---;---;---;---;---;---;---;---;---;
2026-08-05 13:25:00.0;---;---;---;---;---;---;---;---;---;---;---;---;---;---;
2026-08-05 13:26:00.0;---;---;---;---;---;---;---;---;---;---;---;---;---;---;
2026-08-05 13:27:00.0;---;---;---;---;---;---;---;---;---;---;---;---;---;---;
2026-08-05 13:28:00.0;---;---;---;---;---;---;---;---;---;---;---;---;---;---;
2026-08-05 13:29:00.0;---;---;---;---;---;---;---;---;---;---;---;---;---;---;
2026-08-05 13:30:00.0;---;---;---;---;---;---;---;---;---;---;---;---;---;---;
2026-08-05 13:31:00.0;---;---;---;---;---;---;---;---;---;---;---;---;---;---;
2026-08-05 13:32:00.0;---;---;---;---;---;---;---;---;---;---;---;---;---;---;
2026-08-05 13:33:00.0;---;---;---;---;---;---;---;---;---;---;---;---;---;---;
2026-08-05 13:34:00.0;---;---;---;---;---;---;---;---;---;---;---;---;---;---;
2026-08-05 13:35:00.0;---;---;---;---;---;---;---;---;---;---;---;---;---;---;
2026-08-05 13:36:00.0;---;---;---;---;---;---;---;---;---;---;---;---;---;---;
2026-08-05 13:37:00.0;---;---;---;---;---;---;---;---;---;---;---;---;---;---;
2026-08-05 13:38:00.0;---;---;---;---;---;---;---;---;---;---;---;---;---;---;
2026-08-05 13:39:00.0;---;---;---;---;---;---;---;---;---;---;---;---;---;---;
2026-08-05 13:40:00.0;---;---;---;---;---;---;---;---;---;---;---;---;---;---;
2026-08-05 13:41:00.0;---;---;---;---;---;---;---;---;---;---;---;---;---;---;
2026-08-05 13:42:00.0;---;---;---;---;---;---;---;---;---;---;---;---;---;---;
2026-08-05 13:43:00.0;---;---;---;---;---;---;---;---;---;---;---;---;---;---;
2026-08-05 13:44:00.0;---;---;---;---;---;---;---;---;---;---;---;---;---;---;
2026-08-05 13:45:00.0;---;---;---;---;---;---;---;---;---;---;---;---;---;---;
2026-08-05 13:46:00.0;---;---;---;---;---;---;---;---;---;---;---;---;---;---;
2026-08-05 13:47:00.0;---;---;---;---;---;---;---;---;---;---;---;---;---;---;
2026-08-05 13:48:00.0;---;---;---;---;---;---;---;---;---;---;---;---;---;---;
2026-08-05 13:49:00.0;---;---;---;---;---;---;---;---;---;---;---;---;---;---;
2026-08-05 13:50:00.0;---;---;---;---;---;---;---;---;---;---;---;---;---;---;
2026-08-05 13:51:00.0;---;---;---;---;---;---;---;---;---;---;---;---;---;---;
2026-08-05 13:52:00.0;---;---;---;---;---;---;---;---;---;---;---;---;---;---;
2026-08-05 13:53:00.0;---;---;---;---;---;---;---;---;---;---;---;---;---;---;
2026-08-05 13:54:00.0;---;---;---;---;---;---;---;---;---;---;---;---;---;---;
2026-08-05 13:55:00.0;---;---;---;---;---;---;---;---;---;---;---;---;---;---;
2026-08-05 13:56:00.0;---;---;---;---;---;---;---;---;---;---;---;---;---;---;
2026-08-05 13:57:00.0;---;---;---;---;---;---;---;---;---;---;---;---;---;---;
2026-08-05 13:58:00.0;---;---;---;---;---;---;---;---;---;---;---;---;---;---;
2026-08-05 13:59:00.0;---;---;---;---;---;---;---;---;---;---;---;---;---;---;
2026-08-05 14:00:00.0;---;---;---;---;---;---;---;---;---;---;---;---;---;---;
2026-08-05 14:01:00.0;---;---;---;---;---;---;---;---;---;---;---;---;---;---;
2026-08-05 14:02:00.0;---;---;---;---;---;---;---;---;---;---;---;---;---;---;
2026-08-05 14:03:00.0;---;---;---;---;---;---;---;---;---;---;---;---;---;---;
2026-08-05 14:04:00.0;---;---;---;---;---;---;---;---;---;---;---;---;---;---;
2026-08-05 14:05:00.0;---;---;---;---;---;---;---;---;---;---;---;---;---;---;
2026-08-05 14:06:00.0;---;---;---;---;---;---;---;---;---;---;---;---;---;---;
2026-08-05 14:07:00.0;---;---;---;---;---;---;---;---;---;---;---;---;---;---;
2026-08-05 14:08:00.0;---;---;---;---;---;---;---;---;---;---;---;---;---;---;
2026-08-05 14:09:00.0;---;---;---;---;---;---;---;---;---;---;---;---;---;---;
2026-08-05 14:10:00.0;---;---;---;---;---;---;---;---;---;---;---;---;---;---;
2026-08-05 14:11:00.0;---;---;---;---;---;---;---;---;---;---;---;---;---;---;
2026-08-05 14:12:00.0;---;---;---;---;---;---;---;---;---;---;---;---;---;---;
2026-08-05 14:13:00.0;---;---;---;---;---;---;---;---;---;---;---;---;---;---;
2026-08-05 14:14:00.0;---;---;---;---;---;---;---;---;---;---;---;---;---;---;
2026-08-05 14:15:00.0;---;---;---;---;---;---;---;---;---;---;---;---;---;---;
2026-08-05 14:16:00.0;---;---;---;---;---;---;---;---;---;---;---;---;---;---;
2026-08-05 14:17:00.0;---;---;---;---;---;---;---;---;---;---;---;---;---;---;
2026-08-05 14:18:00.0;---;---;---;---;---;---;---;---;---;---;---;---;---;---;
2026-08-05 14:19:00.0;---;---;---;---;---;---;---;---;---;---;---;---;---;---;
2026-08-05 14:20:00.0;---;---;---;---;---;---;---;---;---;---;---;---;---;---;
2026-08-05 14:21:00.0;---;---;---;---;---;---;---;---;---;---;---;---;---;---;
2026-08-05 14:22:00.0;---;---;---;---;---;---;---;---;---;---;---;---;---;---;
2026-08-05 14:23:00.0;---;---;---;---;---;---;---;---;---;---;---;---;---;---;
2026-08-05 14:24:00.0;---;---;---;---;---;---;---;---;---;---;---;---;---;---;
2026-08-05 14:25:00.0;---;---;---;---;---;---;---;---;---;---;---;---;---;---;
2026-08-05 14:26:00.0;---;---;---;---;---;---;---;---;---;---;---;---;---;---;
2026-08-05 14:27:00.0;---;---;---;---;---;---;---;---;---;---;---;---;---;---;
2026-08-05 14:28:00.0;---;---;---;---;---;---;---;---;---;---;---;---;---;---;
2026-08-05 14:29:00.0;---;---;---;---;---;---;---;---;---;---;---;---;---;---;
2026-08-05 14:30:00.0;---;---;---;---;---;---;---;---;---;---;---;---;---;---;
2026-08-05 14:31:00.0;---;---;---;---;---;---;---;---;---;---;---;---;---;---;
2026-08-05 14:32:00.0;---;---;---;---;---;---;---;---;---;---;---;---;---;---;
2026-08-05 14:33:00.0;---;---;---;---;---;---;---;---;---;---;---;---;---;---;
2026-08-05 14:34:00.0;---;---;---;---;---;---;---;---;---;---;---;---;---;---;
2026-08-05 14:35:00.0;---;---;---;---;---;---;---;---;---;---;---;---;---;---;
2026-08-05 14:36:00.0;---;---;---;---;---;---;---;---;---;---;---;---;---;---;
2026-08-05 14:37:00.0;---;---;---;---;---;---;---;---;---;---;---;---;---;---;
2026-08-05 14:38:00.0;---;---;---;---;---;---;---;---;---;---;---;---;---;---;
2026-08-05 14:39:00.0;---;---;---;---;---;---;---;---;---;---;---;---;---;---;
2026-08-05 14:40:00.0;---;---;---;---;---;---;---;---;---;---;---;---;---;---;
2026-08-05 14:41:00.0;---;---;---;---;---;---;---;---;---;---;---;---;---;---;
2026-08-05 14:42:00.0;---;---;---;---;---;---;---;---;---;---;---;---;---;---;
2026-08-05 14:43:00.0;---;---;---;---;---;---;---;---;---;---;---;---;---;---;
2026-08-05 14:44:00.0;---;---;---;---;---;---;---;---;---;---;---;---;---;---;
2026-08-05 14:45:00.0;---;---;---;---;---;---;---;---;---;---;---;---;---;---;
2026-08-05 14:46:00.0;---;---;---;---;---;---;---;---;---;---;---;---;---;---;
2026-08-05 14:47:00.0;---;---;---;---;---;---;---;---;---;---;---;---;---;---;
2026-08-05 14:48:00.0;---;---;---;---;---;---;---;---;---;---;---;---;---;---;
2026-08-05 14:49:00.0;---;---;---;---;---;---;---;---;---;---;---;---;---;---;
2026-08-05 14:50:00.0;---;---;---;---;---;---;---;---;---;---;---;---;---;---;
2026-08-05 14:51:00.0;---;---;---;---;---;---;---;---;---;---;---;---;---;---;
2026-08-05 14:52:00.0;---;---;---;---;---;---;---;---;---;---;---;---;---;---;
2026-08-05 14:53:00.0;---;---;---;---;---;---;---;---;---;---;---;---;---;---;
2026-08-05 14:54:00.0;---;---;---;---;---;---;---;---;---;---;---;---;---;---;
2026-08-05 14:55:00.0;---;---;---;---;---;---;---;---;---;---;---;---;---;---;
2026-08-05 14:56:00.0;---;---;---;---;---;---;---;---;---;---;---;---;---;---;
2026-08-05 14:57:00.0;---;---;---;---;---;---;---;---;---;---;---;---;---;---;
2026-08-05 14:58:00.0;---;---;---;---;---;---;---;---;---;---;---;---;---;---;
2026-08-05 14:59:00.0;---;---;---;---;---;---;---;---;---;---;---;---;---;---;
2026-08-05 15:00:00.0;---;---;---;---;---;---;---;---;---;---;---;---;---;---;
2026-08-05 15:01:00.0;---;---;---;---;---;---;---;---;---;---;---;---;---;---;
2026-08-05 15:02:00.0;---;---;---;---;---;---;---;---;---;---;---;---;---;---;
2026-08-05 15:03:00.0;---;---;---;---;---;---;---;---;---;---;---;---;---;---;
2026-08-05 15:04:00.0;---;---;---;---;---;---;---;---;---;---;---;---;---;---;
2026-08-05 15:05:00.0;---;---;---;---;---;---;---;---;---;---;---;---;---;---;
2026-08-05 15:06:00.0;---;---;---;---;---;---;---;---;---;---;---;---;---;---;
2026-08-05 15:07:00.0;---;---;---;---;---;---;---;---;---;---;---;---;---;---;
2026-08-05 15:08:00.0;---;---;---;---;---;---;---;---;---;---;---;---;---;---;
2026-08-05 15:09:00.0;---;---;---;---;---;---;---;---;---;---;---;---;---;---;
2026-08-05 15:10:00.0;---;---;---;---;---;---;---;---;---;---;---;---;---;---;
2026-08-05 15:11:00.0;---;---;---;---;---;---;---;---;---;---;---;---;---;---;
2026-08-05 15:12:00.0;---;---;---;---;---;---;---;---;---;---;---;---;---;---;
2026-08-05 15:13:00.0;---;---;---;---;---;---;---;---;---;---;---;---;---;---;
2026-08-05 15:14:00.0;---;---;---;---;---;---;---;---;---;---;---;---;---;---;
2026-08-05 15:15:00.0;---;---;---;---;---;---;---;---;---;---;---;---;---;---;
2026-08-05 15:16:00.0;---;---;---;---;---;---;---;---;---;---;---;---;---;---;
2026-08-05 15:17:00.0;---;---;---;---;---;---;---;---;---;---;---;---;---;---;
2026-08-05 15:18:00.0;---;---;---;---;---;---;---;---;---;---;---;---;---;---;
2026-08-05 15:19:00.0;---;---;---;---;---;---;---;---;---;---;---;---;---;---;
2026-08-05 15:20:00.0;---;---;---;---;---;---;---;---;---;---;---;---;---;---;
2026-08-05 15:21:00.0;---;---;---;---;---;---;---;---;---;---;---;---;---;---;
2026-08-05 15:22:00.0;---;---;---;---;---;---;---;---;---;---;---;---;---;---;
2026-08-05 15:23:00.0;---;---;---;---;---;---;---;---;---;---;---;---;---;---;
2026-08-05 15:24:00.0;---;---;---;---;---;---;---;---;---;---;---;---;---;---;
2026-08-05 15:25:00.0;---;---;---;---;---;---;---;---;---;---;---;---;---;---;
2026-08-05 15:26:00.0;---;---;---;---;---;---;---;---;---;---;---;---;---;---;
2026-08-05 15:27:00.0;---;---;---;---;---;---;---;---;---;---;---;---;---;---;
2026-08-05 15:28:00.0;---;---;---;---;---;---;---;---;---;---;---;---;---;---;
2026-08-05 15:29:00.0;---;---;---;---;---;---;---;---;---;---;---;---;---;---;
2026-08-05 15:30:00.0;---;---;---;---;---;---;---;---;---;---;---;---;---;---;
2026-08-05 15:31:00.0;---;---;---;---;---;---;---;---;---;---;---;---;---;---;
2026-08-05 15:32:00.0;---;---;---;---;---;---;---;---;---;---;---;---;---;---;
2026-08-05 15:33:00.0;---;---;---;---;---;---;---;---;---;---;---;---;---;---;
2026-08-05 15:34:00.0;---;---;---;---;---;---;---;---;---;---;---;---;---;---;
2026-08-05 15:35:00.0;---;---;---;---;---;---;---;---;---;---;---;---;---;---;
2026-08-05 15:36:00.0;---;---;---;---;---;---;---;---;---;---;---;---;---;---;
2026-08-05 15:37:00.0;---;---;---;---;---;---;---;---;---;---;---;---;---;---;
2026-08-05 15:38:00.0;---;---;---;---;---;---;---;---;---;---;---;---;---;---;
2026-08-05 15:39:00.0;---;---;---;---;---;---;---;---;---;---;---;---;---;---;
2026-08-05 15:40:00.0;---;---;---;---;---;---;---;---;---;---;---;---;---;---;
2026-08-05 15:41:00.0;---;---;---;---;---;---;---;---;---;---;---;---;---;---;
2026-08-05 15:42:00.0;---;---;---;---;---;---;---;---;---;---;---;---;---;---;
2026-08-05 15:43:00.0;---;---;---;---;---;---;---;---;---;---;---;---;---;---;
2026-08-05 15:44:00.0;---;---;---;---;---;---;---;---;---;---;---;---;---;---;
2026-08-05 15:45:00.0;---;---;---;---;---;---;---;---;---;---;---;---;---;---;
2026-08-05 15:46:00.0;---;---;---;---;---;---;---;---;---;---;---;---;---;---;
2026-08-05 15:47:00.0;---;---;---;---;---;---;---;---;---;---;---;---;---;---;
2026-08-05 15:48:00.0;---;---;---;---;---;---;---;---;---;---;---;---;---;---;
2026-08-05 15:49:00.0;---;---;---;---;---;---;---;---;---;---;---;---;---;---;
2026-08-05 15:50:00.0;---;---;---;---;---;---;---;---;---;---;---;---;---;---;
2026-08-05 15:51:00.0;---;---;---;---;---;---;---;---;---;---;---;---;---;---;
2026-08-05 15:52:00.0;---;---;---;---;---;---;---;---;---;---;---;---;---;---;
2026-08-05 15:53:00.0;---;---;---;---;---;---;---;---;---;---;---;---;---;---;
2026-08-05 15:54:00.0;---;---;---;---;---;---;---;---;---;---;---;---;---;---;
2026-08-05 15:55:00.0;---;---;---;---;---;---;---;---;---;---;---;---;---;---;
2026-08-05 15:56:00.0;---;---;---;---;---;---;---;---;---;---;---;---;---;---;
2026-08-05 15:57:00.0;---;---;---;---;---;---;---;---;---;---;---;---;---;---;
2026-08-05 15:58:00.0;---;---;---;---;---;---;---;---;---;---;---;---;---;---;
2026-08-05 15:59:00.0;---;---;---;---;---;---;---;---;---;---;---;---;---;---;
2026-08-05 16:00:00.0;---;---;---;---;---;---;---;---;---;---;---;---;---;---;
2026-08-05 16:01:00.0;---;---;---;---;---;---;---;---;---;---;---;---;---;---;
2026-08-05 16:02:00.0;---;---;---;---;---;---;---;---;---;---;---;---;---;---;
2026-08-05 16:03:00.0;---;---;---;---;---;---;---;---;---;---;---;---;---;---;
2026-08-05 16:04:00.0;---;---;---;---;---;---;---;---;---;---;---;---;---;---;
2026-08-05 16:05:00.0;---;---;---;---;---;---;---;---;---;---;---;---;---;---;
2026-08-05 16:06:00.0;---;---;---;---;---;---;---;---;---;---;---;---;---;---;
2026-08-05 16:07:00.0;---;---;---;---;---;---;---;---;---;---;---;---;---;---;
2026-08-05 16:08:00.0;---;---;---;---;---;---;---;---;---;---;---;---;---;---;
2026-08-05 16:09:00.0;---;---;---;---;---;---;---;---;---;---;---;---;---;---;
2026-08-05 16:10:00.0;---;---;---;---;---;---;---;---;---;---;---;---;---;---;
2026-08-05 16:11:00.0;---;---;---;---;---;---;---;---;---;---;---;---;---;---;
2026-08-05 16:12:00.0;---;---;---;---;---;---;---;---;---;---;---;---;---;---;
2026-08-05 16:13:00.0;---;---;---;---;---;---;---;---;---;---;---;---;---;---;
2026-08-05 16:14:00.0;---;---;---;---;---;---;---;---;---;---;---;---;---;---;
2026-08-05 16:15:00.0;---;---;---;---;---;---;---;---;---;---;---;---;---;---;
2026-08-05 16:16:00.0;---;---;---;---;---;---;---;---;---;---;---;---;---;---;
2026-08-05 16:17:00.0;---;---;---;---;---;---;---;---;---;---;---;---;---;---;
2026-08-05 16:18:00.0;---;---;---;---;---;---;---;---;---;---;---;---;---;---;
2026-08-05 16:19:00.0;---;---;---;---;---;---;---;---;---;---;---;---;---;---;
2026-08-05 16:20:00.0;---;---;---;---;---;---;---;---;---;---;---;---;---;---;
2026-08-05 16:21:00.0;---;---;---;---;---;---;---;---;---;---;---;---;---;---;
2026-08-05 16:22:00.0;---;---;---;---;---;---;---;---;---;---;---;---;---;---;
2026-08-05 16:23:00.0;---;---;---;---;---;---;---;---;---;---;---;---;---;---;
2026-08-05 16:24:00.0;---;---;---;---;---;---;---;---;---;---;---;---;---;---;
2026-08-05 16:25:00.0;---;---;---;---;---;---;---;---;---;---;---;---;---;---;
2026-08-05 16:26:00.0;---;---;---;---;---;---;---;---;---;---;---;---;---;---;
2026-08-05 16:27:00.0;---;---;---;---;---;---;---;---;---;---;---;---;---;---;
2026-08-05 16:28:00.0;---;---;---;---;---;---;---;---;---;---;---;---;---;---;
2026-08-05 16:29:00.0;---;---;---;---;---;---;---;---;---;---;---;---;---;---;
2026-08-05 16:30:00.0;---;---;---;---;---;---;---;---;---;---;---;---;---;---;
2026-08-05 16:31:00.0;---;---;---;---;---;---;---;---;---;---;---;---;---;---;
2026-08-05 16:32:00.0;---;---;---;---;---;---;---;---;---;---;---;---;---;---;
2026-08-05 16:33:00.0;---;---;---;---;---;---;---;---;---;---;---;---;---;---;
2026-08-05 16:34:00.0;---;---;---;---;---;---;---;---;---;---;---;---;---;---;
2026-08-05 16:35:00.0;---;---;---;---;---;---;---;---;---;---;---;---;---;---;
2026-08-05 16:36:00.0;---;---;---;---;---;---;---;---;---;---;---;---;---;---;
2026-08-05 16:37:00.0;---;---;---;---;---;---;---;---;---;---;---;---;---;---;
2026-08-05 16:38:00.0;---;---;---;---;---;---;---;---;---;---;---;---;---;---;
2026-08-05 16:39:00.0;---;---;---;---;---;---;---;---;---;---;---;---;---;---;
2026-08-05 16:40:00.0;---;---;---;---;---;---;---;---;---;---;---;---;---;---;
2026-08-05 16:41:00.0;---;---;---;---;---;---;---;---;---;---;---;---;---;---;
2026-08-05 16:42:00.0;---;---;---;---;---;---;---;---;---;---;---;---;---;---;
2026-08-05 16:43:00.0;---;---;---;---;---;---;---;---;---;---;---;---;---;---;
2026-08-05 16:44:00.0;---;---;---;---;---;---;---;---;---;---;---;---;---;---;
2026-08-05 16:45:00.0;---;---;---;---;---;---;---;---;---;---;---;---;---;---;
2026-08-05 16:46:00.0;---;---;---;---;---;---;---;---;---;---;---;---;---;---;
2026-08-05 16:47:00.0;---;---;---;---;---;---;---;---;---;---;---;---;---;---;
2026-08-05 16:48:00.0;---;---;---;---;---;---;---;---;---;---;---;---;---;---;
2026-08-05 16:49:00.0;---;---;---;---;---;---;---;---;---;---;---;---;---;---;
2026-08-05 16:50:00.0;---;---;---;---;---;---;---;---;---;---;---;---;---;---;
2026-08-05 16:51:00.0;---;---;---;---;---;---;---;---;---;---;---;---;---;---;
2026-08-05 16:52:00.0;---;---;---;---;---;---;---;---;---;---;---;---;---;---;
2026-08-05 16:53:00.0;---;---;---;---;---;---;---;---;---;---;---;---;---;---;
2026-08-05 16:54:00.0;---;---;---;---;---;---;---;---;---;---;---;---;---;---;
2026-08-05 16:55:00.0;---;---;---;---;---;---;---;---;---;---;---;---;---;---;
2026-08-05 16:56:00.0;---;---;---;---;---;---;---;---;---;---;---;---;---;---;
2026-08-05 16:57:00.0;---;---;---;---;---;---;---;---;---;---;---;---;---;---;
2026-08-05 16:58:00.0;---;---;---;---;---;---;---;---;---;---;---;---;---;---;
2026-08-05 16:59:00.0;---;---;---;---;---;---;---;---;---;---;---;---;---;---;
2026-08-05 17:00:00.0;---;---;---;---;---;---;---;---;---;---;---;---;---;---;
2026-08-05 17:01:00.0;---;---;---;---;---;---;---;---;---;---;---;---;---;---;
2026-08-05 17:02:00.0;---;---;---;---;---;---;---;---;---;---;---;---;---;---;
2026-08-05 17:03:00.0;---;---;---;---;---;---;---;---;---;---;---;---;---;---;
2026-08-05 17:04:00.0;---;---;---;---;---;---;---;---;---;---;---;---;---;---;
2026-08-05 17:05:00.0;---;---;---;---;---;---;---;---;---;---;---;---;---;---;
2026-08-05 17:06:00.0;---;---;---;---;---;---;---;---;---;---;---;---;---;---;
2026-08-05 17:07:00.0;---;---;---;---;---;---;---;---;---;---;---;---;---;---;
2026-08-05 17:08:00.0;---;---;---;---;---;---;---;---;---;---;---;---;---;---;
2026-08-05 17:09:00.0;---;---;---;---;---;---;---;---;---;---;---;---;---;---;
2026-08-05 17:10:00.0;---;---;---;---;---;---;---;---;---;---;---;---;---;---;
2026-08-05 17:11:00.0;---;---;---;---;---;---;---;---;---;---;---;---;---;---;
2026-08-05 17:12:00.0;---;---;---;---;---;---;---;---;---;---;---;---;---;---;
2026-08-05 17:13:00.0;---;---;---;---;---;---;---;---;---;---;---;---;---;---;
2026-08-05 17:14:00.0;---;---;---;---;---;---;---;---;---;---;---;---;---;---;
2026-08-05 17:15:00.0;---;---;---;---;---;---;---;---;---;---;---;---;---;---;
2026-08-05 17:16:00.0;---;---;---;---;---;---;---;---;---;---;---;---;---;---;
2026-08-05 17:17:00.0;---;---;---;---;---;---;---;---;---;---;---;---;---;---;
2026-08-05 17:18:00.0;---;---;---;---;---;---;---;---;---;---;---;---;---;---;
2026-08-05 17:19:00.0;---;---;---;---;---;---;---;---;---;---;---;---;---;---;
2026-08-05 17:20:00.0;---;---;---;---;---;---;---;---;---;---;---;---;---;---;
2026-08-05 17:21:00.0;---;---;---;---;---;---;---;---;---;---;---;---;---;---;
2026-08-05 17:22:00.0;---;---;---;---;---;---;---;---;---;---;---;---;---;---;
2026-08-05 17:23:00.0;---;---;---;---;---;---;---;---;---;---;---;---;---;---;
2026-08-05 17:24:00.0;---;---;---;---;---;---;---;---;---;---;---;---;---;---;
2026-08-05 17:25:00.0;---;---;---;---;---;---;---;---;---;---;---;---;---;---;
2026-08-05 17:26:00.0;---;---;---;---;---;---;---;---;---;---;---;---;---;---;
2026-08-05 17:27:00.0;---;---;---;---;---;---;---;---;---;---;---;---;---;---;
2026-08-05 17:28:00.0;---;---;---;---;---;---;---;---;---;---;---;---;---;---;
2026-08-05 17:29:00.0;---;---;---;---;---;---;---;---;---;---;---;---;---;---;
2026-08-05 17:30:00.0;---;---;---;---;---;---;---;---;---;---;---;---;---;---;
2026-08-05 17:31:00.0;---;---;---;---;---;---;---;---;---;---;---;---;---;---;
2026-08-05 17:32:00.0;---;---;---;---;---;---;---;---;---;---;---;---;---;---;
2026-08-05 17:33:00.0;---;---;---;---;---;---;---;---;---;---;---;---;---;---;
2026-08-05 17:34:00.0;---;---;---;---;---;---;---;---;---;---;---;---;---;---;
2026-08-05 17:35:00.0;---;---;---;---;---;---;---;---;---;---;---;---;---;---;
2026-08-05 17:36:00.0;---;---;---;---;---;---;---;---;---;---;---;---;---;---;
2026-08-05 17:37:00.0;---;---;---;---;---;---;---;---;---;---;---;---;---;---;
2026-08-05 17:38:00.0;---;---;---;---;---;---;---;---;---;---;---;---;---;---;
2026-08-05 17:39:00.0;---;---;---;---;---;---;---;---;---;---;---;---;---;---;
2026-08-05 17:40:00.0;---;---;---;---;---;---;---;---;---;---;---;---;---;---;
2026-08-05 17:41:00.0;---;---;---;---;---;---;---;---;---;---;---;---;---;---;
2026-08-05 17:42:00.0;---;---;---;---;---;---;---;---;---;---;---;---;---;---;
2026-08-05 17:43:00.0;---;---;---;---;---;---;---;---;---;---;---;---;---;---;
2026-08-05 17:44:00.0;---;---;---;---;---;---;---;---;---;---;---;---;---;---;
2026-08-05 17:45:00.0;---;---;---;---;---;---;---;---;---;---;---;---;---;---;
2026-08-05 17:46:00.0;---;---;---;---;---;---;---;---;---;---;---;---;---;---;
2026-08-05 17:47:00.0;---;---;---;---;---;---;---;---;---;---;---;---;---;---;
2026-08-05 17:48:00.0;---;---;---;---;---;---;---;---;---;---;---;---;---;---;
2026-08-05 17:49:00.0;---;---;---;---;---;---;---;---;---;---;---;---;---;---;
2026-08-05 17:50:00.0;---;---;---;---;---;---;---;---;---;---;---;---;---;---;
2026-08-05 17:51:00.0;---;---;---;---;---;---;---;---;---;---;---;---;---;---;
2026-08-05 17:52:00.0;---;---;---;---;---;---;---;---;---;---;---;---;---;---;
2026-08-05 17:53:00.0;---;---;---;---;---;---;---;---;---;---;---;---;---;---;
2026-08-05 17:54:00.0;---;---;---;---;---;---;---;---;---;---;---;---;---;---;
2026-08-05 17:55:00.0;---;---;---;---;---;---;---;---;---;---;---;---;---;---;
2026-08-05 17:56:00.0;---;---;---;---;---;---;---;---;---;---;---;---;---;---;
2026-08-05 17:57:00.0;---;---;---;---;---;---;---;---;---;---;---;---;---;---;
2026-08-05 17:58:00.0;---;---;---;---;---;---;---;---;---;---;---;---;---;---;
2026-08-05 17:59:00.0;---;---;---;---;---;---;---;---;---;---;---;---;---;---;
2026-08-05 18:00:00.0;---;---;---;---;---;---;---;---;---;---;---;---;---;---;
2026-08-05 18:01:00.0;---;---;---;---;---;---;---;---;---;---;---;---;---;---;
2026-08-05 18:02:00.0;---;---;---;---;---;---;---;---;---;---;---;---;---;---;
2026-08-05 18:03:00.0;---;---;---;---;---;---;---;---;---;---;---;---;---;---;
2026-08-05 18:04:00.0;---;---;---;---;---;---;---;---;---;---;---;---;---;---;
2026-08-05 18:05:00.0;---;---;---;---;---;---;---;---;---;---;---;---;---;---;
2026-08-05 18:06:00.0;---;---;---;---;---;---;---;---;---;---;---;---;---;---;
2026-08-05 18:07:00.0;---;---;---;---;---;---;---;---;---;---;---;---;---;---;
2026-08-05 18:08:00.0;---;---;---;---;---;---;---;---;---;---;---;---;---;---;
2026-08-05 18:09:00.0;---;---;---;---;---;---;---;---;---;---;---;---;---;---;
2026-08-05 18:10:00.0;---;---;---;---;---;---;---;---;---;---;---;---;---;---;
2026-08-05 18:11:00.0;---;---;---;---;---;---;---;---;---;---;---;---;---;---;
2026-08-05 18:12:00.0;---;---;---;---;---;---;---;---;---;---;---;---;---;---;
2026-08-05 18:13:00.0;---;---;---;---;---;---;---;---;---;---;---;---;---;---;
2026-08-05 18:14:00.0;---;---;---;---;---;---;---;---;---;---;---;---;---;---;
2026-08-05 18:15:00.0;---;---;---;---;---;---;---;---;---;---;---;---;---;---;
2026-08-05 18:16:00.0;---;---;---;---;---;---;---;---;---;---;---;---;---;---;
2026-08-05 18:17:00.0;---;---;---;---;---;---;---;---;---;---;---;---;---;---;
2026-08-05 18:18:00.0;---;---;---;---;---;---;---;---;---;---;---;---;---;---;
2026-08-05 18:19:00.0;---;---;---;---;---;---;---;---;---;---;---;---;---;---;
2026-08-05 18:20:00.0;---;---;---;---;---;---;---;---;---;---;---;---;---;---;
2026-08-05 18:21:00.0;---;---;---;---;---;---;---;---;---;---;---;---;---;---;
2026-08-05 18:22:00.0;---;---;---;---;---;---;---;---;---;---;---;---;---;---;
2026-08-05 18:23:00.0;---;---;---;---;---;---;---;---;---;---;---;---;---;---;
2026-08-05 18:24:00.0;---;---;---;---;---;---;---;---;---;---;---;---;---;---;
2026-08-05 18:25:00.0;---;---;---;---;---;---;---;---;---;---;---;---;---;---;
2026-08-05 18:26:00.0;---;---;---;---;---;---;---;---;---;---;---;---;---;---;
2026-08-05 18:27:00.0;---;---;---;---;---;---;---;---;---;---;---;---;---;---;
2026-08-05 18:28:00.0;---;---;---;---;---;---;---;---;---;---;---;---;---;---;
2026-08-05 18:29:00.0;---;---;---;---;---;---;---;---;---;---;---;---;---;---;
2026-08-05 18:30:00.0;---;---;---;---;---;---;---;---;---;---;---;---;---;---;
2026-08-05 18:31:00.0;---;---;---;---;---;---;---;---;---;---;---;---;---;---;
2026-08-05 18:32:00.0;---;---;---;---;---;---;---;---;---;---;---;---;---;---;
2026-08-05 18:33:00.0;---;---;---;---;---;---;---;---;---;---;---;---;---;---;
2026-08-05 18:34:00.0;---;---;---;---;---;---;---;---;---;---;---;---;---;---;
2026-08-05 18:35:00.0;---;---;---;---;---;---;---;---;---;---;---;---;---;---;
2026-08-05 18:36:00.0;---;---;---;---;---;---;---;---;---;---;---;---;---;---;
2026-08-05 18:37:00.0;---;---;---;---;---;---;---;---;---;---;---;---;---;---;
2026-08-05 18:38:00.0;---;---;---;---;---;---;---;---;---;---;---;---;---;---;
2026-08-05 18:39:00.0;---;---;---;---;---;---;---;---;---;---;---;---;---;---;
2026-08-05 18:40:00.0;---;---;---;---;---;---;---;---;---;---;---;---;---;---;
2026-08-05 18:41:00.0;---;---;---;---;---;---;---;---;---;---;---;---;---;---;
2026-08-05 18:42:00.0;---;---;---;---;---;---;---;---;---;---;---;---;---;---;
2026-08-05 18:43:00.0;---;---;---;---;---;---;---;---;---;---;---;---;---;---;
2026-08-05 18:44:00.0;---;---;---;---;---;---;---;---;---;---;---;---;---;---;
2026-08-05 18:45:00.0;---;---;---;---;---;---;---;---;---;---;---;---;---;---;
2026-08-05 18:46:00.0;---;---;---;---;---;---;---;---;---;---;---;---;---;---;
2026-08-05 18:47:00.0;---;---;---;---;---;---;---;---;---;---;---;---;---;---;
2026-08-05 18:48:00.0;---;---;---;---;---;---;---;---;---;---;---;---;---;---;
2026-08-05 18:49:00.0;---;---;---;---;---;---;---;---;---;---;---;---;---;---;
2026-08-05 18:50:00.0;---;---;---;---;---;---;---;---;---;---;---;---;---;---;
2026-08-05 18:51:00.0;---;---;---;---;---;---;---;---;---;---;---;---;---;---;
2026-08-05 18:52:00.0;---;---;---;---;---;---;---;---;---;---;---;---;---;---;
2026-08-05 18:53:00.0;---;---;---;---;---;---;---;---;---;---;---;---;---;---;
2026-08-05 18:54:00.0;---;---;---;---;---;---;---;---;---;---;---;---;---;---;
2026-08-05 18:55:00.0;---;---;---;---;---;---;---;---;---;---;---;---;---;---;
2026-08-05 18:56:00.0;---;---;---;---;---;---;---;---;---;---;---;---;---;---;
2026-08-05 18:57:00.0;---;---;---;---;---;---;---;---;---;---;---;---;---;---;
2026-08-05 18:58:00.0;---;---;---;---;---;---;---;---;---;---;---;---;---;---;
2026-08-05 18:59:00.0;---;---;---;---;---;---;---;---;---;---;---;---;---;---;
2026-08-05 19:00:00.0;---;---;---;---;---;---;---;---;---;---;---;---;---;---;
2026-08-05 19:01:00.0;---;---;---;---;---;---;---;---;---;---;---;---;---;---;
2026-08-05 19:02:00.0;---;---;---;---;---;---;---;---;---;---;---;---;---;---;
2026-08-05 19:03:00.0;---;---;---;---;---;---;---;---;---;---;---;---;---;---;
2026-08-05 19:04:00.0;---;---;---;---;---;---;---;---;---;---;---;---;---;---;
2026-08-05 19:05:00.0;---;---;---;---;---;---;---;---;---;---;---;---;---;---;
2026-08-05 19:06:00.0;---;---;---;---;---;---;---;---;---;---;---;---;---;---;
2026-08-05 19:07:00.0;---;---;---;---;---;---;---;---;---;---;---;---;---;---;
2026-08-05 19:08:00.0;---;---;---;---;---;---;---;---;---;---;---;---;---;---;
2026-08-05 19:09:00.0;---;---;---;---;---;---;---;---;---;---;---;---;---;---;
2026-08-05 19:10:00.0;---;---;---;---;---;---;---;---;---;---;---;---;---;---;
2026-08-05 19:11:00.0;---;---;---;---;---;---;---;---;---;---;---;---;---;---;
2026-08-05 19:12:00.0;---;---;---;---;---;---;---;---;---;---;---;---;---;---;
2026-08-05 19:13:00.0;---;---;---;---;---;---;---;---;---;---;---;---;---;---;
2026-08-05 19:14:00.0;---;---;---;---;---;---;---;---;---;---;---;---;---;---;
2026-08-05 19:15:00.0;---;---;---;---;---;---;---;---;---;---;---;---;---;---;
2026-08-05 19:16:00.0;---;---;---;---;---;---;---;---;---;---;---;---;---;---;
2026-08-05 19:17:00.0;---;---;---;---;---;---;---;---;---;---;---;---;---;---;
2026-08-05 19:18:00.0;---;---;---;---;---;---;---;---;---;---;---;---;---;---;
2026-08-05 19:19:00.0;---;---;---;---;---;---;---;---;---;---;---;---;---;---;
2026-08-05 19:20:00.0;---;---;---;---;---;---;---;---;---;---;---;---;---;---;
2026-08-05 19:21:00.0;---;---;---;---;---;---;---;---;---;---;---;---;---;---;
2026-08-05 19:22:00.0;---;---;---;---;---;---;---;---;---;---;---;---;---;---;
2026-08-05 19:23:00.0;---;---;---;---;---;---;---;---;---;---;---;---;---;---;
2026-08-05 19:24:00.0;---;---;---;---;---;---;---;---;---;---;---;---;---;---;
2026-08-05 19:25:00.0;---;---;---;---;---;---;---;---;---;---;---;---;---;---;
2026-08-05 19:26:00.0;---;---;---;---;---;---;---;---;---;---;---;---;---;---;
2026-08-05 19:27:00.0;---;---;---;---;---;---;---;---;---;---;---;---;---;---;
2026-08-05 19:28:00.0;---;---;---;---;---;---;---;---;---;---;---;---;---;---;
2026-08-05 19:29:00.0;---;---;---;---;---;---;---;---;---;---;---;---;---;---;
2026-08-05 19:30:00.0;---;---;---;---;---;---;---;---;---;---;---;---;---;---;
2026-08-05 19:31:00.0;---;---;---;---;---;---;---;---;---;---;---;---;---;---;
2026-08-05 19:32:00.0;---;---;---;---;---;---;---;---;---;---;---;---;---;---;
2026-08-05 19:33:00.0;---;---;---;---;---;---;---;---;---;---;---;---;---;---;
2026-08-05 19:34:00.0;---;---;---;---;---;---;---;---;---;---;---;---;---;---;
2026-08-05 19:35:00.0;---;---;---;---;---;---;---;---;---;---;---;---;---;---;
2026-08-05 19:36:00.0;---;---;---;---;---;---;---;---;---;---;---;---;---;---;
2026-08-05 19:37:00.0;---;---;---;---;---;---;---;---;---;---;---;---;---;---;
2026-08-05 19:38:00.0;---;---;---;---;---;---;---;---;---;---;---;---;---;---;
2026-08-05 19:39:00.0;---;---;---;---;---;---;---;---;---;---;---;---;---;---;
2026-08-05 19:40:00.0;---;---;---;---;---;---;---;---;---;---;---;---;---;---;
2026-08-05 19:41:00.0;---;---;---;---;---;---;---;---;---;---;---;---;---;---;
2026-08-05 19:42:00.0;---;---;---;---;---;---;---;---;---;---;---;---;---;---;
2026-08-05 19:43:00.0;---;---;---;---;---;---;---;---;---;---;---;---;---;---;
2026-08-05 19:44:00.0;---;---;---;---;---;---;---;---;---;---;---;---;---;---;
2026-08-05 19:45:00.0;---;---;---;---;---;---;---;---;---;---;---;---;---;---;
2026-08-05 19:46:00.0;---;---;---;---;---;---;---;---;---;---;---;---;---;---;
2026-08-05 19:47:00.0;---;---;---;---;---;---;---;---;---;---;---;---;---;---;
2026-08-05 19:48:00.0;---;---;---;---;---;---;---;---;---;---;---;---;---;---;
2026-08-05 19:49:00.0;---;---;---;---;---;---;---;---;---;---;---;---;---;---;
2026-08-05 19:50:00.0;---;---;---;---;---;---;---;---;---;---;---;---;---;---;
2026-08-05 19:51:00.0;---;---;---;---;---;---;---;---;---;---;---;---;---;---;
2026-08-05 19:52:00.0;---;---;---;---;---;---;---;---;---;---;---;---;---;---;
2026-08-05 19:53:00.0;---;---;---;---;---;---;---;---;---;---;---;---;---;---;
2026-08-05 19:54:00.0;---;---;---;---;---;---;---;---;---;---;---;---;---;---;
2026-08-05 19:55:00.0;---;---;---;---;---;---;---;---;---;---;---;---;---;---;
2026-08-05 19:56:00.0;---;---;---;---;---;---;---;---;---;---;---;---;---;---;
2026-08-05 19:57:00.0;---;---;---;---;---;---;---;---;---;---;---;---;---;---;
2026-08-05 19:58:00.0;---;---;---;---;---;---;---;---;---;---;---;---;---;---;
2026-08-05 19:59:00.0;---;---;---;---;---;---;---;---;---;---;---;---;---;---;
2026-08-05 20:00:00.0;---;---;---;---;---;---;---;---;---;---;---;---;---;---;
2026-08-05 20:01:00.0;---;---;---;---;---;---;---;---;---;---;---;---;---;---;
2026-08-05 20:02:00.0;---;---;---;---;---;---;---;---;---;---;---;---;---;---;
2026-08-05 20:03:00.0;---;---;---;---;---;---;---;---;---;---;---;---;---;---;
2026-08-05 20:04:00.0;---;---;---;---;---;---;---;---;---;---;---;---;---;---;
2026-08-05 20:05:00.0;---;---;---;---;---;---;---;---;---;---;---;---;---;---;
2026-08-05 20:06:00.0;---;---;---;---;---;---;---;---;---;---;---;---;---;---;
2026-08-05 20:07:00.0;---;---;---;---;---;---;---;---;---;---;---;---;---;---;
2026-08-05 20:08:00.0;---;---;---;---;---;---;---;---;---;---;---;---;---;---;
2026-08-05 20:09:00.0;---;---;---;---;---;---;---;---;---;---;---;---;---;---;
2026-08-05 20:10:00.0;---;---;---;---;---;---;---;---;---;---;---;---;---;---;
2026-08-05 20:11:00.0;---;---;---;---;---;---;---;---;---;---;---;---;---;---;
2026-08-05 20:12:00.0;---;---;---;---;---;---;---;---;---;---;---;---;---;---;
2026-08-05 20:13:00.0;---;---;---;---;---;---;---;---;---;---;---;---;---;---;
2026-08-05 20:14:00.0;---;---;---;---;---;---;---;---;---;---;---;---;---;---;
2026-08-05 20:15:00.0;---;---;---;---;---;---;---;---;---;---;---;---;---;---;
2026-08-05 20:16:00.0;---;---;---;---;---;---;---;---;---;---;---;---;---;---;
2026-08-05 20:17:00.0;---;---;---;---;---;---;---;---;---;---;---;---;---;---;
2026-08-05 20:18:00.0;---;---;---;---;---;---;---;---;---;---;---;---;---;---;
2026-08-05 20:19:00.0;---;---;---;---;---;---;---;---;---;---;---;---;---;---;
2026-08-05 20:20:00.0;---;---;---;---;---;---;---;---;---;---;---;---;---;---;
2026-08-05 20:21:00.0;---;---;---;---;---;---;---;---;---;---;---;---;---;---;
2026-08-05 20:22:00.0;---;---;---;---;---;---;---;---;---;---;---;---;---;---;
2026-08-05 20:23:00.0;---;---;---;---;---;---;---;---;---;---;---;---;---;---;
2026-08-05 20:24:00.0;---;---;---;---;---;---;---;---;---;---;---;---;---;---;
2026-08-05 20:25:00.0;---;---;---;---;---;---;---;---;---;---;---;---;---;---;
2026-08-05 20:26:00.0;---;---;---;---;---;---;---;---;---;---;---;---;---;---;
2026-08-05 20:27:00.0;---;---;---;---;---;---;---;---;---;---;---;---;---;---;
2026-08-05 20:28:00.0;---;---;---;---;---;---;---;---;---;---;---;---;---;---;
2026-08-05 20:29:00.0;---;---;---;---;---;---;---;---;---;---;---;---;---;---;
2026-08-05 20:30:00.0;---;---;---;---;---;---;---;---;---;---;---;---;---;---;
2026-08-05 20:31:00.0;---;---;---;---;---;---;---;---;---;---;---;---;---;---;
2026-08-05 20:32:00.0;---;---;---;---;---;---;---;---;---;---;---;---;---;---;
2026-08-05 20:33:00.0;---;---;---;---;---;---;---;---;---;---;---;---;---;---;
2026-08-05 20:34:00.0;---;---;---;---;---;---;---;---;---;---;---;---;---;---;
2026-08-05 20:35:00.0;---;---;---;---;---;---;---;---;---;---;---;---;---;---;
2026-08-05 20:36:00.0;---;---;---;---;---;---;---;---;---;---;---;---;---;---;
2026-08-05 20:37:00.0;---;---;---;---;---;---;---;---;---;---;---;---;---;---;
2026-08-05 20:38:00.0;---;---;---;---;---;---;---;---;---;---;---;---;---;---;
2026-08-05 20:39:00.0;---;---;---;---;---;---;---;---;---;---;---;---;---;---;
2026-08-05 20:40:00.0;---;---;---;---;---;---;---;---;---;---;---;---;---;---;
2026-08-05 20:41:00.0;---;---;---;---;---;---;---;---;---;---;---;---;---;---;
2026-08-05 20:42:00.0;---;---;---;---;---;---;---;---;---;---;---;---;---;---;
2026-08-05 20:43:00.0;---;---;---;---;---;---;---;---;---;---;---;---;---;---;
2026-08-05 20:44:00.0;---;---;---;---;---;---;---;---;---;---;---;---;---;---;
2026-08-05 20:45:00.0;---;---;---;---;---;---;---;---;---;---;---;---;---;---;
2026-08-05 20:46:00.0;---;---;---;---;---;---;---;---;---;---;---;---;---;---;
2026-08-05 20:47:00.0;---;---;---;---;---;---;---;---;---;---;---;---;---;---;
2026-08-05 20:48:00.0;---;---;---;---;---;---;---;---;---;---;---;---;---;---;
2026-08-05 20:49:00.0;---;---;---;---;---;---;---;---;---;---;---;---;---;---;
2026-08-05 20:50:00.0;---;---;---;---;---;---;---;---;---;---;---;---;---;---;
2026-08-05 20:51:00.0;---;---;---;---;---;---;---;---;---;---;---;---;---;---;
2026-08-05 20:52:00.0;---;---;---;---;---;---;---;---;---;---;---;---;---;---;
2026-08-05 20:53:00.0;---;---;---;---;---;---;---;---;---;---;---;---;---;---;
2026-08-05 20:54:00.0;---;---;---;---;---;---;---;---;---;---;---;---;---;---;
2026-08-05 20:55:00.0;---;---;---;---;---;---;---;---;---;---;---;---;---;---;
2026-08-05 20:56:00.0;---;---;---;---;---;---;---;---;---;---;---;---;---;---;
2026-08-05 20:57:00.0;---;---;---;---;---;---;---;---;---;---;---;---;---;---;
2026-08-05 20:58:00.0;---;---;---;---;---;---;---;---;---;---;---;---;---;---;
2026-08-05 20:59:00.0;---;---;---;---;---;---;---;---;---;---;---;---;---;---;
2026-08-05 21:00:00.0;---;---;---;---;---;---;---;---;---;---;---;---;---;---;
2026-08-05 21:01:00.0;---;---;---;---;---;---;---;---;---;---;---;---;---;---;
2026-08-05 21:02:00.0;---;---;---;---;---;---;---;---;---;---;---;---;---;---;
2026-08-05 21:03:00.0;---;---;---;---;---;---;---;---;---;---;---;---;---;---;
2026-08-05 21:04:00.0;---;---;---;---;---;---;---;---;---;---;---;---;---;---;
2026-08-05 21:05:00.0;---;---;---;---;---;---;---;---;---;---;---;---;---;---;
2026-08-05 21:06:00.0;---;---;---;---;---;---;---;---;---;---;---;---;---;---;
2026-08-05 21:07:00.0;---;---;---;---;---;---;---;---;---;---;---;---;---;---;
2026-08-05 21:08:00.0;---;---;---;---;---;---;---;---;---;---;---;---;---;---;
2026-08-05 21:09:00.0;---;---;---;---;---;---;---;---;---;---;---;---;---;---;
2026-08-05 21:10:00.0;---;---;---;---;---;---;---;---;---;---;---;---;---;---;
2026-08-05 21:11:00.0;---;---;---;---;---;---;---;---;---;---;---;---;---;---;
2026-08-05 21:12:00.0;---;---;---;---;---;---;---;---;---;---;---;---;---;---;
2026-08-05 21:13:00.0;---;---;---;---;---;---;---;---;---;---;---;---;---;---;
2026-08-05 21:14:00.0;---;---;---;---;---;---;---;---;---;---;---;---;---;---;
2026-08-05 21:15:00.0;---;---;---;---;---;---;---;---;---;---;---;---;---;---;
2026-08-05 21:16:00.0;---;---;---;---;---;---;---;---;---;---;---;---;---;---;
2026-08-05 21:17:00.0;---;---;---;---;---;---;---;---;---;---;---;---;---;---;
2026-08-05 21:18:00.0;---;---;---;---;---;---;---;---;---;---;---;---;---;---;
2026-08-05 21:19:00.0;---;---;---;---;---;---;---;---;---;---;---;---;---;---;
2026-08-05 21:20:00.0;---;---;---;---;---;---;---;---;---;---;---;---;---;---;
2026-08-05 21:21:00.0;---;---;---;---;---;---;---;---;---;---;---;---;---;---;
2026-08-05 21:22:00.0;---;---;---;---;---;---;---;---;---;---;---;---;---;---;
2026-08-05 21:23:00.0;---;---;---;---;---;---;---;---;---;---;---;---;---;---;
2026-08-05 21:24:00.0;---;---;---;---;---;---;---;---;---;---;---;---;---;---;
2026-08-05 21:25:00.0;---;---;---;---;---;---;---;---;---;---;---;---;---;---;
2026-08-05 21:26:00.0;---;---;---;---;---;---;---;---;---;---;---;---;---;---;
2026-08-05 21:27:00.0;---;---;---;---;---;---;---;---;---;---;---;---;---;---;
2026-08-05 21:28:00.0;---;---;---;---;---;---;---;---;---;---;---;---;---;---;
2026-08-05 21:29:00.0;---;---;---;---;---;---;---;---;---;---;---;---;---;---;
2026-08-05 21:30:00.0;---;---;---;---;---;---;---;---;---;---;---;---;---;---;
2026-08-05 21:31:00.0;---;---;---;---;---;---;---;---;---;---;---;---;---;---;
2026-08-05 21:32:00.0;---;---;---;---;---;---;---;---;---;---;---;---;---;---;
2026-08-05 21:33:00.0;---;---;---;---;---;---;---;---;---;---;---;---;---;---;
2026-08-05 21:34:00.0;---;---;---;---;---;---;---;---;---;---;---;---;---;---;
2026-08-05 21:35:00.0;---;---;---;---;---;---;---;---;---;---;---;---;---;---;
2026-08-05 21:36:00.0;---;---;---;---;---;---;---;---;---;---;---;---;---;---;
2026-08-05 21:37:00.0;---;---;---;---;---;---;---;---;---;---;---;---;---;---;
2026-08-05 21:38:00.0;---;---;---;---;---;---;---;---;---;---;---;---;---;---;
2026-08-05 21:39:00.0;---;---;---;---;---;---;---;---;---;---;---;---;---;---;
2026-08-05 21:40:00.0;---;---;---;---;---;---;---;---;---;---;---;---;---;---;
2026-08-05 21:41:00.0;---;---;---;---;---;---;---;---;---;---;---;---;---;---;
2026-08-05 21:42:00.0;---;---;---;---;---;---;---;---;---;---;---;---;---;---;
2026-08-05 21:43:00.0;---;---;---;---;---;---;---;---;---;---;---;---;---;---;
2026-08-05 21:44:00.0;---;---;---;---;---;---;---;---;---;---;---;---;---;---;
2026-08-05 21:45:00.0;---;---;---;---;---;---;---;---;---;---;---;---;---;---;
2026-08-05 21:46:00.0;---;---;---;---;---;---;---;---;---;---;---;---;---;---;
2026-08-05 21:47:00.0;---;---;---;---;---;---;---;---;---;---;---;---;---;---;
2026-08-05 21:48:00.0;---;---;---;---;---;---;---;---;---;---;---;---;---;---;
2026-08-05 21:49:00.0;---;---;---;---;---;---;---;---;---;---;---;---;---;---;
2026-08-05 21:50:00.0;---;---;---;---;---;---;---;---;---;---;---;---;---;---;
2026-08-05 21:51:00.0;---;---;---;---;---;---;---;---;---;---;---;---;---;---;
2026-08-05 21:52:00.0;---;---;---;---;---;---;---;---;---;---;---;---;---;---;
2026-08-05 21:53:00.0;---;---;---;---;---;---;---;---;---;---;---;---;---;---;
2026-08-05 21:54:00.0;---;---;---;---;---;---;---;---;---;---;---;---;---;---;
2026-08-05 21:55:00.0;---;---;---;---;---;---;---;---;---;---;---;---;---;---;
2026-08-05 21:56:00.0;---;---;---;---;---;---;---;---;---;---;---;---;---;---;
2026-08-05 21:57:00.0;---;---;---;---;---;---;---;---;---;---;---;---;---;---;
2026-08-05 21:58:00.0;---;---;---;---;---;---;---;---;---;---;---;---;---;---;
2026-08-05 21:59:00.0;---;---;---;---;---;---;---;---;---;---;---;---;---;---;
2026-08-05 22:00:00.0;---;---;---;---;---;---;---;---;---;---;---;---;---;---;
2026-08-05 22:01:00.0;---;---;---;---;---;---;---;---;---;---;---;---;---;---;
2026-08-05 22:02:00.0;---;---;---;---;---;---;---;---;---;---;---;---;---;---;
2026-08-05 22:03:00.0;---;---;---;---;---;---;---;---;---;---;---;---;---;---;
2026-08-05 22:04:00.0;---;---;---;---;---;---;---;---;---;---;---;---;---;---;
2026-08-05 22:05:00.0;---;---;---;---;---;---;---;---;---;---;---;---;---;---;
2026-08-05 22:06:00.0;---;---;---;---;---;---;---;---;---;---;---;---;---;---;
2026-08-05 22:07:00.0;---;---;---;---;---;---;---;---;---;---;---;---;---;---;
2026-08-05 22:08:00.0;---;---;---;---;---;---;---;---;---;---;---;---;---;---;
2026-08-05 22:09:00.0;---;---;---;---;---;---;---;---;---;---;---;---;---;---;
2026-08-05 22:10:00.0;---;---;---;---;---;---;---;---;---;---;---;---;---;---;
2026-08-05 22:11:00.0;---;---;---;---;---;---;---;---;---;---;---;---;---;---;
2026-08-05 22:12:00.0;---;---;---;---;---;---;---;---;---;---;---;---;---;---;
2026-08-05 22:13:00.0;---;---;---;---;---;---;---;---;---;---;---;---;---;---;
2026-08-05 22:14:00.0;---;---;---;---;---;---;---;---;---;---;---;---;---;---;
2026-08-05 22:15:00.0;---;---;---;---;---;---;---;---;---;---;---;---;---;---;
2026-08-05 22:16:00.0;---;---;---;---;---;---;---;---;---;---;---;---;---;---;
2026-08-05 22:17:00.0;---;---;---;---;---;---;---;---;---;---;---;---;---;---;
2026-08-05 22:18:00.0;---;---;---;---;---;---;---;---;---;---;---;---;---;---;
2026-08-05 22:19:00.0;---;---;---;---;---;---;---;---;---;---;---;---;---;---;
2026-08-05 22:20:00.0;---;---;---;---;---;---;---;---;---;---;---;---;---;---;
2026-08-05 22:21:00.0;---;---;---;---;---;---;---;---;---;---;---;---;---;---;
2026-08-05 22:22:00.0;---;---;---;---;---;---;---;---;---;---;---;---;---;---;
2026-08-05 22:23:00.0;---;---;---;---;---;---;---;---;---;---;---;---;---;---;
2026-08-05 22:24:00.0;---;---;---;---;---;---;---;---;---;---;---;---;---;---;
2026-08-05 22:25:00.0;---;---;---;---;---;---;---;---;---;---;---;---;---;---;
2026-08-05 22:26:00.0;---;---;---;---;---;---;---;---;---;---;---;---;---;---;
2026-08-05 22:27:00.0;---;---;---;---;---;---;---;---;---;---;---;---;---;---;
2026-08-05 22:28:00.0;---;---;---;---;---;---;---;---;---;---;---;---;---;---;
2026-08-05 22:29:00.0;---;---;---;---;---;---;---;---;---;---;---;---;---;---;
2026-08-05 22:30:00.0;---;---;---;---;---;---;---;---;---;---;---;---;---;---;
2026-08-05 22:31:00.0;---;---;---;---;---;---;---;---;---;---;---;---;---;---;
2026-08-05 22:32:00.0;---;---;---;---;---;---;---;---;---;---;---;---;---;---;
2026-08-05 22:33:00.0;---;---;---;---;---;---;---;---;---;---;---;---;---;---;
2026-08-05 22:34:00.0;---;---;---;---;---;---;---;---;---;---;---;---;---;---;
2026-08-05 22:35:00.0;---;---;---;---;---;---;---;---;---;---;---;---;---;---;
2026-08-05 22:36:00.0;---;---;---;---;---;---;---;---;---;---;---;---;---;---;
2026-08-05 22:37:00.0;---;---;---;---;---;---;---;---;---;---;---;---;---;---;
2026-08-05 22:38:00.0;---;---;---;---;---;---;---;---;---;---;---;---;---;---;
2026-08-05 22:39:00.0;---;---;---;---;---;---;---;---;---;---;---;---;---;---;
2026-08-05 22:40:00.0;---;---;---;---;---;---;---;---;---;---;---;---;---;---;
2026-08-05 22:41:00.0;---;---;---;---;---;---;---;---;---;---;---;---;---;---;
2026-08-05 22:42:00.0;---;---;---;---;---;---;---;---;---;---;---;---;---;---;
2026-08-05 22:43:00.0;---;---;---;---;---;---;---;---;---;---;---;---;---;---;
2026-08-05 22:44:00.0;---;---;---;---;---;---;---;---;---;---;---;---;---;---;
2026-08-05 22:45:00.0;---;---;---;---;---;---;---;---;---;---;---;---;---;---;
2026-08-05 22:46:00.0;---;---;---;---;---;---;---;---;---;---;---;---;---;---;
2026-08-05 22:47:00.0;---;---;---;---;---;---;---;---;---;---;---;---;---;---;
2026-08-05 22:48:00.0;---;---;---;---;---;---;---;---;---;---;---;---;---;---;
2026-08-05 22:49:00.0;---;---;---;---;---;---;---;---;---;---;---;---;---;---;
2026-08-05 22:50:00.0;---;---;---;---;---;---;---;---;---;---;---;---;---;---;
2026-08-05 22:51:00.0;---;---;---;---;---;---;---;---;---;---;---;---;---;---;
2026-08-05 22:52:00.0;---;---;---;---;---;---;---;---;---;---;---;---;---;---;
2026-08-05 22:53:00.0;---;---;---;---;---;---;---;---;---;---;---;---;---;---;
2026-08-05 22:54:00.0;---;---;---;---;---;---;---;---;---;---;---;---;---;---;
2026-08-05 22:55:00.0;---;---;---;---;---;---;---;---;---;---;---;---;---;---;
2026-08-05 22:56:00.0;---;---;---;---;---;---;---;---;---;---;---;---;---;---;
2026-08-05 22:57:00.0;---;---;---;---;---;---;---;---;---;---;---;---;---;---;
2026-08-05 22:58:00.0;---;---;---;---;---;---;---;---;---;---;---;---;---;---;
2026-08-05 22:59:00.0;---;---;---;---;---;---;---;---;---;---;---;---;---;---;
2026-08-05 23:00:00.0;---;---;---;---;---;---;---;---;---;---;---;---;---;---;
2026-08-05 23:01:00.0;---;---;---;---;---;---;---;---;---;---;---;---;---;---;
2026-08-05 23:02:00.0;---;---;---;---;---;---;---;---;---;---;---;---;---;---;
2026-08-05 23:03:00.0;---;---;---;---;---;---;---;---;---;---;---;---;---;---;
2026-08-05 23:04:00.0;---;---;---;---;---;---;---;---;---;---;---;---;---;---;
2026-08-05 23:05:00.0;---;---;---;---;---;---;---;---;---;---;---;---;---;---;
2026-08-05 23:06:00.0;---;---;---;---;---;---;---;---;---;---;---;---;---;---;
2026-08-05 23:07:00.0;---;---;---;---;---;---;---;---;---;---;---;---;---;---;
2026-08-05 23:08:00.0;---;---;---;---;---;---;---;---;---;---;---;---;---;---;
2026-08-05 23:09:00.0;---;---;---;---;---;---;---;---;---;---;---;---;---;---;
2026-08-05 23:10:00.0;---;---;---;---;---;---;---;---;---;---;---;---;---;---;
2026-08-05 23:11:00.0;---;---;---;---;---;---;---;---;---;---;---;---;---;---;
2026-08-05 23:12:00.0;---;---;---;---;---;---;---;---;---;---;---;---;---;---;
2026-08-05 23:13:00.0;---;---;---;---;---;---;---;---;---;---;---;---;---;---;
2026-08-05 23:14:00.0;---;---;---;---;---;---;---;---;---;---;---;---;---;---;
2026-08-05 23:15:00.0;---;---;---;---;---;---;---;---;---;---;---;---;---;---;
2026-08-05 23:16:00.0;---;---;---;---;---;---;---;---;---;---;---;---;---;---;
2026-08-05 23:17:00.0;---;---;---;---;---;---;---;---;---;---;---;---;---;---;
2026-08-05 23:18:00.0;---;---;---;---;---;---;---;---;---;---;---;---;---;---;
2026-08-05 23:19:00.0;---;---;---;---;---;---;---;---;---;---;---;---;---;---;
2026-08-05 23:20:00.0;---;---;---;---;---;---;---;---;---;---;---;---;---;---;
2026-08-05 23:21:00.0;---;---;---;---;---;---;---;---;---;---;---;---;---;---;
2026-08-05 23:22:00.0;---;---;---;---;---;---;---;---;---;---;---;---;---;---;
2026-08-05 23:23:00.0;---;---;---;---;---;---;---;---;---;---;---;---;---;---;
2026-08-05 23:24:00.0;---;---;---;---;---;---;---;---;---;---;---;---;---;---;
2026-08-05 23:25:00.0;---;---;---;---;---;---;---;---;---;---;---;---;---;---;
2026-08-05 23:26:00.0;---;---;---;---;---;---;---;---;---;---;---;---;---;---;
2026-08-05 23:27:00.0;---;---;---;---;---;---;---;---;---;---;---;---;---;---;
2026-08-05 23:28:00.0;---;---;---;---;---;---;---;---;---;---;---;---;---;---;
2026-08-05 23:29:00.0;---;---;---;---;---;---;---;---;---;---;---;---;---;---;
2026-08-05 23:30:00.0;---;---;---;---;---;---;---;---;---;---;---;---;---;---;
2026-08-05 23:31:00.0;---;---;---;---;---;---;---;---;---;---;---;---;---;---;
2026-08-05 23:32:00.0;---;---;---;---;---;---;---;---;---;---;---;---;---;---;
2026-08-05 23:33:00.0;---;---;---;---;---;---;---;---;---;---;---;---;---;---;
2026-08-05 23:34:00.0;---;---;---;---;---;---;---;---;---;---;---;---;---;---;
2026-08-05 23:35:00.0;---;---;---;---;---;---;---;---;---;---;---;---;---;---;
2026-08-05 23:36:00.0;---;---;---;---;---;---;---;---;---;---;---;---;---;---;
2026-08-05 23:37:00.0;---;---;---;---;---;---;---;---;---;---;---;---;---;---;
2026-08-05 23:38:00.0;---;---;---;---;---;---;---;---;---;---;---;---;---;---;
2026-08-05 23:39:00.0;---;---;---;---;---;---;---;---;---;---;---;---;---;---;
2026-08-05 23:40:00.0;---;---;---;---;---;---;---;---;---;---;---;---;---;---;
2026-08-05 23:41:00.0;---;---;---;---;---;---;---;---;---;---;---;---;---;---;
2026-08-05 23:42:00.0;---;---;---;---;---;---;---;---;---;---;---;---;---;---;
2026-08-05 23:43:00.0;---;---;---;---;---;---;---;---;---;---;---;---;---;---;
2026-08-05 23:44:00.0;---;---;---;---;---;---;---;---;---;---;---;---;---;---;
2026-08-05 23:45:00.0;---;---;---;---;---;---;---;---;---;---;---;---;---;---;
2026-08-05 23:46:00.0;---;---;---;---;---;---;---;---;---;---;---;---;---;---;
2026-08-05 23:47:00.0;---;---;---;---;---;---;---;---;---;---;---;---;---;---;
2026-08-05 23:48:00.0;---;---;---;---;---;---;---;---;---;---;---;---;---;---;
2026-08-05 23:49:00.0;---;---;---;---;---;---;---;---;---;---;---;---;---;---;
2026-08-05 23:50:00.0;---;---;---;---;---;---;---;---;---;---;---;---;---;---;
2026-08-05 23:51:00.0;---;---;---;---;---;---;---;---;---;---;---;---;---;---;
2026-08-05 23:52:00.0;---;---;---;---;---;---;---;---;---;---;---;---;---;---;
2026-08-05 23:53:00.0;---;---;---;---;---;---;---;---;---;---;---;---;---;---;
2026-08-05 23:54:00.0;---;---;---;---;---;---;---;---;---;---;---;---;---;---;
2026-08-05 23:55:00.0;---;---;---;---;---;---;---;---;---;---;---;---;---;---;
2026-08-05 23:56:00.0;---;---;---;---;---;---;---;---;---;---;---;---;---;---;
2026-08-05 23:57:00.0;---;---;---;---;---;---;---;---;---;---;---;---;---;---;
2026-08-05 23:58:00.0;---;---;---;---;---;---;---;---;---;---;---;---;---;---;
2026-08-05 23:59:00.0;---;---;---;---;---;---;---;---;---;---;---;---;---;---;
