CamCarcacas2;
2026-07-07 00:00;2026-07-08 00:00;
12144 Frigorífico Thoms;
ayron.costa;
" ";CPCO 51 - Câmara de carcaças - Controle de temperatura 1;CPCO 51 - Câmara de carcaças - Controle de temperatura 1;CPCO 51 - Câmara de carcaças - Controle de temperatura 1;CPCO 51 - Câmara de carcaças - Controle de temperatura 1;CPCO 51 - Câmara de carcaças - Controle de temperatura 1;CPCO 51 - Câmara de carcaças - Controle de temperatura 1;CPCO 52 - Câmara de carcaças - Controle de temperatura 2;CPCO 52 - Câmara de carcaças - Controle de temperatura 2;CPCO 53 - Balança;CPCO 51 - Câmara de carcaças - Controle de temperatura 1;CPCO 51 - Câmara de carcaças - Controle de temperatura 1;CPCO 51 - Câmara de carcaças - Controle de temperatura 1;CPCO 51 - Câmara de carcaças - Controle de temperatura 1;CPCO 54 - Câmara de carcaças - Controle de temperatura 3;
" ";Carregamento;Resfriamento;Saida Y1 - Ventiladores EC;Temp entrada glicol;Temp ref;Temp retorno ar;Temperatuda espeto;Umidade relativa da camara;Peso atual;DT Atual;DT ref;Cap Atual Valvula;Temp retorno ar M1A08;Temp Insuf de ar M1A08;" ";
2026-07-07 00:00:00.0;OFF;ON;90;0,50;0,80;4,30;15,90;95,10;113;3,80;3,50;55,20;4,10;3,20;
2026-07-07 00:01:00.0;OFF;ON;90;0,80;0,80;4,30;15,90;95,10;113;3,60;3,50;56,60;4,10;3,20;
2026-07-07 00:02:00.0;OFF;ON;90;0,60;0,80;4,30;15,90;95,20;113;3,70;3,50;55,30;4,10;3,20;
2026-07-07 00:03:00.0;OFF;ON;90;1,40;0,80;4,30;15,80;95,20;113;2,90;3,50;60,60;4,10;3,20;
2026-07-07 00:04:00.0;OFF;ON;90;1;0,80;4,30;15,80;95,20;113;3,40;3,50;58,30;4,10;3,30;
2026-07-07 00:05:00.0;OFF;ON;90;1,20;0,90;4,40;15,80;95,60;113;3,20;3,50;59,70;4,10;3,40;
2026-07-07 00:06:00.0;OFF;ON;90;1,70;0,90;4,40;15,70;95,60;113;2,60;3,50;64,70;4,20;3,50;
2026-07-07 00:07:00.0;OFF;ON;90;1,20;1;4,50;15,70;95,90;113;3,20;3,50;62,30;4,20;3,60;
2026-07-07 00:08:00.0;OFF;ON;90;1,20;1;4,50;15,70;96;113;3,30;3,50;63;4,30;3,70;
2026-07-07 00:09:00.0;OFF;ON;90;1,30;1;4,50;15,60;96;113;3,20;3,50;63,70;4,30;3,60;
2026-07-07 00:10:00.0;OFF;ON;90;1,60;1;4,50;15,60;96;113;2,90;3,50;66,20;4,20;3,60;
2026-07-07 00:11:00.0;OFF;ON;90;1,10;1;4,50;15,60;95,90;113;3,40;3,50;63,60;4,20;3,60;
2026-07-07 00:12:00.0;OFF;ON;90;1,10;1;4,50;15,60;96;113;3,40;3,50;64,10;4,20;3,50;
2026-07-07 00:13:00.0;OFF;ON;90;1,70;0,90;4,40;15,50;95,90;113;2,80;3,50;68,80;4,20;3,50;
2026-07-07 00:14:00.0;OFF;ON;90;1,10;0,90;4,40;15,50;95,90;113;3,30;3,50;66,20;4,20;3,60;
2026-07-07 00:15:00.0;OFF;ON;90;1;0,90;4,40;15,50;95,90;113;3,40;3,50;66,40;4,20;3,60;
2026-07-07 00:16:00.0;OFF;ON;90;1;0,90;4,40;15,40;95,90;113;3,40;3,50;66;4,20;3,50;
2026-07-07 00:17:00.0;OFF;ON;90;0,50;0,90;4,40;15,40;95,60;113;3,90;3,50;62,40;4,10;3,40;
2026-07-07 00:18:00.0;OFF;ON;90;0,30;0,80;4,30;15,40;95,60;113;4,10;3,50;60,70;4,10;3,20;
2026-07-07 00:19:00.0;OFF;ON;90;0,20;0,70;4,20;15,30;95,10;113;4;3,50;59,60;4;3,10;
2026-07-07 00:20:00.0;OFF;ON;90;0,20;0,60;4,10;15,30;94,90;113;3,90;3,50;59,50;3,90;3;
2026-07-07 00:21:00.0;OFF;ON;90;0,20;0,60;4,10;15,30;94,90;113;3,90;3,50;59;3,80;2,90;
2026-07-07 00:22:00.0;OFF;ON;90;0,10;0,60;4,10;15,20;94,70;113;3,90;3,50;57,80;3,80;2,90;
2026-07-07 00:23:00.0;OFF;ON;90;0,20;0,50;4;15,20;94,70;113;3,80;3,50;57,70;3,80;2,90;
2026-07-07 00:24:00.0;OFF;ON;90;0,20;0,50;4;15,20;94,80;113;3,80;3,50;57,50;3,80;2,90;
2026-07-07 00:25:00.0;OFF;ON;90;0,10;0,50;4;15,20;94,80;113;3,90;3,50;56,60;3,80;2,90;
2026-07-07 00:26:00.0;OFF;ON;90;0,30;0,50;4;15,10;94,90;113;3,70;3,50;57,20;3,80;2,90;
2026-07-07 00:27:00.0;OFF;ON;90;0,30;0,50;4;15,10;95;113;3,70;3,50;57;3,80;2,90;
2026-07-07 00:28:00.0;OFF;ON;90;0,40;0,50;4;15;95;113;3,60;3,50;56,80;3,70;2,90;
2026-07-07 00:29:00.0;OFF;ON;90;0,20;0,50;4;15;95,10;113;3,70;3,50;55,80;3,70;2,90;
2026-07-07 00:30:00.0;OFF;ON;90;0,90;0,50;4;15;95,10;113;3,10;3,50;60,20;3,70;2,90;
2026-07-07 00:31:00.0;OFF;ON;90;0,70;0,50;4;15;95,40;113;3,30;3,50;59,50;3,80;3;
2026-07-07 00:32:00.0;OFF;ON;90;1,40;0,50;4;14,90;95,60;113;2,60;3,50;64,80;3,80;3,10;
2026-07-07 00:33:00.0;OFF;ON;90;1,30;0,60;4,10;14,90;95,60;113;2,80;3,50;64,70;3,90;3,20;
2026-07-07 00:34:00.0;OFF;ON;90;1,20;0,60;4,10;14,90;95,90;113;2,90;3,50;64,90;3,90;3,30;
2026-07-07 00:35:00.0;OFF;ON;90;1;0,70;4,20;14,90;96;113;3,20;3,50;63,90;3,90;3,30;
2026-07-07 00:36:00.0;OFF;ON;90;0,90;0,60;4,10;14,90;96;113;3,20;3,50;64,10;3,90;3,20;
2026-07-07 00:37:00.0;OFF;ON;90;0,90;0,60;4,10;14,80;95,90;113;3,20;3,50;65;3,90;3,20;
2026-07-07 00:38:00.0;OFF;ON;90;1;0,60;4,10;14,80;95,90;113;3,20;3,50;65,70;3,90;3,20;
2026-07-07 00:39:00.0;OFF;ON;90;1;0,60;4,10;14,80;95,90;113;3,10;3,50;66,50;3,90;3,20;
2026-07-07 00:40:00.0;OFF;ON;90;1,40;0,60;4,10;14,80;95,90;113;2,70;3,50;69,90;3,90;3,20;
2026-07-07 00:41:00.0;OFF;ON;90;0,80;0,60;4,10;14,70;95,90;113;3,40;3,50;66,70;3,90;3,30;
2026-07-07 00:42:00.0;OFF;ON;90;0,60;0,60;4,10;14,70;95,90;113;3,50;3,50;65,30;3,90;3,20;
2026-07-07 00:43:00.0;OFF;ON;90;0,60;0,60;4,10;14,70;95,90;113;3,50;3,50;65,20;3,90;3,10;
2026-07-07 00:44:00.0;OFF;ON;90;0;0,50;4;14,70;95,60;113;4;3,50;61,60;3,80;3;
2026-07-07 00:45:00.0;OFF;ON;90;0;0,40;3,90;14,60;95,20;113;3,90;3,50;61,10;3,70;2,70;
2026-07-07 00:46:00.0;OFF;ON;90;0;0,30;3,80;14,60;95;113;3,90;3,50;60,50;3,60;2,70;
2026-07-07 00:47:00.0;OFF;ON;90;0;0,30;3,80;14,60;94,80;113;3,80;3,50;60,10;3,60;2,60;
2026-07-07 00:48:00.0;OFF;ON;90;-0,10;0,20;3,70;14,60;94,70;113;3,90;3,50;58,90;3,50;2,60;
2026-07-07 00:49:00.0;OFF;ON;90;-0,10;0,20;3,70;14,50;94,70;113;3,80;3,50;58,80;3,50;2,50;
2026-07-07 00:50:00.0;OFF;ON;90;0;0,20;3,70;14,50;94,70;113;3,70;3,50;59,10;3,50;2,50;
2026-07-07 00:51:00.0;OFF;ON;90;0;0,20;3,70;14,50;94,80;113;3,70;3,50;58,50;3,50;2,50;
2026-07-07 00:52:00.0;OFF;ON;90;-0,10;0,20;3,70;14,50;94,90;113;3,80;3,50;57,70;3,40;2,50;
2026-07-07 00:53:00.0;OFF;ON;90;-0,10;0,20;3,70;14,40;94,90;113;3,80;3,50;57,10;3,40;2,50;
2026-07-07 00:54:00.0;OFF;ON;90;0,30;0,10;3,60;14,40;94,90;113;3,40;3,50;59,50;3,40;2,50;
2026-07-07 00:55:00.0;OFF;ON;90;0,30;0,10;3,60;14,40;95;113;3,30;3,50;60,20;3,40;2,60;
2026-07-07 00:56:00.0;OFF;ON;90;0,60;0,20;3,70;14,40;95,40;112,90;3,10;3,50;62,10;3,50;2,70;
2026-07-07 00:57:00.0;OFF;ON;90;0,90;0,20;3,70;14,30;95,30;112,90;2,80;3,50;64,70;3,50;2,70;
2026-07-07 00:58:00.0;OFF;ON;90;0,90;0,20;3,70;14,30;95,50;112,90;2,80;3,50;65,60;3,50;2,80;
2026-07-07 00:59:00.0;OFF;ON;90;0,50;0,30;3,80;14,30;95,90;112,90;3,30;3,50;63,70;3,60;3;
2026-07-07 01:00:00.0;OFF;ON;90;0,50;0,30;3,80;14,30;95,90;112,90;3,30;3,50;64,10;3,60;2,90;
2026-07-07 01:01:00.0;OFF;ON;90;0,70;0,30;3,80;14,30;95,90;112,90;3,10;3,50;65,40;3,60;2,90;
2026-07-07 01:02:00.0;OFF;ON;90;0,40;0,30;3,80;14,20;95,80;112,90;3,40;3,50;64,20;3,60;2,90;
2026-07-07 01:03:00.0;OFF;ON;90;0,50;0,30;3,80;14,20;95,80;112,90;3,30;3,50;65,40;3,50;2,80;
2026-07-07 01:04:00.0;OFF;ON;90;0,90;0,30;3,80;14,20;95,80;112,90;2,90;3,50;68,60;3,50;2,80;
2026-07-07 01:05:00.0;OFF;ON;90;0,50;0,30;3,80;14,20;95,80;112,90;3,30;3,50;67,10;3,50;2,90;
2026-07-07 01:06:00.0;OFF;ON;90;0,40;0,30;3,80;14,10;95,90;112,90;3,40;3,50;66,60;3,60;2,90;
2026-07-07 01:07:00.0;OFF;ON;90;0,40;0,30;3,80;14,10;95,90;112,90;3,40;3,50;66,50;3,60;2,80;
2026-07-07 01:08:00.0;OFF;ON;90;0;0,20;3,70;14,10;95,60;112,90;3,70;3,50;64,20;3,50;2,80;
2026-07-07 01:09:00.0;OFF;ON;90;-0,40;0,20;3,70;14;95,40;112,90;4,10;3,50;61,10;3,40;2,50;
2026-07-07 01:10:00.0;OFF;ON;90;-0,30;0,10;3,60;14;95,10;112,90;3,90;3,50;61,50;3,30;2,40;
2026-07-07 01:11:00.0;OFF;ON;90;-0,40;0;3,50;14;94,80;112,90;3,90;3,50;60,50;3,30;2,30;
2026-07-07 01:12:00.0;OFF;ON;90;-0,40;0;3,50;14;94,90;112,90;3,80;3,50;60,60;3,20;2,30;
2026-07-07 01:13:00.0;OFF;ON;90;-0,40;-0,10;3,40;13,90;94,70;112,90;3,90;3,50;59,60;3,20;2,20;
2026-07-07 01:14:00.0;OFF;ON;90;-0,50;-0,10;3,40;13,90;94,70;112,90;3,80;3,50;59,30;3,20;2,20;
2026-07-07 01:15:00.0;OFF;ON;90;-0,50;-0,10;3,40;13,90;94,70;112,90;3,90;3,50;58,70;3,10;2,20;
2026-07-07 01:16:00.0;OFF;ON;90;-0,30;-0,20;3,30;13,90;94,70;112,90;3,70;3,50;59,40;3,10;2,20;
2026-07-07 01:17:00.0;OFF;ON;90;0,20;-0,20;3,30;13,90;94,70;112,90;3,10;3,50;62,80;3,10;2,20;
2026-07-07 01:18:00.0;OFF;ON;90;-0,20;-0,20;3,30;13,80;94,90;112,90;3,50;3,50;61,40;3,10;2,30;
2026-07-07 01:19:00.0;OFF;ON;90;0,50;-0,10;3,40;13,80;95,10;112,90;2,90;3,50;65;3,20;2,30;
2026-07-07 01:20:00.0;OFF;ON;90;0,50;-0,10;3,40;13,80;95,10;112,90;2,90;3,50;66,30;3,20;2,50;
2026-07-07 01:21:00.0;OFF;ON;90;0,20;0;3,50;13,80;95,50;112,90;3,20;3,50;65,10;3,20;2,60;
2026-07-07 01:22:00.0;OFF;ON;90;0,10;0;3,50;13,70;95,70;112,90;3,40;3,50;64,50;3,30;2,60;
2026-07-07 01:23:00.0;OFF;ON;90;0,20;0;3,50;13,70;95,70;112,90;3,30;3,50;65,40;3,30;2,60;
2026-07-07 01:24:00.0;OFF;ON;90;0,30;0;3,50;13,70;95,70;112,90;3,20;3,50;66,80;3,20;2,50;
2026-07-07 01:25:00.0;OFF;ON;90;0,10;0;3,50;13,70;95,70;112,90;3,30;3,50;66,10;3,30;2,60;
2026-07-07 01:26:00.0;OFF;ON;90;0,20;0;3,50;13,60;95,60;112,90;3,30;3,50;66,50;3,20;2,50;
2026-07-07 01:27:00.0;OFF;ON;90;0,50;0;3,50;13,60;95,50;112,90;2,90;3,50;69,80;3,20;2,50;
2026-07-07 01:28:00.0;OFF;ON;90;0,30;0;3,50;13,60;95,60;112,90;3,20;3,50;69,20;3,30;2,60;
2026-07-07 01:29:00.0;OFF;ON;90;0,10;0;3,50;13,60;95,70;112,90;3,40;3,50;67,80;3,20;2,60;
2026-07-07 01:30:00.0;OFF;ON;90;0;0;3,50;13,50;95,50;112,90;3,40;3,50;67,60;3,20;2,50;
2026-07-07 01:31:00.0;OFF;ON;90;-0,40;-0,10;3,40;13,50;95,50;112,90;3,80;3,50;65;3,20;2,40;
2026-07-07 01:32:00.0;OFF;ON;90;-0,60;-0,20;3,30;13,50;95,20;112,90;4;3,50;62,80;3,10;2,20;
2026-07-07 01:33:00.0;OFF;ON;90;-0,60;-0,30;3,20;13,50;94,90;112,90;3,80;3,50;62,70;3;2;
2026-07-07 01:34:00.0;OFF;ON;90;-0,70;-0,30;3,20;13,50;94,60;112,90;3,90;3,50;61,80;2,90;1,90;
2026-07-07 01:35:00.0;OFF;ON;90;-0,50;-0,20;3,30;13,50;94,80;107,60;3,80;3,50;61,40;2,90;1,90;
2026-07-07 01:36:00.0;OFF;ON;90;-0,50;-0,20;3,30;13,50;95;107,50;3,80;3,50;60,90;2,90;1,90;
2026-07-07 01:37:00.0;OFF;ON;90;-0,50;-0,20;3,30;13,40;95,10;106,80;3,80;3,50;60,10;2,90;2;
2026-07-07 01:38:00.0;OFF;ON;90;-0,50;-0,20;3,30;13,40;95,20;106,80;3,90;3,50;59,40;2,90;2;
2026-07-07 01:39:00.0;OFF;ON;90;-0,40;-0,20;3,30;13,40;95,20;106,50;3,70;3,50;59,70;2,90;2;
2026-07-07 01:40:00.0;OFF;ON;90;0,10;-0,10;3,40;13,40;95,30;106,40;3,30;3,50;62,20;2,90;2;
2026-07-07 01:41:00.0;OFF;ON;90;0;-0,10;3,40;13,40;95,50;106,10;3,50;3,50;61,80;3;2,20;
2026-07-07 01:42:00.0;OFF;ON;90;0,10;-0,10;3,40;13,40;95,60;106,10;3,40;3,50;62,10;3;2,20;
2026-07-07 01:43:00.0;OFF;ON;90;0,50;-0,20;3,30;13,30;95,70;106,10;2,80;3,50;67;3;2,30;
2026-07-07 01:44:00.0;OFF;ON;90;0,50;-0,20;3,30;13,30;95,70;106,10;2,80;3,50;67,90;3,10;2,50;
2026-07-07 01:45:00.0;OFF;ON;90;0,10;-0,10;3,40;13,20;95,90;106,10;3,30;3,50;66,10;3,10;2,50;
2026-07-07 01:46:00.0;OFF;ON;90;0;-0,10;3,40;13,20;95,80;106,10;3,40;3,50;65,70;3,10;2,40;
2026-07-07 01:47:00.0;OFF;ON;90;0,30;-0,20;3,30;13,20;95,60;106,10;3,10;3,50;68,30;3;2,40;
2026-07-07 01:48:00.0;OFF;ON;90;0;-0,20;3,30;13,10;95,50;106,10;3,30;3,50;67,40;3;2,40;
2026-07-07 01:49:00.0;OFF;ON;90;0;-0,20;3,30;13,10;95,40;106,10;3,30;3,50;67,70;3;2,30;
2026-07-07 01:50:00.0;OFF;ON;90;0,40;-0,30;3,20;13,10;95,30;106,10;2,80;3,50;71,50;3;2,30;
2026-07-07 01:51:00.0;OFF;ON;90;0,30;-0,20;3,30;13,10;95,30;106,10;3;3,50;71,10;3;2,30;
2026-07-07 01:52:00.0;OFF;ON;90;-0,10;-0,20;3,30;13,10;95,40;106,10;3,40;3,50;68,80;3;2,40;
2026-07-07 01:53:00.0;OFF;ON;90;-0,20;-0,30;3,20;13;95,40;106,10;3,50;3,50;68,80;3;2,20;
2026-07-07 01:54:00.0;OFF;ON;90;-0,90;-0,30;3,20;13;95,30;106,10;4,10;3,50;64,30;2,90;2,20;
2026-07-07 01:55:00.0;OFF;ON;90;-0,90;-0,40;3,10;13;95,10;106,10;4;3,50;64,10;2,80;2;
2026-07-07 01:56:00.0;OFF;ON;90;-0,90;-0,50;3;12,90;94,70;106;3,80;3,50;64;2,70;1,70;
2026-07-07 01:57:00.0;OFF;ON;90;-1;-0,60;2,90;12,90;94,40;106;3,90;3,50;63;2,60;1,60;
2026-07-07 01:58:00.0;OFF;ON;90;-1;-0,70;2,80;12,90;94,10;106;3,90;3,50;62,50;2,60;1,60;
2026-07-07 01:59:00.0;OFF;ON;90;-1;-0,70;2,80;12,90;94,10;106;3,80;3,50;62,30;2,50;1,60;
2026-07-07 02:00:00.0;OFF;ON;90;-1;-0,70;2,80;12,80;94,20;106;3,80;3,50;62;2,50;1,50;
2026-07-07 02:01:00.0;OFF;ON;90;-1,10;-0,80;2,70;12,80;94,10;106;3,80;3,50;61,30;2,50;1,50;
2026-07-07 02:02:00.0;OFF;ON;90;-0,90;-0,80;2,70;12,80;94,10;106;3,60;3,50;62,20;2,40;1,50;
2026-07-07 02:03:00.0;OFF;ON;90;-0,80;-0,80;2,70;12,80;94,20;106;3,50;3,50;63,80;2,50;1,60;
2026-07-07 02:04:00.0;OFF;ON;90;-0,60;-0,80;2,70;12,80;94,70;106;3,40;3,50;64,30;2,50;1,60;
2026-07-07 02:05:00.0;OFF;ON;90;0;-0,80;2,70;12,70;94,70;106;2,70;3,50;69,10;2,50;1,60;
2026-07-07 02:06:00.0;OFF;ON;90;-0,50;-0,70;2,80;12,70;95;106;3,30;3,50;66,50;2,60;1,90;
2026-07-07 02:07:00.0;OFF;ON;90;-0,40;-0,60;2,90;12,70;95,30;106;3,30;3,50;67,20;2,60;1,90;
2026-07-07 02:08:00.0;OFF;ON;90;-0,60;-0,70;2,80;12,70;95,40;105,90;3,50;3,50;66,50;2,60;1,80;
2026-07-07 02:09:00.0;OFF;ON;90;-0,60;-0,70;2,80;12,60;95,20;105,90;3,40;3,50;66,80;2,60;1,80;
2026-07-07 02:10:00.0;OFF;ON;90;-0,50;-0,70;2,80;12,60;95,10;105,90;3,30;3,50;67,80;2,50;1,80;
2026-07-07 02:11:00.0;OFF;ON;90;-0,70;-0,70;2,80;12,60;95,10;105,90;3,50;3,50;67,50;2,50;1,70;
2026-07-07 02:12:00.0;OFF;ON;90;-0,20;-0,80;2,70;12,60;95;105,90;2,90;3,50;71,50;2,50;1,70;
2026-07-07 02:13:00.0;OFF;ON;90;-0,40;-0,70;2,80;12,60;95;105,90;3,10;3,50;71,10;2,50;1,80;
2026-07-07 02:14:00.0;OFF;ON;90;-0,60;-0,70;2,80;12,50;95,30;105,90;3,40;3,50;69,50;2,50;1,80;
2026-07-07 02:15:00.0;OFF;ON;90;-0,60;-0,70;2,80;12,50;95,30;105,90;3,40;3,50;69,60;2,50;1,80;
2026-07-07 02:16:00.0;OFF;ON;90;-1,40;-0,80;2,70;12,50;95,10;105,90;4,20;3,50;64,50;2,50;1,70;
2026-07-07 02:17:00.0;OFF;ON;90;-0,80;-0,80;2,70;12,50;94,90;105,90;3,50;3,50;68,70;2,40;1,50;
2026-07-07 02:18:00.0;OFF;ON;90;-0,90;-0,90;2,60;12,40;94,80;105,90;3,50;3,50;67,90;2,40;1,50;
2026-07-07 02:19:00.0;OFF;ON;90;-0,20;-0,90;2,60;12,40;94,70;105,90;2,70;3,50;73,50;2,30;1,40;
2026-07-07 02:20:00.0;OFF;ON;90;-0,40;-0,90;2,60;12,40;94,80;105,90;3;3,50;73,10;2,30;1,60;
2026-07-07 02:21:00.0;OFF;ON;90;-0,80;-0,80;2,70;12,40;95;105,90;3,40;3,50;70,80;2,40;1,70;
2026-07-07 02:22:00.0;OFF;ON;90;-0,90;-0,90;2,60;12,30;95,10;105,90;3,60;3,50;70;2,40;1,60;
2026-07-07 02:23:00.0;OFF;ON;90;-0,90;-0,90;2,60;12,30;95,10;105,90;3,60;3,50;70;2,40;1,50;
2026-07-07 02:24:00.0;OFF;ON;90;-1,50;-1;2,50;12,30;94,90;105,90;4;3,50;65,50;2,30;1,30;
2026-07-07 02:25:00.0;OFF;ON;90;-1,70;-1,10;2,40;12,30;94,60;105,90;4,10;3,50;64,40;2,20;1,10;
2026-07-07 02:26:00.0;OFF;ON;90;-1,50;-1,20;2,30;12,20;94,20;105,90;3,80;3,50;65;2;1;
2026-07-07 02:27:00.0;OFF;ON;90;-1,50;-1,20;2,30;12,20;93,90;105,90;3,80;3,50;64,60;2;0,90;
2026-07-07 02:28:00.0;OFF;ON;90;-1,70;-1,30;2,20;12,20;93,90;105,90;3,90;3,50;63,10;2;0,90;
2026-07-07 02:29:00.0;OFF;ON;90;-1,70;-1,30;2,20;12,20;94;105,90;3,90;3,50;62,90;1,90;0,90;
2026-07-07 02:30:00.0;OFF;ON;90;-1,60;-1,30;2,20;12,20;94;105,90;3,80;3,50;63;1,90;0,90;
2026-07-07 02:31:00.0;OFF;ON;90;-1,10;-1,40;2,10;12,10;94,10;105,90;3,30;3,50;66,40;1,90;0,80;
2026-07-07 02:32:00.0;OFF;ON;90;-1,30;-1,30;2,20;12,10;94,20;105,90;3,50;3,50;64,30;1,90;1;
2026-07-07 02:33:00.0;OFF;ON;90;-0,70;-1,30;2,20;12,10;94,70;105,90;2,90;3,50;69,30;2;1,10;
2026-07-07 02:34:00.0;OFF;ON;90;-0,50;-1,20;2,30;12,10;94,80;105,90;2,80;3,50;71,10;2;1,30;
2026-07-07 02:35:00.0;OFF;ON;90;-0,80;-1;2,50;12,10;95,30;105,90;3,30;3,50;68,90;2,10;1,40;
2026-07-07 02:36:00.0;OFF;ON;90;-0,90;-0,90;2,60;12,10;95,60;106,10;3,50;3,50;68,10;2,10;1,40;
2026-07-07 02:37:00.0;OFF;ON;90;-0,90;-1;2,50;12,10;95,60;106,20;3,40;3,50;68,30;2,10;1,30;
2026-07-07 02:38:00.0;OFF;ON;90;-0,70;-0,90;2,60;12;95,50;106,20;3,20;3,50;69,80;2,10;1,30;
2026-07-07 02:39:00.0;OFF;ON;90;-0,20;-0,90;2,60;12;95,40;106,40;2,80;3,50;73,30;2,20;1,40;
2026-07-07 02:40:00.0;OFF;ON;90;-0,30;-0,80;2,70;12;95,70;106,40;3;3,50;73,30;2,20;1,60;
2026-07-07 02:41:00.0;OFF;ON;90;-0,10;-0,80;2,70;12;95,90;106,60;2,80;3,50;75,10;2,30;1,70;
2026-07-07 02:42:00.0;OFF;ON;90;-0,70;-0,70;2,80;11,90;96,10;106,50;3,50;3,50;70,90;2,30;1,70;
2026-07-07 02:43:00.0;OFF;ON;90;-0,90;-0,70;2,80;11,90;96;106,20;3,70;3,50;70,10;2,30;1,60;
2026-07-07 02:44:00.0;OFF;ON;90;-1,50;-0,80;2,70;11,90;95,90;105,90;4,20;3,50;65,30;2,20;1,40;
2026-07-07 02:45:00.0;OFF;ON;90;-1,50;-0,90;2,60;11,90;95,40;105,90;4,10;3,50;65;2,10;1,20;
2026-07-07 02:46:00.0;OFF;ON;90;-1,40;-1;2,50;11,80;95;105,30;3,90;3,50;65,20;2;1;
2026-07-07 02:47:00.0;OFF;ON;90;-1,40;-1,10;2,40;11,80;94,80;105,30;3,90;3,50;64,50;2;1;
2026-07-07 02:48:00.0;OFF;ON;90;-1,50;-1,10;2,40;11,80;94,80;105,30;3,90;3,50;63,70;1,90;1;
2026-07-07 02:49:00.0;OFF;ON;90;-1,60;-1,20;2,30;11,70;94,80;105,30;3,90;3,50;62,70;1,90;0,90;
2026-07-07 02:50:00.0;OFF;ON;90;-1,60;-1,20;2,30;11,70;94,70;105,30;3,90;3,50;62,40;1,90;0,90;
2026-07-07 02:51:00.0;OFF;ON;90;-0,90;-1,20;2,30;11,70;94,70;105,30;3,20;3,50;67;1,80;0,90;
2026-07-07 02:52:00.0;OFF;ON;90;-1,30;-1,20;2,30;11,60;94,60;105,20;3,60;3,50;64,50;1,90;1;
2026-07-07 02:53:00.0;OFF;ON;90;-0,50;-1,30;2,20;11,60;94,60;105,20;2,70;3,50;71,10;1,90;1;
2026-07-07 02:54:00.0;OFF;ON;90;-0,60;-1,30;2,20;11,60;94,70;105,20;2,80;3,50;71,70;1,90;1,20;
2026-07-07 02:55:00.0;OFF;ON;90;-0,90;-1,20;2,30;11,60;95;105,40;3,20;3,50;69,60;2;1,30;
2026-07-07 02:56:00.0;OFF;ON;90;-1,10;-1,20;2,30;11,60;95,30;105,30;3,40;3,50;68,50;2;1,20;
2026-07-07 02:57:00.0;OFF;ON;90;-0,80;-1,10;2,40;11,50;95,30;105,30;3,10;3,50;70,40;1,90;1,20;
2026-07-07 02:58:00.0;OFF;ON;90;-1,10;-1,20;2,30;11,50;95,10;105,80;3,40;3,50;69,10;1,90;1,10;
2026-07-07 02:59:00.0;OFF;ON;90;-1,30;-1,30;2,20;11,50;94,90;105,80;3,50;3,50;68,80;1,90;1,10;
2026-07-07 03:00:00.0;OFF;ON;90;-1,20;-1,40;2,10;11,40;94,90;105,80;3,40;3,50;69,70;1,90;1;
2026-07-07 03:01:00.0;OFF;ON;90;-0,70;-1,30;2,20;11,40;94,70;105,60;2,80;3,50;74,30;1,80;1;
2026-07-07 03:02:00.0;OFF;ON;90;-1,30;-1,30;2,20;11,40;94,90;105,60;3,40;3,50;70,80;1,90;1,20;
2026-07-07 03:03:00.0;OFF;ON;90;-1,40;-1,40;2,10;11,30;95;105,60;3,50;3,50;70;1,80;1;
2026-07-07 03:04:00.0;OFF;ON;90;-1,50;-1,40;2,10;11,30;94,90;105,60;3,50;3,50;70;1,80;1;
2026-07-07 03:05:00.0;OFF;ON;90;-1,50;-1,50;2;11,30;94,60;105,60;3,50;3,50;70,30;1,70;0,90;
2026-07-07 03:06:00.0;OFF;ON;90;-1,50;-1,50;2;11,30;94,60;105,60;3,50;3,50;70,40;1,70;0,80;
2026-07-07 03:07:00.0;OFF;ON;90;-1,40;-1,60;1,90;11,30;94,40;105,60;3,30;3,50;72,10;1,60;0,70;
2026-07-07 03:08:00.0;OFF;ON;90;-1;-1,70;1,80;11,20;94,30;105,60;2,80;3,50;75,90;1,60;0,70;
2026-07-07 03:09:00.0;OFF;ON;90;-1,70;-1,60;1,90;11,20;94,50;105,60;3,50;3,50;72,60;1,70;0,80;
2026-07-07 03:10:00.0;OFF;ON;90;-1,70;-1,60;1,90;11,20;94,70;105,60;3,50;3,50;71,60;1,60;0,80;
2026-07-07 03:11:00.0;OFF;ON;90;-1,90;-1,70;1,80;11,20;94,40;105,60;3,70;3,50;70,80;1,50;0,60;
2026-07-07 03:12:00.0;OFF;ON;90;-1,90;-1,80;1,70;11,10;94,30;105,60;3,60;3,50;71,40;1,50;0,60;
2026-07-07 03:13:00.0;OFF;ON;90;-1,90;-1,80;1,70;11,10;94,20;105,60;3,50;3,50;71,50;1,50;0,50;
2026-07-07 03:14:00.0;OFF;ON;90;-1,90;-1,90;1,60;11,10;94,30;105,60;3,50;3,50;71,40;1,40;0,50;
2026-07-07 03:15:00.0;OFF;ON;90;-1,40;-1,90;1,60;11,10;94,10;105,60;3;3,50;76;1,40;0,40;
2026-07-07 03:16:00.0;OFF;ON;90;-1,90;-1,90;1,60;11;94,40;105,60;3,60;3,50;72,70;1,40;0,60;
2026-07-07 03:17:00.0;OFF;ON;90;-2;-1,90;1,60;11;94,50;105,60;3,60;3,50;72,30;1,40;0,50;
2026-07-07 03:18:00.0;OFF;ON;90;-2;-1,90;1,60;11;94,50;105,60;3,50;3,50;72,60;1,30;0,40;
2026-07-07 03:19:00.0;OFF;ON;90;-1,70;-2;1,50;11;94,40;105,60;3,20;3,50;74,90;1,30;0,40;
2026-07-07 03:20:00.0;OFF;ON;90;-2,30;-2;1,50;10,90;94,10;105,60;3,70;3,50;71,40;1,30;0,30;
2026-07-07 03:21:00.0;OFF;ON;90;-2,30;-2,10;1,40;10,90;94;105,60;3,70;3,50;71,40;1,20;0,20;
2026-07-07 03:22:00.0;OFF;ON;90;-1,50;-2,10;1,40;10,90;93,90;105,60;2,90;3,50;76,90;1,20;0,10;
2026-07-07 03:23:00.0;OFF;ON;90;-1,80;-2,10;1,40;10,90;94;105,60;3,20;3,50;75,70;1,20;0,20;
2026-07-07 03:24:00.0;OFF;ON;90;-2,10;-2,10;1,40;10,90;94,40;105,60;3,50;3,50;73,40;1,20;0,30;
2026-07-07 03:25:00.0;OFF;ON;90;-2,20;-2;1,50;10,90;94,50;105,50;3,70;3,50;72,40;1,20;0,20;
2026-07-07 03:26:00.0;OFF;ON;90;-1,80;-2;1,50;10,80;94,50;105,50;3,20;3,50;75,20;1,20;0,20;
2026-07-07 03:27:00.0;OFF;ON;90;-2,30;-2,20;1,30;10,80;94,30;105,50;3,70;3,50;72,40;1,10;0,20;
2026-07-07 03:28:00.0;OFF;ON;90;-2,30;-2,20;1,30;10,80;94,20;105,50;3,60;3,50;73;1,10;0,10;
2026-07-07 03:29:00.0;OFF;ON;90;-1,50;-2,30;1,20;10,70;94,20;105,50;2,80;3,50;78,30;1;0;
2026-07-07 03:30:00.0;OFF;ON;90;-1,90;-2,30;1,20;10,70;94,10;105,50;3,10;3,50;77,10;1;0,10;
2026-07-07 03:31:00.0;OFF;ON;90;-2,30;-2,20;1,30;10,70;94,40;105,50;3,50;3,50;74,40;1,10;0,20;
2026-07-07 03:32:00.0;OFF;ON;90;-2,40;-2,30;1,20;10,70;94,40;105,50;3,60;3,50;74,20;1;0,10;
2026-07-07 03:33:00.0;OFF;ON;90;-2,40;-2,30;1,20;10,60;94,20;105,50;3,50;3,50;74,10;1;0;
2026-07-07 03:34:00.0;OFF;ON;90;-2,20;-2,40;1,10;10,60;94,10;105,50;3,30;3,50;75,80;0,90;-0,10;
2026-07-07 03:35:00.0;OFF;ON;90;-2,50;-2,40;1,10;10,60;94,10;105,50;3,60;3,50;74,20;0,90;-0,10;
2026-07-07 03:36:00.0;OFF;ON;90;-2,50;-2,40;1,10;10,60;94;105,50;3,50;3,50;74;0,90;-0,10;
2026-07-07 03:37:00.0;OFF;ON;90;-1,90;-2,50;1;10,50;93,90;105,50;2,90;3,50;78,90;0,80;-0,20;
2026-07-07 03:38:00.0;OFF;ON;90;-3,70;-2,40;1,10;10,50;94,20;105,40;4,80;3,50;66,10;0,90;0,10;
2026-07-07 03:39:00.0;OFF;ON;90;-1,80;-2,30;1,20;10,50;94,80;105,40;3;3,50;75,70;1;0;
2026-07-07 03:40:00.0;OFF;ON;90;-1,90;-2,40;1,10;10,50;94,40;105,40;3;3,50;76,90;0,90;-0,10;
2026-07-07 03:41:00.0;OFF;ON;90;-2,60;-2,40;1,10;10,50;94,60;105,40;3,70;3,50;72,50;0,90;0,10;
2026-07-07 03:42:00.0;OFF;ON;90;-2,60;-2,40;1,10;10,40;94,70;105,40;3,70;3,50;72,20;0,90;0;
2026-07-07 03:43:00.0;OFF;ON;90;-2,80;-2,40;1,10;10,40;94,60;105,40;3,80;3,50;70,90;0,80;0,10;
2026-07-07 03:44:00.0;OFF;ON;90;-2,60;-2,50;1;10,40;94,40;105,40;3,60;3,50;72,10;0,80;0,20;
2026-07-07 03:45:00.0;OFF;ON;90;-2,30;-2,50;1;10,40;94,50;105,40;3,30;3,50;74,20;0,80;0,20;
2026-07-07 03:46:00.0;OFF;ON;90;-2,40;-2,50;1;10,30;94,70;105,40;3,50;3,50;72,80;0,90;0,20;
2026-07-07 03:47:00.0;OFF;ON;90;-2,50;-2,40;1,10;10,40;94,80;105,50;3,70;3,50;72,20;0,90;0,20;
2026-07-07 03:48:00.0;OFF;ON;90;-2,50;-2,30;1,20;10,40;94,80;105,10;3,70;3,50;71,30;0,90;0,20;
2026-07-07 03:49:00.0;OFF;ON;90;-2,40;-2,40;1,10;10,30;94,80;105,10;3,50;3,50;72,30;0,80;0,10;
2026-07-07 03:50:00.0;OFF;ON;90;-2,40;-2,40;1,10;10,30;94,70;105,10;3,50;3,50;72,20;0,80;0,10;
2026-07-07 03:51:00.0;OFF;ON;90;-2,50;-2,50;1;10,20;94,70;105,10;3,50;3,50;72,10;0,80;0,10;
2026-07-07 03:52:00.0;OFF;ON;90;-1,70;-2,50;1;10,20;94,80;105,10;2,80;3,50;78,20;0,80;0;
2026-07-07 03:53:00.0;OFF;ON;90;-2,10;-2,40;1,10;10,20;94,80;105,10;3,20;3,50;76,10;0,90;0,20;
2026-07-07 03:54:00.0;OFF;ON;90;-2,50;-2,40;1,10;10,20;94,90;105,10;3,50;3,50;74,60;0,90;0,10;
2026-07-07 03:55:00.0;OFF;ON;90;-2,50;-2,50;1;10,10;94,80;105,10;3,50;3,50;73,80;0,80;0;
2026-07-07 03:56:00.0;OFF;ON;90;-2;-2,50;1;10,10;94,60;105,10;3;3,50;77,80;0,80;0;
2026-07-07 03:57:00.0;OFF;ON;90;-2,50;-2,50;1;10,10;94,60;105;3,50;3,50;75,10;0,80;0;
2026-07-07 03:58:00.0;OFF;ON;90;-2,50;-2,50;1;10,10;94,70;105,10;3,50;3,50;75,10;0,80;0;
2026-07-07 03:59:00.0;OFF;ON;90;-1,90;-2,60;0,90;10,10;94,60;105,10;2,80;3,50;79,50;0,80;-0,10;
2026-07-07 04:00:00.0;OFF;ON;90;-3,20;-2,60;0,90;10;94,60;105,10;4,10;3,50;70,90;0,80;0;
2026-07-07 04:01:00.0;OFF;ON;90;-2,50;-2,50;1;10;94,90;105;3,50;3,50;73,20;0,80;0,10;
2026-07-07 04:02:00.0;OFF;ON;90;-2,40;-2,60;0,90;10;94,80;105,10;3,40;3,50;74,10;0,70;-0,10;
2026-07-07 04:03:00.0;OFF;ON;90;-1,90;-2,60;0,90;10;94,60;105,10;2,80;3,50;77,90;0,70;-0,10;
2026-07-07 04:04:00.0;OFF;ON;90;-2,50;-2,60;0,90;10;94,70;105,10;3,40;3,50;74,50;0,70;0;
2026-07-07 04:05:00.0;OFF;ON;90;-2,50;-2,60;0,90;9,90;94,70;105,10;3,40;3,50;74,70;0,70;-0,10;
2026-07-07 04:06:00.0;OFF;ON;90;-2,60;-2,60;0,90;9,90;94,70;105,10;3,50;3,50;74,40;0,70;-0,10;
2026-07-07 04:07:00.0;OFF;ON;90;-2,30;-2,60;0,90;9,90;94,60;105;3,60;3,50;74,50;0,70;-0,10;
2026-07-07 04:08:00.0;OFF;ON;90;-2,70;-2,60;0,90;9,90;94,60;105;3,50;3,50;75,40;0,70;-0,10;
2026-07-07 04:09:00.0;OFF;ON;90;-2,70;-2,70;0,80;9,90;94,60;105,10;3,50;3,50;75,40;0,60;-0,20;
2026-07-07 04:10:00.0;OFF;ON;90;-2,20;-2,70;0,80;9,80;94,60;105,10;3;3,50;78,90;0,60;-0,20;
2026-07-07 04:11:00.0;OFF;ON;90;-3;-2,70;0,80;9,80;94,60;105;3,90;3,50;72,80;0,60;-0,10;
2026-07-07 04:12:00.0;OFF;ON;90;-4;-2,60;0,90;9,80;94,80;105,10;4,80;3,50;63,70;0,70;-0,10;
2026-07-07 04:13:00.0;OFF;ON;90;-2,20;-2,70;0,80;9,80;94,80;105,10;3;3,50;75,40;0,60;-0,30;
2026-07-07 04:14:00.0;OFF;ON;90;-2,50;-2,70;0,80;9,80;94,50;105;3,30;3,50;74,70;0,60;-0,20;
2026-07-07 04:15:00.0;OFF;ON;90;-2,40;-2,70;0,80;9,70;94,60;105;3,20;3,50;75,60;0,60;-0,20;
2026-07-07 04:16:00.0;OFF;ON;90;-2,50;-2,70;0,80;9,70;94,70;105,10;3,30;3,50;75,40;0,60;-0,20;
2026-07-07 04:17:00.0;OFF;ON;90;-2,60;-2,80;0,70;9,70;94,60;105;3,40;3,50;75,10;0,60;-0,20;
2026-07-07 04:18:00.0;OFF;ON;90;-3,50;-2,80;0,70;9,70;94,60;105,10;4,20;3,50;70,40;0,50;-0,20;
2026-07-07 04:19:00.0;OFF;ON;90;-3,90;-2,70;0,80;9,70;94,80;105;4,70;3,50;64,50;0,60;-0,10;
2026-07-07 04:20:00.0;OFF;ON;90;-2,30;-2,80;0,70;9,70;94,80;105,10;3;3,50;75;0,50;-0,30;
2026-07-07 04:21:00.0;OFF;ON;90;-2;-2,80;0,70;9,60;94,60;105;2,70;3,50;78;0,50;-0,30;
2026-07-07 04:22:00.0;OFF;ON;90;-2,40;-2,80;0,70;9,60;94,70;105;3,10;3,50;76,20;0,50;-0,20;
2026-07-07 04:23:00.0;OFF;ON;90;-2,70;-2,80;0,70;9,60;94,60;105;3,30;3,50;75,10;0,50;-0,20;
2026-07-07 04:24:00.0;OFF;ON;90;-2,60;-2,80;0,70;9,60;94,60;105,10;3,30;3,50;75,80;0,50;-0,20;
2026-07-07 04:25:00.0;OFF;ON;90;-3,30;-2,90;0,60;9,60;94,60;105;3,90;3,50;72,20;0,40;-0,30;
2026-07-07 04:26:00.0;OFF;ON;90;-3,70;-2,80;0,70;9,60;94,70;105;4,40;3,50;68,50;0,50;-0,20;
2026-07-07 04:27:00.0;OFF;ON;90;-4;-2,80;0,70;9,50;94,80;105,10;4,70;3,50;64,20;0,50;-0,20;
2026-07-07 04:28:00.0;OFF;ON;90;-2,40;-2,90;0,60;9,50;94,80;105;3;3,50;75,10;0,40;-0,40;
2026-07-07 04:29:00.0;OFF;ON;90;-3,10;-2,90;0,60;9,50;94,40;104,80;3,80;3,50;71;0,40;-0,20;
2026-07-07 04:30:00.0;OFF;ON;90;-2,50;-2,70;0,80;9,50;94,90;104,90;3,20;3,50;72,30;0,50;-0,10;
2026-07-07 04:31:00.0;OFF;ON;90;-2,20;-2,80;0,70;9,50;94,90;104,90;2,90;3,50;75,50;0,40;-0,30;
2026-07-07 04:32:00.0;OFF;ON;90;-2,80;-2,90;0,60;9,40;94,70;105;3,40;3,50;74,10;0,40;-0,20;
2026-07-07 04:33:00.0;OFF;ON;90;-2,70;-2,90;0,60;9,40;94,80;104,90;3,30;3,50;75,10;0,50;-0,20;
2026-07-07 04:34:00.0;OFF;ON;90;-2,70;-2,90;0,60;9,40;94,70;104,90;3,30;3,50;75,50;0,40;-0,30;
2026-07-07 04:35:00.0;OFF;ON;90;-2,70;-2,90;0,60;9,40;94,60;104,90;3,20;3,50;76,50;0,40;-0,30;
2026-07-07 04:36:00.0;OFF;ON;90;-2,60;-3;0,50;9,40;94,60;104,90;3,10;3,50;78;0,40;-0,30;
2026-07-07 04:37:00.0;OFF;ON;90;-3,50;-3;0,50;9,40;94,50;104,90;4;3,50;72,30;0,40;-0,30;
2026-07-07 04:38:00.0;OFF;ON;90;-3,40;-3;0,50;9,30;94,50;105;3,90;3,50;72;0,30;-0,30;
2026-07-07 04:39:00.0;OFF;ON;90;-3,40;-3;0,50;9,30;94,50;104,90;3,80;3,50;71,70;0,30;-0,40;
2026-07-07 04:40:00.0;OFF;ON;90;-3,70;-3,10;0,40;9,30;94,40;104,90;4,10;3,50;69;0,30;-0,40;
2026-07-07 04:41:00.0;OFF;ON;90;-4;-3,10;0,40;9,30;94,40;105;4,40;3,50;65,90;0,30;-0,40;
2026-07-07 04:42:00.0;OFF;ON;90;-2,30;-3,10;0,40;9,30;94,40;104,90;2,80;3,50;75,20;0,30;-0,40;
2026-07-07 04:43:00.0;OFF;ON;90;-2,50;-3,10;0,40;9,20;94,30;104,90;2,80;3,50;75,90;0,20;-0,50;
2026-07-07 04:44:00.0;OFF;ON;90;-2,60;-3,10;0,40;9,20;94,40;105;3;3,50;75,90;0,20;-0,40;
2026-07-07 04:45:00.0;OFF;ON;90;-2,30;-3,10;0,40;9,20;94,50;104,90;2,70;3,50;78,90;0,20;-0,40;
2026-07-07 04:46:00.0;OFF;ON;90;-3,50;-3,10;0,40;9,20;94,50;104,90;3,90;3,50;71,40;0,30;-0,30;
2026-07-07 04:47:00.0;OFF;ON;90;-3,40;-3;0,50;9,20;94,80;104,90;3,90;3,50;70,80;0,30;-0,30;
2026-07-07 04:48:00.0;OFF;ON;90;-3,50;-3,10;0,40;9,20;94,80;104,90;3,90;3,50;70,10;0,20;-0,40;
2026-07-07 04:49:00.0;OFF;ON;90;-3,50;-3,10;0,40;9,10;94,70;104,90;3,90;3,50;69,30;0,20;-0,40;
2026-07-07 04:50:00.0;OFF;ON;90;-3,80;-3;0,50;9,10;94,60;105,10;4,30;3,50;65,70;0,20;-0,50;
2026-07-07 04:51:00.0;OFF;ON;90;-2,30;-3,10;0,40;9,10;94,80;105,10;2,80;3,50;75,30;0,20;-0,50;
2026-07-07 04:52:00.0;OFF;ON;90;-2,60;-3,20;0,30;9,10;94,50;105,10;3;3,50;75,10;0,20;-0,50;
2026-07-07 04:53:00.0;OFF;ON;90;-2,50;-3,10;0,40;9,10;94,60;105,10;2,80;3,50;77,10;0,20;-0,40;
2026-07-07 04:54:00.0;OFF;ON;90;-2,20;-3,10;0,40;9;94,60;105,10;2,60;3,50;79,70;0,20;-0,40;
2026-07-07 04:55:00.0;OFF;ON;90;-3,40;-3,10;0,40;9;94,60;105,10;3,80;3,50;72,40;0,30;-0,40;
2026-07-07 04:56:00.0;OFF;ON;90;-3,30;-3,10;0,40;9;94,80;105,20;3,80;3,50;72,50;0,20;-0,40;
2026-07-07 04:57:00.0;OFF;ON;90;-3,50;-3,20;0,30;9;94,80;105,20;3,80;3,50;71,90;0,20;-0,40;
2026-07-07 04:58:00.0;OFF;ON;90;-3,40;-3,20;0,30;9;94,50;105,20;3,70;3,50;71,70;0,10;-0,50;
2026-07-07 04:59:00.0;OFF;ON;90;-3,50;-3,20;0,30;8,90;94,50;105,20;3,90;3,50;71;0,10;-0,60;
2026-07-07 05:00:00.0;OFF;ON;90;-3,60;-3,30;0,20;8,90;94,30;105,20;3,90;3,50;69,80;0,10;-0,60;
2026-07-07 05:01:00.0;OFF;ON;90;-3,50;-3,30;0,20;8,90;94,30;105,20;3,70;3,50;71;0,10;-0,60;
2026-07-07 05:02:00.0;OFF;ON;90;-3,50;-3,30;0,20;8,90;94,30;105,20;3,80;3,50;70,10;0,10;-0,60;
2026-07-07 05:03:00.0;OFF;ON;90;-3,70;-3,30;0,20;8,90;94,50;105,10;3,90;3,50;68,30;0,10;-0,60;
2026-07-07 05:04:00.0;OFF;ON;90;-3,70;-3,30;0,20;8,90;94,60;105,10;4;3,50;67,60;0,10;-0,60;
2026-07-07 05:05:00.0;OFF;ON;90;-3,50;-3,30;0,20;8,80;94,50;105,10;3,80;3,50;68,60;0,10;-0,60;
2026-07-07 05:06:00.0;OFF;ON;90;-3,90;-3,20;0,30;8,80;94,60;105,10;4,20;3,50;64,90;0,10;-0,50;
2026-07-07 05:07:00.0;OFF;ON;90;-2,50;-3,30;0,20;8,80;94,80;105,10;2,70;3,50;74,50;0,10;-0,60;
2026-07-07 05:08:00.0;OFF;ON;90;-2,10;-3,30;0,20;8,80;94,50;105,10;2,30;3,50;78,80;0;-0,60;
2026-07-07 05:09:00.0;OFF;ON;90;-3,60;-3,30;0,20;8,80;94,60;105,10;3,80;3,50;69,40;0,10;-0,40;
2026-07-07 05:10:00.0;OFF;ON;90;-3,70;-3,20;0,30;8,70;94,80;105,10;4;3,50;67,70;0,10;-0,40;
2026-07-07 05:11:00.0;OFF;ON;90;-3,60;-3,20;0,30;8,70;94,80;105,10;3,90;3,50;67,70;0,10;-0,50;
2026-07-07 05:12:00.0;OFF;ON;90;-3,60;-3,30;0,20;8,70;94,70;105,10;3,80;3,50;67,10;0,10;-0,50;
2026-07-07 05:13:00.0;OFF;ON;90;-3,20;-3,30;0,20;8,70;94,70;105,10;3,40;3,50;70;0,10;-0,50;
2026-07-07 05:14:00.0;OFF;ON;90;-3,70;-3,30;0,20;8,70;94,80;105,10;4;3,50;65,80;0,10;-0,50;
2026-07-07 05:15:00.0;OFF;ON;90;-2,90;-3,30;0,20;8,70;94,80;105,10;3,20;3,50;70,30;0,10;-0,40;
2026-07-07 05:16:00.0;OFF;ON;90;-3,30;-3,30;0,20;8,60;94,50;105,10;3,50;3,50;71,50;0;-0,50;
2026-07-07 05:17:00.0;OFF;ON;90;-2,80;-3,30;0,20;8,60;94,70;105,10;3;3,50;74,80;0,10;-0,30;
2026-07-07 05:18:00.0;OFF;ON;90;-2,60;-3,20;0,30;8,60;94,90;105,10;2,90;3,50;76,80;0,10;-0,40;
2026-07-07 05:19:00.0;OFF;ON;90;-2,70;-3,20;0,30;8,60;94,90;105,10;3;3,50;77,40;0,10;-0,40;
2026-07-07 05:20:00.0;OFF;ON;90;-2,80;-3,20;0,30;8,60;95;105,10;3,10;3,50;77;0,10;-0,30;
2026-07-07 05:21:00.0;OFF;ON;90;-2,60;-3,20;0,30;8,50;95;105,10;2,90;3,50;79,20;0,10;-0,40;
2026-07-07 05:22:00.0;OFF;ON;90;-3,20;-3,30;0,20;8,50;94,80;105,10;3,50;3,50;75,70;0,10;-0,40;
2026-07-07 05:23:00.0;OFF;ON;90;-3,50;-3,30;0,20;8,50;94,80;105,10;3,70;3,50;73,90;0,10;-0,50;
2026-07-07 05:24:00.0;OFF;ON;90;-3,50;-3,40;0,10;8,50;94,50;105,10;3,60;3,50;74,20;0;-0,60;
2026-07-07 05:25:00.0;OFF;ON;90;-3,60;-3,40;0,10;8,50;94,30;105,10;3,70;3,50;73,20;0;-0,70;
2026-07-07 05:26:00.0;OFF;ON;90;-3,60;-3,40;0,10;8,40;94,30;105,10;3,60;3,50;73,60;-0,10;-0,70;
2026-07-07 05:27:00.0;OFF;ON;90;-3,10;-3,50;0;8,40;94,20;105,10;3,20;3,50;76,90;-0,10;-0,70;
2026-07-07 05:28:00.0;OFF;ON;90;-3,60;-3,50;0;8,40;94,30;105,10;3,60;3,50;74;-0,10;-0,70;
2026-07-07 05:29:00.0;OFF;ON;90;-3,50;-3,50;0;8,40;94,40;105,10;3,50;3,50;74,40;-0,10;-0,70;
2026-07-07 05:30:00.0;OFF;ON;90;-3,60;-3,50;0;8,40;94,40;105,10;3,60;3,50;74;-0,10;-0,70;
2026-07-07 05:31:00.0;OFF;ON;90;-3,60;-3,50;0;8,30;94,30;105,10;3,60;3,50;74,60;-0,10;-0,80;
2026-07-07 05:32:00.0;OFF;ON;90;-3,60;-3,50;0;8,30;94,30;105,10;3,50;3,50;74,70;-0,10;-0,70;
2026-07-07 05:33:00.0;OFF;ON;90;-3,50;-3,50;0;8,30;94,30;105,10;3,50;3,50;75,30;-0,20;-0,70;
2026-07-07 05:34:00.0;OFF;ON;90;-3,60;-3,50;0;8,30;94,30;105,10;3,50;3,50;74,40;-0,20;-0,80;
2026-07-07 05:35:00.0;OFF;ON;90;-2,90;-3,50;0;8,30;94,30;105,10;2,90;3,50;79,10;-0,20;-0,80;
2026-07-07 05:36:00.0;OFF;ON;90;-3,60;-3,50;0;8,30;94,30;105,10;3,60;3,50;75;-0,20;-0,80;
2026-07-07 05:37:00.0;OFF;ON;90;-3,50;-3,50;0;8,20;94,30;105,10;3,50;3,50;75,10;-0,20;-0,70;
2026-07-07 05:38:00.0;OFF;ON;90;-3,40;-3,50;0;8,20;94,30;105,10;3,40;3,50;76,10;-0,20;-0,80;
2026-07-07 05:39:00.0;OFF;ON;90;-3;-3,50;0;8,20;94,40;105,10;3;3,50;79,20;-0,20;-0,80;
2026-07-07 05:40:00.0;OFF;ON;90;-2,60;-3,60;-0,10;8,20;94,30;105,10;2,50;3,50;83,30;-0,20;-0,80;
2026-07-07 05:41:00.0;OFF;ON;90;-2,80;-3,50;0;8,20;94,40;105,10;2,80;3,50;83,70;-0,20;-0,70;
2026-07-07 05:42:00.0;OFF;ON;90;-2,60;-3,50;0;8,20;94,70;105,10;2,70;3,50;85,70;-0,20;-0,60;
2026-07-07 05:43:00.0;OFF;ON;90;-3,60;-3,40;0,10;8,20;94,80;105,10;3,80;3,50;79,40;-0,10;-0,60;
2026-07-07 05:44:00.0;OFF;ON;90;-3,20;-3,30;0,20;8,10;94,90;104,90;3,40;3,50;81,80;-0,10;-0,70;
2026-07-07 05:45:00.0;OFF;ON;90;-3,40;-3,40;0,10;8,10;94,80;104,70;3,50;3,50;81,90;-0,20;-0,80;
2026-07-07 05:46:00.0;OFF;ON;90;-3,40;-3,40;0,10;8,10;94,70;104,40;3,60;3,50;81,20;-0,20;-0,80;
2026-07-07 05:47:00.0;OFF;ON;90;-3,40;-3,40;0,10;8,10;94,60;104,30;3,50;3,50;81,90;-0,20;-0,90;
2026-07-07 05:48:00.0;OFF;ON;90;-3,40;-3,40;0,10;8,10;94,60;104,80;3,50;3,50;82;-0,30;-0,90;
2026-07-07 05:49:00.0;OFF;ON;90;-3,50;-3,40;0,10;8;94,50;104,70;3,50;3,50;81,20;-0,30;-0,90;
2026-07-07 05:50:00.0;OFF;ON;90;-3,30;-3,40;0,10;8;94,50;104,60;3,40;3,50;82,30;-0,30;-0,90;
2026-07-07 05:51:00.0;OFF;ON;90;-3,50;-3,60;-0,10;8;94,10;104,60;3,40;3,50;82,40;-0,30;-0,90;
2026-07-07 05:52:00.0;OFF;ON;90;-3,60;-3,70;-0,20;7,90;93,90;104,60;3,40;3,50;82,70;-0,30;-1;
2026-07-07 05:53:00.0;OFF;ON;90;-3,60;-3,60;-0,10;8;93,80;104,60;3,50;3,50;82,50;-0,40;-1;
2026-07-07 05:54:00.0;OFF;ON;90;-3;-3,60;-0,10;7,90;94;104,70;2,90;3,50;86,70;-0,40;-1;
2026-07-07 05:55:00.0;OFF;ON;90;-3,70;-3,60;-0,10;7,90;94;104,60;3,50;3,50;83,40;-0,40;-1;
2026-07-07 05:56:00.0;OFF;ON;90;-3,50;-3,60;-0,10;7,90;94,10;27,50;3,40;3,50;84;-0,40;-1;
2026-07-07 05:57:00.0;OFF;ON;90;-3,40;-3,60;-0,10;7,90;94,30;103,50;3,30;3,50;84,50;-0,40;-1;
2026-07-07 05:58:00.0;OFF;ON;90;-3,50;-3,60;-0,10;7,90;94,20;103,50;3,40;3,50;83,90;-0,40;-1;
2026-07-07 05:59:00.0;OFF;ON;90;-3,40;-3,60;-0,10;7,90;94,20;103,60;3,30;3,50;84,80;-0,40;-1;
2026-07-07 06:00:00.0;---;---;---;---;---;---;---;---;---;---;---;---;---;---;
2026-07-07 06:01:00.0;---;---;---;---;---;---;---;---;---;---;---;---;---;---;
2026-07-07 06:02:00.0;---;---;---;---;---;---;---;---;---;---;---;---;---;---;
2026-07-07 06:03:00.0;---;---;---;---;---;---;---;---;---;---;---;---;---;---;
2026-07-07 06:04:00.0;OFF;ON;90;-2,80;-3,80;-0,30;7,80;93,80;103,80;2,60;3,50;91,10;-0,50;-1,20;
2026-07-07 06:05:00.0;OFF;ON;90;-3,20;-3,80;-0,30;7,80;93,80;103,80;2,80;3,50;90,50;-0,50;-1,10;
2026-07-07 06:06:00.0;OFF;ON;90;-3,60;-3,90;-0,40;7,70;93,50;103,80;3,20;3,50;89,20;-0,50;-1,10;
2026-07-07 06:07:00.0;OFF;ON;90;-3,60;-3,90;-0,40;7,70;93,50;103,80;3,20;3,50;90,10;-0,60;-1,20;
2026-07-07 06:08:00.0;OFF;ON;90;-3,60;-4;-0,50;7,70;93,30;103,80;3,10;3,50;91,70;-0,60;-1,20;
2026-07-07 06:09:00.0;OFF;ON;90;-3,70;-4;-0,50;7,70;93,30;103,80;3,20;3,50;91,50;-0,60;-1,20;
2026-07-07 06:10:00.0;OFF;ON;90;-3,50;-4;-0,60;7,70;93,20;103,80;3;3,50;94,20;-0,70;-1,30;
2026-07-07 06:11:00.0;OFF;ON;90;-3,80;-4;-0,60;7,70;93,20;103,80;3,20;3,50;93,20;-0,70;-1,30;
2026-07-07 06:12:00.0;OFF;ON;90;-3,40;-4;-0,60;7,60;93,30;103,80;2,90;3,50;96,20;-0,70;-1,30;
2026-07-07 06:13:00.0;OFF;ON;90;-3,50;-4;-0,60;7,60;93,30;103,80;3;3,50;96,30;-0,70;-1,30;
2026-07-07 06:14:00.0;OFF;ON;90;-3,60;-4;-0,60;7,60;93,20;103,80;3;3,50;96,40;-0,70;-1,30;
2026-07-07 06:15:00.0;OFF;ON;90;-3,60;-4;-0,60;7,60;93,20;103,80;2,90;3,50;97,70;-0,70;-1,40;
2026-07-07 06:16:00.0;OFF;ON;90;-3,70;-4;-0,70;7,50;93,20;103,80;3;3,50;97,50;-0,70;-1,40;
2026-07-07 06:17:00.0;OFF;ON;90;-3,60;-4;-0,70;7,50;93,10;103,80;2,90;3,50;99,30;-0,80;-1,40;
2026-07-07 06:18:00.0;OFF;ON;90;-3,70;-4;-0,70;7,50;93;103,80;3;3,50;99,30;-0,80;-1,40;
2026-07-07 06:19:00.0;OFF;ON;90;-3,60;-4;-0,70;7,50;93,10;103,80;2,90;3,50;100;-0,80;-1,40;
2026-07-07 06:20:00.0;OFF;ON;90;-3,70;-4;-0,70;7,50;93,10;103,80;3;3,50;99,40;-0,80;-1,40;
2026-07-07 06:21:00.0;OFF;ON;90;-3,70;-4;-0,70;7,50;93,20;103,80;3;3,50;99,40;-0,80;-1,50;
2026-07-07 06:22:00.0;OFF;ON;90;-3,60;-4;-0,70;7,50;93,40;103,80;2,90;3,50;100;-0,80;-1,40;
2026-07-07 06:23:00.0;OFF;ON;90;-3,60;-4;-0,60;7,40;93,50;104;3;3,50;99,40;-0,80;-1,40;
2026-07-07 06:24:00.0;OFF;ON;90;-3,60;-4;-0,60;7,40;93,60;104;2,90;3,50;99,40;-0,80;-1,40;
2026-07-07 06:25:00.0;OFF;ON;90;-3,60;-4;-0,60;7,40;93,60;103,80;3;3,50;99,10;-0,80;-1,40;
2026-07-07 06:26:00.0;OFF;ON;90;-3,50;-4;-0,60;7,40;93,60;103,60;2,90;3,50;99,10;-0,80;-1,40;
2026-07-07 06:27:00.0;OFF;ON;90;-3,60;-4;-0,60;7,30;93,60;103,80;3;3,50;99;-0,80;-1,40;
2026-07-07 06:28:00.0;OFF;ON;90;-3,50;-4;-0,60;7,30;93,50;103,80;2,80;3,50;99,50;-0,80;-1,40;
2026-07-07 06:29:00.0;OFF;ON;90;-3,40;-4;-0,70;7,30;93,60;103,70;2,80;3,50;100;-0,90;-1,40;
2026-07-07 06:30:00.0;OFF;ON;90;-3,60;-4;-0,70;7,20;93,50;103,70;2,80;3,50;98,80;-0,90;-1,40;
2026-07-07 06:31:00.0;OFF;ON;90;-3,50;-4;-0,80;7,20;93,20;103,80;2,70;3,50;100;-0,90;-1,40;
2026-07-07 06:32:00.0;OFF;ON;90;-3,50;-4;-0,80;7,20;93,10;103,80;2,70;3,50;99,30;-0,90;-1,40;
2026-07-07 06:33:00.0;OFF;ON;90;-3,50;-4;-0,80;7,20;93;103,80;2,70;3,50;100;-0,90;-1,50;
2026-07-07 06:34:00.0;OFF;ON;90;-3,70;-4;-0,90;7,20;93;103,80;2,80;3,50;98,50;-0,90;-1,50;
2026-07-07 06:35:00.0;OFF;ON;90;-3,60;-4;-0,90;7,20;93;103,80;2,70;3,50;99,60;-1;-1,50;
2026-07-07 06:36:00.0;OFF;ON;90;-3,70;-4;-0,90;7,10;93;103,80;2,80;3,50;99;-1;-1,50;
2026-07-07 06:37:00.0;OFF;ON;90;-3,70;-4;-0,90;7,10;92,90;103,80;2,80;3,50;98,50;-1;-1,50;
2026-07-07 06:38:00.0;OFF;ON;90;-3,60;-4;-0,90;7,10;93;103,80;2,70;3,50;100;-1;-1,50;
2026-07-07 06:39:00.0;OFF;ON;90;-3,70;-4;-0,90;7,10;93;103,80;2,80;3,50;98,90;-1;-1,50;
2026-07-07 06:40:00.0;OFF;ON;90;-3,60;-4;-0,80;7,10;93,30;103,80;2,80;3,50;99,60;-1;-1,50;
2026-07-07 06:41:00.0;OFF;ON;90;-3,60;-4;-0,80;7;93,50;103,80;2,80;3,50;98,80;-1;-1,50;
2026-07-07 06:42:00.0;OFF;ON;90;-3,60;-4;-0,80;7;93,50;103,80;2,80;3,50;98,80;-1;-1,50;
2026-07-07 06:43:00.0;OFF;ON;90;-3,50;-4;-0,70;7;93,60;103,80;2,80;3,50;99,40;-1;-1,50;
2026-07-07 06:44:00.0;OFF;ON;90;-3,50;-4;-0,70;7;93,80;103,80;2,80;3,50;99;-1;-1,50;
2026-07-07 06:45:00.0;OFF;ON;90;-3,50;-4;-0,70;6,90;93,80;103,70;2,80;3,50;99,10;-1;-1,50;
2026-07-07 06:46:00.0;OFF;ON;90;-4;-4;-0,70;6,90;93,80;103,40;3,30;3,50;96,10;-1;-1,50;
2026-07-07 06:47:00.0;OFF;ON;90;-4;-4;-0,80;6,90;93,80;103,80;3,20;3,50;96,80;-1;-1,50;
2026-07-07 06:48:00.0;OFF;ON;90;-3,40;-4;-0,90;6,90;93,50;103,70;2,50;3,50;98,50;-1,10;-1,70;
2026-07-07 06:49:00.0;OFF;ON;90;-3,50;-4;-0,90;6,90;93,10;103,70;2,60;3,50;98,30;-1,10;-1,60;
2026-07-07 06:50:00.0;OFF;ON;90;-3,20;-4;-0,80;6,80;93,60;103,70;2,40;3,50;99,40;-1,10;-1,50;
2026-07-07 06:51:00.0;OFF;ON;90;-3,30;-4;-0,80;6,80;93,90;103,80;2,50;3,50;98,90;-1,10;-1,40;
2026-07-07 06:52:00.0;OFF;ON;90;-3,20;-4;-0,80;6,80;94,10;103,70;2,40;3,50;99,10;-1;-1,40;
2026-07-07 06:53:00.0;OFF;ON;90;-3,10;-4;-0,80;6,80;94,10;103,70;2,40;3,50;99,50;-1;-1,40;
2026-07-07 06:54:00.0;OFF;ON;90;-3;-4;-0,70;6,70;94,10;103,50;2,30;3,50;100;-1;-1,40;
2026-07-07 06:55:00.0;OFF;ON;90;-3,10;-4;-0,70;6,70;94,10;103,60;2,30;3,50;100;-1;-1,30;
2026-07-07 06:56:00.0;OFF;ON;90;-3;-4;-0,70;6,70;94;103;2,30;3,50;99,80;-1;-1,30;
2026-07-07 06:57:00.0;OFF;ON;90;-3;-4;-0,80;6,70;93,90;102,90;2,20;3,50;100;-1;-1,30;
2026-07-07 06:58:00.0;OFF;ON;90;-3,20;-4;-0,70;6,70;93,90;102,90;2,50;3,50;98,50;-1;-1,30;
2026-07-07 06:59:00.0;OFF;ON;90;-3,10;-4;-0,80;6,60;93,90;103,20;2,40;3,50;98,80;-1;-1,30;
2026-07-07 07:00:00.0;OFF;ON;90;-3,10;-4;-0,80;6,60;93,90;103,20;2,30;3,50;98,90;-1;-1,30;
2026-07-07 07:01:00.0;OFF;ON;90;-3,10;-4;-0,80;6,60;93,80;103,20;2,30;3,50;98,90;-1;-1,30;
2026-07-07 07:02:00.0;OFF;ON;50;-3,40;-3,80;-0,90;4,10;93,40;103,20;2,50;3,50;96,50;-1,10;-1,60;
2026-07-07 07:03:00.0;OFF;ON;50;-3,80;-1,50;-1;0,30;93,30;0,20;2,80;3,50;77,20;-1,20;-2;
2026-07-07 07:04:00.0;OFF;ON;50;-4;-0,40;-1,10;-0,90;92,60;0,50;2,90;3,50;65,40;-1,30;-2,20;
2026-07-07 07:05:00.0;OFF;ON;50;-2,50;1,40;-1,10;-1,90;92,30;0;1,40;3,50;52,60;-1,40;-2,20;
2026-07-07 07:06:00.0;OFF;ON;50;-2,70;1,30;-1,20;-2,80;91,90;0;1,60;3,50;46,10;-1,40;-2,20;
2026-07-07 07:07:00.0;OFF;ON;50;-2,30;1,40;-1,10;-3;92,10;11,20;1,20;3,50;43,30;-1,40;-2;
2026-07-07 07:08:00.0;OFF;ON;50;-1,90;1,50;-1;-3,30;92,80;0;0,90;3,50;34,90;-1,30;-1,70;
2026-07-07 07:09:00.0;OFF;ON;50;-1,70;1,50;-1;-3,30;93,20;0;0,80;3,50;30,50;-1,20;-1,60;
2026-07-07 07:10:00.0;OFF;ON;50;-1,60;1,60;-0,90;-3,30;93,60;0;0,60;3,50;26,80;-1,20;-1,50;
2026-07-07 07:11:00.0;OFF;ON;50;-1,10;1,70;-0,80;-3,20;94,30;0;0,40;3,50;20;-1;-1,20;
2026-07-07 07:12:00.0;OFF;ON;50;-1,10;1,80;-0,70;-3,20;94,70;0;0,40;3,50;20;-0,90;-1,10;
2026-07-07 07:13:00.0;OFF;ON;50;-0,80;1,90;-0,60;-3,10;95,10;0;0,20;3,50;20;-0,80;-0,90;
2026-07-07 07:14:00.0;OFF;ON;50;-0,50;2;-0,50;-3;95,40;0;0;3,50;20;-0,70;-0,70;
2026-07-07 07:15:00.0;OFF;ON;50;-0,40;2,10;-0,40;-3;95,70;0;0;3,50;20;-0,60;-0,50;
2026-07-07 07:16:00.0;OFF;ON;50;-0,30;2,20;-0,30;-2,90;96,10;0;0;3,50;20;-0,50;-0,40;
2026-07-07 07:17:00.0;OFF;ON;50;-0,20;2,30;-0,20;-2,80;96,30;0;0;3,50;20;-0,50;-0,20;
2026-07-07 07:18:00.0;OFF;ON;50;0;2,40;-0,10;-2,70;96,70;0;-0,10;3,50;20;-0,40;-0,10;
2026-07-07 07:19:00.0;OFF;ON;50;0;2,50;0;-2,60;96,80;0;-0,10;3,50;20;-0,30;0;
2026-07-07 07:20:00.0;OFF;ON;50;0,20;2,50;0;-2,60;97,10;0;-0,10;3,50;20;-0,20;0,10;
2026-07-07 07:21:00.0;OFF;ON;50;0,10;2,60;0,10;-2,60;97,30;0;0;3,50;20;-0,20;0,20;
2026-07-07 07:22:00.0;OFF;ON;50;0,10;2,60;0,10;-2,50;97,40;0;0;3,50;20;-0,20;0,20;
2026-07-07 07:23:00.0;OFF;ON;50;0,10;2,60;0,10;-2,50;97,40;0;0;3,50;20;-0,20;0,20;
2026-07-07 07:24:00.0;OFF;ON;50;0,10;2,60;0,10;-2,40;97,50;0;0;3,50;20;-0,10;0,20;
2026-07-07 07:25:00.0;OFF;ON;50;0,30;2,60;0,10;-2,50;97,50;0;-0,20;3,50;20;-0,10;0,20;
2026-07-07 07:26:00.0;OFF;ON;50;0,30;2,60;0,10;-2,50;97,50;0;-0,20;3,50;20;-0,10;0,20;
2026-07-07 07:27:00.0;OFF;ON;50;0,30;2,60;0,10;-2,50;97,40;0;-0,20;3,50;20;-0,10;0,20;
2026-07-07 07:28:00.0;OFF;ON;50;0,30;2,60;0,10;-2,50;97,30;0;-0,20;3,50;20;-0,10;0,30;
2026-07-07 07:29:00.0;OFF;ON;50;0,30;2,60;0,10;-2,40;97,30;0;-0,10;3,50;20;-0,10;0,30;
2026-07-07 07:30:00.0;OFF;ON;50;0,20;2,60;0,10;-2,40;97,20;0;-0,10;3,50;20;-0,10;0,30;
2026-07-07 07:31:00.0;OFF;ON;50;0,20;2,60;0,10;-2,40;97,20;0;-0,10;3,50;20;-0,10;0,30;
2026-07-07 07:32:00.0;OFF;ON;50;0,30;2,60;0,10;-2,40;97,10;0;-0,20;3,50;20;-0,10;0,30;
2026-07-07 07:33:00.0;OFF;ON;50;0,20;2,60;0,10;-2,40;97;0;0;3,50;20;-0,10;0,30;
2026-07-07 07:34:00.0;OFF;ON;50;0,30;2,70;0,20;-2,40;97;0;-0,10;3,50;20;-0,10;0,30;
2026-07-07 07:35:00.0;OFF;ON;50;0,30;2,70;0,20;-2,40;96,90;0;-0,20;3,50;20;-0,10;0,30;
2026-07-07 07:36:00.0;OFF;ON;50;0,40;2,70;0,20;-2,40;96,90;0;-0,20;3,50;20;0;0,30;
2026-07-07 07:37:00.0;OFF;ON;50;0,30;2,70;0,20;-2,40;96,80;0;-0,20;3,50;20;0;0,30;
2026-07-07 07:38:00.0;OFF;ON;50;0,40;2,70;0,20;-2,40;96,80;0;-0,20;3,50;20;0;0,30;
2026-07-07 07:39:00.0;OFF;ON;50;0,30;2,70;0,20;-2,40;96,70;0;-0,10;3,50;20;0;0,30;
2026-07-07 07:40:00.0;OFF;ON;50;0,40;2,70;0,20;-2,40;96,70;0;-0,20;3,50;20;0;0,30;
2026-07-07 07:41:00.0;OFF;ON;50;0,40;2,70;0,20;-2,40;96,70;0;-0,20;3,50;20;0;0,30;
2026-07-07 07:42:00.0;OFF;ON;50;0,30;2,70;0,20;-2,40;96,70;0;-0,20;3,50;20;0;0,30;
2026-07-07 07:43:00.0;OFF;ON;50;0,40;2,70;0,20;-2,40;96,60;0;-0,20;3,50;20;0;0,30;
2026-07-07 07:44:00.0;OFF;ON;50;0,50;2,70;0,20;-2,40;96,60;0;-0,30;3,50;20;0;0,30;
2026-07-07 07:45:00.0;OFF;ON;50;0,40;2,70;0,20;-2,40;96,60;0;-0,20;3,50;20;0;0,30;
2026-07-07 07:46:00.0;OFF;ON;50;0,50;2,70;0,20;-2,50;96,60;0;-0,20;3,50;20;0;0,30;
2026-07-07 07:47:00.0;OFF;ON;50;0,40;2,70;0,20;-2,50;96,50;0;-0,20;3,50;20;0;0,30;
2026-07-07 07:48:00.0;OFF;ON;50;0,40;2,70;0,20;-2,50;96,50;0;-0,20;3,50;20;0;0,30;
2026-07-07 07:49:00.0;OFF;ON;50;0,50;2,70;0,20;-2,50;96,50;0;-0,30;3,50;20;0;0,30;
2026-07-07 07:50:00.0;OFF;ON;50;0,40;2,70;0,20;-2,50;96,50;0;-0,20;3,50;20;0;0,30;
2026-07-07 07:51:00.0;OFF;ON;50;0,40;2,70;0,20;-2,50;96,40;0;-0,20;3,50;20;0;0,30;
2026-07-07 07:52:00.0;OFF;ON;50;0,40;2,70;0,20;-2,50;96,40;0;-0,20;3,50;20;0;0,30;
2026-07-07 07:53:00.0;OFF;ON;50;0,50;2,70;0,20;-2,50;96,30;0;-0,20;3,50;20;0;0,30;
2026-07-07 07:54:00.0;OFF;ON;50;0,50;2,70;0,20;-2,50;96,30;0;-0,30;3,50;20;0;0,30;
2026-07-07 07:55:00.0;OFF;ON;50;0,40;2,70;0,20;-2,50;96,30;0;-0,20;3,50;20;0;0,30;
2026-07-07 07:56:00.0;OFF;ON;50;0,40;2,70;0,20;-2,50;96,30;0;-0,20;3,50;20;0;0,30;
2026-07-07 07:57:00.0;OFF;ON;50;0,50;2,70;0,20;-2,50;96,30;0;-0,30;3,50;20;0;0,30;
2026-07-07 07:58:00.0;OFF;ON;50;0,50;2,80;0,30;-2,50;96,30;0;-0,20;3,50;20;0,10;0,30;
2026-07-07 07:59:00.0;OFF;ON;50;0,50;2,80;0,30;-2,40;96,30;0;-0,20;3,50;20;0;0,30;
2026-07-07 08:00:00.0;OFF;ON;50;0,60;2,80;0,30;-2,40;96,30;0;-0,30;3,50;20;0,10;0,30;
2026-07-07 08:01:00.0;OFF;ON;50;0,50;2,80;0,30;-2,50;96,30;0;-0,30;3,50;20;0,10;0,30;
2026-07-07 08:02:00.0;OFF;ON;50;0,60;2,80;0,30;-2,50;96,30;0;-0,30;3,50;20;0,10;0,30;
2026-07-07 08:03:00.0;OFF;ON;50;0,70;2,80;0,30;-2,50;96,20;0;-0,40;3,50;20;0,10;0,30;
2026-07-07 08:04:00.0;OFF;ON;50;0,60;2,80;0,30;-2,50;96,20;0;-0,30;3,50;20;0,10;0,30;
2026-07-07 08:05:00.0;OFF;ON;50;0,60;2,80;0,30;-2,50;96,20;0;-0,30;3,50;20;0,10;0,30;
2026-07-07 08:06:00.0;OFF;ON;50;0,60;2,80;0,30;-2,50;96,20;0;-0,30;3,50;20;0,10;0,30;
2026-07-07 08:07:00.0;OFF;ON;50;0,70;2,80;0,30;-2,40;96,20;0;-0,40;3,50;20;0,10;0,30;
2026-07-07 08:08:00.0;OFF;ON;50;0,70;2,80;0,30;-2,40;96,20;0;-0,40;3,50;20;0,10;0,30;
2026-07-07 08:09:00.0;OFF;ON;50;0,60;2,80;0,30;-2,40;96,20;0;-0,30;3,50;20;0,10;0,30;
2026-07-07 08:10:00.0;OFF;ON;50;0,60;2,80;0,30;-2,40;96,10;0;-0,30;3,50;20;0,10;0,30;
2026-07-07 08:11:00.0;OFF;ON;50;0,70;2,80;0,30;-2,40;96,10;0;-0,40;3,50;20;0,10;0,30;
2026-07-07 08:12:00.0;OFF;ON;50;0,80;2,80;0,30;-2,40;96,20;0;-0,50;3,50;20;0,10;0,30;
2026-07-07 08:13:00.0;OFF;ON;90;0,70;-3,20;0,30;-2,50;96,10;0;-0,40;3,50;50,60;0,10;0,40;
2026-07-07 08:14:00.0;OFF;ON;90;0,80;-3,10;0,40;-2,40;96,10;0;-0,40;3,50;59,10;0,20;0,50;
2026-07-07 08:15:00.0;OFF;ON;90;0,90;-3,10;0,40;-2,40;96,20;0;-0,50;3,50;68,20;0,20;0,50;
2026-07-07 08:16:00.0;OFF;ON;90;1;-3,10;0,40;-2,40;96,30;0;-0,60;3,50;76,80;0,30;0,60;
2026-07-07 08:17:00.0;OFF;ON;90;1,10;-3,10;0,40;-2,40;96,30;0;-0,60;3,50;84,10;0,30;0,60;
2026-07-07 08:18:00.0;OFF;ON;90;1,20;-3;0,50;-2,30;96,30;0;-0,70;3,50;92,90;0,30;0,60;
2026-07-07 08:19:00.0;OFF;ON;90;1,20;-2,90;0,60;-2,10;96,50;0;-0,70;3,50;100;0,40;0,70;
2026-07-07 08:20:00.0;OFF;ON;90;1,30;-2,90;0,60;-2;96,70;0;-0,70;3,50;100;0,40;0,80;
2026-07-07 08:21:00.0;OFF;ON;50;1,30;1,10;0,70;-2;96,80;0;-0,60;3,50;74,70;0,50;0,90;
2026-07-07 08:22:00.0;OFF;ON;50;1,50;2,20;0,80;-2;97;0;-0,70;3,50;68,90;0,50;0,80;
2026-07-07 08:23:00.0;OFF;ON;50;1,40;3,30;0,80;-1,90;97,10;0;-0,60;3,50;59,10;0,50;0,90;
2026-07-07 08:24:00.0;OFF;ON;50;1,60;3,40;0,90;-1,80;97,20;0;-0,70;3,50;55,30;0,60;1,20;
2026-07-07 08:25:00.0;OFF;ON;50;1,70;3,50;1;-1,80;97,50;0;-0,70;3,50;52,40;0,70;1,30;
2026-07-07 08:26:00.0;OFF;ON;50;1,80;3,60;1,10;-1,70;97,70;0;-0,70;3,50;48,50;0,80;1,50;
2026-07-07 08:27:00.0;OFF;ON;50;1,80;3,70;1,20;-1,50;97,90;0;-0,60;3,50;44,50;0,90;1,60;
2026-07-07 08:28:00.0;OFF;ON;50;2;3,80;1,30;-1,40;98,10;0;-0,70;3,50;41,20;1;1,70;
2026-07-07 08:29:00.0;OFF;ON;50;2;3,90;1,40;-1,30;98,20;0;-0,60;3,50;37;1,10;1,80;
2026-07-07 08:30:00.0;OFF;ON;50;2,20;4;1,50;-1,30;98,20;0;-0,70;3,50;34,30;1,20;1,90;
2026-07-07 08:31:00.0;OFF;ON;50;2,30;4,10;1,60;-1,20;98,20;0;-0,80;3,50;31;1,30;2;
2026-07-07 08:32:00.0;OFF;ON;50;2,40;4,10;1,60;-1,10;98,20;0;-0,80;3,50;27,60;1,30;2,10;
2026-07-07 08:33:00.0;OFF;ON;50;2,40;4,20;1,70;-1;98,20;0;-0,70;3,50;24,20;1,40;2,20;
2026-07-07 08:34:00.0;OFF;ON;50;2,60;4,30;1,80;-0,90;98,20;0;-0,80;3,50;21,50;1,40;2,20;
2026-07-07 08:35:00.0;OFF;ON;50;2,60;4,40;1,90;-0,80;98,20;0;-0,80;3,50;20;1,60;2,30;
2026-07-07 08:36:00.0;OFF;ON;50;2,80;4,40;1,90;-0,80;98,20;0;-0,80;3,50;20;1,60;2,40;
2026-07-07 08:37:00.0;ON;OFF;50;2,90;0,20;2,20;-0,70;98,20;0;-0,70;2;42;2;2,60;
2026-07-07 08:38:00.0;ON;OFF;50;3,10;0,50;2,50;0,50;98,20;0;-0,60;2;46;2,50;2,80;
2026-07-07 08:39:00.0;ON;OFF;50;3,10;0,50;2,50;0,90;98,20;0;-0,60;2;51,10;2,30;2,90;
2026-07-07 08:40:00.0;ON;OFF;50;3,30;0,60;2,60;0,20;98,20;0;-0,80;2;57,40;2,30;3;
2026-07-07 08:41:00.0;ON;OFF;50;3,30;0,60;2,60;0;98,20;0;-0,70;2;62,20;2,40;3,10;
2026-07-07 08:42:00.0;ON;OFF;50;3,50;0,70;2,70;0;98,20;0;-0,80;2;68,20;2,40;3,20;
2026-07-07 08:43:00.0;ON;OFF;50;3,60;0,70;2,70;0;98,20;0;-0,90;2;73,90;2,50;3,20;
2026-07-07 08:44:00.0;ON;OFF;50;3,60;0,80;2,80;0;98,20;0;-0,90;2;79,60;2,50;3,30;
2026-07-07 08:45:00.0;ON;OFF;50;3,70;0,80;2,80;0;98,20;0;-0,90;2;84,90;2,60;3,40;
2026-07-07 08:46:00.0;ON;OFF;50;3,70;0,80;2,80;0,10;98,20;0;-0,90;2;90,30;2,60;3,40;
2026-07-07 08:47:00.0;ON;OFF;50;3,70;0,90;2,90;0,10;98,20;0;-0,80;2;95,50;2,60;3,40;
2026-07-07 08:48:00.0;ON;OFF;50;3,80;1;3;6,30;98,20;0;-0,90;2;100;2,70;3,50;
2026-07-07 08:49:00.0;ON;OFF;50;3,80;1,20;3,20;4,10;98,20;0;-0,70;2;100;2,70;3,50;
2026-07-07 08:50:00.0;ON;OFF;50;4;1,20;3,20;2,90;98,20;0;-0,80;2;100;2,90;3,60;
2026-07-07 08:51:00.0;ON;OFF;50;4;1,40;3,40;2,20;98,20;0;-0,70;2;100;3,40;3,80;
2026-07-07 08:52:00.0;ON;OFF;50;4,10;1,50;3,50;1,90;98,20;0;-0,60;2;100;3,80;3,90;
2026-07-07 08:53:00.0;ON;OFF;50;4,10;1,50;3,50;1,60;98,20;0;-0,60;2;99,60;3,50;4;
2026-07-07 08:54:00.0;ON;OFF;50;4,30;1,60;3,60;1,50;98,20;0;-0,70;2;100;3,50;4;
2026-07-07 08:55:00.0;ON;OFF;50;4,40;1,80;3,80;1,40;98,20;0;-0,60;2;100;3,60;4,10;
2026-07-07 08:56:00.0;ON;OFF;50;4,50;1,90;3,90;1,60;98,20;0;-0,60;2;100;3,70;4,20;
2026-07-07 08:57:00.0;ON;OFF;50;4,20;2,10;4,10;2,90;98,20;0;-0,20;2;99,60;4;4,30;
2026-07-07 08:58:00.0;ON;OFF;50;4,20;2,10;4,10;2,30;98,20;0;-0,10;2;99,80;4,10;4,40;
2026-07-07 08:59:00.0;ON;OFF;50;3,50;2,10;4,10;2;98,20;0;0,50;2;98,70;4,10;4,40;
2026-07-07 09:00:00.0;ON;OFF;50;3,20;2;4;1,80;98,30;0;0,80;2;99,10;4,10;4,10;
2026-07-07 09:01:00.0;ON;OFF;50;2,10;1,80;3,80;1,50;98,30;0;1,60;2;95,10;3,90;3,60;
2026-07-07 09:02:00.0;ON;OFF;50;1,90;1,60;3,60;1,30;98,30;0;1,70;2;94,90;3,80;3,20;
2026-07-07 09:03:00.0;ON;OFF;50;0,90;1,30;3,30;1,20;98,30;0;2,50;2;89,50;3,60;2,90;
2026-07-07 09:04:00.0;ON;OFF;50;0,20;1;3;0,80;98,30;0;2,80;2;86;3,30;2,40;
2026-07-07 09:05:00.0;ON;OFF;50;0,20;0,80;2,80;0,70;98,30;0;2,70;2;85,90;3,20;2,20;
2026-07-07 09:06:00.0;ON;OFF;50;-0,70;0,40;2,40;0,30;98,30;0;3,10;2;80,30;2,90;1,60;
2026-07-07 09:07:00.0;ON;OFF;50;-1;0,30;2,30;0,10;98,30;0;3,20;2;78;2,70;1,40;
2026-07-07 09:08:00.0;ON;OFF;50;-1,20;0,10;2,10;-0,10;98,20;0;3,30;2;75,70;2,60;1,10;
2026-07-07 09:09:00.0;ON;OFF;50;-1,50;-0,20;1,80;-0,30;98,10;0;3,30;2;72,10;2,40;0,70;
2026-07-07 09:10:00.0;ON;OFF;50;-1,80;-0,20;1,80;-0,40;98;0;3,60;2;68,90;2,30;0,70;
2026-07-07 09:11:00.0;ON;OFF;50;-1,10;-0,40;1,60;-0,60;97,90;0;2,70;2;70,60;2,10;0,50;
2026-07-07 09:12:00.0;ON;OFF;50;-1,40;-0,60;1,40;-0,80;97,80;0;2,90;2;68,10;1,90;0,20;
2026-07-07 09:13:00.0;ON;OFF;50;-1,30;-0,50;1,50;-0,80;97,70;0;2,80;2;66,90;1,90;0,20;
2026-07-07 09:14:00.0;ON;OFF;50;-1;-0,50;1,50;-0,80;97,60;0;2,50;2;67,80;1,80;0,10;
2026-07-07 09:15:00.0;ON;OFF;50;-1,30;-0,50;1,50;-0,80;97,70;0;2,90;2;64,60;1,90;0,20;
2026-07-07 09:16:00.0;ON;OFF;50;-1,30;-0,40;1,60;-0,70;97,70;0;3;2;61,90;1,90;0,20;
2026-07-07 09:17:00.0;ON;OFF;50;-1,20;-0,30;1,70;-0,60;97,80;31,50;2,90;2;60,40;1,90;0,20;
2026-07-07 09:18:00.0;ON;OFF;50;-0,90;-0,20;1,80;-0,40;98;0;2,70;2;59,70;1,80;0,20;
2026-07-07 09:19:00.0;ON;OFF;50;-0,70;-0,10;1,90;-0,20;98;0;2,50;2;60;1,80;0,30;
2026-07-07 09:20:00.0;ON;OFF;50;-0,30;0,10;2,10;-0,10;98,20;0;2,30;2;60;2;0,50;
2026-07-07 09:21:00.0;ON;OFF;50;-0,20;0,20;2,20;0,20;98,20;0;2,40;2;58,80;2,20;0,80;
2026-07-07 09:22:00.0;ON;OFF;50;-0,40;0,40;2,40;0,40;98,20;0;2,70;2;56,40;2,30;0,90;
2026-07-07 09:23:00.0;ON;OFF;50;0,10;0,70;2,70;0,60;98,20;0;2,50;2;56,40;2,50;1,10;
2026-07-07 09:24:00.0;ON;OFF;50;0,30;0,70;2,70;0,70;98,20;0;2,50;2;56,50;2,60;1,20;
2026-07-07 09:25:00.0;ON;OFF;50;0,40;1,10;3,10;1,10;98,20;0;2,70;2;52,50;2,90;1,50;
2026-07-07 09:26:00.0;ON;OFF;50;0,70;1,20;3,20;1,40;98,20;0;2,50;2;52,80;2,90;1,60;
2026-07-07 09:27:00.0;ON;OFF;50;1,60;1,40;3,40;1,70;98,20;0;1,70;2;56,90;2,90;1,80;
2026-07-07 09:28:00.0;ON;OFF;50;1,80;1,60;3,60;1,90;98,20;0;1,80;2;56,80;3;2,20;
2026-07-07 09:29:00.0;ON;OFF;50;2,20;1,80;3,80;2,30;98,20;0;1,60;2;58,60;3,30;2,50;
2026-07-07 09:30:00.0;ON;OFF;50;2,30;2,10;4,10;2,60;98,20;0;1,70;2;58,60;3,40;2,80;
2026-07-07 09:31:00.0;ON;OFF;50;2,60;2,30;4,30;2,90;98,20;0;1,70;2;59,20;3,60;3;
2026-07-07 09:32:00.0;ON;OFF;50;3,20;2,70;4,70;3,10;98,20;0;1,50;2;60,70;4,10;3,40;
2026-07-07 09:33:00.0;ON;OFF;50;3,50;3;5;3,40;98,20;0;1,50;2;61,80;4,20;3,60;
2026-07-07 09:34:00.0;ON;OFF;50;3,20;3,20;5,20;3,70;98,20;0;2;2;58,30;4,40;3,90;
2026-07-07 09:35:00.0;ON;OFF;50;3,60;3,50;5,50;4;98,30;0;1,90;2;60;4,40;4;
2026-07-07 09:36:00.0;ON;OFF;50;3,60;3,70;5,70;4,20;98,30;0;2,10;2;58,40;4,60;4,10;
2026-07-07 09:37:00.0;ON;OFF;50;3,40;3,90;5,90;4,50;98,30;0;2,40;2;56,20;4,70;4,20;
2026-07-07 09:38:00.0;ON;OFF;50;2,90;4,10;6,10;4,90;98,30;0;3,20;2;49,50;5,20;4,40;
2026-07-07 09:39:00.0;ON;OFF;50;3,70;4;6;5;98,30;0;2,40;2;53,40;4,90;4,20;
2026-07-07 09:40:00.0;ON;OFF;50;3,60;4;6;5,20;98,30;0;2,40;2;52,30;4,90;4,30;
2026-07-07 09:41:00.0;ON;OFF;50;3,70;4,10;6,10;5,40;98,30;0;2,40;2;51,80;5;4,40;
2026-07-07 09:42:00.0;ON;OFF;50;3,80;4;6;5,50;98,30;0;2,20;2;52,80;4,80;4,40;
2026-07-07 09:43:00.0;ON;OFF;50;3,80;4;6;5,50;98,30;0;2,30;2;52;4,80;4,40;
2026-07-07 09:44:00.0;ON;OFF;50;3,60;4,20;6,20;5,70;98,30;0;2,60;2;48,20;5;4,40;
2026-07-07 09:45:00.0;ON;OFF;50;3,30;4;6;5,70;98,30;0;2,80;2;45,50;4,90;4,30;
2026-07-07 09:46:00.0;ON;OFF;50;3,80;4;6;5,70;98,30;0;2,20;2;48,70;4,90;4,20;
2026-07-07 09:47:00.0;ON;OFF;50;3,80;3,90;5,90;5,70;98,30;0;2,10;2;48,70;4,80;4,30;
2026-07-07 09:48:00.0;ON;OFF;50;4;4,10;6,10;5,80;98,30;0;2,10;2;48,10;4,80;4,40;
2026-07-07 09:49:00.0;ON;OFF;50;4;4,10;6,10;5,80;98,30;0;2,10;2;47,90;4,90;4,50;
2026-07-07 09:50:00.0;ON;OFF;50;3,70;4,10;6,10;5,80;98,30;0;2,40;2;45,50;4,90;4,50;
2026-07-07 09:51:00.0;ON;OFF;50;4,30;4,10;6,10;5,80;98,30;0;1,90;2;49;4,80;4,50;
2026-07-07 09:52:00.0;ON;OFF;50;4,30;4,20;6,20;5,90;98,30;0;1,90;2;49;5;4,70;
2026-07-07 09:53:00.0;ON;OFF;50;4,40;4,30;6,30;6;98,30;0;1,90;2;49,40;5,10;4,80;
2026-07-07 09:54:00.0;ON;OFF;50;4,50;4,30;6,30;6,10;98,30;0;1,80;2;50,50;5,10;4,90;
2026-07-07 09:55:00.0;ON;OFF;50;4,60;4,40;6,40;6,10;98,30;0;1,80;2;50,20;5,20;4,90;
2026-07-07 09:56:00.0;ON;OFF;50;4,50;4,40;6,40;6,10;98,30;0;1,90;2;49,70;5,20;4,90;
2026-07-07 09:57:00.0;ON;OFF;50;4,40;4,40;6,40;6,20;98,30;0;2;2;48,90;5,20;4,90;
2026-07-07 09:58:00.0;ON;OFF;50;4,20;4,50;6,50;6,20;98,40;0;2,20;2;47,90;5,20;4,90;
2026-07-07 09:59:00.0;ON;OFF;50;3,80;4,50;6,50;6,20;98,30;0;2,70;2;44,30;5,20;4,80;
2026-07-07 10:00:00.0;ON;OFF;50;4,20;4,30;6,30;6,20;98,40;0;2,20;2;46,70;5,10;4,70;
2026-07-07 10:01:00.0;ON;OFF;50;4,10;4,30;6,30;6,10;98,40;0;2,20;2;46,20;5,10;4,70;
2026-07-07 10:02:00.0;ON;OFF;50;4,30;4,30;6,30;6,10;98,40;0;2;2;46,70;5,10;4,70;
2026-07-07 10:03:00.0;ON;OFF;50;4,30;4,40;6,40;6;98,40;0;2,20;2;46,30;5,10;4,70;
2026-07-07 10:04:00.0;ON;OFF;50;4,20;4,50;6,50;38,50;98,40;107,40;2,30;2;45,30;5,20;4,80;
2026-07-07 10:05:00.0;ON;OFF;50;4,30;4,60;6,60;41,60;98,40;107,40;2,30;2;44,70;5,30;4,80;
2026-07-07 10:06:00.0;ON;OFF;50;4,70;4,90;6,90;42,90;98,40;107,40;2,20;2;44;5,60;4,90;
2026-07-07 10:07:00.0;ON;OFF;50;5;5,10;7,10;43,40;98,40;107,40;2,10;2;44,70;5,80;5,20;
2026-07-07 10:08:00.0;ON;OFF;50;5,50;5,30;7,30;43,70;98,40;107,40;1,90;2;46,20;6,10;5,60;
2026-07-07 10:09:00.0;ON;OFF;50;5,60;5,50;7,50;43,80;98,40;107,40;1,90;2;45,90;6,20;5,80;
2026-07-07 10:10:00.0;ON;OFF;50;5,80;5,70;7,70;43,90;98,40;107,40;2;2;46,30;6,40;6,10;
2026-07-07 10:11:00.0;ON;OFF;50;6,20;6;8;44;98,40;107,30;1,80;2;47,60;6,70;6,40;
2026-07-07 10:12:00.0;ON;OFF;50;6,20;6,20;8,20;44,10;98,40;107,30;2;2;47;7,10;6,60;
2026-07-07 10:13:00.0;ON;OFF;50;6,30;6,30;8,30;44,10;98,40;107,30;2;2;47,10;7,20;6,70;
2026-07-07 10:14:00.0;ON;OFF;50;6;6,50;8,50;44,10;98,40;107,30;2,50;2;43,10;7,50;7;
2026-07-07 10:15:00.0;ON;OFF;50;6,20;6,70;8,70;44,20;98,40;107,30;2,50;2;42,10;7,70;7;
2026-07-07 10:16:00.0;ON;OFF;50;6,10;6,80;8,80;44,20;98,40;107,30;2,70;2;39,80;7,90;7,10;
2026-07-07 10:17:00.0;ON;OFF;50;6,30;6,90;8,90;44,20;98,40;107,30;2,60;2;39;8;7,20;
2026-07-07 10:18:00.0;ON;OFF;50;6,70;7;9;44,20;98,40;107,30;2,30;2;40,10;8,30;7,30;
2026-07-07 10:19:00.0;ON;OFF;50;6,90;7,20;9,20;44,20;98,40;107,30;2,30;2;40,10;8,70;7,60;
2026-07-07 10:20:00.0;ON;OFF;50;7,20;7,30;9,30;44,20;98,40;107,30;2,10;2;40,90;8,70;7,80;
2026-07-07 10:21:00.0;ON;OFF;50;7,30;7,40;9,40;44,20;98,40;107,30;2,10;2;40,10;8,70;7,90;
2026-07-07 10:22:00.0;ON;OFF;50;7,80;7,70;9,70;44,30;98,40;107,20;2;2;40,80;9,20;8,20;
2026-07-07 10:23:00.0;ON;OFF;50;7,90;7,80;9,80;44,30;98,40;107,20;1,90;2;41,20;9,20;8,40;
2026-07-07 10:24:00.0;ON;OFF;50;8,40;8,10;10,10;44,20;98,40;107,20;1,70;2;43,10;9,40;8,70;
2026-07-07 10:25:00.0;ON;OFF;50;8,30;8,20;10,20;44,20;98,40;107,20;1,80;2;42,70;9,60;8,90;
2026-07-07 10:26:00.0;ON;OFF;50;8,70;8,50;10,50;44,20;98,40;107,20;1,70;2;44,10;10;9,10;
2026-07-07 10:27:00.0;ON;OFF;50;9,10;8,70;10,70;44,20;98,40;107,20;1,60;2;45,40;10,30;9,50;
2026-07-07 10:28:00.0;ON;OFF;50;9,10;9;11;44,20;98,50;107,20;1,90;2;44,20;10,60;9,70;
2026-07-07 10:29:00.0;ON;OFF;50;9,30;9,20;11,20;44,20;98,50;107,20;1,90;2;44,60;10,60;9,80;
2026-07-07 10:30:00.0;ON;OFF;50;9,50;9,40;11,40;44,20;98,50;107,20;1,90;2;44,50;10,70;9,90;
2026-07-07 10:31:00.0;ON;OFF;50;9,50;9,60;11,60;44,20;98,50;107,20;2;2;43,50;10,80;10;
2026-07-07 10:32:00.0;ON;OFF;50;9,40;9,70;11,70;44,20;98,50;107,20;2,30;2;41,90;11;10,10;
2026-07-07 10:33:00.0;ON;OFF;50;9,80;9,80;11,80;44,20;98,50;107,20;2;2;42,90;11,10;10,20;
2026-07-07 10:34:00.0;ON;OFF;50;9,90;10;12;44,20;98,50;107,20;2,10;2;42,10;11,30;10,40;
2026-07-07 10:35:00.0;ON;OFF;50;10,10;10,30;12,30;44,10;98,50;107,20;2,20;2;41,10;11,40;10,60;
2026-07-07 10:36:00.0;ON;OFF;50;10;10,40;12,40;44,10;98,50;107,20;2,40;2;39,20;11,60;10,70;
2026-07-07 10:37:00.0;ON;OFF;50;9,90;10,60;12,60;44,10;98,50;107,20;2,70;2;36,50;11,90;10,80;
2026-07-07 10:38:00.0;ON;OFF;50;10,20;10,60;12,60;44,10;98,50;107,20;2,40;2;37,50;11,90;10,90;
2026-07-07 10:39:00.0;ON;OFF;50;10,40;10,80;12,80;44,10;98,50;107,20;2,40;2;36,10;12,10;11;
2026-07-07 10:40:00.0;ON;OFF;50;10,40;10,90;12,90;44;98,50;107,20;2,40;2;35,10;12,30;11,20;
2026-07-07 10:41:00.0;ON;OFF;50;10,80;11;13;44;98,50;107,20;2,20;2;36;12,40;11,30;
2026-07-07 10:42:00.0;ON;OFF;50;10,60;11,10;13,10;44;98,50;107,20;2,50;2;33,90;12,50;11,50;
2026-07-07 10:43:00.0;ON;OFF;50;10,90;11,20;13,20;44;98,50;107,20;2,30;2;34,10;12,60;11,60;
2026-07-07 10:44:00.0;ON;OFF;50;11;11,30;13,30;44;98,50;107,30;2,20;2;34;12,80;11,70;
2026-07-07 10:45:00.0;ON;OFF;50;11,10;11,30;13,30;43,90;98,50;107,30;2,30;2;33,10;12,80;11,80;
2026-07-07 10:46:00.0;ON;OFF;50;11,70;11,40;13,40;43,90;98,50;107,30;1,80;2;36,10;12,90;11,90;
2026-07-07 10:47:00.0;ON;OFF;50;11,90;11,60;13,60;43,90;98,50;107,30;1,80;2;36,60;13,20;12,20;
2026-07-07 10:48:00.0;ON;OFF;50;12,30;11,70;13,70;43,90;98,50;107,30;1,40;2;39,90;13,20;12,50;
2026-07-07 10:49:00.0;ON;OFF;50;12,50;11,90;13,90;43,80;98,50;107,30;1,40;2;40,70;13,50;12,70;
2026-07-07 10:50:00.0;ON;OFF;50;12,90;12;14;43,80;98,50;107,30;1,10;2;43,70;13,50;12,90;
2026-07-07 10:51:00.0;ON;OFF;50;12,80;12,10;14,10;43,80;98,50;107,30;1,30;2;44;13,70;13,10;
2026-07-07 10:52:00.0;ON;OFF;50;13;12,30;14,30;43,80;98,50;107,40;1,40;2;44,90;13,90;13,30;
2026-07-07 10:53:00.0;ON;OFF;50;13,10;12,50;14,50;43,70;98,60;107,30;1,40;2;46,50;14,10;13,50;
2026-07-07 10:54:00.0;ON;OFF;50;13,20;12,70;14,70;43,70;98,60;107,30;1,50;2;46,70;14,30;13,60;
2026-07-07 10:55:00.0;ON;OFF;50;13,10;12,70;14,70;43,70;98,60;107,30;1,60;2;46,70;14,20;13,70;
2026-07-07 10:56:00.0;ON;OFF;50;13,10;12,90;14,90;43,70;98,60;107,30;1,70;2;46,60;14,40;13,70;
2026-07-07 10:57:00.0;ON;OFF;50;13,30;12,90;14,90;43,60;98,60;107,30;1,80;2;48;14,40;13,70;
2026-07-07 10:58:00.0;ON;OFF;50;12,80;13,10;15,10;43,60;98,60;107,40;2,30;2;44;14,50;13,80;
2026-07-07 10:59:00.0;ON;OFF;50;12,80;13,10;15,10;43,60;98,60;107,40;2,30;2;43,50;14,60;13,70;
2026-07-07 11:00:00.0;ON;OFF;50;12,60;13,10;15,10;43,50;98,60;107,40;2,40;2;41,80;14,50;13,60;
2026-07-07 11:01:00.0;ON;OFF;50;12,50;13;15;43,50;98,60;107,40;2,50;2;40,70;14,50;13,50;
2026-07-07 11:02:00.0;ON;OFF;50;12,50;13;15;43,50;98,60;107,40;2,50;2;39,40;14,50;13,40;
2026-07-07 11:03:00.0;ON;OFF;50;12,60;13;15;43,40;98,60;107,40;2,40;2;39,50;14,60;13,40;
2026-07-07 11:04:00.0;ON;OFF;50;12,50;13;15;43,40;98,60;107,40;2,60;2;37,30;14,60;13,40;
2026-07-07 11:05:00.0;ON;OFF;50;12,60;13,10;15,10;43,30;98,60;107,40;2,50;2;36,60;14,60;13,40;
2026-07-07 11:06:00.0;ON;OFF;50;12,80;13,20;15,20;43,30;98,60;107,50;2,40;2;36,50;14,80;13,60;
2026-07-07 11:07:00.0;ON;OFF;50;12,90;13,30;15,30;43,30;98,60;107,50;2,30;2;36,20;15;13,70;
2026-07-07 11:08:00.0;ON;OFF;50;13,20;13,30;15,30;43,20;98,60;107,50;2,10;2;37,10;15;13,80;
2026-07-07 11:09:00.0;ON;OFF;50;13,40;13,50;15,50;43,20;98,60;107,40;2,10;2;37,10;15,20;13,90;
2026-07-07 11:10:00.0;ON;OFF;50;13,30;13,60;15,60;43,20;98,60;107,40;2,30;2;34,90;15,50;14,10;
2026-07-07 11:11:00.0;ON;OFF;50;14;13,80;15,80;43,10;98,60;107,40;1,80;2;38,50;15,60;14,30;
2026-07-07 11:12:00.0;ON;OFF;50;13,80;13,90;15,90;43,10;98,60;106,90;2;2;37,50;15,90;14,50;
2026-07-07 11:13:00.0;ON;OFF;50;14,10;14,10;16,10;43;98,70;106,90;1,90;2;37,60;16;14,70;
2026-07-07 11:14:00.0;ON;OFF;50;14,30;14,10;16,10;43;98,70;106,90;1,90;2;38,50;16,20;14,90;
2026-07-07 11:15:00.0;ON;OFF;50;14,30;14,30;16,30;43;98,70;107;2;2;37,40;16,40;15,10;
2026-07-07 11:16:00.0;ON;OFF;50;14,40;14,40;16,40;42,90;98,70;106,90;2;2;37,30;16,50;15,10;
2026-07-07 11:17:00.0;ON;OFF;50;14,20;14,50;16,50;42,90;98,70;106,90;2,20;2;35,90;16,60;15,10;
2026-07-07 11:18:00.0;ON;OFF;50;14,40;14,50;16,50;42,90;98,70;107;2,20;2;36;16,60;15,20;
2026-07-07 11:19:00.0;ON;OFF;50;14,30;14,60;16,60;42,80;98,70;107;2,30;2;34,30;16,70;15,20;
2026-07-07 11:20:00.0;ON;OFF;50;14,30;14,60;16,60;42,80;98,70;107,10;2,30;2;33,70;16,60;15,10;
2026-07-07 11:21:00.0;ON;OFF;50;14,30;14,60;16,60;42,70;98,70;107,10;2,40;2;32,60;16,70;15,20;
2026-07-07 11:22:00.0;ON;OFF;50;14,30;14,70;16,70;42,70;98,70;107,10;2,40;2;31,60;16,80;15,20;
2026-07-07 11:23:00.0;ON;OFF;50;14,50;14,70;16,70;42,60;98,70;107,10;2,20;2;32,30;16,90;15,30;
2026-07-07 11:24:00.0;OFF;ON;100;14,70;14,50;17;42,60;98,70;107;2,40;2,50;34,90;17;16,10;
2026-07-07 11:25:00.0;OFF;ON;100;15,20;14,70;17,20;42,50;98,70;107;2;2,50;37,90;17,20;16,60;
2026-07-07 11:26:00.0;OFF;ON;100;15,40;14,90;17,40;42,50;98,70;107;2,10;2,50;38,50;17,50;16,90;
2026-07-07 11:27:00.0;OFF;ON;100;15,60;15;17,60;42,50;98,70;107,10;1,90;2,50;40,70;17,60;17,10;
2026-07-07 11:28:00.0;OFF;ON;100;15,80;15;17,80;42,40;98,70;107;2;2,50;42,90;17,80;17,30;
2026-07-07 11:29:00.0;OFF;ON;100;15,60;15;17,90;42,40;98,70;107;2,20;2,50;43,70;17,90;17,50;
2026-07-07 11:30:00.0;OFF;ON;100;15,80;15;18;42,30;98,70;107;2,20;2,50;45,90;18,10;17,60;
2026-07-07 11:31:00.0;OFF;ON;100;15,50;15;18,10;42,30;98,70;107,10;2,60;2,50;45,30;18,20;17,60;
2026-07-07 11:32:00.0;OFF;ON;100;15,50;15;18,10;42,20;98,70;107,10;2,60;2,50;46,70;18,20;17,60;
2026-07-07 11:33:00.0;OFF;ON;100;15,40;15;18,10;42,20;98,70;107,10;2,80;2,50;46,20;18,20;17,60;
2026-07-07 11:34:00.0;OFF;ON;100;15,40;15;18,10;42,10;98,70;107,10;2,80;2,50;46,90;18,10;17,60;
2026-07-07 11:35:00.0;OFF;ON;100;15,10;15;18,10;42,10;98,70;107;3;2,50;45,90;18,20;17,50;
2026-07-07 11:36:00.0;OFF;ON;100;15,20;15;18,10;42;98,70;107;2,80;2,50;47;18,10;17,50;
2026-07-07 11:37:00.0;OFF;ON;100;15,30;15;18,10;42;98,70;107,10;2,80;2,50;47,50;18,20;17,50;
2026-07-07 11:38:00.0;OFF;ON;100;15;15;18,10;41,90;98,70;107,10;3,10;2,50;46,60;18,20;17,50;
2026-07-07 11:39:00.0;OFF;ON;100;15,10;15;18,10;41,90;98,70;107,10;3;2,50;46,80;18,20;17,60;
2026-07-07 11:40:00.0;OFF;ON;100;15;15;18,10;41,80;98,70;106,70;3,10;2,50;47,20;18,30;17,50;
2026-07-07 11:41:00.0;OFF;ON;100;15,20;15;18,10;41,80;98,70;106,70;2,90;2,50;48,20;18,20;17,50;
2026-07-07 11:42:00.0;OFF;ON;100;15,20;15;18,10;41,70;98,70;106,80;2,90;2,50;48,30;18,20;17,50;
2026-07-07 11:43:00.0;OFF;ON;100;15,10;15;18,10;41,70;98,70;106,80;3;2,50;47,90;18,20;17,50;
2026-07-07 11:44:00.0;OFF;ON;100;15;15;18,10;41,60;98,70;106,80;3,10;2,50;47,70;18,20;17,50;
2026-07-07 11:45:00.0;OFF;ON;100;15;15;18,10;41,50;98,70;106,80;3;2,50;47;18,20;17,50;
2026-07-07 11:46:00.0;OFF;ON;100;15,10;15;18,10;41,50;98,70;106,70;3;2,50;48;18,20;17,50;
2026-07-07 11:47:00.0;OFF;ON;100;15;15;18,10;41,50;98,70;106,80;3,10;2,50;48;18,30;17,50;
2026-07-07 11:48:00.0;OFF;ON;100;15;15;18,10;41,40;98,70;106,80;3,10;2,50;48;18,30;17,60;
2026-07-07 11:49:00.0;OFF;ON;100;15,20;15;18,10;41,30;98,70;106,80;3;2,50;48,70;18,30;17,60;
2026-07-07 11:50:00.0;OFF;ON;100;15,10;15;18,10;41,30;98,70;106,80;3;2,50;48,80;18,40;17,70;
2026-07-07 11:51:00.0;OFF;ON;100;15;15;18,10;41,20;98,70;106,70;3,20;2,50;48,40;18,40;17,70;
2026-07-07 11:52:00.0;OFF;ON;100;15,10;15;18,10;41,20;98,70;106,80;3;2,50;48,80;18,40;17,70;
2026-07-07 11:53:00.0;OFF;ON;100;15,10;15;18,10;41,10;98,70;106,80;3;2,50;48,70;18,40;17,70;
2026-07-07 11:54:00.0;OFF;ON;100;15;15;18,10;41,10;98,70;106,70;3,10;2,50;48,80;18,40;17,60;
2026-07-07 11:55:00.0;OFF;ON;100;15,20;15;18,10;41;98,70;106,70;3;2,50;49,30;18,40;17,60;
2026-07-07 11:56:00.0;OFF;ON;100;15;15;18,10;41;98,70;107,20;3,10;2,50;49;18,40;17,60;
2026-07-07 11:57:00.0;OFF;ON;100;15;15;18,10;40,90;98,70;107,10;3,10;2,50;47,80;18,40;17,60;
2026-07-07 11:58:00.0;OFF;ON;100;15;15;18,10;40,80;98,70;107,20;3,10;2,50;48;18,30;17,60;
2026-07-07 11:59:00.0;OFF;ON;100;15;15;18,10;40,80;98,70;107,20;3,10;2,50;47,60;18,30;17,60;
2026-07-07 12:00:00.0;OFF;ON;100;15;15;18;40,70;98,70;107,10;3;2,50;47,80;18,30;17,60;
2026-07-07 12:01:00.0;OFF;ON;100;14,80;15;18;40,70;98,70;107,10;3,20;2,50;47;18,30;17,50;
2026-07-07 12:02:00.0;OFF;ON;100;14,90;15;18;40,60;98,70;107,10;3,10;2,50;47,40;18,30;17,50;
2026-07-07 12:03:00.0;OFF;ON;100;15;15;18;40,60;98,70;107,10;3;2,50;47,10;18,20;17,50;
2026-07-07 12:04:00.0;OFF;ON;100;14,90;15;18;40,50;98,70;107,10;3;2,50;46,90;18,20;17,50;
2026-07-07 12:05:00.0;OFF;ON;100;14,80;15;18;40,40;98,70;107,10;3,20;2,50;45,60;18,20;17,40;
2026-07-07 12:06:00.0;OFF;ON;100;14,90;15;17,90;40,40;98,70;107,10;3;2,50;46,30;18,20;17,40;
2026-07-07 12:07:00.0;OFF;ON;100;14,70;15;17,90;40,30;98,70;107,10;3,20;2,50;44,70;18,10;17,40;
2026-07-07 12:08:00.0;OFF;ON;100;14,70;15;17,90;40,30;98,70;107,10;3,20;2,50;44,10;18,10;17,40;
2026-07-07 12:09:00.0;OFF;ON;100;14,70;15;17,90;40,20;98,70;107,10;3,10;2,50;43,80;18,10;17,40;
2026-07-07 12:10:00.0;OFF;ON;100;14,70;15;17,90;40,10;98,70;107,10;3,10;2,50;43,40;18,10;17,30;
2026-07-07 12:11:00.0;OFF;ON;100;14,70;15;17,80;40,10;98,70;107,10;3,10;2,50;42,70;18;17,30;
2026-07-07 12:12:00.0;OFF;ON;100;14,60;15;17,80;40;98,70;107,10;3,20;2,50;41,90;18;17,30;
2026-07-07 12:13:00.0;OFF;ON;100;14,70;15;17,80;40;98,70;107,10;3,10;2,50;41,50;18;17,20;
2026-07-07 12:14:00.0;OFF;ON;100;14,80;15;17,80;39,90;98,70;107,10;3;2,50;41,70;17,90;17,20;
2026-07-07 12:15:00.0;OFF;ON;100;14,70;15;17,80;39,90;98,70;107,10;3,10;2,50;40,40;17,90;17,20;
2026-07-07 12:16:00.0;OFF;ON;100;14,80;15;17,70;39,80;98,70;107,10;2,90;2,50;40,60;17,90;17,20;
2026-07-07 12:17:00.0;OFF;ON;100;14,80;15;17,70;39,80;98,70;107,10;2,90;2,50;40,20;17,90;17,20;
2026-07-07 12:18:00.0;OFF;ON;100;14,80;15;17,70;39,70;98,70;107,10;2,90;2,50;39,50;17,90;17,20;
2026-07-07 12:19:00.0;OFF;ON;100;14,80;15;17,70;39,70;98,70;107,10;2,90;2,50;39,30;17,90;17,20;
2026-07-07 12:20:00.0;OFF;ON;100;14,90;15;17,70;39,60;98,70;107,10;2,70;2,50;39,70;17,90;17,20;
2026-07-07 12:21:00.0;OFF;ON;100;14,90;15;17,70;39,60;98,70;107,10;2,80;2,50;39,40;17,90;17,20;
2026-07-07 12:22:00.0;OFF;ON;100;14,90;15;17,70;39,50;98,70;107,20;2,70;2,50;39,40;17,80;17,20;
2026-07-07 12:23:00.0;OFF;ON;100;14,80;15;17,70;39,50;98,70;107,20;2,80;2,50;38,50;17,90;17,20;
2026-07-07 12:24:00.0;OFF;ON;100;14,90;15;17,70;39,40;98,70;107,20;2,70;2,50;39;17,80;17,20;
2026-07-07 12:25:00.0;OFF;ON;100;15;15;17,70;39,40;98,70;107,20;2,70;2,50;38,90;17,80;17,20;
2026-07-07 12:26:00.0;OFF;ON;100;14,80;15;17,60;39,30;98,70;107,20;2,80;2,50;38;17,80;17,20;
2026-07-07 12:27:00.0;OFF;ON;100;15;15;17,60;39,30;98,70;107,20;2,70;2,50;38,50;17,80;17,20;
2026-07-07 12:28:00.0;OFF;ON;100;15;15;17,60;39,20;98,70;107,20;2,60;2,50;38,30;17,80;17,20;
2026-07-07 12:29:00.0;OFF;ON;100;15;15;17,60;39,20;98,70;107,20;2,60;2,50;38,20;17,80;17,20;
2026-07-07 12:30:00.0;OFF;ON;100;15;15;17,60;39,10;98,70;107,20;2,60;2,50;37,90;17,70;17,10;
2026-07-07 12:31:00.0;OFF;ON;100;15;15;17,60;39,10;98,70;107,20;2,60;2,50;37,80;17,80;17,10;
2026-07-07 12:32:00.0;OFF;ON;100;15,10;15;17,60;39;98,70;107,10;2,50;2,50;38,70;17,70;17,20;
2026-07-07 12:33:00.0;OFF;ON;100;14,90;15;17,60;38,90;98,70;107,10;2,70;2,50;37,30;17,70;17,20;
2026-07-07 12:34:00.0;OFF;ON;100;14,90;15;17,60;38,90;98,80;107,10;2,70;2,50;37,30;17,70;17,20;
2026-07-07 12:35:00.0;OFF;ON;100;15;15;17,60;38,90;98,70;107,10;2,60;2,50;37,70;17,70;17,20;
2026-07-07 12:36:00.0;OFF;ON;100;14,90;15;17,60;38,80;98,80;107,10;2,70;2,50;37,10;17,70;17,10;
2026-07-07 12:37:00.0;OFF;ON;100;14,90;15;17,60;38,70;98,80;107,10;2,70;2,50;37,20;17,70;17,10;
2026-07-07 12:38:00.0;OFF;ON;100;14,90;15;17,50;38,70;98,70;107,10;2,70;2,50;36,90;17,70;17,10;
2026-07-07 12:39:00.0;OFF;ON;100;14,90;15;17,50;38,60;98,80;107,10;2,60;2,50;37,20;17,70;17,10;
2026-07-07 12:40:00.0;OFF;ON;100;15;15;17,50;38,60;98,80;107,10;2,60;2,50;37,20;17,60;17,10;
2026-07-07 12:41:00.0;OFF;ON;100;15;15;17,50;38,50;98,80;107,10;2,50;2,50;38;17,60;17,10;
2026-07-07 12:42:00.0;OFF;ON;100;14,90;15;17,50;38,50;98,80;107,10;2,60;2,50;37,20;17,60;17,10;
2026-07-07 12:43:00.0;OFF;ON;100;14,90;15;17,50;38,40;98,80;107,10;2,60;2,50;36,90;17,60;17,10;
2026-07-07 12:44:00.0;OFF;ON;100;14,90;15;17,50;38,40;98,80;107,10;2,60;2,50;37;17,60;17,10;
2026-07-07 12:45:00.0;OFF;ON;100;15;15;17,50;38,30;98,80;107,10;2,50;2,50;37,10;17,60;17,10;
2026-07-07 12:46:00.0;OFF;ON;100;15;15;17,50;38,30;98,80;107,20;2,50;2,50;37,10;17,50;17,10;
2026-07-07 12:47:00.0;OFF;ON;100;14,90;15;17,50;38,20;98,80;107,20;2,60;2,50;36,90;17,60;17;
2026-07-07 12:48:00.0;OFF;ON;100;15;15;17,50;38,20;98,80;107,10;2,40;2,50;37,80;17,60;17;
2026-07-07 12:49:00.0;OFF;ON;100;15;14,90;17,40;38,10;98,80;107,10;2,40;2,50;37,70;17,50;17;
2026-07-07 12:50:00.0;OFF;ON;100;15;14,90;17,40;38,10;98,80;107,10;2,40;2,50;37,90;17,50;17;
2026-07-07 12:51:00.0;OFF;ON;100;15;14,90;17,40;38;98,80;107,10;2,40;2,50;37,90;17,50;17;
2026-07-07 12:52:00.0;OFF;ON;100;14,90;14,90;17,40;38;98,80;107,10;2,50;2,50;37,80;17,50;17;
2026-07-07 12:53:00.0;OFF;ON;100;14,80;14,90;17,40;37,90;98,80;107,10;2,60;2,50;36,90;17,50;17;
2026-07-07 12:54:00.0;OFF;ON;100;14,90;14,90;17,40;37,90;98,80;107,10;2,50;2,50;37,70;17,40;17;
2026-07-07 12:55:00.0;OFF;ON;100;14,90;14,80;17,30;37,80;98,80;107,10;2,40;2,50;38;17,40;16,90;
2026-07-07 12:56:00.0;OFF;ON;100;15;14,90;17,40;37,70;98,80;107,10;2,30;2,50;38,90;17,40;17;
2026-07-07 12:57:00.0;OFF;ON;100;15,40;14,80;17,30;37,70;98,80;107,10;2;2,50;41,60;17,40;17;
2026-07-07 12:58:00.0;OFF;ON;100;15,20;14,90;17,40;37,60;98,80;107,10;2,20;2,50;41,20;17,50;17,10;
2026-07-07 12:59:00.0;OFF;ON;100;15,20;14,90;17,40;37,60;98,80;107,10;2,20;2,50;41,50;17,50;17,10;
2026-07-07 13:00:00.0;OFF;ON;100;15,40;14,90;17,40;37,50;98,80;107,10;2;2,50;43,20;17,50;17,10;
2026-07-07 13:01:00.0;OFF;ON;100;15,20;14,90;17,40;37,50;98,80;107,10;2,20;2,50;42,80;17,50;17,10;
2026-07-07 13:02:00.0;OFF;ON;100;15;14,90;17,40;37,40;98,80;107,10;2,40;2,50;41,70;17,50;17,10;
2026-07-07 13:03:00.0;OFF;ON;100;15,10;14,90;17,40;37,40;98,80;107,10;2,30;2,50;42,80;17,50;17;
2026-07-07 13:04:00.0;OFF;ON;100;15,20;14,90;17,40;37,30;98,80;107,10;2,20;2,50;43,70;17,40;17;
2026-07-07 13:05:00.0;OFF;ON;100;15,30;14,90;17,40;37,30;98,80;107,10;2,10;2,50;45,10;17,40;17;
2026-07-07 13:06:00.0;OFF;ON;100;15,20;14,90;17,40;37,20;98,80;107,10;2,20;2,50;45;17,40;17,10;
2026-07-07 13:07:00.0;OFF;ON;100;15;14,90;17,40;37,20;98,80;107,10;2,40;2,50;44,30;17,40;17;
2026-07-07 13:08:00.0;OFF;ON;100;14,90;14,80;17,30;37,10;98,80;107,10;2,40;2,50;44,50;17,40;17;
2026-07-07 13:09:00.0;OFF;ON;100;15,10;14,80;17,30;37,10;98,80;107,10;2,20;2,50;45,90;17,40;17;
2026-07-07 13:10:00.0;OFF;ON;100;14,90;14,80;17,30;37;98,80;107,10;2,40;2,50;45,30;17,40;16,90;
2026-07-07 13:11:00.0;OFF;ON;100;15,20;14,80;17,30;36,90;98,80;107,10;2,10;2,50;47,70;17,30;16,90;
2026-07-07 13:12:00.0;OFF;ON;100;14,80;14,80;17,30;36,90;98,80;107,10;2,40;2,50;46;17,30;17;
2026-07-07 13:13:00.0;OFF;ON;100;14,80;14,80;17,30;36,80;98,80;107,10;2,50;2,50;46,50;17,30;16,90;
2026-07-07 13:14:00.0;OFF;ON;100;14,70;14,70;17,20;36,80;98,80;107,10;2,50;2,50;46,30;17,30;16,90;
2026-07-07 13:15:00.0;OFF;ON;100;14,70;14,70;17,20;36,70;98,80;107,10;2,50;2,50;45,30;17,30;16,80;
2026-07-07 13:16:00.0;OFF;ON;100;14,60;14,70;17,20;36,70;98,80;107,10;2,60;2,50;45,60;17,20;16,80;
2026-07-07 13:17:00.0;OFF;ON;100;14,60;14,60;17,10;36,60;98,80;107,10;2,50;2,50;46,40;17,20;16,70;
2026-07-07 13:18:00.0;OFF;ON;100;14,60;14,60;17,10;36,60;98,80;107,10;2,50;2,50;46,50;17,10;16,70;
2026-07-07 13:19:00.0;OFF;ON;100;14,40;14,60;17,10;36,50;98,80;107,10;2,70;2,50;45;17,10;16,70;
2026-07-07 13:20:00.0;OFF;ON;100;14,20;14,50;17;36,50;98,80;107,10;2,80;2,50;43,70;17;16,60;
2026-07-07 13:21:00.0;OFF;ON;100;14,30;14,50;17;36,40;98,80;107,10;2,70;2,50;44,30;17;16,50;
2026-07-07 13:22:00.0;OFF;ON;100;14,20;14,40;16,90;36,30;98,80;107,10;2,70;2,50;43,50;16,90;16,40;
2026-07-07 13:23:00.0;OFF;ON;100;14,10;14,40;16,90;36,30;98,80;107,10;2,70;2,50;42,90;16,90;16,30;
2026-07-07 13:24:00.0;OFF;ON;100;14;14,30;16,80;36,20;98,80;107,10;2,80;2,50;41,70;16,80;16,30;
2026-07-07 13:25:00.0;OFF;ON;100;14,10;14,30;16,80;36,20;98,80;107,10;2,70;2,50;42,20;16,80;16,20;
2026-07-07 13:26:00.0;OFF;ON;100;13,90;14,20;16,70;36,10;98,80;107,10;2,90;2,50;40,50;16,80;16,20;
2026-07-07 13:27:00.0;OFF;ON;100;14;14,20;16,70;36,10;98,80;107,10;2,70;2,50;41,40;16,70;16,10;
2026-07-07 13:28:00.0;OFF;ON;100;14;14,20;16,70;36;98,80;107,10;2,70;2,50;41;16,70;16,10;
2026-07-07 13:29:00.0;OFF;ON;100;13,80;14,10;16,60;36;98,80;107,10;2,80;2,50;39,40;16,60;16,10;
2026-07-07 13:30:00.0;OFF;ON;100;13,90;14,10;16,60;35,90;98,80;107,10;2,70;2,50;40;16,60;16;
2026-07-07 13:31:00.0;OFF;ON;100;13,90;14,10;16,60;35,90;98,80;107,10;2,70;2,50;39,60;16,60;16;
2026-07-07 13:32:00.0;OFF;ON;100;14;14;16,50;35,80;98,80;107,10;2,50;2,50;39,70;16,50;15,90;
2026-07-07 13:33:00.0;OFF;ON;100;13,90;14;16,50;35,70;98,80;107,10;2,60;2,50;39,50;16,50;15,90;
2026-07-07 13:34:00.0;OFF;ON;100;13,90;14;16,50;35,70;98,80;107,10;2,60;2,50;39,20;16,50;15,90;
2026-07-07 13:35:00.0;OFF;ON;100;13,80;13,90;16,40;35,60;98,80;107,10;2,60;2,50;38,60;16,50;15,90;
2026-07-07 13:36:00.0;OFF;ON;100;14;13,90;16,40;35,60;98,80;107,10;2,50;2,50;38,80;16,40;15,90;
2026-07-07 13:37:00.0;OFF;ON;100;13,90;13,90;16,40;35,50;98,80;107,10;2,50;2,50;38,70;16,40;15,90;
2026-07-07 13:38:00.0;OFF;ON;100;13,80;13,90;16,40;35,50;98,80;107,10;2,60;2,50;38,60;16,40;15,90;
2026-07-07 13:39:00.0;OFF;ON;100;13,90;13,90;16,40;35,40;98,80;107;2,50;2,50;38,70;16,30;15,80;
2026-07-07 13:40:00.0;OFF;ON;100;13,90;13,90;16,40;35,30;98,80;107,10;2,50;2,50;38,50;16,40;15,80;
2026-07-07 13:41:00.0;OFF;ON;100;13,90;13,80;16,30;35,30;98,80;107,10;2,40;2,50;39,40;16,30;15,80;
2026-07-07 13:42:00.0;OFF;ON;100;13,90;13,80;16,30;35,30;98,80;107,10;2,40;2,50;39,30;16,30;15,80;
2026-07-07 13:43:00.0;OFF;ON;100;13,80;13,80;16,30;35,20;98,80;107;2,50;2,50;39,60;16,30;15,80;
2026-07-07 13:44:00.0;OFF;ON;100;13,70;13,80;16,30;35,10;98,80;107;2,50;2,50;39,40;16,30;15,80;
2026-07-07 13:45:00.0;OFF;ON;100;13,90;13,80;16,30;35,10;98,80;107;2,40;2,50;39,70;16,30;15,70;
2026-07-07 13:46:00.0;OFF;ON;100;13,80;13,80;16,30;35;98,80;107;2,50;2,50;38,50;16,20;15,70;
2026-07-07 13:47:00.0;OFF;ON;100;13,70;13,70;16,20;35;98,80;107,10;2,50;2,50;38,60;16,20;15,70;
2026-07-07 13:48:00.0;OFF;ON;100;13,70;13,70;16,20;34,90;98,80;107;2,50;2,50;39,40;16,20;15,70;
2026-07-07 13:49:00.0;OFF;ON;100;13,70;13,70;16,20;34,90;98,80;107,10;2,50;2,50;39,50;16,20;15,70;
2026-07-07 13:50:00.0;OFF;ON;100;13,80;13,70;16,20;34,80;98,80;107,10;2,40;2,50;39,80;16,10;15,60;
2026-07-07 13:51:00.0;OFF;ON;100;13,70;13,70;16,20;34,80;98,80;107;2,50;2,50;39,50;16,10;15,60;
2026-07-07 13:52:00.0;OFF;ON;100;13,70;13,60;16,10;34,80;98,80;107,10;2,40;2,50;39,60;16,10;15,60;
2026-07-07 13:53:00.0;OFF;ON;100;13,60;13,60;16,10;34,70;98,80;107,10;2,50;2,50;39,50;16,10;15,60;
2026-07-07 13:54:00.0;OFF;ON;100;13,80;13,60;16,10;34,70;98,80;107;2,20;2,50;41,10;16,10;15,50;
2026-07-07 13:55:00.0;OFF;ON;100;13,80;13,60;16,10;34,60;98,80;107,10;2,30;2,50;41,40;16,10;15,60;
2026-07-07 13:56:00.0;OFF;ON;100;13,70;13,60;16,10;34,60;98,80;107,10;2,40;2,50;41;16;15,60;
2026-07-07 13:57:00.0;OFF;ON;100;13,90;13,60;16,10;34,50;98,80;107,10;2,10;2,50;43,40;16,10;15,60;
2026-07-07 13:58:00.0;OFF;ON;100;13,90;13,60;16,10;34,50;98,80;107,10;2,20;2,50;43,70;16,10;15,70;
2026-07-07 13:59:00.0;OFF;ON;100;14;13,60;16,10;34,40;98,80;107;2,10;2,50;44,70;16,10;15,70;
2026-07-07 14:00:00.0;OFF;ON;100;14,10;13,60;16,10;34,40;98,80;107;2;2,50;46,30;16,10;15,70;
2026-07-07 14:01:00.0;OFF;ON;100;13,80;13,60;16,10;34,40;98,80;107,10;2,30;2,50;44,90;16,10;15,70;
2026-07-07 14:02:00.0;OFF;ON;100;13,70;13,60;16,10;34,30;98,80;107,10;2,40;2,50;44,80;16,10;15,70;
2026-07-07 14:03:00.0;OFF;ON;100;13,90;13,60;16,10;34,30;98,80;107;2,20;2,50;46,40;16;15,60;
2026-07-07 14:04:00.0;OFF;ON;100;14;13,60;16,10;34,20;98,80;107;2;2,50;48,20;16;15,60;
2026-07-07 14:05:00.0;OFF;ON;100;13,90;13,60;16,10;34,20;98,80;107;2,20;2,50;48,10;16;15,60;
2026-07-07 14:06:00.0;OFF;ON;100;13,60;13,50;16;34,10;98,80;107,10;2,40;2,50;46,90;16;15,60;
2026-07-07 14:07:00.0;OFF;ON;100;13,70;13,50;16;34,10;98,80;107,10;2,30;2,50;47,80;16;15,60;
2026-07-07 14:08:00.0;OFF;ON;100;13,70;13,50;16;34;98,80;107,10;2,30;2,50;48,10;15,90;15,50;
2026-07-07 14:09:00.0;OFF;ON;100;13,40;13,50;16;34;98,80;107,10;2,50;2,50;47,70;15,90;15,40;
2026-07-07 14:10:00.0;OFF;ON;100;13,40;13,40;15,90;34;98,80;107,10;2,50;2,50;47,60;15,90;15,40;
2026-07-07 14:11:00.0;OFF;ON;100;13,40;13,40;15,90;33,90;98,80;107;2,50;2,50;47,90;15,90;15,40;
2026-07-07 14:12:00.0;OFF;ON;100;13,40;13,40;15,90;33,90;98,80;107,10;2,50;2,50;47,20;15,80;15,30;
2026-07-07 14:13:00.0;OFF;ON;100;13,30;13,30;15,80;33,80;98,80;107;2,50;2,50;47,20;15,80;15,20;
2026-07-07 14:14:00.0;OFF;ON;100;13,20;13,30;15,80;33,80;98,80;106,90;2,60;2,50;46,80;15,70;15,20;
2026-07-07 14:15:00.0;OFF;ON;100;13,20;13,20;15,70;33,70;98,80;106,90;2,60;2,50;47,60;15,70;15,20;
2026-07-07 14:16:00.0;OFF;ON;100;13,30;13,30;15,80;33,70;98,80;106,90;2,50;2,50;47,40;15,70;15,20;
2026-07-07 14:17:00.0;OFF;ON;100;13,20;13,20;15,70;33,60;98,80;106,90;2,50;2,50;47,50;15,60;15,10;
2026-07-07 14:18:00.0;OFF;ON;100;13,20;13,20;15,70;33,60;98,80;106,90;2,50;2,50;47,20;15,60;15,10;
2026-07-07 14:19:00.0;OFF;ON;100;12,90;13,10;15,60;33,60;98,80;106,90;2,80;2,50;45,80;15,60;15;
2026-07-07 14:20:00.0;OFF;ON;100;12,60;13;15,50;33,50;98,80;106,90;2,90;2,50;43,90;15,50;14,90;
2026-07-07 14:21:00.0;OFF;ON;100;12,50;13;15,50;33,50;98,60;106,90;3;2,50;42,90;15,40;14,80;
2026-07-07 14:22:00.0;OFF;ON;100;12,60;12,90;15,40;33,40;98,50;106,90;2,80;2,50;43,30;15,30;14,70;
2026-07-07 14:23:00.0;OFF;ON;100;12,40;12,80;15,30;33,40;98,50;106,90;3;2,50;41,40;15,30;14,70;
2026-07-07 14:24:00.0;OFF;ON;100;12,50;12,80;15,30;33,30;98,50;106,90;2,80;2,50;41,80;15,20;14,60;
2026-07-07 14:25:00.0;OFF;ON;100;12,30;12,70;15,20;33,30;98,40;106,90;2,90;2,50;40,30;15,20;14,60;
2026-07-07 14:26:00.0;OFF;ON;100;12,40;12,70;15,20;33,30;98,40;106,90;2,80;2,50;40,50;15,10;14,60;
2026-07-07 14:27:00.0;OFF;ON;100;12,80;12,70;15,20;33,20;98,40;106,90;2,40;2,50;42,90;15,10;14,50;
2026-07-07 14:28:00.0;OFF;ON;100;12,70;12,70;15,20;33,20;98,40;106,90;2,40;2,50;43;15,10;14,60;
2026-07-07 14:29:00.0;OFF;ON;100;12,90;12,70;15,20;33,10;98,50;106,90;2,30;2,50;44,30;15,10;14,70;
2026-07-07 14:30:00.0;OFF;ON;100;13;12,80;15,30;33,10;98,60;106,90;2,30;2,50;45;15,20;14,70;
2026-07-07 14:31:00.0;OFF;ON;100;13,10;12,80;15,30;33;98,60;106,90;2,10;2,50;46,60;15,20;14,80;
2026-07-07 14:32:00.0;OFF;ON;100;12,90;12,80;15,30;33;98,70;106,90;2,40;2,50;45,20;15,20;14,80;
2026-07-07 14:33:00.0;OFF;ON;100;12,70;12,80;15,30;32,90;98,70;106,90;2,50;2,50;44,50;15,20;14,80;
2026-07-07 14:34:00.0;OFF;ON;100;12,60;12,70;15,20;32,90;98,70;106,90;2,60;2,50;44,30;15,20;14,70;
2026-07-07 14:35:00.0;OFF;ON;100;12,50;12,70;15,20;32,80;98,60;106,90;2,70;2,50;43,40;15,10;14,60;
2026-07-07 14:36:00.0;OFF;ON;100;12,40;12,60;15,10;32,80;98,50;106,90;2,70;2,50;43;15;14,60;
2026-07-07 14:37:00.0;OFF;ON;100;12,50;12,60;15,10;32,80;98,50;106,90;2,60;2,50;43,40;15;14,50;
2026-07-07 14:38:00.0;OFF;ON;100;12,40;12,50;15;32,70;98,50;106,90;2,60;2,50;42,80;14,90;14,40;
2026-07-07 14:39:00.0;OFF;ON;100;12,30;12,50;15;32,70;98,50;106,90;2,70;2,50;42,20;14,90;14,40;
2026-07-07 14:40:00.0;OFF;ON;100;12,30;12,40;14,90;32,60;98,40;106,90;2,60;2,50;41,90;14,80;14,30;
2026-07-07 14:41:00.0;OFF;ON;100;12,30;12,40;14,90;32,60;98,40;106,90;2,70;2,50;41,30;14,80;14,30;
2026-07-07 14:42:00.0;OFF;ON;100;12,10;12,40;14,90;32,50;98,30;106,90;2,80;2,50;40;14,80;14,30;
2026-07-07 14:43:00.0;OFF;ON;100;12,20;12,40;14,90;32,50;98,40;106,90;2,70;2,50;40,40;14,80;14,20;
2026-07-07 14:44:00.0;OFF;ON;100;12,20;12,30;14,80;32,50;98,40;106,90;2,60;2,50;40,20;14,70;14,20;
2026-07-07 14:45:00.0;OFF;ON;100;12;12,30;14,80;32,40;98,30;106,90;2,80;2,50;39;14,70;14,20;
2026-07-07 14:46:00.0;OFF;ON;100;12,30;12,30;14,80;32,40;98,20;106,90;2,50;2,50;39,90;14,70;14,20;
2026-07-07 14:47:00.0;OFF;ON;100;12,10;12,20;14,70;32,30;98,30;106,90;2,60;2,50;39,50;14,70;14,10;
2026-07-07 14:48:00.0;OFF;ON;100;12,20;12,20;14,70;32,30;98,30;106,90;2,50;2,50;39,70;14,70;14,20;
2026-07-07 14:49:00.0;OFF;ON;100;12,20;12,20;14,70;32,20;98,30;106,90;2,50;2,50;40,70;14,60;14,10;
2026-07-07 14:50:00.0;OFF;ON;100;12,20;12,20;14,70;32,20;98,30;106,90;2,40;2,50;40,70;14,60;14,10;
2026-07-07 14:51:00.0;OFF;ON;100;12,10;12,20;14,70;32,10;98,30;106,90;2,60;2,50;39,80;14,60;14,10;
2026-07-07 14:52:00.0;OFF;ON;100;12,20;12,10;14,60;32,10;98,40;106,90;2,40;2,50;40,90;14,60;14,10;
2026-07-07 14:53:00.0;OFF;ON;100;12,20;12,10;14,60;32;98,40;106,90;2,50;2,50;39,60;14,60;14,10;
2026-07-07 14:54:00.0;OFF;ON;100;12;12,20;14,70;32;98,50;106,90;2,60;2,50;39,40;14,70;14,10;
2026-07-07 14:55:00.0;OFF;ON;100;12,20;12,20;14,70;32;98,60;106,90;2,40;2,50;40,30;14,90;14,30;
2026-07-07 14:56:00.0;OFF;ON;100;12,10;12,20;14,70;31,90;98,60;106,90;2,60;2,50;39;14,90;14,40;
2026-07-07 14:57:00.0;OFF;ON;100;12,60;12,20;14,70;31,90;98,60;106,90;2,10;2,50;42,60;15;14,50;
2026-07-07 14:58:00.0;OFF;ON;100;12,30;12,30;14,80;31,80;98,70;106,90;2,50;2,50;40,90;15,10;14,60;
2026-07-07 14:59:00.0;OFF;ON;100;12,40;12,40;14,90;31,80;98,80;106,90;2,40;2,50;41,10;15,20;14,60;
2026-07-07 15:00:00.0;OFF;ON;100;12,70;12,40;14,90;31,70;98,80;106,90;2,20;2,50;43,30;15,20;14,70;
2026-07-07 15:01:00.0;OFF;ON;100;12,70;12,50;15;31,70;98,80;106,80;2,30;2,50;43,40;15,30;14,80;
2026-07-07 15:02:00.0;OFF;ON;100;12,90;12,50;15;31,60;98,80;106,90;2,20;2,50;44,70;15,40;14,90;
2026-07-07 15:03:00.0;OFF;ON;100;13,30;12,60;15,10;31,60;98,80;106,90;1,80;2,50;48,90;15,60;15;
2026-07-07 15:04:00.0;OFF;ON;100;13,50;12,70;15,20;31,50;98,80;106,90;1,80;2,50;50,10;15,80;15,30;
2026-07-07 15:05:00.0;OFF;ON;100;13,20;12,80;15,30;31,50;98,80;106,90;2;2,50;49,50;15,70;15,30;
2026-07-07 15:06:00.0;OFF;ON;100;13,40;12,80;15,30;31,50;98,80;106,90;1,90;2,50;51,30;15,70;15,30;
2026-07-07 15:07:00.0;OFF;ON;100;13;12,80;15,30;31,50;98,80;106,90;2,30;2,50;49,40;15,70;15,30;
2026-07-07 15:08:00.0;OFF;ON;100;12,80;12,80;15,30;31,40;98,80;106,90;2,50;2,50;48,50;15,70;15,20;
2026-07-07 15:09:00.0;OFF;ON;100;12,50;12,70;15,20;31,30;98,80;106,90;2,70;2,50;46,60;15,60;15;
2026-07-07 15:10:00.0;OFF;ON;100;12,40;12,70;15,20;31,30;98,80;106,90;2,80;2,50;45,70;15,60;15;
2026-07-07 15:11:00.0;OFF;ON;100;12,20;12,60;15,10;31,20;98,80;106,80;2,80;2,50;45;15,50;14,90;
2026-07-07 15:12:00.0;OFF;ON;100;12,40;12,50;15;31,20;98,80;106,90;2,70;2,50;45,60;15,40;14,80;
2026-07-07 15:13:00.0;OFF;ON;100;12,10;10,50;15;31,20;98,80;106,90;2,90;4,50;56,50;15,30;14,70;
2026-07-07 15:14:00.0;OFF;ON;100;11,10;10,50;15;31,10;98,80;106,90;3,90;4,50;51,70;15,40;14,70;
2026-07-07 15:15:00.0;OFF;ON;100;10,90;10,30;14,80;31;98,70;106,90;3,90;4,50;53,80;15;14,40;
2026-07-07 15:16:00.0;OFF;ON;100;10,90;10,20;14,70;31;98,50;106,80;3,80;4,50;56;14,90;14,10;
2026-07-07 15:17:00.0;OFF;ON;100;10,70;10,10;14,60;31;98,40;106,80;3,90;4,50;56,70;14,80;14;
2026-07-07 15:18:00.0;OFF;ON;100;10,40;10;14,50;30,90;98,20;106,90;4,10;4,50;55,80;14,80;14;
2026-07-07 15:19:00.0;OFF;ON;100;10,30;9,90;14,40;30,90;98,10;106,90;4,10;4,50;56,80;14,70;13,80;
2026-07-07 15:20:00.0;OFF;ON;100;10,40;9,90;14,40;30,80;98;106,90;4;4,50;58,10;14,70;13,80;
2026-07-07 15:21:00.0;OFF;ON;100;10,20;9,80;14,30;30,80;97,90;106,90;4,10;4,50;58;14,60;13,70;
2026-07-07 15:22:00.0;OFF;ON;100;10,10;9,70;14,20;30,70;97,70;106,90;4,10;4,50;58,70;14,50;13,60;
2026-07-07 15:23:00.0;OFF;ON;100;9,80;9,70;14,20;30,70;97,70;106,90;4,40;4,50;57,60;14,40;13,50;
2026-07-07 15:24:00.0;OFF;ON;100;9,90;9,60;14,10;30,60;97,70;106,90;4,20;4,50;59,10;14,30;13,40;
2026-07-07 15:25:00.0;OFF;ON;100;9,80;9,60;14,10;30,60;97,60;106,80;4,30;4,50;59,10;14,30;13,40;
2026-07-07 15:26:00.0;OFF;ON;100;9,70;9,50;14;30,60;97,60;106,80;4,30;4,50;59,20;14,20;13,30;
2026-07-07 15:27:00.0;OFF;ON;100;9,50;9,40;13,90;30,50;97,50;106,80;4,40;4,50;58,50;14,10;13,20;
2026-07-07 15:28:00.0;OFF;ON;100;9,40;9,30;13,80;30,50;97,40;106,80;4,40;4,50;58,60;14,10;13,10;
2026-07-07 15:29:00.0;OFF;ON;100;9,30;9,30;13,80;30,40;97,40;106,80;4,50;4,50;58,50;14;13;
2026-07-07 15:30:00.0;OFF;ON;100;9,20;9,20;13,70;30,40;97,30;106,80;4,50;4,50;58,70;14;13;
2026-07-07 15:31:00.0;OFF;ON;100;9,20;9,20;13,70;30,30;97,30;106,80;4,50;4,50;57,50;13,90;12,90;
2026-07-07 15:32:00.0;OFF;ON;100;9,20;9,10;13,60;30,30;97,30;106,80;4,50;4,50;58,50;13,80;12,80;
2026-07-07 15:33:00.0;OFF;ON;100;9;9,10;13,60;30,20;97,30;106,80;4,50;4,50;58,50;13,80;12,70;
2026-07-07 15:34:00.0;OFF;ON;100;9;9;13,50;30,20;97,30;106,80;4,50;4,50;57,60;13,70;12,70;
2026-07-07 15:35:00.0;OFF;ON;100;9;9;13,50;30,20;97,30;106,80;4,50;4,50;57,50;13,70;12,70;
2026-07-07 15:36:00.0;OFF;ON;100;8,80;8,90;13,40;30,10;97,30;106,80;4,60;4,50;57,30;13,60;12,60;
2026-07-07 15:37:00.0;OFF;ON;100;8,70;8,90;13,40;30,10;97,30;106,80;4,60;4,50;56,90;13,60;12,50;
2026-07-07 15:38:00.0;OFF;ON;100;8,70;8,80;13,30;30;97,30;106,80;4,60;4,50;56,90;13,60;12,50;
2026-07-07 15:39:00.0;OFF;ON;100;8,80;8,80;13,30;30;97,40;106,80;4,50;4,50;57;13,50;12,40;
2026-07-07 15:40:00.0;OFF;ON;100;8,60;8,70;13,20;29,90;97,40;106,80;4,70;4,50;56,40;13,50;12,40;
2026-07-07 15:41:00.0;OFF;ON;100;8,70;8,70;13,20;29,90;97,40;106,80;4,50;4,50;56,80;13,50;12,30;
2026-07-07 15:42:00.0;OFF;ON;100;8,60;8,60;13,10;29,90;97,40;106,80;4,50;4,50;56,60;13,40;12,20;
2026-07-07 15:43:00.0;OFF;ON;100;8,60;8,60;13,10;29,80;97,40;106,80;4,50;4,50;56,60;13,30;12,20;
2026-07-07 15:44:00.0;OFF;ON;100;8,40;8,50;13;29,80;97,40;106,80;4,60;4,50;56,10;13,30;12,20;
2026-07-07 15:45:00.0;OFF;ON;100;8,50;8,50;13;29,80;97,40;106,80;4,50;4,50;56,40;13,20;12,10;
2026-07-07 15:46:00.0;OFF;ON;100;8,30;8,50;13;29,70;97,40;106,80;4,60;4,50;55,80;13,20;12,10;
2026-07-07 15:47:00.0;OFF;ON;100;8,30;8,40;12,90;29,70;97,50;106,80;4,70;4,50;55,50;13,20;12,10;
2026-07-07 15:48:00.0;OFF;ON;100;8,30;8,40;12,90;29,60;97,40;106,80;4,60;4,50;55,80;13,20;12;
2026-07-07 15:49:00.0;OFF;ON;100;8,30;8,30;12,80;29,60;97,40;106,80;4,50;4,50;55,80;13,10;12;
2026-07-07 15:50:00.0;OFF;ON;100;8,30;8,30;12,80;29,60;97,40;106,80;4,50;4,50;55,70;13,10;11,90;
2026-07-07 15:51:00.0;OFF;ON;100;8,20;8,30;12,80;29,50;97,50;106,80;4,50;4,50;55,60;13;11,90;
2026-07-07 15:52:00.0;OFF;ON;100;8,30;8,20;12,70;29,50;97,50;106,80;4,50;4,50;55,40;13;11,80;
2026-07-07 15:53:00.0;OFF;ON;100;8,20;8,20;12,70;29,50;97,50;106,80;4,40;4,50;56,30;12,90;11,80;
2026-07-07 15:54:00.0;OFF;ON;100;8,20;8,20;12,70;29,40;97,50;106,80;4,50;4,50;55,30;12,90;11,80;
2026-07-07 15:55:00.0;OFF;ON;100;8,10;8,10;12,60;29,40;97,60;106,80;4,50;4,50;55,20;12,90;11,70;
2026-07-07 15:56:00.0;OFF;ON;100;8,10;8,10;12,60;29,40;97,60;106,80;4,50;4,50;55,30;12,90;11,70;
2026-07-07 15:57:00.0;OFF;ON;100;8,10;8;12,50;29,30;97,60;106,80;4,50;4,50;55,10;12,80;11,60;
2026-07-07 15:58:00.0;OFF;ON;100;8,10;8;12,50;29,30;97,50;106,80;4,40;4,50;55,90;12,80;11,60;
2026-07-07 15:59:00.0;OFF;ON;100;7,90;8;12,50;29,20;97,60;106,80;4,60;4,50;54,80;12,80;11,60;
2026-07-07 16:00:00.0;OFF;ON;100;7,80;7,90;12,40;29,20;97,40;106,80;4,60;4,50;54,80;12,70;11,50;
2026-07-07 16:01:00.0;OFF;ON;100;8;7,90;12,40;29,20;97,50;106,80;4,40;4,50;55,80;12,60;11,50;
2026-07-07 16:02:00.0;OFF;ON;100;7,90;7,90;12,40;29,10;97,60;106,80;4,50;4,50;55,70;12,60;11,40;
2026-07-07 16:03:00.0;OFF;ON;100;7,90;7,80;12,30;29,10;97,60;106,80;4,50;4,50;54,70;12,60;11,40;
2026-07-07 16:04:00.0;OFF;ON;100;7,70;7,80;12,30;29,10;97,50;106,80;4,60;4,50;54,80;12,60;11,40;
2026-07-07 16:05:00.0;OFF;ON;100;7,80;7,80;12,30;29;97,60;106,80;4,50;4,50;54,90;12,50;11,40;
2026-07-07 16:06:00.0;OFF;ON;100;7,70;7,70;12,20;29;97,50;106,80;4,60;4,50;54,80;12,50;11,30;
2026-07-07 16:07:00.0;OFF;ON;100;7,70;7,70;12,20;29;97,60;106,80;4,50;4,50;55,80;12,50;11,30;
2026-07-07 16:08:00.0;OFF;ON;100;7,60;7,70;12,20;28,90;97,60;106,80;4,60;4,50;54,90;12,50;11,30;
2026-07-07 16:09:00.0;OFF;ON;100;7,60;7,60;12,10;28,90;97,60;106,80;4,50;4,50;55,80;12,40;11,20;
2026-07-07 16:10:00.0;OFF;ON;100;7,60;7,60;12,10;28,80;97,60;106,80;4,50;4,50;56,10;12,40;11,20;
2026-07-07 16:11:00.0;OFF;ON;100;7,70;7,60;12,10;28,80;97,70;106,80;4,40;4,50;56,30;12,30;11,20;
2026-07-07 16:12:00.0;OFF;ON;100;7,70;7,60;12,10;28,80;97,50;106,80;4,40;4,50;56,30;12,30;11,20;
2026-07-07 16:13:00.0;OFF;ON;100;7,50;7,50;12;28,70;97,60;106,80;4,50;4,50;56,20;12,20;11,10;
2026-07-07 16:14:00.0;OFF;ON;100;7,40;7,50;12;28,70;97,50;106,80;4,50;4,50;56,50;12,20;11,10;
2026-07-07 16:15:00.0;OFF;ON;100;7,50;7,50;12;28,70;97,60;106,80;4,50;4,50;56,50;12,20;11;
2026-07-07 16:16:00.0;OFF;ON;100;7,40;7,40;11,90;28,60;97,60;106,80;4,50;4,50;56,60;12,20;11;
2026-07-07 16:17:00.0;OFF;ON;100;7,40;7,40;11,90;28,60;97,60;106,80;4,50;4,50;56,70;12,20;11;
2026-07-07 16:18:00.0;OFF;ON;100;7,40;7,40;11,90;28,50;97,60;106,80;4,50;4,50;56,90;12,10;10,90;
2026-07-07 16:19:00.0;OFF;ON;100;7,50;7,30;11,80;28,50;97,50;106,80;4,30;4,50;57,80;12,10;10,90;
2026-07-07 16:20:00.0;OFF;ON;100;7,30;7,30;11,80;28,50;97,60;106,80;4,50;4,50;57,20;12;10,90;
2026-07-07 16:21:00.0;OFF;ON;100;7,40;7,30;11,80;28,40;97,60;106,80;4,30;4,50;57,90;12;10,90;
2026-07-07 16:22:00.0;OFF;ON;100;7,30;7,20;11,70;28,40;97,60;106,80;4,50;4,50;57,60;12;10,80;
2026-07-07 16:23:00.0;OFF;ON;100;7,20;7,20;11,70;28,30;97,60;106,80;4,50;4,50;57,80;11,90;10,80;
2026-07-07 16:24:00.0;OFF;ON;100;7,30;7,20;11,70;28,30;97,50;106,80;4,40;4,50;58,20;11,90;10,80;
2026-07-07 16:25:00.0;OFF;ON;100;7,30;7,20;11,70;28,30;97,50;106,80;4,30;4,50;58,70;11,90;10,80;
2026-07-07 16:26:00.0;OFF;ON;100;7,20;7,10;11,60;28,20;97,60;106,80;4,50;4,50;58,40;11,90;10,70;
2026-07-07 16:27:00.0;OFF;ON;100;7,20;7,10;11,60;28,20;97,60;106,80;4,40;4,50;58,60;11,80;10,70;
2026-07-07 16:28:00.0;OFF;ON;100;7,30;7,10;11,60;28,10;97,60;106,80;4,30;4,50;60;11,80;10,60;
2026-07-07 16:29:00.0;OFF;ON;100;7,20;7;11,50;28,10;97,50;106,80;4,30;4,50;59,70;11,80;10,60;
2026-07-07 16:30:00.0;OFF;ON;100;7;7;11,50;28,10;97,50;106,80;4,50;4,50;59,40;11,70;10,60;
2026-07-07 16:31:00.0;OFF;ON;100;7;7;11,50;28;97,60;106,80;4,50;4,50;59,30;11,70;10,50;
2026-07-07 16:32:00.0;OFF;ON;100;7;6,90;11,40;28;97,50;106,80;4,50;4,50;59,40;11,70;10,50;
2026-07-07 16:33:00.0;OFF;ON;100;6,90;6,90;11,40;28;97,50;106,80;4,50;4,50;59,60;11,60;10,50;
2026-07-07 16:34:00.0;OFF;ON;100;6,90;6,90;11,40;27,90;97,50;106,80;4,50;4,50;59,80;11,60;10,40;
2026-07-07 16:35:00.0;OFF;ON;100;7;6,80;11,30;27,90;97,50;106,80;4,30;4,50;60,70;11,60;10,40;
2026-07-07 16:36:00.0;OFF;ON;100;6,90;6,80;11,30;27,80;97,50;106,80;4,40;4,50;60,20;11,50;10,30;
2026-07-07 16:37:00.0;OFF;ON;100;6,70;6,80;11,30;27,80;97,50;106,80;4,50;4,50;60,20;11,50;10,30;
2026-07-07 16:38:00.0;OFF;ON;100;6,70;6,70;11,20;27,80;97,40;106,80;4,60;4,50;59,20;11,50;10,30;
2026-07-07 16:39:00.0;OFF;ON;100;6,60;6,70;11,20;27,70;97,40;106,80;4,60;4,50;59,20;11,40;10,20;
2026-07-07 16:40:00.0;OFF;ON;100;6,60;6,70;11,20;27,70;97,40;106,80;4,50;4,50;60,20;11,40;10,20;
2026-07-07 16:41:00.0;OFF;ON;100;6,60;6,60;11,10;27,60;97,40;106,80;4,50;4,50;60,20;11,40;10,20;
2026-07-07 16:42:00.0;OFF;ON;100;6,60;6,60;11,10;27,60;97,30;106,80;4,50;4,50;60,10;11,30;10,10;
2026-07-07 16:43:00.0;OFF;ON;100;6,50;6,60;11,10;27,60;97,40;106,80;4,60;4,50;59,50;11,30;10,10;
2026-07-07 16:44:00.0;OFF;ON;100;6,60;6,50;11;27,50;97,40;106,80;4,40;4,50;60,40;11,30;10,10;
2026-07-07 16:45:00.0;OFF;ON;100;6,60;6,50;11;27,50;97,30;106,80;4,40;4,50;60,50;11,20;10,10;
2026-07-07 16:46:00.0;OFF;ON;100;6,40;6,50;11;27,50;97,40;106,80;4,60;4,50;59,60;11,20;10;
2026-07-07 16:47:00.0;OFF;ON;100;6,40;6,50;11;27,40;97,30;106,80;4,50;4,50;60,50;11,20;10;
2026-07-07 16:48:00.0;OFF;ON;100;6,50;6,40;10,90;27,40;97,30;106,80;4,50;4,50;60,60;11,20;9,90;
2026-07-07 16:49:00.0;OFF;ON;100;6,50;6,40;10,90;27,30;97,30;106,80;4,40;4,50;60,90;11,10;9,90;
2026-07-07 16:50:00.0;OFF;ON;100;6,30;6,40;10,90;27,30;97,30;106,80;4,60;4,50;59,80;11,10;9,90;
2026-07-07 16:51:00.0;OFF;ON;100;6,40;6,30;10,80;27,30;97,30;106,80;4,40;4,50;60,80;11;9,90;
2026-07-07 16:52:00.0;OFF;ON;100;6,30;6,30;10,80;27,20;97,20;106,80;4,50;4,50;60,70;11;9,90;
2026-07-07 16:53:00.0;OFF;ON;100;6,20;6,30;10,80;27,20;97,20;106,80;4,50;4,50;59,90;11;9,80;
2026-07-07 16:54:00.0;OFF;ON;100;6,20;6,20;10,70;27,10;97,30;106,80;4,50;4,50;59,70;10,90;9,80;
2026-07-07 16:55:00.0;OFF;ON;100;6,20;6,20;10,70;27,10;97,20;106,80;4,50;4,50;59,80;10,90;9,80;
2026-07-07 16:56:00.0;OFF;ON;100;6,10;6,20;10,70;27,10;97,20;106,80;4,60;4,50;59,50;10,90;9,70;
2026-07-07 16:57:00.0;OFF;ON;100;6;6,10;10,60;27;97,20;106,80;4,60;4,50;59,30;10,80;9,70;
2026-07-07 16:58:00.0;OFF;ON;100;6,10;6,10;10,60;27;97,20;106,80;4,50;4,50;59,30;10,80;9,70;
2026-07-07 16:59:00.0;OFF;ON;100;6,10;6,10;10,60;26,90;97,20;106,80;4,50;4,50;59,40;10,80;9,60;
2026-07-07 17:00:00.0;OFF;ON;100;6;6;10,50;26,90;97,20;106,80;4,50;4,50;59,20;10,80;9,60;
2026-07-07 17:01:00.0;OFF;ON;100;6;6;10,50;26,80;97,20;106,80;4,50;4,50;59;10,70;9,60;
2026-07-07 17:02:00.0;OFF;ON;100;6;6;10,50;26,80;97,20;106,80;4,50;4,50;59,10;10,70;9,50;
2026-07-07 17:03:00.0;OFF;ON;100;5,90;5,90;10,40;26,80;97,20;106,80;4,50;4,50;59,10;10,70;9,50;
2026-07-07 17:04:00.0;OFF;ON;100;5,80;5,90;10,40;26,70;97,20;106,80;4,60;4,50;58,60;10,60;9,50;
2026-07-07 17:05:00.0;OFF;ON;100;5,90;5,90;10,40;26,70;97,20;106,80;4,50;4,50;58,90;10,50;9,50;
2026-07-07 17:06:00.0;OFF;ON;100;5,90;5,90;10,40;26,70;97,20;106,80;4,40;4,50;59,60;10,50;9,50;
2026-07-07 17:07:00.0;OFF;ON;100;5,90;5,80;10,30;26,60;97,20;106,80;4,40;4,50;59,50;10,50;9,40;
2026-07-07 17:08:00.0;OFF;ON;100;6;5,80;10,30;26,60;97,20;106,70;4,40;4,50;60;10,50;9,40;
2026-07-07 17:09:00.0;OFF;ON;100;5,80;5,80;10,30;26,50;97,20;106,70;4,50;4,50;58,70;10,50;9,40;
2026-07-07 17:10:00.0;OFF;ON;100;5,80;5,80;10,30;26,50;97,20;106,70;4,50;4,50;59,90;10,40;9,40;
2026-07-07 17:11:00.0;OFF;ON;100;5,90;5,80;10,30;26,50;97,20;106,70;4,40;4,50;60,10;10,40;9,40;
2026-07-07 17:12:00.0;OFF;ON;100;5,70;5,70;10,20;26,40;97,20;106,70;4,60;4,50;59;10,40;9,40;
2026-07-07 17:13:00.0;OFF;ON;100;5,90;5,70;10,20;26,40;97,20;106,70;4,40;4,50;60,40;10,40;9,30;
2026-07-07 17:14:00.0;OFF;ON;100;5,60;5,70;10,20;26,40;97,20;106,70;4,60;4,50;59,10;10,40;9,30;
2026-07-07 17:15:00.0;OFF;ON;100;5,70;5,70;10,20;26,30;97,10;106,70;4,50;4,50;60,20;10,30;9,30;
2026-07-07 17:16:00.0;OFF;ON;100;5,80;5,70;10,20;26,30;97,20;106,70;4,40;4,50;60,30;10,30;9,30;
2026-07-07 17:17:00.0;OFF;ON;100;5,70;5,70;10,20;26,20;97,20;106,70;4,50;4,50;60,40;10,30;9,20;
2026-07-07 17:18:00.0;OFF;ON;100;5,60;5,70;10,20;26,20;97,20;106,70;4,50;4,50;60,30;10,30;9,20;
2026-07-07 17:19:00.0;OFF;ON;100;5,70;5,70;10,20;26,20;97,10;106,70;4,50;4,50;60,50;10,30;9,20;
2026-07-07 17:20:00.0;OFF;ON;100;5,60;5,70;10,20;26,10;97,20;106,70;4,60;4,50;59,60;10,20;9,20;
2026-07-07 17:21:00.0;OFF;ON;100;5,70;5,70;10,20;26,10;97,20;106,70;4,50;4,50;59,60;10,20;9,20;
2026-07-07 17:22:00.0;OFF;ON;100;5,60;5,60;10,10;26;97,20;106,70;4,50;4,50;60,40;10,10;9,20;
2026-07-07 17:23:00.0;OFF;ON;100;5,60;5,60;10,10;26;97,20;106,70;4,50;4,50;60,70;10,10;9,10;
2026-07-07 17:24:00.0;OFF;ON;100;5,50;5,60;10,10;25,90;97,10;106,70;4,50;4,50;60,60;10,10;9,10;
2026-07-07 17:25:00.0;OFF;ON;100;5,50;5,50;10;25,90;97,20;106,70;4,50;4,50;60,80;10,10;9,10;
2026-07-07 17:26:00.0;OFF;ON;100;5,50;5,50;10;25,90;97,20;106,70;4,50;4,50;60,90;10,10;9,10;
2026-07-07 17:27:00.0;OFF;ON;100;5,60;5,50;10;25,80;97,10;106,70;4,40;4,50;61,20;10,10;9,10;
2026-07-07 17:28:00.0;OFF;ON;100;5,50;5,50;10;25,80;97,20;106,70;4,50;4,50;60,90;10;9;
2026-07-07 17:29:00.0;OFF;ON;100;5,40;5,50;10;25,80;97,20;106,70;4,50;4,50;61;10;9;
2026-07-07 17:30:00.0;OFF;ON;100;5,40;5,50;10;25,70;97,10;106,70;4,50;4,50;61,10;10;9;
2026-07-07 17:31:00.0;OFF;ON;100;5,60;5,50;10;25,70;97,20;106,70;4,40;4,50;61,60;9,90;9;
2026-07-07 17:32:00.0;OFF;ON;100;5,50;5,40;9,90;25,60;97,20;106,70;4,50;4,50;60,50;9,90;9;
2026-07-07 17:33:00.0;OFF;ON;100;5,50;5,40;9,90;25,60;97,20;106,70;4,50;4,50;61,50;9,90;9;
2026-07-07 17:34:00.0;OFF;ON;100;5,40;5,40;9,90;25,60;97,20;106,70;4,50;4,50;61,30;9,90;9;
2026-07-07 17:35:00.0;OFF;ON;100;5,30;5,40;9,90;25,50;97,20;106,70;4,60;4,50;60,50;9,90;8,90;
2026-07-07 17:36:00.0;OFF;ON;100;5,40;5,40;9,90;25,50;97,10;106,70;4,40;4,50;61,40;9,90;8,90;
2026-07-07 17:37:00.0;OFF;ON;100;5,20;5,40;9,90;25,40;97,10;106,70;4,60;4,50;60,40;9,80;8,90;
2026-07-07 17:38:00.0;OFF;ON;100;5,20;5,30;9,80;25,40;97,10;106,70;4,60;4,50;60,40;9,80;8,80;
2026-07-07 17:39:00.0;OFF;ON;100;5,30;5,30;9,80;25,30;97,10;106,70;4,50;4,50;61,50;9,80;8,80;
2026-07-07 17:40:00.0;OFF;ON;100;5,30;5,30;9,80;25,30;97,10;106,70;4,50;4,50;60,60;9,80;8,80;
2026-07-07 17:41:00.0;OFF;ON;100;5,20;5,30;9,80;25,30;97,10;106,70;4,60;4,50;60,50;9,80;8,80;
2026-07-07 17:42:00.0;OFF;ON;100;5,20;5,30;9,80;25,20;97,10;106,70;4,70;4,50;59,80;9,70;8,80;
2026-07-07 17:43:00.0;OFF;ON;100;5,30;5,30;9,80;25,20;97,10;106,70;4,50;4,50;60,30;9,70;8,70;
2026-07-07 17:44:00.0;OFF;ON;100;5,30;5,30;9,80;25,10;97,10;106,70;4,50;4,50;60,30;9,70;8,70;
2026-07-07 17:45:00.0;OFF;ON;100;5,20;5,20;9,70;25,10;97,10;106,70;4,50;4,50;59,90;9,70;8,70;
2026-07-07 17:46:00.0;OFF;ON;100;5,30;5,20;9,70;25,10;97,10;106,70;4,50;4,50;60,10;9,70;8,70;
2026-07-07 17:47:00.0;OFF;ON;100;5,10;5,20;9,70;25;97;106,70;4,60;4,50;59,80;9,60;8,60;
2026-07-07 17:48:00.0;OFF;ON;100;5,20;5,20;9,70;25;97,10;106,70;4,50;4,50;59,90;9,60;8,60;
2026-07-07 17:49:00.0;OFF;ON;100;5,10;5,20;9,70;24,90;97;106,70;4,50;4,50;59,80;9,60;8,60;
2026-07-07 17:50:00.0;OFF;ON;100;5,20;5,10;9,60;24,90;97;106,70;4,50;4,50;59,80;9,60;8,60;
2026-07-07 17:51:00.0;OFF;ON;100;5,10;5,10;9,60;24,90;97;106,70;4,60;4,50;59,70;9,60;8,60;
2026-07-07 17:52:00.0;OFF;ON;100;5,10;5,10;9,60;24,80;97;106,70;4,50;4,50;59,70;9,50;8,50;
2026-07-07 17:53:00.0;OFF;ON;100;5,10;5,10;9,60;24,80;97;106,70;4,50;4,50;60,50;9,50;8,50;
2026-07-07 17:54:00.0;OFF;ON;100;5,10;5,10;9,60;24,80;97;106,70;4,50;4,50;59,50;9,50;8,50;
2026-07-07 17:55:00.0;OFF;ON;100;5;5;9,50;24,70;96,90;106,70;4,50;4,50;59,60;9,50;8,50;
2026-07-07 17:56:00.0;OFF;ON;100;5;5;9,50;24,70;96,90;106,70;4,50;4,50;59,60;9,40;8,50;
2026-07-07 17:57:00.0;OFF;ON;100;5;5;9,50;24,70;96,90;106,70;4,50;4,50;59,60;9,40;8,40;
2026-07-07 17:58:00.0;OFF;ON;100;4,90;5;9,50;24,60;96,80;106,70;4,50;4,50;59,60;9,40;8,40;
2026-07-07 17:59:00.0;OFF;ON;100;4,90;4,90;9,40;24,60;96,80;106,70;4,50;4,50;60,50;9,40;8,40;
2026-07-07 18:00:00.0;OFF;ON;100;4,90;4,90;9,40;24,60;96,90;106,70;4,60;4,50;60,50;9,30;8,40;
2026-07-07 18:01:00.0;OFF;ON;100;4,90;4,90;9,40;24,50;96,80;106,70;4,50;4,50;59,70;9,30;8,40;
2026-07-07 18:02:00.0;OFF;ON;100;4,80;4,90;9,40;24,50;96,80;106,70;4,50;4,50;60,70;9,30;8,30;
2026-07-07 18:03:00.0;OFF;ON;100;4,80;4,90;9,40;24,50;96,80;106,70;4,50;4,50;60,70;9,30;8,30;
2026-07-07 18:04:00.0;OFF;ON;100;5;4,80;9,30;24,40;96,80;106,70;4,40;4,50;61,30;9,20;8,30;
2026-07-07 18:05:00.0;OFF;ON;100;4,80;4,80;9,30;24,40;96,80;106,70;4,50;4,50;60,90;9,20;8,30;
2026-07-07 18:06:00.0;OFF;ON;100;4,80;4,80;9,30;24,40;96,70;106,70;4,50;4,50;61,10;9,20;8,30;
2026-07-07 18:07:00.0;OFF;ON;100;4,80;4,80;9,30;24,30;96,80;106,70;4,40;4,50;61,10;9,20;8,20;
2026-07-07 18:08:00.0;OFF;ON;100;4,90;4,80;9,30;24,30;96,80;106,70;4,40;4,50;61,30;9,20;8,20;
2026-07-07 18:09:00.0;OFF;ON;100;4,80;4,70;9,20;24,30;96,80;106,70;4,50;4,50;61,50;9,20;8,20;
2026-07-07 18:10:00.0;OFF;ON;100;4,80;4,70;9,20;24,20;96,80;106,70;4,50;4,50;61,60;9,20;8,20;
2026-07-07 18:11:00.0;OFF;ON;100;4,80;4,70;9,20;24,20;96,80;106,70;4,40;4,50;61,50;9,10;8,20;
2026-07-07 18:12:00.0;OFF;ON;100;4,80;4,70;9,20;24,10;96,80;106,70;4,40;4,50;61,70;9,10;8,20;
2026-07-07 18:13:00.0;OFF;ON;100;4,80;4,70;9,20;24,10;96,80;106,70;4,40;4,50;62,20;9,10;8,10;
2026-07-07 18:14:00.0;OFF;ON;100;4,70;4,70;9,20;24,10;96,80;106,70;4,50;4,50;62,10;9,10;8,10;
2026-07-07 18:15:00.0;OFF;ON;100;4,80;4,70;9,20;24,10;96,80;106,70;4,40;4,50;62,50;9,10;8,10;
2026-07-07 18:16:00.0;OFF;ON;100;4,70;4,60;9,10;24;96,70;106,70;4,50;4,50;62,20;9;8,10;
2026-07-07 18:17:00.0;OFF;ON;100;4,70;4,60;9,10;24;96,70;106,70;4,40;4,50;62,70;9;8;
2026-07-07 18:18:00.0;OFF;ON;100;4,60;4,60;9,10;24;96,60;106,70;4,50;4,50;62,40;9;8;
2026-07-07 18:19:00.0;OFF;ON;100;4,70;4,60;9,10;23,90;96,60;106,70;4,40;4,50;62,70;9;8;
2026-07-07 18:20:00.0;OFF;ON;100;4,50;4,50;9;23,90;96,60;106,70;4,50;4,50;62,70;9;8;
2026-07-07 18:21:00.0;OFF;ON;100;4,60;4,50;9;23,80;96,60;106,70;4,40;4,50;63;8,90;7,90;
2026-07-07 18:22:00.0;OFF;ON;100;4,50;4,50;9;23,80;96,60;106,70;4,50;4,50;62,90;8,90;7,90;
2026-07-07 18:23:00.0;OFF;ON;100;4,60;4,50;9;23,80;96,60;106,70;4,40;4,50;63,10;8,90;7,90;
2026-07-07 18:24:00.0;OFF;ON;100;4,40;4,50;9;23,80;96,60;106,70;4,50;4,50;63;8,90;7,90;
2026-07-07 18:25:00.0;OFF;ON;100;4,40;4,50;9;23,70;96,70;106,70;4,50;4,50;63;8,90;7,90;
2026-07-07 18:26:00.0;OFF;ON;100;4,50;4,40;8,90;23,70;96,60;106,70;4,50;4,50;62,20;8,80;7,80;
2026-07-07 18:27:00.0;OFF;ON;100;4,40;4,40;8,90;23,60;96,60;106,70;4,50;4,50;63,20;8,80;7,80;
2026-07-07 18:28:00.0;OFF;ON;100;4,30;4,40;8,90;23,60;96,60;106,70;4,50;4,50;63,20;8,80;7,80;
2026-07-07 18:29:00.0;OFF;ON;100;4,30;4,30;8,80;23,60;96,50;106,70;4,50;4,50;63,20;8,70;7,70;
2026-07-07 18:30:00.0;OFF;ON;100;4,30;4,30;8,80;23,50;96,50;106,70;4,50;4,50;63,10;8,70;7,70;
2026-07-07 18:31:00.0;OFF;ON;100;4,20;4,30;8,80;23,50;96,50;106,70;4,60;4,50;62,50;8,70;7,70;
2026-07-07 18:32:00.0;OFF;ON;100;4,30;4,30;8,80;23,50;96,50;106,70;4,50;4,50;63,20;8,70;7,70;
2026-07-07 18:33:00.0;OFF;ON;100;4,30;4,20;8,70;23,40;96,40;106,70;4,40;4,50;63,30;8,70;7,60;
2026-07-07 18:34:00.0;OFF;ON;100;4,20;4,20;8,70;23,40;96,40;106,70;4,50;4,50;63,30;8,60;7,60;
2026-07-07 18:35:00.0;OFF;ON;100;4,20;4,20;8,70;23,40;96,40;106,70;4,50;4,50;62,60;8,60;7,60;
2026-07-07 18:36:00.0;OFF;ON;100;4,30;4,20;8,70;23,30;96,40;106,70;4,40;4,50;63,60;8,60;7,60;
2026-07-07 18:37:00.0;OFF;ON;100;4,10;4,10;8,60;23,30;96,40;106,70;4,50;4,50;63,50;8,60;7,50;
2026-07-07 18:38:00.0;OFF;ON;100;4,20;4,10;8,60;23,30;96,40;106,70;4,50;4,50;63,50;8,60;7,50;
2026-07-07 18:39:00.0;OFF;ON;100;4,10;4,10;8,60;23,20;96,40;106,70;4,50;4,50;63,50;8,50;7,50;
2026-07-07 18:40:00.0;OFF;ON;100;4,10;4,10;8,60;23,20;96,40;106,70;4,50;4,50;63,50;8,50;7,50;
2026-07-07 18:41:00.0;OFF;ON;100;4,10;4,10;8,60;23,20;96,40;106,70;4,50;4,50;62,80;8,50;7,50;
2026-07-07 18:42:00.0;OFF;ON;100;4,10;4;8,50;23,10;96,40;106,70;4,50;4,50;63,50;8,50;7,40;
2026-07-07 18:43:00.0;OFF;ON;100;4;4;8,50;23,10;96,40;106,70;4,50;4,50;62,70;8,40;7,40;
2026-07-07 18:44:00.0;OFF;ON;100;3,90;4;8,50;23,10;96,40;106,60;4,50;4,50;63,40;8,40;7,40;
2026-07-07 18:45:00.0;OFF;ON;100;3,90;4;8,50;23;96,40;106,70;4,60;4,50;62,50;8,40;7,30;
2026-07-07 18:46:00.0;OFF;ON;100;3,90;3,90;8,40;23;96,40;106,60;4,50;4,50;63,50;8,30;7,30;
2026-07-07 18:47:00.0;OFF;ON;100;3,90;3,90;8,40;23;96,30;106,60;4,50;4,50;62,70;8,30;7,30;
2026-07-07 18:48:00.0;OFF;ON;100;3,90;3,90;8,40;22,90;96,30;106,60;4,50;4,50;62,70;8,30;7,20;
2026-07-07 18:49:00.0;OFF;ON;100;3,90;3,90;8,40;22,90;96,40;106,60;4,50;4,50;63,50;8,30;7,20;
2026-07-07 18:50:00.0;OFF;ON;100;3,90;3,80;8,30;22,80;96,40;106,60;4,40;4,50;63,50;8,30;7,20;
2026-07-07 18:51:00.0;OFF;ON;100;3,90;3,80;8,30;22,80;96,30;106,60;4,40;4,50;63,80;8,20;7,20;
2026-07-07 18:52:00.0;OFF;ON;100;3,80;3,80;8,30;22,80;96,30;106,60;4,50;4,50;63,60;8,20;7,20;
2026-07-07 18:53:00.0;OFF;ON;100;3,80;3,80;8,30;22,70;96,30;106,60;4,40;4,50;63,60;8,20;7,20;
2026-07-07 18:54:00.0;OFF;ON;100;3,90;3,80;8,30;22,70;96,30;106,60;4,40;4,50;64,20;8,20;7,10;
2026-07-07 18:55:00.0;OFF;ON;100;3,80;3,70;8,20;22,60;96,30;106,60;4,40;4,50;64,10;8,10;7,10;
2026-07-07 18:56:00.0;OFF;ON;100;3,70;3,70;8,20;22,60;96,40;106,60;4,50;4,50;63,80;8,10;7,10;
2026-07-07 18:57:00.0;OFF;ON;100;3,80;3,70;8,20;22,60;96,30;106,60;4,40;4,50;64,10;8,10;7,10;
2026-07-07 18:58:00.0;OFF;ON;100;3,80;3,70;8,20;22,60;96,30;106,60;4,40;4,50;64,60;8,10;7;
2026-07-07 18:59:00.0;OFF;ON;100;3,80;3,70;8,20;22,50;96,20;106,60;4,40;4,50;64,60;8,10;7;
2026-07-07 19:00:00.0;OFF;ON;100;3,60;3,60;8,10;22,50;96,30;106,60;4,50;4,50;64,30;8,10;7;
2026-07-07 19:01:00.0;OFF;ON;100;3,70;3,60;8,10;22,40;96,20;106,60;4,40;4,50;64,50;8;7;
2026-07-07 19:02:00.0;OFF;ON;100;3,70;3,60;8,10;22,40;96,20;106,60;4,40;4,50;64,40;8;6,90;
2026-07-07 19:03:00.0;OFF;ON;100;3,60;3,60;8,10;22,40;96,20;106,60;4,50;4,50;64,20;7,90;6,90;
2026-07-07 19:04:00.0;OFF;ON;100;3,50;3,50;8;22,30;96,10;106,60;4,50;4,50;64,30;7,90;6,90;
2026-07-07 19:05:00.0;OFF;ON;100;3,60;4;8;22,30;96,20;106,60;4,40;4;61,10;7,90;6,90;
2026-07-07 19:06:00.0;OFF;ON;100;3,50;4;8;22,30;96,10;106,60;4,50;4;60,10;7,90;6,80;
2026-07-07 19:07:00.0;OFF;ON;100;3,50;4;8;22,20;96,20;106,60;4,40;4;59,30;7,90;6,80;
2026-07-07 19:08:00.0;OFF;ON;100;3,50;4;8;22,20;96,10;106,60;4,50;4;58,60;7,90;6,80;
2026-07-07 19:09:00.0;OFF;ON;100;3,50;3,90;7,90;22,10;96,10;106,60;4,40;4;57,80;7,80;6,80;
2026-07-07 19:10:00.0;OFF;ON;100;3,40;3,90;7,90;22,10;96,10;106,60;4,50;4;56;7,80;6,70;
2026-07-07 19:11:00.0;OFF;ON;100;3,40;3,90;7,90;22,10;96,10;106,60;4,50;4;55,10;7,80;6,70;
2026-07-07 19:12:00.0;OFF;ON;100;3,40;3,90;7,90;22;96,10;106,60;4,50;4;54,30;7,80;6,70;
2026-07-07 19:13:00.0;OFF;ON;100;3,60;3,90;7,90;22;96,10;106,60;4,30;4;55;7,70;6,70;
2026-07-07 19:14:00.0;OFF;ON;100;3,50;3,80;7,80;22;96,10;106,60;4,40;4;53,60;7,70;6,60;
2026-07-07 19:15:00.0;OFF;ON;100;3,50;3,80;7,80;21,90;96,10;106,60;4,40;4;53,40;7,70;6,70;
2026-07-07 19:16:00.0;OFF;ON;100;3,50;3,80;7,80;21,90;96,20;106,60;4,30;4;53,20;7,70;6,70;
2026-07-07 19:17:00.0;OFF;ON;100;3,70;3,80;7,80;21,90;96,30;106,60;4,20;4;53,40;7,70;6,70;
2026-07-07 19:18:00.0;OFF;ON;100;3,70;3,80;7,80;21,80;96,30;106,60;4,20;4;53,20;7,70;6,70;
2026-07-07 19:19:00.0;OFF;ON;100;3,70;3,80;7,80;21,80;96,40;106,60;4,10;4;52,90;7,70;6,70;
2026-07-07 19:20:00.0;OFF;ON;100;3,70;3,80;7,80;21,80;96,40;106,60;4,10;4;52,60;7,70;6,70;
2026-07-07 19:21:00.0;OFF;ON;100;3,70;3,80;7,80;21,70;96,40;106,60;4,10;4;52,60;7,70;6,70;
2026-07-07 19:22:00.0;OFF;ON;100;3,80;3,80;7,80;21,70;96,40;106,60;4,10;4;52,70;7,70;6,70;
2026-07-07 19:23:00.0;OFF;ON;100;3,80;3,80;7,80;21,70;96,40;106,60;4;4;52,50;7,70;6,70;
2026-07-07 19:24:00.0;OFF;ON;100;3,60;3,80;7,80;21,60;96,50;106,60;4,20;4;51,50;7,70;6,70;
2026-07-07 19:25:00.0;OFF;ON;100;3,70;3,80;7,80;21,60;96,40;106,60;4,10;4;51,70;7,70;6,70;
2026-07-07 19:26:00.0;OFF;ON;100;3,80;3,80;7,80;21,50;96,50;106,60;4;4;52,90;7,60;6,70;
2026-07-07 19:27:00.0;OFF;ON;100;3,80;3,80;7,80;21,50;96,50;106,60;3,90;4;52,90;7,60;6,70;
2026-07-07 19:28:00.0;OFF;ON;100;3,90;3,80;7,80;21,50;96,50;106,60;3,90;4;53,30;7,60;6,70;
2026-07-07 19:29:00.0;OFF;ON;100;3,90;3,80;7,80;21,40;96,40;106,60;3,90;4;53,30;7,60;6,70;
2026-07-07 19:30:00.0;OFF;ON;100;3,80;3,80;7,80;21,40;96,50;106,60;3,90;4;53,20;7,60;6,70;
2026-07-07 19:31:00.0;OFF;ON;100;3,90;3,80;7,80;21,40;96,60;106,60;3,90;4;53,70;7,60;6,70;
2026-07-07 19:32:00.0;OFF;ON;100;3,70;3,70;7,70;21,30;96,60;106,50;4;4;53,50;7,60;6,70;
2026-07-07 19:33:00.0;OFF;ON;100;3,80;3,70;7,70;21,30;96,60;106,50;3,90;4;53,50;7,60;6,70;
2026-07-07 19:34:00.0;OFF;ON;100;3,90;3,70;7,70;21,20;96,50;106,50;3,80;4;54,50;7,60;6,70;
2026-07-07 19:35:00.0;OFF;ON;100;3,80;3,70;7,70;21,20;96,50;106,50;3,90;4;54,20;7,60;6,70;
2026-07-07 19:36:00.0;OFF;ON;100;3,80;3,70;7,70;21,20;96,50;106,50;3,90;4;54,20;7,60;6,70;
2026-07-07 19:37:00.0;OFF;ON;100;3,90;3,70;7,70;21,10;96,50;106,50;3,80;4;55,50;7,50;6,70;
2026-07-07 19:38:00.0;OFF;ON;100;3,80;3,70;7,70;21,10;96,60;106,50;3,90;4;55,10;7,50;6,70;
2026-07-07 19:39:00.0;OFF;ON;100;3,80;3,70;7,70;21,10;96,50;106,50;3,90;4;55,40;7,50;6,70;
2026-07-07 19:40:00.0;OFF;ON;100;3,70;3,70;7,70;21;96,50;106,50;3,90;4;55,30;7,50;6,60;
2026-07-07 19:41:00.0;OFF;ON;100;3,80;3,70;7,70;21;96,50;106,50;3,80;4;56;7,50;6,60;
2026-07-07 19:42:00.0;OFF;ON;100;3,80;3,60;7,60;21;96,50;106,50;3,80;4;56,30;7,50;6,60;
2026-07-07 19:43:00.0;OFF;ON;100;3,70;3,60;7,60;20,90;96,50;106,50;3,90;4;55,90;7,50;6,60;
2026-07-07 19:44:00.0;OFF;ON;100;3,70;3,60;7,60;20,90;96,50;106,50;3,90;4;56;7,50;6,60;
2026-07-07 19:45:00.0;OFF;ON;100;4,10;3,60;7,60;20,80;96,50;106,50;3,50;4;59,90;7,40;6,60;
2026-07-07 19:46:00.0;OFF;ON;100;4;3,60;7,60;20,80;96,50;106,50;3,60;4;59,70;7,50;6,60;
2026-07-07 19:47:00.0;OFF;ON;100;4,20;3,60;7,60;20,80;96,70;106,50;3,50;4;61,50;7,50;6,70;
2026-07-07 19:48:00.0;OFF;ON;100;4,10;3,70;7,70;20,70;96,80;106,50;3,60;4;61,90;7,50;6,80;
2026-07-07 19:49:00.0;OFF;ON;100;3,80;3,70;7,70;20,70;96,90;106,50;3,90;4;60,30;7,50;6,80;
2026-07-07 19:50:00.0;OFF;ON;100;4;3,60;7,60;20,70;96,80;106,50;3,60;4;62,80;7,50;6,70;
2026-07-07 19:51:00.0;OFF;ON;100;4;3,60;7,60;20,60;96,80;106,50;3,60;4;63,30;7,50;6,70;
2026-07-07 19:52:00.0;OFF;ON;100;4;3,60;7,60;20,60;96,80;106,50;3,70;4;63,50;7,50;6,70;
2026-07-07 19:53:00.0;OFF;ON;100;3,90;3,60;7,60;20,50;96,70;106,50;3,80;4;63,90;7,50;6,70;
2026-07-07 19:54:00.0;OFF;ON;100;3,70;3,60;7,60;20,50;96,70;106,50;3,90;4;62,50;7,50;6,70;
2026-07-07 19:55:00.0;OFF;ON;100;3,50;3,60;7,60;20,50;96,60;106,50;4,10;4;61,50;7,40;6,60;
2026-07-07 19:56:00.0;OFF;ON;100;3,70;3,50;7,50;20,50;96,40;106,50;3,90;4;62,80;7,40;6,50;
2026-07-07 19:57:00.0;OFF;ON;100;3,40;3,50;7,50;20,40;96,30;106,50;4;4;62,10;7,30;6,40;
2026-07-07 19:58:00.0;OFF;ON;100;3,10;3,40;7,40;20,40;96,20;106,50;4,30;4;59,70;7,20;6,30;
2026-07-07 19:59:00.0;OFF;ON;100;3,40;3,40;7,40;20,30;96,10;106,50;4;4;60,80;7,20;6,30;
2026-07-07 20:00:00.0;OFF;ON;100;3,30;3,40;7,40;20,30;96,10;106,50;4;4;61,60;7,20;6,30;
2026-07-07 20:01:00.0;OFF;ON;100;3,30;3,30;7,30;20,20;96,10;106,50;4,10;4;60,30;7,20;6,20;
2026-07-07 20:02:00.0;OFF;ON;100;3,20;3,30;7,30;20,20;96,10;106,50;4,10;4;60,10;7,10;6,20;
2026-07-07 20:03:00.0;OFF;ON;100;3,10;3,30;7,30;20,20;96,10;106,50;4,20;4;59,20;7,10;6,20;
2026-07-07 20:04:00.0;OFF;ON;100;3,10;3,20;7,20;20,10;96;106,50;4,20;4;59;7;6,10;
2026-07-07 20:05:00.0;OFF;ON;100;3,30;3,20;7,20;20,10;95,90;106,50;3,90;4;60,30;7,10;6,10;
2026-07-07 20:06:00.0;OFF;ON;100;3,20;3,20;7,20;20,10;95,90;106,50;4,10;4;59,30;7;6,10;
2026-07-07 20:07:00.0;OFF;ON;100;3;3,20;7,20;20;96;106,50;4,20;4;58,20;7;6;
2026-07-07 20:08:00.0;OFF;ON;100;2,80;3,10;7,10;20;95,90;106,50;4,30;4;56,90;7;6;
2026-07-07 20:09:00.0;OFF;ON;100;2,80;3,10;7,10;20;95,90;106,50;4,30;4;57,20;6,90;6;
2026-07-07 20:10:00.0;OFF;ON;100;2,80;3,10;7,10;19,90;95,90;106,50;4,30;4;56,40;6,90;5,90;
2026-07-07 20:11:00.0;OFF;ON;100;2,80;3,10;7,10;19,90;95,90;106,50;4,30;4;56,40;6,90;5,90;
2026-07-07 20:12:00.0;OFF;ON;100;2,90;3,10;7,10;19,90;95,90;106,50;4,20;4;57;6,90;5,90;
2026-07-07 20:13:00.0;OFF;ON;100;2,70;3;7;19,80;95,90;106,50;4,30;4;55,50;6,80;5,90;
2026-07-07 20:14:00.0;OFF;ON;100;3;3;7;19,80;95,90;106,50;4;4;58;6,80;5,80;
2026-07-07 20:15:00.0;OFF;ON;100;3;3;7;19,80;95,90;106,50;4;4;57,70;6,80;5,80;
2026-07-07 20:16:00.0;OFF;ON;100;2,80;3;7;19,80;95,90;106,50;4,10;4;56,20;6,80;5,80;
2026-07-07 20:17:00.0;OFF;ON;100;2,80;2,90;6,90;19,70;95,90;106,50;4,20;4;55,70;6,80;5,80;
2026-07-07 20:18:00.0;OFF;ON;100;3;2,90;6,90;19,70;95,90;106,50;3,90;4;57,30;6,80;5,80;
2026-07-07 20:19:00.0;OFF;ON;100;2,80;2,90;6,90;19,70;95,90;106,50;4,10;4;55,60;6,80;5,70;
2026-07-07 20:20:00.0;OFF;ON;100;2,80;2,90;6,90;19,60;96;106,50;4,10;4;55,70;6,70;5,70;
2026-07-07 20:21:00.0;OFF;ON;100;2,80;2,90;6,90;19,60;95,90;106,50;4,10;4;55,30;6,70;5,70;
2026-07-07 20:22:00.0;OFF;ON;100;2,80;2,80;6,80;19,60;95,90;106,50;4;4;56,30;6,70;5,70;
2026-07-07 20:23:00.0;OFF;ON;100;2,80;2,80;6,80;19,50;96;106,50;4,10;4;55,50;6,70;5,70;
2026-07-07 20:24:00.0;OFF;ON;100;2,70;2,80;6,80;19,50;96;106,50;4,10;4;55,30;6,60;5,70;
2026-07-07 20:25:00.0;OFF;ON;100;2,90;2,80;6,80;19,50;96;106,50;3,90;4;56,50;6,60;5,70;
2026-07-07 20:26:00.0;OFF;ON;100;2,60;2,80;6,80;19,40;96;106,50;4,20;4;54,60;6,60;5,60;
2026-07-07 20:27:00.0;OFF;ON;100;2,60;2,80;6,80;19,40;96;106,50;4,10;4;54,70;6,60;5,60;
2026-07-07 20:28:00.0;OFF;ON;100;3;2,80;6,80;19,40;96;106,50;3,80;4;57;6,60;5,60;
2026-07-07 20:29:00.0;OFF;ON;100;2,80;2,70;6,70;19,40;96;106,50;3,90;4;56;6,60;5,60;
2026-07-07 20:30:00.0;OFF;ON;100;2,90;2,70;6,70;19,30;96;106,50;3,80;4;56,80;6,50;5,60;
2026-07-07 20:31:00.0;OFF;ON;100;2,90;2,70;6,70;19,30;96;106,50;3,80;4;56,90;6,50;5,60;
2026-07-07 20:32:00.0;OFF;ON;100;2,60;2,70;6,70;19,30;96;106,50;4,10;4;54,90;6,50;5,60;
2026-07-07 20:33:00.0;OFF;ON;100;2,90;2,70;6,70;19,20;96;106,50;3,80;4;57,20;6,50;5,50;
2026-07-07 20:34:00.0;OFF;ON;100;2,60;2,70;6,70;19,20;96;106,50;4;4;55,40;6,50;5,50;
2026-07-07 20:35:00.0;OFF;ON;100;2,60;2,60;6,60;19,20;96,10;106,50;4;4;55,50;6,50;5,50;
2026-07-07 20:36:00.0;OFF;ON;100;3;2,60;6,60;19,20;96;106,50;3,60;4;58,60;6,40;5,50;
2026-07-07 20:37:00.0;OFF;ON;100;2,60;2,60;6,60;19,10;96;106,50;4;4;56,60;6,50;5,50;
2026-07-07 20:38:00.0;OFF;ON;100;2,60;2,60;6,60;19,10;96;106,50;4;4;56,80;6,40;5,50;
2026-07-07 20:39:00.0;OFF;ON;100;2,50;2,60;6,60;19,10;96,10;106,50;4;4;56,20;6,40;5,50;
2026-07-07 20:40:00.0;OFF;ON;100;2,60;2,60;6,60;19;96;106,50;4;4;56,40;6,40;5,50;
2026-07-07 20:41:00.0;OFF;ON;100;2,60;2,60;6,60;19;96;106,50;3,90;4;57,20;6,40;5,40;
2026-07-07 20:42:00.0;OFF;ON;100;2,60;2,50;6,50;19;96,10;106,50;3,90;4;57,70;6,40;5,40;
2026-07-07 20:43:00.0;OFF;ON;100;2,50;2,50;6,50;19;96,10;106,50;4;4;57,60;6,40;5,40;
2026-07-07 20:44:00.0;OFF;ON;100;2,50;2,50;6,50;18,90;96;106,50;4;4;58,10;6,30;5,40;
2026-07-07 20:45:00.0;OFF;ON;100;2,60;2,50;6,50;18,90;96,10;106,50;3,90;4;58,20;6,30;5,40;
2026-07-07 20:46:00.0;OFF;ON;100;2,50;2,50;6,50;18,90;96;106,50;4;4;58,60;6,30;5,40;
2026-07-07 20:47:00.0;OFF;ON;100;2,50;2,50;6,50;18,80;96;106,50;4;4;58,60;6,30;5,40;
2026-07-07 20:48:00.0;OFF;ON;100;2,60;2,40;6,40;18,80;96;106,50;3,80;4;59,80;6,30;5,30;
2026-07-07 20:49:00.0;OFF;ON;100;2,50;2,40;6,40;18,80;96;106,50;3,90;4;59,40;6,20;5,30;
2026-07-07 20:50:00.0;OFF;ON;100;2,60;2,40;6,40;18,70;96;106,50;3,80;4;60,50;6,30;5,30;
2026-07-07 20:51:00.0;OFF;ON;100;2,50;2,40;6,40;18,70;96;106,50;4;4;59,80;6,20;5,30;
2026-07-07 20:52:00.0;OFF;ON;100;2,50;2,40;6,40;18,70;96;106,50;3,90;4;60,30;6,20;5,30;
2026-07-07 20:53:00.0;OFF;ON;100;2,70;2,40;6,40;18,70;96;106,50;3,70;4;62;6,20;5,30;
2026-07-07 20:54:00.0;OFF;ON;100;2,50;2,40;6,40;18,60;96;106,50;3,80;4;61,40;6,20;5,30;
2026-07-07 20:55:00.0;OFF;ON;100;2,60;2,40;6,40;18,60;96;106,50;3,80;4;62;6,20;5,30;
2026-07-07 20:56:00.0;OFF;ON;100;2,30;2,30;6,30;18,50;96;106,50;4;4;61,50;6,20;5,20;
2026-07-07 20:57:00.0;OFF;ON;100;2,60;2,30;6,30;18,50;96;106,50;3,70;4;63,30;6,10;5,20;
2026-07-07 20:58:00.0;OFF;ON;100;2,60;2,30;6,30;18,50;96;106,50;3,70;4;63,30;6,10;5,20;
2026-07-07 20:59:00.0;OFF;ON;100;2,30;2,30;6,30;18,50;96;106,50;4;4;62,20;6,10;5,20;
2026-07-07 21:00:00.0;OFF;ON;100;2,40;2,30;6,30;18,40;96;106,50;3,90;4;62,70;6,10;5,20;
2026-07-07 21:01:00.0;OFF;ON;100;2,20;2,30;6,30;18,40;96;106,50;4;4;62,80;6,10;5,10;
2026-07-07 21:02:00.0;OFF;ON;100;2,20;2,20;6,20;18,40;95,90;106,50;4;4;63,30;6;5,10;
2026-07-07 21:03:00.0;OFF;ON;100;2,30;2,20;6,20;18,40;95,90;106,50;3,90;4;63,50;6;5,10;
2026-07-07 21:04:00.0;OFF;ON;100;2,10;2,20;6,20;18,30;95,90;106,50;4;4;63,60;6;5,10;
2026-07-07 21:05:00.0;OFF;ON;100;2,20;2,20;6,20;18,30;95,90;106,40;4;4;62,70;6;5;
2026-07-07 21:06:00.0;OFF;ON;100;2,20;2,10;6,10;18,30;95,90;106,50;4;4;63,90;6;5;
2026-07-07 21:07:00.0;OFF;ON;100;2;2,10;6,10;18,20;95,90;106,40;4,10;4;62,80;6;5;
2026-07-07 21:08:00.0;OFF;ON;100;1,90;2,10;6,10;18,20;95,90;106,40;4,10;4;63;5,90;5;
2026-07-07 21:09:00.0;OFF;ON;100;2,20;2,10;6,10;18,20;95,90;106,40;3,90;4;64,90;5,90;4,90;
2026-07-07 21:10:00.0;OFF;ON;100;1,90;2;6;18,10;95,90;106,40;4,10;4;63,40;5,90;4,90;
2026-07-07 21:11:00.0;OFF;ON;100;2,20;2;6;18,10;95,80;106,40;3,90;4;65,10;5,80;4,90;
2026-07-07 21:12:00.0;OFF;ON;100;2;2;6;18,10;95,80;106,40;4;4;63,90;5,80;4,90;
2026-07-07 21:13:00.0;OFF;ON;100;2;2;6;18;95,90;106,40;4;4;65;5,80;4,80;
2026-07-07 21:14:00.0;OFF;ON;100;1,90;2;6;18;95,80;106,40;4;4;64,90;5,80;4,80;
2026-07-07 21:15:00.0;OFF;ON;100;2,10;1,90;5,90;18;95,80;106,40;3,90;4;65,40;5,70;4,80;
2026-07-07 21:16:00.0;OFF;ON;100;1,90;1,90;5,90;17,90;95,80;106,40;4;4;63,90;5,70;4,80;
2026-07-07 21:17:00.0;OFF;ON;100;1,80;1,90;5,90;17,90;95,70;106,40;4,10;4;64;5,70;4,80;
2026-07-07 21:18:00.0;OFF;ON;100;1,90;1,80;5,80;17,90;95,70;106,40;3,90;4;64,80;5,60;4,70;
2026-07-07 21:19:00.0;OFF;ON;100;1,80;1,80;5,80;17,80;95,70;106,40;4;4;63,70;5,60;4,70;
2026-07-07 21:20:00.0;OFF;ON;100;1,70;1,80;5,80;17,80;95,70;106,40;4,10;4;63,90;5,60;4,70;
2026-07-07 21:21:00.0;OFF;ON;100;1,80;1,80;5,80;17,80;95,80;106,40;4;4;65;5,60;4,70;
2026-07-07 21:22:00.0;OFF;ON;100;1,70;1,80;5,80;17,80;95,80;106,40;4;4;64,10;5,60;4,70;
2026-07-07 21:23:00.0;OFF;ON;100;2;1,80;5,80;17,70;95,80;106,40;3,80;4;66,20;5,50;4,70;
2026-07-07 21:24:00.0;OFF;ON;100;1,70;1,70;5,70;17,70;95,80;106,40;4;4;64,40;5,50;4,60;
2026-07-07 21:25:00.0;OFF;ON;100;1,60;1,70;5,70;17,70;95,80;106,40;4,10;4;64;5,50;4,60;
2026-07-07 21:26:00.0;OFF;ON;100;1,70;1,70;5,70;17,60;95,80;106,40;4;4;65,50;5,50;4,60;
2026-07-07 21:27:00.0;OFF;ON;100;1,60;1,70;5,70;17,60;95,80;106,40;4,10;4;64,60;5,50;4,60;
2026-07-07 21:28:00.0;OFF;ON;100;1,80;1,60;5,60;17,60;95,80;106,40;3,80;4;66,40;5,40;4,60;
2026-07-07 21:29:00.0;OFF;ON;100;1,60;1,60;5,60;17,60;95,70;106,40;4;4;64,70;5,40;4,50;
2026-07-07 21:30:00.0;OFF;ON;100;1,60;1,60;5,60;17,50;95,70;106,40;4;4;64,80;5,40;4,50;
2026-07-07 21:31:00.0;OFF;ON;100;1,80;1,60;5,60;17,50;95,70;106,40;3,80;4;66,50;5,40;4,50;
2026-07-07 21:32:00.0;OFF;ON;100;1,40;1,60;5,60;17,40;95,70;106,40;4,20;4;64;5,40;4,50;
2026-07-07 21:33:00.0;OFF;ON;100;1,40;1,50;5,50;17,40;95,80;106,40;4,20;4;64;5,30;4,50;
2026-07-07 21:34:00.0;OFF;ON;100;1,50;1,50;5,50;17,40;95,60;106,40;4;4;64,70;5,30;4,40;
2026-07-07 21:35:00.0;OFF;ON;100;1,40;1,50;5,50;17,40;95,60;106,40;4,10;4;64,50;5,30;4,40;
2026-07-07 21:36:00.0;OFF;ON;100;1,60;1,50;5,50;17,30;95,60;106,40;3,80;4;66,40;5,30;4,40;
2026-07-07 21:37:00.0;OFF;ON;100;1,40;1,40;5,40;17,30;95,70;106,40;4;4;65,80;5,30;4,40;
2026-07-07 21:38:00.0;OFF;ON;100;1,40;1,40;5,40;17,30;95,60;106,40;4;4;65;5,20;4,40;
2026-07-07 21:39:00.0;OFF;ON;100;1,50;1,40;5,40;17,20;95,70;106,40;3,90;4;66;5,20;4,30;
2026-07-07 21:40:00.0;OFF;ON;100;1,40;1,40;5,40;17,20;95,60;106,40;4;4;65,90;5,20;4,30;
2026-07-07 21:41:00.0;OFF;ON;100;1,20;1,40;5,40;17,20;95,70;106,40;4,20;4;64,40;5,20;4,30;
2026-07-07 21:42:00.0;OFF;ON;100;1,40;1,30;5,30;17,10;95,70;106,40;3,90;4;66,30;5,20;4,30;
2026-07-07 21:43:00.0;OFF;ON;100;1,50;1,30;5,30;17,10;95,60;106,40;3,90;4;66,60;5,10;4,30;
2026-07-07 21:44:00.0;OFF;ON;100;1,10;1,30;5,30;17,10;95,70;106,40;4,20;4;64,30;5,10;4,30;
2026-07-07 21:45:00.0;OFF;ON;100;1,60;1,30;5,30;17;95,70;106,40;3,70;4;67,70;5,10;4,30;
2026-07-07 21:46:00.0;OFF;ON;100;1;1,30;5,30;17;95,60;106,40;4,20;4;64,50;5,10;4,20;
2026-07-07 21:47:00.0;OFF;ON;100;1;1,20;5,20;17;95,60;106,40;4,20;4;64,60;5;4,20;
2026-07-07 21:48:00.0;OFF;ON;100;1,30;1,20;5,20;17;95,70;106,40;4;4;66,70;5;4,20;
2026-07-07 21:49:00.0;OFF;ON;100;1,20;1,20;5,20;16,90;95,60;106,40;4;4;66,50;5;4,20;
2026-07-07 21:50:00.0;OFF;ON;100;0,90;1,20;5,20;16,90;95,60;106,40;4,30;4;64,50;5;4,20;
2026-07-07 21:51:00.0;OFF;ON;100;1,30;1,10;5,10;16,90;95,60;106,40;3,80;4;67,10;5;4,10;
2026-07-07 21:52:00.0;OFF;ON;100;1,10;1,10;5,10;16,80;95,60;106,40;4;4;66,30;4,90;4,10;
2026-07-07 21:53:00.0;OFF;ON;100;1;1,10;5,10;16,80;95,50;106,40;4,10;4;64,90;4,90;4,10;
2026-07-07 21:54:00.0;OFF;ON;100;1;1,10;5,10;16,80;95,50;106,40;4,10;4;65,10;4,90;4;
2026-07-07 21:55:00.0;OFF;ON;100;0,90;1;5;16,70;95,50;106,40;4,20;4;64,70;4,90;4;
2026-07-07 21:56:00.0;OFF;ON;100;0,80;1;5;16,70;95,50;106,40;4,20;4;64,60;4,90;4;
2026-07-07 21:57:00.0;OFF;ON;100;1,20;1;5;16,70;95,50;106,40;3,80;4;67,40;4,80;4;
2026-07-07 21:58:00.0;OFF;ON;100;0,90;1;5;16,70;95,60;106,40;4,10;4;65,60;4,80;4;
2026-07-07 21:59:00.0;OFF;ON;100;1,10;1;5;16,60;95,60;106,40;3,90;4;66,50;4,80;4;
2026-07-07 22:00:00.0;OFF;ON;100;1,30;1;5;16,60;95,60;106,40;3,70;4;68,20;4,80;4;
2026-07-07 22:01:00.0;OFF;ON;100;0,90;1;5;16,60;95,50;106,40;4;4;65,60;4,80;4;
2026-07-07 22:02:00.0;OFF;ON;100;0,90;0,90;4,90;16,50;95,50;106,40;4,10;4;65,70;4,80;3,90;
2026-07-07 22:03:00.0;OFF;ON;100;0,90;0,90;4,90;16,50;95,50;106,40;4;4;66,70;4,80;3,90;
2026-07-07 22:04:00.0;OFF;ON;100;0,60;0,90;4,90;16,50;95,60;106,40;4,30;4;64,50;4,70;3,90;
2026-07-07 22:05:00.0;OFF;ON;100;0,90;0,90;4,90;16,50;95,50;106,40;4;4;66,70;4,70;3,90;
2026-07-07 22:06:00.0;OFF;ON;100;0,90;0,90;4,90;16,40;95,60;106,40;4;4;65,80;4,70;3,90;
2026-07-07 22:07:00.0;OFF;ON;100;1;0,90;4,90;16,40;95,60;106,40;3,90;4;67,10;4,70;3,90;
2026-07-07 22:08:00.0;OFF;ON;100;0,70;0,80;4,80;16,40;95,60;106,40;4,20;4;65,30;4,70;3,90;
2026-07-07 22:09:00.0;OFF;ON;100;0,80;0,80;4,80;16,30;95,50;106,40;4;4;66,10;4,70;3,80;
2026-07-07 22:10:00.0;OFF;ON;100;0,80;0,80;4,80;16,30;95,50;106,40;4;4;66,10;4,70;3,80;
2026-07-07 22:11:00.0;OFF;ON;100;0,70;0,80;4,80;16,30;95,50;106,40;4,10;4;66,10;4,60;3,80;
2026-07-07 22:12:00.0;OFF;ON;100;0,80;0,80;4,80;16,20;95,50;106,40;4;4;66,90;4,60;3,80;
2026-07-07 22:13:00.0;OFF;ON;100;0,80;0,80;4,80;16,20;95,50;106,40;4;4;66,90;4,60;3,80;
2026-07-07 22:14:00.0;OFF;ON;100;0,80;0,70;4,70;16,20;95,50;106,40;3,90;4;67,10;4,60;3,80;
2026-07-07 22:15:00.0;OFF;ON;100;0,70;0,70;4,70;16,20;95,50;106,40;4;4;66,20;4,60;3,70;
2026-07-07 22:16:00.0;OFF;ON;100;0,90;0,70;4,70;16,10;95,50;106,40;3,90;4;67,60;4,50;3,70;
2026-07-07 22:17:00.0;OFF;ON;100;0,70;0,70;4,70;16,10;95,50;106,40;4;4;66,30;4,50;3,70;
2026-07-07 22:18:00.0;OFF;ON;100;0,60;0,70;4,70;16,10;95,50;106,40;4,10;4;66,40;4,50;3,70;
2026-07-07 22:19:00.0;OFF;ON;100;0,60;0,70;4,70;16;95,50;106,40;4,10;4;65,90;4,50;3,70;
2026-07-07 22:20:00.0;OFF;ON;100;0,60;0,60;4,60;16;95,50;106,40;4;4;66,40;4,50;3,70;
2026-07-07 22:21:00.0;OFF;ON;100;0,90;0,60;4,60;16;95,50;106,40;3,70;4;68,50;4,50;3,60;
2026-07-07 22:22:00.0;OFF;ON;100;0,50;0,60;4,60;15,90;95,50;106,40;4,20;4;65,80;4,50;3,70;
2026-07-07 22:23:00.0;OFF;ON;100;0,60;0,60;4,60;15,90;95,50;106,40;4;4;66,40;4,40;3,60;
2026-07-07 22:24:00.0;OFF;ON;100;0,60;0,60;4,60;15,90;95,50;106,40;4;4;66,40;4,40;3,60;
2026-07-07 22:25:00.0;OFF;ON;100;0,40;0,60;4,60;15,90;95,50;106,40;4,20;4;65,80;4,40;3,60;
2026-07-07 22:26:00.0;OFF;ON;100;0,50;0,60;4,60;15,80;95,50;106,40;4;4;66,30;4,40;3,60;
2026-07-07 22:27:00.0;OFF;ON;100;0,20;0,50;4,50;15,80;95,40;106,40;4,30;4;64,50;4,40;3,50;
2026-07-07 22:28:00.0;OFF;ON;100;0,30;0,50;4,50;15,80;95,30;106,40;4,20;4;64,80;4,30;3,50;
2026-07-07 22:29:00.0;OFF;ON;100;0,30;0,50;4,50;15,70;95,40;106,40;4,20;4;65;4,30;3,40;
2026-07-07 22:30:00.0;OFF;ON;100;0,30;0,50;4,50;15,70;95,40;106,40;4,20;4;65,10;4,30;3,50;
2026-07-07 22:31:00.0;OFF;ON;100;0,80;0,50;4,50;15,70;95,40;106,40;3,70;4;68,30;4,30;3,50;
2026-07-07 22:32:00.0;OFF;ON;100;0,40;0,50;4,50;15,70;95,40;106,40;4;4;66;4,30;3,50;
2026-07-07 22:33:00.0;OFF;ON;100;0,30;0,50;4,50;15,60;95,50;106,40;4,10;4;65,50;4,30;3,50;
2026-07-07 22:34:00.0;OFF;ON;100;0,50;0,40;4,40;15,60;95,50;106,40;4;4;67;4,30;3,50;
2026-07-07 22:35:00.0;OFF;ON;100;0,40;0,40;4,40;15,60;95,50;106,30;4;4;66,10;4,30;3,50;
2026-07-07 22:36:00.0;OFF;ON;100;0,40;0,40;4,40;15,50;95,50;106,30;4;4;66,40;4,20;3,40;
2026-07-07 22:37:00.0;OFF;ON;100;0,70;0,40;4,40;15,50;95,50;106,30;3,70;4;68,50;4,20;3,40;
2026-07-07 22:38:00.0;OFF;ON;100;0,20;0,40;4,40;15,50;95,50;106,30;4,10;4;66,10;4,20;3,40;
2026-07-07 22:39:00.0;OFF;ON;100;0,20;0,40;4,40;15,50;95,50;106,30;4,10;4;66,10;4,20;3,40;
2026-07-07 22:40:00.0;OFF;ON;100;0,60;0,40;4,40;15,40;95,50;106,30;3,80;4;68,70;4,20;3,40;
2026-07-07 22:41:00.0;OFF;ON;100;0,20;0,40;4,40;15,40;95,50;106,30;4,20;4;66,20;4,20;3,40;
2026-07-07 22:42:00.0;OFF;ON;100;0,50;0,30;4,30;15,40;95,50;106,30;3,90;4;68,10;4,20;3,40;
2026-07-07 22:43:00.0;OFF;ON;100;0,50;0,30;4,30;15,30;95,40;106,30;3,80;4;68,80;4,10;3,30;
2026-07-07 22:44:00.0;OFF;ON;100;0,20;0,30;4,30;15,30;95,40;106,30;4,10;4;67;4,10;3,30;
2026-07-07 22:45:00.0;OFF;ON;100;0,10;0,30;4,30;15,30;95,40;106,30;4,10;4;66,40;4,10;3,30;
2026-07-07 22:46:00.0;OFF;ON;100;0,30;0,30;4,30;15,20;95,40;106,30;3,90;4;68;4,10;3,30;
2026-07-07 22:47:00.0;OFF;ON;100;0,10;0,20;4,20;15,20;95,40;106,30;4,10;4;66,50;4,10;3,30;
2026-07-07 22:48:00.0;OFF;ON;100;0,30;0,20;4,20;15,20;95,30;106,30;4;4;67,90;4,10;3,20;
2026-07-07 22:49:00.0;OFF;ON;100;0,10;0,20;4,20;15,20;95,30;106,30;4,10;4;66,70;4;3,20;
2026-07-07 22:50:00.0;OFF;ON;100;0,20;0,20;4,20;15,10;95,30;106,30;4;4;68;4;3,20;
2026-07-07 22:51:00.0;OFF;ON;100;0;0,20;4,20;15,10;95,40;106,30;4,20;4;66,60;4;3,20;
2026-07-07 22:52:00.0;OFF;ON;100;0,10;0,20;4,20;15;95,30;106,30;4,10;4;67,20;4;3,20;
2026-07-07 22:53:00.0;OFF;ON;100;0,10;0,10;4,10;15;95,30;106,30;4;4;67,30;4;3,20;
2026-07-07 22:54:00.0;OFF;ON;100;0;0,10;4,10;15;95,40;106,30;4,10;4;67,10;4;3,10;
2026-07-07 22:55:00.0;OFF;ON;100;0,10;0,10;4,10;15;95,30;106,30;4;4;67,60;3,90;3,10;
2026-07-07 22:56:00.0;OFF;ON;100;0,10;0,10;4,10;14,90;95,30;106,30;4;4;68,70;3,90;3,10;
2026-07-07 22:57:00.0;OFF;ON;100;0;0,10;4,10;14,90;95,40;106,30;4,10;4;67,70;3,90;3,10;
2026-07-07 22:58:00.0;OFF;ON;100;0;0,10;4,10;14,90;95,30;106,30;4;4;67,70;3,90;3,10;
2026-07-07 22:59:00.0;OFF;ON;100;0;0,10;4,10;14,90;95,30;106,30;4;4;67,70;3,90;3,10;
2026-07-07 23:00:00.0;OFF;ON;100;0,20;0;4;14,90;95,30;106,30;3,80;4;69,20;3,80;3;
2026-07-07 23:01:00.0;OFF;ON;100;0;0;4;14,80;95,40;106,30;4;4;68,60;3,80;3;
2026-07-07 23:02:00.0;OFF;ON;100;-0,20;0;4;14,80;95,40;106,30;4,20;4;67,30;3,80;3;
2026-07-07 23:03:00.0;OFF;ON;100;-0,10;-0,50;4;14,80;95,40;106,30;4,10;4,50;71;3,80;3;
2026-07-07 23:04:00.0;OFF;ON;100;-0,40;-0,50;4;14,80;95,30;106,30;4,40;4,50;69,80;3,80;2,90;
2026-07-07 23:05:00.0;OFF;ON;100;-0,50;-0,60;3,90;14,70;95,30;106,30;4,40;4,50;70,20;3,70;2,90;
2026-07-07 23:06:00.0;OFF;ON;100;-0,10;-0,60;3,90;14,70;95,20;106,30;4;4,50;73,20;3,70;2,80;
2026-07-07 23:07:00.0;OFF;ON;100;-0,60;-0,70;3,80;14,70;95,10;106,30;4,50;4,50;71;3,70;2,70;
2026-07-07 23:08:00.0;OFF;ON;100;-0,30;-0,70;3,80;14,70;95;106,30;4,10;4,50;73,50;3,60;2,70;
2026-07-07 23:09:00.0;OFF;ON;100;-0,70;-0,70;3,80;14,60;94,90;106,30;4,50;4,50;71,70;3,60;2,60;
2026-07-07 23:10:00.0;OFF;ON;100;-0,40;-0,80;3,70;14,60;94,90;106,30;4,20;4,50;73,70;3,60;2,60;
2026-07-07 23:11:00.0;OFF;ON;100;-0,80;-0,80;3,70;14,60;94,80;106,30;4,50;4,50;72,20;3,50;2,50;
2026-07-07 23:12:00.0;OFF;ON;100;-0,90;-0,80;3,70;14,60;94,80;106,30;4,50;4,50;71,60;3,50;2,50;
2026-07-07 23:13:00.0;OFF;ON;100;-0,90;-0,90;3,60;14,60;94,80;106,30;4,50;4,50;72,80;3,40;2,40;
2026-07-07 23:14:00.0;OFF;ON;100;-0,50;-0,90;3,60;14,50;94,70;106,30;4,10;4,50;74,90;3,40;2,40;
2026-07-07 23:15:00.0;OFF;ON;100;-1;-1;3,50;14,50;94,80;106,30;4,50;4,50;72,20;3,40;2,30;
2026-07-07 23:16:00.0;OFF;ON;100;-0,90;-1;3,50;14,50;94,80;106,30;4,40;4,50;73,50;3,30;2,30;
2026-07-07 23:17:00.0;OFF;ON;100;-0,60;-1;3,50;14,40;94,70;106,30;4,10;4,50;75,50;3,30;2,30;
2026-07-07 23:18:00.0;OFF;ON;100;-1,10;-1;3,50;14,40;94,60;106,30;4,60;4,50;72,60;3,30;2,20;
2026-07-07 23:19:00.0;OFF;ON;100;-0,70;-1,10;3,40;14,40;94,70;106,30;4,10;4,50;75,80;3,20;2,20;
2026-07-07 23:20:00.0;OFF;ON;100;-1,30;-1,10;3,40;14,40;94,70;106,30;4,70;4,50;71,90;3,20;2,10;
2026-07-07 23:21:00.0;OFF;ON;100;-0,80;-1,10;3,40;14,40;94,70;106,30;4,10;4,50;75,80;3,20;2,10;
2026-07-07 23:22:00.0;OFF;ON;100;-0,90;-1,20;3,30;14,30;94,70;106,30;4,20;4,50;75,30;3,20;2,10;
2026-07-07 23:23:00.0;OFF;ON;100;-1,30;-1,20;3,30;14,30;94,60;106,30;4,60;4,50;72,90;3,10;2;
2026-07-07 23:24:00.0;OFF;ON;100;-0,90;-1,20;3,30;14,30;94,60;106,30;4,20;4,50;75,60;3,10;2;
2026-07-07 23:25:00.0;OFF;ON;100;-1,40;-1,30;3,20;14,30;94,60;106,30;4,60;4,50;73;3,10;2;
2026-07-07 23:26:00.0;OFF;ON;100;-1;-1,30;3,20;14,30;94,60;106,20;4,30;4,50;75,20;3;1,90;
2026-07-07 23:27:00.0;OFF;ON;100;-1;-1,30;3,20;14,20;94,60;106,20;4,20;4,50;75,80;3;1,90;
2026-07-07 23:28:00.0;OFF;ON;100;-0,90;-1,40;3,10;14,20;94,70;106,20;4,10;4,50;76,50;3;1,90;
2026-07-07 23:29:00.0;OFF;ON;100;-1,40;-1,40;3,10;14,20;94,70;106,20;4,50;4,50;74,40;2,90;1,80;
2026-07-07 23:30:00.0;OFF;ON;100;-1,60;-1,40;3,10;14,20;94,70;106,20;4,70;4,50;72,50;2,90;1,80;
2026-07-07 23:31:00.0;OFF;ON;100;-1,50;-1,40;3,10;14,10;94,60;106,20;4,60;4,50;73,80;2,90;1,80;
2026-07-07 23:32:00.0;OFF;ON;100;-1,60;-1,50;3;14,10;94,70;106,20;4,70;4,50;73;2,90;1,80;
2026-07-07 23:33:00.0;OFF;ON;100;-1,70;-1,50;3;14,10;94,60;106,20;4,70;4,50;72,80;2,80;1,70;
2026-07-07 23:34:00.0;OFF;ON;100;-1,20;-1,50;3;14,10;94,60;106,20;4,20;4,50;76,10;2,80;1,70;
2026-07-07 23:35:00.0;OFF;ON;100;-1,60;-1,50;3;14;94,60;106,20;4,50;4,50;73,90;2,80;1,70;
2026-07-07 23:36:00.0;OFF;ON;100;-1,80;-1,60;2,90;14;94,70;106,20;4,80;4,50;72,70;2,80;1,60;
2026-07-07 23:37:00.0;OFF;ON;100;-2,60;-3,10;2,90;14;94,70;106,20;5,50;6;78,30;2,70;1,70;
2026-07-07 23:38:00.0;OFF;ON;100;-2,20;-3,10;2,90;14;94,70;106,20;5,10;6;81,40;2,70;1,60;
2026-07-07 23:39:00.0;OFF;ON;100;-2,90;-3,10;2,90;14;94,50;106,20;5,70;6;78,40;2,60;1,40;
2026-07-07 23:40:00.0;OFF;ON;100;-2,50;-3,20;2,80;13,90;94,20;106,20;5,20;6;82,40;2,60;1,40;
2026-07-07 23:41:00.0;OFF;ON;100;-3,20;-3,30;2,70;13,90;94,20;106,20;5,90;6;78,70;2,50;1,20;
2026-07-07 23:42:00.0;OFF;ON;100;-3,30;-3,40;2,60;13,90;94;106,20;6;6;79,60;2,40;1,20;
2026-07-07 23:43:00.0;OFF;ON;100;-2,70;-3,40;2,60;13,90;94;106,20;5,30;6;84,50;2,40;1,10;
2026-07-07 23:44:00.0;OFF;ON;100;-3,20;-3,50;2,50;13,80;94;106,20;5,70;6;82,70;2,30;1;
2026-07-07 23:45:00.0;OFF;ON;100;-2,70;-3,50;2,50;13,80;94;106,20;5,20;6;87,10;2,30;0,90;
2026-07-07 23:46:00.0;OFF;ON;100;-3,30;-3,60;2,40;13,80;93,90;106,20;5,70;6;84,20;2,20;0,90;
2026-07-07 23:47:00.0;OFF;ON;100;-2,90;-3,60;2,40;13,80;93,90;106,20;5,30;6;88,50;2,20;0,80;
2026-07-07 23:48:00.0;OFF;ON;100;-3;-3,70;2,30;13,70;93,80;106,20;5,40;6;88,80;2,10;0,80;
2026-07-07 23:49:00.0;OFF;ON;100;-2,60;-3,70;2,30;13,70;93,80;106,20;4,90;6;93,20;2,10;0,70;
2026-07-07 23:50:00.0;OFF;ON;100;-3,20;-3,80;2,20;13,70;93,80;106,20;5,40;6;90,90;2;0,60;
2026-07-07 23:51:00.0;OFF;ON;100;-3,20;-3,80;2,20;13,70;93,80;106,20;5,40;6;92,70;2;0,60;
2026-07-07 23:52:00.0;OFF;ON;100;-3,30;-3,80;2,20;13,70;93,80;106,20;5,50;6;93,10;2;0,60;
2026-07-07 23:53:00.0;OFF;ON;100;-3,10;-3,90;2,10;13,60;93,80;106,20;5,20;6;96,60;1,90;0,50;
2026-07-07 23:54:00.0;OFF;ON;100;-3,10;-3,90;2,10;13,60;93,80;106,20;5,20;6;97,40;1,90;0,50;
2026-07-07 23:55:00.0;OFF;ON;100;-3,20;-3,90;2,10;13,60;93,80;106,20;5,20;6;96,90;1,90;0,60;
2026-07-07 23:56:00.0;OFF;ON;100;-3,40;-4;2;13,60;93,90;106,20;5,40;6;97,20;1,80;0,60;
2026-07-07 23:57:00.0;OFF;ON;100;-3;-4;2;13,60;93,90;106,20;5;6;98,80;1,80;0,60;
2026-07-07 23:58:00.0;OFF;ON;100;-3,30;-4;2;13,50;93,90;106,20;5,20;6;96,90;1,80;0,50;
2026-07-07 23:59:00.0;OFF;ON;100;-3,70;-4;2;13,50;93,80;106,20;5,60;6;94,10;1,70;0,50;
