CamCarcacas2;
2026-07-10 00:00;2026-07-11 00:00;
12144 Frigorífico Thoms;
ayron.costa;
" ";CPCO 51 - Câmara de carcaças - Controle de temperatura 1;CPCO 51 - Câmara de carcaças - Controle de temperatura 1;CPCO 51 - Câmara de carcaças - Controle de temperatura 1;CPCO 51 - Câmara de carcaças - Controle de temperatura 1;CPCO 51 - Câmara de carcaças - Controle de temperatura 1;CPCO 51 - Câmara de carcaças - Controle de temperatura 1;CPCO 52 - Câmara de carcaças - Controle de temperatura 2;CPCO 52 - Câmara de carcaças - Controle de temperatura 2;CPCO 53 - Balança;CPCO 51 - Câmara de carcaças - Controle de temperatura 1;CPCO 51 - Câmara de carcaças - Controle de temperatura 1;CPCO 51 - Câmara de carcaças - Controle de temperatura 1;CPCO 51 - Câmara de carcaças - Controle de temperatura 1;CPCO 54 - Câmara de carcaças - Controle de temperatura 3;
" ";Carregamento;Resfriamento;Saida Y1 - Ventiladores EC;Temp entrada glicol;Temp ref;Temp retorno ar;Temperatuda espeto;Umidade relativa da camara;Peso atual;DT Atual;DT ref;Cap Atual Valvula;Temp retorno ar M1A08;Temp Insuf de ar M1A08;" ";
2026-07-10 00:00:00.0;OFF;ON;100;-3,10;-3,40;1,10;9,70;95,20;107,60;4,20;4,50;74,80;0,80;0,10;
2026-07-10 00:01:00.0;OFF;ON;100;-3,60;-3,40;1,10;9,70;95,30;107,60;4,70;4,50;72;0,80;0;
2026-07-10 00:02:00.0;OFF;ON;100;-3,10;-3,40;1,10;9,60;95,20;107,60;4,20;4,50;75;0,80;0;
2026-07-10 00:03:00.0;OFF;ON;100;-3,40;-3,40;1,10;9,60;95,30;107,60;4,50;4,50;73;0,80;0;
2026-07-10 00:04:00.0;OFF;ON;100;-3,50;-3,40;1,10;9,60;95,20;107,60;4,60;4,50;72,70;0,80;0;
2026-07-10 00:05:00.0;OFF;ON;100;-3,10;-3,40;1,10;9,60;95,30;107,60;4,20;4,50;75,50;0,80;0;
2026-07-10 00:06:00.0;OFF;ON;100;-3;-3,40;1,10;9,50;95,30;107,60;4,10;4,50;76,30;0,80;0;
2026-07-10 00:07:00.0;OFF;ON;100;-3,10;-3,40;1,10;9,50;95,20;107,60;4,20;4,50;76;0,80;0;
2026-07-10 00:08:00.0;OFF;ON;100;-3,40;-3,50;1;9,50;95,20;107,60;4,50;4,50;74,60;0,70;0;
2026-07-10 00:09:00.0;OFF;ON;100;-3,20;-3,50;1;9,50;95,20;107,60;4,30;4,50;75,80;0,80;0;
2026-07-10 00:10:00.0;OFF;ON;100;-3,40;-3,50;1;9,50;95,20;107,60;4,40;4,50;75;0,70;0;
2026-07-10 00:11:00.0;OFF;ON;100;-3,30;-3,50;1;9,40;95,20;107,60;4,30;4,50;76,20;0,70;0;
2026-07-10 00:12:00.0;OFF;ON;100;-2,90;-3,50;1;9,40;95,10;107,60;3,90;4,50;79,10;0,70;-0,10;
2026-07-10 00:13:00.0;OFF;ON;100;-4,30;-3,50;1;9,40;95;107,60;5,30;4,50;71,10;0,70;-0,10;
2026-07-10 00:14:00.0;OFF;ON;100;-4;-3,50;1;9,40;95;107,60;4,90;4,50;72,30;0,70;-0,10;
2026-07-10 00:15:00.0;OFF;ON;100;-3,90;-3,60;0,90;9,30;94,90;107,60;4,80;4,50;72,70;0,60;-0,20;
2026-07-10 00:16:00.0;OFF;ON;100;-3,60;-3,60;0,90;9,30;94,80;107,60;4,50;4,50;74,60;0,60;-0,30;
2026-07-10 00:17:00.0;OFF;ON;100;-3,50;-3,70;0,80;9,30;94,70;107,60;4,40;4,50;74,90;0,50;-0,30;
2026-07-10 00:18:00.0;OFF;ON;100;-3,60;-3,70;0,80;9,30;94,80;107,60;4,50;4,50;74,70;0,60;-0,20;
2026-07-10 00:19:00.0;OFF;ON;100;-3,50;-3,70;0,80;9,30;94,90;107,60;4,30;4,50;75,70;0,50;-0,20;
2026-07-10 00:20:00.0;OFF;ON;100;-3,50;-3,70;0,80;9,20;94,90;107,60;4,30;4,50;75,80;0,50;-0,20;
2026-07-10 00:21:00.0;OFF;ON;100;-3,50;-3,70;0,80;9,20;94,90;107,60;4,30;4,50;75,70;0,50;-0,20;
2026-07-10 00:22:00.0;OFF;ON;100;-3,70;-3,70;0,80;9,20;94,90;107,60;4,60;4,50;74,40;0,50;-0,20;
2026-07-10 00:23:00.0;OFF;ON;100;-3,70;-3,70;0,80;9,20;94,90;107,60;4,50;4,50;74,60;0,50;-0,30;
2026-07-10 00:24:00.0;OFF;ON;100;-3,60;-3,70;0,80;9,10;94,90;107,60;4,40;4,50;76;0,50;-0,30;
2026-07-10 00:25:00.0;OFF;ON;100;-3,70;-3,70;0,80;9,10;94,90;107,60;4,40;4,50;75,70;0,50;-0,30;
2026-07-10 00:26:00.0;OFF;ON;100;-2,50;-3,70;0,80;9,10;94,90;107,60;3,30;4,50;83,50;0,50;-0,30;
2026-07-10 00:27:00.0;OFF;ON;100;-3,20;-3,70;0,80;9,10;94,90;107,60;4;4,50;82;0,50;-0,20;
2026-07-10 00:28:00.0;OFF;ON;100;-2,80;-3,70;0,80;9,10;95;107,60;3,60;4,50;85,30;0,50;-0,20;
2026-07-10 00:29:00.0;OFF;ON;100;-3,10;-3,70;0,80;9;95;107,60;3,90;4,50;84,60;0,50;-0,20;
2026-07-10 00:30:00.0;OFF;ON;100;-2,80;-3,70;0,80;9;95;107,60;3,50;4,50;87,90;0,50;-0,30;
2026-07-10 00:31:00.0;OFF;ON;100;-2,60;-3,80;0,70;9;94,90;107,60;3,30;4,50;92;0,50;-0,30;
2026-07-10 00:32:00.0;OFF;ON;100;-3,10;-3,80;0,70;9;94,90;107,60;3,80;4,50;90,30;0,40;-0,30;
2026-07-10 00:33:00.0;OFF;ON;100;-3,40;-3,80;0,70;8,90;94,90;107,60;4,10;4,50;89,50;0,40;-0,30;
2026-07-10 00:34:00.0;OFF;ON;100;-3,20;-3,80;0,70;8,90;94,90;107,60;3,80;4,50;92,40;0,40;-0,40;
2026-07-10 00:35:00.0;OFF;ON;100;-2,90;-3,90;0,60;8,90;94,80;107,60;3,50;4,50;95,70;0,30;-0,40;
2026-07-10 00:36:00.0;OFF;ON;100;-3,10;-3,90;0,60;8,90;94,80;107,60;3,70;4,50;96,80;0,30;-0,40;
2026-07-10 00:37:00.0;OFF;ON;100;-3,10;-3,90;0,60;8,90;94,80;107,60;3,70;4,50;98,10;0,30;-0,40;
2026-07-10 00:38:00.0;OFF;ON;100;-3,40;-3,90;0,60;8,80;94,80;107,60;4;4,50;96,20;0,30;-0,40;
2026-07-10 00:39:00.0;OFF;ON;100;-2,70;-3,90;0,60;8,80;94,70;107,60;3,30;4,50;100;0,30;-0,50;
2026-07-10 00:40:00.0;OFF;ON;100;-3,20;-3,90;0,60;8,80;94,70;107,60;3,80;4,50;97,30;0,20;-0,40;
2026-07-10 00:41:00.0;OFF;ON;100;-2,90;-4;0,50;8,80;94,70;107,60;3,40;4,50;99,10;0,20;-0,50;
2026-07-10 00:42:00.0;OFF;ON;100;-2,80;-4;0,50;8,80;94,70;107,60;3,30;4,50;99,60;0,30;-0,40;
2026-07-10 00:43:00.0;OFF;ON;100;-2,90;-4;0,50;8,70;94,70;107,60;3,50;4,50;98,90;0,20;-0,50;
2026-07-10 00:44:00.0;OFF;ON;100;-2,90;-4;0,50;8,70;94,70;107,60;3,40;4,50;98,30;0,20;-0,60;
2026-07-10 00:45:00.0;OFF;ON;100;-3;-4;0,50;8,70;94,70;107,60;3,40;4,50;98,90;0,20;-0,50;
2026-07-10 00:46:00.0;OFF;ON;100;-3,10;-4;0,50;8,70;94,80;107,60;3,60;4,50;98,20;0,20;-0,50;
2026-07-10 00:47:00.0;OFF;ON;100;-3,90;-4;0,50;8,60;94,80;107,60;4,40;4,50;93;0,20;-0,50;
2026-07-10 00:48:00.0;OFF;ON;100;-3;-4;0,40;8,60;94,80;107,60;3,40;4,50;99,10;0,10;-0,60;
2026-07-10 00:49:00.0;OFF;ON;100;-3,40;-4;0,40;8,60;94,70;107,60;3,80;4,50;96;0,10;-0,70;
2026-07-10 00:50:00.0;OFF;ON;100;-3;-4;0,40;8,60;94,80;107,60;3,40;4,50;98,10;0,10;-0,60;
2026-07-10 00:51:00.0;OFF;ON;100;-3,30;-4;0,40;8,60;94,70;107,60;3,70;4,50;97,20;0,10;-0,60;
2026-07-10 00:52:00.0;OFF;ON;100;-3,70;-4;0,40;8,50;94,80;107,60;4,10;4,50;95,10;0,10;-0,60;
2026-07-10 00:53:00.0;OFF;ON;100;-2,90;-4;0,30;8,50;94,70;107,60;3,30;4,50;99,30;0;-0,70;
2026-07-10 00:54:00.0;OFF;ON;100;-3,10;-4;0,30;8,50;94,70;107,60;3,50;4,50;99,20;0;-0,70;
2026-07-10 00:55:00.0;OFF;ON;100;-3;-4;0,30;8,50;94,70;107,60;3,40;4,50;99,30;0;-0,70;
2026-07-10 00:56:00.0;OFF;ON;100;-3,30;-4;0,30;8,40;94,70;107,60;3,60;4,50;97,70;0;-0,70;
2026-07-10 00:57:00.0;OFF;ON;100;-3,20;-4;0,30;8,40;94,70;107,60;3,50;4,50;99,10;0;-0,70;
2026-07-10 00:58:00.0;OFF;ON;100;-3,50;-4;0,20;8,40;94,60;107,60;3,70;4,50;95,90;-0,10;-0,80;
2026-07-10 00:59:00.0;OFF;ON;100;-3,50;-4;0,30;8,40;94,70;107,60;3,70;4,50;96,70;0;-0,70;
2026-07-10 01:00:00.0;OFF;ON;100;-2,90;-4;0,30;8,40;94,70;107,60;3,10;4,50;100;0;-0,70;
2026-07-10 01:01:00.0;OFF;ON;100;-4,40;-4;0,20;8,30;94,70;107,60;4,60;4,50;90,80;-0,10;-0,70;
2026-07-10 01:02:00.0;OFF;ON;100;-3,40;-4;0,20;8,30;94,70;107,60;3,70;4,50;97,20;-0,10;-0,70;
2026-07-10 01:03:00.0;OFF;ON;100;-2,90;-4;0,20;8,30;94,70;107,60;3,10;4,50;99,70;-0,10;-0,80;
2026-07-10 01:04:00.0;OFF;ON;100;-3,30;-4;0,20;8,30;94,60;107,60;3,50;4,50;98,40;-0,10;-0,80;
2026-07-10 01:05:00.0;OFF;ON;100;-3,40;-4;0,20;8,30;94,60;107,60;3,60;4,50;96,40;-0,10;-0,80;
2026-07-10 01:06:00.0;OFF;ON;100;-3,40;-4;0,20;8,20;94,60;107,60;3,60;4,50;97,50;-0,10;-0,80;
2026-07-10 01:07:00.0;OFF;ON;100;-3,50;-4;0,20;8,20;94,70;107,60;3,70;4,50;97,30;-0,10;-0,80;
2026-07-10 01:08:00.0;OFF;ON;100;-3,40;-4;0,10;8,20;94,50;107,60;3,50;4,50;98,40;-0,20;-0,80;
2026-07-10 01:09:00.0;OFF;ON;100;-3,70;-4;0,10;8,20;94,50;107,60;3,80;4,50;96,70;-0,10;-0,80;
2026-07-10 01:10:00.0;OFF;ON;100;-3,10;-4;0,10;8,20;94,60;107,60;3,20;4,50;99,30;-0,20;-0,80;
2026-07-10 01:11:00.0;OFF;ON;100;-3,10;-4;0,10;8,10;94,70;107,60;3,20;4,50;99,30;-0,20;-0,90;
2026-07-10 01:12:00.0;OFF;ON;100;-3,30;-4;0,10;8,10;94,60;107,60;3,40;4,50;98,60;-0,20;-1;
2026-07-10 01:13:00.0;OFF;ON;100;-3,40;-4;0,10;8,10;94,50;107,60;3,50;4,50;97,80;-0,20;-0,90;
2026-07-10 01:14:00.0;OFF;ON;100;-3,30;-4;0;8,10;94,60;107,60;3,30;4,50;99,30;-0,20;-0,90;
2026-07-10 01:15:00.0;OFF;ON;100;-3,40;-4;0;8;94,60;107,60;3,50;4,50;98;-0,20;-0,90;
2026-07-10 01:16:00.0;OFF;ON;100;-3,80;-4;0;8;94,60;107,60;3,80;4,50;95,80;-0,30;-0,90;
2026-07-10 01:17:00.0;OFF;ON;100;-3,20;-3,50;0;8;94,60;107,60;3,20;4,50;96,20;-0,30;-1;
2026-07-10 01:18:00.0;OFF;ON;90;-3,80;-3,50;0;8;94,40;107,60;3,80;3,50;92,50;-0,30;-1;
2026-07-10 01:19:00.0;OFF;ON;90;-3,40;-3,60;-0,10;7,90;94,40;107,60;3,30;3,50;95,30;-0,40;-1,10;
2026-07-10 01:20:00.0;OFF;ON;90;-3,40;-3,60;-0,10;7,90;94,40;107,60;3,30;3,50;95,70;-0,40;-1,10;
2026-07-10 01:21:00.0;OFF;ON;90;-3,80;-3,60;-0,10;7,90;94,30;107,60;3,70;3,50;93,20;-0,40;-1,10;
2026-07-10 01:22:00.0;OFF;ON;90;-3,70;-3,60;-0,10;7,90;94,30;107,60;3,60;3,50;93,80;-0,40;-1,10;
2026-07-10 01:23:00.0;OFF;ON;90;-3,40;-3,60;-0,10;7,90;94,30;107,60;3,30;3,50;95,80;-0,40;-1,10;
2026-07-10 01:24:00.0;OFF;ON;90;-3,30;-3,70;-0,20;7,80;94,40;107,60;3,20;3,50;96,60;-0,40;-1,20;
2026-07-10 01:25:00.0;OFF;ON;90;-3,70;-3,70;-0,20;7,80;94,40;107,60;3,60;3,50;94,30;-0,50;-1,20;
2026-07-10 01:26:00.0;OFF;ON;90;-3,30;-3,70;-0,20;7,80;94,30;107,60;3,10;3,50;97;-0,40;-1,20;
2026-07-10 01:27:00.0;OFF;ON;90;-3,70;-3,70;-0,20;7,80;94,30;107,60;3,50;3,50;95,20;-0,50;-1,20;
2026-07-10 01:28:00.0;OFF;ON;90;-3,90;-3,70;-0,20;7,80;94,40;107,60;3,70;3,50;93,40;-0,50;-1,20;
2026-07-10 01:29:00.0;OFF;ON;90;-3,30;-3,70;-0,20;7,70;94,30;107,60;3,10;3,50;97,30;-0,50;-1,20;
2026-07-10 01:30:00.0;OFF;ON;90;-3,40;-3,70;-0,20;7,70;94,20;107,60;3,20;3,50;97;-0,50;-1,20;
2026-07-10 01:31:00.0;OFF;ON;90;-3,70;-3,70;-0,20;7,70;94,30;107,50;3,50;3,50;94,50;-0,50;-1,20;
2026-07-10 01:32:00.0;OFF;ON;90;-3,40;-3,80;-0,30;7,70;94,30;107,50;3,10;3,50;97,30;-0,50;-1,30;
2026-07-10 01:33:00.0;OFF;ON;90;-3,90;-3,80;-0,30;7,70;94,20;107,50;3,70;3,50;94;-0,50;-1,30;
2026-07-10 01:34:00.0;OFF;ON;90;-3,80;-3,80;-0,30;7,60;94,20;107,50;3,50;3,50;95,60;-0,50;-1,30;
2026-07-10 01:35:00.0;OFF;ON;90;-3,80;-3,80;-0,30;7,60;94,30;107,50;3,50;3,50;94,90;-0,60;-1,30;
2026-07-10 01:36:00.0;OFF;ON;90;-3,40;-3,80;-0,30;7,60;94,30;107,50;3,10;3,50;98;-0,60;-1,30;
2026-07-10 01:37:00.0;OFF;ON;90;-3,80;-3,80;-0,30;7,60;94,30;107,50;3,50;3,50;96;-0,60;-1,30;
2026-07-10 01:38:00.0;OFF;ON;90;-4;-3,80;-0,30;7,50;94,20;107,50;3,60;3,50;94,80;-0,60;-1,30;
2026-07-10 01:39:00.0;OFF;ON;90;-3,90;-3,80;-0,30;7,50;94,20;107,50;3,50;3,50;96,50;-0,60;-1,30;
2026-07-10 01:40:00.0;OFF;ON;90;-3,50;-3,80;-0,30;7,50;94,30;107,50;3,10;3,50;98,70;-0,60;-1,30;
2026-07-10 01:41:00.0;OFF;ON;90;-3,80;-3,90;-0,40;7,50;94,30;107,50;3,40;3,50;97,10;-0,60;-1,30;
2026-07-10 01:42:00.0;OFF;ON;90;-3,80;-3,90;-0,40;7,50;94,30;107,50;3,40;3,50;97,10;-0,60;-1,30;
2026-07-10 01:43:00.0;OFF;ON;90;-3,80;-3,90;-0,40;7,40;94,30;107,50;3,50;3,50;96,90;-0,60;-1,30;
2026-07-10 01:44:00.0;OFF;ON;90;-3,60;-3,90;-0,40;7,40;94,30;107,50;3,20;3,50;98,30;-0,60;-1,30;
2026-07-10 01:45:00.0;OFF;ON;90;-3,50;-3,90;-0,40;7,40;94,30;107,50;3,10;3,50;99,10;-0,70;-1,30;
2026-07-10 01:46:00.0;OFF;ON;90;-3,90;-3,90;-0,40;7,40;94,30;107,50;3,50;3,50;96,40;-0,70;-1,30;
2026-07-10 01:47:00.0;OFF;ON;90;-3,50;-3,90;-0,40;7,30;94,40;107,50;3,10;3,50;98,80;-0,70;-1,30;
2026-07-10 01:48:00.0;OFF;ON;90;-3,80;-3,90;-0,40;7,30;94,40;107,50;3,40;3,50;96,70;-0,70;-1,30;
2026-07-10 01:49:00.0;OFF;ON;90;-3,50;-3,90;-0,40;7,30;94,40;107,50;3,10;3,50;98,90;-0,70;-1,30;
2026-07-10 01:50:00.0;OFF;ON;90;-3,50;-3,90;-0,40;7,30;94,40;107,50;3,10;3,50;98,80;-0,70;-1,30;
2026-07-10 01:51:00.0;OFF;ON;90;-3,90;-3,90;-0,40;7,30;94,40;107,50;3,50;3,50;96,30;-0,70;-1,30;
2026-07-10 01:52:00.0;OFF;ON;90;-3,90;-3,90;-0,40;7,20;94,40;107,50;3,50;3,50;96,50;-0,70;-1,30;
2026-07-10 01:53:00.0;OFF;ON;90;-3,50;-3,90;-0,40;7,20;94,40;107,50;3,10;3,50;98,40;-0,70;-1,30;
2026-07-10 01:54:00.0;OFF;ON;90;-3,80;-3,90;-0,40;7,20;94,40;107,50;3,40;3,50;96,60;-0,70;-1,30;
2026-07-10 01:55:00.0;OFF;ON;90;-3,80;-3,90;-0,40;7,20;94,50;107,50;3,40;3,50;96,30;-0,70;-1,30;
2026-07-10 01:56:00.0;OFF;ON;90;-3,80;-4;-0,50;7,10;94,40;107,50;3,30;3,50;97;-0,70;-1,30;
2026-07-10 01:57:00.0;OFF;ON;90;-3,80;-4;-0,50;7,10;94,50;107,50;3,30;3,50;97;-0,70;-1,30;
2026-07-10 01:58:00.0;OFF;ON;90;-3,30;-4;-0,50;7,10;94,40;107,50;2,90;3,50;99,30;-0,70;-1,30;
2026-07-10 01:59:00.0;OFF;ON;90;-3,70;-4;-0,50;7,10;94,50;107,50;3,20;3,50;97,70;-0,70;-1,30;
2026-07-10 02:00:00.0;OFF;ON;90;-3,70;-4;-0,50;7,10;94,60;107,50;3,30;3,50;97,10;-0,70;-1,40;
2026-07-10 02:01:00.0;OFF;ON;90;-3,80;-4;-0,50;7;94,50;107,50;3,30;3,50;97,30;-0,70;-1,40;
2026-07-10 02:02:00.0;OFF;ON;90;-3,80;-4;-0,50;7;94,50;107,50;3,40;3,50;96;-0,70;-1,30;
2026-07-10 02:03:00.0;OFF;ON;90;-3,50;-4;-0,50;7;94,50;107,50;3,10;3,50;98,10;-0,80;-1,30;
2026-07-10 02:04:00.0;OFF;ON;90;-3,60;-4;-0,50;7;94,60;107,50;3,20;3,50;97,80;-0,70;-1,30;
2026-07-10 02:05:00.0;OFF;ON;90;-3,20;-4;-0,50;7;94,70;107,50;2,70;3,50;100;-0,80;-1,30;
2026-07-10 02:06:00.0;OFF;ON;90;-3,50;-4;-0,50;6,90;94,60;107,50;3;3,50;98,70;-0,80;-1,30;
2026-07-10 02:07:00.0;OFF;ON;90;-3,70;-4;-0,50;6,90;94,60;107,50;3,30;3,50;96,50;-0,80;-1,40;
2026-07-10 02:08:00.0;OFF;ON;90;-3,70;-4;-0,50;6,90;94,50;107,50;3,20;3,50;97,10;-0,80;-1,40;
2026-07-10 02:09:00.0;OFF;ON;90;-3,60;-4;-0,50;6,90;94,60;107,50;3,10;3,50;98,10;-0,80;-1,30;
2026-07-10 02:10:00.0;OFF;ON;90;-3,70;-4;-0,50;6,90;94,60;107,50;3,20;3,50;96,80;-0,80;-1,40;
2026-07-10 02:11:00.0;OFF;ON;90;-3,80;-4;-0,50;6,80;94,60;107,50;3,30;3,50;96,20;-0,80;-1,30;
2026-07-10 02:12:00.0;OFF;ON;90;-3,80;-4;-0,50;6,80;94,60;107,50;3,30;3,50;96,50;-0,80;-1,40;
2026-07-10 02:13:00.0;OFF;ON;90;-3,30;-4;-0,50;6,80;94,60;107,50;2,80;3,50;99,40;-0,80;-1,40;
2026-07-10 02:14:00.0;OFF;ON;90;-3,60;-4;-0,50;6,80;94,60;107,50;3,10;3,50;97,30;-0,80;-1,40;
2026-07-10 02:15:00.0;OFF;ON;90;-3,40;-4;-0,50;6,70;94,70;107,50;2,90;3,50;98,60;-0,80;-1,40;
2026-07-10 02:16:00.0;OFF;ON;90;-3,70;-4;-0,50;6,70;94,60;107,50;3,20;3,50;96,70;-0,80;-1,40;
2026-07-10 02:17:00.0;OFF;ON;90;-3,50;-4;-0,50;6,70;94,60;107,50;2,90;3,50;98;-0,80;-1,40;
2026-07-10 02:18:00.0;OFF;ON;90;-3,50;-4;-0,50;6,70;94,70;107,50;2,90;3,50;98,40;-0,80;-1,40;
2026-07-10 02:19:00.0;OFF;ON;90;-3,60;-4;-0,60;6,60;94,60;107,50;3;3,50;97,60;-0,80;-1,40;
2026-07-10 02:20:00.0;OFF;ON;90;-3,20;-4;-0,60;6,60;94,60;107,50;2,70;3,50;99,60;-0,80;-1,40;
2026-07-10 02:21:00.0;OFF;ON;90;-3,40;-4;-0,60;6,60;94,60;107,50;2,80;3,50;99,30;-0,80;-1,40;
2026-07-10 02:22:00.0;OFF;ON;90;-3,50;-4;-0,60;6,60;94,60;107,50;3;3,50;97,40;-0,80;-1,40;
2026-07-10 02:23:00.0;OFF;ON;90;-3,30;-4;-0,60;6,60;94,60;107,50;2,70;3,50;99,40;-0,80;-1,40;
2026-07-10 02:24:00.0;OFF;ON;90;-3,60;-4;-0,60;6,50;94,60;107,50;3,10;3,50;97,80;-0,80;-1,40;
2026-07-10 02:25:00.0;OFF;ON;90;-3,30;-4;-0,60;6,50;94,70;107,50;2,70;3,50;98,90;-0,80;-1,40;
2026-07-10 02:26:00.0;OFF;ON;90;-3,60;-4;-0,60;6,50;94,60;107,50;3;3,50;97,60;-0,80;-1,40;
2026-07-10 02:27:00.0;OFF;ON;90;-3,70;-4;-0,60;6,50;94,60;107,50;3,10;3,50;97,60;-0,80;-1,40;
2026-07-10 02:28:00.0;OFF;ON;90;-3,70;-4;-0,60;6,50;94,70;107,50;3,10;3,50;96,30;-0,80;-1,40;
2026-07-10 02:29:00.0;OFF;ON;90;-3,60;-4;-0,60;6,40;94,60;107,50;3,10;3,50;97,40;-0,90;-1,40;
2026-07-10 02:30:00.0;OFF;ON;90;-3,20;-4;-0,60;6,40;94,60;107,50;2,60;3,50;100;-0,90;-1,40;
2026-07-10 02:31:00.0;OFF;ON;90;-3,70;-4;-0,60;6,40;94,60;107,50;3,10;3,50;97,10;-0,90;-1,40;
2026-07-10 02:32:00.0;OFF;ON;90;-3,30;-4;-0,60;6,40;94,60;107,50;2,70;3,50;99,60;-0,90;-1,40;
2026-07-10 02:33:00.0;OFF;ON;90;-3,80;-4;-0,60;6,30;94,50;107,50;3,20;3,50;95,90;-0,90;-1,40;
2026-07-10 02:34:00.0;OFF;ON;90;-3,20;-4;-0,60;6,30;94,60;107,50;2,60;3,50;100;-0,90;-1,40;
2026-07-10 02:35:00.0;OFF;ON;90;-3,80;-4;-0,60;6,30;94,60;108,30;3,20;3,50;96,30;-0,90;-1,40;
2026-07-10 02:36:00.0;OFF;ON;90;-3,50;-3,90;-0,50;5,30;94,60;2,60;2,90;3,50;98,50;-0,90;-1,40;
2026-07-10 02:37:00.0;OFF;ON;50;-3,50;-4;-0,60;5,50;94,70;0;3;3,50;98;-0,90;-1,90;
2026-07-10 02:38:00.0;OFF;ON;50;-3,70;-4;-0,60;5,50;94,50;0;3,10;3,50;97,50;-1;-2,10;
2026-07-10 02:39:00.0;OFF;ON;50;-3,50;-4;-0,60;5,40;94,30;0;2,90;3,50;98,90;-1,10;-2,20;
2026-07-10 02:40:00.0;OFF;ON;50;-3,60;-4;-0,70;5,40;94,20;0;2,90;3,50;98,80;-1,10;-2,20;
2026-07-10 02:41:00.0;OFF;ON;50;-3,50;-4;-0,70;5,40;93,90;0;2,80;3,50;99,60;-1,20;-2,30;
2026-07-10 02:42:00.0;OFF;ON;50;-4,10;-4;-0,80;5,40;93,70;0;3,40;3,50;96;-1,20;-2,30;
2026-07-10 02:43:00.0;OFF;ON;50;-3,60;-4;-0,80;5,30;93,70;0;2,80;3,50;99,50;-1,20;-2,40;
2026-07-10 02:44:00.0;OFF;ON;50;-4,10;-4;-0,80;5,30;93,50;0;3,30;3,50;96,60;-1,30;-2,40;
2026-07-10 02:45:00.0;OFF;ON;50;-4;-4;-0,80;5,30;93,50;0;3,20;3,50;97,30;-1,30;-2,40;
2026-07-10 02:46:00.0;OFF;ON;50;-3,60;-4;-0,80;5,30;93,50;0;2,70;3,50;100;-1,30;-2,50;
2026-07-10 02:47:00.0;OFF;ON;50;-3,70;-4;-0,80;5,20;93,40;0;2,90;3,50;99,20;-1,30;-2,50;
2026-07-10 02:48:00.0;OFF;ON;50;-4,20;-4;-0,90;5,20;93,50;0;3,30;3,50;95,80;-1,40;-2,50;
2026-07-10 02:49:00.0;OFF;ON;50;-3,80;-4;-0,90;5,20;93,40;0;2,90;3,50;97,50;-1,40;-2,50;
2026-07-10 02:50:00.0;OFF;ON;50;-3,90;-3,90;-0,90;5,20;93,50;0;3;3,50;97,30;-1,40;-2,50;
2026-07-10 02:51:00.0;OFF;ON;50;-4;-3,90;-1;5,10;93,30;0;3;3,50;96,50;-1,40;-2,50;
2026-07-10 02:52:00.0;OFF;ON;50;-3,90;-3,90;-1;5,10;93,10;0;2,90;3,50;97,50;-1,40;-2,50;
2026-07-10 02:53:00.0;OFF;ON;50;-3,80;-3,80;-1,10;5,10;93;0;2,70;3,50;97,10;-1,40;-2,50;
2026-07-10 02:54:00.0;OFF;ON;50;-4,20;-3,80;-1,10;5,10;93;0;3,20;3,50;93,70;-1,40;-2,50;
2026-07-10 02:55:00.0;OFF;ON;50;-3,90;-3,60;-1;5;93,10;0;2,90;3,50;94,40;-1,40;-2,60;
2026-07-10 02:56:00.0;OFF;ON;50;-3,90;-3,60;-1;5;93,10;0;2,90;3,50;93,60;-1,40;-2,60;
2026-07-10 02:57:00.0;OFF;ON;50;-4,10;-3,50;-1;5;93,30;0;3;3,50;91,60;-1,40;-2,60;
2026-07-10 02:58:00.0;OFF;ON;50;-4,20;-3,40;-1;5;93,30;0;3,20;3,50;88,80;-1,40;-2,50;
2026-07-10 02:59:00.0;OFF;ON;50;-3,90;-3,30;-0,90;5;93,30;0;3;3,50;88,40;-1,40;-2,50;
2026-07-10 03:00:00.0;OFF;ON;50;-3,30;-3,20;-0,90;4,90;93,40;0;2,30;3,50;91,80;-1,40;-2,50;
2026-07-10 03:01:00.0;OFF;ON;50;-3,50;-3;-0,90;4,90;93,50;0;2,60;3,50;88,50;-1,40;-2,30;
2026-07-10 03:02:00.0;OFF;ON;50;-3,50;-2,90;-0,80;4,90;93,80;0;2,70;3,50;86;-1,40;-2,30;
2026-07-10 03:03:00.0;OFF;ON;50;-3,40;-2,80;-0,80;4,90;93,90;0;2,50;3,50;85,60;-1,30;-2,30;
2026-07-10 03:04:00.0;OFF;ON;50;-3,40;-2,70;-0,80;4,90;94,10;0;2,60;3,50;82,90;-1,30;-2,20;
2026-07-10 03:05:00.0;OFF;ON;50;-3,40;-2,60;-0,80;4,80;94,10;0;2,60;3,50;81,60;-1,30;-2,20;
2026-07-10 03:06:00.0;OFF;ON;50;-3,40;-2,50;-0,80;4,80;94,20;0;2,50;3,50;78,50;-1,30;-2,20;
2026-07-10 03:07:00.0;OFF;ON;50;-3,70;-2,40;-0,90;4,80;94,20;0;2,80;3,50;75;-1,30;-2,20;
2026-07-10 03:08:00.0;OFF;ON;50;-3,70;-2,30;-0,90;4,80;94;0;2,70;3,50;71;-1,30;-2,20;
2026-07-10 03:09:00.0;OFF;ON;50;-3,60;-2,20;-0,90;4,70;94;0;2,70;3,50;69,10;-1,30;-2,20;
2026-07-10 03:10:00.0;OFF;ON;50;-2,90;-2;-0,90;4,70;93,90;0;2;3,50;68;-1,30;-2,10;
2026-07-10 03:11:00.0;OFF;ON;50;-3;-2;-0,90;4,70;93,90;0;2,10;3,50;66,10;-1,30;-2,20;
2026-07-10 03:12:00.0;OFF;ON;50;-3;-1,80;-0,90;4,70;93,90;0;2,10;3,50;61,90;-1,30;-2;
2026-07-10 03:13:00.0;OFF;ON;50;-2,90;-1,60;-0,80;4,70;94,10;0;2,10;3,50;59,80;-1,30;-2;
2026-07-10 03:14:00.0;OFF;ON;50;-2,60;-1,50;-0,80;4,70;94,20;0;1,80;3,50;59,20;-1,20;-1,90;
2026-07-10 03:15:00.0;OFF;ON;50;-2,30;-1,30;-0,70;4,60;94,50;0;1,60;3,50;56,20;-1,10;-1,80;
2026-07-10 03:16:00.0;OFF;ON;50;-2,50;-1,20;-0,70;4,60;94,60;0;1,70;3,50;53,20;-1,10;-1,70;
2026-07-10 03:17:00.0;OFF;ON;50;-2,10;-1;-0,60;4,60;94,70;0;1,50;3,50;49,60;-1,10;-1,60;
2026-07-10 03:18:00.0;OFF;ON;50;-1,90;-0,70;-0,60;4,60;95,10;0;1,30;3,50;48,30;-1;-1,50;
2026-07-10 03:19:00.0;OFF;ON;50;-1,90;-0,60;-0,60;4,60;95,20;0;1,40;3,50;45,90;-1;-1,40;
2026-07-10 03:20:00.0;OFF;ON;50;-1,50;-0,30;-0,50;4,50;95,40;0;1,10;3,50;43,70;-0,90;-1,30;
2026-07-10 03:21:00.0;OFF;ON;50;-1,30;-0,10;-0,40;4,50;95,60;0;0,90;3,50;40,70;-0,80;-1,10;
2026-07-10 03:22:00.0;OFF;ON;50;-1,10;0,20;-0,30;4,50;95,80;0;0,80;3,50;37,70;-0,70;-1;
2026-07-10 03:23:00.0;OFF;ON;50;-1;0,30;-0,30;4,50;95,90;0;0,70;3,50;36,20;-0,70;-0,90;
2026-07-10 03:24:00.0;OFF;ON;50;-0,80;0,60;-0,20;4,50;96,30;0;0,60;3,50;31,60;-0,60;-0,70;
2026-07-10 03:25:00.0;OFF;ON;50;-0,70;0,70;-0,20;4,50;96,50;0;0,50;3,50;29,70;-0,60;-0,60;
2026-07-10 03:26:00.0;OFF;ON;50;-0,50;0,90;-0,20;4,40;96,60;0;0,30;3,50;26,60;-0,50;-0,40;
2026-07-10 03:27:00.0;OFF;ON;50;-0,30;1,20;-0,10;4,40;96,70;0;0,20;3,50;23;-0,40;-0,30;
2026-07-10 03:28:00.0;OFF;ON;50;-0,20;1,40;0;4,40;96,90;0;0,20;3,50;20;-0,30;-0,20;
2026-07-10 03:29:00.0;OFF;ON;50;-0,10;1,70;0,10;4,40;97;0;0,20;3,50;20;-0,30;-0,10;
2026-07-10 03:30:00.0;OFF;ON;50;0;2,70;0,20;1,90;97,20;0;0,20;3,50;20;-0,20;0;
2026-07-10 03:31:00.0;OFF;ON;50;0;2,70;0,20;-0,40;97,40;0;0,20;3,50;20;-0,10;0,10;
2026-07-10 03:32:00.0;OFF;ON;50;0,10;2,80;0,30;-1,40;97,50;3,50;0,20;3,50;20;-0,10;0,20;
2026-07-10 03:33:00.0;OFF;ON;50;0,30;0,10;0,30;4,30;97,60;61,40;0;3,50;21,30;-0,10;0,20;
2026-07-10 03:34:00.0;OFF;ON;50;0,40;0,10;0,30;4,70;97,60;61,80;-0,10;3,50;22,20;0;0,30;
2026-07-10 03:35:00.0;OFF;ON;50;0,40;0,10;0,30;4,70;97,60;61,70;-0,10;3,50;22,10;0;0,30;
2026-07-10 03:36:00.0;OFF;ON;50;0,30;0,20;0,30;4,80;97,60;61,50;0;3,50;21,40;0;0,30;
2026-07-10 03:37:00.0;OFF;ON;50;0,20;0,30;0,30;4,80;97,60;61,50;0,10;3,50;20;0;0,30;
2026-07-10 03:38:00.0;OFF;ON;50;0,20;0,50;0,30;4,80;97,50;61,50;0,10;3,50;20;0;0,30;
2026-07-10 03:39:00.0;OFF;ON;50;0,10;0,50;0,30;4,80;97,50;61,30;0,20;3,50;20;0;0,30;
2026-07-10 03:40:00.0;OFF;ON;50;0,20;0,70;0,30;4,80;97,40;61,40;0,10;3,50;20;0;0,30;
2026-07-10 03:41:00.0;OFF;ON;50;0,30;0,80;0,30;4,80;97,40;61,40;0;3,50;20;0;0,30;
2026-07-10 03:42:00.0;OFF;ON;50;0,30;0,90;0,30;4,70;97,30;61,40;0;3,50;20;0;0,30;
2026-07-10 03:43:00.0;OFF;ON;50;0,40;1;0,30;4,70;97,20;61,40;0;3,50;20;0;0,30;
2026-07-10 03:44:00.0;OFF;ON;50;0,40;1,20;0,40;4,70;97,20;61,30;0;3,50;20;0,10;0,30;
2026-07-10 03:45:00.0;OFF;ON;50;0,40;1,30;0,40;4,70;97,20;61,40;0;3,50;20;0,10;0,30;
2026-07-10 03:46:00.0;OFF;ON;50;0,40;1,40;0,40;4,70;97,20;61,40;0;3,50;20;0,10;0,30;
2026-07-10 03:47:00.0;OFF;ON;50;0,30;1,60;0,40;4,70;97,10;61,30;0,10;3,50;20;0,10;0,30;
2026-07-10 03:48:00.0;OFF;ON;50;0,20;1,70;0,40;4,70;97,10;61,20;0,10;3,50;20;0,10;0,30;
2026-07-10 03:49:00.0;OFF;ON;50;0,30;1,80;0,40;4,70;97;61,30;0,10;3,50;20;0,10;0,30;
2026-07-10 03:50:00.0;OFF;ON;50;0,30;1,90;0,40;4,70;97;61,30;0;3,50;20;0,10;0,30;
2026-07-10 03:51:00.0;OFF;ON;50;0,20;2,10;0,40;4,60;97;61,30;0,20;3,50;20;0,10;0,30;
2026-07-10 03:52:00.0;OFF;ON;50;0,40;2,20;0,40;4,60;97;61,20;0;3,50;20;0,10;0,30;
2026-07-10 03:53:00.0;OFF;ON;50;0,40;2,30;0,40;4,60;97;61,30;0;3,50;20;0,10;0,30;
2026-07-10 03:54:00.0;OFF;ON;50;0,20;2,50;0,40;4,60;96,90;61,20;0,20;3,50;20;0,10;0,30;
2026-07-10 03:55:00.0;OFF;ON;50;0,40;2,60;0,40;4,60;96,90;61,40;0;3,50;20;0,10;0,30;
2026-07-10 03:56:00.0;OFF;ON;50;0,50;2,80;0,40;4,60;96,80;61,20;0;3,50;20;0,10;0,30;
2026-07-10 03:57:00.0;OFF;ON;50;0,40;2,90;0,40;4,60;96,80;61,20;0;3,50;20;0,10;0,30;
2026-07-10 03:58:00.0;OFF;ON;50;0,40;2,90;0,40;4,50;96,80;61,20;0,10;3,50;20;0,10;0,30;
2026-07-10 03:59:00.0;OFF;ON;50;0,30;2,90;0,40;4,50;96,80;61,20;0,10;3,50;20;0,10;0,30;
2026-07-10 04:00:00.0;OFF;ON;50;0,40;2,90;0,40;4,50;96,80;61,20;0;3,50;20;0,10;0,30;
2026-07-10 04:01:00.0;OFF;ON;50;0,40;2,90;0,40;4,50;96,80;61,20;0,10;3,50;20;0,20;0,30;
2026-07-10 04:02:00.0;OFF;ON;50;0,20;2,90;0,40;4,50;96,70;61,10;0,20;3,50;20;0,20;0,30;
2026-07-10 04:03:00.0;OFF;ON;50;0,40;2,90;0,40;4,50;96,70;61,40;0,10;3,50;20;0,20;0,30;
2026-07-10 04:04:00.0;OFF;ON;50;0,50;3;0,50;4,50;96,70;61,20;0;3,50;20;0,20;0,30;
2026-07-10 04:05:00.0;OFF;ON;50;0,60;3;0,50;4,50;96,70;62,20;-0,10;3,50;20;0,20;0,30;
2026-07-10 04:06:00.0;OFF;ON;50;0,40;3;0,50;4,40;96,70;61,50;0,10;3,50;20;0,20;0,30;
2026-07-10 04:07:00.0;OFF;ON;50;0,60;3;0,50;4,40;96,70;61,80;-0,10;3,50;20;0,20;0,30;
2026-07-10 04:08:00.0;OFF;ON;50;0,50;3;0,50;4,40;96,70;61,40;0,10;3,50;20;0,20;0,30;
2026-07-10 04:09:00.0;OFF;ON;50;0,50;3;0,50;4,40;96,70;61,90;0,10;3,50;20;0,20;0,30;
2026-07-10 04:10:00.0;OFF;ON;50;0,50;3;0,50;4,40;96,70;61,60;0;3,50;20;0,20;0,30;
2026-07-10 04:11:00.0;OFF;ON;50;0,40;3;0,50;4,40;96,70;62,10;0,10;3,50;20;0,20;0,30;
2026-07-10 04:12:00.0;OFF;ON;50;0,30;3;0,50;4,30;96,70;62;0,20;3,50;20;0,20;0,30;
2026-07-10 04:13:00.0;OFF;ON;50;0,50;3;0,50;4,30;96,70;61,90;0;3,50;20;0,20;0,30;
2026-07-10 04:14:00.0;OFF;ON;50;0,50;3;0,50;4,30;96,70;62;0;3,50;20;0,20;0,30;
2026-07-10 04:15:00.0;OFF;ON;50;0,60;3;0,50;4,30;96,60;61,90;-0,10;3,50;20;0,20;0,30;
2026-07-10 04:16:00.0;OFF;ON;50;0,50;3;0,50;4,30;96,60;61,60;0;3,50;20;0,20;0,30;
2026-07-10 04:17:00.0;OFF;ON;50;0,60;3;0,50;4,30;96,60;62,20;-0,10;3,50;20;0,20;0,30;
2026-07-10 04:18:00.0;OFF;ON;50;0,60;3;0,50;4,30;96,60;62,20;-0,10;3,50;20;0,20;0,30;
2026-07-10 04:19:00.0;OFF;ON;50;0,60;3;0,50;4,20;96,60;62;-0,10;3,50;20;0,20;0,30;
2026-07-10 04:20:00.0;OFF;ON;50;0,60;3;0,50;4,20;96,60;62,10;-0,20;3,50;20;0,20;0,30;
2026-07-10 04:21:00.0;OFF;ON;50;0,50;3;0,50;4,20;96,60;62,10;0;3,50;20;0,20;0,30;
2026-07-10 04:22:00.0;OFF;ON;50;0,50;3;0,50;4,20;96,60;62,10;-0,10;3,50;20;0,20;0,30;
2026-07-10 04:23:00.0;OFF;ON;50;0,60;3;0,50;4,20;96,50;62,10;-0,10;3,50;20;0,20;0,30;
2026-07-10 04:24:00.0;OFF;ON;50;0,70;3;0,50;4,20;96,60;62;-0,20;3,50;20;0,20;0,30;
2026-07-10 04:25:00.0;OFF;ON;50;0,70;3;0,50;4,10;96,60;62;-0,20;3,50;20;0,20;0,30;
2026-07-10 04:26:00.0;OFF;ON;50;0,70;3;0,50;4,10;96,60;61,90;-0,20;3,50;20;0,20;0,30;
2026-07-10 04:27:00.0;OFF;ON;50;0,70;3;0,50;4,10;96,60;62;-0,20;3,50;20;0,20;0,30;
2026-07-10 04:28:00.0;OFF;ON;50;0,60;3;0,50;4,10;96,60;61,90;-0,10;3,50;20;0,30;0,30;
2026-07-10 04:29:00.0;OFF;ON;50;0,80;3;0,50;4,10;96,60;62;-0,30;3,50;20;0,20;0,30;
2026-07-10 04:30:00.0;OFF;ON;50;0,70;3;0,50;4,10;96,60;61,90;-0,10;3,50;20;0,30;0,30;
2026-07-10 04:31:00.0;OFF;ON;50;0,70;3;0,50;4,10;96,60;61,40;-0,20;3,50;20;0,30;0,30;
2026-07-10 04:32:00.0;OFF;ON;50;0,70;3;0,50;4;96,60;61,10;-0,20;3,50;20;0,30;0,40;
2026-07-10 04:33:00.0;OFF;ON;50;0,90;3;0,50;4;96,60;61,20;-0,40;3,50;20;0,30;0,40;
2026-07-10 04:34:00.0;OFF;ON;50;0,80;3;0,50;4;96,70;61,10;-0,20;3,50;20;0,30;0,40;
2026-07-10 04:35:00.0;OFF;ON;50;0,70;3;0,50;4;96,60;61,20;-0,20;3,50;20;0,30;0,40;
2026-07-10 04:36:00.0;OFF;ON;50;0,90;3,10;0,60;4;96,60;61,10;-0,30;3,50;20;0,30;0,40;
2026-07-10 04:37:00.0;OFF;ON;50;0,90;3,10;0,60;4;96,70;61,20;-0,40;3,50;20;0,30;0,40;
2026-07-10 04:38:00.0;OFF;ON;50;1;3,10;0,60;4;96,70;61,20;-0,40;3,50;20;0,30;0,40;
2026-07-10 04:39:00.0;OFF;ON;50;1;3,20;0,70;3,90;96,70;61,20;-0,30;3,50;20;0,40;0,40;
2026-07-10 04:40:00.0;OFF;ON;50;1;3,20;0,70;3,90;96,70;61,10;-0,30;3,50;20;0,40;0,50;
2026-07-10 04:41:00.0;OFF;ON;50;1,10;3,20;0,70;3,90;96,70;61,20;-0,40;3,50;20;0,40;0,50;
2026-07-10 04:42:00.0;OFF;ON;50;1,10;3,20;0,70;3,90;96,80;61,10;-0,40;3,50;20;0,50;0,50;
2026-07-10 04:43:00.0;OFF;ON;50;1,10;3,20;0,70;3,90;96,90;61,20;-0,30;3,50;20;0,50;0,50;
2026-07-10 04:44:00.0;OFF;ON;50;1,10;3,30;0,80;3,90;96,90;61,20;-0,40;3,50;20;0,50;0,60;
2026-07-10 04:45:00.0;OFF;ON;50;1,20;3,30;0,80;3,90;97;61,20;-0,40;3,50;20;0,50;0,60;
2026-07-10 04:46:00.0;OFF;ON;50;1,20;3,30;0,80;3,80;97,10;61,20;-0,40;3,50;20;0,60;0,70;
2026-07-10 04:47:00.0;OFF;ON;50;1,30;3,40;0,90;3,80;97,20;61,20;-0,40;3,50;20;0,60;0,80;
2026-07-10 04:48:00.0;OFF;ON;50;1,30;3,40;0,90;3,80;97,20;61,20;-0,30;3,50;20;0,70;0,90;
2026-07-10 04:49:00.0;OFF;ON;50;1,40;3,50;1;3,80;97,40;61,20;-0,50;3,50;20;0,70;1;
2026-07-10 04:50:00.0;OFF;ON;50;1,50;3,60;1,10;3,80;97,50;61,10;-0,40;3,50;20;0,80;1,30;
2026-07-10 04:51:00.0;OFF;ON;50;1,50;3,60;1,10;3,80;97,70;61,10;-0,40;3,50;20;0,90;1,40;
2026-07-10 04:52:00.0;OFF;ON;50;1,70;3,70;1,20;3,80;97,80;61,10;-0,50;3,50;20;0,90;1,50;
2026-07-10 04:53:00.0;OFF;ON;50;1,60;3,70;1,20;3,70;97,90;61,10;-0,40;3,50;20;1;1,60;
2026-07-10 04:54:00.0;OFF;ON;50;1,70;3,80;1,30;3,70;98;61,10;-0,40;3,50;20;1;1,60;
2026-07-10 04:55:00.0;OFF;ON;50;1,70;3,80;1,30;3,70;98;61,10;-0,40;3,50;20;1,10;1,70;
2026-07-10 04:56:00.0;OFF;ON;50;1,90;3,90;1,40;3,70;98;61,10;-0,50;3,50;20;1,10;1,70;
2026-07-10 04:57:00.0;OFF;ON;50;1,90;3,90;1,40;3,70;98,10;61;-0,50;3,50;20;1,20;1,80;
2026-07-10 04:58:00.0;OFF;ON;50;1,90;4;1,50;3,70;98,10;61;-0,50;3,50;20;1,20;1,90;
2026-07-10 04:59:00.0;OFF;ON;50;2;4;1,50;3,70;98,20;61,10;-0,60;3,50;20;1,30;1,90;
2026-07-10 05:00:00.0;OFF;ON;50;1,90;4;1,50;3,60;98,20;61,10;-0,40;3,50;20;1,30;1,90;
2026-07-10 05:01:00.0;OFF;ON;50;2,10;4,10;1,60;3,60;98,20;61,10;-0,60;3,50;20;1,30;2;
2026-07-10 05:02:00.0;OFF;ON;50;2,10;4,10;1,60;3,60;98,20;61,10;-0,50;3,50;20;1,40;2;
2026-07-10 05:03:00.0;OFF;ON;50;2,20;4,10;1,60;3,60;98,20;61;-0,50;3,50;20;1,40;2,10;
2026-07-10 05:04:00.0;OFF;ON;50;2,10;4,20;1,70;3,60;98,20;61;-0,50;3,50;20;1,40;2,10;
2026-07-10 05:05:00.0;OFF;ON;50;2,30;4,20;1,70;3,60;98,20;61,10;-0,60;3,50;20;1,40;2,10;
2026-07-10 05:06:00.0;OFF;ON;50;2,20;4,20;1,70;3,60;98,20;61,10;-0,50;3,50;20;1,50;2,20;
2026-07-10 05:07:00.0;OFF;ON;50;2,20;4,30;1,80;3,50;98,20;61,20;-0,50;3,50;20;1,50;2,20;
2026-07-10 05:08:00.0;OFF;ON;50;2,30;4,30;1,80;3,50;98,20;61,10;-0,50;3,50;20;1,50;2,20;
2026-07-10 05:09:00.0;OFF;ON;50;2,30;4,30;1,80;3,50;98,20;61;-0,50;3,50;20;1,60;2,20;
2026-07-10 05:10:00.0;OFF;ON;50;2,30;4,30;1,80;3,50;98,20;61,30;-0,50;3,50;20;1,60;2,30;
2026-07-10 05:11:00.0;OFF;ON;50;2,50;4,40;1,90;3,50;98,20;61,30;-0,60;3,50;20;1,60;2,30;
2026-07-10 05:12:00.0;OFF;ON;50;2,50;4,40;1,90;3,50;98,20;61,40;-0,60;3,50;20;1,60;2,30;
2026-07-10 05:13:00.0;OFF;ON;50;2,40;4,40;1,90;3,50;98,20;61,40;-0,50;3,50;20;1,70;2,40;
2026-07-10 05:14:00.0;OFF;ON;50;2,50;4,50;2;3,50;98,20;61,90;-0,50;3,50;20;1,70;2,40;
2026-07-10 05:15:00.0;OFF;ON;50;2,50;4,50;2;3,50;98,20;61,80;-0,60;3,50;20;1,70;2,40;
2026-07-10 05:16:00.0;OFF;ON;50;2,50;3,50;2;3,40;98,20;61,50;-0,50;3,50;20;1,80;2,40;
2026-07-10 05:17:00.0;OFF;ON;50;2,70;3,60;2,10;3,40;98,20;61,40;-0,70;4,50;20;1,80;2,50;
2026-07-10 05:18:00.0;OFF;ON;50;2,60;3,60;2,10;3,40;98,20;61,40;-0,50;4,50;20;1,80;2,50;
2026-07-10 05:19:00.0;OFF;ON;50;2,70;3,60;2,10;3,40;98,20;61,80;-0,60;4,50;20;1,80;2,50;
2026-07-10 05:20:00.0;OFF;ON;50;2,60;3,60;2,10;3,40;98,20;62,40;-0,50;4,50;20;1,90;2,60;
2026-07-10 05:21:00.0;OFF;ON;50;2,70;3,60;2,10;3,40;98,20;62,10;-0,60;4,50;20;1,90;2,60;
2026-07-10 05:22:00.0;OFF;ON;50;2,80;3,70;2,20;3,40;98,20;61,90;-0,60;4,50;20;1,90;2,60;
2026-07-10 05:23:00.0;OFF;ON;50;2,70;3,70;2,20;3,40;98,20;61,20;-0,50;4,50;20;1,90;2,60;
2026-07-10 05:24:00.0;OFF;ON;50;2,80;3,70;2,20;3,30;98,20;61,40;-0,50;4,50;20;2;2,70;
2026-07-10 05:25:00.0;OFF;ON;50;2,80;3,70;2,20;3,30;98,20;61,40;-0,50;4,50;20;2;2,70;
2026-07-10 05:26:00.0;OFF;ON;50;2,90;3,70;2,20;3,30;98,20;61,20;-0,60;4,50;20;2;2,70;
2026-07-10 05:27:00.0;OFF;ON;50;2,80;3,70;2,20;3,30;98,20;61,30;-0,50;4,50;20;2;2,70;
2026-07-10 05:28:00.0;OFF;ON;50;2,80;3,80;2,30;3,30;98,20;61,20;-0,60;4,50;20;2;2,70;
2026-07-10 05:29:00.0;OFF;ON;50;2,80;3,80;2,30;3,30;98,20;61,30;-0,60;4,50;20;2;2,70;
2026-07-10 05:30:00.0;OFF;ON;50;2,90;3,80;2,30;3,30;98,20;61,20;-0,60;4,50;20;2;2,70;
2026-07-10 05:31:00.0;OFF;ON;50;2,80;3,80;2,30;3,30;98,20;61,20;-0,50;4,50;20;2,10;2,80;
2026-07-10 05:32:00.0;OFF;ON;50;2,80;3,80;2,30;3,20;98,20;61,20;-0,50;4,50;20;2,10;2,80;
2026-07-10 05:33:00.0;OFF;ON;50;2,80;3,80;2,30;3,20;98,20;61,20;-0,50;4,50;20;2,10;2,80;
2026-07-10 05:34:00.0;OFF;ON;50;2,80;3,80;2,30;3,20;98,20;61,20;-0,50;4,50;20;2,10;2,80;
2026-07-10 05:35:00.0;OFF;ON;50;2,90;3,80;2,30;3,20;98,20;61,10;-0,60;4,50;20;2,10;2,80;
2026-07-10 05:36:00.0;OFF;ON;50;3;3,80;2,30;3,20;98,20;61,10;-0,60;4,50;20;2,10;2,80;
2026-07-10 05:37:00.0;OFF;ON;50;3;3,80;2,30;3,20;98,20;61,10;-0,60;4,50;20;2,10;2,80;
2026-07-10 05:38:00.0;OFF;ON;50;2,90;3,90;2,40;3,20;98,20;61,10;-0,50;4,50;20;2,20;2,80;
2026-07-10 05:39:00.0;OFF;ON;50;3;3,90;2,40;3,20;98,20;61,20;-0,60;4,50;20;2,20;2,80;
2026-07-10 05:40:00.0;OFF;ON;50;3;3,90;2,40;3,20;98,20;61,10;-0,60;4,50;20;2,20;2,80;
2026-07-10 05:41:00.0;OFF;ON;50;2,90;3,90;2,40;3,20;98,20;61,10;-0,50;4,50;20;2,20;2,90;
2026-07-10 05:42:00.0;OFF;ON;50;2,90;3,90;2,40;3,20;98,20;61,40;-0,50;4,50;20;2,20;2,90;
2026-07-10 05:43:00.0;OFF;ON;50;3,10;4;2,50;3,10;98,20;61,20;-0,60;4,50;20;2,20;2,90;
2026-07-10 05:44:00.0;OFF;ON;50;3;4;2,50;3,10;98,20;61,20;-0,50;4,50;20;2,20;2,90;
2026-07-10 05:45:00.0;OFF;ON;50;3,20;4;2,50;3,10;98,20;61,20;-0,60;4,50;20;2,20;2,90;
2026-07-10 05:46:00.0;OFF;ON;50;3,10;4;2,50;3,10;98,20;61,20;-0,60;4,50;20;2,30;3;
2026-07-10 05:47:00.0;OFF;ON;50;3,10;4,10;2,60;3,10;98,20;61,10;-0,50;4,50;20;2,30;3;
2026-07-10 05:48:00.0;OFF;ON;50;3,20;4,10;2,60;3,10;98,20;61,20;-0,60;4,50;20;2,30;3;
2026-07-10 05:49:00.0;OFF;ON;50;3,10;4,10;2,60;3,10;98,20;61,20;-0,60;4,50;20;2,30;3;
2026-07-10 05:50:00.0;OFF;ON;50;3,20;4,10;2,60;3,10;98,20;61,20;-0,60;4,50;20;2,30;3;
2026-07-10 05:51:00.0;OFF;ON;50;3,20;4,10;2,60;3,10;98,20;61,20;-0,60;4,50;20;2,40;3;
2026-07-10 05:52:00.0;OFF;ON;50;3,10;4,10;2,60;3,10;98,20;61,10;-0,50;4,50;20;2,40;3;
2026-07-10 05:53:00.0;OFF;ON;50;3,20;4,10;2,60;3;98,20;61,20;-0,50;4,50;20;2,40;3,10;
2026-07-10 05:54:00.0;OFF;ON;50;3,30;4,10;2,60;3;98,20;61,20;-0,60;4,50;20;2,40;3,10;
2026-07-10 05:55:00.0;OFF;ON;50;3,30;4,20;2,70;3;98,20;61,10;-0,60;4,50;20;2,40;3,10;
2026-07-10 05:56:00.0;OFF;ON;50;3,30;4,20;2,70;3;98,20;61,20;-0,60;4,50;20;2,40;3,10;
2026-07-10 05:57:00.0;OFF;ON;50;3,20;4,20;2,70;3;98,20;60,70;-0,50;4,50;20;2,40;3,10;
2026-07-10 05:58:00.0;OFF;ON;50;3,20;4,20;2,70;3;98,10;60,60;-0,50;4,50;20;2,50;3,10;
2026-07-10 05:59:00.0;OFF;ON;50;3,20;4,20;2,70;3;98,10;60,60;-0,50;4,50;20;2,50;3,10;
2026-07-10 06:00:00.0;OFF;ON;50;3,20;4,20;2,70;3;98,20;60,80;-0,50;4,50;20;2,50;3,10;
2026-07-10 06:01:00.0;OFF;ON;50;3,40;4,20;2,70;3;98,20;60,80;-0,60;4,50;20;2,50;3,20;
2026-07-10 06:02:00.0;OFF;ON;50;3,40;4,20;2,70;3;98,20;60,70;-0,60;4,50;20;2,50;3,20;
2026-07-10 06:03:00.0;OFF;ON;50;3,40;4,30;2,80;3;98,20;60,80;-0,70;4,50;20;2,50;3,20;
2026-07-10 06:04:00.0;OFF;ON;50;3,30;4,30;2,80;3;98,20;61,50;-0,60;4,50;20;2,50;3,20;
2026-07-10 06:05:00.0;OFF;ON;50;3,30;4,30;2,80;2,90;98,20;61,70;-0,50;4,50;20;2,60;3,20;
2026-07-10 06:06:00.0;OFF;ON;50;3,30;4,30;2,80;2,90;98,20;61,70;-0,50;4,50;20;2,60;3,30;
2026-07-10 06:07:00.0;OFF;ON;50;3,40;4,30;2,80;2,90;98,20;61,60;-0,50;4,50;20;2,60;3,30;
2026-07-10 06:08:00.0;OFF;ON;50;3,40;4,30;2,80;2,90;98,20;61,60;-0,50;4,50;20;2,60;3,30;
2026-07-10 06:09:00.0;OFF;ON;50;3,10;4,30;2,80;2,90;98,20;61,30;-0,30;4,50;20;2,60;3,20;
2026-07-10 06:10:00.0;OFF;ON;50;3,20;4,30;2,80;2,90;98,20;60,70;-0,40;4,50;20;2,60;3,20;
2026-07-10 06:11:00.0;OFF;ON;50;3,30;4,30;2,80;2,90;98,20;61,50;-0,50;4,50;20;2,60;3,20;
2026-07-10 06:12:00.0;OFF;ON;50;3,30;4,30;2,80;2,90;98,20;61,50;-0,50;4,50;20;2,60;3,20;
2026-07-10 06:13:00.0;OFF;ON;50;3,30;4,30;2,80;2,90;98,20;61,20;-0,50;4,50;20;2,60;3,20;
2026-07-10 06:14:00.0;OFF;ON;50;3,30;4,30;2,80;2,90;98,20;61,40;-0,50;4,50;20;2,60;3,20;
2026-07-10 06:15:00.0;OFF;ON;50;3,40;4,30;2,80;2,90;98,20;61,10;-0,60;4,50;20;2,60;3,20;
2026-07-10 06:16:00.0;OFF;ON;50;3,30;4,30;2,80;2,90;98,20;60,80;-0,50;4,50;20;2,60;3,30;
2026-07-10 06:17:00.0;OFF;ON;50;3,30;4,30;2,80;2,90;98,20;61;-0,50;4,50;20;2,60;3,30;
2026-07-10 06:18:00.0;OFF;ON;50;3,20;4,30;2,80;2,90;98,20;60,90;-0,40;4,50;20;2,60;3,30;
2026-07-10 06:19:00.0;OFF;ON;50;3,30;4,30;2,80;2,90;98,20;60,90;-0,40;4,50;20;2,60;3,20;
2026-07-10 06:20:00.0;OFF;ON;50;3,10;4,30;2,80;2,80;98,20;60,90;-0,20;4,50;20;2,60;3,20;
2026-07-10 06:21:00.0;OFF;ON;50;3,20;4,30;2,80;2,80;98,20;60,90;-0,40;4,50;20;2,60;3,20;
2026-07-10 06:22:00.0;OFF;ON;50;3,10;4,30;2,80;2,80;98,20;60,90;-0,30;4,50;20;2,60;3,20;
2026-07-10 06:23:00.0;OFF;ON;50;3,30;4,30;2,80;2,80;98,20;60,90;-0,50;4,50;20;2,60;3,20;
2026-07-10 06:24:00.0;OFF;ON;50;3,30;4,30;2,80;2,80;98,20;60,90;-0,50;4,50;20;2,60;3,20;
2026-07-10 06:25:00.0;OFF;ON;50;3,30;4,30;2,80;2,80;98,20;60,90;-0,50;4,50;20;2,60;3,20;
2026-07-10 06:26:00.0;OFF;ON;50;3,30;4,30;2,80;2,80;98,20;60,80;-0,50;4,50;20;2,60;3,20;
2026-07-10 06:27:00.0;OFF;ON;50;3,30;4,30;2,80;2,80;98,20;60,80;-0,50;4,50;20;2,60;3,30;
2026-07-10 06:28:00.0;OFF;ON;50;3,30;4,30;2,80;2,80;98,20;60,90;-0,50;4,50;20;2,60;3,30;
2026-07-10 06:29:00.0;OFF;ON;50;3,40;4,40;2,90;2,80;98,20;60,80;-0,50;4,50;20;2,70;3,30;
2026-07-10 06:30:00.0;OFF;ON;50;3,30;4,40;2,90;2,80;98,20;60,80;-0,40;4,50;20;2,70;3,30;
2026-07-10 06:31:00.0;OFF;ON;50;3,30;4,40;2,90;2,80;98,20;60,90;-0,40;4,50;20;2,70;3,30;
2026-07-10 06:32:00.0;OFF;ON;50;3,30;4,40;2,90;2,80;98,20;60,80;-0,40;4,50;20;2,70;3,20;
2026-07-10 06:33:00.0;OFF;ON;50;3,20;4,40;2,90;2,80;98,20;60,80;-0,40;4,50;20;2,70;3,20;
2026-07-10 06:34:00.0;OFF;ON;50;3,10;4,30;2,80;2,80;98,20;60,80;-0,30;4,50;20;2,70;3,20;
2026-07-10 06:35:00.0;OFF;ON;50;3,30;4,30;2,80;2,80;98,20;60,80;-0,50;4,50;20;2,70;3,20;
2026-07-10 06:36:00.0;OFF;ON;50;3,40;4,30;2,80;2,80;98,20;60,80;-0,50;4,50;20;2,70;3,20;
2026-07-10 06:37:00.0;OFF;ON;50;3,40;4,40;2,90;2,80;98,20;60,80;-0,50;4,50;20;2,70;3,30;
2026-07-10 06:38:00.0;OFF;ON;50;3,30;4,40;2,90;2,70;98,20;60,90;-0,40;4,50;20;2,70;3,30;
2026-07-10 06:39:00.0;OFF;ON;50;3,30;4,40;2,90;2,70;98,20;62;-0,40;4,50;20;2,70;3,30;
2026-07-10 06:40:00.0;OFF;ON;50;3,40;4,40;2,90;2,70;98,20;61,80;-0,50;4,50;20;2,70;3,30;
2026-07-10 06:41:00.0;OFF;ON;50;3,40;4,50;3;2,70;98,20;62;-0,50;4,50;20;2,70;3,30;
2026-07-10 06:42:00.0;OFF;ON;50;3,40;4,50;3;2,70;98,20;61,70;-0,40;4,50;20;2,80;3,30;
2026-07-10 06:43:00.0;OFF;ON;50;3,60;4,50;3;2,70;98,20;62,20;-0,60;4,50;20;2,80;3,30;
2026-07-10 06:44:00.0;OFF;ON;50;3,60;4,50;3;2,70;98,20;62,50;-0,60;4,50;20;2,80;3,40;
2026-07-10 06:45:00.0;OFF;ON;50;3,50;4,50;3;2,70;98,20;61,20;-0,50;4,50;20;2,80;3,40;
2026-07-10 06:46:00.0;OFF;ON;50;3,40;4,50;3;2,70;98,30;60,90;-0,40;4,50;20;2,80;3,40;
2026-07-10 06:47:00.0;OFF;ON;50;3,60;4,50;3;2,70;98,30;62;-0,60;4,50;20;2,80;3,40;
2026-07-10 06:48:00.0;OFF;ON;50;3,60;4,50;3;2,70;98,30;61,70;-0,50;4,50;20;2,80;3,40;
2026-07-10 06:49:00.0;OFF;ON;50;3,60;4,60;3,10;2,70;98,30;62;-0,50;4,50;20;2,80;3,50;
2026-07-10 06:50:00.0;OFF;ON;50;3,50;4,60;3,10;2,70;98,30;62;-0,40;4,50;20;2,90;3,50;
2026-07-10 06:51:00.0;OFF;ON;50;3,60;4,60;3,10;2,70;98,20;62;-0,50;4,50;20;2,90;3,50;
2026-07-10 06:52:00.0;OFF;ON;50;3,70;4,60;3,10;2,70;98,20;61,90;-0,60;4,50;20;2,90;3,50;
2026-07-10 06:53:00.0;OFF;ON;50;3,60;4,60;3,10;2,60;98,20;62;-0,50;4,50;20;2,90;3,50;
2026-07-10 06:54:00.0;OFF;ON;50;3,60;4,60;3,10;2,60;98,20;61,90;-0,50;4,50;20;2,90;3,50;
2026-07-10 06:55:00.0;OFF;ON;50;3,60;4,60;3,10;2,60;98,20;62;-0,50;4,50;20;2,90;3,50;
2026-07-10 06:56:00.0;OFF;ON;50;3,70;4,60;3,10;2,60;98,20;61,60;-0,60;4,50;20;2,90;3,50;
2026-07-10 06:57:00.0;OFF;ON;50;3,60;4,60;3,10;2,60;98,20;61,50;-0,50;4,50;20;2,90;3,50;
2026-07-10 06:58:00.0;OFF;ON;50;3,60;4,60;3,10;2,60;98,20;61,60;-0,50;4,50;20;2,90;3,50;
2026-07-10 06:59:00.0;OFF;ON;50;3,60;4,60;3,10;2,60;98,20;61,50;-0,50;4,50;20;2,90;3,50;
2026-07-10 07:00:00.0;OFF;ON;50;3,70;4,60;3,10;2,60;98,20;61,60;-0,60;4,50;20;2,90;3,50;
2026-07-10 07:01:00.0;OFF;ON;50;3,70;4,60;3,10;2,60;98,20;61,60;-0,60;4,50;20;2,90;3,60;
2026-07-10 07:02:00.0;OFF;ON;50;3,60;4,60;3,10;2,60;98,20;61,50;-0,50;4,50;20;3;3,60;
2026-07-10 07:03:00.0;OFF;ON;50;3,80;4,60;3,10;2,60;98,20;61,50;-0,60;4,50;20;3;3,60;
2026-07-10 07:04:00.0;OFF;ON;50;3,70;4,60;3,10;2,60;98,20;61,80;-0,50;4,50;20;3;3,60;
2026-07-10 07:05:00.0;OFF;ON;50;3,70;4,60;3,10;2,60;98,20;61,20;-0,60;4,50;20;3;3,60;
2026-07-10 07:06:00.0;OFF;ON;50;3,70;4,70;3,20;2,60;98,20;61,50;-0,60;4,50;20;3;3,60;
2026-07-10 07:07:00.0;OFF;ON;50;3,70;4,70;3,20;2,60;98,20;61,50;-0,60;4,50;20;3;3,60;
2026-07-10 07:08:00.0;OFF;ON;50;3,80;4,70;3,20;2,60;98,20;61,50;-0,60;4,50;20;3;3,60;
2026-07-10 07:09:00.0;OFF;ON;50;3,80;4,70;3,20;2,60;98,20;61,50;-0,60;4,50;20;3;3,60;
2026-07-10 07:10:00.0;OFF;ON;50;3,70;4,70;3,20;2,60;98,20;61,40;-0,50;4,50;20;3;3,60;
2026-07-10 07:11:00.0;OFF;ON;50;3,80;4,70;3,20;2,60;98,20;61,50;-0,60;4,50;20;3;3,60;
2026-07-10 07:12:00.0;OFF;ON;50;3,70;4,70;3,20;2,60;98,20;61,50;-0,60;4,50;20;3;3,60;
2026-07-10 07:13:00.0;OFF;ON;50;3,70;4,70;3,20;2,60;98,20;61,50;-0,50;4,50;20;3;3,70;
2026-07-10 07:14:00.0;OFF;ON;50;3,70;4,70;3,20;2,60;98,20;61,50;-0,50;4,50;20;3;3,70;
2026-07-10 07:15:00.0;OFF;ON;50;3,70;4,70;3,20;2,60;98,20;61,50;-0,60;4,50;20;3;3,70;
2026-07-10 07:16:00.0;OFF;ON;50;3,90;4,70;3,20;2,50;98,20;61,50;-0,70;4,50;20;3;3,70;
2026-07-10 07:17:00.0;OFF;ON;50;3,80;4,70;3,20;2,50;98,20;61,50;-0,60;4,50;20;3;3,70;
2026-07-10 07:18:00.0;OFF;ON;50;3,80;4,70;3,20;2,50;98,20;61,50;-0,50;4,50;20;3,10;3,70;
2026-07-10 07:19:00.0;OFF;ON;50;3,80;4,70;3,20;2,50;98,20;61,50;-0,60;4,50;20;3,10;3,70;
2026-07-10 07:20:00.0;OFF;ON;50;3,80;4,70;3,20;2,50;98,20;61,50;-0,60;4,50;20;3,10;3,70;
2026-07-10 07:21:00.0;OFF;ON;50;3,80;4,80;3,30;2,50;98,20;61,40;-0,60;4,50;20;3,10;3,70;
2026-07-10 07:22:00.0;OFF;ON;50;3,80;4,80;3,30;2,50;98,20;61,50;-0,50;4,50;20;3,10;3,70;
2026-07-10 07:23:00.0;OFF;ON;50;3,90;4,80;3,30;2,50;98,20;61,60;-0,60;4,50;20;3,10;3,70;
2026-07-10 07:24:00.0;OFF;ON;50;4;4,80;3,30;2,50;98,20;61,80;-0,60;4,50;20;3,10;3,70;
2026-07-10 07:25:00.0;OFF;ON;50;3,90;4,80;3,30;2,50;98,20;61,90;-0,60;4,50;20;3,10;3,80;
2026-07-10 07:26:00.0;OFF;ON;50;3,90;4,80;3,30;2,50;98,20;61,70;-0,60;4,50;20;3,10;3,80;
2026-07-10 07:27:00.0;OFF;ON;50;3,90;4,80;3,30;2,50;98,20;61,80;-0,60;4,50;20;3,10;3,80;
2026-07-10 07:28:00.0;OFF;ON;50;4;4,80;3,30;2,50;98,20;61,80;-0,70;4,50;20;3,10;3,80;
2026-07-10 07:29:00.0;OFF;ON;50;3,90;4,80;3,30;2,50;98,20;61,70;-0,50;4,50;20;3,20;3,80;
2026-07-10 07:30:00.0;OFF;ON;50;3,80;4,90;3,40;2,50;98,20;61,70;-0,50;4,50;20;3,20;3,80;
2026-07-10 07:31:00.0;OFF;ON;50;3,90;4,90;3,40;2,50;98,20;61,70;-0,60;4,50;20;3,20;3,80;
2026-07-10 07:32:00.0;OFF;ON;50;3,90;4,90;3,40;2,50;98,20;61,40;-0,50;4,50;20;3,20;3,80;
2026-07-10 07:33:00.0;OFF;ON;50;4;4,90;3,40;2,50;98,20;62,40;-0,50;4,50;20;3,20;3,80;
2026-07-10 07:34:00.0;OFF;ON;50;3,90;4,90;3,40;2,50;98,20;62,40;-0,50;4,50;20;3,20;3,90;
2026-07-10 07:35:00.0;OFF;ON;50;4;4,90;3,40;2,50;98,20;62,40;-0,50;4,50;20;3,20;3,90;
2026-07-10 07:36:00.0;OFF;ON;50;4,10;4,90;3,40;2,50;98,20;62,30;-0,70;4,50;20;3,20;3,90;
2026-07-10 07:37:00.0;OFF;ON;50;4;4,90;3,40;2,50;98,20;62,30;-0,60;4,50;20;3,20;3,90;
2026-07-10 07:38:00.0;OFF;ON;50;4;4,90;3,40;2,50;98,20;62,40;-0,60;4,50;20;3,20;3,90;
2026-07-10 07:39:00.0;OFF;ON;50;4;4,90;3,40;2,40;98,20;62,30;-0,60;4,50;20;3,20;3,90;
2026-07-10 07:40:00.0;OFF;ON;50;4;4,90;3,40;2,40;98,20;62,40;-0,60;4,50;20;3,20;3,90;
2026-07-10 07:41:00.0;OFF;ON;50;4;4,90;3,40;2,40;98,20;62,30;-0,60;4,50;20;3,30;3,90;
2026-07-10 07:42:00.0;OFF;ON;50;4;5;3,50;2,40;98,20;62,10;-0,50;4,50;20;3,30;3,90;
2026-07-10 07:43:00.0;OFF;ON;50;4;5;3,50;2,40;98,20;62;-0,60;4,50;20;3,30;3,90;
2026-07-10 07:44:00.0;OFF;ON;50;4,10;5;3,50;2,40;98,20;62;-0,60;4,50;20;3,30;3,90;
2026-07-10 07:45:00.0;OFF;ON;50;4,10;5;3,50;2,40;98,20;62,10;-0,60;4,50;20;3,30;3,90;
2026-07-10 07:46:00.0;OFF;ON;50;4;5;3,50;2,40;98,20;62,10;-0,50;4,50;20;3,30;3,90;
2026-07-10 07:47:00.0;OFF;ON;50;4,20;5;3,50;2,40;98,20;62,10;-0,70;4,50;20;3,30;3,90;
2026-07-10 07:48:00.0;OFF;ON;50;4,10;5;3,50;2,40;98,20;61,30;-0,60;4,50;20;3,30;3,90;
2026-07-10 07:49:00.0;OFF;ON;50;4,20;5;3,50;2,40;98,20;61,60;-0,70;4,50;20;3,30;4;
2026-07-10 07:50:00.0;OFF;ON;50;4,20;5,10;3,60;2,40;98,30;62,10;-0,70;4,50;20;3,30;4;
2026-07-10 07:51:00.0;OFF;ON;50;4,20;5,10;3,60;2,40;98,30;61,20;-0,60;4,50;20;3,40;4;
2026-07-10 07:52:00.0;OFF;ON;50;4,10;5,10;3,60;2,40;98,30;65;-0,50;4,50;20;3,40;4;
2026-07-10 07:53:00.0;OFF;ON;50;4,20;5,10;3,60;2,40;98,30;65,10;-0,60;4,50;20;3,40;4;
2026-07-10 07:54:00.0;OFF;ON;50;4,20;5,10;3,60;2,40;98,20;61,50;-0,60;4,50;20;3,40;4,10;
2026-07-10 07:55:00.0;OFF;ON;50;4,20;5,10;3,60;2,40;98,20;62,90;-0,60;4,50;20;3,40;4;
2026-07-10 07:56:00.0;OFF;ON;50;4,20;5,10;3,60;2,40;98,30;62,70;-0,60;4,50;20;3,40;4,10;
2026-07-10 07:57:00.0;OFF;ON;50;4,20;5,10;3,60;2,40;98,30;63;-0,60;4,50;20;3,40;4,10;
2026-07-10 07:58:00.0;OFF;ON;50;4,20;5,10;3,60;2,40;98,30;62,70;-0,60;4,50;20;3,40;4,10;
2026-07-10 07:59:00.0;OFF;ON;50;4,10;5,10;3,60;2,40;98,30;62,80;-0,50;4,50;20;3,40;4,10;
2026-07-10 08:00:00.0;OFF;ON;50;4,30;5,10;3,60;2,40;98,30;62,70;-0,60;4,50;20;3,40;4,10;
2026-07-10 08:01:00.0;OFF;ON;50;4,20;5,10;3,60;2,40;98,30;62,90;-0,60;4,50;20;3,40;4,10;
2026-07-10 08:02:00.0;OFF;ON;50;4,30;5,20;3,70;2,40;98,30;63,10;-0,60;4,50;20;3,50;4,10;
2026-07-10 08:03:00.0;OFF;ON;50;4,40;5,20;3,70;2,40;98,30;62,80;-0,70;4,50;20;3,50;4,10;
2026-07-10 08:04:00.0;OFF;ON;50;4,40;5,20;3,70;2,40;98,30;63;-0,70;4,50;20;3,50;4,20;
2026-07-10 08:05:00.0;OFF;ON;50;4,40;5,20;3,70;2,40;98,30;63,50;-0,60;4,50;20;3,50;4,20;
2026-07-10 08:06:00.0;OFF;ON;50;4,50;5,30;3,80;2,40;98,30;62,60;-0,70;4,50;20;3,50;4,20;
2026-07-10 08:07:00.0;OFF;ON;50;4,50;5,30;3,80;2,40;98,30;62,60;-0,80;4,50;20;3,50;4,20;
2026-07-10 08:08:00.0;OFF;ON;50;4,50;5,30;3,80;2,40;98,30;62,70;-0,70;4,50;20;3,60;4,30;
2026-07-10 08:09:00.0;OFF;ON;50;4,50;5,30;3,80;2,40;98,30;62,80;-0,80;4,50;20;3,60;4,30;
2026-07-10 08:10:00.0;OFF;ON;50;4,50;5,30;3,80;2,30;98,30;62,70;-0,70;4,50;20;3,60;4,30;
2026-07-10 08:11:00.0;OFF;ON;50;4,60;5,30;3,80;2,30;98,30;62,70;-0,80;4,50;20;3,60;4,30;
2026-07-10 08:12:00.0;OFF;ON;50;4,50;5,30;3,80;2,30;98,30;62,70;-0,70;4,50;20;3,60;4,30;
2026-07-10 08:13:00.0;OFF;ON;50;4,60;5,30;3,80;2,30;98,30;62,80;-0,70;4,50;20;3,60;4,30;
2026-07-10 08:14:00.0;OFF;ON;50;4,60;5,40;3,90;2,30;98,30;62,90;-0,80;4,50;20;3,70;4,40;
2026-07-10 08:15:00.0;OFF;ON;50;4,70;5,40;3,90;2,30;98,30;62,90;-0,80;4,50;20;3,70;4,40;
2026-07-10 08:16:00.0;OFF;ON;50;4,70;5,40;3,90;2,30;98,30;63,70;-0,80;4,50;20;3,70;4,40;
2026-07-10 08:17:00.0;OFF;ON;50;4,70;5,40;3,90;2,30;98,30;64,80;-0,70;4,50;20;3,70;4,40;
2026-07-10 08:18:00.0;OFF;ON;50;4,70;5,50;4;2,30;98,30;60,90;-0,80;4,50;20;3,70;4,50;
2026-07-10 08:19:00.0;OFF;ON;50;4,80;5,50;4;2;98,30;0;-0,80;4,50;20;3,80;4,50;
2026-07-10 08:20:00.0;OFF;ON;50;4,80;5,50;4;1,80;98,30;0;-0,80;4,50;20;3,80;4,50;
2026-07-10 08:21:00.0;OFF;ON;50;4,80;5,50;4;1,50;98,30;2,50;-0,80;4,50;20;3,80;4,50;
2026-07-10 08:22:00.0;OFF;ON;50;4,90;5,60;4,10;1,40;98,30;0;-0,80;4,50;20;3,80;4,60;
2026-07-10 08:23:00.0;OFF;ON;50;4,80;5,60;4,10;1,40;98,30;0;-0,70;4,50;20;3,90;4,60;
2026-07-10 08:24:00.0;OFF;ON;50;4,90;5,60;4,10;1,40;98,30;0;-0,80;4,50;20;3,90;4,60;
2026-07-10 08:25:00.0;OFF;ON;50;5;5,60;4,10;1,40;98,30;0;-0,80;4,50;20;3,90;4,60;
2026-07-10 08:26:00.0;OFF;ON;50;4,90;5,70;4,20;1,40;98,30;0;-0,80;4,50;20;4;4,70;
2026-07-10 08:27:00.0;OFF;ON;50;5,10;5,70;4,20;1,40;98,30;0;-0,90;4,50;20;4;4,70;
2026-07-10 08:28:00.0;OFF;ON;50;5,10;5,70;4,20;1,50;98,30;0;-0,90;4,50;20;4;4,80;
2026-07-10 08:29:00.0;OFF;ON;50;5,10;5,80;4,30;1,50;98,30;0;-0,80;4,50;20;4,10;4,80;
2026-07-10 08:30:00.0;OFF;ON;50;5,10;5,80;4,30;1,60;98,30;0;-0,90;4,50;20;4,10;4,80;
2026-07-10 08:31:00.0;OFF;ON;50;5,20;5,80;4,30;1,60;98,30;0;-0,80;4,50;20;4,10;4,80;
2026-07-10 08:32:00.0;OFF;ON;50;5,20;5,80;4,30;1,70;98,30;0;-0,80;4,50;20;4,10;4,90;
2026-07-10 08:33:00.0;OFF;ON;50;5,10;5,80;4,30;1,80;98,30;0;-0,80;4,50;20;4,20;4,90;
2026-07-10 08:34:00.0;OFF;ON;50;5,20;5,90;4,40;1,80;98,30;0;-0,90;4,50;20;4,20;4,90;
2026-07-10 08:35:00.0;OFF;ON;50;5,20;5,90;4,40;1,80;98,30;0;-0,80;4,50;20;4,20;4,90;
2026-07-10 08:36:00.0;OFF;ON;50;5,20;2,40;4,40;1,80;98,30;0;-0,80;4,50;42,90;4,30;5;
2026-07-10 08:37:00.0;ON;OFF;50;5,30;2,50;4,50;1,80;98,30;0;-0,80;2;48,50;4,30;5;
2026-07-10 08:38:00.0;ON;OFF;50;5,40;2,50;4,50;1,90;98,30;0;-0,90;2;54,50;4,30;5,10;
2026-07-10 08:39:00.0;ON;OFF;50;5,50;2,50;4,50;1,90;98,30;0;-1;2;59,70;4,40;5,10;
2026-07-10 08:40:00.0;ON;OFF;50;5,40;2,60;4,60;2;98,30;0;-0,80;2;65,60;4,40;5,20;
2026-07-10 08:41:00.0;ON;OFF;50;5,60;2,60;4,60;1,90;98,30;0;-0,90;2;71,60;4,50;5,30;
2026-07-10 08:42:00.0;ON;OFF;50;5,50;2,60;4,60;2;98,30;0;-0,90;2;75,40;4,50;5,30;
2026-07-10 08:43:00.0;ON;OFF;50;5,60;2,70;4,70;2;98,30;0;-0,90;2;82,40;4,50;5,40;
2026-07-10 08:44:00.0;ON;OFF;50;5,70;2,70;4,70;2,10;98,30;0;-1;2;88,20;4,60;5,40;
2026-07-10 08:45:00.0;ON;OFF;50;5,60;2,70;4,70;2,10;98,30;0;-0,90;2;93,30;4,60;5,40;
2026-07-10 08:46:00.0;ON;OFF;50;5,80;2,90;4,90;2,10;98,30;0;-0,90;2;99,50;4,80;5,50;
2026-07-10 08:47:00.0;ON;OFF;50;5,70;2,90;4,90;2,30;98,30;0;-0,80;2;99,40;4,90;5,60;
2026-07-10 08:48:00.0;ON;OFF;50;5,90;3;5;2,30;98,30;0;-0,90;2;100;4,90;5,60;
2026-07-10 08:49:00.0;ON;OFF;50;5,80;3,10;5,10;2,40;98,30;0;-0,80;2;99,40;4,90;5,70;
2026-07-10 08:50:00.0;ON;OFF;50;5,90;3,10;5,10;2,60;98,30;0;-0,80;2;99,60;4,90;5,70;
2026-07-10 08:51:00.0;ON;OFF;50;5,90;3,20;5,20;2,70;98,30;0;-0,80;2;99,50;4,90;5,70;
2026-07-10 08:52:00.0;ON;OFF;50;6,10;3,20;5,20;4,70;98,30;0;-0,80;2;100;4,90;5,80;
2026-07-10 08:53:00.0;ON;OFF;50;6,10;3,20;5,20;4,70;98,30;0;-0,80;2;100;4,90;5,80;
2026-07-10 08:54:00.0;ON;OFF;50;6,20;3,30;5,30;4,30;98,30;0;-0,90;2;100;5;5,90;
2026-07-10 08:55:00.0;ON;OFF;50;6,20;3,30;5,30;3,80;98,30;0;-0,90;2;100;5;5,90;
2026-07-10 08:56:00.0;ON;OFF;50;6,20;3,30;5,30;3,40;98,30;0;-0,90;2;100;5;5,90;
2026-07-10 08:57:00.0;ON;OFF;50;5,90;3,30;5,30;3,30;98,30;0;-0,60;2;100;5,10;6;
2026-07-10 08:58:00.0;ON;OFF;50;5,70;3,40;5,40;3,20;98,30;0;-0,30;2;99,20;5,30;5,90;
2026-07-10 08:59:00.0;ON;OFF;50;5,10;3,40;5,40;3,10;98,30;0;0,30;2;100;5,40;5,80;
2026-07-10 09:00:00.0;ON;OFF;50;4,80;3,40;5,40;3,10;98,30;0;0,50;2;99,70;5,30;5,60;
2026-07-10 09:01:00.0;ON;OFF;50;3,10;3,20;5,20;3;98,30;0;1,60;2;94;5,20;5,40;
2026-07-10 09:02:00.0;ON;OFF;50;1,40;3;5;2,80;98,30;0;2,40;2;89,60;5;4,70;
2026-07-10 09:03:00.0;ON;OFF;50;1,10;2,80;4,80;2,60;98,30;0;3,40;2;82,60;4,80;4,30;
2026-07-10 09:04:00.0;ON;OFF;50;0,30;2,50;4,50;2,30;98,30;0;3,40;2;80,30;4,50;3,80;
2026-07-10 09:05:00.0;ON;OFF;50;0;2,10;4,10;2;98,30;0;3,80;2;74,90;4,20;3,20;
2026-07-10 09:06:00.0;ON;OFF;50;-1,30;1,60;3,60;1,30;98,20;0;4,10;2;67,60;3,70;2,50;
2026-07-10 09:07:00.0;ON;OFF;50;0,20;1,30;3,30;0,80;97,90;0;3,20;2;69,30;3,50;2,10;
2026-07-10 09:08:00.0;ON;OFF;50;-0,10;0,90;2,90;0,40;97,20;0;3;2;67,80;3,20;1,80;
2026-07-10 09:09:00.0;ON;OFF;50;-0,50;0,70;2,70;0;96,90;0;3,20;2;64,80;3;1,60;
2026-07-10 09:10:00.0;ON;OFF;50;-0,70;0,60;2,60;-0,10;96,40;0;3,10;2;63,80;2,90;1,40;
2026-07-10 09:11:00.0;ON;OFF;50;-0,60;0,40;2,40;-0,20;95,90;0;3,20;2;60,30;2,80;1,30;
2026-07-10 09:12:00.0;ON;OFF;50;-0,10;0,40;2,30;-0,40;95,10;0;3;2;60,70;2,80;1,10;
2026-07-10 09:13:00.0;ON;OFF;50;-0,50;0,20;2,20;-0,60;94,80;0;2,60;2;61;2,60;1;
2026-07-10 09:14:00.0;ON;OFF;50;-0,60;0,10;2,10;-0,70;94,40;0;2,70;2;59,40;2,60;1,10;
2026-07-10 09:15:00.0;ON;OFF;50;-0,20;0;2;-0,80;94,40;0;2,20;2;61,50;2,50;0,90;
2026-07-10 09:16:00.0;ON;OFF;50;-0,70;0;2;-0,80;94,30;0;2,20;2;61;2,50;0,90;
2026-07-10 09:17:00.0;ON;OFF;50;-0,50;0;2;-0,90;94,50;0;2,50;2;57,90;2,50;1,10;
2026-07-10 09:18:00.0;ON;OFF;50;-0,60;0;1,90;-0,90;94,60;0;2,60;2;56,50;2,50;1;
2026-07-10 09:19:00.0;ON;OFF;50;-0,50;-0,10;1,90;-1;94,60;0;2,50;2;56,20;2,40;0,90;
2026-07-10 09:20:00.0;ON;OFF;50;-0,50;-0,20;1,80;-1,10;94,50;0;2,50;2;55,50;2,20;0,90;
2026-07-10 09:21:00.0;ON;OFF;50;-0,60;-0,20;1,70;-1,10;94,50;0;2,30;2;56,50;2,30;0,80;
2026-07-10 09:22:00.0;ON;OFF;50;-0,20;-0,30;1,70;-1,20;94,60;0;1,80;2;58,70;2,20;0,70;
2026-07-10 09:23:00.0;ON;OFF;50;-0,20;-0,30;1,70;-1,20;94,60;0;2;2;58,70;2,20;0,80;
2026-07-10 09:24:00.0;ON;OFF;50;-0,20;-0,30;1,70;-1,30;94,80;0;1,90;2;58,60;2,20;0,90;
2026-07-10 09:25:00.0;ON;OFF;50;-0,20;-0,30;1,70;-1,30;95;0;2;2;58,20;2,30;1;
2026-07-10 09:26:00.0;ON;OFF;50;-0,60;-0,30;1,70;-1,20;95,10;0;2,30;2;55,80;2,30;1;
2026-07-10 09:27:00.0;ON;OFF;50;-0,30;-0,30;1,70;-1,20;95,30;0;2;2;58,30;2,30;1;
2026-07-10 09:28:00.0;ON;OFF;50;-0,50;-0,30;1,70;-1,30;95,50;0;2;2;56,80;2,30;1;
2026-07-10 09:29:00.0;ON;OFF;50;-0,60;-0,30;1,70;-1,30;95,50;0;2,20;2;56,10;2,30;1;
2026-07-10 09:30:00.0;ON;OFF;50;-0,70;-0,40;1,60;-1,30;95,50;0;2,30;2;55,20;2,20;0,80;
2026-07-10 09:31:00.0;ON;OFF;50;-0,30;-0,40;1,60;-1,40;95,50;0;1,80;2;57,70;2,10;0,70;
2026-07-10 09:32:00.0;ON;OFF;50;-0,60;-0,50;1,50;-1,40;95,40;0;2;2;56,30;2,10;0,80;
2026-07-10 09:33:00.0;ON;OFF;50;-0,60;-0,50;1,50;-1,50;95,40;0;2,10;2;56,50;2;0,70;
2026-07-10 09:34:00.0;ON;OFF;50;-0,10;-0,50;1,40;-1,50;95,50;0;2;2;60,10;2;0,70;
2026-07-10 09:35:00.0;ON;OFF;50;0,20;-0,50;1,60;-1,50;95,70;0;2,10;2;61,40;1,90;0,70;
2026-07-10 09:36:00.0;ON;OFF;50;0,30;-0,30;1,70;-1,50;96,10;1,60;1,30;2;62,70;2;0,80;
2026-07-10 09:37:00.0;ON;OFF;50;0,40;-0,20;1,90;-1,20;96,60;13,90;1,40;2;63,40;2;1,10;
2026-07-10 09:38:00.0;ON;OFF;50;0,70;0;2,10;-1,10;97,10;14,10;1,30;2;66;2,20;1,30;
2026-07-10 09:39:00.0;ON;OFF;50;0,90;0,10;2,20;-0,80;97,60;14,30;1,30;2;67,20;2,30;1,50;
2026-07-10 09:40:00.0;ON;OFF;50;0,80;0,20;2,30;-0,50;97,90;14,30;1,50;2;66,80;2,40;1,60;
2026-07-10 09:41:00.0;ON;OFF;50;0,80;0,40;2,40;-0,30;98,20;13,90;1,60;2;66,60;2,50;1,70;
2026-07-10 09:42:00.0;ON;OFF;50;0;0,50;2,50;-0,10;98,30;14,10;2,50;2;60,40;2,60;1,80;
2026-07-10 09:43:00.0;ON;OFF;50;-0,10;0,60;2,60;0,10;98,30;16,50;2,70;2;58,20;2,60;1,60;
2026-07-10 09:44:00.0;ON;OFF;50;-0,10;0,60;2,60;0,30;98,30;16,70;2,70;2;56,60;2,60;1,40;
2026-07-10 09:45:00.0;ON;OFF;50;0,10;0,50;2,50;0,40;98,30;16,70;2,40;2;57,80;2,40;1,20;
2026-07-10 09:46:00.0;ON;OFF;50;0;0,50;2,50;0,60;98,30;16,60;2,60;2;55,70;2,40;1,20;
2026-07-10 09:47:00.0;ON;OFF;50;-0,10;0,50;2,60;0,70;98,30;15,60;2,60;2;54,10;2,30;1,20;
2026-07-10 09:48:00.0;ON;OFF;50;0,10;0,60;2,60;0,70;98,30;15,60;2,50;2;54,20;2,30;1,20;
2026-07-10 09:49:00.0;ON;OFF;50;0,40;0,60;2,70;1;98,30;15,60;2,20;2;55,10;2,40;1,20;
2026-07-10 09:50:00.0;ON;OFF;50;0,50;0,70;2,80;1,20;98,30;15,60;2,30;2;54;2,50;1,50;
2026-07-10 09:51:00.0;ON;OFF;50;0,70;0,90;3;1,30;98,30;15,40;2,30;2;53,60;2,60;1,60;
2026-07-10 09:52:00.0;ON;OFF;50;0,80;1,10;3,10;39,60;98,30;108,80;2,30;2;53,40;2,80;1,70;
2026-07-10 09:53:00.0;ON;OFF;50;1,10;1,20;3,30;42,60;98,30;109,10;2,20;2;52,50;2,90;1,90;
2026-07-10 09:54:00.0;ON;OFF;50;1,10;1,50;3,50;42,80;98,30;109,10;2,40;2;50,90;3,20;2,10;
2026-07-10 09:55:00.0;ON;OFF;50;1,20;1,50;3,60;43;98,30;109,10;2,40;2;49,80;3,20;2,20;
2026-07-10 09:56:00.0;ON;OFF;50;1,10;1,70;3,70;43;98,30;109,10;2,60;2;47,40;3,20;2,30;
2026-07-10 09:57:00.0;ON;OFF;50;1,50;1,70;3,80;43;98,30;109;2,30;2;48,60;3,10;2,30;
2026-07-10 09:58:00.0;ON;OFF;50;1,60;1,90;4;43,10;98,30;109;2,40;2;47,70;3,40;2,50;
2026-07-10 09:59:00.0;ON;OFF;50;1,80;2;4,10;43,10;98,30;109;2,30;2;47,40;3,50;2,60;
2026-07-10 10:00:00.0;ON;OFF;50;2,10;2,20;4,30;43,10;98,30;109;2,20;2;47,50;3,80;2,80;
2026-07-10 10:01:00.0;ON;OFF;50;2,10;2,50;4,50;43,10;98,30;109;2,40;2;45,30;3,80;3;
2026-07-10 10:02:00.0;ON;OFF;50;2,10;2,60;4,70;43,10;98,30;109;2,40;2;44,80;3,90;3;
2026-07-10 10:03:00.0;ON;OFF;50;2,60;2,70;4,70;43,10;98,30;109;2,20;2;45,30;4;3,10;
2026-07-10 10:04:00.0;ON;OFF;50;2,50;2,80;5;43,10;98,30;109;2,40;2;43,60;4,20;3,30;
2026-07-10 10:05:00.0;ON;OFF;50;3;3,10;5,30;43,10;98,30;109;2,40;2;43,10;4,60;3,50;
2026-07-10 10:06:00.0;ON;OFF;50;3,10;3,40;5,40;43,10;98,30;109;2,30;2;42,90;4,60;3,80;
2026-07-10 10:07:00.0;ON;OFF;50;3,50;3,50;5,70;43,10;98,30;109;2,10;2;43,80;4,80;4;
2026-07-10 10:08:00.0;ON;OFF;50;3,50;3,80;5,90;43,10;98,30;109;2,40;2;41,70;5;4,20;
2026-07-10 10:09:00.0;ON;OFF;50;3,70;4;6,10;43,10;98,30;109;2,30;2;41,40;5,20;4,40;
2026-07-10 10:10:00.0;ON;OFF;50;3,90;4,20;6,30;43;98,30;108,90;2,40;2;40,70;5,20;4,50;
2026-07-10 10:11:00.0;ON;OFF;50;4,30;4,40;6,50;43;98,30;108,90;2,20;2;41,50;5,30;4,70;
2026-07-10 10:12:00.0;ON;OFF;50;4,40;4,50;6,60;43;98,40;108,90;2,20;2;40,70;5,50;4,80;
2026-07-10 10:13:00.0;ON;OFF;50;4,50;4,70;6,90;43;98,40;108,90;2,40;2;39,30;5,70;5;
2026-07-10 10:14:00.0;ON;OFF;50;4,90;5;7,20;43;98,40;109;2,30;2;39,20;6;5,30;
2026-07-10 10:15:00.0;ON;OFF;50;5,10;5,20;7,30;43;98,40;109;2,20;2;39,10;6,20;5,50;
2026-07-10 10:16:00.0;ON;OFF;50;5,20;5,40;7,60;43;98,40;109;2,40;2;37,40;6,60;5,70;
2026-07-10 10:17:00.0;ON;OFF;50;5,40;5,60;7,70;43;98,40;108,90;2,30;2;37,30;6,60;6;
2026-07-10 10:18:00.0;ON;OFF;50;5,50;5,70;7,80;43;98,40;108,90;2,20;2;37,20;6,80;6,20;
2026-07-10 10:19:00.0;ON;OFF;50;5,90;5,80;7,90;42,90;98,40;108,90;2,10;2;38,10;6,90;6,30;
2026-07-10 10:20:00.0;ON;OFF;50;6;6;8,10;42,90;98,40;108,90;2,10;2;37,80;7,30;6,50;
2026-07-10 10:21:00.0;ON;OFF;50;6,30;6,30;8,40;42,90;98,40;108,90;2,10;2;37,20;7,60;6,80;
2026-07-10 10:22:00.0;ON;OFF;50;6,30;6,40;8,50;42,90;98,40;108,90;2,20;2;35,90;7,80;7;
2026-07-10 10:23:00.0;ON;OFF;50;6,60;6,60;8,70;42,90;98,40;108,90;2,10;2;36,50;8,30;7,30;
2026-07-10 10:24:00.0;ON;OFF;50;6,90;6,80;8,90;42,80;98,40;108,90;2;2;36,10;8,30;7,50;
2026-07-10 10:25:00.0;ON;OFF;50;7,10;7;9;42,80;98,40;108,90;2;2;36,40;8,30;7,60;
2026-07-10 10:26:00.0;ON;OFF;50;7,10;7,10;9,20;42,80;98,40;108,90;2,10;2;35,70;8,60;7,80;
2026-07-10 10:27:00.0;ON;OFF;50;7,30;7,30;9,30;42,80;98,40;108,90;2,10;2;36;8,70;7,90;
2026-07-10 10:28:00.0;ON;OFF;50;7,60;7,40;9,50;42,80;98,40;108,90;1,90;2;37,20;8,90;8,10;
2026-07-10 10:29:00.0;ON;OFF;50;7,70;7,50;9,60;42,70;98,50;108,80;1,90;2;37,30;9;8,30;
2026-07-10 10:30:00.0;ON;OFF;50;7,80;7,70;9,80;42,70;98,50;108,80;2;2;36,30;9,10;8,40;
2026-07-10 10:31:00.0;ON;OFF;50;7,90;7,80;10;42,70;98,50;108,80;2;2;36,10;9,40;8,60;
2026-07-10 10:32:00.0;ON;OFF;50;8;8;10,10;42,70;98,50;108,80;2,10;2;35,80;9,60;8,70;
2026-07-10 10:33:00.0;ON;OFF;50;8,10;8,20;10,30;42,70;98,50;108,80;2,20;2;35,40;9,90;8,90;
2026-07-10 10:34:00.0;ON;OFF;50;8,30;8,40;10,50;42,60;98,50;108,80;2,20;2;34,90;10,10;9;
2026-07-10 10:35:00.0;ON;OFF;50;8,50;8,50;10,70;42,60;98,50;108,80;2,20;2;35;10,20;9,20;
2026-07-10 10:36:00.0;ON;OFF;50;8,60;8,70;10,70;42,60;98,50;108,80;2,10;2;35,20;10,40;9,30;
2026-07-10 10:37:00.0;ON;OFF;50;8,70;8,80;10,90;42,60;98,50;108,80;2,20;2;34,70;10,40;9,50;
2026-07-10 10:38:00.0;ON;OFF;50;9;9;11;42,50;98,50;108,80;2;2;35;10,40;9,50;
2026-07-10 10:39:00.0;ON;OFF;50;8,90;9,10;11,20;42,50;98,50;108,80;2,20;2;33,90;10,50;9,60;
2026-07-10 10:40:00.0;ON;OFF;50;9,10;9,30;11,40;42,50;98,50;108,80;2,30;2;33,20;10,80;9,70;
2026-07-10 10:41:00.0;ON;OFF;50;9,50;9,60;11,70;42,50;98,50;108,80;2,20;2;33,50;10,90;9,90;
2026-07-10 10:42:00.0;ON;OFF;50;9,60;9,70;11,80;42,40;98,50;108,80;2,10;2;33,30;11,10;10;
2026-07-10 10:43:00.0;ON;OFF;50;9,70;9,90;12;42,40;98,50;108,80;2,30;2;31,90;11,30;10,20;
2026-07-10 10:44:00.0;ON;OFF;50;10;10,10;12,20;42,40;98,50;108,80;2,10;2;32,50;11,30;10,40;
2026-07-10 10:45:00.0;ON;OFF;50;10,10;10,30;12,40;42,30;98,50;108,80;2,30;2;31,20;11,70;10,60;
2026-07-10 10:46:00.0;ON;OFF;50;10,20;10,40;12,40;42,30;98,50;108,80;2,20;2;31,40;11,80;10,90;
2026-07-10 10:47:00.0;ON;OFF;50;10,60;10,50;12,60;42,30;98,50;108,80;2;2;31,90;11,90;11,10;
2026-07-10 10:48:00.0;ON;OFF;50;10,80;10,70;12,80;42,20;98,50;108,80;2;2;31,80;12,20;11,20;
2026-07-10 10:49:00.0;ON;OFF;50;10,80;10,80;13;42,20;98,50;108,80;2,20;2;30,70;12,30;11,40;
2026-07-10 10:50:00.0;ON;OFF;50;11,10;11,10;13,20;42,20;98,50;108,70;2,10;2;31,30;12,50;11,60;
2026-07-10 10:51:00.0;ON;OFF;50;11,10;11,20;13,30;42,10;98,50;108,80;2,20;2;30,40;12,70;11,70;
2026-07-10 10:52:00.0;ON;OFF;50;11,50;11,30;13,30;42,10;98,60;108,80;1,90;2;32,20;12,80;11,90;
2026-07-10 10:53:00.0;ON;OFF;50;11,40;11,40;13,50;42,10;98,60;108,80;2,10;2;30,70;13;12,10;
2026-07-10 10:54:00.0;ON;OFF;50;11,50;11,50;13,60;42;98,60;108,80;2,10;2;30,70;13,20;12,20;
2026-07-10 10:55:00.0;ON;OFF;50;11,80;11,70;13,70;42;98,60;108,80;2;2;30,80;13,60;12,40;
2026-07-10 10:56:00.0;ON;OFF;50;11,80;11,80;13,90;42;98,60;108,80;2,10;2;30,70;13,80;12,50;
2026-07-10 10:57:00.0;ON;OFF;50;12,10;11,90;14;41,90;98,60;108,90;1,90;2;31,90;14;12,60;
2026-07-10 10:58:00.0;ON;OFF;50;12,10;12,10;14,10;41,90;98,60;108,90;2;2;31,90;14,10;12,80;
2026-07-10 10:59:00.0;ON;OFF;50;12,20;12,20;14,20;41,90;98,60;108,80;2;2;31,80;14,10;12,90;
2026-07-10 11:00:00.0;ON;OFF;50;12,50;12,20;14,20;41,80;98,60;108,80;1,80;2;32,90;14,10;13,10;
2026-07-10 11:01:00.0;ON;OFF;50;12,40;12,30;14,40;41,80;98,60;108,80;2;2;32,20;14,20;13,20;
2026-07-10 11:02:00.0;ON;OFF;50;12,60;12,40;14,40;41,70;98,60;108,80;1,80;2;33;14,30;13,30;
2026-07-10 11:03:00.0;ON;OFF;50;12,60;12,50;14,60;41,70;98,60;108,80;2;2;32,60;14,60;13,40;
2026-07-10 11:04:00.0;ON;OFF;50;12,70;12,60;14,70;41,70;98,60;108,80;2;2;32,60;14,70;13,50;
2026-07-10 11:05:00.0;ON;OFF;50;13;12,80;14,90;41,60;98,60;108,80;1,90;2;33;14,90;13,70;
2026-07-10 11:06:00.0;ON;OFF;50;12,90;12,80;14,90;41,60;98,60;108,80;2;2;32,90;14,90;13,80;
2026-07-10 11:07:00.0;ON;OFF;50;13,10;13;15;41,60;98,60;108,80;1,90;2;50,30;15;13,90;
2026-07-10 11:08:00.0;ON;OFF;50;12,60;10,60;15,30;41,50;98,60;108,80;2,70;2;47,90;15,10;14,50;
2026-07-10 11:09:00.0;OFF;ON;100;12,60;10,90;15,40;41,50;98,60;108,80;2,80;4,50;51,80;15,40;14,70;
2026-07-10 11:10:00.0;OFF;ON;100;12,60;11;15,50;41,40;98,60;108,80;2,90;4,50;54,40;15,30;14,70;
2026-07-10 11:11:00.0;OFF;ON;100;12,60;11;15,60;41,40;98,70;108,80;3;4,50;56,80;15,40;14,70;
2026-07-10 11:12:00.0;OFF;ON;100;12,20;11,10;15,60;41,30;98,70;108,80;3,40;4,50;56,90;15,50;14,80;
2026-07-10 11:13:00.0;OFF;ON;100;12,30;11,10;15,60;41,30;98,70;108,80;3,30;4,50;58,20;15,50;14,80;
2026-07-10 11:14:00.0;OFF;ON;100;12,10;11,10;15,70;41,30;98,70;108,80;3,60;4,50;59,40;15,60;14,70;
2026-07-10 11:15:00.0;OFF;ON;100;11,90;11,10;15,60;41,20;98,70;108,70;3,70;4,50;59,90;15,40;14,70;
2026-07-10 11:16:00.0;OFF;ON;100;11,70;11,10;15,60;41,20;98,70;108,70;3,80;4,50;60,50;15,40;14,60;
2026-07-10 11:17:00.0;OFF;ON;100;11,30;11;15,50;41,10;98,70;108,70;4,30;4,50;58,20;15,40;14,50;
2026-07-10 11:18:00.0;OFF;ON;100;11,10;11;15,50;41,10;98,70;108,70;4,40;4,50;58,50;15,30;14,40;
2026-07-10 11:19:00.0;OFF;ON;100;11,10;11;15,50;41,10;98,70;108,70;4,40;4,50;58,70;15,30;14,40;
2026-07-10 11:20:00.0;OFF;ON;100;11;11;15,50;41;98,70;108,80;4,50;4,50;58,70;15,30;14,40;
2026-07-10 11:21:00.0;OFF;ON;100;11;11;15,50;41;98,70;108,80;4,40;4,50;58,90;15,30;14,40;
2026-07-10 11:22:00.0;OFF;ON;100;11,10;10,90;15,50;40,90;98,70;108,70;4,40;4,50;59,20;15,40;14,40;
2026-07-10 11:23:00.0;OFF;ON;100;10,90;11;15,50;40,90;98,70;108,70;4,50;4,50;58,10;15,40;14,40;
2026-07-10 11:24:00.0;OFF;ON;100;11;11;15,50;40,80;98,70;108,70;4,50;4,50;57,90;15,40;14,40;
2026-07-10 11:25:00.0;OFF;ON;100;10,80;11;15,50;40,80;98,70;108,70;4,70;4,50;56,80;15,50;14,40;
2026-07-10 11:26:00.0;OFF;ON;100;10,80;11;15,60;40,70;98,70;108,70;4,80;4,50;56;15,50;14,40;
2026-07-10 11:27:00.0;OFF;ON;100;10,80;11,10;15,50;40,70;98,70;108,70;4,70;4,50;56,10;15,40;14,40;
2026-07-10 11:28:00.0;OFF;ON;100;10,70;11;15,50;40,60;98,70;108,70;4,80;4,50;55,10;15,40;14,40;
2026-07-10 11:29:00.0;OFF;ON;100;10,80;11;15,50;40,60;98,70;108,70;4,70;4,50;54,90;15,40;14,30;
2026-07-10 11:30:00.0;OFF;ON;100;10,70;11;15,60;40,50;98,70;108,70;4,90;4,50;53,30;15,50;14,30;
2026-07-10 11:31:00.0;OFF;ON;100;10,60;11,10;15,50;40,50;98,70;108,70;4,90;4,50;52,30;15,50;14,30;
2026-07-10 11:32:00.0;OFF;ON;100;10,60;11,10;15,50;40,40;98,70;108,70;4,90;4,50;51,60;15,50;14,30;
2026-07-10 11:33:00.0;OFF;ON;100;10,80;11;15,60;40,40;98,70;108,70;4,80;4,50;51,90;15,40;14,30;
2026-07-10 11:34:00.0;OFF;ON;100;10,60;11;15,50;40,40;98,70;108,70;4,90;4,50;50,70;15,40;14,30;
2026-07-10 11:35:00.0;OFF;ON;100;10,80;11,10;15,60;40,30;98,70;108,70;4,80;4,50;50,80;15,60;14,30;
2026-07-10 11:36:00.0;OFF;ON;100;11;11,10;15,60;40,20;98,70;108,60;4,60;4,50;51,20;15,50;14,30;
2026-07-10 11:37:00.0;OFF;ON;100;11;11,10;15,60;40,20;98,70;108,60;4,60;4,50;50,70;15,50;14,40;
2026-07-10 11:38:00.0;OFF;ON;100;10,90;11,10;15,60;40,10;98,70;108,70;4,80;4,50;49,40;15,60;14,40;
2026-07-10 11:39:00.0;OFF;ON;100;11;11,10;15,60;40,10;98,70;108,70;4,60;4,50;49,90;15,60;14,40;
2026-07-10 11:40:00.0;OFF;ON;100;11;11,20;15,70;40;98,70;108,60;4,70;4,50;49,20;15,70;14,50;
2026-07-10 11:41:00.0;OFF;ON;100;11,20;11,20;15,70;40;98,70;108,60;4,60;4,50;49,80;15,70;14,50;
2026-07-10 11:42:00.0;OFF;ON;100;11,10;11,20;15,70;40;98,70;108,60;4,60;4,50;49,10;15,70;14,50;
2026-07-10 11:43:00.0;OFF;ON;100;11;11,20;15,70;39,90;98,70;108,60;4,70;4,50;48,50;15,70;14,50;
2026-07-10 11:44:00.0;OFF;ON;100;11,20;11,30;15,70;39,90;98,70;108,60;4,50;4,50;49;15,70;14,50;
2026-07-10 11:45:00.0;OFF;ON;100;11,10;11,20;15,70;39,80;98,70;108,60;4,60;4,50;48,50;15,80;14,50;
2026-07-10 11:46:00.0;OFF;ON;100;11,10;11,20;15,70;39,80;98,70;108,60;4,60;4,50;48,30;15,80;14,60;
2026-07-10 11:47:00.0;OFF;ON;100;11,40;11,20;15,70;39,70;98,70;108,60;4,40;4,50;50,10;15,70;14,60;
2026-07-10 11:48:00.0;OFF;ON;100;11,20;11,30;15,70;39,70;98,70;108,60;4,50;4,50;49,70;15,80;14,60;
2026-07-10 11:49:00.0;OFF;ON;100;11,30;11,30;15,80;39,60;98,70;108,60;4,50;4,50;49,80;15,80;14,70;
2026-07-10 11:50:00.0;OFF;ON;100;11,30;11,30;15,80;39,60;98,70;108,60;4,50;4,50;49,10;15,80;14,60;
2026-07-10 11:51:00.0;OFF;ON;100;11,40;11,30;15,80;39,50;98,70;108,60;4,40;4,50;50,40;15,90;14,70;
2026-07-10 11:52:00.0;OFF;ON;100;11,40;11,30;15,80;39,50;98,70;108,60;4,40;4,50;50,50;15,90;14,70;
2026-07-10 11:53:00.0;OFF;ON;100;11,40;11,30;15,80;39,40;98,70;108,60;4,40;4,50;50,50;15,90;14,70;
2026-07-10 11:54:00.0;OFF;ON;100;11,30;11,30;15,80;39,40;98,70;108,60;4,50;4,50;50,60;15,90;14,70;
2026-07-10 11:55:00.0;OFF;ON;100;11,30;11,30;15,80;39,40;98,70;108,60;4,50;4,50;50,70;15,90;14,70;
2026-07-10 11:56:00.0;OFF;ON;100;11,30;11,30;15,80;39,30;98,70;108,60;4,50;4,50;51;15,90;14,70;
2026-07-10 11:57:00.0;OFF;ON;100;11,50;11,30;15,80;39,30;98,70;108,60;4,30;4,50;51,90;15,90;14,70;
2026-07-10 11:58:00.0;OFF;ON;100;11,40;11,30;15,80;39,30;98,70;108,60;4,40;4,50;51,60;15,90;14,70;
2026-07-10 11:59:00.0;OFF;ON;100;11,40;11,30;15,80;39,20;98,70;108,60;4,40;4,50;51,50;15,90;14,70;
2026-07-10 12:00:00.0;OFF;ON;100;11,30;11,20;15,70;39,10;98,70;108,60;4,50;4,50;51,70;15,80;14,70;
2026-07-10 12:01:00.0;OFF;ON;100;11,40;11,20;15,70;39,10;98,70;108,60;4,30;4,50;52,60;15,80;14,70;
2026-07-10 12:02:00.0;OFF;ON;100;11,40;11,20;15,70;39,10;98,70;108,60;4,30;4,50;52,90;15,80;14,60;
2026-07-10 12:03:00.0;OFF;ON;100;11,40;11,20;15,70;39;98,70;108,60;4,30;4,50;53;15,80;14,60;
2026-07-10 12:04:00.0;OFF;ON;100;11,30;11,20;15,60;39;98,70;108,60;4,30;4,50;53;15,80;14,60;
2026-07-10 12:05:00.0;OFF;ON;100;11,30;11,10;15,60;38,90;98,70;108,60;4,30;4,50;53,30;15,70;14,60;
2026-07-10 12:06:00.0;OFF;ON;100;11,30;11,10;15,60;38,90;98,70;108,60;4,30;4,50;53,50;15,70;14,60;
2026-07-10 12:07:00.0;OFF;ON;100;11,20;11,10;15,60;38,80;98,70;108,60;4,40;4,50;53,20;15,70;14,50;
2026-07-10 12:08:00.0;OFF;ON;100;11,10;11,10;15,50;38,80;98,70;108,60;4,40;4,50;53,50;15,60;14,50;
2026-07-10 12:09:00.0;OFF;ON;100;11,10;11;15,50;38,70;98,70;108,60;4,50;4,50;53,50;15,60;14,50;
2026-07-10 12:10:00.0;OFF;ON;100;11,10;11;15,50;38,70;98,70;108,60;4,40;4,50;53,60;15,60;14,50;
2026-07-10 12:11:00.0;OFF;ON;100;11;11;15,50;38,60;98,70;108,60;4,50;4,50;53,90;15,60;14,40;
2026-07-10 12:12:00.0;OFF;ON;100;11;11;15,40;38,60;98,70;108,60;4,40;4,50;54,10;15,50;14,40;
2026-07-10 12:13:00.0;OFF;ON;100;11;10,90;15,40;38,50;98,70;108,60;4,50;4,50;54,60;15,50;14,40;
2026-07-10 12:14:00.0;OFF;ON;100;11,10;10,90;15,40;38,50;98,70;108,60;4,30;4,50;55,30;15,40;14,30;
2026-07-10 12:15:00.0;OFF;ON;100;11,10;10,90;15,40;38,50;98,70;108,60;4,30;4,50;56;15,40;14,30;
2026-07-10 12:16:00.0;OFF;ON;100;11,10;10,90;15,30;38,40;98,70;108,60;4,30;4,50;56,20;15,40;14,30;
2026-07-10 12:17:00.0;OFF;ON;100;10,80;10,80;15,30;38,30;98,70;108,60;4,50;4,50;55,50;15,40;14,30;
2026-07-10 12:18:00.0;OFF;ON;100;10,80;10,80;15,20;38,30;98,70;108,60;4,50;4,50;55,60;15,30;14,20;
2026-07-10 12:19:00.0;OFF;ON;100;10,70;10,70;15,20;38,20;98,70;108,60;4,50;4,50;56;15,30;14,20;
2026-07-10 12:20:00.0;OFF;ON;100;10,90;10,70;15,20;38,20;98,70;108,60;4,30;4,50;56,90;15,20;14,20;
2026-07-10 12:21:00.0;OFF;ON;100;10,70;10,70;15,20;38,20;98,70;108,60;4,40;4,50;56,30;15,20;14,20;
2026-07-10 12:22:00.0;OFF;ON;100;10,90;10,60;15,10;38,10;98,70;108,60;4,30;4,50;57,40;15,10;14,10;
2026-07-10 12:23:00.0;OFF;ON;100;10,70;10,60;15,10;38,10;98,70;108,60;4,40;4,50;57,10;15,10;14,10;
2026-07-10 12:24:00.0;OFF;ON;100;10,60;10,60;15,10;38;98,70;108,60;4,40;4,50;56,80;15,10;14,10;
2026-07-10 12:25:00.0;OFF;ON;100;10,60;10,60;15,10;38;98,70;108,60;4,50;4,50;57,30;15;14;
2026-07-10 12:26:00.0;OFF;ON;100;10,60;10,50;15;37,90;98,70;108,60;4,40;4,50;57,70;15;14;
2026-07-10 12:27:00.0;OFF;ON;100;10,60;10,50;15;37,90;98,70;108,60;4,30;4,50;58,10;14,90;14;
2026-07-10 12:28:00.0;OFF;ON;100;10,40;10,40;14,90;37,80;98,70;108,60;4,50;4,50;57,60;14,90;13,90;
2026-07-10 12:29:00.0;OFF;ON;100;10,50;10,40;14,90;37,80;98,70;108,60;4,40;4,50;58,10;14,90;13,90;
2026-07-10 12:30:00.0;OFF;ON;100;10,50;10,40;14,90;37,70;98,70;108,60;4,40;4,50;58,20;14,90;13,90;
2026-07-10 12:31:00.0;OFF;ON;100;10,30;10,40;14,80;37,60;98,70;108,60;4,50;4,50;57,80;14,80;13,80;
2026-07-10 12:32:00.0;OFF;ON;100;10,40;10,30;14,80;37,60;98,80;108,50;4,40;4,50;58,30;14,80;13,80;
2026-07-10 12:33:00.0;OFF;ON;100;10,40;10,30;14,80;37,60;98,80;108,50;4,40;4,50;58,30;14,80;13,80;
2026-07-10 12:34:00.0;OFF;ON;100;10,20;10,30;14,70;37,50;98,70;108,50;4,50;4,50;58,20;14,70;13,70;
2026-07-10 12:35:00.0;OFF;ON;100;10,30;10,20;14,70;37,50;98,70;108,50;4,40;4,50;58,50;14,70;13,70;
2026-07-10 12:36:00.0;OFF;ON;100;10,20;10,20;14,70;37,40;98,80;108,50;4,50;4,50;58,40;14,70;13,60;
2026-07-10 12:37:00.0;OFF;ON;100;10,20;10,20;14,70;37,40;98,80;108,50;4,50;4,50;58,40;14,60;13,60;
2026-07-10 12:38:00.0;OFF;ON;100;10,20;10,20;14,60;37,30;98,80;108,50;4,40;4,50;58,70;14,60;13,60;
2026-07-10 12:39:00.0;OFF;ON;100;10,10;10,10;14,60;37,30;98,80;108,50;4,50;4,50;58,40;14,60;13,60;
2026-07-10 12:40:00.0;OFF;ON;100;10;10,10;14,60;37,20;98,80;108,50;4,50;4,50;58,70;14,50;13,60;
2026-07-10 12:41:00.0;OFF;ON;100;10;10;14,50;37,20;98,80;108,50;4,50;4,50;58,60;14,50;13,50;
2026-07-10 12:42:00.0;OFF;ON;100;10;10;14,50;37,10;98,80;108,50;4,50;4,50;57,80;14,50;13,40;
2026-07-10 12:43:00.0;OFF;ON;100;10;10;14,50;37;98,80;108,50;4,50;4,50;57,50;14,40;13,40;
2026-07-10 12:44:00.0;OFF;ON;100;9,90;10;14,40;37;98,80;108,50;4,50;4,50;57,50;14,40;13,40;
2026-07-10 12:45:00.0;OFF;ON;100;9,90;9,90;14,40;37;98,70;108,50;4,50;4,50;57,50;14,30;13,30;
2026-07-10 12:46:00.0;OFF;ON;100;9,90;9,90;14,40;36,90;98,70;108,50;4,50;4,50;57,20;14,30;13,30;
2026-07-10 12:47:00.0;OFF;ON;100;9,70;9,90;14,30;36,80;98,70;108,50;4,70;4,50;56,50;14,30;13,30;
2026-07-10 12:48:00.0;OFF;ON;100;9,80;9,80;14,30;36,80;98,70;108,50;4,50;4,50;57,10;14,30;13,20;
2026-07-10 12:49:00.0;OFF;ON;100;9,80;9,80;14,30;36,70;98,70;108,50;4,50;4,50;56,80;14,20;13,20;
2026-07-10 12:50:00.0;OFF;ON;100;9,70;9,80;14,20;36,70;98,70;108,50;4,50;4,50;56,60;14,20;13,10;
2026-07-10 12:51:00.0;OFF;ON;100;9,70;9,70;14,20;36,60;98,70;108,50;4,50;4,50;56,70;14,10;13,10;
2026-07-10 12:52:00.0;OFF;ON;100;9,60;9,70;14,20;36,60;98,70;108,50;4,60;4,50;56,30;14,10;13,10;
2026-07-10 12:53:00.0;OFF;ON;100;9,60;9,70;14,20;36,50;98,70;108,50;4,50;4,50;56,30;14,10;13,10;
2026-07-10 12:54:00.0;OFF;ON;100;9,70;9,60;14,10;36,50;98,70;108,50;4,50;4,50;56,30;14;13;
2026-07-10 12:55:00.0;OFF;ON;100;9,50;9,60;14,10;36,40;98,70;108,50;4,60;4,50;55,80;14;13;
2026-07-10 12:56:00.0;OFF;ON;100;9,50;9,60;14,10;36,40;98,70;108,50;4,50;4,50;56,10;14;13;
2026-07-10 12:57:00.0;OFF;ON;100;9,40;9,50;14;36,30;98,70;108,50;4,60;4,50;55,40;13,90;13;
2026-07-10 12:58:00.0;OFF;ON;100;9,40;9,50;14;36,30;98,70;108,50;4,60;4,50;55,30;13,90;12,90;
2026-07-10 12:59:00.0;OFF;ON;100;9,30;9,50;14;36,20;98,70;108,50;4,60;4,50;55,20;13,90;12,90;
2026-07-10 13:00:00.0;OFF;ON;100;9,30;9,50;13,90;36,20;98,70;108,50;4,70;4,50;55;13,80;12,90;
2026-07-10 13:01:00.0;OFF;ON;100;9,40;9,40;13,90;36,10;98,70;108,50;4,50;4,50;55,60;13,80;12,80;
2026-07-10 13:02:00.0;OFF;ON;100;9,20;9,40;13,90;36,10;98,70;108,50;4,60;4,50;54,90;13,80;12,80;
2026-07-10 13:03:00.0;OFF;ON;100;9,20;9,40;13,80;36;98,70;108,50;4,60;4,50;54,80;13,70;12,80;
2026-07-10 13:04:00.0;OFF;ON;100;9,30;9,30;13,80;35,90;98,70;108,50;4,50;4,50;55,10;13,70;12,70;
2026-07-10 13:05:00.0;OFF;ON;100;9,30;9,30;13,80;35,90;98,70;108,50;4,50;4,50;55;13,70;12,70;
2026-07-10 13:06:00.0;OFF;ON;100;9,30;9,30;13,80;35,90;98,70;108,50;4,50;4,50;54,80;13,70;12,70;
2026-07-10 13:07:00.0;OFF;ON;100;9,10;9,20;13,70;35,80;98,70;108,50;4,60;4,50;54,30;13,70;12,70;
2026-07-10 13:08:00.0;OFF;ON;100;9,10;9,20;13,70;35,70;98,70;108,50;4,60;4,50;54,30;13,60;12,60;
2026-07-10 13:09:00.0;OFF;ON;100;9,10;9,20;13,70;35,70;98,70;108,50;4,50;4,50;54,50;13,60;12,60;
2026-07-10 13:10:00.0;OFF;ON;100;9,10;9,10;13,60;35,60;98,70;108,50;4,50;4,50;54,20;13,50;12,50;
2026-07-10 13:11:00.0;OFF;ON;100;9;9,10;13,60;35,60;98,70;108,50;4,60;4,50;53,90;13,50;12,50;
2026-07-10 13:12:00.0;OFF;ON;100;9;9,10;13,60;35,50;98,70;108,50;4,60;4,50;53,80;13,50;12,50;
2026-07-10 13:13:00.0;OFF;ON;100;9;9,10;13,50;35,50;98,70;108,50;4,50;4,50;54;13,40;12,40;
2026-07-10 13:14:00.0;OFF;ON;100;8,90;9;13,50;35,40;98,70;108,50;4,60;4,50;53,60;13,40;12,40;
2026-07-10 13:15:00.0;OFF;ON;100;9;9;13,50;35,40;98,70;108,50;4,50;4,50;53,50;13,40;12,40;
2026-07-10 13:16:00.0;OFF;ON;100;8,90;9;13,50;35,30;98,70;108,50;4,50;4,50;53,40;13,30;12,30;
2026-07-10 13:17:00.0;OFF;ON;100;8,80;8,90;13,40;35,20;98,70;108,50;4,60;4,50;53,40;13,30;12,30;
2026-07-10 13:18:00.0;OFF;ON;100;8,90;8,90;13,40;35,20;98,70;108,50;4,50;4,50;53,40;13,30;12,30;
2026-07-10 13:19:00.0;OFF;ON;100;8,70;8,90;13,40;35,10;98,70;108,50;4,70;4,50;52,60;13,20;12,20;
2026-07-10 13:20:00.0;OFF;ON;100;8,70;8,90;13,30;35,10;98,70;108,50;4,60;4,50;52,60;13,20;12,20;
2026-07-10 13:21:00.0;OFF;ON;100;8,70;8,80;13,30;35;98,70;108,50;4,60;4,50;52,70;13,20;12,20;
2026-07-10 13:22:00.0;OFF;ON;100;8,60;8,80;13,30;35;98,70;108,50;4,60;4,50;52,30;13,10;12,10;
2026-07-10 13:23:00.0;OFF;ON;100;8,60;8,80;13,20;34,90;98,70;108,50;4,60;4,50;52,20;13,10;12,10;
2026-07-10 13:24:00.0;OFF;ON;100;8,70;8,70;13,20;34,90;98,70;108,50;4,60;4,50;52,40;13,10;12,10;
2026-07-10 13:25:00.0;OFF;ON;100;8,60;8,70;13,20;34,90;98,70;108,50;4,50;4,50;52,30;13;12,10;
2026-07-10 13:26:00.0;OFF;ON;100;8,60;8,70;13,20;34,80;98,70;108,50;4,50;4,50;52,10;13;12;
2026-07-10 13:27:00.0;OFF;ON;100;8,60;8,60;13,10;34,80;98,70;108,50;4,50;4,50;51,90;13;12;
2026-07-10 13:28:00.0;OFF;ON;100;8,60;8,60;13,10;34,70;98,70;108,50;4,50;4,50;52;13;12;
2026-07-10 13:29:00.0;OFF;ON;100;8,60;8,60;13,10;34,70;98,70;108,50;4,50;4,50;51,80;13;11,90;
2026-07-10 13:30:00.0;OFF;ON;100;8,40;8,60;13;34,60;98,70;108,50;4,60;4,50;51,40;12,90;11,90;
2026-07-10 13:31:00.0;OFF;ON;100;8,50;8,50;13;34,60;98,70;108,40;4,50;4,50;51,50;12,90;11,90;
2026-07-10 13:32:00.0;OFF;ON;100;8,40;8,50;13;34,50;98,70;108,50;4,60;4,50;51,10;12,90;11,80;
2026-07-10 13:33:00.0;OFF;ON;100;8,40;8,50;13;34,50;98,70;108,40;4,50;4,50;51,40;12,80;11,80;
2026-07-10 13:34:00.0;OFF;ON;100;8,30;8,40;12,90;34,40;98,70;108,40;4,60;4,50;50,80;12,80;11,80;
2026-07-10 13:35:00.0;OFF;ON;100;8,40;8,40;12,90;34,40;98,70;108,40;4,50;4,50;51;12,70;11,80;
2026-07-10 13:36:00.0;OFF;ON;100;8,40;8,40;12,90;34,40;98,70;108,40;4,50;4,50;51;12,70;11,70;
2026-07-10 13:37:00.0;OFF;ON;100;8,20;8,40;12,80;34,30;98,70;108,40;4,60;4,50;50,60;12,70;11,70;
2026-07-10 13:38:00.0;OFF;ON;100;8,20;8,30;12,80;34,30;98,70;108,40;4,60;4,50;50,70;12,60;11,70;
2026-07-10 13:39:00.0;OFF;ON;100;8,20;8,30;12,80;34,20;98,70;108,40;4,60;4,50;50,40;12,60;11,60;
2026-07-10 13:40:00.0;OFF;ON;100;8,30;8,30;12,80;34,20;98,70;108,40;4,50;4,50;50,60;12,60;11,60;
2026-07-10 13:41:00.0;OFF;ON;100;8,20;8,20;12,70;34,10;98,70;108,40;4,60;4,50;50,60;12,60;11,60;
2026-07-10 13:42:00.0;OFF;ON;100;8,10;8,20;12,70;34,10;98,70;108,40;4,60;4,50;50,20;12,60;11,50;
2026-07-10 13:43:00.0;OFF;ON;100;8,20;8,20;12,70;34;98,60;108,40;4,50;4,50;50,50;12,50;11,50;
2026-07-10 13:44:00.0;OFF;ON;100;8,10;8,10;12,60;34;98,60;108,40;4,50;4,50;50,30;12,50;11,50;
2026-07-10 13:45:00.0;OFF;ON;100;8,20;8,10;12,60;34;98,60;108,40;4,50;4,50;51,10;12,50;11,50;
2026-07-10 13:46:00.0;OFF;ON;100;8,20;8,10;12,60;33,90;98,50;108,40;4,40;4,50;51,20;12,40;11,50;
2026-07-10 13:47:00.0;OFF;ON;100;8,10;8,10;12,60;33,90;98,50;108,40;4,50;4,50;50,30;12,40;11,40;
2026-07-10 13:48:00.0;OFF;ON;100;8,10;8,10;12,50;33,80;98,50;108,40;4,40;4,50;51,30;12,40;11,40;
2026-07-10 13:49:00.0;OFF;ON;100;8;8;12,50;33,80;98,40;108,40;4,50;4,50;50,20;12,40;11,40;
2026-07-10 13:50:00.0;OFF;ON;100;8,10;8;12,50;33,70;98,30;108,40;4,40;4,50;51,30;12,30;11,30;
2026-07-10 13:51:00.0;OFF;ON;100;7,90;8;12,50;33,70;98,30;108,40;4,50;4,50;50,50;12,30;11,30;
2026-07-10 13:52:00.0;OFF;ON;100;8;8;12,40;33,60;98,30;108,40;4,40;4,50;51,30;12,30;11,30;
2026-07-10 13:53:00.0;OFF;ON;100;8;7,90;12,40;33,60;98,30;108,40;4,40;4,50;51,50;12,30;11,30;
2026-07-10 13:54:00.0;OFF;ON;100;8;7,90;12,40;33,50;98,30;108,40;4,40;4,50;51,50;12,20;11,20;
2026-07-10 13:55:00.0;OFF;ON;100;7,80;7,90;12,40;33,50;98,30;108,40;4,50;4,50;51,70;12,20;11,20;
2026-07-10 13:56:00.0;OFF;ON;100;7,90;7,80;12,30;33,50;98,30;108,40;4,50;4,50;51,70;12,20;11,20;
2026-07-10 13:57:00.0;OFF;ON;100;7,80;7,80;12,30;33,40;98,30;108,30;4,50;4,50;51,60;12,10;11,20;
2026-07-10 13:58:00.0;OFF;ON;100;7,90;7,80;12,30;33,40;98,30;108,40;4,40;4,50;52,10;12,10;11,10;
2026-07-10 13:59:00.0;OFF;ON;100;7,90;7,80;12,30;33,30;98,30;108,30;4,40;4,50;52,10;12,10;11,10;
2026-07-10 14:00:00.0;OFF;ON;100;7,90;7,70;12,20;33,30;98,20;108,30;4,30;4,50;52,50;12;11,10;
2026-07-10 14:01:00.0;OFF;ON;100;7,80;7,70;12,20;33,20;98,30;108,30;4,40;4,50;52,50;12;11,10;
2026-07-10 14:02:00.0;OFF;ON;100;7,80;7,70;12,20;33,20;98,20;108,30;4,40;4,50;52,60;12;11;
2026-07-10 14:03:00.0;OFF;ON;100;7,70;7,70;12,10;33,10;98,20;108,30;4,50;4,50;52,20;12;11;
2026-07-10 14:04:00.0;OFF;ON;100;7,70;7,60;12,10;33,10;98,10;108,30;4,50;4,50;52,50;11,90;11;
2026-07-10 14:05:00.0;OFF;ON;100;7,80;7,60;12,10;33;98,10;108,30;4,30;4,50;53,20;11,90;10,90;
2026-07-10 14:06:00.0;OFF;ON;100;7,60;7,60;12,10;33;98,20;108,30;4,50;4,50;53;11,90;10,90;
2026-07-10 14:07:00.0;OFF;ON;100;7,70;7,60;12;32,90;98,20;108,30;4,40;4,50;53,40;11,90;10,90;
2026-07-10 14:08:00.0;OFF;ON;100;7,70;7,50;12;32,90;98,20;108,30;4,30;4,50;53,80;11,90;10,90;
2026-07-10 14:09:00.0;OFF;ON;100;7,70;7,50;12;32,80;98,10;108,30;4,30;4,50;54,40;11,80;10,90;
2026-07-10 14:10:00.0;OFF;ON;100;7,60;7,50;12;32,80;98,20;108,30;4,40;4,50;54,20;11,80;10,80;
2026-07-10 14:11:00.0;OFF;ON;100;7,60;7,40;11,90;32,70;98,10;108,30;4,30;4,50;54,70;11,80;10,80;
2026-07-10 14:12:00.0;OFF;ON;100;7,60;7,40;11,90;32,70;98,10;108,30;4,30;4,50;55,10;11,70;10,80;
2026-07-10 14:13:00.0;OFF;ON;100;7,50;7,40;11,90;32,70;98;108,30;4,30;4,50;55;11,70;10,70;
2026-07-10 14:14:00.0;OFF;ON;100;7,40;7,40;11,90;32,60;98,10;108,30;4,40;4,50;54,50;11,70;10,70;
2026-07-10 14:15:00.0;OFF;ON;100;7,40;7,40;11,80;32,60;98,10;108,30;4,40;4,50;54,90;11,70;10,70;
2026-07-10 14:16:00.0;OFF;ON;100;7,40;7,30;11,80;32,50;98,10;108,30;4,40;4,50;55,30;11,60;10,70;
2026-07-10 14:17:00.0;OFF;ON;100;7,60;7,30;11,80;32,50;98,10;108,30;4,20;4,50;56,80;11,60;10,70;
2026-07-10 14:18:00.0;OFF;ON;100;7,40;7,30;11,80;32,40;98,10;108,30;4,40;4,50;56;11,60;10,60;
2026-07-10 14:19:00.0;OFF;ON;100;7,50;7,30;11,80;32,40;98,10;108,30;4,30;4,50;57,10;11,60;10,60;
2026-07-10 14:20:00.0;OFF;ON;100;7,50;7,20;11,70;32,30;98,10;108,30;4,20;4,50;57,90;11,60;10,60;
2026-07-10 14:21:00.0;OFF;ON;100;7,30;7,20;11,70;32,30;98,10;108,30;4,40;4,50;56,90;11,60;10,60;
2026-07-10 14:22:00.0;OFF;ON;100;7,50;7,20;11,70;32,20;98,10;108,30;4,20;4,50;58,60;11,50;10,50;
2026-07-10 14:23:00.0;OFF;ON;100;7,30;7,20;11,70;32,20;98;108,30;4,40;4,50;57,80;11,50;10,50;
2026-07-10 14:24:00.0;OFF;ON;100;7,50;7,20;11,60;32,10;98;108,30;4,20;4,50;59,70;11,50;10,50;
2026-07-10 14:25:00.0;OFF;ON;100;7,40;7,10;11,60;32,10;98;108,30;4,30;4,50;59,40;11,50;10,50;
2026-07-10 14:26:00.0;OFF;ON;100;7,10;7,10;11,60;32;98;108,30;4,50;4,50;58,60;11,50;10,50;
2026-07-10 14:27:00.0;OFF;ON;100;7,30;7,10;11,60;32;98;108,30;4,30;4,50;59,60;11,40;10,50;
2026-07-10 14:28:00.0;OFF;ON;100;7,10;7;11,50;32;98;108,30;4,40;4,50;59,10;11,40;10,40;
2026-07-10 14:29:00.0;OFF;ON;100;7,20;7;11,50;31,90;98;108,30;4,30;4,50;59,90;11,40;10,40;
2026-07-10 14:30:00.0;OFF;ON;100;7;7;11,50;31,90;97,90;108,30;4,50;4,50;59,70;11,40;10,30;
2026-07-10 14:31:00.0;OFF;ON;100;7;7;11,50;31,80;97,90;108,30;4,40;4,50;59,60;11,40;10,30;
2026-07-10 14:32:00.0;OFF;ON;100;7;6,90;11,40;31,80;98;108,30;4,40;4,50;59,90;11,30;10,30;
2026-07-10 14:33:00.0;OFF;ON;100;6,80;6,90;11,40;31,70;98;108,30;4,50;4,50;59,90;11,30;10,20;
2026-07-10 14:34:00.0;OFF;ON;100;6,80;6,90;11,40;31,70;97,90;108,20;4,60;4,50;59;11,30;10,20;
2026-07-10 14:35:00.0;OFF;ON;100;6,80;6,90;11,30;31,60;97,90;108,20;4,50;4,50;59,90;11,20;10,20;
2026-07-10 14:36:00.0;OFF;ON;100;6,80;6,80;11,30;31,60;97,90;108,20;4,50;4,50;59,80;11,20;10,10;
2026-07-10 14:37:00.0;OFF;ON;100;6,80;6,80;11,30;31,50;97,80;108,30;4,50;4,50;59;11,20;10,10;
2026-07-10 14:38:00.0;OFF;ON;100;6,80;6,80;11,20;31,50;97,90;108,30;4,40;4,50;60,10;11,10;10;
2026-07-10 14:39:00.0;OFF;ON;100;6,60;6,70;11,20;31,40;97,80;108,20;4,60;4,50;59;11,10;10;
2026-07-10 14:40:00.0;OFF;ON;100;6,70;6,70;11,20;31,40;97,80;108,20;4,50;4,50;60;11,10;10;
2026-07-10 14:41:00.0;OFF;ON;100;6,80;6,70;11,20;31,30;97,70;108,20;4,40;4,50;60,20;11;10;
2026-07-10 14:42:00.0;OFF;ON;100;6,60;6,60;11,10;31,30;97,80;108,20;4,50;4,50;60,10;11;10;
2026-07-10 14:43:00.0;OFF;ON;100;6,70;6,60;11,10;31,20;97,80;108,20;4,40;4,50;60,50;11;9,90;
2026-07-10 14:44:00.0;OFF;ON;100;6,70;6,60;11,10;31,20;97,80;108,20;4,40;4,50;60,60;11;9,90;
2026-07-10 14:45:00.0;OFF;ON;100;6,50;6,60;11,10;31,10;97,70;108,20;4,60;4,50;59,30;11;9,90;
2026-07-10 14:46:00.0;OFF;ON;100;6,50;6,50;11;31,10;97,70;108,20;4,60;4,50;59,50;10,90;9,90;
2026-07-10 14:47:00.0;OFF;ON;100;6,40;6,50;11;31;97,80;108,20;4,50;4,50;60,20;10,90;9,80;
2026-07-10 14:48:00.0;OFF;ON;100;6,60;6,50;11;31;97,80;108,20;4,40;4,50;60,50;10,80;9,80;
2026-07-10 14:49:00.0;OFF;ON;100;6,50;6,40;10,90;30,90;97,90;108,20;4,40;4,50;60,30;10,80;9,70;
2026-07-10 14:50:00.0;OFF;ON;100;6,40;6,40;10,90;30,90;97,70;108,20;4,50;4,50;60,20;10,80;9,70;
2026-07-10 14:51:00.0;OFF;ON;100;6,40;6,40;10,90;30,80;97,70;108,20;4,50;4,50;59,30;10,70;9,70;
2026-07-10 14:52:00.0;OFF;ON;100;6,30;6,30;10,80;30,80;97,70;108,20;4,60;4,50;59,30;10,70;9,70;
2026-07-10 14:53:00.0;OFF;ON;100;6,30;6,30;10,80;30,70;97,70;108,20;4,50;4,50;59,20;10,70;9,70;
2026-07-10 14:54:00.0;OFF;ON;100;6,20;6,30;10,80;30,70;97,60;108,20;4,60;4,50;59,10;10,70;9,60;
2026-07-10 14:55:00.0;OFF;ON;100;6,20;6,30;10,70;30,70;97,70;108,20;4,60;4,50;59,10;10,60;9,60;
2026-07-10 14:56:00.0;OFF;ON;100;6,20;6,20;10,70;30,60;97,70;108,20;4,50;4,50;60,30;10,60;9,60;
2026-07-10 14:57:00.0;OFF;ON;100;6,20;6,20;10,70;30,50;97,70;108,20;4,50;4,50;60,30;10,60;9,60;
2026-07-10 14:58:00.0;OFF;ON;100;6,30;6,20;10,70;30,50;97,70;108,20;4,40;4,50;60,40;10,60;9,60;
2026-07-10 14:59:00.0;OFF;ON;100;6,20;6,20;10,70;30,50;97,70;108,20;4,50;4,50;60,20;10,60;9,50;
2026-07-10 15:00:00.0;OFF;ON;100;6,20;6,20;10,60;30,40;97,70;108,20;4,40;4,50;60,20;10,50;9,50;
2026-07-10 15:01:00.0;OFF;ON;100;6,10;6,10;10,60;30,40;97,70;108,20;4,50;4,50;60,40;10,50;9,50;
2026-07-10 15:02:00.0;OFF;ON;100;6,10;6,10;10,60;30,30;97,70;108,20;4,50;4,50;60,50;10,50;9,50;
2026-07-10 15:03:00.0;OFF;ON;100;6,20;6,10;10,60;30,30;97,70;108,20;4,40;4,50;60,80;10,40;9,50;
2026-07-10 15:04:00.0;OFF;ON;100;6,20;6,10;10,60;30,20;97,70;108,10;4,40;4,50;60,70;10,40;9,50;
2026-07-10 15:05:00.0;OFF;ON;100;6,10;6,10;10,60;30,20;97,70;108,20;4,50;4,50;60,70;10,40;9,40;
2026-07-10 15:06:00.0;OFF;ON;100;6,10;6,10;10,50;30,10;97,80;108,20;4,50;4,50;60,50;10,40;9,40;
2026-07-10 15:07:00.0;OFF;ON;100;6;6;10,50;30,10;97,70;108,10;4,50;4,50;59,70;10,30;9,40;
2026-07-10 15:08:00.0;OFF;ON;100;6;6;10,50;30;97,70;108,10;4,50;4,50;60,50;10,30;9,40;
2026-07-10 15:09:00.0;OFF;ON;100;5,90;6;10,50;30;97,70;108,10;4,50;4,50;60,70;10,30;9,40;
2026-07-10 15:10:00.0;OFF;ON;100;6;5,90;10,40;29,90;97,70;108,10;4,50;4,50;60,80;10,30;9,30;
2026-07-10 15:11:00.0;OFF;ON;100;6;5,90;10,40;29,90;97,80;108,20;4,40;4,50;61,10;10,20;9,30;
2026-07-10 15:12:00.0;OFF;ON;100;5,90;5,90;10,40;29,80;97,80;108,10;4,50;4,50;60,90;10,20;9,30;
2026-07-10 15:13:00.0;OFF;ON;100;5,90;5,90;10,40;29,80;97,80;108,20;4,50;4,50;61,10;10,20;9,30;
2026-07-10 15:14:00.0;OFF;ON;100;5,80;5,90;10,30;29,80;97,70;108,20;4,50;4,50;61,10;10,20;9,30;
2026-07-10 15:15:00.0;OFF;ON;100;5,80;5,80;10,30;29,70;97,70;108,20;4,50;4,50;61,10;10,10;9,20;
2026-07-10 15:16:00.0;OFF;ON;100;5,80;5,80;10,30;29,70;97,60;108,20;4,50;4,50;59,90;10,10;9,20;
2026-07-10 15:17:00.0;OFF;ON;100;5,70;5,80;10,30;29,70;97,60;108,20;4,50;4,50;59,70;10,10;9,20;
2026-07-10 15:18:00.0;OFF;ON;100;5,60;5,70;10,20;29,60;97,50;108,20;4,60;4,50;59,20;10,10;9,10;
2026-07-10 15:19:00.0;OFF;ON;100;5,60;5,70;10,20;29,60;97,60;108,20;4,50;4,50;59,60;10;9,10;
2026-07-10 15:20:00.0;OFF;ON;100;5,60;5,70;10,10;29,50;97,50;108,20;4,50;4,50;59,40;10;9,10;
2026-07-10 15:21:00.0;OFF;ON;100;5,50;5,60;10,10;29,50;97,60;108,20;4,60;4,50;59,30;10;9;
2026-07-10 15:22:00.0;OFF;ON;100;5,60;5,60;10,10;29,40;97,60;108,20;4,50;4,50;59,50;9,90;9;
2026-07-10 15:23:00.0;OFF;ON;100;5,60;5,60;10,10;29,40;97,50;108,20;4,40;4,50;60,10;9,90;9;
2026-07-10 15:24:00.0;OFF;ON;100;5,60;5,50;10,10;29,30;97,50;108,20;4,50;4,50;59,30;9,90;9;
2026-07-10 15:25:00.0;OFF;ON;100;5,50;5,50;10;29,30;97,50;108,20;4,50;4,50;59,30;9,90;9;
2026-07-10 15:26:00.0;OFF;ON;100;5,40;5,50;10;29,30;97,40;108,20;4,60;4,50;58,80;9,90;9;
2026-07-10 15:27:00.0;OFF;ON;100;5,40;5,50;10;29,20;97,40;108,20;4,60;4,50;59;9,90;8,90;
2026-07-10 15:28:00.0;OFF;ON;100;5,40;5,50;9,90;29,20;97,50;108,10;4,50;4,50;59,80;9,80;8,90;
2026-07-10 15:29:00.0;OFF;ON;100;5,50;5,40;9,90;29,10;97,60;108,10;4,50;4,50;59,10;9,80;8,90;
2026-07-10 15:30:00.0;OFF;ON;100;5,40;5,40;9,90;29,10;97,50;108,10;4,50;4,50;59;9,80;8,80;
2026-07-10 15:31:00.0;OFF;ON;100;5,30;5,40;9,90;29;97,50;108,10;4,50;4,50;59;9,80;8,80;
2026-07-10 15:32:00.0;OFF;ON;100;5,50;5,40;9,90;29;97,40;108,10;4,40;4,50;60,10;9,70;8,80;
2026-07-10 15:33:00.0;OFF;ON;100;5,30;5,30;9,80;29;97,50;108,10;4,50;4,50;59,80;9,70;8,80;
2026-07-10 15:34:00.0;OFF;ON;100;5,30;5,30;9,80;28,90;97,40;108,10;4,50;4,50;59,80;9,70;8,80;
2026-07-10 15:35:00.0;OFF;ON;100;5,30;5,30;9,80;28,90;97,40;108,10;4,50;4,50;59,90;9,70;8,80;
2026-07-10 15:36:00.0;OFF;ON;100;5,20;5,30;9,80;28,80;97,50;108,10;4,50;4,50;60,10;9,70;8,70;
2026-07-10 15:37:00.0;OFF;ON;100;5,40;5,30;9,80;28,80;97,50;108,10;4,40;4,50;60,40;9,60;8,70;
2026-07-10 15:38:00.0;OFF;ON;100;5,30;5,20;9,70;28,80;97,40;108,10;4,40;4,50;60,30;9,60;8,70;
2026-07-10 15:39:00.0;OFF;ON;100;5,30;5,20;9,70;28,70;97,40;108,10;4,50;4,50;60,30;9,60;8,70;
2026-07-10 15:40:00.0;OFF;ON;100;5,20;5,20;9,70;28,70;97,50;108,10;4,50;4,50;60,50;9,60;8,70;
2026-07-10 15:41:00.0;OFF;ON;100;5,20;5,20;9,70;28,60;97,40;108,10;4,50;4,50;60,50;9,60;8,60;
2026-07-10 15:42:00.0;OFF;ON;100;5,20;5,20;9,60;28,60;97,40;108,10;4,50;4,50;60,60;9,50;8,60;
2026-07-10 15:43:00.0;OFF;ON;100;5,30;5,10;9,60;28,50;97,40;108,10;4,30;4,50;61,50;9,50;8,60;
2026-07-10 15:44:00.0;OFF;ON;100;5,10;5,10;9,60;28,50;97,40;108,10;4,50;4,50;60,80;9,50;8,60;
2026-07-10 15:45:00.0;OFF;ON;100;5,20;5,10;9,60;28,50;97,40;108,10;4,40;4,50;61,30;9,50;8,60;
2026-07-10 15:46:00.0;OFF;ON;100;5,10;5,10;9,60;28,40;97,50;108,10;4,50;4,50;61,30;9,50;8,50;
2026-07-10 15:47:00.0;OFF;ON;100;5,20;5,10;9,60;28,40;97,40;108,10;4,40;4,50;61,80;9,40;8,50;
2026-07-10 15:48:00.0;OFF;ON;100;5,20;5;9,50;28,30;97,50;108,10;4,30;4,50;62,30;9,40;8,50;
2026-07-10 15:49:00.0;OFF;ON;100;5,10;5;9,50;28,30;97,40;108,10;4,50;4,50;61,70;9,40;8,50;
2026-07-10 15:50:00.0;OFF;ON;100;5,10;5;9,50;28,30;97,50;108,10;4,40;4,50;61,90;9,40;8,50;
2026-07-10 15:51:00.0;OFF;ON;100;5;5;9,50;28,20;97,50;108,10;4,50;4,50;62;9,30;8,40;
2026-07-10 15:52:00.0;OFF;ON;100;5;5;9,50;28,20;97,40;108,10;4,50;4,50;61,10;9,30;8,40;
2026-07-10 15:53:00.0;OFF;ON;100;5;4,90;9,40;28,10;97,40;108;4,40;4,50;61,90;9,30;8,40;
2026-07-10 15:54:00.0;OFF;ON;100;4,90;4,90;9,40;28,10;97,50;108;4,50;4,50;61,90;9,30;8,30;
2026-07-10 15:55:00.0;OFF;ON;100;4,80;4,90;9,40;28,10;97,30;108;4,60;4,50;61,20;9,30;8,30;
2026-07-10 15:56:00.0;OFF;ON;100;4,90;4,90;9,40;28;97,40;108;4,50;4,50;62,20;9,30;8,30;
2026-07-10 15:57:00.0;OFF;ON;100;4,80;4,80;9,30;28;97,30;108;4,50;4,50;61,30;9,20;8,30;
2026-07-10 15:58:00.0;OFF;ON;100;4,80;4,80;9,30;27,90;97,30;108;4,50;4,50;62,30;9,20;8,20;
2026-07-10 15:59:00.0;OFF;ON;100;4,90;4,80;9,30;27,90;97,40;108;4,40;4,50;62,70;9,10;8,20;
2026-07-10 16:00:00.0;OFF;ON;100;4,70;4,80;9,30;27,80;97,30;108;4,50;4,50;62,30;9,20;8,20;
2026-07-10 16:01:00.0;OFF;ON;100;4,70;4,80;9,20;27,80;97,30;108;4,50;4,50;62,40;9,10;8,20;
2026-07-10 16:02:00.0;OFF;ON;100;4,80;4,70;9,20;27,80;97,40;108;4,50;4,50;62,60;9,10;8,20;
2026-07-10 16:03:00.0;OFF;ON;100;4,70;4,70;9,20;27,70;97,20;108;4,50;4,50;62,50;9,10;8,10;
2026-07-10 16:04:00.0;OFF;ON;100;4,70;4,70;9,20;27,70;97,30;108;4,50;4,50;61,90;9,10;8,10;
2026-07-10 16:05:00.0;OFF;ON;100;4,60;4,70;9,20;27,60;97,30;108;4,60;4,50;61,70;9;8,10;
2026-07-10 16:06:00.0;OFF;ON;100;4,70;4,60;9,10;27,60;97,30;108;4,50;4,50;61,70;9;8;
2026-07-10 16:07:00.0;OFF;ON;100;4,70;4,60;9,10;27,50;97,20;108;4,50;4,50;61,90;9;8;
2026-07-10 16:08:00.0;OFF;ON;100;4,60;4,60;9,10;27,50;97,30;108;4,50;4,50;62,60;9;8;
2026-07-10 16:09:00.0;OFF;ON;100;4,50;4,60;9,10;27,50;97,20;108;4,50;4,50;62,70;8,90;8;
2026-07-10 16:10:00.0;OFF;ON;100;4,50;4,50;9;27,40;97,20;108;4,50;4,50;61,90;8,90;7,90;
2026-07-10 16:11:00.0;OFF;ON;100;4,50;4,50;9;27,40;97,20;108;4,50;4,50;62,70;8,90;7,90;
2026-07-10 16:12:00.0;OFF;ON;100;4,50;4,50;9;27,30;97,20;108;4,50;4,50;62,80;8,90;7,90;
2026-07-10 16:13:00.0;OFF;ON;100;4,60;4,50;9;27,30;97,20;108;4,40;4,50;63,20;8,80;7,90;
2026-07-10 16:14:00.0;OFF;ON;100;4,50;4,50;9;27,30;97,30;108;4,50;4,50;62,20;8,90;7,80;
2026-07-10 16:15:00.0;OFF;ON;100;4,40;4,50;8,90;27,20;97,20;108;4,50;4,50;63;8,80;7,80;
2026-07-10 16:16:00.0;OFF;ON;100;4,40;4,40;8,90;27,20;97,10;108;4,50;4,50;63,20;8,80;7,80;
2026-07-10 16:17:00.0;OFF;ON;100;4,50;4,40;8,90;27,10;97,30;108;4,40;4,50;63,70;8,80;7,80;
2026-07-10 16:18:00.0;OFF;ON;100;4,30;4,40;8,90;27,10;97,20;108;4,60;4,50;62,50;8,80;7,80;
2026-07-10 16:19:00.0;OFF;ON;100;4,30;4,40;8,90;27;97,30;108;4,50;4,50;62,60;8,80;7,70;
2026-07-10 16:20:00.0;OFF;ON;100;4,30;4,30;8,80;27;97,30;108;4,50;4,50;63,40;8,70;7,70;
2026-07-10 16:21:00.0;OFF;ON;100;4,40;4,40;8,90;27;97,20;108;4,50;4,50;62,30;8,70;7,70;
2026-07-10 16:22:00.0;OFF;ON;100;4,30;4,30;8,80;26,90;97,30;108;4,50;4,50;63,30;8,70;7,70;
2026-07-10 16:23:00.0;OFF;ON;100;4,30;4,30;8,80;26,90;97,20;108;4,50;4,50;62,50;8,70;7,60;
2026-07-10 16:24:00.0;OFF;ON;100;4,40;4,30;8,80;26,80;97,10;108;4,50;4,50;62,40;8,60;7,60;
2026-07-10 16:25:00.0;OFF;ON;100;4,30;4,30;8,80;26,80;97,20;108;4,50;4,50;63,20;8,60;7,60;
2026-07-10 16:26:00.0;OFF;ON;100;4,30;4,30;8,70;26,70;97,20;108;4,40;4,50;63,50;8,60;7,60;
2026-07-10 16:27:00.0;OFF;ON;100;4,20;4,20;8,70;26,70;97,20;108;4,50;4,50;62,50;8,60;7,60;
2026-07-10 16:28:00.0;OFF;ON;100;4,30;4,20;8,70;26,70;97,20;108;4,40;4,50;63,40;8,60;7,60;
2026-07-10 16:29:00.0;OFF;ON;100;4,20;4,20;8,70;26,60;97,20;107,90;4,50;4,50;63,30;8,60;7,50;
2026-07-10 16:30:00.0;OFF;ON;100;4,10;4,20;8,70;26,60;97,20;107,90;4,60;4,50;62,30;8,50;7,50;
2026-07-10 16:31:00.0;OFF;ON;100;4,10;4,20;8,70;26,50;97,20;107,90;4,60;4,50;62,40;8,50;7,50;
2026-07-10 16:32:00.0;OFF;ON;100;4,20;4,20;8,70;26,50;97,30;107,90;4,50;4,50;62,50;8,50;7,50;
2026-07-10 16:33:00.0;OFF;ON;100;4,30;4,20;8,70;26,40;97,40;107,90;4,40;4,50;63,40;8,50;7,50;
2026-07-10 16:34:00.0;OFF;ON;100;4,20;4,20;8,70;26,40;97,40;107,90;4,50;4,50;63,30;8,50;7,50;
2026-07-10 16:35:00.0;OFF;ON;100;4,30;4,20;8,70;26,40;97,30;107,90;4,40;4,50;63,50;8,40;7,50;
2026-07-10 16:36:00.0;OFF;ON;100;4,10;4,20;8,70;26,30;97,40;107,90;4,50;4,50;63,30;8,40;7,50;
2026-07-10 16:37:00.0;OFF;ON;100;4,20;4,20;8,70;26,30;97,40;107,90;4,50;4,50;63,50;8,40;7,40;
2026-07-10 16:38:00.0;OFF;ON;100;4,20;4,10;8,60;26,20;97,20;107,90;4,40;4,50;63,70;8,40;7,40;
2026-07-10 16:39:00.0;OFF;ON;100;4,20;4,10;8,60;26,20;97,30;107,90;4,50;4,50;63,60;8,40;7,40;
2026-07-10 16:40:00.0;OFF;ON;100;4,10;4,10;8,60;26,10;97,30;107,90;4,50;4,50;63,60;8,40;7,40;
2026-07-10 16:41:00.0;OFF;ON;100;4,10;4,10;8,60;26,10;97,30;107,90;4,50;4,50;62,80;8,40;7,40;
2026-07-10 16:42:00.0;OFF;ON;100;4,10;4,10;8,60;26,10;97,30;107,90;4,50;4,50;62,80;8,30;7,40;
2026-07-10 16:43:00.0;OFF;ON;100;4,10;4,10;8,60;26;97,30;107,90;4,50;4,50;62,70;8,30;7,40;
2026-07-10 16:44:00.0;OFF;ON;100;4,10;4,10;8,60;26;97,30;107,90;4,50;4,50;62,50;8,30;7,30;
2026-07-10 16:45:00.0;OFF;ON;100;4;4,10;8,60;25,90;97,40;107,90;4,60;4,50;62;8,30;7,30;
2026-07-10 16:46:00.0;OFF;ON;100;3,80;4,10;8,60;25,90;97,30;107,90;4,80;4,50;60,90;8,30;7,30;
2026-07-10 16:47:00.0;OFF;ON;100;3,60;4,10;8,60;25,80;97,30;107,80;5;4,50;59;8,30;7,30;
2026-07-10 16:48:00.0;OFF;ON;100;3,60;4,10;8,50;25,80;97,20;107,90;4,90;4,50;58,40;8,20;7,10;
2026-07-10 16:49:00.0;OFF;ON;100;3,60;4;8,50;25,80;97,20;107,90;4,80;4,50;58,40;8,20;7,10;
2026-07-10 16:50:00.0;OFF;ON;100;3,80;3,90;8,40;25,70;97,10;107,90;4,60;4,50;59,40;8,10;7;
2026-07-10 16:51:00.0;OFF;ON;100;3,80;3,90;8,40;25,70;97,10;107,90;4,60;4,50;59,20;8,10;7,10;
2026-07-10 16:52:00.0;OFF;ON;100;3,90;3,90;8,40;25,60;97,10;107,90;4,50;4,50;59,40;8,10;7,10;
2026-07-10 16:53:00.0;OFF;ON;100;4;3,90;8,40;25,60;97,10;107,90;4,50;4,50;59,50;8,10;7,10;
2026-07-10 16:54:00.0;OFF;ON;100;3,90;3,90;8,40;25,50;97,10;107,90;4,50;4,50;59,40;8,10;7,10;
2026-07-10 16:55:00.0;OFF;ON;100;3,90;3,90;8,40;25,50;97,30;107,90;4,50;4,50;59,40;8,10;7,10;
2026-07-10 16:56:00.0;OFF;ON;100;3,90;3,90;8,40;25,50;97,30;107,90;4,50;4,50;60;8,10;7,10;
2026-07-10 16:57:00.0;OFF;ON;100;3,90;3,90;8,40;25,40;97,30;107,80;4,50;4,50;60,10;8,10;7,10;
2026-07-10 16:58:00.0;OFF;ON;100;3,90;3,90;8,40;25,40;97,40;107,90;4,50;4,50;60,10;8,10;7,10;
2026-07-10 16:59:00.0;OFF;ON;100;3,90;3,90;8,40;25,30;97,40;107,90;4,50;4,50;60,20;8,10;7,10;
2026-07-10 17:00:00.0;OFF;ON;100;4;3,90;8,30;25,30;97,30;107,90;4,40;4,50;60,70;8;7,10;
2026-07-10 17:01:00.0;OFF;ON;100;4;3,80;8,30;25,20;97,30;107,90;4,40;4,50;60,80;8;7,10;
2026-07-10 17:02:00.0;OFF;ON;100;3,90;3,80;8,30;25,20;97,30;107,90;4,50;4,50;60,60;8;7;
2026-07-10 17:03:00.0;OFF;ON;100;3,90;3,80;8,30;25,10;97,30;107,90;4,40;4,50;60,80;8;7;
2026-07-10 17:04:00.0;OFF;ON;100;4;3,80;8,30;25,10;97,30;107,90;4,40;4,50;60,80;8;7;
2026-07-10 17:05:00.0;OFF;ON;100;3,90;3,90;8,40;25,10;97,40;107,90;4,50;4,50;60,60;8;7;
2026-07-10 17:06:00.0;OFF;ON;100;3,90;3,80;8,30;25;97,40;107,80;4,40;4,50;61,10;8;7;
2026-07-10 17:07:00.0;OFF;ON;100;3,80;3,80;8,30;25;97,40;107,80;4,50;4,50;61,10;8;7;
2026-07-10 17:08:00.0;OFF;ON;100;3,90;3,80;8,30;25;97,30;107,80;4,40;4,50;61;8;7;
2026-07-10 17:09:00.0;OFF;ON;100;3,90;3,80;8,30;24,90;97,30;107,80;4,30;4,50;61,70;7,90;7;
2026-07-10 17:10:00.0;OFF;ON;100;3,80;3,80;8,30;24,90;97,30;107,80;4,50;4,50;61,50;7,90;7;
2026-07-10 17:11:00.0;OFF;ON;100;3,80;3,70;8,20;24,80;97,30;107,80;4,50;4,50;61,70;7,90;7;
2026-07-10 17:12:00.0;OFF;ON;100;3,90;3,70;8,20;24,80;97,30;107,80;4,30;4,50;62,40;7,90;6,90;
2026-07-10 17:13:00.0;OFF;ON;100;3,90;3,70;8,20;24,80;97,30;107,80;4,30;4,50;62,40;7,90;6,90;
2026-07-10 17:14:00.0;OFF;ON;100;3,70;3,70;8,20;24,70;97,20;107,80;4,50;4,50;62,20;7,90;6,90;
2026-07-10 17:15:00.0;OFF;ON;100;3,70;3,70;8,20;24,70;97,20;107,80;4,50;4,50;62,10;7,90;6,90;
2026-07-10 17:16:00.0;OFF;ON;100;3,90;3,70;8,20;24,70;97,20;107,80;4,40;4,50;62,80;7,80;6,90;
2026-07-10 17:17:00.0;OFF;ON;100;3,70;3,70;8,20;24,60;97,20;107,80;4,50;4,50;62,40;7,80;6,90;
2026-07-10 17:18:00.0;OFF;ON;100;3,70;3,70;8,20;24,60;97,20;107,80;4,50;4,50;62,40;7,80;6,80;
2026-07-10 17:19:00.0;OFF;ON;100;3,90;3,80;8,30;24,60;97,30;107,80;4,40;4,50;62,70;8,10;7;
2026-07-10 17:20:00.0;OFF;ON;100;3,90;3,90;8,40;24,50;97,70;107,80;4,40;4,50;62,60;8,20;7,20;
2026-07-10 17:21:00.0;OFF;ON;100;4;3,90;8,40;24,50;97,90;107,80;4,40;4,50;62,80;8,30;7,30;
2026-07-10 17:22:00.0;OFF;ON;100;4;4;8,50;24,40;98;107,80;4,40;4,50;63,10;8,40;7,40;
2026-07-10 17:23:00.0;OFF;ON;100;4,20;4;8,50;24,40;98,10;107,80;4,30;4,50;64,30;8,40;7,40;
2026-07-10 17:24:00.0;OFF;ON;100;4,30;4;8,60;24,40;98,20;107,80;4,30;4,50;64,70;8,50;7,50;
2026-07-10 17:25:00.0;OFF;ON;100;4,20;4,10;8,60;24,30;98,20;107,80;4,40;4,50;64,10;8,50;7,50;
2026-07-10 17:26:00.0;OFF;ON;100;4,10;4,10;8,60;24,30;98,30;107,80;4,50;4,50;63,90;8,50;7,60;
2026-07-10 17:27:00.0;OFF;ON;100;4,20;4,10;8,60;24,30;98,40;107,80;4,50;4,50;64;8,60;7,60;
2026-07-10 17:28:00.0;OFF;ON;100;4,20;4,20;8,70;24,20;98,50;107,80;4,50;4,50;64,20;8,70;7,70;
2026-07-10 17:29:00.0;OFF;ON;100;4,20;4,20;8,70;24,20;98,50;107,80;4,50;4,50;64,10;8,70;7,70;
2026-07-10 17:30:00.0;OFF;ON;100;4,20;4,20;8,70;24,10;98,50;107,80;4,50;4,50;64,10;8,70;7,80;
2026-07-10 17:31:00.0;OFF;ON;100;4,20;4,20;8,70;24,10;98,50;107,80;4,50;4,50;63,30;8,60;7,70;
2026-07-10 17:32:00.0;OFF;ON;100;4,10;4,20;8,60;24,10;98,50;107,80;4,60;4,50;63,30;8,60;7,70;
2026-07-10 17:33:00.0;OFF;ON;100;4,10;4,10;8,60;24;98,40;107,80;4,50;4,50;64,20;8,50;7,60;
2026-07-10 17:34:00.0;OFF;ON;100;4;4,10;8,60;24;98,30;107,80;4,60;4,50;63,10;8,50;7,60;
2026-07-10 17:35:00.0;OFF;ON;100;4;4,10;8,60;24;98,30;107,80;4,60;4,50;62,90;8,50;7,60;
2026-07-10 17:36:00.0;OFF;ON;100;4,10;4,10;8,60;23,90;98,20;107,80;4,50;4,50;63;8,50;7,50;
2026-07-10 17:37:00.0;OFF;ON;100;4,10;4;8,50;23,90;98,20;107,80;4,50;4,50;62,80;8,50;7,50;
2026-07-10 17:38:00.0;OFF;ON;100;4,10;4;8,50;23,90;98,10;107,80;4,50;4,50;62,80;8,50;7,50;
2026-07-10 17:39:00.0;OFF;ON;100;4;4;8,50;23,80;98,10;107,80;4,50;4,50;62,80;8,50;7,50;
2026-07-10 17:40:00.0;OFF;ON;100;4;4;8,50;23,80;98;107,80;4,50;4,50;62,70;8,40;7,40;
2026-07-10 17:41:00.0;OFF;ON;100;4;4;8,50;23,80;98;107,80;4,50;4,50;62,60;8,40;7,40;
2026-07-10 17:42:00.0;OFF;ON;100;3,90;3,90;8,40;23,70;97,90;107,80;4,50;4,50;62,60;8,30;7,40;
2026-07-10 17:43:00.0;OFF;ON;100;3,90;3,90;8,40;23,70;97,80;107,80;4,50;4,50;62,30;8,30;7,30;
2026-07-10 17:44:00.0;OFF;ON;100;3,80;3,90;8,40;23,60;97,80;107,80;4,60;4,50;62,20;8,30;7,30;
2026-07-10 17:45:00.0;OFF;ON;100;3,90;3,90;8,40;23,60;97,60;107,80;4,50;4,50;62,20;8,30;7,30;
2026-07-10 17:46:00.0;OFF;ON;100;3,80;3,90;8,40;23,60;97,60;107,80;4,50;4,50;62,20;8,30;7,30;
2026-07-10 17:47:00.0;OFF;ON;100;3,80;3,80;8,30;23,50;97,50;107,80;4,50;4,50;62,10;8,20;7,20;
2026-07-10 17:48:00.0;OFF;ON;100;3,90;3,80;8,30;23,50;97,50;107,80;4,40;4,50;62,90;8,20;7,20;
2026-07-10 17:49:00.0;OFF;ON;100;3,70;3,80;8,30;23,50;97,40;107,80;4,60;4,50;61,90;8,20;7,20;
2026-07-10 17:50:00.0;OFF;ON;100;3,70;3,80;8,30;23,40;97,40;107,80;4,60;4,50;61,70;8,20;7,20;
2026-07-10 17:51:00.0;OFF;ON;100;3,70;3,80;8,20;23,40;97,40;107,80;4,50;4,50;62,70;8,10;7,10;
2026-07-10 17:52:00.0;OFF;ON;100;3,70;3,70;8,20;23,30;97,40;107,80;4,50;4,50;61,70;8,10;7,10;
2026-07-10 17:53:00.0;OFF;ON;100;3,70;3,70;8,20;23,30;97,30;107,80;4,50;4,50;61,60;8,10;7,10;
2026-07-10 17:54:00.0;OFF;ON;100;3,70;3,70;8,20;23,30;97,30;107,80;4,50;4,50;61,70;8,10;7,10;
2026-07-10 17:55:00.0;OFF;ON;100;3,60;3,70;8,20;23,20;97,40;107,80;4,60;4,50;61,50;8,10;7,10;
2026-07-10 17:56:00.0;OFF;ON;100;3,70;3,70;8,20;23,20;97,30;107,80;4,50;4,50;61,70;8,10;7,10;
2026-07-10 17:57:00.0;OFF;ON;100;3,60;3,70;8,10;23,20;97,30;107,80;4,50;4,50;62,50;8;7;
2026-07-10 17:58:00.0;OFF;ON;100;3,60;3,60;8,10;23,10;97,20;107,80;4,50;4,50;61,50;8,10;7;
2026-07-10 17:59:00.0;OFF;ON;100;3,70;3,60;8,10;23,10;97,20;107,80;4,40;4,50;62,50;8,10;7;
2026-07-10 18:00:00.0;OFF;ON;100;3,70;3,60;8,20;23;97,30;107,80;4,40;4,50;62,50;8,10;7;
2026-07-10 18:01:00.0;OFF;ON;100;3,70;3,60;8,10;23;97,30;107,80;4,50;4,50;62,50;8,10;7;
2026-07-10 18:02:00.0;OFF;ON;100;3,60;3,60;8,10;23;97,30;107,80;4,50;4,50;62,50;8;7;
2026-07-10 18:03:00.0;OFF;ON;100;3,50;3,60;8,10;22,90;97,30;107,80;4,50;4,50;62,60;8;7;
2026-07-10 18:04:00.0;OFF;ON;100;3,50;3,60;8;22,90;97,10;107,80;4,50;4,50;62,70;7,90;6,90;
2026-07-10 18:05:00.0;OFF;ON;100;3,60;3,50;8;22,90;97,10;107,80;4,40;4,50;63,10;7,90;6,90;
2026-07-10 18:06:00.0;OFF;ON;100;3,60;3,50;8;22,80;97;107,80;4,40;4,50;63,10;7,90;6,90;
2026-07-10 18:07:00.0;OFF;ON;100;3,50;3,50;8;22,80;97;107,80;4,40;4,50;62,90;7,90;6,80;
2026-07-10 18:08:00.0;OFF;ON;100;3,50;3,50;7,90;22,80;97;107,80;4,50;4,50;62,90;7,80;6,80;
2026-07-10 18:09:00.0;OFF;ON;100;3,50;3,40;7,90;22,70;97;107,80;4,40;4,50;63,20;7,80;6,80;
2026-07-10 18:10:00.0;OFF;ON;100;3,40;3,40;7,90;22,70;97;107,80;4,50;4,50;63,20;7,80;6,80;
2026-07-10 18:11:00.0;OFF;ON;100;3,40;3,40;7,90;22,60;97;107,80;4,50;4,50;63,10;7,80;6,70;
2026-07-10 18:12:00.0;OFF;ON;100;3,50;3,40;7,90;22,60;97;107,80;4,30;4,50;63,30;7,80;6,70;
2026-07-10 18:13:00.0;OFF;ON;100;3,50;3,40;7,90;22,60;97;107,80;4,30;4,50;64,30;7,80;6,70;
2026-07-10 18:14:00.0;OFF;ON;100;3,40;3,30;7,80;22,50;97;107,80;4,40;4,50;63,90;7,80;6,70;
2026-07-10 18:15:00.0;OFF;ON;100;3,50;3,30;7,80;22,50;97;107,80;4,30;4,50;64,90;7,70;6,70;
2026-07-10 18:16:00.0;OFF;ON;100;3,50;3,30;7,80;22,50;97;107,80;4,30;4,50;65,20;7,70;6,70;
2026-07-10 18:17:00.0;OFF;ON;100;3,30;3,30;7,80;22,40;97;107,70;4,50;4,50;63,60;7,70;6,70;
2026-07-10 18:18:00.0;OFF;ON;100;3;3,30;7,80;22,40;97;107,70;4,80;4,50;62;7,70;6,60;
2026-07-10 18:19:00.0;OFF;ON;100;3;3,20;7,70;22,30;96,90;107,70;4,70;4,50;61,90;7,60;6,50;
2026-07-10 18:20:00.0;OFF;ON;100;3,10;3,20;7,70;22,30;96,90;107,80;4,60;4,50;62,20;7,50;6,40;
2026-07-10 18:21:00.0;OFF;ON;100;3,10;3,10;7,60;22,30;96,70;107,70;4,50;4,50;62,10;7,50;6,30;
2026-07-10 18:22:00.0;OFF;ON;100;3,10;3,10;7,60;22,20;96,70;107,70;4,50;4,50;63;7,50;6,40;
2026-07-10 18:23:00.0;OFF;ON;100;3,30;3,10;7,60;22,20;96,70;107,70;4,30;4,50;63,90;7,50;6,40;
2026-07-10 18:24:00.0;OFF;ON;100;3,20;3,10;7,60;22,20;96,80;107,70;4,40;4,50;63,90;7,50;6,40;
2026-07-10 18:25:00.0;OFF;ON;100;3,30;3,10;7,60;22,10;96,90;107,70;4,30;4,50;64,70;7,50;6,40;
2026-07-10 18:26:00.0;OFF;ON;100;3,30;3,10;7,60;22,10;96,90;107,70;4,20;4,50;65,20;7,50;6,40;
2026-07-10 18:27:00.0;OFF;ON;100;3,30;3,10;7,60;22;96,90;107,70;4,30;4,50;65,60;7,50;6,40;
2026-07-10 18:28:00.0;OFF;ON;100;3,20;3,10;7,60;22;96,90;107,70;4,40;4,50;65;7,50;6,40;
2026-07-10 18:29:00.0;OFF;ON;100;3,20;3,10;7,60;22;97;107,70;4,30;4,50;65,50;7,40;6,40;
2026-07-10 18:30:00.0;OFF;ON;100;3,10;3;7,50;21,90;96,90;107,70;4,40;4,50;65,10;7,40;6,40;
2026-07-10 18:31:00.0;OFF;ON;100;3,10;3;7,50;21,90;96,90;107,70;4,40;4,50;65,80;7,40;6,30;
2026-07-10 18:32:00.0;OFF;ON;100;3;3;7,50;21,90;96,90;107,70;4,50;4,50;65,60;7,40;6,30;
2026-07-10 18:33:00.0;OFF;ON;100;3;3;7,50;21,80;96,90;107,70;4,50;4,50;65,80;7,40;6,30;
2026-07-10 18:34:00.0;OFF;ON;100;2,90;3;7,40;21,80;96,90;107,70;4,50;4,50;65,70;7,30;6,20;
2026-07-10 18:35:00.0;OFF;ON;100;2,90;2,90;7,40;21,70;96,80;107,70;4,50;4,50;64,90;7,30;6,20;
2026-07-10 18:36:00.0;OFF;ON;100;2,80;2,90;7,40;21,70;96,90;107,70;4,60;4,50;65,10;7,30;6,20;
2026-07-10 18:37:00.0;OFF;ON;100;2,90;2,90;7,40;21,70;96,70;107,70;4,50;4,50;65,90;7,20;6,20;
2026-07-10 18:38:00.0;OFF;ON;100;2,80;2,90;7,30;21,70;96,60;107,70;4,50;4,50;65,90;7,20;6,10;
2026-07-10 18:39:00.0;OFF;ON;100;2,80;2,80;7,30;21,60;96,70;107,70;4,50;4,50;65,10;7,20;6,10;
2026-07-10 18:40:00.0;OFF;ON;100;2,90;2,80;7,30;21,60;96,70;107,70;4,40;4,50;66,10;7,20;6,10;
2026-07-10 18:41:00.0;OFF;ON;100;2,90;2,80;7,30;21,50;96,70;107,70;4,40;4,50;66,40;7,20;6;
2026-07-10 18:42:00.0;OFF;ON;100;2,80;2,80;7,20;21,50;96,70;107,70;4,40;4,50;66,30;7,10;6;
2026-07-10 18:43:00.0;OFF;ON;100;2,70;2,70;7,20;21,50;96,60;107,70;4,50;4,50;66,30;7,10;6;
2026-07-10 18:44:00.0;OFF;ON;100;2,70;2,70;7,20;21,40;96,60;107,70;4,50;4,50;66,20;7,10;6;
2026-07-10 18:45:00.0;OFF;ON;100;2,60;2,70;7,20;21,40;96,60;107,70;4,60;4,50;65,40;7,10;5,90;
2026-07-10 18:46:00.0;OFF;ON;100;2,60;2,70;7,20;21,30;96,60;107,70;4,60;4,50;65,40;7,10;5,90;
2026-07-10 18:47:00.0;OFF;ON;100;2,70;2,70;7,10;21,30;96,70;107,70;4,50;4,50;65,60;7;5,90;
2026-07-10 18:48:00.0;OFF;ON;100;2,60;2,60;7,10;21,30;96,60;107,70;4,50;4,50;65,60;7;5,90;
2026-07-10 18:49:00.0;OFF;ON;100;2,50;2,60;7,10;21,20;96,60;107,70;4,50;4,50;65,70;7;5,80;
2026-07-10 18:50:00.0;OFF;ON;100;2,60;2,60;7,10;21,20;96,60;107,70;4,50;4,50;66,30;6,90;5,80;
2026-07-10 18:51:00.0;OFF;ON;100;2,60;2,50;7;21,10;96,60;107,70;4,40;4,50;66,50;6,90;5,80;
2026-07-10 18:52:00.0;OFF;ON;100;2,50;2,50;7;21,10;96,60;107,70;4,50;4,50;65,60;6,90;5,70;
2026-07-10 18:53:00.0;OFF;ON;100;2,60;2,50;7;21,10;96,50;107,70;4,40;4,50;66,60;6,90;5,70;
2026-07-10 18:54:00.0;OFF;ON;100;2,50;2,50;7;21;96,60;107,70;4,50;4,50;66,50;6,90;5,70;
2026-07-10 18:55:00.0;OFF;ON;100;2,40;2,50;6,90;21;96,50;107,70;4,60;4,50;65,60;6,80;5,70;
2026-07-10 18:56:00.0;OFF;ON;100;2,40;2,40;6,90;21;96,50;107,70;4,50;4,50;65,60;6,80;5,60;
2026-07-10 18:57:00.0;OFF;ON;100;2,40;2,40;6,90;20,90;96,50;107,70;4,50;4,50;65,60;6,80;5,60;
2026-07-10 18:58:00.0;OFF;ON;100;2,40;2,40;6,90;20,90;96,50;107,70;4,50;4,50;65,60;6,80;5,60;
2026-07-10 18:59:00.0;OFF;ON;100;2,20;2,40;6,80;20,90;96,50;107,70;4,60;4,50;65,20;6,70;5,50;
2026-07-10 19:00:00.0;OFF;ON;100;2,30;2,30;6,80;20,80;96,40;107,70;4,50;4,50;65,20;6,70;5,50;
2026-07-10 19:01:00.0;OFF;ON;100;2,20;2,30;6,80;20,80;96,40;107,70;4,60;4,50;65;6,70;5,50;
2026-07-10 19:02:00.0;OFF;ON;100;2,20;2,30;6,80;20,70;96,40;107,70;4,60;4,50;65,20;6,60;5,50;
2026-07-10 19:03:00.0;OFF;ON;100;2,20;2,30;6,80;20,70;96,40;107,70;4,50;4,50;66;6,60;5,40;
2026-07-10 19:04:00.0;OFF;ON;100;2,30;2,20;6,70;20,70;96,40;107,70;4,50;4,50;65,10;6,60;5,40;
2026-07-10 19:05:00.0;OFF;ON;100;2,10;2,20;6,70;20,60;96,40;107,70;4,50;4,50;65,10;6,60;5,40;
2026-07-10 19:06:00.0;OFF;ON;100;2,20;2,20;6,70;20,60;96,40;107,70;4,50;4,50;65;6,60;5,40;
2026-07-10 19:07:00.0;OFF;ON;100;2,10;2,20;6,70;20,60;96,30;107,70;4,50;4,50;65;6,60;5,40;
2026-07-10 19:08:00.0;OFF;ON;100;2,20;2,20;6,60;20,50;96,40;107,70;4,50;4,50;65,90;6,50;5,30;
2026-07-10 19:09:00.0;OFF;ON;100;2,20;2,10;6,60;20,50;96,40;107,70;4,40;4,50;66,20;6,50;5,30;
2026-07-10 19:10:00.0;OFF;ON;100;2;2,10;6,60;20,40;96,40;107,70;4,60;4,50;65,10;6,50;5,30;
2026-07-10 19:11:00.0;OFF;ON;100;2,10;2,10;6,60;20,40;96,40;107,70;4,50;4,50;66,10;6,50;5,30;
2026-07-10 19:12:00.0;OFF;ON;100;2;2,10;6,60;20,40;96,30;107,70;4,60;4,50;65,40;6,40;5,30;
2026-07-10 19:13:00.0;OFF;ON;100;2;2,10;6,50;20,30;96,40;107,70;4,50;4,50;66,30;6,40;5,20;
2026-07-10 19:14:00.0;OFF;ON;100;2;2;6,50;20,30;96,40;107,70;4,50;4,50;66,40;6,40;5,20;
2026-07-10 19:15:00.0;OFF;ON;100;2,20;2;6,50;20,30;96,30;107,70;4,30;4,50;67,10;6,40;5,20;
2026-07-10 19:16:00.0;OFF;ON;100;2;2;6,50;20,20;96,40;107,70;4,50;4,50;66,50;6,40;5,20;
2026-07-10 19:17:00.0;OFF;ON;100;2,10;2;6,50;20,20;96,40;107,70;4,40;4,50;67,10;6,30;5,20;
2026-07-10 19:18:00.0;OFF;ON;100;1,90;2;6,40;20,10;96,40;107,70;4,50;4,50;66,80;6,30;5,20;
2026-07-10 19:19:00.0;OFF;ON;100;1,90;2;6,40;20,10;96,40;107,70;4,50;4,50;66,90;6,30;5,10;
2026-07-10 19:20:00.0;OFF;ON;100;2;1,90;6,40;20,10;96,40;107,70;4,40;4,50;67,20;6,30;5,10;
2026-07-10 19:21:00.0;OFF;ON;100;1,90;1,90;6,40;20;96,40;107,70;4,40;4,50;66,90;6,20;5,10;
2026-07-10 19:22:00.0;OFF;ON;100;1,80;1,90;6,40;20;96,30;107,70;4,50;4,50;66,90;6,20;5;
2026-07-10 19:23:00.0;OFF;ON;100;1,80;1,80;6,30;20;96,40;107,70;4,50;4,50;67,10;6,20;5;
2026-07-10 19:24:00.0;OFF;ON;100;1,80;1,80;6,30;19,90;96,40;107,70;4,50;4,50;67;6,20;5;
2026-07-10 19:25:00.0;OFF;ON;100;1,90;1,80;6,30;19,90;96,30;107,70;4,40;4,50;67,60;6,20;5;
2026-07-10 19:26:00.0;OFF;ON;100;1,80;1,80;6,30;19,90;96,40;107,60;4,50;4,50;67,30;6,20;5;
2026-07-10 19:27:00.0;OFF;ON;100;1,80;1,80;6,30;19,80;96,30;107,60;4,50;4,50;67,50;6,10;5;
2026-07-10 19:28:00.0;OFF;ON;100;1,80;1,70;6,20;19,80;96,30;107,60;4,40;4,50;67,50;6,10;4,90;
2026-07-10 19:29:00.0;OFF;ON;100;1,70;1,70;6,20;19,80;96,30;107,60;4,50;4,50;67,50;6,10;4,90;
2026-07-10 19:30:00.0;OFF;ON;100;1,70;1,70;6,20;19,80;96,40;107,60;4,50;4,50;67,90;6,10;4,90;
2026-07-10 19:31:00.0;OFF;ON;100;1,80;1,70;6,20;19,70;96,30;107,60;4,30;4,50;68,40;6;4,90;
2026-07-10 19:32:00.0;OFF;ON;100;1,60;1,70;6,20;19,70;96,30;107,60;4,60;4,50;66,90;6;4,90;
2026-07-10 19:33:00.0;OFF;ON;100;1,60;1,60;6,10;19,70;96,20;107,60;4,60;4,50;66,90;6;4,80;
2026-07-10 19:34:00.0;OFF;ON;100;1,60;1,60;6,10;19,60;96,20;107,60;4,50;4,50;66,90;6;4,80;
2026-07-10 19:35:00.0;OFF;ON;100;1,40;1,60;6,10;19,60;96,10;107,60;4,60;4,50;66,40;5,90;4,80;
2026-07-10 19:36:00.0;OFF;ON;100;1,50;1,60;6,10;19,60;96,10;107,60;4,50;4,50;67,50;5,90;4,70;
2026-07-10 19:37:00.0;OFF;ON;100;1,50;1,50;6;19,60;96,10;107,60;4,50;4,50;66,50;5,90;4,70;
2026-07-10 19:38:00.0;OFF;ON;100;1,60;1,50;6;19,50;96,10;107,60;4,40;4,50;67,40;5,80;4,70;
2026-07-10 19:39:00.0;OFF;ON;100;1,50;1,50;6;19,50;96;107,60;4,50;4,50;66,40;5,80;4,70;
2026-07-10 19:40:00.0;OFF;ON;100;1,40;1,50;5,90;19,50;96;107,60;4,60;4,50;66,40;5,80;4,60;
2026-07-10 19:41:00.0;OFF;ON;100;1,40;1,40;5,90;19,40;96,20;107,60;4,50;4,50;67,40;5,80;4,60;
2026-07-10 19:42:00.0;OFF;ON;100;1,40;1,40;5,90;19,40;96,10;107,60;4,50;4,50;67,30;5,70;4,60;
2026-07-10 19:43:00.0;OFF;ON;100;1,30;1,40;5,90;19,40;96,10;107,60;4,50;4,50;66,60;5,70;4,60;
2026-07-10 19:44:00.0;OFF;ON;100;1,50;1,40;5,90;19,30;96,10;107,60;4,40;4,50;67,70;5,70;4,60;
2026-07-10 19:45:00.0;OFF;ON;100;1,40;1,40;5,80;19,30;96,10;107,60;4,40;4,50;67,80;5,70;4,60;
2026-07-10 19:46:00.0;OFF;ON;100;1,30;1,30;5,80;19,30;96,10;107,60;4,50;4,50;67,60;5,70;4,60;
2026-07-10 19:47:00.0;OFF;ON;100;1,30;1,30;5,80;19,20;96,10;107,60;4,50;4,50;67,90;5,60;4,60;
2026-07-10 19:48:00.0;OFF;ON;100;1,30;1,30;5,80;19,20;96,10;107,60;4,50;4,50;67,80;5,60;4,50;
2026-07-10 19:49:00.0;OFF;ON;100;1,40;1,30;5,80;19,20;96,10;107,60;4,40;4,50;68,10;5,60;4,50;
2026-07-10 19:50:00.0;OFF;ON;100;1,20;1,30;5,70;19,20;96,10;107,60;4,50;4,50;68,10;5,60;4,50;
2026-07-10 19:51:00.0;OFF;ON;100;1,20;1,20;5,70;19,10;96,10;107,60;4,50;4,50;68,30;5,60;4,50;
2026-07-10 19:52:00.0;OFF;ON;100;1,30;1,20;5,70;19,10;96,10;107,60;4,50;4,50;68,30;5,50;4,50;
2026-07-10 19:53:00.0;OFF;ON;100;1,30;1,20;5,70;19,10;96;107,60;4,40;4,50;68,60;5,50;4,40;
2026-07-10 19:54:00.0;OFF;ON;100;1,20;1,20;5,70;19;96,10;107,60;4,50;4,50;68,60;5,50;4,40;
2026-07-10 19:55:00.0;OFF;ON;100;1,30;1,20;5,60;19;96;107,60;4,40;4,50;68,70;5,50;4,40;
2026-07-10 19:56:00.0;OFF;ON;100;1,20;1,10;5,60;19;96;107,60;4,40;4,50;68,60;5,40;4,40;
2026-07-10 19:57:00.0;OFF;ON;100;1,10;1,10;5,60;18,90;96;107,60;4,50;4,50;68,60;5,40;4,40;
2026-07-10 19:58:00.0;OFF;ON;100;1,10;1,10;5,60;18,90;96,10;107,60;4,50;4,50;68,70;5,40;4,40;
2026-07-10 19:59:00.0;OFF;ON;100;1,10;1,10;5,60;18,90;96;107,60;4,50;4,50;68,70;5,40;4,30;
2026-07-10 20:00:00.0;OFF;ON;100;1,10;1,10;5,50;18,90;96;107,60;4,40;4,50;68,90;5,40;4,30;
2026-07-10 20:01:00.0;OFF;ON;100;1,20;1;5,50;18,80;96;107,60;4,30;4,50;69,60;5,30;4,30;
2026-07-10 20:02:00.0;OFF;ON;100;1;1;5,50;18,80;96;107,60;4,50;4,50;69;5,30;4,30;
2026-07-10 20:03:00.0;OFF;ON;100;1;1;5,50;18,80;96;107,60;4,50;4,50;69,20;5,30;4,30;
2026-07-10 20:04:00.0;OFF;ON;100;0,80;1;5,40;18,70;96;107,60;4,60;4,50;68,20;5,30;4,30;
2026-07-10 20:05:00.0;OFF;ON;100;0,90;0,90;5,40;18,70;96;107,60;4,50;4,50;68,50;5,30;4,20;
2026-07-10 20:06:00.0;OFF;ON;100;0,90;0,90;5,40;18,70;96;107,60;4,50;4,50;69,30;5,20;4,20;
2026-07-10 20:07:00.0;OFF;ON;100;0,80;0,90;5,40;18,60;96;107,60;4,50;4,50;68,30;5,20;4,20;
2026-07-10 20:08:00.0;OFF;ON;100;0,80;0,90;5,30;18,60;96;107,60;4,50;4,50;68;5,20;4,10;
2026-07-10 20:09:00.0;OFF;ON;100;0,80;0,80;5,30;18,60;96;107,60;4,50;4,50;68,20;5,10;4,10;
2026-07-10 20:10:00.0;OFF;ON;100;0,70;0,80;5,30;18,60;96;107,60;4,60;4,50;67,90;5,10;4,10;
2026-07-10 20:11:00.0;OFF;ON;100;0,70;0,80;5,20;18,50;95,90;107,60;4,60;4,50;67,90;5,10;4,10;
2026-07-10 20:12:00.0;OFF;ON;100;0,60;0,70;5,20;18,50;96;107,60;4,60;4,50;67,60;5,10;4,10;
2026-07-10 20:13:00.0;OFF;ON;100;0,70;0,70;5,20;18,50;95,90;107,60;4,50;4,50;67,90;5;4;
2026-07-10 20:14:00.0;OFF;ON;100;0,80;0,70;5,20;18,40;96;107,60;4,40;4,50;69;5;4;
2026-07-10 20:15:00.0;OFF;ON;100;0,80;0,70;5,20;18,40;96;107,60;4,40;4,50;68,80;5;4;
2026-07-10 20:16:00.0;OFF;ON;100;0,60;0,70;5,20;18,40;95,90;107,60;4,50;4,50;68,70;5;4;
2026-07-10 20:17:00.0;OFF;ON;100;0,70;0,60;5,10;18,30;96;107,60;4,50;4,50;68,90;5;4;
2026-07-10 20:18:00.0;OFF;ON;100;0,60;0,60;5,10;18,30;96;107,60;4,60;4,50;68;5;4;
2026-07-10 20:19:00.0;OFF;ON;100;0,70;0,60;5,10;18,30;96;107,60;4,40;4,50;69,20;4,90;3,90;
2026-07-10 20:20:00.0;OFF;ON;100;0,60;0,60;5,10;18,30;96;107,60;4,50;4,50;69;4,90;3,90;
2026-07-10 20:21:00.0;OFF;ON;100;0,60;0,60;5,10;18,20;96;107,60;4,50;4,50;69,10;4,90;3,90;
2026-07-10 20:22:00.0;OFF;ON;100;0,50;0,60;5,10;18,20;96;107,60;4,50;4,50;69,20;4,90;3,90;
2026-07-10 20:23:00.0;OFF;ON;100;0,60;0,60;5;18,20;96;107,60;4,50;4,50;69,20;4,90;3,90;
2026-07-10 20:24:00.0;OFF;ON;100;0,50;0,50;5;18,10;96;107,60;4,50;4,50;69,10;4,90;3,90;
2026-07-10 20:25:00.0;OFF;ON;100;0,50;0,50;5;18,10;96;107,60;4,50;4,50;69,30;4,80;3,90;
2026-07-10 20:26:00.0;OFF;ON;100;0,50;0,50;5;18,10;96;107,60;4,50;4,50;69,40;4,80;3,80;
2026-07-10 20:27:00.0;OFF;ON;100;0,50;0,50;5;18;96;107,60;4,50;4,50;69,70;4,80;3,80;
2026-07-10 20:28:00.0;OFF;ON;100;0,50;0,50;5;18;96;107,60;4,50;4,50;69,70;4,80;3,80;
2026-07-10 20:29:00.0;OFF;ON;100;0,60;0,40;5;18;96;107,60;4,30;4,50;70,40;4,80;3,80;
2026-07-10 20:30:00.0;OFF;ON;100;0,50;0,40;4,90;18;96;107,60;4,40;4,50;70,10;4,80;3,80;
2026-07-10 20:31:00.0;OFF;ON;100;0,40;0,40;4,90;17,90;96;107,60;4,50;4,50;69,80;4,80;3,80;
2026-07-10 20:32:00.0;OFF;ON;100;0,40;0,40;4,90;17,90;95,90;107,60;4,50;4,50;69,10;4,70;3,70;
2026-07-10 20:33:00.0;OFF;ON;100;0,40;0,40;4,90;17,90;96;107,50;4,50;4,50;70,10;4,70;3,70;
2026-07-10 20:34:00.0;OFF;ON;100;0,40;0,40;4,80;17,80;95,90;107,50;4,50;4,50;70,10;4,70;3,70;
2026-07-10 20:35:00.0;OFF;ON;100;0,40;0,30;4,80;17,80;95,90;107,50;4,50;4,50;70,10;4,70;3,70;
2026-07-10 20:36:00.0;OFF;ON;100;0,30;0,30;4,80;17,80;96;107,50;4,50;4,50;70,10;4,70;3,70;
2026-07-10 20:37:00.0;OFF;ON;100;0,30;0,30;4,80;17,70;95,90;107,50;4,50;4,50;70,40;4,60;3,60;
2026-07-10 20:38:00.0;OFF;ON;100;0,30;0,30;4,80;17,70;95,90;107,50;4,50;4,50;70,20;4,60;3,60;
2026-07-10 20:39:00.0;OFF;ON;100;0,20;0,30;4,80;17,70;95,90;107,50;4,50;4,50;70,50;4,60;3,60;
2026-07-10 20:40:00.0;OFF;ON;100;0,30;0,30;4,70;17,70;95,80;107,50;4,50;4,50;70,50;4,60;3,60;
2026-07-10 20:41:00.0;OFF;ON;100;0,20;0,20;4,70;17,60;95,80;107,50;4,50;4,50;70,50;4,60;3,60;
2026-07-10 20:42:00.0;OFF;ON;100;0,20;0,20;4,70;17,60;95,80;107,50;4,50;4,50;70,60;4,60;3,60;
2026-07-10 20:43:00.0;OFF;ON;100;0,30;0,20;4,70;17,60;95,90;107,50;4,40;4,50;70,90;4,60;3,60;
2026-07-10 20:44:00.0;OFF;ON;100;0,30;0,20;4,70;17,50;95,90;107,50;4,40;4,50;71,30;4,50;3,50;
2026-07-10 20:45:00.0;OFF;ON;100;0,10;0,20;4,70;17,50;95,90;107,50;4,50;4,50;71;4,50;3,50;
2026-07-10 20:46:00.0;OFF;ON;100;0,20;0,20;4,70;17,50;95,80;107,50;4,40;4,50;71,10;4,50;3,50;
2026-07-10 20:47:00.0;OFF;ON;100;0,20;0,10;4,60;17,40;95,70;107,50;4,50;4,50;71,20;4,50;3,50;
2026-07-10 20:48:00.0;OFF;ON;100;0,20;0,10;4,60;17,40;95,70;107,50;4,40;4,50;71,40;4,50;3,40;
2026-07-10 20:49:00.0;OFF;ON;100;0,10;0,10;4,60;17,40;95,80;107,50;4,50;4,50;71,30;4,50;3,40;
2026-07-10 20:50:00.0;OFF;ON;100;0,10;0,10;4,60;17,30;95,70;107,50;4,50;4,50;71,30;4,40;3,40;
2026-07-10 20:51:00.0;OFF;ON;100;0,10;0,10;4,60;17,30;95,90;107,50;4,50;4,50;71,40;4,40;3,40;
2026-07-10 20:52:00.0;OFF;ON;100;0,10;0;4,50;17,30;95,70;107,50;4,40;4,50;71,70;4,40;3,30;
2026-07-10 20:53:00.0;OFF;ON;100;0;0;4,50;17,30;95,80;107,50;4,50;4,50;71,60;4,40;3,30;
2026-07-10 20:54:00.0;OFF;ON;100;0;0;4,50;17,20;95,70;107,50;4,50;4,50;70,80;4,30;3,30;
2026-07-10 20:55:00.0;OFF;ON;100;-0,10;0;4,50;17,20;95,70;107,50;4,50;4,50;71,50;4,30;3,30;
2026-07-10 20:56:00.0;OFF;ON;100;-0,10;0;4,50;17,20;95,70;107,50;4,60;4,50;70,70;4,30;3,30;
2026-07-10 20:57:00.0;OFF;ON;100;-0,10;-0,10;4,40;17,10;95,70;107,50;4,50;4,50;70,60;4,30;3,20;
2026-07-10 20:58:00.0;OFF;ON;100;-0,10;-0,10;4,40;17,10;95,60;107,50;4,50;4,50;70,50;4,30;3,20;
2026-07-10 20:59:00.0;OFF;ON;100;-0,20;-0,10;4,40;17,10;95,70;107,50;4,60;4,50;70,50;4,20;3,20;
2026-07-10 21:00:00.0;OFF;ON;100;-0,20;-0,10;4,40;17;95,70;107,50;4,50;4,50;71,30;4,20;3,20;
2026-07-10 21:01:00.0;OFF;ON;100;-0,10;-0,10;4,40;17;95,60;107,50;4,50;4,50;71,30;4,20;3,10;
2026-07-10 21:02:00.0;OFF;ON;100;-0,10;-0,20;4,30;17;95,60;107,50;4,50;4,50;71,50;4,20;3,10;
2026-07-10 21:03:00.0;OFF;ON;100;0;-0,20;4,30;17;95,50;107,50;4,40;4,50;71,90;4,20;3,10;
2026-07-10 21:04:00.0;OFF;ON;100;-0,20;-0,20;4,30;16,90;95,60;107,50;4,50;4,50;71,70;4,20;3,10;
2026-07-10 21:05:00.0;OFF;ON;100;-0,20;-0,20;4,30;16,90;95,60;107,50;4,50;4,50;71,60;4,20;3,10;
2026-07-10 21:06:00.0;OFF;ON;100;-0,20;-0,20;4,30;16,90;95,50;107,50;4,50;4,50;71,70;4,20;3,10;
2026-07-10 21:07:00.0;OFF;ON;100;-0,20;-0,20;4,30;16,80;95,60;107,50;4,50;4,50;71,90;4,10;3,10;
2026-07-10 21:08:00.0;OFF;ON;100;-0,20;-0,20;4,30;16,80;95,60;107,50;4,50;4,50;71,80;4,10;3,10;
2026-07-10 21:09:00.0;OFF;ON;100;-0,20;-0,30;4,20;16,80;95,60;107,50;4,50;4,50;72;4,10;3,10;
2026-07-10 21:10:00.0;OFF;ON;100;-0,20;-0,30;4,20;16,70;95,60;107,50;4,40;4,50;72,20;4,10;3;
2026-07-10 21:11:00.0;OFF;ON;100;-0,30;-0,30;4,20;16,70;95,70;107,50;4,50;4,50;72,10;4,10;3;
2026-07-10 21:12:00.0;OFF;ON;100;-0,30;-0,30;4,20;16,70;95,70;107,50;4,50;4,50;72,10;4,10;3;
2026-07-10 21:13:00.0;OFF;ON;100;-0,20;-0,30;4,20;16,60;95,60;107,50;4,40;4,50;72,50;4;3;
2026-07-10 21:14:00.0;OFF;ON;100;-0,30;-0,30;4,10;16,60;95,70;107,50;4,50;4,50;72,40;4;3;
2026-07-10 21:15:00.0;OFF;ON;100;-0,20;-0,40;4,10;16,60;95,70;107,50;4,40;4,50;72,70;4;2,90;
2026-07-10 21:16:00.0;OFF;ON;100;-0,40;-0,40;4,10;16,60;95,60;107,50;4,50;4,50;72,40;4;2,90;
2026-07-10 21:17:00.0;OFF;ON;100;-0,30;-0,40;4,10;16,50;95,50;107,50;4,50;4,50;72,60;4;2,90;
2026-07-10 21:18:00.0;OFF;ON;100;-0,50;-0,40;4,10;16,50;95,60;107,50;4,60;4,50;71,70;4;2,90;
2026-07-10 21:19:00.0;OFF;ON;100;-0,40;-0,40;4,10;16,50;95,50;107,50;4,50;4,50;72,60;3,90;2,90;
2026-07-10 21:20:00.0;OFF;ON;100;-0,40;-0,40;4;16,40;95,50;107,50;4,40;4,50;72,70;3,90;2,80;
2026-07-10 21:21:00.0;OFF;ON;100;-0,50;-0,50;4;16,40;95,50;107,40;4,60;4,50;71,90;3,90;2,80;
2026-07-10 21:22:00.0;OFF;ON;100;-0,60;-0,50;4;16,40;95,50;107,50;4,60;4,50;72;3,90;2,80;
2026-07-10 21:23:00.0;OFF;ON;100;-0,40;-0,50;4;16,30;95,50;107,50;4,40;4,50;73;3,90;2,80;
2026-07-10 21:24:00.0;OFF;ON;100;-0,50;-0,50;4;16,30;95,50;107,50;4,50;4,50;73;3,80;2,70;
2026-07-10 21:25:00.0;OFF;ON;100;-0,50;-0,50;4;16,30;95,60;107,40;4,40;4,50;73,20;3,80;2,70;
2026-07-10 21:26:00.0;OFF;ON;100;-0,50;-0,60;3,90;16,20;95,50;107,50;4,40;4,50;73,20;3,80;2,70;
2026-07-10 21:27:00.0;OFF;ON;100;-0,60;-0,60;3,90;16,20;95,50;107,50;4,60;4,50;72,30;3,80;2,70;
2026-07-10 21:28:00.0;OFF;ON;100;-0,60;-0,60;3,90;16,20;95,40;107,50;4,50;4,50;73,20;3,80;2,70;
2026-07-10 21:29:00.0;OFF;ON;100;-0,60;-0,60;3,90;16,20;95,50;107,50;4,50;4,50;73,20;3,70;2,70;
2026-07-10 21:30:00.0;OFF;ON;100;-0,50;-0,60;3,90;16,10;95,40;107,50;4,40;4,50;73,50;3,70;2,60;
2026-07-10 21:31:00.0;OFF;ON;100;-0,60;-0,60;3,90;16,10;95,40;107,50;4,50;4,50;73,40;3,70;2,60;
2026-07-10 21:32:00.0;OFF;ON;100;-0,60;-0,70;3,80;16,10;95,40;107,40;4,40;4,50;73,60;3,70;2,60;
2026-07-10 21:33:00.0;OFF;ON;100;-0,60;-0,70;3,80;16;95,40;107,40;4,40;4,50;73,70;3,70;2,60;
2026-07-10 21:34:00.0;OFF;ON;100;-0,70;-0,70;3,80;16;95,50;107,40;4,50;4,50;73,50;3,60;2,60;
2026-07-10 21:35:00.0;OFF;ON;100;-0,70;-0,70;3,80;16;95,40;107,40;4,50;4,50;73,70;3,60;2,50;
2026-07-10 21:36:00.0;OFF;ON;100;-0,80;-0,70;3,70;15,90;95,40;107,40;4,50;4,50;73,70;3,60;2,50;
2026-07-10 21:37:00.0;OFF;ON;100;-0,80;-0,80;3,70;15,90;95,40;107,40;4,60;4,50;72,90;3,60;2,50;
2026-07-10 21:38:00.0;OFF;ON;100;-0,80;-0,80;3,70;15,90;95,40;107,40;4,50;4,50;73,70;3,60;2,50;
2026-07-10 21:39:00.0;OFF;ON;100;-0,70;-0,80;3,70;15,80;95,50;107,40;4,40;4,50;73,90;3,50;2,40;
2026-07-10 21:40:00.0;OFF;ON;100;-0,70;-0,80;3,70;15,80;95,40;107,40;4,40;4,50;73,90;3,50;2,40;
2026-07-10 21:41:00.0;OFF;ON;100;-0,90;-0,80;3,70;15,80;95,30;107,40;4,60;4,50;73;3,50;2,40;
2026-07-10 21:42:00.0;OFF;ON;100;-0,80;-0,90;3,60;15,80;95,40;107,40;4,40;4,50;74,10;3,50;2,40;
2026-07-10 21:43:00.0;OFF;ON;100;-0,80;-0,90;3,60;15,70;95,50;107,40;4,40;4,50;74,10;3,50;2,40;
2026-07-10 21:44:00.0;OFF;ON;100;-0,90;-0,90;3,60;15,70;95,40;107,40;4,50;4,50;74,10;3,40;2,30;
2026-07-10 21:45:00.0;OFF;ON;100;-0,90;-0,90;3,60;15,70;95,30;107,40;4,50;4,50;74;3,40;2,30;
2026-07-10 21:46:00.0;OFF;ON;100;-0,90;-0,90;3,60;15,60;95,40;107,40;4,50;4,50;74;3,40;2,30;
2026-07-10 21:47:00.0;OFF;ON;100;-0,90;-0,90;3,60;15,60;95,30;107,40;4,50;4,50;73,30;3,40;2,30;
2026-07-10 21:48:00.0;OFF;ON;100;-0,90;-1;3,50;15,60;95,40;107,40;4,50;4,50;73,40;3,40;2,30;
2026-07-10 21:49:00.0;OFF;ON;100;-1;-1;3,50;15,50;95,40;107,40;4,50;4,50;74,10;3,30;2,20;
2026-07-10 21:50:00.0;OFF;ON;100;-1;-1;3,50;15,50;95,40;107,40;4,40;4,50;74,10;3,30;2,20;
2026-07-10 21:51:00.0;OFF;ON;100;-1;-1;3,50;15,50;95,30;107,40;4,50;4,50;74,10;3,30;2,20;
2026-07-10 21:52:00.0;OFF;ON;100;-1;-1;3,50;15,40;95,30;107,40;4,40;4,50;74,30;3,30;2,20;
2026-07-10 21:53:00.0;OFF;ON;100;-1,10;-1,10;3,40;15,40;95,30;107,40;4,50;4,50;74,20;3,30;2,20;
2026-07-10 21:54:00.0;OFF;ON;100;-1,10;-1,10;3,40;15,40;95,30;107,40;4,50;4,50;74,30;3,20;2,20;
2026-07-10 21:55:00.0;OFF;ON;100;-1,10;-1,10;3,40;15,40;95,30;107,40;4,50;4,50;74,30;3,20;2,10;
2026-07-10 21:56:00.0;OFF;ON;100;-1,10;-1,10;3,40;15,30;95,20;107,40;4,50;4,50;74,40;3,20;2,10;
2026-07-10 21:57:00.0;OFF;ON;100;-1,10;-1,10;3,40;15,30;95,30;107,40;4,50;4,50;74,40;3,20;2,10;
2026-07-10 21:58:00.0;OFF;ON;100;-1,10;-1,10;3,40;15,30;95,30;107,40;4,40;4,50;74,70;3,20;2,10;
2026-07-10 21:59:00.0;OFF;ON;100;-1,20;-1,20;3,30;15,20;95,40;107,40;4,50;4,50;74,70;3,20;2,10;
2026-07-10 22:00:00.0;OFF;ON;100;-1,20;-1,20;3,30;15,20;95,40;107,40;4,50;4,50;74,80;3,20;2,10;
2026-07-10 22:01:00.0;OFF;ON;100;-1,20;-1,20;3,30;15,20;95,30;107,40;4,50;4,50;74,80;3,10;2;
2026-07-10 22:02:00.0;OFF;ON;100;-1,20;-1,20;3,30;15,10;95,30;107,40;4,50;4,50;74,80;3,10;2;
2026-07-10 22:03:00.0;OFF;ON;100;-1,10;-1,20;3,30;15,10;95,30;107,40;4,40;4,50;75;3,10;2;
2026-07-10 22:04:00.0;OFF;ON;100;-1,20;-1,20;3,30;15,10;95,20;107,40;4,40;4,50;74,90;3,10;2;
2026-07-10 22:05:00.0;OFF;ON;100;-1,10;-1,30;3,20;15,10;95,30;107,40;4,40;4,50;75,50;3,10;2;
2026-07-10 22:06:00.0;OFF;ON;100;-1,30;-1,30;3,20;15;95,30;107,40;4,50;4,50;74,50;3,10;1,90;
2026-07-10 22:07:00.0;OFF;ON;100;-1,30;-1,30;3,20;15;95,20;107,40;4,50;4,50;75,20;3;1,90;
2026-07-10 22:08:00.0;OFF;ON;100;-1,30;-1,30;3,20;15;95,30;107,40;4,50;4,50;75,30;3;1,90;
2026-07-10 22:09:00.0;OFF;ON;100;-1,30;-1,30;3,20;14,90;95,20;107,40;4,50;4,50;75,40;3;1,90;
2026-07-10 22:10:00.0;OFF;ON;100;-1,30;-1,30;3,10;14,90;95,10;107,40;4,50;4,50;75,40;3;1,80;
2026-07-10 22:11:00.0;OFF;ON;100;-1,30;-1,40;3,10;14,90;95,20;107,30;4,40;4,50;75,90;2,90;1,80;
2026-07-10 22:12:00.0;OFF;ON;100;-1,40;-1,40;3,10;14,90;95,10;107,40;4,50;4,50;75,60;3;1,80;
2026-07-10 22:13:00.0;OFF;ON;100;-1,30;-1,40;3,10;14,80;95,30;107,40;4,40;4,50;75,90;2,90;1,80;
2026-07-10 22:14:00.0;OFF;ON;100;-1,40;-1,40;3,10;14,80;95,20;107,40;4,50;4,50;75,70;2,90;1,80;
2026-07-10 22:15:00.0;OFF;ON;100;-1,40;-1,40;3;14,80;95,40;107,40;4,50;4,50;75,10;2,90;1,70;
2026-07-10 22:16:00.0;OFF;ON;100;-1,90;-1,50;3;14,80;95,30;107,40;5;4,50;72,20;2,90;1,70;
2026-07-10 22:17:00.0;OFF;ON;100;-1,90;-1,50;3;14,80;95,30;107,30;4,80;4,50;72,20;2,80;1,60;
2026-07-10 22:18:00.0;OFF;ON;100;-2;-1,60;2,90;14,70;95;107,40;4,90;4,50;71,30;2,70;1,50;
2026-07-10 22:19:00.0;OFF;ON;100;-1,80;-1,60;2,80;14,70;94,90;107,30;4,70;4,50;72,20;2,70;1,40;
2026-07-10 22:20:00.0;OFF;ON;100;-1,50;-1,70;2,80;14,70;94,90;107,40;4,40;4,50;74;2,70;1,40;
2026-07-10 22:21:00.0;OFF;ON;100;-1,60;-1,70;2,80;14,70;94,90;107,40;4,50;4,50;73,80;2,70;1,50;
2026-07-10 22:22:00.0;OFF;ON;100;-1,50;-1,70;2,80;14,60;95,10;107,30;4,40;4,50;74,40;2,70;1,50;
2026-07-10 22:23:00.0;OFF;ON;100;-1,40;-1,70;2,90;14,60;95,20;107,30;4,30;4,50;75,50;2,70;1,60;
2026-07-10 22:24:00.0;OFF;ON;100;-1,50;-1,60;2,90;14,60;95,40;107,40;4,30;4,50;75,20;2,70;1,60;
2026-07-10 22:25:00.0;OFF;ON;100;-1,60;-1,70;2,80;14,50;95,40;107,30;4,40;4,50;75,20;2,70;1,60;
2026-07-10 22:26:00.0;OFF;ON;100;-1,40;-1,70;2,80;14,50;95,50;107,30;4,20;4,50;76,60;2,70;1,60;
2026-07-10 22:27:00.0;OFF;ON;100;-1,40;-1,70;2,80;14,50;95,40;107,30;4,30;4,50;76,80;2,70;1,60;
2026-07-10 22:28:00.0;OFF;ON;100;-1,60;-1,70;2,80;14,50;95,50;107,30;4,40;4,50;76,20;2,70;1,60;
2026-07-10 22:29:00.0;OFF;ON;100;-1,50;-1,70;2,80;14,50;95,40;107,30;4,30;4,50;77,10;2,70;1,60;
2026-07-10 22:30:00.0;OFF;ON;100;-1,60;-1,70;2,80;14,40;95,40;107,30;4,40;4,50;77;2,60;1,50;
2026-07-10 22:31:00.0;OFF;ON;100;-1,50;-1,70;2,80;14,40;95,30;107,30;4,30;4,50;77,90;2,60;1,50;
2026-07-10 22:32:00.0;OFF;ON;100;-1,60;-1,70;2,80;14,40;95,30;107,30;4,40;4,50;77,40;2,60;1,50;
2026-07-10 22:33:00.0;OFF;ON;100;-1,60;-1,70;2,80;14,40;95,40;107,30;4,40;4,50;77,70;2,60;1,50;
2026-07-10 22:34:00.0;OFF;ON;100;-1,70;-1,80;2,70;14,30;95,20;107,30;4,40;4,50;78,10;2,60;1,40;
2026-07-10 22:35:00.0;OFF;ON;100;-1,70;-1,80;2,70;14,30;95,20;107,30;4,50;4,50;77,80;2,50;1,40;
2026-07-10 22:36:00.0;OFF;ON;100;-1,60;-1,80;2,70;14,30;95,20;107,30;4,30;4,50;78,60;2,50;1,40;
2026-07-10 22:37:00.0;OFF;ON;100;-1,80;-1,80;2,70;14,30;95,10;107,30;4,50;4,50;78,20;2,50;1,40;
2026-07-10 22:38:00.0;OFF;ON;100;-1,80;-1,80;2,60;14,20;95,10;107,30;4,40;4,50;78,50;2,50;1,30;
2026-07-10 22:39:00.0;OFF;ON;100;-1,80;-1,90;2,60;14,20;95,10;107,30;4,50;4,50;78,40;2,50;1,30;
2026-07-10 22:40:00.0;OFF;ON;100;-1,90;-1,90;2,60;14,20;95,10;107,30;4,50;4,50;78,60;2,40;1,30;
2026-07-10 22:41:00.0;OFF;ON;100;-1,80;-1,90;2,60;14,20;95,10;107,30;4,30;4,50;79,40;2,40;1,30;
2026-07-10 22:42:00.0;OFF;ON;100;-1,90;-1,90;2,50;14,10;95,10;107,30;4,50;4,50;79;2,40;1,20;
2026-07-10 22:43:00.0;OFF;ON;100;-2;-2;2,50;14,10;95,10;107,30;4,50;4,50;79,10;2,40;1,20;
2026-07-10 22:44:00.0;OFF;ON;100;-2;-2;2,50;14,10;95,10;107,30;4,50;4,50;79;2,40;1,20;
2026-07-10 22:45:00.0;OFF;ON;100;-2;-2;2,50;14,10;95;107,30;4,50;4,50;79,20;2,30;1,20;
2026-07-10 22:46:00.0;OFF;ON;100;-2;-2;2,50;14,10;95;107,30;4,50;4,50;79,20;2,30;1,10;
2026-07-10 22:47:00.0;OFF;ON;100;-3,10;-2;2,40;14;95,10;107,30;5,60;4,50;71,70;2,30;1,10;
2026-07-10 22:48:00.0;OFF;ON;100;-3,50;-2;2,50;14;95,20;107,30;6;4,50;65,70;2,30;1,30;
2026-07-10 22:49:00.0;OFF;ON;100;-2,20;-2;2,50;14;95,50;107,30;4,70;4,50;72,40;2,40;1,20;
2026-07-10 22:50:00.0;OFF;ON;100;-1,90;-2;2,40;14;95,10;107,30;4,30;4,50;75,10;2,20;1;
2026-07-10 22:51:00.0;OFF;ON;100;-2,10;-2,10;2,40;13,90;95,10;107,30;4,50;4,50;74,50;2,20;1,10;
2026-07-10 22:52:00.0;OFF;ON;100;-2;-2,10;2,40;13,90;95,10;107,30;4,40;4,50;74,80;2,20;1,10;
2026-07-10 22:53:00.0;OFF;ON;100;-1,90;-2,10;2,40;13,90;95,20;107,30;4,30;4,50;75,80;2,20;1,10;
2026-07-10 22:54:00.0;OFF;ON;100;-1,90;-2,10;2,40;13,90;95,30;107,30;4,30;4,50;75,90;2,20;1,10;
2026-07-10 22:55:00.0;OFF;ON;100;-1,90;-2,10;2,40;13,80;95,40;107,30;4,30;4,50;76,40;2,20;1,10;
2026-07-10 22:56:00.0;OFF;ON;100;-1,90;-2,10;2,40;13,80;95,30;107,30;4,30;4,50;76,90;2,20;1,10;
2026-07-10 22:57:00.0;OFF;ON;100;-2;-2,10;2,40;13,80;95,20;107,30;4,30;4,50;76,50;2,20;1,10;
2026-07-10 22:58:00.0;OFF;ON;100;-2;-2,10;2,40;13,80;95,30;107,30;4,30;4,50;77;2,20;1,10;
2026-07-10 22:59:00.0;OFF;ON;100;-2;-2,10;2,40;13,70;95,30;107,30;4,40;4,50;77,10;2,20;1,10;
2026-07-10 23:00:00.0;OFF;ON;100;-1,90;-2,10;2,40;13,70;95,20;107,30;4,30;4,50;78;2,20;1,10;
2026-07-10 23:01:00.0;OFF;ON;100;-2;-2,20;2,30;13,70;95,20;107,30;4,30;4,50;78,10;2,20;1,10;
2026-07-10 23:02:00.0;OFF;ON;100;-1,90;-2,20;2,30;13,70;95,30;107,30;4,30;4,50;78,80;2,10;1;
2026-07-10 23:03:00.0;OFF;ON;100;-1,90;-2,20;2,30;13,60;95,20;107,30;4,20;4,50;79,20;2,10;1;
2026-07-10 23:04:00.0;OFF;ON;100;-2;-2,20;2,30;13,60;95,20;107,30;4,30;4,50;79,10;2,10;1;
2026-07-10 23:05:00.0;OFF;ON;100;-2;-2,20;2,30;13,60;95,20;107,20;4,30;4,50;79,30;2,10;1;
2026-07-10 23:06:00.0;OFF;ON;100;-2,20;-2,30;2,20;13,60;95,10;107,30;4,50;4,50;78,50;2;1;
2026-07-10 23:07:00.0;OFF;ON;100;-2,20;-2,30;2,20;13,50;95,10;107,20;4,40;4,50;78,80;2;0,90;
2026-07-10 23:08:00.0;OFF;ON;100;-2,30;-2,30;2,20;13,50;95,10;107,30;4,50;4,50;79;2;0,90;
2026-07-10 23:09:00.0;OFF;ON;100;-3,30;-2,30;2,20;13,50;95,10;107,20;5,50;4,50;70,90;2;1;
2026-07-10 23:10:00.0;OFF;ON;100;-3,50;-2,30;2,20;13,50;95,20;107,30;5,70;4,50;67,80;2;1;
2026-07-10 23:11:00.0;OFF;ON;100;-3,80;-2,30;2,20;13,40;95,30;107,20;6;4,50;63,20;2;1;
2026-07-10 23:12:00.0;OFF;ON;100;-1,40;-2,30;2,20;13,40;95,30;107,20;3,60;4,50;78,70;2;0,80;
2026-07-10 23:13:00.0;OFF;ON;100;-2,80;-2,40;2,10;13,40;95,10;107,20;4,90;4,50;70,80;2;1;
2026-07-10 23:14:00.0;OFF;ON;100;-3;-2,30;2,30;13,40;95,40;107,20;5,20;4,50;67,80;2,10;1,20;
2026-07-10 23:15:00.0;OFF;ON;100;-3,30;-2,20;2,30;13,30;95,80;107,20;5,60;4,50;63,90;2,10;1,20;
2026-07-10 23:16:00.0;OFF;ON;100;-1,40;-2,20;2,30;13,30;95,80;107,20;3,70;4,50;76,60;2,10;1;
2026-07-10 23:17:00.0;OFF;ON;100;-2,40;-2,30;2,20;13,30;95,40;107,20;4,60;4,50;70,80;2;1,10;
2026-07-10 23:18:00.0;OFF;ON;100;-2,40;-2,30;2,20;13,30;95,30;107,20;4,50;4,50;71,90;2;0,90;
2026-07-10 23:19:00.0;OFF;ON;100;-2,10;-2,40;2,10;13,20;95;107,20;4,20;4,50;73,60;1,90;0,80;
2026-07-10 23:20:00.0;OFF;ON;100;-2,10;-2,40;2,10;13,20;95,10;107,20;4,20;4,50;74;1,90;0,80;
2026-07-10 23:21:00.0;OFF;ON;100;-2,20;-2,40;2,10;13,20;95,10;107,20;4,30;4,50;73,70;1,90;0,80;
2026-07-10 23:22:00.0;OFF;ON;100;-2,20;-2,40;2;13,20;95,10;107,20;4,30;4,50;74,30;1,90;0,80;
2026-07-10 23:23:00.0;OFF;ON;100;-2,30;-2,50;2;13,20;95,10;107,20;4,30;4,50;74,50;1,90;0,80;
2026-07-10 23:24:00.0;OFF;ON;100;-2,30;-2,50;2;13,10;95,10;107,20;4,30;4,50;75,10;1,90;0,80;
2026-07-10 23:25:00.0;OFF;ON;100;-2,20;-2,50;2;13,10;95,10;107,20;4,20;4,50;76,10;1,80;0,80;
2026-07-10 23:26:00.0;OFF;ON;100;-2,20;-2,50;2;13,10;95,10;107,20;4,20;4,50;76,60;1,80;0,80;
2026-07-10 23:27:00.0;OFF;ON;100;-2,30;-2,50;2;13,10;95,20;107,20;4,30;4,50;76,40;1,80;0,80;
2026-07-10 23:28:00.0;OFF;ON;100;-2,30;-2,50;2;13;95,20;107,20;4,30;4,50;77,30;1,80;0,80;
2026-07-10 23:29:00.0;OFF;ON;100;-2,30;-2,50;2;13;95,20;107,20;4,30;4,50;77,80;1,80;0,80;
2026-07-10 23:30:00.0;OFF;ON;100;-2,20;-2,50;1,90;13;95,20;107,20;4,20;4,50;79;1,80;0,80;
2026-07-10 23:31:00.0;OFF;ON;100;-2,20;-2,60;1,90;13;95,10;107,20;4,20;4,50;79,20;1,80;0,80;
2026-07-10 23:32:00.0;OFF;ON;100;-2,40;-2,60;1,90;12,90;95,10;107,20;4,30;4,50;78,80;1,70;0,70;
2026-07-10 23:33:00.0;OFF;ON;100;-3,30;-2,60;1,90;12,90;95,10;107,20;5,20;4,50;72,40;1,70;0,80;
2026-07-10 23:34:00.0;OFF;ON;100;-3,50;-2,60;1,90;12,90;95,40;107,20;5,40;4,50;69,10;1,80;0,80;
2026-07-10 23:35:00.0;OFF;ON;100;-3,60;-2,60;1,90;12,90;95,20;107,20;5,50;4,50;66,90;1,70;0,70;
2026-07-10 23:36:00.0;OFF;ON;100;-3;-2,60;1,90;12,80;95,30;107,20;5;4,50;69,40;1,80;0,80;
2026-07-10 23:37:00.0;OFF;ON;100;-3,40;-2,60;2;12,80;95,40;107,20;5,40;4,50;66,10;1,80;0,90;
2026-07-10 23:38:00.0;OFF;ON;100;-3;-2,50;2;12,80;95,80;107,20;5;4,50;66,90;1,90;1;
2026-07-10 23:39:00.0;OFF;ON;100;-1,10;-2,50;1,90;12,80;95,60;107,20;3;4,50;81,80;1,70;0,80;
2026-07-10 23:40:00.0;OFF;ON;100;-2,70;-2,60;2;12,80;95,50;107,20;4,70;4,50;71,90;1,80;1;
2026-07-10 23:41:00.0;OFF;ON;100;-2,70;-2,40;2,10;12,70;95,90;107,20;4,80;4,50;70,70;1,90;1,10;
2026-07-10 23:42:00.0;OFF;ON;100;-2,70;-2,40;2;12,70;95,90;107,20;4,80;4,50;70,50;1,90;1;
2026-07-10 23:43:00.0;OFF;ON;100;-2,80;-2,50;2;12,70;95,80;107,20;4,80;4,50;69,80;1,80;0,90;
2026-07-10 23:44:00.0;OFF;ON;100;-3;-2,50;2;12,60;95,60;107,20;5;4,50;67,40;1,80;0,90;
2026-07-10 23:45:00.0;OFF;ON;100;-3,40;-2,50;2;12,60;95,70;107,20;5,40;4,50;63,50;1,80;1;
2026-07-10 23:46:00.0;OFF;ON;100;-1,60;-2,50;1,90;12,60;95,60;107,20;3,60;4,50;76,60;1,80;0,80;
2026-07-10 23:47:00.0;OFF;ON;100;-1,90;-2,60;1,90;12,60;95,40;107,20;3,90;4,50;76,20;1,80;0,90;
2026-07-10 23:48:00.0;OFF;ON;100;-1,90;-2,60;1,90;12,60;95,50;107,20;3,90;4,50;77,30;1,80;0,90;
2026-07-10 23:49:00.0;OFF;ON;100;-1,90;-2,60;1,90;12,50;95,50;107,20;3,80;4,50;78,90;1,80;0,90;
2026-07-10 23:50:00.0;OFF;ON;100;-1,90;-2,60;1,90;12,50;95,50;107,20;3,80;4,50;79,80;1,70;0,90;
2026-07-10 23:51:00.0;OFF;ON;100;-3,80;-2,60;1,90;12,50;95,50;107,20;5,70;4,50;67,70;1,70;0,90;
2026-07-10 23:52:00.0;OFF;ON;100;-1,80;-2,50;2;12,50;95,70;107,20;3,80;4,50;77,30;1,80;0,90;
2026-07-10 23:53:00.0;OFF;ON;100;-2,60;-2,60;1,80;12,40;95,50;107,20;4,40;4,50;74,60;1,60;0,70;
2026-07-10 23:54:00.0;OFF;ON;100;-3,20;-2,70;1,90;12,40;95,40;107,20;5,10;4,50;69,40;1,70;0,90;
2026-07-10 23:55:00.0;OFF;ON;100;-3,10;-2,60;1,90;12,40;95,60;107,20;5;4,50;69,10;1,70;0,80;
2026-07-10 23:56:00.0;OFF;ON;100;-3,10;-2,60;1,90;12,40;95,50;107,20;5;4,50;68,30;1,70;0,80;
2026-07-10 23:57:00.0;OFF;ON;100;-3,20;-2,60;1,90;12,30;95,40;107,20;5,10;4,50;66,70;1,70;0,80;
2026-07-10 23:58:00.0;OFF;ON;100;-3,40;-2,60;1,90;12,30;95,40;107,20;5,20;4,50;64,70;1,70;0,90;
2026-07-10 23:59:00.0;OFF;ON;100;-1,90;-2,60;1,80;12,30;95,40;107,20;3,60;4,50;76,30;1,60;0,70;
