CamCarcacas2;
2026-07-11 00:00;2026-07-12 00:00;
12144 Frigorífico Thoms;
ayron.costa;
" ";CPCO 51 - Câmara de carcaças - Controle de temperatura 1;CPCO 51 - Câmara de carcaças - Controle de temperatura 1;CPCO 51 - Câmara de carcaças - Controle de temperatura 1;CPCO 51 - Câmara de carcaças - Controle de temperatura 1;CPCO 51 - Câmara de carcaças - Controle de temperatura 1;CPCO 51 - Câmara de carcaças - Controle de temperatura 1;CPCO 52 - Câmara de carcaças - Controle de temperatura 2;CPCO 52 - Câmara de carcaças - Controle de temperatura 2;CPCO 53 - Balança;CPCO 51 - Câmara de carcaças - Controle de temperatura 1;CPCO 51 - Câmara de carcaças - Controle de temperatura 1;CPCO 51 - Câmara de carcaças - Controle de temperatura 1;CPCO 51 - Câmara de carcaças - Controle de temperatura 1;CPCO 54 - Câmara de carcaças - Controle de temperatura 3;
" ";Carregamento;Resfriamento;Saida Y1 - Ventiladores EC;Temp entrada glicol;Temp ref;Temp retorno ar;Temperatuda espeto;Umidade relativa da camara;Peso atual;DT Atual;DT ref;Cap Atual Valvula;Temp retorno ar M1A08;Temp Insuf de ar M1A08;" ";
2026-07-11 00:00:00.0;OFF;ON;100;-1,90;-2,70;1,80;12,30;95,30;107,20;3,80;4,50;77,60;1,70;0,80;
2026-07-11 00:01:00.0;OFF;ON;100;-2,10;-2,70;1,80;12,20;95,30;107,20;3,90;4,50;77,70;1,70;0,80;
2026-07-11 00:02:00.0;OFF;ON;100;-2,10;-2,70;1,80;12,20;95,30;107,20;3,90;4,50;79;1,60;0,80;
2026-07-11 00:03:00.0;OFF;ON;100;-2,80;-2,70;1,80;12,20;95,30;107,20;4,60;4,50;74,50;1,60;0,80;
2026-07-11 00:04:00.0;OFF;ON;100;-4,30;-2,70;1,80;12,20;95,40;107,20;6,20;4,50;63;1,70;0,90;
2026-07-11 00:05:00.0;OFF;ON;100;-1,70;-2,60;1,80;12,20;95,50;107,20;3,50;4,50;79,40;1,60;0,60;
2026-07-11 00:06:00.0;OFF;ON;100;-3,10;-2,80;1,70;12,10;95,10;107,20;4,70;4,50;72,30;1,50;0,70;
2026-07-11 00:07:00.0;OFF;ON;100;-3,10;-2,80;1,80;12,10;95,30;107,20;4,90;4,50;70,10;1,60;0,80;
2026-07-11 00:08:00.0;OFF;ON;100;-3;-2,70;1,80;12,10;95,50;107,20;4,70;4,50;70,80;1,60;0,70;
2026-07-11 00:09:00.0;OFF;ON;100;-3,80;-2,80;1,70;12,10;95,30;107,20;5,50;4,50;65,20;1,60;0,70;
2026-07-11 00:10:00.0;OFF;ON;100;-1,80;-2,80;1,70;12;95,30;107,10;3,50;4,50;78,10;1,50;0,50;
2026-07-11 00:11:00.0;OFF;ON;100;-2,40;-2,90;1,70;12;95,10;107,20;4;4,50;76,10;1,50;0,60;
2026-07-11 00:12:00.0;OFF;ON;100;-2,10;-2,80;1,70;12;95,20;107,20;3,80;4,50;78,90;1,50;0,60;
2026-07-11 00:13:00.0;OFF;ON;100;-2,30;-2,90;1,70;12;95,20;107,20;3,90;4,50;79,30;1,50;0,60;
2026-07-11 00:14:00.0;OFF;ON;100;-3;-2,80;1,70;11,90;95,30;107,20;4,60;4,50;74,80;1,50;0,60;
2026-07-11 00:15:00.0;OFF;ON;100;-4,60;-2,80;1,70;11,90;95,40;107,20;6,30;4,50;62,10;1,50;0,70;
2026-07-11 00:16:00.0;OFF;ON;100;-2,50;-2,80;1,60;11,90;95,30;107,20;4,10;4,50;76,10;1,40;0,50;
2026-07-11 00:17:00.0;OFF;ON;100;-3,40;-2,90;1,60;11,90;95,10;107,20;5;4,50;70,30;1,40;0,60;
2026-07-11 00:18:00.0;OFF;ON;100;-3,10;-2,90;1,60;11,80;95,30;107,20;4,70;4,50;71,20;1,50;0,60;
2026-07-11 00:19:00.0;OFF;ON;100;-3;-2,90;1,60;11,80;95,20;107,20;4,60;4,50;71,60;1,40;0,50;
2026-07-11 00:20:00.0;OFF;ON;100;-3,20;-2,90;1,60;11,80;95,20;107,10;4,80;4,50;69,80;1,40;0,50;
2026-07-11 00:21:00.0;OFF;ON;100;-3,30;-2,90;1,60;11,80;95,30;107,20;4,90;4,50;68,80;1,40;0,50;
2026-07-11 00:22:00.0;OFF;ON;100;-3,50;-2,90;1,60;11,80;95,30;107,20;5,10;4,50;66,60;1,40;0,60;
2026-07-11 00:23:00.0;OFF;ON;100;-3,10;-2,90;1,60;11,70;95,40;107,10;4,70;4,50;68,20;1,40;0,60;
2026-07-11 00:24:00.0;OFF;ON;100;-2,50;-2,90;1,50;11,70;95,30;107,20;4;4,50;74,30;1,40;0,50;
2026-07-11 00:25:00.0;OFF;ON;100;-3,30;-3;1,50;11,70;95,30;107,10;4,80;4,50;69,10;1,40;0,60;
2026-07-11 00:26:00.0;OFF;ON;100;-3,60;-2,90;1,60;11,70;95,60;107,10;5,20;4,50;65,30;1,50;0,70;
2026-07-11 00:27:00.0;OFF;ON;100;-2,10;-2,90;1,60;11,60;95,50;107,20;3,70;4,50;74,20;1,50;0,60;
2026-07-11 00:28:00.0;OFF;ON;100;-2,60;-2,90;1,50;11,60;95,30;107,20;4,10;4,50;73,70;1,30;0,50;
2026-07-11 00:29:00.0;OFF;ON;100;-3,40;-3;1,60;11,60;95,30;107,20;4,90;4,50;68,50;1,40;0,60;
2026-07-11 00:30:00.0;OFF;ON;100;-3,60;-2,90;1,60;11,60;95,60;107,20;5,20;4,50;65,80;1,40;0,70;
2026-07-11 00:31:00.0;OFF;ON;100;-3;-2,90;1,60;11,50;95,70;107,20;4,60;4,50;68,40;1,40;0,60;
2026-07-11 00:32:00.0;OFF;ON;100;-1,70;-2,90;1,60;11,50;95,70;107,20;3,30;4,50;77,80;1,40;0,50;
2026-07-11 00:33:00.0;OFF;ON;100;-3,20;-3;1,50;11,50;95,30;107,20;4,80;4,50;69,30;1,40;0,60;
2026-07-11 00:34:00.0;OFF;ON;100;-3,60;-2,90;1,60;11,50;95,50;107,20;5,20;4,50;66;1,40;0,60;
2026-07-11 00:35:00.0;OFF;ON;100;-3,70;-2,90;1,60;11,40;95,60;107,10;5,30;4,50;64;1,40;0,60;
2026-07-11 00:36:00.0;OFF;ON;100;-1,70;-2,90;1,50;11,40;95,60;107,10;3,30;4,50;77,90;1,30;0,60;
2026-07-11 00:37:00.0;OFF;ON;100;-2,30;-3;1,50;11,40;95,30;107,10;3,80;4,50;76;1,30;0,50;
2026-07-11 00:38:00.0;OFF;ON;100;-2,20;-3;1,50;11,40;95,50;107,10;3,70;4,50;77,80;1,30;0,50;
2026-07-11 00:39:00.0;OFF;ON;100;-2,30;-3;1,50;11,40;95,30;107,20;3,80;4,50;78,70;1,30;0,50;
2026-07-11 00:40:00.0;OFF;ON;100;-3,80;-3;1,50;11,30;95,40;107,10;5,20;4,50;70,30;1,30;0,50;
2026-07-11 00:41:00.0;OFF;ON;100;-2,40;-3;1,50;11,30;95,60;107,10;3,90;4,50;76,10;1,40;0,60;
2026-07-11 00:42:00.0;OFF;ON;100;-2,50;-3;1,40;11,30;95,50;107,10;4;4,50;77,20;1,20;0,30;
2026-07-11 00:43:00.0;OFF;ON;100;-3,50;-3,10;1,40;11,30;95,30;107,10;4,90;4,50;71,30;1,30;0,50;
2026-07-11 00:44:00.0;OFF;ON;100;-3,10;-3,10;1,40;11,20;95,40;107,20;4,50;4,50;72,80;1,20;0,40;
2026-07-11 00:45:00.0;OFF;ON;100;-3,10;-3,10;1,40;11,20;95,40;107,10;4,50;4,50;72,90;1,20;0,30;
2026-07-11 00:46:00.0;OFF;ON;100;-3,20;-3,10;1,40;11,20;95,40;107,10;4,50;4,50;72,70;1,20;0,30;
2026-07-11 00:47:00.0;OFF;ON;100;-3,30;-3,10;1,40;11,20;95,40;107,20;4,60;4,50;72;1,20;0,30;
2026-07-11 00:48:00.0;OFF;ON;100;-3,30;-3,10;1,30;11,10;95,40;107,10;4,70;4,50;71,70;1,20;0,30;
2026-07-11 00:49:00.0;OFF;ON;100;-3,30;-3,20;1,30;11,10;95,30;107,10;4,70;4,50;71,50;1,20;0,30;
2026-07-11 00:50:00.0;OFF;ON;100;-3,20;-3,20;1,30;11,10;95,40;107,10;4,50;4,50;71,90;1,10;0,30;
2026-07-11 00:51:00.0;OFF;ON;100;-3,20;-3,20;1,30;11,10;95,40;107,10;4,50;4,50;71,80;1,10;0,30;
2026-07-11 00:52:00.0;OFF;ON;100;-3,20;-3,20;1,30;11,10;95,40;107,10;4,50;4,50;71,80;1,10;0,20;
2026-07-11 00:53:00.0;OFF;ON;100;-3,30;-3,20;1,30;11;95,30;107,10;4,60;4,50;71,10;1,10;0,20;
2026-07-11 00:54:00.0;OFF;ON;100;-3,40;-3,20;1,30;11;95,30;107,10;4,70;4,50;70,80;1,10;0,20;
2026-07-11 00:55:00.0;OFF;ON;100;-3,30;-3,20;1,30;11;95,40;107,10;4,60;4,50;71;1,10;0,20;
2026-07-11 00:56:00.0;OFF;ON;100;-3,30;-3,20;1,30;11;95,30;107,10;4,60;4,50;71;1,10;0,20;
2026-07-11 00:57:00.0;OFF;ON;100;-3,30;-3,20;1,30;10,90;95,40;107,10;4,50;4,50;71,10;1,10;0,20;
2026-07-11 00:58:00.0;OFF;ON;100;-3,30;-3,20;1,30;10,90;95,30;107,10;4,50;4,50;70,90;1,10;0,20;
2026-07-11 00:59:00.0;OFF;ON;100;-3,30;-3,20;1,30;10,90;95,30;107,10;4,60;4,50;70,80;1,10;0,20;
2026-07-11 01:00:00.0;OFF;ON;100;-3,40;-3,30;1,20;10,90;95,30;107,10;4,60;4,50;70,40;1,10;0,20;
2026-07-11 01:01:00.0;OFF;ON;100;-3,40;-3,30;1,20;10,80;95,30;107,10;4,60;4,50;70,20;1,10;0,20;
2026-07-11 01:02:00.0;OFF;ON;100;-3,50;-3,30;1,20;10,80;95,40;107,10;4,80;4,50;68,90;1,10;0,20;
2026-07-11 01:03:00.0;OFF;ON;100;-3,40;-3,20;1,30;10,80;95,40;107,10;4,60;4,50;69,80;1,10;0,20;
2026-07-11 01:04:00.0;OFF;ON;100;-3,50;-3,30;1,30;10,80;95,50;107,10;4,80;4,50;68,20;1,10;0,30;
2026-07-11 01:05:00.0;OFF;ON;100;-3,60;-3,20;1,30;10,80;95,50;107,10;4,90;4,50;67,30;1,10;0,20;
2026-07-11 01:06:00.0;OFF;ON;100;-2,40;-3,20;1,30;10,70;95,50;107,10;3,70;4,50;75;1,10;0,20;
2026-07-11 01:07:00.0;OFF;ON;100;-3,30;-3,20;1,30;10,70;95,50;107,10;4,60;4,50;69,90;1,10;0,30;
2026-07-11 01:08:00.0;OFF;ON;100;-3,60;-3,20;1,30;10,70;95,60;107,10;4,90;4,50;67,60;1,10;0,30;
2026-07-11 01:09:00.0;OFF;ON;100;-3,60;-3,20;1,30;10,70;95,70;107,10;4,90;4,50;66,90;1,10;0,30;
2026-07-11 01:10:00.0;OFF;ON;100;-3,40;-3,20;1,30;10,60;95,70;107,10;4,70;4,50;68,20;1,10;0,30;
2026-07-11 01:11:00.0;OFF;ON;100;-3,50;-3,20;1,30;10,60;95,60;107,10;4,80;4,50;67,40;1,10;0,30;
2026-07-11 01:12:00.0;OFF;ON;100;-3,60;-3,20;1,30;10,60;95,70;107,10;4,90;4,50;65,50;1,10;0,30;
2026-07-11 01:13:00.0;OFF;ON;100;-1,40;-3,20;1,20;10,60;95,60;107,10;2,60;4,50;81;1,10;0,20;
2026-07-11 01:14:00.0;OFF;ON;100;-2,60;-3,30;1,20;10,50;95,40;107,10;3,80;4,50;75,80;1,10;0,30;
2026-07-11 01:15:00.0;OFF;ON;100;-3,10;-3,30;1,30;10,50;95,60;107,10;4,40;4,50;72,70;1,10;0,40;
2026-07-11 01:16:00.0;OFF;ON;100;-3,10;-3,20;1,20;10,50;95,60;107,10;4,40;4,50;72,70;1,10;0,20;
2026-07-11 01:17:00.0;OFF;ON;100;-4,10;-3,30;1,20;10,50;95,40;107,10;5,30;4,50;66,70;1;0,20;
2026-07-11 01:18:00.0;OFF;ON;100;-2,80;-3,30;1,20;10,50;95,50;107,10;4,10;4,50;73,90;1;0,20;
2026-07-11 01:19:00.0;OFF;ON;100;-2,50;-3,40;1,10;10,40;95,10;107,10;3,60;4,50;78,80;0,90;0;
2026-07-11 01:20:00.0;OFF;ON;100;-2,70;-3,40;1,10;10,40;95,10;107,10;3,80;4,50;78,70;1;0,10;
2026-07-11 01:21:00.0;OFF;ON;100;-3,20;-3,40;1,10;10,40;95,10;107,10;4,40;4,50;75,90;0,90;0,10;
2026-07-11 01:22:00.0;OFF;ON;100;-3,30;-3,40;1,10;10,40;95,20;107,10;4,50;4,50;75,50;1;0,10;
2026-07-11 01:23:00.0;OFF;ON;100;-3,30;-3,40;1,10;10,30;95,30;107,10;4,40;4,50;76,20;0,90;0;
2026-07-11 01:24:00.0;OFF;ON;100;-3,40;-3,40;1,10;10,30;95,20;107,10;4,40;4,50;75,90;0,90;0;
2026-07-11 01:25:00.0;OFF;ON;100;-3,40;-3,40;1,10;10,30;95,10;107,10;4,50;4,50;76;0,90;0;
2026-07-11 01:26:00.0;OFF;ON;100;-3,40;-3,50;1;10,30;95,20;107,10;4,50;4,50;76;0,90;0;
2026-07-11 01:27:00.0;OFF;ON;100;-3,40;-3,50;1;10,20;95,10;107,10;4,40;4,50;76,10;0,90;-0,10;
2026-07-11 01:28:00.0;OFF;ON;100;-3,40;-3,50;1;10,20;95,10;107,10;4,40;4,50;76,30;0,90;-0,10;
2026-07-11 01:29:00.0;OFF;ON;100;-3,50;-3,50;1;10,20;95,10;107,10;4,50;4,50;76,50;0,80;-0,10;
2026-07-11 01:30:00.0;OFF;ON;100;-3,30;-3,50;1;10,20;95,20;107,10;4,30;4,50;77,40;0,80;-0,10;
2026-07-11 01:31:00.0;OFF;ON;100;-3,40;-3,50;1;10,20;95,10;107,10;4,30;4,50;77,40;0,80;-0,10;
2026-07-11 01:32:00.0;OFF;ON;100;-3,40;-3,50;0,90;10,10;95,10;107,10;4,30;4,50;77,80;0,80;-0,10;
2026-07-11 01:33:00.0;OFF;ON;100;-3,50;-3,60;0,90;10,10;95,10;107,10;4,50;4,50;77,20;0,80;-0,10;
2026-07-11 01:34:00.0;OFF;ON;100;-3,50;-3,60;0,90;10,10;95,10;107,10;4,40;4,50;77,70;0,80;-0,10;
2026-07-11 01:35:00.0;OFF;ON;100;-3,30;-3,60;0,90;10,10;95,20;107,10;4,30;4,50;78,60;0,80;-0,10;
2026-07-11 01:36:00.0;OFF;ON;100;-2,80;-3,60;0,90;10;95,10;107,10;3,70;4,50;83,50;0,80;-0,10;
2026-07-11 01:37:00.0;OFF;ON;100;-3,30;-3,60;0,90;10;95,10;107,10;4,20;4,50;81,40;0,80;-0,10;
2026-07-11 01:38:00.0;OFF;ON;100;-3,20;-3,60;0,90;10;95,20;107,10;4,20;4,50;82,30;0,80;-0,10;
2026-07-11 01:39:00.0;OFF;ON;100;-3,30;-3,60;0,90;10;95,10;107,10;4,20;4,50;83;0,70;-0,10;
2026-07-11 01:40:00.0;OFF;ON;100;-3,30;-3,60;0,90;10;95,10;107,10;4,10;4,50;84,10;0,70;-0,10;
2026-07-11 01:41:00.0;OFF;ON;100;-3,40;-3,70;0,80;10;95,10;107,10;4,20;4,50;84;0,70;-0,20;
2026-07-11 01:42:00.0;OFF;ON;100;-3,30;-3,70;0,80;9,90;95,10;107,10;4,20;4,50;84,90;0,70;-0,20;
2026-07-11 01:43:00.0;OFF;ON;100;-3,30;-3,70;0,80;9,90;95,10;107,10;4,10;4,50;86,10;0,60;-0,20;
2026-07-11 01:44:00.0;OFF;ON;100;-3,30;-3,70;0,80;9,90;95,10;107,10;4,10;4,50;87;0,60;-0,20;
2026-07-11 01:45:00.0;OFF;ON;100;-3,30;-3,70;0,80;9,90;95;107,10;4,10;4,50;87,70;0,60;-0,20;
2026-07-11 01:46:00.0;OFF;ON;100;-3,30;-3,70;0,80;9,90;95;107,10;4,10;4,50;88,70;0,60;-0,30;
2026-07-11 01:47:00.0;OFF;ON;100;-3,30;-3,70;0,70;9,80;95;107,10;4;4,50;90,10;0,60;-0,30;
2026-07-11 01:48:00.0;OFF;ON;100;-3,30;-3,80;0,70;9,80;94,90;107,10;4;4,50;90,60;0,60;-0,30;
2026-07-11 01:49:00.0;OFF;ON;100;-3,40;-3,80;0,70;9,80;94,90;107,10;4,10;4,50;91,30;0,60;-0,30;
2026-07-11 01:50:00.0;OFF;ON;100;-3,30;-3,80;0,70;9,80;94,90;107,10;4;4,50;92,80;0,50;-0,30;
2026-07-11 01:51:00.0;OFF;ON;100;-3,20;-3,80;0,70;9,80;94,90;107,10;3,90;4,50;95;0,50;-0,30;
2026-07-11 01:52:00.0;OFF;ON;100;-3,30;-3,80;0,60;9,70;94,80;107,10;3,90;4,50;95,60;0,50;-0,40;
2026-07-11 01:53:00.0;OFF;ON;100;-3,30;-3,90;0,60;9,70;94,90;107,10;3,90;4,50;96,70;0,50;-0,40;
2026-07-11 01:54:00.0;OFF;ON;100;-3,20;-3,90;0,60;9,70;94,80;107,10;3,90;4,50;97,80;0,50;-0,40;
2026-07-11 01:55:00.0;OFF;ON;100;-4,10;-3,90;0,60;9,70;94,90;107,10;4,70;4,50;92,90;0,40;-0,50;
2026-07-11 01:56:00.0;OFF;ON;100;-4;-4;0,50;9,70;94,70;107,10;4,50;4,50;94,20;0,40;-0,60;
2026-07-11 01:57:00.0;OFF;ON;100;-3,90;-4;0,50;9,70;94,60;107,10;4,30;4,50;94,90;0,30;-0,60;
2026-07-11 01:58:00.0;OFF;ON;100;-3,90;-4;0,40;9,60;94,40;107,10;4,30;4,50;95,40;0,30;-0,60;
2026-07-11 01:59:00.0;OFF;ON;100;-3,80;-4;0,40;9,60;94,50;107,10;4,20;4,50;95,90;0,30;-0,70;
2026-07-11 02:00:00.0;OFF;ON;100;-3,80;-4;0,40;9,60;94,60;107,10;4,20;4,50;96,60;0,30;-0,70;
2026-07-11 02:01:00.0;OFF;ON;100;-3,80;-4;0,40;9,60;94,50;107,10;4,20;4,50;97,10;0,30;-0,70;
2026-07-11 02:02:00.0;OFF;ON;100;-3,90;-4;0,40;9,60;94,60;107,10;4,20;4,50;96,90;0,20;-0,70;
2026-07-11 02:03:00.0;OFF;ON;100;-3,90;-4;0,30;9,50;94,60;107,10;4,30;4,50;96,90;0,20;-0,70;
2026-07-11 02:04:00.0;OFF;ON;100;-3,90;-4;0,30;9,50;94,50;107,10;4,20;4,50;97,10;0,20;-0,70;
2026-07-11 02:05:00.0;OFF;ON;100;-3,90;-4;0,30;9,50;94,50;107,10;4,20;4,50;97,30;0,20;-0,70;
2026-07-11 02:06:00.0;OFF;ON;100;-3,90;-4;0,30;9,50;94,50;107,10;4,20;4,50;97,40;0,10;-0,80;
2026-07-11 02:07:00.0;OFF;ON;100;-3,90;-4;0,30;9,50;94,50;107,10;4,20;4,50;97,80;0,10;-0,80;
2026-07-11 02:08:00.0;OFF;ON;100;-3,10;-4;0,20;9,50;94,50;107;3,30;4,50;99,40;0,10;-0,80;
2026-07-11 02:09:00.0;OFF;ON;100;-3,50;-4;0,30;9,40;94,70;107,10;3,80;4,50;98;0,20;-0,60;
2026-07-11 02:10:00.0;OFF;ON;100;-3,40;-4;0,30;9,40;94,80;107,10;3,70;4,50;99,40;0,20;-0,60;
2026-07-11 02:11:00.0;OFF;ON;100;-3,50;-4;0,30;9,40;94,80;107,10;3,80;4,50;99,10;0,20;-0,60;
2026-07-11 02:12:00.0;OFF;ON;100;-3,50;-4;0,30;9,40;94,80;107,10;3,80;4,50;99,10;0,20;-0,60;
2026-07-11 02:13:00.0;OFF;ON;100;-3,50;-4;0,30;9,40;94,80;107,10;3,80;4,50;99;0,10;-0,70;
2026-07-11 02:14:00.0;OFF;ON;100;-3,40;-4;0,30;9,40;94,80;107;3,70;4,50;100;0,10;-0,70;
2026-07-11 02:15:00.0;OFF;ON;100;-3,50;-4;0,30;9,30;94,80;107;3,70;4,50;99,70;0,10;-0,70;
2026-07-11 02:16:00.0;OFF;ON;100;-3,40;-4;0,30;9,30;94,80;107,10;3,60;4,50;100;0,10;-0,70;
2026-07-11 02:17:00.0;OFF;ON;100;-3,50;-4;0,30;9,30;94,80;107,10;3,80;4,50;99,20;0,10;-0,70;
2026-07-11 02:18:00.0;OFF;ON;100;-3,50;-4;0,20;9,30;94,80;107,10;3,70;4,50;99,50;0,10;-0,70;
2026-07-11 02:19:00.0;OFF;ON;100;-3,50;-4;0,20;9,30;94,80;107;3,70;4,50;99,40;0,10;-0,70;
2026-07-11 02:20:00.0;OFF;ON;100;-3,40;-4;0,20;9,20;94,70;107;3,60;4,50;100;0,10;-0,70;
2026-07-11 02:21:00.0;OFF;ON;100;-3,50;-4;0,20;9,20;94,80;107;3,70;4,50;99,40;0,10;-0,70;
2026-07-11 02:22:00.0;OFF;ON;100;-3,60;-4;0,20;9,20;94,80;107;3,80;4,50;99,20;0,10;-0,70;
2026-07-11 02:23:00.0;OFF;ON;100;-3,50;-4;0,20;9,20;94,80;107,10;3,70;4,50;99,40;0;-0,70;
2026-07-11 02:24:00.0;OFF;ON;100;-3,60;-4;0,20;9,20;94,80;107,10;3,80;4,50;99;0;-0,70;
2026-07-11 02:25:00.0;OFF;ON;100;-3,40;-4;0,20;9,20;94,80;107,10;3,60;4,50;100;0;-0,70;
2026-07-11 02:26:00.0;OFF;ON;100;-3,50;-4;0,20;9,10;94,80;107;3,60;4,50;99,60;0;-0,70;
2026-07-11 02:27:00.0;OFF;ON;100;-3,40;-4;0,20;9,10;94,80;107,10;3,60;4,50;99,60;0;-0,70;
2026-07-11 02:28:00.0;OFF;ON;100;-3,50;-4;0,20;9,10;94,80;107;3,60;4,50;99,30;0;-0,70;
2026-07-11 02:29:00.0;OFF;ON;100;-3,40;-4;0,10;9,10;94,80;107;3,60;4,50;100;0;-0,70;
2026-07-11 02:30:00.0;OFF;ON;100;-3,50;-4;0,10;9,10;94,80;107;3,60;4,50;99,70;0;-0,70;
2026-07-11 02:31:00.0;OFF;ON;100;-3,60;-4;0,10;9;94,80;107;3,70;4,50;99,40;0;-0,80;
2026-07-11 02:32:00.0;OFF;ON;100;-3,50;-4;0,10;9;94,80;107,10;3,60;4,50;100;0;-0,80;
2026-07-11 02:33:00.0;OFF;ON;100;-3,60;-4;0,10;9;94,80;107,10;3,70;4,50;99,20;0;-0,80;
2026-07-11 02:34:00.0;OFF;ON;100;-3,50;-4;0,10;9;94,80;107;3,60;4,50;100;0;-0,80;
2026-07-11 02:35:00.0;OFF;ON;100;-3,70;-4;0,10;9;94,60;107,10;3,70;4,50;99;-0,10;-0,80;
2026-07-11 02:36:00.0;OFF;ON;100;-3,70;-4;0,10;9;94,70;107,10;3,80;4,50;98,70;-0,10;-0,80;
2026-07-11 02:37:00.0;OFF;ON;100;-3,60;-4;0;8,90;94,60;107;3,60;4,50;99,80;-0,10;-0,90;
2026-07-11 02:38:00.0;OFF;ON;100;-3,70;-4;0;8,90;94,60;107;3,70;4,50;99;-0,10;-0,90;
2026-07-11 02:39:00.0;OFF;ON;100;-3,50;-3,50;0;8,90;94,50;107;3,50;4,50;96,60;-0,10;-0,90;
2026-07-11 02:40:00.0;OFF;ON;90;-2,80;-3,50;0;8,90;94,60;107,10;2,80;3,50;99,50;-0,20;-1;
2026-07-11 02:41:00.0;OFF;ON;90;-2,80;-3,50;0;8,90;94,70;107,10;2,80;3,50;99,20;-0,10;-0,80;
2026-07-11 02:42:00.0;OFF;ON;90;-2,50;-3,50;0,10;8,90;94,80;107;2,60;3,50;100;0;-0,70;
2026-07-11 02:43:00.0;OFF;ON;90;-2,60;-3,40;0,10;8,80;95;107,10;2,70;3,50;99,10;0;-0,70;
2026-07-11 02:44:00.0;OFF;ON;90;-3,50;-3,40;0,10;8,80;95,30;107,10;3,60;3,50;93,90;0;-0,70;
2026-07-11 02:45:00.0;OFF;ON;90;-3,50;-3,40;0,10;8,80;95,20;107;3,60;3,50;94,20;0;-0,80;
2026-07-11 02:46:00.0;OFF;ON;90;-3,60;-3,40;0;8,80;94,90;107,10;3,60;3,50;93,60;-0,10;-0,90;
2026-07-11 02:47:00.0;OFF;ON;90;-3,70;-3,50;0;8,80;94,70;107;3,70;3,50;92,90;-0,20;-1;
2026-07-11 02:48:00.0;OFF;ON;90;-3,80;-3,50;-0,10;8,70;94,50;107,10;3,70;3,50;92,40;-0,20;-1;
2026-07-11 02:49:00.0;OFF;ON;90;-3,80;-3,60;-0,10;8,70;94,50;107,10;3,70;3,50;92,30;-0,20;-1;
2026-07-11 02:50:00.0;OFF;ON;90;-3,70;-3,60;-0,10;8,70;94,40;107;3,60;3,50;93,10;-0,20;-1;
2026-07-11 02:51:00.0;OFF;ON;90;-3,70;-3,60;-0,10;8,70;94,50;107;3,50;3,50;93,10;-0,30;-1,10;
2026-07-11 02:52:00.0;OFF;ON;90;-3,70;-3,60;-0,10;8,70;94,40;107,10;3,60;3,50;93;-0,30;-1,10;
2026-07-11 02:53:00.0;OFF;ON;90;-3,70;-3,60;-0,20;8,70;94,40;107;3,50;3,50;92,80;-0,30;-1,10;
2026-07-11 02:54:00.0;OFF;ON;90;-3,80;-3,70;-0,20;8,60;94,40;107;3,60;3,50;92;-0,30;-1,10;
2026-07-11 02:55:00.0;OFF;ON;90;-3,50;-3,70;-0,20;8,60;94,40;107;3,30;3,50;94,30;-0,30;-1,10;
2026-07-11 02:56:00.0;OFF;ON;90;-3,80;-3,70;-0,20;8,60;94,30;107;3,60;3,50;92,50;-0,30;-1,10;
2026-07-11 02:57:00.0;OFF;ON;90;-3,80;-3,70;-0,20;8,60;94,40;107,10;3,60;3,50;92,40;-0,30;-1,10;
2026-07-11 02:58:00.0;OFF;ON;90;-3;-3,70;-0,20;8,60;94,40;107;2,80;3,50;97,50;-0,30;-1,20;
2026-07-11 02:59:00.0;OFF;ON;90;-2,90;-3,70;-0,20;8,60;94,30;107;2,70;3,50;98,50;-0,30;-1,20;
2026-07-11 03:00:00.0;OFF;ON;90;-3,60;-3,70;-0,20;8,50;94,60;107;3,40;3,50;94,60;-0,30;-1;
2026-07-11 03:01:00.0;OFF;ON;90;-3,80;-3,70;-0,20;8,50;94,60;107;3,60;3,50;93,40;-0,30;-1,10;
2026-07-11 03:02:00.0;OFF;ON;90;-3,70;-3,70;-0,20;8,50;94,60;107;3,50;3,50;93,50;-0,40;-1,10;
2026-07-11 03:03:00.0;OFF;ON;90;-3,70;-3,70;-0,20;8,50;94,50;107;3,50;3,50;93,50;-0,40;-1,10;
2026-07-11 03:04:00.0;OFF;ON;90;-3,70;-3,80;-0,30;8,40;94,50;107;3,50;3,50;93,90;-0,40;-1,10;
2026-07-11 03:05:00.0;OFF;ON;90;-3,70;-3,80;-0,30;8,40;94,40;107;3,40;3,50;94,90;-0,40;-1,10;
2026-07-11 03:06:00.0;OFF;ON;90;-3,70;-3,80;-0,30;8,40;94,50;107;3,50;3,50;94,80;-0,40;-1,20;
2026-07-11 03:07:00.0;OFF;ON;90;-3,70;-3,80;-0,30;8,40;94,50;107;3,40;3,50;94,90;-0,40;-1,20;
2026-07-11 03:08:00.0;OFF;ON;90;-3,90;-3,80;-0,30;8,40;94,40;107;3,60;3,50;93,60;-0,40;-1,10;
2026-07-11 03:09:00.0;OFF;ON;90;-3,60;-3,80;-0,30;8,40;94,60;107;3,40;3,50;95;-0,40;-1,10;
2026-07-11 03:10:00.0;OFF;ON;90;-3,70;-3,80;-0,30;8,30;94,60;107;3,40;3,50;95,10;-0,40;-1,10;
2026-07-11 03:11:00.0;OFF;ON;90;-3,70;-3,80;-0,30;8,30;94,60;107;3,40;3,50;95,10;-0,40;-1,20;
2026-07-11 03:12:00.0;OFF;ON;90;-3,70;-3,80;-0,30;8,30;94,50;107;3,40;3,50;96;-0,40;-1,20;
2026-07-11 03:13:00.0;OFF;ON;90;-3,80;-3,80;-0,30;8,30;94,50;107;3,50;3,50;95,80;-0,40;-1,10;
2026-07-11 03:14:00.0;OFF;ON;90;-3,80;-3,80;-0,30;8,30;94,50;107;3,50;3,50;95,90;-0,40;-1,20;
2026-07-11 03:15:00.0;OFF;ON;90;-3,80;-3,80;-0,30;8,30;94,50;107;3,50;3,50;96;-0,40;-1,20;
2026-07-11 03:16:00.0;OFF;ON;90;-3,70;-3,80;-0,30;8,20;94,40;107;3,40;3,50;95;-0,40;-1,10;
2026-07-11 03:17:00.0;OFF;ON;90;-3,60;-3,80;-0,30;8,20;94,60;107;3,30;3,50;96;-0,40;-1,10;
2026-07-11 03:18:00.0;OFF;ON;90;-3,70;-3,80;-0,30;8,20;94,60;107;3,40;3,50;95,90;-0,40;-1,10;
2026-07-11 03:19:00.0;OFF;ON;90;-3,60;-3,80;-0,30;8,20;94,60;107;3,30;3,50;96,40;-0,40;-1,20;
2026-07-11 03:20:00.0;OFF;ON;90;-3,30;-3,80;-0,30;8,20;94,50;107;3;3,50;98,60;-0,40;-1,20;
2026-07-11 03:21:00.0;OFF;ON;90;-3,70;-3,80;-0,40;8,10;94,50;107;3,30;3,50;96,90;-0,50;-1,20;
2026-07-11 03:22:00.0;OFF;ON;90;-3,60;-3,90;-0,30;8,10;94,40;107;3,30;3,50;97,60;-0,50;-1,20;
2026-07-11 03:23:00.0;OFF;ON;90;-3,70;-3,90;-0,40;8,10;94,50;107;3,30;3,50;97,60;-0,50;-1,20;
2026-07-11 03:24:00.0;OFF;ON;90;-3,70;-3,90;-0,40;8,10;94,50;107;3,30;3,50;97,80;-0,50;-1,20;
2026-07-11 03:25:00.0;OFF;ON;90;-3,40;-3,90;-0,40;8,10;94,50;107;3;3,50;98,40;-0,50;-1,20;
2026-07-11 03:26:00.0;OFF;ON;90;-3,70;-3,90;-0,40;8;94,50;107;3,30;3,50;96,90;-0,50;-1,20;
2026-07-11 03:27:00.0;OFF;ON;90;-3,60;-3,90;-0,40;8;94,50;107;3,20;3,50;97,80;-0,50;-1,20;
2026-07-11 03:28:00.0;OFF;ON;90;-3,70;-3,90;-0,40;8;94,50;107;3,30;3,50;97,40;-0,50;-1,20;
2026-07-11 03:29:00.0;OFF;ON;90;-3,70;-3,90;-0,40;8;94,50;107;3,30;3,50;98,50;-0,50;-1,20;
2026-07-11 03:30:00.0;OFF;ON;90;-3,60;-3,90;-0,40;8;94,50;107;3,20;3,50;99,40;-0,50;-1,20;
2026-07-11 03:31:00.0;OFF;ON;90;-3,60;-3,90;-0,40;8;94,60;107;3,20;3,50;100;-0,50;-1,20;
2026-07-11 03:32:00.0;OFF;ON;90;-3,60;-3,90;-0,40;7,90;94,50;107;3,20;3,50;99,80;-0,50;-1,20;
2026-07-11 03:33:00.0;OFF;ON;90;-3,60;-3,90;-0,40;7,90;94,50;107;3,10;3,50;100;-0,50;-1,20;
2026-07-11 03:34:00.0;OFF;ON;90;-3,60;-3,90;-0,40;7,90;94,50;107;3,10;3,50;99,70;-0,50;-1,20;
2026-07-11 03:35:00.0;OFF;ON;90;-3,50;-3,90;-0,40;7,90;94,50;107;3,10;3,50;99,80;-0,50;-1,20;
2026-07-11 03:36:00.0;OFF;ON;90;-3,50;-3,90;-0,40;7,90;94,60;107;3,10;3,50;100;-0,50;-1,20;
2026-07-11 03:37:00.0;OFF;ON;90;-3,50;-3,90;-0,40;7,90;94,60;107;3,10;3,50;100;-0,50;-1,20;
2026-07-11 03:38:00.0;OFF;ON;90;-3,60;-3,90;-0,40;7,80;94,60;107;3,10;3,50;99,20;-0,50;-1,20;
2026-07-11 03:39:00.0;OFF;ON;90;-3,60;-3,90;-0,40;7,80;94,60;107;3,10;3,50;99,40;-0,50;-1,20;
2026-07-11 03:40:00.0;OFF;ON;90;-3,50;-3,90;-0,40;7,80;94,60;107;3,10;3,50;99,40;-0,50;-1,20;
2026-07-11 03:41:00.0;OFF;ON;90;-3,50;-3,90;-0,40;7,80;94,70;107;3,10;3,50;99,30;-0,50;-1,20;
2026-07-11 03:42:00.0;OFF;ON;90;-3,50;-3,90;-0,40;7,80;94,70;107;3,10;3,50;99,30;-0,50;-1,20;
2026-07-11 03:43:00.0;OFF;ON;90;-3,40;-3,90;-0,40;7,70;94,70;107;3;3,50;100;-0,50;-1,20;
2026-07-11 03:44:00.0;OFF;ON;90;-3,50;-3,90;-0,40;7,70;94,60;107;3,10;3,50;99,40;-0,50;-1,20;
2026-07-11 03:45:00.0;OFF;ON;90;-3,60;-3,90;-0,40;7,70;94,70;107;3,10;3,50;99,10;-0,50;-1,20;
2026-07-11 03:46:00.0;OFF;ON;90;-3,40;-3,90;-0,40;7,70;94,80;107;3;3,50;100;-0,50;-1,20;
2026-07-11 03:47:00.0;OFF;ON;90;-3,50;-3,90;-0,40;7,70;94,80;107;3,10;3,50;99,50;-0,60;-1,20;
2026-07-11 03:48:00.0;OFF;ON;90;-3,50;-3,90;-0,40;7,60;94,70;107;3;3,50;99,40;-0,50;-1,20;
2026-07-11 03:49:00.0;OFF;ON;90;-3,50;-3,90;-0,40;7,60;94,70;107;3;3,50;99,50;-0,60;-1,20;
2026-07-11 03:50:00.0;OFF;ON;90;-3,50;-3,90;-0,40;7,60;94,70;107;3,10;3,50;99,20;-0,60;-1,20;
2026-07-11 03:51:00.0;OFF;ON;90;-3,40;-3,90;-0,40;7,60;94,70;107;3;3,50;100;-0,60;-1,20;
2026-07-11 03:52:00.0;OFF;ON;90;-3,40;-3,90;-0,40;7,60;94,80;107;3;3,50;100;-0,60;-1,20;
2026-07-11 03:53:00.0;OFF;ON;90;-3,50;-3,90;-0,50;7,50;94,70;107;3;3,50;99,20;-0,60;-1,20;
2026-07-11 03:54:00.0;OFF;ON;90;-3,40;-3,90;-0,40;7,50;94,70;107;2,90;3,50;100;-0,50;-1,20;
2026-07-11 03:55:00.0;OFF;ON;90;-3,40;-3,90;-0,40;7,50;94,70;107;3;3,50;99,70;-0,60;-1,20;
2026-07-11 03:56:00.0;OFF;ON;90;-3,40;-4;-0,50;7,50;94,60;107;2,90;3,50;100;-0,60;-1,20;
2026-07-11 03:57:00.0;OFF;ON;90;-3,40;-4;-0,50;7,50;94,70;107;2,90;3,50;100;-0,60;-1,20;
2026-07-11 03:58:00.0;OFF;ON;90;-3,50;-4;-0,50;7,50;94,70;107;3,10;3,50;99,30;-0,60;-1,20;
2026-07-11 03:59:00.0;OFF;ON;90;-3,50;-4;-0,50;7,40;94,60;107;3,10;3,50;99,30;-0,60;-1,20;
2026-07-11 04:00:00.0;OFF;ON;90;-3,40;-4;-0,50;7,40;94,70;107;2,90;3,50;100;-0,60;-1,20;
2026-07-11 04:01:00.0;OFF;ON;90;-3,50;-4;-0,50;7,40;94,70;107;3;3,50;99,40;-0,60;-1,20;
2026-07-11 04:02:00.0;OFF;ON;90;-3,50;-4;-0,50;7,40;94,70;107;3;3,50;99,70;-0,60;-1,20;
2026-07-11 04:03:00.0;OFF;ON;90;-3,40;-4;-0,50;7,40;94,70;107;2,90;3,50;100;-0,60;-1,20;
2026-07-11 04:04:00.0;OFF;ON;90;-3,50;-4;-0,50;7,30;94,70;107;3;3,50;99,50;-0,60;-1,20;
2026-07-11 04:05:00.0;OFF;ON;90;-3,40;-4;-0,50;7,30;94,70;107;2,90;3,50;100;-0,60;-1,20;
2026-07-11 04:06:00.0;OFF;ON;90;-3,50;-4;-0,50;7,30;94,60;107;3;3,50;99,40;-0,60;-1,20;
2026-07-11 04:07:00.0;OFF;ON;90;-3,50;-4;-0,50;7,30;94,60;107;3;3,50;99,40;-0,60;-1,20;
2026-07-11 04:08:00.0;OFF;ON;90;-3,40;-4;-0,50;7,30;94,70;107;2,90;3,50;100;-0,60;-1,20;
2026-07-11 04:09:00.0;OFF;ON;90;-3,40;-4;-0,50;7,20;94,70;107;2,90;3,50;100;-0,60;-1,20;
2026-07-11 04:10:00.0;OFF;ON;90;-3,50;-4;-0,50;7,20;94,60;107;3;3,50;99,30;-0,60;-1,20;
2026-07-11 04:11:00.0;OFF;ON;90;-3,50;-4;-0,50;7,20;94,60;107;3;3,50;99,70;-0,70;-1,20;
2026-07-11 04:12:00.0;OFF;ON;90;-3,50;-4;-0,50;7,20;94,60;107;3;3,50;100;-0,60;-1,30;
2026-07-11 04:13:00.0;OFF;ON;90;-3,50;-4;-0,60;7,20;94,60;107;3;3,50;100;-0,70;-1,30;
2026-07-11 04:14:00.0;OFF;ON;90;-3,60;-4;-0,60;7,10;94,60;107;3;3,50;100;-0,70;-1,30;
2026-07-11 04:15:00.0;OFF;ON;90;-3,60;-4;-0,60;7,10;94,50;107;3;3,50;99,30;-0,70;-1,30;
2026-07-11 04:16:00.0;OFF;ON;90;-3,60;-4;-0,60;7,10;94,60;107;3;3,50;100;-0,70;-1,30;
2026-07-11 04:17:00.0;OFF;ON;90;-3,60;-4;-0,60;7,10;94,60;107;3;3,50;99,60;-0,70;-1,30;
2026-07-11 04:18:00.0;OFF;ON;90;-3,50;-4;-0,60;7,10;94,60;107;2,90;3,50;100;-0,70;-1,30;
2026-07-11 04:19:00.0;OFF;ON;90;-3,50;-4;-0,60;7,10;94,50;107;2,90;3,50;100;-0,70;-1,30;
2026-07-11 04:20:00.0;OFF;ON;90;-3,60;-4;-0,60;7;94,50;107;3;3,50;100;-0,70;-1,30;
2026-07-11 04:21:00.0;OFF;ON;90;-3,50;-4;-0,60;7;94,60;107;2,90;3,50;100;-0,70;-1,30;
2026-07-11 04:22:00.0;OFF;ON;90;-3,70;-4;-0,60;7;94,60;107;3;3,50;99,40;-0,70;-1,30;
2026-07-11 04:23:00.0;OFF;ON;90;-3,50;-4;-0,60;7;94,60;107;2,90;3,50;100;-0,70;-1,30;
2026-07-11 04:24:00.0;OFF;ON;90;-3,60;-4;-0,60;7;94,50;107;3;3,50;99,40;-0,70;-1,30;
2026-07-11 04:25:00.0;OFF;ON;90;-3,60;-4;-0,60;6,90;94,50;107;3;3,50;99,40;-0,70;-1,30;
2026-07-11 04:26:00.0;OFF;ON;90;-3,50;-4;-0,60;6,90;94,60;107;2,90;3,50;100;-0,70;-1,30;
2026-07-11 04:27:00.0;OFF;ON;90;-3,60;-4;-0,60;6,90;94,60;107;3;3,50;99,40;-0,70;-1,30;
2026-07-11 04:28:00.0;OFF;ON;90;-3,60;-4;-0,60;6,90;94,60;107;3;3,50;99,10;-0,70;-1,30;
2026-07-11 04:29:00.0;OFF;ON;90;-3,60;-4;-0,60;6,90;94,60;107;2,90;3,50;100;-0,80;-1,30;
2026-07-11 04:30:00.0;OFF;ON;90;-3,50;-4;-0,60;6,80;94,60;107;2,80;3,50;100;-0,80;-1,30;
2026-07-11 04:31:00.0;OFF;ON;90;-3,50;-4;-0,70;6,80;94,60;107;2,90;3,50;100;-0,80;-1,30;
2026-07-11 04:32:00.0;OFF;ON;90;-3,50;-4;-0,60;6,80;94,60;107;2,90;3,50;100;-0,80;-1,30;
2026-07-11 04:33:00.0;OFF;ON;90;-3,50;-4;-0,70;6,80;94,60;107;2,80;3,50;100;-0,80;-1,30;
2026-07-11 04:34:00.0;OFF;ON;90;-3,50;-4;-0,70;6,80;94,60;107;2,90;3,50;100;-0,80;-1,30;
2026-07-11 04:35:00.0;OFF;ON;90;-3,50;-4;-0,70;6,70;94,60;107;2,90;3,50;100;-0,80;-1,30;
2026-07-11 04:36:00.0;OFF;ON;90;-3,50;-4;-0,70;6,70;94,60;107;2,90;3,50;99,60;-0,80;-1,30;
2026-07-11 04:37:00.0;OFF;ON;90;-3,50;-4;-0,70;6,70;94,70;107;2,90;3,50;99,60;-0,80;-1,30;
2026-07-11 04:38:00.0;OFF;ON;90;-3,50;-4;-0,70;6,70;94,70;107;2,80;3,50;100;-0,80;-1,30;
2026-07-11 04:39:00.0;OFF;ON;90;-3,60;-4;-0,60;6,70;94,60;107;2,90;3,50;99,30;-0,80;-1,30;
2026-07-11 04:40:00.0;OFF;ON;90;-3,60;-4;-0,60;6,60;94,60;107;3;3,50;99,10;-0,80;-1,30;
2026-07-11 04:41:00.0;OFF;ON;90;-3,50;-4;-0,60;6,60;94,70;107;2,90;3,50;100;-0,80;-1,30;
2026-07-11 04:42:00.0;OFF;ON;90;-3,50;-4;-0,60;6,60;94,70;107;2,90;3,50;100;-0,80;-1,30;
2026-07-11 04:43:00.0;OFF;ON;90;-3,50;-4;-0,60;6,60;94,70;107;2,90;3,50;99,40;-0,80;-1,30;
2026-07-11 04:44:00.0;OFF;ON;90;-3,50;-4;-0,60;6,60;94,70;107;2,90;3,50;99,80;-0,80;-1,30;
2026-07-11 04:45:00.0;OFF;ON;90;-3,60;-4;-0,60;6,50;94,70;107;3;3,50;99,40;-0,80;-1,30;
2026-07-11 04:46:00.0;OFF;ON;90;-3,50;-4;-0,60;6,50;94,70;107;2,90;3,50;99,40;-0,80;-1,30;
2026-07-11 04:47:00.0;OFF;ON;90;-3,50;-4;-0,60;6,50;94,70;107;3;3,50;99,50;-0,80;-1,30;
2026-07-11 04:48:00.0;OFF;ON;90;-4,10;-4;-0,60;6,50;94,70;107;3,50;3,50;96,60;-0,80;-1,30;
2026-07-11 04:49:00.0;OFF;ON;90;-4,20;-4;-0,60;6,50;94,60;107;3,60;3,50;95,20;-0,90;-1,50;
2026-07-11 04:50:00.0;OFF;ON;90;-3,50;-4;-0,70;6,40;94,30;107;2,80;3,50;99;-0,90;-1,60;
2026-07-11 04:51:00.0;OFF;ON;90;-3,50;-4;-0,70;6,40;94,20;107;2,80;3,50;99,60;-0,90;-1,40;
2026-07-11 04:52:00.0;OFF;ON;90;-3,40;-4;-0,60;6,40;94,50;107;2,70;3,50;99,30;-0,80;-1,40;
2026-07-11 04:53:00.0;OFF;ON;90;-3,30;-4;-0,60;6,40;94,60;107;2,60;3,50;100;-0,80;-1,30;
2026-07-11 04:54:00.0;OFF;ON;90;-3,30;-4;-0,60;6,40;94,80;107;2,70;3,50;99,70;-0,80;-1,30;
2026-07-11 04:55:00.0;OFF;ON;90;-3,20;-4;-0,60;6,30;94,80;107;2,60;3,50;100;-0,80;-1,20;
2026-07-11 04:56:00.0;OFF;ON;90;-3,10;-4;-0,60;6,30;94,90;107;2,60;3,50;100;-0,80;-1,20;
2026-07-11 04:57:00.0;OFF;ON;90;-3,10;-4;-0,60;6,30;95;107;2,60;3,50;100;-0,80;-1,20;
2026-07-11 04:58:00.0;OFF;ON;90;-3,20;-4;-0,50;6,30;95;107;2,60;3,50;99,60;-0,80;-1,20;
2026-07-11 04:59:00.0;OFF;ON;90;-3,10;-4;-0,50;6,30;95;107;2,50;3,50;99,80;-0,80;-1,20;
2026-07-11 05:00:00.0;OFF;ON;90;-3,10;-4;-0,50;6,20;95;107;2,60;3,50;99,50;-0,80;-1,20;
2026-07-11 05:01:00.0;OFF;ON;90;-3,10;-4;-0,50;6,20;95,10;107;2,60;3,50;99,50;-0,80;-1,20;
2026-07-11 05:02:00.0;OFF;ON;90;-3,10;-4;-0,50;6,20;95;107;2,60;3,50;99,50;-0,70;-1,10;
2026-07-11 05:03:00.0;OFF;ON;90;-3;-4;-0,50;6,20;95,10;107;2,50;3,50;100;-0,70;-1,10;
2026-07-11 05:04:00.0;OFF;ON;90;-3;-4;-0,50;6,20;95;107;2,50;3,50;100;-0,70;-1,10;
2026-07-11 05:05:00.0;OFF;ON;90;-3;-4;-0,50;6,10;95;107;2,50;3,50;100;-0,70;-1,10;
2026-07-11 05:06:00.0;OFF;ON;90;-3;-4;-0,50;6,10;95,10;107;2,50;3,50;100;-0,70;-1,10;
2026-07-11 05:07:00.0;OFF;ON;90;-3;-4;-0,50;6,10;95;107;2,50;3,50;99,30;-0,70;-1,10;
2026-07-11 05:08:00.0;OFF;ON;90;-3,70;-4;-0,50;6,10;95,10;107;3,20;3,50;96;-0,70;-1,10;
2026-07-11 05:09:00.0;OFF;ON;90;-3,60;-4;-0,60;6,10;95;107;3;3,50;97,10;-0,80;-1,30;
2026-07-11 05:10:00.0;OFF;ON;90;-3,60;-4;-0,60;6;94,60;107;2,90;3,50;98,30;-0,90;-1,40;
2026-07-11 05:11:00.0;OFF;ON;90;-3,60;-4;-0,60;6;94,50;107;2,90;3,50;99;-0,90;-1,40;
2026-07-11 05:12:00.0;OFF;ON;90;-3,60;-4;-0,60;6;94,50;107;3;3,50;99,40;-0,90;-1,40;
2026-07-11 05:13:00.0;OFF;ON;90;-3,50;-4;-0,70;6;94,50;107;2,80;3,50;100;-0,90;-1,40;
2026-07-11 05:14:00.0;OFF;ON;90;-3,50;-4;-0,70;5,90;94,50;107;2,90;3,50;100;-0,90;-1,40;
2026-07-11 05:15:00.0;OFF;ON;90;-3,60;-4;-0,70;5,90;94,50;107;2,90;3,50;99,30;-0,90;-1,40;
2026-07-11 05:16:00.0;OFF;ON;90;-3,60;-4;-0,70;5,90;94,50;107;3;3,50;99,40;-0,90;-1,40;
2026-07-11 05:17:00.0;OFF;ON;90;-3,60;-4;-0,70;5,90;94,60;107;2,90;3,50;99,30;-0,90;-1,40;
2026-07-11 05:18:00.0;OFF;ON;90;-3,60;-4;-0,70;5,90;94,50;107;2,90;3,50;99,60;-0,90;-1,40;
2026-07-11 05:19:00.0;OFF;ON;90;-3,70;-4;-0,70;5,80;94,60;107;3;3,50;98,80;-0,90;-1,40;
2026-07-11 05:20:00.0;OFF;ON;90;-3,60;-4;-0,70;5,80;94,60;107;2,90;3,50;100;-0,90;-1,50;
2026-07-11 05:21:00.0;OFF;ON;90;-3,50;-4;-0,70;5,80;94,50;107;2,80;3,50;100;-1;-1,50;
2026-07-11 05:22:00.0;OFF;ON;90;-3,60;-4;-0,70;5,80;94,50;107;2,90;3,50;99,60;-1;-1,50;
2026-07-11 05:23:00.0;OFF;ON;90;-3,60;-4;-0,70;5,80;94,60;107;2,90;3,50;99,60;-1;-1,50;
2026-07-11 05:24:00.0;OFF;ON;90;-3,70;-4;-0,70;5,70;94,50;107;3;3,50;99;-1;-1,50;
2026-07-11 05:25:00.0;OFF;ON;90;-3,60;-4;-0,80;5,70;94,50;107;2,80;3,50;100;-1;-1,50;
2026-07-11 05:26:00.0;OFF;ON;90;-3,50;-4;-0,70;5,70;94,60;107;2,80;3,50;100;-1;-1,50;
2026-07-11 05:27:00.0;OFF;ON;90;-3,60;-4;-0,70;5,70;94,60;107;2,90;3,50;99,50;-1;-1,50;
2026-07-11 05:28:00.0;OFF;ON;90;-3,60;-4;-0,70;5,70;94,60;107;2,90;3,50;99,50;-1;-1,50;
2026-07-11 05:29:00.0;OFF;ON;90;-3,60;-4;-0,70;5,60;94,70;107;2,90;3,50;100;-1;-1,50;
2026-07-11 05:30:00.0;OFF;ON;90;-3,70;-4;-0,70;5,60;94,70;107;3;3,50;99,20;-1;-1,50;
2026-07-11 05:31:00.0;OFF;ON;90;-3,70;-4;-0,80;5,60;94,70;107;2,90;3,50;99,50;-1;-1,50;
2026-07-11 05:32:00.0;OFF;ON;90;-2,60;-4;-0,80;5,60;94,50;107;1,90;3,50;100;-1;-1,50;
2026-07-11 05:33:00.0;OFF;ON;90;-3,10;-4;-0,80;5,60;94,60;107;2,30;3,50;98,50;-1;-1,50;
2026-07-11 05:34:00.0;OFF;ON;90;-3,30;-4;-0,70;5,50;94,70;107;2,60;3,50;98,20;-1;-1,30;
2026-07-11 05:35:00.0;OFF;ON;90;-3,10;-4;-0,70;5,50;95;107;2,40;3,50;99,70;-0,90;-1,30;
2026-07-11 05:36:00.0;OFF;ON;90;-3,20;-4;-0,70;5,50;95,10;107;2,50;3,50;99,70;-0,90;-1,60;
2026-07-11 05:37:00.0;OFF;ON;50;-3,40;-4;-0,70;5,50;95;107;2,60;3,50;99,20;-1;-1,90;
2026-07-11 05:38:00.0;OFF;ON;50;-3,50;-4;-0,80;5,40;94,80;107;2,70;3,50;99,10;-1;-2;
2026-07-11 05:39:00.0;OFF;ON;50;-3,50;-4;-0,90;5,40;94,40;107;2,60;3,50;100;-1,10;-2,10;
2026-07-11 05:40:00.0;OFF;ON;50;-3,60;-4;-0,90;5,40;94,30;107;2,80;3,50;99,20;-1,10;-2,20;
2026-07-11 05:41:00.0;OFF;ON;50;-3,50;-4;-0,90;5,40;94,10;107;2,70;3,50;99,80;-1,20;-2,20;
2026-07-11 05:42:00.0;OFF;ON;50;-3,60;-4;-0,90;5,40;94;107;2,70;3,50;99,40;-1,20;-2,30;
2026-07-11 05:43:00.0;OFF;ON;50;-3,60;-4;-1;5,30;93,90;107;2,70;3,50;99,70;-1,20;-2,30;
2026-07-11 05:44:00.0;OFF;ON;50;-3,70;-4;-1;5,30;93,90;107;2,70;3,50;99,20;-1,30;-2,30;
2026-07-11 05:45:00.0;OFF;ON;50;-3,60;-4;-1;5,30;93,80;107;2,70;3,50;100;-1,30;-2,30;
2026-07-11 05:46:00.0;OFF;ON;50;-3,70;-4;-0,90;5,30;93,80;107;2,70;3,50;100;-1,30;-2,30;
2026-07-11 05:47:00.0;OFF;ON;50;-3,70;-4;-1;5,20;93,80;107;2,70;3,50;99,40;-1,20;-2,40;
2026-07-11 05:48:00.0;OFF;ON;50;-3,60;-4;-1;5,20;93,70;107;2,60;3,50;99,50;-1,30;-2,40;
2026-07-11 05:49:00.0;OFF;ON;50;-3,70;-4;-1,10;5,20;93,80;107;2,70;3,50;99,40;-1,30;-2,40;
2026-07-11 05:50:00.0;OFF;ON;50;-3,60;-4;-1,10;5,20;93,70;107;2,50;3,50;100;-1,30;-2,40;
2026-07-11 05:51:00.0;OFF;ON;50;-3,70;-4;-1;5,20;93,80;107;2,70;3,50;99,30;-1,30;-2,40;
2026-07-11 05:52:00.0;OFF;ON;50;-3,70;-3,90;-1;5,10;93,90;107;2,70;3,50;99;-1,30;-2,40;
2026-07-11 05:53:00.0;OFF;ON;50;-3,60;-3,90;-1,10;5,10;93,90;107;2,60;3,50;99,30;-1,30;-2,40;
2026-07-11 05:54:00.0;OFF;ON;50;-3,70;-3,90;-1,10;5,10;93,80;107;2,60;3,50;98,80;-1,30;-2,40;
2026-07-11 05:55:00.0;OFF;ON;50;-3,60;-3,80;-1,10;5,10;93,90;107;2,50;3,50;99,40;-1,30;-2,40;
2026-07-11 05:56:00.0;OFF;ON;50;-3,60;-3,80;-1,10;5,10;94;107;2,50;3,50;99,40;-1,30;-2,40;
2026-07-11 05:57:00.0;OFF;ON;50;-3,60;-3,70;-1,10;5;93,90;107;2,50;3,50;98,10;-1,30;-2,40;
2026-07-11 05:58:00.0;OFF;ON;50;-3,60;-3,60;-1,10;5;93,90;107;2,50;3,50;98,20;-1,30;-2,40;
2026-07-11 05:59:00.0;OFF;ON;50;-3,60;-3,50;-1,10;5;93,90;107;2,40;3,50;98,10;-1,30;-2,40;
2026-07-11 06:00:00.0;OFF;ON;50;-3,60;-3,50;-1,10;5;94;107;2,50;3,50;97,20;-1,30;-2,40;
2026-07-11 06:01:00.0;OFF;ON;50;-3,60;-3,40;-1,20;5;94;107;2,40;3,50;96,80;-1,30;-2,40;
2026-07-11 06:02:00.0;OFF;ON;50;-3,50;-3,30;-1,20;4,90;94;107;2,30;3,50;96,50;-1,30;-2,30;
2026-07-11 06:03:00.0;OFF;ON;50;-3,50;-3,30;-1,20;4,90;94;107,10;2,40;3,50;94,90;-1,30;-2,30;
2026-07-11 06:04:00.0;OFF;ON;50;-3,60;-3,20;-1,20;4,90;94;107;2,40;3,50;93,30;-1,30;-2,30;
2026-07-11 06:05:00.0;OFF;ON;50;-3,50;-3,10;-1,20;4,90;94,10;107;2,30;3,50;91,90;-1,30;-2,30;
2026-07-11 06:06:00.0;OFF;ON;50;-3,60;-3;-1,20;4,90;94,10;107;2,40;3,50;89,40;-1,30;-2,30;
2026-07-11 06:07:00.0;OFF;ON;50;-3,60;-2,80;-1,10;4,90;94,10;107;2,40;3,50;87,60;-1,30;-2,30;
2026-07-11 06:08:00.0;OFF;ON;50;-3,50;-2,70;-1,20;4,80;94,20;107;2,30;3,50;86,30;-1,30;-2,30;
2026-07-11 06:09:00.0;OFF;ON;50;-3,50;-2,70;-1,20;4,80;94,20;107,10;2,40;3,50;83,80;-1,30;-2,30;
2026-07-11 06:10:00.0;OFF;ON;50;-3,70;-2,60;-1,20;4,80;94,20;107;2,50;3,50;80,10;-1,30;-2,30;
2026-07-11 06:11:00.0;OFF;ON;50;-3,50;-2,40;-1,10;4,80;94,20;107;2,40;3,50;78;-1,30;-2,30;
2026-07-11 06:12:00.0;OFF;ON;50;-3,50;-2,30;-1,10;4,80;94,20;107;2,40;3,50;75,30;-1,30;-2,30;
2026-07-11 06:13:00.0;OFF;ON;50;-3,60;-2,20;-1,10;4,80;94,30;107;2,50;3,50;71,40;-1,30;-2,20;
2026-07-11 06:14:00.0;OFF;ON;50;-3,70;-2,10;-1,10;4,70;94,30;107;2,60;3,50;67,10;-1,30;-2,20;
2026-07-11 06:15:00.0;OFF;ON;50;-3,30;-2;-1,10;4,70;94,50;107,10;2,20;3,50;65,60;-1,30;-2,10;
2026-07-11 06:16:00.0;OFF;ON;50;-2,90;-1,80;-1,10;4,70;94,50;107;1,80;3,50;64,90;-1,20;-2,20;
2026-07-11 06:17:00.0;OFF;ON;50;-2,90;-1,70;-1,10;4,70;94,50;107;1,80;3,50;62,10;-1,20;-2;
2026-07-11 06:18:00.0;OFF;ON;50;-2,80;-1,60;-1,10;4,70;94,70;107;1,80;3,50;58,80;-1,20;-2;
2026-07-11 06:19:00.0;OFF;ON;50;-2,60;-1,40;-1;4,70;94,80;107,10;1,60;3,50;56,50;-1,10;-1,90;
2026-07-11 06:20:00.0;OFF;ON;50;-2,50;-1,20;-1;4,60;95;107;1,50;3,50;52,90;-1,10;-1,80;
2026-07-11 06:21:00.0;OFF;ON;50;-2,20;-1,10;-1;4,60;95,10;107;1,20;3,50;51,30;-1,10;-1,70;
2026-07-11 06:22:00.0;OFF;ON;50;-2,10;-0,80;-0,90;4,60;95,20;107,10;1,20;3,50;50;-1;-1,60;
2026-07-11 06:23:00.0;OFF;ON;50;-2;-0,70;-0,90;4,60;95,40;107;1,10;3,50;46,40;-1;-1,50;
2026-07-11 06:24:00.0;OFF;ON;50;-1,90;-0,60;-0,80;4,60;95,60;107,10;1,10;3,50;42,90;-1;-1,40;
2026-07-11 06:25:00.0;OFF;ON;50;-1,60;-0,30;-0,80;4,60;95,70;107;0,80;3,50;40,50;-0,90;-1,30;
2026-07-11 06:26:00.0;OFF;ON;50;-1,40;-0,10;-0,70;4,50;95,90;107,10;0,60;3,50;37,60;-0,80;-1,10;
2026-07-11 06:27:00.0;OFF;ON;50;-1,20;0,10;-0,70;4,50;96;107;0,60;3,50;34,60;-0,80;-1;
2026-07-11 06:28:00.0;OFF;ON;50;-1;0,30;-0,60;4,50;96,30;107;0,40;3,50;32,30;-0,70;-0,90;
2026-07-11 06:29:00.0;OFF;ON;50;-0,80;0,50;-0,50;4,50;96,40;107;0,30;3,50;29,60;-0,60;-0,70;
2026-07-11 06:30:00.0;OFF;ON;50;-0,80;0,80;-0,50;4,50;96,70;107;0,30;3,50;24,80;-0,60;-0,60;
2026-07-11 06:31:00.0;OFF;ON;50;-0,50;1;-0,40;4,50;96,70;107;0,10;3,50;23,90;-0,50;-0,50;
2026-07-11 06:32:00.0;OFF;ON;50;-0,40;1,10;-0,30;4,40;97;107;0,10;3,50;20;-0,50;-0,40;
2026-07-11 06:33:00.0;OFF;ON;50;-0,30;1,40;-0,30;4,40;97,20;107,10;0;3,50;20;-0,40;-0,30;
2026-07-11 06:34:00.0;OFF;ON;50;0;1,60;-0,20;4,40;97,30;107;-0,20;3,50;20;-0,30;-0,10;
2026-07-11 06:35:00.0;OFF;ON;50;0;1,90;-0,20;4,40;97,50;107;-0,20;3,50;20;-0,30;-0,10;
2026-07-11 06:36:00.0;OFF;ON;50;0,20;2;-0,10;4,40;97,70;107;-0,30;3,50;20;-0,20;0,10;
2026-07-11 06:37:00.0;OFF;ON;50;0,10;2,30;0;4,40;97,80;107;-0,20;3,50;20;-0,10;0,10;
2026-07-11 06:38:00.0;OFF;ON;50;0,20;2,50;0;4,40;97,90;107;-0,20;3,50;20;-0,10;0,20;
2026-07-11 06:39:00.0;OFF;ON;50;0,20;2,50;0;4,30;97,90;107;-0,20;3,50;20;-0,10;0,20;
2026-07-11 06:40:00.0;OFF;ON;50;0,10;2,50;0;4,30;97,90;107;-0,10;3,50;20;-0,10;0,20;
2026-07-11 06:41:00.0;OFF;ON;50;0,20;2,60;0,10;4,30;98;107,10;-0,10;3,50;20;-0,10;0,20;
2026-07-11 06:42:00.0;OFF;ON;50;0,20;2,60;0,10;4,30;97,90;107,10;-0,10;3,50;20;-0,10;0,20;
2026-07-11 06:43:00.0;OFF;ON;50;0,10;2,60;0,10;4,30;97,90;107;0;3,50;20;0;0,20;
2026-07-11 06:44:00.0;OFF;ON;50;0,20;2,60;0,10;4,30;97,90;107;-0,10;3,50;20;0;0,20;
2026-07-11 06:45:00.0;OFF;ON;50;0,10;2,60;0,10;4,30;97,90;107;0;3,50;20;0;0,20;
2026-07-11 06:46:00.0;OFF;ON;50;0,10;2,60;0,10;4,20;98;107;0;3,50;20;0;0,30;
2026-07-11 06:47:00.0;OFF;ON;50;0,20;2,60;0,10;4,20;97,90;107;-0,10;3,50;20;0;0,30;
2026-07-11 06:48:00.0;OFF;ON;50;0,30;2,60;0,10;4,20;98;107,10;-0,20;3,50;20;0;0,30;
2026-07-11 06:49:00.0;OFF;ON;50;0,30;2,60;0,10;4,20;97,90;107;-0,20;3,50;20;0;0,30;
2026-07-11 06:50:00.0;OFF;ON;50;0,40;2,60;0,10;4,20;97,90;107;-0,30;3,50;20;0;0,30;
2026-07-11 06:51:00.0;OFF;ON;50;0,30;2,60;0,10;4,20;97,90;107;-0,20;3,50;20;0;0,30;
2026-07-11 06:52:00.0;OFF;ON;50;0,20;2,60;0,10;4,10;97,80;107;-0,10;3,50;20;0,10;0,30;
2026-07-11 06:53:00.0;OFF;ON;50;0,20;2,60;0,10;4,10;97,80;107;0;3,50;20;0;0,30;
2026-07-11 06:54:00.0;OFF;ON;50;0,20;2,70;0,20;4,10;97,80;107,10;0;3,50;20;0,10;0,30;
2026-07-11 06:55:00.0;OFF;ON;50;0,20;2,70;0,20;4,10;97,80;107;0;3,50;20;0,10;0,30;
2026-07-11 06:56:00.0;OFF;ON;50;0,20;2,70;0,20;4,10;97,80;107,10;0;3,50;20;0,10;0,30;
2026-07-11 06:57:00.0;OFF;ON;50;0,30;2,70;0,20;4;97,60;107;-0,10;3,50;20;0,10;0,30;
2026-07-11 06:58:00.0;OFF;ON;50;0,20;2,70;0,20;4;97,60;107;0;3,50;20;0,10;0,30;
2026-07-11 06:59:00.0;OFF;ON;50;0,20;2,70;0,20;4;97,60;107;-0,10;3,50;20;0,10;0,30;
2026-07-11 07:00:00.0;OFF;ON;50;0,30;2,70;0,20;4;97,60;107;-0,10;3,50;20;0,10;0,30;
2026-07-11 07:01:00.0;OFF;ON;50;0,20;2,70;0,20;4;97,50;107,10;0;3,50;20;0,10;0,30;
2026-07-11 07:02:00.0;OFF;ON;50;0,40;2,70;0,20;4;97,50;107;-0,20;3,50;20;0,10;0,30;
2026-07-11 07:03:00.0;OFF;ON;50;0,30;2,70;0,20;4;97,50;107;-0,10;3,50;20;0,10;0,30;
2026-07-11 07:04:00.0;OFF;ON;50;0,30;2,70;0,20;3,90;97,40;107;-0,10;3,50;20;0,10;0,30;
2026-07-11 07:05:00.0;OFF;ON;50;0,30;2,70;0,20;3,90;97,40;107;-0,10;3,50;20;0,20;0,30;
2026-07-11 07:06:00.0;OFF;ON;50;0,30;2,70;0,20;3,90;97,40;107,10;-0,10;3,50;20;0,10;0,30;
2026-07-11 07:07:00.0;OFF;ON;50;0,20;2,70;0,20;3,90;97,40;107;0;3,50;20;0,10;0,30;
2026-07-11 07:08:00.0;OFF;ON;50;0,40;2,70;0,20;3,90;97,30;107;-0,10;3,50;20;0,20;0,30;
2026-07-11 07:09:00.0;OFF;ON;50;0,50;2,70;0,20;3,90;97,40;107;-0,20;3,50;20;0,20;0,30;
2026-07-11 07:10:00.0;OFF;ON;50;0,50;2,70;0,20;3,80;97,40;107;-0,30;3,50;20;0,20;0,30;
2026-07-11 07:11:00.0;OFF;ON;50;0,50;2,70;0,20;3,80;97,40;107;-0,30;3,50;20;0,20;0,30;
2026-07-11 07:12:00.0;OFF;ON;50;0,50;2,70;0,20;3,80;97,30;107;-0,20;3,50;20;0,20;0,30;
2026-07-11 07:13:00.0;OFF;ON;50;0,40;2,70;0,20;3,80;97,30;107;-0,20;3,50;20;0,20;0,30;
2026-07-11 07:14:00.0;OFF;ON;50;0,50;2,70;0,20;3,80;97,30;107,10;-0,30;3,50;20;0,20;0,30;
2026-07-11 07:15:00.0;OFF;ON;50;0,40;2,70;0,20;3,80;97,30;107;-0,20;3,50;20;0,20;0,30;
2026-07-11 07:16:00.0;OFF;ON;50;0,50;2,70;0,20;3,70;97,30;107;-0,30;3,50;20;0,20;0,30;
2026-07-11 07:17:00.0;OFF;ON;50;0,60;2,80;0,30;3,70;97,30;107;-0,40;3,50;20;0,20;0,30;
2026-07-11 07:18:00.0;OFF;ON;50;0,50;2,80;0,30;3,70;97,30;107;-0,20;3,50;20;0,20;0,30;
2026-07-11 07:19:00.0;OFF;ON;50;0,60;2,80;0,30;3,70;97,30;107;-0,30;3,50;20;0,20;0,30;
2026-07-11 07:20:00.0;OFF;ON;50;0,60;2,80;0,30;3,70;97,30;107;-0,30;3,50;20;0,20;0,30;
2026-07-11 07:21:00.0;OFF;ON;50;0,50;2,80;0,30;3,70;97,30;107;-0,20;3,50;20;0,20;0,30;
2026-07-11 07:22:00.0;OFF;ON;50;0,60;2,80;0,30;3,60;97,20;107;-0,30;3,50;20;0,20;0,30;
2026-07-11 07:23:00.0;OFF;ON;50;0,70;2,80;0,30;3,60;97,30;107;-0,40;3,50;20;0,20;0,30;
2026-07-11 07:24:00.0;OFF;ON;50;0,50;2,80;0,30;3,60;97,20;107;-0,30;3,50;20;0,20;0,30;
2026-07-11 07:25:00.0;OFF;ON;50;0,70;2,80;0,30;3,60;97,20;107;-0,40;3,50;20;0,20;0,30;
2026-07-11 07:26:00.0;OFF;ON;50;0,70;2,80;0,30;3,60;97,30;107;-0,40;3,50;20;0,20;0,30;
2026-07-11 07:27:00.0;OFF;ON;50;0,60;2,80;0,30;3,60;97,20;107;-0,30;3,50;20;0,20;0,30;
2026-07-11 07:28:00.0;OFF;ON;50;0,70;2,80;0,30;3,60;97,20;107;-0,40;3,50;20;0,20;0,30;
2026-07-11 07:29:00.0;OFF;ON;50;0,60;2,80;0,30;3,50;97,20;107,10;-0,30;3,50;20;0,20;0,30;
2026-07-11 07:30:00.0;OFF;ON;50;0,60;2,80;0,30;3,50;97,20;107,10;-0,30;3,50;20;0,20;0,30;
2026-07-11 07:31:00.0;OFF;ON;50;0,80;2,80;0,30;3,50;97,20;107;-0,50;3,50;20;0,20;0,30;
2026-07-11 07:32:00.0;OFF;ON;50;0,70;2,80;0,30;3,50;97,10;107;-0,40;3,50;20;0,20;0,30;
2026-07-11 07:33:00.0;OFF;ON;50;0,60;2,80;0,30;3,50;97,20;107;-0,30;3,50;20;0,30;0,30;
2026-07-11 07:34:00.0;OFF;ON;50;0,70;2,80;0,30;3,50;97,20;107,10;-0,40;3,50;20;0,30;0,30;
2026-07-11 07:35:00.0;OFF;ON;50;0,60;2,80;0,30;3,40;97,10;107,10;-0,30;3,50;20;0,30;0,30;
2026-07-11 07:36:00.0;OFF;ON;50;0,80;2,80;0,30;3,40;97,10;107,10;-0,40;3,50;20;0,20;0,30;
2026-07-11 07:37:00.0;OFF;ON;50;0,70;2,80;0,30;3,40;97,10;107,10;-0,40;3,50;20;0,20;0,30;
2026-07-11 07:38:00.0;OFF;ON;50;0,80;2,80;0,30;3,40;97,10;107;-0,50;3,50;20;0,30;0,30;
2026-07-11 07:39:00.0;OFF;ON;50;0,70;2,80;0,30;3,40;97,10;107;-0,40;3,50;20;0,30;0,30;
2026-07-11 07:40:00.0;OFF;ON;50;0,80;2,80;0,30;3,40;97,10;107;-0,50;3,50;20;0,30;0,30;
2026-07-11 07:41:00.0;OFF;ON;50;0,80;2,80;0,30;3,30;97,10;107;-0,50;3,50;20;0,30;0,30;
2026-07-11 07:42:00.0;OFF;ON;50;0,80;2,80;0,30;3,30;97,10;107;-0,50;3,50;20;0,30;0,30;
2026-07-11 07:43:00.0;OFF;ON;50;0,70;2,80;0,30;3,30;97,20;107;-0,40;3,50;20;0,30;0,30;
2026-07-11 07:44:00.0;OFF;ON;50;0,80;2,80;0,30;3,30;97,10;107;-0,50;3,50;20;0,30;0,30;
2026-07-11 07:45:00.0;OFF;ON;50;0,80;2,80;0,30;3,30;97,20;107;-0,50;3,50;20;0,30;0,30;
2026-07-11 07:46:00.0;OFF;ON;50;0,90;2,80;0,30;3,30;97,10;107;-0,60;3,50;20;0,30;0,30;
2026-07-11 07:47:00.0;OFF;ON;50;1;2,90;0,40;3,30;97,10;107;-0,60;3,50;20;0,30;0,40;
2026-07-11 07:48:00.0;OFF;ON;50;0,80;2,90;0,40;3,20;97,20;107;-0,40;3,50;20;0,30;0,40;
2026-07-11 07:49:00.0;OFF;ON;50;0,80;2,90;0,40;3,20;97,20;107;-0,50;3,50;20;0,40;0,40;
2026-07-11 07:50:00.0;OFF;ON;50;0,90;2,90;0,40;3,20;97,20;107;-0,50;3,50;20;0,40;0,40;
2026-07-11 07:51:00.0;OFF;ON;50;0,80;2,90;0,40;3,20;97,20;107;-0,50;3,50;20;0,40;0,40;
2026-07-11 07:52:00.0;OFF;ON;50;0,80;2,90;0,40;3,20;97,20;107;-0,40;3,50;20;0,40;0,40;
2026-07-11 07:53:00.0;OFF;ON;50;1;2,90;0,40;3,20;97,20;107;-0,60;3,50;20;0,40;0,40;
2026-07-11 07:54:00.0;OFF;ON;50;0,80;2,90;0,40;3,20;97,20;107;-0,40;3,50;20;0,40;0,40;
2026-07-11 07:55:00.0;OFF;ON;50;0,90;2,90;0,40;3,10;97,10;107;-0,50;3,50;20;0,40;0,40;
2026-07-11 07:56:00.0;OFF;ON;50;1;2,90;0,40;3,10;97,30;107;-0,60;3,50;20;0,40;0,40;
2026-07-11 07:57:00.0;OFF;ON;50;1;2,90;0,40;3,10;97,20;107,10;-0,60;3,50;20;0,40;0,50;
2026-07-11 07:58:00.0;OFF;ON;50;1,20;2,90;0,40;3,10;97,30;107;-0,70;3,50;20;0,40;0,50;
2026-07-11 07:59:00.0;OFF;ON;50;1,20;2,90;0,50;3,10;97,30;107,10;-0,70;3,50;20;0,50;0,50;
2026-07-11 08:00:00.0;OFF;ON;50;1,20;3;0,50;3,10;97,30;107;-0,70;3,50;20;0,50;0,50;
2026-07-11 08:01:00.0;OFF;ON;50;1,20;3;0,50;3,10;97,40;107,10;-0,70;3,50;20;0,50;0,60;
2026-07-11 08:02:00.0;OFF;ON;50;1,30;3;0,50;3;97,40;107,10;-0,70;3,50;20;0,60;0,60;
2026-07-11 08:03:00.0;OFF;ON;50;1,40;3;0,60;3;97,50;107,10;-0,80;3,50;20;0,60;0,70;
2026-07-11 08:04:00.0;OFF;ON;50;1,40;3,10;0,60;3;97,60;107;-0,80;3,50;20;0,70;0,80;
2026-07-11 08:05:00.0;OFF;ON;50;1,40;3,10;0,60;3;97,70;107,10;-0,70;3,50;20;0,70;0,90;
2026-07-11 08:06:00.0;OFF;ON;50;1,60;3,20;0,70;3;97,80;107;-0,90;3,50;20;0,80;1,20;
2026-07-11 08:07:00.0;OFF;ON;50;1,50;3,20;0,80;3;97,80;107;-0,80;3,50;20;0,90;1,40;
2026-07-11 08:08:00.0;OFF;ON;50;1,70;3,30;0,80;3;97,90;107;-0,90;3,50;20;0,90;1,50;
2026-07-11 08:09:00.0;OFF;ON;50;1,70;3,40;0,90;3;98;107;-0,80;3,50;20;1;1,60;
2026-07-11 08:10:00.0;OFF;ON;50;1,90;3,40;1;2,90;98,10;107,10;-1;3,50;20;1,10;1,70;
2026-07-11 08:11:00.0;OFF;ON;50;2;3,50;1;2,90;98,30;107,10;-1;3,50;20;1,10;1,80;
2026-07-11 08:12:00.0;OFF;ON;50;2,10;3,50;1,10;2,90;98,30;107;-1;3,50;20;1,20;1,80;
2026-07-11 08:13:00.0;OFF;ON;50;2,10;3,60;1,10;2,90;98,30;107;-1;3,50;20;1,20;1,90;
2026-07-11 08:14:00.0;OFF;ON;50;2,10;3,60;1,20;2,90;98,30;107;-1;3,50;20;1,30;2;
2026-07-11 08:15:00.0;OFF;ON;50;2,30;3,70;1,20;2,90;98,30;107,10;-1,10;3,50;20;1,30;2;
2026-07-11 08:16:00.0;OFF;ON;50;2,40;3,70;1,30;2,90;98,30;107,10;-1;3,50;20;1,30;2,10;
2026-07-11 08:17:00.0;OFF;ON;50;2,40;3,90;1,40;2,80;98,30;107;-1,10;3,50;20;1,40;2,10;
2026-07-11 08:18:00.0;OFF;ON;50;2,40;3,90;1,40;2,80;98,30;107;-1;3,50;20;1,40;2,20;
2026-07-11 08:19:00.0;OFF;ON;50;2,40;3,90;1,40;2,80;98,30;107,10;-1;3,50;20;1,50;2,20;
2026-07-11 08:20:00.0;OFF;ON;50;2,50;3,90;1,50;2,80;98,30;107,10;-1;3,50;20;1,50;2,30;
2026-07-11 08:21:00.0;OFF;ON;50;2,60;4;1,50;2,80;98,30;107;-1,10;3,50;20;1,50;2,30;
2026-07-11 08:22:00.0;OFF;ON;50;2,70;4;1,50;2,80;98,30;107,10;-1,10;3,50;20;1,60;2,40;
2026-07-11 08:23:00.0;OFF;ON;50;2,60;4,10;1,60;2,80;98,30;107;-1,10;3,50;20;1,60;2,40;
2026-07-11 08:24:00.0;OFF;ON;50;2,70;4,10;1,60;2,80;98,30;107,10;-1,10;3,50;20;1,60;2,40;
2026-07-11 08:25:00.0;OFF;ON;50;2,80;4,10;1,70;2,70;98,30;107;-1,10;3,50;20;1,70;2,50;
2026-07-11 08:26:00.0;OFF;ON;50;2,70;4,20;1,70;2,70;98,30;107,10;-1,10;3,50;20;1,70;2,50;
2026-07-11 08:27:00.0;OFF;ON;50;2,90;4,20;1,70;2,70;98,30;107,10;-1,10;3,50;20;1,70;2,50;
2026-07-11 08:28:00.0;OFF;ON;50;2,90;4,20;1,80;2,70;98,30;107,10;-1,10;3,50;20;1,80;2,60;
2026-07-11 08:29:00.0;OFF;ON;50;2,90;4,30;1,80;2,70;98,30;107;-1,10;3,50;20;1,80;2,60;
2026-07-11 08:30:00.0;OFF;ON;50;3;4,30;1,90;2,70;98,30;107,10;-1;3,50;20;1,80;2,60;
2026-07-11 08:31:00.0;OFF;ON;50;2,90;4,40;1,90;2,70;98,30;107;-1;3,50;20;1,80;2,70;
2026-07-11 08:32:00.0;OFF;ON;50;3;4,40;1,90;2,70;98,30;107;-1,10;3,50;20;1,90;2,70;
2026-07-11 08:33:00.0;OFF;ON;50;3;4,50;2;2,60;98,30;107;-1;3,50;20;1,90;2,80;
2026-07-11 08:34:00.0;OFF;ON;50;3,10;3,50;2;2,60;98,30;107;-1,10;3,50;20;1,90;2,80;
2026-07-11 08:35:00.0;OFF;ON;50;3;3,50;2;2,60;98,30;107;-1;4,50;20;2;2,80;
2026-07-11 08:36:00.0;OFF;ON;50;3,20;3,60;2,10;2,60;98,30;107;-1,10;4,50;20;2;2,80;
2026-07-11 08:37:00.0;OFF;ON;50;3,10;3,60;2,10;2,60;98,30;107,10;-1;4,50;20;2;2,90;
2026-07-11 08:38:00.0;OFF;ON;50;3,20;3,60;2,10;2,60;98,30;107;-1,10;4,50;20;2;2,90;
2026-07-11 08:39:00.0;OFF;ON;50;3,30;3,60;2,10;2,60;98,30;107,10;-1,10;4,50;20;2,10;2,90;
2026-07-11 08:40:00.0;OFF;ON;50;3,20;3,70;2,20;2,50;98,30;107,10;-1,10;4,50;20;2,10;2,90;
2026-07-11 08:41:00.0;OFF;ON;50;3,20;3,70;2,20;2,50;98,30;107,10;-1;4,50;20;2,10;3;
2026-07-11 08:42:00.0;OFF;ON;50;3,30;3,70;2,20;2,50;98,30;107,10;-1,10;4,50;20;2,10;3;
2026-07-11 08:43:00.0;OFF;ON;50;3,40;3,70;2,20;2,50;98,30;107,10;-1,10;4,50;20;2,20;3;
2026-07-11 08:44:00.0;OFF;ON;50;3,30;3,80;2,30;2,50;98,30;107,10;-1;4,50;20;2,20;3;
2026-07-11 08:45:00.0;OFF;ON;50;3,30;3,80;2,30;2,50;98,30;107,10;-1;4,50;20;2,20;3,10;
2026-07-11 08:46:00.0;OFF;ON;50;3,40;3,80;2,30;2,50;98,30;107;-1,10;4,50;20;2,20;3,10;
2026-07-11 08:47:00.0;OFF;ON;50;3,40;3,80;2,30;2,50;98,30;107,10;-1,10;4,50;20;2,20;3,10;
2026-07-11 08:48:00.0;OFF;ON;50;3,50;3,80;2,40;2,40;98,30;107,10;-1,10;4,50;20;2,30;3,10;
2026-07-11 08:49:00.0;OFF;ON;50;3,50;3,90;2,40;2,40;98,30;107,10;-1,20;4,50;20;2,30;3,20;
2026-07-11 08:50:00.0;OFF;ON;50;3,50;3,90;2,40;2,40;98,30;107,10;-1,10;4,50;20;2,30;3,20;
2026-07-11 08:51:00.0;OFF;ON;50;3,50;3,90;2,40;2,40;98,30;107,10;-1,10;4,50;20;2,30;3,20;
2026-07-11 08:52:00.0;OFF;ON;50;3,50;3,90;2,40;2,40;98,30;107,10;-1,10;4,50;20;2,30;3,20;
2026-07-11 08:53:00.0;OFF;ON;50;3,50;3,90;2,50;2,40;98,30;107,10;-1;4,50;20;2,40;3,20;
2026-07-11 08:54:00.0;OFF;ON;50;3,60;4;2,50;2,40;98,30;107,10;-1,10;4,50;20;2,40;3,30;
2026-07-11 08:55:00.0;OFF;ON;50;3,60;4;2,50;2,40;98,30;107,10;-1,10;4,50;20;2,40;3,30;
2026-07-11 08:56:00.0;OFF;ON;50;3,50;4;2,50;2,40;98,30;107;-1;4,50;20;2,40;3,30;
2026-07-11 08:57:00.0;OFF;ON;50;3,60;4;2,50;2,30;98,30;107;-1;4,50;20;2,50;3,30;
2026-07-11 08:58:00.0;OFF;ON;50;3,50;4;2,60;2,30;98,30;107,10;-1;4,50;20;2,50;3,30;
2026-07-11 08:59:00.0;OFF;ON;50;3,50;4,10;2,60;2,30;98,30;107;-1;4,50;20;2,50;3,30;
2026-07-11 09:00:00.0;OFF;ON;50;3,40;4,10;2,60;2,30;98,30;107,10;-0,90;4,50;20;2,50;3,30;
2026-07-11 09:01:00.0;OFF;ON;50;3,40;4,10;2,60;2,30;98,30;107,10;-0,80;4,50;20;2,50;3,30;
2026-07-11 09:02:00.0;OFF;ON;50;3,50;4,10;2,60;2,30;98,30;107;-0,90;4,50;20;2,50;3,30;
2026-07-11 09:03:00.0;OFF;ON;50;3,30;4,10;2,60;2,30;98,30;107;-0,70;4,50;20;2,50;3,20;
2026-07-11 09:04:00.0;OFF;ON;50;3,40;4,10;2,60;2,30;98,30;107,10;-0,80;4,50;20;2,50;3,20;
2026-07-11 09:05:00.0;OFF;ON;50;3,30;4,10;2,50;2,30;98,30;107,10;-0,80;4,50;20;2,50;3,20;
2026-07-11 09:06:00.0;OFF;ON;50;3,30;4;2,50;2,20;98,30;107,10;-0,70;4,50;20;2,50;3,20;
2026-07-11 09:07:00.0;OFF;ON;50;3,40;4;2,50;2,20;98,30;107;-0,80;4,50;20;2,40;3,20;
2026-07-11 09:08:00.0;OFF;ON;50;3,30;4;2,60;2,20;98,30;107,10;-0,70;4,50;20;2,50;3,20;
2026-07-11 09:09:00.0;OFF;ON;50;3,20;4;2,50;2,20;98,30;107;-0,70;4,50;20;2,50;3,10;
2026-07-11 09:10:00.0;OFF;ON;50;3,20;4;2,50;2,20;98,30;107;-0,60;4,50;20;2,50;3,10;
2026-07-11 09:11:00.0;OFF;ON;50;3,10;4;2,50;2,20;98,30;107;-0,60;4,50;20;2,50;3,10;
2026-07-11 09:12:00.0;OFF;ON;50;3,10;4;2,50;2,20;98,30;107,10;-0,60;4,50;20;2,50;3,10;
2026-07-11 09:13:00.0;OFF;ON;50;3,20;4;2,50;2,20;98,30;107,10;-0,70;4,50;20;2,40;3,10;
2026-07-11 09:14:00.0;OFF;ON;50;3,20;4;2,50;2,10;98,30;107,10;-0,60;4,50;20;2,50;3,10;
2026-07-11 09:15:00.0;OFF;ON;50;3,10;4;2,50;2,10;98,30;107,10;-0,60;4,50;20;2,50;3,10;
2026-07-11 09:16:00.0;OFF;ON;50;3,20;4;2,50;2,10;98,30;107,10;-0,70;4,50;20;2,40;3,10;
2026-07-11 09:17:00.0;OFF;ON;50;3,10;4;2,50;2,10;98,30;107,10;-0,50;4,50;20;2,40;3,10;
2026-07-11 09:18:00.0;OFF;ON;50;3,10;4;2,50;2,10;98,30;107,10;-0,60;4,50;20;2,40;3,10;
2026-07-11 09:19:00.0;OFF;ON;50;3,20;4;2,50;2,10;98,30;107,10;-0,60;4,50;20;2,40;3,10;
2026-07-11 09:20:00.0;OFF;ON;50;3,20;4;2,50;2,10;98,30;107,10;-0,70;4,50;20;2,40;3,10;
2026-07-11 09:21:00.0;OFF;ON;50;3,10;4;2,50;2,10;98,30;107,10;-0,50;4,50;20;2,50;3,10;
2026-07-11 09:22:00.0;OFF;ON;50;3,20;4;2,50;2,10;98,30;107,10;-0,70;4,50;20;2,50;3,10;
2026-07-11 09:23:00.0;OFF;ON;50;3,10;4;2,60;2,10;98,30;107,10;-0,50;4,50;20;2,50;3,10;
2026-07-11 09:24:00.0;OFF;ON;50;3,10;4;2,60;2;98,30;107,10;-0,50;4,50;20;2,50;3,10;
2026-07-11 09:25:00.0;OFF;ON;50;3,10;4,10;2,50;2;98,30;107,10;-0,50;4,50;20;2,50;3,10;
2026-07-11 09:26:00.0;OFF;ON;50;3,20;4;2,60;2;98,30;107,10;-0,60;4,50;20;2,50;3,10;
2026-07-11 09:27:00.0;OFF;ON;50;3,20;4,10;2,60;2;98,30;107,10;-0,70;4,50;20;2,50;3,10;
2026-07-11 09:28:00.0;OFF;ON;50;3,10;4,10;2,60;2;98,30;107,10;-0,50;4,50;20;2,50;3,10;
2026-07-11 09:29:00.0;OFF;ON;50;3,10;4,10;2,60;2;98,30;107,10;-0,60;4,50;20;2,50;3,10;
2026-07-11 09:30:00.0;OFF;ON;50;3,20;4,10;2,60;2;98,30;107,10;-0,70;4,50;20;2,50;3,10;
2026-07-11 09:31:00.0;OFF;ON;50;3,20;4,10;2,60;2;98,30;107,10;-0,70;4,50;20;2,50;3,10;
2026-07-11 09:32:00.0;OFF;ON;50;3,20;4,10;2,60;2;98,30;107,10;-0,60;4,50;20;2,50;3,10;
2026-07-11 09:33:00.0;OFF;ON;50;3,20;4,10;2,60;1,90;98,30;107,10;-0,60;4,50;20;2,50;3,10;
2026-07-11 09:34:00.0;OFF;ON;50;3,20;4,10;2,60;1,90;98,30;107,10;-0,60;4,50;20;2,50;3,10;
2026-07-11 09:35:00.0;OFF;ON;50;3,20;4,10;2,60;1,90;98,30;107,10;-0,60;4,50;20;2,50;3,10;
2026-07-11 09:36:00.0;OFF;ON;50;3,30;4,10;2,60;1,90;98,30;107,10;-0,60;4,50;20;2,50;3,10;
2026-07-11 09:37:00.0;OFF;ON;50;3,20;4,10;2,60;1,90;98,30;107,10;-0,50;4,50;20;2,50;3,10;
2026-07-11 09:38:00.0;OFF;ON;50;3,20;4,10;2,60;1,90;98,30;107,10;-0,60;4,50;20;2,50;3,10;
2026-07-11 09:39:00.0;OFF;ON;50;3,20;4,10;2,60;1,90;98,30;107,10;-0,60;4,50;20;2,50;3,10;
2026-07-11 09:40:00.0;OFF;ON;50;3,10;4,10;2,60;1,90;98,30;107,10;-0,50;4,50;20;2,50;3,10;
2026-07-11 09:41:00.0;OFF;ON;50;3,20;4,10;2,60;1,90;98,30;107,10;-0,60;4,50;20;2,50;3,10;
2026-07-11 09:42:00.0;OFF;ON;50;3,20;4,20;2,70;1,90;98,30;107,10;-0,50;4,50;20;2,60;3,10;
2026-07-11 09:43:00.0;OFF;ON;50;3,30;4,10;2,60;1,80;98,30;107,10;-0,60;4,50;20;2,60;3,20;
2026-07-11 09:44:00.0;OFF;ON;50;3,30;4,10;2,70;1,80;98,30;107,10;-0,60;4,50;20;2,60;3,20;
2026-07-11 09:45:00.0;OFF;ON;50;3,20;4,10;2,70;1,80;98,30;107,10;-0,60;4,50;20;2,60;3,20;
2026-07-11 09:46:00.0;OFF;ON;50;3,20;4,20;2,70;1,80;98,30;107;-0,50;4,50;20;2,60;3,20;
2026-07-11 09:47:00.0;OFF;ON;50;3,20;4,20;2,70;1,80;98,40;107,10;-0,50;4,50;20;2,60;3,20;
2026-07-11 09:48:00.0;OFF;ON;50;3,20;4,20;2,70;1,80;98,30;107,10;-0,50;4,50;20;2,60;3,20;
2026-07-11 09:49:00.0;OFF;ON;50;3,30;4,20;2,70;1,80;98,40;107,10;-0,60;4,50;20;2,60;3,20;
2026-07-11 09:50:00.0;OFF;ON;50;3,20;4,20;2,70;1,80;98,40;107,10;-0,50;4,50;20;2,60;3,20;
2026-07-11 09:51:00.0;OFF;ON;50;3,30;4,20;2,70;1,80;98,40;107,10;-0,50;4,50;20;2,60;3,20;
2026-07-11 09:52:00.0;OFF;ON;50;3,30;4,20;2,70;1,80;98,40;107,10;-0,60;4,50;20;2,60;3,20;
2026-07-11 09:53:00.0;OFF;ON;50;3,20;4,20;2,70;1,70;98,40;107;-0,50;4,50;20;2,60;3,20;
2026-07-11 09:54:00.0;OFF;ON;50;3,20;4,20;2,70;1,70;98,40;107,10;-0,50;4,50;20;2,60;3,20;
2026-07-11 09:55:00.0;OFF;ON;50;3,30;4,20;2,70;1,70;98,40;107,10;-0,50;4,50;20;2,60;3,20;
2026-07-11 09:56:00.0;OFF;ON;50;3,30;4,20;2,70;1,70;98,40;107,10;-0,50;4,50;20;2,60;3,20;
2026-07-11 09:57:00.0;OFF;ON;50;3,20;4,20;2,70;1,70;98,40;107,10;-0,50;4,50;20;2,60;3,20;
2026-07-11 09:58:00.0;OFF;ON;50;3,20;4,20;2,70;1,70;98,40;107,10;-0,50;4,50;20;2,60;3,20;
2026-07-11 09:59:00.0;OFF;ON;50;3,20;4,20;2,70;1,70;98,40;107,10;-0,40;4,50;20;2,60;3,20;
2026-07-11 10:00:00.0;OFF;ON;50;3,30;4,20;2,70;1,70;98,40;107,10;-0,50;4,50;20;2,60;3,20;
2026-07-11 10:01:00.0;OFF;ON;50;3,20;4,20;2,70;1,70;98,40;107,10;-0,60;4,50;20;2,60;3,20;
2026-07-11 10:02:00.0;OFF;ON;50;3,20;4,20;2,70;1,70;98,40;107,10;-0,50;4,50;20;2,60;3,20;
2026-07-11 10:03:00.0;OFF;ON;50;3,30;4,30;2,70;1,70;98,40;107,10;-0,60;4,50;20;2,60;3,20;
2026-07-11 10:04:00.0;OFF;ON;50;3,30;4,20;2,70;1,70;98,40;107,10;-0,50;4,50;20;2,60;3,20;
2026-07-11 10:05:00.0;OFF;ON;50;3,30;4,20;2,70;1,60;98,40;107,10;-0,60;4,50;20;2,70;3,20;
2026-07-11 10:06:00.0;OFF;ON;50;3,20;4,20;2,70;1,60;98,40;107,10;-0,50;4,50;20;2,70;3,20;
2026-07-11 10:07:00.0;OFF;ON;50;3,20;4,30;2,80;1,60;98,40;107,10;-0,50;4,50;20;2,70;3,20;
2026-07-11 10:08:00.0;OFF;ON;50;3,20;4,30;2,80;1,60;98,40;107,10;-0,50;4,50;20;2,70;3,20;
2026-07-11 10:09:00.0;OFF;ON;50;3,30;4,30;2,80;1,60;98,40;107,10;-0,50;4,50;20;2,70;3,20;
2026-07-11 10:10:00.0;OFF;ON;50;3,20;4,30;2,80;1,60;98,40;107,10;-0,50;4,50;20;2,70;3,20;
2026-07-11 10:11:00.0;OFF;ON;50;3,30;4,30;2,80;1,60;98,40;107,10;-0,50;4,50;20;2,70;3,20;
2026-07-11 10:12:00.0;OFF;ON;50;3,20;4,30;2,80;1,60;98,40;107,10;-0,50;4,50;20;2,70;3,20;
2026-07-11 10:13:00.0;OFF;ON;50;3,40;4,30;2,80;1,60;98,40;107,10;-0,50;4,50;20;2,70;3,20;
2026-07-11 10:14:00.0;OFF;ON;50;3,30;4,30;2,80;1,60;98,40;107,10;-0,50;4,50;20;2,70;3,30;
2026-07-11 10:15:00.0;OFF;ON;50;3,30;4,30;2,80;1,50;98,40;107,10;-0,60;4,50;20;2,70;3,30;
2026-07-11 10:16:00.0;OFF;ON;50;3,40;4,30;2,80;1,50;98,40;107;-0,50;4,50;20;2,70;3,30;
2026-07-11 10:17:00.0;OFF;ON;50;3,30;4,30;2,80;1,50;98,40;107;-0,50;4,50;20;2,70;3,30;
2026-07-11 10:18:00.0;OFF;ON;50;3,30;4,30;2,80;1,50;98,40;107;-0,50;4,50;20;2,70;3,30;
2026-07-11 10:19:00.0;OFF;ON;50;3,30;4,30;2,80;1,50;98,40;107,10;-0,50;4,50;20;2,70;3,30;
2026-07-11 10:20:00.0;OFF;ON;50;3,40;4,30;2,80;1,50;98,40;107,10;-0,60;4,50;20;2,70;3,30;
2026-07-11 10:21:00.0;OFF;ON;50;3,30;4,30;2,80;1,50;98,40;107,10;-0,50;4,50;20;2,70;3,30;
2026-07-11 10:22:00.0;OFF;ON;50;3,40;4,30;2,80;1,50;98,40;107;-0,50;4,50;20;2,70;3,30;
2026-07-11 10:23:00.0;OFF;ON;50;3,40;4,30;2,80;1,50;98,40;107;-0,70;4,50;20;2,70;3,30;
2026-07-11 10:24:00.0;OFF;ON;50;3,40;4,30;2,90;1,50;98,40;107;-0,70;4,50;20;2,80;3,30;
2026-07-11 10:25:00.0;OFF;ON;50;3,60;4,40;2,90;1,50;98,40;107;-0,70;4,50;20;2,80;3,40;
2026-07-11 10:26:00.0;OFF;ON;50;3,60;4,40;2,90;1,50;98,40;107;-0,70;4,50;20;2,80;3,40;
2026-07-11 10:27:00.0;OFF;ON;50;3,50;4,40;2,90;1,50;98,40;107,10;-0,70;4,50;20;2,80;3,40;
2026-07-11 10:28:00.0;OFF;ON;50;3,60;4,40;2,90;1,40;98,40;107,10;-0,60;4,50;20;2,80;3,40;
2026-07-11 10:29:00.0;OFF;ON;50;3,50;4,40;2,90;1,40;98,40;107,10;-0,60;4,50;20;2,80;3,40;
2026-07-11 10:30:00.0;OFF;ON;50;3,40;4,40;2,90;1,40;98,40;107,10;-0,60;4,50;20;2,80;3,40;
2026-07-11 10:31:00.0;OFF;ON;50;3,40;4,40;2,90;1,40;98,40;107,10;-0,50;4,50;20;2,80;3,40;
2026-07-11 10:32:00.0;OFF;ON;50;3,40;4,40;2,90;1,40;98,40;107,10;-0,60;4,50;20;2,80;3,40;
2026-07-11 10:33:00.0;OFF;ON;50;3,50;4,50;3;1,40;98,40;107,10;-0,60;4,50;20;2,80;3,40;
2026-07-11 10:34:00.0;OFF;ON;50;3,50;4,40;2,90;1,40;98,40;107,10;-0,50;4,50;20;2,80;3,40;
2026-07-11 10:35:00.0;OFF;ON;50;3,60;4,40;2,90;1,40;98,40;107,10;-0,60;4,50;20;2,80;3,40;
2026-07-11 10:36:00.0;OFF;ON;50;3,50;4,40;2,90;1,40;98,40;107,10;-0,50;4,50;20;2,90;3,40;
2026-07-11 10:37:00.0;OFF;ON;50;3,50;4,40;3;1,40;98,40;107,10;-0,50;4,50;20;2,90;3,40;
2026-07-11 10:38:00.0;OFF;ON;50;3,60;4,50;3;1,40;98,40;107,10;-0,60;4,50;20;2,90;3,40;
2026-07-11 10:39:00.0;OFF;ON;50;3,50;4,50;3;1,40;98,40;107,10;-0,60;4,50;20;2,90;3,40;
2026-07-11 10:40:00.0;OFF;ON;50;3,60;4,50;3;1,30;98,40;107,10;-0,60;4,50;20;2,90;3,40;
2026-07-11 10:41:00.0;OFF;ON;50;3,50;4,50;3;1,30;98,40;107,10;-0,50;4,50;20;2,90;3,40;
2026-07-11 10:42:00.0;OFF;ON;50;3,50;4,50;3;1,30;98,40;107,10;-0,50;4,50;20;2,90;3,40;
2026-07-11 10:43:00.0;OFF;ON;50;3,50;4,50;3;1,30;98,40;107,10;-0,60;4,50;20;2,90;3,40;
2026-07-11 10:44:00.0;OFF;ON;50;3,60;4,50;3;1,30;98,40;107,10;-0,60;4,50;20;2,90;3,40;
2026-07-11 10:45:00.0;OFF;ON;50;3,50;4,50;3;1,30;98,40;107,10;-0,60;4,50;20;2,90;3,40;
2026-07-11 10:46:00.0;OFF;ON;50;3,60;4,50;3;1,30;98,40;107,10;-0,60;4,50;20;2,90;3,40;
2026-07-11 10:47:00.0;OFF;ON;50;3,60;4,50;3;1,30;98,40;107,10;-0,60;4,50;20;2,90;3,40;
2026-07-11 10:48:00.0;OFF;ON;50;3,60;4,50;3;1,30;98,40;107,10;-0,50;4,50;20;2,90;3,50;
2026-07-11 10:49:00.0;OFF;ON;50;3,50;4,50;3;1,30;98,40;107,10;-0,60;4,50;20;2,90;3,50;
2026-07-11 10:50:00.0;OFF;ON;50;3,60;4,50;3;1,30;98,40;107,10;-0,50;4,50;20;2,90;3,50;
2026-07-11 10:51:00.0;OFF;ON;50;3,50;4,50;3;1,30;98,40;107,10;-0,50;4,50;20;2,90;3,50;
2026-07-11 10:52:00.0;OFF;ON;50;3,50;4,50;3;1,30;98,40;107,10;-0,50;4,50;20;2,90;3,50;
2026-07-11 10:53:00.0;OFF;ON;50;3,50;4,50;3;1,30;98,40;107,10;-0,50;4,50;20;2,90;3,50;
2026-07-11 10:54:00.0;OFF;ON;50;3,60;4,50;3;1,30;98,40;107,10;-0,60;4,50;20;2,90;3,50;
2026-07-11 10:55:00.0;OFF;ON;50;3,60;4,50;3;1,20;98,40;107,10;-0,60;4,50;20;2,90;3,50;
2026-07-11 10:56:00.0;OFF;ON;50;3,50;4,50;3;1,30;98,40;107,10;-0,60;4,50;20;2,90;3,50;
2026-07-11 10:57:00.0;OFF;ON;50;3,50;4,50;3;1,20;98,40;107,10;-0,50;4,50;20;2,90;3,50;
2026-07-11 10:58:00.0;OFF;ON;50;3,50;4,50;3;1,20;98,40;107,10;-0,60;4,50;20;2,90;3,50;
2026-07-11 10:59:00.0;OFF;ON;50;3,50;4,50;3;1,20;98,40;107,10;-0,60;4,50;20;2,90;3,50;
2026-07-11 11:00:00.0;OFF;ON;50;3,60;4,60;3,10;1,20;98,40;107,10;-0,40;4,50;20;3;3,50;
2026-07-11 11:01:00.0;OFF;ON;50;3,60;4,50;3;1,20;98,40;107,10;-0,60;4,50;20;3;3,50;
2026-07-11 11:02:00.0;OFF;ON;50;3,60;4,50;3;1,20;98,40;107,10;-0,60;4,50;20;3;3,50;
2026-07-11 11:03:00.0;OFF;ON;50;3,60;4,50;3,10;1,20;98,40;107,10;-0,60;4,50;20;3;3,50;
2026-07-11 11:04:00.0;OFF;ON;50;3,70;4,60;3,10;1,20;98,40;107,10;-0,60;4,50;20;3;3,50;
2026-07-11 11:05:00.0;OFF;ON;50;3,60;4,60;3,10;1,20;98,40;107,10;-0,60;4,50;20;3;3,50;
2026-07-11 11:06:00.0;OFF;ON;50;3,70;4,60;3,10;1,20;98,40;107,10;-0,60;4,50;20;3;3,50;
2026-07-11 11:07:00.0;OFF;ON;50;3,70;4,60;3,10;1,20;98,40;107,10;-0,60;4,50;20;3;3,50;
2026-07-11 11:08:00.0;OFF;ON;50;3,50;4,60;3,10;1,20;98,40;107,10;-0,40;4,50;20;3;3,50;
2026-07-11 11:09:00.0;OFF;ON;50;3,60;4,60;3,10;1,20;98,40;107,10;-0,50;4,50;20;3;3,50;
2026-07-11 11:10:00.0;OFF;ON;50;3,60;4,60;3,10;1,20;98,40;107,10;-0,50;4,50;20;3;3,50;
2026-07-11 11:11:00.0;OFF;ON;50;3,60;4,60;3,10;1,10;98,40;107,10;-0,50;4,50;20;3;3,50;
2026-07-11 11:12:00.0;OFF;ON;50;3,70;4,60;3,10;1,10;98,40;107,10;-0,60;4,50;20;3;3,50;
2026-07-11 11:13:00.0;OFF;ON;50;3,80;4,60;3,10;1,10;98,40;107,10;-0,60;4,50;20;3;3,50;
2026-07-11 11:14:00.0;OFF;ON;50;3,70;4,60;3,10;1,10;98,40;107,10;-0,60;4,50;20;3;3,60;
2026-07-11 11:15:00.0;OFF;ON;50;3,80;4,60;3,10;1,10;98,40;107,10;-0,70;4,50;20;3;3,60;
2026-07-11 11:16:00.0;OFF;ON;50;3,80;4,60;3,10;1,10;98,40;107,10;-0,60;4,50;20;3;3,60;
2026-07-11 11:17:00.0;OFF;ON;50;3,80;4,60;3,10;1,10;98,40;107,10;-0,60;4,50;20;3;3,60;
2026-07-11 11:18:00.0;OFF;ON;50;3,60;4,70;3,20;1,10;98,40;107,10;-0,50;4,50;20;3,10;3,60;
2026-07-11 11:19:00.0;OFF;ON;50;3,60;4,70;3,20;1,10;98,40;107,10;-0,40;4,50;20;3,10;3,60;
2026-07-11 11:20:00.0;OFF;ON;50;3,70;4,70;3,20;1,10;98,40;107,10;-0,50;4,50;20;3,10;3,60;
2026-07-11 11:21:00.0;OFF;ON;50;3,60;4,70;3,20;1,10;98,40;107,10;-0,50;4,50;20;3,10;3,60;
2026-07-11 11:22:00.0;OFF;ON;50;3,80;4,70;3,20;1,10;98,40;107,10;-0,60;4,50;20;3,10;3,60;
2026-07-11 11:23:00.0;OFF;ON;50;3,60;4,70;3,20;1,10;98,40;107,10;-0,50;4,50;20;3,10;3,60;
2026-07-11 11:24:00.0;OFF;ON;50;3,70;4,70;3,20;1,10;98,40;107,10;-0,50;4,50;20;3,10;3,60;
2026-07-11 11:25:00.0;OFF;ON;50;3,70;4,70;3,20;1,10;98,40;107,10;-0,60;4,50;20;3,10;3,60;
2026-07-11 11:26:00.0;OFF;ON;50;3,60;4,70;3,20;1,10;98,40;107,10;-0,40;4,50;20;3,10;3,60;
2026-07-11 11:27:00.0;OFF;ON;50;3,80;4,70;3,20;1,10;98,40;107,10;-0,60;4,50;20;3,10;3,60;
2026-07-11 11:28:00.0;OFF;ON;50;3,80;4,70;3,20;1,10;98,40;107,10;-0,60;4,50;20;3,10;3,60;
2026-07-11 11:29:00.0;OFF;ON;50;3,60;4,70;3,20;1,10;98,40;107,10;-0,50;4,50;20;3,10;3,60;
2026-07-11 11:30:00.0;OFF;ON;50;3,70;4,70;3,20;1;98,40;107,10;-0,50;4,50;20;3,10;3,60;
2026-07-11 11:31:00.0;OFF;ON;50;3,70;4,70;3,20;1;98,40;107,10;-0,50;4,50;20;3,10;3,70;
2026-07-11 11:32:00.0;OFF;ON;50;3,80;4,70;3,20;1;98,40;107,10;-0,50;4,50;20;3,10;3,70;
2026-07-11 11:33:00.0;OFF;ON;50;3,70;4,70;3,20;1;98,40;107,10;-0,50;4,50;20;3,10;3,70;
2026-07-11 11:34:00.0;OFF;ON;50;3,80;4,70;3,20;1;98,40;107,10;-0,50;4,50;20;3,10;3,70;
2026-07-11 11:35:00.0;OFF;ON;50;3,80;4,70;3,20;1;98,40;107,10;-0,60;4,50;20;3,10;3,70;
2026-07-11 11:36:00.0;OFF;ON;50;3,70;4,70;3,20;1;98,40;107,10;-0,50;4,50;20;3,10;3,70;
2026-07-11 11:37:00.0;OFF;ON;50;3,80;4,70;3,20;1;98,40;107,10;-0,50;4,50;20;3,10;3,70;
2026-07-11 11:38:00.0;OFF;ON;50;3,80;4,70;3,20;1;98,40;107,10;-0,60;4,50;20;3,10;3,70;
2026-07-11 11:39:00.0;OFF;ON;50;3,80;4,70;3,20;1;98,40;107,10;-0,60;4,50;20;3,10;3,70;
2026-07-11 11:40:00.0;OFF;ON;50;3,70;4,70;3,20;1;98,40;107,10;-0,40;4,50;20;3,10;3,70;
2026-07-11 11:41:00.0;OFF;ON;50;3,80;4,80;3,30;1;98,40;107,10;-0,60;4,50;20;3,20;3,70;
2026-07-11 11:42:00.0;OFF;ON;50;3,70;4,80;3,20;1;98,40;107,10;-0,40;4,50;20;3,20;3,70;
2026-07-11 11:43:00.0;OFF;ON;50;3,90;4,70;3,20;1;98,40;107,10;-0,60;4,50;20;3,20;3,70;
2026-07-11 11:44:00.0;OFF;ON;50;3,80;4,80;3,30;1;98,40;107,10;-0,50;4,50;20;3,20;3,70;
2026-07-11 11:45:00.0;OFF;ON;50;3,90;4,80;3,30;1;98,40;107,10;-0,60;4,50;20;3,20;3,70;
2026-07-11 11:46:00.0;OFF;ON;50;3,90;4,80;3,30;1;98,40;107,10;-0,60;4,50;20;3,20;3,70;
2026-07-11 11:47:00.0;OFF;ON;50;3,90;4,80;3,30;1;98,40;107,10;-0,60;4,50;20;3,20;3,70;
2026-07-11 11:48:00.0;OFF;ON;50;3,80;4,80;3,30;1;98,40;107,10;-0,50;4,50;20;3,20;3,70;
2026-07-11 11:49:00.0;OFF;ON;50;3,80;4,80;3,30;0,90;98,40;107,10;-0,50;4,50;20;3,20;3,70;
2026-07-11 11:50:00.0;OFF;ON;50;4;4,80;3,30;0,90;98,40;107,10;-0,70;4,50;20;3,20;3,70;
2026-07-11 11:51:00.0;OFF;ON;50;4;4,80;3,30;0,90;98,40;107,10;-0,70;4,50;20;3,20;3,80;
2026-07-11 11:52:00.0;OFF;ON;50;4;4,80;3,30;0,90;98,40;107,10;-0,60;4,50;20;3,20;3,80;
2026-07-11 11:53:00.0;OFF;ON;50;3,80;4,80;3,30;0,90;98,40;107,10;-0,50;4,50;20;3,20;3,80;
2026-07-11 11:54:00.0;OFF;ON;50;4;4,80;3,30;0,90;98,40;107,10;-0,60;4,50;20;3,20;3,80;
2026-07-11 11:55:00.0;OFF;ON;50;3,90;4,80;3,30;0,90;98,40;107,10;-0,50;4,50;20;3,20;3,80;
2026-07-11 11:56:00.0;OFF;ON;50;3,90;4,80;3,30;0,90;98,40;107,10;-0,60;4,50;20;3,30;3,80;
2026-07-11 11:57:00.0;OFF;ON;50;3,80;4,80;3,30;0,90;98,40;107,10;-0,50;4,50;20;3,30;3,80;
2026-07-11 11:58:00.0;OFF;ON;50;3,90;4,90;3,40;0,90;98,30;107,10;-0,60;4,50;20;3,20;3,80;
2026-07-11 11:59:00.0;OFF;ON;50;3,80;4,90;3,30;0,90;98,30;107,10;-0,40;4,50;20;3,30;3,80;
2026-07-11 12:00:00.0;OFF;ON;50;3,80;4,80;3,40;0,90;98,30;107,10;-0,50;4,50;20;3,30;3,80;
2026-07-11 12:01:00.0;OFF;ON;50;3,90;4,80;3,30;0,90;98,30;107,10;-0,50;4,50;20;3,30;3,80;
2026-07-11 12:02:00.0;OFF;ON;50;3,80;4,90;3,40;0,90;98,40;107,10;-0,50;4,50;20;3,30;3,80;
2026-07-11 12:03:00.0;OFF;ON;50;3,90;4,90;3,40;0,90;98,40;107,10;-0,60;4,50;20;3,30;3,80;
2026-07-11 12:04:00.0;OFF;ON;50;3,90;4,90;3,40;0,90;98,40;107,10;-0,60;4,50;20;3,30;3,80;
2026-07-11 12:05:00.0;OFF;ON;50;3,90;4,90;3,40;0,90;98,40;107,10;-0,50;4,50;20;3,30;3,80;
2026-07-11 12:06:00.0;OFF;ON;50;3,80;4,90;3,40;0,90;98,40;107,10;-0,40;4,50;20;3,30;3,80;
2026-07-11 12:07:00.0;OFF;ON;50;4;4,90;3,40;0,90;98,40;107,10;-0,60;4,50;20;3,30;3,80;
2026-07-11 12:08:00.0;OFF;ON;50;3,90;4,90;3,40;0,90;98,40;107,10;-0,50;4,50;20;3,30;3,80;
2026-07-11 12:09:00.0;OFF;ON;50;3,90;4,90;3,40;0,90;98,40;107,10;-0,60;4,50;20;3,30;3,80;
2026-07-11 12:10:00.0;OFF;ON;50;4;4,90;3,40;0,90;98,40;107,10;-0,60;4,50;20;3,30;3,80;
2026-07-11 12:11:00.0;OFF;ON;50;4;4,90;3,40;0,90;98,40;107,10;-0,60;4,50;20;3,30;3,80;
2026-07-11 12:12:00.0;OFF;ON;50;4;4,90;3,40;0,90;98,40;107,10;-0,60;4,50;20;3,30;3,80;
2026-07-11 12:13:00.0;OFF;ON;50;4;4,90;3,40;0,90;98,40;107,10;-0,60;4,50;20;3,30;3,80;
2026-07-11 12:14:00.0;OFF;ON;50;4;4,90;3,40;0,80;98,40;107,10;-0,60;4,50;20;3,30;3,80;
2026-07-11 12:15:00.0;OFF;ON;50;3,90;4,90;3,40;0,80;98,40;107,10;-0,60;4,50;20;3,30;3,80;
2026-07-11 12:16:00.0;OFF;ON;50;3,90;4,90;3,40;0,80;98,40;107,10;-0,50;4,50;20;3,30;3,80;
2026-07-11 12:17:00.0;OFF;ON;50;4;4,90;3,40;0,80;98,40;107,10;-0,60;4,50;20;3,30;3,80;
2026-07-11 12:18:00.0;OFF;ON;50;3,90;4,90;3,40;0,80;98,40;107,10;-0,50;4,50;20;3,30;3,80;
2026-07-11 12:19:00.0;OFF;ON;50;3,90;4,90;3,40;0,80;98,40;107,10;-0,40;4,50;20;3,30;3,80;
2026-07-11 12:20:00.0;OFF;ON;50;4;4,90;3,40;0,80;98,40;107,10;-0,60;4,50;20;3,30;3,80;
2026-07-11 12:21:00.0;OFF;ON;50;3,90;4,90;3,40;0,80;98,40;107,10;-0,50;4,50;20;3,30;3,80;
2026-07-11 12:22:00.0;OFF;ON;50;4;4,90;3,40;0,80;98,40;107,10;-0,50;4,50;20;3,30;3,80;
2026-07-11 12:23:00.0;OFF;ON;50;3,90;4,90;3,40;0,80;98,40;107,10;-0,50;4,50;20;3,30;3,90;
2026-07-11 12:24:00.0;OFF;ON;50;3,90;4,90;3,40;0,80;98,40;107,10;-0,50;4,50;20;3,30;3,90;
2026-07-11 12:25:00.0;OFF;ON;50;3,90;4,90;3,40;0,80;98,40;107,10;-0,50;4,50;20;3,40;3,90;
2026-07-11 12:26:00.0;OFF;ON;50;3,90;4,90;3,40;0,80;98,40;107,10;-0,50;4,50;20;3,40;3,90;
2026-07-11 12:27:00.0;OFF;ON;50;3,90;4,90;3,50;0,80;98,40;107,10;-0,40;4,50;20;3,30;3,90;
2026-07-11 12:28:00.0;OFF;ON;50;3,90;5;3,40;0,80;98,40;107,10;-0,40;4,50;20;3,30;3,90;
2026-07-11 12:29:00.0;OFF;ON;50;3,90;4,90;3,40;0,80;98,40;107,10;-0,40;4,50;20;3,30;3,80;
2026-07-11 12:30:00.0;OFF;ON;50;4;4,90;3,40;0,80;98,40;107,10;-0,50;4,50;20;3,30;3,80;
2026-07-11 12:31:00.0;OFF;ON;50;4;5;3,50;0,80;98,40;107,10;-0,50;4,50;20;3,30;3,90;
2026-07-11 12:32:00.0;OFF;ON;50;3,90;4,90;3,50;0,80;98,40;107,10;-0,50;4,50;20;3,40;3,90;
2026-07-11 12:33:00.0;OFF;ON;50;3,90;4,90;3,50;0,80;98,40;107,10;-0,40;4,50;20;3,40;3,90;
2026-07-11 12:34:00.0;OFF;ON;50;3,90;4,90;3,40;0,80;98,40;107,10;-0,50;4,50;20;3,40;3,90;
2026-07-11 12:35:00.0;OFF;ON;50;3,90;5;3,50;0,80;98,40;107,10;-0,40;4,50;20;3,40;3,90;
2026-07-11 12:36:00.0;OFF;ON;50;3,90;5;3,50;0,80;98,40;107,10;-0,50;4,50;20;3,40;3,90;
2026-07-11 12:37:00.0;OFF;ON;50;3,90;5;3,50;0,80;98,40;107,10;-0,50;4,50;20;3,40;3,90;
2026-07-11 12:38:00.0;OFF;ON;50;4;5;3,50;0,80;98,40;107,10;-0,50;4,50;20;3,40;3,90;
2026-07-11 12:39:00.0;OFF;ON;50;4;5;3,50;0,80;98,40;107,10;-0,60;4,50;20;3,40;3,90;
2026-07-11 12:40:00.0;OFF;ON;50;4;5;3,50;0,80;98,40;107,10;-0,50;4,50;20;3,40;3,90;
2026-07-11 12:41:00.0;OFF;ON;50;4;5;3,50;0,70;98,40;107,10;-0,50;4,50;20;3,40;3,90;
2026-07-11 12:42:00.0;OFF;ON;50;3,90;5;3,50;0,70;98,40;107,10;-0,40;4,50;20;3,40;3,90;
2026-07-11 12:43:00.0;OFF;ON;50;3,90;5;3,50;0,70;98,40;107,10;-0,40;4,50;20;3,40;3,90;
2026-07-11 12:44:00.0;OFF;ON;50;4,10;5;3,50;0,70;98,40;107,10;-0,60;4,50;20;3,40;3,90;
2026-07-11 12:45:00.0;OFF;ON;50;3,90;5;3,50;0,70;98,40;107,10;-0,40;4,50;20;3,40;3,90;
2026-07-11 12:46:00.0;OFF;ON;50;4;5;3,50;0,70;98,50;107,10;-0,50;4,50;20;3,40;3,90;
2026-07-11 12:47:00.0;OFF;ON;50;3,90;5;3,50;0,70;98,50;107,10;-0,40;4,50;20;3,40;3,90;
2026-07-11 12:48:00.0;OFF;ON;50;4;5;3,50;0,70;98,50;107,10;-0,40;4,50;20;3,40;3,90;
2026-07-11 12:49:00.0;OFF;ON;50;4,10;5;3,50;0,70;98,50;107,10;-0,60;4,50;20;3,40;3,90;
2026-07-11 12:50:00.0;OFF;ON;50;4,10;5;3,50;0,70;98,50;107,10;-0,50;4,50;20;3,40;3,90;
2026-07-11 12:51:00.0;OFF;ON;50;4;5;3,60;0,70;98,50;107,10;-0,50;4,50;20;3,40;3,90;
2026-07-11 12:52:00.0;OFF;ON;50;4;5;3,50;0,70;98,50;107,10;-0,40;4,50;20;3,40;3,90;
2026-07-11 12:53:00.0;OFF;ON;50;4,10;5;3,50;0,70;98,50;107,10;-0,60;4,50;20;3,40;3,90;
2026-07-11 12:54:00.0;OFF;ON;50;4,10;5;3,50;0,70;98,50;107,10;-0,50;4,50;20;3,50;4;
2026-07-11 12:55:00.0;OFF;ON;50;4,10;5,10;3,60;0,70;98,50;107,10;-0,50;4,50;20;3,50;3,90;
2026-07-11 12:56:00.0;OFF;ON;50;4,20;5,10;3,60;0,70;98,50;107,10;-0,60;4,50;20;3,50;4;
2026-07-11 12:57:00.0;OFF;ON;50;4,20;5,10;3,60;0,70;98,50;107,10;-0,60;4,50;20;3,50;4;
2026-07-11 12:58:00.0;OFF;ON;50;4,20;5,10;3,60;0,70;98,50;107,20;-0,60;4,50;20;3,50;4;
2026-07-11 12:59:00.0;OFF;ON;50;4,10;5,10;3,60;0,70;98,50;107,20;-0,50;4,50;20;3,50;4;
2026-07-11 13:00:00.0;OFF;ON;50;4,10;5,10;3,60;0,70;98,50;107,20;-0,50;4,50;20;3,50;4;
2026-07-11 13:01:00.0;OFF;ON;50;4,20;5,10;3,60;0,70;98,50;107,20;-0,60;4,50;20;3,50;4;
2026-07-11 13:02:00.0;OFF;ON;50;4,20;5,10;3,60;0,70;98,50;107,20;-0,60;4,50;20;3,50;4;
2026-07-11 13:03:00.0;OFF;ON;50;4,10;5,10;3,60;0,70;98,50;107,20;-0,50;4,50;20;3,50;4;
2026-07-11 13:04:00.0;OFF;ON;50;4,20;5,10;3,60;0,70;98,50;107,20;-0,50;4,50;20;3,50;4,10;
2026-07-11 13:05:00.0;OFF;ON;50;4,10;5,10;3,60;0,70;98,50;107,20;-0,50;4,50;20;3,50;4,10;
2026-07-11 13:06:00.0;OFF;ON;50;4,10;5,10;3,60;0,70;98,50;107,20;-0,50;4,50;20;3,50;4,10;
2026-07-11 13:07:00.0;OFF;ON;50;4,20;5,10;3,60;0,70;98,50;107,20;-0,50;4,50;20;3,60;4,10;
2026-07-11 13:08:00.0;OFF;ON;50;4,10;5,10;3,60;0,70;98,50;107,20;-0,50;4,50;20;3,60;4,10;
2026-07-11 13:09:00.0;OFF;ON;50;4,10;5,20;3,70;0,70;98,50;107,20;-0,50;4,50;20;3,60;4,10;
2026-07-11 13:10:00.0;OFF;ON;50;4,20;5,20;3,70;0,70;98,50;107,20;-0,50;4,50;20;3,60;4,10;
2026-07-11 13:11:00.0;OFF;ON;50;4,20;5,10;3,60;0,70;98,50;107,20;-0,50;4,50;20;3,60;4,10;
2026-07-11 13:12:00.0;OFF;ON;50;4,10;5,10;3,60;0,70;98,50;107,20;-0,50;4,50;20;3,60;4,10;
2026-07-11 13:13:00.0;OFF;ON;50;4,10;5,10;3,70;0,70;98,50;107,20;-0,50;4,50;20;3,60;4,10;
2026-07-11 13:14:00.0;OFF;ON;50;4,20;5,20;3,70;0,70;98,50;107,20;-0,60;4,50;20;3,60;4,10;
2026-07-11 13:15:00.0;OFF;ON;50;4,20;5,20;3,70;0,70;98,50;107,20;-0,50;4,50;20;3,60;4,10;
2026-07-11 13:16:00.0;OFF;ON;50;4,20;5,20;3,70;0,70;98,50;107,20;-0,60;4,50;20;3,60;4,10;
2026-07-11 13:17:00.0;OFF;ON;50;4,20;5,20;3,70;0,70;98,50;107,20;-0,50;4,50;20;3,60;4,10;
2026-07-11 13:18:00.0;OFF;ON;50;4,20;5,20;3,70;0,70;98,50;107,20;-0,50;4,50;20;3,60;4,10;
2026-07-11 13:19:00.0;OFF;ON;50;4,10;5,20;3,70;0,70;98,50;107,20;-0,40;4,50;20;3,60;4,10;
2026-07-11 13:20:00.0;OFF;ON;50;4,20;5,20;3,70;0,70;98,50;107,20;-0,60;4,50;20;3,60;4,10;
2026-07-11 13:21:00.0;OFF;ON;50;4,10;5,20;3,70;0,60;98,50;107,20;-0,50;4,50;20;3,60;4,10;
2026-07-11 13:22:00.0;OFF;ON;50;4,20;5,20;3,70;0,60;98,50;107,20;-0,50;4,50;20;3,60;4,10;
2026-07-11 13:23:00.0;OFF;ON;50;4,20;5,20;3,70;0,60;98,50;107,20;-0,50;4,50;20;3,60;4,10;
2026-07-11 13:24:00.0;OFF;ON;50;4,30;5,20;3,70;0,60;98,50;107,20;-0,60;4,50;20;3,60;4,10;
2026-07-11 13:25:00.0;OFF;ON;50;4,20;5,20;3,70;0,60;98,50;107,20;-0,50;4,50;20;3,60;4,10;
2026-07-11 13:26:00.0;OFF;ON;50;4,20;5,20;3,70;0,60;98,50;107,20;-0,50;4,50;20;3,60;4,10;
2026-07-11 13:27:00.0;OFF;ON;50;4,10;5,20;3,70;0,60;98,50;107,20;-0,40;4,50;20;3,60;4,10;
2026-07-11 13:28:00.0;OFF;ON;50;4,20;5,20;3,70;0,60;98,50;107,20;-0,50;4,50;20;3,60;4,10;
2026-07-11 13:29:00.0;OFF;ON;50;4,30;5,20;3,70;0,60;98,50;107,20;-0,60;4,50;20;3,60;4,10;
2026-07-11 13:30:00.0;OFF;ON;50;4,30;5,20;3,70;0,60;98,50;107,20;-0,60;4,50;20;3,60;4,10;
2026-07-11 13:31:00.0;OFF;ON;50;4,10;5,20;3,70;0,60;98,50;107,20;-0,40;4,50;20;3,60;4,10;
2026-07-11 13:32:00.0;OFF;ON;50;4,30;5,20;3,70;0,60;98,50;107,20;-0,50;4,50;20;3,60;4,10;
2026-07-11 13:33:00.0;OFF;ON;50;4,10;5,20;3,70;0,60;98,50;107,20;-0,40;4,50;20;3,60;4,10;
2026-07-11 13:34:00.0;OFF;ON;50;4,20;5,20;3,70;0,60;98,50;107,20;-0,50;4,50;20;3,60;4,10;
2026-07-11 13:35:00.0;OFF;ON;50;4,30;5,20;3,70;0,60;98,50;107,20;-0,50;4,50;20;3,60;4,10;
2026-07-11 13:36:00.0;OFF;ON;50;4,20;5,20;3,70;0,60;98,50;107,20;-0,50;4,50;20;3,60;4,10;
2026-07-11 13:37:00.0;OFF;ON;50;4,10;5,20;3,70;0,60;98,50;107,20;-0,40;4,50;20;3,60;4,10;
2026-07-11 13:38:00.0;OFF;ON;50;4,20;5,20;3,70;0,60;98,50;107,20;-0,50;4,50;20;3,60;4,10;
2026-07-11 13:39:00.0;OFF;ON;50;4,20;5,20;3,70;0,60;98,50;107,20;-0,50;4,50;20;3,60;4,10;
2026-07-11 13:40:00.0;OFF;ON;50;4,10;5,20;3,70;0,60;98,50;107,20;-0,40;4,50;20;3,60;4,10;
2026-07-11 13:41:00.0;OFF;ON;50;4,10;5,20;3,70;0,60;98,50;107,20;-0,40;4,50;20;3,60;4,10;
2026-07-11 13:42:00.0;OFF;ON;50;4,20;5,30;3,80;0,60;98,50;107,20;-0,40;4,50;20;3,60;4,10;
2026-07-11 13:43:00.0;OFF;ON;50;4,20;5,20;3,70;0,60;98,50;107,20;-0,40;4,50;20;3,60;4,10;
2026-07-11 13:44:00.0;OFF;ON;50;4,30;5,20;3,70;0,60;98,50;107,20;-0,50;4,50;20;3,60;4,10;
2026-07-11 13:45:00.0;OFF;ON;50;4,10;5,20;3,70;0,60;98,50;107,20;-0,40;4,50;20;3,60;4,10;
2026-07-11 13:46:00.0;OFF;ON;50;4,10;5,20;3,70;0,60;98,50;107,20;-0,40;4,50;20;3,70;4,10;
2026-07-11 13:47:00.0;OFF;ON;50;4,10;5,30;3,80;0,60;98,50;107,20;-0,40;4,50;20;3,60;4,10;
2026-07-11 13:48:00.0;OFF;ON;50;4,20;5,30;3,80;0,60;98,50;107,20;-0,50;4,50;20;3,60;4,10;
2026-07-11 13:49:00.0;OFF;ON;50;4,10;5,20;3,70;0,60;98,50;107,20;-0,40;4,50;20;3,70;4,10;
2026-07-11 13:50:00.0;OFF;ON;50;4,10;5,30;3,80;0,60;98,50;107,20;-0,40;4,50;20;3,70;4,10;
2026-07-11 13:51:00.0;OFF;ON;50;4,30;5,20;3,70;0,60;98,50;107,20;-0,50;4,50;20;3,70;4,10;
2026-07-11 13:52:00.0;OFF;ON;50;4,30;5,30;3,80;0,60;98,50;107,20;-0,50;4,50;20;3,70;4,10;
2026-07-11 13:53:00.0;OFF;ON;50;4,30;5,30;3,80;0,60;98,50;107,20;-0,50;4,50;20;3,70;4,10;
2026-07-11 13:54:00.0;OFF;ON;50;4,20;5,30;3,80;0,60;98,50;107,20;-0,40;4,50;20;3,70;4,10;
2026-07-11 13:55:00.0;OFF;ON;50;4,20;5,30;3,80;0,60;98,50;107,20;-0,40;4,50;20;3,70;4,10;
2026-07-11 13:56:00.0;OFF;ON;50;4,30;5,30;3,80;0,60;98,50;107,20;-0,50;4,50;20;3,70;4,10;
2026-07-11 13:57:00.0;OFF;ON;50;4,20;5,30;3,80;0,60;98,50;107,20;-0,40;4,50;20;3,70;4,10;
2026-07-11 13:58:00.0;OFF;ON;50;4,20;5,30;3,80;0,60;98,50;107,20;-0,40;4,50;20;3,70;4,10;
2026-07-11 13:59:00.0;OFF;ON;50;4,20;5,30;3,80;0,60;98,50;107,20;-0,40;4,50;20;3,70;4,10;
2026-07-11 14:00:00.0;OFF;ON;50;4,30;5,30;3,80;0,60;98,50;107,20;-0,50;4,50;20;3,70;4,20;
2026-07-11 14:01:00.0;OFF;ON;50;4,20;5,30;3,80;0,60;98,50;107,20;-0,40;4,50;20;3,70;4,20;
2026-07-11 14:02:00.0;OFF;ON;50;4,30;5,30;3,80;0,60;98,50;107,20;-0,50;4,50;20;3,70;4,20;
2026-07-11 14:03:00.0;OFF;ON;50;4,30;5,30;3,80;0,60;98,50;107,20;-0,50;4,50;20;3,70;4,20;
2026-07-11 14:04:00.0;OFF;ON;50;4,20;5,30;3,80;0,60;98,50;107,20;-0,40;4,50;20;3,70;4,20;
2026-07-11 14:05:00.0;OFF;ON;50;4,30;5,30;3,80;0,60;98,50;107,20;-0,50;4,50;20;3,70;4,20;
2026-07-11 14:06:00.0;OFF;ON;50;4,10;5,30;3,80;0,60;98,50;107,20;-0,30;4,50;20;3,70;4,20;
2026-07-11 14:07:00.0;OFF;ON;50;4,20;5,30;3,80;0,60;98,50;107,20;-0,40;4,50;20;3,70;4,20;
2026-07-11 14:08:00.0;OFF;ON;50;4,20;5,30;3,80;0,60;98,50;107,20;-0,40;4,50;20;3,70;4,20;
2026-07-11 14:09:00.0;OFF;ON;50;4,20;5,30;3,80;0,60;98,50;107,20;-0,50;4,50;20;3,70;4,20;
2026-07-11 14:10:00.0;OFF;ON;50;4,20;5,30;3,80;0,60;98,50;107,20;-0,40;4,50;20;3,70;4,20;
2026-07-11 14:11:00.0;OFF;ON;50;4,20;5,30;3,80;0,60;98,50;107,20;-0,40;4,50;20;3,70;4,20;
2026-07-11 14:12:00.0;OFF;ON;50;4,20;5,30;3,80;0,60;98,50;107,20;-0,40;4,50;20;3,70;4,20;
2026-07-11 14:13:00.0;OFF;ON;50;4,20;5,30;3,80;0,60;98,50;107,20;-0,40;4,50;20;3,70;4,20;
2026-07-11 14:14:00.0;OFF;ON;50;4,20;5,30;3,80;0,60;98,50;107,20;-0,40;4,50;20;3,70;4,20;
2026-07-11 14:15:00.0;OFF;ON;50;4,20;5,30;3,80;0,60;98,50;107,20;-0,40;4,50;20;3,70;4,20;
2026-07-11 14:16:00.0;OFF;ON;50;4,20;5,30;3,80;0,60;98,50;107,20;-0,40;4,50;20;3,70;4,20;
2026-07-11 14:17:00.0;OFF;ON;50;4,20;5,30;3,80;0,60;98,50;107,20;-0,40;4,50;20;3,70;4,20;
2026-07-11 14:18:00.0;OFF;ON;50;4,30;5,30;3,80;0,60;98,50;107,20;-0,50;4,50;20;3,70;4,20;
2026-07-11 14:19:00.0;OFF;ON;50;4,20;5,30;3,80;0,60;98,50;107,20;-0,40;4,50;20;3,70;4,20;
2026-07-11 14:20:00.0;OFF;ON;50;4,30;5,30;3,80;0,60;98,50;107,20;-0,50;4,50;20;3,70;4,20;
2026-07-11 14:21:00.0;OFF;ON;50;4,20;5,30;3,80;0,60;98,50;107,20;-0,40;4,50;20;3,70;4,20;
2026-07-11 14:22:00.0;OFF;ON;50;4,30;5,30;3,80;0,50;98,50;107,20;-0,50;4,50;20;3,70;4,20;
2026-07-11 14:23:00.0;OFF;ON;50;4,20;5,30;3,80;0,60;98,50;107,20;-0,40;4,50;20;3,70;4,20;
2026-07-11 14:24:00.0;OFF;ON;50;4,20;5,30;3,80;0,50;98,50;107,20;-0,40;4,50;20;3,70;4,20;
2026-07-11 14:25:00.0;OFF;ON;50;4,20;5,30;3,80;0,50;98,50;107,20;-0,40;4,50;20;3,70;4,20;
2026-07-11 14:26:00.0;OFF;ON;50;4,20;5,30;3,80;0,50;98,50;107,20;-0,40;4,50;20;3,70;4,20;
2026-07-11 14:27:00.0;OFF;ON;50;4,20;5,30;3,80;0,50;98,50;107,20;-0,40;4,50;20;3,70;4,20;
2026-07-11 14:28:00.0;OFF;ON;50;4,20;5,30;3,80;0,50;98,50;107,20;-0,40;4,50;20;3,70;4,20;
2026-07-11 14:29:00.0;OFF;ON;50;4,40;5,30;3,80;0,50;98,50;107,20;-0,50;4,50;20;3,70;4,20;
2026-07-11 14:30:00.0;OFF;ON;50;4,30;5,30;3,80;0,50;98,50;107,20;-0,50;4,50;20;3,70;4,20;
2026-07-11 14:31:00.0;OFF;ON;50;4,30;5,30;3,80;0,50;98,50;107,20;-0,50;4,50;20;3,70;4,20;
2026-07-11 14:32:00.0;OFF;ON;50;4,20;5,30;3,80;0,50;98,50;107,20;-0,40;4,50;20;3,70;4,20;
2026-07-11 14:33:00.0;OFF;ON;50;4,30;5,30;3,80;0,50;98,50;107,20;-0,50;4,50;20;3,70;4,20;
2026-07-11 14:34:00.0;OFF;ON;50;4,30;5,40;3,90;0,50;98,50;107,20;-0,40;4,50;20;3,80;4,20;
2026-07-11 14:35:00.0;OFF;ON;50;4,20;5,30;3,80;0,50;98,50;107,20;-0,40;4,50;20;3,80;4,20;
2026-07-11 14:36:00.0;OFF;ON;50;4,20;5,30;3,80;0,50;98,50;107,20;-0,40;4,50;20;3,80;4,20;
2026-07-11 14:37:00.0;OFF;ON;50;4,40;5,30;3,80;0,50;98,50;107,20;-0,50;4,50;20;3,70;4,20;
2026-07-11 14:38:00.0;OFF;ON;50;4,30;5,30;3,80;0,50;98,50;107,20;-0,40;4,50;20;3,80;4,20;
2026-07-11 14:39:00.0;OFF;ON;50;4,20;5,30;3,80;0,50;98,50;107,20;-0,40;4,50;20;3,80;4,20;
2026-07-11 14:40:00.0;OFF;ON;50;4,20;5,30;3,80;0,50;98,50;107,20;-0,40;4,50;20;3,80;4,20;
2026-07-11 14:41:00.0;OFF;ON;50;4,30;5,40;3,90;0,50;98,50;107,20;-0,50;4,50;20;3,70;4,20;
2026-07-11 14:42:00.0;OFF;ON;50;4,20;5,40;3,90;0,50;98,50;107,20;-0,40;4,50;20;3,80;4,20;
2026-07-11 14:43:00.0;OFF;ON;50;4,20;5,40;3,90;0,50;98,50;107,20;-0,40;4,50;20;3,80;4,20;
2026-07-11 14:44:00.0;OFF;ON;50;4,40;5,40;3,90;0,50;98,50;107,20;-0,50;4,50;20;3,80;4,20;
2026-07-11 14:45:00.0;OFF;ON;50;4,40;5,40;3,90;0,50;98,50;107,20;-0,50;4,50;20;3,80;4,20;
2026-07-11 14:46:00.0;OFF;ON;50;4,30;5,40;3,90;0,50;98,50;107,20;-0,50;4,50;20;3,80;4,20;
2026-07-11 14:47:00.0;OFF;ON;50;4,30;5,40;3,90;0,50;98,50;107,20;-0,50;4,50;20;3,80;4,20;
2026-07-11 14:48:00.0;OFF;ON;50;4,40;5,40;3,90;0,50;98,50;107,20;-0,50;4,50;20;3,80;4,20;
2026-07-11 14:49:00.0;OFF;ON;50;4,30;5,40;3,90;0,50;98,50;107,20;-0,40;4,50;20;3,80;4,20;
2026-07-11 14:50:00.0;OFF;ON;50;4,20;5,40;3,90;0,50;98,50;107,20;-0,40;4,50;20;3,80;4,20;
2026-07-11 14:51:00.0;OFF;ON;50;4,30;5,40;3,90;0,50;98,50;107,20;-0,40;4,50;20;3,80;4,20;
2026-07-11 14:52:00.0;OFF;ON;50;4,30;5,40;3,90;0,50;98,50;107,20;-0,40;4,50;20;3,80;4,20;
2026-07-11 14:53:00.0;OFF;ON;50;4,30;5,40;3,90;0,50;98,50;107,20;-0,50;4,50;20;3,80;4,20;
2026-07-11 14:54:00.0;OFF;ON;50;4,30;5,40;3,90;0,50;98,50;107,30;-0,40;4,50;20;3,80;4,20;
2026-07-11 14:55:00.0;OFF;ON;50;4,30;5,40;3,90;0,50;98,50;107,30;-0,40;4,50;20;3,80;4,20;
2026-07-11 14:56:00.0;OFF;ON;50;4,30;5,40;3,90;0,50;98,50;107,30;-0,40;4,50;20;3,80;4,20;
2026-07-11 14:57:00.0;OFF;ON;50;4,30;5,40;3,90;0,50;98,50;107,30;-0,50;4,50;20;3,80;4,20;
2026-07-11 14:58:00.0;OFF;ON;50;4,40;5,40;3,90;0,50;98,50;107,30;-0,50;4,50;20;3,80;4,20;
2026-07-11 14:59:00.0;OFF;ON;50;4,20;5,40;3,90;0,50;98,50;107,30;-0,40;4,50;20;3,80;4,20;
2026-07-11 15:00:00.0;OFF;ON;50;4,40;5,40;3,90;0,50;98,50;107,30;-0,50;4,50;20;3,80;4,20;
2026-07-11 15:01:00.0;OFF;ON;50;4,30;5,40;3,90;0,50;98,50;107,30;-0,40;4,50;20;3,80;4,20;
2026-07-11 15:02:00.0;OFF;ON;50;4,30;5,40;3,90;0,50;98,50;107,20;-0,40;4,50;20;3,80;4,20;
2026-07-11 15:03:00.0;OFF;ON;50;4,30;5,40;3,90;0,50;98,50;107,20;-0,50;4,50;20;3,80;4,20;
2026-07-11 15:04:00.0;OFF;ON;50;4,30;5,40;3,90;0,50;98,50;107,30;-0,40;4,50;20;3,80;4,20;
2026-07-11 15:05:00.0;OFF;ON;50;4,40;5,40;3,90;0,50;98,50;107,30;-0,50;4,50;20;3,80;4,20;
2026-07-11 15:06:00.0;OFF;ON;50;4,40;5,40;3,90;0,50;98,50;107,30;-0,50;4,50;20;3,80;4,20;
2026-07-11 15:07:00.0;OFF;ON;50;4,40;5,40;3,90;0,50;98,50;107,30;-0,50;4,50;20;3,80;4,20;
2026-07-11 15:08:00.0;OFF;ON;50;4,30;5,40;3,90;0,50;98,50;107,30;-0,40;4,50;20;3,80;4,20;
2026-07-11 15:09:00.0;OFF;ON;50;4,40;5,40;3,90;0,50;98,50;107,30;-0,50;4,50;20;3,80;4,20;
2026-07-11 15:10:00.0;OFF;ON;50;4,40;5,40;3,90;0,50;98,50;107,30;-0,50;4,50;20;3,80;4,20;
2026-07-11 15:11:00.0;OFF;ON;50;4,20;5,40;3,90;0,50;98,50;107,30;-0,30;4,50;20;3,80;4,20;
2026-07-11 15:12:00.0;OFF;ON;50;4,30;5,40;3,90;0,50;98,50;107,30;-0,40;4,50;20;3,80;4,20;
2026-07-11 15:13:00.0;OFF;ON;50;4,30;5,40;3,90;0,50;98,50;107,30;-0,40;4,50;20;3,80;4,30;
2026-07-11 15:14:00.0;OFF;ON;50;4,40;5,40;3,90;0,50;98,50;107,30;-0,50;4,50;20;3,80;4,30;
2026-07-11 15:15:00.0;OFF;ON;50;4,30;5,40;3,90;0,50;98,50;107,30;-0,40;4,50;20;3,80;4,30;
2026-07-11 15:16:00.0;OFF;ON;50;4,40;5,40;3,90;0,50;98,50;107,30;-0,50;4,50;20;3,80;4,30;
2026-07-11 15:17:00.0;OFF;ON;50;4,40;5,40;3,90;0,50;98,50;107,30;-0,50;4,50;20;3,80;4,30;
2026-07-11 15:18:00.0;OFF;ON;50;4,40;5,40;3,90;0,50;98,50;107,30;-0,50;4,50;20;3,80;4,30;
2026-07-11 15:19:00.0;OFF;ON;50;4,30;5,40;3,90;0,50;98,50;107,30;-0,30;4,50;20;3,80;4,30;
2026-07-11 15:20:00.0;OFF;ON;50;4,40;5,40;3,90;0,50;98,50;107,20;-0,50;4,50;20;3,80;4,30;
2026-07-11 15:21:00.0;OFF;ON;50;4,40;5,40;3,90;0,50;98,50;107,20;-0,50;4,50;20;3,80;4,30;
2026-07-11 15:22:00.0;OFF;ON;50;4,30;5,40;3,90;0,50;98,50;107,20;-0,40;4,50;20;3,80;4,30;
2026-07-11 15:23:00.0;OFF;ON;50;4,30;5,40;3,90;0,50;98,50;107,20;-0,40;4,50;20;3,80;4,30;
2026-07-11 15:24:00.0;OFF;ON;50;4,30;5,40;3,90;0,50;98,50;107,20;-0,40;4,50;20;3,80;4,30;
2026-07-11 15:25:00.0;OFF;ON;50;4,40;5,40;3,90;0,50;98,50;107,20;-0,40;4,50;20;3,80;4,30;
2026-07-11 15:26:00.0;OFF;ON;50;4,30;5,40;3,90;0,50;98,50;107,30;-0,30;4,50;20;3,80;4,30;
2026-07-11 15:27:00.0;OFF;ON;50;4,30;5,40;3,90;0,50;98,50;107,30;-0,40;4,50;20;3,80;4,30;
2026-07-11 15:28:00.0;OFF;ON;50;4,30;5,40;3,90;0,50;98,50;107,20;-0,40;4,50;20;3,80;4,30;
2026-07-11 15:29:00.0;OFF;ON;50;4,40;5,40;3,90;0,50;98,50;107,30;-0,50;4,50;20;3,80;4,30;
2026-07-11 15:30:00.0;OFF;ON;50;4,30;5,40;3,90;0,50;98,50;107,30;-0,40;4,50;20;3,80;4,30;
2026-07-11 15:31:00.0;OFF;ON;50;4,40;5,40;3,90;0,50;98,50;107,30;-0,50;4,50;20;3,80;4,30;
2026-07-11 15:32:00.0;OFF;ON;50;4,40;5,40;3,90;0,50;98,50;107,30;-0,50;4,50;20;3,80;4,30;
2026-07-11 15:33:00.0;OFF;ON;50;4,40;5,40;3,90;0,50;98,50;107,30;-0,50;4,50;20;3,80;4,30;
2026-07-11 15:34:00.0;OFF;ON;50;4,40;5,40;3,90;0,50;98,50;107,30;-0,50;4,50;20;3,80;4,30;
2026-07-11 15:35:00.0;OFF;ON;50;4,40;5,40;3,90;0,50;98,50;107,30;-0,50;4,50;20;3,80;4,30;
2026-07-11 15:36:00.0;OFF;ON;50;4,30;5,50;4;0,50;98,50;107,30;-0,40;4,50;20;3,80;4,30;
2026-07-11 15:37:00.0;OFF;ON;50;4,40;5,40;3,90;0,50;98,50;107,30;-0,40;4,50;20;3,80;4,30;
2026-07-11 15:38:00.0;OFF;ON;50;4,40;5,40;3,90;0,50;98,50;107,30;-0,50;4,50;20;3,80;4,30;
2026-07-11 15:39:00.0;OFF;ON;50;4,40;5,40;3,90;0,50;98,50;107,30;-0,50;4,50;20;3,80;4,30;
2026-07-11 15:40:00.0;OFF;ON;50;4,30;5,40;3,90;0,50;98,50;107,30;-0,30;4,50;20;3,90;4,30;
2026-07-11 15:41:00.0;OFF;ON;50;4,40;5,40;3,90;0,50;98,50;107,30;-0,40;4,50;20;3,80;4,30;
2026-07-11 15:42:00.0;OFF;ON;50;4,50;5,50;4;0,50;98,50;107,30;-0,50;4,50;20;3,80;4,30;
2026-07-11 15:43:00.0;OFF;ON;50;4,50;5,50;4;0,50;98,50;107,30;-0,50;4,50;20;3,90;4,30;
2026-07-11 15:44:00.0;OFF;ON;50;4,50;5,40;3,90;0,50;98,50;107,30;-0,50;4,50;20;3,80;4,30;
2026-07-11 15:45:00.0;OFF;ON;50;4,50;5,50;4;0,50;98,50;107,30;-0,50;4,50;20;3,80;4,30;
2026-07-11 15:46:00.0;OFF;ON;50;4,40;5,50;4;0,50;98,50;107,20;-0,50;4,50;20;3,90;4,30;
2026-07-11 15:47:00.0;OFF;ON;50;4,40;5,50;4;0,50;98,40;107,20;-0,50;4,50;20;3,90;4,30;
2026-07-11 15:48:00.0;OFF;ON;50;4,40;5,50;4;0,50;98,50;107,20;-0,40;4,50;20;3,90;4,30;
2026-07-11 15:49:00.0;OFF;ON;50;4,40;5,50;4;0,50;98,50;107,20;-0,40;4,50;20;3,90;4,30;
2026-07-11 15:50:00.0;OFF;ON;50;4,40;5,50;4;0,50;98,50;107,20;-0,50;4,50;20;3,90;4,30;
2026-07-11 15:51:00.0;OFF;ON;50;4,40;5,50;4;0,50;98,50;107,20;-0,50;4,50;20;3,90;4,30;
2026-07-11 15:52:00.0;OFF;ON;50;4,40;5,50;4;0,50;98,50;107,20;-0,40;4,50;20;3,90;4,30;
2026-07-11 15:53:00.0;OFF;ON;50;4,40;5,50;4;0,50;98,50;107,20;-0,40;4,50;20;3,90;4,30;
2026-07-11 15:54:00.0;OFF;ON;50;4,30;5,50;4;0,50;98,50;107,20;-0,40;4,50;20;3,90;4,30;
2026-07-11 15:55:00.0;OFF;ON;50;4,50;5,50;4;0,50;98,50;107,30;-0,50;4,50;20;3,90;4,30;
2026-07-11 15:56:00.0;OFF;ON;50;4,40;5,50;4;0,50;98,50;107,20;-0,40;4,50;20;3,90;4,30;
2026-07-11 15:57:00.0;OFF;ON;50;4,50;5,50;4;0,50;98,50;107,30;-0,50;4,50;20;3,90;4,30;
2026-07-11 15:58:00.0;OFF;ON;50;4,50;5,50;4;0,50;98,50;107,20;-0,50;4,50;20;3,90;4,30;
2026-07-11 15:59:00.0;OFF;ON;50;4,40;5,50;4;0,50;98,50;107,20;-0,40;4,50;20;3,90;4,30;
2026-07-11 16:00:00.0;OFF;ON;50;4,40;5,50;4;0,50;98,50;107,20;-0,40;4,50;20;3,90;4,30;
2026-07-11 16:01:00.0;OFF;ON;50;4,40;5,50;4;0,50;98,40;107,20;-0,50;4,50;20;3,90;4,30;
2026-07-11 16:02:00.0;OFF;ON;50;4,30;5,50;4;0,50;98,40;107,20;-0,40;4,50;20;3,90;4,30;
2026-07-11 16:03:00.0;OFF;ON;50;4,30;5,50;4;0,50;98,50;107,30;-0,30;4,50;20;3,90;4,30;
2026-07-11 16:04:00.0;OFF;ON;50;4,50;5,50;4;0,50;98,40;107,30;-0,40;4,50;20;3,90;4,30;
2026-07-11 16:05:00.0;OFF;ON;50;4,50;5,50;4;0,50;98,40;107,30;-0,50;4,50;20;3,90;4,30;
2026-07-11 16:06:00.0;OFF;ON;50;4,50;5,50;4;0,50;98,40;107,30;-0,50;4,50;20;3,90;4,30;
2026-07-11 16:07:00.0;OFF;ON;50;4,40;5,50;4;0,50;98,40;107,30;-0,40;4,50;20;3,90;4,30;
2026-07-11 16:08:00.0;OFF;ON;50;4,40;5,50;4;0,50;98,40;107,30;-0,40;4,50;20;3,90;4,30;
2026-07-11 16:09:00.0;OFF;ON;50;4,40;5,50;4;0,50;98,40;107,30;-0,40;4,50;20;3,90;4,30;
2026-07-11 16:10:00.0;OFF;ON;50;4,40;5,50;4;0,50;98,50;107,30;-0,40;4,50;20;3,90;4,30;
2026-07-11 16:11:00.0;OFF;ON;50;4,40;5,50;4;0,50;98,50;107,30;-0,40;4,50;20;3,90;4,30;
2026-07-11 16:12:00.0;OFF;ON;50;4,50;5,50;4;0,50;98,40;107,30;-0,50;4,50;20;3,90;4,30;
2026-07-11 16:13:00.0;OFF;ON;50;4,40;5,50;4;0,50;98,40;107,30;-0,40;4,50;20;3,90;4,30;
2026-07-11 16:14:00.0;OFF;ON;50;4,40;5,50;4;0,50;98,40;107,30;-0,40;4,50;20;3,90;4,30;
2026-07-11 16:15:00.0;OFF;ON;50;4,30;5,50;4;0,50;98,40;107,30;-0,30;4,50;20;3,90;4,30;
2026-07-11 16:16:00.0;OFF;ON;50;4,40;5,50;4;0,50;98,40;107,30;-0,40;4,50;20;3,90;4,30;
2026-07-11 16:17:00.0;OFF;ON;50;4,50;5,50;4;0,50;98,40;107,30;-0,50;4,50;20;3,90;4,30;
2026-07-11 16:18:00.0;OFF;ON;50;4,50;5,50;4;0,50;98,40;107,30;-0,50;4,50;20;3,90;4,30;
2026-07-11 16:19:00.0;OFF;ON;50;4,50;5,50;4;0,50;98,40;107,30;-0,50;4,50;20;3,90;4,40;
2026-07-11 16:20:00.0;OFF;ON;50;4,40;5,50;4;0,50;98,40;107,30;-0,40;4,50;20;3,90;4,40;
2026-07-11 16:21:00.0;OFF;ON;50;4,50;5,50;4;0,50;98,40;107,30;-0,50;4,50;20;3,90;4,40;
2026-07-11 16:22:00.0;OFF;ON;50;4,50;5,50;4;0,50;98,40;107,30;-0,50;4,50;20;3,90;4,40;
2026-07-11 16:23:00.0;OFF;ON;50;4,50;5,50;4;0,50;98,40;107,30;-0,50;4,50;20;3,90;4,40;
2026-07-11 16:24:00.0;OFF;ON;50;4,50;5,50;4;0,50;98,40;107,30;-0,50;4,50;20;3,90;4,40;
2026-07-11 16:25:00.0;OFF;ON;50;4,40;5,50;4;0,50;98,40;107,30;-0,40;4,50;20;3,90;4,40;
2026-07-11 16:26:00.0;OFF;ON;50;4,50;5,50;4;0,50;98,40;107,30;-0,40;4,50;20;3,90;4,40;
2026-07-11 16:27:00.0;OFF;ON;50;4,50;5,50;4;0,50;98,40;107,30;-0,40;4,50;20;3,90;4,40;
2026-07-11 16:28:00.0;OFF;ON;50;4,50;5,50;4;0,50;98,40;107,30;-0,40;4,50;20;3,90;4,40;
2026-07-11 16:29:00.0;OFF;ON;50;4,40;5,50;4;0,50;98,40;107,30;-0,40;4,50;20;3,90;4,40;
2026-07-11 16:30:00.0;OFF;ON;50;4,40;5,50;4;0,50;98,40;107,30;-0,40;4,50;20;3,90;4,40;
2026-07-11 16:31:00.0;OFF;ON;50;4,40;5,50;4;0,50;98,40;107,30;-0,40;4,50;20;3,90;4,40;
2026-07-11 16:32:00.0;OFF;ON;50;4,40;5,50;4;0,50;98,40;107,30;-0,30;4,50;20;3,90;4,40;
2026-07-11 16:33:00.0;OFF;ON;50;4,40;5,50;4;0,50;98,40;107,30;-0,30;4,50;20;3,90;4,40;
2026-07-11 16:34:00.0;OFF;ON;50;4,50;5,50;4;0,50;98,40;107,30;-0,40;4,50;20;3,90;4,40;
2026-07-11 16:35:00.0;OFF;ON;50;4,40;5,50;4;0,50;98,40;107,30;-0,40;4,50;20;3,90;4,40;
2026-07-11 16:36:00.0;OFF;ON;50;4,50;5,50;4;0,50;98,40;107,30;-0,50;4,50;20;3,90;4,40;
2026-07-11 16:37:00.0;OFF;ON;50;4,50;5,50;4;0,50;98,40;107,30;-0,40;4,50;20;3,90;4,40;
2026-07-11 16:38:00.0;OFF;ON;50;4,40;5,50;4;0,50;98,40;107,30;-0,40;4,50;20;3,90;4,40;
2026-07-11 16:39:00.0;OFF;ON;50;4,40;5,50;4;0,50;98,40;107,30;-0,40;4,50;20;3,90;4,40;
2026-07-11 16:40:00.0;OFF;ON;50;4,50;5,50;4;0,50;98,40;107,30;-0,50;4,50;20;3,90;4,40;
2026-07-11 16:41:00.0;OFF;ON;50;4,50;5,50;4;0,50;98,40;107,30;-0,50;4,50;20;3,90;4,40;
2026-07-11 16:42:00.0;OFF;ON;50;4,50;5,60;4,10;0,50;98,40;107,30;-0,40;4,50;20;3,90;4,40;
2026-07-11 16:43:00.0;OFF;ON;50;4,50;5,50;4;0,50;98,40;107,30;-0,50;4,50;20;3,90;4,40;
2026-07-11 16:44:00.0;OFF;ON;50;4,40;5,50;4;0,50;98,40;107,30;-0,40;4,50;20;3,90;4,40;
2026-07-11 16:45:00.0;OFF;ON;50;4,40;5,50;4;0,50;98,40;107,30;-0,40;4,50;20;3,90;4,40;
2026-07-11 16:46:00.0;OFF;ON;50;4,40;5,50;4;0,50;98,40;107,30;-0,40;4,50;20;3,90;4,40;
2026-07-11 16:47:00.0;OFF;ON;50;4,40;5,50;4;0,50;98,40;107,30;-0,40;4,50;20;3,90;4,40;
2026-07-11 16:48:00.0;OFF;ON;50;4,50;5,50;4;0,50;98,40;107,30;-0,40;4,50;20;3,90;4,40;
2026-07-11 16:49:00.0;OFF;ON;50;4,50;5,50;4;0,50;98,40;107,30;-0,50;4,50;20;3,90;4,40;
2026-07-11 16:50:00.0;OFF;ON;50;4,50;5,50;4;0,50;98,40;107,30;-0,50;4,50;20;3,90;4,40;
2026-07-11 16:51:00.0;OFF;ON;50;4,40;5,50;4;0,50;98,40;107,30;-0,40;4,50;20;3,90;4,40;
2026-07-11 16:52:00.0;OFF;ON;50;4,50;5,60;4,10;0,50;98,40;107,30;-0,40;4,50;20;3,90;4,40;
2026-07-11 16:53:00.0;OFF;ON;50;4,40;5,60;4,10;0,50;98,40;107,30;-0,40;4,50;20;4;4,40;
2026-07-11 16:54:00.0;OFF;ON;50;4,50;5,60;4,10;0,50;98,40;107,30;-0,50;4,50;20;4;4,40;
2026-07-11 16:55:00.0;OFF;ON;50;4,40;5,60;4,10;0,50;98,40;107,30;-0,30;4,50;20;4;4,40;
2026-07-11 16:56:00.0;OFF;ON;50;4,60;5,60;4,10;0,50;98,40;107,30;-0,50;4,50;20;3,90;4,40;
2026-07-11 16:57:00.0;OFF;ON;50;4,60;5,60;4,10;0,50;98,40;107,30;-0,50;4,50;20;3,90;4,40;
2026-07-11 16:58:00.0;OFF;ON;50;4,50;5,60;4,10;0,50;98,40;107,30;-0,40;4,50;20;3,90;4,40;
2026-07-11 16:59:00.0;OFF;ON;50;4,50;5,60;4,10;0,50;98,40;107,30;-0,50;4,50;20;4;4,40;
2026-07-11 17:00:00.0;OFF;ON;50;4,40;5,60;4,10;0,50;98,40;107,30;-0,40;4,50;20;4;4,40;
2026-07-11 17:01:00.0;OFF;ON;50;4,40;5,60;4,10;0,50;98,40;107,30;-0,40;4,50;20;4;4,40;
2026-07-11 17:02:00.0;OFF;ON;50;4,40;5,60;4,10;0,50;98,40;107,30;-0,40;4,50;20;4;4,40;
2026-07-11 17:03:00.0;OFF;ON;50;4,40;5,60;4,10;0,50;98,40;107,30;-0,40;4,50;20;4;4,40;
2026-07-11 17:04:00.0;OFF;ON;50;4,40;5,60;4,10;0,50;98,40;107,30;-0,40;4,50;20;4;4,40;
2026-07-11 17:05:00.0;OFF;ON;50;4,50;5,60;4,10;0,50;98,40;107,30;-0,40;4,50;20;4;4,40;
2026-07-11 17:06:00.0;OFF;ON;50;4,50;5,60;4,10;0,50;98,40;107,30;-0,40;4,50;20;4;4,40;
2026-07-11 17:07:00.0;OFF;ON;50;4,50;5,60;4,10;0,50;98,40;107,30;-0,40;4,50;20;4;4,40;
2026-07-11 17:08:00.0;OFF;ON;50;4,40;5,60;4,10;0,50;98,40;107,30;-0,30;4,50;20;4;4,40;
2026-07-11 17:09:00.0;OFF;ON;50;4,60;5,60;4,10;0,50;98,40;107,30;-0,50;4,50;20;4;4,40;
2026-07-11 17:10:00.0;OFF;ON;50;4,50;5,60;4,10;0,50;98,40;107,30;-0,40;4,50;20;4;4,40;
2026-07-11 17:11:00.0;OFF;ON;50;4,40;5,60;4,10;0,50;98,40;107,30;-0,30;4,50;20;4;4,40;
2026-07-11 17:12:00.0;OFF;ON;50;4,50;5,60;4,10;0,50;98,40;107,30;-0,40;4,50;20;4;4,40;
2026-07-11 17:13:00.0;OFF;ON;50;4,50;5,60;4,10;0,60;98,40;107,30;-0,40;4,50;20;4;4,40;
2026-07-11 17:14:00.0;OFF;ON;50;4,60;5,60;4,10;0,60;98,40;107,30;-0,50;4,50;20;4;4,40;
2026-07-11 17:15:00.0;OFF;ON;50;4,60;5,60;4,10;0,60;98,40;107,30;-0,50;4,50;20;4;4,40;
2026-07-11 17:16:00.0;OFF;ON;50;4,40;5,60;4,10;0,60;98,40;107,30;-0,40;4,50;20;4;4,40;
2026-07-11 17:17:00.0;OFF;ON;50;4,60;5,60;4,10;0,60;98,40;107,30;-0,50;4,50;20;4;4,40;
2026-07-11 17:18:00.0;OFF;ON;50;4,40;5,60;4,10;0,60;98,40;107,30;-0,40;4,50;20;4;4,40;
2026-07-11 17:19:00.0;OFF;ON;50;4,60;5,60;4,10;0,60;98,40;107,30;-0,50;4,50;20;4;4,40;
2026-07-11 17:20:00.0;OFF;ON;50;4,40;5,60;4,10;0,60;98,40;107,30;-0,30;4,50;20;4;4,40;
2026-07-11 17:21:00.0;OFF;ON;50;4,60;5,60;4,10;0,60;98,40;107,30;-0,50;4,50;20;4;4,40;
2026-07-11 17:22:00.0;OFF;ON;50;4,50;5,60;4,10;0,60;98,40;107,30;-0,40;4,50;20;4;4,40;
2026-07-11 17:23:00.0;OFF;ON;50;4,40;5,60;4,10;0,60;98,40;107,30;-0,30;4,50;20;4;4,40;
2026-07-11 17:24:00.0;OFF;ON;50;4,50;5,60;4,10;0,60;98,40;107,30;-0,40;4,50;20;4;4,40;
2026-07-11 17:25:00.0;OFF;ON;50;4,50;5,60;4,10;0,60;98,40;107,30;-0,40;4,50;20;4;4,40;
2026-07-11 17:26:00.0;OFF;ON;50;4,60;5,60;4,10;0,60;98,40;107,30;-0,50;4,50;20;4;4,40;
2026-07-11 17:27:00.0;OFF;ON;50;4,60;5,60;4,10;0,60;98,40;107,30;-0,50;4,50;20;4;4,40;
2026-07-11 17:28:00.0;OFF;ON;50;4,50;5,60;4,10;0,60;98,40;107,30;-0,40;4,50;20;4;4,40;
2026-07-11 17:29:00.0;OFF;ON;50;4,40;5,60;4,10;0,60;98,40;107,30;-0,30;4,50;20;4;4,40;
2026-07-11 17:30:00.0;OFF;ON;50;4,50;5,60;4,10;0,60;98,40;107,30;-0,40;4,50;20;4;4,40;
2026-07-11 17:31:00.0;OFF;ON;50;4,50;5,60;4,10;0,60;98,40;107,30;-0,40;4,50;20;4;4,40;
2026-07-11 17:32:00.0;OFF;ON;50;4,50;5,60;4,10;0,60;98,40;107,30;-0,30;4,50;20;4;4,40;
2026-07-11 17:33:00.0;OFF;ON;50;4,50;5,60;4,10;0,60;98,40;107,30;-0,40;4,50;20;4;4,40;
2026-07-11 17:34:00.0;OFF;ON;50;4,60;5,60;4,10;0,60;98,40;107,30;-0,50;4,50;20;4;4,40;
2026-07-11 17:35:00.0;OFF;ON;50;4,60;5,60;4,10;0,60;98,40;107,30;-0,50;4,50;20;4;4,40;
2026-07-11 17:36:00.0;OFF;ON;50;4,50;5,60;4,10;0,60;98,40;107,30;-0,30;4,50;20;4;4,40;
2026-07-11 17:37:00.0;OFF;ON;50;4,50;5,60;4,10;0,60;98,40;107,30;-0,40;4,50;20;4;4,50;
2026-07-11 17:38:00.0;OFF;ON;50;4,50;5,60;4,10;0,60;98,40;107,30;-0,40;4,50;20;4;4,50;
2026-07-11 17:39:00.0;OFF;ON;50;4,50;5,60;4,10;0,60;98,40;107,30;-0,40;4,50;20;4;4,50;
2026-07-11 17:40:00.0;OFF;ON;50;4,50;5,60;4,10;0,60;98,40;107,30;-0,40;4,50;20;4;4,50;
2026-07-11 17:41:00.0;OFF;ON;50;4,50;5,60;4,10;0,60;98,40;107,30;-0,40;4,50;20;4;4,50;
2026-07-11 17:42:00.0;OFF;ON;50;4,50;5,60;4,10;0,60;98,40;107,30;-0,40;4,50;20;4;4,50;
2026-07-11 17:43:00.0;OFF;ON;50;4,50;5,60;4,10;0,60;98,40;107,30;-0,40;4,50;20;4;4,50;
2026-07-11 17:44:00.0;OFF;ON;50;4,60;5,60;4,10;0,60;98,40;107,30;-0,40;4,50;20;4;4,50;
2026-07-11 17:45:00.0;OFF;ON;50;4,60;5,60;4,10;0,60;98,40;107,30;-0,50;4,50;20;4;4,50;
2026-07-11 17:46:00.0;OFF;ON;50;4,50;5,60;4,10;0,60;98,40;107,30;-0,40;4,50;20;4;4,50;
2026-07-11 17:47:00.0;OFF;ON;50;4,60;5,60;4,10;0,60;98,40;107,40;-0,50;4,50;20;4;4,50;
2026-07-11 17:48:00.0;OFF;ON;50;4,50;5,60;4,10;0,60;98,40;107,30;-0,30;4,50;20;4;4,50;
2026-07-11 17:49:00.0;OFF;ON;50;4,60;5,60;4,10;0,60;98,40;107,40;-0,50;4,50;20;4;4,50;
2026-07-11 17:50:00.0;OFF;ON;50;4,60;5,60;4,10;0,60;98,40;107,40;-0,50;4,50;20;4;4,50;
2026-07-11 17:51:00.0;OFF;ON;50;4,60;5,60;4,10;0,60;98,40;107,30;-0,50;4,50;20;4;4,50;
2026-07-11 17:52:00.0;OFF;ON;50;4,50;5,60;4,10;0,60;98,40;107,30;-0,40;4,50;20;4;4,50;
2026-07-11 17:53:00.0;OFF;ON;50;4,50;5,60;4,10;0,60;98,40;107,40;-0,40;4,50;20;4;4,50;
2026-07-11 17:54:00.0;OFF;ON;50;4,60;5,60;4,10;0,60;98,40;107,40;-0,50;4,50;20;4;4,50;
2026-07-11 17:55:00.0;OFF;ON;50;4,50;5,60;4,10;0,60;98,40;107,30;-0,40;4,50;20;4;4,50;
2026-07-11 17:56:00.0;OFF;ON;50;4,50;5,60;4,10;0,60;98,40;107,40;-0,40;4,50;20;4;4,50;
2026-07-11 17:57:00.0;OFF;ON;50;4,50;5,70;4,20;0,60;98,40;107,30;-0,40;4,50;20;4;4,50;
2026-07-11 17:58:00.0;OFF;ON;50;4,60;5,60;4,10;0,60;98,40;107,40;-0,50;4,50;20;4;4,50;
2026-07-11 17:59:00.0;OFF;ON;50;4,50;5,60;4,10;0,60;98,40;107,40;-0,40;4,50;20;4;4,50;
2026-07-11 18:00:00.0;OFF;ON;50;4,50;5,60;4,10;0,60;98,40;107,40;-0,40;4,50;20;4;4,50;
2026-07-11 18:01:00.0;OFF;ON;50;4,60;5,60;4,10;0,60;98,40;107,30;-0,40;4,50;20;4;4,50;
2026-07-11 18:02:00.0;OFF;ON;50;4,50;5,60;4,10;0,60;98,40;107,40;-0,30;4,50;20;4;4,50;
2026-07-11 18:03:00.0;OFF;ON;50;4,50;5,70;4,20;0,60;98,40;107,40;-0,30;4,50;20;4;4,50;
2026-07-11 18:04:00.0;OFF;ON;50;4,60;5,70;4,20;0,60;98,40;107,40;-0,50;4,50;20;4;4,50;
2026-07-11 18:05:00.0;OFF;ON;50;4,60;5,60;4,10;0,60;98,40;107,40;-0,50;4,50;20;4;4,50;
2026-07-11 18:06:00.0;OFF;ON;50;4,60;5,60;4,10;0,60;98,40;107,30;-0,50;4,50;20;4;4,50;
2026-07-11 18:07:00.0;OFF;ON;50;4,50;5,70;4,20;0,60;98,40;107,40;-0,30;4,50;20;4;4,50;
2026-07-11 18:08:00.0;OFF;ON;50;4,60;5,70;4,20;0,60;98,40;107,30;-0,40;4,50;20;4;4,50;
2026-07-11 18:09:00.0;OFF;ON;50;4,50;5,70;4,20;0,60;98,40;107,30;-0,40;4,50;20;4;4,50;
2026-07-11 18:10:00.0;OFF;ON;50;4,60;5,70;4,20;0,60;98,40;107,40;-0,40;4,50;20;4,10;4,50;
2026-07-11 18:11:00.0;OFF;ON;50;4,60;5,70;4,20;0,60;98,40;107,40;-0,40;4,50;20;4,10;4,50;
2026-07-11 18:12:00.0;OFF;ON;50;4,60;5,70;4,20;0,60;98,40;107,30;-0,50;4,50;20;4;4,50;
2026-07-11 18:13:00.0;OFF;ON;50;4,50;5,70;4,20;0,60;98,40;107,30;-0,40;4,50;20;4;4,50;
2026-07-11 18:14:00.0;OFF;ON;50;4,60;5,70;4,20;0,60;98,40;107,40;-0,40;4,50;20;4,10;4,50;
2026-07-11 18:15:00.0;OFF;ON;50;4,50;5,70;4,20;0,60;98,40;107,30;-0,30;4,50;20;4,10;4,50;
2026-07-11 18:16:00.0;OFF;ON;50;4,60;5,70;4,20;0,60;98,40;107,30;-0,50;4,50;20;4;4,50;
2026-07-11 18:17:00.0;OFF;ON;50;4,60;5,70;4,20;0,60;98,40;107,40;-0,40;4,50;20;4,10;4,50;
2026-07-11 18:18:00.0;OFF;ON;50;4,60;5,70;4,20;0,60;98,40;107,40;-0,40;4,50;20;4,10;4,50;
2026-07-11 18:19:00.0;OFF;ON;50;4,50;5,70;4,20;0,60;98,40;107,30;-0,40;4,50;20;4,10;4,50;
2026-07-11 18:20:00.0;OFF;ON;50;4,60;5,70;4,20;0,60;98,40;107,30;-0,50;4,50;20;4,10;4,50;
2026-07-11 18:21:00.0;OFF;ON;50;4,70;5,70;4,20;0,60;98,40;107,40;-0,50;4,50;20;4,10;4,50;
2026-07-11 18:22:00.0;OFF;ON;50;4,60;5,70;4,20;0,60;98,40;107,30;-0,40;4,50;20;4,10;4,50;
2026-07-11 18:23:00.0;OFF;ON;50;4,60;5,70;4,20;0,60;98,40;107,30;-0,40;4,50;20;4,10;4,50;
2026-07-11 18:24:00.0;OFF;ON;50;4,50;5,70;4,20;0,60;98,40;107,30;-0,40;4,50;20;4,10;4,50;
2026-07-11 18:25:00.0;OFF;ON;50;4,50;5,70;4,20;0,60;98,40;107,40;-0,40;4,50;20;4,10;4,50;
2026-07-11 18:26:00.0;OFF;ON;50;4,60;5,70;4,20;0,60;98,40;107,40;-0,40;4,50;20;4,10;4,50;
2026-07-11 18:27:00.0;OFF;ON;50;4,50;5,70;4,20;0,60;98,40;107,40;-0,30;4,50;20;4,10;4,50;
2026-07-11 18:28:00.0;OFF;ON;50;4,50;5,70;4,20;0,60;98,40;107,40;-0,40;4,50;20;4,10;4,50;
2026-07-11 18:29:00.0;OFF;ON;50;4,50;5,70;4,20;0,60;98,40;107,30;-0,30;4,50;20;4,10;4,50;
2026-07-11 18:30:00.0;OFF;ON;50;4,60;5,70;4,20;0,60;98,40;107,40;-0,50;4,50;20;4,10;4,50;
2026-07-11 18:31:00.0;OFF;ON;50;4,60;5,70;4,20;0,60;98,40;107,40;-0,40;4,50;20;4,10;4,50;
2026-07-11 18:32:00.0;OFF;ON;50;4,60;5,70;4,20;0,60;98,40;107,40;-0,40;4,50;20;4,10;4,50;
2026-07-11 18:33:00.0;OFF;ON;50;4,50;5,70;4,20;0,60;98,40;107,40;-0,40;4,50;20;4,10;4,50;
2026-07-11 18:34:00.0;OFF;ON;50;4,60;5,70;4,20;0,60;98,40;107,40;-0,40;4,50;20;4,10;4,50;
2026-07-11 18:35:00.0;OFF;ON;50;4,70;5,70;4,20;0,60;98,40;107,40;-0,50;4,50;20;4,10;4,50;
2026-07-11 18:36:00.0;OFF;ON;50;4,60;5,70;4,20;0,60;98,40;107,30;-0,40;4,50;20;4,10;4,50;
2026-07-11 18:37:00.0;OFF;ON;50;4,60;5,70;4,20;0,60;98,40;107,30;-0,40;4,50;20;4,10;4,50;
2026-07-11 18:38:00.0;OFF;ON;50;4,60;5,70;4,20;0,60;98,40;107,30;-0,40;4,50;20;4,10;4,50;
2026-07-11 18:39:00.0;OFF;ON;50;4,60;5,70;4,20;0,60;98,40;107,40;-0,40;4,50;20;4,10;4,50;
2026-07-11 18:40:00.0;OFF;ON;50;4,60;5,70;4,20;0,60;98,40;107,30;-0,40;4,50;20;4,10;4,50;
2026-07-11 18:41:00.0;OFF;ON;50;4,70;5,70;4,20;0,60;98,40;107,30;-0,50;4,50;20;4,10;4,50;
2026-07-11 18:42:00.0;OFF;ON;50;4,50;5,70;4,20;0,60;98,40;107,40;-0,30;4,50;20;4,10;4,50;
2026-07-11 18:43:00.0;OFF;ON;50;4,60;5,70;4,20;0,60;98,40;107,40;-0,40;4,50;20;4,10;4,50;
2026-07-11 18:44:00.0;OFF;ON;50;4,60;5,70;4,20;0,60;98,40;107,40;-0,40;4,50;20;4,10;4,50;
2026-07-11 18:45:00.0;OFF;ON;50;4,60;5,70;4,20;0,60;98,40;107,40;-0,40;4,50;20;4,10;4,50;
2026-07-11 18:46:00.0;OFF;ON;50;4,60;5,70;4,20;0,60;98,40;107,30;-0,40;4,50;20;4,10;4,50;
2026-07-11 18:47:00.0;OFF;ON;50;4,60;5,70;4,20;0,60;98,50;107,40;-0,40;4,50;20;4,10;4,50;
2026-07-11 18:48:00.0;OFF;ON;50;4,70;5,70;4,20;0,60;98,50;107,40;-0,50;4,50;20;4,10;4,50;
2026-07-11 18:49:00.0;OFF;ON;50;4,70;5,70;4,20;0,60;98,40;107,40;-0,50;4,50;20;4,10;4,50;
2026-07-11 18:50:00.0;OFF;ON;50;4,70;5,70;4,20;0,60;98,40;107,40;-0,40;4,50;20;4,10;4,50;
2026-07-11 18:51:00.0;OFF;ON;50;4,70;5,70;4,20;0,60;98,40;107,40;-0,50;4,50;20;4,10;4,50;
2026-07-11 18:52:00.0;OFF;ON;50;4,70;5,70;4,20;0,60;98,40;107,40;-0,50;4,50;20;4,10;4,50;
2026-07-11 18:53:00.0;OFF;ON;50;4,70;5,70;4,20;0,60;98,40;107,30;-0,50;4,50;20;4,10;4,50;
2026-07-11 18:54:00.0;OFF;ON;50;4,70;5,70;4,20;0,60;98,40;107,30;-0,50;4,50;20;4,10;4,50;
2026-07-11 18:55:00.0;OFF;ON;50;4,60;5,70;4,20;0,60;98,40;107,30;-0,40;4,50;20;4,10;4,50;
2026-07-11 18:56:00.0;OFF;ON;50;4,60;5,70;4,20;0,60;98,40;107,30;-0,40;4,50;20;4,10;4,50;
2026-07-11 18:57:00.0;OFF;ON;50;4,60;5,70;4,20;0,60;98,40;107,40;-0,40;4,50;20;4,10;4,50;
2026-07-11 18:58:00.0;OFF;ON;50;4,60;5,70;4,20;0,60;98,40;107,40;-0,40;4,50;20;4,10;4,50;
2026-07-11 18:59:00.0;OFF;ON;50;4,70;5,70;4,20;0,70;98,40;107,30;-0,50;4,50;20;4,10;4,50;
2026-07-11 19:00:00.0;OFF;ON;50;4,60;5,70;4,20;0,70;98,40;107,30;-0,40;4,50;20;4,10;4,50;
2026-07-11 19:01:00.0;OFF;ON;50;4,70;5,70;4,20;0,70;98,40;107,40;-0,50;4,50;20;4,10;4,50;
2026-07-11 19:02:00.0;OFF;ON;50;4,60;5,70;4,20;0,70;98,40;107,40;-0,30;4,50;20;4,10;4,50;
2026-07-11 19:03:00.0;OFF;ON;50;4,70;5,70;4,20;0,70;98,40;107,30;-0,40;4,50;20;4,10;4,50;
2026-07-11 19:04:00.0;OFF;ON;50;4,60;5,70;4,20;0,70;98,40;107,30;-0,40;4,50;20;4,10;4,50;
2026-07-11 19:05:00.0;OFF;ON;50;4,60;5,70;4,20;0,70;98,40;107,30;-0,40;4,50;20;4,10;4,50;
2026-07-11 19:06:00.0;OFF;ON;50;4,60;5,70;4,20;0,70;98,40;107,30;-0,40;4,50;20;4,10;4,50;
2026-07-11 19:07:00.0;OFF;ON;50;4,70;5,70;4,20;0,70;98,40;107,40;-0,40;4,50;20;4,10;4,50;
2026-07-11 19:08:00.0;OFF;ON;50;4,60;5,70;4,20;0,70;98,40;107,30;-0,40;4,50;20;4,10;4,50;
2026-07-11 19:09:00.0;OFF;ON;50;4,70;5,70;4,20;0,70;98,40;107,40;-0,40;4,50;20;4,10;4,50;
2026-07-11 19:10:00.0;OFF;ON;50;4,70;5,70;4,20;0,70;98,40;107,30;-0,50;4,50;20;4,10;4,50;
2026-07-11 19:11:00.0;OFF;ON;50;4,70;5,70;4,20;0,70;98,40;107,30;-0,50;4,50;20;4,10;4,50;
2026-07-11 19:12:00.0;OFF;ON;50;4,70;5,70;4,20;0,70;98,40;107,40;-0,50;4,50;20;4,10;4,50;
2026-07-11 19:13:00.0;OFF;ON;50;4,60;5,70;4,20;0,70;98,40;107,40;-0,40;4,50;20;4,10;4,60;
2026-07-11 19:14:00.0;OFF;ON;50;4,60;5,70;4,20;0,70;98,40;107,40;-0,40;4,50;20;4,10;4,60;
2026-07-11 19:15:00.0;OFF;ON;50;4,70;5,70;4,20;0,70;98,40;107,30;-0,40;4,50;20;4,10;4,60;
2026-07-11 19:16:00.0;OFF;ON;50;4,60;5,70;4,20;0,70;98,40;107,30;-0,30;4,50;20;4,10;4,60;
2026-07-11 19:17:00.0;OFF;ON;50;4,60;5,70;4,20;0,70;98,40;107,40;-0,40;4,50;20;4,10;4,60;
2026-07-11 19:18:00.0;OFF;ON;50;4,60;5,70;4,20;0,70;98,40;107,40;-0,40;4,50;20;4,10;4,60;
2026-07-11 19:19:00.0;OFF;ON;50;4,60;5,70;4,20;0,70;98,40;107,40;-0,30;4,50;20;4,10;4,60;
2026-07-11 19:20:00.0;OFF;ON;50;4,70;5,70;4,20;0,70;98,40;107,40;-0,50;4,50;20;4,10;4,60;
2026-07-11 19:21:00.0;OFF;ON;50;4,70;5,80;4,30;0,70;98,40;107,40;-0,40;4,50;20;4,10;4,60;
2026-07-11 19:22:00.0;OFF;ON;50;4,70;5,70;4,20;0,70;98,40;107,40;-0,40;4,50;20;4,10;4,60;
2026-07-11 19:23:00.0;OFF;ON;50;4,70;5,70;4,20;0,70;98,40;107,40;-0,40;4,50;20;4,10;4,60;
2026-07-11 19:24:00.0;OFF;ON;50;4,60;5,70;4,20;0,70;98,40;107,40;-0,30;4,50;20;4,10;4,60;
2026-07-11 19:25:00.0;OFF;ON;50;4,70;5,70;4,20;0,70;98,40;107,40;-0,40;4,50;20;4,10;4,60;
2026-07-11 19:26:00.0;OFF;ON;50;4,70;5,70;4,20;0,70;98,40;107,40;-0,40;4,50;20;4,10;4,60;
2026-07-11 19:27:00.0;OFF;ON;50;4,70;5,70;4,20;0,70;98,40;107,40;-0,50;4,50;20;4,10;4,60;
2026-07-11 19:28:00.0;OFF;ON;50;4,70;5,70;4,20;0,70;98,40;107,40;-0,40;4,50;20;4,10;4,60;
2026-07-11 19:29:00.0;OFF;ON;50;4,70;5,70;4,20;0,70;98,40;107,40;-0,50;4,50;20;4,10;4,60;
2026-07-11 19:30:00.0;OFF;ON;50;4,60;5,70;4,20;0,70;98,40;107,40;-0,40;4,50;20;4,10;4,60;
2026-07-11 19:31:00.0;OFF;ON;50;4,60;5,70;4,20;0,70;98,40;107,40;-0,30;4,50;20;4,10;4,60;
2026-07-11 19:32:00.0;OFF;ON;50;4,70;5,70;4,20;0,70;98,40;107,40;-0,50;4,50;20;4,10;4,60;
2026-07-11 19:33:00.0;OFF;ON;50;4,60;5,70;4,20;0,70;98,40;107,40;-0,40;4,50;20;4,10;4,60;
2026-07-11 19:34:00.0;OFF;ON;50;4,70;5,70;4,20;0,70;98,40;107,40;-0,40;4,50;20;4,10;4,60;
2026-07-11 19:35:00.0;OFF;ON;50;4,70;5,80;4,30;0,70;98,40;107,40;-0,50;4,50;20;4,10;4,60;
2026-07-11 19:36:00.0;OFF;ON;50;4,70;5,80;4,30;0,70;98,40;107,40;-0,40;4,50;20;4,10;4,60;
2026-07-11 19:37:00.0;OFF;ON;50;4,60;5,70;4,20;0,70;98,40;107,40;-0,40;4,50;20;4,10;4,60;
2026-07-11 19:38:00.0;OFF;ON;50;4,70;5,70;4,20;0,70;98,40;107,40;-0,50;4,50;20;4,10;4,60;
2026-07-11 19:39:00.0;OFF;ON;50;4,60;5,70;4,20;0,70;98,40;107,40;-0,30;4,50;20;4,10;4,60;
2026-07-11 19:40:00.0;OFF;ON;50;4,60;5,80;4,30;0,70;98,40;107,40;-0,40;4,50;20;4,10;4,60;
2026-07-11 19:41:00.0;OFF;ON;50;4,60;5,80;4,30;0,70;98,40;107,40;-0,40;4,50;20;4,10;4,60;
2026-07-11 19:42:00.0;OFF;ON;50;4,60;5,80;4,30;0,70;98,40;107,40;-0,30;4,50;20;4,10;4,60;
2026-07-11 19:43:00.0;OFF;ON;50;4,70;5,80;4,30;0,70;98,40;107,40;-0,50;4,50;20;4,10;4,60;
2026-07-11 19:44:00.0;OFF;ON;50;4,70;5,80;4,30;0,70;98,40;107,40;-0,50;4,50;20;4,10;4,60;
2026-07-11 19:45:00.0;OFF;ON;50;4,60;5,80;4,30;0,70;98,40;107,40;-0,30;4,50;20;4,10;4,60;
2026-07-11 19:46:00.0;OFF;ON;50;4,70;5,80;4,30;0,70;98,40;107,40;-0,40;4,50;20;4,20;4,60;
2026-07-11 19:47:00.0;OFF;ON;50;4,70;5,80;4,30;0,70;98,40;107,40;-0,40;4,50;20;4,20;4,60;
2026-07-11 19:48:00.0;OFF;ON;50;4,60;5,80;4,30;0,70;98,40;107,40;-0,30;4,50;20;4,20;4,60;
2026-07-11 19:49:00.0;OFF;ON;50;4,60;5,80;4,30;0,70;98,40;107,40;-0,30;4,50;20;4,20;4,60;
2026-07-11 19:50:00.0;OFF;ON;50;4,70;5,80;4,30;0,70;98,40;107,40;-0,40;4,50;20;4,20;4,60;
2026-07-11 19:51:00.0;OFF;ON;50;4,70;5,80;4,30;0,70;98,40;107,40;-0,40;4,50;20;4,20;4,60;
2026-07-11 19:52:00.0;OFF;ON;50;4,60;5,80;4,30;0,70;98,40;107,40;-0,40;4,50;20;4,20;4,60;
2026-07-11 19:53:00.0;OFF;ON;50;4,60;5,80;4,30;0,70;98,40;107,40;-0,30;4,50;20;4,20;4,60;
2026-07-11 19:54:00.0;OFF;ON;50;4,60;5,80;4,30;0,70;98,40;107,40;-0,40;4,50;20;4,20;4,60;
2026-07-11 19:55:00.0;OFF;ON;50;4,70;5,80;4,30;0,70;98,40;107,40;-0,40;4,50;20;4,20;4,60;
2026-07-11 19:56:00.0;OFF;ON;50;4,60;5,80;4,30;0,70;98,40;107,40;-0,40;4,50;20;4,20;4,60;
2026-07-11 19:57:00.0;OFF;ON;50;4,60;5,80;4,30;0,70;98,40;107,40;-0,30;4,50;20;4,20;4,60;
2026-07-11 19:58:00.0;OFF;ON;50;4,70;5,80;4,30;0,70;98,40;107,40;-0,40;4,50;20;4,20;4,60;
2026-07-11 19:59:00.0;OFF;ON;50;4,80;5,80;4,30;0,70;98,40;107,40;-0,50;4,50;20;4,20;4,60;
2026-07-11 20:00:00.0;OFF;ON;50;4,70;5,80;4,30;0,70;98,40;107,40;-0,40;4,50;20;4,20;4,60;
2026-07-11 20:01:00.0;OFF;ON;50;4,80;5,80;4,30;0,70;98,40;107,40;-0,50;4,50;20;4,20;4,60;
2026-07-11 20:02:00.0;OFF;ON;50;4,70;5,80;4,30;0,70;98,40;107,40;-0,40;4,50;20;4,20;4,60;
2026-07-11 20:03:00.0;OFF;ON;50;4,60;5,80;4,30;0,70;98,40;107,40;-0,30;4,50;20;4,20;4,60;
2026-07-11 20:04:00.0;OFF;ON;50;4,70;5,80;4,30;0,70;98,40;107,40;-0,50;4,50;20;4,20;4,60;
2026-07-11 20:05:00.0;OFF;ON;50;4,70;5,80;4,30;0,70;98,40;107,40;-0,40;4,50;20;4,20;4,60;
2026-07-11 20:06:00.0;OFF;ON;50;4,70;5,80;4,30;0,70;98,40;107,40;-0,40;4,50;20;4,20;4,60;
2026-07-11 20:07:00.0;OFF;ON;50;4,60;5,80;4,30;0,70;98,40;107,40;-0,40;4,50;20;4,20;4,60;
2026-07-11 20:08:00.0;OFF;ON;50;4,60;5,80;4,30;0,70;98,40;107,40;-0,30;4,50;20;4,20;4,60;
2026-07-11 20:09:00.0;OFF;ON;50;4,60;5,80;4,30;0,70;98,40;107,40;-0,40;4,50;20;4,20;4,60;
2026-07-11 20:10:00.0;OFF;ON;50;4,60;5,80;4,30;0,70;98,40;107,40;-0,30;4,50;20;4,20;4,60;
2026-07-11 20:11:00.0;OFF;ON;50;4,60;5,80;4,30;0,70;98,40;107,40;-0,30;4,50;20;4,20;4,60;
2026-07-11 20:12:00.0;OFF;ON;50;4,60;5,80;4,30;0,70;98,40;107,40;-0,30;4,50;20;4,20;4,60;
2026-07-11 20:13:00.0;OFF;ON;50;4,70;5,80;4,30;0,70;98,40;107,40;-0,40;4,50;20;4,20;4,60;
2026-07-11 20:14:00.0;OFF;ON;50;4,70;5,80;4,30;0,70;98,40;107,40;-0,40;4,50;20;4,20;4,60;
2026-07-11 20:15:00.0;OFF;ON;50;4,60;5,80;4,30;0,70;98,40;107,40;-0,30;4,50;20;4,20;4,60;
2026-07-11 20:16:00.0;OFF;ON;50;4,60;5,80;4,30;0,70;98,40;107,40;-0,30;4,50;20;4,20;4,60;
2026-07-11 20:17:00.0;OFF;ON;50;4,70;5,80;4,30;0,70;98,40;107,40;-0,40;4,50;20;4,20;4,60;
2026-07-11 20:18:00.0;OFF;ON;50;4,70;5,80;4,30;0,70;98,40;107,40;-0,40;4,50;20;4,20;4,60;
2026-07-11 20:19:00.0;OFF;ON;50;4,60;5,80;4,30;0,80;98,40;107,40;-0,30;4,50;20;4,20;4,60;
2026-07-11 20:20:00.0;OFF;ON;50;4,70;5,80;4,30;0,80;98,40;107,40;-0,40;4,50;20;4,20;4,60;
2026-07-11 20:21:00.0;OFF;ON;50;4,60;5,80;4,30;0,80;98,40;107,40;-0,30;4,50;20;4,20;4,60;
2026-07-11 20:22:00.0;OFF;ON;50;4,60;5,80;4,30;0,80;98,40;107,40;-0,30;4,50;20;4,20;4,60;
2026-07-11 20:23:00.0;OFF;ON;50;4,70;5,80;4,30;0,80;98,40;107,40;-0,40;4,50;20;4,20;4,60;
2026-07-11 20:24:00.0;OFF;ON;50;4,70;5,80;4,30;0,80;98,40;107,40;-0,40;4,50;20;4,20;4,60;
2026-07-11 20:25:00.0;OFF;ON;50;4,70;5,80;4,30;0,80;98,40;107,40;-0,40;4,50;20;4,20;4,60;
2026-07-11 20:26:00.0;OFF;ON;50;4,60;5,80;4,30;0,80;98,40;107,40;-0,30;4,50;20;4,20;4,60;
2026-07-11 20:27:00.0;OFF;ON;50;4,70;5,80;4,30;0,80;98,40;107,40;-0,40;4,50;20;4,20;4,60;
2026-07-11 20:28:00.0;OFF;ON;50;4,70;5,80;4,30;0,80;98,40;107,40;-0,40;4,50;20;4,20;4,60;
2026-07-11 20:29:00.0;OFF;ON;50;4,60;5,80;4,30;0,80;98,40;107,40;-0,40;4,50;20;4,20;4,60;
2026-07-11 20:30:00.0;OFF;ON;50;4,70;5,80;4,30;0,80;98,40;107,40;-0,40;4,50;20;4,20;4,60;
2026-07-11 20:31:00.0;OFF;ON;50;4,70;5,80;4,30;0,80;98,40;107,40;-0,40;4,50;20;4,20;4,60;
2026-07-11 20:32:00.0;OFF;ON;50;4,60;5,80;4,30;0,80;98,40;107,40;-0,30;4,50;20;4,20;4,60;
2026-07-11 20:33:00.0;OFF;ON;50;4,60;5,80;4,30;0,80;98,40;107,40;-0,30;4,50;20;4,20;4,60;
2026-07-11 20:34:00.0;OFF;ON;50;4,80;5,80;4,30;0,80;98,40;107,40;-0,50;4,50;20;4,20;4,60;
2026-07-11 20:35:00.0;OFF;ON;50;4,70;5,80;4,30;0,80;98,40;107,40;-0,40;4,50;20;4,20;4,60;
2026-07-11 20:36:00.0;OFF;ON;50;4,70;5,80;4,30;0,80;98,40;107,40;-0,40;4,50;20;4,20;4,60;
2026-07-11 20:37:00.0;OFF;ON;50;4,60;5,80;4,30;0,80;98,40;107,40;-0,30;4,50;20;4,20;4,60;
2026-07-11 20:38:00.0;OFF;ON;50;4,70;5,80;4,30;0,80;98,40;107,40;-0,40;4,50;20;4,20;4,60;
2026-07-11 20:39:00.0;OFF;ON;50;4,70;5,80;4,30;0,80;98,40;107,40;-0,40;4,50;20;4,20;4,60;
2026-07-11 20:40:00.0;OFF;ON;50;4,70;5,80;4,30;0,80;98,40;107,40;-0,40;4,50;20;4,20;4,60;
2026-07-11 20:41:00.0;OFF;ON;50;4,70;5,80;4,30;0,80;98,40;107,40;-0,40;4,50;20;4,20;4,60;
2026-07-11 20:42:00.0;OFF;ON;50;4,60;5,80;4,30;0,80;98,40;107,40;-0,30;4,50;20;4,20;4,60;
2026-07-11 20:43:00.0;OFF;ON;50;4,80;5,80;4,30;0,80;98,40;107,40;-0,40;4,50;20;4,20;4,60;
2026-07-11 20:44:00.0;OFF;ON;50;4,60;5,80;4,30;0,80;98,40;107,40;-0,30;4,50;20;4,20;4,60;
2026-07-11 20:45:00.0;OFF;ON;50;4,60;5,80;4,30;0,80;98,40;107,40;-0,30;4,50;20;4,20;4,60;
2026-07-11 20:46:00.0;OFF;ON;50;4,80;5,80;4,30;0,80;98,40;107,40;-0,50;4,50;20;4,20;4,60;
2026-07-11 20:47:00.0;OFF;ON;50;4,70;5,80;4,30;0,80;98,40;107,40;-0,40;4,50;20;4,20;4,60;
2026-07-11 20:48:00.0;OFF;ON;50;4,60;5,80;4,30;0,80;98,40;107,40;-0,30;4,50;20;4,20;4,60;
2026-07-11 20:49:00.0;OFF;ON;50;4,70;5,80;4,30;0,80;98,40;107,40;-0,30;4,50;20;4,20;4,60;
2026-07-11 20:50:00.0;OFF;ON;50;4,80;5,80;4,30;0,80;98,40;107,40;-0,50;4,50;20;4,20;4,60;
2026-07-11 20:51:00.0;OFF;ON;50;4,70;5,80;4,30;0,80;98,40;107,40;-0,40;4,50;20;4,20;4,60;
2026-07-11 20:52:00.0;OFF;ON;50;4,80;5,80;4,30;0,80;98,40;107,40;-0,50;4,50;20;4,20;4,60;
2026-07-11 20:53:00.0;OFF;ON;50;4,60;5,80;4,30;0,80;98,40;107,40;-0,30;4,50;20;4,20;4,60;
2026-07-11 20:54:00.0;OFF;ON;50;4,80;5,80;4,30;0,80;98,40;107,40;-0,50;4,50;20;4,20;4,60;
2026-07-11 20:55:00.0;OFF;ON;50;4,70;5,80;4,30;0,80;98,40;107,40;-0,40;4,50;20;4,20;4,60;
2026-07-11 20:56:00.0;OFF;ON;50;4,70;5,80;4,30;0,80;98,40;107,40;-0,40;4,50;20;4,20;4,60;
2026-07-11 20:57:00.0;OFF;ON;50;4,60;5,80;4,30;0,80;98,40;107,40;-0,30;4,50;20;4,20;4,60;
2026-07-11 20:58:00.0;OFF;ON;50;4,80;5,80;4,30;0,80;98,40;107,40;-0,50;4,50;20;4,20;4,60;
2026-07-11 20:59:00.0;OFF;ON;50;4,70;5,80;4,30;0,80;98,40;107,40;-0,40;4,50;20;4,20;4,60;
2026-07-11 21:00:00.0;OFF;ON;50;4,80;5,80;4,30;0,80;98,40;107,40;-0,50;4,50;20;4,20;4,60;
2026-07-11 21:01:00.0;OFF;ON;50;4,70;5,80;4,30;0,80;98,40;107,40;-0,30;4,50;20;4,20;4,60;
2026-07-11 21:02:00.0;OFF;ON;50;4,80;5,80;4,30;0,80;98,40;107,40;-0,50;4,50;20;4,20;4,60;
2026-07-11 21:03:00.0;OFF;ON;50;4,80;5,80;4,30;0,80;98,40;107,40;-0,50;4,50;20;4,20;4,70;
2026-07-11 21:04:00.0;OFF;ON;50;4,70;5,80;4,30;0,80;98,40;107,40;-0,30;4,50;20;4,20;4,70;
2026-07-11 21:05:00.0;OFF;ON;50;4,70;5,80;4,30;0,80;98,40;107,40;-0,40;4,50;20;4,20;4,70;
2026-07-11 21:06:00.0;OFF;ON;50;4,60;5,80;4,30;0,80;98,40;107,40;-0,30;4,50;20;4,20;4,70;
2026-07-11 21:07:00.0;OFF;ON;50;4,70;5,80;4,30;0,80;98,40;107,40;-0,40;4,50;20;4,20;4,70;
2026-07-11 21:08:00.0;OFF;ON;50;4,70;5,80;4,30;0,80;98,40;107,40;-0,30;4,50;20;4,20;4,70;
2026-07-11 21:09:00.0;OFF;ON;50;4,80;5,80;4,30;0,80;98,40;107,40;-0,40;4,50;20;4,20;4,70;
2026-07-11 21:10:00.0;OFF;ON;50;4,70;5,80;4,30;0,80;98,40;107,40;-0,40;4,50;20;4,20;4,70;
2026-07-11 21:11:00.0;OFF;ON;50;4,70;5,80;4,30;0,80;98,40;107,40;-0,30;4,50;20;4,20;4,70;
2026-07-11 21:12:00.0;OFF;ON;50;4,60;5,80;4,30;0,80;98,40;107,40;-0,30;4,50;20;4,20;4,70;
2026-07-11 21:13:00.0;OFF;ON;50;4,70;5,90;4,40;0,80;98,40;107,40;-0,40;4,50;20;4,20;4,70;
2026-07-11 21:14:00.0;OFF;ON;50;4,80;5,80;4,30;0,80;98,40;107,40;-0,40;4,50;20;4,20;4,70;
2026-07-11 21:15:00.0;OFF;ON;50;4,80;5,80;4,30;0,80;98,40;107,40;-0,40;4,50;20;4,20;4,70;
2026-07-11 21:16:00.0;OFF;ON;50;4,80;5,80;4,30;0,80;98,40;107,40;-0,40;4,50;20;4,20;4,70;
2026-07-11 21:17:00.0;OFF;ON;50;4,70;5,80;4,30;0,80;98,40;107,40;-0,30;4,50;20;4,20;4,70;
2026-07-11 21:18:00.0;OFF;ON;50;4,70;5,80;4,30;0,80;98,40;107,40;-0,30;4,50;20;4,20;4,70;
2026-07-11 21:19:00.0;OFF;ON;50;4,70;5,90;4,40;0,80;98,40;107,40;-0,40;4,50;20;4,20;4,70;
2026-07-11 21:20:00.0;OFF;ON;50;4,70;5,90;4,40;0,80;98,40;107,40;-0,30;4,50;20;4,20;4,70;
2026-07-11 21:21:00.0;OFF;ON;50;4,70;5,80;4,30;0,80;98,40;107,40;-0,30;4,50;20;4,20;4,70;
2026-07-11 21:22:00.0;OFF;ON;50;4,80;5,80;4,30;0,80;98,40;107,40;-0,40;4,50;20;4,20;4,70;
2026-07-11 21:23:00.0;OFF;ON;50;4,70;5,90;4,40;0,80;98,40;107,40;-0,40;4,50;20;4,20;4,70;
2026-07-11 21:24:00.0;OFF;ON;50;4,80;5,90;4,40;0,80;98,40;107,40;-0,40;4,50;20;4,20;4,70;
2026-07-11 21:25:00.0;OFF;ON;50;4,70;5,90;4,40;0,80;98,40;107,40;-0,30;4,50;20;4,20;4,70;
2026-07-11 21:26:00.0;OFF;ON;50;4,80;5,90;4,40;0,80;98,40;107,40;-0,40;4,50;20;4,20;4,70;
2026-07-11 21:27:00.0;OFF;ON;50;4,70;5,90;4,40;0,80;98,40;107,40;-0,30;4,50;20;4,30;4,70;
2026-07-11 21:28:00.0;OFF;ON;50;4,70;5,80;4,30;0,90;98,40;107,40;-0,30;4,50;20;4,20;4,70;
2026-07-11 21:29:00.0;OFF;ON;50;4,70;5,90;4,40;0,90;98,40;107,40;-0,40;4,50;20;4,20;4,70;
2026-07-11 21:30:00.0;OFF;ON;50;4,60;5,90;4,40;0,90;98,40;107,40;-0,30;4,50;20;4,30;4,70;
2026-07-11 21:31:00.0;OFF;ON;50;4,80;5,90;4,40;0,90;98,40;107,40;-0,40;4,50;20;4,20;4,70;
2026-07-11 21:32:00.0;OFF;ON;50;4,70;5,90;4,40;0,90;98,40;107,40;-0,40;4,50;20;4,30;4,70;
2026-07-11 21:33:00.0;OFF;ON;50;4,80;5,90;4,40;0,90;98,40;107,40;-0,40;4,50;20;4,20;4,70;
2026-07-11 21:34:00.0;OFF;ON;50;4,60;5,90;4,40;0,90;98,40;107,40;-0,30;4,50;20;4,30;4,70;
2026-07-11 21:35:00.0;OFF;ON;50;4,80;5,90;4,40;0,90;98,40;107,40;-0,50;4,50;20;4,30;4,70;
2026-07-11 21:36:00.0;OFF;ON;50;4,80;5,90;4,40;0,90;98,40;107,40;-0,40;4,50;20;4,30;4,70;
2026-07-11 21:37:00.0;OFF;ON;50;4,80;5,90;4,40;0,90;98,40;107,40;-0,40;4,50;20;4,30;4,70;
2026-07-11 21:38:00.0;OFF;ON;50;4,70;5,90;4,40;0,90;98,40;107,40;-0,30;4,50;20;4,30;4,70;
2026-07-11 21:39:00.0;OFF;ON;50;4,70;5,90;4,40;0,90;98,40;107,40;-0,30;4,50;20;4,30;4,70;
2026-07-11 21:40:00.0;OFF;ON;50;4,70;5,90;4,40;0,90;98,40;107,40;-0,30;4,50;20;4,30;4,70;
2026-07-11 21:41:00.0;OFF;ON;50;4,80;5,90;4,40;0,90;98,40;107,40;-0,40;4,50;20;4,30;4,70;
2026-07-11 21:42:00.0;OFF;ON;50;4,70;5,90;4,40;0,90;98,40;107,40;-0,30;4,50;20;4,30;4,70;
2026-07-11 21:43:00.0;OFF;ON;50;4,80;5,90;4,40;0,90;98,40;107,40;-0,40;4,50;20;4,30;4,70;
2026-07-11 21:44:00.0;OFF;ON;50;4,70;5,90;4,40;0,90;98,40;107,40;-0,30;4,50;20;4,30;4,70;
2026-07-11 21:45:00.0;OFF;ON;50;4,70;5,90;4,40;0,90;98,40;107,40;-0,30;4,50;20;4,30;4,70;
2026-07-11 21:46:00.0;OFF;ON;50;4,80;5,90;4,40;0,90;98,40;107,40;-0,40;4,50;20;4,30;4,70;
2026-07-11 21:47:00.0;OFF;ON;50;4,70;5,90;4,40;0,90;98,40;107,40;-0,30;4,50;20;4,30;4,70;
2026-07-11 21:48:00.0;OFF;ON;50;4,70;5,90;4,40;0,90;98,40;107,40;-0,30;4,50;20;4,30;4,70;
2026-07-11 21:49:00.0;OFF;ON;50;4,70;5,90;4,40;0,90;98,40;107,40;-0,30;4,50;20;4,30;4,70;
2026-07-11 21:50:00.0;OFF;ON;50;4,80;5,90;4,40;0,90;98,40;107,40;-0,40;4,50;20;4,30;4,70;
2026-07-11 21:51:00.0;OFF;ON;50;4,80;5,90;4,40;0,90;98,40;107,40;-0,40;4,50;20;4,30;4,70;
2026-07-11 21:52:00.0;OFF;ON;50;4,80;5,90;4,40;0,90;98,40;107,40;-0,40;4,50;20;4,30;4,70;
2026-07-11 21:53:00.0;OFF;ON;50;4,80;5,90;4,40;0,90;98,40;107,40;-0,40;4,50;20;4,30;4,70;
2026-07-11 21:54:00.0;OFF;ON;50;4,80;5,90;4,40;0,90;98,40;107,40;-0,40;4,50;20;4,30;4,70;
2026-07-11 21:55:00.0;OFF;ON;50;4,80;5,90;4,40;0,90;98,40;107,40;-0,40;4,50;20;4,30;4,70;
2026-07-11 21:56:00.0;OFF;ON;50;4,70;5,90;4,40;0,90;98,40;107,40;-0,30;4,50;20;4,30;4,70;
2026-07-11 21:57:00.0;OFF;ON;50;4,70;5,90;4,40;0,90;98,40;107,40;-0,30;4,50;20;4,30;4,70;
2026-07-11 21:58:00.0;OFF;ON;50;4,70;5,90;4,40;0,90;98,40;107,50;-0,30;4,50;20;4,30;4,70;
2026-07-11 21:59:00.0;OFF;ON;50;4,80;5,90;4,40;0,90;98,40;107,50;-0,40;4,50;20;4,30;4,70;
2026-07-11 22:00:00.0;OFF;ON;50;4,70;5,90;4,40;0,90;98,40;107,50;-0,30;4,50;20;4,30;4,70;
2026-07-11 22:01:00.0;OFF;ON;50;4,80;5,90;4,40;0,90;98,40;107,50;-0,40;4,50;20;4,30;4,70;
2026-07-11 22:02:00.0;OFF;ON;50;4,80;5,90;4,40;0,90;98,40;107,40;-0,40;4,50;20;4,30;4,70;
2026-07-11 22:03:00.0;OFF;ON;50;4,70;5,90;4,40;0,90;98,40;107,50;-0,30;4,50;20;4,30;4,70;
2026-07-11 22:04:00.0;OFF;ON;50;4,80;5,90;4,40;0,90;98,40;107,50;-0,40;4,50;20;4,30;4,70;
2026-07-11 22:05:00.0;OFF;ON;50;4,70;5,90;4,40;0,90;98,40;107,40;-0,30;4,50;20;4,30;4,70;
2026-07-11 22:06:00.0;OFF;ON;50;4,80;5,90;4,40;0,90;98,40;107,40;-0,40;4,50;20;4,30;4,70;
2026-07-11 22:07:00.0;OFF;ON;50;4,80;5,90;4,40;0,90;98,40;107,40;-0,40;4,50;20;4,30;4,70;
2026-07-11 22:08:00.0;OFF;ON;50;4,80;5,90;4,40;0,90;98,40;107,50;-0,40;4,50;20;4,30;4,70;
2026-07-11 22:09:00.0;OFF;ON;50;4,70;5,90;4,40;0,90;98,40;107,50;-0,30;4,50;20;4,30;4,70;
2026-07-11 22:10:00.0;OFF;ON;50;4,70;5,90;4,40;0,90;98,40;107,50;-0,30;4,50;20;4,30;4,70;
2026-07-11 22:11:00.0;OFF;ON;50;4,70;5,90;4,40;0,90;98,40;107,40;-0,30;4,50;20;4,30;4,70;
2026-07-11 22:12:00.0;OFF;ON;50;4,70;5,90;4,40;0,90;98,40;107,50;-0,30;4,50;20;4,30;4,70;
2026-07-11 22:13:00.0;OFF;ON;50;4,70;5,90;4,40;0,90;98,40;107,50;-0,30;4,50;20;4,30;4,70;
2026-07-11 22:14:00.0;OFF;ON;50;4,80;5,90;4,40;0,90;98,40;107,50;-0,40;4,50;20;4,30;4,70;
2026-07-11 22:15:00.0;OFF;ON;50;4,80;5,90;4,40;0,90;98,40;107,50;-0,40;4,50;20;4,30;4,70;
2026-07-11 22:16:00.0;OFF;ON;50;4,80;5,90;4,40;0,90;98,40;107,40;-0,30;4,50;20;4,30;4,70;
2026-07-11 22:17:00.0;OFF;ON;50;4,90;5,90;4,40;0,90;98,40;107,40;-0,40;4,50;20;4,30;4,70;
2026-07-11 22:18:00.0;OFF;ON;50;4,80;5,90;4,40;0,90;98,40;107,50;-0,40;4,50;20;4,30;4,70;
2026-07-11 22:19:00.0;OFF;ON;50;4,70;5,90;4,40;0,90;98,40;107,50;-0,30;4,50;20;4,30;4,70;
2026-07-11 22:20:00.0;OFF;ON;50;4,70;5,90;4,40;0,90;98,40;107,50;-0,30;4,50;20;4,30;4,70;
2026-07-11 22:21:00.0;OFF;ON;50;4,80;5,90;4,40;0,90;98,40;107,50;-0,40;4,50;20;4,30;4,70;
2026-07-11 22:22:00.0;OFF;ON;50;4,80;5,90;4,40;0,90;98,40;107,50;-0,40;4,50;20;4,30;4,70;
2026-07-11 22:23:00.0;OFF;ON;50;4,80;5,90;4,40;0,90;98,40;107,50;-0,40;4,50;20;4,30;4,70;
2026-07-11 22:24:00.0;OFF;ON;50;4,80;5,90;4,40;0,90;98,40;107,50;-0,40;4,50;20;4,30;4,70;
2026-07-11 22:25:00.0;OFF;ON;50;4,80;5,90;4,40;0,90;98,40;107,50;-0,30;4,50;20;4,30;4,70;
2026-07-11 22:26:00.0;OFF;ON;50;4,80;5,90;4,40;0,90;98,40;107,50;-0,40;4,50;20;4,30;4,70;
2026-07-11 22:27:00.0;OFF;ON;50;4,80;5,90;4,40;0,90;98,40;107,50;-0,30;4,50;20;4,30;4,70;
2026-07-11 22:28:00.0;OFF;ON;50;4,80;5,90;4,40;0,90;98,40;107,50;-0,40;4,50;20;4,30;4,70;
2026-07-11 22:29:00.0;OFF;ON;50;4,70;5,90;4,40;1;98,40;107,50;-0,30;4,50;20;4,30;4,70;
2026-07-11 22:30:00.0;OFF;ON;50;4,70;5,90;4,40;1;98,40;107,50;-0,30;4,50;20;4,30;4,70;
2026-07-11 22:31:00.0;OFF;ON;50;4,80;5,90;4,40;1;98,40;107,50;-0,30;4,50;20;4,30;4,70;
2026-07-11 22:32:00.0;OFF;ON;50;4,80;5,90;4,40;1;98,40;107,50;-0,40;4,50;20;4,30;4,70;
2026-07-11 22:33:00.0;OFF;ON;50;4,80;5,90;4,40;1;98,40;107,50;-0,40;4,50;20;4,30;4,70;
2026-07-11 22:34:00.0;OFF;ON;50;4,80;5,90;4,40;1;98,40;107,50;-0,40;4,50;20;4,30;4,70;
2026-07-11 22:35:00.0;OFF;ON;50;4,90;5,90;4,40;1;98,40;107,50;-0,40;4,50;20;4,30;4,70;
2026-07-11 22:36:00.0;OFF;ON;50;4,80;5,90;4,40;1;98,40;107,50;-0,40;4,50;20;4,30;4,70;
2026-07-11 22:37:00.0;OFF;ON;50;4,70;5,90;4,40;1;98,40;107,50;-0,30;4,50;20;4,30;4,70;
2026-07-11 22:38:00.0;OFF;ON;50;4,70;5,90;4,40;1;98,40;107,50;-0,30;4,50;20;4,30;4,70;
2026-07-11 22:39:00.0;OFF;ON;50;4,80;5,90;4,40;1;98,40;107,50;-0,40;4,50;20;4,30;4,70;
2026-07-11 22:40:00.0;OFF;ON;50;4,80;5,90;4,40;1;98,40;107,50;-0,40;4,50;20;4,30;4,70;
2026-07-11 22:41:00.0;OFF;ON;50;4,80;5,90;4,40;1;98,40;107,50;-0,30;4,50;20;4,30;4,70;
2026-07-11 22:42:00.0;OFF;ON;50;4,80;5,90;4,40;1;98,40;107,50;-0,30;4,50;20;4,30;4,70;
2026-07-11 22:43:00.0;OFF;ON;50;4,90;5,90;4,40;1;98,40;107,50;-0,40;4,50;20;4,30;4,70;
2026-07-11 22:44:00.0;OFF;ON;50;4,90;5,90;4,40;1;98,40;107,50;-0,40;4,50;20;4,30;4,80;
2026-07-11 22:45:00.0;OFF;ON;50;4,90;6;4,50;1;98,40;107,50;-0,40;4,50;20;4,30;4,80;
2026-07-11 22:46:00.0;OFF;ON;50;4,80;5,90;4,40;1;98,40;107,50;-0,30;4,50;20;4,30;4,80;
2026-07-11 22:47:00.0;OFF;ON;50;4,70;5,90;4,40;1;98,40;107,50;-0,30;4,50;20;4,30;4,80;
2026-07-11 22:48:00.0;OFF;ON;50;4,90;5,90;4,40;1;98,40;107,50;-0,40;4,50;20;4,30;4,80;
2026-07-11 22:49:00.0;OFF;ON;50;4,80;5,90;4,40;1;98,40;107,50;-0,40;4,50;20;4,30;4,80;
2026-07-11 22:50:00.0;OFF;ON;50;4,70;5,90;4,40;1;98,40;107,50;-0,30;4,50;20;4,30;4,80;
2026-07-11 22:51:00.0;OFF;ON;50;4,80;6;4,50;1;98,40;107,50;-0,40;4,50;20;4,30;4,80;
2026-07-11 22:52:00.0;OFF;ON;50;4,90;6;4,50;1;98,40;107,50;-0,40;4,50;20;4,30;4,80;
2026-07-11 22:53:00.0;OFF;ON;50;4,70;5,90;4,40;1;98,40;107,50;-0,30;4,50;20;4,30;4,80;
2026-07-11 22:54:00.0;OFF;ON;50;4,70;5,90;4,40;1;98,40;107,50;-0,30;4,50;20;4,30;4,80;
2026-07-11 22:55:00.0;OFF;ON;50;4,70;5,90;4,40;1;98,40;107,50;-0,30;4,50;20;4,30;4,80;
2026-07-11 22:56:00.0;OFF;ON;50;4,90;5,90;4,40;1;98,40;107,50;-0,40;4,50;20;4,30;4,80;
2026-07-11 22:57:00.0;OFF;ON;50;4,80;6;4,50;1;98,40;107,50;-0,30;4,50;20;4,30;4,80;
2026-07-11 22:58:00.0;OFF;ON;50;4,80;6;4,50;1;98,40;107,50;-0,30;4,50;20;4,30;4,80;
2026-07-11 22:59:00.0;OFF;ON;50;4,80;6;4,50;1;98,40;107,50;-0,30;4,50;20;4,30;4,80;
2026-07-11 23:00:00.0;OFF;ON;50;4,90;6;4,50;1;98,40;107,50;-0,40;4,50;20;4,30;4,80;
2026-07-11 23:01:00.0;OFF;ON;50;4,70;6;4,50;1;98,40;107,50;-0,30;4,50;20;4,40;4,80;
2026-07-11 23:02:00.0;OFF;ON;50;4,90;6;4,50;1;98,40;107,50;-0,40;4,50;20;4,40;4,80;
2026-07-11 23:03:00.0;OFF;ON;50;4,80;6;4,50;1;98,40;107,50;-0,30;4,50;20;4,40;4,80;
2026-07-11 23:04:00.0;OFF;ON;50;4,80;6;4,50;1;98,40;107,50;-0,30;4,50;20;4,40;4,80;
2026-07-11 23:05:00.0;OFF;ON;50;4,80;6;4,50;1;98,40;107,50;-0,40;4,50;20;4,40;4,80;
2026-07-11 23:06:00.0;OFF;ON;50;4,80;6;4,50;1;98,40;107,50;-0,30;4,50;20;4,40;4,80;
2026-07-11 23:07:00.0;OFF;ON;50;4,80;6;4,50;1;98,40;107,50;-0,30;4,50;20;4,30;4,80;
2026-07-11 23:08:00.0;OFF;ON;50;4,80;6;4,50;1;98,40;107,50;-0,30;4,50;20;4,30;4,80;
2026-07-11 23:09:00.0;OFF;ON;50;4,80;6;4,50;1;98,40;107,50;-0,40;4,50;20;4,40;4,80;
2026-07-11 23:10:00.0;OFF;ON;50;4,70;6;4,50;1;98,40;107,50;-0,20;4,50;20;4,40;4,80;
2026-07-11 23:11:00.0;OFF;ON;50;4,90;6;4,50;1;98,40;107,50;-0,40;4,50;20;4,40;4,80;
2026-07-11 23:12:00.0;OFF;ON;50;4,80;6;4,50;1;98,40;107,50;-0,30;4,50;20;4,40;4,80;
2026-07-11 23:13:00.0;OFF;ON;50;4,80;6;4,50;1;98,40;107,50;-0,30;4,50;20;4,40;4,80;
2026-07-11 23:14:00.0;OFF;ON;50;4,80;6;4,50;1;98,40;107,50;-0,40;4,50;20;4,40;4,80;
2026-07-11 23:15:00.0;OFF;ON;50;4,90;6;4,50;1;98,40;107,50;-0,40;4,50;20;4,40;4,80;
2026-07-11 23:16:00.0;OFF;ON;50;4,80;6;4,50;1;98,40;107,50;-0,40;4,50;20;4,40;4,80;
2026-07-11 23:17:00.0;OFF;ON;50;4,90;6;4,50;1;98,40;107,50;-0,40;4,50;20;4,40;4,80;
2026-07-11 23:18:00.0;OFF;ON;50;4,80;6;4,50;1;98,40;107,50;-0,30;4,50;20;4,40;4,80;
2026-07-11 23:19:00.0;OFF;ON;50;4,80;6;4,50;1;98,40;107,50;-0,30;4,50;20;4,40;4,80;
2026-07-11 23:20:00.0;OFF;ON;50;4,70;6;4,50;1;98,40;107,50;-0,30;4,50;20;4,40;4,80;
2026-07-11 23:21:00.0;OFF;ON;50;4,80;6;4,50;1;98,40;107,50;-0,30;4,50;20;4,40;4,80;
2026-07-11 23:22:00.0;OFF;ON;50;4,80;6;4,50;1;98,40;107,50;-0,30;4,50;20;4,40;4,80;
2026-07-11 23:23:00.0;OFF;ON;50;4,80;6;4,50;1;98,40;107,50;-0,30;4,50;20;4,40;4,80;
2026-07-11 23:24:00.0;OFF;ON;50;4,90;6;4,50;1;98,40;107,50;-0,40;4,50;20;4,40;4,80;
2026-07-11 23:25:00.0;OFF;ON;50;4,80;6;4,50;1;98,40;107,50;-0,30;4,50;20;4,40;4,80;
2026-07-11 23:26:00.0;OFF;ON;50;4,80;6;4,50;1;98,40;107,50;-0,40;4,50;20;4,40;4,80;
2026-07-11 23:27:00.0;OFF;ON;50;4,90;6;4,50;1;98,40;107,50;-0,40;4,50;20;4,40;4,80;
2026-07-11 23:28:00.0;OFF;ON;50;4,90;6;4,50;1;98,40;107,50;-0,40;4,50;20;4,40;4,80;
2026-07-11 23:29:00.0;OFF;ON;50;4,80;6;4,50;1;98,40;107,50;-0,30;4,50;20;4,40;4,80;
2026-07-11 23:30:00.0;OFF;ON;50;4,80;6;4,50;1;98,40;107,50;-0,30;4,50;20;4,40;4,80;
2026-07-11 23:31:00.0;OFF;ON;50;4,80;6;4,50;1;98,40;107,50;-0,30;4,50;20;4,40;4,80;
2026-07-11 23:32:00.0;OFF;ON;50;4,70;6;4,50;1;98,40;107,50;-0,30;4,50;20;4,40;4,80;
2026-07-11 23:33:00.0;OFF;ON;50;4,80;6;4,50;1;98,40;107,50;-0,30;4,50;20;4,40;4,80;
2026-07-11 23:34:00.0;OFF;ON;50;4,80;6;4,50;1;98,40;107,50;-0,30;4,50;20;4,40;4,80;
2026-07-11 23:35:00.0;OFF;ON;50;4,80;6;4,50;1,10;98,40;107,50;-0,30;4,50;20;4,40;4,80;
2026-07-11 23:36:00.0;OFF;ON;50;4,70;6;4,50;1,10;98,40;107,50;-0,20;4,50;20;4,40;4,80;
2026-07-11 23:37:00.0;OFF;ON;50;4,80;6;4,50;1,10;98,40;107,50;-0,30;4,50;20;4,40;4,80;
2026-07-11 23:38:00.0;OFF;ON;50;4,80;6;4,50;1,10;98,40;107,50;-0,30;4,50;20;4,40;4,80;
2026-07-11 23:39:00.0;OFF;ON;50;4,80;6;4,50;1,10;98,40;107,50;-0,30;4,50;20;4,40;4,80;
2026-07-11 23:40:00.0;OFF;ON;50;4,80;6;4,50;1,10;98,40;107,50;-0,30;4,50;20;4,40;4,80;
2026-07-11 23:41:00.0;OFF;ON;50;4,80;6;4,50;1,10;98,40;107,50;-0,20;4,50;20;4,40;4,80;
2026-07-11 23:42:00.0;OFF;ON;50;4,90;6;4,50;1,10;98,40;107,50;-0,40;4,50;20;4,40;4,80;
2026-07-11 23:43:00.0;OFF;ON;50;4,90;6;4,50;1,10;98,40;107,50;-0,40;4,50;20;4,40;4,80;
2026-07-11 23:44:00.0;OFF;ON;50;4,90;6;4,50;1,10;98,40;107,50;-0,40;4,50;20;4,40;4,80;
2026-07-11 23:45:00.0;OFF;ON;50;4,90;6;4,50;1,10;98,40;107,50;-0,40;4,50;20;4,40;4,80;
2026-07-11 23:46:00.0;OFF;ON;50;4,90;6;4,50;1,10;98,40;107,50;-0,40;4,50;20;4,40;4,80;
2026-07-11 23:47:00.0;OFF;ON;50;4,90;6;4,50;1,10;98,40;107,50;-0,40;4,50;20;4,40;4,80;
2026-07-11 23:48:00.0;OFF;ON;50;4,80;6;4,50;1,10;98,40;107,50;-0,30;4,50;20;4,40;4,80;
2026-07-11 23:49:00.0;OFF;ON;50;4,80;6;4,50;1,10;98,40;107,40;-0,30;4,50;20;4,40;4,80;
2026-07-11 23:50:00.0;OFF;ON;50;4,80;6;4,50;1,10;98,40;107,50;-0,30;4,50;20;4,40;4,80;
2026-07-11 23:51:00.0;OFF;ON;50;4,80;6;4,50;1,10;98,40;107,50;-0,30;4,50;20;4,40;4,80;
2026-07-11 23:52:00.0;OFF;ON;50;4,80;6;4,50;1,10;98,40;107,50;-0,30;4,50;20;4,40;4,80;
2026-07-11 23:53:00.0;OFF;ON;50;4,80;6;4,50;1,10;98,40;107,50;-0,30;4,50;20;4,40;4,80;
2026-07-11 23:54:00.0;OFF;ON;50;4,80;6;4,50;1,10;98,40;107,50;-0,30;4,50;20;4,40;4,80;
2026-07-11 23:55:00.0;OFF;ON;50;4,90;6;4,50;1,10;98,40;107,50;-0,40;4,50;20;4,40;4,80;
2026-07-11 23:56:00.0;OFF;ON;50;4,90;6;4,50;1,10;98,40;107,50;-0,40;4,50;20;4,40;4,80;
2026-07-11 23:57:00.0;OFF;ON;50;4,90;6;4,50;1,10;98,40;107,50;-0,40;4,50;20;4,40;4,80;
2026-07-11 23:58:00.0;OFF;ON;50;4,90;6;4,50;1,10;98,30;107,50;-0,30;4,50;20;4,40;4,80;
2026-07-11 23:59:00.0;OFF;ON;50;4,90;6;4,50;1,10;98,30;107,50;-0,40;4,50;20;4,40;4,80;
