CamCarcacas2;
2026-07-13 00:00;2026-07-14 00:00;
12144 Frigorífico Thoms;
ayron.costa;
" ";CPCO 51 - Câmara de carcaças - Controle de temperatura 1;CPCO 51 - Câmara de carcaças - Controle de temperatura 1;CPCO 51 - Câmara de carcaças - Controle de temperatura 1;CPCO 51 - Câmara de carcaças - Controle de temperatura 1;CPCO 51 - Câmara de carcaças - Controle de temperatura 1;CPCO 51 - Câmara de carcaças - Controle de temperatura 1;CPCO 52 - Câmara de carcaças - Controle de temperatura 2;CPCO 52 - Câmara de carcaças - Controle de temperatura 2;CPCO 53 - Balança;CPCO 51 - Câmara de carcaças - Controle de temperatura 1;CPCO 51 - Câmara de carcaças - Controle de temperatura 1;CPCO 51 - Câmara de carcaças - Controle de temperatura 1;CPCO 51 - Câmara de carcaças - Controle de temperatura 1;CPCO 54 - Câmara de carcaças - Controle de temperatura 3;
" ";Carregamento;Resfriamento;Saida Y1 - Ventiladores EC;Temp entrada glicol;Temp ref;Temp retorno ar;Temperatuda espeto;Umidade relativa da camara;Peso atual;DT Atual;DT ref;Cap Atual Valvula;Temp retorno ar M1A08;Temp Insuf de ar M1A08;" ";
2026-07-13 00:00:00.0;OFF;ON;50;5,20;6,50;5;2,70;98,20;107,60;-0,20;4,50;20;4,90;5,30;
2026-07-13 00:01:00.0;OFF;ON;50;5,20;6,50;5;2,70;98,20;107,60;-0,20;4,50;20;4,90;5,30;
2026-07-13 00:02:00.0;OFF;ON;50;5,20;6,50;5;2,70;98,20;107,60;-0,20;4,50;20;4,90;5,30;
2026-07-13 00:03:00.0;OFF;ON;50;5,10;6,50;5;2,70;98,20;107,60;-0,10;4,50;20;4,90;5,30;
2026-07-13 00:04:00.0;OFF;ON;50;5,10;6,50;5;2,70;98,20;107,60;-0,10;4,50;20;4,90;5,30;
2026-07-13 00:05:00.0;OFF;ON;50;5,20;6,50;5;2,70;98,20;107,60;-0,20;4,50;20;4,80;5,30;
2026-07-13 00:06:00.0;OFF;ON;50;5,10;6,50;5;2,70;98,20;107,60;-0,10;4,50;20;4,90;5,30;
2026-07-13 00:07:00.0;OFF;ON;50;5,20;6,50;5;2,70;98,20;107,60;-0,20;4,50;20;4,80;5,30;
2026-07-13 00:08:00.0;OFF;ON;50;5,10;6,50;5;2,70;98,30;107,60;-0,20;4,50;20;4,90;5,30;
2026-07-13 00:09:00.0;OFF;ON;50;5,30;6,50;5;2,70;98,20;107,60;-0,30;4,50;20;4,80;5,30;
2026-07-13 00:10:00.0;OFF;ON;50;5,20;6,50;5;2,70;98,20;107,60;-0,20;4,50;20;4,90;5,30;
2026-07-13 00:11:00.0;OFF;ON;50;5,20;6,50;5;2,70;98,20;107,60;-0,20;4,50;20;4,80;5,30;
2026-07-13 00:12:00.0;OFF;ON;50;5,20;6,50;5;2,70;98,20;107,60;-0,20;4,50;20;4,80;5,30;
2026-07-13 00:13:00.0;OFF;ON;50;5,20;6,50;5;2,70;98,20;107,60;-0,20;4,50;20;4,80;5,30;
2026-07-13 00:14:00.0;OFF;ON;50;5,20;6,50;5;2,70;98,20;107,60;-0,20;4,50;20;4,80;5,30;
2026-07-13 00:15:00.0;OFF;ON;50;5,20;6,50;5;2,70;98,20;107,60;-0,20;4,50;20;4,80;5,30;
2026-07-13 00:16:00.0;OFF;ON;50;5,10;6,50;5;2,70;98,20;107,60;-0,10;4,50;20;4,80;5,30;
2026-07-13 00:17:00.0;OFF;ON;50;5,10;6,50;5;2,70;98,20;107,60;-0,10;4,50;20;4,80;5,30;
2026-07-13 00:18:00.0;OFF;ON;50;5,20;6,50;5;2,70;98,20;107,60;-0,20;4,50;20;4,80;5,30;
2026-07-13 00:19:00.0;OFF;ON;50;5,20;6,50;5;2,70;98,20;107,60;-0,20;4,50;20;4,80;5,30;
2026-07-13 00:20:00.0;OFF;ON;50;5,20;6,50;5;2,70;98,20;107,60;-0,20;4,50;20;4,80;5,30;
2026-07-13 00:21:00.0;OFF;ON;50;5,20;6,50;5;2,70;98,20;107,60;-0,20;4,50;20;4,80;5,30;
2026-07-13 00:22:00.0;OFF;ON;50;5,20;6,50;5;2,70;98,20;107,60;-0,30;4,50;20;4,80;5,30;
2026-07-13 00:23:00.0;OFF;ON;50;5,20;6,50;5;2,70;98,20;107,60;-0,30;4,50;20;4,80;5,30;
2026-07-13 00:24:00.0;OFF;ON;50;5,10;6,50;5;2,70;98,20;107,60;-0,10;4,50;20;4,80;5,30;
2026-07-13 00:25:00.0;OFF;ON;50;5,10;6,50;5;2,70;98,20;107,60;-0,10;4,50;20;4,80;5,30;
2026-07-13 00:26:00.0;OFF;ON;50;5,10;6,50;5;2,70;98,20;107,60;-0,10;4,50;20;4,80;5,30;
2026-07-13 00:27:00.0;OFF;ON;50;5,10;6,50;5;2,70;98,20;107,60;-0,10;4,50;20;4,80;5,30;
2026-07-13 00:28:00.0;OFF;ON;50;5,10;6,50;5;2,70;98,20;107,60;-0,20;4,50;20;4,80;5,30;
2026-07-13 00:29:00.0;OFF;ON;50;5,10;6,50;5;2,70;98,20;107,60;-0,20;4,50;20;4,80;5,30;
2026-07-13 00:30:00.0;OFF;ON;50;5,10;6,50;5;2,70;98,20;107,60;-0,10;4,50;20;4,80;5,30;
2026-07-13 00:31:00.0;OFF;ON;50;5,10;6,50;5;2,70;98,20;107,60;-0,10;4,50;20;4,80;5,30;
2026-07-13 00:32:00.0;OFF;ON;50;5,10;6,50;5;2,70;98,20;107,60;-0,10;4,50;20;4,80;5,30;
2026-07-13 00:33:00.0;OFF;ON;50;5,10;6,50;5;2,70;98,20;107,60;-0,10;4,50;20;4,80;5,30;
2026-07-13 00:34:00.0;OFF;ON;50;5,10;6,50;5;2,70;98,20;107,60;-0,10;4,50;20;4,80;5,30;
2026-07-13 00:35:00.0;OFF;ON;50;5,10;6,50;5;2,70;98,20;107,60;-0,20;4,50;20;4,80;5,30;
2026-07-13 00:36:00.0;OFF;ON;50;5;6,50;5;2,70;98,20;107,60;-0,10;4,50;20;4,80;5,30;
2026-07-13 00:37:00.0;OFF;ON;50;5,10;6,50;5;2,70;98,20;107,60;-0,20;4,50;20;4,80;5,30;
2026-07-13 00:38:00.0;OFF;ON;50;5,10;6,50;5;2,70;98,20;107,60;-0,20;4,50;20;4,80;5,30;
2026-07-13 00:39:00.0;OFF;ON;50;5;6,50;5;2,70;98,20;107,60;-0,10;4,50;20;4,80;5,30;
2026-07-13 00:40:00.0;OFF;ON;50;5;6,50;5;2,70;98,20;107,60;-0,10;4,50;20;4,80;5,30;
2026-07-13 00:41:00.0;OFF;ON;50;5,10;6,50;5;2,70;98,20;107,60;-0,10;4,50;20;4,80;5,30;
2026-07-13 00:42:00.0;OFF;ON;50;5;6,50;5;2,70;98,20;107,60;-0,10;4,50;20;4,80;5,30;
2026-07-13 00:43:00.0;OFF;ON;50;5;6,50;5;2,70;98,20;107,60;-0,10;4,50;20;4,80;5,30;
2026-07-13 00:44:00.0;OFF;ON;50;5,10;6,50;5;2,70;98,20;107,60;-0,20;4,50;20;4,80;5,30;
2026-07-13 00:45:00.0;OFF;ON;50;5,10;6,50;5;2,70;98,20;107,60;-0,10;4,50;20;4,80;5,30;
2026-07-13 00:46:00.0;OFF;ON;50;5,20;6,50;5;2,70;98,30;107,60;-0,20;4,50;20;4,80;5,30;
2026-07-13 00:47:00.0;OFF;ON;50;5,10;6,50;5;2,70;98,30;107,60;-0,10;4,50;20;4,80;5,30;
2026-07-13 00:48:00.0;OFF;ON;50;5,20;6,50;5;2,70;98,30;107,60;-0,30;4,50;20;4,80;5,30;
2026-07-13 00:49:00.0;OFF;ON;50;5,10;6,50;5;2,70;98,30;107,60;-0,10;4,50;20;4,80;5,30;
2026-07-13 00:50:00.0;OFF;ON;50;5,10;6,50;5;2,70;98,30;107,60;-0,20;4,50;20;4,80;5,30;
2026-07-13 00:51:00.0;OFF;ON;50;5,20;6,50;5;2,70;98,30;107,60;-0,30;4,50;20;4,80;5,30;
2026-07-13 00:52:00.0;OFF;ON;50;5,10;6,50;5;2,70;98,30;107,60;-0,10;4,50;20;4,80;5,30;
2026-07-13 00:53:00.0;OFF;ON;50;5,10;6,50;5;2,70;98,30;107,60;-0,10;4,50;20;4,80;5,30;
2026-07-13 00:54:00.0;OFF;ON;50;5,20;6,50;5;2,70;98,30;107,60;-0,20;4,50;20;4,80;5,30;
2026-07-13 00:55:00.0;OFF;ON;50;5;6,50;5;2,70;98,30;107,60;-0,10;4,50;20;4,80;5,30;
2026-07-13 00:56:00.0;OFF;ON;50;5,10;6,50;5;2,70;98,30;107,60;-0,10;4,50;20;4,80;5,30;
2026-07-13 00:57:00.0;OFF;ON;50;5;6,50;4,90;2,70;98,30;107,60;-0,10;4,50;20;4,80;5,30;
2026-07-13 00:58:00.0;OFF;ON;50;5,10;6,50;5;2,70;98,30;107,60;-0,10;4,50;20;4,80;5,30;
2026-07-13 00:59:00.0;OFF;ON;50;5,10;6,40;5;2,70;98,30;107,60;-0,10;4,50;20;4,80;5,30;
2026-07-13 01:00:00.0;OFF;ON;50;5,10;6,40;4,90;2,70;98,30;107,60;-0,10;4,50;20;4,80;5,30;
2026-07-13 01:01:00.0;OFF;ON;50;5,10;6,40;5;2,70;98,30;107,60;-0,10;4,50;20;4,80;5,30;
2026-07-13 01:02:00.0;OFF;ON;50;5,10;6,40;5;2,70;98,30;107,60;-0,20;4,50;20;4,80;5,30;
2026-07-13 01:03:00.0;OFF;ON;50;5;6,50;4,90;2,70;98,30;107,60;-0,10;4,50;20;4,80;5,30;
2026-07-13 01:04:00.0;OFF;ON;50;5,20;6,40;5;2,70;98,30;107,60;-0,20;4,50;20;4,80;5,30;
2026-07-13 01:05:00.0;OFF;ON;50;5,10;6,40;4,90;2,70;98,30;107,60;-0,20;4,50;20;4,80;5,30;
2026-07-13 01:06:00.0;OFF;ON;50;5,10;6,40;4,90;2,70;98,30;107,60;-0,20;4,50;20;4,80;5,30;
2026-07-13 01:07:00.0;OFF;ON;50;5,10;6,50;4,90;2,70;98,30;107,60;-0,20;4,50;20;4,80;5,30;
2026-07-13 01:08:00.0;OFF;ON;50;5,10;6,40;4,90;2,70;98,30;107,60;-0,10;4,50;20;4,80;5,30;
2026-07-13 01:09:00.0;OFF;ON;50;5,10;6,40;4,90;2,70;98,30;107,60;-0,10;4,50;20;4,80;5,30;
2026-07-13 01:10:00.0;OFF;ON;50;5,10;6,40;4,90;2,70;98,30;107,60;-0,20;4,50;20;4,80;5,30;
2026-07-13 01:11:00.0;OFF;ON;50;5,10;6,40;4,90;2,70;98,30;107,60;-0,10;4,50;20;4,80;5,30;
2026-07-13 01:12:00.0;OFF;ON;50;5,20;6,40;4,90;2,70;98,30;107,60;-0,30;4,50;20;4,80;5,30;
2026-07-13 01:13:00.0;OFF;ON;50;5;6,40;4,90;2,70;98,30;107,60;-0,10;4,50;20;4,80;5,30;
2026-07-13 01:14:00.0;OFF;ON;50;5,10;6,40;4,90;2,70;98,30;107,60;-0,20;4,50;20;4,80;5,30;
2026-07-13 01:15:00.0;OFF;ON;50;5,10;6,40;4,90;2,70;98,30;107,60;-0,10;4,50;20;4,80;5,30;
2026-07-13 01:16:00.0;OFF;ON;50;5;6,40;4,90;2,70;98,30;107,60;-0,10;4,50;20;4,80;5,30;
2026-07-13 01:17:00.0;OFF;ON;50;5,10;6,40;4,90;2,70;98,30;107,60;-0,10;4,50;20;4,80;5,30;
2026-07-13 01:18:00.0;OFF;ON;50;5,10;6,40;4,90;2,70;98,30;107,60;-0,10;4,50;20;4,80;5,30;
2026-07-13 01:19:00.0;OFF;ON;50;5,10;6,40;4,90;2,70;98,30;107,60;-0,10;4,50;20;4,80;5,30;
2026-07-13 01:20:00.0;OFF;ON;50;5,10;6,40;4,90;2,70;98,30;107,60;-0,20;4,50;20;4,80;5,30;
2026-07-13 01:21:00.0;OFF;ON;50;5,20;6,40;4,90;2,70;98,30;107,60;-0,20;4,50;20;4,80;5,30;
2026-07-13 01:22:00.0;OFF;ON;50;5,20;6,40;4,90;2,70;98,30;107,60;-0,30;4,50;20;4,80;5,30;
2026-07-13 01:23:00.0;OFF;ON;50;5;6,40;4,90;2,70;98,30;107,60;-0,10;4,50;20;4,80;5,20;
2026-07-13 01:24:00.0;OFF;ON;50;5,10;6,40;4,90;2,70;98,30;107,60;-0,20;4,50;20;4,80;5,20;
2026-07-13 01:25:00.0;OFF;ON;50;5,20;6,40;4,90;2,70;98,30;107,60;-0,20;4,50;20;4,80;5,20;
2026-07-13 01:26:00.0;OFF;ON;50;5,20;6,40;4,90;2,70;98,30;107,60;-0,30;4,50;20;4,80;5,20;
2026-07-13 01:27:00.0;OFF;ON;50;5,20;6,40;4,90;2,70;98,30;107,60;-0,30;4,50;20;4,80;5,20;
2026-07-13 01:28:00.0;OFF;ON;50;5,10;6,40;4,90;2,70;98,30;107,60;-0,20;4,50;20;4,80;5,20;
2026-07-13 01:29:00.0;OFF;ON;50;5,20;6,40;4,90;2,70;98,30;107,60;-0,30;4,50;20;4,80;5,20;
2026-07-13 01:30:00.0;OFF;ON;50;5,20;6,40;4,90;2,70;98,30;107,60;-0,30;4,50;20;4,80;5,20;
2026-07-13 01:31:00.0;OFF;ON;50;5,10;6,40;4,90;2,70;98,30;107,60;-0,10;4,50;20;4,80;5,20;
2026-07-13 01:32:00.0;OFF;ON;50;5,10;6,40;4,90;2,70;98,30;107,60;-0,20;4,50;20;4,80;5,20;
2026-07-13 01:33:00.0;OFF;ON;50;5,10;6,40;4,90;2,70;98,30;107,60;-0,20;4,50;20;4,80;5,20;
2026-07-13 01:34:00.0;OFF;ON;50;5,20;6,40;4,90;2,70;98,30;107,60;-0,30;4,50;20;4,80;5,20;
2026-07-13 01:35:00.0;OFF;ON;50;5,20;6,40;4,90;2,70;98,30;107,60;-0,30;4,50;20;4,80;5,20;
2026-07-13 01:36:00.0;OFF;ON;50;5,10;6,40;4,90;2,70;98,30;107,60;-0,20;4,50;20;4,80;5,20;
2026-07-13 01:37:00.0;OFF;ON;50;5,20;6,40;4,90;2,70;98,30;107,60;-0,30;4,50;20;4,80;5,20;
2026-07-13 01:38:00.0;OFF;ON;50;5,10;6,40;4,90;2,70;98,30;107,60;-0,20;4,50;20;4,80;5,20;
2026-07-13 01:39:00.0;OFF;ON;50;5,10;6,40;4,90;2,70;98,30;107,60;-0,20;4,50;20;4,80;5,20;
2026-07-13 01:40:00.0;OFF;ON;50;5,10;6,40;4,90;2,70;98,30;107,60;-0,20;4,50;20;4,80;5,20;
2026-07-13 01:41:00.0;OFF;ON;50;5,10;6,40;4,90;2,70;98,30;107,60;-0,20;4,50;20;4,80;5,20;
2026-07-13 01:42:00.0;OFF;ON;50;5,20;6,40;4,90;2,70;98,30;107,60;-0,30;4,50;20;4,80;5,20;
2026-07-13 01:43:00.0;OFF;ON;50;5,20;6,40;4,90;2,70;98,30;107,60;-0,30;4,50;20;4,80;5,20;
2026-07-13 01:44:00.0;OFF;ON;50;5,30;6,40;4,90;2,70;98,30;107,60;-0,30;4,50;20;4,80;5,20;
2026-07-13 01:45:00.0;OFF;ON;50;5,20;6,40;4,90;2,70;98,30;107,60;-0,30;4,50;20;4,80;5,20;
2026-07-13 01:46:00.0;OFF;ON;50;5,20;6,40;4,90;2,70;98,30;107,60;-0,30;4,50;20;4,80;5,20;
2026-07-13 01:47:00.0;OFF;ON;50;5,20;6,40;4,90;2,70;98,30;107,60;-0,30;4,50;20;4,80;5,20;
2026-07-13 01:48:00.0;OFF;ON;50;5,20;6,40;4,90;2,70;98,30;107,60;-0,30;4,50;20;4,80;5,20;
2026-07-13 01:49:00.0;OFF;ON;50;5,20;6,40;4,90;2,70;98,30;107,60;-0,30;4,50;20;4,80;5,20;
2026-07-13 01:50:00.0;OFF;ON;50;5,20;6,40;4,90;2,70;98,30;107,60;-0,30;4,50;20;4,80;5,20;
2026-07-13 01:51:00.0;OFF;ON;50;5,20;6,40;4,90;2,70;98,30;107,60;-0,30;4,50;20;4,80;5,20;
2026-07-13 01:52:00.0;OFF;ON;50;5,10;6,40;4,90;2,70;98,30;107,60;-0,20;4,50;20;4,80;5,20;
2026-07-13 01:53:00.0;OFF;ON;50;5,20;6,40;4,90;2,70;98,30;107,60;-0,30;4,50;20;4,80;5,20;
2026-07-13 01:54:00.0;OFF;ON;50;5,20;6,40;4,90;2,70;98,30;107,60;-0,30;4,50;20;4,80;5,20;
2026-07-13 01:55:00.0;OFF;ON;50;5,20;6,40;4,90;2,70;98,30;107,60;-0,30;4,50;20;4,80;5,20;
2026-07-13 01:56:00.0;OFF;ON;50;5,20;6,40;4,90;2,70;98,30;107,60;-0,30;4,50;20;4,80;5,20;
2026-07-13 01:57:00.0;OFF;ON;50;5,20;6,40;4,90;2,70;98,30;107,60;-0,30;4,50;20;4,80;5,20;
2026-07-13 01:58:00.0;OFF;ON;50;5,10;6,40;4,90;2,70;98,30;107,60;-0,20;4,50;20;4,80;5,20;
2026-07-13 01:59:00.0;OFF;ON;50;5,20;6,40;4,90;2,70;98,30;107,60;-0,20;4,50;20;4,80;5,20;
2026-07-13 02:00:00.0;OFF;ON;50;5,20;6,40;4,90;2,70;98,30;107,60;-0,30;4,50;20;4,80;5,20;
2026-07-13 02:01:00.0;OFF;ON;50;5,10;6,40;4,90;2,70;98,30;107,60;-0,20;4,50;20;4,80;5,20;
2026-07-13 02:02:00.0;OFF;ON;50;5;6,40;4,90;2,70;98,30;107,60;-0,10;4,50;20;4,80;5,20;
2026-07-13 02:03:00.0;OFF;ON;50;5,20;6,40;4,90;2,70;98,30;107,60;-0,30;4,50;20;4,80;5,20;
2026-07-13 02:04:00.0;OFF;ON;50;5,20;6,40;4,90;2,70;98,30;107,60;-0,30;4,50;20;4,80;5,20;
2026-07-13 02:05:00.0;OFF;ON;50;5,20;6,40;4,90;2,70;98,30;107,60;-0,30;4,50;20;4,80;5,20;
2026-07-13 02:06:00.0;OFF;ON;50;5,20;6,40;4,90;2,70;98,30;107,60;-0,30;4,50;20;4,80;5,20;
2026-07-13 02:07:00.0;OFF;ON;50;5,10;6,40;4,90;2,70;98,30;107,60;-0,20;4,50;20;4,80;5,20;
2026-07-13 02:08:00.0;OFF;ON;50;5,20;6,40;4,90;2,70;98,30;107,60;-0,30;4,50;20;4,80;5,20;
2026-07-13 02:09:00.0;OFF;ON;50;5,10;6,40;4,90;2,70;98,30;107,60;-0,20;4,50;20;4,80;5,20;
2026-07-13 02:10:00.0;OFF;ON;50;5,20;6,40;4,90;2,70;98,30;107,60;-0,30;4,50;20;4,80;5,20;
2026-07-13 02:11:00.0;OFF;ON;50;5,20;6,40;4,90;2,70;98,30;107,60;-0,30;4,50;20;4,80;5,20;
2026-07-13 02:12:00.0;OFF;ON;50;5,10;6,40;4,90;2,70;98,30;107,60;-0,20;4,50;20;4,80;5,20;
2026-07-13 02:13:00.0;OFF;ON;50;5,10;6,40;4,90;2,70;98,30;107,60;-0,20;4,50;20;4,80;5,20;
2026-07-13 02:14:00.0;OFF;ON;50;5,20;6,40;4,90;2,70;98,30;107,60;-0,30;4,50;20;4,80;5,20;
2026-07-13 02:15:00.0;OFF;ON;50;5,20;6,40;4,90;2,70;98,30;107,60;-0,20;4,50;20;4,80;5,20;
2026-07-13 02:16:00.0;OFF;ON;50;5,10;6,40;4,90;2,70;98,30;107,60;-0,20;4,50;20;4,80;5,20;
2026-07-13 02:17:00.0;OFF;ON;50;5,10;6,40;4,90;2,70;98,30;107,60;-0,20;4,50;20;4,80;5,20;
2026-07-13 02:18:00.0;OFF;ON;50;5,10;6,40;4,90;2,70;98,20;107,60;-0,20;4,50;20;4,80;5,20;
2026-07-13 02:19:00.0;OFF;ON;50;5,10;6,40;4,90;2,70;98,30;107,60;-0,20;4,50;20;4,80;5,20;
2026-07-13 02:20:00.0;OFF;ON;50;5,10;6,40;4,90;2,70;98,30;107,60;-0,20;4,50;20;4,80;5,20;
2026-07-13 02:21:00.0;OFF;ON;50;5,10;6,40;4,90;2,70;98,30;107,60;-0,20;4,50;20;4,80;5,20;
2026-07-13 02:22:00.0;OFF;ON;50;5,10;6,40;4,90;2,70;98,30;107,60;-0,20;4,50;20;4,80;5,20;
2026-07-13 02:23:00.0;OFF;ON;50;5,20;6,40;4,90;2,70;98,30;107,60;-0,30;4,50;20;4,80;5,20;
2026-07-13 02:24:00.0;OFF;ON;50;5,10;6,40;4,90;2,70;98,30;107,60;-0,20;4,50;20;4,80;5,20;
2026-07-13 02:25:00.0;OFF;ON;50;5,20;6,40;4,90;2,70;98,20;107,60;-0,30;4,50;20;4,80;5,20;
2026-07-13 02:26:00.0;OFF;ON;50;5,10;6,40;4,90;2,70;98,20;107,60;-0,20;4,50;20;4,80;5,20;
2026-07-13 02:27:00.0;OFF;ON;50;5,20;6,40;4,90;2,70;98,30;107,60;-0,30;4,50;20;4,80;5,20;
2026-07-13 02:28:00.0;OFF;ON;50;5,10;6,40;4,90;2,70;98,30;107,60;-0,20;4,50;20;4,80;5,20;
2026-07-13 02:29:00.0;OFF;ON;50;5;6,40;4,90;2,70;98,30;107,60;-0,10;4,50;20;4,80;5,20;
2026-07-13 02:30:00.0;OFF;ON;50;5,10;6,40;4,90;2,70;98,30;107,60;-0,20;4,50;20;4,80;5,20;
2026-07-13 02:31:00.0;OFF;ON;50;5,10;6,40;4,90;2,70;98,30;107,60;-0,20;4,50;20;4,80;5,20;
2026-07-13 02:32:00.0;OFF;ON;50;5;6,40;4,90;2,70;98,30;107,60;-0,10;4,50;20;4,80;5,20;
2026-07-13 02:33:00.0;OFF;ON;50;5,10;6,40;4,90;2,70;98,30;107,60;-0,20;4,50;20;4,80;5,20;
2026-07-13 02:34:00.0;OFF;ON;50;5,10;6,40;4,90;2,70;98,20;107,70;-0,20;4,50;20;4,80;5,20;
2026-07-13 02:35:00.0;OFF;ON;50;5,10;6,40;4,90;2,80;98,20;91,10;-0,10;4,50;20;4,80;5,20;
2026-07-13 02:36:00.0;OFF;ON;50;5,10;6,40;4,90;2,80;98,30;91,10;-0,20;4,50;20;4,80;5,20;
2026-07-13 02:37:00.0;OFF;ON;50;5;6,40;4,90;2,80;98,30;91,40;-0,10;4,50;20;4,80;5,20;
2026-07-13 02:38:00.0;OFF;ON;50;5;6,40;4,90;2,70;98,30;91,50;-0,10;4,50;20;4,80;5,20;
2026-07-13 02:39:00.0;OFF;ON;50;5,10;6,40;4,90;2,70;98,30;91,50;-0,10;4,50;20;4,80;5,20;
2026-07-13 02:40:00.0;OFF;ON;50;5,10;6,40;4,90;2,70;98,20;91,50;-0,20;4,50;20;4,80;5,20;
2026-07-13 02:41:00.0;OFF;ON;50;5;6,40;4,90;2,70;98,30;91,50;-0,10;4,50;20;4,80;5,20;
2026-07-13 02:42:00.0;OFF;ON;50;5;6,40;4,90;2,70;98,30;91,60;-0,10;4,50;20;4,80;5,20;
2026-07-13 02:43:00.0;OFF;ON;50;5;6,40;4,90;2,70;98,30;91,60;-0,10;4,50;20;4,80;5,20;
2026-07-13 02:44:00.0;OFF;ON;50;5,10;6,40;4,90;2,70;98,20;91,60;-0,20;4,50;20;4,80;5,20;
2026-07-13 02:45:00.0;OFF;ON;50;5;6,40;4,90;2,70;98,30;91,60;-0,10;4,50;20;4,80;5,20;
2026-07-13 02:46:00.0;OFF;ON;50;4,90;6,40;4,90;2,70;98,20;91,60;0;4,50;20;4,80;5,20;
2026-07-13 02:47:00.0;OFF;ON;50;5;6,40;4,90;2,70;98,30;91,60;-0,10;4,50;20;4,80;5,20;
2026-07-13 02:48:00.0;OFF;ON;50;4,90;6,40;4,90;2,70;98,20;91,70;0;4,50;20;4,80;5,20;
2026-07-13 02:49:00.0;OFF;ON;50;5;6,40;4,90;2,70;98,20;91,80;-0,10;4,50;20;4,80;5,20;
2026-07-13 02:50:00.0;OFF;ON;50;4,90;6,40;4,90;2,70;98,30;91,80;0;4,50;20;4,80;5,20;
2026-07-13 02:51:00.0;OFF;ON;50;5;6,40;4,90;2,70;98,30;91,60;0;4,50;20;4,80;5,20;
2026-07-13 02:52:00.0;OFF;ON;50;5;6,40;4,90;2,70;98,30;91,50;-0,10;4,50;20;4,80;5,20;
2026-07-13 02:53:00.0;OFF;ON;50;5;6,40;4,90;2,70;98,20;91,70;-0,10;4,50;20;4,80;5,20;
2026-07-13 02:54:00.0;OFF;ON;50;5;6,40;4,90;2,70;98,30;91,60;-0,10;4,50;20;4,80;5,20;
2026-07-13 02:55:00.0;OFF;ON;50;5;6,40;4,90;2,70;98,20;91,60;-0,10;4,50;20;4,80;5,20;
2026-07-13 02:56:00.0;OFF;ON;50;5,10;6,40;4,90;2,70;98,20;91,60;-0,20;4,50;20;4,80;5,20;
2026-07-13 02:57:00.0;OFF;ON;50;5,10;6,40;4,90;2,70;98,30;91,60;-0,10;4,50;20;4,80;5,20;
2026-07-13 02:58:00.0;OFF;ON;50;5,10;6,40;4,90;2,70;98,20;91,50;-0,20;4,50;20;4,80;5,20;
2026-07-13 02:59:00.0;OFF;ON;50;5,10;6,40;4,90;2,70;98,30;91,70;-0,20;4,50;20;4,80;5,20;
2026-07-13 03:00:00.0;OFF;ON;50;5;6,40;4,90;2,70;98,20;91,70;-0,10;4,50;20;4,80;5,20;
2026-07-13 03:01:00.0;OFF;ON;50;5,10;6,40;4,90;2,70;98,20;91,70;-0,20;4,50;20;4,80;5,20;
2026-07-13 03:02:00.0;OFF;ON;50;5;6,40;4,90;2,70;98,20;91,70;-0,10;4,50;20;4,80;5,20;
2026-07-13 03:03:00.0;OFF;ON;50;5;6,40;4,90;2,70;98,30;91,70;-0,10;4,50;20;4,80;5,20;
2026-07-13 03:04:00.0;OFF;ON;50;5;6,40;4,90;2,70;98,20;91,70;-0,10;4,50;20;4,80;5,20;
2026-07-13 03:05:00.0;OFF;ON;50;5;6,40;4,90;2,70;98,20;91,70;-0,10;4,50;20;4,80;5,20;
2026-07-13 03:06:00.0;OFF;ON;50;5;6,40;4,90;2,70;98,20;91,70;-0,10;4,50;20;4,80;5,20;
2026-07-13 03:07:00.0;OFF;ON;50;4,90;6,40;4,90;2,70;98,20;91,70;0;4,50;20;4,70;5,20;
2026-07-13 03:08:00.0;OFF;ON;50;5;6,40;4,90;2,70;98,20;91,70;-0,10;4,50;20;4,70;5,20;
2026-07-13 03:09:00.0;OFF;ON;50;4,90;6,40;4,90;2,70;98,20;91,70;0;4,50;20;4,70;5,20;
2026-07-13 03:10:00.0;OFF;ON;50;4,90;6,40;4,90;2,70;98,20;91,70;0;4,50;20;4,70;5,20;
2026-07-13 03:11:00.0;OFF;ON;50;4,90;6,40;4,90;2,70;98,20;91,80;0;4,50;20;4,70;5,20;
2026-07-13 03:12:00.0;OFF;ON;50;5;6,40;4,90;2,70;98,20;92,10;-0,10;4,50;20;4,70;5,20;
2026-07-13 03:13:00.0;OFF;ON;50;5,10;6,40;4,90;2,70;98,20;91,90;-0,20;4,50;20;4,70;5,20;
2026-07-13 03:14:00.0;OFF;ON;50;5,10;6,40;4,90;2,70;98,20;92,20;-0,20;4,50;20;4,70;5,20;
2026-07-13 03:15:00.0;OFF;ON;50;5;6,40;4,90;2,70;98,20;92,20;-0,10;4,50;20;4,70;5,20;
2026-07-13 03:16:00.0;OFF;ON;50;5;6,40;4,90;2,70;98,20;92,20;-0,10;4,50;20;4,70;5,20;
2026-07-13 03:17:00.0;OFF;ON;50;5,10;6,40;4,90;2,70;98,20;92,20;-0,20;4,50;20;4,70;5,20;
2026-07-13 03:18:00.0;OFF;ON;50;5,10;6,40;4,90;2,70;98,20;92,20;-0,20;4,50;20;4,70;5,20;
2026-07-13 03:19:00.0;OFF;ON;50;5,10;6,40;4,90;2,70;98,20;92,20;-0,20;4,50;20;4,70;5,20;
2026-07-13 03:20:00.0;OFF;ON;50;5;6,40;4,90;2,70;98,20;92,20;-0,10;4,50;20;4,70;5,20;
2026-07-13 03:21:00.0;OFF;ON;50;5;6,40;4,90;2,70;98,20;92,20;-0,10;4,50;20;4,70;5,20;
2026-07-13 03:22:00.0;OFF;ON;50;5,10;6,40;4,90;2,70;98,20;92,20;-0,20;4,50;20;4,70;5,20;
2026-07-13 03:23:00.0;OFF;ON;50;5,10;6,40;4,90;2,70;98,20;91,80;-0,20;4,50;20;4,70;5,20;
2026-07-13 03:24:00.0;OFF;ON;50;5,10;6,40;4,90;2,70;98,20;91,80;-0,10;4,50;20;4,70;5,20;
2026-07-13 03:25:00.0;OFF;ON;50;5,10;6,40;4,90;2,70;98,20;92,20;-0,20;4,50;20;4,70;5,20;
2026-07-13 03:26:00.0;OFF;ON;50;5;6,40;4,90;2,70;98,20;92,30;-0,10;4,50;20;4,70;5,20;
2026-07-13 03:27:00.0;OFF;ON;50;5,10;6,40;4,90;2,70;98,20;92,10;-0,20;4,50;20;4,70;5,20;
2026-07-13 03:28:00.0;OFF;ON;50;5,10;6,40;4,90;2,70;98,20;91,90;-0,20;4,50;20;4,70;5,20;
2026-07-13 03:29:00.0;OFF;ON;50;5;6,40;4,90;2,70;98,20;91,80;-0,20;4,50;20;4,70;5,20;
2026-07-13 03:30:00.0;OFF;ON;50;5;6,40;4,90;2,70;98,20;92,30;-0,10;4,50;20;4,70;5,20;
2026-07-13 03:31:00.0;OFF;ON;50;5,10;6,40;4,90;2,70;98,20;92,30;-0,20;4,50;20;4,70;5,20;
2026-07-13 03:32:00.0;OFF;ON;50;5,10;6,40;4,90;2,70;98,20;92,30;-0,20;4,50;20;4,70;5,20;
2026-07-13 03:33:00.0;OFF;ON;50;5;6,40;4,90;2,70;98,20;92,30;-0,10;4,50;20;4,70;5,20;
2026-07-13 03:34:00.0;OFF;ON;50;5,10;6,40;4,90;2,70;98,20;92,10;-0,20;4,50;20;4,70;5,20;
2026-07-13 03:35:00.0;OFF;ON;50;5;6,40;4,90;2,70;98,20;92,30;-0,10;4,50;20;4,70;5,20;
2026-07-13 03:36:00.0;OFF;ON;50;5,10;6,40;4,90;2,70;98,20;92,40;-0,20;4,50;20;4,70;5,20;
2026-07-13 03:37:00.0;OFF;ON;50;5,10;6,40;4,90;2,70;98,20;92,40;-0,20;4,50;20;4,70;5,20;
2026-07-13 03:38:00.0;OFF;ON;50;5;6,40;4,90;2,70;98,20;92,40;-0,20;4,50;20;4,70;5,20;
2026-07-13 03:39:00.0;OFF;ON;50;5;6,40;4,90;2,70;98,20;92,40;-0,10;4,50;20;4,70;5,20;
2026-07-13 03:40:00.0;OFF;ON;50;5;6,40;4,90;2,70;98,20;92,40;-0,10;4,50;20;4,70;5,20;
2026-07-13 03:41:00.0;OFF;ON;50;5,10;6,40;4,90;2,70;98,20;92,40;-0,20;4,50;20;4,70;5,20;
2026-07-13 03:42:00.0;OFF;ON;50;5;6,40;4,90;2,70;98,20;92,40;-0,20;4,50;20;4,70;5,20;
2026-07-13 03:43:00.0;OFF;ON;50;5;6,40;4,90;2,70;98,20;92,40;-0,10;4,50;20;4,70;5,20;
2026-07-13 03:44:00.0;OFF;ON;50;5;6,40;4,90;2,70;98,20;92,40;-0,10;4,50;20;4,70;5,20;
2026-07-13 03:45:00.0;OFF;ON;50;4,90;6,40;4,90;2,70;98,20;92,40;-0,10;4,50;20;4,70;5,20;
2026-07-13 03:46:00.0;OFF;ON;50;5;6,40;4,90;2,70;98,20;92,40;-0,20;4,50;20;4,70;5,10;
2026-07-13 03:47:00.0;OFF;ON;50;5;6,40;4,90;2,70;98,20;92,40;-0,10;4,50;20;4,70;5,10;
2026-07-13 03:48:00.0;OFF;ON;50;5,10;6,40;4,90;2,70;98,20;92,40;-0,20;4,50;20;4,70;5,10;
2026-07-13 03:49:00.0;OFF;ON;50;5;6,40;4,90;2,70;98,20;92,40;-0,20;4,50;20;4,70;5,10;
2026-07-13 03:50:00.0;OFF;ON;50;5;6,40;4,90;2,70;98,20;92,40;-0,10;4,50;20;4,70;5,10;
2026-07-13 03:51:00.0;OFF;ON;50;5;6,40;4,90;2,70;98,20;92,40;-0,20;4,50;20;4,70;5,10;
2026-07-13 03:52:00.0;OFF;ON;50;5,10;6,40;4,90;2,70;98,20;92,40;-0,20;4,50;20;4,70;5,10;
2026-07-13 03:53:00.0;OFF;ON;50;5;6,40;4,90;2,70;98,20;92,40;-0,20;4,50;20;4,70;5,10;
2026-07-13 03:54:00.0;OFF;ON;50;5;6,30;4,80;2,70;98,20;92,40;-0,10;4,50;20;4,70;5,10;
2026-07-13 03:55:00.0;OFF;ON;50;5;6,30;4,80;2,70;98,20;92,40;-0,10;4,50;20;4,70;5,10;
2026-07-13 03:56:00.0;OFF;ON;50;4,90;6,30;4,80;2,70;98,20;92,40;-0,10;4,50;20;4,70;5,10;
2026-07-13 03:57:00.0;OFF;ON;50;5;6,30;4,80;2,70;98,20;92,40;-0,20;4,50;20;4,70;5,10;
2026-07-13 03:58:00.0;OFF;ON;50;5;6,30;4,80;2,70;98,20;92,40;-0,10;4,50;20;4,70;5,10;
2026-07-13 03:59:00.0;OFF;ON;50;5;6,30;4,80;2,70;98,20;92,40;-0,10;4,50;20;4,70;5,10;
2026-07-13 04:00:00.0;OFF;ON;50;5;6,30;4,80;2,70;98,20;92,40;-0,10;4,50;20;4,70;5,10;
2026-07-13 04:01:00.0;OFF;ON;50;5;6,30;4,80;2,70;98,20;92,40;-0,20;4,50;20;4,70;5,10;
2026-07-13 04:02:00.0;OFF;ON;50;5;6,30;4,80;2,70;98,20;92,40;-0,20;4,50;20;4,70;5,10;
2026-07-13 04:03:00.0;OFF;ON;50;5,10;6,30;4,80;2,70;98,20;92,40;-0,30;4,50;20;4,70;5,10;
2026-07-13 04:04:00.0;OFF;ON;50;5;6,30;4,80;2,70;98,20;92,40;-0,20;4,50;20;4,70;5,10;
2026-07-13 04:05:00.0;OFF;ON;50;5;6,30;4,80;2,70;98,20;92,40;-0,20;4,50;20;4,70;5,10;
2026-07-13 04:06:00.0;OFF;ON;50;5,10;6,30;4,80;2,70;98,20;92,40;-0,20;4,50;20;4,70;5,10;
2026-07-13 04:07:00.0;OFF;ON;50;5;6,30;4,80;2,70;98,20;92,40;-0,10;4,50;20;4,70;5,10;
2026-07-13 04:08:00.0;OFF;ON;50;4,90;6,30;4,80;2,70;98,20;92,40;-0,10;4,50;20;4,70;5,10;
2026-07-13 04:09:00.0;OFF;ON;50;5;6,30;4,80;2,70;98,20;92,40;-0,20;4,50;20;4,70;5,10;
2026-07-13 04:10:00.0;OFF;ON;50;5;6,30;4,80;2,70;98,20;92,40;-0,10;4,50;20;4,70;5,10;
2026-07-13 04:11:00.0;OFF;ON;50;4,90;6,30;4,80;2,70;98,20;92,10;-0,10;4,50;20;4,70;5,10;
2026-07-13 04:12:00.0;OFF;ON;50;5;6,30;4,80;2,70;98,20;92,10;-0,20;4,50;20;4,70;5,10;
2026-07-13 04:13:00.0;OFF;ON;50;5;6,30;4,80;2,70;98,20;92,10;-0,20;4,50;20;4,70;5,10;
2026-07-13 04:14:00.0;OFF;ON;50;5;6,30;4,80;2,70;98,20;92,20;-0,20;4,50;20;4,70;5,10;
2026-07-13 04:15:00.0;OFF;ON;50;5,10;6,30;4,80;2,70;98,20;92;-0,20;4,50;20;4,70;5,10;
2026-07-13 04:16:00.0;OFF;ON;50;5;6,30;4,80;2,70;98,20;92,20;-0,10;4,50;20;4,70;5,10;
2026-07-13 04:17:00.0;OFF;ON;50;5;6,30;4,80;2,70;98,20;92,10;-0,20;4,50;20;4,70;5,10;
2026-07-13 04:18:00.0;OFF;ON;50;5;6,30;4,80;2,70;98,20;92,20;-0,20;4,50;20;4,70;5,10;
2026-07-13 04:19:00.0;OFF;ON;50;5;6,30;4,80;2,70;98,20;92,60;-0,20;4,50;20;4,70;5,10;
2026-07-13 04:20:00.0;OFF;ON;50;5;6,30;4,80;2,70;98,20;92,60;-0,20;4,50;20;4,70;5,10;
2026-07-13 04:21:00.0;OFF;ON;50;5,10;6,30;4,80;2,70;98,20;92,40;-0,30;4,50;20;4,70;5,10;
2026-07-13 04:22:00.0;OFF;ON;50;5;6,30;4,80;2,70;98,20;92,40;-0,20;4,50;20;4,70;5,10;
2026-07-13 04:23:00.0;OFF;ON;50;5;6,30;4,80;2,70;98,20;92,40;-0,20;4,50;20;4,70;5,10;
2026-07-13 04:24:00.0;OFF;ON;50;5;6,30;4,80;2,70;98,20;92,40;-0,20;4,50;20;4,70;5,10;
2026-07-13 04:25:00.0;OFF;ON;50;5;6,30;4,80;2,70;98,20;92,40;-0,20;4,50;20;4,70;5,10;
2026-07-13 04:26:00.0;OFF;ON;50;4,90;6,30;4,80;2,70;98,20;92,40;-0,10;4,50;20;4,70;5,10;
2026-07-13 04:27:00.0;OFF;ON;50;5,10;6,30;4,80;2,70;98,20;92,30;-0,30;4,50;20;4,70;5,10;
2026-07-13 04:28:00.0;OFF;ON;50;5;6,30;4,80;2,70;98,20;92,20;-0,20;4,50;20;4,70;5,10;
2026-07-13 04:29:00.0;OFF;ON;50;4,90;6,30;4,80;2,70;98,20;92,40;-0,10;4,50;20;4,70;5,10;
2026-07-13 04:30:00.0;OFF;ON;50;4,90;6,30;4,80;2,70;98,20;92,40;-0,10;4,50;20;4,70;5,10;
2026-07-13 04:31:00.0;OFF;ON;50;5,10;6,30;4,80;2,70;98,20;92,20;-0,20;4,50;20;4,70;5,10;
2026-07-13 04:32:00.0;OFF;ON;50;4,90;6,30;4,80;2,70;98,20;92,10;-0,10;4,50;20;4,70;5,10;
2026-07-13 04:33:00.0;OFF;ON;50;4,90;6,30;4,80;2,70;98,20;92,10;-0,10;4,50;20;4,70;5,10;
2026-07-13 04:34:00.0;OFF;ON;50;4,90;6,30;4,80;2,70;98,20;92,10;-0,10;4,50;20;4,70;5,10;
2026-07-13 04:35:00.0;OFF;ON;50;4,90;6,30;4,80;2,70;98,20;92,20;-0,10;4,50;20;4,70;5,10;
2026-07-13 04:36:00.0;OFF;ON;50;4,90;6,30;4,80;2,70;98,20;92,20;-0,10;4,50;20;4,70;5,10;
2026-07-13 04:37:00.0;OFF;ON;50;4,90;6,30;4,80;2,70;98,20;92,20;-0,10;4,50;20;4,70;5,10;
2026-07-13 04:38:00.0;OFF;ON;50;4,90;6,30;4,80;2,70;98,20;92,40;-0,10;4,50;20;4,70;5,10;
2026-07-13 04:39:00.0;OFF;ON;50;5;6,30;4,80;2,70;98,20;92,10;-0,20;4,50;20;4,70;5,10;
2026-07-13 04:40:00.0;OFF;ON;50;5;6,30;4,80;2,70;98,20;1,10;-0,20;4,50;20;4,70;5,10;
2026-07-13 04:41:00.0;OFF;ON;50;5;6,30;4,80;2,50;98,20;0,80;-0,20;4,50;20;4,70;5,10;
2026-07-13 04:42:00.0;OFF;ON;50;5;6,30;4,80;2,80;98,20;0;-0,20;4,50;20;4,70;5,10;
2026-07-13 04:43:00.0;OFF;ON;50;4,90;6,30;4,80;2,70;98,20;0;-0,10;4,50;20;4,70;5,10;
2026-07-13 04:44:00.0;OFF;ON;50;4,90;6,30;4,80;2,70;98,20;0;-0,10;4,50;20;4,70;5,10;
2026-07-13 04:45:00.0;OFF;ON;50;5;6,30;4,80;2,70;98,20;0;-0,20;4,50;20;4,70;5,10;
2026-07-13 04:46:00.0;OFF;ON;50;4,90;6,30;4,80;2,60;98,20;0;-0,10;4,50;20;4,70;5,10;
2026-07-13 04:47:00.0;OFF;ON;50;5;6,30;4,80;2,60;98,20;0;-0,20;4,50;20;4,70;5,10;
2026-07-13 04:48:00.0;OFF;ON;50;5;6,30;4,80;2,60;98,20;0;-0,20;4,50;20;4,60;5,10;
2026-07-13 04:49:00.0;OFF;ON;50;4,90;6,30;4,80;2,60;98,20;0;-0,20;4,50;20;4,70;5,10;
2026-07-13 04:50:00.0;OFF;ON;50;5;6,30;4,80;2,60;98,20;0;-0,20;4,50;20;4,60;5,10;
2026-07-13 04:51:00.0;OFF;ON;50;5,10;6,30;4,80;2,60;98,20;0;-0,30;4,50;20;4,60;5,10;
2026-07-13 04:52:00.0;OFF;ON;50;5;6,30;4,80;2,60;98,20;0;-0,20;4,50;20;4,60;5,10;
2026-07-13 04:53:00.0;OFF;ON;50;5;6,30;4,80;2,60;98,20;0;-0,20;4,50;20;4,60;5;
2026-07-13 04:54:00.0;OFF;ON;50;4,90;6,30;4,80;2,60;98,20;0;-0,10;4,50;20;4,60;5;
2026-07-13 04:55:00.0;OFF;ON;50;4,90;6,30;4,80;2,60;98,20;0;-0,10;4,50;20;4,60;5;
2026-07-13 04:56:00.0;OFF;ON;50;4,90;6,30;4,80;2,60;98,20;0;-0,10;4,50;20;4,60;5;
2026-07-13 04:57:00.0;OFF;ON;50;4,90;6,30;4,80;2,60;98,20;0;-0,10;4,50;20;4,60;5;
2026-07-13 04:58:00.0;OFF;ON;50;4,90;6,30;4,80;2,60;98,20;0;-0,20;4,50;20;4,60;5;
2026-07-13 04:59:00.0;OFF;ON;50;4,90;6,30;4,80;2,60;98,20;0;-0,10;4,50;20;4,60;5;
2026-07-13 05:00:00.0;OFF;ON;50;5;6,30;4,80;2,60;98,20;0;-0,30;4,50;20;4,60;5;
2026-07-13 05:01:00.0;OFF;ON;50;4,80;6,30;4,80;2,60;98,20;0;-0,10;4,50;20;4,60;5;
2026-07-13 05:02:00.0;OFF;ON;50;4,90;6,30;4,80;2,60;98,20;0;-0,10;4,50;20;4,60;5;
2026-07-13 05:03:00.0;OFF;ON;50;4,80;6,30;4,80;2,60;98,20;0;-0,10;4,50;20;4,60;5;
2026-07-13 05:04:00.0;OFF;ON;50;4,80;6,30;4,80;2,60;98,20;0;-0,10;4,50;20;4,60;5;
2026-07-13 05:05:00.0;OFF;ON;50;4,90;6,30;4,80;2,60;98,20;0;-0,10;4,50;20;4,60;5;
2026-07-13 05:06:00.0;OFF;ON;50;4,70;6,20;4,70;2,60;98,20;0;0;4,50;20;4,60;5;
2026-07-13 05:07:00.0;OFF;ON;50;4,70;6,20;4,70;2,60;98,20;0;0;4,50;20;4,60;4,90;
2026-07-13 05:08:00.0;OFF;ON;50;4,60;6,20;4,70;2,60;98,20;0;0,10;4,50;20;4,60;4,90;
2026-07-13 05:09:00.0;OFF;ON;50;4,60;6,20;4,70;2,60;98,20;0;0,10;4,50;20;4,60;4,90;
2026-07-13 05:10:00.0;OFF;ON;50;4,60;6,20;4,70;2,60;98,20;0;0,10;4,50;20;4,50;4,90;
2026-07-13 05:11:00.0;OFF;ON;50;4,50;6,20;4,70;2,60;98,20;0;0,10;4,50;20;4,50;4,80;
2026-07-13 05:12:00.0;OFF;ON;50;4,60;6,20;4,60;2,60;98,20;0;0;4,50;20;4,50;4,80;
2026-07-13 05:13:00.0;OFF;ON;50;4,60;6,10;4,60;2,60;98,20;0;0;4,50;20;4,50;4,80;
2026-07-13 05:14:00.0;OFF;ON;50;4,40;6,10;4,60;2,60;98,20;0;0,20;4,50;20;4,50;4,80;
2026-07-13 05:15:00.0;OFF;ON;50;4,40;6,10;4,60;2,60;98,20;0;0,20;4,50;20;4,50;4,80;
2026-07-13 05:16:00.0;OFF;ON;50;4,40;6,10;4,60;2,60;98,20;0;0,20;4,50;20;4,40;4,70;
2026-07-13 05:17:00.0;OFF;ON;50;4,40;6,10;4,60;2,60;98,20;0;0,20;4,50;20;4,40;4,70;
2026-07-13 05:18:00.0;OFF;ON;50;4,50;6;4,50;2,60;98,20;0;0;4,50;20;4,40;4,70;
2026-07-13 05:19:00.0;OFF;ON;50;4,30;6;4,50;2,60;98,20;0;0,20;4,50;20;4,40;4,70;
2026-07-13 05:20:00.0;OFF;ON;50;4,40;6;4,50;2,60;98,20;0;0,10;4,50;20;4,40;4,70;
2026-07-13 05:21:00.0;OFF;ON;50;4,30;6;4,50;2,60;98,10;0;0,20;4,50;20;4,40;4,60;
2026-07-13 05:22:00.0;OFF;ON;50;4,20;6;4,50;2,60;98,10;0;0,30;4,50;20;4,40;4,60;
2026-07-13 05:23:00.0;OFF;ON;50;4,20;6;4,50;2,60;98;0;0,20;4,50;20;4,30;4,60;
2026-07-13 05:24:00.0;OFF;ON;50;4,40;6;4,50;2,60;98;0;0,10;4,50;20;4,30;4,60;
2026-07-13 05:25:00.0;OFF;ON;50;4,20;6;4,40;2,60;98;0;0,30;4,50;20;4,30;4,60;
2026-07-13 05:26:00.0;OFF;ON;50;4,30;5,90;4,40;2,60;98;0;0,20;4,50;20;4,30;4,60;
2026-07-13 05:27:00.0;OFF;ON;50;4,40;5,90;4,40;2,60;98;0;0,10;4,50;20;4,30;4,50;
2026-07-13 05:28:00.0;OFF;ON;50;4,30;5,90;4,40;2,60;97,90;0;0,10;4,50;20;4,30;4,50;
2026-07-13 05:29:00.0;OFF;ON;50;4,30;5,90;4,40;2,60;98;0;0,10;4,50;20;4,30;4,50;
2026-07-13 05:30:00.0;OFF;ON;50;4,20;5,90;4,40;2,60;98;0;0,20;4,50;20;4,30;4,50;
2026-07-13 05:31:00.0;OFF;ON;50;4,20;5,90;4,40;2,60;98;0;0,20;4,50;20;4,30;4,50;
2026-07-13 05:32:00.0;OFF;ON;50;4,30;5,90;4,40;2,60;97,90;0;0,10;4,50;20;4,20;4,50;
2026-07-13 05:33:00.0;OFF;ON;50;4,10;5,90;4,40;2,60;97,90;0;0,20;4,50;20;4,20;4,50;
2026-07-13 05:34:00.0;OFF;ON;50;4,10;5,90;4,40;2,60;97,90;0;0,20;4,50;20;4,20;4,50;
2026-07-13 05:35:00.0;OFF;ON;50;4,40;5,90;4,40;2,60;97,90;0;0;4,50;20;4,20;4,50;
2026-07-13 05:36:00.0;OFF;ON;50;4,30;5,90;4,40;2,60;97,90;0;0;4,50;20;4,20;4,50;
2026-07-13 05:37:00.0;OFF;ON;50;4,50;5,90;4,40;2,60;97,90;0;-0,10;4,50;20;4,20;4,50;
2026-07-13 05:38:00.0;OFF;ON;50;4,40;5,90;4,40;2,60;97,90;0;0;4,50;20;4,30;4,50;
2026-07-13 05:39:00.0;OFF;ON;50;4,50;5,90;4,40;2,60;98;0;-0,10;4,50;20;4,30;4,60;
2026-07-13 05:40:00.0;OFF;ON;50;4,50;5,90;4,40;2,60;98;0;-0,10;4,50;20;4,30;4,60;
2026-07-13 05:41:00.0;OFF;ON;50;4,50;5,90;4,40;2,60;98,10;0;0;4,50;20;4,30;4,60;
2026-07-13 05:42:00.0;OFF;ON;50;4,60;5,90;4,40;2,60;98,10;0;-0,20;4,50;20;4,30;4,60;
2026-07-13 05:43:00.0;OFF;ON;50;4,30;5,90;4,40;2,60;98,10;0;0,10;4,50;20;4,30;4,60;
2026-07-13 05:44:00.0;OFF;ON;50;4,40;5,90;4,40;2,60;98,10;0;0;4,50;20;4,30;4,60;
2026-07-13 05:45:00.0;OFF;ON;50;4,50;5,90;4,40;2,60;98,10;0;-0,10;4,50;20;4,30;4,60;
2026-07-13 05:46:00.0;OFF;ON;50;4,60;5,90;4,40;2,60;98,20;0;-0,10;4,50;20;4,30;4,60;
2026-07-13 05:47:00.0;OFF;ON;50;4,50;5,90;4,40;2,60;98,20;0;-0,10;4,50;20;4,30;4,60;
2026-07-13 05:48:00.0;OFF;ON;50;4,50;5,90;4,40;2,60;98,20;0;-0,10;4,50;20;4,30;4,70;
2026-07-13 05:49:00.0;OFF;ON;50;4,60;6;4,50;2,60;98,20;0;-0,10;4,50;20;4,30;4,70;
2026-07-13 05:50:00.0;OFF;ON;50;4,60;6;4,50;2,60;98,20;0;-0,20;4,50;20;4,30;4,70;
2026-07-13 05:51:00.0;OFF;ON;50;4,60;6;4,50;2,60;98,20;0;-0,10;4,50;20;4,40;4,70;
2026-07-13 05:52:00.0;OFF;ON;50;4,60;6;4,50;2,60;98,20;0;-0,10;4,50;20;4,40;4,70;
2026-07-13 05:53:00.0;OFF;ON;50;4,60;6;4,50;2,60;98,20;0;-0,10;4,50;20;4,40;4,70;
2026-07-13 05:54:00.0;OFF;ON;50;4,70;6;4,50;2,60;98,20;0;-0,20;4,50;20;4,40;4,70;
2026-07-13 05:55:00.0;OFF;ON;50;4,70;6;4,50;2,60;98,20;0;-0,20;4,50;20;4,40;4,80;
2026-07-13 05:56:00.0;OFF;ON;50;4,60;6;4,50;2,60;98,20;0;-0,10;4,50;20;4,40;4,80;
2026-07-13 05:57:00.0;OFF;ON;50;4,80;6;4,50;2,60;98,20;0;-0,30;4,50;20;4,40;4,80;
2026-07-13 05:58:00.0;OFF;ON;50;4,70;6;4,50;2,60;98,10;0;-0,20;4,50;20;4,40;4,80;
2026-07-13 05:59:00.0;OFF;ON;50;4,70;6;4,50;2,60;98,10;0;-0,20;4,50;20;4,40;4,80;
2026-07-13 06:00:00.0;OFF;ON;50;4,60;6;4,50;2,60;98,10;0;-0,10;4,50;20;4,40;4,80;
2026-07-13 06:01:00.0;OFF;ON;50;4,80;6;4,50;2,60;98,10;0;-0,30;4,50;20;4,40;4,80;
2026-07-13 06:02:00.0;OFF;ON;50;4,80;6;4,50;2,60;98,10;0;-0,20;4,50;20;4,40;4,80;
2026-07-13 06:03:00.0;OFF;ON;50;4,80;6;4,50;2,60;98,10;0;-0,30;4,50;20;4,40;4,80;
2026-07-13 06:04:00.0;OFF;ON;50;4,80;6;4,60;2,60;98,10;0;-0,30;4,50;20;4,40;4,80;
2026-07-13 06:05:00.0;OFF;ON;50;4,70;6,10;4,60;2,60;98,10;0;-0,20;4,50;20;4,40;4,80;
2026-07-13 06:06:00.0;OFF;ON;50;4,80;6,10;4,60;2,60;98,10;0;-0,20;4,50;20;4,40;4,80;
2026-07-13 06:07:00.0;OFF;ON;50;4,70;6,10;4,60;2,60;98,10;0;-0,10;4,50;20;4,40;4,90;
2026-07-13 06:08:00.0;OFF;ON;50;4,80;6,10;4,60;2,60;98,20;0;-0,20;4,50;20;4,40;4,90;
2026-07-13 06:09:00.0;OFF;ON;50;4,80;6,10;4,60;2,60;98,20;0;-0,20;4,50;20;4,40;4,90;
2026-07-13 06:10:00.0;OFF;ON;50;4,90;6,10;4,60;2,60;98,20;0;-0,40;4,50;20;4,40;4,90;
2026-07-13 06:11:00.0;OFF;ON;50;4,70;6,10;4,60;2,60;98,20;0;-0,20;4,50;20;4,50;4,90;
2026-07-13 06:12:00.0;OFF;ON;50;4,90;6,10;4,60;2,60;98,10;0;-0,30;4,50;20;4,50;4,90;
2026-07-13 06:13:00.0;OFF;ON;50;4,90;6,10;4,60;2,60;98,20;0;-0,30;4,50;20;4,50;4,90;
2026-07-13 06:14:00.0;OFF;ON;50;5;6,10;4,60;2,60;98,20;0;-0,40;4,50;20;4,50;4,90;
2026-07-13 06:15:00.0;OFF;ON;50;5;6,10;4,60;2,60;98,20;0;-0,40;4,50;20;4,50;4,90;
2026-07-13 06:16:00.0;OFF;ON;50;4,80;6,10;4,60;2,60;98,20;0;-0,20;4,50;20;4,50;4,90;
2026-07-13 06:17:00.0;OFF;ON;50;4,90;6,10;4,60;2,60;98,10;0;-0,30;4,50;20;4,50;4,90;
2026-07-13 06:18:00.0;OFF;ON;50;5;6,10;4,60;2,60;98,20;0;-0,30;4,50;20;4,50;4,90;
2026-07-13 06:19:00.0;OFF;ON;50;4,90;6,10;4,60;2,60;98,20;0;-0,30;4,50;20;4,50;4,90;
2026-07-13 06:20:00.0;OFF;ON;50;4,90;6,10;4,60;2,60;98,20;0;-0,30;4,50;20;4,50;5;
2026-07-13 06:21:00.0;OFF;ON;50;4,80;6,10;4,60;2,60;98,10;0;-0,20;4,50;20;4,50;5;
2026-07-13 06:22:00.0;OFF;ON;50;5;6,10;4,60;2,60;98,10;0;-0,40;4,50;20;4,50;4,90;
2026-07-13 06:23:00.0;OFF;ON;50;4,90;6,10;4,60;2,60;98,10;0;-0,30;4,50;20;4,50;5;
2026-07-13 06:24:00.0;OFF;ON;50;4,80;6,10;4,60;2,60;98,10;0;-0,10;4,50;20;4,50;5;
2026-07-13 06:25:00.0;OFF;ON;50;4,90;6,10;4,60;2,60;98,10;0;-0,20;4,50;20;4,50;5;
2026-07-13 06:26:00.0;OFF;ON;50;4,90;6,10;4,60;2,60;98,10;0;-0,20;4,50;20;4,50;5;
2026-07-13 06:27:00.0;OFF;ON;50;5;6,10;4,60;2,60;98,10;0;-0,30;4,50;20;4,50;5;
2026-07-13 06:28:00.0;OFF;ON;50;4,90;6,10;4,60;2,60;98,10;0;-0,20;4,50;20;4,50;5;
2026-07-13 06:29:00.0;OFF;ON;50;4,80;6,20;4,60;2,60;98,20;0;-0,20;4,50;20;4,50;5;
2026-07-13 06:30:00.0;OFF;ON;50;4,90;6,20;4,70;2,60;98,10;0;-0,20;4,50;20;4,50;5;
2026-07-13 06:31:00.0;OFF;ON;50;4,80;6,20;4,70;2,60;98,10;0;-0,20;4,50;20;4,50;5;
2026-07-13 06:32:00.0;OFF;ON;50;4,90;6,20;4,70;2,60;98,20;0;-0,30;4,50;20;4,50;5;
2026-07-13 06:33:00.0;OFF;ON;50;4,90;6,20;4,70;2,60;98,10;0;-0,20;4,50;20;4,50;5;
2026-07-13 06:34:00.0;OFF;ON;50;4,90;6,20;4,70;2,60;98,10;0;-0,30;4,50;20;4,50;5;
2026-07-13 06:35:00.0;OFF;ON;50;4,90;6,20;4,70;2,60;98,10;0;-0,20;4,50;20;4,50;5;
2026-07-13 06:36:00.0;OFF;ON;50;4,80;6,20;4,70;2,60;98,10;0;-0,10;4,50;20;4,60;5;
2026-07-13 06:37:00.0;OFF;ON;50;4,90;6,20;4,70;2,60;98,10;0;-0,20;4,50;20;4,60;5;
2026-07-13 06:38:00.0;OFF;ON;50;5;6,20;4,70;2,60;98,10;0;-0,30;4,50;20;4,60;5;
2026-07-13 06:39:00.0;OFF;ON;50;4,90;6,20;4,70;2,60;98,10;0;-0,20;4,50;20;4,60;5,10;
2026-07-13 06:40:00.0;OFF;ON;50;5;6,20;4,70;2,50;98,20;0;-0,30;4,50;20;4,60;5,10;
2026-07-13 06:41:00.0;OFF;ON;50;4,90;6,20;4,70;2,50;98,20;0;-0,20;4,50;20;4,60;5,10;
2026-07-13 06:42:00.0;OFF;ON;50;4,90;6,20;4,70;2,50;98,10;0;-0,20;4,50;20;4,60;5;
2026-07-13 06:43:00.0;OFF;ON;50;4,70;6,20;4,70;2,50;98,10;0;-0,10;4,50;20;4,60;5;
2026-07-13 06:44:00.0;OFF;ON;50;4,70;6,20;4,70;2,50;98,10;0;-0,10;4,50;20;4,60;5;
2026-07-13 06:45:00.0;OFF;ON;50;4,60;6,20;4,70;2,50;98,10;0;0,10;4,50;20;4,50;5;
2026-07-13 06:46:00.0;OFF;ON;50;4,60;6,10;4,60;2,50;98,20;0;0,10;4,50;20;4,50;4,90;
2026-07-13 06:47:00.0;OFF;ON;50;4,60;6;4,60;2,80;98,20;0;0;4,50;20;4,50;4,80;
2026-07-13 06:48:00.0;OFF;ON;50;4,60;6,10;4,60;2,20;98,20;5,80;-0,10;4,50;20;4,40;4,80;
2026-07-13 06:49:00.0;OFF;ON;50;4,60;6;4,50;2,30;98,20;0;0;4,50;20;4,40;4,80;
2026-07-13 06:50:00.0;OFF;ON;50;4,50;6;4,50;2,60;98,20;0,40;0;4,50;20;4,40;4,80;
2026-07-13 06:51:00.0;OFF;ON;50;4,40;6;4,50;2,50;98,20;0;0,10;4,50;20;4,40;4,80;
2026-07-13 06:52:00.0;OFF;ON;50;4,60;6;4,50;2,50;98,20;0;-0,10;4,50;20;4,40;4,80;
2026-07-13 06:53:00.0;OFF;ON;50;4,70;6;4,50;2,50;98,20;0;-0,20;4,50;20;4,40;4,80;
2026-07-13 06:54:00.0;OFF;ON;50;4,70;6;4,50;2,50;98,20;0;-0,10;4,50;20;4,40;4,80;
2026-07-13 06:55:00.0;OFF;ON;50;4,70;6;4,50;2,50;98,20;0;-0,20;4,50;20;4,40;4,80;
2026-07-13 06:56:00.0;OFF;ON;50;4,50;6;4,50;2,50;98,20;0;0;4,50;20;4,40;4,80;
2026-07-13 06:57:00.0;OFF;ON;50;4,60;6;4,50;2,50;98,20;0;0;4,50;20;4,40;4,80;
2026-07-13 06:58:00.0;OFF;ON;50;4,60;6;4,50;2,50;98,20;0;-0,10;4,50;20;4,40;4,80;
2026-07-13 06:59:00.0;OFF;ON;50;4,80;6;4,50;2,50;98,20;0;-0,20;4,50;20;4,40;4,80;
2026-07-13 07:00:00.0;OFF;ON;50;4,80;6;4,50;2,50;98,20;0;-0,20;4,50;20;4,40;4,80;
2026-07-13 07:01:00.0;OFF;ON;50;4,70;6;4,50;2,50;98,20;0;-0,10;4,50;20;4,40;4,80;
2026-07-13 07:02:00.0;OFF;ON;50;4,80;6;4,50;2,50;98,20;0;-0,20;4,50;20;4,40;4,80;
2026-07-13 07:03:00.0;OFF;ON;50;4,60;6;4,50;2,50;98,20;6553,50;-0,10;4,50;20;4,40;4,80;
2026-07-13 07:04:00.0;OFF;ON;50;4,80;6;4,50;2,50;98,20;0;-0,30;4,50;20;4,40;4,80;
2026-07-13 07:05:00.0;OFF;ON;50;4,70;6;4,60;2,50;98,20;0;-0,10;4,50;20;4,40;4,90;
2026-07-13 07:06:00.0;OFF;ON;50;4,70;6,10;4,60;2,50;98,20;0;-0,10;4,50;20;4,40;4,90;
2026-07-13 07:07:00.0;OFF;ON;50;4,80;6,10;4,60;2,50;98,20;0;-0,20;4,50;20;4,40;4,80;
2026-07-13 07:08:00.0;OFF;ON;50;4,60;6;4,50;2,50;98,20;0;-0,10;4,50;20;4,40;4,90;
2026-07-13 07:09:00.0;OFF;ON;50;4,60;6;4,50;2,50;98,20;0;-0,10;4,50;20;4,40;4,90;
2026-07-13 07:10:00.0;OFF;ON;50;4,70;6,10;4,60;2,50;98,20;0;-0,10;4,50;20;4,40;4,90;
2026-07-13 07:11:00.0;OFF;ON;50;4,60;6,10;4,60;2,50;98,20;0;-0,10;4,50;20;4,40;4,90;
2026-07-13 07:12:00.0;OFF;ON;50;4,80;6,10;4,60;2,50;98,20;0;-0,20;4,50;20;4,40;4,90;
2026-07-13 07:13:00.0;OFF;ON;50;4,70;6,10;4,60;2,50;98,20;0;-0,10;4,50;20;4,40;4,90;
2026-07-13 07:14:00.0;OFF;ON;50;4,70;6,10;4,60;2,50;98,20;0;-0,10;4,50;20;4,50;4,90;
2026-07-13 07:15:00.0;OFF;ON;50;4,70;6,10;4,60;2,50;98,20;0;-0,10;4,50;20;4,50;4,90;
2026-07-13 07:16:00.0;OFF;ON;50;4,60;6,10;4,60;2,50;98,20;0;-0,10;4,50;20;4,50;4,90;
2026-07-13 07:17:00.0;OFF;ON;50;4,80;6,10;4,60;2,50;98,20;0;-0,20;4,50;20;4,50;4,90;
2026-07-13 07:18:00.0;OFF;ON;50;4,90;6,10;4,60;2,50;98,20;0;-0,30;4,50;20;4,50;5;
2026-07-13 07:19:00.0;OFF;ON;50;4,80;6,10;4,60;2,50;98,20;6553,50;-0,20;4,50;20;4,50;5;
2026-07-13 07:20:00.0;OFF;ON;50;4,90;6,10;4,60;2,50;98,20;6553,50;-0,30;4,50;20;4,50;4,90;
2026-07-13 07:21:00.0;OFF;ON;50;4,80;6,10;4,60;2,50;98,20;6553,50;-0,10;4,50;20;4,50;5;
2026-07-13 07:22:00.0;OFF;ON;50;4,80;6,10;4,60;2,50;98,20;6553,50;-0,10;4,50;20;4,50;5;
2026-07-13 07:23:00.0;OFF;ON;50;4,50;6,10;4,60;2,50;98,20;0;0,10;4,50;20;4,50;5;
2026-07-13 07:24:00.0;OFF;ON;50;4,90;6,10;4,60;2,50;98,20;0;-0,30;4,50;20;4,50;5;
2026-07-13 07:25:00.0;OFF;ON;50;4,80;6,10;4,60;2,50;98,20;0;-0,20;4,50;20;4,50;5;
2026-07-13 07:26:00.0;OFF;ON;50;4,80;6,10;4,70;2,50;98,20;0;-0,10;4,50;20;4,50;5;
2026-07-13 07:27:00.0;OFF;ON;50;4,80;6,20;4,70;2,50;98,20;0;-0,20;4,50;20;4,50;5;
2026-07-13 07:28:00.0;OFF;ON;50;4,80;6,10;4,60;2,50;98,20;0;-0,10;4,50;20;4,50;5;
2026-07-13 07:29:00.0;OFF;ON;50;4,90;6,20;4,60;2,50;98,20;0;-0,20;4,50;20;4,50;5;
2026-07-13 07:30:00.0;OFF;ON;50;4,80;6,10;4,70;2,40;98,20;0;-0,10;4,50;20;4,50;5;
2026-07-13 07:31:00.0;OFF;ON;50;4,80;6,20;4,70;2,40;98,20;0;-0,10;4,50;20;4,50;5;
2026-07-13 07:32:00.0;OFF;ON;50;4,90;6,10;4,70;2,40;98,20;0;-0,30;4,50;20;4,50;5;
2026-07-13 07:33:00.0;OFF;ON;50;4,90;6,20;4,70;2,40;98,20;0;-0,20;4,50;20;4,50;5;
2026-07-13 07:34:00.0;OFF;ON;50;4,80;6,20;4,70;2,50;98,20;0;-0,10;4,50;20;4,50;5;
2026-07-13 07:35:00.0;OFF;ON;50;4,90;6,20;4,70;2,40;98,20;0;-0,20;4,50;20;4,50;5;
2026-07-13 07:36:00.0;OFF;ON;50;4,60;6,20;4,70;2,30;98,20;6553,50;0,10;4,50;20;4,50;5;
2026-07-13 07:37:00.0;OFF;ON;50;4,80;4,80;4,70;4,40;98,20;6553,50;-0,10;4,50;20;4,60;5,10;
2026-07-13 07:38:00.0;OFF;ON;50;4,90;5,30;4,70;3,50;98,20;6553,50;-0,20;4,50;20;4,60;5,10;
2026-07-13 07:39:00.0;OFF;ON;50;4,90;6,20;4,70;2,80;98,20;6553,50;-0,20;4,50;20;4,60;5;
2026-07-13 07:40:00.0;OFF;ON;50;4,80;6,20;4,70;2,60;98,20;6553,50;-0,10;4,50;20;4,60;5;
2026-07-13 07:41:00.0;OFF;ON;50;4,80;6,20;4,70;2,40;98,20;6553,50;-0,10;4,50;20;4,60;5,10;
2026-07-13 07:42:00.0;OFF;ON;50;4,90;6,20;4,70;2,30;98,20;6553,50;-0,20;4,50;20;4,60;5,10;
2026-07-13 07:43:00.0;OFF;ON;50;4,70;6,20;4,70;2,20;98,20;6553,50;0;4,50;20;4,60;5,10;
2026-07-13 07:44:00.0;OFF;ON;50;4,70;6,20;4,70;2,20;98,20;6553,50;0;4,50;20;4,60;5,10;
2026-07-13 07:45:00.0;OFF;ON;50;4,70;6,20;4,70;2,20;98,20;6553,50;0;4,50;20;4,60;5,10;
2026-07-13 07:46:00.0;OFF;ON;50;4,90;6,20;4,70;2,20;98,20;0;-0,20;4,50;20;4,60;5,10;
2026-07-13 07:47:00.0;OFF;ON;50;4,80;6,20;4,70;2,20;98,20;0;0;4,50;20;4,60;5,10;
2026-07-13 07:48:00.0;OFF;ON;50;4,60;6,20;4,70;2,20;98,20;0;0,10;4,50;20;4,60;5,10;
2026-07-13 07:49:00.0;OFF;ON;50;2,50;6,20;4,70;2,20;98,20;0;2,20;4,50;20;4,60;5,10;
2026-07-13 07:50:00.0;OFF;ON;50;4,70;6,20;4,70;2,20;98,20;0;0,10;4,50;20;4,60;5,10;
2026-07-13 07:51:00.0;OFF;ON;50;4,80;6,20;4,70;2,20;98,20;0;-0,10;4,50;20;4,60;5,10;
2026-07-13 07:52:00.0;OFF;ON;50;4,90;6,20;4,70;2,20;98,20;0;-0,10;4,50;20;4,60;5,10;
2026-07-13 07:53:00.0;OFF;ON;50;5;6,20;4,70;2,20;98,20;0;-0,20;4,50;20;4,60;5,10;
2026-07-13 07:54:00.0;OFF;ON;50;4,90;6,20;4,70;2,20;98,20;0;-0,20;4,50;20;4,60;5,10;
2026-07-13 07:55:00.0;OFF;ON;50;4,60;6,20;4,70;2,20;98,20;0;0,20;4,50;20;4,60;5,10;
2026-07-13 07:56:00.0;OFF;ON;50;5,10;6,20;4,70;2,20;98,20;0;-0,40;4,50;20;4,60;5,10;
2026-07-13 07:57:00.0;OFF;ON;50;5;6,20;4,70;2,20;98,20;0;-0,30;4,50;20;4,60;5,20;
2026-07-13 07:58:00.0;OFF;ON;50;4,90;6,20;4,70;2,20;98,20;0;-0,20;4,50;20;4,60;5,20;
2026-07-13 07:59:00.0;OFF;ON;50;4,80;6,20;4,80;2,20;98,20;0;-0,10;4,50;20;4,60;5,20;
2026-07-13 08:00:00.0;OFF;ON;50;4,60;6,30;4,80;2,20;98,20;0;0,10;4,50;20;4,60;5,10;
2026-07-13 08:01:00.0;OFF;ON;50;5;6,20;4,70;2,20;98,20;0;-0,20;4,50;20;4,60;5,10;
2026-07-13 08:02:00.0;OFF;ON;50;4,60;6,20;4,70;2,20;98,20;0;0,10;4,50;20;4,60;5,10;
2026-07-13 08:03:00.0;OFF;ON;50;4,80;6,20;4,70;2,20;98,20;0;-0,10;4,50;20;4,60;5,10;
2026-07-13 08:04:00.0;OFF;ON;50;5;6,20;4,70;2,10;98,20;0;-0,20;4,50;20;4,60;5,20;
2026-07-13 08:05:00.0;OFF;ON;50;5;6,30;4,80;2,20;98,20;0;-0,20;4,50;20;4,70;5,20;
2026-07-13 08:06:00.0;OFF;ON;50;4,70;6,30;4,80;2,20;98,20;0;0,10;4,50;20;4,70;5,20;
2026-07-13 08:07:00.0;OFF;ON;50;5,10;6,30;4,80;2,20;98,20;0;-0,30;4,50;20;4,70;5,20;
2026-07-13 08:08:00.0;OFF;ON;50;5;6,30;4,80;2,20;98,20;0;-0,20;4,50;20;4,70;5,30;
2026-07-13 08:09:00.0;OFF;ON;50;5;6,30;4,80;2,20;98,20;0;-0,10;4,50;20;4,70;5,30;
2026-07-13 08:10:00.0;OFF;ON;50;5;6,30;4,80;2,20;98,20;0;-0,20;4,50;20;4,70;5,30;
2026-07-13 08:11:00.0;OFF;ON;50;5,10;6,30;4,80;2,20;98,20;0;-0,20;4,50;20;4,70;5,30;
2026-07-13 08:12:00.0;OFF;ON;50;5,10;6,30;4,90;2,30;98,20;0;-0,30;4,50;20;4,70;5,40;
2026-07-13 08:13:00.0;OFF;ON;50;5,20;6,40;4,90;2,30;98,20;0;-0,30;4,50;20;4,80;5,40;
2026-07-13 08:14:00.0;OFF;ON;50;5,20;6,40;4,90;2,30;98,20;0;-0,30;4,50;20;4,80;5,40;
2026-07-13 08:15:00.0;OFF;ON;50;5,10;6,40;4,90;2,30;98,20;0;-0,20;4,50;20;4,80;5,40;
2026-07-13 08:16:00.0;OFF;ON;50;5,10;6,40;4,90;2,30;98,20;0;-0,20;4,50;20;4,80;5,40;
2026-07-13 08:17:00.0;OFF;ON;50;5,20;6,40;4,90;2,30;98,20;0;-0,30;4,50;20;4,80;5,50;
2026-07-13 08:18:00.0;OFF;ON;50;5,30;6,40;4,90;2,30;98,20;0;-0,30;4,50;20;4,80;5,50;
2026-07-13 08:19:00.0;OFF;ON;50;5,10;6,40;4,90;2,30;98,20;0;-0,20;4,50;20;4,80;5,50;
2026-07-13 08:20:00.0;OFF;ON;50;5,10;6,50;5;2,30;98,20;0;-0,10;4,50;20;4,90;5,50;
2026-07-13 08:21:00.0;OFF;ON;50;5,20;6,50;5;2,40;98,20;0;-0,20;4,50;20;4,90;5,50;
2026-07-13 08:22:00.0;OFF;ON;50;5,20;6,50;5;2,40;98,20;0;-0,20;4,50;20;4,90;5,60;
2026-07-13 08:23:00.0;OFF;ON;50;5,30;6,50;5;2,50;98,20;0;-0,30;4,50;20;4,90;5,60;
2026-07-13 08:24:00.0;OFF;ON;50;4,90;6,50;5;2,50;98,20;0;0,10;4,50;20;4,90;5,60;
2026-07-13 08:25:00.0;OFF;ON;50;5,20;6,50;5;2,40;98,20;0;-0,20;4,50;20;4,90;5,60;
2026-07-13 08:26:00.0;OFF;ON;50;5,30;6,50;5,10;2,40;98,20;0;-0,30;4,50;20;4,90;5,60;
2026-07-13 08:27:00.0;OFF;ON;50;5,20;6,60;5,10;2,30;98,20;0;-0,10;4,50;20;5;5,70;
2026-07-13 08:28:00.0;OFF;ON;50;5,40;6,60;5,10;2,40;98,20;0;-0,30;4,50;20;5;5,70;
2026-07-13 08:29:00.0;OFF;ON;50;5,20;6,60;5,10;2,40;98,20;0;-0,10;4,50;20;5;5,70;
2026-07-13 08:30:00.0;OFF;ON;50;5,40;6,60;5,10;2,50;98,20;0;-0,30;4,50;20;5;5,70;
2026-07-13 08:31:00.0;OFF;ON;50;5,50;6,60;5,10;2,40;98,20;0;-0,40;4,50;20;5;5,70;
2026-07-13 08:32:00.0;OFF;ON;50;5,40;6,60;5,10;2,40;98,20;0;-0,30;4,50;20;5;5,80;
2026-07-13 08:33:00.0;OFF;ON;50;5,50;6,60;5,10;2,30;98,20;0;-0,40;4,50;20;5;5,80;
2026-07-13 08:34:00.0;OFF;ON;50;5,30;6,60;5,10;2,30;98,20;0;-0,20;4,50;20;5;5,80;
2026-07-13 08:35:00.0;OFF;ON;50;5,20;6,60;5,10;2,30;98,20;0;-0,10;4,50;20;5;5,80;
2026-07-13 08:36:00.0;OFF;ON;50;5,50;6,60;5,10;2,30;98,20;0;-0,30;4,50;20;5,10;5,80;
2026-07-13 08:37:00.0;OFF;ON;50;5,20;6,60;5,10;2,30;98,20;0;-0,10;4,50;20;5,10;5,80;
2026-07-13 08:38:00.0;OFF;ON;50;5,40;3,10;5,10;2,30;98,20;0;-0,30;4,50;34,50;5,10;5,80;
2026-07-13 08:39:00.0;OFF;ON;50;5,20;3,10;5,10;2,30;98,20;0;-0,10;4,50;40,10;5,10;5,80;
2026-07-13 08:40:00.0;ON;OFF;50;5,50;3,10;5,10;2,30;98,20;0;-0,40;2;49,30;5,10;5,80;
2026-07-13 08:41:00.0;ON;OFF;50;5,60;3,10;5,10;2,30;98,20;0;-0,50;2;54,60;5,10;5,80;
2026-07-13 08:42:00.0;ON;OFF;50;5,70;3,10;5,10;2,30;98,20;0;-0,50;2;59,40;5,10;5,80;
2026-07-13 08:43:00.0;ON;OFF;50;5,70;3,10;5,20;2,20;98,20;0;-0,50;2;63,30;5,10;5,80;
2026-07-13 08:44:00.0;ON;OFF;50;5,60;3,20;5,10;2,20;98,20;0;-0,40;2;68,10;5,10;5,90;
2026-07-13 08:45:00.0;ON;OFF;50;5,40;3,20;5,10;2,20;98,20;0;-0,30;2;71,70;5,10;5,90;
2026-07-13 08:46:00.0;ON;OFF;50;5,50;3,20;5,10;2,20;98,20;0;-0,30;2;76,50;5,20;5,90;
2026-07-13 08:47:00.0;ON;OFF;50;-2,20;3,20;5,20;2,20;98,20;0;7,30;2;20;5,20;5,90;
2026-07-13 08:48:00.0;ON;OFF;50;5,70;3,20;5,20;2,20;98,20;0;-0,50;2;39,90;5,20;5,90;
2026-07-13 08:49:00.0;ON;OFF;50;5,70;3,20;5,20;2,30;98,20;0;-0,50;2;44,60;5,20;5,90;
2026-07-13 08:50:00.0;ON;OFF;50;5,80;3,20;5,20;2,30;98,20;0;-0,60;2;50;5,20;5,90;
2026-07-13 08:51:00.0;ON;OFF;50;5,70;3,20;5,30;2,30;98,20;0;-0,40;2;53,70;5,20;5,90;
2026-07-13 08:52:00.0;ON;OFF;50;5,80;3,30;5,30;2,30;98,20;0;-0,50;2;59,20;5,20;5,90;
2026-07-13 08:53:00.0;ON;OFF;50;5,70;3,30;5,30;2,20;98,20;0;-0,40;2;63,30;5,30;6;
2026-07-13 08:54:00.0;ON;OFF;50;5,70;3,30;5,30;2,10;98,20;0;-0,40;2;67,60;5,30;6;
2026-07-13 08:55:00.0;ON;OFF;50;5,50;3,30;5,40;2,20;98,20;0;-0,10;2;70,70;5,30;6;
2026-07-13 08:56:00.0;ON;OFF;50;5,50;3,40;5,40;2,30;98,20;0;-0,10;2;74,70;5,40;6,10;
2026-07-13 08:57:00.0;ON;OFF;50;5,30;3,40;5,50;2,40;98,20;0;0,20;2;75,90;5,40;6,10;
2026-07-13 08:58:00.0;ON;OFF;50;5,30;3,50;5,60;2,40;98,20;0;0,30;2;78,60;5,60;6,10;
2026-07-13 08:59:00.0;ON;OFF;50;4,50;3,60;5,50;2,50;98,20;0;1;2;76,10;5,60;6;
2026-07-13 09:00:00.0;ON;OFF;50;4,10;3,50;5,50;2,70;98,20;0;1,30;2;76,30;5,40;5,50;
2026-07-13 09:01:00.0;ON;OFF;50;3,20;3,50;5,30;4,20;98,20;0;2,10;2;71,30;5,20;5,20;
2026-07-13 09:02:00.0;ON;OFF;50;2,60;3,30;5,10;5,20;98,20;0;2,50;2;68,20;5;4,70;
2026-07-13 09:03:00.0;ON;OFF;50;2,30;3;5;4,70;98,20;0;2,70;2;66,90;4,80;4,40;
2026-07-13 09:04:00.0;ON;OFF;50;1,70;2,70;4,50;3;98,20;0;2,80;2;65,10;4,50;3,90;
2026-07-13 09:05:00.0;ON;OFF;50;1,50;2,30;4,30;2,60;98;0;2,80;2;63,90;4,40;3,70;
2026-07-13 09:06:00.0;ON;OFF;50;1;2,20;4,10;2,10;97,50;0;3,10;2;60,30;4,40;3,40;
2026-07-13 09:07:00.0;ON;OFF;50;1,10;2;3,90;1,70;97;0;2,80;2;60,30;4,10;3,10;
2026-07-13 09:08:00.0;ON;OFF;50;1;1,90;3,80;1,50;96,70;0;2,80;2;59;4;3;
2026-07-13 09:09:00.0;ON;OFF;50;0,80;1,80;3,80;1,20;96;0;3;2;56,10;4,10;2,90;
2026-07-13 09:10:00.0;ON;OFF;50;0,60;1,80;3,70;1,20;96;0;3,10;2;54;3,90;2,80;
2026-07-13 09:11:00.0;ON;OFF;50;0,90;1,70;3,70;1,20;95,90;0;2,80;2;54,60;3,80;2,70;
2026-07-13 09:12:00.0;ON;OFF;50;0,70;1,70;3,70;1,30;96;0;2,90;2;52,30;3,70;2,60;
2026-07-13 09:13:00.0;ON;OFF;50;1;1,70;3,70;1,40;96,10;0;2,70;2;52,30;3,80;2,60;
2026-07-13 09:14:00.0;ON;OFF;50;0,90;1,80;3,80;1,40;96,40;0;2,90;2;50;3,80;2,60;
2026-07-13 09:15:00.0;ON;OFF;50;1,10;1,80;3,80;1,50;96,80;0;2,70;2;48,80;3,90;2,70;
2026-07-13 09:16:00.0;ON;OFF;50;1,40;1,80;4;1,50;97;0;2,60;2;48,60;4,20;2,90;
2026-07-13 09:17:00.0;ON;OFF;50;1,30;2;4,10;1,50;97,20;0;2,70;2;46,70;4,30;3;
2026-07-13 09:18:00.0;ON;OFF;50;1,80;2,20;4,20;1,60;97,60;0;2,40;2;47,60;4,70;3,20;
2026-07-13 09:19:00.0;ON;OFF;50;1,90;2,30;4,30;1,70;97,80;0;2,50;2;46,80;4,90;3,40;
2026-07-13 09:20:00.0;ON;OFF;50;2,30;2,50;4,60;2;98,20;0;2,30;2;46,50;4,80;3,60;
2026-07-13 09:21:00.0;ON;OFF;50;2,20;2,70;4,70;2,20;98,20;0;2,50;2;44,80;4,80;3,60;
2026-07-13 09:22:00.0;ON;OFF;50;2,80;2,80;4,80;2,40;98,20;0;2;2;46,70;4,60;3,60;
2026-07-13 09:23:00.0;ON;OFF;50;2,90;2,80;4,90;2,60;98,20;0;2;2;47,40;4,50;3,70;
2026-07-13 09:24:00.0;ON;OFF;50;3,70;3,10;5,10;3;98,20;0;1,40;2;51;4,60;4;
2026-07-13 09:25:00.0;ON;OFF;50;4;3,20;5,30;3,10;98,20;0;1,40;2;52,50;4,80;4,30;
2026-07-13 09:26:00.0;ON;OFF;50;4,30;3,50;5,70;3,40;98,20;0;1,40;2;53,70;5,20;4,70;
2026-07-13 09:27:00.0;ON;OFF;50;4,50;3,80;5,90;3,60;98,20;0;1,40;2;54,50;5,30;4,90;
2026-07-13 09:28:00.0;ON;OFF;50;4,90;4,10;6,20;3,90;98,20;0;1,40;2;56;5,70;5,30;
2026-07-13 09:29:00.0;ON;OFF;50;5;4,30;6,40;3,90;98,20;0;1,40;2;56,50;5,90;5,50;
2026-07-13 09:30:00.0;ON;OFF;50;4,90;4,60;6,70;4,10;98,20;0;1,80;2;54,60;6,30;5,80;
2026-07-13 09:31:00.0;ON;OFF;50;5;4,80;6,90;4,10;98,20;0;1,90;2;54,30;6,50;5,90;
2026-07-13 09:32:00.0;ON;OFF;50;4,40;4,90;7;4,20;98,20;0;2,60;2;49,30;6,50;5,90;
2026-07-13 09:33:00.0;ON;OFF;50;4,80;5,10;7,10;4,20;98,20;0;2,30;2;50,70;6,60;5,90;
2026-07-13 09:34:00.0;ON;OFF;50;4,80;5,10;7,20;4,40;98,20;0;2,50;2;48,50;7;6;
2026-07-13 09:35:00.0;ON;OFF;50;4,80;5,20;7,30;4,50;98,20;0;2,50;2;47,50;7,10;6;
2026-07-13 09:36:00.0;ON;OFF;50;4,80;5,30;7,40;4,70;98,20;0;2,60;2;46,20;7,20;6,20;
2026-07-13 09:37:00.0;ON;OFF;50;5;5,50;7,60;4,80;98,20;0;2,60;2;44,80;7,50;6,40;
2026-07-13 09:38:00.0;ON;OFF;50;4,90;5,60;7,70;4,90;98,20;0;2,80;2;42;7,60;6,50;
2026-07-13 09:39:00.0;ON;OFF;50;5,40;5,70;7,70;5,10;98,20;0;2,30;2;43,50;7,50;6,50;
2026-07-13 09:40:00.0;ON;OFF;50;5,50;5,70;7,80;5,30;98,30;0;2,30;2;43,60;7,50;6,70;
2026-07-13 09:41:00.0;ON;OFF;50;5,80;5,80;7,90;5,40;98,30;0;2,10;2;44,60;7,60;6,90;
2026-07-13 09:42:00.0;ON;OFF;50;6;6;8;5,60;98,30;0;2;2;44,80;7,70;7;
2026-07-13 09:43:00.0;ON;OFF;50;6;6;8,10;5,70;98,30;0;2,10;2;44;7,80;7,20;
2026-07-13 09:44:00.0;ON;OFF;50;6,20;6,10;8,20;5,80;98,30;0;2;2;44,70;7,80;7,30;
2026-07-13 09:45:00.0;ON;OFF;50;6;6,20;8,20;5,90;98,30;0;2,20;2;43;7,90;7,30;
2026-07-13 09:46:00.0;ON;OFF;50;5,70;6,30;8,30;6;98,30;0;2,50;2;39,10;8;7,30;
2026-07-13 09:47:00.0;ON;OFF;50;6,10;6,20;8,20;6;98,30;0;2,10;2;41,40;8;7,30;
2026-07-13 09:48:00.0;ON;OFF;50;6,50;6,30;8,30;6;98,30;0;1,80;2;43,50;8,10;7,50;
2026-07-13 09:49:00.0;ON;OFF;50;6,30;6,30;8,40;6,10;98,30;0;2;2;41,50;8,10;7,60;
2026-07-13 09:50:00.0;ON;OFF;50;6,40;6,40;8,40;6,20;98,30;0;2,10;2;41,40;8,20;7,60;
2026-07-13 09:51:00.0;ON;OFF;50;6,70;6,40;8,50;6,20;98,30;0;1,80;2;43,20;8,10;7,70;
2026-07-13 09:52:00.0;ON;OFF;50;5,80;6,50;8,50;6,20;98,30;0;2,60;2;37;8,10;7,70;
2026-07-13 09:53:00.0;ON;OFF;50;6,10;6,50;8,50;6,40;98,30;0;2,50;2;37,10;8,20;7,80;
2026-07-13 09:54:00.0;ON;OFF;50;6,10;6,60;8,60;6,30;98,30;0;2,40;2;36,80;8,30;7,80;
2026-07-13 09:55:00.0;ON;OFF;50;6,70;6,60;8,70;6,30;98,30;0;2;2;37,80;8,40;7,90;
2026-07-13 09:56:00.0;ON;OFF;50;6,30;6,70;8,70;6,20;98,30;0;2,40;2;34,50;8,50;7,90;
2026-07-13 09:57:00.0;ON;OFF;50;6,90;6,70;8,70;6,10;98,30;0;1,90;2;37,80;8,50;8;
2026-07-13 09:58:00.0;ON;OFF;50;-12,40;6,70;8,80;6,20;98,30;0;21,20;2;20;8,50;8,20;
2026-07-13 09:59:00.0;ON;OFF;50;6,70;6,80;8,90;6,40;98,30;0;2,20;2;20;8,60;8,40;
2026-07-13 10:00:00.0;ON;OFF;50;6,50;7;9,10;6,70;98,30;0;2,60;2;20;8,80;8,70;
2026-07-13 10:01:00.0;ON;OFF;50;7,50;7,10;9,20;6,80;98,30;0;1,60;2;22,40;8,90;8,90;
2026-07-13 10:02:00.0;ON;OFF;50;7,40;7,30;9,40;6,80;98,30;0;2;2;20;9,10;9,10;
2026-07-13 10:03:00.0;ON;OFF;50;8,20;7,40;9,50;7;98,30;0;1,30;2;24,40;9,20;9,20;
2026-07-13 10:04:00.0;ON;OFF;50;7,30;7,60;9,70;7,10;98,30;0;2,40;2;20;9,40;9,30;
2026-07-13 10:05:00.0;ON;OFF;50;6,80;7,70;9,70;7,50;98,30;0;2,90;2;20;9,60;9,50;
2026-07-13 10:06:00.0;ON;OFF;50;6,10;7,80;9,80;7,60;98,30;0;3,70;2;20;9,80;9,60;
2026-07-13 10:07:00.0;ON;OFF;50;7,10;7,90;10;7,90;98,30;0;2,90;2;20;9,90;9,70;
2026-07-13 10:08:00.0;ON;OFF;50;8,40;8;10,10;8,10;98,30;0;1,70;2;21,90;10,10;9,90;
2026-07-13 10:09:00.0;ON;OFF;50;3,50;8,20;10,20;8,10;98,40;0;6,70;2;20;10;10;
2026-07-13 10:10:00.0;ON;OFF;50;9,30;8,30;10,40;8,50;98,40;0;1,10;2;26,50;9,90;10,10;
2026-07-13 10:11:00.0;ON;OFF;50;9;8,50;10,60;8,50;98,40;0;1,60;2;24,40;10;10,20;
2026-07-13 10:12:00.0;ON;OFF;50;9,60;8,60;10,60;8,90;98,40;0;1;2;29,10;10,10;10,30;
2026-07-13 10:13:00.0;ON;OFF;50;9,30;8,70;10,80;9,20;98,40;0;1,10;2;25;10,20;10,40;
2026-07-13 10:14:00.0;ON;OFF;50;8,60;8,80;10,90;9;98,40;0;2,30;2;20;10,30;10,50;
2026-07-13 10:15:00.0;ON;OFF;50;-6,10;9;11;9,10;98,40;0;17,10;2;20;10,50;10,60;
2026-07-13 10:16:00.0;ON;OFF;50;7,10;9,10;11,20;9,40;98,40;0;4,10;2;20;10,70;10,80;
2026-07-13 10:17:00.0;ON;OFF;50;8,50;9,20;11,20;9,60;98,40;0;2,70;2;20;10,50;10,70;
2026-07-13 10:18:00.0;ON;OFF;50;10;9,30;11,30;9,90;98,40;0;1,40;2;24,20;10,60;10,90;
2026-07-13 10:19:00.0;ON;OFF;50;7,30;9,40;11,50;10,20;98,40;0;4,20;2;20;10,70;11,10;
2026-07-13 10:20:00.0;ON;OFF;50;7,80;9,50;11,70;10,30;98,40;0;3,90;2;20;10,90;11,30;
2026-07-13 10:21:00.0;ON;OFF;50;9,10;9,70;11,80;10,80;98,40;0;2,70;2;20;10,90;11,40;
2026-07-13 10:22:00.0;ON;OFF;50;8;9,90;11,90;10,50;98,40;0;3,90;2;20;11,20;11,50;
2026-07-13 10:23:00.0;ON;OFF;50;7,40;10;12,10;10,60;98,40;0;4,70;2;20;11,30;11,60;
2026-07-13 10:24:00.0;ON;OFF;50;8,10;10,10;12,20;10,60;98,40;0;4,20;2;20;11,60;11,70;
2026-07-13 10:25:00.0;ON;OFF;50;9,20;10,30;12,40;10,50;98,40;0;3,10;2;20;11,80;11,80;
2026-07-13 10:26:00.0;ON;OFF;50;9,80;10,40;12,40;11;98,40;0;2,60;2;20;11,70;11,90;
2026-07-13 10:27:00.0;ON;OFF;50;-1,20;10,50;12,60;11;98,40;0;13,80;2;20;11,90;12;
2026-07-13 10:28:00.0;ON;OFF;50;-6,50;10,70;12,70;11,20;98,40;0;19,10;2;20;12;12,10;
2026-07-13 10:29:00.0;ON;OFF;50;8,20;10,80;12,80;11,50;98,40;0;4,60;2;20;12,20;12,30;
2026-07-13 10:30:00.0;ON;OFF;50;-0,40;10,90;13;11,60;98,40;0;13,30;2;20;12,40;12,50;
2026-07-13 10:31:00.0;ON;OFF;50;-1,60;11,10;13,10;11,60;98,40;0;14,70;2;20;12,60;12,60;
2026-07-13 10:32:00.0;ON;OFF;50;6,30;11,20;13,30;11,70;98,40;0;7;2;20;12,80;12,70;
2026-07-13 10:33:00.0;ON;OFF;50;8,80;11,40;13,40;11,90;98,40;0;4,60;2;20;13;13;
2026-07-13 10:34:00.0;ON;OFF;50;2,60;11,50;13,50;12;98,50;0;10,90;2;20;13,10;13,10;
2026-07-13 10:35:00.0;ON;OFF;50;0,50;11,60;13,70;12,20;98,50;0;13,20;2;20;13,40;13,30;
2026-07-13 10:36:00.0;ON;OFF;50;-2,30;11,70;13,90;12,10;98,50;0;16,10;2;20;13,60;13,40;
2026-07-13 10:37:00.0;ON;OFF;50;-4,30;11,90;14;12,40;98,50;0;18,30;2;20;13,70;13,60;
2026-07-13 10:38:00.0;ON;OFF;50;-1;12,10;14,10;12,50;98,50;0;15,10;2;20;13,80;13,70;
2026-07-13 10:39:00.0;ON;OFF;50;-12;12,20;14,40;12,70;98,50;0;26,40;2;20;14,20;13,90;
2026-07-13 10:40:00.0;ON;OFF;50;-5,50;12,50;14,40;12,70;98,50;0;19,90;2;20;14,10;14;
2026-07-13 10:41:00.0;ON;OFF;50;-3,20;12,50;14,60;13;98,50;0;17,80;2;20;14,10;14,10;
2026-07-13 10:42:00.0;ON;OFF;50;4;12,60;14,70;13,10;98,50;0;10,70;2;20;14,30;14,30;
2026-07-13 10:43:00.0;ON;OFF;50;6,10;12,70;14,80;13,20;98,50;0;8,70;2;20;14,40;14,40;
2026-07-13 10:44:00.0;ON;OFF;50;6,20;12,90;14,90;13,60;98,50;0;8,60;2;20;14,40;14,50;
2026-07-13 10:45:00.0;ON;OFF;50;3,40;12,90;15;13,90;98,50;0;11,70;2;20;14,50;14,60;
2026-07-13 10:46:00.0;ON;OFF;50;-5,70;13,10;15,10;13,80;98,50;0;20,80;2;20;14,60;14,70;
2026-07-13 10:47:00.0;ON;OFF;50;-6,70;13,30;15,40;14,10;98,50;0;22,10;2;20;14,90;14,90;
2026-07-13 10:48:00.0;ON;OFF;50;6,20;13,40;15,50;14,10;98,50;0;9,30;2;20;14,90;14,90;
2026-07-13 10:49:00.0;ON;OFF;50;-12;13,50;15,50;14,10;98,50;0;27,60;2;20;15,10;15;
2026-07-13 10:50:00.0;ON;OFF;50;-4,30;13,60;15,60;14,40;98,50;0;19,90;2;20;15,10;15,10;
2026-07-13 10:51:00.0;ON;OFF;50;-0,80;13,60;15,70;14,50;98,50;0;16,50;2;20;15,20;15,20;
2026-07-13 10:52:00.0;ON;OFF;50;-12;13,80;15,90;14,40;98,50;0;27,90;2;20;15,40;15,40;
2026-07-13 10:53:00.0;ON;OFF;50;8,90;14;16;14,60;98,50;0;7,10;2;20;15,60;15,60;
2026-07-13 10:54:00.0;ON;OFF;50;2,60;14,10;16,10;14,80;98,50;0;13,60;2;20;15,70;15,80;
2026-07-13 10:55:00.0;ON;OFF;50;7,80;14,20;16,20;14,80;98,50;0;8,40;2;20;15,90;15,90;
2026-07-13 10:56:00.0;ON;OFF;50;9,60;14,30;16,30;14,90;98,50;0;6,80;2;20;16,10;16;
2026-07-13 10:57:00.0;ON;OFF;50;5,40;14,40;16,50;15;98,50;0;11,10;2;20;16,20;16,10;
2026-07-13 10:58:00.0;ON;OFF;50;5,40;14,50;16,60;15,10;98,50;0;11,10;2;20;16,30;16,20;
2026-07-13 10:59:00.0;ON;OFF;50;2;14,60;16,70;15;98,50;0;14,70;2;20;16,50;16,20;
2026-07-13 11:00:00.0;ON;OFF;50;4,30;14,70;16,80;15,10;98,50;0;12,50;2;20;16,50;16,40;
2026-07-13 11:01:00.0;ON;OFF;50;-0,60;14,80;16,80;15,30;98,50;0;17,50;2;20;16,60;16,50;
2026-07-13 11:02:00.0;ON;OFF;50;6,10;14,90;16,90;15,20;98,50;0;10,80;2;20;16,80;16,50;
2026-07-13 11:03:00.0;ON;OFF;50;4,60;14,90;16,90;15,20;98,50;0;12,30;2;20;16,80;16,60;
2026-07-13 11:04:00.0;ON;OFF;50;-13,40;15;17;15,40;98,50;0;30,40;2;20;16,90;16,60;
2026-07-13 11:05:00.0;ON;OFF;50;6,20;15;17;15,60;98,60;0;10,90;2;20;16,90;16,70;
2026-07-13 11:06:00.0;ON;OFF;50;-3,40;15;17,10;15,50;98,60;88,50;20,50;2;20;17;16,70;
2026-07-13 11:07:00.0;ON;OFF;50;-3,20;15;17,10;15,80;98,60;91,30;20,40;2;20;17;16,80;
2026-07-13 11:08:00.0;ON;OFF;50;-5,50;15;17,20;15,70;98,60;91,30;22,70;2;20;17,10;16,90;
2026-07-13 11:09:00.0;ON;OFF;50;-4,20;15;17,30;15,80;98,60;91,30;21,50;2;20;17,30;16,90;
2026-07-13 11:10:00.0;ON;OFF;50;-0,10;15;17,40;15,80;98,60;91,30;17,50;2;20;17,30;17;
2026-07-13 11:11:00.0;ON;OFF;50;-3,80;15;17,50;15,90;98,60;91,30;21,30;2;20;17,30;17;
2026-07-13 11:12:00.0;ON;OFF;50;3,40;15;17,40;16;98,60;91,30;14;2;20;17,40;17,10;
2026-07-13 11:13:00.0;ON;OFF;50;-3,50;15;17,60;41,90;98,60;91,30;21,10;2;20;17,50;17,30;
2026-07-13 11:14:00.0;ON;OFF;50;10,60;15;17,90;42,80;98,60;91,30;7,30;2;20;17,70;17,60;
2026-07-13 11:15:00.0;OFF;ON;100;6,20;15;18;43,10;98,60;91,30;11,90;2,50;20;17,80;17,80;
2026-07-13 11:16:00.0;OFF;ON;100;3,30;15;18,20;43,20;98,60;91,30;14,80;2,50;20;17,90;18;
2026-07-13 11:17:00.0;OFF;ON;100;0,50;15;18,30;43,30;98,60;91,30;17,80;2,50;20;18;18,10;
2026-07-13 11:18:00.0;OFF;ON;100;9,30;15;18,40;43,40;98,60;91,40;9,10;2,50;20;18,10;18,30;
2026-07-13 11:19:00.0;OFF;ON;100;3,70;15;18,50;43,50;98,60;91,40;14,80;2,50;20;18,30;18,40;
2026-07-13 11:20:00.0;OFF;ON;100;8,90;15;18,60;43,50;98,60;91,40;9,70;2,50;20;18,40;18,50;
2026-07-13 11:21:00.0;OFF;ON;100;9,10;15;18,70;43,50;98,60;91,40;9,60;2,50;20;18,40;18,50;
2026-07-13 11:22:00.0;OFF;ON;100;0,50;15;18,70;43,20;98,60;91,20;18,20;2,50;20;18,50;18,60;
2026-07-13 11:23:00.0;OFF;ON;100;1,70;15;18,80;43,40;98,60;91,20;17,10;2,50;20;18,60;18,70;
2026-07-13 11:24:00.0;OFF;ON;100;11,50;15;18,90;43,50;98,60;91,20;7,50;2,50;20;18,80;18,80;
2026-07-13 11:25:00.0;OFF;ON;100;7,80;15;19;43,50;98,60;91,20;11,20;2,50;20;18,80;18,90;
2026-07-13 11:26:00.0;OFF;ON;100;15,10;15;19,10;43,60;98,60;91,10;5;2,50;20,50;19;19,10;
2026-07-13 11:27:00.0;OFF;ON;100;8,80;15;19,20;43,60;98,60;91,10;10,40;2,50;20;19,10;19,20;
2026-07-13 11:28:00.0;OFF;ON;100;12;15;19,30;43,60;98,60;91,10;7,30;2,50;20;19,20;19,30;
2026-07-13 11:29:00.0;OFF;ON;100;14,50;15;19,40;43,60;98,60;91,10;4,90;2,50;20;19,30;19,40;
2026-07-13 11:30:00.0;OFF;ON;100;11,30;15;19,50;43,60;98,60;91,10;8,10;2,50;20;19,30;19,50;
2026-07-13 11:31:00.0;OFF;ON;100;13,50;15;19,50;43,60;98,60;91,10;6,10;2,50;20;19,40;19,50;
2026-07-13 11:32:00.0;OFF;ON;100;13,30;15;19,60;43,60;98,60;91,10;6,40;2,50;20;19,50;19,60;
2026-07-13 11:33:00.0;OFF;ON;100;12,20;15;19,70;43,50;98,70;91;7,50;2,50;20;19,60;19,60;
2026-07-13 11:34:00.0;OFF;ON;100;-5,10;15;19,70;43,50;98,70;91;24,80;2,50;20;19,60;19,70;
2026-07-13 11:35:00.0;OFF;ON;100;7,20;15;19,80;43,50;98,70;91;12,60;2,50;20;19,70;19,80;
2026-07-13 11:36:00.0;OFF;ON;100;10,20;15;19,90;43,50;98,70;91;9,60;2,50;20;19,80;19,90;
2026-07-13 11:37:00.0;OFF;ON;100;5,10;15;19,90;43,50;98,70;91;14,80;2,50;20;19,80;19,90;
2026-07-13 11:38:00.0;OFF;ON;100;8,60;15;20;43,50;98,70;91;11,40;2,50;20;19,90;20;
2026-07-13 11:39:00.0;OFF;ON;100;-1,40;15;20;43,50;98,70;91;21,40;2,50;20;20;20,10;
2026-07-13 11:40:00.0;OFF;ON;100;-5,80;15;20,10;43,50;98,70;91;25,90;2,50;20;20;20,20;
2026-07-13 11:41:00.0;OFF;ON;100;-12,40;15;20,20;43,50;98,70;91;32,60;2,50;20;20,10;20,30;
2026-07-13 11:42:00.0;OFF;ON;100;5,90;15;20,20;43,50;98,70;91;14,30;2,50;20;20,20;20,30;
2026-07-13 11:43:00.0;OFF;ON;100;-4,80;15;20,30;43,50;98,70;91;25,10;2,50;20;20,20;20,40;
2026-07-13 11:44:00.0;OFF;ON;100;14,20;15;20,40;43,40;98,70;91;6,20;2,50;20;20,30;20,40;
2026-07-13 11:45:00.0;OFF;ON;100;11,30;15;20,40;43,40;98,70;91;9,10;2,50;20;20,30;20,50;
2026-07-13 11:46:00.0;OFF;ON;100;14,30;15;20,40;43,40;98,70;91;6,10;2,50;20;20,40;20,50;
2026-07-13 11:47:00.0;OFF;ON;100;13,90;15;20,50;43,40;98,70;91;6,60;2,50;20;20,40;20,60;
2026-07-13 11:48:00.0;OFF;ON;100;10,10;15;20,60;43,40;98,70;91;10,50;2,50;20;20,60;20,60;
2026-07-13 11:49:00.0;OFF;ON;100;14,40;15;20,60;43,40;98,70;91;6,20;2,50;20;20,60;20,60;
2026-07-13 11:50:00.0;OFF;ON;100;14,80;15;20,60;43,40;98,70;91;5,80;2,50;20;20,60;20,60;
2026-07-13 11:51:00.0;OFF;ON;100;14,80;15;20,70;43,40;98,70;91;5,90;2,50;20;20,60;20,70;
2026-07-13 11:52:00.0;OFF;ON;100;11,90;15;20,70;43,30;98,70;91;8,80;2,50;20;20,60;20,70;
2026-07-13 11:53:00.0;OFF;ON;100;4,60;15;20,70;43,30;98,70;90,90;16,20;2,50;20;20,70;20,80;
2026-07-13 11:54:00.0;OFF;ON;100;7,50;15;20,70;43,30;98,70;91;13,20;2,50;20;20,70;20,80;
2026-07-13 11:55:00.0;OFF;ON;100;-6,50;15;20,80;43,30;98,70;90,90;27,30;2,50;20;20,70;20,80;
2026-07-13 11:56:00.0;OFF;ON;100;-4,30;15;20,80;43,30;98,70;90,90;25,10;2,50;20;20,70;20,80;
2026-07-13 11:57:00.0;OFF;ON;100;6,10;15;20,80;43,30;98,70;90,90;14,70;2,50;20;20,80;20,90;
2026-07-13 11:58:00.0;OFF;ON;100;-4,90;15;20,90;43,20;98,60;90,90;25,80;2,50;20;20,80;20,90;
2026-07-13 11:59:00.0;OFF;ON;100;4,30;15;20,90;43,20;98,70;90,90;16,60;2,50;20;20,90;21;
2026-07-13 12:00:00.0;OFF;ON;100;9,40;15;21;43,20;98,70;90,90;11,60;2,50;20;21;21;
2026-07-13 12:01:00.0;OFF;ON;100;10,70;15;21;43,20;98,70;90,90;10,30;2,50;20;21;21,10;
2026-07-13 12:02:00.0;OFF;ON;100;-4,70;15;21,10;43,20;98,70;90,90;25,70;2,50;20;21,10;21,10;
2026-07-13 12:03:00.0;OFF;ON;100;4;15;21,10;43,10;98,70;90,90;17,10;2,50;20;21,10;21,10;
2026-07-13 12:04:00.0;OFF;ON;100;10,20;15;21,10;43,10;98,70;90,90;10,90;2,50;20;21,10;21,20;
2026-07-13 12:05:00.0;OFF;ON;100;10;15;21,10;43,10;98,70;90,90;11,10;2,50;20;21,20;21,20;
2026-07-13 12:06:00.0;OFF;ON;100;10,70;15;21,10;43,10;98,70;90,90;10,40;2,50;20;21,10;21,20;
2026-07-13 12:07:00.0;OFF;ON;100;9,60;15;21,10;43;98,70;90,90;11,50;2,50;20;21,20;21,20;
2026-07-13 12:08:00.0;OFF;ON;100;8,20;15;21,20;43;98,70;90,90;13;2,50;20;21,20;21,30;
2026-07-13 12:09:00.0;OFF;ON;100;10,10;15;21,20;43;98,70;90,90;11,10;2,50;20;21,30;21,30;
2026-07-13 12:10:00.0;OFF;ON;100;13,70;15;21,30;43;98,70;90,90;7,60;2,50;20;21,30;21,40;
2026-07-13 12:11:00.0;OFF;ON;100;6;15;21,30;42,90;98,70;90,90;15,40;2,50;20;21,40;21,50;
2026-07-13 12:12:00.0;OFF;ON;100;10;15;21,40;42,90;98,70;90,90;11,40;2,50;20;21,40;21,50;
2026-07-13 12:13:00.0;OFF;ON;100;14,70;15;21,40;42,90;98,70;90,80;6,70;2,50;20;21,40;21,50;
2026-07-13 12:14:00.0;OFF;ON;100;17,50;15;21,40;42,90;98,70;90,80;3,90;2,50;37,40;21,40;21,60;
2026-07-13 12:15:00.0;OFF;ON;100;4,10;15;21,40;42,90;98,70;90,80;17,30;2,50;20;21,40;21,50;
2026-07-13 12:16:00.0;OFF;ON;100;0,30;15;21,30;42,80;98,70;90,80;21;2,50;20;21,40;21,40;
2026-07-13 12:17:00.0;OFF;ON;100;10,70;15;21,30;42,80;98,70;90,80;10,70;2,50;20;21,30;21,40;
2026-07-13 12:18:00.0;OFF;ON;100;4,10;15;21,30;42,80;98,70;90,80;13;2,50;20;21,30;21,40;
2026-07-13 12:19:00.0;OFF;ON;100;-4,50;15;21,40;42,70;98,70;90,80;14,60;2,50;20;21,40;21,40;
2026-07-13 12:20:00.0;OFF;ON;100;9,30;15;21,40;42,70;98,70;90,80;17,80;2,50;20;21,40;21,50;
2026-07-13 12:21:00.0;OFF;ON;100;10,40;15;21,40;42,70;98,70;90,80;26,60;2,50;20;21,50;21,50;
2026-07-13 12:22:00.0;OFF;ON;100;-1,90;15;21,50;42,60;98,70;90,80;9,10;2,50;20;21,50;21,60;
2026-07-13 12:23:00.0;OFF;ON;100;13,40;15;21,50;42,60;98,70;90,80;6;2,50;20;21,40;21,60;
2026-07-13 12:24:00.0;OFF;ON;100;14,30;15;21,40;42,60;98,70;90,80;8,20;2,50;20;21,40;21,60;
2026-07-13 12:25:00.0;OFF;ON;100;12,40;15;21,50;42,50;98,70;90,80;9,40;2,50;20;21,50;21,50;
2026-07-13 12:26:00.0;OFF;ON;100;12,10;15;21,50;42,50;98,70;90,80;7,10;2,50;20;21,50;21,60;
2026-07-13 12:27:00.0;OFF;ON;100;4,70;15;21,60;42,50;98,70;90,80;7,40;2,50;20;21,60;21,70;
2026-07-13 12:28:00.0;OFF;ON;100;13,10;15;21,60;42,40;98,70;90,80;13,20;2,50;20;21,60;21,70;
2026-07-13 12:29:00.0;OFF;ON;100;12,70;15;21,60;42,40;98,70;90,80;9,40;2,50;20;21,70;21,80;
2026-07-13 12:30:00.0;OFF;ON;100;12,20;15;21,60;42,40;98,70;90,80;6,40;2,50;20;21,70;21,80;
2026-07-13 12:31:00.0;OFF;ON;100;16;15;21,70;42,30;98,70;90,80;6;2,50;26,70;21,70;21,80;
2026-07-13 12:32:00.0;OFF;ON;100;17,60;15;21,70;42,30;98,70;90,80;5,10;2,50;37,70;21,70;21,80;
2026-07-13 12:33:00.0;OFF;ON;100;17,40;15;21,60;42,30;98,80;90,80;6;2,50;36,50;21,50;21,70;
2026-07-13 12:34:00.0;OFF;ON;100;15,90;15;21,50;42,20;98,80;90,80;5,50;2,50;26,20;21,50;21,50;
2026-07-13 12:35:00.0;OFF;ON;100;14;15;21,40;42,20;98,80;90,80;8,10;2,50;20;21,50;21,40;
2026-07-13 12:36:00.0;OFF;ON;100;11,80;15;21,40;42,20;98,80;90,80;6,50;2,50;20;21,40;21,40;
2026-07-13 12:37:00.0;OFF;ON;100;8,40;15;21,40;42,10;98,80;90,80;12;2,50;20;21,50;21,50;
2026-07-13 12:38:00.0;OFF;ON;100;8,60;15;21,50;42,10;98,80;90,80;8,30;2,50;20;21,50;21,50;
2026-07-13 12:39:00.0;OFF;ON;100;12,50;15;21,50;42;98,80;90,80;9,90;2,50;20;21,50;21,60;
2026-07-13 12:40:00.0;OFF;ON;100;14;15;21,50;42;98,80;90,80;8;2,50;20;21,60;21,60;
2026-07-13 12:41:00.0;OFF;ON;100;13,50;15;21,60;42;98,80;90,80;12,40;2,50;20;21,60;21,70;
2026-07-13 12:42:00.0;OFF;ON;100;11,50;15;21,60;41,90;98,80;90,80;9,40;2,50;20;21,60;21,70;
2026-07-13 12:43:00.0;OFF;ON;100;12,20;15;21,60;41,90;98,80;90,80;9,40;2,50;20;21,60;21,70;
2026-07-13 12:44:00.0;OFF;ON;100;11,30;15;21,50;41,90;98,80;90,80;17,70;2,50;20;21,60;21,60;
2026-07-13 12:45:00.0;OFF;ON;100;12,50;15;21,60;41,80;98,80;90,80;8,30;2,50;20;21,60;21,60;
2026-07-13 12:46:00.0;OFF;ON;100;14,20;15;21,60;41,80;98,80;90,80;7,30;2,50;20;21,60;21,60;
2026-07-13 12:47:00.0;OFF;ON;100;13,80;15;21,60;41,70;98,80;90,70;7,80;2,50;20;21,60;21,60;
2026-07-13 12:48:00.0;OFF;ON;100;2,40;15;21,50;41,70;98,80;90,70;19,10;2,50;20;21,60;21,60;
2026-07-13 12:49:00.0;OFF;ON;100;7,70;15;21,50;41,70;98,80;90,80;13,80;2,50;20;21,60;21,60;
2026-07-13 12:50:00.0;OFF;ON;100;11,20;15;21,60;41,60;98,80;90,80;10,40;2,50;20;21,60;21,70;
2026-07-13 12:51:00.0;OFF;ON;100;-5,70;15;21,60;41,60;98,80;90,80;27,20;2,50;20;21,60;21,70;
2026-07-13 12:52:00.0;OFF;ON;100;11;15;21,60;41,50;98,80;90,70;10,60;2,50;20;21,60;21,70;
2026-07-13 12:53:00.0;OFF;ON;100;10,60;15;21,60;41,50;98,80;90,70;11;2,50;20;21,60;21,80;
2026-07-13 12:54:00.0;OFF;ON;100;-12;15;21,60;41,50;98,80;90,70;33,70;2,50;20;21,60;21,80;
2026-07-13 12:55:00.0;OFF;ON;100;10,20;15;21,60;41,40;98,80;90,70;11,40;2,50;20;21,70;21,80;
2026-07-13 12:56:00.0;OFF;ON;100;-3,30;15;21,70;41,30;98,80;90,70;25;2,50;20;21,70;21,90;
2026-07-13 12:57:00.0;OFF;ON;100;14,50;15;21,70;41,30;98,80;90,70;7,20;2,50;20;21,70;21,90;
2026-07-13 12:58:00.0;OFF;ON;100;12,50;15;21,70;41,30;98,80;90,70;9,20;2,50;20;21,70;21,90;
2026-07-13 12:59:00.0;OFF;ON;100;14;15;21,70;41,20;98,80;90,70;7,70;2,50;20;21,70;21,90;
2026-07-13 13:00:00.0;OFF;ON;100;13,40;15;21,70;41,20;98,80;90,70;8,30;2,50;20;21,70;21,90;
2026-07-13 13:01:00.0;OFF;ON;100;14,40;15;21,70;41,20;98,80;90,70;7,30;2,50;20;21,60;21,80;
2026-07-13 13:02:00.0;OFF;ON;100;13,20;15;21,70;41,10;98,80;90,70;8,40;2,50;20;21,60;21,80;
2026-07-13 13:03:00.0;OFF;ON;100;-12;15;21,70;41,10;98,80;90,70;33,70;2,50;20;21,70;21,80;
2026-07-13 13:04:00.0;OFF;ON;100;10,20;15;21,70;41;98,80;90,70;11,50;2,50;20;21,70;21,80;
2026-07-13 13:05:00.0;OFF;ON;100;13,10;15;21,70;41;98,80;90,70;8,50;2,50;23,80;21,70;21,90;
2026-07-13 13:06:00.0;OFF;ON;100;11,80;15;21,70;40,90;98,80;90,70;9,90;2,50;20;21,60;21,80;
2026-07-13 13:07:00.0;OFF;ON;100;2,20;15;21,70;40,90;98,80;90,70;19,50;2,50;20;21,70;21,90;
2026-07-13 13:08:00.0;OFF;ON;100;12,80;15;21,70;40,80;98,80;90,70;8,90;2,50;20;21,70;21,90;
2026-07-13 13:09:00.0;OFF;ON;100;-6,30;15;21,70;40,80;98,80;90,70;28,10;2,50;20;21,70;21,90;
2026-07-13 13:10:00.0;OFF;ON;100;10,70;15;21,80;40,70;98,80;90,70;11,10;2,50;20;21,70;21,90;
2026-07-13 13:11:00.0;OFF;ON;100;13,40;15;21,80;40,70;98,80;90,70;8,30;2,50;20;21,80;22;
2026-07-13 13:12:00.0;OFF;ON;100;10,20;15;21,80;40,70;98,80;90,70;11,60;2,50;20;21,80;22;
2026-07-13 13:13:00.0;OFF;ON;100;5;15;21,80;40,60;98,80;90,70;16,80;2,50;20;21,80;22;
2026-07-13 13:14:00.0;OFF;ON;100;5,50;15;21,80;40,60;98,80;90,70;16,30;2,50;20;21,80;22;
2026-07-13 13:15:00.0;OFF;ON;100;6,60;15;21,80;40,50;98,80;90,70;15,20;2,50;20;21,70;21,90;
2026-07-13 13:16:00.0;OFF;ON;100;-2,80;15;21,80;40,50;98,80;90,70;24,50;2,50;20;21,70;21,90;
2026-07-13 13:17:00.0;OFF;ON;100;17,40;15;21,80;40,40;98,80;90,70;4,30;2,50;20;21,70;21,90;
2026-07-13 13:18:00.0;OFF;ON;100;16,60;15;21,70;40,40;98,80;90,70;5,10;2,50;26,60;21,60;21,80;
2026-07-13 13:19:00.0;OFF;ON;100;15,60;15;21,60;40,30;98,80;90,70;5,90;2,50;38,10;21,50;21,60;
2026-07-13 13:20:00.0;OFF;ON;100;16,60;15;21,50;40,30;98,80;90,70;4,90;2,50;30,60;21,50;21,50;
2026-07-13 13:21:00.0;OFF;ON;100;13,80;15;21,50;40,30;98,80;90,70;7,50;2,50;32,10;21,40;21,50;
2026-07-13 13:22:00.0;OFF;ON;100;17,60;15;21,50;40,20;98,80;90,60;3,90;2,50;20;21,40;21,50;
2026-07-13 13:23:00.0;OFF;ON;100;14,60;15;21,50;40,20;98,80;90,60;6,80;2,50;20;21,40;21,50;
2026-07-13 13:24:00.0;OFF;ON;100;15,40;15;21,50;40,10;98,80;90,60;6,10;2,50;20;21,50;21,60;
2026-07-13 13:25:00.0;OFF;ON;100;-4;15;21,50;40;98,80;90,60;25,50;2,50;20;21,50;21,60;
2026-07-13 13:26:00.0;OFF;ON;100;13,30;15;21,50;40;98,80;90,60;8,20;2,50;20;21,40;21,60;
2026-07-13 13:27:00.0;OFF;ON;100;8,20;15;21,50;40;98,80;90,60;13,40;2,50;20;21,50;21,60;
2026-07-13 13:28:00.0;OFF;ON;100;14,10;15;21,50;39,90;98,80;90,60;7,40;2,50;20;21,50;21,70;
2026-07-13 13:29:00.0;OFF;ON;100;11;15;21,60;39,90;98,80;90,60;10,50;2,50;20;21,50;21,70;
2026-07-13 13:30:00.0;OFF;ON;100;11,40;15;21,60;39,90;98,80;90,60;10,20;2,50;20;21,50;21,70;
2026-07-13 13:31:00.0;OFF;ON;100;14;15;21,60;39,80;98,80;90,60;7,50;2,50;20;21,50;21,70;
2026-07-13 13:32:00.0;OFF;ON;100;12;15;21,60;39,80;98,80;90,60;9,60;2,50;20;21,50;21,60;
2026-07-13 13:33:00.0;OFF;ON;100;12,90;15;21,50;39,70;98,80;90,60;8,60;2,50;20;21,50;21,60;
2026-07-13 13:34:00.0;OFF;ON;100;13,90;15;21,50;39,70;98,80;90,60;7,60;2,50;20;21,40;21,50;
2026-07-13 13:35:00.0;OFF;ON;100;13,70;15;21,50;39,60;98,80;90,60;7,80;2,50;20;21,50;21,60;
2026-07-13 13:36:00.0;OFF;ON;100;1,70;15;21,50;39,60;98,80;90,60;19,80;2,50;20;21,50;21,60;
2026-07-13 13:37:00.0;OFF;ON;100;8,30;15;21,50;39,60;98,80;90,60;13,30;2,50;20;21,50;21,70;
2026-07-13 13:38:00.0;OFF;ON;100;7,10;15;21,50;39,50;98,80;90,60;14,50;2,50;20;21,50;21,70;
2026-07-13 13:39:00.0;OFF;ON;100;14,80;15;21,50;39,50;98,80;90,60;6,70;2,50;20;21,40;21,60;
2026-07-13 13:40:00.0;OFF;ON;100;11,10;15;21,50;39,40;98,80;90,60;10,40;2,50;20;21,40;21,60;
2026-07-13 13:41:00.0;OFF;ON;100;14,90;15;21,50;39,40;98,80;90,60;6,60;2,50;20;21,40;21,60;
2026-07-13 13:42:00.0;OFF;ON;100;14,20;15;21,50;39,30;98,80;90,60;7,30;2,50;20;21,40;21,60;
2026-07-13 13:43:00.0;OFF;ON;100;15,50;15;21,50;39,30;98,80;90,60;6;2,50;23,20;21,40;21,60;
2026-07-13 13:44:00.0;OFF;ON;100;16,20;15;21,50;39,30;98,80;90,60;5,10;2,50;29,90;21,30;21,60;
2026-07-13 13:45:00.0;OFF;ON;100;10,30;15;21,40;39,20;98,80;90,60;11,10;2,50;20;21,20;21,30;
2026-07-13 13:46:00.0;OFF;ON;100;16,60;15;21,30;39,20;98,80;90,60;4,60;2,50;31,10;21,10;21,30;
2026-07-13 13:47:00.0;OFF;ON;100;12;15;21,20;39,10;98,80;90,60;9,20;2,50;20;21;21,20;
2026-07-13 13:48:00.0;OFF;ON;100;13,10;15;21,20;39,10;98,80;90,60;8,10;2,50;20;21;21,20;
2026-07-13 13:49:00.0;OFF;ON;100;15,80;15;21,20;39,10;98,80;90,60;5,40;2,50;25,40;21;21,20;
2026-07-13 13:50:00.0;OFF;ON;100;15,30;15;21,20;39;98,80;90,60;5,90;2,50;22,10;21;21,20;
2026-07-13 13:51:00.0;OFF;ON;100;14,60;15;21,20;39;98,80;90,60;6,50;2,50;20;21;21,20;
2026-07-13 13:52:00.0;OFF;ON;100;15,30;15;21,20;38,90;98,80;90,60;5,90;2,50;22,10;21;21,20;
2026-07-13 13:53:00.0;OFF;ON;100;14,70;15;21,20;38,90;98,80;90,60;6,50;2,50;20;21,10;21,20;
2026-07-13 13:54:00.0;OFF;ON;100;13,30;15;21,20;38,80;98,80;90,60;7,90;2,50;20;21,10;21,20;
2026-07-13 13:55:00.0;OFF;ON;100;14,10;15;21,20;38,80;98,80;90,60;7,10;2,50;20;21,10;21,30;
2026-07-13 13:56:00.0;OFF;ON;100;13,50;15;21,20;38,80;98,80;90,60;7,80;2,50;20;21,10;21,30;
2026-07-13 13:57:00.0;OFF;ON;100;16,90;15;21,20;38,70;98,80;90,60;4,40;2,50;33,50;21,10;21,30;
2026-07-13 13:58:00.0;OFF;ON;100;16,30;15;21,20;38,70;98,80;90,60;4,90;2,50;31,90;21,10;21,20;
2026-07-13 13:59:00.0;OFF;ON;100;15;15;21,20;38,60;98,80;90,60;6,20;2,50;20;21;21;
2026-07-13 14:00:00.0;OFF;ON;100;13,20;15;21,10;38,60;98,80;90,60;8;2,50;20;21;21,20;
2026-07-13 14:01:00.0;OFF;ON;100;12,30;15;21,20;38,60;98,80;90,60;8,80;2,50;20;21,10;21,20;
2026-07-13 14:02:00.0;OFF;ON;100;14,40;15;21,10;38,50;98,80;90,60;6,70;2,50;20;21;21,20;
2026-07-13 14:03:00.0;OFF;ON;100;-0,10;15;21,10;38,50;98,80;90,50;21,30;2,50;20;21;21,10;
2026-07-13 14:04:00.0;OFF;ON;100;2,20;15;21,10;38,40;98,80;90,50;18,90;2,50;20;21;21,10;
2026-07-13 14:05:00.0;OFF;ON;100;8,10;15;21,10;38,40;98,80;90,50;13;2,50;20;21;21,10;
2026-07-13 14:06:00.0;OFF;ON;100;6,60;15;21,10;38,30;98,80;90,50;14,50;2,50;20;21;21,20;
2026-07-13 14:07:00.0;OFF;ON;100;-5,70;15;21,10;38,30;98,80;90,50;26,80;2,50;20;21;21,20;
2026-07-13 14:08:00.0;OFF;ON;100;10,20;15;21,20;38,20;98,80;90,50;10,90;2,50;20;21;21,20;
2026-07-13 14:09:00.0;OFF;ON;100;10;15;21,10;38,20;98,80;90,50;11,10;2,50;20;20,90;21,20;
2026-07-13 14:10:00.0;OFF;ON;100;10,50;15;21,10;38,10;98,80;90,50;10,60;2,50;20;21;21,10;
2026-07-13 14:11:00.0;OFF;ON;100;3,90;15;21,10;38,10;98,80;90,50;14;2,50;20;21;21,20;
2026-07-13 14:12:00.0;OFF;ON;100;10,90;15;21,10;38,10;98,80;90,50;10,20;2,50;20;21;21,20;
2026-07-13 14:13:00.0;OFF;ON;100;14,40;15;21,10;38;98,80;90,50;6,70;2,50;20;21;21,20;
2026-07-13 14:14:00.0;OFF;ON;100;14,70;15;21,10;38;98,80;90,50;6,50;2,50;20;21;21,20;
2026-07-13 14:15:00.0;OFF;ON;100;17,90;15;21,10;38;98,80;90,50;3,20;2,50;100;21;21,20;
2026-07-13 14:16:00.0;OFF;ON;100;-40;15;21,20;37,90;98,80;90,50;61,20;2,50;100;21,10;21,20;
2026-07-13 14:17:00.0;OFF;ON;100;-40;15;20,30;37,80;98,80;90,50;60;2,50;100;19,80;19,40;
2026-07-13 14:18:00.0;OFF;ON;100;-40;15;20;37,80;98,80;90,50;60;2,50;100;19,80;19,20;
2026-07-13 14:19:00.0;OFF;ON;100;-12;15;19,80;37,80;98,80;90,50;31,80;2,50;100;19,60;18,90;
2026-07-13 14:20:00.0;OFF;ON;100;-4,10;15;19,60;37,70;98,80;90,50;23,60;2,50;100;19,30;18,60;
2026-07-13 14:21:00.0;OFF;ON;100;0,40;15;19,40;37,60;98,80;90,50;18,70;2,50;100;18,90;18,10;
2026-07-13 14:22:00.0;OFF;ON;100;4,20;15;19;37,60;98,50;90,50;14,70;2,50;100;18,70;17,60;
2026-07-13 14:23:00.0;OFF;ON;100;7,20;15;18,80;37,60;98,30;90,50;11,30;2,50;100;18,30;16,90;
2026-07-13 14:24:00.0;OFF;ON;100;7,90;15;18,40;37,50;97,40;90,50;10,30;2,50;100;17,90;16,50;
2026-07-13 14:25:00.0;OFF;ON;100;9,20;15;18;37,50;96,80;90,50;8,70;2,50;100;17,70;16,30;
2026-07-13 14:26:00.0;OFF;ON;100;9,50;15;17,80;37,40;96,30;90,50;8,20;2,50;100;17,40;15,90;
2026-07-13 14:27:00.0;OFF;ON;100;9,50;15;17,50;37,40;95,80;90,50;7,90;2,50;100;17,20;15,60;
2026-07-13 14:28:00.0;OFF;ON;100;9;14,90;17,30;37,30;95,50;90,50;8,20;2,50;100;17;15,30;
2026-07-13 14:29:00.0;OFF;ON;100;8,20;14,70;17,10;37,30;95,10;90,50;8,70;2,50;100;16,70;15;
2026-07-13 14:30:00.0;OFF;ON;100;6,80;14,40;16,90;37,30;95;90,40;10;2,50;30;16,50;14,80;
2026-07-13 14:31:00.0;OFF;ON;100;13,40;14,30;16,70;37,20;94,80;90,40;3,20;2,50;30;16,30;14,80;
2026-07-13 14:32:00.0;OFF;ON;100;13,10;14,10;16,80;37,10;95,10;90,40;3,70;2,50;30;16,70;15,70;
2026-07-13 14:33:00.0;OFF;ON;100;14,20;14,30;17;37,10;96;90,50;2,80;2,50;30;16,80;15,90;
2026-07-13 14:34:00.0;OFF;ON;100;14,10;14,50;17,30;37,10;97,30;90,40;3,20;2,50;30;17,20;16,60;
2026-07-13 14:35:00.0;OFF;ON;100;14,60;14,80;17,50;37;97,70;90,40;2,90;2,50;30;17,30;16,80;
2026-07-13 14:36:00.0;OFF;ON;100;14,20;15;17,60;37;98,30;90,40;3,40;2,50;30;17,40;17;
2026-07-13 14:37:00.0;OFF;ON;100;13,90;15;17,80;36,90;98,50;90,40;3,80;2,50;30;17,60;17,40;
2026-07-13 14:38:00.0;OFF;ON;100;14,20;15;17,90;36,90;98,70;90,40;3,70;2,50;30;17,70;17,50;
2026-07-13 14:39:00.0;OFF;ON;100;14,50;15;17,90;36,90;98,70;90,40;3,50;2,50;30;17,80;17,50;
2026-07-13 14:40:00.0;OFF;ON;100;13,70;15;18;36,80;98,70;90,40;4,30;2,50;30;17,90;17,60;
2026-07-13 14:41:00.0;OFF;ON;100;14,10;15;18;36,80;98,70;90,40;3,90;2,50;30;17,90;17,70;
2026-07-13 14:42:00.0;OFF;ON;100;14,20;15;18,10;36,70;98,70;90,40;3,80;2,50;30;17,90;17,80;
2026-07-13 14:43:00.0;OFF;ON;100;14,50;15;18,10;36,70;98,70;90,40;3,60;2,50;30;18;17,80;
2026-07-13 14:44:00.0;OFF;ON;100;14,90;15;18,10;36,60;98,70;90,40;3,30;2,50;30;18;17,90;
2026-07-13 14:45:00.0;OFF;ON;100;14,70;15;18,20;36,60;98,70;90,40;3,40;2,50;30;18,10;17,90;
2026-07-13 14:46:00.0;OFF;ON;100;13,90;15;18,20;36,60;98,70;90,40;4,30;2,50;30;18;17,90;
2026-07-13 14:47:00.0;OFF;ON;100;13,90;15;18,20;36,50;98,70;90,40;4,30;2,50;30;18;17,90;
2026-07-13 14:48:00.0;OFF;ON;100;14,70;15;18,20;36,50;98,70;90,40;3,40;2,50;30;18;17,80;
2026-07-13 14:49:00.0;OFF;ON;100;15,20;15;18,20;36,40;98,70;90,40;3;2,50;31,30;18,10;17,90;
2026-07-13 14:50:00.0;OFF;ON;100;15,30;15;18,20;36,30;98,70;90,40;2,90;2,50;31,90;18,10;18;
2026-07-13 14:51:00.0;OFF;ON;100;14,30;15;18,30;36,30;98,70;90,40;3,90;2,50;30;18,10;18,10;
2026-07-13 14:52:00.0;OFF;ON;100;13;15;18,30;36,30;98,70;90,40;5,30;2,50;30;18,20;18,10;
2026-07-13 14:53:00.0;OFF;ON;100;15,80;15;18,30;36,20;98,70;90,40;2,50;2,50;34,90;18,20;18,20;
2026-07-13 14:54:00.0;OFF;ON;100;16;15;18,40;36,20;98,70;90,40;2,30;2,50;36,30;18,20;18,20;
2026-07-13 14:55:00.0;OFF;ON;100;15,60;15;18,40;36,10;98,70;90,40;2,80;2,50;33,30;18,30;18,20;
2026-07-13 14:56:00.0;OFF;ON;100;15,20;15;18,40;36,10;98,70;90,40;3,20;2,50;31,30;18,30;18,20;
2026-07-13 14:57:00.0;OFF;ON;100;13,10;15;18,30;36;98,70;90,40;5,20;2,50;30;18,20;18,10;
2026-07-13 14:58:00.0;OFF;ON;100;14,50;15;18,30;36;98,70;90,30;3,80;2,50;30;18,20;18,10;
2026-07-13 14:59:00.0;OFF;ON;100;10,50;15;18,30;35,90;98,70;90,30;7,80;2,50;30;18,20;18,10;
2026-07-13 15:00:00.0;OFF;ON;100;12,80;15;18,30;35,90;98,70;90,30;5,50;2,50;30;18,20;18,10;
2026-07-13 15:01:00.0;OFF;ON;100;14,50;15;18,30;35,80;98,70;90,30;3,80;2,50;30;18,20;18;
2026-07-13 15:02:00.0;OFF;ON;100;14,80;15;18,30;35,80;98,70;90,30;3,50;2,50;30;18,20;18;
2026-07-13 15:03:00.0;OFF;ON;100;14,80;15;18,20;35,80;98,70;90,30;3,50;2,50;30;18,10;18;
2026-07-13 15:04:00.0;OFF;ON;100;14,50;15;18,20;35,70;98,70;90,30;3,70;2,50;30;18,10;17,90;
2026-07-13 15:05:00.0;OFF;ON;100;15,40;15;18,20;35,60;98,70;90,30;2,70;2,50;32,50;18;17,90;
2026-07-13 15:06:00.0;OFF;ON;100;14,70;15;18,10;35,60;98,70;90,30;3,40;2,50;42,30;18;17,90;
2026-07-13 15:07:00.0;OFF;ON;100;15;12,60;18,10;35,50;98,70;90,30;3,10;2,50;48,10;18;17,70;
2026-07-13 15:08:00.0;OFF;ON;100;14,60;12,60;18,10;35,50;98,70;90,30;3,50;2,50;47,80;17,90;17,70;
2026-07-13 15:09:00.0;OFF;ON;100;14,40;12,60;18;35,50;98,70;90,30;3,50;5,50;51,30;17,80;17,50;
2026-07-13 15:10:00.0;OFF;ON;100;13,20;12,50;17,90;35,40;98,70;90,30;4,70;5,50;46,90;17,70;17,30;
2026-07-13 15:11:00.0;OFF;ON;100;12,90;12,40;17,70;35,40;98,50;90,30;4,90;5,50;47,10;17,60;17,10;
2026-07-13 15:12:00.0;OFF;ON;100;13,30;12,20;17,50;35,30;97,90;90,30;4,20;5,50;54,80;17,30;16,70;
2026-07-13 15:13:00.0;OFF;ON;100;13,20;12;17,40;35,30;97,70;90,30;4,20;5,50;56,20;17,20;16,50;
2026-07-13 15:14:00.0;OFF;ON;100;11,40;11,90;17,20;35,20;97,20;90,30;5,70;5,50;58,80;16,90;16,20;
2026-07-13 15:15:00.0;OFF;ON;100;11,10;10,20;16,80;35,10;96,60;90,30;5,70;5,50;61,80;16,60;15,60;
2026-07-13 15:16:00.0;OFF;ON;100;10,80;9,80;16,60;35,10;96,10;90,30;5,80;5,50;63,50;16,40;15,30;
2026-07-13 15:17:00.0;OFF;ON;100;10,50;9,60;16,50;35;96;90,30;6;7;64;16,20;15,10;
2026-07-13 15:18:00.0;OFF;ON;100;10;9,50;16,20;35;95,60;90,30;6,20;7;64,60;16;14,80;
2026-07-13 15:19:00.0;OFF;ON;100;9,70;9,20;16;35;95,50;90,30;6,30;7;65,60;15,80;14,60;
2026-07-13 15:20:00.0;OFF;ON;100;9,50;9;15,80;34,90;95,10;90,30;6,30;7;66,70;15,50;14,40;
2026-07-13 15:21:00.0;OFF;ON;100;9,30;8,80;15,60;34,90;95,20;90,30;6,40;7;67,40;15,40;14,20;
2026-07-13 15:22:00.0;OFF;ON;100;9,10;8,60;15,50;34,80;95,10;90,30;6,40;7;68,10;15,20;14;
2026-07-13 15:23:00.0;OFF;ON;100;8,80;8,50;15,30;34,80;95;90,30;6,50;7;68,30;15;13,90;
2026-07-13 15:24:00.0;OFF;ON;100;8,30;8,30;15,20;34,80;95;90,30;6,80;7;66,80;14,90;13,70;
2026-07-13 15:25:00.0;OFF;ON;100;8,20;8,20;15;34,70;95;90,30;6,70;7;67,90;14,70;13,50;
2026-07-13 15:26:00.0;OFF;ON;100;8,10;8;14,80;34,70;95;90,30;6,70;7;68,40;14,60;13,40;
2026-07-13 15:27:00.0;OFF;ON;100;7,80;7,80;14,70;34,60;95,10;90,30;6,90;7;67,50;14,50;13,30;
2026-07-13 15:28:00.0;OFF;ON;100;7,70;7,70;14,60;34,60;95;90,30;7;7;67,70;14,40;13,20;
2026-07-13 15:29:00.0;OFF;ON;100;7,70;7,60;14,50;34,60;95;90,30;6,80;7;68,70;14,30;13;
2026-07-13 15:30:00.0;OFF;ON;100;7,50;7,50;14,40;34,50;95,10;90,30;6,90;7;68,20;14,20;12,90;
2026-07-13 15:31:00.0;OFF;ON;100;7,50;7,40;14,30;34,50;95,20;90,30;6,80;7;85,90;14,10;12,80;
2026-07-13 15:32:00.0;OFF;ON;100;10;4,30;14,30;34,50;95,50;90,30;4,30;7;63,60;14,10;12,90;
2026-07-13 15:33:00.0;OFF;ON;100;7,50;4,30;14,20;34,40;95,50;90,30;6,70;7;57,90;14;12,80;
2026-07-13 15:34:00.0;OFF;ON;100;7,70;4,20;14,20;34,40;95,90;90,30;6,50;10;64,10;14;12,90;
2026-07-13 15:35:00.0;OFF;ON;100;7,50;4,20;14,10;34,30;96,10;90,30;6,60;10;67,60;13,90;12,80;
2026-07-13 15:36:00.0;OFF;ON;100;6,90;4,10;14,10;34,30;96,10;90,20;7,20;10;70,90;13,80;12,70;
2026-07-13 15:37:00.0;OFF;ON;100;6,30;4,10;13,90;34,20;95,80;90,20;7,60;10;73,50;13,70;12,40;
2026-07-13 15:38:00.0;OFF;ON;100;5,90;3,90;13,80;34,20;95,50;90,20;7,90;10;74,90;13,50;12,20;
2026-07-13 15:39:00.0;OFF;ON;100;5,50;3,80;13,60;34,10;95,20;90,20;8,10;10;77,60;13,30;11,90;
2026-07-13 15:40:00.0;OFF;ON;100;5,10;3,60;13,40;34,10;95;90,20;8,30;10;78,70;13,20;11,60;
2026-07-13 15:41:00.0;OFF;ON;100;6,90;3,40;13,30;34,10;95;90,20;6,40;10;54,30;13,10;11,60;
2026-07-13 15:42:00.0;OFF;ON;100;7,50;3,30;13,30;34;95,20;90,20;5,80;10;63,70;13,10;11,90;
2026-07-13 15:43:00.0;OFF;ON;100;7;3,30;13,40;34;96;90,20;6,40;10;67,40;13,20;12;
2026-07-13 15:44:00.0;OFF;ON;100;6,80;3,40;13,40;34;96,30;90,20;6,60;10;72,80;13,20;12,10;
2026-07-13 15:45:00.0;OFF;ON;100;6,60;3,40;13,40;33,90;96,40;90,20;6,80;10;76,90;13,20;12;
2026-07-13 15:46:00.0;OFF;ON;100;5,80;3,40;13,30;33,90;96,30;90,20;7,50;10;77,20;13,10;11,90;
2026-07-13 15:47:00.0;OFF;ON;100;3,40;3,30;13,30;33,80;96,50;90,20;9,90;10;64,80;13,10;11,90;
2026-07-13 15:48:00.0;OFF;ON;100;4,40;3,30;13,20;33,80;96,50;90,20;8,90;10;70,90;13;11,80;
2026-07-13 15:49:00.0;OFF;ON;100;3,70;3,20;13,10;33,70;96,30;90,20;9,40;10;70,80;12,90;11,60;
2026-07-13 15:50:00.0;OFF;ON;100;3,10;3,10;13;33,70;96,20;90,20;9,90;10;68,20;12,80;11,50;
2026-07-13 15:51:00.0;OFF;ON;100;3,80;3;13;33,70;96,30;90,20;9,20;10;74,50;12,70;11,30;
2026-07-13 15:52:00.0;OFF;ON;100;4,50;3;12,80;33,60;96;90,20;8,30;10;80,50;12,60;11,10;
2026-07-13 15:53:00.0;OFF;ON;100;4,30;2,80;12,60;33,60;95,70;90,20;8,30;10;80,10;12,40;10,90;
2026-07-13 15:54:00.0;OFF;ON;100;2,60;2,60;12,50;33,50;95,40;90,20;9,90;10;72,70;12,20;10,80;
2026-07-13 15:55:00.0;OFF;ON;100;4;2,50;12,30;33,50;95;90,20;8,30;10;81,40;12;10,40;
2026-07-13 15:56:00.0;OFF;ON;100;3,20;2,30;12,20;33,40;95;90,20;9;10;76,80;11,90;10,30;
2026-07-13 15:57:00.0;OFF;ON;100;2,90;2,20;12,10;33,40;95;90,20;9,20;10;75,60;11,80;10,20;
2026-07-13 15:58:00.0;OFF;ON;100;1,90;2,10;11,90;33,40;94,50;90,10;10;10;73,10;11,60;9,90;
2026-07-13 15:59:00.0;OFF;ON;100;3,20;1,90;11,90;33,30;94,90;90,10;8,70;10;79,90;11,60;10;
2026-07-13 16:00:00.0;OFF;ON;100;2,90;1,90;11,70;33,30;94,90;90,10;8,80;10;79;11,50;9,80;
2026-07-13 16:01:00.0;OFF;ON;100;2,60;1,70;11,60;33,20;94,50;90,10;8,90;10;80,40;11,30;9,60;
2026-07-13 16:02:00.0;OFF;ON;100;-6,30;1,60;11,50;33,20;94,50;90,10;17,80;10;30;11,20;9,50;
2026-07-13 16:03:00.0;OFF;ON;100;5,20;1,50;11,40;33,20;94,90;90,10;6,20;10;57,20;11,20;9,60;
2026-07-13 16:04:00.0;OFF;ON;100;5,30;1,40;11,50;33,10;95,10;90,10;6,20;10;62,10;11,30;9,90;
2026-07-13 16:05:00.0;OFF;ON;100;5,10;1,50;11,60;33,10;96,10;90,10;6,50;10;67,70;11,40;10,10;
2026-07-13 16:06:00.0;OFF;ON;100;4,60;1,60;11,70;33;96,30;90,10;7,10;10;69,30;11,50;10,20;
2026-07-13 16:07:00.0;OFF;ON;100;4,30;1,70;11,60;33;96,30;90,10;7,40;10;73,90;11,40;10;
2026-07-13 16:08:00.0;OFF;ON;100;4;1,50;11,50;32,90;96,10;90,10;7,50;10;77,30;11,30;9,80;
2026-07-13 16:09:00.0;OFF;ON;100;3,60;1,40;11,40;32,90;95,70;90,10;7,80;10;79,50;11,10;9,60;
2026-07-13 16:10:00.0;OFF;ON;100;0,80;1,20;11,20;32,90;95,40;90,10;10,40;10;64,90;11;9,50;
2026-07-13 16:11:00.0;OFF;ON;100;-0,30;1,10;11,10;32,80;95,20;90,10;11,30;10;61,10;10,80;9,20;
2026-07-13 16:12:00.0;OFF;ON;100;0,10;1;11;32,80;95,10;90,10;11;10;63,60;10,80;9,30;
2026-07-13 16:13:00.0;OFF;ON;100;4,90;0,90;10,90;32,80;95,20;90,10;6;10;59,90;10,60;9,30;
2026-07-13 16:14:00.0;OFF;ON;100;3,20;-4;10,90;32,70;95,20;90,10;7,70;10;81,20;10,70;9;
2026-07-13 16:15:00.0;OFF;ON;100;4,40;-3,80;11,20;32,70;96,20;90,20;6,70;10;92,60;11;9,70;
2026-07-13 16:16:00.0;OFF;ON;100;3,60;-3,90;11,10;32,60;96,30;90,20;7,50;10;92,70;10,90;9,50;
2026-07-13 16:17:00.0;OFF;ON;100;-0,30;-4;10,80;32,50;95,60;90,20;11,10;15;80;10,50;9;
2026-07-13 16:18:00.0;OFF;ON;100;0,20;-4;10,50;32,50;94,90;90,20;10,30;15;90,10;10,30;8,70;
2026-07-13 16:19:00.0;OFF;ON;100;2;-4;10,40;32,50;94,50;90,10;8,40;15;97,80;10,10;8,50;
2026-07-13 16:20:00.0;OFF;ON;100;1,80;-4;10,20;32,40;94;90,10;8,40;15;100;9,90;8,30;
2026-07-13 16:21:00.0;OFF;ON;100;0,70;-4;10;32,40;93,80;90,10;9,30;15;98,40;9,80;8,10;
2026-07-13 16:22:00.0;OFF;ON;100;0,90;-4;9,90;32,30;93,60;90,10;9;15;99,50;9,60;7,90;
2026-07-13 16:23:00.0;OFF;ON;100;0,40;-4;9,70;32,30;93,60;90,10;9,30;15;98,90;9,50;7,80;
2026-07-13 16:24:00.0;OFF;ON;100;0;-4;9,60;32,20;93,50;90,10;9,60;15;96,90;9,40;7,70;
2026-07-13 16:25:00.0;OFF;ON;100;0;-4;9,50;32,20;93,50;90,10;9,50;15;99,20;9,30;7,60;
2026-07-13 16:26:00.0;OFF;ON;100;-1,90;-4;9,40;32,10;93,60;90,10;11,30;15;90,70;9,20;7,50;
2026-07-13 16:27:00.0;OFF;ON;100;-0,40;-4;9,40;32,10;93,60;90,10;9,80;15;98,50;9,20;7,40;
2026-07-13 16:28:00.0;OFF;ON;100;-0,30;-4;9,30;32,10;93,60;90,10;9,60;15;96,50;9,10;7,30;
2026-07-13 16:29:00.0;OFF;ON;100;-0,20;-4;9,20;32;93,70;90,10;9,40;15;98,10;9;7,20;
2026-07-13 16:30:00.0;OFF;ON;100;-0,50;-4;9,20;32;93,60;90,10;9,60;15;100;8,90;7,20;
2026-07-13 16:31:00.0;OFF;ON;100;-0,80;-4;9,10;31,90;93,90;90,10;9,90;15;98,40;8,90;7,10;
2026-07-13 16:32:00.0;OFF;ON;100;-0,40;-4;9;31,90;93,60;90,10;9,40;15;100;8,80;7;
2026-07-13 16:33:00.0;OFF;ON;100;-0,50;-4;9;31,80;93,70;90,10;9,50;15;100;8,70;6,90;
2026-07-13 16:34:00.0;OFF;ON;100;-0,10;-4;8,90;31,80;93,60;90,10;9;15;97,30;8,70;6,80;
2026-07-13 16:35:00.0;OFF;ON;100;-0,60;-4;8,80;31,70;93,70;90,10;9,40;15;99,20;8,60;6,80;
2026-07-13 16:36:00.0;OFF;ON;100;0,20;-4;8,70;31,70;93,80;90,10;8,60;15;99,80;8,50;6,70;
2026-07-13 16:37:00.0;OFF;ON;100;-0,30;-4;8,70;31,60;93,90;90,10;9;15;98,80;8,50;6,70;
2026-07-13 16:38:00.0;OFF;ON;100;-0,50;-4;8,60;31,60;93,80;90,10;9,10;15;98,40;8,40;6,60;
2026-07-13 16:39:00.0;OFF;ON;100;-0,40;-4;8,50;31,50;93,90;90,10;9;15;99,20;8,30;6,50;
2026-07-13 16:40:00.0;OFF;ON;100;-0,60;-4;8,50;31,50;93,90;90,10;9,10;15;100;8,20;6,40;
2026-07-13 16:41:00.0;OFF;ON;100;-0,40;-4;8,40;31,40;93,90;90,10;8,80;15;99,50;8,20;6,40;
2026-07-13 16:42:00.0;OFF;ON;100;-0,90;-4;8,30;31,40;93,90;90,10;9,30;15;98,60;8,10;6,30;
2026-07-13 16:43:00.0;OFF;ON;100;-0,50;-4;8,30;31,30;93,70;90,10;8,80;15;100;8;6,20;
2026-07-13 16:44:00.0;OFF;ON;100;-1,70;-4;8,20;31,30;94;90,10;9,90;15;97,10;8;6,10;
2026-07-13 16:45:00.0;OFF;ON;100;-1,30;-4;8,20;31,30;93,90;90,10;9,40;15;96,80;8;6,10;
2026-07-13 16:46:00.0;OFF;ON;100;-1,10;-4;8,10;31,20;93,80;90,10;9,20;15;100;7,90;6;
2026-07-13 16:47:00.0;OFF;ON;100;-1,60;-4;8,10;31,20;93,90;90,10;9,60;15;96;7,80;6;
2026-07-13 16:48:00.0;OFF;ON;100;-1,40;1;8;31,10;93,90;90,10;9,40;15;69,60;7,80;5,90;
2026-07-13 16:49:00.0;OFF;ON;100;-0,20;1;8;31,10;94,10;90,10;8,20;15;73;7,80;6,20;
2026-07-13 16:50:00.0;OFF;ON;100;0,90;1;8;31;94,60;90,10;7,10;15;78,20;7,80;6;
2026-07-13 16:51:00.0;OFF;ON;100;0,50;1;8;30,90;94,40;90;7,50;7;75,50;7,80;6,10;
2026-07-13 16:52:00.0;OFF;ON;100;0,50;1;8;30,90;94,50;90;7,50;7;74,90;7,80;6,10;
2026-07-13 16:53:00.0;OFF;ON;100;0,70;0,90;7,90;30,90;94,50;90;7,20;7;75,70;7,70;6;
2026-07-13 16:54:00.0;OFF;ON;100;0,50;0,90;7,90;30,80;94,70;90;7,40;7;74,20;7,70;6;
2026-07-13 16:55:00.0;OFF;ON;100;0,50;0,90;7,90;30,70;94,70;90;7,40;7;73,60;7,70;6;
2026-07-13 16:56:00.0;OFF;ON;100;0,40;0,90;7,90;30,70;94,80;90;7,50;7;72,30;7,60;5,90;
2026-07-13 16:57:00.0;OFF;ON;100;0,30;0,80;7,80;30,60;94,60;90;7,50;7;71,70;7,60;5,90;
2026-07-13 16:58:00.0;OFF;ON;100;0,30;0,80;7,80;30,60;94,50;90;7,40;7;71,10;7,60;5,80;
2026-07-13 16:59:00.0;OFF;ON;100;0,20;0,70;7,70;30,60;94,70;90;7,50;7;69,90;7,50;5,80;
2026-07-13 17:00:00.0;OFF;ON;100;0,30;0,70;7,70;30,50;94,70;90;7,40;7;69,60;7,40;5,80;
2026-07-13 17:01:00.0;OFF;ON;100;0,40;0,70;7,70;30,40;94,40;90;7,30;7;69,90;7,40;5,70;
2026-07-13 17:02:00.0;OFF;ON;100;0,20;0,60;7,60;30,40;94,50;90;7,40;7;68,80;7,30;5,70;
2026-07-13 17:03:00.0;OFF;ON;100;0,30;0,60;7,60;30,40;94,60;90;7,30;7;68,90;7,30;5,70;
2026-07-13 17:04:00.0;OFF;ON;100;0,40;0,50;7,50;30,30;94,50;90;7,20;7;69,30;7,30;5,60;
2026-07-13 17:05:00.0;OFF;ON;100;0,30;0,50;7,50;30,20;94,50;90;7,20;7;68,40;7,30;5,60;
2026-07-13 17:06:00.0;OFF;ON;100;0,20;0,50;7,50;30,20;94,80;90;7,30;7;67,70;7,20;5,60;
2026-07-13 17:07:00.0;OFF;ON;100;0,40;0,50;7,50;30,10;94,70;90;7,10;7;68,40;7,20;5,60;
2026-07-13 17:08:00.0;OFF;ON;100;0,30;0,40;7,40;30,10;94,70;90;7,10;7;68,10;7,20;5,50;
2026-07-13 17:09:00.0;OFF;ON;100;0,20;0,40;7,40;30;94,70;90;7,20;7;67,30;7,20;5,50;
2026-07-13 17:10:00.0;OFF;ON;100;0,10;0,40;7,40;30;94,80;90;7,20;7;66,50;7,10;5,50;
2026-07-13 17:11:00.0;OFF;ON;100;0,30;0,30;7,30;29,90;94,70;90;7;7;67,50;7,10;5,50;
2026-07-13 17:12:00.0;OFF;ON;100;0,20;0,30;7,30;29,90;94,70;90;7,10;7;67,10;7,10;5,50;
2026-07-13 17:13:00.0;OFF;ON;100;0,20;0,30;7,30;29,90;94,70;90;7,10;7;66,80;7;5,40;
2026-07-13 17:14:00.0;OFF;ON;100;0,10;0,30;7,30;29,80;94,80;90;7,10;7;66,50;7;5,40;
2026-07-13 17:15:00.0;OFF;ON;100;0,30;0,20;7,20;29,80;94,80;90;7;7;67,50;7;5,40;
2026-07-13 17:16:00.0;OFF;ON;100;0,10;0,30;7,30;29,70;94,70;90;7,20;7;66;7,10;5,40;
2026-07-13 17:17:00.0;OFF;ON;100;0,10;0,20;7,20;29,70;94,80;90;7,10;7;66,20;7,10;5,40;
2026-07-13 17:18:00.0;OFF;ON;100;0,10;0,20;7,20;29,60;94,80;90;7,10;7;66;7,20;5,30;
2026-07-13 17:19:00.0;OFF;ON;100;0,20;0,20;7,20;29,60;94,80;90;7;7;66,30;7,10;5,30;
2026-07-13 17:20:00.0;OFF;ON;100;0,10;0,20;7,20;29,60;94,80;90;7,10;7;66;7,10;5,30;
2026-07-13 17:21:00.0;OFF;ON;100;0,10;0,10;7,10;29,50;94,80;90;7;7;66,90;7,10;5,30;
2026-07-13 17:22:00.0;OFF;ON;100;0,10;0,10;7,10;29,50;94,90;90;7;7;67;7,10;5,20;
2026-07-13 17:23:00.0;OFF;ON;100;0,20;0,10;7,10;29,40;94,80;90;6,90;7;67,10;7,10;5,20;
2026-07-13 17:24:00.0;OFF;ON;100;0,10;0,10;7,10;29,40;94,80;90;7;7;66,30;7;5,20;
2026-07-13 17:25:00.0;OFF;ON;100;0,10;0,10;7,10;29,30;94,70;90;7;7;67,10;7;5,20;
2026-07-13 17:26:00.0;OFF;ON;100;0,20;0,10;7,10;29,30;95;90;6,90;7;67,60;6,90;5,10;
2026-07-13 17:27:00.0;OFF;ON;100;0,10;0;7;29,20;94,80;90;6,90;7;67,20;6,90;5,10;
2026-07-13 17:28:00.0;OFF;ON;100;0;0;7;29,20;94,70;90;7;7;67,40;6,90;5,10;
2026-07-13 17:29:00.0;OFF;ON;100;0,10;0;7;29,20;94,90;90;6,90;7;67,80;6,80;5,10;
2026-07-13 17:30:00.0;OFF;ON;100;0,10;0;7;29,10;94,80;90;6,90;7;68;6,80;5;
2026-07-13 17:31:00.0;OFF;ON;100;0,10;0;7;29;94,70;90;6,90;7;68,40;6,80;5;
2026-07-13 17:32:00.0;OFF;ON;100;0,10;-0,10;6,90;29;94,70;90;6,90;7;68,50;6,80;5;
2026-07-13 17:33:00.0;OFF;ON;100;0;-0,10;6,90;29;94,70;90;6,90;7;68,20;6,70;4,90;
2026-07-13 17:34:00.0;OFF;ON;100;-0,10;-0,10;6,90;28,90;94,70;90;7;7;68,30;6,70;4,90;
2026-07-13 17:35:00.0;OFF;ON;100;-0,10;-0,10;6,90;28,90;94,80;90;6,90;7;68,50;6,70;4,90;
2026-07-13 17:36:00.0;OFF;ON;100;0,10;-0,20;6,80;28,80;94,80;90;6,70;7;69,90;6,60;4,90;
2026-07-13 17:37:00.0;OFF;ON;100;0,10;-0,20;6,80;28,80;94,70;90;6,70;7;70,10;6,60;4,90;
2026-07-13 17:38:00.0;OFF;ON;100;-0,10;-0,20;6,80;28,70;94,70;90;6,90;7;69,20;6,60;4,80;
2026-07-13 17:39:00.0;OFF;ON;100;-0,20;-0,20;6,80;28,70;94,80;90;6,90;7;69,60;6,60;4,80;
2026-07-13 17:40:00.0;OFF;ON;100;-0,10;-0,30;6,70;28,60;94,70;90;6,80;7;70,30;6,50;4,80;
2026-07-13 17:41:00.0;OFF;ON;100;-0,10;-0,30;6,70;28,60;94,80;89,90;6,80;7;70,80;6,50;4,80;
2026-07-13 17:42:00.0;OFF;ON;100;0;-0,30;6,70;28,50;94,80;89,90;6,70;7;71,40;6,50;4,80;
2026-07-13 17:43:00.0;OFF;ON;100;-0,10;-0,30;6,70;28,50;94,70;90;6,80;7;71,50;6,40;4,70;
2026-07-13 17:44:00.0;OFF;ON;100;-0,20;-0,40;6,60;28,40;94,70;90;6,80;7;71,90;6,40;4,70;
2026-07-13 17:45:00.0;OFF;ON;100;-0,20;-0,40;6,60;28,40;94,60;90;6,80;7;72,10;6,40;4,70;
2026-07-13 17:46:00.0;OFF;ON;100;-0,20;-0,40;6,60;28,40;94,60;90;6,80;7;72,60;6,40;4,60;
2026-07-13 17:47:00.0;OFF;ON;100;-0,20;-0,50;6,50;28,30;94,70;90;6,70;7;73,70;6,30;4,60;
2026-07-13 17:48:00.0;OFF;ON;100;-0,20;-0,50;6,50;28,30;94,70;90;6,70;7;74,10;6,30;4,60;
2026-07-13 17:49:00.0;OFF;ON;100;-0,20;-0,50;6,50;28,20;94,60;89,90;6,70;7;74,60;6,30;4,60;
2026-07-13 17:50:00.0;OFF;ON;100;-0,30;-0,60;6,40;28,20;94,60;90;6,70;7;75,20;6,20;4,50;
2026-07-13 17:51:00.0;OFF;ON;100;-0,40;-0,60;6,40;28,10;94,50;89,90;6,80;7;75,40;6,20;4,50;
2026-07-13 17:52:00.0;OFF;ON;100;-0,40;-0,60;6,40;28,10;94,50;89,90;6,80;7;75,40;6,20;4,50;
2026-07-13 17:53:00.0;OFF;ON;100;-0,40;-0,70;6,30;28;94,50;90;6,70;7;76,90;6,10;4,40;
2026-07-13 17:54:00.0;OFF;ON;100;-0,40;-0,70;6,30;28;94,50;90;6,70;7;77;6;4,40;
2026-07-13 17:55:00.0;OFF;ON;100;-0,50;-0,80;6,20;27,90;94,40;89,90;6,70;7;77,50;6;4,30;
2026-07-13 17:56:00.0;OFF;ON;100;-0,70;-0,80;6,20;27,80;94,40;90;6,90;7;76,80;5,90;4,30;
2026-07-13 17:57:00.0;OFF;ON;100;-0,60;-0,80;6,20;27,80;94,30;89,90;6,70;7;78;5,90;4,30;
2026-07-13 17:58:00.0;OFF;ON;100;-0,70;-0,90;6,10;27,80;94,30;89,90;6,90;7;77,90;5,90;4,20;
2026-07-13 17:59:00.0;OFF;ON;100;-0,70;-0,90;6,10;27,70;94,10;89,90;6,80;7;78,80;5,80;4,10;
2026-07-13 18:00:00.0;OFF;ON;100;-4,40;-1;6;27,60;94;89,90;10,40;7;30;5,70;4,10;
2026-07-13 18:01:00.0;OFF;ON;100;2,20;-0,90;6,10;27,60;94,50;89,90;3,90;7;49,70;5,90;4,30;
2026-07-13 18:02:00.0;OFF;ON;100;3;-0,80;6,20;27,50;94,90;89,90;3,20;7;59,60;6;4,80;
2026-07-13 18:03:00.0;OFF;ON;100;3,70;-0,40;6,60;27,50;96,30;89,90;2,90;7;68,80;6,50;5,70;
2026-07-13 18:04:00.0;OFF;ON;100;4,30;0;7;27,40;97,20;89,90;2,70;7;77,50;6,80;6,30;
2026-07-13 18:05:00.0;OFF;ON;100;0;0,20;7,20;27,40;97,90;89,90;7,20;7;57,80;7,10;6,70;
2026-07-13 18:06:00.0;OFF;ON;100;2,60;0,60;7,60;27,30;98,30;89,90;5;7;94,50;7,40;7,10;
2026-07-13 18:07:00.0;OFF;ON;100;4;0,70;7,70;27,30;98,40;89,90;3,70;7;96,60;7,50;7,20;
2026-07-13 18:08:00.0;OFF;ON;100;4,20;0,90;7,90;27,20;98,40;89,80;3,70;7;97,90;7,70;7,50;
2026-07-13 18:09:00.0;OFF;ON;100;4,50;1;8;27,20;98,40;89,80;3,50;7;99,40;7,80;7,70;
2026-07-13 18:10:00.0;OFF;ON;100;4,50;1,10;8,10;27,20;98,40;89,80;3,60;7;100;7,90;7,70;
2026-07-13 18:11:00.0;OFF;ON;100;4,60;1,10;8,10;27,10;98,40;89,80;3,60;7;100;7,90;7,70;
2026-07-13 18:12:00.0;OFF;ON;100;4;1,10;8,10;27;98,40;89,80;4,10;7;100;7,90;7,40;
2026-07-13 18:13:00.0;OFF;ON;100;2,50;1;8;27;98,40;89,80;5,60;7;100;7,80;7,30;
2026-07-13 18:14:00.0;OFF;ON;100;3,80;1;8;26,90;98,40;89,80;4,20;7;100;7,80;7,20;
2026-07-13 18:15:00.0;OFF;ON;100;3,60;1;8;26,90;98,30;89,80;4,30;7;100;7,80;7,20;
2026-07-13 18:16:00.0;OFF;ON;100;3,10;1;8;26,80;98,10;89,80;4,90;7;100;7,70;7,10;
2026-07-13 18:17:00.0;OFF;ON;100;3,40;0,90;7,90;26,80;98;89,80;4,50;7;100;7,70;7;
2026-07-13 18:18:00.0;OFF;ON;100;2,20;0,90;7,90;26,70;97,60;89,80;5,70;7;100;7,70;7;
2026-07-13 18:19:00.0;OFF;ON;100;3,10;0,80;7,80;26,70;97,30;89,80;4,70;7;100;7,60;6,80;
2026-07-13 18:20:00.0;OFF;ON;100;2,80;0,80;7,80;26,60;97,20;89,80;5;7;100;7,60;6,90;
2026-07-13 18:21:00.0;OFF;ON;100;2,10;0,80;7,80;26,60;97,10;89,80;5,80;7;100;7,60;6,90;
2026-07-13 18:22:00.0;OFF;ON;100;3;0,80;7,80;26,50;97;89,80;4,80;7;100;7,50;6,80;
2026-07-13 18:23:00.0;OFF;ON;100;2,40;0,80;7,80;26,50;96,90;89,80;5,40;7;100;7,60;6,90;
2026-07-13 18:24:00.0;OFF;ON;100;3,40;0,70;7,70;26,40;96,70;89,80;4,30;7;100;7,40;6,60;
2026-07-13 18:25:00.0;OFF;ON;100;1,50;0,70;7,70;26,30;96,50;89,80;6,20;7;100;7,50;6,70;
2026-07-13 18:26:00.0;OFF;ON;100;3,10;0,70;7,70;26,30;96,50;89,80;4,60;7;100;7,40;6,60;
2026-07-13 18:27:00.0;OFF;ON;100;3,30;0,60;7,60;26,20;96,40;89,80;4,30;7;100;7,40;6,60;
2026-07-13 18:28:00.0;OFF;ON;100;2,40;0,70;7,70;26,20;96,40;89,80;5,20;7;100;7,50;6,70;
2026-07-13 18:29:00.0;OFF;ON;100;3,40;0,60;7,60;26,20;96,50;89,80;4,20;7;100;7,40;6,50;
2026-07-13 18:30:00.0;OFF;ON;100;2,50;0,60;7,60;26,10;96,30;89,80;5,10;7;100;7,30;6,50;
2026-07-13 18:31:00.0;OFF;ON;100;3,50;0,50;7,50;26;96,10;89,80;4;7;100;7,30;6,40;
2026-07-13 18:32:00.0;OFF;ON;100;2,90;0,50;7,50;26;96;89,80;4,70;7;100;7,30;6,50;
2026-07-13 18:33:00.0;OFF;ON;100;2,10;0,60;7,60;25,90;96,20;89,80;5,40;7;100;7,40;6,60;
2026-07-13 18:34:00.0;OFF;ON;100;3,20;0,50;7,50;25,90;96,30;89,80;4,40;7;100;7,30;6,50;
2026-07-13 18:35:00.0;OFF;ON;100;2,60;0,50;7,50;25,80;96,10;89,80;5;7;100;7,30;6,50;
2026-07-13 18:36:00.0;OFF;ON;100;3,40;0,50;7,50;25,80;96,20;89,80;4,20;7;100;7,30;6,50;
2026-07-13 18:37:00.0;OFF;ON;100;3,20;0,50;7,50;25,70;96,10;89,80;4,30;7;100;7,30;6,50;
2026-07-13 18:38:00.0;OFF;ON;100;2,90;0,50;7,50;25,60;96,20;89,80;4,60;7;100;7,30;6,50;
2026-07-13 18:39:00.0;OFF;ON;100;3,30;0,50;7,50;25,60;96,30;89,80;4,20;7;100;7,30;6,40;
2026-07-13 18:40:00.0;OFF;ON;100;2;0,50;7,50;25,60;96,10;89,80;5,50;7;100;7,30;6,50;
2026-07-13 18:41:00.0;OFF;ON;100;3,40;0,50;7,50;25,50;96,10;89,80;4;7;100;7,20;6,30;
2026-07-13 18:42:00.0;OFF;ON;100;3,20;0,50;7,50;25,40;96,10;89,80;4,20;7;100;7,30;6,50;
2026-07-13 18:43:00.0;OFF;ON;100;1,90;0,50;7,50;25,40;96,30;89,80;5,60;7;100;7,30;6,50;
2026-07-13 18:44:00.0;OFF;ON;100;2,80;0,40;7,40;25,30;96,10;89,80;4,60;7;100;7,20;6,30;
2026-07-13 18:45:00.0;OFF;ON;100;1,80;0,40;7,40;25,30;96;89,80;5,60;7;100;7,20;6,30;
2026-07-13 18:46:00.0;OFF;ON;100;3,20;0,30;7,30;25,20;96;89,80;4,20;7;100;7,10;6,20;
2026-07-13 18:47:00.0;OFF;ON;100;3,30;0,40;7,40;25,10;96;89,80;4,10;7;100;7,20;6,40;
2026-07-13 18:48:00.0;OFF;ON;100;2,30;0,40;7,40;25,10;96,20;89,80;5,10;7;100;7,20;6,40;
2026-07-13 18:49:00.0;OFF;ON;100;2;0,40;7,40;25;96,20;89,80;5,40;7;100;7,10;6,30;
2026-07-13 18:50:00.0;OFF;ON;100;2;0,40;7,40;25;96;89,80;5,30;7;100;7,20;6,40;
2026-07-13 18:51:00.0;OFF;ON;100;2,80;0,30;7,30;24,90;96,10;89,80;4,50;7;100;7,10;6,20;
2026-07-13 18:52:00.0;OFF;ON;100;2,70;0,30;7,30;24,90;95,90;89,80;4,60;7;100;7,10;6,20;
2026-07-13 18:53:00.0;OFF;ON;100;2,70;0,30;7,30;24,90;96;89,80;4,60;7;100;7,10;6,20;
2026-07-13 18:54:00.0;OFF;ON;100;3,30;0,30;7,30;24,80;95,90;89,80;4;7;100;7,10;6,20;
2026-07-13 18:55:00.0;OFF;ON;100;2,20;0,30;7,30;24,80;96;89,80;5,20;7;100;7,10;6,30;
2026-07-13 18:56:00.0;OFF;ON;100;2,20;0,30;7,30;24,70;96,10;89,80;5,10;7;100;7,10;6,20;
2026-07-13 18:57:00.0;OFF;ON;100;1,40;0,20;7,20;24,70;95,90;89,80;5,80;7;100;7;6,10;
2026-07-13 18:58:00.0;OFF;ON;100;2,30;0,20;7,20;24,60;95,90;89,80;5;7;100;7;6,10;
2026-07-13 18:59:00.0;OFF;ON;100;2,70;0,20;7,20;24,60;95,90;89,80;4,50;7;100;7;6,10;
2026-07-13 19:00:00.0;OFF;ON;100;2,70;0,20;7,20;24,50;96;89,80;4,60;7;100;7;6,20;
2026-07-13 19:01:00.0;OFF;ON;100;1,80;0,30;7,30;24,50;96,10;89,80;5,50;7;100;7;6,20;
2026-07-13 19:02:00.0;OFF;ON;100;-2,90;0,20;7,20;24,50;96,10;89,80;10,10;7;100;7;6,10;
2026-07-13 19:03:00.0;OFF;ON;100;1,30;0,10;7,10;24,40;95,70;89,80;5,80;7;100;6,90;5,80;
2026-07-13 19:04:00.0;OFF;ON;100;1,70;0;7;24,40;95,30;89,80;5,30;7;100;6,70;5,60;
2026-07-13 19:05:00.0;OFF;ON;100;1;-0,10;6,90;24,30;95,10;89,80;5,90;7;100;6,70;5,60;
2026-07-13 19:06:00.0;OFF;ON;100;1;-0,20;6,80;24,30;95;89,80;5,90;7;100;6,60;5,50;
2026-07-13 19:07:00.0;OFF;ON;100;0,80;-0,20;6,80;24,20;94,90;89,80;6;7;100;6,60;5,50;
2026-07-13 19:08:00.0;OFF;ON;100;0,20;-0,30;6,70;24,20;95;89,80;6,50;7;100;6,50;5,20;
2026-07-13 19:09:00.0;OFF;ON;100;1;-0,40;6,60;24,10;94,80;89,80;5,70;7;100;6,40;5,20;
2026-07-13 19:10:00.0;OFF;ON;100;1,30;-0,40;6,60;24,10;94,90;89,80;5,30;7;100;6,40;5,20;
2026-07-13 19:11:00.0;OFF;ON;100;2;-0,40;6,60;24;94,70;89,80;4,50;7;100;6,40;5,10;
2026-07-13 19:12:00.0;OFF;ON;100;0;-0,40;6,60;24;94,90;89,80;6,60;7;100;6,30;5,10;
2026-07-13 19:13:00.0;OFF;ON;100;1,40;-0,50;6,50;24;94,70;89,80;5,10;7;100;6,20;4,90;
2026-07-13 19:14:00.0;OFF;ON;100;0,60;-0,60;6,40;23,90;94,60;89,80;5,90;7;100;6,20;4,90;
2026-07-13 19:15:00.0;OFF;ON;100;0,60;-0,60;6,40;23,90;94,70;89,80;5,80;7;100;6,20;4,90;
2026-07-13 19:16:00.0;OFF;ON;100;1,50;-0,60;6,40;23,80;94,80;89,80;4,90;7;100;6,10;4,90;
2026-07-13 19:17:00.0;OFF;ON;100;0,60;-0,60;6,40;23,80;94,90;89,80;5,70;7;100;6,10;4,90;
2026-07-13 19:18:00.0;OFF;ON;100;0,60;-0,70;6,30;23,70;94,70;89,80;5,70;7;100;6;4,70;
2026-07-13 19:19:00.0;OFF;ON;100;0,40;-0,70;6,30;23,70;94,60;89,80;5,80;7;100;6;4,80;
2026-07-13 19:20:00.0;OFF;ON;100;1,10;-0,80;6,20;23,70;94,70;89,80;5,10;7;100;6;4,80;
2026-07-13 19:21:00.0;OFF;ON;100;0,90;-0,80;6,20;23,60;94,90;89,80;5,40;7;100;6;4,80;
2026-07-13 19:22:00.0;OFF;ON;100;0,50;-0,80;6,20;23,50;94,90;89,80;5,70;7;100;5,90;4,60;
2026-07-13 19:23:00.0;OFF;ON;100;1,10;-0,90;6,10;23,50;94,50;89,80;5;7;100;5,80;4,60;
2026-07-13 19:24:00.0;OFF;ON;100;0,40;-0,90;6,10;23,40;94,70;89,80;5,70;7;100;5,80;4,60;
2026-07-13 19:25:00.0;OFF;ON;100;1,10;-0,90;6,10;23,40;94,80;89,80;5;7;100;5,80;4,60;
2026-07-13 19:26:00.0;OFF;ON;100;-0,40;-0,90;6,10;23,40;94,90;89,80;6,40;7;100;5,80;4,60;
2026-07-13 19:27:00.0;OFF;ON;100;0,60;-1;6;23,30;94,90;89,80;5,50;7;100;5,80;4,50;
2026-07-13 19:28:00.0;OFF;ON;100;0,10;-1,10;5,90;23,30;94,60;89,80;5,90;7;100;5,70;4,50;
2026-07-13 19:29:00.0;OFF;ON;100;-2;-1,10;5,90;23,20;94,80;89,80;8;7;100;5,70;4,50;
2026-07-13 19:30:00.0;OFF;ON;100;-0,40;-1,10;5,90;23,20;94,90;89,80;6,30;7;100;5,60;4,50;
2026-07-13 19:31:00.0;OFF;ON;100;0,50;-1,10;5,90;23,10;94,80;89,80;5,40;7;100;5,60;4,50;
2026-07-13 19:32:00.0;OFF;ON;100;0,40;-1,20;5,80;23,10;94,80;89,80;5,50;7;100;5,50;4,30;
2026-07-13 19:33:00.0;OFF;ON;100;0,40;-1,20;5,80;23;94,80;89,80;5,40;7;100;5,50;4,40;
2026-07-13 19:34:00.0;OFF;ON;100;1;-1,20;5,80;23;94,80;89,80;4,80;7;100;5,50;4,40;
2026-07-13 19:35:00.0;OFF;ON;100;0,70;-1,20;5,80;23;94,80;89,80;5,10;7;100;5,50;4,40;
2026-07-13 19:36:00.0;OFF;ON;100;0;-1,20;5,80;22,90;94,80;89,80;5,70;7;100;5,50;4,40;
2026-07-13 19:37:00.0;OFF;ON;100;-0,30;-1,30;5,70;22,90;94,80;89,80;6;7;100;5,40;4,20;
2026-07-13 19:38:00.0;OFF;ON;100;-0,20;-1,50;5,50;22,80;94,10;89,80;5,80;7;100;5,20;4;
2026-07-13 19:39:00.0;OFF;ON;100;-0,50;-1,60;5,40;22,80;94;89,80;6;7;100;5,10;3,80;
2026-07-13 19:40:00.0;OFF;ON;100;-0,70;-1,60;5,40;22,70;93,80;89,80;6,10;7;100;5,10;3,80;
2026-07-13 19:41:00.0;OFF;ON;100;-0,60;-1,80;5,20;22,70;93,60;89,80;5,90;7;100;4,90;3,60;
2026-07-13 19:42:00.0;OFF;ON;100;-0,90;-1,80;5,20;22,60;93,60;89,80;6;7;100;4,90;3,50;
2026-07-13 19:43:00.0;OFF;ON;100;-1;-1,90;5,10;22,60;93,50;89,80;6,10;7;100;4,80;3,50;
2026-07-13 19:44:00.0;OFF;ON;100;-1;-2;5;22,50;93,60;89,80;6;7;100;4,80;3,40;
2026-07-13 19:45:00.0;OFF;ON;100;-1;0,50;5;22,50;93,50;89,80;6;7;100;4,70;3,40;
2026-07-13 19:46:00.0;OFF;ON;100;-1,20;0,40;4,90;22,50;93,40;89,80;6,10;7;100;4,70;3,30;
2026-07-13 19:47:00.0;OFF;ON;100;-2;0,40;4,90;22,40;93,40;89,80;6,90;7;100;4,60;3,20;
2026-07-13 19:48:00.0;OFF;ON;100;-1,60;0,30;4,80;22,40;93,40;89,80;6,40;4,50;100;4,60;3,20;
2026-07-13 19:49:00.0;OFF;ON;100;-4;0,30;4,80;22,30;93,60;89,80;8,80;4,50;100;4,50;3,10;
2026-07-13 19:50:00.0;OFF;ON;100;-2;0,20;4,70;22,30;93,60;89,80;6,70;4,50;100;4,50;3,10;
2026-07-13 19:51:00.0;OFF;ON;100;-2,50;0,20;4,70;22,20;93,50;89,80;7,20;4,50;100;4,50;3;
2026-07-13 19:52:00.0;OFF;ON;100;-4,40;0,10;4,60;22,20;93,50;89,80;9,10;4,50;100;4,40;3;
2026-07-13 19:53:00.0;OFF;ON;100;-3,20;0,10;4,60;22,10;93,40;89,80;7,80;4,50;100;4,40;3;
2026-07-13 19:54:00.0;OFF;ON;100;-3,70;0,10;4,60;22,10;93,50;89,80;8,30;4,50;100;4,30;2,90;
2026-07-13 19:55:00.0;OFF;ON;100;-2,80;0;4,50;22,10;93,60;89,80;7,40;4,50;100;4,30;2,90;
2026-07-13 19:56:00.0;OFF;ON;100;-1,70;0;4,50;22;93,60;89,70;6,30;4,50;100;4,30;2,90;
2026-07-13 19:57:00.0;OFF;ON;100;-1,90;0;4,50;22;93,80;89,80;6,40;4,50;100;4,30;2,90;
2026-07-13 19:58:00.0;OFF;ON;100;-4,10;0;4,50;21,90;93,70;89,70;8,60;4,50;100;4,20;2,90;
2026-07-13 19:59:00.0;OFF;ON;100;-4;0;4,50;21,90;93,80;89,70;8,50;4,50;100;4,20;2,90;
2026-07-13 20:00:00.0;OFF;ON;100;-4,50;0;4,50;21,80;93,90;89,70;9;4,50;100;4,20;2,80;
2026-07-13 20:01:00.0;OFF;ON;100;-2;-0,10;4,40;21,80;94;89,70;6,40;4,50;100;4,20;2,80;
2026-07-13 20:02:00.0;OFF;ON;100;-5,70;-0,10;4,40;21,70;94;89,70;10,10;4,50;100;4,20;2,80;
2026-07-13 20:03:00.0;OFF;ON;100;-3,50;-0,10;4,40;21,70;94;89,70;7,90;4,50;100;4,20;2,80;
2026-07-13 20:04:00.0;OFF;ON;100;-3,10;-0,20;4,30;21,60;94,10;89,70;7,40;4,50;100;4,10;2,70;
2026-07-13 20:05:00.0;OFF;ON;100;-2,20;-0,20;4,30;21,60;94;89,70;6,50;4,50;100;4,10;2,70;
2026-07-13 20:06:00.0;OFF;ON;100;-4,10;-0,20;4,30;21,50;94,10;89,70;8,40;4,50;100;4;2,70;
2026-07-13 20:07:00.0;OFF;ON;100;-4,10;-0,20;4,30;21,50;94,10;89,70;8,40;4,50;100;4;2,70;
2026-07-13 20:08:00.0;OFF;ON;100;-4;-0,30;4,20;21,40;94,10;89,70;8,20;4,50;100;4;2,60;
2026-07-13 20:09:00.0;OFF;ON;100;-3,20;-0,30;4,20;21,40;94;89,70;7,40;4,50;100;4;2,60;
2026-07-13 20:10:00.0;OFF;ON;100;-2,90;-0,30;4,20;21,30;94,10;89,70;7,10;4,50;100;3,90;2,60;
2026-07-13 20:11:00.0;OFF;ON;100;-2;-0,30;4,20;21,30;94;89,70;6,10;4,50;100;3,90;2,60;
2026-07-13 20:12:00.0;OFF;ON;100;-3,60;-0,40;4,10;21,20;93,90;89,70;7,70;4,50;100;3,90;2,50;
2026-07-13 20:13:00.0;OFF;ON;100;-3,50;-0,40;4,10;21,20;94;89,70;7,60;4,50;100;3,90;2,50;
2026-07-13 20:14:00.0;OFF;ON;100;-6,40;-0,40;4,10;21,20;94;89,70;10,50;4,50;100;3,80;2,50;
2026-07-13 20:15:00.0;OFF;ON;100;-3,80;-0,40;4,10;21,10;94,10;89,70;7,90;4,50;100;3,80;2,50;
2026-07-13 20:16:00.0;OFF;ON;100;-4;-0,50;4;21,10;94,10;89,70;8;4,50;100;3,80;2,50;
2026-07-13 20:17:00.0;OFF;ON;100;-3,70;-0,50;4;21;94,10;89,70;7,70;4,50;100;3,80;2,40;
2026-07-13 20:18:00.0;OFF;ON;100;-6,70;-0,50;4;21;94,10;89,70;10,70;4,50;100;3,70;2,40;
2026-07-13 20:19:00.0;OFF;ON;100;-3;-0,50;4;20,90;94,10;89,70;7;4,50;100;3,70;2,40;
2026-07-13 20:20:00.0;OFF;ON;100;-3,40;-0,50;4;20,90;94,10;89,70;7,30;4,50;100;3,70;2,40;
2026-07-13 20:21:00.0;OFF;ON;100;-4,10;-0,60;3,90;20,80;94,10;89,70;8;4,50;100;3,70;2,40;
2026-07-13 20:22:00.0;OFF;ON;100;-3,30;-0,60;3,90;20,80;94,10;89,70;7,20;4,50;100;3,70;2,40;
2026-07-13 20:23:00.0;OFF;ON;100;-4,60;-0,60;3,90;20,70;94,10;89,70;8,50;4,50;100;3,60;2,40;
2026-07-13 20:24:00.0;OFF;ON;100;-5,90;-0,60;3,90;20,70;94,30;89,70;9,80;4,50;100;3,60;2,30;
2026-07-13 20:25:00.0;OFF;ON;100;-5;-0,60;3,90;20,70;94,20;89,70;8,90;4,50;100;3,60;2,30;
2026-07-13 20:26:00.0;OFF;ON;100;-4,30;-0,70;3,80;20,60;94,10;89,70;8,10;4,50;100;3,60;2,30;
2026-07-13 20:27:00.0;OFF;ON;100;-2,80;-0,70;3,80;20,60;94,20;89,70;6,70;4,50;100;3,60;2,30;
2026-07-13 20:28:00.0;OFF;ON;100;-2,40;-0,70;3,80;20,50;94,10;89,70;6,20;4,50;100;3,60;2,30;
2026-07-13 20:29:00.0;OFF;ON;100;-2,90;-0,70;3,80;20,40;94,30;89,70;6,70;4,50;100;3,50;2,20;
2026-07-13 20:30:00.0;OFF;ON;100;-3,70;-0,70;3,80;20,40;94,30;89,70;7,40;4,50;100;3,50;2,20;
2026-07-13 20:31:00.0;OFF;ON;100;-3,30;-0,80;3,70;20,30;94,30;89,70;7;4,50;100;3,50;2,20;
2026-07-13 20:32:00.0;OFF;ON;100;-4,40;-0,80;3,70;20,30;94,10;89,70;8,10;4,50;100;3,50;2,20;
2026-07-13 20:33:00.0;OFF;ON;100;-3,70;-0,80;3,70;20,30;94,10;89,70;7,40;4,50;100;3,40;2,10;
2026-07-13 20:34:00.0;OFF;ON;100;-3,50;-0,80;3,70;20,20;94;89,70;7,10;4,50;100;3,40;2,10;
2026-07-13 20:35:00.0;OFF;ON;100;-3,30;-0,90;3,60;20,20;94,10;89,70;6,90;4,50;100;3,40;2,10;
2026-07-13 20:36:00.0;OFF;ON;100;-4,10;-0,90;3,60;20,10;94,10;89,70;7,70;4,50;100;3,40;2;
2026-07-13 20:37:00.0;OFF;ON;100;-6,50;-0,90;3,60;20;94;89,70;10,10;4,50;100;3,30;2;
2026-07-13 20:38:00.0;OFF;ON;100;-4,90;-1;3,50;20;94;89,70;8,40;4,50;100;3,30;2;
2026-07-13 20:39:00.0;OFF;ON;100;-3,90;-1;3,50;20;94,10;89,70;7,40;4,50;100;3,30;1,90;
2026-07-13 20:40:00.0;OFF;ON;100;-4,40;-1;3,50;19,90;94,10;89,70;7,90;4,50;100;3,30;2;
2026-07-13 20:41:00.0;OFF;ON;100;-4,80;-1;3,50;19,90;94,20;89,70;8,30;4,50;100;3,20;1,90;
2026-07-13 20:42:00.0;OFF;ON;100;-4,70;-1;3,50;19,90;94,20;89,70;8,20;4,50;100;3,20;1,90;
2026-07-13 20:43:00.0;OFF;ON;100;-2,90;-1;3,50;19,80;94,10;89,70;6,40;4,50;100;3,20;1,90;
2026-07-13 20:44:00.0;OFF;ON;100;-3,50;-1;3,50;19,80;94,20;89,70;6,90;4,50;100;3,20;1,90;
2026-07-13 20:45:00.0;OFF;ON;100;-2,50;-1,10;3,40;19,80;94,10;89,70;5,90;4,50;100;3,20;1,90;
2026-07-13 20:46:00.0;OFF;ON;100;-3,30;-1,10;3,40;19,70;94,40;89,70;6,70;4,50;100;3,10;1,90;
2026-07-13 20:47:00.0;OFF;ON;100;-3,10;-1,10;3,40;19,70;94,30;89,70;6,50;4,50;100;3,10;1,80;
2026-07-13 20:48:00.0;OFF;ON;100;-3;-1,10;3,40;19,60;94,10;89,70;6,40;4,50;100;3,10;1,80;
2026-07-13 20:49:00.0;OFF;ON;100;-3,20;-1,20;3,30;19,60;94,10;89,70;6,60;4,50;100;3;1,80;
2026-07-13 20:50:00.0;OFF;ON;100;-2,50;-1,20;3,30;19,60;94,10;89,70;5,90;4,50;100;3;1,70;
2026-07-13 20:51:00.0;OFF;ON;100;-3,30;-1,20;3,30;19,50;94;89,70;6,50;4,50;100;3;1,70;
2026-07-13 20:52:00.0;OFF;ON;100;-3,70;-1,20;3,30;19,50;94;89,70;6,90;4,50;100;3;1,70;
2026-07-13 20:53:00.0;OFF;ON;100;-4;-1,30;3,20;19,50;94;89,70;7,30;4,50;100;3;1,60;
2026-07-13 20:54:00.0;OFF;ON;100;-4;-1,30;3,20;19,40;94,10;89,70;7,20;4,50;100;2,90;1,60;
2026-07-13 20:55:00.0;OFF;ON;100;-4;-1,30;3,20;19,40;94,10;89,70;7,20;4,50;100;2,90;1,60;
2026-07-13 20:56:00.0;OFF;ON;100;-4,20;-1,40;3,10;19,30;94,10;89,70;7,30;4,50;100;2,90;1,60;
2026-07-13 20:57:00.0;OFF;ON;100;-4,20;-1,40;3,10;19,30;94,10;89,70;7,30;4,50;100;2,90;1,60;
2026-07-13 20:58:00.0;OFF;ON;100;-3;-1,40;3,10;19,20;94,10;89,70;6,10;4,50;100;2,80;1,60;
2026-07-13 20:59:00.0;OFF;ON;100;-3;-1,40;3,10;19,20;94,10;89,70;6,10;4,50;100;2,80;1,60;
2026-07-13 21:00:00.0;OFF;ON;100;-5,20;-1,40;3,10;19,20;94,10;89,70;8,30;4,50;100;2,80;1,50;
2026-07-13 21:01:00.0;OFF;ON;100;-5,90;-1,40;3,10;19,10;94,10;89,70;9;4,50;100;2,80;1,50;
2026-07-13 21:02:00.0;OFF;ON;100;-31,40;-1,40;3,10;19,10;94,10;89,70;34,50;4,50;100;2,80;1,50;
2026-07-13 21:03:00.0;OFF;ON;100;-4,10;-1,50;3;19;94,10;89,70;7,10;4,50;100;2,80;1,50;
2026-07-13 21:04:00.0;OFF;ON;100;-4,10;-1,50;3;19;94,10;89,70;7,10;4,50;100;2,80;1,50;
2026-07-13 21:05:00.0;OFF;ON;100;-4,60;-1,50;3;19;94;89,70;7,60;4,50;100;2,70;1,40;
2026-07-13 21:06:00.0;OFF;ON;100;-5,90;-1,60;2,90;19;94;89,70;7,60;4,50;100;2,70;1,40;
2026-07-13 21:07:00.0;OFF;ON;100;-5,30;-1,60;2,90;18,90;94;89,70;8,20;4,50;100;2,60;1,30;
2026-07-13 21:08:00.0;OFF;ON;100;-6,10;-1,60;2,90;18,80;94;89,70;9;4,50;100;2,60;1,30;
2026-07-13 21:09:00.0;OFF;ON;100;-5,30;-1,60;2,90;18,80;94,10;89,70;8,20;4,50;100;2,60;1,30;
2026-07-13 21:10:00.0;OFF;ON;100;-6,60;-1,60;2,90;18,80;94;89,70;9,40;4,50;100;2,60;1,30;
2026-07-13 21:11:00.0;OFF;ON;100;-5,80;-1,70;2,80;18,70;94,10;89,70;8,70;4,50;100;2,50;1,30;
2026-07-13 21:12:00.0;OFF;ON;100;-4,90;-1,70;2,80;18,70;94,10;89,60;7,70;4,50;100;2,60;1,30;
2026-07-13 21:13:00.0;OFF;ON;100;-4,60;-1,70;2,80;18,70;94,10;89,60;7,40;4,50;100;2,60;1,30;
2026-07-13 21:14:00.0;OFF;ON;100;-5,60;-1,70;2,80;18,60;94,10;89,60;8,40;4,50;100;2,50;1,30;
2026-07-13 21:15:00.0;OFF;ON;100;-6,40;-1,70;2,80;18,60;94,10;89,60;9,10;4,50;100;2,50;1,30;
2026-07-13 21:16:00.0;OFF;ON;100;-6,50;-1,70;2,80;18,50;94,10;89,60;9,30;4,50;100;2,50;1,20;
2026-07-13 21:17:00.0;OFF;ON;100;-4,70;-1,80;2,70;18,50;94,10;89,60;7,40;4,50;100;2,40;1,20;
2026-07-13 21:18:00.0;OFF;ON;100;-5,30;-1,80;2,70;18,50;94;89,60;8;4,50;100;2,40;1,20;
2026-07-13 21:19:00.0;OFF;ON;100;-5,50;-1,80;2,70;18,40;93,90;89,60;8,20;4,50;100;2,40;1,10;
2026-07-13 21:20:00.0;OFF;ON;100;-5,30;-1,80;2,70;18,40;94,10;89,60;7,90;4,50;100;2,40;1,10;
2026-07-13 21:21:00.0;OFF;ON;100;-6,20;-1,80;2,70;18,40;94;89,60;8,90;4,50;100;2,40;1,10;
2026-07-13 21:22:00.0;OFF;ON;100;-6,20;-1,90;2,60;18,30;94;89,60;8,80;4,50;100;2,30;1,10;
2026-07-13 21:23:00.0;OFF;ON;100;-7,20;-1,90;2,60;18,30;94;89,60;9,80;4,50;100;2,30;1,10;
2026-07-13 21:24:00.0;OFF;ON;100;-5,50;-1,90;2,60;18,20;94;89,60;8,10;4,50;100;2,30;1;
2026-07-13 21:25:00.0;OFF;ON;100;-4,70;-1,90;2,60;18,20;94,10;89,60;7,30;4,50;100;2,30;1;
2026-07-13 21:26:00.0;OFF;ON;100;-4,80;-1,90;2,60;18,20;94,10;89,60;7,30;4,50;100;2,30;1;
2026-07-13 21:27:00.0;OFF;ON;100;-5,20;-2;2,50;18,10;94,30;89,60;7,80;4,50;100;2,30;1;
2026-07-13 21:28:00.0;OFF;ON;100;-6,90;-2;2,50;18,10;94,10;89,60;9,40;4,50;100;2,20;0,90;
2026-07-13 21:29:00.0;OFF;ON;100;-6,30;-2;2,50;18;94;89,60;8,70;4,50;100;2,20;0,90;
2026-07-13 21:30:00.0;OFF;ON;100;-5,80;-2;2,50;18;94,10;89,60;8,20;4,50;100;2,20;0,90;
2026-07-13 21:31:00.0;OFF;ON;100;-5,30;-2;2,50;17,90;94;89,60;7,70;4,50;100;2,20;0,90;
2026-07-13 21:32:00.0;OFF;ON;100;-5,30;-2,10;2,40;17,90;94;89,60;7,70;4,50;100;2,10;0,90;
2026-07-13 21:33:00.0;OFF;ON;100;-5,30;-2,10;2,40;17,90;94;89,60;7,70;4,50;100;2,10;0,90;
2026-07-13 21:34:00.0;OFF;ON;100;-4,70;-2,10;2,40;17,80;94,10;89,60;7,10;4,50;100;2,10;0,80;
2026-07-13 21:35:00.0;OFF;ON;100;-4,30;-2,10;2,40;17,80;94,10;89,60;6,70;4,50;100;2,10;0,80;
2026-07-13 21:36:00.0;OFF;ON;100;-4,50;-2,10;2,40;17,70;94;89,60;6,90;4,50;100;2,10;0,80;
2026-07-13 21:37:00.0;OFF;ON;100;-3,60;-2,10;2,40;17,70;94;89,60;5,90;4,50;100;2,10;0,80;
2026-07-13 21:38:00.0;OFF;ON;100;-3,80;-2,20;2,30;17,70;94,10;89,60;6,10;4,50;100;2;0,80;
2026-07-13 21:39:00.0;OFF;ON;100;-3,50;-2,20;2,30;17,60;94,10;89,60;5,80;4,50;100;2;0,70;
2026-07-13 21:40:00.0;OFF;ON;100;-4;-2,20;2,30;17,60;94;89,60;6,30;4,50;100;2;0,70;
2026-07-13 21:41:00.0;OFF;ON;100;-3,70;-2,30;2,20;17,50;94;89,60;5,90;4,50;100;2;0,70;
2026-07-13 21:42:00.0;OFF;ON;100;-5,20;-2,30;2,20;17,50;94;89,60;7,40;4,50;100;2;0,70;
2026-07-13 21:43:00.0;OFF;ON;100;-3,50;-2,30;2,20;17,50;94;89,60;5,70;4,50;100;1,90;0,70;
2026-07-13 21:44:00.0;OFF;ON;100;-4,80;-2,30;2,20;17,40;94;89,60;7;4,50;100;1,90;0,70;
2026-07-13 21:45:00.0;OFF;ON;100;-4,60;-2,30;2,20;17,40;94;89,60;6,80;4,50;100;1,90;0,70;
2026-07-13 21:46:00.0;OFF;ON;100;-4,40;-2,30;2,20;17,40;94,10;89,60;6,50;4,50;100;1,90;0,70;
2026-07-13 21:47:00.0;OFF;ON;100;-4,10;-2,40;2,10;17,30;94,10;89,60;6,30;4,50;100;1,90;0,70;
2026-07-13 21:48:00.0;OFF;ON;100;-4,20;-2,40;2,10;17,30;94,10;89,60;6,30;4,50;100;1,90;0,70;
2026-07-13 21:49:00.0;OFF;ON;100;-4,40;-2,40;2,10;17,20;94;89,60;6,50;4,50;100;1,80;0,70;
2026-07-13 21:50:00.0;OFF;ON;100;-6,40;-2,40;2,10;17,20;94;89,60;8,50;4,50;100;1,80;0,60;
2026-07-13 21:51:00.0;OFF;ON;100;-4;-2,40;2,10;17,20;94;89,60;6,10;4,50;100;1,80;0,60;
2026-07-13 21:52:00.0;OFF;ON;100;-4,80;-2,40;2,10;17,10;94;89,60;6,90;4,50;100;1,80;0,60;
2026-07-13 21:53:00.0;OFF;ON;100;-3,90;-2,40;2,10;17,10;94;89,60;5,90;4,50;100;1,80;0,60;
2026-07-13 21:54:00.0;OFF;ON;100;-5,90;-2,50;2;17;94;89,60;7,90;4,50;100;1,70;0,60;
2026-07-13 21:55:00.0;OFF;ON;100;-6,20;-2,50;2;17;94;89,60;8,20;4,50;100;1,70;0,60;
2026-07-13 21:56:00.0;OFF;ON;100;-5,40;-2,50;2;17;94;89,60;7,40;4,50;100;1,70;0,50;
2026-07-13 21:57:00.0;OFF;ON;100;-5;-2,50;2;16,90;94;89,60;7;4,50;100;1,70;0,50;
2026-07-13 21:58:00.0;OFF;ON;100;-4,40;-2,60;1,90;16,90;94;89,60;6,40;4,50;40;1,70;0,50;
2026-07-13 21:59:00.0;OFF;ON;100;-1,30;-2,60;2;16,80;94;89,60;3,30;4,50;46,70;1,70;0,50;
2026-07-13 22:00:00.0;OFF;ON;100;-0,50;-2,40;2,10;16,80;94,40;89,60;2,60;4,50;52,30;1,80;0,80;
2026-07-13 22:01:00.0;OFF;ON;100;0,20;-2,20;2,30;16,80;95,30;89,60;2,10;4,50;57,70;2,10;1,10;
2026-07-13 22:02:00.0;OFF;ON;100;0,20;-2;2,50;16,70;95,90;89,60;2,30;4,50;59,90;2,30;1,40;
2026-07-13 22:03:00.0;OFF;ON;100;0,50;-1,80;2,70;16,70;96,50;89,60;2,20;4,50;63,40;2,50;1,90;
2026-07-13 22:04:00.0;OFF;ON;100;0,70;-1,60;2,90;16,60;97,10;89,60;2,30;4,50;67,40;2,70;2,50;
2026-07-13 22:05:00.0;OFF;ON;100;0,60;-1,40;3,10;16,60;97,50;89,60;2,40;4,50;69,70;2,90;2,70;
2026-07-13 22:06:00.0;OFF;ON;100;0,60;-1,30;3,20;16,60;97,70;89,60;2,60;4,50;71,50;3;2,80;
2026-07-13 22:07:00.0;OFF;ON;100;0,30;-1,20;3,30;16,50;97,80;89,60;3;4,50;72,60;3;2,90;
2026-07-13 22:08:00.0;OFF;ON;100;0,30;-1,20;3,30;16,50;97,90;89,60;3;4,50;74;3,10;2,90;
2026-07-13 22:09:00.0;OFF;ON;100;0;-1,20;3,30;16,50;97,90;89,60;3,30;4,50;74,20;3,10;2,90;
2026-07-13 22:10:00.0;OFF;ON;100;-0,10;-1,20;3,30;16,40;97,70;89,50;3,40;4,50;75,80;3;2,60;
2026-07-13 22:11:00.0;OFF;ON;100;-0,10;-1,30;3,20;16,40;97,40;89,60;3,30;4,50;77;3;2,50;
2026-07-13 22:12:00.0;OFF;ON;100;-0,40;-1,30;3,20;16,30;96,80;89,60;3,60;4,50;77;2,90;2,40;
2026-07-13 22:13:00.0;OFF;ON;100;-0,60;-1,40;3,10;16,30;96,60;89,60;3,80;4,50;77,30;2,80;2,30;
2026-07-13 22:14:00.0;OFF;ON;100;-1,10;-1,40;3,10;16,20;96,20;89,60;4,20;4,50;75,80;2,80;2,20;
2026-07-13 22:15:00.0;OFF;ON;100;-1;-1,50;3;16,20;96;89,60;4;4,50;77,20;2,70;2,10;
2026-07-13 22:16:00.0;OFF;ON;100;-2,40;-1,50;3;16,20;95,80;89,60;5,30;4,50;40;2,70;2,10;
2026-07-13 22:17:00.0;OFF;ON;100;0,80;-1,50;3;16,10;95,80;89,60;2,20;4,50;53,70;2,70;2,20;
2026-07-13 22:18:00.0;OFF;ON;100;1,10;-1,40;3,10;16,10;96;89,60;2;4,50;57,30;2,90;2,60;
2026-07-13 22:19:00.0;OFF;ON;100;0,80;-1,20;3,30;16;96,60;89,50;2,50;4,50;59;3,10;3;
2026-07-13 22:20:00.0;OFF;ON;100;-0,60;-1;3,50;16;96,90;89,50;4;4,50;100;3,20;3,20;
2026-07-13 22:21:00.0;OFF;ON;100;-0,10;-0,90;3,60;16;97,30;89,50;3,70;4,50;100;3,40;3,20;
2026-07-13 22:22:00.0;OFF;ON;100;0,20;-0,90;3,60;15,90;97,30;89,50;3,40;4,50;100;3,30;3,20;
2026-07-13 22:23:00.0;OFF;ON;100;-0,10;-0,80;3,70;15,90;97,40;89,50;3,80;4,50;100;3,40;3,40;
2026-07-13 22:24:00.0;OFF;ON;100;-12,20;-0,80;3,70;15,90;97,40;89,50;15,90;4,50;100;3,50;3,30;
2026-07-13 22:25:00.0;OFF;ON;100;-2,80;-0,80;3,70;15,80;97,40;89,50;6,50;4,50;100;3,50;3,30;
2026-07-13 22:26:00.0;OFF;ON;100;-5,20;-0,80;3,70;15,80;97,30;89,50;8,90;4,50;100;3,40;3,20;
2026-07-13 22:27:00.0;OFF;ON;100;-4,20;-0,90;3,60;15,70;97;89,50;7,80;4,50;100;3,30;3;
2026-07-13 22:28:00.0;OFF;ON;100;-3,70;-1,10;3,40;15,70;96,40;89,50;7,10;4,50;100;3,20;2,70;
2026-07-13 22:29:00.0;OFF;ON;100;-4,50;-1,10;3,40;15,70;96,10;89,50;7,90;4,50;100;3,10;2,60;
2026-07-13 22:30:00.0;OFF;ON;100;-4,60;-1,20;3,30;15,60;95,80;89,50;7,90;4,50;100;3,10;2,50;
2026-07-13 22:31:00.0;OFF;ON;100;-4,50;-1,20;3,30;15,60;95,70;89,50;7,80;4,50;100;3;2,50;
2026-07-13 22:32:00.0;OFF;ON;100;-5,40;-1,30;3,20;15,60;95,40;89,50;8,60;4,50;100;3;2,30;
2026-07-13 22:33:00.0;OFF;ON;100;-3,80;-1,40;3,10;15,50;95;89,50;6,90;4,50;100;2,80;2,20;
2026-07-13 22:34:00.0;OFF;ON;100;-4,30;-1,40;3,10;15,40;94,90;89,50;7,40;4,50;100;2,80;2,10;
2026-07-13 22:35:00.0;OFF;ON;100;-23,40;-1,50;3;15,40;94,80;89,60;26,40;4,50;100;2,80;2,10;
2026-07-13 22:36:00.0;OFF;ON;100;-5,10;-1,50;3;15,40;94,80;89,50;8,10;4,50;100;2,70;2;
2026-07-13 22:37:00.0;OFF;ON;100;-5,70;-1,60;2,90;15,30;94,80;89,50;8,60;4,50;100;2,70;1,90;
2026-07-13 22:38:00.0;OFF;ON;100;-40;-1,60;2,90;15,30;94,60;89,60;42,90;4,50;100;2,70;1,90;
2026-07-13 22:39:00.0;OFF;ON;100;-5,30;-1,60;2,90;15,30;94,80;89,60;8,20;4,50;100;2,60;1,90;
2026-07-13 22:40:00.0;OFF;ON;100;-5,40;-1,60;2,90;15,20;94,80;89,60;8,30;4,50;100;2,60;1,90;
2026-07-13 22:41:00.0;OFF;ON;100;-4,30;-1,70;2,80;15,20;94,80;89,60;7,10;4,50;100;2,60;1,80;
2026-07-13 22:42:00.0;OFF;ON;100;-5,20;-1,70;2,80;15,10;94,60;89,60;8;4,50;100;2,50;1,70;
2026-07-13 22:43:00.0;OFF;ON;100;-3,20;-1,80;2,70;15,10;94,60;89,60;6;4,50;100;2,50;1,70;
2026-07-13 22:44:00.0;OFF;ON;100;-4;-1,80;2,70;15,10;94,70;89,50;6,80;4,50;100;2,50;1,70;
2026-07-13 22:45:00.0;OFF;ON;100;-4,50;-1,80;2,70;15;94,70;89,50;7,20;4,50;100;2,50;1,70;
2026-07-13 22:46:00.0;OFF;ON;100;-3,20;-1,80;2,70;15;94,70;89,50;5,90;4,50;100;2,40;1,70;
2026-07-13 22:47:00.0;OFF;ON;100;-12;-1,90;2,60;14,90;94,40;89,50;14,60;4,50;100;2,40;1,50;
2026-07-13 22:48:00.0;OFF;ON;100;-40;-1,90;2,60;14,90;94,50;89,50;42,60;4,50;100;2,40;1,60;
2026-07-13 22:49:00.0;OFF;ON;100;-40;-1,90;2,60;14,90;94,60;89,50;42,60;4,50;100;2,40;1,60;
2026-07-13 22:50:00.0;OFF;ON;100;-7,70;-1,90;2,60;14,90;94,60;89,50;10,30;4,50;100;2,40;1,60;
2026-07-13 22:51:00.0;OFF;ON;100;-33;-1,90;2,60;14,80;94,70;89,50;35,60;4,50;100;2,40;1,60;
2026-07-13 22:52:00.0;OFF;ON;100;-6,70;-2;2,50;14,80;94,60;89,50;9,20;4,50;100;2,30;1,50;
2026-07-13 22:53:00.0;OFF;ON;100;-5;-1,90;2,60;14,80;94,70;89,50;7,50;4,50;100;2,30;1,50;
2026-07-13 22:54:00.0;OFF;ON;100;-7,50;-1,90;2,60;14,70;94,80;89,50;10;4,50;100;2,30;1,50;
2026-07-13 22:55:00.0;OFF;ON;100;-6,70;-1,90;2,60;14,70;94,80;89,50;9,20;4,50;100;2,30;1,50;
2026-07-13 22:56:00.0;OFF;ON;100;-31;-2;2,50;14,70;94,80;89,50;33,50;4,50;100;2,20;1,40;
2026-07-13 22:57:00.0;OFF;ON;100;-6,50;-2;2,50;14,60;94,70;89,50;9;4,50;100;2,20;1,40;
2026-07-13 22:58:00.0;OFF;ON;100;-40;-2;2,50;14,60;94,70;89,50;42,50;4,50;100;2,20;1,40;
2026-07-13 22:59:00.0;OFF;ON;100;-40;-2;2,50;14,60;94,70;89,50;42,50;4,50;100;2,20;1,40;
2026-07-13 23:00:00.0;OFF;ON;100;-40;-2,10;2,40;14,60;94,70;89,50;42,40;4,50;100;2,20;1,30;
2026-07-13 23:01:00.0;OFF;ON;100;-6,10;-2,10;2,40;14,50;94,70;89,50;8,50;4,50;100;2,10;1,30;
2026-07-13 23:02:00.0;OFF;ON;100;-40;-2,10;2,40;14,50;94,60;89,50;42,40;4,50;100;2,10;1,30;
2026-07-13 23:03:00.0;OFF;ON;100;-37,40;-2,10;2,40;14,50;94,70;89,50;39,80;4,50;100;2,10;1,40;
2026-07-13 23:04:00.0;OFF;ON;100;-38,50;-2,10;2,40;14,40;94,80;89,50;40,90;4,50;100;2,10;1,40;
2026-07-13 23:05:00.0;OFF;ON;100;-35,50;-2,20;2,30;14,40;94,70;89,50;37,80;4,50;100;2,10;1,20;
2026-07-13 23:06:00.0;OFF;ON;100;-36,90;-2,20;2,30;14,40;94,70;89,50;39,20;4,50;100;2,10;1,30;
2026-07-13 23:07:00.0;OFF;ON;100;-30,60;-2,20;2,30;14,30;94,80;89,50;32,90;4,50;100;2,10;1,30;
2026-07-13 23:08:00.0;OFF;ON;100;-40;-2,20;2,30;14,30;94,70;89,50;42,30;4,50;100;2,10;1,30;
2026-07-13 23:09:00.0;OFF;ON;100;-40;-2,20;2,30;14,30;94,80;89,50;42,30;4,50;100;2;1,30;
2026-07-13 23:10:00.0;OFF;ON;100;-40;-2,20;2,30;14,30;94,80;89,50;42,30;4,50;100;2,10;1,20;
2026-07-13 23:11:00.0;OFF;ON;100;-6;-2,30;2,20;14,20;94,70;89,50;8,20;4,50;100;2;1,20;
2026-07-13 23:12:00.0;OFF;ON;100;-6,10;-2,30;2,20;14,20;94,70;89,50;8,40;4,50;100;2;1,20;
2026-07-13 23:13:00.0;OFF;ON;100;-25,60;-2,30;2,20;14,20;94,70;89,50;27,80;4,50;100;2;1,20;
2026-07-13 23:14:00.0;OFF;ON;100;-38,40;-2,30;2,20;14,20;94,80;89,50;40,70;4,50;100;2;1,20;
2026-07-13 23:15:00.0;OFF;ON;100;-40;-2,30;2,20;14,10;94,80;89,50;42,20;4,50;100;1,90;1,10;
2026-07-13 23:16:00.0;OFF;ON;100;-40;-2,30;2,20;14,10;94,70;89,50;42,20;4,50;100;1,90;1,20;
2026-07-13 23:17:00.0;OFF;ON;100;-40;-2,30;2,20;14,10;94,70;89,50;42,20;4,50;100;1,90;1,20;
2026-07-13 23:18:00.0;OFF;ON;100;-4,90;-2,30;2,20;14;94,90;89,50;7;4,50;100;1,90;1,20;
2026-07-13 23:19:00.0;OFF;ON;100;-4,60;-2,30;2,20;14;94,90;89,50;6,80;4,50;100;1,90;1,10;
2026-07-13 23:20:00.0;OFF;ON;100;-6,20;-2,40;2,10;14;94,70;89,50;8,30;4,50;100;1,80;1;
2026-07-13 23:21:00.0;OFF;ON;100;-40;-2,40;2,10;13,90;94,70;89,50;42,10;4,50;100;1,80;1;
2026-07-13 23:22:00.0;OFF;ON;100;-6,60;-2,40;2,10;13,90;94,70;89,50;8,70;4,50;100;1,90;1;
2026-07-13 23:23:00.0;OFF;ON;100;-6,60;-2,40;2,10;13,90;94,70;89,50;8,70;4,50;100;1,90;1,10;
2026-07-13 23:24:00.0;OFF;ON;100;-6,70;-2,40;2,10;13,90;94,70;89,50;8,80;4,50;100;1,80;1;
2026-07-13 23:25:00.0;OFF;ON;100;-40;-2,50;2;13,80;94,60;89,50;42;4,50;100;1,70;0,80;
2026-07-13 23:26:00.0;OFF;ON;100;-35,20;-2,70;1,80;13,80;94,20;89,50;37;4,50;100;1,60;0,60;
2026-07-13 23:27:00.0;OFF;ON;100;-28,80;-2,70;1,80;13,80;94;89,50;30,60;4,50;100;1,50;0,50;
2026-07-13 23:28:00.0;OFF;ON;100;-40;-2,80;1,70;13,70;93,90;89,50;41,70;4,50;100;1,50;0,40;
2026-07-13 23:29:00.0;OFF;ON;100;-20,70;-2,80;1,70;13,70;93,80;89,50;22,40;4,50;100;1,40;0,40;
2026-07-13 23:30:00.0;OFF;ON;100;-40;-2,90;1,60;13,70;93,80;89,50;41,60;4,50;100;1,40;0,40;
2026-07-13 23:31:00.0;OFF;ON;100;-7;-2,90;1,60;13,70;93,80;89,50;8,60;4,50;100;1,30;0,40;
2026-07-13 23:32:00.0;OFF;ON;100;-6,20;-3;1,50;13,60;93,80;89,50;7,80;4,50;100;1,20;0,40;
2026-07-13 23:33:00.0;OFF;ON;100;-5,90;-3;1,50;13,60;93,80;89,50;7,40;4,50;100;1,30;0,40;
2026-07-13 23:34:00.0;OFF;ON;100;-7,10;-3;1,50;13,60;93,80;89,50;8,60;4,50;100;1,20;0,30;
2026-07-13 23:35:00.0;OFF;ON;100;-6,70;-3,10;1,40;13,50;93,90;89,50;8,20;4,50;100;1,20;0,30;
2026-07-13 23:36:00.0;OFF;ON;100;-6,20;-3,10;1,40;13,50;93,80;89,50;7,60;4,50;100;1,20;0,20;
2026-07-13 23:37:00.0;OFF;ON;100;-5,90;-3,10;1,40;13,50;93,80;89,50;7,20;4,50;100;1,10;0,20;
2026-07-13 23:38:00.0;OFF;ON;100;-5,70;-3,10;1,40;13,40;93,90;89,50;7;4,50;100;1,10;0,10;
2026-07-13 23:39:00.0;OFF;ON;100;-5,70;-3,10;1,40;13,40;93,80;89,50;7,10;4,50;100;1,10;0,10;
2026-07-13 23:40:00.0;OFF;ON;100;-6,10;-3,20;1,30;13,40;93,90;89,50;7,50;4,50;100;1,10;0,10;
2026-07-13 23:41:00.0;OFF;ON;100;-6,90;-3,20;1,30;13,40;94;89,50;8,30;4,50;100;1,10;0,10;
2026-07-13 23:42:00.0;OFF;ON;100;-6,20;-3,20;1,30;13,30;94;89,50;7,50;4,50;100;1;0;
2026-07-13 23:43:00.0;OFF;ON;100;-5,70;-3,20;1,30;13,30;94;89,50;7;4,50;100;1;0;
2026-07-13 23:44:00.0;OFF;ON;100;-31,50;-3,20;1,30;13,30;94,10;89,50;32,80;4,50;100;1;0;
2026-07-13 23:45:00.0;OFF;ON;100;-6,60;-3,20;1,30;13,20;94,10;89,50;7,80;4,50;100;1;0;
2026-07-13 23:46:00.0;OFF;ON;100;-4,70;-3,30;1,20;13,20;94,20;89,50;6;4,50;100;1;-0,10;
2026-07-13 23:47:00.0;OFF;ON;100;-6,10;-3,30;1,20;13,20;94,10;89,50;7,40;4,50;100;1;-0,10;
2026-07-13 23:48:00.0;OFF;ON;100;-37,80;-3,30;1,20;13,20;94,20;89,50;39,10;4,50;100;0,90;-0,10;
2026-07-13 23:49:00.0;OFF;ON;100;-40;-3,30;1,20;13,10;94,20;89,40;41,20;4,50;100;0,90;-0,10;
2026-07-13 23:50:00.0;OFF;ON;100;-12;-3,30;1,20;13,10;94,20;89,40;13,20;4,50;100;0,90;-0,10;
2026-07-13 23:51:00.0;OFF;ON;100;-20,50;-3,40;1,10;13,10;94,20;89,40;21,60;4,50;100;0,90;-0,10;
2026-07-13 23:52:00.0;OFF;ON;100;-6,70;-3,40;1,10;13;94,10;89,40;7,80;4,50;100;0,80;-0,20;
2026-07-13 23:53:00.0;OFF;ON;100;-40;-3,40;1,10;13;94,20;89,40;41,10;4,50;100;0,80;-0,20;
2026-07-13 23:54:00.0;OFF;ON;100;-21,40;-3,40;1,10;13;94,20;89,40;22,50;4,50;100;0,80;-0,20;
2026-07-13 23:55:00.0;OFF;ON;100;-6,50;-3,40;1,10;13;94,10;89,40;7,60;4,50;100;0,80;-0,20;
2026-07-13 23:56:00.0;OFF;ON;100;-40;-3,40;1,10;12,90;94,10;89,40;41,10;4,50;100;0,80;-0,20;
2026-07-13 23:57:00.0;OFF;ON;100;-40;-3,40;1,10;12,90;94,10;89,40;41,10;4,50;100;0,80;-0,20;
2026-07-13 23:58:00.0;OFF;ON;100;-5,90;-3,50;1;12,90;93,90;89,40;6,80;4,50;100;0,70;-0,30;
2026-07-13 23:59:00.0;OFF;ON;100;-5,90;-3,50;1;12,90;93,90;89,40;6,80;4,50;100;0,70;-0,30;
