CamCarcacas2;
2026-07-14 00:00;2026-07-15 00:00;
12144 Frigorífico Thoms;
ayron.costa;
" ";CPCO 51 - Câmara de carcaças - Controle de temperatura 1;CPCO 51 - Câmara de carcaças - Controle de temperatura 1;CPCO 51 - Câmara de carcaças - Controle de temperatura 1;CPCO 51 - Câmara de carcaças - Controle de temperatura 1;CPCO 51 - Câmara de carcaças - Controle de temperatura 1;CPCO 51 - Câmara de carcaças - Controle de temperatura 1;CPCO 52 - Câmara de carcaças - Controle de temperatura 2;CPCO 52 - Câmara de carcaças - Controle de temperatura 2;CPCO 53 - Balança;CPCO 51 - Câmara de carcaças - Controle de temperatura 1;CPCO 51 - Câmara de carcaças - Controle de temperatura 1;CPCO 51 - Câmara de carcaças - Controle de temperatura 1;CPCO 51 - Câmara de carcaças - Controle de temperatura 1;CPCO 54 - Câmara de carcaças - Controle de temperatura 3;
" ";Carregamento;Resfriamento;Saida Y1 - Ventiladores EC;Temp entrada glicol;Temp ref;Temp retorno ar;Temperatuda espeto;Umidade relativa da camara;Peso atual;DT Atual;DT ref;Cap Atual Valvula;Temp retorno ar M1A08;Temp Insuf de ar M1A08;" ";
2026-07-14 00:00:00.0;OFF;ON;100;-6,80;-3,50;1;12,80;94;89,40;7,70;4,50;100;0,60;-0,30;
2026-07-14 00:01:00.0;OFF;ON;100;-6,10;-3,50;1;12,80;93,90;89,50;7,10;4,50;100;0,60;-0,30;
2026-07-14 00:02:00.0;OFF;ON;100;-6,80;-3,60;0,90;12,80;93,90;89,50;7,70;4,50;100;0,60;-0,30;
2026-07-14 00:03:00.0;OFF;ON;100;-6,80;-3,60;0,90;12,70;93,90;89,40;7,70;4,50;100;0,60;-0,40;
2026-07-14 00:04:00.0;OFF;ON;100;-5,70;-3,60;0,90;12,70;93,90;89,40;6,60;4,50;100;0,60;-0,40;
2026-07-14 00:05:00.0;OFF;ON;100;-6,90;-3,70;0,80;12,70;93,90;89,40;7,70;4,50;100;0,50;-0,40;
2026-07-14 00:06:00.0;OFF;ON;100;-38,80;-3,70;0,80;12,60;94;89,40;39,60;4,50;100;0,50;-0,40;
2026-07-14 00:07:00.0;OFF;ON;100;-7;-3,70;0,80;12,60;93,90;89,40;7,80;4,50;100;0,50;-0,40;
2026-07-14 00:08:00.0;OFF;ON;100;-6,60;-3,70;0,80;12,60;93,90;89,40;7,50;4,50;100;0,50;-0,40;
2026-07-14 00:09:00.0;OFF;ON;100;-16,50;-3,70;0,80;12,60;93,80;89,40;17,30;4,50;100;0,50;-0,40;
2026-07-14 00:10:00.0;OFF;ON;100;-6,80;-3,70;0,80;12,60;93,90;89,40;7,60;4,50;100;0,50;-0,40;
2026-07-14 00:11:00.0;OFF;ON;100;-36;-3,80;0,70;12,50;93,80;89,40;36,80;4,50;100;0,40;-0,50;
2026-07-14 00:12:00.0;OFF;ON;100;-7,30;-3,80;0,70;12,50;93,80;89,40;8;4,50;100;0,40;-0,50;
2026-07-14 00:13:00.0;OFF;ON;100;-6,50;-3,80;0,70;12,50;93,80;89,40;7,20;4,50;100;0,40;-0,50;
2026-07-14 00:14:00.0;OFF;ON;100;-6,60;-3,80;0,70;12,40;93,80;89,40;7,30;4,50;100;0,40;-0,50;
2026-07-14 00:15:00.0;OFF;ON;100;-5,40;-3,80;0,70;12,40;93,80;89,40;6,10;4,50;100;0,40;-0,50;
2026-07-14 00:16:00.0;OFF;ON;100;-6;-3,90;0,60;12,40;93,90;89,40;6,60;4,50;100;0,30;-0,50;
2026-07-14 00:17:00.0;OFF;ON;100;-6,80;-3,90;0,60;12,40;93,80;89,40;7,40;4,50;100;0,30;-0,60;
2026-07-14 00:18:00.0;OFF;ON;100;-35;-3,90;0,60;12,30;93,80;89,40;35,70;4,50;100;0,30;-0,60;
2026-07-14 00:19:00.0;OFF;ON;100;-6,50;-3,90;0,60;12,30;93,80;89,40;7,10;4,50;100;0,30;-0,60;
2026-07-14 00:20:00.0;OFF;ON;100;-6,10;-3,90;0,60;12,30;93,80;89,40;6,70;4,50;100;0,30;-0,60;
2026-07-14 00:21:00.0;OFF;ON;100;-5,60;-3,90;0,60;12,20;93,90;89,40;6,10;4,50;100;0,30;-0,60;
2026-07-14 00:22:00.0;OFF;ON;100;-6,40;-3,90;0,60;12,20;93,80;89,40;7;4,50;100;0,30;-0,60;
2026-07-14 00:23:00.0;OFF;ON;100;-40;-4;0,50;12,20;93,80;89,40;40,50;4,50;100;0,20;-0,60;
2026-07-14 00:24:00.0;OFF;ON;100;-6,40;-4;0,50;12,20;93,90;89,40;6,90;4,50;100;0,20;-0,60;
2026-07-14 00:25:00.0;OFF;ON;100;-6,50;-4;0,50;12,10;93,90;89,40;7;4,50;100;0,20;-0,60;
2026-07-14 00:26:00.0;OFF;ON;100;-5,90;-4;0,50;12,10;93,90;89,40;6,40;4,50;100;0,20;-0,60;
2026-07-14 00:27:00.0;OFF;ON;100;-27,70;-4;0,50;12,10;93,90;89,40;28,20;4,50;100;0,20;-0,70;
2026-07-14 00:28:00.0;OFF;ON;100;-5,90;-4;0,50;12,10;93,90;89,40;6,30;4,50;100;0,20;-0,70;
2026-07-14 00:29:00.0;OFF;ON;100;-14,50;-4;0,40;12;93,90;89,40;14,90;4,50;100;0,10;-0,70;
2026-07-14 00:30:00.0;OFF;ON;100;-40;-4;0,40;12;93,90;89,40;40,40;4,50;100;0,10;-0,70;
2026-07-14 00:31:00.0;OFF;ON;100;-5,50;-4;0,40;12;93,90;89,40;5,90;4,50;100;0,10;-0,70;
2026-07-14 00:32:00.0;OFF;ON;100;-5,50;-4;0,40;11,90;93,80;89,40;5,90;4,50;100;0,10;-0,70;
2026-07-14 00:33:00.0;OFF;ON;100;-6,10;-4;0,40;11,90;93,90;89,40;6,50;4,50;100;0,10;-0,70;
2026-07-14 00:34:00.0;OFF;ON;100;-6,60;-4;0,40;11,90;93,90;89,40;7;4,50;100;0,10;-0,70;
2026-07-14 00:35:00.0;OFF;ON;100;-6,60;-4;0,40;11,90;93,90;89,40;7;4,50;100;0,10;-0,70;
2026-07-14 00:36:00.0;OFF;ON;100;-6,30;-4;0,30;11,80;93,90;89,40;6,60;4,50;100;0;-0,80;
2026-07-14 00:37:00.0;OFF;ON;100;-7,10;-4;0,30;11,80;93,90;89,40;7,50;4,50;100;0;-0,80;
2026-07-14 00:38:00.0;OFF;ON;100;-40;-4;0,30;11,80;93,90;89,40;40,30;4,50;100;0;-0,80;
2026-07-14 00:39:00.0;OFF;ON;100;-40;-4;0,30;11,70;93,90;89,40;40,30;4,50;100;0;-0,80;
2026-07-14 00:40:00.0;OFF;ON;100;-40;-4;0,30;11,70;93,80;89,40;40,30;4,50;100;0;-0,80;
2026-07-14 00:41:00.0;OFF;ON;100;-40;-4;0,30;11,70;93,90;89,40;40,30;4,50;100;0;-0,80;
2026-07-14 00:42:00.0;OFF;ON;100;-6,40;-4;0,30;11,70;93,90;89,40;6,70;4,50;100;0;-0,80;
2026-07-14 00:43:00.0;OFF;ON;100;-40;-4;0,30;11,60;93,80;89,40;40,30;4,50;100;0;-0,80;
2026-07-14 00:44:00.0;OFF;ON;100;-40;-4;0,20;11,60;93,80;89,40;40,20;4,50;100;0;-0,80;
2026-07-14 00:45:00.0;OFF;ON;100;-40;-4;0,20;11,60;93,90;89,40;40,20;4,50;100;0;-0,80;
2026-07-14 00:46:00.0;OFF;ON;100;-40;-4;0,20;11,50;93,90;89,40;40,20;4,50;100;-0,10;-0,90;
2026-07-14 00:47:00.0;OFF;ON;100;-6,70;-4;0,20;11,50;94;89,40;6,90;4,50;100;-0,10;-0,90;
2026-07-14 00:48:00.0;OFF;ON;100;-5,20;-4;0,20;11,50;94;89,40;5,40;4,50;100;-0,10;-0,90;
2026-07-14 00:49:00.0;OFF;ON;100;-5,30;-4;0,20;11,50;93,90;89,40;5,50;4,50;100;-0,10;-0,90;
2026-07-14 00:50:00.0;OFF;ON;100;-6,60;-4;0,20;11,40;93,90;89,40;6,80;4,50;100;-0,10;-0,90;
2026-07-14 00:51:00.0;OFF;ON;100;-6;-4;0,20;11,40;93,90;89,40;6,20;4,50;100;-0,10;-0,90;
2026-07-14 00:52:00.0;OFF;ON;100;-6,40;-4;0,20;11,40;93,90;89,40;6,50;4,50;100;-0,10;-0,80;
2026-07-14 00:53:00.0;OFF;ON;100;-4,80;-4;0,20;11,40;93,90;89,40;5;4,50;100;-0,10;-0,80;
2026-07-14 00:54:00.0;OFF;ON;100;-5,60;-4;0,10;11,30;93,90;89,40;5,80;4,50;100;-0,10;-0,80;
2026-07-14 00:55:00.0;OFF;ON;100;-5,30;-4;0,20;11,30;93,90;89,40;5,40;4,50;100;-0,10;-0,90;
2026-07-14 00:56:00.0;OFF;ON;100;-5,30;-4;0,20;11,30;93,90;89,40;5,40;4,50;100;-0,10;-0,90;
2026-07-14 00:57:00.0;OFF;ON;100;-5,20;-4;0,10;11,20;93,90;89,40;5,30;4,50;100;-0,10;-0,90;
2026-07-14 00:58:00.0;OFF;ON;100;-6,40;-4;0,10;11,20;93,90;89,40;6,50;4,50;100;-0,10;-0,90;
2026-07-14 00:59:00.0;OFF;ON;100;-5,70;-4;0,10;11,20;93,90;89,40;5,80;4,50;100;-0,10;-0,90;
2026-07-14 01:00:00.0;OFF;ON;100;-40;-4;0,10;11,20;93,90;89,40;40,10;4,50;100;-0,20;-0,90;
2026-07-14 01:01:00.0;OFF;ON;100;-6;-4;0,10;11,10;93,90;89,40;6,10;4,50;100;-0,20;-0,90;
2026-07-14 01:02:00.0;OFF;ON;100;-5,50;-4;0,10;11,10;93,90;89,40;5,60;4,50;100;-0,20;-0,90;
2026-07-14 01:03:00.0;OFF;ON;100;-5,60;-4;0,10;11,10;94;89,40;5,60;4,50;100;-0,20;-0,90;
2026-07-14 01:04:00.0;OFF;ON;100;-5,60;-4;0,10;11;93,90;89,40;5,70;4,50;100;-0,20;-0,90;
2026-07-14 01:05:00.0;OFF;ON;100;-40;-4;0,10;11;93,90;89,40;40,10;4,50;100;-0,20;-0,90;
2026-07-14 01:06:00.0;OFF;ON;100;-7;-4;0,10;11;93,90;89,40;7,10;4,50;100;-0,20;-0,90;
2026-07-14 01:07:00.0;OFF;ON;100;-40;-4;0;11;93,90;89,40;40;4,50;100;-0,20;-0,90;
2026-07-14 01:08:00.0;OFF;ON;100;-39,50;-4;0;10,90;93,90;89,40;39,50;4,50;100;-0,20;-0,90;
2026-07-14 01:09:00.0;OFF;ON;100;-6,90;-4;0;10,90;94;89,40;6,90;4,50;100;-0,20;-0,90;
2026-07-14 01:10:00.0;OFF;ON;100;-12;-4;0;10,90;93,90;89,40;12;4,50;100;-0,20;-0,90;
2026-07-14 01:11:00.0;OFF;ON;100;-23,90;-3,50;0;10,90;93,90;89,40;23,90;4,50;100;-0,20;-1;
2026-07-14 01:12:00.0;OFF;ON;100;-36,70;-3,60;-0,10;10,80;93,80;89,40;36,60;4,50;100;-0,30;-1;
2026-07-14 01:13:00.0;OFF;ON;100;-7,30;-3,60;-0,10;10,80;93,80;89,40;7,20;4,50;100;-0,30;-1,10;
2026-07-14 01:14:00.0;OFF;ON;90;-6,80;-3,60;-0,10;10,80;93,80;89,40;6,70;3,50;100;-0,30;-1,10;
2026-07-14 01:15:00.0;OFF;ON;90;-6,40;-3,60;-0,10;10,70;93,80;89,40;6,30;3,50;100;-0,30;-1,10;
2026-07-14 01:16:00.0;OFF;ON;90;-6,40;-3,60;-0,10;10,70;93,70;89,40;6,30;3,50;100;-0,40;-1,10;
2026-07-14 01:17:00.0;OFF;ON;90;-40;-3,60;-0,10;10,70;93,80;89,40;39,90;3,50;100;-0,40;-1,10;
2026-07-14 01:18:00.0;OFF;ON;90;-6,60;-3,60;-0,10;10,60;93,70;89,40;6,50;3,50;100;-0,40;-1,10;
2026-07-14 01:19:00.0;OFF;ON;90;-40;-3,70;-0,20;10,60;93,60;89,40;39,80;3,50;100;-0,40;-1,10;
2026-07-14 01:20:00.0;OFF;ON;90;-40;-3,70;-0,20;10,60;93,70;89,40;39,80;3,50;100;-0,40;-1,20;
2026-07-14 01:21:00.0;OFF;ON;90;-7,10;-3,70;-0,20;10,60;93,70;89,40;6,90;3,50;100;-0,40;-1,20;
2026-07-14 01:22:00.0;OFF;ON;90;-18,70;-3,70;-0,20;10,50;93,70;89,40;18,50;3,50;100;-0,40;-1,20;
2026-07-14 01:23:00.0;OFF;ON;90;-7,10;-3,70;-0,20;10,50;93,70;89,40;6,90;3,50;100;-0,40;-1,20;
2026-07-14 01:24:00.0;OFF;ON;90;-6,30;-3,70;-0,20;10,50;93,60;89,40;6,10;3,50;100;-0,50;-1,30;
2026-07-14 01:25:00.0;OFF;ON;90;-40;-3,80;-0,30;10,50;93,50;89,40;39,70;3,50;100;-0,50;-1,30;
2026-07-14 01:26:00.0;OFF;ON;90;-40;-3,70;-0,20;10,40;93,90;89,40;39,80;3,50;100;-0,40;-1,10;
2026-07-14 01:27:00.0;OFF;ON;90;-6,70;-3,70;-0,20;10,40;94;89,40;6,60;3,50;100;-0,40;-1,10;
2026-07-14 01:28:00.0;OFF;ON;90;-7,10;-3,60;-0,10;10,40;94,20;89,40;7;3,50;100;-0,40;-1;
2026-07-14 01:29:00.0;OFF;ON;90;-6,50;-3,60;-0,10;10,30;94,30;89,40;6,40;3,50;100;-0,40;-1;
2026-07-14 01:30:00.0;OFF;ON;90;-37,10;-3,70;-0,20;10,30;94,10;89,40;36,90;3,50;100;-0,40;-1,10;
2026-07-14 01:31:00.0;OFF;ON;90;-40;-3,70;-0,20;10,30;93,90;89,40;39,80;3,50;100;-0,40;-1,20;
2026-07-14 01:32:00.0;OFF;ON;90;-6,80;-3,70;-0,20;10,20;93,70;89,40;6,60;3,50;100;-0,50;-1,20;
2026-07-14 01:33:00.0;OFF;ON;90;-6,20;-3,80;-0,30;10,20;93,70;89,40;5,90;3,50;100;-0,50;-1,20;
2026-07-14 01:34:00.0;OFF;ON;90;-6;-3,80;-0,30;10,20;93,60;89,40;5,70;3,50;100;-0,50;-1,30;
2026-07-14 01:35:00.0;OFF;ON;90;-5,70;-3,80;-0,30;10,20;93,70;89,40;5,40;3,50;100;-0,50;-1,20;
2026-07-14 01:36:00.0;OFF;ON;90;-6,50;-3,80;-0,30;10,10;93,80;89,40;6,30;3,50;100;-0,50;-1,10;
2026-07-14 01:37:00.0;OFF;ON;90;-18,30;-3,70;-0,20;10,10;94,10;89,40;18,10;3,50;100;-0,40;-1;
2026-07-14 01:38:00.0;OFF;ON;90;-23;-3,70;-0,20;10,10;94,20;89,40;22,80;3,50;100;-0,40;-1;
2026-07-14 01:39:00.0;OFF;ON;90;-25,80;-3,70;-0,20;10;94,30;89,40;25,60;3,50;100;-0,40;-1;
2026-07-14 01:40:00.0;OFF;ON;90;-38,30;-3,70;-0,20;10;94,40;89,40;38,10;3,50;100;-0,40;-0,90;
2026-07-14 01:41:00.0;OFF;ON;90;-40;-3,70;-0,20;10;94,40;89,40;39,80;3,50;100;-0,40;-1;
2026-07-14 01:42:00.0;OFF;ON;90;-7,10;-3,60;-0,10;10;94,40;89,40;7;3,50;100;-0,30;-0,80;
2026-07-14 01:43:00.0;OFF;ON;90;-40;-3,50;0;9,90;94,90;89,40;40;3,50;100;-0,20;-0,60;
2026-07-14 01:44:00.0;OFF;ON;90;-35,40;-3,40;0,10;9,90;95,20;89,40;35,50;3,50;100;-0,10;-0,40;
2026-07-14 01:45:00.0;OFF;ON;90;-27,40;-3,40;0,10;9,90;95,50;89,30;27,50;3,50;100;-0,10;-0,40;
2026-07-14 01:46:00.0;OFF;ON;90;-34,80;-3,30;0,20;9,90;95,60;89,30;35;3,50;100;-0,10;-0,40;
2026-07-14 01:47:00.0;OFF;ON;90;-40;-3,20;0,30;9,80;95,80;89,30;40,30;3,50;100;0;-0,30;
2026-07-14 01:48:00.0;OFF;ON;90;-6,90;-3,30;0,20;9,80;95,70;89,30;7,10;3,50;100;0;-0,30;
2026-07-14 01:49:00.0;OFF;ON;90;-6;-3,20;0,30;9,80;95,70;89,30;6,30;3,50;100;0;-0,20;
2026-07-14 01:50:00.0;OFF;ON;90;-4,80;-3,20;0,30;9,80;95,80;89,30;5,10;3,50;100;0,10;-0,20;
2026-07-14 01:51:00.0;OFF;ON;90;-3,80;-3,10;0,40;9,80;95,70;89,30;4,10;3,50;100;0,10;-0,10;
2026-07-14 01:52:00.0;OFF;ON;90;-6,40;-3,10;0,40;9,70;95,90;89,30;6,80;3,50;100;0,10;-0,10;
2026-07-14 01:53:00.0;OFF;ON;90;-5,40;-3,10;0,40;9,70;95,80;89,30;5,70;3,50;100;0,10;-0,10;
2026-07-14 01:54:00.0;OFF;ON;90;-4,80;-3,10;0,40;9,70;95,80;89,30;5,20;3,50;100;0,10;0;
2026-07-14 01:55:00.0;OFF;ON;90;-3,80;-3,10;0,40;9,70;95,80;89,30;4,20;3,50;100;0,10;-0,10;
2026-07-14 01:56:00.0;OFF;ON;90;-5;-3,10;0,40;9,60;95,70;89,30;5,50;3,50;100;0,20;-0,10;
2026-07-14 01:57:00.0;OFF;ON;90;-4,80;-3,10;0,40;9,60;95,80;89,30;5,30;3,50;100;0,20;-0,10;
2026-07-14 01:58:00.0;OFF;ON;90;-5,20;-3;0,50;9,60;95,70;89,30;5,70;3,50;100;0,20;0;
2026-07-14 01:59:00.0;OFF;ON;90;-40;-3;0,50;9,60;95,80;89,30;40,50;3,50;100;0,20;0;
2026-07-14 02:00:00.0;OFF;ON;90;-31,20;-3,10;0,40;9,60;95,70;89,30;31,70;3,50;100;0,20;-0,10;
2026-07-14 02:01:00.0;OFF;ON;90;-40;-3;0,50;9,50;95,60;89,30;40,50;3,50;100;0,20;0;
2026-07-14 02:02:00.0;OFF;ON;90;-5,30;-3;0,50;9,50;95,70;89,30;5,80;3,50;100;0,20;-0,10;
2026-07-14 02:03:00.0;OFF;ON;90;-5,40;-3;0,50;9,50;95,60;89,30;5,80;3,50;100;0,20;0;
2026-07-14 02:04:00.0;OFF;ON;90;-6,40;-3;0,50;9,50;95,60;89,30;6,90;3,50;100;0,20;-0,10;
2026-07-14 02:05:00.0;OFF;ON;90;-6,60;-3,10;0,40;9,40;95,50;89,30;7,10;3,50;100;0,10;-0,20;
2026-07-14 02:06:00.0;OFF;ON;90;-39,70;-3,10;0,40;9,40;95,30;89,30;40,10;3,50;100;0,10;-0,30;
2026-07-14 02:07:00.0;OFF;ON;90;-13,40;-3,20;0,30;9,40;95;89,30;13,70;3,50;100;0,10;-0,30;
2026-07-14 02:08:00.0;OFF;ON;90;-40;-3,20;0,30;9,40;94,90;89,30;40,30;3,50;100;0;-0,40;
2026-07-14 02:09:00.0;OFF;ON;90;-37;-3,20;0,30;9,30;94,90;89,30;37,30;3,50;100;0;-0,40;
2026-07-14 02:10:00.0;OFF;ON;90;-40;-3,20;0,30;9,30;94,80;89,30;40,30;3,50;100;0;-0,40;
2026-07-14 02:11:00.0;OFF;ON;90;-40;-3,20;0,30;9,30;94,80;89,30;40,30;3,50;100;0;-0,40;
2026-07-14 02:12:00.0;OFF;ON;90;-39,90;-3,30;0,20;9,30;94,70;89,30;40,10;3,50;100;-0,10;-0,60;
2026-07-14 02:13:00.0;OFF;ON;90;-37,10;-3,30;0,20;9,20;94,60;89,30;37,20;3,50;100;-0,10;-0,50;
2026-07-14 02:14:00.0;OFF;ON;90;-36;-3,30;0,20;9,20;94,50;89,30;36,20;3,50;100;-0,10;-0,50;
2026-07-14 02:15:00.0;OFF;ON;90;-18,50;-3,40;0,10;9,20;94,50;89,30;18,60;3,50;100;-0,10;-0,60;
2026-07-14 02:16:00.0;OFF;ON;90;-39,70;-3,40;0,10;9,20;94,40;89,30;39,80;3,50;100;-0,10;-0,70;
2026-07-14 02:17:00.0;OFF;ON;90;-39,60;-3,40;0,10;9,10;94,30;89,30;39,70;3,50;100;-0,10;-0,60;
2026-07-14 02:18:00.0;OFF;ON;90;-40;-3,40;0,10;9,10;94,40;89,30;40,10;3,50;100;-0,20;-0,60;
2026-07-14 02:19:00.0;OFF;ON;90;-38;-3,40;0,10;9,10;94,40;89,30;38,10;3,50;100;-0,20;-0,60;
2026-07-14 02:20:00.0;OFF;ON;90;-34,70;-3,40;0,10;9,10;94,40;89,30;34,80;3,50;100;-0,20;-0,70;
2026-07-14 02:21:00.0;OFF;ON;90;-7,50;-3,50;0;9;94,20;89,30;7,50;3,50;100;-0,20;-0,80;
2026-07-14 02:22:00.0;OFF;ON;90;-40;-3,50;0;9;94,20;89,30;40;3,50;100;-0,20;-0,70;
2026-07-14 02:23:00.0;OFF;ON;90;-40;-3,50;0;9;94,30;89,30;40;3,50;100;-0,20;-0,70;
2026-07-14 02:24:00.0;OFF;ON;90;-40;-3,50;0;9;94,30;89,30;40;3,50;100;-0,20;-0,70;
2026-07-14 02:25:00.0;OFF;ON;90;-40;-3,50;0;9;94,30;89,30;40;3,50;100;-0,20;-0,80;
2026-07-14 02:26:00.0;OFF;ON;90;-12;-3,60;-0,10;8,90;94,10;89,30;11,90;3,50;100;-0,30;-0,80;
2026-07-14 02:27:00.0;OFF;ON;90;-35,40;-3,60;-0,10;8,90;94,20;89,30;35,30;3,50;100;-0,30;-0,80;
2026-07-14 02:28:00.0;OFF;ON;90;-7,80;-3,60;-0,10;8,90;94,20;89,30;7,70;3,50;100;-0,30;-0,80;
2026-07-14 02:29:00.0;OFF;ON;90;-30,40;-3,60;-0,10;8,90;94,20;89,30;30,30;3,50;100;-0,30;-0,80;
2026-07-14 02:30:00.0;OFF;ON;90;-40;-3,60;-0,10;8,80;94,10;89,30;39,90;3,50;100;-0,40;-0,90;
2026-07-14 02:31:00.0;OFF;ON;90;-40;-3,60;-0,10;8,80;94;89,30;39,90;3,50;100;-0,30;-0,90;
2026-07-14 02:32:00.0;OFF;ON;90;-40;-3,60;-0,10;8,80;94,10;89,30;39,90;3,50;100;-0,30;-0,90;
2026-07-14 02:33:00.0;OFF;ON;90;-40;-3,60;-0,10;8,80;94;89,30;39,90;3,50;100;-0,40;-0,90;
2026-07-14 02:34:00.0;OFF;ON;90;-22,10;-3,60;-0,10;8,70;94,20;89,30;22;3,50;100;-0,40;-0,80;
2026-07-14 02:35:00.0;OFF;ON;90;-7,20;-3,70;-0,20;8,70;94,20;89,30;7,10;3,50;100;-0,40;-1;
2026-07-14 02:36:00.0;OFF;ON;90;-33,10;-3,70;-0,20;8,70;94;89,30;32,90;3,50;100;-0,40;-0,90;
2026-07-14 02:37:00.0;OFF;ON;90;-25,70;-3,60;-0,10;8,70;94,20;102,70;25,60;3,50;100;-0,40;-0,90;
2026-07-14 02:38:00.0;OFF;ON;90;-6,40;-3,70;-0,20;8,70;94,20;102,70;6,20;3,50;100;-0,40;-0,90;
2026-07-14 02:39:00.0;OFF;ON;90;-12;-3,60;-0,10;8,70;94,30;102,80;11,90;3,50;100;-0,40;-1;
2026-07-14 02:40:00.0;OFF;ON;90;-6,30;-3,60;-0,10;8,70;94,30;102,80;6,20;3,50;100;-0,40;-1;
2026-07-14 02:41:00.0;OFF;ON;90;-23,90;-3,60;-0,10;8,70;94,40;102,80;23,80;3,50;100;-0,40;-0,90;
2026-07-14 02:42:00.0;OFF;ON;90;-7,20;-3,60;-0,10;8,60;94,50;102,80;7,10;3,50;100;-0,40;-0,90;
2026-07-14 02:43:00.0;OFF;ON;90;-40;-3,60;-0,10;8,60;94,60;102,80;39,90;3,50;100;-0,40;-0,90;
2026-07-14 02:44:00.0;OFF;ON;90;-6,70;-3,60;-0,10;8,60;94,60;102,90;6,60;3,50;100;-0,40;-1;
2026-07-14 02:45:00.0;OFF;ON;90;-40;-3,60;-0,10;8,60;94,40;102,90;39,90;3,50;100;-0,40;-0,90;
2026-07-14 02:46:00.0;OFF;ON;90;-40;-3,60;-0,10;8,50;94,50;102,50;39,90;3,50;100;-0,40;-0,90;
2026-07-14 02:47:00.0;OFF;ON;90;-40;-3,60;-0,10;8,50;94,40;102,50;39,90;3,50;100;-0,40;-0,90;
2026-07-14 02:48:00.0;OFF;ON;90;-40;-3,60;-0,10;8,50;94,40;102,60;39,90;3,50;100;-0,40;-0,90;
2026-07-14 02:49:00.0;OFF;ON;90;-40;-3,70;-0,20;8,40;94,20;102,70;39,80;3,50;100;-0,50;-1,10;
2026-07-14 02:50:00.0;OFF;ON;90;-5,80;-3,70;-0,20;8,40;94,10;102,60;5,60;3,50;100;-0,50;-1;
2026-07-14 02:51:00.0;OFF;ON;90;-40;-3,80;-0,30;8,40;94,10;102,60;39,70;3,50;100;-0,50;-1;
2026-07-14 02:52:00.0;OFF;ON;90;-35,50;-3,80;-0,30;8,40;94;102,60;35,20;3,50;100;-0,50;-1;
2026-07-14 02:53:00.0;OFF;ON;90;-40;-3,80;-0,30;8,30;93,90;102,60;39,70;3,50;100;-0,50;-1,10;
2026-07-14 02:54:00.0;OFF;ON;90;-7,40;-3,90;-0,40;8,30;93,70;102,70;7;3,50;100;-0,60;-1,20;
2026-07-14 02:55:00.0;OFF;ON;90;-6;-3,90;-0,40;8,30;93,50;102,70;5,70;3,50;100;-0,60;-1,20;
2026-07-14 02:56:00.0;OFF;ON;90;-35,20;-3,80;-0,30;8,30;93,80;102,60;34,90;3,50;100;-0,60;-1,20;
2026-07-14 02:57:00.0;OFF;ON;90;-40;-3,90;-0,40;8,20;93,90;102,60;39,60;3,50;100;-0,60;-1,10;
2026-07-14 02:58:00.0;OFF;ON;90;-6,90;-3,90;-0,40;8,20;93,80;102,60;6,50;3,50;100;-0,70;-1,30;
2026-07-14 02:59:00.0;OFF;ON;90;-7;-3,90;-0,40;8,20;93,60;102,60;6,60;3,50;100;-0,70;-1,20;
2026-07-14 03:00:00.0;OFF;ON;90;-6,20;-3,90;-0,40;8,20;93,70;102,60;5,90;3,50;100;-0,70;-1,30;
2026-07-14 03:01:00.0;OFF;ON;90;-7,10;-3,90;-0,40;8,10;93,80;102,60;6,80;3,50;100;-0,70;-1,20;
2026-07-14 03:02:00.0;OFF;ON;90;-39,40;-3,90;-0,40;8,10;93,80;102,60;39;3,50;100;-0,70;-1,20;
2026-07-14 03:03:00.0;OFF;ON;90;-40;-4;-0,50;8,10;93,50;102,60;39,50;3,50;100;-0,80;-1,30;
2026-07-14 03:04:00.0;OFF;ON;90;-6,70;-4;-0,60;8;93,40;102,60;6,20;3,50;100;-0,70;-1,30;
2026-07-14 03:05:00.0;OFF;ON;90;-14,50;-4;-0,60;8;93,40;102,60;13,90;3,50;100;-0,80;-1,30;
2026-07-14 03:06:00.0;OFF;ON;90;-40;-4;-0,60;8;93,40;102,60;39,40;3,50;100;-0,80;-1,30;
2026-07-14 03:07:00.0;OFF;ON;90;-6,70;-4;-0,60;8;93,50;102,60;6,10;3,50;100;-0,80;-1,40;
2026-07-14 03:08:00.0;OFF;ON;90;-22,30;-4;-0,70;7,90;93,30;102,60;21,60;3,50;100;-0,80;-1,50;
2026-07-14 03:09:00.0;OFF;ON;90;-7,40;-4;-0,70;7,90;93,30;102,60;6,70;3,50;100;-0,90;-1,50;
2026-07-14 03:10:00.0;OFF;ON;90;-37,50;-4;-0,70;7,90;93,30;102,60;36,80;3,50;100;-0,90;-1,50;
2026-07-14 03:11:00.0;OFF;ON;90;-36,80;-4;-0,70;7,90;93,30;102,60;36,10;3,50;100;-0,90;-1,50;
2026-07-14 03:12:00.0;OFF;ON;90;-5,90;-4;-0,80;7,80;93,30;102,60;5,20;3,50;100;-0,90;-1,60;
2026-07-14 03:13:00.0;OFF;ON;90;-5,70;-4;-0,80;7,80;93,10;102,70;4,90;3,50;100;-1;-1,60;
2026-07-14 03:14:00.0;OFF;ON;90;-6,50;-4;-0,80;7,80;93,20;102,70;5,70;3,50;100;-1;-1,60;
2026-07-14 03:15:00.0;OFF;ON;90;-6,50;-4;-0,80;7,80;93,30;102,70;5,70;3,50;100;-1;-1,60;
2026-07-14 03:16:00.0;OFF;ON;90;-5,50;-4;-0,80;7,80;93,20;102,70;4,60;3,50;100;-1;-1,60;
2026-07-14 03:17:00.0;OFF;ON;90;-5;-4;-0,80;7,70;93,30;102,70;4,20;3,50;100;-1;-1,70;
2026-07-14 03:18:00.0;OFF;ON;90;-6,70;-4;-0,90;7,70;93;102,70;5,90;3,50;100;-1;-1,70;
2026-07-14 03:19:00.0;OFF;ON;90;-6,30;-4;-0,90;7,70;93,10;102,60;5,40;3,50;100;-1;-1,70;
2026-07-14 03:20:00.0;OFF;ON;90;-6,60;-4;-0,90;7,60;93,10;102,70;5,70;3,50;100;-1;-1,70;
2026-07-14 03:21:00.0;OFF;ON;90;-12;-4;-0,90;7,60;93,20;102,70;11,10;3,50;100;-1,10;-1,70;
2026-07-14 03:22:00.0;OFF;ON;90;-6,70;-4;-0,90;7,60;93,20;102,70;5,80;3,50;100;-1,10;-1,80;
2026-07-14 03:23:00.0;OFF;ON;90;-6,30;-4;-1;7,60;93;102,70;5,40;3,50;100;-1,10;-1,80;
2026-07-14 03:24:00.0;OFF;ON;90;-6,10;-4;-1;7,50;93;102,70;5,10;3,50;100;-1,10;-1,80;
2026-07-14 03:25:00.0;OFF;ON;90;-7,70;-4;-1;7,50;93,10;102,70;6,70;3,50;100;-1,10;-1,80;
2026-07-14 03:26:00.0;OFF;ON;90;-37,30;-4;-1;7,50;93,10;102,70;36,20;3,50;100;-1,20;-1,90;
2026-07-14 03:27:00.0;OFF;ON;90;-6,40;-4;-1,10;7,50;92,90;102,70;5,30;3,50;100;-1,30;-2;
2026-07-14 03:28:00.0;OFF;ON;90;-35,80;-4;-1,10;7,40;92,80;102,70;34,70;3,50;100;-1,30;-1,90;
2026-07-14 03:29:00.0;OFF;ON;90;-6,50;-4;-1,10;7,40;92,90;102,70;5,40;3,50;100;-1,30;-1,90;
2026-07-14 03:30:00.0;OFF;ON;90;-40;-4;-1,10;7,40;93;102,70;38,90;3,50;100;-1,20;-1,90;
2026-07-14 03:31:00.0;OFF;ON;90;-32,80;-4;-1,10;7,40;93,10;102,70;31,70;3,50;100;-1,30;-1,90;
2026-07-14 03:32:00.0;OFF;ON;90;-13,10;-4;-1,10;7,30;93,10;102,70;12,10;3,50;100;-1,30;-1,90;
2026-07-14 03:33:00.0;OFF;ON;90;-7;-4;-1;7,30;93,30;102,70;5,90;3,50;100;-1,30;-1,90;
2026-07-14 03:34:00.0;OFF;ON;90;-25,80;-4;-1;7,30;93,40;102,70;24,80;3,50;100;-1,20;-1,90;
2026-07-14 03:35:00.0;OFF;ON;90;-7,80;-4;-1;7,30;93,40;102,70;6,80;3,50;100;-1,30;-1,90;
2026-07-14 03:36:00.0;OFF;ON;90;-12;-4;-1;7,20;93,40;102,70;11;3,50;100;-1,30;-1,90;
2026-07-14 03:37:00.0;OFF;ON;90;-6,70;-4;-1;7,20;93,50;102,70;5,70;3,50;100;-1,20;-1,80;
2026-07-14 03:38:00.0;OFF;ON;90;-6,60;-4;-1;7,20;93,50;102,70;5,60;3,50;100;-1,30;-1,80;
2026-07-14 03:39:00.0;OFF;ON;90;-7,20;-4;-1;7,20;93,50;102,70;6,20;3,50;100;-1,30;-1,80;
2026-07-14 03:40:00.0;OFF;ON;90;-5,90;-4;-1,10;7,10;93,40;102,70;4,80;3,50;100;-1,30;-1,90;
2026-07-14 03:41:00.0;OFF;ON;90;-6,60;-4;-1,10;7,10;93,40;102,70;5,50;3,50;100;-1,30;-1,80;
2026-07-14 03:42:00.0;OFF;ON;90;-6,30;-4;-1,10;7,10;93,30;102,70;5,20;3,50;100;-1,30;-1,90;
2026-07-14 03:43:00.0;OFF;ON;90;-6,80;-4;-1,10;7;93,20;102,70;5,60;3,50;100;-1,30;-1,90;
2026-07-14 03:44:00.0;OFF;ON;90;-6;-4;-1,10;7;93,20;102,70;4,80;3,50;100;-1,30;-1,90;
2026-07-14 03:45:00.0;OFF;ON;90;-12;-4;-1,10;7;93,20;102,70;10,90;3,50;100;-1,30;-1,90;
2026-07-14 03:46:00.0;OFF;ON;90;-5,90;-4;-1,10;7;93,40;102,70;4,90;3,50;100;-1,30;-1,90;
2026-07-14 03:47:00.0;OFF;ON;90;-6,70;-4;-1;7;93,40;102,70;5,70;3,50;100;-1,30;-1,90;
2026-07-14 03:48:00.0;OFF;ON;90;-40;-4;-1;6,90;93,50;102,70;39;3,50;100;-1,30;-1,90;
2026-07-14 03:49:00.0;OFF;ON;90;-6,90;-4;-1,10;6,90;93,40;102,70;5,80;3,50;100;-1,30;-1,90;
2026-07-14 03:50:00.0;OFF;ON;90;-7,10;-4;-1,10;6,90;93,40;102,70;6;3,50;100;-1,30;-1,90;
2026-07-14 03:51:00.0;OFF;ON;90;-6,60;-4;-1,10;6,90;93,40;102,60;5,50;3,50;100;-1,30;-1,90;
2026-07-14 03:52:00.0;OFF;ON;90;-6,80;-4;-1,10;6,80;93,40;102,60;5,80;3,50;100;-1,30;-1,90;
2026-07-14 03:53:00.0;OFF;ON;90;-6,40;-4;-1,10;6,80;93,50;102,60;5,30;3,50;100;-1,30;-1,90;
2026-07-14 03:54:00.0;OFF;ON;90;-6,90;-4;-1;6,80;93,60;102,60;5,80;3,50;100;-1,30;-1,80;
2026-07-14 03:55:00.0;OFF;ON;90;-40;-4;-1,10;6,70;93,50;102,60;38,90;3,50;100;-1,30;-1,80;
2026-07-14 03:56:00.0;OFF;ON;90;-40;-4;-1;6,70;93,60;102,50;39;3,50;100;-1,30;-1,80;
2026-07-14 03:57:00.0;OFF;ON;90;-40;-4;-1;6,70;93,60;102,50;39;3,50;100;-1,30;-1,80;
2026-07-14 03:58:00.0;OFF;ON;90;-7,20;-4;-1;6,70;93,70;102,50;6,20;3,50;100;-1,30;-1,80;
2026-07-14 03:59:00.0;OFF;ON;90;-36,90;-4;-1;6,60;93,70;102,50;35,90;3,50;100;-1,30;-1,80;
2026-07-14 04:00:00.0;OFF;ON;90;-7,30;-4;-1;6,60;93,70;102,70;6,20;3,50;100;-1,30;-1,80;
2026-07-14 04:01:00.0;OFF;ON;90;-5,40;-4;-1,10;6,60;93,70;102,60;4,30;3,50;100;-1,30;-1,80;
2026-07-14 04:02:00.0;OFF;ON;90;-7;-4;-1,10;6,60;93,50;102,70;5,90;3,50;100;-1,30;-1,80;
2026-07-14 04:03:00.0;OFF;ON;90;-7;-4;-1,20;6,50;93,40;102,70;5,90;3,50;100;-1,40;-1,80;
2026-07-14 04:04:00.0;OFF;ON;90;-6,10;-4;-1,20;6,50;93,40;102,70;5;3,50;100;-1,40;-1,80;
2026-07-14 04:05:00.0;OFF;ON;90;-5,90;-4;-1,20;6,50;93,40;102,60;4,70;3,50;100;-1,40;-1,80;
2026-07-14 04:06:00.0;OFF;ON;90;-6,50;-4;-1,20;6,50;93,40;102,70;5,30;3,50;100;-1,40;-1,80;
2026-07-14 04:07:00.0;OFF;ON;90;-6,60;-4;-1,20;6,40;93,40;102,60;5,40;3,50;100;-1,40;-1,80;
2026-07-14 04:08:00.0;OFF;ON;90;-6,10;-4;-1,20;6,40;93,40;102,70;4,90;3,50;100;-1,40;-1,80;
2026-07-14 04:09:00.0;OFF;ON;90;-6,90;-4;-1,20;6,40;93,40;102,70;5,70;3,50;100;-1,40;-1,80;
2026-07-14 04:10:00.0;OFF;ON;90;-6,40;-4;-1,20;6,40;93,40;102,70;5,20;3,50;100;-1,40;-1,80;
2026-07-14 04:11:00.0;OFF;ON;90;-6,10;-4;-1,20;6,30;93,40;102,70;4,90;3,50;100;-1,40;-1,80;
2026-07-14 04:12:00.0;OFF;ON;90;-6;-4;-1,20;6,30;93,40;102,60;4,70;3,50;100;-1,40;-1,80;
2026-07-14 04:13:00.0;OFF;ON;90;-5,90;-4;-1,20;6,30;93,40;102,60;4,70;3,50;100;-1,40;-1,80;
2026-07-14 04:14:00.0;OFF;ON;90;-6,70;-4;-1,20;6,30;93,50;102,60;5,50;3,50;100;-1,40;-1,80;
2026-07-14 04:15:00.0;OFF;ON;90;-5,40;-4;-1,20;6,20;93,40;102,60;4,20;3,50;100;-1,40;-1,80;
2026-07-14 04:16:00.0;OFF;ON;90;-6,80;-4;-1,20;6,20;93,40;102,70;5,60;3,50;100;-1,40;-1,80;
2026-07-14 04:17:00.0;OFF;ON;90;-7,10;-4;-1,20;6,20;93,40;102,60;5,60;3,50;100;-1,40;-1,80;
2026-07-14 04:18:00.0;OFF;ON;90;-6,10;-4;-1,20;6,10;93,50;102,70;4,90;3,50;100;-1,40;-1,80;
2026-07-14 04:19:00.0;OFF;ON;90;-19,20;-4;-1,20;6,10;93,50;102,70;18;3,50;100;-1,40;-1,80;
2026-07-14 04:20:00.0;OFF;ON;90;-22,10;-4;-1,20;6,10;93,60;102,60;20,90;3,50;100;-1,40;-1,80;
2026-07-14 04:21:00.0;OFF;ON;90;-6,10;-4;-1,20;6,10;93,60;102,60;4,90;3,50;100;-1,40;-1,80;
2026-07-14 04:22:00.0;OFF;ON;90;-6,70;-4;-1,20;6,10;93,50;102,60;5,50;3,50;100;-1,40;-1,80;
2026-07-14 04:23:00.0;OFF;ON;90;-5,40;-4;-1,10;6;93,60;102,60;4,20;3,50;100;-1,40;-1,80;
2026-07-14 04:24:00.0;OFF;ON;90;-6;-4;-1,20;6;93,70;102,60;4,80;3,50;100;-1,40;-1,70;
2026-07-14 04:25:00.0;OFF;ON;90;-6,20;-4;-1,20;6;93,70;102,70;5;3,50;100;-1,40;-1,70;
2026-07-14 04:26:00.0;OFF;ON;90;-40;-4;-1,20;6;93,60;102,60;38,80;3,50;100;-1,40;-1,70;
2026-07-14 04:27:00.0;OFF;ON;90;-37,90;-4;-1,20;5,90;93,70;102,60;36,70;3,50;100;-1,40;-1,80;
2026-07-14 04:28:00.0;OFF;ON;90;-37,90;-4;-1,20;5,90;93,60;102,70;36,70;3,50;100;-1,40;-1,80;
2026-07-14 04:29:00.0;OFF;ON;90;-6,90;-4;-1,30;5,90;93,40;102,70;5,60;3,50;100;-1,40;-1,90;
2026-07-14 04:30:00.0;OFF;ON;90;-40;-4;-1,30;5,80;93,30;102,70;38,70;3,50;100;-1,50;-1,90;
2026-07-14 04:31:00.0;OFF;ON;90;-40;-4;-1,30;5,80;93,20;102,60;38,70;3,50;100;-1,50;-1,90;
2026-07-14 04:32:00.0;OFF;ON;90;-40;-4;-1,30;5,80;93,20;102,60;38,70;3,50;100;-1,50;-1,80;
2026-07-14 04:33:00.0;OFF;ON;90;-40;-4;-1,20;5,80;93,50;102,70;38,80;3,50;100;-1,40;-1,70;
2026-07-14 04:34:00.0;OFF;ON;90;-40;-4;-1,20;5,70;93,70;102,70;38,80;3,50;100;-1,40;-1,60;
2026-07-14 04:35:00.0;OFF;ON;90;-40;-4;-1,20;5,70;93,90;102,70;38,80;3,50;100;-1,40;-1,60;
2026-07-14 04:36:00.0;OFF;ON;90;-6,80;-4;-1,20;5,70;94;102,70;5,60;3,50;100;-1,30;-1,60;
2026-07-14 04:37:00.0;OFF;ON;90;-6,80;-4;-1,20;5,70;94;102,70;5,60;3,50;100;-1,30;-1,60;
2026-07-14 04:38:00.0;OFF;ON;90;-6,70;-4;-1,10;5,60;94,10;102,60;5,60;3,50;100;-1,30;-1,50;
2026-07-14 04:39:00.0;OFF;ON;90;-7,40;-4;-1,10;5,60;94,20;102,60;6,30;3,50;100;-1,30;-1,50;
2026-07-14 04:40:00.0;OFF;ON;90;-6,80;-4;-1;5,60;94,30;102,70;5,80;3,50;100;-1,30;-1,50;
2026-07-14 04:41:00.0;OFF;ON;90;-38,50;-4;-1;5,60;94,50;102,70;37,60;3,50;100;-1,30;-1,50;
2026-07-14 04:42:00.0;OFF;ON;90;-29,70;-4;-1;5,50;94,50;102,60;28,70;3,50;100;-1,20;-1,50;
2026-07-14 04:43:00.0;OFF;ON;90;-16,70;-4;-1;5,50;94,50;102,60;15,70;3,50;100;-1,20;-1,50;
2026-07-14 04:44:00.0;OFF;ON;90;-34,30;-4;-1;5,50;94,60;102,60;33,40;3,50;100;-1,20;-1,70;
2026-07-14 04:45:00.0;OFF;ON;90;-38,50;-4;-1;5,50;94,40;102,70;37,50;3,50;100;-1,30;-1,90;
2026-07-14 04:46:00.0;OFF;ON;90;-6;-4;-1,10;5,40;94,10;102,70;4,90;3,50;100;-1,40;-2,10;
2026-07-14 04:47:00.0;OFF;ON;50;-40;-4;-1,20;5,40;93,70;102,50;38,80;3,50;100;-1,50;-2,40;
2026-07-14 04:48:00.0;OFF;ON;50;-40;-4;-1,30;5,40;93,20;102,50;38,70;3,50;100;-1,60;-2,50;
2026-07-14 04:49:00.0;OFF;ON;50;-40;-4;-1,30;5,40;92,80;102,50;38,70;3,50;100;-1,60;-2,60;
2026-07-14 04:50:00.0;OFF;ON;50;-17,30;-4;-1,40;5,30;92,80;102,50;15,90;3,50;100;-1,70;-2,60;
2026-07-14 04:51:00.0;OFF;ON;50;-40;-4;-1,40;5,30;92,40;102,50;38,60;3,50;100;-1,70;-2,70;
2026-07-14 04:52:00.0;OFF;ON;50;-40;-4;-1,40;5,30;92,20;102,50;38,60;3,50;100;-1,70;-2,60;
2026-07-14 04:53:00.0;OFF;ON;50;-40;-4;-1,40;5,30;92,30;102,50;38,60;3,50;100;-1,70;-2,50;
2026-07-14 04:54:00.0;OFF;ON;50;-40;-4;-1,50;5,20;92,20;102,50;38,50;3,50;100;-1,70;-2,60;
2026-07-14 04:55:00.0;OFF;ON;50;-40;-4;-1,50;5,20;92,10;102,50;38,50;3,50;100;-1,70;-2,60;
2026-07-14 04:56:00.0;OFF;ON;50;-40;-4;-1,50;5,20;92,10;102,50;38,50;3,50;100;-1,70;-2,60;
2026-07-14 04:57:00.0;OFF;ON;50;-40;-4;-1,50;5,10;91,90;102,50;38,50;3,50;100;-1,70;-2,60;
2026-07-14 04:58:00.0;OFF;ON;50;-13,60;-4;-1,50;5,10;92,10;102,50;12,10;3,50;100;-1,70;-2,60;
2026-07-14 04:59:00.0;OFF;ON;50;-34,80;-4;-1,50;5,10;92,20;102,50;33,30;3,50;100;-1,70;-2,60;
2026-07-14 05:00:00.0;OFF;ON;50;-40;-4;-1,60;5,10;92,10;102,50;38,40;3,50;100;-1,70;-2,70;
2026-07-14 05:01:00.0;OFF;ON;50;-40;-4;-1,60;5;92;102,50;38,40;3,50;100;-1,70;-2,70;
2026-07-14 05:02:00.0;OFF;ON;50;-40;-4;-1,60;5;91,90;102,50;38,40;3,50;100;-1,80;-2,70;
2026-07-14 05:03:00.0;OFF;ON;50;-40;-4;-1,60;5;91,90;102,50;38,40;3,50;100;-1,80;-2,70;
2026-07-14 05:04:00.0;OFF;ON;50;-40;-4;-1,60;5;92,20;102,50;38,40;3,50;100;-1,80;-2,70;
2026-07-14 05:05:00.0;OFF;ON;50;-40;-4;-1,60;5;92,10;102,50;38,40;3,50;100;-1,80;-2,70;
2026-07-14 05:06:00.0;OFF;ON;50;-6,40;-3,90;-1,60;4,90;92,30;102,50;4,90;3,50;100;-1,80;-2,70;
2026-07-14 05:07:00.0;OFF;ON;50;-40;-3,80;-1,60;4,90;92,40;102,50;38,40;3,50;100;-1,80;-2,70;
2026-07-14 05:08:00.0;OFF;ON;50;-5,50;-3,60;-1,50;4,90;92,50;102,50;3,90;3,50;100;-1,80;-2,70;
2026-07-14 05:09:00.0;OFF;ON;50;-40;-3,60;-1,50;4,90;92,70;102,40;38,50;3,50;100;-1,80;-2,60;
2026-07-14 05:10:00.0;OFF;ON;50;-40;-3,50;-1,50;4,90;92,80;102,60;38,50;3,50;100;-1,80;-2,60;
2026-07-14 05:11:00.0;OFF;ON;50;-40;-3,40;-1,50;4,80;92,80;102,60;38,50;3,50;100;-1,80;-2,60;
2026-07-14 05:12:00.0;OFF;ON;50;-40;-3,20;-1,50;4,80;92,90;102,50;38,50;3,50;100;-1,80;-2,60;
2026-07-14 05:13:00.0;OFF;ON;50;-40;-3,10;-1,50;4,80;92,90;102,50;38,50;3,50;100;-1,70;-2,60;
2026-07-14 05:14:00.0;OFF;ON;50;-40;-3,10;-1,50;4,80;92,90;102,50;38,50;3,50;100;-1,80;-2,60;
2026-07-14 05:15:00.0;OFF;ON;50;-40;-2,90;-1,50;4,80;92,90;102,50;38,50;3,50;100;-1,80;-2,60;
2026-07-14 05:16:00.0;OFF;ON;50;-5,60;-2,80;-1,50;4,70;92,90;102,50;4,10;3,50;100;-1,80;-2,60;
2026-07-14 05:17:00.0;OFF;ON;50;-5,60;-2,70;-1,50;4,70;92,90;102,50;4,10;3,50;100;-1,80;-2,60;
2026-07-14 05:18:00.0;OFF;ON;50;-5,10;-2,50;-1,50;4,70;93,10;102,50;3,60;3,50;100;-1,80;-2,50;
2026-07-14 05:19:00.0;OFF;ON;50;-5,50;-2,40;-1,50;4,70;93,10;102,50;4;3,50;100;-1,80;-2,50;
2026-07-14 05:20:00.0;OFF;ON;50;-4,80;-2,30;-1,50;4,70;93,10;102,50;3,30;3,50;100;-1,70;-2,50;
2026-07-14 05:21:00.0;OFF;ON;50;-6;-2,20;-1,60;4,60;93,10;102,50;4,40;3,50;100;-1,70;-2,50;
2026-07-14 05:22:00.0;OFF;ON;50;-5,90;-2,10;-1,60;4,60;92,80;102,50;4,30;3,50;100;-1,70;-2,50;
2026-07-14 05:23:00.0;OFF;ON;50;-5,70;-2;-1,60;4,60;92,80;102,50;4,10;3,50;100;-1,70;-2,50;
2026-07-14 05:24:00.0;OFF;ON;50;-40;-1,90;-1,60;4,60;92,70;102,50;38,40;3,50;100;-1,80;-2,50;
2026-07-14 05:25:00.0;OFF;ON;50;-5,50;-1,60;-1,60;4,50;92,80;102,50;3,90;3,50;100;-1,80;-2,50;
2026-07-14 05:26:00.0;OFF;ON;50;-5,50;-1,50;-1,60;4,50;92,80;102,50;3,90;3,50;100;-1,80;-2,50;
2026-07-14 05:27:00.0;OFF;ON;50;-5,30;-1,40;-1,60;4,50;92,60;102,50;3,70;3,50;100;-1,80;-2,50;
2026-07-14 05:28:00.0;OFF;ON;50;-5,80;-1,30;-1,60;4,50;92,50;102,50;4,20;3,50;100;-1,80;-2,50;
2026-07-14 05:29:00.0;OFF;ON;50;-6,30;-1,20;-1,70;4,50;92,50;102,50;4,70;3,50;100;-1,80;-2,50;
2026-07-14 05:30:00.0;OFF;ON;50;-4,70;-0,90;-1,70;4,40;92,40;102,50;3;3,50;100;-1,80;-2,60;
2026-07-14 05:31:00.0;OFF;ON;50;-4,90;-0,80;-1,70;4,40;92,40;102,50;3,20;3,50;100;-1,80;-2,60;
2026-07-14 05:32:00.0;OFF;ON;50;-5,40;-0,60;-1,70;4,40;92,40;102,50;3,70;3,50;100;-1,80;-2,60;
2026-07-14 05:33:00.0;OFF;ON;50;-5,20;-0,50;-1,70;4,40;92,50;102,50;3,50;3,50;100;-1,80;-2,60;
2026-07-14 05:34:00.0;OFF;ON;50;-5,90;-0,30;-1,70;4,40;92,40;102,50;4,20;3,50;100;-1,80;-2,60;
2026-07-14 05:35:00.0;OFF;ON;50;-5;-0,20;-1,70;4,40;92,40;102,50;3,30;3,50;100;-1,80;-2,60;
2026-07-14 05:36:00.0;OFF;ON;50;-5,40;0;-1,70;4,30;92,40;102,50;3,70;3,50;100;-1,80;-2,60;
2026-07-14 05:37:00.0;OFF;ON;50;-5,50;0,10;-1,70;4,30;92,40;102,50;3,80;3,50;100;-1,80;-2,60;
2026-07-14 05:38:00.0;OFF;ON;50;-5,70;0,40;-1,70;4,30;92,40;102,50;4;3,50;100;-1,80;-2,50;
2026-07-14 05:39:00.0;OFF;ON;50;-5,20;0,50;-1,70;4,30;92,40;102,50;3,50;3,50;100;-1,80;-2,50;
2026-07-14 05:40:00.0;OFF;ON;50;-4,90;0,80;-1,70;4,20;92,50;102,50;3,20;3,50;100;-1,80;-2,50;
2026-07-14 05:41:00.0;OFF;ON;50;-29,20;0,80;-1,70;4,20;92,60;102,50;27,50;3,50;100;-1,80;-2,50;
2026-07-14 05:42:00.0;OFF;ON;50;-40;0,80;-1,70;4,20;92,50;102,50;38,30;3,50;100;-1,80;-2,50;
2026-07-14 05:43:00.0;OFF;ON;50;-40;0,80;-1,70;4,20;92,50;102,50;38,30;3,50;100;-1,80;-2,50;
2026-07-14 05:44:00.0;OFF;ON;50;-40;0,80;-1,70;4,20;92,50;102,50;38,30;3,50;100;-1,80;-2,50;
2026-07-14 05:45:00.0;OFF;ON;50;-40;0,80;-1,70;4,10;92,70;102,50;38,30;3,50;100;-1,80;-2,50;
2026-07-14 05:46:00.0;OFF;ON;50;-40;0,80;-1,70;4,10;92,70;102,50;38,30;3,50;100;-1,80;-2,50;
2026-07-14 05:47:00.0;OFF;ON;50;-6,50;0,80;-1,70;4,10;92,70;102,50;4,80;3,50;100;-1,80;-2,50;
2026-07-14 05:48:00.0;OFF;ON;50;-21,90;0,80;-1,70;4,10;92,80;102,50;20,20;3,50;100;-1,80;-2,50;
2026-07-14 05:49:00.0;OFF;ON;50;-40;0,80;-1,70;4,10;92,80;102,50;38,30;3,50;100;-1,80;-2,50;
2026-07-14 05:50:00.0;OFF;ON;50;-40;0,80;-1,70;4,10;92,80;102,50;38,30;3,50;100;-1,80;-2,50;
2026-07-14 05:51:00.0;OFF;ON;50;-40;0,80;-1,70;4;92,80;102,50;38,30;3,50;100;-1,80;-2,50;
2026-07-14 05:52:00.0;OFF;ON;50;-40;0,80;-1,70;4;92,80;102,50;38,30;3,50;100;-1,80;-2,50;
2026-07-14 05:53:00.0;OFF;ON;50;-36,60;0,90;-1,60;4;92,80;102,50;34,90;3,50;100;-1,80;-2,50;
2026-07-14 05:54:00.0;OFF;ON;50;-7;0,90;-1,60;4;93,20;8;5,40;3,50;100;-1,80;-2,50;
2026-07-14 05:55:00.0;OFF;ON;50;-40;1;-1,50;4;93,40;0;38,50;3,50;100;-1,70;-2,40;
2026-07-14 05:56:00.0;OFF;ON;50;-40;1;-1,50;4;93,40;0;38,50;3,50;100;-1,70;-2,40;
2026-07-14 05:57:00.0;OFF;ON;50;-40;1;-1,50;3,90;93,40;0;38,50;3,50;100;-1,70;-2,40;
2026-07-14 05:58:00.0;OFF;ON;50;-40;1;-1,50;3,90;93,40;0;38,50;3,50;100;-1,70;-2,40;
2026-07-14 05:59:00.0;OFF;ON;50;-40;1;-1,50;3,90;93,40;0;38,50;3,50;100;-1,70;-2,40;
2026-07-14 06:00:00.0;OFF;ON;50;-40;0,90;-1,60;3,90;93,20;0;38,40;3,50;100;-1,70;-2,40;
2026-07-14 06:01:00.0;OFF;ON;50;-40;0,90;-1,60;3,90;93,10;0;38,40;3,50;100;-1,70;-2,40;
2026-07-14 06:02:00.0;OFF;ON;50;-40;0,90;-1,60;3,80;92,90;0;38,40;3,50;100;-1,70;-2,40;
2026-07-14 06:03:00.0;OFF;ON;50;-40;0,90;-1,60;3,80;92,90;0;38,40;3,50;100;-1,70;-2,40;
2026-07-14 06:04:00.0;OFF;ON;50;-40;0,90;-1,60;3,80;92,90;0;38,40;3,50;100;-1,70;-2,40;
2026-07-14 06:05:00.0;OFF;ON;50;-40;0,90;-1,60;3,80;93,20;0;38,40;3,50;100;-1,70;-2,40;
2026-07-14 06:06:00.0;OFF;ON;50;-40;0,90;-1,60;3,80;93,30;0;38,40;3,50;100;-1,70;-2,40;
2026-07-14 06:07:00.0;OFF;ON;50;-40;1;-1,50;3,80;93,40;0;38,50;3,50;100;-1,70;-2,40;
2026-07-14 06:08:00.0;OFF;ON;50;-23,70;1;-1,50;3,70;93,40;0;22,20;3,50;100;-1,70;-2,40;
2026-07-14 06:09:00.0;OFF;ON;50;-40;1;-1,50;3,70;93,40;0;38,50;3,50;100;-1,70;-2,40;
2026-07-14 06:10:00.0;OFF;ON;50;-40;1;-1,50;3,70;93,40;0;38,50;3,50;100;-1,70;-2,40;
2026-07-14 06:11:00.0;OFF;ON;50;-40;1;-1,50;3,70;93,50;0;38,50;3,50;100;-1,70;-2,40;
2026-07-14 06:12:00.0;OFF;ON;50;-13,50;1;-1,50;3,70;93,40;0;12;3,50;100;-1,70;-2,30;
2026-07-14 06:13:00.0;OFF;ON;50;-40;1;-1,50;3,60;93,40;0;38,50;3,50;100;-1,70;-2,30;
2026-07-14 06:14:00.0;OFF;ON;50;-40;1;-1,50;3,60;93,50;0;38,50;3,50;100;-1,70;-2,30;
2026-07-14 06:15:00.0;OFF;ON;50;-40;1;-1,50;3,60;93,40;0;38,50;3,50;100;-1,70;-2,30;
2026-07-14 06:16:00.0;OFF;ON;50;-40;1;-1,50;3,60;93,40;0;38,50;3,50;100;-1,70;-2,30;
2026-07-14 06:17:00.0;OFF;ON;50;-40;0,90;-1,60;3,60;93,20;0;38,40;3,50;100;-1,70;-2,30;
2026-07-14 06:18:00.0;OFF;ON;50;-40;0,90;-1,60;3,50;92,90;0;38,40;3,50;100;-1,70;-2,40;
2026-07-14 06:19:00.0;OFF;ON;50;-40;0,90;-1,60;3,50;92,80;0;38,40;3,50;100;-1,70;-2,40;
2026-07-14 06:20:00.0;OFF;ON;50;-40;0,90;-1,60;3,50;92,70;0;38,40;3,50;100;-1,80;-2,40;
2026-07-14 06:21:00.0;OFF;ON;50;-40;0,90;-1,60;3,50;93;0;38,40;3,50;100;-1,70;-2,40;
2026-07-14 06:22:00.0;OFF;ON;50;-40;0,90;-1,60;3,50;93,10;0;38,40;3,50;100;-1,70;-2,40;
2026-07-14 06:23:00.0;OFF;ON;50;-40;0,90;-1,60;3,50;93,20;0;38,40;3,50;100;-1,70;-2,40;
2026-07-14 06:24:00.0;OFF;ON;50;-23,20;0,90;-1,60;3,50;93,30;0;21,60;3,50;100;-1,70;-2,40;
2026-07-14 06:25:00.0;OFF;ON;50;-40;0,90;-1,60;3,40;93,40;0;38,40;3,50;100;-1,80;-2,40;
2026-07-14 06:26:00.0;OFF;ON;50;-40;0,90;-1,60;3,40;93,40;0;38,40;3,50;100;-1,80;-2,40;
2026-07-14 06:27:00.0;OFF;ON;50;-5,80;1;-1,50;3,40;93,50;0;4,40;3,50;100;-1,60;-2,40;
2026-07-14 06:28:00.0;OFF;ON;50;-6,60;1;-1,50;3,40;93,50;0;5,20;3,50;100;-1,50;-2,30;
2026-07-14 06:29:00.0;OFF;ON;50;-6,70;1;-1,50;3,40;93,40;0;5,10;3,50;100;-1,60;-2,20;
2026-07-14 06:30:00.0;OFF;ON;50;-40;0,90;-1,60;3,30;93,40;0;38,40;3,50;100;-1,60;-2,30;
2026-07-14 06:31:00.0;OFF;ON;50;-4,80;0,90;-1,60;3,30;93,30;0;3,20;3,50;100;-1,70;-2,30;
2026-07-14 06:32:00.0;OFF;ON;50;-6,10;0,90;-1,60;3,30;93,40;0;4,50;3,50;100;-1,70;-2,40;
2026-07-14 06:33:00.0;OFF;ON;50;-7,30;0,90;-1,60;3,30;93,30;0;5,70;3,50;100;-1,80;-2,40;
2026-07-14 06:34:00.0;OFF;ON;50;-6,80;0,80;-1,70;3,30;92,90;0;5,10;3,50;100;-1,80;-2,40;
2026-07-14 06:35:00.0;OFF;ON;50;-7,20;0,80;-1,70;3,30;92,90;0;5,50;3,50;100;-1,80;-2,40;
2026-07-14 06:36:00.0;OFF;ON;50;-37,90;0,80;-1,70;3,20;93;0;36,20;3,50;100;-1,80;-2,50;
2026-07-14 06:37:00.0;OFF;ON;50;-40;0,80;-1,70;3,20;92,80;0;38,30;3,50;100;-1,90;-2,50;
2026-07-14 06:38:00.0;OFF;ON;50;-20,70;0,70;-1,80;3,20;92,50;0;18,90;3,50;100;-1,90;-2,50;
2026-07-14 06:39:00.0;OFF;ON;50;-40;0,70;-1,80;3,20;92,40;0;38,20;3,50;100;-1,90;-2,50;
2026-07-14 06:40:00.0;OFF;ON;50;-40;0,70;-1,80;3,10;92,40;0;38,20;3,50;100;-1,90;-2,60;
2026-07-14 06:41:00.0;OFF;ON;50;-40;0,70;-1,80;3,10;92,40;0;38,20;3,50;100;-1,90;-2,60;
2026-07-14 06:42:00.0;OFF;ON;50;-40;0,70;-1,80;3,10;92,30;0;38,20;3,50;100;-1,90;-2,60;
2026-07-14 06:43:00.0;OFF;ON;50;-40;0,70;-1,80;3,10;92,30;0;38,20;3,50;100;-1,90;-2,60;
2026-07-14 06:44:00.0;OFF;ON;50;-40;0,70;-1,80;3,10;92,30;0;38,20;3,50;100;-1,90;-2,60;
2026-07-14 06:45:00.0;OFF;ON;50;-40;0,70;-1,80;3,10;92,70;0;38,20;3,50;100;-1,90;-2,60;
2026-07-14 06:46:00.0;OFF;ON;50;-40;0,70;-1,80;3;93;0;38,20;3,50;100;-1,90;-2,60;
2026-07-14 06:47:00.0;OFF;ON;50;-40;0,70;-1,80;3;93,10;0;38,20;3,50;100;-1,90;-2,60;
2026-07-14 06:48:00.0;OFF;ON;50;-40;0,80;-1,70;3;93,30;0;38,30;3,50;100;-1,90;-2,50;
2026-07-14 06:49:00.0;OFF;ON;50;-40;0,80;-1,70;3;93,30;0;38,30;3,50;100;-1,90;-2,50;
2026-07-14 06:50:00.0;OFF;ON;50;-40;0,80;-1,70;3;93,40;0;38,30;3,50;100;-1,90;-2,50;
2026-07-14 06:51:00.0;OFF;ON;50;-40;0,80;-1,70;3;93,40;0;38,30;3,50;100;-1,90;-2,50;
2026-07-14 06:52:00.0;OFF;ON;50;-40;0,80;-1,70;2,90;93,50;0;38,30;3,50;100;-1,90;-2,50;
2026-07-14 06:53:00.0;OFF;ON;50;-7,20;0,80;-1,70;2,90;93,50;0;5,50;3,50;100;-1,90;-2,50;
2026-07-14 06:54:00.0;OFF;ON;50;-40;0,80;-1,70;2,90;93,50;0;38,30;3,50;100;-1,90;-2,50;
2026-07-14 06:55:00.0;OFF;ON;50;-40;0,80;-1,70;2,90;93,50;0;38,30;3,50;100;-1,90;-2,50;
2026-07-14 06:56:00.0;OFF;ON;50;-23,20;0,80;-1,70;2,90;93,50;0;21,50;3,50;100;-1,90;-2,50;
2026-07-14 06:57:00.0;OFF;ON;50;-6,70;0,80;-1,70;2,90;93,40;0;5;3,50;100;-1,90;-2,50;
2026-07-14 06:58:00.0;OFF;ON;50;-5,50;0,80;-1,70;2,80;93,30;0;3,80;3,50;100;-1,90;-2,50;
2026-07-14 06:59:00.0;OFF;ON;50;-40;0,70;-1,80;2,80;93,10;0;38,20;3,50;100;-1,90;-2,50;
2026-07-14 07:00:00.0;OFF;ON;50;-6,70;0,70;-1,80;2,80;92,90;0;4,90;3,50;100;-1,90;-2,50;
2026-07-14 07:01:00.0;OFF;ON;50;-40;0,70;-1,80;2,80;92,80;0;38,20;3,50;100;-1,90;-2,50;
2026-07-14 07:02:00.0;OFF;ON;50;-40;0,70;-1,80;2,80;92,80;0;38,20;3,50;100;-1,90;-2,50;
2026-07-14 07:03:00.0;OFF;ON;50;-40;0,80;-1,70;2,80;92,80;0;38,30;3,50;100;-1,90;-2,50;
2026-07-14 07:04:00.0;OFF;ON;50;-40;0,80;-1,70;2,70;92,80;0;38,30;3,50;100;-1,90;-2,50;
2026-07-14 07:05:00.0;OFF;ON;50;-38,90;0,80;-1,70;2,70;92,80;0;37,20;3,50;100;-1,90;-2,50;
2026-07-14 07:06:00.0;OFF;ON;50;-40;0,80;-1,70;2,70;92,80;0;38,30;3,50;100;-1,90;-2,50;
2026-07-14 07:07:00.0;OFF;ON;50;-6;0,80;-1,70;2,70;92,80;0;4,30;3,50;100;-1,90;-2,50;
2026-07-14 07:08:00.0;OFF;ON;50;-29,20;0,70;-1,80;2,70;92,80;0;27,50;3,50;100;-1,90;-2,50;
2026-07-14 07:09:00.0;OFF;ON;50;-17,10;0,70;-1,80;2,60;92,80;0;15,30;3,50;100;-2;-2,50;
2026-07-14 07:10:00.0;OFF;ON;50;-31,40;0,70;-1,80;2,60;92,80;0;29,60;3,50;100;-2;-2,50;
2026-07-14 07:11:00.0;OFF;ON;50;-12;0,70;-1,80;2,60;92,90;0;10,20;3,50;100;-2;-2,50;
2026-07-14 07:12:00.0;OFF;ON;50;-5,30;0,70;-1,80;2,60;92,80;0;3,50;3,50;100;-2;-2,50;
2026-07-14 07:13:00.0;OFF;ON;50;-12;0,70;-1,80;2,60;92,80;0;10,20;3,50;100;-2,10;-2,60;
2026-07-14 07:14:00.0;OFF;ON;50;-39,10;0,60;-1,90;2,60;92,70;0;37,20;3,50;100;-2,10;-2,60;
2026-07-14 07:15:00.0;OFF;ON;50;-6;0,60;-1,90;2,50;92,30;0;4;3,50;100;-2,10;-2,60;
2026-07-14 07:16:00.0;OFF;ON;50;-6,30;0,50;-2;2,50;92;0;4,30;3,50;100;-2,10;-2,60;
2026-07-14 07:17:00.0;OFF;ON;50;-30,50;0,50;-2;2,50;91,80;0;28,50;3,50;100;-2,10;-2,60;
2026-07-14 07:18:00.0;OFF;ON;50;-5,90;0,50;-2;2,50;91,50;0;3,90;3,50;100;-2,10;-2,70;
2026-07-14 07:19:00.0;OFF;ON;50;-5,70;0,40;-2,10;2,50;91,40;0;3,70;3,50;100;-2,20;-2,70;
2026-07-14 07:20:00.0;OFF;ON;50;-6,60;0,40;-2,10;2,50;91,40;0;4,50;3,50;100;-2,20;-2,70;
2026-07-14 07:21:00.0;OFF;ON;50;-6,70;0,40;-2,10;2,40;91,20;0;4,50;3,50;100;-2,20;-2,70;
2026-07-14 07:22:00.0;OFF;ON;50;-6,70;0,40;-2,10;2,40;91,20;0;4,60;3,50;100;-2,20;-2,70;
2026-07-14 07:23:00.0;OFF;ON;50;-6,20;0,40;-2,10;2,40;91,20;0;4;3,50;100;-2,20;-2,80;
2026-07-14 07:24:00.0;OFF;ON;50;-6,20;0,30;-2,20;2,40;91,20;0;4,10;3,50;100;-2,20;-2,80;
2026-07-14 07:25:00.0;OFF;ON;50;-5,70;0,30;-2,20;2,40;91,20;0;3,60;3,50;100;-2,30;-2,80;
2026-07-14 07:26:00.0;OFF;ON;50;-5,80;0,30;-2,20;2,40;91,20;0;3,60;3,50;100;-2,30;-2,80;
2026-07-14 07:27:00.0;OFF;ON;50;-6,90;0,40;-2,10;2,30;91,60;0;4,80;3,50;100;-2,20;-2,80;
2026-07-14 07:28:00.0;OFF;ON;50;-40;0,40;-2,10;2,30;91,80;0;37,90;3,50;100;-2,20;-2,80;
2026-07-14 07:29:00.0;OFF;ON;50;-40;0,40;-2,10;2,30;91,80;0;37,90;3,50;100;-2,30;-2,80;
2026-07-14 07:30:00.0;OFF;ON;50;-6,60;0,40;-2,10;2,30;91,60;0;4,40;3,50;100;-2,20;-2,70;
2026-07-14 07:31:00.0;OFF;ON;50;-6,80;0,40;-2,10;2,30;91,50;0;4,60;3,50;100;-2,20;-2,70;
2026-07-14 07:32:00.0;OFF;ON;50;-6,60;0,40;-2,10;2,30;91,60;0;4,50;3,50;100;-2,20;-2,70;
2026-07-14 07:33:00.0;OFF;ON;50;-40;0,30;-2,20;2,20;91,50;0;37,80;3,50;100;-2,20;-2,70;
2026-07-14 07:34:00.0;OFF;ON;50;-6,20;0,30;-2,20;2,20;91,50;0;4;3,50;100;-2,20;-2,70;
2026-07-14 07:35:00.0;OFF;ON;50;-6,70;0,30;-2,20;2,20;91,50;0;4,50;3,50;100;-2,30;-2,80;
2026-07-14 07:36:00.0;OFF;ON;50;-35;0,30;-2,20;2,20;91,50;0;32,80;3,50;100;-2,20;-2,80;
2026-07-14 07:37:00.0;OFF;ON;50;-33,20;0,30;-2,20;2,20;91,50;0;31;3,50;100;-2,20;-2,80;
2026-07-14 07:38:00.0;OFF;ON;50;-28,50;0,30;-2,20;2,20;91,50;0;26,30;3,50;100;-2,20;-2,80;
2026-07-14 07:39:00.0;OFF;ON;50;-32,90;0,30;-2,20;2,10;91,60;0;30,70;3,50;100;-2,30;-2,80;
2026-07-14 07:40:00.0;OFF;ON;50;-6,30;0,30;-2,20;2,10;91,50;0;4,10;3,50;100;-2,20;-2,80;
2026-07-14 07:41:00.0;OFF;ON;50;-6,40;0,30;-2,20;2,10;91,70;0;4,20;3,50;100;-2,30;-2,80;
2026-07-14 07:42:00.0;OFF;ON;50;-6,80;0,30;-2,20;2,10;91,70;0;4,60;3,50;100;-2,20;-2,80;
2026-07-14 07:43:00.0;OFF;ON;50;-6,30;0,30;-2,20;2,10;91,70;0;4,10;3,50;100;-2,30;-2,80;
2026-07-14 07:44:00.0;OFF;ON;50;-40;0,40;-2,10;-2,40;92,30;0;37,90;3,50;100;-2,30;-2,80;
2026-07-14 07:45:00.0;OFF;ON;50;-6,60;0,40;-2,10;-3,40;92,70;0;4,50;3,50;100;-2,20;-2,70;
2026-07-14 07:46:00.0;OFF;ON;50;-6,40;0,50;-2;-4;93;0;4,30;3,50;100;-2,20;-2,70;
2026-07-14 07:47:00.0;OFF;ON;50;-6,40;0,50;-2;-4,40;93,30;0;4,40;3,50;100;-2,20;-2,70;
2026-07-14 07:48:00.0;OFF;ON;50;-5,70;0,50;-2;-4,80;93,30;0;3,70;3,50;100;-2,20;-2,60;
2026-07-14 07:49:00.0;OFF;ON;50;-6;0,50;-2;-5;93,40;0;4;3,50;100;-2,10;-2,60;
2026-07-14 07:50:00.0;OFF;ON;50;-6,90;0,60;-1,90;-5,20;93,50;0,10;5;3,50;100;-2,20;-2,60;
2026-07-14 07:51:00.0;OFF;ON;50;-40;0,60;-1,90;-5,20;93,70;0;38,10;3,50;100;-2,20;-2,60;
2026-07-14 07:52:00.0;OFF;ON;50;-6,50;0,60;-1,90;-5,30;93,70;0;4,60;3,50;100;-2,10;-2,50;
2026-07-14 07:53:00.0;OFF;ON;50;-6;0,60;-1,90;-5,20;93,80;0;4,20;3,50;100;-2,10;-2,50;
2026-07-14 07:54:00.0;OFF;ON;50;-5,90;0,60;-1,90;-5,30;93,70;0;4;3,50;100;-2,10;-2,50;
2026-07-14 07:55:00.0;OFF;ON;50;-5,80;0,60;-1,90;-5,30;93,70;0;3,90;3,50;100;-2,10;-2,50;
2026-07-14 07:56:00.0;OFF;ON;50;-6,50;0,60;-1,90;-5,30;93,60;0;4,60;3,50;100;-2,10;-2,60;
2026-07-14 07:57:00.0;OFF;ON;50;-40;0,60;-1,90;-5,30;93,50;0;38,10;3,50;100;-2,10;-2,60;
2026-07-14 07:58:00.0;OFF;ON;50;-40;0,60;-1,90;-5,30;93,40;0;38,10;3,50;100;-2,10;-2,30;
2026-07-14 07:59:00.0;OFF;ON;50;-5,60;0,70;-1,80;-5,30;93,70;0;3,70;3,50;100;-2;-2;
2026-07-14 08:00:00.0;OFF;ON;50;-23,10;0,80;-1,70;-5,20;94;0;21,40;3,50;100;-1,90;-1,80;
2026-07-14 08:01:00.0;OFF;ON;50;-5,80;-3,40;-1,40;-3,90;94,50;0;4,40;3,50;100;-1,50;-1,60;
2026-07-14 08:02:00.0;OFF;ON;50;-7,20;-3,10;-1,10;0,50;96;0;6,10;3,50;100;-1,50;-1,30;
2026-07-14 08:03:00.0;OFF;ON;50;-40;-3,10;-1,10;-1,90;96,70;0;38,90;3,50;100;-1,30;-1,10;
2026-07-14 08:04:00.0;ON;OFF;50;-40;-3;-1;-3,20;97,40;0;39;2;100;-1,20;-0,90;
2026-07-14 08:05:00.0;ON;OFF;50;-4,50;-2,90;-0,90;-3,50;97,70;0;3,60;2;100;-1,10;-0,80;
2026-07-14 08:06:00.0;ON;OFF;50;-40;-2,70;-0,70;-3,50;98,10;0;39,30;2;100;-0,90;-0,60;
2026-07-14 08:07:00.0;ON;OFF;50;-5,80;-2,60;-0,60;-3,50;98,10;0;5,20;2;100;-0,80;-0,40;
2026-07-14 08:08:00.0;ON;OFF;50;-6,70;-2,50;-0,50;-3,40;98,10;0;6,20;2;100;-0,70;-0,30;
2026-07-14 08:09:00.0;ON;OFF;50;-21,30;-2,40;-0,40;-3,30;98,10;0;20,90;2;100;-0,60;-0,20;
2026-07-14 08:10:00.0;ON;OFF;50;-40;-2,30;-0,30;-3,20;98,10;0;39,70;2;100;-0,50;-0,10;
2026-07-14 08:11:00.0;ON;OFF;50;-4,70;-2,30;-0,30;-3,10;98,10;0;4,50;2;100;-0,40;0,10;
2026-07-14 08:12:00.0;ON;OFF;50;-4,90;-2,20;-0,20;-3,10;98,10;0;4,70;2;100;-0,40;0,20;
2026-07-14 08:13:00.0;ON;OFF;50;-5;-2;0;0,20;98,10;0;5,10;2;100;-0,30;0,20;
2026-07-14 08:14:00.0;ON;OFF;50;-4,20;-1,90;0,10;-1,10;98,10;0;4,30;2;100;-0,30;0,20;
2026-07-14 08:15:00.0;ON;OFF;50;-4,20;-1,70;0,30;-1,80;98,10;0;4,50;2;100;0,60;0,30;
2026-07-14 08:16:00.0;ON;OFF;50;-4,70;-1,70;0,30;-1,90;98,10;0;5;2;100;0,60;0,30;
2026-07-14 08:17:00.0;ON;OFF;50;-4,30;-1,60;0,40;-1,90;98,10;0;4,70;2;100;0,20;0,30;
2026-07-14 08:18:00.0;ON;OFF;50;-4,50;-1,60;0,40;-1,80;98,10;0;4,90;2;100;-0,10;0,30;
2026-07-14 08:19:00.0;ON;OFF;50;-3,30;-1,60;0,40;-1,60;98,10;0;3,70;2;100;-0,10;0,30;
2026-07-14 08:20:00.0;ON;OFF;50;-3,80;-1,70;0,30;-1,20;98,10;0;3,40;2;100;-0,10;0,30;
2026-07-14 08:21:00.0;ON;OFF;50;-6;-1,70;0,30;-0,30;98,10;0;6,30;2;100;-0,10;0,30;
2026-07-14 08:22:00.0;ON;OFF;50;-4,30;-1,90;0,10;-1,20;98,10;0;4,40;2;100;-0,10;0,30;
2026-07-14 08:23:00.0;ON;OFF;50;-3,10;-1,90;0,10;-1,70;98,10;0;3,20;2;100;-0,20;0,30;
2026-07-14 08:24:00.0;ON;OFF;50;-4,60;-1,90;0,10;-1,90;98,10;0;4,60;2;100;-0,20;0,30;
2026-07-14 08:25:00.0;ON;OFF;50;-40;-2;0;-1,90;98,10;0;40;2;100;-0,20;0,30;
2026-07-14 08:26:00.0;ON;OFF;50;-40;-2;0;-2,10;98,10;0;40;2;100;-0,20;0,30;
2026-07-14 08:27:00.0;ON;OFF;50;-40;-2;0;-2,10;98,10;0;40;2;100;-0,20;0,30;
2026-07-14 08:28:00.0;ON;OFF;50;-5,90;-2;0;-2,10;98,10;0;5,90;2;100;-0,20;0,30;
2026-07-14 08:29:00.0;ON;OFF;50;-4,40;-2;0;-2,20;98,10;0;4,40;2;100;-0,10;0,30;
2026-07-14 08:30:00.0;ON;OFF;50;-34,70;-2;0;-2,10;98,10;0;34,70;2;100;-0,20;0,30;
2026-07-14 08:31:00.0;ON;OFF;50;-4,80;-2;0;-2,20;98,10;0;4,80;2;100;-0,10;0,30;
2026-07-14 08:32:00.0;ON;OFF;50;-4,50;-2;0;-2,20;98,10;0;4,50;2;100;-0,10;0,30;
2026-07-14 08:33:00.0;ON;OFF;50;-3,80;-2;0;-2,20;98,10;0;3,90;2;100;-0,10;0,30;
2026-07-14 08:34:00.0;ON;OFF;50;-3,90;-2;0;-2,20;98,10;0;3,90;2;100;-0,20;0,30;
2026-07-14 08:35:00.0;ON;OFF;50;-3,40;-1,90;0,10;-2,20;98,10;0;3,40;2;100;-0,10;0,30;
2026-07-14 08:36:00.0;ON;OFF;50;-3,20;-1,90;0,10;-2,20;98,10;0;3,30;2;100;-0,10;0,30;
2026-07-14 08:37:00.0;ON;OFF;50;-5,20;-1,90;0,10;-2,20;98,10;0;5,20;2;100;-0,10;0,30;
2026-07-14 08:38:00.0;ON;OFF;50;-4,80;-1,90;0,10;-2,20;98,10;0;4,90;2;100;-0,10;0,30;
2026-07-14 08:39:00.0;ON;OFF;50;-27,80;-1,90;0,10;-2,20;98,10;0;27,80;2;100;-0,10;0,30;
2026-07-14 08:40:00.0;ON;OFF;50;-26,90;-1,80;0,20;-2,20;98,10;0;27,10;2;100;0,20;0,30;
2026-07-14 08:41:00.0;ON;OFF;50;-4,90;-1,80;0,20;-2,20;98,10;0;5,10;2;100;0,20;0,30;
2026-07-14 08:42:00.0;ON;OFF;50;-40;-1,80;0,20;-2,20;98,10;0;40,20;2;100;0,20;0,30;
2026-07-14 08:43:00.0;ON;OFF;50;-40;-1,80;0,20;-2,20;98,10;0;40,20;2;100;0,30;0,30;
2026-07-14 08:44:00.0;ON;OFF;50;-40;-1,80;0,20;-2,20;98,10;0;40,20;2;100;0,30;0,30;
2026-07-14 08:45:00.0;ON;OFF;50;-5,10;-1,70;0,30;-2,20;98,10;0;5,30;2;100;0,40;0,30;
2026-07-14 08:46:00.0;ON;OFF;50;-5,70;-1,70;0,30;-2,20;98,10;0;6;2;100;0,40;0,30;
2026-07-14 08:47:00.0;ON;OFF;50;-40;-1,70;0,30;-2,10;98,10;0;40,30;2;100;0,40;0,30;
2026-07-14 08:48:00.0;ON;OFF;50;-34,30;-1,70;0,30;-2,20;98,20;0;34,60;2;100;0,50;0,30;
2026-07-14 08:49:00.0;ON;OFF;50;-33,80;-1,60;0,40;-2,10;98,20;0;34,10;2;100;0,60;0,30;
2026-07-14 08:50:00.0;ON;OFF;50;-31,80;-1,60;0,40;-2,10;98,20;0;32,20;2;100;0,60;0,30;
2026-07-14 08:51:00.0;ON;OFF;50;-2,80;-1,60;0,40;-2;98,20;0;3,20;2;100;0,70;0,40;
2026-07-14 08:52:00.0;ON;OFF;50;-5,30;-1,50;0,50;-2;98,20;0;5,70;2;100;0,70;0,40;
2026-07-14 08:53:00.0;ON;OFF;50;-25,20;-1,50;0,50;-2;98,20;0;25,70;2;100;0,70;0,40;
2026-07-14 08:54:00.0;ON;OFF;50;-2,40;-1,50;0,50;-2;98,20;0;2,90;2;100;0,80;0,40;
2026-07-14 08:55:00.0;ON;OFF;50;-4,30;-1,50;0,50;-1,90;98,20;0;4,90;2;100;0,80;0,40;
2026-07-14 08:56:00.0;ON;OFF;50;-3,50;-1,50;0,50;-1,90;98,20;0;4;2;100;0,80;0,50;
2026-07-14 08:57:00.0;ON;OFF;50;-2,60;-1,40;0,60;-1,90;98,20;0;3,10;2;100;0,80;0,50;
2026-07-14 08:58:00.0;ON;OFF;50;-25,40;-1,40;0,60;-1,90;98,20;0;25,90;2;100;0,80;0,50;
2026-07-14 08:59:00.0;ON;OFF;50;-5,80;-1,40;0,60;-1,90;98,20;0;6,30;2;100;0,80;0,50;
2026-07-14 09:00:00.0;ON;OFF;50;-12,50;-1,50;0,50;-1,90;98,20;0;13;2;100;0,70;0,40;
2026-07-14 09:01:00.0;ON;OFF;50;-6,80;-1,50;0,50;-2;98,20;0;7,30;2;100;0,70;0,40;
2026-07-14 09:02:00.0;ON;OFF;50;-40;-1,60;0,40;-2;98,20;0;40,40;2;100;0,60;0,30;
2026-07-14 09:03:00.0;ON;OFF;50;-40;-1,60;0,40;-2;98,20;0;40,40;2;100;0,60;0,30;
2026-07-14 09:04:00.0;ON;OFF;50;-40;-1,60;0,40;-2;98,20;0;40,40;2;100;0,50;0,30;
2026-07-14 09:05:00.0;ON;OFF;50;-40;-1,70;0,30;-2;98,20;0;40,30;2;100;0,50;0,20;
2026-07-14 09:06:00.0;ON;OFF;50;-6,90;-1,70;0,30;-2;98,20;0;7,20;2;100;0,50;0,20;
2026-07-14 09:07:00.0;ON;OFF;50;-4,90;-1,70;0,30;-2,10;98,20;0;5,20;2;100;0,50;0,10;
2026-07-14 09:08:00.0;ON;OFF;50;-4,70;-1,70;0,30;-2,10;98,20;0;5;2;100;0,40;0,10;
2026-07-14 09:09:00.0;ON;OFF;50;-4,70;-1,80;0,20;-2,10;98,20;0;4,90;2;100;0,30;0;
2026-07-14 09:10:00.0;ON;OFF;50;-5,10;-1,80;0,20;-2,10;98,20;0;5,30;2;100;0,50;-0,10;
2026-07-14 09:11:00.0;ON;OFF;50;-5;-1,80;0,20;-2,20;98,20;0;5,20;2;100;0,50;-0,20;
2026-07-14 09:12:00.0;ON;OFF;50;-4,90;-1,90;0,10;-2,20;98,20;0;5,10;2;100;0,40;-0,30;
2026-07-14 09:13:00.0;ON;OFF;50;-5,40;-1,90;0,10;-2,20;98,20;0;5,50;2;100;0,30;-0,30;
2026-07-14 09:14:00.0;ON;OFF;50;-5,20;-1,90;0,10;-2,20;98,20;0;5,20;2;100;0,20;-0,40;
2026-07-14 09:15:00.0;ON;OFF;50;-6,30;-2;0;-2,40;98,20;0;6,30;2;100;0,30;-0,60;
2026-07-14 09:16:00.0;ON;OFF;50;-5,50;-2;0;-2,40;98,20;0;5,40;2;100;0,10;-0,70;
2026-07-14 09:17:00.0;ON;OFF;50;-5;-2,10;-0,10;-2,40;98,20;0;4,90;2;100;-0,10;-0,80;
2026-07-14 09:18:00.0;ON;OFF;50;-4,80;-2,20;-0,20;-2,50;98,20;0;4,60;2;100;-0,10;-0,80;
2026-07-14 09:19:00.0;ON;OFF;50;-5;-2,20;-0,20;-2,50;98,20;0;4,80;2;100;-0,10;-0,90;
2026-07-14 09:20:00.0;ON;OFF;50;-4,20;-2,20;-0,20;-2,60;98,20;0;4;2;100;-0,10;-1;
2026-07-14 09:21:00.0;ON;OFF;50;-4,50;-2,10;-0,10;-2,60;98,20;0;4,40;2;100;0,10;-1;
2026-07-14 09:22:00.0;ON;OFF;50;-4;-2;0;-2,50;98,20;0;3,90;2;100;0,30;-1;
2026-07-14 09:23:00.0;ON;OFF;50;-4,40;-2;0;-2,40;98,20;0;4,40;2;100;0,20;-1;
2026-07-14 09:24:00.0;ON;OFF;50;-3,80;-2;0;-2,30;98,20;0;3,80;2;100;0,30;-1;
2026-07-14 09:25:00.0;ON;OFF;50;-3,90;-2;0;37,80;98,20;108,40;4;2;100;0,30;-1;
2026-07-14 09:26:00.0;ON;OFF;50;-4,10;-2;0;40,80;98,20;108,90;4,20;2;100;0,40;-1;
2026-07-14 09:27:00.0;ON;OFF;50;-5,10;-1,80;0,20;41,70;98,20;108,90;5,30;2;100;0,70;-1;
2026-07-14 09:28:00.0;ON;OFF;50;-6,70;-1,80;0,20;42,10;98,20;108,90;6,80;2;100;0,70;-1;
2026-07-14 09:29:00.0;ON;OFF;50;-4,80;-1,80;0,20;42,40;98,20;108,90;5;2;100;0,70;-1;
2026-07-14 09:30:00.0;ON;OFF;50;-5,60;-1,80;0,20;42,50;98,20;108,80;5,90;2;100;0,70;-1;
2026-07-14 09:31:00.0;ON;OFF;50;-4,50;-1,70;0,30;42,60;98,20;108,80;4,80;2;100;1,10;-1;
2026-07-14 09:32:00.0;ON;OFF;50;-5,10;-1,60;0,40;42,70;98,20;108,80;5,60;2;100;1,30;-0,90;
2026-07-14 09:33:00.0;ON;OFF;50;-5,60;-1,70;0,30;42,80;98,20;108,80;5,90;2;100;0,50;-1;
2026-07-14 09:34:00.0;ON;OFF;50;-5,20;-1,60;0,40;42,80;98,20;108,80;5,60;2;100;0,50;-1,10;
2026-07-14 09:35:00.0;ON;OFF;50;-5,60;-1,50;0,50;42,90;98,20;109,10;6;2;100;0,30;-1,10;
2026-07-14 09:36:00.0;ON;OFF;50;-5,90;-1,50;0,50;43;98,20;109;6,40;2;100;0,40;-1,20;
2026-07-14 09:37:00.0;ON;OFF;50;-5,90;-1,40;0,60;43;98,20;109;6,50;2;100;0,70;-1,10;
2026-07-14 09:38:00.0;ON;OFF;50;-6,60;-1,30;0,70;43;98,20;109;7,30;2;100;0,70;-1;
2026-07-14 09:39:00.0;ON;OFF;50;-6,50;-1,20;0,80;43;98,20;109;7,20;2;100;0,70;-1;
2026-07-14 09:40:00.0;ON;OFF;50;-6,30;-1,20;0,80;43;98,20;108,90;7,10;2;100;0,70;-1;
2026-07-14 09:41:00.0;ON;OFF;50;-6,90;-1,10;0,90;43,10;98,20;108,90;7,90;2;100;0,90;-1;
2026-07-14 09:42:00.0;ON;OFF;50;-40;-1;1;43,10;98,20;108,90;41;2;100;1;-0,90;
2026-07-14 09:43:00.0;ON;OFF;50;-40;-0,90;1,10;43,10;98,20;108,90;41,10;2;100;1,10;-0,90;
2026-07-14 09:44:00.0;ON;OFF;50;-40;-0,80;1,20;43,10;98,20;108,90;41,20;2;100;1,10;-0,90;
2026-07-14 09:45:00.0;ON;OFF;50;-40;-0,70;1,30;43,10;98,20;108,90;41,30;2;100;1,30;-0,80;
2026-07-14 09:46:00.0;ON;OFF;50;-40;-0,70;1,30;43,10;98,20;108,90;41,30;2;100;1,30;-0,80;
2026-07-14 09:47:00.0;ON;OFF;50;-40;-0,60;1,40;43,10;98,20;108,90;41,40;2;100;1,40;-0,80;
2026-07-14 09:48:00.0;ON;OFF;50;-40;-0,60;1,40;43,10;98,20;108,90;41,40;2;100;1,50;-0,70;
2026-07-14 09:49:00.0;ON;OFF;50;-40;-0,50;1,50;43,10;98,20;108,80;41,50;2;100;1,70;-0,70;
2026-07-14 09:50:00.0;ON;OFF;50;-40;-0,50;1,50;43,10;98,20;108,80;41,50;2;100;1,70;-0,70;
2026-07-14 09:51:00.0;ON;OFF;50;-40;-0,50;1,50;43,10;98,20;108,80;41,50;2;100;1,50;-0,70;
2026-07-14 09:52:00.0;ON;OFF;50;-40;-0,50;1,50;43,10;98,20;108,80;41,50;2;100;1,10;-0,80;
2026-07-14 09:53:00.0;ON;OFF;50;-40;-0,60;1,40;43,10;98,20;108,80;41,40;2;100;1;-0,80;
2026-07-14 09:54:00.0;ON;OFF;50;-40;-0,70;1,30;43,20;98,20;108,80;41,30;2;100;1;-0,80;
2026-07-14 09:55:00.0;ON;OFF;50;-40;-0,80;1,20;43,20;98,20;108,80;41,20;2;100;0,80;-0,90;
2026-07-14 09:56:00.0;ON;OFF;50;-6,60;-0,70;1,30;43,20;98,20;108,80;7,90;2;100;0,80;-0,90;
2026-07-14 09:57:00.0;ON;OFF;50;-6,50;-0,80;1,20;43,10;98,20;108,80;7,70;2;100;0,80;-1;
2026-07-14 09:58:00.0;ON;OFF;50;-36,90;-0,90;1,10;43,10;98,20;108,70;37,90;2;100;0,60;-1;
2026-07-14 09:59:00.0;ON;OFF;50;-40;-1;1;43,10;98,20;108,70;41;2;100;0,50;-1,10;
2026-07-14 10:00:00.0;ON;OFF;50;-40;-1,10;0,90;43,10;98,20;108,70;40,90;2;100;0,50;-1,20;
2026-07-14 10:01:00.0;ON;OFF;50;-40;-1,10;0,90;43,10;98,20;108,70;40,90;2;100;0,60;-1,20;
2026-07-14 10:02:00.0;ON;OFF;50;-40;-1,10;0,90;43,10;98,20;108,70;40,90;2;100;0,40;-1,20;
2026-07-14 10:03:00.0;ON;OFF;50;-40;-1,20;0,80;43,10;98,20;108,70;40,80;2;100;0,40;-1,30;
2026-07-14 10:04:00.0;ON;OFF;50;-40;-1,20;0,80;43,10;98,20;108,70;40,80;2;100;0,30;-1,30;
2026-07-14 10:05:00.0;ON;OFF;50;-40;-1,30;0,70;43,10;98,20;108,70;40,70;2;100;0,30;-1,30;
2026-07-14 10:06:00.0;ON;OFF;50;-40;-1,30;0,70;43,10;98,20;108,70;40,70;2;100;0,30;-1,30;
2026-07-14 10:07:00.0;ON;OFF;50;-6,90;-1,40;0,60;43,10;98,20;108,70;7,50;2;100;0,20;-1,40;
2026-07-14 10:08:00.0;ON;OFF;50;-40;-1,40;0,60;43,10;98,20;108,70;40,60;2;100;0,20;-1,40;
2026-07-14 10:09:00.0;ON;OFF;50;-40;-1,40;0,60;43,10;98,20;108,70;40,60;2;100;0,10;-1,40;
2026-07-14 10:10:00.0;ON;OFF;50;-40;-1,50;0,50;43,10;98,20;108,70;40,50;2;100;0;-1,40;
2026-07-14 10:11:00.0;ON;OFF;50;-40;-1,50;0,50;43,10;98,20;108,70;40,50;2;100;0;-1,50;
2026-07-14 10:12:00.0;ON;OFF;50;-40;-1,50;0,50;43,10;98,20;108,70;40,50;2;100;0;-1,50;
2026-07-14 10:13:00.0;ON;OFF;50;-40;-1,60;0,40;43,10;98,20;108,70;40,40;2;100;0;-1,50;
2026-07-14 10:14:00.0;ON;OFF;50;-40;-1,60;0,40;43,10;98,20;108,70;40,40;2;100;-0,10;-1,60;
2026-07-14 10:15:00.0;ON;OFF;50;-40;-1,60;0,40;43;98,20;108,70;40,40;2;100;0;-1,60;
2026-07-14 10:16:00.0;ON;OFF;50;-40;-1,40;0,60;43;98,20;108,70;40,60;2;100;0,50;-1,40;
2026-07-14 10:17:00.0;ON;OFF;50;-6,90;-1,30;0,70;43;98,20;108,60;7,60;2;100;0,60;-1,30;
2026-07-14 10:18:00.0;ON;OFF;50;-6,70;-1,10;0,90;43;98,20;108,60;7,60;2;100;0,70;-1,30;
2026-07-14 10:19:00.0;ON;OFF;50;-40;-1;1;43;98,20;108,60;41;2;100;0,90;-1,20;
2026-07-14 10:20:00.0;ON;OFF;50;-7,70;-1;1;43;98,20;108,60;8,70;2;100;1;-1,20;
2026-07-14 10:21:00.0;ON;OFF;50;-7;-0,90;1,10;43;98,20;108,60;8;2;100;0,90;-1,10;
2026-07-14 10:22:00.0;ON;OFF;50;-6,10;-0,80;1,20;42,90;98,20;108,60;7,30;2;100;0,80;-1,10;
2026-07-14 10:23:00.0;ON;OFF;50;-40;-0,80;1,20;42,90;98,20;108,60;41,20;2;100;0,80;-1,10;
2026-07-14 10:24:00.0;ON;OFF;50;-40;-0,70;1,30;42,90;98,20;108,50;41,30;2;100;0,90;-1,10;
2026-07-14 10:25:00.0;ON;OFF;50;-7,40;-0,60;1,40;42,90;98,20;108,50;8,80;2;100;0,90;-1,10;
2026-07-14 10:26:00.0;ON;OFF;50;-40;-0,50;1,50;42,90;98,20;108,60;41,50;2;100;0,90;-1,10;
2026-07-14 10:27:00.0;ON;OFF;50;-7,30;-0,50;1,50;42,90;98,20;108,60;8,80;2;100;0,90;-1,10;
2026-07-14 10:28:00.0;ON;OFF;50;-40;-0,40;1,60;42,80;98,20;108,60;41,60;2;100;0,90;-1;
2026-07-14 10:29:00.0;ON;OFF;50;-40;-0,40;1,60;42,80;98,20;108,60;41,60;2;100;0,90;-1;
2026-07-14 10:30:00.0;ON;OFF;50;-6,70;-0,30;1,70;42,80;98,20;108,60;8,40;2;100;0,90;-1;
2026-07-14 10:31:00.0;ON;OFF;50;-40;-0,30;1,70;42,80;98,20;108,60;41,70;2;100;1;-1;
2026-07-14 10:32:00.0;ON;OFF;50;-40;-0,20;1,80;42,80;98,20;108,50;41,80;2;100;0,90;-1;
2026-07-14 10:33:00.0;ON;OFF;50;-40;-0,20;1,80;42,70;98,20;108,50;41,80;2;100;0,90;-1;
2026-07-14 10:34:00.0;ON;OFF;50;-33,40;0;2;42,70;98,20;108,50;35,40;2;100;1,10;-0,90;
2026-07-14 10:35:00.0;ON;OFF;50;-28,80;0;2;42,70;98,20;108,50;30,80;2;100;1,10;-0,90;
2026-07-14 10:36:00.0;ON;OFF;50;-40;0,20;2,20;42,70;98,20;108,50;42,20;2;100;1,30;-0,80;
2026-07-14 10:37:00.0;ON;OFF;50;-40;0,20;2,20;42,60;98,20;108,50;42,20;2;100;1,40;-0,80;
2026-07-14 10:38:00.0;ON;OFF;50;-40;0,30;2,30;42,60;98,20;108,50;42,30;2;100;1,30;-0,80;
2026-07-14 10:39:00.0;ON;OFF;50;-40;0,40;2,40;42,60;98,20;108,50;42,40;2;100;1,40;-0,80;
2026-07-14 10:40:00.0;ON;OFF;50;-40;0,50;2,50;42,60;98,20;108,50;42,50;2;100;1,60;-0,70;
2026-07-14 10:41:00.0;ON;OFF;50;-40;0,50;2,50;42,50;98,20;108,50;42,50;2;100;1,50;-0,70;
2026-07-14 10:42:00.0;ON;OFF;50;-40;0,60;2,60;42,50;98,20;108,50;42,60;2;100;1,60;-0,70;
2026-07-14 10:43:00.0;ON;OFF;50;-40;0,70;2,70;42,50;98,20;108,50;42,70;2;100;1,60;-0,70;
2026-07-14 10:44:00.0;ON;OFF;50;-40;0,80;2,80;42,40;98,20;108,50;42,80;2;100;1,70;-0,60;
2026-07-14 10:45:00.0;ON;OFF;50;-40;0,80;2,80;42,40;98,20;108,50;42,80;2;100;1,80;-0,60;
2026-07-14 10:46:00.0;ON;OFF;50;-27,40;0,90;2,90;42,40;98,20;108,50;30,30;2;100;1,90;-0,50;
2026-07-14 10:47:00.0;ON;OFF;50;-39,30;0,90;2,90;42,30;98,20;108,50;42,30;2;100;2,20;-0,50;
2026-07-14 10:48:00.0;ON;OFF;50;-40;1;3;42,30;98,30;108,50;43;2;100;2,10;-0,50;
2026-07-14 10:49:00.0;ON;OFF;50;-8,20;0,90;2,90;42,30;98,30;108,50;11,20;2;100;2;-0,60;
2026-07-14 10:50:00.0;ON;OFF;50;-7,50;0,90;2,90;42,20;98,30;108,50;10,40;2;100;2;-0,70;
2026-07-14 10:51:00.0;ON;OFF;50;-28,80;1;3;42,20;98,30;108,40;9,90;2;100;2,20;-0,60;
2026-07-14 10:52:00.0;ON;OFF;50;-6,90;1;3;42,20;98,30;108,40;10;2;100;2,40;-0,60;
2026-07-14 10:53:00.0;ON;OFF;50;-40;1,10;3,10;42,20;98,30;108,40;43,10;2;100;2,80;-0,60;
2026-07-14 10:54:00.0;ON;OFF;50;-6,70;1,30;3,30;42,10;98,30;108,40;10;2;100;3,30;-0,50;
2026-07-14 10:55:00.0;ON;OFF;50;-7,10;1,40;3,40;42,10;98,30;108,40;10,50;2;100;3,70;-0,40;
2026-07-14 10:56:00.0;ON;OFF;50;-33;1,40;3,40;42;98,30;108,40;36,40;2;100;3,50;-0,40;
2026-07-14 10:57:00.0;ON;OFF;50;-6,50;1,50;3,50;42;98,30;108,40;10;2;100;3,70;-0,30;
2026-07-14 10:58:00.0;ON;OFF;50;-37,30;1,50;3,50;42;98,30;108,40;40,80;2;100;3,30;-0,30;
2026-07-14 10:59:00.0;ON;OFF;50;-39,30;1,40;3,40;41,90;98,30;108,30;42,70;2;100;2,90;-0,30;
2026-07-14 11:00:00.0;ON;OFF;50;-6,60;1,50;3,50;41,90;98,30;108,30;10,10;2;100;2,90;-0,30;
2026-07-14 11:01:00.0;ON;OFF;50;-12;1,50;3,50;41,90;98,30;108,30;15,50;2;100;2,90;-0,30;
2026-07-14 11:02:00.0;ON;OFF;50;-6,80;1,60;3,60;41,80;98,30;108,30;10,30;2;100;3;-0,20;
2026-07-14 11:03:00.0;ON;OFF;50;-6,30;1,70;3,70;41,80;98,30;108,30;10;2;100;3,30;-0,20;
2026-07-14 11:04:00.0;ON;OFF;50;-12;1,70;3,70;41,70;98,30;108,30;15,70;2;100;3,10;-0,20;
2026-07-14 11:05:00.0;ON;OFF;50;-6,60;1,70;3,70;41,70;98,30;108,30;10,30;2;100;3,10;-0,20;
2026-07-14 11:06:00.0;ON;OFF;50;-6,30;1,80;3,80;41,60;98,30;108,30;10,10;2;100;3,40;-0,20;
2026-07-14 11:07:00.0;ON;OFF;50;-6;1,90;3,90;41,60;98,30;108,30;9,90;2;100;3,70;-0,10;
2026-07-14 11:08:00.0;ON;OFF;50;-26,70;2;4;41,60;98,30;108,30;30,70;2;100;3,70;-0,10;
2026-07-14 11:09:00.0;ON;OFF;50;-30,40;2,10;4,10;41,50;98,30;108,30;34,50;2;100;3,70;-0,10;
2026-07-14 11:10:00.0;ON;OFF;50;-7;2,10;4,10;41,40;98,30;108,30;11,20;2;100;3,70;-0,10;
2026-07-14 11:11:00.0;ON;OFF;50;-6,50;2,20;4,20;41,40;98,30;108,30;10,70;2;100;3,60;-0,10;
2026-07-14 11:12:00.0;ON;OFF;50;-6,50;2,30;4,30;41,40;98,30;108,30;10,80;2;100;4;0;
2026-07-14 11:13:00.0;ON;OFF;50;-6,90;2,40;4,40;41,30;98,30;108,20;11,20;2;100;4,20;0,10;
2026-07-14 11:14:00.0;ON;OFF;50;-12;2,40;4,40;41,20;98,30;108,20;16,50;2;100;4,30;0,10;
2026-07-14 11:15:00.0;ON;OFF;50;-12;2,50;4,50;41,20;98,30;108,20;16,50;2;100;4,50;0,10;
2026-07-14 11:16:00.0;ON;OFF;50;-6,40;2,40;4,40;41,10;98,30;108,20;10,90;2;100;3,90;0,10;
2026-07-14 11:17:00.0;ON;OFF;50;-6,10;2,50;4,50;41,10;98,30;108,20;10,60;2;100;4,30;0,20;
2026-07-14 11:18:00.0;ON;OFF;50;-6,60;2,70;4,70;41;98,30;108,20;11,30;2;100;4,80;0,20;
2026-07-14 11:19:00.0;ON;OFF;50;-6,30;2,70;4,70;41;98,30;108,20;11;2;100;4,60;0,20;
2026-07-14 11:20:00.0;ON;OFF;50;-6,30;2,80;4,80;40,90;98,30;108,20;11,20;2;100;5;0,20;
2026-07-14 11:21:00.0;ON;OFF;50;-6,10;3;5;40,90;98,30;108,20;11,10;2;100;5,50;0,20;
2026-07-14 11:22:00.0;ON;OFF;50;-6,60;3;5;40,80;98,30;108,20;11,60;2;100;5,30;0,20;
2026-07-14 11:23:00.0;ON;OFF;50;-6,60;3;5;40,80;98,30;108,20;11,60;2;100;5,20;0,20;
2026-07-14 11:24:00.0;ON;OFF;50;-6,30;2,80;4,80;40,70;98,30;108,20;11,10;2;100;4,10;0,20;
2026-07-14 11:25:00.0;ON;OFF;50;-6,20;2,90;4,90;40,60;98,30;108,20;11,10;2;100;4,10;0,20;
2026-07-14 11:26:00.0;ON;OFF;50;-6,50;2,90;4,90;40,60;98,30;108,20;11,40;2;100;4,10;0,20;
2026-07-14 11:27:00.0;ON;OFF;50;-31,10;0,20;4,70;40,50;98,30;108,20;35,80;2;100;4,10;0,40;
2026-07-14 11:28:00.0;ON;OFF;50;-24;0;4,50;40,40;98,30;108,20;28,50;2;100;3,90;0,80;
2026-07-14 11:29:00.0;ON;OFF;50;-12;0;4,50;40,40;98,30;108,20;16,60;2;100;3,80;1,10;
2026-07-14 11:30:00.0;OFF;ON;100;-40;0;4,50;40,30;98,30;108,20;44,50;4,50;100;3,80;1,30;
2026-07-14 11:31:00.0;OFF;ON;100;-40;0,10;4,60;40,20;98,30;108,20;44,60;4,50;100;3,90;1,40;
2026-07-14 11:32:00.0;OFF;ON;100;-6,20;0,20;4,70;40,20;98,30;108,20;11;4,50;100;4;1,60;
2026-07-14 11:33:00.0;OFF;ON;100;-6,20;0,40;4,90;40,10;98,30;108,20;11,10;4,50;100;4,20;1,80;
2026-07-14 11:34:00.0;OFF;ON;100;-6;0,50;5;40,10;98,30;108,20;11;4,50;100;4,30;2;
2026-07-14 11:35:00.0;OFF;ON;100;-6,50;0,60;5,10;40;98,30;108,20;11,70;4,50;100;4,30;2,30;
2026-07-14 11:36:00.0;OFF;ON;100;-5,80;0,80;5,30;39,90;98,30;108,10;11,10;4,50;100;4,60;2,50;
2026-07-14 11:37:00.0;OFF;ON;100;-5,80;0,90;5,40;39,90;98,30;108,10;11,30;4,50;100;4,70;2,80;
2026-07-14 11:38:00.0;OFF;ON;100;-40;1,10;5,60;39,80;98,30;108,10;45,60;4,50;100;4,90;3,10;
2026-07-14 11:39:00.0;OFF;ON;100;-6,60;1,20;5,70;39,80;98,30;108,10;12,20;4,50;100;5,20;3,30;
2026-07-14 11:40:00.0;OFF;ON;100;-40;1,40;5,90;39,70;98,30;108,10;45,90;4,50;100;5,50;3,60;
2026-07-14 11:41:00.0;OFF;ON;100;-40;1,50;6;39,60;98,30;108,10;46;4,50;100;5,80;3,80;
2026-07-14 11:42:00.0;OFF;ON;100;-30,50;1,50;6;39,60;98,30;108,10;36,50;4,50;100;5,60;3,80;
2026-07-14 11:43:00.0;OFF;ON;100;-39,70;1,60;6,10;39,50;98,30;108,10;45,80;4,50;100;5,80;3,90;
2026-07-14 11:44:00.0;OFF;ON;100;-39,10;1,60;6,10;39,50;98,40;108,10;45,20;4,50;100;5,70;3,90;
2026-07-14 11:45:00.0;OFF;ON;100;-40;1,70;6,20;39,40;98,40;108,10;46,20;4,50;100;5,90;4;
2026-07-14 11:46:00.0;OFF;ON;100;-40;1,80;6,30;39,40;98,40;108,10;46,30;4,50;100;6,10;4,20;
2026-07-14 11:47:00.0;OFF;ON;100;-40;1,90;6,40;39,30;98,40;108,20;46,40;4,50;100;6,20;4,20;
2026-07-14 11:48:00.0;OFF;ON;100;-40;2;6,50;39,30;98,40;108,10;46,50;4,50;100;6,20;4,30;
2026-07-14 11:49:00.0;OFF;ON;100;-40;2,10;6,60;39,20;98,40;108,10;46,60;4,50;100;6,40;4,40;
2026-07-14 11:50:00.0;OFF;ON;100;-40;2,20;6,70;39,10;98,40;108,10;46,70;4,50;100;6,40;4,40;
2026-07-14 11:51:00.0;OFF;ON;100;-5,70;2,40;6,90;39,10;98,40;108,10;12,60;4,50;100;6,50;4,50;
2026-07-14 11:52:00.0;OFF;ON;100;-40;0,10;7,10;39;98,40;108,10;47,10;4,50;100;6,60;4,60;
2026-07-14 11:53:00.0;OFF;ON;100;-6,30;0,20;7,20;39;98,40;108,10;13,50;4,50;100;6,70;4,60;
2026-07-14 11:54:00.0;OFF;ON;100;-40;0,30;7,30;38,90;98,40;108,10;47,30;4,50;100;6,80;4,70;
2026-07-14 11:55:00.0;OFF;ON;100;-6,30;0,30;7,30;38,80;98,40;108,10;13,70;7;100;6,70;4,80;
2026-07-14 11:56:00.0;OFF;ON;100;-4,80;0,50;7,50;38,80;98,40;108,10;12,20;7;100;6,90;4,80;
2026-07-14 11:57:00.0;OFF;ON;100;-40;0,50;7,50;38,70;98,40;108,10;47,50;7;100;7;4,90;
2026-07-14 11:58:00.0;OFF;ON;100;-32,20;0,60;7,60;38,60;98,30;108,10;39,80;7;100;7,10;5;
2026-07-14 11:59:00.0;OFF;ON;100;-5,50;0,60;7,60;38,60;98,30;108;13,10;7;100;7,10;5;
2026-07-14 12:00:00.0;OFF;ON;100;-4,40;0,60;7,60;38,50;98,30;108;12;7;100;7,30;5,10;
2026-07-14 12:01:00.0;OFF;ON;100;-3,30;0,70;7,70;38,50;98,30;108;11;7;100;7,40;5,30;
2026-07-14 12:02:00.0;OFF;ON;100;-3,60;0,70;7,70;38,40;98,30;108;11,30;7;100;7,40;5,20;
2026-07-14 12:03:00.0;OFF;ON;100;-5,90;0,80;7,80;38,30;98,30;108;13,70;7;100;7,50;5,30;
2026-07-14 12:04:00.0;OFF;ON;100;-5,70;0,80;7,80;38,30;98,30;108;13,50;7;100;7,50;5,40;
2026-07-14 12:05:00.0;OFF;ON;100;-33;0,90;7,90;38,20;98,40;108;40,90;7;100;7,60;5,50;
2026-07-14 12:06:00.0;OFF;ON;100;-5,10;1;8;38,10;98,40;108;13,10;7;100;7,80;5,70;
2026-07-14 12:07:00.0;OFF;ON;100;-4,70;1,10;8,10;38,10;98,40;108;12,80;7;100;7,90;5,80;
2026-07-14 12:08:00.0;OFF;ON;100;-4,90;1,10;8,10;38;98,40;108;13,10;7;100;8;5,90;
2026-07-14 12:09:00.0;OFF;ON;100;-5,10;1,30;8,30;37,90;98,40;108;13,40;7;100;8,10;6;
2026-07-14 12:10:00.0;OFF;ON;100;-6,70;1,30;8,30;37,80;98,40;108;15;7;100;8,20;6,10;
2026-07-14 12:11:00.0;OFF;ON;100;-15;1,50;8,50;37,80;98,40;108;23,40;7;100;8,30;6,20;
2026-07-14 12:12:00.0;OFF;ON;100;-40;1,50;8,50;37,70;98,40;108;48,50;7;100;8,30;6,20;
2026-07-14 12:13:00.0;OFF;ON;100;-40;1,60;8,60;37,70;98,40;108;48,60;7;100;8,40;6,30;
2026-07-14 12:14:00.0;OFF;ON;100;-5,50;1,70;8,70;37,60;98,40;108;14,20;7;100;8,50;6,40;
2026-07-14 12:15:00.0;OFF;ON;100;-40;1,70;8,70;37,50;98,40;108;48,70;7;100;8,60;6,50;
2026-07-14 12:16:00.0;OFF;ON;100;-37,30;1,80;8,80;37,50;98,40;108;46,10;7;100;8,70;6,50;
2026-07-14 12:17:00.0;OFF;ON;100;-40;1,90;8,90;37,40;98,40;108,10;48,90;7;100;8,90;6,70;
2026-07-14 12:18:00.0;OFF;ON;100;-40;1,90;8,90;37,30;98,40;108,10;48,90;7;100;8,90;6,80;
2026-07-14 12:19:00.0;OFF;ON;100;-40;1,90;8,90;37,30;98,40;108;48,90;7;100;9,10;7;
2026-07-14 12:20:00.0;OFF;ON;100;-5;2;9;37,20;98,40;108;14;7;100;9,20;7,10;
2026-07-14 12:21:00.0;OFF;ON;100;-5,70;2,10;9,10;37,10;98,40;108;14,70;7;100;9,10;7,10;
2026-07-14 12:22:00.0;OFF;ON;100;-4,80;2,10;9,10;37;98,40;108;13,90;7;100;9,20;7,20;
2026-07-14 12:23:00.0;OFF;ON;100;-3,50;2,20;9,20;37;98,40;108;12,70;7;100;9,20;7,20;
2026-07-14 12:24:00.0;OFF;ON;100;-23,80;2,30;9,30;36,90;98,40;108;49,30;7;100;9,30;7,30;
2026-07-14 12:25:00.0;OFF;ON;100;-40;2,30;9,30;36,80;98,40;108;49,30;7;100;9,50;7,40;
2026-07-14 12:26:00.0;OFF;ON;100;-40;2,30;9,30;36,80;98,40;108;49,30;7;100;9,40;7,40;
2026-07-14 12:27:00.0;OFF;ON;100;-40;2,30;9,30;36,70;98,40;108;49,30;7;100;9,40;7,50;
2026-07-14 12:28:00.0;OFF;ON;100;-39,60;2,30;9,30;36,60;98,40;108;48,90;7;100;9,50;7,50;
2026-07-14 12:29:00.0;OFF;ON;100;-40;2,30;9,30;36,60;98,40;108;49,30;7;100;9,70;7,60;
2026-07-14 12:30:00.0;OFF;ON;100;-37,50;2,30;9,30;36,50;98,40;108;46,80;7;100;9,60;7,60;
2026-07-14 12:31:00.0;OFF;ON;100;-39,10;2,30;9,30;36,40;98,40;108;48,40;7;100;9,60;7,60;
2026-07-14 12:32:00.0;OFF;ON;100;-4,40;2,40;9,40;36,30;98,40;108;13,70;7;100;9,90;7,80;
2026-07-14 12:33:00.0;OFF;ON;100;-5,20;2,40;9,40;36,30;98,40;108;14,50;7;100;9,90;7,90;
2026-07-14 12:34:00.0;OFF;ON;100;-31,60;2,40;9,40;36,20;98,40;108;41;7;100;10;7,90;
2026-07-14 12:35:00.0;OFF;ON;100;-40;2,40;9,40;36,10;98,40;108;49,40;7;100;9,90;7,90;
2026-07-14 12:36:00.0;OFF;ON;100;-40;2,40;9,40;36;98,40;108;49,40;7;100;9,90;7,90;
2026-07-14 12:37:00.0;OFF;ON;100;-12;2,40;9,40;36;98,40;108;21,40;7;100;9,80;7,90;
2026-07-14 12:38:00.0;OFF;ON;100;-6,40;2,40;9,40;35,90;98,40;108;15,80;7;100;9,80;7,90;
2026-07-14 12:39:00.0;OFF;ON;100;-4,50;2,40;9,40;35,80;98,40;108;13,80;7;100;9,80;7,90;
2026-07-14 12:40:00.0;OFF;ON;100;-4,70;2,30;9,30;35,70;98,40;108;14;7;100;9,80;7,80;
2026-07-14 12:41:00.0;OFF;ON;100;-5,60;2,30;9,30;35,70;98,40;108;14,90;7;100;9,80;7,80;
2026-07-14 12:42:00.0;OFF;ON;100;-40;2,30;9,30;35,60;98,40;108;49,30;7;100;9,70;7,80;
2026-07-14 12:43:00.0;OFF;ON;100;-40;2,20;9,20;35,50;98,40;108;49,20;7;100;9,70;7,70;
2026-07-14 12:44:00.0;OFF;ON;100;-6,60;2,20;9,20;35,40;98,40;108;15,80;7;100;9,60;7,70;
2026-07-14 12:45:00.0;OFF;ON;100;-40;2,20;9,20;35,40;98,40;108;49,20;7;100;9,60;7,70;
2026-07-14 12:46:00.0;OFF;ON;100;-40;2,10;9,10;35,30;98,50;108;49,10;7;100;9,50;7,60;
2026-07-14 12:47:00.0;OFF;ON;100;-6,30;2,10;9,10;35,20;98,50;108;15,40;7;100;9,60;7,60;
2026-07-14 12:48:00.0;OFF;ON;100;-29,20;2,10;9,10;35,10;98,50;108;38,40;7;100;9,50;7,50;
2026-07-14 12:49:00.0;OFF;ON;100;-31,60;2,10;9,10;35,10;98,50;108;40,70;7;100;9,40;7,50;
2026-07-14 12:50:00.0;OFF;ON;100;-5,70;2,10;9,10;35;98,50;107,90;14,80;7;100;9,40;7,50;
2026-07-14 12:51:00.0;OFF;ON;100;-5,20;2;9;34,90;98,50;107,90;14,20;7;100;9,30;7,50;
2026-07-14 12:52:00.0;OFF;ON;100;-6,90;1,90;8,90;34,90;98,50;107,90;15,80;7;100;9,20;7,40;
2026-07-14 12:53:00.0;OFF;ON;100;-40;1,90;8,90;34,80;98,50;107,90;48,90;7;100;9,30;7,40;
2026-07-14 12:54:00.0;OFF;ON;100;-40;1,90;8,90;34,70;98,50;107,90;48,90;7;100;9,20;7,30;
2026-07-14 12:55:00.0;OFF;ON;100;-40;1,90;8,90;34,70;98,50;107,90;48,90;7;100;9,20;7,30;
2026-07-14 12:56:00.0;OFF;ON;100;-5,90;1,80;8,80;34,60;98,50;107,90;14,70;7;100;9,10;7,20;
2026-07-14 12:57:00.0;OFF;ON;100;-34;1,80;8,80;34,60;98,50;107,90;42,80;7;100;9,10;7,20;
2026-07-14 12:58:00.0;OFF;ON;100;-5,30;1,80;8,80;34,50;98,50;107,90;14,10;7;100;9,10;7,20;
2026-07-14 12:59:00.0;OFF;ON;100;-5,90;1,70;8,70;34,40;98,50;107,90;14,60;7;100;9;7,10;
2026-07-14 13:00:00.0;OFF;ON;100;-33,40;1,70;8,70;34,30;98,50;107,90;42,10;7;100;9;7,10;
2026-07-14 13:01:00.0;OFF;ON;100;-6,50;1,70;8,70;34,30;98,50;107,90;15,20;7;100;9;7;
2026-07-14 13:02:00.0;OFF;ON;100;-40;1,60;8,60;34,20;98,50;107,90;48,60;7;100;8,90;7;
2026-07-14 13:03:00.0;OFF;ON;100;-5,70;1,60;8,60;34,20;98,50;107,90;14,30;7;100;8,90;7;
2026-07-14 13:04:00.0;OFF;ON;100;-6,40;1,60;8,60;34,10;98,50;107,90;14,90;7;100;8,80;7;
2026-07-14 13:05:00.0;OFF;ON;100;-38,80;1,50;8,50;34;98,50;107,90;47,30;7;100;8,70;6,90;
2026-07-14 13:06:00.0;OFF;ON;100;-40;1,50;8,50;34;98,50;107,90;48,50;7;100;8,70;6,80;
2026-07-14 13:07:00.0;OFF;ON;100;-5,50;1,40;8,40;33,90;98,50;107,90;14;7;100;8,70;6,80;
2026-07-14 13:08:00.0;OFF;ON;100;-5,10;1,40;8,40;33,80;98,50;107,90;13,50;7;100;8,60;6,80;
2026-07-14 13:09:00.0;OFF;ON;100;-37,40;1,40;8,40;33,80;98,50;107,90;45,70;7;100;8,60;6,70;
2026-07-14 13:10:00.0;OFF;ON;100;-6,60;1,30;8,30;33,70;98,50;107,90;14,90;7;100;8,50;6,60;
2026-07-14 13:11:00.0;OFF;ON;100;-40;1,30;8,30;33,60;98,50;107,90;48,30;7;100;8,50;6,60;
2026-07-14 13:12:00.0;OFF;ON;100;-5;1,20;8,20;33,60;98,50;107,90;13,20;7;100;8,50;6,60;
2026-07-14 13:13:00.0;OFF;ON;100;-5,40;1,20;8,20;33,50;98,50;107,90;13,60;7;100;8,50;6,60;
2026-07-14 13:14:00.0;OFF;ON;100;-4,40;1,20;8,20;33,50;98,50;107,90;12,60;7;100;8,40;6,60;
2026-07-14 13:15:00.0;OFF;ON;100;-39,10;1,10;8,10;33,40;98,50;107,90;47,20;7;100;8,40;6,40;
2026-07-14 13:16:00.0;OFF;ON;100;-5,20;1,10;8,10;33,30;98,50;107,90;13,30;7;100;8,30;6,40;
2026-07-14 13:17:00.0;OFF;ON;100;-40;1,10;8,10;33,30;98,50;107,90;48,10;7;100;8,20;6,40;
2026-07-14 13:18:00.0;OFF;ON;100;-40;1;8;33,20;98,50;107,90;48;7;100;8,20;6,30;
2026-07-14 13:19:00.0;OFF;ON;100;-5,40;1;8;33,10;98,50;107,90;13,40;7;100;8,10;6,30;
2026-07-14 13:20:00.0;OFF;ON;100;-5,80;0,90;7,90;33,10;98,50;107,90;13,80;7;100;8,10;6,20;
2026-07-14 13:21:00.0;OFF;ON;100;-40;0,90;7,90;33;98,50;107,90;47,90;7;100;8,10;6,20;
2026-07-14 13:22:00.0;OFF;ON;100;-6,60;0,90;7,90;32,90;98,50;107,90;14,40;7;100;8,10;6,10;
2026-07-14 13:23:00.0;OFF;ON;100;-5,50;0,80;7,80;32,90;98,50;107,90;13,40;7;100;8;6,10;
2026-07-14 13:24:00.0;OFF;ON;100;-21,10;0,80;7,80;32,80;98,50;107,90;28,90;7;100;8;6,10;
2026-07-14 13:25:00.0;OFF;ON;100;-40;0,80;7,80;32,70;98,50;107,90;47,80;7;100;7,90;6,10;
2026-07-14 13:26:00.0;OFF;ON;100;-5,70;0,70;7,70;32,70;98,50;107,90;13,40;7;100;7,90;6;
2026-07-14 13:27:00.0;OFF;ON;100;-4,90;0,70;7,70;32,60;98,50;107,90;12,50;7;100;7,90;6;
2026-07-14 13:28:00.0;OFF;ON;100;-4,10;0,70;7,70;32,60;98,50;107,90;11,80;7;100;7,80;5,90;
2026-07-14 13:29:00.0;OFF;ON;100;-20,90;0,60;7,60;32,50;98,50;107,90;28,50;7;100;7,70;5,90;
2026-07-14 13:30:00.0;OFF;ON;100;-3,60;0,60;7,60;32,40;98,50;107,90;11,10;7;100;7,70;5,80;
2026-07-14 13:31:00.0;OFF;ON;100;-3,30;0,50;7,50;32,30;98,50;107,90;10,80;7;100;7,70;5,80;
2026-07-14 13:32:00.0;OFF;ON;100;-3;0,50;7,50;32,30;98,50;107,90;10,50;7;100;7,70;5,80;
2026-07-14 13:33:00.0;OFF;ON;100;-4,40;0,40;7,40;32,20;98,50;107,90;11,80;7;100;7,60;5,70;
2026-07-14 13:34:00.0;OFF;ON;100;-6;0,40;7,40;32,10;98,50;107,90;13,40;7;100;7,60;5,60;
2026-07-14 13:35:00.0;OFF;ON;100;-6,30;0,30;7,40;32,10;98,50;107,90;13,70;7;100;7,50;5,60;
2026-07-14 13:36:00.0;OFF;ON;100;-34,40;0,30;7,30;32;98,50;107,90;41,80;7;100;7,50;5,50;
2026-07-14 13:37:00.0;OFF;ON;100;-40;0,30;7,30;31,90;98,50;107,90;47,30;7;100;7,40;5,50;
2026-07-14 13:38:00.0;OFF;ON;100;-6;0,30;7,30;31,90;98,50;107,90;13,30;7;100;7,40;5,50;
2026-07-14 13:39:00.0;OFF;ON;100;-12;0,20;7,20;31,80;98,50;107,80;19,20;7;100;7,40;5,50;
2026-07-14 13:40:00.0;OFF;ON;100;-5,20;0,20;7,20;31,70;98,50;107,80;12,40;7;100;7,30;5,40;
2026-07-14 13:41:00.0;OFF;ON;100;-5,80;0,20;7,20;31,70;98,50;107,80;12,90;7;100;7,30;5,40;
2026-07-14 13:42:00.0;OFF;ON;100;-38,50;0,10;7,10;31,60;98,50;107,80;45,60;7;100;7,20;5,30;
2026-07-14 13:43:00.0;OFF;ON;100;-40;0,10;7,10;31,50;98,50;107,80;47,10;7;100;7,10;5,30;
2026-07-14 13:44:00.0;OFF;ON;100;-40;0;7;31,50;98,50;107,80;47;7;100;7,10;5,30;
2026-07-14 13:45:00.0;OFF;ON;100;-40;0;7;31,40;98,50;107,80;47;7;100;7,10;5,20;
2026-07-14 13:46:00.0;OFF;ON;100;-40;0;7;31,30;98,50;107,80;47;7;100;7,10;5,20;
2026-07-14 13:47:00.0;OFF;ON;100;-40;-0,10;6,90;31,30;98,50;107,80;46,90;7;100;7;5,10;
2026-07-14 13:48:00.0;OFF;ON;100;-40;-0,10;6,90;31,20;98,50;107,80;46,90;7;100;7;5,10;
2026-07-14 13:49:00.0;OFF;ON;100;-40;-0,20;6,80;31,10;98,50;107,80;46,80;7;100;6,90;5;
2026-07-14 13:50:00.0;OFF;ON;100;-27,50;-0,20;6,80;31,10;98,50;107,80;34,40;7;100;7;5;
2026-07-14 13:51:00.0;OFF;ON;100;-31,40;-0,20;6,80;31;98,50;107,80;38,20;7;100;6,90;5;
2026-07-14 13:52:00.0;OFF;ON;100;-7;-0,20;6,80;30,90;98,50;107,80;13,70;7;100;6,80;4,90;
2026-07-14 13:53:00.0;OFF;ON;100;-5,80;-0,30;6,70;30,90;98,50;107,80;12,50;7;100;6,80;4,90;
2026-07-14 13:54:00.0;OFF;ON;100;-5,90;-0,30;6,70;30,80;98,50;107,80;12,60;7;100;6,80;4,90;
2026-07-14 13:55:00.0;OFF;ON;100;-6,90;-0,40;6,60;30,70;98,50;107,80;13,50;7;100;6,70;4,80;
2026-07-14 13:56:00.0;OFF;ON;100;-40;-0,40;6,60;30,70;98,50;107,80;46,60;7;100;6,70;4,80;
2026-07-14 13:57:00.0;OFF;ON;100;-22,50;-0,40;6,60;30,60;98,50;107,80;29;7;100;6,60;4,80;
2026-07-14 13:58:00.0;OFF;ON;100;-5;-0,50;6,50;30,50;98,50;107,80;11,60;7;100;6,60;4,70;
2026-07-14 13:59:00.0;OFF;ON;100;-5,70;-0,50;6,50;30,40;98,50;107,80;12,20;7;100;6,60;4,70;
2026-07-14 14:00:00.0;OFF;ON;100;-16,80;-0,50;6,50;30,40;98,50;107,80;23,40;7;100;6,80;4,80;
2026-07-14 14:01:00.0;OFF;ON;100;-39,20;-0,50;6,50;30,30;98,50;107,80;45,70;7;100;6,80;4,80;
2026-07-14 14:02:00.0;OFF;ON;100;-26,10;-0,40;6,60;30,30;98,50;107,80;32,70;7;100;6,80;4,80;
2026-07-14 14:03:00.0;OFF;ON;100;-5,40;-0,40;6,60;30,20;98,50;107,80;12;7;100;6,90;4,90;
2026-07-14 14:04:00.0;OFF;ON;100;-30,20;-0,40;6,60;30,10;98,50;107,80;36,80;7;100;7;4,90;
2026-07-14 14:05:00.0;OFF;ON;100;-6,70;-0,40;6,60;30;98,50;107,80;13,20;7;100;6,90;4,90;
2026-07-14 14:06:00.0;OFF;ON;100;-32,20;-0,50;6,50;30;98,50;107,70;38,70;7;100;6,80;4,90;
2026-07-14 14:07:00.0;OFF;ON;100;-31,90;-0,50;6,50;29,90;98,50;107,70;38,30;7;100;6,70;4,90;
2026-07-14 14:08:00.0;OFF;ON;100;-6,20;-0,60;6,40;29,90;98,50;107,70;12,60;7;100;6,70;4,80;
2026-07-14 14:09:00.0;OFF;ON;100;-24,10;-0,60;6,40;29,80;98,50;107,70;30,50;7;100;6,60;4,80;
2026-07-14 14:10:00.0;OFF;ON;100;-29,70;-0,60;6,40;29,80;98,50;107,70;36,10;7;100;6,60;4,70;
2026-07-14 14:11:00.0;OFF;ON;100;-6;-0,70;6,30;29,70;98,50;107,70;12,30;7;100;6,60;4,70;
2026-07-14 14:12:00.0;OFF;ON;100;-6,70;-0,70;6,30;29,60;98,50;107,70;13;7;100;6,50;4,70;
2026-07-14 14:13:00.0;OFF;ON;100;-6,70;-0,80;6,20;29,60;98,50;107,70;12,90;7;100;6,40;4,60;
2026-07-14 14:14:00.0;OFF;ON;100;-28;-0,80;6,20;29,50;98,50;107,70;34,20;7;100;6,40;4,60;
2026-07-14 14:15:00.0;OFF;ON;100;-6,60;-0,80;6,20;29,50;98,50;107,70;12,80;7;100;6,30;4,50;
2026-07-14 14:16:00.0;OFF;ON;100;-24,80;-0,90;6,10;29,40;98,50;107,70;30,90;7;100;6,30;4,50;
2026-07-14 14:17:00.0;OFF;ON;100;-4,30;-0,90;6,10;29,40;98,50;107,70;10,40;7;100;6,20;4,50;
2026-07-14 14:18:00.0;OFF;ON;100;-12;-0,90;6,10;29,30;98,50;107,70;18,10;7;100;6,20;4,40;
2026-07-14 14:19:00.0;OFF;ON;100;-5,80;-1;6;29,30;98,50;107,70;11,80;7;100;6,10;4,40;
2026-07-14 14:20:00.0;OFF;ON;100;-6,10;-1;6;29,20;98,50;107,70;12,10;7;100;6,10;4,40;
2026-07-14 14:21:00.0;OFF;ON;100;-6,20;-1,10;5,90;29,10;98,50;107,70;12,10;7;100;6,10;4,40;
2026-07-14 14:22:00.0;OFF;ON;100;-26,60;-1,10;5,90;29,10;98,50;107,70;32,60;7;100;6,10;4,30;
2026-07-14 14:23:00.0;OFF;ON;100;-5,80;-1,10;5,90;29;98,50;107,70;11,70;7;100;6,10;4,30;
2026-07-14 14:24:00.0;OFF;ON;100;-6,50;-1,10;5,90;29;98,50;107,70;12,40;7;100;6;4,30;
2026-07-14 14:25:00.0;OFF;ON;100;-4,90;-1,20;5,80;28,90;98,40;107,70;10,70;7;100;5,90;4,20;
2026-07-14 14:26:00.0;OFF;ON;100;-5,80;-1,20;5,80;28,90;98,40;107,70;11,60;7;100;6;4,20;
2026-07-14 14:27:00.0;OFF;ON;100;-5,60;-1,20;5,80;28,80;98,30;107,70;11,40;7;100;6;4,20;
2026-07-14 14:28:00.0;OFF;ON;100;-6,90;-1,30;5,70;28,70;98,30;107,70;12,60;7;100;5,80;4,10;
2026-07-14 14:29:00.0;OFF;ON;100;-6,10;-1,30;5,70;28,70;98,30;107,70;11,80;7;100;5,80;4,10;
2026-07-14 14:30:00.0;OFF;ON;100;-5,80;-1,30;5,70;28,60;98,20;107,70;11,50;7;100;5,80;4,10;
2026-07-14 14:31:00.0;OFF;ON;100;-24,10;-1,40;5,60;28,60;98,20;107,70;29,70;7;100;5,70;4;
2026-07-14 14:32:00.0;OFF;ON;100;-28,30;-1,40;5,60;28,50;98,10;107,70;33,90;7;100;5,70;4;
2026-07-14 14:33:00.0;OFF;ON;100;-12;-1,50;5,50;28,50;98,20;107,70;17,60;7;100;5,60;4;
2026-07-14 14:34:00.0;OFF;ON;100;-6,70;-1,50;5,50;28,40;98,20;107,70;12,30;7;100;5,60;3,90;
2026-07-14 14:35:00.0;OFF;ON;100;-6,80;-1,50;5,50;28,30;98,10;107,70;12,20;7;100;5,60;3,90;
2026-07-14 14:36:00.0;OFF;ON;100;-26,60;-1,50;5,50;28,30;98,10;107,70;32;7;100;5,50;3,90;
2026-07-14 14:37:00.0;OFF;ON;100;-6,90;-1,60;5,40;28,20;98,10;107,70;12,30;7;100;5,50;3,90;
2026-07-14 14:38:00.0;OFF;ON;100;-7;-1,60;5,40;28,20;98,10;107,70;12,40;7;100;5,50;3,80;
2026-07-14 14:39:00.0;OFF;ON;100;-7,10;-1,60;5,40;28,10;98,10;107,70;12,50;7;100;5,40;3,80;
2026-07-14 14:40:00.0;OFF;ON;100;-34,50;-1,70;5,30;28,10;98,10;107,70;39,80;7;100;5,40;3,80;
2026-07-14 14:41:00.0;OFF;ON;100;-34,30;-1,70;5,30;28;98,10;107,70;39,50;7;100;5,30;3,70;
2026-07-14 14:42:00.0;OFF;ON;100;-34,40;-1,70;5,30;27,90;98,10;107,70;39,70;7;100;5,40;3,70;
2026-07-14 14:43:00.0;OFF;ON;100;-35,10;-1,80;5,20;27,90;98,10;107,70;40,30;7;100;5,30;3,70;
2026-07-14 14:44:00.0;OFF;ON;100;-34;-1,80;5,20;27,80;98,10;107,70;39,20;7;100;5,30;3,70;
2026-07-14 14:45:00.0;OFF;ON;100;-36,10;-1,80;5,20;27,80;98,10;107,70;41,30;7;100;5,20;3,60;
2026-07-14 14:46:00.0;OFF;ON;100;-7,30;-1,90;5,10;27,70;98,10;107,70;12,50;7;100;5,20;3,60;
2026-07-14 14:47:00.0;OFF;ON;100;-35,40;-1,90;5,10;27,60;98,10;107,70;40,50;7;100;5,10;3,60;
2026-07-14 14:48:00.0;OFF;ON;100;-30,80;-1,90;5,10;27,60;98;107,70;35,90;7;100;5,10;3,60;
2026-07-14 14:49:00.0;OFF;ON;100;-39,60;-1,90;5,10;27,50;98;107,70;44,60;7;100;5,10;3,50;
2026-07-14 14:50:00.0;OFF;ON;100;-40;-2;5;27,50;98,10;107,70;45;7;100;5,10;3,50;
2026-07-14 14:51:00.0;OFF;ON;100;-36,50;0,50;5;27,40;98,10;107,70;41,50;7;100;5;3,50;
2026-07-14 14:52:00.0;OFF;ON;100;-38,80;0,50;5;27,30;98,10;107,70;43,80;7;100;5;3,50;
2026-07-14 14:53:00.0;OFF;ON;100;-29;0,40;4,90;27,30;98;107,70;34;7;100;5;3,50;
2026-07-14 14:54:00.0;OFF;ON;100;-33,60;0,40;4,90;27,20;98;107,70;38,50;4,50;100;5;3,40;
2026-07-14 14:55:00.0;OFF;ON;100;-7,20;0,40;4,90;27,20;98;107,70;12,10;4,50;100;4,90;3,40;
2026-07-14 14:56:00.0;OFF;ON;100;-20,60;0,40;4,90;27,10;98;107,70;25,40;4,50;100;4,90;3,40;
2026-07-14 14:57:00.0;OFF;ON;100;-5,70;0,30;4,80;27,10;98;107,70;10,60;4,50;100;4,90;3,30;
2026-07-14 14:58:00.0;OFF;ON;100;-24,20;0,30;4,80;27;98;107,70;29;4,50;100;4,80;3,30;
2026-07-14 14:59:00.0;OFF;ON;100;-5,90;0,30;4,80;26,90;98;107,70;10,70;4,50;100;4,80;3,30;
2026-07-14 15:00:00.0;OFF;ON;100;-5,80;0,30;4,80;26,90;98;107,70;10,50;4,50;100;4,80;3,30;
2026-07-14 15:01:00.0;OFF;ON;100;-21,70;0,20;4,70;26,80;97,90;107,70;26,40;4,50;100;4,80;3,20;
2026-07-14 15:02:00.0;OFF;ON;100;-22,50;0,20;4,70;26,80;97,90;107,70;27,20;4,50;100;4,70;3,20;
2026-07-14 15:03:00.0;OFF;ON;100;-5,70;0,20;4,70;26,70;97,80;107,70;10,30;4,50;100;4,70;3,20;
2026-07-14 15:04:00.0;OFF;ON;100;-31,60;0,10;4,60;26,70;97,80;107,70;36,20;4,50;100;4,70;3,20;
2026-07-14 15:05:00.0;OFF;ON;100;-31,60;0,10;4,60;26,60;97,90;107,70;36,20;4,50;100;4,60;3,10;
2026-07-14 15:06:00.0;OFF;ON;100;-13,70;0,10;4,60;26,50;97,90;107,70;18,30;4,50;100;4,60;3,10;
2026-07-14 15:07:00.0;OFF;ON;100;-6,80;0,10;4,60;26,50;97,80;107,70;11,40;4,50;100;4,60;3,10;
2026-07-14 15:08:00.0;OFF;ON;100;-26,30;0;4,50;26,40;97,80;107,70;30,90;4,50;100;4,60;3;
2026-07-14 15:09:00.0;OFF;ON;100;-6,10;0;4,50;26,40;97,80;107,70;10,60;4,50;100;4,60;3;
2026-07-14 15:10:00.0;OFF;ON;100;-6,30;0;4,50;26,30;97,80;107,70;10,80;4,50;100;4,50;3;
2026-07-14 15:11:00.0;OFF;ON;100;-32,40;0;4,50;26,20;97,80;107,70;36,80;4,50;100;4,50;3;
2026-07-14 15:12:00.0;OFF;ON;100;-6,80;-0,10;4,40;26,20;97,80;107,70;11,20;4,50;100;4,40;2,90;
2026-07-14 15:13:00.0;OFF;ON;100;-34,10;-0,10;4,40;26,10;97,80;107,70;38,50;4,50;100;4,40;2,90;
2026-07-14 15:14:00.0;OFF;ON;100;-33;-0,10;4,40;26,10;97,80;107,70;37,40;4,50;100;4,40;2,90;
2026-07-14 15:15:00.0;OFF;ON;100;-6,90;-0,20;4,30;26;97,70;107,70;11,30;4,50;100;4,40;2,80;
2026-07-14 15:16:00.0;OFF;ON;100;-6,60;-0,20;4,30;25,90;97,60;107,70;10,90;4,50;100;4,30;2,80;
2026-07-14 15:17:00.0;OFF;ON;100;-29,90;-0,20;4,30;25,90;97,60;107,70;34,20;4,50;100;4,30;2,80;
2026-07-14 15:18:00.0;OFF;ON;100;-6,30;-0,20;4,30;25,80;97,60;107,70;10,60;4,50;100;4,30;2,70;
2026-07-14 15:19:00.0;OFF;ON;100;-6,90;-0,30;4,20;25,80;97,60;107,70;11,10;4,50;100;4,20;2,70;
2026-07-14 15:20:00.0;OFF;ON;100;-34,30;-0,30;4,20;25,70;97,50;107,70;38,50;4,50;100;4,20;2,70;
2026-07-14 15:21:00.0;OFF;ON;100;-30,10;-0,30;4,20;25,60;97,40;107,70;34,30;4,50;100;4,20;2,70;
2026-07-14 15:22:00.0;OFF;ON;100;-32,30;-0,30;4,20;25,60;97,40;107,70;26,90;4,50;100;4,20;2,60;
2026-07-14 15:23:00.0;OFF;ON;100;-31,80;-0,40;4,10;25,50;97,50;107,70;35,90;4,50;100;4,10;2,60;
2026-07-14 15:24:00.0;OFF;ON;100;-31,20;-0,40;4,10;25,50;97,50;107,70;35,30;4,50;100;4,10;2,60;
2026-07-14 15:25:00.0;OFF;ON;100;-33,10;-0,40;4,10;25,40;97,40;107,70;37,20;4,50;100;4,10;2,50;
2026-07-14 15:26:00.0;OFF;ON;100;-20,50;-0,40;4,10;25,30;97,50;107,70;24,60;4,50;100;4,10;2,50;
2026-07-14 15:27:00.0;OFF;ON;100;-35,50;-0,50;4;25,30;97,40;107,70;39,50;4,50;100;4;2,50;
2026-07-14 15:28:00.0;OFF;ON;100;-6,60;-0,50;4;25,20;97,50;107,70;10,70;4,50;100;4,10;2,50;
2026-07-14 15:29:00.0;OFF;ON;100;-32,80;-0,60;3,90;25,10;97,40;107,70;36,70;4,50;100;3,90;2,40;
2026-07-14 15:30:00.0;OFF;ON;100;-35,30;-0,60;3,90;25,10;97,40;107,70;39,20;4,50;100;3,90;2,40;
2026-07-14 15:31:00.0;OFF;ON;100;-29,10;-0,60;3,90;25;97,40;107,70;33;4,50;100;3,90;2,30;
2026-07-14 15:32:00.0;OFF;ON;100;-21,30;-0,60;3,90;25;97,40;107,70;25,20;4,50;100;3,90;2,40;
2026-07-14 15:33:00.0;OFF;ON;100;-30,10;-0,60;3,90;24,90;97,40;107,70;34;4,50;100;3,90;2,30;
2026-07-14 15:34:00.0;OFF;ON;100;-38;-0,70;3,80;24,90;97,30;107,70;41,80;4,50;100;3,80;2,30;
2026-07-14 15:35:00.0;OFF;ON;100;-7,20;-0,70;3,80;24,80;97,30;107,70;11;4,50;100;3,80;2,30;
2026-07-14 15:36:00.0;OFF;ON;100;-32,40;-0,70;3,80;24,80;97,30;107,70;36,20;4,50;100;3,80;2,20;
2026-07-14 15:37:00.0;OFF;ON;100;-13,40;-0,70;3,80;24,70;97,30;107,70;17,20;4,50;100;3,80;2,20;
2026-07-14 15:38:00.0;OFF;ON;100;-28,50;-0,80;3,70;24,70;97,30;107,70;32,20;4,50;100;3,70;2,20;
2026-07-14 15:39:00.0;OFF;ON;100;-12;-0,80;3,70;24,60;97,30;107,60;15,70;4,50;100;3,70;2,10;
2026-07-14 15:40:00.0;OFF;ON;100;-27,20;-0,80;3,70;24,60;97,40;107,60;30,90;4,50;100;3,70;2,10;
2026-07-14 15:41:00.0;OFF;ON;100;-15,90;-0,80;3,70;24,50;97,30;107,60;19,60;4,50;100;3,70;2,10;
2026-07-14 15:42:00.0;OFF;ON;100;-31,70;-0,90;3,60;24,50;97,30;107,60;35,30;4,50;100;3,60;2,10;
2026-07-14 15:43:00.0;OFF;ON;100;-7;-0,90;3,60;24,40;97,30;107,60;10,60;4,50;100;3,60;2;
2026-07-14 15:44:00.0;OFF;ON;100;-31,80;-0,90;3,60;24,40;97,30;107,60;35,30;4,50;100;3,60;2;
2026-07-14 15:45:00.0;OFF;ON;100;-7,20;-0,90;3,60;24,30;97,30;107,60;10,70;4,50;100;3,60;2;
2026-07-14 15:46:00.0;OFF;ON;100;-30,70;-1;3,50;24,30;97,30;107,60;34,30;4,50;100;3,50;1,90;
2026-07-14 15:47:00.0;OFF;ON;100;-30,50;-1;3,50;24,20;97,20;107,60;34,10;4,50;100;3,50;1,90;
2026-07-14 15:48:00.0;OFF;ON;100;-29;-1;3,50;24,20;97,20;107,60;32,50;4,50;100;3,50;1,90;
2026-07-14 15:49:00.0;OFF;ON;100;-31,50;-1;3,50;24,10;97,20;107,60;35;4,50;100;3,40;1,90;
2026-07-14 15:50:00.0;OFF;ON;100;-31;-1,10;3,40;24,10;97,20;107,60;34,40;4,50;100;3,40;1,80;
2026-07-14 15:51:00.0;OFF;ON;100;-24,70;-1,10;3,40;24;97,10;107,60;28,10;4,50;100;3,40;1,80;
2026-07-14 15:52:00.0;OFF;ON;100;-7;-1,10;3,40;24;97,10;107,60;10,40;4,50;100;3,40;1,80;
2026-07-14 15:53:00.0;OFF;ON;100;-7;-1,10;3,40;23,90;97;107,60;10,30;4,50;100;3,40;1,80;
2026-07-14 15:54:00.0;OFF;ON;100;-6,20;-1,10;3,40;23,90;97;107,60;9,60;4,50;100;3,30;1,80;
2026-07-14 15:55:00.0;OFF;ON;100;-12;-1,20;3,30;23,80;97;107,60;15,40;4,50;100;3,30;1,70;
2026-07-14 15:56:00.0;OFF;ON;100;-6,70;-1,20;3,30;23,80;97;107,60;10;4,50;100;3,30;1,70;
2026-07-14 15:57:00.0;OFF;ON;100;-7,60;-1,20;3,30;23,70;97;107,60;10,80;4,50;100;3,20;1,70;
2026-07-14 15:58:00.0;OFF;ON;100;-7;-1,20;3,30;23,70;97;107,60;10,20;4,50;100;3,20;1,60;
2026-07-14 15:59:00.0;OFF;ON;100;-6;-1,30;3,20;23,60;97;107,60;9,30;4,50;100;3,20;1,60;
2026-07-14 16:00:00.0;OFF;ON;100;-12;-1,30;3,20;23,60;97;107,60;15,20;4,50;100;3,20;1,60;
2026-07-14 16:01:00.0;OFF;ON;100;-6,70;-1,30;3,20;23,50;97;107,60;9,90;4,50;100;3,20;1,60;
2026-07-14 16:02:00.0;OFF;ON;100;-6;-1,30;3,20;23,50;96,90;107,60;9,10;4,50;100;3,10;1,60;
2026-07-14 16:03:00.0;OFF;ON;100;-5,90;-1,40;3,10;23,40;97;107,60;9,10;4,50;100;3,10;1,50;
2026-07-14 16:04:00.0;OFF;ON;100;-5,50;-1,40;3,10;23,40;96,90;107,60;8,70;4,50;100;3,10;1,50;
2026-07-14 16:05:00.0;OFF;ON;100;-6,90;-1,40;3,10;23,30;96,80;107,60;10;4,50;100;3,10;1,50;
2026-07-14 16:06:00.0;OFF;ON;100;-6,40;-1,40;3,10;23,30;96,90;107,60;9,50;4,50;100;3,10;1,50;
2026-07-14 16:07:00.0;OFF;ON;100;-5,70;-1,40;3,10;23,20;96,90;107,60;8,80;4,50;100;3,10;1,40;
2026-07-14 16:08:00.0;OFF;ON;100;-6;-1,50;3;23,20;96,90;107,60;9;4,50;100;3;1,40;
2026-07-14 16:09:00.0;OFF;ON;100;-5,50;-1,50;3;23,10;96,80;107,60;8,50;4,50;100;3;1,40;
2026-07-14 16:10:00.0;OFF;ON;100;-6;-1,50;3;23,10;96,70;107,60;9;4,50;100;3;1,40;
2026-07-14 16:11:00.0;OFF;ON;100;-5,80;-1,50;3;23;96,70;107,60;8,80;4,50;100;2,90;1,40;
2026-07-14 16:12:00.0;OFF;ON;100;-6,40;-1,50;3;23;96,70;107,60;9,30;4,50;100;2,90;1,40;
2026-07-14 16:13:00.0;OFF;ON;100;-5,30;-1,60;2,90;22,90;96,70;107,60;9,50;4,50;100;2,90;1,30;
2026-07-14 16:14:00.0;OFF;ON;100;-5,70;-1,60;2,90;22,90;96,60;107,60;8,60;4,50;100;2,90;1,30;
2026-07-14 16:15:00.0;OFF;ON;100;-5,50;-1,60;2,90;22,80;96,60;107,60;8,40;4,50;100;2,80;1,30;
2026-07-14 16:16:00.0;OFF;ON;100;-5,50;-1,70;2,80;22,80;96,50;107,60;8,40;4,50;100;2,80;1,30;
2026-07-14 16:17:00.0;OFF;ON;100;-5,90;-1,70;2,80;22,70;96,50;107,60;8,70;4,50;100;2,80;1,20;
2026-07-14 16:18:00.0;OFF;ON;100;-6,20;-1,70;2,80;22,70;96,50;107,60;9;4,50;100;2,70;1,20;
2026-07-14 16:19:00.0;OFF;ON;100;-5,90;-1,70;2,80;22,60;96,50;107,60;8,70;4,50;100;2,70;1,20;
2026-07-14 16:20:00.0;OFF;ON;100;-6,80;-1,70;2,80;22,60;96,50;107,60;9,60;4,50;100;2,70;1,10;
2026-07-14 16:21:00.0;OFF;ON;100;-6,60;-1,80;2,70;22,50;96,40;107,60;9,30;4,50;100;2,70;1,10;
2026-07-14 16:22:00.0;OFF;ON;100;-5,90;-1,80;2,70;22,50;96,40;107,60;8,70;4,50;100;2,70;1,10;
2026-07-14 16:23:00.0;OFF;ON;100;-5,60;-1,80;2,70;22,40;96,30;107,60;8,30;4,50;100;2,60;1,10;
2026-07-14 16:24:00.0;OFF;ON;100;-6,20;-1,80;2,70;22,40;96,40;107,60;8,80;4,50;100;2,60;1;
2026-07-14 16:25:00.0;OFF;ON;100;-6,80;-1,90;2,60;22,30;96,40;107,60;9,40;4,50;100;2,60;1;
2026-07-14 16:26:00.0;OFF;ON;100;-5,60;-1,90;2,60;22,30;96,40;107,60;8,30;4,50;100;2,60;1;
2026-07-14 16:27:00.0;OFF;ON;100;-6;-1,90;2,60;22,20;96,30;107,60;8,60;4,50;100;2,60;1;
2026-07-14 16:28:00.0;OFF;ON;100;-6,10;-1,90;2,60;22,20;96,30;107,60;8,70;4,50;100;2,60;1;
2026-07-14 16:29:00.0;OFF;ON;100;-5,80;-1,90;2,60;22,10;96,30;107,60;8,40;4,50;100;2,50;1;
2026-07-14 16:30:00.0;OFF;ON;100;-6,10;-2;2,50;22,10;96,30;107,60;8,60;4,50;100;2,50;1;
2026-07-14 16:31:00.0;OFF;ON;100;-5,90;-2;2,50;22;96,30;107,60;8,40;4,50;100;2,40;0,90;
2026-07-14 16:32:00.0;OFF;ON;100;-5,60;-2;2,50;21,90;96,30;107,60;8,10;4,50;100;2,40;0,90;
2026-07-14 16:33:00.0;OFF;ON;100;-5,60;-2;2,50;21,90;96,30;107,60;8,10;4,50;100;2,50;0,90;
2026-07-14 16:34:00.0;OFF;ON;100;-5,40;-2,10;2,40;21,80;96,30;107,60;7,80;4,50;100;2,40;0,90;
2026-07-14 16:35:00.0;OFF;ON;100;-5,90;-2,10;2,40;21,80;96,30;107,50;8,30;4,50;100;2,40;0,90;
2026-07-14 16:36:00.0;OFF;ON;100;-5,60;-2,10;2,40;21,70;96,30;107,50;8;4,50;100;2,40;0,90;
2026-07-14 16:37:00.0;OFF;ON;100;-6,30;-2,10;2,40;21,70;96,30;107,50;8,70;4,50;100;2,30;0,90;
2026-07-14 16:38:00.0;OFF;ON;100;-5,90;-2,10;2,40;21,60;96,30;107,50;8,30;4,50;100;2,40;0,90;
2026-07-14 16:39:00.0;OFF;ON;100;-5,50;-2,10;2,40;21,60;96,20;107,50;7,80;4,50;100;2,30;0,80;
2026-07-14 16:40:00.0;OFF;ON;100;-5;-2,10;2,40;21,50;96,20;107,50;7,40;4,50;100;2,40;0,80;
2026-07-14 16:41:00.0;OFF;ON;100;-4,90;-2,20;2,30;21,50;96,20;107,50;7,20;4,50;100;2,30;0,80;
2026-07-14 16:42:00.0;OFF;ON;100;-4,80;-2,20;2,30;21,40;96,20;107,50;7,20;4,50;100;2,30;0,80;
2026-07-14 16:43:00.0;OFF;ON;100;-5,10;-2,20;2,30;21,30;96,20;107,50;7,40;4,50;100;2,30;0,80;
2026-07-14 16:44:00.0;OFF;ON;100;-4,80;-2,20;2,30;21,30;96,20;107,50;7;4,50;100;2,30;0,80;
2026-07-14 16:45:00.0;OFF;ON;100;-4,70;-2,20;2,30;21,30;96,20;107,50;7;4,50;100;2,30;0,80;
2026-07-14 16:46:00.0;OFF;ON;100;-4,90;-2,20;2,30;21,20;96,10;107,50;7,10;4,50;100;2,30;0,70;
2026-07-14 16:47:00.0;OFF;ON;100;-5,30;-2,30;2,20;21,20;96,20;107,50;7,50;4,50;100;2,30;0,70;
2026-07-14 16:48:00.0;OFF;ON;100;-5,20;-2,30;2,20;21,10;96,30;107,50;7,40;4,50;100;2,30;0,70;
2026-07-14 16:49:00.0;OFF;ON;100;-6,10;-2,30;2,20;21,10;96,20;107,50;8,30;4,50;100;2,30;0,70;
2026-07-14 16:50:00.0;OFF;ON;100;-5,60;-2,30;2,20;21;96,20;107,50;7,80;4,50;100;2,30;0,70;
2026-07-14 16:51:00.0;OFF;ON;100;-5,20;-2,30;2,20;21;96,30;107,50;7,40;4,50;100;2,30;0,70;
2026-07-14 16:52:00.0;OFF;ON;100;-5,40;-2,30;2,20;20,90;96,20;107,50;7,60;4,50;100;2,30;0,60;
2026-07-14 16:53:00.0;OFF;ON;100;-5;-2,30;2,20;20,80;96,20;107,50;7,20;4,50;100;2,30;0,60;
2026-07-14 16:54:00.0;OFF;ON;100;-5,90;-2,30;2,20;20,80;96,30;107,50;8,10;4,50;100;2,20;0,60;
2026-07-14 16:55:00.0;OFF;ON;100;-5,20;-2,30;2,20;20,70;96,20;107,50;7,40;4,50;100;2,30;0,60;
2026-07-14 16:56:00.0;OFF;ON;100;-5,10;-2,40;2,10;20,70;96,30;107,50;7,20;4,50;100;2,20;0,60;
2026-07-14 16:57:00.0;OFF;ON;100;-5,20;-2,40;2,10;20,60;96,30;107,50;7,30;4,50;100;2,20;0,60;
2026-07-14 16:58:00.0;OFF;ON;100;-5,20;-2,40;2,10;20,60;96,30;107,50;7,30;4,50;100;2,20;0,60;
2026-07-14 16:59:00.0;OFF;ON;100;-5,20;-2,40;2,10;20,50;96,20;107,50;7,30;4,50;100;2,20;0,60;
2026-07-14 17:00:00.0;OFF;ON;100;-5,20;-2,40;2,10;20,50;96,10;107,50;7,30;4,50;100;2,20;0,50;
2026-07-14 17:01:00.0;OFF;ON;100;-5,70;-2,40;2,10;20,40;96,20;107,50;7,70;4,50;100;2,10;0,50;
2026-07-14 17:02:00.0;OFF;ON;100;-5,40;-2,50;2;20,40;96,30;107,50;7,40;4,50;100;2,10;0,50;
2026-07-14 17:03:00.0;OFF;ON;100;-5,30;-2,50;2;20,30;96,20;107,50;7,40;4,50;100;2,10;0,50;
2026-07-14 17:04:00.0;OFF;ON;100;-5,20;-2,50;2;20,30;96,30;107,50;7,20;4,50;100;2,10;0,50;
2026-07-14 17:05:00.0;OFF;ON;100;-5,70;-2,50;2;20,20;96,30;107,50;7,70;4,50;100;2;0,50;
2026-07-14 17:06:00.0;OFF;ON;100;-5,10;-2,50;2;20,20;96,20;107,50;7,10;4,50;100;2,10;0,50;
2026-07-14 17:07:00.0;OFF;ON;100;-5,30;-2,50;2;20,10;96,30;107,50;7,30;4,50;100;2,10;0,50;
2026-07-14 17:08:00.0;OFF;ON;100;-5,20;-2,50;2;20,10;96,20;107,50;7,20;4,50;100;2;0,50;
2026-07-14 17:09:00.0;OFF;ON;100;-5;-2,50;2;20;96,20;107,50;7;4,50;100;2;0,50;
2026-07-14 17:10:00.0;OFF;ON;100;-5,40;-2,50;2;20;96,30;107,50;7,30;4,50;100;2;0,50;
2026-07-14 17:11:00.0;OFF;ON;100;-5,50;-2,50;2;19,90;96,30;107,50;7,10;4,50;100;2;0,50;
2026-07-14 17:12:00.0;OFF;ON;100;-5,80;-2,50;2;19,90;96,20;107,50;7,50;4,50;100;2;0,50;
2026-07-14 17:13:00.0;OFF;ON;100;-5,40;-2,60;1,90;19,80;96,20;107,50;7,50;4,50;100;2;0,50;
2026-07-14 17:14:00.0;OFF;ON;100;-5,40;-2,60;1,90;19,80;96,20;107,50;7,40;4,50;100;2;0,50;
2026-07-14 17:15:00.0;OFF;ON;100;-5,30;-2,60;1,90;19,70;96,20;107,50;7,30;4,50;100;2;0,40;
2026-07-14 17:16:00.0;OFF;ON;100;-5,80;-2,60;1,90;19,70;96,30;107,50;7,20;4,50;100;2;0,40;
2026-07-14 17:17:00.0;OFF;ON;100;-5,40;-2,60;1,90;19,70;96,30;107,50;7,50;4,50;100;1,90;0,40;
2026-07-14 17:18:00.0;OFF;ON;100;-5;-2,60;1,90;19,60;96,30;107,50;6,80;4,50;100;2;0,40;
2026-07-14 17:19:00.0;OFF;ON;100;-5,40;-2,60;1,90;19,60;96,20;107,50;6,70;4,50;100;1,90;0,40;
2026-07-14 17:20:00.0;OFF;ON;100;-5,10;-2,60;1,90;19,50;96,20;107,50;7,10;4,50;100;1,90;0,40;
2026-07-14 17:21:00.0;OFF;ON;100;-5,10;-2,60;1,90;19,50;96,20;107,50;7,10;4,50;100;1,90;0,40;
2026-07-14 17:22:00.0;OFF;ON;100;-5,40;-2,60;1,90;19,40;96,20;107,50;7,20;4,50;100;2;0,40;
2026-07-14 17:23:00.0;OFF;ON;100;-5,60;-2,60;1,90;19,40;96,30;107,50;7,40;4,50;100;2;0,40;
2026-07-14 17:24:00.0;OFF;ON;100;-5,60;-2,70;1,80;19,40;96,40;107,50;7,40;4,50;100;1,90;0,40;
2026-07-14 17:25:00.0;OFF;ON;100;-5,70;-2,70;1,80;19,30;96,30;107,50;7,40;4,50;100;1,90;0,40;
2026-07-14 17:26:00.0;OFF;ON;100;-5,50;-2,70;1,80;19,30;96,10;107,50;7,50;4,50;100;1,90;0,30;
2026-07-14 17:27:00.0;OFF;ON;100;-6,10;-2,70;1,80;19,20;96,20;107,50;7,40;4,50;100;1,90;0,30;
2026-07-14 17:28:00.0;OFF;ON;100;-5,30;-2,70;1,80;19,20;96,10;107,50;8,20;4,50;100;1,90;0,30;
2026-07-14 17:29:00.0;OFF;ON;100;-5,40;-2,70;1,80;19,10;96,20;107,50;7,10;4,50;100;1,80;0,30;
2026-07-14 17:30:00.0;OFF;ON;100;-5,80;-2,70;1,80;19,10;96,20;107,50;7,60;4,50;100;1,80;0,30;
2026-07-14 17:31:00.0;OFF;ON;100;-5,70;-2,70;1,80;19,10;96,10;107,50;7,50;4,50;100;1,90;0,30;
2026-07-14 17:32:00.0;OFF;ON;100;-5,60;-2,80;1,70;19;96,10;107,50;7,40;4,50;100;1,80;0,30;
2026-07-14 17:33:00.0;OFF;ON;100;-5,80;-2,80;1,70;19;96,30;107,50;7,60;4,50;100;1,80;0,30;
2026-07-14 17:34:00.0;OFF;ON;100;-5,80;-2,80;1,70;18,90;96,20;107,50;7,50;4,50;100;1,80;0,30;
2026-07-14 17:35:00.0;OFF;ON;100;-5,60;-2,80;1,70;18,90;96,20;107,50;7,30;4,50;100;1,80;0,20;
2026-07-14 17:36:00.0;OFF;ON;100;-5,90;-2,80;1,70;18,90;96,10;107,50;7,60;4,50;100;1,80;0,20;
2026-07-14 17:37:00.0;OFF;ON;100;-6;-2,80;1,70;18,80;96,10;107,50;7,70;4,50;100;1,80;0,20;
2026-07-14 17:38:00.0;OFF;ON;100;-5,30;-2,80;1,70;18,80;96,10;107,50;7;4,50;100;1,80;0,20;
2026-07-14 17:39:00.0;OFF;ON;100;-5,40;-2,80;1,70;18,70;96,10;107,50;7;4,50;100;1,80;0,20;
2026-07-14 17:40:00.0;OFF;ON;100;-5,10;-2,80;1,70;18,70;96,10;107,50;6,80;4,50;100;1,80;0,20;
2026-07-14 17:41:00.0;OFF;ON;100;-5,30;-2,80;1,70;18,70;96,10;107,50;6,90;4,50;100;1,70;0,20;
2026-07-14 17:42:00.0;OFF;ON;100;-5,40;-2,90;1,60;18,60;96,10;107,50;7;4,50;100;1,70;0,20;
2026-07-14 17:43:00.0;OFF;ON;100;-4,80;-2,90;1,60;18,60;96,10;107,50;6,40;4,50;100;1,70;0,20;
2026-07-14 17:44:00.0;OFF;ON;100;-5,20;-2,90;1,60;18,50;96,20;107,50;6,80;4,50;100;1,70;0,20;
2026-07-14 17:45:00.0;OFF;ON;100;-5;-2,90;1,60;18,50;96,10;107,50;6,60;4,50;100;1,70;0,20;
2026-07-14 17:46:00.0;OFF;ON;100;-5,30;-2,90;1,60;18,40;96,10;107,50;6,90;4,50;100;1,70;0,20;
2026-07-14 17:47:00.0;OFF;ON;100;-5;-2,90;1,60;18,40;96,20;107,40;6,60;4,50;100;1,60;0,20;
2026-07-14 17:48:00.0;OFF;ON;100;-5,30;-2,90;1,60;18,40;96,20;107,40;6,90;4,50;100;1,70;0,10;
2026-07-14 17:49:00.0;OFF;ON;100;-5,20;-2,90;1,60;18,30;96,30;107,50;6,70;4,50;100;1,70;0,10;
2026-07-14 17:50:00.0;OFF;ON;100;-4,90;-2,90;1,60;18,30;96,20;107,40;6,50;4,50;100;1,70;0,10;
2026-07-14 17:51:00.0;OFF;ON;100;-4,70;-2,90;1,60;18,20;96,10;107,50;6,30;4,50;100;1,60;0,10;
2026-07-14 17:52:00.0;OFF;ON;100;-4,80;-2,90;1,60;18,20;96,20;107,50;6,40;4,50;100;1,70;0,20;
2026-07-14 17:53:00.0;OFF;ON;100;-4,70;-2,90;1,60;18,10;96,10;107,50;6,30;4,50;100;1,60;0,10;
2026-07-14 17:54:00.0;OFF;ON;100;-4,70;-3;1,50;18,10;96,10;107,40;6,20;4,50;100;1,60;0,10;
2026-07-14 17:55:00.0;OFF;ON;100;-4,70;-3;1,50;18,10;96;107,50;6,20;4,50;100;1,60;0,20;
2026-07-14 17:56:00.0;OFF;ON;100;-6,10;-3;1,50;18;96;107,50;7,60;4,50;100;1,60;0,10;
2026-07-14 17:57:00.0;OFF;ON;100;-5,10;-3;1,50;18;96,10;107,50;6,60;4,50;100;1,60;0,10;
2026-07-14 17:58:00.0;OFF;ON;100;-4,60;-3;1,50;17,90;96;107,40;6,10;4,50;100;1,60;0,10;
2026-07-14 17:59:00.0;OFF;ON;100;-6,30;-3;1,50;17,90;96;107,40;7,80;4,50;100;1,60;0,10;
2026-07-14 18:00:00.0;OFF;ON;100;-6,20;-3;1,50;17,80;96,10;107,50;7,70;4,50;100;1,60;0,10;
2026-07-14 18:01:00.0;OFF;ON;100;-5,30;-3;1,50;17,80;96,10;107,50;6,80;4,50;100;1,60;0,10;
2026-07-14 18:02:00.0;OFF;ON;100;-5,30;-3;1,50;17,80;96,10;107,50;6,80;4,50;100;1,60;0,10;
2026-07-14 18:03:00.0;OFF;ON;100;-4,80;-3;1,50;17,70;96,10;107,50;6,30;4,50;100;1,50;0,10;
2026-07-14 18:04:00.0;OFF;ON;100;-40;-3;1,50;17,70;96;107,40;41,50;4,50;100;1,60;0,10;
2026-07-14 18:05:00.0;OFF;ON;100;-6,50;-3;1,50;17,60;96,10;107,50;8;4,50;100;1,60;0,10;
2026-07-14 18:06:00.0;OFF;ON;100;-37,10;-3;1,50;17,60;96,10;107,40;38,60;4,50;100;1,50;0,10;
2026-07-14 18:07:00.0;OFF;ON;100;-6,50;-3;1,50;17,60;96;107,40;8;4,50;100;1,60;0,10;
2026-07-14 18:08:00.0;OFF;ON;100;-6,40;-3,10;1,40;17,50;96,10;107,40;7,90;4,50;100;1,50;0,10;
2026-07-14 18:09:00.0;OFF;ON;100;-5,20;-3;1,50;17,50;96,10;107,40;6,60;4,50;100;1,50;0,10;
2026-07-14 18:10:00.0;OFF;ON;100;-5,60;-3;1,50;17,40;96,10;107,40;7,10;4,50;100;1,60;0,10;
2026-07-14 18:11:00.0;OFF;ON;100;-5,60;-3,10;1,40;17,40;96,10;107,40;7,10;4,50;100;1,50;0,10;
2026-07-14 18:12:00.0;OFF;ON;100;-6,30;-3,10;1,40;17,30;96;107,40;7,70;4,50;100;1,50;0,10;
2026-07-14 18:13:00.0;OFF;ON;100;-5,70;-3,10;1,40;17,30;96;107,40;7,20;4,50;100;1,50;0,10;
2026-07-14 18:14:00.0;OFF;ON;100;-6,30;-3,10;1,40;17,20;96;107,40;7,70;4,50;100;1,50;0,10;
2026-07-14 18:15:00.0;OFF;ON;100;-4,80;-3,10;1,40;17,20;96;107,40;6,20;4,50;100;1,50;0,10;
2026-07-14 18:16:00.0;OFF;ON;100;-5,10;-3,10;1,40;17,20;96;107,40;6,50;4,50;100;1,50;0;
2026-07-14 18:17:00.0;OFF;ON;100;-6,60;-3,10;1,40;17,10;96;107,40;8;4,50;100;1,50;0;
2026-07-14 18:18:00.0;OFF;ON;100;-6,50;-3,10;1,40;17;96;107,40;7,90;4,50;100;1,50;0;
2026-07-14 18:19:00.0;OFF;ON;100;-5,60;-3,10;1,40;17;96;107,40;6,80;4,50;100;1,40;0;
2026-07-14 18:20:00.0;OFF;ON;100;-5,20;-3,20;1,30;17;96,10;107,40;6,60;4,50;100;1,50;0;
2026-07-14 18:21:00.0;OFF;ON;100;-6,10;-3,10;1,40;16,90;95,90;107,40;7,50;4,50;100;1,50;0;
2026-07-14 18:22:00.0;OFF;ON;100;-6;-3,20;1,30;16,90;96;107,40;7,30;4,50;100;1,40;0;
2026-07-14 18:23:00.0;OFF;ON;100;-5,70;-3,20;1,30;16,80;96;107,40;7,10;4,50;100;1,40;0;
2026-07-14 18:24:00.0;OFF;ON;100;-5,40;-3,20;1,30;16,80;96;107,40;6,80;4,50;100;1,40;0;
2026-07-14 18:25:00.0;OFF;ON;100;-5,50;-3,20;1,30;16,80;96;107,40;6,80;4,50;100;1,40;0;
2026-07-14 18:26:00.0;OFF;ON;100;-5,20;-3,20;1,30;16,70;96;107,40;6,50;4,50;100;1,40;0;
2026-07-14 18:27:00.0;OFF;ON;100;-4,90;-3,20;1,30;16,70;96;107,40;6,20;4,50;100;1,40;0;
2026-07-14 18:28:00.0;OFF;ON;100;-5;-3,20;1,30;16,60;95,90;107,40;6,20;4,50;100;1,40;0;
2026-07-14 18:29:00.0;OFF;ON;100;-4,90;-3,30;1,20;16,60;95,90;107,40;6,10;4,50;100;1,30;-0,10;
2026-07-14 18:30:00.0;OFF;ON;100;-5,50;-3,30;1,20;16,50;96;107,40;6,80;4,50;100;1,30;-0,10;
2026-07-14 18:31:00.0;OFF;ON;100;-5,70;-3,20;1,30;16,50;95,90;107,40;6,90;4,50;100;1,40;-0,10;
2026-07-14 18:32:00.0;OFF;ON;100;-5,30;-3,30;1,20;16,50;95,90;107,40;6,50;4,50;100;1,30;-0,10;
2026-07-14 18:33:00.0;OFF;ON;100;-5,40;-3,30;1,20;16,40;95,90;107,40;6,60;4,50;100;1,30;-0,10;
2026-07-14 18:34:00.0;OFF;ON;100;-5;-3,30;1,20;16,40;96;107,40;6,20;4,50;100;1,30;-0,10;
2026-07-14 18:35:00.0;OFF;ON;100;-5;-3,30;1,20;16,30;95,90;107,40;6,30;4,50;100;1,30;-0,10;
2026-07-14 18:36:00.0;OFF;ON;100;-5,10;-3,20;1,30;16,30;95,90;107,40;6,40;4,50;100;1,30;-0,10;
2026-07-14 18:37:00.0;OFF;ON;100;-5,30;-3,30;1,20;16,20;95,90;107,40;6,50;4,50;100;1,30;0;
2026-07-14 18:38:00.0;OFF;ON;100;-4,90;-3,30;1,20;16,20;96;107,40;6,20;4,50;100;1,40;0;
2026-07-14 18:39:00.0;OFF;ON;100;-5,10;-3,30;1,20;16,20;96;107,40;6,40;4,50;100;1,30;-0,10;
2026-07-14 18:40:00.0;OFF;ON;100;-5,70;-3,30;1,20;16,10;95,90;107,40;6,90;4,50;100;1,30;-0,10;
2026-07-14 18:41:00.0;OFF;ON;100;-5,90;-3,30;1,20;16,10;95,90;107,40;7,10;4,50;100;1,20;-0,10;
2026-07-14 18:42:00.0;OFF;ON;100;-5,50;-3,30;1,20;16;95,90;107,40;6,60;4,50;100;1,30;-0,10;
2026-07-14 18:43:00.0;OFF;ON;100;-6,10;-3,30;1,20;16;95,90;107,40;7,20;4,50;100;1,20;-0,10;
2026-07-14 18:44:00.0;OFF;ON;100;-6,20;-3,30;1,20;15,90;95,90;107,40;7,40;4,50;100;1,30;-0,10;
2026-07-14 18:45:00.0;OFF;ON;100;-6,40;-3,40;1,10;15,90;95,80;107,40;7,50;4,50;100;1,20;-0,10;
2026-07-14 18:46:00.0;OFF;ON;100;-5,80;-3,40;1,10;15,90;95,90;107,40;7;4,50;100;1,20;-0,10;
2026-07-14 18:47:00.0;OFF;ON;100;-7,50;-3,40;1,10;15,80;95,90;107,40;8,60;4,50;100;1,20;-0,10;
2026-07-14 18:48:00.0;OFF;ON;100;-5,90;-3,40;1,10;15,80;95,90;107,40;7;4,50;100;1,20;-0,10;
2026-07-14 18:49:00.0;OFF;ON;100;-5,40;-3,40;1,10;15,70;95,80;107,40;6,50;4,50;100;1,20;-0,10;
2026-07-14 18:50:00.0;OFF;ON;100;-7;-3,40;1,10;15,70;95,90;107,40;8,10;4,50;100;1,20;-0,10;
2026-07-14 18:51:00.0;OFF;ON;100;-7;-3,40;1,10;15,60;95,90;107,40;8,10;4,50;100;1,10;-0,10;
2026-07-14 18:52:00.0;OFF;ON;100;-40;-3,40;1,10;15,60;95,90;107,40;41,10;4,50;100;1,20;-0,10;
2026-07-14 18:53:00.0;OFF;ON;100;-40;-3,40;1,10;15,60;95,90;107,40;41,10;4,50;100;1,20;-0,10;
2026-07-14 18:54:00.0;OFF;ON;100;-6,60;-3,40;1,10;15,50;95,80;107,40;7,70;4,50;100;1,20;-0,20;
2026-07-14 18:55:00.0;OFF;ON;100;-6,60;-3,50;1;15,50;95,80;107,40;7,60;4,50;100;1,10;-0,30;
2026-07-14 18:56:00.0;OFF;ON;100;-6,40;-3,50;1;15,40;95,60;107,40;7,40;4,50;100;1;-0,30;
2026-07-14 18:57:00.0;OFF;ON;100;-6,70;-3,60;0,90;15,40;95,50;107,40;7,60;4,50;100;1;-0,30;
2026-07-14 18:58:00.0;OFF;ON;100;-40;-3,60;0,90;15,30;95,50;107,40;40,90;4,50;100;1;-0,30;
2026-07-14 18:59:00.0;OFF;ON;100;-40;-3,60;0,90;15,30;95,60;107,40;40,90;4,50;100;1;-0,30;
2026-07-14 19:00:00.0;OFF;ON;100;-7,50;-3,60;0,90;15,30;95,70;107,40;8,50;4,50;100;1;-0,20;
2026-07-14 19:01:00.0;OFF;ON;100;-6,50;-3,60;0,90;15,20;95,80;107,40;7,40;4,50;100;1;-0,20;
2026-07-14 19:02:00.0;OFF;ON;100;-37,30;-3,60;0,90;15,20;95,80;107,40;38,20;4,50;100;1;-0,20;
2026-07-14 19:03:00.0;OFF;ON;100;-32,20;-3,60;0,90;15,10;95,80;107,40;33,20;4,50;100;1;-0,20;
2026-07-14 19:04:00.0;OFF;ON;100;-40;-3,60;0,90;15,10;95,80;107,30;40,90;4,50;100;1;-0,20;
2026-07-14 19:05:00.0;OFF;ON;100;-6,30;-3,60;0,90;15;95,90;107,40;7,20;4,50;100;1,10;-0,20;
2026-07-14 19:06:00.0;OFF;ON;100;-14,60;-3,60;0,90;15;95,80;107,40;15,50;4,50;100;1;-0,20;
2026-07-14 19:07:00.0;OFF;ON;100;-7,60;-3,60;0,90;15;95,90;107,30;8,50;4,50;100;1;-0,20;
2026-07-14 19:08:00.0;OFF;ON;100;-6,50;-3,60;0,90;14,90;95,80;107,40;7,40;4,50;100;1;-0,20;
2026-07-14 19:09:00.0;OFF;ON;100;-30,40;-3,60;0,90;14,90;95,70;107,40;31,30;4,50;100;1;-0,20;
2026-07-14 19:10:00.0;OFF;ON;100;-5,40;-3,60;0,90;14,90;95,90;107,30;6,30;4,50;100;1;-0,30;
2026-07-14 19:11:00.0;OFF;ON;100;-25,70;-3,60;0,90;14,80;95,80;107,40;26,50;4,50;100;0,90;-0,30;
2026-07-14 19:12:00.0;OFF;ON;100;-18,20;-3,60;0,90;14,80;95,70;107,30;19,10;4,50;100;1;-0,20;
2026-07-14 19:13:00.0;OFF;ON;100;-31,80;-3,60;0,90;14,80;95,80;107,30;32,60;4,50;100;1;-0,30;
2026-07-14 19:14:00.0;OFF;ON;100;-36,10;-3,70;0,80;14,70;95,80;107,30;37;4,50;100;0,90;-0,30;
2026-07-14 19:15:00.0;OFF;ON;100;-31,10;-3,70;0,80;14,70;95,80;107,30;31,90;4,50;100;1;-0,30;
2026-07-14 19:16:00.0;OFF;ON;100;-21,60;-3,60;0,90;14,70;96;107,30;22,50;4,50;100;1;-0,10;
2026-07-14 19:17:00.0;OFF;ON;100;-6,80;-3,60;0,90;14,60;96,10;107,30;7,80;4,50;100;1;-0,10;
2026-07-14 19:18:00.0;OFF;ON;100;-28;-3,50;1;14,60;96,20;107,30;28,90;4,50;100;1,10;-0,10;
2026-07-14 19:19:00.0;OFF;ON;100;-6,20;-3,50;1;14,60;96,20;107,30;7,20;4,50;100;1;-0,10;
2026-07-14 19:20:00.0;OFF;ON;100;-5,90;-3,50;1;14,50;96,20;107,30;6,90;4,50;100;1,10;-0,10;
2026-07-14 19:21:00.0;OFF;ON;100;-6,20;-3,50;1;14,50;96,30;107,30;7,20;4,50;100;1;-0,10;
2026-07-14 19:22:00.0;OFF;ON;100;-7;-3,50;1;14,50;96,30;107,30;8;4,50;100;1,10;-0,10;
2026-07-14 19:23:00.0;OFF;ON;100;-6,80;-3,50;1;14,40;96,20;107,30;7,80;4,50;100;1;-0,10;
2026-07-14 19:24:00.0;OFF;ON;100;-6;-3,50;1;14,40;96,20;107,30;6,90;4,50;100;1,10;-0,10;
2026-07-14 19:25:00.0;OFF;ON;100;-5,70;-3,50;1;14,40;96,20;107,30;6,70;4,50;100;1;-0,10;
2026-07-14 19:26:00.0;OFF;ON;100;-7,30;-3,50;1;14,30;96,30;107,30;8,20;4,50;100;1;-0,10;
2026-07-14 19:27:00.0;OFF;ON;100;-6,70;-3,50;1;14,30;96,30;107,30;7,60;4,50;100;1;-0,10;
2026-07-14 19:28:00.0;OFF;ON;100;-6,10;-3,50;1;14,30;96,20;107,30;7,10;4,50;100;1;-0,10;
2026-07-14 19:29:00.0;OFF;ON;100;-6,10;-3,50;1;14,20;96,20;107,30;7,10;4,50;100;1;-0,10;
2026-07-14 19:30:00.0;OFF;ON;100;-6,30;-3,60;0,90;14,20;96,20;107,30;7,30;4,50;100;1;-0,10;
2026-07-14 19:31:00.0;OFF;ON;100;-6,20;-3,60;0,90;14,20;96,20;107,30;7,10;4,50;100;1;-0,10;
2026-07-14 19:32:00.0;OFF;ON;100;-7,80;-3,60;0,90;14,10;96,20;107,30;8,70;4,50;100;1,10;-0,10;
2026-07-14 19:33:00.0;OFF;ON;100;-12;-3,60;0,90;14,10;96,20;107,30;12,90;4,50;100;1;-0,20;
2026-07-14 19:34:00.0;OFF;ON;100;-7,60;-3,60;0,90;14,10;95,90;107,30;8,40;4,50;100;1;-0,30;
2026-07-14 19:35:00.0;OFF;ON;100;-6,70;-3,70;0,80;14;95,80;107,30;7,50;4,50;100;0,90;-0,30;
2026-07-14 19:36:00.0;OFF;ON;100;-6,80;-3,70;0,80;14;95,70;107,30;7,50;4,50;100;0,90;-0,30;
2026-07-14 19:37:00.0;OFF;ON;100;-12;-3,70;0,80;14;95,70;107,30;12,80;4,50;100;0,80;-0,20;
2026-07-14 19:38:00.0;OFF;ON;100;-7,20;-3,70;0,80;14;95,70;107,30;7,90;4,50;100;0,90;-0,30;
2026-07-14 19:39:00.0;OFF;ON;100;-16,60;-3,80;0,80;13,90;95,70;107,30;17,30;4,50;100;0,90;-0,30;
2026-07-14 19:40:00.0;OFF;ON;100;-8,20;-3,80;0,70;13,90;95,80;107,30;8,90;4,50;100;0,80;-0,30;
2026-07-14 19:41:00.0;OFF;ON;100;-17,50;-3,80;0,70;13,80;95,80;107,30;18,20;4,50;100;0,80;-0,30;
2026-07-14 19:42:00.0;OFF;ON;100;-12,80;-3,80;0,70;13,80;95,80;107,30;13,60;4,50;100;0,80;-0,30;
2026-07-14 19:43:00.0;OFF;ON;100;-7,70;-3,80;0,70;13,80;95,70;107,30;8,50;4,50;100;0,80;-0,30;
2026-07-14 19:44:00.0;OFF;ON;100;-25,30;-3,80;0,70;13,80;95,80;107,30;26,10;4,50;100;0,80;-0,30;
2026-07-14 19:45:00.0;OFF;ON;100;-14,30;-3,80;0,70;13,70;95,80;107,30;15,10;4,50;100;0,80;-0,30;
2026-07-14 19:46:00.0;OFF;ON;100;-7,30;-3,80;0,70;13,70;95,70;107,30;8;4,50;100;0,80;-0,30;
2026-07-14 19:47:00.0;OFF;ON;100;-29,10;-3,80;0,70;13,70;95,80;107,30;29,70;4,50;100;0,80;-0,30;
2026-07-14 19:48:00.0;OFF;ON;100;-34,20;-3,80;0,70;13,60;95,70;107,30;34,90;4,50;100;0,80;-0,30;
2026-07-14 19:49:00.0;OFF;ON;100;-30,40;-3,80;0,70;13,60;95,80;107,30;31;4,50;100;0,80;-0,30;
2026-07-14 19:50:00.0;OFF;ON;100;-32,60;-3,80;0,70;13,50;95,80;107,30;33,30;4,50;100;0,80;-0,30;
2026-07-14 19:51:00.0;OFF;ON;100;-31,50;-3,90;0,60;13,50;95,70;107,30;32,10;4,50;100;0,80;-0,30;
2026-07-14 19:52:00.0;OFF;ON;100;-26;-3,90;0,60;13,50;95,80;107,30;26,60;4,50;100;0,70;-0,30;
2026-07-14 19:53:00.0;OFF;ON;100;-32,60;-3,90;0,60;13,50;95,80;107,30;33,30;4,50;100;0,70;-0,30;
2026-07-14 19:54:00.0;OFF;ON;100;-24,30;-3,90;0,60;13,40;95,80;107,30;24,90;4,50;100;0,70;-0,30;
2026-07-14 19:55:00.0;OFF;ON;100;-30,50;-3,90;0,60;13,40;95,80;107,30;31,10;4,50;100;0,70;-0,30;
2026-07-14 19:56:00.0;OFF;ON;100;-19,60;-3,90;0,60;13,40;95,70;107,30;20,20;4,50;100;0,70;-0,40;
2026-07-14 19:57:00.0;OFF;ON;100;-34,50;-3,90;0,60;13,30;95,70;107,30;35,10;4,50;100;0,70;-0,40;
2026-07-14 19:58:00.0;OFF;ON;100;-13,70;-3,90;0,60;13,30;95,70;107,30;14,30;4,50;100;0,60;-0,40;
2026-07-14 19:59:00.0;OFF;ON;100;-36,40;-3,90;0,60;13,30;95,80;107,30;37;4,50;100;0,70;-0,40;
2026-07-14 20:00:00.0;OFF;ON;100;-19,30;-3,90;0,60;13,20;95,80;107,30;19,90;4,50;100;0,70;-0,40;
2026-07-14 20:01:00.0;OFF;ON;100;-34,90;-3,90;0,60;13,20;95,80;107,30;35,50;4,50;100;0,70;-0,40;
2026-07-14 20:02:00.0;OFF;ON;100;-35,50;-3,90;0,60;13,20;95,70;107,30;36;4,50;100;0,70;-0,40;
2026-07-14 20:03:00.0;OFF;ON;100;-33,20;-4;0,50;13,10;95,70;107,30;33,70;4,50;100;0,60;-0,40;
2026-07-14 20:04:00.0;OFF;ON;100;-32,90;-4;0,50;13,10;95,70;107,30;33,40;4,50;100;0,60;-0,40;
2026-07-14 20:05:00.0;OFF;ON;100;-33,60;-4;0,50;13,10;95,70;107,30;34,10;4,50;100;0,60;-0,40;
2026-07-14 20:06:00.0;OFF;ON;100;-38,60;-4;0,50;13;95,70;107,30;39,10;4,50;100;0,60;-0,40;
2026-07-14 20:07:00.0;OFF;ON;100;-40;-4;0,50;13;95,90;107,30;40,50;4,50;100;0,60;-0,30;
2026-07-14 20:08:00.0;OFF;ON;100;-40;-4;0,50;13;95,90;107,30;40,50;4,50;100;0,60;-0,30;
2026-07-14 20:09:00.0;OFF;ON;100;-30,70;-3,90;0,60;12,90;95,90;107,30;31,30;4,50;100;0,70;-0,30;
2026-07-14 20:10:00.0;OFF;ON;100;-32,80;-3,90;0,60;12,90;96;107,30;33,30;4,50;100;0,60;-0,30;
2026-07-14 20:11:00.0;OFF;ON;100;-20,70;-3,90;0,60;12,90;95,90;107,30;21,20;4,50;100;0,60;-0,30;
2026-07-14 20:12:00.0;OFF;ON;100;-33,60;-4;0,50;12,90;95,90;107,30;34,20;4,50;100;0,60;-0,30;
2026-07-14 20:13:00.0;OFF;ON;100;-28,20;-4;0,50;12,80;95,90;107,30;28,80;4,50;100;0,60;-0,30;
2026-07-14 20:14:00.0;OFF;ON;100;-40;-4;0,50;12,80;96;107,30;40,50;4,50;100;0,60;-0,30;
2026-07-14 20:15:00.0;OFF;ON;100;-29,60;-4;0,50;12,80;95,90;107,30;30,10;4,50;100;0,60;-0,30;
2026-07-14 20:16:00.0;OFF;ON;100;-38,10;-4;0,50;12,70;95,90;107,30;38,70;4,50;100;0,60;-0,30;
2026-07-14 20:17:00.0;OFF;ON;100;-39,40;-4;0,50;12,70;95,90;107,30;39,90;4,50;100;0,60;-0,30;
2026-07-14 20:18:00.0;OFF;ON;100;-39,60;-4;0,50;12,70;96;107,30;40,10;4,50;100;0,60;-0,30;
2026-07-14 20:19:00.0;OFF;ON;100;-40;-4;0,50;12,60;95,90;107,30;40,50;4,50;100;0,60;-0,30;
2026-07-14 20:20:00.0;OFF;ON;100;-38,80;-4;0,50;12,60;95,90;107,30;39,30;4,50;100;0,60;-0,30;
2026-07-14 20:21:00.0;OFF;ON;100;-37,50;-4;0,50;12,60;95,90;107,30;38;4,50;100;0,60;-0,30;
2026-07-14 20:22:00.0;OFF;ON;100;-40;-4;0,50;12,50;95,80;107,30;40,50;4,50;100;0,60;-0,40;
2026-07-14 20:23:00.0;OFF;ON;100;-33,70;-4;0,50;12,50;95,80;107,30;34,20;4,50;100;0,60;-0,40;
2026-07-14 20:24:00.0;OFF;ON;100;-29,30;-4;0,40;12,50;95,80;107,30;29,70;4,50;100;0,50;-0,40;
2026-07-14 20:25:00.0;OFF;ON;100;-19,10;-4;0,40;12,40;95,90;107,30;19,50;4,50;100;0,50;-0,40;
2026-07-14 20:26:00.0;OFF;ON;100;-6,90;-4;0,40;12,40;95,80;107,30;7,30;4,50;100;0,50;-0,40;
2026-07-14 20:27:00.0;OFF;ON;100;-29,60;-4;0,40;12,40;95,70;107,30;30;4,50;100;0,50;-0,40;
2026-07-14 20:28:00.0;OFF;ON;100;-33,90;-4;0,40;12,30;95,80;107,30;34,30;4,50;100;0,50;-0,40;
2026-07-14 20:29:00.0;OFF;ON;100;-6,90;-4;0,40;12,30;95,80;107,30;7,30;4,50;100;0,50;-0,40;
2026-07-14 20:30:00.0;OFF;ON;100;-38,70;-4;0,40;12,30;95,70;107,30;39,10;4,50;100;0,50;-0,40;
2026-07-14 20:31:00.0;OFF;ON;100;-36,20;-4;0,40;12,20;95,80;107,20;36,60;4,50;100;0,50;-0,40;
2026-07-14 20:32:00.0;OFF;ON;100;-38,90;-4;0,40;12,20;95,70;107,30;39,20;4,50;100;0,50;-0,40;
2026-07-14 20:33:00.0;OFF;ON;100;-40;-4;0,40;12,20;95,70;107,30;40,30;4,50;100;0,50;-0,40;
2026-07-14 20:34:00.0;OFF;ON;100;-37,90;-4;0,40;12,20;95,70;107,30;26,20;4,50;100;0,50;-0,40;
2026-07-14 20:35:00.0;OFF;ON;100;-32,90;-4;0,30;12,10;95,70;107,30;33,30;4,50;100;0,40;-0,40;
2026-07-14 20:36:00.0;OFF;ON;100;-32,70;-4;0,30;12,10;95,80;107,30;33;4,50;100;0,40;-0,40;
2026-07-14 20:37:00.0;OFF;ON;100;-36,10;-4;0,30;12;95,70;107,20;36,40;4,50;100;0,40;-0,40;
2026-07-14 20:38:00.0;OFF;ON;100;-6,70;-4;0,30;12;95,70;107,30;7,10;4,50;100;0,40;-0,40;
2026-07-14 20:39:00.0;OFF;ON;100;-8,50;-4;0,30;12;95,80;107,30;8,80;4,50;100;0,40;-0,40;
2026-07-14 20:40:00.0;OFF;ON;100;-6,80;-4;0,30;11,90;95,80;107,30;7,10;4,50;100;0,40;-0,40;
2026-07-14 20:41:00.0;OFF;ON;100;-6,70;-4;0,30;11,90;95,70;107,30;7;4,50;100;0,40;-0,40;
2026-07-14 20:42:00.0;OFF;ON;100;-37,70;-4;0,30;11,90;95,70;107,30;38;4,50;100;0,40;-0,40;
2026-07-14 20:43:00.0;OFF;ON;100;-29,90;-4;0,30;11,90;95,70;107,30;30,20;4,50;100;0,40;-0,40;
2026-07-14 20:44:00.0;OFF;ON;100;-40;-4;0,30;11,80;95,70;107,30;40,30;4,50;100;0,40;-0,40;
2026-07-14 20:45:00.0;OFF;ON;100;-7;-4;0,30;11,80;95,70;107,30;7,30;4,50;100;0,40;-0,40;
2026-07-14 20:46:00.0;OFF;ON;100;-6,50;-4;0,30;11,80;95,70;107,30;6,70;4,50;100;0,30;-0,40;
2026-07-14 20:47:00.0;OFF;ON;100;-7,60;-4;0,30;11,70;95,70;107,30;7,90;4,50;100;0,30;-0,40;
2026-07-14 20:48:00.0;OFF;ON;100;-30;-4;0,20;11,70;95,80;107,30;30,20;4,50;100;0,30;-0,40;
2026-07-14 20:49:00.0;OFF;ON;100;-36,90;-4;0,20;11,70;95,70;107,30;37,20;4,50;100;0,30;-0,50;
2026-07-14 20:50:00.0;OFF;ON;100;-6,70;-4;0,20;11,70;95,70;107,30;6,90;4,50;100;0,30;-0,50;
2026-07-14 20:51:00.0;OFF;ON;100;-35,10;-4;0,20;11,60;95,70;107,30;35,30;4,50;100;0,30;-0,50;
2026-07-14 20:52:00.0;OFF;ON;100;-40;-4;0,20;11,60;95,70;107,30;40,20;4,50;100;0,30;-0,50;
2026-07-14 20:53:00.0;OFF;ON;100;-7;-4;0,20;11,60;95,70;107,30;7,20;4,50;100;0,30;-0,50;
2026-07-14 20:54:00.0;OFF;ON;100;-7,10;-4;0,20;11,50;95,70;107,20;7,30;4,50;100;0,30;-0,50;
2026-07-14 20:55:00.0;OFF;ON;100;-17,40;-4;0,20;11,50;95,70;107,30;17,50;4,50;100;0,30;-0,50;
2026-07-14 20:56:00.0;OFF;ON;100;-7,20;-4;0,20;11,50;95,70;107,30;7,40;4,50;100;0,30;-0,50;
2026-07-14 20:57:00.0;OFF;ON;100;-6,80;-4;0,20;11,40;95,70;107,30;7;4,50;100;0,20;-0,50;
2026-07-14 20:58:00.0;OFF;ON;100;-7,30;-4;0,20;11,40;95,70;107,30;7,50;4,50;100;0,20;-0,50;
2026-07-14 20:59:00.0;OFF;ON;100;-22,90;-4;0,20;11,40;95,70;107,20;23;4,50;100;0,30;-0,50;
2026-07-14 21:00:00.0;OFF;ON;100;-7,30;-4;0,20;11,30;95,70;107,30;7,40;4,50;100;0,20;-0,50;
2026-07-14 21:01:00.0;OFF;ON;100;-7,80;-4;0,20;11,30;95,70;107,30;7,90;4,50;100;0,30;-0,50;
2026-07-14 21:02:00.0;OFF;ON;100;-7;-4;0,10;11,30;95,70;107,30;7,10;4,50;100;0,20;-0,50;
2026-07-14 21:03:00.0;OFF;ON;100;-7,60;-4;0,20;11,20;95,70;107,30;7,70;4,50;100;0,30;-0,50;
2026-07-14 21:04:00.0;OFF;ON;100;-7,50;-4;0,10;11,20;95,70;107,20;7,60;4,50;100;0,20;-0,50;
2026-07-14 21:05:00.0;OFF;ON;100;-6,90;-4;0,10;11,20;95,70;107,20;7;4,50;100;0,20;-0,50;
2026-07-14 21:06:00.0;OFF;ON;100;-6,90;-4;0,10;11,20;95,70;107,20;7;4,50;100;0,20;-0,50;
2026-07-14 21:07:00.0;OFF;ON;100;-32,50;-4;0,10;11,10;95,70;107,20;32,60;4,50;100;0,20;-0,50;
2026-07-14 21:08:00.0;OFF;ON;100;-16,50;-4;0,10;11,10;95,80;107,20;16,60;4,50;100;0,20;-0,50;
2026-07-14 21:09:00.0;OFF;ON;100;-11,90;-4;0,10;11,10;95,70;107,20;12;4,50;100;0,20;-0,50;
2026-07-14 21:10:00.0;OFF;ON;100;-7,60;-4;0,10;11;95,70;107,20;7,70;4,50;100;0,20;-0,50;
2026-07-14 21:11:00.0;OFF;ON;100;-6,70;-4;0,10;11;95,70;107,20;6,80;4,50;100;0,20;-0,50;
2026-07-14 21:12:00.0;OFF;ON;100;-20,70;-4;0,10;11;95,70;107,20;20,80;4,50;100;0,10;-0,50;
2026-07-14 21:13:00.0;OFF;ON;100;-12;-4;0,10;10,90;95,70;107,20;12,10;4,50;100;0,20;-0,50;
2026-07-14 21:14:00.0;OFF;ON;100;-7,30;-4;0,10;10,90;95,70;107,20;7,40;4,50;100;0,10;-0,50;
2026-07-14 21:15:00.0;OFF;ON;100;-16,50;-4;0;10,90;95,70;107,20;16,50;4,50;100;0,10;-0,60;
2026-07-14 21:16:00.0;OFF;ON;100;-13,90;-4;0;10,90;95,70;107,20;14;4,50;100;0,10;-0,50;
2026-07-14 21:17:00.0;OFF;ON;100;-7,50;-4;0;10,80;95,70;107,20;7,60;4,50;100;0,10;-0,50;
2026-07-14 21:18:00.0;OFF;ON;100;-7,70;-4;0;10,80;95,70;107,20;7,70;4,50;100;0,10;-0,60;
2026-07-14 21:19:00.0;OFF;ON;100;-13,30;-4;0;10,80;95,70;107,20;13,30;4,50;100;0,10;-0,60;
2026-07-14 21:20:00.0;OFF;ON;100;-6,90;-4;0;10,70;95,70;107,20;7;4,50;100;0,10;-0,60;
2026-07-14 21:21:00.0;OFF;ON;100;-6,80;-4;0;10,70;95,70;107,20;6,80;4,50;100;0,10;-0,60;
2026-07-14 21:22:00.0;OFF;ON;100;-8,10;-4;0;10,70;95,70;107,20;8,10;4,50;100;0,10;-0,60;
2026-07-14 21:23:00.0;OFF;ON;100;-5,80;-3,50;0;10,60;95,70;107,20;5,80;4,50;100;0,10;-0,70;
2026-07-14 21:24:00.0;OFF;ON;100;-40;-3,50;-0,10;10,60;95,60;107,20;39,90;4,50;100;0;-0,70;
2026-07-14 21:25:00.0;OFF;ON;100;-6,90;-3,60;-0,10;10,60;95,60;107,20;6,90;4,50;100;0;-0,70;
2026-07-14 21:26:00.0;OFF;ON;90;-6,60;-3,60;-0,10;10,60;95,50;107,20;6,50;3,50;100;0;-0,70;
2026-07-14 21:27:00.0;OFF;ON;90;-6,50;-3,60;-0,10;10,50;95,40;107,20;6,50;3,50;100;0;-0,70;
2026-07-14 21:28:00.0;OFF;ON;90;-25,40;-3,60;-0,10;10,50;95,50;107,20;25,30;3,50;100;0;-0,70;
2026-07-14 21:29:00.0;OFF;ON;90;-7,30;-3,60;-0,10;10,50;95,60;107,20;7,20;3,50;100;0;-0,70;
2026-07-14 21:30:00.0;OFF;ON;90;-5,80;-3,60;-0,10;10,40;95,70;107,20;5,80;3,50;100;0;-0,70;
2026-07-14 21:31:00.0;OFF;ON;90;-6,90;-3,60;-0,10;10,40;95,70;107,20;6,80;3,50;100;0;-0,60;
2026-07-14 21:32:00.0;OFF;ON;90;-6,70;-3,60;-0,10;10,40;95,70;107,20;6,60;3,50;100;0;-0,70;
2026-07-14 21:33:00.0;OFF;ON;90;-5,50;-3,60;-0,10;10,40;95,70;107,20;5,40;3,50;100;0;-0,70;
2026-07-14 21:34:00.0;OFF;ON;90;-7;-3,60;-0,10;10,30;95,70;107,20;6,90;3,50;100;0;-0,60;
2026-07-14 21:35:00.0;OFF;ON;90;-7,30;-3,60;-0,10;10,30;95,60;107,20;7,20;3,50;100;0;-0,60;
2026-07-14 21:36:00.0;OFF;ON;90;-7,70;-3,60;-0,10;10,30;95,60;107,20;7,60;3,50;100;0;-0,60;
2026-07-14 21:37:00.0;OFF;ON;90;-7,30;-3,60;-0,10;10,20;95,70;107,20;7,20;3,50;100;0;-0,60;
2026-07-14 21:38:00.0;OFF;ON;90;-7,30;-3,60;-0,10;10,20;95,70;107,20;7,30;3,50;100;0;-0,60;
2026-07-14 21:39:00.0;OFF;ON;90;-8,90;-3,60;-0,10;10,20;95,60;107,20;8,90;3,50;100;0;-0,60;
2026-07-14 21:40:00.0;OFF;ON;90;-8,30;-3,60;-0,10;10,20;95,70;107,20;8,30;3,50;100;-0,10;-0,60;
2026-07-14 21:41:00.0;OFF;ON;90;-8,30;-3,60;-0,10;10,10;95,70;107,20;8,20;3,50;100;-0,10;-0,70;
2026-07-14 21:42:00.0;OFF;ON;90;-8,20;-3,60;-0,10;10,10;95,70;107,20;8,10;3,50;100;-0,10;-0,70;
2026-07-14 21:43:00.0;OFF;ON;90;-7,40;-3,60;-0,10;10;95,70;107,20;7,30;3,50;100;-0,10;-0,70;
2026-07-14 21:44:00.0;OFF;ON;90;-6,70;-3,60;-0,10;10;95,70;107,20;6,60;3,50;100;-0,10;-0,70;
2026-07-14 21:45:00.0;OFF;ON;90;-6,40;-3,60;-0,10;10;95,70;107,20;6,30;3,50;100;-0,10;-0,70;
2026-07-14 21:46:00.0;OFF;ON;90;-7,10;-3,60;-0,10;10;95,60;107,20;7;3,50;100;-0,10;-0,70;
2026-07-14 21:47:00.0;OFF;ON;90;-8,30;-3,60;-0,10;10;95,70;107,20;8,20;3,50;100;-0,10;-0,70;
2026-07-14 21:48:00.0;OFF;ON;90;-8,10;-3,60;-0,10;9,90;95,60;107,20;7,90;3,50;100;-0,10;-0,70;
2026-07-14 21:49:00.0;OFF;ON;90;-6,50;-3,60;-0,10;9,90;95,60;107,20;6,40;3,50;100;-0,10;-0,70;
2026-07-14 21:50:00.0;OFF;ON;90;-7,20;-3,60;-0,10;9,90;95,60;107,20;7,10;3,50;100;-0,10;-0,70;
2026-07-14 21:51:00.0;OFF;ON;90;-6,60;-3,60;-0,10;9,90;95,60;107,20;6,50;3,50;100;-0,10;-0,70;
2026-07-14 21:52:00.0;OFF;ON;90;-7,90;-3,60;-0,10;9,80;95,60;107,20;7,80;3,50;100;-0,10;-0,70;
2026-07-14 21:53:00.0;OFF;ON;90;-7;-3,60;-0,10;9,80;95,60;107,20;6,90;3,50;100;-0,10;-0,70;
2026-07-14 21:54:00.0;OFF;ON;90;-7,30;-3,60;-0,10;9,80;95,60;107,20;7,10;3,50;100;-0,10;-0,70;
2026-07-14 21:55:00.0;OFF;ON;90;-5,60;-3,60;-0,10;9,80;95,60;107,20;5,50;3,50;100;-0,10;-0,70;
2026-07-14 21:56:00.0;OFF;ON;90;-5,80;-3,60;-0,20;9,70;95,60;107,20;5,70;3,50;100;-0,20;-0,70;
2026-07-14 21:57:00.0;OFF;ON;90;-7,20;-3,70;-0,20;9,70;95,60;107,20;7;3,50;100;-0,20;-0,70;
2026-07-14 21:58:00.0;OFF;ON;90;-6,40;-3,70;-0,20;9,70;95,60;107,20;6,20;3,50;100;-0,20;-0,70;
2026-07-14 21:59:00.0;OFF;ON;90;-6,60;-3,70;-0,20;9,70;95,60;107,20;6,40;3,50;100;-0,20;-0,70;
2026-07-14 22:00:00.0;OFF;ON;90;-6,50;-3,70;-0,20;9,60;95,60;107,20;6,30;3,50;100;-0,20;-0,70;
2026-07-14 22:01:00.0;OFF;ON;90;-6,50;-3,70;-0,20;9,60;95,60;107,20;6,40;3,50;100;-0,20;-0,70;
2026-07-14 22:02:00.0;OFF;ON;90;-6;-3,70;-0,20;9,60;95,60;107,20;5,80;3,50;100;-0,20;-0,70;
2026-07-14 22:03:00.0;OFF;ON;90;-6,50;-3,70;-0,20;9,60;95,60;107,20;6,30;3,50;100;-0,20;-0,70;
2026-07-14 22:04:00.0;OFF;ON;90;-6,30;-3,70;-0,20;9,60;95,60;107,20;6,10;3,50;100;-0,20;-0,70;
2026-07-14 22:05:00.0;OFF;ON;90;-38,80;-3,70;-0,20;9,50;95,60;107,20;38,60;3,50;100;-0,20;-0,70;
2026-07-14 22:06:00.0;OFF;ON;90;-4,80;-3,70;-0,20;9,50;95,50;107,20;4,60;3,50;100;-0,20;-0,70;
2026-07-14 22:07:00.0;OFF;ON;90;-5,60;-3,70;-0,20;9,50;95,50;107,20;5,40;3,50;100;-0,20;-0,80;
2026-07-14 22:08:00.0;OFF;ON;90;-6,60;-3,70;-0,20;9,50;95,60;107,20;6,50;3,50;100;-0,20;-0,80;
2026-07-14 22:09:00.0;OFF;ON;90;-30;-3,70;-0,20;9,40;95,50;107,20;29,80;3,50;100;-0,20;-0,80;
2026-07-14 22:10:00.0;OFF;ON;90;-6,40;-3,70;-0,20;9,40;95,60;107,20;6,20;3,50;100;-0,20;-0,80;
2026-07-14 22:11:00.0;OFF;ON;90;-6,20;-3,70;-0,20;9,40;95,50;107,20;6;3,50;100;-0,20;-0,80;
2026-07-14 22:12:00.0;OFF;ON;90;-7;-3,70;-0,20;9,40;95,50;107,20;6,80;3,50;100;-0,20;-0,80;
2026-07-14 22:13:00.0;OFF;ON;90;-40;-3,70;-0,20;9,30;95,50;107,20;39,80;3,50;100;-0,30;-0,80;
2026-07-14 22:14:00.0;OFF;ON;90;-7,70;-3,70;-0,20;9,30;95,60;107,20;7,50;3,50;100;-0,30;-0,80;
2026-07-14 22:15:00.0;OFF;ON;90;-7,70;-3,70;-0,20;9,30;95,50;107,20;7,50;3,50;100;-0,30;-0,80;
2026-07-14 22:16:00.0;OFF;ON;90;-12;-3,70;-0,20;9,30;95,50;107,20;11,80;3,50;100;-0,30;-0,80;
2026-07-14 22:17:00.0;OFF;ON;90;-6,70;-3,70;-0,20;9,20;95,50;107,20;6,40;3,50;100;-0,30;-0,80;
2026-07-14 22:18:00.0;OFF;ON;90;-39,30;-3,70;-0,20;9,20;95,50;107,20;39,10;3,50;100;-0,30;-0,80;
2026-07-14 22:19:00.0;OFF;ON;90;-6,30;-3,70;-0,20;9,20;95,50;107,20;6,10;3,50;100;-0,30;-0,80;
2026-07-14 22:20:00.0;OFF;ON;90;-20,30;-3,80;-0,30;9,20;95,50;107,20;20;3,50;100;-0,30;-0,80;
2026-07-14 22:21:00.0;OFF;ON;90;-38;-3,80;-0,30;9,20;95,50;107,20;37,70;3,50;100;-0,30;-0,80;
2026-07-14 22:22:00.0;OFF;ON;90;-7,30;-3,80;-0,30;9,10;95,50;107,20;7;3,50;100;-0,30;-0,80;
2026-07-14 22:23:00.0;OFF;ON;90;-7,20;-3,80;-0,30;9,10;95,50;107,20;7;3,50;100;-0,30;-0,80;
2026-07-14 22:24:00.0;OFF;ON;90;-8;-3,80;-0,30;9,10;95,40;107,20;7,70;3,50;100;-0,30;-0,80;
2026-07-14 22:25:00.0;OFF;ON;90;-40;-3,80;-0,30;9;95,40;107,20;39,70;3,50;100;-0,30;-0,80;
2026-07-14 22:26:00.0;OFF;ON;90;-38;-3,80;-0,30;9;95,30;107,20;37,70;3,50;100;-0,30;-0,80;
2026-07-14 22:27:00.0;OFF;ON;90;-35,30;-3,80;-0,30;9;95,30;107,20;35;3,50;100;-0,30;-0,80;
2026-07-14 22:28:00.0;OFF;ON;90;-8,30;-3,80;-0,30;9;95,30;107,20;8;3,50;100;-0,30;-0,80;
2026-07-14 22:29:00.0;OFF;ON;90;-28,60;-3,80;-0,30;9;95,30;107,20;28,20;3,50;100;-0,40;-0,90;
2026-07-14 22:30:00.0;OFF;ON;90;-7,10;-3,80;-0,30;8,90;95,30;107,20;6,70;3,50;100;-0,40;-0,90;
2026-07-14 22:31:00.0;OFF;ON;90;-6,90;-3,80;-0,30;8,90;95,30;107,20;6,60;3,50;100;-0,40;-0,90;
2026-07-14 22:32:00.0;OFF;ON;90;-21,20;-3,90;-0,40;8,90;95,30;107,20;20,80;3,50;100;-0,40;-0,90;
2026-07-14 22:33:00.0;OFF;ON;90;-7,10;-3,80;-0,30;8,90;95,30;107,20;6,80;3,50;100;-0,40;-0,90;
2026-07-14 22:34:00.0;OFF;ON;90;-7,70;-3,90;-0,40;8,90;95,30;107,20;7,30;3,50;100;-0,40;-0,90;
2026-07-14 22:35:00.0;OFF;ON;90;-17;-3,90;-0,40;8,80;95,30;107,20;16,60;3,50;100;-0,40;-0,90;
2026-07-14 22:36:00.0;OFF;ON;90;-7,60;-3,90;-0,40;8,80;95,40;107,20;7,30;3,50;100;-0,40;-0,90;
2026-07-14 22:37:00.0;OFF;ON;90;-26,50;-3,90;-0,40;8,80;95,50;107,20;26,10;3,50;100;-0,40;-0,90;
2026-07-14 22:38:00.0;OFF;ON;90;-12;-3,90;-0,30;8,70;95,40;107,20;11,70;3,50;100;-0,40;-0,90;
2026-07-14 22:39:00.0;OFF;ON;90;-6,70;-3,80;-0,30;8,70;95,40;107,20;6,40;3,50;100;-0,40;-0,90;
2026-07-14 22:40:00.0;OFF;ON;90;-6,50;-3,80;-0,30;8,70;95,50;107,20;6,20;3,50;100;-0,40;-0,90;
2026-07-14 22:41:00.0;OFF;ON;90;-6,80;-3,90;-0,40;8,70;95,40;107,20;6,40;3,50;100;-0,40;-0,90;
2026-07-14 22:42:00.0;OFF;ON;90;-7,60;-3,90;-0,40;8,60;95,50;107,20;7,20;3,50;100;-0,40;-0,90;
2026-07-14 22:43:00.0;OFF;ON;90;-6,80;-3,90;-0,40;8,60;95,50;107,20;6,40;3,50;100;-0,40;-0,90;
2026-07-14 22:44:00.0;OFF;ON;90;-5,50;-3,90;-0,40;8,60;95,50;107,20;5,10;3,50;100;-0,50;-0,90;
2026-07-14 22:45:00.0;OFF;ON;90;-7;-3,90;-0,40;8,60;95,50;107,10;6,60;3,50;100;-0,50;-0,90;
2026-07-14 22:46:00.0;OFF;ON;90;-7,10;-3,90;-0,40;8,60;95,40;107,20;6,60;3,50;100;-0,40;-0,90;
2026-07-14 22:47:00.0;OFF;ON;90;-7,30;-3,90;-0,40;8,50;95,40;107,20;6,80;3,50;100;-0,40;-0,90;
2026-07-14 22:48:00.0;OFF;ON;90;-7,10;-3,90;-0,40;8,50;95,40;107,10;6,70;3,50;100;-0,50;-0,90;
2026-07-14 22:49:00.0;OFF;ON;90;-6,10;-3,90;-0,40;8,50;95,40;107,20;6,70;3,50;100;-0,50;-0,90;
2026-07-14 22:50:00.0;OFF;ON;90;-7,50;-3,90;-0,50;8,50;95,50;107,10;7;3,50;100;-0,50;-0,90;
2026-07-14 22:51:00.0;OFF;ON;90;-27,90;-4;-0,50;8,40;95,40;107,10;27,50;3,50;100;-0,50;-0,90;
2026-07-14 22:52:00.0;OFF;ON;90;-7,50;-4;-0,50;8,40;95,40;107,10;7;3,50;100;-0,50;-0,90;
2026-07-14 22:53:00.0;OFF;ON;90;-7,10;-4;-0,50;8,40;95,40;107,10;6,60;3,50;100;-0,50;-0,90;
2026-07-14 22:54:00.0;OFF;ON;90;-6,50;-4;-0,50;8,40;95,40;107,10;6;3,50;100;-0,50;-0,90;
2026-07-14 22:55:00.0;OFF;ON;90;-12;-4;-0,50;8,30;95,30;107,10;11,60;3,50;100;-0,50;-0,90;
2026-07-14 22:56:00.0;OFF;ON;90;-6,50;-4;-0,50;8,30;95,50;107,10;6;3,50;100;-0,50;-0,90;
2026-07-14 22:57:00.0;OFF;ON;90;-6,70;-4;-0,50;8,30;95,40;107,10;6,20;3,50;100;-0,50;-0,90;
2026-07-14 22:58:00.0;OFF;ON;90;-6,40;-4;-0,50;8,30;95,40;107,10;5,90;3,50;100;-0,50;-0,90;
2026-07-14 22:59:00.0;OFF;ON;90;-31,90;-4;-0,50;8,20;95,40;107,10;31,40;3,50;100;-0,50;-0,90;
2026-07-14 23:00:00.0;OFF;ON;90;-6,80;-4;-0,50;8,20;95,50;107,10;6,40;3,50;100;-0,50;-0,90;
2026-07-14 23:01:00.0;OFF;ON;90;-40;-4;-0,50;8,20;95,50;107,10;39,50;3,50;100;-0,50;-0,90;
2026-07-14 23:02:00.0;OFF;ON;90;-39,80;-4;-0,50;8,20;95,40;107,10;39,40;3,50;100;-0,50;-0,90;
2026-07-14 23:03:00.0;OFF;ON;90;-22,30;-4;-0,50;8,10;95,40;107,10;21,80;3,50;100;-0,50;-0,90;
2026-07-14 23:04:00.0;OFF;ON;90;-6,70;-4;-0,50;8,10;95,40;107,10;6,20;3,50;100;-0,60;-1;
2026-07-14 23:05:00.0;OFF;ON;90;-7,40;-4;-0,50;8,10;95,40;107,10;6,90;3,50;100;-0,60;-1;
2026-07-14 23:06:00.0;OFF;ON;90;-36,90;-4;-0,50;8,10;95,40;107,10;36,40;3,50;100;-0,60;-0,90;
2026-07-14 23:07:00.0;OFF;ON;90;-7,90;-4;-0,50;8;95,40;107,10;7,40;3,50;100;-0,60;-0,90;
2026-07-14 23:08:00.0;OFF;ON;90;-15,70;-4;-0,50;8;95,40;107,10;15,20;3,50;100;-0,60;-0,90;
2026-07-14 23:09:00.0;OFF;ON;90;-7,40;-4;-0,50;8;95,30;107,10;6,80;3,50;100;-0,60;-0,90;
2026-07-14 23:10:00.0;OFF;ON;90;-5,90;-4;-0,50;8;95,30;107,10;5,40;3,50;100;-0,60;-1;
2026-07-14 23:11:00.0;OFF;ON;90;-5,90;-4;-0,50;7,90;95,30;107,10;5,30;3,50;100;-0,60;-1;
2026-07-14 23:12:00.0;OFF;ON;90;-6,80;-4;-0,50;7,90;95,30;107,10;6,30;3,50;100;-0,60;-1;
2026-07-14 23:13:00.0;OFF;ON;90;-5,50;-4;-0,50;7,90;95,30;107,10;5;3,50;100;-0,60;-1;
2026-07-14 23:14:00.0;OFF;ON;90;-6,60;-4;-0,50;7,90;95,40;107,10;6;3,50;100;-0,60;-1;
2026-07-14 23:15:00.0;OFF;ON;90;-29,50;-4;-0,50;7,90;95,40;107,10;28,90;3,50;100;-0,60;-1;
2026-07-14 23:16:00.0;OFF;ON;90;-6,60;-4;-0,60;7,80;95,50;107,10;6;3,50;100;-0,60;-1;
2026-07-14 23:17:00.0;OFF;ON;90;-7;-4;-0,60;7,80;95,40;107,10;6,40;3,50;100;-0,60;-1;
2026-07-14 23:18:00.0;OFF;ON;90;-40;-4;-0,60;7,80;95,40;107,10;39,40;3,50;100;-0,60;-1;
2026-07-14 23:19:00.0;OFF;ON;90;-40;-4;-0,60;7,80;95,40;107,10;39,40;3,50;100;-0,60;-1;
2026-07-14 23:20:00.0;OFF;ON;90;-6,10;-4;-0,60;7,70;95,50;107,10;5,50;3,50;100;-0,60;-1;
2026-07-14 23:21:00.0;OFF;ON;90;-6,80;-4;-0,60;7,70;95,40;107,10;6,20;3,50;100;-0,60;-1;
2026-07-14 23:22:00.0;OFF;ON;90;-7;-4;-0,60;7,70;95,40;107,10;6,40;3,50;100;-0,60;-1;
2026-07-14 23:23:00.0;OFF;ON;90;-7;-4;-0,60;7,70;95,40;107,10;6,40;3,50;100;-0,60;-1;
2026-07-14 23:24:00.0;OFF;ON;90;-40;-4;-0,60;7,60;95,40;107,10;39,40;3,50;100;-0,60;-1;
2026-07-14 23:25:00.0;OFF;ON;90;-39,80;-4;-0,60;7,60;95,40;107,10;39,20;3,50;100;-0,60;-1;
2026-07-14 23:26:00.0;OFF;ON;90;-6,50;-4;-0,60;7,60;95,40;107,10;5,90;3,50;100;-0,60;-1;
2026-07-14 23:27:00.0;OFF;ON;90;-30,50;-4;-0,60;7,60;95,40;107,10;29,80;3,50;100;-0,60;-1;
2026-07-14 23:28:00.0;OFF;ON;90;-6,90;-4;-0,60;7,50;95,40;107,10;6,30;3,50;100;-0,60;-1;
2026-07-14 23:29:00.0;OFF;ON;90;-6,50;-4;-0,60;7,50;95,40;107,10;5,90;3,50;100;-0,60;-1;
2026-07-14 23:30:00.0;OFF;ON;90;-6,50;-4;-0,60;7,50;95,50;107,10;5,90;3,50;100;-0,60;-1;
2026-07-14 23:31:00.0;OFF;ON;90;-40;-4;-0,60;7,50;95,40;107,10;39,40;3,50;100;-0,70;-1;
2026-07-14 23:32:00.0;OFF;ON;90;-29,80;-4;-0,60;7,40;95,40;107,10;29,20;3,50;100;-0,70;-1;
2026-07-14 23:33:00.0;OFF;ON;90;-7,20;-4;-0,60;7,40;95,30;107,10;6,60;3,50;100;-0,60;-1;
2026-07-14 23:34:00.0;OFF;ON;90;-38,70;-4;-0,60;7,40;95,40;107,10;38;3,50;100;-0,70;-1;
2026-07-14 23:35:00.0;OFF;ON;90;-40;-4;-0,60;7,40;95,40;107,10;39,40;3,50;100;-0,70;-1;
2026-07-14 23:36:00.0;OFF;ON;90;-7,20;-4;-0,60;7,30;95,40;107,10;6,50;3,50;100;-0,70;-1;
2026-07-14 23:37:00.0;OFF;ON;90;-6,80;-4;-0,60;7,30;95,40;107,10;6,20;3,50;100;-0,70;-1;
2026-07-14 23:38:00.0;OFF;ON;90;-35,40;-4;-0,60;7,30;95,30;107,10;34,70;3,50;100;-0,70;-1;
2026-07-14 23:39:00.0;OFF;ON;90;-6,20;-4;-0,70;7,30;95,30;107,10;5,60;3,50;100;-0,70;-1;
2026-07-14 23:40:00.0;OFF;ON;90;-6,10;-4;-0,70;7,20;95,40;107,10;5,40;3,50;100;-0,70;-1;
2026-07-14 23:41:00.0;OFF;ON;90;-6,70;-4;-0,70;7,20;95,40;107,10;6;3,50;100;-0,70;-1;
2026-07-14 23:42:00.0;OFF;ON;90;-6,80;-4;-0,70;7,20;95,40;107,10;6,10;3,50;100;-0,70;-1;
2026-07-14 23:43:00.0;OFF;ON;90;-6,40;-4;-0,70;7,20;95,30;107,10;5,70;3,50;100;-0,70;-1;
2026-07-14 23:44:00.0;OFF;ON;90;-6,80;-4;-0,70;7,20;95,30;107,10;6,10;3,50;100;-0,70;-1;
2026-07-14 23:45:00.0;OFF;ON;90;-6,60;-4;-0,70;7,10;95,40;107,10;5,90;3,50;100;-0,70;-1;
2026-07-14 23:46:00.0;OFF;ON;90;-6,90;-4;-0,70;7,10;95,40;107,10;6,20;3,50;100;-0,70;-1;
2026-07-14 23:47:00.0;OFF;ON;90;-6,80;-4;-0,70;7,10;95,30;107,10;6,10;3,50;100;-0,70;-1;
2026-07-14 23:48:00.0;OFF;ON;90;-31,20;-4;-0,70;7,10;95,40;107,10;30,50;3,50;100;-0,70;-1;
2026-07-14 23:49:00.0;OFF;ON;90;-7;-4;-0,70;7;95,50;107,10;6,30;3,50;100;-0,70;-1;
2026-07-14 23:50:00.0;OFF;ON;90;-40;-4;-0,70;7;95,40;107,10;39,30;3,50;100;-0,70;-1;
2026-07-14 23:51:00.0;OFF;ON;90;-6,70;-4;-0,70;7;95,30;107,10;6;3,50;100;-0,70;-1;
2026-07-14 23:52:00.0;OFF;ON;90;-6,80;-4;-0,70;7;95,40;107,10;6;3,50;100;-0,70;-1;
2026-07-14 23:53:00.0;OFF;ON;90;-6,60;-4;-0,70;6,90;95,40;107,10;5,90;3,50;100;-0,70;-1;
2026-07-14 23:54:00.0;OFF;ON;90;-13,40;-4;-0,70;6,90;95,30;107,10;12,70;3,50;100;-0,70;-1;
2026-07-14 23:55:00.0;OFF;ON;90;-15,40;-4;-0,70;6,90;95,30;107,10;14,60;3,50;100;-0,80;-1;
2026-07-14 23:56:00.0;OFF;ON;90;-39,80;-4;-0,70;6,90;95,30;107,10;39,10;3,50;100;-0,80;-1;
2026-07-14 23:57:00.0;OFF;ON;90;-6,10;-4;-0,70;6,90;95,40;107,10;5,40;3,50;100;-0,70;-1;
2026-07-14 23:58:00.0;OFF;ON;90;-6,80;-4;-0,70;6,80;95,30;107,10;6;3,50;100;-0,80;-1,10;
2026-07-14 23:59:00.0;OFF;ON;90;-12,20;-4;-0,80;6,80;95,30;107,10;11,50;3,50;100;-0,80;-1,10;
