CamCarcacas2;
2026-07-15 00:00;2026-07-16 00:00;
12144 Frigorífico Thoms;
ayron.costa;
" ";CPCO 51 - Câmara de carcaças - Controle de temperatura 1;CPCO 51 - Câmara de carcaças - Controle de temperatura 1;CPCO 51 - Câmara de carcaças - Controle de temperatura 1;CPCO 51 - Câmara de carcaças - Controle de temperatura 1;CPCO 51 - Câmara de carcaças - Controle de temperatura 1;CPCO 51 - Câmara de carcaças - Controle de temperatura 1;CPCO 52 - Câmara de carcaças - Controle de temperatura 2;CPCO 52 - Câmara de carcaças - Controle de temperatura 2;CPCO 53 - Balança;CPCO 51 - Câmara de carcaças - Controle de temperatura 1;CPCO 51 - Câmara de carcaças - Controle de temperatura 1;CPCO 51 - Câmara de carcaças - Controle de temperatura 1;CPCO 51 - Câmara de carcaças - Controle de temperatura 1;CPCO 54 - Câmara de carcaças - Controle de temperatura 3;
" ";Carregamento;Resfriamento;Saida Y1 - Ventiladores EC;Temp entrada glicol;Temp ref;Temp retorno ar;Temperatuda espeto;Umidade relativa da camara;Peso atual;DT Atual;DT ref;Cap Atual Valvula;Temp retorno ar M1A08;Temp Insuf de ar M1A08;" ";
2026-07-15 00:00:00.0;OFF;ON;90;-23,40;-4;-0,80;6,80;95,20;107,10;22,60;3,50;100;-0,80;-1,10;
2026-07-15 00:01:00.0;OFF;ON;90;-6,60;-4;-0,80;6,70;95,20;107,10;5,80;3,50;100;-0,80;-1,10;
2026-07-15 00:02:00.0;OFF;ON;90;-6,70;-4;-0,80;6,70;95,20;107,10;6;3,50;100;-0,80;-1,10;
2026-07-15 00:03:00.0;OFF;ON;90;-20,20;-4;-0,80;6,70;95,20;107,10;19,50;3,50;100;-0,80;-1,10;
2026-07-15 00:04:00.0;OFF;ON;90;-6,90;-4;-0,80;6,70;95,20;107,10;6,10;3,50;100;-0,80;-1,10;
2026-07-15 00:05:00.0;OFF;ON;90;-6,80;-4;-0,80;6,70;95,20;107,10;6;3,50;100;-0,80;-1,10;
2026-07-15 00:06:00.0;OFF;ON;90;-7,30;-4;-0,80;6,60;95,20;107,10;6,50;3,50;100;-0,80;-1,10;
2026-07-15 00:07:00.0;OFF;ON;90;-32,20;-4;-0,80;6,60;95,30;107,10;31,40;3,50;100;-0,80;-1,10;
2026-07-15 00:08:00.0;OFF;ON;90;-40;-4;-0,80;6,60;95,30;107,10;39,20;3,50;100;-0,80;-1,10;
2026-07-15 00:09:00.0;OFF;ON;90;-6,90;-4;-0,80;6,50;95,30;107,10;6,20;3,50;100;-0,80;-1,10;
2026-07-15 00:10:00.0;OFF;ON;90;-16;-4;-0,80;6,50;95,30;107,10;15,20;3,50;100;-0,80;-1,10;
2026-07-15 00:11:00.0;OFF;ON;90;-6,90;-4;-0,80;6,50;95,30;107,10;6,10;3,50;100;-0,80;-1,10;
2026-07-15 00:12:00.0;OFF;ON;90;-12;-4;-0,80;6,50;95,30;107,10;11,20;3,50;100;-0,80;-1,10;
2026-07-15 00:13:00.0;OFF;ON;90;-7;-4;-0,80;6,50;95,30;107,10;6,20;3,50;100;-0,80;-1,10;
2026-07-15 00:14:00.0;OFF;ON;90;-7,10;-4;-0,80;6,40;95,30;107,10;6,40;3,50;100;-0,80;-1,10;
2026-07-15 00:15:00.0;OFF;ON;90;-7;-4;-0,80;6,40;95,30;107,10;6,20;3,50;100;-0,80;-1,10;
2026-07-15 00:16:00.0;OFF;ON;90;-37,10;-4;-0,80;6,40;95,30;107,10;36,30;3,50;100;-0,80;-1,10;
2026-07-15 00:17:00.0;OFF;ON;90;-40;-4;-0,80;6,40;95,30;107,10;39,20;3,50;100;-0,80;-1,10;
2026-07-15 00:18:00.0;OFF;ON;90;-6,90;-4;-0,80;6,30;95,30;107,10;6,20;3,50;100;-0,80;-1,10;
2026-07-15 00:19:00.0;OFF;ON;90;-6,80;-4;-0,80;6,30;95,20;107,10;6;3,50;100;-0,80;-1,10;
2026-07-15 00:20:00.0;OFF;ON;90;-6,60;-4;-0,80;6,30;95,20;107,10;5,80;3,50;100;-0,80;-1,10;
2026-07-15 00:21:00.0;OFF;ON;90;-40;-4;-0,80;6,20;95,20;107,10;39,20;3,50;100;-0,90;-1,10;
2026-07-15 00:22:00.0;OFF;ON;90;-7,50;-4;-0,80;6,20;95,20;107,10;6,70;3,50;100;-0,90;-1,20;
2026-07-15 00:23:00.0;OFF;ON;90;-37,50;-4;-0,90;6,20;95,10;107,10;36,60;3,50;100;-0,90;-1,20;
2026-07-15 00:24:00.0;OFF;ON;90;-39,80;-4;-0,90;6,20;95,10;107,10;38,90;3,50;100;-0,90;-1,20;
2026-07-15 00:25:00.0;OFF;ON;90;-6,80;-4;-0,90;6,20;95,10;107,10;5,90;3,50;100;-0,90;-1,20;
2026-07-15 00:26:00.0;OFF;ON;90;-24,50;-4;-0,90;6,10;95,10;107,10;23,60;3,50;100;-0,90;-1,20;
2026-07-15 00:27:00.0;OFF;ON;90;-24,60;-4;-0,90;6,10;95,10;107,10;23,70;3,50;100;-0,90;-1,20;
2026-07-15 00:28:00.0;OFF;ON;90;-6,80;-4;-0,90;6,10;95,20;107,10;5,90;3,50;100;-0,90;-1,10;
2026-07-15 00:29:00.0;OFF;ON;90;-23,10;-4;-0,90;6,10;95,20;107,10;22,20;3,50;100;-0,90;-1,10;
2026-07-15 00:30:00.0;OFF;ON;90;-6,20;-4;-0,90;6;95,20;107,10;5,30;3,50;100;-0,90;-1,10;
2026-07-15 00:31:00.0;OFF;ON;90;-6,70;-4;-0,90;6;95,30;107,10;5,80;3,50;100;-0,90;-1,10;
2026-07-15 00:32:00.0;OFF;ON;90;-35,60;-4;-0,90;6;95,20;107,10;34,80;3,50;100;-0,90;-1,10;
2026-07-15 00:33:00.0;OFF;ON;90;-38,50;-4;-0,90;5,90;95,30;107,10;37,60;3,50;100;-0,90;-1,10;
2026-07-15 00:34:00.0;OFF;ON;90;-34,80;-4;-0,90;5,90;95,30;107,10;34;3,50;100;-0,90;-1,10;
2026-07-15 00:35:00.0;OFF;ON;90;-7,20;-4;-0,90;5,90;95,30;107,10;6,30;3,50;100;-0,90;-1,10;
2026-07-15 00:36:00.0;OFF;ON;90;-6,60;-4;-0,90;5,90;95,30;107,10;5,80;3,50;100;-0,90;-1,10;
2026-07-15 00:37:00.0;OFF;ON;90;-6,70;-4;-0,90;5,90;95,30;107,10;5,80;3,50;100;-0,90;-1,10;
2026-07-15 00:38:00.0;OFF;ON;90;-7,10;-4;-0,90;5,80;95,30;107,10;6,30;3,50;100;-0,90;-1,10;
2026-07-15 00:39:00.0;OFF;ON;90;-7;-4;-0,90;5,80;95,40;107,10;6,10;3,50;100;-0,90;-1,10;
2026-07-15 00:40:00.0;OFF;ON;90;-6;-4;-0,90;5,80;95,30;107,10;5,10;3,50;100;-0,90;-1,10;
2026-07-15 00:41:00.0;OFF;ON;90;-6,80;-4;-0,90;5,80;95,40;107,10;5,90;3,50;100;-0,90;-1,10;
2026-07-15 00:42:00.0;OFF;ON;90;-6,80;-4;-0,90;5,70;95,40;107,10;5,90;3,50;100;-0,90;-1,10;
2026-07-15 00:43:00.0;OFF;ON;90;-30,50;-4;-0,90;5,70;95,40;107,10;29,60;3,50;100;-0,90;-1,10;
2026-07-15 00:44:00.0;OFF;ON;90;-40;-4;-0,90;5,70;95,30;107,10;39,10;3,50;100;-0,90;-1,10;
2026-07-15 00:45:00.0;OFF;ON;90;-32,90;-4;-0,90;5,70;95,30;107,10;32;3,50;100;-0,90;-1,10;
2026-07-15 00:46:00.0;OFF;ON;90;-6,40;-4;-0,90;5,60;95,30;107,10;5,50;3,50;100;-0,90;-1,10;
2026-07-15 00:47:00.0;OFF;ON;90;-6,70;-4;-0,90;5,60;95,30;104,40;5,80;3,50;100;-0,90;-1,10;
2026-07-15 00:48:00.0;OFF;ON;90;-6,30;-4;-0,90;5,60;95,40;63,10;5,40;3,50;100;-0,90;-1,10;
2026-07-15 00:49:00.0;OFF;ON;90;-6;-4;-0,80;5,60;95,50;61,90;5,20;3,50;100;-0,90;-1,10;
2026-07-15 00:50:00.0;OFF;ON;90;-6,40;-4;-0,80;5,70;95,60;65;5,60;3,50;100;-0,90;-1,10;
2026-07-15 00:51:00.0;OFF;ON;90;-6;-4;-0,80;5,70;95,60;65,50;5,30;3,50;100;-0,90;-1,10;
2026-07-15 00:52:00.0;OFF;ON;90;-5,80;-4;-0,70;5,70;95,70;64,40;5,10;3,50;100;-0,90;-1,10;
2026-07-15 00:53:00.0;OFF;ON;90;-7;-4;-0,80;5,70;95,60;67,20;6,20;3,50;100;-0,90;-1,10;
2026-07-15 00:54:00.0;OFF;ON;90;-5,70;-4;-0,80;5,70;95,60;67,40;4,90;3,50;100;-0,90;-1,10;
2026-07-15 00:55:00.0;OFF;ON;90;-6,60;-4;-0,80;5,60;95,60;67,70;5,90;3,50;100;-0,90;-1,10;
2026-07-15 00:56:00.0;OFF;ON;90;-7;-4;-0,80;5,60;95,60;67,90;6,30;3,50;100;-0,90;-1,10;
2026-07-15 00:57:00.0;OFF;ON;90;-40;-4;-0,80;5,50;95,60;68;39,20;3,50;100;-0,90;-1,10;
2026-07-15 00:58:00.0;OFF;ON;90;-33,30;-4;-0,70;5,50;95,60;68;32,60;3,50;100;-0,90;-1,20;
2026-07-15 00:59:00.0;OFF;ON;90;-6,80;-4;-0,80;5,40;95,60;68,10;6;3,50;100;-1;-1,50;
2026-07-15 01:00:00.0;OFF;ON;90;-7,40;-4;-0,90;5,40;95,50;68,10;6,60;3,50;100;-1;-1,60;
2026-07-15 01:01:00.0;OFF;ON;90;-6;-4;-0,90;5,40;95,10;68,10;5,10;3,50;100;-1,10;-1,80;
2026-07-15 01:02:00.0;OFF;ON;50;-6,80;-4;-1;5,30;94,90;68,20;5,80;3,50;100;-1,10;-1,80;
2026-07-15 01:03:00.0;OFF;ON;50;-13,20;-4;-1;5,30;94,80;67,60;12,20;3,50;100;-1,20;-1,90;
2026-07-15 01:04:00.0;OFF;ON;50;-7,50;-4;-1,10;5,30;94,60;63,90;6,40;3,50;100;-1,20;-1,90;
2026-07-15 01:05:00.0;OFF;ON;50;-6,60;-4;-1,10;5,20;94,60;64,50;5,60;3,50;100;-1,20;-2;
2026-07-15 01:06:00.0;OFF;ON;50;-7;-4;-1,10;5,20;94,40;65,20;5,90;3,50;100;-1,20;-2;
2026-07-15 01:07:00.0;OFF;ON;50;-6,60;-4;-1,10;5,20;94,40;65,40;5,50;3,50;100;-1,20;-2;
2026-07-15 01:08:00.0;OFF;ON;50;-6,20;-4;-1,10;5,20;94,40;65,20;5,10;3,50;100;-1,20;-2,10;
2026-07-15 01:09:00.0;OFF;ON;50;-6,80;-4;-1,20;5,10;94,30;65,30;5,60;3,50;100;-1,30;-2,10;
2026-07-15 01:10:00.0;OFF;ON;50;-6,50;-4;-1,20;5,10;94,30;65,30;5,30;3,50;100;-1,30;-2,10;
2026-07-15 01:11:00.0;OFF;ON;50;-6,50;-4;-1,20;5,10;94,10;65,40;5,30;3,50;100;-1,30;-2,10;
2026-07-15 01:12:00.0;OFF;ON;50;-6,40;-4;-1,20;5;94,20;65,50;5,20;3,50;100;-1,30;-2,10;
2026-07-15 01:13:00.0;OFF;ON;50;-6,70;-3,90;-1,20;5;94,40;65,60;5,50;3,50;100;-1,30;-2;
2026-07-15 01:14:00.0;OFF;ON;50;-6,70;-3,90;-1,20;5;94,40;65,60;5,60;3,50;100;-1,30;-2;
2026-07-15 01:15:00.0;OFF;ON;50;-6,90;-3,70;-1,20;5;94,60;65,70;5,80;3,50;100;-1,30;-2;
2026-07-15 01:16:00.0;OFF;ON;50;-6,70;-3,60;-1,20;4,90;94,60;65,80;5,60;3,50;100;-1,30;-1,90;
2026-07-15 01:17:00.0;OFF;ON;50;-6,70;-3,50;-1,10;4,90;94,60;65,90;5,50;3,50;100;-1,30;-1,90;
2026-07-15 01:18:00.0;OFF;ON;50;-8,20;-3,40;-1,10;4,90;94,70;65,80;7;3,50;100;-1,20;-1,90;
2026-07-15 01:19:00.0;OFF;ON;50;-7;-3,40;-1,10;4,90;94,80;62,90;5,90;3,50;100;-1,20;-1,90;
2026-07-15 01:20:00.0;OFF;ON;50;-7,20;-3,20;-1,10;4,90;94,90;61,90;6,10;3,50;100;-1,30;-1,90;
2026-07-15 01:21:00.0;OFF;ON;50;-7,70;-3,10;-1,10;4,90;94,80;61,90;6,60;3,50;100;-1,30;-1,90;
2026-07-15 01:22:00.0;OFF;ON;50;-19,50;-3;-1,10;4,80;94,90;62;18,40;3,50;100;-1,30;-1,90;
2026-07-15 01:23:00.0;OFF;ON;50;-7,70;-2,90;-1,10;4,80;94,80;64,40;6,50;3,50;100;-1,30;-1,90;
2026-07-15 01:24:00.0;OFF;ON;50;-34,10;-2,80;-1,10;4,80;94,80;64,70;33;3,50;100;-1,30;-1,90;
2026-07-15 01:25:00.0;OFF;ON;50;-6,90;-2,70;-1,20;4,80;94,80;67,20;5,70;3,50;100;-1,30;-1,90;
2026-07-15 01:26:00.0;OFF;ON;50;-6,10;-2,60;-1,20;4,80;94,80;67,20;5;3,50;100;-1,40;-1,90;
2026-07-15 01:27:00.0;OFF;ON;50;-6,10;-2,50;-1,20;4,70;94,70;67,20;5;3,50;100;-1,30;-2;
2026-07-15 01:28:00.0;OFF;ON;50;-6,60;-2,40;-1,20;4,70;94,60;66,70;5,40;3,50;100;-1,30;-2;
2026-07-15 01:29:00.0;OFF;ON;50;-6,50;-2,30;-1,20;4,70;94,50;63,30;5,30;3,50;100;-1,40;-2;
2026-07-15 01:30:00.0;OFF;ON;50;-40;-2,20;-1,20;4,70;94,60;63,30;38,80;3,50;100;-1,30;-2;
2026-07-15 01:31:00.0;OFF;ON;50;-40;-2;-1,10;4,70;94,60;63,30;38,90;3,50;100;-1,30;-2;
2026-07-15 01:32:00.0;OFF;ON;50;-34,70;-1,80;-1,10;4,60;94,60;63,30;33,50;3,50;100;-1,30;-1,90;
2026-07-15 01:33:00.0;OFF;ON;50;-34;-1,70;-1,10;4,60;94,60;63,50;32,80;3,50;100;-1,20;-1,90;
2026-07-15 01:34:00.0;OFF;ON;50;-40;-1,60;-1,10;4,60;94,60;63,80;38,90;3,50;100;-1,30;-1,90;
2026-07-15 01:35:00.0;OFF;ON;50;-7,50;-1,50;-1,10;4,60;94,70;63,80;6,40;3,50;100;-1,30;-1,90;
2026-07-15 01:36:00.0;OFF;ON;50;-7,60;-1,30;-1,10;4,60;94,70;63,80;6,50;3,50;100;-1,20;-1,90;
2026-07-15 01:37:00.0;OFF;ON;50;-6,90;-1,20;-1,10;4,50;94,60;63,80;5,80;3,50;100;-1,20;-1,90;
2026-07-15 01:38:00.0;OFF;ON;50;-7;-1;-1,10;4,50;94,70;63,90;5,90;3,50;100;-1,20;-1,90;
2026-07-15 01:39:00.0;OFF;ON;50;-40;-0,80;-1,10;4,50;94,70;63,80;38,90;3,50;100;-1,20;-1,90;
2026-07-15 01:40:00.0;OFF;ON;50;-40;-0,70;-1,10;4,50;94,70;63,60;38,90;3,50;100;-1,20;-1,90;
2026-07-15 01:41:00.0;OFF;ON;50;-7,40;-0,50;-1,10;4,50;94,70;63,80;6,30;3,50;100;-1,20;-1,80;
2026-07-15 01:42:00.0;OFF;ON;50;-7;-0,40;-1,10;4,40;94,80;62,70;5,90;3,50;100;-1,20;-1,80;
2026-07-15 01:43:00.0;OFF;ON;50;-7,30;-0,20;-1,10;4,40;94,70;61,10;6,10;3,50;100;-1,20;-1,90;
2026-07-15 01:44:00.0;OFF;ON;50;-40;-0,10;-1,10;4,40;94,70;61;38,90;3,50;100;-1,20;-1,90;
2026-07-15 01:45:00.0;OFF;ON;50;-7,70;0,10;-1,20;4,40;94,80;61,10;6,50;3,50;100;-1,30;-1,90;
2026-07-15 01:46:00.0;OFF;ON;50;-12,50;0,30;-1,20;4,40;94,60;61,20;11,30;3,50;100;-1,30;-1,90;
2026-07-15 01:47:00.0;OFF;ON;50;-6,70;0,30;-1,20;4,30;94,50;61,20;5,50;3,50;100;-1,30;-1,90;
2026-07-15 01:48:00.0;OFF;ON;50;-16,40;0,50;-1,30;4,30;94,30;61,20;15,10;3,50;100;-1,40;-2;
2026-07-15 01:49:00.0;OFF;ON;50;-7,20;0,60;-1,30;4,30;94;61,20;5,90;3,50;100;-1,40;-2,10;
2026-07-15 01:50:00.0;OFF;ON;50;-7,60;0,70;-1,40;4,30;94;61,30;6,20;3,50;100;-1,40;-2,10;
2026-07-15 01:51:00.0;OFF;ON;50;-12;0,90;-1,40;4,20;94;61,30;10,60;3,50;100;-1,50;-2,10;
2026-07-15 01:52:00.0;OFF;ON;50;-7,90;1,10;-1,40;4,20;93,90;61,30;6,50;3,50;100;-1,50;-2,10;
2026-07-15 01:53:00.0;OFF;ON;50;-7,30;1,10;-1,40;4,20;93,80;61,30;5,80;3,50;100;-1,50;-2,20;
2026-07-15 01:54:00.0;OFF;ON;50;-19,70;1,10;-1,40;4,20;93,70;61,30;18,30;3,50;100;-1,50;-2,20;
2026-07-15 01:55:00.0;OFF;ON;50;-7;1;-1,50;4,20;93,70;61,40;5,50;3,50;100;-1,50;-2,20;
2026-07-15 01:56:00.0;OFF;ON;50;-7;1;-1,50;4,20;93,70;61,40;5,50;3,50;100;-1,60;-2,20;
2026-07-15 01:57:00.0;OFF;ON;50;-40;1;-1,50;4,10;93,80;61,40;38,50;3,50;100;-1,60;-2,20;
2026-07-15 01:58:00.0;OFF;ON;50;-34,90;1;-1,50;4,10;93,70;61,40;33,40;3,50;100;-1,60;-2,20;
2026-07-15 01:59:00.0;OFF;ON;50;-27,20;1;-1,50;4,10;93,70;61,40;25,70;3,50;100;-1,60;-2,30;
2026-07-15 02:00:00.0;OFF;ON;50;-34,20;1;-1,50;4,10;93,70;61,50;32,70;3,50;100;-1,60;-2,30;
2026-07-15 02:01:00.0;OFF;ON;50;-40;1;-1,50;4,10;93,70;61,50;38,50;3,50;100;-1,60;-2,30;
2026-07-15 02:02:00.0;OFF;ON;50;-40;1;-1,50;4;93,70;61,50;38,50;3,50;100;-1,60;-2,30;
2026-07-15 02:03:00.0;OFF;ON;50;-40;1;-1,50;4;93,80;61,50;38,50;3,50;100;-1,60;-2,30;
2026-07-15 02:04:00.0;OFF;ON;50;-37,80;0,90;-1,60;4;93,80;61,50;36,20;3,50;100;-1,60;-2,30;
2026-07-15 02:05:00.0;OFF;ON;50;-40;1;-1,60;4;93,80;61,50;38,40;3,50;100;-1,60;-2,30;
2026-07-15 02:06:00.0;OFF;ON;50;-7,40;0,90;-1,60;4;93,70;61,60;5,80;3,50;100;-1,60;-2,30;
2026-07-15 02:07:00.0;OFF;ON;50;-6,80;0,90;-1,60;4;93,90;61,60;5,30;3,50;100;-1,70;-2,30;
2026-07-15 02:08:00.0;OFF;ON;50;-27;0,90;-1,60;3,90;93,80;61,60;25,40;3,50;100;-1,70;-2,30;
2026-07-15 02:09:00.0;OFF;ON;50;-7,40;0,90;-1,60;3,90;93,80;61,60;5,80;3,50;100;-1,70;-2,30;
2026-07-15 02:10:00.0;OFF;ON;50;-40;0,90;-1,60;3,90;94;61,70;38,40;3,50;100;-1,70;-2,30;
2026-07-15 02:11:00.0;OFF;ON;50;-40;0,90;-1,60;3,90;93,90;61,70;38,40;3,50;100;-1,70;-2,30;
2026-07-15 02:12:00.0;OFF;ON;50;-40;0,90;-1,60;3,90;93,90;61,70;38,40;3,50;100;-1,70;-2,30;
2026-07-15 02:13:00.0;OFF;ON;50;-40;0,90;-1,60;3,90;93,90;61,70;38,40;3,50;100;-1,70;-2,30;
2026-07-15 02:14:00.0;OFF;ON;50;-40;0,90;-1,60;3,80;93,90;61,70;38,40;3,50;100;-1,70;-2,30;
2026-07-15 02:15:00.0;OFF;ON;50;-7,30;0,90;-1,60;3,80;93,90;61,70;5,70;3,50;100;-1,70;-2,30;
2026-07-15 02:16:00.0;OFF;ON;50;-20,80;0,90;-1,60;3,80;93,90;61,70;19,20;3,50;100;-1,70;-2,30;
2026-07-15 02:17:00.0;OFF;ON;50;-37,30;0,90;-1,60;3,80;93,90;61,70;35,70;3,50;100;-1,70;-2,30;
2026-07-15 02:18:00.0;OFF;ON;50;-38,10;0,90;-1,60;3,80;94;61,80;36,50;3,50;100;-1,70;-2,30;
2026-07-15 02:19:00.0;OFF;ON;50;-7,50;0,90;-1,60;3,70;93,90;61,80;6,10;3,50;100;-1,70;-2,30;
2026-07-15 02:20:00.0;OFF;ON;50;-40;0,90;-1,60;3,70;93,90;61,80;38,40;3,50;100;-1,70;-2,30;
2026-07-15 02:21:00.0;OFF;ON;50;-40;0,90;-1,60;3,70;93,90;61,80;38,40;3,50;100;-1,70;-2,30;
2026-07-15 02:22:00.0;OFF;ON;50;-36;0,90;-1,60;3,70;94;61,80;34,40;3,50;100;-1,70;-2,30;
2026-07-15 02:23:00.0;OFF;ON;50;-7;0,90;-1,60;3,70;94;61,80;5,40;3,50;100;-1,70;-2,30;
2026-07-15 02:24:00.0;OFF;ON;50;-25,30;0,90;-1,60;3,70;94;61,80;23,70;3,50;100;-1,70;-2,30;
2026-07-15 02:25:00.0;OFF;ON;50;-7,30;0,90;-1,60;3,60;94,10;61,80;5,70;3,50;100;-1,70;-2,20;
2026-07-15 02:26:00.0;OFF;ON;50;-6,90;0,90;-1,60;3,60;94,10;61,90;5,30;3,50;100;-1,70;-2,20;
2026-07-15 02:27:00.0;OFF;ON;50;-40;0,90;-1,60;3,60;94,20;61,90;38,40;3,50;100;-1,70;-2,20;
2026-07-15 02:28:00.0;OFF;ON;50;-40;0,90;-1,60;3,60;94,10;61,90;38,40;3,50;100;-1,70;-2,20;
2026-07-15 02:29:00.0;OFF;ON;50;-40;0,90;-1,60;3,60;94;61,90;38,40;3,50;100;-1,70;-2,20;
2026-07-15 02:30:00.0;OFF;ON;50;-38,50;0,90;-1,60;3,60;94,10;62;36,90;3,50;100;-1,70;-2,20;
2026-07-15 02:31:00.0;OFF;ON;50;-6,70;0,90;-1,60;3,50;94,10;62;5,20;3,50;100;-1,60;-2,20;
2026-07-15 02:32:00.0;OFF;ON;50;-40;0,90;-1,60;3,50;94,10;62;38,40;3,50;100;-1,70;-2,20;
2026-07-15 02:33:00.0;OFF;ON;50;-40;0,90;-1,60;3,50;94,20;62;38,40;3,50;100;-1,70;-2,20;
2026-07-15 02:34:00.0;OFF;ON;50;-40;0,90;-1,60;3,50;94,30;62;38,40;3,50;100;-1,70;-2,20;
2026-07-15 02:35:00.0;OFF;ON;50;-39,80;0,90;-1,60;3,50;94,30;62;38,20;3,50;100;-1,70;-2,20;
2026-07-15 02:36:00.0;OFF;ON;50;-40;0,90;-1,60;3,50;94,20;62;38,40;3,50;100;-1,60;-2,20;
2026-07-15 02:37:00.0;OFF;ON;50;-39,90;0,90;-1,60;3,40;94,20;62,10;38,40;3,50;100;-1,70;-2,20;
2026-07-15 02:38:00.0;OFF;ON;50;-40;0,90;-1,60;3,40;94,30;62,10;38,40;3,50;100;-1,70;-2,20;
2026-07-15 02:39:00.0;OFF;ON;50;-36,80;0,90;-1,60;3,40;94,30;62,10;35,30;3,50;100;-1,70;-2,20;
2026-07-15 02:40:00.0;OFF;ON;50;-6,90;0,90;-1,60;3,40;94,30;62;5,40;3,50;100;-1,60;-2,20;
2026-07-15 02:41:00.0;OFF;ON;50;-37,60;1;-1,50;3,40;94,30;61,60;36,10;3,50;100;-1,70;-2,20;
2026-07-15 02:42:00.0;OFF;ON;50;-35,30;1;-1,50;3,40;94,50;61,70;33,80;3,50;100;-1,70;-2,20;
2026-07-15 02:43:00.0;OFF;ON;50;-7,20;1;-1,50;3,40;94,60;61,60;5,80;3,50;100;-1,60;-2,10;
2026-07-15 02:44:00.0;OFF;ON;50;-7,10;1;-1,50;3,30;94,60;61,50;5,70;3,50;100;-1,70;-2,10;
2026-07-15 02:45:00.0;OFF;ON;50;-40;1;-1,40;3,30;94,60;64,30;38,60;3,50;100;-1,60;-2,10;
2026-07-15 02:46:00.0;OFF;ON;50;-38,80;1,10;-1,40;3,30;94,70;64,40;37,40;3,50;100;-1,70;-2,10;
2026-07-15 02:47:00.0;OFF;ON;50;-40;1,10;-1,40;3,30;94,70;64,20;38,60;3,50;100;-1,60;-2,10;
2026-07-15 02:48:00.0;OFF;ON;50;-40;1,10;-1,40;3,30;94,60;64,20;38,60;3,50;100;-1,60;-2,10;
2026-07-15 02:49:00.0;OFF;ON;50;-40;1;-1,50;3,30;94,60;64,20;38,50;3,50;100;-1,60;-2,10;
2026-07-15 02:50:00.0;OFF;ON;50;-34,40;1;-1,50;3,20;94,60;64,20;32,90;3,50;100;-1,60;-2,10;
2026-07-15 02:51:00.0;OFF;ON;50;-34,70;1;-1,50;3,20;94,60;64,30;33,20;3,50;100;-1,60;-2,10;
2026-07-15 02:52:00.0;OFF;ON;50;-40;1;-1,50;3,20;94,50;64,40;38,50;3,50;100;-1,60;-2,10;
2026-07-15 02:53:00.0;OFF;ON;50;-40;1;-1,50;3,20;94,40;64,40;38,50;3,50;100;-1,60;-2,10;
2026-07-15 02:54:00.0;OFF;ON;50;-23,90;1;-1,50;3,20;94,30;64,40;22,40;3,50;100;-1,60;-2,10;
2026-07-15 02:55:00.0;OFF;ON;50;-38,50;1;-1,50;3,20;94,30;64,40;37;3,50;100;-1,60;-2,10;
2026-07-15 02:56:00.0;OFF;ON;50;-38,60;0,90;-1,60;3,10;94,30;64,40;37;3,50;100;-1,60;-2,10;
2026-07-15 02:57:00.0;OFF;ON;50;-34,60;0,90;-1,60;3,10;94,10;64,40;33,10;3,50;100;-1,70;-2,10;
2026-07-15 02:58:00.0;OFF;ON;50;-7,10;0,90;-1,60;3,10;94,20;64,40;5,60;3,50;100;-1,70;-2,10;
2026-07-15 02:59:00.0;OFF;ON;50;-32,70;0,90;-1,60;3,10;94,20;64,30;31,20;3,50;100;-1,60;-2,20;
2026-07-15 03:00:00.0;OFF;ON;50;-37,10;0,90;-1,50;3,10;94,20;63,70;35,50;3,50;100;-1,70;-2,20;
2026-07-15 03:01:00.0;OFF;ON;50;-7,30;1;-1,50;3;94,20;63,50;5,70;3,50;100;-1,70;-2,20;
2026-07-15 03:02:00.0;OFF;ON;50;-40;1;-1,60;3;94,30;63,50;38,40;3,50;100;-1,70;-2,20;
2026-07-15 03:03:00.0;OFF;ON;50;-40;0,90;-1,60;3;94,30;63,50;38,40;3,50;100;-1,70;-2,20;
2026-07-15 03:04:00.0;OFF;ON;50;-40;0,90;-1,60;3;94,20;63,50;38,40;3,50;100;-1,70;-2,20;
2026-07-15 03:05:00.0;OFF;ON;50;-12,70;0,90;-1,60;3;94,30;63,50;5,70;3,50;100;-1,70;-2,20;
2026-07-15 03:06:00.0;OFF;ON;50;-36,50;0,90;-1,60;3;94,30;63,90;34,90;3,50;100;-1,70;-2,20;
2026-07-15 03:07:00.0;OFF;ON;50;-40;0,90;-1,60;2,90;94,20;64;38,40;3,50;100;-1,70;-2,20;
2026-07-15 03:08:00.0;OFF;ON;50;-40;1;-1,50;2,90;94,30;63,70;38,50;3,50;100;-1,70;-2,20;
2026-07-15 03:09:00.0;OFF;ON;50;-40;1;-1,50;2,90;94,30;63,80;38,50;3,50;100;-1,70;-2,10;
2026-07-15 03:10:00.0;OFF;ON;50;-40;1;-1,60;2,90;94,50;63,80;38,40;3,50;100;-1,70;-2,10;
2026-07-15 03:11:00.0;OFF;ON;50;-40;0,90;-1,60;2,90;94,40;63,80;38,40;3,50;100;-1,70;-2,10;
2026-07-15 03:12:00.0;OFF;ON;50;-40;0,90;-1,60;2,90;94,30;63,80;38,40;3,50;100;-1,70;-2,10;
2026-07-15 03:13:00.0;OFF;ON;50;-40;0,90;-1,60;2,80;94,40;63,90;38,40;3,50;100;-1,70;-2,10;
2026-07-15 03:14:00.0;OFF;ON;50;-27,60;0,90;-1,60;2,80;94,40;63,90;26;3,50;100;-1,70;-2,10;
2026-07-15 03:15:00.0;OFF;ON;50;-38,20;0,90;-1,60;2,80;94,40;63,90;36,60;3,50;100;-1,70;-2,10;
2026-07-15 03:16:00.0;OFF;ON;50;-37,40;0,90;-1,60;2,80;94,40;63,90;35,80;3,50;100;-1,70;-2,10;
2026-07-15 03:17:00.0;OFF;ON;50;-39,70;0,90;-1,60;2,80;94,30;63,90;38,10;3,50;100;-1,70;-2,10;
2026-07-15 03:18:00.0;OFF;ON;50;-36,50;0,90;-1,60;2,80;94,30;63,90;34,90;3,50;100;-1,70;-2,10;
2026-07-15 03:19:00.0;OFF;ON;50;-34,20;0,90;-1,60;2,80;94,30;63,90;32,60;3,50;100;-1,70;-2,10;
2026-07-15 03:20:00.0;OFF;ON;50;-37,80;0,90;-1,60;2,70;94,10;63,90;36,20;3,50;100;-1,70;-2,20;
2026-07-15 03:21:00.0;OFF;ON;50;-40;0,90;-1,60;2,70;94,10;63,90;38,40;3,50;100;-1,70;-2,10;
2026-07-15 03:22:00.0;OFF;ON;50;-40;0,90;-1,60;2,70;94,20;64;38,40;3,50;100;-1,70;-2,10;
2026-07-15 03:23:00.0;OFF;ON;50;-6,90;0,90;-1,60;2,70;94,20;64;5,30;3,50;100;-1,60;-2,10;
2026-07-15 03:24:00.0;OFF;ON;50;-7,10;0,90;-1,60;2,70;94;64;5,50;3,50;100;-1,70;-2,10;
2026-07-15 03:25:00.0;OFF;ON;50;-12;0,90;-1,60;2,70;94,10;64;10,40;3,50;100;-1,70;-2,10;
2026-07-15 03:26:00.0;OFF;ON;50;-6,70;0,90;-1,60;2,60;94,10;64,20;5,10;3,50;100;-1,70;-2,10;
2026-07-15 03:27:00.0;OFF;ON;50;-6,90;0,90;-1,60;2,60;94,30;64,20;5,30;3,50;100;-1,70;-2,10;
2026-07-15 03:28:00.0;OFF;ON;50;-40;0,90;-1,50;2,60;94,40;64,10;38,50;3,50;100;-1,70;-2,10;
2026-07-15 03:29:00.0;OFF;ON;50;-7;1;-1,50;2,60;94,40;64,10;5,50;3,50;100;-1,70;-2,10;
2026-07-15 03:30:00.0;OFF;ON;50;-39,60;1;-1,50;2,60;94,60;64,20;38,10;3,50;100;-1,70;-2,10;
2026-07-15 03:31:00.0;OFF;ON;50;-40;1;-1,50;2,60;94,60;64,10;38,50;3,50;100;-1,70;-2,10;
2026-07-15 03:32:00.0;OFF;ON;50;-38,30;1;-1,50;2,60;94,60;64,30;36,80;3,50;100;-1,60;-2,10;
2026-07-15 03:33:00.0;OFF;ON;50;-40;1;-1,50;2,60;94,60;64,40;38,50;3,50;100;-1,70;-2,10;
2026-07-15 03:34:00.0;OFF;ON;50;-40;1;-1,50;2,50;94,60;64,20;38,50;3,50;100;-1,60;-2,10;
2026-07-15 03:35:00.0;OFF;ON;50;-40;1;-1,50;2,50;94,60;65;38,50;3,50;100;-1,60;-2,10;
2026-07-15 03:36:00.0;OFF;ON;50;-40;1;-1,50;2,50;94,60;60;38,50;3,50;100;-1,70;-2,10;
2026-07-15 03:37:00.0;OFF;ON;50;-40;1;-1,50;2,50;94,60;59,40;38,50;3,50;100;-1,60;-2,10;
2026-07-15 03:38:00.0;OFF;ON;50;-39,40;1;-1,50;2,50;94,60;60,50;37,90;3,50;100;-1,60;-2,10;
2026-07-15 03:39:00.0;OFF;ON;50;-36,20;1;-1,40;2,50;94,70;60,40;34,70;3,50;100;-1,60;-2,10;
2026-07-15 03:40:00.0;OFF;ON;50;-39,10;1,10;-1,40;2,40;94,70;60,60;37,70;3,50;100;-1,60;-2,10;
2026-07-15 03:41:00.0;OFF;ON;50;-39,70;1,10;-1,40;2,40;94,60;62,40;38,20;3,50;100;-1,60;-2,10;
2026-07-15 03:42:00.0;OFF;ON;50;-40;1,10;-1,50;2,40;94,80;65,60;38,50;3,50;100;-1,60;-2;
2026-07-15 03:43:00.0;OFF;ON;50;-40;1,10;-1,40;2,40;94,80;65,30;38,60;3,50;100;-1,60;-2;
2026-07-15 03:44:00.0;OFF;ON;50;-7,30;1,10;-1,40;2,40;94,80;64,80;5,80;3,50;100;-1,60;-2;
2026-07-15 03:45:00.0;OFF;ON;50;-37,70;1,10;-1,40;2,40;94,70;65;36,30;3,50;100;-1,60;-2;
2026-07-15 03:46:00.0;OFF;ON;50;-28,70;1;-1,50;2,40;94,60;65;27,20;3,50;100;-1,60;-2;
2026-07-15 03:47:00.0;OFF;ON;50;-40;1;-1,50;2,30;94,60;65;38,50;3,50;100;-1,60;-2,10;
2026-07-15 03:48:00.0;OFF;ON;50;-40;1;-1,60;2,30;94,50;65;38,40;3,50;100;-1,60;-2,10;
2026-07-15 03:49:00.0;OFF;ON;50;-40;0,90;-1,60;2,30;94,30;65,10;38,40;3,50;100;-1,60;-2,10;
2026-07-15 03:50:00.0;OFF;ON;50;-36,50;0,90;-1,60;2,30;94,30;65,50;34,90;3,50;100;-1,60;-2,10;
2026-07-15 03:51:00.0;OFF;ON;50;-20,20;0,90;-1,60;2,30;94,10;65,60;18,60;3,50;100;-1,70;-2,10;
2026-07-15 03:52:00.0;OFF;ON;50;-40;0,90;-1,60;2,20;94,10;65,60;38,40;3,50;100;-1,70;-2,10;
2026-07-15 03:53:00.0;OFF;ON;50;-39,90;0,90;-1,60;2,20;94;65,30;38,20;3,50;100;-1,70;-2,20;
2026-07-15 03:54:00.0;OFF;ON;50;-40;0,80;-1,70;2,20;94,10;65,30;38,30;3,50;100;-1,70;-2,20;
2026-07-15 03:55:00.0;OFF;ON;50;-40;0,80;-1,70;2,20;93,90;65,10;38,30;3,50;100;-1,70;-2,20;
2026-07-15 03:56:00.0;OFF;ON;50;-40;0,80;-1,70;2,20;93,90;64,80;38,30;3,50;100;-1,70;-2,20;
2026-07-15 03:57:00.0;OFF;ON;50;-40;0,80;-1,70;2,20;93,90;65,20;38,30;3,50;100;-1,70;-2,20;
2026-07-15 03:58:00.0;OFF;ON;50;-40;0,80;-1,70;2,20;93,80;65;38,30;3,50;100;-1,70;-2,20;
2026-07-15 03:59:00.0;OFF;ON;50;-40;0,80;-1,70;2,10;93,90;65,10;38,30;3,50;100;-1,70;-2,20;
2026-07-15 04:00:00.0;OFF;ON;50;-40;0,80;-1,70;2,10;94;65;38,30;3,50;100;-1,70;-2,20;
2026-07-15 04:01:00.0;OFF;ON;50;-40;0,80;-1,70;2,10;94;65,20;38,30;3,50;100;-1,70;-2,20;
2026-07-15 04:02:00.0;OFF;ON;50;-40;0,80;-1,70;2,10;93,90;64,80;38,30;3,50;100;-1,70;-2,20;
2026-07-15 04:03:00.0;OFF;ON;50;-40;0,80;-1,70;2,10;93,90;64,80;38,30;3,50;100;-1,70;-2,20;
2026-07-15 04:04:00.0;OFF;ON;50;-40;0,80;-1,70;2,10;94;64,80;38,30;3,50;100;-1,70;-2,20;
2026-07-15 04:05:00.0;OFF;ON;50;-40;0,80;-1,70;2;94;64,80;38,30;3,50;100;-1,70;-2,20;
2026-07-15 04:06:00.0;OFF;ON;50;-40;0,80;-1,70;2;94;64,80;38,30;3,50;100;-1,70;-2,20;
2026-07-15 04:07:00.0;OFF;ON;50;-40;0,80;-1,70;2;93,90;64,80;38,30;3,50;100;-1,70;-2,20;
2026-07-15 04:08:00.0;OFF;ON;50;-40;0,80;-1,70;2;94;64,80;38,30;3,50;100;-1,70;-2,20;
2026-07-15 04:09:00.0;OFF;ON;50;-36,90;0,80;-1,70;2;94;65,40;35,20;3,50;100;-1,70;-2,20;
2026-07-15 04:10:00.0;OFF;ON;50;-39,50;0,80;-1,70;2;94,10;65,40;37,80;3,50;100;-1,70;-2,20;
2026-07-15 04:11:00.0;OFF;ON;50;-40;0,80;-1,70;2;94,10;65,40;38,30;3,50;100;-1,70;-2,20;
2026-07-15 04:12:00.0;OFF;ON;50;-40;0,90;-1,60;2;94,10;65,40;38,40;3,50;100;-1,70;-2,20;
2026-07-15 04:13:00.0;OFF;ON;50;-40;0,90;-1,60;1,90;94,30;65,40;38,40;3,50;100;-1,70;-2,20;
2026-07-15 04:14:00.0;OFF;ON;50;-40;0,90;-1,60;1,90;94,50;65,40;38,40;3,50;100;-1,70;-2,20;
2026-07-15 04:15:00.0;OFF;ON;50;-37,50;0,90;-1,60;1,90;94,40;65,40;35,90;3,50;100;-1,70;-2,20;
2026-07-15 04:16:00.0;OFF;ON;50;-40;0,90;-1,60;1,90;94,40;63,30;38,40;3,50;100;-1,70;-2,20;
2026-07-15 04:17:00.0;OFF;ON;50;-38,60;0,90;-1,60;1,90;94,50;63,50;37;3,50;100;-1,70;-2,20;
2026-07-15 04:18:00.0;OFF;ON;50;-30,60;0,90;-1,60;1,90;94,50;63,50;29;3,50;100;-1,70;-2,20;
2026-07-15 04:19:00.0;OFF;ON;50;-31,40;0,90;-1,60;1,90;94,40;60;29,80;3,50;100;-1,70;-2,20;
2026-07-15 04:20:00.0;OFF;ON;50;-38,70;0,90;-1,60;1,90;94,30;60;37,10;3,50;100;-1,70;-2,20;
2026-07-15 04:21:00.0;OFF;ON;50;-35,10;0,90;-1,60;1,80;94,30;60,20;33,50;3,50;100;-1,70;-2,20;
2026-07-15 04:22:00.0;OFF;ON;50;-31;0,90;-1,60;1,80;94,30;59,90;29,40;3,50;100;-1,70;-2,20;
2026-07-15 04:23:00.0;OFF;ON;50;-39;0,90;-1,60;1,80;94,20;59,90;37,40;3,50;100;-1,70;-2,20;
2026-07-15 04:24:00.0;OFF;ON;50;-40;0,90;-1,60;1,80;94,30;59,90;38,40;3,50;100;-1,70;-2,20;
2026-07-15 04:25:00.0;OFF;ON;50;-40;0,90;-1,60;1,80;94,30;59,90;38,40;3,50;100;-1,70;-2,20;
2026-07-15 04:26:00.0;OFF;ON;50;-40;0,90;-1,60;1,80;94,20;59,90;38,40;3,50;100;-1,80;-2,20;
2026-07-15 04:27:00.0;OFF;ON;50;-40;0,90;-1,60;1,80;94,30;59,90;38,40;3,50;100;-1,80;-2,20;
2026-07-15 04:28:00.0;OFF;ON;50;-40;0,90;-1,60;1,70;94,30;60,10;38,40;3,50;100;-1,80;-2,20;
2026-07-15 04:29:00.0;OFF;ON;50;-35,60;0,90;-1,60;1,70;94,30;60,10;33,90;3,50;100;-1,80;-2,20;
2026-07-15 04:30:00.0;OFF;ON;50;-36,40;0,90;-1,60;1,70;94,20;60,20;34,80;3,50;100;-1,70;-2,20;
2026-07-15 04:31:00.0;OFF;ON;50;-33,80;0,80;-1,70;1,70;94,10;60,20;32,20;3,50;100;-1,70;-2,20;
2026-07-15 04:32:00.0;OFF;ON;50;-40;0,80;-1,70;1,70;94,10;60,20;38,30;3,50;100;-1,70;-2,20;
2026-07-15 04:33:00.0;OFF;ON;50;-38,90;0,80;-1,70;1,70;93,90;60,20;37,10;3,50;100;-1,80;-2,20;
2026-07-15 04:34:00.0;OFF;ON;50;-39,80;0,80;-1,70;1,60;94;60,20;38;3,50;100;-1,80;-2,20;
2026-07-15 04:35:00.0;OFF;ON;50;-40;0,80;-1,70;1,60;93,90;60,50;38,30;3,50;100;-1,80;-2,20;
2026-07-15 04:36:00.0;OFF;ON;50;-40;0,80;-1,80;1,60;93,90;60,10;38,20;3,50;100;-1,80;-2,20;
2026-07-15 04:37:00.0;OFF;ON;50;-40;0,70;-1,80;1,60;93,80;61,50;38,20;3,50;100;-1,80;-2,30;
2026-07-15 04:38:00.0;OFF;ON;50;-40;0,70;-1,80;1,60;93,90;61,50;38,20;3,50;100;-1,80;-2,30;
2026-07-15 04:39:00.0;OFF;ON;50;-40;0,70;-1,70;1,60;93,90;61,50;38,30;3,50;100;-1,80;-2,30;
2026-07-15 04:40:00.0;OFF;ON;50;-40;0,80;-1,70;1,60;94;61,50;38,30;3,50;100;-1,80;-2,30;
2026-07-15 04:41:00.0;OFF;ON;50;-17,10;0,80;-1,70;1,60;94,10;62,10;15,50;3,50;100;-1,80;-2,30;
2026-07-15 04:42:00.0;OFF;ON;50;-40;0,80;-1,70;1,60;94;62,90;38,30;3,50;100;-1,80;-2,30;
2026-07-15 04:43:00.0;OFF;ON;50;-40;0,80;-1,70;1,50;94;62,60;38,30;3,50;100;-1,80;-2,20;
2026-07-15 04:44:00.0;OFF;ON;50;-22;0,80;-1,70;1,50;94;62,40;20,30;3,50;100;-1,80;-2,20;
2026-07-15 04:45:00.0;OFF;ON;50;-39,60;0,80;-1,70;1,50;94;62,40;37,90;3,50;100;-1,80;-2,20;
2026-07-15 04:46:00.0;OFF;ON;50;-39,10;0,80;-1,80;1,50;94;62,40;37,30;3,50;100;-1,80;-2,20;
2026-07-15 04:47:00.0;OFF;ON;50;-40;0,70;-1,80;1,50;93,90;62,50;38,20;3,50;100;-1,80;-2,20;
2026-07-15 04:48:00.0;OFF;ON;50;-38,10;0,80;-1,70;1,50;93,90;62,40;36,30;3,50;100;-1,80;-2,30;
2026-07-15 04:49:00.0;OFF;ON;50;-36,30;0,80;-1,70;1,50;93,90;62,10;34,50;3,50;100;-1,80;-2,30;
2026-07-15 04:50:00.0;OFF;ON;50;-40;0,80;-1,70;1,40;94;62,20;38,30;3,50;100;-1,80;-2,30;
2026-07-15 04:51:00.0;OFF;ON;50;-32,40;0,80;-1,70;1,40;94,10;62,20;30,70;3,50;100;-1,80;-2,30;
2026-07-15 04:52:00.0;OFF;ON;50;-14,20;0,70;-1,80;1,40;94;62,30;12,40;3,50;100;-1,80;-2,30;
2026-07-15 04:53:00.0;OFF;ON;50;-29,90;0,70;-1,80;1,40;93,90;62,30;28,10;3,50;100;-1,80;-2,30;
2026-07-15 04:54:00.0;OFF;ON;50;-40;0,70;-1,80;1,40;93,80;62,30;38,20;3,50;100;-1,80;-2,30;
2026-07-15 04:55:00.0;OFF;ON;50;-37,60;0,70;-1,80;1,40;93,90;62,30;35,70;3,50;100;-1,80;-2,30;
2026-07-15 04:56:00.0;OFF;ON;50;-31,50;0,70;-1,80;1,30;93,80;62,30;29,70;3,50;100;-1,90;-2,30;
2026-07-15 04:57:00.0;OFF;ON;50;-40;0,70;-1,80;1,30;93,70;62,30;38,20;3,50;100;-1,80;-2,30;
2026-07-15 04:58:00.0;OFF;ON;50;-33,60;0,70;-1,80;1,30;93,70;62,30;31,80;3,50;100;-1,80;-2,40;
2026-07-15 04:59:00.0;OFF;ON;50;-37,90;0,60;-1,90;1,30;93,50;62,30;36;3,50;100;-1,90;-2,40;
2026-07-15 05:00:00.0;OFF;ON;50;-40;0,60;-1,90;1,30;93,50;62,30;38,10;3,50;100;-1,90;-2,40;
2026-07-15 05:01:00.0;OFF;ON;50;-40;0,60;-1,90;1,30;93,40;62,30;38,10;3,50;100;-1,90;-2,40;
2026-07-15 05:02:00.0;OFF;ON;50;-40;0,60;-1,90;1,30;93,40;62,30;38,10;3,50;100;-1,90;-2,40;
2026-07-15 05:03:00.0;OFF;ON;50;-40;0,60;-1,90;1,30;93,40;62,40;38,10;3,50;100;-1,90;-2,40;
2026-07-15 05:04:00.0;OFF;ON;50;-40;0,60;-1,90;1,20;93,50;62,40;38,10;3,50;100;-1,90;-2,40;
2026-07-15 05:05:00.0;OFF;ON;50;-40;0,60;-1,90;1,20;93,50;62,40;38,10;3,50;100;-1,90;-2,40;
2026-07-15 05:06:00.0;OFF;ON;50;-12;0,60;-1,90;1,20;93,50;62,40;10,10;3,50;100;-1,90;-2,30;
2026-07-15 05:07:00.0;OFF;ON;50;-7,60;0,60;-1,90;1,20;93,70;62,40;5,70;3,50;100;-1,90;-2,30;
2026-07-15 05:08:00.0;OFF;ON;50;-35,50;0,60;-1,90;1,20;93,80;62,40;33,60;3,50;100;-1,90;-2,30;
2026-07-15 05:09:00.0;OFF;ON;50;-39,60;0,60;-1,90;1,20;93,80;62,40;37,70;3,50;100;-1,90;-2,30;
2026-07-15 05:10:00.0;OFF;ON;50;-40;0,60;-1,80;1,20;94;62,40;38,20;3,50;100;-1,80;-2,20;
2026-07-15 05:11:00.0;OFF;ON;50;-40;0,70;-1,80;1,20;94,10;62,40;38,20;3,50;100;-1,80;-2,20;
2026-07-15 05:12:00.0;OFF;ON;50;-40;0,70;-1,80;1,10;94,10;62,40;38,20;3,50;100;-1,80;-2,20;
2026-07-15 05:13:00.0;OFF;ON;50;-40;0,70;-1,80;1,10;94,30;62,40;38,20;3,50;100;-1,80;-2,10;
2026-07-15 05:14:00.0;OFF;ON;50;-40;0,70;-1,80;1,10;94,30;62,40;38,20;3,50;100;-1,80;-2,20;
2026-07-15 05:15:00.0;OFF;ON;50;-40;0,70;-1,80;1,10;94,40;62,40;38,20;3,50;100;-1,80;-2,20;
2026-07-15 05:16:00.0;OFF;ON;50;-40;0,70;-1,80;1,10;94,20;62,40;38,20;3,50;100;-1,80;-2,20;
2026-07-15 05:17:00.0;OFF;ON;50;-36,30;0,70;-1,80;1,10;94,10;62,40;34,50;3,50;100;-1,80;-2,30;
2026-07-15 05:18:00.0;OFF;ON;50;-35,10;0,70;-1,80;1,10;94;62,40;33,30;3,50;100;-1,80;-2,30;
2026-07-15 05:19:00.0;OFF;ON;50;-40;0,70;-1,80;1,10;93,90;62,40;38,20;3,50;100;-1,80;-2,30;
2026-07-15 05:20:00.0;OFF;ON;50;-40;0,70;-1,80;1;93,90;62,40;38,20;3,50;100;-1,80;-2,20;
2026-07-15 05:21:00.0;OFF;ON;50;-40;0,70;-1,80;1;93,90;62,40;38,20;3,50;100;-1,80;-2,20;
2026-07-15 05:22:00.0;OFF;ON;50;-40;0,70;-1,80;1;94;62,40;38,20;3,50;100;-1,80;-2,20;
2026-07-15 05:23:00.0;OFF;ON;50;-40;0,70;-1,80;1;94,10;62,40;38,20;3,50;100;-1,80;-2,20;
2026-07-15 05:24:00.0;OFF;ON;50;-40;0,70;-1,80;1;94;62,50;38,20;3,50;100;-1,80;-2,20;
2026-07-15 05:25:00.0;OFF;ON;50;-40;0,70;-1,80;1;94,10;62,40;38,20;3,50;100;-1,80;-2,20;
2026-07-15 05:26:00.0;OFF;ON;50;-40;0,70;-1,80;1;94;62,50;38,20;3,50;100;-1,80;-2,20;
2026-07-15 05:27:00.0;OFF;ON;50;-40;0,70;-1,80;1;94;62,50;38,20;3,50;100;-1,80;-2,20;
2026-07-15 05:28:00.0;OFF;ON;50;-40;0,70;-1,80;0,90;94,10;62,50;38,20;3,50;100;-1,80;-2,20;
2026-07-15 05:29:00.0;OFF;ON;50;-40;0,70;-1,80;0,90;94,10;62,50;38,20;3,50;100;-1,80;-2,20;
2026-07-15 05:30:00.0;OFF;ON;50;-40;0,70;-1,80;0,90;94,30;62,50;38,20;3,50;100;-1,80;-2,20;
2026-07-15 05:31:00.0;OFF;ON;50;-40;0,70;-1,80;0,90;94,10;62,70;38,20;3,50;100;-1,80;-2,20;
2026-07-15 05:32:00.0;OFF;ON;50;-40;0,70;-1,80;0,90;94,10;62,70;38,20;3,50;100;-1,80;-2,20;
2026-07-15 05:33:00.0;OFF;ON;50;-40;0,80;-1,70;0,90;94,20;62,90;38,30;3,50;100;-1,80;-2,20;
2026-07-15 05:34:00.0;OFF;ON;50;-40;0,80;-1,70;0,90;94,40;60;38,30;3,50;100;-1,80;-2,20;
2026-07-15 05:35:00.0;OFF;ON;50;-40;0,80;-1,70;0,90;94,50;63,50;38,30;3,50;100;-1,80;-2,20;
2026-07-15 05:36:00.0;OFF;ON;50;-40;0,80;-1,70;0,90;94,60;64,80;38,30;3,50;100;-1,80;-2,10;
2026-07-15 05:37:00.0;OFF;ON;50;-40;0,80;-1,70;0,90;94,60;65,30;38,30;3,50;100;-1,70;-2,10;
2026-07-15 05:38:00.0;OFF;ON;50;-40;0,80;-1,70;0,80;94,40;65,10;38,30;3,50;100;-1,80;-2,10;
2026-07-15 05:39:00.0;OFF;ON;50;-40;0,80;-1,70;0,80;94,40;63,20;38,30;3,50;100;-1,70;-2,10;
2026-07-15 05:40:00.0;OFF;ON;50;-40;0,80;-1,70;0,80;94,30;64,20;38,30;3,50;100;-1,70;-2,10;
2026-07-15 05:41:00.0;OFF;ON;50;-40;0,80;-1,70;0,80;94,30;66,90;38,30;3,50;100;-1,70;-2,10;
2026-07-15 05:42:00.0;OFF;ON;50;-40;0,80;-1,70;0,80;94,10;67,20;38,30;3,50;100;-1,70;-2,10;
2026-07-15 05:43:00.0;OFF;ON;50;-40;0,80;-1,70;0,80;94,10;64;38,30;3,50;100;-1,70;-2,10;
2026-07-15 05:44:00.0;OFF;ON;50;-40;0,80;-1,70;0,80;93,90;63,80;38,30;3,50;100;-1,70;-2,10;
2026-07-15 05:45:00.0;OFF;ON;50;-40;0,80;-1,70;0,80;93,90;63,30;38,30;3,50;100;-1,80;-2,10;
2026-07-15 05:46:00.0;OFF;ON;50;-40;0,80;-1,70;0,70;93,80;63,20;38,30;3,50;100;-1,80;-2,20;
2026-07-15 05:47:00.0;OFF;ON;50;-40;0,70;-1,80;0,70;93,70;63,50;38,20;3,50;100;-1,80;-2,20;
2026-07-15 05:48:00.0;OFF;ON;50;-40;0,70;-1,90;0,70;93,40;63,40;38,10;3,50;100;-1,80;-2,30;
2026-07-15 05:49:00.0;OFF;ON;50;-40;0,60;-1,90;0,70;93,20;63,50;38,10;3,50;100;-1,90;-2,30;
2026-07-15 05:50:00.0;OFF;ON;50;-40;0,60;-1,90;0,70;93;64;38,10;3,50;100;-1,90;-2,30;
2026-07-15 05:51:00.0;OFF;ON;50;-40;0,50;-2;0,70;93;64,20;38;3,50;100;-1,90;-2,30;
2026-07-15 05:52:00.0;OFF;ON;50;-40;0,50;-2;0,60;92,90;64,20;38;3,50;100;-1,90;-2,30;
2026-07-15 05:53:00.0;OFF;ON;50;-40;0,50;-2;0,60;92,90;64,20;38;3,50;100;-1,90;-2,40;
2026-07-15 05:54:00.0;OFF;ON;50;-40;0,50;-2;0,60;92,90;64,20;38;3,50;100;-1,90;-2,40;
2026-07-15 05:55:00.0;OFF;ON;50;-40;0,50;-2;0,60;92,80;64,20;38;3,50;100;-1,90;-2,40;
2026-07-15 05:56:00.0;OFF;ON;50;-40;0,50;-2;0,60;92,80;64,20;38;3,50;100;-1,90;-2,40;
2026-07-15 05:57:00.0;OFF;ON;50;-40;0,50;-2;0,60;92,80;64,10;38;3,50;100;-1,90;-2,40;
2026-07-15 05:58:00.0;OFF;ON;50;-40;0,50;-2;0,60;92,80;63,70;38;3,50;100;-1,90;-2,40;
2026-07-15 05:59:00.0;OFF;ON;50;-40;0,50;-2;0,60;93;63,80;38;3,50;100;-1,90;-2,40;
2026-07-15 06:00:00.0;OFF;ON;50;-40;0,50;-2;0,50;93;63,80;38;3,50;100;-1,90;-2,40;
2026-07-15 06:01:00.0;OFF;ON;50;-40;0,50;-2;0,50;93;63,80;38;3,50;100;-1,90;-2,40;
2026-07-15 06:02:00.0;OFF;ON;50;-37,80;0,50;-2;0,50;93,10;63,90;35,80;3,50;100;-1,90;-2,40;
2026-07-15 06:03:00.0;OFF;ON;50;-23;0,50;-2;0,50;93;63,90;21;3,50;100;-1,90;-2,40;
2026-07-15 06:04:00.0;OFF;ON;50;-6,80;0,50;-2;0,50;93,10;63,90;4,80;3,50;100;-1,90;-2,40;
2026-07-15 06:05:00.0;OFF;ON;50;-36,90;0,50;-2;0,50;93,10;63,90;34,90;3,50;100;-1,90;-2,40;
2026-07-15 06:06:00.0;OFF;ON;50;-40;0,50;-2;0,50;93,10;63,90;38;3,50;100;-1,90;-2,40;
2026-07-15 06:07:00.0;OFF;ON;50;-40;0,50;-2;0,50;93;63,90;38;3,50;100;-1,90;-2,40;
2026-07-15 06:08:00.0;OFF;ON;50;-40;0,50;-2;0,40;93,10;63,90;38;3,50;100;-1,90;-2,40;
2026-07-15 06:09:00.0;OFF;ON;50;-40;0,50;-2;0,40;93;63,90;38;3,50;100;-1,90;-2,40;
2026-07-15 06:10:00.0;OFF;ON;50;-15,90;0,50;-2;0,40;93,10;64;13,90;3,50;100;-1,90;-2,40;
2026-07-15 06:11:00.0;OFF;ON;50;-33;0,50;-2,10;0,40;93,10;64;31;3,50;100;-2;-2,40;
2026-07-15 06:12:00.0;OFF;ON;50;-34,80;0,50;-2;0,40;93,20;64,10;32,80;3,50;100;-1,90;-2,40;
2026-07-15 06:13:00.0;OFF;ON;50;-21,90;0,50;-2;0,40;93,20;64,10;19,80;3,50;100;-1,90;-2,40;
2026-07-15 06:14:00.0;OFF;ON;50;-27,60;0,40;-2,10;0,40;93,10;64,10;25,50;3,50;100;-2;-2,40;
2026-07-15 06:15:00.0;OFF;ON;50;-37,30;0,40;-2,10;0,40;93,10;64,10;35,20;3,50;100;-2;-2,40;
2026-07-15 06:16:00.0;OFF;ON;50;-37,80;0,40;-2,10;0,40;93,10;64,10;35,80;3,50;100;-1,90;-2,40;
2026-07-15 06:17:00.0;OFF;ON;50;-40;0,50;-2,10;0,30;93,20;64,10;37,90;3,50;100;-2;-2,40;
2026-07-15 06:18:00.0;OFF;ON;50;-35,70;0,40;-2,10;0,30;93,20;64,10;33,60;3,50;100;-1,90;-2,40;
2026-07-15 06:19:00.0;OFF;ON;50;-37,20;0,40;-2,10;0,30;93,10;64,10;35,10;3,50;100;-1,90;-2,40;
2026-07-15 06:20:00.0;OFF;ON;50;-39,10;0,40;-2,10;0,30;93,10;64,10;37;3,50;100;-1,90;-2,40;
2026-07-15 06:21:00.0;OFF;ON;50;-40;0,40;-2,10;0,30;93,20;64,20;37,90;3,50;100;-1,90;-2,30;
2026-07-15 06:22:00.0;OFF;ON;50;-40;0,50;-2;0,30;93,40;64,20;38;3,50;100;-1,90;-2,30;
2026-07-15 06:23:00.0;OFF;ON;50;-40;0,50;-2;0,30;93,40;64,20;38;3,50;100;-1,90;-2,30;
2026-07-15 06:24:00.0;OFF;ON;50;-40;0,50;-2;0,30;93,40;64,20;38;3,50;100;-1,90;-2,30;
2026-07-15 06:25:00.0;OFF;ON;50;-40;0,50;-2;0,30;93,50;64,20;38;3,50;100;-1,90;-2,30;
2026-07-15 06:26:00.0;OFF;ON;50;-40;0,50;-2;0,20;93,50;64,30;38;3,50;100;-1,90;-2,30;
2026-07-15 06:27:00.0;OFF;ON;50;-40;0,50;-2;0,20;93,40;64,30;38;3,50;100;-1,90;-2,30;
2026-07-15 06:28:00.0;OFF;ON;50;-40;0,50;-2;0,20;93,40;64,40;38;3,50;100;-1,90;-2,30;
2026-07-15 06:29:00.0;OFF;ON;50;-40;0,50;-2;0,20;93,40;64,40;38;3,50;100;-1,90;-2,30;
2026-07-15 06:30:00.0;OFF;ON;50;-40;0,50;-2;0,20;93,40;64,40;38;3,50;100;-1,90;-2,30;
2026-07-15 06:31:00.0;OFF;ON;50;-38,60;0,50;-2;0,20;93,50;64,40;36,60;3,50;100;-1,90;-2,20;
2026-07-15 06:32:00.0;OFF;ON;50;-40;0,50;-2;0,20;93,50;64,40;38;3,50;100;-1,90;-2,30;
2026-07-15 06:33:00.0;OFF;ON;50;-40;0,50;-2;0,20;93,50;64,40;38;3,50;100;-1,90;-2,30;
2026-07-15 06:34:00.0;OFF;ON;50;-40;0,50;-2;0,20;93,40;64,30;38;3,50;100;-1,90;-2,40;
2026-07-15 06:35:00.0;OFF;ON;50;-40;0,50;-2;0,10;93,30;64,40;38;3,50;100;-1,90;-2,40;
2026-07-15 06:36:00.0;OFF;ON;50;-40;0,40;-2,10;0,10;93,20;64,40;37,90;3,50;100;-2;-2,40;
2026-07-15 06:37:00.0;OFF;ON;50;-40;0,40;-2,10;0,10;93;64,10;37,90;3,50;100;-2;-2,40;
2026-07-15 06:38:00.0;OFF;ON;50;-40;0,40;-2,10;0,10;93;64,10;37,90;3,50;100;-2;-2,40;
2026-07-15 06:39:00.0;OFF;ON;50;-40;0,40;-2,10;0,10;93;64,20;37,90;3,50;100;-2;-2,40;
2026-07-15 06:40:00.0;OFF;ON;50;-40;0,40;-2,10;0,10;93,10;64,20;37,90;3,50;100;-2;-2,40;
2026-07-15 06:41:00.0;OFF;ON;50;-40;0,40;-2,10;0,10;93,20;63,90;37,90;3,50;100;-2;-2,40;
2026-07-15 06:42:00.0;OFF;ON;50;-40;0,40;-2,10;0,10;93,20;64,20;37,90;3,50;100;-2;-2,40;
2026-07-15 06:43:00.0;OFF;ON;50;-40;0,40;-2,10;0;93,20;64,40;37,90;3,50;100;-2;-2,40;
2026-07-15 06:44:00.0;OFF;ON;50;-40;0,40;-2,10;0;93,30;64,40;37,90;3,50;100;-1,90;-2,40;
2026-07-15 06:45:00.0;OFF;ON;50;-40;0,40;-2,10;0;93,20;64,50;37,90;3,50;100;-2;-2,40;
2026-07-15 06:46:00.0;OFF;ON;50;-40;0,40;-2,10;0;93,40;64,60;37,90;3,50;100;-1,90;-2,40;
2026-07-15 06:47:00.0;OFF;ON;50;-40;0,40;-2,10;0;93,40;63,90;37,90;3,50;100;-1,90;-2,30;
2026-07-15 06:48:00.0;OFF;ON;50;-40;0,50;-2;0;93,50;64,30;38;3,50;100;-1,90;-2,30;
2026-07-15 06:49:00.0;OFF;ON;50;-40;0,50;-2;0;93,60;63,90;38;3,50;100;-1,90;-2,30;
2026-07-15 06:50:00.0;OFF;ON;50;-40;0,50;-2;0;93,60;64,10;38;3,50;100;-1,90;-2,20;
2026-07-15 06:51:00.0;OFF;ON;50;-40;0,50;-2;0;93,70;63,80;38;3,50;100;-1,90;-2,30;
2026-07-15 06:52:00.0;OFF;ON;50;-40;0,50;-2;0;93,50;64,40;38;3,50;100;-1,90;-2,30;
2026-07-15 06:53:00.0;OFF;ON;50;-40;0,50;-2;0;93,40;63,90;38;3,50;100;-1,90;-2,40;
2026-07-15 06:54:00.0;OFF;ON;50;-40;0,50;-2;-0,10;93,40;64,20;38;3,50;100;-1,90;-2,40;
2026-07-15 06:55:00.0;OFF;ON;50;-38,60;0,40;-2;-0,10;93,40;63,90;36,60;3,50;100;-1,90;-2,40;
2026-07-15 06:56:00.0;OFF;ON;50;-37,20;0,50;-2;-0,10;93,40;64,10;35,20;3,50;100;-2;-2,40;
2026-07-15 06:57:00.0;OFF;ON;50;-28,70;0,50;-2;-0,10;93,40;64,10;26,70;3,50;100;-2;-2,40;
2026-07-15 06:58:00.0;OFF;ON;50;-33,10;0,50;-2;-0,10;93,40;63,90;31,10;3,50;100;-2;-2,40;
2026-07-15 06:59:00.0;OFF;ON;50;-37,50;0,50;-2;-2,80;93,40;53,90;35,50;3,50;100;-2;-2,30;
2026-07-15 07:00:00.0;OFF;ON;50;-37,80;0,50;-2;-3,60;93,50;0,70;35,80;3,50;100;-2;-2,30;
2026-07-15 07:01:00.0;OFF;ON;50;-39,70;0,50;-1,90;-4,50;93,50;16,40;37,80;3,50;100;-1,90;-2,30;
2026-07-15 07:02:00.0;OFF;ON;50;-40;0,60;-1,90;-4,80;93,70;1,30;38,10;3,50;100;-1,90;-2,30;
2026-07-15 07:03:00.0;OFF;ON;50;-40;0,60;-1,90;-4,90;93,60;0;38,10;3,50;100;-2;-2,30;
2026-07-15 07:04:00.0;OFF;ON;50;-12;0,50;-2;-5;93,60;0;10,10;3,50;100;-2;-2,40;
2026-07-15 07:05:00.0;OFF;ON;50;-31,30;0,50;-2;-5,10;93,50;0;29,30;3,50;100;-2;-2,40;
2026-07-15 07:06:00.0;OFF;ON;50;-40;0,50;-2;-5,10;93,50;0;38;3,50;100;-2;-2,40;
2026-07-15 07:07:00.0;OFF;ON;50;-40;0,50;-2;-5,10;93,40;0;38;3,50;100;-2;-2,30;
2026-07-15 07:08:00.0;OFF;ON;50;-40;0,50;-2;-5,10;93,40;0;38;3,50;100;-2;-2,30;
2026-07-15 07:09:00.0;OFF;ON;50;-40;0,50;-2;-5,10;93,40;0;38;3,50;100;-2;-2,30;
2026-07-15 07:10:00.0;OFF;ON;50;-28,20;0,50;-2;-5,10;93,40;0;26,20;3,50;100;-2;-2,30;
2026-07-15 07:11:00.0;OFF;ON;50;-33,90;0,50;-2;-5;93,40;0;31,90;3,50;100;-2;-2,30;
2026-07-15 07:12:00.0;OFF;ON;50;-40;0,50;-2;-5;93,40;0;38;3,50;100;-2;-2,30;
2026-07-15 07:13:00.0;OFF;ON;50;-40;0,50;-2;-5;93,40;0;38;3,50;100;-2;-2,30;
2026-07-15 07:14:00.0;OFF;ON;50;-39,20;0,50;-2;-5;93,40;0;37,30;3,50;100;-2;-2,30;
2026-07-15 07:15:00.0;OFF;ON;50;-12;0,50;-2;-5;93,40;0;10,10;3,50;100;-2;-2,30;
2026-07-15 07:16:00.0;OFF;ON;50;-40;0,50;-2;-5;92,90;0;38;3,50;100;-2;-2,30;
2026-07-15 07:17:00.0;OFF;ON;50;-40;0,50;-2;-5,10;92,80;0;38;3,50;100;-2;-2,30;
2026-07-15 07:18:00.0;OFF;ON;50;-40;0,50;-2;-5,20;92,80;0;38;3,50;100;-2;-2,30;
2026-07-15 07:19:00.0;OFF;ON;50;-40;0,50;-2,10;-5,30;92,50;0;37,90;3,50;100;-2,20;-2,40;
2026-07-15 07:20:00.0;OFF;ON;50;-40;0,40;-2,10;-5,30;92,40;0;37,90;3,50;100;-2,20;-2,40;
2026-07-15 07:21:00.0;OFF;ON;50;-19,60;0,40;-2,10;-5,40;92,40;0;17,50;3,50;100;-2,20;-2,40;
2026-07-15 07:22:00.0;OFF;ON;50;-40;0,40;-2,10;-5,30;92,40;0;37,90;3,50;100;-2,20;-2,40;
2026-07-15 07:23:00.0;OFF;ON;50;-40;0,40;-2,10;-5,50;92,30;0;37,90;3,50;100;-2,20;-2,40;
2026-07-15 07:24:00.0;OFF;ON;50;-40;0,30;-2,20;-5,50;92,10;0;37,80;3,50;100;-2,20;-2,50;
2026-07-15 07:25:00.0;OFF;ON;50;-40;0,30;-2,30;-5,70;91,50;0;37,70;3,50;100;-2,30;-2,60;
2026-07-15 07:26:00.0;OFF;ON;50;-40;0,20;-2,30;-5,80;91,20;0;37,70;3,50;100;-2,30;-2,60;
2026-07-15 07:27:00.0;OFF;ON;50;-40;0,10;-2,40;-5,80;91,10;0;37,60;3,50;100;-2,30;-2,60;
2026-07-15 07:28:00.0;OFF;ON;50;-40;0,10;-2,40;-5,90;90,80;0;37,60;3,50;100;-2,40;-2,70;
2026-07-15 07:29:00.0;OFF;ON;50;-40;0,10;-2,40;-5,90;90,80;0;37,60;3,50;100;-2,40;-2,70;
2026-07-15 07:30:00.0;OFF;ON;50;-40;0;-2,50;-6;90,80;0;37,50;3,50;100;-2,40;-2,70;
2026-07-15 07:31:00.0;OFF;ON;50;-40;0,10;-2,40;-6;90,80;0;37,60;3,50;100;-2,40;-2,60;
2026-07-15 07:32:00.0;OFF;ON;50;-40;0,10;-2,40;-6;91,10;0;37,60;3,50;100;-2,40;-2,60;
2026-07-15 07:33:00.0;OFF;ON;50;-40;0,10;-2,40;-6;91,20;0;37,60;3,50;100;-2,30;-2,60;
2026-07-15 07:34:00.0;OFF;ON;50;-40;0,10;-2,40;-6;91,20;0;37,60;3,50;100;-2,40;-2,60;
2026-07-15 07:35:00.0;OFF;ON;50;-40;0,10;-2,40;-6;91,20;0;37,60;3,50;100;-2,40;-2,60;
2026-07-15 07:36:00.0;OFF;ON;50;-40;0,10;-2,40;-6;91,30;0;37,60;3,50;100;-2,40;-2,60;
2026-07-15 07:37:00.0;OFF;ON;50;-40;0,10;-2,40;-6;91,40;0;37,60;3,50;100;-2,40;-2,60;
2026-07-15 07:38:00.0;OFF;ON;50;-40;0,10;-2,40;-6;91,40;0;37,60;3,50;100;-2,40;-2,60;
2026-07-15 07:39:00.0;OFF;ON;50;-40;0,10;-2,40;-6;91,40;0;37,60;3,50;100;-2,40;-2,60;
2026-07-15 07:40:00.0;OFF;ON;50;-40;0,10;-2,40;-6;91,40;0;37,60;3,50;100;-2,40;-2,60;
2026-07-15 07:41:00.0;OFF;ON;50;-40;0,10;-2,40;-6;91,40;0;37,60;3,50;100;-2,40;-2,60;
2026-07-15 07:42:00.0;OFF;ON;50;-40;0;-2,40;-6;91,40;0;37,60;3,50;100;-2,40;-2,60;
2026-07-15 07:43:00.0;OFF;ON;50;-40;0,10;-2,40;-6;91,40;0;37,60;3,50;100;-2,40;-2,60;
2026-07-15 07:44:00.0;OFF;ON;50;-40;0,10;-2,40;-5,90;91,50;0;37,60;3,50;100;-2,40;-2,60;
2026-07-15 07:45:00.0;OFF;ON;50;-40;0,10;-2,40;-5,80;91,70;0;37,60;3,50;100;-2,40;-2,60;
2026-07-15 07:46:00.0;OFF;ON;50;-40;0,20;-2,30;-5,70;92,10;0;37,70;3,50;100;-2,30;-2,60;
2026-07-15 07:47:00.0;OFF;ON;50;-40;0,20;-2,30;-5,60;92,30;0;37,70;3,50;100;-2,30;-2,60;
2026-07-15 07:48:00.0;OFF;ON;50;-40;0,20;-2,30;-5,60;92,40;0;37,70;3,50;100;-2,30;-2,60;
2026-07-15 07:49:00.0;OFF;ON;50;-40;0,20;-2,30;-5,60;92,50;0;37,70;3,50;100;-2,40;-2,60;
2026-07-15 07:50:00.0;OFF;ON;50;-40;0,30;-2,20;-5,60;92,60;0;37,80;3,50;100;-2,30;-2,50;
2026-07-15 07:51:00.0;OFF;ON;50;-40;0,30;-2,20;-5,60;92,80;0;37,80;3,50;100;-2,30;-2,50;
2026-07-15 07:52:00.0;OFF;ON;50;-40;0,30;-2,20;-5,50;92,90;0;37,80;3,50;100;-2,30;-2,50;
2026-07-15 07:53:00.0;OFF;ON;50;-40;0,30;-2,20;-5,50;92,90;0;37,80;3,50;100;-2,30;-2,50;
2026-07-15 07:54:00.0;OFF;ON;50;-40;0,30;-2,20;-5,50;92,90;0;37,80;3,50;100;-2,30;-2,50;
2026-07-15 07:55:00.0;OFF;ON;50;-40;0,30;-2,20;-5,50;92,90;0;37,80;3,50;100;-2,30;-2,50;
2026-07-15 07:56:00.0;OFF;ON;50;-40;0,30;-2,10;-5,40;93;0;37,90;3,50;100;-2,30;-2,40;
2026-07-15 07:57:00.0;OFF;ON;50;-40;-0,60;-2,10;-3,40;93,10;0;37,90;3,50;100;-2,30;-2,40;
2026-07-15 07:58:00.0;OFF;ON;50;-40;0,40;-1,90;-4,20;93,30;0;38,10;3,50;100;-1,60;-2,20;
2026-07-15 07:59:00.0;OFF;ON;50;-40;0,70;-1,70;-4,50;95,40;0;38,30;3,50;100;-1,30;-1,80;
2026-07-15 08:00:00.0;OFF;ON;50;-40;1;-1,40;-4,50;96,50;0;38,60;3,50;100;-1,10;-1,40;
2026-07-15 08:01:00.0;OFF;ON;50;-40;1,20;-1,20;-4,20;97,40;0;38,80;3,50;100;-1,10;-1,10;
2026-07-15 08:02:00.0;OFF;ON;50;-40;1,40;-1;-3,70;97,80;0;39;3,50;100;-1,10;-1;
2026-07-15 08:03:00.0;OFF;ON;50;-40;1,60;-0,90;-3,10;98;0;39,10;3,50;100;-1,20;-0,90;
2026-07-15 08:04:00.0;OFF;ON;50;-40;1,80;-0,70;-2,30;98;0;39,30;3,50;100;-1;-0,80;
2026-07-15 08:05:00.0;OFF;ON;50;-40;1,80;-0,60;0;98;0;39,40;3,50;100;-0,80;-0,60;
2026-07-15 08:06:00.0;OFF;ON;50;-40;1,90;-0,60;-1,20;98;0;39,40;3,50;100;-0,80;-0,50;
2026-07-15 08:07:00.0;OFF;ON;50;-40;1,90;-0,60;-2,10;98;0;39,40;3,50;100;-0,70;-0,30;
2026-07-15 08:08:00.0;OFF;ON;50;-40;2;-0,50;-2,50;98;0;39,50;3,50;100;-0,60;-0,20;
2026-07-15 08:09:00.0;OFF;ON;50;-40;2,10;-0,40;-2,80;98;0;39,60;3,50;100;-0,30;-0,10;
2026-07-15 08:10:00.0;OFF;ON;50;-40;2,20;-0,30;-2,90;98;0;39,70;3,50;100;-0,20;0,10;
2026-07-15 08:11:00.0;OFF;ON;50;-40;2,30;-0,20;-2,90;98;0;39,80;3,50;100;0;0,20;
2026-07-15 08:12:00.0;OFF;ON;50;-40;2,30;-0,10;-2,90;98;0;39,90;3,50;100;0,10;0,30;
2026-07-15 08:13:00.0;OFF;ON;50;-40;2,40;-0,10;-2,90;98;0;39,90;3,50;100;0,10;0,30;
2026-07-15 08:14:00.0;OFF;ON;50;-40;2,50;0;-2,80;98;0;40;3,50;100;0,20;0,40;
2026-07-15 08:15:00.0;OFF;ON;50;-40;2,50;0;-2,80;98;0;40;3,50;100;0,30;0,40;
2026-07-15 08:16:00.0;OFF;ON;50;-40;2,60;0,10;-2,70;98;0;40,10;3,50;100;0,20;0,40;
2026-07-15 08:17:00.0;OFF;ON;50;-40;2,60;0,10;-2,50;98;0;40,20;3,50;100;0,10;0,40;
2026-07-15 08:18:00.0;OFF;ON;50;-40;2,70;0,20;37,20;98;103,80;40,20;3,50;100;0,10;0,40;
2026-07-15 08:19:00.0;OFF;ON;50;-40;-1,80;0,20;41,20;98;104,10;40,20;3,50;100;0,10;0,40;
2026-07-15 08:20:00.0;OFF;ON;50;-40;-1,80;0,20;42,20;98;104,10;40,20;3,50;100;0;0,40;
2026-07-15 08:21:00.0;OFF;ON;50;-40;-1,80;0,20;42,50;98;104,20;40,20;3,50;100;0;0,40;
2026-07-15 08:22:00.0;ON;OFF;50;-40;-1,80;0,20;42,80;98;104,10;40,20;2;100;0;0,40;
2026-07-15 08:23:00.0;ON;OFF;50;-40;-1,80;0,20;43;98;104,10;40,20;2;100;0,10;0,40;
2026-07-15 08:24:00.0;ON;OFF;50;-12;-1,80;0,20;43,10;98;104,10;12,20;2;100;0,10;0,40;
2026-07-15 08:25:00.0;ON;OFF;50;-40;-1,80;0,20;43,20;98,10;104,10;40,20;2;100;0,10;0,40;
2026-07-15 08:26:00.0;ON;OFF;50;-40;-1,80;0,20;43,20;98,10;104,10;40,20;2;100;0,10;0,40;
2026-07-15 08:27:00.0;ON;OFF;50;-40;-1,80;0,20;43,30;98,10;104;40,20;2;100;0,10;0,40;
2026-07-15 08:28:00.0;ON;OFF;50;-40;-1,80;0,30;43,30;98,10;104;40,30;2;100;0,20;0,40;
2026-07-15 08:29:00.0;ON;OFF;50;-40;-1,70;0,30;43,30;98,10;104;40,30;2;100;0,20;0,40;
2026-07-15 08:30:00.0;ON;OFF;50;-40;-1,70;0,30;43,30;98,10;104;40,30;2;100;0,20;0,40;
2026-07-15 08:31:00.0;ON;OFF;50;-40;-1,70;0,30;43,40;98,10;104;40,30;2;100;0,20;0,40;
2026-07-15 08:32:00.0;ON;OFF;50;-40;-1,70;0,30;43,40;98,10;103,90;40,30;2;100;0,20;0,40;
2026-07-15 08:33:00.0;ON;OFF;50;-40;-1,70;0,30;43,40;98,10;103,80;40,30;2;100;0,30;0,40;
2026-07-15 08:34:00.0;ON;OFF;50;-40;-1,70;0,30;43,40;98,10;103,80;40,30;2;100;0,30;0,40;
2026-07-15 08:35:00.0;ON;OFF;50;-40;-1,70;0,30;43,40;98,10;103,80;40,30;2;100;0,30;0,40;
2026-07-15 08:36:00.0;ON;OFF;50;-40;-1,70;0,30;43,40;98,10;103,80;40,30;2;100;0,30;0,40;
2026-07-15 08:37:00.0;ON;OFF;50;-40;-1,70;0,30;43,50;98,10;103,70;40,30;2;100;0,30;0,40;
2026-07-15 08:38:00.0;ON;OFF;50;-40;-1,70;0,40;43,50;98,10;103,70;40,40;2;100;0,30;0,40;
2026-07-15 08:39:00.0;ON;OFF;50;-40;-1,60;0,40;43,50;98,10;103,70;40,40;2;100;0,20;0,40;
2026-07-15 08:40:00.0;ON;OFF;50;-40;-1,60;0,40;43,50;98,10;103,80;40,40;2;100;0,20;0,40;
2026-07-15 08:41:00.0;ON;OFF;50;-40;-1,60;0,40;43,50;98,10;103,80;40,40;2;100;0,20;0,40;
2026-07-15 08:42:00.0;ON;OFF;50;-40;-1,60;0,40;43,50;98,10;103,70;40,40;2;100;0,30;0,40;
2026-07-15 08:43:00.0;ON;OFF;50;-40;-1,60;0,40;43,50;98,10;103,70;40,40;2;100;0,30;0,40;
2026-07-15 08:44:00.0;ON;OFF;50;-40;-1,60;0,40;43,50;98,10;103,70;40,40;2;100;0,30;0,40;
2026-07-15 08:45:00.0;ON;OFF;50;-40;-1,60;0,40;43,50;98,10;103,70;40,40;2;100;0,30;0,40;
2026-07-15 08:46:00.0;ON;OFF;50;-40;-1,60;0,50;43,50;98,10;103,60;40,50;2;100;0,40;0,40;
2026-07-15 08:47:00.0;ON;OFF;50;-40;-1,50;0,50;43,50;98,10;103,60;40,50;2;100;0,40;0,40;
2026-07-15 08:48:00.0;ON;OFF;50;-6,90;-1,50;0,50;43,50;98,10;103,60;7,40;2;100;0,40;0,40;
2026-07-15 08:49:00.0;ON;OFF;50;-40;-1,50;0,50;43,50;98,10;103,50;40,50;2;100;0,40;0,40;
2026-07-15 08:50:00.0;ON;OFF;50;-40;-1,40;0,60;43,50;98,10;103,50;40,60;2;100;0,40;0,40;
2026-07-15 08:51:00.0;ON;OFF;50;-40;-1,40;0,60;43,50;98,10;103,50;40,60;2;100;0,40;0,40;
2026-07-15 08:52:00.0;ON;OFF;50;-40;-1,50;0,50;43,50;98,10;103,50;40,50;2;100;0,40;0,40;
2026-07-15 08:53:00.0;ON;OFF;50;-40;-1,50;0,60;43,50;98,10;103,50;40,60;2;100;0,40;0,40;
2026-07-15 08:54:00.0;ON;OFF;50;-40;-1,40;0,60;42,20;98,10;1,20;40,60;2;100;0,40;0,40;
2026-07-15 08:55:00.0;ON;OFF;50;-40;-1,40;0,60;43,10;98,10;0;40,60;2;100;0,40;0,40;
2026-07-15 08:56:00.0;ON;OFF;50;-40;-1,40;0,60;43,20;98,10;0;40,60;2;100;0,30;0,30;
2026-07-15 08:57:00.0;ON;OFF;50;-40;-1,40;0,60;43,20;98,10;0;40,60;2;100;0,30;0,30;
2026-07-15 08:58:00.0;ON;OFF;50;-40;-1,40;0,60;43,20;98,10;0;40,60;2;100;0,30;0,30;
2026-07-15 08:59:00.0;ON;OFF;50;-40;-1,40;0,60;43,20;98,10;0;40,60;2;100;0,40;0,30;
2026-07-15 09:00:00.0;ON;OFF;50;-40;-1,40;0,60;43,20;98,10;0;40,60;2;100;0,50;0,30;
2026-07-15 09:01:00.0;ON;OFF;50;-40;-1,40;0,60;43,20;98,10;0;40,60;2;100;0,50;0,30;
2026-07-15 09:02:00.0;ON;OFF;50;-40;-1,40;0,60;43,20;98,10;0;40,60;2;100;0,50;0,30;
2026-07-15 09:03:00.0;ON;OFF;50;-40;-1,30;0,70;43,20;98,10;0;40,70;2;100;0,50;0,30;
2026-07-15 09:04:00.0;ON;OFF;50;-40;-1,30;0,70;43,20;98,10;0;40,70;2;100;0,60;0,30;
2026-07-15 09:05:00.0;ON;OFF;50;-40;-1,30;0,70;43,10;98,10;0;40,70;2;100;0,70;0,30;
2026-07-15 09:06:00.0;ON;OFF;50;-40;-1,30;0,70;43,10;98,10;0;40,70;2;100;0,70;0,30;
2026-07-15 09:07:00.0;ON;OFF;50;-40;-1,30;0,70;43,10;98,10;0;40,70;2;100;0,70;0,30;
2026-07-15 09:08:00.0;ON;OFF;50;-40;-1,30;0,70;43,10;98,10;0;40,70;2;100;0,70;0,30;
2026-07-15 09:09:00.0;ON;OFF;50;-40;-1,20;0,80;43;98,10;0;40,80;2;100;0,80;0,30;
2026-07-15 09:10:00.0;ON;OFF;50;-40;-1,20;0,80;43;98,10;0;40,80;2;100;0,70;0,30;
2026-07-15 09:11:00.0;ON;OFF;50;-40;-1,20;0,80;43;98,10;0;40,80;2;100;0,60;0,20;
2026-07-15 09:12:00.0;ON;OFF;50;-40;-1,20;0,80;43;98,10;0;40,80;2;100;0,60;0,20;
2026-07-15 09:13:00.0;ON;OFF;50;-40;-1,20;0,80;42,90;98,10;0;40,80;2;100;0,60;0,20;
2026-07-15 09:14:00.0;ON;OFF;50;-40;-1,20;0,80;42,90;98,10;0;40,80;2;100;0,60;0,20;
2026-07-15 09:15:00.0;ON;OFF;50;-40;-1,10;0,90;42,90;98,10;0;40,90;2;100;0,90;0,20;
2026-07-15 09:16:00.0;ON;OFF;50;-40;-0,90;1,10;42,80;98,10;0;41,10;2;100;1,40;0,20;
2026-07-15 09:17:00.0;ON;OFF;50;-40;-0,60;1,40;42,80;98,10;0;41,40;2;100;2,10;0,20;
2026-07-15 09:18:00.0;ON;OFF;50;-40;-0,40;1,60;42,80;98,10;0;41,60;2;100;2,60;0,30;
2026-07-15 09:19:00.0;ON;OFF;50;-40;-0,30;1,70;42,80;98,10;0;41,70;2;100;2,70;0,20;
2026-07-15 09:20:00.0;ON;OFF;50;-40;-0,40;1,60;42,70;98,10;0;41,60;2;100;2,50;0,20;
2026-07-15 09:21:00.0;ON;OFF;50;-40;-0,50;1,60;42,70;98,10;0;41,60;2;100;1,60;0;
2026-07-15 09:22:00.0;ON;OFF;50;-40;-0,30;1,70;42,60;98,10;0;41,70;2;100;1,60;0;
2026-07-15 09:23:00.0;ON;OFF;50;-40;-0,30;1,70;42,60;98,10;0;41,70;2;100;1,40;-0,10;
2026-07-15 09:24:00.0;ON;OFF;50;-40;-0,30;1,90;42,60;98,10;0;41,90;2;100;1,70;-0,20;
2026-07-15 09:25:00.0;ON;OFF;50;-40;-0,10;1,90;42,50;98,10;0;41,90;2;100;1,80;-0,20;
2026-07-15 09:26:00.0;ON;OFF;50;-40;0;2,10;42,50;98,10;0;42,10;2;100;2,20;-0,10;
2026-07-15 09:27:00.0;ON;OFF;50;-40;0,10;2,10;42,40;98,10;0;42,10;2;100;2;-0,10;
2026-07-15 09:28:00.0;ON;OFF;50;-40;-0,10;1,90;42,40;98,10;0;41,90;2;100;1,50;-0,30;
2026-07-15 09:29:00.0;ON;OFF;50;-40;-0,10;2;42,30;98,10;0;42;2;100;1,40;-0,40;
2026-07-15 09:30:00.0;ON;OFF;50;-40;0;2;42,30;98,10;0;42;2;100;1,40;-0,40;
2026-07-15 09:31:00.0;ON;OFF;50;-40;0;2;42,20;98,10;0;42;2;100;1,60;-0,50;
2026-07-15 09:32:00.0;ON;OFF;50;-40;0;2,10;42,20;98,10;0;42,10;2;100;1,70;-0,50;
2026-07-15 09:33:00.0;ON;OFF;50;-40;0,10;2,20;42,20;98,10;0;42,20;2;100;2;-0,50;
2026-07-15 09:34:00.0;ON;OFF;50;-40;0,30;2,30;42,10;98,10;0;42,30;2;100;2,20;-0,40;
2026-07-15 09:35:00.0;ON;OFF;50;-40;0,30;2,30;42;98,10;0;42,30;2;100;2,20;-0,40;
2026-07-15 09:36:00.0;ON;OFF;50;-40;0,30;2,30;42;98,10;0;42,30;2;100;2,10;-0,50;
2026-07-15 09:37:00.0;ON;OFF;50;-40;0,40;2,40;42;98,10;0;42,40;2;100;2,10;-0,50;
2026-07-15 09:38:00.0;ON;OFF;50;-40;0,40;2,50;41,90;98,10;0;42,50;2;100;2,10;-0,40;
2026-07-15 09:39:00.0;ON;OFF;50;-40;0,60;2,60;41,90;98,20;0;42,60;2;100;2,20;-0,40;
2026-07-15 09:40:00.0;ON;OFF;50;-40;0,60;2,50;41,80;98,20;0;42,50;2;100;2;-0,40;
2026-07-15 09:41:00.0;ON;OFF;50;-40;0,50;2,40;41,70;98,20;0;42,40;2;100;2;-0,50;
2026-07-15 09:42:00.0;ON;OFF;50;-40;0,40;2,40;41,70;98,20;0;42,40;2;100;1,90;-0,50;
2026-07-15 09:43:00.0;ON;OFF;50;-40;0,40;2,30;41,60;98,20;0;42,30;2;100;1,70;-0,50;
2026-07-15 09:44:00.0;ON;OFF;50;-40;0,30;2,30;41,60;98,20;0;42,30;2;100;1,60;-0,60;
2026-07-15 09:45:00.0;ON;OFF;50;-40;0,20;2,20;41,50;98,20;0;42,20;2;100;1,50;-0,80;
2026-07-15 09:46:00.0;ON;OFF;50;-40;0,10;2;41,50;98,20;0;42;2;100;1,30;-1;
2026-07-15 09:47:00.0;ON;OFF;50;-40;0;1,90;41,40;98,20;0;41,90;2;100;1,20;-1;
2026-07-15 09:48:00.0;ON;OFF;50;-40;-0,10;1,90;41,40;98,20;0;41,90;2;100;1,20;-1;
2026-07-15 09:49:00.0;ON;OFF;50;-40;-0,10;1,80;41,30;98,20;0;41,80;2;100;1;-1,10;
2026-07-15 09:50:00.0;ON;OFF;50;-40;-0,20;1,80;41,20;98,20;0;41,80;2;100;1;-1,20;
2026-07-15 09:51:00.0;ON;OFF;50;-40;-0,30;1,70;41,20;98,20;0;41,70;2;100;0,90;-1,20;
2026-07-15 09:52:00.0;ON;OFF;50;-40;-0,30;1,60;41,10;98,20;0;41,60;2;100;0,90;-1,20;
2026-07-15 09:53:00.0;ON;OFF;50;-28,90;-0,40;1,50;41,10;98,20;0;30,60;2;100;0,70;-1,30;
2026-07-15 09:54:00.0;ON;OFF;50;-38,80;-0,50;1,50;41;98,20;0;40,20;2;100;0,70;-1,30;
2026-07-15 09:55:00.0;ON;OFF;50;-36,90;-0,50;1,40;40,90;98,20;0;38,30;2;100;0,60;-1,40;
2026-07-15 09:56:00.0;ON;OFF;50;-36,70;-0,60;1,40;40,90;98,20;0;38,10;2;100;0,60;-1,40;
2026-07-15 09:57:00.0;ON;OFF;50;-33,90;-0,70;1,30;40,80;98,20;0;35,20;2;100;0,50;-1,40;
2026-07-15 09:58:00.0;ON;OFF;50;-38,50;-0,70;1,30;40,70;98,20;0;39,80;2;100;0,50;-1,30;
2026-07-15 09:59:00.0;ON;OFF;50;-40;-0,70;1,40;40,70;98,20;0;41,40;2;100;0,50;-1,30;
2026-07-15 10:00:00.0;ON;OFF;50;-12;-0,60;1,30;40,60;98,20;0;13,30;2;100;0,40;-1,30;
2026-07-15 10:01:00.0;ON;OFF;50;-33,50;-0,70;1,30;40,60;98,20;0;13,30;2;100;0,40;-1,30;
2026-07-15 10:02:00.0;ON;OFF;50;-34,70;-0,80;1,20;40,50;98,20;0;36;2;100;0,30;-1,40;
2026-07-15 10:03:00.0;ON;OFF;50;-35,40;-0,80;1,20;40,50;98,20;0;36,60;2;100;0,30;-1,40;
2026-07-15 10:04:00.0;ON;OFF;50;-7,40;-0,70;1,40;40,40;98,20;0;8,70;2;100;0,80;-1,30;
2026-07-15 10:05:00.0;ON;OFF;50;-40;-0,60;1,40;40,30;98,20;0;41,40;2;100;0,90;-1,30;
2026-07-15 10:06:00.0;ON;OFF;50;-39,40;-0,50;1,50;40,20;98,20;0;40,90;2;100;1;-1,20;
2026-07-15 10:07:00.0;ON;OFF;50;-21,10;-0,40;1,60;40,10;98,20;0;22,60;2;100;1;-1,10;
2026-07-15 10:08:00.0;ON;OFF;50;-17,40;-0,40;1,60;40,10;98,20;0;19;2;100;1,10;-1,10;
2026-07-15 10:09:00.0;ON;OFF;50;-40;-0,30;1,70;40;98,20;0;41,70;2;100;1,40;-1;
2026-07-15 10:10:00.0;ON;OFF;50;-36,20;-0,20;1,80;40;98,20;0;38;2;100;1,70;-0,90;
2026-07-15 10:11:00.0;ON;OFF;50;-39,50;-0,10;1,90;39,90;98,20;0;41,40;2;100;2;-0,80;
2026-07-15 10:12:00.0;ON;OFF;50;-7,10;0;2;39,90;98,20;0;9,10;2;100;2,10;-0,80;
2026-07-15 10:13:00.0;ON;OFF;50;-22,40;0;2,10;39,80;98,20;0;24,50;2;100;2,20;-0,70;
2026-07-15 10:14:00.0;ON;OFF;50;-23,10;0,20;2,20;39,70;98,20;0;25,30;2;100;2,70;-0,60;
2026-07-15 10:15:00.0;ON;OFF;50;-17;0,20;2,30;39,70;98,20;0;19,30;2;100;2,50;-0,60;
2026-07-15 10:16:00.0;ON;OFF;50;-7,20;0,30;2,40;39,60;98,20;0;9,60;2;100;2,70;-0,50;
2026-07-15 10:17:00.0;ON;OFF;50;-7,40;0,40;2,40;39,60;98,20;0;9,80;2;100;2,70;-0,50;
2026-07-15 10:18:00.0;ON;OFF;50;-37,80;0,40;2,50;39,50;98,20;0;40,30;2;100;2,90;-0,40;
2026-07-15 10:19:00.0;ON;OFF;50;-15;0,50;2,70;39,40;98,20;0;16,90;2;100;3,60;-0,30;
2026-07-15 10:20:00.0;ON;OFF;50;-37,70;0,70;2,70;39,40;98,20;0;40,40;2;100;3,70;-0,10;
2026-07-15 10:21:00.0;ON;OFF;50;-35,80;0,80;2,70;39,30;98,20;0;38,60;2;100;3,90;0,10;
2026-07-15 10:22:00.0;ON;OFF;50;-30,80;0,80;2,80;39,20;98,20;0;33,60;2;100;4;0,10;
2026-07-15 10:23:00.0;ON;OFF;50;-36,70;0,80;2,80;39,20;98,20;0;39,50;2;100;4;0,20;
2026-07-15 10:24:00.0;ON;OFF;50;-19,10;0,90;3;39,10;98,20;0;22;2;100;4,10;0,20;
2026-07-15 10:25:00.0;ON;OFF;50;-34,80;1;3;39,10;98,20;0;37,80;2;100;4,10;0,20;
2026-07-15 10:26:00.0;ON;OFF;50;-16,80;1,10;3,10;39;98,20;0;19,90;2;100;4,20;0,20;
2026-07-15 10:27:00.0;ON;OFF;50;-7;1,10;3,20;38,90;98,20;0;10,10;2;100;4,10;0,30;
2026-07-15 10:28:00.0;ON;OFF;50;-26,70;1,20;3,30;38,80;98,20;0;29,90;2;100;3,80;0,30;
2026-07-15 10:29:00.0;ON;OFF;50;-20,60;1,40;3,50;38,80;98,20;0;24,10;2;100;4,10;0,40;
2026-07-15 10:30:00.0;ON;OFF;50;-6,50;1,50;3,60;38,70;98,20;0;10,10;2;100;4,10;0,40;
2026-07-15 10:31:00.0;ON;OFF;50;-22,10;1,70;3,70;38,60;98,30;0;25,90;2;100;4,10;0,60;
2026-07-15 10:32:00.0;ON;OFF;50;-12;1,80;3,80;38,60;98,30;0;15,80;2;100;4,20;0,60;
2026-07-15 10:33:00.0;ON;OFF;50;-6,70;1,80;3,90;38,50;98,30;0;10,60;2;100;4,20;0,70;
2026-07-15 10:34:00.0;ON;OFF;50;-28,90;1,90;4;38,40;98,30;0;32,90;2;100;4;0,70;
2026-07-15 10:35:00.0;ON;OFF;50;-18,50;2;4;38,40;98,30;0;22,50;2;100;4;0,60;
2026-07-15 10:36:00.0;ON;OFF;50;-21,60;2;4,10;38,30;98,30;0;25,60;2;100;3,90;0,70;
2026-07-15 10:37:00.0;ON;OFF;50;-18;2,20;4,20;38,20;98,30;0;22,30;2;100;4,10;0,70;
2026-07-15 10:38:00.0;ON;OFF;50;-35,10;2,30;4,30;38,20;98,30;0;39,40;2;100;4,20;0,80;
2026-07-15 10:39:00.0;ON;OFF;50;-7,50;2,40;4,40;38,10;98,30;0;11,90;2;100;4,30;0,80;
2026-07-15 10:40:00.0;ON;OFF;50;-32,10;2,50;4,60;38;98,30;0;36,60;2;100;4,60;0,90;
2026-07-15 10:41:00.0;ON;OFF;50;-25,60;2,60;4,60;38;98,30;0;30,30;2;100;4,80;1;
2026-07-15 10:42:00.0;ON;OFF;50;-37,50;2,70;4,70;37,90;98,30;0;37,20;2;100;4,80;1;
2026-07-15 10:43:00.0;ON;OFF;50;-6,80;0,20;4,70;37,80;98,30;0;11,50;2;100;4,70;1,20;
2026-07-15 10:44:00.0;ON;OFF;50;-7;0,10;4,40;37,70;98,30;0;11,40;2;100;4,70;1,30;
2026-07-15 10:45:00.0;ON;OFF;50;-6,80;-0,10;4,40;37,60;98,30;0;11,10;2;100;4,70;1,20;
2026-07-15 10:46:00.0;OFF;ON;100;-25,70;-0,10;4,40;37,60;98,30;0;30,10;4,50;100;4,50;1,20;
2026-07-15 10:47:00.0;OFF;ON;100;-6,80;-0,10;4,40;37,50;98,30;0;11,20;4,50;100;4,70;1,20;
2026-07-15 10:48:00.0;OFF;ON;100;-6,60;-0,10;4,40;37,50;98,30;0;11;4,50;100;4,70;1,30;
2026-07-15 10:49:00.0;OFF;ON;100;-25,60;-0,10;4,40;37,40;98,30;0;29,90;4,50;100;4,50;1,40;
2026-07-15 10:50:00.0;OFF;ON;100;-39,20;-0,10;4,40;37,30;98,30;0;43,50;4,50;100;4,50;1,40;
2026-07-15 10:51:00.0;OFF;ON;100;-12;-0,10;4,50;37,30;98,30;0;16,50;4,50;100;4,50;1,50;
2026-07-15 10:52:00.0;OFF;ON;100;-6,20;0;4,50;37,20;98,30;0;10,80;4,50;100;4,60;1,70;
2026-07-15 10:53:00.0;OFF;ON;100;-24,10;0,10;4,70;37,10;98,30;0;28,80;4,50;100;4,80;1,90;
2026-07-15 10:54:00.0;OFF;ON;100;-31,50;0,20;4,90;37;98,30;0;36,40;4,50;100;4,90;2,20;
2026-07-15 10:55:00.0;OFF;ON;100;-6,70;0,50;5,10;36,90;98,30;0;11,80;4,50;100;5,20;2,60;
2026-07-15 10:56:00.0;OFF;ON;100;-29,80;0,70;5,20;36,90;98,30;0;35;4,50;100;5,20;2,90;
2026-07-15 10:57:00.0;OFF;ON;100;-5,80;1;5,70;36,80;98,30;97,80;11,40;4,50;100;5,60;3,50;
2026-07-15 10:58:00.0;OFF;ON;100;-4,60;1,30;5,90;36,70;98,30;100;10,50;4,50;100;5,80;3,80;
2026-07-15 10:59:00.0;OFF;ON;100;-5,60;1,50;6,20;36,70;98,30;100;11,90;4,50;100;6;4,10;
2026-07-15 11:00:00.0;OFF;ON;100;-4,70;1,80;6,50;36,60;98,30;100;11,20;4,50;100;6,30;4,50;
2026-07-15 11:01:00.0;OFF;ON;100;-3,40;2,10;6,70;36,50;98,30;99,90;10,10;4,50;100;6,50;4,70;
2026-07-15 11:02:00.0;OFF;ON;100;-5,20;2,30;6,90;36,40;98,30;100;12;4,50;100;6,60;4,90;
2026-07-15 11:03:00.0;OFF;ON;100;-32,20;2,40;7;36,40;98,30;100;39,20;4,50;100;6,70;4,90;
2026-07-15 11:04:00.0;OFF;ON;100;-20,10;0;7,10;36,30;98,40;99,90;27,20;4,50;100;6,80;5,10;
2026-07-15 11:05:00.0;OFF;ON;100;-5,10;0,20;7,30;36,20;98,40;99,90;12,30;4,50;100;7;5,30;
2026-07-15 11:06:00.0;OFF;ON;100;-13,70;0,30;7,40;36,10;98,40;99,90;21,10;4,50;100;7,10;5,40;
2026-07-15 11:07:00.0;OFF;ON;100;-4,30;0,40;7,40;36,10;98,40;99,90;11,70;7;100;7,20;5,50;
2026-07-15 11:08:00.0;OFF;ON;100;-4,90;0,50;7,50;36;98,40;99,90;12,40;7;100;7,30;5,60;
2026-07-15 11:09:00.0;OFF;ON;100;-5,30;0,50;7,60;35,90;98,40;99,90;12,90;7;100;7,40;5,80;
2026-07-15 11:10:00.0;OFF;ON;100;-6,30;0,60;7,70;35,80;98,40;99,90;14;7;100;7,50;5,90;
2026-07-15 11:11:00.0;OFF;ON;100;-4,70;0,70;7,70;35,80;98,40;99,90;12,50;7;100;7,50;6;
2026-07-15 11:12:00.0;OFF;ON;100;-2,80;0,70;7,70;35,70;98,40;99,90;10,50;7;100;7,50;5,90;
2026-07-15 11:13:00.0;OFF;ON;100;-4,70;0,70;7,80;35,60;98,40;99,90;12,50;7;100;7,60;6;
2026-07-15 11:14:00.0;OFF;ON;100;-6,20;0,80;7,80;35,50;98,40;99,90;14,10;7;100;7,60;6,10;
2026-07-15 11:15:00.0;OFF;ON;100;-5;0,90;7,90;35,40;98,40;99,90;12,90;7;100;7,60;6,10;
2026-07-15 11:16:00.0;OFF;ON;100;-5,70;0,90;7,90;35,30;98,40;99,90;13,70;7;100;7,60;6,10;
2026-07-15 11:17:00.0;OFF;ON;100;-6,30;0,90;8;35,30;98,40;99,90;14,30;7;100;7,70;6,10;
2026-07-15 11:18:00.0;OFF;ON;100;-5;1;8,10;35,20;98,40;99,90;13,10;7;100;7,90;6,40;
2026-07-15 11:19:00.0;OFF;ON;100;-27,40;1,20;8,20;35,10;98,40;99,90;35,60;7;100;7,90;6,50;
2026-07-15 11:20:00.0;OFF;ON;100;-20,60;1,20;8,30;35;98,40;99,90;28,90;7;100;8,10;6,50;
2026-07-15 11:21:00.0;OFF;ON;100;-5,20;1,40;8,50;35;98,40;99,90;13,70;7;100;8,20;6,60;
2026-07-15 11:22:00.0;OFF;ON;100;-5,90;1,40;8,50;34,90;98,40;99,90;14,40;7;100;8,30;6,70;
2026-07-15 11:23:00.0;OFF;ON;100;-5,90;1,50;8,60;34,80;98,40;99,90;14,40;7;100;8,30;6,80;
2026-07-15 11:24:00.0;OFF;ON;100;-2,70;1,60;8,60;34,80;98,40;99,90;11,30;7;100;8,50;7;
2026-07-15 11:25:00.0;OFF;ON;100;-6;1,70;8,70;34,70;98,40;99,90;14,60;7;100;8,50;7,10;
2026-07-15 11:26:00.0;OFF;ON;100;-5;1,60;8,60;34,70;98,40;100;13,60;7;100;8,30;6,80;
2026-07-15 11:27:00.0;OFF;ON;100;-3,80;1,50;8,50;34,60;98,50;100;12,30;7;100;8,20;6,50;
2026-07-15 11:28:00.0;OFF;ON;100;-6,40;1,50;8,50;34,50;98,50;99,90;15;7;100;8,10;6,40;
2026-07-15 11:29:00.0;OFF;ON;100;-4,20;1,50;8,50;34,40;98,50;99,90;12,70;7;100;8,10;6,20;
2026-07-15 11:30:00.0;OFF;ON;100;-5,30;1,50;8,50;34,40;98,50;99,90;13,80;7;100;8;6,20;
2026-07-15 11:31:00.0;OFF;ON;100;-5;1,50;8,50;34,30;98,50;99,90;13,40;7;100;7,90;6;
2026-07-15 11:32:00.0;OFF;ON;100;-23,40;1,50;8,40;34,30;98,50;99,90;31,80;7;100;7,90;6;
2026-07-15 11:33:00.0;OFF;ON;100;-6,10;1,50;8,50;34,20;98,50;99,90;14,60;7;100;8;6;
2026-07-15 11:34:00.0;OFF;ON;100;-6,50;1,50;8,50;34,10;98,50;99,90;14,90;7;100;7,90;6;
2026-07-15 11:35:00.0;OFF;ON;100;-6,10;1,50;8,50;34;98,50;100;14,60;7;100;8;6;
2026-07-15 11:36:00.0;OFF;ON;100;-6,50;1,40;8,40;34;98,50;99,90;14,90;7;100;8;6;
2026-07-15 11:37:00.0;OFF;ON;100;-20,40;1,50;8,50;33,90;98,50;99,90;28,90;7;100;8;6;
2026-07-15 11:38:00.0;OFF;ON;100;-5,10;1,50;8,50;33,80;98,50;100;13,50;7;100;8;6,10;
2026-07-15 11:39:00.0;OFF;ON;100;-6,50;1,50;8,50;33,80;98,50;99,90;15;7;100;8,20;6,10;
2026-07-15 11:40:00.0;OFF;ON;100;-5,30;1,50;8,50;33,70;98,50;99,90;13,80;7;100;8,20;6,20;
2026-07-15 11:41:00.0;OFF;ON;100;-5,30;1,50;8,50;33,60;98,50;99,80;13,80;7;100;8,20;6,20;
2026-07-15 11:42:00.0;OFF;ON;100;-5,40;1,60;8,60;33,60;98,50;99,90;14;7;100;8,40;6,30;
2026-07-15 11:43:00.0;OFF;ON;100;-4;1,60;8,70;33,50;98,50;99,90;12,70;7;100;8,50;6,40;
2026-07-15 11:44:00.0;OFF;ON;100;-4;1,70;8,70;33,40;98,50;99,80;12,70;7;100;8,70;6,60;
2026-07-15 11:45:00.0;OFF;ON;100;-18,70;1,70;8,80;33,30;98,50;99,80;27,50;7;100;8,90;6,80;
2026-07-15 11:46:00.0;OFF;ON;100;-4,80;1,80;8,80;33,30;98,50;99,80;13,60;7;100;8,80;6,80;
2026-07-15 11:47:00.0;OFF;ON;100;-5,60;1,80;8,90;33,20;98,50;99,90;14,40;7;100;8,90;6,80;
2026-07-15 11:48:00.0;OFF;ON;100;-3,50;1,90;8,90;33,20;98,50;99,90;12,40;7;100;8,90;6,80;
2026-07-15 11:49:00.0;OFF;ON;100;-5,60;1,90;9;33,10;98,50;99,80;14,50;7;100;9;6,90;
2026-07-15 11:50:00.0;OFF;ON;100;-2,90;2;9,10;33;98,50;99,80;11,90;7;100;9,40;7,20;
2026-07-15 11:51:00.0;OFF;ON;100;-4,20;2,10;9,10;32,90;98,50;99,80;13,30;7;100;9,30;7,20;
2026-07-15 11:52:00.0;OFF;ON;100;-4,50;2,10;9,20;32,90;98,50;99,80;13,70;7;100;9,70;7,60;
2026-07-15 11:53:00.0;OFF;ON;100;-5;2,30;9,40;32,80;98,50;99,80;14,40;7;100;10,20;8;
2026-07-15 11:54:00.0;OFF;ON;100;-3,70;2,40;9,40;32,70;98,50;99,90;13,20;7;100;10,30;8,20;
2026-07-15 11:55:00.0;OFF;ON;100;-5,10;2,50;9,50;32,70;98,50;99,90;14,70;7;100;10,40;8,30;
2026-07-15 11:56:00.0;OFF;ON;100;-3,30;2,50;9,60;32,60;98,50;99,80;12,90;7;100;10,50;8,30;
2026-07-15 11:57:00.0;OFF;ON;100;-12;2,60;9,60;32,50;98,50;99,80;21,70;7;100;10,60;8,40;
2026-07-15 11:58:00.0;OFF;ON;100;-3,80;2,70;9,70;32,50;98,40;99,70;13,50;7;100;10,70;8,50;
2026-07-15 11:59:00.0;OFF;ON;100;-5,90;2,70;9,70;32,40;98,40;99,70;15,70;7;100;10,70;8,50;
2026-07-15 12:00:00.0;OFF;ON;100;-4,90;2,70;9,70;32,30;98,40;99,70;14,60;7;100;10,60;8,50;
2026-07-15 12:01:00.0;OFF;ON;100;-3,50;2,60;9,70;32,30;98,40;99,60;13,20;7;100;10,70;8,50;
2026-07-15 12:02:00.0;OFF;ON;100;-5,30;2,70;9,70;32,20;98,40;99,60;14,90;7;100;10,60;8,50;
2026-07-15 12:03:00.0;OFF;ON;100;-4,20;2,70;9,60;32,10;98,40;99,60;13,80;7;100;10,40;8,40;
2026-07-15 12:04:00.0;OFF;ON;100;-4,80;2,60;9,60;32,10;98,40;99,60;14,40;7;100;10,40;8,40;
2026-07-15 12:05:00.0;OFF;ON;100;-4;2,60;9,60;32;98,50;99,60;13,60;7;100;10,40;8,30;
2026-07-15 12:06:00.0;OFF;ON;100;-2,60;2,60;9,60;31,90;98,50;99,60;12,20;7;100;10,30;8,30;
2026-07-15 12:07:00.0;OFF;ON;100;-4,80;2,50;9,50;31,90;98,50;99,60;14,30;7;100;10,30;8,30;
2026-07-15 12:08:00.0;OFF;ON;100;-3,70;2,50;9,50;31,80;98,50;99,60;13,20;7;100;10,20;8,20;
2026-07-15 12:09:00.0;OFF;ON;100;-21,50;2,50;9,50;31,70;98,50;99,70;31;7;100;10,10;8,20;
2026-07-15 12:10:00.0;OFF;ON;100;-30,10;2,50;9,50;31,60;98,50;99,70;39,60;7;100;10,10;8,10;
2026-07-15 12:11:00.0;OFF;ON;100;-13,30;2,40;9,40;31,60;98,50;99,70;22,70;7;100;10;8,10;
2026-07-15 12:12:00.0;OFF;ON;100;-4,20;2,40;9,40;31,50;98,50;99,70;13,60;7;100;10;8,10;
2026-07-15 12:13:00.0;OFF;ON;100;-4,30;2,30;9,30;31,40;98,50;99,70;13,70;7;100;9,90;8;
2026-07-15 12:14:00.0;OFF;ON;100;-5,50;2,30;9,30;31,40;98,50;99,70;14,80;7;100;9,80;8;
2026-07-15 12:15:00.0;OFF;ON;100;-4,40;2,30;9,30;31,30;98,50;99,70;13,60;7;100;9,80;7,90;
2026-07-15 12:16:00.0;OFF;ON;100;-4,10;2,30;9,20;31,20;98,50;99,70;13,30;7;100;9,70;7,90;
2026-07-15 12:17:00.0;OFF;ON;100;-4,70;2,20;9,20;31,10;98,50;99,60;13,80;7;100;9,70;7,90;
2026-07-15 12:18:00.0;OFF;ON;100;-4,60;2,20;9,20;31,10;98,50;99,60;13,80;7;100;9,70;7,80;
2026-07-15 12:19:00.0;OFF;ON;100;-2,70;2,20;9,10;31;98,50;99,60;11,90;7;100;9,60;7,80;
2026-07-15 12:20:00.0;OFF;ON;100;-4,20;2,10;9,10;30,90;98,50;99,60;13,30;7;100;9,60;7,70;
2026-07-15 12:21:00.0;OFF;ON;100;-2,60;2,10;9,10;30,80;98,50;99,60;11,70;7;100;9,60;7,70;
2026-07-15 12:22:00.0;OFF;ON;100;-3,50;2,10;9;30,80;98,50;99,60;12,60;7;100;9,50;7,70;
2026-07-15 12:23:00.0;OFF;ON;100;-5;2;9;30,70;98,50;99,60;14;7;100;9,60;7,60;
2026-07-15 12:24:00.0;OFF;ON;100;-4,10;2;9;30,60;98,50;99,60;13,10;7;100;9,50;7,60;
2026-07-15 12:25:00.0;OFF;ON;100;-3,30;1,90;8,90;30,60;98,50;99,70;12,20;7;100;9,40;7,50;
2026-07-15 12:26:00.0;OFF;ON;100;-3,10;1,90;8,90;30,50;98,50;99,70;12;7;100;9,40;7,50;
2026-07-15 12:27:00.0;OFF;ON;100;-3,40;1,90;8,90;30,40;98,50;99,70;12,30;7;100;9,30;7,40;
2026-07-15 12:28:00.0;OFF;ON;100;-3,20;1,90;8,90;30,30;98,50;99,70;12;7;100;9,30;7,40;
2026-07-15 12:29:00.0;OFF;ON;100;-4,10;1,80;8,80;30,30;98,50;99,70;12,90;7;100;9,30;7,40;
2026-07-15 12:30:00.0;OFF;ON;100;-6,60;1,80;8,80;30,20;98,50;99,70;15,40;7;100;9,20;7,30;
2026-07-15 12:31:00.0;OFF;ON;100;-3,30;1,70;8,70;30,10;98,50;99,70;12;7;100;9,20;7,20;
2026-07-15 12:32:00.0;OFF;ON;100;-3,80;1,70;8,70;30,10;98,50;99,70;12,50;7;100;9,10;7,20;
2026-07-15 12:33:00.0;OFF;ON;100;-5,70;1,70;8,60;30;98,50;99,70;14,30;7;100;9,10;7,10;
2026-07-15 12:34:00.0;OFF;ON;100;-4,40;1,60;8,60;29,90;98,50;99,70;13,10;7;100;9;7,10;
2026-07-15 12:35:00.0;OFF;ON;100;-4,80;1,60;8,60;29,90;98,50;99,70;13,30;7;100;9;7,10;
2026-07-15 12:36:00.0;OFF;ON;100;-5,10;1,50;8,50;29,80;98,50;99,70;13,60;7;100;8,90;7;
2026-07-15 12:37:00.0;OFF;ON;100;-4,70;1,50;8,50;29,80;98,50;99,70;13,20;7;100;8,90;6,90;
2026-07-15 12:38:00.0;OFF;ON;100;-4;1,50;8,40;29,70;98,50;99,70;12,40;7;100;8,80;6,90;
2026-07-15 12:39:00.0;OFF;ON;100;-22,10;1,40;8,40;29,60;98,50;99,70;30,50;7;100;8,80;6,90;
2026-07-15 12:40:00.0;OFF;ON;100;-3,50;1,40;8,30;29,60;98,50;99,70;11,80;7;100;8,70;6,80;
2026-07-15 12:41:00.0;OFF;ON;100;-6,30;1,30;8,30;29,50;98,50;99,70;14,60;7;100;8,60;6,80;
2026-07-15 12:42:00.0;OFF;ON;100;-4,70;1,30;8,30;29,50;98,50;99,70;12,90;7;100;8,60;6,70;
2026-07-15 12:43:00.0;OFF;ON;100;-5;1,30;8,20;29,40;98,50;99,70;13,30;7;100;8,60;6,70;
2026-07-15 12:44:00.0;OFF;ON;100;-4,30;1,20;8,20;29,40;98,50;99,70;12,50;7;100;8,50;6,60;
2026-07-15 12:45:00.0;OFF;ON;100;-3,20;1,20;8,20;29,30;98,50;99,70;11,30;7;100;8,50;6,60;
2026-07-15 12:46:00.0;OFF;ON;100;-2,10;1,20;8,10;29,20;98,50;99,70;10,20;7;100;8,50;6,50;
2026-07-15 12:47:00.0;OFF;ON;100;-3,30;1,10;8,10;29,20;98,50;99,70;11,30;7;100;8,40;6,50;
2026-07-15 12:48:00.0;OFF;ON;100;-2,50;1,10;8;29,10;98,50;99,70;10,50;7;100;8,40;6,40;
2026-07-15 12:49:00.0;OFF;ON;100;-2,50;1;8;29;98,50;99,70;10,50;7;100;8,30;6,40;
2026-07-15 12:50:00.0;OFF;ON;100;-3,30;1;7,90;29;98,50;99,70;11,20;7;100;8,30;6,40;
2026-07-15 12:51:00.0;OFF;ON;100;-1,80;0,90;7,90;28,90;98,50;99,70;9,70;7;100;8,20;6,30;
2026-07-15 12:52:00.0;OFF;ON;100;-1,90;0,90;7,90;28,90;98,50;99,70;9,80;7;100;8,20;6,20;
2026-07-15 12:53:00.0;OFF;ON;100;-4,60;0,90;7,80;28,80;98,50;99,70;12,50;7;100;8,10;6,20;
2026-07-15 12:54:00.0;OFF;ON;100;-33,10;0,80;7,80;28,80;98,50;99,70;40,90;7;100;8,10;6,20;
2026-07-15 12:55:00.0;OFF;ON;100;-4,30;0,80;7,80;28,70;98,50;99,70;12;7;100;8,10;6,10;
2026-07-15 12:56:00.0;OFF;ON;100;-5,30;0,70;7,70;28,60;98,50;99,70;13;7;100;8;6,10;
2026-07-15 12:57:00.0;OFF;ON;100;-4,80;0,70;7,70;28,60;98,50;99,70;12,50;7;100;7,90;6;
2026-07-15 12:58:00.0;OFF;ON;100;-4,90;0,60;7,70;28,50;98,50;99,70;12,60;7;100;7,90;6;
2026-07-15 12:59:00.0;OFF;ON;100;-5;0,60;7,60;28,50;98,50;99,70;12,60;7;100;7,90;5,90;
2026-07-15 13:00:00.0;OFF;ON;100;-4,60;0,60;7,60;28,40;98,50;99,70;12,20;7;100;7,80;5,90;
2026-07-15 13:01:00.0;OFF;ON;100;-38,10;0,50;7,50;28,40;98,50;99,70;45,60;7;100;7,80;5,80;
2026-07-15 13:02:00.0;OFF;ON;100;-6,30;0,50;7,50;28,30;98,50;99,60;13,80;7;100;7,70;5,80;
2026-07-15 13:03:00.0;OFF;ON;100;-40;0,40;7,40;28,20;98,50;99,60;47,40;7;100;7,70;5,70;
2026-07-15 13:04:00.0;OFF;ON;100;-40;0,40;7,40;28,20;98,50;99,60;47,40;7;100;7,60;5,70;
2026-07-15 13:05:00.0;OFF;ON;100;-40;0,40;7,30;28,10;98,50;99,60;47,30;7;100;7,60;5,60;
2026-07-15 13:06:00.0;OFF;ON;100;-40;0,30;7,30;28,10;98,50;99,60;47,30;7;100;7,50;5,60;
2026-07-15 13:07:00.0;OFF;ON;100;-40;0,30;7,30;28;98,50;99,60;47,30;7;100;7,50;5,50;
2026-07-15 13:08:00.0;OFF;ON;100;-33,10;0,30;7,20;28;98,50;99,60;40,30;7;100;7,40;5,50;
2026-07-15 13:09:00.0;OFF;ON;100;-6,60;0,20;7,20;27,90;98,50;99,60;13,80;7;100;7,40;5,50;
2026-07-15 13:10:00.0;OFF;ON;100;-31,70;0,20;7,10;27,80;98,50;99,60;38,80;7;100;7,40;5,40;
2026-07-15 13:11:00.0;OFF;ON;100;-40;0,10;7,10;27,80;98,50;99,60;47,10;7;100;7,30;5,40;
2026-07-15 13:12:00.0;OFF;ON;100;-40;0,10;7,10;27,70;98,50;99,60;47,10;7;100;7,30;5,40;
2026-07-15 13:13:00.0;OFF;ON;100;-38,60;0;7;27,70;98,50;99,60;45,60;7;100;7,30;5,40;
2026-07-15 13:14:00.0;OFF;ON;100;-5,60;0;7;27,60;98,50;99,60;12,60;7;100;7,20;5,30;
2026-07-15 13:15:00.0;OFF;ON;100;-4,60;0;7;27,50;98,50;99,60;11,50;7;100;7,20;5,20;
2026-07-15 13:16:00.0;OFF;ON;100;-4,80;-0,10;6,90;27,50;98,50;99,60;11,70;7;100;7,10;5,20;
2026-07-15 13:17:00.0;OFF;ON;100;-5;-0,10;6,90;27,40;98,50;99,60;11,90;7;100;7;5,10;
2026-07-15 13:18:00.0;OFF;ON;100;-5,40;-0,10;6,90;27,30;98,50;99,60;12,20;7;100;7,10;5,10;
2026-07-15 13:19:00.0;OFF;ON;100;-38,90;-0,20;6,80;27,30;98,50;99,60;45,70;7;100;7;5;
2026-07-15 13:20:00.0;OFF;ON;100;-5,60;-0,20;6,80;27,20;98,50;99,60;12,40;7;100;7;5;
2026-07-15 13:21:00.0;OFF;ON;100;-6,70;-0,20;6,70;27,20;98,50;99,60;13,40;7;100;6,90;5;
2026-07-15 13:22:00.0;OFF;ON;100;-31,40;-0,30;6,70;27,10;98,50;99,60;38,10;7;100;6,90;5;
2026-07-15 13:23:00.0;OFF;ON;100;-4,20;-0,30;6,70;27,10;98,50;99,60;10,90;7;100;6,80;4,90;
2026-07-15 13:24:00.0;OFF;ON;100;-5,20;-0,30;6,60;27;98,50;99,60;11,80;7;100;6,80;4,90;
2026-07-15 13:25:00.0;OFF;ON;100;-5,70;-0,40;6,60;27;98,50;99,60;12,30;7;100;6,80;4,90;
2026-07-15 13:26:00.0;OFF;ON;100;-5,30;-0,40;6,60;26,90;98,50;99,60;11,80;7;100;6,70;4,80;
2026-07-15 13:27:00.0;OFF;ON;100;-6;-0,50;6,50;26,80;98,50;99,60;12,50;7;100;6,70;4,80;
2026-07-15 13:28:00.0;OFF;ON;100;-5,90;-0,50;6,50;26,80;98,50;99,60;12,40;7;100;6,60;4,70;
2026-07-15 13:29:00.0;OFF;ON;100;-7;-0,50;6,50;26,70;98,50;99,60;13,50;7;100;6,60;4,70;
2026-07-15 13:30:00.0;OFF;ON;100;-5,90;-0,50;6,40;26,70;98,50;99,60;12,30;7;100;6,60;4,70;
2026-07-15 13:31:00.0;OFF;ON;100;-5;-0,60;6,40;26,60;98,50;99,60;11,40;7;100;6,50;4,70;
2026-07-15 13:32:00.0;OFF;ON;100;-6,10;-0,60;6,40;26,50;98,50;99,60;12,40;7;100;6,50;4,60;
2026-07-15 13:33:00.0;OFF;ON;100;-6,80;-0,70;6,30;26,50;98,50;99,60;13,10;7;100;6,40;4,60;
2026-07-15 13:34:00.0;OFF;ON;100;-6,20;-0,70;6,30;26,40;98,40;99,60;12,40;7;100;6,40;4,60;
2026-07-15 13:35:00.0;OFF;ON;100;-6,20;-0,70;6,20;26,40;98,40;99,60;12,40;7;100;6,40;4,60;
2026-07-15 13:36:00.0;OFF;ON;100;-5,80;-0,80;6,20;26,30;98,40;99,60;12,10;7;100;6,40;4,50;
2026-07-15 13:37:00.0;OFF;ON;100;-5,10;-0,80;6,20;26,30;98,30;99,60;11,30;7;100;6,30;4,50;
2026-07-15 13:38:00.0;OFF;ON;100;-5,40;-0,80;6,10;26,20;98,30;99,60;11,60;7;100;6,30;4,50;
2026-07-15 13:39:00.0;OFF;ON;100;-4,80;-0,90;6,10;26,10;98,20;99,60;10,90;7;100;6,20;4,40;
2026-07-15 13:40:00.0;OFF;ON;100;-12;-0,90;6,10;26,10;98,10;99,60;18,10;7;100;6,10;4,40;
2026-07-15 13:41:00.0;OFF;ON;100;-5,30;-1;6;26;98,10;99,60;11,30;7;100;6,10;4,40;
2026-07-15 13:42:00.0;OFF;ON;100;-5,40;-1;6;26;98,10;99,60;11,40;7;100;6,10;4,30;
2026-07-15 13:43:00.0;OFF;ON;100;-4,50;-1;6;25,90;98;99,60;10,50;7;100;6,10;4,30;
2026-07-15 13:44:00.0;OFF;ON;100;-4,90;-1;5,90;25,80;98;99,60;10,80;7;100;6;4,30;
2026-07-15 13:45:00.0;OFF;ON;100;-6,10;-1,10;5,90;25,80;98,10;99,60;12;7;100;6;4,20;
2026-07-15 13:46:00.0;OFF;ON;100;-5,20;-1,10;5,90;25,70;98;99,60;11,10;7;100;5,90;4,20;
2026-07-15 13:47:00.0;OFF;ON;100;-6,80;-1,10;5,80;25,60;97,90;99,60;12,60;7;100;5,90;4,20;
2026-07-15 13:48:00.0;OFF;ON;100;-12;-1,20;5,80;25,60;97,90;99,60;17,80;7;100;5,90;4,20;
2026-07-15 13:49:00.0;OFF;ON;100;-5,30;-1,20;5,80;25,50;97,80;99,60;11,10;7;100;5,90;4,10;
2026-07-15 13:50:00.0;OFF;ON;100;-22,10;-1,20;5,70;25,50;97,90;99,60;27,80;7;100;5,80;4,10;
2026-07-15 13:51:00.0;OFF;ON;100;-5,70;-1,30;5,70;25,40;97,80;99,60;38;7;100;5,80;4,10;
2026-07-15 13:52:00.0;OFF;ON;100;-12;-1,30;5,70;25,40;97,70;99,60;11,10;7;100;5,80;4,10;
2026-07-15 13:53:00.0;OFF;ON;100;-5;-1,30;5,60;25,30;97,80;99,60;10,60;7;100;5,70;4;
2026-07-15 13:54:00.0;OFF;ON;100;-5,40;-1,40;5,60;25,20;97,70;99,60;11;7;100;5,70;4;
2026-07-15 13:55:00.0;OFF;ON;100;-4,10;-1,40;5,60;25,20;97,70;99,60;9,70;7;100;5,60;4;
2026-07-15 13:56:00.0;OFF;ON;100;-4,70;-1,40;5,60;25,10;97,60;99,60;10,20;7;100;5,60;4;
2026-07-15 13:57:00.0;OFF;ON;100;-4,60;-1,50;5,50;25,10;97,60;99,60;10,10;7;100;5,50;3,90;
2026-07-15 13:58:00.0;OFF;ON;100;-5,90;-1,50;5,50;25;97,70;99,60;11,40;7;100;5,50;3,90;
2026-07-15 13:59:00.0;OFF;ON;100;-5;-1,50;5,40;24,90;97,70;99,60;10,40;7;100;5,50;3,80;
2026-07-15 14:00:00.0;OFF;ON;100;-4,90;-1,60;5,40;24,90;97,50;99,60;10,30;7;100;5,50;3,80;
2026-07-15 14:01:00.0;OFF;ON;100;-23,50;-1,60;5,40;24,90;97,50;99,60;28,80;7;100;5,40;3,80;
2026-07-15 14:02:00.0;OFF;ON;100;-5,70;-1,60;5,40;24,80;97,50;99,60;11,10;7;100;5,40;3,80;
2026-07-15 14:03:00.0;OFF;ON;100;-25,90;-1,50;5,60;24,80;97,70;99,60;31,50;7;100;5,70;4,20;
2026-07-15 14:04:00.0;OFF;ON;100;-5,30;-1,40;5,70;24,70;98;99,60;11;7;100;5,80;4,50;
2026-07-15 14:05:00.0;OFF;ON;100;-21,40;-1,20;5,90;24,70;98,40;99,60;27,30;7;100;6;4,80;
2026-07-15 14:06:00.0;OFF;ON;100;-40;-1,10;6;24,60;98,50;99,60;46;7;100;6,10;4,90;
2026-07-15 14:07:00.0;OFF;ON;100;-12;-0,90;6,10;24,60;98,50;99,60;18,10;7;100;6,20;5;
2026-07-15 14:08:00.0;OFF;ON;100;-5,10;-0,90;6,10;24,50;98,50;99,60;11,20;7;100;6,20;5;
2026-07-15 14:09:00.0;OFF;ON;100;-29,60;-0,80;6,20;24,50;98,50;99,60;35,80;7;100;6,20;5,10;
2026-07-15 14:10:00.0;OFF;ON;100;-28,10;-0,80;6,30;24,40;98,50;99,60;34,40;7;100;6,40;5,30;
2026-07-15 14:11:00.0;OFF;ON;100;-40;-0,70;6,30;24,40;98,50;99,60;46,30;7;100;6,30;5,30;
2026-07-15 14:12:00.0;OFF;ON;100;-17,20;-0,70;6,30;24,30;98,50;99,60;23,50;7;100;6,30;5,20;
2026-07-15 14:13:00.0;OFF;ON;100;-23,90;-0,70;6,20;24,30;98,50;99,60;30,10;7;100;6,20;4,90;
2026-07-15 14:14:00.0;OFF;ON;100;-5,20;-0,80;6,10;24,20;98,50;99,60;11,30;7;100;6,10;4,70;
2026-07-15 14:15:00.0;OFF;ON;100;-5,90;-1;5,90;24,20;98,50;99,60;11,80;7;100;5,90;4,50;
2026-07-15 14:16:00.0;OFF;ON;100;-5,30;-1,10;5,80;24,10;98,20;99,60;11,10;7;100;5,80;4,30;
2026-07-15 14:17:00.0;OFF;ON;100;-5,40;-1,20;5,70;24,10;98,10;99,60;11,20;7;100;5,70;4,20;
2026-07-15 14:18:00.0;OFF;ON;100;-3,50;-1,30;5,60;24;97,80;99,60;9,10;7;100;5,60;4,10;
2026-07-15 14:19:00.0;OFF;ON;100;-4,70;-1,40;5,50;24;97,60;99,60;10,20;7;100;5,50;4;
2026-07-15 14:20:00.0;OFF;ON;100;-5,30;-1,50;5,50;23,90;97,30;99,60;10,80;7;100;5,40;3,90;
2026-07-15 14:21:00.0;OFF;ON;100;-5,80;-1,60;5,40;23,90;97,20;99,60;11,20;7;100;5,40;3,90;
2026-07-15 14:22:00.0;OFF;ON;100;-4,70;-1,60;5,30;23,80;97,10;99,60;10,10;7;100;5,30;3,80;
2026-07-15 14:23:00.0;OFF;ON;100;-5,60;-1,70;5,30;23,80;97;99,60;10,90;7;100;5,30;3,70;
2026-07-15 14:24:00.0;OFF;ON;100;-35;-1,80;5,20;23,70;97;99,60;40,20;7;100;5,20;3,70;
2026-07-15 14:25:00.0;OFF;ON;100;-37,80;-1,80;5,10;23,70;97;99,60;43;7;100;5,10;3,60;
2026-07-15 14:26:00.0;OFF;ON;100;-29,10;-1,90;5,10;23,70;97;99,60;34,20;7;100;5,10;3,60;
2026-07-15 14:27:00.0;OFF;ON;100;-37,90;-2;5;23,60;97;99,60;42,90;7;100;5;3,50;
2026-07-15 14:28:00.0;OFF;ON;100;-6,70;0,50;5;23,60;97;99,60;11,60;7;100;5;3,50;
2026-07-15 14:29:00.0;OFF;ON;100;-36,80;0,50;4,90;23,50;97;99,60;41,70;7;100;4,90;3,40;
2026-07-15 14:30:00.0;OFF;ON;100;-17,60;0,40;4,90;23,40;97;99,60;22,50;7;100;4,90;3,40;
2026-07-15 14:31:00.0;OFF;ON;100;-21,30;0,40;4,90;23,40;96,90;99,60;26,20;4,50;100;4,90;3,30;
2026-07-15 14:32:00.0;OFF;ON;100;-36,80;0,30;4,80;23,30;96,90;99,60;41,60;4,50;100;4,80;3,30;
2026-07-15 14:33:00.0;OFF;ON;100;-31;0,30;4,80;23,30;96,90;99,60;35,80;4,50;100;4,80;3,30;
2026-07-15 14:34:00.0;OFF;ON;100;-36,30;0,30;4,80;23,30;96,80;99,60;41;4,50;100;4,70;3,20;
2026-07-15 14:35:00.0;OFF;ON;100;-36,40;0,20;4,70;23,20;96,90;99,60;41,10;4,50;100;4,70;3,20;
2026-07-15 14:36:00.0;OFF;ON;100;-34,70;0,20;4,70;23,10;96,90;99,60;39,30;4,50;100;4,70;3,10;
2026-07-15 14:37:00.0;OFF;ON;100;-30,40;0,20;4,60;23,10;96,90;99,60;35;4,50;100;4,70;3,10;
2026-07-15 14:38:00.0;OFF;ON;100;-35,40;0,10;4,60;23;96,90;99,60;40;4,50;100;4,60;3,10;
2026-07-15 14:39:00.0;OFF;ON;100;-32;0,10;4,60;23;96,90;99,60;36,50;4,50;100;4,60;3;
2026-07-15 14:40:00.0;OFF;ON;100;-25;0,10;4,50;22,90;96,80;99,60;29,50;4,50;100;4,50;3;
2026-07-15 14:41:00.0;OFF;ON;100;-6,60;0;4,50;22,90;96,90;99,60;11,10;4,50;100;4,50;3;
2026-07-15 14:42:00.0;OFF;ON;100;-6,40;0;4,50;22,80;97;99,60;10,90;4,50;100;4,50;2,90;
2026-07-15 14:43:00.0;OFF;ON;100;-5,90;-0,10;4,40;22,80;97;99,60;10,30;4,50;100;4,40;2,90;
2026-07-15 14:44:00.0;OFF;ON;100;-5,80;-0,10;4,40;22,80;96,90;99,60;10,20;4,50;100;4,40;2,80;
2026-07-15 14:45:00.0;OFF;ON;100;-6;-0,10;4,40;22,70;97;99,60;10,40;4,50;100;4,30;2,80;
2026-07-15 14:46:00.0;OFF;ON;100;-7;-0,10;4,30;22,70;96,90;99,60;11,30;4,50;100;4,30;2,80;
2026-07-15 14:47:00.0;OFF;ON;100;-7,60;-0,20;4,30;22,60;96,90;99,60;11,90;4,50;100;4,30;2,70;
2026-07-15 14:48:00.0;OFF;ON;100;-16,50;-0,20;4,30;22,60;97;99,60;20,70;4,50;100;4,30;2,70;
2026-07-15 14:49:00.0;OFF;ON;100;-6,80;-0,20;4,30;22,50;97;99,60;11,10;4,50;100;4,20;2,70;
2026-07-15 14:50:00.0;OFF;ON;100;-6,10;-0,30;4,20;22,40;97;99,60;10,30;4,50;100;4,20;2,70;
2026-07-15 14:51:00.0;OFF;ON;100;-6,50;-0,30;4,20;22,40;97;99,60;10,70;4,50;100;4,20;2,60;
2026-07-15 14:52:00.0;OFF;ON;100;-5,40;-0,30;4,20;22,30;97;99,60;9,60;4,50;100;4,10;2,60;
2026-07-15 14:53:00.0;OFF;ON;100;-6,10;-0,30;4,10;22,30;96,90;99,60;10,30;4,50;100;4,10;2,60;
2026-07-15 14:54:00.0;OFF;ON;100;-6,90;-0,40;4,10;22,30;97;99,60;11;4,50;100;4,10;2,50;
2026-07-15 14:55:00.0;OFF;ON;100;-6,20;-0,40;4,10;22,20;96,90;99,60;10,30;4,50;100;4,10;2,50;
2026-07-15 14:56:00.0;OFF;ON;100;-15;-0,40;4,10;22,10;97;99,60;19,10;4,50;100;4;2,50;
2026-07-15 14:57:00.0;OFF;ON;100;-6,60;-0,50;4;22,10;96,90;99,60;10,70;4,50;100;4;2,50;
2026-07-15 14:58:00.0;OFF;ON;100;-6,30;-0,50;4;22,10;97;99,60;10,30;4,50;100;4;2,40;
2026-07-15 14:59:00.0;OFF;ON;100;-6,80;-0,50;4;22;97;99,60;10,70;4,50;100;3,90;2,40;
2026-07-15 15:00:00.0;OFF;ON;100;-6,40;-0,50;4;22;97;99,60;10,40;4,50;100;3,90;2,40;
2026-07-15 15:01:00.0;OFF;ON;100;-7;-0,60;3,90;21,90;97;99,60;11;4,50;100;3,90;2,30;
2026-07-15 15:02:00.0;OFF;ON;100;-7,10;-0,60;3,90;21,90;97;99,60;11;4,50;100;3,80;2,30;
2026-07-15 15:03:00.0;OFF;ON;100;-7,20;-0,60;3,90;21,80;97;99,60;11;4,50;100;3,80;2,30;
2026-07-15 15:04:00.0;OFF;ON;100;-12;-0,60;3,80;21,80;96,90;99,60;15,90;4,50;100;3,80;2,30;
2026-07-15 15:05:00.0;OFF;ON;100;-7,10;-0,70;3,80;21,70;97;99,60;10,90;4,50;100;3,80;2,20;
2026-07-15 15:06:00.0;OFF;ON;100;-7,60;-0,70;3,80;21,60;97;99,60;11,40;4,50;100;3,80;2,20;
2026-07-15 15:07:00.0;OFF;ON;100;-12,50;-0,70;3,80;21,60;96,80;99,60;16,30;4,50;100;3,80;2,20;
2026-07-15 15:08:00.0;OFF;ON;100;-6,40;-0,70;3,70;21,50;96,80;99,60;10,20;4,50;100;3,70;2,10;
2026-07-15 15:09:00.0;OFF;ON;100;-20,70;-0,80;3,70;21,50;96,90;99,60;24,40;4,50;100;3,70;2,10;
2026-07-15 15:10:00.0;OFF;ON;100;-6,20;-0,80;3,70;21,40;96,90;99,60;9,90;4,50;100;3,80;2,10;
2026-07-15 15:11:00.0;OFF;ON;100;-6,60;-0,80;3,70;21,40;96,80;99,50;10,30;4,50;100;3,70;2,10;
2026-07-15 15:12:00.0;OFF;ON;100;-6,70;-0,80;3,70;21,30;96,80;99,60;10,30;4,50;100;3,70;2;
2026-07-15 15:13:00.0;OFF;ON;100;-6,60;-0,80;3,60;21,30;96,90;99,60;10,20;4,50;100;3,70;2;
2026-07-15 15:14:00.0;OFF;ON;100;-5,90;-0,90;3,60;21,20;96,90;99,50;9,50;4,50;100;3,60;2;
2026-07-15 15:15:00.0;OFF;ON;100;-19,10;-0,90;3,60;21,20;96,90;99,50;22,60;4,50;100;3,60;1,90;
2026-07-15 15:16:00.0;OFF;ON;100;-13,60;-0,90;3,60;21,10;96,80;99,50;17,20;4,50;100;3,60;1,90;
2026-07-15 15:17:00.0;OFF;ON;100;-6,60;-1;3,50;21,10;96,80;99,50;10,20;4,50;100;3,60;1,90;
2026-07-15 15:18:00.0;OFF;ON;100;-6,90;-1;3,50;21;96,80;99,50;10,40;4,50;100;3,50;1,90;
2026-07-15 15:19:00.0;OFF;ON;100;-6,80;-1;3,50;21;96,80;99,50;10,30;4,50;100;3,50;1,90;
2026-07-15 15:20:00.0;OFF;ON;100;-7,20;-1;3,50;20,90;96,80;99,50;10,70;4,50;100;3,50;1,80;
2026-07-15 15:21:00.0;OFF;ON;100;-15,80;-1;3,40;20,90;96,90;99,50;19,20;4,50;100;3,50;1,80;
2026-07-15 15:22:00.0;OFF;ON;100;-7,50;-1,10;3,40;20,80;96,80;99,50;10,90;4,50;100;3,50;1,80;
2026-07-15 15:23:00.0;OFF;ON;100;-6,90;-1,10;3,40;20,80;96,80;99,50;10,30;4,50;100;3,40;1,70;
2026-07-15 15:24:00.0;OFF;ON;100;-6,90;-1,10;3,40;20,70;96,80;99,50;10,30;4,50;100;3,40;1,70;
2026-07-15 15:25:00.0;OFF;ON;100;-7,10;-1,20;3,30;20,70;96,80;99,50;10,40;4,50;100;3,40;1,70;
2026-07-15 15:26:00.0;OFF;ON;100;-6,70;-1,20;3,30;20,60;96,80;99,50;10;4,50;100;3,30;1,60;
2026-07-15 15:27:00.0;OFF;ON;100;-6,70;-1,20;3,30;20,60;96,80;99,50;9,90;4,50;100;3,30;1,60;
2026-07-15 15:28:00.0;OFF;ON;100;-7;-1,20;3,20;20,50;96,80;99,50;10,20;4,50;100;3,30;1,60;
2026-07-15 15:29:00.0;OFF;ON;100;-6,50;-1,20;3,20;20,50;96,80;99,50;9,70;4,50;100;3,30;1,60;
2026-07-15 15:30:00.0;OFF;ON;100;-5,70;-1,30;3,20;20,40;96,80;99,50;8,90;4,50;100;3,20;1,50;
2026-07-15 15:31:00.0;OFF;ON;100;-6,80;-1,30;3,20;20,40;96,70;99,50;10;4,50;100;3,20;1,50;
2026-07-15 15:32:00.0;OFF;ON;100;-6,40;-1,30;3,20;20,30;96,80;99,50;9,60;4,50;100;3,20;1,50;
2026-07-15 15:33:00.0;OFF;ON;100;-7,30;-1,30;3,10;20,30;96,80;99,50;10,40;4,50;100;3,20;1,50;
2026-07-15 15:34:00.0;OFF;ON;100;-6,70;-1,40;3,10;20,20;96,70;99,50;9,90;4,50;100;3,20;1,50;
2026-07-15 15:35:00.0;OFF;ON;100;-12;-1,40;3,10;20,20;96,80;99,50;15,10;4,50;100;3,10;1,40;
2026-07-15 15:36:00.0;OFF;ON;100;-6,50;-1,40;3,10;20,10;96,80;99,50;9,60;4,50;100;3,10;1,40;
2026-07-15 15:37:00.0;OFF;ON;100;-6,20;-1,40;3;20,10;96,70;99,50;9,20;4,50;100;3,10;1,40;
2026-07-15 15:38:00.0;OFF;ON;100;-5,60;-1,50;3;20;96,70;99,50;8,60;4,50;100;3;1,30;
2026-07-15 15:39:00.0;OFF;ON;100;-6,40;-1,50;3;20;96,70;99,50;9,40;4,50;100;3;1,30;
2026-07-15 15:40:00.0;OFF;ON;100;-12;-1,50;3;19,90;96,70;99,50;15;4,50;100;3;1,30;
2026-07-15 15:41:00.0;OFF;ON;100;-6,90;-1,50;2,90;19,90;96,70;99,50;9,80;4,50;100;3;1,30;
2026-07-15 15:42:00.0;OFF;ON;100;-7,20;-1,60;2,90;19,80;96,70;99,50;10,20;4,50;100;3;1,30;
2026-07-15 15:43:00.0;OFF;ON;100;-7,40;-1,60;2,90;19,80;96,60;99,50;10,30;4,50;100;2,90;1,20;
2026-07-15 15:44:00.0;OFF;ON;100;-16,10;-1,60;2,90;19,80;96,70;99,50;19;4,50;100;2,90;1,20;
2026-07-15 15:45:00.0;OFF;ON;100;-31;-1,60;2,90;19,70;96,70;99,50;33,80;4,50;100;2,90;1,20;
2026-07-15 15:46:00.0;OFF;ON;100;-7,30;-1,70;2,80;19,70;96,70;99,50;10,10;4,50;100;2,80;1,20;
2026-07-15 15:47:00.0;OFF;ON;100;-15,60;-1,70;2,80;19,60;96,70;99,50;18,40;4,50;100;2,80;1,10;
2026-07-15 15:48:00.0;OFF;ON;100;-7,20;-1,70;2,80;19,60;96,60;99,50;10;4,50;100;2,80;1,10;
2026-07-15 15:49:00.0;OFF;ON;100;-31,20;-1,70;2,70;19,60;96,70;99,50;34;4,50;100;2,70;1,10;
2026-07-15 15:50:00.0;OFF;ON;100;-27;-1,70;2,80;19,50;96,70;99,50;29,80;4,50;100;2,70;1,10;
2026-07-15 15:51:00.0;OFF;ON;100;-29,50;-1,80;2,70;19,50;96,70;99,50;32,20;4,50;100;2,70;1;
2026-07-15 15:52:00.0;OFF;ON;100;-33;-1,80;2,70;19,40;96,60;99,50;35,70;4,50;100;2,70;1;
2026-07-15 15:53:00.0;OFF;ON;100;-32,60;-1,80;2,70;19,40;96,50;99,50;35,30;4,50;100;2,70;1;
2026-07-15 15:54:00.0;OFF;ON;100;-30,50;-1,80;2,60;19,40;96,50;99,50;33,10;4,50;100;2,70;1;
2026-07-15 15:55:00.0;OFF;ON;100;-31,80;-1,90;2,60;19,30;96,60;99,50;34,50;4,50;100;2,60;1;
2026-07-15 15:56:00.0;OFF;ON;100;-32,40;-1,90;2,60;19,30;96,50;99,50;35,10;4,50;100;2,60;1;
2026-07-15 15:57:00.0;OFF;ON;100;-34,40;-1,90;2,60;19,20;96,50;99,50;37;4,50;100;2,60;0,90;
2026-07-15 15:58:00.0;OFF;ON;100;-34,60;-1,90;2,60;19,20;96,50;99,50;37,20;4,50;100;2,60;0,90;
2026-07-15 15:59:00.0;OFF;ON;100;-33,10;-2;2,50;19,10;96,50;99,50;35,60;4,50;100;2,50;0,90;
2026-07-15 16:00:00.0;OFF;ON;100;-29,10;-2;2,50;19,10;96,50;99,50;31,60;4,50;100;2,50;0,90;
2026-07-15 16:01:00.0;OFF;ON;100;-40;-2;2,50;19,10;96,50;99,50;42,50;4,50;100;2,50;0,90;
2026-07-15 16:02:00.0;OFF;ON;100;-40;-2;2,50;19;96,60;99,50;42,50;4,50;100;2,50;0,80;
2026-07-15 16:03:00.0;OFF;ON;100;-34,80;-2,10;2,40;19;96,60;99,50;37,30;4,50;100;2,40;0,80;
2026-07-15 16:04:00.0;OFF;ON;100;-36,20;-2,10;2,40;18,90;96,50;99,50;38,60;4,50;100;2,50;0,80;
2026-07-15 16:05:00.0;OFF;ON;100;-37,70;-2,10;2,40;18,90;96,60;99,50;40,10;4,50;100;2,40;0,80;
2026-07-15 16:06:00.0;OFF;ON;100;-35,70;-2,10;2,40;18,90;96,60;99,50;38;4,50;100;2,40;0,80;
2026-07-15 16:07:00.0;OFF;ON;100;-33,90;-2,10;2,40;18,80;96,50;99,50;36,30;4,50;100;2,40;0,80;
2026-07-15 16:08:00.0;OFF;ON;100;-36,50;-2,10;2,40;18,80;96,60;99,50;38,90;4,50;100;2,30;0,80;
2026-07-15 16:09:00.0;OFF;ON;100;-36,30;-2,10;2,30;18,70;96,50;99,50;38,60;4,50;100;2,30;0,70;
2026-07-15 16:10:00.0;OFF;ON;100;-32,50;-2,20;2,30;18,70;96,50;99,50;34,80;4,50;100;2,30;0,70;
2026-07-15 16:11:00.0;OFF;ON;100;-24,40;-2,20;2,30;18,60;96,50;99,50;26,70;4,50;100;2,30;0,70;
2026-07-15 16:12:00.0;OFF;ON;100;-32;-2,20;2,30;18,60;96,50;99,50;34,30;4,50;100;2,30;0,70;
2026-07-15 16:13:00.0;OFF;ON;100;-29;-2,20;2,30;18,50;96,50;99,50;31,30;4,50;100;2,30;0,70;
2026-07-15 16:14:00.0;OFF;ON;100;-35,20;-2,20;2,30;18,50;96,50;99,50;37,40;4,50;100;2,20;0,70;
2026-07-15 16:15:00.0;OFF;ON;100;-37,90;-2,20;2,20;18,50;96,50;99,50;40,20;4,50;100;2,20;0,70;
2026-07-15 16:16:00.0;OFF;ON;100;-39;-2,30;2,20;18,40;96,50;99,50;41,20;4,50;100;2,20;0,70;
2026-07-15 16:17:00.0;OFF;ON;100;-32;-2,30;2,20;18,40;96,50;99,40;34,20;4,50;100;2,20;0,60;
2026-07-15 16:18:00.0;OFF;ON;100;-26;-2,30;2,20;18,40;96,50;99,50;28,20;4,50;100;2,20;0,60;
2026-07-15 16:19:00.0;OFF;ON;100;-28,40;-2,30;2,20;18,30;96,60;99,40;30,60;4,50;100;2,20;0,60;
2026-07-15 16:20:00.0;OFF;ON;100;-24,60;-2,30;2,20;18,30;96,50;99,40;26,80;4,50;100;2,20;0,60;
2026-07-15 16:21:00.0;OFF;ON;100;-27,90;-2,30;2,20;18,20;96,50;99,50;30,10;4,50;100;2,20;0,60;
2026-07-15 16:22:00.0;OFF;ON;100;-28,50;-2,30;2,20;18,20;96,50;99,50;30,60;4,50;100;2,10;0,60;
2026-07-15 16:23:00.0;OFF;ON;100;-35;-2,30;2,20;18,10;96,50;99,50;37,20;4,50;100;2,10;0,60;
2026-07-15 16:24:00.0;OFF;ON;100;-28,60;-2,30;2,10;18,10;96,50;99,50;30,80;4,50;100;2,10;0,60;
2026-07-15 16:25:00.0;OFF;ON;100;-29,40;-2,40;2,10;18,10;96,50;99,50;31,60;4,50;100;2,10;0,50;
2026-07-15 16:26:00.0;OFF;ON;100;-31,70;-2,40;2,10;18;96,50;99,50;33,90;4,50;100;2,10;0,50;
2026-07-15 16:27:00.0;OFF;ON;100;-26,60;-2,40;2,10;18;96,50;99,50;28,70;4,50;100;2,10;0,50;
2026-07-15 16:28:00.0;OFF;ON;100;-25,60;-2,40;2,10;17,90;96,50;99,50;27,70;4,50;100;2,10;0,50;
2026-07-15 16:29:00.0;OFF;ON;100;-24,90;-2,40;2,10;17,90;96,50;99,50;26,90;4,50;100;2,10;0,50;
2026-07-15 16:30:00.0;OFF;ON;100;-30,60;-2,40;2,10;17,90;96,50;99,50;32,60;4,50;100;2;0,50;
2026-07-15 16:31:00.0;OFF;ON;100;-23,70;-2,40;2;17,80;96,50;99,50;25,80;4,50;100;2;0,50;
2026-07-15 16:32:00.0;OFF;ON;100;-26,70;-2,50;2;17,80;96,50;99,40;28,80;4,50;100;2;0,50;
2026-07-15 16:33:00.0;OFF;ON;100;-26,50;-2,50;2;17,70;96,60;99,40;28,50;4,50;100;2;0,40;
2026-07-15 16:34:00.0;OFF;ON;100;-30,40;-2,50;2;17,70;96,50;99,50;32,50;4,50;100;2;0,40;
2026-07-15 16:35:00.0;OFF;ON;100;-24;-2,50;2;17,60;96,50;99,50;26;4,50;100;2;0,40;
2026-07-15 16:36:00.0;OFF;ON;100;-32,10;-2,50;2;17,60;96,50;99,40;34,10;4,50;100;1,90;0,40;
2026-07-15 16:37:00.0;OFF;ON;100;-33,70;-2,50;2;17,50;96,50;99,50;35,70;4,50;100;1,90;0,40;
2026-07-15 16:38:00.0;OFF;ON;100;-27,20;-2,50;2;17,50;96,50;99,50;29,10;4,50;100;1,90;0,40;
2026-07-15 16:39:00.0;OFF;ON;100;-33,30;-2,50;2;17,50;96,50;99,50;35,30;4,50;100;1,90;0,40;
2026-07-15 16:40:00.0;OFF;ON;100;-30,60;-2,50;1,90;17,40;96,50;99,50;32,60;4,50;100;1,90;0,40;
2026-07-15 16:41:00.0;OFF;ON;100;-25,60;-2,60;1,90;17,40;96,50;99,50;27,60;4,50;100;1,90;0,40;
2026-07-15 16:42:00.0;OFF;ON;100;-22,70;-2,60;1,90;17,30;96,50;99,50;24,60;4,50;100;1,90;0,40;
2026-07-15 16:43:00.0;OFF;ON;100;-26,50;-2,60;1,90;17,30;96,50;99,50;28,40;4,50;100;1,90;0,40;
2026-07-15 16:44:00.0;OFF;ON;100;-22,90;-2,60;1,90;17,20;96,50;99,50;24,80;4,50;100;1,90;0,40;
2026-07-15 16:45:00.0;OFF;ON;100;-24,90;-2,60;1,90;17,20;96,50;99,50;26,80;4,50;100;1,80;0,40;
2026-07-15 16:46:00.0;OFF;ON;100;-18,80;-2,60;1,90;17,10;96,50;99,50;20,70;4,50;100;1,80;0,40;
2026-07-15 16:47:00.0;OFF;ON;100;-25,40;-2,60;1,90;17,10;96,50;99,40;27,30;4,50;100;1,80;0,30;
2026-07-15 16:48:00.0;OFF;ON;100;-24,50;-2,60;1,90;17,10;96,50;99,40;26,40;4,50;100;1,80;0,30;
2026-07-15 16:49:00.0;OFF;ON;100;-21,60;-2,60;1,80;17;96,60;99,40;23,50;4,50;100;1,80;0,30;
2026-07-15 16:50:00.0;OFF;ON;100;-22,80;-2,60;1,80;17;96,50;99,40;24,70;4,50;100;1,80;0,30;
2026-07-15 16:51:00.0;OFF;ON;100;-13,80;-2,70;1,80;16,90;96,50;99,40;15,60;4,50;100;1,80;0,30;
2026-07-15 16:52:00.0;OFF;ON;100;-5,90;-2,70;1,80;16,90;96,50;99,40;7,70;4,50;100;1,70;0,20;
2026-07-15 16:53:00.0;OFF;ON;100;-6,70;-2,70;1,80;16,90;96,50;99,40;8,50;4,50;100;1,70;0,20;
2026-07-15 16:54:00.0;OFF;ON;100;-6;-2,70;1,80;16,80;96,40;99,40;8;4,50;100;1,70;0,30;
2026-07-15 16:55:00.0;OFF;ON;100;-6,80;-2,70;1,80;16,80;96,40;99,40;8,60;4,50;100;1,70;0,20;
2026-07-15 16:56:00.0;OFF;ON;100;-6,40;-2,70;1,80;16,70;96,50;99,50;8,20;4,50;100;1,70;0,20;
2026-07-15 16:57:00.0;OFF;ON;100;-6,90;-2,70;1,70;16,70;96,40;99,40;8,60;4,50;100;1,70;0,20;
2026-07-15 16:58:00.0;OFF;ON;100;-7,30;-2,80;1,80;16,60;96,40;99,50;9,10;4,50;100;1,70;0,20;
2026-07-15 16:59:00.0;OFF;ON;100;-6,70;-2,80;1,70;16,60;96,50;99,40;8,50;4,50;100;1,70;0,20;
2026-07-15 17:00:00.0;OFF;ON;100;-6,50;-2,80;1,70;16,50;96,40;99,40;8,30;4,50;100;1,70;0,20;
2026-07-15 17:01:00.0;OFF;ON;100;-7;-2,80;1,70;16,50;96,40;99,40;8,70;4,50;100;1,70;0,20;
2026-07-15 17:02:00.0;OFF;ON;100;-7,40;-2,80;1,70;16,50;96,40;99,50;9,10;4,50;100;1,60;0,20;
2026-07-15 17:03:00.0;OFF;ON;100;-7,60;-2,80;1,70;16,40;96,50;99,40;9,30;4,50;100;1,60;0,10;
2026-07-15 17:04:00.0;OFF;ON;100;-7,20;-2,80;1,70;16,40;96,50;99,40;8,90;4,50;100;1,60;0,20;
2026-07-15 17:05:00.0;OFF;ON;100;-6,30;-2,80;1,70;16,30;96,40;99,40;8;4,50;100;1,60;0,10;
2026-07-15 17:06:00.0;OFF;ON;100;-7,30;-2,80;1,70;16,30;96,40;99,40;9;4,50;100;1,60;0,10;
2026-07-15 17:07:00.0;OFF;ON;100;-7,10;-2,80;1,70;16,20;96,50;99,40;8,80;4,50;100;1,60;0,10;
2026-07-15 17:08:00.0;OFF;ON;100;-6,70;-2,90;1,60;16,20;96,40;99,40;8,30;4,50;100;1,60;0,10;
2026-07-15 17:09:00.0;OFF;ON;100;-6,60;-2,90;1,60;16,20;96,40;99,40;8,20;4,50;100;1,50;0,10;
2026-07-15 17:10:00.0;OFF;ON;100;-6,90;-2,90;1,60;16,10;96,40;99,50;8,50;4,50;100;1,60;0,10;
2026-07-15 17:11:00.0;OFF;ON;100;-6,50;-2,90;1,60;16,10;96,40;99,40;8,10;4,50;100;1,60;0,10;
2026-07-15 17:12:00.0;OFF;ON;100;-6,60;-2,90;1,60;16;96,40;99,40;8,20;4,50;100;1,60;0;
2026-07-15 17:13:00.0;OFF;ON;100;-6,60;-2,90;1,60;16;96,40;99,50;8,20;4,50;100;1,50;0,10;
2026-07-15 17:14:00.0;OFF;ON;100;-6,10;-2,90;1,60;15,90;96,30;99,40;7,70;4,50;100;1,50;0,10;
2026-07-15 17:15:00.0;OFF;ON;100;-6,30;-2,90;1,60;15,90;96,30;99,40;7,90;4,50;100;1,50;0,10;
2026-07-15 17:16:00.0;OFF;ON;100;-6,40;-2,90;1,60;15,90;96,40;99,40;8;4,50;100;1,50;0;
2026-07-15 17:17:00.0;OFF;ON;100;-6,70;-2,90;1,60;15,80;96,40;99,40;8,30;4,50;100;1,60;0;
2026-07-15 17:18:00.0;OFF;ON;100;-6,10;-2,90;1,60;15,80;96,40;99,40;7,70;4,50;100;1,50;0;
2026-07-15 17:19:00.0;OFF;ON;100;-6,50;-3;1,60;15,70;96,30;99,40;8;4,50;100;1,50;0;
2026-07-15 17:20:00.0;OFF;ON;100;-6,40;-3;1,50;15,70;96,40;99,40;8;4,50;100;1,50;0;
2026-07-15 17:21:00.0;OFF;ON;100;-6,80;-3;1,50;15,60;96,30;99,40;8,30;4,50;100;1,50;0;
2026-07-15 17:22:00.0;OFF;ON;100;-6,60;-3;1,50;15,60;96,40;99,40;8,10;4,50;100;1,50;0;
2026-07-15 17:23:00.0;OFF;ON;100;-7;-3;1,50;15,50;96,30;99,40;8,50;4,50;100;1,50;0;
2026-07-15 17:24:00.0;OFF;ON;100;-6,60;-3;1,50;15,50;96,40;99,40;8,10;4,50;100;1,50;0;
2026-07-15 17:25:00.0;OFF;ON;100;-12;-3;1,50;15,50;96,30;99,40;13,50;4,50;100;1,50;0;
2026-07-15 17:26:00.0;OFF;ON;100;-7;-3;1,50;15,40;96,40;99,40;8,40;4,50;100;1,50;0;
2026-07-15 17:27:00.0;OFF;ON;100;-12,10;-3;1,50;15,40;96,40;99,40;13,50;4,50;100;1,40;0;
2026-07-15 17:28:00.0;OFF;ON;100;-7,10;-3;1,50;15,30;96,40;99,40;8,50;4,50;100;1,40;0;
2026-07-15 17:29:00.0;OFF;ON;100;-6,20;-3;1,50;15,30;96,40;99,40;7,70;4,50;100;1,40;0;
2026-07-15 17:30:00.0;OFF;ON;100;-6,60;-3;1,50;15,20;96,30;99,40;8;4,50;100;1,40;0;
2026-07-15 17:31:00.0;OFF;ON;100;-6,30;-3;1,40;15,20;96,40;99,40;7,80;4,50;100;1,40;0;
2026-07-15 17:32:00.0;OFF;ON;100;-6,70;-3,10;1,40;15,20;96,30;99,40;8,10;4,50;100;1,40;0;
2026-07-15 17:33:00.0;OFF;ON;100;-6,60;-3,10;1,40;15,10;96,40;99,40;8,10;4,50;100;1,40;0;
2026-07-15 17:34:00.0;OFF;ON;100;-19,90;-3,10;1,40;15,10;96,30;99,40;21,30;4,50;100;1,40;0;
2026-07-15 17:35:00.0;OFF;ON;100;-6,80;-3,10;1,40;15;96,30;99,40;8,20;4,50;100;1,40;0;
2026-07-15 17:36:00.0;OFF;ON;100;-7;-3,10;1,40;15;96,30;99,40;8,40;4,50;100;1,40;0;
2026-07-15 17:37:00.0;OFF;ON;100;-28,70;-3,10;1,40;14,90;96,40;99,40;30,10;4,50;100;1,30;0;
2026-07-15 17:38:00.0;OFF;ON;100;-7,40;-3,10;1,40;14,90;96,30;99,40;8,70;4,50;100;1,30;0;
2026-07-15 17:39:00.0;OFF;ON;100;-7,20;-3,10;1,40;14,90;96,30;99,40;8,60;4,50;100;1,30;0;
2026-07-15 17:40:00.0;OFF;ON;100;-6,80;-3,20;1,30;14,80;96,30;99,40;8,10;4,50;100;1,30;0;
2026-07-15 17:41:00.0;OFF;ON;100;-6;-3,20;1,30;14,80;96,30;99,40;7,30;4,50;100;1,30;-0,10;
2026-07-15 17:42:00.0;OFF;ON;100;-6,80;-3,20;1,30;14,80;96,30;99,40;8,10;4,50;100;1,30;0;
2026-07-15 17:43:00.0;OFF;ON;100;-6,50;-3,20;1,30;14,70;96,30;99,40;7,80;4,50;100;1,30;-0,10;
2026-07-15 17:44:00.0;OFF;ON;100;-6,20;-3,20;1,30;14,70;96,20;99,40;7,50;4,50;100;1,30;-0,10;
2026-07-15 17:45:00.0;OFF;ON;100;-6,40;-3,20;1,30;14,70;96,20;99,40;7,70;4,50;100;1,30;-0,10;
2026-07-15 17:46:00.0;OFF;ON;100;-5,90;-3,20;1,30;14,60;96,20;99,40;7,20;4,50;100;1,20;-0,10;
2026-07-15 17:47:00.0;OFF;ON;100;-6,60;-3,20;1,30;14,60;96,20;99,40;7,90;4,50;100;1,30;-0,10;
2026-07-15 17:48:00.0;OFF;ON;100;-6;-3,20;1,30;14,60;96,30;99,40;7,30;4,50;100;1,30;-0,10;
2026-07-15 17:49:00.0;OFF;ON;100;-6,80;-3,20;1,30;14,50;96,30;99,40;8,10;4,50;100;1,20;-0,10;
2026-07-15 17:50:00.0;OFF;ON;100;-7,70;-3,20;1,20;14,50;96,20;99,40;9;4,50;100;1,20;-0,10;
2026-07-15 17:51:00.0;OFF;ON;100;-12;-3,30;1,20;14,50;96,20;99,40;13,30;4,50;100;1,20;-0,10;
2026-07-15 17:52:00.0;OFF;ON;100;-7;-3,30;1,20;14,40;96,20;99,40;8,20;4,50;100;1,20;-0,10;
2026-07-15 17:53:00.0;OFF;ON;100;-6,40;-3,30;1,20;14,40;96,20;99,40;7,60;4,50;100;1,20;-0,10;
2026-07-15 17:54:00.0;OFF;ON;100;-6,40;-3,30;1,20;14,30;96,30;99,40;7,60;4,50;100;1,20;-0,10;
2026-07-15 17:55:00.0;OFF;ON;100;-7;-3,30;1,20;14,30;96,30;99,40;8,20;4,50;100;1,20;-0,10;
2026-07-15 17:56:00.0;OFF;ON;100;-6,90;-3,30;1,20;14,30;96,30;99,40;8,10;4,50;100;1,20;-0,10;
2026-07-15 17:57:00.0;OFF;ON;100;-7,40;-3,30;1,20;14,20;96,10;99,40;8,60;4,50;100;1,10;-0,10;
2026-07-15 17:58:00.0;OFF;ON;100;-7,80;-3,30;1,20;14,20;96,10;99,40;9;4,50;100;1,20;-0,10;
2026-07-15 17:59:00.0;OFF;ON;100;-6,70;-3,30;1,20;14,20;96,10;99,40;7,90;4,50;100;1,10;-0,10;
2026-07-15 18:00:00.0;OFF;ON;100;-6,60;-3,40;1,20;14,10;96,10;99,40;7,80;4,50;100;1,10;-0,20;
2026-07-15 18:01:00.0;OFF;ON;100;-7,30;-3,30;1,20;14,10;96;99,40;8,50;4,50;100;1,20;-0,20;
2026-07-15 18:02:00.0;OFF;ON;100;-6,70;-3,40;1,20;14,10;96,10;99,40;8;4,50;100;1,10;-0,20;
2026-07-15 18:03:00.0;OFF;ON;100;-6,40;-3,30;1,10;14;96,10;99,40;7,50;4,50;100;1,20;-0,20;
2026-07-15 18:04:00.0;OFF;ON;100;-6,70;-3,40;1,10;14;96,10;99,40;7,80;4,50;100;1,10;-0,20;
2026-07-15 18:05:00.0;OFF;ON;100;-6,30;-3,40;1,10;14;96;99,40;7,30;4,50;100;1,10;-0,30;
2026-07-15 18:06:00.0;OFF;ON;100;-6,40;-3,50;1;13,90;95,80;99,40;7,40;4,50;100;1;-0,40;
2026-07-15 18:07:00.0;OFF;ON;100;-6,10;-3,50;1;13,90;95,70;99,40;7;4,50;100;1;-0,40;
2026-07-15 18:08:00.0;OFF;ON;100;-7,30;-3,50;1;13,80;95,80;99,40;8,30;4,50;100;1;-0,30;
2026-07-15 18:09:00.0;OFF;ON;100;-7,10;-3,50;1;13,80;95,80;99,40;8;4,50;100;1;-0,30;
2026-07-15 18:10:00.0;OFF;ON;100;-6,20;-3,50;1;13,80;95,80;99,40;7,10;4,50;100;0,90;-0,30;
2026-07-15 18:11:00.0;OFF;ON;100;-5,80;-3,50;1;13,70;95,90;99,40;6,80;4,50;100;1;-0,30;
2026-07-15 18:12:00.0;OFF;ON;100;-6,20;-3,50;1;13,70;95,90;99,40;7,20;4,50;100;1;-0,30;
2026-07-15 18:13:00.0;OFF;ON;100;-6,20;-3,50;1;13,70;95,90;99,40;7,20;4,50;100;0,90;-0,30;
2026-07-15 18:14:00.0;OFF;ON;100;-6,10;-3,50;1;13,60;96;99,40;7,10;4,50;100;1;-0,30;
2026-07-15 18:15:00.0;OFF;ON;100;-5,10;-3,50;1;13,60;96;99,40;6,10;4,50;100;0,90;-0,30;
2026-07-15 18:16:00.0;OFF;ON;100;-5,50;-3,50;1;13,60;96;99,40;6,50;4,50;100;0,90;-0,20;
2026-07-15 18:17:00.0;OFF;ON;100;-5,60;-3,50;1;13,50;96,30;99,40;6,70;4,50;100;1;-0,10;
2026-07-15 18:18:00.0;OFF;ON;100;-5;-3,50;1,10;13,50;96,40;99,40;6,10;4,50;100;1;-0,10;
2026-07-15 18:19:00.0;OFF;ON;100;-5,70;-3,40;1,10;13,50;96,40;99,30;6,80;4,50;100;1;-0,10;
2026-07-15 18:20:00.0;OFF;ON;100;-5,20;-3,40;1,10;13,40;96,40;99,30;6,30;4,50;100;1,10;-0,10;
2026-07-15 18:21:00.0;OFF;ON;100;-6,40;-3,40;1,10;13,40;96,40;99,30;7,50;4,50;100;1,10;-0,10;
2026-07-15 18:22:00.0;OFF;ON;100;-6,20;-3,40;1,10;13,40;96,40;99,30;7,30;4,50;100;1,10;-0,10;
2026-07-15 18:23:00.0;OFF;ON;100;-6,80;-3,40;1,10;13,30;96,30;99,30;7,90;4,50;100;1;-0,10;
2026-07-15 18:24:00.0;OFF;ON;100;-6,50;-3,40;1,10;13,30;96,30;99,30;7,50;4,50;100;1;-0,10;
2026-07-15 18:25:00.0;OFF;ON;100;-6,80;-3,40;1,10;13,30;96,40;99,30;7,90;4,50;100;1;-0,10;
2026-07-15 18:26:00.0;OFF;ON;100;-7,50;-3,40;1,10;13,20;96,30;99,30;8,50;4,50;100;1;-0,10;
2026-07-15 18:27:00.0;OFF;ON;100;-7,10;-3,40;1;13,20;96,40;99,30;8,20;4,50;100;1;-0,10;
2026-07-15 18:28:00.0;OFF;ON;100;-6,80;-3,50;1;13,10;96,30;99,30;7,80;4,50;100;1;-0,10;
2026-07-15 18:29:00.0;OFF;ON;100;-6,80;-3,50;1;13,10;96,30;99,30;7,80;4,50;100;1;-0,10;
2026-07-15 18:30:00.0;OFF;ON;100;-6,30;-3,50;1;13,10;96,30;99,30;7,30;4,50;100;1;-0,10;
2026-07-15 18:31:00.0;OFF;ON;100;-7;-3,50;1;13;96,20;99,30;8,10;4,50;100;1;-0,10;
2026-07-15 18:32:00.0;OFF;ON;100;-7,70;-3,50;1;13;96,20;99,30;8,80;4,50;100;1;-0,10;
2026-07-15 18:33:00.0;OFF;ON;100;-7,10;-3,50;1;13;96,20;99,30;8,20;4,50;100;1;-0,10;
2026-07-15 18:34:00.0;OFF;ON;100;-12,50;-3,50;1;12,90;96,20;99,30;13,50;4,50;100;1;-0,10;
2026-07-15 18:35:00.0;OFF;ON;100;-6,40;-3,50;1;12,90;96,20;99,30;7,40;4,50;100;1;-0,10;
2026-07-15 18:36:00.0;OFF;ON;100;-6,80;-3,50;1;12,90;96,20;99,30;7,80;4,50;100;1;-0,10;
2026-07-15 18:37:00.0;OFF;ON;100;-6,60;-3,50;1;12,80;96,20;99,30;7,50;4,50;100;1;-0,10;
2026-07-15 18:38:00.0;OFF;ON;100;-6,20;-3,50;1;12,80;96,20;99,30;7,20;4,50;100;0,90;-0,10;
2026-07-15 18:39:00.0;OFF;ON;100;-6,80;-3,50;1;12,80;96,20;99,30;7,80;4,50;100;1;-0,10;
2026-07-15 18:40:00.0;OFF;ON;100;-6,70;-3,50;0,90;12,70;96,10;99,30;7,70;4,50;100;0,90;-0,20;
2026-07-15 18:41:00.0;OFF;ON;100;-7,30;-3,60;0,90;12,70;95,80;99,30;8,10;4,50;100;0,80;-0,30;
2026-07-15 18:42:00.0;OFF;ON;100;-6,10;-3,70;0,80;12,70;95,70;99,30;6,90;4,50;100;0,80;-0,30;
2026-07-15 18:43:00.0;OFF;ON;100;-6,80;-3,70;0,80;12,60;95,70;99,30;7,60;4,50;100;0,80;-0,30;
2026-07-15 18:44:00.0;OFF;ON;100;-6,90;-3,70;0,80;12,60;95,70;99,30;7,70;4,50;100;0,80;-0,30;
2026-07-15 18:45:00.0;OFF;ON;100;-15,60;-3,70;0,80;12,60;95,70;99,30;16,40;4,50;100;0,80;-0,40;
2026-07-15 18:46:00.0;OFF;ON;100;-12;-3,70;0,70;12,50;95,80;99,30;12,80;4,50;100;0,70;-0,40;
2026-07-15 18:47:00.0;OFF;ON;100;-8,10;-3,80;0,70;12,50;95,80;99,30;8,90;4,50;100;0,70;-0,40;
2026-07-15 18:48:00.0;OFF;ON;100;-7,10;-3,80;0,70;12,50;95,80;99,30;7,80;4,50;100;0,70;-0,40;
2026-07-15 18:49:00.0;OFF;ON;100;-7,20;-3,80;0,70;12,40;95,80;99,30;7,90;4,50;100;0,70;-0,40;
2026-07-15 18:50:00.0;OFF;ON;100;-6,90;-3,80;0,70;12,40;95,70;99,30;7,60;4,50;100;0,70;-0,40;
2026-07-15 18:51:00.0;OFF;ON;100;-8,30;-3,80;0,70;12,30;95,80;99,30;9;4,50;100;0,70;-0,40;
2026-07-15 18:52:00.0;OFF;ON;100;-7;-3,80;0,70;12,30;95,80;99,30;7,70;4,50;100;0,60;-0,40;
2026-07-15 18:53:00.0;OFF;ON;100;-7;-3,80;0,60;12,30;95,80;99,30;7,60;4,50;100;0,60;-0,50;
2026-07-15 18:54:00.0;OFF;ON;100;-5,70;-3,90;0,60;12,20;95,70;99,30;6,30;4,50;100;0,60;-0,50;
2026-07-15 18:55:00.0;OFF;ON;100;-6,10;-3,90;0,60;12,20;95,60;99,30;6,70;4,50;100;0,60;-0,50;
2026-07-15 18:56:00.0;OFF;ON;100;-6,70;-3,80;0,70;12,20;95,90;99,30;7,40;4,50;100;0,70;-0,30;
2026-07-15 18:57:00.0;OFF;ON;100;-7,30;-3,80;0,70;12,10;96;99,30;8;4,50;100;0,70;-0,30;
2026-07-15 18:58:00.0;OFF;ON;100;-7,80;-3,80;0,70;12,10;96,10;99,30;8,50;4,50;100;0,70;-0,30;
2026-07-15 18:59:00.0;OFF;ON;100;-7,50;-3,80;0,70;12,10;96,10;99,30;8,20;4,50;100;0,70;-0,30;
2026-07-15 19:00:00.0;OFF;ON;100;-7;-3,80;0,70;12;96,10;99,30;7,70;4,50;100;0,70;-0,30;
2026-07-15 19:01:00.0;OFF;ON;100;-6,80;-3,80;0,70;12;96,10;99,30;7,50;4,50;100;0,70;-0,30;
2026-07-15 19:02:00.0;OFF;ON;100;-5,70;-3,80;0,70;12;96,10;99,30;6,40;4,50;100;0,70;-0,30;
2026-07-15 19:03:00.0;OFF;ON;100;-6;-3,80;0,70;11,90;96;99,30;6,70;4,50;100;0,60;-0,30;
2026-07-15 19:04:00.0;OFF;ON;100;-6,70;-3,80;0,70;11,90;96;99,30;7,40;4,50;100;0,70;-0,30;
2026-07-15 19:05:00.0;OFF;ON;100;-6,40;-3,80;0,70;11,90;96,10;99,30;7,10;4,50;100;0,70;-0,30;
2026-07-15 19:06:00.0;OFF;ON;100;-6,50;-3,80;0,70;11,80;96,10;99,30;7,20;4,50;100;0,70;-0,30;
2026-07-15 19:07:00.0;OFF;ON;100;-6,50;-3,80;0,70;11,80;95,90;99,30;7,10;4,50;100;0,60;-0,30;
2026-07-15 19:08:00.0;OFF;ON;100;-5,70;-3,80;0,60;11,80;96;99,30;6,40;4,50;100;0,60;-0,30;
2026-07-15 19:09:00.0;OFF;ON;100;-6,30;-3,90;0,60;11,70;95,90;99,30;7;4,50;100;0,60;-0,40;
2026-07-15 19:10:00.0;OFF;ON;100;-6,30;-3,90;0,60;11,70;95,90;99,30;7;4,50;100;0,60;-0,40;
2026-07-15 19:11:00.0;OFF;ON;100;-5,60;-3,90;0,60;11,70;96;99,30;6,20;4,50;100;0,60;-0,40;
2026-07-15 19:12:00.0;OFF;ON;100;-6,50;-3,90;0,60;11,60;95,90;99,30;7,10;4,50;100;0,60;-0,40;
2026-07-15 19:13:00.0;OFF;ON;100;-6,30;-3,90;0,60;11,60;95,90;99,30;6,90;4,50;100;0,60;-0,40;
2026-07-15 19:14:00.0;OFF;ON;100;-6;-3,90;0,60;11,50;95,90;99,30;6,60;4,50;100;0,50;-0,40;
2026-07-15 19:15:00.0;OFF;ON;100;-6;-3,90;0,60;11,50;95,90;99,30;6,50;4,50;100;0,60;-0,40;
2026-07-15 19:16:00.0;OFF;ON;100;-31;-3,90;0,60;11,50;95,90;99,30;31,50;4,50;100;0,50;-0,40;
2026-07-15 19:17:00.0;OFF;ON;100;-7,20;-3,90;0,60;11,40;95,90;99,30;7,80;4,50;100;0,50;-0,40;
2026-07-15 19:18:00.0;OFF;ON;100;-6,60;-3,90;0,60;11,40;95,90;99,30;7,10;4,50;100;0,50;-0,40;
2026-07-15 19:19:00.0;OFF;ON;100;-7;-4;0,50;11,40;95,80;99,30;7,60;4,50;100;0,50;-0,40;
2026-07-15 19:20:00.0;OFF;ON;100;-6,50;-3,90;0,50;11,30;95,80;99,30;7;4,50;100;0,50;-0,40;
2026-07-15 19:21:00.0;OFF;ON;100;-6,30;-4;0,50;11,30;95,80;99,30;6,90;4,50;100;0,50;-0,40;
2026-07-15 19:22:00.0;OFF;ON;100;-6,80;-4;0,50;11,30;95,80;99,30;7,40;4,50;100;0,50;-0,40;
2026-07-15 19:23:00.0;OFF;ON;100;-6,10;-4;0,50;11,20;95,80;99,30;6,60;4,50;100;0,50;-0,40;
2026-07-15 19:24:00.0;OFF;ON;100;-6,30;-4;0,50;11,20;95,90;99,30;6,80;4,50;100;0,50;-0,40;
2026-07-15 19:25:00.0;OFF;ON;100;-6,10;-4;0,50;11,10;95,80;99,30;6,30;4,50;100;0,50;-0,50;
2026-07-15 19:26:00.0;OFF;ON;100;-5,90;-4;0,50;11,10;95,80;99,30;6,50;4,50;100;0,40;-0,40;
2026-07-15 19:27:00.0;OFF;ON;100;-6,80;-4;0,50;11,10;95,90;99,30;7,30;4,50;100;0,40;-0,40;
2026-07-15 19:28:00.0;OFF;ON;100;-6,60;-4;0,50;11,10;95,90;99,30;7,10;4,50;100;0,40;-0,40;
2026-07-15 19:29:00.0;OFF;ON;100;-5,50;-4;0,50;11;95,80;99,30;6;4,50;100;0,40;-0,50;
2026-07-15 19:30:00.0;OFF;ON;100;-5,20;-4;0,50;11;95,70;99,30;5,60;4,50;100;0,40;-0,50;
2026-07-15 19:31:00.0;OFF;ON;100;-6,20;-4;0,50;11;95,90;99,30;6,60;4,50;100;0,40;-0,40;
2026-07-15 19:32:00.0;OFF;ON;100;-5,50;-4;0,40;10,90;95,80;99,30;5,90;4,50;100;0,40;-0,50;
2026-07-15 19:33:00.0;OFF;ON;100;-6,70;-4;0,40;10,90;95,80;99,30;7,10;4,50;100;0,40;-0,50;
2026-07-15 19:34:00.0;OFF;ON;100;-5,90;-4;0,40;10,80;95,70;99,30;6,30;4,50;100;0,40;-0,50;
2026-07-15 19:35:00.0;OFF;ON;100;-6,20;-4;0,40;10,80;95,70;99,30;6,60;4,50;100;0,40;-0,50;
2026-07-15 19:36:00.0;OFF;ON;100;-5,80;-4;0,40;10,80;95,70;99,30;6,20;4,50;100;0,40;-0,50;
2026-07-15 19:37:00.0;OFF;ON;100;-6,80;-4;0,40;10,70;95,80;99,30;7,20;4,50;100;0,40;-0,50;
2026-07-15 19:38:00.0;OFF;ON;100;-6,30;-4;0,40;10,70;95,80;99,30;6,70;4,50;100;0,30;-0,50;
2026-07-15 19:39:00.0;OFF;ON;100;-6,40;-4;0,40;10,70;95,80;99,30;6,70;4,50;100;0,30;-0,50;
2026-07-15 19:40:00.0;OFF;ON;100;-5,80;-4;0,40;10,60;95,70;99,30;6,20;4,50;100;0,30;-0,50;
2026-07-15 19:41:00.0;OFF;ON;100;-5,80;-4;0,40;10,60;95,80;99,30;6,20;4,50;100;0,30;-0,50;
2026-07-15 19:42:00.0;OFF;ON;100;-6,70;-4;0,40;10,60;95,80;99,30;7;4,50;100;0,30;-0,50;
2026-07-15 19:43:00.0;OFF;ON;100;-5,70;-4;0,40;10,50;95,70;99,30;6,10;4,50;100;0,30;-0,50;
2026-07-15 19:44:00.0;OFF;ON;100;-5,70;-4;0,40;10,50;95,70;99,30;6;4,50;100;0,30;-0,50;
2026-07-15 19:45:00.0;OFF;ON;100;-6;-4;0,30;10,50;95,70;99,30;6,40;4,50;100;0,30;-0,50;
2026-07-15 19:46:00.0;OFF;ON;100;-4,90;-4;0,30;10,40;95,70;99,30;5,30;4,50;100;0,30;-0,50;
2026-07-15 19:47:00.0;OFF;ON;100;-5;-4;0,30;10,40;95,70;99,30;5,30;4,50;100;0,30;-0,50;
2026-07-15 19:48:00.0;OFF;ON;100;-5,40;-4;0,30;10,40;95,70;99,30;5,70;4,50;100;0,30;-0,50;
2026-07-15 19:49:00.0;OFF;ON;100;-6,30;-4;0,30;10,30;95,70;99,30;6,60;4,50;100;0,20;-0,50;
2026-07-15 19:50:00.0;OFF;ON;100;-6,30;-4;0,30;10,30;95,70;99,30;6,60;4,50;100;0,30;-0,50;
2026-07-15 19:51:00.0;OFF;ON;100;-6,10;-4;0,30;10,30;95,70;99,30;6,40;4,50;100;0,20;-0,50;
2026-07-15 19:52:00.0;OFF;ON;100;-6,20;-4;0,30;10,20;95,70;99,30;6,50;4,50;100;0,20;-0,50;
2026-07-15 19:53:00.0;OFF;ON;100;-5,30;-4;0,30;10,20;95,70;99,30;5,60;4,50;100;0,20;-0,50;
2026-07-15 19:54:00.0;OFF;ON;100;-5,40;-4;0,30;10,20;95,70;99,30;5,70;4,50;100;0,20;-0,50;
2026-07-15 19:55:00.0;OFF;ON;100;-5,40;-4;0,30;10,10;95,70;99,30;5,60;4,50;100;0,20;-0,50;
2026-07-15 19:56:00.0;OFF;ON;100;-6,40;-4;0,20;10,10;95,70;99,30;6,60;4,50;100;0,20;-0,50;
2026-07-15 19:57:00.0;OFF;ON;100;-6,30;-4;0,20;10,10;95,70;99,30;6,50;4,50;100;0,10;-0,50;
2026-07-15 19:58:00.0;OFF;ON;100;-6;-4;0,20;10;95,70;99,30;6,20;4,50;100;0,20;-0,50;
2026-07-15 19:59:00.0;OFF;ON;100;-7;-4;0,20;10;95,70;99,30;7,30;4,50;100;0,20;-0,50;
2026-07-15 20:00:00.0;OFF;ON;100;-7,10;-4;0,20;10;95,70;99,30;7,30;4,50;100;0,10;-0,50;
2026-07-15 20:01:00.0;OFF;ON;100;-18;-4;0,20;10;95,70;99,30;18,20;4,50;100;0,10;-0,60;
2026-07-15 20:02:00.0;OFF;ON;100;-39;-4;0,20;9,90;95,70;99,30;39,20;4,50;100;0,10;-0,50;
2026-07-15 20:03:00.0;OFF;ON;100;-17,10;-4;0,20;9,90;95,70;99,30;17,30;4,50;100;0,10;-0,60;
2026-07-15 20:04:00.0;OFF;ON;100;-7,20;-4;0,20;9,90;95,70;99,30;7,40;4,50;100;0,10;-0,60;
2026-07-15 20:05:00.0;OFF;ON;100;-7,60;-4;0,20;9,80;95,70;99,30;7,80;4,50;100;0,10;-0,60;
2026-07-15 20:06:00.0;OFF;ON;100;-25,70;-4;0,20;9,80;95,70;99,30;25,80;4,50;100;0,10;-0,60;
2026-07-15 20:07:00.0;OFF;ON;100;-19;-4;0,20;9,80;95,70;99,30;19,20;4,50;100;0,10;-0,60;
2026-07-15 20:08:00.0;OFF;ON;100;-23;-4;0,20;9,80;95,70;99,30;23,20;4,50;100;0,10;-0,60;
2026-07-15 20:09:00.0;OFF;ON;100;-21,90;-4;0,20;9,70;95,70;99,30;22;4,50;100;0,10;-0,60;
2026-07-15 20:10:00.0;OFF;ON;100;-6,80;-4;0,20;9,70;95,70;99,30;7;4,50;100;0,10;-0,60;
2026-07-15 20:11:00.0;OFF;ON;100;-7;-4;0,10;9,70;95,70;99,30;7,10;4,50;100;0,10;-0,60;
2026-07-15 20:12:00.0;OFF;ON;100;-7,20;-4;0,10;9,70;95,70;99,30;7,40;4,50;100;0,10;-0,60;
2026-07-15 20:13:00.0;OFF;ON;100;-12;-4;0,10;9,60;95,70;99,30;12,10;4,50;100;0;-0,60;
2026-07-15 20:14:00.0;OFF;ON;100;-6,70;-4;0,10;9,60;95,70;99,30;6,90;4,50;100;0;-0,60;
2026-07-15 20:15:00.0;OFF;ON;100;-16,30;-4;0,10;9,60;95,70;99,30;16,40;4,50;100;0;-0,60;
2026-07-15 20:16:00.0;OFF;ON;100;-6,50;-4;0,10;9,60;95,70;99,30;6,60;4,50;100;0;-0,60;
2026-07-15 20:17:00.0;OFF;ON;100;-7,20;-4;0,10;9,50;95,70;99,30;7,30;4,50;100;0;-0,60;
2026-07-15 20:18:00.0;OFF;ON;100;-7,60;-4;0,10;9,50;95,70;99,30;7,70;4,50;100;0;-0,60;
2026-07-15 20:19:00.0;OFF;ON;100;-6,50;-4;0,10;9,50;95,60;99,30;6,60;4,50;100;0;-0,60;
2026-07-15 20:20:00.0;OFF;ON;100;-7,60;-4;0,10;9,40;95,60;99,30;7,70;4,50;100;0;-0,60;
2026-07-15 20:21:00.0;OFF;ON;100;-6,50;-4;0,10;9,40;95,70;99,30;6,50;4,50;100;0;-0,60;
2026-07-15 20:22:00.0;OFF;ON;100;-6,30;-4;0;9,40;95,70;99,30;6,40;4,50;100;0;-0,60;
2026-07-15 20:23:00.0;OFF;ON;100;-7;-4;0;9,40;95,60;99,30;7;4,50;100;0;-0,60;
2026-07-15 20:24:00.0;OFF;ON;100;-15,60;-4;0;9,30;95,70;99,30;15,70;4,50;100;0;-0,60;
2026-07-15 20:25:00.0;OFF;ON;100;-6,30;-4;0;9,30;95,70;99,30;6,30;4,50;100;0;-0,60;
2026-07-15 20:26:00.0;OFF;ON;100;-5,60;-4;0;9,30;95,70;99,30;5,60;4,50;100;-0,10;-0,60;
2026-07-15 20:27:00.0;OFF;ON;100;-5,90;-4;0;9,30;95,60;99,30;5,90;4,50;100;-0,10;-0,60;
2026-07-15 20:28:00.0;OFF;ON;100;-7;-4;0;9,20;95,60;99,30;7;4,50;100;-0,10;-0,60;
2026-07-15 20:29:00.0;OFF;ON;100;-7;-3,50;0;9,20;95,60;99,30;7;4,50;100;-0,10;-0,70;
2026-07-15 20:30:00.0;OFF;ON;100;-6,70;-3,50;0;9,20;95,50;99,30;6,60;4,50;100;-0,10;-0,80;
2026-07-15 20:31:00.0;OFF;ON;100;-12;-3,60;-0,10;9,20;95,40;99,30;11,90;4,50;100;-0,10;-0,80;
2026-07-15 20:32:00.0;OFF;ON;90;-28,20;-3,60;-0,10;9,10;95,30;99,30;28,10;3,50;100;-0,20;-0,80;
2026-07-15 20:33:00.0;OFF;ON;90;-30,50;-3,60;-0,10;9,10;95,30;99,30;30,40;3,50;100;-0,20;-0,80;
2026-07-15 20:34:00.0;OFF;ON;90;-31,90;-3,60;-0,10;9,10;95,30;99,30;31,80;3,50;100;-0,20;-0,80;
2026-07-15 20:35:00.0;OFF;ON;90;-28,70;-3,60;-0,10;9;95,40;99,30;28,60;3,50;100;-0,20;-0,80;
2026-07-15 20:36:00.0;OFF;ON;90;-30,20;-3,60;-0,10;9;95,50;99,30;30;3,50;100;-0,10;-0,80;
2026-07-15 20:37:00.0;OFF;ON;90;-33,20;-3,60;-0,10;9;95,50;99,30;33,10;3,50;100;-0,20;-0,80;
2026-07-15 20:38:00.0;OFF;ON;90;-7,10;-3,60;-0,10;9;95,60;99,30;7;3,50;100;-0,20;-0,80;
2026-07-15 20:39:00.0;OFF;ON;90;-6,60;-3,60;-0,10;9;95,70;99,30;6,50;3,50;100;-0,20;-0,70;
2026-07-15 20:40:00.0;OFF;ON;90;-6,60;-3,60;-0,10;8,90;95,70;99,30;6,50;3,50;100;-0,20;-0,70;
2026-07-15 20:41:00.0;OFF;ON;90;-7,70;-3,60;-0,10;8,90;95,70;99,30;7,60;3,50;100;-0,20;-0,70;
2026-07-15 20:42:00.0;OFF;ON;90;-6,80;-3,60;-0,10;8,90;95,60;99,30;6,70;3,50;100;-0,20;-0,80;
2026-07-15 20:43:00.0;OFF;ON;90;-6,30;-3,60;-0,10;8,90;95,60;99,30;6,20;3,50;100;-0,20;-0,70;
2026-07-15 20:44:00.0;OFF;ON;90;-6,60;-3,60;-0,10;8,80;95,70;99,30;6,50;3,50;100;-0,20;-0,70;
2026-07-15 20:45:00.0;OFF;ON;90;-7,20;-3,60;-0,10;8,80;95,70;99,30;7,10;3,50;100;-0,20;-0,80;
2026-07-15 20:46:00.0;OFF;ON;90;-6,30;-3,60;-0,10;8,80;95,70;99,30;6,20;3,50;100;-0,20;-0,70;
2026-07-15 20:47:00.0;OFF;ON;90;-6,90;-3,60;-0,10;8,80;95,60;99,30;6,80;3,50;100;-0,20;-0,70;
2026-07-15 20:48:00.0;OFF;ON;90;-6,30;-3,60;-0,10;8,70;95,60;99,30;6,20;3,50;100;-0,20;-0,70;
2026-07-15 20:49:00.0;OFF;ON;90;-7,10;-3,60;-0,10;8,70;95,60;99,30;7;3,50;100;-0,20;-0,70;
2026-07-15 20:50:00.0;OFF;ON;90;-7,10;-3,60;-0,10;8,70;95,70;99,30;6,90;3,50;100;-0,20;-0,70;
2026-07-15 20:51:00.0;OFF;ON;90;-7,10;-3,60;-0,20;8,70;95,70;99,30;6,90;3,50;100;-0,20;-0,80;
2026-07-15 20:52:00.0;OFF;ON;90;-6,70;-3,70;-0,20;8,60;95,60;99,30;6,50;3,50;100;-0,20;-0,80;
2026-07-15 20:53:00.0;OFF;ON;90;-6,90;-3,70;-0,20;8,60;95,60;99,30;6,70;3,50;100;-0,20;-0,80;
2026-07-15 20:54:00.0;OFF;ON;90;-6,80;-3,70;-0,20;8,60;95,60;99,30;6,70;3,50;100;-0,20;-0,80;
2026-07-15 20:55:00.0;OFF;ON;90;-6,70;-3,70;-0,20;8,60;95,50;99,30;6,60;3,50;100;-0,20;-0,80;
2026-07-15 20:56:00.0;OFF;ON;90;-7,80;-3,70;-0,20;8,50;95,50;99,30;7,60;3,50;100;-0,30;-0,80;
2026-07-15 20:57:00.0;OFF;ON;90;-32,50;-3,70;-0,20;8,50;95,60;99,30;32,30;3,50;100;-0,30;-0,80;
2026-07-15 20:58:00.0;OFF;ON;90;-5,90;-3,70;-0,20;8,50;95,50;99,30;5,70;3,50;100;-0,30;-0,80;
2026-07-15 20:59:00.0;OFF;ON;90;-5,30;-3,70;-0,20;8,50;95,50;99,30;5,10;3,50;100;-0,30;-0,80;
2026-07-15 21:00:00.0;OFF;ON;90;-6,80;-3,70;-0,20;8,40;95,50;99,30;6,60;3,50;100;-0,30;-0,80;
2026-07-15 21:01:00.0;OFF;ON;90;-6,50;-3,70;-0,20;8,40;95,50;99,30;6,30;3,50;100;-0,30;-0,80;
2026-07-15 21:02:00.0;OFF;ON;90;-6,10;-3,70;-0,20;8,40;95,50;99,30;5,90;3,50;100;-0,30;-0,80;
2026-07-15 21:03:00.0;OFF;ON;90;-17,10;-3,70;-0,20;8,40;95,50;99,30;16,90;3,50;100;-0,30;-0,80;
2026-07-15 21:04:00.0;OFF;ON;90;-6,50;-3,70;-0,20;8,30;95,50;99,30;6,30;3,50;100;-0,30;-0,80;
2026-07-15 21:05:00.0;OFF;ON;90;-5,80;-3,70;-0,20;8,30;95,40;99,30;5,60;3,50;100;-0,30;-0,80;
2026-07-15 21:06:00.0;OFF;ON;90;-5,90;-3,70;-0,20;8,30;95,40;99,30;5,60;3,50;100;-0,30;-0,80;
2026-07-15 21:07:00.0;OFF;ON;90;-6;-3,70;-0,20;8,30;95,50;99,30;5,80;3,50;100;-0,30;-0,80;
2026-07-15 21:08:00.0;OFF;ON;90;-5,80;-3,70;-0,20;8,20;95,40;99,30;5,60;3,50;100;-0,30;-0,80;
2026-07-15 21:09:00.0;OFF;ON;90;-7,20;-3,70;-0,30;8,20;95,40;99,30;6,90;3,50;100;-0,30;-0,90;
2026-07-15 21:10:00.0;OFF;ON;90;-6,90;-3,80;-0,30;8,20;95,40;99,30;6,70;3,50;100;-0,40;-0,90;
2026-07-15 21:11:00.0;OFF;ON;90;-7,20;-3,80;-0,30;8,20;95,40;99,30;7;3,50;100;-0,30;-0,90;
2026-07-15 21:12:00.0;OFF;ON;90;-6,70;-3,80;-0,30;8,10;95,50;99,30;6,40;3,50;100;-0,40;-0,90;
2026-07-15 21:13:00.0;OFF;ON;90;-6,80;-3,80;-0,30;8,10;95,40;99,30;6,50;3,50;100;-0,40;-0,90;
2026-07-15 21:14:00.0;OFF;ON;90;-6,40;-3,80;-0,30;8,10;95,40;99,30;6,10;3,50;100;-0,40;-0,90;
2026-07-15 21:15:00.0;OFF;ON;90;-6,90;-3,80;-0,30;8,10;95,40;99,30;6,60;3,50;100;-0,40;-0,90;
2026-07-15 21:16:00.0;OFF;ON;90;-6,80;-3,80;-0,30;8;95,40;99,30;6,50;3,50;100;-0,40;-0,90;
2026-07-15 21:17:00.0;OFF;ON;90;-7,60;-3,80;-0,30;8;95,40;99,30;7,30;3,50;100;-0,40;-0,90;
2026-07-15 21:18:00.0;OFF;ON;90;-6,80;-3,80;-0,30;8;95,30;99,30;6,50;3,50;100;-0,40;-0,90;
2026-07-15 21:19:00.0;OFF;ON;90;-6,40;-3,80;-0,30;8;95,40;99,30;6,10;3,50;100;-0,40;-0,90;
2026-07-15 21:20:00.0;OFF;ON;90;-6,20;-3,80;-0,30;8;95,50;99,30;5,90;3,50;100;-0,40;-0,90;
2026-07-15 21:21:00.0;OFF;ON;90;-20,40;-3,80;-0,30;7,90;95,40;99,30;20,10;3,50;100;-0,40;-0,90;
2026-07-15 21:22:00.0;OFF;ON;90;-7,30;-3,80;-0,30;7,90;95,40;99,30;7;3,50;100;-0,40;-0,90;
2026-07-15 21:23:00.0;OFF;ON;90;-5,60;-3,80;-0,30;7,90;95,40;99,30;5,30;3,50;100;-0,40;-0,90;
2026-07-15 21:24:00.0;OFF;ON;90;-5,60;-3,80;-0,30;7,90;95,30;99,30;5,30;3,50;100;-0,40;-0,90;
2026-07-15 21:25:00.0;OFF;ON;90;-5,80;-3,80;-0,30;7,80;95,40;99,30;5,50;3,50;100;-0,40;-0,90;
2026-07-15 21:26:00.0;OFF;ON;90;-4,80;-3,80;-0,30;7,80;95,40;99,30;4,40;3,50;100;-0,40;-0,90;
2026-07-15 21:27:00.0;OFF;ON;90;-5,20;-3,80;-0,30;7,80;95,40;99,30;4,90;3,50;100;-0,50;-0,90;
2026-07-15 21:28:00.0;OFF;ON;90;-4,90;-3,80;-0,30;7,80;95,30;99,30;4,60;3,50;100;-0,50;-0,90;
2026-07-15 21:29:00.0;OFF;ON;90;-5,70;-3,80;-0,30;7,70;95,40;99,30;5,30;3,50;100;-0,50;-0,90;
2026-07-15 21:30:00.0;OFF;ON;90;-4,70;-3,90;-0,40;7,70;95,30;99,30;4,30;3,50;100;-0,50;-0,90;
2026-07-15 21:31:00.0;OFF;ON;90;-5;-3,90;-0,40;7,70;95,30;99,30;4,60;3,50;100;-0,50;-0,90;
2026-07-15 21:32:00.0;OFF;ON;90;-4,20;-3,90;-0,40;7,70;95,30;99,30;3,90;3,50;100;-0,50;-0,90;
2026-07-15 21:33:00.0;OFF;ON;90;-4,90;-3,90;-0,40;7,60;95,30;99,30;4,50;3,50;100;-0,50;-0,90;
2026-07-15 21:34:00.0;OFF;ON;90;-4,20;-3,90;-0,40;7,60;95,30;99,30;3,80;3,50;100;-0,50;-0,90;
2026-07-15 21:35:00.0;OFF;ON;90;-5;-3,90;-0,40;7,60;95,40;99,30;4,60;3,50;100;-0,50;-1;
2026-07-15 21:36:00.0;OFF;ON;90;-5,30;-3,90;-0,40;7,60;95,40;99,30;4,90;3,50;100;-0,50;-1;
2026-07-15 21:37:00.0;OFF;ON;90;-5,20;-3,90;-0,40;7,50;95,40;99,30;4,80;3,50;100;-0,50;-1;
2026-07-15 21:38:00.0;OFF;ON;90;-5,20;-3,90;-0,40;7,50;95,40;99,30;4,80;3,50;100;-0,50;-1;
2026-07-15 21:39:00.0;OFF;ON;90;-4,90;-3,90;-0,40;7,50;95,30;99,30;4,50;3,50;100;-0,50;-1;
2026-07-15 21:40:00.0;OFF;ON;90;-4,90;-3,90;-0,40;7,50;95,40;99,30;4,50;3,50;100;-0,50;-1;
2026-07-15 21:41:00.0;OFF;ON;90;-4,50;-3,90;-0,40;7,40;95,40;99,30;4,10;3,50;100;-0,50;-1;
2026-07-15 21:42:00.0;OFF;ON;90;-6,60;-3,90;-0,40;7,40;95,40;99,30;6,20;3,50;100;-0,50;-1;
2026-07-15 21:43:00.0;OFF;ON;90;-6,50;-3,90;-0,40;7,40;95,30;99,30;6,10;3,50;100;-0,50;-1;
2026-07-15 21:44:00.0;OFF;ON;90;-12;-3,90;-0,40;7,40;95,40;99,30;11,60;3,50;100;-0,60;-1;
2026-07-15 21:45:00.0;OFF;ON;90;-6,70;-3,90;-0,40;7,30;95,40;99,30;6,30;3,50;100;-0,50;-1;
2026-07-15 21:46:00.0;OFF;ON;90;-5,30;-3,90;-0,40;7,30;95,40;99,30;4,80;3,50;100;-0,50;-1;
2026-07-15 21:47:00.0;OFF;ON;90;-5,30;-3,90;-0,40;7,30;95,30;99,30;4,80;3,50;100;-0,60;-1;
2026-07-15 21:48:00.0;OFF;ON;90;-14,80;-3,90;-0,50;7,30;95,40;99,30;14,30;3,50;100;-0,60;-1;
2026-07-15 21:49:00.0;OFF;ON;90;-6,80;-4;-0,50;7,20;95,30;99,30;6,30;3,50;100;-0,60;-1;
2026-07-15 21:50:00.0;OFF;ON;90;-28,90;-4;-0,50;7,20;95,30;99,30;28,40;3,50;100;-0,60;-1;
2026-07-15 21:51:00.0;OFF;ON;90;-31,80;-4;-0,50;7,20;95,40;99,30;31,30;3,50;100;-0,60;-1;
2026-07-15 21:52:00.0;OFF;ON;90;-28;-4;-0,50;7,20;95,30;99,30;27,50;3,50;100;-0,60;-1;
2026-07-15 21:53:00.0;OFF;ON;90;-6,70;-4;-0,50;7,20;95,30;99,30;6,30;3,50;100;-0,60;-1;
2026-07-15 21:54:00.0;OFF;ON;90;-17,60;-4;-0,50;7,10;95,40;99,30;17,10;3,50;100;-0,60;-1;
2026-07-15 21:55:00.0;OFF;ON;90;-33,10;-4;-0,50;7,10;95,30;99,30;32,60;3,50;100;-0,60;-1;
2026-07-15 21:56:00.0;OFF;ON;90;-14,20;-4;-0,50;7,10;95,40;99,30;13,70;3,50;100;-0,60;-1;
2026-07-15 21:57:00.0;OFF;ON;90;-26;-4;-0,50;7,10;95,30;99,30;25,50;3,50;100;-0,60;-1;
2026-07-15 21:58:00.0;OFF;ON;90;-21,90;-4;-0,50;7;95,30;99,30;21,40;3,50;100;-0,60;-1;
2026-07-15 21:59:00.0;OFF;ON;90;-23,50;-4;-0,50;7;95,30;99,30;23;3,50;100;-0,60;-1,10;
2026-07-15 22:00:00.0;OFF;ON;90;-31,30;-4;-0,50;7;95,40;99,30;30,80;3,50;100;-0,60;-1,10;
2026-07-15 22:01:00.0;OFF;ON;90;-22,50;-4;-0,50;7;95,30;99,20;22;3,50;100;-0,60;-1,10;
2026-07-15 22:02:00.0;OFF;ON;90;-33;-4;-0,50;6,90;95,20;99,20;32,50;3,50;100;-0,70;-1,10;
2026-07-15 22:03:00.0;OFF;ON;90;-23,30;-4;-0,50;6,90;95,30;99,20;22,80;3,50;100;-0,70;-1,10;
2026-07-15 22:04:00.0;OFF;ON;90;-23,90;-4;-0,50;6,90;95,30;99,20;23,40;3,50;100;-0,70;-1,10;
2026-07-15 22:05:00.0;OFF;ON;90;-27,60;-4;-0,50;6,90;95,30;99,20;27,10;3,50;100;-0,70;-1,10;
2026-07-15 22:06:00.0;OFF;ON;90;-29,80;-4;-0,50;6,80;95,30;99,20;29,30;3,50;100;-0,70;-1,10;
2026-07-15 22:07:00.0;OFF;ON;90;-24,20;-4;-0,50;6,80;95,30;99,20;23,70;3,50;100;-0,70;-1,10;
2026-07-15 22:08:00.0;OFF;ON;90;-26,60;-4;-0,60;6,80;95,30;99,20;26;3,50;100;-0,70;-1,10;
2026-07-15 22:09:00.0;OFF;ON;90;-27,20;-4;-0,60;6,80;95,40;99,20;26,60;3,50;100;-0,70;-1,10;
2026-07-15 22:10:00.0;OFF;ON;90;-20;-4;-0,60;6,70;95,30;99,20;19,50;3,50;100;-0,70;-1,10;
2026-07-15 22:11:00.0;OFF;ON;90;-15,30;-4;-0,60;6,70;95,30;99,20;14,70;3,50;100;-0,70;-1,10;
2026-07-15 22:12:00.0;OFF;ON;90;-7,20;-4;-0,60;6,70;95,30;99,20;6,60;3,50;100;-0,70;-1,10;
2026-07-15 22:13:00.0;OFF;ON;90;-7,70;-4;-0,60;6,70;95,40;99,20;7,10;3,50;100;-0,70;-1,10;
2026-07-15 22:14:00.0;OFF;ON;90;-6,70;-4;-0,60;6,70;95,40;99,20;6,10;3,50;100;-0,70;-1,10;
2026-07-15 22:15:00.0;OFF;ON;90;-18,90;-4;-0,60;6,60;95,30;99,20;18,30;3,50;100;-0,70;-1,10;
2026-07-15 22:16:00.0;OFF;ON;90;-6,50;-4;-0,60;6,60;95,40;99,20;5,90;3,50;100;-0,70;-1,10;
2026-07-15 22:17:00.0;OFF;ON;90;-6,90;-4;-0,60;6,60;95,40;99,20;6,30;3,50;100;-0,70;-1,10;
2026-07-15 22:18:00.0;OFF;ON;90;-6,10;-4;-0,60;6,60;95,30;99,20;5,50;3,50;100;-0,70;-1,10;
2026-07-15 22:19:00.0;OFF;ON;90;-11,80;-4;-0,60;6,50;95,30;99,20;11,20;3,50;100;-0,70;-1,10;
2026-07-15 22:20:00.0;OFF;ON;90;-7,30;-4;-0,60;6,50;95,30;99,20;6,70;3,50;100;-0,70;-1,10;
2026-07-15 22:21:00.0;OFF;ON;90;-6,90;-4;-0,60;6,50;95,30;99,20;6,30;3,50;100;-0,70;-1,10;
2026-07-15 22:22:00.0;OFF;ON;90;-7;-4;-0,60;6,40;95,40;99,20;6,40;3,50;100;-0,70;-1,10;
2026-07-15 22:23:00.0;OFF;ON;90;-24,60;-4;-0,60;6,40;95,30;99,20;24;3,50;100;-0,70;-1,10;
2026-07-15 22:24:00.0;OFF;ON;90;-22,60;-4;-0,60;6,40;95,30;99,20;22;3,50;100;-0,70;-1,10;
2026-07-15 22:25:00.0;OFF;ON;90;-7;-4;-0,60;6,40;95,30;99,20;6,30;3,50;100;-0,70;-1,10;
2026-07-15 22:26:00.0;OFF;ON;90;-14,30;-4;-0,70;6,40;95,40;99,20;13,60;3,50;100;-0,70;-1,10;
2026-07-15 22:27:00.0;OFF;ON;90;-15,20;-4;-0,70;6,30;95,40;99,20;14,60;3,50;100;-0,70;-1,10;
2026-07-15 22:28:00.0;OFF;ON;90;-6,70;-4;-0,70;6,30;95,30;99,20;6,10;3,50;100;-0,80;-1,10;
2026-07-15 22:29:00.0;OFF;ON;90;-18,90;-4;-0,70;6,30;95,30;99,20;18,30;3,50;100;-0,80;-1,10;
2026-07-15 22:30:00.0;OFF;ON;90;-7,40;-4;-0,70;6,20;95,30;99,20;6,70;3,50;100;-0,80;-1,10;
2026-07-15 22:31:00.0;OFF;ON;90;-7,30;-4;-0,70;6,20;95,30;99,20;6,60;3,50;100;-0,80;-1,10;
2026-07-15 22:32:00.0;OFF;ON;90;-26,80;-4;-0,70;6,20;95,30;99,20;26,10;3,50;100;-0,80;-1,10;
2026-07-15 22:33:00.0;OFF;ON;90;-25,40;-4;-0,70;6,20;95,30;99,20;24,80;3,50;100;-0,80;-1,10;
2026-07-15 22:34:00.0;OFF;ON;90;-6,90;-4;-0,70;6,10;95,30;99,20;6,20;3,50;100;-0,80;-1,10;
2026-07-15 22:35:00.0;OFF;ON;90;-20,50;-4;-0,70;6,10;95,30;99,20;19,80;3,50;100;-0,80;-1,10;
2026-07-15 22:36:00.0;OFF;ON;90;-12;-4;-0,70;6,10;95,30;99,20;11,30;3,50;100;-0,80;-1,10;
2026-07-15 22:37:00.0;OFF;ON;90;-32,20;-4;-0,70;6,10;95,30;99,20;31,50;3,50;100;-0,80;-1,10;
2026-07-15 22:38:00.0;OFF;ON;90;-28,90;-4;-0,70;6,10;95,30;99,20;28,20;3,50;100;-0,80;-1,10;
2026-07-15 22:39:00.0;OFF;ON;90;-18,70;-4;-0,70;6;95,30;99,20;18;3,50;100;-0,80;-1,10;
2026-07-15 22:40:00.0;OFF;ON;90;-28,60;-4;-0,70;6;95,30;99,20;27,90;3,50;100;-0,80;-1,10;
2026-07-15 22:41:00.0;OFF;ON;90;-32,30;-4;-0,70;6;95,30;99,20;31,60;3,50;100;-0,80;-1,10;
2026-07-15 22:42:00.0;OFF;ON;90;-25;-4;-0,70;6;95,30;99,20;24,30;3,50;100;-0,80;-1,10;
2026-07-15 22:43:00.0;OFF;ON;90;-27,80;-4;-0,70;5,90;95,30;99,20;27,10;3,50;100;-0,80;-1,10;
2026-07-15 22:44:00.0;OFF;ON;90;-30,70;-4;-0,70;5,90;95,30;99,20;30;3,50;100;-0,80;-1,10;
2026-07-15 22:45:00.0;OFF;ON;90;-21,70;-4;-0,70;5,90;95,30;99,20;21;3,50;100;-0,80;-1,20;
2026-07-15 22:46:00.0;OFF;ON;90;-32,20;-4;-0,70;5,90;95,30;99,20;31,50;3,50;100;-0,80;-1,20;
2026-07-15 22:47:00.0;OFF;ON;90;-24,70;-4;-0,70;5,90;95,20;99,20;23,90;3,50;100;-0,80;-1,20;
2026-07-15 22:48:00.0;OFF;ON;90;-25,40;-4;-0,70;5,80;95,30;99,20;24,60;3,50;100;-0,80;-1,20;
2026-07-15 22:49:00.0;OFF;ON;90;-27,50;-4;-0,80;5,80;95,20;99,20;26,70;3,50;100;-0,90;-1,20;
2026-07-15 22:50:00.0;OFF;ON;90;-34,10;-4;-0,80;5,80;95,20;99,20;33,30;3,50;100;-0,90;-1,20;
2026-07-15 22:51:00.0;OFF;ON;90;-22,70;-4;-0,80;5,80;95,20;99,20;21,90;3,50;100;-0,90;-1,20;
2026-07-15 22:52:00.0;OFF;ON;90;-31,30;-4;-0,80;5,70;95,20;99,20;30,50;3,50;100;-0,90;-1,20;
2026-07-15 22:53:00.0;OFF;ON;90;-29,30;-4;-0,80;5,70;95,20;99,20;28,50;3,50;100;-0,90;-1,20;
2026-07-15 22:54:00.0;OFF;ON;90;-29,10;-4;-0,80;5,70;95,30;99,20;28,30;3,50;100;-0,90;-1,20;
2026-07-15 22:55:00.0;OFF;ON;90;-28,20;-4;-0,80;5,70;95,30;99,20;27,50;3,50;100;-0,90;-1,20;
2026-07-15 22:56:00.0;OFF;ON;90;-28,30;-4;-0,80;5,60;95,30;99,20;27,50;3,50;100;-0,90;-1,20;
2026-07-15 22:57:00.0;OFF;ON;90;-25,70;-4;-0,80;5,60;95,30;99,20;24,90;3,50;100;-0,90;-1,20;
2026-07-15 22:58:00.0;OFF;ON;90;-31,30;-4;-0,80;5,60;95,30;99,20;30,50;3,50;100;-0,90;-1,20;
2026-07-15 22:59:00.0;OFF;ON;90;-32;-4;-0,80;5,60;95,30;99,20;31,20;3,50;100;-0,90;-1,20;
2026-07-15 23:00:00.0;OFF;ON;90;-33,10;-4;-0,80;5,50;95,30;99,20;32,30;3,50;100;-0,90;-1,20;
2026-07-15 23:01:00.0;OFF;ON;90;-34;-4;-0,80;5,50;95,30;99,20;33,20;3,50;100;-0,90;-1,20;
2026-07-15 23:02:00.0;OFF;ON;90;-33,70;-4;-0,80;5,50;95,30;99,20;32,90;3,50;100;-0,90;-1,30;
2026-07-15 23:03:00.0;OFF;ON;90;-30,80;-4;-0,80;5,50;95,40;99,20;30;3,50;100;-1;-1,60;
2026-07-15 23:04:00.0;OFF;ON;90;-28,90;-4;-0,90;5,40;95;99,20;27,90;3,50;100;-1,10;-1,80;
2026-07-15 23:05:00.0;OFF;ON;90;-30,70;-4;-1;5,40;94,80;99,20;29,70;3,50;100;-1,10;-1,90;
2026-07-15 23:06:00.0;OFF;ON;50;-27,50;-4;-1;5,40;94,70;99,20;26,50;3,50;100;-1,20;-1,90;
2026-07-15 23:07:00.0;OFF;ON;50;-30;-4;-1,10;5,30;94,50;99,20;28,90;3,50;100;-1,20;-2,10;
2026-07-15 23:08:00.0;OFF;ON;50;-28,20;-4;-1,10;5,30;94,40;99,20;27,10;3,50;100;-1,20;-2,10;
2026-07-15 23:09:00.0;OFF;ON;50;-34,60;-4;-1,10;5,30;94,40;99,20;33,50;3,50;100;-1,30;-2,10;
2026-07-15 23:10:00.0;OFF;ON;50;-33,50;-4;-1,20;5,30;94,40;99,20;32,40;3,50;100;-1,30;-2,20;
2026-07-15 23:11:00.0;OFF;ON;50;-34,40;-4;-1,20;5,30;94,40;99,20;33,20;3,50;100;-1,30;-2,20;
2026-07-15 23:12:00.0;OFF;ON;50;-33,40;-4;-1,20;5,20;94,30;99,20;32,20;3,50;100;-1,30;-2,20;
2026-07-15 23:13:00.0;OFF;ON;50;-31,50;-4;-1,20;5,20;94,20;99,20;30,20;3,50;100;-1,30;-2,30;
2026-07-15 23:14:00.0;OFF;ON;50;-40;-4;-1,20;5,20;94,20;99,20;38,80;3,50;100;-1,30;-2,20;
2026-07-15 23:15:00.0;OFF;ON;50;-37,10;-4;-1,20;5,20;94,40;99,20;35,90;3,50;100;-1,30;-2,20;
2026-07-15 23:16:00.0;OFF;ON;50;-38,50;-4;-1,20;5,10;94,50;99,20;37,30;3,50;100;-1,30;-2,10;
2026-07-15 23:17:00.0;OFF;ON;50;-36,80;-4;-1,20;5,10;94,60;99,20;35,60;3,50;100;-1,30;-2,10;
2026-07-15 23:18:00.0;OFF;ON;50;-37,90;-4;-1,20;5,10;94,70;99,20;36,70;3,50;100;-1,30;-2,10;
2026-07-15 23:19:00.0;OFF;ON;50;-12;-4;-1,20;5,10;94,70;99,20;10,80;3,50;100;-1,30;-2,10;
2026-07-15 23:20:00.0;OFF;ON;50;-39,10;-4;-1,20;5;94,70;99,20;38;3,50;100;-1,30;-2,10;
2026-07-15 23:21:00.0;OFF;ON;50;-33,20;-3,90;-1,20;5;94,70;99,20;32;3,50;100;-1,30;-2,10;
2026-07-15 23:22:00.0;OFF;ON;50;-25,80;-3,80;-1,20;5;94,80;99,20;24,60;3,50;100;-1,20;-2,10;
2026-07-15 23:23:00.0;OFF;ON;50;-28,50;-3,70;-1,20;5;94,80;99,20;27,30;3,50;100;-1,20;-2,10;
2026-07-15 23:24:00.0;OFF;ON;50;-30,20;-3,60;-1,20;5;94,80;99,20;29;3,50;100;-1,20;-2,10;
2026-07-15 23:25:00.0;OFF;ON;50;-22;-3,50;-1,20;5;94,80;99,20;20,80;3,50;100;-1,30;-2,10;
2026-07-15 23:26:00.0;OFF;ON;50;-24;-3,50;-1,20;4,90;94,70;99,20;22,90;3,50;100;-1,30;-2,10;
2026-07-15 23:27:00.0;OFF;ON;50;-21,40;-3,30;-1,20;4,90;94,80;99,20;20,30;3,50;100;-1,30;-2,10;
2026-07-15 23:28:00.0;OFF;ON;50;-25,20;-3,30;-1,20;4,90;94,80;99,20;24;3,50;100;-1,30;-2,10;
2026-07-15 23:29:00.0;OFF;ON;50;-31,10;-3,20;-1,20;4,90;94,80;99,20;29,90;3,50;100;-1,30;-2,10;
2026-07-15 23:30:00.0;OFF;ON;50;-26,50;-3,10;-1,20;4,90;94,70;99,20;25,40;3,50;100;-1,30;-2,10;
2026-07-15 23:31:00.0;OFF;ON;50;-30,80;-3;-1,20;4,80;94,70;99,20;29,60;3,50;100;-1,30;-2,10;
2026-07-15 23:32:00.0;OFF;ON;50;-31;-2,90;-1,20;4,80;94,70;99,20;29,80;3,50;100;-1,30;-2,10;
2026-07-15 23:33:00.0;OFF;ON;50;-31,80;-2,80;-1,20;4,80;94,70;99,20;30,60;3,50;100;-1,30;-2,10;
2026-07-15 23:34:00.0;OFF;ON;50;-36,20;-2,70;-1,20;4,80;94,80;99,20;35;3,50;100;-1,30;-2,10;
2026-07-15 23:35:00.0;OFF;ON;50;-37,20;-2,50;-1,20;4,80;94,80;99,20;36;3,50;100;-1,30;-2,10;
2026-07-15 23:36:00.0;OFF;ON;50;-34;-2,50;-1,20;4,80;94,80;99,20;32,80;3,50;100;-1,30;-2;
2026-07-15 23:37:00.0;OFF;ON;50;-34,20;-2,40;-1,20;4,70;94,80;99,20;33;3,50;100;-1,30;-2;
2026-07-15 23:38:00.0;OFF;ON;50;-30,70;-2,20;-1,20;4,70;94,90;99,20;29,50;3,50;100;-1,30;-2;
2026-07-15 23:39:00.0;OFF;ON;50;-31,70;-2,10;-1,20;4,70;94,80;99,20;30,50;3,50;100;-1,30;-2;
2026-07-15 23:40:00.0;OFF;ON;50;-33,60;-2;-1,20;4,70;94,80;99,20;32,40;3,50;100;-1,30;-2;
2026-07-15 23:41:00.0;OFF;ON;50;-33;-1,80;-1,20;4,70;94,80;99,20;31,80;3,50;100;-1,30;-2;
2026-07-15 23:42:00.0;OFF;ON;50;-31,80;-1,70;-1,20;4,60;94,90;99,20;30,60;3,50;100;-1,30;-2;
2026-07-15 23:43:00.0;OFF;ON;50;-26,90;-1,60;-1,20;4,60;94,90;99,20;25,70;3,50;100;-1,30;-2;
2026-07-15 23:44:00.0;OFF;ON;50;-26,20;-1,30;-1,20;4,60;94,90;99,20;25;3,50;100;-1,30;-2;
2026-07-15 23:45:00.0;OFF;ON;50;-26,30;-1,20;-1,20;4,60;94,90;99,20;25,10;3,50;100;-1,30;-2;
2026-07-15 23:46:00.0;OFF;ON;50;-27,20;-1,10;-1,20;4,60;94,90;99,20;26;3,50;100;-1,30;-2;
2026-07-15 23:47:00.0;OFF;ON;50;-28,70;-0,90;-1,20;4,50;95;99,20;27,50;3,50;100;-1,30;-2;
2026-07-15 23:48:00.0;OFF;ON;50;-25,50;-0,80;-1,20;4,50;95;99,20;24,30;3,50;100;-1,30;-2;
2026-07-15 23:49:00.0;OFF;ON;50;-36,70;-0,70;-1,20;4,50;95;99,20;35,50;3,50;100;-1,30;-2;
2026-07-15 23:50:00.0;OFF;ON;50;-29,80;-0,40;-1,20;4,50;94,90;99,20;28,60;3,50;100;-1,30;-2;
2026-07-15 23:51:00.0;OFF;ON;50;-26,10;-0,30;-1,20;4,50;94,90;99,20;24,90;3,50;100;-1,30;-2;
2026-07-15 23:52:00.0;OFF;ON;50;-32,20;-0,10;-1,20;4,40;95;99,20;30,90;3,50;100;-1,30;-2;
2026-07-15 23:53:00.0;OFF;ON;50;-25,80;0;-1,20;4,40;95;99,20;24,60;3,50;100;-1,30;-2;
2026-07-15 23:54:00.0;OFF;ON;50;-28,20;0,20;-1,20;4,40;94,90;99,20;27;3,50;100;-1,30;-2;
2026-07-15 23:55:00.0;OFF;ON;50;-26,50;0,30;-1,20;4,40;95;99,20;25,30;3,50;100;-1,30;-2;
2026-07-15 23:56:00.0;OFF;ON;50;-29,50;0,50;-1,20;4,40;95;99,20;28,30;3,50;100;-1,30;-2;
2026-07-15 23:57:00.0;OFF;ON;50;-13,10;0,70;-1,20;4,40;95;99,20;11,80;3,50;100;-1,30;-2;
2026-07-15 23:58:00.0;OFF;ON;50;-31,80;0,80;-1,20;4,30;94,80;99,20;30,60;3,50;100;-1,30;-2;
2026-07-15 23:59:00.0;OFF;ON;50;-14,90;1,10;-1,20;4,30;94,80;99,20;13,70;3,50;100;-1,30;-2;
