CamCarcacas2;
2026-06-15 00:00;2026-06-16 00:00;
12144 Frigorífico Thoms;
ayron.costa;
" ";CPCO 51 - Câmara de carcaças - Controle de temperatura 1;CPCO 51 - Câmara de carcaças - Controle de temperatura 1;CPCO 51 - Câmara de carcaças - Controle de temperatura 1;CPCO 51 - Câmara de carcaças - Controle de temperatura 1;CPCO 51 - Câmara de carcaças - Controle de temperatura 1;CPCO 51 - Câmara de carcaças - Controle de temperatura 1;CPCO 52 - Câmara de carcaças - Controle de temperatura 2;CPCO 52 - Câmara de carcaças - Controle de temperatura 2;CPCO 53 - Balança;CPCO 51 - Câmara de carcaças - Controle de temperatura 1;CPCO 51 - Câmara de carcaças - Controle de temperatura 1;CPCO 51 - Câmara de carcaças - Controle de temperatura 1;CPCO 51 - Câmara de carcaças - Controle de temperatura 1;CPCO 54 - Câmara de carcaças - Controle de temperatura 3;
" ";Carregamento;Resfriamento;Saida Y1 - Ventiladores EC;Temp entrada glicol;Temp ref;Temp retorno ar;Temperatuda espeto;Umidade relativa da camara;Peso atual;DT Atual;DT ref;Cap Atual Valvula;Temp retorno ar M1A08;Temp Insuf de ar M1A08;" ";
2026-06-15 00:00:00.0;OFF;ON;50;3,90;6,20;3,70;0,90;97,90;0;-0,20;3,50;30;3,60;3,90;
2026-06-15 00:01:00.0;OFF;ON;50;3,80;6,20;3,70;0,90;97,80;0;-0,10;3,50;30;3,60;3,90;
2026-06-15 00:02:00.0;OFF;ON;50;3,90;6,20;3,70;0,90;97,90;0;-0,10;3,50;30;3,60;3,90;
2026-06-15 00:03:00.0;OFF;ON;50;3,80;6,20;3,70;0,90;97,90;0;-0,10;3,50;30;3,60;3,90;
2026-06-15 00:04:00.0;OFF;ON;50;3,80;6,20;3,70;0,90;97,90;0;-0,10;3,50;30;3,60;3,90;
2026-06-15 00:05:00.0;OFF;ON;50;3,90;6,20;3,70;0,90;97,80;0;-0,20;3,50;30;3,60;3,90;
2026-06-15 00:06:00.0;OFF;ON;50;4;6,20;3,70;0,90;97,90;0;-0,30;3,50;30;3,60;3,90;
2026-06-15 00:07:00.0;OFF;ON;50;4;6,20;3,70;0,90;97,80;0;-0,30;3,50;30;3,60;3,90;
2026-06-15 00:08:00.0;OFF;ON;50;3,90;6,20;3,70;0,90;97,80;0;-0,10;3,50;30;3,60;3,90;
2026-06-15 00:09:00.0;OFF;ON;50;3,90;6,20;3,70;0,90;97,90;0;-0,20;3,50;30;3,60;3,90;
2026-06-15 00:10:00.0;OFF;ON;50;3,80;6,20;3,70;0,90;97,90;0;-0,10;3,50;30;3,60;3,90;
2026-06-15 00:11:00.0;OFF;ON;50;3,80;6,20;3,70;0,90;97,90;0;-0,10;3,50;30;3,60;3,90;
2026-06-15 00:12:00.0;OFF;ON;50;3,80;6,20;3,70;0,90;97,90;0;-0,10;3,50;30;3,60;3,90;
2026-06-15 00:13:00.0;OFF;ON;50;3,90;6,20;3,70;0,90;97,90;0;-0,20;3,50;30;3,60;3,90;
2026-06-15 00:14:00.0;OFF;ON;50;3,80;6,20;3,70;0,90;97,90;0;-0,10;3,50;30;3,60;3,90;
2026-06-15 00:15:00.0;OFF;ON;50;3,90;6,20;3,70;0,90;97,90;0;-0,20;3,50;30;3,60;3,90;
2026-06-15 00:16:00.0;OFF;ON;50;4;6,20;3,70;0,90;97,90;0;-0,20;3,50;30;3,60;3,90;
2026-06-15 00:17:00.0;OFF;ON;50;3,80;6,20;3,70;0,90;97,90;0;-0,10;3,50;30;3,60;3,90;
2026-06-15 00:18:00.0;OFF;ON;50;3,90;6,20;3,70;0,90;97,90;0;-0,20;3,50;30;3,60;3,90;
2026-06-15 00:19:00.0;OFF;ON;50;3,80;6,20;3,70;0,90;97,80;0;-0,10;3,50;30;3,60;3,90;
2026-06-15 00:20:00.0;OFF;ON;50;3,90;6,20;3,70;0,90;97,90;0;-0,20;3,50;30;3,60;3,90;
2026-06-15 00:21:00.0;OFF;ON;50;3,90;6,20;3,70;0,90;97,90;0;-0,20;3,50;30;3,60;3,90;
2026-06-15 00:22:00.0;OFF;ON;50;3,90;6,20;3,70;0,90;97,90;0;-0,20;3,50;30;3,60;3,90;
2026-06-15 00:23:00.0;OFF;ON;50;4;6,20;3,70;0,90;97,90;0;-0,30;3,50;30;3,60;3,90;
2026-06-15 00:24:00.0;OFF;ON;50;4;6,20;3,70;0,90;97,90;0;-0,20;3,50;30;3,60;3,90;
2026-06-15 00:25:00.0;OFF;ON;50;4;6,20;3,70;0,90;97,90;0;-0,30;3,50;30;3,60;3,90;
2026-06-15 00:26:00.0;OFF;ON;50;3,90;6,20;3,70;0,90;97,90;0;-0,20;3,50;30;3,60;3,90;
2026-06-15 00:27:00.0;OFF;ON;50;3,90;6,20;3,70;0,90;97,90;0;-0,20;3,50;30;3,60;3,90;
2026-06-15 00:28:00.0;OFF;ON;50;4;6,20;3,70;0,90;97,90;0;-0,30;3,50;30;3,60;3,90;
2026-06-15 00:29:00.0;OFF;ON;50;3,90;6,20;3,70;0,90;97,90;0;-0,20;3,50;30;3,60;3,90;
2026-06-15 00:30:00.0;OFF;ON;50;3,90;6,20;3,70;0,90;97,90;0;-0,20;3,50;30;3,60;3,90;
2026-06-15 00:31:00.0;OFF;ON;50;4;6,20;3,70;0,90;97,90;0;-0,30;3,50;30;3,60;3,90;
2026-06-15 00:32:00.0;OFF;ON;50;3,90;6,20;3,70;0,90;97,90;0;-0,20;3,50;30;3,60;3,90;
2026-06-15 00:33:00.0;OFF;ON;50;3,90;6,20;3,70;0,90;97,90;0;-0,20;3,50;30;3,60;3,90;
2026-06-15 00:34:00.0;OFF;ON;50;3,90;6,20;3,70;0,90;97,90;0;-0,20;3,50;30;3,60;3,90;
2026-06-15 00:35:00.0;OFF;ON;50;3,80;6,20;3,70;0,90;97,90;0;-0,10;3,50;30;3,60;3,90;
2026-06-15 00:36:00.0;OFF;ON;50;4;6,20;3,70;0,90;97,90;0;-0,30;3,50;30;3,60;3,90;
2026-06-15 00:37:00.0;OFF;ON;50;3,90;6,20;3,70;0,90;97,90;0;-0,10;3,50;30;3,60;3,90;
2026-06-15 00:38:00.0;OFF;ON;50;3,90;6,20;3,70;0,90;97,90;0;-0,20;3,50;30;3,60;3,90;
2026-06-15 00:39:00.0;OFF;ON;50;3,80;6,20;3,70;0,90;97,90;0;-0,10;3,50;30;3,60;3,90;
2026-06-15 00:40:00.0;OFF;ON;50;3,90;6,20;3,70;0,90;97,90;0;-0,20;3,50;30;3,60;3,90;
2026-06-15 00:41:00.0;OFF;ON;50;3,90;6,20;3,70;0,90;97,90;0;-0,20;3,50;30;3,60;3,90;
2026-06-15 00:42:00.0;OFF;ON;50;3,90;6,20;3,70;0,90;97,90;0;-0,20;3,50;30;3,60;3,90;
2026-06-15 00:43:00.0;OFF;ON;50;4;6,20;3,70;0,90;97,90;0;-0,20;3,50;30;3,60;3,90;
2026-06-15 00:44:00.0;OFF;ON;50;3,90;6,20;3,70;0,90;97,90;0;-0,20;3,50;30;3,60;3,90;
2026-06-15 00:45:00.0;OFF;ON;50;3,80;6,20;3,70;0,90;97,90;0;-0,10;3,50;30;3,60;3,90;
2026-06-15 00:46:00.0;OFF;ON;50;3,90;6,20;3,70;0,90;97,90;0;-0,20;3,50;30;3,60;3,90;
2026-06-15 00:47:00.0;OFF;ON;50;3,90;6,20;3,70;0,90;98;0;-0,20;3,50;30;3,60;3,90;
2026-06-15 00:48:00.0;OFF;ON;50;3,80;6,20;3,70;0,90;97,90;0;-0,10;3,50;30;3,60;3,90;
2026-06-15 00:49:00.0;OFF;ON;50;3,90;6,20;3,70;0,90;97,90;0;-0,20;3,50;30;3,60;3,90;
2026-06-15 00:50:00.0;OFF;ON;50;4;6,20;3,70;0,90;97,90;0;-0,30;3,50;30;3,60;3,90;
2026-06-15 00:51:00.0;OFF;ON;50;3,80;6,20;3,70;0,90;97,90;0;-0,10;3,50;30;3,60;3,90;
2026-06-15 00:52:00.0;OFF;ON;50;4;6,20;3,70;0,90;97,90;0;-0,30;3,50;30;3,60;3,90;
2026-06-15 00:53:00.0;OFF;ON;50;3,90;6,20;3,70;0,90;97,90;0;-0,20;3,50;30;3,60;3,90;
2026-06-15 00:54:00.0;OFF;ON;50;3,90;6,20;3,70;0,90;97,90;0;-0,20;3,50;30;3,60;3,90;
2026-06-15 00:55:00.0;OFF;ON;50;4;6,20;3,70;0,90;97,90;0;-0,30;3,50;30;3,60;3,90;
2026-06-15 00:56:00.0;OFF;ON;50;4;6,20;3,70;0,90;97,90;0;-0,30;3,50;30;3,60;3,90;
2026-06-15 00:57:00.0;OFF;ON;50;3,90;6,20;3,70;0,90;97,90;0;-0,20;3,50;30;3,60;3,90;
2026-06-15 00:58:00.0;OFF;ON;50;3,80;6,20;3,70;0,90;97,90;0;-0,10;3,50;30;3,60;3,90;
2026-06-15 00:59:00.0;OFF;ON;50;3,90;6,20;3,70;0,90;97,90;0;-0,20;3,50;30;3,60;3,90;
2026-06-15 01:00:00.0;OFF;ON;50;3,80;6,20;3,70;0,90;97,90;0;-0,10;3,50;30;3,60;3,90;
2026-06-15 01:01:00.0;OFF;ON;50;3,80;6,20;3,70;0,90;97,90;0;-0,10;3,50;30;3,60;3,90;
2026-06-15 01:02:00.0;OFF;ON;50;3,90;6,20;3,70;0,90;97,90;0;-0,20;3,50;30;3,60;3,90;
2026-06-15 01:03:00.0;OFF;ON;50;3,90;6,20;3,70;0,90;97,90;0;-0,20;3,50;30;3,60;3,90;
2026-06-15 01:04:00.0;OFF;ON;50;3,90;6,20;3,70;0,90;97,90;0;-0,20;3,50;30;3,60;3,90;
2026-06-15 01:05:00.0;OFF;ON;50;4;6,20;3,70;0,90;97,90;0;-0,30;3,50;30;3,60;3,90;
2026-06-15 01:06:00.0;OFF;ON;50;3,90;6,20;3,70;0,90;97,90;0;-0,20;3,50;30;3,60;3,90;
2026-06-15 01:07:00.0;OFF;ON;50;3,90;6,20;3,70;0,90;97,90;0;-0,20;3,50;30;3,60;3,90;
2026-06-15 01:08:00.0;OFF;ON;50;4;6,20;3,70;0,90;97,90;0;-0,30;3,50;30;3,60;3,90;
2026-06-15 01:09:00.0;OFF;ON;50;3,90;6,20;3,70;0,90;97,90;0;-0,20;3,50;30;3,60;3,90;
2026-06-15 01:10:00.0;OFF;ON;50;3,90;6,20;3,70;0,90;97,90;0;-0,20;3,50;30;3,60;3,90;
2026-06-15 01:11:00.0;OFF;ON;50;4;6,20;3,70;0,90;97,90;0;-0,30;3,50;30;3,60;3,90;
2026-06-15 01:12:00.0;OFF;ON;50;3,80;6,20;3,70;0,90;97,90;0;-0,10;3,50;30;3,60;3,90;
2026-06-15 01:13:00.0;OFF;ON;50;4;6,20;3,70;0,90;97,90;0;-0,30;3,50;30;3,60;3,90;
2026-06-15 01:14:00.0;OFF;ON;50;3,90;6,20;3,70;0,90;97,90;0;-0,20;3,50;30;3,60;3,90;
2026-06-15 01:15:00.0;OFF;ON;50;4;6,20;3,70;0,90;97,90;0;-0,30;3,50;30;3,60;3,90;
2026-06-15 01:16:00.0;OFF;ON;50;3,90;6,20;3,70;0,90;97,90;0;-0,20;3,50;30;3,60;3,90;
2026-06-15 01:17:00.0;OFF;ON;50;3,80;6,20;3,70;0,90;97,90;0;-0,10;3,50;30;3,60;3,90;
2026-06-15 01:18:00.0;OFF;ON;50;3,90;6,20;3,70;0,90;97,90;0;-0,20;3,50;30;3,60;3,90;
2026-06-15 01:19:00.0;OFF;ON;50;4;6,20;3,70;0,90;97,90;0;-0,30;3,50;30;3,60;3,90;
2026-06-15 01:20:00.0;OFF;ON;50;3,90;6,20;3,70;0,90;97,90;0;-0,20;3,50;30;3,60;3,90;
2026-06-15 01:21:00.0;OFF;ON;50;3,80;6,20;3,70;0,90;97,90;0;-0,10;3,50;30;3,60;3,90;
2026-06-15 01:22:00.0;OFF;ON;50;3,90;6,20;3,70;0,90;97,90;0;-0,20;3,50;30;3,60;3,90;
2026-06-15 01:23:00.0;OFF;ON;50;3,90;6,20;3,70;0,90;97,90;0;-0,20;3,50;30;3,60;3,90;
2026-06-15 01:24:00.0;OFF;ON;50;3,90;6,20;3,70;0,90;97,90;0;-0,20;3,50;30;3,60;3,90;
2026-06-15 01:25:00.0;OFF;ON;50;3,90;6,20;3,70;0,90;97,90;0;-0,20;3,50;30;3,60;3,90;
2026-06-15 01:26:00.0;OFF;ON;50;4;6,20;3,70;0,90;97,90;0;-0,30;3,50;30;3,60;3,90;
2026-06-15 01:27:00.0;OFF;ON;50;4;6,20;3,70;0,90;97,90;0;-0,30;3,50;30;3,60;3,90;
2026-06-15 01:28:00.0;OFF;ON;50;4;6,20;3,70;0,90;98;0;-0,20;3,50;30;3,60;3,90;
2026-06-15 01:29:00.0;OFF;ON;50;4;6,20;3,70;0,90;97,90;0;-0,30;3,50;30;3,60;3,90;
2026-06-15 01:30:00.0;OFF;ON;50;4;6,20;3,70;0,90;97,90;0;-0,30;3,50;30;3,60;3,90;
2026-06-15 01:31:00.0;OFF;ON;50;3,80;6,20;3,70;0,90;97,90;0;-0,10;3,50;30;3,60;3,90;
2026-06-15 01:32:00.0;OFF;ON;50;3,80;6,20;3,70;0,90;97,90;0;-0,10;3,50;30;3,60;3,90;
2026-06-15 01:33:00.0;OFF;ON;50;3,90;6,20;3,70;0,90;97,90;0;-0,20;3,50;30;3,60;3,90;
2026-06-15 01:34:00.0;OFF;ON;50;3,90;6,20;3,70;0,90;97,90;0;-0,20;3,50;30;3,60;3,90;
2026-06-15 01:35:00.0;OFF;ON;50;3,90;6,20;3,70;0,90;97,90;0;-0,20;3,50;30;3,60;3,90;
2026-06-15 01:36:00.0;OFF;ON;50;3,90;6,20;3,70;0,90;97,90;0;-0,20;3,50;30;3,60;3,90;
2026-06-15 01:37:00.0;OFF;ON;50;3,80;6,20;3,70;0,90;97,90;0;-0,10;3,50;30;3,60;3,90;
2026-06-15 01:38:00.0;OFF;ON;50;3,80;6,20;3,70;0,90;97,90;0;-0,10;3,50;30;3,60;3,90;
2026-06-15 01:39:00.0;OFF;ON;50;3,90;6,20;3,70;0,90;97,90;0;-0,20;3,50;30;3,60;3,90;
2026-06-15 01:40:00.0;OFF;ON;50;3,90;6,20;3,70;0,90;97,90;0;-0,20;3,50;30;3,60;3,90;
2026-06-15 01:41:00.0;OFF;ON;50;3,80;6,20;3,70;0,90;97,90;0;-0,10;3,50;30;3,60;3,90;
2026-06-15 01:42:00.0;OFF;ON;50;4;6,20;3,70;0,90;97,90;0;-0,30;3,50;30;3,60;3,90;
2026-06-15 01:43:00.0;OFF;ON;50;3,90;6,20;3,70;0,90;97,90;0;-0,20;3,50;30;3,60;3,90;
2026-06-15 01:44:00.0;OFF;ON;50;4;6,20;3,70;0,90;97,90;0;-0,30;3,50;30;3,60;3,90;
2026-06-15 01:45:00.0;OFF;ON;50;3,80;6,20;3,70;0,90;97,90;0;-0,10;3,50;30;3,60;3,90;
2026-06-15 01:46:00.0;OFF;ON;50;4;6,20;3,70;0,90;97,90;0;-0,30;3,50;30;3,60;3,90;
2026-06-15 01:47:00.0;OFF;ON;50;3,80;6,20;3,70;0,90;97,90;0;-0,10;3,50;30;3,60;3,90;
2026-06-15 01:48:00.0;OFF;ON;50;3,90;6,20;3,70;0,90;97,90;0;-0,20;3,50;30;3,60;3,90;
2026-06-15 01:49:00.0;OFF;ON;50;3,80;6,20;3,70;0,90;97,90;0;-0,10;3,50;30;3,60;3,90;
2026-06-15 01:50:00.0;OFF;ON;50;3,80;6,20;3,70;0,90;97,90;0;-0,10;3,50;30;3,60;3,90;
2026-06-15 01:51:00.0;OFF;ON;50;3,90;6,20;3,70;0,90;97,90;0;-0,20;3,50;30;3,60;3,90;
2026-06-15 01:52:00.0;OFF;ON;50;3,80;6,20;3,70;0,90;97,90;0;-0,10;3,50;30;3,60;3,90;
2026-06-15 01:53:00.0;OFF;ON;50;3,90;6,20;3,70;0,90;97,90;0;-0,20;3,50;30;3,60;3,90;
2026-06-15 01:54:00.0;OFF;ON;50;3,90;6,20;3,70;0,90;97,90;0;-0,20;3,50;30;3,60;3,90;
2026-06-15 01:55:00.0;OFF;ON;50;3,80;6,20;3,70;1;97,90;0;-0,10;3,50;30;3,60;3,90;
2026-06-15 01:56:00.0;OFF;ON;50;3,90;6,20;3,70;0,90;97,90;0;-0,20;3,50;30;3,60;3,90;
2026-06-15 01:57:00.0;OFF;ON;50;3,90;6,20;3,70;0,90;97,90;0;-0,20;3,50;30;3,60;3,90;
2026-06-15 01:58:00.0;OFF;ON;50;3,80;6,20;3,70;0,90;97,90;0;-0,20;3,50;30;3,60;3,90;
2026-06-15 01:59:00.0;OFF;ON;50;3,90;6,20;3,70;0,90;97,90;0;-0,30;3,50;30;3,60;3,90;
2026-06-15 02:00:00.0;OFF;ON;50;3,90;6,20;3,70;0,90;97,90;0;-0,20;3,50;30;3,60;3,90;
2026-06-15 02:01:00.0;OFF;ON;50;3,90;6,20;3,70;0,90;97,90;0;-0,20;3,50;30;3,60;3,90;
2026-06-15 02:02:00.0;OFF;ON;50;3,90;6,20;3,70;1;97,90;0;-0,20;3,50;30;3,60;3,90;
2026-06-15 02:03:00.0;OFF;ON;50;3,90;6,20;3,70;1;97,90;0;-0,20;3,50;30;3,60;3,90;
2026-06-15 02:04:00.0;OFF;ON;50;3,80;6,20;3,70;0,90;97,90;0;-0,10;3,50;30;3,60;3,90;
2026-06-15 02:05:00.0;OFF;ON;50;3,90;6,20;3,70;0,90;97,90;0;-0,20;3,50;30;3,60;3,90;
2026-06-15 02:06:00.0;OFF;ON;50;3,90;6,20;3,70;0,90;97,90;0;-0,30;3,50;30;3,60;3,90;
2026-06-15 02:07:00.0;OFF;ON;50;3,80;6,20;3,70;0,90;97,90;0;-0,20;3,50;30;3,60;3,90;
2026-06-15 02:08:00.0;OFF;ON;50;3,90;6,20;3,70;0,90;97,90;0;-0,20;3,50;30;3,60;3,90;
2026-06-15 02:09:00.0;OFF;ON;50;3,80;6,20;3,70;0,90;97,90;0;-0,10;3,50;30;3,60;3,90;
2026-06-15 02:10:00.0;OFF;ON;50;3,80;6,20;3,70;1;97,90;0;-0,20;3,50;30;3,60;3,90;
2026-06-15 02:11:00.0;OFF;ON;50;3,80;6,20;3,70;1;97,90;0;-0,10;3,50;30;3,60;3,90;
2026-06-15 02:12:00.0;OFF;ON;50;3,80;6,20;3,70;0,90;97,90;0;-0,10;3,50;30;3,60;3,90;
2026-06-15 02:13:00.0;OFF;ON;50;3,90;6,20;3,70;1;97,90;0;-0,20;3,50;30;3,60;3,90;
2026-06-15 02:14:00.0;OFF;ON;50;3,80;6,20;3,70;1;97,90;0;-0,20;3,50;30;3,60;3,90;
2026-06-15 02:15:00.0;OFF;ON;50;3,90;6,20;3,70;1;97,90;0;-0,20;3,50;30;3,60;3,90;
2026-06-15 02:16:00.0;OFF;ON;50;3,80;6,20;3,70;1;97,90;0;-0,10;3,50;30;3,60;3,90;
2026-06-15 02:17:00.0;OFF;ON;50;4;6,20;3,70;1;97,90;0;-0,30;3,50;30;3,60;3,90;
2026-06-15 02:18:00.0;OFF;ON;50;3,90;6,20;3,70;1;97,90;0;-0,20;3,50;30;3,60;3,90;
2026-06-15 02:19:00.0;OFF;ON;50;3,90;6,20;3,70;1;97,90;0;-0,20;3,50;30;3,60;3,90;
2026-06-15 02:20:00.0;OFF;ON;50;3,80;6,20;3,70;1;97,90;0;-0,10;3,50;30;3,60;3,90;
2026-06-15 02:21:00.0;OFF;ON;50;3,80;6,20;3,70;1;97,90;0;-0,10;3,50;30;3,60;3,90;
2026-06-15 02:22:00.0;OFF;ON;50;4;6,20;3,70;1;97,90;0;-0,30;3,50;30;3,60;3,90;
2026-06-15 02:23:00.0;OFF;ON;50;4;6,20;3,70;1;97,90;0;-0,20;3,50;30;3,60;3,90;
2026-06-15 02:24:00.0;OFF;ON;50;3,90;6,20;3,70;1;97,90;0;-0,20;3,50;30;3,60;3,90;
2026-06-15 02:25:00.0;OFF;ON;50;3,90;6,20;3,70;1;97,90;0;-0,20;3,50;30;3,60;3,90;
2026-06-15 02:26:00.0;OFF;ON;50;3,80;6,20;3,70;1;97,90;0;-0,10;3,50;30;3,60;3,90;
2026-06-15 02:27:00.0;OFF;ON;50;3,90;6,20;3,70;1;97,90;0;-0,20;3,50;30;3,60;3,90;
2026-06-15 02:28:00.0;OFF;ON;50;3,90;6,20;3,70;1;97,90;0;-0,20;3,50;30;3,60;3,90;
2026-06-15 02:29:00.0;OFF;ON;50;3,90;6,20;3,70;1;97,90;0;-0,20;3,50;30;3,60;3,90;
2026-06-15 02:30:00.0;OFF;ON;50;3,90;6,20;3,70;1;97,90;0;-0,20;3,50;30;3,60;3,90;
2026-06-15 02:31:00.0;OFF;ON;50;4;6,20;3,70;1;97,90;0;-0,30;3,50;30;3,60;3,90;
2026-06-15 02:32:00.0;OFF;ON;50;3,80;6,20;3,70;1;97,90;0;-0,10;3,50;30;3,60;3,90;
2026-06-15 02:33:00.0;OFF;ON;50;3,80;6,20;3,70;1;97,90;0;-0,10;3,50;30;3,60;3,90;
2026-06-15 02:34:00.0;OFF;ON;50;3,90;6,20;3,70;1;97,90;0;-0,20;3,50;30;3,60;3,90;
2026-06-15 02:35:00.0;OFF;ON;50;3,90;6,20;3,70;1;97,90;0;-0,20;3,50;30;3,60;3,90;
2026-06-15 02:36:00.0;OFF;ON;50;3,80;6,20;3,70;1;97,90;0;-0,20;3,50;30;3,60;3,90;
2026-06-15 02:37:00.0;OFF;ON;50;4;6,20;3,70;1;97,90;0;-0,30;3,50;30;3,60;3,90;
2026-06-15 02:38:00.0;OFF;ON;50;3,90;6,20;3,70;1;97,90;0;-0,30;3,50;30;3,60;3,90;
2026-06-15 02:39:00.0;OFF;ON;50;3,90;6,20;3,70;1;97,90;0;-0,30;3,50;30;3,60;3,90;
2026-06-15 02:40:00.0;OFF;ON;50;3,80;6,20;3,70;1;97,90;0;-0,10;3,50;30;3,60;3,90;
2026-06-15 02:41:00.0;OFF;ON;50;3,90;6,20;3,70;1;97,90;0;-0,10;3,50;30;3,60;3,90;
2026-06-15 02:42:00.0;OFF;ON;50;4;6,20;3,70;1;97,90;0;-0,30;3,50;30;3,60;3,90;
2026-06-15 02:43:00.0;OFF;ON;50;3,90;6,30;3,80;1;98;0;-0,20;3,50;30;3,60;3,90;
2026-06-15 02:44:00.0;OFF;ON;50;4;6,30;3,80;1;98;0;-0,20;3,50;30;3,60;4;
2026-06-15 02:45:00.0;OFF;ON;50;4;6,30;3,80;1;98;0;-0,20;3,50;30;3,70;4;
2026-06-15 02:46:00.0;OFF;ON;50;3,90;6,30;3,80;1;98;0;-0,10;3,50;30;3,70;4;
2026-06-15 02:47:00.0;OFF;ON;50;4;6,30;3,80;1;98;0;-0,20;3,50;30;3,70;4;
2026-06-15 02:48:00.0;OFF;ON;50;4;6,30;3,80;1;98;0;-0,20;3,50;30;3,60;4;
2026-06-15 02:49:00.0;OFF;ON;50;4;6,20;3,70;1;98;0;-0,30;3,50;30;3,70;4;
2026-06-15 02:50:00.0;OFF;ON;50;4;6,20;3,70;1;98;0;-0,20;3,50;30;3,60;4;
2026-06-15 02:51:00.0;OFF;ON;50;4;6,20;3,70;1;98;0;-0,20;3,50;30;3,60;4;
2026-06-15 02:52:00.0;OFF;ON;50;3,90;6,20;3,70;1;98;0;-0,20;3,50;30;3,60;4;
2026-06-15 02:53:00.0;OFF;ON;50;3,90;6,20;3,70;1;97,90;0;-0,20;3,50;30;3,60;4;
2026-06-15 02:54:00.0;OFF;ON;50;3,80;6,20;3,70;1;97,90;0;-0,10;3,50;30;3,60;3,90;
2026-06-15 02:55:00.0;OFF;ON;50;4;6,20;3,70;1;97,90;0;-0,30;3,50;30;3,60;3,90;
2026-06-15 02:56:00.0;OFF;ON;50;4;6,20;3,70;1;98;0;-0,30;3,50;30;3,60;3,90;
2026-06-15 02:57:00.0;OFF;ON;50;3,90;6,20;3,70;1;97,90;0;-0,20;3,50;30;3,60;3,90;
2026-06-15 02:58:00.0;OFF;ON;50;3,90;6,20;3,70;1;98;0;-0,10;3,50;30;3,60;3,90;
2026-06-15 02:59:00.0;OFF;ON;50;3,90;6,30;3,80;1;98;0;-0,10;3,50;30;3,60;3,90;
2026-06-15 03:00:00.0;OFF;ON;50;4;6,30;3,80;1;98;0;-0,20;3,50;30;3,60;4;
2026-06-15 03:01:00.0;OFF;ON;50;4;6,30;3,80;1;98;0;-0,20;3,50;30;3,60;4;
2026-06-15 03:02:00.0;OFF;ON;50;4;6,30;3,80;1;98;0;-0,20;3,50;30;3,70;4;
2026-06-15 03:03:00.0;OFF;ON;50;4;6,30;3,80;1;98,10;0;-0,20;3,50;30;3,70;4;
2026-06-15 03:04:00.0;OFF;ON;50;4;6,30;3,80;1;98;0;-0,20;3,50;30;3,70;4;
2026-06-15 03:05:00.0;OFF;ON;50;4;6,30;3,80;1;98,10;0;-0,20;3,50;30;3,70;4;
2026-06-15 03:06:00.0;OFF;ON;50;4;6,30;3,80;1;98;0;-0,10;3,50;30;3,70;4;
2026-06-15 03:07:00.0;OFF;ON;50;4;6,30;3,80;1;98;0;-0,20;3,50;30;3,70;4;
2026-06-15 03:08:00.0;OFF;ON;50;4,10;6,30;3,80;1;98;0;-0,30;3,50;30;3,70;4;
2026-06-15 03:09:00.0;OFF;ON;50;3,90;6,30;3,80;1;98;0;-0,10;3,50;30;3,70;4;
2026-06-15 03:10:00.0;OFF;ON;50;4;6,30;3,80;1;98;0;-0,20;3,50;30;3,70;4;
2026-06-15 03:11:00.0;OFF;ON;50;4;6,30;3,80;1;98;0;-0,30;3,50;30;3,70;4;
2026-06-15 03:12:00.0;OFF;ON;50;4;6,30;3,80;1;98;0;-0,20;3,50;30;3,70;4;
2026-06-15 03:13:00.0;OFF;ON;50;4;6,20;3,70;1;98;0;-0,20;3,50;30;3,70;4;
2026-06-15 03:14:00.0;OFF;ON;50;3,80;6,20;3,70;1;98;0;-0,10;3,50;30;3,60;4;
2026-06-15 03:15:00.0;OFF;ON;50;3,80;6,20;3,70;1;98;0;-0,10;3,50;30;3,60;4;
2026-06-15 03:16:00.0;OFF;ON;50;3,90;6,20;3,70;1;98;0;-0,10;3,50;30;3,60;4;
2026-06-15 03:17:00.0;OFF;ON;50;4;6,20;3,70;1;97,90;0;-0,20;3,50;30;3,60;4;
2026-06-15 03:18:00.0;OFF;ON;50;3,90;6,20;3,70;1;97,90;0;-0,20;3,50;30;3,60;4;
2026-06-15 03:19:00.0;OFF;ON;50;3,90;6,20;3,70;1;97,90;0;-0,20;3,50;30;3,60;3,90;
2026-06-15 03:20:00.0;OFF;ON;50;3,90;6,20;3,70;1;97,90;0;-0,20;3,50;30;3,60;3,90;
2026-06-15 03:21:00.0;OFF;ON;50;3,90;6,20;3,70;1;97,90;0;-0,20;3,50;30;3,60;3,90;
2026-06-15 03:22:00.0;OFF;ON;50;3,90;6,20;3,70;1;97,90;0;-0,20;3,50;30;3,60;3,90;
2026-06-15 03:23:00.0;OFF;ON;50;4;6,20;3,70;1;97,90;0;-0,30;3,50;30;3,60;3,90;
2026-06-15 03:24:00.0;OFF;ON;50;3,90;6,20;3,70;1;97,90;0;-0,20;3,50;30;3,60;3,90;
2026-06-15 03:25:00.0;OFF;ON;50;3,90;6,20;3,70;1;97,90;0;-0,20;3,50;30;3,60;3,90;
2026-06-15 03:26:00.0;OFF;ON;50;3,90;6,20;3,70;1;97,80;0;-0,20;3,50;30;3,60;3,90;
2026-06-15 03:27:00.0;OFF;ON;50;3,80;6,20;3,70;1;97,90;0;-0,10;3,50;30;3,60;3,90;
2026-06-15 03:28:00.0;OFF;ON;50;3,90;6,20;3,70;1;97,80;0;-0,20;3,50;30;3,60;3,90;
2026-06-15 03:29:00.0;OFF;ON;50;3,90;6,20;3,70;1;97,80;0;-0,20;3,50;30;3,60;3,90;
2026-06-15 03:30:00.0;OFF;ON;50;3,90;6,20;3,70;1;97,80;0;-0,20;3,50;30;3,60;3,90;
2026-06-15 03:31:00.0;OFF;ON;50;3,90;6,20;3,70;1;97,80;0;-0,20;3,50;30;3,60;3,90;
2026-06-15 03:32:00.0;OFF;ON;50;3,80;6,20;3,70;1;97,80;0;-0,10;3,50;30;3,60;3,90;
2026-06-15 03:33:00.0;OFF;ON;50;3,90;6,20;3,70;1;97,80;0;-0,20;3,50;30;3,60;3,90;
2026-06-15 03:34:00.0;OFF;ON;50;3,80;6,20;3,70;1;97,80;0;-0,10;3,50;30;3,60;3,90;
2026-06-15 03:35:00.0;OFF;ON;50;3,90;6,20;3,70;1;97,80;0;-0,20;3,50;30;3,60;3,90;
2026-06-15 03:36:00.0;OFF;ON;50;3,90;6,20;3,70;1;97,80;0;-0,20;3,50;30;3,60;3,90;
2026-06-15 03:37:00.0;OFF;ON;50;3,90;6,20;3,70;1;97,80;0;-0,20;3,50;30;3,60;3,90;
2026-06-15 03:38:00.0;OFF;ON;50;3,90;6,20;3,70;1;97,80;0;-0,20;3,50;30;3,60;3,90;
2026-06-15 03:39:00.0;OFF;ON;50;3,90;6,20;3,70;1;97,80;0;-0,30;3,50;30;3,60;3,90;
2026-06-15 03:40:00.0;OFF;ON;50;3,90;6,20;3,70;1;97,80;0;-0,20;3,50;30;3,60;3,90;
2026-06-15 03:41:00.0;OFF;ON;50;3,80;6,20;3,70;1;97,80;0;-0,10;3,50;30;3,60;3,90;
2026-06-15 03:42:00.0;OFF;ON;50;3,90;6,20;3,70;1;97,80;0;-0,30;3,50;30;3,60;3,90;
2026-06-15 03:43:00.0;OFF;ON;50;3,90;6,20;3,70;1;97,80;0;-0,20;3,50;30;3,60;3,90;
2026-06-15 03:44:00.0;OFF;ON;50;3,90;6,20;3,70;1;97,80;0;-0,20;3,50;30;3,60;3,90;
2026-06-15 03:45:00.0;OFF;ON;50;3,90;6,20;3,70;1;97,80;0;-0,30;3,50;30;3,60;3,90;
2026-06-15 03:46:00.0;OFF;ON;50;3,80;6,20;3,70;1;97,80;0;-0,10;3,50;30;3,60;3,90;
2026-06-15 03:47:00.0;OFF;ON;50;3,80;6,20;3,70;1;97,80;0;-0,10;3,50;30;3,60;3,90;
2026-06-15 03:48:00.0;OFF;ON;50;3,90;6,20;3,70;1;97,80;0;-0,20;3,50;30;3,60;3,90;
2026-06-15 03:49:00.0;OFF;ON;50;3,90;6,20;3,70;1;97,80;0;-0,20;3,50;30;3,60;3,90;
2026-06-15 03:50:00.0;OFF;ON;50;3,80;6,20;3,70;1;97,80;0;-0,20;3,50;30;3,60;3,90;
2026-06-15 03:51:00.0;OFF;ON;50;3,90;6,20;3,70;1;97,80;0;-0,20;3,50;30;3,60;3,90;
2026-06-15 03:52:00.0;OFF;ON;50;4;6,20;3,70;1;97,80;0;-0,30;3,50;30;3,60;3,90;
2026-06-15 03:53:00.0;OFF;ON;50;4;6,20;3,70;1;97,90;0;-0,30;3,50;30;3,60;3,90;
2026-06-15 03:54:00.0;OFF;ON;50;3,90;6,30;3,80;1;97,90;0;-0,10;3,50;30;3,60;3,90;
2026-06-15 03:55:00.0;OFF;ON;50;4,10;6,30;3,80;1;98;0;-0,20;3,50;30;3,60;3,90;
2026-06-15 03:56:00.0;OFF;ON;50;4;6,30;3,80;1;98;0;-0,20;3,50;30;3,60;4;
2026-06-15 03:57:00.0;OFF;ON;50;4,10;6,30;3,80;1;98;0;-0,30;3,50;30;3,70;4;
2026-06-15 03:58:00.0;OFF;ON;50;4,10;6,30;3,80;1;98;0;-0,30;3,50;30;3,70;4;
2026-06-15 03:59:00.0;OFF;ON;50;4;6,30;3,80;1;98;0;-0,20;3,50;30;3,70;4;
2026-06-15 04:00:00.0;OFF;ON;50;4;6,30;3,80;1,50;98;0;-0,20;3,50;30;3,70;4;
2026-06-15 04:01:00.0;OFF;ON;50;4,10;6,30;3,80;1,20;98,10;1,40;-0,30;3,50;30;3,70;4;
2026-06-15 04:02:00.0;OFF;ON;50;4,10;6,30;3,80;1;98,10;0;-0,20;3,50;30;3,70;4;
2026-06-15 04:03:00.0;OFF;ON;50;4;6,30;3,80;1;98,10;0;-0,20;3,50;30;3,70;4,10;
2026-06-15 04:04:00.0;OFF;ON;50;4;6,30;3,80;1;98,10;0;-0,20;3,50;30;3,70;4,10;
2026-06-15 04:05:00.0;OFF;ON;50;4;6,30;3,80;0,90;98;0;-0,30;3,50;30;3,70;4;
2026-06-15 04:06:00.0;OFF;ON;50;3,90;6,30;3,80;0,90;98;0;-0,20;3,50;30;3,70;4;
2026-06-15 04:07:00.0;OFF;ON;50;4;6,30;3,80;0,90;98;0;-0,20;3,50;30;3,70;4;
2026-06-15 04:08:00.0;OFF;ON;50;4;6,30;3,80;0,90;98;0;-0,20;3,50;30;3,70;4;
2026-06-15 04:09:00.0;OFF;ON;50;4;6,30;3,80;0,90;98;0;-0,20;3,50;30;3,70;4;
2026-06-15 04:10:00.0;OFF;ON;50;4;6,30;3,80;0,90;98;0;-0,20;3,50;30;3,70;4;
2026-06-15 04:11:00.0;OFF;ON;50;3,90;6,20;3,70;0,90;98;0;-0,10;3,50;30;3,70;4;
2026-06-15 04:12:00.0;OFF;ON;50;4;6,20;3,70;0,90;98;0;-0,30;3,50;30;3,70;4;
2026-06-15 04:13:00.0;OFF;ON;50;3,90;6,20;3,70;0,90;98;0;-0,10;3,50;30;3,60;4;
2026-06-15 04:14:00.0;OFF;ON;50;4;6,20;3,70;0,90;97,90;0;-0,30;3,50;30;3,60;4;
2026-06-15 04:15:00.0;OFF;ON;50;4;6,20;3,70;0,90;97,90;0;-0,20;3,50;30;3,60;4;
2026-06-15 04:16:00.0;OFF;ON;50;4;6,20;3,70;0,90;97,90;0;-0,30;3,50;30;3,60;4;
2026-06-15 04:17:00.0;OFF;ON;50;3,80;6,20;3,70;0,90;97,90;0;-0,10;3,50;30;3,60;4;
2026-06-15 04:18:00.0;OFF;ON;50;3,90;6,20;3,70;0,90;97,90;0;-0,20;3,50;30;3,60;3,90;
2026-06-15 04:19:00.0;OFF;ON;50;4;6,20;3,70;0,90;97,90;0;-0,30;3,50;30;3,60;3,90;
2026-06-15 04:20:00.0;OFF;ON;50;3,90;6,20;3,70;0,90;97,90;0;-0,20;3,50;30;3,60;3,90;
2026-06-15 04:21:00.0;OFF;ON;50;3,80;6,20;3,70;0,90;97,90;0;-0,10;3,50;30;3,60;3,90;
2026-06-15 04:22:00.0;OFF;ON;50;3,80;6,20;3,70;0,90;97,90;0;-0,10;3,50;30;3,60;3,90;
2026-06-15 04:23:00.0;OFF;ON;50;3,90;6,20;3,70;0,90;97,80;0;-0,20;3,50;30;3,60;3,90;
2026-06-15 04:24:00.0;OFF;ON;50;3,90;6,20;3,70;0,90;97,80;0;-0,20;3,50;30;3,60;3,90;
2026-06-15 04:25:00.0;OFF;ON;50;4;6,20;3,70;0,90;97,80;0;-0,30;3,50;30;3,60;3,90;
2026-06-15 04:26:00.0;OFF;ON;50;3,80;6,20;3,70;0,90;97,80;0;-0,20;3,50;30;3,60;3,90;
2026-06-15 04:27:00.0;OFF;ON;50;3,90;6,20;3,70;0,90;97,80;0;-0,20;3,50;30;3,60;3,90;
2026-06-15 04:28:00.0;OFF;ON;50;3,80;6,20;3,70;0,90;97,80;0;-0,10;3,50;30;3,60;3,90;
2026-06-15 04:29:00.0;OFF;ON;50;3,90;6,20;3,70;0,90;97,80;0;-0,20;3,50;30;3,60;3,90;
2026-06-15 04:30:00.0;OFF;ON;50;3,90;6,20;3,70;0,90;97,80;0;-0,20;3,50;30;3,60;3,90;
2026-06-15 04:31:00.0;OFF;ON;50;3,90;6,20;3,70;0,90;97,80;0;-0,20;3,50;30;3,60;3,90;
2026-06-15 04:32:00.0;OFF;ON;50;3,80;6,20;3,70;0,90;97,80;0;-0,10;3,50;30;3,60;3,90;
2026-06-15 04:33:00.0;OFF;ON;50;3,90;6,20;3,70;0,90;97,80;0;-0,20;3,50;30;3,60;3,90;
2026-06-15 04:34:00.0;OFF;ON;50;3,90;6,20;3,70;0,90;97,80;0;-0,20;3,50;30;3,60;3,90;
2026-06-15 04:35:00.0;OFF;ON;50;3,90;6,20;3,70;0,90;97,80;0;-0,20;3,50;30;3,60;3,90;
2026-06-15 04:36:00.0;OFF;ON;50;3,90;6,20;3,70;0,90;97,80;0;-0,20;3,50;30;3,60;3,90;
2026-06-15 04:37:00.0;OFF;ON;50;3,90;6,20;3,70;0,90;97,70;0;-0,20;3,50;30;3,60;3,90;
2026-06-15 04:38:00.0;OFF;ON;50;3,80;6,20;3,70;0,90;97,80;0;-0,10;3,50;30;3,60;3,90;
2026-06-15 04:39:00.0;OFF;ON;50;3,90;6,20;3,70;0,90;97,80;0;-0,20;3,50;30;3,60;3,90;
2026-06-15 04:40:00.0;OFF;ON;50;3,90;6,20;3,70;0,90;97,80;0;-0,20;3,50;30;3,60;3,90;
2026-06-15 04:41:00.0;OFF;ON;50;3,90;6,20;3,70;0,90;97,80;0;-0,20;3,50;30;3,60;3,90;
2026-06-15 04:42:00.0;OFF;ON;50;3,90;6,20;3,70;0,90;97,90;0;-0,10;3,50;30;3,60;3,90;
2026-06-15 04:43:00.0;OFF;ON;50;3,90;6,20;3,70;0,90;97,90;0;-0,10;3,50;30;3,60;3,90;
2026-06-15 04:44:00.0;OFF;ON;50;3,90;6,30;3,80;0,90;97,90;0;-0,20;3,50;30;3,60;3,90;
2026-06-15 04:45:00.0;OFF;ON;50;3,90;6,30;3,80;0,90;97,90;0;-0,20;3,50;30;3,60;3,90;
2026-06-15 04:46:00.0;OFF;ON;50;4;6,20;3,70;0,90;97,90;0;-0,20;3,50;30;3,60;4;
2026-06-15 04:47:00.0;OFF;ON;50;3,90;6,20;3,70;0,90;97,90;0;-0,20;3,50;30;3,60;4;
2026-06-15 04:48:00.0;OFF;ON;50;3,90;6,20;3,70;0,90;97,90;0;-0,20;3,50;30;3,60;3,90;
2026-06-15 04:49:00.0;OFF;ON;50;4;6,20;3,70;0,90;97,90;0;-0,30;3,50;30;3,60;3,90;
2026-06-15 04:50:00.0;OFF;ON;50;4;6,20;3,70;0,90;97,90;0;-0,30;3,50;30;3,60;3,90;
2026-06-15 04:51:00.0;OFF;ON;50;3,90;6,20;3,70;0,90;97,90;0;-0,20;3,50;30;3,60;3,90;
2026-06-15 04:52:00.0;OFF;ON;50;3,90;6,20;3,70;0,90;97,80;0;-0,20;3,50;30;3,60;3,90;
2026-06-15 04:53:00.0;OFF;ON;50;3,90;6,20;3,70;0,90;97,90;0;-0,20;3,50;30;3,60;3,90;
2026-06-15 04:54:00.0;OFF;ON;50;3,80;6,20;3,70;0,90;97,90;0;-0,10;3,50;30;3,60;3,90;
2026-06-15 04:55:00.0;OFF;ON;50;3,90;6,20;3,70;0,90;97,90;0;-0,20;3,50;30;3,60;3,90;
2026-06-15 04:56:00.0;OFF;ON;50;3,90;6,20;3,70;0,90;97,90;0;-0,20;3,50;30;3,60;3,90;
2026-06-15 04:57:00.0;OFF;ON;50;3,80;6,20;3,70;0,90;97,90;0;-0,10;3,50;30;3,60;3,90;
2026-06-15 04:58:00.0;OFF;ON;50;3,90;6,20;3,70;0,90;97,90;0;-0,20;3,50;30;3,60;3,90;
2026-06-15 04:59:00.0;OFF;ON;50;3,90;6,20;3,70;0,90;97,90;0;-0,20;3,50;30;3,60;3,90;
2026-06-15 05:00:00.0;OFF;ON;50;3,90;6,20;3,70;0,90;97,90;0;-0,20;3,50;30;3,60;3,90;
2026-06-15 05:01:00.0;OFF;ON;50;3,90;6,20;3,70;0,90;97,90;0;-0,10;3,50;30;3,60;3,90;
2026-06-15 05:02:00.0;OFF;ON;50;3,80;6,30;3,80;0,90;98;0;-0,10;3,50;30;3,60;4;
2026-06-15 05:03:00.0;OFF;ON;50;3,80;6,30;3,80;0,90;98;0;0;3,50;30;3,60;4;
2026-06-15 05:04:00.0;OFF;ON;50;3,80;6,30;3,80;0,90;98;0;-0,10;3,50;30;3,60;3,90;
2026-06-15 05:05:00.0;OFF;ON;50;3,70;6,30;3,80;0,90;98;0;0;3,50;30;3,60;3,90;
2026-06-15 05:06:00.0;OFF;ON;50;3,70;6,20;3,70;0,90;98;0;0;3,50;30;3,60;3,80;
2026-06-15 05:07:00.0;OFF;ON;50;3,50;6,20;3,70;0,90;97,90;0;0,10;3,50;30;3,50;3,80;
2026-06-15 05:08:00.0;OFF;ON;50;3,60;6,20;3,70;1;97,90;0;0;3,50;30;3,50;3,70;
2026-06-15 05:09:00.0;OFF;ON;50;3,50;6,10;3,60;1;97,80;0;0,10;3,50;30;3,50;3,70;
2026-06-15 05:10:00.0;OFF;ON;50;3,40;6,10;3,60;1;97,70;0;0,10;3,50;30;3,50;3,60;
2026-06-15 05:11:00.0;OFF;ON;50;3,40;6;3,50;1;97,50;0;0,20;3,50;30;3,40;3,60;
2026-06-15 05:12:00.0;OFF;ON;50;3,20;6;3,50;1;97,40;0;0,30;3,50;30;3,40;3,50;
2026-06-15 05:13:00.0;OFF;ON;50;3,20;6;3,50;1;97,30;0;0,20;3,50;30;3,40;3,50;
2026-06-15 05:14:00.0;OFF;ON;50;3;5,90;3,40;0,90;97,20;0;0,40;3,50;30;3,30;3,40;
2026-06-15 05:15:00.0;OFF;ON;50;3;5,90;3,40;0,90;97;0;0,40;3,50;30;3,30;3,30;
2026-06-15 05:16:00.0;OFF;ON;50;3;5,80;3,30;0,90;96,90;0;0,40;3,50;30;3,30;3,30;
2026-06-15 05:17:00.0;OFF;ON;50;3;5,80;3,30;0,90;96,80;0;0,30;3,50;30;3,20;3,20;
2026-06-15 05:18:00.0;OFF;ON;50;3;5,80;3,30;0,90;96,80;0;0,30;3,50;30;3,20;3,20;
2026-06-15 05:19:00.0;OFF;ON;50;2,80;5,70;3,20;0,90;96,70;0;0,40;3,50;30;3,20;3,10;
2026-06-15 05:20:00.0;OFF;ON;50;2,70;5,70;3,20;0,90;96,50;0;0,40;3,50;30;3,10;3,10;
2026-06-15 05:21:00.0;OFF;ON;50;2,70;5,60;3,10;0,90;96,40;0;0,40;3,50;30;3,10;3,10;
2026-06-15 05:22:00.0;OFF;ON;50;2,70;5,60;3,10;0,90;96,40;0;0,40;3,50;30;3,10;3;
2026-06-15 05:23:00.0;OFF;ON;50;2,70;5,60;3,10;0,90;96,30;0;0,40;3,50;30;3;3;
2026-06-15 05:24:00.0;OFF;ON;50;2,70;5,60;3,10;0,90;96,30;0;0,40;3,50;30;3;3;
2026-06-15 05:25:00.0;OFF;ON;50;2,60;5,50;3;0,90;96,30;0;0,40;3,50;30;3;2,90;
2026-06-15 05:26:00.0;OFF;ON;50;2,60;5,50;3;0,90;96,20;0;0,40;3,50;30;3;2,90;
2026-06-15 05:27:00.0;OFF;ON;50;2,60;5,50;3;0,90;96,10;0;0,40;3,50;30;2,90;2,90;
2026-06-15 05:28:00.0;OFF;ON;50;2,60;5,50;3;0,90;96,10;0;0,40;3,50;30;2,90;2,90;
2026-06-15 05:29:00.0;OFF;ON;50;2,50;5,50;3;0,90;96,10;0;0,40;3,50;30;2,90;2,80;
2026-06-15 05:30:00.0;OFF;ON;50;2,50;5,40;2,90;0,90;96,10;0;0,50;3,50;30;2,90;2,80;
2026-06-15 05:31:00.0;OFF;ON;50;2,50;5,50;3;0,90;96;0;0,40;3,50;30;2,90;2,80;
2026-06-15 05:32:00.0;OFF;ON;50;2,50;5,40;2,90;0,90;96;0;0,40;3,50;30;2,90;2,80;
2026-06-15 05:33:00.0;OFF;ON;50;2,40;5,40;2,90;0,90;96;0;0,40;3,50;30;2,80;2,80;
2026-06-15 05:34:00.0;OFF;ON;50;2,50;5,40;2,90;0,90;96;0;0,40;3,50;30;2,80;2,70;
2026-06-15 05:35:00.0;OFF;ON;50;2,30;5,30;2,80;0,90;96;0;0,50;3,50;30;2,80;2,70;
2026-06-15 05:36:00.0;OFF;ON;50;2,40;5,30;2,80;0,90;96;0;0,40;3,50;30;2,80;2,70;
2026-06-15 05:37:00.0;OFF;ON;50;2,40;5,30;2,80;0,90;96;0;0,40;3,50;30;2,80;2,70;
2026-06-15 05:38:00.0;OFF;ON;50;2,40;5,30;2,80;0,90;96;0;0,40;3,50;30;2,80;2,70;
2026-06-15 05:39:00.0;OFF;ON;50;2,40;5,30;2,80;0,90;96;0;0,40;3,50;30;2,70;2,70;
2026-06-15 05:40:00.0;OFF;ON;50;2,20;5,30;2,80;0,80;96;0;0,50;3,50;30;2,70;2,60;
2026-06-15 05:41:00.0;OFF;ON;50;2,40;5,20;2,70;0,80;96;0;0,40;3,50;30;2,70;2,60;
2026-06-15 05:42:00.0;OFF;ON;50;2,30;5,20;2,70;0,80;96;0;0,40;3,50;30;2,70;2,60;
2026-06-15 05:43:00.0;OFF;ON;50;2,40;5,20;2,70;0,80;96;0;0,40;3,50;30;2,70;2,60;
2026-06-15 05:44:00.0;OFF;ON;50;2,40;5,20;2,70;0,80;96,10;0;0,30;3,50;30;2,70;2,60;
2026-06-15 05:45:00.0;OFF;ON;50;2,30;5,20;2,70;0,80;96;0;0,40;3,50;30;2,70;2,60;
2026-06-15 05:46:00.0;OFF;ON;50;2,20;5,20;2,70;0,80;96;0;0,50;3,50;30;2,60;2,60;
2026-06-15 05:47:00.0;OFF;ON;50;2,20;5,20;2,70;0,80;96;0;0,40;3,50;30;2,60;2,50;
2026-06-15 05:48:00.0;OFF;ON;50;2,30;5,20;2,70;0,80;96,10;0;0,40;3,50;30;2,60;2,50;
2026-06-15 05:49:00.0;OFF;ON;50;2,30;5,20;2,70;0,80;96,10;0;0,30;3,50;30;2,60;2,50;
2026-06-15 05:50:00.0;OFF;ON;50;2,20;5,20;2,70;0,80;96,20;0;0,50;3,50;30;2,60;2,50;
2026-06-15 05:51:00.0;OFF;ON;50;2,20;5,20;2,70;0,80;96,20;0;0,40;3,50;30;2,60;2,50;
2026-06-15 05:52:00.0;OFF;ON;50;2,30;5,20;2,70;0,80;96,20;0;0,40;3,50;30;2,60;2,50;
2026-06-15 05:53:00.0;OFF;ON;50;2,30;5,10;2,60;0,80;96,20;0;0,40;3,50;30;2,60;2,50;
2026-06-15 05:54:00.0;OFF;ON;50;2,20;5,10;2,60;0,80;96,30;0;0,50;3,50;30;2,60;2,50;
2026-06-15 05:55:00.0;OFF;ON;50;2,20;5,20;2,70;0,80;96,40;0;0,50;3,50;30;2,60;2,50;
2026-06-15 05:56:00.0;OFF;ON;50;2,40;5,20;2,70;0,80;96,40;0;0,30;3,50;30;2,60;2,50;
2026-06-15 05:57:00.0;OFF;ON;50;2,20;5,20;2,70;0,80;96,50;0;0,40;3,50;30;2,60;2,60;
2026-06-15 05:58:00.0;OFF;ON;50;2,30;5,20;2,70;0,80;96,50;0;0,40;3,50;30;2,60;2,60;
2026-06-15 05:59:00.0;OFF;ON;50;2,20;5,10;2,60;0,70;96,40;0;0,40;3,50;30;2,60;2,60;
2026-06-15 06:00:00.0;OFF;ON;50;2,30;5,10;2,60;0,70;96,40;0;0,30;3,50;30;2,60;2,50;
2026-06-15 06:01:00.0;OFF;ON;50;2,20;5,10;2,60;0,70;96,30;0;0,40;3,50;30;2,50;2,50;
2026-06-15 06:02:00.0;OFF;ON;50;2,30;5,10;2,60;0,70;96,30;0;0,30;3,50;30;2,50;2,50;
2026-06-15 06:03:00.0;OFF;ON;50;2,20;5,10;2,60;0,70;96,30;0;0,40;3,50;30;2,50;2,50;
2026-06-15 06:04:00.0;OFF;ON;50;2,20;5,10;2,60;0,70;96,30;0;0,30;3,50;30;2,50;2,50;
2026-06-15 06:05:00.0;OFF;ON;50;2,20;5;2,50;0,70;96,30;0;0,40;3,50;30;2,50;2,50;
2026-06-15 06:06:00.0;OFF;ON;50;2,20;5;2,50;0,70;96,30;0;0,30;3,50;30;2,50;2,50;
2026-06-15 06:07:00.0;OFF;ON;50;2,30;5;2,50;0,70;96,40;0;0,30;3,50;30;2,50;2,50;
2026-06-15 06:08:00.0;OFF;ON;50;2,30;5;2,50;0,70;96,40;0;0,30;3,50;30;2,50;2,50;
2026-06-15 06:09:00.0;OFF;ON;50;2,30;5;2,50;0,70;96,40;0;0,30;3,50;30;2,50;2,50;
2026-06-15 06:10:00.0;OFF;ON;50;2,20;5;2,50;0,70;96,40;0;0,30;3,50;30;2,50;2,50;
2026-06-15 06:11:00.0;OFF;ON;50;2,30;5;2,50;0,70;96,50;0;0,30;3,50;30;2,50;2,50;
2026-06-15 06:12:00.0;OFF;ON;50;2,30;5,10;2,60;0,70;96,60;0;0,40;3,50;30;2,50;2,50;
2026-06-15 06:13:00.0;OFF;ON;50;2,30;5,20;2,70;0,70;96,70;0;0,30;3,50;30;2,50;2,50;
2026-06-15 06:14:00.0;OFF;ON;50;2,50;5,20;2,70;0,70;96,70;0;0,20;3,50;30;2,50;2,60;
2026-06-15 06:15:00.0;OFF;ON;50;2,30;5,20;2,70;0,70;96,80;0;0,30;3,50;30;2,50;2,60;
2026-06-15 06:16:00.0;OFF;ON;50;2,30;5,10;2,60;0,70;96,80;0;0,30;3,50;30;2,50;2,60;
2026-06-15 06:17:00.0;OFF;ON;50;2,30;5,10;2,60;0,70;96,80;0;0,30;3,50;30;2,50;2,60;
2026-06-15 06:18:00.0;OFF;ON;50;2,20;5,10;2,60;0,70;96,80;0;0,40;3,50;30;2,50;2,60;
2026-06-15 06:19:00.0;OFF;ON;50;2,20;5,10;2,60;0,70;96,80;0;0,40;3,50;30;2,50;2,60;
2026-06-15 06:20:00.0;OFF;ON;50;2,20;5,10;2,60;0,70;96,70;0;0,40;3,50;30;2,50;2,50;
2026-06-15 06:21:00.0;OFF;ON;50;2,20;5;2,50;0,70;96,70;0;0,30;3,50;30;2,50;2,40;
2026-06-15 06:22:00.0;OFF;ON;50;2,50;5;2,50;0,70;96,60;0;0;3,50;30;2,40;2,50;
2026-06-15 06:23:00.0;OFF;ON;50;2,60;5;2,50;0,60;96,60;0;-0,10;3,50;30;2,50;2,60;
2026-06-15 06:24:00.0;OFF;ON;50;2,70;5;2,50;0,60;96,70;0;-0,10;3,50;30;2,50;2,60;
2026-06-15 06:25:00.0;OFF;ON;50;2,40;5,10;2,60;0,60;96,80;0;0,20;3,50;30;2,60;2,70;
2026-06-15 06:26:00.0;OFF;ON;50;2,80;5,10;2,60;0,60;96,80;0;-0,20;3,50;30;2,60;2,70;
2026-06-15 06:27:00.0;OFF;ON;50;2,70;5,10;2,60;0,60;96,90;0;-0,10;3,50;30;2,60;2,80;
2026-06-15 06:28:00.0;OFF;ON;50;2,70;5,20;2,70;0,60;97;0;0;3,50;30;2,60;2,80;
2026-06-15 06:29:00.0;OFF;ON;50;2,70;5,20;2,70;0,60;97,10;0;0;3,50;30;2,70;2,90;
2026-06-15 06:30:00.0;OFF;ON;50;3;5,20;2,70;0,60;97,20;0;-0,20;3,50;30;2,70;2,90;
2026-06-15 06:31:00.0;OFF;ON;50;3;5,30;2,80;0,60;97,30;0;-0,20;3,50;30;2,70;3;
2026-06-15 06:32:00.0;OFF;ON;50;3,10;5,30;2,80;0,60;97,30;0;-0,30;3,50;30;2,70;3;
2026-06-15 06:33:00.0;OFF;ON;50;2,90;5,30;2,80;0,60;97,50;0;-0,10;3,50;30;2,80;3,10;
2026-06-15 06:34:00.0;OFF;ON;50;3,20;5,40;2,90;0,60;97,50;0;-0,30;3,50;30;2,80;3,10;
2026-06-15 06:35:00.0;OFF;ON;50;3,20;5,40;2,90;0,60;97,70;0;-0,30;3,50;30;2,80;3,10;
2026-06-15 06:36:00.0;OFF;ON;50;3,20;5,40;2,90;0,60;97,70;0;-0,30;3,50;30;2,80;3,20;
2026-06-15 06:37:00.0;OFF;ON;50;3,20;5,40;2,90;0,60;97,80;0;-0,20;3,50;30;2,80;3,20;
2026-06-15 06:38:00.0;OFF;ON;50;3,40;5,50;3;0,60;97,90;0;-0,40;3,50;30;2,90;3,20;
2026-06-15 06:39:00.0;OFF;ON;50;3,50;5,50;3;0,60;98;0;-0,40;3,50;30;2,90;3,30;
2026-06-15 06:40:00.0;OFF;ON;50;3,50;5,60;3,10;0,60;98;0;-0,40;3,50;30;2,90;3,30;
2026-06-15 06:41:00.0;OFF;ON;50;3,20;5,60;3,10;0,60;98;0;-0,10;3,50;30;3;3,40;
2026-06-15 06:42:00.0;OFF;ON;50;3,50;5,60;3,10;0,60;98;0;-0,40;3,50;30;3;3,40;
2026-06-15 06:43:00.0;OFF;ON;50;3,40;5,60;3,10;0,60;98;0;-0,30;3,50;30;3;3,40;
2026-06-15 06:44:00.0;OFF;ON;50;3,50;5,60;3,10;0,60;98,10;0;-0,40;3,50;30;3;3,40;
2026-06-15 06:45:00.0;OFF;ON;50;3,30;5,60;3,10;0,60;98,10;0;-0,20;3,50;30;3;3,40;
2026-06-15 06:46:00.0;OFF;ON;50;3,60;5,60;3,10;0,60;98,10;0;-0,40;3,50;30;3;3,40;
2026-06-15 06:47:00.0;OFF;ON;50;3,60;5,60;3,10;0,60;98,20;0;-0,40;3,50;30;3,10;3,50;
2026-06-15 06:48:00.0;OFF;ON;50;3,60;5,70;3,20;0,60;98,30;0;-0,40;3,50;30;3,10;3,50;
2026-06-15 06:49:00.0;OFF;ON;50;3,50;5,70;3,20;0,60;98,30;0;-0,30;3,50;30;3,10;3,50;
2026-06-15 06:50:00.0;OFF;ON;50;3,60;5,70;3,20;0,60;98,30;0;-0,40;3,50;30;3,10;3,50;
2026-06-15 06:51:00.0;OFF;ON;50;3,60;5,70;3,20;0,60;98,30;0;-0,40;3,50;30;3,10;3,50;
2026-06-15 06:52:00.0;OFF;ON;50;3,60;5,70;3,20;0,60;98,30;0;-0,40;3,50;30;3,10;3,60;
2026-06-15 06:53:00.0;OFF;ON;50;3,60;5,70;3,20;0,60;98,30;0;-0,30;3,50;30;3,10;3,60;
2026-06-15 06:54:00.0;OFF;ON;50;3,70;5,80;3,30;0,60;98,30;0;-0,40;3,50;30;3,10;3,60;
2026-06-15 06:55:00.0;OFF;ON;50;3,70;5,80;3,30;0,60;98,40;0;-0,40;3,50;30;3,20;3,60;
2026-06-15 06:56:00.0;OFF;ON;50;3,80;5,80;3,30;0,60;98,30;0;-0,50;3,50;30;3,20;3,70;
2026-06-15 06:57:00.0;OFF;ON;50;3,60;5,90;3,40;0,60;98,40;0;-0,20;3,50;30;3,20;3,70;
2026-06-15 06:58:00.0;OFF;ON;50;3,60;5,90;3,40;0,60;98,40;0;-0,20;3,50;30;3,20;3,70;
2026-06-15 06:59:00.0;OFF;ON;50;3,70;5,90;3,40;0,60;98,40;0;-0,20;3,50;30;3,20;3,70;
2026-06-15 07:00:00.0;OFF;ON;50;3,40;5,90;3,40;0,60;98,40;0;0;3,50;30;3,20;3,60;
2026-06-15 07:01:00.0;OFF;ON;50;3,30;5,90;3,40;0,60;98,40;0;0;3,50;30;3,20;3,60;
2026-06-15 07:02:00.0;OFF;ON;50;3,30;5,80;3,30;0,60;98,40;0;0;3,50;30;3,20;3,50;
2026-06-15 07:03:00.0;OFF;ON;50;3,30;5,80;3,30;0,60;98,30;0;0;3,50;30;3,10;3,50;
2026-06-15 07:04:00.0;OFF;ON;50;3,30;5,80;3,30;0,60;98,30;0;0;3,50;30;3,10;3,40;
2026-06-15 07:05:00.0;OFF;ON;50;3,30;5,80;3,30;0,60;98,30;0;0;3,50;30;3,10;3,40;
2026-06-15 07:06:00.0;OFF;ON;50;3,10;5,80;3,30;0,60;98,30;0;0,20;3,50;30;3,10;3,40;
2026-06-15 07:07:00.0;OFF;ON;50;2,90;5,80;3,30;0,60;98,20;0;0,30;3,50;30;3,10;3,40;
2026-06-15 07:08:00.0;OFF;ON;50;3,30;5,80;3,30;0,60;98,20;0;0;3,50;30;3,10;3,30;
2026-06-15 07:09:00.0;OFF;ON;50;3,10;5,70;3,20;0,60;98,10;0;0,10;3,50;30;3;3,20;
2026-06-15 07:10:00.0;OFF;ON;50;3,20;5,70;3,20;0,60;98;0;0;3,50;30;3;3,30;
2026-06-15 07:11:00.0;OFF;ON;50;3,10;5,70;3,20;0,60;98;0;0;3,50;30;3;3,30;
2026-06-15 07:12:00.0;OFF;ON;50;3;5,70;3,20;0,60;98;0;0,20;3,50;30;3;3,30;
2026-06-15 07:13:00.0;OFF;ON;50;2,90;5,70;3,20;0,60;98;0;0,30;3,50;30;3;3,20;
2026-06-15 07:14:00.0;OFF;ON;50;2,70;5,70;3,20;0,60;97,90;0;0,40;3,50;30;3;3,10;
2026-06-15 07:15:00.0;OFF;ON;50;2,90;5,60;3,10;0,60;97,90;0;0,20;3,50;30;2,90;3,10;
2026-06-15 07:16:00.0;OFF;ON;50;3;5,60;3,10;0,60;97,90;0;0,10;3,50;30;2,90;3,10;
2026-06-15 07:17:00.0;OFF;ON;50;3,10;5,60;3,10;0,60;97,80;0;0;3,50;30;2,90;3,10;
2026-06-15 07:18:00.0;OFF;ON;50;3,10;5,60;3,10;0,60;97,70;0;0;3,50;30;2,90;3,10;
2026-06-15 07:19:00.0;OFF;ON;50;2,80;5,60;3,10;0,60;97,70;0;0,30;3,50;30;2,90;3,20;
2026-06-15 07:20:00.0;OFF;ON;50;2,60;5,60;3,10;0,60;97,70;0;0,50;3,50;30;2,90;3,10;
2026-06-15 07:21:00.0;OFF;ON;50;2,80;5,60;3,10;0,60;97,60;0;0,20;3,50;30;2,90;3;
2026-06-15 07:22:00.0;OFF;ON;50;2,90;5,50;3;0,50;97,50;0;0,10;3,50;30;2,80;3;
2026-06-15 07:23:00.0;OFF;ON;50;2,90;5,50;3;0,70;97,40;0;0,10;3,50;30;2,80;3;
2026-06-15 07:24:00.0;OFF;ON;50;3;5,50;3;0,70;97,40;0;0;3,50;30;2,80;3;
2026-06-15 07:25:00.0;OFF;ON;50;2,70;5,50;3;0,70;97,40;0;0,20;3,50;30;2,80;3;
2026-06-15 07:26:00.0;OFF;ON;50;2,60;5,50;3;0,70;97,40;0;0,40;3,50;30;2,80;3;
2026-06-15 07:27:00.0;OFF;ON;50;2,50;5,40;2,90;0,70;97,20;0;0,40;3,50;30;2,80;2,90;
2026-06-15 07:28:00.0;OFF;ON;50;2,60;5,40;2,90;0,70;97,10;0;0,20;3,50;30;2,70;2,80;
2026-06-15 07:29:00.0;OFF;ON;50;2,60;5,40;2,90;0,70;96,90;0;0,30;3,50;30;2,70;2,80;
2026-06-15 07:30:00.0;OFF;ON;50;2,70;5,40;2,90;0,70;96,90;0;0,20;3,50;30;2,70;2,80;
2026-06-15 07:31:00.0;OFF;ON;50;2,40;5,30;2,80;0,70;96,90;0;0,40;3,50;30;2,70;2,80;
2026-06-15 07:32:00.0;OFF;ON;50;2,40;5,30;2,80;0,70;96,80;0;0,40;3,50;30;2,70;2,80;
2026-06-15 07:33:00.0;OFF;ON;50;2,20;5,20;2,70;0,70;96,80;0;0,50;3,50;30;2,60;2,70;
2026-06-15 07:34:00.0;OFF;ON;50;2,30;5,20;2,70;0,70;96,60;0;0,30;3,50;30;2,60;2,60;
2026-06-15 07:35:00.0;OFF;ON;50;2,40;5,10;2,60;0,70;96,50;0;0,20;3,50;30;2,50;2,60;
2026-06-15 07:36:00.0;OFF;ON;50;2,50;5,10;2,60;0,70;96,40;0;0,10;3,50;30;2,50;2,60;
2026-06-15 07:37:00.0;OFF;ON;50;2,40;5,10;2,60;0,70;96,40;0;0,20;3,50;30;2,50;2,60;
2026-06-15 07:38:00.0;OFF;ON;50;2,10;5,10;2,60;0,70;96,40;0;0,50;3,50;30;2,50;2,60;
2026-06-15 07:39:00.0;OFF;ON;50;2;5,10;2,60;0,70;96,40;0;0,60;3,50;30;2,50;2,50;
2026-06-15 07:40:00.0;OFF;ON;50;2,20;5,10;2,50;0,70;96,30;0;0,40;3,50;30;2,50;2,40;
2026-06-15 07:41:00.0;OFF;ON;50;2,20;5;2,50;0,70;96,20;0;0,30;3,50;30;2,40;2,40;
2026-06-15 07:42:00.0;OFF;ON;50;2,20;5;2,50;0,70;96,10;0;0,20;3,50;30;2,40;2,40;
2026-06-15 07:43:00.0;OFF;ON;50;2,30;5;2,50;0,70;96,10;0;0,20;3,50;30;2,40;2,40;
2026-06-15 07:44:00.0;OFF;ON;50;2,10;5;2,50;0,70;96,20;0;0,40;3,50;30;2,40;2,50;
2026-06-15 07:45:00.0;OFF;ON;50;1,90;5;2,50;0,70;96,20;0;0,50;3,50;30;2,40;2,40;
2026-06-15 07:46:00.0;OFF;ON;50;1,80;4,90;2,40;0,70;96,20;0;0,60;3,50;30;2,40;2,30;
2026-06-15 07:47:00.0;OFF;ON;50;1,80;4,90;2,40;0,70;96,20;0;0,60;3,50;30;2,30;2,20;
2026-06-15 07:48:00.0;OFF;ON;50;1,70;4,90;2,40;0,60;96,20;0;0,70;3,50;30;2,30;2,20;
2026-06-15 07:49:00.0;OFF;ON;50;1,80;4,90;2,40;0,60;96,10;0;0,60;3,50;30;2,20;2,10;
2026-06-15 07:50:00.0;OFF;ON;50;1,70;4,90;2,40;0,60;96,10;0;0,70;3,50;30;2,20;2,10;
2026-06-15 07:51:00.0;OFF;ON;50;1,80;4,90;2,40;0,60;96;0;0,60;3,50;30;2,20;2,10;
2026-06-15 07:52:00.0;OFF;ON;50;1,90;4,90;2,30;0,60;96;0;0,50;3,50;30;2,20;2,10;
2026-06-15 07:53:00.0;OFF;ON;50;2;4,80;2,40;0,60;96;0;0,40;3,50;30;2,20;2,10;
2026-06-15 07:54:00.0;OFF;ON;50;1,90;4,90;2,40;0,60;96;0;0,50;3,50;30;2,20;2,20;
2026-06-15 07:55:00.0;OFF;ON;50;1,80;4,90;2,40;0,60;96,20;0;0,60;3,50;30;2,20;2,20;
2026-06-15 07:56:00.0;OFF;ON;50;1,70;4,90;2,40;0,60;96,30;0;0,70;3,50;30;2,20;2,20;
2026-06-15 07:57:00.0;OFF;ON;50;1,70;4,80;2,30;0,60;96,20;0;0,60;3,50;30;2,20;2,10;
2026-06-15 07:58:00.0;OFF;ON;50;2,10;4,80;2,20;0,60;96;0;0,10;3,50;30;2,10;2,10;
2026-06-15 07:59:00.0;OFF;ON;50;2,20;4,70;2,20;0,60;95,90;0;0;3,50;30;2,10;2,20;
2026-06-15 08:00:00.0;OFF;ON;50;2,40;4,70;2,20;0,60;95,90;0;-0,10;3,50;30;2,20;2,30;
2026-06-15 08:01:00.0;OFF;ON;50;2,50;4,80;2,30;0,60;96,10;0;-0,20;3,50;30;2,20;2,40;
2026-06-15 08:02:00.0;OFF;ON;50;2,50;4,80;2,40;0,60;96,30;0;-0,10;3,50;30;2,30;2,50;
2026-06-15 08:03:00.0;OFF;ON;50;2,70;4,90;2,50;0,60;96,50;0;-0,20;3,50;30;2,40;2,60;
2026-06-15 08:04:00.0;OFF;ON;50;2,80;5;2,50;0,60;96,70;0;-0,30;3,50;30;2,40;2,70;
2026-06-15 08:05:00.0;OFF;ON;50;2,80;5;2,60;0,60;96,90;0;-0,20;3,50;30;2,50;2,80;
2026-06-15 08:06:00.0;OFF;ON;50;3;5,20;2,70;0,60;97;0;-0,30;3,50;30;2,50;2,90;
2026-06-15 08:07:00.0;OFF;ON;50;3;5,20;2,70;0,60;97,20;0;-0,30;3,50;30;2,60;2,90;
2026-06-15 08:08:00.0;OFF;ON;50;3,20;5,20;2,80;0,60;97,40;0;-0,50;3,50;30;2,60;3;
2026-06-15 08:09:00.0;OFF;ON;50;3,20;5,30;2,80;0,60;97,50;0;-0,40;3,50;30;2,70;3,10;
2026-06-15 08:10:00.0;OFF;ON;50;3,30;5,30;2,90;0,60;97,80;0;-0,40;3,50;30;2,80;3,20;
2026-06-15 08:11:00.0;OFF;ON;50;3,30;5,40;2,90;0,60;97,90;0;-0,40;3,50;30;2,80;3,30;
2026-06-15 08:12:00.0;OFF;ON;50;3,60;5,40;3;0,60;98;0;-0,60;3,50;30;2,90;3,30;
2026-06-15 08:13:00.0;OFF;ON;50;3,50;5,50;3;0,60;98;0;-0,50;3,50;30;2,90;3,40;
2026-06-15 08:14:00.0;OFF;ON;50;3,70;5,60;3,10;0,60;98,10;0;-0,60;3,50;30;3;3,50;
2026-06-15 08:15:00.0;OFF;ON;50;3,70;5,60;3,10;0,60;98,30;0;-0,60;3,50;30;3;3,50;
2026-06-15 08:16:00.0;OFF;ON;50;3,80;5,70;3,20;0,60;98,30;0;-0,60;3,50;30;3,10;3,60;
2026-06-15 08:17:00.0;OFF;ON;50;3,90;5,70;3,20;0,60;98,30;0;-0,70;3,50;30;3,10;3,70;
2026-06-15 08:18:00.0;OFF;ON;50;3,90;5,80;3,30;0,60;98,30;0;-0,60;3,50;30;3,20;3,70;
2026-06-15 08:19:00.0;OFF;ON;50;4;5,80;3,40;0,60;98,30;0;-0,60;3,50;30;3,30;3,80;
2026-06-15 08:20:00.0;OFF;ON;50;4,10;5,90;3,40;0,60;98,30;0;-0,70;3,50;30;3,30;3,90;
2026-06-15 08:21:00.0;OFF;ON;50;4,10;5,90;3,50;0,60;98,30;0;-0,70;3,50;30;3,40;4;
2026-06-15 08:22:00.0;OFF;ON;50;4,20;6;3,50;0,60;98,30;0;-0,70;3,50;30;3,40;4;
2026-06-15 08:23:00.0;OFF;ON;50;4,30;6;3,50;0,60;98,30;0;-0,70;3,50;30;3,40;4;
2026-06-15 08:24:00.0;OFF;ON;50;4,40;6,10;3,60;0,60;98,30;0;-0,80;3,50;30;3,50;4,10;
2026-06-15 08:25:00.0;OFF;ON;50;4,40;6,10;3,60;1,20;98,30;0;-0,70;3,50;30;3,50;4,10;
2026-06-15 08:26:00.0;OFF;ON;50;4,60;6,20;3,70;1,30;98,30;0;-0,80;3,50;30;3,60;4,20;
2026-06-15 08:27:00.0;OFF;ON;50;4,50;6,30;3,80;1,30;98,30;0,20;-0,70;3,50;30;3,60;4,30;
2026-06-15 08:28:00.0;OFF;ON;50;4,70;6,30;3,90;1,40;98,30;0,80;-0,80;3,50;30;3,70;4,30;
2026-06-15 08:29:00.0;OFF;ON;50;4,70;6,40;3,90;1,40;98,30;0;-0,80;3,50;30;3,70;4,40;
2026-06-15 08:30:00.0;OFF;ON;50;4,70;6,40;4;1,50;98,30;0;-0,80;3,50;30;3,80;4,50;
2026-06-15 08:31:00.0;OFF;ON;50;4,80;6,50;4;1,60;98,30;0;-0,80;3,50;30;3,90;4,50;
2026-06-15 08:32:00.0;OFF;ON;50;4,90;6,60;4,10;1,70;98,30;0;-0,80;3,50;30;3,90;4,60;
2026-06-15 08:33:00.0;OFF;ON;50;5;6,60;4,10;1,70;98,30;0;-0,80;3,50;30;3,90;4,60;
2026-06-15 08:34:00.0;OFF;ON;50;5,10;6,60;4,20;1,80;98,30;0;-0,90;3,50;30;4;4,70;
2026-06-15 08:35:00.0;OFF;ON;50;5,10;6,70;4,20;1,90;98,30;0;-0,90;3,50;30;4;4,70;
2026-06-15 08:36:00.0;OFF;ON;50;5,10;6,70;4,30;1,90;98,30;0;-0,80;3,50;30;4,10;4,80;
2026-06-15 08:37:00.0;OFF;ON;50;5,30;6,80;4,30;2;98,30;0;-0,90;3,50;30;4,10;4,80;
2026-06-15 08:38:00.0;OFF;ON;50;5,20;6,80;4,40;2;98,30;0;-0,90;3,50;30;4,20;4,90;
2026-06-15 08:39:00.0;OFF;ON;50;5,30;6,90;4,40;2;98,40;0;-0,80;3,50;30;4,20;4,90;
2026-06-15 08:40:00.0;OFF;ON;50;5,30;6,60;4,60;2,80;98,30;0;-0,70;3,50;30;4,30;5;
2026-06-15 08:41:00.0;OFF;ON;50;5,40;7,20;4,70;2,50;98,40;0;-0,70;3,50;30;4,60;5,10;
2026-06-15 08:42:00.0;OFF;ON;50;5,60;7,20;4,80;2,50;98,40;0;-0,80;3,50;30;4,60;5,20;
2026-06-15 08:43:00.0;OFF;ON;50;5,70;7,30;4,90;2,50;98,40;0;-0,80;3,50;30;4,70;5,40;
2026-06-15 08:44:00.0;OFF;ON;50;5,70;7,40;4,90;2,80;98,40;0;-0,70;3,50;30;4,70;5,40;
2026-06-15 08:45:00.0;OFF;ON;50;5,80;7,50;5;3,40;98,40;0;-0,80;3,50;30;4,80;5,50;
2026-06-15 08:46:00.0;OFF;ON;50;5,80;7,30;5,10;4,50;98,40;0;-0,70;3,50;30;4,80;5,60;
2026-06-15 08:47:00.0;OFF;ON;50;6,10;7,40;5,10;3,70;98,40;0;-1;3,50;30;4,90;5,70;
2026-06-15 08:48:00.0;OFF;ON;50;6,10;9,10;5,10;3,30;98,40;0;-0,90;3,50;30;4,90;5,80;
2026-06-15 08:49:00.0;OFF;ON;50;6,20;9,20;5,40;3,10;98,40;0;-0,90;3,50;30;5,40;6;
2026-06-15 08:50:00.0;ON;OFF;50;6,50;9,60;5,70;3,20;98,40;0;-0,80;2;30;5,90;6,30;
2026-06-15 08:51:00.0;ON;OFF;50;6,80;9,80;5,90;3,40;98,40;0;-0,80;2;30;6;6,40;
2026-06-15 08:52:00.0;ON;OFF;50;6,80;10;6,10;3,60;98,40;0;-0,70;2;30;6,10;6,60;
2026-06-15 08:53:00.0;ON;OFF;50;6,90;10,10;6,20;3,70;98,40;0;-0,70;2;30;6,10;6,70;
2026-06-15 08:54:00.0;ON;OFF;50;7,10;10,30;6,40;3,80;98,40;0;-0,70;2;30;6,40;6,90;
2026-06-15 08:55:00.0;ON;OFF;50;7,20;10,40;6,50;3,90;98,40;0;-0,70;2;30;6,70;7,10;
2026-06-15 08:56:00.0;ON;OFF;50;7,30;10,60;6,60;4;98,40;0;-0,60;2;30;6,90;7,20;
2026-06-15 08:57:00.0;ON;OFF;50;7,50;10,70;6,80;4,10;98,40;0;-0,70;2;30;7,10;7,30;
2026-06-15 08:58:00.0;ON;OFF;50;7,30;10,80;6,80;4,20;98,40;0;-0,50;2;30;7;7,40;
2026-06-15 08:59:00.0;ON;OFF;50;7,40;10,90;6,90;4,30;98,40;0;-0,50;2;30;6,90;7,40;
2026-06-15 09:00:00.0;ON;OFF;50;7,40;11;7;4,40;98,40;0;-0,40;2;30;7;7,40;
2026-06-15 09:01:00.0;ON;OFF;50;7,30;11,10;7,10;4,60;98,40;0;-0,30;2;30;6,90;7,40;
2026-06-15 09:02:00.0;ON;OFF;50;7,10;11,10;7,10;4,50;98,40;0;0;2;30;6,90;7,30;
2026-06-15 09:03:00.0;ON;OFF;50;7;11,10;7,10;4,60;98,40;0;0,10;2;30;6,90;7,20;
2026-06-15 09:04:00.0;ON;OFF;50;6,80;11,10;7,10;4,50;98,40;0;0,30;2;30;6,80;7,20;
2026-06-15 09:05:00.0;ON;OFF;50;7,30;11,10;7,10;4,50;98,40;0;-0,20;2;30;6,90;7,10;
2026-06-15 09:06:00.0;ON;OFF;50;7,20;11,10;7,10;4,50;98,40;0;-0,10;2;30;6,90;7,20;
2026-06-15 09:07:00.0;ON;OFF;50;7,40;11,10;7,10;4,60;98,40;0;-0,30;2;30;7;7,20;
2026-06-15 09:08:00.0;ON;OFF;50;7,50;11,10;7,10;4,50;98,40;0;-0,40;2;30;7;7,30;
2026-06-15 09:09:00.0;ON;OFF;50;7,30;11,20;7,20;4,60;98,40;0;-0,10;2;30;7,10;7,40;
2026-06-15 09:10:00.0;ON;OFF;50;7,40;11,30;7,30;4,70;98,40;0;-0,10;2;30;7,20;7,40;
2026-06-15 09:11:00.0;ON;OFF;50;7,40;11,30;7,30;4,70;98,40;0;0;2;30;7,20;7,40;
2026-06-15 09:12:00.0;ON;OFF;50;7,50;11,30;7,30;4,70;98,40;0;-0,20;2;30;7,20;7,40;
2026-06-15 09:13:00.0;ON;OFF;50;7,50;11,30;7,40;4,70;98,40;0;-0,10;2;30;7,20;7,50;
2026-06-15 09:14:00.0;ON;OFF;50;7,70;11,40;7,40;4,70;98,40;0;-0,30;2;30;7,30;7,50;
2026-06-15 09:15:00.0;ON;OFF;50;7,30;11,50;7,60;4,80;98,40;0;0,30;2;30;7,60;7,70;
2026-06-15 09:16:00.0;ON;OFF;50;7,40;11,50;7,50;4,80;98,40;0;0,10;2;30;7,50;7,60;
2026-06-15 09:17:00.0;ON;OFF;50;7,60;11,50;7,40;4,90;98,40;0;-0,10;2;30;7,40;7,60;
2026-06-15 09:18:00.0;ON;OFF;50;7,40;11,40;7,40;4,80;98,40;0;0,10;2;30;7,40;7,60;
2026-06-15 09:19:00.0;ON;OFF;50;7,70;11,40;7,50;4,90;98,40;0;-0,20;2;30;7,40;7,60;
2026-06-15 09:20:00.0;ON;OFF;50;7,70;11,50;7,50;4,90;98,40;0;-0,20;2;30;7,40;7,60;
2026-06-15 09:21:00.0;ON;OFF;50;7,60;11,50;7,50;5;98,40;0;-0,10;2;30;7,40;7,70;
2026-06-15 09:22:00.0;ON;OFF;50;7,60;11,50;7,50;5;98,40;0;-0,10;2;30;7,40;7,70;
2026-06-15 09:23:00.0;ON;OFF;50;7,30;11,50;7,50;5;98,50;0;0,20;2;30;7,40;7,60;
2026-06-15 09:24:00.0;ON;OFF;50;7,40;11,50;7,50;4,90;98,50;0;0,10;2;30;7,40;7,50;
2026-06-15 09:25:00.0;ON;OFF;50;7,20;11,50;7,40;4,90;98,50;0;0,20;2;30;7,30;7,50;
2026-06-15 09:26:00.0;ON;OFF;50;7;11,40;7,40;4,80;98,50;0;0,40;2;30;7,20;7,40;
2026-06-15 09:27:00.0;ON;OFF;50;7;11,40;7,40;4,80;98,50;0;0,30;2;30;7,20;7,30;
2026-06-15 09:28:00.0;ON;OFF;50;6,90;11,30;7,30;4,80;98,50;0;0,40;2;30;7,20;7,20;
2026-06-15 09:29:00.0;ON;OFF;50;7;11,30;7,20;4,80;98,50;0;0,30;2;30;7,10;7,20;
2026-06-15 09:30:00.0;ON;OFF;50;6,90;11,20;7,20;4,70;98,50;0;0,30;2;30;7,10;7,20;
2026-06-15 09:31:00.0;ON;OFF;50;7;11,20;7,20;4,80;98,50;0;0,20;2;30;7,10;7,10;
2026-06-15 09:32:00.0;ON;OFF;50;7;11,20;7,20;4,70;98,50;0;0,20;2;30;7,10;7,20;
2026-06-15 09:33:00.0;ON;OFF;50;6,80;11,20;7,20;4,70;98,50;0;0,40;2;30;7,10;7,20;
2026-06-15 09:34:00.0;ON;OFF;50;6,80;11,20;7,20;4,70;98,50;0;0,40;2;30;7,10;7,10;
2026-06-15 09:35:00.0;ON;OFF;50;6,80;11,20;7,20;4,60;98,50;0;0,30;2;30;7;7,10;
2026-06-15 09:36:00.0;ON;OFF;50;6,70;11,10;7,10;4,70;98,50;0;0,40;2;30;7;7,10;
2026-06-15 09:37:00.0;ON;OFF;50;6,30;11,10;7,10;4,70;98,50;0;0,80;2;30;7;7;
2026-06-15 09:38:00.0;ON;OFF;50;6,40;11,10;7,10;4,60;98,50;0;0,70;2;30;7;6,90;
2026-06-15 09:39:00.0;ON;OFF;50;6,50;11,10;7;4,40;98,50;0;0,50;2;30;6,90;6,80;
2026-06-15 09:40:00.0;ON;OFF;50;6,60;11;7,10;4,50;98,50;0;0,40;2;30;7;6,90;
2026-06-15 09:41:00.0;ON;OFF;50;7,20;11,10;7,10;4,50;98,50;0;-0,10;2;30;7,10;7;
2026-06-15 09:42:00.0;ON;OFF;50;7,20;11,10;7,20;4,50;98,50;0;-0,10;2;30;7,20;7,20;
2026-06-15 09:43:00.0;ON;OFF;50;7,20;11,30;7,30;4,50;98,50;0;0,10;2;30;7,30;7,40;
2026-06-15 09:44:00.0;ON;OFF;50;7,10;11,30;7,40;4,60;98,50;0;0,30;2;30;7,40;7,40;
2026-06-15 09:45:00.0;ON;OFF;50;7,10;11,40;7,40;4,60;98,50;0;0,30;2;30;7,40;7,40;
2026-06-15 09:46:00.0;ON;OFF;50;7;11,40;7,40;4,60;98,50;0;0,40;2;30;7,40;7,40;
2026-06-15 09:47:00.0;ON;OFF;50;7,40;11,40;7,40;4,70;98,50;0;0;2;30;7,40;7,40;
2026-06-15 09:48:00.0;ON;OFF;50;7,60;11,40;7,50;4,70;98,50;0;-0,10;2;30;7,60;7,60;
2026-06-15 09:49:00.0;ON;OFF;50;7,80;11,50;7,60;4,70;98,50;0;-0,20;2;30;7,60;7,60;
2026-06-15 09:50:00.0;ON;OFF;50;7,80;11,60;7,60;4,80;98,50;0,10;-0,20;2;30;7,60;7,70;
2026-06-15 09:51:00.0;ON;OFF;50;7,90;11,70;7,70;4,80;98,50;0;-0,10;2;30;7,80;7,90;
2026-06-15 09:52:00.0;ON;OFF;50;7,90;11,80;7,90;5;98,50;0,50;0;2;30;7,90;8;
2026-06-15 09:53:00.0;ON;OFF;50;7,70;11,90;8;5,30;98,50;0;0,30;2;30;8;8;
2026-06-15 09:54:00.0;ON;OFF;50;8,10;11,90;8,10;5,60;98,50;0;0;2;30;8;8;
2026-06-15 09:55:00.0;ON;OFF;50;8,10;11,90;8,20;5,80;98,50;0;0,10;2;30;8,10;8,10;
2026-06-15 09:56:00.0;ON;OFF;50;8,20;11,80;8,30;6,10;98,50;0;0,10;2;30;8,10;8,20;
2026-06-15 09:57:00.0;ON;OFF;50;8,60;11,70;8,40;6,40;98,50;2,20;-0,20;2;30;8,20;8,30;
2026-06-15 09:58:00.0;ON;OFF;50;8,70;11,50;8,50;6,40;98,50;94,40;-0,20;2;30;8,30;8,40;
2026-06-15 09:59:00.0;ON;OFF;50;8,80;11,50;8,60;6,60;98,50;94,40;-0,20;2;30;8,40;8,60;
2026-06-15 10:00:00.0;ON;OFF;50;8,60;6,70;8,70;6,50;98,50;94,40;0,10;2;42,90;8,50;8,70;
2026-06-15 10:01:00.0;ON;OFF;50;8,40;6,80;8,80;36,70;98,50;94,40;0,40;2;44,60;8,60;8,60;
2026-06-15 10:02:00.0;ON;OFF;50;8,40;6,80;8,80;42,70;98,50;94,40;0,40;2;45,60;8,60;8,60;
2026-06-15 10:03:00.0;ON;OFF;50;8,40;6,80;8,80;43,40;98,50;94,40;0,40;2;48,90;8,70;8,60;
2026-06-15 10:04:00.0;ON;OFF;50;7,90;6,80;8,80;43,70;98,50;94,40;0,90;2;50,70;8,80;8,60;
2026-06-15 10:05:00.0;ON;OFF;50;7,30;6,80;8,80;43,90;98,50;94,40;1,50;2;50;8,80;8,50;
2026-06-15 10:06:00.0;ON;OFF;50;6,90;6,80;8,80;44,10;98,50;94,30;1,90;2;48,20;8,70;8,20;
2026-06-15 10:07:00.0;ON;OFF;50;6,70;6,80;8,70;44,10;98,50;94,30;2;2;46,90;8,50;7,90;
2026-06-15 10:08:00.0;ON;OFF;50;6,50;6,60;8,50;44,20;98,50;94,30;2;2;46,40;8,40;7,70;
2026-06-15 10:09:00.0;ON;OFF;50;6,40;6,50;8,50;44,20;98,50;94,30;2;2;45,80;8,30;7,60;
2026-06-15 10:10:00.0;ON;OFF;50;6,70;6,40;8,40;44,30;98,50;94,30;1,70;2;45,60;8,20;7,50;
2026-06-15 10:11:00.0;ON;OFF;50;6,50;6,40;8,40;44,30;98,50;94,30;1,80;2;48,20;8,20;7,50;
2026-06-15 10:12:00.0;ON;OFF;50;6,30;6,40;8,50;44,30;98,50;94,30;2,10;2;47,70;8,40;7,50;
2026-06-15 10:13:00.0;ON;OFF;50;6,90;6,40;8,40;44,40;98,50;94,30;1,60;2;45,90;8,20;7,40;
2026-06-15 10:14:00.0;ON;OFF;50;6,70;6,40;8,40;44,40;98,50;94,30;1,70;2;49,20;8,20;7,50;
2026-06-15 10:15:00.0;ON;OFF;50;7,10;6,50;8,50;44,40;98,50;94,20;1,40;2;49,10;8,30;7,60;
2026-06-15 10:16:00.0;ON;OFF;50;7,10;6,60;8,60;44,40;98,50;94,20;1,50;2;51,70;8,40;7,80;
2026-06-15 10:17:00.0;ON;OFF;50;7;6,70;8,70;44,40;98,50;94,20;1,70;2;51,70;8,50;7,90;
2026-06-15 10:18:00.0;ON;OFF;50;7;6,80;8,80;44,50;98,50;94,20;1,80;2;51,30;8,40;7,80;
2026-06-15 10:19:00.0;ON;OFF;50;6,80;6,80;8,80;44,50;98,50;94,20;2;2;51,40;8,40;7,80;
2026-06-15 10:20:00.0;ON;OFF;50;6,60;6,80;8,80;44,50;98,50;94,20;2,20;2;49,90;8,40;7,70;
2026-06-15 10:21:00.0;ON;OFF;50;6,30;6,80;8,80;44,50;98,50;94,20;2,60;2;48,90;8,40;7,60;
2026-06-15 10:22:00.0;ON;OFF;50;6;6,80;8,80;44,50;98,50;94,20;2,80;2;43,60;8,30;7,40;
2026-06-15 10:23:00.0;ON;OFF;50;6,10;6,80;8,80;44,50;98,50;94,10;2,70;2;42,90;8,30;7,30;
2026-06-15 10:24:00.0;ON;OFF;50;6,10;6,80;8,80;44,50;98,50;94,10;2,70;2;41,90;8,20;7,20;
2026-06-15 10:25:00.0;ON;OFF;50;6,10;6,80;8,80;44,50;98,50;94,10;2,70;2;40,40;8,30;7,20;
2026-06-15 10:26:00.0;ON;OFF;50;6,60;6,80;8,80;44,60;98,50;94,10;2,20;2;42,30;8,20;7,20;
2026-06-15 10:27:00.0;ON;OFF;50;7,20;6,80;8,90;44,60;98,50;94,10;1,70;2;44,80;8,30;7,30;
2026-06-15 10:28:00.0;ON;OFF;50;7,20;6,90;9;44,60;98,50;94,10;1,80;2;44,70;8,40;7,70;
2026-06-15 10:29:00.0;ON;OFF;50;7,70;7,10;9,20;44,60;98,50;94,10;1,50;2;47;8,50;7,90;
2026-06-15 10:30:00.0;ON;OFF;50;7,70;7,30;9,40;44,60;98,50;94,10;1,70;2;46,60;8,60;8,10;
2026-06-15 10:31:00.0;ON;OFF;50;8;7,50;9,70;44,60;98,50;94,10;1,70;2;47,30;8,80;8,30;
2026-06-15 10:32:00.0;ON;OFF;50;8,10;7,80;9,80;44,60;98,50;94,10;1,70;2;47,90;8,80;8,50;
2026-06-15 10:33:00.0;ON;OFF;50;8,20;7,80;9,90;44,60;98,50;94,10;1,70;2;48,10;9;8,60;
2026-06-15 10:34:00.0;ON;OFF;50;7,90;8;10,10;44,60;98,50;94;2,20;2;46,10;9,10;8,70;
2026-06-15 10:35:00.0;ON;OFF;50;7,80;8,10;10,10;44,60;98,50;94;2,30;2;45,50;9,20;8,70;
2026-06-15 10:36:00.0;ON;OFF;50;8,50;8,20;10,20;44,60;98,50;94;1,70;2;49,20;9,30;8,70;
2026-06-15 10:37:00.0;ON;OFF;50;8,60;8,20;10,40;44,60;98,50;94;1,80;2;49;9,40;8,90;
2026-06-15 10:38:00.0;ON;OFF;50;8,70;8,50;10,60;44,60;98,50;94;1,90;2;48,90;9,50;9,10;
2026-06-15 10:39:00.0;ON;OFF;50;8,80;8,70;10,70;44,60;98,50;94;2;2;48,60;9,60;9,20;
2026-06-15 10:40:00.0;ON;OFF;50;8,60;8,70;10,80;44,60;98,50;94;2,10;2;47,50;9,60;9,30;
2026-06-15 10:41:00.0;ON;OFF;50;9;8,90;10,90;44,60;98,50;93,90;1,90;2;48,90;9,70;9,30;
2026-06-15 10:42:00.0;ON;OFF;50;8,80;9,10;11,10;44,60;98,50;93,90;2,30;2;46,40;9,80;9,40;
2026-06-15 10:43:00.0;ON;OFF;50;8,90;9,10;11,10;44,50;98,50;93,90;2,20;2;46,40;9,80;9,40;
2026-06-15 10:44:00.0;ON;OFF;50;8,80;9,10;11,20;44,50;98,50;93,90;2,50;2;44,30;9,80;9,40;
2026-06-15 10:45:00.0;ON;OFF;50;8,60;9,30;11,30;44,50;98,50;93,90;2,70;2;42,10;9,90;9,30;
2026-06-15 10:46:00.0;ON;OFF;50;8,50;9,30;11,30;44,50;98,50;93,90;2,80;2;39,80;10;9,30;
2026-06-15 10:47:00.0;ON;OFF;50;8,80;9,30;11,40;44,50;98,50;93,90;2,60;2;39,90;9,90;9,30;
2026-06-15 10:48:00.0;ON;OFF;50;9,10;9,40;11,50;44,50;98,50;93,90;2,40;2;39,80;10,10;9,40;
2026-06-15 10:49:00.0;ON;OFF;50;9,10;9,50;11,50;44,50;98,50;93,90;2,40;2;39;10,20;9,50;
2026-06-15 10:50:00.0;ON;OFF;50;9,20;9,60;11,80;44,40;98,50;93,90;2,60;2;37,20;10,40;9,70;
2026-06-15 10:51:00.0;ON;OFF;50;9,90;9,90;11,90;44,40;98,50;93,90;2;2;39,60;10,40;9,80;
2026-06-15 10:52:00.0;ON;OFF;50;9,70;9,90;12;44,40;98,50;93,90;2,30;2;38,30;10,60;10,10;
2026-06-15 10:53:00.0;ON;OFF;50;10,50;10,10;12,20;44,40;98,50;93,90;1,70;2;41,50;10,80;10,30;
2026-06-15 10:54:00.0;ON;OFF;50;10,80;10,30;12,40;44,40;98,50;93,90;1,50;2;43,40;11,10;10,70;
2026-06-15 10:55:00.0;ON;OFF;50;11;10,40;12,50;44,40;98,50;93,90;1,50;2;44,30;11,30;11;
2026-06-15 10:56:00.0;ON;OFF;50;11,10;10,70;12,80;44,30;98,50;93,90;1,70;2;44;11,60;11,30;
2026-06-15 10:57:00.0;ON;OFF;50;11,10;10,90;12,90;44,30;98,50;93,90;1,80;2;44;11,80;11,50;
2026-06-15 10:58:00.0;ON;OFF;50;11,40;11;13,10;44,30;98,50;93,90;1,60;2;45,50;11,90;11,60;
2026-06-15 10:59:00.0;ON;OFF;50;11,60;11,10;13,20;44,20;98,60;93,90;1,50;2;45,80;12,10;11,70;
2026-06-15 11:00:00.0;ON;OFF;50;11,80;11,20;13,20;44,20;98,60;93,90;1,50;2;47,30;12,20;11,80;
2026-06-15 11:01:00.0;ON;OFF;50;11,60;11,30;13,30;44,20;98,60;93,80;1,80;2;46,60;12,30;12;
2026-06-15 11:02:00.0;ON;OFF;50;11,80;11,50;13,60;44,20;98,60;93,80;1,80;2;47,20;12,70;12,20;
2026-06-15 11:03:00.0;ON;OFF;50;11,60;11,60;13,60;44,10;98,60;93,80;2;2;46,60;12,70;12,20;
2026-06-15 11:04:00.0;ON;OFF;50;11,30;11,60;13,60;44,10;98,60;93,80;2,30;2;44,20;12,80;12,20;
2026-06-15 11:05:00.0;ON;OFF;50;11,30;11,70;13,70;44,10;98,60;93,80;2,40;2;42,90;12,90;12,10;
2026-06-15 11:06:00.0;ON;OFF;50;10,90;11,70;13,70;44;98,60;93,80;2,80;2;39,50;12,90;12;
2026-06-15 11:07:00.0;ON;OFF;50;11;11,70;13,60;44;98,60;93,90;2,70;2;39,10;12,90;11,90;
2026-06-15 11:08:00.0;ON;OFF;50;10,80;11,60;13,60;44;98,60;93,90;2,80;2;36,90;13;11,90;
2026-06-15 11:09:00.0;ON;OFF;50;11;11,60;13,60;43,90;98,60;93,90;2,60;2;36,60;13;11,90;
2026-06-15 11:10:00.0;ON;OFF;50;11,20;11,70;13,70;43,90;98,60;93,90;2,60;2;36,10;13,20;11,90;
2026-06-15 11:11:00.0;ON;OFF;50;11,10;11,80;13,80;43,80;98,60;93,90;2,70;2;34,30;13,20;12;
2026-06-15 11:12:00.0;ON;OFF;50;11,60;11,80;13,90;43,80;98,60;93,90;2,30;2;35,90;13,20;12,10;
2026-06-15 11:13:00.0;ON;OFF;50;12,10;11,90;13,90;43,70;98,60;93,90;1,80;2;38,30;13,40;12,30;
2026-06-15 11:14:00.0;ON;OFF;50;12,30;12;14,10;43,60;98,60;93,90;1,80;2;38,80;13,50;12,60;
2026-06-15 11:15:00.0;ON;OFF;50;12,60;12,10;14,20;43,50;98,60;93,60;1,50;2;40,60;13,60;12,80;
2026-06-15 11:16:00.0;ON;OFF;50;12,70;12,20;14,30;43,50;98,60;93,60;1,60;2;40,80;13,70;13;
2026-06-15 11:17:00.0;ON;OFF;50;12,80;12,40;14,40;43,40;98,60;93,60;1,60;2;41,30;14;13,20;
2026-06-15 11:18:00.0;ON;OFF;50;12,90;12,50;14,50;43,30;98,60;93,60;1,60;2;42,20;14;13,30;
2026-06-15 11:19:00.0;ON;OFF;50;13;12,60;14,60;43,30;98,60;93,60;1,60;2;42,50;14,20;13,40;
2026-06-15 11:20:00.0;ON;OFF;50;13;12,70;14,70;43,20;98,60;93,60;1,80;2;42,10;14,30;13,50;
2026-06-15 11:21:00.0;ON;OFF;50;12,90;12,80;14,90;43,20;98,60;93,70;2;2;41,10;14,40;13,50;
2026-06-15 11:22:00.0;ON;OFF;50;12,80;12,90;14,80;43,10;98,60;93,70;2,10;2;40,50;14,50;13,60;
2026-06-15 11:23:00.0;ON;OFF;50;12,80;13;14,90;43;98,60;93,70;2,10;2;40,10;14,50;13,60;
2026-06-15 11:24:00.0;ON;OFF;50;12,70;12,90;15;43;98,60;93,70;2,20;2;39,40;14,50;13,60;
2026-06-15 11:25:00.0;ON;OFF;50;12,90;13;15;42,90;98,60;93,70;2,10;2;39,60;14,60;13,60;
2026-06-15 11:26:00.0;ON;OFF;50;12,80;13;15;42,90;98,60;93,70;2,20;2;38,70;14,60;13,60;
2026-06-15 11:27:00.0;ON;OFF;50;12,70;13;15;42,80;98,60;93,70;2,30;2;37,50;14,60;13,50;
2026-06-15 11:28:00.0;ON;OFF;50;12,50;13,10;15;42,80;98,60;93,70;2,60;2;35,30;14,60;13,50;
2026-06-15 11:29:00.0;ON;OFF;50;12,70;13,10;15;42,70;98,60;93,70;2,30;2;36;14,60;13,50;
2026-06-15 11:30:00.0;ON;OFF;50;13;13;15;42,60;98,60;93,70;2,30;2;35,60;14,60;13,50;
2026-06-15 11:31:00.0;ON;OFF;50;13,40;13,10;15,10;42,60;98,60;93,70;1,70;2;39,40;14,70;13,70;
2026-06-15 11:32:00.0;ON;OFF;50;13,60;13,20;15,20;42,50;98,60;93,70;1,60;2;40,20;14,80;13,90;
2026-06-15 11:33:00.0;ON;OFF;50;13,60;13,30;15,40;42,40;98,60;93,70;1,70;2;39,90;15;14,10;
2026-06-15 11:34:00.0;ON;OFF;50;14,20;13,40;15,40;42,30;98,60;93,70;1,20;2;43,50;15,10;14,20;
2026-06-15 11:35:00.0;ON;OFF;50;14,30;13,60;15,60;42,30;98,60;93,50;1,30;2;44,30;15,30;14,50;
2026-06-15 11:36:00.0;ON;OFF;50;14,40;13,70;15,80;42,20;98,60;93,50;1,30;2;45;15,50;14,60;
2026-06-15 11:37:00.0;ON;OFF;50;14,40;13,80;15,90;42,10;98,60;93,60;1,60;2;44,70;15,70;14,80;
2026-06-15 11:38:00.0;ON;OFF;50;14,60;13,90;16;42,10;98,70;93,60;1,40;2;46,10;15,60;14,80;
2026-06-15 11:39:00.0;ON;OFF;50;14,40;14;16;42;98,70;93,60;1,60;2;45,90;15,60;14,90;
2026-06-15 11:40:00.0;ON;OFF;50;14,40;14,10;16,10;41,90;98,70;93,60;1,60;2;46;15,70;14,90;
2026-06-15 11:41:00.0;ON;OFF;50;14,10;14,10;16,20;41,80;98,70;93,60;2;2;44,10;15,70;14,90;
2026-06-15 11:42:00.0;ON;OFF;50;13,90;14,20;16,20;41,80;98,70;93,60;2,30;2;42,60;15,80;14,80;
2026-06-15 11:43:00.0;ON;OFF;50;13,60;14,20;16,20;41,70;98,70;93,60;2,60;2;40,50;15,70;14,70;
2026-06-15 11:44:00.0;ON;OFF;50;13,40;14,10;16,10;41,60;98,70;93,60;2,70;2;39,10;15,60;14,50;
2026-06-15 11:45:00.0;ON;OFF;50;13,40;14,10;16;41,60;98,70;93,60;2,70;2;38;15,50;14,40;
2026-06-15 11:46:00.0;ON;OFF;50;13,50;14;16;41,50;98,70;93,60;2,50;2;37,70;15,50;14,30;
2026-06-15 11:47:00.0;ON;OFF;50;13,40;14;16;41,40;98,70;93,60;2,50;2;36,80;15,50;14,30;
2026-06-15 11:48:00.0;ON;OFF;50;13,50;13,90;16;41,40;98,70;93,60;2,50;2;35,80;15,50;14,20;
2026-06-15 11:49:00.0;ON;OFF;50;13,40;14;16;41,30;98,70;93,60;2,60;2;34,20;15,60;14,30;
2026-06-15 11:50:00.0;ON;OFF;50;13,50;14;16;41,20;98,70;93,60;2,50;2;34,20;15,60;14,30;
2026-06-15 11:51:00.0;ON;OFF;50;13,80;14;16;41,10;98,70;93,70;2,20;2;35,10;15,70;14,40;
2026-06-15 11:52:00.0;ON;OFF;50;14,10;14;16,10;41,10;98,70;93,60;1,90;2;36,50;15,80;14,50;
2026-06-15 11:53:00.0;ON;OFF;50;14,30;14,10;16,20;41;98,70;93,70;1,90;2;37,20;16;14,80;
2026-06-15 11:54:00.0;ON;OFF;50;14,60;14,30;16,30;41;98,70;93,70;1,70;2;38,40;16,10;14,90;
2026-06-15 11:55:00.0;ON;OFF;50;14,60;14,40;16,40;40,90;98,70;93,70;1,80;2;38;16,20;15,10;
2026-06-15 11:56:00.0;ON;OFF;50;15,10;14,60;16,60;40,80;98,70;93,70;1,50;2;39,70;16,40;15,20;
2026-06-15 11:57:00.0;ON;OFF;50;15;14,60;16,70;40,70;98,70;93,60;1,60;2;40,10;16,50;15,40;
2026-06-15 11:58:00.0;ON;OFF;50;15,30;14,80;16,80;40,60;98,70;93,60;1,50;2;41,80;16,70;15,70;
2026-06-15 11:59:00.0;ON;OFF;50;15,20;14,90;17;40,50;98,60;93,70;1,80;2;40,60;16,90;15,90;
2026-06-15 12:00:00.0;ON;OFF;50;15,20;15;17;40,50;98,60;93,60;1,80;2;40,80;17;16;
2026-06-15 12:01:00.0;ON;OFF;50;15,60;15;17,10;40,40;98,60;93,60;1,50;2;44,50;17;16,20;
2026-06-15 12:02:00.0;ON;OFF;50;15,80;15;17,20;40,30;98,70;93,60;1,40;2;46,80;17,10;16,30;
2026-06-15 12:03:00.0;ON;OFF;50;15,60;15;17,40;40,20;98,70;93,60;1,80;2;46,90;17,30;16,40;
2026-06-15 12:04:00.0;ON;OFF;50;15,40;15;17,40;40,10;98,70;93,60;2;2;46,40;17,30;16,30;
2026-06-15 12:05:00.0;ON;OFF;50;15,20;15;17,40;40,10;98,70;93,60;2,20;2;46;17,30;16,30;
2026-06-15 12:06:00.0;ON;OFF;50;15,30;15;17,40;40;98,70;93,60;2,10;2;47;17,30;16,30;
2026-06-15 12:07:00.0;ON;OFF;50;14,70;15;17,40;39,90;98,70;93,60;2,70;2;43,40;17,40;16,10;
2026-06-15 12:08:00.0;ON;OFF;50;14,50;15;17,40;39,90;98,70;93,60;2,90;2;41,50;17,30;15,80;
2026-06-15 12:09:00.0;ON;OFF;50;14,40;15;17,30;39,80;98,70;93,60;2,90;2;40,20;17,20;15,70;
2026-06-15 12:10:00.0;ON;OFF;50;14,30;15;17,30;39,70;98,70;93,60;3;2;38,50;17,20;15,60;
2026-06-15 12:11:00.0;ON;OFF;50;14,40;15;17,30;39,70;98,70;93,70;2,80;2;38,20;17,20;15,50;
2026-06-15 12:12:00.0;ON;OFF;50;14,30;15;17,20;39,60;98,70;93,70;2,90;2;36,20;17,10;15,40;
2026-06-15 12:13:00.0;ON;OFF;50;14,30;15;17,20;39,50;98,70;93,70;2,90;2;35,30;17,10;15,40;
2026-06-15 12:14:00.0;ON;OFF;50;14,40;15;17,20;39,50;98,70;93,70;2,90;2;34,80;17,20;15,50;
2026-06-15 12:15:00.0;ON;OFF;50;14,60;15;17,20;39,40;98,70;93,70;2,60;2;35,20;17,20;15,50;
2026-06-15 12:16:00.0;ON;OFF;50;14,50;15;17,20;39,40;98,70;93,70;2,70;2;34;17,20;15,60;
2026-06-15 12:17:00.0;ON;OFF;50;14,50;15;17,20;39,30;98,70;93,60;2,70;2;33,30;17,20;15,60;
2026-06-15 12:18:00.0;ON;OFF;50;14,60;15;17,30;39,20;98,70;93,60;2,70;2;33,40;17,30;15,60;
2026-06-15 12:19:00.0;ON;OFF;50;14,80;15;17,30;39,20;98,70;93,60;2,50;2;33,70;17,30;15,70;
2026-06-15 12:20:00.0;ON;OFF;50;14,70;15;17,40;39,10;98,70;93,60;2,70;2;32,80;17,30;15,70;
2026-06-15 12:21:00.0;ON;OFF;50;15;15;17,40;39;98,70;93,60;2,40;2;34,70;17,40;15,80;
2026-06-15 12:22:00.0;ON;OFF;50;15,60;15;17,50;38,90;98,70;93,60;1,90;2;38,40;17,60;16,20;
2026-06-15 12:23:00.0;ON;OFF;50;15,60;15;17,60;38,90;98,70;93,60;1,90;2;39,50;17,60;16,30;
2026-06-15 12:24:00.0;ON;OFF;50;15,80;15;17,60;38,80;98,70;93,60;1,90;2;41,10;17,60;16,50;
2026-06-15 12:25:00.0;ON;OFF;50;15,70;15;17,80;38,80;98,70;93,60;2,10;2;42,50;17,70;16,60;
2026-06-15 12:26:00.0;ON;OFF;50;15,60;15;17,90;38,70;98,70;93,60;2,20;2;43,30;17,80;16,60;
2026-06-15 12:27:00.0;ON;OFF;50;15,50;15;17,90;38,60;98,70;93,60;2,40;2;43,50;17,80;16,60;
2026-06-15 12:28:00.0;ON;OFF;50;15,90;15;17,90;38,50;98,70;93,60;2;2;47,30;17,90;16,60;
2026-06-15 12:29:00.0;ON;OFF;50;15,70;15;18;38,50;98,70;93,60;2,20;2;46,90;18;16,70;
2026-06-15 12:30:00.0;ON;OFF;50;15,40;15;18;38,40;98,70;93,70;2,60;2;46,20;18;16,70;
2026-06-15 12:31:00.0;ON;OFF;50;15,50;15;18;38,40;98,70;93,70;2,50;2;47,80;17,90;16,60;
2026-06-15 12:32:00.0;ON;OFF;50;15,30;15;18;38,30;98,70;93,40;2,60;2;47,50;17,90;16,50;
2026-06-15 12:33:00.0;ON;OFF;50;15,30;15;18;38,30;98,70;93,40;2,70;2;47,50;17,90;16,40;
2026-06-15 12:34:00.0;ON;OFF;50;15;15;17,90;38,20;98,70;93,40;2,90;2;45,70;17,90;16,40;
2026-06-15 12:35:00.0;ON;OFF;50;14,60;15;17,80;38,20;98,70;93,40;3,20;2;43,60;17,80;16,20;
2026-06-15 12:36:00.0;ON;OFF;50;12,50;10,70;17,90;38,10;98,70;93,40;5,40;2;57,50;17,80;16,70;
2026-06-15 12:37:00.0;ON;OFF;50;12,80;10,90;17,80;38;98,70;93,40;5;2;62,80;17,70;16,40;
2026-06-15 12:38:00.0;OFF;ON;100;12,40;10,70;17,70;38;98,70;93,50;5,30;7;63,90;17,60;16,30;
2026-06-15 12:39:00.0;OFF;ON;100;11,90;10,60;17,50;37,90;98,70;93,50;5,60;7;65,10;17,50;16,20;
2026-06-15 12:40:00.0;OFF;ON;100;11,40;10,40;17,40;37,80;98,70;93,40;6;7;65;17,30;15,90;
2026-06-15 12:41:00.0;OFF;ON;100;11,10;10,30;17,20;37,80;98,70;93,40;6,10;7;66,10;17,10;15,80;
2026-06-15 12:42:00.0;OFF;ON;100;11;10,20;17,10;37,70;98,70;93,40;6,10;7;67,10;17;15,50;
2026-06-15 12:43:00.0;OFF;ON;100;10,60;10;16,90;37,70;98,70;93,40;6,30;7;67,20;16,80;15,30;
2026-06-15 12:44:00.0;OFF;ON;100;10,50;9,90;16,80;37,60;98,70;93,40;6,30;7;68,30;16,70;15,20;
2026-06-15 12:45:00.0;OFF;ON;100;10,20;9,70;16,60;37,50;98,70;93,50;6,40;7;68,70;16,40;14,90;
2026-06-15 12:46:00.0;OFF;ON;100;10;9,50;16,50;37,50;98,70;93,50;6,50;7;69,40;16,20;14,70;
2026-06-15 12:47:00.0;OFF;ON;100;9,80;9,40;16,30;37,40;98,70;93,50;6,50;7;69,80;16;14,50;
2026-06-15 12:48:00.0;OFF;ON;100;9,60;9,30;16,20;37,40;98,70;93,50;6,60;7;70,10;15,90;14,40;
2026-06-15 12:49:00.0;OFF;ON;100;9,50;9,10;16,10;37,30;98,70;93,50;6,60;7;71;15,70;14,20;
2026-06-15 12:50:00.0;OFF;ON;100;9,20;9;15,90;37,20;98,70;93,50;6,70;7;70,60;15,60;14,10;
2026-06-15 12:51:00.0;OFF;ON;100;9,20;8,90;15,80;37,20;98,70;93,50;6,60;7;71,90;15,40;14;
2026-06-15 12:52:00.0;OFF;ON;100;9;8,70;15,70;37,10;98,70;93,50;6,70;7;72;15,30;13,90;
2026-06-15 12:53:00.0;OFF;ON;100;8,70;8,60;15,50;37,10;98,70;93,50;6,90;7;71,40;15,20;13,70;
2026-06-15 12:54:00.0;OFF;ON;100;8,70;8,50;15,40;37;98,70;93,50;6,80;7;72,20;15;13,60;
2026-06-15 12:55:00.0;OFF;ON;100;8,50;8,40;15,30;36,90;98,70;93,50;6,80;7;72,30;14,90;13,50;
2026-06-15 12:56:00.0;OFF;ON;100;8,30;8,30;15,20;36,90;98,70;93,50;6,90;7;72,40;14,80;13,40;
2026-06-15 12:57:00.0;OFF;ON;100;8,30;8,10;15,10;36,80;98,70;93,50;6,80;7;73,20;14,80;13,30;
2026-06-15 12:58:00.0;OFF;ON;100;8,20;8;15;36,70;98,70;93,50;6,70;7;73,80;14,60;13,20;
2026-06-15 12:59:00.0;OFF;ON;100;8;7,90;14,90;36,70;98,70;93,50;6,90;7;73,10;14,60;13,10;
2026-06-15 13:00:00.0;OFF;ON;100;7,90;7,80;14,80;36,60;98,70;93,50;6,90;7;73,60;14,40;13;
2026-06-15 13:01:00.0;OFF;ON;100;7,90;7,70;14,70;36,50;98,70;93,50;6,80;7;74,30;14,40;12,90;
2026-06-15 13:02:00.0;OFF;ON;100;7,60;7,60;14,60;36,50;98,70;93,50;7;7;73,70;14,30;12,80;
2026-06-15 13:03:00.0;OFF;ON;100;7,70;7,60;14,50;36,40;98,70;93,50;6,80;7;74,40;14,20;12,70;
2026-06-15 13:04:00.0;OFF;ON;100;7,50;7,50;14,40;36,40;98,70;93,50;7;7;73,90;14,10;12,60;
2026-06-15 13:05:00.0;OFF;ON;100;7,30;7,40;14,30;36,30;98,70;93,50;7;7;74,10;14;12,50;
2026-06-15 13:06:00.0;OFF;ON;100;7,30;7,30;14,30;36,20;98,70;93,50;7;7;74,20;13,90;12,40;
2026-06-15 13:07:00.0;OFF;ON;100;7,30;7,20;14,20;36,20;98,70;93,60;6,90;7;74,80;13,80;12,30;
2026-06-15 13:08:00.0;OFF;ON;100;7,10;7,20;14,10;36,10;98,70;93,60;7;7;73,50;13,80;12,20;
2026-06-15 13:09:00.0;OFF;ON;100;7;7,10;14;36;98,70;93,60;7;7;74,60;13,70;12,20;
2026-06-15 13:10:00.0;OFF;ON;100;7,10;7;14;36;98,70;93,60;6,90;7;74,70;13,60;12,10;
2026-06-15 13:11:00.0;OFF;ON;100;6,90;6,90;13,90;35,90;98,70;93,60;7;7;74,50;13,50;12;
2026-06-15 13:12:00.0;OFF;ON;100;6,80;6,90;13,80;35,90;98,70;93,60;7;7;74,60;13,40;11,90;
2026-06-15 13:13:00.0;OFF;ON;100;6,70;6,80;13,70;35,80;98,70;93,60;6,90;7;74,70;13,40;11,80;
2026-06-15 13:14:00.0;OFF;ON;100;6,60;6,70;13,70;35,70;98,70;93,60;7,10;7;73,90;13,30;11,80;
2026-06-15 13:15:00.0;OFF;ON;100;6,60;6,60;13,60;35,70;98,70;93,60;7;7;73,80;13,20;11,70;
2026-06-15 13:16:00.0;OFF;ON;100;6,60;6,60;13,50;35,60;98,70;93,60;7;7;74,70;13,20;11,60;
2026-06-15 13:17:00.0;OFF;ON;100;6,50;6,50;13,50;35,50;98,70;93,60;7;7;74,70;13,10;11,50;
2026-06-15 13:18:00.0;OFF;ON;100;6,40;6,40;13,40;35,50;98,70;93,60;7;7;74,60;13,10;11,50;
2026-06-15 13:19:00.0;OFF;ON;100;6,40;6,40;13,30;35,40;98,70;93,60;6,90;7;74,80;12,90;11,40;
2026-06-15 13:20:00.0;OFF;ON;100;6,20;6,30;13,30;35,30;98,70;93,60;7,10;7;73,80;12,90;11,30;
2026-06-15 13:21:00.0;OFF;ON;100;6,10;6,20;13,20;35,30;98,70;93,60;7,10;7;74;12,80;11,20;
2026-06-15 13:22:00.0;OFF;ON;100;6,20;6,20;13,10;35,20;98,70;93,60;6,90;7;74,70;12,70;11,20;
2026-06-15 13:23:00.0;OFF;ON;100;6;6,10;13,10;35,10;98,70;93,60;7,10;7;73,70;12,70;11,10;
2026-06-15 13:24:00.0;OFF;ON;100;6;6;13;35,10;98,70;93,60;7;7;73,80;12,60;11;
2026-06-15 13:25:00.0;OFF;ON;100;6;6;12,90;35;98,70;93,60;7;7;74;12,50;11;
2026-06-15 13:26:00.0;OFF;ON;100;5,80;5,90;12,90;35;98,70;93,60;7;7;74,50;12,40;10,90;
2026-06-15 13:27:00.0;OFF;ON;100;5,80;5,80;12,80;34,90;98,70;93,60;7;7;74,70;12,40;10,80;
2026-06-15 13:28:00.0;OFF;ON;100;5,70;5,80;12,70;34,90;98,60;93,60;7,10;7;73,80;12,40;10,70;
2026-06-15 13:29:00.0;OFF;ON;100;5,60;5,70;12,70;34,80;98,70;93,50;7,10;7;73,70;12,30;10,70;
2026-06-15 13:30:00.0;OFF;ON;100;5,70;5,70;12,60;34,80;98,60;93,60;7;7;73,60;12,30;10,60;
2026-06-15 13:31:00.0;OFF;ON;100;5,60;5,60;12,60;34,70;98,60;93,50;7;7;73,80;12,10;10,60;
2026-06-15 13:32:00.0;OFF;ON;100;5,50;5,50;12,50;34,60;98,60;93,50;6,90;7;74,30;12,10;10,50;
2026-06-15 13:33:00.0;OFF;ON;100;5,50;5,50;12,40;34,60;98,60;93,50;7;7;74,40;12;10,40;
2026-06-15 13:34:00.0;OFF;ON;100;5,40;5,40;12,40;34,50;98,60;93,50;7;7;74,40;12;10,40;
2026-06-15 13:35:00.0;OFF;ON;100;5,30;5,30;12,30;34,50;98,60;93,50;7;7;74,40;11,90;10,30;
2026-06-15 13:36:00.0;OFF;ON;100;5,30;5,30;12,20;34,40;98,60;93,50;6,90;7;74,40;11,80;10,20;
2026-06-15 13:37:00.0;OFF;ON;100;5,30;5,20;12,20;34,40;98,60;93,50;6,90;7;74,60;11,80;10,20;
2026-06-15 13:38:00.0;OFF;ON;100;5,20;5,20;12,10;34,30;98,60;93,50;6,90;7;74,60;11,70;10,10;
2026-06-15 13:39:00.0;OFF;ON;100;5,10;5,10;12,10;34,30;98,60;93,50;6,90;7;74,80;11,60;10;
2026-06-15 13:40:00.0;OFF;ON;100;5;5;12;34,20;98,60;93,50;6,90;7;69;11,60;10;
2026-06-15 13:41:00.0;OFF;ON;100;5,10;6;11,90;34,20;98,60;93,50;6,80;7;68,10;11,50;9,90;
2026-06-15 13:42:00.0;OFF;ON;100;5;5,90;11,90;34,10;98,60;93,30;6,90;7;66,30;11,50;9,90;
2026-06-15 13:43:00.0;OFF;ON;100;5,10;5,90;11,80;34,10;98,60;93,30;6,80;6;65,80;11,40;9,80;
2026-06-15 13:44:00.0;OFF;ON;100;5,20;5,80;11,80;34;98,60;93,20;6,60;6;65,40;11,40;9,80;
2026-06-15 13:45:00.0;OFF;ON;100;5,20;5,80;11,80;33,90;98,50;93,20;6,60;6;64,50;11,30;9,80;
2026-06-15 13:46:00.0;OFF;ON;100;5,10;5,70;11,70;33,90;98,50;93,20;6,60;6;63,40;11,30;9,80;
2026-06-15 13:47:00.0;OFF;ON;100;5,20;5,70;11,70;33,80;98,50;93,20;6,50;6;63,30;11,30;9,80;
2026-06-15 13:48:00.0;OFF;ON;100;5,20;5,70;11,70;33,80;98,50;93,20;6,50;6;62,30;11,20;9,80;
2026-06-15 13:49:00.0;OFF;ON;100;5,30;5,70;11,70;33,70;98,50;93,20;6,30;6;62,50;11,20;9,80;
2026-06-15 13:50:00.0;OFF;ON;100;5,30;5,60;11,60;33,70;98,50;93,20;6,30;6;62,30;11,20;9,70;
2026-06-15 13:51:00.0;OFF;ON;100;5,20;5,60;11,60;33,60;98,40;93,20;6,40;6;61,20;11,20;9,80;
2026-06-15 13:52:00.0;OFF;ON;100;5,30;5,60;11,60;33,60;98,50;93,20;6,20;6;61,50;11,10;9,70;
2026-06-15 13:53:00.0;OFF;ON;100;5,30;5,60;11,50;33,50;98,50;93,20;6,20;6;61,30;11,10;9,70;
2026-06-15 13:54:00.0;OFF;ON;100;5,30;5,50;11,50;33,50;98,40;93,20;6,10;6;61,30;11,10;9,70;
2026-06-15 13:55:00.0;OFF;ON;100;5,30;5,50;11,50;33,40;98,40;93,20;6,20;6;60,80;11,10;9,70;
2026-06-15 13:56:00.0;OFF;ON;100;5,30;5,50;11,50;33,30;98,40;93,20;6,10;6;60,70;11;9,70;
2026-06-15 13:57:00.0;OFF;ON;100;5,40;5,40;11,40;33,30;98,30;93,20;6,10;6;61;11;9,70;
2026-06-15 13:58:00.0;OFF;ON;100;5,20;5,40;11,40;33,20;98,30;93,20;6,20;6;60,20;11;9,60;
2026-06-15 13:59:00.0;OFF;ON;100;5,30;5,40;11,40;33,20;98,30;93,30;6;6;60,70;10,90;9,60;
2026-06-15 14:00:00.0;OFF;ON;100;5,20;5,40;11,30;33,10;98,30;93,30;6,10;6;60,20;10,90;9,60;
2026-06-15 14:01:00.0;OFF;ON;100;5,30;5,30;11,30;33,10;98,30;93,30;6;6;60,50;10,90;9,60;
2026-06-15 14:02:00.0;OFF;ON;100;5,10;5,30;11,30;33;98,30;93,30;6,10;6;60;10,80;9,50;
2026-06-15 14:03:00.0;OFF;ON;100;5,10;5,20;11,20;33;98,30;93,30;6,10;6;59,90;10,80;9,50;
2026-06-15 14:04:00.0;OFF;ON;100;5,20;5,20;11,20;32,90;98,10;93,30;6;6;60,10;10,70;9,50;
2026-06-15 14:05:00.0;OFF;ON;100;5,10;5,20;11,20;32,80;98,10;93,30;6;6;60;10,70;9,50;
2026-06-15 14:06:00.0;OFF;ON;100;5,10;5,10;11,10;32,80;98;93,30;6;6;60;10,70;9,40;
2026-06-15 14:07:00.0;OFF;ON;100;5;5,10;11,10;32,70;98,10;93,30;6;6;59,90;10,60;9,40;
2026-06-15 14:08:00.0;OFF;ON;100;5;5,10;11;32,60;98;93,30;6,10;6;59,90;10,60;9,30;
2026-06-15 14:09:00.0;OFF;ON;100;5;5;11;32,60;97,90;93,30;6;6;59,90;10,50;9,30;
2026-06-15 14:10:00.0;OFF;ON;100;4,90;5;10,90;32,50;97,90;93,30;6;6;59,90;10,50;9,30;
2026-06-15 14:11:00.0;OFF;ON;100;4,90;4,90;10,90;32,50;97,90;93,30;6;6;59,80;10,50;9,20;
2026-06-15 14:12:00.0;OFF;ON;100;4,90;4,90;10,90;32,40;97,90;93,30;6;6;59,90;10,50;9,20;
2026-06-15 14:13:00.0;OFF;ON;100;5;4,90;10,90;32,40;97,90;93,30;6;6;59,90;10,60;9,20;
2026-06-15 14:14:00.0;OFF;ON;100;4,90;4,90;10,90;32,30;98;93,20;6;6;59,90;10,70;9,30;
2026-06-15 14:15:00.0;OFF;ON;100;4,90;4,90;10,90;32,20;98,10;93,20;6,10;6;59,80;10,70;9,30;
2026-06-15 14:16:00.0;OFF;ON;100;5;5;11;32,20;98,30;93,20;6;6;59,80;11;9,40;
2026-06-15 14:17:00.0;OFF;ON;100;5,10;5,10;11,10;32,10;98,40;93,20;6;6;60,50;11,30;9,70;
2026-06-15 14:18:00.0;OFF;ON;100;5,20;5,20;11,20;32,10;98,40;93,20;6;6;59,80;11,60;9,90;
2026-06-15 14:19:00.0;OFF;ON;100;5,10;5,20;11,20;32;98,50;93,20;6,10;6;59,40;11,60;10;
2026-06-15 14:20:00.0;OFF;ON;100;5,20;5,20;11,30;31,90;98,50;93,20;6;6;59,70;11,60;10;
2026-06-15 14:21:00.0;OFF;ON;100;5,30;5,30;11,30;31,90;98,60;93,20;6;6;60,30;11,60;10,10;
2026-06-15 14:22:00.0;OFF;ON;100;5,30;5,30;11,30;31,80;98,60;93,20;6;6;59,50;11,70;10,10;
2026-06-15 14:23:00.0;OFF;ON;100;5,40;5,30;11,30;31,80;98,60;93,20;6;6;59,50;11,80;10,10;
2026-06-15 14:24:00.0;OFF;ON;100;5,30;5,30;11,30;31,70;98,60;93,20;6;6;60,30;11,80;10,20;
2026-06-15 14:25:00.0;OFF;ON;100;5,40;5,40;11,40;31,60;98,60;93,20;6;6;59,50;11,90;10,20;
2026-06-15 14:26:00.0;OFF;ON;100;5,40;5,40;11,40;31,60;98,60;93,20;6;6;59,40;12;10,30;
2026-06-15 14:27:00.0;OFF;ON;100;5,40;5,40;11,40;31,50;98,60;93,20;6;6;59,40;11,90;10,30;
2026-06-15 14:28:00.0;OFF;ON;100;5,40;5,40;11,40;31,50;98,60;93,20;6;6;60,10;11,90;10,30;
2026-06-15 14:29:00.0;OFF;ON;100;5,40;5,40;11,40;31,40;98,60;93,20;5,90;6;60,10;11,80;10,20;
2026-06-15 14:30:00.0;OFF;ON;100;5,40;5,40;11,40;31,40;98,60;93,20;6;6;60,10;11,80;10,20;
2026-06-15 14:31:00.0;OFF;ON;100;5,30;5,30;11,30;31,30;98,60;93,20;6;6;60,20;11,70;10,20;
2026-06-15 14:32:00.0;OFF;ON;100;5,30;5,30;11,30;31,20;98,60;93,20;6;6;60,20;11,70;10,20;
2026-06-15 14:33:00.0;OFF;ON;100;5,20;5,30;11,30;31,10;98,50;93,20;6;6;60,30;11,70;10,10;
2026-06-15 14:34:00.0;OFF;ON;100;5,30;5,20;11,20;31,10;98,50;93,20;6;6;60,50;11,60;10,10;
2026-06-15 14:35:00.0;OFF;ON;100;5,30;5,20;11,20;31;98,50;93,20;6;6;60,40;11,60;10,10;
2026-06-15 14:36:00.0;OFF;ON;100;5,30;5,20;11,20;31;98,40;93,20;5,90;6;61;11,50;10;
2026-06-15 14:37:00.0;OFF;ON;100;5,20;5,20;11,20;30,90;98,50;93,20;6;6;60,60;11,60;10;
2026-06-15 14:38:00.0;OFF;ON;100;5,30;5,20;11,10;30,80;98,40;93,20;5,90;6;61;11,50;10;
2026-06-15 14:39:00.0;OFF;ON;100;5,20;5,10;11,10;30,80;98,40;93,20;5,80;6;61,40;11,40;9,90;
2026-06-15 14:40:00.0;OFF;ON;100;5,10;5,10;11;30,70;98,30;93,20;5,90;6;60,90;11,40;9,90;
2026-06-15 14:41:00.0;OFF;ON;100;5,20;5;11,10;30,70;98,20;93,20;5,90;6;61,60;11,40;9,90;
2026-06-15 14:42:00.0;OFF;ON;100;5,20;5;11;30,60;98,20;93,20;5,80;6;61,90;11,30;9,90;
2026-06-15 14:43:00.0;OFF;ON;100;5,10;5;11;30,50;98,20;93,20;5,80;6;62;11,30;9,80;
2026-06-15 14:44:00.0;OFF;ON;100;5,10;4,90;10,90;30,50;98,10;93,20;5,80;6;62,50;11,20;9,80;
2026-06-15 14:45:00.0;OFF;ON;100;5;4,90;10,90;30,40;98,10;93,20;5,90;6;62,20;11,20;9,70;
2026-06-15 14:46:00.0;OFF;ON;100;5;4,90;10,90;30,30;98;93,20;5,90;6;62,60;11,10;9,70;
2026-06-15 14:47:00.0;OFF;ON;100;5;4,90;10,80;30,30;98;93,20;5,80;6;63,50;11,10;9,70;
2026-06-15 14:48:00.0;OFF;ON;100;5;4,80;10,80;30,20;97,90;93,20;5,80;6;63,80;11;9,60;
2026-06-15 14:49:00.0;OFF;ON;100;4,90;4,80;10,80;30,10;98;93,20;5,90;6;63,50;11,10;9,60;
2026-06-15 14:50:00.0;OFF;ON;100;4,90;4,80;10,80;30,10;98;93,20;5,90;6;63,70;11;9,60;
2026-06-15 14:51:00.0;OFF;ON;100;4,90;4,70;10,70;30;98;93,20;5,80;6;64,40;10,90;9,60;
2026-06-15 14:52:00.0;OFF;ON;100;4,80;4,70;10,70;30;97,80;93,20;5,90;6;64,40;10,90;9,60;
2026-06-15 14:53:00.0;OFF;ON;100;4,80;4,70;10,60;29,90;97,80;93,20;5,90;6;64,90;10,90;9,50;
2026-06-15 14:54:00.0;OFF;ON;100;4,80;4,60;10,60;29,90;97,80;93,20;5,80;6;65,40;10,80;9,50;
2026-06-15 14:55:00.0;OFF;ON;100;4,80;4,60;10,60;29,80;97,80;93,20;5,70;6;66,30;10,80;9,40;
2026-06-15 14:56:00.0;OFF;ON;100;4,80;4,60;10,50;29,70;97,80;93,20;5,70;6;66,90;10,70;9,40;
2026-06-15 14:57:00.0;OFF;ON;100;4,80;4,50;10,50;29,70;97,90;93,20;5,70;6;67,20;10,70;9,40;
2026-06-15 14:58:00.0;OFF;ON;100;4,80;4,50;10,50;29,70;97,80;93,20;5,70;6;67,60;10,70;9,40;
2026-06-15 14:59:00.0;OFF;ON;100;4,70;4,50;10,40;29,60;97,70;93,20;5,80;6;67,80;10,60;9,30;
2026-06-15 15:00:00.0;OFF;ON;100;4,70;4,40;10,40;29,50;97,60;93,20;5,70;6;68,60;10,60;9,30;
2026-06-15 15:01:00.0;OFF;ON;100;4,70;4,40;10,40;29,50;97,70;93,20;5,70;6;68,90;10,60;9,20;
2026-06-15 15:02:00.0;OFF;ON;100;4,50;4,30;10,30;29,40;97,70;93,20;5,80;6;68,90;10,40;9,20;
2026-06-15 15:03:00.0;OFF;ON;100;4,50;4,30;10,30;29,40;97,60;93,20;5,80;6;69,10;10,40;9,10;
2026-06-15 15:04:00.0;OFF;ON;100;4,30;4,30;10,20;29,30;97,50;93,20;5,90;6;68,60;10,40;9,10;
2026-06-15 15:05:00.0;OFF;ON;100;4,40;4,20;10,20;29,30;97,30;93,20;5,80;6;69,70;10,30;9;
2026-06-15 15:06:00.0;OFF;ON;100;4,30;4,20;10,10;29,20;97,30;93,20;5,80;6;69,80;10,30;8,90;
2026-06-15 15:07:00.0;OFF;ON;100;4,10;4,10;10,10;29,20;97,40;93,20;5,90;6;69,20;10,20;8,90;
2026-06-15 15:08:00.0;OFF;ON;100;4,10;4,10;10;29,10;97,30;93,20;6;6;69,30;10,20;8,80;
2026-06-15 15:09:00.0;OFF;ON;100;4;4;10;29,10;97,30;93,20;6;6;66,50;10,10;8,80;
2026-06-15 15:10:00.0;OFF;ON;100;4;4,50;10;29;97,40;93,20;6;6;65,70;10,10;8,70;
2026-06-15 15:11:00.0;OFF;ON;100;4;4,40;9,90;29;97,30;93,20;6;6;65,20;10;8,70;
2026-06-15 15:12:00.0;OFF;ON;100;4,10;4,40;9,90;28,90;97,20;93,20;5,80;5,50;65,20;10;8,70;
2026-06-15 15:13:00.0;OFF;ON;100;3,90;4,40;9,80;28,80;97,20;93,20;5,90;5,50;64,10;9,90;8,60;
2026-06-15 15:14:00.0;OFF;ON;100;3,90;4,30;9,80;28,80;97,20;93,20;5,90;5,50;63,70;9,90;8,60;
2026-06-15 15:15:00.0;OFF;ON;100;3,80;4,30;9,80;28,80;97,10;93,20;5,90;5,50;62,70;9,90;8,60;
2026-06-15 15:16:00.0;OFF;ON;100;4;4,20;9,70;28,70;97,20;93,20;5,80;5,50;63,10;9,80;8,50;
2026-06-15 15:17:00.0;OFF;ON;100;3,80;4,20;9,70;28,60;97,20;93,20;5,90;5,50;61,90;9,80;8,50;
2026-06-15 15:18:00.0;OFF;ON;100;3,80;4,20;9,70;28,60;97,20;93,20;5,90;5,50;61,10;9,80;8,50;
2026-06-15 15:19:00.0;OFF;ON;100;3,90;4,10;9,60;28,50;97,20;93,20;5,80;5,50;61,40;9,70;8,40;
2026-06-15 15:20:00.0;OFF;ON;100;3,80;4,10;9,60;28,50;97,10;93,20;5,80;5,50;60,40;9,70;8,40;
2026-06-15 15:21:00.0;OFF;ON;100;3,70;4,10;9,60;28,40;97,10;93,20;5,80;5,50;59,90;9,70;8,40;
2026-06-15 15:22:00.0;OFF;ON;100;3,90;4,10;9,50;28,40;97,10;93,20;5,60;5,50;60,90;9,60;8,30;
2026-06-15 15:23:00.0;OFF;ON;100;3,80;4;9,50;28,30;97,10;93,20;5,70;5,50;59,70;9,60;8,30;
2026-06-15 15:24:00.0;OFF;ON;100;3,70;4;9,50;28,20;97,20;93,20;5,80;5,50;59,20;9,60;8,30;
2026-06-15 15:25:00.0;OFF;ON;100;3,90;4;9,50;28,20;97,20;93,20;5,60;5,50;60;9,50;8,30;
2026-06-15 15:26:00.0;OFF;ON;100;3,80;4;9,50;28,10;97,30;93,20;5,70;5,50;59,40;9,60;8,30;
2026-06-15 15:27:00.0;OFF;ON;100;3,70;4;9,40;28,10;97,30;93,20;5,70;5,50;58,90;9,50;8,20;
2026-06-15 15:28:00.0;OFF;ON;100;3,80;3,90;9,40;28;97,30;93,20;5,60;5,50;59,20;9,50;8,20;
2026-06-15 15:29:00.0;OFF;ON;100;3,90;3,90;9,40;28;97,20;93,20;5,50;5,50;59,40;9,50;8,20;
2026-06-15 15:30:00.0;OFF;ON;100;3,70;3,90;9,40;27,90;97,20;93,20;5,60;5,50;58,80;9,50;8,20;
2026-06-15 15:31:00.0;OFF;ON;100;3,90;3,90;9,40;27,90;97,20;93,20;5,50;5,50;59,10;9,50;8,20;
2026-06-15 15:32:00.0;OFF;ON;100;3,90;3,90;9,40;27,80;97,30;93,20;5,50;5,50;58,90;9,50;8,20;
2026-06-15 15:33:00.0;OFF;ON;100;3,70;3,80;9,30;27,80;97,30;93,20;5,60;5,50;58,90;9,40;8,10;
2026-06-15 15:34:00.0;OFF;ON;100;3,80;3,80;9,30;27,70;97,30;93,20;5,50;5,50;59;9,40;8,10;
2026-06-15 15:35:00.0;OFF;ON;100;3,80;3,80;9,30;27,60;97,30;93,20;5,50;5,50;58,80;9,40;8,10;
2026-06-15 15:36:00.0;OFF;ON;100;3,70;3,80;9,30;27,60;97,30;93,20;5,60;5,50;58,60;9,40;8,10;
2026-06-15 15:37:00.0;OFF;ON;100;3,70;3,80;9,20;27,50;97,20;93,20;5,50;5,50;58,70;9,30;8;
2026-06-15 15:38:00.0;OFF;ON;100;3,70;3,70;9,20;27,50;97,30;93,20;5,50;5,50;58,50;9,30;8;
2026-06-15 15:39:00.0;OFF;ON;100;3,70;3,70;9,20;27,40;97,30;93,20;5,50;5,50;58,50;9,30;8;
2026-06-15 15:40:00.0;OFF;ON;100;3,70;3,70;9,20;27,40;97,20;93,20;5,50;5,50;58,40;9,30;7,90;
2026-06-15 15:41:00.0;OFF;ON;100;3,70;3,60;9,10;27,30;97,20;93,20;5,40;5,50;59,20;9,20;7,90;
2026-06-15 15:42:00.0;OFF;ON;100;3,70;3,60;9,10;27,30;97,20;93,20;5,40;5,50;59,40;9,20;7,90;
2026-06-15 15:43:00.0;OFF;ON;100;3,70;3,60;9,10;27,20;97,20;93,20;5,40;5,50;59,50;9,20;7,90;
2026-06-15 15:44:00.0;OFF;ON;100;3,50;3,60;9,10;27,10;97,20;93,20;5,50;5,50;59,40;9,20;7,80;
2026-06-15 15:45:00.0;OFF;ON;100;3,70;3,60;9,10;27,10;97,20;93,20;5,40;5,50;59,60;9,20;7,90;
2026-06-15 15:46:00.0;OFF;ON;100;3,60;3,50;9;27;97,20;93,20;5,40;5,50;59,80;9,10;7,80;
2026-06-15 15:47:00.0;OFF;ON;100;3,60;3,50;9;27;97,20;93,20;5,40;5,50;60;9,10;7,80;
2026-06-15 15:48:00.0;OFF;ON;100;3,50;3,50;9;26,90;97,20;93,20;5,40;5,50;59,70;9,10;7,70;
2026-06-15 15:49:00.0;OFF;ON;100;3,50;3,50;9;26,90;97,20;93,20;5,50;5,50;59,80;9,10;7,70;
2026-06-15 15:50:00.0;OFF;ON;100;3,60;3,40;8,90;26,80;97,20;93,20;5,30;5,50;60,40;9;7,70;
2026-06-15 15:51:00.0;OFF;ON;100;3,40;3,40;8,90;26,80;97,10;93,20;5,50;5,50;60;9;7,70;
2026-06-15 15:52:00.0;OFF;ON;100;3,40;3,40;8,90;26,70;97,10;93,20;5,50;5,50;60,10;9;7,60;
2026-06-15 15:53:00.0;OFF;ON;100;3,40;3,40;8,90;26,60;97,10;93,20;5,40;5,50;60,20;9;7,60;
2026-06-15 15:54:00.0;OFF;ON;100;3,30;3,30;8,80;26,60;97,10;93,20;5,50;5,50;60,20;8,90;7,60;
2026-06-15 15:55:00.0;OFF;ON;100;3,40;3,30;8,80;26,50;97,20;93,20;5,40;5,50;60,50;8,90;7,60;
2026-06-15 15:56:00.0;OFF;ON;100;3,30;3,30;8,80;26,50;97,20;93,20;5,50;5,50;60,40;8,90;7,50;
2026-06-15 15:57:00.0;OFF;ON;100;3,30;3,30;8,70;26,40;97,10;93,20;5,50;5,50;60,50;8,90;7,50;
2026-06-15 15:58:00.0;OFF;ON;100;3,30;3,20;8,70;26,40;97,10;93,20;5,50;5,50;60,70;8,80;7,50;
2026-06-15 15:59:00.0;OFF;ON;100;3,20;3,20;8,70;26,30;97,10;93,20;5,50;5,50;60,80;8,80;7,40;
2026-06-15 16:00:00.0;OFF;ON;100;3,20;3,20;8,70;26,20;97,10;93,20;5,40;5,50;61;8,70;7,40;
2026-06-15 16:01:00.0;OFF;ON;100;3,30;3,20;8,60;26,20;97,10;93,20;5,30;5,50;61,70;8,70;7,40;
2026-06-15 16:02:00.0;OFF;ON;100;3,30;3,10;8,60;26,10;97,10;93,20;5,30;5,50;61,80;8,70;7,40;
2026-06-15 16:03:00.0;OFF;ON;100;3,30;3,10;8,60;26,10;97,10;93,10;5,30;5,50;61,90;8,70;7,40;
2026-06-15 16:04:00.0;OFF;ON;100;3,20;3,10;8,60;26;97,10;93,10;5,30;5,50;62,20;8,60;7,30;
2026-06-15 16:05:00.0;OFF;ON;100;3,20;3,10;8,50;26;97;93,10;5,40;5,50;62,10;8,60;7,30;
2026-06-15 16:06:00.0;OFF;ON;100;3,20;3;8,50;25,90;97,10;93,10;5,40;5,50;62,40;8,60;7,30;
2026-06-15 16:07:00.0;OFF;ON;100;3,20;3;8,50;25,90;97,10;93,10;5,30;5,50;63,10;8,60;7,20;
2026-06-15 16:08:00.0;OFF;ON;100;3,10;3;8,50;25,80;97,10;93,10;5,30;5,50;63;8,50;7,20;
2026-06-15 16:09:00.0;OFF;ON;100;3;2,90;8,40;25,70;97,10;93,10;5,40;5,50;62,90;8,50;7,20;
2026-06-15 16:10:00.0;OFF;ON;100;3;2,90;8,40;25,70;97,10;93,10;5,40;5,50;62,90;8,50;7,10;
2026-06-15 16:11:00.0;OFF;ON;100;3,10;2,90;8,40;25,60;97,10;93,10;5,30;5,50;63,90;8,40;7,10;
2026-06-15 16:12:00.0;OFF;ON;100;3;2,90;8,30;25,60;97;93,10;5,40;5,50;63,60;8,40;7,10;
2026-06-15 16:13:00.0;OFF;ON;100;3,10;2,90;8,30;25,50;97;93,10;5,30;5,50;64,40;8,40;7,10;
2026-06-15 16:14:00.0;OFF;ON;100;3;2,80;8,30;25,50;97;93,10;5,30;5,50;64,70;8,40;7;
2026-06-15 16:15:00.0;OFF;ON;100;3;2,80;8,30;25,40;97;93,10;5,30;5,50;64,70;8,30;7;
2026-06-15 16:16:00.0;OFF;ON;100;3;2,80;8,30;25,30;97;93,10;5,20;5,50;65,40;8,30;7;
2026-06-15 16:17:00.0;OFF;ON;100;2,90;2,70;8,20;25,30;97;93,10;5,30;5,50;65,10;8,30;6,90;
2026-06-15 16:18:00.0;OFF;ON;100;3;2,70;8,20;25,20;97;93,10;5,20;5,50;66;8,30;6,90;
2026-06-15 16:19:00.0;OFF;ON;100;2,80;2,70;8,20;25,20;97;93,10;5,30;5,50;65,70;8,20;6,90;
2026-06-15 16:20:00.0;OFF;ON;100;2,80;2,70;8,20;25,10;97;93,10;5,30;5,50;66,10;8,20;6,90;
2026-06-15 16:21:00.0;OFF;ON;100;2,80;2,70;8,10;25,10;97;93,10;5,30;5,50;66,40;8,20;6,90;
2026-06-15 16:22:00.0;OFF;ON;100;3;2,60;8,10;25;97;93,10;5,20;5,50;67,90;8,20;6,80;
2026-06-15 16:23:00.0;OFF;ON;100;2,80;2,60;8,10;25;97;93,10;5,30;5,50;67,60;8,20;6,80;
2026-06-15 16:24:00.0;OFF;ON;100;2,70;2,60;8,10;24,90;97;93,10;5,40;5,50;67,60;8,10;6,80;
2026-06-15 16:25:00.0;OFF;ON;100;2,80;2,60;8,10;24,90;97,10;93,10;5,30;5,50;68,40;8,10;6,80;
2026-06-15 16:26:00.0;OFF;ON;100;2,60;2,50;8;24,80;97;93,10;5,40;5,50;67,70;8,10;6,70;
2026-06-15 16:27:00.0;OFF;ON;100;2,60;2,50;8;24,80;97;93,10;5,30;5,50;65,20;8;6,70;
2026-06-15 16:28:00.0;OFF;ON;100;2,50;3;8;24,70;96,90;93,10;5,40;5,50;64;8;6,60;
2026-06-15 16:29:00.0;OFF;ON;100;2,60;2,90;7,90;24,70;96,90;93,10;5,40;5,50;63,80;8;6,60;
2026-06-15 16:30:00.0;OFF;ON;100;2,50;2,90;7,90;24,60;96,90;93,10;5,40;5;62,70;7,90;6,50;
2026-06-15 16:31:00.0;OFF;ON;100;2,60;2,90;7,90;24,60;96,80;93;5,30;5;62,70;7,90;6,50;
2026-06-15 16:32:00.0;OFF;ON;100;2,50;2,90;7,90;24,50;96,90;93;5,30;5;62,10;7,90;6,50;
2026-06-15 16:33:00.0;OFF;ON;100;2,40;2,80;7,80;24,50;96,90;93;5,40;5;61,10;7,90;6,40;
2026-06-15 16:34:00.0;OFF;ON;100;2,40;2,80;7,80;24,40;96,90;93;5,40;5;60,20;7,80;6,40;
2026-06-15 16:35:00.0;OFF;ON;100;2,50;2,80;7,80;24,40;96,90;93;5,30;5;60,30;7,80;6,40;
2026-06-15 16:36:00.0;OFF;ON;100;2,30;2,80;7,80;24,30;96,90;93;5,40;5;59;7,80;6,40;
2026-06-15 16:37:00.0;OFF;ON;100;2,40;2,70;7,70;24,30;96,80;93;5,30;5;59,10;7,80;6,40;
2026-06-15 16:38:00.0;OFF;ON;100;2,50;2,70;7,70;24,30;96,80;93;5,20;5;59,20;7,70;6,30;
2026-06-15 16:39:00.0;OFF;ON;100;2,40;2,70;7,70;24,20;96,90;93;5,30;5;58;7,70;6,30;
2026-06-15 16:40:00.0;OFF;ON;100;2,50;2,70;7,70;24,20;96,90;93;5,20;5;58,50;7,70;6,30;
2026-06-15 16:41:00.0;OFF;ON;100;2,60;2,60;7,60;24,10;96,90;93;5;5;58,80;7,70;6,30;
2026-06-15 16:42:00.0;OFF;ON;100;2,40;2,60;7,60;24,10;96,90;93;5,20;5;58;7,60;6,30;
2026-06-15 16:43:00.0;OFF;ON;100;2,50;2,60;7,60;24;97;93;5,10;5;58,30;7,60;6,30;
2026-06-15 16:44:00.0;OFF;ON;100;2,60;2,60;7,60;24;96,90;93;5;5;58,20;7,60;6,30;
2026-06-15 16:45:00.0;OFF;ON;100;2,40;2,60;7,60;23,90;97;93;5,20;5;57,60;7,60;6,30;
2026-06-15 16:46:00.0;OFF;ON;100;2,60;2,60;7,60;23,90;97;93;5;5;57,90;7,60;6,30;
2026-06-15 16:47:00.0;OFF;ON;100;2,50;2,60;7,60;23,80;97;93;5;5;57,90;7,60;6,30;
2026-06-15 16:48:00.0;OFF;ON;100;2,60;2,60;7,50;23,80;97;93;5;5;57,70;7,60;6,20;
2026-06-15 16:49:00.0;OFF;ON;100;2,40;2,50;7,50;23,70;97;93;5,10;5;57,60;7,60;6,20;
2026-06-15 16:50:00.0;OFF;ON;100;2,50;2,50;7,50;23,70;97,10;93;5;5;57,70;7,50;6,20;
2026-06-15 16:51:00.0;OFF;ON;100;2,40;2,50;7,50;23,60;97;93;5,10;5;57,50;7,50;6,20;
2026-06-15 16:52:00.0;OFF;ON;100;2,40;2,50;7,50;23,60;97;93;5,10;5;57,60;7,50;6,20;
2026-06-15 16:53:00.0;OFF;ON;100;2,40;2,50;7,50;23,50;97;93;5;5;57,70;7,50;6,20;
2026-06-15 16:54:00.0;OFF;ON;100;2,40;2,50;7,40;23,50;97;93;5;5;58,50;7,50;6,20;
2026-06-15 16:55:00.0;OFF;ON;100;2,50;2,40;7,40;23,40;96,90;93;4,90;5;58,50;7,50;6,10;
2026-06-15 16:56:00.0;OFF;ON;100;2,40;2,40;7,40;23,40;97;93;5;5;58,50;7,50;6,10;
2026-06-15 16:57:00.0;OFF;ON;100;2,50;2,40;7,40;23,40;96,90;93;4,90;5;58,70;7,40;6,10;
2026-06-15 16:58:00.0;OFF;ON;100;2,40;2,40;7,40;23,30;96,90;93;5;5;58,80;7,40;6,10;
2026-06-15 16:59:00.0;OFF;ON;100;2,50;2,40;7,30;23,30;96,90;93;4,90;5;59,20;7,40;6,10;
2026-06-15 17:00:00.0;OFF;ON;100;2,40;2,30;7,30;23,20;96,90;93;5;5;59;7,30;6;
2026-06-15 17:01:00.0;OFF;ON;100;2,40;2,30;7,30;23,20;96,90;93;4,90;5;59,10;7,40;6;
2026-06-15 17:02:00.0;OFF;ON;100;2,30;2,30;7,30;23,10;96,90;93;5;5;59,20;7,30;6;
2026-06-15 17:03:00.0;OFF;ON;100;2,50;2,30;7,30;23,10;97;93;4,80;5;60;7,30;6;
2026-06-15 17:04:00.0;OFF;ON;100;2,30;2,30;7,30;23;97;93;4,90;5;59,70;7,30;6;
2026-06-15 17:05:00.0;OFF;ON;100;2,40;2,30;7,20;23;97;93;4,80;5;60,50;7,30;6;
2026-06-15 17:06:00.0;OFF;ON;100;2,30;2,20;7,20;22,90;96,90;93;4,90;5;60,30;7,30;5,90;
2026-06-15 17:07:00.0;OFF;ON;100;2,40;2,20;7,20;22,90;96,90;93;4,80;5;61,10;7,20;5,90;
2026-06-15 17:08:00.0;OFF;ON;100;2,30;2,20;7,20;22,80;96,90;93;4,90;5;60,90;7,20;5,90;
2026-06-15 17:09:00.0;OFF;ON;100;2,30;2,20;7,20;22,80;96,80;93;4,90;5;61,30;7,20;5,90;
2026-06-15 17:10:00.0;OFF;ON;100;2,40;2,20;7,20;22,70;96,90;93;4,80;5;62,10;7,20;5,90;
2026-06-15 17:11:00.0;OFF;ON;100;2,30;2,10;7,10;22,70;96,90;93;4,90;5;62;7,10;5,90;
2026-06-15 17:12:00.0;OFF;ON;100;2,30;2,10;7,10;22,60;96,90;93;4,90;5;62,40;7,10;5,80;
2026-06-15 17:13:00.0;OFF;ON;100;2,40;2,10;7,10;22,60;96,90;93;4,70;5;63,60;7,10;5,80;
2026-06-15 17:14:00.0;OFF;ON;100;2,30;2,10;7,10;22,50;96,90;93;4,80;5;63,40;7,10;5,80;
2026-06-15 17:15:00.0;OFF;ON;100;2,30;2,10;7,10;22,50;96,90;93;4,80;5;63,80;7,10;5,80;
2026-06-15 17:16:00.0;OFF;ON;100;2,40;2,10;7,10;22,40;96,90;93;4,60;5;65,20;7,10;5,80;
2026-06-15 17:17:00.0;OFF;ON;100;2,20;2,10;7,10;22,40;96,90;93;4,90;5;64,40;7,10;5,80;
2026-06-15 17:18:00.0;OFF;ON;100;2,30;2;7;22,30;96,90;93;4,70;5;65,80;7,10;5,80;
2026-06-15 17:19:00.0;OFF;ON;100;2,30;2;7;22,30;96,90;93;4,80;5;65,80;7;5,80;
2026-06-15 17:20:00.0;OFF;ON;100;2,20;2;7;22,20;96,90;92,80;4,80;5;65,90;7;5,70;
2026-06-15 17:21:00.0;OFF;ON;100;2,30;2;7;22,20;96,90;92,80;4,70;5;66,90;7;5,80;
2026-06-15 17:22:00.0;OFF;ON;100;2,30;2;7;22,20;96,90;92,80;4,70;5;67,60;7;5,70;
2026-06-15 17:23:00.0;OFF;ON;100;2,30;3;7;22,10;96,90;92,80;4,70;5;60,80;7;5,70;
2026-06-15 17:24:00.0;OFF;ON;100;2,20;3;6,90;22;96,90;92,80;4,80;5;59,20;6,90;5,70;
2026-06-15 17:25:00.0;OFF;ON;100;2,20;2,90;6,90;22;96,90;92,80;4,70;4;58,20;6,90;5,70;
2026-06-15 17:26:00.0;OFF;ON;100;2,20;2,90;6,90;22;96,80;92,80;4,70;4;57,30;7;5,60;
2026-06-15 17:27:00.0;OFF;ON;100;2,40;2,90;6,90;21,90;96,90;92,80;4,60;4;57,20;6,90;5,70;
2026-06-15 17:28:00.0;OFF;ON;100;2,50;2,90;6,90;21,90;96,90;92,80;4,40;4;56,90;6,90;5,70;
2026-06-15 17:29:00.0;OFF;ON;100;2,50;2,90;6,90;21,80;97;92,80;4,40;4;56,50;6,90;5,70;
2026-06-15 17:30:00.0;OFF;ON;100;2,60;2,90;6,90;21,80;97;92,80;4,30;4;56,10;7;5,80;
2026-06-15 17:31:00.0;OFF;ON;100;2,70;2,90;6,90;21,70;97;92,80;4,20;4;56,10;7;5,80;
2026-06-15 17:32:00.0;OFF;ON;100;2,60;2,90;6,90;21,70;97,10;92,80;4,30;4;55,10;6,90;5,80;
2026-06-15 17:33:00.0;OFF;ON;100;2,80;2,90;6,90;21,60;97,10;92,80;4,10;4;55,70;7;5,80;
2026-06-15 17:34:00.0;OFF;ON;100;2,90;2,90;6,90;21,60;97,10;92,80;4,10;4;55,80;6,90;5,90;
2026-06-15 17:35:00.0;OFF;ON;100;2,90;2,90;7;21,50;97,10;92,80;4;4;55,60;7;5,90;
2026-06-15 17:36:00.0;OFF;ON;100;2,90;3;7;21,50;97,20;92,80;4;4;55,50;7;5,90;
2026-06-15 17:37:00.0;OFF;ON;100;2,80;3;7;21,40;97,10;92,80;4,20;4;54,70;7;5,90;
2026-06-15 17:38:00.0;OFF;ON;100;2,80;3;7;21,40;97,20;92,80;4,10;4;54,70;7;5,90;
2026-06-15 17:39:00.0;OFF;ON;100;3;3;7;21,30;97,20;92,80;4;4;55;7;5,90;
2026-06-15 17:40:00.0;OFF;ON;100;2,90;3;7;21,30;97,20;92,80;4;4;55;7;6;
2026-06-15 17:41:00.0;OFF;ON;100;2,80;3;7;21,20;97,20;92,80;4,10;4;54,50;7;6;
2026-06-15 17:42:00.0;OFF;ON;100;2,90;3;7;21,20;97,20;92,80;4,10;4;54,60;7;6;
2026-06-15 17:43:00.0;OFF;ON;100;2,90;3;7;21,10;97,20;92,80;4;4;55,40;7;6;
2026-06-15 17:44:00.0;OFF;ON;100;3;3;7;21,10;97,20;92,80;3,90;4;55,50;7;6;
2026-06-15 17:45:00.0;OFF;ON;100;3;3;7;21;97,10;92,80;4;4;54,60;7;5,90;
2026-06-15 17:46:00.0;OFF;ON;100;2,90;3;7;21;97,10;92,80;4,10;4;54,60;7;5,90;
2026-06-15 17:47:00.0;OFF;ON;100;2,90;3;7;20,90;97,10;92,80;4;4;54,60;7;5,90;
2026-06-15 17:48:00.0;OFF;ON;100;3;2,90;6,90;20,90;97;92,80;4;4;54,50;7;5,90;
2026-06-15 17:49:00.0;OFF;ON;100;2,90;2,90;6,90;20,80;97,10;92,80;4;4;54,60;7;5,90;
2026-06-15 17:50:00.0;OFF;ON;100;2,90;2,90;6,90;20,80;97;92,80;4;4;54,70;6,90;5,90;
2026-06-15 17:51:00.0;OFF;ON;100;2,90;2,90;6,90;20,80;97;92,80;4;4;55,40;6,90;5,90;
2026-06-15 17:52:00.0;OFF;ON;100;3;2,90;6,90;20,70;97;92,80;3,90;4;55,80;6,90;5,90;
2026-06-15 17:53:00.0;OFF;ON;100;2,90;2,90;6,90;20,60;97;92,80;4;4;54,90;6,90;5,90;
2026-06-15 17:54:00.0;OFF;ON;100;2,90;2,90;6,90;20,60;97;92,80;4;4;55,60;6,90;5,90;
2026-06-15 17:55:00.0;OFF;ON;100;2,90;2,90;6,90;20,60;97;92,80;3,90;4;55,70;6,80;5,90;
2026-06-15 17:56:00.0;OFF;ON;100;2,80;2,80;6,80;20,50;97;92,80;4;4;55,70;6,90;5,80;
2026-06-15 17:57:00.0;OFF;ON;100;2,80;2,80;6,80;20,50;97;92,80;4;4;56;6,80;5,80;
2026-06-15 17:58:00.0;OFF;ON;100;2,80;2,80;6,80;20,40;97;92,80;4;4;55,80;6,80;5,80;
2026-06-15 17:59:00.0;OFF;ON;100;3,20;2,80;6,80;20,40;96,90;92,80;3,60;4;57,70;6,80;5,80;
2026-06-15 18:00:00.0;OFF;ON;100;3,20;2,80;6,80;20,30;96,80;92,80;3,60;4;58,40;6,80;5,80;
2026-06-15 18:01:00.0;OFF;ON;100;3,20;2,80;6,80;20,30;96,90;92,80;3,60;4;58,60;6,90;5,90;
2026-06-15 18:02:00.0;OFF;ON;100;3,80;2,80;6,90;20,20;96,90;92,80;3,10;4;62,90;6,90;5,90;
2026-06-15 18:03:00.0;OFF;ON;100;3,80;2,90;6,90;20,20;97;92,80;3,10;4;63,50;6,90;6;
2026-06-15 18:04:00.0;OFF;ON;100;3,30;2,90;7;20,10;97,20;92,80;3,60;4;61,80;7;6,20;
2026-06-15 18:05:00.0;OFF;ON;100;3,40;3;7;20,10;97,30;92,80;3,60;4;62,70;7;6,20;
2026-06-15 18:06:00.0;OFF;ON;100;3,50;3;7;20,10;97,30;92,80;3,30;4;64,90;6,90;6,10;
2026-06-15 18:07:00.0;OFF;ON;100;3,40;2,90;6,90;20;97,30;92,80;3,60;4;63,90;6,90;6,10;
2026-06-15 18:08:00.0;OFF;ON;100;3,20;2,90;6,90;19,90;97,20;92,80;3,70;4;63,90;6,90;6,10;
2026-06-15 18:09:00.0;OFF;ON;100;3,20;2,90;6,90;19,90;97,10;92,80;3,80;4;64,10;6,90;6;
2026-06-15 18:10:00.0;OFF;ON;100;3,70;2,90;6,90;19,90;97,10;92,80;3,20;4;67,90;6,90;6;
2026-06-15 18:11:00.0;OFF;ON;100;3,30;2,90;6,90;19,80;97,20;92,80;3,60;4;66,60;6,90;6,10;
2026-06-15 18:12:00.0;OFF;ON;100;3,70;2,90;6,90;19,80;97,10;92,80;3,30;4;69,90;6,90;6,10;
2026-06-15 18:13:00.0;OFF;ON;100;3,30;2,90;7;19,70;97,20;92,80;3,70;4;68,70;7;6,20;
2026-06-15 18:14:00.0;OFF;ON;100;3;3;7;19,70;97,20;92,80;4;4;67,50;7;6,20;
2026-06-15 18:15:00.0;OFF;ON;100;2,90;2,90;6,90;19,70;97,10;92,80;4;4;66,70;6,90;6;
2026-06-15 18:16:00.0;OFF;ON;100;2,30;2,90;6,90;19,70;97;92,80;4,60;4;63,30;6,90;5,90;
2026-06-15 18:17:00.0;OFF;ON;100;2;2,80;6,70;19,60;96,70;92,80;4,70;4;61,10;6,70;5,50;
2026-06-15 18:18:00.0;OFF;ON;100;1,90;2,60;6,60;19,50;96,20;92,80;4,70;4;59,80;6,60;5,30;
2026-06-15 18:19:00.0;OFF;ON;100;1,90;2,50;6,50;19,50;96;92,80;4,50;4;59,60;6,50;5,20;
2026-06-15 18:20:00.0;OFF;ON;100;1,90;2,40;6,40;19,50;95,90;92,80;4,50;4;59,10;6,40;5,10;
2026-06-15 18:21:00.0;OFF;ON;100;1,90;2,40;6,30;19,40;95,80;92,80;4,50;4;58,30;6,40;5,10;
2026-06-15 18:22:00.0;OFF;ON;100;1,80;2,30;6,30;19,40;95,90;92,80;4,50;4;57;6,30;5;
2026-06-15 18:23:00.0;OFF;ON;100;1,80;2,30;6,30;19,40;95,90;92,80;4,50;4;56,70;6,30;5;
2026-06-15 18:24:00.0;OFF;ON;100;1,90;2,20;6,20;19,30;95,90;92,80;4,30;4;56,80;6,20;5;
2026-06-15 18:25:00.0;OFF;ON;100;1,90;2,20;6,20;19,30;95,90;92,80;4,40;4;56,10;6,20;5;
2026-06-15 18:26:00.0;OFF;ON;100;1,90;2,20;6,20;19,20;95,90;92,80;4,30;4;55,70;6,20;5;
2026-06-15 18:27:00.0;OFF;ON;100;2,10;2,20;6,20;19,20;96;92,80;4,20;4;56,30;6,20;5;
2026-06-15 18:28:00.0;OFF;ON;100;2;2,20;6,20;19,20;96,10;92,80;4,20;4;55,60;6,20;5;
2026-06-15 18:29:00.0;OFF;ON;100;2,10;2,20;6,20;19,10;96,10;92,80;4,10;4;56,10;6,20;5;
2026-06-15 18:30:00.0;OFF;ON;100;2;2,20;6,20;19,10;96,10;92,80;4,20;4;55,40;6,20;5;
2026-06-15 18:31:00.0;OFF;ON;100;2;2,20;6,20;19,10;96,10;92,80;4,10;4;55,40;6,20;5;
2026-06-15 18:32:00.0;OFF;ON;100;2,10;2,10;6,10;19;96,20;92,80;4;4;55,70;6,10;5;
2026-06-15 18:33:00.0;OFF;ON;100;2,10;2,10;6,10;19;96,20;92,80;4;4;55,70;6,10;5;
2026-06-15 18:34:00.0;OFF;ON;100;2,10;2,10;6,10;18,90;96,20;92,80;4;4;55,70;6,10;5;
2026-06-15 18:35:00.0;OFF;ON;100;2,10;2,10;6,10;18,90;96,40;92,80;4;4;56,30;6,10;5;
2026-06-15 18:36:00.0;OFF;ON;100;2,10;2,10;6,10;18,90;96,40;92,80;4;4;55,60;6,10;5;
2026-06-15 18:37:00.0;OFF;ON;100;2,10;2,10;6,10;18,80;96,40;92,80;4;4;55,50;6,10;5;
2026-06-15 18:38:00.0;OFF;ON;100;2,10;2,10;6,10;18,80;96,30;92,80;4;4;55,50;6,10;5;
2026-06-15 18:39:00.0;OFF;ON;100;2,10;2,10;6,10;18,70;96,40;92,80;3,90;4;56,20;6,10;5;
2026-06-15 18:40:00.0;OFF;ON;100;2,10;2,10;6,10;18,70;96,40;92,80;4;4;56,40;6,10;5;
2026-06-15 18:41:00.0;OFF;ON;100;2,20;2,10;6,10;18,70;96,40;92,80;3,80;4;57,20;6,10;5;
2026-06-15 18:42:00.0;OFF;ON;100;2,30;2,10;6,10;18,60;96,50;92,80;3,80;4;57,80;6,10;5;
2026-06-15 18:43:00.0;OFF;ON;100;2,40;2,10;6,10;18,60;96,40;92,80;3,70;4;58,80;6,10;5,10;
2026-06-15 18:44:00.0;OFF;ON;100;2,40;2,10;6,10;18,60;96,50;92,80;3,70;4;59;6,10;5,10;
2026-06-15 18:45:00.0;OFF;ON;100;2,30;2,10;6,10;18,50;96,50;92,80;3,80;4;58,90;6,10;5,10;
2026-06-15 18:46:00.0;OFF;ON;100;2,30;2,10;6,10;18,50;96,50;92,80;3,70;4;59,70;6,10;5,10;
2026-06-15 18:47:00.0;OFF;ON;100;2,40;2,10;6,10;18,40;96,60;92,80;3,70;4;60,40;6,10;5;
2026-06-15 18:48:00.0;OFF;ON;100;2,30;2,10;6,10;18,40;96,60;92,80;3,70;4;60,70;6,10;5;
2026-06-15 18:49:00.0;OFF;ON;100;2,40;2,10;6;18,40;96,60;92,80;3,60;4;61,70;6;5,10;
2026-06-15 18:50:00.0;OFF;ON;100;2,40;2;6;18,30;96,60;92,80;3,70;4;61,90;6,10;5,10;
2026-06-15 18:51:00.0;OFF;ON;100;2,40;2;6;18,30;96,60;92,80;3,70;4;62,40;6;5;
2026-06-15 18:52:00.0;OFF;ON;100;2,30;2;6;18,20;96,60;92,80;3,80;4;62,40;6;5;
2026-06-15 18:53:00.0;OFF;ON;100;2,30;2;6;18,20;96,60;92,80;3,70;4;63,30;6;5;
2026-06-15 18:54:00.0;OFF;ON;100;2,30;2;6;18,20;96,60;92,80;3,70;4;63,80;6;5;
2026-06-15 18:55:00.0;OFF;ON;100;2,20;2;6;18,10;96,50;92,80;3,80;4;63,90;6;5;
2026-06-15 18:56:00.0;OFF;ON;100;2,40;2;6;18,10;96,50;92,80;3,60;4;65,30;5,90;5;
2026-06-15 18:57:00.0;OFF;ON;100;2,20;2;6;18,10;96,40;92,80;3,70;4;65;5,90;5;
2026-06-15 18:58:00.0;OFF;ON;100;1,90;1,90;5,90;18;96,40;92,80;4;4;64,20;5,90;5;
2026-06-15 18:59:00.0;OFF;ON;100;2,30;1,90;5,90;18;96,40;92,50;3,70;4;65,80;5,90;4,90;
2026-06-15 19:00:00.0;OFF;ON;100;2,30;1,90;5,90;17,90;96,40;92,60;3,60;4;66,70;5,90;4,90;
2026-06-15 19:01:00.0;OFF;ON;100;2,30;1,90;6;17,90;96,40;92,60;3,60;4;67,20;5,90;4,90;
2026-06-15 19:02:00.0;OFF;ON;100;2,40;2;5,90;17,90;96,50;92,60;3,60;4;67,80;5,90;5;
2026-06-15 19:03:00.0;OFF;ON;100;1,80;1,90;6;17,80;96,50;92,60;4,20;4;64,90;5,90;4,90;
2026-06-15 19:04:00.0;OFF;ON;100;1,80;2;5,90;17,80;96,50;92,60;4,10;4;64,90;5,90;4,90;
2026-06-15 19:05:00.0;OFF;ON;100;1,80;1,90;5,80;17,80;96,30;92,60;4,10;4;65,20;5,80;4,80;
2026-06-15 19:06:00.0;OFF;ON;100;1,80;1,80;5,80;17,70;96,10;92,60;4;4;65;5,70;4,70;
2026-06-15 19:07:00.0;OFF;ON;100;1,60;1,80;5,70;17,70;96,10;92,60;4,20;4;64,40;5,70;4,70;
2026-06-15 19:08:00.0;OFF;ON;100;1,70;1,70;5,70;17,60;96;92,60;4;4;64,90;5,70;4,60;
2026-06-15 19:09:00.0;OFF;ON;100;1,60;1,70;5,70;17,60;96;92,60;4,10;4;64,90;5,60;4,60;
2026-06-15 19:10:00.0;OFF;ON;100;1,60;1,70;5,60;17,60;96;92,60;4;4;64,50;5,60;4,60;
2026-06-15 19:11:00.0;OFF;ON;100;1,50;1,60;5,60;17,50;96;92,60;4,10;4;64,30;5,60;4,60;
2026-06-15 19:12:00.0;OFF;ON;100;1,60;1,60;5,60;17,50;96;92,60;4;4;64,40;5,50;4,60;
2026-06-15 19:13:00.0;OFF;ON;100;1,40;1,60;5,50;17,50;96;92,60;4,10;4;64,30;5,50;4,50;
2026-06-15 19:14:00.0;OFF;ON;100;1,50;1,50;5,50;17,40;96;92,60;4;4;64,40;5,50;4,50;
2026-06-15 19:15:00.0;OFF;ON;100;1,50;1,50;5,50;17,40;96;92,60;4;4;64,30;5,50;4,50;
2026-06-15 19:16:00.0;OFF;ON;100;1,40;1,50;5,50;17,30;96;92,60;4;4;64,20;5,40;4,40;
2026-06-15 19:17:00.0;OFF;ON;100;1,50;1,50;5,50;17,30;96;92,60;4;4;64,20;5,40;4,40;
2026-06-15 19:18:00.0;OFF;ON;100;1,50;1,40;5,40;17,30;96;92,60;3,90;4;65,10;5,40;4,40;
2026-06-15 19:19:00.0;OFF;ON;100;1,40;1,40;5,40;17,20;96;92,60;4;4;64,30;5,40;4,40;
2026-06-15 19:20:00.0;OFF;ON;100;1,40;1,40;5,40;17,20;96;92,60;4;4;65;5,30;4,40;
2026-06-15 19:21:00.0;OFF;ON;100;1,40;1,40;5,40;17,10;96;92,60;4;4;65,10;5,30;4,40;
2026-06-15 19:22:00.0;OFF;ON;100;1,30;1,40;5,40;17,10;96;92,60;4;4;65,10;5,30;4,40;
2026-06-15 19:23:00.0;OFF;ON;100;1,50;1,30;5,40;17,10;96;92,60;3,90;4;65,50;5,30;4,40;
2026-06-15 19:24:00.0;OFF;ON;100;1,30;1,40;5,30;17;96;92,60;4;4;65,30;5,30;4,30;
2026-06-15 19:25:00.0;OFF;ON;100;1,40;1,30;5,30;17;96;92,60;3,90;4;65,50;5,30;4,30;
2026-06-15 19:26:00.0;OFF;ON;100;1,30;1,30;5,30;17;96;92,60;3,90;4;65,40;5,20;4,30;
2026-06-15 19:27:00.0;OFF;ON;100;1,30;1,30;5,30;16,90;96;92,60;4;4;65,40;5,20;4,30;
2026-06-15 19:28:00.0;OFF;ON;100;1,30;1,30;5,30;16,90;96;92,60;4;4;65,60;5,20;4,30;
2026-06-15 19:29:00.0;OFF;ON;100;1,20;1,30;5,20;16,90;96;92,60;4;4;65,80;5,20;4,30;
2026-06-15 19:30:00.0;OFF;ON;100;1,40;1,20;5,20;16,80;96;92,60;3,90;4;66,30;5,20;4,30;
2026-06-15 19:31:00.0;OFF;ON;100;1,30;1,20;5,20;16,80;95,90;92,60;3,90;4;66,30;5,20;4,30;
2026-06-15 19:32:00.0;OFF;ON;100;1,20;1,20;5,20;16,80;95,90;92,60;4;4;66,10;5,20;4,20;
2026-06-15 19:33:00.0;OFF;ON;100;1,40;1,20;5,20;16,70;96;92,60;3,80;4;67;5,10;4,20;
2026-06-15 19:34:00.0;OFF;ON;100;1,20;1,20;5,10;16,70;96;92,60;4;4;66,50;5,10;4,20;
2026-06-15 19:35:00.0;OFF;ON;100;1,30;1,10;5,10;16,60;96;92,60;3,80;4;67,20;5,10;4,20;
2026-06-15 19:36:00.0;OFF;ON;100;1,20;1,10;5,10;16,60;96;92,60;3,90;4;66,80;5,10;4,20;
2026-06-15 19:37:00.0;OFF;ON;100;1,10;1,10;5,10;16,60;96;92,60;4;4;66,90;5,10;4,20;
2026-06-15 19:38:00.0;OFF;ON;100;1,20;1,10;5,10;16,50;96;92,60;3,90;4;67,20;5,10;4,20;
2026-06-15 19:39:00.0;OFF;ON;100;1,20;1,10;5,10;16,50;96;92,60;3,90;4;67,40;5;4,20;
2026-06-15 19:40:00.0;OFF;ON;100;1,20;1,10;5,10;16,40;96;92,60;3,80;4;68,20;5;4,10;
2026-06-15 19:41:00.0;OFF;ON;100;1,10;1;5,10;16,40;96;92,60;4;4;67,70;5;4,10;
2026-06-15 19:42:00.0;OFF;ON;100;1,10;1,10;5;16,40;96;92,60;3,90;4;68;5;4,10;
2026-06-15 19:43:00.0;OFF;ON;100;1;1;5;16,30;96;92,60;4;4;68,10;4,90;4,10;
2026-06-15 19:44:00.0;OFF;ON;100;1;1,50;5;16,30;96;92,60;4;4;64,60;4,90;4,10;
2026-06-15 19:45:00.0;OFF;ON;100;1;1,50;5;16,30;96;92,60;3,90;4;64;4,90;4;
2026-06-15 19:46:00.0;OFF;ON;100;1,10;1,50;5;16,20;96;92,60;3,90;3,50;63,80;4,90;4;
2026-06-15 19:47:00.0;OFF;ON;100;0,90;1,50;4,90;16,20;96;92,60;4,10;3,50;61,90;4,90;4;
2026-06-15 19:48:00.0;OFF;ON;100;0,60;1,40;4,90;16,20;96;92,60;4,30;3,50;59,30;4,90;4;
2026-06-15 19:49:00.0;OFF;ON;100;0,60;1,40;4,80;16,10;95,80;92,60;4,20;3,50;58,10;4,80;3,80;
2026-06-15 19:50:00.0;OFF;ON;100;0,70;1,30;4,80;16,10;95,60;92,60;4,10;3,50;57,50;4,70;3,80;
2026-06-15 19:51:00.0;OFF;ON;100;0,80;1,30;4,80;16;95,60;92,60;4;3,50;57,40;4,70;3,80;
2026-06-15 19:52:00.0;OFF;ON;100;0,90;1,30;4,80;16;95,60;92,60;3,80;3,50;57,60;4,70;3,80;
2026-06-15 19:53:00.0;OFF;ON;100;1,10;1,30;4,80;16;95,70;92,60;3,70;3,50;57,90;4,70;3,90;
2026-06-15 19:54:00.0;OFF;ON;100;1;1,30;4,80;15,90;95,90;92,60;3,80;3,50;56,80;4,80;3,90;
2026-06-15 19:55:00.0;OFF;ON;100;1,20;1,30;4,80;15,90;96;92,60;3,60;3,50;57,60;4,80;3,90;
2026-06-15 19:56:00.0;OFF;ON;100;1,10;1,30;4,80;15,90;96;92,60;3,70;3,50;56,80;4,80;3,90;
2026-06-15 19:57:00.0;OFF;ON;100;1,20;1,30;4,80;15,80;96;92,60;3,60;3,50;57,20;4,80;3,90;
2026-06-15 19:58:00.0;OFF;ON;100;1,20;1,30;4,80;15,80;96,10;92,60;3,60;3,50;56,90;4,80;4;
2026-06-15 19:59:00.0;OFF;ON;100;1,30;1,30;4,80;15,80;96,10;92,60;3,60;3,50;57;4,80;4;
2026-06-15 20:00:00.0;OFF;ON;100;1,70;1,30;4,80;15,70;96,10;92,60;3,10;3,50;59,80;4,80;4;
2026-06-15 20:01:00.0;OFF;ON;100;1,60;1,30;4,90;15,70;96,30;92,60;3,20;3,50;59,70;4,80;4,10;
2026-06-15 20:02:00.0;OFF;ON;100;1,70;1,40;4,90;15,70;96,40;92,60;3,20;3,50;60,30;4,80;4,10;
2026-06-15 20:03:00.0;OFF;ON;100;2,30;1,40;4,90;15,60;96,50;92,60;2,60;3,50;64,60;4,80;4,20;
2026-06-15 20:04:00.0;OFF;ON;100;2;1,40;5;15,60;96,50;92,60;2,90;3,50;63,60;4,90;4,30;
2026-06-15 20:05:00.0;OFF;ON;100;1,80;1,50;5;15,60;96,70;92,60;3,20;3,50;62,70;4,90;4,30;
2026-06-15 20:06:00.0;OFF;ON;100;1,80;1,50;5;15,50;96,80;92,60;3,20;3,50;63,30;4,90;4,30;
2026-06-15 20:07:00.0;OFF;ON;100;2,10;1,50;5;15,50;96,80;92,60;2,90;3,50;66,20;4,90;4,30;
2026-06-15 20:08:00.0;OFF;ON;100;1,80;1,50;5;15,40;96,80;92,60;3,20;3,50;64,70;4,90;4,40;
2026-06-15 20:09:00.0;OFF;ON;100;1,70;1,50;5;15,40;96,70;92,60;3,30;3,50;65,10;4,90;4,30;
2026-06-15 20:10:00.0;OFF;ON;100;1,70;1,50;5;15,40;96,70;92,60;3,30;3,50;65,40;4,90;4,30;
2026-06-15 20:11:00.0;OFF;ON;100;1,40;1,50;5;15,30;96,60;92,60;3,60;3,50;63,90;4,90;4,30;
2026-06-15 20:12:00.0;OFF;ON;100;1,10;1,40;4,90;15,30;96,50;92,60;3,80;3,50;62,20;4,90;4,10;
2026-06-15 20:13:00.0;OFF;ON;100;1,10;1,40;4,90;15,30;96,30;92,60;3,70;3,50;62,10;4,80;4;
2026-06-15 20:14:00.0;OFF;ON;100;1;1,30;4,80;15,20;96,10;92,60;3,80;3,50;61,40;4,80;4;
2026-06-15 20:15:00.0;OFF;ON;100;1;1,30;4,80;15,20;96;92,60;3,80;3,50;61,10;4,70;3,90;
2026-06-15 20:16:00.0;OFF;ON;100;1;1,30;4,70;15,20;96;92,60;3,80;3,50;60,70;4,70;3,90;
2026-06-15 20:17:00.0;OFF;ON;100;0,90;1,20;4,70;15,10;95,90;92,60;3,80;3,50;60,30;4,70;3,90;
2026-06-15 20:18:00.0;OFF;ON;100;1,10;1,20;4,70;15,10;95,90;92,60;3,60;3,50;60,90;4,70;3,90;
2026-06-15 20:19:00.0;OFF;ON;100;1;1,20;4,70;15;95,90;92,60;3,70;3,50;60,20;4,60;3,80;
2026-06-15 20:20:00.0;OFF;ON;100;0,90;1,20;4,70;15;95,90;92,60;3,80;3,50;59,30;4,60;3,80;
2026-06-15 20:21:00.0;OFF;ON;100;0,80;1,10;4,60;15;95,80;92,60;3,80;3,50;58,70;4,60;3,80;
2026-06-15 20:22:00.0;OFF;ON;100;0,90;1,10;4,60;14,90;95,90;92,60;3,80;3,50;58,60;4,60;3,80;
2026-06-15 20:23:00.0;OFF;ON;100;1;1,10;4,60;14,90;95,80;92,60;3,60;3,50;59;4,60;3,70;
2026-06-15 20:24:00.0;OFF;ON;100;1;1,10;4,60;14,90;95,90;92,60;3,60;3,50;58,60;4,50;3,70;
2026-06-15 20:25:00.0;OFF;ON;100;0,90;1,10;4,60;14,90;95,90;92,60;3,70;3,50;58,10;4,50;3,70;
2026-06-15 20:26:00.0;OFF;ON;100;0,90;1,10;4,60;14,80;95,90;92,60;3,70;3,50;57,50;4,50;3,70;
2026-06-15 20:27:00.0;OFF;ON;100;0,80;1,10;4,60;14,80;95,90;92,60;3,70;3,50;57,20;4,50;3,70;
2026-06-15 20:28:00.0;OFF;ON;100;0,90;1,10;4,50;14,80;95,90;92,60;3,60;3,50;57,40;4,50;3,70;
2026-06-15 20:29:00.0;OFF;ON;100;1;1;4,50;14,80;95,90;92,60;3,70;3,50;57,50;4,50;3,70;
2026-06-15 20:30:00.0;OFF;ON;100;0,90;1;4,50;14,70;96;92,60;3,70;3,50;56,90;4,50;3,70;
2026-06-15 20:31:00.0;OFF;ON;100;0,90;1;4,50;14,70;95,90;92,60;3,60;3,50;57,30;4,50;3,70;
2026-06-15 20:32:00.0;OFF;ON;100;0,80;1;4,50;14,70;96;92,60;3,70;3,50;57;4,50;3,70;
2026-06-15 20:33:00.0;OFF;ON;100;1;1;4,50;14,70;96;92,60;3,50;3,50;56,90;4,40;3,70;
2026-06-15 20:34:00.0;OFF;ON;100;0,90;1;4,50;14,60;96;92,60;3,60;3,50;56,80;4,40;3,70;
2026-06-15 20:35:00.0;OFF;ON;100;1;1;4,50;14,60;96;92,60;3,50;3,50;56,80;4,40;3,60;
2026-06-15 20:36:00.0;OFF;ON;100;1;1;4,50;14,60;96;92,60;3,50;3,50;56,60;4,40;3,60;
2026-06-15 20:37:00.0;OFF;ON;100;0,90;1;4,50;14,50;96;92,60;3,60;3,50;56,10;4,40;3,60;
2026-06-15 20:38:00.0;OFF;ON;100;1,50;1;4,50;14,50;96;92,60;3;3,50;59,50;4,40;3,70;
2026-06-15 20:39:00.0;OFF;ON;100;1,30;1;4,50;14,50;96;92,60;3,20;3,50;60,20;4,40;3,80;
2026-06-15 20:40:00.0;OFF;ON;100;1,40;1;4,50;14,50;96,20;92,60;3,10;3,50;60,10;4,50;3,80;
2026-06-15 20:41:00.0;OFF;ON;100;2,10;1;4,50;14,40;96,30;92,60;2,40;3,50;63,30;4,50;3,80;
2026-06-15 20:42:00.0;OFF;ON;100;1,50;1;4,50;14,40;96,30;92,60;3;3,50;65,30;4,50;4;
2026-06-15 20:43:00.0;OFF;ON;100;1,50;1,10;4,60;14,40;96,50;92,60;3,20;3,50;64,50;4,60;4;
2026-06-15 20:44:00.0;OFF;ON;100;1,50;1,10;4,60;14,30;96,70;92,60;3,10;3,50;63,80;4,60;4;
2026-06-15 20:45:00.0;OFF;ON;100;1,50;1,10;4,60;14,30;96,60;92,60;3,10;3,50;64,20;4,60;4;
2026-06-15 20:46:00.0;OFF;ON;100;1,50;1,10;4,60;14,30;96,50;92,60;3,10;3,50;65,20;4,60;4;
2026-06-15 20:47:00.0;OFF;ON;100;1,50;1,10;4,60;14,30;96,50;92,60;3,10;3,50;65,70;4,60;3,90;
2026-06-15 20:48:00.0;OFF;ON;100;1,50;1,10;4,60;14,20;96,50;92,60;3,10;3,50;66;4,50;3,90;
2026-06-15 20:49:00.0;OFF;ON;100;1,70;1,10;4,60;14,20;96,40;92,60;2,90;3,50;68,90;4,50;3,90;
2026-06-15 20:50:00.0;OFF;ON;100;1,10;1,10;4,60;14,20;96,50;92,60;3,50;3,50;66,50;4,50;3,90;
2026-06-15 20:51:00.0;OFF;ON;100;1,10;1,10;4,60;14,20;96,40;92,60;3,50;3,50;66,50;4,50;3,80;
2026-06-15 20:52:00.0;OFF;ON;100;1,10;1,10;4,50;14,10;96,20;92,60;3,50;3,50;66,50;4,50;3,80;
2026-06-15 20:53:00.0;OFF;ON;100;0,50;1;4,50;14,10;96,10;92,60;3,90;3,50;63;4,40;3,70;
2026-06-15 20:54:00.0;OFF;ON;100;0,30;1;4,50;14,10;96;92,60;4,10;3,50;61,20;4,40;3,50;
2026-06-15 20:55:00.0;OFF;ON;100;0,20;0,90;4,40;14;95,70;92,60;4,10;3,50;60,40;4,30;3,40;
2026-06-15 20:56:00.0;OFF;ON;100;0,30;0,80;4,30;14;95,40;92,60;3,90;3,50;60,30;4,20;3,30;
2026-06-15 20:57:00.0;OFF;ON;100;0,20;0,80;4,20;14;95,30;92,60;4;3,50;59,10;4,20;3,20;
2026-06-15 20:58:00.0;OFF;ON;100;0,20;0,70;4,20;14;95,20;92,60;4;3,50;58,70;4,10;3,20;
2026-06-15 20:59:00.0;OFF;ON;100;0,20;0,70;4,20;14;95,20;92,60;3,90;3,50;58,20;4,10;3,20;
2026-06-15 21:00:00.0;OFF;ON;100;0,30;0,60;4,10;13,90;95,30;92,60;3,80;3,50;58,50;4,10;3,20;
2026-06-15 21:01:00.0;OFF;ON;100;0,30;0,60;4,10;13,90;95,40;92,60;3,80;3,50;58;4,10;3,20;
2026-06-15 21:02:00.0;OFF;ON;100;0,40;0,60;4,10;13,90;95,40;92,60;3,70;3,50;58;4;3,20;
2026-06-15 21:03:00.0;OFF;ON;100;0,30;0,60;4,10;13,80;95,50;92,60;3,80;3,50;57;4,10;3,20;
2026-06-15 21:04:00.0;OFF;ON;100;0,30;0,60;4,10;13,80;95,50;92,60;3,80;3,50;56,70;4;3,20;
2026-06-15 21:05:00.0;OFF;ON;100;0,40;0,60;4,10;13,80;95,60;92,60;3,60;3,50;57,20;4;3,20;
2026-06-15 21:06:00.0;OFF;ON;100;0,50;0,60;4,10;13,80;95,60;92,60;3,60;3,50;57,10;4;3,20;
2026-06-15 21:07:00.0;OFF;ON;100;0,50;0,60;4,10;13,70;95,60;92,60;3,50;3,50;57,10;4;3,20;
2026-06-15 21:08:00.0;OFF;ON;100;0,50;0,60;4,10;13,70;95,70;92,60;3,60;3,50;56,90;4;3,20;
2026-06-15 21:09:00.0;OFF;ON;100;0,40;0,60;4,10;13,70;95,80;92,60;3,70;3,50;56,30;4;3,20;
2026-06-15 21:10:00.0;OFF;ON;100;0,40;0,60;4,10;13,70;95,80;92,60;3,60;3,50;56,30;4;3,20;
2026-06-15 21:11:00.0;OFF;ON;100;0,40;0,60;4,10;13,60;95,90;92,60;3,60;3,50;56,20;4;3,20;
2026-06-15 21:12:00.0;OFF;ON;100;0,60;0,60;4,10;13,60;95,90;92,60;3,40;3,50;57,30;4;3,20;
2026-06-15 21:13:00.0;OFF;ON;100;1,10;0,60;4,10;13,60;95,90;92,60;3;3,50;60;4;3,20;
2026-06-15 21:14:00.0;OFF;ON;100;1;0,60;4,10;13,60;95,90;92,60;3,10;3,50;60;4;3,40;
2026-06-15 21:15:00.0;OFF;ON;100;1;0,60;4,10;13,50;96;92,60;3,10;3,50;60,50;4,10;3,40;
2026-06-15 21:16:00.0;OFF;ON;100;1,50;0,60;4,10;13,50;96,10;92,60;2,60;3,50;64,80;4,10;3,50;
2026-06-15 21:17:00.0;OFF;ON;100;1,60;0,60;4,20;13,50;96,30;92,50;2,60;3,50;65,70;4,10;3,60;
2026-06-15 21:18:00.0;OFF;ON;100;1,10;0,70;4,30;13,50;96,60;92,50;3,20;3,50;64;4,20;3,70;
2026-06-15 21:19:00.0;OFF;ON;100;1,20;0,80;4,30;13,40;96,60;92,50;3;3,50;65,30;4,20;3,60;
2026-06-15 21:20:00.0;OFF;ON;100;1,10;0,80;4,20;13,40;96,50;92,50;3,10;3,50;65,70;4,20;3,60;
2026-06-15 21:21:00.0;OFF;ON;100;1,10;0,70;4,20;13,40;96,40;92,50;3,10;3,50;66,50;4,10;3,60;
2026-06-15 21:22:00.0;OFF;ON;100;1,20;0,70;4,20;13,40;96,40;92,50;3,10;3,50;67,40;4,20;3,60;
2026-06-15 21:23:00.0;OFF;ON;100;1,50;0,70;4,20;13,30;96,40;92,50;2,70;3,50;69,90;4,10;3,50;
2026-06-15 21:24:00.0;OFF;ON;100;1;0,70;4,20;13,30;96,30;92,50;3,20;3,50;68,40;4,10;3,60;
2026-06-15 21:25:00.0;OFF;ON;100;1,50;0,70;4,20;13,30;96,40;92,50;2,70;3,50;71,70;4,10;3,60;
2026-06-15 21:26:00.0;OFF;ON;100;1,40;0,70;4,20;13,20;96,40;92,50;2,80;3,50;73,10;4,10;3,60;
2026-06-15 21:27:00.0;OFF;ON;100;0,80;0,70;4,30;13,20;96,40;92,50;3,50;3,50;70,30;4,20;3,70;
2026-06-15 21:28:00.0;OFF;ON;100;0,80;0,80;4,30;13,20;96,50;92,50;3,40;3,50;70,80;4,20;3,70;
2026-06-15 21:29:00.0;OFF;ON;100;0,20;0,80;4,20;13,20;96,40;92,50;4;3,50;67,30;4,10;3,50;
2026-06-15 21:30:00.0;OFF;ON;100;-0,20;0,70;4,10;13,10;96,10;92,50;4,30;3,50;64,40;4,10;3,30;
2026-06-15 21:31:00.0;OFF;ON;100;-0,20;0,60;4;13,10;95,80;92,50;4,20;3,50;64,40;4;3,10;
2026-06-15 21:32:00.0;OFF;ON;100;-0,30;0,50;3,90;13,10;95,30;92,50;4,10;3,50;63,10;3,90;2,90;
2026-06-15 21:33:00.0;OFF;ON;100;-0,40;0,40;3,80;13,10;95;92,50;4,10;3,50;62;3,80;2,80;
2026-06-15 21:34:00.0;OFF;ON;100;-0,50;0,30;3,70;13;94,90;92,50;4,20;3,50;61;3,70;2,70;
2026-06-15 21:35:00.0;OFF;ON;100;-0,40;0,20;3,70;13;94,80;92,50;4;3,50;60,90;3,60;2,70;
2026-06-15 21:36:00.0;OFF;ON;100;-0,20;0,20;3,60;13;94,90;92,50;3,90;3,50;60,90;3,60;2,60;
2026-06-15 21:37:00.0;OFF;ON;100;-0,20;0,10;3,60;13;95;92,50;3,80;3,50;60,50;3,50;2,60;
2026-06-15 21:38:00.0;OFF;ON;100;-0,30;0,10;3,60;12,90;95;92,50;3,90;3,50;59,50;3,50;2,60;
2026-06-15 21:39:00.0;OFF;ON;100;-0,30;0,10;3,60;12,90;95;92,50;3,90;3,50;59;3,50;2,60;
2026-06-15 21:40:00.0;OFF;ON;100;-0,10;0,10;3,60;12,90;95,10;92,60;3,70;3,50;59,40;3,50;2,60;
2026-06-15 21:41:00.0;OFF;ON;100;-0,20;0,10;3,60;12,90;95,20;92,50;3,80;3,50;58,70;3,50;2,60;
2026-06-15 21:42:00.0;OFF;ON;100;-0,20;0,10;3,60;12,80;95,30;92,50;3,70;3,50;58,50;3,50;2,60;
2026-06-15 21:43:00.0;OFF;ON;100;0;0,10;3,60;12,80;95,30;92,50;3,60;3,50;58,90;3,50;2,60;
2026-06-15 21:44:00.0;OFF;ON;100;-0,10;0,10;3,50;12,80;95,40;92,50;3,60;3,50;58,60;3,50;2,70;
2026-06-15 21:45:00.0;OFF;ON;100;-0,10;0;3,60;12,80;95,40;92,50;3,70;3,50;58;3,50;2,70;
2026-06-15 21:46:00.0;OFF;ON;100;0;0,10;3,50;12,70;95,50;92,50;3,50;3,50;58,40;3,50;2,70;
2026-06-15 21:47:00.0;OFF;ON;100;-0,10;0;3,50;12,70;95,60;92,50;3,60;3,50;58,20;3,50;2,70;
2026-06-15 21:48:00.0;OFF;ON;100;0,10;0;3,60;12,70;95,60;92,50;3,50;3,50;58,30;3,50;2,70;
2026-06-15 21:49:00.0;OFF;ON;100;0;0,10;3,60;12,70;95,60;92,50;3,50;3,50;58,30;3,50;2,70;
2026-06-15 21:50:00.0;OFF;ON;100;0;0,10;3,60;12,60;95,70;92,50;3,60;3,50;58,20;3,50;2,70;
2026-06-15 21:51:00.0;OFF;ON;100;0,10;0,10;3,50;12,60;95,70;92,50;3,50;3,50;58,10;3,50;2,70;
2026-06-15 21:52:00.0;OFF;ON;100;0;0;3,50;12,60;95,70;92,50;3,50;3,50;57,90;3,50;2,70;
2026-06-15 21:53:00.0;OFF;ON;100;0,40;0;3,50;12,60;95,70;92,50;3,10;3,50;61,10;3,40;2,70;
2026-06-15 21:54:00.0;OFF;ON;100;0,20;0;3,50;12,50;95,70;92,50;3,30;3,50;60,30;3,40;2,80;
2026-06-15 21:55:00.0;OFF;ON;100;0,40;0;3,60;12,50;96;92,50;3,20;3,50;61,40;3,50;2,80;
2026-06-15 21:56:00.0;OFF;ON;100;1,10;0,10;3,60;12,50;96;92,50;2,50;3,50;66,80;3,50;2,90;
2026-06-15 21:57:00.0;OFF;ON;100;0,70;0,10;3,70;12,50;96,20;92,50;3;3,50;64,90;3,50;3,10;
2026-06-15 21:58:00.0;OFF;ON;100;0,50;0,20;3,70;12,50;96,40;92,50;3,20;3,50;64,70;3,60;3,10;
2026-06-15 21:59:00.0;OFF;ON;100;0,50;0,20;3,70;12,40;96,40;92,50;3,20;3,50;64,80;3,60;3;
2026-06-15 22:00:00.0;OFF;ON;100;1;0,20;3,70;12,40;96,30;92,50;2,70;3,50;68,30;3,60;3;
2026-06-15 22:01:00.0;OFF;ON;100;0,60;0,20;3,70;12,40;96,20;92,50;3,10;3,50;67,20;3,60;3,10;
2026-06-15 22:02:00.0;OFF;ON;100;0,60;0,20;3,70;12,30;96,30;92,50;3,10;3,50;67,50;3,60;3;
2026-06-15 22:03:00.0;OFF;ON;100;1,10;0,20;3,70;12,30;96,20;92,50;2,60;3,50;71,70;3,60;3;
2026-06-15 22:04:00.0;OFF;ON;100;0,70;0,20;3,70;12,30;96,30;92,50;3;3,50;70,10;3,60;3,10;
2026-06-15 22:05:00.0;OFF;ON;100;0,40;0,20;3,70;12,30;96,40;92,50;3,30;3,50;68,90;3,60;3,10;
2026-06-15 22:06:00.0;OFF;ON;100;0,20;0,20;3,70;12,20;96,20;92,50;3,50;3,50;68,20;3,60;3;
2026-06-15 22:07:00.0;OFF;ON;100;-0,20;0,20;3,60;12,20;96,20;92,50;3,90;3,50;65,70;3,50;2,90;
2026-06-15 22:08:00.0;OFF;ON;100;-0,50;0,10;3,50;12,20;95,90;92,50;4;3,50;64;3,40;2,60;
2026-06-15 22:09:00.0;OFF;ON;100;-0,40;0;3,40;12,20;95,50;92,50;3,90;3,50;63,90;3,30;2,50;
2026-06-15 22:10:00.0;OFF;ON;100;-0,60;-0,10;3,40;12,20;95,30;92,50;4;3,50;62,70;3,30;2,40;
2026-06-15 22:11:00.0;OFF;ON;100;-0,50;-0,10;3,30;12,10;95,10;92,50;3,80;3,50;62,80;3,20;2,30;
2026-06-15 22:12:00.0;OFF;ON;100;-0,60;-0,20;3,20;12,10;95;92,50;3,80;3,50;62,10;3,20;2,30;
2026-06-15 22:13:00.0;OFF;ON;100;-0,70;-0,30;3,20;12,10;94,90;92,50;3,90;3,50;61,10;3,10;2,20;
2026-06-15 22:14:00.0;OFF;ON;100;-0,60;-0,30;3,20;12;95;92,50;3,80;3,50;61,30;3,10;2,20;
2026-06-15 22:15:00.0;OFF;ON;100;-0,70;-0,30;3,10;12;95,10;92,50;3,80;3,50;60,50;3,10;2,20;
2026-06-15 22:16:00.0;OFF;ON;100;-0,50;-0,40;3,10;12;95;92,50;3,60;3,50;61,40;3;2,20;
2026-06-15 22:17:00.0;OFF;ON;100;-0,60;-0,40;3,10;12;95,10;92,50;3,70;3,50;60,70;3;2,20;
2026-06-15 22:18:00.0;OFF;ON;100;-0,50;-0,40;3,10;12;95,10;92,50;3,60;3,50;60,70;3;2,20;
2026-06-15 22:19:00.0;OFF;ON;100;-0,50;-0,40;3,10;11,90;95,20;92,50;3,60;3,50;60,50;3;2,20;
2026-06-15 22:20:00.0;OFF;ON;100;-0,50;-0,40;3,10;11,90;95,20;92,50;3,60;3,50;60,30;3;2,20;
2026-06-15 22:21:00.0;OFF;ON;100;-0,60;-0,40;3,10;11,90;95,30;92,50;3,60;3,50;59,90;3;2,20;
2026-06-15 22:22:00.0;OFF;ON;100;-0,40;-0,40;3,10;11,90;95,40;92,50;3,50;3,50;60,10;3;2,20;
2026-06-15 22:23:00.0;OFF;ON;100;-0,40;-0,40;3,10;11,80;95,40;92,50;3,50;3,50;60,10;3;2,20;
2026-06-15 22:24:00.0;OFF;ON;100;-0,50;-0,40;3,10;11,80;95,40;92,50;3,60;3,50;59,80;3;2,20;
2026-06-15 22:25:00.0;OFF;ON;100;-0,50;-0,40;3,10;11,80;95,50;92,50;3,60;3,50;59,60;3;2,20;
2026-06-15 22:26:00.0;OFF;ON;100;-0,60;-0,40;3,10;11,80;95,40;92,50;3,60;3,50;59,60;3;2,20;
2026-06-15 22:27:00.0;OFF;ON;100;-0,30;-0,40;3;11,70;95,50;92,50;3,40;3,50;60,80;2,90;2,20;
2026-06-15 22:28:00.0;OFF;ON;100;-0,10;-0,50;3;11,70;95,50;92,50;3,10;3,50;63,20;3;2,20;
2026-06-15 22:29:00.0;OFF;ON;100;-0,10;-0,50;3,10;11,70;95,60;92,50;3,20;3,50;63;3;2,30;
2026-06-15 22:30:00.0;OFF;ON;100;0,20;-0,40;3,10;11,70;95,90;92,50;2,90;3,50;65,20;3;2,30;
2026-06-15 22:31:00.0;OFF;ON;100;0,50;-0,40;3,10;11,60;95,90;92,50;2,60;3,50;68,40;3,10;2,50;
2026-06-15 22:32:00.0;OFF;ON;100;0,20;-0,40;3,20;11,60;96,10;92,50;3,10;3,50;66,80;3,10;2,60;
2026-06-15 22:33:00.0;OFF;ON;100;0,10;-0,30;3,20;11,60;96,20;92,50;3,10;3,50;67;3,20;2,60;
2026-06-15 22:34:00.0;OFF;ON;100;0,10;-0,30;3,20;11,60;96,20;92,50;3,10;3,50;67,60;3,10;2,50;
2026-06-15 22:35:00.0;OFF;ON;100;0,10;-0,30;3,20;11,50;96,20;92,50;3,10;3,50;68,50;3,10;2,50;
2026-06-15 22:36:00.0;OFF;ON;100;0,10;-0,30;3,20;11,50;96,10;92,50;3,10;3,50;68,80;3,10;2,50;
2026-06-15 22:37:00.0;OFF;ON;100;0;-0,30;3,20;11,50;96,10;92,50;3,20;3,50;68,80;3,10;2,50;
2026-06-15 22:38:00.0;OFF;ON;100;0,40;-0,30;3,20;11,50;96,10;92,50;2,80;3,50;72,10;3,10;2,50;
2026-06-15 22:39:00.0;OFF;ON;100;-0,10;-0,30;3,20;11,40;96,10;92,50;3,30;3,50;70,10;3,10;2,60;
2026-06-15 22:40:00.0;OFF;ON;100;0;-0,30;3,20;11,40;96,10;92,50;3,20;3,50;70,80;3,10;2,50;
2026-06-15 22:41:00.0;OFF;ON;100;-0,30;-0,30;3,20;11,40;96;92,50;3,40;3,50;70;3,10;2,40;
2026-06-15 22:42:00.0;OFF;ON;100;-0,50;-0,30;3,10;11,40;95,90;92,50;3,60;3,50;68,70;3;2,40;
2026-06-15 22:43:00.0;OFF;ON;100;-0,70;-0,40;3,10;11,40;95,60;92,50;3,80;3,50;67,10;3;2,20;
2026-06-15 22:44:00.0;OFF;ON;100;-1;-0,40;2,90;11,30;95,40;92,50;3,90;3,50;65,80;2,80;2;
2026-06-15 22:45:00.0;OFF;ON;100;-1,10;-0,60;2,90;11,30;95,10;92,50;3,90;3,50;65;2,80;1,90;
2026-06-15 22:46:00.0;OFF;ON;100;-1,10;-0,60;2,80;11,30;94,90;92,50;3,90;3,50;64,70;2,70;1,80;
2026-06-15 22:47:00.0;OFF;ON;100;-1,10;-0,70;2,80;11,20;95;92,50;3,90;3,50;64;2,70;1,70;
2026-06-15 22:48:00.0;OFF;ON;100;-1,20;-0,70;2,70;11,20;94,90;92,50;3,90;3,50;63,20;2,60;1,70;
2026-06-15 22:49:00.0;OFF;ON;100;-1,20;-0,80;2,70;11,20;94,90;92,50;3,90;3,50;63;2,60;1,70;
2026-06-15 22:50:00.0;OFF;ON;100;-1,20;-0,80;2,60;11,20;94,90;92,50;3,80;3,50;62,80;2,50;1,60;
2026-06-15 22:51:00.0;OFF;ON;100;-1,10;-0,90;2,60;11,10;94,90;92,50;3,70;3,50;63,10;2,50;1,60;
2026-06-15 22:52:00.0;OFF;ON;100;-1,20;-0,90;2,60;11,10;94,90;92,50;3,80;3,50;62;2,50;1,60;
2026-06-15 22:53:00.0;OFF;ON;100;-1,10;-0,90;2,60;11,10;94,90;92,50;3,70;3,50;62,30;2,50;1,60;
2026-06-15 22:54:00.0;OFF;ON;100;-1;-0,90;2,60;11,10;95;92,50;3,60;3,50;62,40;2,50;1,60;
2026-06-15 22:55:00.0;OFF;ON;100;-1;-0,90;2,60;11,10;95;92,50;3,70;3,50;61,60;2,50;1,60;
2026-06-15 22:56:00.0;OFF;ON;100;-1,10;-0,90;2,60;11;95,10;92,50;3,70;3,50;61,70;2,50;1,60;
2026-06-15 22:57:00.0;OFF;ON;100;-1,10;-0,90;2,60;11;95,10;92,50;3,70;3,50;61,50;2,50;1,60;
2026-06-15 22:58:00.0;OFF;ON;100;-1,10;-0,90;2,50;11;95,20;92,50;3,60;3,50;61,60;2,40;1,60;
2026-06-15 22:59:00.0;OFF;ON;100;-1;-1;2,50;11;95,20;92,50;3,60;3,50;61,90;2,40;1,60;
2026-06-15 23:00:00.0;OFF;ON;100;-1;-1;2,50;10,90;95,20;92,50;3,50;3,50;61,70;2,40;1,60;
2026-06-15 23:01:00.0;OFF;ON;100;-1;-1;2,50;10,90;95,20;92,50;3,50;3,50;61,60;2,40;1,60;
2026-06-15 23:02:00.0;OFF;ON;100;-1;-1;2,50;10,90;95,20;92,50;3,50;3,50;61,70;2,40;1,60;
2026-06-15 23:03:00.0;OFF;ON;100;-0,50;-1;2,50;10,90;95,20;92,50;3;3,50;65,20;2,40;1,60;
2026-06-15 23:04:00.0;OFF;ON;100;-0,80;-1;2,50;10,80;95,50;92,50;3,30;3,50;64,20;2,40;1,80;
2026-06-15 23:05:00.0;OFF;ON;100;-0,70;-1;2,60;10,80;95,50;92,50;3,20;3,50;65;2,50;1,80;
2026-06-15 23:06:00.0;OFF;ON;100;0;-0,90;2,60;10,80;95,70;92,50;2,60;3,50;70;2,50;1,90;
2026-06-15 23:07:00.0;OFF;ON;100;-0,40;-0,90;2,70;10,80;95,90;92,50;3,10;3,50;68,50;2,60;2,10;
2026-06-15 23:08:00.0;OFF;ON;100;-0,40;-0,80;2,70;10,80;96,10;92,50;3,10;3,50;68,80;2,60;2;
2026-06-15 23:09:00.0;OFF;ON;100;-0,40;-0,80;2,70;10,70;96,10;92,50;3,20;3,50;69;2,60;2;
2026-06-15 23:10:00.0;OFF;ON;100;-0,30;-0,80;2,70;10,70;96;92,50;3;3,50;70,70;2,60;2;
2026-06-15 23:11:00.0;OFF;ON;100;-0,50;-0,80;2,70;10,70;96;92,50;3,20;3,50;70,50;2,60;2;
2026-06-15 23:12:00.0;OFF;ON;100;-0,60;-0,80;2,70;10,60;95,90;92,50;3,30;3,50;70,60;2,60;1,90;
2026-06-15 23:13:00.0;OFF;ON;100;-0,10;-0,80;2,70;10,60;95,90;92,50;2,70;3,50;74,20;2,50;1,90;
2026-06-15 23:14:00.0;OFF;ON;100;-0,50;-0,80;2,70;10,60;95,90;92,50;3,20;3,50;72,60;2,60;2;
2026-06-15 23:15:00.0;OFF;ON;100;0,10;-0,80;2,70;10,60;96;92,50;2,60;3,50;77,30;2,60;2;
2026-06-15 23:16:00.0;OFF;ON;100;0;-0,80;2,70;10,60;96;92,50;2,70;3,50;78,30;2,60;2,10;
2026-06-15 23:17:00.0;OFF;ON;100;-0,30;-0,80;2,80;10,50;96,10;92,50;3;3,50;77,10;2,70;2,20;
2026-06-15 23:18:00.0;OFF;ON;100;-0,40;-0,70;2,80;10,50;96,30;92,50;3,20;3,50;76,60;2,60;2,10;
2026-06-15 23:19:00.0;OFF;ON;100;-1;-0,70;2,70;10,50;96,10;92,50;3,80;3,50;73,40;2,60;1,90;
2026-06-15 23:20:00.0;OFF;ON;100;-1,50;-0,80;2,60;10,50;95,90;92,50;4,10;3,50;70,50;2,50;1,60;
2026-06-15 23:21:00.0;OFF;ON;100;-1,70;-0,90;2,50;10,40;95,40;92,50;4,20;3,50;69,30;2,30;1,40;
2026-06-15 23:22:00.0;OFF;ON;100;-1,90;-1;2,30;10,40;94,90;92,50;4,20;3,50;67,70;2,20;1,20;
2026-06-15 23:23:00.0;OFF;ON;100;-1,80;-1,20;2,20;10,40;94,50;92,50;4,10;3,50;67,40;2,10;1,10;
2026-06-15 23:24:00.0;OFF;ON;100;-1,80;-1,30;2,20;10,30;94,30;92,50;4;3,50;66,90;2;1;
2026-06-15 23:25:00.0;OFF;ON;100;-2;-1,30;2,10;10,30;94,30;92,50;4,10;3,50;65,50;2;0,90;
2026-06-15 23:26:00.0;OFF;ON;100;-1,90;-1,40;2,10;10,30;94,40;92,50;4;3,50;65,20;1,90;0,90;
2026-06-15 23:27:00.0;OFF;ON;100;-1,80;-1,40;2;10,30;94,40;92,50;3,90;3,50;65,20;1,90;0,90;
2026-06-15 23:28:00.0;OFF;ON;100;-1,90;-1,50;2;10,30;94,50;92,50;4;3,50;63,80;1,90;0,90;
2026-06-15 23:29:00.0;OFF;ON;100;-1,80;-1,50;2;10,20;94,50;92,50;3,80;3,50;64,20;1,90;0,90;
2026-06-15 23:30:00.0;OFF;ON;100;-1,80;-1,50;2;10,20;94,60;92,50;3,80;3,50;63,50;1,80;0,90;
2026-06-15 23:31:00.0;OFF;ON;100;-1,70;-1,50;2;10,20;94,70;92,50;3,70;3,50;63,80;1,80;0,90;
2026-06-15 23:32:00.0;OFF;ON;100;-1,60;-1,50;2;10,20;94,80;92,50;3,60;3,50;64;1,80;0,90;
2026-06-15 23:33:00.0;OFF;ON;100;-1,70;-1,50;2;10,10;94,90;92,50;3,70;3,50;63,40;1,80;0,90;
2026-06-15 23:34:00.0;OFF;ON;100;-1,60;-1,50;2;10,10;95;92,50;3,60;3,50;63,80;1,80;0,90;
2026-06-15 23:35:00.0;OFF;ON;100;-1,50;-1,50;2;10,10;95,10;92,50;3,50;3,50;63,70;1,80;0,90;
2026-06-15 23:36:00.0;OFF;ON;100;-1,60;-1,50;2;10;95,20;92,50;3,60;3,50;63,50;1,80;1;
2026-06-15 23:37:00.0;OFF;ON;100;-1,50;-1,50;2;10;95,10;92,50;3,50;3,50;63,60;1,80;1;
2026-06-15 23:38:00.0;OFF;ON;100;-1,50;-1,50;2;10;95,20;92,50;3,50;3,50;63,60;1,80;1;
2026-06-15 23:39:00.0;OFF;ON;100;-1,50;-1,50;2;10;95,10;92,50;3,50;3,50;63,60;1,80;1;
2026-06-15 23:40:00.0;OFF;ON;100;-1,60;-1,50;1,90;10;95,20;92,50;3,50;3,50;63,40;1,80;1;
2026-06-15 23:41:00.0;OFF;ON;100;-0,90;-1,60;1,90;10;95,20;92,50;2,80;3,50;68;1,80;0,90;
2026-06-15 23:42:00.0;OFF;ON;100;-1,30;-1,60;2;9,90;95,30;92,50;3,30;3,50;66,30;1,90;1,10;
2026-06-15 23:43:00.0;OFF;ON;100;-0,80;-1,50;2;9,90;95,60;92,50;2,80;3,50;69,40;1,90;1,20;
2026-06-15 23:44:00.0;OFF;ON;100;-0,50;-1,50;2;9,90;95,60;92,50;2,50;3,50;72,90;1,90;1,20;
2026-06-15 23:45:00.0;OFF;ON;100;-0,90;-1,50;2,10;9,90;95,90;92,50;3;3,50;71,20;2;1,50;
2026-06-15 23:46:00.0;OFF;ON;100;-1;-1,30;2,20;9,90;96;92,50;3,20;3,50;70,90;2;1,40;
2026-06-15 23:47:00.0;OFF;ON;100;-1,10;-1,40;2,10;9,80;96;92,50;3,30;3,50;71,10;2;1,40;
2026-06-15 23:48:00.0;OFF;ON;100;-0,80;-1,40;2,10;9,80;95,90;92,50;2,90;3,50;73,30;2;1,30;
2026-06-15 23:49:00.0;OFF;ON;100;-1;-1,40;2,10;9,80;95,90;92,50;3,10;3,50;73,30;2;1,30;
2026-06-15 23:50:00.0;OFF;ON;100;-1;-1,40;2,10;9,80;95,90;92,50;3,10;3,50;73,60;2;1,30;
2026-06-15 23:51:00.0;OFF;ON;100;-1,20;-1,40;2,10;9,80;95,80;92,50;3,30;3,50;73;1,90;1,30;
2026-06-15 23:52:00.0;OFF;ON;100;-1,70;-1,40;2,10;9,70;95,70;92,50;3,80;3,50;70,60;1,90;1,20;
2026-06-15 23:53:00.0;OFF;ON;100;-1,70;-1,50;2;9,70;95,60;92,40;3,70;3,50;70,40;1,80;1,10;
2026-06-15 23:54:00.0;OFF;ON;100;-1,70;-1,60;1,90;9,70;95,40;92,50;3,60;3,50;70,70;1,70;0,90;
2026-06-15 23:55:00.0;OFF;ON;100;-1,70;-1,70;1,90;9,70;95,10;92,50;3,50;3,50;70,90;1,70;0,80;
2026-06-15 23:56:00.0;OFF;ON;100;-1,70;-1,70;1,80;9,70;95;92,50;3,50;3,50;70,80;1,70;0,80;
2026-06-15 23:57:00.0;OFF;ON;100;-1,70;-1,70;1,80;9,60;95;92,50;3,50;3,50;70,70;1,60;0,80;
2026-06-15 23:58:00.0;OFF;ON;100;-1,80;-1,70;1,80;9,60;94,90;92,40;3,60;3,50;70,50;1,60;0,80;
2026-06-15 23:59:00.0;OFF;ON;100;-1,90;-1,70;1,80;9,60;95;92,50;3,70;3,50;70;1,60;0,80;
