CamCarcacas2;
2026-06-16 00:00;2026-06-17 00:00;
12144 Frigorífico Thoms;
ayron.costa;
" ";CPCO 51 - Câmara de carcaças - Controle de temperatura 1;CPCO 51 - Câmara de carcaças - Controle de temperatura 1;CPCO 51 - Câmara de carcaças - Controle de temperatura 1;CPCO 51 - Câmara de carcaças - Controle de temperatura 1;CPCO 51 - Câmara de carcaças - Controle de temperatura 1;CPCO 51 - Câmara de carcaças - Controle de temperatura 1;CPCO 52 - Câmara de carcaças - Controle de temperatura 2;CPCO 52 - Câmara de carcaças - Controle de temperatura 2;CPCO 53 - Balança;CPCO 51 - Câmara de carcaças - Controle de temperatura 1;CPCO 51 - Câmara de carcaças - Controle de temperatura 1;CPCO 51 - Câmara de carcaças - Controle de temperatura 1;CPCO 51 - Câmara de carcaças - Controle de temperatura 1;CPCO 54 - Câmara de carcaças - Controle de temperatura 3;
" ";Carregamento;Resfriamento;Saida Y1 - Ventiladores EC;Temp entrada glicol;Temp ref;Temp retorno ar;Temperatuda espeto;Umidade relativa da camara;Peso atual;DT Atual;DT ref;Cap Atual Valvula;Temp retorno ar M1A08;Temp Insuf de ar M1A08;" ";
2026-06-16 00:00:00.0;OFF;ON;100;-1,80;-1,70;1,80;9,60;95;92,50;3,50;3,50;70,30;1,60;0,70;
2026-06-16 00:01:00.0;OFF;ON;100;-1,90;-1,80;1,70;9,60;95;92,40;3,60;3,50;70,30;1,60;0,70;
2026-06-16 00:02:00.0;OFF;ON;100;-1,80;-1,80;1,70;9,50;94,90;92,50;3,50;3,50;70,10;1,50;0,70;
2026-06-16 00:03:00.0;OFF;ON;100;-1,80;-1,80;1,70;9,50;94,90;92,50;3,50;3,50;70,10;1,50;0,70;
2026-06-16 00:04:00.0;OFF;ON;100;-1,20;-1,90;1,60;9,50;94,90;92,50;2,80;3,50;74,70;1,50;0,60;
2026-06-16 00:05:00.0;OFF;ON;100;-1,50;-1,80;1,70;9,50;95;92,50;3,20;3,50;73,30;1,50;0,80;
2026-06-16 00:06:00.0;OFF;ON;100;-1,50;-1,80;1,70;9,50;95,20;92,50;3,20;3,50;73,70;1,60;0,80;
2026-06-16 00:07:00.0;OFF;ON;100;-1;-1,80;1,70;9,40;95,30;92,50;2,70;3,50;77,60;1,60;0,80;
2026-06-16 00:08:00.0;OFF;ON;100;-1,60;-1,80;1,70;9,40;95,40;92,40;3,30;3,50;74,80;1,60;0,90;
2026-06-16 00:09:00.0;OFF;ON;100;-1,60;-1,70;1,80;9,40;95,50;92,40;3,40;3,50;75,20;1,60;1;
2026-06-16 00:10:00.0;OFF;ON;100;-1,60;-1,80;1,70;9,40;95,50;92,40;3,30;3,50;75,90;1,60;0,90;
2026-06-16 00:11:00.0;OFF;ON;100;-2,30;-1,80;1,70;9,40;95,50;92,40;4;3,50;72,50;1,60;0,80;
2026-06-16 00:12:00.0;OFF;ON;100;-2,40;-1,80;1,70;9,30;95,30;92,40;4;3,50;71,60;1,50;0,60;
2026-06-16 00:13:00.0;OFF;ON;100;-2,40;-2;1,50;9,30;95,10;92,50;3,90;3,50;71,40;1,40;0,50;
2026-06-16 00:14:00.0;OFF;ON;100;-2,20;-2;1,50;9,30;94,90;92,40;3,70;3,50;72,40;1,30;0,40;
2026-06-16 00:15:00.0;OFF;ON;100;-2,20;-2,10;1,40;9,30;94,80;92,50;3,80;3,50;71,70;1,30;0,30;
2026-06-16 00:16:00.0;OFF;ON;100;-2,30;-2,10;1,40;9,30;94,70;92,50;3,60;3,50;72;1,20;0,30;
2026-06-16 00:17:00.0;OFF;ON;100;-2,20;-2,10;1,40;9,20;94,70;92,50;3,60;3,50;72,30;1,20;0,30;
2026-06-16 00:18:00.0;OFF;ON;100;-2,20;-2,20;1,30;9,20;94,80;92,40;3,60;3,50;71,90;1,20;0,30;
2026-06-16 00:19:00.0;OFF;ON;100;-2,30;-2,20;1,30;9,20;94,70;92,50;3,60;3,50;71,50;1,20;0,30;
2026-06-16 00:20:00.0;OFF;ON;100;-2,30;-2,20;1,30;9,20;94,80;92,50;3,60;3,50;71,20;1,20;0,20;
2026-06-16 00:21:00.0;OFF;ON;100;-2,40;-2,20;1,30;9,20;94,80;92,40;3,70;3,50;70,60;1,10;0,20;
2026-06-16 00:22:00.0;OFF;ON;100;-2,50;-2,30;1,30;9,10;94,70;92,40;3,70;3,50;70,30;1,10;0,20;
2026-06-16 00:23:00.0;OFF;ON;100;-2,50;-2,30;1,20;9,10;94,80;92,40;3,80;3,50;69,80;1,10;0,20;
2026-06-16 00:24:00.0;OFF;ON;100;-2,50;-2,30;1,20;9,10;94,80;92,40;3,70;3,50;69,80;1,10;0,20;
2026-06-16 00:25:00.0;OFF;ON;100;-2,40;-2,30;1,20;9,10;94,80;92,40;3,60;3,50;70,40;1;0,10;
2026-06-16 00:26:00.0;OFF;ON;100;-2,50;-2,30;1,20;9,10;94,80;92,40;3,70;3,50;69,60;1;0,10;
2026-06-16 00:27:00.0;OFF;ON;100;-1,80;-2,40;1,10;9;94,80;92,40;3;3,50;73,80;1;0,10;
2026-06-16 00:28:00.0;OFF;ON;100;-2,10;-2,40;1,10;9;94,80;92,40;3,20;3,50;72,90;1;0,20;
2026-06-16 00:29:00.0;OFF;ON;100;-2;-2,20;1,30;9;95,10;92,40;3,30;3,50;72,90;1,10;0,30;
2026-06-16 00:30:00.0;OFF;ON;100;-2,10;-2,30;1,20;9;95,10;92,40;3,40;3,50;72,50;1,10;0,30;
2026-06-16 00:31:00.0;OFF;ON;100;-2,20;-2,30;1,20;9;95,10;92,40;3,40;3,50;72,70;1,10;0,30;
2026-06-16 00:32:00.0;OFF;ON;100;-2,20;-2,30;1,20;9;95,10;92,40;3,40;3,50;72,90;1,10;0,30;
2026-06-16 00:33:00.0;OFF;ON;100;-2;-2,30;1,20;8,90;95,20;92,40;3,20;3,50;74,70;1,10;0,30;
2026-06-16 00:34:00.0;OFF;ON;100;-1,90;-2,30;1,20;8,90;95,30;92,40;3,20;3,50;75,60;1,10;0,30;
2026-06-16 00:35:00.0;OFF;ON;100;-2,10;-2,30;1,20;8,90;95,30;92,40;3,30;3,50;74,90;1,10;0,30;
2026-06-16 00:36:00.0;OFF;ON;100;-2,10;-2,30;1,20;8,90;95,30;92,40;3,30;3,50;75,30;1;0,30;
2026-06-16 00:37:00.0;OFF;ON;100;-2;-2,30;1,20;8,80;95,30;92,40;3,20;3,50;76,50;1,10;0,30;
2026-06-16 00:38:00.0;OFF;ON;100;-1,80;-2,30;1,20;8,80;95,30;92,40;3;3,50;78,50;1;0,30;
2026-06-16 00:39:00.0;OFF;ON;100;-2;-2,30;1,20;8,80;95,30;92,40;3,20;3,50;77,80;1,10;0,30;
2026-06-16 00:40:00.0;OFF;ON;100;-2,10;-2,30;1,20;8,80;95,30;92,40;3,30;3,50;77,50;1;0,30;
2026-06-16 00:41:00.0;OFF;ON;100;-2,10;-2,30;1,20;8,80;95,30;92,40;3,20;3,50;78,20;1;0,30;
2026-06-16 00:42:00.0;OFF;ON;100;-2,20;-2,40;1,10;8,70;95,20;92,40;3,40;3,50;77,80;1;0,20;
2026-06-16 00:43:00.0;OFF;ON;100;-2,20;-2,40;1,10;8,70;95,30;92,40;3,30;3,50;78,60;1;0,20;
2026-06-16 00:44:00.0;OFF;ON;100;-2,10;-2,40;1,10;8,70;95,20;92,40;3,20;3,50;79,40;1;0,20;
2026-06-16 00:45:00.0;OFF;ON;100;-2,20;-2,40;1,10;8,70;95,20;92,40;3,30;3,50;79,30;1;0,20;
2026-06-16 00:46:00.0;OFF;ON;100;-3;-2,40;1,10;8,70;95,20;92,40;4,10;3,50;75;0,90;0,20;
2026-06-16 00:47:00.0;OFF;ON;100;-3,20;-2,40;1,10;8,60;95,30;92,40;4,30;3,50;72,60;1;0,20;
2026-06-16 00:48:00.0;OFF;ON;100;-3;-2,40;1,10;8,60;95,40;92,40;4,10;3,50;72,70;0,90;0,10;
2026-06-16 00:49:00.0;OFF;ON;100;-3,10;-2,50;1;8,60;95,20;92,40;4,20;3,50;71,30;0,90;0,10;
2026-06-16 00:50:00.0;OFF;ON;100;-3,10;-2,50;1;8,60;95,10;92,40;4,10;3,50;70,20;0,90;0,10;
2026-06-16 00:51:00.0;OFF;ON;100;-3,40;-2,50;1;8,60;95,10;92,40;4,40;3,50;67,80;0,90;0,10;
2026-06-16 00:52:00.0;OFF;ON;100;-3,90;-2,50;1;8,50;95,10;92,40;4,90;3,50;63,10;0,90;0,10;
2026-06-16 00:53:00.0;OFF;ON;100;-2,20;-2,50;1;8,50;95,20;92,40;3,30;3,50;71,80;0,90;0,10;
2026-06-16 00:54:00.0;OFF;ON;100;-2,40;-2,50;1;8,50;95,10;92,40;3,30;3,50;72,50;0,90;0,10;
2026-06-16 00:55:00.0;OFF;ON;100;-2,30;-2,50;1;8,50;95,40;92,40;3,30;3,50;73,10;0,90;0,20;
2026-06-16 00:56:00.0;OFF;ON;100;-1,60;-2,50;1;8,50;95,40;92,40;2,60;3,50;77,70;0,90;0,30;
2026-06-16 00:57:00.0;OFF;ON;100;-2,30;-2,50;1;8,40;95,50;92,40;3,40;3,50;74,80;0,90;0,40;
2026-06-16 00:58:00.0;OFF;ON;100;-2,80;-2,40;1,10;8,40;95,70;92,40;3,90;3,50;71,10;1;0,60;
2026-06-16 00:59:00.0;OFF;ON;100;-3,10;-2,30;1,20;8,40;95,90;92,40;4,30;3,50;67,50;1;0,50;
2026-06-16 01:00:00.0;OFF;ON;100;-3,50;-2,30;1,20;8,40;95,80;92,40;4,60;3,50;64,10;1;0,50;
2026-06-16 01:01:00.0;OFF;ON;100;-1,90;-2,40;1,10;8,40;95,70;92,40;3;3,50;73,50;0,90;0,40;
2026-06-16 01:02:00.0;OFF;ON;100;-2;-2,50;1;8,30;95,50;92,40;3;3,50;74;0,90;0,40;
2026-06-16 01:03:00.0;OFF;ON;100;-2;-2,50;1,10;8,30;95,50;92,40;3,10;3,50;74,30;0,90;0,40;
2026-06-16 01:04:00.0;OFF;ON;100;-2,10;-2,50;1;8,30;95,60;92,40;3,10;3,50;74;0,90;0,40;
2026-06-16 01:05:00.0;OFF;ON;100;-1,60;-2,50;1;8,30;95,50;92,40;2,60;3,50;78,40;0,90;0,40;
2026-06-16 01:06:00.0;OFF;ON;100;-2,50;-2,50;1;8,30;95,50;92,40;3,50;3,50;73,90;0,90;0,40;
2026-06-16 01:07:00.0;OFF;ON;100;-2,80;-2,40;1,10;8,20;95,70;92,40;3,90;3,50;71,80;1;0,50;
2026-06-16 01:08:00.0;OFF;ON;100;-3,10;-2,40;1,10;8,20;95,80;92,40;4,20;3,50;68,40;1;0,40;
2026-06-16 01:09:00.0;OFF;ON;100;-3,50;-2,40;1,10;8,20;95,70;92,40;4,50;3,50;65,20;0,90;0,30;
2026-06-16 01:10:00.0;OFF;ON;100;-2,10;-2,50;1;8,20;95,60;92,40;3,10;3,50;72,20;0,90;0,30;
2026-06-16 01:11:00.0;OFF;ON;100;-2,10;-2,60;0,90;8,10;95,30;92,40;3;3,50;73,60;0,80;0,20;
2026-06-16 01:12:00.0;OFF;ON;100;-2,20;-2,50;1;8,10;95,30;92,40;3,10;3,50;73,90;0,80;0,30;
2026-06-16 01:13:00.0;OFF;ON;100;-2,30;-2,50;1;8,10;95,40;92,40;3,20;3,50;73,80;0,90;0,30;
2026-06-16 01:14:00.0;OFF;ON;100;-2,20;-2,50;1;8,10;95,40;92,40;3,20;3,50;74,40;0,90;0,30;
2026-06-16 01:15:00.0;OFF;ON;100;-2,20;-2,50;1;8,10;95,40;92,40;3,10;3,50;76,40;0,80;0,30;
2026-06-16 01:16:00.0;OFF;ON;100;-3;-2,50;1;8;95,60;92,40;4;3,50;70,90;0,90;0,40;
2026-06-16 01:17:00.0;OFF;ON;100;-3,10;-2,50;1;8;95,80;92,40;4,10;3,50;69,30;0,90;0,30;
2026-06-16 01:18:00.0;OFF;ON;100;-3,40;-2,50;1;8;95,60;92,40;4,40;3,50;66,50;0,80;0,20;
2026-06-16 01:19:00.0;OFF;ON;100;-2,20;-2,50;1;8;95,50;92,40;3,20;3,50;72,10;0,80;0,20;
2026-06-16 01:20:00.0;OFF;ON;100;-2;-2,60;0,90;8;95,40;92,40;2,90;3,50;74,30;0,70;0,10;
2026-06-16 01:21:00.0;OFF;ON;100;-2,40;-2,60;0,90;7,90;95,30;92,40;3,30;3,50;73;0,80;0,20;
2026-06-16 01:22:00.0;OFF;ON;100;-2,20;-2,60;0,90;7,90;95,40;92,40;3,10;3,50;74,60;0,80;0,20;
2026-06-16 01:23:00.0;OFF;ON;100;-2,30;-2,60;0,90;7,90;95,50;92,40;3,20;3,50;74,40;0,80;0,20;
2026-06-16 01:24:00.0;OFF;ON;100;-2,60;-2,60;0,90;7,90;95,40;92,40;3,50;3,50;74,60;0,80;0,20;
2026-06-16 01:25:00.0;OFF;ON;100;-3;-2,50;1;7,90;95,70;92,40;3,90;3,50;71,40;0,80;0,30;
2026-06-16 01:26:00.0;OFF;ON;100;-3;-2,50;1;7,80;95,70;92,40;4;3,50;70,10;0,80;0,20;
2026-06-16 01:27:00.0;OFF;ON;100;-3,20;-2,60;0,90;7,80;95,60;92,40;4,10;3,50;68,40;0,80;0,10;
2026-06-16 01:28:00.0;OFF;ON;100;-2,40;-2,60;0,90;7,80;95,50;92,40;3,30;3,50;71,10;0,70;0,10;
2026-06-16 01:29:00.0;OFF;ON;100;-2,10;-2,70;0,80;7,80;95,30;92,40;3;3,50;73,60;0,60;0;
2026-06-16 01:30:00.0;OFF;ON;100;-1,90;-2,70;0,80;7,80;95,20;92,30;3,40;3,50;71,50;0,70;0,10;
2026-06-16 01:31:00.0;OFF;ON;100;-1,60;-2,70;0,80;7,70;95,30;92,30;2,40;3,50;78,80;0,70;0,10;
2026-06-16 01:32:00.0;OFF;ON;100;-1,90;-2,60;0,90;7,70;95,50;92,40;2,80;3,50;78,10;0,80;0,30;
2026-06-16 01:33:00.0;OFF;ON;100;-2,70;-2,50;1;7,70;95,80;92,40;3,70;3,50;73,10;0,80;0,30;
2026-06-16 01:34:00.0;OFF;ON;100;-2,70;-2,50;1;7,70;95,90;92,40;3,60;3,50;73,20;0,80;0,30;
2026-06-16 01:35:00.0;OFF;ON;100;-3,90;-2,60;0,90;7,60;95,80;92,40;4,80;3,50;64,60;0,80;0,20;
2026-06-16 01:36:00.0;OFF;ON;100;-2,20;-2,70;0,80;7,60;95,60;92,40;3;3,50;74,90;0,70;-0,10;
2026-06-16 01:37:00.0;OFF;ON;100;-1,70;-2,70;0,80;7,60;95,30;92,40;2,50;3,50;78,50;0,60;0;
2026-06-16 01:38:00.0;OFF;ON;100;-1,90;-2,70;0,80;7,60;95,30;92,40;2,70;3,50;78,90;0,70;0,10;
2026-06-16 01:39:00.0;OFF;ON;100;-1,90;-2,60;0,90;7,60;95,60;92,30;2,80;3,50;79,60;0,80;0,30;
2026-06-16 01:40:00.0;OFF;ON;100;-2,30;-2,60;0,90;7,60;95,80;92,30;3,20;3,50;77,80;0,80;0,30;
2026-06-16 01:41:00.0;OFF;ON;100;-2,80;-2,60;0,90;7,50;95,90;92,40;3,70;3,50;75,20;0,80;0,30;
2026-06-16 01:42:00.0;OFF;ON;100;-3,80;-2,60;0,90;7,50;95,90;92,40;4,70;3,50;69,10;0,80;0,20;
2026-06-16 01:43:00.0;OFF;ON;100;-2,80;-2,60;0,90;7,50;95,80;92,40;3,70;3,50;72;0,70;0,10;
2026-06-16 01:44:00.0;OFF;ON;100;-2,80;-2,80;0,70;7,40;95,40;92,30;3,50;3,50;73,40;0,60;-0,20;
2026-06-16 01:45:00.0;OFF;ON;100;-2,80;-2,80;0,70;7,40;95,10;92,30;3,50;3,50;72,60;0,50;-0,10;
2026-06-16 01:46:00.0;OFF;ON;100;-2,70;-2,80;0,70;7,40;95,10;92,40;3,40;3,50;73,80;0,50;-0,10;
2026-06-16 01:47:00.0;OFF;ON;100;-2,70;-2,80;0,70;7,40;95,10;92,40;3,30;3,50;74,30;0,50;-0,10;
2026-06-16 01:48:00.0;OFF;ON;100;-2,80;-2,90;0,60;7,40;95,10;92,40;3,40;3,50;74,10;0,50;-0,10;
2026-06-16 01:49:00.0;OFF;ON;100;-2,70;-2,80;0,70;7,30;95,10;92,40;3,40;3,50;74,40;0,50;-0,10;
2026-06-16 01:50:00.0;OFF;ON;100;-2,20;-2,80;0,70;7,30;95,10;92,40;2,90;3,50;77,30;0,50;-0,20;
2026-06-16 01:51:00.0;OFF;ON;100;-2,60;-2,90;0,60;7,30;95,10;92,30;3,30;3,50;76,40;0,50;-0,10;
2026-06-16 01:52:00.0;OFF;ON;100;-2,50;-2,90;0,60;7,30;95,20;92,40;3,20;3,50;77,50;0,50;-0,10;
2026-06-16 01:53:00.0;OFF;ON;100;-2;-2,90;0,60;7,30;95,20;92,30;2,60;3,50;81,50;0,50;-0,10;
2026-06-16 01:54:00.0;OFF;ON;100;-3,20;-2,90;0,60;7,20;95,30;92,40;3,80;3,50;75,40;0,50;0;
2026-06-16 01:55:00.0;OFF;ON;100;-3,10;-2,80;0,70;7,20;95,50;92,30;3,80;3,50;75,10;0,50;0;
2026-06-16 01:56:00.0;OFF;ON;100;-3,10;-2,80;0,70;7,20;95,50;92,40;3,80;3,50;74,90;0,50;-0,10;
2026-06-16 01:57:00.0;OFF;ON;100;-3,20;-2,90;0,60;7,20;95,30;92,30;3,80;3,50;74,30;0,40;-0,20;
2026-06-16 01:58:00.0;OFF;ON;100;-3,40;-2,90;0,60;7,20;95,20;92,40;3,90;3,50;73,30;0,40;-0,20;
2026-06-16 01:59:00.0;OFF;ON;100;-3,40;-3;0,50;7,10;95,10;92,40;4;3,50;72;0,40;-0,30;
2026-06-16 02:00:00.0;OFF;ON;100;-3,50;-3;0,50;7,10;95;92,30;4;3,50;70,90;0,30;-0,30;
2026-06-16 02:01:00.0;OFF;ON;100;-3,50;-3;0,50;7,10;95;92,30;4;3,50;70;0,30;-0,30;
2026-06-16 02:02:00.0;OFF;ON;100;-3,40;-3;0,50;7,10;95,10;92,40;3,90;3,50;70,20;0,30;-0,30;
2026-06-16 02:03:00.0;OFF;ON;100;-3,60;-3;0,50;7;95,10;92,40;4,10;3,50;68,70;0,30;-0,20;
2026-06-16 02:04:00.0;OFF;ON;100;-3,70;-3;0,50;7;95,10;92,40;4,20;3,50;66,90;0,40;-0,20;
2026-06-16 02:05:00.0;OFF;ON;100;-1,70;-3;0,50;7;95,20;92,40;2,20;3,50;77,30;0,30;-0,30;
2026-06-16 02:06:00.0;OFF;ON;100;-2,80;-3,10;0,40;7;95,10;92,40;3,20;3,50;73,20;0,30;-0,20;
2026-06-16 02:07:00.0;OFF;ON;100;-2,50;-3;0,50;7;95,20;92,40;3;3,50;74,70;0,30;-0,20;
2026-06-16 02:08:00.0;OFF;ON;100;-2,70;-3;0,50;6,90;95,30;92,40;3,10;3,50;74,60;0,30;-0,20;
2026-06-16 02:09:00.0;OFF;ON;100;-3;-3;0,50;6,90;95,20;92,40;3,40;3,50;74,50;0,30;-0,20;
2026-06-16 02:10:00.0;OFF;ON;100;-3,20;-3;0,50;6,90;95,40;92,40;3,70;3,50;72,50;0,40;-0,10;
2026-06-16 02:11:00.0;OFF;ON;100;-3,20;-3;0,50;6,90;95,50;92,30;3,70;3,50;72;0,30;-0,20;
2026-06-16 02:12:00.0;OFF;ON;100;-3,40;-3;0,50;6,80;95,30;92,40;3,90;3,50;70,60;0,30;-0,30;
2026-06-16 02:13:00.0;OFF;ON;100;-3,70;-3,10;0,40;6,80;95,30;92,40;4,10;3,50;68,40;0,30;-0,30;
2026-06-16 02:14:00.0;OFF;ON;100;-3,40;-3,10;0,40;6,80;95,20;92,30;3,80;3,50;68,70;0,30;-0,30;
2026-06-16 02:15:00.0;OFF;ON;100;-3,40;-3,10;0,40;6,80;95,20;92,40;3,80;3,50;68,30;0,30;-0,30;
2026-06-16 02:16:00.0;OFF;ON;100;-2,50;-3,10;0,40;6,80;95,10;92,30;2,90;3,50;74,50;0,20;-0,40;
2026-06-16 02:17:00.0;OFF;ON;100;-2,20;-3,10;0,40;6,70;95,10;92,40;2,60;3,50;77;0,30;-0,30;
2026-06-16 02:18:00.0;OFF;ON;100;-2,10;-3,10;0,40;6,70;95,10;92,30;2,50;3,50;79,10;0,30;-0,20;
2026-06-16 02:19:00.0;OFF;ON;100;-3,10;-3;0,50;6,70;95,50;92,40;3,60;3,50;73,10;0,40;-0,10;
2026-06-16 02:20:00.0;OFF;ON;100;-3,30;-3;0,50;6,70;95,60;92,40;3,80;3,50;71,20;0,40;-0,20;
2026-06-16 02:21:00.0;OFF;ON;100;-3,40;-3;0,50;6,70;95,50;92,40;3,90;3,50;70,70;0,30;-0,30;
2026-06-16 02:22:00.0;OFF;ON;100;-3,70;-3,10;0,40;6,60;95,30;92,30;4,20;3,50;68,10;0,30;-0,30;
2026-06-16 02:23:00.0;OFF;ON;100;-3,90;-3,10;0,40;6,60;95,20;92,40;4,30;3,50;66,60;0,20;-0,30;
2026-06-16 02:24:00.0;OFF;ON;100;-3,60;-3,10;0,40;6,60;95,30;92,40;4;3,50;66,40;0,20;-0,30;
2026-06-16 02:25:00.0;OFF;ON;100;-2,50;-3,10;0,40;6,60;95,20;92,40;2,80;3,50;73,50;0,20;-0,40;
2026-06-16 02:26:00.0;OFF;ON;100;-2,10;-3,20;0,30;6,50;95;92,30;2,40;3,50;78;0,20;-0,30;
2026-06-16 02:27:00.0;OFF;ON;100;-1,90;-3,20;0,30;6,50;95,10;92,40;2,20;3,50;80,10;0,20;-0,30;
2026-06-16 02:28:00.0;OFF;ON;100;-3,40;-3,10;0,40;6,50;95,40;92,40;3,80;3,50;71,30;0,30;-0,10;
2026-06-16 02:29:00.0;OFF;ON;100;-3,60;-3,10;0,40;6,50;95,60;92,40;4;3,50;69,80;0,30;-0,20;
2026-06-16 02:30:00.0;OFF;ON;100;-3,60;-3,10;0,40;6,50;95,40;92,30;4;3,50;69;0,20;-0,30;
2026-06-16 02:31:00.0;OFF;ON;100;-3,30;-3,10;0,40;6,50;95,40;92,40;3,70;3,50;70;0,20;-0,30;
2026-06-16 02:32:00.0;OFF;ON;100;-4;-3,20;0,30;6,40;95,30;92,30;4,40;3,50;65,10;0,20;-0,30;
2026-06-16 02:33:00.0;OFF;ON;100;-2,50;-3,20;0,30;6,40;95,10;92,40;2,80;3,50;74,60;0,10;-0,50;
2026-06-16 02:34:00.0;OFF;ON;100;-2,10;-3,30;0,20;6,40;94,90;92,40;2,30;3,50;78,80;0,10;-0,40;
2026-06-16 02:35:00.0;OFF;ON;100;-3;-3,20;0,30;6,30;95,20;92,40;3,30;3,50;74,40;0,20;-0,20;
2026-06-16 02:36:00.0;OFF;ON;100;-3,60;-2,80;0,40;4,80;95,50;18,10;4;3,50;68,10;0,20;-0,20;
2026-06-16 02:37:00.0;OFF;ON;100;-2,50;-2,40;0,40;4,40;95,60;0;2,90;3,50;70,20;0,20;-0,80;
2026-06-16 02:38:00.0;OFF;ON;100;-2,40;-2,40;0,40;4,30;95,60;0;2,80;3,50;70,40;0,10;-1;
2026-06-16 02:39:00.0;OFF;ON;50;-2,80;-2,30;0,10;4,30;94,90;0;2,90;3,50;67,90;0;-1,10;
2026-06-16 02:40:00.0;OFF;ON;50;-2,60;-2,20;0,10;4,30;94,80;0;2,70;3,50;67,60;-0,10;-1,10;
2026-06-16 02:41:00.0;OFF;ON;50;-2,70;-2;0,10;4,30;94,80;0;2,70;3,50;65,40;-0,10;-1,10;
2026-06-16 02:42:00.0;OFF;ON;50;-2,20;-1,80;0,10;4,30;94,80;0;2,30;3,50;66,20;-0,10;-1,10;
2026-06-16 02:43:00.0;OFF;ON;50;-2,40;-1,60;0,20;4,30;94,80;0;2,60;3,50;62,90;-0,10;-1;
2026-06-16 02:44:00.0;OFF;ON;50;-2,10;-1,20;0,30;4,30;95,10;0;2,40;3,50;60,80;-0,10;-1;
2026-06-16 02:45:00.0;OFF;ON;50;-1,80;-1,20;0,30;4,30;95,20;0;2,10;3,50;61;-0,10;-1;
2026-06-16 02:46:00.0;OFF;ON;50;-2,20;-1;0,30;4,30;95,20;0;2,40;3,50;57,10;0;-0,90;
2026-06-16 02:47:00.0;OFF;ON;50;-1;-0,70;0,20;4,20;95,30;0;1,20;3,50;61,20;0;-0,70;
2026-06-16 02:48:00.0;OFF;ON;50;-0,90;-0,50;0,30;4,20;95,50;0;1,20;3,50;59,40;0,10;-0,50;
2026-06-16 02:49:00.0;OFF;ON;50;-1,20;-0,30;0,30;4,20;95,70;0;1,50;3,50;56;0,20;-0,40;
2026-06-16 02:50:00.0;OFF;ON;50;0;0,10;0,40;4,20;95,90;0;0,50;3,50;60,40;0,30;-0,20;
2026-06-16 02:51:00.0;OFF;ON;50;0,20;0,40;0,60;4,10;96,20;0;0,40;3,50;59,60;0,40;0,10;
2026-06-16 02:52:00.0;OFF;ON;50;0,20;0,70;0,70;4,10;96,40;0;0,50;3,50;57,40;0,50;0,20;
2026-06-16 02:53:00.0;OFF;ON;50;0;1;0,80;4,10;96,60;0;0,80;3,50;53,90;0,50;0,20;
2026-06-16 02:54:00.0;OFF;ON;50;0,30;1,20;0,80;4,10;96,80;0;0,40;3,50;51,30;0,50;0,20;
2026-06-16 02:55:00.0;OFF;ON;50;0,30;1,50;0,80;4,10;96,80;0;0,40;3,50;48,40;0,60;0,30;
2026-06-16 02:56:00.0;OFF;ON;50;0,30;1,60;0,80;4,10;96,90;0;0,40;3,50;45,60;0,60;0,30;
2026-06-16 02:57:00.0;OFF;ON;50;0,20;1,80;0,80;4,10;96,90;0;0,60;3,50;41,80;0,60;0,30;
2026-06-16 02:58:00.0;OFF;ON;50;0,70;2,10;0,80;4;96,90;0;0,10;3,50;40,80;0,60;0,30;
2026-06-16 02:59:00.0;OFF;ON;50;0,80;2,30;0,80;4;96,80;0;0;3,50;38;0,60;0,30;
2026-06-16 03:00:00.0;OFF;ON;50;0,60;2,60;0,80;4;96,90;0;0,20;3,50;31,40;0,60;0,30;
2026-06-16 03:01:00.0;OFF;ON;50;0,70;2,70;0,80;4;96,90;0;0,10;3,50;30;0,60;0,30;
2026-06-16 03:02:00.0;OFF;ON;50;0,70;3;0,80;4;96,80;0;0,10;3,50;30;0,60;0,30;
2026-06-16 03:03:00.0;OFF;ON;50;0,90;3,30;0,80;4;96,80;0;-0,10;3,50;30;0,60;0,30;
2026-06-16 03:04:00.0;OFF;ON;50;0,80;3,30;0,80;4;96,80;0;0,10;3,50;30;0,70;0,30;
2026-06-16 03:05:00.0;OFF;ON;50;0,70;3,40;0,90;4;96,80;0;0,20;3,50;30;0,70;0,30;
2026-06-16 03:06:00.0;OFF;ON;50;1,10;3,50;1;4;96,90;0;-0,20;3,50;30;0,70;0,30;
2026-06-16 03:07:00.0;OFF;ON;50;1,10;3,50;1;3,90;96,90;0;-0,10;3,50;30;0,70;0,40;
2026-06-16 03:08:00.0;OFF;ON;50;1,20;3,50;1;3,90;96,90;0;-0,20;3,50;30;0,70;0,40;
2026-06-16 03:09:00.0;OFF;ON;50;1;3,60;1,10;3,90;96,90;0;0;3,50;30;0,70;0,40;
2026-06-16 03:10:00.0;OFF;ON;50;1,40;3,60;1,10;3,90;96,90;0;-0,30;3,50;30;0,80;0,40;
2026-06-16 03:11:00.0;OFF;ON;50;1,50;3,70;1,20;3,90;96,90;0;-0,30;3,50;30;0,80;0,50;
2026-06-16 03:12:00.0;OFF;ON;50;1,50;3,70;1,20;3,90;96,90;0;-0,30;3,50;30;0,90;0,60;
2026-06-16 03:13:00.0;OFF;ON;50;1,40;3,70;1,20;3,90;97;0;-0,20;3,50;30;0,90;0,60;
2026-06-16 03:14:00.0;OFF;ON;50;1,60;3,80;1,30;3,90;97,10;0;-0,30;3,50;30;1;0,80;
2026-06-16 03:15:00.0;OFF;ON;50;1,80;3,90;1,40;3,90;97,30;0;-0,40;3,50;30;1,10;1,10;
2026-06-16 03:16:00.0;OFF;ON;50;1,90;4;1,50;3,90;97,40;0;-0,30;3,50;30;1,20;1,30;
2026-06-16 03:17:00.0;OFF;ON;50;1,90;4,10;1,60;3,80;97,70;0;-0,30;3,50;30;1,30;1,70;
2026-06-16 03:18:00.0;OFF;ON;50;2,20;4,30;1,80;3,80;98;0;-0,40;3,50;30;1,40;1,90;
2026-06-16 03:19:00.0;OFF;ON;50;2,30;4,40;1,90;3,80;98;0;-0,40;3,50;30;1,50;2,10;
2026-06-16 03:20:00.0;OFF;ON;50;2,40;4,50;2;3,80;98,20;0;-0,40;3,50;30;1,70;2,20;
2026-06-16 03:21:00.0;OFF;ON;50;2,50;4,60;2,10;3,80;98,30;0;-0,40;3,50;30;1,80;2,30;
2026-06-16 03:22:00.0;OFF;ON;50;2,60;4,70;2,20;3,80;98,30;0;-0,50;3,50;30;1,80;2,40;
2026-06-16 03:23:00.0;OFF;ON;50;2,70;4,70;2,20;3,80;98,30;0;-0,50;3,50;30;1,90;2,50;
2026-06-16 03:24:00.0;OFF;ON;50;2,80;4,80;2,30;3,80;98,30;0;-0,50;3,50;30;2;2,60;
2026-06-16 03:25:00.0;OFF;ON;50;2,80;4,90;2,40;3,80;98,30;0;-0,50;3,50;30;2;2,70;
2026-06-16 03:26:00.0;OFF;ON;50;3,10;5;2,50;3,80;98,30;0;-0,60;3,50;30;2,10;2,70;
2026-06-16 03:27:00.0;OFF;ON;50;3;5;2,50;3,80;98,30;0;-0,50;3,50;30;2,20;2,80;
2026-06-16 03:28:00.0;OFF;ON;50;3;5;2,50;3,80;98,30;0;-0,50;3,50;30;2,20;2,90;
2026-06-16 03:29:00.0;OFF;ON;50;3,10;5,10;2,60;3,80;98,30;0;-0,50;3,50;30;2,30;3;
2026-06-16 03:30:00.0;OFF;ON;50;3,10;5,10;2,60;3,80;98,30;0;-0,50;3,50;30;2,30;2,90;
2026-06-16 03:31:00.0;OFF;ON;50;3,20;5,10;2,60;3,80;98,30;0;-0,60;3,50;30;2,30;3;
2026-06-16 03:32:00.0;OFF;ON;50;3,10;5,10;2,60;3,80;98,30;0;-0,50;3,50;30;2,40;3;
2026-06-16 03:33:00.0;OFF;ON;50;3;5,10;2,60;3,80;98,30;0;-0,40;3,50;30;2,40;3,10;
2026-06-16 03:34:00.0;OFF;ON;50;3,30;5,10;2,60;3,80;98,30;0;-0,70;3,50;30;2,40;3;
2026-06-16 03:35:00.0;OFF;ON;50;3,20;5,10;2,60;3,80;98,30;0;-0,60;3,50;30;2,40;3,10;
2026-06-16 03:36:00.0;OFF;ON;50;3,30;5,20;2,70;3,80;98,30;0;-0,60;3,50;30;2,40;3,10;
2026-06-16 03:37:00.0;OFF;ON;50;3,10;5,20;2,70;3,70;98,30;0;-0,40;3,50;30;2,50;3,10;
2026-06-16 03:38:00.0;OFF;ON;50;3,30;5,20;2,70;3,70;98,30;0;-0,50;3,50;30;2,50;3,10;
2026-06-16 03:39:00.0;OFF;ON;50;3,30;5,30;2,80;3,70;98,30;0;-0,60;3,50;30;2,50;3,20;
2026-06-16 03:40:00.0;OFF;ON;50;3,30;5,30;2,80;3,70;98,40;0;-0,50;3,50;30;2,60;3,20;
2026-06-16 03:41:00.0;OFF;ON;50;3,30;5,30;2,80;3,70;98,30;0;-0,50;3,50;30;2,60;3,20;
2026-06-16 03:42:00.0;OFF;ON;50;3,50;5,30;2,80;3,70;98,30;0;-0,70;3,50;30;2,60;3,20;
2026-06-16 03:43:00.0;OFF;ON;50;3,40;5,30;2,80;3,70;98,40;0;-0,60;3,50;30;2,60;3,20;
2026-06-16 03:44:00.0;OFF;ON;50;3,40;5,40;2,90;3,70;98,30;0;-0,60;3,50;30;2,70;3,30;
2026-06-16 03:45:00.0;OFF;ON;50;3,30;5,40;2,90;3,70;98,40;0;-0,40;3,50;30;2,70;3,30;
2026-06-16 03:46:00.0;OFF;ON;50;3,60;5,40;2,90;3,70;98,30;0;-0,70;3,50;30;2,70;3,30;
2026-06-16 03:47:00.0;OFF;ON;50;3,50;5,40;2,90;3,70;98,40;0;-0,60;3,50;30;2,70;3,30;
2026-06-16 03:48:00.0;OFF;ON;50;3,40;5,40;2,90;3,70;98,40;0;-0,50;3,50;30;2,80;3,40;
2026-06-16 03:49:00.0;OFF;ON;50;3,40;5,40;2,90;3,70;98,40;0;-0,40;3,50;30;2,80;3,40;
2026-06-16 03:50:00.0;OFF;ON;50;3,30;5,50;3;3,70;98,40;0;-0,30;3,50;30;2,80;3,30;
2026-06-16 03:51:00.0;OFF;ON;50;3,20;5,50;3;3,60;98,40;0;-0,20;3,50;30;2,80;3,30;
2026-06-16 03:52:00.0;OFF;ON;50;3,10;5,40;2,90;3,60;98,40;0;-0,10;3,50;30;2,80;3,30;
2026-06-16 03:53:00.0;OFF;ON;50;3;5,40;2,90;3,60;98,40;0;0;3,50;30;2,70;3,20;
2026-06-16 03:54:00.0;OFF;ON;50;3;5,40;2,90;3,60;98,30;0;-0,10;3,50;30;2,70;3,10;
2026-06-16 03:55:00.0;OFF;ON;50;3;5,40;2,90;3,60;98,30;0;-0,10;3,50;30;2,70;3,10;
2026-06-16 03:56:00.0;OFF;ON;50;2,80;5,30;2,80;3,60;98,30;0;0;3,50;30;2,70;3;
2026-06-16 03:57:00.0;OFF;ON;50;3;5,30;2,80;3,60;98,20;0;-0,10;3,50;30;2,70;3;
2026-06-16 03:58:00.0;OFF;ON;50;2,70;5,30;2,80;3,60;98,20;0;0,10;3,50;30;2,70;3;
2026-06-16 03:59:00.0;OFF;ON;50;2,40;5,30;2,80;3,60;98,10;0;0,40;3,50;30;2,60;2,90;
2026-06-16 04:00:00.0;OFF;ON;50;2,40;5,30;2,80;3,60;98;0;0,30;3,50;30;2,60;2,80;
2026-06-16 04:01:00.0;OFF;ON;50;2,50;5,20;2,70;3,60;98;0;0,20;3,50;30;2,50;2,70;
2026-06-16 04:02:00.0;OFF;ON;50;2,70;5,20;2,70;3,60;97,90;0;0;3,50;30;2,50;2,80;
2026-06-16 04:03:00.0;OFF;ON;50;2,60;5,20;2,70;3,50;97,80;0;0,10;3,50;30;2,50;2,80;
2026-06-16 04:04:00.0;OFF;ON;50;2,30;5,20;2,70;3,50;97,80;0;0,30;3,50;30;2,50;2,80;
2026-06-16 04:05:00.0;OFF;ON;50;2,30;5,20;2,70;3,50;97,70;0;0,40;3,50;30;2,50;2,70;
2026-06-16 04:06:00.0;OFF;ON;50;2,20;5,20;2,70;3,50;97,70;0;0,50;3,50;30;2,50;2,70;
2026-06-16 04:07:00.0;OFF;ON;50;2,20;5,10;2,60;3,50;97,50;0;0,40;3,50;30;2,50;2,60;
2026-06-16 04:08:00.0;OFF;ON;50;2,50;5,10;2,60;3,50;97,40;0;0,10;3,50;30;2,40;2,60;
2026-06-16 04:09:00.0;OFF;ON;50;2,40;5,10;2,60;3,50;97,40;0;0,20;3,50;30;2,40;2,60;
2026-06-16 04:10:00.0;OFF;ON;50;2,40;5,10;2,60;3,50;97,30;0;0,20;3,50;30;2,50;2,60;
2026-06-16 04:11:00.0;OFF;ON;50;2,20;5,10;2,60;3,50;97,30;0;0,40;3,50;30;2,50;2,60;
2026-06-16 04:12:00.0;OFF;ON;50;2;5,20;2,70;3,50;97,30;0;0,70;3,50;30;2,40;2,60;
2026-06-16 04:13:00.0;OFF;ON;50;2,20;5,20;2,70;3,40;97,30;0;0,50;3,50;30;2,40;2,50;
2026-06-16 04:14:00.0;OFF;ON;50;2,30;5,10;2,60;3,40;97,30;0;0,40;3,50;30;2,40;2,50;
2026-06-16 04:15:00.0;OFF;ON;50;2,50;5,10;2,60;3,40;97,20;0;0,20;3,50;30;2,40;2,50;
2026-06-16 04:16:00.0;OFF;ON;50;2,40;5,20;2,70;3,40;97,30;0;0,20;3,50;30;2,40;2,60;
2026-06-16 04:17:00.0;OFF;ON;50;2,30;5,20;2,70;3,40;97,30;0;0,40;3,50;30;2,50;2,60;
2026-06-16 04:18:00.0;OFF;ON;50;2,40;5,20;2,70;3,40;97,40;0;0,30;3,50;30;2,50;2,60;
2026-06-16 04:19:00.0;OFF;ON;50;2,40;5,20;2,70;3,40;97,40;0;0,30;3,50;30;2,50;2,70;
2026-06-16 04:20:00.0;OFF;ON;50;2,40;5,20;2,70;3,40;97,40;0;0,30;3,50;30;2,50;2,70;
2026-06-16 04:21:00.0;OFF;ON;50;2,30;5,20;2,70;3,40;97,40;0;0,40;3,50;30;2,50;2,60;
2026-06-16 04:22:00.0;OFF;ON;50;2,40;5,10;2,60;3,40;97,30;0;0,30;3,50;30;2,50;2,60;
2026-06-16 04:23:00.0;OFF;ON;50;2,40;5,10;2,60;3,30;97,30;0;0,20;3,50;30;2,40;2,60;
2026-06-16 04:24:00.0;OFF;ON;50;2,30;5,10;2,60;3,30;97,30;0;0,30;3,50;30;2,40;2,60;
2026-06-16 04:25:00.0;OFF;ON;50;2,40;5,10;2,60;3,30;97,30;0;0,20;3,50;30;2,50;2,60;
2026-06-16 04:26:00.0;OFF;ON;50;2,20;5,20;2,70;3,30;97,30;0;0,40;3,50;30;2,50;2,60;
2026-06-16 04:27:00.0;OFF;ON;50;2,20;5,20;2,70;3,30;97,30;0;0,50;3,50;30;2,50;2,60;
2026-06-16 04:28:00.0;OFF;ON;50;2,20;5,20;2,70;3,30;97,30;0;0,50;3,50;30;2,40;2,50;
2026-06-16 04:29:00.0;OFF;ON;50;2,40;5,20;2,70;3,30;97,30;0;0,30;3,50;30;2,40;2,50;
2026-06-16 04:30:00.0;OFF;ON;50;2,50;5,20;2,70;3,30;97,30;0;0,20;3,50;30;2,40;2,60;
2026-06-16 04:31:00.0;OFF;ON;50;2,50;5,20;2,70;3,30;97,30;0;0,20;3,50;30;2,50;2,60;
2026-06-16 04:32:00.0;OFF;ON;50;2,30;5,20;2,70;3,30;97,30;0;0,40;3,50;30;2,50;2,70;
2026-06-16 04:33:00.0;OFF;ON;50;2,50;5,20;2,70;3,30;97,40;0;0,20;3,50;30;2,50;2,70;
2026-06-16 04:34:00.0;OFF;ON;50;2,30;5,20;2,70;3,30;97,40;0;0,40;3,50;30;2,50;2,70;
2026-06-16 04:35:00.0;OFF;ON;50;2,30;5,20;2,70;3,30;97,40;0;0,40;3,50;30;2,50;2,70;
2026-06-16 04:36:00.0;OFF;ON;50;2,30;5,20;2,70;3,20;97,40;0;0,40;3,50;30;2,50;2,70;
2026-06-16 04:37:00.0;OFF;ON;50;2,30;5,20;2,70;3,20;97,30;0;0,40;3,50;30;2,50;2,60;
2026-06-16 04:38:00.0;OFF;ON;50;2,40;5,10;2,60;3,20;97,30;0;0,30;3,50;30;2,40;2,60;
2026-06-16 04:39:00.0;OFF;ON;50;2,40;5,10;2,60;3,20;97,30;0;0,20;3,50;30;2,40;2,60;
2026-06-16 04:40:00.0;OFF;ON;50;2,40;5,10;2,60;3,20;97,20;0;0,20;3,50;30;2,40;2,60;
2026-06-16 04:41:00.0;OFF;ON;50;2,20;5,10;2,60;3,20;97,20;0;0,40;3,50;30;2,50;2,60;
2026-06-16 04:42:00.0;OFF;ON;50;2,30;5,10;2,60;3,20;97,20;0;0,30;3,50;30;2,40;2,60;
2026-06-16 04:43:00.0;OFF;ON;50;2,20;5,10;2,60;3,20;97,10;0;0,40;3,50;30;2,40;2,60;
2026-06-16 04:44:00.0;OFF;ON;50;2,30;5,10;2,60;3,20;97,10;0;0,30;3,50;30;2,40;2,50;
2026-06-16 04:45:00.0;OFF;ON;50;2,10;5,10;2,60;3,20;97,10;0;0,50;3,50;30;2,40;2,50;
2026-06-16 04:46:00.0;OFF;ON;50;2,20;5,10;2,60;3,10;97,10;0;0,40;3,50;30;2,40;2,50;
2026-06-16 04:47:00.0;OFF;ON;50;2,20;5;2,50;3,10;97,10;0;0,30;3,50;30;2,40;2,50;
2026-06-16 04:48:00.0;OFF;ON;50;2,10;5;2,50;3,10;96,90;0;0,40;3,50;30;2,40;2,50;
2026-06-16 04:49:00.0;OFF;ON;50;2,20;5;2,50;3,10;96,90;0;0,30;3,50;30;2,40;2,50;
2026-06-16 04:50:00.0;OFF;ON;50;2;5;2,50;3,10;96,90;0;0,50;3,50;30;2,40;2,50;
2026-06-16 04:51:00.0;OFF;ON;50;2;5;2,50;3,10;96,90;0;0,50;3,50;30;2,40;2,40;
2026-06-16 04:52:00.0;OFF;ON;50;1,80;5;2,50;3,10;97;0;0,70;3,50;30;2,30;2,40;
2026-06-16 04:53:00.0;OFF;ON;50;2;5;2,50;3,10;96,90;0;0,50;3,50;30;2,30;2,30;
2026-06-16 04:54:00.0;OFF;ON;50;2,20;4,90;2,40;3;96,90;0;0,30;3,50;30;2,30;2,30;
2026-06-16 04:55:00.0;OFF;ON;50;2,10;4,90;2,40;3;96,80;0;0,30;3,50;30;2,30;2,40;
2026-06-16 04:56:00.0;OFF;ON;50;2;4,90;2,40;3;96,80;0;0,40;3,50;30;2,30;2,40;
2026-06-16 04:57:00.0;OFF;ON;50;2;4,90;2,40;3;96,80;0;0,40;3,50;30;2,30;2,30;
2026-06-16 04:58:00.0;OFF;ON;50;2;4,90;2,40;3;96,80;0;0,40;3,50;30;2,30;2,40;
2026-06-16 04:59:00.0;OFF;ON;50;2;4,90;2,40;3;96,80;0;0,40;3,50;30;2,30;2,40;
2026-06-16 05:00:00.0;OFF;ON;50;2,10;4,90;2,40;3;96,80;0;0,30;3,50;30;2,30;2,40;
2026-06-16 05:01:00.0;OFF;ON;50;2;4,90;2,40;3;96,80;0;0,40;3,50;30;2,30;2,40;
2026-06-16 05:02:00.0;OFF;ON;50;1,90;4,90;2,40;2,90;96,80;0;0,50;3,50;30;2,30;2,30;
2026-06-16 05:03:00.0;OFF;ON;50;1,70;4,90;2,40;2,90;96,80;0;0,70;3,50;30;2,30;2,30;
2026-06-16 05:04:00.0;OFF;ON;50;1,70;4,80;2,30;2,90;96,80;0;0,60;3,50;30;2,20;2,10;
2026-06-16 05:05:00.0;OFF;ON;50;1,70;4,80;2,30;2,90;96,70;0;0,50;3,50;30;2,20;2,10;
2026-06-16 05:06:00.0;OFF;ON;50;1,80;4,70;2,20;2,90;96,50;0;0,50;3,50;30;2,20;2,10;
2026-06-16 05:07:00.0;OFF;ON;50;1,90;4,80;2,30;2,90;96,50;0;0,40;3,50;30;2,20;2,20;
2026-06-16 05:08:00.0;OFF;ON;50;1,80;4,80;2,30;2,90;96,50;0;0,40;3,50;30;2,20;2,20;
2026-06-16 05:09:00.0;OFF;ON;50;1,70;4,80;2,30;2,80;96,50;0;0,50;3,50;30;2,20;2,10;
2026-06-16 05:10:00.0;OFF;ON;50;1,70;4,70;2,20;2,80;96,50;0;0,50;3,50;30;2,20;2,10;
2026-06-16 05:11:00.0;OFF;ON;50;1,80;4,70;2,20;2,80;96,60;0;0,50;3,50;30;2,20;2,10;
2026-06-16 05:12:00.0;OFF;ON;50;1,80;4,70;2,20;2,80;96,60;0;0,40;3,50;30;2,20;2,20;
2026-06-16 05:13:00.0;OFF;ON;50;1,70;4,70;2,20;2,80;96,60;0;0,50;3,50;30;2,20;2,20;
2026-06-16 05:14:00.0;OFF;ON;50;1,60;4,70;2,20;2,80;96,60;0;0,60;3,50;30;2,20;2,10;
2026-06-16 05:15:00.0;OFF;ON;50;1,70;4,70;2,20;2,80;96,60;0;0,50;3,50;30;2,10;2,10;
2026-06-16 05:16:00.0;OFF;ON;50;1,80;4,70;2,20;2,80;96,50;0;0,40;3,50;30;2,10;2;
2026-06-16 05:17:00.0;OFF;ON;50;1,80;4,70;2,20;2,70;96,50;0;0,40;3,50;30;2,10;2,10;
2026-06-16 05:18:00.0;OFF;ON;50;1,70;4,70;2,20;2,70;96,50;0;0,50;3,50;30;2,10;2,10;
2026-06-16 05:19:00.0;OFF;ON;50;1,60;4,70;2,20;2,70;96,50;0;0,60;3,50;30;2,10;2,10;
2026-06-16 05:20:00.0;OFF;ON;50;1,40;4,70;2,20;2,70;96,40;0;0,80;3,50;30;2,10;2;
2026-06-16 05:21:00.0;OFF;ON;50;1,30;4,60;2,10;2,70;96,40;0;0,80;3,50;30;2,10;1,90;
2026-06-16 05:22:00.0;OFF;ON;50;1,60;4,60;2,10;2,70;96,40;0;0,50;3,50;30;2;1,90;
2026-06-16 05:23:00.0;OFF;ON;50;1,60;4,60;2,10;2,70;96,30;0;0,50;3,50;30;2;1,90;
2026-06-16 05:24:00.0;OFF;ON;50;1,70;4,60;2,10;2,70;96,30;0;0,40;3,50;30;2;2;
2026-06-16 05:25:00.0;OFF;ON;50;1,70;4,60;2,10;2,60;96,30;0;0,40;3,50;30;2;2;
2026-06-16 05:26:00.0;OFF;ON;50;1,50;4,60;2,10;2,60;96,30;0;0,60;3,50;30;2;2;
2026-06-16 05:27:00.0;OFF;ON;50;1,90;4,60;2,10;2,60;96,40;0;0,20;3,50;30;2;2;
2026-06-16 05:28:00.0;OFF;ON;50;2,10;4,60;2,10;2,60;96,40;0;0;3,50;30;2,10;2,10;
2026-06-16 05:29:00.0;OFF;ON;50;2;4,70;2,20;2,60;96,50;0;0,10;3,50;30;2,10;2,20;
2026-06-16 05:30:00.0;OFF;ON;50;2,10;4,70;2,20;2,60;96,70;0;0,10;3,50;30;2,20;2,30;
2026-06-16 05:31:00.0;OFF;ON;50;2,30;4,80;2,30;2,60;96,80;0;0;3,50;30;2,20;2,30;
2026-06-16 05:32:00.0;OFF;ON;50;2,30;4,80;2,30;2,60;96,90;0;0;3,50;30;2,20;2,40;
2026-06-16 05:33:00.0;OFF;ON;50;2,50;4,90;2,40;2,60;97;0;-0,10;3,50;30;2,30;2,50;
2026-06-16 05:34:00.0;OFF;ON;50;2,50;4,90;2,40;2,50;97,10;0;-0,20;3,50;30;2,30;2,60;
2026-06-16 05:35:00.0;OFF;ON;50;2,60;4,90;2,40;2,50;97,20;0;-0,20;3,50;30;2,30;2,60;
2026-06-16 05:36:00.0;OFF;ON;50;2,60;5;2,50;2,50;97,30;0;-0,10;3,50;30;2,40;2,70;
2026-06-16 05:37:00.0;OFF;ON;50;2,80;5,10;2,60;2,50;97,30;0;-0,30;3,50;30;2,40;2,70;
2026-06-16 05:38:00.0;OFF;ON;50;2,80;5,10;2,60;2,50;97,50;0;-0,10;3,50;30;2,50;2,80;
2026-06-16 05:39:00.0;OFF;ON;50;3;5,20;2,70;2,50;97,70;0;-0,30;3,50;30;2,50;2,80;
2026-06-16 05:40:00.0;OFF;ON;50;3;5,30;2,80;2,50;97,90;0;-0,30;3,50;30;2,50;3;
2026-06-16 05:41:00.0;OFF;ON;50;3,20;5,30;2,80;2,50;97,90;0;-0,40;3,50;30;2,60;3;
2026-06-16 05:42:00.0;OFF;ON;50;3,10;5,40;2,90;2,50;98;0;-0,20;3,50;30;2,60;3,10;
2026-06-16 05:43:00.0;OFF;ON;50;3,20;5,40;2,90;2,50;98;0;-0,30;3,50;30;2,70;3,10;
2026-06-16 05:44:00.0;OFF;ON;50;3,40;5,40;2,90;2,50;98,10;0;-0,40;3,50;30;2,70;3,20;
2026-06-16 05:45:00.0;OFF;ON;50;3,20;5,50;3;2,50;98,10;0;-0,30;3,50;30;2,70;3,20;
2026-06-16 05:46:00.0;OFF;ON;50;3,30;5,50;3;2,50;98,10;0;-0,30;3,50;30;2,80;3,30;
2026-06-16 05:47:00.0;OFF;ON;50;3,40;5,50;3;2,50;98,10;0;-0,50;3,50;30;2,80;3,20;
2026-06-16 05:48:00.0;OFF;ON;50;3,50;5,50;3;2,50;98,10;0;-0,50;3,50;30;2,80;3,30;
2026-06-16 05:49:00.0;OFF;ON;50;3,40;5,50;3;2,50;98,10;0;-0,40;3,50;30;2,80;3,30;
2026-06-16 05:50:00.0;OFF;ON;50;3,30;5,50;3;2,50;98,20;0;-0,30;3,50;30;2,80;3,30;
2026-06-16 05:51:00.0;OFF;ON;50;3,40;5,50;3;2,50;98,10;0;-0,40;3,50;30;2,80;3,30;
2026-06-16 05:52:00.0;OFF;ON;50;3,40;5,50;3;2,50;98,10;0;-0,40;3,50;30;2,80;3,30;
2026-06-16 05:53:00.0;OFF;ON;50;3,40;5,50;3;2,50;98,20;0;-0,30;3,50;30;2,90;3,40;
2026-06-16 05:54:00.0;OFF;ON;50;3,30;5,50;3;2,50;98,10;0;-0,30;3,50;30;2,90;3,40;
2026-06-16 05:55:00.0;OFF;ON;50;3,60;5,50;3;2,50;98,10;0;-0,50;3,50;30;2,90;3,40;
2026-06-16 05:56:00.0;OFF;ON;50;3,50;5,50;3;2,50;98,10;0;-0,50;3,50;30;2,90;3,40;
2026-06-16 05:57:00.0;OFF;ON;50;3,50;5,60;3,10;2,40;98,10;0;-0,40;3,50;30;2,90;3,40;
2026-06-16 05:58:00.0;OFF;ON;50;3,40;5,60;3,10;2,40;98,10;0;-0,30;3,50;30;2,90;3,40;
2026-06-16 05:59:00.0;OFF;ON;50;3,70;5,60;3,10;1,90;98,10;0;-0,50;3,50;30;3;3,40;
2026-06-16 06:00:00.0;OFF;ON;50;3,70;5,70;3,20;1,30;98,10;0;-0,50;3,50;30;3;3,50;
2026-06-16 06:01:00.0;OFF;ON;50;3,60;5,70;3,20;0,80;98,20;0;-0,40;3,50;30;3;3,50;
2026-06-16 06:02:00.0;OFF;ON;50;3,60;5,70;3,20;0,60;98,20;0;-0,40;3,50;30;3;3,60;
2026-06-16 06:03:00.0;OFF;ON;50;3,70;5,70;3,20;0,50;98,20;0;-0,50;3,50;30;3;3,50;
2026-06-16 06:04:00.0;OFF;ON;50;3,70;5,70;3,20;0,50;98,10;0;-0,50;3,50;30;3;3,50;
2026-06-16 06:05:00.0;OFF;ON;50;3,60;5,70;3,20;0,50;98,20;0;-0,40;3,50;30;3,10;3,60;
2026-06-16 06:06:00.0;OFF;ON;50;3,70;5,80;3,30;0,80;98,20;0;-0,40;3,50;30;3,10;3,60;
2026-06-16 06:07:00.0;OFF;ON;50;3,80;5,80;3,30;0,90;98,20;8,70;-0,50;3,50;30;3,10;3,60;
2026-06-16 06:08:00.0;OFF;ON;50;3,90;5,80;3,30;0,90;98,30;0,60;-0,50;3,50;30;3,10;3,70;
2026-06-16 06:09:00.0;OFF;ON;50;3,80;5,90;3,40;0,90;98,30;114,30;-0,40;3,50;30;3,20;3,70;
2026-06-16 06:10:00.0;OFF;ON;50;3,80;5,90;3,40;0,90;98,30;114;-0,40;3,50;30;3,20;3,70;
2026-06-16 06:11:00.0;OFF;ON;50;3,90;5,90;3,40;0,90;98,30;114,10;-0,50;3,50;30;3,20;3,70;
2026-06-16 06:12:00.0;OFF;ON;50;3,90;5,90;3,40;1;98,30;0,60;-0,50;3,50;30;3,20;3,70;
2026-06-16 06:13:00.0;OFF;ON;50;3,90;5,90;3,40;1,10;98,30;0;-0,50;3,50;30;3,20;3,80;
2026-06-16 06:14:00.0;OFF;ON;50;3,90;6;3,50;1,20;98,30;0;-0,40;3,50;30;3,30;3,80;
2026-06-16 06:15:00.0;OFF;ON;50;4;6;3,50;1,20;98,30;0;-0,50;3,50;30;3,30;3,80;
2026-06-16 06:16:00.0;OFF;ON;50;4,20;6;3,50;1,30;98,30;0;-0,70;3,50;30;3,30;3,90;
2026-06-16 06:17:00.0;OFF;ON;50;4;6;3,50;1,40;98,30;0;-0,50;3,50;30;3,30;3,90;
2026-06-16 06:18:00.0;OFF;ON;50;4;6,10;3,60;1,30;98,30;0;-0,40;3,50;30;3,30;3,90;
2026-06-16 06:19:00.0;OFF;ON;50;3,90;6,10;3,60;1,10;98,30;0;-0,30;3,50;30;3,40;3,90;
2026-06-16 06:20:00.0;OFF;ON;50;3,70;6;3,50;1;98,30;0;-0,20;3,50;30;3,30;3,80;
2026-06-16 06:21:00.0;OFF;ON;50;3,50;6;3,50;0,90;98,30;0;-0,10;3,50;30;3,30;3,80;
2026-06-16 06:22:00.0;OFF;ON;50;3,50;5,90;3,40;0,90;98,30;0;-0,10;3,50;30;3,30;3,70;
2026-06-16 06:23:00.0;OFF;ON;50;3,60;5,90;3,40;0,80;98,30;0;-0,20;3,50;30;3,20;3,60;
2026-06-16 06:24:00.0;OFF;ON;50;3,30;5,80;3,30;0,70;98,20;0;0;3,50;30;3,20;3,50;
2026-06-16 06:25:00.0;OFF;ON;50;3,20;5,80;3,30;0,60;98,10;0;0;3,50;30;3,10;3,50;
2026-06-16 06:26:00.0;OFF;ON;50;3,30;5,80;3,30;0,60;98;0;-0,10;3,50;30;3,10;3,50;
2026-06-16 06:27:00.0;OFF;ON;50;3,10;5,70;3,20;0,60;98;0;0,10;3,50;30;3,10;3,40;
2026-06-16 06:28:00.0;OFF;ON;50;2,90;5,70;3,20;0,50;98;0;0,30;3,50;30;3,10;3,30;
2026-06-16 06:29:00.0;OFF;ON;50;3;5,60;3,10;0,40;97,80;0;0,20;3,50;30;3;3,20;
2026-06-16 06:30:00.0;OFF;ON;50;2,80;5,60;3,10;0,30;97,70;0;0,30;3,50;30;3;3,10;
2026-06-16 06:31:00.0;OFF;ON;50;2,80;5,60;3,10;0,30;97,60;0;0,20;3,50;30;2,90;3,10;
2026-06-16 06:32:00.0;OFF;ON;50;3;5,60;3,10;0,20;97,40;0;0,10;3,50;30;2,90;3,10;
2026-06-16 06:33:00.0;OFF;ON;50;2,70;5,50;3;0,20;97,30;0;0,40;3,50;30;2,90;3,10;
2026-06-16 06:34:00.0;OFF;ON;50;2,70;5,50;3;0,20;97,30;0;0,40;3,50;30;2,90;3,10;
2026-06-16 06:35:00.0;OFF;ON;50;2,50;5,50;3;0,10;97,20;0;0,50;3,50;30;2,80;2,90;
2026-06-16 06:36:00.0;OFF;ON;50;2,60;5,40;2,90;0,10;97,10;0;0,30;3,50;30;2,80;2,80;
2026-06-16 06:37:00.0;OFF;ON;50;2,50;5,30;2,80;0;96,90;0;0,30;3,50;30;2,80;2,80;
2026-06-16 06:38:00.0;OFF;ON;50;2,60;5,30;2,80;0,20;96,90;0;0,20;3,50;30;2,70;2,80;
2026-06-16 06:39:00.0;OFF;ON;50;2,60;5,40;2,90;0,40;96,90;0;0,30;3,50;30;2,70;2,80;
2026-06-16 06:40:00.0;OFF;ON;50;2,60;5,40;2,90;0,40;96,90;0;0,20;3,50;30;2,70;2,80;
2026-06-16 06:41:00.0;OFF;ON;50;2,60;5,40;2,90;0,50;96,90;0;0,30;3,50;30;2,70;2,80;
2026-06-16 06:42:00.0;OFF;ON;50;2,60;5,40;2,90;0,50;96,90;0;0,30;3,50;30;2,70;2,80;
2026-06-16 06:43:00.0;OFF;ON;50;2,50;5,40;2,90;0,50;96,90;0;0,30;3,50;30;2,70;2,80;
2026-06-16 06:44:00.0;OFF;ON;50;2,30;5,40;2,90;0,50;96,90;0;0,50;3,50;30;2,70;2,80;
2026-06-16 06:45:00.0;OFF;ON;50;2,60;5,40;2,90;0,60;96,80;0;0,30;3,50;30;2,70;2,70;
2026-06-16 06:46:00.0;OFF;ON;50;2,50;5,30;2,80;0,40;96,80;0;0,30;3,50;30;2,70;2,70;
2026-06-16 06:47:00.0;OFF;ON;50;2,60;5,30;2,80;0,30;96,80;0;0,20;3,50;30;2,70;2,80;
2026-06-16 06:48:00.0;OFF;ON;50;2,50;5,30;2,80;0,30;96,80;0;0,30;3,50;30;2,70;2,80;
2026-06-16 06:49:00.0;OFF;ON;50;2,50;5,30;2,80;0,30;96,80;0;0,30;3,50;30;2,70;2,80;
2026-06-16 06:50:00.0;OFF;ON;50;2,50;5,30;2,80;0,40;96,80;0;0,30;3,50;30;2,60;2,80;
2026-06-16 06:51:00.0;OFF;ON;50;2,40;5,30;2,80;0,30;96,80;0;0,40;3,50;30;2,60;2,80;
2026-06-16 06:52:00.0;OFF;ON;50;2,50;5,30;2,80;0,30;96,80;0;0,30;3,50;30;2,60;2,70;
2026-06-16 06:53:00.0;OFF;ON;50;2,30;5,30;2,80;0,20;96,80;0;0,40;3,50;30;2,60;2,70;
2026-06-16 06:54:00.0;OFF;ON;50;2,30;5,20;2,70;0;96,70;0;0,40;3,50;30;2,60;2,60;
2026-06-16 06:55:00.0;OFF;ON;50;2,30;5,20;2,70;-0,10;96,60;0;0,30;3,50;30;2,60;2,60;
2026-06-16 06:56:00.0;OFF;ON;50;2,40;5,10;2,60;-0,10;96,50;0;0,30;3,50;30;2,60;2,60;
2026-06-16 06:57:00.0;OFF;ON;50;2,40;5,10;2,60;-0,10;96,40;0;0,20;3,50;30;2,60;2,60;
2026-06-16 06:58:00.0;OFF;ON;50;2,10;5,10;2,60;-0,20;96,30;0;0,50;3,50;30;2,50;2,60;
2026-06-16 06:59:00.0;OFF;ON;50;1,90;5,10;2,60;-0,10;96,30;0;0,70;3,50;30;2,50;2,50;
2026-06-16 07:00:00.0;OFF;ON;50;1,80;5;2,50;-0,10;96,30;0;0,70;3,50;30;2,50;2,40;
2026-06-16 07:01:00.0;OFF;ON;50;1,80;5;2,50;-0,10;96,10;0;0,70;3,50;30;2,40;2,30;
2026-06-16 07:02:00.0;OFF;ON;50;1,70;5;2,50;-0,20;96,10;0;0,80;3,50;30;2,40;2,20;
2026-06-16 07:03:00.0;OFF;ON;50;1,70;4,90;2,40;-0,20;96;0;0,70;3,50;30;2,30;2,20;
2026-06-16 07:04:00.0;OFF;ON;50;1,50;4,80;2,30;-0,30;95,80;0;0,80;3,50;30;2,30;2,10;
2026-06-16 07:05:00.0;OFF;ON;50;1,80;4,80;2,30;-0,40;95,70;0;0,50;3,50;30;2,20;2,10;
2026-06-16 07:06:00.0;OFF;ON;50;1,70;4,70;2,20;-0,50;95,50;0;0,60;3,50;30;2,20;2,10;
2026-06-16 07:07:00.0;OFF;ON;50;1,70;4,80;2,30;-0,40;95,40;0;0,50;3,50;30;2,20;2,10;
2026-06-16 07:08:00.0;OFF;ON;50;1,50;4,80;2,30;-0,50;95,40;0;0,80;3,50;30;2,20;2,10;
2026-06-16 07:09:00.0;OFF;ON;50;1,70;4,80;2,30;-0,50;95,50;0;0,60;3,50;30;2,20;2;
2026-06-16 07:10:00.0;OFF;ON;50;1,80;4,70;2,20;-0,60;95,40;0;0,40;3,50;30;2,20;2;
2026-06-16 07:11:00.0;OFF;ON;50;2,10;4,70;2,20;-0,60;95,40;0;0,10;3,50;30;2,20;2,10;
2026-06-16 07:12:00.0;OFF;ON;50;1,90;4,70;2,20;-0,60;95,50;0;0,30;3,50;30;2,20;2,20;
2026-06-16 07:13:00.0;OFF;ON;50;2,20;4,70;2,20;-0,50;95,60;0;0;3,50;30;2,20;2,20;
2026-06-16 07:14:00.0;OFF;ON;50;2,20;4,80;2,30;-0,40;95,80;0;0,10;3,50;30;2,20;2,30;
2026-06-16 07:15:00.0;OFF;ON;50;2,20;4,90;2,40;-0,30;96;0;0,20;3,50;30;2,30;2,40;
2026-06-16 07:16:00.0;OFF;ON;50;2,30;5;2,50;-0,10;96,40;0;0,20;3,50;30;2,40;2,50;
2026-06-16 07:17:00.0;OFF;ON;50;2,20;5;2,50;-0,10;96,60;0;0,30;3,50;30;2,40;2,50;
2026-06-16 07:18:00.0;OFF;ON;50;2,40;5;2,50;-0,10;96,70;0;0,10;3,50;30;2,40;2,50;
2026-06-16 07:19:00.0;OFF;ON;50;2,40;5;2,50;-0,10;96,80;0;0,20;3,50;30;2,40;2,50;
2026-06-16 07:20:00.0;OFF;ON;50;2,70;5,10;2,60;-0,10;96,80;0;-0,20;3,50;30;2,40;2,60;
2026-06-16 07:21:00.0;OFF;ON;50;2,80;5,10;2,60;0;96,90;0;-0,20;3,50;30;2,50;2,70;
2026-06-16 07:22:00.0;OFF;ON;50;2,80;5,20;2,70;0,10;97;0;-0,10;3,50;30;2,50;2,80;
2026-06-16 07:23:00.0;OFF;ON;50;2,80;5,20;2,70;0,10;97,20;0;0;3,50;30;2,50;2,80;
2026-06-16 07:24:00.0;OFF;ON;50;2,60;5,30;2,80;0,20;97,30;0;0,10;3,50;30;2,60;2,80;
2026-06-16 07:25:00.0;OFF;ON;50;2,50;5,30;2,80;0,30;97,40;0;0,30;3,50;30;2,60;2,80;
2026-06-16 07:26:00.0;OFF;ON;50;2,70;5,30;2,80;0,30;97,40;0;0,10;3,50;30;2,60;2,70;
2026-06-16 07:27:00.0;OFF;ON;50;2,50;5,20;2,70;0,20;97,50;0;0,20;3,50;30;2,50;2,70;
2026-06-16 07:28:00.0;OFF;ON;50;2,70;5,20;2,70;0,20;97,40;0;0;3,50;30;2,60;2,80;
2026-06-16 07:29:00.0;OFF;ON;50;2,60;5,20;2,70;0,10;97,40;0;0,10;3,50;30;2,50;2,80;
2026-06-16 07:30:00.0;OFF;ON;50;2,70;5,30;2,80;0,30;97,50;0,10;0,10;3,50;30;2,70;2,80;
2026-06-16 07:31:00.0;OFF;ON;50;2,60;5,40;2,90;0,40;97,50;0;0,30;3,50;30;2,80;2,80;
2026-06-16 07:32:00.0;OFF;ON;50;2,50;5,40;2,90;0,70;97,70;0;0,40;3,50;30;2,80;2,90;
2026-06-16 07:33:00.0;OFF;ON;50;2,60;5,50;3;0,70;97,90;0;0,30;3,50;30;2,80;2,90;
2026-06-16 07:34:00.0;OFF;ON;50;2,70;5,50;3;0,50;97,90;0;0,30;3,50;30;2,90;2,90;
2026-06-16 07:35:00.0;OFF;ON;50;2,60;5,50;3;0,30;98;0;0,40;3,50;30;3;3;
2026-06-16 07:36:00.0;OFF;ON;50;2,50;5,50;3;0,20;97,90;0;0,50;3,50;30;3;3;
2026-06-16 07:37:00.0;OFF;ON;50;2,80;5,40;2,90;0,20;97,80;0;0,20;3,50;30;2,90;2,90;
2026-06-16 07:38:00.0;OFF;ON;50;2,80;4,80;3,10;2,20;97,80;0;0,20;3,50;30;3,10;3;
2026-06-16 07:39:00.0;OFF;ON;50;2,90;5,60;3,10;1,10;97,90;0;0,20;3,50;30;3,10;3,10;
2026-06-16 07:40:00.0;OFF;ON;50;2,90;7,10;3,10;0,40;98;0;0,10;3,50;30;3,10;3,20;
2026-06-16 07:41:00.0;OFF;ON;50;2,90;7,10;3,10;0,30;98;0;0,20;3,50;30;3,10;3,20;
2026-06-16 07:42:00.0;OFF;ON;50;2,80;7;3;0,30;98;0;0,20;3,50;30;3;3,20;
2026-06-16 07:43:00.0;ON;OFF;50;2,80;7;3;0,30;98;0;0,20;2;30;2,90;3,10;
2026-06-16 07:44:00.0;ON;OFF;50;2,70;7;3;0,20;98;0;0,30;2;30;2,80;3,10;
2026-06-16 07:45:00.0;ON;OFF;50;2,70;6,90;2,90;0,10;98;0;0,20;2;30;2,80;2,90;
2026-06-16 07:46:00.0;ON;OFF;50;2,60;6,90;2,90;0,10;97,90;0;0,20;2;30;2,70;2,90;
2026-06-16 07:47:00.0;ON;OFF;50;2,70;6,80;2,80;0,10;97,90;0;0,10;2;30;2,70;2,90;
2026-06-16 07:48:00.0;ON;OFF;50;2,70;6,80;2,80;0,10;97,80;0;0,10;2;30;2,70;2,90;
2026-06-16 07:49:00.0;ON;OFF;50;2,50;6,90;2,90;0,10;97,70;0;0,30;2;30;2,70;2,90;
2026-06-16 07:50:00.0;ON;OFF;50;2,70;6,90;2,90;0,10;97,70;0;0,20;2;30;2,70;2,90;
2026-06-16 07:51:00.0;ON;OFF;50;2,70;6,90;2,90;0;97,70;0;0,20;2;30;2,70;2,90;
2026-06-16 07:52:00.0;ON;OFF;50;2,60;6,80;2,80;0;97,70;0;0,20;2;30;2,60;2,80;
2026-06-16 07:53:00.0;ON;OFF;50;2,50;6,80;2,80;0;97,70;0;0,30;2;30;2,60;2,80;
2026-06-16 07:54:00.0;ON;OFF;50;2,30;6,70;2,70;0;97,60;0;0,40;2;30;2,60;2,70;
2026-06-16 07:55:00.0;ON;OFF;50;2,40;6,70;2,70;-0,10;97,50;0;0,30;2;30;2,60;2,70;
2026-06-16 07:56:00.0;ON;OFF;50;2,40;6,70;2,70;-0,10;97,40;0;0,20;2;30;2,50;2,70;
2026-06-16 07:57:00.0;ON;OFF;50;2,50;6,70;2,70;-0,10;97,30;0;0,10;2;30;2,50;2,70;
2026-06-16 07:58:00.0;ON;OFF;50;2,50;6,60;2,60;0;97,30;0;0,10;2;30;2,50;2,70;
2026-06-16 07:59:00.0;ON;OFF;50;2,40;6,60;2,60;-0,10;97,30;0;0,20;2;30;2,50;2,70;
2026-06-16 08:00:00.0;ON;OFF;50;2,80;6,70;2,70;-0,10;97,30;0;-0,20;2;30;2,50;2,70;
2026-06-16 08:01:00.0;ON;OFF;50;2,80;6,70;2,70;-0,10;97,40;0;-0,10;2;30;2,50;2,80;
2026-06-16 08:02:00.0;ON;OFF;50;3;5,50;2,70;2,90;97,30;0;-0,30;2;30;2,60;2,80;
2026-06-16 08:03:00.0;ON;OFF;50;3;6,30;3;2,30;97,50;0;0;2;30;2,60;3;
2026-06-16 08:04:00.0;ON;OFF;50;3,20;7;3;1,60;97,70;0;-0,20;2;30;2,70;3,10;
2026-06-16 08:05:00.0;ON;OFF;50;3,40;7,20;3,20;1,10;98;0;-0,20;2;30;3,40;3,30;
2026-06-16 08:06:00.0;ON;OFF;50;3,60;7,40;3,40;1,10;98,20;0;-0,10;2;30;3,90;3,70;
2026-06-16 08:07:00.0;ON;OFF;50;4;7,70;3,70;1,20;98,30;0;-0,30;2;30;3,90;3,90;
2026-06-16 08:08:00.0;ON;OFF;50;4,20;7,80;3,80;1,20;98,30;0;-0,40;2;30;3,90;4;
2026-06-16 08:09:00.0;ON;OFF;50;4,20;8;4;1,30;98,30;0;-0,30;2;30;4;4,10;
2026-06-16 08:10:00.0;ON;OFF;50;4,40;8,10;4,10;1,90;98,30;0;-0,30;2;30;4;4,30;
2026-06-16 08:11:00.0;ON;OFF;50;4,60;8,30;4,30;2,20;98,40;0;-0,30;2;30;4,10;4,40;
2026-06-16 08:12:00.0;ON;OFF;50;4,80;8,30;4,30;2,10;98,30;0;-0,50;2;30;4,20;4,50;
2026-06-16 08:13:00.0;ON;OFF;50;4,80;8,20;4,50;3,40;98,40;0;-0,40;2;30;4,40;4,70;
2026-06-16 08:14:00.0;ON;OFF;50;5,10;8,40;4,50;3,60;98,40;0;-0,60;2;30;4,50;4,80;
2026-06-16 08:15:00.0;ON;OFF;50;5,10;8,50;4,50;2,90;98,40;0;-0,60;2;30;4,50;4,90;
2026-06-16 08:16:00.0;ON;OFF;50;5,30;8,60;4,60;2,60;98,40;0;-0,70;2;30;4,50;5;
2026-06-16 08:17:00.0;ON;OFF;50;5,30;8,60;4,60;2,40;98,40;0;-0,60;2;30;4,60;5,10;
2026-06-16 08:18:00.0;ON;OFF;50;5,40;8,70;4,70;2,40;98,40;0;-0,70;2;30;4,70;5,20;
2026-06-16 08:19:00.0;ON;OFF;50;5,50;8,80;4,80;2,40;98,40;0;-0,80;2;30;4,80;5,30;
2026-06-16 08:20:00.0;ON;OFF;50;5,50;8,80;4,80;2,40;98,40;0;-0,70;2;30;4,90;5,40;
2026-06-16 08:21:00.0;ON;OFF;50;5,70;8,90;4,90;2,40;98,40;0;-0,80;2;30;5;5,50;
2026-06-16 08:22:00.0;ON;OFF;50;5,70;8,90;4,90;2,40;98,40;0;-0,70;2;30;5;5,60;
2026-06-16 08:23:00.0;ON;OFF;50;5,80;9;5;2,40;98,40;0;-0,90;2;30;5,10;5,70;
2026-06-16 08:24:00.0;ON;OFF;50;5,90;9,10;5,10;2,50;98,40;0;-0,80;2;30;5,20;5,70;
2026-06-16 08:25:00.0;ON;OFF;50;6;9,10;5,10;2,50;98,40;0;-0,90;2;30;5,30;5,80;
2026-06-16 08:26:00.0;ON;OFF;50;6,10;9,20;5,20;2,60;98,40;0;-0,90;2;30;5,30;5,90;
2026-06-16 08:27:00.0;ON;OFF;50;6;9,20;5,20;2,60;98,40;0;-0,80;2;30;5,40;5,90;
2026-06-16 08:28:00.0;ON;OFF;50;6,10;9,30;5,30;2,70;98,40;0;-0,80;2;30;5,50;6;
2026-06-16 08:29:00.0;ON;OFF;50;6,30;9,50;5,50;2,90;98,40;0;-0,80;2;30;5,60;6,10;
2026-06-16 08:30:00.0;ON;OFF;50;6,40;9,70;5,70;3;98,40;0;-0,70;2;30;5,80;6,20;
2026-06-16 08:31:00.0;ON;OFF;50;6,40;9,80;5,80;3,20;98,40;0;-0,60;2;30;5,90;6,30;
2026-06-16 08:32:00.0;ON;OFF;50;6,50;9,90;5,90;3,40;98,40;0;-0,60;2;30;5,80;6,40;
2026-06-16 08:33:00.0;ON;OFF;50;6,70;10,10;6,10;3,60;98,40;0;-0,60;2;30;6,10;6,50;
2026-06-16 08:34:00.0;ON;OFF;50;6,80;10,30;6,30;3,80;98,40;0;-0,50;2;30;6,20;6,70;
2026-06-16 08:35:00.0;ON;OFF;50;7;10,50;6,50;4;98,40;0;-0,50;2;30;6,40;6,70;
2026-06-16 08:36:00.0;ON;OFF;50;7,20;10,60;6,60;4;98,40;0;-0,50;2;30;6,50;7;
2026-06-16 08:37:00.0;ON;OFF;50;7,30;10,80;6,80;4,20;98,40;0;-0,50;2;30;6,60;7,10;
2026-06-16 08:38:00.0;ON;OFF;50;7,60;11;7;4,40;98,40;0;-0,60;2;30;6,80;7,20;
2026-06-16 08:39:00.0;ON;OFF;50;7,70;11,20;7,20;4,50;98,40;0;-0,50;2;30;7,20;7,40;
2026-06-16 08:40:00.0;ON;OFF;50;7,70;11,30;7,30;4,50;98,40;0;-0,40;2;30;7,40;7,60;
2026-06-16 08:41:00.0;ON;OFF;50;8;11,50;7,50;4,60;98,40;0;-0,50;2;30;7,70;7,80;
2026-06-16 08:42:00.0;ON;OFF;50;8,10;11,70;7,80;4,80;98,40;0;-0,40;2;30;8;8;
2026-06-16 08:43:00.0;ON;OFF;50;8,30;12;8;5;98,40;0;-0,30;2;30;8,30;8,10;
2026-06-16 08:44:00.0;ON;OFF;50;8,40;12,10;8,10;5,20;98,40;0;-0,30;2;30;8,40;8,40;
2026-06-16 08:45:00.0;ON;OFF;50;8,60;12,20;8,30;5,20;98,40;0;-0,30;2;30;8,30;8,50;
2026-06-16 08:46:00.0;ON;OFF;50;8,60;12,20;8,40;5,60;98,40;0;-0,20;2;30;8,40;8,60;
2026-06-16 08:47:00.0;ON;OFF;50;8,90;12,20;8,60;5,90;98,40;0;-0,30;2;30;8,50;8,70;
2026-06-16 08:48:00.0;ON;OFF;50;9;12,20;8,80;6,20;98,40;0;-0,20;2;30;8,80;8,90;
2026-06-16 08:49:00.0;ON;OFF;50;9,20;12,20;8,90;6,30;98,50;0;-0,30;2;30;8,80;9;
2026-06-16 08:50:00.0;ON;OFF;50;9,40;12,10;9,10;6,40;98,50;0;-0,30;2;30;8,90;9,20;
2026-06-16 08:51:00.0;ON;OFF;50;9,50;7,30;9,30;6,60;98,50;0;-0,20;2;43,70;9,20;9,40;
2026-06-16 08:52:00.0;ON;OFF;50;9,60;7,50;9,50;6,70;98,50;0;-0,20;2;47;9,50;9,50;
2026-06-16 08:53:00.0;ON;OFF;50;9,80;7,70;9,70;7;98,50;0;-0,10;2;50;9,70;9,70;
2026-06-16 08:54:00.0;ON;OFF;50;9,80;7,70;9,70;7;98,50;0;-0,10;2;53;9,70;9,80;
2026-06-16 08:55:00.0;ON;OFF;50;9,80;7,80;9,80;7,30;98,50;0;0;2;56,40;9,90;9,90;
2026-06-16 08:56:00.0;ON;OFF;50;9,90;8;10;7,20;98,50;0;0,10;2;60;10;10,10;
2026-06-16 08:57:00.0;ON;OFF;50;10;8;10;7,30;98,50;0;0;2;61,70;10,10;10,10;
2026-06-16 08:58:00.0;ON;OFF;50;9,90;8,20;10,20;7,60;98,50;0;0,20;2;65,10;10,20;10,20;
2026-06-16 08:59:00.0;ON;OFF;50;9,70;8,20;10,20;7,60;98,50;0;0,60;2;64,70;10,40;10,20;
2026-06-16 09:00:00.0;ON;OFF;50;9,20;8,30;10,30;7,60;98,50;0;1,10;2;64,30;10,40;10,10;
2026-06-16 09:01:00.0;ON;OFF;50;9,10;8,30;10,30;7,60;98,50;0;1,20;2;64,10;10,30;10;
2026-06-16 09:02:00.0;ON;OFF;50;8,10;8,20;10,20;7,60;98,50;0;2,10;2;59,60;10,20;9,70;
2026-06-16 09:03:00.0;ON;OFF;50;7,90;8,10;10,10;7,80;98,50;0;2,20;2;58,80;10;9,40;
2026-06-16 09:04:00.0;ON;OFF;50;7,30;8;10;7,60;98,50;0;2,60;2;55,50;10;9,10;
2026-06-16 09:05:00.0;ON;OFF;50;6,80;7,70;9,70;7,30;98,50;0;2,90;2;51,70;9,70;8,60;
2026-06-16 09:06:00.0;ON;OFF;50;6,50;7,50;9,50;7,10;98,50;0;3,10;2;49,80;9,50;8,30;
2026-06-16 09:07:00.0;ON;OFF;50;6,30;7,30;9,30;7,10;98,50;0;3;2;48,10;9,20;8;
2026-06-16 09:08:00.0;ON;OFF;50;6,10;7,20;9,20;6,90;98,50;0;3;2;46;9,10;7,80;
2026-06-16 09:09:00.0;ON;OFF;50;6,10;7,10;9,10;6,70;98,50;0;2,90;2;45;9;7,70;
2026-06-16 09:10:00.0;ON;OFF;50;6;6,90;8,90;6,60;98,50;0;2,90;2;43,50;8,90;7,60;
2026-06-16 09:11:00.0;ON;OFF;50;6;6,90;8,90;6,50;98,50;0;2,90;2;42,50;8,80;7,50;
2026-06-16 09:12:00.0;ON;OFF;50;6,10;6,80;8,80;6,40;98,50;0;2,70;2;42,30;8,70;7,50;
2026-06-16 09:13:00.0;ON;OFF;50;6,30;6,70;8,70;6,30;98,50;0;2,50;2;42,20;8,70;7,40;
2026-06-16 09:14:00.0;ON;OFF;50;6,80;6,80;8,80;6,30;98,50;0;2;2;44,80;8,80;7,50;
2026-06-16 09:15:00.0;ON;OFF;50;6,90;6,80;8,80;6,30;98,50;0;1,90;2;45,50;8,90;7,70;
2026-06-16 09:16:00.0;ON;OFF;50;7,30;6,90;8,90;6,40;98,50;0;1,60;2;47,50;8,90;8;
2026-06-16 09:17:00.0;ON;OFF;50;7,30;7;9;6,60;98,50;0;1,60;2;47,90;9;8,10;
2026-06-16 09:18:00.0;ON;OFF;50;7,80;7;9;6,70;98,50;0;1,20;2;50,90;9;8,20;
2026-06-16 09:19:00.0;ON;OFF;50;7,80;7,10;9,10;6,80;98,50;0;1,30;2;51,60;9,10;8,30;
2026-06-16 09:20:00.0;ON;OFF;50;8,20;7,20;9,20;6,80;98,50;0;0,90;2;55;9,10;8,50;
2026-06-16 09:21:00.0;ON;OFF;50;8,30;7,30;9,30;6,80;98,50;0;1;2;56,40;9,20;8,70;
2026-06-16 09:22:00.0;ON;OFF;50;8,60;7,30;9,30;6,90;98,50;0;0,80;2;59,60;9,30;8,80;
2026-06-16 09:23:00.0;ON;OFF;50;8,40;7,40;9,40;7,10;98,50;0;1;2;60;9,40;9;
2026-06-16 09:24:00.0;ON;OFF;50;8,40;7,50;9,50;7,10;98,50;0;1,20;2;60,60;9,50;9,10;
2026-06-16 09:25:00.0;ON;OFF;50;8,30;7,60;9,60;7,10;98,50;0;1,30;2;61,30;9,60;9,10;
2026-06-16 09:26:00.0;ON;OFF;50;8,10;7,60;9,60;7,10;98,50;0;1,50;2;61;9,60;9,10;
2026-06-16 09:27:00.0;ON;OFF;50;7,50;7,60;9,60;7,20;98,50;0;2,10;2;58,30;9,60;9;
2026-06-16 09:28:00.0;ON;OFF;50;7;7,50;9,50;7,10;98,50;0;2,60;2;54,80;9,40;8,60;
2026-06-16 09:29:00.0;ON;OFF;50;6,40;7,40;9,40;7,10;98,50;0;2,90;2;51,20;9,30;8,40;
2026-06-16 09:30:00.0;ON;OFF;50;6,20;7,20;9,20;6,90;98,50;0;3;2;49,10;9,10;8;
2026-06-16 09:31:00.0;ON;OFF;50;5,80;6,90;8,90;6,80;98,50;0;3,10;2;46,40;8,80;7,60;
2026-06-16 09:32:00.0;ON;OFF;50;5,80;6,70;8,70;6,70;98,50;0;2,90;2;45,90;8,60;7,40;
2026-06-16 09:33:00.0;ON;OFF;50;5,70;6,60;8,60;6,50;98,50;0;2,90;2;44,60;8,50;7,20;
2026-06-16 09:34:00.0;ON;OFF;50;5,60;6,50;8,50;6,40;98,50;0;2,80;2;43,30;8,30;7,10;
2026-06-16 09:35:00.0;ON;OFF;50;5,50;6,30;8,30;6,30;98,50;0;2,80;2;41,80;8,20;7;
2026-06-16 09:36:00.0;ON;OFF;50;5,40;6,30;8,30;6,20;98,50;0;2,80;2;40,40;8,20;6,90;
2026-06-16 09:37:00.0;ON;OFF;50;5,80;6,20;8,20;6,10;98,50;0;2,40;2;41,90;8,10;6,80;
2026-06-16 09:38:00.0;ON;OFF;50;5,80;6,10;8,10;6,10;98,50;0;2,30;2;41,80;8,10;6,90;
2026-06-16 09:39:00.0;ON;OFF;50;5,80;6,10;8,10;6;98,50;0;2,30;2;41;8;7;
2026-06-16 09:40:00.0;ON;OFF;50;5,80;6,10;8,10;6;98,50;0;2,30;2;41,10;8;7;
2026-06-16 09:41:00.0;ON;OFF;50;6;6,20;8,20;6,10;98,50;0;2,10;2;41,30;8,10;7;
2026-06-16 09:42:00.0;ON;OFF;50;6;6,10;8,10;6,10;98,50;0;2,20;2;41;8;7;
2026-06-16 09:43:00.0;ON;OFF;50;5,70;6,10;8,10;6,10;98,50;0;2,40;2;39,10;8;7;
2026-06-16 09:44:00.0;ON;OFF;50;5,80;6,10;8,10;6;98,50;0;2,30;2;39;8;7;
2026-06-16 09:45:00.0;ON;OFF;50;6,30;6,10;8,10;5,90;98,50;0;1,80;2;43,90;7,90;7,20;
2026-06-16 09:46:00.0;ON;OFF;50;6,10;6;8;5,90;98,50;0;2;2;43,60;7,90;7;
2026-06-16 09:47:00.0;ON;OFF;50;6,20;6,10;8,10;5,90;98,50;0;1,80;2;44,50;7,90;7,10;
2026-06-16 09:48:00.0;ON;OFF;50;6,50;6,10;8,10;6;98,50;0;1,60;2;46,20;7,90;7,20;
2026-06-16 09:49:00.0;ON;OFF;50;6,30;6,10;8,10;6,10;98,50;0;1,80;2;45,60;8;7,30;
2026-06-16 09:50:00.0;ON;OFF;50;6,60;6,10;8,10;6,10;98,50;0;1,60;2;47,80;8;7,30;
2026-06-16 09:51:00.0;ON;OFF;50;6,60;6,20;8,20;5,90;98,50;0;1,60;2;48,20;8,10;7,40;
2026-06-16 09:52:00.0;ON;OFF;50;6,80;6,30;8,30;6;98,50;0;1,50;2;49,60;8,30;7,50;
2026-06-16 09:53:00.0;ON;OFF;50;6,60;6,40;8,40;6,10;98,50;0;1,70;2;48,80;8,40;7,60;
2026-06-16 09:54:00.0;ON;OFF;50;6,40;6,40;8,40;6,10;98,50;0;2;2;48;8,40;7,60;
2026-06-16 09:55:00.0;ON;OFF;50;6;6,40;8,40;6,10;98,50;0;2,40;2;45,30;8,30;7,50;
2026-06-16 09:56:00.0;ON;OFF;50;5,90;6,30;8,30;6,10;98,50;0;2,40;2;44,70;8,30;7,30;
2026-06-16 09:57:00.0;ON;OFF;50;6,30;6,30;8,30;6;98,50;0;2;2;46,70;8,30;7,20;
2026-06-16 09:58:00.0;ON;OFF;50;6,80;6,30;8,30;6;98,50;0;1,40;2;50,50;8,30;7,30;
2026-06-16 09:59:00.0;ON;OFF;50;7;6,30;8,30;6;98,50;0;1,30;2;52,10;8,40;7,60;
2026-06-16 10:00:00.0;ON;OFF;50;7;6,40;8,40;6;98,50;0;1,40;2;52;8,50;7,70;
2026-06-16 10:01:00.0;ON;OFF;50;6,80;6,50;8,50;6,10;98,50;0;1,70;2;51,50;8,50;7,80;
2026-06-16 10:02:00.0;ON;OFF;50;6,60;6,50;8,50;6,20;98,50;0;1,90;2;50,60;8,60;7,80;
2026-06-16 10:03:00.0;ON;OFF;50;6,50;6,50;8,50;6,20;98,50;0;2,10;2;50;8,60;7,70;
2026-06-16 10:04:00.0;ON;OFF;50;6,70;6,50;8,50;6,30;98,50;0;1,70;2;52,10;8,50;7,60;
2026-06-16 10:05:00.0;ON;OFF;50;6,50;6,50;8,50;6,30;98,50;0;2;2;51,40;8,50;7,70;
2026-06-16 10:06:00.0;ON;OFF;50;6,50;6,50;8,50;6,40;98,50;0;1,90;2;51,90;8,50;7,60;
2026-06-16 10:07:00.0;ON;OFF;50;6,30;6,40;8,40;6,30;98,50;0;2,20;2;50,30;8,50;7,60;
2026-06-16 10:08:00.0;ON;OFF;50;6,10;6,50;8,50;6,30;98,50;0;2,30;2;48,80;8,50;7,50;
2026-06-16 10:09:00.0;ON;OFF;50;5,80;6,40;8,40;6,30;98,50;2,10;2,60;2;47;8,50;7,40;
2026-06-16 10:10:00.0;ON;OFF;50;5,80;6,40;8,40;6,30;98,50;0;2,60;2;45,30;8,40;7,20;
2026-06-16 10:11:00.0;ON;OFF;50;5,50;6,30;8,30;6,30;98,50;0;2,80;2;43,60;8,30;7,10;
2026-06-16 10:12:00.0;ON;OFF;50;5,50;6,20;8,20;6,40;98,50;64,70;2,70;2;42,60;8,30;7;
2026-06-16 10:13:00.0;ON;OFF;50;6,10;6,20;8,20;41,50;98,50;104;2,10;2;45,40;8,20;7;
2026-06-16 10:14:00.0;ON;OFF;50;5,90;6,30;8,30;43;98,50;104;2,40;2;43,10;8,30;7,20;
2026-06-16 10:15:00.0;ON;OFF;50;5,90;6,40;8,40;43,50;98,50;104;2,50;2;42,10;8,40;7,20;
2026-06-16 10:16:00.0;ON;OFF;50;6,10;6,40;8,40;43,70;98,50;104;2,30;2;42,60;8,40;7,20;
2026-06-16 10:17:00.0;ON;OFF;50;6,20;6,50;8,50;44;98,50;103,90;2,30;2;41,80;8,40;7,30;
2026-06-16 10:18:00.0;ON;OFF;50;6,30;6,60;8,60;44,20;98,50;103,80;2,30;2;41,20;8,40;7,30;
2026-06-16 10:19:00.0;ON;OFF;50;6,50;6,60;8,60;44,30;98,50;103,80;2,10;2;41,90;8,50;7,40;
2026-06-16 10:20:00.0;ON;OFF;50;6,50;6,70;8,70;44,40;98,50;103,80;2,20;2;41,10;8,50;7,40;
2026-06-16 10:21:00.0;ON;OFF;50;6,40;6,70;8,70;44,40;98,50;103,80;2,40;2;39,60;8,50;7,50;
2026-06-16 10:22:00.0;ON;OFF;50;6,40;6,80;8,80;44,50;98,50;103,80;2,40;2;39;8,50;7,50;
2026-06-16 10:23:00.0;ON;OFF;50;6,80;6,80;8,80;44,50;98,50;103,80;2,20;2;39,50;8,60;7,50;
2026-06-16 10:24:00.0;ON;OFF;50;7,30;6,90;8,90;44,60;98,50;103,70;1,70;2;42,40;8,60;7,60;
2026-06-16 10:25:00.0;ON;OFF;50;7,70;7,10;9,10;44,60;98,50;103,70;1,40;2;44,80;8,80;8;
2026-06-16 10:26:00.0;ON;OFF;50;7,80;7,30;9,30;44,60;98,50;103,70;1,50;2;45,10;8,90;8,30;
2026-06-16 10:27:00.0;ON;OFF;50;8,20;7,50;9,50;44,60;98,50;103,70;1,30;2;46,90;9;8,40;
2026-06-16 10:28:00.0;ON;OFF;50;8,50;7,60;9,60;44,70;98,50;103,60;1,20;2;48,50;9,20;8,60;
2026-06-16 10:29:00.0;ON;OFF;50;8,80;7,90;9,90;44,70;98,50;103,60;1,10;2;50,80;9,40;8,90;
2026-06-16 10:30:00.0;ON;OFF;50;9,10;8,20;10,20;44,70;98,50;103,60;1,10;2;52,40;9,70;9,10;
2026-06-16 10:31:00.0;ON;OFF;50;8,90;8,30;10,30;44,70;98,50;103,60;1,40;2;52;9,70;9,30;
2026-06-16 10:32:00.0;ON;OFF;50;8,80;8,50;10,50;44,70;98,50;103,70;1,70;2;50,70;9,90;9,40;
2026-06-16 10:33:00.0;ON;OFF;50;8,70;8,60;10,60;44,80;98,50;103,60;1,90;2;49,90;9,90;9,40;
2026-06-16 10:34:00.0;ON;OFF;50;8,60;8,60;10,60;44,80;98,50;103,50;2;2;49,10;9,90;9,40;
2026-06-16 10:35:00.0;ON;OFF;50;8,70;8,70;10,70;44,80;98,50;103,50;2;2;49,90;9,90;9,30;
2026-06-16 10:36:00.0;ON;OFF;50;8,20;8,60;10,60;44,80;98,50;103,60;2,40;2;47,20;9,90;9,30;
2026-06-16 10:37:00.0;ON;OFF;50;8,20;8,70;10,70;44,80;98,50;103,60;2,50;2;46;10;9,20;
2026-06-16 10:38:00.0;ON;OFF;50;8,20;8,70;10,70;44,80;98,50;103,60;2,40;2;45,70;10;9,20;
2026-06-16 10:39:00.0;ON;OFF;50;8,20;8,70;10,70;44,80;98,50;103,50;2,40;2;45,70;10;9,10;
2026-06-16 10:40:00.0;ON;OFF;50;9,10;5;11;44,90;98,50;103,50;1,90;2;53,70;10,30;9,20;
2026-06-16 10:41:00.0;ON;OFF;50;8,90;5;11;44,90;98,50;103,50;2,10;2;58;10,30;9,90;
2026-06-16 10:42:00.0;ON;OFF;50;9,40;5,30;11,30;44,90;98,50;103,50;1,90;2;67,70;10,60;10,30;
2026-06-16 10:43:00.0;OFF;ON;100;9,60;5,50;11,50;44,90;98,50;103,50;1,80;6;73,90;10,80;10,70;
2026-06-16 10:44:00.0;OFF;ON;100;10,10;9,60;11,60;44,90;98,50;103,50;1,50;6;55,50;11;10,70;
2026-06-16 10:45:00.0;OFF;ON;100;9,50;9,60;11,60;44,90;98,50;103,40;2,10;6;52,70;11;10,60;
2026-06-16 10:46:00.0;OFF;ON;100;9,30;9,70;11,70;44,90;98,50;103,40;2,40;6;50,80;11,10;10,40;
2026-06-16 10:47:00.0;ON;OFF;50;9,30;9,70;11,70;44,90;98,50;103,40;2,40;2;50,40;11,10;10,40;
2026-06-16 10:48:00.0;ON;OFF;50;9;9,60;11,60;44,90;98,50;103,40;2,60;2;48,50;11;10,20;
2026-06-16 10:49:00.0;ON;OFF;50;9,10;9,70;11,70;45;98,60;103,40;2,60;2;47,50;11;10,10;
2026-06-16 10:50:00.0;ON;OFF;50;8,80;9,70;11,70;45;98,60;103,40;2,90;2;44,80;11;10;
2026-06-16 10:51:00.0;ON;OFF;50;8,80;9,70;11,70;45;98,60;103,40;2,90;2;43,40;11;9,90;
2026-06-16 10:52:00.0;ON;OFF;50;8,70;9,70;11,70;45;98,60;103,40;2,90;2;41,90;10,90;9,80;
2026-06-16 10:53:00.0;ON;OFF;50;8,70;9,70;11,70;45;98,60;103,40;3;2;40,10;11;9,70;
2026-06-16 10:54:00.0;ON;OFF;50;9;9,70;11,70;45;98,60;103,40;2,70;2;39,80;11;9,70;
2026-06-16 10:55:00.0;ON;OFF;50;9;9,70;11,70;45;98,60;103,40;2,80;2;38,50;11,10;9,80;
2026-06-16 10:56:00.0;ON;OFF;50;9,20;9,80;11,80;45;98,60;103,40;2,60;2;38,30;11,10;9,80;
2026-06-16 10:57:00.0;ON;OFF;50;9,10;9,80;11,80;45;98,60;103,40;2,70;2;36,80;11,20;9,90;
2026-06-16 10:58:00.0;ON;OFF;50;9,40;9,90;11,90;45;98,60;103,40;2,60;2;36,50;11,30;10;
2026-06-16 10:59:00.0;ON;OFF;50;9,60;10;12;45;98,60;103,40;2,50;2;36,20;11,30;10;
2026-06-16 11:00:00.0;ON;OFF;50;10,10;10,10;12,10;45;98,60;103,40;2;2;38,70;11,40;10,40;
2026-06-16 11:01:00.0;ON;OFF;50;10,40;10,30;12,30;45;98,60;103,40;1,90;2;39,10;11,50;10,70;
2026-06-16 11:02:00.0;ON;OFF;50;10,60;10,40;12,40;45;98,60;103,40;1,80;2;40,10;11,70;10,90;
2026-06-16 11:03:00.0;ON;OFF;50;10,60;10,60;12,60;45;98,60;103,40;2;2;39,60;11,90;11,20;
2026-06-16 11:04:00.0;ON;OFF;50;11;10,80;12,80;45;98,60;103,40;1,80;2;40,80;12,10;11,40;
2026-06-16 11:05:00.0;ON;OFF;50;11,20;10,80;12,80;45;98,60;103,40;1,60;2;42,30;12,10;11,50;
2026-06-16 11:06:00.0;ON;OFF;50;11,30;10,90;12,90;45;98,60;103,40;1,60;2;42,80;12,30;11,60;
2026-06-16 11:07:00.0;ON;OFF;50;11,10;11;13;45;98,60;103,40;1,80;2;42;12,20;11,70;
2026-06-16 11:08:00.0;ON;OFF;50;11,60;11;13;44,90;98,60;103,40;1,50;2;44;12,40;11,60;
2026-06-16 11:09:00.0;ON;OFF;50;11,40;11,20;13,20;44,90;98,60;103,40;1,70;2;43,20;12,50;11,70;
2026-06-16 11:10:00.0;ON;OFF;50;11,70;11,20;13,20;44,90;98,60;103,40;1,50;2;45;12,50;11,90;
2026-06-16 11:11:00.0;ON;OFF;50;11,70;11,30;13,30;44,90;98,60;103,40;1,60;2;44,90;12,70;12;
2026-06-16 11:12:00.0;ON;OFF;50;11,80;11,50;13,50;44,90;98,60;103,40;1,70;2;44,90;12,80;12,20;
2026-06-16 11:13:00.0;ON;OFF;50;11,30;11,60;13,60;44,90;98,60;103,40;2,20;2;41,80;12,90;12,20;
2026-06-16 11:14:00.0;ON;OFF;50;11,30;11,70;13,70;44,90;98,60;103,40;2,30;2;41;12,90;12,10;
2026-06-16 11:15:00.0;ON;OFF;50;11,10;11,70;13,70;44,90;98,60;103,40;2,30;2;40,60;12,90;12,10;
2026-06-16 11:16:00.0;ON;OFF;50;11,10;11,60;13,60;44,90;98,60;103,40;2,60;2;37,80;12,90;12;
2026-06-16 11:17:00.0;ON;OFF;50;11,10;11,70;13,70;44,90;98,60;103,40;2,60;2;37,10;12,90;11,90;
2026-06-16 11:18:00.0;ON;OFF;50;11,20;11,70;13,70;44,80;98,60;103,40;2,50;2;36,40;12,90;11,90;
2026-06-16 11:19:00.0;ON;OFF;50;11,10;11,70;13,70;44,80;98,60;103,40;2,60;2;35,10;13;11,90;
2026-06-16 11:20:00.0;ON;OFF;50;11,20;11,80;13,80;44,80;98,60;103,40;2,60;2;34,20;13;12;
2026-06-16 11:21:00.0;ON;OFF;50;11,90;11,80;13,80;44,80;98,60;103,40;1,90;2;37,50;13;12;
2026-06-16 11:22:00.0;ON;OFF;50;12;11,90;13,90;44,80;98,60;103,40;1,90;2;38;13,10;12,30;
2026-06-16 11:23:00.0;ON;OFF;50;12,50;12;14;44,80;98,60;103,40;1,50;2;40,50;13,30;12,60;
2026-06-16 11:24:00.0;ON;OFF;50;12,50;12,10;14,10;44,70;98,60;103,40;1,60;2;40,40;13,40;12,80;
2026-06-16 11:25:00.0;ON;OFF;50;12,60;12,30;14,30;44,70;98,60;103,40;1,70;2;41;13,80;13;
2026-06-16 11:26:00.0;ON;OFF;50;12,70;12,40;14,40;44,70;98,60;103,40;1,70;2;41,60;14;13,20;
2026-06-16 11:27:00.0;ON;OFF;50;12,90;12,60;14,60;44,70;98,60;103,40;1,70;2;42,30;14,30;13,40;
2026-06-16 11:28:00.0;ON;OFF;50;12,90;12,70;14,70;44,70;98,60;103,40;1,70;2;42,40;14,40;13,50;
2026-06-16 11:29:00.0;ON;OFF;50;12,80;12,80;14,80;44,70;98,60;103,40;2;2;40,90;14,40;13,60;
2026-06-16 11:30:00.0;ON;OFF;50;13,20;12,90;14,90;44,60;98,60;103,40;1,70;2;43,50;14,50;13,60;
2026-06-16 11:31:00.0;ON;OFF;50;13,30;12,90;14,90;44,60;98,60;103,40;1,70;2;43,90;14,50;13,70;
2026-06-16 11:32:00.0;ON;OFF;50;13,30;13,10;15,10;44,60;98,70;103,40;1,80;2;44,10;14,60;13,80;
2026-06-16 11:33:00.0;ON;OFF;50;13,50;8,10;15,10;44,60;98,70;103,40;1,60;2;73,80;14,60;13,90;
2026-06-16 11:34:00.0;ON;OFF;50;11,40;8,50;15,50;44,60;98,70;103,40;4,10;2;65,90;14,90;14,20;
2026-06-16 11:35:00.0;ON;OFF;50;10,80;8,40;15,40;44,50;98,70;103,40;4,60;2;67,20;14,80;14,10;
2026-06-16 11:36:00.0;OFF;ON;100;10,20;8,30;15,30;44,50;98,70;103,40;5,10;7;68,60;14,70;13,90;
2026-06-16 11:37:00.0;OFF;ON;100;9,80;8,20;15,20;44,50;98,70;103,40;5,40;7;69,30;14,60;13,70;
2026-06-16 11:38:00.0;OFF;ON;100;9,20;8;15;44,50;98,70;103,40;5,80;7;70,10;14,40;13,40;
2026-06-16 11:39:00.0;OFF;ON;100;8,70;7,90;14,90;44,40;98,70;103,40;6,20;7;69,70;14,30;13,20;
2026-06-16 11:40:00.0;OFF;ON;100;8,50;7,90;14,90;44,40;98,70;103,40;6,30;7;70,20;14,20;13;
2026-06-16 11:41:00.0;OFF;ON;100;8,30;7,80;14,80;44,40;98,70;103,40;6,50;7;70,40;14,10;12,90;
2026-06-16 11:42:00.0;OFF;ON;100;8,20;7,70;14,70;44,30;98,70;103,40;6,50;7;71,10;14,10;12,80;
2026-06-16 11:43:00.0;OFF;ON;100;8,20;7,60;14,60;44,30;98,70;103,40;6,40;7;72,70;14;12,70;
2026-06-16 11:44:00.0;OFF;ON;100;7,90;7,60;14,60;44,30;98,70;103,30;6,60;7;72,10;14;12,60;
2026-06-16 11:45:00.0;OFF;ON;100;7,80;7,50;14,50;44,30;98,70;103,40;6,70;7;72,40;13,90;12,60;
2026-06-16 11:46:00.0;OFF;ON;100;7,80;7,50;14,50;44,20;98,70;103,40;6,70;7;72,80;13,90;12,50;
2026-06-16 11:47:00.0;OFF;ON;100;7,60;7,40;14,40;44,20;98,70;103,40;6,80;7;72,40;13,80;12,40;
2026-06-16 11:48:00.0;OFF;ON;100;7,60;7,40;14,40;44,20;98,70;103,40;6,80;7;72,80;13,90;12,40;
2026-06-16 11:49:00.0;OFF;ON;100;7,50;7,40;14,40;44,10;98,70;103,40;6,90;7;73;13,90;12,40;
2026-06-16 11:50:00.0;OFF;ON;100;7,50;7,40;14,40;44,10;98,70;103,40;6,90;7;73,10;13,80;12,40;
2026-06-16 11:51:00.0;OFF;ON;100;7,50;7,30;14,30;44,10;98,70;103,30;6,80;7;73,80;13,80;12,30;
2026-06-16 11:52:00.0;OFF;ON;100;7,50;7,30;14,30;44;98,70;103,30;6,80;7;73,90;13,80;12,30;
2026-06-16 11:53:00.0;OFF;ON;100;7,40;7,20;14,20;44;98,70;103,30;6,90;7;73,90;13,80;12,30;
2026-06-16 11:54:00.0;OFF;ON;100;7,30;7,20;14,20;44;98,70;103,30;7;7;73,60;13,80;12,20;
2026-06-16 11:55:00.0;OFF;ON;100;7,20;7,20;14,20;43,90;98,70;103,10;7;7;73,90;13,80;12,20;
2026-06-16 11:56:00.0;OFF;ON;100;7,30;7,20;14,20;43,90;98,70;103,10;6,80;7;74,30;13,70;12,20;
2026-06-16 11:57:00.0;OFF;ON;100;7,20;7,20;14,20;43,90;98,70;103,20;7;7;74,10;13,80;12,20;
2026-06-16 11:58:00.0;OFF;ON;100;7,20;7,10;14,10;43,80;98,70;103,20;7;7;74,10;13,80;12,20;
2026-06-16 11:59:00.0;OFF;ON;100;7,10;7,10;14,10;43,80;98,60;103,20;7;7;74,20;13,80;12,20;
2026-06-16 12:00:00.0;OFF;ON;100;7,10;7,10;14,10;43,80;98,60;103,20;7;7;74,30;13,80;12,20;
2026-06-16 12:01:00.0;OFF;ON;100;7,20;7,10;14,10;43,70;98,60;103,20;7;7;74,50;13,80;12,20;
2026-06-16 12:02:00.0;OFF;ON;100;7,20;7,10;14,10;43,70;98,70;103,20;6,90;7;74,70;13,80;12,20;
2026-06-16 12:03:00.0;OFF;ON;100;7,10;7,10;14,10;43,60;98,70;103,20;7;7;73,80;13,80;12,20;
2026-06-16 12:04:00.0;OFF;ON;100;7,10;7,10;14,10;43,60;98,70;103,20;7;7;73,70;13,80;12,20;
2026-06-16 12:05:00.0;OFF;ON;100;7,10;7,10;14,10;43,60;98,70;103,20;7;7;74,40;13,80;12,20;
2026-06-16 12:06:00.0;OFF;ON;100;7,20;7,10;14,10;43,50;98,70;103,20;7;7;73,50;13,70;12,20;
2026-06-16 12:07:00.0;OFF;ON;100;7,10;7,20;14,20;43,50;98,70;103,20;7;7;73,40;13,70;12,10;
2026-06-16 12:08:00.0;OFF;ON;100;7;7,20;14,20;43,40;98,70;103,20;7,10;7;73;13,80;12,10;
2026-06-16 12:09:00.0;OFF;ON;100;7,20;7,20;14,20;43,40;98,70;103,20;7;7;73,40;13,80;12,20;
2026-06-16 12:10:00.0;OFF;ON;100;7,30;7,30;14,30;43,40;98,70;103,20;7;7;73,40;14,10;12,30;
2026-06-16 12:11:00.0;OFF;ON;100;7,30;7,40;14,40;43,30;98,70;103,20;7,10;7;73,20;14,30;12,50;
2026-06-16 12:12:00.0;OFF;ON;100;7,40;7,40;14,40;43,30;98,70;103,20;7;7;73,10;14,40;12,60;
2026-06-16 12:13:00.0;OFF;ON;100;7,40;7,40;14,40;43,20;98,70;103,20;7;7;73,60;14,40;12,70;
2026-06-16 12:14:00.0;OFF;ON;100;7,50;7,40;14,40;43,20;98,70;103,20;6,90;7;73,90;14,40;12,70;
2026-06-16 12:15:00.0;OFF;ON;100;7,40;7,40;14,40;43,10;98,70;103,20;7;7;73;14,50;12,70;
2026-06-16 12:16:00.0;OFF;ON;100;7,30;7,40;14,40;43,10;98,70;103,20;7,10;7;72,80;14,40;12,70;
2026-06-16 12:17:00.0;OFF;ON;100;7,50;7,30;14,30;43,10;98,70;103,20;6,90;7;74;14,40;12,70;
2026-06-16 12:18:00.0;OFF;ON;100;7,30;7,30;14,30;43;98,70;103,20;7;7;74;14,30;12,70;
2026-06-16 12:19:00.0;OFF;ON;100;7,40;7,30;14,30;43;98,70;103,20;6,90;7;74,30;14,30;12,70;
2026-06-16 12:20:00.0;OFF;ON;100;7,30;7,30;14,30;42,90;98,70;103,20;7;7;74;14,30;12,70;
2026-06-16 12:21:00.0;OFF;ON;100;7,40;7,20;14,20;42,90;98,70;103,20;6,90;7;74,60;14,30;12,60;
2026-06-16 12:22:00.0;OFF;ON;100;7,20;7,20;14,20;42,80;98,70;103,20;7;7;74,30;14,20;12,60;
2026-06-16 12:23:00.0;OFF;ON;100;7,30;7,10;14,10;42,80;98,70;103,20;6,90;7;75;14,20;12,60;
2026-06-16 12:24:00.0;OFF;ON;100;7,10;7,10;14,10;42,70;98,70;103,20;7;7;74,80;14,10;12,50;
2026-06-16 12:25:00.0;OFF;ON;100;7,10;7,10;14,10;42,70;98,70;103,20;7;7;74,80;14;12,50;
2026-06-16 12:26:00.0;OFF;ON;100;7;7;14;42,60;98,70;103,20;7;7;74,90;14;12,40;
2026-06-16 12:27:00.0;OFF;ON;100;7;7;14;42,60;98,70;103,20;7;7;75,20;14;12,40;
2026-06-16 12:28:00.0;OFF;ON;100;7;6,90;13,90;42,50;98,70;103,20;7;7;75,20;13,90;12,30;
2026-06-16 12:29:00.0;OFF;ON;100;7;6,90;13,90;42,50;98,70;103,20;6,90;7;75,10;13,90;12,30;
2026-06-16 12:30:00.0;OFF;ON;100;6,90;6,90;13,90;42,40;98,70;103,20;6,90;7;75,20;13,80;12,20;
2026-06-16 12:31:00.0;OFF;ON;100;6,80;6,80;13,80;42,40;98,70;103,20;7;7;75,30;13,80;12,20;
2026-06-16 12:32:00.0;OFF;ON;100;6,80;6,80;13,80;42,30;98,70;103,20;7;7;75,50;13,70;12,10;
2026-06-16 12:33:00.0;OFF;ON;100;6,80;6,70;13,70;42,30;98,70;103,20;6,90;7;75,50;13,60;12,10;
2026-06-16 12:34:00.0;OFF;ON;100;6,70;6,70;13,70;42,20;98,70;103,20;7;7;75,70;13,60;12;
2026-06-16 12:35:00.0;OFF;ON;100;6,60;6,60;13,60;42,20;98,70;103,20;6,90;7;75,70;13,60;12;
2026-06-16 12:36:00.0;OFF;ON;100;6,50;6,60;13,60;42,10;98,70;103,20;7,10;7;75;13,50;11,90;
2026-06-16 12:37:00.0;OFF;ON;100;6,50;6,50;13,50;42,10;98,70;103,20;7;7;75,80;13,40;11,90;
2026-06-16 12:38:00.0;OFF;ON;100;6,40;6,50;13,50;42;98,70;103,20;7,10;7;75,10;13,40;11,80;
2026-06-16 12:39:00.0;OFF;ON;100;6,40;6,40;13,40;42;98,70;103,20;7;7;75,80;13,30;11,80;
2026-06-16 12:40:00.0;OFF;ON;100;6,40;6,40;13,40;41,90;98,70;103,20;7;7;75,10;13,30;11,70;
2026-06-16 12:41:00.0;OFF;ON;100;6,20;6,30;13,30;41,90;98,70;103,20;7,10;7;75;13,30;11,70;
2026-06-16 12:42:00.0;OFF;ON;100;6,30;6,30;13,30;41,80;98,70;103,20;6,90;7;75,90;13,20;11,60;
2026-06-16 12:43:00.0;OFF;ON;100;6,10;6,20;13,20;41,80;98,70;103,20;7,10;7;75;13,10;11,60;
2026-06-16 12:44:00.0;OFF;ON;100;6,20;6,20;13,20;41,70;98,70;103,20;6,90;7;75,80;13,10;11,50;
2026-06-16 12:45:00.0;OFF;ON;100;6,10;6,10;13,10;41,60;98,70;103,20;7;7;75,10;13;11,40;
2026-06-16 12:46:00.0;OFF;ON;100;6,10;6,10;13,10;41,60;98,70;103,20;7;7;75,80;13;11,40;
2026-06-16 12:47:00.0;OFF;ON;100;6,10;6;13;41,50;98,70;103,20;6,90;7;75,90;12,90;11,30;
2026-06-16 12:48:00.0;OFF;ON;100;5,90;6;13;41,50;98,70;103,20;7,10;7;74,90;12,90;11,30;
2026-06-16 12:49:00.0;OFF;ON;100;5,90;5,90;12,90;41,40;98,70;103,20;7;7;75,10;12,80;11,20;
2026-06-16 12:50:00.0;OFF;ON;100;5,80;5,90;12,90;41,40;98,70;103,20;7,10;7;75;12,70;11,20;
2026-06-16 12:51:00.0;OFF;ON;100;5,80;5,80;12,80;41,30;98,70;103,20;7;7;75,80;12,70;11,10;
2026-06-16 12:52:00.0;OFF;ON;100;5,90;5,80;12,80;41,20;98,70;103,20;6,90;7;75,90;12,60;11;
2026-06-16 12:53:00.0;OFF;ON;100;5,70;5,70;12,70;41,20;98,70;103,20;7,10;7;74,90;12,60;11;
2026-06-16 12:54:00.0;OFF;ON;100;5,60;5,70;12,70;41,10;98,70;103,20;7,10;7;74,80;12,50;10,90;
2026-06-16 12:55:00.0;OFF;ON;100;5,50;5,60;12,60;41,10;98,70;103,20;7,10;7;74,80;12,50;10,90;
2026-06-16 12:56:00.0;OFF;ON;100;5,60;5,60;12,60;41,10;98,70;103,20;7;7;75,60;12,50;10,80;
2026-06-16 12:57:00.0;OFF;ON;100;5,60;5,50;12,50;41;98,70;103,20;7;7;74,90;12,40;10,80;
2026-06-16 12:58:00.0;OFF;ON;100;5,50;5,50;12,50;40,90;98,70;103,20;7;7;75,50;12,30;10,70;
2026-06-16 12:59:00.0;OFF;ON;100;5,40;5,40;12,40;40,90;98,70;103,20;7;7;74,90;12,30;10,70;
2026-06-16 13:00:00.0;OFF;ON;100;5,50;5,40;12,40;40,80;98,70;103,20;6,90;7;75,70;12,20;10,60;
2026-06-16 13:01:00.0;OFF;ON;100;5,30;5,30;12,30;40,70;98,70;103,20;7;7;75,70;12,20;10,50;
2026-06-16 13:02:00.0;OFF;ON;100;5,40;5,30;12,30;40,70;98,70;103,20;6,90;7;76;12,10;10,50;
2026-06-16 13:03:00.0;OFF;ON;100;5,30;5,30;12,30;40,60;98,70;103,20;7;7;75,90;12,10;10,50;
2026-06-16 13:04:00.0;OFF;ON;100;5,30;5,20;12,20;40,50;98,70;103,20;6,90;7;76,30;12;10,40;
2026-06-16 13:05:00.0;OFF;ON;100;5,20;5,10;12,10;40,50;98,70;103,20;7;7;76;12;10,40;
2026-06-16 13:06:00.0;OFF;ON;100;5,10;5,10;12,10;40,40;98,70;103,20;6,90;7;76;11,90;10,30;
2026-06-16 13:07:00.0;OFF;ON;100;5,10;5;12;40,40;98,70;103,20;6,90;7;76,30;11,90;10,20;
2026-06-16 13:08:00.0;OFF;ON;100;5,20;6;12;40,30;98,70;103,20;6,80;7;70,70;11,80;10,20;
2026-06-16 13:09:00.0;OFF;ON;100;5,10;5,90;11,90;40,20;98,70;103,20;6,90;7;68,80;11,80;10,10;
2026-06-16 13:10:00.0;OFF;ON;100;5,10;5,90;11,90;40,20;98,70;103,20;6,80;7;67,40;11,70;10,10;
2026-06-16 13:11:00.0;OFF;ON;100;5,10;5,80;11,80;40,10;98,70;103,20;6,80;6;66,60;11,70;10;
2026-06-16 13:12:00.0;OFF;ON;100;5;5,80;11,80;40,10;98,70;103,20;6,80;6;65;11,60;10;
2026-06-16 13:13:00.0;OFF;ON;100;5,30;5,80;11,80;40;98,70;103,20;6,50;6;65,70;11,60;10;
2026-06-16 13:14:00.0;OFF;ON;100;5,20;5,80;11,80;39,90;98,70;103,20;6,60;6;64,30;11,60;10;
2026-06-16 13:15:00.0;OFF;ON;100;5,30;5,70;11,70;39,90;98,70;103,20;6,50;6;63,80;11,50;10;
2026-06-16 13:16:00.0;OFF;ON;100;5,20;5,70;11,70;39,80;98,70;103,20;6,50;6;62,80;11,50;10;
2026-06-16 13:17:00.0;OFF;ON;100;5,40;5,70;11,70;39,80;98,70;103,20;6,30;6;63,10;11,50;10;
2026-06-16 13:18:00.0;OFF;ON;100;5,40;5,70;11,70;39,70;98,70;103,20;6,20;6;63,10;11,50;10;
2026-06-16 13:19:00.0;OFF;ON;100;5,30;5,70;11,70;39,70;98,70;103,20;6,40;6;61,80;11,50;10;
2026-06-16 13:20:00.0;OFF;ON;100;5,40;5,70;11,70;39,60;98,70;103,20;6,20;6;62,10;11,50;10;
2026-06-16 13:21:00.0;OFF;ON;100;5,40;5,70;11,70;39,60;98,70;103,20;6,30;6;61,40;11,50;10;
2026-06-16 13:22:00.0;OFF;ON;100;5,50;5,60;11,60;39,50;98,70;103,20;6,20;6;61,70;11,40;10;
2026-06-16 13:23:00.0;OFF;ON;100;5,50;5,60;11,60;39,50;98,70;103,20;6,10;6;61,50;11,40;10;
2026-06-16 13:24:00.0;OFF;ON;100;5,30;5,60;11,60;39,40;98,70;103,20;6,30;6;60,30;11,40;10;
2026-06-16 13:25:00.0;OFF;ON;100;5,50;5,60;11,60;39,40;98,70;103,20;6,10;6;61,20;11,40;9,90;
2026-06-16 13:26:00.0;OFF;ON;100;5,50;5,50;11,50;39,30;98,70;103,30;6,10;6;61;11,30;9,90;
2026-06-16 13:27:00.0;OFF;ON;100;5,40;5,50;11,50;39,20;98,70;103,30;6,20;6;60,20;11,30;9,90;
2026-06-16 13:28:00.0;OFF;ON;100;5,30;5,50;11,50;39,20;98,70;103,20;6,20;6;59,80;11,30;9,90;
2026-06-16 13:29:00.0;OFF;ON;100;5,40;5,50;11,50;39,10;98,70;103,20;6;6;60,50;11,30;9,90;
2026-06-16 13:30:00.0;OFF;ON;100;5,50;5,40;11,40;39,10;98,70;103,20;5,90;6;61,10;11,20;9,90;
2026-06-16 13:31:00.0;OFF;ON;100;5,30;5,40;11,40;39;98,70;103,30;6,10;6;59,90;11,20;9,80;
2026-06-16 13:32:00.0;OFF;ON;100;5,40;5,40;11,40;39;98,70;103,20;6;6;60,10;11,20;9,80;
2026-06-16 13:33:00.0;OFF;ON;100;5,40;5,30;11,30;38,90;98,70;103,20;6;6;60,20;11,10;9,80;
2026-06-16 13:34:00.0;OFF;ON;100;5,30;5,30;11,30;38,90;98,60;103,20;6,10;6;60,10;11,10;9,80;
2026-06-16 13:35:00.0;OFF;ON;100;5,30;5,30;11,30;38,80;98,60;103,20;6;6;60,70;11,10;9,70;
2026-06-16 13:36:00.0;OFF;ON;100;5,20;5,30;11,30;38,70;98,50;103,20;6,10;6;59,90;11,10;9,70;
2026-06-16 13:37:00.0;OFF;ON;100;5,20;5,20;11,20;38,70;98,60;103,20;6,10;6;59,90;11,10;9,70;
2026-06-16 13:38:00.0;OFF;ON;100;5,20;5,20;11,20;38,60;98,60;103,20;6;6;60,70;11;9,70;
2026-06-16 13:39:00.0;OFF;ON;100;5,20;5,20;11,20;38,60;98,50;103,20;6;6;60,80;11;9,60;
2026-06-16 13:40:00.0;OFF;ON;100;5,20;5,20;11,20;38,50;98,50;103,20;6;6;60,70;11;9,60;
2026-06-16 13:41:00.0;OFF;ON;100;5,10;5,10;11,10;38,50;98,30;103,20;6;6;60,70;10,90;9,60;
2026-06-16 13:42:00.0;OFF;ON;100;5,10;5,10;11,10;38,40;98,30;103,20;6;6;60,80;10,90;9,50;
2026-06-16 13:43:00.0;OFF;ON;100;5,10;5,10;11,10;38,30;98,30;103,20;6;6;60,80;10,80;9,50;
2026-06-16 13:44:00.0;OFF;ON;100;5;5;11;38,30;98,30;103,20;6;6;60,80;10,80;9,50;
2026-06-16 13:45:00.0;OFF;ON;100;5;5;11;38,20;98,20;103,20;6;6;60,90;10,80;9,50;
2026-06-16 13:46:00.0;OFF;ON;100;5,10;5;11;38,20;98,30;103,20;5,90;6;61,20;10,80;9,40;
2026-06-16 13:47:00.0;OFF;ON;100;5,10;4,90;10,90;38,10;98,20;103,20;5,90;6;61,50;10,70;9,40;
2026-06-16 13:48:00.0;OFF;ON;100;4,90;4,90;10,90;38,10;98,20;103,20;6;6;61,20;10,70;9,40;
2026-06-16 13:49:00.0;OFF;ON;100;4,90;4,90;10,90;38;98,10;103,10;6;6;61,40;10,70;9,30;
2026-06-16 13:50:00.0;OFF;ON;100;4,80;4,80;10,80;37,90;98;103,10;6;6;61,30;10,60;9,30;
2026-06-16 13:51:00.0;OFF;ON;100;4,80;4,80;10,80;37,90;98;102,90;6;6;61,40;10,60;9,30;
2026-06-16 13:52:00.0;OFF;ON;100;4,80;4,70;10,70;37,80;98;102,90;6;6;61,70;10,50;9,20;
2026-06-16 13:53:00.0;OFF;ON;100;4,80;4,70;10,70;37,70;98;102,90;6;6;61,70;10,50;9,20;
2026-06-16 13:54:00.0;OFF;ON;100;4,80;4,70;10,70;37,70;98;102,90;5,90;6;62,30;10,50;9,20;
2026-06-16 13:55:00.0;OFF;ON;100;4,80;4,70;10,70;37,60;98;102,90;5,80;6;62,60;10,40;9,20;
2026-06-16 13:56:00.0;OFF;ON;100;4,70;4,60;10,60;37,60;98;103;5,90;6;62,20;10,40;9,10;
2026-06-16 13:57:00.0;OFF;ON;100;4,70;4,60;10,60;37,50;98;103;5,80;6;63;10,40;9,10;
2026-06-16 13:58:00.0;OFF;ON;100;4,80;4,60;10,60;37,50;98;103;5,80;6;63,30;10,40;9,10;
2026-06-16 13:59:00.0;OFF;ON;100;4,60;4,50;10,50;37,40;97,90;103;5,90;6;63;10,30;9;
2026-06-16 14:00:00.0;OFF;ON;100;4,60;4,50;10,50;37,30;97,90;103;5,90;6;63,40;10,30;9;
2026-06-16 14:01:00.0;OFF;ON;100;4,60;4,40;10,40;37,30;97,80;103;5,90;6;63,70;10,20;9;
2026-06-16 14:02:00.0;OFF;ON;100;4,50;4,40;10,40;37,20;97,80;103;5,90;6;64;10,20;8,90;
2026-06-16 14:03:00.0;OFF;ON;100;4,50;4,40;10,40;37,20;97,80;103;5,90;6;64,30;10,20;8,90;
2026-06-16 14:04:00.0;OFF;ON;100;4,50;4,30;10,30;37,10;97,80;103;5,90;6;64,60;10,10;8,90;
2026-06-16 14:05:00.0;OFF;ON;100;4,40;4,30;10,30;37;97,80;103;5,80;6;65,10;10,10;8,90;
2026-06-16 14:06:00.0;OFF;ON;100;4,50;4,20;10,20;37;97,70;103;5,80;6;65,80;10,10;8,80;
2026-06-16 14:07:00.0;OFF;ON;100;4,40;4,20;10,20;36,90;97,60;103;5,80;6;65,90;10;8,80;
2026-06-16 14:08:00.0;OFF;ON;100;4,50;4,20;10,20;36,80;97,70;103;5,70;6;66,90;10;8,80;
2026-06-16 14:09:00.0;OFF;ON;100;4,40;4,10;10,10;36,80;97,70;103;5,70;6;67,20;9,90;8,70;
2026-06-16 14:10:00.0;OFF;ON;100;4,40;4,10;10,10;36,70;97,80;103;5,80;6;67,50;9,90;8,70;
2026-06-16 14:11:00.0;OFF;ON;100;4,40;4,10;10,10;36,70;97,70;103;5,70;6;68;9,90;8,70;
2026-06-16 14:12:00.0;OFF;ON;100;4,20;4;10;36,60;97,60;103;5,80;6;68;9,90;8,60;
2026-06-16 14:13:00.0;OFF;ON;100;4,20;4,50;10;36,50;97,70;103;5,80;6;65,70;9,80;8,60;
2026-06-16 14:14:00.0;OFF;ON;100;4,30;4,50;10;36,50;97,70;103;5,70;6;65,90;9,80;8,60;
2026-06-16 14:15:00.0;OFF;ON;100;4,30;4,40;9,90;36,40;97,50;103;5,70;6;65,70;9,80;8,50;
2026-06-16 14:16:00.0;OFF;ON;100;4,10;4,40;9,90;36,30;97,50;103;5,80;5,50;64,70;9,70;8,50;
2026-06-16 14:17:00.0;OFF;ON;100;4,10;4,40;9,90;36,30;97,50;103;5,80;5,50;64,20;9,70;8,50;
2026-06-16 14:18:00.0;OFF;ON;100;4,20;4,40;9,90;36,20;97,50;103;5,70;5,50;64,60;9,70;8,50;
2026-06-16 14:19:00.0;OFF;ON;100;4,10;4,30;9,80;36,20;97,50;103;5,70;5,50;64;9,60;8,40;
2026-06-16 14:20:00.0;OFF;ON;100;4,10;4,30;9,80;36,10;97,50;103;5,60;5,50;63,90;9,60;8,40;
2026-06-16 14:21:00.0;OFF;ON;100;4;4,30;9,80;36;97,40;103;5,80;5,50;62,80;9,60;8,40;
2026-06-16 14:22:00.0;OFF;ON;100;4;4,20;9,70;36;97,40;103;5,70;5,50;62,70;9,60;8,30;
2026-06-16 14:23:00.0;OFF;ON;100;4;4,20;9,70;35,90;97,50;103;5,70;5,50;62,70;9,50;8,30;
2026-06-16 14:24:00.0;OFF;ON;100;4;4,20;9,70;35,80;97,50;103;5,70;5,50;62,30;9,60;8,30;
2026-06-16 14:25:00.0;OFF;ON;100;3,90;4,20;9,70;35,80;97,30;103;5,80;5,50;61,20;9,50;8,20;
2026-06-16 14:26:00.0;OFF;ON;100;3,80;4,10;9,60;35,70;97,50;103,10;5,80;5,50;60,70;9,50;8,20;
2026-06-16 14:27:00.0;OFF;ON;100;3,80;4,10;9,60;35,60;97,40;103,10;5,80;5,50;60,40;9,50;8,10;
2026-06-16 14:28:00.0;OFF;ON;100;3,80;4,10;9,60;35,60;97,30;103,10;5,80;5,50;60,10;9,50;8,10;
2026-06-16 14:29:00.0;OFF;ON;100;3,90;4;9,50;35,50;97,50;103,10;5,60;5,50;60,60;9,40;8,10;
2026-06-16 14:30:00.0;OFF;ON;100;3,90;4;9,50;35,40;97,30;103,10;5,60;5,50;60,30;9,40;8,10;
2026-06-16 14:31:00.0;OFF;ON;100;3,90;4;9,50;35,40;97,50;103,10;5,60;5,50;60,20;9,40;8;
2026-06-16 14:32:00.0;OFF;ON;100;3,70;4;9,50;35,30;97,40;103,10;5,80;5,50;59,10;9,40;8;
2026-06-16 14:33:00.0;OFF;ON;100;3,90;3,90;9,40;35,20;97,30;103,10;5,60;5,50;59,80;9,30;8;
2026-06-16 14:34:00.0;OFF;ON;100;3,70;3,90;9,40;35,20;97,20;103,10;5,70;5,50;58,70;9,30;8;
2026-06-16 14:35:00.0;OFF;ON;100;3,70;3,90;9,40;35,10;97,30;103,10;5,60;5,50;59;9,30;7,90;
2026-06-16 14:36:00.0;OFF;ON;100;3,70;3,90;9,40;35;97,40;103,10;5,60;5,50;58,90;9,30;7,90;
2026-06-16 14:37:00.0;OFF;ON;100;3,80;3,90;9,40;35;97,30;103,10;5,60;5,50;59,10;9,20;7,90;
2026-06-16 14:38:00.0;OFF;ON;100;3,70;3,80;9,30;34,90;97,50;103,10;5,60;5,50;58,90;9,20;7,90;
2026-06-16 14:39:00.0;OFF;ON;100;3,80;3,80;9,30;34,90;97,40;103,10;5,50;5,50;59;9,20;7,90;
2026-06-16 14:40:00.0;OFF;ON;100;3,80;3,80;9,30;34,80;97,40;103,10;5,50;5,50;58,90;9,20;7,80;
2026-06-16 14:41:00.0;OFF;ON;100;3,80;3,70;9,20;34,80;97,40;103,10;5,50;5,50;58,90;9,10;7,80;
2026-06-16 14:42:00.0;OFF;ON;100;3,80;3,70;9,20;34,70;97,30;103,10;5,50;5,50;58,80;9,10;7,80;
2026-06-16 14:43:00.0;OFF;ON;100;3,90;3,70;9,20;34,70;97,30;103,10;5,40;5,50;59,90;9,10;7,80;
2026-06-16 14:44:00.0;OFF;ON;100;3,60;3,70;9,20;34,60;97,30;103;5,50;5,50;58,70;9,10;7,80;
2026-06-16 14:45:00.0;OFF;ON;100;3,60;3,70;9,20;34,60;97,20;103;5,60;5,50;58,80;9,10;7,70;
2026-06-16 14:46:00.0;OFF;ON;100;3,60;3,60;9,10;34,50;97,20;103;5,50;5,50;59,50;9;7,70;
2026-06-16 14:47:00.0;OFF;ON;100;3,60;3,60;9,10;34,40;97,30;103;5,50;5,50;59,60;9;7,70;
2026-06-16 14:48:00.0;OFF;ON;100;3,60;3,60;9,10;34,40;97,30;103;5,50;5,50;59;9;7,70;
2026-06-16 14:49:00.0;OFF;ON;100;3,70;3,60;9,10;34,30;97,30;103;5,40;5,50;59,80;9;7,70;
2026-06-16 14:50:00.0;OFF;ON;100;3,50;3,50;9;34,30;97,30;103;5,50;5,50;59,70;8,90;7,60;
2026-06-16 14:51:00.0;OFF;ON;100;3,60;3,50;9;34,20;97,30;103;5,40;5,50;59,80;8,90;7,60;
2026-06-16 14:52:00.0;OFF;ON;100;3,50;3,50;9;34,20;97,30;103;5,50;5,50;60;8,90;7,60;
2026-06-16 14:53:00.0;OFF;ON;100;3,50;3,50;9;34,10;97,20;103;5,50;5,50;59,20;8,90;7,60;
2026-06-16 14:54:00.0;OFF;ON;100;3,40;3,50;9;34,10;97,20;103;5,50;5,50;59,80;8,80;7,50;
2026-06-16 14:55:00.0;OFF;ON;100;3,40;3,40;8,90;34;97,20;103;5,50;5,50;60;8,80;7,50;
2026-06-16 14:56:00.0;OFF;ON;100;3,50;3,40;8,90;33,90;97,20;103;5,40;5,50;60,10;8,80;7,50;
2026-06-16 14:57:00.0;OFF;ON;100;3,40;3,40;8,90;33,90;97,20;103;5,40;5,50;60,20;8,80;7,40;
2026-06-16 14:58:00.0;OFF;ON;100;3,50;3,30;8,80;33,80;97,20;103;5,40;5,50;60,40;8,70;7,40;
2026-06-16 14:59:00.0;OFF;ON;100;3,30;3,30;8,80;33,80;97,20;103;5,50;5,50;60,20;8,70;7,40;
2026-06-16 15:00:00.0;OFF;ON;100;3,50;3,30;8,80;33,70;97,20;103;5,30;5,50;60,90;8,70;7,30;
2026-06-16 15:01:00.0;OFF;ON;100;3,20;3,30;8,80;33,70;97,20;103;5,50;5,50;60,40;8,70;7,30;
2026-06-16 15:02:00.0;OFF;ON;100;3,40;3,20;8,70;33,60;97,20;103;5,40;5,50;60,90;8,60;7,30;
2026-06-16 15:03:00.0;OFF;ON;100;3,20;3,20;8,70;33,60;97,20;103;5,50;5,50;60,70;8,60;7,30;
2026-06-16 15:04:00.0;OFF;ON;100;3,20;3,20;8,70;33,50;97,10;103;5,40;5,50;60,60;8,60;7,20;
2026-06-16 15:05:00.0;OFF;ON;100;3,10;3,20;8,70;33,50;97,20;103;5,50;5,50;60,70;8,60;7,20;
2026-06-16 15:06:00.0;OFF;ON;100;3,30;3,10;8,60;33,40;97,20;103;5,40;5,50;61,30;8,50;7,20;
2026-06-16 15:07:00.0;OFF;ON;100;3,10;3,10;8,60;33,30;97,10;103;5,50;5,50;60,90;8,50;7,10;
2026-06-16 15:08:00.0;OFF;ON;100;3,10;3,10;8,60;33,30;97,20;103;5,50;5,50;61,20;8,50;7,10;
2026-06-16 15:09:00.0;OFF;ON;100;3,10;3,10;8,60;33,20;97,10;103;5,50;5,50;61,20;8,40;7,10;
2026-06-16 15:10:00.0;OFF;ON;100;3,20;3;8,50;33,20;97;103;5,30;5,50;61,80;8,40;7,10;
2026-06-16 15:11:00.0;OFF;ON;100;3;3;8,50;33,10;97,10;103;5,50;5,50;61,40;8,40;7;
2026-06-16 15:12:00.0;OFF;ON;100;3;3;8,50;33;97;103,10;5,40;5,50;61,50;8,40;7;
2026-06-16 15:13:00.0;OFF;ON;100;3,10;3;8,50;33;97;103,10;5,40;5,50;62,10;8,40;7;
2026-06-16 15:14:00.0;OFF;ON;100;3,10;2,90;8,40;32,90;97;103,10;5,40;5,50;62,10;8,30;7;
2026-06-16 15:15:00.0;OFF;ON;100;2,90;2,90;8,40;32,90;97;103,10;5,50;5,50;61,90;8,30;6,90;
2026-06-16 15:16:00.0;OFF;ON;100;2,90;2,90;8,40;32,80;97;103,10;5,50;5,50;62;8,30;6,90;
2026-06-16 15:17:00.0;OFF;ON;100;3,10;2,90;8,40;32,80;97;103,10;5,30;5,50;62,90;8,20;6,90;
2026-06-16 15:18:00.0;OFF;ON;100;3;2,80;8,30;32,70;97;103,10;5,30;5,50;62,90;8,20;6,90;
2026-06-16 15:19:00.0;OFF;ON;100;2,80;2,80;8,30;32,70;97;103,10;5,50;5,50;62,60;8,20;6,80;
2026-06-16 15:20:00.0;OFF;ON;100;3;2,80;8,30;32,60;97;103,10;5,30;5,50;63,30;8,20;6,80;
2026-06-16 15:21:00.0;OFF;ON;100;3;2,80;8,30;32,60;96,90;103,10;5,30;5,50;63,70;8,20;6,80;
2026-06-16 15:22:00.0;OFF;ON;100;2,80;2,70;8,20;32,50;97;103,10;5,40;5,50;63,30;8,10;6,80;
2026-06-16 15:23:00.0;OFF;ON;100;2,90;2,70;8,20;32,40;97;103,10;5,30;5,50;64,10;8,10;6,70;
2026-06-16 15:24:00.0;OFF;ON;100;2,80;2,70;8,20;32,40;97;103,10;5,40;5,50;64,10;8,10;6,70;
2026-06-16 15:25:00.0;OFF;ON;100;2,90;2,70;8,20;32,30;97;103,10;5,30;5,50;64,80;8;6,70;
2026-06-16 15:26:00.0;OFF;ON;100;2,90;2,60;8,10;32,30;97;103,10;5,30;5,50;65,10;8;6,70;
2026-06-16 15:27:00.0;OFF;ON;100;2,80;2,60;8,10;32,20;96,90;103,10;5,30;5,50;65,50;8;6,60;
2026-06-16 15:28:00.0;OFF;ON;100;2,70;2,60;8,10;32,10;96,80;103,10;5,30;5,50;65,40;8;6,60;
2026-06-16 15:29:00.0;OFF;ON;100;2,70;2,60;8,10;32,10;96,90;103,10;5,40;5,50;65,50;8;6,60;
2026-06-16 15:30:00.0;OFF;ON;100;2,80;2,50;8;32;96,80;103;5,20;5,50;66,80;7,90;6,60;
2026-06-16 15:31:00.0;OFF;ON;100;2,60;3;8;32;96,80;103,10;5,40;5,50;63,20;7,90;6,50;
2026-06-16 15:32:00.0;OFF;ON;100;2,70;3;8;31,90;96,90;103;5,30;5,50;62,90;7,90;6,50;
2026-06-16 15:33:00.0;OFF;ON;100;2,70;3;8;31,80;96,90;103,10;5,20;5,50;62,90;7,80;6,50;
2026-06-16 15:34:00.0;OFF;ON;100;2,60;2,90;7,90;31,80;96,90;103;5,30;5;61,80;7,80;6,50;
2026-06-16 15:35:00.0;OFF;ON;100;2,60;2,90;7,90;31,70;96,90;103;5,40;5;61,50;7,80;6,50;
2026-06-16 15:36:00.0;OFF;ON;100;2,70;2,90;7,90;31,70;96,80;103;5,20;5;61,90;7,80;6,40;
2026-06-16 15:37:00.0;OFF;ON;100;2,60;2,90;7,90;31,60;96,70;103;5,30;5;60,90;7,80;6,40;
2026-06-16 15:38:00.0;OFF;ON;100;2,50;2,90;7,90;31,50;96,80;103;5,40;5;60;7,80;6,40;
2026-06-16 15:39:00.0;OFF;ON;100;2,70;2,80;7,80;31,50;96,80;103;5,10;5;60,90;7,70;6,40;
2026-06-16 15:40:00.0;OFF;ON;100;2,50;2,80;7,80;31,40;96,90;103;5,30;5;59,50;7,70;6,40;
2026-06-16 15:41:00.0;OFF;ON;100;2,70;2,80;7,80;31,40;96,90;103;5,10;5;60,30;7,70;6,30;
2026-06-16 15:42:00.0;OFF;ON;100;2,50;2,80;7,80;31,30;97;103;5,30;5;59;7,70;6,30;
2026-06-16 15:43:00.0;OFF;ON;100;2,60;2,80;7,80;31,30;96,90;103;5,20;5;59,20;7,60;6,30;
2026-06-16 15:44:00.0;OFF;ON;100;2,50;2,70;7,70;31,20;96,90;103;5,30;5;58,50;7,60;6,30;
2026-06-16 15:45:00.0;OFF;ON;100;2,50;2,70;7,70;31,10;97;103;5,20;5;58,50;7,60;6,20;
2026-06-16 15:46:00.0;OFF;ON;100;2,60;2,70;7,70;31,10;97;103;5,10;5;59,10;7,60;6,20;
2026-06-16 15:47:00.0;OFF;ON;100;2,40;2,70;7,70;31;96,80;103;5,30;5;57,80;7,60;6,20;
2026-06-16 15:48:00.0;OFF;ON;100;2,50;2,60;7,60;31;96,80;103;5,20;5;57,90;7,60;6,20;
2026-06-16 15:49:00.0;OFF;ON;100;2,40;2,60;7,60;30,90;96,70;103;5,20;5;57,50;7,50;6,20;
2026-06-16 15:50:00.0;OFF;ON;100;2,50;2,60;7,60;30,80;96,70;103;5,10;5;57,80;7,50;6,20;
2026-06-16 15:51:00.0;OFF;ON;100;2,50;2,60;7,60;30,80;96,70;103;5,10;5;58,10;7,50;6,10;
2026-06-16 15:52:00.0;OFF;ON;100;2,50;2,60;7,60;30,70;96,70;103;5,10;5;57,70;7,50;6,10;
2026-06-16 15:53:00.0;OFF;ON;100;2,50;2,50;7,60;30,70;96,70;103;5,10;5;57,90;7,40;6,10;
2026-06-16 15:54:00.0;OFF;ON;100;2,50;2,50;7,50;30,60;96,70;103;5,10;5;57,70;7,40;6,10;
2026-06-16 15:55:00.0;OFF;ON;100;2,50;2,50;7,50;30,50;96,70;103;5;5;57,50;7,40;6,10;
2026-06-16 15:56:00.0;OFF;ON;100;2,40;2,50;7,50;30,50;96,70;103;5,10;5;57,60;7,40;6;
2026-06-16 15:57:00.0;OFF;ON;100;2,50;2,50;7,50;30,40;96,70;103;5;5;57,50;7,30;6;
2026-06-16 15:58:00.0;OFF;ON;100;2,50;2,50;7,50;30,30;96,70;103;5;5;58,20;7,30;6;
2026-06-16 15:59:00.0;OFF;ON;100;2,40;2,50;7,50;30,30;96,80;103;5;5;58,30;7,40;6;
2026-06-16 16:00:00.0;OFF;ON;100;2,40;2,40;7,40;30,30;96,70;103;5,10;5;57,50;7,30;6;
2026-06-16 16:01:00.0;OFF;ON;100;2,50;2,40;7,40;30,20;96,70;103;5;5;57,50;7,30;6;
2026-06-16 16:02:00.0;OFF;ON;100;2,40;2,40;7,40;30,10;96,60;103;5;5;57,40;7,30;6;
2026-06-16 16:03:00.0;OFF;ON;100;2,50;2,40;7,40;30,10;96,50;103;4,90;5;58,50;7,30;5,90;
2026-06-16 16:04:00.0;OFF;ON;100;2,50;2,40;7,40;30;96,60;102,90;4,90;5;58,80;7,20;5,90;
2026-06-16 16:05:00.0;OFF;ON;100;2,50;2,40;7,40;29,90;96,60;102,90;4,80;5;59,10;7,20;5,90;
2026-06-16 16:06:00.0;OFF;ON;100;2,40;2,30;7,30;29,90;96,60;102,90;5;5;58,70;7,20;5,90;
2026-06-16 16:07:00.0;OFF;ON;100;2,50;2,30;7,30;29,80;96,70;102,90;4,80;5;59,80;7,20;5,90;
2026-06-16 16:08:00.0;OFF;ON;100;2,40;2,30;7,30;29,80;96,70;102,90;4,90;5;59,40;7,20;5,90;
2026-06-16 16:09:00.0;OFF;ON;100;2,50;2,30;7,30;29,70;96,70;102,90;4,80;5;60,20;7,20;5,90;
2026-06-16 16:10:00.0;OFF;ON;100;2,50;2,30;7,30;29,70;96,80;102,90;4,80;5;60,60;7,20;5,90;
2026-06-16 16:11:00.0;OFF;ON;100;2,40;2,30;7,30;29,60;96,70;102,90;4,90;5;60,40;7,20;5,90;
2026-06-16 16:12:00.0;OFF;ON;100;2,40;2,30;7,30;29,60;96,80;102,90;4,80;5;61;7,10;5,90;
2026-06-16 16:13:00.0;OFF;ON;100;2,40;2,20;7,20;29,50;96,80;102,90;4,80;5;61,60;7,10;5,90;
2026-06-16 16:14:00.0;OFF;ON;100;2,40;2,20;7,20;29,50;96,80;102,90;4,80;5;61,80;7,10;5,80;
2026-06-16 16:15:00.0;OFF;ON;100;2,40;2,20;7,20;29,40;96,70;102,90;4,80;5;62,20;7,10;5,90;
2026-06-16 16:16:00.0;OFF;ON;100;2,50;2,20;7,20;29,40;96,60;102,90;4,70;5;63,40;7,10;5,80;
2026-06-16 16:17:00.0;OFF;ON;100;2,40;2,20;7,20;29,30;96,60;102,90;4,80;5;63;7,10;5,80;
2026-06-16 16:18:00.0;OFF;ON;100;2,50;2,20;7,20;29,30;96,70;102,90;4,70;5;64,40;7;5,80;
2026-06-16 16:19:00.0;OFF;ON;100;2,40;2,20;7,20;29,20;96,70;102,90;4,80;5;64,10;7;5,80;
2026-06-16 16:20:00.0;OFF;ON;100;2,40;2,20;7,20;29,20;96,60;102,90;4,70;5;64,80;7;5,80;
2026-06-16 16:21:00.0;OFF;ON;100;2,30;2,10;7,10;29,10;96,70;102,90;4,80;5;64,90;7;5,80;
2026-06-16 16:22:00.0;OFF;ON;100;2,30;2,10;7,10;29,10;96,60;102,90;4,80;5;65,30;7;5,80;
2026-06-16 16:23:00.0;OFF;ON;100;2,30;2,10;7,10;29;96,60;102,90;4,80;5;65,80;7;5,70;
2026-06-16 16:24:00.0;OFF;ON;100;2,40;2,10;7,10;29;96,60;102,90;4,70;5;66,60;7;5,70;
2026-06-16 16:25:00.0;OFF;ON;100;2,40;2,10;7,10;28,90;96,70;102,90;4,70;5;67,10;6,90;5,70;
2026-06-16 16:26:00.0;OFF;ON;100;2,40;2,10;7,10;28,90;96,60;102,90;4,70;5;67,80;6,90;5,70;
2026-06-16 16:27:00.0;OFF;ON;100;2,20;2,10;7,10;28,80;96,60;102,90;4,90;5;67,20;6,90;5,70;
2026-06-16 16:28:00.0;OFF;ON;100;2,30;2,10;7,10;28,80;96,50;102,90;4,70;5;68,20;6,90;5,60;
2026-06-16 16:29:00.0;OFF;ON;100;2,10;2;7;28,70;96,50;102,90;4,90;5;67,50;6,90;5,60;
2026-06-16 16:30:00.0;OFF;ON;100;2,10;3;7;28,70;96,50;102,90;4,90;5;62,10;6,80;5,60;
2026-06-16 16:31:00.0;OFF;ON;100;2;3;7;28,60;96,40;102,90;4,90;5;60,40;6,80;5,50;
2026-06-16 16:32:00.0;OFF;ON;100;2,10;2,90;6,90;28,60;96,40;102,90;4,80;5;59,60;6,80;5,50;
2026-06-16 16:33:00.0;OFF;ON;100;2,20;2,90;6,90;28,50;96,30;102,90;4,70;4;58,90;6,70;5,50;
2026-06-16 16:34:00.0;OFF;ON;100;2,20;2,90;6,90;28,50;96,30;102,90;4,70;4;57,90;6,70;5,50;
2026-06-16 16:35:00.0;OFF;ON;100;2,20;2,90;6,90;28,40;96,50;102,90;4,70;4;56,60;6,70;5,50;
2026-06-16 16:36:00.0;OFF;ON;100;2,30;2,90;6,90;28,40;96,40;102,90;4,60;4;56;6,70;5,50;
2026-06-16 16:37:00.0;OFF;ON;100;2,50;2,90;6,90;28,30;96,40;102,90;4,40;4;56,50;6,70;5,50;
2026-06-16 16:38:00.0;OFF;ON;100;2,40;2,90;6,90;28,30;96,50;102,90;4,50;4;55,10;6,70;5,50;
2026-06-16 16:39:00.0;OFF;ON;100;2,50;2,90;6,90;28,20;96,60;102,90;4,40;4;55,10;6,80;5,60;
2026-06-16 16:40:00.0;OFF;ON;100;2,60;2,90;6,90;28,20;96,70;102,90;4,30;4;54,70;6,80;5,60;
2026-06-16 16:41:00.0;OFF;ON;100;2,70;2,90;6,90;28,10;96,70;102,90;4,20;4;55;6,80;5,60;
2026-06-16 16:42:00.0;OFF;ON;100;2,70;2,90;6,90;28,10;96,70;102,90;4,30;4;54,40;6,80;5,70;
2026-06-16 16:43:00.0;OFF;ON;100;2,90;3;7;28;96,90;102,90;4,10;4;55,30;6,80;5,70;
2026-06-16 16:44:00.0;OFF;ON;100;2,70;3;7;28;96,90;102,90;4,20;4;54;6,80;5,70;
2026-06-16 16:45:00.0;OFF;ON;100;2,90;3;7;27,90;96,90;102,90;4;4;54,80;6,80;5,70;
2026-06-16 16:46:00.0;OFF;ON;100;2,80;3;7;27,90;97;102,90;4,20;4;53,90;6,80;5,80;
2026-06-16 16:47:00.0;OFF;ON;100;3;3;7;27,80;96,90;102,90;4;4;54,40;6,80;5,80;
2026-06-16 16:48:00.0;OFF;ON;100;2,90;3;7;27,80;96,90;102,90;4,10;4;53,90;6,80;5,80;
2026-06-16 16:49:00.0;OFF;ON;100;3;3;7;27,70;97;102,90;4;4;54,30;6,80;5,80;
2026-06-16 16:50:00.0;OFF;ON;100;3;3;7;27,70;97;102,90;4;4;54,30;6,80;5,80;
2026-06-16 16:51:00.0;OFF;ON;100;3;3;7;27,60;97;102,90;4;4;54,90;6,80;5,80;
2026-06-16 16:52:00.0;OFF;ON;100;3;3;7;27,50;97;102,90;4;4;54,90;6,80;5,80;
2026-06-16 16:53:00.0;OFF;ON;100;3;3;7;27,50;97;102,90;4;4;54,80;6,80;5,80;
2026-06-16 16:54:00.0;OFF;ON;100;3;3;7;27,40;97;102,90;3,90;4;54,90;6,80;5,80;
2026-06-16 16:55:00.0;OFF;ON;100;3;3;7;27,40;97;102,90;4;4;54,80;6,80;5,80;
2026-06-16 16:56:00.0;OFF;ON;100;3;3;7;27,40;97;102,90;4;4;54,90;6,80;5,80;
2026-06-16 16:57:00.0;OFF;ON;100;3,50;3;7;27,30;96,90;102,90;3,50;4;57,90;6,80;5,80;
2026-06-16 16:58:00.0;OFF;ON;100;3,20;3;7;27,20;97,10;102,90;3,80;4;56,80;6,90;6;
2026-06-16 16:59:00.0;OFF;ON;100;3,80;3,10;7,10;27,20;97,10;102,90;3,30;4;60,50;6,90;6;
2026-06-16 17:00:00.0;OFF;ON;100;3,80;3,10;7,10;27,10;97,10;102,90;3,30;4;61,80;6,90;6,10;
2026-06-16 17:01:00.0;OFF;ON;100;3,70;3,10;7,10;27,10;97,10;102,90;3,40;4;61,40;7;6,20;
2026-06-16 17:02:00.0;OFF;ON;100;3,50;3,20;7,20;27;97,30;102,90;3,70;4;60,60;7;6,20;
2026-06-16 17:03:00.0;OFF;ON;100;3,40;3,20;7,20;27;97,20;102,90;3,80;4;60,90;7;6,20;
2026-06-16 17:04:00.0;OFF;ON;100;3,50;3,10;7,10;26,90;97,30;102,90;3,70;4;62;7;6,10;
2026-06-16 17:05:00.0;OFF;ON;100;3,50;3,10;7,10;26,90;97,20;102,90;3,70;4;62,60;7;6,20;
2026-06-16 17:06:00.0;OFF;ON;100;3,70;3,10;7,10;26,80;97,20;102,90;3,40;4;64,60;7;6,10;
2026-06-16 17:07:00.0;OFF;ON;100;3,80;3,10;7,10;26,80;97,10;102,90;3,30;4;66,30;7;6,20;
2026-06-16 17:08:00.0;OFF;ON;100;3,40;3,20;7,20;26,70;97,20;102,90;3,80;4;64,60;7;6,30;
2026-06-16 17:09:00.0;OFF;ON;100;3,40;3,20;7,20;26,60;97,20;102,90;3,80;4;65;7;6,20;
2026-06-16 17:10:00.0;OFF;ON;100;3,30;3,20;7,20;26,60;97,10;102,90;3,90;4;64,70;7;6,10;
2026-06-16 17:11:00.0;OFF;ON;100;2,80;3,10;7,10;26,60;97,10;102,90;4,30;4;61,90;6,90;6;
2026-06-16 17:12:00.0;OFF;ON;100;2,60;3;7;26,50;96,80;102,90;4,40;4;60,50;6,80;5,90;
2026-06-16 17:13:00.0;OFF;ON;100;2,40;2,90;6,90;26,40;96,70;102,90;4,50;4;59;6,70;5,70;
2026-06-16 17:14:00.0;OFF;ON;100;2,30;2,80;6,80;26,40;96,40;102,90;4,50;4;58,20;6,60;5,60;
2026-06-16 17:15:00.0;OFF;ON;100;2,40;2,80;6,80;26,40;96,30;102,90;4,40;4;58,30;6,60;5,50;
2026-06-16 17:16:00.0;OFF;ON;100;2,20;2,70;6,70;26,30;96,10;102,90;4,50;4;56,70;6,60;5,40;
2026-06-16 17:17:00.0;OFF;ON;100;2,30;2,70;6,70;26,20;96;102,90;4,40;4;56,70;6,50;5,30;
2026-06-16 17:18:00.0;OFF;ON;100;2,40;2,70;6,70;26,20;96,10;102,90;4,30;4;56,40;6,50;5,30;
2026-06-16 17:19:00.0;OFF;ON;100;2,20;2,70;6,70;26,10;96;101,20;4,40;4;55;6,40;5,30;
2026-06-16 17:20:00.0;OFF;ON;100;2,50;2,80;6,80;26,10;96,20;102,50;4,30;4;55;6,50;5,30;
2026-06-16 17:21:00.0;OFF;ON;100;2,40;2,80;6,80;26;96,40;102,50;4,30;4;54,60;6,40;5,30;
2026-06-16 17:22:00.0;OFF;ON;100;2,60;2,80;6,80;26;96,50;102,50;4,20;4;55,10;6,40;5,40;
2026-06-16 17:23:00.0;OFF;ON;100;2,60;2,80;6,80;25,90;96,50;102,50;4,20;4;54,70;6,40;5,40;
2026-06-16 17:24:00.0;OFF;ON;100;2,70;2,80;6,80;25,90;96,50;102,50;4,10;4;55;6,50;5,40;
2026-06-16 17:25:00.0;OFF;ON;100;2,70;2,80;6,80;25,80;96,60;102,50;4,10;4;54,80;6,40;5,50;
2026-06-16 17:26:00.0;OFF;ON;100;2,80;2,80;6,80;25,80;96,50;102,50;4;4;54,90;6,50;5,50;
2026-06-16 17:27:00.0;OFF;ON;100;2,70;2,80;6,80;25,80;96,60;102,50;4,10;4;54,50;6,50;5,50;
2026-06-16 17:28:00.0;OFF;ON;100;2,80;2,80;6,80;25,70;96,60;102,50;4;4;54,70;6,50;5,50;
2026-06-16 17:29:00.0;OFF;ON;100;2,80;2,80;6,80;25,60;96,60;102,50;4;4;54,70;6,50;5,50;
2026-06-16 17:30:00.0;OFF;ON;100;2,80;2,80;6,80;25,60;96,70;102,50;4;4;54,60;6,50;5,50;
2026-06-16 17:31:00.0;OFF;ON;100;2,80;2,80;6,80;25,50;96,80;102,50;4;4;55,30;6,50;5,50;
2026-06-16 17:32:00.0;OFF;ON;100;2,80;2,80;6,80;25,50;96,70;102,50;4;4;55,40;6,50;5,50;
2026-06-16 17:33:00.0;OFF;ON;100;2,80;2,80;6,80;25,40;96,70;102,50;4;4;55,40;6,50;5,50;
2026-06-16 17:34:00.0;OFF;ON;100;2,80;2,70;6,70;25,40;96,60;102,50;4;4;55,60;6,40;5,50;
2026-06-16 17:35:00.0;OFF;ON;100;2,90;2,70;6,70;25,30;96,70;102,50;3,80;4;56,30;6,50;5,50;
2026-06-16 17:36:00.0;OFF;ON;100;2,80;2,70;6,70;25,30;96,70;102,50;4;4;55,80;6,50;5,50;
2026-06-16 17:37:00.0;OFF;ON;100;2,80;2,70;6,70;25,20;96,70;102,50;3,90;4;56,20;6,50;5,50;
2026-06-16 17:38:00.0;OFF;ON;100;3;2,70;6,70;25,20;96,80;102,50;3,70;4;57,90;6,40;5,50;
2026-06-16 17:39:00.0;OFF;ON;100;3;2,70;6,70;25,10;96,70;102,50;3,70;4;58,20;6,50;5,60;
2026-06-16 17:40:00.0;OFF;ON;100;3;2,70;6,70;25,10;96,80;102,50;3,70;4;58,60;6,40;5,60;
2026-06-16 17:41:00.0;OFF;ON;100;3,10;2,70;6,70;25;96,80;102,50;3,70;4;59;6,40;5,60;
2026-06-16 17:42:00.0;OFF;ON;100;3,10;2,70;6,70;25;96,80;102,50;3,70;4;59,60;6,40;5,60;
2026-06-16 17:43:00.0;OFF;ON;100;3;2,70;6,70;24,90;96,80;102,50;3,80;4;59,50;6,50;5,60;
2026-06-16 17:44:00.0;OFF;ON;100;3;2,70;6,70;24,90;96,80;102,50;3,70;4;60,30;6,40;5,60;
2026-06-16 17:45:00.0;OFF;ON;100;3,10;2,70;6,70;24,80;96,80;102,50;3,60;4;61,30;6,40;5,60;
2026-06-16 17:46:00.0;OFF;ON;100;3;2,70;6,70;24,80;96,80;102,50;3,70;4;61,10;6,40;5,60;
2026-06-16 17:47:00.0;OFF;ON;100;3;2,70;6,70;24,70;96,70;102,50;3,70;4;61,50;6,40;5,60;
2026-06-16 17:48:00.0;OFF;ON;100;3;2,70;6,70;24,70;96,80;102,50;3,70;4;62,40;6,40;5,60;
2026-06-16 17:49:00.0;OFF;ON;100;3,10;2,70;6,70;24,70;96,90;102,50;3,60;4;63,50;6,40;5,60;
2026-06-16 17:50:00.0;OFF;ON;100;2,90;2,70;6,70;24,60;96,80;102,50;3,70;4;63,10;6,40;5,60;
2026-06-16 17:51:00.0;OFF;ON;100;3;2,70;6,70;24,60;96,70;102,50;3,60;4;64,30;6,40;5,60;
2026-06-16 17:52:00.0;OFF;ON;100;3;2,70;6,70;24,50;96,80;102,50;3,70;4;64,50;6,40;5,60;
2026-06-16 17:53:00.0;OFF;ON;100;2,90;2,70;6,70;24,50;96,70;102,50;3,70;4;64,40;6,40;5,60;
2026-06-16 17:54:00.0;OFF;ON;100;2,60;2,60;6,60;24,40;96,60;102,50;4,10;4;62,70;6,30;5,50;
2026-06-16 17:55:00.0;OFF;ON;100;2,50;2,60;6,60;24,40;96,50;102,50;4,10;4;62,50;6,30;5,40;
2026-06-16 17:56:00.0;OFF;ON;100;2,50;2,50;6,50;24,40;96,50;102,50;4;4;63,30;6,30;5,30;
2026-06-16 17:57:00.0;OFF;ON;100;2,70;2,50;6,50;24,30;96,30;102,50;3,80;4;64,40;6,20;5,20;
2026-06-16 17:58:00.0;OFF;ON;100;2,80;2,50;6,50;24,30;96,30;102,50;3,70;4;65;6,20;5,30;
2026-06-16 17:59:00.0;OFF;ON;100;2,80;2,50;6,50;24,20;96,30;102,50;3,70;4;65,60;6,20;5,30;
2026-06-16 18:00:00.0;OFF;ON;100;2,70;2,50;6,50;24,20;96,30;102,50;3,80;4;65,40;6,20;5,30;
2026-06-16 18:01:00.0;OFF;ON;100;2,60;2,50;6,50;24,10;96,30;102,50;3,90;4;65,10;6,20;5,30;
2026-06-16 18:02:00.0;OFF;ON;100;2,60;2,40;6,40;24,10;96,30;102,50;3,90;4;65,30;6,20;5,30;
2026-06-16 18:03:00.0;OFF;ON;100;2,50;2,40;6,40;24,10;96,40;102,50;3,90;4;65,50;6,20;5,30;
2026-06-16 18:04:00.0;OFF;ON;100;2,60;2,40;6,40;24;96,30;102,50;3,80;4;66,20;6,10;5,20;
2026-06-16 18:05:00.0;OFF;ON;100;2,40;2,40;6,40;24;96,20;102,50;4;4;65,60;6,10;5,20;
2026-06-16 18:06:00.0;OFF;ON;100;2,40;2,40;6,40;23,90;96,20;102,50;4;4;65,80;6,10;5,20;
2026-06-16 18:07:00.0;OFF;ON;100;2,30;2,30;6,30;23,90;96,20;102,50;4;4;65,90;6,10;5,10;
2026-06-16 18:08:00.0;OFF;ON;100;2,40;2,30;6,30;23,80;96,20;102,50;3,90;4;66,40;6;5,10;
2026-06-16 18:09:00.0;OFF;ON;100;2,30;2,30;6,30;23,80;96,10;102,50;3,90;4;66;6;5,10;
2026-06-16 18:10:00.0;OFF;ON;100;2,30;2,30;6,30;23,70;96,10;102,50;3,90;4;66,10;6;5;
2026-06-16 18:11:00.0;OFF;ON;100;2,20;2,20;6,20;23,70;96;102,50;4,10;4;65,40;6;5;
2026-06-16 18:12:00.0;OFF;ON;100;2,20;2,20;6,20;23,70;96;102,50;4;4;66,10;5,90;5;
2026-06-16 18:13:00.0;OFF;ON;100;2,10;2,20;6,20;23,60;96;102,50;4,10;4;65,50;5,90;4,90;
2026-06-16 18:14:00.0;OFF;ON;100;2,10;2,10;6,10;23,60;96;102,50;4;4;66,20;5,90;4,90;
2026-06-16 18:15:00.0;OFF;ON;100;2,20;2,10;6,10;23,50;96;102,50;3,90;4;66,20;5,90;4,90;
2026-06-16 18:16:00.0;OFF;ON;100;2,10;2,10;6,10;23,50;95,90;102,50;4;4;66,10;5,80;4,90;
2026-06-16 18:17:00.0;OFF;ON;100;2,10;2,10;6,10;23,40;95,90;102,50;4;4;66,20;5,80;4,90;
2026-06-16 18:18:00.0;OFF;ON;100;2,10;2,10;6,10;23,40;96;102,50;4;4;66,20;5,80;4,80;
2026-06-16 18:19:00.0;OFF;ON;100;2,10;2;6;23,30;95,90;102,50;3,90;4;66,30;5,80;4,80;
2026-06-16 18:20:00.0;OFF;ON;100;2;2;6;23,30;95,90;102,50;4;4;66,20;5,80;4,80;
2026-06-16 18:21:00.0;OFF;ON;100;2,10;2;6;23,30;95,90;102,50;3,90;4;66,30;5,70;4,80;
2026-06-16 18:22:00.0;OFF;ON;100;2;2;6;23,20;95,90;102,50;3,90;4;66,40;5,70;4,80;
2026-06-16 18:23:00.0;OFF;ON;100;1,90;1,90;5,90;23,20;95,90;102,40;4;4;66,30;5,70;4,70;
2026-06-16 18:24:00.0;OFF;ON;100;2;1,90;5,90;23,10;95,90;102,40;4;4;66,50;5,70;4,70;
2026-06-16 18:25:00.0;OFF;ON;100;1,90;1,90;5,90;23,10;95,90;102,40;4;4;66,50;5,60;4,70;
2026-06-16 18:26:00.0;OFF;ON;100;1,90;1,90;5,90;23;95,90;102,40;4;4;66,50;5,60;4,70;
2026-06-16 18:27:00.0;OFF;ON;100;1,80;1,90;5,90;23;95,90;102,40;4;4;66,50;5,60;4,70;
2026-06-16 18:28:00.0;OFF;ON;100;2;1,80;5,80;23;95,90;102,40;3,90;4;66,90;5,60;4,70;
2026-06-16 18:29:00.0;OFF;ON;100;1,80;1,80;5,80;22,90;95,90;102,40;4;4;66,70;5,60;4,70;
2026-06-16 18:30:00.0;OFF;ON;100;1,90;1,80;5,80;22,90;95,90;102,40;3,90;4;66,70;5,50;4,60;
2026-06-16 18:31:00.0;OFF;ON;100;1,80;1,80;5,80;22,80;95,90;102,40;4;4;66;5,50;4,60;
2026-06-16 18:32:00.0;OFF;ON;100;1,80;1,80;5,80;22,80;95,90;102,40;4;4;66;5,50;4,60;
2026-06-16 18:33:00.0;OFF;ON;100;1,70;1,70;5,70;22,70;95,90;102,40;4;4;66,60;5,50;4,60;
2026-06-16 18:34:00.0;OFF;ON;100;1,80;1,70;5,70;22,70;95,80;102,40;3,90;4;66,70;5,50;4,60;
2026-06-16 18:35:00.0;OFF;ON;100;1,70;1,70;5,70;22,60;95,90;102,40;4;4;66,70;5,40;4,50;
2026-06-16 18:36:00.0;OFF;ON;100;1,60;1,70;5,70;22,60;95,90;102,40;4,10;4;66;5,40;4,50;
2026-06-16 18:37:00.0;OFF;ON;100;1,60;1,70;5,70;22,60;95,90;102,40;4,10;4;65,90;5,40;4,50;
2026-06-16 18:38:00.0;OFF;ON;100;1,60;1,60;5,60;22,50;95,90;102,40;4,10;4;66;5,40;4,50;
2026-06-16 18:39:00.0;OFF;ON;100;1,60;1,60;5,60;22,50;95,90;102,40;4;4;66;5,40;4,50;
2026-06-16 18:40:00.0;OFF;ON;100;1,60;1,60;5,60;22,40;95,90;102,40;4;4;66,70;5,30;4,50;
2026-06-16 18:41:00.0;OFF;ON;100;1,50;1,60;5,60;22,40;95,90;102,40;4;4;66,80;5,30;4,40;
2026-06-16 18:42:00.0;OFF;ON;100;1,60;1,60;5,60;22,30;95,90;102,40;4;4;66,80;5,30;4,40;
2026-06-16 18:43:00.0;OFF;ON;100;1,60;1,50;5,50;22,30;95,90;102,40;4;4;66,90;5,30;4,40;
2026-06-16 18:44:00.0;OFF;ON;100;1,50;1,50;5,50;22,30;95,80;102,40;4;4;67;5,30;4,40;
2026-06-16 18:45:00.0;OFF;ON;100;1,50;1,50;5,50;22,20;95,80;102,40;4;4;67;5,20;4,40;
2026-06-16 18:46:00.0;OFF;ON;100;1,40;1,50;5,50;22,20;95,80;102,40;4,10;4;66,20;5,20;4,40;
2026-06-16 18:47:00.0;OFF;ON;100;1,50;1,50;5,50;22,10;95,90;102,40;4;4;66,40;5,20;4,30;
2026-06-16 18:48:00.0;OFF;ON;100;1,40;1,40;5,40;22,10;95,90;102,40;4,10;4;66,30;5,20;4,30;
2026-06-16 18:49:00.0;OFF;ON;100;1,30;1,40;5,40;22,10;95,90;102,40;4,10;4;66,20;5,20;4,30;
2026-06-16 18:50:00.0;OFF;ON;100;1,40;1,40;5,40;22;95,90;102,40;3,90;4;67,10;5,10;4,30;
2026-06-16 18:51:00.0;OFF;ON;100;1,40;1,40;5,40;21,90;95,90;102,40;4;4;67,10;5,10;4,20;
2026-06-16 18:52:00.0;OFF;ON;100;1,40;1,30;5,30;21,90;95,90;102,40;4;4;66,50;5,10;4,20;
2026-06-16 18:53:00.0;OFF;ON;100;1,30;1,30;5,30;21,90;95,80;102,40;4;4;67,40;5,10;4,20;
2026-06-16 18:54:00.0;OFF;ON;100;1,40;1,30;5,30;21,80;95,90;102,40;3,90;4;67,70;5;4,20;
2026-06-16 18:55:00.0;OFF;ON;100;1,30;1,30;5,30;21,80;95,90;102,40;4;4;67,60;5;4,20;
2026-06-16 18:56:00.0;OFF;ON;100;1,30;1,30;5,30;21,70;95,70;102,40;3,90;4;67,60;5;4,20;
2026-06-16 18:57:00.0;OFF;ON;100;1,30;1,20;5,20;21,70;95,80;102,40;4;4;67,70;5;4,20;
2026-06-16 18:58:00.0;OFF;ON;100;1,40;1,20;5,20;21,70;95,80;102,40;3,90;4;68,10;5;4,20;
2026-06-16 18:59:00.0;OFF;ON;100;1,40;1,20;5,20;21,60;95,90;102,40;3,80;4;68,50;5;4,10;
2026-06-16 19:00:00.0;OFF;ON;100;1,30;1,20;5,20;21,60;95,80;102,40;3,90;4;68,10;4,90;4,10;
2026-06-16 19:01:00.0;OFF;ON;100;1,20;1,20;5,20;21,50;95,80;102,40;4;4;67,30;4,90;4,10;
2026-06-16 19:02:00.0;OFF;ON;100;1,20;1,20;5,20;21,50;95,80;102,40;4;4;67,20;4,90;4,10;
2026-06-16 19:03:00.0;OFF;ON;100;1,10;1,10;5,10;21,50;95,80;102,40;4;4;67,10;4,90;4,10;
2026-06-16 19:04:00.0;OFF;ON;100;1,10;1,10;5,10;21,40;95,70;102,40;4;4;67,30;4,90;4;
2026-06-16 19:05:00.0;OFF;ON;100;1;1,10;5,10;21,40;95,60;102,40;4,10;4;67,20;4,80;4;
2026-06-16 19:06:00.0;OFF;ON;100;1,10;1,10;5,10;21,30;95,60;102,40;4;4;67,30;4,80;4;
2026-06-16 19:07:00.0;OFF;ON;100;1,10;1;5;21,30;95,60;102,40;3,90;4;68,10;4,80;4;
2026-06-16 19:08:00.0;OFF;ON;100;1;1;5;21,20;95,80;102,40;4;4;68;4,80;3,90;
2026-06-16 19:09:00.0;OFF;ON;100;0,90;1,50;5;21,20;95,60;102,40;4,10;4;64;4,80;3,90;
2026-06-16 19:10:00.0;OFF;ON;100;0,90;1,50;5;21,10;95,70;102,40;4;4;63,30;4,80;3,90;
2026-06-16 19:11:00.0;OFF;ON;100;1;1,50;5;21,10;95,70;102,40;3,90;4;63,30;4,80;3,90;
2026-06-16 19:12:00.0;OFF;ON;100;0,90;1,40;4,90;21;95,60;102,40;4;3,50;62;4,70;3,90;
2026-06-16 19:13:00.0;OFF;ON;100;1;1,40;4,90;21;95,60;102,40;3,90;3,50;61,70;4,70;3,90;
2026-06-16 19:14:00.0;OFF;ON;100;0,90;1,40;4,90;21;95,60;102,40;4;3,50;60,50;4,70;3,90;
2026-06-16 19:15:00.0;OFF;ON;100;1;1,40;4,90;20,90;95,70;102,40;3,90;3,50;60,40;4,70;3,80;
2026-06-16 19:16:00.0;OFF;ON;100;1;1,40;4,90;20,90;95,60;102,40;3,90;3,50;59,40;4,60;3,80;
2026-06-16 19:17:00.0;OFF;ON;100;1;1,30;4,80;20,90;95,70;102,40;3,90;3,50;59,20;4,60;3,80;
2026-06-16 19:18:00.0;OFF;ON;100;0,90;1,30;4,80;20,80;95,60;102,40;3,90;3,50;58,20;4,60;3,80;
2026-06-16 19:19:00.0;OFF;ON;100;0,90;1,30;4,80;20,80;95,60;102,40;3,90;3,50;57,50;4,60;3,80;
2026-06-16 19:20:00.0;OFF;ON;100;0,90;1,30;4,80;20,70;95,80;102,40;3,90;3,50;57,20;4,60;3,80;
2026-06-16 19:21:00.0;OFF;ON;100;1;1,30;4,80;20,70;95,60;102,40;3,80;3,50;57,10;4,60;3,80;
2026-06-16 19:22:00.0;OFF;ON;100;1,10;1,30;4,80;20,60;95,70;102,40;3,70;3,50;57,50;4,60;3,80;
2026-06-16 19:23:00.0;OFF;ON;100;1;1,30;4,80;20,60;95,70;102,40;3,80;3,50;56,50;4,60;3,80;
2026-06-16 19:24:00.0;OFF;ON;100;1,10;1,30;4,80;20,50;95,90;102,40;3,70;3,50;56,80;4,60;3,80;
2026-06-16 19:25:00.0;OFF;ON;100;1,10;1,30;4,80;20,50;95,90;102,40;3,60;3,50;56,60;4,60;3,80;
2026-06-16 19:26:00.0;OFF;ON;100;1,20;1,30;4,80;20,40;95,90;102,40;3,60;3,50;56,90;4,60;3,80;
2026-06-16 19:27:00.0;OFF;ON;100;1,30;1,30;4,80;20,40;95,90;102,40;3,50;3,50;56,70;4,60;3,80;
2026-06-16 19:28:00.0;OFF;ON;100;1,20;1,30;4,80;20,40;96;102,40;3,60;3,50;56,20;4,60;3,90;
2026-06-16 19:29:00.0;OFF;ON;100;1,20;1,30;4,80;20,30;96;102,40;3,60;3,50;56,20;4,60;3,90;
2026-06-16 19:30:00.0;OFF;ON;100;1,20;1,30;4,80;20,30;95,90;102,40;3,60;3,50;56,30;4,60;3,90;
2026-06-16 19:31:00.0;OFF;ON;100;1,30;1,30;4,80;20,20;95,90;102,40;3,50;3,50;56,40;4,60;3,90;
2026-06-16 19:32:00.0;OFF;ON;100;1,30;1,30;4,80;20,20;96;102,40;3,50;3,50;56,20;4,60;3,90;
2026-06-16 19:33:00.0;OFF;ON;100;1,30;1,30;4,80;20,20;96;102,40;3,50;3,50;56,20;4,60;3,90;
2026-06-16 19:34:00.0;OFF;ON;100;1,20;1,30;4,80;20,10;96;102,40;3,60;3,50;56,10;4,60;3,90;
2026-06-16 19:35:00.0;OFF;ON;100;1,30;1,30;4,80;20,10;96;102,40;3,50;3,50;55,90;4,60;3,90;
2026-06-16 19:36:00.0;OFF;ON;100;1,20;1,30;4,80;20;95,90;102,40;3,50;3,50;56;4,60;3,90;
2026-06-16 19:37:00.0;OFF;ON;100;1,20;1,20;4,70;20;96;102,30;3,60;3,50;55,90;4,50;3,80;
2026-06-16 19:38:00.0;OFF;ON;100;1,30;1,20;4,70;20;96,10;102,30;3,50;3,50;56;4,50;3,80;
2026-06-16 19:39:00.0;OFF;ON;100;1,20;1,20;4,70;19,90;96;102,30;3,50;3,50;55,80;4,50;3,80;
2026-06-16 19:40:00.0;OFF;ON;100;1,70;1,20;4,70;19,90;95,90;102,30;3;3,50;59,10;4,50;3,80;
2026-06-16 19:41:00.0;OFF;ON;100;1,80;1,20;4,70;19,90;96;102,30;2,90;3,50;60,10;4,50;3,80;
2026-06-16 19:42:00.0;OFF;ON;100;1,70;1,30;4,80;19,80;96,10;102,30;3,10;3,50;60;4,60;4;
2026-06-16 19:43:00.0;OFF;ON;100;2,30;1,30;4,80;19,80;96,30;102,30;2,50;3,50;64,20;4,60;4;
2026-06-16 19:44:00.0;OFF;ON;100;2,30;1,30;4,80;19,80;96,30;102,30;2,50;3,50;65,40;4,60;4,10;
2026-06-16 19:45:00.0;OFF;ON;100;1,90;1,30;4,80;19,70;96,40;102,30;3;3,50;63,30;4,60;4,20;
2026-06-16 19:46:00.0;OFF;ON;100;1,80;1,40;4,90;19,70;96,60;102,30;3,10;3,50;64,40;4,70;4,20;
2026-06-16 19:47:00.0;OFF;ON;100;1,70;1,40;4,90;19,70;96,60;102,30;3,20;3,50;64,40;4,70;4,20;
2026-06-16 19:48:00.0;OFF;ON;100;1,90;1,40;4,90;19,60;96,60;102,30;3;3,50;66;4,70;4,10;
2026-06-16 19:49:00.0;OFF;ON;100;2,20;1,40;4,90;19,60;96,50;102,30;2,60;3,50;68,90;4,70;4,10;
2026-06-16 19:50:00.0;OFF;ON;100;2,10;1,40;4,90;19,50;96,50;102,30;2,70;3,50;69,80;4,70;4,20;
2026-06-16 19:51:00.0;OFF;ON;100;2,40;1,40;4,90;19,50;96,60;102,30;2,50;3,50;72,70;4,70;4,30;
2026-06-16 19:52:00.0;OFF;ON;100;1,70;1,50;5;19,50;96,70;102,30;3,30;3,50;68,90;4,80;4,30;
2026-06-16 19:53:00.0;OFF;ON;100;2,40;1,50;5;19,50;96,80;102,30;2,60;3,50;74,10;4,80;4,30;
2026-06-16 19:54:00.0;OFF;ON;100;1,50;1,50;5;19,40;96,70;102,30;3,50;3,50;69,70;4,80;4,30;
2026-06-16 19:55:00.0;OFF;ON;100;1,70;1,40;4,90;19,40;96,80;102,30;3,30;3,50;71,60;4,70;4,20;
2026-06-16 19:56:00.0;OFF;ON;100;1,50;1,40;4,90;19,40;96,60;102,30;3,40;3,50;71,10;4,70;4,10;
2026-06-16 19:57:00.0;OFF;ON;100;1,20;1,30;4,80;19,30;96,30;102,30;3,60;3,50;69,20;4,60;3,90;
2026-06-16 19:58:00.0;OFF;ON;100;1,20;1,20;4,70;19,30;95,90;102,30;3,60;3,50;69,40;4,50;3,80;
2026-06-16 19:59:00.0;OFF;ON;100;0,90;1,20;4,70;19,30;95,90;102,30;3,80;3,50;68,10;4,50;3,80;
2026-06-16 20:00:00.0;OFF;ON;100;1;1,20;4,70;19,20;95,70;102,30;3,70;3,50;68,10;4,50;3,70;
2026-06-16 20:01:00.0;OFF;ON;100;0,20;1,10;4,60;19,20;95,60;102,30;4,40;3,50;63,60;4,40;3,70;
2026-06-16 20:02:00.0;OFF;ON;100;0,30;1,10;4,60;19,20;95,60;102,30;4,30;3,50;63,50;4,40;3,60;
2026-06-16 20:03:00.0;OFF;ON;100;0,40;1;4,50;19,10;95,40;102,30;4,10;3,50;63,40;4,30;3,50;
2026-06-16 20:04:00.0;OFF;ON;100;0,30;1;4,50;19,10;95,30;102,30;4,20;3,50;62,10;4,30;3,40;
2026-06-16 20:05:00.0;OFF;ON;100;0,10;0,90;4,40;19;95;102,30;4,20;3,50;60,20;4,20;3,30;
2026-06-16 20:06:00.0;OFF;ON;100;0,20;0,80;4,30;19;95;102,30;4,10;3,50;60;4,10;3,20;
2026-06-16 20:07:00.0;OFF;ON;100;0,30;0,80;4,30;19;95;102,30;4;3,50;59,70;4,10;3,20;
2026-06-16 20:08:00.0;OFF;ON;100;0,30;0,80;4,30;18,90;95,10;102,30;4;3,50;58,60;4,10;3,20;
2026-06-16 20:09:00.0;OFF;ON;100;0,30;0,80;4,30;18,90;95,10;102,30;4;3,50;58;4,10;3,20;
2026-06-16 20:10:00.0;OFF;ON;100;0,30;0,70;4,20;18,90;95,10;102,30;3,90;3,50;57,70;4,10;3,20;
2026-06-16 20:11:00.0;OFF;ON;100;0,30;0,70;4,20;18,80;95,10;102,30;3,90;3,50;56,90;4;3,20;
2026-06-16 20:12:00.0;OFF;ON;100;0,40;0,70;4,20;18,80;95,20;102,30;3,80;3,50;56,80;4;3,20;
2026-06-16 20:13:00.0;OFF;ON;100;0,50;0,70;4,20;18,80;95,30;102,30;3,70;3,50;56,80;4;3,20;
2026-06-16 20:14:00.0;OFF;ON;100;0,50;0,70;4,20;18,70;95,40;102,30;3,70;3,50;56,60;4;3,20;
2026-06-16 20:15:00.0;OFF;ON;100;0,60;0,70;4,20;18,70;95,50;102,30;3,60;3,50;56,80;4;3,20;
2026-06-16 20:16:00.0;OFF;ON;100;0,50;0,70;4,20;18,70;95,50;102,30;3,70;3,50;56;4;3,30;
2026-06-16 20:17:00.0;OFF;ON;100;0,70;0,70;4,20;18,60;95,70;102,30;3,50;3,50;56,70;4;3,30;
2026-06-16 20:18:00.0;OFF;ON;100;0,70;0,70;4,20;18,60;95,70;102,30;3,50;3,50;56,50;4;3,30;
2026-06-16 20:19:00.0;OFF;ON;100;0,80;0,70;4,20;18,60;95,70;102,30;3,50;3,50;56,50;4;3,30;
2026-06-16 20:20:00.0;OFF;ON;100;0,70;0,70;4,20;18,50;95,80;102,30;3,50;3,50;56,30;4;3,30;
2026-06-16 20:21:00.0;OFF;ON;100;0,80;0,70;4,20;18,50;95,90;102,30;3,50;3,50;56,40;4;3,30;
2026-06-16 20:22:00.0;OFF;ON;100;0,70;0,70;4,20;18,40;95,90;102,30;3,50;3,50;57,10;4;3,30;
2026-06-16 20:23:00.0;OFF;ON;100;0,70;0,70;4,20;18,40;95,90;102,30;3,50;3,50;57,20;4;3,30;
2026-06-16 20:24:00.0;OFF;ON;100;0,80;0,70;4,20;18,40;95,90;102,30;3,40;3,50;57,20;4;3,30;
2026-06-16 20:25:00.0;OFF;ON;100;0,70;0,70;4,20;18,40;95,90;102,30;3,50;3,50;56,40;4;3,30;
2026-06-16 20:26:00.0;OFF;ON;100;0,70;0,70;4,20;18,30;95,90;102,30;3,50;3,50;57;4;3,30;
2026-06-16 20:27:00.0;OFF;ON;100;1,30;0,70;4,20;18,30;95,80;102,30;2,90;3,50;60,40;4;3,30;
2026-06-16 20:28:00.0;OFF;ON;100;1,10;0,70;4,20;18,30;95,90;102,30;3,20;3,50;59,70;4;3,50;
2026-06-16 20:29:00.0;OFF;ON;100;1,60;0,80;4,30;18,20;96,10;102,30;2,70;3,50;63,40;4,10;3,50;
2026-06-16 20:30:00.0;OFF;ON;100;1,80;0,80;4,30;18,20;96,20;102,30;2,50;3,50;66,10;4,10;3,60;
2026-06-16 20:31:00.0;OFF;ON;100;1,70;0,90;4,40;18,20;96,40;102,30;2,70;3,50;66;4,20;3,70;
2026-06-16 20:32:00.0;OFF;ON;100;1,90;0,90;4,40;18,10;96,50;102,30;2,50;3,50;68,30;4,20;3,70;
2026-06-16 20:33:00.0;OFF;ON;100;1,90;0,90;4,40;18,10;96,50;102,30;2,50;3,50;69,40;4,20;3,80;
2026-06-16 20:34:00.0;OFF;ON;100;2;1;4,50;18;96,80;102,30;2,50;3,50;71,90;4,30;3,80;
2026-06-16 20:35:00.0;OFF;ON;100;2;1;4,50;18;96,80;102,30;2,50;3,50;72,50;4,30;3,80;
2026-06-16 20:36:00.0;OFF;ON;100;1,90;1;4,50;18;96,80;102,30;2,60;3,50;73,20;4,30;3,90;
2026-06-16 20:37:00.0;OFF;ON;100;1,90;1;4,50;17,90;96,80;102,30;2,60;3,50;75,20;4,30;3,90;
2026-06-16 20:38:00.0;OFF;ON;100;0,90;1;4,50;17,90;96,70;102,30;3,60;3,50;70,30;4,30;3,90;
2026-06-16 20:39:00.0;OFF;ON;100;1,80;1;4,50;17,90;96,70;102,30;2,70;3,50;76,30;4,30;3,80;
2026-06-16 20:40:00.0;OFF;ON;100;1;1;4,50;17,80;96,60;102,30;3,50;3,50;72,60;4,30;3,80;
2026-06-16 20:41:00.0;OFF;ON;100;1,80;1;4,50;17,80;96,50;102,30;2,70;3,50;78,70;4,30;3,80;
2026-06-16 20:42:00.0;OFF;ON;100;1;1;4,50;17,80;96,50;102,30;3,50;3,50;74,50;4,30;3,90;
2026-06-16 20:43:00.0;OFF;ON;100;0,40;1;4,50;17,80;96,50;102,20;4,10;3,50;70,70;4,30;3,90;
2026-06-16 20:44:00.0;OFF;ON;100;0,90;1;4,50;17,70;96,50;102,20;3,60;3,50;72,80;4,30;3,80;
2026-06-16 20:45:00.0;OFF;ON;100;-0,30;1;4,50;17,70;96,50;102,20;4,80;3,50;65,20;4,30;3,80;
2026-06-16 20:46:00.0;OFF;ON;100;1,90;0,90;4,40;17,70;96,50;102,20;2,60;3,50;78;4,20;3,70;
2026-06-16 20:47:00.0;OFF;ON;100;0,70;0,90;4,40;17,60;96,20;102,20;3,70;3,50;73,10;4,20;3,80;
2026-06-16 20:48:00.0;OFF;ON;100;1,20;0,90;4,40;17,60;96,30;102,20;3,20;3,50;76,40;4,20;3,70;
2026-06-16 20:49:00.0;OFF;ON;100;1,30;0,90;4,40;17,60;96,30;102,20;3,10;3,50;77,30;4,20;3,70;
2026-06-16 20:50:00.0;OFF;ON;100;0,80;1;4,50;17,50;96,40;102,20;3,70;3,50;73,20;4,30;3,80;
2026-06-16 20:51:00.0;OFF;ON;100;1;0,90;4,40;17,50;96,40;102,20;3,40;3,50;74,60;4,20;3,70;
2026-06-16 20:52:00.0;OFF;ON;100;-0,10;0,90;4,40;17,40;96,30;102,20;4,60;3,50;68,10;4,20;3,80;
2026-06-16 20:53:00.0;OFF;ON;100;0,70;1;4,50;17,40;96,40;102,20;3,80;3,50;71,20;4,30;3,80;
2026-06-16 20:54:00.0;OFF;ON;100;-0,10;0,90;4,40;17,40;96,50;102,20;4,60;3,50;66,40;4,20;3,80;
2026-06-16 20:55:00.0;OFF;ON;100;1,10;0,90;4,40;17,30;96,40;102,20;3,30;3,50;72,50;4,20;3,60;
2026-06-16 20:56:00.0;OFF;ON;100;0,80;0,80;4,30;17,30;96,10;102,20;3,50;3,50;71,40;4,10;3,50;
2026-06-16 20:57:00.0;OFF;ON;100;0,10;0,80;4,30;17,30;95,90;102,20;4,20;3,50;67,50;4,10;3,50;
2026-06-16 20:58:00.0;OFF;ON;100;0,20;0,70;4,20;17,20;95,90;102,20;4;3,50;67,80;4;3,30;
2026-06-16 20:59:00.0;OFF;ON;100;0,10;0,60;4,10;17,20;95,50;102,20;4;3,50;66,50;3,90;3,20;
2026-06-16 21:00:00.0;OFF;ON;100;0;0,50;4;17,20;95,10;102,20;4,10;3,50;65,20;3,80;3;
2026-06-16 21:01:00.0;OFF;ON;100;0;0,50;4;17,10;94,90;102,20;3,90;3,50;64,90;3,70;2,90;
2026-06-16 21:02:00.0;OFF;ON;100;-0,40;0,40;3,90;17,10;94,90;102,20;4,30;3,50;61,90;3,70;2,90;
2026-06-16 21:03:00.0;OFF;ON;100;-0,40;0,30;3,80;17;94,90;102,20;4,20;3,50;61,50;3,70;2,80;
2026-06-16 21:04:00.0;OFF;ON;100;-0,10;0,30;3,80;17;94,90;102,20;4;3,50;62,10;3,60;2,80;
2026-06-16 21:05:00.0;OFF;ON;100;0,10;0,30;3,80;17;94,90;102,20;3,70;3,50;62,90;3,60;2,80;
2026-06-16 21:06:00.0;OFF;ON;100;0;0,20;3,70;16,90;94,90;102,20;3,70;3,50;62,20;3,60;2,70;
2026-06-16 21:07:00.0;OFF;ON;100;0,20;0,20;3,70;16,90;95;102,20;3,50;3,50;62,30;3,50;2,70;
2026-06-16 21:08:00.0;OFF;ON;100;0,20;0,20;3,70;16,90;95;102,20;3,50;3,50;62,30;3,50;2,70;
2026-06-16 21:09:00.0;OFF;ON;100;-0,20;0,20;3,70;16,90;95;102,20;3,80;3,50;59,90;3,50;2,70;
2026-06-16 21:10:00.0;OFF;ON;100;-0,20;0,10;3,60;16,80;95,10;102,20;3,90;3,50;59,30;3,50;2,70;
2026-06-16 21:11:00.0;OFF;ON;100;-0,20;0,10;3,60;16,80;95;102,20;3,80;3,50;59,30;3,50;2,60;
2026-06-16 21:12:00.0;OFF;ON;100;0;0,10;3,60;16,80;95,10;102,20;3,60;3,50;60,40;3,40;2,60;
2026-06-16 21:13:00.0;OFF;ON;100;-0,10;0,10;3,60;16,70;95,10;102,20;3,70;3,50;59,20;3,40;2,60;
2026-06-16 21:14:00.0;OFF;ON;100;-0,10;0,10;3,60;16,70;95,10;102,20;3,70;3,50;59,10;3,40;2,60;
2026-06-16 21:15:00.0;OFF;ON;100;0,10;0,10;3,60;16,70;95,20;102,20;3,40;3,50;60,40;3,40;2,60;
2026-06-16 21:16:00.0;OFF;ON;100;-0,10;0,10;3,60;16,60;95,20;102,20;3,70;3,50;58,90;3,40;2,60;
2026-06-16 21:17:00.0;OFF;ON;100;-0,20;0,10;3,60;16,60;95,20;102,20;3,80;3,50;58,10;3,40;2,60;
2026-06-16 21:18:00.0;OFF;ON;100;0;0;3,50;16,60;95,30;102,20;3,50;3,50;59,20;3,40;2,60;
2026-06-16 21:19:00.0;OFF;ON;100;0,10;0;3,50;16,50;95,40;102,20;3,40;3,50;59,90;3,40;2,60;
2026-06-16 21:20:00.0;OFF;ON;100;0;0;3,50;16,50;95,50;102,20;3,60;3,50;59,10;3,40;2,60;
2026-06-16 21:21:00.0;OFF;ON;100;0;0;3,50;16,50;95,40;102,20;3,50;3,50;59,90;3,30;2,60;
2026-06-16 21:22:00.0;OFF;ON;100;0,20;0;3,50;16,40;95,50;102,30;3,30;3,50;60,40;3,30;2,60;
2026-06-16 21:23:00.0;OFF;ON;100;0;0;3,50;16,40;95,50;102,20;3,50;3,50;59,10;3,30;2,60;
2026-06-16 21:24:00.0;OFF;ON;100;0;0;3,50;16,40;95,40;102,20;3,50;3,50;60;3,30;2,60;
2026-06-16 21:25:00.0;OFF;ON;100;0,20;0;3,50;16,30;95,50;102,20;3,30;3,50;60,70;3,30;2,60;
2026-06-16 21:26:00.0;OFF;ON;100;0;0;3,50;16,30;95,40;102,20;3,50;3,50;59,50;3,30;2,60;
2026-06-16 21:27:00.0;OFF;ON;100;0,10;0;3,50;16,30;95,50;102,20;3,40;3,50;60,60;3,30;2,60;
2026-06-16 21:28:00.0;OFF;ON;100;0;0;3,50;16,20;95,60;102,20;3,50;3,50;60,50;3,30;2,60;
2026-06-16 21:29:00.0;OFF;ON;100;0,20;0;3,50;16,20;95,60;102,20;3,20;3,50;61,90;3,30;2,60;
2026-06-16 21:30:00.0;OFF;ON;100;0,10;0;3,50;16,20;95,60;102,20;3,40;3,50;61,40;3,30;2,60;
2026-06-16 21:31:00.0;OFF;ON;100;0;0;3,50;16,10;95,60;102,20;3,50;3,50;61,40;3,30;2,60;
2026-06-16 21:32:00.0;OFF;ON;100;0;0;3,50;16,10;95,60;102,20;3,50;3,50;61,60;3,30;2,60;
2026-06-16 21:33:00.0;OFF;ON;100;0,10;0;3,50;16,10;95,70;102,20;3,40;3,50;62,40;3,30;2,60;
2026-06-16 21:34:00.0;OFF;ON;100;0;-0,10;3,40;16,10;95,70;102,20;3,40;3,50;62,50;3,30;2,60;
2026-06-16 21:35:00.0;OFF;ON;100;0,10;-0,10;3,40;16;95,80;102,20;3,40;3,50;62,90;3,30;2,60;
2026-06-16 21:36:00.0;OFF;ON;100;0;-0,10;3,40;16;95,60;102,20;3,40;3,50;63,10;3,30;2,60;
2026-06-16 21:37:00.0;OFF;ON;100;0,20;-0,10;3,40;16;95,80;102,20;3,30;3,50;64,40;3,30;2,60;
2026-06-16 21:38:00.0;OFF;ON;100;0;-0,10;3,40;15,90;95,60;102,20;3,40;3,50;63,90;3,30;2,60;
2026-06-16 21:39:00.0;OFF;ON;100;0,30;-0,10;3,40;15,90;95,70;102,20;3,10;3,50;66,20;3,20;2,60;
2026-06-16 21:40:00.0;OFF;ON;100;0,20;-0,10;3,40;15,90;95,80;102,20;3,20;3,50;65,70;3,20;2,60;
2026-06-16 21:41:00.0;OFF;ON;100;0,80;-0,10;3,40;15,80;95,80;102,20;2,60;3,50;69,60;3,20;2,60;
2026-06-16 21:42:00.0;OFF;ON;100;0,30;-0,10;3,40;15,80;95,80;102,20;3,10;3,50;67,80;3,20;2,70;
2026-06-16 21:43:00.0;OFF;ON;100;0,20;-0,10;3,40;15,80;95,90;102,20;3,30;3,50;67,80;3,30;2,70;
2026-06-16 21:44:00.0;OFF;ON;100;0,10;-0,10;3,40;15,70;95,80;102,20;3,30;3,50;67,90;3,30;2,70;
2026-06-16 21:45:00.0;OFF;ON;100;-0,10;-0,10;3,40;15,70;95,90;102,20;3,50;3,50;66,70;3,30;2,70;
2026-06-16 21:46:00.0;OFF;ON;100;0,20;-0,10;3,40;15,70;95,80;102,20;3,20;3,50;69,40;3,20;2,60;
2026-06-16 21:47:00.0;OFF;ON;100;0,20;-0,10;3,40;15,60;95,80;102,20;3,20;3,50;69,70;3,20;2,60;
2026-06-16 21:48:00.0;OFF;ON;100;0,20;-0,10;3,40;15,60;95,80;102,20;3,10;3,50;70,70;3,20;2,60;
2026-06-16 21:49:00.0;OFF;ON;100;-0,10;-0,10;3,40;15,60;95,80;102,20;3,40;3,50;69,50;3,20;2,60;
2026-06-16 21:50:00.0;OFF;ON;100;-0,50;-0,10;3,40;15,50;95,60;102,20;3,90;3,50;66,70;3,20;2,50;
2026-06-16 21:51:00.0;OFF;ON;100;-0,50;-0,20;3,30;15,50;95,40;102,20;3,80;3,50;67,30;3,10;2,40;
2026-06-16 21:52:00.0;OFF;ON;100;-0,30;-0,30;3,20;15,50;95,40;102,20;3,50;3,50;69;3;2,30;
2026-06-16 21:53:00.0;OFF;ON;100;-0,20;-0,30;3,20;15,40;95,20;102,20;3,40;3,50;69,10;3;2,30;
2026-06-16 21:54:00.0;OFF;ON;100;-0,10;-0,40;3,10;15,40;95,20;102,20;3,20;3,50;69,90;3;2,20;
2026-06-16 21:55:00.0;OFF;ON;100;-0,20;-0,40;3,10;15,40;95,20;102,20;3,30;3,50;69,40;2,90;2,20;
2026-06-16 21:56:00.0;OFF;ON;100;-0,50;-0,40;3,10;15,30;95,30;102,20;3,50;3,50;67,70;2,90;2,10;
2026-06-16 21:57:00.0;OFF;ON;100;-0,50;-0,40;3,10;15,30;95,10;102,20;3,60;3,50;67,70;2,90;2,10;
2026-06-16 21:58:00.0;OFF;ON;100;-0,50;-0,40;3,10;15,30;95,10;102,20;3,60;3,50;67,70;2,90;2,10;
2026-06-16 21:59:00.0;OFF;ON;100;-0,60;-0,50;3;15,30;95,20;102,20;3,60;3,50;67,20;2,90;2,10;
2026-06-16 22:00:00.0;OFF;ON;100;-0,80;-0,50;3;15,20;95,10;102,20;3,80;3,50;66,10;2,80;2,10;
2026-06-16 22:01:00.0;OFF;ON;100;-0,40;-0,50;3;15,20;95,10;102,20;3,30;3,50;68,50;2,80;2;
2026-06-16 22:02:00.0;OFF;ON;100;-0,40;-0,50;3;15,20;95,10;102,20;3,30;3,50;68,50;2,80;2;
2026-06-16 22:03:00.0;OFF;ON;100;-0,50;-0,60;2,90;15,10;95;102,20;3,50;3,50;67,80;2,80;2;
2026-06-16 22:04:00.0;OFF;ON;100;-0,60;-0,60;2,90;15,10;95;102,20;3,50;3,50;67,80;2,70;2;
2026-06-16 22:05:00.0;OFF;ON;100;-0,70;-0,60;2,90;15,10;95,10;102,20;3,60;3,50;66,90;2,70;2;
2026-06-16 22:06:00.0;OFF;ON;100;-0,90;-0,60;2,90;15;95,10;102,20;3,70;3,50;66,10;2,70;1,90;
2026-06-16 22:07:00.0;OFF;ON;100;-0,70;-0,60;2,90;15;95,10;102,20;3,60;3,50;66,80;2,70;1,90;
2026-06-16 22:08:00.0;OFF;ON;100;-0,40;-0,70;2,80;15;95,20;102,20;3,30;3,50;68,60;2,70;1,90;
2026-06-16 22:09:00.0;OFF;ON;100;-0,70;-0,70;2,80;15;95,20;102,20;3,50;3,50;66,90;2,60;1,90;
2026-06-16 22:10:00.0;OFF;ON;100;-0,60;-0,70;2,80;14,90;95,10;102,20;3,40;3,50;68,10;2,60;1,90;
2026-06-16 22:11:00.0;OFF;ON;100;-0,70;-0,70;2,80;14,90;95,10;102,20;3,50;3,50;67,10;2,60;1,90;
2026-06-16 22:12:00.0;OFF;ON;100;-0,60;-0,70;2,80;14,90;95,10;102,20;3,40;3,50;67,90;2,60;1,80;
2026-06-16 22:13:00.0;OFF;ON;100;-0,70;-0,70;2,80;14,80;95,20;102,20;3,50;3,50;67,80;2,60;1,80;
2026-06-16 22:14:00.0;OFF;ON;100;-0,70;-0,80;2,70;14,80;95,10;102,20;3,40;3,50;67,90;2,60;1,80;
2026-06-16 22:15:00.0;OFF;ON;100;-0,60;-0,80;2,70;14,80;95,20;102,20;3,30;3,50;68,50;2,50;1,80;
2026-06-16 22:16:00.0;OFF;ON;100;-0,70;-0,80;2,70;14,80;95,20;102,20;3,40;3,50;68,30;2,50;1,80;
2026-06-16 22:17:00.0;OFF;ON;100;-0,80;-0,80;2,70;14,70;95,20;102,20;3,50;3,50;68,30;2,50;1,80;
2026-06-16 22:18:00.0;OFF;ON;100;-0,80;-0,80;2,70;14,70;95,10;102,20;3,40;3,50;68,20;2,50;1,80;
2026-06-16 22:19:00.0;OFF;ON;100;-0,80;-0,80;2,70;14,70;95,10;102,20;3,40;3,50;68,20;2,50;1,80;
2026-06-16 22:20:00.0;OFF;ON;100;-0,70;-0,80;2,70;14,70;95,20;102,20;3,40;3,50;68,50;2,50;1,80;
2026-06-16 22:21:00.0;OFF;ON;100;-0,80;-0,80;2,70;14,70;95,20;102,20;3,50;3,50;68,40;2,50;1,70;
2026-06-16 22:22:00.0;OFF;ON;100;-0,90;-0,90;2,60;14,60;95,20;102,20;3,50;3,50;68;2,50;1,70;
2026-06-16 22:23:00.0;OFF;ON;100;-0,90;-0,90;2,60;14,60;95,20;102,20;3,50;3,50;68,80;2,50;1,70;
2026-06-16 22:24:00.0;OFF;ON;100;-0,80;-0,90;2,60;14,60;95,20;102,20;3,40;3,50;69,10;2,40;1,70;
2026-06-16 22:25:00.0;OFF;ON;100;-0,90;-0,90;2,60;14,60;95,20;102,20;3,50;3,50;69,20;2,40;1,70;
2026-06-16 22:26:00.0;OFF;ON;100;-0,80;-0,90;2,60;14,50;95,20;102,20;3,30;3,50;69,90;2,40;1,70;
2026-06-16 22:27:00.0;OFF;ON;100;-0,80;-0,90;2,60;14,50;95,20;102,20;3,40;3,50;69,80;2,40;1,70;
2026-06-16 22:28:00.0;OFF;ON;100;-0,70;-0,90;2,60;14,50;95,30;102,20;3,20;3,50;71,10;2,40;1,60;
2026-06-16 22:29:00.0;OFF;ON;100;-0,90;-1;2,50;14,40;95,30;102,20;3,40;3,50;70;2,40;1,60;
2026-06-16 22:30:00.0;OFF;ON;100;-0,80;-1;2,50;14,40;95,30;102,20;3,30;3,50;71;2,30;1,60;
2026-06-16 22:31:00.0;OFF;ON;100;-0,90;-1;2,50;14,40;95,30;102,20;3,50;3,50;70,40;2,30;1,60;
2026-06-16 22:32:00.0;OFF;ON;100;-0,70;-1;2,50;14,40;95,30;102,20;3,20;3,50;71,90;2,30;1,60;
2026-06-16 22:33:00.0;OFF;ON;100;-0,80;-1;2,50;14,30;95,30;102,20;3,30;3,50;71,60;2,30;1,60;
2026-06-16 22:34:00.0;OFF;ON;100;-1,10;-1;2,50;14,30;95,30;102,10;3,50;3,50;70,40;2,30;1,60;
2026-06-16 22:35:00.0;OFF;ON;100;-1;-1;2,50;14,30;95,30;102,10;3,50;3,50;71,50;2,30;1,60;
2026-06-16 22:36:00.0;OFF;ON;100;-0,90;-1,10;2,40;14,30;95,20;102,10;3,30;3,50;72,20;2,30;1,50;
2026-06-16 22:37:00.0;OFF;ON;100;-1;-1,10;2,40;14,20;95,20;102,10;3,40;3,50;71,90;2,20;1,50;
2026-06-16 22:38:00.0;OFF;ON;100;-1,10;-1,10;2,40;14,20;95,10;102,10;3,50;3,50;71,10;2,20;1,50;
2026-06-16 22:39:00.0;OFF;ON;100;-1,30;-1,10;2,40;14,20;95,10;102,10;3,70;3,50;70,50;2,20;1,50;
2026-06-16 22:40:00.0;OFF;ON;100;-1,20;-1,10;2,40;14,20;95,10;102,10;3,50;3,50;71,50;2,20;1,40;
2026-06-16 22:41:00.0;OFF;ON;100;-1,30;-1,20;2,30;14,10;95,20;102,10;3,60;3,50;71,30;2,20;1,40;
2026-06-16 22:42:00.0;OFF;ON;100;-1;-1,20;2,30;14,10;95,10;102,10;3,30;3,50;73;2,20;1,40;
2026-06-16 22:43:00.0;OFF;ON;100;-1,20;-1,20;2,30;14,10;95,10;102,10;3,50;3,50;72,50;2,10;1,40;
2026-06-16 22:44:00.0;OFF;ON;100;-1,30;-1,20;2,30;14,10;95,10;102,10;3,60;3,50;71,70;2,10;1,30;
2026-06-16 22:45:00.0;OFF;ON;100;-1,50;-1,20;2,30;14,10;95,10;102,10;3,70;3,50;70,90;2,10;1,30;
2026-06-16 22:46:00.0;OFF;ON;100;-1,40;-1,30;2,20;14;95;102,10;3,60;3,50;71,50;2;1,20;
2026-06-16 22:47:00.0;OFF;ON;100;-1,40;-1,30;2,20;14;95;102,10;3,60;3,50;71,50;2;1,20;
2026-06-16 22:48:00.0;OFF;ON;100;-1,30;-1,30;2,20;14;95;102,10;3,50;3,50;72,50;2;1,20;
2026-06-16 22:49:00.0;OFF;ON;100;-1,20;-1,30;2,20;14;94,90;102,10;3,30;3,50;73,20;2;1,20;
2026-06-16 22:50:00.0;OFF;ON;100;-1,50;-1,40;2,10;13,90;94,90;102,10;3,60;3,50;71,60;1,90;1,20;
2026-06-16 22:51:00.0;OFF;ON;100;-1,60;-1,40;2,10;13,90;95;102,10;3,70;3,50;71;1,90;1,10;
2026-06-16 22:52:00.0;OFF;ON;100;-1,60;-1,40;2,10;13,90;94,90;102,10;3,70;3,50;70,90;1,90;1,10;
2026-06-16 22:53:00.0;OFF;ON;100;-1,40;-1,40;2,10;13,90;94,90;102,10;3,50;3,50;71,90;1,90;1,10;
2026-06-16 22:54:00.0;OFF;ON;100;-0,90;-1,50;2;13,80;94,90;102,10;3;3,50;75,30;1,90;1,10;
2026-06-16 22:55:00.0;OFF;ON;100;-1,30;-1,50;2;13,80;94,90;102,10;3,30;3,50;73,60;1,80;1,10;
2026-06-16 22:56:00.0;OFF;ON;100;-1,30;-1,50;2;13,80;94,90;102,10;3,30;3,50;73,60;1,80;1,10;
2026-06-16 22:57:00.0;OFF;ON;100;-1,20;-1,50;2;13,80;94,90;102,10;3,20;3,50;73,60;1,80;1;
2026-06-16 22:58:00.0;OFF;ON;100;-1,30;-1,50;2;13,80;94,90;102,10;3,30;3,50;73,20;1,80;0,90;
2026-06-16 22:59:00.0;OFF;ON;100;-1,90;-1,60;1,90;13,70;94,90;102,10;3,80;3,50;70,10;1,70;0,90;
2026-06-16 23:00:00.0;OFF;ON;100;-1,20;-1,60;1,90;13,70;94,80;102,10;3,10;3,50;74;1,70;0,90;
2026-06-16 23:01:00.0;OFF;ON;100;-1,10;-1,60;1,90;13,70;94,90;102,10;3;3,50;75,10;1,70;0,90;
2026-06-16 23:02:00.0;OFF;ON;100;-1,10;-1,60;1,90;13,60;94,90;102,10;3;3,50;75,10;1,70;0,90;
2026-06-16 23:03:00.0;OFF;ON;100;-1,20;-1,60;1,90;13,60;95;102,10;3,10;3,50;74,50;1,70;0,90;
2026-06-16 23:04:00.0;OFF;ON;100;-1,20;-1,60;1,90;13,60;95;102,10;3,10;3,50;74,80;1,70;0,90;
2026-06-16 23:05:00.0;OFF;ON;100;-1,20;-1,60;1,90;13,60;95;102,10;3,10;3,50;74,60;1,70;0,90;
2026-06-16 23:06:00.0;OFF;ON;100;-1,30;-1,70;1,80;13,60;95;102,10;3,10;3,50;72;1,60;0,90;
2026-06-16 23:07:00.0;OFF;ON;100;-1,80;-1,70;1,80;13,50;95;102,10;3,60;3,50;73,30;1,60;0,90;
2026-06-16 23:08:00.0;OFF;ON;100;-1,70;-1,70;1,80;13,50;95;102,10;3,50;3,50;75,40;1,60;0,80;
2026-06-16 23:09:00.0;OFF;ON;100;-1,30;-1,70;1,80;13,50;95;102,10;3,10;3,50;75,40;1,60;0,80;
2026-06-16 23:10:00.0;OFF;ON;100;-1,30;-1,70;1,80;13,50;95;102,10;3,10;3,50;75,60;1,60;0,80;
2026-06-16 23:11:00.0;OFF;ON;100;-1,30;-1,70;1,80;13,40;95;102,10;3,10;3,50;75,60;1,60;0,80;
2026-06-16 23:12:00.0;OFF;ON;100;-1,40;-1,80;1,70;13,40;95;102,10;3,20;3,50;75,40;1,60;0,80;
2026-06-16 23:13:00.0;OFF;ON;100;-1,60;-1,80;1,70;13,40;95;102,10;3,30;3,50;75;1,50;0,80;
2026-06-16 23:14:00.0;OFF;ON;100;-1,80;-1,80;1,70;13,40;95,10;102,10;3,50;3,50;74,50;1,50;0,80;
2026-06-16 23:15:00.0;OFF;ON;100;-1,80;-1,80;1,70;13,30;95;102,10;3,50;3,50;74,60;1,50;0,80;
2026-06-16 23:16:00.0;OFF;ON;100;-1,70;-1,80;1,70;13,30;95;102,10;3,40;3,50;75;1,50;0,70;
2026-06-16 23:17:00.0;OFF;ON;100;-1,70;-1,80;1,70;13,30;95;102,10;3,40;3,50;75,40;1,50;0,70;
2026-06-16 23:18:00.0;OFF;ON;100;-1,90;-1,80;1,70;13,30;95;102,10;3,60;3,50;74,60;1,50;0,70;
2026-06-16 23:19:00.0;OFF;ON;100;-1,80;-1,90;1,60;13,20;95;102,10;3,40;3,50;75,80;1,50;0,70;
2026-06-16 23:20:00.0;OFF;ON;100;-1,70;-1,90;1,60;13,20;95;102,10;3,30;3,50;76,10;1,40;0,60;
2026-06-16 23:21:00.0;OFF;ON;100;-1,70;-1,90;1,60;13,20;95;102,10;3,30;3,50;76,80;1,40;0,60;
2026-06-16 23:22:00.0;OFF;ON;100;-1,70;-1,90;1,60;13,20;94,90;102,10;3,30;3,50;75;1,40;0,60;
2026-06-16 23:23:00.0;OFF;ON;100;-2;-1,90;1,60;13,20;94,80;102,10;3,60;3,50;74,20;1,40;0,60;
2026-06-16 23:24:00.0;OFF;ON;100;-2,20;-2;1,50;13,10;94,90;102,10;3,80;3,50;74,40;1,30;0,50;
2026-06-16 23:25:00.0;OFF;ON;100;-2,20;-2;1,50;13,10;94,80;102,10;3,70;3,50;74,40;1,30;0,50;
2026-06-16 23:26:00.0;OFF;ON;100;-2,30;-2;1,50;13,10;94,80;102,10;3,80;3,50;74,20;1,30;0,50;
2026-06-16 23:27:00.0;OFF;ON;100;-2,30;-2,10;1,40;13,10;94,80;102,10;3,70;3,50;74,40;1,20;0,40;
2026-06-16 23:28:00.0;OFF;ON;100;-2,40;-2,10;1,40;13;94,80;102,10;3,80;3,50;74,10;1,20;0,40;
2026-06-16 23:29:00.0;OFF;ON;100;-2,10;-2,10;1,40;13;94,80;102,10;3,50;3,50;76,40;1,20;0,40;
2026-06-16 23:30:00.0;OFF;ON;100;-1,80;-2,10;1,40;13;94,80;102,10;3,20;3,50;77,80;1,20;0,30;
2026-06-16 23:31:00.0;OFF;ON;100;-1,80;-2,20;1,30;13;94,70;102,10;3,10;3,50;77,70;1,10;0,30;
2026-06-16 23:32:00.0;OFF;ON;100;-2,70;-2,20;1,30;12,90;94,60;102,10;4;3,50;72,40;1,10;0,20;
2026-06-16 23:33:00.0;OFF;ON;100;-2,60;-2,30;1,20;12,90;94,70;102,10;3,90;3,50;73,10;1,10;0,20;
2026-06-16 23:34:00.0;OFF;ON;100;-2,60;-2,30;1,20;12,90;94,70;102,10;3,90;3,50;73,30;1;0,20;
2026-06-16 23:35:00.0;OFF;ON;100;-1,70;-2,30;1,20;12,90;94,80;102,10;2,90;3,50;78,50;1;0,20;
2026-06-16 23:36:00.0;OFF;ON;100;-2,40;-2,30;1,20;12,80;94,80;102,10;3,60;3,50;74,80;1;0,20;
2026-06-16 23:37:00.0;OFF;ON;100;-2,70;-2,30;1,20;12,80;94,80;102,10;3,90;3,50;73,50;1;0,20;
2026-06-16 23:38:00.0;OFF;ON;100;-1,80;-2,30;1,20;12,80;94,80;102,10;3;3,50;78,50;1;0,20;
2026-06-16 23:39:00.0;OFF;ON;100;-1,70;-2,30;1,20;12,80;94,80;102,10;2,90;3,50;79,50;1;0,20;
2026-06-16 23:40:00.0;OFF;ON;100;-2,50;-2,30;1,20;12,80;94,80;102,10;3,60;3,50;75,30;1;0,10;
2026-06-16 23:41:00.0;OFF;ON;100;-2,40;-2,30;1,20;12,70;94,90;102,10;3,50;3,50;76,70;1;0,10;
2026-06-16 23:42:00.0;OFF;ON;100;-1,80;-2,30;1,20;12,70;94,90;102,10;2,90;3,50;79,50;1;0,10;
2026-06-16 23:43:00.0;OFF;ON;100;-2,60;-2,40;1,10;12,70;94,80;102,10;3,70;3,50;75,20;0,90;0,10;
2026-06-16 23:44:00.0;OFF;ON;100;-2;-2,40;1,10;12,70;94,80;102,10;3,10;3,50;78,80;0,90;0,10;
2026-06-16 23:45:00.0;OFF;ON;100;-2,40;-2,40;1,10;12,60;94,90;102,10;3,50;3,50;77,20;0,90;0,10;
2026-06-16 23:46:00.0;OFF;ON;100;-2;-2,40;1,10;12,60;94,80;102,10;3,10;3,50;79,30;0,90;0,10;
2026-06-16 23:47:00.0;OFF;ON;100;-2,30;-2,40;1,10;12,60;94,80;102,10;3,40;3,50;77,70;0,90;0,10;
2026-06-16 23:48:00.0;OFF;ON;100;-2,90;-2,40;1,10;12,60;94,80;102,10;3,90;3,50;74,30;0,90;0,10;
2026-06-16 23:49:00.0;OFF;ON;100;-3,60;-2,40;1,10;12,50;95,10;102,10;4,80;3,50;66,30;0,90;0,20;
2026-06-16 23:50:00.0;OFF;ON;100;-1,90;-2,40;1,10;12,50;95,10;102,10;3,10;3,50;75,50;0,90;0,10;
2026-06-16 23:51:00.0;OFF;ON;100;-2,30;-2,40;1,10;12,50;95,10;102,10;3,30;3,50;74,70;0,90;0,10;
2026-06-16 23:52:00.0;OFF;ON;100;-2,20;-2,50;1;12,50;95;102,10;3,30;3,50;74,80;0,80;0,20;
2026-06-16 23:53:00.0;OFF;ON;100;-2,10;-2,40;1,10;12,40;95;102,10;3,20;3,50;75,80;0,90;0,30;
2026-06-16 23:54:00.0;OFF;ON;100;-2,20;-2,40;1,10;12,40;95;102,10;3,30;3,50;75,40;0,90;0,40;
2026-06-16 23:55:00.0;OFF;ON;100;-2,30;-2,40;1,10;12,40;95;102,10;3,40;3,50;75,30;0,90;0,40;
2026-06-16 23:56:00.0;OFF;ON;100;-2,30;-2,40;1,10;12,40;95,10;102,10;3,40;3,50;75,70;0,90;0,40;
2026-06-16 23:57:00.0;OFF;ON;100;-2,20;-2,40;1,10;12,30;95,10;102,10;3,30;3,50;76,40;0,90;0,30;
2026-06-16 23:58:00.0;OFF;ON;100;-2,30;-2,40;1,10;12,30;95,20;102,10;3,30;3,50;76,40;0,90;0,30;
2026-06-16 23:59:00.0;OFF;ON;100;-2,40;-2,40;1,10;12,30;95,10;102,10;3,50;3,50;76,20;0,90;0,30;
