CamCarcacas2;
2026-07-16 00:00;2026-07-17 00:00;
12144 Frigorífico Thoms;
ayron.costa;
" ";CPCO 51 - Câmara de carcaças - Controle de temperatura 1;CPCO 51 - Câmara de carcaças - Controle de temperatura 1;CPCO 51 - Câmara de carcaças - Controle de temperatura 1;CPCO 51 - Câmara de carcaças - Controle de temperatura 1;CPCO 51 - Câmara de carcaças - Controle de temperatura 1;CPCO 51 - Câmara de carcaças - Controle de temperatura 1;CPCO 52 - Câmara de carcaças - Controle de temperatura 2;CPCO 52 - Câmara de carcaças - Controle de temperatura 2;CPCO 53 - Balança;CPCO 51 - Câmara de carcaças - Controle de temperatura 1;CPCO 51 - Câmara de carcaças - Controle de temperatura 1;CPCO 51 - Câmara de carcaças - Controle de temperatura 1;CPCO 51 - Câmara de carcaças - Controle de temperatura 1;CPCO 54 - Câmara de carcaças - Controle de temperatura 3;
" ";Carregamento;Resfriamento;Saida Y1 - Ventiladores EC;Temp entrada glicol;Temp ref;Temp retorno ar;Temperatuda espeto;Umidade relativa da camara;Peso atual;DT Atual;DT ref;Cap Atual Valvula;Temp retorno ar M1A08;Temp Insuf de ar M1A08;" ";
2026-07-16 00:00:00.0;OFF;ON;50;-24,30;1,20;-1,20;4,30;94,80;99,20;23,10;3,50;100;-1,30;-2;
2026-07-16 00:01:00.0;OFF;ON;50;-24,70;1,30;-1,20;4,30;94,80;99,20;23,50;3,50;100;-1,30;-2;
2026-07-16 00:02:00.0;OFF;ON;50;-21,80;1,30;-1,20;4,30;94,80;99,20;20,60;3,50;100;-1,40;-2;
2026-07-16 00:03:00.0;OFF;ON;50;-28,40;1,30;-1,20;4,20;94,80;99,20;27,20;3,50;100;-1,30;-2;
2026-07-16 00:04:00.0;OFF;ON;50;-24,60;1,30;-1,20;4,20;94,80;99,20;23,40;3,50;100;-1,30;-2;
2026-07-16 00:05:00.0;OFF;ON;50;-19,10;1,30;-1,20;4,20;94,80;99,20;17,90;3,50;100;-1,40;-2;
2026-07-16 00:06:00.0;OFF;ON;50;-6,30;1,30;-1,20;4,20;94,80;99,20;5;3,50;100;-1,40;-2;
2026-07-16 00:07:00.0;OFF;ON;50;-6,70;1,30;-1,20;4,20;94,80;99,20;5,50;3,50;100;-1,30;-2;
2026-07-16 00:08:00.0;OFF;ON;50;-6,60;1,30;-1,20;4,20;94,80;99,20;5,40;3,50;100;-1,30;-2;
2026-07-16 00:09:00.0;OFF;ON;50;-6,60;1,30;-1,20;4,10;94,90;99,20;5,40;3,50;100;-1,40;-2;
2026-07-16 00:10:00.0;OFF;ON;50;-16,10;1,30;-1,20;4,10;95;99,20;14,90;3,50;100;-1,40;-2;
2026-07-16 00:11:00.0;OFF;ON;50;-15,40;1,30;-1,20;4,10;94,90;99,20;14,20;3,50;100;-1,30;-2;
2026-07-16 00:12:00.0;OFF;ON;50;-26,40;1,30;-1,20;4,10;94,90;99,20;25,20;3,50;100;-1,30;-2;
2026-07-16 00:13:00.0;OFF;ON;50;-6,50;1,30;-1,20;4,10;94,90;99,20;5,30;3,50;100;-1,40;-2;
2026-07-16 00:14:00.0;OFF;ON;50;-18,40;1,30;-1,20;4,10;94,80;99,20;17,10;3,50;100;-1,30;-2;
2026-07-16 00:15:00.0;OFF;ON;50;-6,70;1,30;-1,20;4;94,80;99,20;5,50;3,50;100;-1,40;-2;
2026-07-16 00:16:00.0;OFF;ON;50;-24,40;1,30;-1,20;4;94,80;99,20;23,10;3,50;100;-1,40;-2;
2026-07-16 00:17:00.0;OFF;ON;50;-23,60;1,20;-1,30;4;94,90;99,20;22,40;3,50;100;-1,40;-2;
2026-07-16 00:18:00.0;OFF;ON;50;-15,70;1,20;-1,30;4;94,80;99,20;14,40;3,50;100;-1,40;-2;
2026-07-16 00:19:00.0;OFF;ON;50;-19,70;1,20;-1,30;4;94,80;99,20;18,40;3,50;100;-1,40;-2;
2026-07-16 00:20:00.0;OFF;ON;50;-13,30;1,30;-1,20;3,90;94,80;99,20;12,10;3,50;100;-1,40;-2;
2026-07-16 00:21:00.0;OFF;ON;50;-25,90;1,30;-1,20;3,90;94,90;99,20;24,70;3,50;100;-1,40;-2;
2026-07-16 00:22:00.0;OFF;ON;50;-28,20;1,20;-1,30;3,90;94,90;99,20;26,90;3,50;100;-1,40;-2;
2026-07-16 00:23:00.0;OFF;ON;50;-18,70;1,20;-1,30;3,90;94,80;99,20;17,40;3,50;100;-1,40;-2;
2026-07-16 00:24:00.0;OFF;ON;50;-25,90;1,20;-1,30;3,90;94,90;99,20;24,60;3,50;100;-1,40;-2;
2026-07-16 00:25:00.0;OFF;ON;50;-22,70;1,20;-1,30;3,90;94,90;99,20;21,50;3,50;100;-1,40;-2;
2026-07-16 00:26:00.0;OFF;ON;50;-24,20;1,20;-1,30;3,80;95;99,20;23;3,50;100;-1,40;-2;
2026-07-16 00:27:00.0;OFF;ON;50;-27,90;1,20;-1,30;3,80;94,90;99,20;26,60;3,50;100;-1,40;-2;
2026-07-16 00:28:00.0;OFF;ON;50;-26,80;1,20;-1,30;3,80;94,80;99,20;25,50;3,50;100;-1,40;-2;
2026-07-16 00:29:00.0;OFF;ON;50;-30,20;1,20;-1,30;3,80;94,80;99,20;28,90;3,50;100;-1,40;-2;
2026-07-16 00:30:00.0;OFF;ON;50;-24,70;1,20;-1,30;3,80;94,80;99,20;23,40;3,50;100;-1,40;-2;
2026-07-16 00:31:00.0;OFF;ON;50;-23,50;1,20;-1,30;3,80;94,80;99,20;22,20;3,50;100;-1,40;-2,10;
2026-07-16 00:32:00.0;OFF;ON;50;-25,90;1,20;-1,30;3,70;94,80;99,20;24,70;3,50;100;-1,40;-2,10;
2026-07-16 00:33:00.0;OFF;ON;50;-25,40;1,20;-1,30;3,70;94,80;99,20;24,10;3,50;100;-1,40;-2,10;
2026-07-16 00:34:00.0;OFF;ON;50;-25,70;1,20;-1,30;3,70;94,80;99,20;24,40;3,50;100;-1,40;-2,10;
2026-07-16 00:35:00.0;OFF;ON;50;-26;1,20;-1,30;3,70;94,80;99,20;24,70;3,50;100;-1,40;-2,10;
2026-07-16 00:36:00.0;OFF;ON;50;-30,40;1,20;-1,30;3,70;94,80;99,20;29,10;3,50;100;-1,40;-2;
2026-07-16 00:37:00.0;OFF;ON;50;-30,50;1,20;-1,30;3,70;94,80;99,20;29,20;3,50;100;-1,40;-2,10;
2026-07-16 00:38:00.0;OFF;ON;50;-29,10;1,20;-1,30;3,60;94,80;99,20;27,80;3,50;100;-1,40;-2,10;
2026-07-16 00:39:00.0;OFF;ON;50;-34,80;1,20;-1,30;3,60;94,90;99,20;33,50;3,50;100;-1,40;-2,10;
2026-07-16 00:40:00.0;OFF;ON;50;-29,30;1,20;-1,30;3,60;94,80;99,20;28;3,50;100;-1,40;-2,10;
2026-07-16 00:41:00.0;OFF;ON;50;-31,90;1,20;-1,30;3,60;94,80;99,20;30,60;3,50;100;-1,40;-2,10;
2026-07-16 00:42:00.0;OFF;ON;50;-32;1,20;-1,30;3,60;94,90;99,20;30,70;3,50;100;-1,40;-2,10;
2026-07-16 00:43:00.0;OFF;ON;50;-31,30;1,20;-1,30;3,60;94,80;99,20;30;3,50;100;-1,40;-2,10;
2026-07-16 00:44:00.0;OFF;ON;50;-29,70;1,20;-1,30;3,50;94,80;99,20;28,40;3,50;100;-1,40;-2,10;
2026-07-16 00:45:00.0;OFF;ON;50;-28,90;1,20;-1,30;3,50;94,80;99,20;27,60;3,50;100;-1,40;-2,10;
2026-07-16 00:46:00.0;OFF;ON;50;-31;1,20;-1,30;3,50;94,90;99,20;29,70;3,50;100;-1,40;-2,10;
2026-07-16 00:47:00.0;OFF;ON;50;-30,60;1,20;-1,30;3,50;94,90;99,20;29,30;3,50;100;-1,40;-2,10;
2026-07-16 00:48:00.0;OFF;ON;50;-31;1,20;-1,30;3,50;94,90;99,20;29,70;3,50;100;-1,40;-2,10;
2026-07-16 00:49:00.0;OFF;ON;50;-30,10;1,20;-1,30;3,50;94,80;99,20;28,80;3,50;100;-1,40;-2,10;
2026-07-16 00:50:00.0;OFF;ON;50;-23,80;1,20;-1,30;3,40;94,80;99,20;22,50;3,50;100;-1,40;-2,10;
2026-07-16 00:51:00.0;OFF;ON;50;-32,50;1,20;-1,30;3,40;94,80;99,20;31,20;3,50;100;-1,40;-2,10;
2026-07-16 00:52:00.0;OFF;ON;50;-35,90;1,20;-1,30;3,40;94,80;99,20;34,60;3,50;100;-1,40;-2,10;
2026-07-16 00:53:00.0;OFF;ON;50;-37,50;1,20;-1,30;3,40;94,80;99,20;36,20;3,50;100;-1,40;-2,10;
2026-07-16 00:54:00.0;OFF;ON;50;-31,50;1,20;-1,30;3,40;94,80;99,20;30,20;3,50;100;-1,40;-2,10;
2026-07-16 00:55:00.0;OFF;ON;50;-29,80;1,20;-1,30;3,40;94,90;99,20;28,50;3,50;100;-1,40;-2,10;
2026-07-16 00:56:00.0;OFF;ON;50;-35,20;1,20;-1,30;3,30;94,80;99,20;33,90;3,50;100;-1,40;-2,10;
2026-07-16 00:57:00.0;OFF;ON;50;-31,80;1,20;-1,30;3,30;95;99,20;30,50;3,50;100;-1,40;-2,10;
2026-07-16 00:58:00.0;OFF;ON;50;-34;1,20;-1,30;3,30;95;99,20;32,70;3,50;100;-1,40;-2,10;
2026-07-16 00:59:00.0;OFF;ON;50;-33,40;1,20;-1,30;3,30;95,10;99,20;32;3,50;100;-1,40;-2,10;
2026-07-16 01:00:00.0;OFF;ON;50;-34,20;1,20;-1,30;3,30;94,90;99,20;32,90;3,50;100;-1,40;-2,10;
2026-07-16 01:01:00.0;OFF;ON;50;-37,20;1,20;-1,30;3,30;94,80;99,20;35,90;3,50;100;-1,50;-2,10;
2026-07-16 01:02:00.0;OFF;ON;50;-34,90;1,20;-1,30;3,20;94,80;99,20;33,50;3,50;100;-1,40;-2,10;
2026-07-16 01:03:00.0;OFF;ON;50;-36,90;1,20;-1,30;3,20;94,80;99,20;35,60;3,50;100;-1,40;-2,10;
2026-07-16 01:04:00.0;OFF;ON;50;-37,10;1,20;-1,30;3,20;94,80;99,20;35,70;3,50;100;-1,40;-2,10;
2026-07-16 01:05:00.0;OFF;ON;50;-35,40;1,20;-1,30;3,20;94,80;99,20;34;3,50;100;-1,50;-2,10;
2026-07-16 01:06:00.0;OFF;ON;50;-38,30;1,10;-1,40;3,20;94,80;99,20;37;3,50;100;-1,50;-2,10;
2026-07-16 01:07:00.0;OFF;ON;50;-30,50;1,10;-1,30;3,20;94,80;99,20;29,10;3,50;100;-1,50;-2,10;
2026-07-16 01:08:00.0;OFF;ON;50;-27,90;1,10;-1,40;3,10;94,80;99,20;26,50;3,50;100;-1,50;-2,10;
2026-07-16 01:09:00.0;OFF;ON;50;-28,10;1,10;-1,40;3,10;94,80;99,20;26,80;3,50;100;-1,50;-2,10;
2026-07-16 01:10:00.0;OFF;ON;50;-33,90;1,10;-1,40;3,10;94,80;99,20;32,60;3,50;100;-1,50;-2,10;
2026-07-16 01:11:00.0;OFF;ON;50;-33,60;1,10;-1,40;3,10;94,80;99,20;32,20;3,50;100;-1,50;-2,10;
2026-07-16 01:12:00.0;OFF;ON;50;-28,80;1,10;-1,40;3,10;94,90;99,20;27,50;3,50;100;-1,50;-2,10;
2026-07-16 01:13:00.0;OFF;ON;50;-30,70;1,10;-1,40;3,10;94,90;99,20;29,30;3,50;100;-1,50;-2,10;
2026-07-16 01:14:00.0;OFF;ON;50;-31,90;1,10;-1,40;3;94,90;99,20;30,50;3,50;100;-1,50;-2,10;
2026-07-16 01:15:00.0;OFF;ON;50;-27,80;1,10;-1,40;3;94,80;99,20;26,40;3,50;100;-1,50;-2,10;
2026-07-16 01:16:00.0;OFF;ON;50;-30,80;1,10;-1,40;3;94,80;99,20;29,40;3,50;100;-1,50;-2,10;
2026-07-16 01:17:00.0;OFF;ON;50;-28,70;1,10;-1,40;3;94,80;99,20;27,30;3,50;100;-1,50;-2,10;
2026-07-16 01:18:00.0;OFF;ON;50;-35;1,10;-1,40;3;94,80;99,20;33,60;3,50;100;-1,50;-2,10;
2026-07-16 01:19:00.0;OFF;ON;50;-30,20;1,10;-1,40;3;94,80;99,20;28,80;3,50;100;-1,50;-2,10;
2026-07-16 01:20:00.0;OFF;ON;50;-40;1,10;-1,40;2,90;94,80;99,20;38,60;3,50;100;-1,50;-2,10;
2026-07-16 01:21:00.0;OFF;ON;50;-39,20;1,10;-1,40;2,90;94,70;99,20;37,80;3,50;100;-1,50;-2,10;
2026-07-16 01:22:00.0;OFF;ON;50;-32,90;1,10;-1,40;2,90;94,80;99,20;31,50;3,50;100;-1,50;-2,10;
2026-07-16 01:23:00.0;OFF;ON;50;-33,60;1,10;-1,40;2,90;94,80;99,20;32,20;3,50;100;-1,50;-2,10;
2026-07-16 01:24:00.0;OFF;ON;50;-28,50;1,10;-1,40;2,90;94,80;99,20;27,10;3,50;100;-1,50;-2,10;
2026-07-16 01:25:00.0;OFF;ON;50;-28,50;1,10;-1,40;2,90;94,80;99,20;27,20;3,50;100;-1,50;-2,10;
2026-07-16 01:26:00.0;OFF;ON;50;-29,90;1,10;-1,40;2,80;94,80;99,20;28,50;3,50;100;-1,50;-2,10;
2026-07-16 01:27:00.0;OFF;ON;50;-26,60;1,10;-1,40;2,80;94,80;99,20;25,20;3,50;100;-1,50;-2,10;
2026-07-16 01:28:00.0;OFF;ON;50;-33,90;1,10;-1,40;2,80;94,80;99,20;32,50;3,50;100;-1,50;-2,10;
2026-07-16 01:29:00.0;OFF;ON;50;-34,60;1,10;-1,40;2,80;94,80;99,20;33,20;3,50;100;-1,50;-2,10;
2026-07-16 01:30:00.0;OFF;ON;50;-38,50;1,10;-1,40;2,80;94,80;99,20;37,10;3,50;100;-1,50;-2,10;
2026-07-16 01:31:00.0;OFF;ON;50;-34,40;1,10;-1,40;2,70;94,90;99,20;33;3,50;100;-1,50;-2,10;
2026-07-16 01:32:00.0;OFF;ON;50;-32,10;1,10;-1,40;2,70;94,80;99,20;30,70;3,50;100;-1,50;-2,10;
2026-07-16 01:33:00.0;OFF;ON;50;-30,90;1,10;-1,40;2,70;94,80;99,20;29,40;3,50;100;-1,50;-2,10;
2026-07-16 01:34:00.0;OFF;ON;50;-31,20;1,10;-1,40;2,70;94,80;99,20;29,80;3,50;100;-1,50;-2,10;
2026-07-16 01:35:00.0;OFF;ON;50;-29,50;1,10;-1,40;2,70;94,80;99,20;28,10;3,50;100;-1,50;-2,10;
2026-07-16 01:36:00.0;OFF;ON;50;-33;1,10;-1,40;2,70;94,80;99,20;31,60;3,50;100;-1,50;-2,10;
2026-07-16 01:37:00.0;OFF;ON;50;-28;1,10;-1,40;2,70;94,80;99,20;26,60;3,50;100;-1,50;-2,10;
2026-07-16 01:38:00.0;OFF;ON;50;-19,70;1,10;-1,40;2,60;94,80;99,20;18,30;3,50;100;-1,60;-2,10;
2026-07-16 01:39:00.0;OFF;ON;50;-29,20;1,10;-1,40;2,60;94,80;99,20;27,70;3,50;100;-1,50;-2,10;
2026-07-16 01:40:00.0;OFF;ON;50;-36,90;1,10;-1,40;2,60;94,80;99,20;35,40;3,50;100;-1,50;-2,10;
2026-07-16 01:41:00.0;OFF;ON;50;-29,10;1,10;-1,40;2,60;94,80;99,20;27,70;3,50;100;-1,50;-2,10;
2026-07-16 01:42:00.0;OFF;ON;50;-27,60;1,10;-1,40;2,60;94,90;99,20;26,20;3,50;100;-1,50;-2,10;
2026-07-16 01:43:00.0;OFF;ON;50;-29,20;1,10;-1,40;2,60;94,90;99,20;27,70;3,50;100;-1,50;-2,10;
2026-07-16 01:44:00.0;OFF;ON;50;-26,20;1,10;-1,40;2,50;94,80;99,20;24,80;3,50;100;-1,50;-2,10;
2026-07-16 01:45:00.0;OFF;ON;50;-28,40;1,10;-1,40;2,50;94,80;99,20;27;3,50;100;-1,50;-2,10;
2026-07-16 01:46:00.0;OFF;ON;50;-27,40;1,10;-1,40;2,50;94,80;99,20;26;3,50;100;-1,50;-2,10;
2026-07-16 01:47:00.0;OFF;ON;50;-29;1,10;-1,40;2,50;94,80;99,20;27,60;3,50;100;-1,50;-2,10;
2026-07-16 01:48:00.0;OFF;ON;50;-33,40;1,10;-1,40;2,50;94,80;99,20;32;3,50;100;-1,50;-2,10;
2026-07-16 01:49:00.0;OFF;ON;50;-33,10;1,10;-1,40;2,50;94,80;99,20;31,70;3,50;100;-1,50;-2,10;
2026-07-16 01:50:00.0;OFF;ON;50;-34,50;1,10;-1,40;2,40;94,80;99,20;33,10;3,50;100;-1,50;-2,10;
2026-07-16 01:51:00.0;OFF;ON;50;-32,60;1,10;-1,40;2,40;94,80;99,20;31,10;3,50;100;-1,50;-2,10;
2026-07-16 01:52:00.0;OFF;ON;50;-32,10;1,10;-1,40;2,40;94,80;99,20;30,70;3,50;100;-1,50;-2,10;
2026-07-16 01:53:00.0;OFF;ON;50;-34,40;1,10;-1,40;2,40;94,80;99,20;33;3,50;100;-1,50;-2,10;
2026-07-16 01:54:00.0;OFF;ON;50;-30,40;1,10;-1,40;2,40;94,80;99,20;28,90;3,50;100;-1,50;-2,10;
2026-07-16 01:55:00.0;OFF;ON;50;-32;1,10;-1,40;2,40;94,80;99,20;30,50;3,50;100;-1,50;-2,10;
2026-07-16 01:56:00.0;OFF;ON;50;-32,70;1;-1,40;2,30;94,80;99,20;31,20;3,50;100;-1,60;-2,10;
2026-07-16 01:57:00.0;OFF;ON;50;-32,90;1;-1,50;2,30;94,80;99,20;31,50;3,50;100;-1,50;-2,10;
2026-07-16 01:58:00.0;OFF;ON;50;-33,70;1;-1,50;2,30;94,80;99,20;32,20;3,50;100;-1,60;-2,10;
2026-07-16 01:59:00.0;OFF;ON;50;-33,40;1;-1,50;2,30;94,80;99,20;32;3,50;100;-1,60;-2,10;
2026-07-16 02:00:00.0;OFF;ON;50;-32,30;1;-1,50;2,30;94,80;99,20;30,80;3,50;100;-1,60;-2,10;
2026-07-16 02:01:00.0;OFF;ON;50;-34,90;1;-1,50;2,30;94,90;99,20;33,40;3,50;100;-1,50;-2,10;
2026-07-16 02:02:00.0;OFF;ON;50;-31,50;1;-1,50;2,30;94,80;99,20;30;3,50;100;-1,60;-2,10;
2026-07-16 02:03:00.0;OFF;ON;50;-30,60;1;-1,50;2,20;94,80;99,20;29,20;3,50;100;-1,60;-2,10;
2026-07-16 02:04:00.0;OFF;ON;50;-30,20;1;-1,50;2,20;94,80;99,20;28,70;3,50;100;-1,60;-2,10;
2026-07-16 02:05:00.0;OFF;ON;50;-29;1;-1,50;2,20;94,80;99,20;27,50;3,50;100;-1,60;-2,10;
2026-07-16 02:06:00.0;OFF;ON;50;-32,30;1;-1,50;2,20;94,70;99,20;30,90;3,50;100;-1,60;-2,10;
2026-07-16 02:07:00.0;OFF;ON;50;-26,10;1;-1,50;2,20;94,80;99,20;24,70;3,50;100;-1,60;-2,10;
2026-07-16 02:08:00.0;OFF;ON;50;-29,70;1;-1,50;2,20;94,80;99,20;28,20;3,50;100;-1,50;-2,10;
2026-07-16 02:09:00.0;OFF;ON;50;-31,10;1;-1,50;2,20;94,80;99,20;29,60;3,50;100;-1,60;-2,10;
2026-07-16 02:10:00.0;OFF;ON;50;-34,90;1;-1,50;2,10;94,80;99,20;33,40;3,50;100;-1,60;-2,10;
2026-07-16 02:11:00.0;OFF;ON;50;-31,60;1;-1,50;2,10;94,80;99,20;30,20;3,50;100;-1,60;-2,10;
2026-07-16 02:12:00.0;OFF;ON;50;-35;1;-1,50;2,10;94,80;99,20;33,50;3,50;100;-1,60;-2,10;
2026-07-16 02:13:00.0;OFF;ON;50;-12,60;1;-1,50;2,10;94,80;99,20;11,10;3,50;100;-1,60;-2,10;
2026-07-16 02:14:00.0;OFF;ON;50;-33,30;1;-1,50;2,10;94,80;99,20;31,80;3,50;100;-1,60;-2,10;
2026-07-16 02:15:00.0;OFF;ON;50;-33,40;1;-1,50;2,10;94,80;99,20;31,90;3,50;100;-1,60;-2,10;
2026-07-16 02:16:00.0;OFF;ON;50;-35,50;1;-1,50;2;94,80;99,20;34;3,50;100;-1,60;-2,10;
2026-07-16 02:17:00.0;OFF;ON;50;-36,10;1;-1,50;2;94,90;99,20;34,60;3,50;100;-1,60;-2,10;
2026-07-16 02:18:00.0;OFF;ON;50;-29,80;1;-1,50;2;94,70;99,20;28,30;3,50;100;-1,60;-2,10;
2026-07-16 02:19:00.0;OFF;ON;50;-34,40;1;-1,50;2;94,80;99,20;32,90;3,50;100;-1,60;-2,10;
2026-07-16 02:20:00.0;OFF;ON;50;-37,60;1;-1,50;2;94,80;99,20;36,10;3,50;100;-1,60;-2,10;
2026-07-16 02:21:00.0;OFF;ON;50;-36;1;-1,50;2;94,90;99,20;34,50;3,50;100;-1,60;-2,10;
2026-07-16 02:22:00.0;OFF;ON;50;-37,40;1;-1,50;1,90;94,80;99,20;35,90;3,50;100;-1,60;-2,10;
2026-07-16 02:23:00.0;OFF;ON;50;-35,10;1;-1,50;1,90;94,80;99,20;33,60;3,50;100;-1,60;-2,10;
2026-07-16 02:24:00.0;OFF;ON;50;-37,10;1;-1,50;1,90;94,80;99,20;35,60;3,50;100;-1,60;-2,20;
2026-07-16 02:25:00.0;OFF;ON;50;-34,60;1;-1,50;1,90;94,80;99,20;33,10;3,50;100;-1,60;-2,20;
2026-07-16 02:26:00.0;OFF;ON;50;-40;1;-1,50;1,90;94,70;99,20;38,50;3,50;100;-1,60;-2,20;
2026-07-16 02:27:00.0;OFF;ON;50;-36;1;-1,50;1,90;94,70;99,20;34,50;3,50;100;-1,60;-2,10;
2026-07-16 02:28:00.0;OFF;ON;50;-36;1;-1,50;1,90;94,70;99,20;34,50;3,50;100;-1,60;-2,20;
2026-07-16 02:29:00.0;OFF;ON;50;-34,90;1;-1,50;1,80;94,70;99,20;33,40;3,50;100;-1,60;-2,20;
2026-07-16 02:30:00.0;OFF;ON;50;-39,70;1;-1,50;1,80;94,80;99,20;38,20;3,50;100;-1,60;-2,20;
2026-07-16 02:31:00.0;OFF;ON;50;-31,80;1;-1,50;1,80;94,80;99,20;30,30;3,50;100;-1,60;-2,10;
2026-07-16 02:32:00.0;OFF;ON;50;-32,70;1;-1,50;1,80;94,80;99,20;31,10;3,50;100;-1,60;-2,20;
2026-07-16 02:33:00.0;OFF;ON;50;-35,40;1;-1,50;1,80;94,80;99,20;33,90;3,50;100;-1,60;-2,20;
2026-07-16 02:34:00.0;OFF;ON;50;-33,30;1;-1,50;1,80;94,80;99;31,80;3,50;100;-1,60;-2,20;
2026-07-16 02:35:00.0;OFF;ON;50;-19,50;1,10;-1,50;1,80;94,90;99;18;3,50;100;-1,60;-2,20;
2026-07-16 02:36:00.0;OFF;ON;50;-6,80;1,10;-1,40;1,70;94,80;99;5,40;3,50;100;-1,60;-2,10;
2026-07-16 02:37:00.0;OFF;ON;50;-16,90;1,10;-1,40;1,70;94,90;99;15,50;3,50;100;-1,60;-2,10;
2026-07-16 02:38:00.0;OFF;ON;50;-12;1,10;-1,40;1,70;95;99;10,60;3,50;100;-1,60;-2,10;
2026-07-16 02:39:00.0;OFF;ON;50;-31,60;1,10;-1,40;1,70;95;99;30,20;3,50;100;-1,60;-2,10;
2026-07-16 02:40:00.0;OFF;ON;50;-21,30;1,10;-1,40;1,70;95;99;19,90;3,50;100;-1,60;-2,10;
2026-07-16 02:41:00.0;OFF;ON;50;-27,50;1;-1,40;1,70;95,10;99;26,10;3,50;100;-1,60;-2,10;
2026-07-16 02:42:00.0;OFF;ON;50;-24,20;1,10;-1,50;1;95;97,70;22,70;3,50;100;-1,60;-2,10;
2026-07-16 02:43:00.0;OFF;ON;50;-17,10;1,10;-1,40;1;95;98,40;15,60;3,50;100;-1,60;-2,10;
2026-07-16 02:44:00.0;OFF;ON;50;-27,10;1,10;-1,40;0,90;95;98,60;25,70;3,50;100;-1,60;-2,10;
2026-07-16 02:45:00.0;OFF;ON;50;-27,50;1,10;-1,40;0,90;95;98,70;26,10;3,50;100;-1,60;-2,10;
2026-07-16 02:46:00.0;OFF;ON;50;-40;1,10;-1,40;0,80;95;98,60;38,60;3,50;100;-1,60;-2,10;
2026-07-16 02:47:00.0;OFF;ON;50;-40;1,10;-1,40;0,80;95;98,70;38,60;3,50;100;-1,60;-2,10;
2026-07-16 02:48:00.0;OFF;ON;50;-36,40;1;-1,50;0,80;94,80;98,70;34,90;3,50;100;-1,60;-2,10;
2026-07-16 02:49:00.0;OFF;ON;50;-35,70;1;-1,50;0,80;94,80;98,70;34,20;3,50;100;-1,60;-2,10;
2026-07-16 02:50:00.0;OFF;ON;50;-40;1;-1,50;0,80;94,80;98,80;38,50;3,50;100;-1,60;-2,20;
2026-07-16 02:51:00.0;OFF;ON;50;-40;1;-1,50;0,70;94,60;98,80;38,50;3,50;100;-1,60;-2,20;
2026-07-16 02:52:00.0;OFF;ON;50;-39,90;1;-1,50;0,70;94,70;98,80;38,40;3,50;100;-1,60;-2,20;
2026-07-16 02:53:00.0;OFF;ON;50;-38,60;0,90;-1,50;0,70;94,70;98,80;37;3,50;100;-1,60;-2,20;
2026-07-16 02:54:00.0;OFF;ON;50;-40;0,90;-1,60;0,70;94,60;98,80;38,40;3,50;100;-1,60;-2,20;
2026-07-16 02:55:00.0;OFF;ON;50;-36,40;0,90;-1,60;0,70;94,60;98,90;34,80;3,50;100;-1,60;-2,20;
2026-07-16 02:56:00.0;OFF;ON;50;-39,10;0,90;-1,60;0,70;94,60;98,90;37,50;3,50;100;-1,70;-2,20;
2026-07-16 02:57:00.0;OFF;ON;50;-39;0,90;-1,60;0,60;94,60;98,90;37,40;3,50;100;-1,70;-2,20;
2026-07-16 02:58:00.0;OFF;ON;50;-40;0,90;-1,60;0,60;94,60;98,90;38,40;3,50;100;-1,70;-2,20;
2026-07-16 02:59:00.0;OFF;ON;50;-32,90;0,90;-1,60;0,60;94,60;98,90;31,30;3,50;100;-1,70;-2,30;
2026-07-16 03:00:00.0;OFF;ON;50;-36,90;0,90;-1,60;0,60;94,60;98,90;35,30;3,50;100;-1,70;-2,30;
2026-07-16 03:01:00.0;OFF;ON;50;-36,20;0,90;-1,60;0,60;94,60;98,90;34,60;3,50;100;-1,70;-2,30;
2026-07-16 03:02:00.0;OFF;ON;50;-35;0,90;-1,60;0,60;94,60;98,90;33,40;3,50;100;-1,70;-2,30;
2026-07-16 03:03:00.0;OFF;ON;50;-28,90;0,90;-1,60;0,50;94,60;98,90;27,30;3,50;100;-1,70;-2,30;
2026-07-16 03:04:00.0;OFF;ON;50;-25,20;0,90;-1,60;0,50;94,60;98,90;23,60;3,50;100;-1,70;-2,30;
2026-07-16 03:05:00.0;OFF;ON;50;-28,70;0,90;-1,60;0,50;94,60;98,90;27,10;3,50;100;-1,70;-2,30;
2026-07-16 03:06:00.0;OFF;ON;50;-33,70;0,90;-1,60;0,50;94,60;98,90;32;3,50;100;-1,70;-2,30;
2026-07-16 03:07:00.0;OFF;ON;50;-36,30;0,90;-1,60;0,50;94,60;98,90;34,70;3,50;100;-1,70;-2,30;
2026-07-16 03:08:00.0;OFF;ON;50;-39,50;0,90;-1,60;0,50;94,60;98,90;37,90;3,50;100;-1,70;-2,30;
2026-07-16 03:09:00.0;OFF;ON;50;-34,70;0,90;-1,60;0,50;94,60;98,90;33;3,50;100;-1,70;-2,30;
2026-07-16 03:10:00.0;OFF;ON;50;-34,40;0,90;-1,60;0,40;94,60;98,80;32,80;3,50;100;-1,70;-2,30;
2026-07-16 03:11:00.0;OFF;ON;50;-30,30;1;-1,60;0,40;94,70;98,70;28,70;3,50;100;-1,70;-2,30;
2026-07-16 03:12:00.0;OFF;ON;50;-35,90;1;-1,50;0,40;94,80;98,70;34,40;3,50;100;-1,70;-2,30;
2026-07-16 03:13:00.0;OFF;ON;50;-35,80;1;-1,50;0,40;94,80;98,70;34,30;3,50;100;-1,70;-2,30;
2026-07-16 03:14:00.0;OFF;ON;50;-38,20;1;-1,50;0,40;94,90;98,50;36,70;3,50;100;-1,60;-2,20;
2026-07-16 03:15:00.0;OFF;ON;50;-36,30;1;-1,50;0,40;95;98,50;34,80;3,50;100;-1,60;-2,20;
2026-07-16 03:16:00.0;OFF;ON;50;-39,50;1;-1,50;0,40;94,90;98,50;38,10;3,50;100;-1,60;-2,20;
2026-07-16 03:17:00.0;OFF;ON;50;-38,20;1;-1,50;0,40;95;98,50;36,70;3,50;100;-1,60;-2,20;
2026-07-16 03:18:00.0;OFF;ON;50;-37,90;1;-1,50;0,30;95,10;98,30;36,50;3,50;100;-1,60;-2,20;
2026-07-16 03:19:00.0;OFF;ON;50;-38,50;1;-1,50;0,30;95;98,40;37;3,50;100;-1,60;-2,20;
2026-07-16 03:20:00.0;OFF;ON;50;-39,80;1;-1,50;0,30;95;98,40;38,30;3,50;100;-1,60;-2,20;
2026-07-16 03:21:00.0;OFF;ON;50;-39,40;1;-1,50;0,30;94,90;98,50;37,90;3,50;100;-1,60;-2,20;
2026-07-16 03:22:00.0;OFF;ON;50;-36;1;-1,50;0,30;94,80;98,50;34,50;3,50;100;-1,60;-2,20;
2026-07-16 03:23:00.0;OFF;ON;50;-32,20;1;-1,50;0,30;94,80;98,40;30,70;3,50;100;-1,60;-2,10;
2026-07-16 03:24:00.0;OFF;ON;50;-34,30;1;-1,50;0,30;94,80;98,50;32,90;3,50;100;-1,60;-2,20;
2026-07-16 03:25:00.0;OFF;ON;50;-36,50;1;-1,50;0,20;94,80;98,50;35,10;3,50;100;-1,70;-2,20;
2026-07-16 03:26:00.0;OFF;ON;50;-37;1;-1,50;0,20;94,90;98,50;35,50;3,50;100;-1,70;-2,20;
2026-07-16 03:27:00.0;OFF;ON;50;-34,50;1;-1,50;0,20;94,80;98,40;33;3,50;100;-1,70;-2,20;
2026-07-16 03:28:00.0;OFF;ON;50;-35,30;1;-1,50;0,20;94,80;98,40;33,80;3,50;100;-1,70;-2,20;
2026-07-16 03:29:00.0;OFF;ON;50;-35,30;1;-1,50;0,20;94,60;98,40;33,80;3,50;100;-1,70;-2,20;
2026-07-16 03:30:00.0;OFF;ON;50;-36,60;1;-1,50;0,20;94,60;98,30;35,10;3,50;100;-1,70;-2,20;
2026-07-16 03:31:00.0;OFF;ON;50;-31,20;1;-1,50;0,10;94,60;98,40;29,70;3,50;100;-1,70;-2,20;
2026-07-16 03:32:00.0;OFF;ON;50;-28,20;1;-1,50;0,10;94,60;98,40;26,60;3,50;100;-1,70;-2,20;
2026-07-16 03:33:00.0;OFF;ON;50;-31,90;1;-1,50;0,10;94,60;98,60;30,40;3,50;100;-1,70;-2,20;
2026-07-16 03:34:00.0;OFF;ON;50;-36,70;1;-1,50;0,10;94,60;98,50;35,20;3,50;100;-1,70;-2,20;
2026-07-16 03:35:00.0;OFF;ON;50;-32,60;1;-1,50;0,10;94,40;98,50;31;3,50;100;-1,70;-2,20;
2026-07-16 03:36:00.0;OFF;ON;50;-37,10;0,90;-1,50;0,10;94,60;98,60;35,50;3,50;100;-1,70;-2,20;
2026-07-16 03:37:00.0;OFF;ON;50;-33,10;0,90;-1,60;0,10;94,60;98,80;31,50;3,50;100;-1,70;-2,20;
2026-07-16 03:38:00.0;OFF;ON;50;-32,90;0,90;-1,60;0;94,50;98,70;31,30;3,50;100;-1,70;-2,20;
2026-07-16 03:39:00.0;OFF;ON;50;-31,70;0,90;-1,60;0;94,50;98,70;30,10;3,50;100;-1,70;-2,20;
2026-07-16 03:40:00.0;OFF;ON;50;-32;0,90;-1,60;0;94,50;98,70;30,40;3,50;100;-1,70;-2,20;
2026-07-16 03:41:00.0;OFF;ON;50;-32,40;0,90;-1,60;0;94,50;98,70;30,80;3,50;100;-1,70;-2,20;
2026-07-16 03:42:00.0;OFF;ON;50;-28,30;0,90;-1,60;-1,20;94,50;98,60;26,70;3,50;100;-1,70;-2,20;
2026-07-16 03:43:00.0;OFF;ON;50;-29,90;0,90;-1,60;-1,30;94,50;98,60;28,30;3,50;100;-1,70;-2,20;
2026-07-16 03:44:00.0;OFF;ON;50;-29,50;0,90;-1,60;-1,40;94,50;0,20;27,90;3,50;100;-1,70;-2,20;
2026-07-16 03:45:00.0;OFF;ON;50;-30,30;0,90;-1,60;-1,40;94,50;0,20;28,70;3,50;100;-1,70;-2,20;
2026-07-16 03:46:00.0;OFF;ON;50;-30,60;0,90;-1,60;-1,40;94,50;0,20;29;3,50;100;-1,70;-2,20;
2026-07-16 03:47:00.0;OFF;ON;50;-31,60;0,90;-1,60;-1,40;94,40;0,20;30;3,50;100;-1,70;-2,20;
2026-07-16 03:48:00.0;OFF;ON;50;-28,80;0,90;-1,60;-1,40;94,40;0,20;27,10;3,50;100;-1,70;-2,20;
2026-07-16 03:49:00.0;OFF;ON;50;-30,40;0,80;-1,60;-1,50;94,30;0,20;28,80;3,50;100;-1,70;-2,20;
2026-07-16 03:50:00.0;OFF;ON;50;-28,50;0,80;-1,70;-1,50;94,20;0,20;26,80;3,50;100;-1,80;-2,30;
2026-07-16 03:51:00.0;OFF;ON;50;-28,10;0,80;-1,70;-1,50;94,20;0,20;26,40;3,50;100;-1,80;-2,30;
2026-07-16 03:52:00.0;OFF;ON;50;-30,80;0,80;-1,70;-1,50;94,10;0,20;29,10;3,50;100;-1,80;-2,30;
2026-07-16 03:53:00.0;OFF;ON;50;-33,10;0,80;-1,70;-1,50;94;0,20;31,30;3,50;100;-1,80;-2,30;
2026-07-16 03:54:00.0;OFF;ON;50;-31,20;0,70;-1,70;-1,50;93,90;0,20;29,50;3,50;100;-1,80;-2,30;
2026-07-16 03:55:00.0;OFF;ON;50;-27,10;0,70;-1,80;-1,50;94;0,20;25,30;3,50;100;-1,80;-2,30;
2026-07-16 03:56:00.0;OFF;ON;50;-30,10;0,70;-1,80;-1,50;94;0,20;28,30;3,50;100;-1,80;-2,30;
2026-07-16 03:57:00.0;OFF;ON;50;-29,60;0,70;-1,80;-1,60;94,10;0,20;27,80;3,50;100;-1,80;-2,30;
2026-07-16 03:58:00.0;OFF;ON;50;-33,40;0,70;-1,80;-1,60;94,10;0,20;31,60;3,50;100;-1,80;-2,30;
2026-07-16 03:59:00.0;OFF;ON;50;-34;0,70;-1,80;-1,60;93,90;0,20;32,20;3,50;100;-1,80;-2,40;
2026-07-16 04:00:00.0;OFF;ON;50;-30,30;0,70;-1,80;-1,60;93,90;0,20;28,60;3,50;100;-1,80;-2,40;
2026-07-16 04:01:00.0;OFF;ON;50;-29,90;0,80;-1,80;-1,60;94;0,20;28,20;3,50;100;-1,80;-2,40;
2026-07-16 04:02:00.0;OFF;ON;50;-37;0,80;-1,70;-1,60;94,30;0,20;35,30;3,50;100;-1,80;-2,40;
2026-07-16 04:03:00.0;OFF;ON;50;-33,20;0,80;-1,70;-1,60;94,30;0,20;31,50;3,50;100;-1,80;-2,30;
2026-07-16 04:04:00.0;OFF;ON;50;-36;0,80;-1,70;-1,60;94,30;0,20;34,30;3,50;100;-1,80;-2,30;
2026-07-16 04:05:00.0;OFF;ON;50;-34,10;0,80;-1,70;-1,60;94,30;0;32,40;3,50;100;-1,80;-2,30;
2026-07-16 04:06:00.0;OFF;ON;50;-34,30;0,80;-1,70;-1,60;94,30;0;32,60;3,50;100;-1,80;-2,30;
2026-07-16 04:07:00.0;OFF;ON;50;-32,80;0,80;-1,70;-1,60;94,30;0;31,10;3,50;100;-1,80;-2,30;
2026-07-16 04:08:00.0;OFF;ON;50;-30,70;0,70;-1,70;-1,60;94,30;0;29;3,50;100;-1,80;-2,30;
2026-07-16 04:09:00.0;OFF;ON;50;-30,10;0,70;-1,80;-1,70;94,30;0;28,30;3,50;100;-1,80;-2,30;
2026-07-16 04:10:00.0;OFF;ON;50;-27,70;0,70;-1,80;-1,70;94,30;0;25,90;3,50;100;-1,80;-2,30;
2026-07-16 04:11:00.0;OFF;ON;50;-28,50;0,70;-1,80;-1,70;94,20;0;26,80;3,50;100;-1,80;-2,30;
2026-07-16 04:12:00.0;OFF;ON;50;-30,30;0,70;-1,80;-1,70;94,20;0;28,50;3,50;100;-1,80;-2,30;
2026-07-16 04:13:00.0;OFF;ON;50;-28,30;0,70;-1,80;-1,70;94,30;0;26,50;3,50;100;-1,80;-2,30;
2026-07-16 04:14:00.0;OFF;ON;50;-32,40;0,70;-1,80;-1,70;94,20;0;30,60;3,50;100;-1,80;-2,30;
2026-07-16 04:15:00.0;OFF;ON;50;-26,60;0,70;-1,80;-1,70;94,10;0;24,80;3,50;100;-1,80;-2,30;
2026-07-16 04:16:00.0;OFF;ON;50;-27,40;0,70;-1,80;-1,70;94,30;0;25,60;3,50;100;-1,80;-2,30;
2026-07-16 04:17:00.0;OFF;ON;50;-30,30;0,70;-1,80;-1,70;94,20;0;28,50;3,50;100;-1,80;-2,30;
2026-07-16 04:18:00.0;OFF;ON;50;-26;0,70;-1,80;-1,70;94,20;0;24,20;3,50;100;-1,80;-2,30;
2026-07-16 04:19:00.0;OFF;ON;50;-27,20;0,70;-1,80;-1,70;94,20;0;25,40;3,50;100;-1,80;-2,30;
2026-07-16 04:20:00.0;OFF;ON;50;-27,80;0,70;-1,80;-1,80;94,30;0;26;3,50;100;-1,80;-2,30;
2026-07-16 04:21:00.0;OFF;ON;50;-29,10;0,70;-1,80;-1,80;94,20;0;27,30;3,50;100;-1,80;-2,30;
2026-07-16 04:22:00.0;OFF;ON;50;-29,10;0,70;-1,80;-1,80;94,30;0;27,30;3,50;100;-1,80;-2,30;
2026-07-16 04:23:00.0;OFF;ON;50;-31,40;0,80;-1,80;-1,80;94,30;0;29,60;3,50;100;-1,80;-2,30;
2026-07-16 04:24:00.0;OFF;ON;50;-33,80;0,80;-1,70;-1,80;94,20;0;32,10;3,50;100;-1,80;-2,30;
2026-07-16 04:25:00.0;OFF;ON;50;-31,20;0,80;-1,70;-1,80;94,30;0;29,50;3,50;100;-1,80;-2,30;
2026-07-16 04:26:00.0;OFF;ON;50;-27,50;0,80;-1,70;-1,80;94,30;0;25,80;3,50;100;-1,80;-2,30;
2026-07-16 04:27:00.0;OFF;ON;50;-25,60;0,80;-1,70;-1,80;94,20;0;23,90;3,50;100;-1,80;-2,30;
2026-07-16 04:28:00.0;OFF;ON;50;-29,10;0,80;-1,70;-1,80;94,30;0;27,40;3,50;100;-1,80;-2,30;
2026-07-16 04:29:00.0;OFF;ON;50;-28,70;0,80;-1,70;-1,80;94,20;0;27;3,50;100;-1,80;-2,30;
2026-07-16 04:30:00.0;OFF;ON;50;-29,60;0,80;-1,70;-1,80;94,20;0;27,90;3,50;100;-1,80;-2,30;
2026-07-16 04:31:00.0;OFF;ON;50;-28,50;0,80;-1,70;-1,80;94,10;0;26,80;3,50;100;-1,80;-2,30;
2026-07-16 04:32:00.0;OFF;ON;50;-30,70;0,80;-1,70;-1,80;93,90;0;29;3,50;100;-1,70;-2,20;
2026-07-16 04:33:00.0;OFF;ON;50;-30,60;0,80;-1,70;-1,90;93,80;0;28,90;3,50;100;-1,70;-2,20;
2026-07-16 04:34:00.0;OFF;ON;50;-28,60;0,80;-1,70;-1,90;93,80;0;26,90;3,50;100;-1,80;-2,20;
2026-07-16 04:35:00.0;OFF;ON;50;-33,90;0,70;-1,70;-1,90;93,80;0;32,10;3,50;100;-1,70;-2,20;
2026-07-16 04:36:00.0;OFF;ON;50;-33,90;0,70;-1,80;-1,90;93,80;0;32,10;3,50;100;-1,80;-2,30;
2026-07-16 04:37:00.0;OFF;ON;50;-33,70;0,70;-1,80;-1,90;93,70;0;31,90;3,50;100;-1,80;-2,30;
2026-07-16 04:38:00.0;OFF;ON;50;-32,10;0,70;-1,80;-1,90;93,60;0;30,30;3,50;100;-1,80;-2,30;
2026-07-16 04:39:00.0;OFF;ON;50;-30,20;0,70;-1,80;-1,90;93,60;0;28,40;3,50;100;-1,80;-2,30;
2026-07-16 04:40:00.0;OFF;ON;50;-31,10;0,70;-1,80;-1,90;93,50;0;29,30;3,50;100;-1,80;-2,30;
2026-07-16 04:41:00.0;OFF;ON;50;-31;0,70;-1,80;-1,90;93,50;0;29,10;3,50;100;-1,80;-2,30;
2026-07-16 04:42:00.0;OFF;ON;50;-28,20;0,70;-1,80;-1,90;93,60;0;26,40;3,50;100;-1,80;-2,30;
2026-07-16 04:43:00.0;OFF;ON;50;-32;0,70;-1,80;-1,90;93,70;0;30,20;3,50;100;-1,80;-2,30;
2026-07-16 04:44:00.0;OFF;ON;50;-26,80;0,60;-1,90;-1,90;93,40;0;25;3,50;100;-1,80;-2,40;
2026-07-16 04:45:00.0;OFF;ON;50;-24,10;0,60;-1,90;-2;93,40;0;22,20;3,50;100;-1,80;-2,40;
2026-07-16 04:46:00.0;OFF;ON;50;-28,50;0,60;-1,90;-2;93,40;0;26,50;3,50;100;-1,90;-2,40;
2026-07-16 04:47:00.0;OFF;ON;50;-24,50;0,60;-1,90;-2;93,40;0;26,50;3,50;100;-1,80;-2,40;
2026-07-16 04:48:00.0;OFF;ON;50;-31,80;0,60;-1,90;-2;93,40;0;29,80;3,50;100;-1,80;-2,40;
2026-07-16 04:49:00.0;OFF;ON;50;-30,80;0,60;-1,90;-2;93,40;0;28,90;3,50;100;-1,80;-2,40;
2026-07-16 04:50:00.0;OFF;ON;50;-30,90;0,60;-1,90;-2;93,50;0;29;3,50;100;-1,80;-2,40;
2026-07-16 04:51:00.0;OFF;ON;50;-30,70;0,60;-1,90;-2;93,50;0;28,80;3,50;100;-1,80;-2,40;
2026-07-16 04:52:00.0;OFF;ON;50;-29,10;0,60;-1,90;-2;93,50;0;27,10;3,50;100;-1,80;-2,40;
2026-07-16 04:53:00.0;OFF;ON;50;-29,70;0,60;-1,90;-2;93,70;0;27,80;3,50;100;-1,80;-2,30;
2026-07-16 04:54:00.0;OFF;ON;50;-30,30;0,60;-1,90;-2;93,70;0;28,40;3,50;100;-1,80;-2,30;
2026-07-16 04:55:00.0;OFF;ON;50;-32,10;0,60;-1,90;-2;93,70;0;30,20;3,50;100;-1,80;-2,30;
2026-07-16 04:56:00.0;OFF;ON;50;-30,20;0,60;-1,90;-2;93,70;0;28,30;3,50;100;-1,80;-2,30;
2026-07-16 04:57:00.0;OFF;ON;50;-29,80;0,60;-1,90;-2;93,80;0;27,90;3,50;100;-1,80;-2,30;
2026-07-16 04:58:00.0;OFF;ON;50;-36,30;0,60;-1,90;-2,10;93,80;0;34,40;3,50;100;-1,80;-2,30;
2026-07-16 04:59:00.0;OFF;ON;50;-35,70;0,60;-1,90;-2,10;93,90;0;33,90;3,50;100;-1,80;-2,30;
2026-07-16 05:00:00.0;OFF;ON;50;-34,60;0,60;-1,90;-2,10;93,80;0;32,70;3,50;100;-1,80;-2,30;
2026-07-16 05:01:00.0;OFF;ON;50;-38,40;0,60;-1,90;-2,10;93,80;0;36,50;3,50;100;-1,80;-2,30;
2026-07-16 05:02:00.0;OFF;ON;50;-36,50;0,60;-1,90;-2,10;93,90;0;34,60;3,50;100;-1,80;-2,30;
2026-07-16 05:03:00.0;OFF;ON;50;-37,70;0,60;-1,90;-2,10;93,90;0;35,80;3,50;100;-1,80;-2,30;
2026-07-16 05:04:00.0;OFF;ON;50;-34,90;0,60;-1,90;-2,10;93,90;0;33;3,50;100;-1,80;-2,30;
2026-07-16 05:05:00.0;OFF;ON;50;-28,70;0,60;-1,90;-2,10;93,90;0;26,80;3,50;100;-1,80;-2,30;
2026-07-16 05:06:00.0;OFF;ON;50;-28,70;0,60;-1,90;-2,10;93,90;0;26,80;3,50;100;-1,80;-2,30;
2026-07-16 05:07:00.0;OFF;ON;50;-35,90;0,60;-1,90;-2,10;93,90;0;34;3,50;100;-1,80;-2,30;
2026-07-16 05:08:00.0;OFF;ON;50;-32,40;0,60;-1,90;-2,10;93,90;0;30,60;3,50;100;-1,80;-2,30;
2026-07-16 05:09:00.0;OFF;ON;50;-29,30;0,60;-1,90;-2,10;93,90;0;27,40;3,50;100;-1,80;-2,30;
2026-07-16 05:10:00.0;OFF;ON;50;-32;0,60;-1,90;-2,20;93,90;0;30,10;3,50;100;-1,80;-2,30;
2026-07-16 05:11:00.0;OFF;ON;50;-36,50;0,60;-1,90;-2,20;93,90;0;34,60;3,50;100;-1,80;-2,30;
2026-07-16 05:12:00.0;OFF;ON;50;-36,30;0,60;-1,90;-2,20;94;0;34,40;3,50;100;-1,80;-2,30;
2026-07-16 05:13:00.0;OFF;ON;50;-39,40;0,60;-1,90;-2,20;94;0;37,50;3,50;100;-1,80;-2,30;
2026-07-16 05:14:00.0;OFF;ON;50;-38,60;0,60;-1,90;-2,20;94;0;36,70;3,50;100;-1,80;-2,30;
2026-07-16 05:15:00.0;OFF;ON;50;-34,80;0,60;-1,90;-2,20;94;0;32,90;3,50;100;-1,80;-2,30;
2026-07-16 05:16:00.0;OFF;ON;50;-37,70;0,60;-1,90;-2,20;93,90;0;35,80;3,50;100;-1,80;-2,30;
2026-07-16 05:17:00.0;OFF;ON;50;-34,30;0,60;-1,90;-2,20;94;0;32,40;3,50;100;-1,80;-2,30;
2026-07-16 05:18:00.0;OFF;ON;50;-36;0,60;-1,90;-2,20;94;0;34,10;3,50;100;-1,80;-2,30;
2026-07-16 05:19:00.0;OFF;ON;50;-34,90;0,60;-1,90;-2,20;94;0;33;3,50;100;-1,80;-2,30;
2026-07-16 05:20:00.0;OFF;ON;50;-34,30;0,60;-1,90;-2,20;93,90;0;32,40;3,50;100;-1,80;-2,30;
2026-07-16 05:21:00.0;OFF;ON;50;-37,50;0,60;-1,90;-2,20;93,90;0;35,60;3,50;100;-1,80;-2,30;
2026-07-16 05:22:00.0;OFF;ON;50;-33,60;0,60;-1,90;-2,20;93,90;0;31,70;3,50;100;-1,80;-2,30;
2026-07-16 05:23:00.0;OFF;ON;50;-30,70;0,60;-1,90;-2,30;93,90;0;28,80;3,50;100;-1,80;-2,30;
2026-07-16 05:24:00.0;OFF;ON;50;-31,60;0,60;-1,90;-2,30;93,90;0;29,70;3,50;100;-1,80;-2,30;
2026-07-16 05:25:00.0;OFF;ON;50;-30,40;0,60;-1,90;-2,30;93,90;0;28,50;3,50;100;-1,80;-2,30;
2026-07-16 05:26:00.0;OFF;ON;50;-33,10;0,60;-1,90;-2,30;93,90;0;31,20;3,50;100;-1,80;-2,30;
2026-07-16 05:27:00.0;OFF;ON;50;-35,10;0,60;-1,90;-2,30;93,90;0;33,20;3,50;100;-1,80;-2,30;
2026-07-16 05:28:00.0;OFF;ON;50;-35,50;0,60;-1,90;-2,30;93,90;0;33,60;3,50;100;-1,80;-2,30;
2026-07-16 05:29:00.0;OFF;ON;50;-36;0,60;-1,90;-2,30;93,90;0;34,10;3,50;100;-1,80;-2,30;
2026-07-16 05:30:00.0;OFF;ON;50;-35,40;0,60;-1,90;-2,30;93,90;0;33,50;3,50;100;-1,80;-2,30;
2026-07-16 05:31:00.0;OFF;ON;50;-40;0,60;-1,90;-2,30;93,90;0;38,10;3,50;100;-1,80;-2,30;
2026-07-16 05:32:00.0;OFF;ON;50;-35,70;0,60;-1,90;-2,30;93,90;0;33,80;3,50;100;-1,80;-2,30;
2026-07-16 05:33:00.0;OFF;ON;50;-32,10;0,60;-1,90;-2,30;93,90;0;30,20;3,50;100;-1,80;-2,30;
2026-07-16 05:34:00.0;OFF;ON;50;-32,70;0,60;-1,90;-2,30;93,90;0;30,80;3,50;100;-1,80;-2,30;
2026-07-16 05:35:00.0;OFF;ON;50;-27,80;0,60;-1,90;-2,30;93,90;0;25,90;3,50;100;-1,80;-2,30;
2026-07-16 05:36:00.0;OFF;ON;50;-32,80;0,60;-1,90;-2,40;93,90;0;30,90;3,50;100;-1,80;-2,30;
2026-07-16 05:37:00.0;OFF;ON;50;-34,30;0,60;-1,90;-2,40;93,90;0;32,40;3,50;100;-1,80;-2,30;
2026-07-16 05:38:00.0;OFF;ON;50;-38,90;0,60;-1,90;-2,40;93,90;0;37;3,50;100;-1,80;-2,30;
2026-07-16 05:39:00.0;OFF;ON;50;-33,50;0,60;-1,90;-2,40;93,90;0;31,60;3,50;100;-1,80;-2,30;
2026-07-16 05:40:00.0;OFF;ON;50;-31,60;0,60;-1,90;-2,40;93,90;0;29,70;3,50;100;-1,80;-2,30;
2026-07-16 05:41:00.0;OFF;ON;50;-34,70;0,60;-1,90;-2,30;93,90;0;32,80;3,50;100;-1,80;-2,30;
2026-07-16 05:42:00.0;OFF;ON;50;-33,50;0,70;-1,80;-4,20;94,10;6,90;31,70;3,50;100;-1,80;-2,30;
2026-07-16 05:43:00.0;OFF;ON;50;-35,50;0,70;-1,80;-4,50;94,10;0;33,70;3,50;100;-1,80;-2,30;
2026-07-16 05:44:00.0;OFF;ON;50;-34,80;0,30;-1,80;-2,30;94,30;0;33;3,50;100;-1,80;-2,20;
2026-07-16 05:45:00.0;OFF;ON;50;-35;0,70;-1,80;-2,20;94,30;0;33,20;3,50;100;-1,80;-2,20;
2026-07-16 05:46:00.0;OFF;ON;50;-36,10;0,70;-1,80;-2,10;94,50;0;34,30;3,50;100;-1,80;-2,20;
2026-07-16 05:47:00.0;OFF;ON;50;-35;0,70;-1,80;-2,10;94,50;0;33,20;3,50;100;-1,70;-2,20;
2026-07-16 05:48:00.0;OFF;ON;50;-36,10;0,70;-1,80;-2,10;94,50;0;34,30;3,50;100;-1,70;-2,20;
2026-07-16 05:49:00.0;OFF;ON;50;-35,50;0,70;-1,80;-2,10;94,40;0;33,70;3,50;100;-1,70;-2,20;
2026-07-16 05:50:00.0;OFF;ON;50;-30,30;0,70;-1,80;-2,10;94,30;0;28,50;3,50;100;-1,80;-2,20;
2026-07-16 05:51:00.0;OFF;ON;50;-32,70;0,70;-1,80;-2,10;94,20;0;30,80;3,50;100;-1,80;-2,20;
2026-07-16 05:52:00.0;OFF;ON;50;-38,90;0,60;-1,90;-2,10;94,10;0;37;3,50;100;-1,80;-2,20;
2026-07-16 05:53:00.0;OFF;ON;50;-36,40;0,60;-1,90;-2,10;94;0;34,50;3,50;100;-1,80;-2,20;
2026-07-16 05:54:00.0;OFF;ON;50;-40;0,60;-1,90;-2,10;93,90;0;38,10;3,50;100;-1,80;-2,30;
2026-07-16 05:55:00.0;OFF;ON;50;-35,50;0,60;-1,90;-2,10;93,80;0;33,60;3,50;100;-1,80;-2,30;
2026-07-16 05:56:00.0;OFF;ON;50;-33,70;0,60;-1,90;-2,10;93,80;0;31,70;3,50;100;-1,80;-2,30;
2026-07-16 05:57:00.0;OFF;ON;50;-14,70;0,60;-1,90;-2,10;93,80;0;12,80;3,50;100;-1,80;-2,30;
2026-07-16 05:58:00.0;OFF;ON;50;-36,10;0,60;-1,90;-2,10;93,80;0;34,20;3,50;100;-1,80;-2,30;
2026-07-16 05:59:00.0;OFF;ON;50;-36,30;0,70;-1,80;-2,10;93,90;0;34,50;3,50;100;-1,80;-2,30;
2026-07-16 06:00:00.0;OFF;ON;50;-36,60;0,70;-1,80;-2,10;93,90;0;34,80;3,50;100;-1,80;-2,30;
2026-07-16 06:01:00.0;OFF;ON;50;-33,30;0,70;-1,80;-2,10;94;0;31,50;3,50;100;-1,80;-2,30;
2026-07-16 06:02:00.0;OFF;ON;50;-31,50;0,70;-1,80;-2,20;94;0;29,80;3,50;100;-1,80;-2,30;
2026-07-16 06:03:00.0;OFF;ON;50;-31,80;0,70;-1,80;-2,20;94,10;0;30;3,50;100;-1,80;-2,30;
2026-07-16 06:04:00.0;OFF;ON;50;-35;0,70;-1,80;-2,20;94;0;33,20;3,50;100;-1,80;-2,30;
2026-07-16 06:05:00.0;OFF;ON;50;-35,20;0,70;-1,80;-2,20;94;0;33,40;3,50;100;-1,80;-2,30;
2026-07-16 06:06:00.0;OFF;ON;50;-30,20;0,70;-1,80;-2,20;94,10;0;28,40;3,50;100;-1,80;-2,30;
2026-07-16 06:07:00.0;OFF;ON;50;-27,40;0,70;-1,80;-2,20;94,10;0;25,50;3,50;100;-1,80;-2,30;
2026-07-16 06:08:00.0;OFF;ON;50;-33;0,60;-1,90;-2,20;93,90;0;31,10;3,50;100;-1,80;-2,30;
2026-07-16 06:09:00.0;OFF;ON;50;-30,10;0,60;-1,90;-2,20;93,80;0;28,20;3,50;100;-1,80;-2,30;
2026-07-16 06:10:00.0;OFF;ON;50;-30,70;0,60;-1,90;-2,20;93,80;0;28,80;3,50;100;-1,80;-2,30;
2026-07-16 06:11:00.0;OFF;ON;50;-35;0,60;-1,90;-2,20;93,70;0;33,10;3,50;100;-1,80;-2,30;
2026-07-16 06:12:00.0;OFF;ON;50;-28,90;0,60;-1,90;-2,20;93,60;0;27;3,50;100;-1,80;-2,30;
2026-07-16 06:13:00.0;OFF;ON;50;-28,60;0,60;-1,90;-2,20;93,50;0;26,60;3,50;100;-1,80;-2,30;
2026-07-16 06:14:00.0;OFF;ON;50;-33;0,50;-2;-2,20;93,40;0;31;3,50;100;-1,80;-2,30;
2026-07-16 06:15:00.0;OFF;ON;50;-31,80;0,50;-2;-2,30;93,50;0;29,90;3,50;100;-1,80;-2,30;
2026-07-16 06:16:00.0;OFF;ON;50;-27,30;0,50;-2;-2,30;93,50;0;25,30;3,50;100;-1,80;-2,30;
2026-07-16 06:17:00.0;OFF;ON;50;-27,80;0,50;-2;-2,30;93,40;0;25,80;3,50;100;-1,90;-2,30;
2026-07-16 06:18:00.0;OFF;ON;50;-28,30;0,50;-2;-2,30;93,40;0;26,40;3,50;100;-1,80;-2,30;
2026-07-16 06:19:00.0;OFF;ON;50;-29;0,50;-2;-2,30;93,40;0;27;3,50;100;-1,80;-2,30;
2026-07-16 06:20:00.0;OFF;ON;50;-28,70;0,50;-2;-2,30;93,40;0;26,70;3,50;100;-1,80;-2,30;
2026-07-16 06:21:00.0;OFF;ON;50;-26,70;0,50;-2;-2,30;93,40;0;24,70;3,50;100;-1,80;-2,40;
2026-07-16 06:22:00.0;OFF;ON;50;-28,20;0,50;-2;-2,30;93,40;0;26,20;3,50;100;-1,90;-2,40;
2026-07-16 06:23:00.0;OFF;ON;50;-26,10;0,50;-2;-2,30;93,40;0;24,10;3,50;100;-1,90;-2,40;
2026-07-16 06:24:00.0;OFF;ON;50;-32,50;0,50;-2;-2,30;93,40;0;30,50;3,50;100;-1,90;-2,40;
2026-07-16 06:25:00.0;OFF;ON;50;-22,50;0,50;-2;-2,30;93,40;0;20,50;3,50;100;-1,90;-2,40;
2026-07-16 06:26:00.0;OFF;ON;50;-26,10;0,60;-2;-2,30;93,60;0;24,20;3,50;100;-1,80;-2,40;
2026-07-16 06:27:00.0;OFF;ON;50;-6,80;0,60;-1,90;-2,40;93,90;0;5;3,50;100;-1,80;-2,30;
2026-07-16 06:28:00.0;OFF;ON;50;-25,20;0,60;-1,90;-2,40;93,90;0;23,30;3,50;100;-1,80;-2,30;
2026-07-16 06:29:00.0;OFF;ON;50;-26,20;0,60;-1,90;-2,40;94;0;24,30;3,50;100;-1,80;-2,30;
2026-07-16 06:30:00.0;OFF;ON;50;-29;0,60;-1,90;-2,40;93,90;0;27,10;3,50;100;-1,80;-2,30;
2026-07-16 06:31:00.0;OFF;ON;50;-6,40;0,60;-1,90;-2,40;93,80;0;4,40;3,50;100;-1,80;-2,30;
2026-07-16 06:32:00.0;OFF;ON;50;-7,70;0,50;-2;-2,40;93,80;0;5,80;3,50;100;-1,80;-2,30;
2026-07-16 06:33:00.0;OFF;ON;50;-29;0,60;-2;-2,40;93,70;0;27,10;3,50;100;-1,80;-2,30;
2026-07-16 06:34:00.0;OFF;ON;50;-28,20;0,60;-1,90;-2,40;93,90;0;26,30;3,50;100;-1,80;-2,30;
2026-07-16 06:35:00.0;OFF;ON;50;-34;0,60;-1,90;-2,40;93,90;0;32,20;3,50;100;-1,80;-2,20;
2026-07-16 06:36:00.0;OFF;ON;50;-19,90;0,70;-1,80;-2,40;94,20;0;18,20;3,50;100;-1,80;-2,20;
2026-07-16 06:37:00.0;OFF;ON;50;-26,20;0,80;-1,80;-2,40;94,50;0;24,50;3,50;100;-1,70;-2,10;
2026-07-16 06:38:00.0;OFF;ON;50;-29,20;0,80;-1,70;-2,40;94,60;0;27,50;3,50;100;-1,70;-2;
2026-07-16 06:39:00.0;OFF;ON;50;-32,10;0,80;-1,70;-2,40;94,70;0;30,50;3,50;100;-1,70;-2;
2026-07-16 06:40:00.0;OFF;ON;50;-38,60;0,90;-1,60;-2,40;94,90;0;37;3,50;100;-1,70;-1,90;
2026-07-16 06:41:00.0;OFF;ON;50;-39,70;0,90;-1,60;-2,40;95;0;38,10;3,50;100;-1,70;-1,90;
2026-07-16 06:42:00.0;OFF;ON;50;-38,80;0,90;-1,60;-2,40;95,10;0;37,20;3,50;100;-1,60;-1,90;
2026-07-16 06:43:00.0;OFF;ON;50;-34,40;0,90;-1,60;-2,50;95,20;86,80;32,80;3,50;100;-1,60;-1,80;
2026-07-16 06:44:00.0;OFF;ON;50;-32,40;0,90;-1,60;-3,30;95,20;0,20;30,90;3,50;100;-1,60;-1,80;
2026-07-16 06:45:00.0;OFF;ON;50;-36,90;0,90;-1,60;-3,50;95,20;0;35,30;3,50;100;-1,60;-1,90;
2026-07-16 06:46:00.0;OFF;ON;50;-33,80;0,90;-1,60;-3,70;95,20;0;32,30;3,50;100;-1,60;-2;
2026-07-16 06:47:00.0;OFF;ON;50;-31,60;0,90;-1,60;-3,70;94,90;0;29,90;3,50;100;-1,70;-2,10;
2026-07-16 06:48:00.0;OFF;ON;50;-30,10;0,80;-1,60;-3,60;94,70;0;28,40;3,50;100;-1,70;-2,10;
2026-07-16 06:49:00.0;OFF;ON;50;-38,40;0,80;-1,70;-4,30;94,50;1,30;36,70;3,50;100;-1,70;-2,20;
2026-07-16 06:50:00.0;OFF;ON;50;-34,80;0,70;-1,70;-4,50;94,10;0;33;3,50;100;-1,80;-2,20;
2026-07-16 06:51:00.0;OFF;ON;50;-35,60;0,70;-1,80;-4,60;94;0;33,80;3,50;100;-1,80;-2,20;
2026-07-16 06:52:00.0;OFF;ON;50;-34,10;0,60;-1,90;-4,60;93,80;0;32,30;3,50;100;-1,80;-2,20;
2026-07-16 06:53:00.0;OFF;ON;50;-32,10;0,60;-1,90;-4,60;93,40;0;30,20;3,50;100;-1,80;-2,30;
2026-07-16 06:54:00.0;OFF;ON;50;-27,90;0,50;-2;-4,60;93,40;0;26;3,50;100;-1,80;-2,30;
2026-07-16 06:55:00.0;OFF;ON;50;-35,70;0,50;-2;-4,60;93,10;0;33,70;3,50;100;-1,80;-2,40;
2026-07-16 06:56:00.0;OFF;ON;50;-34,90;0,50;-2;-4,70;93;0;32,90;3,50;100;-1,90;-2,50;
2026-07-16 06:57:00.0;OFF;ON;50;-12,20;0,50;-2;-4,70;93;0;10,20;3,50;100;-1,90;-2,50;
2026-07-16 06:58:00.0;OFF;ON;50;-19,20;0,50;-2;-4,70;93,10;0;17,20;3,50;100;-1,90;-2,50;
2026-07-16 06:59:00.0;OFF;ON;50;-29,50;0,50;-2;-4,70;93,10;0;27,50;3,50;100;-2;-2,60;
2026-07-16 07:00:00.0;OFF;ON;50;-29,40;0,50;-2;-4,70;93,10;0;27,40;3,50;100;-2;-2,60;
2026-07-16 07:01:00.0;OFF;ON;50;-32,50;0,50;-2;-4,70;93,10;0;30,50;3,50;100;-2,10;-2,60;
2026-07-16 07:02:00.0;OFF;ON;50;-28,70;0,50;-2;-4,70;93;0;26,60;3,50;100;-2,10;-2,60;
2026-07-16 07:03:00.0;OFF;ON;50;-31,30;0,50;-2;-4,70;93;0;29,20;3,50;100;-2,10;-2,60;
2026-07-16 07:04:00.0;OFF;ON;50;-31;0,40;-2;-4,70;93;0;28,90;3,50;100;-2,10;-2,70;
2026-07-16 07:05:00.0;OFF;ON;50;-31,40;0,40;-2,10;-4,70;93;0;29,30;3,50;100;-2,10;-2,70;
2026-07-16 07:06:00.0;OFF;ON;50;-31,10;0,40;-2,10;-4,70;92,90;0;29;3,50;100;-2,10;-2,70;
2026-07-16 07:07:00.0;OFF;ON;50;-35,30;0,40;-2,10;-4,70;92,90;0;33,20;3,50;100;-2,20;-2,70;
2026-07-16 07:08:00.0;OFF;ON;50;-36,70;0,40;-2,10;-4,70;92,90;0;34,60;3,50;100;-2,20;-2,80;
2026-07-16 07:09:00.0;OFF;ON;50;-38,60;0,40;-2,10;-4,70;92,80;0;36,50;3,50;100;-2,20;-2,80;
2026-07-16 07:10:00.0;OFF;ON;50;-29;0,40;-2,10;-4,70;92,70;0;26,90;3,50;100;-2,20;-2,80;
2026-07-16 07:11:00.0;OFF;ON;50;-37,50;0,40;-2,10;-4,70;92,60;0;35,40;3,50;100;-2,20;-2,80;
2026-07-16 07:12:00.0;OFF;ON;50;-33;0,40;-2,10;-4,70;92,40;0;30,90;3,50;100;-2,20;-2,80;
2026-07-16 07:13:00.0;OFF;ON;50;-39,20;0,30;-2,20;-4,70;92,40;0;37;3,50;100;-2,20;-2,80;
2026-07-16 07:14:00.0;OFF;ON;50;-36,30;0,30;-2,20;-4,80;92,40;0;34,10;3,50;100;-2,20;-2,80;
2026-07-16 07:15:00.0;OFF;ON;50;-40;0,30;-2,20;-4,80;92,30;0;37,80;3,50;100;-2,30;-2,90;
2026-07-16 07:16:00.0;OFF;ON;50;-34,90;0,30;-2,20;-4,80;92,20;0;32,60;3,50;100;-2,30;-2,90;
2026-07-16 07:17:00.0;OFF;ON;50;-31,50;0,20;-2,30;-4,70;91,90;0;29,20;3,50;100;-2,30;-3;
2026-07-16 07:18:00.0;OFF;ON;50;-31;0,20;-2,30;-4,70;91,70;0;28,70;3,50;100;-2,40;-3;
2026-07-16 07:19:00.0;OFF;ON;50;-33,20;0,20;-2,30;-4,70;91,70;0;30,80;3,50;100;-2,40;-3,10;
2026-07-16 07:20:00.0;OFF;ON;50;-31,90;0,20;-2,30;-4,70;91,70;0;29,60;3,50;100;-2,40;-3,10;
2026-07-16 07:21:00.0;OFF;ON;50;-39,10;0,10;-2,30;-4,60;91,70;0;36,70;3,50;100;-2,50;-3,10;
2026-07-16 07:22:00.0;OFF;ON;50;-37,40;0,10;-2,40;-4,60;91,70;0;35;3,50;100;-2,40;-3,10;
2026-07-16 07:23:00.0;OFF;ON;50;-32;0,10;-2,40;-4,60;91,70;0;29,60;3,50;100;-2,40;-3,10;
2026-07-16 07:24:00.0;OFF;ON;50;-36,20;0,10;-2,40;-4,60;91,70;0;33,80;3,50;100;-2,50;-3,10;
2026-07-16 07:25:00.0;OFF;ON;50;-29,50;0,10;-2,40;-4,60;91,70;0;27,10;3,50;100;-2,50;-3,10;
2026-07-16 07:26:00.0;OFF;ON;50;-29,40;0,10;-2,40;-4,60;91,60;0;27;3,50;100;-2,50;-3,10;
2026-07-16 07:27:00.0;OFF;ON;50;-35,10;0,10;-2,40;-4,60;91,70;0;32,70;3,50;100;-2,50;-3,10;
2026-07-16 07:28:00.0;OFF;ON;50;-32,70;0,10;-2,40;-4,60;91,70;0;30,30;3,50;100;-2,50;-3,10;
2026-07-16 07:29:00.0;OFF;ON;50;-21,80;0,10;-2,40;-4,60;91,70;0;19,40;3,50;100;-2,50;-3,10;
2026-07-16 07:30:00.0;OFF;ON;50;-32,80;0,10;-2,40;-4,60;91,90;0;30,40;3,50;100;-2,60;-3,20;
2026-07-16 07:31:00.0;OFF;ON;50;-36,90;0,10;-2,40;-4,60;91,90;0;34,50;3,50;100;-2,50;-3,20;
2026-07-16 07:32:00.0;OFF;ON;50;-34,70;0;-2,50;-4,60;91,80;0;32,20;3,50;100;-2,50;-3,20;
2026-07-16 07:33:00.0;OFF;ON;50;-32,80;0;-2,50;-4,60;91,80;0;30,40;3,50;100;-2,50;-3,20;
2026-07-16 07:34:00.0;OFF;ON;50;-33,20;0;-2,50;-4,50;91,70;0;30,70;3,50;100;-2,50;-3,20;
2026-07-16 07:35:00.0;OFF;ON;50;-32;-0,10;-2,60;-4,50;91,20;0;29,40;3,50;100;-2,60;-3,20;
2026-07-16 07:36:00.0;OFF;ON;50;-27,50;-0,10;-2,60;-4,50;91,20;0;24,80;3,50;100;-2,60;-3,30;
2026-07-16 07:37:00.0;OFF;ON;50;-25,40;-0,10;-2,60;-4,50;91,10;0;22,80;3,50;100;-2,60;-3,30;
2026-07-16 07:38:00.0;OFF;ON;50;-29,70;-0,20;-2,70;-4,50;90,90;0;27;3,50;100;-2,60;-3,30;
2026-07-16 07:39:00.0;OFF;ON;50;-28;-0,20;-2,70;-4,50;90,90;0;25,30;3,50;100;-2,60;-3,30;
2026-07-16 07:40:00.0;OFF;ON;50;-28,30;-0,20;-2,70;-4,30;90,90;0;25,60;3,50;100;-2,60;-3,30;
2026-07-16 07:41:00.0;OFF;ON;50;-28,60;-0,10;-2,60;-5,30;91,20;12,30;26;3,50;100;-2,70;-3,40;
2026-07-16 07:42:00.0;OFF;ON;50;-28;-0,10;-2,60;-5,60;91,30;1,50;25,40;3,50;100;-2,70;-3,40;
2026-07-16 07:43:00.0;OFF;ON;50;-31,60;-0,10;-2,60;-5,80;91,40;0;29;3,50;100;-2,70;-3,40;
2026-07-16 07:44:00.0;OFF;ON;50;-28,90;-0,10;-2,60;-5,80;91,40;0;26,40;3,50;100;-2,70;-3,40;
2026-07-16 07:45:00.0;OFF;ON;50;-30,60;-0,10;-2,60;-6;91,40;0;27,90;3,50;100;-2,70;-3,40;
2026-07-16 07:46:00.0;OFF;ON;50;-31,80;-0,20;-2,70;-6,10;91,20;0;29,10;3,50;100;-2,70;-3,40;
2026-07-16 07:47:00.0;OFF;ON;50;-36,10;-0,20;-2,70;-6,30;91,20;0;33,40;3,50;100;-2,80;-3,40;
2026-07-16 07:48:00.0;OFF;ON;50;-40;-0,30;-2,80;-6,40;91;0;37,20;3,50;100;-2,70;-3,40;
2026-07-16 07:49:00.0;OFF;ON;50;-36,50;-0,30;-2,80;-6,40;90,80;0;33,70;3,50;100;-2,70;-3,40;
2026-07-16 07:50:00.0;OFF;ON;50;-33,90;-0,30;-2,80;-6,50;90,80;0;31,10;3,50;100;-2,70;-3,40;
2026-07-16 07:51:00.0;OFF;ON;50;-24,90;-0,30;-2,80;-6,40;90,60;0;22,10;3,50;100;-2,80;-3,50;
2026-07-16 07:52:00.0;OFF;ON;50;-29,60;-0,30;-2,80;-6,50;90,60;0;26,70;3,50;100;-2,80;-3,50;
2026-07-16 07:53:00.0;OFF;ON;50;-32,80;-0,40;-2,90;-6,50;90,60;0;29,90;3,50;100;-2,80;-3,50;
2026-07-16 07:54:00.0;OFF;ON;50;-7,10;-0,40;-2,90;-6,60;90,60;0;4,20;3,50;100;-2,80;-3,50;
2026-07-16 07:55:00.0;OFF;ON;50;-7,20;-0,40;-2,90;-6,60;90,50;0;4,30;3,50;100;-2,80;-3,50;
2026-07-16 07:56:00.0;OFF;ON;50;-6,20;-0,40;-2,90;-6,60;90,30;0;3,30;3,50;100;-2,80;-3,60;
2026-07-16 07:57:00.0;OFF;ON;50;-7,10;-0,40;-2,90;-6,60;90,30;0;4,20;3,50;100;-2,90;-3,50;
2026-07-16 07:58:00.0;OFF;ON;50;-7,60;-0,40;-2,90;-6,60;90,70;0;4,70;3,50;100;-2,80;-3,20;
2026-07-16 07:59:00.0;OFF;ON;50;-7;-0,20;-2,70;-6,30;91,50;0;4,20;3,50;100;-2,60;-3;
2026-07-16 08:00:00.0;OFF;ON;50;-26,30;-0,10;-2,60;-6;92,50;0;23,70;3,50;100;-2,50;-2,70;
2026-07-16 08:01:00.0;OFF;ON;50;-27,20;0,10;-2,40;-5,80;93,30;0;24,80;3,50;100;-2,40;-2,50;
2026-07-16 08:02:00.0;OFF;ON;50;-6,80;0,30;-2,20;-5,50;94,10;0;4,60;3,50;100;-2,20;-2,30;
2026-07-16 08:03:00.0;OFF;ON;50;-6,70;0,40;-2,10;-5,40;94,60;0;4,60;3,50;100;-2,10;-2,10;
2026-07-16 08:04:00.0;OFF;ON;50;-18,80;0,60;-1,90;-5,30;95,10;0;16,90;3,50;100;-1,90;-2;
2026-07-16 08:05:00.0;OFF;ON;50;-5,50;0,70;-1,80;-5,30;95,70;0;3,80;3,50;100;-1,80;-1,80;
2026-07-16 08:06:00.0;OFF;ON;50;-23,80;0,80;-1,70;-5,20;96,10;0;22;3,50;100;-1,80;-1,60;
2026-07-16 08:07:00.0;OFF;ON;50;-27,60;0,90;-1,60;-5;96,50;0;26;3,50;100;-1,70;-1,50;
2026-07-16 08:08:00.0;OFF;ON;50;-29,70;1;-1,50;-4,90;96,90;0;28,30;3,50;100;-1,50;-1,30;
2026-07-16 08:09:00.0;OFF;ON;50;-14,70;1,10;-1,40;-4,80;97,20;0;13,30;3,50;100;-1,50;-1,20;
2026-07-16 08:10:00.0;OFF;ON;50;-7,40;1,30;-1,20;-4,60;97,50;0;6,20;3,50;100;-1,40;-1;
2026-07-16 08:11:00.0;OFF;ON;50;-27;-3,10;-1,10;-4,50;97,80;0;25,80;3,50;100;-1,30;-0,90;
2026-07-16 08:12:00.0;OFF;ON;50;-26,10;-3;-1;-4,40;97,90;0;25,10;3,50;100;-1,20;-0,80;
2026-07-16 08:13:00.0;OFF;ON;50;-34,40;-2,90;-0,90;-3,20;98;0;33,50;3,50;100;-1,10;-0,70;
2026-07-16 08:14:00.0;OFF;ON;50;-33,50;-2,70;-0,70;-3,60;98;0;32,70;3,50;100;-0,70;-0,50;
2026-07-16 08:15:00.0;ON;OFF;50;-40;-2,60;-0,60;-2,30;98;0;39,40;2;100;-0,70;-0,30;
2026-07-16 08:16:00.0;ON;OFF;50;-40;-2,60;-0,60;-2,90;98;0;39,40;2;100;-0,70;-0,20;
2026-07-16 08:17:00.0;ON;OFF;50;-37,40;-2,50;-0,50;-3,10;98;0;36,90;2;100;-0,60;-0,10;
2026-07-16 08:18:00.0;ON;OFF;50;-5,40;-2,50;-0,50;-3,40;98;0;4,90;2;100;-0,50;0;
2026-07-16 08:19:00.0;ON;OFF;50;-40;-2,40;-0,40;-3,40;98;0;39,60;2;100;-0,50;0,10;
2026-07-16 08:20:00.0;ON;OFF;50;-40;-2,30;-0,30;-3,40;98;0;39,70;2;100;-0,40;0,20;
2026-07-16 08:21:00.0;ON;OFF;50;-36,60;-2,30;-0,30;-3,40;98;0;36,30;2;100;-0,40;0,20;
2026-07-16 08:22:00.0;ON;OFF;50;-40;-2,30;-0,30;-3,20;98,10;0;39,70;2;100;-0,30;0,30;
2026-07-16 08:23:00.0;ON;OFF;50;-40;-2,20;-0,20;1,50;98,10;0;39,80;2;100;-0,30;0,30;
2026-07-16 08:24:00.0;ON;OFF;50;-40;-2,10;-0,10;-1,10;98,10;0;39,90;2;100;-0,30;0,30;
2026-07-16 08:25:00.0;ON;OFF;50;-40;-1,90;0,10;-1,80;98,10;0;40,10;2;100;0,40;0,40;
2026-07-16 08:26:00.0;ON;OFF;50;-38;-1,90;0,10;-1,90;98,10;0;38,10;2;100;0,60;0,40;
2026-07-16 08:27:00.0;ON;OFF;50;-37;-2;0;-2;98,10;0;37,10;2;100;0;0,40;
2026-07-16 08:28:00.0;ON;OFF;50;-36,30;-1,90;0,10;-1,90;98,10;0;36,40;2;100;-0,10;0,30;
2026-07-16 08:29:00.0;ON;OFF;50;-37,50;-1,90;0,10;-1,60;98,10;0;37,80;2;100;-0,10;0,30;
2026-07-16 08:30:00.0;ON;OFF;50;-35,90;-1,90;0,10;-0,70;98,10;0;35,90;2;100;0;0,30;
2026-07-16 08:31:00.0;ON;OFF;50;-37,70;-2;0;-1;98,10;0;37,70;2;100;-0,10;0,30;
2026-07-16 08:32:00.0;ON;OFF;50;-38,10;-2,10;-0,10;-1,30;98,10;0;38;2;100;-0,10;0,30;
2026-07-16 08:33:00.0;ON;OFF;50;-39,60;-2,10;-0,10;-1,40;98,10;0;39,50;2;100;-0,20;0,30;
2026-07-16 08:34:00.0;ON;OFF;50;-35,40;-2,10;-0,10;-1,50;98,10;0;35,30;2;100;-0,20;0,30;
2026-07-16 08:35:00.0;ON;OFF;50;-36,90;-2,10;-0,10;-1,60;98,10;0;36,80;2;100;-0,20;0,30;
2026-07-16 08:36:00.0;ON;OFF;50;-40;-2,10;-0,10;-1,70;98,10;0;39,90;2;100;-0,20;0,30;
2026-07-16 08:37:00.0;ON;OFF;50;-39,20;-2,10;-0,10;-1,70;98,10;0;39,10;2;100;-0,20;0,30;
2026-07-16 08:38:00.0;ON;OFF;50;-37,70;-2,10;-0,10;-1,80;98,10;0;37,50;2;100;-0,20;0,30;
2026-07-16 08:39:00.0;ON;OFF;50;-40;-2,10;-0,10;-1,80;98,10;0;39,90;2;100;-0,10;0,30;
2026-07-16 08:40:00.0;ON;OFF;50;-40;-2,10;-0,10;-1,90;98,10;0;39,90;2;100;0,10;0,40;
2026-07-16 08:41:00.0;ON;OFF;50;-37,20;-2;0;-2;98,10;0;37,20;2;100;0,20;0,40;
2026-07-16 08:42:00.0;ON;OFF;50;-40;-2;0;-2;98,10;0;40;2;100;0,20;0,40;
2026-07-16 08:43:00.0;ON;OFF;50;-40;-2;0;-2;98,10;0;40;2;100;0,20;0,40;
2026-07-16 08:44:00.0;ON;OFF;50;-40;-1,90;0,10;-2,10;98,10;0;40,10;2;100;0,40;0,40;
2026-07-16 08:45:00.0;ON;OFF;50;-40;-1,80;0,20;-2,10;98,10;0;40,20;2;100;0,60;0,40;
2026-07-16 08:46:00.0;ON;OFF;50;-40;-1,70;0,30;-2,10;98,10;0;40,30;2;100;0,70;0,40;
2026-07-16 08:47:00.0;ON;OFF;50;-40;-1,60;0,40;-2;98,10;0;40,40;2;100;0,70;0,40;
2026-07-16 08:48:00.0;ON;OFF;50;-40;-1,50;0,50;-2;98,10;0;40,50;2;100;0,80;0,40;
2026-07-16 08:49:00.0;ON;OFF;50;-40;-1,50;0,50;-1,90;98,10;0;40,50;2;100;0,70;0,40;
2026-07-16 08:50:00.0;ON;OFF;50;-40;-1,50;0,50;-1,80;98,10;0;40,50;2;100;0,60;0,40;
2026-07-16 08:51:00.0;ON;OFF;50;-39,20;-1,40;0,60;-1,70;98,10;0;39,80;2;100;0,60;0,40;
2026-07-16 08:52:00.0;ON;OFF;50;-39,50;-1,40;0,60;-1,60;98,10;0;40;2;100;0,70;0,40;
2026-07-16 08:53:00.0;ON;OFF;50;-40;-1,20;0,80;-1,50;98,10;0;40,80;2;100;1,10;0,50;
2026-07-16 08:54:00.0;ON;OFF;50;-40;-0,90;1,10;-1,50;98,10;0;41,10;2;100;1,40;0,50;
2026-07-16 08:55:00.0;ON;OFF;50;-40;-0,80;1,20;-1,30;98,10;0;41,20;2;100;1,40;0,50;
2026-07-16 08:56:00.0;ON;OFF;50;-40;-0,80;1,20;-1,20;98,10;0;41,20;2;100;1,40;0,50;
2026-07-16 08:57:00.0;ON;OFF;50;-40;-0,90;1,10;-1,20;98,10;0;41,10;2;100;1;0,40;
2026-07-16 08:58:00.0;ON;OFF;50;-40;-1;1;-1,20;98,10;0;41;2;100;0,80;0,40;
2026-07-16 08:59:00.0;ON;OFF;50;-40;-0,90;1,10;-1,20;98,10;0;41,10;2;100;1;0,40;
2026-07-16 09:00:00.0;ON;OFF;50;-40;-0,90;1,10;-1,10;98,10;0;41,10;2;100;1;0,40;
2026-07-16 09:01:00.0;ON;OFF;50;-40;-0,70;1,30;-1;98,10;0;41,30;2;100;1,40;0,40;
2026-07-16 09:02:00.0;ON;OFF;50;-37,20;-0,60;1,40;-1;98,10;0;38,60;2;100;1,50;0,40;
2026-07-16 09:03:00.0;ON;OFF;50;-40;-0,40;1,60;-1;98,10;0;41,60;2;100;1,80;0,40;
2026-07-16 09:04:00.0;ON;OFF;50;-40;-0,30;1,70;-0,90;98,10;0;41,70;2;100;2;0,40;
2026-07-16 09:05:00.0;ON;OFF;50;-40;-0,20;1,80;-0,90;98,10;0;41,80;2;100;2;0,40;
2026-07-16 09:06:00.0;ON;OFF;50;-40;0;2;-0,80;98,10;0;42;2;100;2,10;0,50;
2026-07-16 09:07:00.0;ON;OFF;50;-40;0,10;2,10;-0,70;98,10;0;42,10;2;100;2;0,40;
2026-07-16 09:08:00.0;ON;OFF;50;-40;-0,10;1,90;-0,60;98,10;0;41,90;2;100;1,30;0,40;
2026-07-16 09:09:00.0;ON;OFF;50;-40;0;2;-0,50;98,10;0;42;2;100;1,20;0,30;
2026-07-16 09:10:00.0;ON;OFF;50;-40;0,10;2,10;-0,50;98,10;0;42,10;2;100;1,20;0,30;
2026-07-16 09:11:00.0;ON;OFF;50;-40;0,10;2,10;-0,40;98,10;0;42,10;2;100;1,20;0,30;
2026-07-16 09:12:00.0;ON;OFF;50;-39,10;0,20;2,20;-0,40;98,10;0;41,30;2;100;1,40;0,30;
2026-07-16 09:13:00.0;ON;OFF;50;-40;0,30;2,30;-0,40;98,10;0;42,30;2;100;1,70;0,30;
2026-07-16 09:14:00.0;ON;OFF;50;-38,50;0,50;2,50;-0,30;98,10;0;41;2;100;2;0,40;
2026-07-16 09:15:00.0;ON;OFF;50;-40;0,70;2,70;-0,30;98,10;0;42,70;2;100;2;0,40;
2026-07-16 09:16:00.0;ON;OFF;50;-40;0,80;2,80;-0,20;98,10;0;42,80;2;100;1,80;0,30;
2026-07-16 09:17:00.0;ON;OFF;50;-40;0,80;2,80;-0,10;98,10;0;42,80;2;100;1,90;0,30;
2026-07-16 09:18:00.0;ON;OFF;50;-40;1;3;-0,10;98,10;0;43;2;100;2,10;0,30;
2026-07-16 09:19:00.0;ON;OFF;50;-39,30;1,10;3,10;0;98,10;0;42,50;2;100;2,20;0,30;
2026-07-16 09:20:00.0;ON;OFF;50;-40;1,30;3,30;0,10;98,20;0;43,30;2;100;2,30;0,30;
2026-07-16 09:21:00.0;ON;OFF;50;-38;1,30;3,30;0,30;98,20;0;41,30;2;100;2,30;0,40;
2026-07-16 09:22:00.0;ON;OFF;50;-40;1,30;3,30;0,30;98,20;0;43,30;2;100;2,30;0,30;
2026-07-16 09:23:00.0;ON;OFF;50;-40;1,40;3,40;0,40;98,20;0;43,40;2;100;2,50;0,40;
2026-07-16 09:24:00.0;ON;OFF;50;-40;1,50;3,50;0,50;98,20;0;43,50;2;100;2,70;0,40;
2026-07-16 09:25:00.0;ON;OFF;50;-40;1,40;3,40;0,50;98,20;0;43,40;2;100;2,30;0,30;
2026-07-16 09:26:00.0;ON;OFF;50;-40;1,40;3,40;0,50;98,20;0;43,40;2;100;2,30;0,30;
2026-07-16 09:27:00.0;ON;OFF;50;-40;1,60;3,60;0,60;98,20;0;43,60;2;100;2,50;0,20;
2026-07-16 09:28:00.0;ON;OFF;50;-40;1,70;3,70;0,60;98,20;0;43,70;2;100;2,50;0,20;
2026-07-16 09:29:00.0;ON;OFF;50;-40;1,60;3,60;0,70;98,20;0;43,60;2;100;2,50;0,20;
2026-07-16 09:30:00.0;ON;OFF;50;-40;1,60;3,60;0,70;98,20;0;43,60;2;100;2,40;0,20;
2026-07-16 09:31:00.0;ON;OFF;50;-40;1,50;3,50;0,70;98,20;0;43,50;2;100;2,40;0,10;
2026-07-16 09:32:00.0;ON;OFF;50;-32,90;1,40;3,40;0,70;98,20;0;36,20;2;100;2,20;0,10;
2026-07-16 09:33:00.0;ON;OFF;50;-38;1,30;3,30;0,70;98,20;0;41,30;2;100;2,10;0,10;
2026-07-16 09:34:00.0;ON;OFF;50;-35,50;1,30;3,30;0,70;98,20;0;38,80;2;100;2;0;
2026-07-16 09:35:00.0;ON;OFF;50;-35,60;1,20;3,20;0,70;98,20;0;38,80;2;100;2;-0,10;
2026-07-16 09:36:00.0;ON;OFF;50;-36,20;1,20;3,20;0,70;98,20;0;39,40;2;100;2;-0,20;
2026-07-16 09:37:00.0;ON;OFF;50;-40;1,10;3,10;0,70;98,20;0;43,10;2;100;1,90;-0,30;
2026-07-16 09:38:00.0;ON;OFF;50;-40;1;3;0,70;98,20;0;43;2;100;1,80;-0,30;
2026-07-16 09:39:00.0;ON;OFF;50;-38,30;1;3;0,70;98,20;0;41,20;2;100;1,80;-0,40;
2026-07-16 09:40:00.0;ON;OFF;50;-29,10;0,90;2,90;0,60;98,20;0;32;2;100;1,70;-0,40;
2026-07-16 09:41:00.0;ON;OFF;50;-31,60;0,90;2,90;0,60;98,20;0;34,50;2;100;1,60;-0,50;
2026-07-16 09:42:00.0;ON;OFF;50;-40;0,80;2,80;0,60;98,20;0;42,80;2;100;1,50;-0,50;
2026-07-16 09:43:00.0;ON;OFF;50;-35,60;0,80;2,80;0,50;98,20;0;38,30;2;100;1,40;-0,60;
2026-07-16 09:44:00.0;ON;OFF;50;-35,20;0,60;2,60;0,50;98,20;0;37,80;2;100;1,40;-0,70;
2026-07-16 09:45:00.0;ON;OFF;50;-34,80;0,60;2,60;0,50;98,20;0;37,40;2;100;1,30;-0,70;
2026-07-16 09:46:00.0;ON;OFF;50;-37,80;0,50;2,50;0,40;98,20;0;40,30;2;100;1,20;-0,80;
2026-07-16 09:47:00.0;ON;OFF;50;-27,30;0,50;2,50;0,40;98,20;0;29,80;2;100;1,20;-0,90;
2026-07-16 09:48:00.0;ON;OFF;50;-27,60;0,40;2,40;0,30;98,20;0;30;2;100;1,10;-0,90;
2026-07-16 09:49:00.0;ON;OFF;50;-30,50;0,30;2,30;0,30;98,20;0;32,80;2;100;1;-1;
2026-07-16 09:50:00.0;ON;OFF;50;-31,30;0,30;2,30;0,20;98,20;0;33,60;2;100;1;-1;
2026-07-16 09:51:00.0;ON;OFF;50;-29,60;0,20;2,20;0,20;98,20;0;33,60;2;100;0,90;-1;
2026-07-16 09:52:00.0;ON;OFF;50;-29,80;0,20;2,20;0,10;98,20;0;31,90;2;100;0,90;-1,10;
2026-07-16 09:53:00.0;ON;OFF;50;-30,40;0,10;2,10;0,10;98,20;0;32,50;2;100;0,80;-1,10;
2026-07-16 09:54:00.0;ON;OFF;50;-13,60;0;2;0,10;98,20;0;15,60;2;100;0,80;-1,10;
2026-07-16 09:55:00.0;ON;OFF;50;-32,70;0,10;2,10;0;98,20;0;34,80;2;100;1;-1,10;
2026-07-16 09:56:00.0;ON;OFF;50;-36,50;0,20;2,20;0;98,20;0;38,70;2;100;1,20;-1,10;
2026-07-16 09:57:00.0;ON;OFF;50;-39,20;0,20;2,20;-0,10;98,20;0;41,40;2;100;1,30;-1;
2026-07-16 09:58:00.0;ON;OFF;50;-40;0,30;2,30;-0,10;98,20;0;42,30;2;100;1,40;-0,90;
2026-07-16 09:59:00.0;ON;OFF;50;-30,40;0,30;2,30;-0,10;98,20;0;32,70;2;100;1,50;-0,90;
2026-07-16 10:00:00.0;ON;OFF;50;-35;0,40;2,40;-0,10;98,20;0;37,40;2;100;1,40;-0,90;
2026-07-16 10:01:00.0;ON;OFF;50;-40;0,40;2,40;-0,10;98,20;0;42,40;2;100;1,40;-0,90;
2026-07-16 10:02:00.0;ON;OFF;50;-31,50;0,50;2,50;0;98,20;0;34;2;100;1,50;-0,90;
2026-07-16 10:03:00.0;ON;OFF;50;-30,30;0,50;2,50;0;98,20;0;32,80;2;100;1,30;-1;
2026-07-16 10:04:00.0;ON;OFF;50;-31,90;0,60;2,60;0;98,20;0;34,50;2;100;1,40;-1;
2026-07-16 10:05:00.0;ON;OFF;50;-13,30;0,70;2,70;0,10;98,20;0;16;2;100;1,80;-0,80;
2026-07-16 10:06:00.0;ON;OFF;50;-33,30;0,70;2,70;0,10;98,20;0;36;2;100;1,80;-0,80;
2026-07-16 10:07:00.0;ON;OFF;50;-40;0,80;2,80;0,10;98,20;0;42,80;2;100;2;-0,80;
2026-07-16 10:08:00.0;ON;OFF;50;-40;0,90;2,90;0,20;98,20;0;42,90;2;100;2,20;-0,70;
2026-07-16 10:09:00.0;ON;OFF;50;-40;0,90;2,90;0,20;98,20;0;42,90;2;100;2,20;-0,70;
2026-07-16 10:10:00.0;ON;OFF;50;-40;0,90;2,90;0,20;98,20;0;42,90;2;100;2,40;-0,60;
2026-07-16 10:11:00.0;ON;OFF;50;-40;0,90;2,90;0,20;98,20;0;42,90;2;100;2,40;-0,50;
2026-07-16 10:12:00.0;ON;OFF;50;-40;1,10;3,10;0,20;98,20;0;43,10;2;100;2,70;-0,40;
2026-07-16 10:13:00.0;ON;OFF;50;-40;1,10;3,10;0,20;98,20;0;43,10;2;100;3;-0,30;
2026-07-16 10:14:00.0;ON;OFF;50;-40;1,10;3,10;0,20;98,20;0;43,10;2;100;3,10;-0,30;
2026-07-16 10:15:00.0;ON;OFF;50;-40;1,20;3,20;0,20;98,20;0;43,20;2;100;3,10;-0,30;
2026-07-16 10:16:00.0;ON;OFF;50;-40;1,30;3,30;0,30;98,20;0;43,30;2;100;3,20;-0,20;
2026-07-16 10:17:00.0;ON;OFF;50;-40;1,20;3,20;0,30;98,20;0;43,20;2;100;2,90;-0,20;
2026-07-16 10:18:00.0;ON;OFF;50;-40;1,30;3,30;0,30;98,20;0;43,30;2;100;3;-0,20;
2026-07-16 10:19:00.0;ON;OFF;50;-40;1,30;3,30;0,30;98,20;0;43,30;2;100;2,90;-0,20;
2026-07-16 10:20:00.0;ON;OFF;50;-40;1,40;3,40;0,40;98,20;0;43,40;2;100;3;-0,20;
2026-07-16 10:21:00.0;ON;OFF;50;-40;1,60;3,60;0,50;98,20;0;43,60;2;100;3,20;-0,10;
2026-07-16 10:22:00.0;ON;OFF;50;-40;1,60;3,60;0,60;98,20;0;43,60;2;100;3,20;-0,10;
2026-07-16 10:23:00.0;ON;OFF;50;-40;1,60;3,60;0,70;98,20;0;43,60;2;100;3,30;0;
2026-07-16 10:24:00.0;ON;OFF;50;-32,20;1,70;3,70;0,70;98,20;0;35,90;2;100;3,60;0,10;
2026-07-16 10:25:00.0;ON;OFF;50;-35,10;1,80;3,80;0,80;98,20;0;38,90;2;100;3,70;0,10;
2026-07-16 10:26:00.0;ON;OFF;50;-37,30;1,90;3,90;0,90;98,20;0;41,20;2;100;3,80;0,10;
2026-07-16 10:27:00.0;ON;OFF;50;-38,60;1,90;3,90;0,90;98,20;0;42,60;2;100;3,90;0,20;
2026-07-16 10:28:00.0;ON;OFF;50;-38,30;2;4;1,10;98,20;0;42,30;2;100;3,80;0,20;
2026-07-16 10:29:00.0;ON;OFF;50;-40;2,10;4,10;1,10;98,20;0;44,10;2;100;3,90;0,20;
2026-07-16 10:30:00.0;ON;OFF;50;-38,50;2,10;4,10;1,20;98,20;0;42,60;2;100;4;0,20;
2026-07-16 10:31:00.0;ON;OFF;50;-36,60;2,10;4,10;1,20;98,20;0;40,70;2;100;4;0,20;
2026-07-16 10:32:00.0;ON;OFF;50;-33;2,10;4,10;1,30;98,20;0;37,10;2;100;4;0,30;
2026-07-16 10:33:00.0;ON;OFF;50;-33,80;2,10;4,10;1,30;98,20;0;37,90;2;100;4;0,30;
2026-07-16 10:34:00.0;ON;OFF;50;-38,50;2,10;4,10;1,40;98,30;0;42,60;2;100;4;0,30;
2026-07-16 10:35:00.0;ON;OFF;50;-34,60;2,10;4,10;1,40;98,30;0;38,70;2;100;4,10;0,40;
2026-07-16 10:36:00.0;ON;OFF;50;-33,20;2,20;4,20;1,50;98,30;0;37,30;2;100;4,10;0,50;
2026-07-16 10:37:00.0;ON;OFF;50;-33,90;2,20;4,20;1,50;98,30;0;38,10;2;100;4;0,50;
2026-07-16 10:38:00.0;ON;OFF;50;-31,40;2,10;4,10;1,50;98,30;0;35,60;2;100;4;0,50;
2026-07-16 10:39:00.0;ON;OFF;50;-34,10;2,20;4,20;1,60;98,30;70,90;38,30;2;100;4;0,60;
2026-07-16 10:40:00.0;ON;OFF;50;-36;2,20;4,20;42,40;98,30;91,80;40,20;2;100;4;0,60;
2026-07-16 10:41:00.0;ON;OFF;50;-32,60;2,30;4,30;43,10;98,30;91,70;36,80;2;100;4,10;0,60;
2026-07-16 10:42:00.0;ON;OFF;50;-34,90;2,30;4,30;43,30;98,30;91,70;39,20;2;100;4;0,60;
2026-07-16 10:43:00.0;ON;OFF;50;-36,60;2,50;4,50;43,60;98,30;91,70;41,10;2;100;4,10;0,70;
2026-07-16 10:44:00.0;ON;OFF;50;-33,80;2,60;4,60;43,60;98,30;91,70;38,40;2;100;4,10;0,70;
2026-07-16 10:45:00.0;ON;OFF;50;-40;2,80;4,80;43,70;98,30;91,70;44,80;2;100;4,30;0,70;
2026-07-16 10:46:00.0;ON;OFF;50;-40;2,80;4,80;43,80;98,30;91,60;44,80;2;100;4,40;0,80;
2026-07-16 10:47:00.0;ON;OFF;50;-35;2,90;4,90;43,80;98,30;91,60;39,90;2;100;4,50;0,80;
2026-07-16 10:48:00.0;ON;OFF;50;-37,20;2,90;4,90;43,90;98,30;91,60;42,10;2;100;4,50;0,80;
2026-07-16 10:49:00.0;ON;OFF;50;-36,30;2,90;4,90;43,90;98,30;91,60;41,20;2;100;4,40;0,90;
2026-07-16 10:50:00.0;ON;OFF;50;-33,40;3;5;43,90;98,30;91,60;38,40;2;100;4,40;0,90;
2026-07-16 10:51:00.0;ON;OFF;50;-35,30;3;5;44;98,30;91,60;40,30;2;100;4,50;0,90;
2026-07-16 10:52:00.0;ON;OFF;50;-40;3,10;5,10;44;98,30;91,60;45,10;2;100;4,50;0,90;
2026-07-16 10:53:00.0;ON;OFF;50;-40;3,10;5,10;44;98,30;91,60;45,10;2;100;4,40;0,90;
2026-07-16 10:54:00.0;ON;OFF;50;-40;3,10;5,10;44;98,30;91,50;45,10;2;100;4,50;0,90;
2026-07-16 10:55:00.0;ON;OFF;50;-40;3,10;5,10;44;98,30;91,50;45,10;2;100;4,50;1;
2026-07-16 10:56:00.0;ON;OFF;50;-40;3,10;5,10;44,10;98,30;91,50;45,10;2;100;4,50;1;
2026-07-16 10:57:00.0;ON;OFF;50;-40;3,30;5,30;44,10;98,30;91,50;45,30;2;100;5,40;1,10;
2026-07-16 10:58:00.0;ON;OFF;50;-40;3,40;5,40;44,10;98,30;91,50;45,40;2;100;5,30;1,10;
2026-07-16 10:59:00.0;ON;OFF;50;-40;3,40;5,40;44,10;98,30;91,50;45,40;2;100;5,30;1,10;
2026-07-16 11:00:00.0;ON;OFF;50;-38,30;3,50;5,50;44,10;98,30;91,50;43,80;2;100;5,10;1,10;
2026-07-16 11:01:00.0;ON;OFF;50;-40;3,50;5,50;44,10;98,30;91,50;45,50;2;100;4,90;1,20;
2026-07-16 11:02:00.0;ON;OFF;50;-40;3,70;5,70;44,10;98,30;91,50;45,70;2;100;5,30;1,10;
2026-07-16 11:03:00.0;ON;OFF;50;-40;3,90;5,90;44,10;98,30;91,50;45,90;2;100;5,80;1,20;
2026-07-16 11:04:00.0;ON;OFF;50;-40;4,30;6,30;44,10;98,30;91,40;46,30;2;100;7,40;1,40;
2026-07-16 11:05:00.0;ON;OFF;50;-40;4,20;6,20;44,10;98,30;91,40;46,20;2;100;7;1,40;
2026-07-16 11:06:00.0;ON;OFF;50;-40;4,40;6,40;44,10;98,30;91,40;46,40;2;100;7,50;1,40;
2026-07-16 11:07:00.0;ON;OFF;50;-40;4,30;6,30;44,10;98,30;91,40;46,30;2;100;7,30;1,50;
2026-07-16 11:08:00.0;ON;OFF;50;-40;4,30;6,30;44,10;98,30;91,40;46,30;2;100;7,20;1,60;
2026-07-16 11:09:00.0;ON;OFF;50;-40;4,40;6,40;44,10;98,30;91,40;46,40;2;100;7,60;1,60;
2026-07-16 11:10:00.0;ON;OFF;50;-40;4,40;6,40;44,10;98,30;91,40;46,40;2;100;7,40;1,70;
2026-07-16 11:11:00.0;ON;OFF;50;-40;4,50;6,50;44,10;98,30;91,40;46,50;2;100;7,60;1,70;
2026-07-16 11:12:00.0;ON;OFF;50;-40;4,60;6,60;44,10;98,30;91,40;46,60;2;100;7,70;1,90;
2026-07-16 11:13:00.0;ON;OFF;50;-40;4,60;6,60;44,10;98,30;91,40;46,60;2;100;8;2;
2026-07-16 11:14:00.0;ON;OFF;50;-40;4,60;6,60;44,10;98,30;91,40;46,60;2;100;8;2;
2026-07-16 11:15:00.0;ON;OFF;50;-40;4,50;6,60;44,10;98,40;91,40;46,60;2;100;7,90;2,10;
2026-07-16 11:16:00.0;ON;OFF;50;-40;4,60;6,60;44,10;98,40;91,40;46,60;2;100;7,80;2;
2026-07-16 11:17:00.0;ON;OFF;50;-40;4,70;6,70;44,10;98,40;91,30;46,70;2;100;8;2;
2026-07-16 11:18:00.0;ON;OFF;50;-40;4,70;6,70;44,10;98,40;91,30;46,70;2;100;7,90;1,90;
2026-07-16 11:19:00.0;ON;OFF;50;-40;4,60;6,60;44,10;98,40;91,30;46,70;2;100;7,70;1,80;
2026-07-16 11:20:00.0;ON;OFF;50;-40;4,70;6,70;44,10;98,40;91,30;46,70;2;100;7,90;1,80;
2026-07-16 11:21:00.0;ON;OFF;50;-40;4,70;6,70;44,10;98,40;91,30;46,70;2;100;7,90;1,70;
2026-07-16 11:22:00.0;ON;OFF;50;-40;4,70;6,70;44,10;98,40;91,30;46,70;2;100;7,80;1,70;
2026-07-16 11:23:00.0;ON;OFF;50;-40;4,80;6,80;44,10;98,40;91,20;46,80;2;100;8;1,60;
2026-07-16 11:24:00.0;ON;OFF;50;-40;4,80;6,80;44,10;98,40;91,20;46,80;2;100;7,90;1,60;
2026-07-16 11:25:00.0;ON;OFF;50;-40;4,80;6,80;44,10;98,40;91,20;46,80;2;100;8;1,60;
2026-07-16 11:26:00.0;ON;OFF;50;-40;4,80;6,80;44,10;98,40;91,20;46,80;2;100;8,10;1,60;
2026-07-16 11:27:00.0;ON;OFF;50;-40;4,70;6,70;44;98,40;91,20;46,70;2;100;7,70;1,70;
2026-07-16 11:28:00.0;ON;OFF;50;-37,70;4,80;6,80;44;98,40;91,20;44,50;2;100;7,90;1,70;
2026-07-16 11:29:00.0;ON;OFF;50;-38,90;4,80;6,80;44;98,40;91,20;45,60;2;100;8;1,70;
2026-07-16 11:30:00.0;ON;OFF;50;-40;4,70;6,70;44;98,40;91,20;46,70;2;100;8;1,70;
2026-07-16 11:31:00.0;ON;OFF;50;-39,30;4,70;6,70;44;98,40;91,20;46;2;100;7,60;1,80;
2026-07-16 11:32:00.0;ON;OFF;50;-40;4,70;6,70;43,90;98,40;91,10;46,70;2;100;7,70;1,80;
2026-07-16 11:33:00.0;ON;OFF;50;-40;4,80;6,80;43,90;98,40;91,10;46,80;2;100;7,90;1,80;
2026-07-16 11:34:00.0;ON;OFF;50;-39,70;4,70;6,70;43,90;98,40;91,10;46,50;2;100;7,90;1,90;
2026-07-16 11:35:00.0;ON;OFF;50;-40;4,70;6,70;43,90;98,40;91,10;46,70;2;100;7,90;2;
2026-07-16 11:36:00.0;ON;OFF;50;-40;4,70;6,70;43,90;98,40;91,10;46,70;2;100;7,90;2;
2026-07-16 11:37:00.0;ON;OFF;50;-39,10;4,80;6,80;43,80;98,40;91,10;45,80;2;100;8;2;
2026-07-16 11:38:00.0;ON;OFF;50;-33,90;-0,30;6,70;43,80;98,40;91,10;40,60;2;100;7,90;2,20;
2026-07-16 11:39:00.0;ON;OFF;50;-36,10;-0,40;6,60;43,80;98,40;91,10;42,70;2;100;7,40;3,30;
2026-07-16 11:40:00.0;ON;OFF;50;-35,10;-0,40;6,60;43,70;98,40;91;41,70;2;100;7,20;3,70;
2026-07-16 11:41:00.0;ON;OFF;50;-36,50;-0,40;6,60;43,70;98,40;91;43,10;2;100;7,40;3,90;
2026-07-16 11:42:00.0;OFF;ON;100;-38,20;-0,30;6,70;43,70;98,40;91;44,80;7;100;7,30;4,30;
2026-07-16 11:43:00.0;OFF;ON;100;-35,20;-0,30;6,70;43,70;98,40;91;41,90;7;100;7,20;4,50;
2026-07-16 11:44:00.0;OFF;ON;100;-37,60;-0,30;6,70;43,60;98,40;91;44,40;7;100;7,30;4,70;
2026-07-16 11:45:00.0;OFF;ON;100;-33,30;-0,20;6,80;43,60;98,40;91;40,10;7;100;7,30;4,80;
2026-07-16 11:46:00.0;OFF;ON;100;-35,40;-0,10;6,90;43,60;98,40;91;42,30;7;100;7,40;4,90;
2026-07-16 11:47:00.0;OFF;ON;100;-36,80;-0,10;6,90;43,50;98,40;91;43,70;7;100;7,40;5;
2026-07-16 11:48:00.0;OFF;ON;100;-36,90;0;7;43,50;98,40;91;43,80;7;100;7,40;5;
2026-07-16 11:49:00.0;OFF;ON;100;-39,60;0;7;43,50;98,40;90,90;46,60;7;100;7,40;5,10;
2026-07-16 11:50:00.0;OFF;ON;100;-40;0;7;43,40;98,40;90,90;47;7;100;7,40;5,20;
2026-07-16 11:51:00.0;OFF;ON;100;-40;0,10;7,10;43,40;98,40;90,90;47,10;7;100;7,50;5,20;
2026-07-16 11:52:00.0;OFF;ON;100;-35,40;0,10;7,10;43,30;98,40;90,90;42,50;7;100;7,50;5,20;
2026-07-16 11:53:00.0;OFF;ON;100;-35;0,10;7,10;43,30;98,40;90,90;42,20;7;100;7,50;5,20;
2026-07-16 11:54:00.0;OFF;ON;100;-12;0,10;7,20;43,30;98,40;90,90;19,20;7;100;7,50;5,30;
2026-07-16 11:55:00.0;OFF;ON;100;-15,80;0,10;7,10;43,20;98,40;90,90;22,90;7;100;7,40;5,30;
2026-07-16 11:56:00.0;OFF;ON;100;-32;0,10;7,10;43,20;98,40;90,90;39,10;7;100;7,40;5,30;
2026-07-16 11:57:00.0;OFF;ON;100;-14,70;0,10;7,10;43,10;98,40;90,90;21,80;7;100;7,40;5,30;
2026-07-16 11:58:00.0;OFF;ON;100;-39,90;0,20;7,20;43,10;98,30;90,90;47,10;7;100;7,40;5,30;
2026-07-16 11:59:00.0;OFF;ON;100;-30,10;0,20;7,20;43;98,30;90,90;37,30;7;100;7,40;5,30;
2026-07-16 12:00:00.0;OFF;ON;100;-27,60;0,10;7,10;43;98,30;90,90;34,70;7;100;7,30;5,20;
2026-07-16 12:01:00.0;OFF;ON;100;-12;0,10;7,10;42,90;98,30;90,90;19,10;7;100;7,40;5,20;
2026-07-16 12:02:00.0;OFF;ON;100;-26,90;0,10;7,10;42,90;98,30;90,90;34;7;100;7,30;5,20;
2026-07-16 12:03:00.0;OFF;ON;100;-29;0,10;7,10;42,80;98,40;90,90;36,10;7;100;7,30;5,20;
2026-07-16 12:04:00.0;OFF;ON;100;-35,10;0,10;7,10;42,80;98,40;90,80;42,20;7;100;7,30;5,20;
2026-07-16 12:05:00.0;OFF;ON;100;-32,30;0,10;7,10;42,70;98,40;90,80;39,40;7;100;7,30;5,20;
2026-07-16 12:06:00.0;OFF;ON;100;-15,20;0;7;42,70;98,40;90,80;22,30;7;100;7,20;5,20;
2026-07-16 12:07:00.0;OFF;ON;100;-37,60;0;7;42,60;98,40;90,80;44,60;7;100;7,20;5,10;
2026-07-16 12:08:00.0;OFF;ON;100;-19,50;0;7;42,60;98,40;90,80;26,50;7;100;7,10;5,10;
2026-07-16 12:09:00.0;OFF;ON;100;-31,70;0;7;42,50;98,40;90,80;38,60;7;100;7,20;5,10;
2026-07-16 12:10:00.0;OFF;ON;100;-36,20;-0,10;6,90;42,50;98,40;90,80;43,10;7;100;7,10;5;
2026-07-16 12:11:00.0;OFF;ON;100;-35,40;-0,10;6,90;42,40;98,40;90,80;42,30;7;100;7,10;5;
2026-07-16 12:12:00.0;OFF;ON;100;-32,40;-0,10;6,90;42,40;98,40;90,80;39,30;7;100;7;5;
2026-07-16 12:13:00.0;OFF;ON;100;-33,60;-0,20;6,80;42,30;98,40;90,80;40,50;7;100;7;5;
2026-07-16 12:14:00.0;OFF;ON;100;-32,10;-0,20;6,80;42,30;98,40;90,80;38,90;7;100;7;5;
2026-07-16 12:15:00.0;OFF;ON;100;-32,80;-0,20;6,80;42,20;98,40;90,80;39,60;7;100;7;5;
2026-07-16 12:16:00.0;OFF;ON;100;-34,20;-0,20;6,80;42,10;98,40;90,80;41;7;100;7;4,90;
2026-07-16 12:17:00.0;OFF;ON;100;-36,10;-0,30;6,70;42,10;98,40;90,70;42,80;7;100;6,90;4,90;
2026-07-16 12:18:00.0;OFF;ON;100;-36,50;-0,30;6,70;42;98,40;90,70;43,20;7;100;6,90;4,90;
2026-07-16 12:19:00.0;OFF;ON;100;-34,70;-0,30;6,70;41,90;98,40;90,70;41,30;7;100;6,90;4,80;
2026-07-16 12:20:00.0;OFF;ON;100;-34,20;-0,40;6,60;41,90;98,40;90,70;40,80;7;100;6,80;4,80;
2026-07-16 12:21:00.0;OFF;ON;100;-33,70;-0,40;6,60;41,80;98,40;90,70;40,30;7;100;6,70;4,80;
2026-07-16 12:22:00.0;OFF;ON;100;-37,50;-0,50;6,50;41,80;98,40;90,70;44,10;7;100;6,70;4,70;
2026-07-16 12:23:00.0;OFF;ON;100;-36,80;-0,50;6,50;41,70;98,40;90,60;43,40;7;100;6,60;4,70;
2026-07-16 12:24:00.0;OFF;ON;100;-39,90;-0,50;6,50;41,60;98,40;90,60;46,40;7;100;6,70;4,70;
2026-07-16 12:25:00.0;OFF;ON;100;-36,60;-0,60;6,40;41,60;98,40;90,60;43,10;7;100;6,60;4,70;
2026-07-16 12:26:00.0;OFF;ON;100;-37,30;-0,60;6,40;41,50;98,40;90,60;43,70;7;100;6,50;4,60;
2026-07-16 12:27:00.0;OFF;ON;100;-37,20;-0,60;6,40;41,40;98,40;90,60;43,60;7;100;6,50;4,60;
2026-07-16 12:28:00.0;OFF;ON;100;-37,20;-0,60;6,40;41,40;98,40;90,60;43,60;7;100;6,50;4,60;
2026-07-16 12:29:00.0;OFF;ON;100;-32,90;-0,70;6,30;41,30;98,40;90,60;39,20;7;100;6,40;4,50;
2026-07-16 12:30:00.0;OFF;ON;100;-32,50;-0,70;6,30;41,20;98,40;90,60;38,70;7;100;6,40;4,50;
2026-07-16 12:31:00.0;OFF;ON;100;-37,50;-0,80;6,20;41,20;98,40;90,60;43,70;7;100;6,30;4,50;
2026-07-16 12:32:00.0;OFF;ON;100;-35,90;-0,80;6,20;41,10;98,40;90,60;42,10;7;100;6,30;4,50;
2026-07-16 12:33:00.0;OFF;ON;100;-35;-0,80;6,20;41;98,40;90,60;41,10;7;100;6,20;4,40;
2026-07-16 12:34:00.0;OFF;ON;100;-37,30;-0,90;6,10;41;98,40;90,60;43,40;7;100;6,20;4,40;
2026-07-16 12:35:00.0;OFF;ON;100;-36,50;-0,90;6,10;40,90;98,40;90,60;42,60;7;100;6,20;4,40;
2026-07-16 12:36:00.0;OFF;ON;100;-36,60;-1;6;40,80;98,40;90,60;42,70;7;100;6,10;4,30;
2026-07-16 12:37:00.0;OFF;ON;100;-38,10;-1;6;40,70;98,40;90,60;44,10;7;100;6;4,30;
2026-07-16 12:38:00.0;OFF;ON;100;-34,30;-1;6;40,70;98,40;90,60;40,30;7;100;6,10;4,30;
2026-07-16 12:39:00.0;OFF;ON;100;-36,60;-1;6;40,60;98,40;90,60;42,50;7;100;6;4,20;
2026-07-16 12:40:00.0;OFF;ON;100;-36,40;-1,10;5,90;40,50;98,40;90,60;42,30;7;100;6;4,20;
2026-07-16 12:41:00.0;OFF;ON;100;-35,30;-1,10;5,90;40,40;98,40;90,60;41,20;7;100;5,90;4,20;
2026-07-16 12:42:00.0;OFF;ON;100;-35,70;-1,20;5,80;40,40;98,40;90,60;41,50;7;100;5,90;4,10;
2026-07-16 12:43:00.0;OFF;ON;100;-36,50;-1,20;5,80;40,30;98,40;90,60;42,30;7;100;5,90;4,10;
2026-07-16 12:44:00.0;OFF;ON;100;-33,90;-1,20;5,80;40,20;98,40;90,50;39,60;7;100;5,80;4,10;
2026-07-16 12:45:00.0;OFF;ON;100;-34,10;-1,30;5,70;40,20;98,40;90,50;39,80;7;100;5,80;4,10;
2026-07-16 12:46:00.0;OFF;ON;100;-34,70;-1,30;5,70;40,10;98,50;90,50;40,40;7;100;5,70;4;
2026-07-16 12:47:00.0;OFF;ON;100;-35,20;-1,40;5,60;40;98,40;90,50;40,80;7;100;5,70;4;
2026-07-16 12:48:00.0;OFF;ON;100;-34,60;-1,40;5,60;39,90;98,40;90,50;40,30;7;100;5,70;4;
2026-07-16 12:49:00.0;OFF;ON;100;-36,60;-1,40;5,60;39,90;98,40;90,50;42,10;7;100;5,60;3,90;
2026-07-16 12:50:00.0;OFF;ON;100;-36,90;-1,40;5,60;39,80;98,40;90,50;42,50;7;100;5,60;3,90;
2026-07-16 12:51:00.0;OFF;ON;100;-36,10;-1,50;5,50;39,70;98,40;90,50;41,60;7;100;5,60;3,90;
2026-07-16 12:52:00.0;OFF;ON;100;-39,80;-1,50;5,50;39,70;98,40;90,50;45,30;7;100;5,50;3,80;
2026-07-16 12:53:00.0;OFF;ON;100;-37,70;-1,60;5,40;39,60;98,40;90,40;43,10;7;100;5,50;3,80;
2026-07-16 12:54:00.0;OFF;ON;100;-35,90;-1,60;5,40;39,50;98,40;90,50;41,30;7;100;5,40;3,80;
2026-07-16 12:55:00.0;OFF;ON;100;-40;-1,60;5,40;39,40;98,40;90,40;45,40;7;100;5,40;3,80;
2026-07-16 12:56:00.0;OFF;ON;100;-40;-1,70;5,30;39,40;98,40;90,50;45,30;7;100;5,40;3,70;
2026-07-16 12:57:00.0;OFF;ON;100;-38,90;-1,70;5,30;39,30;98,40;90,40;44,10;7;100;5,30;3,70;
2026-07-16 12:58:00.0;OFF;ON;100;-37,50;-1,80;5,20;39,30;98,40;90,50;42,80;7;100;5,30;3,70;
2026-07-16 12:59:00.0;OFF;ON;100;-38,20;-1,80;5,20;39,20;98,40;90,40;43,40;7;100;5,20;3,60;
2026-07-16 13:00:00.0;OFF;ON;100;-36,30;-1,80;5,20;39,10;98,40;90,40;41,50;7;100;5,20;3,60;
2026-07-16 13:01:00.0;OFF;ON;100;-37,90;-1,90;5,10;39;98,40;90,40;43,10;7;100;5,20;3,60;
2026-07-16 13:02:00.0;OFF;ON;100;-36,10;-1,90;5,10;39;98,40;90,40;41,20;7;100;5,10;3,50;
2026-07-16 13:03:00.0;OFF;ON;100;-36,10;-1,90;5,10;38,90;98,40;90,40;41,20;7;100;5;3,50;
2026-07-16 13:04:00.0;OFF;ON;100;-33,60;-2;5;38,80;98,40;90,40;38,70;7;100;5;3,50;
2026-07-16 13:05:00.0;OFF;ON;100;-39,90;-2;5;38,70;98,40;90,40;44,90;7;100;5;3,50;
2026-07-16 13:06:00.0;OFF;ON;100;-36,10;0,50;5;38,70;98,40;90,40;41,10;7;100;4,90;3,40;
2026-07-16 13:07:00.0;OFF;ON;100;-38,90;0,40;4,90;38,60;98,40;90,40;43,80;7;100;4,90;3,40;
2026-07-16 13:08:00.0;OFF;ON;100;-37,30;0,40;4,90;38,50;98,40;90,40;42,20;7;100;5;3,40;
2026-07-16 13:09:00.0;OFF;ON;100;-40;0,40;4,90;38,50;98,40;90,40;44,90;7;100;4,90;3,40;
2026-07-16 13:10:00.0;OFF;ON;100;-39,10;0,40;4,90;38,40;98,40;90,40;43,90;4,50;100;4,80;3,30;
2026-07-16 13:11:00.0;OFF;ON;100;-34,80;0,30;4,80;38,30;98,30;90,30;39,60;4,50;100;4,90;3,30;
2026-07-16 13:12:00.0;OFF;ON;100;-34,80;0,30;4,80;38,20;98,30;90,30;39,60;4,50;100;4,80;3,30;
2026-07-16 13:13:00.0;OFF;ON;100;-12,90;0,30;4,80;38,20;98,30;90,30;17,70;4,50;100;4,80;3,20;
2026-07-16 13:14:00.0;OFF;ON;100;-34,90;0,30;4,80;38,10;98,20;90,30;39,70;4,50;100;4,70;3,20;
2026-07-16 13:15:00.0;OFF;ON;100;-37,40;0,20;4,70;38;98,20;90,30;42,10;4,50;100;4,70;3,20;
2026-07-16 13:16:00.0;OFF;ON;100;-34;0,20;4,70;37,90;98,10;90,30;38,70;4,50;100;4,70;3,10;
2026-07-16 13:17:00.0;OFF;ON;100;-36,90;0,20;4,70;37,90;98,10;90,30;41,50;4,50;100;4,60;3,10;
2026-07-16 13:18:00.0;OFF;ON;100;-36,50;0,10;4,60;37,80;98,10;90,30;41,10;4,50;100;4,60;3,10;
2026-07-16 13:19:00.0;OFF;ON;100;-33,90;0,10;4,60;37,70;98,10;90,30;38,50;4,50;100;4,60;3;
2026-07-16 13:20:00.0;OFF;ON;100;-26,80;0,10;4,60;37,60;98,10;90,30;31,40;4,50;100;4,60;3;
2026-07-16 13:21:00.0;OFF;ON;100;-35,30;0;4,50;37,60;98;90,30;40,30;4,50;100;4,50;3;
2026-07-16 13:22:00.0;OFF;ON;100;-37,60;0;4,50;37,50;98;90,30;42,10;4,50;100;4,50;2,90;
2026-07-16 13:23:00.0;OFF;ON;100;-36,20;0;4,50;37,40;98;90,30;40,60;4,50;100;4,50;2,90;
2026-07-16 13:24:00.0;OFF;ON;100;-37,90;0;4,50;37,30;98;90,30;42,30;4,50;100;4,40;2,90;
2026-07-16 13:25:00.0;OFF;ON;100;-34,70;-0,10;4,40;37,30;98;90,30;39,10;4,50;100;4,40;2,80;
2026-07-16 13:26:00.0;OFF;ON;100;-33;-0,10;4,40;37,20;98;90,30;37,30;4,50;100;4,30;2,80;
2026-07-16 13:27:00.0;OFF;ON;100;-36,10;-0,10;4,40;37,10;98;90,30;40,50;4,50;100;4,30;2,80;
2026-07-16 13:28:00.0;OFF;ON;100;-32,70;-0,20;4,30;37;97,90;90,30;37,10;4,50;100;4,30;2,70;
2026-07-16 13:29:00.0;OFF;ON;100;-34,70;-0,20;4,30;36,90;97,80;90,30;39,10;4,50;100;4,30;2,70;
2026-07-16 13:30:00.0;OFF;ON;100;-36;-0,20;4,30;36,80;97,80;90,30;40,30;4,50;100;4,20;2,70;
2026-07-16 13:31:00.0;OFF;ON;100;-36,30;-0,20;4,30;36,80;97,80;90,30;40,50;4,50;100;4,20;2,60;
2026-07-16 13:32:00.0;OFF;ON;100;-34,10;-0,30;4,20;36,70;97,80;90,30;38,30;4,50;100;4,20;2,60;
2026-07-16 13:33:00.0;OFF;ON;100;-33,90;-0,30;4,20;36,60;97,80;90,30;38,10;4,50;100;4,10;2,60;
2026-07-16 13:34:00.0;OFF;ON;100;-33,80;-0,30;4,20;36,50;97,80;90,30;38;4,50;100;4,10;2,60;
2026-07-16 13:35:00.0;OFF;ON;100;-33,80;-0,30;4,20;36,40;97,70;90,30;38;4,50;100;4,10;2,50;
2026-07-16 13:36:00.0;OFF;ON;100;-35,30;-0,40;4,10;36,40;97,60;90,30;39,40;4,50;100;4,10;2,50;
2026-07-16 13:37:00.0;OFF;ON;100;-36,20;-0,40;4,10;36,30;97,70;90,20;40,30;4,50;100;4,10;2,50;
2026-07-16 13:38:00.0;OFF;ON;100;-38,80;-0,40;4,10;36,20;97,70;90,30;42,90;4,50;100;4;2,40;
2026-07-16 13:39:00.0;OFF;ON;100;-38;-0,50;4;36,10;97,60;90,20;42,10;4,50;100;4;2,40;
2026-07-16 13:40:00.0;OFF;ON;100;-36,50;-0,50;4;36;97,60;90,20;40,50;4,50;100;3,90;2,40;
2026-07-16 13:41:00.0;OFF;ON;100;-37,10;-0,50;4;35,90;97,80;90,20;41,10;4,50;100;3,90;2,30;
2026-07-16 13:42:00.0;OFF;ON;100;-36,30;-0,50;4;35,80;97,80;90,20;40,30;4,50;100;3,90;2,30;
2026-07-16 13:43:00.0;OFF;ON;100;-37,10;-0,60;3,90;35,80;97,70;90,20;41,10;4,50;100;3,90;2,30;
2026-07-16 13:44:00.0;OFF;ON;100;-34,50;-0,60;3,90;35,70;97,60;90,20;38,40;4,50;100;3,80;2,30;
2026-07-16 13:45:00.0;OFF;ON;100;-38,70;-0,60;3,90;35,60;97,50;90,20;42,60;4,50;100;3,80;2,20;
2026-07-16 13:46:00.0;OFF;ON;100;-38;-0,60;3,90;35,50;97,70;90,20;41,80;4,50;100;3,90;2,30;
2026-07-16 13:47:00.0;OFF;ON;100;-38,70;-0,70;3,80;35,40;97,70;90,20;42,50;4,50;100;3,80;2,20;
2026-07-16 13:48:00.0;OFF;ON;100;-35,30;-0,70;3,80;35,30;97,70;90,20;41,20;4,50;100;3,70;2,20;
2026-07-16 13:49:00.0;OFF;ON;100;-34,10;-0,70;3,80;35,30;97,70;90,20;37,90;4,50;100;3,70;2,20;
2026-07-16 13:50:00.0;OFF;ON;100;-35,10;-0,70;3,80;35,20;97,60;90,20;38,80;4,50;100;3,70;2,10;
2026-07-16 13:51:00.0;OFF;ON;100;-33,30;-0,80;3,70;35,10;97,50;90,20;37,10;4,50;100;3,70;2,10;
2026-07-16 13:52:00.0;OFF;ON;100;-32;-0,80;3,70;35;97,50;90,20;35,70;4,50;100;3,60;2,10;
2026-07-16 13:53:00.0;OFF;ON;100;-35,80;-0,80;3,70;34,90;97,50;90,40;39,50;4,50;100;3,70;2;
2026-07-16 13:54:00.0;OFF;ON;100;-35,60;-0,70;3,80;34,90;97,80;90,40;39,40;4,50;100;3,90;2,20;
2026-07-16 13:55:00.0;OFF;ON;100;-33,90;-0,70;3,80;34,80;97,90;90,40;37,70;4,50;100;3,80;2,20;
2026-07-16 13:56:00.0;OFF;ON;100;-34,80;-0,80;3,70;34,70;97,80;90,40;38,50;4,50;100;3,70;2,10;
2026-07-16 13:57:00.0;OFF;ON;100;-32;-0,80;3,70;34,60;97,70;90,40;35,60;4,50;100;3,60;2,10;
2026-07-16 13:58:00.0;OFF;ON;100;-32,10;-0,90;3,60;34,60;97,50;90,40;35,70;4,50;100;3,50;2;
2026-07-16 13:59:00.0;OFF;ON;100;-32,80;-0,90;3,60;34,50;97,50;90,30;36,30;4,50;100;3,50;2;
2026-07-16 14:00:00.0;OFF;ON;100;-29,60;-1;3,50;34,40;97,50;90,30;33,10;4,50;100;3,50;2;
2026-07-16 14:01:00.0;OFF;ON;100;-32,20;-1;3,50;34,30;97,40;90,30;35,70;4,50;100;3,40;1,90;
2026-07-16 14:02:00.0;OFF;ON;100;-29,70;-1;3,50;34,30;97,50;90,30;33,20;4,50;100;3,40;1,90;
2026-07-16 14:03:00.0;OFF;ON;100;-31,30;-1;3,50;34,20;97,40;90,30;34,70;4,50;100;3,40;1,90;
2026-07-16 14:04:00.0;OFF;ON;100;-31,70;-1,10;3,40;34,10;97,40;90,30;35,10;4,50;100;3,30;1,80;
2026-07-16 14:05:00.0;OFF;ON;100;-31,10;-1,10;3,40;34,10;97,30;90,30;34,50;4,50;100;3,30;1,80;
2026-07-16 14:06:00.0;OFF;ON;100;-34,80;-1,10;3,40;34;97,40;90,30;38,10;4,50;100;3,20;1,70;
2026-07-16 14:07:00.0;OFF;ON;100;-33,60;-1,10;3,40;33,90;97,40;90,30;36,90;4,50;100;3,30;1,70;
2026-07-16 14:08:00.0;OFF;ON;100;-28,50;-1,20;3,30;33,80;97,40;90,30;31,90;4,50;100;3,30;1,70;
2026-07-16 14:09:00.0;OFF;ON;100;-23;-1,20;3,30;33,70;97,40;90,30;26,30;4,50;100;3,20;1,70;
2026-07-16 14:10:00.0;OFF;ON;100;-30,90;-1,20;3,30;33,70;97,30;90,30;34,20;4,50;100;3,20;1,60;
2026-07-16 14:11:00.0;OFF;ON;100;-29,40;-1,30;3,20;33,60;97,30;90,30;32,60;4,50;100;3,10;1,60;
2026-07-16 14:12:00.0;OFF;ON;100;-23,80;-1,30;3,20;33,50;97,20;90,30;27;4,50;100;3,10;1,60;
2026-07-16 14:13:00.0;OFF;ON;100;-29;-1,30;3,20;33,40;97,30;90,30;32,10;4,50;100;3,10;1,50;
2026-07-16 14:14:00.0;OFF;ON;100;-30,40;-1,30;3,20;33,40;97,20;90,30;33,60;4,50;100;3,10;1,50;
2026-07-16 14:15:00.0;OFF;ON;100;-31,20;-1,40;3,10;33,30;97,10;90,30;34,40;4,50;100;3;1,50;
2026-07-16 14:16:00.0;OFF;ON;100;-34,70;-1,40;3,10;33,20;97,20;90,30;37,80;4,50;100;3;1,50;
2026-07-16 14:17:00.0;OFF;ON;100;-31,30;-1,40;3,10;33,10;97,10;90,20;34,40;4,50;100;3;1,40;
2026-07-16 14:18:00.0;OFF;ON;100;-33,20;-1,50;3;33,10;97,20;90,20;36,20;4,50;100;2,90;1,40;
2026-07-16 14:19:00.0;OFF;ON;100;-28,70;-1,50;3;33;97,10;90,20;31,70;4,50;100;2,90;1,40;
2026-07-16 14:20:00.0;OFF;ON;100;-30,20;-1,50;3;32,90;97,10;90,20;33,20;4,50;100;2,90;1,30;
2026-07-16 14:21:00.0;OFF;ON;100;-30,40;-1,60;2,90;32,80;97,20;90,20;33,30;4,50;100;2,80;1,30;
2026-07-16 14:22:00.0;OFF;ON;100;-24;-1,60;2,90;32,80;97,10;90,20;26,90;4,50;100;2,80;1,30;
2026-07-16 14:23:00.0;OFF;ON;100;-31,80;-1,60;2,90;32,70;97;90,20;34,70;4,50;100;2,80;1,30;
2026-07-16 14:24:00.0;OFF;ON;100;-32,60;-1,60;2,90;32,60;97;90,20;35,40;4,50;100;2,70;1,20;
2026-07-16 14:25:00.0;OFF;ON;100;-20,20;-1,70;2,80;32,50;97,10;90,20;23;4,50;100;2,70;1,20;
2026-07-16 14:26:00.0;OFF;ON;100;-28,60;-1,70;2,80;32,40;97;90,20;31,40;4,50;100;2,70;1,20;
2026-07-16 14:27:00.0;OFF;ON;100;-21;-1,70;2,80;32,40;97,10;90,20;23,80;4,50;100;2,70;1,10;
2026-07-16 14:28:00.0;OFF;ON;100;-36;-1,80;2,70;32,30;97;90,20;38,80;4,50;100;2,60;1,10;
2026-07-16 14:29:00.0;OFF;ON;100;-32,40;-1,80;2,70;32,20;97;90,20;35,10;4,50;100;2,60;1,10;
2026-07-16 14:30:00.0;OFF;ON;100;-31,80;-1,80;2,70;32,10;97,10;90,20;34,50;4,50;100;2,60;1,10;
2026-07-16 14:31:00.0;OFF;ON;100;-32,50;-1,80;2,70;32,10;97;90,20;35,20;4,50;100;2,50;1;
2026-07-16 14:32:00.0;OFF;ON;100;-16,30;-1,90;2,60;32;97,10;90,20;18,90;4,50;100;2,50;1;
2026-07-16 14:33:00.0;OFF;ON;100;-27,60;-1,90;2,60;31,90;97,20;90,20;30,30;4,50;100;2,50;1;
2026-07-16 14:34:00.0;OFF;ON;100;-14,60;-1,90;2,60;31,80;97,10;90,20;17,20;4,50;100;2,50;1;
2026-07-16 14:35:00.0;OFF;ON;100;-12;-1,90;2,60;31,70;97;90,20;14,60;4,50;100;2,40;0,90;
2026-07-16 14:36:00.0;OFF;ON;100;-25,10;-2;2,50;31,60;97;90,20;27,60;4,50;100;2,40;0,90;
2026-07-16 14:37:00.0;OFF;ON;100;-25,20;-2;2,50;31,60;97;90,20;27,70;4,50;100;2,40;0,90;
2026-07-16 14:38:00.0;OFF;ON;100;-7,90;-2;2,50;31,50;97;90,20;10,40;4,50;100;2,40;0,90;
2026-07-16 14:39:00.0;OFF;ON;100;-7,90;-2,10;2,40;31,40;97;90,20;10,30;4,50;100;2,30;0,90;
2026-07-16 14:40:00.0;OFF;ON;100;-7;-2,10;2,40;31,30;97;90,20;9,40;4,50;100;2,30;0,90;
2026-07-16 14:41:00.0;OFF;ON;100;-6,80;-2,10;2,40;31,30;96,90;90,20;9,20;4,50;100;2,30;0,80;
2026-07-16 14:42:00.0;OFF;ON;100;-7,40;-2,10;2,40;31,20;97;90,20;9,70;4,50;100;2,20;0,80;
2026-07-16 14:43:00.0;OFF;ON;100;-7,10;-2,10;2,40;31,10;97;90,20;9,50;4,50;100;2,20;0,80;
2026-07-16 14:44:00.0;OFF;ON;100;-7,80;-2,20;2,30;31;97;90,20;10,20;4,50;100;2,20;0,80;
2026-07-16 14:45:00.0;OFF;ON;100;-7;-2,20;2,30;30,90;96,90;90,20;9,30;4,50;100;2,20;0,80;
2026-07-16 14:46:00.0;OFF;ON;100;-7,60;-2,20;2,30;30,90;97;90,20;9,90;4,50;100;2,10;0,70;
2026-07-16 14:47:00.0;OFF;ON;100;-7,70;-2,20;2,30;30,80;97;90,20;10;4,50;100;2,10;0,70;
2026-07-16 14:48:00.0;OFF;ON;100;-7,10;-2,20;2,30;30,70;97;90,20;9,40;4,50;100;2,10;0,70;
2026-07-16 14:49:00.0;OFF;ON;100;-24,90;-2,30;2,20;30,60;97;90,20;27,10;4,50;100;2,10;0,70;
2026-07-16 14:50:00.0;OFF;ON;100;-16,40;-2,30;2,20;30,50;96,90;90,20;18,60;4,50;100;2,10;0,70;
2026-07-16 14:51:00.0;OFF;ON;100;-28,20;-2,30;2,20;30,40;97;90,20;30,40;4,50;100;2,10;0,70;
2026-07-16 14:52:00.0;OFF;ON;100;-19,30;-2,30;2,20;30,40;97;90,10;21,50;4,50;100;2,10;0,70;
2026-07-16 14:53:00.0;OFF;ON;100;-7,50;-2,30;2,20;30,30;97;90,10;9,60;4,50;100;2;0,60;
2026-07-16 14:54:00.0;OFF;ON;100;-15,80;-2,30;2,20;30,20;97;90,10;9;4,50;100;2;0,60;
2026-07-16 14:55:00.0;OFF;ON;100;-18,60;-2,40;2,10;30,10;97;90,10;20,70;4,50;100;2;0,60;
2026-07-16 14:56:00.0;OFF;ON;100;-6,50;-2,40;2,10;30;97;90,10;8,60;4,50;100;2;0,60;
2026-07-16 14:57:00.0;OFF;ON;100;-6,90;-2,40;2,10;29,90;97;90,10;9;4,50;100;2;0,60;
2026-07-16 14:58:00.0;OFF;ON;100;-6,80;-2,40;2,10;29,90;97;90,10;8,80;4,50;100;1,90;0,60;
2026-07-16 14:59:00.0;OFF;ON;100;-6,50;-2,40;2,10;29,80;97;90,10;8,60;4,50;100;1,90;0,60;
2026-07-16 15:00:00.0;OFF;ON;100;-6,60;-2,40;2,10;29,70;97,10;90,10;8,80;4,50;100;2;0,70;
2026-07-16 15:01:00.0;OFF;ON;100;-6,90;-2,30;2,20;29,60;97,20;90,10;9,10;4,50;100;2;0,80;
2026-07-16 15:02:00.0;OFF;ON;100;-7,40;-2,30;2,20;29,60;97,40;90,10;9,60;4,50;100;2,10;0,90;
2026-07-16 15:03:00.0;OFF;ON;100;-6,80;-2,30;2,20;29,50;97,40;90,10;9;4,50;100;2,10;0,90;
2026-07-16 15:04:00.0;OFF;ON;100;-6,90;-2,30;2,20;29,50;97,50;90,10;9,10;4,50;100;2,10;0,90;
2026-07-16 15:05:00.0;OFF;ON;100;-7;-2,30;2,20;29,40;97,40;90,10;9,30;4,50;100;2;0,80;
2026-07-16 15:06:00.0;OFF;ON;100;-6,70;-2,40;2,10;29,30;97,30;90,10;8,90;4,50;100;2;0,70;
2026-07-16 15:07:00.0;OFF;ON;100;-6,80;-2,40;2,10;29,20;97,10;90,10;8,80;4,50;100;1,90;0,70;
2026-07-16 15:08:00.0;OFF;ON;100;-6,60;-2,50;2;29,20;97;90,10;8,70;4,50;100;1,90;0,60;
2026-07-16 15:09:00.0;OFF;ON;100;-6,60;-2,50;2;29,10;97;90,10;8,60;4,50;100;1,80;0,50;
2026-07-16 15:10:00.0;OFF;ON;100;-6,50;-2,50;2;29;97;90,10;8,50;4,50;100;1,80;0,50;
2026-07-16 15:11:00.0;OFF;ON;100;-7,30;-2,60;1,90;28,90;96,80;90,10;9,30;4,50;100;1,80;0,50;
2026-07-16 15:12:00.0;OFF;ON;100;-6,80;-2,60;1,90;28,90;96,80;90,10;8,70;4,50;100;1,80;0,40;
2026-07-16 15:13:00.0;OFF;ON;100;-7,30;-2,60;1,90;28,80;96,80;90,10;9,20;4,50;100;1,80;0,40;
2026-07-16 15:14:00.0;OFF;ON;100;-6,90;-2,60;1,90;28,80;96,80;90,10;8,70;4,50;100;1,70;0,40;
2026-07-16 15:15:00.0;OFF;ON;100;-7,70;-2,60;1,90;28,70;96,80;90,10;9,60;4,50;100;1,70;0,40;
2026-07-16 15:16:00.0;OFF;ON;100;-7;-2,70;1,80;28,60;96,70;90,10;8,80;4,50;100;1,70;0,30;
2026-07-16 15:17:00.0;OFF;ON;100;-7;-2,70;1,80;28,50;96,80;90,10;8,80;4,50;100;1,70;0,30;
2026-07-16 15:18:00.0;OFF;ON;100;-6,80;-2,70;1,80;28,50;96,80;90,10;8,60;4,50;100;1,60;0,30;
2026-07-16 15:19:00.0;OFF;ON;100;-12;-2,70;1,80;28,40;96,80;90,10;13,80;4,50;100;1,60;0,30;
2026-07-16 15:20:00.0;OFF;ON;100;-7;-2,70;1,80;28,30;96,80;90,10;8,80;4,50;100;1,60;0,30;
2026-07-16 15:21:00.0;OFF;ON;100;-7,20;-2,80;1,70;28,30;96,70;90,10;9;4,50;100;1,60;0,20;
2026-07-16 15:22:00.0;OFF;ON;100;-7,20;-2,80;1,70;28,20;96,70;90,10;9;4,50;100;1,60;0,20;
2026-07-16 15:23:00.0;OFF;ON;100;-6,80;-2,80;1,70;28,10;96,70;90,10;8,50;4,50;100;1,60;0,20;
2026-07-16 15:24:00.0;OFF;ON;100;-7;-2,80;1,70;28;96,70;90;8,70;4,50;100;1,60;0,20;
2026-07-16 15:25:00.0;OFF;ON;100;-6,70;-2,80;1,70;28;96,60;90;8,40;4,50;100;1,50;0,20;
2026-07-16 15:26:00.0;OFF;ON;100;-6,90;-2,80;1,70;27,90;96,70;90;8,60;4,50;100;1,60;0,20;
2026-07-16 15:27:00.0;OFF;ON;100;-7,30;-2,80;1,70;27,80;96,80;90;9;4,50;100;1,50;0,20;
2026-07-16 15:28:00.0;OFF;ON;100;-6,90;-2,80;1,70;27,70;96,70;90;8,50;4,50;100;1,50;0,20;
2026-07-16 15:29:00.0;OFF;ON;100;-19,40;-2,80;1,70;27,70;96,70;90;21;4,50;100;1,50;0,20;
2026-07-16 15:30:00.0;OFF;ON;100;-12,80;-2,90;1,60;27,60;96,80;90;8,40;4,50;100;1,50;0,20;
2026-07-16 15:31:00.0;OFF;ON;100;-6,70;-2,90;1,60;27,50;96,70;90;8,30;4,50;100;1,50;0,20;
2026-07-16 15:32:00.0;OFF;ON;100;-7,20;-2,90;1,60;27,40;96,60;90;8,80;4,50;100;1,50;0,20;
2026-07-16 15:33:00.0;OFF;ON;100;-7,70;-2,90;1,60;27,40;96,60;90;9,30;4,50;100;1,40;0,10;
2026-07-16 15:34:00.0;OFF;ON;100;-13,10;-2,90;1,60;27,30;96,70;90;14,70;4,50;100;1,40;0,10;
2026-07-16 15:35:00.0;OFF;ON;100;-22,10;-2,90;1,60;27,20;96,70;90;23,70;4,50;100;1,40;0,10;
2026-07-16 15:36:00.0;OFF;ON;100;-6,90;-2,90;1,60;27,10;96,70;90;8,50;4,50;100;1,40;0,10;
2026-07-16 15:37:00.0;OFF;ON;100;-31,90;-2,90;1,60;27,10;96,80;90;33,50;4,50;100;1,40;0,10;
2026-07-16 15:38:00.0;OFF;ON;100;-33,90;-3;1,50;27;96,70;90;35,40;4,50;100;1,40;0,10;
2026-07-16 15:39:00.0;OFF;ON;100;-29,50;-3;1,50;26,90;96,70;90;31;4,50;100;1,40;0,10;
2026-07-16 15:40:00.0;OFF;ON;100;-22,30;-3;1,50;26,80;96,70;90;23,80;4,50;100;1,40;0,10;
2026-07-16 15:41:00.0;OFF;ON;100;-33,80;-3;1,50;26,80;96,70;90;35,30;4,50;100;1,40;0,10;
2026-07-16 15:42:00.0;OFF;ON;100;-32,40;-3;1,50;26,70;96,80;90;33,90;4,50;100;1,30;0,10;
2026-07-16 15:43:00.0;OFF;ON;100;-23,30;-3;1,50;26,60;96,80;90;24,80;4,50;100;1,30;0,10;
2026-07-16 15:44:00.0;OFF;ON;100;-36,60;-3;1,50;26,50;96,70;90;38,10;4,50;100;1,30;0;
2026-07-16 15:45:00.0;OFF;ON;100;-40;-3;1,50;26,50;96,70;90;41,50;4,50;100;1,30;0,10;
2026-07-16 15:46:00.0;OFF;ON;100;-22,90;-3;1,50;26,40;96,70;90;24,30;4,50;100;1,30;0;
2026-07-16 15:47:00.0;OFF;ON;100;-12,80;-3;1,50;26,30;96,70;90;14,30;4,50;100;1,40;0;
2026-07-16 15:48:00.0;OFF;ON;100;-7;-3,10;1,40;26,20;96,70;90;8,40;4,50;100;1,30;0;
2026-07-16 15:49:00.0;OFF;ON;100;-37,60;-3,10;1,40;26,20;96,70;90;39;4,50;100;1,30;0;
2026-07-16 15:50:00.0;OFF;ON;100;-6,70;-3,10;1,40;26,10;96,70;90;8,10;4,50;100;1,30;0;
2026-07-16 15:51:00.0;OFF;ON;100;-21,70;-3,10;1,40;26;96,70;90;23,10;4,50;100;1,30;0;
2026-07-16 15:52:00.0;OFF;ON;100;-21,20;-3,10;1,40;25,90;96,70;90;22,60;4,50;100;1,20;0;
2026-07-16 15:53:00.0;OFF;ON;100;-15,70;-3,10;1,40;25,90;96,70;90;17,10;4,50;100;1,30;0;
2026-07-16 15:54:00.0;OFF;ON;100;-19,90;-3,10;1,40;25,80;96,70;90;21,30;4,50;100;1,20;0;
2026-07-16 15:55:00.0;OFF;ON;100;-24,60;-3,10;1,40;25,70;96,70;90;26;4,50;100;1,20;0;
2026-07-16 15:56:00.0;OFF;ON;100;-18,40;-3,10;1,40;25,70;96,80;90;19,80;4,50;100;1,20;0;
2026-07-16 15:57:00.0;OFF;ON;100;-26,40;-3,10;1,40;25,60;96,60;90;27,70;4,50;100;1,20;0;
2026-07-16 15:58:00.0;OFF;ON;100;-24,40;-3,20;1,30;25,50;96,60;90;25,70;4,50;100;1,20;0;
2026-07-16 15:59:00.0;OFF;ON;100;-19;-3,20;1,30;25,40;96,60;90;20,40;4,50;100;1,20;0;
2026-07-16 16:00:00.0;OFF;ON;100;-34,10;-3,20;1,30;25,30;96,70;90;35,40;4,50;100;1,20;0;
2026-07-16 16:01:00.0;OFF;ON;100;-35,50;-3,20;1,30;25,30;96,60;89,90;36,80;4,50;100;1,20;0;
2026-07-16 16:02:00.0;OFF;ON;100;-19,60;-3,20;1,30;25,20;96,60;90;21;4,50;100;1,20;0;
2026-07-16 16:03:00.0;OFF;ON;100;-26,30;-3,20;1,30;25,10;96,50;90;27,60;4,50;100;1,20;0;
2026-07-16 16:04:00.0;OFF;ON;100;-15,40;-3,20;1,30;25;96,50;90;16,70;4,50;100;1,20;0;
2026-07-16 16:05:00.0;OFF;ON;100;-12,50;-3,20;1,30;25;96,50;89,90;13,80;4,50;100;1,20;0;
2026-07-16 16:06:00.0;OFF;ON;100;-7,50;-3,20;1,30;24,90;96,60;90;8,70;4,50;100;1,10;0;
2026-07-16 16:07:00.0;OFF;ON;100;-7,40;-3,20;1,30;24,80;96,50;90;8,70;4,50;100;1,20;0;
2026-07-16 16:08:00.0;OFF;ON;100;-7,40;-3,20;1,30;24,80;96,70;90;8,70;4,50;100;1,20;0;
2026-07-16 16:09:00.0;OFF;ON;100;-6,70;-3,20;1,30;24,70;96,60;90;8;4,50;100;1,20;0;
2026-07-16 16:10:00.0;OFF;ON;100;-6,30;-3,20;1,30;24,60;96,60;90;7,60;4,50;100;1,20;0;
2026-07-16 16:11:00.0;OFF;ON;100;-6,70;-3,20;1,30;24,60;96,60;90;8;4,50;100;1,20;0;
2026-07-16 16:12:00.0;OFF;ON;100;-6,30;-3,20;1,30;24,50;96,70;90;7,60;4,50;100;1,20;0;
2026-07-16 16:13:00.0;OFF;ON;100;-22,80;-3,20;1,30;24,50;96,70;90;24,10;4,50;100;1,20;0;
2026-07-16 16:14:00.0;OFF;ON;100;-6,80;-3,20;1,30;24,40;96,70;90,20;8,10;4,50;100;1,20;0;
2026-07-16 16:15:00.0;OFF;ON;100;-6,40;-3,20;1,30;24,30;96,70;90,20;7,70;4,50;100;1,20;0;
2026-07-16 16:16:00.0;OFF;ON;100;-6,80;-3,20;1,30;24,30;96,70;90,20;8,10;4,50;100;1,20;0;
2026-07-16 16:17:00.0;OFF;ON;100;-6,80;-3,30;1,20;24,20;96,60;90,20;8,10;4,50;100;1,10;0;
2026-07-16 16:18:00.0;OFF;ON;100;-6,30;-3,30;1,20;24,10;96,60;90,20;7,50;4,50;100;1,10;0;
2026-07-16 16:19:00.0;OFF;ON;100;-7;-3,30;1,20;24,10;96,60;90,20;8,20;4,50;100;1,10;-0,10;
2026-07-16 16:20:00.0;OFF;ON;100;-6,90;-3,30;1,20;24;96,50;90,20;8,10;4,50;100;1,10;-0,10;
2026-07-16 16:21:00.0;OFF;ON;100;-6,50;-3,40;1,10;24;96,40;90,20;7,70;4,50;100;1;-0,20;
2026-07-16 16:22:00.0;OFF;ON;100;-6,60;-3,50;1;23,90;96,20;90,20;7,70;4,50;100;0,90;-0,30;
2026-07-16 16:23:00.0;OFF;ON;100;-7;-3,40;1,10;23,80;96,30;90,20;8,10;4,50;100;1;-0,10;
2026-07-16 16:24:00.0;OFF;ON;100;-6,70;-3,40;1,10;23,80;96,30;90,10;7,80;4,50;100;1;-0,10;
2026-07-16 16:25:00.0;OFF;ON;100;-5,30;-3,40;1,10;23,70;96,40;90,10;6,40;4,50;100;1;-0,10;
2026-07-16 16:26:00.0;OFF;ON;100;-5,30;-3,30;1,20;23,60;96,50;90,10;6,50;4,50;100;1;0;
2026-07-16 16:27:00.0;OFF;ON;100;-5,20;-3,30;1,20;23,60;96,60;90,10;6,30;4,50;100;1;0;
2026-07-16 16:28:00.0;OFF;ON;100;-5;-3,30;1,20;23,50;96,60;90,10;6,20;4,50;100;1;0;
2026-07-16 16:29:00.0;OFF;ON;100;-5;-3,30;1,20;23,50;96,60;90,10;6,20;4,50;100;1;0;
2026-07-16 16:30:00.0;OFF;ON;100;-4,70;-3,30;1,20;23,40;96,60;90,10;5,90;4,50;100;1,10;0;
2026-07-16 16:31:00.0;OFF;ON;100;-4,90;-3,30;1,20;23,30;96,70;90,10;6,10;4,50;100;1;0;
2026-07-16 16:32:00.0;OFF;ON;100;-5,30;-3,30;1,20;23,30;96,70;90,10;6,40;4,50;100;1,10;0;
2026-07-16 16:33:00.0;OFF;ON;100;-5,10;-3,30;1,20;23,20;96,70;90,10;6,20;4,50;100;1;0;
2026-07-16 16:34:00.0;OFF;ON;100;-5,20;-3,30;1,20;23,10;96,70;90,10;6,40;4,50;100;1,10;0;
2026-07-16 16:35:00.0;OFF;ON;100;-5;-3,30;1,20;23,10;96,70;90,10;6,20;4,50;100;1;0;
2026-07-16 16:36:00.0;OFF;ON;100;-6;-3,40;1,10;23;96,70;90,10;7,10;4,50;100;1;0;
2026-07-16 16:37:00.0;OFF;ON;100;-5;-3,30;1,20;23;96,70;90,10;6,10;4,50;100;1;0;
2026-07-16 16:38:00.0;OFF;ON;100;-4,90;-3,40;1,10;22,90;96,60;90,10;6,10;4,50;100;1;0;
2026-07-16 16:39:00.0;OFF;ON;100;-5;-3,40;1,10;22,80;96,60;90,10;6,10;4,50;100;1;0;
2026-07-16 16:40:00.0;OFF;ON;100;-5,10;-3,40;1,10;22,80;96,70;90,10;6,30;4,50;100;1;0;
2026-07-16 16:41:00.0;OFF;ON;100;-5,30;-3,40;1,10;22,70;96,70;90,10;6,40;4,50;100;1;0;
2026-07-16 16:42:00.0;OFF;ON;100;-5,40;-3,40;1,10;22,60;96,60;90,10;6,50;4,50;100;1;0;
2026-07-16 16:43:00.0;OFF;ON;100;-6,40;-3,40;1,10;22,60;96,60;90,10;7,50;4,50;100;1;0;
2026-07-16 16:44:00.0;OFF;ON;100;-6;-3,40;1,10;22,50;96,60;90,10;7,10;4,50;100;1;0;
2026-07-16 16:45:00.0;OFF;ON;100;-6,50;-3,40;1,10;22,50;96,60;90,10;7,50;4,50;100;1;0;
2026-07-16 16:46:00.0;OFF;ON;100;-5,40;-3,40;1,10;22,40;96,60;90,10;6,50;4,50;100;1;0;
2026-07-16 16:47:00.0;OFF;ON;100;-4,90;-3,40;1,10;22,30;96,50;90,10;6;4,50;100;0,90;0;
2026-07-16 16:48:00.0;OFF;ON;100;-5,80;-3,40;1,10;22,20;96,60;90,10;6,90;4,50;100;1;-0,10;
2026-07-16 16:49:00.0;OFF;ON;100;-6;-3,50;1;22,20;96,40;90,10;7;4,50;100;0,80;-0,20;
2026-07-16 16:50:00.0;OFF;ON;100;-6,10;-3,60;0,90;22,10;96,10;90,10;7;4,50;100;0,80;-0,20;
2026-07-16 16:51:00.0;OFF;ON;100;-7,50;-3,60;0,90;22,10;96;90,10;8,40;4,50;100;0,80;-0,30;
2026-07-16 16:52:00.0;OFF;ON;100;-7,10;-3,60;0,90;22;96;90,10;7,90;4,50;100;0,70;-0,30;
2026-07-16 16:53:00.0;OFF;ON;100;-6,60;-3,60;0,90;21,90;96;90,10;7,50;4,50;100;0,70;-0,30;
2026-07-16 16:54:00.0;OFF;ON;100;-6,90;-3,70;0,80;21,90;96;90,10;7,70;4,50;100;0,70;-0,30;
2026-07-16 16:55:00.0;OFF;ON;100;-6,70;-3,70;0,80;21,80;96;90,10;7,50;4,50;100;0,70;-0,30;
2026-07-16 16:56:00.0;OFF;ON;100;-6,40;-3,70;0,80;21,80;96,10;90,10;7,20;4,50;100;0,70;-0,30;
2026-07-16 16:57:00.0;OFF;ON;100;-5,90;-3,70;0,80;21,70;96,10;90,10;6,70;4,50;100;0,70;-0,30;
2026-07-16 16:58:00.0;OFF;ON;100;-6,70;-3,70;0,80;21,60;96;90,10;7,50;4,50;100;0,70;-0,30;
2026-07-16 16:59:00.0;OFF;ON;100;-6,30;-3,70;0,80;21,50;96;90,10;7,10;4,50;100;0,70;-0,30;
2026-07-16 17:00:00.0;OFF;ON;100;-6,50;-3,70;0,80;21,50;96,10;90,10;7,30;4,50;100;0,70;-0,30;
2026-07-16 17:01:00.0;OFF;ON;100;-12;-3,80;0,70;21,40;96;90,10;12,80;4,50;100;0,60;-0,40;
2026-07-16 17:02:00.0;OFF;ON;100;-5,20;-3,80;0,70;21,30;96;90,10;6;4,50;100;0,70;-0,40;
2026-07-16 17:03:00.0;OFF;ON;100;-5,10;-3,80;0,70;21,30;96;90,10;5,90;4,50;100;0,60;-0,30;
2026-07-16 17:04:00.0;OFF;ON;100;-5,60;-3,70;0,80;21,20;96,10;90,10;6,40;4,50;100;0,70;-0,20;
2026-07-16 17:05:00.0;OFF;ON;100;-5,70;-3,70;0,80;21,20;96,40;90,10;6,60;4,50;100;0,70;-0,20;
2026-07-16 17:06:00.0;OFF;ON;100;-5,40;-3,70;0,80;21,10;96,40;90,10;6,20;4,50;100;0,70;-0,20;
2026-07-16 17:07:00.0;OFF;ON;100;-5,80;-3,70;0,80;21;96,40;90,10;6,60;4,50;100;0,70;-0,20;
2026-07-16 17:08:00.0;OFF;ON;100;-5,30;-3,70;0,80;21;96,40;90,10;6,10;4,50;100;0,60;-0,30;
2026-07-16 17:09:00.0;OFF;ON;100;-6,70;-3,70;0,80;20,90;96,40;90,10;7,50;4,50;100;0,70;-0,30;
2026-07-16 17:10:00.0;OFF;ON;100;-6;-3,70;0,80;20,80;96,30;90,10;6,70;4,50;100;0,60;-0,30;
2026-07-16 17:11:00.0;OFF;ON;100;-6,60;-3,70;0,80;20,80;96,30;90,10;7,40;4,50;100;0,70;-0,30;
2026-07-16 17:12:00.0;OFF;ON;100;-26,50;-3,70;0,80;20,70;96,40;90,10;27,20;4,50;100;0,70;-0,30;
2026-07-16 17:13:00.0;OFF;ON;100;-5,90;-3,70;0,80;20,70;96,40;90,10;6,70;4,50;100;0,60;-0,30;
2026-07-16 17:14:00.0;OFF;ON;100;-5,90;-3,70;0,80;20,60;96,40;90,10;6,70;4,50;100;0,60;-0,30;
2026-07-16 17:15:00.0;OFF;ON;100;-6,40;-3,70;0,80;20,50;96,30;90,10;7,20;4,50;100;0,60;-0,30;
2026-07-16 17:16:00.0;OFF;ON;100;-6,80;-3,70;0,80;20,50;96,30;90,10;7,60;4,50;100;0,60;-0,30;
2026-07-16 17:17:00.0;OFF;ON;100;-7,60;-3,80;0,70;20,40;96,30;90,10;8,30;4,50;100;0,60;-0,30;
2026-07-16 17:18:00.0;OFF;ON;100;-30,50;-3,70;0,80;20,30;96,20;90,10;31,30;4,50;100;0,60;-0,30;
2026-07-16 17:19:00.0;OFF;ON;100;-32,10;-3,80;0,70;20,20;96,30;90,10;32,80;4,50;100;0,60;-0,30;
2026-07-16 17:20:00.0;OFF;ON;100;-34,80;-3,80;0,70;20,20;96,20;90,10;35,50;4,50;100;0,60;-0,30;
2026-07-16 17:21:00.0;OFF;ON;100;-40;-3,70;0,80;20,10;96,30;90,10;40,80;4,50;100;0,60;-0,30;
2026-07-16 17:22:00.0;OFF;ON;100;-40;-3,70;0,80;20,10;96,30;90,10;40,80;4,50;100;0,60;-0,30;
2026-07-16 17:23:00.0;OFF;ON;100;-7,70;-3,80;0,70;20;96,30;90,10;8,40;4,50;100;0,60;-0,30;
2026-07-16 17:24:00.0;OFF;ON;100;-7,10;-3,80;0,70;20;96,30;90,10;7,90;4,50;100;0,60;-0,30;
2026-07-16 17:25:00.0;OFF;ON;100;-6,60;-3,80;0,70;19,90;96,20;90,10;7,30;4,50;100;0,50;-0,30;
2026-07-16 17:26:00.0;OFF;ON;100;-7,10;-3,80;0,70;19,80;96,20;90,10;7,80;4,50;100;0,60;-0,30;
2026-07-16 17:27:00.0;OFF;ON;100;-7,20;-3,80;0,70;19,80;96,20;90;7,90;4,50;100;0,50;-0,30;
2026-07-16 17:28:00.0;OFF;ON;100;-8;-3,80;0,70;19,70;96,20;90,10;8,60;4,50;100;0,50;-0,30;
2026-07-16 17:29:00.0;OFF;ON;100;-7,20;-3,80;0,70;19,70;96,10;90;7,90;4,50;100;0,50;-0,30;
2026-07-16 17:30:00.0;OFF;ON;100;-7,10;-3,80;0,70;19,60;96,10;90;7,80;4,50;100;0,50;-0,40;
2026-07-16 17:31:00.0;OFF;ON;100;-7,80;-3,80;0,70;19,60;96,10;90,10;8,50;4,50;100;0,50;-0,40;
2026-07-16 17:32:00.0;OFF;ON;100;-7;-3,80;0,70;19,50;96,10;90,10;7,70;4,50;100;0,60;-0,40;
2026-07-16 17:33:00.0;OFF;ON;100;-7,70;-3,80;0,70;19,50;96,10;90;8,30;4,50;100;0,60;-0,40;
2026-07-16 17:34:00.0;OFF;ON;100;-7;-3,80;0,70;19,40;96,20;90;7,70;4,50;100;0,60;-0,40;
2026-07-16 17:35:00.0;OFF;ON;100;-7,40;-3,80;0,70;19,40;96,10;90,10;8;4,50;100;0,60;-0,40;
2026-07-16 17:36:00.0;OFF;ON;100;-7;-3,80;0,70;19,30;96,10;90;7,70;4,50;100;0,60;-0,40;
2026-07-16 17:37:00.0;OFF;ON;100;-7;-3,90;0,60;19,30;96,10;90;7,60;4,50;100;0,60;-0,40;
2026-07-16 17:38:00.0;OFF;ON;100;-7,60;-3,80;0,70;19,20;96,10;90;8,30;4,50;100;0,60;-0,40;
2026-07-16 17:39:00.0;OFF;ON;100;-20,40;-3,90;0,60;19,20;96,10;90;21;4,50;100;0,60;-0,40;
2026-07-16 17:40:00.0;OFF;ON;100;-7,20;-3,90;0,60;19,10;96,10;90;7,90;4,50;100;0,60;-0,40;
2026-07-16 17:41:00.0;OFF;ON;100;-7,80;-3,90;0,60;19,10;96,10;90,10;8,50;4,50;100;0,60;-0,40;
2026-07-16 17:42:00.0;OFF;ON;100;-27,30;-3,90;0,60;19;96,20;90;28;4,50;100;0,60;-0,40;
2026-07-16 17:43:00.0;OFF;ON;100;-7,30;-3,90;0,60;19;96,30;90;7,90;4,50;100;0,60;-0,40;
2026-07-16 17:44:00.0;OFF;ON;100;-12;-3,90;0,60;18,90;96,20;90;12,60;4,50;100;0,60;-0,40;
2026-07-16 17:45:00.0;OFF;ON;100;-20;-3,90;0,60;18,90;96,30;90;20,60;4,50;100;0,60;-0,40;
2026-07-16 17:46:00.0;OFF;ON;100;-30,60;-3,90;0,60;18,80;96,20;90;31,20;4,50;100;0,60;-0,40;
2026-07-16 17:47:00.0;OFF;ON;100;-12;-3,90;0,60;18,70;96,20;90;12,60;4,50;100;0,60;-0,40;
2026-07-16 17:48:00.0;OFF;ON;100;-12;-3,90;0,60;18,70;96,20;90;12,60;4,50;100;0,60;-0,40;
2026-07-16 17:49:00.0;OFF;ON;100;-7;-3,90;0,60;18,60;96,20;90;7,60;4,50;100;0,60;-0,40;
2026-07-16 17:50:00.0;OFF;ON;100;-38,60;-3,90;0,60;18,60;96,30;90;39,20;4,50;100;0,60;-0,40;
2026-07-16 17:51:00.0;OFF;ON;100;-7,60;-3,90;0,60;18,50;96,20;90;8,20;4,50;100;0,60;-0,40;
2026-07-16 17:52:00.0;OFF;ON;100;-7,60;-3,90;0,60;18,50;96,30;90;8,20;4,50;100;0,60;-0,40;
2026-07-16 17:53:00.0;OFF;ON;100;-7,10;-3,90;0,60;18,40;96,30;90;15,80;4,50;100;0,60;-0,40;
2026-07-16 17:54:00.0;OFF;ON;100;-7,40;-3,90;0,60;18,40;96,30;90;7,90;4,50;100;0,60;-0,40;
2026-07-16 17:55:00.0;OFF;ON;100;-7,60;-3,90;0,60;18,30;96,20;90;8,20;4,50;100;0,50;-0,40;
2026-07-16 17:56:00.0;OFF;ON;100;-40;-3,90;0,60;18,30;96,20;90;40,60;4,50;100;0,50;-0,40;
2026-07-16 17:57:00.0;OFF;ON;100;-15,40;-3,90;0,60;18,20;96,20;90;16;4,50;100;0,50;-0,40;
2026-07-16 17:58:00.0;OFF;ON;100;-40;-3,90;0,60;18,20;96,10;90;40,60;4,50;100;0,50;-0,40;
2026-07-16 17:59:00.0;OFF;ON;100;-37,50;-3,90;0,60;18,10;96,10;90;38;4,50;100;0,50;-0,40;
2026-07-16 18:00:00.0;OFF;ON;100;-30,60;-3,90;0,60;18,10;96,10;90;31,10;4,50;100;0,50;-0,40;
2026-07-16 18:01:00.0;OFF;ON;100;-30,50;-4;0,50;18;96,10;90;31,10;4,50;100;0,50;-0,40;
2026-07-16 18:02:00.0;OFF;ON;100;-14,40;-4;0,50;18;96,20;90;15;4,50;100;0,50;-0,40;
2026-07-16 18:03:00.0;OFF;ON;100;-6,80;-4;0,50;17,90;96,10;90;7,30;4,50;100;0,50;-0,40;
2026-07-16 18:04:00.0;OFF;ON;100;-25,90;-4;0,50;17,90;96,10;90;26,40;4,50;100;0,50;-0,40;
2026-07-16 18:05:00.0;OFF;ON;100;-7;-4;0,50;17,80;96,10;90;7,50;4,50;100;0,50;-0,40;
2026-07-16 18:06:00.0;OFF;ON;100;-12,10;-4;0,50;17,70;96,10;90;12,60;4,50;100;0,50;-0,40;
2026-07-16 18:07:00.0;OFF;ON;100;-6,60;-4;0,50;17,70;96,10;90;7,10;4,50;100;0,50;-0,40;
2026-07-16 18:08:00.0;OFF;ON;100;-24,20;-4;0,50;17,60;96,10;90;24,70;4,50;100;0,50;-0,40;
2026-07-16 18:09:00.0;OFF;ON;100;-6,50;-4;0,50;17,60;96,10;90;7;4,50;100;0,50;-0,40;
2026-07-16 18:10:00.0;OFF;ON;100;-6,40;-4;0,50;17,50;96,10;90;6,90;4,50;100;0,40;-0,40;
2026-07-16 18:11:00.0;OFF;ON;100;-7,70;-4;0,50;17,50;96,10;90;8,10;4,50;100;0,40;-0,40;
2026-07-16 18:12:00.0;OFF;ON;100;-6,90;-4;0,50;17,40;96,10;90;7,40;4,50;100;0,40;-0,40;
2026-07-16 18:13:00.0;OFF;ON;100;-6,40;-4;0,40;17,40;96;90;6,80;4,50;100;0,40;-0,40;
2026-07-16 18:14:00.0;OFF;ON;100;-6,20;-4;0,40;17,30;96;90;6,60;4,50;100;0,40;-0,40;
2026-07-16 18:15:00.0;OFF;ON;100;-6,10;-4;0,40;17,30;96,10;90;6,50;4,50;100;0,40;-0,40;
2026-07-16 18:16:00.0;OFF;ON;100;-6,90;-4;0,40;17,20;96,10;90;7,30;4,50;100;0,40;-0,50;
2026-07-16 18:17:00.0;OFF;ON;100;-7,20;-4;0,40;17,20;96;90;7,60;4,50;100;0,40;-0,50;
2026-07-16 18:18:00.0;OFF;ON;100;-6,30;-4;0,40;17,10;96;90;6,70;4,50;100;0,40;-0,50;
2026-07-16 18:19:00.0;OFF;ON;100;-24,60;-4;0,40;17,10;96;90;25;4,50;100;0,40;-0,50;
2026-07-16 18:20:00.0;OFF;ON;100;-27,40;-4;0,40;17;96;90;27,80;4,50;100;0,40;-0,50;
2026-07-16 18:21:00.0;OFF;ON;100;-6,40;-4;0,40;17;96;90;6,80;4,50;100;0,40;-0,50;
2026-07-16 18:22:00.0;OFF;ON;100;-6,50;-4;0,40;16,90;96;90;6,90;4,50;100;0,40;-0,50;
2026-07-16 18:23:00.0;OFF;ON;100;-6,40;-4;0,40;16,90;95,90;90;6,80;4,50;100;0,30;-0,50;
2026-07-16 18:24:00.0;OFF;ON;100;-6,70;-4;0,40;16,80;95,90;90;7,10;4,50;100;0,30;-0,50;
2026-07-16 18:25:00.0;OFF;ON;100;-7,60;-4;0,30;16,70;95,90;90;8;4,50;100;0,30;-0,50;
2026-07-16 18:26:00.0;OFF;ON;100;-25;-4;0,30;16,70;95,90;90;25,40;4,50;100;0,30;-0,50;
2026-07-16 18:27:00.0;OFF;ON;100;-7;-4;0,30;16,60;96;90;7,30;4,50;100;0,30;-0,50;
2026-07-16 18:28:00.0;OFF;ON;100;-6,50;-4;0,30;16,60;96;90;6,80;4,50;100;0,30;-0,50;
2026-07-16 18:29:00.0;OFF;ON;100;-7,60;-4;0,30;16,50;95,90;90;7,90;4,50;100;0,30;-0,50;
2026-07-16 18:30:00.0;OFF;ON;100;-6,80;-4;0,30;16,50;95,90;90;7,10;4,50;100;0,30;-0,50;
2026-07-16 18:31:00.0;OFF;ON;100;-6,40;-4;0,30;16,40;95,90;90;6,70;4,50;100;0,20;-0,50;
2026-07-16 18:32:00.0;OFF;ON;100;-7,30;-4;0,30;16,40;95,90;90;7,60;4,50;100;0,30;-0,50;
2026-07-16 18:33:00.0;OFF;ON;100;-6,60;-4;0,30;16,30;95,90;90;6,80;4,50;100;0,20;-0,50;
2026-07-16 18:34:00.0;OFF;ON;100;-6,50;-4;0,30;16,30;95,80;90;6,70;4,50;100;0,20;-0,50;
2026-07-16 18:35:00.0;OFF;ON;100;-7,10;-4;0,30;16,20;95,80;90;7,40;4,50;100;0,20;-0,50;
2026-07-16 18:36:00.0;OFF;ON;100;-6,70;-4;0,30;16,20;95,80;90;6,90;4,50;100;0,20;-0,50;
2026-07-16 18:37:00.0;OFF;ON;100;-6,10;-4;0,30;16,10;95,90;90;6,40;4,50;100;0,20;-0,50;
2026-07-16 18:38:00.0;OFF;ON;100;-6,10;-4;0,20;16,10;95,90;90;6,30;4,50;100;0,20;-0,50;
2026-07-16 18:39:00.0;OFF;ON;100;-5,60;-4;0,20;16;95,80;90;5,90;4,50;100;0,20;-0,60;
2026-07-16 18:40:00.0;OFF;ON;100;-6,50;-4;0,20;16;95,80;90;6,70;4,50;100;0,20;-0,60;
2026-07-16 18:41:00.0;OFF;ON;100;-6,20;-4;0,20;15,90;95,80;90;6,40;4,50;100;0,10;-0,60;
2026-07-16 18:42:00.0;OFF;ON;100;-6,20;-4;0,20;15,90;95,80;90;6,40;4,50;100;0,10;-0,60;
2026-07-16 18:43:00.0;OFF;ON;100;-6,80;-4;0,20;15,80;95,80;90;7;4,50;100;0,10;-0,60;
2026-07-16 18:44:00.0;OFF;ON;100;-6,20;-4;0,20;15,80;95,80;90;6,40;4,50;100;0,10;-0,60;
2026-07-16 18:45:00.0;OFF;ON;100;-6,20;-4;0,20;15,70;95,80;90;6,40;4,50;100;0,20;-0,60;
2026-07-16 18:46:00.0;OFF;ON;100;-6,30;-4;0,20;15,60;95,90;90;6,50;4,50;100;0,10;-0,60;
2026-07-16 18:47:00.0;OFF;ON;100;-6,50;-4;0,20;15,60;95,90;90;6,70;4,50;100;0,10;-0,60;
2026-07-16 18:48:00.0;OFF;ON;100;-6,70;-4;0,20;15,50;95,90;89,90;6,80;4,50;100;0,10;-0,60;
2026-07-16 18:49:00.0;OFF;ON;100;-6,50;-4;0,20;15,50;95,90;90;6,70;4,50;100;0,10;-0,60;
2026-07-16 18:50:00.0;OFF;ON;100;-5,90;-4;0,20;15,50;96;90;6,10;4,50;100;0,10;-0,60;
2026-07-16 18:51:00.0;OFF;ON;100;-6,30;-4;0,20;15,40;96;90;6,50;4,50;100;0,10;-0,60;
2026-07-16 18:52:00.0;OFF;ON;100;-6,50;-4;0,10;15,30;95,90;90;6,70;4,50;100;0,10;-0,60;
2026-07-16 18:53:00.0;OFF;ON;100;-6;-4;0,10;15,30;95,90;90;6,20;4,50;100;0,10;-0,60;
2026-07-16 18:54:00.0;OFF;ON;100;-7,70;-4;0,10;15,20;95,80;90;7,90;4,50;100;0,10;-0,60;
2026-07-16 18:55:00.0;OFF;ON;100;-6,80;-4;0,10;15,20;95,80;90;6,90;4,50;100;0,10;-0,60;
2026-07-16 18:56:00.0;OFF;ON;100;-7,20;-4;0,10;15,10;95,80;90;7,30;4,50;100;0;-0,60;
2026-07-16 18:57:00.0;OFF;ON;100;-7,10;-4;0,10;15,10;95,80;90;7,20;4,50;100;0;-0,60;
2026-07-16 18:58:00.0;OFF;ON;100;-7,20;-4;0,10;15;95,80;90;7,30;4,50;100;0,10;-0,60;
2026-07-16 18:59:00.0;OFF;ON;100;-6,90;-4;0,10;15;95,80;90;7;4,50;100;0;-0,60;
2026-07-16 19:00:00.0;OFF;ON;100;-6,60;-4;0,10;14,90;95,80;90;6,70;4,50;100;0;-0,60;
2026-07-16 19:01:00.0;OFF;ON;100;-6,80;-4;0,10;14,90;95,80;90;6,80;4,50;100;0;-0,60;
2026-07-16 19:02:00.0;OFF;ON;100;-5,60;-4;0,10;14,80;95,80;90;5,70;4,50;100;0;-0,60;
2026-07-16 19:03:00.0;OFF;ON;100;-5,60;-4;0,10;14,80;95,80;90;5,60;4,50;100;0;-0,60;
2026-07-16 19:04:00.0;OFF;ON;100;-6,10;-4;0,10;14,80;95,80;90;6,20;4,50;100;0;-0,60;
2026-07-16 19:05:00.0;OFF;ON;100;-6;-4;0;14,70;95,80;90;6,10;4,50;100;0;-0,60;
2026-07-16 19:06:00.0;OFF;ON;100;-6,30;-4;0;14,70;95,80;90;6,40;4,50;100;0;-0,60;
2026-07-16 19:07:00.0;OFF;ON;100;-6,40;-4;0;14,60;95,80;90;6,40;4,50;100;0;-0,60;
2026-07-16 19:08:00.0;OFF;ON;100;-6,60;-4;0;14,60;95,90;89,90;6,60;4,50;100;0;-0,60;
2026-07-16 19:09:00.0;OFF;ON;100;-6,60;-4;0;14,60;95,80;90;6,60;4,50;100;0;-0,60;
2026-07-16 19:10:00.0;OFF;ON;100;-5,80;-3,50;0;14,50;95,80;90;5,70;4,50;100;-0,10;-0,70;
2026-07-16 19:11:00.0;OFF;ON;100;-5,90;-3,50;0;14,50;95,80;89,90;5,90;4,50;100;-0,10;-0,70;
2026-07-16 19:12:00.0;OFF;ON;100;-6,30;-3,60;-0,10;14,40;95,50;90;6,20;4,50;100;-0,10;-0,80;
2026-07-16 19:13:00.0;OFF;ON;100;-6,60;-3,60;-0,10;14,40;95,70;90;6,60;4,50;100;-0,10;-0,80;
2026-07-16 19:14:00.0;OFF;ON;90;-5,90;-3,60;-0,10;14,30;95,60;90;5,70;3,50;100;-0,10;-0,80;
2026-07-16 19:15:00.0;OFF;ON;90;-6,20;-3,60;-0,10;14,30;95,60;90;6;3,50;100;-0,10;-0,80;
2026-07-16 19:16:00.0;OFF;ON;90;-6,30;-3,60;-0,10;14,30;95,60;90;6,20;3,50;100;-0,20;-0,80;
2026-07-16 19:17:00.0;OFF;ON;90;-6,20;-3,60;-0,10;14,20;95,60;90;6;3,50;100;-0,20;-0,80;
2026-07-16 19:18:00.0;OFF;ON;90;-6,50;-3,60;-0,10;14,20;95,60;89,90;6,40;3,50;100;-0,20;-0,80;
2026-07-16 19:19:00.0;OFF;ON;90;-6,50;-3,70;-0,20;14,20;95,70;90;6,30;3,50;100;-0,20;-0,80;
2026-07-16 19:20:00.0;OFF;ON;90;-6,20;-3,70;-0,20;14,10;95,60;90;6;3,50;100;-0,20;-0,80;
2026-07-16 19:21:00.0;OFF;ON;90;-6,60;-3,70;-0,20;14,10;95,60;90;6,40;3,50;100;-0,20;-0,90;
2026-07-16 19:22:00.0;OFF;ON;90;-6,70;-3,70;-0,20;14;95,60;90;6,60;3,50;100;-0,20;-0,90;
2026-07-16 19:23:00.0;OFF;ON;90;-6,70;-3,70;-0,20;14;95,60;89,90;6,60;3,50;100;-0,20;-0,90;
2026-07-16 19:24:00.0;OFF;ON;90;-7,20;-3,70;-0,20;14;95,50;90;7;3,50;100;-0,30;-0,90;
2026-07-16 19:25:00.0;OFF;ON;90;-7;-3,70;-0,20;13,90;95,50;90;6,80;3,50;100;-0,20;-0,90;
2026-07-16 19:26:00.0;OFF;ON;90;-6,40;-3,70;-0,20;13,90;95,50;90;6,20;3,50;100;-0,20;-0,90;
2026-07-16 19:27:00.0;OFF;ON;90;-6,80;-3,70;-0,20;13,80;95,50;90;6,60;3,50;100;-0,30;-0,90;
2026-07-16 19:28:00.0;OFF;ON;90;-6,70;-3,70;-0,20;13,80;95,50;90;6,50;3,50;100;-0,30;-0,90;
2026-07-16 19:29:00.0;OFF;ON;90;-6,50;-3,70;-0,20;13,70;95,50;89,90;6,30;3,50;100;-0,30;-0,90;
2026-07-16 19:30:00.0;OFF;ON;90;-6;-3,70;-0,20;13,70;95,50;89,90;5,70;3,50;100;-0,30;-0,90;
2026-07-16 19:31:00.0;OFF;ON;90;-6,70;-3,70;-0,20;13,70;95,70;89,90;6,40;3,50;100;-0,30;-0,90;
2026-07-16 19:32:00.0;OFF;ON;90;-6;-3,70;-0,20;13,60;95,60;89,90;5,80;3,50;100;-0,30;-0,90;
2026-07-16 19:33:00.0;OFF;ON;90;-6;-3,70;-0,20;13,60;95,60;89,90;5,80;3,50;100;-0,30;-0,90;
2026-07-16 19:34:00.0;OFF;ON;90;-6,40;-3,80;-0,30;13,50;95,70;89,90;6,10;3,50;100;-0,30;-0,90;
2026-07-16 19:35:00.0;OFF;ON;90;-6,30;-3,80;-0,30;13,50;95,70;89,90;6;3,50;100;-0,30;-0,90;
2026-07-16 19:36:00.0;OFF;ON;90;-6,60;-3,80;-0,30;13,50;95,70;89,90;6,40;3,50;100;-0,30;-0,90;
2026-07-16 19:37:00.0;OFF;ON;90;-6,70;-3,80;-0,30;13,40;95,60;89,90;6,40;3,50;100;-0,30;-0,90;
2026-07-16 19:38:00.0;OFF;ON;90;-6,90;-3,80;-0,30;13,40;95,60;89,90;6,60;3,50;100;-0,30;-0,90;
2026-07-16 19:39:00.0;OFF;ON;90;-6,80;-3,80;-0,30;13,40;95,60;89,90;6,50;3,50;100;-0,40;-0,90;
2026-07-16 19:40:00.0;OFF;ON;90;-7,10;-3,80;-0,30;13,30;95,60;89,90;6,80;3,50;100;-0,30;-0,90;
2026-07-16 19:41:00.0;OFF;ON;90;-6,60;-3,80;-0,30;13,30;95,60;89,90;6,30;3,50;100;-0,40;-0,90;
2026-07-16 19:42:00.0;OFF;ON;90;-6,60;-3,80;-0,30;13,20;95,60;89,90;6,30;3,50;100;-0,30;-0,90;
2026-07-16 19:43:00.0;OFF;ON;90;-7,10;-3,80;-0,30;13,20;95,60;89,90;6,80;3,50;100;-0,40;-0,90;
2026-07-16 19:44:00.0;OFF;ON;90;-6,90;-3,80;-0,30;13,10;95,60;89,90;6,60;3,50;100;-0,40;-0,90;
2026-07-16 19:45:00.0;OFF;ON;90;-6,60;-3,80;-0,30;13,10;95,60;89,90;6,30;3,50;100;-0,40;-0,90;
2026-07-16 19:46:00.0;OFF;ON;90;-7,30;-3,80;-0,30;13,10;95,70;89,90;7;3,50;100;-0,40;-0,90;
2026-07-16 19:47:00.0;OFF;ON;90;-6,80;-3,80;-0,30;13;95,60;89,90;6,50;3,50;100;-0,40;-0,90;
2026-07-16 19:48:00.0;OFF;ON;90;-12,90;-3,80;-0,30;13;95,60;89,90;12,60;3,50;100;-0,40;-0,90;
2026-07-16 19:49:00.0;OFF;ON;90;-27,90;-3,80;-0,30;12,90;95,70;89,90;27,60;3,50;100;-0,40;-0,90;
2026-07-16 19:50:00.0;OFF;ON;90;-26,90;-3,80;-0,30;12,90;95,70;89,90;26,60;3,50;100;-0,40;-0,90;
2026-07-16 19:51:00.0;OFF;ON;90;-12;-3,80;-0,30;12,90;95,70;89,90;11,70;3,50;100;-0,40;-0,90;
2026-07-16 19:52:00.0;OFF;ON;90;-24,80;-3,80;-0,30;12,80;95,70;89,90;24,50;3,50;100;-0,40;-0,90;
2026-07-16 19:53:00.0;OFF;ON;90;-25,70;-3,80;-0,30;12,80;95,70;89,90;25,40;3,50;100;-0,40;-0,90;
2026-07-16 19:54:00.0;OFF;ON;90;-27;-3,80;-0,30;12,70;95,70;89,90;26,70;3,50;100;-0,40;-0,90;
2026-07-16 19:55:00.0;OFF;ON;90;-6,70;-3,80;-0,30;12,70;95,70;89,90;6,40;3,50;100;-0,40;-0,90;
2026-07-16 19:56:00.0;OFF;ON;90;-29,80;-3,80;-0,30;12,70;95,60;89,90;29,50;3,50;100;-0,40;-0,90;
2026-07-16 19:57:00.0;OFF;ON;90;-28,20;-3,80;-0,30;12,60;95,60;89,90;27,80;3,50;100;-0,40;-0,90;
2026-07-16 19:58:00.0;OFF;ON;90;-27,60;-3,80;-0,30;12,60;95,60;89,90;27,30;3,50;100;-0,40;-0,90;
2026-07-16 19:59:00.0;OFF;ON;90;-28,30;-3,80;-0,30;12,60;95,60;89,90;28;3,50;100;-0,40;-1;
2026-07-16 20:00:00.0;OFF;ON;90;-19,60;-3,80;-0,30;12,50;95,60;89,90;19,30;3,50;100;-0,40;-1;
2026-07-16 20:01:00.0;OFF;ON;90;-26,50;-3,80;-0,30;12,50;95,60;89,90;26,10;3,50;100;-0,50;-1;
2026-07-16 20:02:00.0;OFF;ON;90;-24,30;-3,80;-0,30;12,40;95,60;89,90;23,90;3,50;100;-0,40;-1;
2026-07-16 20:03:00.0;OFF;ON;90;-23,60;-3,80;-0,30;12,40;95,60;89,90;23,30;3,50;100;-0,50;-1;
2026-07-16 20:04:00.0;OFF;ON;90;-7,10;-3,80;-0,30;12,40;95,70;89,90;6,70;3,50;100;-0,50;-1;
2026-07-16 20:05:00.0;OFF;ON;90;-18,50;-3,80;-0,30;12,30;95,60;89,90;18,20;3,50;100;-0,50;-1;
2026-07-16 20:06:00.0;OFF;ON;90;-12;-3,80;-0,30;12,30;95,60;89,90;11,70;3,50;100;-0,50;-1;
2026-07-16 20:07:00.0;OFF;ON;90;-6,60;-3,80;-0,30;12,20;95,60;89,90;6,30;3,50;100;-0,50;-1;
2026-07-16 20:08:00.0;OFF;ON;90;-7,10;-3,90;-0,40;12,20;95,60;89,90;6,80;3,50;100;-0,50;-1;
2026-07-16 20:09:00.0;OFF;ON;90;-6,70;-3,90;-0,40;12,20;95,70;89,90;6,30;3,50;100;-0,50;-1;
2026-07-16 20:10:00.0;OFF;ON;90;-6,70;-3,90;-0,40;12,10;95,70;89,90;6,40;3,50;100;-0,50;-1;
2026-07-16 20:11:00.0;OFF;ON;90;-6,20;-3,90;-0,40;12,10;95,70;89,90;5,80;3,50;100;-0,50;-1;
2026-07-16 20:12:00.0;OFF;ON;90;-6,50;-3,90;-0,40;12;95,60;89,90;6,10;3,50;100;-0,50;-1;
2026-07-16 20:13:00.0;OFF;ON;90;-6,50;-3,90;-0,40;12;95,60;89,90;6,10;3,50;100;-0,50;-1;
2026-07-16 20:14:00.0;OFF;ON;90;-6,90;-3,90;-0,40;12;95,60;89,90;6,50;3,50;100;-0,50;-1;
2026-07-16 20:15:00.0;OFF;ON;90;-7,10;-3,90;-0,40;11,90;95,60;89,90;6,80;3,50;100;-0,50;-1;
2026-07-16 20:16:00.0;OFF;ON;90;-6,50;-3,90;-0,40;11,90;95,70;89,90;6,10;3,50;100;-0,50;-1;
2026-07-16 20:17:00.0;OFF;ON;90;-7,20;-3,90;-0,40;11,90;95,70;89,90;6,80;3,50;100;-0,50;-1;
2026-07-16 20:18:00.0;OFF;ON;90;-7,10;-3,90;-0,40;11,80;95,70;89,90;6,70;3,50;100;-0,50;-1;
2026-07-16 20:19:00.0;OFF;ON;90;-7,30;-3,90;-0,40;11,80;95,60;89,90;6,90;3,50;100;-0,50;-1;
2026-07-16 20:20:00.0;OFF;ON;90;-6,80;-3,90;-0,40;11,70;95,70;89,90;6,40;3,50;100;-0,60;-1;
2026-07-16 20:21:00.0;OFF;ON;90;-7;-3,90;-0,40;11,70;95,60;89,90;6,60;3,50;100;-0,60;-1;
2026-07-16 20:22:00.0;OFF;ON;90;-7,60;-3,90;-0,40;11,70;95,60;89,90;7,20;3,50;100;-0,60;-1;
2026-07-16 20:23:00.0;OFF;ON;90;-7,20;-3,90;-0,40;11,60;95,70;89,90;7,40;3,50;100;-0,60;-1;
2026-07-16 20:24:00.0;OFF;ON;90;-6,70;-3,90;-0,40;11,60;95,70;89,90;6,80;3,50;100;-0,60;-1;
2026-07-16 20:25:00.0;OFF;ON;90;-6,50;-3,90;-0,40;11,50;95,60;89,90;6,10;3,50;100;-0,60;-1;
2026-07-16 20:26:00.0;OFF;ON;90;-6,40;-3,90;-0,40;11,50;95,50;89,90;6,20;3,50;100;-0,60;-1;
2026-07-16 20:27:00.0;OFF;ON;90;-12;-3,90;-0,40;11,50;95,50;89,90;6,30;3,50;100;-0,60;-1;
2026-07-16 20:28:00.0;OFF;ON;90;-7,40;-3,90;-0,40;11,40;95,60;89,90;6,60;3,50;100;-0,60;-1;
2026-07-16 20:29:00.0;OFF;ON;90;-7,50;-3,90;-0,40;11,40;95,50;89,90;7;3,50;100;-0,60;-1;
2026-07-16 20:30:00.0;OFF;ON;90;-12,10;-3,90;-0,40;11,30;95,50;89,90;8;3,50;100;-0,60;-1;
2026-07-16 20:31:00.0;OFF;ON;90;-7,10;-3,90;-0,40;11,30;95,60;89,90;7,20;3,50;100;-0,60;-1;
2026-07-16 20:32:00.0;OFF;ON;90;-13,30;-4;-0,50;11,30;95,60;89,80;7,70;3,50;100;-0,60;-1;
2026-07-16 20:33:00.0;OFF;ON;90;-6,90;-4;-0,50;11,20;95,50;89,80;7;3,50;100;-0,60;-1;
2026-07-16 20:34:00.0;OFF;ON;90;-6,90;-4;-0,50;11,20;95,60;89,80;6,50;3,50;100;-0,60;-1;
2026-07-16 20:35:00.0;OFF;ON;90;-7,10;-4;-0,50;11,10;95,50;89,80;6,70;3,50;100;-0,70;-1;
2026-07-16 20:36:00.0;OFF;ON;90;-7,40;-4;-0,50;11,10;95,50;89,80;6,90;3,50;100;-0,60;-1;
2026-07-16 20:37:00.0;OFF;ON;90;-7,10;-4;-0,50;11,10;95,50;89,80;7,70;3,50;100;-0,60;-1;
2026-07-16 20:38:00.0;OFF;ON;90;-18,90;-4;-0,50;11;95,50;89,80;6,80;3,50;100;-0,70;-1;
2026-07-16 20:39:00.0;OFF;ON;90;-7,20;-4;-0,50;11;95,60;89,90;6,70;3,50;100;-0,70;-1;
2026-07-16 20:40:00.0;OFF;ON;90;-12;-4;-0,50;11;95,50;89,90;15,20;3,50;100;-0,60;-1;
2026-07-16 20:41:00.0;OFF;ON;90;-15,30;-4;-0,50;10,90;95,60;89,90;11,50;3,50;100;-0,60;-1,10;
2026-07-16 20:42:00.0;OFF;ON;90;-12;-4;-0,50;10,90;95,50;89,80;14,80;3,50;100;-0,70;-1,10;
2026-07-16 20:43:00.0;OFF;ON;90;-19,40;-4;-0,50;10,80;95,50;89,80;20,20;3,50;100;-0,70;-1;
2026-07-16 20:44:00.0;OFF;ON;90;-6,70;-4;-0,50;10,80;95,60;89,80;12,80;3,50;100;-0,70;-1,10;
2026-07-16 20:45:00.0;OFF;ON;90;-18,40;-4;-0,50;10,80;95,60;89,80;11,50;3,50;100;-0,70;-1,10;
2026-07-16 20:46:00.0;OFF;ON;90;-19,50;-4;-0,50;10,70;95,60;89,80;6,20;3,50;100;-0,70;-1,10;
2026-07-16 20:47:00.0;OFF;ON;90;-12,20;-4;-0,50;10,70;95,60;89,80;19;3,50;100;-0,70;-1,10;
2026-07-16 20:48:00.0;OFF;ON;90;-6,70;-4;-0,60;10,60;95,50;89,80;6,20;3,50;100;-0,70;-1,10;
2026-07-16 20:49:00.0;OFF;ON;90;-7,90;-4;-0,50;10,60;95,50;89,80;7,30;3,50;100;-0,70;-1,10;
2026-07-16 20:50:00.0;OFF;ON;90;-15,10;-4;-0,50;10,60;95,60;89,80;16,80;3,50;100;-0,70;-1,10;
2026-07-16 20:51:00.0;OFF;ON;90;-16;-4;-0,50;10,50;95,50;89,80;11,40;3,50;100;-0,70;-1,10;
2026-07-16 20:52:00.0;OFF;ON;90;-6,70;-4;-0,50;10,50;95,50;89,90;6,90;3,50;100;-0,70;-1,10;
2026-07-16 20:53:00.0;OFF;ON;90;-6,80;-4;-0,50;10,50;95,60;89,80;6,90;3,50;100;-0,70;-1,10;
2026-07-16 20:54:00.0;OFF;ON;90;-7,80;-4;-0,50;10,40;95,50;89,80;7;3,50;100;-0,70;-1,10;
2026-07-16 20:55:00.0;OFF;ON;90;-14,40;-4;-0,50;10,40;95,50;89,80;12,40;3,50;100;-0,70;-1,10;
2026-07-16 20:56:00.0;OFF;ON;90;-7,50;-4;-0,60;10,30;95,50;89,80;7;3,50;100;-0,80;-1,10;
2026-07-16 20:57:00.0;OFF;ON;90;-21,30;-4;-0,60;10,30;95,50;89,90;20,70;3,50;100;-0,70;-1,10;
2026-07-16 20:58:00.0;OFF;ON;90;-7,30;-4;-0,60;10,30;95,50;89,90;6,80;3,50;100;-0,80;-1,10;
2026-07-16 20:59:00.0;OFF;ON;90;-7,10;-4;-0,60;10,20;95,40;89,90;6,50;3,50;100;-0,70;-1,10;
2026-07-16 21:00:00.0;OFF;ON;90;-12,30;-4;-0,60;10,20;95,50;89,80;11,70;3,50;100;-0,80;-1,10;
2026-07-16 21:01:00.0;OFF;ON;90;-7,60;-4;-0,60;10,10;95,50;89,80;7;3,50;100;-0,80;-1,10;
2026-07-16 21:02:00.0;OFF;ON;90;-7,40;-4;-0,60;10,10;95,40;89,80;6,80;3,50;100;-0,80;-1,10;
2026-07-16 21:03:00.0;OFF;ON;90;-7;-4;-0,60;10,10;95,50;89,80;6,40;3,50;100;-0,80;-1,10;
2026-07-16 21:04:00.0;OFF;ON;90;-7,50;-4;-0,60;10;95,50;89,80;6,90;3,50;100;-0,80;-1,10;
2026-07-16 21:05:00.0;OFF;ON;90;-7,10;-4;-0,60;10;95,50;89,80;6,50;3,50;100;-0,80;-1,10;
2026-07-16 21:06:00.0;OFF;ON;90;-7,50;-4;-0,60;9,90;95,60;89,80;6,90;3,50;100;-0,80;-1,10;
2026-07-16 21:07:00.0;OFF;ON;90;-13,30;-4;-0,60;9,90;95,60;89,80;12,70;3,50;100;-0,80;-1,10;
2026-07-16 21:08:00.0;OFF;ON;90;-7,30;-4;-0,60;9,90;95,40;89,80;6,60;3,50;100;-0,80;-1,20;
2026-07-16 21:09:00.0;OFF;ON;90;-12;-4;-0,70;9,90;95,30;89,80;11,40;3,50;100;-0,90;-1,30;
2026-07-16 21:10:00.0;OFF;ON;90;-7;-4;-0,60;9,80;95,30;89,80;6,40;3,50;100;-0,90;-1,20;
2026-07-16 21:11:00.0;OFF;ON;90;-7;-4;-0,60;9,80;95,50;89,80;6,40;3,50;100;-0,80;-1,10;
2026-07-16 21:12:00.0;OFF;ON;90;-7;-4;-0,60;9,80;95,60;89,80;6,40;3,50;100;-0,80;-1;
2026-07-16 21:13:00.0;OFF;ON;90;-6,70;-4;-0,60;9,70;95,70;89,80;6,20;3,50;100;-0,70;-1;
2026-07-16 21:14:00.0;OFF;ON;90;-6,80;-4;-0,60;9,70;95,80;89,80;6,20;3,50;100;-0,80;-1;
2026-07-16 21:15:00.0;OFF;ON;90;-7;-4;-0,50;9,70;95,70;89,80;6,50;3,50;100;-0,70;-1;
2026-07-16 21:16:00.0;OFF;ON;90;-6,60;-4;-0,60;9,60;95,70;89,80;6;3,50;100;-0,70;-1;
2026-07-16 21:17:00.0;OFF;ON;90;-8,10;-4;-0,60;9,60;95,80;89,80;7,50;3,50;100;-0,70;-1;
2026-07-16 21:18:00.0;OFF;ON;90;-7,40;-4;-0,60;9,60;95,80;89,80;6,90;3,50;100;-0,70;-1;
2026-07-16 21:19:00.0;OFF;ON;90;-7,70;-4;-0,50;9,60;95,80;89,80;7,20;3,50;100;-0,70;-1;
2026-07-16 21:20:00.0;OFF;ON;90;-6,80;-4;-0,50;9,50;95,80;89,80;6,20;3,50;100;-0,70;-1;
2026-07-16 21:21:00.0;OFF;ON;90;-7,10;-4;-0,60;9,50;95,80;89,80;6,50;3,50;100;-0,70;-1;
2026-07-16 21:22:00.0;OFF;ON;90;-7,50;-4;-0,60;9,50;95,70;89,80;6,90;3,50;100;-0,80;-1,10;
2026-07-16 21:23:00.0;OFF;ON;90;-7;-4;-0,60;9,40;95,50;89,80;6,40;3,50;100;-0,80;-1,10;
2026-07-16 21:24:00.0;OFF;ON;90;-6,90;-4;-0,60;9,40;95,40;89,80;6,30;3,50;100;-0,80;-1,10;
2026-07-16 21:25:00.0;OFF;ON;90;-7,50;-4;-0,60;9,40;95,40;89,80;6,80;3,50;100;-0,80;-1,20;
2026-07-16 21:26:00.0;OFF;ON;90;-7,20;-4;-0,70;9,30;95,40;89,80;6,50;3,50;100;-0,90;-1,20;
2026-07-16 21:27:00.0;OFF;ON;90;-26,40;-4;-0,70;9,30;95,50;89,80;25,70;3,50;100;-0,80;-1,10;
2026-07-16 21:28:00.0;OFF;ON;90;-25,10;-4;-0,70;9,30;95,60;89,80;24,30;3,50;100;-0,80;-1,10;
2026-07-16 21:29:00.0;OFF;ON;90;-12,90;-4;-0,70;9,20;95,50;89,80;12,20;3,50;100;-0,80;-1,10;
2026-07-16 21:30:00.0;OFF;ON;90;-6,90;-4;-0,70;9,20;95,50;89,80;6,20;3,50;100;-0,80;-1,10;
2026-07-16 21:31:00.0;OFF;ON;90;-6,90;-4;-0,80;9,20;95,40;89,80;6,10;3,50;100;-0,90;-1,20;
2026-07-16 21:32:00.0;OFF;ON;90;-6,50;-4;-0,80;9,10;95,40;89,80;5,70;3,50;100;-0,90;-1,20;
2026-07-16 21:33:00.0;OFF;ON;90;-6,60;-4;-0,80;9,10;95,30;89,80;5,80;3,50;100;-0,90;-1,20;
2026-07-16 21:34:00.0;OFF;ON;90;-6,80;-4;-0,80;9,10;95,30;89,80;6;3,50;100;-0,90;-1,20;
2026-07-16 21:35:00.0;OFF;ON;90;-6,80;-4;-0,80;9,10;95,30;89,80;5,90;3,50;100;-0,90;-1,20;
2026-07-16 21:36:00.0;OFF;ON;90;-6,40;-4;-0,80;9;95,30;89,80;5,60;3,50;100;-0,90;-1,20;
2026-07-16 21:37:00.0;OFF;ON;90;-6,80;-4;-0,80;9;95,30;89,80;6;3,50;100;-0,90;-1,20;
2026-07-16 21:38:00.0;OFF;ON;90;-7,10;-4;-0,80;9;95,20;89,80;6,30;3,50;100;-0,90;-1,20;
2026-07-16 21:39:00.0;OFF;ON;90;-7,80;-4;-0,80;8,90;95,30;89,80;6,90;3,50;100;-1;-1,20;
2026-07-16 21:40:00.0;OFF;ON;90;-12;-4;-0,80;8,90;95,20;89,80;11,20;3,50;100;-0,90;-1,20;
2026-07-16 21:41:00.0;OFF;ON;90;-7,50;-4;-0,90;8,90;95,30;89,80;6,60;3,50;100;-1;-1,20;
2026-07-16 21:42:00.0;OFF;ON;90;-7,40;-4;-0,90;8,80;95,30;89,80;6,50;3,50;100;-0,90;-1,20;
2026-07-16 21:43:00.0;OFF;ON;90;-7,50;-4;-0,80;8,80;95,40;89,80;6,70;3,50;100;-0,90;-1,20;
2026-07-16 21:44:00.0;OFF;ON;90;-6,70;-4;-0,90;8,80;95,40;89,80;5,90;3,50;100;-1;-1,20;
2026-07-16 21:45:00.0;OFF;ON;90;-12,60;-4;-0,90;8,70;95,40;89,80;11,70;3,50;100;-0,90;-1,20;
2026-07-16 21:46:00.0;OFF;ON;90;-7,90;-4;-0,90;8,70;95,40;89,80;7,10;3,50;100;-0,90;-1,20;
2026-07-16 21:47:00.0;OFF;ON;90;-7,70;-4;-0,90;8,70;95,40;89,80;6,80;3,50;100;-1;-1,20;
2026-07-16 21:48:00.0;OFF;ON;90;-12,30;-4;-0,90;8,60;95,40;89,80;11,40;3,50;100;-1;-1,20;
2026-07-16 21:49:00.0;OFF;ON;90;-7,30;-4;-0,90;8,60;95,40;89,80;6,40;3,50;100;-1;-1,20;
2026-07-16 21:50:00.0;OFF;ON;90;-7,10;-4;-0,90;8,60;95,40;89,80;6,20;3,50;100;-1;-1,30;
2026-07-16 21:51:00.0;OFF;ON;90;-8,60;-4;-0,90;8,60;95,30;89,80;7,70;3,50;100;-1;-1,30;
2026-07-16 21:52:00.0;OFF;ON;90;-8;-4;-0,90;8,50;95,30;89,80;7;3,50;100;-1;-1,40;
2026-07-16 21:53:00.0;OFF;ON;90;-7;-4;-1;8,50;95,20;89,80;6;3,50;100;-1,10;-1,40;
2026-07-16 21:54:00.0;OFF;ON;90;-6,10;-4;-1;8,50;95;89,80;5,10;3,50;100;-1,10;-1,40;
2026-07-16 21:55:00.0;OFF;ON;90;-7,10;-4;-1;8,40;95,10;89,80;6,10;3,50;100;-1,10;-1,40;
2026-07-16 21:56:00.0;OFF;ON;90;-7;-4;-0,90;8,40;95,40;89,80;6,10;3,50;100;-1;-1,20;
2026-07-16 21:57:00.0;OFF;ON;90;-6,80;-4;-0,90;8,40;95,50;89,80;5,90;3,50;100;-1;-1,20;
2026-07-16 21:58:00.0;OFF;ON;90;-12;-4;-0,90;8,40;95,70;89,80;11,20;3,50;100;-1;-1,20;
2026-07-16 21:59:00.0;OFF;ON;90;-14,40;-4;-0,80;8,30;95,70;89,80;13,60;3,50;100;-1;-1,10;
2026-07-16 22:00:00.0;OFF;ON;90;-16,60;-4;-0,80;8,30;95,70;89,80;15,80;3,50;100;-1;-1,10;
2026-07-16 22:01:00.0;OFF;ON;90;-12;-4;-0,80;8,30;95,80;89,80;11,20;3,50;100;-0,90;-1,10;
2026-07-16 22:02:00.0;OFF;ON;90;-7,30;-4;-0,80;8,20;95,80;89,80;6,40;3,50;100;-0,90;-1,10;
2026-07-16 22:03:00.0;OFF;ON;90;-7;-4;-0,80;8,20;95,90;89,80;6,20;3,50;100;-0,90;-1,10;
2026-07-16 22:04:00.0;OFF;ON;90;-7,10;-4;-0,80;8,20;95,90;89,80;6,30;3,50;100;-0,90;-1;
2026-07-16 22:05:00.0;OFF;ON;90;-8;-4;-0,80;8,10;95,90;89,80;7,20;3,50;100;-0,90;-1;
2026-07-16 22:06:00.0;OFF;ON;90;-6,40;-4;-0,80;8,10;95,90;89,80;5,60;3,50;100;-0,90;-1;
2026-07-16 22:07:00.0;OFF;ON;90;-6,90;-4;-0,80;8,10;95,90;89,80;6,10;3,50;100;-0,90;-1;
2026-07-16 22:08:00.0;OFF;ON;90;-7,10;-4;-0,80;8;95,80;89,80;6,30;3,50;100;-0,90;-1,10;
2026-07-16 22:09:00.0;OFF;ON;90;-6,40;-4;-0,80;8;95,70;89,80;5,60;3,50;100;-0,90;-1;
2026-07-16 22:10:00.0;OFF;ON;90;-6,90;-4;-0,80;8;95,80;89,80;6,10;3,50;100;-0,90;-1;
2026-07-16 22:11:00.0;OFF;ON;90;-6,20;-4;-0,80;7,90;95,80;89,80;5,40;3,50;100;-0,90;-1;
2026-07-16 22:12:00.0;OFF;ON;90;-6,60;-4;-0,80;7,90;95,80;89,80;5,90;3,50;100;-0,90;-1;
2026-07-16 22:13:00.0;OFF;ON;90;-6,20;-4;-0,80;7,90;95,80;89,80;5,50;3,50;100;-0,90;-1;
2026-07-16 22:14:00.0;OFF;ON;90;-6,80;-4;-0,80;7,80;95,80;89,80;6;3,50;100;-0,90;-1,10;
2026-07-16 22:15:00.0;OFF;ON;90;-6,60;-4;-0,80;7,80;95,70;89,80;5,70;3,50;100;-1;-1,10;
2026-07-16 22:16:00.0;OFF;ON;90;-7,80;-4;-0,90;7,80;95,60;89,80;6,90;3,50;100;-1;-1,20;
2026-07-16 22:17:00.0;OFF;ON;90;-7,20;-4;-0,90;7,80;95,50;89,80;6,40;3,50;100;-1;-1,20;
2026-07-16 22:18:00.0;OFF;ON;90;-6,70;-4;-0,90;7,70;95,40;89,80;5,70;3,50;100;-1;-1,20;
2026-07-16 22:19:00.0;OFF;ON;90;-6,90;-4;-0,90;7,70;95,40;89,80;6;3,50;100;-1;-1,20;
2026-07-16 22:20:00.0;OFF;ON;90;-12,10;-4;-0,90;7,70;95,30;89,80;11,20;3,50;100;-1;-1,20;
2026-07-16 22:21:00.0;OFF;ON;90;-7,40;-4;-0,90;7,60;95,30;89,80;6,50;3,50;100;-1;-1,20;
2026-07-16 22:22:00.0;OFF;ON;90;-7;-4;-1;7,60;95,40;89,80;6,10;3,50;100;-1;-1,20;
2026-07-16 22:23:00.0;OFF;ON;90;-17,90;-4;-1;7,60;95,30;89,80;17;3,50;100;-1,10;-1,30;
2026-07-16 22:24:00.0;OFF;ON;90;-20,20;-4;-1;7,50;95,30;89,80;19,30;3,50;100;-1,10;-1,30;
2026-07-16 22:25:00.0;OFF;ON;90;-22,60;-4;-1;7,50;95,40;89,80;21,60;3,50;100;-1,10;-1,30;
2026-07-16 22:26:00.0;OFF;ON;90;-31,20;-4;-1;7,50;95,30;89,80;30,20;3,50;100;-1,10;-1,30;
2026-07-16 22:27:00.0;OFF;ON;90;-28,30;-4;-1;7,40;95,30;89,80;27,30;3,50;100;-1,10;-1,30;
2026-07-16 22:28:00.0;OFF;ON;90;-24;-4;-1;7,40;95,30;89,80;23;3,50;100;-1,10;-1,30;
2026-07-16 22:29:00.0;OFF;ON;90;-14,80;-4;-1;7,40;95,30;89,80;13,80;3,50;100;-1,10;-1,30;
2026-07-16 22:30:00.0;OFF;ON;90;-21,40;-4;-1;7,40;95,40;89,80;20,40;3,50;100;-1,10;-1,30;
2026-07-16 22:31:00.0;OFF;ON;90;-34,50;-4;-1;7,30;95,40;89,80;33,50;3,50;100;-1,10;-1,30;
2026-07-16 22:32:00.0;OFF;ON;90;-23,60;-4;-1;7,30;95,40;89,80;22,60;3,50;100;-1,10;-1,30;
2026-07-16 22:33:00.0;OFF;ON;90;-29,60;-4;-1;7,30;95,40;89,80;28,60;3,50;100;-1,10;-1,30;
2026-07-16 22:34:00.0;OFF;ON;90;-24,90;-4;-1;7,20;95,30;89,80;23,90;3,50;100;-1,10;-1,30;
2026-07-16 22:35:00.0;OFF;ON;90;-27,80;-4;-1;7,20;95,40;89,80;26,80;3,50;100;-1,10;-1,30;
2026-07-16 22:36:00.0;OFF;ON;90;-29,20;-4;-1;7,20;95,40;89,80;28,20;3,50;100;-1,10;-1,30;
2026-07-16 22:37:00.0;OFF;ON;90;-27,90;-4;-1;7,10;95,40;89,80;26,90;3,50;100;-1,10;-1,30;
2026-07-16 22:38:00.0;OFF;ON;90;-28,40;-4;-1;7,10;95,40;89,80;27,40;3,50;100;-1,10;-1,30;
2026-07-16 22:39:00.0;OFF;ON;90;-15,30;-4;-1;7,10;95,40;89,80;14,30;3,50;100;-1,10;-1,30;
2026-07-16 22:40:00.0;OFF;ON;90;-28,80;-4;-1;7;95,40;89,80;27,70;3,50;100;-1,10;-1,30;
2026-07-16 22:41:00.0;OFF;ON;90;-30,60;-4;-1;7;95,40;89,80;29,60;3,50;100;-1,10;-1,30;
2026-07-16 22:42:00.0;OFF;ON;90;-33,60;-4;-1;7;95,40;89,80;32,60;3,50;100;-1,10;-1,30;
2026-07-16 22:43:00.0;OFF;ON;90;-33,10;-4;-1,10;6,90;95,30;89,80;32;3,50;100;-1,20;-1,40;
2026-07-16 22:44:00.0;OFF;ON;90;-30,10;-4;-1,10;6,90;95,30;89,80;29;3,50;100;-1,20;-1,40;
2026-07-16 22:45:00.0;OFF;ON;90;-29,10;-4;-1,10;6,90;95,20;89,80;28;3,50;100;-1,20;-1,40;
2026-07-16 22:46:00.0;OFF;ON;90;-29,90;-4;-1,10;6,80;95,10;89,80;28,80;3,50;100;-1,20;-1,40;
2026-07-16 22:47:00.0;OFF;ON;90;-21,70;-4;-1,20;6,80;95;89,80;20,50;3,50;100;-1,30;-1,50;
2026-07-16 22:48:00.0;OFF;ON;90;-20,80;-4;-1,20;6,80;95;89,80;19,60;3,50;100;-1,30;-1,50;
2026-07-16 22:49:00.0;OFF;ON;90;-13,90;-4;-1,20;6,70;95;89,80;12,70;3,50;100;-1,30;-1,50;
2026-07-16 22:50:00.0;OFF;ON;90;-15,10;-4;-1,20;6,70;95,10;89,80;13,90;3,50;100;-1,30;-1,50;
2026-07-16 22:51:00.0;OFF;ON;90;-12,70;-4;-1,10;6,70;95,20;89,80;11,60;3,50;100;-1,30;-1,40;
2026-07-16 22:52:00.0;OFF;ON;90;-6,90;-4;-1,10;6,60;95,30;89,80;5,70;3,50;100;-1,20;-1,40;
2026-07-16 22:53:00.0;OFF;ON;90;-7,30;-4;-1,10;6,60;95,30;89,70;6,20;3,50;100;-1,20;-1,40;
2026-07-16 22:54:00.0;OFF;ON;90;-6,80;-4;-1,10;6,60;95,40;89,70;5,70;3,50;100;-1,20;-1,40;
2026-07-16 22:55:00.0;OFF;ON;90;-9,10;-4;-1,10;6,60;95,40;89,70;7,90;3,50;100;-1,20;-1,40;
2026-07-16 22:56:00.0;OFF;ON;90;-6,90;-4;-1,10;6,50;95,40;89,70;5,80;3,50;100;-1,20;-1,40;
2026-07-16 22:57:00.0;OFF;ON;90;-7,60;-4;-1,10;6,50;95,40;89,70;6,50;3,50;100;-1,20;-1,40;
2026-07-16 22:58:00.0;OFF;ON;90;-7,40;-4;-1,10;6,50;95,40;89,70;6,30;3,50;100;-1,20;-1,30;
2026-07-16 22:59:00.0;OFF;ON;90;-6,90;-4;-1,10;6,40;95,40;89,70;5,80;3,50;100;-1,20;-1,30;
2026-07-16 23:00:00.0;OFF;ON;90;-15,40;-4;-1,10;6,40;95,50;89,70;14,30;3,50;100;-1,20;-1,30;
2026-07-16 23:01:00.0;OFF;ON;90;-12,30;-4;-1,10;6,40;95,50;89,70;11,20;3,50;100;-1,20;-1,30;
2026-07-16 23:02:00.0;OFF;ON;90;-7,60;-4;-1,10;6,30;95,50;89,70;6,50;3,50;100;-1,20;-1,30;
2026-07-16 23:03:00.0;OFF;ON;90;-12;-4;-1,10;6,30;95,50;89,80;10,90;3,50;100;-1,20;-1,30;
2026-07-16 23:04:00.0;OFF;ON;90;-12;-4;-1,10;6,30;95,40;89,80;10,90;3,50;100;-1,20;-1,30;
2026-07-16 23:05:00.0;OFF;ON;90;-12;-4;-1,10;6,20;95,50;89,80;10,90;3,50;100;-1,20;-1,30;
2026-07-16 23:06:00.0;OFF;ON;90;-8;-4;-1,10;6,20;95,50;89,80;6,90;3,50;100;-1,20;-1,30;
2026-07-16 23:07:00.0;OFF;ON;90;-7,50;-4;-1,10;6,20;95,60;89,80;6,40;3,50;100;-1,20;-1,30;
2026-07-16 23:08:00.0;OFF;ON;90;-13,20;-4;-1,10;6,20;95,60;89,80;12,10;3,50;100;-1,20;-1,30;
2026-07-16 23:09:00.0;OFF;ON;90;-13,70;-4;-1,10;6,10;95,40;89,70;12,60;3,50;100;-1,20;-1,30;
2026-07-16 23:10:00.0;OFF;ON;90;-14,30;-4;-1,10;6,10;95,50;89,70;13,10;3,50;100;-1,20;-1,30;
2026-07-16 23:11:00.0;OFF;ON;90;-13,20;-4;-1,10;6,10;95,40;89,70;12,10;3,50;100;-1,20;-1,30;
2026-07-16 23:12:00.0;OFF;ON;90;-7,40;-4;-1,10;6;95,50;89,70;6,30;3,50;100;-1,20;-1,30;
2026-07-16 23:13:00.0;OFF;ON;90;-8,10;-4;-1,10;6;95,50;89,70;7;3,50;100;-1,20;-1,30;
2026-07-16 23:14:00.0;OFF;ON;90;-13,50;-4;-1,10;6;95,50;89,70;12,40;3,50;100;-1,20;-1,30;
2026-07-16 23:15:00.0;OFF;ON;90;-7,10;-4;-1,10;5,90;95,50;89,70;6;3,50;100;-1,20;-1,30;
2026-07-16 23:16:00.0;OFF;ON;90;-7,30;-4;-1,10;5,90;95,50;89,70;6,20;3,50;100;-1,20;-1,30;
2026-07-16 23:17:00.0;OFF;ON;90;-6,70;-4;-1,10;5,90;95,50;89,70;5,60;3,50;100;-1,20;-1,30;
2026-07-16 23:18:00.0;OFF;ON;90;-7,70;-4;-1,10;5,80;95,50;89,70;6,60;3,50;100;-1,20;-1,30;
2026-07-16 23:19:00.0;OFF;ON;90;-7,20;-4;-1,10;5,80;95,50;89,70;6;3,50;100;-1,20;-1,30;
2026-07-16 23:20:00.0;OFF;ON;90;-7,60;-4;-1,10;5,80;95,50;89,70;6,40;3,50;100;-1,20;-1,30;
2026-07-16 23:21:00.0;OFF;ON;90;-6,70;-4;-1,10;5,70;95,50;89,70;5,60;3,50;100;-1,20;-1,30;
2026-07-16 23:22:00.0;OFF;ON;90;-8,20;-4;-1,10;5,70;95,40;89,70;7;3,50;100;-1,20;-1,30;
2026-07-16 23:23:00.0;OFF;ON;90;-7,70;-4;-1,10;5,70;95,50;89,70;6,60;3,50;100;-1,20;-1,30;
2026-07-16 23:24:00.0;OFF;ON;90;-7;-4;-1,10;5,60;95,40;89,70;5,90;3,50;100;-1,20;-1,30;
2026-07-16 23:25:00.0;OFF;ON;90;-12,20;-4;-1,20;5,60;95,50;89,70;11,10;3,50;100;-1,20;-1,30;
2026-07-16 23:26:00.0;OFF;ON;90;-7;-4;-1,20;5,60;95,40;89,70;5,80;3,50;100;-1,30;-1,40;
2026-07-16 23:27:00.0;OFF;ON;90;-7,60;-4;-1,20;5,60;95,40;89,70;6,50;3,50;100;-1,30;-1,40;
2026-07-16 23:28:00.0;OFF;ON;90;-7;-4;-1,20;5,50;95,40;89,70;5,90;3,50;100;-1,30;-1,40;
2026-07-16 23:29:00.0;OFF;ON;90;-6,70;-4;-1,10;5,50;95,40;89,70;5,60;3,50;100;-1,30;-1,40;
2026-07-16 23:30:00.0;OFF;ON;90;-7,90;-4;-1,20;5,50;95,40;89,70;6,70;3,50;100;-1,20;-1,40;
2026-07-16 23:31:00.0;OFF;ON;90;-7,50;-4;-1,20;5,40;95,30;89,70;6,20;3,50;100;-1,30;-1,70;
2026-07-16 23:32:00.0;OFF;ON;90;-13,60;-4;-1,30;5,40;95,20;89,70;12,30;3,50;100;-1,40;-1,90;
2026-07-16 23:33:00.0;OFF;ON;90;-13,40;-4;-1,40;5,40;94,90;89,70;12;3,50;100;-1,40;-2;
2026-07-16 23:34:00.0;OFF;ON;50;-12;-4;-1,40;5,30;94,80;89,70;10,60;3,50;100;-1,50;-2,10;
2026-07-16 23:35:00.0;OFF;ON;50;-12,10;-4;-1,40;5,30;94,70;89,70;10,70;3,50;100;-1,50;-2,10;
2026-07-16 23:36:00.0;OFF;ON;50;-11,90;-4;-1,40;5,30;94,80;89,70;10,50;3,50;100;-1,50;-2;
2026-07-16 23:37:00.0;OFF;ON;50;-7,60;-4;-1,40;5,30;94,80;89,70;6,20;3,50;100;-1,50;-2,10;
2026-07-16 23:38:00.0;OFF;ON;50;-7,50;-4;-1,40;5,20;94,80;89,70;6,10;3,50;100;-1,50;-2,10;
2026-07-16 23:39:00.0;OFF;ON;50;-6,90;-4;-1,40;5,20;94,80;89,70;5,40;3,50;100;-1,50;-2,10;
2026-07-16 23:40:00.0;OFF;ON;50;-6,70;-4;-1,40;5,10;94,70;89,70;5,30;3,50;100;-1,50;-2,10;
2026-07-16 23:41:00.0;OFF;ON;50;-12,50;-4;-1,50;5,10;94,70;89,70;11,10;3,50;100;-1,50;-2,10;
2026-07-16 23:42:00.0;OFF;ON;50;-7;-4;-1,50;5,10;94,70;89,70;5,60;3,50;100;-1,50;-2,20;
2026-07-16 23:43:00.0;OFF;ON;50;-11,80;-4;-1,50;5,10;94,70;89,70;10,30;3,50;100;-1,60;-2,20;
2026-07-16 23:44:00.0;OFF;ON;50;-6,70;-4;-1,50;5;94,70;89,70;5,30;3,50;100;-1,60;-2,20;
2026-07-16 23:45:00.0;OFF;ON;50;-7;-4;-1,50;5;94,70;89,70;5,50;3,50;100;-1,60;-2,20;
2026-07-16 23:46:00.0;OFF;ON;50;-6,80;-4;-1,50;5;94,60;89,70;5,30;3,50;100;-1,60;-2,20;
2026-07-16 23:47:00.0;OFF;ON;50;-18,80;-4;-1,50;5;94,60;89,70;17,30;3,50;100;-1,60;-2,20;
2026-07-16 23:48:00.0;OFF;ON;50;-25,20;-4;-1,50;4,90;94,60;89,70;23,70;3,50;100;-1,60;-2,20;
2026-07-16 23:49:00.0;OFF;ON;50;-20,80;-3,90;-1,50;4,90;94,70;89,70;19,20;3,50;100;-1,60;-2,20;
2026-07-16 23:50:00.0;OFF;ON;50;-17,90;-3,80;-1,50;4,90;94,70;89,70;16,40;3,50;100;-1,60;-2,20;
2026-07-16 23:51:00.0;OFF;ON;50;-22,80;-3,70;-1,50;4,90;94,70;89,70;21,30;3,50;100;-1,60;-2,30;
2026-07-16 23:52:00.0;OFF;ON;50;-27,90;-3,60;-1,50;4,80;94,70;89,70;26,40;3,50;100;-1,60;-2,20;
2026-07-16 23:53:00.0;OFF;ON;50;-15;-3,50;-1,50;4,80;94,70;89,70;13,50;3,50;100;-1,60;-2,20;
2026-07-16 23:54:00.0;OFF;ON;50;-30;-3,40;-1,50;4,80;94,70;89,70;28,40;3,50;100;-1,60;-2,20;
2026-07-16 23:55:00.0;OFF;ON;50;-31,20;-3,30;-1,50;4,80;94,70;89,70;29,60;3,50;100;-1,60;-2,20;
2026-07-16 23:56:00.0;OFF;ON;50;-31,60;-3,20;-1,60;4,70;94,70;89,70;30;3,50;100;-1,60;-2,20;
2026-07-16 23:57:00.0;OFF;ON;50;-12,40;-3;-1,60;4,70;94,70;89,70;10,80;3,50;100;-1,60;-2,20;
2026-07-16 23:58:00.0;OFF;ON;50;-16,80;-2,90;-1,60;4,70;94,70;89,70;15,30;3,50;100;-1,60;-2,20;
2026-07-16 23:59:00.0;OFF;ON;50;-15;-2,80;-1,50;4,70;94,60;89,70;13,40;3,50;100;-1,60;-2,20;
