CamCarcacas2;
2026-07-17 00:00;2026-07-18 00:00;
12144 Frigorífico Thoms;
ayron.costa;
" ";CPCO 51 - Câmara de carcaças - Controle de temperatura 1;CPCO 51 - Câmara de carcaças - Controle de temperatura 1;CPCO 51 - Câmara de carcaças - Controle de temperatura 1;CPCO 51 - Câmara de carcaças - Controle de temperatura 1;CPCO 51 - Câmara de carcaças - Controle de temperatura 1;CPCO 51 - Câmara de carcaças - Controle de temperatura 1;CPCO 52 - Câmara de carcaças - Controle de temperatura 2;CPCO 52 - Câmara de carcaças - Controle de temperatura 2;CPCO 53 - Balança;CPCO 51 - Câmara de carcaças - Controle de temperatura 1;CPCO 51 - Câmara de carcaças - Controle de temperatura 1;CPCO 51 - Câmara de carcaças - Controle de temperatura 1;CPCO 51 - Câmara de carcaças - Controle de temperatura 1;CPCO 54 - Câmara de carcaças - Controle de temperatura 3;
" ";Carregamento;Resfriamento;Saida Y1 - Ventiladores EC;Temp entrada glicol;Temp ref;Temp retorno ar;Temperatuda espeto;Umidade relativa da camara;Peso atual;DT Atual;DT ref;Cap Atual Valvula;Temp retorno ar M1A08;Temp Insuf de ar M1A08;" ";
2026-07-17 00:00:00.0;OFF;ON;50;-20;-2,70;-1,50;4,60;94,60;89,70;18,50;3,50;100;-1,60;-2,20;
2026-07-17 00:01:00.0;OFF;ON;50;-14,60;-2,50;-1,50;4,60;94,70;89,70;13;3,50;100;-1,60;-2,20;
2026-07-17 00:02:00.0;OFF;ON;50;-7;-2,40;-1,50;4,60;94,70;89,70;5,40;3,50;100;-1,60;-2,20;
2026-07-17 00:03:00.0;OFF;ON;50;-12;-2,20;-1,50;4,60;94,80;89,70;10,50;3,50;100;-1,60;-2,20;
2026-07-17 00:04:00.0;OFF;ON;50;-7;-2,10;-1,50;4,50;94,80;89,70;5,50;3,50;100;-1,60;-2,20;
2026-07-17 00:05:00.0;OFF;ON;50;-20,40;-1,90;-1,50;4,50;94,70;89,70;18,90;3,50;100;-1,60;-2,20;
2026-07-17 00:06:00.0;OFF;ON;50;-21,40;-1,80;-1,50;4,50;94,80;89,70;19,90;3,50;100;-1,60;-2,20;
2026-07-17 00:07:00.0;OFF;ON;50;-6,70;-1,60;-1,50;4,50;94,80;89,70;5,20;3,50;100;-1,60;-2,20;
2026-07-17 00:08:00.0;OFF;ON;50;-24,70;-1,40;-1,50;4,50;94,80;89,70;23,20;3,50;100;-1,60;-2,20;
2026-07-17 00:09:00.0;OFF;ON;50;-26,40;-1,20;-1,50;4,40;94,70;89,70;24,90;3,50;100;-1,60;-2,20;
2026-07-17 00:10:00.0;OFF;ON;50;-21,80;-1,10;-1,50;4,40;94,90;89,70;20,30;3,50;100;-1,60;-2,20;
2026-07-17 00:11:00.0;OFF;ON;50;-23,80;-0,90;-1,50;4,40;94,80;89,70;22,30;3,50;100;-1,60;-2,20;
2026-07-17 00:12:00.0;OFF;ON;50;-21,80;-0,80;-1,50;4,40;94,80;89,70;20,30;3,50;100;-1,60;-2,20;
2026-07-17 00:13:00.0;OFF;ON;50;-24,40;-0,60;-1,50;4,30;94,90;89,70;22,90;3,50;100;-1,60;-2,20;
2026-07-17 00:14:00.0;OFF;ON;50;-24,40;-0,50;-1,50;4,30;94,90;89,70;22,90;3,50;100;-1,60;-2,10;
2026-07-17 00:15:00.0;OFF;ON;50;-22;-0,20;-1,50;4,30;94,90;89,70;20,50;3,50;100;-1,60;-2,10;
2026-07-17 00:16:00.0;OFF;ON;50;-15,50;-0,10;-1,50;4,30;94,90;89,70;14;3,50;100;-1,60;-2,10;
2026-07-17 00:17:00.0;OFF;ON;50;-28,20;0,10;-1,50;4,20;94,90;89,70;26,70;3,50;100;-1,60;-2,10;
2026-07-17 00:18:00.0;OFF;ON;50;-16,70;0,40;-1,50;4,20;94,90;89,70;15,20;3,50;100;-1,60;-2,10;
2026-07-17 00:19:00.0;OFF;ON;50;-15,90;0,50;-1,50;4,20;94,90;89,70;14,40;3,50;100;-1,60;-2,10;
2026-07-17 00:20:00.0;OFF;ON;50;-7,10;0,70;-1,50;4,20;94,80;89,70;5,60;3,50;100;-1,60;-2,10;
2026-07-17 00:21:00.0;OFF;ON;50;-16,20;0,90;-1,50;4,20;94,90;89,70;14,70;3,50;100;-1,60;-2,10;
2026-07-17 00:22:00.0;OFF;ON;50;-25,80;1;-1,50;4,10;94,90;89,70;24,30;3,50;100;-1,60;-2,10;
2026-07-17 00:23:00.0;OFF;ON;50;-22,20;1;-1,50;4,10;94,90;89,70;20,70;3,50;100;-1,60;-2,10;
2026-07-17 00:24:00.0;OFF;ON;50;-23,90;1;-1,50;4,10;94,90;89,70;22,40;3,50;100;-1,60;-2,10;
2026-07-17 00:25:00.0;OFF;ON;50;-23,60;1;-1,50;4,10;94,90;89,70;22,10;3,50;100;-1,60;-2,10;
2026-07-17 00:26:00.0;OFF;ON;50;-33,50;1;-1,50;4;94,90;89,70;32;3,50;100;-1,60;-2,10;
2026-07-17 00:27:00.0;OFF;ON;50;-33,80;1;-1,50;4;94,80;89,70;32,20;3,50;100;-1,60;-2,10;
2026-07-17 00:28:00.0;OFF;ON;50;-32,60;1;-1,50;4;94,80;89,70;31,10;3,50;100;-1,60;-2,10;
2026-07-17 00:29:00.0;OFF;ON;50;-31,80;1;-1,50;4;94,90;89,70;30,30;3,50;100;-1,60;-2,10;
2026-07-17 00:30:00.0;OFF;ON;50;-26,80;1;-1,50;4;95;89,70;25,30;3,50;100;-1,60;-2,10;
2026-07-17 00:31:00.0;OFF;ON;50;-27,70;1;-1,50;3,90;95;89,70;26,10;3,50;100;-1,60;-2,10;
2026-07-17 00:32:00.0;OFF;ON;50;-33,50;1;-1,50;3,90;95;89,70;32;3,50;100;-1,60;-2,10;
2026-07-17 00:33:00.0;OFF;ON;50;-34,90;1;-1,50;3,90;95;89,70;33,40;3,50;100;-1,60;-2,10;
2026-07-17 00:34:00.0;OFF;ON;50;-32,80;1;-1,50;3,90;94,90;89,70;31,30;3,50;100;-1,60;-2,10;
2026-07-17 00:35:00.0;OFF;ON;50;-32,80;1;-1,50;3,80;94,90;89,70;31,20;3,50;100;-1,60;-2,10;
2026-07-17 00:36:00.0;OFF;ON;50;-19,60;1;-1,50;3,80;94,90;89,70;18,10;3,50;100;-1,60;-2,10;
2026-07-17 00:37:00.0;OFF;ON;50;-23,50;1;-1,50;3,80;94,90;89,70;22;3,50;100;-1,60;-2,10;
2026-07-17 00:38:00.0;OFF;ON;50;-32,90;1,10;-1,40;3,80;95,10;89,70;31,60;3,50;100;-1,60;-2,10;
2026-07-17 00:39:00.0;OFF;ON;50;-25,90;1,20;-1,30;-1,30;95,30;89,60;24,60;3,50;100;-1,60;-2,10;
2026-07-17 00:40:00.0;OFF;ON;50;-23,90;1,20;-1,30;-2,40;95,30;89,50;22,60;3,50;100;-1,60;-2,10;
2026-07-17 00:41:00.0;OFF;ON;50;-16,30;1,20;-1,30;-3;95,30;0;15;3,50;100;-1,60;-2;
2026-07-17 00:42:00.0;OFF;ON;50;-33,70;1,20;-1,30;-3,60;95,50;15,70;32,40;3,50;100;-1,50;-2;
2026-07-17 00:43:00.0;OFF;ON;50;-32,70;1,30;-1,20;-3,70;95,60;2,50;31,50;3,50;100;-1,50;-2;
2026-07-17 00:44:00.0;OFF;ON;50;-28,20;1,30;-1,20;-3,80;95,60;0;26,90;3,50;100;-1,50;-2;
2026-07-17 00:45:00.0;OFF;ON;50;-30,70;1,30;-1,20;-3,80;95,60;0;29,50;3,50;100;-1,50;-2;
2026-07-17 00:46:00.0;OFF;ON;50;-28,40;1,30;-1,20;-3,80;95,70;0;27,20;3,50;100;-1,50;-2;
2026-07-17 00:47:00.0;OFF;ON;50;-33;1,30;-1,20;-3,80;95,70;0;31,80;3,50;100;-1,50;-2;
2026-07-17 00:48:00.0;OFF;ON;50;-31,10;1,30;-1,20;-3,80;95,70;0;29,90;3,50;100;-1,50;-2;
2026-07-17 00:49:00.0;OFF;ON;50;-29,60;1,30;-1,20;-3,80;95,70;1,30;28,40;3,50;100;-1,50;-1,90;
2026-07-17 00:50:00.0;OFF;ON;50;-13;1,30;-1,20;-3,80;95,60;0;11,90;3,50;100;-1,50;-1,90;
2026-07-17 00:51:00.0;OFF;ON;50;-27,50;1,30;-1,20;-3,70;95,70;0;26,30;3,50;100;-1,50;-1,90;
2026-07-17 00:52:00.0;OFF;ON;50;-27,30;1,30;-1,20;-3,70;95,60;0;26,10;3,50;100;-1,50;-1,90;
2026-07-17 00:53:00.0;OFF;ON;50;-29;1,30;-1,20;-3,70;95,60;0;27,80;3,50;100;-1,50;-1,90;
2026-07-17 00:54:00.0;OFF;ON;50;-30,30;1,30;-1,20;-3,70;95,60;0;29,10;3,50;100;-1,50;-2;
2026-07-17 00:55:00.0;OFF;ON;50;-34;1,30;-1,20;-3,70;95,50;0;32,80;3,50;100;-1,50;-2;
2026-07-17 00:56:00.0;OFF;ON;50;-30,40;1,30;-1,20;-3,70;95,40;0;29,20;3,50;100;-1,50;-2;
2026-07-17 00:57:00.0;OFF;ON;50;-28,60;1,30;-1,20;-3,70;95,50;0;27,40;3,50;100;-1,50;-2;
2026-07-17 00:58:00.0;OFF;ON;50;-27,20;1,30;-1,20;-3,70;95,50;0;26;3,50;100;-1,50;-2;
2026-07-17 00:59:00.0;OFF;ON;50;-30,60;1,30;-1,20;-3,60;95,40;0;29,30;3,50;100;-1,50;-2;
2026-07-17 01:00:00.0;OFF;ON;50;-28,50;1,30;-1,20;-3,60;95,30;0;27,30;3,50;100;-1,50;-2;
2026-07-17 01:01:00.0;OFF;ON;50;-31,90;1,30;-1,20;-3,60;95,30;0;30,70;3,50;100;-1,50;-2;
2026-07-17 01:02:00.0;OFF;ON;50;-26,40;1,30;-1,20;-3,60;95,30;0;25,20;3,50;100;-1,50;-2;
2026-07-17 01:03:00.0;OFF;ON;50;-25,10;1,30;-1,20;-3,60;95,30;0;23,90;3,50;100;-1,60;-2;
2026-07-17 01:04:00.0;OFF;ON;50;-26,80;1,30;-1,20;-3,60;95,30;0;25,60;3,50;100;-1,50;-2;
2026-07-17 01:05:00.0;OFF;ON;50;-26,90;1,30;-1,20;-3,60;95,40;0;25,70;3,50;100;-1,50;-2;
2026-07-17 01:06:00.0;OFF;ON;50;-25,10;1,30;-1,30;-3,60;95,40;0;23,80;3,50;100;-1,50;-2;
2026-07-17 01:07:00.0;OFF;ON;50;-25,40;1,20;-1,20;-3,60;95,20;0;24,20;3,50;100;-1,30;-2;
2026-07-17 01:08:00.0;OFF;ON;50;-28,30;1,30;-1,10;-3,60;95,40;0;27,20;3,50;100;-1,10;-2;
2026-07-17 01:09:00.0;OFF;ON;50;-31;1,40;-1;-3,50;95,60;0;29,90;3,50;100;-1,10;-1,80;
2026-07-17 01:10:00.0;OFF;ON;50;-32,90;1,50;-1;-3,50;95,60;0;31,90;3,50;100;-1;-1,70;
2026-07-17 01:11:00.0;OFF;ON;50;-27,30;1,50;-1;-3,50;95,80;0;26,30;3,50;100;-1;-1,70;
2026-07-17 01:12:00.0;OFF;ON;50;-25;1,60;-0,90;-3,40;96;0;24;3,50;100;-0,90;-1,60;
2026-07-17 01:13:00.0;OFF;ON;50;-6,70;1,60;-0,90;-3,40;96;0;5,80;3,50;100;-0,90;-1,60;
2026-07-17 01:14:00.0;OFF;ON;50;-20,90;1,60;-0,90;-3,40;96,10;0;20;3,50;100;-0,90;-1,50;
2026-07-17 01:15:00.0;OFF;ON;50;-6,90;1,60;-0,90;-3,40;96,10;0;6;3,50;100;-0,80;-1,50;
2026-07-17 01:16:00.0;OFF;ON;50;-12;1,70;-0,90;-3,40;96,30;0;11,10;3,50;100;-0,90;-1,40;
2026-07-17 01:17:00.0;OFF;ON;50;-20,50;1,50;-1,10;-3,50;96,10;0;19,50;3,50;100;-1,20;-1,50;
2026-07-17 01:18:00.0;OFF;ON;50;-26;1,40;-1,10;-3,50;95,90;0;24,90;3,50;100;-1,20;-1,60;
2026-07-17 01:19:00.0;OFF;ON;50;-23,90;1,30;-1,20;-3,60;95,60;0;22,70;3,50;100;-1,30;-1,70;
2026-07-17 01:20:00.0;OFF;ON;50;-15,80;1,20;-1,30;-3,60;95,40;0;14,50;3,50;100;-1,40;-1,80;
2026-07-17 01:21:00.0;OFF;ON;50;-23,50;1,20;-1,30;2,40;95,20;0;22,20;3,50;100;-1,40;-1,90;
2026-07-17 01:22:00.0;OFF;ON;50;-16,90;-1,50;-1,40;3,50;94,90;0;15,50;3,50;100;-1,50;-1,90;
2026-07-17 01:23:00.0;OFF;ON;50;-24,70;-1,70;-1,40;3,70;94,70;0;23,30;3,50;100;-1,50;-2;
2026-07-17 01:24:00.0;OFF;ON;50;-25,40;-1,50;-1,40;3,70;94,50;0;24;3,50;100;-1,50;-2,10;
2026-07-17 01:25:00.0;OFF;ON;50;-29;-1,40;-1,50;3,80;94,40;0;27,50;3,50;100;-1,60;-2,10;
2026-07-17 01:26:00.0;OFF;ON;50;-28;-1,10;-1,50;3,80;94,30;0;26,50;3,50;100;-1,60;-2,20;
2026-07-17 01:27:00.0;OFF;ON;50;-24,20;-1;-1,60;3,80;94,20;0;22,70;3,50;100;-1,70;-2,20;
2026-07-17 01:28:00.0;OFF;ON;50;-28,20;-0,70;-1,60;3,80;94,10;0;26,60;3,50;100;-1,70;-2,20;
2026-07-17 01:29:00.0;OFF;ON;50;-26,40;-0,60;-1,60;3,70;94,10;0;24,80;3,50;100;-1,70;-2,30;
2026-07-17 01:30:00.0;OFF;ON;50;-25,60;-0,20;-1,60;3,70;94;0;24;3,50;100;-1,70;-2,30;
2026-07-17 01:31:00.0;OFF;ON;50;-25,90;-0,10;-1,60;3,70;94;0;24,30;3,50;100;-1,70;-2,30;
2026-07-17 01:32:00.0;OFF;ON;50;-30,10;0,20;-1,70;3,70;93,90;0;28,40;3,50;100;-1,70;-2,30;
2026-07-17 01:33:00.0;OFF;ON;50;-27,50;0,50;-1,70;3,70;93,90;0;25,80;3,50;100;-1,70;-2,30;
2026-07-17 01:34:00.0;OFF;ON;50;-27,30;0,70;-1,70;3,70;93,90;0;25,60;3,50;100;-1,70;-2,40;
2026-07-17 01:35:00.0;OFF;ON;50;-30,80;0,80;-1,70;3,70;94;0;29,10;3,50;100;-1,70;-2,40;
2026-07-17 01:36:00.0;OFF;ON;50;-29,40;0,80;-1,70;3,60;94;0;27,70;3,50;100;-1,80;-2,40;
2026-07-17 01:37:00.0;OFF;ON;50;-32,40;0,80;-1,70;3,60;94;0;30,70;3,50;100;-1,80;-2,40;
2026-07-17 01:38:00.0;OFF;ON;50;-31,70;0,80;-1,70;3,60;94,10;0;29,90;3,50;100;-1,80;-2,40;
2026-07-17 01:39:00.0;OFF;ON;50;-29;0,80;-1,70;3,60;94,10;0;27,20;3,50;100;-1,80;-2,40;
2026-07-17 01:40:00.0;OFF;ON;50;-27,70;0,80;-1,70;3,60;94,10;0;26;3,50;100;-1,80;-2,40;
2026-07-17 01:41:00.0;OFF;ON;50;-26,80;0,80;-1,70;3,50;94,20;0;25;3,50;100;-1,80;-2,40;
2026-07-17 01:42:00.0;OFF;ON;50;-25,20;0,80;-1,70;3,50;94,10;0;23,50;3,50;100;-1,80;-2,40;
2026-07-17 01:43:00.0;OFF;ON;50;-15,60;0,80;-1,70;3,50;94,10;0;13,80;3,50;100;-1,80;-2,40;
2026-07-17 01:44:00.0;OFF;ON;50;-14,70;0,80;-1,70;3,50;94;0;13;3,50;100;-1,80;-2,40;
2026-07-17 01:45:00.0;OFF;ON;50;-7,10;0,80;-1,70;3,50;94,10;0;5,40;3,50;100;-1,80;-2,40;
2026-07-17 01:46:00.0;OFF;ON;50;-7;0,80;-1,70;3,50;94,20;0;5,20;3,50;100;-1,80;-2,40;
2026-07-17 01:47:00.0;OFF;ON;50;-7,30;0,80;-1,70;3,40;94,20;0;5,50;3,50;100;-1,80;-2,40;
2026-07-17 01:48:00.0;OFF;ON;50;-21,20;0,80;-1,70;3,40;94,30;0;19,50;3,50;100;-1,80;-2,40;
2026-07-17 01:49:00.0;OFF;ON;50;-18,20;0,80;-1,70;3,40;94,30;0;16,40;3,50;100;-1,80;-2,40;
2026-07-17 01:50:00.0;OFF;ON;50;-27,60;0,80;-1,70;3,40;94,40;0;25,80;3,50;100;-1,80;-2,40;
2026-07-17 01:51:00.0;OFF;ON;50;-26;0,80;-1,70;3,40;94,30;0;24,20;3,50;100;-1,80;-2,30;
2026-07-17 01:52:00.0;OFF;ON;50;-26,20;0,80;-1,70;3,30;94,30;0;24,40;3,50;100;-1,80;-2,30;
2026-07-17 01:53:00.0;OFF;ON;50;-21,90;0,80;-1,70;3,30;94,40;0;20,20;3,50;100;-1,80;-2,30;
2026-07-17 01:54:00.0;OFF;ON;50;-29,20;0,80;-1,70;3,30;94,40;0;27,50;3,50;100;-1,80;-2,30;
2026-07-17 01:55:00.0;OFF;ON;50;-27,80;0,80;-1,70;3,30;94,40;0;26,10;3,50;100;-1,80;-2,30;
2026-07-17 01:56:00.0;OFF;ON;50;-26,10;0,80;-1,70;3,30;94,60;0;24,40;3,50;100;-1,80;-2,30;
2026-07-17 01:57:00.0;OFF;ON;50;-26,70;0,80;-1,70;3,30;94,60;0;25;3,50;100;-1,80;-2,30;
2026-07-17 01:58:00.0;OFF;ON;50;-24,30;0,80;-1,70;3,20;94,60;0;22,60;3,50;100;-1,80;-2,30;
2026-07-17 01:59:00.0;OFF;ON;50;-19,10;0,80;-1,70;3,20;94,60;0;17,30;3,50;100;-1,80;-2,30;
2026-07-17 02:00:00.0;OFF;ON;50;-28,70;0,80;-1,70;3,20;94,50;0;27;3,50;100;-1,80;-2,30;
2026-07-17 02:01:00.0;OFF;ON;50;-30,70;0,80;-1,70;3,20;94,50;0;29;3,50;100;-1,80;-2,30;
2026-07-17 02:02:00.0;OFF;ON;50;-24,40;0,80;-1,70;3,20;94,60;0;22,70;3,50;100;-1,80;-2,30;
2026-07-17 02:03:00.0;OFF;ON;50;-13,30;0,80;-1,70;3,20;94,50;0;11,60;3,50;100;-1,80;-2,30;
2026-07-17 02:04:00.0;OFF;ON;50;-7,10;0,80;-1,70;3,10;94,70;0;5,40;3,50;100;-1,80;-2,30;
2026-07-17 02:05:00.0;OFF;ON;50;-12,80;0,80;-1,70;3,10;94,60;0;11,10;3,50;100;-1,80;-2,30;
2026-07-17 02:06:00.0;OFF;ON;50;-12;0,80;-1,70;3,10;94,60;0;10,30;3,50;100;-1,80;-2,20;
2026-07-17 02:07:00.0;OFF;ON;50;-7;0,80;-1,70;3,10;94,70;0;5,20;3,50;100;-1,80;-2,20;
2026-07-17 02:08:00.0;OFF;ON;50;-19,80;0,80;-1,70;3,10;94,70;0;18,10;3,50;100;-1,80;-2,20;
2026-07-17 02:09:00.0;OFF;ON;50;-23,90;0,80;-1,70;3;94,70;0;22,20;3,50;100;-1,80;-2,20;
2026-07-17 02:10:00.0;OFF;ON;50;-20,40;0,80;-1,70;3;94,70;0;18,70;3,50;100;-1,80;-2,20;
2026-07-17 02:11:00.0;OFF;ON;50;-12,80;0,80;-1,70;3;94,70;0;11;3,50;100;-1,80;-2,20;
2026-07-17 02:12:00.0;OFF;ON;50;-7,10;0,80;-1,70;3;94,70;0;5,40;3,50;100;-1,80;-2,20;
2026-07-17 02:13:00.0;OFF;ON;50;-13,50;0,80;-1,70;3;94,70;0;11,80;3,50;100;-1,80;-2,20;
2026-07-17 02:14:00.0;OFF;ON;50;-25,60;0,80;-1,70;3;94,70;0;23,90;3,50;100;-1,80;-2,20;
2026-07-17 02:15:00.0;OFF;ON;50;-27;0,80;-1,70;2,90;94,70;0;25,30;3,50;100;-1,70;-2,20;
2026-07-17 02:16:00.0;OFF;ON;50;-28,10;0,80;-1,70;2,90;94,70;0;26,40;3,50;100;-1,80;-2,20;
2026-07-17 02:17:00.0;OFF;ON;50;-24,50;0,80;-1,70;2,90;94,70;0;22,80;3,50;100;-1,80;-2,20;
2026-07-17 02:18:00.0;OFF;ON;50;-26,40;0,80;-1,70;2,90;94,70;0;24,70;3,50;100;-1,80;-2,20;
2026-07-17 02:19:00.0;OFF;ON;50;-13,90;0,80;-1,70;2,90;94,70;0;12,20;3,50;100;-1,70;-2,20;
2026-07-17 02:20:00.0;OFF;ON;50;-28,40;0,80;-1,70;2,90;94,70;0;26,70;3,50;100;-1,70;-2,20;
2026-07-17 02:21:00.0;OFF;ON;50;-25,10;0,80;-1,70;2,80;94,70;0;23,40;3,50;100;-1,70;-2,20;
2026-07-17 02:22:00.0;OFF;ON;50;-13,20;0,80;-1,70;2,80;94,70;0;11,50;3,50;100;-1,70;-2,20;
2026-07-17 02:23:00.0;OFF;ON;50;-26,10;0,80;-1,70;2,80;94,70;0;24,40;3,50;100;-1,80;-2,20;
2026-07-17 02:24:00.0;OFF;ON;50;-20,10;0,80;-1,70;2,80;94,70;0;18,40;3,50;100;-1,80;-2,20;
2026-07-17 02:25:00.0;OFF;ON;50;-24,30;0,80;-1,70;2,80;94,70;0;22,60;3,50;100;-1,80;-2,20;
2026-07-17 02:26:00.0;OFF;ON;50;-27,50;0,80;-1,70;2,70;94,70;0;25,80;3,50;100;-1,80;-2,20;
2026-07-17 02:27:00.0;OFF;ON;50;-25,80;0,80;-1,70;2,70;94,70;0;24,10;3,50;100;-1,80;-2,20;
2026-07-17 02:28:00.0;OFF;ON;50;-30,60;0,80;-1,70;2,70;94,70;0;28,80;3,50;100;-1,80;-2,20;
2026-07-17 02:29:00.0;OFF;ON;50;-29,80;0,80;-1,70;2,70;94,70;0;28,10;3,50;100;-1,80;-2,20;
2026-07-17 02:30:00.0;OFF;ON;50;-29;0,80;-1,70;2,70;94,70;0;27,20;3,50;100;-1,80;-2,20;
2026-07-17 02:31:00.0;OFF;ON;50;-32,60;0,80;-1,70;2,70;94,70;0;30,90;3,50;100;-1,80;-2,20;
2026-07-17 02:32:00.0;OFF;ON;50;-26,10;0,80;-1,70;2,60;94,70;0;24,40;3,50;100;-1,80;-2,20;
2026-07-17 02:33:00.0;OFF;ON;50;-24,90;0,80;-1,70;2,60;94,70;0;23,20;3,50;100;-1,80;-2,20;
2026-07-17 02:34:00.0;OFF;ON;50;-21,10;0,80;-1,70;2,60;94,70;0;19,40;3,50;100;-1,80;-2,20;
2026-07-17 02:35:00.0;OFF;ON;50;-28;0,80;-1,70;2,60;94,70;0;26,30;3,50;100;-1,80;-2,20;
2026-07-17 02:36:00.0;OFF;ON;50;-26,40;0,90;-1,60;2,60;94,80;0;24,80;3,50;100;-1,80;-2,20;
2026-07-17 02:37:00.0;OFF;ON;50;-29,70;0,90;-1,70;2,50;94,80;0;28;3,50;100;-1,80;-2,20;
2026-07-17 02:38:00.0;OFF;ON;50;-29,10;0,80;-1,70;2,50;94,90;0;27,40;3,50;100;-1,80;-2,20;
2026-07-17 02:39:00.0;OFF;ON;50;-28,40;0,80;-1,70;2,50;94,80;0;26,70;3,50;100;-1,80;-2,20;
2026-07-17 02:40:00.0;OFF;ON;50;-30,10;0,80;-1,70;2,50;94,80;0;28,40;3,50;100;-1,80;-2,20;
2026-07-17 02:41:00.0;OFF;ON;50;-27,30;0,80;-1,70;2,50;94,80;0;25,60;3,50;100;-1,80;-2,20;
2026-07-17 02:42:00.0;OFF;ON;50;-27,10;0,80;-1,70;2,50;94,70;0;25,40;3,50;100;-1,80;-2,20;
2026-07-17 02:43:00.0;OFF;ON;50;-27,50;0,80;-1,70;2,40;94,70;0;25,80;3,50;100;-1,80;-2,20;
2026-07-17 02:44:00.0;OFF;ON;50;-12;0,80;-1,70;2,40;94,70;0;10,20;3,50;100;-1,80;-2,20;
2026-07-17 02:45:00.0;OFF;ON;50;-26,20;0,80;-1,70;2,40;94,70;0;24,40;3,50;100;-1,80;-2,20;
2026-07-17 02:46:00.0;OFF;ON;50;-37;0,80;-1,70;2,40;94,70;0;35,20;3,50;100;-1,80;-2,30;
2026-07-17 02:47:00.0;OFF;ON;50;-7,10;0,80;-1,70;2,40;94,70;0;5,40;3,50;100;-1,80;-2,30;
2026-07-17 02:48:00.0;OFF;ON;50;-7,50;0,70;-1,80;2,30;94,60;0;5,80;3,50;100;-1,80;-2,30;
2026-07-17 02:49:00.0;OFF;ON;50;-7,70;0,70;-1,80;2,30;94,60;0;6;3,50;100;-1,80;-2,30;
2026-07-17 02:50:00.0;OFF;ON;50;-7,20;0,70;-1,80;2,30;94,60;0;5,40;3,50;100;-1,80;-2,30;
2026-07-17 02:51:00.0;OFF;ON;50;-7,70;0,70;-1,80;2,30;94,60;0;5,90;3,50;100;-1,80;-2,30;
2026-07-17 02:52:00.0;OFF;ON;50;-8,70;0,70;-1,80;2,30;94,40;0;6,90;3,50;100;-1,80;-2,30;
2026-07-17 02:53:00.0;OFF;ON;50;-6,70;0,70;-1,80;2,30;94,50;0;4,90;3,50;100;-1,80;-2,30;
2026-07-17 02:54:00.0;OFF;ON;50;-24;0,70;-1,80;2,20;94,50;0;22,20;3,50;100;-1,80;-2,30;
2026-07-17 02:55:00.0;OFF;ON;50;-8;0,70;-1,80;2,20;94,50;0;6,30;3,50;100;-1,80;-2,30;
2026-07-17 02:56:00.0;OFF;ON;50;-8,60;0,70;-1,80;2,20;94,50;0;6,90;3,50;100;-1,80;-2,30;
2026-07-17 02:57:00.0;OFF;ON;50;-7,20;0,70;-1,80;2,20;94,70;0;5,40;3,50;100;-1,80;-2,30;
2026-07-17 02:58:00.0;OFF;ON;50;-6,60;0,70;-1,80;2,20;94,70;0;4,80;3,50;100;-1,80;-2,30;
2026-07-17 02:59:00.0;OFF;ON;50;-6,80;0,70;-1,80;2,10;94,50;0;5;3,50;100;-1,80;-2,30;
2026-07-17 03:00:00.0;OFF;ON;50;-7,10;0,70;-1,80;2,10;94,60;0;5,30;3,50;100;-1,80;-2,30;
2026-07-17 03:01:00.0;OFF;ON;50;-24;0,70;-1,80;2,10;94,40;0;22,20;3,50;100;-1,80;-2,30;
2026-07-17 03:02:00.0;OFF;ON;50;-25,10;0,70;-1,80;2,10;94,50;0;23,30;3,50;100;-1,80;-2,30;
2026-07-17 03:03:00.0;OFF;ON;50;-7,10;0,70;-1,80;2,10;94,50;0;5,30;3,50;100;-1,90;-2,30;
2026-07-17 03:04:00.0;OFF;ON;50;-7,10;0,70;-1,80;2;94,50;0;5,30;3,50;100;-1,90;-2,30;
2026-07-17 03:05:00.0;OFF;ON;50;-6,90;0,70;-1,80;2;94,60;0;5,10;3,50;100;-1,80;-2,30;
2026-07-17 03:06:00.0;OFF;ON;50;-6,90;0,70;-1,80;2;94,50;0;5,10;3,50;100;-1,80;-2,30;
2026-07-17 03:07:00.0;OFF;ON;50;-6,60;0,70;-1,80;2;94,50;0;4,80;3,50;100;-1,80;-2,30;
2026-07-17 03:08:00.0;OFF;ON;50;-6,50;0,70;-1,80;2;94,60;0;4,70;3,50;100;-1,90;-2,30;
2026-07-17 03:09:00.0;OFF;ON;50;-6,80;0,70;-1,80;2;94,60;0;5,10;3,50;100;-1,80;-2,30;
2026-07-17 03:10:00.0;OFF;ON;50;-6,90;0,70;-1,80;1,90;94,70;0;5,10;3,50;100;-1,80;-2,30;
2026-07-17 03:11:00.0;OFF;ON;50;-7,10;0,80;-1,70;1,90;94,70;0;5,40;3,50;100;-1,80;-2,30;
2026-07-17 03:12:00.0;OFF;ON;50;-7,50;0,80;-1,70;1,90;94,70;0;5,80;3,50;100;-1,80;-2,30;
2026-07-17 03:13:00.0;OFF;ON;50;-7,20;0,80;-1,70;1,90;94,80;0;5,50;3,50;100;-1,80;-2,30;
2026-07-17 03:14:00.0;OFF;ON;50;-7,40;0,80;-1,80;1,90;94,70;0;5,60;3,50;100;-1,80;-2,30;
2026-07-17 03:15:00.0;OFF;ON;50;-7,20;0,70;-1,80;1,80;94,70;0;5,40;3,50;100;-1,80;-2,30;
2026-07-17 03:16:00.0;OFF;ON;50;-6,70;0,70;-1,80;1,80;94,60;0;4,90;3,50;100;-1,80;-2,30;
2026-07-17 03:17:00.0;OFF;ON;50;-6,40;0,70;-1,80;1,80;94,60;0;4,60;3,50;100;-1,90;-2,30;
2026-07-17 03:18:00.0;OFF;ON;50;-7,70;0,70;-1,80;1,80;94,50;0;5,90;3,50;100;-1,90;-2,30;
2026-07-17 03:19:00.0;OFF;ON;50;-6,90;0,70;-1,80;1,80;94,60;0;5;3,50;100;-1,90;-2,30;
2026-07-17 03:20:00.0;OFF;ON;50;-6,70;0,70;-1,80;1,70;94,60;0;4,90;3,50;100;-1,90;-2,30;
2026-07-17 03:21:00.0;OFF;ON;50;-7;0,70;-1,80;1,70;94,50;0;5,10;3,50;100;-1,90;-2,30;
2026-07-17 03:22:00.0;OFF;ON;50;-6,90;0,70;-1,80;1,70;94,60;0;5,10;3,50;100;-1,90;-2,30;
2026-07-17 03:23:00.0;OFF;ON;50;-6,10;0,70;-1,80;1,70;94,60;0;4,30;3,50;100;-1,80;-2,30;
2026-07-17 03:24:00.0;OFF;ON;50;-6,20;0,70;-1,80;1,70;94,60;0;4,40;3,50;100;-1,80;-2,30;
2026-07-17 03:25:00.0;OFF;ON;50;-6,20;0,70;-1,80;1,60;94,60;0;4,40;3,50;100;-1,80;-2,30;
2026-07-17 03:26:00.0;OFF;ON;50;-5,90;0,70;-1,80;1,60;94,60;0;4,10;3,50;100;-1,80;-2,30;
2026-07-17 03:27:00.0;OFF;ON;50;-6,90;0,70;-1,80;1,60;94,70;0;5,10;3,50;100;-1,90;-2,30;
2026-07-17 03:28:00.0;OFF;ON;50;-6,10;0,70;-1,80;1,60;94,70;0;4,30;3,50;100;-1,80;-2,30;
2026-07-17 03:29:00.0;OFF;ON;50;-6,80;0,70;-1,80;1,60;94,60;0,10;5;3,50;100;-1,80;-2,30;
2026-07-17 03:30:00.0;OFF;ON;50;-7,10;0,70;-1,80;1,60;94,70;0;5,40;3,50;100;-1,80;-2,30;
2026-07-17 03:31:00.0;OFF;ON;50;-7,20;0,80;-1,70;1,60;94,80;0;5,50;3,50;100;-1,80;-2,30;
2026-07-17 03:32:00.0;OFF;ON;50;-7,40;0,80;-1,70;1,60;94,90;0;5,70;3,50;100;-1,80;-2,30;
2026-07-17 03:33:00.0;OFF;ON;50;-25,30;0,80;-1,70;1,50;94,90;0;23,70;3,50;100;-1,90;-2,30;
2026-07-17 03:34:00.0;OFF;ON;50;-22,10;0,80;-1,70;1,50;94,90;0;20,40;3,50;100;-1,90;-2,30;
2026-07-17 03:35:00.0;OFF;ON;50;-6,80;0,80;-1,60;1,50;94,80;0;5,10;3,50;100;-1,80;-2,30;
2026-07-17 03:36:00.0;OFF;ON;50;-7;0,90;-1,60;1,50;94,90;0;5,40;3,50;100;-1,80;-2,30;
2026-07-17 03:37:00.0;OFF;ON;50;-5,90;0,90;-1,60;1,50;95;0;4,30;3,50;100;-1,80;-2,20;
2026-07-17 03:38:00.0;OFF;ON;50;-14,80;0,90;-1,60;1,50;95;0;13,20;3,50;100;-1,80;-2,20;
2026-07-17 03:39:00.0;OFF;ON;50;-6,20;0,90;-1,60;1,40;95,10;0;4,60;3,50;100;-1,80;-2,20;
2026-07-17 03:40:00.0;OFF;ON;50;-6,60;0,90;-1,60;1,40;95,10;0;5;3,50;100;-1,80;-2,20;
2026-07-17 03:41:00.0;OFF;ON;50;-6,20;0,90;-1,60;1,40;95;0;4,60;3,50;100;-1,80;-2,10;
2026-07-17 03:42:00.0;OFF;ON;50;-6;0,90;-1,60;1,40;95;0;4,40;3,50;100;-1,80;-2,10;
2026-07-17 03:43:00.0;OFF;ON;50;-19,50;0,90;-1,60;1,40;95;0;17,90;3,50;100;-1,80;-2,10;
2026-07-17 03:44:00.0;OFF;ON;50;-22,10;0,80;-1,70;1,30;94,90;0;20,40;3,50;100;-1,80;-2,10;
2026-07-17 03:45:00.0;OFF;ON;50;-6,40;0,80;-1,70;1,30;94,90;0;4,70;3,50;100;-1,80;-2,10;
2026-07-17 03:46:00.0;OFF;ON;50;-6,60;0,80;-1,70;1,30;94,70;0;4,80;3,50;100;-1,80;-2,20;
2026-07-17 03:47:00.0;OFF;ON;50;-6,40;0,80;-1,70;1,30;94,70;0;4,60;3,50;100;-1,80;-2,20;
2026-07-17 03:48:00.0;OFF;ON;50;-5,80;0,70;-1,80;1,30;94,60;0;4,10;3,50;100;-1,80;-2,20;
2026-07-17 03:49:00.0;OFF;ON;50;-6;0,70;-1,80;1,20;94,60;0;4,30;3,50;100;-1,80;-2,20;
2026-07-17 03:50:00.0;OFF;ON;50;-6,80;0,70;-1,80;1,20;94,50;0;5;3,50;100;-1,80;-2,20;
2026-07-17 03:51:00.0;OFF;ON;50;-6,30;0,70;-1,80;1,20;94,40;0;4,50;3,50;100;-1,80;-2,20;
2026-07-17 03:52:00.0;OFF;ON;50;-7;0,70;-1,80;1,20;94,50;0;5,20;3,50;100;-1,80;-2,30;
2026-07-17 03:53:00.0;OFF;ON;50;-6,20;0,70;-1,80;1,20;94,40;0;4,30;3,50;100;-1,80;-2,30;
2026-07-17 03:54:00.0;OFF;ON;50;-6;0,70;-1,80;1,20;94,50;0;4,20;3,50;100;-1,80;-2,30;
2026-07-17 03:55:00.0;OFF;ON;50;-6,40;0,70;-1,80;1,10;94,50;0;4,60;3,50;100;-1,90;-2,30;
2026-07-17 03:56:00.0;OFF;ON;50;-7,10;0,70;-1,80;1,10;94,40;0;5,30;3,50;100;-1,90;-2,30;
2026-07-17 03:57:00.0;OFF;ON;50;-6,70;0,70;-1,90;1,10;94,50;0;4,80;3,50;100;-1,90;-2,30;
2026-07-17 03:58:00.0;OFF;ON;50;-7,10;0,60;-1,90;1,10;94,40;0;5,20;3,50;100;-1,90;-2,30;
2026-07-17 03:59:00.0;OFF;ON;50;-6,70;0,60;-1,90;1,10;94,40;0;4,80;3,50;100;-1,90;-2,30;
2026-07-17 04:00:00.0;OFF;ON;50;-6,80;0,60;-1,90;1;94,40;0;4,90;3,50;100;-1,90;-2,30;
2026-07-17 04:01:00.0;OFF;ON;50;-22;0,60;-1,90;1;94,40;0;20,10;3,50;100;-1,90;-2,30;
2026-07-17 04:02:00.0;OFF;ON;50;-12;0,60;-1,90;1;94,30;0;10,20;3,50;100;-1,90;-2,30;
2026-07-17 04:03:00.0;OFF;ON;50;-21,30;0,60;-1,90;1;94,30;0;19,40;3,50;100;-1,90;-2,30;
2026-07-17 04:04:00.0;OFF;ON;50;-7,40;0,60;-1,90;1;94,40;0;5,50;3,50;100;-1,90;-2,30;
2026-07-17 04:05:00.0;OFF;ON;50;-6,90;0,60;-1,90;0,90;94,40;0;5;3,50;100;-1,90;-2,30;
2026-07-17 04:06:00.0;OFF;ON;50;-7,20;0,60;-1,90;0,90;94,40;0;5,30;3,50;100;-1,90;-2,30;
2026-07-17 04:07:00.0;OFF;ON;50;-6,80;0,60;-1,90;0,90;94,40;0;4,90;3,50;100;-1,90;-2,30;
2026-07-17 04:08:00.0;OFF;ON;50;-20,10;0,60;-1,90;0,90;94,40;0;18,20;3,50;100;-1,90;-2,30;
2026-07-17 04:09:00.0;OFF;ON;50;-7,20;0,60;-1,90;0,90;94,40;0;5,30;3,50;100;-1,90;-2,30;
2026-07-17 04:10:00.0;OFF;ON;50;-7,20;0,60;-1,90;0,80;94,40;0;5,30;3,50;100;-1,90;-2,30;
2026-07-17 04:11:00.0;OFF;ON;50;-7;0,60;-1,80;0,80;94,50;0;5,20;3,50;100;-1,90;-2,30;
2026-07-17 04:12:00.0;OFF;ON;50;-7,20;0,70;-1,80;0,80;94,60;0;5,40;3,50;100;-1,90;-2,30;
2026-07-17 04:13:00.0;OFF;ON;50;-7,30;0,70;-1,80;0,80;94,60;0;5,60;3,50;100;-1,90;-2,30;
2026-07-17 04:14:00.0;OFF;ON;50;-7,30;0,80;-1,70;0,80;94,70;0;5,50;3,50;100;-1,90;-2,30;
2026-07-17 04:15:00.0;OFF;ON;50;-7,20;0,80;-1,70;0,80;94,70;0;5,50;3,50;100;-1,90;-2,30;
2026-07-17 04:16:00.0;OFF;ON;50;-7,40;0,80;-1,70;0,80;94,80;0;5,80;3,50;100;-1,90;-2,20;
2026-07-17 04:17:00.0;OFF;ON;50;-7,40;0,80;-1,70;0,70;94,80;0;5,80;3,50;100;-1,90;-2,20;
2026-07-17 04:18:00.0;OFF;ON;50;-7,30;0,80;-1,60;0,70;94,80;0;5,70;3,50;100;-1,90;-2,20;
2026-07-17 04:19:00.0;OFF;ON;50;-7,30;0,90;-1,60;-2,60;94,90;0;5,70;3,50;100;-1,80;-2,20;
2026-07-17 04:20:00.0;OFF;ON;50;-6,90;0,90;-1,60;-3,10;95;39,20;5,20;3,50;100;-1,80;-2,20;
2026-07-17 04:21:00.0;OFF;ON;50;-6,90;0,90;-1,60;-3,20;95;39,90;5,30;3,50;100;-1,80;-2,20;
2026-07-17 04:22:00.0;OFF;ON;50;-7;0,80;-1,70;-3,20;95,10;39,20;5,30;3,50;100;-1,80;-2,20;
2026-07-17 04:23:00.0;OFF;ON;50;-7,10;0,80;-1,80;-3,20;94,80;39,20;5,30;3,50;100;-1,90;-2,30;
2026-07-17 04:24:00.0;OFF;ON;50;-8;0,70;-1,80;-3,30;94,60;39,10;6,20;3,50;100;-1,90;-2,30;
2026-07-17 04:25:00.0;OFF;ON;50;-7,30;0,60;-1,90;-3,30;94,50;39,10;5,50;3,50;100;-1,90;-2,30;
2026-07-17 04:26:00.0;OFF;ON;50;-20,10;0,60;-1,90;-3,30;94,40;39,10;18,20;3,50;100;-1,90;-2,30;
2026-07-17 04:27:00.0;OFF;ON;50;-24,40;0,60;-1,90;-3,30;94,30;39;22,50;3,50;100;-1,90;-2,30;
2026-07-17 04:28:00.0;OFF;ON;50;-7,20;0,60;-1,90;-3,30;94,40;39;5,30;3,50;100;-1,90;-2,30;
2026-07-17 04:29:00.0;OFF;ON;50;-7,50;0,60;-1,90;-3,30;94,40;39;5,60;3,50;100;-1,90;-2,30;
2026-07-17 04:30:00.0;OFF;ON;50;-6,80;0,60;-1,90;-3,30;94,40;39;4,90;3,50;100;-1,90;-2,30;
2026-07-17 04:31:00.0;OFF;ON;50;-7,20;0,60;-1,90;-3,30;94,40;39,30;5,30;3,50;100;-1,90;-2,30;
2026-07-17 04:32:00.0;OFF;ON;50;-7,20;0,60;-1,80;-3,20;94,40;34,20;5,40;3,50;100;-1,90;-2,30;
2026-07-17 04:33:00.0;OFF;ON;50;-7;0,70;-1,80;-3,20;94,60;37,10;5,20;3,50;100;-1,90;-2,30;
2026-07-17 04:34:00.0;OFF;ON;50;-7,40;0,70;-1,90;-3,20;94,60;37,10;5,50;3,50;100;-1,90;-2,30;
2026-07-17 04:35:00.0;OFF;ON;50;-7,10;0,60;-1,90;-3,30;94,60;37,20;5,30;3,50;100;-1,90;-2,30;
2026-07-17 04:36:00.0;OFF;ON;50;-6,80;0,60;-1,90;-3,30;94,50;37,20;4,90;3,50;100;-1,90;-2,30;
2026-07-17 04:37:00.0;OFF;ON;50;-8;0,60;-1,90;-3,30;94,50;37,30;6,10;3,50;100;-1,90;-2,30;
2026-07-17 04:38:00.0;OFF;ON;50;-8,20;0,60;-1,90;-3,30;94,50;37,30;6,30;3,50;100;-1,90;-2,30;
2026-07-17 04:39:00.0;OFF;ON;50;-7,60;0,60;-1,90;-3,30;94,50;37,30;5,70;3,50;100;-1,90;-2,30;
2026-07-17 04:40:00.0;OFF;ON;50;-7,80;0,60;-1,90;-3,30;94,50;37,30;5,90;3,50;100;-1,90;-2,30;
2026-07-17 04:41:00.0;OFF;ON;50;-7,20;0,60;-1,90;-3,30;94,50;37,30;5,30;3,50;100;-1,90;-2,30;
2026-07-17 04:42:00.0;OFF;ON;50;-8;0,60;-1,90;-3,30;94,50;37,40;6,10;3,50;100;-1,90;-2,30;
2026-07-17 04:43:00.0;OFF;ON;50;-7,80;0,60;-1,90;-3,30;94,50;37,20;5,90;3,50;100;-1,90;-2,30;
2026-07-17 04:44:00.0;OFF;ON;50;-7,90;0,60;-1,90;-3,30;94,50;37,80;6;3,50;100;-1,90;-2,30;
2026-07-17 04:45:00.0;OFF;ON;50;-22,20;0,60;-1,90;-3,30;94,40;38,20;20,20;3,50;100;-1,90;-2,30;
2026-07-17 04:46:00.0;OFF;ON;50;-6,70;0,60;-1,90;-3,30;94,40;38,20;4,80;3,50;100;-1,90;-2,30;
2026-07-17 04:47:00.0;OFF;ON;50;-8,60;0,60;-1,90;-3,30;94,50;38,20;6,60;3,50;100;-1,90;-2,30;
2026-07-17 04:48:00.0;OFF;ON;50;-7,20;0,60;-1,90;-3,30;94,40;38,30;5,30;3,50;100;-1,90;-2,30;
2026-07-17 04:49:00.0;OFF;ON;50;-7,50;0,60;-1,90;-3,40;94,40;38,30;5,50;3,50;100;-1,90;-2,30;
2026-07-17 04:50:00.0;OFF;ON;50;-7,80;0,60;-1,90;-3,40;94,40;38,30;5,90;3,50;100;-1,90;-2,30;
2026-07-17 04:51:00.0;OFF;ON;50;-8,20;0,60;-1,90;-3,40;94,40;38,30;6,30;3,50;100;-1,90;-2,30;
2026-07-17 04:52:00.0;OFF;ON;50;-7,80;0,60;-1,90;-3,40;94,40;38,30;5,90;3,50;100;-1,90;-2,30;
2026-07-17 04:53:00.0;OFF;ON;50;-19,90;0,50;-2;-3,40;94,40;38,30;17,90;3,50;100;-1,90;-2,30;
2026-07-17 04:54:00.0;OFF;ON;50;-15,70;0,50;-1,90;-3,40;94,30;38,30;13,70;3,50;100;-1,90;-2,30;
2026-07-17 04:55:00.0;OFF;ON;50;-6,80;0,60;-1,90;-3,40;94,30;38,30;4,80;3,50;100;-1,90;-2,30;
2026-07-17 04:56:00.0;OFF;ON;50;-7,90;0,60;-2;-3,40;94,30;38,30;6;3,50;100;-1,90;-2,30;
2026-07-17 04:57:00.0;OFF;ON;50;-14;0,50;-2;-3,40;94,40;38,30;12;3,50;100;-1,90;-2,30;
2026-07-17 04:58:00.0;OFF;ON;50;-7,60;0,60;-1,90;-3,40;94,40;38,30;5,60;3,50;100;-1,90;-2,30;
2026-07-17 04:59:00.0;OFF;ON;50;-8,40;0,60;-2;-3,40;94,30;38,30;6,50;3,50;100;-1,90;-2,30;
2026-07-17 05:00:00.0;OFF;ON;50;-7,90;0,50;-2;-3,40;94,30;38,30;5,90;3,50;100;-1,90;-2,30;
2026-07-17 05:01:00.0;OFF;ON;50;-7,70;0,50;-2;-3,40;94,40;38,30;5,80;3,50;100;-1,90;-2,30;
2026-07-17 05:02:00.0;OFF;ON;50;-7,80;0,50;-2;-3,40;94,50;38,30;5,80;3,50;100;-1,90;-2,30;
2026-07-17 05:03:00.0;OFF;ON;50;-8,10;0,50;-2;-3,40;94,40;38,30;6,20;3,50;100;-1,90;-2,30;
2026-07-17 05:04:00.0;OFF;ON;50;-7,70;0,50;-2;-3,40;94,40;38,30;5,70;3,50;100;-1,90;-2,30;
2026-07-17 05:05:00.0;OFF;ON;50;-7,90;0,50;-2;-3,40;94,40;38,30;5,90;3,50;100;-1,90;-2,30;
2026-07-17 05:06:00.0;OFF;ON;50;-7,50;0,50;-2;-3,40;94,40;38,30;5,50;3,50;100;-1,90;-2,30;
2026-07-17 05:07:00.0;OFF;ON;50;-7,60;0,50;-2;-3,50;94,30;38,30;5,60;3,50;100;-1,90;-2,30;
2026-07-17 05:08:00.0;OFF;ON;50;-8,10;0,50;-2;-3,50;94,30;38,30;6,20;3,50;100;-1,90;-2,30;
2026-07-17 05:09:00.0;OFF;ON;50;-7,80;0,50;-2;-3,50;94,40;38,30;5,80;3,50;100;-1,90;-2,30;
2026-07-17 05:10:00.0;OFF;ON;50;-7,50;0,50;-2;-3,50;94,40;38,30;5,60;3,50;100;-1,90;-2,30;
2026-07-17 05:11:00.0;OFF;ON;50;-12,30;0,50;-2;-3,50;94,40;38,40;10,30;3,50;100;-1,90;-2,30;
2026-07-17 05:12:00.0;OFF;ON;50;-7,40;0,50;-2;-3,50;94,40;38,30;5,40;3,50;100;-1,90;-2,30;
2026-07-17 05:13:00.0;OFF;ON;50;-7,40;0,50;-2;-3,50;94,40;38,30;5,40;3,50;100;-1,90;-2,30;
2026-07-17 05:14:00.0;OFF;ON;50;-8,10;0,50;-2;-3,50;94,40;38,40;6,10;3,50;100;-1,90;-2,30;
2026-07-17 05:15:00.0;OFF;ON;50;-6,80;0,50;-2;-3,50;94,50;38,40;4,90;3,50;100;-1,90;-2,30;
2026-07-17 05:16:00.0;OFF;ON;50;-7,70;0,50;-2;-3,50;94,50;38,40;5,70;3,50;100;-1,90;-2,30;
2026-07-17 05:17:00.0;OFF;ON;50;-7,40;0,50;-2;-3,50;94,50;38,30;5,50;3,50;100;-1,90;-2,30;
2026-07-17 05:18:00.0;OFF;ON;50;-6,70;0,50;-2;-3,50;94,40;38,30;4,80;3,50;100;-1,90;-2,30;
2026-07-17 05:19:00.0;OFF;ON;50;-7,30;0,50;-2;-3,50;94,40;38,30;5,40;3,50;100;-1,90;-2,30;
2026-07-17 05:20:00.0;OFF;ON;50;-7,10;0,50;-2;-3,50;94,50;38,30;5,20;3,50;100;-1,90;-2,30;
2026-07-17 05:21:00.0;OFF;ON;50;-14,20;0,60;-1,90;-3,50;94,50;38;12,30;3,50;100;-1,90;-2,30;
2026-07-17 05:22:00.0;OFF;ON;50;-7,60;0,60;-1,90;-3,50;94,60;38,70;5,70;3,50;100;-1,90;-2,30;
2026-07-17 05:23:00.0;OFF;ON;50;-22,80;0,60;-1,80;-3,50;94,60;41,30;21;3,50;100;-1,90;-2,30;
2026-07-17 05:24:00.0;OFF;ON;50;-12;0,70;-1,80;-3,50;94,70;42;10,20;3,50;100;-1,90;-2,30;
2026-07-17 05:25:00.0;OFF;ON;50;-7,60;0,70;-1,80;-3,50;94,80;40,50;5,90;3,50;100;-1,90;-2,30;
2026-07-17 05:26:00.0;OFF;ON;50;-7,30;0,70;-1,80;-3,50;94,80;40,50;5,50;3,50;100;-1,90;-2,20;
2026-07-17 05:27:00.0;OFF;ON;50;-8,10;0,70;-1,80;-3,50;94,80;40,60;6,30;3,50;100;-1,90;-2,20;
2026-07-17 05:28:00.0;OFF;ON;50;-12,10;0,70;-1,80;-3,50;94,70;40,90;10,30;3,50;100;-1,90;-2,20;
2026-07-17 05:29:00.0;OFF;ON;50;-7,10;0,70;-1,70;-3,50;94,80;40,70;5,40;3,50;100;-1,90;-2,20;
2026-07-17 05:30:00.0;OFF;ON;50;-7,90;0,80;-1,70;-3,60;94,90;40,20;6,20;3,50;100;-1,90;-2,20;
2026-07-17 05:31:00.0;OFF;ON;50;-20,50;0,80;-1,70;-3,60;95;40,90;18,80;3,50;100;-1,90;-2,20;
2026-07-17 05:32:00.0;OFF;ON;50;-13;0,80;-1,70;-3,60;95;40,40;11,30;3,50;100;-1,90;-2,20;
2026-07-17 05:33:00.0;OFF;ON;50;-7,80;0,80;-1,70;-3,60;95,10;40,80;6,20;3,50;100;-1,90;-2,20;
2026-07-17 05:34:00.0;OFF;ON;50;-7,80;-0,10;-1,70;-0,60;95,10;0;6,20;3,50;100;-1,90;-2,20;
2026-07-17 05:35:00.0;OFF;ON;50;-6,80;0,70;-1,70;-0,50;95,20;0;5,20;3,50;100;-1,80;-2,20;
2026-07-17 05:36:00.0;OFF;ON;50;-7,30;0,90;-1,70;-0,50;95,10;0;5,60;3,50;100;-1,80;-2,20;
2026-07-17 05:37:00.0;OFF;ON;50;-7,20;0,80;-1,70;-0,50;95,10;0;5,50;3,50;100;-1,80;-2,20;
2026-07-17 05:38:00.0;OFF;ON;50;-7,20;0,80;-1,60;-0,50;95,10;0;5,60;3,50;100;-1,80;-2,20;
2026-07-17 05:39:00.0;OFF;ON;50;-7,40;0,90;-1,60;-0,50;95,10;0;5,70;3,50;100;-1,90;-2,20;
2026-07-17 05:40:00.0;OFF;ON;50;-6,80;0,90;-1,60;-0,50;95,10;0;5,10;3,50;100;-1,80;-2,20;
2026-07-17 05:41:00.0;OFF;ON;50;-12;0,90;-1,70;-0,50;95;0;10,40;3,50;100;-1,80;-2,20;
2026-07-17 05:42:00.0;OFF;ON;50;-7,50;0,80;-1,70;-0,50;95;0;5,80;3,50;100;-1,90;-2,20;
2026-07-17 05:43:00.0;OFF;ON;50;-7,50;0,90;-1,70;-0,50;95,10;0;5,80;3,50;100;-1,80;-2,20;
2026-07-17 05:44:00.0;OFF;ON;50;-7;0,90;-1,60;-0,50;95,10;0;5,30;3,50;100;-1,80;-2,20;
2026-07-17 05:45:00.0;OFF;ON;50;-7,30;0,90;-1,70;-0,50;95;0;5,60;3,50;100;-1,90;-2,20;
2026-07-17 05:46:00.0;OFF;ON;50;-7,20;0,80;-1,70;-0,50;94,90;0;5,50;3,50;100;-1,90;-2,20;
2026-07-17 05:47:00.0;OFF;ON;50;-7,10;0,70;-1,80;-0,50;94,70;0;5,30;3,50;100;-1,90;-2,20;
2026-07-17 05:48:00.0;OFF;ON;50;-6,90;0,70;-1,90;-0,60;94,60;0;5;3,50;100;-1,90;-2,20;
2026-07-17 05:49:00.0;OFF;ON;50;-6,90;0,60;-1,90;-0,60;94,50;0;5;3,50;100;-1,90;-2,30;
2026-07-17 05:50:00.0;OFF;ON;50;-7,70;0,60;-1,90;-0,60;94,40;0;5,80;3,50;100;-1,90;-2,30;
2026-07-17 05:51:00.0;OFF;ON;50;-32;0,60;-2;-0,60;94,20;0;30,10;3,50;100;-1,90;-2,30;
2026-07-17 05:52:00.0;OFF;ON;50;-7,20;0,50;-2;-0,60;94,10;0;5,20;3,50;100;-1,90;-2,30;
2026-07-17 05:53:00.0;OFF;ON;50;-6,80;0,50;-2;-0,60;94;0;4,80;3,50;100;-2;-2,30;
2026-07-17 05:54:00.0;OFF;ON;50;-15,80;0,50;-2;-0,60;93,90;0;13,80;3,50;100;-2;-2,40;
2026-07-17 05:55:00.0;OFF;ON;50;-7,30;0,50;-2;-0,60;93,90;0;5,30;3,50;100;-2;-2,40;
2026-07-17 05:56:00.0;OFF;ON;50;-7;0,50;-2;-0,70;93,90;0;5;3,50;100;-2;-2,40;
2026-07-17 05:57:00.0;OFF;ON;50;-7,30;0,50;-2;-0,70;93,90;0;5,20;3,50;100;-2;-2,40;
2026-07-17 05:58:00.0;OFF;ON;50;-11,90;0,50;-2,10;-0,70;93,80;0;9,80;3,50;100;-2;-2,40;
2026-07-17 05:59:00.0;OFF;ON;50;-12,70;0,40;-2,10;-0,70;93,80;0;10,70;3,50;100;-2;-2,40;
2026-07-17 06:00:00.0;OFF;ON;50;-6,50;0,40;-2,10;-0,70;93,80;0;4,40;3,50;100;-2;-2,40;
2026-07-17 06:01:00.0;OFF;ON;50;-6,40;0,40;-2,10;-0,70;93,70;0;4,30;3,50;100;-2;-2,40;
2026-07-17 06:02:00.0;OFF;ON;50;-6,60;0,40;-2,10;-0,70;93,80;0;4,50;3,50;100;-2;-2,40;
2026-07-17 06:03:00.0;OFF;ON;50;-6,40;0,40;-2,10;-0,70;93,80;0;4,30;3,50;100;-2;-2,40;
2026-07-17 06:04:00.0;OFF;ON;50;-6,70;0,40;-2,10;-0,80;93,80;0;4,60;3,50;100;-2;-2,40;
2026-07-17 06:05:00.0;OFF;ON;50;-7,70;0,40;-2,10;-0,80;93,80;0;5,60;3,50;100;-2;-2,40;
2026-07-17 06:06:00.0;OFF;ON;50;-7,60;0,40;-2,10;-0,80;93,80;0;5,50;3,50;100;-2;-2,40;
2026-07-17 06:07:00.0;OFF;ON;50;-6,60;0,40;-2,10;-0,80;93,70;0;4,50;3,50;100;-2;-2,40;
2026-07-17 06:08:00.0;OFF;ON;50;-12,70;0,40;-2,10;-0,80;93,80;0;10,60;3,50;100;-2;-2,40;
2026-07-17 06:09:00.0;OFF;ON;50;-6,90;0,40;-2,10;-0,80;94;0;4,80;3,50;100;-2;-2,30;
2026-07-17 06:10:00.0;OFF;ON;50;-6,80;0,40;-2;-0,80;94,10;0;4,80;3,50;100;-2;-2,30;
2026-07-17 06:11:00.0;OFF;ON;50;-7;0,50;-2;-0,80;94,10;0;5;3,50;100;-2;-2,30;
2026-07-17 06:12:00.0;OFF;ON;50;-6,70;0,50;-2;-0,90;94,20;0;4,70;3,50;100;-2;-2,30;
2026-07-17 06:13:00.0;OFF;ON;50;-12,20;0,50;-2;-0,90;94,30;0;10,20;3,50;100;-2;-2,30;
2026-07-17 06:14:00.0;OFF;ON;50;-15,40;0,50;-2;-0,90;94,30;0;13,40;3,50;100;-1,90;-2,30;
2026-07-17 06:15:00.0;OFF;ON;50;-7,10;0,50;-2;-0,90;94,30;0;5,10;3,50;100;-1,90;-2,30;
2026-07-17 06:16:00.0;OFF;ON;50;-12;0,50;-2;-0,90;94,30;0;10;3,50;100;-1,90;-2,30;
2026-07-17 06:17:00.0;OFF;ON;50;-7,10;0,50;-2;-0,90;94,30;0;5,10;3,50;100;-2;-2,30;
2026-07-17 06:18:00.0;OFF;ON;50;-6,90;0,50;-2;-0,90;94,20;0;4,80;3,50;100;-2;-2,40;
2026-07-17 06:19:00.0;OFF;ON;50;-6,70;0,40;-2,10;-0,90;93,90;0;4,60;3,50;100;-2;-2,40;
2026-07-17 06:20:00.0;OFF;ON;50;-6,10;0,40;-2,10;-0,90;94;0;4,70;3,50;100;-2;-2,30;
2026-07-17 06:21:00.0;OFF;ON;50;-12,20;0,50;-2;-1;94,10;0;10,10;3,50;100;-2;-2,30;
2026-07-17 06:22:00.0;OFF;ON;50;-6,20;0,50;-2;-1;94,20;0;4,20;3,50;100;-2;-2,30;
2026-07-17 06:23:00.0;OFF;ON;50;-17;0,50;-2;-1;94,20;0;15;3,50;100;-2;-2,30;
2026-07-17 06:24:00.0;OFF;ON;50;-15,50;0,50;-2;-1;94,20;0;13,50;3,50;100;-1,90;-2,30;
2026-07-17 06:25:00.0;OFF;ON;50;-6,40;0,50;-2;-1;94,30;0;4,40;3,50;100;-1,90;-2,30;
2026-07-17 06:26:00.0;OFF;ON;50;-28,20;0,50;-2;-1;94,30;0;26,20;3,50;100;-2;-2,30;
2026-07-17 06:27:00.0;OFF;ON;50;-7;0,50;-2;-1;94,10;0;5;3,50;100;-2;-2,40;
2026-07-17 06:28:00.0;OFF;ON;50;-7,30;0,50;-2;-1;94,10;0;5,40;3,50;100;-2;-2,30;
2026-07-17 06:29:00.0;OFF;ON;50;-6,40;0,60;-1,90;-1;94,30;0;4,50;3,50;100;-2;-2,30;
2026-07-17 06:30:00.0;OFF;ON;50;-6,10;0,60;-1,80;-1,10;94,60;0;4,20;3,50;100;-1,90;-2,20;
2026-07-17 06:31:00.0;OFF;ON;50;-6,50;0,70;-1,80;-1,10;94,60;0;4,70;3,50;100;-1,90;-2,20;
2026-07-17 06:32:00.0;OFF;ON;50;-6,60;0,70;-1,80;-1,10;94,80;0;4,80;3,50;100;-1,90;-2,20;
2026-07-17 06:33:00.0;OFF;ON;50;-6,90;0,70;-1,80;-1,10;94,90;0;5,10;3,50;100;-1,90;-2,20;
2026-07-17 06:34:00.0;OFF;ON;50;-7,10;0,70;-1,80;-1,10;94,90;0;5,30;3,50;100;-1,90;-2,20;
2026-07-17 06:35:00.0;OFF;ON;50;-7,50;0,70;-1,80;-1,10;94,80;0;5,80;3,50;100;-1,90;-2,20;
2026-07-17 06:36:00.0;OFF;ON;50;-7,40;0,70;-1,80;-1,10;94,70;0;5,60;3,50;100;-1,90;-2,30;
2026-07-17 06:37:00.0;OFF;ON;50;-7,30;0,70;-1,80;-1,10;94,60;0;5,50;3,50;100;-2;-2,30;
2026-07-17 06:38:00.0;OFF;ON;50;-7,50;0,60;-1,90;-1,20;94,30;0;5,60;3,50;100;-2;-2,30;
2026-07-17 06:39:00.0;OFF;ON;50;-6,20;0,60;-2;-1,20;94,30;0;4,20;3,50;100;-2;-2,30;
2026-07-17 06:40:00.0;OFF;ON;50;-7;0,50;-2;-1,20;94,10;0;5;3,50;100;-2;-2,30;
2026-07-17 06:41:00.0;OFF;ON;50;-7,10;0,50;-2;-1,20;93,90;0;5,10;3,50;100;-2;-2,30;
2026-07-17 06:42:00.0;OFF;ON;50;-12;0,50;-2;-1,20;93,90;0;10;3,50;100;-2;-2,30;
2026-07-17 06:43:00.0;OFF;ON;50;-6,70;0,50;-2;-1,20;93,80;0;4,60;3,50;100;-2;-2,30;
2026-07-17 06:44:00.0;OFF;ON;50;-6,90;0,50;-2,10;-1,20;93,80;0;4,90;3,50;100;-2;-2,40;
2026-07-17 06:45:00.0;OFF;ON;50;-7;0,50;-2;-1,20;93,80;0;4,90;3,50;100;-2;-2,40;
2026-07-17 06:46:00.0;OFF;ON;50;-7;0,50;-2;-1,20;94;0;5;3,50;100;-2;-2,40;
2026-07-17 06:47:00.0;OFF;ON;50;-7,20;0,50;-1,90;-1,20;94,20;0;5,30;3,50;100;-2;-2,40;
2026-07-17 06:48:00.0;OFF;ON;50;-7,60;0,60;-1,90;-1,30;94,20;0;5,70;3,50;100;-2;-2,40;
2026-07-17 06:49:00.0;OFF;ON;50;-6,80;0,60;-1,90;-1,30;94,40;0;4,90;3,50;100;-2;-2,40;
2026-07-17 06:50:00.0;OFF;ON;50;-6,90;0,60;-1,90;-1,30;94,50;0;5;3,50;100;-2;-2,30;
2026-07-17 06:51:00.0;OFF;ON;50;-6,70;0,60;-1,90;-1,30;94,60;0;4,80;3,50;100;-2;-2,30;
2026-07-17 06:52:00.0;OFF;ON;50;-7,70;0,60;-1,90;-1,30;94,40;0;5,80;3,50;100;-2;-2,30;
2026-07-17 06:53:00.0;OFF;ON;50;-6,90;0,50;-2;-1,30;94,20;0;4,90;3,50;100;-2;-2,30;
2026-07-17 06:54:00.0;OFF;ON;50;-7;0,50;-2;-1,30;94,10;0;5;3,50;100;-2;-2,40;
2026-07-17 06:55:00.0;OFF;ON;50;-12;0,50;-2;-1,30;94;0;10;3,50;100;-2,10;-2,40;
2026-07-17 06:56:00.0;OFF;ON;50;-28,30;0,50;-2;-1,40;93,90;0;26,30;3,50;100;-2;-2,40;
2026-07-17 06:57:00.0;OFF;ON;50;-27;0,50;-2;-1,40;94,10;0;25;3,50;100;-2;-2,40;
2026-07-17 06:58:00.0;OFF;ON;50;-8,10;0,50;-2;-1,40;94;0;6;3,50;100;-2,10;-2,40;
2026-07-17 06:59:00.0;OFF;ON;50;-7;0,50;-2;-1,40;93,90;0;5;3,50;100;-2,10;-2,40;
2026-07-17 07:00:00.0;OFF;ON;50;-6,70;0,40;-2,10;-1,40;93,80;0;4,70;3,50;100;-2,10;-2,40;
2026-07-17 07:01:00.0;OFF;ON;50;-31;0,40;-2,10;-1,40;93,80;0;28,90;3,50;100;-2,10;-2,40;
2026-07-17 07:02:00.0;OFF;ON;50;-7,10;0,40;-2,10;-1,40;93,70;0;5;3,50;100;-2,10;-2,40;
2026-07-17 07:03:00.0;OFF;ON;50;-8,20;0,40;-2,10;-1,40;93,70;0;6,10;3,50;100;-2,10;-2,40;
2026-07-17 07:04:00.0;OFF;ON;50;-7,30;0,40;-2,10;-1,40;93,70;0;5,20;3,50;100;-2,10;-2,40;
2026-07-17 07:05:00.0;OFF;ON;50;-7,10;0,40;-2,10;-1,40;93,80;0;5;3,50;100;-2;-2,30;
2026-07-17 07:06:00.0;OFF;ON;50;-18,10;0,40;-2,10;-1,50;93,90;0;16;3,50;100;-2;-2,30;
2026-07-17 07:07:00.0;OFF;ON;50;-6,80;0,40;-2,10;-1,50;93,90;0;4,70;3,50;100;-2;-2,30;
2026-07-17 07:08:00.0;OFF;ON;50;-13,20;0,40;-2,10;-1,50;93,90;0;11,10;3,50;100;-2;-2,30;
2026-07-17 07:09:00.0;OFF;ON;50;-21,80;0,40;-2,10;-1,50;93,90;0;19,80;3,50;100;-2,10;-2,40;
2026-07-17 07:10:00.0;OFF;ON;50;-8,60;0,40;-2,10;-1,50;93,80;0;6,50;3,50;100;-2,10;-2,40;
2026-07-17 07:11:00.0;OFF;ON;50;-28,80;0,40;-2,10;-1,50;93,70;0;26,70;3,50;100;-2,10;-2,50;
2026-07-17 07:12:00.0;OFF;ON;50;-28,80;0,40;-2,10;-1,50;93,60;0;26,70;3,50;100;-2,10;-2,40;
2026-07-17 07:13:00.0;OFF;ON;50;-24,60;0,40;-2,10;-1,50;93,60;0;22,50;3,50;100;-2,10;-2,40;
2026-07-17 07:14:00.0;OFF;ON;50;-28,80;0,40;-2,10;-1,50;93,70;0;26,70;3,50;100;-2,10;-2,40;
2026-07-17 07:15:00.0;OFF;ON;50;-28,50;0,40;-2,10;-1,60;93,80;0;26,40;3,50;100;-2,10;-2,40;
2026-07-17 07:16:00.0;OFF;ON;50;-32,80;0,40;-2,10;-1,60;93,90;0;30,70;3,50;100;-2,10;-2,40;
2026-07-17 07:17:00.0;OFF;ON;50;-32,70;0,40;-2,10;-1,60;93,90;0;30,70;3,50;100;-2,10;-2,40;
2026-07-17 07:18:00.0;OFF;ON;50;-32,60;0,40;-2,10;-1,60;93,90;0;30,50;3,50;100;-2,10;-2,40;
2026-07-17 07:19:00.0;OFF;ON;50;-25,90;0,40;-2,10;-1,60;93,80;0;23,80;3,50;100;-2,10;-2,40;
2026-07-17 07:20:00.0;OFF;ON;50;-32,50;0,40;-2,10;-1,60;93,80;0;30,30;3,50;100;-2,10;-2,40;
2026-07-17 07:21:00.0;OFF;ON;50;-31,30;0,40;-2,10;-1,60;93,90;0;29,20;3,50;100;-2,10;-2,40;
2026-07-17 07:22:00.0;OFF;ON;50;-33,50;0,40;-2,10;-1,60;93,90;0;31,40;3,50;100;-2,10;-2,30;
2026-07-17 07:23:00.0;OFF;ON;50;-28,30;0,40;-2,10;-1,60;94;0;26,30;3,50;100;-2;-2,30;
2026-07-17 07:24:00.0;OFF;ON;50;-34,40;0,40;-2,10;-1,70;93,90;0;32,30;3,50;100;-2,10;-2,40;
2026-07-17 07:25:00.0;OFF;ON;50;-19,30;0,40;-2,10;-1,70;93,90;0;17,20;3,50;100;-2,10;-2,40;
2026-07-17 07:26:00.0;OFF;ON;50;-34,20;0,40;-2,10;-1,70;93,90;0;32,10;3,50;100;-2,10;-2,40;
2026-07-17 07:27:00.0;OFF;ON;50;-30,20;0,50;-2;-1,70;93,90;0;28,20;3,50;100;-2,10;-2,40;
2026-07-17 07:28:00.0;OFF;ON;50;-30,20;0,50;-2;-1,70;94,10;0;28,10;3,50;100;-2,10;-2,30;
2026-07-17 07:29:00.0;OFF;ON;50;-25,90;0,50;-2;-1,70;94,20;0;23,80;3,50;100;-2,10;-2,30;
2026-07-17 07:30:00.0;OFF;ON;50;-24,20;0,50;-2;-1,70;94,20;0;22,10;3,50;100;-2,10;-2,30;
2026-07-17 07:31:00.0;OFF;ON;50;-34,70;0,50;-2,10;-1,70;94,10;0;32,60;3,50;100;-2,10;-2,40;
2026-07-17 07:32:00.0;OFF;ON;50;-33,30;0,40;-2,10;-1,70;94;0;31,20;3,50;100;-2,10;-2,40;
2026-07-17 07:33:00.0;OFF;ON;50;-35,30;0,40;-2,10;-1,70;93,90;0;33,20;3,50;100;-2,10;-2,50;
2026-07-17 07:34:00.0;OFF;ON;50;-17,50;0,40;-2,10;-1,80;93,70;0;15,30;3,50;100;-2,10;-2,40;
2026-07-17 07:35:00.0;OFF;ON;50;-35,30;0,40;-2,10;-1,80;93,80;0;33,20;3,50;100;-2,10;-2,40;
2026-07-17 07:36:00.0;OFF;ON;50;-17,70;0,40;-2,10;-1,80;93,80;0;15,60;3,50;100;-2,10;-2,40;
2026-07-17 07:37:00.0;OFF;ON;50;-7,20;0,40;-2,10;-1,80;93,90;0;5,10;3,50;100;-2,10;-2,40;
2026-07-17 07:38:00.0;OFF;ON;50;-16,30;0,40;-2,10;-1,80;93,90;0;14,20;3,50;100;-2,10;-2,40;
2026-07-17 07:39:00.0;OFF;ON;50;-17,30;0,40;-2,10;-1,80;94;0;15,30;3,50;100;-2,10;-2,30;
2026-07-17 07:40:00.0;OFF;ON;50;-28,70;0,40;-2,10;-1,80;94;0;26,70;3,50;100;-2,10;-2,30;
2026-07-17 07:41:00.0;OFF;ON;50;-22,40;0,40;-2,10;-1,80;94;0;20,30;3,50;100;-2,10;-2,30;
2026-07-17 07:42:00.0;OFF;ON;50;-7,90;0,40;-2,10;-1,80;94;0;5,80;3,50;100;-2,10;-2,40;
2026-07-17 07:43:00.0;OFF;ON;50;-30,70;0,40;-2,10;-1,80;93,80;0;28,60;3,50;100;-2,10;-2,40;
2026-07-17 07:44:00.0;OFF;ON;50;-32,30;0,40;-2,10;-1,80;93,80;0;30,20;3,50;100;-2,10;-2,40;
2026-07-17 07:45:00.0;OFF;ON;50;-33,80;0,40;-2,10;-1,90;93,80;0;31,70;3,50;100;-2,10;-2,40;
2026-07-17 07:46:00.0;OFF;ON;50;-32,70;0,40;-2,10;-1,90;93,90;0;30,60;3,50;100;-2,10;-2,40;
2026-07-17 07:47:00.0;OFF;ON;50;-32,50;0,40;-2,10;-1,90;93,90;0;30,40;3,50;100;-2,10;-2,30;
2026-07-17 07:48:00.0;OFF;ON;50;-32,20;0,40;-2,10;-1,90;93,90;0;30,10;3,50;100;-2,10;-2,40;
2026-07-17 07:49:00.0;OFF;ON;50;-33,40;0,40;-2,10;-1,90;93,90;0;31,30;3,50;100;-2,10;-2,40;
2026-07-17 07:50:00.0;OFF;ON;50;-33,20;0,40;-2,10;-1,90;93,90;0;31,10;3,50;100;-2,10;-2,50;
2026-07-17 07:51:00.0;OFF;ON;50;-35;0,40;-2,10;-1,90;93,90;0;32,90;3,50;100;-2,10;-2,50;
2026-07-17 07:52:00.0;OFF;ON;50;-40;0,40;-2,10;-1,90;93,80;0;37,90;3,50;100;-2,10;-2,40;
2026-07-17 07:53:00.0;OFF;ON;50;-26,60;0,40;-2,10;-2;93,90;0;24,50;3,50;100;-2,10;-2,40;
2026-07-17 07:54:00.0;OFF;ON;50;-23,50;0,40;-2,10;-2;93,90;0;21,40;3,50;100;-2,10;-2,40;
2026-07-17 07:55:00.0;OFF;ON;50;-27,70;0,40;-2,10;-2;93,90;0;25,60;3,50;100;-2,10;-2,40;
2026-07-17 07:56:00.0;OFF;ON;50;-28,50;0,40;-2,10;-2;93,90;0;26,50;3,50;100;-2,10;-2,30;
2026-07-17 07:57:00.0;OFF;ON;50;-29;0,40;-2,10;-2;93,90;0;26,90;3,50;100;-2,10;-2,30;
2026-07-17 07:58:00.0;OFF;ON;50;-34,80;0,50;-2;-2;94,20;0;32,80;3,50;100;-2;-2,10;
2026-07-17 07:59:00.0;OFF;ON;50;-32,70;0,60;-1,80;-2;94,70;0;30,90;3,50;100;-1,90;-1,90;
2026-07-17 08:00:00.0;OFF;ON;50;-33,70;0,80;-1,70;-2;95,20;0;32;3,50;100;-1,80;-1,70;
2026-07-17 08:01:00.0;OFF;ON;50;-32;0,90;-1,50;-2;95,60;0;30,50;3,50;100;-1,70;-1,50;
2026-07-17 08:02:00.0;OFF;ON;50;-7,10;1;-1,40;-2;96;0;5,70;3,50;100;-1,60;-1,40;
2026-07-17 08:03:00.0;OFF;ON;50;-19,10;1,10;-1,30;-2;96,40;0;17,80;3,50;100;-1,50;-1,20;
2026-07-17 08:04:00.0;OFF;ON;50;-16,40;1,20;-1,20;-2;96,70;0;15,20;3,50;100;-1,40;-1,10;
2026-07-17 08:05:00.0;OFF;ON;50;-18;1,30;-1,10;-2;97;0;16,90;3,50;100;-1,30;-1;
2026-07-17 08:06:00.0;OFF;ON;50;-32,20;1,40;-1;-2,10;97,20;0;31,20;3,50;100;-1,20;-0,80;
2026-07-17 08:07:00.0;OFF;ON;50;-32,80;1,50;-1;-2,10;97,40;0;31,80;3,50;100;-1,20;-0,70;
2026-07-17 08:08:00.0;OFF;ON;50;-28,60;1,60;-0,90;-2,10;97,70;0;27,70;3,50;100;-1,10;-0,60;
2026-07-17 08:09:00.0;OFF;ON;50;-31,90;1,60;-0,80;-2,10;97,80;0;31;3,50;100;-1;-0,50;
2026-07-17 08:10:00.0;OFF;ON;50;-12,60;1,70;-0,80;-2,10;97,90;0;11,80;3,50;100;-1;-0,50;
2026-07-17 08:11:00.0;OFF;ON;50;-20;1,80;-0,70;-2,10;98,10;0;19,30;3,50;100;-0,90;-0,30;
2026-07-17 08:12:00.0;OFF;ON;50;-20,10;1,80;-0,60;-2,10;98,10;0;19,50;3,50;100;-0,90;-0,30;
2026-07-17 08:13:00.0;OFF;ON;50;-13,50;1,90;-0,60;-2,10;98,10;0;12,90;3,50;100;-0,80;-0,20;
2026-07-17 08:14:00.0;OFF;ON;50;-22,50;2;-0,50;-2,10;98,10;0;22;3,50;100;-0,70;-0,10;
2026-07-17 08:15:00.0;OFF;ON;50;-26;2,10;-0,40;-2,10;98,10;0;25,60;3,50;100;-0,60;0;
2026-07-17 08:16:00.0;OFF;ON;50;-28,50;2,10;-0,40;-2,10;98,10;0;28,10;3,50;100;-0,60;0,10;
2026-07-17 08:17:00.0;OFF;ON;50;-28,80;2,20;-0,30;-2,20;98,10;0;28,40;3,50;100;-0,50;0,10;
2026-07-17 08:18:00.0;OFF;ON;50;-27,60;2,20;-0,30;-2,20;98,10;0;27,30;3,50;100;-0,50;0,20;
2026-07-17 08:19:00.0;OFF;ON;50;-30,70;2,20;-0,30;-2,20;98,10;0;30,40;3,50;100;-0,50;0,20;
2026-07-17 08:20:00.0;OFF;ON;50;-18,50;2,20;-0,30;-2,20;98,10;0;18,20;3,50;100;-0,50;0,20;
2026-07-17 08:21:00.0;OFF;ON;50;-23,90;2,20;-0,30;-2,20;98,10;0;23,60;3,50;100;-0,50;0,20;
2026-07-17 08:22:00.0;OFF;ON;50;-15,10;2,20;-0,30;-2,20;98,10;0;14,80;3,50;100;-0,50;0,20;
2026-07-17 08:23:00.0;OFF;ON;50;-6,80;2,20;-0,20;-2,20;98,10;0;6,50;3,50;100;-0,50;0,20;
2026-07-17 08:24:00.0;OFF;ON;50;-7;2,30;-0,20;-2,20;98,10;0;6,70;3,50;100;-0,40;0,30;
2026-07-17 08:25:00.0;OFF;ON;50;-12;2,30;-0,20;-2,20;98,10;0;11,80;3,50;100;-0,40;0,30;
2026-07-17 08:26:00.0;OFF;ON;50;-17,80;2,30;-0,20;-2,20;98,10;0;17,60;3,50;100;-0,40;0,30;
2026-07-17 08:27:00.0;OFF;ON;50;-21,90;2,30;-0,20;-2,20;98,10;0;21,70;3,50;100;-0,40;0,30;
2026-07-17 08:28:00.0;OFF;ON;50;-17,40;2,30;-0,20;-2,20;98,10;0;17,20;3,50;100;-0,30;0,30;
2026-07-17 08:29:00.0;OFF;ON;50;-12;2,40;-0,10;-2,20;98,10;0;11,90;3,50;100;-0,20;0,30;
2026-07-17 08:30:00.0;OFF;ON;50;-12;2,40;-0,10;-2,50;98,10;0,20;11,90;3,50;100;-0,10;0,30;
2026-07-17 08:31:00.0;OFF;ON;50;-12;2,40;-0,10;-2,60;98,10;0;12;3,50;100;-0,10;0,30;
2026-07-17 08:32:00.0;OFF;ON;50;-6,70;-2,10;0;-2,70;98,10;0;6,60;3,50;100;0;0,30;
2026-07-17 08:33:00.0;OFF;ON;50;-6,80;-2;0;-2,90;98,10;0;6,80;3,50;100;0,10;0,40;
2026-07-17 08:34:00.0;OFF;ON;50;-6,90;-2;0,10;-3;98,10;0;6,90;3,50;100;0,30;0,40;
2026-07-17 08:35:00.0;OFF;ON;50;-14,90;-1,90;0,10;-3,10;98,10;0;14,90;3,50;100;0,40;0,40;
2026-07-17 08:36:00.0;ON;OFF;50;-6,70;-1,90;0,10;-3,10;98,10;0;6,80;2;100;0,40;0,40;
2026-07-17 08:37:00.0;ON;OFF;50;-6;-1,90;0,10;-3,10;98,10;0;6,10;2;100;0,40;0,40;
2026-07-17 08:38:00.0;ON;OFF;50;-6,60;-1,90;0,10;-3,10;98,10;0;6,70;2;100;0,50;0,40;
2026-07-17 08:39:00.0;ON;OFF;50;-6,50;-1,80;0,30;-2,80;98,10;0;6,70;2;100;0,60;0,40;
2026-07-17 08:40:00.0;ON;OFF;50;-6,50;-1,70;0,30;-2,80;98,10;0;6,90;2;100;0,90;0,50;
2026-07-17 08:41:00.0;ON;OFF;50;-6,30;-1,70;0,30;-2,80;98,10;0;6,50;2;100;0,70;0,50;
2026-07-17 08:42:00.0;ON;OFF;50;-4,70;-1,70;0,30;-1,90;98,10;0;5;2;100;0,50;0,40;
2026-07-17 08:43:00.0;ON;OFF;50;-4,90;-1,70;0,30;0,30;98,10;0;5,20;2;100;0,50;0,40;
2026-07-17 08:44:00.0;ON;OFF;50;-5,20;-1,70;0,20;-1,20;98,10;0;5,40;2;100;0,40;0,40;
2026-07-17 08:45:00.0;ON;OFF;50;-6,20;-1,80;0,10;-1,90;98,10;0;6,30;2;100;0,30;0,40;
2026-07-17 08:46:00.0;ON;OFF;50;-5,50;-1,90;0,10;-2,30;98,10;0;5,60;2;100;0,30;0,40;
2026-07-17 08:47:00.0;ON;OFF;50;-6,30;-1,90;0,10;-2,50;98,10;0;6,70;2;100;0,40;0,40;
2026-07-17 08:48:00.0;ON;OFF;50;-6,10;-1,90;0,10;-2,70;98,10;0;6,30;2;100;0,50;0,40;
2026-07-17 08:49:00.0;ON;OFF;50;-5,70;-1,90;0,10;-2,70;98,10;0;5,80;2;100;0,50;0,40;
2026-07-17 08:50:00.0;ON;OFF;50;-6,20;-1,90;0,10;-2,70;98,20;0;6,30;2;100;0,50;0,40;
2026-07-17 08:51:00.0;ON;OFF;50;-5,70;-1,80;0,20;-2,80;98,20;0;5,80;2;100;0,50;0,40;
2026-07-17 08:52:00.0;ON;OFF;50;-6,40;-1,80;0,20;-2,80;98,20;0;6,60;2;100;0,60;0,40;
2026-07-17 08:53:00.0;ON;OFF;50;-5,90;-1,80;0,20;-2,80;98,20;0;6,10;2;100;0,80;0,50;
2026-07-17 08:54:00.0;ON;OFF;50;-7,30;-1,70;0,30;-2,80;98,20;0;7,60;2;100;0,80;0,40;
2026-07-17 08:55:00.0;ON;OFF;50;-6,80;-1,70;0,30;-2,80;98,20;0;7;2;100;0,80;0,40;
2026-07-17 08:56:00.0;ON;OFF;50;-6;-1,70;0,30;-2,80;98,20;0;6,30;2;100;0,80;0,40;
2026-07-17 08:57:00.0;ON;OFF;50;-6,60;-1,70;0,30;-2,80;98,20;0;6,90;2;100;0,80;0,40;
2026-07-17 08:58:00.0;ON;OFF;50;-6,80;-1,70;0,30;-2,80;98,20;0;7;2;100;0,90;0,40;
2026-07-17 08:59:00.0;ON;OFF;50;-6,40;-1,70;0,30;-2,80;98,20;0;6,70;2;100;1,10;0,40;
2026-07-17 09:00:00.0;ON;OFF;50;-6,60;-1,60;0,40;-2,80;98,20;0;7;2;100;1,10;0,40;
2026-07-17 09:01:00.0;ON;OFF;50;-6,60;-1,60;0,50;-2,70;98,20;0;7,10;2;100;1,10;0,40;
2026-07-17 09:02:00.0;ON;OFF;50;-6,50;-1,50;0,50;-2,60;98,20;0;7,10;2;100;1,10;0,40;
2026-07-17 09:03:00.0;ON;OFF;50;-6,60;-1,50;0,60;-2,50;98,20;0;7,10;2;100;1,10;0,40;
2026-07-17 09:04:00.0;ON;OFF;50;-5,70;-1,40;0,60;-2,30;98,20;0;6,30;2;100;1,10;0,40;
2026-07-17 09:05:00.0;ON;OFF;50;-5,50;-1,30;0,70;-2,20;98,20;0;6,20;2;100;0,90;0,30;
2026-07-17 09:06:00.0;ON;OFF;50;-6,90;-1,30;0,80;-2;98,20;0;7,70;2;100;1,10;0,30;
2026-07-17 09:07:00.0;ON;OFF;50;-6,60;-1,20;0,80;-2;98,20;0;7,30;2;100;1,10;0,30;
2026-07-17 09:08:00.0;ON;OFF;50;-5,70;-1,20;0,90;-1,80;98,20;0;6,50;2;100;1,10;0,30;
2026-07-17 09:09:00.0;ON;OFF;50;-6,40;-1,10;0,90;-1,70;98,20;0;7,30;2;100;1;0,30;
2026-07-17 09:10:00.0;ON;OFF;50;-5,10;-1,10;1;-1,50;98,20;0;6,10;2;100;1,10;0,30;
2026-07-17 09:11:00.0;ON;OFF;50;-5,60;-0,90;1,10;-1,30;98,20;0;6,60;2;100;1,10;0,30;
2026-07-17 09:12:00.0;ON;OFF;50;-5,50;-0,90;1,10;-1,10;98,20;0;6,60;2;100;1,20;0,30;
2026-07-17 09:13:00.0;ON;OFF;50;-5,60;-0,80;1,20;-0,90;98,20;0;6,80;2;100;1,10;0,30;
2026-07-17 09:14:00.0;ON;OFF;50;-6,90;-0,80;1,30;-0,80;98,20;0;8,20;2;100;1,30;0,30;
2026-07-17 09:15:00.0;ON;OFF;50;-7;-0,70;1,40;-0,70;98,20;0;8,40;2;100;1,40;0,20;
2026-07-17 09:16:00.0;ON;OFF;50;-6,20;-0,60;1,50;-0,60;98,20;0;7,70;2;100;1,40;0,20;
2026-07-17 09:17:00.0;ON;OFF;50;-6,30;-0,40;1,70;-0,50;98,20;0;8;2;100;1,50;0,20;
2026-07-17 09:18:00.0;ON;OFF;50;-7;-0,20;1,90;-0,40;98,20;0;8,90;2;100;1,40;0,10;
2026-07-17 09:19:00.0;ON;OFF;50;-7,20;0;2;-0,20;98,20;0;9,20;2;100;1,40;0,10;
2026-07-17 09:20:00.0;ON;OFF;50;-6,70;0;2;-0,20;98,20;0;8,70;2;100;1,30;0;
2026-07-17 09:21:00.0;ON;OFF;50;-6,60;0,10;2,10;-0,20;98,20;0;8,80;2;100;1,40;-0,10;
2026-07-17 09:22:00.0;ON;OFF;50;-27,20;0,20;2,10;-0,10;98,20;0;29,30;2;100;1,30;-0,10;
2026-07-17 09:23:00.0;ON;OFF;50;-27,10;0,10;2,20;-0,10;98,20;0;29,30;2;100;1,30;-0,20;
2026-07-17 09:24:00.0;ON;OFF;50;-6,90;0,20;2,20;-0,10;98,20;0;9,10;2;100;1,30;-0,20;
2026-07-17 09:25:00.0;ON;OFF;50;-6,90;0,30;2,40;-0,10;98,20;0;9,20;2;100;1,70;-0,20;
2026-07-17 09:26:00.0;ON;OFF;50;-6,70;0,40;2,40;0;98,20;0;9,10;2;100;1,50;-0,30;
2026-07-17 09:27:00.0;ON;OFF;50;-7,20;0,40;2,50;0;98,20;0;9,70;2;100;1,70;-0,30;
2026-07-17 09:28:00.0;ON;OFF;50;-7,30;0,50;2,50;0;98,20;0;9,90;2;100;1,80;-0,30;
2026-07-17 09:29:00.0;ON;OFF;50;-19,70;0,60;2,70;0,20;98,20;0;22,40;2;100;2;-0,20;
2026-07-17 09:30:00.0;ON;OFF;50;-7,10;0,80;2,80;0,30;98,20;0;9,90;2;100;2,20;-0,20;
2026-07-17 09:31:00.0;ON;OFF;50;-6,60;0,90;2,90;0,20;98,20;0;9,60;2;100;2,40;-0,20;
2026-07-17 09:32:00.0;ON;OFF;50;-6,60;1;3;0,30;98,20;0,90;9,50;2;100;2,40;-0,20;
2026-07-17 09:33:00.0;ON;OFF;50;-7,10;1;3;0,30;98,20;0;10,20;2;100;2,50;-0,10;
2026-07-17 09:34:00.0;ON;OFF;50;-7,10;1,10;3,20;0,40;98,20;2,70;10,20;2;100;2,70;-0,10;
2026-07-17 09:35:00.0;ON;OFF;50;-12,80;1,20;3,20;0,30;98,20;0;16,10;2;100;2,90;0;
2026-07-17 09:36:00.0;ON;OFF;50;-6,10;1,20;3,20;0,30;98,30;0;9,40;2;100;2,80;-0,10;
2026-07-17 09:37:00.0;ON;OFF;50;-6,40;1,10;3,10;0,30;98,30;0;9,50;2;100;2,60;-0,10;
2026-07-17 09:38:00.0;ON;OFF;50;-40;1,10;3;0,20;98,30;0;43;2;100;2,40;-0,10;
2026-07-17 09:39:00.0;ON;OFF;50;-40;1;2,90;0,20;98,30;0;42,90;2;100;2,40;0;
2026-07-17 09:40:00.0;ON;OFF;50;-40;1;3,10;0,30;98,30;0;43,10;2;100;2,50;0,30;
2026-07-17 09:41:00.0;ON;OFF;50;-40;1,20;3,20;0,40;98,30;0;43,20;2;100;2,60;0,30;
2026-07-17 09:42:00.0;ON;OFF;50;-40;1,20;3,20;0,60;98,30;0;43,20;2;100;2,70;0,60;
2026-07-17 09:43:00.0;ON;OFF;50;-40;1,30;3,30;0,70;98,30;0;43,30;2;100;2,80;0,70;
2026-07-17 09:44:00.0;ON;OFF;50;-40;1,30;3,30;0,80;98,30;0;43,30;2;100;2,80;0,70;
2026-07-17 09:45:00.0;ON;OFF;50;-40;1,30;3,30;0,70;98,30;0;43,30;2;100;2,90;0,70;
2026-07-17 09:46:00.0;ON;OFF;50;-40;1,30;3,40;0,80;98,30;0;43,40;2;100;2,90;0,70;
2026-07-17 09:47:00.0;ON;OFF;50;-40;1,40;3,40;0,90;98,30;0;43,40;2;100;2,90;0,70;
2026-07-17 09:48:00.0;ON;OFF;50;-40;1,40;3,40;0,90;98,30;0;43,40;2;100;3;0,70;
2026-07-17 09:49:00.0;ON;OFF;50;-40;1,40;3,40;1;98,30;0;43,40;2;100;3;0,70;
2026-07-17 09:50:00.0;ON;OFF;50;-40;1,40;3,40;1,10;98,30;0;43,40;2;100;3;0,80;
2026-07-17 09:51:00.0;ON;OFF;50;-40;1,50;3,50;1,20;98,30;0;43,50;2;100;2,90;0,80;
2026-07-17 09:52:00.0;ON;OFF;50;-40;1,50;3,50;1,30;98,30;0;43,50;2;100;3;0,90;
2026-07-17 09:53:00.0;ON;OFF;50;-40;1,50;3,50;1,60;98,30;0;43,50;2;100;2,90;1;
2026-07-17 09:54:00.0;ON;OFF;50;-40;1,60;3,70;1,80;98,30;0;43,70;2;100;3,10;1;
2026-07-17 09:55:00.0;ON;OFF;50;-40;1,70;3,70;2;98,30;0;43,70;2;100;3,10;1,10;
2026-07-17 09:56:00.0;ON;OFF;50;-40;1,80;3,80;2,40;98,30;0;43,80;2;100;3;1,20;
2026-07-17 09:57:00.0;ON;OFF;50;-40;1,80;3,90;2,60;98,30;0;43,90;2;100;3,20;1,40;
2026-07-17 09:58:00.0;ON;OFF;50;-40;2;4,10;2,70;98,30;0;44,10;2;100;3,30;1,60;
2026-07-17 09:59:00.0;ON;OFF;50;-40;2,20;4,30;3;98,30;0;44,30;2;100;3,30;1,70;
2026-07-17 10:00:00.0;ON;OFF;50;-40;2,40;4,60;3,20;98,30;91,70;44,60;2;100;3,70;2;
2026-07-17 10:01:00.0;ON;OFF;50;-40;2,70;4,80;3,40;98,30;110;44,80;2;100;4;2,30;
2026-07-17 10:02:00.0;ON;OFF;50;-40;3;5,10;3,60;98,30;110;45,10;2;100;4,20;2,70;
2026-07-17 10:03:00.0;ON;OFF;50;-40;3,30;5,40;36,20;98,30;117,40;45,40;2;100;4,70;3,40;
2026-07-17 10:04:00.0;ON;OFF;50;-40;3,50;5,70;41,70;98,30;118,40;45,70;2;100;4,90;4,10;
2026-07-17 10:05:00.0;ON;OFF;50;-40;3,90;6;42,60;98,30;118,40;46;2;100;5,40;4,80;
2026-07-17 10:06:00.0;ON;OFF;50;3,70;4,10;6,40;43;98,30;118,40;2,70;2;100;5,90;5,60;
2026-07-17 10:07:00.0;ON;OFF;50;3,40;4,60;6,80;43,20;98,30;118,30;3,30;2;100;6,40;6,30;
2026-07-17 10:08:00.0;ON;OFF;50;5,20;4,90;7,10;43,40;98,40;118,30;1,90;2;100;6,80;6,90;
2026-07-17 10:09:00.0;ON;OFF;50;3,50;5,20;7,30;43,50;98,40;118,20;3,90;2;100;7;7,20;
2026-07-17 10:10:00.0;ON;OFF;50;4,20;5,40;7;43,60;98,40;118,20;2,80;2;100;6,70;4,80;
2026-07-17 10:11:00.0;ON;OFF;50;4,50;4,50;6,50;43,60;98,40;118,20;2;2;100;6,10;5,50;
2026-07-17 10:12:00.0;ON;OFF;50;4,60;4,60;6,70;43,70;98,40;118,20;2;2;100;6,30;5,30;
2026-07-17 10:13:00.0;ON;OFF;50;4,40;4,70;6,80;43,70;98,40;118,10;2,40;2;100;6,40;5,50;
2026-07-17 10:14:00.0;ON;OFF;50;4,20;4,90;7;43,80;98,40;118,10;2,80;2;100;6,60;5,40;
2026-07-17 10:15:00.0;ON;OFF;50;3,30;5;7;43,80;98,40;118,10;3,70;2;100;6,60;5,20;
2026-07-17 10:16:00.0;ON;OFF;50;2,90;5;7;43,80;98,40;118;4,10;2;100;6,40;4,80;
2026-07-17 10:17:00.0;ON;OFF;50;2,20;4,90;6,80;43,80;98,40;118;4,60;2;100;6,10;4,20;
2026-07-17 10:18:00.0;ON;OFF;50;1,80;4,80;6,70;43,90;98,40;118;4,90;2;100;6,10;4;
2026-07-17 10:19:00.0;ON;OFF;50;1,70;4,70;6,70;43,90;98,40;118,50;5;2;100;5,90;3,80;
2026-07-17 10:20:00.0;ON;OFF;50;1,50;4,70;6,70;43,90;98,40;118,30;5,20;2;100;5,90;3,70;
2026-07-17 10:21:00.0;ON;OFF;50;0,90;4,70;6,60;43,90;98,40;118,20;5,70;2;100;5,70;3,50;
2026-07-17 10:22:00.0;ON;OFF;50;1,10;4,60;6,50;43,90;98,40;118,20;5,40;2;100;5,70;3,20;
2026-07-17 10:23:00.0;ON;OFF;50;0,90;4,50;6,50;43,90;98,40;118,20;5,60;2;100;5,60;3,30;
2026-07-17 10:24:00.0;ON;OFF;50;1;4,50;6,50;43,90;98,40;118,20;5,50;2;100;5,60;3,20;
2026-07-17 10:25:00.0;ON;OFF;50;0,90;4,50;6,50;43,90;98,40;118,20;5,60;2;100;5,60;3,20;
2026-07-17 10:26:00.0;ON;OFF;50;0,40;4,50;6,60;43,90;98,40;118,10;6,20;2;100;5,80;3,20;
2026-07-17 10:27:00.0;ON;OFF;50;0,20;4,50;6,50;44;98,40;118,10;6,40;2;100;5,60;2,90;
2026-07-17 10:28:00.0;ON;OFF;50;-0,20;4,50;6,40;44;98,40;118;6,70;2;100;5,60;2,70;
2026-07-17 10:29:00.0;ON;OFF;50;-0,40;4,40;6,30;43,90;98,40;118;6,70;2;100;5,50;2,50;
2026-07-17 10:30:00.0;ON;OFF;50;-0,60;4,20;6,20;44;98,40;118;6,80;2;100;5,40;2,30;
2026-07-17 10:31:00.0;ON;OFF;50;-0,70;4,20;6,20;44;98,40;118;6,90;2;100;5,40;2,20;
2026-07-17 10:32:00.0;ON;OFF;50;-0,70;4,30;6,30;44;98,40;118;7;2;100;5,80;2,20;
2026-07-17 10:33:00.0;ON;OFF;50;-0,90;4,30;6,30;44;98,40;117,90;7,10;2;100;5,60;2,20;
2026-07-17 10:34:00.0;ON;OFF;50;-1;4,20;6,20;44;98,40;117,90;7,20;2;100;5,40;2;
2026-07-17 10:35:00.0;ON;OFF;50;-1;4,20;6,20;44;98,40;117,90;7,20;2;100;5,20;1,90;
2026-07-17 10:36:00.0;ON;OFF;50;-1,10;4,20;6,20;44;98,40;117,90;7,30;2;100;5,20;1,90;
2026-07-17 10:37:00.0;ON;OFF;50;-1,10;4,20;6,20;44;98,40;117,80;7,20;2;100;5,10;1,80;
2026-07-17 10:38:00.0;ON;OFF;50;-1,10;4,20;6,20;44;98,40;117,80;7,30;2;100;5,10;1,70;
2026-07-17 10:39:00.0;ON;OFF;50;-1,20;4,20;6,20;44;98,40;117,80;7,40;2;100;5,10;1,70;
2026-07-17 10:40:00.0;ON;OFF;50;-1,20;4,20;6,20;44;98,40;117,80;7,30;2;100;5;1,70;
2026-07-17 10:41:00.0;ON;OFF;50;-1,20;4,30;6,30;44;98,40;117,80;7,50;2;100;5,10;1,70;
2026-07-17 10:42:00.0;ON;OFF;50;-1,20;4,30;6,30;44;98,40;117,80;7,50;2;100;5,10;1,60;
2026-07-17 10:43:00.0;ON;OFF;50;-1,20;4,30;6,20;44;98,40;117,70;7,50;2;100;5;1,60;
2026-07-17 10:44:00.0;ON;OFF;50;-1,20;4,30;6,30;44;98,40;117,70;7,40;2;100;5,10;1,70;
2026-07-17 10:45:00.0;ON;OFF;50;-1,20;4,30;6,40;44;98,40;117,70;7,60;2;100;5,20;1,60;
2026-07-17 10:46:00.0;ON;OFF;50;-1,20;4,40;6,40;44;98,40;117,70;7,60;2;100;5,10;1,70;
2026-07-17 10:47:00.0;ON;OFF;50;-1,20;4,40;6,40;44;98,40;117,60;7,60;2;100;5,20;1,70;
2026-07-17 10:48:00.0;ON;OFF;50;-1,10;4,40;6,40;44;98,40;117,60;7,60;2;100;5,20;1,70;
2026-07-17 10:49:00.0;ON;OFF;50;-1,10;4,50;6,50;44;98,40;117,60;7,60;2;100;5,40;1,80;
2026-07-17 10:50:00.0;ON;OFF;50;-1,10;4,60;6,60;44;98,40;117,60;7,70;2;100;5,60;1,90;
2026-07-17 10:51:00.0;ON;OFF;50;-1,10;4,60;6,50;44;98,50;117,60;7,60;2;100;5,40;1,90;
2026-07-17 10:52:00.0;ON;OFF;50;-1,10;4,50;6,50;43,90;98,40;117,50;7,60;2;100;5,40;1,90;
2026-07-17 10:53:00.0;ON;OFF;50;-1;4,50;6,60;43,90;98,50;117,50;7,60;2;100;5,40;1,90;
2026-07-17 10:54:00.0;ON;OFF;50;-1;4,60;6,70;43,90;98,50;117,50;7,70;2;100;5,60;1,90;
2026-07-17 10:55:00.0;ON;OFF;50;-1;4,60;6,70;43,90;98,50;117,50;7,70;2;100;5,80;2;
2026-07-17 10:56:00.0;ON;OFF;50;-1;4,80;6,80;43,90;98,50;117,50;7,80;2;100;6;2,20;
2026-07-17 10:57:00.0;ON;OFF;50;-0,90;4,80;6,80;43,90;98,50;117,50;7,80;2;100;6,10;2,20;
2026-07-17 10:58:00.0;ON;OFF;50;-0,80;4,90;6,90;43,90;98,50;117,40;7,70;2;100;6,10;2,30;
2026-07-17 10:59:00.0;ON;OFF;50;-0,80;4,90;6,90;43,90;98,50;117,40;7,70;2;100;6,20;2,30;
2026-07-17 11:00:00.0;ON;OFF;50;-0,80;5;7;43,90;98,50;117,40;7,80;2;100;6,30;2,40;
2026-07-17 11:01:00.0;ON;OFF;50;-0,80;5;7,10;43,90;98,50;117,40;7,80;2;100;6,30;2,50;
2026-07-17 11:02:00.0;ON;OFF;50;-0,70;5,20;7,20;43,90;98,50;117,50;7,90;2;100;6,40;2,50;
2026-07-17 11:03:00.0;ON;OFF;50;-0,70;5,30;7,30;43,90;98,50;117,50;8;2;100;6,60;2,60;
2026-07-17 11:04:00.0;ON;OFF;50;-0,60;5,40;7,40;43,90;98,50;117,50;8;2;100;6,70;2,70;
2026-07-17 11:05:00.0;ON;OFF;50;-0,60;5,40;7,40;43,90;98,50;117,50;8;2;100;6,80;2,80;
2026-07-17 11:06:00.0;ON;OFF;50;-0,50;5,50;7,50;43,90;98,50;117,50;8,10;2;100;7;2,90;
2026-07-17 11:07:00.0;ON;OFF;50;-0,40;5,60;7,60;43,80;98,50;117,40;8;2;100;7,10;3;
2026-07-17 11:08:00.0;ON;OFF;50;-0,40;5,70;7,70;43,80;98,50;117,40;8,10;2;100;7,20;3,10;
2026-07-17 11:09:00.0;ON;OFF;50;-0,40;5,70;7,70;43,80;98,50;117,40;8;2;100;7,20;3,10;
2026-07-17 11:10:00.0;ON;OFF;50;-0,40;5,70;7,70;43,80;98,50;117,40;8,10;2;100;7,20;3,10;
2026-07-17 11:11:00.0;ON;OFF;50;-0,30;5,70;7,70;43,80;98,50;117,30;8;2;100;7,20;3,10;
2026-07-17 11:12:00.0;ON;OFF;50;-0,20;5,80;7,80;43,80;98,50;117,30;8;2;100;7,20;3,10;
2026-07-17 11:13:00.0;ON;OFF;50;-0,30;5,80;7,80;43,80;98,50;117,30;8,10;2;100;7,30;3,20;
2026-07-17 11:14:00.0;ON;OFF;50;-0,20;5,80;7,90;43,80;98,50;117,30;8,10;2;100;7,20;3,20;
2026-07-17 11:15:00.0;ON;OFF;50;-0,20;5,90;7,90;43,80;98,50;117,30;8,10;2;100;7,30;3,20;
2026-07-17 11:16:00.0;ON;OFF;50;-0,20;5,90;7,90;43,70;98,50;117,20;8,10;2;100;7,20;3,20;
2026-07-17 11:17:00.0;ON;OFF;50;-0,20;5,90;7,80;43,70;98,50;117,20;8;2;100;7,20;3,20;
2026-07-17 11:18:00.0;ON;OFF;50;-0,20;5,90;7,90;43,70;98,50;117,20;8,10;2;100;7,40;3,30;
2026-07-17 11:19:00.0;ON;OFF;50;-0,20;5,90;7,90;43,70;98,50;117,20;8,10;2;100;7,40;3,20;
2026-07-17 11:20:00.0;ON;OFF;50;-0,10;5,90;7,90;43,70;98,50;117,20;8;2;100;7,50;3,30;
2026-07-17 11:21:00.0;ON;OFF;50;-0,10;5,90;7,90;43,70;98,50;117,20;8;2;100;7,40;3,30;
2026-07-17 11:22:00.0;ON;OFF;50;-0,10;5,90;7,90;43,60;98,50;117,20;8;2;100;7,40;3,30;
2026-07-17 11:23:00.0;ON;OFF;50;-0,10;5,90;7,90;43,60;98,50;117,20;8;2;100;7,30;3,30;
2026-07-17 11:24:00.0;ON;OFF;50;-0,10;5,90;7,90;43,60;98,50;117,20;8;2;100;7,50;3,30;
2026-07-17 11:25:00.0;ON;OFF;50;-0,10;5,90;7,90;43,60;98,50;117,20;8;2;100;7,50;3,30;
2026-07-17 11:26:00.0;ON;OFF;50;-0,10;5,90;7,90;43,60;98,50;117,20;8;2;100;7,60;3,40;
2026-07-17 11:27:00.0;ON;OFF;50;-0,10;5,90;8;43,60;98,50;117,20;8;2;100;7,70;3,40;
2026-07-17 11:28:00.0;ON;OFF;50;-0,10;6;8;43,50;98,50;117,10;8;2;100;7,50;3,40;
2026-07-17 11:29:00.0;ON;OFF;50;0;5,90;8;43,50;98,50;117,10;8;2;100;7,60;3,40;
2026-07-17 11:30:00.0;ON;OFF;50;-0,10;6;8,10;43,50;98,50;117,10;8,20;2;100;7,80;3,50;
2026-07-17 11:31:00.0;ON;OFF;50;-0,10;6,10;8,10;43,50;98,50;117,10;8,10;2;100;7,80;3,50;
2026-07-17 11:32:00.0;ON;OFF;50;0;6,10;8,20;43,50;98,50;117,10;8,20;2;100;7,90;3,50;
2026-07-17 11:33:00.0;ON;OFF;50;0;6,20;8,30;43,40;98,50;117,10;8,20;2;100;8,10;3,60;
2026-07-17 11:34:00.0;ON;OFF;50;0,10;6,30;8,30;43,40;98,50;117,10;8,20;2;100;8,10;3,70;
2026-07-17 11:35:00.0;ON;OFF;50;0,10;6,30;8,30;43,40;98,50;117,20;8,20;2;100;8,20;3,80;
2026-07-17 11:36:00.0;ON;OFF;50;0,10;6,40;8,40;43,40;98,50;117,20;8,30;2;100;8,40;3,90;
2026-07-17 11:37:00.0;ON;OFF;50;0,20;6,50;8,50;43,30;98,50;117,10;8,30;2;100;8,40;4;
2026-07-17 11:38:00.0;ON;OFF;50;0,20;6,50;8,50;43,30;98,50;117,10;8,30;2;100;8,30;3,90;
2026-07-17 11:39:00.0;ON;OFF;50;0,30;6,50;8,50;43,30;98,50;117,10;8,30;2;100;8,20;3,90;
2026-07-17 11:40:00.0;ON;OFF;50;0,30;6,50;8,60;43,30;98,50;117,10;8,30;2;100;8,30;3,90;
2026-07-17 11:41:00.0;ON;OFF;50;0,30;6,60;8,50;43,20;98,50;117,10;8,20;2;100;8,30;4;
2026-07-17 11:42:00.0;ON;OFF;50;0,30;6,50;8,50;43,20;98,50;117,10;8,20;2;100;8,20;4;
2026-07-17 11:43:00.0;ON;OFF;50;0,30;6,50;8,50;43,20;98,50;117,10;8,30;2;100;8,20;3,90;
2026-07-17 11:44:00.0;ON;OFF;50;0,20;6,50;8,40;43,20;98,50;117,10;8,20;2;100;8,10;3,90;
2026-07-17 11:45:00.0;ON;OFF;50;0,20;6,40;8,40;43,10;98,50;117,10;8,20;2;100;8,10;3,80;
2026-07-17 11:46:00.0;ON;OFF;50;0,30;6,40;8,40;43,10;98,50;117,10;8,10;2;100;8,10;3,80;
2026-07-17 11:47:00.0;ON;OFF;50;0,20;6,40;8,30;43,10;98,50;117,10;8,10;2;100;7,90;3,80;
2026-07-17 11:48:00.0;ON;OFF;50;0,20;6,30;8,30;43;98,50;117;8,10;2;100;7,90;3,70;
2026-07-17 11:49:00.0;ON;OFF;50;0,20;6,30;8,30;43;98,50;117;8,10;2;100;7,90;3,70;
2026-07-17 11:50:00.0;ON;OFF;50;0,10;6,20;8,20;43;98,50;117;8,20;2;100;7,80;3,60;
2026-07-17 11:51:00.0;ON;OFF;50;0,10;6,20;8,20;42,90;98,50;117;8,10;2;100;7,80;3,60;
2026-07-17 11:52:00.0;ON;OFF;50;0;6,10;8,10;42,90;98,50;117;8,10;2;100;7,80;3,60;
2026-07-17 11:53:00.0;ON;OFF;50;0;6,10;8,10;42,90;98,50;117;8,10;2;100;7,70;3,50;
2026-07-17 11:54:00.0;ON;OFF;50;0;6,10;8,10;42,90;98,50;117;8,10;2;100;7,70;3,50;
2026-07-17 11:55:00.0;ON;OFF;50;-0,10;6,10;8;42,80;98,50;117;8,10;2;100;7,60;3,50;
2026-07-17 11:56:00.0;ON;OFF;50;0;6;8;42,80;98,50;117;8;2;100;7,60;3,40;
2026-07-17 11:57:00.0;ON;OFF;50;-0,10;6;8;42,80;98,50;117;8,10;2;100;7,60;3,40;
2026-07-17 11:58:00.0;ON;OFF;50;-0,10;6;7,90;42,70;98,50;117;8;2;100;7,50;3,30;
2026-07-17 11:59:00.0;ON;OFF;50;-0,10;5,90;7,90;42,70;98,50;117;8;2;100;7,50;3,30;
2026-07-17 12:00:00.0;ON;OFF;50;-0,20;5,90;7,80;42,70;98,50;117;8;2;100;7,40;3,30;
2026-07-17 12:01:00.0;ON;OFF;50;-0,20;5,80;7,80;42,60;98,50;117;8;2;100;7,40;3,20;
2026-07-17 12:02:00.0;ON;OFF;50;-0,30;5,80;7,80;42,60;98,50;117;8;2;100;7,30;3,20;
2026-07-17 12:03:00.0;ON;OFF;50;-0,20;5,70;7,70;42,60;98,50;116,90;8;2;100;7,20;3,10;
2026-07-17 12:04:00.0;ON;OFF;50;-0,30;5,70;7,70;42,50;98,50;117;8;2;100;7,20;3,10;
2026-07-17 12:05:00.0;ON;OFF;50;-0,40;5,70;7,60;42,50;98,50;117;8;2;100;7,20;3,10;
2026-07-17 12:06:00.0;ON;OFF;50;-0,40;5,60;7,60;42,50;98,50;117;8;2;100;7,20;3;
2026-07-17 12:07:00.0;ON;OFF;50;-0,40;5,60;7,60;42,40;98,50;116,90;8;2;100;7,20;3;
2026-07-17 12:08:00.0;ON;OFF;50;-0,40;5,60;7,60;42,40;98,50;116,90;8,10;2;100;7,30;3;
2026-07-17 12:09:00.0;ON;OFF;50;-0,30;5,70;7,70;42,30;98,50;116,90;8;2;100;7,40;3,10;
2026-07-17 12:10:00.0;ON;OFF;50;-0,40;5,60;7,60;42,30;98,50;116,90;8;2;100;7,40;3,10;
2026-07-17 12:11:00.0;ON;OFF;50;-0,30;5,60;7,70;42,30;98,50;116,90;8;2;100;7,40;3,20;
2026-07-17 12:12:00.0;ON;OFF;50;-0,30;5,70;7,70;42,20;98,50;116,90;8;2;100;7,40;3,20;
2026-07-17 12:13:00.0;ON;OFF;50;-0,20;5,70;7,70;42,20;98,50;116,90;7,90;2;100;7,60;3,20;
2026-07-17 12:14:00.0;ON;OFF;50;-0,30;5,70;7,80;42,10;98,50;116,90;8,10;2;100;7,90;3,30;
2026-07-17 12:15:00.0;ON;OFF;50;-0,30;5,80;7,70;42,10;98,50;116,90;8;2;100;7,60;3,30;
2026-07-17 12:16:00.0;ON;OFF;50;-0,20;5,70;7,70;42,10;98,50;116,80;7,90;2;100;7,40;3,30;
2026-07-17 12:17:00.0;ON;OFF;50;-0,20;5,70;7,70;42;98,50;116,80;7,90;2;100;7,40;3,30;
2026-07-17 12:18:00.0;ON;OFF;50;-0,20;5,70;7,70;42;98,50;116,80;7,90;2;100;7,50;3,20;
2026-07-17 12:19:00.0;ON;OFF;50;-0,30;5,60;7,70;41,90;98,50;116,80;7,90;2;100;7,50;3,20;
2026-07-17 12:20:00.0;ON;OFF;50;-0,20;5,70;7,70;41,90;98,50;116,80;7,90;2;100;7,50;3,30;
2026-07-17 12:21:00.0;ON;OFF;50;-0,20;5,60;7,60;41,90;98,50;116,80;7,90;2;100;7,40;3,20;
2026-07-17 12:22:00.0;ON;OFF;50;-0,20;5,70;7,60;41,80;98,50;116,80;7,80;2;100;7,40;3,20;
2026-07-17 12:23:00.0;ON;OFF;50;-0,20;5,60;7,60;41,80;98,50;116,80;7,90;2;100;7,50;3,30;
2026-07-17 12:24:00.0;ON;OFF;50;-0,20;5,70;7,70;41,70;98,50;116,80;7,90;2;100;7,70;3,30;
2026-07-17 12:25:00.0;ON;OFF;50;-0,20;5,70;7,80;41,70;98,50;116,80;8,10;2;100;8,20;3,50;
2026-07-17 12:26:00.0;ON;OFF;50;-0,10;5,80;7,80;41,60;98,50;116,80;8;2;100;8,10;3,60;
2026-07-17 12:27:00.0;ON;OFF;50;-0,10;5,90;7,90;41,60;98,50;116,80;8;2;100;8,50;3,70;
2026-07-17 12:28:00.0;ON;OFF;50;-0,20;5,90;7,90;41,50;98,50;116,80;8;2;100;8,40;3,80;
2026-07-17 12:29:00.0;ON;OFF;50;-0,10;5,90;7,90;41,50;98,50;116,80;8;2;100;8,60;3,80;
2026-07-17 12:30:00.0;ON;OFF;50;-0,10;5,90;7,90;41,50;98,50;116,80;8;2;100;8,50;3,80;
2026-07-17 12:31:00.0;ON;OFF;50;-0,10;5,80;7,90;41,40;98,50;116,80;8;2;100;8,60;3,80;
2026-07-17 12:32:00.0;ON;OFF;50;-0,10;5,80;7,80;41,30;98,50;116,80;7,90;2;100;8,30;3,80;
2026-07-17 12:33:00.0;ON;OFF;50;-0,10;5,80;7,80;41,30;98,50;116,80;7,90;2;100;8,30;3,80;
2026-07-17 12:34:00.0;ON;OFF;50;-0,10;5,80;7,80;41,30;98,50;116,80;8;2;100;8,50;3,80;
2026-07-17 12:35:00.0;ON;OFF;50;-0,10;0,70;7,80;41,20;98,50;116,80;7,80;2;100;8,10;5,10;
2026-07-17 12:36:00.0;ON;OFF;50;0,20;0,90;8;41,20;98,50;116,80;7,70;2;100;8,30;5,60;
2026-07-17 12:37:00.0;ON;OFF;50;0,60;1;8;41,10;98,50;116,80;7,50;2;100;8,30;5,90;
2026-07-17 12:38:00.0;ON;OFF;50;0,70;1,10;8,10;41,10;98,50;116,80;7,30;2;100;8,30;6,10;
2026-07-17 12:39:00.0;OFF;ON;100;1;1,10;8,10;41;98,50;116,80;7,20;7;100;8,30;6,20;
2026-07-17 12:40:00.0;OFF;ON;100;1,10;1,20;8,20;41;98,50;116,80;7,10;7;100;8,30;6,20;
2026-07-17 12:41:00.0;OFF;ON;100;1,10;1,20;8,20;40,90;98,60;116,80;7,10;7;100;8,30;6,30;
2026-07-17 12:42:00.0;OFF;ON;100;1,30;1,20;8,20;40,90;98,60;116,80;6,90;7;100;8,30;6,30;
2026-07-17 12:43:00.0;OFF;ON;100;1,30;1,20;8,20;40,80;98,60;116,80;6,90;7;100;8,20;6,30;
2026-07-17 12:44:00.0;OFF;ON;100;1,40;1,20;8,20;40,80;98,60;116,70;6,80;7;100;8,30;6,30;
2026-07-17 12:45:00.0;OFF;ON;100;1,20;1,20;8,20;40,70;98,60;116,70;6,90;7;100;8,30;6,30;
2026-07-17 12:46:00.0;OFF;ON;100;1,30;1,20;8,10;40,70;98,70;116,80;6,80;7;100;8,20;6,30;
2026-07-17 12:47:00.0;OFF;ON;100;1,30;1,10;8,10;40,60;98,70;116,80;6,80;7;100;8,20;6,30;
2026-07-17 12:48:00.0;OFF;ON;100;1,40;1,20;8,10;40,60;98,60;116,80;6,70;7;100;8,20;6,30;
2026-07-17 12:49:00.0;OFF;ON;100;1,40;1,10;8,10;40,50;98,60;116,70;6,70;7;100;8,10;6,30;
2026-07-17 12:50:00.0;OFF;ON;100;1,30;1,10;8,10;40,50;98,60;116,70;6,80;7;100;8,10;6,30;
2026-07-17 12:51:00.0;OFF;ON;100;1,40;1;8,10;40,40;98,60;116,70;6,70;7;100;8,10;6,20;
2026-07-17 12:52:00.0;OFF;ON;100;1,30;1,10;8;40,40;98,60;116,70;6,70;7;100;8,10;6,20;
2026-07-17 12:53:00.0;OFF;ON;100;1,40;1;8;40,30;98,60;116,70;6,70;7;100;8,10;6,20;
2026-07-17 12:54:00.0;OFF;ON;100;1,30;1;8;40,20;98,60;116,70;6,70;7;100;8;6,20;
2026-07-17 12:55:00.0;OFF;ON;100;1,30;1;8;40,20;98,60;116,70;6,70;7;100;8,20;6,10;
2026-07-17 12:56:00.0;OFF;ON;100;1,30;1;8;40,10;98,60;116,70;6,60;7;100;8;6,10;
2026-07-17 12:57:00.0;OFF;ON;100;1,30;0,90;7,90;40,10;98,60;116,70;6,60;7;100;8;6,10;
2026-07-17 12:58:00.0;OFF;ON;100;1,30;0,90;7,90;40;98,60;116,70;6,60;7;100;7,90;6,10;
2026-07-17 12:59:00.0;OFF;ON;100;1,30;0,90;7,90;40;98,60;116,70;6,60;7;100;7,90;6;
2026-07-17 13:00:00.0;OFF;ON;100;1,20;0,80;7,80;39,90;98,60;116,70;6,60;7;100;7,80;6;
2026-07-17 13:01:00.0;OFF;ON;100;1,30;0,80;7,80;39,90;98,60;116,70;6,60;7;100;7,80;6;
2026-07-17 13:02:00.0;OFF;ON;100;1,20;0,80;7,80;39,80;98,60;116,70;6,60;7;100;7,80;6;
2026-07-17 13:03:00.0;OFF;ON;100;1,20;0,80;7,70;39,80;98,60;116,70;6,50;7;100;7,80;5,90;
2026-07-17 13:04:00.0;OFF;ON;100;1,10;0,70;7,70;39,70;98,60;116,70;6,60;7;100;7,80;5,90;
2026-07-17 13:05:00.0;OFF;ON;100;1,10;0,70;7,70;39,70;98,60;116,70;6,60;7;100;7,70;5,80;
2026-07-17 13:06:00.0;OFF;ON;100;1,10;0,70;7,60;39,60;98,60;116,70;6,60;7;100;7,60;5,80;
2026-07-17 13:07:00.0;OFF;ON;100;1;0,60;7,60;39,60;98,60;116,70;6,60;7;100;7,60;5,80;
2026-07-17 13:08:00.0;OFF;ON;100;1,10;0,60;7,60;39,50;98,60;116,70;6,50;7;100;7,60;5,70;
2026-07-17 13:09:00.0;OFF;ON;100;1;0,60;7,60;39,50;98,60;116,70;6,60;7;100;7,50;5,70;
2026-07-17 13:10:00.0;OFF;ON;100;1;0,60;7,50;39,40;98,60;116,70;6,50;7;100;7,50;5,70;
2026-07-17 13:11:00.0;OFF;ON;100;1;0,50;7,50;39,40;98,60;116,70;6,50;7;100;7,50;5,70;
2026-07-17 13:12:00.0;OFF;ON;100;1;0,50;7,50;39,30;98,60;116,70;6,50;7;100;7,40;5,60;
2026-07-17 13:13:00.0;OFF;ON;100;0,90;0,50;7,40;39,30;98,60;116,70;6,50;7;100;7,40;5,60;
2026-07-17 13:14:00.0;OFF;ON;100;0,80;0,40;7,40;39,20;98,60;116,70;6,60;7;100;7,40;5,50;
2026-07-17 13:15:00.0;OFF;ON;100;0,80;0,40;7,40;39,20;98,60;116,70;6,50;7;100;7,40;5,50;
2026-07-17 13:16:00.0;OFF;ON;100;0,80;0,40;7,30;39,10;98,60;116,70;6,50;7;100;7,30;5,50;
2026-07-17 13:17:00.0;OFF;ON;100;0,80;0,30;7,30;39,10;98,60;116,70;6,50;7;100;7,30;5,40;
2026-07-17 13:18:00.0;OFF;ON;100;0,80;0,30;7,30;39;98,60;116,70;6,50;7;100;7,20;5,40;
2026-07-17 13:19:00.0;OFF;ON;100;0,80;0,30;7,20;39;98,60;116,70;6,50;7;100;7,20;5,30;
2026-07-17 13:20:00.0;OFF;ON;100;0,70;0,20;7,20;38,90;98,60;116,70;6,50;7;100;7,20;5,30;
2026-07-17 13:21:00.0;OFF;ON;100;0,70;0,20;7,20;38,90;98,60;116,70;6,50;7;100;7,10;5,30;
2026-07-17 13:22:00.0;OFF;ON;100;0,60;0,20;7,20;38,80;98,60;116,70;6,50;7;100;7,10;5,30;
2026-07-17 13:23:00.0;OFF;ON;100;0,70;0,10;7,10;38,80;98,60;116,70;6,40;7;100;7,10;5,30;
2026-07-17 13:24:00.0;OFF;ON;100;0,70;0,10;7,10;38,70;98,60;116,70;6,40;7;100;7;5,20;
2026-07-17 13:25:00.0;OFF;ON;100;0,70;0,10;7,10;38,70;98,60;116,70;6,40;7;100;7;5,20;
2026-07-17 13:26:00.0;OFF;ON;100;0,50;0;7;38,60;98,60;116,70;6,50;7;100;7;5,10;
2026-07-17 13:27:00.0;OFF;ON;100;0,50;0;7;38,60;98,60;116,70;6,50;7;100;6,90;5,10;
2026-07-17 13:28:00.0;OFF;ON;100;0,60;0;7;38,50;98,60;116,70;6,40;7;100;6,90;5;
2026-07-17 13:29:00.0;OFF;ON;100;0,50;0;6,90;38,50;98,60;116,70;6,40;7;100;6,90;5;
2026-07-17 13:30:00.0;OFF;ON;100;0,50;-0,10;6,90;38,40;98,60;116,60;6,40;7;100;6,80;5;
2026-07-17 13:31:00.0;OFF;ON;100;0,50;-0,10;6,90;38,40;98,50;116,60;6,30;7;100;6,80;5;
2026-07-17 13:32:00.0;OFF;ON;100;0,50;-0,20;6,80;38,30;98,50;116,60;6,40;7;100;6,80;5;
2026-07-17 13:33:00.0;OFF;ON;100;0,40;-0,20;6,80;38,20;98,40;116,60;6,40;7;100;6,70;4,90;
2026-07-17 13:34:00.0;OFF;ON;100;0,40;-0,20;6,80;38,20;98,30;116,60;6,40;7;100;6,70;4,90;
2026-07-17 13:35:00.0;OFF;ON;100;0,30;-0,20;6,70;38,10;98,30;116,60;6,40;7;100;6,70;4,90;
2026-07-17 13:36:00.0;OFF;ON;100;0,30;-0,30;6,70;38,10;98,30;116,60;6,40;7;100;6,60;4,80;
2026-07-17 13:37:00.0;OFF;ON;100;0,30;-0,30;6,70;38;98,40;116,60;6,40;7;100;6,60;4,80;
2026-07-17 13:38:00.0;OFF;ON;100;0,30;-0,30;6,70;38;98,30;116,60;6,30;7;100;6,60;4,80;
2026-07-17 13:39:00.0;OFF;ON;100;0,30;-0,40;6,60;37,90;98,30;116,60;6,30;7;100;6,50;4,80;
2026-07-17 13:40:00.0;OFF;ON;100;0,30;-0,40;6,60;37,90;98,20;116,60;6,30;7;100;6,50;4,70;
2026-07-17 13:41:00.0;OFF;ON;100;0,30;-0,40;6,60;37,80;98,30;116,60;6,30;7;100;6,50;4,70;
2026-07-17 13:42:00.0;OFF;ON;100;0,20;-0,40;6,60;37,80;98,30;116,60;6,30;7;100;6,50;4,70;
2026-07-17 13:43:00.0;OFF;ON;100;0,30;-0,40;6,50;37,70;98,20;116,60;6,30;7;100;6,50;4,70;
2026-07-17 13:44:00.0;OFF;ON;100;0,20;-0,50;6,50;37,60;98,20;116,60;6,30;7;100;6,40;4,70;
2026-07-17 13:45:00.0;OFF;ON;100;0,20;-0,50;6,50;37,60;98,30;116,60;6,20;7;100;6,30;4,60;
2026-07-17 13:46:00.0;OFF;ON;100;0,20;-0,50;6,40;37,50;98,10;116,60;6,30;7;100;6,30;4,60;
2026-07-17 13:47:00.0;OFF;ON;100;0,20;-0,60;6,40;37,50;98,10;116,60;6,20;7;100;6,30;4,60;
2026-07-17 13:48:00.0;OFF;ON;100;0,20;-0,60;6,30;37,40;98;116,60;6,20;7;100;6,20;4,50;
2026-07-17 13:49:00.0;OFF;ON;100;0,10;-0,70;6,30;37,30;98;116,60;6,30;7;100;6,20;4,50;
2026-07-17 13:50:00.0;OFF;ON;100;0,10;-0,60;6,30;37,30;98;116,60;6,20;7;100;6,30;4,50;
2026-07-17 13:51:00.0;OFF;ON;100;0;-0,70;6,30;37,20;98;116,60;6,30;7;100;6,20;4,50;
2026-07-17 13:52:00.0;OFF;ON;100;0,10;-0,70;6,40;37,20;98,10;116,60;6,30;7;100;6,50;4,60;
2026-07-17 13:53:00.0;OFF;ON;100;0,10;-0,60;6,40;37,10;98,30;116,60;6,30;7;100;6,60;4,70;
2026-07-17 13:54:00.0;OFF;ON;100;0,20;-0,60;6,50;37,10;98,40;116,60;6,30;7;100;6,70;4,70;
2026-07-17 13:55:00.0;OFF;ON;100;0,20;-0,60;6,40;37;98,30;116,60;6,20;7;100;6,50;4,70;
2026-07-17 13:56:00.0;OFF;ON;100;0,20;-0,60;6,40;36,90;98,40;116,60;6,20;7;100;6,40;4,60;
2026-07-17 13:57:00.0;OFF;ON;100;0,20;-0,60;6,30;36,90;98,30;116,60;6,20;7;100;6,30;4,60;
2026-07-17 13:58:00.0;OFF;ON;100;0,10;-0,70;6,30;36,80;98,30;116,60;6,20;7;100;6,30;4,60;
2026-07-17 13:59:00.0;OFF;ON;100;0,10;-0,70;6,30;36,80;98,30;116,60;6,10;7;100;6,20;4,50;
2026-07-17 14:00:00.0;OFF;ON;100;0,10;-0,70;6,30;36,70;98,20;116,60;6,20;7;100;6,30;4,50;
2026-07-17 14:01:00.0;OFF;ON;100;0,10;-0,80;6,20;36,60;98,20;116,60;6,10;7;100;6,20;4,50;
2026-07-17 14:02:00.0;OFF;ON;100;0,10;-0,80;6,20;36,60;98,20;116,60;6,10;7;100;6,20;4,40;
2026-07-17 14:03:00.0;OFF;ON;100;0;-0,80;6,20;36,50;98,10;116,60;6,10;7;100;6,20;4,40;
2026-07-17 14:04:00.0;OFF;ON;100;-0,10;-0,80;6,10;36,40;98,10;116,60;6,20;7;100;6,10;4,40;
2026-07-17 14:05:00.0;OFF;ON;100;-0,10;-0,90;6,10;36,40;98,10;116,60;6,20;7;100;6;4,40;
2026-07-17 14:06:00.0;OFF;ON;100;0;-0,90;6,10;36,30;98;116,60;6,10;7;100;6;4,30;
2026-07-17 14:07:00.0;OFF;ON;100;-0,10;-0,90;6;36,30;98;116,60;6,20;7;100;6,10;4,30;
2026-07-17 14:08:00.0;OFF;ON;100;-0,10;-1;6;36,20;98;116,60;6,10;7;100;6,10;4,30;
2026-07-17 14:09:00.0;OFF;ON;100;-0,20;-1;6;36,10;98;116,60;6,20;7;100;6;4,30;
2026-07-17 14:10:00.0;OFF;ON;100;-0,10;-1;6;36,10;98,10;116,60;6,10;7;100;6;4,30;
2026-07-17 14:11:00.0;OFF;ON;100;-0,20;-1;6;36;98;116,60;6,10;7;100;5,90;4,30;
2026-07-17 14:12:00.0;OFF;ON;100;-0,20;-1;5,90;36;97,90;116,60;6,20;7;100;5,90;4,20;
2026-07-17 14:13:00.0;OFF;ON;100;-0,10;-1,10;5,90;35,90;97,90;116,60;6,10;7;100;5,90;4,20;
2026-07-17 14:14:00.0;OFF;ON;100;-0,20;-1,10;5,90;35,80;97,90;116,60;6,10;7;100;5,80;4,20;
2026-07-17 14:15:00.0;OFF;ON;100;-0,20;-1,10;5,80;35,80;97,80;116,60;6;7;100;5,80;4,10;
2026-07-17 14:16:00.0;OFF;ON;100;-0,20;-1,20;5,80;35,70;97,90;116,60;6;7;100;5,80;4,10;
2026-07-17 14:17:00.0;OFF;ON;100;-0,30;-1,20;5,80;35,60;97,80;116,60;6,10;7;100;5,70;4,10;
2026-07-17 14:18:00.0;OFF;ON;100;-0,30;-1,20;5,70;35,60;97,70;116,60;6,10;7;100;5,70;4;
2026-07-17 14:19:00.0;OFF;ON;100;-0,30;-1,30;5,70;35,50;97,70;116,60;6;7;100;5,70;4;
2026-07-17 14:20:00.0;OFF;ON;100;-0,40;-1,30;5,70;35,40;97,70;116,60;6,10;7;100;5,60;4;
2026-07-17 14:21:00.0;OFF;ON;100;-0,30;-1,30;5,70;35,40;97,70;116,60;6;7;100;5,60;3,90;
2026-07-17 14:22:00.0;OFF;ON;100;-0,40;-1,30;5,60;35,30;97,60;116,60;6,10;7;100;5,60;3,90;
2026-07-17 14:23:00.0;OFF;ON;100;-0,40;-1,40;5,60;35,20;97,60;116,50;6;7;100;5,50;3,90;
2026-07-17 14:24:00.0;OFF;ON;100;-0,40;-1,40;5,60;35,20;97,70;116,60;5,90;7;100;5,50;3,90;
2026-07-17 14:25:00.0;OFF;ON;100;-0,40;-1,50;5,50;35,10;97,80;116,60;6;7;100;5,40;3,80;
2026-07-17 14:26:00.0;OFF;ON;100;-0,40;-1,50;5,50;35;97,70;116,60;5,90;7;100;5,40;3,80;
2026-07-17 14:27:00.0;OFF;ON;100;-0,50;-1,50;5,50;35;97,70;116,60;6;7;100;5,40;3,80;
2026-07-17 14:28:00.0;OFF;ON;100;-0,50;-1,60;5,40;34,90;97,60;116,60;5,90;7;100;5,40;3,80;
2026-07-17 14:29:00.0;OFF;ON;100;-0,50;-1,60;5,40;34,90;97,60;116,60;5,90;7;100;5,30;3,70;
2026-07-17 14:30:00.0;OFF;ON;100;-0,60;-1,60;5,40;34,80;97,50;116,60;6;7;100;5,30;3,70;
2026-07-17 14:31:00.0;OFF;ON;100;-0,60;-1,60;5,30;34,80;97,50;116,60;6;7;100;5,30;3,70;
2026-07-17 14:32:00.0;OFF;ON;100;-0,60;-1,70;5,30;34,70;97,40;116,60;5,90;7;100;5,30;3,70;
2026-07-17 14:33:00.0;OFF;ON;100;-0,70;-1,70;5,30;34,70;97,40;116,60;5,90;7;100;5,20;3,60;
2026-07-17 14:34:00.0;OFF;ON;100;-0,70;-1,70;5,30;34,60;97,40;116,60;5,90;7;100;5,20;3,60;
2026-07-17 14:35:00.0;OFF;ON;100;-0,60;-1,80;5,20;34,50;97,50;116,60;5,90;7;100;5,10;3,60;
2026-07-17 14:36:00.0;OFF;ON;100;-0,70;-1,80;5,20;34,50;97,50;116,60;5,90;7;100;5,10;3,60;
2026-07-17 14:37:00.0;OFF;ON;100;-0,70;-1,80;5,20;34,40;97,50;116,60;5,90;7;100;5,10;3,50;
2026-07-17 14:38:00.0;OFF;ON;100;-0,80;-1,80;5,10;34,40;97,60;116,60;5,90;7;100;5;3,50;
2026-07-17 14:39:00.0;OFF;ON;100;-0,70;-1,90;5,10;34,30;97,50;116,60;5,80;7;100;5;3,50;
2026-07-17 14:40:00.0;OFF;ON;100;-0,70;-1,90;5,10;34,30;97,40;116,60;5,90;7;100;5;3,50;
2026-07-17 14:41:00.0;OFF;ON;100;-0,80;-1,90;5,10;34,20;97,40;116,60;5,90;7;100;5;3,50;
2026-07-17 14:42:00.0;OFF;ON;100;-0,80;-1,90;5,10;34,20;97,50;116,60;5,90;7;100;5;3,40;
2026-07-17 14:43:00.0;OFF;ON;100;-0,80;-1,90;5;34,10;97,60;116,60;5,80;7;100;4,90;3,40;
2026-07-17 14:44:00.0;OFF;ON;100;-0,90;-2;5;34;97,50;116,60;5,90;7;100;4,90;3,40;
2026-07-17 14:45:00.0;OFF;ON;100;-0,90;0,50;5;34;97,40;116,60;5,90;7;100;4,90;3,40;
2026-07-17 14:46:00.0;OFF;ON;100;-0,80;0,50;5;33,90;97,40;116,60;5,80;7;100;4,90;3,40;
2026-07-17 14:47:00.0;OFF;ON;100;-0,80;0,50;5;33,90;97,40;116,60;5,80;7;100;4,80;3,30;
2026-07-17 14:48:00.0;OFF;ON;100;-0,90;0,40;4,90;33,80;97,40;116,60;5,80;7;100;4,80;3,30;
2026-07-17 14:49:00.0;OFF;ON;100;-0,90;0,40;4,90;33,80;97,50;116,60;5,70;4,50;100;4,80;3,30;
2026-07-17 14:50:00.0;OFF;ON;100;-0,90;0,40;4,90;33,70;97,40;116,60;5,80;4,50;100;4,80;3,30;
2026-07-17 14:51:00.0;OFF;ON;100;-1;0,40;4,80;33,60;97,30;116,60;5,80;4,50;100;4,70;3,20;
2026-07-17 14:52:00.0;OFF;ON;100;-1;0,30;4,80;33,60;97,40;116,60;5,80;4,50;100;4,70;3,20;
2026-07-17 14:53:00.0;OFF;ON;100;-1;0,30;4,80;33,50;97,40;116,60;5,80;4,50;100;4,70;3,20;
2026-07-17 14:54:00.0;OFF;ON;100;-1;0,30;4,80;33,50;97,30;116,60;5,70;4,50;100;4,60;3,20;
2026-07-17 14:55:00.0;OFF;ON;100;-1;0,20;4,70;33,40;97,40;116,60;5,70;4,50;100;4,60;3,20;
2026-07-17 14:56:00.0;OFF;ON;100;-1;0,20;4,70;33,40;97,30;116,60;5,70;4,50;100;4,60;3,10;
2026-07-17 14:57:00.0;OFF;ON;100;-1,10;0,20;4,70;33,30;97,30;116,60;5,80;4,50;100;4,60;3,10;
2026-07-17 14:58:00.0;OFF;ON;100;-1,10;0,20;4,70;33,30;97,40;116,60;5,70;4,50;100;4,50;3,10;
2026-07-17 14:59:00.0;OFF;ON;100;-1,10;0,10;4,60;33,20;97,30;116,60;5,70;4,50;100;4,50;3,10;
2026-07-17 15:00:00.0;OFF;ON;100;-1,10;0,10;4,60;33,10;97,20;116,60;5,70;4,50;100;4,50;3;
2026-07-17 15:01:00.0;OFF;ON;100;-1,10;0,10;4,60;33,10;97,20;116,60;5,70;4,50;100;4,50;3;
2026-07-17 15:02:00.0;OFF;ON;100;-1,20;0,10;4,60;33;97,30;116,60;5,80;4,50;100;4,50;3;
2026-07-17 15:03:00.0;OFF;ON;100;-1,20;0,10;4,60;32,90;97,30;116,60;5,70;4,50;100;4,40;3;
2026-07-17 15:04:00.0;OFF;ON;100;-1,20;0;4,50;32,90;97,30;116,60;5,80;4,50;100;4,40;2,90;
2026-07-17 15:05:00.0;OFF;ON;100;-1,20;0;4,50;32,80;97,30;116,50;5,70;4,50;100;4,40;2,90;
2026-07-17 15:06:00.0;OFF;ON;100;-1,20;0;4,50;32,80;97,30;116,60;5,70;4,50;100;4,40;2,90;
2026-07-17 15:07:00.0;OFF;ON;100;-1,20;0;4,50;32,70;97,30;116,60;5,70;4,50;100;4,40;2,90;
2026-07-17 15:08:00.0;OFF;ON;100;-1,30;0;4,50;32,60;97,20;116,60;5,80;4,50;100;4,40;2,90;
2026-07-17 15:09:00.0;OFF;ON;100;-1,30;0;4,50;32,60;97,30;116,50;5,80;4,50;100;4,40;2,90;
2026-07-17 15:10:00.0;OFF;ON;100;-1,30;0;4,50;32,50;97,30;116,60;5,70;4,50;100;4,40;2,90;
2026-07-17 15:11:00.0;OFF;ON;100;-1,30;-0,10;4,40;32,50;97,20;116,50;5,70;4,50;100;4,30;2,80;
2026-07-17 15:12:00.0;OFF;ON;100;-1,40;-0,10;4,40;32,40;97,30;116,60;5,80;4,50;100;4,30;2,80;
2026-07-17 15:13:00.0;OFF;ON;100;-1,30;-0,10;4,40;32,30;97,20;116,50;5,70;4,50;100;4,20;2,80;
2026-07-17 15:14:00.0;OFF;ON;100;-1,40;-0,20;4,30;32,30;97,20;116,60;5,70;4,50;100;4,20;2,70;
2026-07-17 15:15:00.0;OFF;ON;100;-1,40;-0,20;4,30;32,20;97,10;116,50;5,70;4,50;100;4,20;2,70;
2026-07-17 15:16:00.0;OFF;ON;100;-1,40;-0,20;4,30;32,20;97,10;116,50;5,70;4,50;100;4,20;2,60;
2026-07-17 15:17:00.0;OFF;ON;100;-1,50;-0,20;4,20;32,10;97,10;116,60;5,70;4,50;100;4,10;2,60;
2026-07-17 15:18:00.0;OFF;ON;100;-1,40;-0,30;4,20;32,10;97,10;116,60;5,60;4,50;100;4,10;2,60;
2026-07-17 15:19:00.0;OFF;ON;100;-1,40;-0,30;4,20;32;97,20;116,50;5,70;4,50;100;4,10;2,60;
2026-07-17 15:20:00.0;OFF;ON;100;-1,50;-0,30;4,20;31,90;97,20;116,50;5,70;4,50;100;4,10;2,50;
2026-07-17 15:21:00.0;OFF;ON;100;-1,50;-0,30;4,20;31,90;97,10;116,50;5,70;4,50;100;4;2,50;
2026-07-17 15:22:00.0;OFF;ON;100;-1,50;-0,40;4,10;31,80;97,10;116,50;5,70;4,50;100;4;2,50;
2026-07-17 15:23:00.0;OFF;ON;100;-1,60;-0,40;4,10;31,70;97,10;116,50;5,70;4,50;100;4;2,40;
2026-07-17 15:24:00.0;OFF;ON;100;-1,70;-0,40;4,10;31,70;97,10;116,50;5,70;4,50;100;4;2,40;
2026-07-17 15:25:00.0;OFF;ON;100;-1,60;-0,40;4,10;31,60;97,10;116,50;5,60;4,50;100;4;2,40;
2026-07-17 15:26:00.0;OFF;ON;100;-1,60;-0,40;4;31,60;97,10;116,50;5,60;4,50;100;3,90;2,40;
2026-07-17 15:27:00.0;OFF;ON;100;-1,60;-0,50;4;31,50;97,10;116,50;5,60;4,50;100;3,90;2,30;
2026-07-17 15:28:00.0;OFF;ON;100;-1,70;-0,50;4;31,40;97,10;116,50;5,70;4,50;100;3,80;2,30;
2026-07-17 15:29:00.0;OFF;ON;100;-1,70;-0,50;3,90;31,40;97,10;116,50;5,60;4,50;100;3,80;2,30;
2026-07-17 15:30:00.0;OFF;ON;100;-1,80;-0,60;3,90;31,30;97,10;116,50;5,70;4,50;100;3,80;2,30;
2026-07-17 15:31:00.0;OFF;ON;100;-1,70;-0,60;3,90;31,20;97;116,50;5,60;4,50;100;3,70;2,30;
2026-07-17 15:32:00.0;OFF;ON;100;-1,80;-0,60;3,90;31,20;97,10;116,50;5,70;4,50;100;3,70;2,20;
2026-07-17 15:33:00.0;OFF;ON;100;-1,80;-0,60;3,90;31,10;97,10;116,50;5,70;4,50;100;3,70;2,20;
2026-07-17 15:34:00.0;OFF;ON;100;-1,80;-0,60;3,90;31,10;97,10;116,50;5,70;4,50;100;3,70;2,20;
2026-07-17 15:35:00.0;OFF;ON;100;-1,80;-0,70;3,80;31;97,10;116,50;5,60;4,50;100;3,70;2,20;
2026-07-17 15:36:00.0;OFF;ON;100;-1,80;-0,70;3,80;30,90;97,10;116,50;5,60;4,50;100;3,60;2,10;
2026-07-17 15:37:00.0;OFF;ON;100;-1,80;-0,70;3,80;30,90;97,10;116,50;5,60;4,50;100;3,60;2,10;
2026-07-17 15:38:00.0;OFF;ON;100;-1,90;-0,70;3,70;30,80;97;116,50;5,70;4,50;100;3,60;2,10;
2026-07-17 15:39:00.0;OFF;ON;100;-2;-0,70;3,70;30,80;97;116,50;5,70;4,50;100;3,60;2,10;
2026-07-17 15:40:00.0;OFF;ON;100;-1,90;-0,80;3,70;30,70;97;116,50;5,60;4,50;100;3,60;2;
2026-07-17 15:41:00.0;OFF;ON;100;-2;-0,80;3,70;30,60;97,10;116,50;5,60;4,50;100;3,50;2;
2026-07-17 15:42:00.0;OFF;ON;100;-2;-0,80;3,70;30,50;97;116,50;5,70;4,50;100;3,50;2;
2026-07-17 15:43:00.0;OFF;ON;100;-1,90;-0,80;3,70;30,50;97;116,50;5,60;4,50;100;3,50;2;
2026-07-17 15:44:00.0;OFF;ON;100;-1,90;-0,80;3,60;30,40;97;116,50;5,60;4,50;100;3,50;1,90;
2026-07-17 15:45:00.0;OFF;ON;100;-2;-0,90;3,60;30,40;97;116,50;5,60;4,50;100;3,40;1,90;
2026-07-17 15:46:00.0;OFF;ON;100;-2,10;-0,90;3,60;30,30;97;116,50;5,70;4,50;100;3,40;1,90;
2026-07-17 15:47:00.0;OFF;ON;100;-2;-0,90;3,60;30,20;97;116,50;5,60;4,50;100;3,40;1,90;
2026-07-17 15:48:00.0;OFF;ON;100;-2,10;-0,90;3,60;30,20;97;116,50;5,70;4,50;100;3,40;1,80;
2026-07-17 15:49:00.0;OFF;ON;100;-2,10;-0,90;3,50;30,10;96,90;116,50;5,70;4,50;100;3,30;1,80;
2026-07-17 15:50:00.0;OFF;ON;100;-2,10;-1;3,50;30;96,90;116,50;5,60;4,50;100;3,30;1,80;
2026-07-17 15:51:00.0;OFF;ON;100;-2,10;-1;3,50;30;96,90;116,50;5,60;4,50;100;3,30;1,80;
2026-07-17 15:52:00.0;OFF;ON;100;-2,20;-1;3,50;29,90;96,90;116,50;5,70;4,50;100;3,30;1,70;
2026-07-17 15:53:00.0;OFF;ON;100;-2,20;-1;3,50;29,90;96,90;116,50;5,60;4,50;100;3,30;1,70;
2026-07-17 15:54:00.0;OFF;ON;100;-2,10;-1;3,50;29,80;97;116,50;5,60;4,50;100;3,30;1,70;
2026-07-17 15:55:00.0;OFF;ON;100;-2,20;-1,10;3,40;29,80;96,90;116,50;5,60;4,50;100;3,20;1,70;
2026-07-17 15:56:00.0;OFF;ON;100;-2,20;-1,10;3,40;29,70;97;116,50;5,60;4,50;100;3,20;1,70;
2026-07-17 15:57:00.0;OFF;ON;100;-2,20;-1,10;3,40;29,70;97;116,50;5,60;4,50;100;3,20;1,60;
2026-07-17 15:58:00.0;OFF;ON;100;-2,30;-1,10;3,40;29,60;96,90;116,50;5,60;4,50;100;3,10;1,60;
2026-07-17 15:59:00.0;OFF;ON;100;-2,30;-1,20;3,30;29,50;96,90;116,50;5,70;4,50;100;3,10;1,60;
2026-07-17 16:00:00.0;OFF;ON;100;-2,20;-1,20;3,30;29,50;97;116,50;5,50;4,50;100;3,10;1,60;
2026-07-17 16:01:00.0;OFF;ON;100;-2,30;-1,20;3,30;29,50;96,90;116,50;5,60;4,50;100;3,10;1,50;
2026-07-17 16:02:00.0;OFF;ON;100;-2,40;-1,20;3,30;29,40;96,90;116,50;5,70;4,50;100;3,10;1,50;
2026-07-17 16:03:00.0;OFF;ON;100;-2,40;-1,20;3,20;29,30;96,80;116,50;5,60;4,50;100;3;1,50;
2026-07-17 16:04:00.0;OFF;ON;100;-2,40;-1,30;3,20;29,30;96,70;116,50;5,60;4,50;100;3;1,50;
2026-07-17 16:05:00.0;OFF;ON;100;-2,50;-1,30;3,20;29,20;96,70;116,50;5,70;4,50;100;3;1,40;
2026-07-17 16:06:00.0;OFF;ON;100;-2,40;-1,30;3,20;29,20;96,70;116,50;5,60;4,50;100;3;1,40;
2026-07-17 16:07:00.0;OFF;ON;100;-2,50;-1,40;3,10;29,10;96,80;116,50;5,60;4,50;100;3;1,40;
2026-07-17 16:08:00.0;OFF;ON;100;-2,50;-1,40;3,10;29,10;96,70;116,50;5,60;4,50;100;3;1,40;
2026-07-17 16:09:00.0;OFF;ON;100;-2,50;-1,40;3,10;29;96,70;116,50;5,70;4,50;100;3;1,30;
2026-07-17 16:10:00.0;OFF;ON;100;-2,60;-1,40;3,10;29;96,70;116,50;5,60;4,50;100;3;1,30;
2026-07-17 16:11:00.0;OFF;ON;100;-2,60;-1,40;3,10;28,90;96,70;116,50;5,70;4,50;100;2,90;1,30;
2026-07-17 16:12:00.0;OFF;ON;100;-2,50;-1,40;3,10;28,80;96,70;116,50;5,60;4,50;100;2,90;1,20;
2026-07-17 16:13:00.0;OFF;ON;100;-2,60;-1,40;3;28,80;96,70;116,50;5,60;4,50;100;3;1,20;
2026-07-17 16:14:00.0;OFF;ON;100;-2,60;-1,40;3;28,70;96,70;116,50;5,60;4,50;100;2,90;1,30;
2026-07-17 16:15:00.0;OFF;ON;100;-2,60;-1,50;3;28,70;96,70;116,50;5,60;4,50;100;2,90;1,20;
2026-07-17 16:16:00.0;OFF;ON;100;-2,60;-1,50;3;28,60;96,60;116,50;5,60;4,50;100;2,90;1,20;
2026-07-17 16:17:00.0;OFF;ON;100;-2,70;-1,50;3;28,60;96,70;116,50;5,60;4,50;100;2,80;1,20;
2026-07-17 16:18:00.0;OFF;ON;100;-2,70;-1,50;2,90;28,50;96,70;116,50;5,60;4,50;100;2,80;1,10;
2026-07-17 16:19:00.0;OFF;ON;100;-2,70;-1,60;2,90;28,50;96,70;116,50;5,60;4,50;100;2,80;1,10;
2026-07-17 16:20:00.0;OFF;ON;100;-2,80;-1,60;2,90;28,40;96,60;116,50;5,70;4,50;100;2,80;1,10;
2026-07-17 16:21:00.0;OFF;ON;100;-2,70;-1,60;2,90;28,30;96,70;116,50;5,60;4,50;100;2,80;1,10;
2026-07-17 16:22:00.0;OFF;ON;100;-2,70;-1,60;2,90;28,30;96,60;116,50;5,60;4,50;100;2,80;1,10;
2026-07-17 16:23:00.0;OFF;ON;100;-2,80;-1,60;2,80;28,30;96,60;116,50;5,60;4,50;100;2,70;1;
2026-07-17 16:24:00.0;OFF;ON;100;-2,80;-1,70;2,80;28,20;96,70;116,50;5,60;4,50;100;2,70;1;
2026-07-17 16:25:00.0;OFF;ON;100;-2,80;-1,70;2,80;28,10;96,60;116,50;5,60;4,50;100;2,70;1;
2026-07-17 16:26:00.0;OFF;ON;100;-2,80;-1,70;2,80;28,10;96,60;116,50;5,60;4,50;100;2,70;0,90;
2026-07-17 16:27:00.0;OFF;ON;100;-2,80;-1,70;2,80;28;96,60;116,50;5,60;4,50;100;2,70;0,90;
2026-07-17 16:28:00.0;OFF;ON;100;-2,80;-1,80;2,70;28;96,60;116,50;5,60;4,50;100;2,60;0,90;
2026-07-17 16:29:00.0;OFF;ON;100;-2,90;-1,80;2,70;27,90;96,50;116,50;5,60;4,50;100;2,60;0,90;
2026-07-17 16:30:00.0;OFF;ON;100;-2,90;-1,80;2,70;27,90;96,40;116,50;5,60;4,50;100;2,60;0,90;
2026-07-17 16:31:00.0;OFF;ON;100;-3;-1,80;2,70;27,80;96,50;116,50;5,70;4,50;100;2,50;0,90;
2026-07-17 16:32:00.0;OFF;ON;100;-3;-1,80;2,70;27,70;96,40;116,50;5,60;4,50;100;2,50;0,80;
2026-07-17 16:33:00.0;OFF;ON;100;-3;-1,90;2,60;27,70;96,40;116,50;5,60;4,50;100;2,50;0,80;
2026-07-17 16:34:00.0;OFF;ON;100;-3;-1,90;2,60;27,60;96,50;116,50;5,60;4,50;100;2,50;0,80;
2026-07-17 16:35:00.0;OFF;ON;100;-2,90;-1,90;2,60;27,60;96,50;116,50;5,50;4,50;100;2,50;0,80;
2026-07-17 16:36:00.0;OFF;ON;100;-3,10;-1,90;2,60;27,50;96,40;116,50;5,60;4,50;100;2,50;0,80;
2026-07-17 16:37:00.0;OFF;ON;100;-3,10;-1,90;2,50;27,50;96,40;116,50;5,60;4,50;100;2,40;0,80;
2026-07-17 16:38:00.0;OFF;ON;100;-3;-2;2,50;27,40;96,40;116,50;5,60;4,50;100;2,40;0,80;
2026-07-17 16:39:00.0;OFF;ON;100;-3,10;-2;2,50;27,30;96,40;116,40;5,70;4,50;100;2,40;0,70;
2026-07-17 16:40:00.0;OFF;ON;100;-3,10;-2;2,50;27,30;96,50;116,50;5,60;4,50;100;2,40;0,70;
2026-07-17 16:41:00.0;OFF;ON;100;-3,10;-2;2,50;27,20;96,30;116,50;5,50;4,50;100;2,40;0,70;
2026-07-17 16:42:00.0;OFF;ON;100;-3,20;-2;2,50;27,20;96,30;116,50;5,60;4,50;100;2,40;0,70;
2026-07-17 16:43:00.0;OFF;ON;100;-3,10;-2,10;2,40;27,10;96,30;116,80;5,60;4,50;100;2,30;0,70;
2026-07-17 16:44:00.0;OFF;ON;100;-3,20;-2,10;2,40;27,10;96,30;116,80;5,60;4,50;100;2,30;0,60;
2026-07-17 16:45:00.0;OFF;ON;100;-3,20;-2,10;2,40;27;96,20;116,80;5,60;4,50;100;2,30;0,60;
2026-07-17 16:46:00.0;OFF;ON;100;-3,20;-2,10;2,40;26,90;96,20;116,80;5,60;4,50;100;2,30;0,60;
2026-07-17 16:47:00.0;OFF;ON;100;-3,30;-2,10;2,30;26,90;96,30;116,80;5,70;4,50;100;2,20;0,60;
2026-07-17 16:48:00.0;OFF;ON;100;-3,30;-2,10;2,30;26,80;96,30;116,80;5,60;4,50;100;2,30;0,60;
2026-07-17 16:49:00.0;OFF;ON;100;-3,30;-2,20;2,30;26,80;96,40;116,80;5,60;4,50;100;2,20;0,50;
2026-07-17 16:50:00.0;OFF;ON;100;-3,30;-2,20;2,30;26,70;96,30;116,80;5,60;4,50;100;2,20;0,50;
2026-07-17 16:51:00.0;OFF;ON;100;-3,30;-2,20;2,30;26,70;96,20;116,80;5,60;4,50;100;2,20;0,50;
2026-07-17 16:52:00.0;OFF;ON;100;-3,30;-2,20;2,20;26,60;96,30;116,80;5,50;4,50;100;2,10;0,50;
2026-07-17 16:53:00.0;OFF;ON;100;-3,30;-2,30;2,20;26,60;96,30;116,80;5,50;4,50;100;2,10;0,50;
2026-07-17 16:54:00.0;OFF;ON;100;-3,40;-2,30;2,20;26,50;96,20;116,80;5,60;4,50;100;2,10;0,40;
2026-07-17 16:55:00.0;OFF;ON;100;-3,40;-2,30;2,20;26,40;96,20;116,80;5,60;4,50;100;2,10;0,40;
2026-07-17 16:56:00.0;OFF;ON;100;-3,40;-2,30;2,20;26,40;96,10;116,80;5,60;4,50;100;2,10;0,40;
2026-07-17 16:57:00.0;OFF;ON;100;-3,40;-2,30;2,20;26,30;96;116,80;5,50;4,50;100;2;0,40;
2026-07-17 16:58:00.0;OFF;ON;100;-3,40;-2,40;2,10;26,30;96,20;116,80;5,60;4,50;100;2,10;0,30;
2026-07-17 16:59:00.0;OFF;ON;100;-3,40;-2,40;2,10;26,20;96,20;116,80;5,50;4,50;100;2,10;0,30;
2026-07-17 17:00:00.0;OFF;ON;100;-3,50;-2,40;2,10;26,20;96,10;116,80;5,60;4,50;100;2;0,30;
2026-07-17 17:01:00.0;OFF;ON;100;-3,40;-2,40;2,10;26,10;96,20;116,80;5,50;4,50;100;2;0,30;
2026-07-17 17:02:00.0;OFF;ON;100;-3,40;-2,40;2,10;26;96,30;116,70;5,50;4,50;100;2;0,30;
2026-07-17 17:03:00.0;OFF;ON;100;-3,40;-2,40;2,10;26;96,20;116,70;5,50;4,50;100;1,90;0,30;
2026-07-17 17:04:00.0;OFF;ON;100;-3,40;-2,40;2;25,90;96,30;116,70;5,40;4,50;100;1,90;0,30;
2026-07-17 17:05:00.0;OFF;ON;100;-3,50;-2,50;2;25,90;96,20;116,70;5,50;4,50;100;1,90;0,30;
2026-07-17 17:06:00.0;OFF;ON;100;-3,40;-2,50;2;25,80;96,20;116,70;5,40;4,50;100;1,90;0,30;
2026-07-17 17:07:00.0;OFF;ON;100;-3,50;-2,50;2;25,70;96,20;116,70;5,50;4,50;100;1,90;0,20;
2026-07-17 17:08:00.0;OFF;ON;100;-3,40;-2,50;2;25,70;96,30;116,70;5,40;4,50;100;1,90;0,20;
2026-07-17 17:09:00.0;OFF;ON;100;-3,50;-2,50;2;25,60;96,20;116,70;5,50;4,50;100;1,80;0,20;
2026-07-17 17:10:00.0;OFF;ON;100;-3,50;-2,50;2;25,60;96,30;116,70;5,50;4,50;100;1,90;0,20;
2026-07-17 17:11:00.0;OFF;ON;100;-3,40;-2,50;2;25,50;96,20;116,70;5,40;4,50;100;1,90;0,20;
2026-07-17 17:12:00.0;OFF;ON;100;-3,50;-2,50;1,90;25,40;96,30;116,70;5,50;4,50;100;1,80;0,20;
2026-07-17 17:13:00.0;OFF;ON;100;-3,40;-2,60;1,90;25,40;96,10;116,70;5,40;4,50;100;1,80;0,20;
2026-07-17 17:14:00.0;OFF;ON;100;-3,50;-2,60;1,90;25,30;96,20;116,70;5,40;4,50;100;1,80;0,20;
2026-07-17 17:15:00.0;OFF;ON;100;-3,50;-2,60;1,90;25,30;96,20;116,70;5,40;4,50;100;1,80;0,20;
2026-07-17 17:16:00.0;OFF;ON;100;-3,50;-2,60;1,90;25,20;96,20;116,70;5,40;4,50;100;1,80;0,10;
2026-07-17 17:17:00.0;OFF;ON;100;-3,50;-2,60;1,90;25,20;96,10;116,70;5,40;4,50;100;1,80;0,10;
2026-07-17 17:18:00.0;OFF;ON;100;-3,40;-2,60;1,90;25,10;96,10;116,70;5,30;4,50;100;1,80;0,10;
2026-07-17 17:19:00.0;OFF;ON;100;-3,50;-2,60;1,90;25;96,10;116,70;5,40;4,50;100;1,70;0,10;
2026-07-17 17:20:00.0;OFF;ON;100;-3,50;-2,60;1,90;25;96,20;116,70;5,30;4,50;100;1,80;0,10;
2026-07-17 17:21:00.0;OFF;ON;100;-3,40;-2,60;1,90;24,90;96,10;116,70;5,30;4,50;100;1,80;0,10;
2026-07-17 17:22:00.0;OFF;ON;100;-3,40;-2,60;1,90;24,90;96,20;116,70;5,30;4,50;100;1,70;0,10;
2026-07-17 17:23:00.0;OFF;ON;100;-3,40;-2,60;1,90;24,80;96,20;116,70;5,30;4,50;100;1,80;0,10;
2026-07-17 17:24:00.0;OFF;ON;100;-3,40;-2,70;1,80;24,80;96;116,70;5,20;4,50;100;1,70;0,10;
2026-07-17 17:25:00.0;OFF;ON;100;-3,40;-2,70;1,80;24,70;96;116,70;5,20;4,50;100;1,70;0,10;
2026-07-17 17:26:00.0;OFF;ON;100;-3,50;-2,70;1,80;24,70;96,10;116,70;5,30;4,50;100;1,70;0;
2026-07-17 17:27:00.0;OFF;ON;100;-3,50;-2,70;1,80;24,60;96;116,70;5,20;4,50;100;1,70;0;
2026-07-17 17:28:00.0;OFF;ON;100;-3,40;-2,70;1,80;24,60;96;116,70;5,20;4,50;100;1,60;0;
2026-07-17 17:29:00.0;OFF;ON;100;-3,40;-2,70;1,80;24,50;96;116,70;5,20;4,50;100;1,60;0;
2026-07-17 17:30:00.0;OFF;ON;100;-3,50;-2,70;1,80;24,50;96;116,70;5,20;4,50;100;1,70;0;
2026-07-17 17:31:00.0;OFF;ON;100;-3,40;-2,80;1,70;24,50;96,10;116,70;5,20;4,50;100;1,70;0;
2026-07-17 17:32:00.0;OFF;ON;100;-3,50;-2,80;1,70;24,40;96;116,70;5,20;4,50;100;1,70;0;
2026-07-17 17:33:00.0;OFF;ON;100;-3,50;-2,80;1,70;24,40;96;116,70;5,20;4,50;100;1,60;0;
2026-07-17 17:34:00.0;OFF;ON;100;-3,50;-2,80;1,70;24,30;96,10;116,70;5,20;4,50;100;1,60;-0,10;
2026-07-17 17:35:00.0;OFF;ON;100;-3,50;-2,80;1,70;24,30;96,10;116,70;5,20;4,50;100;1,60;-0,10;
2026-07-17 17:36:00.0;OFF;ON;100;-3,50;-2,80;1,70;24,20;96,10;116,70;5,20;4,50;100;1,60;-0,10;
2026-07-17 17:37:00.0;OFF;ON;100;-3,50;-2,80;1,70;24,20;96,10;116,70;5,10;4,50;100;1,60;-0,10;
2026-07-17 17:38:00.0;OFF;ON;100;-3,50;-2,80;1,70;24,10;96,10;116,70;5,10;4,50;100;1,60;-0,10;
2026-07-17 17:39:00.0;OFF;ON;100;-3,50;-2,80;1,60;24,10;96,10;116,70;5,20;4,50;100;1,60;-0,10;
2026-07-17 17:40:00.0;OFF;ON;100;-3,50;-2,90;1,60;24;96;116,70;5,10;4,50;100;1,60;-0,10;
2026-07-17 17:41:00.0;OFF;ON;100;-3,40;-2,90;1,60;24;96;116,70;5;4,50;100;1,50;-0,10;
2026-07-17 17:42:00.0;OFF;ON;100;-3,50;-2,90;1,60;23,90;96;116,70;5,10;4,50;100;1,60;-0,10;
2026-07-17 17:43:00.0;OFF;ON;100;-3,50;-2,90;1,60;23,90;96;116,70;5,10;4,50;100;1,50;-0,10;
2026-07-17 17:44:00.0;OFF;ON;100;-3,50;-2,90;1,60;23,80;96;116,70;5,10;4,50;100;1,50;-0,10;
2026-07-17 17:45:00.0;OFF;ON;100;-3,50;-2,90;1,60;23,80;96;116,70;5,10;4,50;100;1,50;-0,10;
2026-07-17 17:46:00.0;OFF;ON;100;-3,50;-2,90;1,60;23,70;96;116,70;5;4,50;100;1,50;-0,10;
2026-07-17 17:47:00.0;OFF;ON;100;-3,40;-2,90;1,60;23,70;96;116,70;5;4,50;100;1,50;-0,10;
2026-07-17 17:48:00.0;OFF;ON;100;-3,50;-2,90;1,60;23,60;96;116,70;5,10;4,50;100;1,50;-0,10;
2026-07-17 17:49:00.0;OFF;ON;100;-3,50;-2,90;1,50;23,60;96;116,70;5;4,50;100;1,50;-0,10;
2026-07-17 17:50:00.0;OFF;ON;100;-3,40;-3;1,50;23,50;96;116,70;5;4,50;100;1,50;-0,10;
2026-07-17 17:51:00.0;OFF;ON;100;-3,50;-3;1,50;23,50;96;116,70;5;4,50;100;1,50;-0,20;
2026-07-17 17:52:00.0;OFF;ON;100;-3,50;-3;1,50;23,40;96;116,70;5;4,50;100;1,50;-0,10;
2026-07-17 17:53:00.0;OFF;ON;100;-3,50;-3;1,50;23,40;96;116,70;5;4,50;100;1,50;-0,20;
2026-07-17 17:54:00.0;OFF;ON;100;-3,50;-3;1,50;23,30;96;116,70;5;4,50;100;1,50;-0,20;
2026-07-17 17:55:00.0;OFF;ON;100;-3,50;-3;1,50;23,30;96;116,70;5;4,50;100;1,40;-0,20;
2026-07-17 17:56:00.0;OFF;ON;100;-3,50;-3;1,50;23,20;95,90;116,70;5;4,50;100;1,40;-0,20;
2026-07-17 17:57:00.0;OFF;ON;100;-3,50;-3;1,50;23,20;95,90;116,70;5;4,50;100;1,40;-0,20;
2026-07-17 17:58:00.0;OFF;ON;100;-3,50;-3;1,50;23,10;95,90;116,70;5;4,50;100;1,40;-0,20;
2026-07-17 17:59:00.0;OFF;ON;100;-3,50;-3;1,40;23,10;95,90;116,70;4,90;4,50;100;1,30;-0,20;
2026-07-17 18:00:00.0;OFF;ON;100;-3,50;-3,10;1,40;23;95,90;116,70;4,90;4,50;100;1,40;-0,20;
2026-07-17 18:01:00.0;OFF;ON;100;-3,40;-3,10;1,40;23;95,90;116,70;4,90;4,50;100;1,40;-0,20;
2026-07-17 18:02:00.0;OFF;ON;100;-3,50;-3,10;1,40;22,90;95,90;116,70;4,90;4,50;100;1,40;-0,20;
2026-07-17 18:03:00.0;OFF;ON;100;-3,40;-3,10;1,40;22,90;96;116,70;4,80;4,50;100;1,40;-0,20;
2026-07-17 18:04:00.0;OFF;ON;100;-3,40;-3,10;1,40;22,80;96;116,70;4,80;4,50;100;1,30;-0,20;
2026-07-17 18:05:00.0;OFF;ON;100;-3,50;-3,10;1,40;22,80;96;116,70;4,90;4,50;100;1,40;-0,20;
2026-07-17 18:06:00.0;OFF;ON;100;-3,50;-3,10;1,40;22,70;95,90;116,70;4,90;4,50;100;1,30;-0,20;
2026-07-17 18:07:00.0;OFF;ON;100;-3,50;-3,10;1,40;22,70;96;116,70;4,90;4,50;100;1,30;-0,20;
2026-07-17 18:08:00.0;OFF;ON;100;-3,40;-3,10;1,40;22,60;96;116,70;4,80;4,50;100;1,30;-0,20;
2026-07-17 18:09:00.0;OFF;ON;100;-3,40;-3,10;1,40;22,60;96;116,70;4,80;4,50;100;1,30;-0,20;
2026-07-17 18:10:00.0;OFF;ON;100;-3,40;-3,10;1,40;22,50;96;116,70;4,80;4,50;100;1,30;-0,20;
2026-07-17 18:11:00.0;OFF;ON;100;-3,40;-3,10;1,40;22,50;96,10;116,70;4,80;4,50;100;1,30;-0,20;
2026-07-17 18:12:00.0;OFF;ON;100;-3,30;-3,10;1,40;22,40;96,10;116,70;4,70;4,50;100;1,30;-0,20;
2026-07-17 18:13:00.0;OFF;ON;100;-3,30;-3,10;1,30;22,40;96;116,70;4,70;4,50;100;1,30;-0,20;
2026-07-17 18:14:00.0;OFF;ON;100;-3,40;-3,20;1,30;22,30;96;116,70;4,70;4,50;100;1,30;-0,20;
2026-07-17 18:15:00.0;OFF;ON;100;-3,30;-3,20;1,40;22,30;96,10;116,70;4,60;4,50;100;1,30;-0,20;
2026-07-17 18:16:00.0;OFF;ON;100;-3,30;-3,20;1,30;22,20;96,10;116,70;4,70;4,50;100;1,30;-0,20;
2026-07-17 18:17:00.0;OFF;ON;100;-3,40;-3,20;1,30;22,20;96;116,70;4,70;4,50;100;1,30;-0,20;
2026-07-17 18:18:00.0;OFF;ON;100;-3,30;-3,20;1,30;22,10;96,10;116,70;4,60;4,50;100;1,30;-0,20;
2026-07-17 18:19:00.0;OFF;ON;100;-3,30;-3,20;1,30;22,10;96,10;116,70;4,60;4,50;100;1,20;-0,20;
2026-07-17 18:20:00.0;OFF;ON;100;-3,30;-3,20;1,30;22;96,10;116,70;4,60;4,50;100;1,30;-0,20;
2026-07-17 18:21:00.0;OFF;ON;100;-3,30;-3,20;1,30;22;96,10;116,70;4,60;4,50;100;1,20;-0,20;
2026-07-17 18:22:00.0;OFF;ON;100;-3,30;-3,20;1,30;21,90;96,10;116,70;4,60;4,50;100;1,20;-0,20;
2026-07-17 18:23:00.0;OFF;ON;100;-3,30;-3,20;1,30;21,90;96,10;116,70;4,60;4,50;100;1,20;-0,20;
2026-07-17 18:24:00.0;OFF;ON;100;-3,30;-3,20;1,30;21,80;96;116,70;4,60;4,50;100;1,20;-0,20;
2026-07-17 18:25:00.0;OFF;ON;100;-3,40;-3,20;1,30;21,80;96,10;116,70;4,60;4,50;100;1,20;-0,20;
2026-07-17 18:26:00.0;OFF;ON;100;-3,30;-3,20;1,30;21,70;96;116,70;4,60;4,50;100;1,20;-0,20;
2026-07-17 18:27:00.0;OFF;ON;100;-3,30;-3,30;1,30;21,70;95,90;116,70;4,50;4,50;100;1,20;-0,20;
2026-07-17 18:28:00.0;OFF;ON;100;-3,40;-3,30;1,20;21,60;96;116,70;4,60;4,50;100;1,20;-0,20;
2026-07-17 18:29:00.0;OFF;ON;100;-3,30;-3,20;1,30;21,60;95,90;116,70;4,60;4,50;100;1,20;-0,20;
2026-07-17 18:30:00.0;OFF;ON;100;-3,40;-3,30;1,20;21,50;95,90;116,70;4,60;4,50;100;1,20;-0,20;
2026-07-17 18:31:00.0;OFF;ON;100;-3,30;-3,30;1,20;21,50;95,90;116,70;4,50;4,50;100;1,20;-0,30;
2026-07-17 18:32:00.0;OFF;ON;100;-3,40;-3,30;1,20;21,40;95,90;116,70;4,60;4,50;100;1,20;-0,30;
2026-07-17 18:33:00.0;OFF;ON;100;-3,40;-3,30;1,20;21,40;95,90;116,70;4,60;4,50;100;1,20;-0,30;
2026-07-17 18:34:00.0;OFF;ON;100;-3,30;-3,30;1,20;21,30;95,90;116,70;4,50;4,50;100;1,10;-0,30;
2026-07-17 18:35:00.0;OFF;ON;100;-3,40;-3,30;1,20;21,30;95,90;116,70;4,60;4,50;100;1,10;-0,30;
2026-07-17 18:36:00.0;OFF;ON;100;-3,40;-3,30;1,20;21,20;95,90;116,70;4,60;4,50;100;1,20;-0,30;
2026-07-17 18:37:00.0;OFF;ON;100;-3,40;-3,30;1,20;21,20;95,90;116,70;4,60;4,50;100;1,10;-0,30;
2026-07-17 18:38:00.0;OFF;ON;100;-3,40;-3,30;1,20;21,10;95,90;116,70;4,60;4,50;100;1,10;-0,30;
2026-07-17 18:39:00.0;OFF;ON;100;-3,40;-3,30;1,20;21,10;95,90;116,70;4,60;4,50;100;1,10;-0,30;
2026-07-17 18:40:00.0;OFF;ON;100;-3,40;-3,30;1,20;21;95,90;116,70;4,60;4,50;100;1,10;-0,30;
2026-07-17 18:41:00.0;OFF;ON;100;-3,40;-3,30;1,10;20,90;95,90;116,70;4,50;4,50;100;1,10;-0,30;
2026-07-17 18:42:00.0;OFF;ON;100;-3,40;-3,40;1,10;20,90;95,90;116,70;4,50;4,50;100;1,10;-0,30;
2026-07-17 18:43:00.0;OFF;ON;100;-3,40;-3,40;1,10;20,80;95,90;116,70;4,50;4,50;100;1,10;-0,30;
2026-07-17 18:44:00.0;OFF;ON;100;-3,40;-3,40;1,10;20,80;95,90;116,70;4,50;4,50;100;1,10;-0,30;
2026-07-17 18:45:00.0;OFF;ON;100;-3,40;-3,40;1,10;20,70;95,90;116,70;4,50;4,50;100;1;-0,30;
2026-07-17 18:46:00.0;OFF;ON;100;-3,40;-3,40;1,10;20,70;95,90;116,70;4,50;4,50;100;1,10;-0,30;
2026-07-17 18:47:00.0;OFF;ON;100;-3,30;-3,40;1,10;20,70;95,90;116,70;4,40;4,50;100;1,10;-0,30;
2026-07-17 18:48:00.0;OFF;ON;100;-3,30;-3,40;1,10;20,60;95,90;116,70;4,40;4,50;100;1;-0,30;
2026-07-17 18:49:00.0;OFF;ON;100;-3,30;-3,40;1,10;20,60;95,90;116,70;4,40;4,50;100;1;-0,30;
2026-07-17 18:50:00.0;OFF;ON;100;-3,40;-3,40;1,10;20,50;95,90;116,70;4,40;4,50;100;1;-0,30;
2026-07-17 18:51:00.0;OFF;ON;100;-3,40;-3,40;1,10;20,40;95,90;116,70;4,50;4,50;100;1;-0,30;
2026-07-17 18:52:00.0;OFF;ON;100;-3,40;-3,40;1,10;20,40;95,90;116,70;4,50;4,50;100;1;-0,30;
2026-07-17 18:53:00.0;OFF;ON;100;-3,40;-3,40;1,10;20,30;95,90;116,70;4,40;4,50;100;1;-0,40;
2026-07-17 18:54:00.0;OFF;ON;100;-3,30;-3,50;1;20,30;95,90;116,70;4,40;4,50;100;0,90;-0,40;
2026-07-17 18:55:00.0;OFF;ON;100;-3,40;-3,50;1;20,20;95,90;116,70;4,40;4,50;100;1;-0,40;
2026-07-17 18:56:00.0;OFF;ON;100;-3,40;-3,50;1;20,20;95,90;116,70;4,40;4,50;100;1;-0,40;
2026-07-17 18:57:00.0;OFF;ON;100;-3,30;-3,50;1;20,10;95,90;116,70;4,30;4,50;100;0,90;-0,40;
2026-07-17 18:58:00.0;OFF;ON;100;-3,30;-3,50;1;20,10;95,80;116,70;4,30;4,50;100;0,90;-0,40;
2026-07-17 18:59:00.0;OFF;ON;100;-3,40;-3,50;1;20;95,80;116,70;4,40;4,50;100;0,90;-0,40;
2026-07-17 19:00:00.0;OFF;ON;100;-3,30;-3,50;1;20;95,90;116,70;4,30;4,50;100;0,90;-0,40;
2026-07-17 19:01:00.0;OFF;ON;100;-3,40;-3,50;1;19,90;95,90;116,70;4,40;4,50;100;0,90;-0,40;
2026-07-17 19:02:00.0;OFF;ON;100;-3,30;-3,50;1;19,90;95,90;116,70;4,30;4,50;100;0,90;-0,40;
2026-07-17 19:03:00.0;OFF;ON;100;-3,40;-3,50;1;19,90;95,90;116,70;4,40;4,50;100;0,90;-0,40;
2026-07-17 19:04:00.0;OFF;ON;100;-3,30;-3,50;1;19,80;95,90;116,70;4,30;4,50;100;0,90;-0,40;
2026-07-17 19:05:00.0;OFF;ON;100;-3,40;-3,50;0,90;19,80;95,90;116,70;4,30;4,50;100;0,90;-0,40;
2026-07-17 19:06:00.0;OFF;ON;100;-3,30;-3,60;0,90;19,70;95,90;116,70;4,30;4,50;100;0,90;-0,40;
2026-07-17 19:07:00.0;OFF;ON;100;-3,40;-3,60;0,90;19,70;95,90;116,70;4,30;4,50;100;0,90;-0,40;
2026-07-17 19:08:00.0;OFF;ON;100;-3,30;-3,60;0,90;19,70;95,90;116,70;4,20;4,50;100;0,90;-0,40;
2026-07-17 19:09:00.0;OFF;ON;100;-3,40;-3,60;0,90;19,60;95,90;116,70;4,30;4,50;100;0,80;-0,40;
2026-07-17 19:10:00.0;OFF;ON;100;-3,30;-3,60;0,90;19,60;95,90;116,70;4,30;4,50;100;0,80;-0,40;
2026-07-17 19:11:00.0;OFF;ON;100;-3,40;-3,60;0,90;19,50;95,90;116,70;4,30;4,50;100;0,80;-0,40;
2026-07-17 19:12:00.0;OFF;ON;100;-3,40;-3,60;0,90;19,50;95,90;116,70;4,30;4,50;100;0,90;-0,40;
2026-07-17 19:13:00.0;OFF;ON;100;-3,40;-3,60;0,90;19,40;95,80;116,70;4,30;4,50;100;0,80;-0,40;
2026-07-17 19:14:00.0;OFF;ON;100;-3,30;-3,60;0,90;19,40;95,80;116,70;4,20;4,50;100;0,80;-0,40;
2026-07-17 19:15:00.0;OFF;ON;100;-3,40;-3,60;0,90;19,40;95,80;116,70;4,30;4,50;100;0,80;-0,40;
2026-07-17 19:16:00.0;OFF;ON;100;-3,40;-3,60;0,90;19,30;95,80;116,70;4,30;4,50;100;0,80;-0,40;
2026-07-17 19:17:00.0;OFF;ON;100;-3,40;-3,60;0,90;19,30;95,80;116,70;4,30;4,50;100;0,80;-0,40;
2026-07-17 19:18:00.0;OFF;ON;100;-3,40;-3,70;0,80;19,20;95,80;116,70;4,20;4,50;100;0,80;-0,40;
2026-07-17 19:19:00.0;OFF;ON;100;-3,40;-3,70;0,80;19,20;95,80;116,70;4,30;4,50;100;0,80;-0,40;
2026-07-17 19:20:00.0;OFF;ON;100;-3,30;-3,70;0,80;19,10;95,90;116,70;4,20;4,50;100;0,80;-0,40;
2026-07-17 19:21:00.0;OFF;ON;100;-3,30;-3,70;0,80;19,10;95,90;116,70;4,20;4,50;100;0,80;-0,40;
2026-07-17 19:22:00.0;OFF;ON;100;-3,30;-3,70;0,80;19,10;95,90;116,70;4,20;4,50;100;0,80;-0,40;
2026-07-17 19:23:00.0;OFF;ON;100;-3,30;-3,70;0,80;19;95,80;116,70;4,10;4,50;100;0,80;-0,40;
2026-07-17 19:24:00.0;OFF;ON;100;-3,30;-3,70;0,80;19;95,90;116,70;4,10;4,50;100;0,80;-0,40;
2026-07-17 19:25:00.0;OFF;ON;100;-3,30;-3,70;0,80;18,90;95,90;116,70;4,10;4,50;100;0,70;-0,40;
2026-07-17 19:26:00.0;OFF;ON;100;-3,40;-3,70;0,80;18,90;95,90;116,70;4,20;4,50;100;0,70;-0,40;
2026-07-17 19:27:00.0;OFF;ON;100;-3,30;-3,70;0,80;18,90;95,80;116,70;4,10;4,50;100;0,70;-0,40;
2026-07-17 19:28:00.0;OFF;ON;100;-3,30;-3,70;0,80;18,80;95,80;116,60;4,10;4,50;100;0,70;-0,40;
2026-07-17 19:29:00.0;OFF;ON;100;-3,40;-3,70;0,80;18,80;95,80;116,60;4,20;4,50;100;0,70;-0,40;
2026-07-17 19:30:00.0;OFF;ON;100;-3,30;-3,70;0,80;18,70;95,80;116,60;4,10;4,50;100;0,70;-0,40;
2026-07-17 19:31:00.0;OFF;ON;100;-3,30;-3,70;0,80;18,70;95,70;116,60;4,10;4,50;100;0,70;-0,50;
2026-07-17 19:32:00.0;OFF;ON;100;-3,40;-3,70;0,80;18,60;95,80;116,60;4,10;4,50;100;0,70;-0,50;
2026-07-17 19:33:00.0;OFF;ON;100;-3,40;-3,70;0,80;18,60;95,80;116,60;4,10;4,50;100;0,70;-0,50;
2026-07-17 19:34:00.0;OFF;ON;100;-3,40;-3,80;0,70;18,60;95,70;116,60;4,10;4,50;100;0,70;-0,50;
2026-07-17 19:35:00.0;OFF;ON;100;-3,40;-3,80;0,70;18,50;95,80;116,60;4,20;4,50;100;0,70;-0,50;
2026-07-17 19:36:00.0;OFF;ON;100;-3,60;-3,80;0,70;18,50;95,80;116,60;4,30;4,50;100;0,70;-0,50;
2026-07-17 19:37:00.0;OFF;ON;100;-3,90;-3,80;0,70;18,40;95,70;116,60;4,50;4,50;100;0,60;-0,60;
2026-07-17 19:38:00.0;OFF;ON;100;-4;-3,90;0,60;18,40;95,50;116,60;4,60;4,50;100;0,50;-0,70;
2026-07-17 19:39:00.0;OFF;ON;100;-3,90;-3,90;0,60;18,40;95,20;116,60;4,50;4,50;100;0,50;-0,70;
2026-07-17 19:40:00.0;OFF;ON;100;-3,70;-4;0,50;18,30;95,20;116,60;4,20;4,50;100;0,50;-0,70;
2026-07-17 19:41:00.0;OFF;ON;100;-3,50;-3,90;0,60;18,30;95,30;116,60;4,10;4,50;100;0,50;-0,60;
2026-07-17 19:42:00.0;OFF;ON;100;-3,50;-3,90;0,60;18,20;95,50;116,60;4,10;4,50;100;0,50;-0,60;
2026-07-17 19:43:00.0;OFF;ON;100;-3,50;-3,90;0,60;18,20;95,60;116,60;4;4,50;100;0,50;-0,50;
2026-07-17 19:44:00.0;OFF;ON;100;-3,40;-3,90;0,60;18,10;95,70;116,60;4;4,50;100;0,50;-0,50;
2026-07-17 19:45:00.0;OFF;ON;100;-3,40;-3,90;0,60;18,10;95,70;116,60;4;4,50;100;0,60;-0,50;
2026-07-17 19:46:00.0;OFF;ON;100;-3,40;-3,90;0,60;18;95,80;116,60;4;4,50;100;0,60;-0,50;
2026-07-17 19:47:00.0;OFF;ON;100;-3,30;-3,90;0,60;18;95,80;116,60;3,90;4,50;100;0,60;-0,50;
2026-07-17 19:48:00.0;OFF;ON;100;-3,30;-3,90;0,60;18;95,80;116,60;4;4,50;100;0,50;-0,50;
2026-07-17 19:49:00.0;OFF;ON;100;-3,40;-3,90;0,60;17,90;95,80;116,60;4;4,50;100;0,60;-0,50;
2026-07-17 19:50:00.0;OFF;ON;100;-3,30;-3,90;0,60;17,90;95,80;116,60;3,90;4,50;100;0,60;-0,50;
2026-07-17 19:51:00.0;OFF;ON;100;-3,40;-3,90;0,60;17,80;95,80;116,60;4;4,50;100;0,60;-0,50;
2026-07-17 19:52:00.0;OFF;ON;100;-3,30;-3,90;0,60;17,80;95,80;116,60;3,90;4,50;100;0,60;-0,50;
2026-07-17 19:53:00.0;OFF;ON;100;-3,40;-3,90;0,60;17,70;95,80;116,60;4;4,50;100;0,50;-0,50;
2026-07-17 19:54:00.0;OFF;ON;100;-3,40;-3,90;0,60;17,70;95,80;116,60;4;4,50;100;0,50;-0,50;
2026-07-17 19:55:00.0;OFF;ON;100;-3,30;-3,90;0,60;17,70;95,80;116,60;3,90;4,50;100;0,50;-0,50;
2026-07-17 19:56:00.0;OFF;ON;100;-3,30;-3,90;0,60;17,60;95,80;116,60;3,90;4,50;100;0,50;-0,50;
2026-07-17 19:57:00.0;OFF;ON;100;-3,30;-3,90;0,60;17,60;95,80;116,60;3,90;4,50;100;0,50;-0,50;
2026-07-17 19:58:00.0;OFF;ON;100;-3,40;-3,90;0,60;17,50;95,70;116,60;3,90;4,50;100;0,50;-0,60;
2026-07-17 19:59:00.0;OFF;ON;100;-3,40;-4;0,50;17,50;95,80;116,60;3,90;4,50;100;0,50;-0,50;
2026-07-17 20:00:00.0;OFF;ON;100;-3,30;-4;0,50;17,50;95,80;116,60;3,90;4,50;100;0,50;-0,50;
2026-07-17 20:01:00.0;OFF;ON;100;-3,40;-4;0,50;17,40;95,70;116,60;3,90;4,50;100;0,40;-0,60;
2026-07-17 20:02:00.0;OFF;ON;100;-3,40;-4;0,50;17,40;95,70;116,60;3,90;4,50;100;0,40;-0,60;
2026-07-17 20:03:00.0;OFF;ON;100;-3,30;-4;0,50;17,30;95,70;116,60;3,90;4,50;100;0,50;-0,60;
2026-07-17 20:04:00.0;OFF;ON;100;-3,50;-4;0,50;17,30;95,80;116,60;4;4,50;100;0,50;-0,60;
2026-07-17 20:05:00.0;OFF;ON;100;-3,40;-4;0,50;17,20;95,70;116,60;3,90;4,50;100;0,50;-0,60;
2026-07-17 20:06:00.0;OFF;ON;100;-3,40;-4;0,50;17,20;95,80;116,60;3,90;4,50;100;0,40;-0,60;
2026-07-17 20:07:00.0;OFF;ON;100;-3,50;-4;0,50;17,10;95,70;116,60;3,90;4,50;100;0,40;-0,60;
2026-07-17 20:08:00.0;OFF;ON;100;-3,40;-4;0,50;17,10;95,70;116,60;3,90;4,50;100;0,40;-0,60;
2026-07-17 20:09:00.0;OFF;ON;100;-3,40;-4;0,50;17,10;95,60;116,60;3,90;4,50;100;0,40;-0,60;
2026-07-17 20:10:00.0;OFF;ON;100;-3,40;-4;0,50;17;95,70;116,60;3,80;4,50;100;0,40;-0,60;
2026-07-17 20:11:00.0;OFF;ON;100;-3,40;-4;0,40;17;95,60;116,60;3,90;4,50;100;0,40;-0,60;
2026-07-17 20:12:00.0;OFF;ON;100;-3,50;-4;0,40;16,90;95,70;116,60;3,90;4,50;100;0,40;-0,60;
2026-07-17 20:13:00.0;OFF;ON;100;-3,50;-4;0,40;16,90;95,60;116,60;3,90;4,50;100;0,40;-0,60;
2026-07-17 20:14:00.0;OFF;ON;100;-3,50;-4;0,40;16,90;95,60;116,60;3,90;4,50;100;0,40;-0,60;
2026-07-17 20:15:00.0;OFF;ON;100;-3,50;-4;0,40;16,80;95,50;116,60;3,90;4,50;100;0,30;-0,60;
2026-07-17 20:16:00.0;OFF;ON;100;-3,10;-4;0,40;16,80;95,60;116,60;3,50;4,50;100;0,30;-0,60;
2026-07-17 20:17:00.0;OFF;ON;100;-3;-4;0,40;16,70;95,70;116,60;3,40;4,50;100;0,40;-0,50;
2026-07-17 20:18:00.0;OFF;ON;100;-3;-4;0,50;16,70;95,80;116,60;3,50;4,50;100;0,40;-0,40;
2026-07-17 20:19:00.0;OFF;ON;100;-3;-4;0,50;16,60;95,90;116,60;3,50;4,50;100;0,40;-0,40;
2026-07-17 20:20:00.0;OFF;ON;100;-3,10;-4;0,50;16,60;95,90;116,60;3,60;4,50;100;0,50;-0,40;
2026-07-17 20:21:00.0;OFF;ON;100;-3,10;-4;0,50;16,50;95,90;116,60;3,60;4,50;100;0,50;-0,40;
2026-07-17 20:22:00.0;OFF;ON;100;-3;-4;0,50;16,50;95,90;116,60;3,50;4,50;100;0,40;-0,40;
2026-07-17 20:23:00.0;OFF;ON;100;-3;-4;0,50;16,50;96;116,60;3,50;4,50;100;0,50;-0,40;
2026-07-17 20:24:00.0;OFF;ON;100;-3;-4;0,50;16,40;95,90;116,60;3,50;4,50;100;0,50;-0,40;
2026-07-17 20:25:00.0;OFF;ON;100;-3;-4;0,50;16,40;96;116,60;3,50;4,50;100;0,50;-0,40;
2026-07-17 20:26:00.0;OFF;ON;100;-3,10;-4;0,50;16,30;95,90;116,60;3,60;4,50;100;0,50;-0,40;
2026-07-17 20:27:00.0;OFF;ON;100;-3,10;-4;0,50;16,30;95,80;116,60;3,60;4,50;100;0,40;-0,40;
2026-07-17 20:28:00.0;OFF;ON;100;-3;-4;0,50;16,20;95,90;116,60;3,50;4,50;100;0,40;-0,40;
2026-07-17 20:29:00.0;OFF;ON;100;-3,10;-4;0,50;16,20;95,90;116,60;3,60;4,50;100;0,40;-0,40;
2026-07-17 20:30:00.0;OFF;ON;100;-3,10;-4;0,50;16,20;95,90;116,60;3,60;4,50;100;0,40;-0,40;
2026-07-17 20:31:00.0;OFF;ON;100;-3;-4;0,50;16,10;95,90;116,60;3,50;4,50;100;0,40;-0,40;
2026-07-17 20:32:00.0;OFF;ON;100;-3;-4;0,50;16,10;95,90;116,60;3,50;4,50;100;0,40;-0,40;
2026-07-17 20:33:00.0;OFF;ON;100;-3;-4;0,50;16;95,80;116,60;3,50;4,50;100;0,40;-0,40;
2026-07-17 20:34:00.0;OFF;ON;100;-3;-4;0,50;16;95,80;116,60;3,50;4,50;100;0,40;-0,40;
2026-07-17 20:35:00.0;OFF;ON;100;-3;-4;0,40;15,90;95,80;116,60;3,50;4,50;100;0,40;-0,40;
2026-07-17 20:36:00.0;OFF;ON;100;-3,10;-4;0,40;15,90;95,80;116,60;3,60;4,50;100;0,40;-0,40;
2026-07-17 20:37:00.0;OFF;ON;100;-3,10;-4;0,40;15,90;95,80;116,60;3,50;4,50;100;0,40;-0,40;
2026-07-17 20:38:00.0;OFF;ON;100;-3,10;-4;0,40;15,80;95,80;116,60;3,50;4,50;100;0,40;-0,40;
2026-07-17 20:39:00.0;OFF;ON;100;-3,10;-4;0,40;15,80;95,80;116,60;3,50;4,50;100;0,40;-0,40;
2026-07-17 20:40:00.0;OFF;ON;100;-3,10;-4;0,40;15,70;95,80;116,60;3,50;4,50;100;0,30;-0,40;
2026-07-17 20:41:00.0;OFF;ON;100;-3,20;-4;0,40;15,70;95,80;116,60;3,60;4,50;100;0,40;-0,40;
2026-07-17 20:42:00.0;OFF;ON;100;-3;-4;0,40;15,60;95,80;116,60;3,40;4,50;100;0,30;-0,40;
2026-07-17 20:43:00.0;OFF;ON;100;-3,10;-4;0,40;15,60;95,80;116,60;3,50;4,50;100;0,30;-0,40;
2026-07-17 20:44:00.0;OFF;ON;100;-3,20;-4;0,40;15,60;95,70;116,60;3,50;4,50;100;0,30;-0,40;
2026-07-17 20:45:00.0;OFF;ON;100;-3,10;-4;0,40;15,50;95,80;116,60;3,50;4,50;100;0,30;-0,40;
2026-07-17 20:46:00.0;OFF;ON;100;-3,10;-4;0,40;15,50;95,80;116,60;3,50;4,50;100;0,30;-0,50;
2026-07-17 20:47:00.0;OFF;ON;100;-3,10;-4;0,40;15,40;95,80;116,60;3,40;4,50;100;0,30;-0,50;
2026-07-17 20:48:00.0;OFF;ON;100;-3,10;-4;0,40;15,40;95,80;116,60;3,50;4,50;100;0,30;-0,50;
2026-07-17 20:49:00.0;OFF;ON;100;-3,10;-4;0,40;15,30;95,80;116,60;3,50;4,50;100;0,30;-0,50;
2026-07-17 20:50:00.0;OFF;ON;100;-3,10;-4;0,30;15,30;95,70;116,60;3,40;4,50;100;0,30;-0,50;
2026-07-17 20:51:00.0;OFF;ON;100;-3,20;-4;0,30;15,30;95,80;116,60;3,50;4,50;100;0,30;-0,50;
2026-07-17 20:52:00.0;OFF;ON;100;-3,20;-4;0,30;15,20;95,80;116,60;3,50;4,50;100;0,30;-0,50;
2026-07-17 20:53:00.0;OFF;ON;100;-3,10;-4;0,30;15,20;95,70;116,60;3,50;4,50;100;0,30;-0,50;
2026-07-17 20:54:00.0;OFF;ON;100;-3,20;-4;0,30;15,10;95,70;116,60;3,50;4,50;100;0,30;-0,50;
2026-07-17 20:55:00.0;OFF;ON;100;-3,10;-4;0,30;15,10;95,70;116,60;3,50;4,50;100;0,30;-0,50;
2026-07-17 20:56:00.0;OFF;ON;100;-3,60;-4;0,30;15;95,70;116,60;3,90;4,50;100;0,20;-0,50;
2026-07-17 20:57:00.0;OFF;ON;100;-3,70;-4;0,30;15;95,60;116,60;4;4,50;100;0,20;-0,60;
2026-07-17 20:58:00.0;OFF;ON;100;-3,80;-4;0,20;15;95,30;116,60;4;4,50;100;0,10;-0,70;
2026-07-17 20:59:00.0;OFF;ON;100;-3,70;-4;0,10;14,90;95,10;116,60;3,80;4,50;100;0,10;-0,80;
2026-07-17 21:00:00.0;OFF;ON;100;-3,70;-4;0,10;14,90;95;116,60;3,80;4,50;100;0;-0,80;
2026-07-17 21:01:00.0;OFF;ON;100;-3,70;-4;0,10;14,90;95,10;116,60;3,80;4,50;100;0;-0,80;
2026-07-17 21:02:00.0;OFF;ON;100;-3,70;-4;0,10;14,80;95,20;116,60;3,80;4,50;100;0;-0,70;
2026-07-17 21:03:00.0;OFF;ON;100;-3,80;-4;0,10;14,80;95,30;116,60;3,90;4,50;100;0;-0,80;
2026-07-17 21:04:00.0;OFF;ON;100;-3,70;-4;0,10;14,80;95,20;116,60;3,80;4,50;100;0;-0,80;
2026-07-17 21:05:00.0;OFF;ON;100;-3,70;-4;0,10;14,70;95,10;116,60;3,80;4,50;100;0;-0,80;
2026-07-17 21:06:00.0;OFF;ON;100;-3,70;-4;0;14,70;95,10;116,60;3,70;4,50;100;0;-0,80;
2026-07-17 21:07:00.0;OFF;ON;100;-3,70;-4;0;14,70;95,10;116,60;3,70;4,50;100;-0,10;-0,80;
2026-07-17 21:08:00.0;OFF;ON;100;-3,80;-3,50;0;14,60;95,10;116,60;3,80;4,50;100;-0,10;-0,80;
2026-07-17 21:09:00.0;OFF;ON;100;-3,30;-3,50;0;14,60;95,10;116,60;3,30;4,50;100;-0,10;-0,90;
2026-07-17 21:10:00.0;OFF;ON;100;-3,40;-3,50;0;14,60;95,20;116,60;3,40;4,50;100;-0,10;-0,80;
2026-07-17 21:11:00.0;OFF;ON;100;-3,30;-3,50;0;14,50;95,30;116,60;3,30;4,50;100;-0,10;-0,80;
2026-07-17 21:12:00.0;OFF;ON;90;-3,40;-3,50;0;14,50;95,30;116,60;3,40;3,50;100;-0,10;-0,80;
2026-07-17 21:13:00.0;OFF;ON;90;-3,40;-3,50;0;14,50;95,40;116,60;3,40;3,50;100;-0,10;-0,80;
2026-07-17 21:14:00.0;OFF;ON;90;-3,50;-3,50;0;14,40;95,50;116,60;3,50;3,50;100;-0,10;-0,80;
2026-07-17 21:15:00.0;OFF;ON;90;-3,40;-3,50;0;14,40;95,50;116,60;3,40;3,50;100;-0,10;-0,80;
2026-07-17 21:16:00.0;OFF;ON;90;-3,30;-3,50;0;14,40;95,40;116,60;3,30;3,50;100;-0,10;-0,80;
2026-07-17 21:17:00.0;OFF;ON;90;-3,40;-3,50;0;14,30;95,40;116,60;3,40;3,50;100;-0,10;-0,80;
2026-07-17 21:18:00.0;OFF;ON;90;-3,40;-3,50;0;14,30;95,40;116,60;3,40;3,50;100;-0,10;-0,80;
2026-07-17 21:19:00.0;OFF;ON;90;-3,40;-3,50;0;14,30;95,50;116,60;3,40;3,50;100;-0,10;-0,80;
2026-07-17 21:20:00.0;OFF;ON;90;-3,40;-3,50;0;14,20;95,40;116,60;3,30;3,50;100;-0,10;-0,80;
2026-07-17 21:21:00.0;OFF;ON;90;-3,40;-3,50;0;14,20;95,30;116,60;3,40;3,50;100;-0,10;-0,80;
2026-07-17 21:22:00.0;OFF;ON;90;-3,40;-3,50;0;14,20;95,40;116,60;3,40;3,50;100;-0,10;-0,80;
2026-07-17 21:23:00.0;OFF;ON;90;-3,40;-3,60;-0,10;14,10;95,40;116,60;3,40;3,50;100;-0,10;-0,80;
2026-07-17 21:24:00.0;OFF;ON;90;-3,40;-3,60;-0,10;14,10;95,30;116,60;3,30;3,50;100;-0,10;-0,80;
2026-07-17 21:25:00.0;OFF;ON;90;-3,40;-3,60;-0,10;14,10;95,30;116,60;3,30;3,50;100;-0,20;-0,80;
2026-07-17 21:26:00.0;OFF;ON;90;-3,30;-3,60;-0,10;14;95,30;116,60;3,30;3,50;100;-0,10;-0,80;
2026-07-17 21:27:00.0;OFF;ON;90;-3,40;-3,60;-0,10;14;95,30;116,60;3,30;3,50;100;-0,10;-0,80;
2026-07-17 21:28:00.0;OFF;ON;90;-3,40;-3,60;-0,10;14;95,40;116,60;3,30;3,50;100;-0,10;-0,80;
2026-07-17 21:29:00.0;OFF;ON;90;-3,40;-3,60;-0,10;13,90;95,40;116,60;3,30;3,50;100;-0,20;-0,90;
2026-07-17 21:30:00.0;OFF;ON;90;-3,40;-3,60;-0,10;13,90;95,40;116,60;3,30;3,50;100;-0,20;-0,90;
2026-07-17 21:31:00.0;OFF;ON;90;-3,40;-3,60;-0,10;13,90;95,30;116,60;3,30;3,50;100;-0,20;-0,90;
2026-07-17 21:32:00.0;OFF;ON;90;-3,30;-3,60;-0,10;13,80;95,30;116,60;3,20;3,50;100;-0,20;-0,90;
2026-07-17 21:33:00.0;OFF;ON;90;-3,30;-3,60;-0,10;13,80;95,30;116,50;3,20;3,50;100;-0,20;-0,90;
2026-07-17 21:34:00.0;OFF;ON;90;-3,40;-3,60;-0,10;13,80;95,30;116,60;3,30;3,50;100;-0,20;-0,90;
2026-07-17 21:35:00.0;OFF;ON;90;-3,40;-3,60;-0,10;13,70;95,30;116,60;3,30;3,50;100;-0,20;-0,90;
2026-07-17 21:36:00.0;OFF;ON;90;-3,40;-3,60;-0,10;13,70;95,30;116,60;3,30;3,50;100;-0,20;-0,90;
2026-07-17 21:37:00.0;OFF;ON;90;-3,40;-3,60;-0,10;13,70;95,30;116,60;3,30;3,50;100;-0,20;-0,90;
2026-07-17 21:38:00.0;OFF;ON;90;-3,40;-3,60;-0,20;13,60;95,30;116,60;3,30;3,50;100;-0,20;-0,90;
2026-07-17 21:39:00.0;OFF;ON;90;-3,40;-3,70;-0,20;13,60;95,30;116,60;3,30;3,50;100;-0,20;-0,90;
2026-07-17 21:40:00.0;OFF;ON;90;-3,40;-3,70;-0,20;13,60;95,30;116,60;3,30;3,50;100;-0,20;-0,90;
2026-07-17 21:41:00.0;OFF;ON;90;-3,40;-3,70;-0,20;13,50;95,40;116,50;3,20;3,50;100;-0,20;-0,90;
2026-07-17 21:42:00.0;OFF;ON;90;-3,40;-3,70;-0,20;13,50;95,40;116,60;3,20;3,50;100;-0,20;-0,90;
2026-07-17 21:43:00.0;OFF;ON;90;-3,40;-3,70;-0,20;13,50;95,30;116,60;3,20;3,50;100;-0,20;-0,90;
2026-07-17 21:44:00.0;OFF;ON;90;-3,40;-3,70;-0,20;13,40;95,30;116,60;3,20;3,50;100;-0,30;-0,90;
2026-07-17 21:45:00.0;OFF;ON;90;-3,40;-3,70;-0,20;13,40;95,30;116,60;3,20;3,50;100;-0,30;-0,90;
2026-07-17 21:46:00.0;OFF;ON;90;-3,30;-3,70;-0,20;13,40;95,30;116,60;3,20;3,50;100;-0,30;-0,90;
2026-07-17 21:47:00.0;OFF;ON;90;-3,50;-3,70;-0,20;13,30;95,30;116,50;3,30;3,50;100;-0,30;-0,90;
2026-07-17 21:48:00.0;OFF;ON;90;-3,40;-3,70;-0,20;13,30;95,30;116,60;3,20;3,50;100;-0,30;-0,90;
2026-07-17 21:49:00.0;OFF;ON;90;-3,40;-3,70;-0,20;13,30;95,30;116,50;3,20;3,50;100;-0,30;-0,90;
2026-07-17 21:50:00.0;OFF;ON;90;-3,40;-3,70;-0,20;13,20;95,40;116,50;3,20;3,50;100;-0,30;-0,90;
2026-07-17 21:51:00.0;OFF;ON;90;-3,40;-3,70;-0,20;13,20;95,40;116,50;3,20;3,50;100;-0,30;-0,90;
2026-07-17 21:52:00.0;OFF;ON;90;-3,40;-3,70;-0,20;13,20;95,40;116,50;3,20;3,50;100;-0,30;-0,90;
2026-07-17 21:53:00.0;OFF;ON;90;-3,30;-3,70;-0,20;13,10;95,30;116,50;3,10;3,50;100;-0,30;-0,90;
2026-07-17 21:54:00.0;OFF;ON;90;-3,40;-3,70;-0,20;13,10;95,30;116,50;3,10;3,50;100;-0,30;-0,90;
2026-07-17 21:55:00.0;OFF;ON;90;-3,30;-3,70;-0,20;13,10;95,30;116,50;3,10;3,50;100;-0,30;-0,90;
2026-07-17 21:56:00.0;OFF;ON;90;-3,40;-3,70;-0,20;13;95,40;116,50;3,20;3,50;100;-0,30;-0,90;
2026-07-17 21:57:00.0;OFF;ON;90;-3,40;-3,70;-0,20;13;95,30;116,50;3,20;3,50;100;-0,30;-0,90;
2026-07-17 21:58:00.0;OFF;ON;90;-3,30;-3,70;-0,20;13;95,40;116,50;3,10;3,50;100;-0,30;-0,90;
2026-07-17 21:59:00.0;OFF;ON;90;-3,40;-3,70;-0,20;12,90;95,40;116,50;3,20;3,50;100;-0,30;-0,90;
2026-07-17 22:00:00.0;OFF;ON;90;-3,30;-3,70;-0,20;12,90;95,30;116,50;3,10;3,50;100;-0,30;-0,90;
2026-07-17 22:01:00.0;OFF;ON;90;-3,40;-3,70;-0,20;12,90;95,30;116,50;3,20;3,50;100;-0,30;-0,90;
2026-07-17 22:02:00.0;OFF;ON;90;-3,40;-3,80;-0,30;12,90;95,30;116,50;3,10;3,50;100;-0,30;-0,90;
2026-07-17 22:03:00.0;OFF;ON;90;-3,30;-3,80;-0,30;12,80;95,30;116,50;3,10;3,50;100;-0,30;-0,90;
2026-07-17 22:04:00.0;OFF;ON;90;-3,30;-3,80;-0,30;12,80;95,30;116,50;3;3,50;100;-0,30;-0,90;
2026-07-17 22:05:00.0;OFF;ON;90;-3,30;-3,80;-0,30;12,70;95,40;116,50;3;3,50;100;-0,40;-0,90;
2026-07-17 22:06:00.0;OFF;ON;90;-3,30;-3,80;-0,30;12,70;95,40;116,50;3,10;3,50;100;-0,30;-0,90;
2026-07-17 22:07:00.0;OFF;ON;90;-3,40;-3,80;-0,30;12,70;95,30;116,50;3,10;3,50;100;-0,40;-0,90;
2026-07-17 22:08:00.0;OFF;ON;90;-3,40;-3,80;-0,30;12,60;95,40;116,50;3,10;3,50;100;-0,40;-1;
2026-07-17 22:09:00.0;OFF;ON;90;-3,30;-3,80;-0,30;12,60;95,30;116,50;3;3,50;100;-0,40;-0,90;
2026-07-17 22:10:00.0;OFF;ON;90;-3,40;-3,80;-0,30;12,60;95,40;116,50;3,10;3,50;100;-0,40;-1;
2026-07-17 22:11:00.0;OFF;ON;90;-3,40;-3,80;-0,30;12,60;95,40;116,50;3,10;3,50;100;-0,40;-1;
2026-07-17 22:12:00.0;OFF;ON;90;-3,30;-3,80;-0,30;12,50;95,30;116,50;3;3,50;100;-0,40;-1;
2026-07-17 22:13:00.0;OFF;ON;90;-3,30;-3,80;-0,30;12,50;95,30;116,50;3;3,50;100;-0,40;-1;
2026-07-17 22:14:00.0;OFF;ON;90;-3,40;-3,80;-0,30;12,50;95,20;116,50;3;3,50;100;-0,40;-1;
2026-07-17 22:15:00.0;OFF;ON;90;-3,40;-3,80;-0,30;12,40;95,30;116,50;3,10;3,50;100;-0,40;-1;
2026-07-17 22:16:00.0;OFF;ON;90;-3,40;-3,80;-0,30;12,40;95,30;116,50;3,10;3,50;100;-0,40;-1;
2026-07-17 22:17:00.0;OFF;ON;90;-3,40;-3,80;-0,30;12,40;95,30;116,50;3,10;3,50;100;-0,40;-1;
2026-07-17 22:18:00.0;OFF;ON;90;-3,40;-3,80;-0,30;12,30;95,30;116,50;3;3,50;100;-0,40;-1;
2026-07-17 22:19:00.0;OFF;ON;90;-3,30;-3,80;-0,30;12,30;95,40;116,50;3;3,50;100;-0,40;-1;
2026-07-17 22:20:00.0;OFF;ON;90;-3,40;-3,80;-0,30;12,30;95,30;116,50;3,10;3,50;100;-0,40;-1;
2026-07-17 22:21:00.0;OFF;ON;90;-3,30;-3,80;-0,30;12,20;95,30;116,50;3;3,50;100;-0,40;-1;
2026-07-17 22:22:00.0;OFF;ON;90;-3,30;-3,80;-0,30;12,20;95,30;116,50;3;3,50;100;-0,40;-1;
2026-07-17 22:23:00.0;OFF;ON;90;-3,30;-3,80;-0,30;12,20;95,40;116,50;3;3,50;100;-0,40;-1;
2026-07-17 22:24:00.0;OFF;ON;90;-3,30;-3,80;-0,40;12,10;95,30;116,50;3;3,50;100;-0,50;-1;
2026-07-17 22:25:00.0;OFF;ON;90;-3,40;-3,90;-0,40;12,10;95,30;116,50;3;3,50;100;-0,40;-1;
2026-07-17 22:26:00.0;OFF;ON;90;-3,40;-3,90;-0,40;12,10;95,20;116,50;3;3,50;100;-0,40;-1;
2026-07-17 22:27:00.0;OFF;ON;90;-3,40;-3,90;-0,40;12;95,20;116,50;3;3,50;100;-0,50;-1;
2026-07-17 22:28:00.0;OFF;ON;90;-3,30;-3,90;-0,40;12;95,30;116,50;3;3,50;100;-0,50;-1;
2026-07-17 22:29:00.0;OFF;ON;90;-3,40;-3,90;-0,40;12;95,30;116,50;3;3,50;100;-0,50;-1;
2026-07-17 22:30:00.0;OFF;ON;90;-3,40;-3,90;-0,40;11,90;95,30;116,50;3;3,50;100;-0,50;-1;
2026-07-17 22:31:00.0;OFF;ON;90;-3,40;-3,90;-0,40;11,90;95,30;116,50;3;3,50;100;-0,50;-1;
2026-07-17 22:32:00.0;OFF;ON;90;-3,40;-3,90;-0,40;11,90;95,30;116,50;3;3,50;100;-0,50;-1;
2026-07-17 22:33:00.0;OFF;ON;90;-3,30;-3,90;-0,40;11,80;95,30;116,50;2,90;3,50;100;-0,50;-1;
2026-07-17 22:34:00.0;OFF;ON;90;-3,30;-3,90;-0,40;11,80;95,30;116,50;2,90;3,50;100;-0,50;-1;
2026-07-17 22:35:00.0;OFF;ON;90;-3,30;-3,90;-0,40;11,80;95,30;116,50;2,90;3,50;100;-0,50;-1;
2026-07-17 22:36:00.0;OFF;ON;90;-3,30;-3,90;-0,40;11,70;95,30;116,50;2,90;3,50;100;-0,50;-1;
2026-07-17 22:37:00.0;OFF;ON;90;-3,30;-3,90;-0,40;11,70;95,30;116,50;2,90;3,50;100;-0,50;-1;
2026-07-17 22:38:00.0;OFF;ON;90;-3,40;-3,90;-0,40;11,70;95,30;116,50;3;3,50;100;-0,50;-1;
2026-07-17 22:39:00.0;OFF;ON;90;-3,30;-3,90;-0,40;11,60;95,30;116,50;2,90;3,50;100;-0,50;-1;
2026-07-17 22:40:00.0;OFF;ON;90;-3,30;-3,90;-0,40;11,60;95,30;116,50;2,90;3,50;100;-0,50;-1;
2026-07-17 22:41:00.0;OFF;ON;90;-3,40;-3,90;-0,40;11,60;95,30;116,50;3;3,50;100;-0,50;-1;
2026-07-17 22:42:00.0;OFF;ON;90;-3,40;-3,90;-0,40;11,50;95,30;116,50;3;3,50;100;-0,50;-1;
2026-07-17 22:43:00.0;OFF;ON;90;-3,40;-3,90;-0,40;11,50;95,30;116,50;2,90;3,50;100;-0,60;-1;
2026-07-17 22:44:00.0;OFF;ON;90;-3,30;-3,90;-0,40;11,50;95,30;116,50;2,90;3,50;100;-0,50;-1;
2026-07-17 22:45:00.0;OFF;ON;90;-3,40;-3,90;-0,40;11,50;95,30;116,50;3;3,50;100;-0,60;-1;
2026-07-17 22:46:00.0;OFF;ON;90;-3,40;-3,90;-0,40;11,40;95,30;116,50;2,90;3,50;100;-0,50;-1;
2026-07-17 22:47:00.0;OFF;ON;90;-3,40;-4;-0,50;11,40;95,30;116,50;3;3,50;100;-0,60;-1;
2026-07-17 22:48:00.0;OFF;ON;90;-3,40;-4;-0,50;11,30;95,30;116,50;2,90;3,50;100;-0,60;-1;
2026-07-17 22:49:00.0;OFF;ON;90;-3,30;-4;-0,50;11,30;95,30;116,50;2,90;3,50;100;-0,60;-1;
2026-07-17 22:50:00.0;OFF;ON;90;-3,30;-4;-0,50;11,30;95,30;116,50;2,90;3,50;100;-0,60;-1;
2026-07-17 22:51:00.0;OFF;ON;90;-3,40;-4;-0,50;11,30;95,20;116,50;2,90;3,50;100;-0,60;-1;
2026-07-17 22:52:00.0;OFF;ON;90;-3,40;-4;-0,50;11,20;95,30;116,50;2,90;3,50;100;-0,60;-1;
2026-07-17 22:53:00.0;OFF;ON;90;-3,40;-4;-0,50;11,20;95,30;116,50;2,90;3,50;100;-0,60;-1;
2026-07-17 22:54:00.0;OFF;ON;90;-3,40;-4;-0,50;11,20;95,30;116,50;2,90;3,50;100;-0,60;-1;
2026-07-17 22:55:00.0;OFF;ON;90;-3,40;-4;-0,50;11,10;95,30;116,50;2,90;3,50;100;-0,60;-1;
2026-07-17 22:56:00.0;OFF;ON;90;-3,30;-4;-0,50;11,10;95,30;116,50;2,90;3,50;100;-0,60;-1;
2026-07-17 22:57:00.0;OFF;ON;90;-3,40;-4;-0,50;11,10;95,30;116,50;2,90;3,50;100;-0,60;-1,10;
2026-07-17 22:58:00.0;OFF;ON;90;-3,30;-4;-0,50;11;95,20;116,50;2,80;3,50;100;-0,60;-1,10;
2026-07-17 22:59:00.0;OFF;ON;90;-3,40;-4;-0,50;11;95,30;116,50;2,90;3,50;100;-0,60;-1,10;
2026-07-17 23:00:00.0;OFF;ON;90;-3,40;-4;-0,50;11;95,40;116,50;2,90;3,50;100;-0,60;-1,10;
2026-07-17 23:01:00.0;OFF;ON;90;-3,40;-4;-0,50;10,90;95,30;116,50;2,90;3,50;100;-0,60;-1,10;
2026-07-17 23:02:00.0;OFF;ON;90;-3,40;-4;-0,50;10,90;95,30;116,50;2,90;3,50;100;-0,60;-1,10;
2026-07-17 23:03:00.0;OFF;ON;90;-3,40;-4;-0,50;10,90;95,20;116,50;2,90;3,50;100;-0,60;-1,10;
2026-07-17 23:04:00.0;OFF;ON;90;-3,30;-4;-0,50;10,90;95,20;116,50;2,80;3,50;100;-0,60;-1,10;
2026-07-17 23:05:00.0;OFF;ON;90;-3,30;-4;-0,50;10,80;95,30;116,50;2,80;3,50;100;-0,60;-1,10;
2026-07-17 23:06:00.0;OFF;ON;90;-3,30;-4;-0,50;10,80;95,20;116,50;2,80;3,50;100;-0,60;-1,10;
2026-07-17 23:07:00.0;OFF;ON;90;-3,40;-4;-0,50;10,80;95,30;116,50;2,90;3,50;100;-0,60;-1,10;
2026-07-17 23:08:00.0;OFF;ON;90;-3,30;-4;-0,50;10,70;95,30;116,50;2,80;3,50;100;-0,70;-1,10;
2026-07-17 23:09:00.0;OFF;ON;90;-3,30;-4;-0,50;10,70;95,30;116,50;2,80;3,50;100;-0,70;-1,10;
2026-07-17 23:10:00.0;OFF;ON;90;-3,30;-4;-0,50;10,70;95,30;116,50;2,80;3,50;100;-0,70;-1,10;
2026-07-17 23:11:00.0;OFF;ON;90;-3,30;-4;-0,50;10,60;95,30;116,50;2,80;3,50;100;-0,70;-1,10;
2026-07-17 23:12:00.0;OFF;ON;90;-3,40;-4;-0,50;10,60;95,30;116,50;2,90;3,50;100;-0,70;-1,10;
2026-07-17 23:13:00.0;OFF;ON;90;-3,30;-4;-0,50;10,60;95,30;116,50;2,80;3,50;100;-0,70;-1,10;
2026-07-17 23:14:00.0;OFF;ON;90;-3,30;-4;-0,50;10,60;95,30;116,50;2,80;3,50;100;-0,70;-1,10;
2026-07-17 23:15:00.0;OFF;ON;90;-3,40;-4;-0,50;10,50;95,30;116,50;2,90;3,50;100;-0,70;-1,10;
2026-07-17 23:16:00.0;OFF;ON;90;-3,40;-4;-0,50;10,50;95,30;116,50;2,90;3,50;100;-0,70;-1,10;
2026-07-17 23:17:00.0;OFF;ON;90;-3,30;-4;-0,50;10,50;95,30;116,50;2,80;3,50;100;-0,70;-1,10;
2026-07-17 23:18:00.0;OFF;ON;90;-3,40;-4;-0,50;10,40;95,30;116,50;2,90;3,50;100;-0,70;-1,10;
2026-07-17 23:19:00.0;OFF;ON;90;-3,40;-4;-0,50;10,40;95,30;116,50;2,90;3,50;100;-0,70;-1,10;
2026-07-17 23:20:00.0;OFF;ON;90;-3,40;-4;-0,50;10,40;95,30;116,50;2,80;3,50;100;-0,70;-1,10;
2026-07-17 23:21:00.0;OFF;ON;90;-3,40;-4;-0,50;10,30;95,30;116,50;2,80;3,50;100;-0,70;-1,10;
2026-07-17 23:22:00.0;OFF;ON;90;-3,40;-4;-0,50;10,30;95,30;116,50;2,90;3,50;100;-0,70;-1,10;
2026-07-17 23:23:00.0;OFF;ON;90;-3,40;-4;-0,50;10,30;95,30;116,50;2,90;3,50;100;-0,70;-1,10;
2026-07-17 23:24:00.0;OFF;ON;90;-3,40;-4;-0,50;10,30;95,30;116,50;2,80;3,50;100;-0,70;-1,10;
2026-07-17 23:25:00.0;OFF;ON;90;-3,40;-4;-0,50;10,20;95,30;116,50;2,80;3,50;100;-0,70;-1,10;
2026-07-17 23:26:00.0;OFF;ON;90;-3,40;-4;-0,60;10,20;95,20;116,50;2,80;3,50;100;-0,80;-1,20;
2026-07-17 23:27:00.0;OFF;ON;90;-3,40;-4;-0,60;10,20;95,20;116,50;2,90;3,50;100;-0,80;-1,20;
2026-07-17 23:28:00.0;OFF;ON;90;-3,40;-4;-0,60;10,10;95,20;116,50;2,80;3,50;100;-0,80;-1,20;
2026-07-17 23:29:00.0;OFF;ON;90;-3,40;-4;-0,60;10,10;95,20;116,50;2,90;3,50;100;-0,80;-1,20;
2026-07-17 23:30:00.0;OFF;ON;90;-3,40;-4;-0,60;10,10;95,20;116,50;2,80;3,50;100;-0,80;-1,20;
2026-07-17 23:31:00.0;OFF;ON;90;-3,40;-4;-0,60;10,10;95,20;116,50;2,80;3,50;100;-0,80;-1,20;
2026-07-17 23:32:00.0;OFF;ON;90;-3,40;-4;-0,60;10;95,30;116,50;2,80;3,50;100;-0,80;-1,20;
2026-07-17 23:33:00.0;OFF;ON;90;-3,40;-4;-0,60;10;95,30;116,50;2,80;3,50;100;-0,80;-1,20;
2026-07-17 23:34:00.0;OFF;ON;90;-3,40;-4;-0,60;10;95,30;116,50;2,80;3,50;100;-0,80;-1,20;
2026-07-17 23:35:00.0;OFF;ON;90;-3,40;-4;-0,60;9,90;95,30;116,50;2,80;3,50;100;-0,80;-1,20;
2026-07-17 23:36:00.0;OFF;ON;90;-3,40;-4;-0,60;9,90;95,30;116,50;2,80;3,50;100;-0,80;-1,20;
2026-07-17 23:37:00.0;OFF;ON;90;-3,40;-4;-0,60;9,90;95,30;116,50;2,80;3,50;100;-0,80;-1,20;
2026-07-17 23:38:00.0;OFF;ON;90;-3,40;-4;-0,60;9,90;95,30;116,50;2,80;3,50;100;-0,80;-1,20;
2026-07-17 23:39:00.0;OFF;ON;90;-3,30;-4;-0,60;9,80;95,30;116,50;2,80;3,50;100;-0,80;-1,20;
2026-07-17 23:40:00.0;OFF;ON;90;-3,40;-4;-0,60;9,80;95,20;116,50;2,70;3,50;100;-0,80;-1,20;
2026-07-17 23:41:00.0;OFF;ON;90;-3,30;-4;-0,60;9,80;95,20;116,50;2,70;3,50;100;-0,80;-1,20;
2026-07-17 23:42:00.0;OFF;ON;90;-3,30;-4;-0,60;9,80;95,30;116,50;2,80;3,50;100;-0,80;-1,20;
2026-07-17 23:43:00.0;OFF;ON;90;-3,30;-4;-0,60;9,80;95,30;116,50;2,70;3,50;100;-0,80;-1,20;
2026-07-17 23:44:00.0;OFF;ON;90;-3,40;-4;-0,70;9,70;95,30;116,50;2,70;3,50;100;-0,80;-1,20;
2026-07-17 23:45:00.0;OFF;ON;90;-3,40;-4;-0,70;9,70;95,40;116,50;2,70;3,50;100;-0,80;-1,20;
2026-07-17 23:46:00.0;OFF;ON;90;-3,40;-4;-0,70;9,70;95,30;116,50;2,70;3,50;100;-0,80;-1,20;
2026-07-17 23:47:00.0;OFF;ON;90;-3,30;-4;-0,70;9,70;95,30;116,50;2,70;3,50;100;-0,80;-1,20;
2026-07-17 23:48:00.0;OFF;ON;90;-3,40;-4;-0,70;9,60;95,30;116,50;2,70;3,50;100;-0,80;-1,20;
2026-07-17 23:49:00.0;OFF;ON;90;-3,30;-4;-0,70;9,60;95,30;116,50;2,60;3,50;100;-0,80;-1,20;
2026-07-17 23:50:00.0;OFF;ON;90;-3,40;-4;-0,70;9,60;95,20;116,50;2,70;3,50;100;-0,80;-1,20;
2026-07-17 23:51:00.0;OFF;ON;90;-3,40;-4;-0,70;9,60;95,20;116,50;2,70;3,50;100;-0,80;-1,20;
2026-07-17 23:52:00.0;OFF;ON;90;-3,40;-4;-0,70;9,50;95,20;116,50;2,60;3,50;100;-0,80;-1,20;
2026-07-17 23:53:00.0;OFF;ON;90;-3,30;-4;-0,70;9,50;95,20;116,50;2,60;3,50;100;-0,80;-1,20;
2026-07-17 23:54:00.0;OFF;ON;90;-3,40;-4;-0,70;9,50;95,30;116,50;2,70;3,50;100;-0,80;-1,20;
2026-07-17 23:55:00.0;OFF;ON;90;-3,40;-4;-0,70;9,50;95,40;116,50;2,60;3,50;100;-0,90;-1,20;
2026-07-17 23:56:00.0;OFF;ON;90;-3,40;-4;-0,70;9,50;95,30;116,50;2,70;3,50;100;-0,90;-1,20;
2026-07-17 23:57:00.0;OFF;ON;90;-3,40;-4;-0,70;9,40;95,30;116,50;2,70;3,50;100;-0,90;-1,20;
2026-07-17 23:58:00.0;OFF;ON;90;-3,30;-4;-0,70;9,40;95,20;116,50;2,70;3,50;100;-0,90;-1,20;
2026-07-17 23:59:00.0;OFF;ON;90;-3,40;-4;-0,70;9,40;95,20;116,50;2,70;3,50;100;-0,90;-1,20;
