CamCarcacas2;
2026-07-21 00:00;2026-07-22 00:00;
12144 Frigorífico Thoms;
ayron.costa;
" ";CPCO 51 - Câmara de carcaças - Controle de temperatura 1;CPCO 51 - Câmara de carcaças - Controle de temperatura 1;CPCO 51 - Câmara de carcaças - Controle de temperatura 1;CPCO 51 - Câmara de carcaças - Controle de temperatura 1;CPCO 51 - Câmara de carcaças - Controle de temperatura 1;CPCO 51 - Câmara de carcaças - Controle de temperatura 1;CPCO 52 - Câmara de carcaças - Controle de temperatura 2;CPCO 52 - Câmara de carcaças - Controle de temperatura 2;CPCO 53 - Balança;CPCO 51 - Câmara de carcaças - Controle de temperatura 1;CPCO 51 - Câmara de carcaças - Controle de temperatura 1;CPCO 51 - Câmara de carcaças - Controle de temperatura 1;CPCO 51 - Câmara de carcaças - Controle de temperatura 1;CPCO 54 - Câmara de carcaças - Controle de temperatura 3;
" ";Carregamento;Resfriamento;Saida Y1 - Ventiladores EC;Temp entrada glicol;Temp ref;Temp retorno ar;Temperatuda espeto;Umidade relativa da camara;Peso atual;DT Atual;DT ref;Cap Atual Valvula;Temp retorno ar M1A08;Temp Insuf de ar M1A08;" ";
2026-07-21 00:00:00.0;OFF;ON;90;-3,40;-3,80;-0,30;10,70;94,20;107,60;3,10;3,50;100;-0,50;-1,30;
2026-07-21 00:01:00.0;OFF;ON;90;-3,40;-3,80;-0,30;10,60;94,30;107,60;3,20;3,50;99,50;-0,50;-1,30;
2026-07-21 00:02:00.0;OFF;ON;90;-3,40;-3,80;-0,30;10,60;94,30;107,60;3,10;3,50;100;-0,50;-1,30;
2026-07-21 00:03:00.0;OFF;ON;90;-3,40;-3,80;-0,30;10,60;94,30;107,60;3,10;3,50;100;-0,50;-1,30;
2026-07-21 00:04:00.0;OFF;ON;90;-3,40;-3,80;-0,30;10,50;94,30;107,60;3,10;3,50;99,40;-0,50;-1,30;
2026-07-21 00:05:00.0;OFF;ON;90;-3,40;-3,80;-0,30;10,50;94,20;107,60;3,10;3,50;99,50;-0,50;-1,30;
2026-07-21 00:06:00.0;OFF;ON;90;-3,40;-3,80;-0,30;10,50;94,20;107,60;3;3,50;100;-0,60;-1,30;
2026-07-21 00:07:00.0;OFF;ON;90;-3,40;-3,80;-0,30;10,50;94,20;107,60;3,10;3,50;99,60;-0,50;-1,30;
2026-07-21 00:08:00.0;OFF;ON;90;-3,40;-3,80;-0,30;10,40;94,20;107,60;3;3,50;100;-0,50;-1,30;
2026-07-21 00:09:00.0;OFF;ON;90;-3,40;-3,80;-0,40;10,40;94,30;107,60;3;3,50;100;-0,60;-1,30;
2026-07-21 00:10:00.0;OFF;ON;90;-3,50;-3,90;-0,40;10,40;94,20;107,60;3,10;3,50;99,30;-0,60;-1,30;
2026-07-21 00:11:00.0;OFF;ON;90;-3,40;-3,90;-0,40;10,30;94,30;107,60;3,10;3,50;99,70;-0,60;-1,30;
2026-07-21 00:12:00.0;OFF;ON;90;-3,50;-3,90;-0,40;10,30;94,30;107,60;3,10;3,50;99,40;-0,60;-1,30;
2026-07-21 00:13:00.0;OFF;ON;90;-3,40;-3,90;-0,40;10,30;94,30;107,60;3;3,50;100;-0,60;-1,30;
2026-07-21 00:14:00.0;OFF;ON;90;-3,40;-3,90;-0,40;10,30;94,20;107,60;3;3,50;100;-0,60;-1,30;
2026-07-21 00:15:00.0;OFF;ON;90;-3,40;-3,90;-0,40;10,20;94,30;107,60;3;3,50;99,70;-0,60;-1,30;
2026-07-21 00:16:00.0;OFF;ON;90;-3,50;-3,90;-0,40;10,20;94,30;107,60;3,10;3,50;99,40;-0,60;-1,40;
2026-07-21 00:17:00.0;OFF;ON;90;-3,40;-3,90;-0,40;10,20;94,20;107,60;3;3,50;100;-0,60;-1,40;
2026-07-21 00:18:00.0;OFF;ON;90;-3,40;-3,90;-0,40;10,10;94,30;107,60;3;3,50;100;-0,60;-1,40;
2026-07-21 00:19:00.0;OFF;ON;90;-3,50;-3,90;-0,40;10,10;94,20;107,60;3,10;3,50;99,50;-0,60;-1,40;
2026-07-21 00:20:00.0;OFF;ON;90;-3,40;-3,90;-0,40;10,10;94,10;107,60;3;3,50;99,80;-0,60;-1,40;
2026-07-21 00:21:00.0;OFF;ON;90;-3,40;-3,90;-0,40;10,10;94,20;107,60;2,90;3,50;100;-0,70;-1,40;
2026-07-21 00:22:00.0;OFF;ON;90;-3,40;-3,90;-0,50;10;94,20;107,60;3;3,50;99,60;-0,70;-1,40;
2026-07-21 00:23:00.0;OFF;ON;90;-3,40;-4;-0,50;10;94,30;107,60;2,90;3,50;100;-0,70;-1,40;
2026-07-21 00:24:00.0;OFF;ON;90;-3,40;-4;-0,50;10;94,30;107,60;3;3,50;99,50;-0,70;-1,40;
2026-07-21 00:25:00.0;OFF;ON;90;-3,50;-4;-0,50;10;94,30;107,60;3;3,50;99,50;-0,70;-1,40;
2026-07-21 00:26:00.0;OFF;ON;90;-3,40;-4;-0,50;9,90;94,30;107,60;3;3,50;99,40;-0,70;-1,40;
2026-07-21 00:27:00.0;OFF;ON;90;-3,40;-4;-0,50;9,90;94,30;107,60;2,90;3,50;100;-0,70;-1,40;
2026-07-21 00:28:00.0;OFF;ON;90;-3,40;-4;-0,50;9,90;94,20;107,60;2,90;3,50;99,50;-0,70;-1,40;
2026-07-21 00:29:00.0;OFF;ON;90;-3,40;-4;-0,50;9,90;94,30;107,60;2,90;3,50;99,50;-0,70;-1,40;
2026-07-21 00:30:00.0;OFF;ON;90;-3,40;-4;-0,50;9,90;94,30;107,60;2,90;3,50;99,70;-0,70;-1,40;
2026-07-21 00:31:00.0;OFF;ON;90;-3,40;-4;-0,50;9,80;94,30;107,60;2,90;3,50;100;-0,70;-1,40;
2026-07-21 00:32:00.0;OFF;ON;90;-3,40;-4;-0,50;9,80;94,30;107,60;2,90;3,50;100;-0,70;-1,40;
2026-07-21 00:33:00.0;OFF;ON;90;-3,50;-4;-0,50;9,80;94,30;107,60;3;3,50;99,50;-0,70;-1,40;
2026-07-21 00:34:00.0;OFF;ON;90;-3,40;-4;-0,50;9,80;94,30;107,60;2,90;3,50;100;-0,70;-1,40;
2026-07-21 00:35:00.0;OFF;ON;90;-3,50;-4;-0,50;9,70;94,30;107,60;3;3,50;99,50;-0,70;-1,40;
2026-07-21 00:36:00.0;OFF;ON;90;-3,40;-4;-0,50;9,70;94,30;107,60;2,80;3,50;100;-0,80;-1,40;
2026-07-21 00:37:00.0;OFF;ON;90;-3,50;-4;-0,60;9,70;94,30;107,60;3;3,50;99,40;-0,70;-1,40;
2026-07-21 00:38:00.0;OFF;ON;90;-3,40;-4;-0,60;9,70;94,30;107,60;2,90;3,50;100;-0,80;-1,40;
2026-07-21 00:39:00.0;OFF;ON;90;-3,40;-4;-0,60;9,60;94,30;107,60;2,80;3,50;100;-0,80;-1,40;
2026-07-21 00:40:00.0;OFF;ON;90;-3,40;-4;-0,60;9,60;94,30;107,60;2,90;3,50;99,70;-0,80;-1,40;
2026-07-21 00:41:00.0;OFF;ON;90;-3,40;-4;-0,60;9,60;94,30;107,60;2,80;3,50;99,70;-0,80;-1,40;
2026-07-21 00:42:00.0;OFF;ON;90;-3,40;-4;-0,60;9,60;94,30;107,60;2,90;3,50;99,50;-0,80;-1,40;
2026-07-21 00:43:00.0;OFF;ON;90;-3,40;-4;-0,60;9,50;94,30;107,60;2,80;3,50;100;-0,80;-1,40;
2026-07-21 00:44:00.0;OFF;ON;90;-3,30;-4;-0,60;9,50;94,30;107,60;2,80;3,50;100;-0,80;-1,40;
2026-07-21 00:45:00.0;OFF;ON;90;-3,40;-4;-0,60;9,50;94,30;107,60;2,80;3,50;99,50;-0,80;-1,40;
2026-07-21 00:46:00.0;OFF;ON;90;-3,40;-4;-0,60;9,50;94,40;107,60;2,80;3,50;100;-0,80;-1,40;
2026-07-21 00:47:00.0;OFF;ON;90;-3,40;-4;-0,60;9,50;94,40;107,60;2,80;3,50;99,50;-0,80;-1,40;
2026-07-21 00:48:00.0;OFF;ON;90;-3,30;-4;-0,60;9,40;94,50;107,60;2,70;3,50;100;-0,80;-1,40;
2026-07-21 00:49:00.0;OFF;ON;90;-3,40;-4;-0,60;9,40;94,50;107,60;2,80;3,50;99,40;-0,80;-1,40;
2026-07-21 00:50:00.0;OFF;ON;90;-3,30;-4;-0,60;9,40;94,40;107,60;2,70;3,50;100;-0,80;-1,40;
2026-07-21 00:51:00.0;OFF;ON;90;-3,30;-4;-0,60;9,40;94,40;107,60;2,70;3,50;100;-0,80;-1,40;
2026-07-21 00:52:00.0;OFF;ON;90;-3,30;-4;-0,60;9,30;94,40;107,60;2,70;3,50;100;-0,80;-1,40;
2026-07-21 00:53:00.0;OFF;ON;90;-3,30;-4;-0,60;9,30;94,30;107,60;2,70;3,50;100;-0,80;-1,40;
2026-07-21 00:54:00.0;OFF;ON;90;-3,40;-4;-0,60;9,30;94,40;107,60;2,80;3,50;99,50;-0,80;-1,40;
2026-07-21 00:55:00.0;OFF;ON;90;-3,30;-4;-0,60;9,30;94,40;107,60;2,70;3,50;100;-0,80;-1,40;
2026-07-21 00:56:00.0;OFF;ON;90;-3,40;-4;-0,60;9,20;94,40;107,60;2,80;3,50;99,50;-0,80;-1,40;
2026-07-21 00:57:00.0;OFF;ON;90;-3,40;-4;-0,60;9,20;94,50;107,60;2,80;3,50;99,50;-0,80;-1,40;
2026-07-21 00:58:00.0;OFF;ON;90;-3,40;-4;-0,60;9,20;94,40;107,60;2,80;3,50;99,50;-0,90;-1,40;
2026-07-21 00:59:00.0;OFF;ON;90;-3,30;-4;-0,60;9,20;94,40;107,60;2,70;3,50;100;-0,90;-1,40;
2026-07-21 01:00:00.0;OFF;ON;90;-3,30;-4;-0,60;9,20;94,40;107,60;2,70;3,50;100;-0,80;-1,40;
2026-07-21 01:01:00.0;OFF;ON;90;-3,40;-4;-0,70;9,10;94,40;107,60;2,80;3,50;99,50;-0,80;-1,40;
2026-07-21 01:02:00.0;OFF;ON;90;-3,40;-4;-0,70;9,10;94,40;107,60;2,80;3,50;99,40;-0,90;-1,40;
2026-07-21 01:03:00.0;OFF;ON;90;-3,30;-4;-0,70;9,10;94,40;107,60;2,60;3,50;100;-0,90;-1,40;
2026-07-21 01:04:00.0;OFF;ON;90;-3,40;-4;-0,70;9,10;94,40;107,60;2,70;3,50;99,40;-0,90;-1,40;
2026-07-21 01:05:00.0;OFF;ON;90;-3,40;-4;-0,70;9;94,40;107,60;2,70;3,50;99,70;-0,90;-1,50;
2026-07-21 01:06:00.0;OFF;ON;90;-3,40;-4;-0,70;9;94,40;107,60;2,70;3,50;99,40;-0,90;-1,50;
2026-07-21 01:07:00.0;OFF;ON;90;-3,40;-4;-0,70;9;94,30;107,60;2,70;3,50;99,50;-0,90;-1,50;
2026-07-21 01:08:00.0;OFF;ON;90;-3,40;-4;-0,70;9;94,30;107,60;2,70;3,50;99,40;-0,90;-1,50;
2026-07-21 01:09:00.0;OFF;ON;90;-3,30;-4;-0,70;8,90;94,40;107,60;2,60;3,50;100;-0,90;-1,50;
2026-07-21 01:10:00.0;OFF;ON;90;-3,40;-4;-0,70;8,90;94,40;107,60;2,70;3,50;100;-0,90;-1,50;
2026-07-21 01:11:00.0;OFF;ON;90;-3,40;-4;-0,70;8,90;94,40;107,50;2,70;3,50;99,40;-0,90;-1,50;
2026-07-21 01:12:00.0;OFF;ON;90;-3,40;-4;-0,70;8,90;94,40;107,50;2,70;3,50;99,50;-0,90;-1,50;
2026-07-21 01:13:00.0;OFF;ON;90;-3,40;-4;-0,70;8,80;94,40;107,60;2,60;3,50;100;-0,90;-1,50;
2026-07-21 01:14:00.0;OFF;ON;90;-3,40;-4;-0,70;8,80;94,50;107,50;2,70;3,50;99,70;-0,90;-1,50;
2026-07-21 01:15:00.0;OFF;ON;90;-3,30;-4;-0,70;8,80;94,30;107,50;2,60;3,50;100;-0,90;-1,50;
2026-07-21 01:16:00.0;OFF;ON;90;-3,40;-4;-0,70;8,80;94,40;107,50;2,70;3,50;99,50;-1;-1,50;
2026-07-21 01:17:00.0;OFF;ON;90;-3,30;-4;-0,70;8,80;94,40;107,50;2,60;3,50;100;-0,90;-1,50;
2026-07-21 01:18:00.0;OFF;ON;90;-3,30;-4;-0,70;8,70;94,40;107,50;2,60;3,50;100;-0,90;-1,50;
2026-07-21 01:19:00.0;OFF;ON;90;-3,30;-4;-0,80;8,70;94,40;107,50;2,60;3,50;100;-1;-1,50;
2026-07-21 01:20:00.0;OFF;ON;90;-3,40;-4;-0,80;8,70;94,40;107,50;2,60;3,50;100;-1;-1,50;
2026-07-21 01:21:00.0;OFF;ON;90;-3,40;-4;-0,80;8,70;94,30;107,50;2,60;3,50;99,70;-1;-1,50;
2026-07-21 01:22:00.0;OFF;ON;90;-3,40;-4;-0,80;8,60;94,40;107,50;2,60;3,50;99,70;-1;-1,50;
2026-07-21 01:23:00.0;OFF;ON;90;-3,30;-4;-0,80;8,60;94,40;107,50;2,60;3,50;100;-1;-1,50;
2026-07-21 01:24:00.0;OFF;ON;90;-3,30;-4;-0,80;8,60;94,40;107,50;2,60;3,50;100;-1;-1,50;
2026-07-21 01:25:00.0;OFF;ON;90;-3,40;-4;-0,80;8,60;94,40;107,50;2,60;3,50;99,50;-1;-1,50;
2026-07-21 01:26:00.0;OFF;ON;90;-3,30;-4;-0,80;8,50;94,50;107,50;2,50;3,50;100;-1;-1,50;
2026-07-21 01:27:00.0;OFF;ON;90;-3,40;-4;-0,80;8,50;94,50;107,50;2,60;3,50;100;-1;-1,50;
2026-07-21 01:28:00.0;OFF;ON;90;-3,40;-4;-0,80;8,50;94,50;107,50;2,60;3,50;100;-1;-1,50;
2026-07-21 01:29:00.0;OFF;ON;90;-3,40;-4;-0,80;8,50;94,40;107,50;2,60;3,50;100;-1;-1,50;
2026-07-21 01:30:00.0;OFF;ON;90;-3,30;-4;-0,80;8,50;94,40;107,50;2,50;3,50;100;-1;-1,50;
2026-07-21 01:31:00.0;OFF;ON;90;-3,40;-4;-0,80;8,40;94,40;107,50;2,60;3,50;99,60;-1;-1,50;
2026-07-21 01:32:00.0;OFF;ON;90;-3,40;-4;-0,80;8,40;94,40;107,50;2,60;3,50;99,80;-1;-1,50;
2026-07-21 01:33:00.0;OFF;ON;90;-3,30;-4;-0,80;8,40;94,40;107,50;2,50;3,50;100;-1;-1,50;
2026-07-21 01:34:00.0;OFF;ON;90;-3,30;-4;-0,80;8,40;94,40;107,50;2,50;3,50;100;-1;-1,50;
2026-07-21 01:35:00.0;OFF;ON;90;-3,40;-4;-0,80;8,30;94,40;107,50;2,60;3,50;99,50;-1;-1,50;
2026-07-21 01:36:00.0;OFF;ON;90;-3,40;-4;-0,80;8,30;94,50;107,50;2,60;3,50;99,50;-1;-1,50;
2026-07-21 01:37:00.0;OFF;ON;90;-3,30;-4;-0,80;8,30;94,40;107,50;2,50;3,50;100;-1;-1,50;
2026-07-21 01:38:00.0;OFF;ON;90;-3,40;-4;-0,80;8,30;94,40;107,50;2,60;3,50;99,50;-1;-1,50;
2026-07-21 01:39:00.0;OFF;ON;90;-3,30;-4;-0,90;8,20;94,50;107,50;2,50;3,50;100;-1,10;-1,50;
2026-07-21 01:40:00.0;OFF;ON;90;-3,40;-4;-0,90;8,20;94,50;107,50;2,60;3,50;99,50;-1;-1,50;
2026-07-21 01:41:00.0;OFF;ON;90;-3,40;-4;-0,80;8,20;94,50;107,50;2,60;3,50;99,50;-1;-1,50;
2026-07-21 01:42:00.0;OFF;ON;90;-3,40;-4;-0,90;8,20;94,40;107,50;2,50;3,50;100;-1,10;-1,50;
2026-07-21 01:43:00.0;OFF;ON;90;-3,30;-4;-0,90;8,10;94,50;107,50;2,50;3,50;100;-1,10;-1,60;
2026-07-21 01:44:00.0;OFF;ON;90;-3,40;-4;-0,90;8,10;94,50;107,50;2,50;3,50;99,70;-1,10;-1,60;
2026-07-21 01:45:00.0;OFF;ON;90;-3,30;-4;-0,90;8,10;94,50;107,50;2,50;3,50;100;-1,10;-1,60;
2026-07-21 01:46:00.0;OFF;ON;90;-3,40;-4;-0,90;8,10;94,50;107,50;2,50;3,50;100;-1,10;-1,60;
2026-07-21 01:47:00.0;OFF;ON;90;-3,30;-4;-0,90;8;94,50;107,50;2,40;3,50;100;-1,10;-1,60;
2026-07-21 01:48:00.0;OFF;ON;90;-3,30;-4;-0,90;8;94,50;107,50;2,40;3,50;100;-1,10;-1,60;
2026-07-21 01:49:00.0;OFF;ON;90;-3,40;-4;-0,90;8;94,50;107,50;2,50;3,50;100;-1,10;-1,60;
2026-07-21 01:50:00.0;OFF;ON;90;-3,40;-4;-0,90;8;94,50;107,50;2,50;3,50;99,50;-1,10;-1,60;
2026-07-21 01:51:00.0;OFF;ON;90;-3,30;-4;-0,90;7,90;94,50;107,50;2,40;3,50;100;-1,10;-1,60;
2026-07-21 01:52:00.0;OFF;ON;90;-3,40;-4;-0,90;7,90;94,50;107,50;2,50;3,50;99,60;-1,10;-1,60;
2026-07-21 01:53:00.0;OFF;ON;90;-3,30;-4;-0,90;7,90;94,50;107,50;2,40;3,50;100;-1,10;-1,60;
2026-07-21 01:54:00.0;OFF;ON;90;-3,40;-4;-0,90;7,90;94,50;107,50;2,40;3,50;100;-1,10;-1,60;
2026-07-21 01:55:00.0;OFF;ON;90;-3,30;-4;-0,90;7,80;94,50;107,50;2,40;3,50;100;-1,10;-1,60;
2026-07-21 01:56:00.0;OFF;ON;90;-3,30;-4;-0,90;7,80;94,50;107,50;2,40;3,50;100;-1,10;-1,60;
2026-07-21 01:57:00.0;OFF;ON;90;-3,30;-4;-0,90;7,80;94,60;107,50;2,40;3,50;100;-1,10;-1,60;
2026-07-21 01:58:00.0;OFF;ON;90;-3,30;-4;-0,90;7,80;94,60;107,50;2,40;3,50;100;-1,10;-1,60;
2026-07-21 01:59:00.0;OFF;ON;90;-3,30;-4;-0,90;7,70;94,50;107,50;2,40;3,50;100;-1,10;-1,60;
2026-07-21 02:00:00.0;OFF;ON;90;-3,40;-4;-0,90;7,70;94,50;107,50;2,50;3,50;99,50;-1,10;-1,60;
2026-07-21 02:01:00.0;OFF;ON;90;-3,40;-4;-0,90;7,70;94,50;107,50;2,40;3,50;100;-1,10;-1,60;
2026-07-21 02:02:00.0;OFF;ON;90;-3,40;-4;-1;7,70;94,60;107,50;2,50;3,50;99,50;-1,10;-1,60;
2026-07-21 02:03:00.0;OFF;ON;90;-3,30;-4;-1;7,60;94,60;107,50;2,40;3,50;100;-1,20;-1,60;
2026-07-21 02:04:00.0;OFF;ON;90;-3,40;-4;-1;7,60;94,60;107,50;2,50;3,50;99,40;-1,20;-1,60;
2026-07-21 02:05:00.0;OFF;ON;90;-3,40;-4;-1;7,60;94,60;107,50;2,40;3,50;99,40;-1,20;-1,60;
2026-07-21 02:06:00.0;OFF;ON;90;-3,40;-4;-1;7,60;94,60;107,50;2,40;3,50;99,50;-1,20;-1,60;
2026-07-21 02:07:00.0;OFF;ON;90;-3,40;-4;-1;7,60;94,60;107,50;2,40;3,50;99,70;-1,20;-1,60;
2026-07-21 02:08:00.0;OFF;ON;90;-3,30;-4;-1;7,50;94,60;107,50;2,40;3,50;100;-1,20;-1,60;
2026-07-21 02:09:00.0;OFF;ON;90;-3,30;-4;-1;7,50;94,60;107,50;2,30;3,50;100;-1,20;-1,60;
2026-07-21 02:10:00.0;OFF;ON;90;-3,30;-4;-1;7,50;94,50;107,40;2,30;3,50;100;-1,20;-1,60;
2026-07-21 02:11:00.0;OFF;ON;90;-3,40;-4;-1;7,50;94,60;107,50;2,40;3,50;99,50;-1,20;-1,60;
2026-07-21 02:12:00.0;OFF;ON;90;-3,40;-4;-1;7,40;94,60;107,50;2,40;3,50;99,50;-1,20;-1,60;
2026-07-21 02:13:00.0;OFF;ON;90;-3,40;-4;-1;7,40;94,50;107,50;2,40;3,50;99,50;-1,20;-1,60;
2026-07-21 02:14:00.0;OFF;ON;90;-3,30;-4;-1;7,40;94,60;107,50;2,30;3,50;100;-1,20;-1,60;
2026-07-21 02:15:00.0;OFF;ON;90;-3,40;-4;-1;7,40;94,60;107,50;2,40;3,50;99,50;-1,20;-1,60;
2026-07-21 02:16:00.0;OFF;ON;90;-3,40;-4;-1;7,30;94,60;107,40;2,40;3,50;99,50;-1,20;-1,60;
2026-07-21 02:17:00.0;OFF;ON;90;-3,30;-4;-1;7,30;94,50;107,50;2,30;3,50;100;-1,20;-1,60;
2026-07-21 02:18:00.0;OFF;ON;90;-3,30;-4;-1;7,30;94,60;107,40;2,30;3,50;100;-1,20;-1,60;
2026-07-21 02:19:00.0;OFF;ON;90;-3,40;-4;-1;7,30;94,60;107,50;2,40;3,50;99,50;-1,20;-1,60;
2026-07-21 02:20:00.0;OFF;ON;90;-3,30;-4;-1;7,20;94,50;107,50;2,30;3,50;100;-1,20;-1,60;
2026-07-21 02:21:00.0;OFF;ON;90;-3,30;-4;-1;7,20;94,50;107,50;2,30;3,50;100;-1,20;-1,60;
2026-07-21 02:22:00.0;OFF;ON;90;-3,30;-4;-1;7,20;94,60;107,50;2,30;3,50;100;-1,20;-1,60;
2026-07-21 02:23:00.0;OFF;ON;90;-3,30;-4;-1;7,20;94,60;107,50;2,30;3,50;100;-1,20;-1,60;
2026-07-21 02:24:00.0;OFF;ON;90;-3,30;-4;-1;7,10;94,50;107,50;2,30;3,50;100;-1,20;-1,60;
2026-07-21 02:25:00.0;OFF;ON;90;-3,40;-4;-1;7,10;94,70;107,50;2,40;3,50;99,50;-1,20;-1,60;
2026-07-21 02:26:00.0;OFF;ON;90;-3,40;-4;-1;7,10;94,70;107,40;2,30;3,50;99,40;-1,20;-1,60;
2026-07-21 02:27:00.0;OFF;ON;90;-3,30;-4;-1;7,10;94,60;107,50;2,30;3,50;100;-1,20;-1,60;
2026-07-21 02:28:00.0;OFF;ON;90;-3,30;-4;-1,10;7;94,70;107,50;2,30;3,50;100;-1,20;-1,60;
2026-07-21 02:29:00.0;OFF;ON;90;-3,30;-4;-1,10;7;94,70;107,40;2,30;3,50;100;-1,20;-1,60;
2026-07-21 02:30:00.0;OFF;ON;90;-3,40;-4;-1,10;7;94,60;107,40;2,40;3,50;99,40;-1,20;-1,70;
2026-07-21 02:31:00.0;OFF;ON;90;-3,40;-4;-1,10;7;94,60;107,40;2,40;3,50;99,50;-1,20;-1,70;
2026-07-21 02:32:00.0;OFF;ON;90;-3,50;-4;-1,10;6,90;94,50;107,40;2,40;3,50;99,40;-1,20;-1,70;
2026-07-21 02:33:00.0;OFF;ON;90;-3,40;-4;-1,10;6,90;94,60;107,40;2,30;3,50;100;-1,30;-1,70;
2026-07-21 02:34:00.0;OFF;ON;90;-3,40;-4;-1,10;6,90;94,50;107,40;2,30;3,50;100;-1,30;-1,70;
2026-07-21 02:35:00.0;OFF;ON;90;-3,40;-4;-1;6,90;94,60;107,60;2,40;3,50;100;-1,30;-1,70;
2026-07-21 02:36:00.0;OFF;ON;90;-3,40;-4;-1;6,80;94,80;107,60;2,40;3,50;100;-1,30;-1,70;
2026-07-21 02:37:00.0;OFF;ON;90;-3,30;-4;-0,90;6,80;94,80;107,60;2,30;3,50;100;-1,30;-1,70;
2026-07-21 02:38:00.0;OFF;ON;90;-3,30;-4;-1;6,80;94,80;107,60;2,30;3,50;100;-1,30;-1,60;
2026-07-21 02:39:00.0;OFF;ON;90;-3,40;-4;-1;6,80;94,80;107,60;2,30;3,50;99,50;-1,20;-1,60;
2026-07-21 02:40:00.0;OFF;ON;90;-3,30;-4;-1;6,70;94,80;107,60;2,30;3,50;100;-1,30;-1,60;
2026-07-21 02:41:00.0;OFF;ON;90;-3,30;-4;-1;6,20;94,70;12;2,30;3,50;100;-1,30;-1,60;
2026-07-21 02:42:00.0;OFF;ON;50;-3,40;-3,70;-1;3,80;94,80;0,10;2,40;3,50;96,90;-1,30;-2;
2026-07-21 02:43:00.0;OFF;ON;50;-3,40;-3,40;-1;3,90;94,80;0;2,30;3,50;96;-1,40;-2,20;
2026-07-21 02:44:00.0;OFF;ON;50;-3,50;-3,20;-1,10;3,90;94,70;0;2,40;3,50;93,90;-1,50;-2,40;
2026-07-21 02:45:00.0;OFF;ON;50;-3,70;-3;-1,10;3,90;94,50;0;2,60;3,50;91,50;-1,50;-2,40;
2026-07-21 02:46:00.0;OFF;ON;50;-4,20;-2,90;-1,20;3,90;94,10;0;2,90;3,50;86;-1,50;-2,60;
2026-07-21 02:47:00.0;OFF;ON;50;-3,80;-2,80;-1,40;3,90;93,70;0;2,40;3,50;75,10;-1,60;-2,70;
2026-07-21 02:48:00.0;OFF;ON;50;-3,80;-1,10;-1,40;4,90;93,20;0;2,50;3,50;81,90;-1,70;-2,70;
2026-07-21 02:49:00.0;OFF;ON;50;-3,80;-2,70;-1,30;5;93,50;0;2,50;3,50;79,10;-1,60;-2,70;
2026-07-21 02:50:00.0;OFF;ON;50;-3,60;-2,70;-1,30;4,90;93,50;0;2,30;3,50;78,80;-1,60;-2,60;
2026-07-21 02:51:00.0;OFF;ON;50;-3,60;-2,60;-1,30;4,90;93,70;0;2,20;3,50;76,30;-1,60;-2,50;
2026-07-21 02:52:00.0;OFF;ON;50;-3,60;-2,50;-1,30;4,90;93,80;0;2,20;3,50;74,90;-1,60;-2,50;
2026-07-21 02:53:00.0;OFF;ON;50;-3,60;-2,40;-1,40;4,90;93,80;0;2,30;3,50;71,20;-1,60;-2,50;
2026-07-21 02:54:00.0;OFF;ON;50;-3,70;-2,40;-1,40;4,90;93,80;0;2,40;3,50;68,80;-1,60;-2,40;
2026-07-21 02:55:00.0;OFF;ON;50;-3,80;-2,30;-1,40;4,90;93,90;0;2,40;3,50;65,20;-1,60;-2,40;
2026-07-21 02:56:00.0;OFF;ON;50;-3,20;-2,10;-1,30;4,80;94;0;1,90;3,50;64,30;-1,50;-2,40;
2026-07-21 02:57:00.0;OFF;ON;50;-3;-2;-1,30;4,80;94;0;1,70;3,50;64,10;-1,50;-2,40;
2026-07-21 02:58:00.0;OFF;ON;50;-3,10;-1,90;-1,30;4,80;94,10;0;1,80;3,50;60,20;-1,50;-2,20;
2026-07-21 02:59:00.0;OFF;ON;50;-2,80;-1,70;-1,30;4,80;94,20;0;1,60;3,50;59,80;-1,50;-2,20;
2026-07-21 03:00:00.0;OFF;ON;50;-2,70;-1,60;-1,20;4,80;94,50;0;1,50;3,50;56,60;-1,40;-2,10;
2026-07-21 03:01:00.0;OFF;ON;50;-2,70;-1,50;-1,20;4,70;94,70;0;1,50;3,50;53,90;-1,40;-2;
2026-07-21 03:02:00.0;OFF;ON;50;-2,50;-1,30;-1,10;4,70;94,80;0;1,40;3,50;51,40;-1,30;-1,90;
2026-07-21 03:03:00.0;OFF;ON;50;-2,20;-1,10;-1;4,70;95;0;1,20;3,50;49,50;-1,30;-1,80;
2026-07-21 03:04:00.0;OFF;ON;50;-2,10;-0,90;-1;4,70;95,10;0;1,10;3,50;48,70;-1,20;-1,70;
2026-07-21 03:05:00.0;OFF;ON;50;-1,90;-0,80;-1;4,70;95,30;0;1;3,50;45,90;-1,20;-1,60;
2026-07-21 03:06:00.0;OFF;ON;50;-1,80;-0,60;-0,90;4,60;95,50;0;0,90;3,50;43,10;-1,10;-1,50;
2026-07-21 03:07:00.0;OFF;ON;50;-1,60;-0,40;-0,90;4,60;95,70;0;0,70;3,50;40,30;-1,10;-1,30;
2026-07-21 03:08:00.0;OFF;ON;50;-1,60;-0,30;-0,80;4,60;95,70;0;0,80;3,50;38,20;-1;-1,30;
2026-07-21 03:09:00.0;OFF;ON;50;-1,50;0;-0,80;4,60;95,90;0;0,70;3,50;35,50;-1;-1,20;
2026-07-21 03:10:00.0;OFF;ON;50;-1,20;0,20;-0,70;4,60;96,10;0;0,50;3,50;32,30;-0,90;-1;
2026-07-21 03:11:00.0;OFF;ON;50;-1,10;0,40;-0,60;4,50;96,30;0;0,40;3,50;30;-0,80;-0,90;
2026-07-21 03:12:00.0;OFF;ON;50;-0,90;0,50;-0,60;4,50;96,40;0;0,30;3,50;30;-0,80;-0,80;
2026-07-21 03:13:00.0;OFF;ON;50;-0,80;0,80;-0,50;4,50;96,60;0;0,30;3,50;30;-0,70;-0,70;
2026-07-21 03:14:00.0;OFF;ON;50;-0,50;1;-0,40;4,50;96,80;0;0,10;3,50;30;-0,60;-0,50;
2026-07-21 03:15:00.0;OFF;ON;50;-0,50;1,30;-0,40;4,50;96,80;0;0,10;3,50;30;-0,60;-0,50;
2026-07-21 03:16:00.0;OFF;ON;50;-0,40;1,40;-0,30;4,50;97,10;0;0,10;3,50;30;-0,50;-0,40;
2026-07-21 03:17:00.0;OFF;ON;50;-0,40;1,70;-0,30;4,40;97,20;0;0,10;3,50;30;-0,50;-0,30;
2026-07-21 03:18:00.0;OFF;ON;50;-0,20;1,90;-0,20;4,40;97,40;0;0;3,50;30;-0,40;-0,20;
2026-07-21 03:19:00.0;OFF;ON;50;-0,20;2,10;-0,20;4,40;97,50;0;0,10;3,50;30;-0,40;-0,20;
2026-07-21 03:20:00.0;OFF;ON;50;-0,20;2,30;-0,10;4,40;97,50;0;0,10;3,50;30;-0,30;-0,10;
2026-07-21 03:21:00.0;OFF;ON;50;-0,10;2,40;-0,10;4,40;97,60;0;0;3,50;30;-0,30;-0,10;
2026-07-21 03:22:00.0;OFF;ON;50;-0,10;2,40;-0,10;4,40;97,70;0;0,10;3,50;30;-0,30;0;
2026-07-21 03:23:00.0;OFF;ON;50;-0,10;2,40;-0,10;4,30;97,70;0;0,10;3,50;30;-0,30;0;
2026-07-21 03:24:00.0;OFF;ON;50;-0,10;2,50;0;4,30;97,70;0;0;3,50;30;-0,30;0;
2026-07-21 03:25:00.0;OFF;ON;50;-0,10;2,50;0;4,30;97,70;0;0,10;3,50;30;-0,20;0;
2026-07-21 03:26:00.0;OFF;ON;50;-0,10;2,50;0;4,30;97,80;0;0,10;3,50;30;-0,20;0;
2026-07-21 03:27:00.0;OFF;ON;50;-0,10;2,50;0;4,30;97,70;0;0,10;3,50;30;-0,20;0;
2026-07-21 03:28:00.0;OFF;ON;50;0;2,50;0;4,20;97,60;0;0;3,50;30;-0,20;0;
2026-07-21 03:29:00.0;OFF;ON;50;-0,10;2,50;0;4,20;97,60;0;0,10;3,50;30;-0,20;0,10;
2026-07-21 03:30:00.0;OFF;ON;50;0,10;2,60;0,10;4,20;97,60;0;0;3,50;30;-0,20;0,10;
2026-07-21 03:31:00.0;OFF;ON;50;0,10;2,60;0,10;4,20;97,70;0;0;3,50;30;-0,10;0,10;
2026-07-21 03:32:00.0;OFF;ON;50;0;2,60;0,10;4,20;97,70;0;0,10;3,50;30;-0,10;0,20;
2026-07-21 03:33:00.0;OFF;ON;50;0;2,60;0,10;4,20;97,60;0;0,20;3,50;30;-0,10;0,20;
2026-07-21 03:34:00.0;OFF;ON;50;0;2,60;0,10;4,10;97,60;0;0,10;3,50;30;-0,10;0,10;
2026-07-21 03:35:00.0;OFF;ON;50;0,10;2,60;0,10;4,10;97,60;0;0;3,50;30;-0,10;0,20;
2026-07-21 03:36:00.0;OFF;ON;50;0,10;2,70;0,20;4,10;97,60;0;0,10;3,50;30;-0,10;0,20;
2026-07-21 03:37:00.0;OFF;ON;50;0,10;2,70;0,20;4,10;97,50;0;0,20;3,50;30;-0,10;0,20;
2026-07-21 03:38:00.0;OFF;ON;50;0,10;2,70;0,30;4,10;97,60;0;0,20;3,50;30;-0,10;0,20;
2026-07-21 03:39:00.0;OFF;ON;50;0,10;2,80;0,30;4;97,60;0;0,10;3,50;30;-0,10;0,20;
2026-07-21 03:40:00.0;OFF;ON;50;0;2,80;0,30;4;97,60;0;0,30;3,50;30;-0,10;0,20;
2026-07-21 03:41:00.0;OFF;ON;50;0,10;2,80;0,30;4;97,60;0;0,20;3,50;30;0;0,20;
2026-07-21 03:42:00.0;OFF;ON;50;0;2,80;0,30;4;97,50;0;0,20;3,50;30;-0,10;0,20;
2026-07-21 03:43:00.0;OFF;ON;50;0,20;2,80;0,30;4;97,50;0;0,10;3,50;30;0;0,20;
2026-07-21 03:44:00.0;OFF;ON;50;-0,10;2,70;0,20;4;97,40;0;0,30;3,50;30;0;0,20;
2026-07-21 03:45:00.0;OFF;ON;50;0;2,70;0,20;3,90;97,40;0;0,20;3,50;30;0;0,20;
2026-07-21 03:46:00.0;OFF;ON;50;0,10;2,70;0,20;3,90;97,40;0;0,10;3,50;30;0;0,20;
2026-07-21 03:47:00.0;OFF;ON;50;0,10;2,70;0,20;3,90;97,30;0;0,10;3,50;30;0;0,20;
2026-07-21 03:48:00.0;OFF;ON;50;0,10;2,70;0,20;3,90;97,30;0;0,20;3,50;30;0;0,20;
2026-07-21 03:49:00.0;OFF;ON;50;0;2,70;0,20;3,90;97,30;0;0,30;3,50;30;0;0,20;
2026-07-21 03:50:00.0;OFF;ON;50;0,10;2,70;0,20;3,90;97,20;0;0,20;3,50;30;0;0,20;
2026-07-21 03:51:00.0;OFF;ON;50;0;2,70;0,20;3,80;97,20;0;0,20;3,50;30;0;0,20;
2026-07-21 03:52:00.0;OFF;ON;50;0,10;2,70;0,20;3,80;97,10;0;0,10;3,50;30;0;0,20;
2026-07-21 03:53:00.0;OFF;ON;50;0,10;2,70;0,20;3,80;97,10;0;0,10;3,50;30;0;0,20;
2026-07-21 03:54:00.0;OFF;ON;50;0,10;2,70;0,30;3,80;97,10;0;0,20;3,50;30;0;0,20;
2026-07-21 03:55:00.0;OFF;ON;50;0,20;2,80;0,30;3,80;97,20;0;0,10;3,50;30;0;0,30;
2026-07-21 03:56:00.0;OFF;ON;50;0,10;2,80;0,30;3,80;97,20;0;0,10;3,50;30;0;0,20;
2026-07-21 03:57:00.0;OFF;ON;50;0,10;2,80;0,30;3,70;97,10;0;0,20;3,50;30;0;0,20;
2026-07-21 03:58:00.0;OFF;ON;50;0,10;2,80;0,30;3,70;97,10;0;0,20;3,50;30;0;0,20;
2026-07-21 03:59:00.0;OFF;ON;50;0,20;2,80;0,30;3,70;97,10;0;0,10;3,50;30;0;0,20;
2026-07-21 04:00:00.0;OFF;ON;50;0,20;2,80;0,30;3,70;97,10;0;0,10;3,50;30;0;0,30;
2026-07-21 04:01:00.0;OFF;ON;50;0,10;2,80;0,30;3,70;97,10;0;0,20;3,50;30;0;0,30;
2026-07-21 04:02:00.0;OFF;ON;50;0,20;2,80;0,30;3,70;97,10;0;0,10;3,50;30;0;0,30;
2026-07-21 04:03:00.0;OFF;ON;50;0,20;2,80;0,30;3,60;97,10;0;0,10;3,50;30;0,10;0,30;
2026-07-21 04:04:00.0;OFF;ON;50;0,20;2,80;0,30;3,60;97,10;0;0,10;3,50;30;0,10;0,30;
2026-07-21 04:05:00.0;OFF;ON;50;0,20;2,80;0,30;3,60;97,10;0;0,10;3,50;30;0,10;0,30;
2026-07-21 04:06:00.0;OFF;ON;50;0,30;2,80;0,30;3,60;97,10;0;0;3,50;30;0,10;0,30;
2026-07-21 04:07:00.0;OFF;ON;50;0,30;2,80;0,30;3,60;97,10;0;0;3,50;30;0,10;0,30;
2026-07-21 04:08:00.0;OFF;ON;50;0,30;2,80;0,30;3,60;97,10;0;0;3,50;30;0,10;0,30;
2026-07-21 04:09:00.0;OFF;ON;50;0,40;2,80;0,30;3,50;97,10;0;0;3,50;30;0,10;0,30;
2026-07-21 04:10:00.0;OFF;ON;50;0,30;2,80;0,30;3,50;97,10;0;0,10;3,50;30;0,10;0,30;
2026-07-21 04:11:00.0;OFF;ON;50;0,40;2,80;0,30;3,50;97,10;0;-0,10;3,50;30;0,10;0,30;
2026-07-21 04:12:00.0;OFF;ON;50;0,50;2,80;0,30;3,50;97;0;-0,10;3,50;30;0,10;0,30;
2026-07-21 04:13:00.0;OFF;ON;50;0,50;2,80;0,30;3,50;97,10;0;-0,10;3,50;30;0,10;0,30;
2026-07-21 04:14:00.0;OFF;ON;50;0,40;2,80;0,30;3,50;97,10;0;0;3,50;30;0,10;0,30;
2026-07-21 04:15:00.0;OFF;ON;50;0,50;2,80;0,30;3,40;97;0;-0,20;3,50;30;0,10;0,30;
2026-07-21 04:16:00.0;OFF;ON;50;0,40;2,80;0,30;3,40;97,10;0;-0,10;3,50;30;0,10;0,30;
2026-07-21 04:17:00.0;OFF;ON;50;0,40;2,80;0,30;3,40;97;0;-0,10;3,50;30;0,10;0,30;
2026-07-21 04:18:00.0;OFF;ON;50;0,40;2,80;0,40;3,40;97,10;0;-0,10;3,50;30;0,10;0,30;
2026-07-21 04:19:00.0;OFF;ON;50;0,50;2,90;0,40;3,40;97,10;0;-0,10;3,50;30;0,10;0,30;
2026-07-21 04:20:00.0;OFF;ON;50;0,50;2,90;0,40;3,40;97,10;0;-0,10;3,50;30;0,10;0,30;
2026-07-21 04:21:00.0;OFF;ON;50;0,50;2,80;0,40;3,30;97;0;-0,10;3,50;30;0,10;0,30;
2026-07-21 04:22:00.0;OFF;ON;50;0,40;2,90;0,40;3,30;97;0;0;3,50;30;0,10;0,30;
2026-07-21 04:23:00.0;OFF;ON;50;0,60;2,90;0,40;3,30;97;0;-0,20;3,50;30;0,10;0,30;
2026-07-21 04:24:00.0;OFF;ON;50;0,60;2,90;0,40;3,30;97;0;-0,30;3,50;30;0,10;0,30;
2026-07-21 04:25:00.0;OFF;ON;50;0,50;2,90;0,40;3,30;97;0;-0,20;3,50;30;0,10;0,30;
2026-07-21 04:26:00.0;OFF;ON;50;0,50;2,90;0,40;3,30;97;0;-0,10;3,50;30;0,10;0,30;
2026-07-21 04:27:00.0;OFF;ON;50;0,60;2,90;0,40;3,30;97;0;-0,20;3,50;30;0,10;0,30;
2026-07-21 04:28:00.0;OFF;ON;50;0,50;2,90;0,40;3,20;97;0;-0,10;3,50;30;0,10;0,30;
2026-07-21 04:29:00.0;OFF;ON;50;0,50;2,90;0,40;3,20;97;0;-0,10;3,50;30;0,20;0,30;
2026-07-21 04:30:00.0;OFF;ON;50;0,60;2,90;0,40;3,20;97;0;-0,10;3,50;30;0,10;0,30;
2026-07-21 04:31:00.0;OFF;ON;50;0,60;2,90;0,40;3,20;97;0;-0,20;3,50;30;0,20;0,30;
2026-07-21 04:32:00.0;OFF;ON;50;0,70;2,90;0,40;3,20;97,10;0;-0,20;3,50;30;0,10;0,30;
2026-07-21 04:33:00.0;OFF;ON;50;0,60;3;0,50;3,20;97,10;0;-0,20;3,50;30;0,10;0,30;
2026-07-21 04:34:00.0;OFF;ON;50;0,60;3;0,50;3,20;97,10;0;-0,20;3,50;30;0,10;0,30;
2026-07-21 04:35:00.0;OFF;ON;50;0,70;3;0,50;3,10;97,10;0;-0,20;3,50;30;0,20;0,30;
2026-07-21 04:36:00.0;OFF;ON;50;0,80;3;0,50;3,10;97,10;0;-0,30;3,50;30;0,10;0,30;
2026-07-21 04:37:00.0;OFF;ON;50;0,80;3;0,50;3,10;97,10;0;-0,40;3,50;30;0,20;0,30;
2026-07-21 04:38:00.0;OFF;ON;50;0,70;3;0,50;3,10;97,10;0;-0,20;3,50;30;0,20;0,30;
2026-07-21 04:39:00.0;OFF;ON;50;0,90;3;0,50;3,10;97,10;0;-0,40;3,50;30;0,20;0,30;
2026-07-21 04:40:00.0;OFF;ON;50;0,90;3;0,50;3,10;97,10;0;-0,40;3,50;30;0,20;0,30;
2026-07-21 04:41:00.0;OFF;ON;50;0,90;3;0,50;3,10;97,10;0;-0,40;3,50;30;0,20;0,30;
2026-07-21 04:42:00.0;OFF;ON;50;0,90;3;0,50;3;97,10;0;-0,40;3,50;30;0,20;0,30;
2026-07-21 04:43:00.0;OFF;ON;50;0,90;3;0,50;3;97,10;0;-0,40;3,50;30;0,20;0,30;
2026-07-21 04:44:00.0;OFF;ON;50;0,80;3;0,50;3;97;0;-0,40;3,50;30;0,20;0,30;
2026-07-21 04:45:00.0;OFF;ON;50;0,70;3;0,40;3;97;0;-0,30;3,50;30;0,20;0,30;
2026-07-21 04:46:00.0;OFF;ON;50;0,80;2,90;0,40;3;97;0;-0,30;3,50;30;0,20;0,30;
2026-07-21 04:47:00.0;OFF;ON;50;1;2,90;0,40;3;97;0;-0,50;3,50;30;0,20;0,30;
2026-07-21 04:48:00.0;OFF;ON;50;0,80;2,90;0,40;3;97;0;-0,30;3,50;30;0,20;0,30;
2026-07-21 04:49:00.0;OFF;ON;50;0,90;2,90;0,50;2,90;97;0;-0,40;3,50;30;0,20;0,30;
2026-07-21 04:50:00.0;OFF;ON;50;0,90;3;0,50;2,90;97;0;-0,40;3,50;30;0,20;0,30;
2026-07-21 04:51:00.0;OFF;ON;50;0,90;3;0,50;2,90;97;0;-0,50;3,50;30;0,20;0,30;
2026-07-21 04:52:00.0;OFF;ON;50;0,90;3;0,50;2,90;97;0;-0,40;3,50;30;0,20;0,40;
2026-07-21 04:53:00.0;OFF;ON;50;0,80;3;0,50;2,90;97,10;0;-0,30;3,50;30;0,20;0,40;
2026-07-21 04:54:00.0;OFF;ON;50;1;3;0,50;2,90;97,10;0;-0,50;3,50;30;0,20;0,40;
2026-07-21 04:55:00.0;OFF;ON;50;1;3;0,50;2,90;97,10;0;-0,50;3,50;30;0,20;0,40;
2026-07-21 04:56:00.0;OFF;ON;50;0,90;3;0,50;2,80;97,10;0;-0,40;3,50;30;0,20;0,40;
2026-07-21 04:57:00.0;OFF;ON;50;1;3;0,50;2,80;97,10;0;-0,50;3,50;30;0,30;0,40;
2026-07-21 04:58:00.0;OFF;ON;50;1;3;0,50;2,80;97,10;0;-0,50;3,50;30;0,30;0,40;
2026-07-21 04:59:00.0;OFF;ON;50;1;3;0,60;2,80;97,10;0;-0,40;3,50;30;0,30;0,40;
2026-07-21 05:00:00.0;OFF;ON;50;1,10;3,10;0,60;2,80;97,10;0;-0,50;3,50;30;0,30;0,40;
2026-07-21 05:01:00.0;OFF;ON;50;1,10;3,10;0,60;2,80;97,20;0;-0,50;3,50;30;0,30;0,50;
2026-07-21 05:02:00.0;OFF;ON;50;1,20;3,10;0,60;2,80;97,20;0;-0,50;3,50;30;0,30;0,50;
2026-07-21 05:03:00.0;OFF;ON;50;1,10;3,10;0,60;2,70;97,20;0;-0,40;3,50;30;0,40;0,50;
2026-07-21 05:04:00.0;OFF;ON;50;1,10;3,20;0,70;2,70;97,30;0;-0,50;3,50;30;0,40;0,50;
2026-07-21 05:05:00.0;OFF;ON;50;1,20;3,20;0,70;2,70;97,40;0;-0,50;3,50;30;0,40;0,60;
2026-07-21 05:06:00.0;OFF;ON;50;1,20;3,20;0,80;2,70;97,50;0;-0,50;3,50;30;0,40;0,60;
2026-07-21 05:07:00.0;OFF;ON;50;1,30;3,30;0,80;2,70;97,50;0;-0,50;3,50;30;0,50;0,70;
2026-07-21 05:08:00.0;OFF;ON;50;1,30;3,40;0,90;2,70;97,70;0;-0,50;3,50;30;0,50;0,80;
2026-07-21 05:09:00.0;OFF;ON;50;1,30;3,40;0,90;2,70;97,90;0;-0,40;3,50;30;0,60;0,90;
2026-07-21 05:10:00.0;OFF;ON;50;1,40;3,50;0,90;2,70;97,90;0;-0,50;3,50;30;0,60;1,10;
2026-07-21 05:11:00.0;OFF;ON;50;1,50;3,50;1;2,70;97,90;0;-0,50;3,50;30;0,70;1,20;
2026-07-21 05:12:00.0;OFF;ON;50;1,60;3,60;1,10;2,60;98;0;-0,50;3,50;30;0,80;1,40;
2026-07-21 05:13:00.0;OFF;ON;50;1,60;3,60;1,10;2,60;98,10;0;-0,40;3,50;30;0,90;1,50;
2026-07-21 05:14:00.0;OFF;ON;50;1,70;3,70;1,10;2,60;98,20;0;-0,50;3,50;30;0,90;1,50;
2026-07-21 05:15:00.0;OFF;ON;50;1,70;3,70;1,20;2,60;98,20;0;-0,50;3,50;30;0,90;1,60;
2026-07-21 05:16:00.0;OFF;ON;50;1,80;3,70;1,20;2,60;98,20;0;-0,50;3,50;30;1;1,60;
2026-07-21 05:17:00.0;OFF;ON;50;1,70;3,80;1,30;2,60;98,20;0;-0,40;3,50;30;1;1,70;
2026-07-21 05:18:00.0;OFF;ON;50;1,80;3,80;1,30;2,60;98,20;0;-0,50;3,50;30;1;1,70;
2026-07-21 05:19:00.0;OFF;ON;50;2;3,80;1,30;2,60;98,20;0;-0,70;3,50;30;1,10;1,80;
2026-07-21 05:20:00.0;OFF;ON;50;1,80;3,90;1,30;2,50;98,20;0;-0,50;3,50;30;1,10;1,80;
2026-07-21 05:21:00.0;OFF;ON;50;1,80;3,90;1,40;2,50;98,20;0;-0,50;3,50;30;1,10;1,80;
2026-07-21 05:22:00.0;OFF;ON;50;1,90;3,90;1,40;2,50;98,20;0;-0,50;3,50;30;1,20;1,80;
2026-07-21 05:23:00.0;OFF;ON;50;2,10;3,90;1,40;2,50;98,20;0;-0,70;3,50;30;1,20;1,90;
2026-07-21 05:24:00.0;OFF;ON;50;2,10;4;1,50;2,50;98,30;0;-0,60;3,50;30;1,20;1,90;
2026-07-21 05:25:00.0;OFF;ON;50;2;4;1,50;2,50;98,30;0;-0,50;3,50;30;1,20;2;
2026-07-21 05:26:00.0;OFF;ON;50;2,20;4;1,50;2,50;98,20;0;-0,70;3,50;30;1,30;2;
2026-07-21 05:27:00.0;OFF;ON;50;2,10;4;1,50;2,50;98,20;0;-0,50;3,50;30;1,30;2;
2026-07-21 05:28:00.0;OFF;ON;50;2,10;4;1,50;2,40;98,30;0;-0,50;3,50;30;1,30;2;
2026-07-21 05:29:00.0;OFF;ON;50;2;4,10;1,60;2,40;98,30;0;-0,50;3,50;30;1,30;2,10;
2026-07-21 05:30:00.0;OFF;ON;50;2,10;4,10;1,60;2,40;98,30;0;-0,50;3,50;30;1,40;2,10;
2026-07-21 05:31:00.0;OFF;ON;50;2,30;4,10;1,60;2,40;98,30;0;-0,70;3,50;30;1,40;2,10;
2026-07-21 05:32:00.0;OFF;ON;50;2,20;4,10;1,60;2,40;98,30;0;-0,60;3,50;30;1,40;2,10;
2026-07-21 05:33:00.0;OFF;ON;50;2,10;4,10;1,60;2,40;98,30;0;-0,40;3,50;30;1,40;2,10;
2026-07-21 05:34:00.0;OFF;ON;50;2,30;4,20;1,70;2,40;98,30;0;-0,70;3,50;30;1,40;2,10;
2026-07-21 05:35:00.0;OFF;ON;50;2,30;4,20;1,70;2,40;98,30;0;-0,60;3,50;30;1,40;2,20;
2026-07-21 05:36:00.0;OFF;ON;50;2,40;4,20;1,70;2,40;98,30;0;-0,70;3,50;30;1,50;2,20;
2026-07-21 05:37:00.0;OFF;ON;50;2,20;4,20;1,70;2,30;98,30;0;-0,50;3,50;30;1,50;2,20;
2026-07-21 05:38:00.0;OFF;ON;50;2,40;4,20;1,70;2,30;98,30;0;-0,70;3,50;30;1,50;2,20;
2026-07-21 05:39:00.0;OFF;ON;50;2,40;4,20;1,70;2,30;98,30;0;-0,70;3,50;30;1,50;2,20;
2026-07-21 05:40:00.0;OFF;ON;50;2,40;4,30;1,80;2,30;98,30;0;-0,70;3,50;30;1,50;2,30;
2026-07-21 05:41:00.0;OFF;ON;50;2,40;4,30;1,80;2,30;98,30;0;-0,60;3,50;30;1,60;2,30;
2026-07-21 05:42:00.0;OFF;ON;50;2,40;4,30;1,80;2,30;98,30;0;-0,60;3,50;30;1,60;2,30;
2026-07-21 05:43:00.0;OFF;ON;50;2,50;4,30;1,80;2,30;98,30;0;-0,70;3,50;30;1,60;2,30;
2026-07-21 05:44:00.0;OFF;ON;50;2,40;4,30;1,80;2,30;98,30;0;-0,50;3,50;30;1,60;2,30;
2026-07-21 05:45:00.0;OFF;ON;50;2,40;4,30;1,80;2,20;98,30;0;-0,60;3,50;30;1,60;2,30;
2026-07-21 05:46:00.0;OFF;ON;50;2,40;4,30;1,80;2,20;98,30;0;-0,60;3,50;30;1,70;2,30;
2026-07-21 05:47:00.0;OFF;ON;50;2,60;4,40;1,90;2,20;98,30;0;-0,70;3,50;30;1,70;2,30;
2026-07-21 05:48:00.0;OFF;ON;50;2,40;4,40;1,90;2,20;98,30;0;-0,50;3,50;30;1,70;2,40;
2026-07-21 05:49:00.0;OFF;ON;50;2,40;4,40;1,90;2,20;98,30;0;-0,50;3,50;30;1,70;2,40;
2026-07-21 05:50:00.0;OFF;ON;50;2,40;4,40;1,90;2,20;98,30;0;-0,50;3,50;30;1,70;2,40;
2026-07-21 05:51:00.0;OFF;ON;50;2,50;4,40;1,90;2,20;98,30;0;-0,50;3,50;30;1,70;2,40;
2026-07-21 05:52:00.0;OFF;ON;50;2,50;4,40;1,90;2,20;98,30;0;-0,60;3,50;30;1,70;2,40;
2026-07-21 05:53:00.0;OFF;ON;50;2,40;4,50;2;2,20;98,30;0;-0,50;3,50;30;1,80;2,40;
2026-07-21 05:54:00.0;OFF;ON;50;2,50;4,50;2;2,20;98,30;0;-0,60;3,50;30;1,80;2,40;
2026-07-21 05:55:00.0;OFF;ON;50;2,50;4,50;2;2,10;98,30;0;-0,60;3,50;30;1,80;2,40;
2026-07-21 05:56:00.0;OFF;ON;50;2,70;4,50;2;2,10;98,30;0;-0,70;3,50;30;1,80;2,50;
2026-07-21 05:57:00.0;OFF;ON;50;2,50;3,50;2;2,10;98,30;0;-0,50;3,50;30;1,80;2,50;
2026-07-21 05:58:00.0;OFF;ON;50;2,70;3,50;2;2,10;98,20;0;-0,70;4,50;30;1,80;2,50;
2026-07-21 05:59:00.0;OFF;ON;50;2,70;3,50;2;2,10;98,20;0;-0,60;4,50;30;1,80;2,50;
2026-07-21 06:00:00.0;OFF;ON;50;2,60;3,50;2;2,10;98,20;0;-0,50;4,50;30;1,80;2,50;
2026-07-21 06:01:00.0;OFF;ON;50;2,60;3,60;2,10;2,10;98,20;0;-0,60;4,50;30;1,90;2,60;
2026-07-21 06:02:00.0;OFF;ON;50;2,70;3,60;2,10;2,10;98,20;0;-0,60;4,50;30;1,90;2,60;
2026-07-21 06:03:00.0;OFF;ON;50;2,70;3,60;2,10;2,10;98,20;0;-0,60;4,50;30;1,90;2,60;
2026-07-21 06:04:00.0;OFF;ON;50;2,60;3,60;2,10;2,10;98,20;0;-0,50;4,50;30;1,90;2,60;
2026-07-21 06:05:00.0;OFF;ON;50;2,60;3,60;2,10;2;98,20;0;-0,50;4,50;30;1,90;2,60;
2026-07-21 06:06:00.0;OFF;ON;50;2,70;3,60;2,10;2;98,20;0;-0,50;4,50;30;1,90;2,60;
2026-07-21 06:07:00.0;OFF;ON;50;2,90;3,60;2,10;2;98,20;0;-0,70;4,50;30;1,90;2,70;
2026-07-21 06:08:00.0;OFF;ON;50;2,80;3,70;2,20;0,60;98,20;2,20;-0,60;4,50;30;2;2,70;
2026-07-21 06:09:00.0;OFF;ON;50;2,80;3,80;2,20;0,30;98,20;0;-0,50;4,50;30;2;2,70;
2026-07-21 06:10:00.0;OFF;ON;50;3;3,80;2,30;-0,20;98,20;6,40;-0,70;4,50;30;2;2,70;
2026-07-21 06:11:00.0;OFF;ON;50;2,90;3,80;2,30;-0,30;98,20;0,90;-0,60;4,50;30;2,10;2,80;
2026-07-21 06:12:00.0;OFF;ON;50;3,10;3,90;2,30;-0,30;98,20;0;-0,70;4,50;30;2,10;2,80;
2026-07-21 06:13:00.0;OFF;ON;50;2,90;3,90;2,40;-0,30;98,20;0;-0,50;4,50;30;2,10;2,90;
2026-07-21 06:14:00.0;OFF;ON;50;2,90;3,90;2,40;-0,40;98,20;0;-0,60;4,50;30;2,10;2,80;
2026-07-21 06:15:00.0;OFF;ON;50;3,10;3,80;2,30;-0,50;98,20;0;-0,80;4,50;30;2,10;2,90;
2026-07-21 06:16:00.0;OFF;ON;50;3;3,90;2,40;-0,50;98,20;0;-0,60;4,50;30;2,20;2,90;
2026-07-21 06:17:00.0;OFF;ON;50;3;3,90;2,40;-0,50;98,20;0;-0,60;4,50;30;2,20;2,90;
2026-07-21 06:18:00.0;OFF;ON;50;3;3,90;2,40;-0,50;98,20;0;-0,70;4,50;30;2,20;2,90;
2026-07-21 06:19:00.0;OFF;ON;50;3;3,90;2,40;-0,50;98,20;0;-0,70;4,50;30;2,20;2,90;
2026-07-21 06:20:00.0;OFF;ON;50;3;3,90;2,40;-0,50;98,20;0;-0,60;4,50;30;2,20;2,90;
2026-07-21 06:21:00.0;OFF;ON;50;3;3,90;2,40;-0,50;98,20;0;-0,60;4,50;30;2,20;2,90;
2026-07-21 06:22:00.0;OFF;ON;50;3;3,90;2,40;-0,50;98,20;0;-0,60;4,50;30;2,20;2,90;
2026-07-21 06:23:00.0;OFF;ON;50;3,10;3,90;2,40;-0,50;98,20;0;-0,70;4,50;30;2,20;2,90;
2026-07-21 06:24:00.0;OFF;ON;50;3,10;3,90;2,40;-0,50;98,20;0;-0,60;4,50;30;2,20;3;
2026-07-21 06:25:00.0;OFF;ON;50;3,10;3,90;2,40;-0,40;98,20;0;-0,60;4,50;30;2,30;3;
2026-07-21 06:26:00.0;OFF;ON;50;3,20;3,90;2,40;-0,50;98,20;0;-0,70;4,50;30;2,30;2,90;
2026-07-21 06:27:00.0;OFF;ON;50;3,20;4;2,40;-0,50;98,20;0;-0,80;4,50;30;2,30;3;
2026-07-21 06:28:00.0;OFF;ON;50;3,10;4;2,50;-0,50;98,20;0;-0,60;4,50;30;2,30;3;
2026-07-21 06:29:00.0;OFF;ON;50;3;4;2,50;-0,50;98,20;0;-0,50;4,50;30;2,30;3;
2026-07-21 06:30:00.0;OFF;ON;50;3;4;2,50;-0,40;98,20;0;-0,50;4,50;30;2,30;3;
2026-07-21 06:31:00.0;OFF;ON;50;3,10;4;2,50;-0,30;98,20;0;-0,60;4,50;30;2,30;3;
2026-07-21 06:32:00.0;OFF;ON;50;3,20;4,10;2,50;-0,20;98,20;0;-0,60;4,50;30;2,30;3,10;
2026-07-21 06:33:00.0;OFF;ON;50;3,20;4,10;2,60;-0,20;98,20;0;-0,60;4,50;30;2,40;3,10;
2026-07-21 06:34:00.0;OFF;ON;50;3,30;4,10;2,60;-0,10;98,20;0;-0,70;4,50;30;2,40;3,10;
2026-07-21 06:35:00.0;OFF;ON;50;3,40;4,10;2,60;-0,10;98,20;0;-0,80;4,50;30;2,40;3,10;
2026-07-21 06:36:00.0;OFF;ON;50;3,30;4,20;2,70;-0,10;98,20;0;-0,60;4,50;30;2,50;3,20;
2026-07-21 06:37:00.0;OFF;ON;50;3,30;4,20;2,70;0;98,20;0;-0,60;4,50;30;2,50;3,20;
2026-07-21 06:38:00.0;OFF;ON;50;3,20;4,20;2,70;0;98,20;0;-0,50;4,50;30;2,50;3,20;
2026-07-21 06:39:00.0;OFF;ON;50;3,10;4,20;2,70;0;98,20;0;-0,40;4,50;30;2,50;3,20;
2026-07-21 06:40:00.0;OFF;ON;50;3;4,20;2,70;0;98,20;0;-0,30;4,50;30;2,50;3,10;
2026-07-21 06:41:00.0;OFF;ON;50;3;4,20;2,70;0,10;98,20;0;-0,30;4,50;30;2,50;3;
2026-07-21 06:42:00.0;OFF;ON;50;2,80;4,20;2,70;0;98,20;0;-0,20;4,50;30;2,50;2,90;
2026-07-21 06:43:00.0;OFF;ON;50;2,80;4,10;2,70;-0,10;98,20;0;-0,20;4,50;30;2,40;2,90;
2026-07-21 06:44:00.0;OFF;ON;50;2,90;4,10;2,60;-0,10;98,20;0;-0,30;4,50;30;2,40;2,90;
2026-07-21 06:45:00.0;OFF;ON;50;2,80;4,10;2,60;-0,10;98,30;0;-0,20;4,50;30;2,40;2,90;
2026-07-21 06:46:00.0;OFF;ON;50;2,70;4,10;2,60;-0,10;98,30;0;-0,10;4,50;30;2,40;2,80;
2026-07-21 06:47:00.0;OFF;ON;50;2,50;4,10;2,60;-0,10;98,30;0;0;4,50;30;2,40;2,70;
2026-07-21 06:48:00.0;OFF;ON;50;2,40;4;2,50;-0,20;98,30;0;0,10;4,50;30;2,30;2,60;
2026-07-21 06:49:00.0;OFF;ON;50;2,50;3,90;2,50;-0,30;98,30;0;-0,10;4,50;30;2,30;2,60;
2026-07-21 06:50:00.0;OFF;ON;50;2,50;3,90;2,40;-0,40;98,30;0;-0,10;4,50;30;2,20;2,60;
2026-07-21 06:51:00.0;OFF;ON;50;2,40;3,90;2,40;-0,40;98,30;0;0;4,50;30;2,20;2,60;
2026-07-21 06:52:00.0;OFF;ON;50;2,40;3,90;2,40;-0,50;98,30;0;-0,10;4,50;30;2,20;2,60;
2026-07-21 06:53:00.0;OFF;ON;50;2,40;3,80;2,40;-0,50;98,30;0;0;4,50;30;2,20;2,50;
2026-07-21 06:54:00.0;OFF;ON;50;2,20;3,80;2,30;-0,60;98,20;0;0,10;4,50;30;2,20;2,50;
2026-07-21 06:55:00.0;OFF;ON;50;2,20;3,80;2,30;-0,60;98,20;0;0,10;4,50;30;2,10;2,40;
2026-07-21 06:56:00.0;OFF;ON;50;2;3,80;2,30;-0,70;98,10;0;0,20;4,50;30;2,10;2,40;
2026-07-21 06:57:00.0;OFF;ON;50;2;3,70;2,20;-0,70;98,10;0;0,20;4,50;30;2,10;2,30;
2026-07-21 06:58:00.0;OFF;ON;50;2,10;3,70;2,20;-0,80;98;0;0,10;4,50;30;2;2,30;
2026-07-21 06:59:00.0;OFF;ON;50;2;3,70;2,20;-0,70;98;0;0,10;4,50;30;2;2,30;
2026-07-21 07:00:00.0;OFF;ON;50;2,10;3,70;2,20;-0,60;98;0;0,10;4,50;30;2;2,30;
2026-07-21 07:01:00.0;OFF;ON;50;2,20;3,70;2,20;-0,50;98;0;0,10;4,50;30;2;2,30;
2026-07-21 07:02:00.0;OFF;ON;50;2,10;3,70;2,20;-0,40;98;0;0,10;4,50;30;2;2,30;
2026-07-21 07:03:00.0;OFF;ON;50;2;3,70;2,20;-0,30;98;0;0,20;4,50;30;2;2,30;
2026-07-21 07:04:00.0;OFF;ON;50;2;3,70;2,20;-0,30;98;0;0,20;4,50;30;2;2,30;
2026-07-21 07:05:00.0;OFF;ON;50;2;3,70;2,20;-0,40;98;0;0,20;4,50;30;2;2,30;
2026-07-21 07:06:00.0;OFF;ON;50;1,90;3,70;2,20;-0,40;98;0;0,30;4,50;30;2;2,20;
2026-07-21 07:07:00.0;OFF;ON;50;2,10;3,70;2,20;-0,30;98;0;0,10;4,50;30;2;2,20;
2026-07-21 07:08:00.0;OFF;ON;50;2;3,70;2,20;-0,30;98;0;0,20;4,50;30;1,90;2,20;
2026-07-21 07:09:00.0;OFF;ON;50;2,10;3,70;2,20;-0,30;98;0;0,10;4,50;30;1,90;2,20;
2026-07-21 07:10:00.0;OFF;ON;50;2,10;3,70;2,20;-0,30;98;0;0,20;4,50;30;2;2,30;
2026-07-21 07:11:00.0;OFF;ON;50;2;3,70;2,20;-0,40;98;0;0,20;4,50;30;2;2,20;
2026-07-21 07:12:00.0;OFF;ON;50;2;3,70;2,20;-0,50;98;0;0,20;4,50;30;1,90;2,30;
2026-07-21 07:13:00.0;OFF;ON;50;2;3,70;2,20;-0,50;98;0;0,20;4,50;30;1,90;2,20;
2026-07-21 07:14:00.0;OFF;ON;50;1,80;3,70;2,20;-0,50;97,90;0;0,30;4,50;30;1,90;2,20;
2026-07-21 07:15:00.0;OFF;ON;50;1,80;3,60;2,20;-0,50;97,90;0;0,30;4,50;30;1,90;2,10;
2026-07-21 07:16:00.0;OFF;ON;50;1,90;3,60;2,10;-0,40;97,90;0;0,20;4,50;30;1,90;2,10;
2026-07-21 07:17:00.0;OFF;ON;50;2;3,60;2,10;-0,40;97,90;0;0,20;4,50;30;1,90;2,10;
2026-07-21 07:18:00.0;OFF;ON;50;2;3,60;2,10;-0,40;97,90;0;0,20;4,50;30;1,90;2,20;
2026-07-21 07:19:00.0;OFF;ON;50;2;3,60;2,10;-0,50;97,80;0;0,20;4,50;30;1,90;2,20;
2026-07-21 07:20:00.0;OFF;ON;50;2;3,60;2,10;-0,50;97,80;0;0,10;4,50;30;1,90;2,10;
2026-07-21 07:21:00.0;OFF;ON;50;1,90;3,60;2,10;-0,50;97,80;0;0,20;4,50;30;1,80;2,10;
2026-07-21 07:22:00.0;OFF;ON;50;1,90;3,60;2,10;-0,50;97,80;0;0,20;4,50;30;1,80;2,10;
2026-07-21 07:23:00.0;OFF;ON;50;1,80;3,60;2,10;-0,50;97,80;0;0,30;4,50;30;1,80;2,10;
2026-07-21 07:24:00.0;OFF;ON;50;1,80;3,60;2,10;-0,60;97,70;0;0,30;4,50;30;1,80;2;
2026-07-21 07:25:00.0;OFF;ON;50;1,80;3,50;2;-0,60;97,60;0;0,20;4,50;30;1,70;2;
2026-07-21 07:26:00.0;OFF;ON;50;1,80;3,50;2;-0,50;97,70;0;0,20;4,50;30;1,80;2;
2026-07-21 07:27:00.0;OFF;ON;50;1,90;3,50;2;-0,50;97,70;0;0,20;4,50;30;1,80;2;
2026-07-21 07:28:00.0;OFF;ON;50;1,90;3,60;2;-0,40;97,70;0;0,20;4,50;30;1,80;2;
2026-07-21 07:29:00.0;OFF;ON;50;1,90;3,60;2,10;-0,30;97,80;0;0,10;4,50;30;1,80;2;
2026-07-21 07:30:00.0;OFF;ON;50;1,80;3,60;2,10;-0,40;97,80;0;0,30;4,50;30;1,80;2,10;
2026-07-21 07:31:00.0;OFF;ON;50;1,80;3,60;2,10;-0,40;97,80;0;0,30;4,50;30;1,80;2;
2026-07-21 07:32:00.0;OFF;ON;50;1,70;3,50;2,10;-0,40;97,80;0;0,30;4,50;30;1,70;2;
2026-07-21 07:33:00.0;OFF;ON;50;1,90;3,50;2;-0,50;97,70;0;0,10;4,50;30;1,70;1,90;
2026-07-21 07:34:00.0;OFF;ON;50;1,90;3,50;2;-0,50;97,80;0;0,10;4,50;30;1,70;2;
2026-07-21 07:35:00.0;OFF;ON;50;1,90;3,50;2;-0,70;97,70;0;0,10;4,50;30;1,70;2;
2026-07-21 07:36:00.0;OFF;ON;50;1,80;3,40;2;-0,80;97,60;0;0,20;4,50;30;1,70;2;
2026-07-21 07:37:00.0;OFF;ON;50;1,70;3,40;1,90;-0,90;97,60;0;0,20;4,50;30;1,70;2;
2026-07-21 07:38:00.0;OFF;ON;50;1,60;3,40;1,90;-1;97,50;0;0,20;4,50;30;1,60;1,90;
2026-07-21 07:39:00.0;OFF;ON;50;1,60;3,30;1,80;-1;97,40;0;0,20;4,50;30;1,60;1,90;
2026-07-21 07:40:00.0;OFF;ON;50;1,50;3,30;1,80;-1,10;97,40;0;0,30;4,50;30;1,60;1,80;
2026-07-21 07:41:00.0;OFF;ON;50;1,40;3,30;1,80;-1,10;97,30;0;0,40;4,50;30;1,50;1,70;
2026-07-21 07:42:00.0;OFF;ON;50;1,50;3,20;1,70;-1,20;97,20;0;0,20;4,50;30;1,50;1,70;
2026-07-21 07:43:00.0;OFF;ON;50;1,50;3,20;1,70;-1,20;97,10;0;0,20;4,50;30;1,50;1,70;
2026-07-21 07:44:00.0;OFF;ON;50;1,50;3,20;1,70;-1,20;97,10;0;0,20;4,50;30;1,50;1,70;
2026-07-21 07:45:00.0;OFF;ON;50;1,50;3,20;1,70;-1,30;97,10;0;0,20;4,50;30;1,50;1,70;
2026-07-21 07:46:00.0;OFF;ON;50;1,40;3,20;1,70;-1,30;97;0;0,20;4,50;30;1,40;1,60;
2026-07-21 07:47:00.0;OFF;ON;50;1,40;3,10;1,60;-1,30;97,10;0;0,20;4,50;30;1,40;1,60;
2026-07-21 07:48:00.0;OFF;ON;50;1,30;3,10;1,60;-1,30;97;0;0,30;4,50;30;1,40;1,60;
2026-07-21 07:49:00.0;OFF;ON;50;1,20;3,10;1,60;-1,30;97;0;0,40;4,50;30;1,40;1,60;
2026-07-21 07:50:00.0;OFF;ON;50;1,10;3,10;1,60;-1,40;96,90;0;0,40;4,50;30;1,40;1,50;
2026-07-21 07:51:00.0;OFF;ON;50;1,30;3;1,50;-1,40;96,80;0;0,20;4,50;30;1,30;1,50;
2026-07-21 07:52:00.0;OFF;ON;50;1,30;3;1,50;-1,40;96,80;0;0,20;4,50;30;1,30;1,50;
2026-07-21 07:53:00.0;OFF;ON;50;1,20;3;1,50;-1,40;96,90;0;0,30;4,50;30;1,30;1,50;
2026-07-21 07:54:00.0;OFF;ON;50;1,30;3;1,50;-1,40;96,90;0;0,30;4,50;30;1,30;1,50;
2026-07-21 07:55:00.0;OFF;ON;50;1,30;3;1,50;-1,40;96,80;0;0,20;4,50;30;1,30;1,50;
2026-07-21 07:56:00.0;OFF;ON;50;1,30;3;1,50;-1,50;96,90;0;0,20;4,50;30;1,30;1,50;
2026-07-21 07:57:00.0;OFF;ON;50;1,50;3;1,50;-1,40;96,90;0;0,10;4,50;30;1,30;1,60;
2026-07-21 07:58:00.0;OFF;ON;50;1,60;3,10;1,50;-1,30;97;0;0;4,50;30;1,40;1,60;
2026-07-21 07:59:00.0;OFF;ON;50;1,50;3,10;1,60;-1,30;97,10;0;0,10;4,50;30;1,40;1,70;
2026-07-21 08:00:00.0;OFF;ON;50;1,70;3,10;1,60;-1,30;97,30;0;-0,10;4,50;30;1,40;1,80;
2026-07-21 08:01:00.0;OFF;ON;50;1,90;3,20;1,60;-1,30;97,40;0;-0,30;4,50;30;1,50;1,90;
2026-07-21 08:02:00.0;OFF;ON;50;1,90;3,20;1,70;-1,20;97,60;0;-0,20;4,50;30;1,50;2;
2026-07-21 08:03:00.0;OFF;ON;50;2,20;3,30;1,70;-1,20;97,80;0;-0,40;4,50;30;1,60;2,10;
2026-07-21 08:04:00.0;OFF;ON;50;2,20;3,30;1,80;-1,10;97,80;0;-0,40;4,50;30;1,60;2,10;
2026-07-21 08:05:00.0;OFF;ON;50;2,30;3,40;1,80;-1,10;97,90;0;-0,40;4,50;30;1,70;2,20;
2026-07-21 08:06:00.0;OFF;ON;50;2,40;3,40;1,90;-1;98,10;0;-0,50;4,50;30;1,70;2,30;
2026-07-21 08:07:00.0;OFF;ON;50;2,40;3,50;1,90;-1;98,20;0;-0,50;4,50;30;1,80;2,30;
2026-07-21 08:08:00.0;OFF;ON;50;2,40;3,50;2;-1;98,30;0;-0,40;4,50;30;1,80;2,40;
2026-07-21 08:09:00.0;OFF;ON;50;2,50;3,60;2;-0,90;98,30;0;-0,50;4,50;30;1,90;2,50;
2026-07-21 08:10:00.0;OFF;ON;50;2,70;3,60;2,10;-0,90;98,30;0;-0,60;4,50;30;2;2,50;
2026-07-21 08:11:00.0;OFF;ON;50;2,70;3,70;2,10;-0,80;98,30;0;-0,60;4,50;30;2;2,60;
2026-07-21 08:12:00.0;OFF;ON;50;2,80;3,70;2,20;-0,80;98,30;0;-0,60;4,50;30;2;2,70;
2026-07-21 08:13:00.0;OFF;ON;50;2,80;3,70;2,20;-0,50;98,30;0;-0,50;4,50;30;2,10;2,70;
2026-07-21 08:14:00.0;OFF;ON;50;2,90;3,80;2,30;-0,40;98,30;0;-0,50;4,50;30;2,10;2,80;
2026-07-21 08:15:00.0;OFF;ON;50;3;3,90;2,40;-0,40;98,30;0;-0,60;4,50;30;2,20;2,80;
2026-07-21 08:16:00.0;OFF;ON;50;3,20;4;2,40;-0,30;98,30;0;-0,70;4,50;30;2,30;2,90;
2026-07-21 08:17:00.0;OFF;ON;50;3,30;4,10;2,50;-0,20;98,30;0;-0,70;4,50;30;2,30;3;
2026-07-21 08:18:00.0;OFF;ON;50;3,40;4,10;2,60;0;98,30;0;-0,80;4,50;30;2,40;3,10;
2026-07-21 08:19:00.0;OFF;ON;50;3,50;4,20;2,70;0;98,30;0;-0,80;4,50;30;2,40;3,20;
2026-07-21 08:20:00.0;OFF;ON;50;3,60;4,30;2,70;-0,10;98,30;0;-0,80;4,50;30;2,50;3,20;
2026-07-21 08:21:00.0;OFF;ON;50;3,50;4,30;2,80;0;98,30;0;-0,70;4,50;30;2,60;3,30;
2026-07-21 08:22:00.0;OFF;ON;50;3,60;4,40;2,90;0;98,30;0;-0,70;4,50;30;2,60;3,40;
2026-07-21 08:23:00.0;OFF;ON;50;3,80;4,40;2,90;0;98,30;0;-0,80;4,50;30;2,70;3,40;
2026-07-21 08:24:00.0;OFF;ON;50;3,80;4,50;3;0,20;98,30;0;-0,80;4,50;30;2,70;3,50;
2026-07-21 08:25:00.0;OFF;ON;50;3,90;4,60;3;0,20;98,30;0;-0,80;4,50;30;2,80;3,60;
2026-07-21 08:26:00.0;OFF;ON;50;3,90;4,60;3,10;0,40;98,30;0;-0,80;4,50;30;2,90;3,60;
2026-07-21 08:27:00.0;OFF;ON;50;4;4,70;3,10;0,50;98,30;0;-0,80;4,50;30;2,90;3,70;
2026-07-21 08:28:00.0;OFF;ON;50;4,10;4,70;3,20;0,40;98,30;0;-0,90;4,50;30;3;3,80;
2026-07-21 08:29:00.0;OFF;ON;50;4;4,70;3,20;0,40;98,30;0;-0,80;4,50;30;3;3,80;
2026-07-21 08:30:00.0;OFF;ON;50;4;4,80;3,30;0,40;98,30;0;-0,70;4,50;30;3;3,80;
2026-07-21 08:31:00.0;OFF;ON;50;4,10;4,80;3,30;0,40;98,30;0;-0,80;4,50;30;3,10;3,90;
2026-07-21 08:32:00.0;OFF;ON;50;4,20;4,60;3,30;1,40;98,30;0;-0,90;4,50;30;3,10;3,90;
2026-07-21 08:33:00.0;ON;OFF;50;4,20;1,50;3,50;0,90;98,30;0;-0,70;2;48,30;3,30;4;
2026-07-21 08:34:00.0;ON;OFF;50;4,30;1,50;3,50;0,80;98,30;0;-0,80;2;52,40;3,30;4,10;
2026-07-21 08:35:00.0;ON;OFF;50;4,50;1,50;3,50;0,80;98,30;0;-0,90;2;58;3,30;4,10;
2026-07-21 08:36:00.0;ON;OFF;50;4,50;1,60;3,60;0,90;98,30;0;-0,90;2;63,50;3,40;4,20;
2026-07-21 08:37:00.0;ON;OFF;50;4,70;1,70;3,70;0,90;98,30;0;-1;2;69,40;3,40;4,30;
2026-07-21 08:38:00.0;ON;OFF;50;4,60;1,90;3,90;3,20;98,30;0;-0,80;2;74,30;3,50;4,40;
2026-07-21 08:39:00.0;ON;OFF;50;4,80;2;4;2,20;98,30;0;-0,90;2;78;3,80;4,40;
2026-07-21 08:40:00.0;ON;OFF;50;4,80;2,10;4,10;1,90;98,30;0;-0,70;2;81,90;4;4,60;
2026-07-21 08:41:00.0;ON;OFF;50;4,90;2,20;4,20;2,10;98,30;0;-0,70;2;86,60;4;4,70;
2026-07-21 08:42:00.0;ON;OFF;50;5;2,30;4,30;2,20;98,30;0;-0,70;2;90,50;4;4,70;
2026-07-21 08:43:00.0;ON;OFF;50;5,10;2,40;4,40;3,50;98,30;0;-0,70;2;95,80;4,10;4,80;
2026-07-21 08:44:00.0;ON;OFF;50;5,20;2,50;4,50;2,90;98,30;0;-0,70;2;100;4,40;4,90;
2026-07-21 08:45:00.0;ON;OFF;50;5,30;2,60;4,60;2,50;98,30;0;-0,70;2;100;4,50;5,10;
2026-07-21 08:46:00.0;ON;OFF;50;5,40;2,60;4,60;2,40;98,30;0;-0,80;2;100;4,60;5,20;
2026-07-21 08:47:00.0;ON;OFF;50;5,50;2,70;4,70;2,40;98,30;0;-0,80;2;99,70;4,60;5,30;
2026-07-21 08:48:00.0;ON;OFF;50;5,50;2,80;4,80;2,40;98,30;0;-0,80;2;99,60;4,80;5,40;
2026-07-21 08:49:00.0;ON;OFF;50;5,60;2,80;4,80;2,40;98,30;0;-0,80;2;99,40;4,80;5,50;
2026-07-21 08:50:00.0;ON;OFF;50;5,70;2,90;4,90;2,50;98,30;0;-0,80;2;99,50;4,90;5,60;
2026-07-21 08:51:00.0;ON;OFF;50;5,80;2,90;4,90;2,50;98,30;0;-0,90;2;99,50;5;5,70;
2026-07-21 08:52:00.0;ON;OFF;50;5,90;3;5;2,50;98,30;0;-0,90;2;99,70;5;5,70;
2026-07-21 08:53:00.0;ON;OFF;50;6;3,10;5,10;2,60;98,30;0;-0,90;2;100;5,10;5,80;
2026-07-21 08:54:00.0;ON;OFF;50;6,10;3,20;5,20;2,80;98,30;0;-0,90;2;100;5,20;5,90;
2026-07-21 08:55:00.0;ON;OFF;50;6;3,20;5,20;2,80;98,40;0;-0,80;2;100;5,30;6;
2026-07-21 08:56:00.0;ON;OFF;50;6,20;3,30;5,30;2,80;98,40;0;-0,90;2;99,40;5,30;6;
2026-07-21 08:57:00.0;ON;OFF;50;5,90;3,40;5,40;2,90;98,40;0;-0,50;2;99,50;5,30;6;
2026-07-21 08:58:00.0;ON;OFF;50;5,50;3,40;5,40;2,90;0;0;-0,20;2;100;5,30;5,90;
2026-07-21 08:59:00.0;ON;OFF;50;5,30;3,30;5,30;2,90;0;0;0;2;100;5,20;5,60;
2026-07-21 09:00:00.0;ON;OFF;50;4,60;3,20;5,20;2,80;0;0;0,60;2;98,50;5,20;5,40;
2026-07-21 09:01:00.0;ON;OFF;50;3,60;2,90;4,90;2,60;0;0;1,30;2;96,40;4,90;4,70;
2026-07-21 09:02:00.0;ON;OFF;50;3,10;2,80;4,80;2,40;0;0;1,70;2;94,80;4,80;4,40;
2026-07-21 09:03:00.0;ON;OFF;50;1,90;2,60;4,60;2,20;0;0;2,70;2;88,80;4,70;3,90;
2026-07-21 09:04:00.0;ON;OFF;50;0,70;1,90;3,90;1,60;0;0;3,30;2;83;4;2,80;
2026-07-21 09:05:00.0;ON;OFF;50;0;1,60;3,60;1,30;0;0;3,70;2;78,40;3,80;2,30;
2026-07-21 09:06:00.0;ON;OFF;50;-0,40;1,40;3,40;0,90;0;0;3,80;2;75,20;3,60;2;
2026-07-21 09:07:00.0;ON;OFF;50;-0,70;1,10;3,10;0,60;0;0;3,80;2;72,40;3,40;1,60;
2026-07-21 09:08:00.0;ON;OFF;50;-1,20;0,90;2,90;0,30;0;0;4,10;2;67,30;3,30;1,40;
2026-07-21 09:09:00.0;ON;OFF;50;-1,80;0,70;2,70;0;0;0;4,50;2;61,10;3,10;1,20;
2026-07-21 09:10:00.0;ON;OFF;50;-0,50;0,50;2,50;-0,20;0;0;3;2;66,80;3;0,90;
2026-07-21 09:11:00.0;ON;OFF;50;-1;0,50;2,50;-0,20;0;0;3,40;2;62,20;3,10;1,10;
2026-07-21 09:12:00.0;ON;OFF;50;-1;0,50;2,50;0,40;0;14,40;3,40;2;59,40;2,80;0,90;
2026-07-21 09:13:00.0;ON;OFF;50;-0,80;0,50;2,50;2,70;0;0;3,30;2;59,20;2,80;0,80;
2026-07-21 09:14:00.0;ON;OFF;50;-0,40;0,60;2,60;40,30;0;0;2,90;2;58,60;3;1;
2026-07-21 09:15:00.0;ON;OFF;50;-0,40;0,80;2,80;41,20;0;0;3,20;2;54,80;3,30;1,20;
2026-07-21 09:16:00.0;ON;OFF;50;0,10;0,80;2,80;41,40;0;0;2,70;2;56;3,20;1,40;
2026-07-21 09:17:00.0;ON;OFF;50;0,40;1;3;41,30;0;0;2,60;2;55,40;3,10;1,60;
2026-07-21 09:18:00.0;ON;OFF;50;0,20;1,10;3,10;41,20;0;0;2,90;2;52,50;3,10;1,70;
2026-07-21 09:19:00.0;ON;OFF;50;0,60;1,20;3,20;41,10;0;0;2,60;2;53,20;3,20;1,70;
2026-07-21 09:20:00.0;ON;OFF;50;0,60;1,30;3,30;40,80;0;0;2,60;2;52,50;3,20;1,90;
2026-07-21 09:21:00.0;ON;OFF;50;0,80;1,40;3,40;40,40;0;0;2,60;2;50,70;3,30;1,90;
2026-07-21 09:22:00.0;ON;OFF;50;1,20;1,50;3,50;40,10;0;0;2,30;2;51,80;3,40;2,10;
2026-07-21 09:23:00.0;ON;OFF;50;1,10;1,70;3,70;39,80;0;0;2,60;2;49,60;3,50;2,30;
2026-07-21 09:24:00.0;ON;OFF;50;1,30;1,80;3,80;39,60;0;0;2,50;2;49,20;3,50;2,40;
2026-07-21 09:25:00.0;ON;OFF;50;1,40;1,90;3,90;39,30;0;0;2,50;2;48,30;3,50;2,40;
2026-07-21 09:26:00.0;ON;OFF;50;1,70;2;4;39;0;0;2,20;2;49;3,60;2,50;
2026-07-21 09:27:00.0;ON;OFF;50;1,70;2,10;4,10;38,80;0;0;2,30;2;48,50;3,60;2,60;
2026-07-21 09:28:00.0;ON;OFF;50;2;2,30;4,30;38,30;0;0;2,30;2;47,70;3,90;2,80;
2026-07-21 09:29:00.0;ON;OFF;50;2,20;2,30;4,30;38;0;0;2;2;49,60;3,80;3;
2026-07-21 09:30:00.0;ON;OFF;50;2,80;2,30;4,30;37,70;0;0;1,80;2;50,60;3,70;3,10;
2026-07-21 09:31:00.0;ON;OFF;50;2,80;2,30;4,30;37,40;0;0;1,60;2;52,40;3,70;3,20;
2026-07-21 09:32:00.0;ON;OFF;50;2,90;2,40;4,40;36,90;0;0;1,50;2;53,90;3,80;3,40;
2026-07-21 09:33:00.0;ON;OFF;50;3,60;2,50;4,50;36,70;0;0;0,90;2;58,80;3,90;3,60;
2026-07-21 09:34:00.0;ON;OFF;50;3,70;2,60;4,60;36,20;0;0;1;2;60,40;4;3,90;
2026-07-21 09:35:00.0;ON;OFF;50;3,80;2,70;4,70;36,10;0;0;0,90;2;61,70;4,10;4;
2026-07-21 09:36:00.0;ON;OFF;50;3,50;2,90;4,90;35,60;0;0;1,30;2;61,30;4,20;4,10;
2026-07-21 09:37:00.0;ON;OFF;50;3,30;2,90;4,90;35,30;0;0;1,60;2;60,60;4,20;4;
2026-07-21 09:38:00.0;ON;OFF;50;3,10;2,80;4,80;34,90;0;0;1,80;2;60,40;4,10;3,80;
2026-07-21 09:39:00.0;ON;OFF;50;3,30;2,80;4,80;34,60;0;0;1,40;2;62,80;4;3,70;
2026-07-21 09:40:00.0;ON;OFF;50;2,80;2,70;4,70;34,30;0;0;1,90;2;60,90;4;3,70;
2026-07-21 09:41:00.0;ON;OFF;50;2,60;2,60;4,60;34;0;0;2;2;59,90;3,90;3,40;
2026-07-21 09:42:00.0;ON;OFF;50;2,40;2,60;4,60;33,90;0;0;2,20;2;59;3,80;3,40;
2026-07-21 09:43:00.0;ON;OFF;50;1,60;2,40;4,40;33,50;0;0;2,80;2;54,80;3,70;3;
2026-07-21 09:44:00.0;ON;OFF;50;1,30;2,20;4,20;33,20;0;0;2,90;2;52,80;3,50;2,70;
2026-07-21 09:45:00.0;ON;OFF;50;1,30;2;4;33,10;0;0;2,70;2;52,40;3,30;2,60;
2026-07-21 09:46:00.0;ON;OFF;50;1,40;2;4;32,70;0;0;2,50;2;52,80;3,20;2,40;
2026-07-21 09:47:00.0;ON;OFF;50;1,20;1,90;3,90;32,40;0;0;2,70;2;50,80;3,10;2,40;
2026-07-21 09:48:00.0;ON;OFF;50;1,40;1,80;3,80;32,10;0;0;2,40;2;51,50;3,10;2,20;
2026-07-21 09:49:00.0;ON;OFF;50;1,60;1,80;3,80;31,90;0;0;2,20;2;52,50;3;2,30;
2026-07-21 09:50:00.0;ON;OFF;50;1,50;1,70;3,70;31,50;0;0;2,20;2;51,90;3;2,30;
2026-07-21 09:51:00.0;ON;OFF;50;2,20;1,90;3,90;31,20;0;0;1,70;2;54,80;3,40;2,60;
2026-07-21 09:52:00.0;ON;OFF;50;2,30;2,10;4,10;31;0;0;1,70;2;55,10;3,60;2,90;
2026-07-21 09:53:00.0;ON;OFF;50;2,50;2,20;4,20;30,80;0;0;1,80;2;55,20;3,70;3,10;
2026-07-21 09:54:00.0;ON;OFF;50;2,40;2,40;4,40;30,40;0;0;2;2;53,80;4;3,30;
2026-07-21 09:55:00.0;ON;OFF;50;2,30;2,50;4,50;30,10;0;0;2,20;2;52,60;4,10;3,20;
2026-07-21 09:56:00.0;ON;OFF;50;2,60;2,60;4,60;29,90;0;0;2;2;53,50;4,20;3,30;
2026-07-21 09:57:00.0;ON;OFF;50;2,60;2,70;4,70;29,70;0;0;2,20;2;52,90;4,30;3,50;
2026-07-21 09:58:00.0;ON;OFF;50;2,40;2,90;4,90;29,40;0;0;2,50;2;50,30;4,50;3,50;
2026-07-21 09:59:00.0;ON;OFF;50;2,40;3;5;29,30;0;0;2,60;2;49,20;4,70;3,60;
2026-07-21 10:00:00.0;ON;OFF;50;2,60;3,20;5,20;29;0;0;2,60;2;48,10;4,80;3,70;
2026-07-21 10:01:00.0;ON;OFF;50;3;3,20;5,20;38,70;0;0;2,20;2;49,70;4,80;3,80;
2026-07-21 10:02:00.0;ON;OFF;50;2,90;3,30;5,30;43,10;0;116,10;2,40;2;48,50;5;3,90;
2026-07-21 10:03:00.0;ON;OFF;50;3,20;3,50;5,50;43,90;0;116,40;2,30;2;48,10;5,20;4,10;
2026-07-21 10:04:00.0;ON;OFF;50;3,30;3,70;5,70;44;0;116,40;2,40;2;47,40;5,30;4,20;
2026-07-21 10:05:00.0;ON;OFF;50;3,20;4;6;44,20;0;116,40;2,80;2;43,70;5,60;4,30;
2026-07-21 10:06:00.0;ON;OFF;50;3,30;4,10;6,10;44,20;0;116,40;2,80;2;43,10;5,70;4,30;
2026-07-21 10:07:00.0;ON;OFF;50;3,70;4,30;6,30;44,30;0;116,40;2,60;2;42,80;5,70;4,60;
2026-07-21 10:08:00.0;ON;OFF;50;4,10;4,50;6,50;44,30;0;116,40;2,40;2;42,90;5,90;4,80;
2026-07-21 10:09:00.0;ON;OFF;50;4,30;4,70;6,70;44,30;0;116,60;2,50;2;41,90;6;4,90;
2026-07-21 10:10:00.0;ON;OFF;50;4,50;5;7;44,30;0;116,50;2,50;2;40,80;6,20;5,10;
2026-07-21 10:11:00.0;ON;OFF;50;4,50;5,10;7,10;44,30;0;116,60;2,60;2;39,40;6,40;5,30;
2026-07-21 10:12:00.0;ON;OFF;50;4,90;5,30;7,30;44,30;0;116,50;2,40;2;39,60;6,50;5,50;
2026-07-21 10:13:00.0;ON;OFF;50;5,50;5,60;7,60;44,30;0;116,60;2,10;2;40,90;6,80;6;
2026-07-21 10:14:00.0;ON;OFF;50;5,70;5,90;7,90;44,30;0;116,60;2,20;2;40,20;7;6,30;
2026-07-21 10:15:00.0;ON;OFF;50;6,10;6,10;8,10;44,30;0;116,60;2;2;40,80;7,20;6,60;
2026-07-21 10:16:00.0;ON;OFF;50;6,40;6,40;8,40;44,30;0;116,60;2;2;41,60;7,50;6,90;
2026-07-21 10:17:00.0;ON;OFF;50;6,70;6,70;8,70;44,30;0;116,60;2;2;40,80;7,70;7,10;
2026-07-21 10:18:00.0;ON;OFF;50;6,70;6,70;8,70;44,30;0;116,60;2;2;41,50;7,80;7,20;
2026-07-21 10:19:00.0;ON;OFF;50;6,90;7;9;44,30;0;116,60;2,10;2;40,40;8,20;7,50;
2026-07-21 10:20:00.0;ON;OFF;50;6,70;7,10;9,10;44,30;0;116,60;2,40;2;38,60;8,10;7,60;
2026-07-21 10:21:00.0;ON;OFF;50;6,80;7,30;9,30;44,20;0;116,60;2,50;2;37,10;8,40;7,70;
2026-07-21 10:22:00.0;ON;OFF;50;7,10;7,30;9,30;44,20;0;116,60;2,20;2;38,20;8,40;7,70;
2026-07-21 10:23:00.0;ON;OFF;50;7,50;7,50;9,50;44,20;0;116,50;2;2;40;8,60;7,90;
2026-07-21 10:24:00.0;ON;OFF;50;7,80;7,80;9,80;44,20;0;116,50;1,90;2;40,20;8,90;8,20;
2026-07-21 10:25:00.0;ON;OFF;50;8;7,90;9,90;44,20;0;116,60;1,90;2;40,60;9;8,50;
2026-07-21 10:26:00.0;ON;OFF;50;8;8,10;10,10;44,20;0;116,50;2,10;2;39,80;9,10;8,70;
2026-07-21 10:27:00.0;ON;OFF;50;8,30;8,30;10,30;44,20;0;116,50;2,10;2;39,80;9,30;8,80;
2026-07-21 10:28:00.0;ON;OFF;50;8,30;8,50;10,50;44,10;0;116,50;2,20;2;38,50;9,50;8,80;
2026-07-21 10:29:00.0;ON;OFF;50;8,10;8,50;10,50;44,10;0;116,50;2,40;2;36,90;9,50;8,90;
2026-07-21 10:30:00.0;ON;OFF;50;8;8,60;10,60;44,10;0;116,50;2,60;2;35,60;9,50;8,90;
2026-07-21 10:31:00.0;ON;OFF;50;8,30;8,70;10,70;44,10;0;116,50;2,40;2;35,30;9,60;9;
2026-07-21 10:32:00.0;ON;OFF;50;8,80;8,80;10,80;44,10;0;116,40;2,30;2;35,70;9,80;9;
2026-07-21 10:33:00.0;ON;OFF;50;8,90;9;11;44;0;116,40;2,10;2;36,50;9,90;9,30;
2026-07-21 10:34:00.0;ON;OFF;50;9,10;9,20;11,20;44;0;116,40;2,10;2;36,10;10,10;9,40;
2026-07-21 10:35:00.0;ON;OFF;50;9;9,40;11,40;44;0;116,40;2,30;2;34,50;10,20;9,60;
2026-07-21 10:36:00.0;ON;OFF;50;9,50;9,50;11,50;44;0;116,40;2;2;35,90;10,50;9,80;
2026-07-21 10:37:00.0;ON;OFF;50;9,80;9,70;11,70;43,90;0;116,40;1,90;2;36,50;10,70;10;
2026-07-21 10:38:00.0;ON;OFF;50;10,20;9,90;11,90;43,90;0;116,40;1,70;2;38;10,90;10,40;
2026-07-21 10:39:00.0;ON;OFF;50;10,50;10;12;43,90;0;116,40;1,50;2;39,80;11;10,70;
2026-07-21 10:40:00.0;ON;OFF;50;10,60;10,30;12,30;43,90;0;116,40;1,70;2;39,30;11,40;11;
2026-07-21 10:41:00.0;ON;OFF;50;11;10,50;12,50;43,90;0;116,40;1,50;2;41,20;11,60;11,20;
2026-07-21 10:42:00.0;ON;OFF;50;11,10;10,60;12,60;43,80;0;116,40;1,50;2;41,50;11,80;11,40;
2026-07-21 10:43:00.0;ON;OFF;50;11,20;10,70;12,70;43,80;0;116,40;1,50;2;42,20;12;11,50;
2026-07-21 10:44:00.0;ON;OFF;50;11,40;10,90;12,90;43,80;0;116,40;1,50;2;43,10;12,20;11,60;
2026-07-21 10:45:00.0;ON;OFF;50;11,60;11;13;43,80;0;116,40;1,40;2;44,30;12,40;12;
2026-07-21 10:46:00.0;ON;OFF;50;11,80;11,30;13,30;43,70;0;116,40;1,50;2;45;12,70;12,20;
2026-07-21 10:47:00.0;ON;OFF;50;12;11,40;13,40;43,70;0;116,40;1,50;2;46;12,90;12,40;
2026-07-21 10:48:00.0;ON;OFF;50;11,90;11,50;13,50;43,70;0;116,40;1,70;2;45,50;13;12,50;
2026-07-21 10:49:00.0;ON;OFF;50;11,70;11,70;13,70;43,60;0;116,40;2;2;44,60;13,20;12,50;
2026-07-21 10:50:00.0;ON;OFF;50;11,80;11,80;13,80;43,60;0;116,40;2;2;44,70;13,30;12,50;
2026-07-21 10:51:00.0;ON;OFF;50;12,10;11,80;13,80;43,60;0;116,30;1,70;2;46,30;13,30;12,70;
2026-07-21 10:52:00.0;ON;OFF;50;11,90;11,90;13,90;43,50;0;116,30;2;2;44,30;13,30;12,70;
2026-07-21 10:53:00.0;ON;OFF;50;11,80;11,90;13,90;43,50;0;116,30;2,10;2;44,20;13,30;12,60;
2026-07-21 10:54:00.0;ON;OFF;50;11,60;12,10;14,10;43,50;0;116,30;2,50;2;40,90;13,40;12,50;
2026-07-21 10:55:00.0;ON;OFF;50;11,50;12,10;14,10;43,50;0;116,30;2,60;2;39,70;13,50;12,50;
2026-07-21 10:56:00.0;ON;OFF;50;11,60;12,10;14,10;43,40;0;116,30;2,50;2;39,50;13,60;12,50;
2026-07-21 10:57:00.0;ON;OFF;50;11,70;12,20;14,20;43,40;0;116,30;2,50;2;38,60;13,70;12,60;
2026-07-21 10:58:00.0;ON;OFF;50;11,90;12,20;14,20;43,40;0;116,30;2,30;2;38,90;13,80;12,80;
2026-07-21 10:59:00.0;ON;OFF;50;11,80;12,40;14,40;43,30;0;116,30;2,50;2;37,10;14;12,90;
2026-07-21 11:00:00.0;ON;OFF;50;12,10;12,40;14,40;43,30;0;116,30;2,40;2;37,30;14;12,90;
2026-07-21 11:01:00.0;ON;OFF;50;12;12,50;14,50;43,30;0;116,30;2,50;2;36;14;12,90;
2026-07-21 11:02:00.0;ON;OFF;50;12,30;12,60;14,60;43,20;0;116,30;2,20;2;36,30;14,10;12,90;
2026-07-21 11:03:00.0;ON;OFF;50;12,70;12,70;14,70;43,20;0;116,30;2;2;37,80;14,30;13,30;
2026-07-21 11:04:00.0;ON;OFF;50;13,10;12,80;14,80;43,20;0;116,30;1,70;2;39,50;14,50;13,60;
2026-07-21 11:05:00.0;ON;OFF;50;13,40;13;15;43,10;0;116,30;1,60;2;40,50;14,70;13,80;
2026-07-21 11:06:00.0;ON;OFF;50;13,30;13,20;15,20;43,10;0;116,30;1,90;2;39;15,10;14,10;
2026-07-21 11:07:00.0;ON;OFF;50;13,50;13,30;15,30;43,10;0;116,30;1,80;2;40;15,10;14,20;
2026-07-21 11:08:00.0;ON;OFF;50;13,80;13,50;15,50;43;0;116,30;1,70;2;40,80;15,40;14,40;
2026-07-21 11:09:00.0;ON;OFF;50;14,20;13,60;15,60;43;0;116,30;1,50;2;42,80;15,40;14,60;
2026-07-21 11:10:00.0;ON;OFF;50;14,10;13,70;15,70;43;0;116,30;1,60;2;42,40;15,50;14,70;
2026-07-21 11:11:00.0;ON;OFF;50;14,60;14,10;16,10;42,90;0;116,30;1,50;2;43,80;15,90;14,90;
2026-07-21 11:12:00.0;ON;OFF;50;14,70;14,20;16,20;42,90;0;116,20;1,50;2;44,70;16,10;15,20;
2026-07-21 11:13:00.0;ON;OFF;50;14,90;14,40;16,40;42,90;0;116,20;1,50;2;46,20;16,20;15,50;
2026-07-21 11:14:00.0;ON;OFF;50;14,60;14,60;16,60;42,80;0;116,20;1,90;2;44;16,30;15,50;
2026-07-21 11:15:00.0;ON;OFF;50;14,70;14,60;16,60;42,80;0;116,30;1,90;2;44,30;16,40;15,50;
2026-07-21 11:16:00.0;ON;OFF;50;14,70;14,60;16,60;42,70;0;116,30;1,90;2;44,50;16,30;15,50;
2026-07-21 11:17:00.0;ON;OFF;50;14,50;14,80;16,80;42,70;0;116,20;2,30;2;42,10;16,60;15,50;
2026-07-21 11:18:00.0;ON;OFF;50;14,20;14,80;16,80;42,70;0;116,20;2,60;2;40;16,60;15,40;
2026-07-21 11:19:00.0;ON;OFF;50;14,20;14,80;16,80;42,60;0;116,20;2,60;2;38,50;16,70;15,30;
2026-07-21 11:20:00.0;ON;OFF;50;14,10;14,90;16,90;42,60;0;116,20;2,80;2;36,50;17;15,30;
2026-07-21 11:21:00.0;ON;OFF;50;14;14,90;16,90;42,50;0;116,20;2,90;2;34,70;17,20;15,40;
2026-07-21 11:22:00.0;ON;OFF;50;14,20;14,90;16,90;42,50;0;116,20;2,70;2;34,50;17,30;15,50;
2026-07-21 11:23:00.0;ON;OFF;50;14,30;15;17;42,40;0;116,30;2,70;2;33,30;17,30;15,60;
2026-07-21 11:24:00.0;ON;OFF;50;14,40;15;17;42,40;0;116,20;2,70;2;32,70;17,40;15,70;
2026-07-21 11:25:00.0;ON;OFF;50;14,50;15;17,20;42,40;0;116,20;2,70;2;32,20;17,50;15,80;
2026-07-21 11:26:00.0;ON;OFF;50;14,70;15;17,20;42,30;0;116,20;2,50;2;32,90;17,50;15,90;
2026-07-21 11:27:00.0;ON;OFF;50;14,90;15;17,30;42,30;0;116,20;2,40;2;33,60;17,70;16;
2026-07-21 11:28:00.0;ON;OFF;50;14,80;15;17,40;42,20;0;116,20;2,70;2;32,40;17,80;16,10;
2026-07-21 11:29:00.0;ON;OFF;50;15;15;17,50;42,20;0;116,20;2,50;2;34,10;17,80;16,20;
2026-07-21 11:30:00.0;ON;OFF;50;15,10;15;17,60;42,20;0;116,20;2,40;2;34,60;17,90;16,40;
2026-07-21 11:31:00.0;ON;OFF;50;15,50;15;17,70;42,10;0;116,20;2,20;2;37,10;18;16,50;
2026-07-21 11:32:00.0;ON;OFF;50;15,60;15;17,80;42,10;0;116,20;2,20;2;38,50;18;16,70;
2026-07-21 11:33:00.0;ON;OFF;50;15,90;15;17,80;42;0;116,20;2;2;41;18,20;16,90;
2026-07-21 11:34:00.0;ON;OFF;50;15,80;15;18;42;0;116,20;2,20;2;42,30;18,30;17;
2026-07-21 11:35:00.0;ON;OFF;50;15,70;15;18,10;41,90;0;116,20;2,40;2;43,40;18,40;17;
2026-07-21 11:36:00.0;ON;OFF;50;15,90;15;18,20;41,90;0;116,20;2,30;2;45,90;18,40;17,10;
2026-07-21 11:37:00.0;ON;OFF;50;15,80;15;18,20;41,90;0;116,20;2,40;2;46,50;18,50;17,10;
2026-07-21 11:38:00.0;ON;OFF;50;15,60;15;18,20;41,80;0;116,20;2,60;2;46,40;18,60;17,10;
2026-07-21 11:39:00.0;ON;OFF;50;15,60;15;18,20;41,80;0;116,20;2,70;2;47,20;18,70;17,10;
2026-07-21 11:40:00.0;ON;OFF;50;15,30;15;18,30;41,70;0;116,10;2,90;2;46,60;18,70;17;
2026-07-21 11:41:00.0;ON;OFF;50;15,40;15;18,30;41,70;0;116,10;2,90;2;47,50;18,70;16,90;
2026-07-21 11:42:00.0;ON;OFF;50;15,20;15;18,20;41,60;0;116,30;3;2;47,10;18,50;16,80;
2026-07-21 11:43:00.0;ON;OFF;50;15,20;15;18,30;41,60;0;116,20;3,10;2;47,20;18,70;16,80;
2026-07-21 11:44:00.0;ON;OFF;50;15,10;15;18,30;41,50;0;116,20;3,10;2;46,80;18,80;16,80;
2026-07-21 11:45:00.0;ON;OFF;50;15;15;18,30;41,50;0;116,20;3,30;2;45,50;18,70;16,70;
2026-07-21 11:46:00.0;ON;OFF;50;14,70;13,70;18,20;41,40;0;116,20;3,50;2;52,50;18,60;16,90;
2026-07-21 11:47:00.0;OFF;ON;100;14,30;13,90;18,40;41,40;0;116,10;4,10;4,50;49,80;18,70;17,50;
2026-07-21 11:48:00.0;OFF;ON;100;14,60;13,90;18,40;41,30;0;116,10;3,80;4,50;52;18,70;17,60;
2026-07-21 11:49:00.0;OFF;ON;100;14,50;14;18,50;41,30;0;116,10;4;4,50;52,20;18,80;17,70;
2026-07-21 11:50:00.0;OFF;ON;100;14,50;13,90;18,40;41,20;0;116,10;3,90;4,50;53,50;18,70;17,70;
2026-07-21 11:51:00.0;OFF;ON;100;14,50;13,90;18,40;41,20;0;116,10;3,90;4,50;55;18,60;17,70;
2026-07-21 11:52:00.0;OFF;ON;100;14,50;13,90;18,40;41,10;0;116,10;3,90;4,50;55,80;18,60;17,60;
2026-07-21 11:53:00.0;OFF;ON;100;14,10;13,80;18,30;41,10;0;116,10;4,20;4,50;54,70;18,50;17,60;
2026-07-21 11:54:00.0;OFF;ON;100;14,30;13,80;18,30;41;0;116,10;4;4,50;56,40;18,50;17,50;
2026-07-21 11:55:00.0;OFF;ON;100;14;13,70;18,20;41;0;116,10;4,30;4,50;55,60;18,50;17,40;
2026-07-21 11:56:00.0;OFF;ON;100;14;13,70;18,20;40,90;0;116,10;4,20;4,50;56,70;18,40;17,30;
2026-07-21 11:57:00.0;OFF;ON;100;14;13,60;18,10;40,90;0;116,10;4,10;4,50;57,50;18,30;17,30;
2026-07-21 11:58:00.0;OFF;ON;100;13,90;13,60;18,10;40,80;0;116,10;4,20;4,50;57,70;18,20;17,20;
2026-07-21 11:59:00.0;OFF;ON;100;13,90;13,50;18;40,80;0;116,10;4,10;4,50;58,20;18,20;17,10;
2026-07-21 12:00:00.0;OFF;ON;100;13,60;13,50;18;40,70;0;116,10;4,40;4,50;57,20;18,20;17,10;
2026-07-21 12:01:00.0;OFF;ON;100;13,60;13,40;17,90;40,70;0;116;4,40;4,50;57,80;18,10;17;
2026-07-21 12:02:00.0;OFF;ON;100;13,40;13,40;17,90;40,60;0;116;4,50;4,50;57,50;18;16,90;
2026-07-21 12:03:00.0;OFF;ON;100;13,40;13,30;17,80;40,60;0;116;4,40;4,50;57,60;18;16,80;
2026-07-21 12:04:00.0;OFF;ON;100;13,40;13,30;17,80;40,50;0;116;4,30;4,50;58,40;17,90;16,80;
2026-07-21 12:05:00.0;OFF;ON;100;13,30;13,20;17,70;40,50;0;116;4,40;4,50;57,90;17,90;16,70;
2026-07-21 12:06:00.0;OFF;ON;100;13,40;13,20;17,70;40,40;0;116;4,30;4,50;58,70;17,80;16,70;
2026-07-21 12:07:00.0;OFF;ON;100;13,30;13,10;17,60;40,40;0;116;4,30;4,50;58,90;17,70;16,60;
2026-07-21 12:08:00.0;OFF;ON;100;13,10;13,10;17,60;40,30;0;116;4,50;4,50;57,70;17,70;16,50;
2026-07-21 12:09:00.0;OFF;ON;100;13;13;17,50;40,20;0;116;4,50;4,50;57,70;17,60;16,50;
2026-07-21 12:10:00.0;OFF;ON;100;13,10;13;17,50;40,20;0;116;4,40;4,50;58,70;17,60;16,40;
2026-07-21 12:11:00.0;OFF;ON;100;13;12,90;17,40;40,10;0;116;4,40;4,50;59;17,50;16,30;
2026-07-21 12:12:00.0;OFF;ON;100;13;12,90;17,40;40,10;0;116;4,40;4,50;59,10;17,50;16,30;
2026-07-21 12:13:00.0;OFF;ON;100;12,80;12,80;17,30;40;0;116;4,50;4,50;58,80;17,40;16,30;
2026-07-21 12:14:00.0;OFF;ON;100;12,80;12,80;17,30;40;0;116;4,40;4,50;58,90;17,30;16,20;
2026-07-21 12:15:00.0;OFF;ON;100;12,70;12,70;17,20;40;0;116;4,50;4,50;58,80;17,30;16,10;
2026-07-21 12:16:00.0;OFF;ON;100;12,70;12,70;17,20;39,90;0;116;4,40;4,50;58,70;17,20;16;
2026-07-21 12:17:00.0;OFF;ON;100;12,40;12,60;17,10;39,90;0;115,90;4,70;4,50;57,40;17,20;15,90;
2026-07-21 12:18:00.0;OFF;ON;100;12,40;12,50;17;39,80;0;115,90;4,60;4,50;57,50;17,10;15,90;
2026-07-21 12:19:00.0;OFF;ON;100;12,50;12,50;17;39,80;0;115,90;4,50;4,50;58,50;17;15,80;
2026-07-21 12:20:00.0;OFF;ON;100;12,50;12,40;16,90;39,70;0;115,90;4,50;4,50;57,70;17;15,80;
2026-07-21 12:21:00.0;OFF;ON;100;12,50;12,40;16,90;39,70;0;115,90;4,50;4,50;57,60;16,90;15,70;
2026-07-21 12:22:00.0;OFF;ON;100;12,40;12,40;16,90;39,60;0;115,90;4,40;4,50;58,40;16,90;15,70;
2026-07-21 12:23:00.0;OFF;ON;100;12,30;12,30;16,80;39,60;0;115,90;4,50;4,50;57,50;16,80;15,60;
2026-07-21 12:24:00.0;OFF;ON;100;12,30;12,30;16,80;39,50;0;115,90;4,50;4,50;57,50;16,80;15,60;
2026-07-21 12:25:00.0;OFF;ON;100;12,20;12,20;16,70;39,50;0;115,90;4,50;4,50;58,30;16,80;15,50;
2026-07-21 12:26:00.0;OFF;ON;100;12,20;12,20;16,70;39,50;0;115,80;4,40;4,50;58,10;16,70;15,50;
2026-07-21 12:27:00.0;OFF;ON;100;12,20;12,10;16,60;39,40;0;115,80;4,50;4,50;57,30;16,70;15,40;
2026-07-21 12:28:00.0;OFF;ON;100;12,20;12,10;16,60;39,40;0;115,80;4,40;4,50;58,20;16,60;15,30;
2026-07-21 12:29:00.0;OFF;ON;100;12,10;12;16,50;39,30;0;115,80;4,50;4,50;57,40;16,50;15,30;
2026-07-21 12:30:00.0;OFF;ON;100;12;12;16,50;39,30;0;115,80;4,50;4,50;57,10;16,50;15,20;
2026-07-21 12:31:00.0;OFF;ON;100;12;11,90;16,40;39,20;0;115,80;4,40;4,50;58,20;16,40;15,20;
2026-07-21 12:32:00.0;OFF;ON;100;11,90;11,90;16,40;39,20;0;115,80;4,50;4,50;57,90;16,40;15,10;
2026-07-21 12:33:00.0;OFF;ON;100;11,90;11,80;16,30;39,10;0;115,80;4,50;4,50;57,30;16,30;15,10;
2026-07-21 12:34:00.0;OFF;ON;100;11,80;11,80;16,30;39,10;0;115,80;4,50;4,50;57,10;16,30;15;
2026-07-21 12:35:00.0;OFF;ON;100;11,70;11,70;16,20;39;0;115,80;4,60;4,50;57;16,20;15;
2026-07-21 12:36:00.0;OFF;ON;100;11,70;11,70;16,20;39;0;115,80;4,50;4,50;57,80;16,20;15;
2026-07-21 12:37:00.0;OFF;ON;100;11,60;11,60;16,10;38,90;0;115,80;4,50;4,50;57,10;16,10;14,90;
2026-07-21 12:38:00.0;OFF;ON;100;11,60;11,60;16,10;38,90;0;115,80;4,50;4,50;57,80;16,10;14,90;
2026-07-21 12:39:00.0;OFF;ON;100;11,60;11,60;16,10;38,90;0;115,80;4,50;4,50;57;16;14,80;
2026-07-21 12:40:00.0;OFF;ON;100;11,40;11,50;16;38,80;0;115,80;4,60;4,50;56,80;16;14,80;
2026-07-21 12:41:00.0;OFF;ON;100;11,30;11,50;16;38,70;0;115,80;4,60;4,50;56,70;15,90;14,70;
2026-07-21 12:42:00.0;OFF;ON;100;11,40;11,40;15,90;38,70;0;115,80;4,50;4,50;57,60;15,90;14,80;
2026-07-21 12:43:00.0;OFF;ON;100;11,40;11,40;15,90;38,60;0;115,80;4,50;4,50;57,60;15,90;14,70;
2026-07-21 12:44:00.0;OFF;ON;100;11,50;11,40;15,90;38,60;0;115,80;4,40;4,50;58;15,80;14,70;
2026-07-21 12:45:00.0;OFF;ON;100;11,30;11,30;15,80;38,60;0;115,80;4,50;4,50;57,80;15,80;14,70;
2026-07-21 12:46:00.0;OFF;ON;100;11,30;11,20;15,70;38,50;0;115,80;4,50;4,50;57,70;15,70;14,60;
2026-07-21 12:47:00.0;OFF;ON;100;11,40;11,20;15,70;38,50;0;115,80;4,40;4,50;58,20;15,70;14,60;
2026-07-21 12:48:00.0;OFF;ON;100;11,30;11,20;15,70;38,40;0;115,80;4,40;4,50;58,20;15,60;14,60;
2026-07-21 12:49:00.0;OFF;ON;100;11,20;11,10;15,60;38,30;0;115,80;4,40;4,50;58;15,60;14,50;
2026-07-21 12:50:00.0;OFF;ON;100;11,10;11,10;15,60;38,30;0;115,80;4,50;4,50;58;15,50;14,50;
2026-07-21 12:51:00.0;OFF;ON;100;11,20;11,10;15,60;38,30;0;115,80;4,40;4,50;58,20;15,50;14,50;
2026-07-21 12:52:00.0;OFF;ON;100;11,20;11;15,50;38,20;0;115,80;4,30;4,50;58,40;15,40;14,40;
2026-07-21 12:53:00.0;OFF;ON;100;11,10;11;15,50;38,20;0;115,80;4,40;4,50;58,20;15,40;14,40;
2026-07-21 12:54:00.0;OFF;ON;100;10,90;10,90;15,40;38,10;0;115,80;4,50;4,50;57,30;15,40;14,30;
2026-07-21 12:55:00.0;OFF;ON;100;10,80;10,90;15,40;38,10;0;115,80;4,50;4,50;58;15,30;14,30;
2026-07-21 12:56:00.0;OFF;ON;100;10,80;10,90;15,40;38;0;115,80;4,60;4,50;57,10;15,30;14,30;
2026-07-21 12:57:00.0;OFF;ON;100;10,90;10,80;15,30;38;0;115,80;4,40;4,50;58,20;15,20;14,30;
2026-07-21 12:58:00.0;OFF;ON;100;10,70;10,80;15,30;37,90;0;115,70;4,50;4,50;58,20;15,20;14,20;
2026-07-21 12:59:00.0;OFF;ON;100;10,80;10,80;15,30;37,90;0;115,70;4,50;4,50;58,30;15,20;14,20;
2026-07-21 13:00:00.0;OFF;ON;100;10,70;10,70;15,20;37,80;0;115,70;4,50;4,50;58,50;15,10;14,20;
2026-07-21 13:01:00.0;OFF;ON;100;10,70;10,70;15,20;37,80;0;115,70;4,50;4,50;58,50;15,10;14,10;
2026-07-21 13:02:00.0;OFF;ON;100;10,70;10,60;15,10;37,70;0;115,70;4,50;4,50;58,70;15;14,10;
2026-07-21 13:03:00.0;OFF;ON;100;10,50;10,60;15,10;37,70;0;115,70;4,60;4,50;57,80;15;14;
2026-07-21 13:04:00.0;OFF;ON;100;10,50;10,50;15;37,60;0;115,70;4,60;4,50;58;15;14;
2026-07-21 13:05:00.0;OFF;ON;100;10,50;10,50;15;37,60;0;115,70;4,50;4,50;58,90;14,90;14;
2026-07-21 13:06:00.0;OFF;ON;100;10,60;10,50;15;37,50;0;115,70;4,30;4,50;59,40;14,90;13,90;
2026-07-21 13:07:00.0;OFF;ON;100;10,60;10,40;14,90;37,50;0;115,70;4,40;4,50;59,30;14,80;13,90;
2026-07-21 13:08:00.0;OFF;ON;100;10,40;10,40;14,90;37,40;0;115,70;4,50;4,50;58,20;14,80;13,90;
2026-07-21 13:09:00.0;OFF;ON;100;10,30;10,40;14,90;37,40;0;115,70;4,50;4,50;58,90;14,80;13,80;
2026-07-21 13:10:00.0;OFF;ON;100;10,30;10,30;14,80;37,30;0;115,70;4,60;4,50;58,30;14,80;13,80;
2026-07-21 13:11:00.0;OFF;ON;100;10,30;10,30;14,80;37,30;0;115,70;4,50;4,50;59;14,70;13,80;
2026-07-21 13:12:00.0;OFF;ON;100;10,20;10,30;14,80;37,20;0;115,70;4,50;4,50;58,40;14,70;13,80;
2026-07-21 13:13:00.0;OFF;ON;100;10,20;10,30;14,80;37,20;0;115,70;4,50;4,50;59,10;14,70;13,70;
2026-07-21 13:14:00.0;OFF;ON;100;10,40;10,20;14,70;37,10;0;115,70;4,40;4,50;59,50;14,60;13,70;
2026-07-21 13:15:00.0;OFF;ON;100;10,20;10,20;14,70;37,10;0;115,70;4,50;4,50;59,30;14,60;13,60;
2026-07-21 13:16:00.0;OFF;ON;100;10,20;10,20;14,70;37;0;115,70;4,50;4,50;58,60;14,60;13,60;
2026-07-21 13:17:00.0;OFF;ON;100;10,10;10,10;14,60;37;0;115,70;4,50;4,50;59,30;14,50;13,60;
2026-07-21 13:18:00.0;OFF;ON;100;10,10;10,10;14,60;36,90;0;115,70;4,50;4,50;59,50;14,50;13,50;
2026-07-21 13:19:00.0;OFF;ON;100;10;10,10;14,60;36,90;0;115,70;4,60;4,50;58,80;14,50;13,50;
2026-07-21 13:20:00.0;OFF;ON;100;10,10;10,10;14,60;36,80;0;115,70;4,50;4,50;58,70;14,40;13,50;
2026-07-21 13:21:00.0;OFF;ON;100;10,10;10;14,50;36,80;0;115,70;4,50;4,50;58,80;14,40;13,40;
2026-07-21 13:22:00.0;OFF;ON;100;9,90;10;14,50;36,70;0;115,70;4,50;4,50;58,60;14,40;13,40;
2026-07-21 13:23:00.0;OFF;ON;100;10;9,90;14,40;36,70;0;115,70;4,50;4,50;58,70;14,30;13,40;
2026-07-21 13:24:00.0;OFF;ON;100;9,80;9,90;14,40;36,60;0;115,70;4,60;4,50;58,20;14,30;13,30;
2026-07-21 13:25:00.0;OFF;ON;100;9,90;9,90;14,40;36,60;0;115,70;4,50;4,50;59,20;14,30;13,30;
2026-07-21 13:26:00.0;OFF;ON;100;9,70;9,80;14,30;36,50;0;115,70;4,60;4,50;58,10;14,20;13,30;
2026-07-21 13:27:00.0;OFF;ON;100;9,70;9,80;14,30;36,50;0;115,70;4,60;4,50;58;14,20;13,20;
2026-07-21 13:28:00.0;OFF;ON;100;9,80;9,80;14,30;36,40;0;115,70;4,50;4,50;58,30;14,10;13,20;
2026-07-21 13:29:00.0;OFF;ON;100;9,80;9,70;14,20;36,40;94,10;115,60;4,50;4,50;58;14,10;13,10;
2026-07-21 13:30:00.0;OFF;ON;100;9,80;9,70;14,20;36,30;95,20;115,60;4,50;4,50;58,20;14,10;13,10;
2026-07-21 13:31:00.0;OFF;ON;100;9,60;9,70;14,20;36,30;95,20;115,60;4,60;4,50;58;14;13,10;
2026-07-21 13:32:00.0;OFF;ON;100;9,60;9,70;14,20;36,20;95,20;115,60;4,60;4,50;57,90;14;13;
2026-07-21 13:33:00.0;OFF;ON;100;9,60;9,60;14,10;36,20;95,20;115,60;4,50;4,50;57,70;14;13;
2026-07-21 13:34:00.0;OFF;ON;100;9,50;9,60;14,10;36,10;95,20;115,60;4,60;4,50;57,60;14;13;
2026-07-21 13:35:00.0;OFF;ON;100;9,40;9,60;14,10;36,10;95,20;115,60;4,60;4,50;57,30;13,90;12,90;
2026-07-21 13:36:00.0;OFF;ON;100;9,50;9,50;14;36;95,20;115,60;4,50;4,50;57,50;13,90;12,90;
2026-07-21 13:37:00.0;OFF;ON;100;9,40;9,50;14;36;95,30;115,60;4,60;4,50;57,10;13,90;12,90;
2026-07-21 13:38:00.0;OFF;ON;100;9,50;9,50;14;35,90;95,30;115,60;4,50;4,50;57,40;13,80;12,90;
2026-07-21 13:39:00.0;OFF;ON;100;9,30;9,40;13,90;35,90;95,30;115,60;4,60;4,50;56,90;13,80;12,80;
2026-07-21 13:40:00.0;OFF;ON;100;9,40;9,40;13,90;35,80;95,40;115,60;4,60;4,50;57,10;13,80;12,80;
2026-07-21 13:41:00.0;OFF;ON;100;9,40;9,40;13,90;35,80;95,40;115,60;4,50;4,50;56,90;13,80;12,80;
2026-07-21 13:42:00.0;OFF;ON;100;9,30;9,30;13,80;35,70;95,40;115,60;4,60;4,50;57;13,70;12,70;
2026-07-21 13:43:00.0;OFF;ON;100;9,30;9,30;13,80;35,70;95,50;115,60;4,50;4,50;56,70;13,70;12,70;
2026-07-21 13:44:00.0;OFF;ON;100;9,20;9,30;13,80;35,60;95,40;115,60;4,70;4,50;56,30;13,70;12,70;
2026-07-21 13:45:00.0;OFF;ON;100;9,20;9,30;13,80;35,50;95,40;115,60;4,60;4,50;56,50;13,60;12,60;
2026-07-21 13:46:00.0;OFF;ON;100;9,20;9,30;13,80;35,50;95,50;115,60;4,60;4,50;56,50;13,60;12,60;
2026-07-21 13:47:00.0;OFF;ON;100;9,20;9,20;13,70;35,40;95,50;115,60;4,50;4,50;56,40;13,50;12,60;
2026-07-21 13:48:00.0;OFF;ON;100;9,20;9,20;13,70;35,40;95,60;115,50;4,50;4,50;56,40;13,50;12,50;
2026-07-21 13:49:00.0;OFF;ON;100;9,20;9,20;13,70;35,30;95,50;115,50;4,50;4,50;56,20;13,50;12,50;
2026-07-21 13:50:00.0;OFF;ON;100;9,20;9,10;13,60;35,30;95,50;115,50;4,50;4,50;56;13,40;12,50;
2026-07-21 13:51:00.0;OFF;ON;100;9,10;9,10;13,60;35,20;95,60;115,50;4,50;4,50;56;13,40;12,40;
2026-07-21 13:52:00.0;OFF;ON;100;8,90;9,10;13,60;35,20;95,50;115,50;4,70;4,50;55,40;13,40;12,40;
2026-07-21 13:53:00.0;OFF;ON;100;9;9;13,50;35,10;95,50;115,50;4,50;4,50;55,60;13,40;12,40;
2026-07-21 13:54:00.0;OFF;ON;100;8,90;9;13,50;35,10;95,60;115,50;4,60;4,50;55,20;13,30;12,30;
2026-07-21 13:55:00.0;OFF;ON;100;8,80;9;13,50;35;95,60;115,50;4,70;4,50;55;13,30;12,30;
2026-07-21 13:56:00.0;OFF;ON;100;8,90;9;13,50;35;95,60;115,50;4,50;4,50;55,20;13,30;12,30;
2026-07-21 13:57:00.0;OFF;ON;100;8,90;8,90;13,40;34,90;95,50;115,50;4,50;4,50;55,10;13,20;12,20;
2026-07-21 13:58:00.0;OFF;ON;100;8,80;8,90;13,40;34,90;95,60;115,50;4,50;4,50;55;13,20;12,20;
2026-07-21 13:59:00.0;OFF;ON;100;8,80;8,80;13,30;34,90;95,60;115,50;4,50;4,50;54,90;13,20;0;
2026-07-21 14:00:00.0;OFF;ON;100;8,70;8,80;13,30;34,80;95;115,50;4,60;4,50;54,60;13,30;0;
2026-07-21 14:01:00.0;OFF;ON;100;8,50;8,80;13,30;34,80;94,70;115,50;4,80;4,50;53,50;13,40;0;
2026-07-21 14:02:00.0;OFF;ON;100;8,40;8,70;13,20;34,70;94,70;115,50;4,80;4,50;52,80;13,50;0;
2026-07-21 14:03:00.0;OFF;ON;100;8,40;8,70;13,20;34,70;94,70;115,50;4,80;4,50;52,70;13,50;0;
2026-07-21 14:04:00.0;OFF;ON;100;8,50;8,70;13,20;34,60;94,80;115,50;4,80;4,50;52,40;13,50;0;
2026-07-21 14:05:00.0;OFF;ON;100;8,30;8,70;13,20;34,60;95;115,50;4,90;4,50;51,20;13,50;0;
2026-07-21 14:06:00.0;OFF;ON;100;8,50;8,70;13,20;34,50;95;115,50;4,70;4,50;51,70;13,50;0;
2026-07-21 14:07:00.0;OFF;ON;100;8,40;8,60;13,10;34,50;95,10;115,50;4,70;4,50;51,10;13,50;0;
2026-07-21 14:08:00.0;OFF;ON;100;8,40;8,60;13,10;34,50;95,20;115,50;4,70;4,50;50,80;13,50;0;
2026-07-21 14:09:00.0;OFF;ON;100;8,30;8,60;13,10;34,40;95,20;115,50;4,80;4,50;49,60;13,50;0;
2026-07-21 14:10:00.0;OFF;ON;100;8,20;8,60;13,10;34,40;95,30;115,50;4,80;4,50;49,10;13,50;0;
2026-07-21 14:11:00.0;OFF;ON;100;8,40;8,60;13,10;34,30;95,40;115,50;4,70;4,50;49,80;13,50;0;
2026-07-21 14:12:00.0;OFF;ON;100;8,40;8,50;13;34,30;95,50;115,50;4,70;4,50;49,50;13,40;0;
2026-07-21 14:13:00.0;OFF;ON;100;8,30;8,50;13;34,20;95,60;115,50;4,80;4,50;48,80;13,50;0;
2026-07-21 14:14:00.0;OFF;ON;100;8,40;8,50;13;34,20;95,60;115,50;4,60;4,50;49,50;13,40;0;
2026-07-21 14:15:00.0;OFF;ON;100;8,40;8,50;13;34,10;95,80;115,50;4,60;4,50;49,40;13,40;0;
2026-07-21 14:16:00.0;OFF;ON;100;8,40;8,50;13;34,10;95,80;115,50;4,60;4,50;49,10;13,40;0;
2026-07-21 14:17:00.0;OFF;ON;100;8,40;8,50;13;34,10;95,80;115,50;4,60;4,50;49,10;13,40;0;
2026-07-21 14:18:00.0;OFF;ON;100;8,50;8,50;13;34;95,80;115,50;4,50;4,50;48,80;13,40;0;
2026-07-21 14:19:00.0;OFF;ON;100;8,50;8,50;13;34;95,90;115,50;4,50;4,50;48,60;13,40;0;
2026-07-21 14:20:00.0;OFF;ON;100;8,40;8,40;12,90;33,90;95,90;115,50;4,50;4,50;49,40;13,40;0;
2026-07-21 14:21:00.0;OFF;ON;100;8,40;8,40;12,90;33,90;96,10;115,50;4,50;4,50;49,40;13,40;0;
2026-07-21 14:22:00.0;OFF;ON;100;8,50;8,40;12,90;33,90;96,10;115,50;4,40;4,50;49,70;13,40;0;
2026-07-21 14:23:00.0;OFF;ON;100;8,50;8,40;12,90;33,80;96,10;115,50;4,40;4,50;49,90;13,30;0;
2026-07-21 14:24:00.0;OFF;ON;100;8,30;8,30;12,80;33,80;96,10;115,50;4,50;4,50;49,50;13,30;0;
2026-07-21 14:25:00.0;OFF;ON;100;8,30;8,30;12,80;33,70;96,10;115,50;4,50;4,50;49,60;13,30;0;
2026-07-21 14:26:00.0;OFF;ON;100;8,40;8,30;12,80;33,70;96,10;115,50;4,40;4,50;50;13,30;0;
2026-07-21 14:27:00.0;OFF;ON;100;8,30;8,30;12,80;33,60;96,10;115,50;4,50;4,50;49,70;13,30;0;
2026-07-21 14:28:00.0;OFF;ON;100;8,40;8,30;12,80;33,60;96,10;115,50;4,40;4,50;50,20;13,30;0;
2026-07-21 14:29:00.0;OFF;ON;100;8,30;8,30;12,80;33,50;96,10;115,50;4,50;4,50;50;13,30;0;
2026-07-21 14:30:00.0;OFF;ON;100;8,30;8,20;12,70;33,50;96,10;115,50;4,50;4,50;50,10;13,20;0;
2026-07-21 14:31:00.0;OFF;ON;100;8,30;8,20;12,70;33,40;96,10;115,50;4,40;4,50;50,30;13,20;0;
2026-07-21 14:32:00.0;OFF;ON;100;8,30;8,20;12,70;33,40;96,10;115,50;4,40;4,50;50,60;13,20;0;
2026-07-21 14:33:00.0;OFF;ON;100;8,20;8,20;12,70;33,40;96,10;115,50;4,50;4,50;50,40;13,20;0;
2026-07-21 14:34:00.0;OFF;ON;100;8,20;8,20;12,70;33,30;96,10;115,50;4,50;4,50;50,70;13,20;0;
2026-07-21 14:35:00.0;OFF;ON;100;8,20;8,10;12,60;33,30;96,10;115,50;4,50;4,50;50,90;13,10;0;
2026-07-21 14:36:00.0;OFF;ON;100;8,30;8,10;12,60;33,20;96,10;115,50;4,40;4,50;51,30;13,10;0;
2026-07-21 14:37:00.0;OFF;ON;100;8,20;8,10;12,60;33,20;96,10;115,50;4,40;4,50;51;13,10;0;
2026-07-21 14:38:00.0;OFF;ON;100;8,30;8,10;12,60;33,10;96,10;115,50;4,30;4,50;51,90;13,10;0;
2026-07-21 14:39:00.0;OFF;ON;100;8,10;8,10;12,60;33,10;96,10;115,50;4,40;4,50;51,40;13,10;0;
2026-07-21 14:40:00.0;OFF;ON;100;8,20;8,10;12,60;33;96,10;115,50;4,30;4,50;52,10;13,10;0;
2026-07-21 14:41:00.0;OFF;ON;100;8,20;8;12,50;33;96,10;115,50;4,30;4,50;52,20;13;0;
2026-07-21 14:42:00.0;OFF;ON;100;8,20;8;12,50;33;96,10;115,50;4,40;4,50;52,40;13;0;
2026-07-21 14:43:00.0;OFF;ON;100;8,20;8;12,50;32,90;96,10;115,50;4,30;4,50;52,90;13;0;
2026-07-21 14:44:00.0;OFF;ON;100;8,20;8;12,50;32,90;96,10;115,40;4,30;4,50;53,30;13;0;
2026-07-21 14:45:00.0;OFF;ON;100;8,20;8;12,50;32,80;96,10;115,40;4,30;4,50;53,60;13;0;
2026-07-21 14:46:00.0;OFF;ON;100;8,20;7,90;12,40;32,80;96,10;115,40;4,30;4,50;53,70;13;0;
2026-07-21 14:47:00.0;OFF;ON;100;8,10;7,90;12,40;32,70;96,10;115,40;4,30;4,50;54;12,90;0;
2026-07-21 14:48:00.0;OFF;ON;100;8,20;7,90;12,40;32,70;96,10;115,40;4,30;4,50;54,30;12,90;0;
2026-07-21 14:49:00.0;OFF;ON;100;8;7,90;12,40;32,60;96,10;115,40;4,40;4,50;53,90;12,90;0;
2026-07-21 14:50:00.0;OFF;ON;100;7,90;7,90;12,40;32,60;96,10;115,40;4,40;4,50;53,90;12,90;0;
2026-07-21 14:51:00.0;OFF;ON;100;8;7,90;12,40;32,50;96,10;115,40;4,40;4,50;54,60;12,90;0;
2026-07-21 14:52:00.0;OFF;ON;100;8,10;7,80;12,30;32,50;96,10;115,40;4,20;4,50;55,70;12,80;0;
2026-07-21 14:53:00.0;OFF;ON;100;8,10;7,80;12,30;32,50;96,20;115,40;4,20;4,50;56,30;12,80;0;
2026-07-21 14:54:00.0;OFF;ON;100;7,90;7,80;12,30;32,40;96,20;115,40;4,40;4,50;55,50;12,80;0;
2026-07-21 14:55:00.0;OFF;ON;100;7,90;7,80;12,30;32,40;96,20;115,40;4,40;4,50;55,70;12,80;0;
2026-07-21 14:56:00.0;OFF;ON;100;7,90;7,80;12,30;32,30;96,20;115,40;4,40;4,50;56,30;12,80;0;
2026-07-21 14:57:00.0;OFF;ON;100;8,10;7,70;12,20;32,30;96,10;115,40;4,20;4,50;57,70;12,70;0;
2026-07-21 14:58:00.0;OFF;ON;100;8,10;7,80;12,30;32,20;96,20;115,40;4,20;4,50;58;12,70;0;
2026-07-21 14:59:00.0;OFF;ON;100;8;7,70;12,20;32,20;96,20;115,40;4,20;4,50;58,20;12,70;0;
2026-07-21 15:00:00.0;OFF;ON;100;7,80;7,70;12,20;32,10;96,10;115,40;4,40;4,50;57,70;12,70;0;
2026-07-21 15:01:00.0;OFF;ON;100;7,80;7,70;12,20;32,10;96,10;115,40;4,40;4,50;57,80;12,70;0;
2026-07-21 15:02:00.0;OFF;ON;100;7,70;7,60;12,10;32;96,10;115,40;4,40;4,50;58,10;12,60;0;
2026-07-21 15:03:00.0;OFF;ON;100;7,70;7,60;12,10;32;96,10;115,40;4,40;4,50;58,10;12,60;0;
2026-07-21 15:04:00.0;OFF;ON;100;7,60;7,60;12,10;32;96,10;115,40;4,50;4,50;58,30;12,60;0;
2026-07-21 15:05:00.0;OFF;ON;100;7,60;---;12,10;31,90;96,10;115,40;4,50;4,50;58,40;12,60;0;
2026-07-21 15:06:00.0;---;---;---;---;---;---;---;---;---;---;---;---;---;---;
2026-07-21 15:07:00.0;---;---;---;---;---;---;---;---;---;---;---;---;---;---;
2026-07-21 15:08:00.0;OFF;ON;100;7,50;7,50;12;31,70;96,10;115,40;4,50;4,50;58,80;12,50;0;
2026-07-21 15:09:00.0;OFF;ON;100;7,50;7,50;12;31,70;96,10;115,40;4,40;4,50;58,90;12,50;0;
2026-07-21 15:10:00.0;OFF;ON;100;7,30;7,50;11,90;31,70;96,10;115,40;4,60;4,50;58,10;12,40;0;
2026-07-21 15:11:00.0;OFF;ON;100;7,40;7,40;11,90;31,60;96,10;115,40;4,50;4,50;59;12,40;0;
2026-07-21 15:12:00.0;OFF;ON;100;7,30;7,40;11,90;31,60;96,10;115,40;4,50;4,50;58,30;12,40;0;
2026-07-21 15:13:00.0;OFF;ON;100;7,30;7,30;11,80;31,50;96,10;115,40;4,50;4,50;58,10;12,40;0;
2026-07-21 15:14:00.0;OFF;ON;100;7,40;7,30;11,80;31,50;96,10;115,40;4,40;4,50;59;12,30;0;
2026-07-21 15:15:00.0;OFF;ON;100;7,30;7,30;11,80;31,40;96,10;115,40;4,50;4,50;58;12,30;0;
2026-07-21 15:16:00.0;OFF;ON;100;7,40;7,30;11,80;31,40;96,10;115,40;4,40;4,50;59,30;12,30;0;
2026-07-21 15:17:00.0;---;---;---;7,10;---;11,70;31,30;96,10;115,40;4,60;4,50;58;12,20;12,70;
2026-07-21 15:18:00.0;---;---;---;---;---;---;---;---;---;---;---;---;---;---;
2026-07-21 15:19:00.0;---;---;---;---;---;---;---;---;---;---;---;---;---;---;
2026-07-21 15:20:00.0;---;---;---;---;---;---;---;---;---;---;---;---;---;---;
2026-07-21 15:21:00.0;OFF;ON;100;7,10;7,10;11,60;31,20;96,90;115,40;4,50;4,50;59,70;11,70;10,60;
2026-07-21 15:22:00.0;OFF;ON;100;7,10;7,10;11,60;31,10;96,80;115,40;4,40;4,50;59,60;11,60;10,40;
2026-07-21 15:23:00.0;OFF;ON;100;7,10;7;11,50;31,10;96,70;115,40;4,50;4,50;58,90;11,60;10,40;
2026-07-21 15:24:00.0;OFF;ON;100;7;7;11,50;31;96,60;115,40;4,50;4,50;58,70;11,50;10,30;
2026-07-21 15:25:00.0;OFF;ON;100;6,70;6,90;11,40;31;96,50;115,40;4,70;4,50;58;11,40;10,20;
2026-07-21 15:26:00.0;OFF;ON;100;6,80;6,90;11,40;30,90;96,30;115,40;4,50;4,50;58,50;11,40;10,20;
2026-07-21 15:27:00.0;OFF;ON;100;6,80;6,80;11,30;30,90;96,20;115,40;4,50;4,50;58,40;11,30;10,10;
2026-07-21 15:28:00.0;OFF;ON;100;6,80;6,80;11,30;30,80;96,20;115,40;4,50;4,50;58,20;11,30;10,10;
2026-07-21 15:29:00.0;OFF;ON;100;6,70;6,70;11,20;30,80;96,10;115,40;4,50;4,50;57,90;11,30;10;
2026-07-21 15:30:00.0;OFF;ON;100;6,50;6,70;11,20;30,70;96,10;115,40;4,70;4,50;57,30;11,20;10;
2026-07-21 15:31:00.0;OFF;ON;100;6,50;6,70;11,20;30,70;96,10;115,40;4,70;4,50;57,10;11,20;10;
2026-07-21 15:32:00.0;OFF;ON;100;6,60;6,60;11,10;30,60;96,10;115,40;4,50;4,50;57,40;11,10;9,90;
2026-07-21 15:33:00.0;OFF;ON;100;6,40;6,60;11,10;30,60;96,10;115,40;4,70;4,50;56,60;11,10;9,90;
2026-07-21 15:34:00.0;OFF;ON;100;6,30;6,50;11;30,50;96,10;115,40;4,70;4,50;56,40;11;9,80;
2026-07-21 15:35:00.0;OFF;ON;100;6,40;6,50;11;30,50;96,10;115,40;4,60;4,50;56,60;11;9,80;
2026-07-21 15:36:00.0;OFF;ON;100;6,40;6,50;11;30,40;96,10;115,40;4,60;4,50;56,80;11;9,80;
2026-07-21 15:37:00.0;OFF;ON;100;6,40;6,50;11;30,40;96,10;115,40;4,60;4,50;56,60;10,90;9,70;
2026-07-21 15:38:00.0;OFF;ON;100;6,20;6,40;10,90;30,40;96,10;115,40;4,70;4,50;55,70;10,90;9,70;
2026-07-21 15:39:00.0;OFF;ON;100;6,30;6,40;10,90;30,30;96,10;115,40;4,50;4,50;56,10;10,80;9,70;
2026-07-21 15:40:00.0;OFF;ON;100;6,10;6,30;10,80;30,20;96,10;115,40;4,70;4,50;55,10;10,80;9,60;
2026-07-21 15:41:00.0;OFF;ON;100;6,10;6,30;10,80;30,20;96,10;115,40;4,70;4,50;55,20;10,80;9,60;
2026-07-21 15:42:00.0;OFF;ON;100;6,30;6,30;10,80;30,20;96;115,40;4,50;4,50;55,60;10,70;9,60;
2026-07-21 15:43:00.0;OFF;ON;100;6,30;6,30;10,80;30,10;96,10;115,40;4,50;4,50;55,30;10,70;9,60;
2026-07-21 15:44:00.0;OFF;ON;100;6,20;6,20;10,70;30;96;115,40;4,50;4,50;55,40;10,70;9,50;
2026-07-21 15:45:00.0;OFF;ON;100;6;6,20;10,70;30;96,10;115,40;4,70;4,50;54,40;10,60;9,50;
2026-07-21 15:46:00.0;OFF;ON;100;6;6,20;10,70;30;96,10;115,40;4,70;4,50;54,40;10,60;9,50;
2026-07-21 15:47:00.0;OFF;ON;100;5,90;6,10;10,60;29,90;96,10;115,40;4,70;4,50;54,20;10,60;9,50;
2026-07-21 15:48:00.0;OFF;ON;100;6,10;6,10;10,60;29,90;96,10;115,40;4,50;4,50;54,70;10,60;9,40;
2026-07-21 15:49:00.0;OFF;ON;100;6,10;6,10;10,60;29,80;96,10;115,40;4,50;4,50;54,60;10,50;9,40;
2026-07-21 15:50:00.0;OFF;ON;100;6;6,10;10,60;29,80;96,10;115,40;4,50;4,50;54,50;10,50;9,40;
2026-07-21 15:51:00.0;OFF;ON;100;6;6;10,50;29,80;96,10;115,40;4,50;4,50;54,30;10,50;9,40;
2026-07-21 15:52:00.0;OFF;ON;100;5,80;6;10,50;29,70;96,10;115,40;4,70;4,50;53,50;10,40;9,30;
2026-07-21 15:53:00.0;OFF;ON;100;6;6;10,50;29,70;96,10;115,40;4,50;4,50;54,10;10,40;9,30;
2026-07-21 15:54:00.0;OFF;ON;100;6;5,90;10,40;29,60;96,10;115,40;4,50;4,50;53,80;10,40;9,30;
2026-07-21 15:55:00.0;OFF;ON;100;5,90;5,90;10,40;29,60;96,10;115,40;4,50;4,50;53,70;10,30;9,30;
2026-07-21 15:56:00.0;OFF;ON;100;5,90;5,90;10,40;29,60;96;115,40;4,50;4,50;53,60;10,30;9,20;
2026-07-21 15:57:00.0;OFF;ON;100;5,70;5,90;10,40;29,50;96,10;115,40;4,70;4,50;53,10;10,30;9,20;
2026-07-21 15:58:00.0;OFF;ON;100;5,80;5,80;10,30;29,50;96,10;115,40;4,50;4,50;53,40;10,30;9,20;
2026-07-21 15:59:00.0;OFF;ON;100;5,80;5,80;10,30;29,40;96,10;115,40;4,50;4,50;53,30;10,20;9,20;
2026-07-21 16:00:00.0;OFF;ON;100;5,70;5,80;10,30;29,40;96,10;115,40;4,50;4,50;53,20;10,20;9,10;
2026-07-21 16:01:00.0;OFF;ON;100;5,60;5,70;10,20;29,40;96,10;115,30;4,60;4,50;53;10,20;9,10;
2026-07-21 16:02:00.0;OFF;ON;100;5,80;5,70;10,20;29,30;96,10;115,30;4,50;4,50;53,90;10,10;9,10;
2026-07-21 16:03:00.0;OFF;ON;100;5,60;5,70;10,20;29,30;96,10;115,30;4,50;4,50;53,90;10,10;9,10;
2026-07-21 16:04:00.0;OFF;ON;100;5,70;5,70;10,20;29,20;96,10;115,30;4,50;4,50;52,90;10,10;9;
2026-07-21 16:05:00.0;OFF;ON;100;5,70;5,60;10,10;29,20;96,10;115,30;4,40;4,50;54;10,10;9;
2026-07-21 16:06:00.0;OFF;ON;100;5,50;5,60;10,10;29,20;96,10;115,30;4,70;4,50;52,50;10;9;
2026-07-21 16:07:00.0;OFF;ON;100;5,60;5,60;10,10;29,10;96;115,30;4,50;4,50;52,90;10;9;
2026-07-21 16:08:00.0;OFF;ON;100;5,60;5,60;10,10;29,10;96,10;115,30;4,50;4,50;53,70;10;9;
2026-07-21 16:09:00.0;OFF;ON;100;5,50;5,50;10;29,10;96;115,30;4,60;4,50;52,90;10;8,90;
2026-07-21 16:10:00.0;OFF;ON;100;5,50;5,50;10;29;96,10;115,30;4,50;4,50;53;10;8,90;
2026-07-21 16:11:00.0;OFF;ON;100;5,50;5,50;10;29;96,10;115,30;4,50;4,50;53,70;9,90;8,90;
2026-07-21 16:12:00.0;OFF;ON;100;5,40;5,50;10;28,90;96,10;115,30;4,60;4,50;53,10;9,90;8,90;
2026-07-21 16:13:00.0;OFF;ON;100;5,40;5,40;9,90;28,90;96,10;115,30;4,50;4,50;53,90;9,90;8,90;
2026-07-21 16:14:00.0;OFF;ON;100;5,40;5,40;9,90;28,80;96,10;115,30;4,60;4,50;53,20;9,90;8,80;
2026-07-21 16:15:00.0;OFF;ON;100;5,40;5,40;9,90;28,80;96,10;115,30;4,50;4,50;53,90;9,90;8,80;
2026-07-21 16:16:00.0;OFF;ON;100;5,40;5,40;9,90;28,80;96,10;115,30;4,50;4,50;54;9,80;8,80;
2026-07-21 16:17:00.0;OFF;ON;100;5,50;5,40;9,90;28,70;96,10;115,30;4,40;4,50;54,30;9,80;8,80;
2026-07-21 16:18:00.0;OFF;ON;100;5,40;5,40;9,90;28,70;96,10;115,30;4,40;4,50;54,20;9,80;8,70;
2026-07-21 16:19:00.0;OFF;ON;100;5,30;5,30;9,80;28,60;96,10;115,30;4,50;4,50;54,40;9,80;8,70;
2026-07-21 16:20:00.0;OFF;ON;100;5,30;5,30;9,80;28,60;96,10;115,30;4,50;4,50;54,40;9,70;8,70;
2026-07-21 16:21:00.0;OFF;ON;100;5,30;5,30;9,80;28,60;96,10;115,30;4,50;4,50;54,40;9,70;8,70;
2026-07-21 16:22:00.0;OFF;ON;100;5,30;5,30;9,80;28,50;96,10;115,30;4,50;4,50;54,70;9,70;8,70;
2026-07-21 16:23:00.0;OFF;ON;100;5,30;5,30;9,80;28,50;96,10;115,30;4,40;4,50;54,60;9,70;8,70;
2026-07-21 16:24:00.0;OFF;ON;100;5,40;5,20;9,70;28,40;96,10;115,30;4,30;4,50;55,50;9,70;8,60;
2026-07-21 16:25:00.0;OFF;ON;100;5,40;5,20;9,70;28,40;96,10;115,30;4,30;4,50;55,50;9,60;8,60;
2026-07-21 16:26:00.0;OFF;ON;100;5,20;5,20;9,70;28,40;96,10;115,30;4,50;4,50;55,10;9,60;8,60;
2026-07-21 16:27:00.0;OFF;OFF;100;-2,60;5,80;10,30;28,30;97;115,30;12,90;4,50;50;10,10;9,10;
2026-07-21 16:28:00.0;OFF;OFF;100;5,10;5,50;10;28,30;96,80;115,30;4,80;4,50;50;9,90;8,90;
2026-07-21 16:29:00.0;OFF;OFF;100;7,60;5,60;10,10;28,20;97,10;115,30;2,50;4,50;59,60;10;9,40;
2026-07-21 16:30:00.0;OFF;OFF;100;8,10;5,80;10,30;28,20;97,50;115,20;2,20;4,50;63,10;10,20;9,70;
2026-07-21 16:31:00.0;OFF;OFF;100;7,90;6;10,50;28,20;97,90;115,30;2,60;4,50;64,40;10,40;10;
2026-07-21 16:32:00.0;OFF;OFF;100;8,10;6,10;10,60;28,10;98;115,20;2,50;4,50;67,20;10,50;10;
2026-07-21 16:33:00.0;OFF;OFF;100;7,80;6,10;10,60;28,10;98;115,20;2,80;4,50;67,90;10,50;10;
2026-07-21 16:34:00.0;OFF;OFF;100;7,70;6,10;10,60;28;97,90;115,20;2,90;4,50;69,30;10,50;10;
2026-07-21 16:35:00.0;OFF;OFF;100;7,20;6,10;10,60;28;97,80;115,20;3,40;4,50;68,80;10,50;9,90;
2026-07-21 16:36:00.0;OFF;ON;100;6,90;6;10,50;28;97,70;115,20;3,60;4,50;68,80;10,40;9,70;
2026-07-21 16:37:00.0;OFF;ON;100;6,20;5,90;10,40;27,90;97,30;115,20;4,30;4,50;67,20;10,30;9,60;
2026-07-21 16:38:00.0;OFF;ON;100;5,50;5,80;10,30;27,90;97,10;115,20;4,80;4,50;65,10;10,10;9,30;
2026-07-21 16:39:00.0;OFF;ON;100;5,30;5,60;10,10;27,80;96,60;115,20;4,80;4,50;64,70;10;9,10;
2026-07-21 16:40:00.0;OFF;ON;100;4,90;5,40;9,90;27,80;95,90;115,30;5;4,50;63;9,80;8,80;
2026-07-21 16:41:00.0;OFF;ON;100;4,60;5,20;9,70;27,70;95,30;115,30;5,10;4,50;61,80;9,70;8,50;
2026-07-21 16:42:00.0;OFF;ON;100;4,30;5,10;9,60;27,70;95;115,20;5,40;4,50;60,10;9,50;8,30;
2026-07-21 16:43:00.0;OFF;ON;100;4,10;5;9,50;27,70;94,80;115,20;5,40;4,50;58,80;9,40;8,20;
2026-07-21 16:44:00.0;OFF;ON;100;4,20;4,90;9,40;27,60;94,60;115,20;5,20;4,50;58,70;9,30;8,10;
2026-07-21 16:45:00.0;OFF;ON;100;4,10;4,80;9,30;27,60;94,70;115,20;5,30;4,50;57,70;9,30;8;
2026-07-21 16:46:00.0;OFF;ON;100;4,10;4,80;9,30;27,50;94,80;115,20;5,20;4,50;57,30;9,20;7,90;
2026-07-21 16:47:00.0;OFF;ON;100;4,20;4,70;9,20;27,50;95;115,20;5;4,50;57,10;9,20;7,90;
2026-07-21 16:48:00.0;OFF;ON;100;4,10;4,70;9,20;27,50;95;115,20;5,10;4,50;56,20;9,10;7,80;
2026-07-21 16:49:00.0;OFF;ON;100;4,20;4,60;9,10;27,40;95,10;115,20;5;4,50;55,80;9,10;7,80;
2026-07-21 16:50:00.0;OFF;ON;100;4,20;4,60;9,10;27,40;95,20;115,80;4,90;4,50;55,50;9,10;7,80;
2026-07-21 16:51:00.0;OFF;ON;100;4,10;4,60;9,10;27,30;95,40;115,90;5;4,50;54,60;9;7,80;
2026-07-21 16:52:00.0;OFF;ON;100;4,10;4,60;9,10;27,30;95,50;115,90;5;4,50;54,40;9;7,80;
2026-07-21 16:53:00.0;OFF;ON;100;4,20;4,60;9,10;27,20;95,70;115,90;4,90;4,50;54;9;7,80;
2026-07-21 16:54:00.0;OFF;ON;100;4,30;4,60;9,10;27,20;95,80;115,60;4,80;4,50;54,10;9;7,80;
2026-07-21 16:55:00.0;OFF;ON;100;4,40;4,60;9,10;27,20;95,90;115,20;4,70;4,50;54,20;9;7,80;
2026-07-21 16:56:00.0;OFF;ON;100;4,40;4,60;9,10;27,10;96;115,20;4,70;4,50;54,20;9;7,80;
2026-07-21 16:57:00.0;OFF;ON;100;4,30;4,60;9,10;27,10;96,10;115,20;4,80;4,50;53,50;9;7,80;
2026-07-21 16:58:00.0;OFF;ON;100;4,50;4,60;9,10;27;96,10;115,20;4,60;4,50;53,80;9;7,80;
2026-07-21 16:59:00.0;OFF;ON;100;4,50;4,60;9,10;27;96,10;115,10;4,60;4,50;53,90;9;7,80;
2026-07-21 17:00:00.0;OFF;ON;100;4,50;4,60;9,10;26,90;96,10;115,10;4,50;4,50;53,60;8,90;7,80;
2026-07-21 17:01:00.0;OFF;ON;100;4,40;4,50;9;26,90;96,10;115,10;4,70;4,50;53,20;8,90;7,80;
2026-07-21 17:02:00.0;OFF;ON;100;4,50;4,50;9;26,90;96,10;115,10;4,50;4,50;53,40;8,90;7,80;
2026-07-21 17:03:00.0;OFF;ON;100;4,30;4,50;9;26,80;96,10;115,10;4,70;4,50;52,90;8,90;7,80;
2026-07-21 17:04:00.0;OFF;ON;100;4,40;4,40;8,90;26,80;96,10;115,10;4,50;4,50;53,20;8,90;7,70;
2026-07-21 17:05:00.0;OFF;ON;100;4,30;4,40;8,90;26,70;96,10;115,10;4,60;4,50;52,90;8,80;7,70;
2026-07-21 17:06:00.0;---;---;---;4,20;---;8,90;26,70;96,10;115,10;4,60;4,50;52,70;8,80;7,70;
2026-07-21 17:07:00.0;---;---;---;---;---;---;---;---;---;---;---;---;---;---;
2026-07-21 17:08:00.0;---;---;---;---;---;---;---;---;---;---;---;---;---;---;
2026-07-21 17:09:00.0;---;---;---;---;---;---;---;---;---;---;---;---;---;---;
2026-07-21 17:10:00.0;OFF;ON;100;4,40;4,30;8,80;26,50;96,10;115,10;4,40;4,50;53,80;8,70;7,60;
2026-07-21 17:11:00.0;OFF;ON;100;4,30;4,30;8,80;26,50;96,10;115,10;4,50;4,50;53,70;8,70;7,60;
2026-07-21 17:12:00.0;OFF;ON;100;4,40;4,30;8,80;26,40;96,10;115,10;4,40;4,50;54;8,70;7,60;
2026-07-21 17:13:00.0;OFF;ON;100;4,30;4,30;8,80;26,40;96,10;115,10;4,50;4,50;53,80;8,70;7,60;
2026-07-21 17:14:00.0;OFF;ON;100;4,40;4,30;8,80;26,30;96,10;115,10;4,40;4,50;54,30;8,70;7,60;
2026-07-21 17:15:00.0;OFF;ON;100;4,40;4,20;8,70;26,30;96,10;115,10;4,30;4,50;54,70;8,60;7,60;
2026-07-21 17:16:00.0;OFF;ON;100;4,40;4,20;8,70;26,20;96,10;115,10;4,30;4,50;54,80;8,60;7,50;
2026-07-21 17:17:00.0;OFF;ON;100;4,40;4,20;8,70;26,20;96,10;115,10;4,30;4,50;55,10;8,60;7,50;
2026-07-21 17:18:00.0;OFF;ON;100;4,40;4,20;8,70;26,20;96,10;115,10;4,20;4,50;55,40;8,60;7,50;
2026-07-21 17:19:00.0;OFF;ON;100;4,40;4,20;8,70;26,10;96,10;115,10;4,30;4,50;55,40;8,60;7,50;
2026-07-21 17:20:00.0;OFF;ON;100;4,40;4,20;8,70;26,10;96,10;115,10;4,30;4,50;55,60;8,60;7,50;
2026-07-21 17:21:00.0;OFF;ON;100;4,40;3,90;8,60;26;96,20;115,10;4,20;4,70;56,90;8,50;7,50;
2026-07-21 17:22:00.0;OFF;ON;100;4,30;3,90;8,60;26;96,20;115,10;4,30;4,70;56,90;8,50;7,50;
2026-07-21 17:23:00.0;OFF;ON;100;4,40;3,90;8,60;26;96,10;115,10;4,20;4,70;57,90;8,50;7,50;
2026-07-21 17:24:00.0;OFF;ON;100;4,20;3,90;8,60;25,90;96,10;115,10;4,40;4,70;57,70;8,50;7,50;
2026-07-21 17:25:00.0;OFF;ON;100;4,30;3,90;8,60;25,90;96,10;115,10;4,30;4,70;58,50;8,50;7,40;
2026-07-21 17:26:00.0;OFF;ON;100;4,20;3,60;8,50;25,80;96,10;115,10;4,30;4,90;59,80;8,50;7,40;
2026-07-21 17:27:00.0;OFF;ON;100;4,30;3,60;8,50;25,80;96,10;115,10;4,30;4,90;60,70;8,40;7,40;
2026-07-21 17:28:00.0;OFF;ON;100;4,30;3,60;8,50;25,70;96,10;115,10;4,20;4,90;61,70;8,40;7,40;
2026-07-21 17:29:00.0;OFF;ON;100;4,20;3,60;8,50;25,70;96,20;115,10;4,30;4,90;62,10;8,40;7,40;
2026-07-21 17:30:00.0;OFF;ON;100;4,20;3,60;8,50;25,60;96,10;115,10;4,30;4,90;62,90;8,40;7,40;
2026-07-21 17:31:00.0;OFF;ON;100;4,10;3,40;8,50;25,60;96,10;115,10;4,40;5,10;64,30;8,40;7,30;
2026-07-21 17:32:00.0;OFF;ON;100;4,10;3,40;8,50;25,60;96,10;115,10;4,30;5,10;65,40;8,30;7,30;
2026-07-21 17:33:00.0;OFF;ON;100;3,90;3,30;8,40;25,50;96,10;115,10;4,50;5,10;65,40;8,30;7,20;
2026-07-21 17:34:00.0;OFF;ON;100;3,80;3,30;8,40;25,50;96,10;115,10;4,50;5,10;66;8,20;7,10;
2026-07-21 17:35:00.0;OFF;ON;100;3,50;3,20;8,30;25,40;96,10;115,10;4,80;5,10;65,50;8,20;7;
2026-07-21 17:36:00.0;OFF;ON;100;3,70;3,30;8,20;25,40;95,90;115,10;4,60;4,90;65,90;8,10;7;
2026-07-21 17:37:00.0;OFF;ON;100;3,60;3,30;8,20;25,30;95,80;115,10;4,60;4,90;65,90;8,10;6,90;
2026-07-21 17:38:00.0;OFF;ON;100;3,40;3,30;8,20;25,30;95,80;115,10;4,80;4,90;65,40;8,10;6,80;
2026-07-21 17:39:00.0;OFF;ON;100;3,40;3,20;8,10;25,30;95,90;115,10;4,70;4,90;66,10;8;6,80;
2026-07-21 17:40:00.0;OFF;ON;100;3,30;3,20;8,10;25,20;95,70;115,10;4,80;4,90;65,90;8;6,70;
2026-07-21 17:41:00.0;OFF;ON;100;3,20;3,30;8;25,20;95,80;115,10;4,80;4,70;65,30;7,90;6,70;
2026-07-21 17:42:00.0;OFF;ON;100;3,30;3,50;8;25,10;95,80;115,10;4,60;4,50;64,90;7,90;6,70;
2026-07-21 17:43:00.0;OFF;ON;100;3,20;3,50;8;25,10;95,80;115,10;4,80;4,50;64,20;7,90;6,70;
2026-07-21 17:44:00.0;OFF;ON;100;3,30;3,50;8;25;95,90;115,10;4,60;4,50;64,50;7,90;6,60;
2026-07-21 17:45:00.0;OFF;ON;100;3,30;3,40;7,90;25;95,90;115,10;4,60;4,50;64,10;7,90;6,60;
2026-07-21 17:46:00.0;OFF;ON;100;3,30;3,40;7,90;25;96;115,10;4,60;4,50;64,10;7,80;6,60;
2026-07-21 17:47:00.0;OFF;ON;100;3,30;3,40;7,90;24,90;96;115,10;4,60;4,50;63,80;7,80;6,60;
2026-07-21 17:48:00.0;OFF;ON;100;3,30;3,40;7,90;24,90;96,10;115,10;4,60;4,50;63,70;7,80;6,50;
2026-07-21 17:49:00.0;OFF;ON;100;3,20;3,30;7,80;24,90;96;115,10;4,60;4,50;63,40;7,70;6,50;
2026-07-21 17:50:00.0;OFF;ON;100;3,10;3,30;7,80;24,80;96;115,10;4,70;4,50;62,90;7,70;6,50;
2026-07-21 17:51:00.0;OFF;ON;100;3,10;3,30;7,80;24,80;96;115,10;4,70;4,50;62,60;7,70;6,50;
2026-07-21 17:52:00.0;OFF;ON;100;3;3,30;7,80;24,70;96,10;115,10;4,70;4,50;62,40;7,70;6,40;
2026-07-21 17:53:00.0;OFF;ON;100;3,20;3,20;7,70;24,70;96;115,10;4,60;4,50;62,80;7,60;6,40;
2026-07-21 17:54:00.0;OFF;ON;100;3,20;3,20;7,70;24,70;96;115,10;4,60;4,50;62,80;7,60;6,40;
2026-07-21 17:55:00.0;OFF;ON;100;3;3,20;7,70;24,60;96,10;115,10;4,70;4,50;61,80;7,60;6,40;
2026-07-21 17:56:00.0;OFF;ON;100;3;3,20;7,70;24,60;96,10;115,10;4,70;4,50;61,90;7,60;6,30;
2026-07-21 17:57:00.0;OFF;ON;100;3,10;3,20;7,70;24,60;96,10;115,10;4,50;4,50;62,20;7,60;6,30;
2026-07-21 17:58:00.0;OFF;ON;100;3;3,10;7,60;24,50;96,10;115,10;4,70;4,50;61,80;7,50;6,30;
2026-07-21 17:59:00.0;OFF;ON;100;2,90;3,10;7,60;24,50;96,10;115,10;4,70;4,50;61,60;7,50;6,30;
2026-07-21 18:00:00.0;OFF;ON;100;3;3,10;7,60;24,50;96,10;115,10;4,50;4,50;61,90;7,50;6,30;
2026-07-21 18:01:00.0;OFF;ON;100;3;3,10;7,60;24,40;96,10;115,10;4,50;4,50;61,90;7,50;6,20;
2026-07-21 18:02:00.0;OFF;ON;100;3;3,10;7,60;24,40;96,10;115,10;4,50;4,50;61,70;7,50;6,20;
2026-07-21 18:03:00.0;OFF;ON;100;2,90;3;7,50;24,40;96,10;115,10;4,60;4,50;61,40;7,40;6,20;
2026-07-21 18:04:00.0;OFF;ON;100;3;3;7,50;24,30;96,10;115,10;4,70;4,50;61,10;7,40;6,20;
2026-07-21 18:05:00.0;OFF;ON;100;2,80;3;7,50;24,30;96,10;115,10;4,60;4,50;61,20;7,40;6,20;
2026-07-21 18:06:00.0;OFF;ON;100;2,90;3;7,50;24,30;96,10;115,10;4,50;4,50;61,30;7,40;6,10;
2026-07-21 18:07:00.0;OFF;ON;100;2,80;2,90;7,40;24,20;96,10;115,10;4,60;4,50;61,10;7,30;6,10;
2026-07-21 18:08:00.0;OFF;ON;100;2,90;2,90;7,40;24,20;96,10;115,10;4,50;4,50;61,30;7,30;6,10;
2026-07-21 18:09:00.0;OFF;ON;100;2,90;2,90;7,40;24,10;96,10;115,10;4,40;4,50;61,70;7,30;6,10;
2026-07-21 18:10:00.0;OFF;ON;100;2,80;2,90;7,40;24,10;96,10;115,10;4,50;4,50;61;7,30;6;
2026-07-21 18:11:00.0;OFF;ON;100;2,90;2,90;7,40;24,10;96,10;115,10;4,50;4,50;61;7,20;6;
2026-07-21 18:12:00.0;OFF;ON;100;2,80;2,80;7,30;24;96,10;115,10;4,50;4,50;60,90;7,20;6;
2026-07-21 18:13:00.0;OFF;ON;100;2,70;2,80;7,30;24;96,10;115,10;4,60;4,50;60,80;7,20;6;
2026-07-21 18:14:00.0;OFF;ON;100;2,80;2,80;7,30;24;96,10;115,10;4,50;4,50;61;7,20;6;
2026-07-21 18:15:00.0;OFF;ON;100;2,80;2,80;7,30;23,90;96,10;115,10;4,50;4,50;60,90;7,10;5,90;
2026-07-21 18:16:00.0;OFF;ON;100;2,70;2,70;7,20;23,90;96;115,10;4,50;4,50;60,90;7,10;5,90;
2026-07-21 18:17:00.0;OFF;ON;100;2,80;2,70;7,20;23,90;96;115,10;4,40;4,50;61,50;7,10;5,90;
2026-07-21 18:18:00.0;OFF;ON;100;2,70;2,70;7,20;23,80;96,10;115,10;4,50;4,50;61,40;7,10;5,90;
2026-07-21 18:19:00.0;OFF;ON;100;2,70;2,70;7,20;23,80;96,10;115,10;4,50;4,50;61,40;7,10;5,80;
2026-07-21 18:20:00.0;OFF;ON;100;2,60;2,70;7,20;23,80;96;115,10;4,50;4,50;61,40;7,10;5,80;
2026-07-21 18:21:00.0;OFF;ON;100;2,70;2,60;7,10;23,70;96,10;115,10;4,40;4,50;61,50;7;5,80;
2026-07-21 18:22:00.0;OFF;ON;100;2,70;2,60;7,10;23,70;96,10;115,10;4,40;4,50;61,60;7;5,80;
2026-07-21 18:23:00.0;OFF;ON;100;2,60;2,60;7,10;23,60;96;115;4,50;4,50;61,60;7;5,80;
2026-07-21 18:24:00.0;OFF;ON;100;2,50;2,60;7,10;23,60;96,10;115;4,50;4,50;61,60;7;5,80;
2026-07-21 18:25:00.0;OFF;ON;100;2,50;2,60;7,10;23,60;96,10;115;4,50;4,50;61,60;7;5,70;
2026-07-21 18:26:00.0;OFF;ON;100;2,70;2,50;7;23,50;96,10;115;4,40;4,50;62;6,90;5,70;
2026-07-21 18:27:00.0;OFF;ON;100;2,60;2,50;7;23,50;96,10;115;4,50;4,50;61,80;6,90;5,70;
2026-07-21 18:28:00.0;OFF;ON;100;2,50;2,50;7;23,50;96;115;4,50;4,50;61,80;6,90;5,70;
2026-07-21 18:29:00.0;OFF;ON;100;2,50;2,50;7;23,40;96;115;4,50;4,50;61,90;6,90;5,70;
2026-07-21 18:30:00.0;OFF;ON;100;2,40;2,50;7;23,40;96,10;115;4,50;4,50;62;6,90;5,60;
2026-07-21 18:31:00.0;OFF;ON;100;2,60;2,40;6,90;23,40;96,10;115;4,30;4,50;62,50;6,80;5,60;
2026-07-21 18:32:00.0;OFF;ON;100;2,50;2,40;6,90;23,30;96,10;115;4,40;4,50;62,10;6,80;5,60;
2026-07-21 18:33:00.0;OFF;ON;100;2,50;2,40;6,90;23,30;96,10;115;4,40;4,50;62,40;6,80;5,60;
2026-07-21 18:34:00.0;OFF;ON;100;2,60;2,40;6,90;23,20;96,10;115;4,30;4,50;62,80;6,80;5,60;
2026-07-21 18:35:00.0;OFF;ON;100;2,60;2,40;6,90;23,20;96,10;115;4,30;4,50;63,10;6,80;5,50;
2026-07-21 18:36:00.0;OFF;ON;100;2,40;2,30;6,80;23,20;96,10;115;4,40;4,50;62,80;6,70;5,50;
2026-07-21 18:37:00.0;OFF;ON;100;2,50;2,30;6,80;23,10;96,10;115;4,40;4,50;63,20;6,70;5,50;
2026-07-21 18:38:00.0;OFF;ON;100;2,50;2,30;6,80;23,10;96,10;115;4,30;4,50;63,70;6,70;5,50;
2026-07-21 18:39:00.0;OFF;ON;100;2,40;2,30;6,80;23,10;96;115;4,40;4,50;63,40;6,70;5,50;
2026-07-21 18:40:00.0;OFF;ON;100;2,50;2,30;6,80;23;96,10;115;4,30;4,50;63,90;6,60;5,50;
2026-07-21 18:41:00.0;OFF;ON;100;2,50;2,20;6,70;23;96;115;4,20;4,50;64,40;6,60;5,50;
2026-07-21 18:42:00.0;OFF;ON;100;2,40;2,20;6,70;23;96;115;4,40;4,50;64,10;6,60;5,40;
2026-07-21 18:43:00.0;OFF;ON;100;2,50;2,20;6,70;22,90;96,10;115;4,20;4,50;64,90;6,60;5,40;
2026-07-21 18:44:00.0;OFF;ON;100;2,30;2,20;6,70;22,90;96,10;115;4,40;4,50;64,50;6,60;5,40;
2026-07-21 18:45:00.0;OFF;ON;100;2,30;2,20;6,70;22,80;96,10;115;4,30;4,50;64,90;6,60;5,40;
2026-07-21 18:46:00.0;OFF;ON;100;2,30;2,20;6,70;22,80;96,10;115;4,30;4,50;65,20;6,60;5,40;
2026-07-21 18:47:00.0;OFF;ON;100;2,30;2,10;6,60;22,80;96,10;115;4,30;4,50;65,40;6,50;5,40;
2026-07-21 18:48:00.0;OFF;ON;100;2,40;2,10;6,60;22,70;96,10;115;4,30;4,50;65,90;6,60;5,40;
2026-07-21 18:49:00.0;OFF;ON;100;2,20;2,10;6,60;22,70;96,10;115;4,40;4,50;65,90;6,50;5,30;
2026-07-21 18:50:00.0;OFF;ON;100;2,30;2,10;6,60;22,70;96,10;115;4,30;4,50;66,50;6,50;5,30;
2026-07-21 18:51:00.0;OFF;ON;100;2,20;2,10;6,60;22,60;96,10;115;4,40;4,50;66,30;6,50;5,30;
2026-07-21 18:52:00.0;OFF;ON;100;2,20;2;6,50;22,60;96,10;115;4,40;4,50;66,50;6,50;5,30;
2026-07-21 18:53:00.0;OFF;ON;100;2,20;2;6,50;22,60;96,10;115;4,30;4,50;67,10;6,40;5,20;
2026-07-21 18:54:00.0;OFF;ON;100;2,20;2;6,50;22,50;96;115;4,30;4,50;67,50;6,40;5,20;
2026-07-21 18:55:00.0;OFF;ON;100;2,10;2;6,50;22,50;96;115;4,40;4,50;67,30;6,40;5,20;
2026-07-21 18:56:00.0;OFF;ON;100;2,10;1,90;6,40;22,40;96;115;4,30;4,50;67,60;6,30;5,10;
2026-07-21 18:57:00.0;OFF;ON;100;2;1,90;6,40;22,40;96;115;4,50;4,50;67,30;6,30;5,10;
2026-07-21 18:58:00.0;OFF;ON;100;1,90;1,90;6,40;22,40;96;115;4,50;4,50;67,30;6,30;5;
2026-07-21 18:59:00.0;OFF;ON;100;2;1,90;6,40;22,30;95,90;115;4,30;4,50;67,80;6,20;5;
2026-07-21 19:00:00.0;OFF;ON;100;2;1,80;6,30;22,30;95,80;115;4,30;4,50;68;6,20;5;
2026-07-21 19:01:00.0;OFF;ON;100;2;1,80;6,30;22,20;95,90;115;4,30;4,50;68,10;6,20;5;
2026-07-21 19:02:00.0;OFF;ON;100;2;1,80;6,30;22,20;95,90;115;4,30;4,50;68,30;6,20;5;
2026-07-21 19:03:00.0;OFF;ON;100;1,80;1,80;6,30;22,20;96;115;4,40;4,50;67,90;6,20;4,90;
2026-07-21 19:04:00.0;OFF;ON;100;1,90;1,70;6,20;22,10;95,90;115;4,40;4,50;68,30;6,10;4,90;
2026-07-21 19:05:00.0;OFF;ON;100;1,70;1,70;6,20;22,10;95,90;115;4,50;4,50;68,20;6,10;4,90;
2026-07-21 19:06:00.0;OFF;ON;100;1,80;1,70;6,20;22,10;95,80;115;4,40;4,50;68,30;6,10;4,90;
2026-07-21 19:07:00.0;OFF;ON;100;1,70;1,60;6,10;22;95,80;115;4,50;4,50;68,40;6;4,80;
2026-07-21 19:08:00.0;OFF;ON;100;1,60;1,60;6,10;22;95,80;115;4,50;4,50;68,40;6;4,80;
2026-07-21 19:09:00.0;OFF;ON;100;1,60;1,60;6,10;21,90;95,70;115;4,50;4,50;68,30;6;4,80;
2026-07-21 19:10:00.0;OFF;ON;100;1,60;1,60;6,10;21,90;95,70;115;4,50;4,50;68,40;6;4,70;
2026-07-21 19:11:00.0;OFF;ON;100;1,60;1,50;6;21,90;95,80;115;4,50;4,50;68,50;5,90;4,70;
2026-07-21 19:12:00.0;OFF;ON;100;1,50;1,50;6;21,80;95,80;115;4,50;4,50;68,10;5,90;4,70;
2026-07-21 19:13:00.0;OFF;ON;100;1,50;1,50;6;21,80;95,90;115;4,50;4,50;68;5,90;4,70;
2026-07-21 19:14:00.0;OFF;ON;100;1,60;1,50;6;21,80;95,80;115;4,40;4,50;68,70;5,80;4,60;
2026-07-21 19:15:00.0;OFF;ON;100;1,30;1,40;5,90;21,70;95,80;115;4,60;4,50;67,90;5,80;4,60;
2026-07-21 19:16:00.0;OFF;ON;100;1,40;1,40;5,90;21,70;95,70;115;4,50;4,50;68;5,80;4,60;
2026-07-21 19:17:00.0;OFF;ON;100;1,30;1,40;5,90;21,60;95,80;115;4,60;4,50;67,90;5,70;4,50;
2026-07-21 19:18:00.0;OFF;ON;100;1,30;1,30;5,80;21,60;95,70;115;4,50;4,50;67,90;5,70;4,50;
2026-07-21 19:19:00.0;OFF;ON;100;1,30;1,30;5,80;21,60;95,70;115;4,50;4,50;67,90;5,70;4,50;
2026-07-21 19:20:00.0;OFF;ON;100;1,30;1,30;5,80;21,50;95,70;115;4,50;4,50;68,40;5,70;4,50;
2026-07-21 19:21:00.0;OFF;ON;100;1,30;1,30;5,80;21,50;95,70;115;4,40;4,50;68,40;5,60;4,50;
2026-07-21 19:22:00.0;OFF;ON;100;1,20;1,20;5,70;21,50;95,70;115;4,50;4,50;68;5,60;4,50;
2026-07-21 19:23:00.0;OFF;ON;100;1,20;1,20;5,70;21,40;95,70;115;4,50;4,50;68,50;5,60;4,40;
2026-07-21 19:24:00.0;OFF;ON;100;1,30;1,20;5,70;21,40;95,70;114,90;4,40;4,50;68,50;5,60;4,40;
2026-07-21 19:25:00.0;OFF;ON;100;1,20;1,20;5,70;21,30;95,70;115;4,50;4,50;68,50;5,60;4,40;
2026-07-21 19:26:00.0;OFF;ON;100;1,10;1,10;5,60;21,30;95,80;115;4,50;4,50;68;5,50;4,40;
2026-07-21 19:27:00.0;OFF;ON;100;1,10;1,10;5,60;21,30;95,80;115;4,50;4,50;68,50;5,50;4,30;
2026-07-21 19:28:00.0;OFF;ON;100;1,10;1,10;5,60;21,20;95,80;114,90;4,50;4,50;68,50;5,50;4,30;
2026-07-21 19:29:00.0;OFF;ON;100;1;1,10;5,60;21,20;95,80;114,90;4,50;4,50;68,70;5,50;4,30;
2026-07-21 19:30:00.0;OFF;ON;100;1,10;1;5,50;21,20;95,80;114,90;4,50;4,50;68,60;5,40;4,30;
2026-07-21 19:31:00.0;OFF;ON;100;1,10;1;5,50;21,10;95,80;114,90;4,40;4,50;68,80;5,40;4,30;
2026-07-21 19:32:00.0;OFF;ON;100;1;1;5,50;21,10;95,90;114,90;4,50;4,50;68,90;5,40;4,30;
2026-07-21 19:33:00.0;OFF;ON;100;1;1;5,50;21;95,70;114,90;4,50;4,50;68,90;5,40;4,30;
2026-07-21 19:34:00.0;OFF;ON;100;1;1;5,50;21;95,90;114,90;4,50;4,50;69;5,30;4,20;
2026-07-21 19:35:00.0;OFF;ON;100;1;0,90;5,40;21;95,90;114,90;4,50;4,50;69,20;5,30;4,20;
2026-07-21 19:36:00.0;OFF;ON;100;0,90;0,90;5,40;20,90;95,80;114,90;4,50;4,50;69,10;5,30;4,20;
2026-07-21 19:37:00.0;OFF;ON;100;0,80;0,90;5,40;20,90;95,80;114,90;4,50;4,50;69,20;5,30;4,20;
2026-07-21 19:38:00.0;OFF;ON;100;0,90;0,90;5,40;20,80;95,80;114,90;4,50;4,50;69,20;5,20;4,10;
2026-07-21 19:39:00.0;OFF;ON;100;0,90;0,80;5,30;20,80;95,70;114,90;4,40;4,50;69,20;5,20;4,10;
2026-07-21 19:40:00.0;OFF;ON;100;0,80;0,80;5,30;20,80;95,80;114,90;4,50;4,50;69,30;5,20;4,10;
2026-07-21 19:41:00.0;OFF;ON;100;0,80;0,80;5,30;20,70;95,80;114,90;4,50;4,50;69,30;5,10;4,10;
2026-07-21 19:42:00.0;OFF;ON;100;0,70;0,80;5,30;20,70;95,70;114,90;4,50;4,50;69,40;5,10;4;
2026-07-21 19:43:00.0;OFF;ON;100;0,90;0,70;5,20;20,70;95,80;114,90;4,40;4,50;69,80;5,10;4;
2026-07-21 19:44:00.0;OFF;ON;100;0,70;0,70;5,20;20,60;95,90;114,90;4,50;4,50;69,60;5,10;4;
2026-07-21 19:45:00.0;OFF;ON;100;0,70;0,70;5,20;20,60;95,90;114,90;4,50;4,50;69,70;5,10;4;
2026-07-21 19:46:00.0;OFF;ON;100;0,70;0,70;5,20;20,50;95,80;114,90;4,50;4,50;69,80;5;4;
2026-07-21 19:47:00.0;OFF;ON;100;0,70;0,60;5,10;20,50;95,70;114,90;4,50;4,50;69,80;5;3,90;
2026-07-21 19:48:00.0;OFF;ON;100;0,70;0,60;5,10;20,50;95,70;114,90;4,50;4,50;69,30;5;3,90;
2026-07-21 19:49:00.0;OFF;ON;100;0,70;0,60;5,10;20,40;95,70;114,90;4,40;4,50;69,80;5;3,90;
2026-07-21 19:50:00.0;OFF;ON;100;0,60;0,60;5,10;20,40;95,70;114,90;4,40;4,50;69,80;4,90;3,90;
2026-07-21 19:51:00.0;OFF;ON;100;0,50;0,50;5;20,30;95,70;114,90;4,50;4,50;69,80;4,90;3,80;
2026-07-21 19:52:00.0;OFF;ON;100;0,50;0,50;5;20,30;95,70;114,90;4,50;4,50;69,80;4,90;3,80;
2026-07-21 19:53:00.0;OFF;ON;100;0,60;0,50;5;20,30;95,70;114,90;4,40;4,50;70;4,90;3,80;
2026-07-21 19:54:00.0;OFF;ON;100;0,50;0,50;5;20,20;95,70;114,90;4,50;4,50;69,90;4,90;3,80;
2026-07-21 19:55:00.0;OFF;ON;100;0,50;0,50;5;20,20;95,70;114,90;4,50;4,50;70;4,80;3,80;
2026-07-21 19:56:00.0;OFF;ON;100;0,60;0,50;5;20,20;95,70;114,90;4,40;4,50;70;4,80;3,80;
2026-07-21 19:57:00.0;OFF;ON;100;0,40;0,40;4,90;20,10;95,70;114,90;4,50;4,50;70;4,80;3,80;
2026-07-21 19:58:00.0;OFF;ON;100;0,40;0,40;4,90;20,10;95,80;114,90;4,50;4,50;70,10;4,80;3,70;
2026-07-21 19:59:00.0;OFF;ON;100;0,40;0,40;4,90;20;95,70;114,90;4,50;4,50;70,20;4,80;3,70;
2026-07-21 20:00:00.0;OFF;ON;100;0,40;0,40;4,90;20;95,80;115;4,40;4,50;70,30;4,80;3,70;
2026-07-21 20:01:00.0;OFF;ON;100;0,50;0,30;4,80;20;95,70;114,90;4,40;4,50;70,50;4,70;3,70;
2026-07-21 20:02:00.0;OFF;ON;100;0,40;0,30;4,80;19,90;95,70;114,90;4,40;4,50;70,60;4,70;3,70;
2026-07-21 20:03:00.0;OFF;ON;100;0,40;0,30;4,80;19,90;95,70;114,90;4,40;4,50;70,40;4,70;3,60;
2026-07-21 20:04:00.0;OFF;ON;100;0,30;0,30;4,80;19,90;95,70;114,90;4,50;4,50;70,40;4,70;3,60;
2026-07-21 20:05:00.0;OFF;ON;100;0,40;0,30;4,80;19,80;95,70;114,90;4,40;4,50;70,80;4,60;3,60;
2026-07-21 20:06:00.0;OFF;ON;100;0,20;0,20;4,70;19,80;95,70;114,90;4,50;4,50;70,60;4,60;3,60;
2026-07-21 20:07:00.0;OFF;ON;100;0,30;0,20;4,70;19,80;95,70;114,90;4,40;4,50;70,70;4,60;3,50;
2026-07-21 20:08:00.0;OFF;ON;100;0,30;0,20;4,70;19,70;95,70;114,90;4,40;4,50;70,90;4,60;3,50;
2026-07-21 20:09:00.0;OFF;ON;100;0,20;0,20;4,70;19,70;95,70;114,90;4,50;4,50;70,80;4,60;3,50;
2026-07-21 20:10:00.0;OFF;ON;100;0,20;0,20;4,70;19,70;95,70;114,90;4,50;4,50;70,80;4,60;3,50;
2026-07-21 20:11:00.0;OFF;ON;100;0,20;0,10;4,60;19,60;95,70;114,90;4,40;4,50;71;4,50;3,40;
2026-07-21 20:12:00.0;OFF;ON;100;0,20;0,10;4,60;19,60;95,70;114,90;4,40;4,50;71;4,50;3,40;
2026-07-21 20:13:00.0;OFF;ON;100;0,20;0,10;4,60;19,60;95,70;114,90;4,40;4,50;71;4,50;3,40;
2026-07-21 20:14:00.0;OFF;ON;100;0,10;0,10;4,60;19,60;95,70;114,90;4,50;4,50;70,90;4,50;3,40;
2026-07-21 20:15:00.0;OFF;ON;100;0,10;0,10;4,60;19,50;95,70;114,90;4,50;4,50;71;4,40;3,40;
2026-07-21 20:16:00.0;OFF;ON;100;0,10;0,10;4,60;19,50;95,70;114,90;4,50;4,50;71,10;4,50;3,30;
2026-07-21 20:17:00.0;OFF;ON;100;0;0;4,50;19,50;95,70;114,90;4,50;4,50;71,10;4,40;3,30;
2026-07-21 20:18:00.0;OFF;ON;100;0;0;4,50;19,40;95,70;114,90;4,50;4,50;71,10;4,40;3,30;
2026-07-21 20:19:00.0;OFF;ON;100;0;0;4,50;19,40;95,70;114,90;4,50;4,50;71,20;4,40;3,30;
2026-07-21 20:20:00.0;OFF;ON;100;0;0;4,50;19,40;95,70;114,90;4,50;4,50;71,30;4,40;3,30;
2026-07-21 20:21:00.0;OFF;ON;100;-0,10;-0,10;4,40;19,30;95,70;114,90;4,50;4,50;71,30;4,40;3,20;
2026-07-21 20:22:00.0;OFF;ON;100;-0,10;-0,10;4,40;19,30;95,70;114,90;4,50;4,50;71,30;4,30;3,20;
2026-07-21 20:23:00.0;OFF;ON;100;0;-0,10;4,40;19,30;95,70;114,90;4,40;4,50;71,50;4,30;3,20;
2026-07-21 20:24:00.0;OFF;ON;100;0;-0,10;4,40;19,20;95,70;114,90;4,40;4,50;71,50;4,30;3,20;
2026-07-21 20:25:00.0;OFF;ON;100;-0,10;-0,10;4,40;19,20;95,70;114,90;4,50;4,50;71,50;4,30;3,20;
2026-07-21 20:26:00.0;OFF;ON;100;-0,10;-0,20;4,30;19,20;95,70;114,90;4,50;4,50;71,50;4,20;3,10;
2026-07-21 20:27:00.0;OFF;ON;100;-0,20;-0,20;4,30;19,10;95,60;114,90;4,50;4,50;71,60;4,20;3,10;
2026-07-21 20:28:00.0;OFF;ON;100;-0,20;-0,20;4,30;19,10;95,70;114,90;4,50;4,50;71,70;4,20;3,10;
2026-07-21 20:29:00.0;OFF;ON;100;-0,20;-0,20;4,30;19,10;95,70;114,90;4,50;4,50;71,80;4,20;3,10;
2026-07-21 20:30:00.0;OFF;ON;100;-0,20;-0,20;4,30;19;95,70;114,90;4,50;4,50;71,80;4,20;3,10;
2026-07-21 20:31:00.0;OFF;ON;100;-0,20;-0,20;4,30;19;95,70;114,90;4,50;4,50;71,80;4,10;3;
2026-07-21 20:32:00.0;OFF;ON;100;-0,20;-0,30;4,20;19;95,70;114,90;4,50;4,50;72;4,10;3;
2026-07-21 20:33:00.0;OFF;ON;100;-0,20;-0,30;4,20;18,90;95,60;114,90;4,50;4,50;72;4,10;3;
2026-07-21 20:34:00.0;OFF;ON;100;-0,20;-0,30;4,20;18,90;95,60;114,90;4,40;4,50;72,30;4,10;3;
2026-07-21 20:35:00.0;OFF;ON;100;-0,20;-0,30;4,20;18,90;95,70;114,90;4,40;4,50;72,40;4,10;3;
2026-07-21 20:36:00.0;OFF;ON;100;-0,30;-0,30;4,20;18,90;95,70;114,90;4,50;4,50;72,20;4,10;2,90;
2026-07-21 20:37:00.0;OFF;ON;100;-0,40;-0,40;4,10;18,80;95,60;114,90;4,50;4,50;72,30;4;2,90;
2026-07-21 20:38:00.0;OFF;ON;100;-0,40;-0,40;4,10;18,80;95,60;114,90;4,50;4,50;72,30;4;2,90;
2026-07-21 20:39:00.0;OFF;ON;100;-0,40;-0,40;4,10;18,80;95,70;114,90;4,50;4,50;72,40;4;2,90;
2026-07-21 20:40:00.0;OFF;ON;100;-0,30;-0,40;4,10;18,70;95,70;114,90;4,40;4,50;72,50;4;2,90;
2026-07-21 20:41:00.0;OFF;ON;100;-0,30;-0,40;4,10;18,70;95,60;114,90;4,40;4,50;72,70;3,90;2,80;
2026-07-21 20:42:00.0;OFF;ON;100;-0,50;-0,50;4;18,70;95,70;114,80;4,50;4,50;72,60;3,90;2,80;
2026-07-21 20:43:00.0;OFF;ON;100;-0,40;-0,50;4;18,60;95,70;114,90;4,40;4,50;72,70;3,90;2,80;
2026-07-21 20:44:00.0;OFF;ON;100;-0,50;-0,50;4;18,60;95,70;114,90;4,50;4,50;72,70;3,90;2,80;
2026-07-21 20:45:00.0;OFF;ON;100;-0,50;-0,50;4;18,60;95,60;114,90;4,50;4,50;72,70;3,90;2,70;
2026-07-21 20:46:00.0;OFF;ON;100;-0,50;-0,50;4;18,50;95,60;114,90;4,50;4,50;72,90;3,90;2,70;
2026-07-21 20:47:00.0;OFF;ON;100;-0,50;-0,50;4;18,50;95,60;114,80;4,40;4,50;72,80;3,80;2,70;
2026-07-21 20:48:00.0;OFF;ON;100;-0,60;-0,60;3,90;18,50;95,60;114,80;4,50;4,50;72,90;3,80;2,70;
2026-07-21 20:49:00.0;OFF;ON;100;-0,50;-0,60;3,90;18,40;95,70;114,80;4,40;4,50;73,20;3,80;2,70;
2026-07-21 20:50:00.0;OFF;ON;100;-0,60;-0,60;3,90;18,40;95,60;114,80;4,50;4,50;73,10;3,80;2,60;
2026-07-21 20:51:00.0;OFF;ON;100;-0,50;-0,60;3,90;18,40;95,60;114,80;4,40;4,50;73,20;3,80;2,60;
2026-07-21 20:52:00.0;OFF;ON;100;-0,60;-0,70;3,80;18,30;95,60;114,80;4,50;4,50;73,10;3,70;2,60;
2026-07-21 20:53:00.0;OFF;ON;100;-0,60;-0,70;3,80;18,30;95,60;114,80;4,50;4,50;73,20;3,70;2,60;
2026-07-21 20:54:00.0;OFF;ON;100;-0,60;-0,70;3,80;18,30;95,60;114,80;4,40;4,50;73,30;3,70;2,60;
2026-07-21 20:55:00.0;OFF;ON;100;-0,60;-0,70;3,80;18,20;95,60;114,80;4,40;4,50;73,50;3,70;2,50;
2026-07-21 20:56:00.0;OFF;ON;100;-0,60;-0,70;3,80;18,20;95,60;114,80;4,40;4,50;73,60;3,60;2,50;
2026-07-21 20:57:00.0;OFF;ON;100;-0,70;-0,80;3,70;18,20;95,50;114,80;4,50;4,50;73,50;3,60;2,50;
2026-07-21 20:58:00.0;OFF;ON;100;-0,70;-0,80;3,70;18,20;95,50;114,80;4,40;4,50;73,70;3,60;2,50;
2026-07-21 20:59:00.0;OFF;ON;100;-0,70;-0,80;3,70;18,10;95,60;114,80;4,40;4,50;73,50;3,60;2,40;
2026-07-21 21:00:00.0;OFF;ON;100;-0,80;-0,80;3,70;18,10;95,50;114,80;4,50;4,50;73,70;3,60;2,40;
2026-07-21 21:01:00.0;OFF;ON;100;-0,80;-0,80;3,70;18,10;95,50;114,80;4,50;4,50;73,80;3,60;2,40;
2026-07-21 21:02:00.0;OFF;ON;100;-0,60;-0,90;3,60;18;95,60;114,80;4,20;4,50;74,70;3,50;2,40;
2026-07-21 21:03:00.0;OFF;ON;100;-0,70;-0,90;3,60;18;95,70;114,80;4,40;4,50;74,30;3,50;2,40;
2026-07-21 21:04:00.0;OFF;ON;100;-0,90;-0,90;3,60;18;95,70;114,80;4,50;4,50;74,10;3,50;2,40;
2026-07-21 21:05:00.0;OFF;ON;100;-0,80;-0,90;3,60;17,90;95,60;114,80;4,40;4,50;74,50;3,50;2,30;
2026-07-21 21:06:00.0;OFF;ON;100;-0,90;-0,90;3,60;17,90;95,50;114,80;4,50;4,50;74,20;3,40;2,30;
2026-07-21 21:07:00.0;OFF;ON;100;-1;-1;3,50;17,90;95,50;114,80;4,60;4,50;73,70;3,40;2,20;
2026-07-21 21:08:00.0;OFF;ON;100;-1;-1;3,50;17,80;95,50;114,80;4,50;4,50;73,70;3,40;2,20;
2026-07-21 21:09:00.0;OFF;ON;100;-1;-1;3,50;17,80;95,50;114,80;4,50;4,50;74,30;3,40;2,20;
2026-07-21 21:10:00.0;OFF;ON;100;-1;-1;3,50;17,70;95,40;114,80;4,50;4,50;74,30;3,40;2,20;
2026-07-21 21:11:00.0;OFF;ON;100;-1;-1,10;3,40;17,70;95,50;114,80;4,50;4,50;74,40;3,30;2,20;
2026-07-21 21:12:00.0;OFF;ON;100;-1;-1,10;3,40;17,70;95,50;114,80;4,50;4,50;74,40;3,30;2,10;
2026-07-21 21:13:00.0;OFF;ON;100;-1,10;-1,10;3,40;17,60;95,50;114,80;4,50;4,50;74,60;3,30;2,10;
2026-07-21 21:14:00.0;OFF;ON;100;-1;-1,10;3,40;17,60;95,50;114,80;4,40;4,50;74,80;3,30;2,10;
2026-07-21 21:15:00.0;OFF;ON;100;-1;-1,10;3,40;17,60;95,50;114,80;4,40;4,50;74,90;3,30;2,10;
2026-07-21 21:16:00.0;OFF;ON;100;-1;-1,20;3,30;17,60;95,50;114,80;4,30;4,50;75,10;3,20;2,10;
2026-07-21 21:17:00.0;OFF;ON;100;-1,10;-1,20;3,30;17,50;95,50;114,80;4,40;4,50;74,90;3,20;2;
2026-07-21 21:18:00.0;OFF;ON;100;-1,20;-1,20;3,30;17,50;95,50;114,80;4,50;4,50;74,90;3,20;2;
2026-07-21 21:19:00.0;OFF;ON;100;-1,20;-1,20;3,30;17,50;95,50;114,80;4,50;4,50;74,90;3,20;2;
2026-07-21 21:20:00.0;OFF;ON;100;-1,20;-1,20;3,30;17,40;95,50;114,80;4,50;4,50;75;3,20;2;
2026-07-21 21:21:00.0;OFF;ON;100;-1,10;-1,30;3,20;17,40;95,50;114,80;4,40;4,50;75,30;3,10;1,90;
2026-07-21 21:22:00.0;OFF;ON;100;-1,10;-1,30;3,20;17,40;95,50;114,80;4,30;4,50;75,60;3,10;1,90;
2026-07-21 21:23:00.0;OFF;ON;100;-1,20;-1,30;3,20;17,30;95,50;114,80;4,50;4,50;75,20;3,10;1,90;
2026-07-21 21:24:00.0;OFF;ON;100;-1,20;-1,30;3,20;17,30;95,50;114,80;4,40;4,50;75,60;3,10;1,90;
2026-07-21 21:25:00.0;OFF;ON;100;-1,30;-1,30;3,20;17,30;95,50;114,80;4,50;4,50;75,60;3,10;1,90;
2026-07-21 21:26:00.0;OFF;ON;100;-1,30;-1,30;3,20;17,20;95,50;114,80;4,50;4,50;75,50;3;1,80;
2026-07-21 21:27:00.0;OFF;ON;100;-1,30;-1,40;3,10;17,20;95,50;114,80;4,40;4,50;75,80;3;1,80;
2026-07-21 21:28:00.0;OFF;ON;100;-1,30;-1,40;3,10;17,20;95,50;114,80;4,40;4,50;75,90;3;1,80;
2026-07-21 21:29:00.0;OFF;ON;100;-1,40;-1,40;3,10;17,10;95,50;114,80;4,50;4,50;75,80;2,90;1,80;
2026-07-21 21:30:00.0;OFF;ON;100;-1,40;-1,50;3;17,10;95,40;114,80;4,50;4,50;75,90;2,90;1,70;
2026-07-21 21:31:00.0;OFF;ON;100;-1,30;-1,50;3;17,10;95,40;114,80;4,30;4,50;76,30;2,90;1,70;
2026-07-21 21:32:00.0;OFF;ON;100;-1,40;-1,50;3;17;95,40;114,80;4,40;4,50;76,40;2,90;1,70;
2026-07-21 21:33:00.0;OFF;ON;100;-1,50;-1,50;3;17;95,50;114,80;4,50;4,50;76,10;2,90;1,70;
2026-07-21 21:34:00.0;OFF;ON;100;-1,40;-1,50;3;17;95,40;114,80;4,40;4,50;76,50;2,90;1,60;
2026-07-21 21:35:00.0;OFF;ON;100;-1,50;-1,60;2,90;16,90;95,40;114,80;4,50;4,50;76,30;2,80;1,60;
2026-07-21 21:36:00.0;OFF;ON;100;-1,50;-1,60;2,90;16,90;95,40;114,80;4,50;4,50;76,40;2,80;1,60;
2026-07-21 21:37:00.0;OFF;ON;100;-1,50;-1,60;2,90;16,90;95,30;114,80;4,40;4,50;76,60;2,80;1,60;
2026-07-21 21:38:00.0;OFF;ON;100;-1,50;-1,60;2,90;16,80;95,40;114,80;4,40;4,50;76,80;2,80;1,50;
2026-07-21 21:39:00.0;OFF;ON;100;-1,60;-1,60;2,90;16,80;95,40;114,80;4,50;4,50;76,80;2,70;1,50;
2026-07-21 21:40:00.0;OFF;ON;100;-1,60;-1,60;2,90;16,80;95,40;114,80;4,50;4,50;76,70;2,70;1,50;
2026-07-21 21:41:00.0;OFF;ON;100;-1,50;-1,70;2,80;16,70;95,40;114,80;4,40;4,50;77,10;2,70;1,50;
2026-07-21 21:42:00.0;OFF;ON;100;-1,70;-1,70;2,80;16,70;95,40;114,80;4,50;4,50;76,90;2,70;1,50;
2026-07-21 21:43:00.0;OFF;ON;100;-1,70;-1,70;2,80;16,70;95,40;114,80;4,50;4,50;77;2,70;1,40;
2026-07-21 21:44:00.0;OFF;ON;100;-1,70;-1,70;2,80;16,60;95,40;114,80;4,40;4,50;77,20;2,60;1,40;
2026-07-21 21:45:00.0;OFF;ON;100;-1,70;-1,80;2,70;16,60;95,40;114,80;4,50;4,50;77,30;2,60;1,40;
2026-07-21 21:46:00.0;OFF;ON;100;-1,70;-1,80;2,70;16,60;95,40;114,80;4,50;4,50;77,50;2,60;1,40;
2026-07-21 21:47:00.0;OFF;ON;100;-1,60;-1,80;2,70;16,50;95,40;114,80;4,30;4,50;78;2,60;1,30;
2026-07-21 21:48:00.0;OFF;ON;100;-1,70;-1,80;2,70;16,50;95,40;114,80;4,40;4,50;77,90;2,60;1,30;
2026-07-21 21:49:00.0;OFF;ON;100;-1,80;-1,90;2,60;16,50;95,40;114,80;4,50;4,50;77,70;2,50;1,30;
2026-07-21 21:50:00.0;OFF;ON;100;-1,90;-1,90;2,60;16,40;95,40;114,80;4,50;4,50;77,80;2,50;1,30;
2026-07-21 21:51:00.0;OFF;ON;100;-1,70;-1,90;2,60;16,40;95,30;114,80;4,30;4,50;78,30;2,50;1,20;
2026-07-21 21:52:00.0;OFF;ON;100;-1,90;-1,90;2,60;16,40;95,30;114,80;4,50;4,50;78,10;2,40;1,20;
2026-07-21 21:53:00.0;OFF;ON;100;-1,80;-1,90;2,60;16,30;95,40;114,80;4,30;4,50;78,50;2,40;1,20;
2026-07-21 21:54:00.0;OFF;ON;100;-1,90;-2;2,50;16,30;95,40;114,80;4,50;4,50;78,30;2,40;1,20;
2026-07-21 21:55:00.0;OFF;ON;100;-1,80;-2;2,50;16,30;95,30;114,80;4,30;4,50;78,80;2,40;1,10;
2026-07-21 21:56:00.0;OFF;ON;100;-2;-2;2,50;16,20;95,30;114,80;4,40;4,50;78,50;2,40;1,10;
2026-07-21 21:57:00.0;OFF;ON;100;-1,90;-2;2,50;16,20;95,40;114,80;4,40;4,50;79;2,30;1,10;
2026-07-21 21:58:00.0;OFF;ON;100;-2;-2,10;2,40;16,20;95,30;114,80;4,50;4,50;78,80;2,30;1,10;
2026-07-21 21:59:00.0;OFF;ON;100;-1,90;-2,10;2,40;16,10;95,30;114,80;4,30;4,50;79,30;2,30;1;
2026-07-21 22:00:00.0;OFF;ON;100;-2,10;-2,10;2,40;16,10;95,30;114,80;4,50;4,50;79;2,30;1;
2026-07-21 22:01:00.0;OFF;ON;100;-2;-2,10;2,40;16,10;95,30;114,80;4,30;4,50;79,60;2,30;1;
2026-07-21 22:02:00.0;OFF;ON;100;-2;-2,10;2,40;16;95,40;114,80;4,30;4,50;79,70;2,20;1;
2026-07-21 22:03:00.0;OFF;ON;100;-2,20;-2,20;2,30;16;95,30;114,80;4,50;4,50;79,40;2,20;0,90;
2026-07-21 22:04:00.0;OFF;ON;100;-2,60;-2,20;2,30;16;95,30;114,80;4,90;4,50;77,40;2,20;1;
2026-07-21 22:05:00.0;OFF;ON;100;-3,20;-2,20;2,30;15,90;95,60;114,80;5,50;4,50;74,30;2,20;1;
2026-07-21 22:06:00.0;OFF;ON;100;-3;-2,20;2,30;15,90;95,50;114,80;5,30;4,50;73,90;2,10;0,80;
2026-07-21 22:07:00.0;OFF;ON;100;-3,10;-2,30;2,20;15,90;95,20;114,80;5,30;4,50;72,90;2,10;0,80;
2026-07-21 22:08:00.0;OFF;ON;100;-3,20;-2,30;2,20;15,80;95,20;114,80;5,40;4,50;71,60;2;0,70;
2026-07-21 22:09:00.0;OFF;ON;100;-3,20;-2,30;2,20;15,80;95,20;114,80;5,40;4,50;70,60;2;0,70;
2026-07-21 22:10:00.0;OFF;ON;100;-3,30;-2,40;2,10;15,80;95,20;114,80;5,50;4,50;69;2;0,70;
2026-07-21 22:11:00.0;OFF;ON;100;-3,60;-2,40;2,10;15,70;95,20;114,80;5,70;4,50;66,70;2;0,70;
2026-07-21 22:12:00.0;OFF;ON;100;-3,70;-2,30;2,20;15,70;95,40;114,70;5,90;4,50;64,90;2;0,80;
2026-07-21 22:13:00.0;OFF;ON;100;-2,30;-2,40;2,10;15,70;95,40;114,70;4,40;4,50;69,50;2;0,60;
2026-07-21 22:14:00.0;OFF;ON;100;-2;-2,40;2,10;15,60;95,30;114,70;4,10;4,50;71,10;2;0,80;
2026-07-21 22:15:00.0;OFF;ON;100;-1,90;-2,30;2,20;15,60;95,60;114,70;4,10;4,50;71,40;2;0,90;
2026-07-21 22:16:00.0;OFF;ON;100;-1,80;-2,30;2,20;15,60;95,70;114,70;4;4,50;72,30;2,10;1;
2026-07-21 22:17:00.0;OFF;ON;100;-1,80;-2,30;2,20;15,50;95,90;114,70;4;4,50;72,80;2,10;1;
2026-07-21 22:18:00.0;OFF;ON;100;-1,70;-2,30;2,20;15,50;95,90;114,70;4;4,50;73,40;2,10;1,10;
2026-07-21 22:19:00.0;OFF;ON;100;-1,70;-2,20;2,30;15,50;95,90;114,70;4;4,50;74,10;2,10;1,10;
2026-07-21 22:20:00.0;OFF;ON;100;-1,70;-2,20;2,30;15,40;95,90;114,70;4;4,50;74,50;2,10;1,10;
2026-07-21 22:21:00.0;OFF;ON;100;-1,90;-2,30;2,20;15,40;95,90;114,70;4,10;4,50;74,60;2,10;1,10;
2026-07-21 22:22:00.0;OFF;ON;100;-2;-2,30;2,20;15,40;95,90;114,70;4,20;4,50;74,70;2,10;1;
2026-07-21 22:23:00.0;OFF;ON;100;-1,80;-2,30;2,20;15,30;95,90;114,70;4;4,50;75,80;2,10;1;
2026-07-21 22:24:00.0;OFF;ON;100;-1,80;-2,30;2,20;15,30;95,80;114,70;4;4,50;76,40;2,10;1;
2026-07-21 22:25:00.0;OFF;ON;100;-1,90;-2,30;2,20;15,30;95,70;114,70;4;4,50;76,90;2;1;
2026-07-21 22:26:00.0;OFF;ON;100;-1,80;-2,30;2,20;15,20;95,70;114,70;4;4,50;77,40;2;1;
2026-07-21 22:27:00.0;OFF;ON;100;-1,90;-2,40;2,10;15,20;95,60;114,70;4;4,50;78;2;0,90;
2026-07-21 22:28:00.0;OFF;ON;100;-2,10;-2,40;2,10;15,20;95,70;114,70;4,20;4,50;77,90;2;0,90;
2026-07-21 22:29:00.0;OFF;ON;100;-2,10;-2,40;2,10;15,10;95,60;114,70;4,20;4,50;78,30;2;0,90;
2026-07-21 22:30:00.0;OFF;ON;100;-2;-2,40;2,10;15,10;95,60;114,70;4;4,50;79,40;1,90;0,80;
2026-07-21 22:31:00.0;OFF;ON;100;-2,10;-2,40;2,10;15,10;95,60;114,70;4,20;4,50;79,30;1,90;0,80;
2026-07-21 22:32:00.0;OFF;ON;100;-2,70;-2,40;2,10;15;95,60;114,70;4,80;4,50;77,10;1,90;0,90;
2026-07-21 22:33:00.0;OFF;ON;100;-2,90;-2,40;2,10;15;95,70;114,70;5;4,50;75,90;1,90;0,90;
2026-07-21 22:34:00.0;OFF;ON;100;-2,80;-2,50;2;15;95,60;114,70;4,80;4,50;76;1,90;0,80;
2026-07-21 22:35:00.0;OFF;ON;100;-2,90;-2,50;2;14,90;95,40;114,70;4,90;4,50;75,20;1,90;0,70;
2026-07-21 22:36:00.0;OFF;ON;100;-2,90;-2,60;1,90;14,90;95,40;114,70;4,90;4,50;74,80;1,80;0,70;
2026-07-21 22:37:00.0;OFF;ON;100;-3;-2,60;1,90;14,90;95,40;114,70;4,90;4,50;74,20;1,80;0,70;
2026-07-21 22:38:00.0;OFF;ON;100;-3;-2,60;1,90;14,80;95,40;114,70;4,90;4,50;74;1,80;0,70;
2026-07-21 22:39:00.0;OFF;ON;100;-3;-2,60;1,90;14,80;95,40;114,70;4,90;4,50;73,60;1,70;0,70;
2026-07-21 22:40:00.0;OFF;ON;100;-3,10;-2,70;1,80;14,80;95,40;114,70;4,90;4,50;72,80;1,70;0,60;
2026-07-21 22:41:00.0;OFF;ON;100;-3,10;-2,70;1,80;14,80;95,40;114,70;4,90;4,50;72,40;1,70;0,60;
2026-07-21 22:42:00.0;OFF;ON;100;-3,60;-2,70;1,80;14,70;95,40;114,70;5,40;4,50;69,80;1,70;0,60;
2026-07-21 22:43:00.0;OFF;ON;100;-3,70;-2,70;1,80;14,70;95,40;114,70;5,50;4,50;68,60;1,60;0,50;
2026-07-21 22:44:00.0;OFF;ON;100;-3,20;-2,70;1,80;14,70;95,40;114,70;4,90;4,50;69,90;1,60;0,50;
2026-07-21 22:45:00.0;OFF;ON;100;-3,10;-2,70;1,80;14,70;95,40;114,70;4,80;4,50;69,90;1,60;0,60;
2026-07-21 22:46:00.0;OFF;ON;100;-3,10;-2,70;1,80;14,60;95,60;114,70;4,90;4,50;69;1,70;0,60;
2026-07-21 22:47:00.0;OFF;ON;100;-3;-2,70;1,80;14,60;95,70;114,70;4,80;4,50;69,10;1,70;0,70;
2026-07-21 22:48:00.0;OFF;ON;100;-3;-2,70;1,80;14,60;95,80;114,70;4,90;4,50;68,50;1,70;0,70;
2026-07-21 22:49:00.0;OFF;ON;100;-3;-2,70;1,80;14,60;95,90;114,70;4,80;4,50;68,10;1,70;0,70;
2026-07-21 22:50:00.0;OFF;ON;100;-3,10;-2,60;1,90;14,50;95,90;114,70;5;4,50;67,10;1,70;0,70;
2026-07-21 22:51:00.0;OFF;ON;100;-3,20;-2,60;1,90;14,50;95,90;114,70;5,10;4,50;66;1,70;0,70;
2026-07-21 22:52:00.0;OFF;ON;100;-3,30;-2,60;1,90;14,50;95,90;114,70;5,20;4,50;65;1,70;0,80;
2026-07-21 22:53:00.0;OFF;ON;100;-1,80;-2,70;1,80;14,40;95,70;114,70;3,60;4,50;71,50;1,70;0,60;
2026-07-21 22:54:00.0;OFF;ON;100;-1,80;-2,70;1,80;14,40;95,70;114,70;3,60;4,50;72,40;1,70;0,80;
2026-07-21 22:55:00.0;OFF;ON;100;-1,70;-2,60;1,90;14,40;95,90;114,70;3,60;4,50;73,70;1,80;0,80;
2026-07-21 22:56:00.0;OFF;ON;100;-1,20;-2,60;1,90;14,40;95,90;114,70;3,10;4,50;77;1,80;0,90;
2026-07-21 22:57:00.0;OFF;ON;100;-1,50;-2,50;2;14,30;96;114,70;3,50;4,50;76,80;1,80;1;
2026-07-21 22:58:00.0;OFF;ON;100;-1,60;-2,50;2;14,30;96,10;114,70;3,60;4,50;77,50;1,80;0,90;
2026-07-21 22:59:00.0;OFF;ON;100;-1,60;-2,50;2;14,30;96,10;114,70;3,60;4,50;78,70;1,80;0,90;
2026-07-21 23:00:00.0;OFF;ON;100;-2,10;-2,60;1,90;14,30;96;114,70;4,10;4,50;77,60;1,80;0,90;
2026-07-21 23:01:00.0;OFF;ON;100;-2,30;-2,60;1,90;14,20;95,90;114,70;4,10;4,50;77,90;1,70;0,80;
2026-07-21 23:02:00.0;OFF;ON;100;-2,30;-2,70;1,80;14,20;95,60;114,70;4,10;4,50;78,70;1,70;0,70;
2026-07-21 23:03:00.0;OFF;ON;100;-2,30;-2,80;1,70;14,20;95,40;114,70;4;4,50;79,40;1,60;0,60;
2026-07-21 23:04:00.0;OFF;ON;100;-2,80;-2,80;1,70;14,20;95,40;114,70;4,50;4,50;78;1,60;0,60;
2026-07-21 23:05:00.0;OFF;ON;100;-3,10;-2,80;1,70;14,10;95,50;114,70;4,80;4,50;76,20;1,60;0,60;
2026-07-21 23:06:00.0;OFF;ON;100;-3,10;-2,80;1,70;14,10;95,40;114,70;4,70;4,50;76;1,50;0,50;
2026-07-21 23:07:00.0;OFF;ON;100;-3,30;-2,90;1,60;14,10;95,30;114,70;4,90;4,50;75,20;1,50;0,50;
2026-07-21 23:08:00.0;OFF;ON;100;-3,30;-2,90;1,60;14;95,20;114,70;4,90;4,50;74,70;1,50;0,40;
2026-07-21 23:09:00.0;OFF;ON;100;-3,30;-3;1,60;14;95,20;114,70;4,90;4,50;74,40;1,40;0,40;
2026-07-21 23:10:00.0;OFF;ON;100;-3,30;-3;1,50;14;95,20;114,70;4,90;4,50;74,10;1,40;0,40;
2026-07-21 23:11:00.0;OFF;ON;100;-3,30;-3;1,50;14;95,30;114,70;4,80;4,50;73,90;1,40;0,30;
2026-07-21 23:12:00.0;OFF;ON;100;-3,30;-3;1,50;13,90;95,30;114,70;4,70;4,50;73,70;1,40;0,30;
2026-07-21 23:13:00.0;OFF;ON;100;-3,50;-3;1,50;13,90;95,20;114,70;5;4,50;72,50;1,40;0,30;
2026-07-21 23:14:00.0;OFF;ON;100;-3,40;-3;1,50;13,90;95,30;114,70;4,90;4,50;72,30;1,30;0,20;
2026-07-21 23:15:00.0;OFF;ON;100;-3,40;-3,10;1,40;13,90;95,20;114,70;4,80;4,50;72,10;1,30;0,20;
2026-07-21 23:16:00.0;OFF;ON;100;-3,30;-3,10;1,40;13,80;95,40;114,70;4,70;4,50;72,10;1,30;0,20;
2026-07-21 23:17:00.0;OFF;ON;100;-3,40;-3,10;1,40;13,80;95,40;114,70;4,80;4,50;71,50;1,30;0,20;
2026-07-21 23:18:00.0;OFF;ON;100;-3,30;-3,10;1,40;13,80;95,40;114,70;4,70;4,50;71,50;1,30;0,20;
2026-07-21 23:19:00.0;OFF;ON;100;-3,40;-3,10;1,40;13,70;95,40;114,70;4,80;4,50;70,90;1,30;0,20;
2026-07-21 23:20:00.0;OFF;ON;100;-3,50;-3,10;1,40;13,70;95,50;114,70;4,80;4,50;70,50;1,20;0,20;
2026-07-21 23:21:00.0;OFF;ON;100;-3,40;-3,10;1,40;13,70;95,40;114,70;4,80;4,50;70,20;1,20;0,20;
2026-07-21 23:22:00.0;OFF;ON;100;-3,40;-3,10;1,40;13,70;95,50;114,70;4,80;4,50;70;1,20;0,20;
2026-07-21 23:23:00.0;OFF;ON;100;-3,50;-3,10;1,40;13,60;95,50;114,70;4,80;4,50;69,40;1,20;0,20;
2026-07-21 23:24:00.0;OFF;ON;100;-3,70;-3,10;1,40;13,60;95,60;114,70;5,10;4,50;67,90;1,20;0,20;
2026-07-21 23:25:00.0;OFF;ON;100;-3,70;-3,10;1,40;13,60;95,60;114,60;5,10;4,50;67,10;1,20;0,20;
2026-07-21 23:26:00.0;OFF;ON;100;-3,50;-3,10;1,40;13,60;95,70;114,70;4,90;4,50;66,90;1,20;0,20;
2026-07-21 23:27:00.0;OFF;ON;100;-3;-3,10;1,40;13,50;95,80;114,70;4,40;4,50;68,80;1,30;0,30;
2026-07-21 23:28:00.0;OFF;ON;100;-3,40;-3,10;1,40;13,50;95,90;114,60;4,80;4,50;67;1,30;0,40;
2026-07-21 23:29:00.0;OFF;ON;100;-3,10;-3;1,50;13,50;95,90;114,70;4,60;4,50;67,50;1,30;0,40;
2026-07-21 23:30:00.0;OFF;ON;100;-2,20;-3;1,50;13,50;96;114,70;3,70;4,50;71,50;1,30;0,40;
2026-07-21 23:31:00.0;OFF;ON;100;-2,80;-3;1,50;13,40;96;114,60;4,40;4,50;69,50;1,40;0,60;
2026-07-21 23:32:00.0;OFF;ON;100;-3,30;-2,90;1,60;13,40;96,10;114,60;4,90;4,50;67,20;1,40;0,60;
2026-07-21 23:33:00.0;OFF;ON;100;-3,30;-2,90;1,60;13,40;96,10;114,60;4,90;4,50;67;1,40;0,60;
2026-07-21 23:34:00.0;OFF;ON;100;-2,90;-3;1,50;13,30;96;114,60;4,40;4,50;68,50;1,40;0,50;
2026-07-21 23:35:00.0;OFF;ON;100;-3,10;-2,90;1,60;13,30;96;114,60;4,60;4,50;67,80;1,40;0,60;
2026-07-21 23:36:00.0;OFF;ON;100;-3,20;-2,90;1,60;13,30;96;114,60;4,70;4,50;67,10;1,40;0,60;
2026-07-21 23:37:00.0;OFF;ON;100;-3,30;-2,90;1,60;13,30;96;114,60;4,80;4,50;66,40;1,40;0,60;
2026-07-21 23:38:00.0;OFF;ON;100;-3;-3;1,50;13,20;95,90;114,60;4,60;4,50;67,20;1,40;0,50;
2026-07-21 23:39:00.0;OFF;ON;100;-3,10;-3;1,50;13,20;95,90;114,60;4,60;4,50;67;1,40;0,60;
2026-07-21 23:40:00.0;OFF;ON;100;-3,20;-3;1,50;13,20;95,90;114,60;4,80;4,50;66,10;1,40;0,60;
2026-07-21 23:41:00.0;OFF;ON;100;-3,40;-3;1,50;13,10;95,90;114,60;4,90;4,50;65,10;1,40;0,60;
2026-07-21 23:42:00.0;OFF;ON;100;-2,80;-3;1,50;13,10;95,90;114,60;4,30;4,50;67,40;1,40;0,60;
2026-07-21 23:43:00.0;OFF;ON;100;-3,10;-3;1,50;13,10;95,90;114,60;4,60;4,50;66,40;1,40;0,60;
2026-07-21 23:44:00.0;OFF;ON;100;-3,20;-2,90;1,60;13,10;95,90;114,60;4,80;4,50;65,30;1,40;0,60;
2026-07-21 23:45:00.0;OFF;ON;100;-2,90;-3;1,50;13;95,90;114,60;4,50;4,50;65,90;1,40;0,60;
2026-07-21 23:46:00.0;OFF;ON;100;-1,70;-3;1,50;13;95,70;114,60;3,10;4,50;72,60;1,30;0,50;
2026-07-21 23:47:00.0;OFF;ON;100;-1,90;-3;1,50;13;95,80;114,60;3,40;4,50;73,80;1,40;0,60;
2026-07-21 23:48:00.0;OFF;ON;100;-2;-3;1,50;13;95,90;114,60;3,40;4,50;74,30;1,40;0,60;
2026-07-21 23:49:00.0;OFF;ON;100;-1,30;-3;1,50;12,90;95,90;114,60;2,70;4,50;78,90;1,30;0,60;
2026-07-21 23:50:00.0;OFF;ON;100;-1,70;-3;1,50;12,90;95,90;114,60;3,30;4,50;78,60;1,40;0,70;
2026-07-21 23:51:00.0;OFF;ON;100;-2,30;-2,90;1,60;12,90;96;114,60;3,80;4,50;77,40;1,40;0,70;
2026-07-21 23:52:00.0;OFF;ON;100;-2,40;-3;1,50;12,90;96;114,60;3,90;4,50;77,90;1,40;0,60;
2026-07-21 23:53:00.0;OFF;ON;100;-3;-3;1,50;12,80;96;114,60;4,50;4,50;76,30;1,30;0,60;
2026-07-21 23:54:00.0;OFF;ON;100;-3,30;-3,10;1,40;12,80;95,90;114,60;4,80;4,50;74,70;1,30;0,40;
2026-07-21 23:55:00.0;OFF;ON;100;-3,20;-3,20;1,30;12,80;95,50;114,60;4,50;4,50;75,30;1,20;0,20;
2026-07-21 23:56:00.0;OFF;ON;100;-3,30;-3,20;1,30;12,70;95,40;114,60;4,60;4,50;75,20;1,10;0,20;
2026-07-21 23:57:00.0;OFF;ON;100;-3,30;-3,20;1,30;12,70;95,30;114,60;4,60;4,50;74,90;1,10;0,10;
2026-07-21 23:58:00.0;OFF;ON;100;-3,40;-3,30;1,20;12,70;95,20;114,60;4,60;4,50;74,60;1,10;0,10;
2026-07-21 23:59:00.0;OFF;ON;100;-3,40;-3,30;1,20;12,70;95,30;114,60;4,60;4,50;74,70;1;0,10;
