CamCarcacas2;
2026-06-22 00:00;2026-06-23 00:00;
12144 Frigorífico Thoms;
ayron.costa;
" ";CPCO 51 - Câmara de carcaças - Controle de temperatura 1;CPCO 51 - Câmara de carcaças - Controle de temperatura 1;CPCO 51 - Câmara de carcaças - Controle de temperatura 1;CPCO 51 - Câmara de carcaças - Controle de temperatura 1;CPCO 51 - Câmara de carcaças - Controle de temperatura 1;CPCO 51 - Câmara de carcaças - Controle de temperatura 1;CPCO 52 - Câmara de carcaças - Controle de temperatura 2;CPCO 52 - Câmara de carcaças - Controle de temperatura 2;CPCO 53 - Balança;CPCO 51 - Câmara de carcaças - Controle de temperatura 1;CPCO 51 - Câmara de carcaças - Controle de temperatura 1;CPCO 51 - Câmara de carcaças - Controle de temperatura 1;CPCO 51 - Câmara de carcaças - Controle de temperatura 1;CPCO 54 - Câmara de carcaças - Controle de temperatura 3;
" ";Carregamento;Resfriamento;Saida Y1 - Ventiladores EC;Temp entrada glicol;Temp ref;Temp retorno ar;Temperatuda espeto;Umidade relativa da camara;Peso atual;DT Atual;DT ref;Cap Atual Valvula;Temp retorno ar M1A08;Temp Insuf de ar M1A08;" ";
2026-06-22 00:00:00.0;OFF;ON;50;3,60;5,80;3,30;1;98;98,80;-0,30;3,50;30;3,20;3,60;
2026-06-22 00:01:00.0;OFF;ON;50;3,60;5,80;3,30;1;98;98,80;-0,30;3,50;30;3,20;3,60;
2026-06-22 00:02:00.0;OFF;ON;50;3,50;5,80;3,30;1;98;98,80;-0,20;3,50;30;3,20;3,60;
2026-06-22 00:03:00.0;OFF;ON;50;3,50;5,80;3,30;1;98;98,80;-0,20;3,50;30;3,20;3,60;
2026-06-22 00:04:00.0;OFF;ON;50;3,60;5,80;3,30;1;98;98,80;-0,30;3,50;30;3,20;3,60;
2026-06-22 00:05:00.0;OFF;ON;50;3,60;5,80;3,30;1;98;98,80;-0,30;3,50;30;3,20;3,60;
2026-06-22 00:06:00.0;OFF;ON;50;3,60;5,80;3,30;1;98;98,70;-0,30;3,50;30;3,20;3,60;
2026-06-22 00:07:00.0;OFF;ON;50;3,50;5,80;3,30;1;98;98,80;-0,20;3,50;30;3,20;3,60;
2026-06-22 00:08:00.0;OFF;ON;50;3,60;5,80;3,30;1;98;98,80;-0,20;3,50;30;3,20;3,60;
2026-06-22 00:09:00.0;OFF;ON;50;3,50;5,80;3,30;1;98;98,80;-0,20;3,50;30;3,20;3,60;
2026-06-22 00:10:00.0;OFF;ON;50;3,50;5,80;3,30;1;98;98,80;-0,20;3,50;30;3,20;3,60;
2026-06-22 00:11:00.0;OFF;ON;50;3,50;5,80;3,30;1;98;98,80;-0,20;3,50;30;3,20;3,60;
2026-06-22 00:12:00.0;OFF;ON;50;3,50;5,80;3,30;1;98;98,80;-0,20;3,50;30;3,20;3,60;
2026-06-22 00:13:00.0;OFF;ON;50;3,50;5,80;3,30;1;98;98,80;-0,20;3,50;30;3,20;3,60;
2026-06-22 00:14:00.0;OFF;ON;50;3,60;5,80;3,30;1;98;98,80;-0,20;3,50;30;3,20;3,60;
2026-06-22 00:15:00.0;OFF;ON;50;3,50;5,80;3,30;1;98;98,80;-0,20;3,50;30;3,20;3,60;
2026-06-22 00:16:00.0;OFF;ON;50;3,50;5,80;3,30;1;98;98,80;-0,20;3,50;30;3,20;3,60;
2026-06-22 00:17:00.0;OFF;ON;50;3,50;5,80;3,30;1;98;98,80;-0,20;3,50;30;3,20;3,60;
2026-06-22 00:18:00.0;OFF;ON;50;3,60;5,80;3,30;1;98;98,80;-0,30;3,50;30;3,20;3,60;
2026-06-22 00:19:00.0;OFF;ON;50;3,50;5,80;3,30;1;98;98,80;-0,20;3,50;30;3,20;3,60;
2026-06-22 00:20:00.0;OFF;ON;50;3,50;5,80;3,30;1;98;98,80;-0,20;3,50;30;3,20;3,60;
2026-06-22 00:21:00.0;OFF;ON;50;3,50;5,80;3,30;1;98;98,80;-0,20;3,50;30;3,20;3,60;
2026-06-22 00:22:00.0;OFF;ON;50;3,50;5,80;3,30;1;98;98,80;-0,20;3,50;30;3,20;3,60;
2026-06-22 00:23:00.0;OFF;ON;50;3,60;5,80;3,30;1;98;98,80;-0,30;3,50;30;3,20;3,60;
2026-06-22 00:24:00.0;OFF;ON;50;3,50;5,80;3,30;1;98;98,80;-0,20;3,50;30;3,20;3,60;
2026-06-22 00:25:00.0;OFF;ON;50;3,50;5,80;3,30;1;98;98,80;-0,20;3,50;30;3,20;3,60;
2026-06-22 00:26:00.0;OFF;ON;50;3,50;5,80;3,30;1;98;98,80;-0,20;3,50;30;3,20;3,60;
2026-06-22 00:27:00.0;OFF;ON;50;3,50;5,80;3,30;1;98;98,80;-0,20;3,50;30;3,20;3,60;
2026-06-22 00:28:00.0;OFF;ON;50;3,50;5,80;3,30;0,90;98;98,80;-0,20;3,50;30;3,20;3,60;
2026-06-22 00:29:00.0;OFF;ON;50;3,60;5,80;3,30;0,90;98;98,80;-0,30;3,50;30;3,20;3,60;
2026-06-22 00:30:00.0;OFF;ON;50;3,50;5,80;3,30;0,90;98;98,80;-0,20;3,50;30;3,20;3,60;
2026-06-22 00:31:00.0;OFF;ON;50;3,50;5,80;3,30;0,90;98;98,80;-0,20;3,50;30;3,20;3,60;
2026-06-22 00:32:00.0;OFF;ON;50;3,60;5,80;3,30;0,90;98;98,80;-0,30;3,50;30;3,20;3,60;
2026-06-22 00:33:00.0;OFF;ON;50;3,50;5,80;3,30;0,90;98;98,80;-0,20;3,50;30;3,20;3,60;
2026-06-22 00:34:00.0;OFF;ON;50;3,60;5,80;3,30;0,90;98;98,80;-0,30;3,50;30;3,20;3,60;
2026-06-22 00:35:00.0;OFF;ON;50;3,50;5,80;3,30;0,90;98;98,80;-0,20;3,50;30;3,20;3,60;
2026-06-22 00:36:00.0;OFF;ON;50;3,60;5,80;3,30;0,90;98;98,80;-0,30;3,50;30;3,20;3,60;
2026-06-22 00:37:00.0;OFF;ON;50;3,50;5,80;3,30;0,90;98;98,80;-0,20;3,50;30;3,20;3,60;
2026-06-22 00:38:00.0;OFF;ON;50;3,60;5,80;3,30;0,90;98;98,80;-0,30;3,50;30;3,20;3,60;
2026-06-22 00:39:00.0;OFF;ON;50;3,60;5,80;3,30;0,90;98;98,80;-0,30;3,50;30;3,20;3,60;
2026-06-22 00:40:00.0;OFF;ON;50;3,50;5,80;3,30;0,90;98;98,80;-0,20;3,50;30;3,20;3,60;
2026-06-22 00:41:00.0;OFF;ON;50;3,60;5,80;3,30;0,90;98;98,80;-0,30;3,50;30;3,20;3,60;
2026-06-22 00:42:00.0;OFF;ON;50;3,60;5,80;3,30;0,90;98;98,80;-0,30;3,50;30;3,20;3,60;
2026-06-22 00:43:00.0;OFF;ON;50;3,60;5,80;3,30;0,90;98;98,80;-0,30;3,50;30;3,20;3,60;
2026-06-22 00:44:00.0;OFF;ON;50;3,60;5,80;3,30;0,90;98;98,80;-0,30;3,50;30;3,20;3,60;
2026-06-22 00:45:00.0;OFF;ON;50;3,50;5,80;3,30;0,90;98;98,80;-0,20;3,50;30;3,20;3,60;
2026-06-22 00:46:00.0;OFF;ON;50;3,60;5,80;3,30;0,90;98;98,80;-0,30;3,50;30;3,20;3,60;
2026-06-22 00:47:00.0;OFF;ON;50;3,50;5,80;3,30;0,90;98;98,80;-0,20;3,50;30;3,20;3,60;
2026-06-22 00:48:00.0;OFF;ON;50;3,50;5,80;3,30;0,90;98;98,80;-0,20;3,50;30;3,20;3,60;
2026-06-22 00:49:00.0;OFF;ON;50;3,60;5,80;3,30;0,90;98;98,80;-0,30;3,50;30;3,20;3,60;
2026-06-22 00:50:00.0;OFF;ON;50;3,50;5,80;3,30;0,90;98;98,80;-0,20;3,50;30;3,20;3,60;
2026-06-22 00:51:00.0;OFF;ON;50;3,50;5,80;3,30;0,90;98;98,80;-0,20;3,50;30;3,20;3,60;
2026-06-22 00:52:00.0;OFF;ON;50;3,50;5,80;3,30;0,90;98;98,80;-0,20;3,50;30;3,20;3,60;
2026-06-22 00:53:00.0;OFF;ON;50;3,50;5,80;3,30;0,90;98;98,80;-0,20;3,50;30;3,20;3,60;
2026-06-22 00:54:00.0;OFF;ON;50;3,60;5,80;3,30;0,90;98;98,80;-0,30;3,50;30;3,20;3,60;
2026-06-22 00:55:00.0;OFF;ON;50;3,60;5,80;3,30;0,90;98;98,80;-0,30;3,50;30;3,20;3,60;
2026-06-22 00:56:00.0;OFF;ON;50;3,50;5,80;3,30;0,90;98;98,80;-0,20;3,50;30;3,20;3,60;
2026-06-22 00:57:00.0;OFF;ON;50;3,60;5,80;3,30;0,90;98;98,80;-0,30;3,50;30;3,20;3,60;
2026-06-22 00:58:00.0;OFF;ON;50;3,50;5,80;3,30;0,90;98;98,80;-0,20;3,50;30;3,20;3,60;
2026-06-22 00:59:00.0;OFF;ON;50;3,50;5,80;3,30;0,90;98;98,80;-0,30;3,50;30;3,20;3,60;
2026-06-22 01:00:00.0;OFF;ON;50;3,50;5,80;3,30;0,90;98;98,80;-0,20;3,50;30;3,20;3,60;
2026-06-22 01:01:00.0;OFF;ON;50;3,50;5,80;3,30;0,90;98;98,80;-0,30;3,50;30;3,20;3,60;
2026-06-22 01:02:00.0;OFF;ON;50;3,50;5,80;3,30;0,90;98;98,80;-0,20;3,50;30;3,20;3,60;
2026-06-22 01:03:00.0;OFF;ON;50;3,50;5,80;3,30;0,90;98;98,80;-0,20;3,50;30;3,20;3,60;
2026-06-22 01:04:00.0;OFF;ON;50;3,50;5,80;3,30;0,90;98;98,80;-0,20;3,50;30;3,20;3,60;
2026-06-22 01:05:00.0;OFF;ON;50;3,40;5,80;3,30;0,90;98;98,80;-0,20;3,50;30;3,20;3,60;
2026-06-22 01:06:00.0;OFF;ON;50;3,60;5,80;3,30;0,90;98;98,80;-0,30;3,50;30;3,20;3,60;
2026-06-22 01:07:00.0;OFF;ON;50;3,40;5,80;3,30;0,90;98;98,80;-0,20;3,50;30;3,20;3,60;
2026-06-22 01:08:00.0;OFF;ON;50;3,50;5,80;3,30;0,90;98;98,80;-0,20;3,50;30;3,20;3,60;
2026-06-22 01:09:00.0;OFF;ON;50;3,50;5,80;3,30;0,90;98;98,80;-0,20;3,50;30;3,20;3,60;
2026-06-22 01:10:00.0;OFF;ON;50;3,50;5,80;3,30;0,90;98;98,80;-0,20;3,50;30;3,20;3,60;
2026-06-22 01:11:00.0;OFF;ON;50;3,50;5,80;3,30;0,90;98;98,80;-0,20;3,50;30;3,20;3,50;
2026-06-22 01:12:00.0;OFF;ON;50;3,50;5,80;3,30;0,90;98;98,80;-0,30;3,50;30;3,20;3,50;
2026-06-22 01:13:00.0;OFF;ON;50;3,40;5,80;3,30;0,90;98;98,80;-0,20;3,50;30;3,20;3,50;
2026-06-22 01:14:00.0;OFF;ON;50;3,50;5,80;3,30;0,90;98;98,80;-0,20;3,50;30;3,20;3,50;
2026-06-22 01:15:00.0;OFF;ON;50;3,50;5,80;3,30;0,90;98;98,80;-0,20;3,50;30;3,20;3,50;
2026-06-22 01:16:00.0;OFF;ON;50;3,60;5,80;3,30;0,90;98;98,80;-0,30;3,50;30;3,20;3,50;
2026-06-22 01:17:00.0;OFF;ON;50;3,40;5,80;3,30;0,90;98;98,80;-0,20;3,50;30;3,20;3,50;
2026-06-22 01:18:00.0;OFF;ON;50;3,40;5,80;3,30;0,90;98;98,80;-0,20;3,50;30;3,20;3,50;
2026-06-22 01:19:00.0;OFF;ON;50;3,50;5,80;3,30;0,90;98;98,80;-0,20;3,50;30;3,20;3,50;
2026-06-22 01:20:00.0;OFF;ON;50;3,50;5,80;3,30;0,90;98;98,80;-0,20;3,50;30;3,20;3,50;
2026-06-22 01:21:00.0;OFF;ON;50;3,50;5,80;3,30;0,90;98;98,80;-0,20;3,50;30;3,20;3,50;
2026-06-22 01:22:00.0;OFF;ON;50;3,50;5,80;3,30;0,90;98;98,80;-0,30;3,50;30;3,20;3,50;
2026-06-22 01:23:00.0;OFF;ON;50;3,40;5,80;3,30;0,90;98;98,80;-0,20;3,50;30;3,20;3,50;
2026-06-22 01:24:00.0;OFF;ON;50;3,50;5,80;3,30;0,90;98;98,80;-0,30;3,50;30;3,20;3,50;
2026-06-22 01:25:00.0;OFF;ON;50;3,60;5,80;3,30;0,90;98;98,80;-0,20;3,50;30;3,20;3,50;
2026-06-22 01:26:00.0;OFF;ON;50;3,50;5,80;3,30;0,90;98;98,80;-0,30;3,50;30;3,20;3,50;
2026-06-22 01:27:00.0;OFF;ON;50;3,40;5,80;3,30;0,90;98;98,80;-0,20;3,50;30;3,20;3,50;
2026-06-22 01:28:00.0;OFF;ON;50;3,50;5,80;3,30;0,90;98;98,80;-0,20;3,50;30;3,20;3,50;
2026-06-22 01:29:00.0;OFF;ON;50;3,50;5,80;3,30;0,90;98;98,80;-0,20;3,50;30;3,20;3,50;
2026-06-22 01:30:00.0;OFF;ON;50;3,50;5,80;3,30;0,90;98;98,80;-0,20;3,50;30;3,20;3,50;
2026-06-22 01:31:00.0;OFF;ON;50;3,50;5,80;3,30;0,90;98;98,80;-0,30;3,50;30;3,20;3,50;
2026-06-22 01:32:00.0;OFF;ON;50;3,60;5,80;3,30;0,90;98;98,80;-0,30;3,50;30;3,20;3,50;
2026-06-22 01:33:00.0;OFF;ON;50;3,50;5,80;3,30;0,90;98;98,80;-0,20;3,50;30;3,20;3,50;
2026-06-22 01:34:00.0;OFF;ON;50;3,60;5,80;3,30;0,90;98;98,80;-0,30;3,50;30;3,20;3,50;
2026-06-22 01:35:00.0;OFF;ON;50;3,50;5,80;3,30;0,90;98;98,80;-0,20;3,50;30;3,20;3,50;
2026-06-22 01:36:00.0;OFF;ON;50;3,60;5,80;3,30;0,90;98;98,80;-0,30;3,50;30;3,20;3,50;
2026-06-22 01:37:00.0;OFF;ON;50;3,60;5,80;3,30;0,90;98;98,80;-0,30;3,50;30;3,20;3,50;
2026-06-22 01:38:00.0;OFF;ON;50;3,50;5,80;3,30;0,90;98;98,80;-0,30;3,50;30;3,20;3,50;
2026-06-22 01:39:00.0;OFF;ON;50;3,60;5,80;3,30;0,90;98;98,80;-0,30;3,50;30;3,20;3,50;
2026-06-22 01:40:00.0;OFF;ON;50;3,50;5,80;3,30;0,90;98;98,80;-0,30;3,50;30;3,20;3,50;
2026-06-22 01:41:00.0;OFF;ON;50;3,50;5,80;3,30;0,90;98;98,80;-0,30;3,50;30;3,20;3,50;
2026-06-22 01:42:00.0;OFF;ON;50;3,40;5,80;3,30;0,90;98;98,80;-0,20;3,50;30;3,20;3,50;
2026-06-22 01:43:00.0;OFF;ON;50;3,60;5,80;3,30;0,90;98;98,80;-0,30;3,50;30;3,10;3,50;
2026-06-22 01:44:00.0;OFF;ON;50;3,50;5,80;3,30;0,90;98;98,80;-0,30;3,50;30;3,10;3,50;
2026-06-22 01:45:00.0;OFF;ON;50;3,60;5,80;3,30;0,90;98;98,80;-0,30;3,50;30;3,10;3,50;
2026-06-22 01:46:00.0;OFF;ON;50;3,50;5,80;3,30;0,90;98;98,80;-0,30;3,50;30;3,10;3,50;
2026-06-22 01:47:00.0;OFF;ON;50;3,40;5,80;3,20;0,90;98;98,80;-0,20;3,50;30;3,20;3,50;
2026-06-22 01:48:00.0;OFF;ON;50;3,60;5,70;3,30;0,90;98;98,80;-0,30;3,50;30;3,10;3,50;
2026-06-22 01:49:00.0;OFF;ON;50;3,50;5,80;3,20;0,90;98;98,80;-0,20;3,50;30;3,10;3,50;
2026-06-22 01:50:00.0;OFF;ON;50;3,50;5,80;3,20;0,90;98;98,80;-0,20;3,50;30;3,10;3,50;
2026-06-22 01:51:00.0;OFF;ON;50;3,50;5,80;3,20;0,90;98;98,80;-0,30;3,50;30;3,10;3,50;
2026-06-22 01:52:00.0;OFF;ON;50;3,50;5,70;3,20;0,90;98;98,80;-0,30;3,50;30;3,10;3,50;
2026-06-22 01:53:00.0;OFF;ON;50;3,50;5,80;3,20;0,90;98;98,80;-0,20;3,50;30;3,10;3,50;
2026-06-22 01:54:00.0;OFF;ON;50;3,50;5,70;3,20;0,90;98;98,80;-0,30;3,50;30;3,10;3,50;
2026-06-22 01:55:00.0;OFF;ON;50;3,40;5,80;3,20;0,90;98;98,80;-0,20;3,50;30;3,10;3,50;
2026-06-22 01:56:00.0;OFF;ON;50;3,60;5,70;3,20;0,90;98;98,80;-0,30;3,50;30;3,10;3,50;
2026-06-22 01:57:00.0;OFF;ON;50;3,60;5,70;3,20;0,90;98;98,80;-0,30;3,50;30;3,10;3,50;
2026-06-22 01:58:00.0;OFF;ON;50;3,50;5,70;3,20;0,90;98;98,80;-0,20;3,50;30;3,10;3,50;
2026-06-22 01:59:00.0;OFF;ON;50;3,50;5,70;3,20;0,90;98;98,80;-0,20;3,50;30;3,10;3,50;
2026-06-22 02:00:00.0;OFF;ON;50;3,40;5,70;3,20;0,90;98;98,80;-0,20;3,50;30;3,10;3,50;
2026-06-22 02:01:00.0;OFF;ON;50;3,50;5,70;3,20;0,90;98;98,80;-0,30;3,50;30;3,10;3,50;
2026-06-22 02:02:00.0;OFF;ON;50;3,50;5,70;3,20;0,90;98;98,80;-0,30;3,50;30;3,10;3,50;
2026-06-22 02:03:00.0;OFF;ON;50;3,50;5,70;3,20;0,90;98;98,80;-0,30;3,50;30;3,10;3,50;
2026-06-22 02:04:00.0;OFF;ON;50;3,50;5,70;3,20;0,90;98;98,80;-0,30;3,50;30;3,10;3,50;
2026-06-22 02:05:00.0;OFF;ON;50;3,50;5,70;3,20;0,90;98;98,80;-0,20;3,50;30;3,10;3,50;
2026-06-22 02:06:00.0;OFF;ON;50;3,50;5,70;3,20;0,90;98;98,80;-0,30;3,50;30;3,10;3,50;
2026-06-22 02:07:00.0;OFF;ON;50;3,50;5,70;3,20;0,90;98;98,80;-0,30;3,50;30;3,10;3,50;
2026-06-22 02:08:00.0;OFF;ON;50;3,50;5,70;3,20;0,90;98;98,80;-0,20;3,50;30;3,10;3,50;
2026-06-22 02:09:00.0;OFF;ON;50;3,50;5,70;3,20;0,90;98;98,80;-0,20;3,50;30;3,10;3,50;
2026-06-22 02:10:00.0;OFF;ON;50;3,50;5,70;3,20;0,90;98;98,80;-0,20;3,50;30;3,10;3,50;
2026-06-22 02:11:00.0;OFF;ON;50;3,50;5,70;3,20;0,90;98;98,80;-0,20;3,50;30;3,10;3,50;
2026-06-22 02:12:00.0;OFF;ON;50;3,50;5,70;3,20;0,90;98;98,80;-0,30;3,50;30;3,10;3,50;
2026-06-22 02:13:00.0;OFF;ON;50;3,40;5,70;3,20;0,90;98;98,80;-0,20;3,50;30;3,10;3,50;
2026-06-22 02:14:00.0;OFF;ON;50;3,50;5,70;3,20;0,90;98;98,70;-0,30;3,50;30;3,10;3,50;
2026-06-22 02:15:00.0;OFF;ON;50;3,40;5,70;3,20;0,90;98;98,80;-0,20;3,50;30;3,10;3,50;
2026-06-22 02:16:00.0;OFF;ON;50;3,40;5,70;3,20;0,90;98;98,80;-0,20;3,50;30;3,10;3,50;
2026-06-22 02:17:00.0;OFF;ON;50;3,50;5,70;3,20;0,90;98;98,80;-0,20;3,50;30;3,10;3,50;
2026-06-22 02:18:00.0;OFF;ON;50;3,50;5,70;3,20;0,90;98;98,80;-0,20;3,50;30;3,10;3,50;
2026-06-22 02:19:00.0;OFF;ON;50;3,40;5,70;3,20;0,90;98;98,80;-0,20;3,50;30;3,10;3,50;
2026-06-22 02:20:00.0;OFF;ON;50;3,50;5,70;3,20;0,90;98;98,80;-0,20;3,50;30;3,10;3,50;
2026-06-22 02:21:00.0;OFF;ON;50;3,50;5,70;3,20;0,90;98;98,80;-0,30;3,50;30;3,10;3,50;
2026-06-22 02:22:00.0;OFF;ON;50;3,40;5,70;3,20;0,90;98;98,80;-0,20;3,50;30;3,10;3,50;
2026-06-22 02:23:00.0;OFF;ON;50;3,50;5,70;3,20;0,90;98;98,80;-0,30;3,50;30;3,10;3,50;
2026-06-22 02:24:00.0;OFF;ON;50;3,50;5,70;3,20;0,90;98;98,80;-0,30;3,50;30;3,10;3,50;
2026-06-22 02:25:00.0;OFF;ON;50;3,40;5,70;3,20;0,90;98;98,80;-0,20;3,50;30;3,10;3,50;
2026-06-22 02:26:00.0;OFF;ON;50;3,50;5,70;3,20;0,80;98;98,80;-0,30;3,50;30;3,10;3,50;
2026-06-22 02:27:00.0;OFF;ON;50;3,60;5,70;3,20;0,90;98;98,80;-0,30;3,50;30;3,10;3,50;
2026-06-22 02:28:00.0;OFF;ON;50;3,50;5,70;3,20;0,80;98;98,80;-0,30;3,50;30;3,10;3,50;
2026-06-22 02:29:00.0;OFF;ON;50;3,50;5,70;3,20;0,80;98;98,80;-0,30;3,50;30;3,10;3,50;
2026-06-22 02:30:00.0;OFF;ON;50;3,50;5,70;3,20;0,80;98;98,80;-0,30;3,50;30;3,10;3,50;
2026-06-22 02:31:00.0;OFF;ON;50;3,50;5,70;3,20;0,80;98;98,80;-0,30;3,50;30;3,10;3,50;
2026-06-22 02:32:00.0;OFF;ON;50;3,40;5,70;3,20;0,80;98;98,80;-0,20;3,50;30;3,10;3,50;
2026-06-22 02:33:00.0;OFF;ON;50;3,50;5,70;3,20;0,80;98;98,80;-0,20;3,50;30;3,10;3,50;
2026-06-22 02:34:00.0;OFF;ON;50;3,40;5,70;3,20;0,80;98;98,80;-0,20;3,50;30;3,10;3,50;
2026-06-22 02:35:00.0;OFF;ON;50;3,40;5,70;3,20;0,80;98;98,80;-0,20;3,50;30;3,10;3,50;
2026-06-22 02:36:00.0;OFF;ON;50;3,40;5,70;3,20;0,80;98;98,80;-0,20;3,50;30;3,10;3,50;
2026-06-22 02:37:00.0;OFF;ON;50;3,50;5,70;3,20;0,80;98;98,80;-0,30;3,50;30;3,10;3,50;
2026-06-22 02:38:00.0;OFF;ON;50;3,50;5,70;3,20;0,80;98;98,80;-0,30;3,50;30;3,10;3,50;
2026-06-22 02:39:00.0;OFF;ON;50;3,50;5,70;3,20;0,80;98;98,80;-0,30;3,50;30;3,10;3,50;
2026-06-22 02:40:00.0;OFF;ON;50;3,50;5,70;3,20;0,80;98,10;98,80;-0,20;3,50;30;3,10;3,50;
2026-06-22 02:41:00.0;OFF;ON;50;3,50;5,70;3,30;0,80;98,10;98,60;-0,30;3,50;30;3,10;3,50;
2026-06-22 02:42:00.0;OFF;ON;50;3,50;5,70;3,30;0,80;98;0;-0,20;3,50;30;3,10;3,50;
2026-06-22 02:43:00.0;OFF;ON;50;3,40;5,80;3,30;0,80;98;0;-0,20;3,50;30;3,10;3,50;
2026-06-22 02:44:00.0;OFF;ON;50;3,50;5,80;3,30;0,80;98;0;-0,30;3,50;30;3,10;3,50;
2026-06-22 02:45:00.0;OFF;ON;50;3,50;5,70;3,20;0,80;98;0;-0,30;3,50;30;3,10;3,50;
2026-06-22 02:46:00.0;OFF;ON;50;3,50;5,80;3,30;0,80;98,10;0;-0,30;3,50;30;3,10;3,50;
2026-06-22 02:47:00.0;OFF;ON;50;3,50;5,70;3,20;0,80;98;0;-0,30;3,50;30;3,10;3,50;
2026-06-22 02:48:00.0;OFF;ON;50;3,40;5,70;3,20;0,80;98;0;-0,20;3,50;30;3,10;3,50;
2026-06-22 02:49:00.0;OFF;ON;50;3,40;5,70;3,20;0,80;98;0;-0,20;3,50;30;3,10;3,50;
2026-06-22 02:50:00.0;OFF;ON;50;3,50;5,70;3,20;0,80;98,10;0;-0,30;3,50;30;3,10;3,50;
2026-06-22 02:51:00.0;OFF;ON;50;3,40;5,70;3,20;0,80;98;0;-0,20;3,50;30;3,10;3,50;
2026-06-22 02:52:00.0;OFF;ON;50;3,50;5,70;3,20;0,80;98;0;-0,30;3,50;30;3,10;3,50;
2026-06-22 02:53:00.0;OFF;ON;50;3,40;5,70;3,20;0,80;98;0;-0,20;3,50;30;3,10;3,50;
2026-06-22 02:54:00.0;OFF;ON;50;3,40;5,70;3,20;0,80;98;0;-0,20;3,50;30;3,10;3,50;
2026-06-22 02:55:00.0;OFF;ON;50;3,40;5,70;3,20;0,80;98;0;-0,20;3,50;30;3,10;3,50;
2026-06-22 02:56:00.0;OFF;ON;50;3,40;5,70;3,20;0,80;98;0;-0,20;3,50;30;3,10;3,50;
2026-06-22 02:57:00.0;OFF;ON;50;3,40;5,70;3,20;0,80;98;0;-0,20;3,50;30;3,10;3,50;
2026-06-22 02:58:00.0;OFF;ON;50;3,60;5,70;3,20;0,80;98;0;-0,30;3,50;30;3,10;3,50;
2026-06-22 02:59:00.0;OFF;ON;50;3,50;5,70;3,20;0,80;98;0;-0,20;3,50;30;3,10;3,50;
2026-06-22 03:00:00.0;OFF;ON;50;3,50;5,70;3,20;0,80;98;0;-0,30;3,50;30;3,10;3,50;
2026-06-22 03:01:00.0;OFF;ON;50;3,60;5,70;3,20;0,80;98;0;-0,30;3,50;30;3,10;3,50;
2026-06-22 03:02:00.0;OFF;ON;50;3,40;5,70;3,20;0,80;98;0;-0,20;3,50;30;3,10;3,50;
2026-06-22 03:03:00.0;OFF;ON;50;3,50;5,70;3,20;0,80;98;0;-0,30;3,50;30;3,10;3,50;
2026-06-22 03:04:00.0;OFF;ON;50;3,40;5,70;3,20;0,80;98;0;-0,20;3,50;30;3,10;3,50;
2026-06-22 03:05:00.0;OFF;ON;50;3,40;5,70;3,20;0,80;98,10;0;-0,20;3,50;30;3,10;3,50;
2026-06-22 03:06:00.0;OFF;ON;50;3,40;5,70;3,20;0,80;98;0;-0,20;3,50;30;3,10;3,50;
2026-06-22 03:07:00.0;OFF;ON;50;3,50;5,70;3,20;0,80;98;0;-0,20;3,50;30;3,10;3,50;
2026-06-22 03:08:00.0;OFF;ON;50;3,40;5,70;3,20;0,80;98;0;-0,20;3,50;30;3,10;3,50;
2026-06-22 03:09:00.0;OFF;ON;50;3,40;5,70;3,20;0,80;98,10;0;-0,20;3,50;30;3,10;3,50;
2026-06-22 03:10:00.0;OFF;ON;50;3,40;5,70;3,20;0,80;98;0;-0,20;3,50;30;3,10;3,50;
2026-06-22 03:11:00.0;OFF;ON;50;3,50;5,70;3,20;0,80;98;0;-0,20;3,50;30;3,10;3,50;
2026-06-22 03:12:00.0;OFF;ON;50;3,50;5,70;3,20;0,80;98;0;-0,30;3,50;30;3,10;3,50;
2026-06-22 03:13:00.0;OFF;ON;50;3,40;5,70;3,20;0,80;98;0;-0,20;3,50;30;3,10;3,50;
2026-06-22 03:14:00.0;OFF;ON;50;3,40;5,70;3,20;0,80;98;0;-0,20;3,50;30;3,10;3,50;
2026-06-22 03:15:00.0;OFF;ON;50;3,40;5,70;3,20;0,80;98;0;-0,20;3,50;30;3,10;3,50;
2026-06-22 03:16:00.0;OFF;ON;50;3,50;5,70;3,20;0,80;98;0;-0,30;3,50;30;3,10;3,50;
2026-06-22 03:17:00.0;OFF;ON;50;3,40;5,70;3,20;0,80;98;0;-0,20;3,50;30;3,10;3,50;
2026-06-22 03:18:00.0;OFF;ON;50;3,50;5,70;3,20;0,80;98;0;-0,30;3,50;30;3,10;3,50;
2026-06-22 03:19:00.0;OFF;ON;50;3,50;5,70;3,20;0,80;98;0;-0,30;3,50;30;3,10;3,50;
2026-06-22 03:20:00.0;OFF;ON;50;3,40;5,70;3,20;0,80;98;0;-0,20;3,50;30;3,10;3,50;
2026-06-22 03:21:00.0;OFF;ON;50;3,40;5,70;3,20;0,80;98;0;-0,20;3,50;30;3,10;3,50;
2026-06-22 03:22:00.0;OFF;ON;50;3,30;5,70;3,20;0,80;98;0;-0,10;3,50;30;3,10;3,50;
2026-06-22 03:23:00.0;OFF;ON;50;3,50;5,70;3,20;0,80;98;0;-0,30;3,50;30;3,10;3,50;
2026-06-22 03:24:00.0;OFF;ON;50;3,40;5,70;3,20;0,80;98;0;-0,20;3,50;30;3,10;3,50;
2026-06-22 03:25:00.0;OFF;ON;50;3,40;5,70;3,20;0,80;98;0;-0,20;3,50;30;3,10;3,50;
2026-06-22 03:26:00.0;OFF;ON;50;3,40;5,70;3,20;0,80;98;0;-0,20;3,50;30;3,10;3,50;
2026-06-22 03:27:00.0;OFF;ON;50;3,50;5,70;3,20;0,80;98;0;-0,30;3,50;30;3,10;3,50;
2026-06-22 03:28:00.0;OFF;ON;50;3,40;5,70;3,20;0,80;98;0;-0,20;3,50;30;3,10;3,50;
2026-06-22 03:29:00.0;OFF;ON;50;3,50;5,70;3,20;0,80;98;0;-0,30;3,50;30;3,10;3,50;
2026-06-22 03:30:00.0;OFF;ON;50;3,40;5,70;3,20;0,80;98;0;-0,20;3,50;30;3,10;3,50;
2026-06-22 03:31:00.0;OFF;ON;50;3,50;5,70;3,20;0,80;98,10;0;-0,30;3,50;30;3,10;3,50;
2026-06-22 03:32:00.0;OFF;ON;50;3,50;5,70;3,20;0,80;98;0;-0,30;3,50;30;3,10;3,50;
2026-06-22 03:33:00.0;OFF;ON;50;3,50;5,70;3,20;0,80;98;0;-0,30;3,50;30;3,10;3,50;
2026-06-22 03:34:00.0;OFF;ON;50;3,50;5,70;3,20;0,80;98;0;-0,30;3,50;30;3,10;3,50;
2026-06-22 03:35:00.0;OFF;ON;50;3,40;5,70;3,20;0,80;98;0;-0,20;3,50;30;3,10;3,50;
2026-06-22 03:36:00.0;OFF;ON;50;3,50;5,70;3,20;0,80;98;0;-0,30;3,50;30;3,10;3,50;
2026-06-22 03:37:00.0;OFF;ON;50;3,50;5,70;3,20;0,80;98;0;-0,30;3,50;30;3,10;3,50;
2026-06-22 03:38:00.0;OFF;ON;50;3,50;5,70;3,20;0,80;98;0;-0,30;3,50;30;3,10;3,50;
2026-06-22 03:39:00.0;OFF;ON;50;3,50;5,70;3,20;0,80;98;0;-0,30;3,50;30;3,10;3,50;
2026-06-22 03:40:00.0;OFF;ON;50;3,40;5,70;3,20;0,80;98;0;-0,20;3,50;30;3,10;3,50;
2026-06-22 03:41:00.0;OFF;ON;50;3,40;5,70;3,20;0,80;98;0;-0,20;3,50;30;3,10;3,50;
2026-06-22 03:42:00.0;OFF;ON;50;3,40;5,70;3,20;0,80;98;0;-0,20;3,50;30;3,10;3,50;
2026-06-22 03:43:00.0;OFF;ON;50;3,40;5,70;3,20;0,80;98;0;-0,20;3,50;30;3,10;3,50;
2026-06-22 03:44:00.0;OFF;ON;50;3,40;5,70;3,20;0,80;98,10;0;-0,20;3,50;30;3,10;3,50;
2026-06-22 03:45:00.0;OFF;ON;50;3,50;5,70;3,20;0,80;98,10;0;-0,20;3,50;30;3,10;3,50;
2026-06-22 03:46:00.0;OFF;ON;50;3,40;5,70;3,20;0,80;98;0;-0,20;3,50;30;3,10;3,50;
2026-06-22 03:47:00.0;OFF;ON;50;3,50;5,70;3,20;0,80;98;0;-0,30;3,50;30;3,10;3,50;
2026-06-22 03:48:00.0;OFF;ON;50;3,40;5,70;3,20;0,80;98;0;-0,20;3,50;30;3,10;3,50;
2026-06-22 03:49:00.0;OFF;ON;50;3,40;5,70;3,20;0,80;98;0;-0,20;3,50;30;3,10;3,50;
2026-06-22 03:50:00.0;OFF;ON;50;3,50;5,70;3,20;0,80;98,10;0;-0,30;3,50;30;3,10;3,50;
2026-06-22 03:51:00.0;OFF;ON;50;3,40;5,70;3,20;0,80;98;0;-0,20;3,50;30;3,10;3,50;
2026-06-22 03:52:00.0;OFF;ON;50;3,40;5,70;3,20;0,80;98;0;-0,20;3,50;30;3,10;3,50;
2026-06-22 03:53:00.0;OFF;ON;50;3,50;5,70;3,20;0,80;98;0;-0,30;3,50;30;3,10;3,50;
2026-06-22 03:54:00.0;OFF;ON;50;3,40;5,70;3,20;0,80;98;0;-0,20;3,50;30;3,10;3,50;
2026-06-22 03:55:00.0;OFF;ON;50;3,40;5,70;3,20;0,80;98;0;-0,20;3,50;30;3,10;3,50;
2026-06-22 03:56:00.0;OFF;ON;50;3,40;5,70;3,20;0,80;98;0;-0,20;3,50;30;3,10;3,50;
2026-06-22 03:57:00.0;OFF;ON;50;3,40;5,70;3,20;0,80;98;0;-0,20;3,50;30;3,10;3,50;
2026-06-22 03:58:00.0;OFF;ON;50;3,40;5,70;3,20;0,80;98;0;-0,30;3,50;30;3,10;3,50;
2026-06-22 03:59:00.0;OFF;ON;50;3,40;5,70;3,20;0,80;98;0;-0,20;3,50;30;3,10;3,50;
2026-06-22 04:00:00.0;OFF;ON;50;3,40;5,70;3,20;0,80;98;0;-0,20;3,50;30;3,10;3,50;
2026-06-22 04:01:00.0;OFF;ON;50;3,40;5,70;3,20;0,80;98;0;-0,20;3,50;30;3,10;3,50;
2026-06-22 04:02:00.0;OFF;ON;50;3,40;5,70;3,20;0,80;98;0;-0,20;3,50;30;3,10;3,50;
2026-06-22 04:03:00.0;OFF;ON;50;3,40;5,70;3,20;0,80;98;0;-0,20;3,50;30;3,10;3,50;
2026-06-22 04:04:00.0;OFF;ON;50;3,50;5,70;3,20;0,80;98;0;-0,30;3,50;30;3,10;3,50;
2026-06-22 04:05:00.0;OFF;ON;50;3,40;5,70;3,20;0,80;98;0;-0,20;3,50;30;3,10;3,50;
2026-06-22 04:06:00.0;OFF;ON;50;3,50;5,70;3,20;0,80;98;0;-0,30;3,50;30;3,10;3,50;
2026-06-22 04:07:00.0;OFF;ON;50;3,50;5,70;3,20;0,80;98;0;-0,30;3,50;30;3,10;3,50;
2026-06-22 04:08:00.0;OFF;ON;50;3,40;5,70;3,20;0,80;98;0;-0,20;3,50;30;3,10;3,50;
2026-06-22 04:09:00.0;OFF;ON;50;3,40;5,70;3,20;0,80;98;0;-0,20;3,50;30;3,10;3,50;
2026-06-22 04:10:00.0;OFF;ON;50;3,40;5,70;3,20;0,80;98;0;-0,20;3,50;30;3,10;3,50;
2026-06-22 04:11:00.0;OFF;ON;50;3,40;5,70;3,20;0,80;98;0;-0,20;3,50;30;3,10;3,50;
2026-06-22 04:12:00.0;OFF;ON;50;3,30;5,70;3,20;0,80;98;0;-0,20;3,50;30;3,10;3,50;
2026-06-22 04:13:00.0;OFF;ON;50;3,50;5,70;3,20;0,80;98;0;-0,30;3,50;30;3,10;3,50;
2026-06-22 04:14:00.0;OFF;ON;50;3,50;5,70;3,20;0,80;98;0;-0,30;3,50;30;3,10;3,50;
2026-06-22 04:15:00.0;OFF;ON;50;3,50;5,70;3,20;0,80;98;0;-0,30;3,50;30;3,10;3,50;
2026-06-22 04:16:00.0;OFF;ON;50;3,40;5,70;3,20;0,80;98;0;-0,20;3,50;30;3,10;3,50;
2026-06-22 04:17:00.0;OFF;ON;50;3,50;5,70;3,20;0,80;98;0;-0,30;3,50;30;3,10;3,50;
2026-06-22 04:18:00.0;OFF;ON;50;3,50;5,70;3,20;0,80;98;0;-0,30;3,50;30;3,10;3,50;
2026-06-22 04:19:00.0;OFF;ON;50;3,40;5,70;3,20;0,80;98;0;-0,20;3,50;30;3,10;3,50;
2026-06-22 04:20:00.0;OFF;ON;50;3,40;5,70;3,20;0,80;98;0;-0,20;3,50;30;3,10;3,50;
2026-06-22 04:21:00.0;OFF;ON;50;3,50;5,70;3,20;0,80;98;0;-0,30;3,50;30;3,10;3,50;
2026-06-22 04:22:00.0;OFF;ON;50;3,40;5,70;3,20;0,80;98;0;-0,20;3,50;30;3,10;3,50;
2026-06-22 04:23:00.0;OFF;ON;50;3,50;5,70;3,20;0,80;98;0;-0,30;3,50;30;3,10;3,50;
2026-06-22 04:24:00.0;OFF;ON;50;3,40;5,70;3,20;0,80;98;0;-0,20;3,50;30;3,10;3,50;
2026-06-22 04:25:00.0;OFF;ON;50;3,40;5,70;3,20;0,80;98;0;-0,20;3,50;30;3,10;3,50;
2026-06-22 04:26:00.0;OFF;ON;50;3,40;5,70;3,20;0,80;98;0;-0,20;3,50;30;3,10;3,50;
2026-06-22 04:27:00.0;OFF;ON;50;3,40;5,70;3,20;0,80;98;0;-0,20;3,50;30;3,10;3,50;
2026-06-22 04:28:00.0;OFF;ON;50;3,50;5,70;3,20;0,80;98;0;-0,30;3,50;30;3,10;3,50;
2026-06-22 04:29:00.0;OFF;ON;50;3,40;5,70;3,20;0,80;98;0;-0,30;3,50;30;3,10;3,50;
2026-06-22 04:30:00.0;OFF;ON;50;3,50;5,70;3,20;0,80;98;0;-0,30;3,50;30;3,10;3,50;
2026-06-22 04:31:00.0;OFF;ON;50;3,40;5,70;3,20;0,80;98;0;-0,30;3,50;30;3;3,50;
2026-06-22 04:32:00.0;OFF;ON;50;3,40;5,70;3,20;0,80;98;0;-0,20;3,50;30;3,10;3,50;
2026-06-22 04:33:00.0;OFF;ON;50;3,40;5,70;3,20;0,80;98;0;-0,30;3,50;30;3;3,50;
2026-06-22 04:34:00.0;OFF;ON;50;3,40;5,70;3,20;0,80;98;0;-0,20;3,50;30;3,10;3,50;
2026-06-22 04:35:00.0;OFF;ON;50;3,40;5,70;3,20;0,80;98;0;-0,30;3,50;30;3,10;3,50;
2026-06-22 04:36:00.0;OFF;ON;50;3,50;5,70;3,20;0,70;98;0;-0,30;3,50;30;3;3,50;
2026-06-22 04:37:00.0;OFF;ON;50;3,50;5,70;3,20;0,70;98;0;-0,30;3,50;30;3;3,50;
2026-06-22 04:38:00.0;OFF;ON;50;3,40;5,70;3,20;0,80;98;0;-0,30;3,50;30;3;3,50;
2026-06-22 04:39:00.0;OFF;ON;50;3,40;5,70;3,20;0,80;98;0;-0,30;3,50;30;3,10;3,40;
2026-06-22 04:40:00.0;OFF;ON;50;3,40;5,70;3,20;0,80;98;0;-0,20;3,50;30;3;3,40;
2026-06-22 04:41:00.0;OFF;ON;50;3,40;5,70;3,20;0,80;98;0;-0,20;3,50;30;3;3,40;
2026-06-22 04:42:00.0;OFF;ON;50;3,40;5,70;3,20;0,80;98;0;-0,20;3,50;30;3;3,40;
2026-06-22 04:43:00.0;OFF;ON;50;3,40;5,70;3,20;0,80;98;0;-0,20;3,50;30;3;3,40;
2026-06-22 04:44:00.0;OFF;ON;50;3,30;5,70;3,20;0,70;98;0;-0,20;3,50;30;3,10;3,40;
2026-06-22 04:45:00.0;OFF;ON;50;3,50;5,70;3,20;0,70;98;0;-0,30;3,50;30;3;3,50;
2026-06-22 04:46:00.0;OFF;ON;50;3,40;5,70;3,20;0,70;98;0;-0,20;3,50;30;3;3,50;
2026-06-22 04:47:00.0;OFF;ON;50;3,50;5,70;3,20;0,70;98;0;-0,30;3,50;30;3;3,50;
2026-06-22 04:48:00.0;OFF;ON;50;3,50;5,70;3,20;0,70;98;0;-0,30;3,50;30;3;3,50;
2026-06-22 04:49:00.0;OFF;ON;50;3,40;5,70;3,20;0,70;98;0;-0,30;3,50;30;3;3,50;
2026-06-22 04:50:00.0;OFF;ON;50;3,50;5,70;3,20;0,70;98;0;-0,30;3,50;30;3;3,40;
2026-06-22 04:51:00.0;OFF;ON;50;3,40;5,70;3,20;0,70;98;0;-0,20;3,50;30;3;3,40;
2026-06-22 04:52:00.0;OFF;ON;50;3,50;5,70;3,20;0,70;98;0;-0,30;3,50;30;3;3,40;
2026-06-22 04:53:00.0;OFF;ON;50;3,40;5,70;3,20;0,70;98;0;-0,20;3,50;30;3;3,40;
2026-06-22 04:54:00.0;OFF;ON;50;3,50;5,70;3,20;0,70;98;0;-0,30;3,50;30;3;3,40;
2026-06-22 04:55:00.0;OFF;ON;50;3,50;5,70;3,20;0,70;98;0;-0,30;3,50;30;3;3,40;
2026-06-22 04:56:00.0;OFF;ON;50;3,40;5,70;3,20;0,70;98;0;-0,30;3,50;30;3;3,40;
2026-06-22 04:57:00.0;OFF;ON;50;3,40;5,70;3,20;0,70;98;0;-0,20;3,50;30;3;3,40;
2026-06-22 04:58:00.0;OFF;ON;50;3,40;5,70;3,20;0,70;98;0;-0,20;3,50;30;3;3,40;
2026-06-22 04:59:00.0;OFF;ON;50;3,40;5,70;3,20;0,70;98;0;-0,20;3,50;30;3;3,40;
2026-06-22 05:00:00.0;OFF;ON;50;3,40;5,70;3,20;0,70;98;0;-0,20;3,50;30;3;3,40;
2026-06-22 05:01:00.0;OFF;ON;50;3,40;5,70;3,10;0,70;98;0;-0,20;3,50;30;3;3,40;
2026-06-22 05:02:00.0;OFF;ON;50;3,40;5,70;3,20;0,70;98;0;-0,20;3,50;30;3;3,40;
2026-06-22 05:03:00.0;OFF;ON;50;3,20;5,70;3,10;0,70;98;0;-0,10;3,50;30;3;3,40;
2026-06-22 05:04:00.0;OFF;ON;50;3,10;5,60;3,10;0,70;98;0;0,10;3,50;30;3;3,40;
2026-06-22 05:05:00.0;OFF;ON;50;3,10;5,60;3,10;0,70;98;0;0;3,50;30;3;3,30;
2026-06-22 05:06:00.0;OFF;ON;50;3;5,60;3,10;0,70;98;0;0,10;3,50;30;2,90;3,30;
2026-06-22 05:07:00.0;OFF;ON;50;3;5,50;3;0,70;97,90;0;0;3,50;30;2,90;3,20;
2026-06-22 05:08:00.0;OFF;ON;50;2,90;5,50;3;0,70;97,90;0;0,10;3,50;30;2,90;3,20;
2026-06-22 05:09:00.0;OFF;ON;50;2,80;5,50;3;0,70;97,80;0;0,20;3,50;30;2,90;3,10;
2026-06-22 05:10:00.0;OFF;ON;50;2,80;5,50;2,90;0,70;97,80;0;0,20;3,50;30;2,80;3,10;
2026-06-22 05:11:00.0;OFF;ON;50;2,70;5,40;2,90;0,70;97,70;0;0,20;3,50;30;2,80;3;
2026-06-22 05:12:00.0;OFF;ON;50;2,70;5,40;2,90;0,70;97,60;0;0,20;3,50;30;2,80;3;
2026-06-22 05:13:00.0;OFF;ON;50;2,60;5,40;2,90;0,70;97,60;0;0,20;3,50;30;2,80;2,90;
2026-06-22 05:14:00.0;OFF;ON;50;2,60;5,30;2,80;0,70;97,50;0;0,20;3,50;30;2,70;2,90;
2026-06-22 05:15:00.0;OFF;ON;50;2,50;5,30;2,80;0,70;97,40;0;0,30;3,50;30;2,70;2,80;
2026-06-22 05:16:00.0;OFF;ON;50;2,50;5,30;2,80;0,70;97,30;0;0,30;3,50;30;2,70;2,80;
2026-06-22 05:17:00.0;OFF;ON;50;2,40;5,30;2,70;0,70;97,30;0;0,40;3,50;30;2,70;2,80;
2026-06-22 05:18:00.0;OFF;ON;50;2,40;5,20;2,70;0,70;97,20;0;0,30;3,50;30;2,60;2,70;
2026-06-22 05:19:00.0;OFF;ON;50;2,30;5,20;2,70;0,70;97,20;0;0,40;3,50;30;2,60;2,70;
2026-06-22 05:20:00.0;OFF;ON;50;2,30;5,20;2,70;0,70;97,10;0;0,40;3,50;30;2,60;2,70;
2026-06-22 05:21:00.0;OFF;ON;50;2,30;5,20;2,70;0,70;97,10;0;0,30;3,50;30;2,60;2,60;
2026-06-22 05:22:00.0;OFF;ON;50;2,30;5,10;2,60;0,70;97;0;0,30;3,50;30;2,50;2,60;
2026-06-22 05:23:00.0;OFF;ON;50;2,30;5,10;2,60;0,70;97;0;0,30;3,50;30;2,50;2,60;
2026-06-22 05:24:00.0;OFF;ON;50;2,30;5,10;2,60;0,70;97;0;0,30;3,50;30;2,50;2,60;
2026-06-22 05:25:00.0;OFF;ON;50;2,30;5,10;2,60;0,70;97;0;0,30;3,50;30;2,50;2,50;
2026-06-22 05:26:00.0;OFF;ON;50;2,10;5,10;2,50;0,70;96,90;0;0,40;3,50;30;2,50;2,50;
2026-06-22 05:27:00.0;OFF;ON;50;2,20;5;2,50;0,70;96,90;0;0,30;3,50;30;2,50;2,50;
2026-06-22 05:28:00.0;OFF;ON;50;2,20;5;2,50;0,70;96,80;0;0,40;3,50;30;2,50;2,50;
2026-06-22 05:29:00.0;OFF;ON;50;2,20;5;2,50;0,70;96,80;0;0,30;3,50;30;2,40;2,50;
2026-06-22 05:30:00.0;OFF;ON;50;2,20;5;2,50;0,70;96,80;0;0,30;3,50;30;2,40;2,50;
2026-06-22 05:31:00.0;OFF;ON;50;2,10;5;2,50;0,70;96,80;0;0,40;3,50;30;2,40;2,40;
2026-06-22 05:32:00.0;OFF;ON;50;2;5;2,50;0,70;96,80;0;0,50;3,50;30;2,40;2,40;
2026-06-22 05:33:00.0;OFF;ON;50;2,10;5;2,50;0,70;96,80;0;0,40;3,50;30;2,40;2,40;
2026-06-22 05:34:00.0;OFF;ON;50;2,10;5;2,40;0,70;96,80;0;0,40;3,50;30;2,40;2,40;
2026-06-22 05:35:00.0;OFF;ON;50;2;4,90;2,40;0,70;96,80;0;0,40;3,50;30;2,40;2,40;
2026-06-22 05:36:00.0;OFF;ON;50;1,90;4,90;2,40;0,70;96,80;0;0,50;3,50;30;2,30;2,30;
2026-06-22 05:37:00.0;OFF;ON;50;2;4,90;2,40;0,70;96,80;0;0,40;3,50;30;2,30;2,30;
2026-06-22 05:38:00.0;OFF;ON;50;2;4,90;2,40;0,70;96,80;0;0,40;3,50;30;2,30;2,30;
2026-06-22 05:39:00.0;OFF;ON;50;2;4,90;2,40;0,70;96,80;0;0,40;3,50;30;2,30;2,30;
2026-06-22 05:40:00.0;OFF;ON;50;1,80;4,90;2,40;0,70;96,80;0;0,50;3,50;30;2,30;2,30;
2026-06-22 05:41:00.0;OFF;ON;50;2;4,90;2,40;0,70;96,80;0;0,40;3,50;30;2,30;2,30;
2026-06-22 05:42:00.0;OFF;ON;50;1,90;4,80;2,30;0,70;96,70;0;0,50;3,50;30;2,30;2,30;
2026-06-22 05:43:00.0;OFF;ON;50;1,90;4,80;2,30;0,70;96,80;0;0,40;3,50;30;2,30;2,30;
2026-06-22 05:44:00.0;OFF;ON;50;2;4,80;2,30;0,70;96,70;0;0,30;3,50;30;2,20;2,30;
2026-06-22 05:45:00.0;OFF;ON;50;1,80;4,80;2,30;0,70;96,80;0;0,50;3,50;30;2,20;2,20;
2026-06-22 05:46:00.0;OFF;ON;50;1,80;4,80;2,30;0,70;96,80;0;0,50;3,50;30;2,20;2,20;
2026-06-22 05:47:00.0;OFF;ON;50;2;4,80;2,30;0,70;96,80;0;0,30;3,50;30;2,20;2,20;
2026-06-22 05:48:00.0;OFF;ON;50;1,90;4,80;2,30;0,70;96,80;0;0,30;3,50;30;2,20;2,20;
2026-06-22 05:49:00.0;OFF;ON;50;2;4,80;2,30;0,70;96,80;0;0,30;3,50;30;2,20;2,20;
2026-06-22 05:50:00.0;OFF;ON;50;2;4,80;2,30;0,70;96,80;0;0,30;3,50;30;2,20;2,20;
2026-06-22 05:51:00.0;OFF;ON;50;2;4,80;2,30;0,70;96,80;0;0,30;3,50;30;2,20;2,20;
2026-06-22 05:52:00.0;OFF;ON;50;2,30;4,80;2,30;0,70;96,90;0;0;3,50;30;2,20;2,30;
2026-06-22 05:53:00.0;OFF;ON;50;2,20;4,80;2,30;0,70;96,90;0;0,10;3,50;30;2,20;2,30;
2026-06-22 05:54:00.0;OFF;ON;50;2,40;4,80;2,30;0,70;97;0;0;3,50;30;2,30;2,40;
2026-06-22 05:55:00.0;OFF;ON;50;2,20;4,90;2,40;0,70;97,10;0;0,10;3,50;30;2,30;2,40;
2026-06-22 05:56:00.0;OFF;ON;50;2,50;4,90;2,40;0,70;97,20;0;-0,10;3,50;30;2,30;2,50;
2026-06-22 05:57:00.0;OFF;ON;50;2,50;4,90;2,40;0,70;97,20;0;-0,10;3,50;30;2,30;2,50;
2026-06-22 05:58:00.0;OFF;ON;50;2,50;4,90;2,40;0,70;97,30;0;0;3,50;30;2,40;2,60;
2026-06-22 05:59:00.0;OFF;ON;50;2,50;4,90;2,50;0,70;97,40;0;0;3,50;30;2,40;2,60;
2026-06-22 06:00:00.0;OFF;ON;50;2,60;5;2,50;0,70;97,40;0;-0,10;3,50;30;2,40;2,60;
2026-06-22 06:01:00.0;OFF;ON;50;2,70;5;2,50;0,70;97,50;0;-0,30;3,50;30;2,40;2,60;
2026-06-22 06:02:00.0;OFF;ON;50;2,60;5;2,50;0,70;97,50;0;-0,10;3,50;30;2,40;2,70;
2026-06-22 06:03:00.0;OFF;ON;50;2,90;5;2,50;0,70;97,70;0;-0,30;3,50;30;2,50;2,80;
2026-06-22 06:04:00.0;OFF;ON;50;2,80;5,10;2,60;0,70;97,70;0;-0,20;3,50;30;2,50;2,80;
2026-06-22 06:05:00.0;OFF;ON;50;3;5,10;2,60;0,70;97,80;0;-0,40;3,50;30;2,50;2,80;
2026-06-22 06:06:00.0;OFF;ON;50;2,80;5,10;2,60;0,70;97,80;0;-0,20;3,50;30;2,50;2,90;
2026-06-22 06:07:00.0;OFF;ON;50;2,90;5,10;2,60;0,70;97,90;0;-0,20;3,50;30;2,50;2,90;
2026-06-22 06:08:00.0;OFF;ON;50;2,80;5,20;2,70;0,70;97,90;0;-0,10;3,50;30;2,60;2,90;
2026-06-22 06:09:00.0;OFF;ON;50;2,60;5,20;2,70;0,70;97,90;0;0,10;3,50;30;2,50;2,90;
2026-06-22 06:10:00.0;OFF;ON;50;2,60;5,10;2,60;0,70;97,90;0;0,10;3,50;30;2,50;2,90;
2026-06-22 06:11:00.0;OFF;ON;50;2,50;5,10;2,60;0,60;97,90;0;0,10;3,50;30;2,50;2,80;
2026-06-22 06:12:00.0;OFF;ON;50;2,80;5,10;2,60;0,70;97,90;0;-0,20;3,50;30;2,50;2,80;
2026-06-22 06:13:00.0;OFF;ON;50;2,90;5,10;2,60;0,60;97,80;0;-0,30;3,50;30;2,50;2,80;
2026-06-22 06:14:00.0;OFF;ON;50;2,70;5,10;2,60;0,60;97,90;0;-0,10;3,50;30;2,50;2,80;
2026-06-22 06:15:00.0;OFF;ON;50;2,70;5,10;2,60;0,60;97,80;0;-0,10;3,50;30;2,50;2,90;
2026-06-22 06:16:00.0;OFF;ON;50;2,60;5,10;2,60;0,60;97,90;0;0;3,50;30;2,50;2,80;
2026-06-22 06:17:00.0;OFF;ON;50;2,60;5,10;2,60;0,60;97,80;0;0;3,50;30;2,50;2,80;
2026-06-22 06:18:00.0;OFF;ON;50;2,70;5,10;2,60;0,60;97,90;0;-0,10;3,50;30;2,50;2,70;
2026-06-22 06:19:00.0;OFF;ON;50;2,70;5,10;2,60;0,60;97,80;0;-0,20;3,50;30;2,40;2,70;
2026-06-22 06:20:00.0;OFF;ON;50;2,60;5,10;2,60;0,60;97,80;0;0;3,50;30;2,50;2,80;
2026-06-22 06:21:00.0;OFF;ON;50;3;5,10;2,60;0,60;97,80;0;-0,40;3,50;30;2,50;2,80;
2026-06-22 06:22:00.0;OFF;ON;50;2,80;5,10;2,60;0,60;97,80;0;-0,20;3,50;30;2,50;2,90;
2026-06-22 06:23:00.0;OFF;ON;50;3;5,10;2,70;0,60;97,90;0;-0,40;3,50;30;2,60;2,90;
2026-06-22 06:24:00.0;OFF;ON;50;2,90;5,20;2,70;0,60;97,90;0;-0,20;3,50;30;2,60;3;
2026-06-22 06:25:00.0;OFF;ON;50;2,90;5,20;2,70;0,60;97,90;0;-0,20;3,50;30;2,60;3;
2026-06-22 06:26:00.0;OFF;ON;50;2,70;5,20;2,70;0,60;98;0;0;3,50;30;2,60;3;
2026-06-22 06:27:00.0;OFF;ON;50;2,60;5,20;2,70;0,60;98;0;0,10;3,50;30;2,60;2,90;
2026-06-22 06:28:00.0;OFF;ON;50;2,50;5,20;2,70;0,60;98;0;0,20;3,50;30;2,50;2,80;
2026-06-22 06:29:00.0;OFF;ON;50;2,60;5,20;2,60;0,60;97,90;0;0;3,50;30;2,50;2,80;
2026-06-22 06:30:00.0;OFF;ON;50;2,80;5,10;2,60;0,60;97,90;0;-0,20;3,50;30;2,50;2,80;
2026-06-22 06:31:00.0;OFF;ON;50;2,80;5,10;2,60;0,60;97,90;0;-0,20;3,50;30;2,50;2,80;
2026-06-22 06:32:00.0;OFF;ON;50;2,90;5,10;2,60;0,60;97,90;0;-0,30;3,50;30;2,50;2,90;
2026-06-22 06:33:00.0;OFF;ON;50;3;5,10;2,60;0,60;97,90;0;-0,40;3,50;30;2,50;2,90;
2026-06-22 06:34:00.0;OFF;ON;50;2,90;5,10;2,70;0,60;97,90;0;-0,30;3,50;30;2,50;2,90;
2026-06-22 06:35:00.0;OFF;ON;50;3;5,20;2,70;0,60;97,90;0;-0,30;3,50;30;2,60;3;
2026-06-22 06:36:00.0;OFF;ON;50;2,80;5,20;2,70;0,60;98;0;-0,10;3,50;30;2,60;3;
2026-06-22 06:37:00.0;OFF;ON;50;2,90;5,20;2,70;0,60;98;0;-0,20;3,50;30;2,60;3;
2026-06-22 06:38:00.0;OFF;ON;50;2,60;5,20;2,70;0,60;97,90;0;0;3,50;30;2,60;2,90;
2026-06-22 06:39:00.0;OFF;ON;50;2,80;5,20;2,70;0,60;98;0;-0,10;3,50;30;2,50;2,80;
2026-06-22 06:40:00.0;OFF;ON;50;2,60;5,20;2,60;0,60;97,90;0;0,10;3,50;30;2,50;2,80;
2026-06-22 06:41:00.0;OFF;ON;50;2,90;5,10;2,60;0,60;97,90;0;-0,30;3,50;30;2,50;2,80;
2026-06-22 06:42:00.0;OFF;ON;50;2,90;5,10;2,60;0,60;97,90;0;-0,30;3,50;30;2,50;2,90;
2026-06-22 06:43:00.0;OFF;ON;50;2,80;5,10;2,70;0,60;97,90;0;-0,20;3,50;30;2,60;3;
2026-06-22 06:44:00.0;OFF;ON;50;2,70;5,20;2,70;0,60;97,90;0;-0,10;3,50;30;2,60;2,90;
2026-06-22 06:45:00.0;OFF;ON;50;2,70;5,20;2,70;0,60;97,90;0;0;3,50;30;2,50;2,90;
2026-06-22 06:46:00.0;OFF;ON;50;2,60;5,20;2,60;0,60;97,90;0;0,10;3,50;30;2,50;2,80;
2026-06-22 06:47:00.0;OFF;ON;50;2,50;5,10;2,60;0,60;97,90;0;0,10;3,50;30;2,50;2,80;
2026-06-22 06:48:00.0;OFF;ON;50;2,60;5,10;2,60;0,60;97,90;0;0;3,50;30;2,50;2,80;
2026-06-22 06:49:00.0;OFF;ON;50;2,60;5,10;2,60;0,60;97,90;0;0;3,50;30;2,50;2,70;
2026-06-22 06:50:00.0;OFF;ON;50;2,60;5,10;2,50;0,60;97,80;0;0;3,50;30;2,40;2,70;
2026-06-22 06:51:00.0;OFF;ON;50;2,50;5;2,50;0,60;97,80;0;0,10;3,50;30;2,40;2,70;
2026-06-22 06:52:00.0;OFF;ON;50;2,60;5;2,50;0,60;97,80;0;-0,10;3,50;30;2,40;2,70;
2026-06-22 06:53:00.0;OFF;ON;50;2,20;5;2,50;0,60;97,70;0;0,30;3,50;30;2,40;2,70;
2026-06-22 06:54:00.0;OFF;ON;50;2,40;5;2,50;0,60;97,70;0;0,10;3,50;30;2,40;2,60;
2026-06-22 06:55:00.0;OFF;ON;50;2,40;5;2,50;0,60;97,70;0;0,10;3,50;30;2,40;2,60;
2026-06-22 06:56:00.0;OFF;ON;50;2,30;5;2,50;0,60;97,70;0;0,20;3,50;30;2,40;2,60;
2026-06-22 06:57:00.0;OFF;ON;50;2;5;2,50;0,60;97,60;0;0,50;3,50;30;2,40;2,50;
2026-06-22 06:58:00.0;OFF;ON;50;2,10;4,90;2,40;0,60;97,60;0;0,40;3,50;30;2,30;2,50;
2026-06-22 06:59:00.0;OFF;ON;50;1,80;4,90;2,40;0,60;97,50;0;0,60;3,50;30;2,30;2,40;
2026-06-22 07:00:00.0;OFF;ON;50;2;4,90;2,30;0,60;97,40;0;0,30;3,50;30;2,20;2,30;
2026-06-22 07:01:00.0;OFF;ON;50;2,10;4,80;2,30;0,60;97,20;0;0,20;3,50;30;2,20;2,30;
2026-06-22 07:02:00.0;OFF;ON;50;2,40;4,80;2,30;0,60;97,20;0;-0,10;3,50;30;2,20;2,40;
2026-06-22 07:03:00.0;OFF;ON;50;2,40;4,80;2,30;0,60;97,20;0;-0,10;3,50;30;2,20;2,40;
2026-06-22 07:04:00.0;OFF;ON;50;2,40;4,80;2,40;0,50;97,30;0;0;3,50;30;2,30;2,50;
2026-06-22 07:05:00.0;OFF;ON;50;2,40;4,90;2,40;0,50;97,30;0;0;3,50;30;2,30;2,60;
2026-06-22 07:06:00.0;OFF;ON;50;2,60;4,90;2,40;0,50;97,40;0;-0,20;3,50;30;2,30;2,60;
2026-06-22 07:07:00.0;OFF;ON;50;2,60;4,90;2,40;0,50;97,50;0;-0,20;3,50;30;2,30;2,60;
2026-06-22 07:08:00.0;OFF;ON;50;2,60;4,90;2,50;0,50;97,50;0;-0,10;3,50;30;2,40;2,70;
2026-06-22 07:09:00.0;OFF;ON;50;2,60;5;2,50;0,50;97,60;0;-0,10;3,50;30;2,40;2,70;
2026-06-22 07:10:00.0;OFF;ON;50;2,80;5;2,50;0,50;97,60;0;-0,30;3,50;30;2,40;2,70;
2026-06-22 07:11:00.0;OFF;ON;50;2,90;5;2,50;0,50;97,70;0;-0,40;3,50;30;2,40;2,80;
2026-06-22 07:12:00.0;OFF;ON;50;2,80;5;2,50;0,50;97,70;0;-0,20;3,50;30;2,40;2,80;
2026-06-22 07:13:00.0;OFF;ON;50;2,80;5,10;2,60;0,50;97,80;0;-0,20;3,50;30;2,50;2,90;
2026-06-22 07:14:00.0;OFF;ON;50;2,90;5,10;2,60;0,50;97,80;0;-0,30;3,50;30;2,50;2,90;
2026-06-22 07:15:00.0;OFF;ON;50;2,90;5,10;2,60;0,50;97,80;0;-0,30;3,50;30;2,50;2,90;
2026-06-22 07:16:00.0;OFF;ON;50;2,90;5,10;2,60;0,50;97,80;0;-0,30;3,50;30;2,50;2,90;
2026-06-22 07:17:00.0;OFF;ON;50;2,90;5,10;2,70;0,50;98;0;-0,30;3,50;30;2,50;3;
2026-06-22 07:18:00.0;OFF;ON;50;3;5,20;2,70;0,50;98;0;-0,30;3,50;30;2,50;2,90;
2026-06-22 07:19:00.0;OFF;ON;50;3;5,20;2,70;0,50;98;0;-0,30;3,50;30;2,50;3;
2026-06-22 07:20:00.0;OFF;ON;50;3;5,20;2,70;0,50;98;0;-0,30;3,50;30;2,60;3;
2026-06-22 07:21:00.0;OFF;ON;50;3;5,20;2,70;0,50;98,10;0;-0,20;3,50;30;2,60;3,10;
2026-06-22 07:22:00.0;OFF;ON;50;3,20;5,30;2,80;0,50;98,10;0;-0,50;3,50;30;2,60;3,10;
2026-06-22 07:23:00.0;OFF;ON;50;3,10;5,20;2,70;0,50;98,10;0;-0,40;3,50;30;2,60;3,10;
2026-06-22 07:24:00.0;OFF;ON;50;3,10;5,20;2,80;0,50;98,10;0;-0,30;3,50;30;2,60;3,10;
2026-06-22 07:25:00.0;OFF;ON;50;3,10;5,30;2,80;0,50;98,20;0;-0,30;3,50;30;2,60;3,10;
2026-06-22 07:26:00.0;OFF;ON;50;3,20;5,30;2,80;0,50;98,20;0;-0,40;3,50;30;2,60;3,10;
2026-06-22 07:27:00.0;OFF;ON;50;3,30;5,30;2,80;0,50;98,20;0;-0,50;3,50;30;2,60;3,10;
2026-06-22 07:28:00.0;OFF;ON;50;3,30;5,30;2,80;0,50;98,20;0;-0,50;3,50;30;2,70;3,20;
2026-06-22 07:29:00.0;OFF;ON;50;3,10;5,30;2,80;0,50;98,20;0;-0,30;3,50;30;2,70;3,20;
2026-06-22 07:30:00.0;OFF;ON;50;3,30;5,30;2,80;0,50;98,20;0;-0,50;3,50;30;2,70;3,20;
2026-06-22 07:31:00.0;OFF;ON;50;3,30;5,30;2,80;0,50;98,20;0;-0,50;3,50;30;2,70;3,20;
2026-06-22 07:32:00.0;OFF;ON;50;3,30;5,30;2,80;0,50;98,20;0;-0,50;3,50;30;2,70;3,30;
2026-06-22 07:33:00.0;OFF;ON;50;3,40;5,40;2,90;0,50;98,20;0;-0,50;3,50;30;2,70;3,30;
2026-06-22 07:34:00.0;OFF;ON;50;3,50;5,40;2,90;0,50;98,20;0;-0,60;3,50;30;2,70;3,20;
2026-06-22 07:35:00.0;OFF;ON;50;3,40;5,40;2,90;0,50;98,20;0;-0,50;3,50;30;2,70;3,30;
2026-06-22 07:36:00.0;OFF;ON;50;3,30;5,40;2,90;0,50;98,20;0;-0,50;3,50;30;2,80;3,30;
2026-06-22 07:37:00.0;OFF;ON;50;3,40;5,40;2,90;0,50;98,20;0;-0,50;3,50;30;2,80;3,30;
2026-06-22 07:38:00.0;OFF;ON;50;3,60;5,40;2,90;0,50;98,20;0;-0,60;3,50;30;2,80;3,30;
2026-06-22 07:39:00.0;OFF;ON;50;3,50;5,40;2,90;0,50;98,20;0;-0,60;3,50;30;2,80;3,30;
2026-06-22 07:40:00.0;OFF;ON;50;3,50;5,40;3;0,50;98,20;0;-0,60;3,50;30;2,80;3,40;
2026-06-22 07:41:00.0;OFF;ON;50;3,50;5,50;3;0,50;98,20;0;-0,50;3,50;30;2,80;3,40;
2026-06-22 07:42:00.0;OFF;ON;50;3,60;5,50;3;0,50;98,20;0;-0,60;3,50;30;2,80;3,40;
2026-06-22 07:43:00.0;OFF;ON;50;3,60;5,50;3;0,50;98,20;0;-0,60;3,50;30;2,80;3,40;
2026-06-22 07:44:00.0;OFF;ON;50;3,50;5,50;3;0,50;98,20;0;-0,50;3,50;30;2,80;3,40;
2026-06-22 07:45:00.0;OFF;ON;50;3,50;5,50;3;0,50;98,20;0;-0,50;3,50;30;2,90;3,50;
2026-06-22 07:46:00.0;OFF;ON;50;3,70;5,60;3,10;0,50;98,20;0;-0,60;3,50;30;2,90;3,50;
2026-06-22 07:47:00.0;OFF;ON;50;3,60;5,60;3,10;0,50;98,20;0;-0,60;3,50;30;2,90;3,50;
2026-06-22 07:48:00.0;OFF;ON;50;3,70;5,60;3,10;0,50;98,20;0;-0,60;3,50;30;2,90;3,50;
2026-06-22 07:49:00.0;OFF;ON;50;3,60;5,60;3,10;0,50;98,20;0;-0,50;3,50;30;2,90;3,50;
2026-06-22 07:50:00.0;OFF;ON;50;3,70;5,60;3,10;0,50;98,20;0;-0,50;3,50;30;3;3,50;
2026-06-22 07:51:00.0;OFF;ON;50;3,60;5,60;3,10;0,50;98,20;0;-0,50;3,50;30;3;3,50;
2026-06-22 07:52:00.0;OFF;ON;50;3,70;5,60;3,10;0,50;98,20;0;-0,60;3,50;30;3;3,60;
2026-06-22 07:53:00.0;OFF;ON;50;3,70;5,60;3,20;0,50;98,20;0;-0,50;3,50;30;3;3,60;
2026-06-22 07:54:00.0;OFF;ON;50;3,70;5,70;3,20;0,50;98,20;0;-0,50;3,50;30;3;3,60;
2026-06-22 07:55:00.0;OFF;ON;50;3,70;5,70;3,20;0,50;98,20;0;-0,50;3,50;30;3;3,60;
2026-06-22 07:56:00.0;OFF;ON;50;3,70;5,70;3,20;0,50;98,20;0;-0,50;3,50;30;3,10;3,60;
2026-06-22 07:57:00.0;OFF;ON;50;3,70;5,70;3,20;0,50;98,20;0;-0,50;3,50;30;3,10;3,70;
2026-06-22 07:58:00.0;OFF;ON;50;3,70;5,70;3,20;0,50;98,20;0;-0,50;3,50;30;3,10;3,60;
2026-06-22 07:59:00.0;OFF;ON;50;3,60;5,70;3,20;0,50;98,20;0;-0,30;3,50;30;3,10;3,60;
2026-06-22 08:00:00.0;OFF;ON;50;3,40;5,70;3,20;0,50;98,20;0;-0,20;3,50;30;3,10;3,60;
2026-06-22 08:01:00.0;OFF;ON;50;3,60;5,70;3,20;0,50;98,20;0;-0,40;3,50;30;3,10;3,50;
2026-06-22 08:02:00.0;OFF;ON;50;3,70;5,70;3,20;0,50;98,20;0;-0,50;3,50;30;3,10;3,50;
2026-06-22 08:03:00.0;OFF;ON;50;3,80;5,70;3,20;0,50;98,20;0;-0,60;3,50;30;3,10;3,60;
2026-06-22 08:04:00.0;OFF;ON;50;3,90;5,70;3,20;0,50;98,20;0;-0,70;3,50;30;3,10;3,70;
2026-06-22 08:05:00.0;OFF;ON;50;3,90;5,70;3,20;0,50;98,20;0;-0,60;3,50;30;3,10;3,70;
2026-06-22 08:06:00.0;OFF;ON;50;4;5,80;3,30;0,50;98,20;0;-0,70;3,50;30;3,10;3,80;
2026-06-22 08:07:00.0;OFF;ON;50;4;5,80;3,30;0,40;98,20;0;-0,70;3,50;30;3,20;3,80;
2026-06-22 08:08:00.0;OFF;ON;50;4;5,80;3,30;0,40;98,20;0;-0,70;3,50;30;3,20;3,80;
2026-06-22 08:09:00.0;OFF;ON;50;4;5,80;3,30;0,40;98,20;0;-0,70;3,50;30;3,20;3,80;
2026-06-22 08:10:00.0;OFF;ON;50;4,10;5,80;3,30;0,40;98,20;0;-0,70;3,50;30;3,20;3,90;
2026-06-22 08:11:00.0;OFF;ON;50;4,20;5,90;3,40;0,40;98,20;0;-0,80;3,50;30;3,30;3,90;
2026-06-22 08:12:00.0;OFF;ON;50;4,10;5,90;3,40;0,40;98,20;0;-0,70;3,50;30;3,30;3,90;
2026-06-22 08:13:00.0;OFF;ON;50;4,20;5,90;3,40;0,40;98,20;0;-0,80;3,50;30;3,30;4;
2026-06-22 08:14:00.0;OFF;ON;50;4,20;5,90;3,40;0,40;98,20;0;-0,80;3,50;30;3,30;4;
2026-06-22 08:15:00.0;OFF;ON;50;4,20;5,90;3,40;0,40;98,20;0;-0,70;3,50;30;3,40;4;
2026-06-22 08:16:00.0;OFF;ON;50;4,30;5,90;3,50;0,40;98,20;0;-0,90;3,50;30;3,40;4;
2026-06-22 08:17:00.0;OFF;ON;50;4,40;6;3,50;0,40;98,20;0;-0,90;3,50;30;3,40;4,10;
2026-06-22 08:18:00.0;OFF;ON;50;4,20;6;3,50;0,40;98,20;0;-0,70;3,50;30;3,40;4,10;
2026-06-22 08:19:00.0;OFF;ON;50;4,30;6;3,50;0,40;98,20;0;-0,80;3,50;30;3,40;4,10;
2026-06-22 08:20:00.0;OFF;ON;50;4,40;6;3,50;0,40;98,20;0;-0,90;3,50;30;3,50;4,10;
2026-06-22 08:21:00.0;OFF;ON;50;4,30;6;3,50;0,40;98,20;0;-0,80;3,50;30;3,50;4,10;
2026-06-22 08:22:00.0;OFF;ON;50;4,40;6,10;3,60;0,40;98,20;0;-0,80;3,50;30;3,50;4,20;
2026-06-22 08:23:00.0;OFF;ON;50;4,50;6,10;3,60;0,40;98,20;0;-0,90;3,50;30;3,50;4,20;
2026-06-22 08:24:00.0;OFF;ON;50;4,40;6,10;3,60;0,40;98,20;0;-0,80;3,50;30;3,50;4,20;
2026-06-22 08:25:00.0;OFF;ON;50;4,50;6,10;3,60;0,40;98,20;0;-0,80;3,50;30;3,50;4,20;
2026-06-22 08:26:00.0;OFF;ON;50;4,40;6,20;3,70;0,40;98,20;0;-0,80;3,50;30;3,60;4,20;
2026-06-22 08:27:00.0;OFF;ON;50;4,50;6,20;3,70;0,40;98,20;0;-0,90;3,50;30;3,60;4,30;
2026-06-22 08:28:00.0;OFF;ON;50;4,60;6,20;3,70;0,40;98,20;0;-0,90;3,50;30;3,60;4,30;
2026-06-22 08:29:00.0;OFF;ON;50;4,60;6,20;3,70;0,40;98,20;0;-0,90;3,50;30;3,60;4,30;
2026-06-22 08:30:00.0;OFF;ON;50;4,60;6,20;3,70;0,40;98,20;0;-0,90;3,50;30;3,70;4,40;
2026-06-22 08:31:00.0;OFF;ON;50;4,60;6,20;3,80;0,40;98,20;0;-0,80;3,50;30;3,70;4,40;
2026-06-22 08:32:00.0;OFF;ON;50;4,70;6,30;3,80;0,40;98,20;0;-0,90;3,50;30;3,70;4,40;
2026-06-22 08:33:00.0;OFF;ON;50;4,70;6,30;3,80;0,40;98,20;0;-0,90;3,50;30;3,70;4,40;
2026-06-22 08:34:00.0;OFF;ON;50;4,60;6,30;3,80;0,40;98,20;0;-0,80;3,50;30;3,70;4,40;
2026-06-22 08:35:00.0;OFF;ON;50;4,70;6,30;3,80;0,40;98,20;0;-0,90;3,50;30;3,70;4,40;
2026-06-22 08:36:00.0;OFF;ON;50;4,80;6,30;3,80;0,40;98,20;0;-1;3,50;30;3,70;4,50;
2026-06-22 08:37:00.0;OFF;ON;50;4,80;6,30;3,80;0,40;98,20;0;-0,90;3,50;30;3,80;4,50;
2026-06-22 08:38:00.0;OFF;ON;50;4,70;6,30;3,90;0,40;98,20;0;-0,90;3,50;30;3,80;4,50;
2026-06-22 08:39:00.0;OFF;ON;50;4,80;6,40;3,90;0,40;98,20;0;-0,90;3,50;30;3,80;4,50;
2026-06-22 08:40:00.0;OFF;ON;50;4,80;6,40;3,90;0,40;98,20;0;-0,90;3,50;30;3,80;4,50;
2026-06-22 08:41:00.0;OFF;ON;50;4,80;6,40;3,90;0,40;98,20;0;-0,90;3,50;30;3,80;4,50;
2026-06-22 08:42:00.0;OFF;ON;50;4,80;6,40;3,90;0,40;98,20;0;-0,90;3,50;30;3,90;4,60;
2026-06-22 08:43:00.0;OFF;ON;50;4,80;6,40;3,90;0,40;98,20;0;-0,90;3,50;30;3,90;4,60;
2026-06-22 08:44:00.0;OFF;ON;50;4,80;6,40;3,90;0,40;98,20;0;-0,90;3,50;30;3,90;4,60;
2026-06-22 08:45:00.0;OFF;ON;50;4,90;6,50;4;0,40;98,20;0;-0,90;3,50;30;3,90;4,60;
2026-06-22 08:46:00.0;OFF;ON;50;4,80;6,50;4;0,40;98,20;0;-0,90;3,50;30;3,90;4,60;
2026-06-22 08:47:00.0;OFF;ON;50;4,80;6,50;4;0,40;98,20;0;-0,80;3,50;30;3,90;4,60;
2026-06-22 08:48:00.0;OFF;ON;50;4,90;6,50;4;0,40;98,20;0;-0,90;3,50;30;4;4,70;
2026-06-22 08:49:00.0;OFF;ON;50;4,90;6,50;4;0,40;98,20;0;-0,80;3,50;30;4;4,70;
2026-06-22 08:50:00.0;OFF;ON;50;5;6,50;4;0,40;98,20;0;-0,90;3,50;30;4;4,70;
2026-06-22 08:51:00.0;OFF;ON;50;4,90;6,50;4;0,40;98,20;0;-0,90;3,50;30;4;4,70;
2026-06-22 08:52:00.0;OFF;ON;50;5;6,50;4,10;0,40;98,20;0;-0,90;3,50;30;4;4,70;
2026-06-22 08:53:00.0;OFF;ON;50;5;6,60;4,10;0,40;98,20;0;-0,90;3,50;30;4;4,70;
2026-06-22 08:54:00.0;OFF;ON;50;5;6,60;4,10;0,40;98,20;0;-0,90;3,50;30;4;4,70;
2026-06-22 08:55:00.0;OFF;ON;50;5;6,60;4,10;0,40;98,20;0;-0,90;3,50;30;4;4,80;
2026-06-22 08:56:00.0;OFF;ON;50;5;6,60;4,10;0,40;98,20;0;-0,90;3,50;30;4,10;4,80;
2026-06-22 08:57:00.0;OFF;ON;50;5;6,60;4,10;0,40;98,20;0;-0,90;3,50;30;4,10;4,80;
2026-06-22 08:58:00.0;OFF;ON;50;4,90;6,60;4,10;0,40;98,20;0;-0,80;3,50;30;4,10;4,80;
2026-06-22 08:59:00.0;OFF;ON;50;5;6,60;4,10;0,40;98,20;0;-0,90;3,50;30;4,10;4,80;
2026-06-22 09:00:00.0;OFF;ON;50;4,80;6,60;4,10;0,40;98,20;0;-0,60;3,50;30;4,10;4,70;
2026-06-22 09:01:00.0;OFF;ON;50;4,60;6,60;4,10;0,40;98,20;0;-0,50;3,50;30;4;4,70;
2026-06-22 09:02:00.0;OFF;ON;50;4,30;6,60;4,10;0,40;98,20;0;-0,30;3,50;30;4;4,50;
2026-06-22 09:03:00.0;OFF;ON;50;4,30;6,50;4;0,40;98,20;0;-0,20;3,50;30;3,90;4,40;
2026-06-22 09:04:00.0;OFF;ON;50;4,20;6,50;4;0,40;98,20;0;-0,20;3,50;30;3,90;4,40;
2026-06-22 09:05:00.0;OFF;ON;50;4;6,40;3,90;0,40;98,20;0;-0,10;3,50;30;3,80;4,20;
2026-06-22 09:06:00.0;OFF;ON;50;3,80;6,40;3,80;0,40;98,20;0;0;3,50;30;3,70;4,10;
2026-06-22 09:07:00.0;OFF;ON;50;3,90;6,30;3,80;0,40;98,20;0;-0,10;3,50;30;3,70;4;
2026-06-22 09:08:00.0;OFF;ON;50;3,70;6,20;3,70;0,40;98,20;0;0;3,50;30;3,60;4;
2026-06-22 09:09:00.0;OFF;ON;50;3,60;6,20;3,70;0,40;98,20;0;0,10;3,50;30;3,60;3,80;
2026-06-22 09:10:00.0;OFF;ON;50;3,50;6,10;3,60;0,40;98,20;0;0,10;3,50;30;3,50;3,70;
2026-06-22 09:11:00.0;OFF;ON;50;3,30;6,10;3,60;0,40;98,20;0;0,30;3,50;30;3,40;3,70;
2026-06-22 09:12:00.0;OFF;ON;50;3,20;6,10;3,50;0,40;98,20;0;0,30;3,50;30;3,40;3,60;
2026-06-22 09:13:00.0;OFF;ON;50;3,20;6;3,50;0,40;98,20;0;0,30;3,50;30;3,30;3,50;
2026-06-22 09:14:00.0;OFF;ON;50;3,20;6;3,40;0,40;98,20;0;0,20;3,50;30;3,30;3,50;
2026-06-22 09:15:00.0;OFF;ON;50;3,10;5,90;3,40;0,40;98,20;0;0,30;3,50;30;3,20;3,40;
2026-06-22 09:16:00.0;OFF;ON;50;3;5,90;3,40;0,40;98,10;0;0,40;3,50;30;3,20;3,40;
2026-06-22 09:17:00.0;OFF;ON;50;3;5,80;3,30;0,40;98;0;0,30;3,50;30;3,20;3,30;
2026-06-22 09:18:00.0;OFF;ON;50;2,90;5,80;3,30;0,40;98;0;0,40;3,50;30;3,10;3,30;
2026-06-22 09:19:00.0;OFF;ON;50;2,90;5,80;3,30;0,40;97,90;0;0,40;3,50;30;3,10;3,20;
2026-06-22 09:20:00.0;OFF;ON;50;2,90;5,70;3,20;0,40;97,90;0;0,30;3,50;30;3;3,20;
2026-06-22 09:21:00.0;OFF;ON;50;2,80;5,70;3,20;0,40;97,80;0;0,40;3,50;30;3;3,10;
2026-06-22 09:22:00.0;OFF;ON;50;2,80;5,70;3,20;0,40;97,80;0;0,40;3,50;30;3;3,10;
2026-06-22 09:23:00.0;OFF;ON;50;2,70;5,70;3,20;0,40;97,80;0;0,40;3,50;30;3;3,10;
2026-06-22 09:24:00.0;OFF;ON;50;2,80;5,60;3,10;0,40;97,70;0;0,30;3,50;30;2,90;3,10;
2026-06-22 09:25:00.0;OFF;ON;50;2,80;5,60;3,10;0,40;97,60;0;0,30;3,50;30;2,90;3;
2026-06-22 09:26:00.0;OFF;ON;50;2,70;5,60;3,10;0,40;97,50;0;0,40;3,50;30;2,90;3;
2026-06-22 09:27:00.0;OFF;ON;50;2,60;5,50;3;0,40;97,50;0;0,50;3,50;30;2,90;3;
2026-06-22 09:28:00.0;OFF;ON;50;2,60;5,50;3;0,40;97,40;0;0,40;3,50;30;2,80;2,90;
2026-06-22 09:29:00.0;OFF;ON;50;2,70;5,50;3;0,40;97,40;0;0,30;3,50;30;2,80;2,90;
2026-06-22 09:30:00.0;OFF;ON;50;2,60;5,50;3;0,40;97,40;0;0,40;3,50;30;2,80;2,90;
2026-06-22 09:31:00.0;OFF;ON;50;2,60;5,50;3;0,40;97,30;0;0,30;3,50;30;2,80;2,90;
2026-06-22 09:32:00.0;OFF;ON;50;2,60;5,50;2,90;0,40;97,30;0;0,30;3,50;30;2,70;2,90;
2026-06-22 09:33:00.0;OFF;ON;50;2,50;5,40;2,90;0,40;97,30;0;0,40;3,50;30;2,70;2,80;
2026-06-22 09:34:00.0;OFF;ON;50;2,60;5,40;2,90;0,40;97,20;0;0,30;3,50;30;2,70;2,80;
2026-06-22 09:35:00.0;OFF;ON;50;2,50;5,40;2,90;0,40;97,20;0;0,40;3,50;30;2,70;2,80;
2026-06-22 09:36:00.0;OFF;ON;50;2,40;5,40;2,80;0,40;97,20;0;0,40;3,50;30;2,70;2,80;
2026-06-22 09:37:00.0;OFF;ON;50;2,50;5,30;2,80;0,40;97,20;0;0,30;3,50;30;2,70;2,80;
2026-06-22 09:38:00.0;OFF;ON;50;2,40;5,30;2,80;0,40;97,10;0;0,40;3,50;30;2,60;2,80;
2026-06-22 09:39:00.0;OFF;ON;50;2,30;5,30;2,70;0,40;97,10;0;0,30;3,50;30;2,60;2,70;
2026-06-22 09:40:00.0;OFF;ON;50;2,40;5,20;2,70;0,40;97;0;0,40;3,50;30;2,60;2,70;
2026-06-22 09:41:00.0;OFF;ON;50;2,20;5,20;2,70;0,40;96,80;0;0,30;3,50;30;2,60;2,70;
2026-06-22 09:42:00.0;OFF;ON;50;2,30;5,20;2,60;0,40;96,80;0;0,20;3,50;30;2,50;2,60;
2026-06-22 09:43:00.0;OFF;ON;50;2,30;5,10;2,60;0,40;96,80;0;0,30;3,50;30;2,50;2,60;
2026-06-22 09:44:00.0;OFF;ON;50;2,20;5,10;2,60;0,40;96,70;0;0,30;3,50;30;2,50;2,60;
2026-06-22 09:45:00.0;OFF;ON;50;2,30;5,10;2,60;0,40;96,70;0;0,40;3,50;30;2,50;2,50;
2026-06-22 09:46:00.0;OFF;ON;50;2,20;5,10;2,60;0,10;96,80;0;0,40;3,50;30;2,40;2,50;
2026-06-22 09:47:00.0;OFF;ON;50;2,30;5,10;2,60;0,10;96,80;0;0,30;3,50;30;2,40;2,50;
2026-06-22 09:48:00.0;OFF;ON;50;2,20;5,10;2,60;0,10;96,80;0,30;0,30;3,50;30;2,40;2,50;
2026-06-22 09:49:00.0;OFF;ON;50;2,30;5,10;2,60;0,10;96,80;0;0,40;3,50;30;2,40;2,50;
2026-06-22 09:50:00.0;OFF;ON;50;2,20;5,10;2,60;0,20;96,80;0;0,40;3,50;30;2,40;2,50;
2026-06-22 09:51:00.0;OFF;ON;50;2,20;5,10;2,60;0,30;96,80;0;0,40;3,50;30;2,50;2,50;
2026-06-22 09:52:00.0;OFF;ON;50;2,30;5,10;2,60;0,30;96,80;0;0,30;3,50;30;2,50;2,50;
2026-06-22 09:53:00.0;OFF;ON;50;2,30;5,10;2,60;0,30;96,80;0;0,30;3,50;30;2,50;2,50;
2026-06-22 09:54:00.0;OFF;ON;50;2,30;5,10;2,60;0,30;96,90;0;0,20;3,50;30;2,50;2,50;
2026-06-22 09:55:00.0;OFF;ON;50;2,30;5,10;2,60;0,10;96,80;0;0,40;3,50;30;2,40;2,50;
2026-06-22 09:56:00.0;OFF;ON;50;2,10;5,20;2,70;0;96,80;0;0,50;3,50;30;2,40;2,50;
2026-06-22 09:57:00.0;OFF;ON;50;2,20;5,10;2,50;-0,10;96,80;0;0,30;3,50;30;2,40;2,50;
2026-06-22 09:58:00.0;OFF;ON;50;2,20;5;2,50;-0,10;96,80;0;0,30;3,50;30;2,40;2,50;
2026-06-22 09:59:00.0;OFF;ON;50;2,10;5;2,50;0;96,70;0;0,40;3,50;30;2,40;2,40;
2026-06-22 10:00:00.0;OFF;ON;50;2,20;5;2,40;0;96,70;0;0,30;3,50;30;2,40;2,40;
2026-06-22 10:01:00.0;OFF;ON;50;2;4,90;2,40;0;96,70;0;0,40;3,50;30;2,40;2,40;
2026-06-22 10:02:00.0;OFF;ON;50;2,10;4,90;2,40;0;96,70;0;0,30;3,50;30;2,40;2,40;
2026-06-22 10:03:00.0;OFF;ON;50;2;4,90;2,40;-0,10;96,70;0;0,40;3,50;30;2,30;2,40;
2026-06-22 10:04:00.0;OFF;ON;50;2,10;4,90;2,40;0;96,70;0;0,30;3,50;30;2,30;2,40;
2026-06-22 10:05:00.0;OFF;ON;50;2,10;4,90;2,40;0;96,70;0;0,30;3,50;30;2,30;2,40;
2026-06-22 10:06:00.0;OFF;ON;50;2,10;4,90;2,40;-0,10;96,70;0;0,30;3,50;30;2,30;2,40;
2026-06-22 10:07:00.0;OFF;ON;50;2,10;4,90;2,40;-0,10;96,70;0;0,30;3,50;30;2,30;2,30;
2026-06-22 10:08:00.0;OFF;ON;50;2,10;4,90;2,40;0;96,80;0;0,40;3,50;30;2,30;2,30;
2026-06-22 10:09:00.0;OFF;ON;50;2;4,90;2,40;0;96,80;0;0,40;3,50;30;2,30;2,30;
2026-06-22 10:10:00.0;OFF;ON;50;2,10;4,90;2,40;0,10;96,80;0;0,30;3,50;30;2,30;2,30;
2026-06-22 10:11:00.0;OFF;ON;50;2,20;4,90;2,40;0;96,80;0;0,30;3,50;30;2,30;2,40;
2026-06-22 10:12:00.0;OFF;ON;50;2,10;4,90;2,40;0;96,90;0;0,30;3,50;30;2,30;2,40;
2026-06-22 10:13:00.0;OFF;ON;50;2,10;4,90;2,40;-0,10;96,90;0;0,30;3,50;30;2,30;2,40;
2026-06-22 10:14:00.0;OFF;ON;50;2,10;4,90;2,40;-0,10;97;0;0,30;3,50;30;2,30;2,40;
2026-06-22 10:15:00.0;OFF;ON;50;2,20;4,90;2,40;-0,10;97;0;0,20;3,50;30;2,30;2,40;
2026-06-22 10:16:00.0;OFF;ON;50;2,10;4,90;2,40;-0,10;97,10;0;0,30;3,50;30;2,30;2,40;
2026-06-22 10:17:00.0;OFF;ON;50;2,30;4,90;2,40;-0,10;97,10;0;0,20;3,50;30;2,30;2,40;
2026-06-22 10:18:00.0;OFF;ON;50;2,10;4,90;2,40;-0,10;97,10;0;0,30;3,50;30;2,30;2,40;
2026-06-22 10:19:00.0;OFF;ON;50;2,20;4,90;2,40;-0,10;97,20;0;0,30;3,50;30;2,30;2,40;
2026-06-22 10:20:00.0;OFF;ON;50;2,30;4,90;2,40;-0,10;97,20;0;0,20;3,50;30;2,30;2,40;
2026-06-22 10:21:00.0;OFF;ON;50;2,10;5;2,40;0;97,20;0;0,40;2;30;2,30;2,40;
2026-06-22 10:22:00.0;OFF;ON;50;2,20;0,50;2,60;0;97,30;0;0,40;2;39,60;2,40;2,40;
2026-06-22 10:23:00.0;OFF;ON;50;2,10;0,60;2,70;0;97,40;0;0,60;2;44,40;2,40;2,40;
2026-06-22 10:24:00.0;OFF;ON;50;2,20;0,70;2,60;0;97,40;0;0,40;2;48,60;2,40;2,40;
2026-06-22 10:25:00.0;OFF;ON;50;1,80;0,60;2,60;0;97,40;0;0,80;2;48,20;2,40;2,40;
2026-06-22 10:26:00.0;OFF;ON;50;1,60;0,60;2,60;0,10;97,50;0;0,90;2;49,70;2,40;2,30;
2026-06-22 10:27:00.0;ON;OFF;50;1,70;0,60;2,60;0;97,60;0;1;2;50,70;2,80;2,30;
2026-06-22 10:28:00.0;ON;OFF;50;1,60;0,60;2,60;0;97,60;0;1,10;2;51,90;2,70;2,30;
2026-06-22 10:29:00.0;ON;OFF;50;1,50;0,60;2,50;0;97,70;0;1;2;54,20;2,50;2,20;
2026-06-22 10:30:00.0;ON;OFF;50;1,30;0,50;2,30;0;97,60;0;1,10;2;55,30;2,30;2,10;
2026-06-22 10:31:00.0;ON;OFF;50;1,20;0,30;2,20;0;97,40;0;1,10;2;56,80;2,10;2;
2026-06-22 10:32:00.0;ON;OFF;50;0,90;0,20;2,20;-0,10;97,20;0;1,20;2;57,30;2;1,90;
2026-06-22 10:33:00.0;ON;OFF;50;0,90;0,20;2,10;-0,10;97,10;0;1,20;2;58,90;2;1,80;
2026-06-22 10:34:00.0;ON;OFF;50;0,70;0,10;2;-0,20;96,80;0;1,30;2;59,10;1,90;1,70;
2026-06-22 10:35:00.0;ON;OFF;50;0,60;0;2;-0,30;96,60;0;1,30;2;60,40;1,90;1,60;
2026-06-22 10:36:00.0;ON;OFF;50;0,60;-0,10;1,90;-0,20;96,30;0;1,30;2;61,80;1,80;1,50;
2026-06-22 10:37:00.0;ON;OFF;50;0,40;-0,20;1,80;-0,30;96,10;0;1,40;2;62,10;1,80;1,40;
2026-06-22 10:38:00.0;ON;OFF;50;0,30;-0,20;1,80;-0,30;95,90;0;1,50;2;62,90;1,70;1,30;
2026-06-22 10:39:00.0;ON;OFF;50;0,30;-0,10;1,90;-0,40;96,10;0;1,60;2;62,90;1,80;1,20;
2026-06-22 10:40:00.0;ON;OFF;50;0,40;-0,10;1,90;-0,50;96,70;0;1,50;2;64,10;1,80;1,20;
2026-06-22 10:41:00.0;ON;OFF;50;0,40;-0,10;1,90;-0,50;96,80;0;1,50;2;64,70;2;1,20;
2026-06-22 10:42:00.0;ON;OFF;50;0,40;-0,10;1,90;-0,60;96,80;0;1,60;2;65;2;1,30;
2026-06-22 10:43:00.0;ON;OFF;50;0,20;-0,20;1,80;-0,60;96,80;0;1,60;2;65,60;1,80;1,20;
2026-06-22 10:44:00.0;ON;OFF;50;0,10;-0,30;1,70;-0,70;96,70;0;1,70;2;65,90;1,60;1,10;
2026-06-22 10:45:00.0;ON;OFF;50;0,10;-0,20;1,80;-0,70;96,80;0;1,80;2;66;1,60;1;
2026-06-22 10:46:00.0;ON;OFF;50;0;-0,10;1,90;-0,50;96,80;0;1,90;2;65,60;1,60;1;
2026-06-22 10:47:00.0;ON;OFF;50;0,10;-0,20;1,80;3,20;96,90;0;1,80;2;66,50;1,60;0,90;
2026-06-22 10:48:00.0;ON;OFF;50;-0,10;-0,40;1,60;2,30;96,80;0;1,80;2;66,90;1,50;0,90;
2026-06-22 10:49:00.0;ON;OFF;50;-0,10;-0,50;1,50;0,80;96,80;0;1,60;2;68,20;1,40;0,80;
2026-06-22 10:50:00.0;ON;OFF;50;-0,30;-0,60;1,40;0,20;96,40;0;1,60;2;68,60;1,30;0,70;
2026-06-22 10:51:00.0;ON;OFF;50;-0,40;-0,80;1,20;-0,30;95,80;0;1,60;2;69,20;1,30;0,60;
2026-06-22 10:52:00.0;ON;OFF;50;-0,70;-0,90;1,10;-0,60;95,20;0;1,80;2;68,90;1,30;0,50;
2026-06-22 10:53:00.0;ON;OFF;50;-0,60;-1;1;-0,80;94,80;0;1,70;2;70;1,20;0,40;
2026-06-22 10:54:00.0;ON;OFF;50;-0,80;-1,10;0,90;-0,90;94,40;0;1,70;2;70,30;1,10;0,30;
2026-06-22 10:55:00.0;ON;OFF;50;-1;-1,20;0,80;-1,10;94;0;1,80;2;70,10;1,10;0,10;
2026-06-22 10:56:00.0;ON;OFF;50;-1,10;-1,30;0,70;-1,20;93,60;0;1,80;2;70,10;1;0;
2026-06-22 10:57:00.0;ON;OFF;50;-1,20;-1,30;0,70;-1,40;93,50;0;1,90;2;70,10;1,10;-0,10;
2026-06-22 10:58:00.0;ON;OFF;50;-1;-1,20;0,80;-1,50;93,60;0;1,80;2;70,80;1,30;-0,10;
2026-06-22 10:59:00.0;ON;OFF;50;-1,20;-1,20;0,80;-1,60;93,60;0;2;2;70,40;1,40;0;
2026-06-22 11:00:00.0;ON;OFF;50;-1,10;-1,20;0,80;-1,60;93,80;0;1,80;2;70,90;1,40;0;
2026-06-22 11:01:00.0;ON;OFF;50;-1,20;-1,20;0,90;-1,50;94,20;0;2;2;70,60;1,40;0;
2026-06-22 11:02:00.0;ON;OFF;50;-1,20;-1;1;-1,50;94,80;0;2,30;2;68,50;1,50;0;
2026-06-22 11:03:00.0;ON;OFF;50;-1,20;-0,60;1,40;-1,30;95,30;0;2,50;2;66,50;1,80;0,10;
2026-06-22 11:04:00.0;ON;OFF;50;-1;-0,50;1,50;-1,10;96;0;2,50;2;66;1,70;0,10;
2026-06-22 11:05:00.0;ON;OFF;50;-1;-0,50;1,50;-0,90;96,50;0;2,50;2;64,90;1,70;0,10;
2026-06-22 11:06:00.0;ON;OFF;50;-1;-0,40;1,60;-0,70;97,10;0;2,60;2;63,20;1,70;0,10;
2026-06-22 11:07:00.0;ON;OFF;50;-0,90;-0,20;1,80;-0,50;97,50;0;2,70;2;61,90;1,80;0,20;
2026-06-22 11:08:00.0;ON;OFF;50;-0,70;-0,10;1,90;-0,30;97,90;0;2,60;2;61,30;1,80;0,30;
2026-06-22 11:09:00.0;ON;OFF;50;-0,60;0,10;2,10;-0,10;98,20;0;2,70;2;60;1,80;0,30;
2026-06-22 11:10:00.0;ON;OFF;50;-0,50;0,20;2,20;0,30;98,30;0;2,80;2;58,10;1,90;0,50;
2026-06-22 11:11:00.0;ON;OFF;50;-0,30;0,50;2,50;0,50;98,30;0;2,80;2;56,30;2;0,60;
2026-06-22 11:12:00.0;ON;OFF;50;-0,10;0,60;2,60;0,70;98,30;0;2,60;2;56,60;2,10;0,60;
2026-06-22 11:13:00.0;ON;OFF;50;0,30;0,90;2,90;1;98,30;0;2,60;2;55,60;2,20;0,90;
2026-06-22 11:14:00.0;ON;OFF;50;0,40;1,20;3,20;1,40;98,30;0;2,80;2;53,10;2,40;1,20;
2026-06-22 11:15:00.0;ON;OFF;50;0,70;1,50;3,50;1,60;98,30;0;2,70;2;52,70;2,60;1,40;
2026-06-22 11:16:00.0;ON;OFF;50;1;1,80;3,80;1,80;98,30;0;2,80;2;50,90;2,80;1,60;
2026-06-22 11:17:00.0;ON;OFF;50;1,20;2;4;2;98,30;0;2,80;2;49,10;2,90;1,90;
2026-06-22 11:18:00.0;ON;OFF;50;1,50;2,30;4,30;2,10;98,30;0;2,80;2;48;3,10;2,20;
2026-06-22 11:19:00.0;ON;OFF;50;1,80;2,60;4,60;2,30;98,30;0;2,80;2;47;3,30;2,40;
2026-06-22 11:20:00.0;ON;OFF;50;2,20;2,90;4,90;2,40;98,30;0;2,70;2;46,10;3,60;2,70;
2026-06-22 11:21:00.0;ON;OFF;50;2,50;3,10;5,10;2,60;98,30;0;2,60;2;37,40;3,90;2,90;
2026-06-22 11:22:00.0;ON;OFF;50;3;3,30;5,30;2,70;98,30;0;2,30;2;39;4;3,20;
2026-06-22 11:23:00.0;ON;OFF;50;3,20;3,50;5,50;2,80;98,30;0;2,40;2;37,80;4,30;3,50;
2026-06-22 11:24:00.0;ON;OFF;50;3,50;3,80;5,80;3,10;98,30;0,10;2,30;2;38;4,60;3,90;
2026-06-22 11:25:00.0;ON;OFF;50;3,90;4;6;3,30;98,30;0;2,10;2;38,60;4,90;4,20;
2026-06-22 11:26:00.0;ON;OFF;50;4,10;4,30;6,30;3,60;98,30;1,50;2,20;2;38;5,20;4,50;
2026-06-22 11:27:00.0;ON;OFF;50;4,40;4,50;6,50;3,90;98,30;1,90;2,10;2;37,90;5,40;4,70;
2026-06-22 11:28:00.0;ON;OFF;50;4,50;4,80;6,80;4,20;98,30;0;2,30;2;36,60;5,40;4,80;
2026-06-22 11:29:00.0;ON;OFF;50;4,90;5;7;4,50;98,30;0;2,10;2;37,10;5,80;5,10;
2026-06-22 11:30:00.0;ON;OFF;50;4,90;5,10;7,10;4,70;98,30;0;2,20;2;36,10;5,90;5,30;
2026-06-22 11:31:00.0;ON;OFF;50;5,10;5,30;7,30;4,90;98,40;0;2,20;2;36,20;5,90;5,50;
2026-06-22 11:32:00.0;ON;OFF;50;5,30;5,40;7,40;5,20;98,40;0;2,10;2;36,50;6,10;5,70;
2026-06-22 11:33:00.0;ON;OFF;50;5,40;5,60;7,60;5,40;98,40;0;2,20;2;35,40;6,20;5,80;
2026-06-22 11:34:00.0;ON;OFF;50;5,60;5,80;7,80;5,60;98,40;0;2,20;2;35,10;6,60;6,10;
2026-06-22 11:35:00.0;ON;OFF;50;6;6;8;39,40;98,40;0;2;2;35,90;6,80;6,30;
2026-06-22 11:36:00.0;ON;OFF;50;6,20;6,10;8,10;42,20;98,40;113,10;1,90;2;37,10;6,70;6,50;
2026-06-22 11:37:00.0;ON;OFF;50;6,20;6,20;8,20;43;98,40;113,10;2;2;36,90;6,90;6,50;
2026-06-22 11:38:00.0;ON;OFF;50;6,30;6,30;8,30;43,20;98,40;113,10;2;2;36,90;7;6,70;
2026-06-22 11:39:00.0;ON;OFF;50;6,50;6,50;8,50;43,50;98,40;113,10;1,90;2;37,10;7;6,80;
2026-06-22 11:40:00.0;ON;OFF;50;6,80;6,60;8,60;43,70;98,40;113,10;1,80;2;38;7,20;7;
2026-06-22 11:41:00.0;ON;OFF;50;6,80;6,80;8,80;43,80;98,40;113,10;2;2;37,40;7,30;7,10;
2026-06-22 11:42:00.0;ON;OFF;50;6,90;6,90;8,90;43,80;98,40;113,10;2;2;37,50;7,40;7,20;
2026-06-22 11:43:00.0;ON;OFF;50;7,10;7,10;9,10;43,90;98,40;113,10;2;2;37,80;7,60;7,40;
2026-06-22 11:44:00.0;ON;OFF;50;7,40;7,30;9,30;44;98,40;113,10;1,90;2;37,70;7,80;7,50;
2026-06-22 11:45:00.0;ON;OFF;50;7,40;7,50;9,50;44;98,40;113,10;2;2;37,90;7,90;7,70;
2026-06-22 11:46:00.0;ON;OFF;50;7,70;7,70;9,70;44;98,40;113,10;2;2;36,80;8,20;7,90;
2026-06-22 11:47:00.0;ON;OFF;50;7,80;7,80;9,80;44;98,40;113,10;2;2;36,80;8,20;8;
2026-06-22 11:48:00.0;ON;OFF;50;8;8;10;44,10;98,50;113,10;2;2;36,80;8,20;8,10;
2026-06-22 11:49:00.0;ON;OFF;50;8,10;8,10;10,10;44,10;98,50;113,10;2;2;36,60;8,40;8,20;
2026-06-22 11:50:00.0;ON;OFF;50;8,30;8,30;10,30;44,10;98,50;113,10;2;2;36,40;8,50;8,40;
2026-06-22 11:51:00.0;ON;OFF;50;8,20;8,30;10,30;44,10;98,50;113,10;2,10;2;36;8,60;8,40;
2026-06-22 11:52:00.0;ON;OFF;50;8,30;8,50;10,50;44,10;98,50;113,10;2,20;2;35,60;8,90;8,60;
2026-06-22 11:53:00.0;ON;OFF;50;8,50;8,70;10,70;44,10;98,50;113,10;2,20;2;35,20;9,10;8,80;
2026-06-22 11:54:00.0;ON;OFF;50;8,60;8,90;10,90;44,10;98,50;113;2,30;2;34,60;9,20;8,90;
2026-06-22 11:55:00.0;ON;OFF;50;9;9;11;44,20;98,50;113;2;2;35,50;9,20;9;
2026-06-22 11:56:00.0;ON;OFF;50;8,90;9,10;11,10;44,20;98,50;113;2,20;2;34,40;9,20;9,10;
2026-06-22 11:57:00.0;ON;OFF;50;9;9,30;11,30;44,20;98,50;113;2,30;2;33,70;9,40;9,20;
2026-06-22 11:58:00.0;ON;OFF;50;9,20;9,40;11,40;44,20;98,50;113;2,10;2;34,20;9,40;9,30;
2026-06-22 11:59:00.0;ON;OFF;50;9,40;9,50;11,50;44,20;98,40;113;2,10;2;34,30;9,60;9,40;
2026-06-22 12:00:00.0;ON;OFF;50;9,60;9,70;11,70;44,20;98,50;113;2;2;34,10;9,70;9,60;
2026-06-22 12:01:00.0;ON;OFF;50;9,50;9,70;11,70;44,20;98,50;113;2,20;2;33,10;9,90;9,70;
2026-06-22 12:02:00.0;ON;OFF;50;9,70;9,90;11,90;44,20;98,50;113;2,20;2;32,70;10;9,80;
2026-06-22 12:03:00.0;ON;OFF;50;10;10;12;44,20;98,50;113;2,10;2;33,30;10,20;10;
2026-06-22 12:04:00.0;ON;OFF;50;10;10,20;12,20;44,20;98,50;112,90;2,20;2;32,30;10,40;10,10;
2026-06-22 12:05:00.0;ON;OFF;50;10,10;10,30;12,30;44,20;98,50;112,90;2,20;2;32,20;10,50;10,20;
2026-06-22 12:06:00.0;ON;OFF;50;10,30;10,40;12,40;44,20;98,50;112,90;2;2;32,80;10,70;10,40;
2026-06-22 12:07:00.0;ON;OFF;50;10,50;10,50;12,50;44,20;98,50;112,90;2,10;2;32,40;10,80;10,60;
2026-06-22 12:08:00.0;ON;OFF;50;10,40;10,60;12,60;44,20;98,50;112,90;2,20;2;31,50;11;10,70;
2026-06-22 12:09:00.0;ON;OFF;50;10,70;10,80;12,80;44,20;98,50;112,90;2,10;2;32;11,10;10,80;
2026-06-22 12:10:00.0;ON;OFF;50;10,90;10,90;12,90;44,20;98,60;113;2;2;32,80;11,30;11;
2026-06-22 12:11:00.0;ON;OFF;50;11,10;11;13;44,20;98,60;112,80;1,90;2;32,70;11,40;11,20;
2026-06-22 12:12:00.0;ON;OFF;50;11,10;11,10;13,10;44,20;98,60;112,80;2;2;32,70;11,70;11,30;
2026-06-22 12:13:00.0;ON;OFF;50;11,30;11,20;13,20;44,20;98,60;112,80;1,90;2;32,80;11,90;11,50;
2026-06-22 12:14:00.0;ON;OFF;50;11,40;11,30;13,30;44,20;98,60;112,80;1,90;2;33,20;11,90;11,60;
2026-06-22 12:15:00.0;ON;OFF;50;11,50;11,50;13,50;44,20;98,60;112,80;2;2;31,80;12,20;11,70;
2026-06-22 12:16:00.0;ON;OFF;50;11,50;11,50;13,50;44,20;98,60;112,70;2,10;2;32,10;12,30;11,90;
2026-06-22 12:17:00.0;ON;OFF;50;11,80;11,70;13,70;44,20;98,60;112,70;1,90;2;33,30;12,50;12;
2026-06-22 12:18:00.0;ON;OFF;50;11,90;11,70;13,70;44,20;98,60;112,80;1,80;2;33,90;12,70;12,10;
2026-06-22 12:19:00.0;ON;OFF;50;11,80;11,90;13,90;44,20;98,60;112,70;2;2;33,30;12,80;12,30;
2026-06-22 12:20:00.0;ON;OFF;50;12;11,90;13,90;44,20;98,60;112,70;2;2;33,50;12,90;12,30;
2026-06-22 12:21:00.0;ON;OFF;50;12,50;12,10;14,10;44,20;98,60;112,70;1,60;2;36;13;12,50;
2026-06-22 12:22:00.0;ON;OFF;50;12,80;12,20;14,20;44,10;98,60;112,70;1,30;2;39,10;13,20;12,90;
2026-06-22 12:23:00.0;ON;OFF;50;13,20;12,30;14,30;44,10;98,60;112,70;1,10;2;42;13,40;13,10;
2026-06-22 12:24:00.0;ON;OFF;50;13,30;12,50;14,50;44,10;98,60;112,70;1,20;2;42,90;13,60;13,30;
2026-06-22 12:25:00.0;ON;OFF;50;13,40;12,60;14,60;44,10;98,60;112,60;1,30;2;43,80;13,70;13,50;
2026-06-22 12:26:00.0;ON;OFF;50;13,10;12,60;14,60;44,10;98,60;112,60;1,50;2;43,30;13,80;13,50;
2026-06-22 12:27:00.0;ON;OFF;50;13,20;12,70;14,70;44,10;98,60;112,60;1,50;2;44,30;13,90;13,50;
2026-06-22 12:28:00.0;ON;OFF;50;13,10;12,70;14,70;44,10;98,60;112,60;1,70;2;44;13,90;13,50;
2026-06-22 12:29:00.0;ON;OFF;50;12,90;12,80;14,80;44,10;98,60;112,50;1,80;2;43,40;13,90;13,40;
2026-06-22 12:30:00.0;ON;OFF;50;12,90;12,80;14,80;44,10;98,60;112,50;1,90;2;42,80;13,90;13,40;
2026-06-22 12:31:00.0;ON;OFF;50;12,30;12,70;14,70;44;98,60;112,50;2,40;2;39,40;13,90;13,30;
2026-06-22 12:32:00.0;ON;OFF;50;12,30;12,70;14,70;44;98,60;112,50;2,40;2;38,80;13,70;13;
2026-06-22 12:33:00.0;ON;OFF;50;12,40;12,60;14,60;44;98,60;112,50;2,30;2;39,10;13,60;13;
2026-06-22 12:34:00.0;ON;OFF;50;12,60;12,60;14,60;44;98,60;112,50;2;2;39,60;13,60;12,90;
2026-06-22 12:35:00.0;ON;OFF;50;12,50;12,50;14,50;43,90;98,60;112,40;2;2;39,40;13,60;12,90;
2026-06-22 12:36:00.0;ON;OFF;50;12,50;12,50;14,50;43,90;98,60;112,40;2;2;39,30;13,60;13;
2026-06-22 12:37:00.0;ON;OFF;50;12,50;12,60;14,60;43,90;98,70;112,40;2;2;38,90;13,70;13;
2026-06-22 12:38:00.0;ON;OFF;50;12,30;12,50;14,50;43,90;98,70;112,40;2,20;2;38,10;13,70;13;
2026-06-22 12:39:00.0;ON;OFF;50;12,10;12,60;14,60;43,90;98,70;112,40;2,50;2;35,60;13,70;12,90;
2026-06-22 12:40:00.0;ON;OFF;50;12,80;12,50;14,50;43,80;98,70;112,40;1,70;2;40,70;13,60;12,90;
2026-06-22 12:41:00.0;ON;OFF;50;12,80;12,50;14,50;43,80;98,70;112,40;1,70;2;41,20;13,60;13,10;
2026-06-22 12:42:00.0;ON;OFF;50;12,80;12,60;14,60;43,80;98,70;112,40;1,80;2;40,80;13,70;13,20;
2026-06-22 12:43:00.0;ON;OFF;50;13,50;12,60;14,60;43,80;98,70;112,40;1,20;2;45,60;13,80;13,20;
2026-06-22 12:44:00.0;ON;OFF;50;13,20;12,70;14,70;43,70;98,70;112,40;1,50;2;44,90;13,90;13,50;
2026-06-22 12:45:00.0;ON;OFF;50;13,20;12,80;14,80;43,70;98,70;112,40;1,60;2;45;14;13,50;
2026-06-22 12:46:00.0;ON;OFF;50;13,10;12,80;14,80;43,70;98,70;112,40;1,80;2;44,70;14;13,50;
2026-06-22 12:47:00.0;ON;OFF;50;13,10;12,80;14,80;43,70;98,70;112,40;1,80;2;45,10;14;13,50;
2026-06-22 12:48:00.0;ON;OFF;50;12,80;12,80;14,80;43,60;98,70;112,30;2;2;44,50;14;13,50;
2026-06-22 12:49:00.0;ON;OFF;50;13;12,80;14,80;43,60;98,70;112,30;1,80;2;45,10;14;13,40;
2026-06-22 12:50:00.0;ON;OFF;50;12,70;12,80;14,80;43,60;98,70;112,30;2,10;2;43,60;14;13,40;
2026-06-22 12:51:00.0;ON;OFF;50;12,30;12,70;14,70;43,50;98,70;112,30;2,40;2;40,20;13,90;13,10;
2026-06-22 12:52:00.0;ON;OFF;50;12;12,60;14,60;43,50;98,70;112,30;2,60;2;38,20;13,70;12,90;
2026-06-22 12:53:00.0;ON;OFF;50;12;12,50;14,50;43,50;98,70;112,30;2,50;2;37,50;13,70;12,80;
2026-06-22 12:54:00.0;ON;OFF;50;11,80;12,40;14,40;43,50;98,70;112,30;2,60;2;35,20;13,60;12,70;
2026-06-22 12:55:00.0;ON;OFF;50;11,80;12,40;14,40;43,40;98,70;112,30;2,50;2;34,90;13,50;12,60;
2026-06-22 12:56:00.0;ON;OFF;50;11,80;12,30;14,30;43,40;98,70;112,30;2,50;2;34,50;13,50;12,60;
2026-06-22 12:57:00.0;ON;OFF;50;12;12,30;14,30;43,40;98,70;112,30;2,30;2;35,30;13,40;12,50;
2026-06-22 12:58:00.0;ON;OFF;50;12;12,30;14,30;43,30;98,70;112,30;2,20;2;35,10;13,40;12,60;
2026-06-22 12:59:00.0;ON;OFF;50;12,50;12,30;14,30;43,30;98,70;112,30;1,80;2;38,20;13,50;12,70;
2026-06-22 13:00:00.0;ON;OFF;50;12,60;12,30;14,30;43,30;98,70;112,30;1,70;2;39,30;13,50;12,90;
2026-06-22 13:01:00.0;ON;OFF;50;12,80;12,40;14,40;43,20;98,70;112,30;1,60;2;40,80;13,60;13,10;
2026-06-22 13:02:00.0;ON;OFF;50;13,20;12,50;14,50;43,20;98,70;112,30;1,20;2;44,40;13,70;13,20;
2026-06-22 13:03:00.0;ON;OFF;50;13,20;12,60;14,60;43,20;98,70;112,30;1,40;2;44,90;13,80;13,40;
2026-06-22 13:04:00.0;ON;OFF;50;13,30;12,60;14,60;43,10;98,70;112,20;1,40;2;46,10;13,80;13,50;
2026-06-22 13:05:00.0;ON;OFF;50;13,10;12,70;14,70;43,10;98,70;112,20;1,60;2;45,90;13,90;13,50;
2026-06-22 13:06:00.0;ON;OFF;50;13,10;12,70;14,70;43;98,70;112,20;1,60;2;46,50;13,90;13,50;
2026-06-22 13:07:00.0;ON;OFF;50;12,70;12,70;14,70;43;98,70;112,20;1,90;2;44,80;13,90;13,40;
2026-06-22 13:08:00.0;ON;OFF;50;12,70;12,60;14,60;43;98,70;112,20;2;2;45;13,90;13,30;
2026-06-22 13:09:00.0;ON;OFF;50;12,40;12,60;14,60;42,90;98,70;112,20;2,20;2;43;13,80;13,20;
2026-06-22 13:10:00.0;ON;OFF;50;11,90;12,50;14,50;42,90;98,70;112,20;2,60;2;39,50;13,70;12,90;
2026-06-22 13:11:00.0;ON;OFF;50;11,70;12,30;14,30;42,80;98,70;112,20;2,60;2;38,50;13,60;12,70;
2026-06-22 13:12:00.0;ON;OFF;50;11,70;12,30;14,30;42,80;98,70;112,10;2,50;2;37,70;13,50;12,60;
2026-06-22 13:13:00.0;ON;OFF;50;11,60;12,20;14,20;42,70;98,70;112,10;2,70;2;36,20;13,40;12,50;
2026-06-22 13:14:00.0;ON;OFF;50;11,60;12,10;14,10;42,70;98,70;112,10;2,50;2;36;13,30;12,40;
2026-06-22 13:15:00.0;ON;OFF;50;11,70;12,10;14,10;42,70;98,70;112,10;2,40;2;35,70;13,20;12,30;
2026-06-22 13:16:00.0;ON;OFF;50;11,70;12,10;14,10;42,60;98,70;112,10;2,30;2;35,20;13,20;12,30;
2026-06-22 13:17:00.0;ON;OFF;50;11,90;12;14;42,60;98,70;112,10;2,10;2;36,30;13,20;12,30;
2026-06-22 13:18:00.0;ON;OFF;50;12,30;12;14;42,50;98,70;112,10;1,70;2;38,80;13,20;12,30;
2026-06-22 13:19:00.0;ON;OFF;50;12,30;12,10;14,10;42,50;98,70;112,10;1,80;2;38,80;13,20;12,60;
2026-06-22 13:20:00.0;ON;OFF;50;12,50;12,10;14,10;42,40;98,70;112,10;1,60;2;40,30;13,30;12,70;
2026-06-22 13:21:00.0;ON;OFF;50;12,80;12,10;14,10;42,40;98,70;112,10;1,30;2;43,30;13,40;12,80;
2026-06-22 13:22:00.0;ON;OFF;50;12,90;12,20;14,20;42,30;98,70;112,10;1,40;2;44,60;13,40;13;
2026-06-22 13:23:00.0;ON;OFF;50;13,10;12,30;14,30;42,30;98,70;112;1,20;2;47;13,60;13,20;
2026-06-22 13:24:00.0;ON;OFF;50;12,90;12,40;14,40;42,20;98,70;112;1,40;2;46,60;13,60;13,30;
2026-06-22 13:25:00.0;ON;OFF;50;12,70;12,40;14,40;42,20;98,70;112;1,70;2;45,50;13,60;13,20;
2026-06-22 13:26:00.0;ON;OFF;50;12,70;12,40;14,40;42,10;98,70;112;1,70;2;46,30;13,70;13,20;
2026-06-22 13:27:00.0;ON;OFF;50;12,40;12,40;14,40;42,10;98,70;112;2;2;45,20;13,70;13,10;
2026-06-22 13:28:00.0;ON;OFF;50;12,50;12,30;14,30;42,10;98,70;112;1,80;2;46;13,60;13;
2026-06-22 13:29:00.0;ON;OFF;50;11,70;12,30;14,30;42;98,70;112;2,60;2;40,30;13,50;12,80;
2026-06-22 13:30:00.0;ON;OFF;50;11,50;12,10;14,10;41,90;98,70;111,90;2,70;2;38,90;13,40;12,60;
2026-06-22 13:31:00.0;ON;OFF;50;11,50;12;14;41,90;98,70;111,90;2,50;2;38,50;13,20;12,40;
2026-06-22 13:32:00.0;ON;OFF;50;11,50;11,90;13,90;41,80;98,70;111,90;2,40;2;38,10;13,10;12,20;
2026-06-22 13:33:00.0;ON;OFF;50;11,30;11,90;13,90;41,80;98,70;111,90;2,50;2;36,40;13,10;12,20;
2026-06-22 13:34:00.0;ON;OFF;50;11,40;11,90;13,90;41,70;98,70;111,90;2,40;2;36;13;12,10;
2026-06-22 13:35:00.0;ON;OFF;50;11,30;11,80;13,80;41,70;98,70;111,90;2,50;2;35;13;12,10;
2026-06-22 13:36:00.0;ON;OFF;50;11,50;11,70;13,70;41,60;98,70;112,40;2,20;2;35,50;12,90;12;
2026-06-22 13:37:00.0;ON;OFF;50;11,60;11,70;13,70;41,50;98,70;112,30;2,10;2;36,10;12,90;12,10;
2026-06-22 13:38:00.0;ON;OFF;50;12,10;11,70;13,70;41,50;98,70;112,30;1,60;2;39,30;12,90;12,10;
2026-06-22 13:39:00.0;ON;OFF;50;12,10;11,80;13,80;41,40;98,70;112,30;1,60;2;40;13;12,40;
2026-06-22 13:40:00.0;ON;OFF;50;12,10;11,80;13,80;41,40;98,70;112,30;1,80;2;40,10;13,10;12,50;
2026-06-22 13:41:00.0;ON;OFF;50;12,60;11,80;13,80;41,30;98,70;112,30;1,30;2;44,40;13,10;12,60;
2026-06-22 13:42:00.0;ON;OFF;50;12,70;11,90;13,90;41,20;98,70;112,30;1,20;2;46,50;13,20;12,80;
2026-06-22 13:43:00.0;ON;OFF;50;12,60;12;14;41,20;98,70;112,30;1,40;2;46,50;13,30;12,90;
2026-06-22 13:44:00.0;ON;OFF;50;12,70;12,10;14,10;41,10;98,70;112,30;1,40;2;47,40;13,40;13;
2026-06-22 13:45:00.0;ON;OFF;50;12,30;12,20;14,20;41,10;98,70;112,30;1,80;2;45,20;13,50;13;
2026-06-22 13:46:00.0;ON;OFF;50;12,30;12,20;14,20;41;98,70;112,20;1,90;2;45,50;13,50;12,90;
2026-06-22 13:47:00.0;ON;OFF;50;12,30;12,20;14,20;40,90;98,70;112,20;2;2;44,10;13,70;12,90;
2026-06-22 13:48:00.0;ON;OFF;50;11,90;12,30;14,30;40,90;98,70;112,20;2,30;2;42,20;13,80;12,90;
2026-06-22 13:49:00.0;ON;OFF;50;11,70;12,20;14,20;40,80;98,70;112,20;2,60;2;39,50;13,80;12,80;
2026-06-22 13:50:00.0;ON;OFF;50;11,50;12,20;14,20;40,80;98,70;112,20;2,70;2;36,90;13,80;12,60;
2026-06-22 13:51:00.0;ON;OFF;50;11,70;12,20;14,20;40,70;98,70;112,20;2,50;2;37,20;13,80;12,60;
2026-06-22 13:52:00.0;ON;OFF;50;11,60;12,20;14,20;40,60;98,70;112,20;2,60;2;35,50;14;12,60;
2026-06-22 13:53:00.0;ON;OFF;50;11,60;12,20;14,20;40,60;98,70;112,20;2,60;2;34,70;14,10;12,70;
2026-06-22 13:54:00.0;ON;OFF;50;11,70;12,30;14,30;40,50;98,70;112,20;2,60;2;33,80;14,30;12,80;
2026-06-22 13:55:00.0;ON;OFF;50;12;12,30;14,30;40,40;98,70;112,20;2,30;2;34,60;14,30;12,90;
2026-06-22 13:56:00.0;ON;OFF;50;12;12,30;14,30;40,40;98,70;112,20;2,30;2;34,30;14,30;12,90;
2026-06-22 13:57:00.0;ON;OFF;50;12,80;12,50;14,50;40,30;98,70;112,20;1,70;2;38,20;14,50;13,10;
2026-06-22 13:58:00.0;ON;OFF;50;13;12,60;14,60;40,20;98,70;112,20;1,60;2;39;14,70;13,50;
2026-06-22 13:59:00.0;ON;OFF;50;13,10;12,70;14,70;40,20;98,70;112,20;1,60;2;39,90;14,90;13,70;
2026-06-22 14:00:00.0;ON;OFF;50;13,50;12,80;14,80;40,10;98,70;112,10;1,40;2;42,30;15,10;13,90;
2026-06-22 14:01:00.0;ON;OFF;50;13,80;12,90;14,90;40;98,70;112,10;1,20;2;44,80;15,20;14,10;
2026-06-22 14:02:00.0;ON;OFF;50;13,80;13,10;15,10;40;98,70;112,10;1,30;2;45;15,50;14,30;
2026-06-22 14:03:00.0;ON;OFF;50;13,70;13,30;15,30;39,90;98,70;112,10;1,60;2;44,80;15,80;14,50;
2026-06-22 14:04:00.0;ON;OFF;50;13,70;13,40;15,40;39,90;98,70;112,10;1,70;2;44,10;15,90;14,60;
2026-06-22 14:05:00.0;ON;OFF;50;13,80;13,50;15,50;39,80;98,70;112,10;1,80;2;44,70;16,10;14,70;
2026-06-22 14:06:00.0;ON;OFF;50;13,50;13,50;15,50;39,80;98,70;112,10;2,10;2;42,90;16,20;14,70;
2026-06-22 14:07:00.0;ON;OFF;50;13,40;13,60;15,60;39,70;98,70;112,10;2,20;2;41,90;16,10;14,60;
2026-06-22 14:08:00.0;ON;OFF;50;13,30;13,60;15,60;39,70;98,70;112,10;2,40;2;40,40;16,10;14,60;
2026-06-22 14:09:00.0;ON;OFF;50;13,20;13,60;15,60;39,60;98,70;112,10;2,50;2;38,60;16,10;14,40;
2026-06-22 14:10:00.0;ON;OFF;50;13,10;13,60;15,60;39,60;98,70;112,10;2,50;2;37,10;16,10;14,30;
2026-06-22 14:11:00.0;ON;OFF;50;13;13,60;15,60;39,50;98,70;112,10;2,60;2;35,10;16,10;14,30;
2026-06-22 14:12:00.0;ON;OFF;50;13,20;13,60;15,60;39,40;98,70;112,10;2,40;2;35,70;16,20;14,30;
2026-06-22 14:13:00.0;ON;OFF;50;13,10;13,70;15,70;39,40;98,70;112,10;2,50;2;33,80;16,20;14,30;
2026-06-22 14:14:00.0;ON;OFF;50;13,40;13,70;15,70;39,30;98,70;112,10;2,40;2;34,30;16,30;14,40;
2026-06-22 14:15:00.0;ON;OFF;50;13,30;13,70;15,70;39,30;98,70;112;2,50;2;32,90;16,30;14,40;
2026-06-22 14:16:00.0;ON;OFF;50;13,50;13,80;15,80;39,20;98,70;112;2,30;2;33,20;16,40;14,50;
2026-06-22 14:17:00.0;ON;OFF;50;14,10;13,90;15,90;39,20;98,70;112;1,80;2;36,70;16,50;14,70;
2026-06-22 14:18:00.0;ON;OFF;50;14,30;14;16;39,10;98,70;112;1,70;2;37,80;16,60;14,90;
2026-06-22 14:19:00.0;ON;OFF;50;14,40;14,10;16,10;39,10;98,70;112;1,70;2;38,40;16,80;15,10;
2026-06-22 14:20:00.0;ON;OFF;50;15;14,30;16,30;39;98,70;112;1,20;2;42,10;16,90;15,30;
2026-06-22 14:21:00.0;ON;OFF;50;15;14,50;16,50;38,90;98,70;112;1,50;2;42;17;15,70;
2026-06-22 14:22:00.0;ON;OFF;50;15,10;14,60;16,60;38,90;98,70;112;1,50;2;43;17,20;15,90;
2026-06-22 14:23:00.0;ON;OFF;50;14,90;9,70;16,70;38,80;98,70;112;1,80;7;75,30;17,30;16;
2026-06-22 14:24:00.0;ON;OFF;50;13,40;9,90;16,90;38,80;98,70;112;3,50;7;69,40;17,30;16,10;
2026-06-22 14:25:00.0;ON;OFF;50;12,40;9,80;16,80;38,70;98,70;112;4,30;7;69,80;17,10;15,50;
2026-06-22 14:26:00.0;ON;OFF;50;11,80;9,60;16,60;38,60;98,70;112;4,80;7;73,40;17,10;15,30;
2026-06-22 14:27:00.0;ON;OFF;50;10,80;9,50;16,50;38,60;98,70;112;5,70;7;70,40;17;15,20;
2026-06-22 14:28:00.0;ON;OFF;50;9,90;9,30;16,30;38,50;98,70;112;6,40;7;67,70;17;14,80;
2026-06-22 14:29:00.0;OFF;ON;70;9,40;9,10;16,10;38,50;98,70;112;6,70;7;67,20;16,80;14,40;
2026-06-22 14:30:00.0;OFF;ON;70;9;8,90;15,90;38,40;98,70;112;6,90;7;66,20;16,60;14,10;
2026-06-22 14:31:00.0;OFF;ON;70;8,80;8,70;15,70;38,40;98,70;111,90;6,90;7;66,70;16,50;13,90;
2026-06-22 14:32:00.0;OFF;ON;70;8,70;8,50;15,50;38,30;98,70;111,90;6,90;7;67,10;16,40;13,80;
2026-06-22 14:33:00.0;OFF;ON;70;8,70;8,40;15,40;38,20;98,70;111,90;6,70;7;68,90;16,30;13,60;
2026-06-22 14:34:00.0;OFF;ON;70;8,50;8,30;15,30;38,20;98,70;111,90;6,80;7;68,20;16,20;13,50;
2026-06-22 14:35:00.0;OFF;ON;70;8,20;8,20;15,20;38,10;98,70;111,90;7;7;66,70;16,10;13,30;
2026-06-22 14:36:00.0;OFF;ON;70;8;8,10;15,10;38,10;98,70;111,90;7,10;7;66,70;15,90;13,20;
2026-06-22 14:37:00.0;OFF;ON;70;7,80;7,90;14,90;38;98,70;111,90;7,10;7;66,50;15,80;13,10;
2026-06-22 14:38:00.0;OFF;ON;70;7,80;7,80;14,80;37,90;98,70;111,90;7;7;66,20;15,60;13;
2026-06-22 14:39:00.0;OFF;ON;70;7,70;7,70;14,70;37,90;98,70;111,90;7;7;66,40;15,50;12,80;
2026-06-22 14:40:00.0;OFF;ON;70;7,60;7,60;14,60;37,80;98,70;111,90;7;7;66,30;15,40;12,70;
2026-06-22 14:41:00.0;OFF;ON;70;7,30;7,50;14,50;37,80;98,70;111,90;7,10;7;65,20;15,30;12,60;
2026-06-22 14:42:00.0;OFF;ON;70;7,30;7,40;14,40;37,70;98,70;111,90;7,10;7;65,50;15,10;12,50;
2026-06-22 14:43:00.0;OFF;ON;70;7,30;7,30;14,30;37,60;98,70;111,90;7;7;65,40;15;12,40;
2026-06-22 14:44:00.0;OFF;ON;70;7,20;7,20;14,20;37,60;98,70;111,90;7;7;65,70;14,90;12,30;
2026-06-22 14:45:00.0;OFF;ON;70;7,10;7,20;14,20;37,50;98,70;111,90;7;7;65,20;14,80;12,20;
2026-06-22 14:46:00.0;OFF;ON;70;6,90;7,10;14,10;37,50;98,70;111,90;7,20;7;64,30;14,80;12,20;
2026-06-22 14:47:00.0;OFF;ON;70;6,90;7;14;37,40;98,70;111,80;7,10;7;64,70;14,70;12,10;
2026-06-22 14:48:00.0;OFF;ON;70;6,70;7;14;37,40;98,70;111,80;7,20;7;63,80;14,70;12;
2026-06-22 14:49:00.0;OFF;ON;70;6,70;6,90;13,90;37,30;98,70;111,80;7,20;7;64;14,50;11,90;
2026-06-22 14:50:00.0;OFF;ON;70;6,80;6,80;13,80;37,20;98,70;111,80;7;7;64,70;14,50;11,80;
2026-06-22 14:51:00.0;OFF;ON;70;6,80;6,70;13,70;37,20;98,70;111,80;7;7;64,40;14,40;11,70;
2026-06-22 14:52:00.0;OFF;ON;70;6,70;6,70;13,70;37,10;98,70;111,80;7;7;64,50;14,30;11,60;
2026-06-22 14:53:00.0;OFF;ON;70;6,60;6,60;13,60;37,10;98,70;111,80;7;7;64,10;14,20;11,60;
2026-06-22 14:54:00.0;OFF;ON;70;6,50;6,50;13,50;37;98,70;111,80;7;7;64,10;14,10;11,50;
2026-06-22 14:55:00.0;OFF;ON;70;6,30;6,50;13,50;36,90;98,70;111,80;7,10;7;63,60;14;11,40;
2026-06-22 14:56:00.0;OFF;ON;70;6,40;6,40;13,40;36,90;98,70;111,80;7;7;64,80;14;11,40;
2026-06-22 14:57:00.0;OFF;ON;70;6,40;6,30;13,30;36,80;98,70;111,80;6,90;7;64,70;13,90;11,30;
2026-06-22 14:58:00.0;OFF;ON;70;6,30;6,30;13,30;36,80;98,70;111,80;6,90;7;64,70;13,80;11,20;
2026-06-22 14:59:00.0;OFF;ON;70;6,30;6,20;13,20;36,70;98,70;111,90;7;7;64,80;13,80;11,10;
2026-06-22 15:00:00.0;OFF;ON;70;6,20;6,10;13,10;36,60;98,70;111,90;7;7;63,50;13,70;11,10;
2026-06-22 15:01:00.0;OFF;ON;70;6,20;6,10;13,10;36,60;98,70;111,90;6,90;7;64,90;13,60;11;
2026-06-22 15:02:00.0;OFF;ON;70;6;6;13;36,50;98,70;111,80;7;7;64,40;13,60;10,90;
2026-06-22 15:03:00.0;OFF;ON;70;5,80;6;13;36,50;98,70;111,80;7,20;7;62,70;13,50;10,80;
2026-06-22 15:04:00.0;OFF;ON;70;6;5,90;12,90;36,40;98,70;111,80;7;7;63,10;13,50;10,80;
2026-06-22 15:05:00.0;OFF;ON;70;5,90;5,90;12,90;36,30;98,70;111,80;7;7;64,20;13,40;10,70;
2026-06-22 15:06:00.0;OFF;ON;70;5,90;5,80;12,80;36,30;98,70;111,80;6,90;7;64,20;13,40;10,70;
2026-06-22 15:07:00.0;OFF;ON;70;5,90;5,80;12,80;36,20;98,70;111,80;6,90;7;64,40;13,40;10,60;
2026-06-22 15:08:00.0;OFF;ON;70;5,60;5,70;12,70;36,20;98,70;111,80;7;7;63,40;13,20;10,50;
2026-06-22 15:09:00.0;OFF;ON;70;5,60;5,60;12,60;36,10;98,70;111,80;7;7;63,40;13,20;10,50;
2026-06-22 15:10:00.0;OFF;ON;70;5,60;5,60;12,60;36;98,70;111,80;7;7;63,30;13,10;10,40;
2026-06-22 15:11:00.0;OFF;ON;70;5,40;5,50;12,50;36;98,70;111,80;7,10;7;63,10;13,10;10,30;
2026-06-22 15:12:00.0;OFF;ON;70;5,40;5,50;12,50;35,90;98,70;111,80;7,10;7;63,20;13;10,30;
2026-06-22 15:13:00.0;OFF;ON;70;5,30;5,40;12,40;35,90;98,70;111,80;7,10;7;63,20;13;10,20;
2026-06-22 15:14:00.0;OFF;ON;70;5,40;5,30;12,30;35,80;98,70;111,80;6,90;7;64,50;12,80;10,10;
2026-06-22 15:15:00.0;OFF;ON;70;5,30;5,30;12,30;35,70;98,70;111,80;7;7;63,50;12,80;10;
2026-06-22 15:16:00.0;OFF;ON;70;5,30;5,20;12,20;35,70;98,70;111,80;6,90;7;64,70;12,70;10;
2026-06-22 15:17:00.0;OFF;ON;70;5,20;5,20;12,20;35,60;98,70;111,80;7;7;64,50;12,70;9,90;
2026-06-22 15:18:00.0;OFF;ON;70;5,30;5,10;12,10;35,60;98,70;111,80;6,80;7;65,10;12,50;9,90;
2026-06-22 15:19:00.0;OFF;ON;70;5,20;5;12;35,50;98,70;111,80;6,90;7;65,10;12,50;9,80;
2026-06-22 15:20:00.0;OFF;ON;70;5,70;6;12;35,40;98,70;111,80;6,30;6;62,10;12,50;9,80;
2026-06-22 15:21:00.0;OFF;ON;70;5,40;6;12;35,40;98,70;111,80;6,60;6;59,60;12,50;10;
2026-06-22 15:22:00.0;OFF;ON;70;5,80;6;12;35,30;98,70;111,70;6,20;6;61,20;12,50;10,10;
2026-06-22 15:23:00.0;OFF;ON;70;5,60;6;12;35,20;98,70;111,70;6,40;6;59,20;12,50;10,10;
2026-06-22 15:24:00.0;OFF;ON;70;5,90;6;12;35,20;98,70;111,70;6,20;6;60,40;12,40;10,20;
2026-06-22 15:25:00.0;OFF;ON;70;5,70;6;12;35,10;98,70;111,70;6,30;6;58,70;12,40;10,10;
2026-06-22 15:26:00.0;OFF;ON;75;5,90;6;12;35;98,70;111,70;6,10;6;59,90;12,40;10,10;
2026-06-22 15:27:00.0;OFF;ON;75;5,60;6;12;35;98,70;111,70;6,40;6;57,60;12,40;10,10;
2026-06-22 15:28:00.0;OFF;ON;75;5,70;5,90;11,90;34,90;98,70;111,70;6,20;6;58,20;12,30;10,10;
2026-06-22 15:29:00.0;OFF;ON;75;5,80;5,90;11,90;34,90;98,70;111,70;6,10;6;58,60;12,40;10,10;
2026-06-22 15:30:00.0;OFF;ON;75;5,80;5,90;11,90;34,80;98,70;111,70;6,10;6;58,50;12,30;10;
2026-06-22 15:31:00.0;OFF;ON;75;5,90;5,90;11,90;34,80;98,70;111,60;6;6;58,30;12,30;10;
2026-06-22 15:32:00.0;OFF;ON;75;5,80;5,80;11,80;34,70;98,70;111,60;6;6;58,20;12,30;10;
2026-06-22 15:33:00.0;OFF;ON;75;5,80;5,80;11,80;34,70;98,70;111,60;6;6;57,80;12,20;10;
2026-06-22 15:34:00.0;OFF;ON;75;5,80;5,80;11,80;34,60;98,70;111,60;6;6;57,70;12,20;10;
2026-06-22 15:35:00.0;OFF;ON;75;5,60;5,70;11,70;34,60;98,70;111,60;6,10;6;57,40;12,10;9,90;
2026-06-22 15:36:00.0;OFF;ON;75;5,50;5,70;11,70;34,50;98,70;111,60;6,20;6;57;12,10;9,90;
2026-06-22 15:37:00.0;OFF;ON;75;5,70;5,60;11,60;34,50;98,70;111,60;6;6;57,40;12;9,90;
2026-06-22 15:38:00.0;OFF;ON;75;5,60;5,60;11,60;34,40;98,70;111,60;6;6;57,40;12;9,80;
2026-06-22 15:39:00.0;OFF;ON;75;5,60;5,60;11,60;34,40;98,70;111,60;5,90;6;57,90;11,90;9,80;
2026-06-22 15:40:00.0;OFF;ON;75;5,40;5,50;11,50;34,30;98,70;111,60;6,10;6;56,90;11,90;9,70;
2026-06-22 15:41:00.0;OFF;ON;75;5,50;5,50;11,50;34,30;98,70;111,60;6;6;57,80;11,90;9,70;
2026-06-22 15:42:00.0;OFF;ON;75;5,40;5,50;11,50;34,20;98,70;111,60;6;6;57,80;11,90;9,70;
2026-06-22 15:43:00.0;OFF;ON;75;5,50;5,40;11,40;34,20;98,70;111,60;5,90;6;58;11,70;9,60;
2026-06-22 15:44:00.0;OFF;ON;75;5,40;5,40;11,40;34,10;98,70;111,60;6;6;57,10;11,70;9,60;
2026-06-22 15:45:00.0;OFF;ON;75;5,40;5,30;11,30;34,10;98,70;111,60;6;6;58;11,70;9,60;
2026-06-22 15:46:00.0;OFF;ON;75;5,30;5,30;11,30;34;98,70;111,60;6;6;58;11,60;9,60;
2026-06-22 15:47:00.0;OFF;ON;75;5,40;5,30;11,30;34;98,70;111,60;5,90;6;58,40;11,60;9,60;
2026-06-22 15:48:00.0;OFF;ON;75;5,30;5,30;11,30;33,90;98,70;111,60;6;6;58,20;11,70;9,50;
2026-06-22 15:49:00.0;OFF;ON;75;5,40;5,20;11,20;33,90;98,70;111,60;5,80;6;58,90;11,50;9,50;
2026-06-22 15:50:00.0;OFF;ON;75;5,20;5,10;11,10;33,80;98,70;111,60;5,80;6;59;11,50;9,40;
2026-06-22 15:51:00.0;OFF;ON;75;5,30;5,10;11,10;33,80;98,70;111,60;5,80;6;59,50;11,50;9,40;
2026-06-22 15:52:00.0;OFF;ON;75;5,30;5,10;11,10;33,70;98,70;111,60;5,80;6;59,80;11,30;9,40;
2026-06-22 15:53:00.0;OFF;ON;75;5,10;5;11;33,70;98,70;111,60;5,90;6;59,10;11,30;9,40;
2026-06-22 15:54:00.0;OFF;ON;75;5,10;5;11;33,60;98,60;111,60;5,90;6;59,30;11,20;9,30;
2026-06-22 15:55:00.0;OFF;ON;75;5;5;11;33,60;98,60;111,80;5,90;6;59,40;11,30;9,30;
2026-06-22 15:56:00.0;OFF;ON;75;5,20;4,90;10,90;33,50;98,60;111,80;5,70;6;61;11,20;9,20;
2026-06-22 15:57:00.0;OFF;ON;75;4,90;4,90;10,90;33,50;98,60;111,80;6;6;60,10;11,20;9,20;
2026-06-22 15:58:00.0;OFF;ON;75;5,10;4,90;10,90;33,40;98,60;111,70;5,80;6;61,50;11,10;9,10;
2026-06-22 15:59:00.0;OFF;ON;75;4,90;4,80;10,80;33,40;98,60;111,70;5,90;6;60,60;11,10;9,10;
2026-06-22 16:00:00.0;OFF;ON;75;4,90;4,70;10,70;33,30;98,60;111,70;5,80;6;61,60;11;9,10;
2026-06-22 16:01:00.0;OFF;ON;75;4,80;4,70;10,70;33,20;98,60;111,70;5,90;6;61,70;11;9;
2026-06-22 16:02:00.0;OFF;ON;75;4,80;4,70;10,70;33,20;98,60;111,70;5,80;6;62,50;11;9;
2026-06-22 16:03:00.0;OFF;ON;75;4,80;4,60;10,60;33,10;98,60;111,70;5,80;6;62,80;10,90;9;
2026-06-22 16:04:00.0;OFF;ON;75;4,80;4,60;10,60;33,10;98,60;111,70;5,80;6;63,20;10,90;8,90;
2026-06-22 16:05:00.0;OFF;ON;75;4,80;4,60;10,60;33;98,60;111,60;5,80;6;64;10,80;8,90;
2026-06-22 16:06:00.0;OFF;ON;75;4,80;4,50;10,50;33;98,60;111,60;5,70;6;65,10;10,70;8,90;
2026-06-22 16:07:00.0;OFF;ON;75;4,80;4,50;10,50;32,90;98,60;111,60;5,70;6;65,20;10,80;8,90;
2026-06-22 16:08:00.0;OFF;ON;75;4,80;4,40;10,40;32,90;98,60;111,60;5,60;6;66,50;10,70;8,80;
2026-06-22 16:09:00.0;OFF;ON;75;4,70;4,40;10,40;32,80;98,60;111,60;5,70;6;66,30;10,60;8,80;
2026-06-22 16:10:00.0;OFF;ON;75;4,40;4,40;10,40;32,80;98,60;111,60;5,90;6;65,30;10,60;8,70;
2026-06-22 16:11:00.0;OFF;ON;75;4,60;4,30;10,30;32,70;98,60;111,60;5,70;6;67,20;10,50;8,70;
2026-06-22 16:12:00.0;OFF;ON;75;4,50;4,20;10,20;32,70;98,60;111,60;5,80;6;67;10,50;8,60;
2026-06-22 16:13:00.0;OFF;ON;75;4,50;4,20;10,20;32,60;98,60;111,60;5,70;6;67,60;10,40;8,50;
2026-06-22 16:14:00.0;OFF;ON;75;4,20;4,10;10,10;32,50;98,60;111,60;5,90;6;66,70;10,40;8,50;
2026-06-22 16:15:00.0;OFF;ON;75;4,30;4,10;10,10;32,50;98,60;111,60;5,80;6;67,80;10,30;8,40;
2026-06-22 16:16:00.0;OFF;ON;75;4,20;4,10;10,10;32,40;98,60;111,60;5,90;6;67,70;10,30;8,40;
2026-06-22 16:17:00.0;OFF;ON;75;4,10;4;10;32,40;98,60;111,60;6;6;67,30;10,30;8,40;
2026-06-22 16:18:00.0;OFF;ON;75;4,20;4,50;10;32,30;98,60;111,60;5,80;5,50;64,70;10,20;8,30;
2026-06-22 16:19:00.0;OFF;ON;75;4,20;4,40;9,90;32,30;98,60;111,60;5,80;5,50;64,10;10,10;8,40;
2026-06-22 16:20:00.0;OFF;ON;75;4;4,40;9,90;32,20;98,60;111,60;5,90;5,50;62,30;10,10;8,30;
2026-06-22 16:21:00.0;OFF;ON;75;3,90;4,40;9,90;32,20;98,60;111,60;6;5,50;61,50;10,10;8,30;
2026-06-22 16:22:00.0;OFF;ON;75;4,10;4,30;9,80;32,10;98,60;111,60;5,70;5,50;62,30;10;8,30;
2026-06-22 16:23:00.0;OFF;ON;75;4,10;4,30;9,80;32,10;98,60;111,60;5,70;5,50;62;10;8,30;
2026-06-22 16:24:00.0;OFF;ON;80;3,90;4,30;9,80;32;98,60;111,60;5,90;5,50;60,40;9,90;8,20;
2026-06-22 16:25:00.0;OFF;ON;80;4;4,20;9,70;31,90;98,60;111,60;5,80;5,50;60,30;9,90;8,20;
2026-06-22 16:26:00.0;OFF;ON;80;4;4,20;9,70;31,90;98,60;111,60;5,70;5,50;60,10;9,90;8,10;
2026-06-22 16:27:00.0;OFF;ON;80;3,80;4,20;9,70;31,80;98,60;111,60;5,90;5,50;58,70;9,80;8,10;
2026-06-22 16:28:00.0;OFF;ON;80;4;4,10;9,60;31,80;98,60;111,60;5,70;5,50;59,40;9,80;8,10;
2026-06-22 16:29:00.0;OFF;ON;80;3,90;4,10;9,60;31,70;98,60;111,50;5,70;5,50;58,80;9,80;8,10;
2026-06-22 16:30:00.0;OFF;ON;80;3,90;4,10;9,60;31,70;98,60;111,50;5,70;5,50;58,70;9,80;8;
2026-06-22 16:31:00.0;OFF;ON;80;3,90;4;9,50;31,60;98,60;111,50;5,70;5,50;58,30;9,70;8;
2026-06-22 16:32:00.0;OFF;ON;80;4;4;9,50;31,60;98,60;111,50;5,50;5,50;58,90;9,60;8;
2026-06-22 16:33:00.0;OFF;ON;80;3,80;4;9,50;31,50;98,60;111,50;5,70;5,50;58;9,70;8;
2026-06-22 16:34:00.0;OFF;ON;80;3,80;4;9,50;31,40;98,60;111,50;5,70;5,50;57,60;9,60;7,90;
2026-06-22 16:35:00.0;OFF;ON;80;3,90;4;9,50;31,40;98,60;111,50;5,60;5,50;58,20;9,60;7,90;
2026-06-22 16:36:00.0;OFF;ON;80;3,90;3,90;9,40;31,30;98,50;111,50;5,50;5,50;58;9,60;7,90;
2026-06-22 16:37:00.0;OFF;ON;80;3,80;3,90;9,40;31,30;98,50;111,50;5,60;5,50;57,70;9,60;7,90;
2026-06-22 16:38:00.0;OFF;ON;80;3,90;3,90;9,40;31,20;98,50;111,50;5,50;5,50;57,80;9,50;7,90;
2026-06-22 16:39:00.0;OFF;ON;80;3,70;3,90;9,40;31,20;98,50;111,50;5,60;5,50;57,20;9,50;7,80;
2026-06-22 16:40:00.0;OFF;ON;80;3,70;3,80;9,30;31,10;98,40;111,50;5,70;5,50;57;9,50;7,80;
2026-06-22 16:41:00.0;OFF;ON;80;3,80;3,80;9,30;31,10;98,40;111,50;5,50;5,50;57,50;9,40;7,80;
2026-06-22 16:42:00.0;OFF;ON;80;3,70;3,80;9,30;31;98,40;111,50;5,50;5,50;57,30;9,40;7,70;
2026-06-22 16:43:00.0;OFF;ON;80;3,60;3,70;9,20;30,90;98,40;111,50;5,60;5,50;57,20;9,40;7,70;
2026-06-22 16:44:00.0;OFF;ON;80;3,60;3,70;9,20;30,90;98,40;111,50;5,60;5,50;57,40;9,30;7,70;
2026-06-22 16:45:00.0;OFF;ON;80;3,70;3,70;9,20;30,80;98,40;111,50;5,50;5,50;57,30;9,30;7,70;
2026-06-22 16:46:00.0;OFF;ON;80;3,70;3,60;9,10;30,80;98,30;111,50;5,50;5,50;57,30;9,30;7,60;
2026-06-22 16:47:00.0;OFF;ON;80;3,70;3,60;9,10;30,80;98,30;111,50;5,40;5,50;58,10;9,20;7,60;
2026-06-22 16:48:00.0;OFF;ON;80;3,60;3,60;9,10;30,70;98,30;111,50;5,50;5,50;57,40;9,20;7,60;
2026-06-22 16:49:00.0;OFF;ON;80;3,50;3,60;9,10;30,60;98,20;111,50;5,50;5,50;57,30;9,20;7,50;
2026-06-22 16:50:00.0;OFF;ON;80;3,50;3,50;9;30,50;98,10;111,50;5,50;5,50;58,20;9,10;7,50;
2026-06-22 16:51:00.0;OFF;ON;80;3,60;3,50;9;30,50;98,10;111,50;5,40;5,50;58,30;9,20;7,50;
2026-06-22 16:52:00.0;OFF;ON;80;3,40;3,50;9;30,40;98,10;111,50;5,50;5,50;58,40;9,10;7,50;
2026-06-22 16:53:00.0;OFF;ON;80;3,40;3,40;8,90;30,40;98,10;111,40;5,50;5,50;58,50;9;7,40;
2026-06-22 16:54:00.0;OFF;ON;80;3,50;3,40;8,90;30,30;98,10;111,40;5,40;5,50;58,90;9;7,40;
2026-06-22 16:55:00.0;OFF;ON;80;3,50;3,40;8,90;30,30;98,10;111,40;5,30;5,50;59,10;9;7,30;
2026-06-22 16:56:00.0;OFF;ON;80;3,40;3,40;8,90;30,20;98,10;111,40;5,50;5,50;58,80;9;7,30;
2026-06-22 16:57:00.0;OFF;ON;80;3,30;3,30;8,80;30,10;98;111,40;5,50;5,50;58,70;8,90;7,30;
2026-06-22 16:58:00.0;OFF;ON;80;3,30;3,30;8,80;30,10;98;111,40;5,50;5,50;59;8,90;7,20;
2026-06-22 16:59:00.0;OFF;ON;80;3,30;3,30;8,80;30;98;111,40;5,50;5,50;58,90;8,90;7,20;
2026-06-22 17:00:00.0;OFF;ON;80;3,40;3,20;8,70;30;97,90;111,40;5,30;5,50;60,10;8,80;7,20;
2026-06-22 17:01:00.0;OFF;ON;80;3,40;3,20;8,70;29,90;97,90;111,40;5,30;5,50;60,10;8,80;7,20;
2026-06-22 17:02:00.0;OFF;ON;80;3,20;3,20;8,70;29,90;98;111,40;5,50;5,50;60,10;8,80;7,10;
2026-06-22 17:03:00.0;OFF;ON;80;3,30;3,20;8,70;29,80;97,90;111,40;5,40;5,50;60,20;8,80;7,10;
2026-06-22 17:04:00.0;OFF;ON;80;3,20;3,10;8,60;29,80;97,90;111,40;5,40;5,50;60;8,70;7,10;
2026-06-22 17:05:00.0;OFF;ON;80;3,20;3,10;8,60;29,70;98;111,40;5,50;5,50;60,30;8,70;7,10;
2026-06-22 17:06:00.0;OFF;ON;80;3,30;3,10;8,60;29,70;98;111,40;5,30;5,50;61,30;8,70;7;
2026-06-22 17:07:00.0;OFF;ON;80;3,20;3,10;8,60;29,60;97,80;111,30;5,40;5,50;60,80;8,60;7;
2026-06-22 17:08:00.0;OFF;ON;80;3,10;3;8,50;29,60;97,80;111,30;5,40;5,50;61;8,60;7;
2026-06-22 17:09:00.0;OFF;ON;80;3,10;3;8,50;29,50;97,80;111,30;5,40;5,50;61,80;8,60;7;
2026-06-22 17:10:00.0;OFF;ON;80;3,10;3;8,50;29,50;97,80;111,30;5,40;5,50;61,80;8,50;6,90;
2026-06-22 17:11:00.0;OFF;ON;80;3;3;8,50;29,40;97,70;111,30;5,40;5,50;62;8,50;6,90;
2026-06-22 17:12:00.0;OFF;ON;80;3;2,90;8,40;29,40;97,80;111,30;5,40;5,50;62,40;8,50;6,90;
2026-06-22 17:13:00.0;OFF;ON;80;3,10;2,90;8,40;29,40;97,70;111,30;5,30;5,50;63,30;8,40;6,90;
2026-06-22 17:14:00.0;OFF;ON;80;3,10;2,90;8,40;29,30;97,70;111,30;5,40;5,50;63,30;8,50;6,90;
2026-06-22 17:15:00.0;OFF;ON;80;3,10;2,90;8,40;29,30;97,70;111,30;5,20;5,50;64,60;8,40;6,80;
2026-06-22 17:16:00.0;OFF;ON;80;3,20;2,90;8,40;29,20;97,70;111,30;5,20;5,50;65,30;8,40;6,80;
2026-06-22 17:17:00.0;OFF;ON;80;3,10;2,80;8,30;29,20;97,70;111,30;5,20;5,50;65,70;8,40;6,80;
2026-06-22 17:18:00.0;OFF;ON;80;3,10;2,80;8,30;29,10;97,70;111,30;5,20;5,50;66;8,40;6,70;
2026-06-22 17:19:00.0;OFF;ON;80;3,10;2,80;8,30;29,10;97,70;111,30;5,20;5,50;66,30;8,40;6,70;
2026-06-22 17:20:00.0;OFF;ON;80;2,90;2,70;8,20;29;97,70;111,30;5,30;5,50;66;8,30;6,70;
2026-06-22 17:21:00.0;OFF;ON;80;2,90;2,70;8,20;29;97,80;111,30;5,40;5,50;66,30;8,30;6,60;
2026-06-22 17:22:00.0;OFF;ON;80;2,90;2,70;8,20;28,90;97,70;111,30;5,30;5,50;67,20;8,20;6,60;
2026-06-22 17:23:00.0;OFF;ON;80;2,70;2,70;8,20;28,90;97,80;111,30;5,40;5,50;66,60;8,20;6,50;
2026-06-22 17:24:00.0;OFF;ON;80;2,70;2,60;8,10;28,80;97,60;111,30;5,40;5,50;67;8,20;6,50;
2026-06-22 17:25:00.0;OFF;ON;80;2,70;2,70;8,20;28,80;97,50;96,50;5,40;5,50;67,10;8,20;6,50;
2026-06-22 17:26:00.0;OFF;ON;80;2,90;2,70;8,20;28,70;97,60;96,70;5,30;5,50;68,20;8,10;6,50;
2026-06-22 17:27:00.0;OFF;ON;80;2,90;2,70;8,20;28,70;97,60;96,90;5,30;5,50;68,20;8,10;6,40;
2026-06-22 17:28:00.0;OFF;ON;80;2,70;2,80;8,30;28,60;97,60;96,90;5,60;5,50;66,70;8,10;6,40;
2026-06-22 17:29:00.0;OFF;ON;80;2,80;2,90;8,40;28,60;97,80;80,10;5,50;5,50;66,60;8,10;6,40;
2026-06-22 17:30:00.0;OFF;ON;80;2,90;2,90;8,40;28,50;97,90;111,50;5,50;5,50;67,70;8,10;6,40;
2026-06-22 17:31:00.0;OFF;ON;80;2,80;2,80;8,30;28,50;97,70;111,50;5,50;5,50;67,60;8,10;6,50;
2026-06-22 17:32:00.0;OFF;ON;80;2,80;2,80;8,30;28,40;97,80;111,50;5,50;5,50;67,90;8;6,40;
2026-06-22 17:33:00.0;OFF;ON;80;2,80;2,80;8,30;28,40;97,80;111,50;5,50;5,50;67;8;6,40;
2026-06-22 17:34:00.0;OFF;ON;80;2,60;2,70;8,20;28,30;97,80;111,50;5,60;5,50;66,90;8;6,40;
2026-06-22 17:35:00.0;OFF;ON;80;2,80;2,70;8,20;28,20;97,80;111,50;5,30;5,50;68,30;8;6,40;
2026-06-22 17:36:00.0;OFF;ON;80;2,60;2,70;8,20;28,20;97,70;111,50;5,50;5,50;67,70;8;6,30;
2026-06-22 17:37:00.0;OFF;ON;80;2,60;2,60;8,10;28,10;97,80;111,50;5,50;5,50;66,90;7,90;6,30;
2026-06-22 17:38:00.0;OFF;ON;80;2,60;2,60;8,10;28,10;97,60;111,50;5,50;5,50;67,10;7,90;6,20;
2026-06-22 17:39:00.0;OFF;ON;80;2,40;2,50;8;28;97,50;111,50;5,60;5,50;66,80;7,90;6,20;
2026-06-22 17:40:00.0;OFF;ON;80;2,50;3;8;28;97,50;111,50;5,50;5;64,10;7,80;6,20;
2026-06-22 17:41:00.0;OFF;ON;80;2,60;3;8;27,90;97,50;111,50;5,40;5;64,10;7,80;6,40;
2026-06-22 17:42:00.0;OFF;ON;80;2,50;3;8;27,90;97,60;111,50;5,50;5;62,40;7,90;6,40;
2026-06-22 17:43:00.0;OFF;ON;80;2,70;3;8;27,80;97,50;111,50;5,30;5;63;7,80;6,50;
2026-06-22 17:44:00.0;OFF;ON;80;2,50;3;8;27,80;97,60;111,50;5,50;5;61;7,90;6,50;
2026-06-22 17:45:00.0;OFF;ON;80;2,50;3;8;27,70;97,60;111,50;5,50;5;60,50;7,80;6,40;
2026-06-22 17:46:00.0;OFF;ON;90;2,50;3;8;27,70;97,50;111,50;5,50;5;59,70;7,80;6,40;
2026-06-22 17:47:00.0;OFF;ON;90;2,50;3;8;27,60;97,50;111,50;5,50;5;59,10;7,90;6,40;
2026-06-22 17:48:00.0;OFF;ON;90;2,60;2,90;7,90;27,60;97,60;111,50;5,40;5;58,90;7,80;6,40;
2026-06-22 17:49:00.0;OFF;ON;90;2,50;2,90;7,90;27,50;97,50;111,50;5,40;5;58,10;7,80;6,40;
2026-06-22 17:50:00.0;OFF;ON;90;2,70;2,90;7,90;27,50;97,40;111,50;5,20;5;59;7,80;6,40;
2026-06-22 17:51:00.0;OFF;ON;90;2,60;2,90;7,90;27,40;97,40;111,50;5,30;5;57,80;7,80;6,40;
2026-06-22 17:52:00.0;OFF;ON;90;2,60;2,90;7,90;27,40;97,50;111,50;5,30;5;57,30;7,70;6,40;
2026-06-22 17:53:00.0;OFF;ON;90;2,80;2,90;7,90;27,30;97,50;111,50;5,10;5;58,30;7,70;6,30;
2026-06-22 17:54:00.0;OFF;ON;90;2,80;2,80;7,80;27,30;97,50;111,50;5;5;58,10;7,70;6,30;
2026-06-22 17:55:00.0;OFF;ON;90;2,80;2,80;7,80;27,20;97,40;111,50;5;5;58,10;7,70;6,40;
2026-06-22 17:56:00.0;OFF;ON;90;2,80;2,80;7,80;27,20;97,50;111,50;5;5;58;7,70;6,40;
2026-06-22 17:57:00.0;OFF;ON;90;2,70;2,80;7,80;27,10;97,50;111,50;5,10;5;57,60;7,70;6,40;
2026-06-22 17:58:00.0;OFF;ON;90;2,80;2,80;7,80;27,10;97,40;111,50;5;5;57,90;7,70;6,40;
2026-06-22 17:59:00.0;OFF;ON;90;2,80;2,80;7,80;27;97,40;111,50;5;5;58,70;7,60;6,30;
2026-06-22 18:00:00.0;OFF;ON;90;2,70;2,80;7,80;27;97,50;111,50;5,10;5;57,90;7,70;6,30;
2026-06-22 18:01:00.0;OFF;ON;90;2,70;2,80;7,80;26,90;97,50;111,50;5,10;5;57,70;7,60;6,30;
2026-06-22 18:02:00.0;OFF;ON;90;2,90;2,70;7,70;26,90;97,40;111,50;4,90;5;59;7,60;6,30;
2026-06-22 18:03:00.0;OFF;ON;90;2,70;2,70;7,70;26,80;97,30;111,50;5;5;58,90;7,60;6,30;
2026-06-22 18:04:00.0;OFF;ON;90;2,70;2,70;7,70;26,70;97,40;111,50;5;5;59,10;7,60;6,30;
2026-06-22 18:05:00.0;OFF;ON;90;2,70;2,70;7,70;26,70;97,40;111,50;5;5;59;7,60;6,30;
2026-06-22 18:06:00.0;OFF;ON;90;2,70;2,70;7,70;26,70;97,30;111,50;5;5;59,20;7,60;6,30;
2026-06-22 18:07:00.0;OFF;ON;90;2,80;2,70;7,70;26,60;97,30;111,50;4,90;5;59,60;7,50;6,20;
2026-06-22 18:08:00.0;OFF;ON;90;2,60;2,70;7,70;26,50;97,30;111,50;5;5;59,60;7,50;6,20;
2026-06-22 18:09:00.0;OFF;ON;90;2,60;2,60;7,60;26,50;97,30;111,50;5;5;59,50;7,50;6,20;
2026-06-22 18:10:00.0;OFF;ON;90;2,80;2,60;7,60;26,40;97,30;111,50;4,80;5;60,30;7,50;6,20;
2026-06-22 18:11:00.0;OFF;ON;90;2,80;2,60;7,60;26,40;97,30;111,50;4,80;5;60,60;7,40;6,20;
2026-06-22 18:12:00.0;OFF;ON;90;2,70;2,60;7,60;26,30;97,30;111,50;4,80;5;60,60;7,50;6,20;
2026-06-22 18:13:00.0;OFF;ON;90;2,60;2,50;7,50;26,30;97,30;111,50;5;5;60,20;7,40;6,10;
2026-06-22 18:14:00.0;OFF;ON;90;2,60;2,50;7,50;26,20;97,30;111,50;5;5;60,50;7,40;6,10;
2026-06-22 18:15:00.0;OFF;ON;90;2,70;2,50;7,50;26,20;97,20;111,50;4,80;5;61,50;7,40;6,10;
2026-06-22 18:16:00.0;OFF;ON;90;2,60;2,50;7,50;26,10;97,20;111,50;4,90;5;60,90;7,40;6,10;
2026-06-22 18:17:00.0;OFF;ON;90;2,70;2,50;7,50;26,10;97,30;111,50;4,70;5;62,50;7,30;6,10;
2026-06-22 18:18:00.0;OFF;ON;90;2,70;2,50;7,50;26;97,10;111,50;4,80;5;62,60;7,30;6,10;
2026-06-22 18:19:00.0;OFF;ON;90;2,70;2,40;7,40;26;97,10;111,50;4,70;5;63,10;7,30;6,10;
2026-06-22 18:20:00.0;OFF;ON;90;2,60;2,40;7,40;25,90;97,10;111,50;4,80;5;63,30;7,30;6;
2026-06-22 18:21:00.0;OFF;ON;90;2,60;2,40;7,40;25,90;97,10;111,50;4,80;5;63,70;7,20;6;
2026-06-22 18:22:00.0;OFF;ON;90;2,70;2,40;7,40;25,80;97,10;111,50;4,70;5;64,60;7,20;6;
2026-06-22 18:23:00.0;OFF;ON;90;2,60;2,30;7,30;25,80;97,10;111,50;4,80;5;64,40;7,20;6;
2026-06-22 18:24:00.0;OFF;ON;90;2,40;2,30;7,30;25,70;97,10;111,50;4,90;5;64;7,20;6;
2026-06-22 18:25:00.0;OFF;ON;90;2,50;2,30;7,30;25,60;97,10;111,40;4,80;5;65,30;7,20;5,90;
2026-06-22 18:26:00.0;OFF;ON;90;2,40;2,30;7,30;25,60;97,10;111,40;4,80;5;65,20;7,10;5,90;
2026-06-22 18:27:00.0;OFF;ON;90;2,60;2,30;7,30;25,50;97;111,40;4,70;5;66,60;7,10;5,90;
2026-06-22 18:28:00.0;OFF;ON;90;2,40;2,30;7,30;25,50;97,10;111,40;4,80;5;66,10;7,10;5,90;
2026-06-22 18:29:00.0;OFF;ON;90;2,50;2,20;7,20;25,40;97;111,40;4,80;5;67,10;7,10;5,90;
2026-06-22 18:30:00.0;OFF;ON;90;2,30;2,20;7,20;25,40;97;111,40;4,90;5;66,70;7,10;5,80;
2026-06-22 18:31:00.0;OFF;ON;90;2,40;2,20;7,20;25,30;97;111,40;4,80;5;67,30;7,10;5,80;
2026-06-22 18:32:00.0;OFF;ON;90;2,30;2,20;7,20;25,30;97;111,40;4,80;5;67,70;7;5,80;
2026-06-22 18:33:00.0;OFF;ON;90;2,10;2,10;7,10;25,20;97;111,40;5;5;67,50;7;5,70;
2026-06-22 18:34:00.0;OFF;ON;90;2,30;2,10;7,10;25,20;97;111,40;4,80;5;68,30;7;5,70;
2026-06-22 18:35:00.0;OFF;ON;90;2,10;2,10;7,10;25,10;97;111,40;5;5;67,90;7;5,70;
2026-06-22 18:36:00.0;OFF;ON;90;2,10;2;7;25,10;97;111,40;5;5;67;6,90;5,60;
2026-06-22 18:37:00.0;OFF;ON;90;2,10;2;7;25;96,90;111,40;5;5;68;6,90;5,60;
2026-06-22 18:38:00.0;OFF;ON;90;2;3;7;25;96,90;111,40;5;4;59,80;6,80;5,60;
2026-06-22 18:39:00.0;OFF;ON;90;2,10;3;7;24,90;96,80;111,40;4,90;4;58,70;6,80;5,60;
2026-06-22 18:40:00.0;OFF;ON;90;2,20;3;7;24,90;96,90;111,40;4,80;4;57,50;6,80;5,60;
2026-06-22 18:41:00.0;OFF;ON;90;2,30;3;7;24,80;96,90;111,40;4,60;4;57,30;6,80;5,70;
2026-06-22 18:42:00.0;OFF;ON;90;2,30;3;7;24,80;97;111,40;4,70;4;56,20;6,90;5,70;
2026-06-22 18:43:00.0;OFF;ON;90;2,60;3;7;24,70;97;111,40;4,40;4;56,60;6,90;5,80;
2026-06-22 18:44:00.0;OFF;ON;100;2,70;3;7;24,70;97;111,40;4,40;4;56,10;6,90;5,80;
2026-06-22 18:45:00.0;OFF;ON;100;2,80;3;7;24,70;97,10;111,40;4,30;4;55,90;6,90;5,90;
2026-06-22 18:46:00.0;OFF;ON;100;2,80;3,10;7,10;24,60;97,10;111,40;4,20;4;55,90;6,90;5,90;
2026-06-22 18:47:00.0;OFF;ON;100;2,90;3,10;7,10;24,60;97,30;111,40;4,20;4;55,60;6,90;5,90;
2026-06-22 18:48:00.0;OFF;ON;100;2,80;3,10;7,10;24,50;97,40;111,40;4,30;4;54,60;7;6;
2026-06-22 18:49:00.0;OFF;ON;100;2,80;3,10;7,10;24,50;97,30;111,40;4,20;4;54,30;7;6;
2026-06-22 18:50:00.0;OFF;ON;100;3;3,10;7,10;24,40;97,40;111,30;4,10;4;54,70;7;6;
2026-06-22 18:51:00.0;OFF;ON;100;3,10;3,10;7,10;24,40;97,40;111,30;4;4;55;7;6,10;
2026-06-22 18:52:00.0;OFF;ON;100;3,10;3,10;7,10;24,40;97,50;111,30;4;4;54,80;7;6,10;
2026-06-22 18:53:00.0;OFF;ON;100;3,10;3,10;7,10;24,30;97,50;111,30;4;4;54,80;7;6,10;
2026-06-22 18:54:00.0;OFF;ON;100;3,20;3,20;7,20;24,30;97,50;111,30;4;4;54,70;7;6,10;
2026-06-22 18:55:00.0;OFF;ON;100;3,20;3,10;7,10;24,20;97,50;111,30;4;4;54,60;7;6,10;
2026-06-22 18:56:00.0;OFF;ON;100;3,10;3,20;7,20;24,20;97,50;111,30;4,10;4;54,50;7;6,20;
2026-06-22 18:57:00.0;OFF;ON;100;3,10;3,20;7,20;24,10;97,50;111,30;4;4;55,60;7;6,20;
2026-06-22 18:58:00.0;OFF;ON;100;3,10;3,20;7,20;24,10;97,50;111,30;4,10;4;54,40;7;6,20;
2026-06-22 18:59:00.0;OFF;ON;100;3,20;3,20;7,20;24,10;97,50;111,30;3,90;4;55,50;7;6,20;
2026-06-22 19:00:00.0;OFF;ON;100;3,30;3,20;7,20;24;97,50;111,30;3,90;4;55,90;7;6,20;
2026-06-22 19:01:00.0;OFF;ON;100;3,20;3,20;7,20;24;97,40;111,30;4;4;54,80;7;6,20;
2026-06-22 19:02:00.0;OFF;ON;100;3,10;3,20;7,20;23,90;97,50;111,30;4;4;55,60;7,10;6,20;
2026-06-22 19:03:00.0;OFF;ON;100;3,10;3,20;7,20;23,90;97,50;111,30;4;4;55,90;7;6,20;
2026-06-22 19:04:00.0;OFF;ON;100;3,10;3,20;7,20;23,80;97,40;111,30;4;4;55,90;7,10;6,20;
2026-06-22 19:05:00.0;OFF;ON;100;3,20;3,10;7,10;23,80;97,40;111,30;4;4;55,90;7;6,20;
2026-06-22 19:06:00.0;OFF;ON;100;3,20;3,10;7,10;23,70;97,40;111,30;3,90;4;56,20;7;6,20;
2026-06-22 19:07:00.0;OFF;ON;100;3,20;3,10;7,10;23,70;97,40;111,30;4;4;56,20;7;6,20;
2026-06-22 19:08:00.0;OFF;ON;100;3,20;3,20;7,20;23,60;97,30;111,30;4;4;56,40;7;6,10;
2026-06-22 19:09:00.0;OFF;ON;100;3,20;3,20;7,20;23,60;97,40;111,30;4;4;56,50;7,10;6,20;
2026-06-22 19:10:00.0;OFF;ON;100;3,30;3,20;7,20;23,60;97,40;111,30;3,90;4;57,20;7,10;6,20;
2026-06-22 19:11:00.0;OFF;ON;100;3,10;3,10;7,10;23,50;97,30;111,30;4;4;57;7,10;6,10;
2026-06-22 19:12:00.0;OFF;ON;100;3,30;3,10;7,10;23,50;97,30;111,30;3,80;4;57,80;7,10;6,10;
2026-06-22 19:13:00.0;OFF;ON;100;3,30;3,10;7,10;23,40;97,30;111,30;3,80;4;58;7,10;6,10;
2026-06-22 19:14:00.0;OFF;ON;100;3,20;3,10;7,10;23,40;97,30;111,30;3,90;4;57,30;7,10;6,10;
2026-06-22 19:15:00.0;OFF;ON;100;3,30;3,10;7,10;23,30;97,30;111,30;3,80;4;58,20;7,10;6,10;
2026-06-22 19:16:00.0;OFF;ON;100;3,20;3,10;7,10;23,30;97,30;111,30;4;4;57,60;7,10;6,10;
2026-06-22 19:17:00.0;OFF;ON;100;3,10;3,10;7,10;23,20;97,30;111,30;4;4;57,80;7,10;6,10;
2026-06-22 19:18:00.0;OFF;ON;100;3,20;3,10;7,10;23,20;97,20;111,30;3,80;4;58,60;7,10;6,10;
2026-06-22 19:19:00.0;OFF;ON;100;3,10;3,10;7,10;23,20;97,30;111,30;4;4;58,30;7;6,10;
2026-06-22 19:20:00.0;OFF;ON;100;3,20;3,10;7,10;23,10;97,20;111,30;3,90;4;59,10;7;6,10;
2026-06-22 19:21:00.0;OFF;ON;100;3,10;3,10;7,10;23,10;97,20;111,30;3,90;4;58,70;7;6,10;
2026-06-22 19:22:00.0;OFF;ON;100;3;3;7;23;97,10;111,30;4;4;58,20;7;6,10;
2026-06-22 19:23:00.0;OFF;ON;100;3;3;7;23;97,10;111,30;4;4;58;7;6;
2026-06-22 19:24:00.0;OFF;ON;100;3,20;3;7;22,90;97,10;111,30;3,70;4;60,70;7;6;
2026-06-22 19:25:00.0;OFF;ON;100;3,70;3;7;22,90;97,10;111,30;3,30;4;63,80;7;6,10;
2026-06-22 19:26:00.0;OFF;ON;100;3,80;3,10;7,10;22,80;97,10;111,30;3,30;4;65,90;7;6,20;
2026-06-22 19:27:00.0;OFF;ON;100;4;3,10;7,10;22,80;97,30;111,30;3,10;4;68,30;7,10;6,30;
2026-06-22 19:28:00.0;OFF;ON;100;3,60;3,20;7,20;22,80;97,60;111,30;3,60;4;65,90;7,20;6,40;
2026-06-22 19:29:00.0;OFF;ON;100;3;3,20;7,20;22,70;97,60;111,30;4,20;4;62,70;7,10;6,30;
2026-06-22 19:30:00.0;OFF;ON;100;2,90;3,10;7,10;22,70;97,50;111,30;4,20;4;61,90;7,10;6,20;
2026-06-22 19:31:00.0;OFF;ON;100;2,50;3;7;22,60;97,20;111,30;4,50;4;59;7;5,90;
2026-06-22 19:32:00.0;OFF;ON;100;2,50;2,90;6,90;22,60;97,10;111,30;4,40;4;59;6,90;5,80;
2026-06-22 19:33:00.0;OFF;ON;100;2,30;2,80;6,80;22,50;96,80;111,30;4,50;4;57,30;6,80;5,70;
2026-06-22 19:34:00.0;OFF;ON;100;2,20;2,80;6,80;22,50;96,60;111,30;4,50;4;56,70;6,80;5,60;
2026-06-22 19:35:00.0;OFF;ON;100;2,30;2,70;6,70;22,40;96,50;111,30;4,40;4;56,50;6,70;5,50;
2026-06-22 19:36:00.0;OFF;ON;100;2,30;2,70;6,70;22,40;96,40;111,30;4,40;4;55,80;6,70;5,50;
2026-06-22 19:37:00.0;OFF;ON;100;2,30;2,60;6,60;22,30;96,40;111,30;4,30;4;55,90;6,60;5,50;
2026-06-22 19:38:00.0;OFF;ON;100;2,40;2,60;6,60;22,30;96,40;111,30;4,20;4;56,10;6,60;5,50;
2026-06-22 19:39:00.0;OFF;ON;100;2,50;2,60;6,60;22,30;96,40;111,30;4,10;4;56,30;6,60;5,40;
2026-06-22 19:40:00.0;OFF;ON;100;2,50;2,60;6,60;22,20;96,50;111,30;4,10;4;56,10;6,60;5,40;
2026-06-22 19:41:00.0;OFF;ON;100;2,40;2,50;6,50;22,20;96,60;111,30;4,20;4;55,30;6,50;5,40;
2026-06-22 19:42:00.0;OFF;ON;100;2,50;2,60;6,60;22,10;96,60;111,30;4;4;55,80;6,50;5,40;
2026-06-22 19:43:00.0;OFF;ON;100;2,40;2,50;6,50;22,10;96,60;111,30;4,20;4;55;6,50;5,40;
2026-06-22 19:44:00.0;OFF;ON;100;2,40;2,50;6,50;22;96,60;111,30;4,20;4;54,80;6,50;5,40;
2026-06-22 19:45:00.0;OFF;ON;100;2,50;2,50;6,50;22;96,60;111,30;4;4;55,40;6,50;5,40;
2026-06-22 19:46:00.0;OFF;ON;100;2,50;2,50;6,50;21,90;96,70;111,30;4;4;55,10;6,50;5,40;
2026-06-22 19:47:00.0;OFF;ON;100;2,40;2,50;6,50;21,90;96,60;111,30;4,10;4;55,10;6,50;5,40;
2026-06-22 19:48:00.0;OFF;ON;100;2,60;2,50;6,50;21,80;96,70;111,30;3,90;4;56,40;6,50;5,40;
2026-06-22 19:49:00.0;OFF;ON;100;2,60;2,50;6,50;21,80;96,80;111,30;3,90;4;56,50;6,50;5,40;
2026-06-22 19:50:00.0;OFF;ON;100;2,50;2,50;6,50;21,80;96,60;111,30;4;4;56,20;6,50;5,40;
2026-06-22 19:51:00.0;OFF;ON;100;2,50;2,50;6,50;21,70;96,60;111,20;4;4;56,40;6,50;5,40;
2026-06-22 19:52:00.0;OFF;ON;100;2,50;2,50;6,50;21,70;96,70;111,20;4;4;56,70;6,50;5,40;
2026-06-22 19:53:00.0;OFF;ON;100;2,50;2,40;6,40;21,60;96,90;111,20;4;4;56,70;6,40;5,40;
2026-06-22 19:54:00.0;OFF;ON;100;2,50;2,40;6,40;21,60;96,80;111,20;3,90;4;56,90;6,40;5,40;
2026-06-22 19:55:00.0;OFF;ON;100;2,50;2,40;6,40;21,50;96,90;111,20;4;4;57,10;6,40;5,40;
2026-06-22 19:56:00.0;OFF;ON;100;2,60;2,40;6,40;21,50;96,90;111,20;3,80;4;58,50;6,40;5,40;
2026-06-22 19:57:00.0;OFF;ON;100;2,60;2,40;6,40;21,50;96,80;111,20;3,80;4;58,70;6,40;5,40;
2026-06-22 19:58:00.0;OFF;ON;100;2,70;2,40;6,40;21,40;96,80;111,20;3,70;4;59,50;6,40;5,40;
2026-06-22 19:59:00.0;OFF;ON;100;2,60;2,40;6,40;21,40;96,90;111,20;3,80;4;59,20;6,40;5,40;
2026-06-22 20:00:00.0;OFF;ON;100;2,50;2,40;6,40;21,30;96,90;111,20;3,90;4;59;6,40;5,40;
2026-06-22 20:01:00.0;OFF;ON;100;2,50;2,40;6,40;21,30;96,80;111,20;3,90;4;59,20;6,40;5,40;
2026-06-22 20:02:00.0;OFF;ON;100;2,50;2,40;6,40;21,20;96,90;111,20;3,90;4;59,70;6,40;5,40;
2026-06-22 20:03:00.0;OFF;ON;100;2,60;2,40;6,40;21,20;96,90;111,20;3,70;4;61,20;6,30;5,40;
2026-06-22 20:04:00.0;OFF;ON;100;2,50;2,30;6,30;21,10;96,80;111,20;3,80;4;61;6,30;5,40;
2026-06-22 20:05:00.0;OFF;ON;100;2,70;2,30;6,30;21,10;96,80;111,20;3,70;4;62,40;6,30;5,40;
2026-06-22 20:06:00.0;OFF;ON;100;2,60;2,30;6,30;21;96,80;111,20;3,80;4;62,30;6,30;5,40;
2026-06-22 20:07:00.0;OFF;ON;100;2,50;2,30;6,30;21;96,80;111,20;3,80;4;62,30;6,30;5,40;
2026-06-22 20:08:00.0;OFF;ON;100;2,50;2,30;6,30;21;96,80;111,20;3,80;4;62,90;6,30;5,30;
2026-06-22 20:09:00.0;OFF;ON;100;2,60;2,30;6,30;20,90;96,80;111,20;3,70;4;64,30;6,30;5,30;
2026-06-22 20:10:00.0;OFF;ON;100;2,50;2,30;6,30;20,90;96,80;111,20;3,80;4;63,90;6,30;5,30;
2026-06-22 20:11:00.0;OFF;ON;100;2,50;2,30;6,30;20,80;96,90;111,20;3,70;4;64,90;6,30;5,30;
2026-06-22 20:12:00.0;OFF;ON;100;2,50;2,30;6,30;20,80;96,80;111,20;3,80;4;64,90;6,20;5,30;
2026-06-22 20:13:00.0;OFF;ON;100;2,50;2,20;6,20;20,70;96,80;111,20;3,80;4;65,50;6,20;5,30;
2026-06-22 20:14:00.0;OFF;ON;100;2,30;2,20;6,20;20,70;96,80;111,20;4;4;64,70;6,20;5,20;
2026-06-22 20:15:00.0;OFF;ON;100;2,20;2,20;6,20;20,60;96,70;111,20;4;4;65,10;6,20;5,20;
2026-06-22 20:16:00.0;OFF;ON;100;2,20;2,20;6,20;20,60;96,60;111,20;4;4;65,30;6,20;5,20;
2026-06-22 20:17:00.0;OFF;ON;100;2,10;2,10;6,10;20,60;96,60;111,20;4;4;64,30;6,10;5,10;
2026-06-22 20:18:00.0;OFF;ON;100;2,20;2,10;6,10;20,50;96,60;111,20;3,90;4;65,70;6,10;5;
2026-06-22 20:19:00.0;OFF;ON;100;2,40;2,10;6,10;20,50;96,50;111,20;3,70;4;67,30;6,10;5,10;
2026-06-22 20:20:00.0;OFF;ON;100;2,20;2,10;6,10;20,40;96,50;111,20;3,90;4;66,20;6,10;5,10;
2026-06-22 20:21:00.0;OFF;ON;100;2,30;2,10;6,10;20,40;96,60;111,20;3,80;4;67,60;6,10;5,10;
2026-06-22 20:22:00.0;OFF;ON;100;1,80;2,10;6,10;20,30;96,60;111,20;4,30;4;64,20;6,10;5,10;
2026-06-22 20:23:00.0;OFF;ON;100;1,80;2;6;20,30;96,50;111,20;4,30;4;63,90;6;4,90;
2026-06-22 20:24:00.0;OFF;ON;100;1,70;1,90;5,90;20,20;96,40;111,20;4,20;4;63,70;5,90;4,80;
2026-06-22 20:25:00.0;OFF;ON;100;1,50;1,90;5,90;20,20;96,10;111,20;4,30;4;62,50;5,90;4,80;
2026-06-22 20:26:00.0;OFF;ON;100;1,70;1,80;5,80;20,10;96,10;111,20;4,10;4;63,30;5,80;4,70;
2026-06-22 20:27:00.0;OFF;ON;100;1,50;1,80;5,80;20,10;96,10;111,20;4,20;4;62,20;5,80;4,70;
2026-06-22 20:28:00.0;OFF;ON;100;1,50;1,80;5,80;20,10;96,10;111,20;4,30;4;61,40;5,70;4,70;
2026-06-22 20:29:00.0;OFF;ON;100;1,40;1,70;5,70;20;96,20;111,20;4,30;4;61;5,70;4,70;
2026-06-22 20:30:00.0;OFF;ON;100;1,40;1,70;5,70;20;96,10;111,20;4,30;4;60,40;5,70;4,60;
2026-06-22 20:31:00.0;OFF;ON;100;1,50;1,70;5,70;19,90;96;111,20;4,20;4;61,10;5,70;4,60;
2026-06-22 20:32:00.0;OFF;ON;100;1,50;1,60;5,60;19,90;96;111,20;4,10;4;60,80;5,60;4,60;
2026-06-22 20:33:00.0;OFF;ON;100;1,40;1,60;5,60;19,90;96;111,20;4,20;4;60,20;5,60;4,50;
2026-06-22 20:34:00.0;OFF;ON;100;1,30;1,60;5,60;19,80;96;111,20;4,30;4;59,20;5,60;4,50;
2026-06-22 20:35:00.0;OFF;ON;100;1,50;1,60;5,60;19,80;96;111,20;4,10;4;59,80;5,50;4,50;
2026-06-22 20:36:00.0;OFF;ON;100;1,30;1,50;5,50;19,80;96;111,20;4,10;4;58,50;5,50;4,50;
2026-06-22 20:37:00.0;OFF;ON;100;1,50;1,50;5,50;19,70;96,10;111,20;4,10;4;59,60;5,50;4,50;
2026-06-22 20:38:00.0;OFF;ON;100;1,50;1,50;5,50;19,70;96;111,20;4;4;59;5,50;4,50;
2026-06-22 20:39:00.0;OFF;ON;100;1,50;1,50;5,50;19,70;96,10;111,20;4;4;59,10;5,50;4,40;
2026-06-22 20:40:00.0;OFF;ON;100;1,50;1,50;5,50;19,60;96,10;111,20;4;4;59;5,40;4,40;
2026-06-22 20:41:00.0;OFF;ON;100;1,30;1,40;5,40;19,60;96,10;111,20;4,20;4;58,20;5,40;4,40;
2026-06-22 20:42:00.0;OFF;ON;100;1,30;1,40;5,40;19,60;96,10;111,20;4,10;4;58,50;5,40;4,40;
2026-06-22 20:43:00.0;OFF;ON;100;1,50;1,40;5,40;19,50;96,20;111,20;4;4;59,30;5,40;4,40;
2026-06-22 20:44:00.0;OFF;ON;100;1,40;1,40;5,40;19,50;96,20;111,20;4;4;58,30;5,40;4,40;
2026-06-22 20:45:00.0;OFF;ON;100;1,20;1,40;5,40;19,40;96,20;111,20;4,10;4;58;5,40;4,40;
2026-06-22 20:46:00.0;OFF;ON;100;1,30;1,40;5,40;19,40;96,10;111,20;4,10;4;58,30;5,40;4,40;
2026-06-22 20:47:00.0;OFF;ON;100;1,30;1,30;5,30;19,40;96,20;111,20;4;4;59,30;5,30;4,40;
2026-06-22 20:48:00.0;OFF;ON;100;1,30;1,30;5,30;19,30;96,20;111,20;4;4;59,20;5,30;4,30;
2026-06-22 20:49:00.0;OFF;ON;100;1,30;1,30;5,30;19,30;96,10;111,20;4;4;59,20;5,30;4,30;
2026-06-22 20:50:00.0;OFF;ON;100;1,20;1,30;5,30;19,30;96,10;111,20;4,10;4;58,50;5,30;4,30;
2026-06-22 20:51:00.0;OFF;ON;100;1,40;1,30;5,30;19,20;96,20;111,20;3,90;4;59,70;5,30;4,30;
2026-06-22 20:52:00.0;OFF;ON;100;1,20;1,20;5,20;19,20;96,10;111,20;4,10;4;58,70;5,20;4,30;
2026-06-22 20:53:00.0;OFF;ON;100;1,20;1,20;5,20;19,10;96,10;111,20;4;4;59,90;5,20;4,30;
2026-06-22 20:54:00.0;OFF;ON;100;1,20;1,20;5,20;19,10;96,10;111,20;4;4;59,80;5,20;4,30;
2026-06-22 20:55:00.0;OFF;ON;100;1,10;1,20;5,20;19,10;96,10;111,20;4,10;4;58,60;5,20;4,30;
2026-06-22 20:56:00.0;OFF;ON;100;1,50;1,10;5,10;19;96,10;111,20;3,60;4;61,60;5,10;4,20;
2026-06-22 20:57:00.0;OFF;ON;100;1,50;1,20;5,20;19;96,10;111,20;3,60;4;62,40;5,10;4,30;
2026-06-22 20:58:00.0;OFF;ON;100;2,30;1,20;5,20;19;96,20;111,20;2,90;4;68,20;5,10;4,30;
2026-06-22 20:59:00.0;OFF;ON;100;2,30;1,30;5,30;18,90;96,50;111,20;3;4;70,10;5,30;4,50;
2026-06-22 21:00:00.0;OFF;ON;100;1,80;1,30;5,30;18,90;96,70;111,20;3,50;4;67,50;5,30;4,60;
2026-06-22 21:01:00.0;OFF;ON;100;1,70;1,40;5,40;18,90;96,90;111,20;3,70;4;67,80;5,30;4,60;
2026-06-22 21:02:00.0;OFF;ON;100;0,80;1,40;5,40;18,80;96,90;111,20;4,50;4;62,40;5,30;4,50;
2026-06-22 21:03:00.0;OFF;ON;100;1;1,30;5,30;18,80;96,80;111,20;4,30;4;63,30;5,20;4,40;
2026-06-22 21:04:00.0;OFF;ON;100;0,70;1,20;5,20;18,70;96,40;111,20;4,50;4;61,40;5,10;4,20;
2026-06-22 21:05:00.0;OFF;ON;100;0,70;1;5;18,70;96,10;111,20;4,30;4;61,50;5;4,10;
2026-06-22 21:06:00.0;OFF;ON;100;1;1,50;5;18,70;95,80;111,20;3,90;3,50;59,70;4,90;4;
2026-06-22 21:07:00.0;OFF;ON;100;0,90;1,40;4,90;18,60;95,70;111,20;4;3,50;58,40;4,90;4;
2026-06-22 21:08:00.0;OFF;ON;100;0,80;1,40;4,90;18,60;95,80;111,20;4,10;3,50;56,90;4,90;4;
2026-06-22 21:09:00.0;OFF;ON;100;1;1,40;4,90;18,60;95,90;111,20;3,90;3,50;57,20;4,90;4;
2026-06-22 21:10:00.0;OFF;ON;100;1,10;1,40;4,90;18,50;96;111,20;3,80;3,50;57,10;4,90;4;
2026-06-22 21:11:00.0;OFF;ON;100;1,20;1,40;4,90;18,50;96;111,20;3,70;3,50;57,20;4,90;4;
2026-06-22 21:12:00.0;OFF;ON;100;1,20;1,40;4,90;18,50;96;111,20;3,70;3,50;56,60;4,90;4;
2026-06-22 21:13:00.0;OFF;ON;100;1,30;1,40;4,90;18,40;96,10;111,20;3,60;3,50;56,50;4,90;4,10;
2026-06-22 21:14:00.0;OFF;ON;100;1,30;1,40;4,90;18,40;96,10;111,20;3,60;3,50;56,60;4,90;4,10;
2026-06-22 21:15:00.0;OFF;ON;100;1,40;1,40;4,90;18,40;96,20;111,20;3,60;3,50;56,50;4,90;4,10;
2026-06-22 21:16:00.0;OFF;ON;100;1,40;1,40;4,90;18,30;96,20;111,20;3,50;3,50;56,40;4,90;4,10;
2026-06-22 21:17:00.0;OFF;ON;100;1,40;1,40;4,90;18,30;96,40;111,20;3,50;3,50;56,10;4,90;4,10;
2026-06-22 21:18:00.0;OFF;ON;100;1,40;1,40;4,90;18,20;96,30;111,20;3,50;3,50;56;4,90;4,10;
2026-06-22 21:19:00.0;OFF;ON;100;1,40;1,40;4,90;18,20;96,30;111,20;3,50;3,50;55,80;4,90;4,10;
2026-06-22 21:20:00.0;OFF;ON;100;1,50;1,40;4,90;18,20;96,40;111,20;3,50;3,50;55,50;4,90;4,10;
2026-06-22 21:21:00.0;OFF;ON;100;1,90;1,40;4,90;18,10;96,40;111,20;3;3,50;59,50;4,90;4,10;
2026-06-22 21:22:00.0;OFF;ON;100;1,70;1,50;5;18,10;96,50;111,10;3,20;3,50;58,90;5;4,30;
2026-06-22 21:23:00.0;OFF;ON;100;2,30;1,50;5;18,10;96,60;111,20;2,70;3,50;63,20;4,90;4,30;
2026-06-22 21:24:00.0;OFF;ON;100;2,40;1,50;5;18;96,70;111,10;2,60;3,50;65,50;5;4,40;
2026-06-22 21:25:00.0;OFF;ON;100;1,90;1,60;5,10;18;96,90;111,20;3,20;3,50;62,20;5,10;4,50;
2026-06-22 21:26:00.0;OFF;ON;100;1,90;1,70;5,20;18;97;111,20;3,30;3,50;62,70;5,10;4,50;
2026-06-22 21:27:00.0;OFF;ON;100;1,30;1,60;5,10;17,90;97;111,20;3,80;3,50;59,70;5,10;4,50;
2026-06-22 21:28:00.0;OFF;ON;100;2;1,60;5,10;17,90;97;111,10;3,10;3,50;64,60;5;4,40;
2026-06-22 21:29:00.0;OFF;ON;100;1,60;1,50;5;17,80;96,80;111,20;3,40;3,50;63,10;5;4,40;
2026-06-22 21:30:00.0;OFF;ON;100;1,70;1,50;5;17,80;96,70;111,10;3,30;3,50;64;5;4,30;
2026-06-22 21:31:00.0;OFF;ON;100;2,30;1,50;5;17,80;96,60;111,10;2,70;3,50;69,30;5;4,40;
2026-06-22 21:32:00.0;OFF;ON;100;2;1,60;5,10;17,70;96,80;111,20;3,10;3,50;67,50;5,10;4,50;
2026-06-22 21:33:00.0;OFF;ON;100;1,60;1,60;5,10;17,70;96,80;111,10;3,50;3,50;65,90;5,10;4,40;
2026-06-22 21:34:00.0;OFF;ON;100;1,50;1,60;5,10;17,70;96,80;111,10;3,50;3,50;66,10;5;4,40;
2026-06-22 21:35:00.0;OFF;ON;100;1;1,50;5;17,60;96,60;111,10;4;3,50;61,40;5;4,30;
2026-06-22 21:36:00.0;OFF;ON;100;0,80;1,40;4,90;17,60;96,40;111,10;4,10;3,50;59,90;4,90;4,10;
2026-06-22 21:37:00.0;OFF;ON;100;0,80;1,30;4,80;17,60;96,10;111,10;4,10;3,50;59;4,80;4;
2026-06-22 21:38:00.0;OFF;ON;100;0,90;1,30;4,80;17,50;95,90;111,20;3,90;3,50;58,90;4,70;3,90;
2026-06-22 21:39:00.0;OFF;ON;100;0,70;1,20;4,70;17,50;95,80;111,10;4;3,50;57,30;4,70;3,80;
2026-06-22 21:40:00.0;OFF;ON;100;0,90;1,20;4,70;17,50;95,80;111,10;3,80;3,50;57,80;4,70;3,80;
2026-06-22 21:41:00.0;OFF;ON;100;0,80;1,20;4,70;17,40;95,80;111,10;3,90;3,50;56,90;4,60;3,80;
2026-06-22 21:42:00.0;OFF;ON;100;0,90;1,10;4,60;17,40;95,90;111,10;3,70;3,50;57,20;4,60;3,80;
2026-06-22 21:43:00.0;OFF;ON;100;0,90;1,10;4,60;17,30;95,80;111,10;3,70;3,50;56,70;4,60;3,80;
2026-06-22 21:44:00.0;OFF;ON;100;1;1,10;4,60;17,30;95,80;111,10;3,70;3,50;56,50;4,60;3,80;
2026-06-22 21:45:00.0;OFF;ON;100;0,90;1,10;4,60;17,30;95,90;111,10;3,70;3,50;55,90;4,60;3,80;
2026-06-22 21:46:00.0;OFF;ON;100;0,90;1,10;4,60;17,20;95,90;111,10;3,70;3,50;55,70;4,60;3,80;
2026-06-22 21:47:00.0;OFF;ON;100;1,10;1,10;4,60;17,20;95,90;111,10;3,60;3,50;56,40;4,60;3,80;
2026-06-22 21:48:00.0;OFF;ON;100;1;1,10;4,60;17,20;96;111,10;3,70;3,50;55,70;4,60;3,80;
2026-06-22 21:49:00.0;OFF;ON;100;0,90;1,10;4,60;17,10;96;111,10;3,70;3,50;55,20;4,60;3,80;
2026-06-22 21:50:00.0;OFF;ON;100;1,10;1,10;4,60;17,10;96,10;111,10;3,50;3,50;55,80;4,60;3,80;
2026-06-22 21:51:00.0;OFF;ON;100;1,60;1,10;4,60;17,10;96,10;111,10;3;3,50;60,10;4,60;3,80;
2026-06-22 21:52:00.0;OFF;ON;100;1,30;1,10;4,60;17;96,20;111,10;3,30;3,50;58,40;4,60;3,90;
2026-06-22 21:53:00.0;OFF;ON;100;2,10;1,20;4,70;17;96,40;111,10;2,50;3,50;64,40;4,60;3,90;
2026-06-22 21:54:00.0;OFF;ON;100;1,90;1,20;4,70;17;96,40;111,10;2,70;3,50;64,40;4,70;4;
2026-06-22 21:55:00.0;OFF;ON;100;1,60;1,30;4,80;16,90;96,70;111,10;3,20;3,50;63,20;4,70;4,20;
2026-06-22 21:56:00.0;OFF;ON;100;1,70;1,30;4,80;16,90;96,80;111,10;3,10;3,50;64,10;4,80;4,20;
2026-06-22 21:57:00.0;OFF;ON;100;1,60;1,30;4,80;16,90;96,90;111,10;3,20;3,50;63,80;4,70;4,10;
2026-06-22 21:58:00.0;OFF;ON;100;1,80;1,30;4,80;16,80;96,80;111,10;3;3,50;66,20;4,70;4,10;
2026-06-22 21:59:00.0;OFF;ON;100;1,50;1,30;4,80;16,80;96,80;111,10;3,30;3,50;64,80;4,70;4,10;
2026-06-22 22:00:00.0;OFF;ON;100;1,40;1,20;4,70;16,70;96,60;111,10;3,30;3,50;65,10;4,70;4,10;
2026-06-22 22:01:00.0;OFF;ON;100;1,80;1,20;4,70;16,70;96,50;111,10;2,90;3,50;68,70;4,70;4,10;
2026-06-22 22:02:00.0;OFF;ON;100;1,20;1,20;4,70;16,70;96,70;111,10;3,50;3,50;66,20;4,70;4,10;
2026-06-22 22:03:00.0;OFF;ON;100;1,30;1,20;4,70;16,60;96,80;111,10;3,40;3,50;66,50;4,70;4,10;
2026-06-22 22:04:00.0;OFF;ON;100;1,10;1,20;4,70;16,60;96,50;111,10;3,60;3,50;65;4,70;4;
2026-06-22 22:05:00.0;OFF;ON;100;0,60;1,10;4,60;16,60;96,40;111,10;4;3,50;61,60;4,60;3,90;
2026-06-22 22:06:00.0;OFF;ON;100;0,60;1;4,50;16,50;96,10;111,10;4;3,50;60,80;4,50;3,70;
2026-06-22 22:07:00.0;OFF;ON;100;0,50;1;4,50;16,50;95,80;111,10;4;3,50;59,40;4,40;3,60;
2026-06-22 22:08:00.0;OFF;ON;100;0,40;0,90;4,40;16,40;95,70;111,10;4;3,50;58,60;4,40;3,50;
2026-06-22 22:09:00.0;OFF;ON;100;0,50;0,90;4,40;16,40;95,70;111,10;3,80;3,50;58,80;4,30;3,50;
2026-06-22 22:10:00.0;OFF;ON;100;0,50;0,80;4,30;16,40;95,50;111,10;3,80;3,50;57,90;4,30;3,50;
2026-06-22 22:11:00.0;OFF;ON;100;0,50;0,80;4,30;16,30;95,50;111,10;3,80;3,50;57,20;4,30;3,40;
2026-06-22 22:12:00.0;OFF;ON;100;0,50;0,80;4,30;16,30;95,70;111,10;3,80;3,50;56,90;4,30;3,40;
2026-06-22 22:13:00.0;OFF;ON;100;0,50;0,80;4,30;16,30;95,80;111,10;3,80;3,50;56,60;4,30;3,40;
2026-06-22 22:14:00.0;OFF;ON;100;0,70;0,80;4,30;16,20;95,70;111,10;3,60;3,50;57,50;4,30;3,40;
2026-06-22 22:15:00.0;OFF;ON;100;0,60;0,80;4,30;16,20;95,80;111,10;3,70;3,50;56,60;4,30;3,40;
2026-06-22 22:16:00.0;OFF;ON;100;0,70;0,80;4,30;16,20;95,90;111,10;3,60;3,50;56,80;4,20;3,50;
2026-06-22 22:17:00.0;OFF;ON;100;0,70;0,80;4,30;16,10;95,90;111,10;3,50;3,50;56,50;4,20;3,50;
2026-06-22 22:18:00.0;OFF;ON;100;1,30;0,80;4,30;16,10;95,90;111,10;2,90;3,50;60,90;4,30;3,50;
2026-06-22 22:19:00.0;OFF;ON;100;1;0,80;4,30;16,10;95,90;111;3,30;3,50;59,50;4,30;3,60;
2026-06-22 22:20:00.0;OFF;ON;100;1,50;0,80;4,30;16;96,10;111;2,80;3,50;62,80;4,30;3,60;
2026-06-22 22:21:00.0;OFF;ON;100;1,60;0,80;4,30;16;96,20;111;2,70;3,50;64,90;4,30;3,70;
2026-06-22 22:22:00.0;OFF;ON;100;1,70;0,90;4,40;16;96,40;111;2,70;3,50;65,90;4,40;3,80;
2026-06-22 22:23:00.0;OFF;ON;100;1,40;1;4,50;15,90;96,70;111;3,10;3,50;64,80;4,40;3,90;
2026-06-22 22:24:00.0;OFF;ON;100;1,10;1;4,50;15,90;96,80;111;3,40;3,50;63,50;4,40;3,80;
2026-06-22 22:25:00.0;OFF;ON;100;1,20;0,90;4,40;15,90;96,80;111;3,30;3,50;64,40;4,40;3,80;
2026-06-22 22:26:00.0;OFF;ON;100;1,10;0,90;4,40;15,80;96,60;111;3,30;3,50;64,90;4,40;3,80;
2026-06-22 22:27:00.0;OFF;ON;100;1,10;0,90;4,40;15,80;96,60;111;3,30;3,50;65,40;4,40;3,70;
2026-06-22 22:28:00.0;OFF;ON;100;1,60;0,90;4,40;15,70;96,50;111;2,80;3,50;69,90;4,30;3,70;
2026-06-22 22:29:00.0;OFF;ON;100;1,20;0,90;4,40;15,70;96,50;111;3,20;3,50;67,70;4,30;3,70;
2026-06-22 22:30:00.0;OFF;ON;100;0,90;0,90;4,40;15,70;96,50;111;3,50;3,50;66,80;4,40;3,80;
2026-06-22 22:31:00.0;OFF;ON;100;0,80;0,90;4,40;15,60;96,50;111;3,60;3,50;65,60;4,30;3,70;
2026-06-22 22:32:00.0;OFF;ON;100;0,10;0,80;4,30;15,60;96,30;111;4,20;3,50;61,50;4,30;3,60;
2026-06-22 22:33:00.0;OFF;ON;100;0,20;0,80;4,30;15,60;96,10;111;4,10;3,50;61,40;4,20;3,40;
2026-06-22 22:34:00.0;OFF;ON;100;0,10;0,70;4,20;15,50;95,90;111;4;3,50;60,40;4,10;3,30;
2026-06-22 22:35:00.0;OFF;ON;100;0;0,60;4,10;15,50;95,60;111;4;3,50;59,40;4;3,20;
2026-06-22 22:36:00.0;OFF;ON;100;0,20;0,50;4;15,50;95,40;111;3,90;3,50;59,60;4;3,10;
2026-06-22 22:37:00.0;OFF;ON;100;0,20;0,50;4;15,40;95,40;111;3,80;3,50;59,40;4;3,10;
2026-06-22 22:38:00.0;OFF;ON;100;0;0,50;4;15,40;95,40;111;3,90;3,50;57,80;4;3,10;
2026-06-22 22:39:00.0;OFF;ON;100;0,10;0,50;4;15,40;95,40;111;3,90;3,50;57,50;3,90;3;
2026-06-22 22:40:00.0;OFF;ON;100;0,30;0,40;3,90;15,30;95,50;111;3,70;3,50;58,30;3,90;3,10;
2026-06-22 22:41:00.0;OFF;ON;100;0,30;0,40;3,90;15,30;95,60;111;3,60;3,50;58;3,90;3,10;
2026-06-22 22:42:00.0;OFF;ON;100;0,20;0,40;3,90;15,30;95,60;111;3,70;3,50;57,40;3,90;3,10;
2026-06-22 22:43:00.0;OFF;ON;100;0,30;0,40;3,90;15,20;95,60;111;3,60;3,50;57,50;3,90;3,10;
2026-06-22 22:44:00.0;OFF;ON;100;0,40;0,40;3,90;15,20;95,70;111;3,60;3,50;57,60;3,90;3,10;
2026-06-22 22:45:00.0;OFF;ON;100;0,70;0,40;3,90;15,20;95,80;111;3,10;3,50;60,10;3,80;3,10;
2026-06-22 22:46:00.0;OFF;ON;100;0,50;0,40;3,90;15,10;95,90;111;3,40;3,50;58,90;3,90;3,20;
2026-06-22 22:47:00.0;OFF;ON;100;0,50;0,40;3,90;15,10;95,90;111;3,50;3,50;59;3,90;3,20;
2026-06-22 22:48:00.0;OFF;ON;100;1,20;0,50;4;15,10;96;111;2,70;3,50;64,90;3,90;3,30;
2026-06-22 22:49:00.0;OFF;ON;100;0,70;0,60;4,10;15;96,40;111;3,30;3,50;62,80;4;3,50;
2026-06-22 22:50:00.0;OFF;ON;100;1;0,60;4,10;15;96,50;111;3,10;3,50;64,80;4,10;3,50;
2026-06-22 22:51:00.0;OFF;ON;100;0,80;0,60;4,10;15;96,60;111;3,40;3,50;63,70;4,10;3,40;
2026-06-22 22:52:00.0;OFF;ON;100;1;0,60;4,10;14,90;96,60;111;3,10;3,50;65,40;4;3,40;
2026-06-22 22:53:00.0;OFF;ON;100;0,70;0,60;4,10;14,90;96,50;111;3,40;3,50;64,70;4;3,40;
2026-06-22 22:54:00.0;OFF;ON;100;0,80;0,60;4,10;14,90;96,40;111;3,20;3,50;66;4;3,40;
2026-06-22 22:55:00.0;OFF;ON;100;1,30;0,50;4;14,80;96,40;111;2,80;3,50;69,90;4;3,40;
2026-06-22 22:56:00.0;OFF;ON;100;1;0,60;4,10;14,80;96,30;111;3,10;3,50;68,60;4;3,50;
2026-06-22 22:57:00.0;OFF;ON;100;0,80;0,60;4,10;14,80;96,40;111;3,20;3,50;67,90;4;3,50;
2026-06-22 22:58:00.0;OFF;ON;100;0,50;0,60;4,10;14,80;96,40;111;3,60;3,50;65,90;4;3,40;
2026-06-22 22:59:00.0;OFF;ON;100;0;0,50;4;14,70;96,30;111;4;3,50;62,70;4;3,20;
2026-06-22 23:00:00.0;OFF;ON;100;-0,20;0,40;3,90;14,70;96,10;111;4,10;3,50;61,20;3,90;3,10;
2026-06-22 23:01:00.0;OFF;ON;100;-0,10;0,30;3,80;14,70;95,90;111;3,90;3,50;61,40;3,80;2,90;
2026-06-22 23:02:00.0;OFF;ON;100;-0,20;0,30;3,80;14,70;95,50;111;3,90;3,50;60,50;3,70;2,80;
2026-06-22 23:03:00.0;OFF;ON;100;-0,20;0,20;3,70;14,60;95,30;111;3,90;3,50;59,70;3,70;2,80;
2026-06-22 23:04:00.0;OFF;ON;100;-0,10;0,20;3,70;14,60;95,30;111;3,80;3,50;60;3,60;2,80;
2026-06-22 23:05:00.0;OFF;ON;100;-0,20;0,10;3,60;14,60;95,30;111;3,90;3,50;58,90;3,60;2,70;
2026-06-22 23:06:00.0;OFF;ON;100;-0,20;0,10;3,60;14,50;95,40;111;3,80;3,50;58,90;3,60;2,70;
2026-06-22 23:07:00.0;OFF;ON;100;-0,20;0,10;3,60;14,50;95,40;111;3,80;3,50;58,70;3,60;2,70;
2026-06-22 23:08:00.0;OFF;ON;100;-0,20;0,10;3,60;14,50;95,50;111;3,70;3,50;58,20;3,60;2,70;
2026-06-22 23:09:00.0;OFF;ON;100;0;0,10;3,60;14,50;95,50;111;3,60;3,50;59;3,50;2,70;
2026-06-22 23:10:00.0;OFF;ON;100;-0,20;0,10;3,60;14,40;95,50;111;3,70;3,50;57,90;3,50;2,70;
2026-06-22 23:11:00.0;OFF;ON;100;0,30;0,10;3,60;14,40;95,50;111;3,30;3,50;61;3,50;2,70;
2026-06-22 23:12:00.0;OFF;ON;100;0,20;0,10;3,60;14,40;95,90;111;3,40;3,50;60,60;3,60;2,90;
2026-06-22 23:13:00.0;OFF;ON;100;0,90;0,10;3,60;14,40;95,90;111;2,70;3,50;65,80;3,60;2,90;
2026-06-22 23:14:00.0;OFF;ON;100;0,90;0,20;3,70;14,30;96;111;2,70;3,50;66,70;3,60;3;
2026-06-22 23:15:00.0;OFF;ON;100;0,40;0,30;3,80;14,30;96,30;111;3,40;3,50;63,80;3,70;3,20;
2026-06-22 23:16:00.0;OFF;ON;100;0,50;0,30;3,80;14,30;96,40;111;3,30;3,50;64,60;3,70;3,10;
2026-06-22 23:17:00.0;OFF;ON;100;0,40;0,30;3,80;14,30;96,50;111;3,30;3,50;64,50;3,70;3,10;
2026-06-22 23:18:00.0;OFF;ON;100;0,40;0,20;3,70;14,20;96,50;111;3,30;3,50;65,40;3,70;3;
2026-06-22 23:19:00.0;OFF;ON;100;0,50;0,20;3,70;14,20;96,40;111;3,30;3,50;66;3,70;3;
2026-06-22 23:20:00.0;OFF;ON;100;0,30;0,20;3,70;14,20;96,30;111;3,40;3,50;65,50;3,70;3;
2026-06-22 23:21:00.0;OFF;ON;100;0,80;0,20;3,70;14,10;96,30;111;2,90;3,50;70,40;3,70;3,10;
2026-06-22 23:22:00.0;OFF;ON;100;0,40;0,20;3,70;14,10;96,40;111;3,30;3,50;67,90;3,70;3,10;
2026-06-22 23:23:00.0;OFF;ON;100;0,30;0,20;3,70;14,10;96,40;111;3,40;3,50;67,40;3,70;3,10;
2026-06-22 23:24:00.0;OFF;ON;100;0,30;0,20;3,70;14,10;96,40;111;3,40;3,50;67,60;3,60;3;
2026-06-22 23:25:00.0;OFF;ON;100;-0,30;0,10;3,60;14;96,10;111;3,90;3,50;63,60;3,60;2,80;
2026-06-22 23:26:00.0;OFF;ON;100;-0,40;0,10;3,60;14;95,90;111;4;3,50;62,50;3,50;2,70;
2026-06-22 23:27:00.0;OFF;ON;100;-0,30;0;3,50;14;95,60;111;3,80;3,50;62,90;3,40;2,60;
2026-06-22 23:28:00.0;OFF;ON;100;-0,50;-0,10;3,40;14;95,40;111;3,90;3,50;61,80;3,40;2,50;
2026-06-22 23:29:00.0;OFF;ON;100;-0,50;-0,10;3,40;13,90;95,40;111;3,90;3,50;61,20;3,30;2,40;
2026-06-22 23:30:00.0;OFF;ON;100;-0,50;-0,20;3,30;13,90;95,30;111;3,80;3,50;60,80;3,30;2,40;
2026-06-22 23:31:00.0;OFF;ON;100;-0,50;-0,20;3,30;13,90;95,30;111;3,70;3,50;60,70;3,20;2,40;
2026-06-22 23:32:00.0;OFF;ON;100;-0,60;-0,20;3,30;13,80;95,40;111;3,80;3,50;59,70;3,20;2,40;
2026-06-22 23:33:00.0;OFF;ON;100;-0,60;-0,30;3,30;13,80;95,40;111;3,80;3,50;59,20;3,20;2,30;
2026-06-22 23:34:00.0;OFF;ON;100;-0,40;-0,30;3,20;13,80;95,40;111;3,70;3,50;59,90;3,20;2,30;
2026-06-22 23:35:00.0;OFF;ON;100;-0,10;-0,30;3,20;13,80;95,40;111;3,40;3,50;62,20;3,20;2,40;
2026-06-22 23:36:00.0;OFF;ON;100;-0,30;-0,20;3,30;13,80;95,40;111;3,50;3,50;61,80;3,20;2,40;
2026-06-22 23:37:00.0;OFF;ON;100;0,50;-0,20;3,30;13,70;95,70;110,90;2,80;3,50;66,20;3,20;2,50;
2026-06-22 23:38:00.0;OFF;ON;100;0,40;-0,20;3,30;13,70;95,80;110,90;2,90;3,50;66,90;3,30;2,60;
2026-06-22 23:39:00.0;OFF;ON;100;0;-0,10;3,40;13,70;95,90;110,90;3,40;3,50;64,50;3,30;2,70;
2026-06-22 23:40:00.0;OFF;ON;100;0;-0,10;3,40;13,60;96,20;110,90;3,40;3,50;65,10;3,40;2,70;
2026-06-22 23:41:00.0;OFF;ON;100;0,10;-0,10;3,40;13,60;96,30;110,90;3,30;3,50;65,80;3,30;2,70;
2026-06-22 23:42:00.0;OFF;ON;100;0,20;-0,10;3,40;13,60;96,30;110,90;3,10;3,50;67,20;3,30;2,70;
2026-06-22 23:43:00.0;OFF;ON;100;-0,10;-0,10;3,40;13,60;96,10;110,90;3,40;3,50;66;3,30;2,70;
2026-06-22 23:44:00.0;OFF;ON;100;0,10;-0,20;3,30;13,50;96;110,90;3,30;3,50;67,40;3,30;2,60;
2026-06-22 23:45:00.0;OFF;ON;100;0,50;-0,20;3,30;13,50;96;110,90;2,80;3,50;71,50;3,30;2,60;
2026-06-22 23:46:00.0;OFF;ON;100;-0,20;-0,20;3,30;13,50;96;110,90;3,50;3,50;67,90;3,30;2,70;
2026-06-22 23:47:00.0;OFF;ON;100;-0,10;-0,10;3,40;13,50;96,20;110,90;3,50;3,50;68,40;3,30;2,70;
2026-06-22 23:48:00.0;OFF;ON;100;-0,20;-0,20;3,30;13,40;96,10;110,90;3,50;3,50;68,40;3,30;2,60;
2026-06-22 23:49:00.0;OFF;ON;100;-0,80;-0,20;3,30;13,40;96;110,90;4,10;3,50;63,90;3,30;2,50;
2026-06-22 23:50:00.0;OFF;ON;100;-0,90;-0,30;3,20;13,40;95,80;110,90;4,10;3,50;63;3,20;2,30;
2026-06-22 23:51:00.0;OFF;ON;100;-0,80;-0,40;3,10;13,40;95,60;110,90;3,80;3,50;63,90;3;2,20;
2026-06-22 23:52:00.0;OFF;ON;100;-0,90;-0,50;3;13,30;95,20;110,90;3,90;3,50;62,50;3;2,10;
2026-06-22 23:53:00.0;OFF;ON;100;-0,90;-0,50;3;13,30;95,10;110,90;3,80;3,50;62,50;2,90;2;
2026-06-22 23:54:00.0;OFF;ON;100;-0,90;-0,60;2,90;13,30;95,10;110,90;3,80;3,50;62;2,90;2;
2026-06-22 23:55:00.0;OFF;ON;100;-0,80;-0,60;2,90;13,20;95;110,90;3,80;3,50;61,90;2,90;2;
2026-06-22 23:56:00.0;OFF;ON;100;-0,90;-0,60;2,90;13,20;95,10;110,90;3,70;3,50;61,50;2,90;2;
2026-06-22 23:57:00.0;OFF;ON;100;-0,80;-0,60;2,90;13,20;95,10;110,90;3,70;3,50;61,50;2,80;1,90;
2026-06-22 23:58:00.0;OFF;ON;100;-0,90;-0,60;2,90;13,20;95,10;110,90;3,80;3,50;60,60;2,80;1,90;
2026-06-22 23:59:00.0;OFF;ON;100;-0,10;-0,70;2,80;13,10;95,10;110,90;3;3,50;65,50;2,80;1,90;
