CamCarcacas2;
2026-07-22 00:00;2026-07-23 00:00;
12144 Frigorífico Thoms;
ayron.costa;
" ";CPCO 51 - Câmara de carcaças - Controle de temperatura 1;CPCO 51 - Câmara de carcaças - Controle de temperatura 1;CPCO 51 - Câmara de carcaças - Controle de temperatura 1;CPCO 51 - Câmara de carcaças - Controle de temperatura 1;CPCO 51 - Câmara de carcaças - Controle de temperatura 1;CPCO 51 - Câmara de carcaças - Controle de temperatura 1;CPCO 52 - Câmara de carcaças - Controle de temperatura 2;CPCO 52 - Câmara de carcaças - Controle de temperatura 2;CPCO 53 - Balança;CPCO 51 - Câmara de carcaças - Controle de temperatura 1;CPCO 51 - Câmara de carcaças - Controle de temperatura 1;CPCO 51 - Câmara de carcaças - Controle de temperatura 1;CPCO 51 - Câmara de carcaças - Controle de temperatura 1;CPCO 54 - Câmara de carcaças - Controle de temperatura 3;
" ";Carregamento;Resfriamento;Saida Y1 - Ventiladores EC;Temp entrada glicol;Temp ref;Temp retorno ar;Temperatuda espeto;Umidade relativa da camara;Peso atual;DT Atual;DT ref;Cap Atual Valvula;Temp retorno ar M1A08;Temp Insuf de ar M1A08;" ";
2026-07-22 00:00:00.0;OFF;ON;100;-3,50;-3,30;1,20;12,60;95,30;114,60;4,70;4,50;74,20;1;0,10;
2026-07-22 00:01:00.0;OFF;ON;100;-3,50;-3,30;1,20;12,60;95,20;114,60;4,60;4,50;74,30;1;0;
2026-07-22 00:02:00.0;OFF;ON;100;-3,50;-3,40;1,10;12,60;95,30;114,60;4,60;4,50;74;1;0;
2026-07-22 00:03:00.0;OFF;ON;100;-3,60;-3,40;1,10;12,60;95,20;114,60;4,70;4,50;73,70;1;0;
2026-07-22 00:04:00.0;OFF;ON;100;-3,60;-3,40;1,10;12,50;95,20;114,60;4,60;4,50;73,60;1;-0,10;
2026-07-22 00:05:00.0;OFF;ON;100;-3,60;-3,40;1,10;12,50;95,20;114,60;4,60;4,50;73,60;0,90;-0,10;
2026-07-22 00:06:00.0;OFF;ON;100;-3,50;-3,50;1;12,50;95,20;114,60;4,50;4,50;73,80;0,90;-0,10;
2026-07-22 00:07:00.0;OFF;ON;100;-3,60;-3,50;1;12,40;95,20;114,60;4,60;4,50;73,60;0,90;-0,10;
2026-07-22 00:08:00.0;OFF;ON;100;-3,50;-3,50;1;12,40;95,20;114,60;4,50;4,50;73,70;0,90;-0,10;
2026-07-22 00:09:00.0;OFF;ON;100;-3,50;-3,50;1;12,40;95,20;114,60;4,50;4,50;74,20;0,80;-0,10;
2026-07-22 00:10:00.0;OFF;ON;100;-3,50;-3,50;1;12,40;95,20;114,60;4,50;4,50;73,70;0,80;-0,20;
2026-07-22 00:11:00.0;OFF;ON;100;-3,50;-3,50;1;12,30;95,20;114,60;4,50;4,50;73,70;0,80;-0,20;
2026-07-22 00:12:00.0;OFF;ON;100;-3,60;-3,60;0,90;12,30;95,20;114,60;4,50;4,50;74,10;0,80;-0,20;
2026-07-22 00:13:00.0;OFF;ON;100;-3,60;-3,60;0,90;12,30;95,20;114,60;4,50;4,50;73,70;0,80;-0,20;
2026-07-22 00:14:00.0;OFF;ON;100;-3,60;-3,60;0,90;12,30;95,20;114,60;4,50;4,50;74,10;0,80;-0,20;
2026-07-22 00:15:00.0;OFF;ON;100;-3,70;-3,60;0,90;12,20;95,30;114,60;4,60;4,50;73,60;0,80;-0,20;
2026-07-22 00:16:00.0;OFF;ON;100;-3,60;-3,60;0,90;12,20;95,20;114,60;4,40;4,50;74,20;0,70;-0,30;
2026-07-22 00:17:00.0;OFF;ON;100;-3,70;-3,70;0,80;12,20;95,30;114,60;4,50;4,50;74,20;0,70;-0,30;
2026-07-22 00:18:00.0;OFF;ON;100;-3,60;-3,70;0,80;12,10;95,20;114,60;4,40;4,50;74,30;0,70;-0,30;
2026-07-22 00:19:00.0;OFF;ON;100;-3,60;-3,70;0,80;12,10;95,20;114,60;4,40;4,50;74,20;0,70;-0,30;
2026-07-22 00:20:00.0;OFF;ON;100;-2,90;-3,70;0,80;12,10;95,20;114,60;3,70;4,50;77,80;0,70;-0,30;
2026-07-22 00:21:00.0;OFF;ON;100;-3,20;-3,60;0,90;12,10;95,40;114,60;4,10;4,50;77,20;0,70;-0,10;
2026-07-22 00:22:00.0;OFF;ON;100;-3,10;-3,60;0,90;12;95,50;114,60;4;4,50;78,20;0,70;-0,20;
2026-07-22 00:23:00.0;OFF;ON;100;-3,10;-3,60;0,90;12;95,50;114,60;4;4,50;78,50;0,80;-0,20;
2026-07-22 00:24:00.0;OFF;ON;100;-3,20;-3,60;0,90;12;95,50;114,60;4;4,50;79;0,70;-0,20;
2026-07-22 00:25:00.0;OFF;ON;100;-3,20;-3,70;0,80;12;95,50;114,60;4;4,50;79,60;0,70;-0,20;
2026-07-22 00:26:00.0;OFF;ON;100;-3,30;-3,70;0,80;11,90;95,50;114,60;4,10;4,50;79,60;0,70;-0,20;
2026-07-22 00:27:00.0;OFF;ON;100;-3,20;-3,70;0,80;11,90;95,40;114,60;4;4,50;80,70;0,70;-0,20;
2026-07-22 00:28:00.0;OFF;ON;100;-3,20;-3,70;0,80;11,90;95,50;114,60;4;4,50;81,10;0,70;-0,20;
2026-07-22 00:29:00.0;OFF;ON;100;-3,10;-3,70;0,80;11,90;95,50;114,60;3,90;4,50;82,10;0,70;-0,20;
2026-07-22 00:30:00.0;OFF;ON;100;-3,10;-3,70;0,80;11,80;95,40;114,60;3,90;4,50;82,80;0,70;-0,20;
2026-07-22 00:31:00.0;OFF;ON;100;-3,20;-3,70;0,80;11,80;95,40;114,60;4;4,50;83,60;0,70;-0,20;
2026-07-22 00:32:00.0;OFF;ON;100;-3,10;-3,70;0,80;11,80;95,40;114,60;3,90;4,50;84,30;0,60;-0,30;
2026-07-22 00:33:00.0;OFF;ON;100;-3,10;-3,70;0,80;11,80;95,40;114,60;3,80;4,50;85,30;0,60;-0,30;
2026-07-22 00:34:00.0;OFF;ON;100;-3,10;-3,80;0,70;11,70;95,40;114,60;3,80;4,50;86,30;0,60;-0,30;
2026-07-22 00:35:00.0;OFF;ON;100;-3;-3,80;0,70;11,70;95,40;114,60;3,70;4,50;87,90;0,60;-0,30;
2026-07-22 00:36:00.0;OFF;ON;100;-3;-3,80;0,70;11,70;95,30;114,60;3,70;4,50;88,80;0,60;-0,30;
2026-07-22 00:37:00.0;OFF;ON;100;-3;-3,80;0,70;11,60;95,30;114,60;3,70;4,50;89,80;0,60;-0,30;
2026-07-22 00:38:00.0;OFF;ON;100;-3;-3,80;0,70;11,60;95,30;114,60;3,60;4,50;90,90;0,60;-0,30;
2026-07-22 00:39:00.0;OFF;ON;100;-2,90;-3,80;0,70;11,60;95,30;114,60;3,50;4,50;92,30;0,60;-0,30;
2026-07-22 00:40:00.0;OFF;ON;100;-2,90;-3,90;0,60;11,60;95,30;114,60;3,50;4,50;93,40;0,50;-0,40;
2026-07-22 00:41:00.0;OFF;ON;100;-2,90;-3,90;0,60;11,50;95,30;114,60;3,50;4,50;94,90;0,50;-0,40;
2026-07-22 00:42:00.0;OFF;ON;100;-2,80;-3,90;0,60;11,50;95,30;114,60;3,40;4,50;96,20;0,50;-0,40;
2026-07-22 00:43:00.0;OFF;ON;100;-2,90;-3,90;0,60;11,50;95,30;114,60;3,50;4,50;97,70;0,50;-0,40;
2026-07-22 00:44:00.0;OFF;ON;100;-2,90;-3,90;0,60;11,50;95,30;114,60;3,50;4,50;98,90;0,50;-0,40;
2026-07-22 00:45:00.0;OFF;ON;100;-2,80;-3,90;0,60;11,40;95,30;114,60;3,40;4,50;100;0,50;-0,40;
2026-07-22 00:46:00.0;OFF;ON;100;-3,10;-3,90;0,60;11,40;95,30;114,60;3,70;4,50;99,10;0,50;-0,40;
2026-07-22 00:47:00.0;OFF;ON;100;-3,30;-4;0,50;11,40;95,20;114,60;3,80;4,50;99,10;0,40;-0,50;
2026-07-22 00:48:00.0;OFF;ON;100;-3,50;-4;0,40;11,30;95;114,60;4;4,50;99,10;0,30;-0,60;
2026-07-22 00:49:00.0;OFF;ON;100;-3,40;-4;0,40;11,30;94,90;114,60;3,80;4,50;99,70;0,30;-0,70;
2026-07-22 00:50:00.0;OFF;ON;100;-3,40;-4;0,40;11,30;94,90;114,60;3,70;4,50;100;0,30;-0,70;
2026-07-22 00:51:00.0;OFF;ON;100;-3,30;-4;0,30;11,30;94,90;114,60;3,70;4,50;100;0,20;-0,70;
2026-07-22 00:52:00.0;OFF;ON;100;-3,40;-4;0,30;11,20;94,90;114,60;3,80;4,50;99,60;0,20;-0,70;
2026-07-22 00:53:00.0;OFF;ON;100;-3,40;-4;0,30;11,20;94,90;114,60;3,70;4,50;99,70;0,20;-0,70;
2026-07-22 00:54:00.0;OFF;ON;100;-3,40;-4;0,30;11,20;94,90;114,60;3,70;4,50;100;0,20;-0,70;
2026-07-22 00:55:00.0;OFF;ON;100;-3,40;-4;0,30;11,20;94,90;114,60;3,70;4,50;99,70;0,20;-0,70;
2026-07-22 00:56:00.0;OFF;ON;100;-3,40;-4;0,30;11,10;94,90;114,60;3,70;4,50;100;0,20;-0,80;
2026-07-22 00:57:00.0;OFF;ON;100;-3,50;-4;0,20;11,10;94,90;114,60;3,70;4,50;99,60;0,10;-0,80;
2026-07-22 00:58:00.0;OFF;ON;100;-3,40;-4;0,20;11,10;94,90;114,60;3,60;4,50;100;0,10;-0,80;
2026-07-22 00:59:00.0;OFF;ON;100;-3,40;-4;0,20;11,10;94,90;114,60;3,60;4,50;100;0,10;-0,80;
2026-07-22 01:00:00.0;OFF;ON;100;-3,40;-4;0,20;11;94,90;114,60;3,60;4,50;100;0,10;-0,80;
2026-07-22 01:01:00.0;OFF;ON;100;-3,40;-4;0,20;11;94,90;114,60;3,60;4,50;100;0,10;-0,80;
2026-07-22 01:02:00.0;OFF;ON;100;-3,50;-4;0,20;11;94,90;114,60;3,70;4,50;99,70;0;-0,90;
2026-07-22 01:03:00.0;OFF;ON;100;-3,50;-4;0,10;11;94,90;114,60;3,70;4,50;99,60;0;-0,90;
2026-07-22 01:04:00.0;OFF;ON;100;-3,40;-4;0,30;11;95;120,60;3,70;4,50;100;0;-0,90;
2026-07-22 01:05:00.0;OFF;ON;100;-3,40;-4;0,40;11,10;95,50;120,60;3,90;4,50;100;0;-0,90;
2026-07-22 01:06:00.0;OFF;ON;100;-3,50;-4;0,50;11,20;95,70;120,10;3,90;4,50;99,70;0;-0,90;
2026-07-22 01:07:00.0;OFF;ON;100;-3,50;-4;0,50;11,20;95,80;119,60;3,90;4,50;99,60;0;-0,80;
2026-07-22 01:08:00.0;OFF;ON;100;-3,40;-4;0,50;11,20;95,80;119,70;3,90;4,50;99,60;0;-0,80;
2026-07-22 01:09:00.0;OFF;ON;100;-3,40;-4;0,50;11,20;95,80;120,90;3,90;4,50;99,50;0;-0,80;
2026-07-22 01:10:00.0;OFF;ON;100;-3,30;-4;0,50;11,10;95,70;120,90;3,80;4,50;100;0;-0,80;
2026-07-22 01:11:00.0;OFF;ON;100;-3,40;-4;0,50;11,10;95,70;120,90;3,90;4,50;99,70;0;-0,80;
2026-07-22 01:12:00.0;OFF;ON;100;-3,40;-4;0,50;11;95,70;120,90;3,90;4,50;99,60;0;-0,80;
2026-07-22 01:13:00.0;OFF;ON;100;-3,40;-4;0,50;11;95,80;121;3,90;4,50;99,60;0;-0,90;
2026-07-22 01:14:00.0;OFF;ON;100;-3,30;-4;0,50;10,90;95,70;121,40;3,80;4,50;100;0;-0,90;
2026-07-22 01:15:00.0;OFF;ON;100;-3,40;-4;0,50;10,90;95,60;121,30;3,90;4,50;99,60;0;-0,90;
2026-07-22 01:16:00.0;OFF;ON;100;-3,30;-4;0,50;10,80;95,60;121,50;3,80;4,50;100;0;-0,90;
2026-07-22 01:17:00.0;OFF;ON;100;-3,40;-4;0,40;10,80;95,70;121,20;3,80;4,50;99,60;-0,10;-0,90;
2026-07-22 01:18:00.0;OFF;ON;100;-3,40;-4;0,40;10,80;95,60;121,20;3,80;4,50;100;-0,10;-0,90;
2026-07-22 01:19:00.0;OFF;ON;100;-3,50;-4;0,40;10,70;95,50;121,20;4;4,50;99,40;-0,10;-0,90;
2026-07-22 01:20:00.0;OFF;ON;100;-3,70;-4;0,40;10,70;95,60;121,20;4,20;4,50;99;-0,10;-1;
2026-07-22 01:21:00.0;OFF;ON;100;-3,20;-4;0,40;10,70;95,40;121,20;3,60;4,50;100;-0,20;-1;
2026-07-22 01:22:00.0;OFF;ON;100;-3,20;-4;0,40;10,60;95,40;121,20;3,60;4,50;99,70;-0,10;-0,90;
2026-07-22 01:23:00.0;OFF;ON;100;-3,20;-4;0,40;10,60;95,50;121,20;3,60;4,50;99,60;-0,10;-0,80;
2026-07-22 01:24:00.0;OFF;ON;100;-3,10;-4;0,50;10,60;95,70;121,60;3,50;4,50;100;-0,10;-0,80;
2026-07-22 01:25:00.0;OFF;ON;100;-3,10;-4;0,50;10,50;95,80;121,60;3,60;4,50;99,80;-0,10;-0,80;
2026-07-22 01:26:00.0;OFF;ON;100;-3;-4;0,40;10,50;95,80;121,50;3,40;4,50;100;-0,10;-0,80;
2026-07-22 01:27:00.0;OFF;ON;100;-3;-4;0,50;10,50;95,80;121,50;3,50;4,50;100;-0,10;-0,80;
2026-07-22 01:28:00.0;OFF;ON;100;-3,10;-4;0,50;10,40;95,80;121,60;3,50;4,50;99,60;0;-0,80;
2026-07-22 01:29:00.0;OFF;ON;100;-3;-4;0,50;10,40;95,80;121,60;3,50;4,50;99,80;-0,10;-0,80;
2026-07-22 01:30:00.0;OFF;ON;100;-3;-4;0,30;10,40;95,50;121,60;3,30;4,50;100;-0,10;-0,80;
2026-07-22 01:31:00.0;OFF;ON;100;-3;-4;0,20;10,30;95,20;121,50;3,20;4,50;100;-0,10;-0,80;
2026-07-22 01:32:00.0;OFF;ON;100;-3,10;-4;0,10;10,30;94,90;121,50;3,20;4,50;100;-0,10;-0,80;
2026-07-22 01:33:00.0;OFF;ON;100;-3,10;-4;0,10;10,30;94,80;121,60;3,20;4,50;100;-0,20;-0,90;
2026-07-22 01:34:00.0;OFF;ON;100;-3,30;-4;0;10,20;94,70;121,60;3,30;4,50;99,60;-0,20;-0,90;
2026-07-22 01:35:00.0;OFF;ON;90;-3,20;-3,50;0;10,20;94,60;121,60;3,20;3,50;97,90;-0,20;-0,90;
2026-07-22 01:36:00.0;OFF;ON;90;-3,30;-3,60;-0,10;10,20;94,60;121,60;3,30;3,50;98,20;-0,30;-1,10;
2026-07-22 01:37:00.0;OFF;ON;90;-3,40;-3,60;-0,10;10,20;94,50;121,60;3,30;3,50;98,30;-0,30;-1,10;
2026-07-22 01:38:00.0;OFF;ON;90;-3,30;-3,60;-0,10;10,10;94,40;121,60;3,20;3,50;99;-0,40;-1,10;
2026-07-22 01:39:00.0;OFF;ON;90;-3,40;-3,70;-0,20;10,10;94,40;121,60;3,30;3,50;99,10;-0,40;-1,20;
2026-07-22 01:40:00.0;OFF;ON;90;-3,40;-3,70;-0,20;10,10;94,40;121,60;3,20;3,50;99,80;-0,40;-1,20;
2026-07-22 01:41:00.0;OFF;ON;90;-3,50;-3,70;-0,20;10;94,50;121,60;3,30;3,50;99,50;-0,40;-1,20;
2026-07-22 01:42:00.0;OFF;ON;90;-3,40;-3,70;-0,20;10;94,40;121,50;3,20;3,50;100;-0,40;-1,20;
2026-07-22 01:43:00.0;OFF;ON;90;-3,40;-3,80;-0,30;10;94,40;121,60;3,20;3,50;100;-0,50;-1,30;
2026-07-22 01:44:00.0;OFF;ON;90;-3,40;-3,80;-0,30;10;94,40;121,60;3,20;3,50;100;-0,50;-1,30;
2026-07-22 01:45:00.0;OFF;ON;90;-3,50;-3,80;-0,30;9,90;94,40;121,60;3,20;3,50;100;-0,50;-1,30;
2026-07-22 01:46:00.0;OFF;ON;90;-3,50;-3,80;-0,30;9,90;94,40;121,60;3,20;3,50;100;-0,50;-1,30;
2026-07-22 01:47:00.0;OFF;ON;90;-3,50;-3,80;-0,30;9,90;94,50;121,60;3,20;3,50;100;-0,50;-1,30;
2026-07-22 01:48:00.0;OFF;ON;90;-3,60;-3,90;-0,40;9,90;94,40;121,60;3,20;3,50;99,60;-0,50;-1,30;
2026-07-22 01:49:00.0;OFF;ON;90;-3,50;-3,90;-0,40;9,90;94,40;121,60;3,10;3,50;100;-0,60;-1,30;
2026-07-22 01:50:00.0;OFF;ON;90;-3,60;-3,90;-0,40;9,80;94,40;121,60;3,20;3,50;99,80;-0,50;-1,30;
2026-07-22 01:51:00.0;OFF;ON;90;-3,60;-3,90;-0,40;9,80;94,40;121,60;3,20;3,50;99,50;-0,60;-1,40;
2026-07-22 01:52:00.0;OFF;ON;90;-3,60;-3,90;-0,40;9,80;94,40;121,50;3,20;3,50;99,80;-0,60;-1,40;
2026-07-22 01:53:00.0;OFF;ON;90;-3,60;-3,90;-0,40;9,80;94,40;121,60;3,10;3,50;100;-0,60;-1,40;
2026-07-22 01:54:00.0;OFF;ON;90;-3,50;-4;-0,50;9,70;94,40;121,60;3,10;3,50;100;-0,60;-1,40;
2026-07-22 01:55:00.0;OFF;ON;90;-3,60;-4;-0,50;9,70;94,40;121,60;3,20;3,50;99,60;-0,60;-1,40;
2026-07-22 01:56:00.0;OFF;ON;90;-3,50;-4;-0,50;9,70;94,40;121,60;3,10;3,50;100;-0,60;-1,40;
2026-07-22 01:57:00.0;OFF;ON;90;-3,50;-4;-0,50;9,70;94,40;121,50;3;3,50;100;-0,60;-1,40;
2026-07-22 01:58:00.0;OFF;ON;90;-3,60;-4;-0,50;9,70;94,50;121,60;3,10;3,50;99,90;-0,60;-1,40;
2026-07-22 01:59:00.0;OFF;ON;90;-3,60;-4;-0,50;9,60;94,50;121,50;3;3,50;100;-0,70;-1,40;
2026-07-22 02:00:00.0;OFF;ON;90;-3,50;-4;-0,50;9,60;94,50;121,60;3;3,50;100;-0,70;-1,40;
2026-07-22 02:01:00.0;OFF;ON;90;-3,60;-4;-0,50;9,60;94,50;121,50;3,10;3,50;99,70;-0,70;-1,40;
2026-07-22 02:02:00.0;OFF;ON;90;-3,50;-4;-0,50;9,60;94,50;121,50;3;3,50;100;-0,70;-1,40;
2026-07-22 02:03:00.0;OFF;ON;90;-3,70;-4;-0,60;9,50;94,40;121,50;3,10;3,50;99,60;-0,70;-1,40;
2026-07-22 02:04:00.0;OFF;ON;90;-3,50;-4;-0,60;9,50;94,50;121,50;3;3,50;100;-0,70;-1,40;
2026-07-22 02:05:00.0;OFF;ON;90;-3,50;-4;-0,60;9,50;94,50;121,50;3;3,50;100;-0,70;-1,40;
2026-07-22 02:06:00.0;OFF;ON;90;-3,60;-4;-0,60;9,50;94,50;121,50;3,10;3,50;99,60;-0,70;-1,40;
2026-07-22 02:07:00.0;OFF;ON;90;-3,50;-4;-0,60;9,50;94,50;121,50;3;3,50;100;-0,70;-1,40;
2026-07-22 02:08:00.0;OFF;ON;90;-3,60;-4;-0,60;9,40;94,60;121,50;3;3,50;99,70;-0,70;-1,40;
2026-07-22 02:09:00.0;OFF;ON;90;-3,60;-4;-0,60;9,40;94,60;121,50;3;3,50;99,70;-0,70;-1,40;
2026-07-22 02:10:00.0;OFF;ON;90;-3,60;-4;-0,60;9,40;94,60;121,50;2,90;3,50;100;-0,70;-1,40;
2026-07-22 02:11:00.0;OFF;ON;90;-3,60;-4;-0,60;9,40;94,60;121,50;3;3,50;99,70;-0,80;-1,50;
2026-07-22 02:12:00.0;OFF;ON;90;-3,50;-4;-0,60;9,30;94,60;121,50;2,90;3,50;100;-0,70;-1,40;
2026-07-22 02:13:00.0;OFF;ON;90;-3,60;-4;-0,60;9,30;94,60;121,50;3;3,50;99,60;-0,70;-1,40;
2026-07-22 02:14:00.0;OFF;ON;90;-3,50;-4;-0,60;9,30;94,70;121,50;2,90;3,50;99,80;-0,80;-1,40;
2026-07-22 02:15:00.0;OFF;ON;90;-3,50;-4;-0,60;9,30;94,70;121,50;2,90;3,50;100;-0,70;-1,50;
2026-07-22 02:16:00.0;OFF;ON;90;-3,50;-4;-0,60;9,30;94,60;121,50;2,90;3,50;100;-0,80;-1,50;
2026-07-22 02:17:00.0;OFF;ON;90;-3,40;-4;-0,60;9,20;94,70;121,50;2,80;3,50;100;-0,80;-1,50;
2026-07-22 02:18:00.0;OFF;ON;90;-3,50;-4;-0,60;9,20;94,70;121,50;2,90;3,50;99,70;-0,80;-1,50;
2026-07-22 02:19:00.0;OFF;ON;90;-3,50;-4;-0,60;9,20;94,70;121,50;2,90;3,50;99,60;-0,80;-1,50;
2026-07-22 02:20:00.0;OFF;ON;90;-3,40;-4;-0,60;9,20;94,60;121,50;2,80;3,50;100;-0,80;-1,50;
2026-07-22 02:21:00.0;OFF;ON;90;-3,40;-4;-0,60;9,20;94,70;121,50;2,80;3,50;100;-0,80;-1,40;
2026-07-22 02:22:00.0;OFF;ON;90;-3,40;-4;-0,60;9,10;94,70;121,50;2,80;3,50;99,80;-0,80;-1,40;
2026-07-22 02:23:00.0;OFF;ON;90;-3,40;-4;-0,60;9,10;94,70;121,50;2,80;3,50;100;-0,80;-1,40;
2026-07-22 02:24:00.0;OFF;ON;90;-3,50;-4;-0,60;9,10;94,70;121,50;2,90;3,50;99,60;-0,80;-1,40;
2026-07-22 02:25:00.0;OFF;ON;90;-3,50;-4;-0,60;9,10;94,80;121,50;2,90;3,50;99,60;-0,80;-1,40;
2026-07-22 02:26:00.0;OFF;ON;90;-3,40;-4;-0,60;9,10;94,70;121,50;2,80;3,50;100;-0,80;-1,40;
2026-07-22 02:27:00.0;OFF;ON;90;-3,40;-4;-0,60;9;94,80;121,50;2,80;3,50;99,60;-0,80;-1,40;
2026-07-22 02:28:00.0;OFF;ON;90;-3,40;-4;-0,60;9;94,70;121,50;2,80;3,50;100;-0,80;-1,40;
2026-07-22 02:29:00.0;OFF;ON;90;-3,50;-4;-0,60;9;94,80;121,50;2,80;3,50;99,60;-0,80;-1,50;
2026-07-22 02:30:00.0;OFF;ON;90;-3,40;-4;-0,60;9;94,80;121,50;2,70;3,50;100;-0,80;-1,40;
2026-07-22 02:31:00.0;OFF;ON;90;-3,50;-4;-0,70;9;94,70;121,50;2,80;3,50;99,70;-0,80;-1,50;
2026-07-22 02:32:00.0;OFF;ON;90;-3,40;-4;-0,70;8,90;94,70;121,50;2,70;3,50;100;-0,80;-1,50;
2026-07-22 02:33:00.0;OFF;ON;90;-3,50;-4;-0,70;8,90;94,70;121,50;2,80;3,50;99,60;-0,80;-1,50;
2026-07-22 02:34:00.0;OFF;ON;90;-3,50;-4;-0,70;8,90;94,60;121,50;2,80;3,50;99,70;-0,80;-1,50;
2026-07-22 02:35:00.0;OFF;ON;90;-3,50;-4;-0,70;8,90;94,60;121,50;2,80;3,50;99,50;-0,80;-1,50;
2026-07-22 02:36:00.0;OFF;ON;90;-3,40;-4;-0,70;8,90;94,70;121,50;2,70;3,50;100;-0,90;-1,50;
2026-07-22 02:37:00.0;OFF;ON;90;-3,40;-4;-0,60;8,80;94,90;121,50;2,80;3,50;100;-0,80;-1,50;
2026-07-22 02:38:00.0;OFF;ON;90;-3,40;-4;-0,60;8,80;95,10;121,50;2,80;3,50;99,60;-0,80;-1,50;
2026-07-22 02:39:00.0;OFF;ON;90;-3,30;-4;-0,60;8,80;95,30;121,50;2,70;3,50;100;-0,80;-1,50;
2026-07-22 02:40:00.0;OFF;ON;90;-3,30;-4;-0,60;8,80;95,10;121,50;2,70;3,50;100;-0,80;-1,50;
2026-07-22 02:41:00.0;OFF;ON;90;-3,30;-4;-0,70;8,80;94,90;121,50;2,70;3,50;100;-0,80;-1,40;
2026-07-22 02:42:00.0;OFF;ON;90;-3,40;-4;-0,70;8,70;94,80;121,50;2,70;3,50;100;-0,90;-1,50;
2026-07-22 02:43:00.0;OFF;ON;90;-3,40;-4;-0,70;8,70;94,70;121,50;2,70;3,50;100;-0,90;-1,50;
2026-07-22 02:44:00.0;OFF;ON;90;-3,40;-4;-0,70;8,70;94,70;121,50;2,70;3,50;100;-0,90;-1,50;
2026-07-22 02:45:00.0;OFF;ON;90;-3,40;-4;-0,70;8,70;94,60;121,50;2,70;3,50;100;-0,90;-1,50;
2026-07-22 02:46:00.0;OFF;ON;90;-3,50;-4;-0,80;8,60;94,60;121,50;2,70;3,50;99,80;-0,90;-1,50;
2026-07-22 02:47:00.0;OFF;ON;90;-3,40;-4;-0,80;8,60;94,60;121,50;2,70;3,50;100;-0,90;-1,50;
2026-07-22 02:48:00.0;OFF;ON;90;-3,50;-4;-0,80;8,60;94,60;121,50;2,80;3,50;99,60;-0,90;-1,50;
2026-07-22 02:49:00.0;OFF;ON;90;-3,40;-4;-0,80;8,60;94,50;121,50;2,60;3,50;100;-0,90;-1,50;
2026-07-22 02:50:00.0;OFF;ON;90;-3,50;-4;-0,80;8,60;94,50;121,50;2,70;3,50;99,50;-0,90;-1,50;
2026-07-22 02:51:00.0;OFF;ON;90;-3,50;-4;-0,80;8,50;94,60;121,50;2,70;3,50;99,70;-0,90;-1,50;
2026-07-22 02:52:00.0;OFF;ON;90;-3,50;-4;-0,80;8,50;94,60;121,50;2,70;3,50;99,60;-0,90;-1,50;
2026-07-22 02:53:00.0;OFF;ON;90;-3,40;-4;-0,80;8,50;94,60;121,50;2,60;3,50;100;-0,90;-1,50;
2026-07-22 02:54:00.0;OFF;ON;90;-3,40;-4;-0,80;8,50;94,60;121,50;2,70;3,50;100;-0,90;-1,50;
2026-07-22 02:55:00.0;OFF;ON;90;-3,50;-4;-0,70;8,50;94,60;121,50;2,70;3,50;99,70;-0,90;-1,60;
2026-07-22 02:56:00.0;OFF;ON;90;-3,50;-4;-0,70;8,40;94,60;121,50;2,80;3,50;99,70;-1;-1,60;
2026-07-22 02:57:00.0;OFF;ON;90;-3,40;-4;-0,70;8,40;94,70;121,50;2,70;3,50;100;-0,90;-1,50;
2026-07-22 02:58:00.0;OFF;ON;90;-3,40;-4;-0,70;8,40;94,60;121,50;2,70;3,50;100;-1;-1,50;
2026-07-22 02:59:00.0;OFF;ON;90;-3,40;-4;-0,70;8,40;94,60;121,50;2,70;3,50;100;-1;-1,50;
2026-07-22 03:00:00.0;OFF;ON;90;-3,50;-4;-0,60;8,40;95;121,30;2,90;3,50;99,70;-1;-1,50;
2026-07-22 03:01:00.0;OFF;ON;90;-3,40;-4;-0,50;8,40;95,40;121,50;2,90;3,50;99,80;-0,90;-1,50;
2026-07-22 03:02:00.0;OFF;ON;90;-3,30;-4;-0,50;8,30;95,70;121,40;2,80;3,50;99,60;-0,90;-1,50;
2026-07-22 03:03:00.0;OFF;ON;90;-3,30;-4;-0,60;8,30;95,60;121,40;2,70;3,50;99,60;-0,90;-1,40;
2026-07-22 03:04:00.0;OFF;ON;90;-3,30;-4;-0,60;8,30;95,60;121,40;2,70;3,50;99,70;-0,90;-1,40;
2026-07-22 03:05:00.0;OFF;ON;90;-3,20;-4;-0,60;8,30;95,40;121,40;2,60;3,50;100;-0,90;-1,40;
2026-07-22 03:06:00.0;OFF;ON;90;-3,30;-4;-0,70;8,20;95;121,50;2,70;3,50;99,60;-0,90;-1,40;
2026-07-22 03:07:00.0;OFF;ON;90;-3,30;-4;-0,70;8,20;94,80;121,50;2,60;3,50;99,80;-0,90;-1,40;
2026-07-22 03:08:00.0;OFF;ON;90;-3,40;-4;-0,70;8,20;94,70;121,50;2,70;3,50;99,70;-0,90;-1,40;
2026-07-22 03:09:00.0;OFF;ON;90;-3,30;-4;-0,70;8,20;94,60;121,50;2,60;3,50;100;-0,90;-1,50;
2026-07-22 03:10:00.0;OFF;ON;90;-3,40;-4;-0,70;8,20;94,60;121,50;2,70;3,50;99,60;-0,90;-1,50;
2026-07-22 03:11:00.0;OFF;ON;90;-3,30;-4;-0,70;8,10;94,50;121,50;2,60;3,50;100;-0,90;-1,50;
2026-07-22 03:12:00.0;OFF;ON;90;-3,30;-4;-0,80;8,10;94,50;121,50;2,60;3,50;100;-1;-1,50;
2026-07-22 03:13:00.0;OFF;ON;90;-3,40;-4;-0,70;8,10;94,60;121,50;2,70;3,50;99,60;-1;-1,50;
2026-07-22 03:14:00.0;OFF;ON;90;-3,40;-4;-0,80;8,10;94,60;121,50;2,70;3,50;99,60;-1;-1,50;
2026-07-22 03:15:00.0;OFF;ON;90;-3,30;-4;-0,80;8,10;94,60;121,50;2,60;3,50;100;-1;-1,50;
2026-07-22 03:16:00.0;OFF;ON;90;-3,40;-4;-0,70;8;94,80;121,50;2,70;3,50;99,80;-1;-1,50;
2026-07-22 03:17:00.0;OFF;ON;90;-3,40;-4;-0,80;8;94,80;121,40;2,60;3,50;99,70;-1;-1,50;
2026-07-22 03:18:00.0;OFF;ON;90;-3,40;-4;-0,80;8;94,70;121,50;2,60;3,50;99,90;-1;-1,50;
2026-07-22 03:19:00.0;OFF;ON;90;-3,40;-4;-0,80;8;94,60;121,50;2,60;3,50;99,70;-1;-1,50;
2026-07-22 03:20:00.0;OFF;ON;90;-3,40;-4;-0,80;7,90;94,60;121,50;2,60;3,50;100;-1;-1,50;
2026-07-22 03:21:00.0;OFF;ON;90;-3,50;-4;-0,80;7,90;94,60;121,50;2,60;3,50;99,60;-1;-1,50;
2026-07-22 03:22:00.0;OFF;ON;90;-3,40;-4;-0,80;7,90;94,50;121,50;2,60;3,50;100;-1;-1,50;
2026-07-22 03:23:00.0;OFF;ON;90;-3,40;-4;-0,80;7,90;94,50;121,50;2,60;3,50;100;-1;-1,60;
2026-07-22 03:24:00.0;OFF;ON;90;-3,40;-4;-0,80;7,90;94,50;121,50;2,50;3,50;100;-1;-1,60;
2026-07-22 03:25:00.0;OFF;ON;90;-3,40;-4;-0,80;7,80;94,60;121,50;2,50;3,50;100;-1;-1,60;
2026-07-22 03:26:00.0;OFF;ON;90;-3,50;-4;-0,90;7,80;94,60;121,50;2,60;3,50;99,60;-1,10;-1,60;
2026-07-22 03:27:00.0;OFF;ON;90;-3,50;-4;-0,90;7,80;94,60;121,50;2,60;3,50;99,60;-1,10;-1,60;
2026-07-22 03:28:00.0;OFF;ON;90;-3,40;-4;-0,90;7,80;94,60;121,50;2,60;3,50;99,70;-1,10;-1,60;
2026-07-22 03:29:00.0;OFF;ON;90;-3,40;-4;-0,90;7,80;94,60;121,50;2,50;3,50;100;-1;-1,60;
2026-07-22 03:30:00.0;OFF;ON;90;-3,50;-4;-0,90;7,70;94,60;121,50;2,60;3,50;99,60;-1,10;-1,60;
2026-07-22 03:31:00.0;OFF;ON;90;-3,40;-4;-0,90;7,70;94,60;121,50;2,50;3,50;100;-1,10;-1,60;
2026-07-22 03:32:00.0;OFF;ON;90;-3,40;-4;-0,90;7,70;94,50;121,50;2,50;3,50;100;-1,10;-1,60;
2026-07-22 03:33:00.0;OFF;ON;90;-3,40;-4;-0,90;7,70;94,60;121,50;2,50;3,50;99,80;-1,10;-1,60;
2026-07-22 03:34:00.0;OFF;ON;90;-3,40;-4;-0,90;7,70;94,60;121,40;2,50;3,50;100;-1,10;-1,60;
2026-07-22 03:35:00.0;OFF;ON;90;-3,50;-4;-0,90;7,60;94,60;121,40;2,60;3,50;99,60;-1,10;-1,60;
2026-07-22 03:36:00.0;OFF;ON;90;-3,40;-4;-0,90;7,60;94,60;121,40;2,40;3,50;100;-1,10;-1,60;
2026-07-22 03:37:00.0;OFF;ON;90;-3,40;-4;-0,90;7,60;94,60;121,40;2,40;3,50;99,80;-1,10;-1,60;
2026-07-22 03:38:00.0;OFF;ON;90;-3,40;-4;-0,90;7,60;94,60;121,40;2,50;3,50;99,70;-1,10;-1,60;
2026-07-22 03:39:00.0;OFF;ON;90;-3,40;-4;-1;7,60;94,60;121,40;2,50;3,50;99,70;-1,10;-1,60;
2026-07-22 03:40:00.0;OFF;ON;90;-3,40;-4;-1;7,50;94,60;121,40;2,50;3,50;99,60;-1,10;-1,60;
2026-07-22 03:41:00.0;OFF;ON;90;-3,50;-4;-1;7,50;94,60;121,70;2,50;3,50;99,60;-1,10;-1,60;
2026-07-22 03:42:00.0;OFF;ON;90;-3,80;-4;-1;7,50;94,60;121,40;2,80;3,50;98,90;-1,10;-1,70;
2026-07-22 03:43:00.0;OFF;ON;90;-4;-4;-1;7,50;94,40;121,40;3;3,50;98,40;-1,20;-1,80;
2026-07-22 03:44:00.0;OFF;ON;90;-3,60;-4;-1,10;7,50;94;121,40;2,50;3,50;99,70;-1,20;-1,90;
2026-07-22 03:45:00.0;OFF;ON;90;-3,50;-4;-1,10;7,40;93,90;121,40;2,40;3,50;99,60;-1,20;-1,80;
2026-07-22 03:46:00.0;OFF;ON;90;-3,30;-4;-1;7,40;94,30;121,40;2,20;3,50;100;-1,20;-1,70;
2026-07-22 03:47:00.0;OFF;ON;90;-3,30;-4;-1;7,40;94,60;121,40;2,30;3,50;99,70;-1,10;-1,60;
2026-07-22 03:48:00.0;OFF;ON;90;-3,20;-4;-0,90;7,40;94,80;121,50;2,30;3,50;99,70;-1,10;-1,50;
2026-07-22 03:49:00.0;OFF;ON;90;-3,10;-4;-0,70;7,40;95,30;121,50;2,30;3,50;100;-1,10;-1,50;
2026-07-22 03:50:00.0;OFF;ON;50;-3;-3,20;-0,70;3,60;95,80;1,20;2,30;3,50;96,90;-1;-1,50;
2026-07-22 03:51:00.0;OFF;ON;50;-2,90;-0,60;-0,70;-0,70;96,10;0,30;2,20;3,50;85,80;-1,10;-1,80;
2026-07-22 03:52:00.0;OFF;ON;50;-3;-2,70;-0,70;4,80;96,20;0,20;2,30;3,50;91,50;-1,10;-1,90;
2026-07-22 03:53:00.0;OFF;ON;50;-3;-2,90;-0,80;5,20;96,10;0;2,20;3,50;92,30;-1,10;-2;
2026-07-22 03:54:00.0;OFF;ON;50;-3,10;-3;-0,90;5,30;95,70;0;2,20;3,50;92,30;-1,20;-2;
2026-07-22 03:55:00.0;OFF;ON;50;-3,10;-3,10;-1;5,40;95,20;0;2,10;3,50;92,20;-1,20;-2;
2026-07-22 03:56:00.0;OFF;ON;50;-3,30;-3,10;-1;5,40;94,80;0;2,30;3,50;91,60;-1,20;-2,10;
2026-07-22 03:57:00.0;OFF;ON;50;-3,30;-3,10;-1,10;5,40;94,40;0;2,20;3,50;91,70;-1,30;-2,20;
2026-07-22 03:58:00.0;OFF;ON;50;-3,40;-3,10;-1;5,40;94,50;0;2,40;3,50;90,50;-1,30;-2,20;
2026-07-22 03:59:00.0;OFF;ON;50;-3,30;-2,90;-0,90;5,40;95,10;0;2,40;3,50;90;-1,30;-2,20;
2026-07-22 04:00:00.0;OFF;ON;50;-3,30;-2,90;-0,90;5,40;95,40;0;2,40;3,50;89,40;-1,30;-2,20;
2026-07-22 04:01:00.0;OFF;ON;50;-3,30;-3;-1;5,30;95,20;0;2,30;3,50;89,30;-1,30;-2,20;
2026-07-22 04:02:00.0;OFF;ON;50;-3,30;-3;-1,10;5,30;94,80;0;2,30;3,50;88,80;-1,30;-2,20;
2026-07-22 04:03:00.0;OFF;ON;50;-3,50;-3;-1,10;5,30;94,40;0;2,40;3,50;87,70;-1,30;-2,20;
2026-07-22 04:04:00.0;OFF;ON;50;-3,50;-3;-1,10;5,30;94;0;2,40;3,50;87;-1,30;-2,30;
2026-07-22 04:05:00.0;OFF;ON;50;-3,60;-3;-1,20;5,20;93,70;0;2,40;3,50;86;-1,30;-2,30;
2026-07-22 04:06:00.0;OFF;ON;50;-3,60;-3;-1,20;5,20;93,60;0;2,40;3,50;84,90;-1,40;-2,30;
2026-07-22 04:07:00.0;OFF;ON;50;-3,70;-2,90;-1,20;5,20;93,50;0;2,40;3,50;84,10;-1,40;-2,40;
2026-07-22 04:08:00.0;OFF;ON;50;-3,60;-2,90;-1,20;5,20;93,50;0;2,40;3,50;82,80;-1,40;-2,40;
2026-07-22 04:09:00.0;OFF;ON;50;-3,70;-2,80;-1,30;5,20;93,50;0;2,50;3,50;81,80;-1,40;-2,40;
2026-07-22 04:10:00.0;OFF;ON;50;-3,60;-2,80;-1,30;5,10;93,50;0;2,40;3,50;80,90;-1,40;-2,40;
2026-07-22 04:11:00.0;OFF;ON;50;-3,70;-2,70;-1,30;5,10;93,50;0;2,40;3,50;79,10;-1,40;-2,40;
2026-07-22 04:12:00.0;OFF;ON;50;-3,60;-2,70;-1,30;5,10;93,60;0;2,30;3,50;77,60;-1,40;-2,40;
2026-07-22 04:13:00.0;OFF;ON;50;-3,70;-2,60;-1,30;5,10;93,60;0;2,40;3,50;76,20;-1,40;-2,40;
2026-07-22 04:14:00.0;OFF;ON;50;-3,70;-2,50;-1,30;5;93,60;0;2,40;3,50;74,40;-1,40;-2,40;
2026-07-22 04:15:00.0;OFF;ON;50;-3,70;-2,40;-1,20;5;94,50;0;2,50;3,50;72,60;-1,40;-2,40;
2026-07-22 04:16:00.0;OFF;ON;50;-3,70;-2,20;-1,10;5;95,10;0;2,60;3,50;70,40;-1,40;-2,40;
2026-07-22 04:17:00.0;OFF;ON;50;-3,60;-2;-1;5;95,70;0;2,60;3,50;67,60;-1,40;-2,30;
2026-07-22 04:18:00.0;OFF;ON;50;-3,70;-1,90;-1;5;95,90;0;2,70;3,50;64,90;-1,40;-2,30;
2026-07-22 04:19:00.0;OFF;ON;50;-3,10;-1,80;-0,90;5;96;0;2,20;3,50;64,30;-1,30;-2,20;
2026-07-22 04:20:00.0;OFF;ON;50;-2,90;-1,60;-0,90;4,90;96,20;0;2;3,50;63,10;-1,30;-2,10;
2026-07-22 04:21:00.0;OFF;ON;50;-2,70;-1,50;-0,90;4,90;96,20;0;1,90;3,50;62;-1,20;-2;
2026-07-22 04:22:00.0;OFF;ON;50;-2,60;-1,40;-0,80;4,90;96,40;0;1,80;3,50;60,50;-1,20;-1,90;
2026-07-22 04:23:00.0;OFF;ON;50;-2,50;-1,20;-0,70;4,90;96,60;0;1,80;3,50;58,40;-1,20;-1,80;
2026-07-22 04:24:00.0;OFF;ON;50;-2,30;-1,10;-0,70;4,90;96,70;0;1,60;3,50;57,90;-1,10;-1,70;
2026-07-22 04:25:00.0;OFF;ON;50;-2,10;-0,90;-0,60;4,90;96,90;0;1,50;3,50;56,10;-1;-1,60;
2026-07-22 04:26:00.0;OFF;ON;50;-1,90;-0,80;-0,60;4,90;96,90;0;1,30;3,50;54,90;-1;-1,50;
2026-07-22 04:27:00.0;OFF;ON;50;-1,90;-0,70;-0,60;4,80;96,80;0;1,20;3,50;53,60;-0,90;-1,40;
2026-07-22 04:28:00.0;OFF;ON;50;-1,90;-0,60;-0,60;4,80;96,60;0;1,20;3,50;51,70;-0,90;-1,30;
2026-07-22 04:29:00.0;OFF;ON;50;-1,60;-0,50;-0,60;4,80;96,50;0;1;3,50;50;-0,90;-1,20;
2026-07-22 04:30:00.0;OFF;ON;50;-1,60;-0,40;-0,60;4,80;96,40;0;1;3,50;50;-0,90;-1,20;
2026-07-22 04:31:00.0;OFF;ON;50;-1,60;-0,20;-0,60;4,80;96,30;0;1;3,50;50;-0,80;-1,10;
2026-07-22 04:32:00.0;OFF;ON;50;-1,60;-0,10;-0,60;4,70;96,30;0;1;3,50;50;-0,80;-1;
2026-07-22 04:33:00.0;OFF;ON;50;-1,40;0,10;-0,50;4,70;96,30;0;0,90;3,50;50;-0,70;-1;
2026-07-22 04:34:00.0;OFF;ON;50;-1,40;0,20;-0,50;4,70;96,20;0;0,90;3,50;50;-0,70;-1;
2026-07-22 04:35:00.0;OFF;ON;50;-1,40;0,30;-0,50;4,70;96,20;0;0,90;3,50;50;-0,70;-0,90;
2026-07-22 04:36:00.0;OFF;ON;50;-1,40;0,50;-0,50;4,70;96,30;0;0,90;3,50;50;-0,70;-0,90;
2026-07-22 04:37:00.0;OFF;ON;50;-1,30;0,60;-0,40;4,70;96,30;0;0,80;3,50;50;-0,60;-0,90;
2026-07-22 04:38:00.0;OFF;ON;50;-1,30;0,80;-0,40;4,60;96,30;0;0,90;3,50;50;-0,60;-0,80;
2026-07-22 04:39:00.0;OFF;ON;50;-1,30;1;-0,40;4,60;96,30;0;0,90;3,50;50;-0,60;-0,80;
2026-07-22 04:40:00.0;OFF;ON;50;-1,30;1,10;-0,40;4,60;96,30;0;0,90;3,50;50;-0,60;-0,80;
2026-07-22 04:41:00.0;OFF;ON;50;-1,10;1,30;-0,30;4,60;96,50;0;0,80;3,50;50;-0,60;-0,80;
2026-07-22 04:42:00.0;OFF;ON;50;-1;1,60;-0,20;4,60;96,90;0;0,80;3,50;50;-0,50;-0,70;
2026-07-22 04:43:00.0;OFF;ON;50;-1;1,70;-0,20;4,60;97,10;0;0,80;3,50;50;-0,50;-0,70;
2026-07-22 04:44:00.0;OFF;ON;50;-1;1,90;-0,10;4,50;97,30;0;0,90;3,50;50;-0,50;-0,60;
2026-07-22 04:45:00.0;OFF;ON;50;-0,90;2,10;-0,10;4,50;97,40;0;0,80;3,50;50;-0,40;-0,50;
2026-07-22 04:46:00.0;OFF;ON;50;-0,80;2,30;-0,10;4,50;97,30;0;0,70;3,50;50;-0,40;-0,50;
2026-07-22 04:47:00.0;OFF;ON;50;-0,90;2,50;0;4,50;97,40;0;0,80;3,50;50;-0,40;-0,50;
2026-07-22 04:48:00.0;OFF;ON;50;-0,80;2,50;0;4,50;97,50;0;0,80;3,50;50;-0,40;-0,40;
2026-07-22 04:49:00.0;OFF;ON;50;-0,70;2,40;-0,10;4,50;97,40;0;0,70;3,50;50;-0,30;-0,40;
2026-07-22 04:50:00.0;OFF;ON;50;-0,70;2,40;-0,10;4,40;97,30;0;0,70;3,50;50;-0,30;-0,40;
2026-07-22 04:51:00.0;OFF;ON;50;-0,70;2,40;-0,10;4,40;97,20;0;0,70;3,50;50;-0,30;-0,40;
2026-07-22 04:52:00.0;OFF;ON;50;-0,80;2,40;-0,10;4,40;97,10;0;0,70;3,50;50;-0,30;-0,40;
2026-07-22 04:53:00.0;OFF;ON;50;-0,80;2,40;-0,10;4,40;97;0;0,70;3,50;50;-0,30;-0,40;
2026-07-22 04:54:00.0;OFF;ON;50;-0,80;2,40;-0,10;4,40;96,90;0;0,70;3,50;50;-0,30;-0,40;
2026-07-22 04:55:00.0;OFF;ON;50;-0,80;2,40;-0,10;4,40;96,90;0;0,80;3,50;50;-0,30;-0,40;
2026-07-22 04:56:00.0;OFF;ON;50;-0,80;2,50;0;4,30;96,90;0;0,70;3,50;50;-0,30;-0,40;
2026-07-22 04:57:00.0;OFF;ON;50;-0,70;2,40;-0,10;4,30;96,90;0;0,70;3,50;50;-0,30;-0,40;
2026-07-22 04:58:00.0;OFF;ON;50;-0,80;2,40;-0,10;4,30;96,80;0;0,70;3,50;50;-0,30;-0,40;
2026-07-22 04:59:00.0;OFF;ON;50;-0,80;2,40;-0,10;4,30;96,80;0;0,70;3,50;50;-0,30;-0,40;
2026-07-22 05:00:00.0;OFF;ON;50;-0,80;2,40;-0,10;4,30;96,70;0;0,70;3,50;50;-0,30;-0,40;
2026-07-22 05:01:00.0;OFF;ON;50;-0,80;2,40;-0,10;4,30;96,70;0;0,70;3,50;50;-0,30;-0,40;
2026-07-22 05:02:00.0;OFF;ON;50;-0,80;2,40;-0,10;4,30;96,60;0;0,70;3,50;50;-0,30;-0,40;
2026-07-22 05:03:00.0;OFF;ON;50;-0,90;2,40;-0,10;4,20;96,60;0;0,80;3,50;50;-0,30;-0,40;
2026-07-22 05:04:00.0;OFF;ON;50;-0,90;2,40;-0,10;4,20;96,50;0;0,80;3,50;50;-0,30;-0,40;
2026-07-22 05:05:00.0;OFF;ON;50;-0,90;2,40;-0,10;4,20;96,50;0;0,80;3,50;50;-0,30;-0,40;
2026-07-22 05:06:00.0;OFF;ON;50;-0,80;2,40;-0,10;4,20;96,40;0;0,70;3,50;50;-0,30;-0,40;
2026-07-22 05:07:00.0;OFF;ON;50;-0,90;2,40;-0,10;4,20;96,40;0;0,80;3,50;50;-0,20;-0,40;
2026-07-22 05:08:00.0;OFF;ON;50;-0,90;2,40;-0,10;4,20;96,40;0;0,80;3,50;50;-0,30;-0,40;
2026-07-22 05:09:00.0;OFF;ON;50;-0,80;2,40;-0,10;4,10;96,40;0;0,70;3,50;50;-0,30;-0,40;
2026-07-22 05:10:00.0;OFF;ON;50;-0,80;2,50;0;4,10;96,30;0;0,80;3,50;50;-0,30;-0,40;
2026-07-22 05:11:00.0;OFF;ON;50;-0,80;2,40;-0,10;4,10;96,30;0;0,80;3,50;50;-0,30;-0,40;
2026-07-22 05:12:00.0;OFF;ON;50;-0,80;2,40;-0,10;4,10;96,30;0;0,80;3,50;50;-0,30;-0,40;
2026-07-22 05:13:00.0;OFF;ON;50;-0,90;2,40;-0,10;4,10;96,30;0;0,80;3,50;50;-0,20;-0,40;
2026-07-22 05:14:00.0;OFF;ON;50;-0,80;2,40;-0,10;4,10;96,30;0;0,70;3,50;50;-0,20;-0,40;
2026-07-22 05:15:00.0;OFF;ON;50;-0,80;2,40;-0,10;4;96,30;0;0,70;3,50;50;-0,20;-0,40;
2026-07-22 05:16:00.0;OFF;ON;50;-0,90;2,40;-0,10;4;96,30;0;0,80;3,50;50;-0,20;-0,40;
2026-07-22 05:17:00.0;OFF;ON;50;-0,90;2,40;-0,10;4;96,30;0;0,80;3,50;50;-0,20;-0,40;
2026-07-22 05:18:00.0;OFF;ON;50;-0,80;2,40;-0,10;4;96,20;0;0,70;3,50;50;-0,30;-0,40;
2026-07-22 05:19:00.0;OFF;ON;50;-0,80;2,50;0;4;96,20;0;0,70;3,50;50;-0,20;-0,40;
2026-07-22 05:20:00.0;OFF;ON;50;-0,90;2,50;0;4;96,20;0;0,80;3,50;50;-0,20;-0,40;
2026-07-22 05:21:00.0;OFF;ON;50;-0,90;2,40;-0,10;4;96,20;0;0,80;3,50;50;-0,20;-0,40;
2026-07-22 05:22:00.0;OFF;ON;50;-0,80;2,40;-0,10;3,90;96,20;0;0,70;3,50;50;-0,20;-0,40;
2026-07-22 05:23:00.0;OFF;ON;50;-0,90;2,40;-0,10;3,90;96,30;0;0,80;3,50;50;-0,20;-0,40;
2026-07-22 05:24:00.0;OFF;ON;50;-0,80;2,40;-0,10;3,90;96,30;0;0,70;3,50;50;-0,20;-0,40;
2026-07-22 05:25:00.0;OFF;ON;50;-0,90;2,40;-0,10;3,90;96,30;0;0,90;3,50;50;-0,20;-0,40;
2026-07-22 05:26:00.0;OFF;ON;50;-0,90;2,40;-0,10;3,90;96,30;0;0,90;3,50;50;-0,20;-0,40;
2026-07-22 05:27:00.0;OFF;ON;50;-0,90;2,40;-0,10;3,90;96,30;0;0,80;3,50;50;-0,20;-0,40;
2026-07-22 05:28:00.0;OFF;ON;50;-0,80;2,40;-0,10;3,90;96,30;0;0,70;3,50;50;-0,20;-0,40;
2026-07-22 05:29:00.0;OFF;ON;50;-0,90;2,40;-0,10;3,80;96,20;0;0,80;3,50;50;-0,20;-0,40;
2026-07-22 05:30:00.0;OFF;ON;50;-0,80;2,50;0;3,80;96,40;0;0,80;3,50;50;-0,20;-0,40;
2026-07-22 05:31:00.0;OFF;ON;50;-0,80;2,60;0,10;3,80;96,70;0;0,90;3,50;50;-0,20;-0,40;
2026-07-22 05:32:00.0;OFF;ON;50;-0,80;2,70;0,20;3,80;96,90;0;1;3,50;50;-0,20;-0,30;
2026-07-22 05:33:00.0;OFF;ON;50;-0,70;2,70;0,20;3,80;97,10;0;0,90;3,50;50;-0,20;-0,30;
2026-07-22 05:34:00.0;OFF;ON;50;-0,70;2,70;0,20;3,80;97,20;0;0,90;3,50;50;-0,10;-0,30;
2026-07-22 05:35:00.0;OFF;ON;50;-0,70;2,70;0,20;3,80;97,20;0;0,90;3,50;50;-0,10;-0,30;
2026-07-22 05:36:00.0;OFF;ON;50;-0,60;2,70;0,20;3,80;97,20;0;0,80;3,50;50;-0,10;-0,20;
2026-07-22 05:37:00.0;OFF;ON;50;-0,80;2,60;0,10;3,70;97;0;0,90;3,50;50;-0,10;-0,20;
2026-07-22 05:38:00.0;OFF;ON;50;-0,60;2,60;0,10;3,70;97;0;0,70;3,50;50;-0,10;-0,20;
2026-07-22 05:39:00.0;OFF;ON;50;-0,60;2,60;0,10;3,70;96,90;0;0,70;3,50;50;-0,10;-0,20;
2026-07-22 05:40:00.0;OFF;ON;50;-0,60;2,60;0,10;3,70;96,80;0;0,70;3,50;50;-0,10;-0,20;
2026-07-22 05:41:00.0;OFF;ON;50;-0,80;2,70;0,20;3,70;96,80;0;1;3,50;50;-0,10;-0,30;
2026-07-22 05:42:00.0;OFF;ON;50;-0,70;2,60;0,10;3,70;96,70;0;0,80;3,50;50;-0,10;-0,30;
2026-07-22 05:43:00.0;OFF;ON;50;-0,70;2,60;0,10;3,60;96,70;0;0,80;3,50;50;-0,10;-0,30;
2026-07-22 05:44:00.0;OFF;ON;50;-0,80;2,60;0,10;3,60;96,60;0;0,90;3,50;50;-0,10;-0,30;
2026-07-22 05:45:00.0;OFF;ON;50;-0,70;2,60;0,10;3,60;96,50;0;0,70;3,50;50;-0,10;-0,30;
2026-07-22 05:46:00.0;OFF;ON;50;-0,80;2,50;0;3,60;96,40;0;0,80;3,50;50;-0,10;-0,30;
2026-07-22 05:47:00.0;OFF;ON;50;-0,80;2,50;0;3,60;96,30;0;0,80;3,50;50;-0,10;-0,30;
2026-07-22 05:48:00.0;OFF;ON;50;-0,70;2,50;0;3,60;96,30;0;0,80;3,50;50;-0,10;-0,30;
2026-07-22 05:49:00.0;OFF;ON;50;-0,70;2,60;0,10;3,50;96,40;0;0,80;3,50;50;-0,10;-0,30;
2026-07-22 05:50:00.0;OFF;ON;50;-0,80;2,70;0,20;2,70;96,70;0;1;3,50;50;-0,10;-0,30;
2026-07-22 05:51:00.0;OFF;ON;50;-0,60;1,80;0,30;3,20;96,90;0;0,90;3,50;50;-0,10;-0,30;
2026-07-22 05:52:00.0;OFF;ON;50;-0,60;2;0,30;3,40;96,90;0;0,80;3,50;50;-0,10;-0,20;
2026-07-22 05:53:00.0;OFF;ON;50;-0,60;2,30;0,30;3,40;96,90;0;0,80;3,50;50;-0,10;-0,20;
2026-07-22 05:54:00.0;OFF;ON;50;-0,60;2,60;0,30;3,40;97,10;0;0,90;3,50;50;-0,10;-0,20;
2026-07-22 05:55:00.0;OFF;ON;50;-0,60;2,80;0,30;3,40;97,10;0;0,90;3,50;50;0,10;-0,20;
2026-07-22 05:56:00.0;OFF;ON;50;-0,50;3;0,50;3,40;97,20;0;0,90;3,50;50;0,30;-0,10;
2026-07-22 05:57:00.0;OFF;ON;50;-0,40;3;0,50;3,40;97,40;0;0,90;3,50;50;0,30;-0,10;
2026-07-22 05:58:00.0;OFF;ON;50;-0,40;3;0,50;3,40;97,40;0;1;3,50;50;0,30;0;
2026-07-22 05:59:00.0;OFF;ON;50;-0,40;3,10;0,60;3,40;97,40;0;1;3,50;50;0,40;0;
2026-07-22 06:00:00.0;OFF;ON;50;-0,30;3,10;0,60;3,30;97,50;0;0,90;3,50;50;0,30;0;
2026-07-22 06:01:00.0;OFF;ON;50;-0,30;3,10;0,60;3,10;97,60;0;0,90;3,50;50;0,40;0,10;
2026-07-22 06:02:00.0;OFF;ON;50;-0,30;3,20;0,70;2,50;97,50;0;1;3,50;50;0,40;0,10;
2026-07-22 06:03:00.0;OFF;ON;50;-0,30;3,10;0,60;2,40;97,50;0;0,90;3,50;50;0,30;0,10;
2026-07-22 06:04:00.0;OFF;ON;50;-0,40;3;0,50;2,40;97,50;0;0,90;3,50;50;0,20;0,10;
2026-07-22 06:05:00.0;OFF;ON;50;-0,40;3;0,50;2,30;97,50;0;0,90;3,50;50;0,10;0;
2026-07-22 06:06:00.0;OFF;ON;50;-0,40;3;0,50;2,30;97,50;0;0,90;3,50;50;0,10;0;
2026-07-22 06:07:00.0;OFF;ON;50;-0,40;3;0,50;2,30;97,40;0;0,90;3,50;50;0,10;0;
2026-07-22 06:08:00.0;OFF;ON;50;-0,40;3;0,50;2,30;97,50;0;0,90;3,50;50;0,10;0;
2026-07-22 06:09:00.0;OFF;ON;50;-0,40;3;0,50;2,20;97,40;0;0,90;3,50;50;0,10;0;
2026-07-22 06:10:00.0;OFF;ON;50;-0,50;3;0,50;2,20;97,50;0;1;3,50;50;0,10;0;
2026-07-22 06:11:00.0;OFF;ON;50;-0,40;2,90;0,40;2,20;97,40;0;0,90;3,50;50;0,10;0;
2026-07-22 06:12:00.0;OFF;ON;50;-0,50;2,90;0,40;2,20;97,40;0;0,90;3,50;50;0,10;-0,10;
2026-07-22 06:13:00.0;OFF;ON;50;-0,50;2,90;0,40;2,20;97,40;0;0,90;3,50;50;0;-0,10;
2026-07-22 06:14:00.0;OFF;ON;50;-0,40;2,90;0,40;2,10;97,40;0;0,80;3,50;50;0;-0,10;
2026-07-22 06:15:00.0;OFF;ON;50;-0,40;2,90;0,40;2,10;97,50;0;0,80;3,50;50;0;-0,10;
2026-07-22 06:16:00.0;OFF;ON;50;-0,50;2,90;0,40;2,10;97,50;0;0,90;3,50;50;0;-0,10;
2026-07-22 06:17:00.0;OFF;ON;50;-0,40;2,90;0,40;2,10;97,40;0;0,80;3,50;50;0;-0,10;
2026-07-22 06:18:00.0;OFF;ON;50;-0,40;2,90;0,40;2,10;97,40;0;0,80;3,50;50;0;-0,10;
2026-07-22 06:19:00.0;OFF;ON;50;-0,40;2,30;0,40;3,60;97,40;0;0,80;3,50;50;0;-0,10;
2026-07-22 06:20:00.0;OFF;ON;50;-0,40;2,30;0,40;3,90;97,40;0;0,80;3,50;50;0;-0,10;
2026-07-22 06:21:00.0;OFF;ON;50;-0,40;2,60;0,40;3,90;97,40;0;0,80;3,50;50;-0,10;-0,10;
2026-07-22 06:22:00.0;OFF;ON;50;-0,60;2,80;0,40;3,90;97,30;0;1;3,50;50;-0,10;-0,10;
2026-07-22 06:23:00.0;OFF;ON;50;-0,50;2,90;0,40;3,90;97,40;0;0,90;3,50;50;-0,10;-0,10;
2026-07-22 06:24:00.0;OFF;ON;50;-0,60;2,90;0,40;3,80;97,40;0;1;3,50;50;-0,10;-0,10;
2026-07-22 06:25:00.0;OFF;ON;50;-0,50;2,80;0,30;3,80;97,20;0;0,80;3,50;50;-0,10;-0,10;
2026-07-22 06:26:00.0;OFF;ON;50;-0,60;2,70;0,20;3,80;97,10;0;0,90;3,50;50;-0,10;-0,10;
2026-07-22 06:27:00.0;OFF;ON;50;-0,60;2,70;0,20;3,80;96,90;0;0,80;3,50;50;-0,10;-0,20;
2026-07-22 06:28:00.0;OFF;ON;50;-0,60;2,70;0,20;3,80;96,90;0;0,70;3,50;50;-0,10;-0,20;
2026-07-22 06:29:00.0;OFF;ON;50;-0,60;2,60;0,10;3,70;96,80;0;0,80;3,50;50;-0,10;-0,20;
2026-07-22 06:30:00.0;OFF;ON;50;-0,70;2,70;0,20;3,70;96,90;0;0,90;3,50;50;-0,10;-0,20;
2026-07-22 06:31:00.0;OFF;ON;50;-0,60;2,80;0,30;3,70;97,10;0;0,80;3,50;50;-0,10;-0,20;
2026-07-22 06:32:00.0;OFF;ON;50;-0,60;2,80;0,30;3,70;97;0;0,90;3,50;50;-0,10;-0,20;
2026-07-22 06:33:00.0;OFF;ON;50;-0,60;2,80;0,30;3,70;97,10;0;0,90;3,50;50;-0,10;-0,20;
2026-07-22 06:34:00.0;OFF;ON;50;-0,60;2,80;0,30;3,70;97,20;0;0,90;3,50;50;-0,10;-0,20;
2026-07-22 06:35:00.0;OFF;ON;50;-0,50;2,80;0,30;3,60;97,20;0;0,80;3,50;50;-0,10;-0,20;
2026-07-22 06:36:00.0;OFF;ON;50;-0,60;2,80;0,30;3,60;97,30;0;0,80;3,50;50;-0,10;-0,20;
2026-07-22 06:37:00.0;OFF;ON;50;-0,60;2,80;0,30;3,60;97,30;0;0,90;3,50;50;-0,10;-0,20;
2026-07-22 06:38:00.0;OFF;ON;50;-0,60;2,70;0,20;3,60;97,30;0;0,80;3,50;50;-0,10;-0,20;
2026-07-22 06:39:00.0;OFF;ON;50;-0,50;2,70;0,20;3,60;97,10;0;0,70;3,50;50;-0,10;-0,20;
2026-07-22 06:40:00.0;OFF;ON;50;-0,60;2,60;0,10;3,60;96,90;0;0,70;3,50;50;-0,20;-0,20;
2026-07-22 06:41:00.0;OFF;ON;50;-0,70;2,60;0,10;3,60;96,80;0;0,80;3,50;50;-0,20;-0,20;
2026-07-22 06:42:00.0;OFF;ON;50;-0,60;2,60;0,10;3,50;96,50;0;0,70;3,50;50;-0,20;-0,30;
2026-07-22 06:43:00.0;OFF;ON;50;-0,70;2,60;0,10;3,50;96,40;0;0,70;3,50;50;-0,20;-0,30;
2026-07-22 06:44:00.0;OFF;ON;50;-0,70;2,50;0;3,50;96,30;0;0,80;3,50;50;-0,20;-0,30;
2026-07-22 06:45:00.0;OFF;ON;50;-0,70;2,50;0;3,50;96,30;0;0,70;3,50;50;-0,20;-0,30;
2026-07-22 06:46:00.0;OFF;ON;50;-0,70;2,50;0;3,50;96,30;0;0,70;3,50;50;-0,20;-0,30;
2026-07-22 06:47:00.0;OFF;ON;50;-0,70;2,50;0;3,40;96,20;0;0,70;3,50;50;-0,20;-0,30;
2026-07-22 06:48:00.0;OFF;ON;50;-0,70;2,50;0;3,40;96,20;0;0,70;3,50;50;-0,30;-0,30;
2026-07-22 06:49:00.0;OFF;ON;50;-0,70;2,40;-0,10;3,40;96,10;0;0,70;3,50;50;-0,30;-0,40;
2026-07-22 06:50:00.0;OFF;ON;50;-0,70;2,40;-0,10;3,40;96,10;0;0,70;3,50;50;-0,30;-0,40;
2026-07-22 06:51:00.0;OFF;ON;50;-0,90;2,40;-0,10;3,40;96,10;0;0,80;3,50;50;-0,30;-0,40;
2026-07-22 06:52:00.0;OFF;ON;50;-0,80;2,40;-0,10;3,40;96;0;0,70;3,50;50;-0,30;-0,40;
2026-07-22 06:53:00.0;OFF;ON;50;-0,80;2,40;-0,10;3,40;96,10;0;0,70;3,50;50;-0,30;-0,40;
2026-07-22 06:54:00.0;OFF;ON;50;-0,80;2,40;-0,10;3,40;96;0;0,70;3,50;50;-0,30;-0,40;
2026-07-22 06:55:00.0;OFF;ON;50;-0,80;2,40;-0,10;3,30;96,10;0;0,70;3,50;50;-0,30;-0,40;
2026-07-22 06:56:00.0;OFF;ON;50;-0,80;2,40;-0,10;3,30;96;0;0,70;3,50;50;-0,30;-0,40;
2026-07-22 06:57:00.0;OFF;ON;50;-0,90;2,40;-0,10;3,30;96;0;0,70;3,50;50;-0,30;-0,40;
2026-07-22 06:58:00.0;OFF;ON;50;-0,80;2,30;-0,20;3,30;96;0;0,70;3,50;50;-0,30;-0,50;
2026-07-22 06:59:00.0;OFF;ON;50;-0,80;2,30;-0,20;3,30;96;0;0,70;3,50;50;-0,40;-0,50;
2026-07-22 07:00:00.0;OFF;ON;50;-0,90;2,30;-0,20;3,30;96;0;0,70;3,50;50;-0,40;-0,50;
2026-07-22 07:01:00.0;OFF;ON;50;-1;2,30;-0,20;3,30;96;0;0,80;3,50;50;-0,40;-0,50;
2026-07-22 07:02:00.0;OFF;ON;50;-0,90;2,30;-0,20;3,20;96;0;0,70;3,50;50;-0,40;-0,50;
2026-07-22 07:03:00.0;OFF;ON;50;-0,90;2,30;-0,20;3,20;96;0;0,70;3,50;50;-0,40;-0,50;
2026-07-22 07:04:00.0;OFF;ON;50;-0,90;2,30;-0,20;3,20;95,90;0;0,70;3,50;50;-0,40;-0,50;
2026-07-22 07:05:00.0;OFF;ON;50;-0,90;2,30;-0,20;3,20;95,90;0;0,70;3,50;50;-0,40;-0,50;
2026-07-22 07:06:00.0;OFF;ON;50;-1;2,30;-0,20;3,20;95,90;0;0,80;3,50;50;-0,40;-0,50;
2026-07-22 07:07:00.0;OFF;ON;50;-1;2,30;-0,20;3,20;95,90;0;0,80;3,50;50;-0,40;-0,50;
2026-07-22 07:08:00.0;OFF;ON;50;-1;2,30;-0,20;3,20;95,90;0;0,80;3,50;50;-0,40;-0,50;
2026-07-22 07:09:00.0;OFF;ON;50;-1;2,30;-0,20;3,10;95,90;0;0,80;3,50;50;-0,40;-0,50;
2026-07-22 07:10:00.0;OFF;ON;50;-0,90;2,20;-0,30;3,10;95,90;0;0,70;3,50;50;-0,40;-0,50;
2026-07-22 07:11:00.0;OFF;ON;50;-1;2,20;-0,30;3,10;95,90;0;0,80;3,50;50;-0,40;-0,50;
2026-07-22 07:12:00.0;OFF;ON;50;-0,90;2,20;-0,30;3,10;95,90;0;0,70;3,50;50;-0,40;-0,60;
2026-07-22 07:13:00.0;OFF;ON;50;-0,90;2,30;-0,20;3,10;95,90;0;0,70;3,50;50;-0,40;-0,60;
2026-07-22 07:14:00.0;OFF;ON;50;-0,90;2,40;-0,10;3,10;96,50;0;0,80;3,50;50;-0,40;-0,60;
2026-07-22 07:15:00.0;OFF;ON;50;-0,90;2,40;-0,10;3;96,80;0;0,80;3,50;50;-0,40;-0,60;
2026-07-22 07:16:00.0;OFF;ON;50;-0,90;2,40;-0,10;3;96,90;0;0,80;3,50;50;-0,40;-0,50;
2026-07-22 07:17:00.0;OFF;ON;50;-0,90;2,40;-0,10;3;97,20;0;0,80;3,50;50;-0,40;-0,50;
2026-07-22 07:18:00.0;OFF;ON;50;-0,80;2,40;-0,10;3;97;0;0,70;3,50;50;-0,40;-0,50;
2026-07-22 07:19:00.0;OFF;ON;50;-0,80;2,40;-0,10;3;96,90;0;0,70;3,50;50;-0,40;-0,50;
2026-07-22 07:20:00.0;OFF;ON;50;-0,80;2,30;-0,20;3;96,70;0;0,60;3,50;50;-0,40;-0,50;
2026-07-22 07:21:00.0;OFF;ON;50;-0,90;2,40;-0,10;2,90;96,40;0;0,80;3,50;50;-0,40;-0,50;
2026-07-22 07:22:00.0;OFF;ON;50;-0,90;2,30;-0,20;2,90;96,20;0;0,80;3,50;50;-0,40;-0,50;
2026-07-22 07:23:00.0;OFF;ON;50;-1;2,30;-0,20;2,90;96;0;0,70;3,50;50;-0,40;-0,50;
2026-07-22 07:24:00.0;OFF;ON;50;-0,90;2,30;-0,20;2,90;95,90;0;0,70;3,50;50;-0,40;-0,50;
2026-07-22 07:25:00.0;OFF;ON;50;-0,90;2,30;-0,20;2,90;95,90;0;0,70;3,50;50;-0,40;-0,50;
2026-07-22 07:26:00.0;OFF;ON;50;-1;2,20;-0,30;2,90;95,90;0;0,80;3,50;50;-0,40;-0,50;
2026-07-22 07:27:00.0;OFF;ON;50;-0,90;2,20;-0,30;2,90;95,80;0;0,70;3,50;50;-0,40;-0,50;
2026-07-22 07:28:00.0;OFF;ON;50;-0,90;2,30;-0,20;2,90;95,80;0;0,70;3,50;50;-0,50;-0,60;
2026-07-22 07:29:00.0;OFF;ON;50;-0,90;2,30;-0,20;2,80;95,80;0;0,70;3,50;50;-0,50;-0,60;
2026-07-22 07:30:00.0;OFF;ON;50;-0,90;2,20;-0,30;2,80;95,80;0;0,70;3,50;50;-0,50;-0,60;
2026-07-22 07:31:00.0;OFF;ON;50;-0,90;2,20;-0,30;2,80;95,80;0;0,70;3,50;50;-0,50;-0,60;
2026-07-22 07:32:00.0;OFF;ON;50;-1;2,20;-0,30;2,80;95,80;0;0,70;3,50;50;-0,50;-0,60;
2026-07-22 07:33:00.0;OFF;ON;50;-1;2,20;-0,30;2,80;95,80;0;0,70;3,50;50;-0,50;-0,60;
2026-07-22 07:34:00.0;OFF;ON;50;-1;2,20;-0,30;2,80;95,80;0;0,70;3,50;50;-0,50;-0,60;
2026-07-22 07:35:00.0;OFF;ON;50;-1;2,20;-0,30;2,80;95,80;0;0,70;3,50;50;-0,50;-0,60;
2026-07-22 07:36:00.0;OFF;ON;50;-1;2,20;-0,30;2,70;95,70;0;0,60;3,50;50;-0,50;-0,60;
2026-07-22 07:37:00.0;OFF;ON;50;-1;2,20;-0,30;2,70;95,70;0;0,70;3,50;50;-0,50;-0,60;
2026-07-22 07:38:00.0;OFF;ON;50;-1;2,20;-0,30;2,70;95,70;0;0,80;3,50;50;-0,50;-0,60;
2026-07-22 07:39:00.0;OFF;ON;50;-1;2,20;-0,30;2,70;95,70;0;0,70;3,50;50;-0,50;-0,60;
2026-07-22 07:40:00.0;OFF;ON;50;-1;2,20;-0,30;2,70;95,80;0;0,70;3,50;50;-0,50;-0,60;
2026-07-22 07:41:00.0;OFF;ON;50;-1;2,10;-0,40;2,70;95,70;0;0,70;3,50;50;-0,50;-0,60;
2026-07-22 07:42:00.0;OFF;ON;50;-1,10;2,10;-0,40;2,70;95,70;0;0,70;3,50;50;-0,50;-0,70;
2026-07-22 07:43:00.0;OFF;ON;50;-1;2,10;-0,40;2,70;95,70;0;0,70;3,50;50;-0,50;-0,70;
2026-07-22 07:44:00.0;OFF;ON;50;-1,10;2,10;-0,40;2,60;95,70;0;0,70;3,50;50;-0,50;-0,70;
2026-07-22 07:45:00.0;OFF;ON;50;-1;2,10;-0,40;2,60;95,60;0;0,60;3,50;50;-0,50;-0,70;
2026-07-22 07:46:00.0;OFF;ON;50;-1;2,10;-0,40;2,60;95,60;0;0,70;3,50;50;-0,50;-0,70;
2026-07-22 07:47:00.0;OFF;ON;50;-1,20;2,20;-0,30;2,60;95,60;0;0,80;3,50;50;-0,50;-0,70;
2026-07-22 07:48:00.0;OFF;ON;50;-1,20;2,10;-0,40;2,60;95,60;0;0,80;3,50;50;-0,60;-0,70;
2026-07-22 07:49:00.0;OFF;ON;50;-1;2,10;-0,40;2,60;95,50;0;0,60;3,50;50;-0,60;-0,70;
2026-07-22 07:50:00.0;OFF;ON;50;-1,20;2,10;-0,40;2,60;95,80;0;0,80;3,50;50;-0,60;-0,70;
2026-07-22 07:51:00.0;OFF;ON;50;-1,10;2,10;-0,40;2,60;95,90;0;0,70;3,50;50;-0,60;-0,70;
2026-07-22 07:52:00.0;OFF;ON;50;-1,10;2,10;-0,40;2,50;95,80;0;0,70;3,50;50;-0,60;-0,70;
2026-07-22 07:53:00.0;OFF;ON;50;-1,10;2,10;-0,40;2,50;95,80;0;0,70;3,50;50;-0,60;-0,70;
2026-07-22 07:54:00.0;OFF;ON;50;-1;2,10;-0,40;2,50;95,60;0;0,60;3,50;50;-0,60;-0,70;
2026-07-22 07:55:00.0;OFF;ON;50;-1,10;2,10;-0,40;2,50;95,60;0;0,70;3,50;50;-0,60;-0,70;
2026-07-22 07:56:00.0;OFF;ON;50;-1,20;2,10;-0,40;2,50;95,60;0;0,80;3,50;50;-0,60;-0,70;
2026-07-22 07:57:00.0;OFF;ON;50;-0,90;2,10;-0,40;2,50;95,60;0;0,50;3,50;50;-0,60;-0,70;
2026-07-22 07:58:00.0;OFF;ON;50;-0,60;2,10;-0,40;2,50;95,70;0;0,20;3,50;50;-0,60;-0,60;
2026-07-22 07:59:00.0;OFF;ON;50;-0,40;2,20;-0,30;2,50;96;0;0,10;3,50;50;-0,50;-0,40;
2026-07-22 08:00:00.0;OFF;ON;50;-0,10;2,40;-0,10;2,40;96,80;0;-0,10;3,50;50;-0,40;-0,20;
2026-07-22 08:01:00.0;OFF;ON;50;0,10;2,50;0;2,40;97,20;0;-0,10;3,50;50;-0,30;-0,10;
2026-07-22 08:02:00.0;OFF;ON;50;0,30;2,60;0,10;1,70;97,60;0;-0,20;3,50;50;-0,20;0,10;
2026-07-22 08:03:00.0;OFF;ON;50;0,30;2,70;0,20;-0,90;97,90;0;-0,10;3,50;50;-0,10;0,20;
2026-07-22 08:04:00.0;OFF;ON;50;0,50;2,80;0,30;-1,70;98;0,10;-0,20;3,50;50;0;0,30;
2026-07-22 08:05:00.0;OFF;ON;50;0,60;2,80;0,30;-2;98,10;0;-0,20;3,50;50;0;0,30;
2026-07-22 08:06:00.0;OFF;ON;50;0,70;3;0,50;-2,20;98,20;0;-0,20;3,50;50;0;0,30;
2026-07-22 08:07:00.0;OFF;ON;50;0,70;3;0,50;-2,20;98,20;0,10;-0,30;3,50;50;0,10;0,30;
2026-07-22 08:08:00.0;OFF;ON;50;0,70;3;0,50;-2,30;98,10;0;-0,20;3,50;50;0,10;0,30;
2026-07-22 08:09:00.0;OFF;ON;50;0,80;3;0,50;-2,30;98,20;0;-0,30;3,50;50;0,20;0,30;
2026-07-22 08:10:00.0;OFF;ON;50;0,80;3;0,50;-2,30;98,10;0;-0,30;3,50;50;0,20;0,30;
2026-07-22 08:11:00.0;OFF;ON;50;0,80;2,90;0,40;-2,40;97,90;0;-0,30;3,50;50;0,20;0,30;
2026-07-22 08:12:00.0;OFF;ON;50;0,90;2,90;0,40;-2,50;97,80;0;-0,50;3,50;50;0,10;0,30;
2026-07-22 08:13:00.0;OFF;ON;50;0,70;2,80;0,30;-2,50;97,70;0;-0,40;3,50;50;0,10;0,30;
2026-07-22 08:14:00.0;OFF;ON;50;0,70;2,80;0,30;-2,50;97,80;0;-0,40;3,50;50;0;0,30;
2026-07-22 08:15:00.0;OFF;ON;50;0,80;2,90;0,40;-2,40;98,20;0;-0,40;3,50;50;0,10;0,30;
2026-07-22 08:16:00.0;OFF;ON;50;1;3;0,50;-2,40;98,10;0;-0,50;3,50;50;0,10;0,30;
2026-07-22 08:17:00.0;OFF;ON;50;0,90;3,10;0,60;-2,40;98,10;0;-0,30;3,50;50;0,10;0,30;
2026-07-22 08:18:00.0;OFF;ON;50;0,90;3;0,50;-2,30;98,10;0;-0,40;3,50;50;0,10;0,30;
2026-07-22 08:19:00.0;OFF;ON;50;1;3;0,50;-2,30;98;0;-0,40;3,50;50;0,10;0,30;
2026-07-22 08:20:00.0;OFF;ON;50;1;3;0,50;-2,30;98;0;-0,50;3,50;50;0,10;0,30;
2026-07-22 08:21:00.0;OFF;ON;50;1;3;0,50;-2,30;98;0;-0,50;3,50;50;0,10;0,30;
2026-07-22 08:22:00.0;OFF;ON;50;1;3;0,50;-2,30;98;0;-0,50;3,50;50;0,10;0,30;
2026-07-22 08:23:00.0;OFF;ON;50;1;3;0,50;-2,30;98;0;-0,50;3,50;50;0,20;0,30;
2026-07-22 08:24:00.0;OFF;ON;50;1,10;3,10;0,60;-2,30;98;0;-0,50;3,50;50;0,20;0,30;
2026-07-22 08:25:00.0;OFF;ON;50;1;3,10;0,60;-2,20;97,90;0;-0,50;3,50;50;0,10;0,30;
2026-07-22 08:26:00.0;OFF;ON;50;1,10;3,10;0,60;-2,20;97,90;0;-0,60;3,50;50;0,20;0,30;
2026-07-22 08:27:00.0;OFF;ON;50;1,10;3;0,50;-2,20;98;0;-0,60;3,50;50;0,20;0,30;
2026-07-22 08:28:00.0;OFF;ON;50;1,10;3;0,50;-2,20;97,90;0;-0,60;3,50;50;0,20;0,30;
2026-07-22 08:29:00.0;OFF;ON;50;1,10;3;0,50;-2,10;97,80;0;-0,60;3,50;50;0,20;0,30;
2026-07-22 08:30:00.0;OFF;ON;50;1;3;0,50;-2,10;97,90;0;-0,50;3,50;50;0,20;0,30;
2026-07-22 08:31:00.0;OFF;ON;50;1,30;3;0,50;-2,10;97,90;0;-0,70;3,50;50;0,20;0,30;
2026-07-22 08:32:00.0;OFF;ON;50;1,30;3;0,50;-2,10;97,90;0;-0,70;3,50;50;0,20;0,30;
2026-07-22 08:33:00.0;OFF;ON;50;1,20;3,10;0,60;-2,10;97,90;0;-0,70;3,50;50;0,20;0,30;
2026-07-22 08:34:00.0;OFF;ON;50;1,20;3,10;0,60;-2,10;98;0;-0,60;3,50;50;0,20;0,30;
2026-07-22 08:35:00.0;OFF;ON;50;1,30;3,10;0,60;-2,10;97,90;0;-0,70;3,50;50;0,20;0,30;
2026-07-22 08:36:00.0;OFF;ON;50;1,30;3,10;0,60;-2,10;97,90;0;-0,70;3,50;50;0,30;0,30;
2026-07-22 08:37:00.0;ON;OFF;50;1,40;-1,30;0,70;-2;97,90;0;-0,70;2;61,50;0,60;0,40;
2026-07-22 08:38:00.0;ON;OFF;50;1,40;-1,10;0,90;-2;98;0;-0,50;2;63,40;0,70;0,40;
2026-07-22 08:39:00.0;ON;OFF;50;1,40;-1,10;0,90;-1,80;98;0;-0,50;2;66,70;0,80;0,40;
2026-07-22 08:40:00.0;ON;OFF;50;1,70;-1;1;-1,60;98;0;-0,70;2;70,10;0,70;0,40;
2026-07-22 08:41:00.0;ON;OFF;50;1,70;-0,80;1,20;-1,30;98,40;0;-0,50;2;73,10;0,70;0,50;
2026-07-22 08:42:00.0;ON;OFF;50;1,80;-0,60;1,40;0,40;98,40;0;-0,40;2;75,60;0,70;0,50;
2026-07-22 08:43:00.0;ON;OFF;50;2,10;-0,70;1,30;0,90;98,40;0;-0,80;2;80,30;0,80;0,60;
2026-07-22 08:44:00.0;ON;OFF;50;2,10;-0,70;1,30;-0,10;98,40;0;-0,80;2;83,50;0,80;0,60;
2026-07-22 08:45:00.0;ON;OFF;50;2,20;-0,70;1,30;-0,40;98,40;0;-0,90;2;86,80;0,80;0,70;
2026-07-22 08:46:00.0;ON;OFF;50;2,30;-0,50;1,50;-0,60;98,40;0;-0,90;2;90,70;1,20;1;
2026-07-22 08:47:00.0;ON;OFF;50;2,40;-0,20;1,80;-0,70;98,40;0;-0,60;2;92,80;1,80;1,60;
2026-07-22 08:48:00.0;ON;OFF;50;2,60;0;2;-0,70;98,40;0;-0,50;2;95,20;2,10;2,10;
2026-07-22 08:49:00.0;ON;OFF;50;2,80;0,30;2,30;-0,60;98,40;0;-0,50;2;98,60;2,40;2,60;
2026-07-22 08:50:00.0;ON;OFF;50;3;0,60;2,60;-0,50;98,40;0;-0,40;2;99,70;2,60;2,90;
2026-07-22 08:51:00.0;ON;OFF;50;3,30;0,90;2,90;9,90;98,40;123,30;-0,40;2;100;2,80;3,10;
2026-07-22 08:52:00.0;ON;OFF;50;3,50;1;3;40,50;98,40;127,70;-0,50;2;100;3;3,30;
2026-07-22 08:53:00.0;ON;OFF;50;3,50;1,10;3,10;41,80;98,40;127,60;-0,40;2;99,70;3,20;3,50;
2026-07-22 08:54:00.0;ON;OFF;50;3,80;1,30;3,30;42,40;98,40;127,50;-0,50;2;99,70;3,40;3,70;
2026-07-22 08:55:00.0;ON;OFF;50;3,90;1,50;3,50;42,60;98,40;127,50;-0,50;2;99,70;3,50;3,90;
2026-07-22 08:56:00.0;ON;OFF;50;4,10;1,60;3,60;42,80;98,40;127,50;-0,50;2;99,60;3,70;4;
2026-07-22 08:57:00.0;ON;OFF;50;4,20;1,80;3,80;42,90;98,40;127,40;-0,40;2;100;3,80;4,10;
2026-07-22 08:58:00.0;ON;OFF;50;4;1,90;3,90;42,90;98,40;127,40;0;2;99,60;3,90;4,20;
2026-07-22 08:59:00.0;ON;OFF;50;3,60;1,90;3,90;43;98,40;127,40;0,40;2;99,50;4;4,10;
2026-07-22 09:00:00.0;ON;OFF;50;3,30;1,90;3,90;43,10;98,40;127,40;0,60;2;99,50;4;3,90;
2026-07-22 09:01:00.0;ON;OFF;50;2,20;1,70;3,70;43,10;98,40;127,40;1,50;2;97,10;3,70;3,40;
2026-07-22 09:02:00.0;ON;OFF;50;1,70;1,60;3,60;43,20;98,40;127,30;1,80;2;96,40;3,60;3;
2026-07-22 09:03:00.0;ON;OFF;50;1;1,30;3,30;43,20;98,40;127,30;2,30;2;94,60;3,40;2,50;
2026-07-22 09:04:00.0;ON;OFF;50;0,60;1,10;3,10;43,20;98,30;127,30;2,50;2;93,40;3,20;2,20;
2026-07-22 09:05:00.0;ON;OFF;50;0,20;0,90;2,90;43,30;98,10;127,30;2,70;2;91,40;3,10;1,90;
2026-07-22 09:06:00.0;ON;OFF;50;0;0,80;2,80;43,30;98,20;127,20;2,80;2;90,70;2,90;1,60;
2026-07-22 09:07:00.0;ON;OFF;50;-0,20;0,70;2,70;43,30;98,40;127,20;2,90;2;89,50;2,70;1,30;
2026-07-22 09:08:00.0;ON;OFF;50;-0,70;0,60;2,60;43,30;98,40;127,20;3,40;2;85,60;2,70;1;
2026-07-22 09:09:00.0;ON;OFF;50;-0,90;0,60;2,60;43,30;98,40;127,20;3,60;2;83,10;2,80;0,90;
2026-07-22 09:10:00.0;ON;OFF;50;-1,40;0,70;2,70;43,40;98,40;127,20;4;2;78,90;2,90;0,80;
2026-07-22 09:11:00.0;ON;OFF;50;-1,50;0,60;2,60;43,40;98,40;127,20;4,10;2;76,20;2,70;0,60;
2026-07-22 09:12:00.0;ON;OFF;50;-1,60;0,70;2,70;43,40;98,40;127,20;4,30;2;72,80;2,80;0,60;
2026-07-22 09:13:00.0;ON;OFF;50;-1,70;0,70;2,70;43,40;98,40;127,10;4,40;2;70,50;2,70;0,60;
2026-07-22 09:14:00.0;ON;OFF;50;-2;0,80;2,80;43,40;98,40;127,20;4,80;2;65,40;2,60;0,50;
2026-07-22 09:15:00.0;ON;OFF;50;-2,10;0,80;2,80;43,40;98,40;127,10;4,90;2;62,10;2,60;0,50;
2026-07-22 09:16:00.0;ON;OFF;50;-0,90;0,80;2,80;43,40;98,40;127,10;3,60;2;64;2,40;0,50;
2026-07-22 09:17:00.0;ON;OFF;50;-1;0,80;2,80;43,40;98,40;127,10;3,80;2;61,70;2,40;0,60;
2026-07-22 09:18:00.0;ON;OFF;50;-0,80;0,90;2,90;43,50;98,40;127,10;3,70;2;59,90;2,40;0,70;
2026-07-22 09:19:00.0;ON;OFF;50;-0,70;1;3;43,50;98,40;127,10;3,70;2;58,80;2,40;0,70;
2026-07-22 09:20:00.0;ON;OFF;50;-0,10;1,20;3,20;43,50;98,40;127,10;3,20;2;57,40;2,50;0,90;
2026-07-22 09:21:00.0;ON;OFF;50;0,20;1,30;3,30;43,50;98,40;127,10;3,10;2;56,70;2,60;1,30;
2026-07-22 09:22:00.0;ON;OFF;50;0,10;1,50;3,50;43,50;98,40;127,10;3,40;2;54,40;2,90;1,40;
2026-07-22 09:23:00.0;ON;OFF;50;0,40;1,70;3,70;43,50;98,50;127,10;3,20;2;53,20;3,10;1,60;
2026-07-22 09:24:00.0;ON;OFF;50;0,70;1,80;3,80;43,50;98,50;127,10;3,10;2;52,70;3,20;1,80;
2026-07-22 09:25:00.0;ON;OFF;50;1;2,10;4,10;43,50;98,50;127,10;3,10;2;50;3,60;2,20;
2026-07-22 09:26:00.0;ON;OFF;50;1,50;2,40;4,40;43,50;98,50;127,10;2,90;2;50;4;2,50;
2026-07-22 09:27:00.0;ON;OFF;50;1,80;2,60;4,60;43,50;98,50;127;2,80;2;50;4,30;2,90;
2026-07-22 09:28:00.0;ON;OFF;50;1,80;2,70;4,70;43,50;98,50;127;2,90;2;50;4,20;3;
2026-07-22 09:29:00.0;ON;OFF;50;2;2,90;4,90;43,50;98,50;127;2,90;2;50;4,40;3,20;
2026-07-22 09:30:00.0;ON;OFF;50;2,20;3;5;43,50;98,50;127;2,80;2;50;4,60;3,40;
2026-07-22 09:31:00.0;ON;OFF;50;2,30;3,20;5,20;43,50;98,50;127;3;2;50;4,80;3,50;
2026-07-22 09:32:00.0;ON;OFF;50;2,10;3,30;5,30;43,50;98,50;127;3,20;2;50;5;3,60;
2026-07-22 09:33:00.0;ON;OFF;50;2,50;3,50;5,50;43,50;98,50;127,10;3;2;50;5,30;3,80;
2026-07-22 09:34:00.0;ON;OFF;50;2,90;3,70;5,70;43,50;98,50;127,10;2,80;2;50;5,10;3,90;
2026-07-22 09:35:00.0;ON;OFF;50;2,90;3,80;5,80;43,50;98,50;127,10;2,90;2;50;5,10;4,10;
2026-07-22 09:36:00.0;ON;OFF;50;3,10;3,90;5,90;43,50;98,50;127,10;2,80;2;50;5;4,10;
2026-07-22 09:37:00.0;ON;OFF;50;2,90;3,90;5,90;43,50;98,50;127,10;3;2;50;4,90;4,10;
2026-07-22 09:38:00.0;ON;OFF;50;2,70;3,90;5,90;43,50;98,50;127,10;3,20;2;50;4,80;4;
2026-07-22 09:39:00.0;ON;OFF;50;2,60;3,80;5,80;43,50;98,50;127,10;3,20;2;50;4,70;3,90;
2026-07-22 09:40:00.0;ON;OFF;50;2,90;3,80;5,80;43,50;98,50;127,10;2,80;2;50;4,60;3,80;
2026-07-22 09:41:00.0;ON;OFF;50;2,90;3,80;5,80;43,50;98,50;127,10;2,90;2;50;4,60;3,90;
2026-07-22 09:42:00.0;ON;OFF;50;2,80;3,80;5,80;43,50;98,50;127,10;3;2;50;4,70;3,90;
2026-07-22 09:43:00.0;ON;OFF;50;2,90;3,80;5,80;43,50;98,50;127,10;2,80;2;50;4,70;3,80;
2026-07-22 09:44:00.0;ON;OFF;50;2,80;3,70;5,70;43,50;98,50;127,10;2,90;2;50;4,70;3,90;
2026-07-22 09:45:00.0;ON;OFF;50;2,60;3,80;5,80;43,50;98,50;127,10;3,20;2;50;4,70;3,80;
2026-07-22 09:46:00.0;ON;OFF;50;2,50;3,70;5,70;43,40;98,50;127,10;3,20;2;50;4,60;3,70;
2026-07-22 09:47:00.0;ON;OFF;50;2,90;3,60;5,60;43,40;98,50;127,10;2,70;2;50;4,60;3,70;
2026-07-22 09:48:00.0;ON;OFF;50;2,80;3,70;5,70;43,40;98,50;127,10;2,90;2;50;4,60;3,80;
2026-07-22 09:49:00.0;ON;OFF;50;2,60;3,60;5,60;43,40;98,50;127,10;3;2;50;4,60;3,70;
2026-07-22 09:50:00.0;ON;OFF;50;2,90;3,70;5,70;43,40;98,50;127,10;2,80;2;50;4,60;3,70;
2026-07-22 09:51:00.0;ON;OFF;50;2,60;3,70;5,70;43,40;98,50;127,10;3;2;50;4,60;3,70;
2026-07-22 09:52:00.0;ON;OFF;50;2,40;3,60;5,60;43,40;98,50;127,10;3,20;2;50;4,50;3,60;
2026-07-22 09:53:00.0;ON;OFF;50;2,50;3,60;5,60;43,40;98,50;127,10;3,10;2;50;4,50;3,60;
2026-07-22 09:54:00.0;ON;OFF;50;2,70;3,50;5,50;43,40;98,50;127,10;2,80;2;50;4,50;3,60;
2026-07-22 09:55:00.0;ON;OFF;50;2,70;3,50;5,50;43,40;98,50;127,10;2,80;2;50;4,50;3,70;
2026-07-22 09:56:00.0;ON;OFF;50;2,60;3,50;5,50;43,30;98,50;127,10;2,90;2;50;4,50;3,60;
2026-07-22 09:57:00.0;ON;OFF;50;2,60;3,50;5,50;43,30;98,50;127,10;2,80;2;50;4,50;3,60;
2026-07-22 09:58:00.0;ON;OFF;50;2,50;3,50;5,50;43,30;98,50;127,10;3;2;50;4,40;3,60;
2026-07-22 09:59:00.0;ON;OFF;50;2,50;3,60;5,60;43,30;98,50;127,10;3,10;2;50;4,70;3,60;
2026-07-22 10:00:00.0;ON;OFF;50;2,60;3,60;5,60;43,30;98,50;127,10;3;2;50;4,80;3,70;
2026-07-22 10:01:00.0;ON;OFF;50;2,80;3,70;5,70;43,30;98,50;127,10;2,90;2;50;5,10;3,90;
2026-07-22 10:02:00.0;ON;OFF;50;2,90;3,90;5,90;43,20;98,50;127,10;3;2;50;5,20;4;
2026-07-22 10:03:00.0;ON;OFF;50;2,90;4;6;43,20;98,50;127,10;3,10;2;50;5,30;4,10;
2026-07-22 10:04:00.0;ON;OFF;50;3,10;4,20;6,20;43,20;98,50;127,10;3;2;50;5,30;4,10;
2026-07-22 10:05:00.0;ON;OFF;50;3;4,30;6,30;43,20;98,50;127,10;3,30;2;50;5,50;4,20;
2026-07-22 10:06:00.0;ON;OFF;50;3,20;4,50;6,50;43,20;98,50;127,10;3,30;2;50;5,70;4,30;
2026-07-22 10:07:00.0;ON;OFF;50;3,30;4,60;6,60;43,20;98,50;127,10;3,40;2;50;5,80;4,40;
2026-07-22 10:08:00.0;ON;OFF;50;3,60;4,80;6,80;43,10;98,50;127,10;3,20;2;50;6;4,60;
2026-07-22 10:09:00.0;ON;OFF;50;3,60;5;7;43,10;98,50;127,10;3,40;2;50;6,20;4,70;
2026-07-22 10:10:00.0;ON;OFF;50;3,70;5,20;7,20;43,10;98,50;127,10;3,50;2;50;6,40;4,80;
2026-07-22 10:11:00.0;ON;OFF;50;3,80;5,30;7,30;43,10;98,50;127,10;3,50;2;50;6,50;4,90;
2026-07-22 10:12:00.0;ON;OFF;50;3,80;5,50;7,50;43;98,50;127,10;3,80;2;50;6,70;5,10;
2026-07-22 10:13:00.0;ON;OFF;50;3,90;5,60;7,60;43;98,50;127,10;3,80;2;50;6,90;5,20;
2026-07-22 10:14:00.0;ON;OFF;50;4,10;5,80;7,80;43;98,50;127,10;3,70;2;50;7;5,40;
2026-07-22 10:15:00.0;ON;OFF;50;4,20;5,90;7,90;43;98,50;127,10;3,70;2;50;7,20;5,60;
2026-07-22 10:16:00.0;ON;OFF;50;4,20;6;8;42,90;98,50;127,10;3,90;2;50;7,30;5,60;
2026-07-22 10:17:00.0;ON;OFF;50;4,20;6,10;8,10;42,90;98,50;127,10;3,90;2;50;7,40;5,80;
2026-07-22 10:18:00.0;ON;OFF;50;4,60;6,20;8,20;42,90;98,50;127,10;3,60;2;50;7,40;5,80;
2026-07-22 10:19:00.0;ON;OFF;50;4,40;6,30;8,30;42,90;98,50;127,20;3,90;2;50;7,70;6;
2026-07-22 10:20:00.0;ON;OFF;50;4,50;6,40;8,40;42,80;98,50;127,10;3,80;2;50;7,70;6,10;
2026-07-22 10:21:00.0;ON;OFF;50;4,80;6,50;8,50;42,80;98,60;127,10;3,70;2;50;7,90;6,20;
2026-07-22 10:22:00.0;ON;OFF;50;4,60;6,70;8,70;42,80;98,60;127,10;4;2;50;8,10;6,40;
2026-07-22 10:23:00.0;ON;OFF;50;4,70;6,90;8,90;42,80;98,60;127,20;4,20;2;50;8,30;6,50;
2026-07-22 10:24:00.0;ON;OFF;50;4,70;7;9;42,70;98,60;127,20;4,30;2;50;8,40;6,60;
2026-07-22 10:25:00.0;ON;OFF;50;5,20;7,20;9,20;42,70;98,60;127,10;4;2;50;8,60;6,80;
2026-07-22 10:26:00.0;ON;OFF;50;5;7,30;9,30;42,70;98,60;127,20;4,30;2;50;8,60;6,90;
2026-07-22 10:27:00.0;ON;OFF;50;5,10;7,40;9,40;42,60;98,60;127,10;4,30;2;50;8,70;6,90;
2026-07-22 10:28:00.0;ON;OFF;50;5,40;7,50;9,50;42,60;98,60;127,20;4,10;2;50;8,80;7;
2026-07-22 10:29:00.0;ON;OFF;50;5,30;7,60;9,60;42,60;98,60;127,20;4,30;2;50;9;7,20;
2026-07-22 10:30:00.0;ON;OFF;50;5,40;7,70;9,70;42,50;98,60;127,20;4,40;2;50;9,20;7,30;
2026-07-22 10:31:00.0;ON;OFF;50;5,40;7,80;9,80;42,50;98,60;127,10;4,50;2;50;9,40;7,50;
2026-07-22 10:32:00.0;ON;OFF;50;5,80;7,90;9,90;42,50;98,60;127,10;4,10;2;50;9,40;7,50;
2026-07-22 10:33:00.0;ON;OFF;50;5,80;8,10;10,10;42,50;98,60;127,10;4,30;2;50;9,70;7,80;
2026-07-22 10:34:00.0;ON;OFF;50;5,70;8,20;10,20;42,40;98,60;127,10;4,40;2;50;9,80;7,90;
2026-07-22 10:35:00.0;ON;OFF;50;5,80;8,20;10,20;42,40;98,60;127,10;4,40;2;50;9,90;8;
2026-07-22 10:36:00.0;ON;OFF;50;6;8,30;10,30;42,30;98,60;127,10;4,30;2;50;10,10;8,10;
2026-07-22 10:37:00.0;ON;OFF;50;6;8,50;10,50;42,30;98,60;127,10;4,50;2;50;10,40;8,20;
2026-07-22 10:38:00.0;ON;OFF;50;6,10;8,60;10,60;42,30;98,60;127,10;4,50;2;50;10,40;8,30;
2026-07-22 10:39:00.0;ON;OFF;50;6,70;8,70;10,70;42,20;98,60;127,10;4;2;50;10,50;8,40;
2026-07-22 10:40:00.0;ON;OFF;50;6,40;8,80;10,80;42,20;98,60;127,10;4,50;2;50;10,70;8,60;
2026-07-22 10:41:00.0;ON;OFF;50;6,60;9;11;42,20;98,60;127,10;4,40;2;50;10,80;8,60;
2026-07-22 10:42:00.0;ON;OFF;50;6,50;9;11;42,10;98,60;127,10;4,50;2;50;10,60;8,60;
2026-07-22 10:43:00.0;ON;OFF;50;6,50;9,10;11,10;42,10;98,60;127,10;4,70;2;50;10,80;8,70;
2026-07-22 10:44:00.0;ON;OFF;50;6,10;9,20;11,20;42;98,60;127,10;5;2;50;10,90;8,60;
2026-07-22 10:45:00.0;ON;OFF;50;6,20;9,20;11,20;42;98,60;127,10;5;2;50;10,80;8,50;
2026-07-22 10:46:00.0;ON;OFF;50;6,10;9,20;11,20;42;98,60;127,10;5,10;2;50;10,80;8,50;
2026-07-22 10:47:00.0;ON;OFF;50;6,20;9,20;11,20;41,90;98,60;127,10;5;2;50;10,80;8,50;
2026-07-22 10:48:00.0;ON;OFF;50;6,20;9,30;11,30;41,90;98,60;127,10;5,10;2;50;11;8,60;
2026-07-22 10:49:00.0;ON;OFF;50;6,20;9,40;11,40;41,80;98,60;127,10;5,20;2;50;11,10;8,60;
2026-07-22 10:50:00.0;ON;OFF;50;6,10;9,50;11,50;41,80;98,60;127,10;5,30;2;50;11,30;8,70;
2026-07-22 10:51:00.0;ON;OFF;50;6,20;9,50;11,50;41,70;98,60;127,10;5,30;2;50;11,20;8,70;
2026-07-22 10:52:00.0;ON;OFF;50;6,30;9,60;11,60;41,70;98,60;127,10;5,30;2;50;11,30;8,70;
2026-07-22 10:53:00.0;ON;OFF;50;6,40;9,70;11,70;41,70;98,60;127,10;5,30;2;50;11,20;8,80;
2026-07-22 10:54:00.0;ON;OFF;50;6,50;9,80;11,80;41,60;98,60;127,10;5,30;2;50;11,50;8,80;
2026-07-22 10:55:00.0;ON;OFF;50;6,40;9,90;11,90;41,60;98,60;127,10;5,50;2;50;11,70;9;
2026-07-22 10:56:00.0;ON;OFF;50;6,60;9,90;11,90;41,50;98,60;127,10;5,40;2;50;11,70;9;
2026-07-22 10:57:00.0;ON;OFF;50;6,60;10;12;41,50;98,60;127,10;5,40;2;50;11,70;9,10;
2026-07-22 10:58:00.0;ON;OFF;50;6,60;10;12;41,40;98,60;127,10;5,40;2;50;11,70;9,10;
2026-07-22 10:59:00.0;ON;OFF;50;6,60;10;12;41,40;98,60;127,10;5,30;2;50;11,70;9,10;
2026-07-22 11:00:00.0;ON;OFF;50;6,60;10;12;41,30;98,60;127,10;5,40;2;50;11,70;9,10;
2026-07-22 11:01:00.0;ON;OFF;50;6,70;10,10;12,10;41,30;98,60;127,10;5,40;2;50;11,70;9,10;
2026-07-22 11:02:00.0;ON;OFF;50;6,80;10,10;12,10;41,30;98,60;127,10;5,30;2;50;11,70;9,10;
2026-07-22 11:03:00.0;ON;OFF;50;6,70;10,10;12,10;41,20;98,60;127,10;5,40;2;50;11,90;9,20;
2026-07-22 11:04:00.0;ON;OFF;50;6,70;10,20;12,20;41,20;98,60;127,10;5,50;2;50;11,70;9,20;
2026-07-22 11:05:00.0;ON;OFF;50;6,80;10,30;12,30;41,10;98,60;127,10;5,50;2;50;11,90;9,20;
2026-07-22 11:06:00.0;ON;OFF;50;6,90;10,30;12,30;41,10;98,60;127,10;5,40;2;50;12,10;9,30;
2026-07-22 11:07:00.0;ON;OFF;50;6,80;10,30;12,30;41;98,60;126,80;5,50;2;50;12;9,30;
2026-07-22 11:08:00.0;ON;OFF;50;7;10,40;12,40;41;98,60;126,80;5,40;2;50;12,10;9,30;
2026-07-22 11:09:00.0;ON;OFF;50;7;10,40;12,40;40,90;98,60;126,70;5,40;2;50;12,10;9,40;
2026-07-22 11:10:00.0;ON;OFF;50;7;10,50;12,50;40,90;98,60;126,70;5,50;2;50;12,10;9,40;
2026-07-22 11:11:00.0;ON;OFF;50;7,10;10,50;12,50;40,80;98,60;126,80;5,40;2;50;12,10;9,40;
2026-07-22 11:12:00.0;ON;OFF;50;7;10,60;12,60;40,80;98,60;126,70;5,60;2;50;12,20;9,50;
2026-07-22 11:13:00.0;ON;OFF;50;7,20;10,60;12,60;40,70;98,60;126,80;5,40;2;50;12,30;9,50;
2026-07-22 11:14:00.0;ON;OFF;50;7;10,60;12,60;40,60;98,60;126,80;5,60;2;50;12,20;9,50;
2026-07-22 11:15:00.0;ON;OFF;50;7,20;10,70;12,70;40,60;98,60;126,80;5,50;2;50;12,30;9,50;
2026-07-22 11:16:00.0;ON;OFF;50;7,30;10,80;12,80;40,50;98,60;126,80;5,50;2;50;12,50;9,70;
2026-07-22 11:17:00.0;ON;OFF;50;7,30;10,80;12,80;40,50;98,60;126,70;5,40;2;50;12,50;9,70;
2026-07-22 11:18:00.0;ON;OFF;50;7,30;10,80;12,80;40,40;98,60;126,70;5,50;2;50;12,60;9,80;
2026-07-22 11:19:00.0;ON;OFF;50;7,40;10,90;12,90;40,40;98,60;126,80;5,50;2;50;13;10;
2026-07-22 11:20:00.0;ON;OFF;50;7,50;11;13;40,30;98,60;126,80;5,50;2;50;13,20;10,20;
2026-07-22 11:21:00.0;ON;OFF;50;7,50;11,10;13,10;40,30;98,60;126,70;5,60;2;50;13,30;10,30;
2026-07-22 11:22:00.0;ON;OFF;50;7,50;11,10;13,10;40,20;98,60;126,70;5,60;2;50;13,40;10,40;
2026-07-22 11:23:00.0;ON;OFF;50;7,70;11,20;13,20;40,20;98,60;126,70;5,50;2;50;13,50;10,50;
2026-07-22 11:24:00.0;ON;OFF;50;7,70;11,20;13,20;40,10;98,60;126,80;5,50;2;50;13,60;10,50;
2026-07-22 11:25:00.0;ON;OFF;50;7,60;11,20;13,20;40,10;98,70;126,80;5,60;2;50;13,50;10,50;
2026-07-22 11:26:00.0;ON;OFF;50;7,60;11,30;13,30;40;98,70;126,80;5,70;2;50;13,60;10,60;
2026-07-22 11:27:00.0;ON;OFF;50;7,70;11,30;13,30;39,90;98,70;126,80;5,70;2;50;13,50;10,60;
2026-07-22 11:28:00.0;ON;OFF;50;7,80;11,40;13,40;39,90;98,70;126,80;5,60;2;50;13,60;10,60;
2026-07-22 11:29:00.0;ON;OFF;50;7,80;11,40;13,40;39,80;98,70;126,80;5,60;2;50;13,60;10,60;
2026-07-22 11:30:00.0;ON;OFF;50;7,70;11,40;13,40;39,80;98,70;126,70;5,70;2;50;13,60;10,60;
2026-07-22 11:31:00.0;ON;OFF;50;7,80;11,50;13,50;39,80;98,70;126,80;5,70;2;50;13,60;10,70;
2026-07-22 11:32:00.0;ON;OFF;50;7,90;11,50;13,50;39,70;98,70;126,70;5,60;2;50;13,70;10,80;
2026-07-22 11:33:00.0;ON;OFF;50;7,80;11,50;13,50;39,70;98,70;126,70;5,70;2;50;13,70;10,80;
2026-07-22 11:34:00.0;ON;OFF;50;7,80;11,50;13,50;39,60;98,70;126,80;5,70;2;50;13,80;10,80;
2026-07-22 11:35:00.0;ON;OFF;50;8;11,50;13,50;39,60;98,70;126,70;5,60;2;50;13,90;10,90;
2026-07-22 11:36:00.0;ON;OFF;50;7,80;11,50;13,50;39,50;98,70;126,60;5,70;2;50;13,90;10,90;
2026-07-22 11:37:00.0;ON;OFF;50;7,90;11,50;13,50;39,50;98,70;126,60;5,70;2;50;13,90;10,90;
2026-07-22 11:38:00.0;ON;OFF;50;7,90;11,60;13,60;39,40;98,70;126,50;5,60;2;50;13,80;10,90;
2026-07-22 11:39:00.0;ON;OFF;50;8;11,50;13,50;39,40;98,70;126,50;5,50;2;50;13,80;10,90;
2026-07-22 11:40:00.0;ON;OFF;50;7,90;11,50;13,50;39,30;98,70;126,50;5,60;2;50;13,80;11;
2026-07-22 11:41:00.0;ON;OFF;50;8;11,50;13,50;39,30;98,70;126,50;5,50;2;50;13,90;11;
2026-07-22 11:42:00.0;ON;OFF;50;8;11,50;13,50;39,20;98,70;126,50;5,50;2;50;13,90;10,90;
2026-07-22 11:43:00.0;ON;OFF;50;7,90;11,50;13,50;39,20;98,70;126,50;5,60;2;50;13,90;10,90;
2026-07-22 11:44:00.0;ON;OFF;50;7,80;11,50;13,50;39,10;98,70;126,50;5,70;2;50;13,80;10,80;
2026-07-22 11:45:00.0;ON;OFF;50;7,90;11,40;13,40;39,10;98,70;126,50;5,50;2;50;13,70;10,70;
2026-07-22 11:46:00.0;ON;OFF;50;7,80;11,40;13,40;39;98,70;126,50;5,60;2;50;13,70;10,80;
2026-07-22 11:47:00.0;ON;OFF;50;7,80;11,50;13,50;39;98,70;126,50;5,70;2;50;13,80;10,80;
2026-07-22 11:48:00.0;ON;OFF;50;7,90;11,50;13,50;38,90;98,70;126,50;5,60;2;50;13,80;10,80;
2026-07-22 11:49:00.0;ON;OFF;50;7,80;11,50;13,50;38,90;98,70;126,50;5,70;2;50;13,70;10,80;
2026-07-22 11:50:00.0;ON;OFF;50;7,80;11,40;13,40;38,80;98,70;126,50;5,60;2;50;13,70;10,70;
2026-07-22 11:51:00.0;ON;OFF;50;7,90;11,40;13,40;38,80;98,70;126,50;5,50;2;50;13,80;10,70;
2026-07-22 11:52:00.0;OFF;ON;100;7,80;7,40;13,40;38,70;98,70;126,50;5,60;6;51,60;13,70;10,70;
2026-07-22 11:53:00.0;OFF;ON;100;7,90;7,50;13,50;38,70;98,70;126,50;5,60;6;51,90;13,70;11,90;
2026-07-22 11:54:00.0;OFF;ON;100;8,30;7,70;13,70;38,60;98,70;126,50;5,40;6;53,40;13,80;12,40;
2026-07-22 11:55:00.0;OFF;ON;100;8,50;7,80;13,80;38,60;98,70;126,50;5,30;6;54,60;13,90;12,50;
2026-07-22 11:56:00.0;OFF;ON;100;8,80;7,80;13,80;38,50;98,70;126,50;5;6;57,10;14;12,70;
2026-07-22 11:57:00.0;OFF;ON;100;9;7,90;13,90;38,50;98,70;126,50;4,90;6;58,60;14;12,80;
2026-07-22 11:58:00.0;OFF;ON;100;9;7,90;13,90;38,40;98,60;126,50;5;6;59,60;14;12,80;
2026-07-22 11:59:00.0;OFF;ON;100;9,10;8;14;38,40;98,60;126,50;4,80;6;61,50;14;12,90;
2026-07-22 12:00:00.0;OFF;ON;100;9,10;8;14;38,30;98,60;126,50;4,90;6;62,20;14;12,90;
2026-07-22 12:01:00.0;OFF;ON;100;8,90;8;14;38,20;98,70;126,50;5,10;6;63;14;12,80;
2026-07-22 12:02:00.0;OFF;ON;100;8,60;7,90;13,90;38,20;98,70;126,50;5,30;6;63;14;12,80;
2026-07-22 12:03:00.0;OFF;ON;100;8,60;7,90;13,90;38,20;98,70;126,50;5,30;6;63,90;13,90;12,70;
2026-07-22 12:04:00.0;OFF;ON;100;8,50;7,90;13,90;38,10;98,70;126,40;5,40;6;64,30;13,90;12,70;
2026-07-22 12:05:00.0;OFF;ON;100;8,30;7,80;13,80;38;98,70;126,40;5,50;6;64,70;13,80;12,60;
2026-07-22 12:06:00.0;OFF;ON;100;8,30;7,70;13,70;38;98,70;126,40;5,40;6;65,30;13,80;12,50;
2026-07-22 12:07:00.0;OFF;ON;100;8,10;7,70;13,70;37,90;98,70;126,50;5,60;6;65,20;13,70;12,50;
2026-07-22 12:08:00.0;OFF;ON;100;7,90;7,60;13,60;37,90;98,70;126,50;5,70;6;65,30;13,70;12,40;
2026-07-22 12:09:00.0;OFF;ON;100;7,90;7,60;13,60;37,80;98,70;126,40;5,70;6;65,60;13,60;12,40;
2026-07-22 12:10:00.0;OFF;ON;100;7,80;7,60;13,60;37,80;98,70;126,40;5,70;6;65,70;13,60;12,30;
2026-07-22 12:11:00.0;OFF;ON;100;7,80;7,50;13,50;37,70;98,70;126,40;5,70;6;66;13,50;12,20;
2026-07-22 12:12:00.0;OFF;ON;100;7,70;7,40;13,40;37,70;98,70;126,50;5,80;6;66;13,40;12,10;
2026-07-22 12:13:00.0;OFF;ON;100;7,60;7,40;13,40;37,60;98,70;126,40;5,80;6;66,20;13,40;12,10;
2026-07-22 12:14:00.0;OFF;ON;100;7,40;7,30;13,30;37,60;98,70;126,30;6;6;65,80;13,30;12;
2026-07-22 12:15:00.0;OFF;ON;100;7,30;7,30;13,30;37,50;98,70;126,40;6;6;66;13,30;12;
2026-07-22 12:16:00.0;OFF;ON;100;7,20;7,20;13,20;37,40;98,70;126,30;6;6;66,20;13,30;11,90;
2026-07-22 12:17:00.0;OFF;ON;100;7,30;7,20;13,20;37,40;98,70;126,30;5,80;6;66,50;13,20;11,90;
2026-07-22 12:18:00.0;OFF;ON;100;7,20;7,20;13,20;37,40;98,70;126,40;5,90;6;66,20;13,20;11,80;
2026-07-22 12:19:00.0;OFF;ON;100;7,30;7,10;13,10;37,30;98,70;126,40;5,80;6;67;13,10;11,80;
2026-07-22 12:20:00.0;OFF;ON;100;7,30;7;13;37,20;98,70;126,40;5,80;6;67;13;11,70;
2026-07-22 12:21:00.0;OFF;ON;100;7;7;13;37,20;98,70;126,30;6;6;66,70;13;11,70;
2026-07-22 12:22:00.0;OFF;ON;100;7,10;7,20;13;37,10;98,70;126,30;5,90;5,80;66;12,90;11,60;
2026-07-22 12:23:00.0;OFF;ON;100;7;7,10;12,90;37,10;98,70;126,30;5,90;5,80;65,80;12,90;11,50;
2026-07-22 12:24:00.0;OFF;ON;100;6,80;7,10;12,90;37;98,70;126,30;6,10;5,80;64,90;12,80;11,50;
2026-07-22 12:25:00.0;OFF;ON;100;7;7;12,80;37;98,70;126,40;5,80;5,80;65,40;12,80;11,40;
2026-07-22 12:26:00.0;OFF;ON;100;6,90;7;12,80;36,90;98,70;126,40;5,90;5,80;65,20;12,70;11,40;
2026-07-22 12:27:00.0;OFF;ON;100;6,70;6,90;12,70;36,80;98,70;126,30;6;5,80;64,60;12,70;11,30;
2026-07-22 12:28:00.0;OFF;ON;100;6,70;6,90;12,70;36,80;98,70;126,30;5,90;5,80;64,70;12,70;11,30;
2026-07-22 12:29:00.0;OFF;ON;100;6,80;6,80;12,60;36,70;98,70;126,40;5,90;5,80;64,70;12,60;11,20;
2026-07-22 12:30:00.0;OFF;ON;100;6,60;6,80;12,60;36,70;98,70;126,40;6;5,80;63,90;12,60;11,20;
2026-07-22 12:31:00.0;OFF;ON;100;6,60;6,70;12,50;36,60;98,70;126,30;6;5,80;63,90;12,50;11,20;
2026-07-22 12:32:00.0;OFF;ON;100;6,50;6,70;12,50;36,60;98,70;126,30;6;5,80;63,50;12,50;11,10;
2026-07-22 12:33:00.0;OFF;ON;100;6,40;6,70;12,50;36,50;98,60;126,30;6,10;5,80;63,20;12,40;11,10;
2026-07-22 12:34:00.0;OFF;ON;100;6,60;6,60;12,40;36,50;98,60;126,30;5,80;5,80;63,70;12,40;11;
2026-07-22 12:35:00.0;OFF;ON;100;6,50;6,60;12,40;36,40;98,60;126,30;5,80;5,80;63,70;12,30;11;
2026-07-22 12:36:00.0;OFF;ON;100;6,50;6,50;12,30;36,30;98,60;126,20;5,80;5,80;63,40;12,30;10,90;
2026-07-22 12:37:00.0;OFF;ON;100;6,30;6,70;12,30;36,30;98,60;126,20;6;5,60;62;12,20;10,80;
2026-07-22 12:38:00.0;OFF;ON;100;6,30;6,60;12,20;36,20;98,60;126,20;5,90;5,60;62;12,20;10,80;
2026-07-22 12:39:00.0;OFF;ON;100;6,30;6,60;12,20;36,20;98,60;126,30;5,90;5,60;61,80;12,20;10,80;
2026-07-22 12:40:00.0;OFF;ON;100;6,40;6,60;12,20;36,10;98,60;126,30;5,80;5,60;61,60;12,10;10,70;
2026-07-22 12:41:00.0;OFF;ON;100;6,10;6,50;12,10;36,10;98,60;126,30;6;5,60;60,30;12;10,70;
2026-07-22 12:42:00.0;OFF;ON;100;6,10;6,50;12,10;36;98,60;126,30;6;5,60;60,10;12;10,70;
2026-07-22 12:43:00.0;OFF;ON;100;6,10;6,40;12;36;98,60;126,30;6;5,60;59,80;12;10,60;
2026-07-22 12:44:00.0;OFF;ON;100;6;6,40;12;35,90;98,60;126,20;6;5,60;59,40;11,90;10,50;
2026-07-22 12:45:00.0;OFF;ON;100;6;6,40;12;35,90;98,60;126,20;6;5,60;59,20;11,90;10,50;
2026-07-22 12:46:00.0;OFF;ON;100;6;6,30;11,90;35,80;98,60;126,20;5,90;5,60;58,90;11,80;10,50;
2026-07-22 12:47:00.0;OFF;ON;100;5,90;6,30;11,90;35,70;98,60;126,20;5,90;5,60;58,60;11,80;10,40;
2026-07-22 12:48:00.0;OFF;ON;100;5,90;6,20;11,80;35,70;98,60;126,20;5,90;5,60;58,30;11,80;10,40;
2026-07-22 12:49:00.0;OFF;ON;100;5,90;6,20;11,80;35,60;98,60;126,20;5,90;5,60;58,10;11,70;10,30;
2026-07-22 12:50:00.0;OFF;ON;100;6;6,20;11,80;35,60;98,60;126,20;5,80;5,60;58,60;11,70;10,30;
2026-07-22 12:51:00.0;OFF;ON;100;5,80;6,10;11,70;35,50;98,60;126,20;5,90;5,60;57,50;11,60;10,30;
2026-07-22 12:52:00.0;OFF;ON;100;5,70;6,30;11,70;35,40;98,60;126,20;5,90;5,40;56,40;11,50;10,20;
2026-07-22 12:53:00.0;OFF;ON;100;6;6,20;11,60;35,40;98,60;126,20;5,60;5,40;57,30;11,50;10,20;
2026-07-22 12:54:00.0;OFF;ON;100;5,90;6,20;11,60;35,30;98,60;126,20;5,70;5,40;56,30;11,50;10,20;
2026-07-22 12:55:00.0;OFF;ON;100;6;6,20;11,60;35,30;98,60;126,20;5,60;5,40;56,70;11,50;10,10;
2026-07-22 12:56:00.0;OFF;ON;100;6,10;6,20;11,60;35,20;98,60;126,20;5,50;5,40;56,70;11,50;10,10;
2026-07-22 12:57:00.0;OFF;ON;100;6;6,10;11,50;35,10;98,60;126,20;5,50;5,40;56,50;11,40;10,10;
2026-07-22 12:58:00.0;OFF;ON;100;6;6,10;11,50;35,10;98,60;126,20;5,50;5,40;56,30;11,40;10,10;
2026-07-22 12:59:00.0;OFF;ON;100;5,90;6,10;11,50;35;98,60;126,20;5,60;5,40;55,70;11,40;10;
2026-07-22 13:00:00.0;OFF;ON;100;5,90;6;11,40;35;98,60;126,20;5,50;5,40;55,80;11,30;10;
2026-07-22 13:01:00.0;OFF;ON;100;5,80;6;11,40;34,90;98,60;126,20;5,60;5,40;55,50;11,30;10;
2026-07-22 13:02:00.0;OFF;ON;100;5,90;6;11,40;34,90;98,60;126,20;5,50;5,40;55,80;11,30;10;
2026-07-22 13:03:00.0;OFF;ON;100;5,90;6;11,40;34,80;98,60;126,20;5,40;5,40;55,60;11,20;9,90;
2026-07-22 13:04:00.0;OFF;ON;100;5,90;5,90;11,30;34,80;98,60;126,20;5,40;5,40;55,50;11,20;9,90;
2026-07-22 13:05:00.0;OFF;ON;100;5,90;5,90;11,30;34,70;98,60;126,20;5,40;5,40;55,50;11,20;9,90;
2026-07-22 13:06:00.0;OFF;ON;100;5,90;5,90;11,30;34,70;98,60;126,20;5,40;5,40;56;11,20;9,90;
2026-07-22 13:07:00.0;OFF;ON;100;5,90;5,80;11,20;34,60;98,60;126,20;5,40;5,40;55,40;11,10;9,90;
2026-07-22 13:08:00.0;OFF;ON;100;5,80;5,80;11,20;34,60;98,60;126,20;5,40;5,40;55,90;11;9,80;
2026-07-22 13:09:00.0;OFF;ON;100;5,80;5,80;11,20;34,50;98,60;126,20;5,40;5,40;55,90;11,10;9,80;
2026-07-22 13:10:00.0;OFF;ON;100;5,60;5,80;11,20;34,50;98,60;126,20;5,60;5,40;55;11;9,80;
2026-07-22 13:11:00.0;OFF;ON;100;5,80;5,70;11,10;34,50;98,60;126,20;5,30;5,40;55,90;11;9,80;
2026-07-22 13:12:00.0;OFF;ON;100;5,80;5,70;11,10;34,40;98,60;126,20;5,30;5,40;56;10,90;9,70;
2026-07-22 13:13:00.0;OFF;ON;100;5,80;5,70;11,10;34,30;98,60;126,20;5,30;5,40;56;10,90;9,70;
2026-07-22 13:14:00.0;OFF;ON;100;5,60;5,60;11;34,30;98,60;126,20;5,50;5,40;55,30;10,90;9,70;
2026-07-22 13:15:00.0;OFF;ON;100;5,60;5,60;11;34,20;98,60;126,10;5,40;5,40;55,20;10,80;9,60;
2026-07-22 13:16:00.0;OFF;ON;100;5,60;5,50;10,90;34,20;98,60;126,10;5,40;5,40;55,80;10,80;9,60;
2026-07-22 13:17:00.0;OFF;ON;100;5,60;5,50;10,90;34,20;98,60;126,10;5,40;5,40;55,30;10,80;9,60;
2026-07-22 13:18:00.0;OFF;ON;100;5,60;5,50;10,90;34,10;98,60;126,10;5,50;5,40;55,20;10,70;9,60;
2026-07-22 13:19:00.0;OFF;ON;100;5,40;5,50;10,90;34,10;98,60;126,10;5,40;5,40;55,80;10,70;9,50;
2026-07-22 13:20:00.0;OFF;ON;100;5,40;5,40;10,80;34;98,60;126,10;5,40;5,40;55,30;10,70;9,50;
2026-07-22 13:21:00.0;OFF;ON;100;5,40;5,40;10,80;34;98,60;126,10;5,30;5,40;55,80;10,60;9,50;
2026-07-22 13:22:00.0;OFF;ON;100;5,30;5,30;10,70;33,90;98,60;126,10;5,40;5,40;55,90;10,60;9,40;
2026-07-22 13:23:00.0;OFF;ON;100;5,50;5,30;10,70;33,90;98,60;126,10;5,30;5,40;56,10;10,60;9,40;
2026-07-22 13:24:00.0;OFF;ON;100;5,40;5,30;10,70;33,80;98,60;126,10;5,30;5,40;55,90;10,60;9,40;
2026-07-22 13:25:00.0;OFF;ON;100;5,20;5,20;10,60;33,80;98,60;126,10;5,40;5,40;55,90;10,50;9,30;
2026-07-22 13:26:00.0;OFF;ON;100;5,30;5,20;10,60;33,70;98,60;126,10;5,40;5,40;56;10,40;9,30;
2026-07-22 13:27:00.0;OFF;ON;100;5,20;5,20;10,60;33,70;98,60;126,10;5,40;5,40;56,10;10,40;9,30;
2026-07-22 13:28:00.0;OFF;ON;100;5,30;5,10;10,50;33,60;98,60;126,10;5,20;5,40;56,60;10,30;9,20;
2026-07-22 13:29:00.0;OFF;ON;100;5,30;5,10;10,50;33,50;98,60;126,10;5,30;5,40;56,60;10,30;9,20;
2026-07-22 13:30:00.0;OFF;ON;100;5,10;5,10;10,50;33,50;98,60;126,10;5,30;5,40;56,30;10,30;9,20;
2026-07-22 13:31:00.0;OFF;ON;100;5,10;5;10,40;33,50;98,60;126,10;5,40;5,40;56,40;10,30;9,20;
2026-07-22 13:32:00.0;OFF;ON;100;5,20;5;10,40;33,40;98,60;126,10;5,20;5,40;57,10;10,20;9,10;
2026-07-22 13:33:00.0;OFF;ON;100;5,10;5;10,40;33,40;98,60;126,10;5,30;5,40;56,90;10,20;9,10;
2026-07-22 13:34:00.0;OFF;ON;100;5;4,90;10,30;33,30;98,60;126;5,30;5,40;56,80;10,20;9;
2026-07-22 13:35:00.0;OFF;ON;100;5;4,90;10,30;33,30;98,60;126;5,30;5,40;57,20;10,10;9;
2026-07-22 13:36:00.0;OFF;ON;100;5;4,90;10,30;33,20;98,60;126;5,30;5,40;57,30;10,10;9;
2026-07-22 13:37:00.0;OFF;ON;100;5;4,80;10,20;33,20;98,60;126;5,20;5,40;57,80;10,10;9;
2026-07-22 13:38:00.0;OFF;ON;100;5;4,80;10,20;33,10;98,60;126;5,30;5,40;57,50;10;8,90;
2026-07-22 13:39:00.0;OFF;ON;100;4,80;4,70;10,10;33;98,60;126;5,30;5,40;57,80;10;8,90;
2026-07-22 13:40:00.0;OFF;ON;100;4,80;4,70;10,10;33;98,60;126;5,30;5,40;58;9,90;8,80;
2026-07-22 13:41:00.0;OFF;ON;100;4,90;4,70;10,10;33;98,60;126;5,20;5,40;58,70;9,90;8,80;
2026-07-22 13:42:00.0;OFF;ON;100;4,80;4,70;10,10;32,90;98,60;126,10;5,20;5,40;58,90;9,90;8,80;
2026-07-22 13:43:00.0;OFF;ON;100;4,90;4,60;10;32,90;98,50;126,10;5,10;5,40;59,30;9,80;8,80;
2026-07-22 13:44:00.0;OFF;ON;100;4,80;4,60;10;32,80;98,50;126,10;5,20;5,40;59,50;9,80;8,70;
2026-07-22 13:45:00.0;OFF;ON;100;4,70;4,50;10;32,80;98,40;126,10;5,20;5,50;59,90;9,80;8,70;
2026-07-22 13:46:00.0;OFF;ON;100;4,70;4,40;9,90;32,70;98,40;126;5,20;5,50;60,50;9,70;8,70;
2026-07-22 13:47:00.0;OFF;ON;100;4,70;4,40;9,90;32,60;98,50;126;5,20;5,50;60,80;9,80;8,70;
2026-07-22 13:48:00.0;OFF;ON;100;4,70;4,40;9,90;32,60;98,30;126;5,10;5,50;61,70;9,70;8,70;
2026-07-22 13:49:00.0;OFF;ON;100;4,80;4,40;9,90;32,50;98,40;126;5,20;5,50;61,70;9,70;8,70;
2026-07-22 13:50:00.0;OFF;ON;100;4,60;4,30;9,80;32,50;98,40;126;5,20;5,50;62;9,70;8,60;
2026-07-22 13:51:00.0;OFF;ON;100;4,70;4,30;9,80;32,40;98,30;126;5,10;5,50;63;9,60;8,60;
2026-07-22 13:52:00.0;OFF;ON;100;4,60;4,30;9,80;32,40;98,30;126;5,20;5,50;63;9,60;8,60;
2026-07-22 13:53:00.0;OFF;ON;100;4,60;4,20;9,70;32,30;98,30;126;5,20;5,50;63,40;9,60;8,50;
2026-07-22 13:54:00.0;OFF;ON;100;4,60;4,20;9,70;32,30;98,20;126;5;5,50;64,50;9,60;8,50;
2026-07-22 13:55:00.0;OFF;ON;100;4,60;4,20;9,70;32,20;98,20;126;5,10;5,50;64,80;9,50;8,50;
2026-07-22 13:56:00.0;OFF;ON;100;4,50;4,20;9,70;32,20;98,20;126;5;5,50;65,40;9,50;8,50;
2026-07-22 13:57:00.0;OFF;ON;100;4,60;4,10;9,60;32,10;98,20;126;5,20;5,50;65,40;9,40;8,40;
2026-07-22 13:58:00.0;OFF;ON;100;4,30;4,10;9,60;32,10;98,20;126;5,30;5,50;65,20;9,40;8,40;
2026-07-22 13:59:00.0;OFF;ON;100;4,30;4,10;9,60;32;98,10;126;5,30;5,50;65,70;9,40;8,30;
2026-07-22 14:00:00.0;OFF;ON;100;4,20;4;9,50;32;98,10;126;5,30;5,50;65,90;9,30;8,30;
2026-07-22 14:01:00.0;OFF;ON;100;4,10;4;9,50;31,90;98,10;126;5,40;5,50;65,90;9,30;8,20;
2026-07-22 14:02:00.0;OFF;ON;100;4;3,90;9,40;31,90;98,10;126;5,40;5,50;66;9,30;8,20;
2026-07-22 14:03:00.0;OFF;ON;100;4,10;3,90;9,40;31,80;98;126;5,30;5,50;66,70;9,20;8,10;
2026-07-22 14:04:00.0;OFF;ON;100;3,90;3,80;9,30;31,80;98;126;5,40;5,50;66,70;9,10;8;
2026-07-22 14:05:00.0;OFF;ON;100;3,80;3,80;9,30;31,70;97,90;126;5,50;5,50;66,70;9,10;8;
2026-07-22 14:06:00.0;OFF;ON;100;3,90;3,70;9,20;31,70;97,70;126;5,30;5,50;66,60;9,10;7,90;
2026-07-22 14:07:00.0;OFF;ON;100;3,80;3,70;9,20;31,60;97,80;126;5,50;5,50;67;9;7,90;
2026-07-22 14:08:00.0;OFF;ON;100;3,70;3,70;9,20;31,60;97,90;126;5,50;5,50;67,10;9;7,80;
2026-07-22 14:09:00.0;OFF;ON;100;3,80;3,70;9,20;31,50;97,80;126;5,30;5,50;67;9;7,80;
2026-07-22 14:10:00.0;OFF;ON;100;3,80;3,60;9,10;31,40;97,60;126;5,40;5,50;67,30;8,90;7,80;
2026-07-22 14:11:00.0;OFF;ON;100;3,60;3,60;9,10;31,40;97,60;126;5,50;5,50;67,40;8,90;7,80;
2026-07-22 14:12:00.0;OFF;ON;100;3,60;3,60;9,10;31,30;97,60;126;5,40;5,50;67,30;8,80;7,70;
2026-07-22 14:13:00.0;OFF;ON;100;3,50;3,50;9;31,30;97,60;126;5,50;5,50;67,30;8,80;7,60;
2026-07-22 14:14:00.0;OFF;ON;100;3,40;3,50;9;31,30;97,60;126;5,50;5,50;66,70;8,80;7,60;
2026-07-22 14:15:00.0;OFF;ON;100;3,40;3,40;8,90;31,20;97,50;126;5,50;5,50;67,30;8,70;7,50;
2026-07-22 14:16:00.0;OFF;ON;100;3,40;3,40;8,90;31,10;97,50;126;5,50;5,50;67,30;8,70;7,50;
2026-07-22 14:17:00.0;OFF;ON;100;3,40;3,30;8,80;31,10;97,40;126;5,40;5,50;67,50;8,60;7,40;
2026-07-22 14:18:00.0;OFF;ON;100;3,40;3,30;8,80;31;97,40;125,90;5,40;5,50;67,80;8,60;7,40;
2026-07-22 14:19:00.0;OFF;ON;100;3,40;3,30;8,80;31;97,40;125,90;5,30;5,50;67,90;8,50;7,40;
2026-07-22 14:20:00.0;OFF;ON;100;3,20;3,20;8,70;30,90;97,40;125,90;5,50;5,50;67,70;8,50;7,40;
2026-07-22 14:21:00.0;OFF;ON;100;3,30;3,20;8,70;30,80;97,40;125,90;5,40;5,50;68;8,50;7,30;
2026-07-22 14:22:00.0;OFF;ON;100;3,20;3,20;8,70;30,80;97,40;125,90;5,50;5,50;67,90;8,50;7,30;
2026-07-22 14:23:00.0;OFF;ON;100;3,30;3,10;8,60;30,70;97,40;125,90;5,40;5,50;68,30;8,40;7,20;
2026-07-22 14:24:00.0;OFF;ON;100;3,30;3,10;8,60;30,70;97,40;125,90;5,30;5,50;68,50;8,40;7,20;
2026-07-22 14:25:00.0;OFF;ON;100;3,10;3,10;8,60;30,60;97,40;125,90;5,40;5,50;68,30;8,30;7,20;
2026-07-22 14:26:00.0;OFF;ON;100;3;3;8,50;30,60;97,30;125,90;5,50;5,50;68,10;8,30;7,10;
2026-07-22 14:27:00.0;OFF;ON;100;3;3;8,50;30,50;97,20;125,90;5,50;5,50;67,60;8,20;7;
2026-07-22 14:28:00.0;OFF;ON;100;2,80;2,90;8,40;30,50;97,30;125,90;5,60;5,50;67,40;8,20;7;
2026-07-22 14:29:00.0;OFF;ON;100;2,90;2,90;8,40;30,40;97,20;125,90;5,50;5,50;68,10;8,20;6,90;
2026-07-22 14:30:00.0;OFF;ON;100;2,80;2,90;8,40;30,40;97,20;125,90;5,60;5,50;67,50;8,20;6,90;
2026-07-22 14:31:00.0;OFF;ON;100;2,70;2,80;8,30;30,30;97,10;125,90;5,50;5,50;67,50;8,10;6,90;
2026-07-22 14:32:00.0;OFF;ON;100;2,70;2,80;8,30;30,20;97,10;125,90;5,60;5,50;67,40;8,10;6,80;
2026-07-22 14:33:00.0;OFF;ON;100;2,70;2,70;8,20;30,20;97,10;125,90;5,50;5,50;67,90;8;6,80;
2026-07-22 14:34:00.0;OFF;ON;100;2,70;2,70;8,20;30,10;97,20;125,90;5,50;5,50;68;8;6,70;
2026-07-22 14:35:00.0;OFF;ON;100;2,60;2,70;8,20;30,10;97,10;125,90;5,50;5,50;68,10;7,90;6,70;
2026-07-22 14:36:00.0;OFF;ON;100;2,70;2,60;8,10;30;97,20;125,90;5,40;5,50;68,30;7,90;6,60;
2026-07-22 14:37:00.0;OFF;ON;100;2,70;2,60;8,10;30;97,20;125,90;5,40;5,50;68,20;7,90;6,60;
2026-07-22 14:38:00.0;OFF;ON;100;2,50;2,60;8,10;29,90;97,20;125,90;5,50;5,50;68,20;7,80;6,60;
2026-07-22 14:39:00.0;OFF;ON;100;2,60;2,50;8;29,90;97,10;125,90;5,40;5,50;64,30;7,80;6,50;
2026-07-22 14:40:00.0;OFF;ON;100;2,50;3,50;8;29,80;97,10;125,90;5,50;4,50;62,90;7,80;6,50;
2026-07-22 14:41:00.0;OFF;ON;100;2,60;3,50;8;29,80;97,20;125,90;5,40;4,50;62,40;7,70;6,50;
2026-07-22 14:42:00.0;OFF;ON;100;2,60;3,40;7,90;29,80;97,20;125,90;5,40;4,50;61,20;7,70;6,50;
2026-07-22 14:43:00.0;OFF;ON;100;2,40;3,40;7,90;29,70;97,20;125,90;5,50;4,50;59,90;7,70;6,40;
2026-07-22 14:44:00.0;OFF;ON;100;2,40;3,40;7,90;29,70;97,20;125,90;5,50;4,50;58,40;7,70;6,40;
2026-07-22 14:45:00.0;OFF;ON;100;2,60;3,40;7,90;29,60;97,10;125,90;5,20;4,50;58,50;7,60;6,40;
2026-07-22 14:46:00.0;OFF;ON;100;2,50;3,30;7,80;29,60;97,10;125,90;5,30;4,50;57,20;7,60;6,40;
2026-07-22 14:47:00.0;OFF;ON;100;2,60;3,30;7,80;29,50;97,20;125,90;5,20;4,50;56,60;7,60;6,40;
2026-07-22 14:48:00.0;OFF;ON;100;2,80;3,30;7,80;29,50;97,40;125,90;5;4,50;56,90;7,50;6,40;
2026-07-22 14:49:00.0;OFF;ON;100;2,80;3,30;7,80;29,40;97,30;125,90;5;4,50;56,20;7,50;6,40;
2026-07-22 14:50:00.0;OFF;ON;100;2,80;3,30;7,80;29,40;97,40;125,90;5;4,50;55,50;7,60;6,40;
2026-07-22 14:51:00.0;OFF;ON;100;3;3,30;7,80;29,30;97,40;125,90;4,80;4,50;56,10;7,60;6,40;
2026-07-22 14:52:00.0;OFF;ON;100;3;3,30;7,80;29,30;97,50;125,90;4,80;4,50;55,50;7,60;6,50;
2026-07-22 14:53:00.0;OFF;ON;100;3;3,30;7,80;29,30;97,50;125,90;4,80;4,50;55,10;7,60;6,50;
2026-07-22 14:54:00.0;OFF;ON;100;3,20;3,30;7,80;29,20;97,50;125,90;4,70;4,50;55,90;7,60;6,50;
2026-07-22 14:55:00.0;OFF;ON;100;3,10;3,10;7,80;29,20;97,60;125,90;4,80;4,70;55,90;7,60;6,60;
2026-07-22 14:56:00.0;OFF;ON;100;3,30;3,10;7,80;29,10;97,60;125,90;4,60;4,70;56,70;7,60;6,60;
2026-07-22 14:57:00.0;OFF;ON;100;3,20;3,10;7,80;29,10;97,60;125,90;4,60;4,70;56,60;7,60;6,60;
2026-07-22 14:58:00.0;OFF;ON;100;3,20;3,10;7,80;29;97,60;125,90;4,70;4,70;56,60;7,60;6,60;
2026-07-22 14:59:00.0;OFF;ON;100;3,20;3,10;7,80;29;97,60;125,80;4,60;4,70;56,80;7,60;6,60;
2026-07-22 15:00:00.0;OFF;ON;100;3,30;3,10;7,80;28,90;97,60;125,80;4,50;4,70;57,40;7,60;6,60;
2026-07-22 15:01:00.0;OFF;ON;100;3,20;3,10;7,80;28,90;97,60;125,80;4,60;4,70;57,20;7,60;6,60;
2026-07-22 15:02:00.0;OFF;ON;100;3,20;3,10;7,80;28,80;97,60;125,80;4,60;4,70;57,40;7,60;6,60;
2026-07-22 15:03:00.0;OFF;ON;100;3,40;3,10;7,80;28,80;97,60;125,80;4,40;4,70;58,30;7,60;6,60;
2026-07-22 15:04:00.0;OFF;ON;100;3,30;3,10;7,80;28,80;97,60;125,80;4,50;4,70;58,40;7,50;6,60;
2026-07-22 15:05:00.0;OFF;ON;100;3,20;3,10;7,80;28,70;97,50;125,80;4,60;4,70;58,20;7,50;6,60;
2026-07-22 15:06:00.0;OFF;ON;100;3,40;3,10;7,80;28,70;97,50;125,80;4,40;4,70;59,20;7,50;6,60;
2026-07-22 15:07:00.0;OFF;ON;100;3,20;3,10;7,80;28,60;97,50;125,80;4,50;4,70;59;7,50;6,60;
2026-07-22 15:08:00.0;OFF;ON;100;3,40;3;7,70;28,60;97,50;125,80;4,40;4,70;59,80;7,50;6,60;
2026-07-22 15:09:00.0;OFF;ON;100;3,40;3;7,70;28,50;97,60;125,80;4,30;4,70;60,20;7,50;6,60;
2026-07-22 15:10:00.0;OFF;ON;100;3,30;2,80;7,70;28,50;97,50;125,80;4,50;4,90;61,20;7,50;6,60;
2026-07-22 15:11:00.0;OFF;ON;100;3,30;2,80;7,70;28,40;97,50;125,80;4,40;4,90;62;7,50;6,60;
2026-07-22 15:12:00.0;OFF;ON;100;3,30;2,80;7,70;28,40;97,50;125,80;4,40;4,90;62,50;7,50;6,60;
2026-07-22 15:13:00.0;OFF;ON;100;3,40;2,80;7,70;28,30;97,50;125,80;4,30;4,90;63,70;7,50;6,60;
2026-07-22 15:14:00.0;OFF;ON;100;3,20;2,80;7,70;28,30;97,50;125,80;4,40;4,90;63,60;7,50;6,60;
2026-07-22 15:15:00.0;OFF;ON;100;3,40;2,80;7,70;28,20;97,50;125,80;4,30;4,90;65;7,40;6,60;
2026-07-22 15:16:00.0;OFF;ON;100;3,40;2,80;7,70;28,20;97,40;125,80;4,30;4,90;65,80;7,40;6,50;
2026-07-22 15:17:00.0;OFF;ON;100;3,20;2,80;7,70;28,20;97,50;125,80;4,50;4,90;65,50;7,40;6,50;
2026-07-22 15:18:00.0;OFF;ON;100;3,10;2,80;7,70;28,10;97,40;125,80;4,50;4,90;65,90;7,40;6,50;
2026-07-22 15:19:00.0;OFF;ON;100;3;2,70;7,60;28,10;97,40;125,80;4,60;4,90;66,20;7,40;6,50;
2026-07-22 15:20:00.0;OFF;ON;100;3;2,70;7,60;28;97,40;125,80;4,50;4,90;66,70;7,30;6,40;
2026-07-22 15:21:00.0;OFF;ON;100;3;2,60;7,50;28;97,30;125,80;4,50;4,90;67,20;7,30;6,40;
2026-07-22 15:22:00.0;OFF;ON;100;2,90;2,60;7,50;27,90;97,20;125,80;4,60;4,90;67,40;7,20;6,30;
2026-07-22 15:23:00.0;OFF;ON;100;2,90;2,60;7,50;27,90;97,10;125,80;4,60;4,90;67,60;7,20;6,20;
2026-07-22 15:24:00.0;OFF;ON;100;2,80;2,50;7,40;27,80;97,10;125,80;4,70;4,90;68,40;7,20;6,20;
2026-07-22 15:25:00.0;OFF;ON;100;2,50;2,30;7,40;27,80;97,10;125,80;4,90;5,10;68;7,10;6,10;
2026-07-22 15:26:00.0;OFF;ON;100;2,60;2,30;7,40;27,70;97,10;125,80;4,80;5,10;68,80;7,10;6,10;
2026-07-22 15:27:00.0;OFF;ON;100;2,30;2,20;7,30;27,70;97,10;125,80;5;5,10;68,20;7;6;
2026-07-22 15:28:00.0;OFF;ON;100;2,40;2,20;7,30;27,60;97;125,80;4,90;5,10;68,90;7;5,90;
2026-07-22 15:29:00.0;OFF;ON;100;2,30;2,10;7,20;27,60;97;125,80;4,90;5,10;69;7;5,90;
2026-07-22 15:30:00.0;OFF;ON;100;2,30;2,10;7,20;27,50;96,90;125,80;4,90;5,10;69,10;7;5,80;
2026-07-22 15:31:00.0;OFF;ON;100;2,10;2,10;7,20;27,50;96,90;125,80;5,10;5,10;68,70;7;5,70;
2026-07-22 15:32:00.0;OFF;ON;100;2;2;7,10;27,40;96,90;125,80;5,10;5,10;69;6,90;5,70;
2026-07-22 15:33:00.0;OFF;ON;100;2;2;7,10;27,40;96,90;125,80;5,10;5,10;69,10;7;5,70;
2026-07-22 15:34:00.0;OFF;ON;100;2,10;2;7,10;27,40;96,90;125,80;5;5,10;69,30;6,90;5,70;
2026-07-22 15:35:00.0;OFF;ON;100;1,90;1,90;7;27,30;96,90;125,80;5,10;5,10;69,30;6,90;5,60;
2026-07-22 15:36:00.0;OFF;ON;100;2;1,90;7;27,30;96,90;125,80;5;5,10;69,40;6,90;5,60;
2026-07-22 15:37:00.0;OFF;ON;100;1,80;1,80;6,90;27,20;96,90;125,80;5,10;5,10;69,30;6,80;5,50;
2026-07-22 15:38:00.0;OFF;ON;100;1,90;1,80;6,90;27,10;96,80;125,80;4,90;5,10;69,70;6,70;5,50;
2026-07-22 15:39:00.0;OFF;ON;100;1,90;1,80;6,90;27,10;96,80;125,80;5;5,10;69,60;6,70;5,40;
2026-07-22 15:40:00.0;OFF;ON;100;1,80;1,70;6,80;27,10;96,90;125,80;5;5,10;69,60;6,70;5,30;
2026-07-22 15:41:00.0;OFF;ON;100;1,60;1,70;6,80;27;96,90;125,70;5,10;5,10;69,40;6,70;5,30;
2026-07-22 15:42:00.0;OFF;ON;100;1,80;1,70;6,80;27;96,90;125,70;5;5,10;69,80;6,60;5,30;
2026-07-22 15:43:00.0;OFF;ON;100;1,60;1,60;6,70;26,90;96,80;125,70;5,10;5,10;69;6,60;5,20;
2026-07-22 15:44:00.0;OFF;ON;100;1,60;1,60;6,70;26,90;96,90;125,70;5,10;5,10;69,10;6,50;5,20;
2026-07-22 15:45:00.0;OFF;ON;100;1,50;1,60;6,60;26,80;96,90;125,70;5,10;5,10;69,70;6,50;5,20;
2026-07-22 15:46:00.0;OFF;ON;100;1,50;1,50;6,60;26,80;96,80;125,70;5,10;5,10;69,70;6,50;5,10;
2026-07-22 15:47:00.0;OFF;ON;100;1,40;1,50;6,60;26,70;96,90;125,70;5,20;5,10;69;6,40;5,10;
2026-07-22 15:48:00.0;OFF;ON;100;1,30;1,50;6,50;26,70;96,90;125,70;5,20;5,10;69;6,40;5;
2026-07-22 15:49:00.0;OFF;ON;100;1,30;1,40;6,50;26,60;96,80;125,70;5,20;5,10;69;6,40;5;
2026-07-22 15:50:00.0;OFF;ON;100;1,40;1,40;6,50;26,60;96,80;125,70;5,10;5,10;69,60;6,30;5;
2026-07-22 15:51:00.0;OFF;ON;100;1,40;1,40;6,40;26,50;96,80;125,70;5,10;5,10;69,10;6,30;4,90;
2026-07-22 15:52:00.0;OFF;ON;100;1,30;1,30;6,40;26,50;96,60;125,70;5,10;5,10;69,10;6,30;4,90;
2026-07-22 15:53:00.0;OFF;ON;100;1,30;1,30;6,40;26,40;96,70;125,70;5,10;5,10;69,10;6,20;4,90;
2026-07-22 15:54:00.0;OFF;ON;100;1,10;1,30;6,30;26,40;96,70;125,70;5,20;5,10;69;6,20;4,80;
2026-07-22 15:55:00.0;OFF;ON;100;1,10;1,20;6,30;26,30;96,70;125,70;5,20;5,10;69;6,10;4,80;
2026-07-22 15:56:00.0;OFF;ON;100;1,20;1,20;6,30;26,30;96,70;125,70;5,10;5,10;69,50;6,10;4,80;
2026-07-22 15:57:00.0;OFF;ON;100;1,20;1,10;6,20;26,20;96,70;125,70;5;5,10;69,70;6,10;4,80;
2026-07-22 15:58:00.0;OFF;ON;100;1,10;1,10;6,20;26,20;96,70;125,70;5,10;5,10;69,70;6;4,70;
2026-07-22 15:59:00.0;OFF;ON;100;1,10;1,10;6,20;26,10;96,80;125,70;5,10;5,10;69,80;6,10;4,70;
2026-07-22 16:00:00.0;OFF;ON;100;1,20;1,10;6,20;26,10;96,80;125,70;5;5,10;70,10;6;4,70;
2026-07-22 16:01:00.0;OFF;ON;100;1,20;1;6,10;26;96,80;125,70;5;5,10;70,10;6;4,70;
2026-07-22 16:02:00.0;OFF;ON;100;1,20;1;6,10;26;96,70;125,70;4,90;5,10;70,40;6;4,70;
2026-07-22 16:03:00.0;OFF;ON;100;1;1;6,10;25,90;96,80;125,70;5,10;5,10;70,10;6;4,60;
2026-07-22 16:04:00.0;OFF;ON;100;1,10;1;6,10;25,90;96,80;125,70;4,90;5,10;70,50;5,90;4,60;
2026-07-22 16:05:00.0;OFF;ON;100;0,90;0,90;6;25,80;96,80;125,70;5,10;5,10;70,30;5,90;4,60;
2026-07-22 16:06:00.0;OFF;ON;100;0,90;0,90;6;25,80;96,70;125,70;5,10;5,10;70,30;5,90;4,60;
2026-07-22 16:07:00.0;OFF;ON;100;0,90;0,90;6;25,70;96,70;125,70;5;5,10;70,30;5,80;4,50;
2026-07-22 16:08:00.0;OFF;ON;100;0,80;0,90;5,90;25,70;96,70;125,70;5,10;5,10;70,40;5,80;4,50;
2026-07-22 16:09:00.0;OFF;ON;100;0,90;0,80;5,90;25,60;96,70;125,70;5;5,10;70,60;5,70;4,50;
2026-07-22 16:10:00.0;OFF;ON;100;0,80;0,80;5,90;25,60;96,70;125,70;5,10;5,10;70,50;5,70;4,40;
2026-07-22 16:11:00.0;OFF;ON;100;0,80;0,70;5,80;25,60;96,70;125,70;5,10;5,10;70,50;5,70;4,40;
2026-07-22 16:12:00.0;OFF;ON;100;0,90;0,70;5,80;25,50;96,70;125,70;5;5,10;70,90;5,60;4,40;
2026-07-22 16:13:00.0;OFF;ON;100;0,80;0,70;5,80;25,50;96,60;125,70;4,90;5,10;71;5,60;4,40;
2026-07-22 16:14:00.0;OFF;ON;100;0,80;0,70;5,70;25,40;96,70;125,70;5;5,10;70,90;5,60;4,40;
2026-07-22 16:15:00.0;OFF;ON;100;0,60;0,60;5,70;25,30;96,60;125,70;5,10;5,10;70,90;5,60;4,30;
2026-07-22 16:16:00.0;OFF;ON;100;0,70;0,60;5,70;25,30;96,60;125,70;5;5,10;70,90;5,50;4,30;
2026-07-22 16:17:00.0;OFF;ON;100;0,50;0,60;5,60;25,30;96,60;125,70;5,10;5,10;70,80;5,50;4,30;
2026-07-22 16:18:00.0;OFF;ON;100;0,60;0,50;5,60;25,20;96,60;125,70;5;5,10;70,90;5,50;4,20;
2026-07-22 16:19:00.0;OFF;ON;100;0,60;0,50;5,60;25,20;96,60;125,70;5;5,10;71,20;5,40;4,20;
2026-07-22 16:20:00.0;OFF;ON;100;0,50;0,50;5,60;25,10;96,70;125,70;5,10;5,10;71;5,40;4,20;
2026-07-22 16:21:00.0;OFF;ON;100;0,40;0,50;5,50;25,10;96,70;125,70;5,10;5,10;71,10;5,40;4,20;
2026-07-22 16:22:00.0;OFF;ON;100;0,50;0,40;5,50;25;96,70;125,60;5;5,10;71,40;5,40;4,10;
2026-07-22 16:23:00.0;OFF;ON;100;0,40;0,40;5,50;25;96,60;125,60;5,10;5,10;71,20;5,30;4,10;
2026-07-22 16:24:00.0;OFF;ON;100;0,30;0,40;5,40;24,90;96,60;125,60;5,10;5,10;71,20;5,30;4,10;
2026-07-22 16:25:00.0;OFF;ON;100;0,30;0,30;5,40;24,90;96,60;125,60;5,10;5,10;71,30;5,20;4;
2026-07-22 16:26:00.0;OFF;ON;100;0,30;0,30;5,40;24,80;96,60;125,60;5,10;5,10;71,40;5,20;4;
2026-07-22 16:27:00.0;OFF;ON;100;0,40;0,30;5,30;24,80;96,60;125,60;5;5,10;71,70;5,20;4;
2026-07-22 16:28:00.0;OFF;ON;100;0,30;0,20;5,30;24,80;96,60;125,60;5;5,10;71,80;5,20;4;
2026-07-22 16:29:00.0;OFF;ON;100;0,30;0,20;5,30;24,70;96,60;125,60;5;5,10;71,60;5,10;3,90;
2026-07-22 16:30:00.0;OFF;ON;100;0,20;0,20;5,20;24,70;96,50;125,60;5,10;5,10;71,60;5,10;3,90;
2026-07-22 16:31:00.0;OFF;ON;100;0,20;0,20;5,30;24,60;96,60;125,60;5;5,10;71,70;5,10;3,90;
2026-07-22 16:32:00.0;OFF;ON;100;0,10;0,10;5,20;24,60;96,60;125,60;5,10;5,10;71,90;5;3,80;
2026-07-22 16:33:00.0;OFF;ON;100;0,10;0,10;5,20;24,60;96,60;125,60;5,10;5,10;71,80;5;3,80;
2026-07-22 16:34:00.0;OFF;ON;100;0,10;0;5,10;24,50;96,50;125,60;5;5,10;72;5;3,80;
2026-07-22 16:35:00.0;OFF;ON;100;0,20;0;5,10;24,50;96,50;125,60;4,90;5,10;72,50;5;3,80;
2026-07-22 16:36:00.0;OFF;ON;100;0,10;0;5,10;24,40;96,40;125,60;5;5,10;72,40;5;3,70;
2026-07-22 16:37:00.0;OFF;ON;100;0;-0,10;5;24,40;96,50;125,60;5,10;5,10;72,30;4,90;3,70;
2026-07-22 16:38:00.0;OFF;ON;100;0,10;-0,10;5;24,40;96,50;125,60;4,90;5,10;68,40;4,90;3,70;
2026-07-22 16:39:00.0;OFF;ON;100;-0,10;1;5;24,30;96,40;125,60;5,10;4;66,50;4,90;3,60;
2026-07-22 16:40:00.0;OFF;ON;100;0;1;4,90;24,30;96,50;125,60;4,90;4;65,90;4,80;3,60;
2026-07-22 16:41:00.0;OFF;ON;100;0;0,90;4,90;24,20;96,50;125,60;4,90;4;65;4,80;3,60;
2026-07-22 16:42:00.0;OFF;ON;100;-0,10;0,90;4,90;24,20;96,50;125,60;5;4;63,50;4,80;3,50;
2026-07-22 16:43:00.0;OFF;ON;100;-0,10;0,90;4,90;24,10;96,40;125,60;5;4;62,20;4,80;3,50;
2026-07-22 16:44:00.0;OFF;ON;100;0;0,90;4,90;24,10;96,50;125,60;4,80;4;61,90;4,70;3,50;
2026-07-22 16:45:00.0;OFF;ON;100;0;0,80;4,80;24,10;96,50;125,60;4,80;4;60,80;4,70;3,50;
2026-07-22 16:46:00.0;OFF;ON;100;0,20;0,90;4,90;24;96,60;125,60;4,60;4;60,60;4,70;3,60;
2026-07-22 16:47:00.0;OFF;ON;100;0,30;0,90;4,90;24;96,70;125,60;4,60;4;60,20;4,70;3,60;
2026-07-22 16:48:00.0;OFF;ON;100;0,30;0,90;4,90;23,90;96,80;125,60;4,60;4;59,40;4,80;3,70;
2026-07-22 16:49:00.0;OFF;ON;100;0,30;0,90;4,90;23,90;96,90;125,60;4,50;4;58,90;4,80;3,70;
2026-07-22 16:50:00.0;OFF;ON;100;0,40;0,90;4,90;23,80;97;125,60;4,50;4;58,60;4,80;3,70;
2026-07-22 16:51:00.0;OFF;ON;100;0,70;0,90;4,90;23,80;97;125,60;4,20;4;59,20;4,80;3,80;
2026-07-22 16:52:00.0;OFF;ON;100;0,70;0,90;4,90;23,80;97;125,60;4,20;4;59;4,80;3,80;
2026-07-22 16:53:00.0;OFF;ON;100;0,60;0,90;4,90;23,70;97;125,60;4,30;4;58;4,80;3,90;
2026-07-22 16:54:00.0;OFF;ON;100;0,80;0,90;5;23,70;97;125,60;4,20;4;58,50;4,80;3,90;
2026-07-22 16:55:00.0;OFF;ON;100;0,90;1;5;23,70;97,10;125,60;4,10;4;58,80;4,90;3,90;
2026-07-22 16:56:00.0;OFF;ON;100;0,90;1;5;23,60;97,10;125,60;4;4;58,70;4,90;3,90;
2026-07-22 16:57:00.0;OFF;ON;100;1;1;5;23,60;97,10;125,60;4;4;58,60;4,90;4;
2026-07-22 16:58:00.0;OFF;ON;100;1;1;5;23,50;97,10;125,60;4;4;58,40;4,90;4;
2026-07-22 16:59:00.0;OFF;ON;100;0,90;1;5,10;23,50;97,30;125,60;4,20;4;58,10;4,90;4;
2026-07-22 17:00:00.0;OFF;ON;100;1;1,10;5,10;23,40;97,30;125,60;4,10;4;58,20;4,90;4;
2026-07-22 17:01:00.0;OFF;ON;100;1;1,10;5;23,40;97,30;125,60;4,10;4;58,20;4,90;4;
2026-07-22 17:02:00.0;OFF;ON;100;1;1,10;5,10;23,40;97,20;125,60;4;4;58,20;4,90;4;
2026-07-22 17:03:00.0;OFF;ON;100;1,10;1,10;5,10;23,30;97,20;125,60;4;4;58,10;4,90;4;
2026-07-22 17:04:00.0;OFF;ON;100;1;1,10;5;23,30;97,10;125,60;4,10;4;58,20;4,90;4,10;
2026-07-22 17:05:00.0;OFF;ON;100;1,10;1;5;23,20;97,10;125,50;4;4;58,70;4,90;4;
2026-07-22 17:06:00.0;OFF;ON;100;1,10;1;5;23,20;97;125,50;4;4;58,20;4,90;4;
2026-07-22 17:07:00.0;OFF;ON;100;1;1;5;23,20;97;125,50;4;4;58,70;4,90;4;
2026-07-22 17:08:00.0;OFF;ON;100;1,40;1;5;23,10;97;125,50;3,60;4;60,60;4,90;4;
2026-07-22 17:09:00.0;OFF;ON;100;1,20;1,10;5,10;23,10;97,20;125,50;3,80;4;59,90;4,90;4,20;
2026-07-22 17:10:00.0;OFF;ON;100;1,50;1,10;5,10;23;97,20;125,50;3,60;4;61,10;5;4,20;
2026-07-22 17:11:00.0;OFF;ON;100;1,80;1,10;5,10;23;97,30;125,50;3,30;4;62,70;5;4,20;
2026-07-22 17:12:00.0;OFF;ON;100;1,80;1,20;5,20;22,90;97,50;125,50;3,40;4;63,60;5,10;4,40;
2026-07-22 17:13:00.0;OFF;ON;100;1,60;1,30;5,30;22,90;97,50;125,20;3,70;4;63;5,10;4,40;
2026-07-22 17:14:00.0;OFF;ON;100;1,80;1,30;5,30;22,90;97,50;125,30;3,50;4;64,10;5,10;4,40;
2026-07-22 17:15:00.0;OFF;ON;100;1,80;1,20;5,20;22,80;97,40;125,30;3,50;4;65;5,10;4,40;
2026-07-22 17:16:00.0;OFF;ON;100;1,70;1,20;5,30;22,80;97,40;125,30;3,60;4;65,10;5,10;4,40;
2026-07-22 17:17:00.0;OFF;ON;100;1,80;1,30;5,30;22,70;97,40;125,30;3,50;4;66,10;5,10;4,40;
2026-07-22 17:18:00.0;OFF;ON;100;1,80;1,20;5,30;22,70;97,30;125,30;3,50;4;66,50;5,10;4,30;
2026-07-22 17:19:00.0;OFF;ON;100;1,30;1,30;5,20;22,60;97,30;125,30;4;4;65,20;5,10;4,30;
2026-07-22 17:20:00.0;OFF;ON;100;1,20;1,20;5,20;22,60;97,10;125,30;4;4;64,50;5;4,20;
2026-07-22 17:21:00.0;OFF;ON;100;1,10;1,10;5,10;22,50;97;125,30;4;4;65,10;4,90;4,10;
2026-07-22 17:22:00.0;OFF;ON;100;1,20;1,10;5;22,50;96,90;125,30;3,80;4;65,70;4,90;4,10;
2026-07-22 17:23:00.0;OFF;ON;100;1;1;5;22,50;96,80;125,30;4;4;65,30;4,90;4;
2026-07-22 17:24:00.0;OFF;ON;100;1;1;5;22,40;96,80;125,30;4;4;65,40;4,90;4;
2026-07-22 17:25:00.0;OFF;ON;100;1;1;5;22,40;96,80;125,30;4;4;65,50;4,80;4;
2026-07-22 17:26:00.0;OFF;ON;100;1;1;5;22,30;96,90;125,30;4;4;65,70;4,80;4;
2026-07-22 17:27:00.0;OFF;ON;100;1,10;0,90;4,90;22,30;96,80;125,30;3,90;4;65,90;4,80;4;
2026-07-22 17:28:00.0;OFF;ON;100;0,90;0,90;4,90;22,20;96,80;125,30;4;4;65,80;4,80;3,90;
2026-07-22 17:29:00.0;OFF;ON;100;1;0,90;4,90;22,20;96,80;125,30;3,90;4;66,10;4,80;3,90;
2026-07-22 17:30:00.0;OFF;ON;100;0,90;0,90;4,90;22,20;96,70;125,30;4;4;65,90;4,70;3,90;
2026-07-22 17:31:00.0;OFF;ON;100;0,90;0,90;4,90;22,10;96,80;125,30;4;4;65,90;4,70;3,90;
2026-07-22 17:32:00.0;OFF;ON;100;1,30;0,90;4,90;22,10;96,70;125,30;3,50;4;67,70;4,70;3,90;
2026-07-22 17:33:00.0;OFF;ON;100;1,20;0,80;4,90;22;96,80;125,30;3,70;4;67,60;4,80;4;
2026-07-22 17:34:00.0;OFF;ON;100;1,10;0,90;4,90;22;96,90;125,30;3,80;4;67,40;4,80;4;
2026-07-22 17:35:00.0;OFF;ON;100;1,50;0,90;4,90;22;97;125,30;3,40;4;69,70;4,80;4;
2026-07-22 17:36:00.0;OFF;ON;100;1,20;0,90;4,90;21,90;97,10;125,30;3,70;4;69,20;4,80;4,10;
2026-07-22 17:37:00.0;OFF;ON;100;1,30;1;5;21,90;97,20;125,30;3,70;4;69,60;4,80;4,10;
2026-07-22 17:38:00.0;OFF;ON;100;1;1;4,90;21,80;97,10;125,30;3,90;4;69;4,80;4;
2026-07-22 17:39:00.0;OFF;ON;100;1;0,90;4,90;21,80;97,10;125,30;4;4;68,50;4,80;4;
2026-07-22 17:40:00.0;OFF;ON;100;0,40;0,90;4,80;21,70;96,90;125,30;4,40;4;66,60;4,70;3,80;
2026-07-22 17:41:00.0;OFF;ON;100;0,50;0,80;4,70;21,70;96,60;125,30;4,30;4;66,70;4,60;3,60;
2026-07-22 17:42:00.0;OFF;ON;100;0,30;0,70;4,70;21,60;96,40;125,30;4,40;4;65,90;4,60;3,60;
2026-07-22 17:43:00.0;OFF;ON;100;0,30;0,60;4,60;21,60;96,30;125,30;4,30;4;65,70;4,50;3,50;
2026-07-22 17:44:00.0;OFF;ON;100;0,30;0,60;4,60;21,60;96,30;125,30;4,30;4;65,60;4,50;3,50;
2026-07-22 17:45:00.0;OFF;ON;100;0,20;0,60;4,60;21,50;96,30;125,30;4,40;4;64,90;4,40;3,50;
2026-07-22 17:46:00.0;OFF;ON;100;0,30;0,50;4,50;21,50;96,30;125,30;4,30;4;64,70;4,40;3,40;
2026-07-22 17:47:00.0;OFF;ON;100;0,10;0,50;4,50;21,40;96,40;125,30;4,40;4;63,90;4,40;3,40;
2026-07-22 17:48:00.0;OFF;ON;100;0,20;0,50;4,50;21,40;96,40;125,30;4,30;4;64,10;4,30;3,40;
2026-07-22 17:49:00.0;OFF;ON;100;0,20;0,50;4,50;21,30;96,40;125,30;4,30;4;63,60;4,30;3,30;
2026-07-22 17:50:00.0;OFF;ON;100;0,10;0,50;4,40;21,30;96,40;125,30;4,40;4;62,80;4,30;3,30;
2026-07-22 17:51:00.0;OFF;ON;100;0;0,40;4,40;21,30;96,40;125,30;4,40;4;62,30;4,30;3,30;
2026-07-22 17:52:00.0;OFF;ON;100;0,20;0,40;4,40;21,20;96,40;125,30;4,20;4;62,60;4,30;3,30;
2026-07-22 17:53:00.0;OFF;ON;100;0,20;0,40;4,40;21,20;96,50;125,30;4,20;4;62,20;4,20;3,30;
2026-07-22 17:54:00.0;OFF;ON;100;0,10;0,40;4,40;21,10;96,40;125,30;4,30;4;61,60;4,20;3,20;
2026-07-22 17:55:00.0;OFF;ON;100;0,10;0,40;4,40;21,10;96,50;125,30;4,30;4;61,50;4,20;3,20;
2026-07-22 17:56:00.0;OFF;ON;100;0,10;0,40;4,40;21;96,50;125,30;4,30;4;61,10;4,20;3,20;
2026-07-22 17:57:00.0;OFF;ON;100;0,20;0,40;4,30;21;96,50;125,30;4,20;4;61,30;4,20;3,20;
2026-07-22 17:58:00.0;OFF;ON;100;0,20;0,30;4,30;20,90;96,50;125,30;4,10;4;61,20;4,20;3,20;
2026-07-22 17:59:00.0;OFF;ON;100;0,10;0,30;4,30;20,90;96,50;125,30;4,20;4;60,60;4,20;3,20;
2026-07-22 18:00:00.0;OFF;ON;100;0,10;0,30;4,30;20,90;96,60;125,30;4,20;4;60,40;4,20;3,20;
2026-07-22 18:01:00.0;OFF;ON;100;0,10;0,30;4,30;20,80;96,60;125,30;4,20;4;60,20;4,20;3,20;
2026-07-22 18:02:00.0;OFF;ON;100;0,20;0,30;4,30;20,80;96,60;125,30;4,10;4;60,60;4,10;3,20;
2026-07-22 18:03:00.0;OFF;ON;100;0,30;0,30;4,30;20,70;96,60;125,30;4;4;60,50;4,10;3,20;
2026-07-22 18:04:00.0;OFF;ON;100;0,20;0,30;4,30;20,70;96,70;125,30;4,10;4;60,30;4,20;3,20;
2026-07-22 18:05:00.0;OFF;ON;100;0,30;0,30;4,30;20,60;96,70;125,30;4;4;60,40;4,10;3,20;
2026-07-22 18:06:00.0;OFF;ON;100;0,30;0,30;4,30;20,60;96,70;125,30;4;4;60,30;4,10;3,20;
2026-07-22 18:07:00.0;OFF;ON;100;0,30;0,30;4,30;20,50;96,80;125,30;4;4;60,30;4,10;3,20;
2026-07-22 18:08:00.0;OFF;ON;100;0,20;0,30;4,30;20,50;96,80;125,30;4,10;4;60,30;4,10;3,20;
2026-07-22 18:09:00.0;OFF;ON;100;0,20;0,30;4,30;20,50;96,70;125,30;4,10;4;60,30;4,10;3,20;
2026-07-22 18:10:00.0;OFF;ON;100;0,30;0,30;4,30;20,40;96,80;125,30;4;4;60,80;4,10;3,20;
2026-07-22 18:11:00.0;OFF;ON;100;0,30;0,30;4,30;20,40;96,80;125,30;4;4;60,90;4,10;3,20;
2026-07-22 18:12:00.0;OFF;ON;100;0,20;0,30;4,30;20,30;96,80;125,30;4,10;4;60,30;4,10;3,20;
2026-07-22 18:13:00.0;OFF;ON;100;0,40;0,20;4,20;20,30;96,70;125,30;3,80;4;61,30;4,10;3,10;
2026-07-22 18:14:00.0;OFF;ON;100;0,50;0,20;4,20;20,20;96,70;125,30;3,70;4;61,80;4,10;3,30;
2026-07-22 18:15:00.0;OFF;ON;100;1;0,30;4,30;20,20;96,80;125,30;3,30;4;64,10;4,10;3,30;
2026-07-22 18:16:00.0;OFF;ON;100;1,20;0,30;4,30;20,20;97;125,30;3,10;4;65,70;4,20;3,50;
2026-07-22 18:17:00.0;OFF;ON;100;1,20;0,40;4,40;20,10;97,20;125,20;3,30;4;66,10;4,30;3,70;
2026-07-22 18:18:00.0;OFF;ON;100;1,10;0,50;4,50;20,10;97,40;125,20;3,30;4;66,70;4,30;3,70;
2026-07-22 18:19:00.0;OFF;ON;100;1,10;0,50;4,50;20,10;97,40;125,20;3,40;4;66,90;4,30;3,70;
2026-07-22 18:20:00.0;OFF;ON;100;0,50;0,50;4,40;20;97,30;125,20;3,90;4;65,30;4,20;3,50;
2026-07-22 18:21:00.0;OFF;ON;100;0,40;0,40;4,30;20;97;125,20;4;4;65,10;4,20;3,40;
2026-07-22 18:22:00.0;OFF;ON;100;0,40;0,30;4,30;19,90;96,90;125,20;4;4;65,30;4,10;3,30;
2026-07-22 18:23:00.0;OFF;ON;100;0,30;0,30;4,30;19,90;96,80;125,20;4;4;65,50;4,10;3,30;
2026-07-22 18:24:00.0;OFF;ON;100;0,40;0,30;4,30;19,90;96,80;125,20;3,80;4;65,90;4,10;3,30;
2026-07-22 18:25:00.0;OFF;ON;100;0,20;0,20;4,20;19,80;96,60;125,20;4;4;65,50;4,10;3,20;
2026-07-22 18:26:00.0;OFF;ON;100;0,30;0,20;4,20;19,80;96,70;125,20;3,90;4;65,60;4,10;3,20;
2026-07-22 18:27:00.0;OFF;ON;100;0,30;0,20;4,20;19,70;96,60;125,20;3,90;4;65,70;4;3,20;
2026-07-22 18:28:00.0;OFF;ON;100;0,30;0,20;4,20;19,70;96,60;125,20;3,80;4;66,20;4;3,20;
2026-07-22 18:29:00.0;OFF;ON;100;0,30;0,20;4,20;19,70;96,60;125,20;3,80;4;66,30;4;3,20;
2026-07-22 18:30:00.0;OFF;ON;100;0,30;0,10;4,10;19,60;96,60;125,20;3,80;4;66,50;4;3,10;
2026-07-22 18:31:00.0;OFF;ON;100;0,30;0,10;4,10;19,60;96,60;125,20;3,90;4;66,50;4;3,10;
2026-07-22 18:32:00.0;OFF;ON;100;0,30;0,10;4,10;19,60;96,60;125,20;3,80;4;66,80;4;3,10;
2026-07-22 18:33:00.0;OFF;ON;100;0,30;0,10;4,10;19,50;96,60;125,20;3,80;4;67,10;3,90;3,10;
2026-07-22 18:34:00.0;OFF;ON;100;0,30;0,10;4,10;19,50;96,60;125,20;3,90;4;67;3,90;3,10;
2026-07-22 18:35:00.0;OFF;ON;100;0,20;0,10;4,10;19,50;96,60;125,20;3,90;4;66,90;3,90;3,10;
2026-07-22 18:36:00.0;OFF;ON;100;0,30;0,10;4,10;19,40;96,70;125,20;3,80;4;67,60;3,90;3,10;
2026-07-22 18:37:00.0;OFF;ON;100;0,20;0,10;4,10;19,40;96,60;125,20;3,90;4;67,40;3,90;3,10;
2026-07-22 18:38:00.0;OFF;ON;100;0,20;0,10;4,10;19,30;96,70;125,20;3,90;4;67,70;3,90;3,10;
2026-07-22 18:39:00.0;OFF;ON;100;0,30;-0,20;4,10;19,30;96,70;125,20;3,80;4,20;69,20;3,90;3,10;
2026-07-22 18:40:00.0;OFF;ON;100;0,20;-0,20;4;19,30;96,60;125,20;3,90;4,20;69,40;3,90;3;
2026-07-22 18:41:00.0;OFF;ON;100;0,10;-0,20;4;19,20;96,60;125,20;3,90;4,20;69,70;3,90;3;
2026-07-22 18:42:00.0;OFF;ON;100;0,10;-0,20;4;19,20;96,70;125,20;3,90;4,20;70;3,90;3;
2026-07-22 18:43:00.0;OFF;ON;100;0,10;-0,20;4;19,20;96,60;125,20;3,90;4,20;70,40;3,80;3;
2026-07-22 18:44:00.0;OFF;ON;100;0,10;-0,20;4;19,10;96,60;125,20;3,80;4,20;71,10;3,80;2,90;
2026-07-22 18:45:00.0;OFF;ON;100;0,10;-0,20;4;19,10;96,60;125,20;3,90;4,20;71,20;3,80;2,90;
2026-07-22 18:46:00.0;OFF;ON;100;0;-0,30;3,90;19,10;96,60;125,20;3,90;4,20;71,30;3,80;2,90;
2026-07-22 18:47:00.0;OFF;ON;100;-0,20;-0,30;3,90;19;96,60;125,20;4,10;4,20;71,10;3,70;2,80;
2026-07-22 18:48:00.0;OFF;ON;100;-0,10;-0,30;3,90;19;96,60;125,20;3,90;4,20;71,70;3,70;2,80;
2026-07-22 18:49:00.0;OFF;ON;100;-0,10;-0,30;3,90;19;96,50;125,20;4;4,20;71,90;3,70;2,80;
2026-07-22 18:50:00.0;OFF;ON;100;-0,30;-0,40;3,80;18,90;96,50;125,20;4,10;4,20;71,40;3,70;2,80;
2026-07-22 18:51:00.0;OFF;ON;100;-0,10;-0,40;3,80;18,90;96,40;125,20;3,90;4,20;72,40;3,60;2,70;
2026-07-22 18:52:00.0;OFF;ON;100;-0,40;-0,40;3,80;18,80;96,40;125,20;4,20;4,20;71,80;3,60;2,70;
2026-07-22 18:53:00.0;OFF;ON;100;-0,30;-0,50;3,70;18,80;96,40;125,20;4,30;4,20;70,90;3,50;2,50;
2026-07-22 18:54:00.0;OFF;ON;100;-0,20;-0,70;3,70;18,80;96,30;125,20;3,80;4,40;74,30;3,50;2,60;
2026-07-22 18:55:00.0;OFF;ON;100;-0,20;-0,70;3,70;18,70;96,40;125,20;3,90;4,40;74,50;3,50;2,60;
2026-07-22 18:56:00.0;OFF;ON;100;-0,20;-0,70;3,70;18,70;96,40;125,20;3,90;4,40;75,10;3,50;2,60;
2026-07-22 18:57:00.0;OFF;ON;100;-0,20;-0,70;3,70;18,70;96,40;125,20;3,90;4,40;75,50;3,50;2,60;
2026-07-22 18:58:00.0;OFF;ON;100;-0,80;-0,70;3,60;18,60;96,40;125,20;4,40;4,40;74;3,40;2,50;
2026-07-22 18:59:00.0;OFF;ON;100;-0,80;-0,80;3,50;18,60;96,20;125,20;4,40;4,40;73,90;3,40;2,30;
2026-07-22 19:00:00.0;OFF;ON;100;-0,90;-0,90;3,50;18,60;96,10;125,20;4,40;4,40;74,10;3,30;2,20;
2026-07-22 19:01:00.0;OFF;ON;100;-0,80;-0,90;3,40;18,50;96,10;125,20;4,30;4,40;74,50;3,20;2,20;
2026-07-22 19:02:00.0;OFF;ON;100;-1;-1;3,40;18,50;96;125,20;4,40;4,40;74,20;3,20;2,20;
2026-07-22 19:03:00.0;OFF;ON;100;-0,90;-1;3,40;18,50;96;125,20;4,20;4,40;74,70;3,20;2,10;
2026-07-22 19:04:00.0;OFF;ON;100;-1;-1,10;3,30;18,40;96;125,20;4,40;4,40;74,40;3,20;2,10;
2026-07-22 19:05:00.0;OFF;ON;100;-1,10;-1,10;3,30;18,40;96;125,20;4,40;4,40;74,50;3,10;2;
2026-07-22 19:06:00.0;OFF;ON;100;-1,10;-1,10;3,30;18,30;96;125,20;4,40;4,40;74,50;3,10;2;
2026-07-22 19:07:00.0;OFF;ON;100;-1,10;-1,10;3,20;18,30;96;125,20;4,30;4,40;74,60;3,10;2;
2026-07-22 19:08:00.0;OFF;ON;100;-1,20;-1,20;3,20;18,30;96,10;125,20;4,40;4,40;75,20;3,10;1,90;
2026-07-22 19:09:00.0;OFF;ON;100;-1,20;-1,40;3,20;18,20;96,10;125,20;4,40;4,60;75,60;3;1,90;
2026-07-22 19:10:00.0;OFF;ON;100;-1,20;-1,40;3,20;18,20;96,10;125,20;4,30;4,60;76,10;3;1,90;
2026-07-22 19:11:00.0;OFF;ON;100;-1,20;-1,50;3,10;18,20;96,10;125,20;4,30;4,60;76,60;3;1,80;
2026-07-22 19:12:00.0;OFF;ON;100;-1,30;-1,50;3,10;18,10;96;125,20;4,40;4,60;76,40;2,90;1,80;
2026-07-22 19:13:00.0;OFF;ON;100;-1,40;-1,50;3,10;18,10;96,10;125,20;4,40;4,60;76,70;2,90;1,80;
2026-07-22 19:14:00.0;OFF;ON;100;-1,40;-1,60;3;18,10;96;125,20;4,40;4,60;76,90;2,80;1,70;
2026-07-22 19:15:00.0;OFF;ON;100;-1,50;-1,60;3;18;96;125,20;4,50;4,60;76,90;2,80;1,70;
2026-07-22 19:16:00.0;OFF;ON;100;-1,50;-1,60;3;18;96;125,20;4,50;4,60;77,20;2,80;1,60;
2026-07-22 19:17:00.0;OFF;ON;100;-1,40;-1,70;2,90;17,90;96;125,20;4,40;4,60;77,90;2,70;1,60;
2026-07-22 19:18:00.0;OFF;ON;100;-1,50;-1,70;2,90;17,90;96;125,20;4,30;4,60;78,20;2,70;1,50;
2026-07-22 19:19:00.0;OFF;ON;100;-1,60;-1,70;2,90;17,90;96;125,20;4,40;4,60;78;2,70;1,50;
2026-07-22 19:20:00.0;OFF;ON;100;-1,50;-1,80;2,80;17,90;96;125,20;4,30;4,60;78,60;2,70;1,50;
2026-07-22 19:21:00.0;OFF;ON;100;-1,70;-1,80;2,80;17,80;95,90;125,20;4,50;4,60;78,30;2,60;1,40;
2026-07-22 19:22:00.0;OFF;ON;100;-1,70;-1,80;2,80;17,80;96;125,20;4,50;4,60;78,50;2,60;1,40;
2026-07-22 19:23:00.0;OFF;ON;100;-1,70;-1,90;2,70;17,70;96;125,20;4,40;4,60;80;2,50;1,30;
2026-07-22 19:24:00.0;OFF;ON;100;-2,40;-2,10;2,70;17,70;95,90;125,20;5,10;4,80;77,10;2,50;1,40;
2026-07-22 19:25:00.0;OFF;ON;100;-2,80;-2,10;2,70;17,70;96,10;125,20;5,50;4,80;74,80;2,50;1,20;
2026-07-22 19:26:00.0;OFF;ON;100;-2,80;-2,20;2,60;17,60;95,90;125,20;5,40;4,80;74,30;2,40;1,20;
2026-07-22 19:27:00.0;OFF;ON;100;-2,90;-2,20;2,60;17,60;95,90;125,20;5,40;4,80;73,70;2,40;1,10;
2026-07-22 19:28:00.0;OFF;ON;100;-2,90;-2,30;2,50;17,60;95,80;125,20;5,50;4,80;72,60;2,30;1;
2026-07-22 19:29:00.0;OFF;ON;100;-3;-2,30;2,50;17,50;95,80;125,20;5,50;4,80;71,70;2,30;1;
2026-07-22 19:30:00.0;OFF;ON;100;-3,10;-2,40;2,40;17,50;95,70;125,20;5,50;4,80;70,50;2,20;0,90;
2026-07-22 19:31:00.0;OFF;ON;100;-3,30;-2,40;2,40;17,40;95,80;125,20;5,70;4,80;69,10;2,20;0,90;
2026-07-22 19:32:00.0;OFF;ON;100;-3,40;-2,40;2,40;17,40;95,90;125,20;5,80;4,80;67,40;2,20;0,90;
2026-07-22 19:33:00.0;OFF;ON;100;-3,60;-2,40;2,40;17,40;95,90;125,20;6;4,80;65,70;2,20;1;
2026-07-22 19:34:00.0;OFF;ON;100;-3;-2,40;2,40;17,30;96,10;125,20;5,40;4,80;66,50;2,20;0,90;
2026-07-22 19:35:00.0;OFF;ON;100;-1,80;-2,50;2,30;17,30;95,90;125,20;4,20;4,80;71,60;2,10;0,90;
2026-07-22 19:36:00.0;OFF;ON;100;-1,90;-2,40;2,40;17,30;96;125,20;4,30;4,80;71,90;2,20;1,10;
2026-07-22 19:37:00.0;OFF;ON;100;-1,70;-2,40;2,40;17,20;96,20;125,20;4,10;4,80;72,90;2,20;1,10;
2026-07-22 19:38:00.0;OFF;ON;100;-1,80;-2,40;2,40;17,20;96,40;125,20;4,30;4,80;74,20;2,30;1,20;
2026-07-22 19:39:00.0;OFF;ON;100;-1,70;-2,60;2,50;17,20;96,40;125,20;4,20;5;75,60;2,30;1,20;
2026-07-22 19:40:00.0;OFF;ON;100;-1,70;-2,50;2,50;17,10;96,40;125,20;4,20;5;76,40;2,30;1,20;
2026-07-22 19:41:00.0;OFF;ON;100;-1,80;-2,50;2,40;17,10;96,50;125,10;4,20;5;76,90;2,20;1,20;
2026-07-22 19:42:00.0;OFF;ON;100;-1,80;-2,60;2,40;17,10;96,40;125,10;4,20;5;77,90;2,20;1,10;
2026-07-22 19:43:00.0;OFF;ON;100;-2;-2,60;2,40;17;96,40;125,10;4,40;5;78,10;2,20;1,10;
2026-07-22 19:44:00.0;OFF;ON;100;-1,90;-2,60;2,30;17;96,20;125,10;4,30;5;79,60;2,20;1;
2026-07-22 19:45:00.0;OFF;ON;100;-2,20;-2,70;2,30;16,90;96,10;125,10;4,50;5;79,20;2,10;1;
2026-07-22 19:46:00.0;OFF;ON;100;-2,80;-2,70;2,30;16,90;96,20;125,10;5,20;5;76,90;2,10;1,10;
2026-07-22 19:47:00.0;OFF;ON;100;-2,90;-2,70;2,30;16,90;96,20;125,10;5,10;5;76,50;2;0,90;
2026-07-22 19:48:00.0;OFF;ON;100;-3;-2,80;2,20;16,80;96,10;125,10;5,20;5;76,20;2;0,90;
2026-07-22 19:49:00.0;OFF;ON;100;-3;-2,80;2,20;16,80;96;125,10;5,20;5;76;2;0,80;
2026-07-22 19:50:00.0;OFF;ON;100;-3,10;-2,80;2,10;16,80;96;125,10;5,20;5;75,70;1,90;0,80;
2026-07-22 19:51:00.0;OFF;ON;100;-3,10;-2,90;2,10;16,70;95,90;125,10;5,20;5;75,60;1,90;0,70;
2026-07-22 19:52:00.0;OFF;ON;100;-3,10;-2,90;2,10;16,70;95,90;125,10;5,10;5;75,50;1,90;0,70;
2026-07-22 19:53:00.0;OFF;ON;100;-3,10;-2,90;2,10;16,70;95,90;125,10;5,20;5;75,10;1,80;0,70;
2026-07-22 19:54:00.0;OFF;ON;100;-3,10;-3,20;2;16,60;95,90;125,10;5,20;5,20;76;1,80;0,70;
2026-07-22 19:55:00.0;OFF;ON;100;-3,20;-3,20;2;16,60;95,90;125,10;5,20;5,20;76;1,80;0,70;
2026-07-22 19:56:00.0;OFF;ON;100;-3,30;-3,20;2;16,50;95,90;125,10;5,20;5,20;76,10;1,80;0,60;
2026-07-22 19:57:00.0;OFF;ON;100;-3,20;-3,30;1,90;16,50;95,90;125,10;5,20;5,20;76;1,70;0,60;
2026-07-22 19:58:00.0;OFF;ON;100;-3,20;-3,30;1,90;16,50;95,90;125,10;5,10;5,20;76,20;1,70;0,60;
2026-07-22 19:59:00.0;OFF;ON;100;-3,30;-3,30;1,90;16,40;95,90;125,10;5,20;5,20;76,20;1,70;0,60;
2026-07-22 20:00:00.0;OFF;ON;100;-3,20;-3,30;1,90;16,40;96;125,10;5,10;5,20;76,30;1,70;0,60;
2026-07-22 20:01:00.0;OFF;ON;100;-3,30;-3,30;1,80;16,40;95,90;125,10;5,10;5,20;76,30;1,60;0,60;
2026-07-22 20:02:00.0;OFF;ON;100;-3,20;-3,40;1,80;16,30;95,90;125,10;5,10;5,20;76,60;1,60;0,50;
2026-07-22 20:03:00.0;OFF;ON;100;-3,30;-3,40;1,80;16,30;95,90;125,10;5,10;5,20;76,50;1,60;0,50;
2026-07-22 20:04:00.0;OFF;ON;100;-3,30;-3,40;1,80;16,30;96;125,10;5,20;5,20;76,70;1,60;0,50;
2026-07-22 20:05:00.0;OFF;ON;100;-3,30;-3,40;1,80;16,20;96;125,10;5,10;5,20;76,90;1,60;0,50;
2026-07-22 20:06:00.0;OFF;ON;100;-3,40;-3,40;1,80;16,20;96;125,10;5,10;5,20;76,90;1,60;0,50;
2026-07-22 20:07:00.0;OFF;ON;100;-3,40;-3,40;1,70;16,10;96;125,10;5,10;5,20;77,10;1,50;0,40;
2026-07-22 20:08:00.0;OFF;ON;100;-3,40;-3,50;1,70;16,10;96;125,10;5,10;5,20;77,20;1,50;0,40;
2026-07-22 20:09:00.0;OFF;ON;100;-3,40;-3,70;1,70;16,10;96;125,10;5,10;5,40;78,50;1,50;0,40;
2026-07-22 20:10:00.0;OFF;ON;100;-3,40;-3,70;1,70;16;96;125,10;5,10;5,40;78,90;1,50;0,40;
2026-07-22 20:11:00.0;OFF;ON;100;-3,40;-3,70;1,70;16;96;125,10;5,10;5,40;79,30;1,50;0,40;
2026-07-22 20:12:00.0;OFF;ON;100;-3,40;-3,70;1,70;16;96;125,10;5,10;5,40;80;1,50;0,40;
2026-07-22 20:13:00.0;OFF;ON;100;-3,40;-3,70;1,70;15,90;96;125,10;5;5,40;80,60;1,50;0,30;
2026-07-22 20:14:00.0;OFF;ON;100;-3,20;-3,70;1,60;15,90;96;125,10;4,90;5,40;81,60;1,40;0,30;
2026-07-22 20:15:00.0;OFF;ON;100;-3,20;-3,80;1,60;15,90;96;125,10;4,80;5,40;82,50;1,40;0,30;
2026-07-22 20:16:00.0;OFF;ON;100;-3,20;-3,80;1,60;15,80;95,90;125,10;4,80;5,40;83,40;1,40;0,30;
2026-07-22 20:17:00.0;OFF;ON;100;-3,20;-3,80;1,60;15,80;96;125,10;4,80;5,40;83,80;1,40;0,20;
2026-07-22 20:18:00.0;OFF;ON;100;-3,20;-3,80;1,50;15,80;96;125,10;4,80;5,40;84,80;1,40;0,20;
2026-07-22 20:19:00.0;OFF;ON;100;-3,10;-3,90;1,50;15,70;96;125,10;4,70;5,40;86,10;1,30;0,20;
2026-07-22 20:20:00.0;OFF;ON;100;-3,20;-3,90;1,50;15,70;96;125,10;4,80;5,40;86,60;1,30;0,20;
2026-07-22 20:21:00.0;OFF;ON;100;-3,20;-3,90;1,50;15,70;95,90;125,10;4,70;5,40;87,50;1,30;0,10;
2026-07-22 20:22:00.0;OFF;ON;100;-3,20;-3,90;1,50;15,60;95,90;125,10;4,60;5,40;89;1,30;0,10;
2026-07-22 20:23:00.0;OFF;ON;100;-3,10;-4;1,40;15,60;95,90;125,10;4,50;5,40;90,30;1,20;0,10;
2026-07-22 20:24:00.0;OFF;ON;100;-3;-4;1,40;15,50;95,90;125,10;4,40;5,60;91,90;1,20;0;
2026-07-22 20:25:00.0;OFF;ON;100;-3;-4;1,40;15,50;95,90;125,10;4,40;5,60;92,70;1,20;0;
2026-07-22 20:26:00.0;OFF;ON;100;-3,10;-4;1,40;15,50;95,90;125,10;4,50;5,60;93,70;1,20;0;
2026-07-22 20:27:00.0;OFF;ON;100;-3;-4;1,40;15,40;95,90;125,10;4,40;5,60;95,10;1,20;0;
2026-07-22 20:28:00.0;OFF;ON;100;-3,10;-4;1,30;15,40;95,90;125,10;4,50;5,60;95,90;1,10;-0,10;
2026-07-22 20:29:00.0;OFF;ON;100;-3;-4;1,30;15,40;95,90;125,10;4,30;5,60;97,10;1,10;-0,10;
2026-07-22 20:30:00.0;OFF;ON;100;-3,10;-4;1,30;15,30;95,90;125,10;4,40;5,60;98,40;1,10;-0,10;
2026-07-22 20:31:00.0;OFF;ON;100;-3,10;-4;1,30;15,30;95,90;125,10;4,40;5,60;99;1,10;-0,10;
2026-07-22 20:32:00.0;OFF;ON;100;-3,10;-4;1,30;15,20;95,90;125,10;4,40;5,60;99,70;1;-0,10;
2026-07-22 20:33:00.0;OFF;ON;100;-3,10;-4;1,20;15,20;96;125,10;4,30;5,60;100;1;-0,20;
2026-07-22 20:34:00.0;OFF;ON;100;-3,20;-4;1,20;15,20;95,90;125,10;4,40;5,60;99,60;1;-0,20;
2026-07-22 20:35:00.0;OFF;ON;100;-3,10;-4;1,20;15,10;96;125,10;4,30;5,60;100;1;-0,20;
2026-07-22 20:36:00.0;OFF;ON;100;-3,10;-4;1,20;15,10;95,90;125,10;4,30;5,60;100;0,90;-0,20;
2026-07-22 20:37:00.0;OFF;ON;100;-3,10;-4;1,20;15,10;95,90;125,10;4,30;5,60;100;0,90;-0,20;
2026-07-22 20:38:00.0;OFF;ON;100;-3,10;-4;1,10;15;95,90;125,10;4,30;5,60;100;0,90;-0,20;
2026-07-22 20:39:00.0;OFF;ON;100;-3,20;-4;1,10;15;95,90;125,10;4,30;5,80;100;0,90;-0,30;
2026-07-22 20:40:00.0;OFF;ON;100;-3,30;-4;1,10;15;95,80;125,10;4,30;5,80;99,50;0,90;-0,30;
2026-07-22 20:41:00.0;OFF;ON;100;-3,30;-4;1,10;14,90;95,90;125,10;4,40;5,80;99,60;0,90;-0,30;
2026-07-22 20:42:00.0;OFF;ON;100;-3,30;-4;1;14,90;95,80;125,10;4,30;5,80;99,50;0,80;-0,30;
2026-07-22 20:43:00.0;OFF;ON;100;-3,20;-4;1;14,90;95,80;125,10;4,30;5,80;100;0,80;-0,30;
2026-07-22 20:44:00.0;OFF;ON;100;-3,30;-4;1;14,80;95,70;125,10;4,40;5,80;99,60;0,80;-0,30;
2026-07-22 20:45:00.0;OFF;ON;100;-3,40;-4;1;14,80;95,70;125,10;4,30;5,80;99,60;0,80;-0,40;
2026-07-22 20:46:00.0;OFF;ON;100;-3,30;-4;1;14,80;95,60;125,10;4,30;5,80;100;0,70;-0,40;
2026-07-22 20:47:00.0;OFF;ON;100;-3,40;-4;1;14,80;95,70;125,10;4,30;5,80;99,60;0,70;-0,40;
2026-07-22 20:48:00.0;OFF;ON;100;-3,30;-4;0,90;14,70;95,80;125,10;4,30;5,80;100;0,70;-0,40;
2026-07-22 20:49:00.0;OFF;ON;100;-3,40;-4;0,90;14,70;95,80;125,10;4,30;5,80;99,60;0,70;-0,40;
2026-07-22 20:50:00.0;OFF;ON;100;-3,30;-4;0,90;14,70;95,60;125,10;4,20;5,80;100;0,70;-0,40;
2026-07-22 20:51:00.0;OFF;ON;100;-3,40;-4;0,90;14,60;95,70;125,10;4,30;5,80;99,60;0,70;-0,40;
2026-07-22 20:52:00.0;OFF;ON;100;-3,30;-4;0,90;14,60;95,70;125,10;4,20;5,80;100;0,70;-0,40;
2026-07-22 20:53:00.0;OFF;ON;100;-3,30;-4;0,90;14,60;95,80;125,10;4,20;5,80;100;0,60;-0,50;
2026-07-22 20:54:00.0;OFF;ON;100;-3,40;-4;0,80;14,60;95,70;125,10;4,20;6;99,60;0,60;-0,50;
2026-07-22 20:55:00.0;OFF;ON;100;-3,30;-4;0,80;14,50;95,70;125,10;4,10;6;100;0,60;-0,50;
2026-07-22 20:56:00.0;OFF;ON;100;-3,40;-4;0,80;14,50;95,60;125,10;4,20;6;99,70;0,60;-0,50;
2026-07-22 20:57:00.0;OFF;ON;100;-3,40;-4;0,80;14,50;95,70;125,10;4,20;6;99,60;0,60;-0,50;
2026-07-22 20:58:00.0;OFF;ON;100;-3,40;-4;0,80;14,50;95,70;125,10;4,10;6;100;0,60;-0,50;
2026-07-22 20:59:00.0;OFF;ON;100;-3,40;-4;0,80;14,40;95,70;125,10;4,10;6;100;0,60;-0,50;
2026-07-22 21:00:00.0;OFF;ON;100;-3,30;-4;0,70;14,40;95,80;125,10;4,10;6;100;0,60;-0,60;
2026-07-22 21:01:00.0;OFF;ON;100;-3,50;-4;0,70;14,40;95,70;125;4,20;6;99,70;0,50;-0,60;
2026-07-22 21:02:00.0;OFF;ON;100;-3,40;-4;0,70;14,30;95,70;125;4,10;6;100;0,50;-0,60;
2026-07-22 21:03:00.0;OFF;ON;100;-3,50;-4;0,70;14,30;95,70;125;4,10;6;99,60;0,50;-0,60;
2026-07-22 21:04:00.0;OFF;ON;100;-3,40;-4;0,70;14,30;95,70;125,10;4,10;6;100;0,50;-0,60;
2026-07-22 21:05:00.0;OFF;ON;100;-3,50;-4;0,60;14,20;95,60;125;4,10;6;99,80;0,40;-0,60;
2026-07-22 21:06:00.0;OFF;ON;100;-3,50;-4;0,60;14,20;95,60;125;4,20;6;99,60;0,50;-0,60;
2026-07-22 21:07:00.0;OFF;ON;100;-3,50;-4;0,70;14,20;95,70;125;4,10;6;99,60;0,40;-0,60;
2026-07-22 21:08:00.0;OFF;ON;100;-3,50;-4;0,60;14,20;95,70;125;4,10;6;99,60;0,40;-0,60;
2026-07-22 21:09:00.0;OFF;ON;100;-3,50;-4;0,60;14,10;95,80;125;4,10;6,20;99,60;0,40;-0,60;
2026-07-22 21:10:00.0;OFF;ON;100;-3,40;-4;0,60;14,10;95,70;125;4;6,20;100;0,40;-0,70;
2026-07-22 21:11:00.0;OFF;ON;100;-3,40;-4;0,60;14,10;95,60;125;4;6,20;100;0,40;-0,70;
2026-07-22 21:12:00.0;OFF;ON;100;-3,40;-4;0,60;14;95,70;125;3,90;6,20;100;0,40;-0,70;
2026-07-22 21:13:00.0;OFF;ON;100;-3,40;-4;0,50;14;95,70;125;4;6,20;100;0,40;-0,70;
2026-07-22 21:14:00.0;OFF;ON;100;-3,50;-4;0,60;14;95,70;125;4,10;6,20;99,60;0,40;-0,70;
2026-07-22 21:15:00.0;OFF;ON;100;-3,40;-4;0,60;14;95,70;125;4;6,20;100;0,40;-0,70;
2026-07-22 21:16:00.0;OFF;ON;100;-3,40;-4;0,50;13,90;95,70;125;3,90;6,20;100;0,40;-0,70;
2026-07-22 21:17:00.0;OFF;ON;100;-3,50;-4;0,50;13,90;95,70;125;4;6,20;99,50;0,30;-0,70;
2026-07-22 21:18:00.0;OFF;ON;100;-3,50;-4;0,50;13,90;95,60;125;4;6,20;99,60;0,30;-0,70;
2026-07-22 21:19:00.0;OFF;ON;100;-3,50;-4;0,50;13,80;95,60;125;4;6,20;99,70;0,30;-0,70;
2026-07-22 21:20:00.0;OFF;ON;100;-3,40;-4;0,50;13,80;95,70;125;3,90;6,20;100;0,30;-0,70;
2026-07-22 21:21:00.0;OFF;ON;100;-3,50;-4;0,40;13,80;95,70;125;3,90;6,20;99,60;0,30;-0,70;
2026-07-22 21:22:00.0;OFF;ON;100;-3,50;-4;0,50;13,70;95,70;125;4;6,20;99,60;0,30;-0,80;
2026-07-22 21:23:00.0;OFF;ON;100;-3,50;-4;0,40;13,70;95,70;125;3,90;6,20;100;0,20;-0,80;
2026-07-22 21:24:00.0;OFF;ON;100;-3,60;-4;0,40;13,70;95,70;125;4;6,40;99,60;0,20;-0,80;
2026-07-22 21:25:00.0;OFF;ON;100;-3,50;-4;0,40;13,70;95,70;125;3,90;6,40;99,90;0,20;-0,80;
2026-07-22 21:26:00.0;OFF;ON;100;-3,60;-4;0,40;13,60;95,60;125;4;6,40;99,60;0,20;-0,80;
2026-07-22 21:27:00.0;OFF;ON;100;-3,50;-4;0,40;13,60;95,60;125;3,90;6,40;99,80;0,20;-0,80;
2026-07-22 21:28:00.0;OFF;ON;100;-3,40;-4;0,40;13,60;95,60;125;3,80;6,40;100;0,20;-0,80;
2026-07-22 21:29:00.0;OFF;ON;100;-3,50;-4;0,40;13,60;95,60;125;3,80;6,40;100;0,20;-0,80;
2026-07-22 21:30:00.0;OFF;ON;100;-3,50;-4;0,30;13,50;95,60;125;3,80;6,40;99,60;0,10;-0,80;
2026-07-22 21:31:00.0;OFF;ON;100;-3,40;-4;0,30;13,50;95,60;125;3,80;6,40;100;0,10;-0,80;
2026-07-22 21:32:00.0;OFF;ON;100;-3,50;-4;0,30;13,50;95,60;125;3,80;6,40;99,70;0,10;-0,80;
2026-07-22 21:33:00.0;OFF;ON;100;-3,50;-4;0,30;13,40;95,60;125;3,80;6,40;99,70;0,20;-0,80;
2026-07-22 21:34:00.0;OFF;ON;100;-3,50;-4;0,30;13,40;95,60;125;3,80;6,40;99,50;0,10;-0,80;
2026-07-22 21:35:00.0;OFF;ON;100;-3,50;-4;0,30;13,40;95,70;125;3,80;6,40;99,60;0,10;-0,80;
2026-07-22 21:36:00.0;OFF;ON;100;-3,50;-4;0,30;13,30;95,60;125;3,80;6,40;99,50;0,10;-0,80;
2026-07-22 21:37:00.0;OFF;ON;100;-3,40;-4;0,30;13,30;95,70;125;3,70;6,40;100;0,10;-0,80;
2026-07-22 21:38:00.0;OFF;ON;100;-3,50;-4;0,30;13,30;95,70;125;3,80;6,40;99,60;0,10;-0,80;
2026-07-22 21:39:00.0;OFF;ON;100;-3,80;-4;0,30;13,30;95,60;125;4,10;6,60;98,80;0;-0,90;
2026-07-22 21:40:00.0;OFF;ON;100;-3,40;-4;0,20;13,20;95,40;125;3,60;6,60;99,50;0;-0,90;
2026-07-22 21:41:00.0;OFF;ON;100;-3,30;-4;0,20;13,20;95,50;125;3,50;6,60;100;0;-0,90;
2026-07-22 21:42:00.0;OFF;ON;100;-3,20;-4;0,30;13,20;95,60;125;3,40;6,60;100;0,10;-0,80;
2026-07-22 21:43:00.0;OFF;ON;100;-3,20;-4;0,30;13,10;95,80;125;3,50;6,60;99,80;0,10;-0,80;
2026-07-22 21:44:00.0;OFF;ON;100;-3,20;-4;0,30;13,10;95,80;125;3,50;6,60;99,70;0,10;-0,70;
2026-07-22 21:45:00.0;OFF;ON;100;-3,10;-4;0,30;13,10;95,80;125;3,40;6,60;100;0,10;-0,70;
2026-07-22 21:46:00.0;OFF;ON;100;-3,10;-4;0,30;13;95,80;125;3,50;6,60;99,70;0,10;-0,70;
2026-07-22 21:47:00.0;OFF;ON;100;-3,10;-4;0,30;13;95,80;125;3,40;6,60;99,70;0,10;-0,70;
2026-07-22 21:48:00.0;OFF;ON;100;-3,10;-4;0,30;13;95,90;125;3,40;6,60;99,60;0,10;-0,70;
2026-07-22 21:49:00.0;OFF;ON;100;-3,10;-4;0,30;13;95,80;125;3,40;6,60;99,60;0,10;-0,70;
2026-07-22 21:50:00.0;OFF;ON;100;-3,10;-4;0,30;12,90;95,80;125;3,40;6,60;99,70;0,10;-0,70;
2026-07-22 21:51:00.0;OFF;ON;100;-3,10;-4;0,30;12,90;95,80;125;3,40;6,60;99,60;0,10;-0,70;
2026-07-22 21:52:00.0;OFF;ON;100;-3;-4;0,30;12,90;95,80;125;3,30;6,60;100;0,10;-0,70;
2026-07-22 21:53:00.0;OFF;ON;100;-3,10;-4;0,30;12,80;95,80;125;3,40;6,60;99,60;0,10;-0,70;
2026-07-22 21:54:00.0;OFF;ON;100;-3;-4;0,30;12,80;95,80;125;3,30;6,80;100;0,10;-0,70;
2026-07-22 21:55:00.0;OFF;ON;100;-3;-4;0,30;12,80;95,80;125;3,30;6,80;100;0,10;-0,70;
2026-07-22 21:56:00.0;OFF;ON;100;-3,10;-4;0,30;12,80;95,80;125;3,40;6,80;99,60;0,10;-0,70;
2026-07-22 21:57:00.0;OFF;ON;100;-3;-4;0,30;12,70;95,80;125;3,30;6,80;100;0,10;-0,70;
2026-07-22 21:58:00.0;OFF;ON;100;-3;-4;0,30;12,70;95,80;125;3,30;6,80;100;0,10;-0,70;
2026-07-22 21:59:00.0;OFF;ON;100;-3,10;-4;0,30;12,70;95,90;125;3,30;6,80;100;0,10;-0,70;
2026-07-22 22:00:00.0;OFF;ON;100;-3;-4;0,30;12,60;95,80;125;3,30;6,80;100;0,10;-0,70;
2026-07-22 22:01:00.0;OFF;ON;100;-3,10;-4;0,20;12,60;95,80;125;3,40;6,80;99,60;0;-0,70;
2026-07-22 22:02:00.0;OFF;ON;100;-3,10;-4;0,20;12,60;95,80;125;3,30;6,80;100;0;-0,70;
2026-07-22 22:03:00.0;OFF;ON;100;-3,10;-4;0,20;12,50;95,80;125;3,30;6,80;100;0;-0,70;
2026-07-22 22:04:00.0;OFF;ON;100;-3,10;-4;0,20;12,50;95,80;125;3,30;6,80;100;0,10;-0,70;
2026-07-22 22:05:00.0;OFF;ON;100;-3,10;-4;0,20;12,50;95,80;125;3,30;6,80;100;0,10;-0,70;
2026-07-22 22:06:00.0;OFF;ON;100;-3,10;-4;0,20;12,50;95,80;125;3,30;6,80;100;0;-0,70;
2026-07-22 22:07:00.0;OFF;ON;100;-3,10;-4;0,20;12,40;95,80;125;3,30;6,80;100;0;-0,70;
2026-07-22 22:08:00.0;OFF;ON;100;-3,10;-4;0,20;12,40;95,70;125;3,30;6,80;100;0;-0,80;
2026-07-22 22:09:00.0;OFF;ON;100;-3,10;-4;0,20;12,40;95,80;125;3,30;7;100;0;-0,80;
2026-07-22 22:10:00.0;OFF;ON;100;-3,20;-4;0,20;12,30;95,80;125;3,40;7;99,60;0;-0,80;
2026-07-22 22:11:00.0;OFF;ON;100;-3,10;-4;0,20;12,30;95,80;125;3,30;7;100;0;-0,80;
2026-07-22 22:12:00.0;OFF;ON;100;-3,20;-4;0,20;12,30;95,80;125;3,40;7;99,70;0;-0,80;
2026-07-22 22:13:00.0;OFF;ON;100;-3,20;-4;0,10;12,30;95,80;125;3,40;7;99,70;0;-0,80;
2026-07-22 22:14:00.0;OFF;ON;100;-3,10;-4;0,10;12,20;95,70;125;3,30;7;100;0;-0,80;
2026-07-22 22:15:00.0;OFF;ON;100;-3,10;-4;0,10;12,20;95,70;125;3,30;7;100;0;-0,80;
2026-07-22 22:16:00.0;OFF;ON;100;-3,10;-4;0,10;12,20;95,70;125;3,20;7;100;-0,10;-0,80;
2026-07-22 22:17:00.0;OFF;ON;100;-3,20;-4;0,10;12,10;95,70;125;3,30;7;99,50;-0,10;-0,80;
2026-07-22 22:18:00.0;OFF;ON;100;-3,20;-4;0,10;12,10;95,70;125;3,30;7;99,70;-0,10;-0,80;
2026-07-22 22:19:00.0;OFF;ON;100;-3,20;-4;0,10;12,10;95,70;125;3,30;7;99,70;-0,10;-0,80;
2026-07-22 22:20:00.0;OFF;ON;100;-3,20;-4;0,10;12,10;95,70;125;3,30;7;99,60;-0,10;-0,80;
2026-07-22 22:21:00.0;OFF;ON;100;-3,10;-4;0,10;12;95,70;125;3,20;7;100;-0,10;-0,80;
2026-07-22 22:22:00.0;OFF;ON;100;-3,20;-4;0,10;12;95,60;125;3,30;7;100;-0,10;-0,80;
2026-07-22 22:23:00.0;OFF;ON;100;-3,20;-4;0;12;95,60;125;3,20;7;100;-0,10;-0,90;
2026-07-22 22:24:00.0;OFF;ON;100;-3,30;-4;0;11,90;95,60;125;3,30;7;99,70;-0,10;-0,90;
2026-07-22 22:25:00.0;OFF;ON;100;-3,30;-4;0;11,90;95,70;125;3,30;7;99,60;-0,10;-0,90;
2026-07-22 22:26:00.0;OFF;ON;100;-3,30;-4;0;11,90;95,70;125;3,30;7;99,60;-0,10;-0,90;
2026-07-22 22:27:00.0;OFF;ON;100;-3,20;-4;0;11,80;95,60;125;3,20;7;100;-0,10;-0,90;
2026-07-22 22:28:00.0;OFF;ON;100;-3,20;-4;0;11,80;95,60;125;3,20;7;100;-0,20;-0,90;
2026-07-22 22:29:00.0;OFF;ON;100;-3,30;-3,50;0;11,80;95,60;125;3,30;3,50;97,80;-0,10;-0,90;
2026-07-22 22:30:00.0;OFF;ON;100;-3,30;-3,50;0;11,80;95,60;125;3,30;3,50;98,30;-0,20;-0,90;
2026-07-22 22:31:00.0;OFF;ON;100;-3,30;-3,50;0;11,70;95,50;125;3,30;3,50;98,70;-0,20;-0,90;
2026-07-22 22:32:00.0;OFF;ON;100;-3,30;-3,50;0;11,70;95,50;125;3,20;3,50;99;-0,20;-0,90;
2026-07-22 22:33:00.0;OFF;ON;100;-3,30;-3,50;0;11,70;95,50;125;3,20;3,50;99,40;-0,20;-0,90;
2026-07-22 22:34:00.0;OFF;ON;100;-3,30;-3,50;0;11,60;95,50;125;3,20;3,50;99,70;-0,20;-0,90;
2026-07-22 22:35:00.0;OFF;ON;100;-3,30;-3,60;-0,10;11,60;95,50;124,90;3,30;3,50;99,80;-0,20;-1;
2026-07-22 22:36:00.0;OFF;ON;100;-3,40;-3,60;-0,10;11,60;95,50;125;3,30;3,50;99,50;-0,20;-1;
2026-07-22 22:37:00.0;OFF;ON;100;-3,40;-3,60;-0,10;11,50;95,50;125;3,30;3,50;99,80;-0,30;-1;
2026-07-22 22:38:00.0;OFF;ON;100;-3,30;-3,60;-0,10;11,50;95,50;125;3,20;3,50;100;-0,20;-1;
2026-07-22 22:39:00.0;OFF;ON;100;-3,30;-3,60;-0,10;11,50;95,50;125;3,20;3,50;100;-0,30;-1;
2026-07-22 22:40:00.0;OFF;ON;100;-3,30;-3,60;-0,10;11,50;95,50;125;3,20;3,50;100;-0,30;-1;
2026-07-22 22:41:00.0;OFF;ON;100;-3,40;-3,60;-0,10;11,40;95,50;125;3,20;3,50;99,80;-0,30;-1;
2026-07-22 22:42:00.0;OFF;ON;100;-3,40;-3,60;-0,10;11,40;95,50;125;3,30;3,50;99,70;-0,30;-1;
2026-07-22 22:43:00.0;OFF;ON;100;-3,40;-3,60;-0,10;11,40;95,50;125;3,30;3,50;100;-0,30;-1;
2026-07-22 22:44:00.0;OFF;ON;100;-3,50;-3,60;-0,20;11,30;95,50;125;3,30;3,50;99,60;-0,30;-1;
2026-07-22 22:45:00.0;OFF;ON;100;-3,50;-3,70;-0,20;11,30;95,40;125;3,30;3,50;99,60;-0,30;-1,10;
2026-07-22 22:46:00.0;OFF;ON;100;-3,40;-3,70;-0,20;11,30;95,50;125;3,20;3,50;100;-0,30;-1,10;
2026-07-22 22:47:00.0;OFF;ON;100;-3,40;-3,70;-0,20;11,30;95,50;125;3,20;3,50;100;-0,30;-1,10;
2026-07-22 22:48:00.0;OFF;ON;100;-3,50;-3,70;-0,20;11,20;95,40;125;3,30;3,50;99,70;-0,30;-1,10;
2026-07-22 22:49:00.0;OFF;ON;100;-3,40;-3,70;-0,20;11,20;95,40;125;3,20;3,50;99,90;-0,30;-1,10;
2026-07-22 22:50:00.0;OFF;ON;100;-3,50;-3,70;-0,20;11,20;95,40;125;3,30;3,50;99,60;-0,40;-1,10;
2026-07-22 22:51:00.0;OFF;ON;100;-3,50;-3,70;-0,20;11,20;95,40;125;3,30;3,50;99,70;-0,40;-1,10;
2026-07-22 22:52:00.0;OFF;ON;100;-3,50;-3,70;-0,20;11,10;95,40;125;3,30;3,50;99,60;-0,40;-1,10;
2026-07-22 22:53:00.0;OFF;ON;100;-3,50;-3,70;-0,20;11,10;95,40;125;3,20;3,50;99,80;-0,40;-1,10;
2026-07-22 22:54:00.0;OFF;ON;100;-3,50;-3,80;-0,30;11,10;95,40;125;3,20;3,50;100;-0,40;-1,10;
2026-07-22 22:55:00.0;OFF;ON;100;-3,60;-3,80;-0,30;11;95,40;125;3,30;3,50;99,60;-0,40;-1,10;
2026-07-22 22:56:00.0;OFF;ON;100;-3,60;-3,80;-0,30;11;95,30;125;3,30;3,50;99,50;-0,40;-1,10;
2026-07-22 22:57:00.0;OFF;ON;100;-3,50;-3,80;-0,30;11;95,40;125;3,20;3,50;99,80;-0,40;-1,10;
2026-07-22 22:58:00.0;OFF;ON;100;-3,50;-3,80;-0,30;11;95,30;124,90;3,20;3,50;100;-0,40;-1,20;
2026-07-22 22:59:00.0;OFF;ON;100;-3,60;-3,80;-0,30;10,90;95,30;125;3,30;3,50;99,60;-0,40;-1,20;
2026-07-22 23:00:00.0;OFF;ON;100;-3,60;-3,80;-0,30;10,90;95,30;125;3,30;3,50;99,80;-0,50;-1,20;
2026-07-22 23:01:00.0;OFF;ON;100;-3,60;-3,80;-0,30;10,80;95,30;124,90;3,30;3,50;99,70;-0,40;-1,20;
2026-07-22 23:02:00.0;OFF;ON;100;-3,50;-3,80;-0,30;10,80;95,30;124,90;3,20;3,50;100;-0,50;-1,20;
2026-07-22 23:03:00.0;OFF;ON;100;-3,50;-3,80;-0,30;10,80;95,30;124,90;3,30;3,50;99,60;-0,50;-1,20;
2026-07-22 23:04:00.0;OFF;ON;100;-3,60;-3,80;-0,40;10,80;95,30;124,90;3,30;3,50;99,70;-0,50;-1,20;
2026-07-22 23:05:00.0;OFF;ON;100;-3,60;-3,90;-0,40;10,70;95,30;124,90;3,20;3,50;99,60;-0,50;-1,20;
2026-07-22 23:06:00.0;OFF;ON;100;-3,50;-3,90;-0,40;10,70;95,30;124,90;3,10;3,50;100;-0,50;-1,20;
2026-07-22 23:07:00.0;OFF;ON;100;-3,50;-3,90;-0,40;10,70;95,40;124,90;3,20;3,50;99,60;-0,50;-1,20;
2026-07-22 23:08:00.0;OFF;ON;100;-3,60;-3,90;-0,40;10,60;95,40;124,90;3,20;3,50;99,70;-0,50;-1,20;
2026-07-22 23:09:00.0;OFF;ON;100;-3,60;-3,90;-0,40;10,60;95,40;124,90;3,20;3,50;99,60;-0,50;-1,20;
2026-07-22 23:10:00.0;OFF;ON;100;-3,50;-3,90;-0,40;10,60;95,40;124,90;3,10;3,50;100;-0,50;-1,20;
2026-07-22 23:11:00.0;OFF;ON;100;-3,60;-3,90;-0,40;10,60;95,40;124,90;3,20;3,50;99,60;-0,50;-1,20;
2026-07-22 23:12:00.0;OFF;ON;100;-3,60;-3,90;-0,40;10,50;95,40;124,90;3,20;3,50;99,60;-0,50;-1,20;
2026-07-22 23:13:00.0;OFF;ON;100;-3,40;-3,90;-0,40;10,50;95,40;124,90;3;3,50;100;-0,50;-1,20;
2026-07-22 23:14:00.0;OFF;ON;100;-3,40;-3,90;-0,40;10,50;95,40;124,90;3,10;3,50;100;-0,50;-1,20;
2026-07-22 23:15:00.0;OFF;ON;100;-3,50;-3,90;-0,40;10,40;95,40;124,90;3,10;3,50;99,80;-0,50;-1,20;
2026-07-22 23:16:00.0;OFF;ON;100;-3,40;-3,90;-0,40;10,40;95,40;124,90;3;3,50;100;-0,50;-1,20;
2026-07-22 23:17:00.0;OFF;ON;100;-3,50;-3,90;-0,40;10,40;95,40;124,90;3,10;3,50;99,80;-0,50;-1,20;
2026-07-22 23:18:00.0;OFF;ON;100;-3,40;-3,90;-0,40;10,30;95,40;124,90;3;3,50;100;-0,50;-1,20;
2026-07-22 23:19:00.0;OFF;ON;100;-3,50;-3,90;-0,40;10,30;95,40;124,90;3,10;3,50;99,60;-0,50;-1,20;
2026-07-22 23:20:00.0;OFF;ON;100;-3,40;-3,90;-0,40;10,30;95,40;124,90;3;3,50;100;-0,50;-1,20;
2026-07-22 23:21:00.0;OFF;ON;100;-3,50;-3,90;-0,40;10,30;95,40;124,90;3,10;3,50;99,70;-0,50;-1,20;
2026-07-22 23:22:00.0;OFF;ON;100;-3,40;-3,90;-0,40;10,20;95,40;124,90;3;3,50;100;-0,50;-1,20;
2026-07-22 23:23:00.0;OFF;ON;100;-3,40;-3,90;-0,40;10,20;95,40;124,90;3;3,50;100;-0,50;-1,20;
2026-07-22 23:24:00.0;OFF;ON;100;-3,50;-3,90;-0,40;10,20;95,50;124,90;3;3,50;99,70;-0,50;-1,20;
2026-07-22 23:25:00.0;OFF;ON;100;-3,40;-3,90;-0,40;10,10;95,40;124,90;3;3,50;100;-0,60;-1,20;
2026-07-22 23:26:00.0;OFF;ON;100;-3,40;-3,90;-0,40;10,10;95,40;124,90;3;3,50;100;-0,50;-1,20;
2026-07-22 23:27:00.0;OFF;ON;100;-3,50;-3,90;-0,40;10,10;95,40;124,90;3;3,50;99,70;-0,50;-1,20;
2026-07-22 23:28:00.0;OFF;ON;100;-3,50;-3,90;-0,40;10,10;95,40;124,90;3;3,50;99,60;-0,50;-1,20;
2026-07-22 23:29:00.0;OFF;ON;100;-3,50;-3,90;-0,40;10;95,40;124,90;3;3,50;99,60;-0,50;-1,20;
2026-07-22 23:30:00.0;OFF;ON;100;-3,40;-3,90;-0,40;10;95,40;124,90;3;3,50;99,70;-0,60;-1,20;
2026-07-22 23:31:00.0;OFF;ON;100;-3,40;-3,90;-0,40;10;95,40;124,90;3;3,50;99,60;-0,60;-1,20;
2026-07-22 23:32:00.0;OFF;ON;100;-3,40;-3,90;-0,40;9,90;95,40;124,90;3;3,50;99,70;-0,50;-1,20;
2026-07-22 23:33:00.0;OFF;ON;100;-3,40;-4;-0,50;9,90;95,40;124,90;2,90;3,50;99,70;-0,60;-1,20;
2026-07-22 23:34:00.0;OFF;ON;100;-3,40;-4;-0,50;9,90;95,40;124,90;3;3,50;99,60;-0,60;-1,20;
2026-07-22 23:35:00.0;OFF;ON;100;-3,30;-4;-0,50;9,90;95,40;124,90;2,90;3,50;100;-0,60;-1,20;
2026-07-22 23:36:00.0;OFF;ON;100;-3,40;-4;-0,50;9,90;95,40;124,90;2,90;3,50;99,80;-0,60;-1,20;
2026-07-22 23:37:00.0;OFF;ON;100;-3,30;-4;-0,50;9,80;95,30;124,90;2,90;3,50;100;-0,60;-1,20;
2026-07-22 23:38:00.0;OFF;ON;100;-3,30;-4;-0,40;9,80;95,40;124,90;2,90;3,50;100;-0,60;-1,20;
2026-07-22 23:39:00.0;OFF;ON;100;-3,40;-4;-0,50;9,80;95,40;124,90;3;3,50;99,70;-0,60;-1,20;
2026-07-22 23:40:00.0;OFF;ON;100;-3,30;-4;-0,50;9,80;95,50;124,90;2,90;3,50;100;-0,60;-1,20;
2026-07-22 23:41:00.0;OFF;ON;100;-3,40;-4;-0,50;9,70;95,40;124,90;2,90;3,50;99,60;-0,60;-1,20;
2026-07-22 23:42:00.0;OFF;ON;100;-3,30;-4;-0,50;9,70;95,40;124,90;2,90;3,50;100;-0,60;-1,20;
2026-07-22 23:43:00.0;OFF;ON;100;-3,30;-4;-0,50;9,70;95,40;124,90;2,80;3,50;100;-0,60;-1,20;
2026-07-22 23:44:00.0;OFF;ON;100;-3,30;-4;-0,50;9,70;95,40;124,90;2,80;3,50;100;-0,60;-1,20;
2026-07-22 23:45:00.0;OFF;ON;100;-3,40;-4;-0,50;9,60;95,40;124,90;2,90;3,50;99,60;-0,60;-1,20;
2026-07-22 23:46:00.0;OFF;ON;100;-3,30;-4;-0,50;9,60;95,40;124,90;2,80;3,50;100;-0,60;-1,20;
2026-07-22 23:47:00.0;OFF;ON;100;-3,30;-4;-0,50;9,60;95,40;124,90;2,80;3,50;100;-0,60;-1,20;
2026-07-22 23:48:00.0;OFF;ON;100;-3,40;-4;-0,50;9,60;95,40;124,80;2,90;3,50;99,60;-0,60;-1,20;
2026-07-22 23:49:00.0;OFF;ON;100;-3,30;-4;-0,50;9,60;95,40;124,80;2,80;3,50;100;-0,60;-1,20;
2026-07-22 23:50:00.0;OFF;ON;100;-3,30;-4;-0,50;9,50;95,40;124,90;2,80;3,50;100;-0,60;-1,20;
2026-07-22 23:51:00.0;OFF;ON;100;-3,40;-4;-0,50;9,50;95,30;124,90;2,90;3,50;99,70;-0,60;-1,20;
2026-07-22 23:52:00.0;OFF;ON;100;-3,30;-4;-0,50;9,50;95,30;124,80;2,80;3,50;100;-0,60;-1,20;
2026-07-22 23:53:00.0;OFF;ON;100;-3,40;-4;-0,50;9,50;95,30;124,90;2,90;3,50;99,60;-0,60;-1,20;
2026-07-22 23:54:00.0;OFF;ON;100;-3,30;-4;-0,50;9,40;95,30;124,80;2,80;3,50;100;-0,60;-1,20;
2026-07-22 23:55:00.0;OFF;ON;100;-3,40;-4;-0,50;9,40;95,30;124,90;2,90;3,50;99,60;-0,70;-1,20;
2026-07-22 23:56:00.0;OFF;ON;100;-3,30;-4;-0,50;9,40;95,40;124,90;2,80;3,50;100;-0,70;-1,20;
2026-07-22 23:57:00.0;OFF;ON;100;-3,30;-4;-0,50;9,40;95,30;124,90;2,80;3,50;100;-0,70;-1,20;
2026-07-22 23:58:00.0;OFF;ON;100;-3,40;-4;-0,50;9,30;95,30;124,80;2,90;3,50;99,60;-0,70;-1,20;
2026-07-22 23:59:00.0;OFF;ON;100;-3,40;-4;-0,50;9,30;95,30;124,90;2,90;3,50;99,60;-0,70;-1,20;
