CamCarcacas2;
2026-06-23 00:00;2026-06-24 00:00;
12144 Frigorífico Thoms;
ayron.costa;
" ";CPCO 51 - Câmara de carcaças - Controle de temperatura 1;CPCO 51 - Câmara de carcaças - Controle de temperatura 1;CPCO 51 - Câmara de carcaças - Controle de temperatura 1;CPCO 51 - Câmara de carcaças - Controle de temperatura 1;CPCO 51 - Câmara de carcaças - Controle de temperatura 1;CPCO 51 - Câmara de carcaças - Controle de temperatura 1;CPCO 52 - Câmara de carcaças - Controle de temperatura 2;CPCO 52 - Câmara de carcaças - Controle de temperatura 2;CPCO 53 - Balança;CPCO 51 - Câmara de carcaças - Controle de temperatura 1;CPCO 51 - Câmara de carcaças - Controle de temperatura 1;CPCO 51 - Câmara de carcaças - Controle de temperatura 1;CPCO 51 - Câmara de carcaças - Controle de temperatura 1;CPCO 54 - Câmara de carcaças - Controle de temperatura 3;
" ";Carregamento;Resfriamento;Saida Y1 - Ventiladores EC;Temp entrada glicol;Temp ref;Temp retorno ar;Temperatuda espeto;Umidade relativa da camara;Peso atual;DT Atual;DT ref;Cap Atual Valvula;Temp retorno ar M1A08;Temp Insuf de ar M1A08;" ";
2026-06-23 00:00:00.0;OFF;ON;100;-0,50;-0,60;2,90;13,10;95,20;110,90;3,40;3,50;63,40;2,80;2;
2026-06-23 00:01:00.0;OFF;ON;100;0,10;-0,60;2,90;13,10;95,50;110,90;2,80;3,50;67,50;2,90;2,10;
2026-06-23 00:02:00.0;OFF;ON;100;0,20;-0,60;2,90;13,10;95,60;110,90;2,80;3,50;69,10;2,90;2,20;
2026-06-23 00:03:00.0;OFF;ON;100;0,10;-0,50;3;13;95,70;110,90;2,90;3,50;69;2,90;2,30;
2026-06-23 00:04:00.0;OFF;ON;100;-0,10;-0,50;3;13;96,10;110,90;3,10;3,50;68,40;3;2,40;
2026-06-23 00:05:00.0;OFF;ON;100;-0,30;-0,50;3;13;96,10;110,90;3,40;3,50;67,20;3;2,30;
2026-06-23 00:06:00.0;OFF;ON;100;-0,30;-0,50;3;13;96,10;110,90;3,40;3,50;67,60;3;2,30;
2026-06-23 00:07:00.0;OFF;ON;100;-0,20;-0,50;3;12,90;96;110,90;3,20;3,50;69,20;2,90;2,30;
2026-06-23 00:08:00.0;OFF;ON;100;-0,40;-0,50;3;12,90;96;110,90;3,40;3,50;68,30;2,90;2,30;
2026-06-23 00:09:00.0;OFF;ON;100;-0,40;-0,50;3;12,90;95,90;110,90;3,40;3,50;69,10;2,90;2,20;
2026-06-23 00:10:00.0;OFF;ON;100;0,10;-0,50;3;12,90;95,90;110,90;2,90;3,50;72,70;2,90;2,20;
2026-06-23 00:11:00.0;OFF;ON;100;-0,30;-0,50;3;12,80;95,90;110,90;3,20;3,50;71,20;2,90;2,30;
2026-06-23 00:12:00.0;OFF;ON;100;-0,40;-0,50;3;12,80;95,90;110,90;3,40;3,50;70,50;2,90;2,20;
2026-06-23 00:13:00.0;OFF;ON;100;-0,60;-0,60;2,90;12,80;95,80;110,90;3,50;3,50;70,20;2,90;2,20;
2026-06-23 00:14:00.0;OFF;ON;100;-1,10;-0,60;2,90;12,70;95,80;110,90;4;3,50;66,20;2,80;2,10;
2026-06-23 00:15:00.0;OFF;ON;100;-1,10;-0,70;2,80;12,70;95,60;110,90;3,90;3,50;66,10;2,70;1,90;
2026-06-23 00:16:00.0;OFF;ON;100;-1,20;-0,80;2,70;12,70;95,30;110,90;3,90;3,50;65,10;2,60;1,70;
2026-06-23 00:17:00.0;OFF;ON;100;-1,20;-0,90;2,60;12,70;95,10;110,90;3,80;3,50;64,90;2,60;1,60;
2026-06-23 00:18:00.0;OFF;ON;100;-1,30;-0,90;2,60;12,60;95;110,90;3,90;3,50;63,70;2,50;1,60;
2026-06-23 00:19:00.0;OFF;ON;100;-1,30;-1;2,50;12,60;94,90;110,90;3,90;3,50;63,50;2,50;1,60;
2026-06-23 00:20:00.0;OFF;ON;100;-1,20;-1;2,50;12,60;94,80;110,90;3,70;3,50;63,90;2,50;1,50;
2026-06-23 00:21:00.0;OFF;ON;100;-1,30;-1;2,50;12,60;94,90;110,90;3,80;3,50;62,70;2,40;1,50;
2026-06-23 00:22:00.0;OFF;ON;100;-1,30;-1;2,50;12,50;94,90;110,90;3,80;3,50;62,40;2,40;1,50;
2026-06-23 00:23:00.0;OFF;ON;100;-1;-1,10;2,40;12,50;95;110,90;3,40;3,50;64,20;2,40;1,50;
2026-06-23 00:24:00.0;OFF;ON;100;-0,70;-1;2,50;12,50;95;110,90;3,20;3,50;66,20;2,40;1,50;
2026-06-23 00:25:00.0;OFF;ON;100;-0,90;-1;2,50;12,50;95,30;110,90;3,50;3,50;64,90;2,50;1,60;
2026-06-23 00:26:00.0;OFF;ON;100;-0,20;-1;2,50;12,40;95,30;110,90;2,70;3,50;70,20;2,40;1,60;
2026-06-23 00:27:00.0;OFF;ON;100;-0,30;-1;2,50;12,40;95,50;110,90;2,80;3,50;71;2,50;1,80;
2026-06-23 00:28:00.0;OFF;ON;100;-0,40;-0,90;2,60;12,40;95,90;110,90;3,10;3,50;70,40;2,60;2;
2026-06-23 00:29:00.0;OFF;ON;100;-0,60;-0,90;2,60;12,40;96;110,90;3,30;3,50;69,50;2,60;1,90;
2026-06-23 00:30:00.0;OFF;ON;100;-0,80;-0,90;2,60;12,30;95,90;110,90;3,40;3,50;69,20;2,60;1,90;
2026-06-23 00:31:00.0;OFF;ON;100;-0,80;-0,90;2,60;12,30;95,80;110,90;3,30;3,50;69,90;2,50;1,80;
2026-06-23 00:32:00.0;OFF;ON;100;-0,80;-0,90;2,60;12,30;95,80;110,90;3,30;3,50;70,30;2,50;1,80;
2026-06-23 00:33:00.0;OFF;ON;100;-0,70;-0,90;2,60;12,20;95,80;110,90;3,30;3,50;71,30;2,50;1,80;
2026-06-23 00:34:00.0;OFF;ON;100;-0,90;-1;2,50;12,20;95,80;110,90;3,40;3,50;70,80;2,50;1,80;
2026-06-23 00:35:00.0;OFF;ON;100;-0,80;-1;2,50;12,20;95,70;110,90;3,30;3,50;71,50;2,50;1,80;
2026-06-23 00:36:00.0;OFF;ON;100;-0,80;-1;2,50;12,20;95,70;110,90;3,30;3,50;72,30;2,40;1,70;
2026-06-23 00:37:00.0;OFF;ON;100;-1,10;-1;2,50;12,10;95,70;110,90;3,50;3,50;71,60;2,40;1,70;
2026-06-23 00:38:00.0;OFF;ON;100;-1;-1;2,50;12,10;95,60;110,90;3,40;3,50;71,80;2,40;1,70;
2026-06-23 00:39:00.0;OFF;ON;100;-1,10;-1,10;2,40;12,10;95,60;110,90;3,50;3,50;71,10;2,40;1,60;
2026-06-23 00:40:00.0;OFF;ON;100;-1,60;-1,10;2,40;12,10;95,40;110,90;4;3,50;67,30;2,40;1,50;
2026-06-23 00:41:00.0;OFF;ON;100;-1,50;-1,20;2,30;12;95,30;110,90;3,80;3,50;68,10;2,30;1,40;
2026-06-23 00:42:00.0;OFF;ON;100;-1,70;-1,30;2,20;12;95;110,90;3,90;3,50;66,80;2,20;1,20;
2026-06-23 00:43:00.0;OFF;ON;100;-1,60;-1,30;2,20;12;94,90;110,90;3,80;3,50;66,80;2,10;1,20;
2026-06-23 00:44:00.0;OFF;ON;100;-1,70;-1,40;2,10;12;94,80;110,90;3,80;3,50;66,20;2,10;1,10;
2026-06-23 00:45:00.0;OFF;ON;100;-1,60;-1,40;2,10;11,90;94,80;110,90;3,70;3,50;66,20;2,10;1,10;
2026-06-23 00:46:00.0;OFF;ON;100;-1,80;-1,40;2,10;11,90;94,80;110,90;3,80;3,50;65,20;2;1,10;
2026-06-23 00:47:00.0;OFF;ON;100;-1,70;-1,50;2;11,90;94,80;110,90;3,70;3,50;65,30;2;1;
2026-06-23 00:48:00.0;OFF;ON;100;-1,10;-1,50;2;11,90;94,90;110,90;3,10;3,50;69;1,90;1;
2026-06-23 00:49:00.0;OFF;ON;100;-1,10;-1,50;2;11,80;94,90;110,90;3,10;3,50;69,20;1,90;1;
2026-06-23 00:50:00.0;OFF;ON;100;-1,30;-1,50;2;11,80;95,10;110,90;3,40;3,50;67,90;2;1,20;
2026-06-23 00:51:00.0;OFF;ON;100;-0,50;-1,50;2;11,80;95,30;110,90;2,50;3,50;73,70;2;1,20;
2026-06-23 00:52:00.0;OFF;ON;100;-0,60;-1,40;2,10;11,80;95,40;110,90;2,70;3,50;74,30;2;1,30;
2026-06-23 00:53:00.0;OFF;ON;100;-0,50;-1,30;2,20;11,70;95,80;110,90;2,70;3,50;75,50;2,10;1,50;
2026-06-23 00:54:00.0;OFF;ON;100;-0,50;-1,30;2,20;11,70;96;110,90;2,80;3,50;76,80;2,20;1,60;
2026-06-23 00:55:00.0;OFF;ON;100;-1;-1,20;2,30;11,70;96;110,90;3,30;3,50;74,30;2,20;1,70;
2026-06-23 00:56:00.0;OFF;ON;100;-0,80;-1,20;2,30;11,60;96,20;110,90;3,10;3,50;76,20;2,20;1,60;
2026-06-23 00:57:00.0;OFF;ON;100;-2;-1,30;2,20;11,60;96;110,90;4,20;3,50;68,90;2,20;1,50;
2026-06-23 00:58:00.0;OFF;ON;100;-1,40;-1,40;2,10;11,60;95,80;110,90;3,50;3,50;73,80;2,10;1,30;
2026-06-23 00:59:00.0;OFF;ON;100;-1,50;-1,40;2,10;11,60;95,60;110,90;3,50;3,50;72,80;2;1,20;
2026-06-23 01:00:00.0;OFF;ON;100;-1,40;-1,50;2;11,50;95,30;110,90;3,40;3,50;73,60;1,90;1,10;
2026-06-23 01:01:00.0;OFF;ON;100;-1,60;-1,50;2;11,50;95,30;110,90;3,60;3,50;72,80;1,90;1,10;
2026-06-23 01:02:00.0;OFF;ON;100;-2,30;-1,50;2;11,50;95,20;110,90;4,20;3,50;68,30;1,90;1,10;
2026-06-23 01:03:00.0;OFF;ON;100;-2;-1,60;1,90;11,50;95,10;110,90;3,90;3,50;69,20;1,80;0,90;
2026-06-23 01:04:00.0;OFF;ON;100;-2,20;-1,70;1,80;11,40;94,80;110,90;3,90;3,50;68;1,70;0,70;
2026-06-23 01:05:00.0;OFF;ON;100;-2,30;-1,80;1,70;11,40;94,80;110,90;4;3,50;67;1,70;0,70;
2026-06-23 01:06:00.0;OFF;ON;100;-2,20;-1,80;1,70;11,40;94,70;110,90;3,90;3,50;67,10;1,60;0,60;
2026-06-23 01:07:00.0;OFF;ON;100;-2,20;-1,90;1,60;11,40;94,70;110,90;3,80;3,50;66,70;1,60;0,60;
2026-06-23 01:08:00.0;OFF;ON;100;-2,10;-1,90;1,60;11,30;94,70;110,90;3,70;3,50;66,70;1,60;0,50;
2026-06-23 01:09:00.0;OFF;ON;100;-2,10;-1,90;1,60;11,30;94,70;110,90;3,70;3,50;66,40;1,50;0,50;
2026-06-23 01:10:00.0;OFF;ON;100;-2,10;-1,90;1,60;11,30;94,70;110,90;3,70;3,50;66;1,50;0,50;
2026-06-23 01:11:00.0;OFF;ON;100;-2,20;-1,90;1,60;11,30;94,80;110,90;3,80;3,50;65;1,50;0,50;
2026-06-23 01:12:00.0;OFF;ON;100;-1,50;-2;1,50;11,20;94,80;110,80;3;3,50;69,60;1,50;0,50;
2026-06-23 01:13:00.0;OFF;ON;100;-1,70;-2;1,50;11,20;94,80;110,80;3,20;3,50;68,90;1,50;0,60;
2026-06-23 01:14:00.0;OFF;ON;100;-1,70;-1,90;1,60;11,20;95;110,80;3,20;3,50;69,10;1,50;0,70;
2026-06-23 01:15:00.0;OFF;ON;100;-1;-1,90;1,60;11,10;95,30;110,80;2,60;3,50;74,60;1,60;0,80;
2026-06-23 01:16:00.0;OFF;ON;100;-1,10;-1,80;1,70;11,10;95,50;110,80;2,80;3,50;75;1,60;1;
2026-06-23 01:17:00.0;OFF;ON;100;-1;-1,70;1,80;11,10;95,80;110,80;2,70;3,50;76,70;1,70;1,10;
2026-06-23 01:18:00.0;OFF;ON;100;-0,90;-1,70;1,80;11,10;95,90;110,80;2,70;3,50;78,60;1,80;1,20;
2026-06-23 01:19:00.0;OFF;ON;100;-0,90;-1,60;1,90;11;96,10;110,80;2,70;3,50;79,30;1,80;1,20;
2026-06-23 01:20:00.0;OFF;ON;100;-1,40;-1,60;1,90;11;96,10;110,80;3,20;3,50;76,70;1,80;1,30;
2026-06-23 01:21:00.0;OFF;ON;100;-2,50;-1,60;1,90;11;96,20;110,80;4,40;3,50;68,90;1,90;1,30;
2026-06-23 01:22:00.0;OFF;ON;100;-1,40;-1,60;1,90;11;96,30;110,80;3,30;3,50;76;1,80;1,30;
2026-06-23 01:23:00.0;OFF;ON;100;-1,30;-1,60;1,90;11;96,20;110,80;3,30;3,50;76,60;1,80;1,30;
2026-06-23 01:24:00.0;OFF;ON;100;-2,20;-1,50;2;10,90;96,20;110,80;4,10;3,50;69,40;1,90;1,30;
2026-06-23 01:25:00.0;OFF;ON;100;-1,90;-1,60;1,90;10,90;96,20;110,80;3,80;3,50;69,80;1,90;1,30;
2026-06-23 01:26:00.0;OFF;ON;100;-2;-1,60;1,90;10,90;96,10;110,80;3,90;3,50;69,20;1,80;1;
2026-06-23 01:27:00.0;OFF;ON;100;-2,20;-1,80;1,70;10,80;95,70;110,80;4;3,50;68,30;1,70;0,90;
2026-06-23 01:28:00.0;OFF;ON;100;-2,10;-1,90;1,60;10,80;95,30;110,80;3,70;3,50;69,10;1,50;0,70;
2026-06-23 01:29:00.0;OFF;ON;100;-2,40;-1,90;1,60;10,80;95,10;110,80;3,90;3,50;67,30;1,50;0,60;
2026-06-23 01:30:00.0;OFF;ON;100;-2,30;-2;1,50;10,70;95;110,80;3,80;3,50;67,40;1,40;0,50;
2026-06-23 01:31:00.0;OFF;ON;100;-2,40;-2;1,50;10,70;94,80;110,80;3,80;3,50;66,70;1,40;0,50;
2026-06-23 01:32:00.0;OFF;ON;100;-2,30;-2,10;1,40;10,70;94,80;110,80;3,70;3,50;67;1,30;0,40;
2026-06-23 01:33:00.0;OFF;ON;100;-2,30;-2,10;1,40;10,70;94,80;110,80;3,70;3,50;66,30;1,30;0,40;
2026-06-23 01:34:00.0;OFF;ON;100;-2,40;-2,20;1,30;10,70;94,80;110,80;3,70;3,50;65,70;1,30;0,30;
2026-06-23 01:35:00.0;OFF;ON;100;-2,50;-2,20;1,30;10,60;94,80;110,80;3,80;3,50;64,90;1,20;0,30;
2026-06-23 01:36:00.0;OFF;ON;100;-2,50;-2,20;1,30;10,60;94,80;110,80;3,70;3,50;64,50;1,20;0,20;
2026-06-23 01:37:00.0;OFF;ON;100;-2;-2,30;1,20;10,60;94,80;110,80;3,30;3,50;68,20;1,20;0,30;
2026-06-23 01:38:00.0;OFF;ON;100;-1,30;-2,20;1,30;10,50;95;110,80;2,60;3,50;73,90;1,20;0,50;
2026-06-23 01:39:00.0;OFF;ON;100;-1,20;-2,20;1,30;10,50;95,20;110,80;2,50;3,50;74,90;1,30;0,60;
2026-06-23 01:40:00.0;OFF;ON;100;-1,20;-2;1,50;10,50;95,60;110,80;2,60;3,50;76,60;1,40;0,80;
2026-06-23 01:41:00.0;OFF;ON;100;-1,10;-2;1,50;10,50;95,80;110,80;2,70;3,50;77,20;1,40;0,90;
2026-06-23 01:42:00.0;OFF;ON;100;-1,60;-2;1,50;10,40;95,90;110,80;3,20;3,50;75,80;1,50;0,90;
2026-06-23 01:43:00.0;OFF;ON;100;-2,20;-1,90;1,60;10,40;96;110,80;3,80;3,50;71,30;1,50;1,10;
2026-06-23 01:44:00.0;OFF;ON;100;-2,10;-1,90;1,60;10,40;96,20;110,80;3,70;3,50;71,40;1,60;1,10;
2026-06-23 01:45:00.0;OFF;ON;100;-2,60;-1,90;1,60;10,40;96,20;110,80;4,30;3,50;68,10;1,50;1;
2026-06-23 01:46:00.0;OFF;ON;100;-1,90;-1,80;1,70;10,30;96,20;110,80;3,50;3,50;71,60;1,60;1,10;
2026-06-23 01:47:00.0;OFF;ON;100;-1,80;-1,80;1,70;10,30;96,20;110,80;3,50;3,50;71,50;1,60;1,10;
2026-06-23 01:48:00.0;OFF;ON;100;-1,30;-1,80;1,70;10,30;96,20;110,80;2,90;3,50;74,80;1,60;1;
2026-06-23 01:49:00.0;OFF;ON;100;-1,70;-1,90;1,60;10,30;96;110,80;3,30;3,50;73,40;1,50;0,80;
2026-06-23 01:50:00.0;OFF;ON;100;-2,70;-2;1,50;10,20;95,80;110,80;4,20;3,50;67,40;1,50;0,80;
2026-06-23 01:51:00.0;OFF;ON;100;-1,60;-2;1,50;10,20;95,70;110,80;3,10;3,50;74,80;1,40;0,60;
2026-06-23 01:52:00.0;OFF;ON;100;-1,90;-2,10;1,40;10,20;95,50;110,80;3,30;3,50;73,50;1,30;0,60;
2026-06-23 01:53:00.0;OFF;ON;100;-2,10;-2,10;1,40;10,10;95,40;110,80;3,40;3,50;73,70;1,30;0,60;
2026-06-23 01:54:00.0;OFF;ON;100;-1,70;-2,10;1,40;10,10;95,30;110,80;3,10;3,50;76,30;1,30;0,60;
2026-06-23 01:55:00.0;OFF;ON;100;-2;-2,20;1,30;10,10;95,40;110,80;3,40;3,50;74,20;1,30;0,50;
2026-06-23 01:56:00.0;OFF;ON;100;-1,90;-2,20;1,30;10,10;95,20;110,80;3,10;3,50;76,40;1,20;0,40;
2026-06-23 01:57:00.0;OFF;ON;100;-1,80;-2,30;1,20;10;95,20;110,80;3,10;3,50;76,90;1,20;0,40;
2026-06-23 01:58:00.0;OFF;ON;100;-1,90;-2,30;1,20;10;95,20;110,80;3,10;3,50;77;1,10;0,40;
2026-06-23 01:59:00.0;OFF;ON;100;-2,80;-2,30;1,20;10;95,10;110,80;4;3,50;71,90;1,10;0,40;
2026-06-23 02:00:00.0;OFF;ON;100;-2,50;-2,30;1,20;10;95,10;110,80;3,70;3,50;72,90;1,10;0,30;
2026-06-23 02:01:00.0;OFF;ON;100;-2,70;-2,40;1,10;9,90;94,90;110,80;3,80;3,50;72,10;1;0,30;
2026-06-23 02:02:00.0;OFF;ON;100;-2,70;-2,40;1,10;9,90;94,90;110,80;3,80;3,50;72,10;1;0,10;
2026-06-23 02:03:00.0;OFF;ON;100;-2,50;-2,50;1;9,90;94,80;110,80;3,50;3,50;72,90;0,90;0;
2026-06-23 02:04:00.0;OFF;ON;100;-2,80;-2,50;1;9,90;94,80;110,80;3,80;3,50;71;0,90;0;
2026-06-23 02:05:00.0;OFF;ON;100;-3,10;-2,60;0,90;9,90;94,80;110,80;4,10;3,50;68,90;0,90;0;
2026-06-23 02:06:00.0;OFF;ON;100;-3;-2,60;0,90;9,90;94,80;110,80;3,90;3,50;69,80;0,90;-0,10;
2026-06-23 02:07:00.0;OFF;ON;100;-2,60;-2,60;0,90;9,80;94,80;110,80;3,40;3,50;72,40;0,80;-0,10;
2026-06-23 02:08:00.0;OFF;ON;100;-2,70;-2,60;0,90;9,80;94,90;110,80;3,50;3,50;72,30;0,80;-0,10;
2026-06-23 02:09:00.0;OFF;ON;100;-2,70;-2,70;0,80;9,80;94,90;110,80;3,50;3,50;71,20;0,80;-0,10;
2026-06-23 02:10:00.0;OFF;ON;100;-2,60;-2,70;0,80;9,80;94,90;110,80;3,50;3,50;72,10;0,80;0,10;
2026-06-23 02:11:00.0;OFF;ON;100;-2,60;-2,70;0,80;9,70;95;110,80;3,40;3,50;71,80;0,80;0,20;
2026-06-23 02:12:00.0;OFF;ON;100;-2,60;-2,70;0,80;9,70;95;110,80;3,50;3,50;72;0,80;0,30;
2026-06-23 02:13:00.0;OFF;ON;100;-2,60;-2,70;0,80;9,70;95;110,70;3,40;3,50;72;0,80;0,20;
2026-06-23 02:14:00.0;OFF;ON;100;-2,70;-2,70;0,80;9,70;95,20;110,70;3,50;3,50;72,20;0,80;0,20;
2026-06-23 02:15:00.0;OFF;ON;100;-2,80;-2,70;0,80;9,60;95,20;110,70;3,60;3,50;71;0,80;0,20;
2026-06-23 02:16:00.0;OFF;ON;100;-2,70;-2,70;0,80;9,60;95,10;110,70;3,50;3,50;72,30;0,80;0,20;
2026-06-23 02:17:00.0;OFF;ON;100;-2,70;-2,70;0,80;9,60;95,20;110,70;3,50;3,50;71,80;0,80;0,10;
2026-06-23 02:18:00.0;OFF;ON;100;-2,70;-2,70;0,80;9,60;95,20;110,70;3,50;3,50;72,80;0,80;0,10;
2026-06-23 02:19:00.0;OFF;ON;100;-2,60;-2,70;0,80;9,60;95,20;110,70;3,40;3,50;73,20;0,80;0,10;
2026-06-23 02:20:00.0;OFF;ON;100;-2,70;-2,70;0,80;9,50;95,20;110,70;3,50;3,50;73,60;0,80;0,10;
2026-06-23 02:21:00.0;OFF;ON;100;-2,80;-2,70;0,80;9,50;95,20;110,70;3,60;3,50;72,90;0,80;0,10;
2026-06-23 02:22:00.0;OFF;ON;100;-2,70;-2,70;0,80;9,50;95,30;110,70;3,50;3,50;73,50;0,80;0,10;
2026-06-23 02:23:00.0;OFF;ON;100;-2,40;-2,70;0,80;9,50;95,30;110,70;3,20;3,50;76,50;0,70;0;
2026-06-23 02:24:00.0;OFF;ON;100;-3,10;-2,70;0,80;9,40;95,30;110,70;3,90;3,50;72,10;0,80;0,10;
2026-06-23 02:25:00.0;OFF;ON;100;-3,30;-2,70;0,80;9,40;95,40;110,70;4,10;3,50;70,10;0,80;0,20;
2026-06-23 02:26:00.0;OFF;ON;100;-2,30;-2,60;0,90;9,40;95,60;110,70;3,20;3,50;73,70;0,80;0,20;
2026-06-23 02:27:00.0;OFF;ON;100;-2,20;-2,70;0,80;9,40;95,60;110,70;2,90;3,50;76,10;0,70;0;
2026-06-23 02:28:00.0;OFF;ON;100;-2,40;-2,70;0,80;9,40;95,40;110,70;3,20;3,50;74,90;0,80;0,10;
2026-06-23 02:29:00.0;OFF;ON;100;-2,50;-2,70;0,80;9,30;95,40;110,70;3,30;3,50;74,60;0,70;0,10;
2026-06-23 02:30:00.0;OFF;ON;100;-2,60;-2,70;0,80;9,30;95,40;110,70;3,40;3,50;74,60;0,70;0;
2026-06-23 02:31:00.0;OFF;ON;100;-2,50;-2,70;0,80;9,30;95,40;110,70;3,30;3,50;76,20;0,70;0;
2026-06-23 02:32:00.0;OFF;ON;100;-2,50;-2,70;0,80;9,30;95,40;110,70;3,20;3,50;76,90;0,70;0;
2026-06-23 02:33:00.0;OFF;ON;100;-2,40;-2,70;0,80;9,30;95,40;110,70;3,20;3,50;77,70;0,70;0;
2026-06-23 02:34:00.0;OFF;ON;100;-2,70;-2,70;0,80;9,20;95,40;110,70;3,50;3,50;76,40;0,70;0;
2026-06-23 02:35:00.0;OFF;ON;100;-2,70;-2,80;0,70;9,20;95,40;110,70;3,50;3,50;77,30;0,70;0;
2026-06-23 02:36:00.0;OFF;ON;100;-3,40;-2,80;0,70;9,20;95,40;110,70;4,20;3,50;71,70;0,70;0;
2026-06-23 02:37:00.0;OFF;ON;100;-3,10;-2,70;0,80;9,20;95,40;110,70;3,90;3,50;72,80;0,70;0;
2026-06-23 02:38:00.0;OFF;ON;100;-4;-2,80;0,70;9,20;95,50;110,70;4,70;3,50;66,30;0,60;0;
2026-06-23 02:39:00.0;OFF;ON;100;-3,10;-2,70;0,80;9,10;95,50;110,70;3,80;3,50;70,10;0,60;0;
2026-06-23 02:40:00.0;OFF;ON;100;-2,10;-2,80;0,70;9,10;95,40;110,70;2,80;3,50;77,60;0,60;-0,10;
2026-06-23 02:41:00.0;OFF;ON;100;-2,80;-2,80;0,70;9,10;95,30;110,70;3,50;3,50;73,80;0,60;-0,10;
2026-06-23 02:42:00.0;OFF;ON;100;-2,60;-2,80;0,70;9,10;95,40;110,70;3,30;3,50;75,20;0,60;-0,10;
2026-06-23 02:43:00.0;OFF;ON;100;-2,30;-2,80;0,70;9;95,30;110,70;3;3,50;77,80;0,60;-0,10;
2026-06-23 02:44:00.0;OFF;ON;100;-2,40;-2,80;0,70;9;95,40;110,70;3,10;3,50;77,50;0,60;-0,10;
2026-06-23 02:45:00.0;OFF;ON;100;-2,70;-2,80;0,70;9;95,40;110,70;3,30;3,50;76,80;0,50;-0,10;
2026-06-23 02:46:00.0;OFF;ON;100;-3,40;-2,80;0,70;9;95,40;110,70;4;3,50;73,10;0,60;-0,10;
2026-06-23 02:47:00.0;OFF;ON;100;-3,10;-2,80;0,70;8,90;95,50;110,70;3,80;3,50;72,20;0,50;-0,10;
2026-06-23 02:48:00.0;OFF;ON;100;-3,90;-2,90;0,60;8,90;95,40;110,70;4,50;3,50;66,40;0,50;-0,10;
2026-06-23 02:49:00.0;OFF;ON;100;-2,90;-2,90;0,60;8,90;95,40;110,70;3,60;3,50;71,10;0,50;-0,10;
2026-06-23 02:50:00.0;OFF;ON;100;-2,20;-2,90;0,60;8,90;95,30;110,70;2,70;3,50;77,40;0,50;-0,20;
2026-06-23 02:51:00.0;OFF;ON;100;-2,40;-2,90;0,60;8,90;95,20;110,70;3;3,50;76,30;0,50;-0,10;
2026-06-23 02:52:00.0;OFF;ON;100;-2,50;-2,90;0,60;8,80;95,30;110,70;3,10;3,50;76,60;0,50;-0,10;
2026-06-23 02:53:00.0;OFF;ON;100;-2,70;-2,90;0,60;8,80;95,30;110,70;3,30;3,50;76;0,50;-0,10;
2026-06-23 02:54:00.0;OFF;ON;100;-2,60;-2,90;0,60;8,80;95,30;110,70;3,20;3,50;77,30;0,50;-0,10;
2026-06-23 02:55:00.0;OFF;ON;100;-3,30;-2,90;0,60;8,80;95,40;110,70;4;3,50;71,60;0,50;-0,10;
2026-06-23 02:56:00.0;OFF;ON;100;-3,80;-2,80;0,70;8,80;95,70;110,70;4,50;3,50;67,10;0,50;-0,10;
2026-06-23 02:57:00.0;OFF;ON;100;-3,50;-2,80;0,70;8,70;95,70;0,20;4,20;3,50;67,40;0,50;-0,10;
2026-06-23 02:58:00.0;OFF;ON;100;-2,10;-2,80;0,70;8,70;95,70;0;2,80;3,50;77,40;0,40;-0,20;
2026-06-23 02:59:00.0;OFF;ON;100;-2,40;-2,80;0,70;8,80;95,50;0;3;3,50;76,20;0,40;-0,10;
2026-06-23 03:00:00.0;OFF;ON;100;-2,70;-2,80;0,70;8,80;95,70;0;3,30;3,50;74,90;0,50;-0,10;
2026-06-23 03:01:00.0;OFF;ON;100;-2,40;-2,80;0,70;8,80;95,60;0;3,10;3,50;77,10;0,40;-0,10;
2026-06-23 03:02:00.0;OFF;ON;100;-2,90;-3;0,50;8,80;95,60;0;3,50;3,50;75,80;0,40;-0,10;
2026-06-23 03:03:00.0;OFF;ON;100;-3,40;-2,90;0,60;8,80;95,50;0;4;3,50;71,90;0,50;-0,10;
2026-06-23 03:04:00.0;OFF;ON;100;-3,50;-3;0,50;8,70;95,60;0;4,10;3,50;70,70;0,40;-0,20;
2026-06-23 03:05:00.0;OFF;ON;100;-3,10;-3;0,50;8,70;95,40;0;3,60;3,50;73,50;0,40;-0,20;
2026-06-23 03:06:00.0;OFF;ON;100;-3,10;-3,10;0,40;8,70;95,30;0;3,60;3,50;72,20;0,40;-0,20;
2026-06-23 03:07:00.0;OFF;ON;100;-4,10;-3,10;0,40;8,60;95,40;0;4,50;3,50;65,30;0,40;-0,20;
2026-06-23 03:08:00.0;OFF;ON;100;-3,60;-2,90;0,60;8,60;95,40;0;4,20;3,50;66,30;0,40;-0,20;
2026-06-23 03:09:00.0;OFF;ON;100;-2,40;-2,90;0,60;8,60;95,40;0;3;3,50;74,10;0,40;-0,30;
2026-06-23 03:10:00.0;OFF;ON;100;-2,60;-2,90;0,60;8,50;95,40;0;3,20;3,50;74,20;0,40;-0,20;
2026-06-23 03:11:00.0;OFF;ON;100;-2,30;-2,90;0,60;8,50;95,40;0;2,90;3,50;77;0,40;-0,20;
2026-06-23 03:12:00.0;OFF;ON;100;-2,70;-2,90;0,60;8,50;95,60;0;3,30;3,50;75,20;0,40;-0,20;
2026-06-23 03:13:00.0;OFF;ON;100;-2,30;-2,90;0,60;8,40;95,70;0;2,90;3,50;78,10;0,40;-0,20;
2026-06-23 03:14:00.0;OFF;ON;100;-2,60;-2,90;0,60;8,40;95,70;0;3,20;3,50;76,90;0,40;-0,20;
2026-06-23 03:15:00.0;OFF;ON;100;-3,50;-2,90;0,60;8,40;95,60;0;4,10;3,50;71,60;0,40;-0,20;
2026-06-23 03:16:00.0;OFF;ON;100;-2,90;-2,90;0,60;8,30;95,70;0;3,50;3,50;74,10;0,40;-0,20;
2026-06-23 03:17:00.0;OFF;ON;100;-3,60;-2,90;0,60;8,30;95,70;0;4,20;3,50;69,50;0,30;-0,30;
2026-06-23 03:18:00.0;OFF;ON;100;-3,20;-2,90;0,60;8,30;95,50;0;3,80;3,50;71,10;0,30;-0,30;
2026-06-23 03:19:00.0;OFF;ON;100;-3,80;-3;0,50;8,30;95,50;0;4,40;3,50;66,10;0,30;-0,20;
2026-06-23 03:20:00.0;OFF;ON;100;-2,60;-2,90;0,60;8,20;95,50;0;3,20;3,50;72,50;0,40;-0,20;
2026-06-23 03:21:00.0;OFF;ON;100;-2,80;-3,10;0,40;8,20;95,20;0;3,20;3,50;74,40;0,30;-0,30;
2026-06-23 03:22:00.0;OFF;ON;100;-2,30;-3,10;0,40;8,20;95,20;0;2,70;3,50;78,50;0,30;-0,30;
2026-06-23 03:23:00.0;OFF;ON;100;-2,80;-3,20;0,30;8,10;95,20;0;3,10;3,50;76,40;0,30;-0,30;
2026-06-23 03:24:00.0;OFF;ON;100;-3,10;-3,10;0,40;8,10;95,20;0;3,50;3,50;74,80;0,30;-0,30;
2026-06-23 03:25:00.0;OFF;ON;100;-3,50;-3;0,50;8,10;95,40;0;4;3,50;70,50;0,30;-0,20;
2026-06-23 03:26:00.0;OFF;ON;100;-3,70;-3;0,50;8,10;95,50;0;4,20;3,50;68,60;0,30;-0,30;
2026-06-23 03:27:00.0;OFF;ON;100;-3,50;-3;0,50;8;95,40;0;3,90;3,50;69,30;0,30;-0,30;
2026-06-23 03:28:00.0;OFF;ON;100;-3,90;-3;0,50;8;95,40;0;4,30;3,50;65,40;0,30;-0,30;
2026-06-23 03:29:00.0;OFF;ON;100;-2,50;-3,10;0,40;8;95,50;0;2,90;3,50;74,90;0,20;-0,40;
2026-06-23 03:30:00.0;OFF;ON;100;-2,90;-3,20;0,30;8;95,10;0;3,20;3,50;75;0,20;-0,30;
2026-06-23 03:31:00.0;OFF;ON;100;-3,20;-3,10;0,40;7,90;95,10;0;3,60;3,50;73,50;0,20;-0,30;
2026-06-23 03:32:00.0;OFF;ON;100;-3,30;-3,10;0,40;7,90;95,20;0;3,70;3,50;72,90;0,20;-0,30;
2026-06-23 03:33:00.0;OFF;ON;100;-3,30;-3,10;0,40;7,90;95,40;0;3,80;3,50;72;0,30;-0,30;
2026-06-23 03:34:00.0;OFF;ON;100;-3,30;-3,10;0,40;7,90;95,40;0;3,70;3,50;71,70;0,20;-0,30;
2026-06-23 03:35:00.0;OFF;ON;100;-3,30;-3,10;0,40;7,80;95,30;0;3,70;3,50;71,50;0,20;-0,40;
2026-06-23 03:36:00.0;OFF;ON;100;-3,70;-3,10;0,40;7,80;95,30;0;4,10;3,50;68,80;0,20;-0,40;
2026-06-23 03:37:00.0;OFF;ON;100;-3,50;-3,20;0,30;7,80;95,30;0;3,80;3,50;69;0,20;-0,30;
2026-06-23 03:38:00.0;OFF;ON;100;-3,90;-3,20;0,30;7,80;95,20;0;4,20;3,50;66;0,20;-0,30;
2026-06-23 03:39:00.0;OFF;ON;100;-2,20;-3,20;0,30;7,70;95,20;0;2,60;3,50;76,40;0,20;-0,40;
2026-06-23 03:40:00.0;OFF;ON;100;-2,70;-3,30;0,20;7,70;95;0;2,90;3,50;75,20;0,10;-0,40;
2026-06-23 03:41:00.0;OFF;ON;100;-2,40;-3,20;0,30;7,70;94,90;0;2,70;3,50;77,70;0,10;-0,30;
2026-06-23 03:42:00.0;OFF;ON;100;-2,70;-3,20;0,30;7,70;95,10;0;3;3,50;77;0,10;-0,40;
2026-06-23 03:43:00.0;OFF;ON;100;-3,30;-3,20;0,30;7,60;95,20;0;3,60;3,50;73,10;0,20;-0,30;
2026-06-23 03:44:00.0;OFF;ON;100;-3,50;-3,20;0,30;7,60;95,20;0;3,80;3,50;71,80;0,10;-0,40;
2026-06-23 03:45:00.0;OFF;ON;100;-3;-3,30;0,20;7,60;95,20;0;3,20;3,50;75,80;0,10;-0,40;
2026-06-23 03:46:00.0;OFF;ON;100;-3,60;-3,30;0,20;7,60;95;0;3,80;3,50;71,90;0,10;-0,40;
2026-06-23 03:47:00.0;OFF;ON;100;-3,50;-3,40;0,10;7,50;94,90;0;3,60;3,50;72,80;0;-0,50;
2026-06-23 03:48:00.0;OFF;ON;100;-3,30;-3,50;0;7,50;94,90;0;3,30;3,50;74,80;0;-0,50;
2026-06-23 03:49:00.0;OFF;ON;100;-3,70;-3,50;0;7,50;94,80;0;3,80;3,50;72,30;0;-0,50;
2026-06-23 03:50:00.0;OFF;ON;100;-3,70;-3,50;0;7,40;94,70;0;3,70;3,50;73,10;0;-0,50;
2026-06-23 03:51:00.0;OFF;ON;100;-3,40;-3,50;0;7,40;94,70;0;3,40;3,50;75,20;0;-0,50;
2026-06-23 03:52:00.0;OFF;ON;100;-3,10;-3,60;-0,10;7,40;94,70;0;3,10;3,50;77,10;-0,10;-0,50;
2026-06-23 03:53:00.0;OFF;ON;100;-3,70;-3,60;-0,10;7,40;94,70;0;3,60;3,50;73,70;-0,10;-0,60;
2026-06-23 03:54:00.0;OFF;ON;100;-3,70;-3,60;-0,10;7,40;94,70;0;3,60;3,50;74,30;-0,10;-0,60;
2026-06-23 03:55:00.0;OFF;ON;100;-3,20;-3,60;-0,10;7,30;94,70;0;3,10;3,50;77,60;-0,10;-0,60;
2026-06-23 03:56:00.0;OFF;ON;100;-3,80;-3,60;-0,10;7,30;94,70;0;3,70;3,50;74;-0,10;-0,60;
2026-06-23 03:57:00.0;OFF;ON;100;-3,60;-3,60;-0,10;7,30;94,70;0;3,50;3,50;75,80;-0,10;-0,60;
2026-06-23 03:58:00.0;OFF;ON;100;-3,30;-3,60;-0,10;7,30;94,70;0;3,10;3,50;77,90;-0,10;-0,60;
2026-06-23 03:59:00.0;OFF;ON;100;-3,80;-3,60;-0,10;7,20;94,70;0;3,70;3,50;74,80;-0,10;-0,60;
2026-06-23 04:00:00.0;OFF;ON;100;-3,60;-3,60;-0,10;7,20;94,70;0;3,50;3,50;76,60;-0,10;-0,60;
2026-06-23 04:01:00.0;OFF;ON;100;-3,10;-3,70;-0,20;7,20;94,70;0;3;3,50;79,90;-0,20;-0,70;
2026-06-23 04:02:00.0;OFF;ON;100;-3,10;-3,70;-0,20;7,20;94,70;0;2,90;3,50;81,10;-0,20;-0,70;
2026-06-23 04:03:00.0;OFF;ON;100;-3,50;-3,70;-0,20;7,20;94,70;0;3,30;3,50;78,70;-0,20;-0,70;
2026-06-23 04:04:00.0;OFF;ON;100;-3,20;-3,70;-0,20;7,20;94,70;0;3,10;3,50;80,90;-0,20;-0,70;
2026-06-23 04:05:00.0;OFF;ON;100;-3,40;-3,70;-0,20;7,10;94,70;0;3,20;3,50;81,20;-0,20;-0,70;
2026-06-23 04:06:00.0;OFF;ON;100;-3,50;-3,70;-0,20;7,10;94,70;0;3,30;3,50;81;-0,20;-0,70;
2026-06-23 04:07:00.0;OFF;ON;100;-2,90;-3,80;-0,30;7,10;94,70;0;2,60;3,50;85,80;-0,20;-0,80;
2026-06-23 04:08:00.0;OFF;ON;100;-3,40;-3,80;-0,30;7;94,60;0;3,10;3,50;83,90;-0,20;-0,80;
2026-06-23 04:09:00.0;OFF;ON;100;-3,50;-3,80;-0,30;7;94,50;0;3,20;3,50;84,10;-0,30;-0,80;
2026-06-23 04:10:00.0;OFF;ON;100;-3,10;-3,80;-0,30;7;94,70;0;2,80;3,50;87,20;-0,30;-0,80;
2026-06-23 04:11:00.0;OFF;ON;100;-3,50;-3,80;-0,30;7;94,50;0;3,20;3,50;85,50;-0,30;-0,80;
2026-06-23 04:12:00.0;OFF;ON;100;-3,40;-3,90;-0,40;6,90;94,50;0;3,10;3,50;86,70;-0,30;-0,90;
2026-06-23 04:13:00.0;OFF;ON;100;-3,60;-3,90;-0,40;6,90;94,50;0;3,20;3,50;87;-0,30;-0,90;
2026-06-23 04:14:00.0;OFF;ON;100;-3,60;-3,90;-0,40;6,90;94,40;0;3,10;3,50;89;-0,40;-0,90;
2026-06-23 04:15:00.0;OFF;ON;100;-3,20;-3,90;-0,40;6,90;94,40;0;2,80;3,50;91,90;-0,40;-0,90;
2026-06-23 04:16:00.0;OFF;ON;100;-3,40;-3,90;-0,40;6,80;94,40;0;3;3,50;92,10;-0,40;-1;
2026-06-23 04:17:00.0;OFF;ON;100;-3,30;-4;-0,50;6,80;94,30;0;2,90;3,50;93,30;-0,40;-1;
2026-06-23 04:18:00.0;OFF;ON;100;-3,50;-3,90;-0,40;6,80;94,40;0;3,10;3,50;93,60;-0,40;-1;
2026-06-23 04:19:00.0;OFF;ON;100;-3,60;-3,90;-0,40;6,80;94,50;0;3,30;3,50;93;-0,40;-1;
2026-06-23 04:20:00.0;OFF;ON;100;-3,10;-3,90;-0,40;6,80;94,70;0;2,70;3,50;97,50;-0,40;-1;
2026-06-23 04:21:00.0;OFF;ON;100;-3,60;-3,90;-0,40;6,70;94,60;0;3,20;3,50;95,50;-0,40;-1;
2026-06-23 04:22:00.0;OFF;ON;100;-3,30;-4;-0,50;6,70;94,40;0;2,90;3,50;97,90;-0,50;-1;
2026-06-23 04:23:00.0;OFF;ON;100;-3,20;-4;-0,50;6,70;94,40;0;2,70;3,50;99,20;-0,50;-1;
2026-06-23 04:24:00.0;OFF;ON;100;-3,50;-4;-0,50;6,70;94,40;0;3;3,50;97,50;-0,50;-1,10;
2026-06-23 04:25:00.0;OFF;ON;100;-3,10;-4;-0,60;6,60;94,20;0;2,60;3,50;100;-0,50;-1,10;
2026-06-23 04:26:00.0;OFF;ON;100;-3,70;-4;-0,60;6,60;94,10;0;3,10;3,50;97,30;-0,50;-1,10;
2026-06-23 04:27:00.0;OFF;ON;100;-3,20;-4;-0,60;6,60;94,20;0;2,70;3,50;98,90;-0,60;-1,10;
2026-06-23 04:28:00.0;OFF;ON;100;-3,50;-4;-0,60;6,60;94,20;0;2,90;3,50;97,90;-0,60;-1,10;
2026-06-23 04:29:00.0;OFF;ON;100;-3,70;-4;-0,60;6,50;94,20;0;3,10;3,50;97,30;-0,60;-1,20;
2026-06-23 04:30:00.0;OFF;ON;100;-3,70;-4;-0,60;6,50;94,10;0;3,10;3,50;96;-0,60;-1,20;
2026-06-23 04:31:00.0;OFF;ON;100;-3,20;-4;-0,60;6,50;94,20;0;2,60;3,50;99,70;-0,60;-1,20;
2026-06-23 04:32:00.0;OFF;ON;100;-3,70;-4;-0,60;6,50;94,30;0;3,10;3,50;97,30;-0,60;-1,20;
2026-06-23 04:33:00.0;OFF;ON;100;-3,50;-4;-0,60;6,50;94,30;0;2,90;3,50;97,60;-0,60;-1,20;
2026-06-23 04:34:00.0;OFF;ON;100;-3,30;-4;-0,50;6,40;94,30;0;2,80;3,50;99;-0,60;-1,20;
2026-06-23 04:35:00.0;OFF;ON;100;-3,20;-4;-0,60;6,40;94,20;0;2,60;3,50;100;-0,60;-1,20;
2026-06-23 04:36:00.0;OFF;ON;100;-3,70;-4;-0,70;6,40;94,10;0;3,10;3,50;96,60;-0,70;-1,20;
2026-06-23 04:37:00.0;OFF;ON;100;-3,30;-4;-0,70;6,40;94,10;0;2,60;3,50;99,70;-0,70;-1,20;
2026-06-23 04:38:00.0;OFF;ON;100;-3,50;-4;-0,70;6,40;94,10;0;2,80;3,50;98,40;-0,70;-1,20;
2026-06-23 04:39:00.0;OFF;ON;100;-3,20;-4;-0,70;6,30;94,10;0;2,50;3,50;100;-0,70;-1,30;
2026-06-23 04:40:00.0;OFF;ON;100;-3,90;-4;-0,70;6,30;94;0;3,20;3,50;96,20;-0,70;-1,30;
2026-06-23 04:41:00.0;OFF;ON;100;-3,30;-4;-0,70;6,30;94,10;0;2,60;3,50;100;-0,70;-1,30;
2026-06-23 04:42:00.0;OFF;ON;100;-3,40;-4;-0,70;6,30;94;0;2,70;3,50;99,60;-0,80;-1,30;
2026-06-23 04:43:00.0;OFF;ON;100;-3,80;-4;-0,70;6,20;94;0;3;3,50;96,80;-0,80;-1,30;
2026-06-23 04:44:00.0;OFF;ON;100;-3,30;-4;-0,80;6,20;94;0;2,60;3,50;99,60;-0,80;-1,30;
2026-06-23 04:45:00.0;OFF;ON;100;-3,60;-4;-0,80;6,20;94;0;2,90;3,50;98,20;-0,80;-1,30;
2026-06-23 04:46:00.0;OFF;ON;100;-3,40;-4;-0,80;6,20;94;0;2,60;3,50;99,70;-0,80;-1,30;
2026-06-23 04:47:00.0;OFF;ON;100;-3,80;-4;-0,80;6,10;94,10;0;3;3,50;97,20;-0,80;-1,30;
2026-06-23 04:48:00.0;OFF;ON;100;-3,90;-4;-0,80;6,10;94,10;0;3,10;3,50;96,50;-0,80;-1,30;
2026-06-23 04:49:00.0;OFF;ON;100;-3,30;-3,40;-0,70;4,10;94,30;0;2,50;3,50;95,80;-0,80;-1,70;
2026-06-23 04:50:00.0;OFF;ON;100;-3,80;-3,30;-0,80;4,10;94,20;0;3,10;3,50;91,10;-0,90;-2;
2026-06-23 04:51:00.0;OFF;ON;100;-3,90;-3,20;-0,80;4,10;93,80;0;3,10;3,50;89,20;-1;-2,20;
2026-06-23 04:52:00.0;OFF;ON;100;-4,10;-3,10;-0,90;4,10;93,50;0;3,20;3,50;86,30;-1,10;-2,30;
2026-06-23 04:53:00.0;OFF;ON;100;-4;-2,80;-1;4;93,30;0;3;3,50;81,90;-1,10;-2,40;
2026-06-23 04:54:00.0;OFF;ON;100;-4;-2,70;-1;4;93,20;0;3;3,50;79,70;-1,20;-2,40;
2026-06-23 04:55:00.0;OFF;ON;50;-3,90;-2,50;-1,10;4;92,80;0;2,70;3,50;74,50;-1,20;-2,50;
2026-06-23 04:56:00.0;OFF;ON;50;-4;-2,40;-1,20;4;92,50;0;2,80;3,50;71,10;-1,20;-2,50;
2026-06-23 04:57:00.0;OFF;ON;50;-3,40;-2,10;-1,20;4;92,60;0;2,20;3,50;68,90;-1,20;-2,50;
2026-06-23 04:58:00.0;OFF;ON;50;-3,20;-1,90;-1,20;3,90;92,60;0;2;3,50;67,20;-1,20;-2,50;
2026-06-23 04:59:00.0;OFF;ON;50;-3,40;-1,60;-1,20;3,90;92,80;0;2,20;3,50;60,30;-1,20;-2,20;
2026-06-23 05:00:00.0;OFF;ON;50;-3,10;-1,50;-1,20;3,90;93,10;0;1,90;3,50;58,40;-1,20;-2,20;
2026-06-23 05:01:00.0;OFF;ON;50;-2,90;-1,30;-1,20;3,90;93,30;0;1,80;3,50;55,90;-1,20;-2,10;
2026-06-23 05:02:00.0;OFF;ON;50;-2,60;-0,80;-1,10;3,90;93,60;0;1,50;3,50;49,80;-1,10;-2;
2026-06-23 05:03:00.0;OFF;ON;50;-2,50;-0,60;-1,10;3,80;93,90;0;1,40;3,50;46,30;-1;-1,90;
2026-06-23 05:04:00.0;OFF;ON;50;-2,20;-0,40;-1;3,80;94,10;0;1,20;3,50;43,30;-1;-1,80;
2026-06-23 05:05:00.0;OFF;ON;50;-2,10;-0,10;-0,90;3,80;94,40;0;1,20;3,50;38,90;-1;-1,60;
2026-06-23 05:06:00.0;OFF;ON;50;-1,60;0,50;-0,80;3,80;94,70;0;0,70;3,50;32,50;-0,90;-1,40;
2026-06-23 05:07:00.0;OFF;ON;50;-1,60;0,70;-0,80;3,80;94,90;0;0,80;3,50;27,60;-0,80;-1,20;
2026-06-23 05:08:00.0;OFF;ON;50;-1,10;1,20;-0,70;3,80;95,30;0;0,40;3,50;22,30;-0,70;-1;
2026-06-23 05:09:00.0;OFF;ON;50;-1;1,40;-0,60;3,70;95,60;0;0,40;3,50;20;-0,60;-0,90;
2026-06-23 05:10:00.0;OFF;ON;50;-0,70;1,80;-0,50;3,70;95,80;0;0,20;3,50;20;-0,50;-0,70;
2026-06-23 05:11:00.0;OFF;ON;50;-0,40;2,10;-0,40;3,70;96,10;0;0;3,50;20;-0,40;-0,50;
2026-06-23 05:12:00.0;OFF;ON;50;-0,40;2,10;-0,40;3,70;96,50;0;0;3,50;20;-0,40;-0,40;
2026-06-23 05:13:00.0;OFF;ON;50;-0,10;2,20;-0,30;3,70;96,70;0;-0,20;3,50;20;-0,30;-0,20;
2026-06-23 05:14:00.0;OFF;ON;50;-0,10;2,30;-0,20;3,70;97;0;-0,10;3,50;20;-0,20;-0,10;
2026-06-23 05:15:00.0;OFF;ON;50;0;2,40;-0,10;3,60;97,20;0;-0,10;3,50;20;-0,10;0,10;
2026-06-23 05:16:00.0;OFF;ON;50;0;2,40;-0,10;3,60;97,40;0;-0,10;3,50;20;-0,10;0,10;
2026-06-23 05:17:00.0;OFF;ON;50;0,10;2,40;-0,10;3,60;97,50;0;-0,20;3,50;20;0;0,20;
2026-06-23 05:18:00.0;OFF;ON;50;0,20;2,50;0;3,60;97,60;0;-0,20;3,50;20;0;0,20;
2026-06-23 05:19:00.0;OFF;ON;50;0,20;2,50;0;3,60;97,60;0;-0,20;3,50;20;0;0,20;
2026-06-23 05:20:00.0;OFF;ON;50;0,30;2,60;0,10;3,50;97,70;0;-0,20;3,50;20;0,10;0,30;
2026-06-23 05:21:00.0;OFF;ON;50;0,40;2,60;0,10;3,50;97,70;0;-0,30;3,50;20;0,10;0,30;
2026-06-23 05:22:00.0;OFF;ON;50;0,40;2,60;0,10;3,50;97,70;0;-0,30;3,50;20;0,10;0,30;
2026-06-23 05:23:00.0;OFF;ON;50;0,20;2,60;0,10;3,50;97,70;0;-0,10;3,50;20;0,10;0,30;
2026-06-23 05:24:00.0;OFF;ON;50;0,20;2,60;0,10;3,50;97,70;0;-0,10;3,50;20;0,10;0,30;
2026-06-23 05:25:00.0;OFF;ON;50;0,20;2,60;0,10;3,40;97,60;0;-0,10;3,50;20;0,10;0,30;
2026-06-23 05:26:00.0;OFF;ON;50;0,20;2,60;0,10;3,40;97,60;0;-0,10;3,50;20;0,10;0,30;
2026-06-23 05:27:00.0;OFF;ON;50;0,30;2,60;0,10;3,40;97,50;0;-0,20;3,50;20;0,10;0,30;
2026-06-23 05:28:00.0;OFF;ON;50;0,30;2,70;0,20;3,40;97,50;0;-0,10;3,50;20;0,10;0,30;
2026-06-23 05:29:00.0;OFF;ON;50;0,30;2,70;0,20;3,40;97,50;0;-0,10;3,50;20;0,20;0,30;
2026-06-23 05:30:00.0;OFF;ON;50;0,30;2,70;0,20;3,40;97,50;0;-0,10;3,50;20;0,20;0,30;
2026-06-23 05:31:00.0;OFF;ON;50;0,40;2,70;0,20;3,30;97,40;0;-0,30;3,50;20;0,20;0,30;
2026-06-23 05:32:00.0;OFF;ON;50;0,30;2,70;0,20;3,30;97,40;0;-0,20;3,50;20;0,20;0,30;
2026-06-23 05:33:00.0;OFF;ON;50;0,40;2,70;0,20;3,30;97,30;0;-0,20;3,50;20;0,20;0,30;
2026-06-23 05:34:00.0;OFF;ON;50;0,30;2,70;0,20;3,30;97,20;0;-0,10;3,50;20;0,20;0,30;
2026-06-23 05:35:00.0;OFF;ON;50;0,40;2,70;0,20;3,20;97,20;0;-0,20;3,50;20;0,20;0,30;
2026-06-23 05:36:00.0;OFF;ON;50;0,20;2,70;0,20;3,20;97,20;0;0;3,50;20;0,20;0,30;
2026-06-23 05:37:00.0;OFF;ON;50;0,40;2,80;0,30;3,20;97,20;0;-0,10;3,50;20;0,20;0,30;
2026-06-23 05:38:00.0;OFF;ON;50;0,50;2,80;0,30;3,20;97,20;0;-0,20;3,50;20;0,20;0,30;
2026-06-23 05:39:00.0;OFF;ON;50;0,40;2,70;0,20;3,20;97,20;0;-0,10;3,50;20;0,20;0,30;
2026-06-23 05:40:00.0;OFF;ON;50;0,50;2,70;0,20;3,20;97,10;0;-0,30;3,50;20;0,20;0,30;
2026-06-23 05:41:00.0;OFF;ON;50;0,40;2,70;0,20;3,10;97;0;-0,10;3,50;20;0,30;0,30;
2026-06-23 05:42:00.0;OFF;ON;50;0,40;2,70;0,20;3,10;97;0;-0,20;3,50;20;0,30;0,30;
2026-06-23 05:43:00.0;OFF;ON;50;0,60;1,90;0,30;3,20;97;116,10;-0,30;3,50;20;0,30;0,30;
2026-06-23 05:44:00.0;OFF;ON;50;0,50;1,70;0,30;3,90;97;117,50;-0,10;3,50;20;0,30;0,30;
2026-06-23 05:45:00.0;OFF;ON;50;0,50;1,90;0,30;4;97;117,30;-0,20;3,50;20;0,30;0,30;
2026-06-23 05:46:00.0;OFF;ON;50;0,60;2,10;0,30;4;97;117,40;-0,30;3,50;20;0,30;0,30;
2026-06-23 05:47:00.0;OFF;ON;50;0,60;2,40;0,30;4;97;117,30;-0,30;3,50;20;0,30;0,30;
2026-06-23 05:48:00.0;OFF;ON;50;0,50;2,60;0,30;4;96,90;117,30;-0,20;3,50;20;0,30;0,30;
2026-06-23 05:49:00.0;OFF;ON;50;0,60;2,80;0,30;4;96,90;117,30;-0,30;3,50;20;0,30;0,30;
2026-06-23 05:50:00.0;OFF;ON;50;0,70;2,80;0,30;4;96,90;117,30;-0,30;3,50;20;0,30;0,30;
2026-06-23 05:51:00.0;OFF;ON;50;0,60;2,80;0,30;4;96,80;117,30;-0,20;3,50;20;0,30;0,30;
2026-06-23 05:52:00.0;OFF;ON;50;0,50;2,80;0,30;4;96,80;117,20;-0,20;3,50;20;0,30;0,30;
2026-06-23 05:53:00.0;OFF;ON;50;0,50;2,80;0,30;4;96,80;117,20;-0,10;3,50;20;0,30;0,30;
2026-06-23 05:54:00.0;OFF;ON;50;0,50;2,80;0,30;4;96,80;117,20;-0,20;3,50;20;0,30;0,30;
2026-06-23 05:55:00.0;OFF;ON;50;0,50;2,80;0,30;4;96,70;117,20;-0,20;3,50;20;0,30;0,30;
2026-06-23 05:56:00.0;OFF;ON;50;0,40;2,90;0,40;4;96,80;117,20;-0,10;3,50;20;0,30;0,30;
2026-06-23 05:57:00.0;OFF;ON;50;0,70;2,90;0,40;4;96,80;117,20;-0,30;3,50;20;0,30;0,30;
2026-06-23 05:58:00.0;OFF;ON;50;0,60;2,90;0,40;4;96,70;117,10;-0,30;3,50;20;0,30;0,30;
2026-06-23 05:59:00.0;OFF;ON;50;0,70;2,90;0,40;3,90;96,70;117,10;-0,40;3,50;20;0,30;0,40;
2026-06-23 06:00:00.0;OFF;ON;50;0,50;2,90;0,40;3,90;96,70;117,10;-0,20;3,50;20;0,40;0,40;
2026-06-23 06:01:00.0;OFF;ON;50;0,80;2,90;0,40;3,90;96,70;117,10;-0,40;3,50;20;0,40;0,40;
2026-06-23 06:02:00.0;OFF;ON;50;0,70;2,90;0,40;3,90;96,70;117,10;-0,20;3,50;20;0,40;0,40;
2026-06-23 06:03:00.0;OFF;ON;50;0,80;2,90;0,40;3,90;96,70;117,10;-0,40;3,50;20;0,40;0,40;
2026-06-23 06:04:00.0;OFF;ON;50;0,60;3;0,50;3,90;96,70;117,10;-0,10;3,50;20;0,40;0,40;
2026-06-23 06:05:00.0;OFF;ON;50;0,60;3;0,50;3,90;96,70;117,10;-0,10;3,50;20;0,40;0,40;
2026-06-23 06:06:00.0;OFF;ON;50;0,70;3;0,50;3,90;96,70;117,10;-0,20;3,50;20;0,40;0,40;
2026-06-23 06:07:00.0;OFF;ON;50;0,60;3;0,50;3,80;96,70;117,10;-0,10;3,50;20;0,40;0,40;
2026-06-23 06:08:00.0;OFF;ON;50;0,60;3;0,50;3,80;96,70;117,10;-0,10;3,50;20;0,40;0,40;
2026-06-23 06:09:00.0;OFF;ON;50;0,80;3;0,50;3,80;96,70;117,10;-0,30;3,50;20;0,40;0,50;
2026-06-23 06:10:00.0;OFF;ON;50;0,90;3,10;0,60;3,80;96,70;117;-0,30;3,50;20;0,50;0,50;
2026-06-23 06:11:00.0;OFF;ON;50;1;3,10;0,60;3,80;96,80;116,90;-0,40;3,50;20;0,50;0,60;
2026-06-23 06:12:00.0;OFF;ON;50;0,80;3,20;0,70;3,80;96,80;116,90;-0,20;3,50;20;0,60;0,60;
2026-06-23 06:13:00.0;OFF;ON;50;1;3,20;0,70;3,80;96,90;116,90;-0,40;3,50;20;0,60;0,70;
2026-06-23 06:14:00.0;OFF;ON;50;1,10;3,20;0,70;3,70;97;116,90;-0,40;3,50;20;0,60;0,80;
2026-06-23 06:15:00.0;OFF;ON;50;1,10;3,20;0,70;3,70;97;116,90;-0,40;3,50;20;0,70;0,90;
2026-06-23 06:16:00.0;OFF;ON;50;1;3,30;0,80;3,70;97,10;116,90;-0,30;3,50;20;0,70;1,10;
2026-06-23 06:17:00.0;OFF;ON;50;1,20;3,30;0,80;3,70;97,20;116,90;-0,40;3,50;20;0,70;1,10;
2026-06-23 06:18:00.0;OFF;ON;50;1,30;3,40;0,90;3,70;97,20;116,90;-0,40;3,50;20;0,80;1,30;
2026-06-23 06:19:00.0;OFF;ON;50;1,50;3,50;1;3,70;97,50;116,90;-0,50;3,50;20;0,90;1,40;
2026-06-23 06:20:00.0;OFF;ON;50;1,50;3,60;1,10;3,60;97,60;116,90;-0,40;3,50;20;1;1,50;
2026-06-23 06:21:00.0;OFF;ON;50;1,60;3,70;1,20;3,60;97,80;117,60;-0,50;3,50;20;1;1,50;
2026-06-23 06:22:00.0;OFF;ON;50;1,80;3,70;1,20;3,60;97,80;119,60;-0,60;3,50;20;1,10;1,60;
2026-06-23 06:23:00.0;OFF;ON;50;1,70;3,80;1,30;3,60;97,90;0;-0,40;3,50;20;1,10;1,70;
2026-06-23 06:24:00.0;OFF;ON;50;1,80;3,90;1,40;3,50;98,10;0;-0,40;3,50;20;1,20;1,80;
2026-06-23 06:25:00.0;OFF;ON;50;1,80;4;1,50;3,50;98,10;0;-0,30;3,50;20;1,20;1,80;
2026-06-23 06:26:00.0;OFF;ON;50;1,70;4;1,50;3,50;98,20;0;-0,20;3,50;20;1,30;1,80;
2026-06-23 06:27:00.0;OFF;ON;50;2;4;1,50;3,50;98,20;0;-0,50;3,50;20;1,30;1,90;
2026-06-23 06:28:00.0;OFF;ON;50;1,90;4;1,50;3,50;98,20;0;-0,40;3,50;20;1,30;1,90;
2026-06-23 06:29:00.0;OFF;ON;50;2,10;4;1,50;3,50;98,20;0;-0,60;3,50;20;1,40;2;
2026-06-23 06:30:00.0;OFF;ON;50;2;4,10;1,60;3,40;98,20;0;-0,50;3,50;20;1,40;2;
2026-06-23 06:31:00.0;OFF;ON;50;2,20;4,10;1,60;3,40;98,20;0;-0,60;3,50;20;1,40;2,10;
2026-06-23 06:32:00.0;OFF;ON;50;2,20;4,10;1,60;3,40;98,20;0;-0,60;3,50;20;1,50;2,10;
2026-06-23 06:33:00.0;OFF;ON;50;2,20;4,20;1,70;3,40;98,20;0;-0,50;3,50;20;1,50;2,20;
2026-06-23 06:34:00.0;OFF;ON;50;2,10;4,20;1,70;3,40;98,20;0;-0,40;3,50;20;1,50;2,20;
2026-06-23 06:35:00.0;OFF;ON;50;2,10;4,20;1,70;3,40;98,20;0;-0,30;3,50;20;1,50;2,20;
2026-06-23 06:36:00.0;OFF;ON;50;2,10;4,30;1,80;3,40;98,20;0;-0,30;3,50;20;1,60;2,20;
2026-06-23 06:37:00.0;OFF;ON;50;2,10;4,30;1,80;3,30;98,20;0;-0,30;3,50;20;1,60;2,20;
2026-06-23 06:38:00.0;OFF;ON;50;2,20;4,30;1,80;3,30;98,20;0;-0,40;3,50;20;1,60;2,20;
2026-06-23 06:39:00.0;OFF;ON;50;2,40;4,30;1,80;3,30;98,20;0;-0,60;3,50;20;1,60;2,20;
2026-06-23 06:40:00.0;OFF;ON;50;2,50;4,40;1,90;3,30;98,20;0;-0,60;3,50;20;1,70;2,30;
2026-06-23 06:41:00.0;OFF;ON;50;2,50;4,40;1,90;3,30;98,20;0;-0,60;3,50;20;1,70;2,30;
2026-06-23 06:42:00.0;OFF;ON;50;2,60;4,50;2;3,30;98,20;0;-0,60;3,50;20;1,70;2,40;
2026-06-23 06:43:00.0;OFF;ON;50;2,40;4,50;2;3,20;98,20;0;-0,50;3,50;20;1,80;2,40;
2026-06-23 06:44:00.0;OFF;ON;50;2,50;4,50;2;3,20;98,20;0;-0,50;3,50;20;1,80;2,50;
2026-06-23 06:45:00.0;OFF;ON;50;2,50;4,60;2,10;3,20;98,20;0;-0,50;3,50;20;1,80;2,50;
2026-06-23 06:46:00.0;OFF;ON;50;2,60;4,60;2,10;3,20;98,20;0;-0,50;3,50;20;1,90;2,50;
2026-06-23 06:47:00.0;OFF;ON;50;2,80;4,60;2,10;3,20;98,30;0;-0,70;3,50;20;1,90;2,50;
2026-06-23 06:48:00.0;OFF;ON;50;2,70;4,60;2,10;3,20;98,30;0;-0,60;3,50;20;1,90;2,60;
2026-06-23 06:49:00.0;OFF;ON;50;2,80;4,70;2,20;3,20;98,20;0;-0,60;3,50;20;1,90;2,60;
2026-06-23 06:50:00.0;OFF;ON;50;2,80;4,70;2,20;3,20;98,20;0;-0,70;3,50;20;2;2,70;
2026-06-23 06:51:00.0;OFF;ON;50;2,80;4,70;2,20;3,10;98,20;0;-0,60;3,50;20;2;2,70;
2026-06-23 06:52:00.0;OFF;ON;50;2,80;4,70;2,20;3,10;98,20;0;-0,60;3,50;20;2;2,70;
2026-06-23 06:53:00.0;OFF;ON;50;2,70;4,80;2,30;3,10;98,20;0;-0,40;3,50;20;2,10;2,70;
2026-06-23 06:54:00.0;OFF;ON;50;2,80;4,80;2,30;3,10;98,20;0;-0,50;3,50;20;2,10;2,70;
2026-06-23 06:55:00.0;OFF;ON;50;2,90;4,80;2,30;3,10;98,20;0;-0,60;3,50;20;2,10;2,70;
2026-06-23 06:56:00.0;OFF;ON;50;2,90;4,80;2,30;3,10;98,20;0;-0,60;3,50;20;2,10;2,80;
2026-06-23 06:57:00.0;OFF;ON;50;2,90;4,80;2,30;3,10;98,20;0;-0,60;3,50;20;2,10;2,80;
2026-06-23 06:58:00.0;OFF;ON;50;2,90;4,80;2,30;3,10;98,20;0;-0,60;3,50;20;2,10;2,80;
2026-06-23 06:59:00.0;OFF;ON;50;3;4,90;2,40;3,10;98,20;0;-0,60;3,50;20;2,20;2,90;
2026-06-23 07:00:00.0;OFF;ON;50;2,90;4,90;2,40;3;98,20;0;-0,60;3,50;20;2,20;2,90;
2026-06-23 07:01:00.0;OFF;ON;50;2,80;4,90;2,40;3;98,20;0;-0,40;3,50;20;2,20;2,90;
2026-06-23 07:02:00.0;OFF;ON;50;2,90;4,90;2,40;3;98,20;0;-0,50;3,50;20;2,20;2,90;
2026-06-23 07:03:00.0;OFF;ON;50;3,10;4,90;2,40;3;98,20;0;-0,70;3,50;20;2,20;2,90;
2026-06-23 07:04:00.0;OFF;ON;50;3;4,90;2,40;3;98,20;0;-0,60;3,50;20;2,30;2,90;
2026-06-23 07:05:00.0;OFF;ON;50;3;4,90;2,40;3;98,20;0;-0,60;3,50;20;2,30;2,90;
2026-06-23 07:06:00.0;OFF;ON;50;3,20;5;2,50;3;98,20;0;-0,70;3,50;20;2,40;3;
2026-06-23 07:07:00.0;OFF;ON;50;3,30;5;2,50;3;98,20;0;-0,70;3,50;20;2,50;3,10;
2026-06-23 07:08:00.0;OFF;ON;50;3,30;5,10;2,60;3;98,20;0;-0,70;3,50;20;2,50;3,10;
2026-06-23 07:09:00.0;OFF;ON;50;3,20;5,10;2,60;2,90;98,20;0;-0,50;3,50;20;2,50;3,10;
2026-06-23 07:10:00.0;OFF;ON;50;3,20;5,10;2,60;2,90;98,20;0;-0,60;3,50;20;2,50;3,10;
2026-06-23 07:11:00.0;OFF;ON;50;3,10;5,10;2,60;2,90;98,20;0;-0,50;3,50;20;2,50;3,10;
2026-06-23 07:12:00.0;OFF;ON;50;3,20;5,10;2,60;2,90;98,20;0;-0,60;3,50;20;2,40;3,10;
2026-06-23 07:13:00.0;OFF;ON;50;3,20;5,10;2,60;2,90;98,20;0;-0,60;3,50;20;2,50;3,10;
2026-06-23 07:14:00.0;OFF;ON;50;3,20;5,10;2,60;2,90;98,20;0;-0,60;3,50;20;2,50;3,10;
2026-06-23 07:15:00.0;OFF;ON;50;3,40;5,20;2,70;2,90;98,20;0;-0,70;3,50;20;2,50;3,20;
2026-06-23 07:16:00.0;OFF;ON;50;3,30;5,20;2,70;2,90;98,20;0;-0,70;3,50;20;2,50;3,20;
2026-06-23 07:17:00.0;OFF;ON;50;3,10;5,20;2,70;2,90;98,20;0;-0,50;3,50;20;2,50;3,20;
2026-06-23 07:18:00.0;OFF;ON;50;3,20;5,20;2,70;2,90;98,20;0;-0,50;3,50;20;2,50;3,20;
2026-06-23 07:19:00.0;OFF;ON;50;3,20;5,20;2,70;2,90;98,20;0;-0,50;3,50;20;2,50;3,20;
2026-06-23 07:20:00.0;OFF;ON;50;3,20;5,20;2,70;2,90;98,20;0;-0,50;3,50;20;2,50;3,20;
2026-06-23 07:21:00.0;OFF;ON;50;3,30;5,20;2,70;2,80;98,20;0;-0,60;3,50;20;2,60;3,20;
2026-06-23 07:22:00.0;OFF;ON;50;3,40;5,20;2,70;2,80;98,20;0;-0,60;3,50;20;2,60;3,20;
2026-06-23 07:23:00.0;OFF;ON;50;3,40;5,30;2,80;2,80;98,20;0;-0,60;3,50;20;2,60;3,20;
2026-06-23 07:24:00.0;OFF;ON;50;3,40;5,30;2,80;2,80;98,20;0;-0,60;3,50;20;2,60;3,30;
2026-06-23 07:25:00.0;OFF;ON;50;3,30;5,30;2,80;2,80;98,20;0;-0,50;3,50;20;2,60;3,30;
2026-06-23 07:26:00.0;OFF;ON;50;3,30;5,30;2,80;2,80;98,20;0;-0,50;3,50;20;2,60;3,20;
2026-06-23 07:27:00.0;OFF;ON;50;3,20;5,30;2,80;2,80;98,20;0;-0,40;3,50;20;2,60;3,20;
2026-06-23 07:28:00.0;OFF;ON;50;3,40;5,30;2,80;2,80;98,20;0;-0,60;3,50;20;2,60;3,20;
2026-06-23 07:29:00.0;OFF;ON;50;3,40;5,30;2,80;2,80;98,20;0;-0,60;3,50;20;2,60;3,30;
2026-06-23 07:30:00.0;OFF;ON;50;3,50;5,30;2,80;2,80;98,20;0;-0,70;3,50;20;2,70;3,30;
2026-06-23 07:31:00.0;OFF;ON;50;3,40;5,40;2,90;2,80;98,20;0;-0,50;3,50;20;2,70;3,30;
2026-06-23 07:32:00.0;OFF;ON;50;3,50;5,40;2,90;2,80;98,20;0;-0,70;3,50;20;2,70;3,30;
2026-06-23 07:33:00.0;OFF;ON;50;3,50;5,40;2,90;2,80;98,20;0;-0,60;3,50;20;2,70;3,40;
2026-06-23 07:34:00.0;OFF;ON;50;3,30;5,40;2,90;2,80;98,20;0;-0,40;3,50;20;2,70;3,40;
2026-06-23 07:35:00.0;OFF;ON;50;3,30;5,40;2,90;2,70;98,20;0;-0,50;3,50;20;2,70;3,30;
2026-06-23 07:36:00.0;OFF;ON;50;3,50;5,40;2,90;2,70;98,20;0;-0,60;3,50;20;2,70;3,30;
2026-06-23 07:37:00.0;OFF;ON;50;3,40;5,40;2,90;2,70;98,20;0;-0,50;3,50;20;2,80;3,40;
2026-06-23 07:38:00.0;OFF;ON;50;3,50;5,40;2,90;2,70;98,20;0;-0,60;3,50;20;2,80;3,40;
2026-06-23 07:39:00.0;OFF;ON;50;3,60;5,40;2,90;2,70;98,20;0;-0,60;3,50;20;2,80;3,40;
2026-06-23 07:40:00.0;OFF;ON;50;3,50;5,40;2,90;2,70;98,20;0;-0,50;3,50;20;2,80;3,40;
2026-06-23 07:41:00.0;OFF;ON;50;3,60;5,50;3;2,70;98,20;0;-0,60;3,50;20;2,80;3,50;
2026-06-23 07:42:00.0;OFF;ON;50;3,40;5,50;3;2,70;98,30;0;-0,50;3,50;20;2,80;3,50;
2026-06-23 07:43:00.0;OFF;ON;50;3,40;5,50;3;2,70;98,30;0;-0,50;3,50;20;2,80;3,40;
2026-06-23 07:44:00.0;OFF;ON;50;3,60;5,50;3;2,70;98,20;0;-0,60;3,50;20;2,80;3,40;
2026-06-23 07:45:00.0;OFF;ON;50;3,60;5,50;3;2,70;98,20;0;-0,60;3,50;20;2,80;3,50;
2026-06-23 07:46:00.0;OFF;ON;50;3,60;5,50;3;2,70;98,20;0;-0,60;3,50;20;2,90;3,50;
2026-06-23 07:47:00.0;OFF;ON;50;3,70;5,50;3;2,70;98,20;0;-0,70;3,50;20;2,90;3,50;
2026-06-23 07:48:00.0;OFF;ON;50;3,70;5,60;3,10;2,70;98,20;0;-0,60;3,50;20;2,90;3,50;
2026-06-23 07:49:00.0;OFF;ON;50;3,70;5,60;3,10;2,70;98,20;0;-0,60;3,50;20;2,90;3,60;
2026-06-23 07:50:00.0;OFF;ON;50;3,50;5,60;3,10;2,70;98,30;0;-0,40;3,50;20;2,90;3,60;
2026-06-23 07:51:00.0;OFF;ON;50;3,60;5,60;3,10;2,60;98,20;0;-0,60;3,50;20;2,90;3,50;
2026-06-23 07:52:00.0;OFF;ON;50;3,70;5,60;3,10;2,60;98,30;0;-0,60;3,50;20;2,90;3,50;
2026-06-23 07:53:00.0;OFF;ON;50;3,70;5,60;3,10;2,60;98,30;0;-0,60;3,50;20;2,90;3,60;
2026-06-23 07:54:00.0;OFF;ON;50;3,60;5,60;3,10;2,60;98,30;0;-0,50;3,50;20;3;3,60;
2026-06-23 07:55:00.0;OFF;ON;50;3,70;5,60;3,10;2,60;98,30;0;-0,60;3,50;20;3;3,60;
2026-06-23 07:56:00.0;OFF;ON;50;3,60;5,60;3,10;2,60;98,30;0;-0,50;3,50;20;3;3,60;
2026-06-23 07:57:00.0;OFF;ON;50;3,80;5,70;3,20;2,60;98,30;0;-0,60;3,50;20;3;3,60;
2026-06-23 07:58:00.0;OFF;ON;50;3,80;5,70;3,20;2,60;98,30;0;-0,70;3,50;20;3;3,60;
2026-06-23 07:59:00.0;OFF;ON;50;3,70;5,70;3,20;2,60;98,30;0;-0,50;3,50;20;3;3,70;
2026-06-23 08:00:00.0;OFF;ON;50;3,80;5,70;3,20;2,60;98,30;0;-0,60;3,50;20;3;3,70;
2026-06-23 08:01:00.0;OFF;ON;50;3,80;5,70;3,20;2,60;98,30;0;-0,60;3,50;20;3;3,70;
2026-06-23 08:02:00.0;OFF;ON;50;3,80;5,70;3,20;2,60;98,30;0;-0,60;3,50;20;3,10;3,70;
2026-06-23 08:03:00.0;OFF;ON;50;4;5,80;3,30;2,40;98,30;2,30;-0,70;3,50;20;3,10;3,70;
2026-06-23 08:04:00.0;OFF;ON;50;3,90;5,80;3,30;1,90;98,30;0;-0,60;3,50;20;3,10;3,70;
2026-06-23 08:05:00.0;OFF;ON;50;4,10;5,80;3,30;1,60;98,30;0;-0,70;3,50;20;3,20;3,80;
2026-06-23 08:06:00.0;OFF;ON;50;4,10;5,80;3,30;1,40;98,30;0;-0,80;3,50;20;3,20;3,80;
2026-06-23 08:07:00.0;OFF;ON;50;4;5,90;3,40;1,20;98,30;0;-0,60;3,50;20;3,20;3,90;
2026-06-23 08:08:00.0;OFF;ON;50;4,10;5,90;3,40;1,30;98,30;0;-0,70;3,50;20;3,20;3,90;
2026-06-23 08:09:00.0;OFF;ON;50;4,10;5,90;3,40;1,40;98,30;0;-0,70;3,50;20;3,30;3,90;
2026-06-23 08:10:00.0;OFF;ON;50;4,10;5,90;3,40;1,30;98,30;0,50;-0,70;3,50;20;3,30;4;
2026-06-23 08:11:00.0;OFF;ON;50;4,20;6;3,50;1,20;98,30;0;-0,70;3,50;20;3,30;4;
2026-06-23 08:12:00.0;OFF;ON;50;4,30;6;3,50;1,30;98,30;0;-0,80;3,50;20;3,40;4;
2026-06-23 08:13:00.0;OFF;ON;50;4,40;6,10;3,60;1,30;98,30;0;-0,80;3,50;20;3,40;4,10;
2026-06-23 08:14:00.0;OFF;ON;50;4,40;6,10;3,60;1,20;98,30;0;-0,80;3,50;20;3,40;4,10;
2026-06-23 08:15:00.0;OFF;ON;50;4,40;6,10;3,60;1,10;98,30;0;-0,80;3,50;20;3,50;4,10;
2026-06-23 08:16:00.0;OFF;ON;50;4,40;6,20;3,70;1,20;98,30;0;-0,70;3,50;20;3,50;4,20;
2026-06-23 08:17:00.0;OFF;ON;50;4,40;6,20;3,70;1,20;98,30;0;-0,70;3,50;20;3,50;4,20;
2026-06-23 08:18:00.0;OFF;ON;50;4,50;6,20;3,70;1,20;98,30;0;-0,80;3,50;20;3,50;4,20;
2026-06-23 08:19:00.0;OFF;ON;50;4,50;6,30;3,80;1,20;98,30;0;-0,80;3,50;20;3,60;4,30;
2026-06-23 08:20:00.0;OFF;ON;50;4,50;6,30;3,80;1,30;98,30;0;-0,70;3,50;20;3,60;4,30;
2026-06-23 08:21:00.0;OFF;ON;50;4,60;6,30;3,80;1,30;98,30;0;-0,80;3,50;20;3,60;4,30;
2026-06-23 08:22:00.0;OFF;ON;50;4,60;6,30;3,80;1,30;98,30;0;-0,80;3,50;20;3,70;4,40;
2026-06-23 08:23:00.0;OFF;ON;50;4,70;6,40;3,90;1,30;98,30;0;-0,80;3,50;20;3,70;4,40;
2026-06-23 08:24:00.0;OFF;ON;50;4,70;6,40;3,90;1,40;98,30;0;-0,80;3,50;20;3,70;4,40;
2026-06-23 08:25:00.0;OFF;ON;50;4,80;6,40;3,90;1,50;98,30;0;-0,90;3,50;20;3,70;4,50;
2026-06-23 08:26:00.0;OFF;ON;50;4,70;6,40;3,90;1,60;98,30;0;-0,80;3,50;20;3,80;4,50;
2026-06-23 08:27:00.0;OFF;ON;50;4,80;6,50;4;1,60;98,30;0;-0,80;3,50;20;3,80;4,50;
2026-06-23 08:28:00.0;OFF;ON;50;4,80;2,10;4,10;1,90;98,30;0;-0,70;2;40,40;4;4,60;
2026-06-23 08:29:00.0;OFF;ON;50;4,80;2,20;4,20;2,10;98,30;0;-0,70;2;44,20;4;4,60;
2026-06-23 08:30:00.0;OFF;ON;50;5;2,20;4,20;1,90;98,30;0;-0,90;2;51,60;4;4,70;
2026-06-23 08:31:00.0;OFF;ON;50;5,10;2,20;4,20;1,90;98,30;0;-0,90;2;56,30;4;4,70;
2026-06-23 08:32:00.0;OFF;ON;50;5,10;2,20;4,20;1,90;98,30;0;-0,90;2;62,20;4;4,80;
2026-06-23 08:33:00.0;OFF;ON;50;5,20;2,20;4,20;1,80;98,30;0;-0,90;2;68,30;4,10;4,80;
2026-06-23 08:34:00.0;ON;OFF;50;5,20;2,30;4,30;1,90;98,30;0;-1;2;73,50;4,10;4,80;
2026-06-23 08:35:00.0;ON;OFF;50;5,20;2,30;4,30;1,90;98,30;0;-0,90;2;77,70;4,20;4,90;
2026-06-23 08:36:00.0;ON;OFF;50;5,20;2,30;4,30;2;98,30;0;-0,90;2;84,50;4,20;4,90;
2026-06-23 08:37:00.0;ON;OFF;50;5,30;2,40;4,40;2;98,30;0;-0,90;2;89,70;4,20;4,90;
2026-06-23 08:38:00.0;ON;OFF;50;5,30;2,40;4,40;2,10;98,30;0;-0,90;2;95,80;4,20;5;
2026-06-23 08:39:00.0;ON;OFF;50;5,30;2,40;4,40;2,10;98,30;0;-0,90;2;100;4,30;5;
2026-06-23 08:40:00.0;ON;OFF;50;5,30;2,60;4,60;4,90;98,30;0;-0,70;2;100;4,30;5;
2026-06-23 08:41:00.0;ON;OFF;50;5,40;2,60;4,60;3,50;98,30;0;-0,80;2;100;4,30;5,10;
2026-06-23 08:42:00.0;ON;OFF;50;5,40;2,70;4,70;2,80;98,30;0;-0,70;2;100;4,80;5,20;
2026-06-23 08:43:00.0;ON;OFF;50;5,50;2,80;4,80;2,70;98,30;0;-0,60;2;99,80;4,90;5,40;
2026-06-23 08:44:00.0;ON;OFF;50;5,60;2,90;4,90;2,70;98,30;0;-0,70;2;100;4,80;5,40;
2026-06-23 08:45:00.0;ON;OFF;50;5,60;2,90;4,90;2,80;98,30;0;-0,60;2;99,50;4,80;5,50;
2026-06-23 08:46:00.0;ON;OFF;50;5,70;3;5;3,20;98,30;0;-0,70;2;100;4,80;5,50;
2026-06-23 08:47:00.0;ON;OFF;50;5,80;3,10;5,10;3,60;98,30;0;-0,70;2;100;4,90;5,60;
2026-06-23 08:48:00.0;ON;OFF;50;5,70;3,10;5,10;3,60;98,30;0;-0,70;2;99,50;4,90;5,60;
2026-06-23 08:49:00.0;ON;OFF;50;5,90;3,10;5,10;3,10;98,30;0;-0,80;2;100;4,90;5,70;
2026-06-23 08:50:00.0;ON;OFF;50;5,80;3,10;5,10;3;98,30;0;-0,80;2;99,50;4,90;5,70;
2026-06-23 08:51:00.0;ON;OFF;50;5,90;3,10;5,10;2,90;98,30;0;-0,80;2;99,70;5;5,70;
2026-06-23 08:52:00.0;ON;OFF;50;6;3,10;5,10;2,90;98,30;0;-0,90;2;100;5;5,80;
2026-06-23 08:53:00.0;ON;OFF;50;6;3,10;5,10;2,80;98,30;0;-0,90;2;100;5,10;5,80;
2026-06-23 08:54:00.0;ON;OFF;50;6;3,30;5,30;2,80;98,30;0;-0,80;2;99,50;5,40;5,90;
2026-06-23 08:55:00.0;ON;OFF;50;6,20;3,40;5,40;2,90;98,30;0;-0,80;2;100;5,50;6;
2026-06-23 08:56:00.0;ON;OFF;50;6,10;3,50;5,50;3;98,30;0;-0,70;2;99,40;5,60;6,10;
2026-06-23 08:57:00.0;ON;OFF;50;6,20;3,50;5,50;3,10;98,30;0;-0,70;2;99,50;5,50;6,10;
2026-06-23 08:58:00.0;ON;OFF;50;5,90;3,60;5,60;3,20;98,30;0;-0,40;2;100;5,60;6,10;
2026-06-23 08:59:00.0;ON;OFF;50;5,60;3,60;5,60;3,20;98,30;0;0;2;99,20;5,60;6,10;
2026-06-23 09:00:00.0;ON;OFF;50;5,10;3,60;5,60;3,20;98,30;0;0,50;2;99,30;5,60;5,90;
2026-06-23 09:01:00.0;ON;OFF;50;3,60;3,40;5,40;3;98,30;0;1,80;2;93,40;5,50;5,50;
2026-06-23 09:02:00.0;ON;OFF;50;2,90;3,30;5,30;2,90;98,30;0;2,40;2;90;5,40;5,20;
2026-06-23 09:03:00.0;ON;OFF;50;1,70;2,90;4,90;2,50;98,30;0;3,20;2;83,90;5;4,50;
2026-06-23 09:04:00.0;ON;OFF;50;1;2,60;4,60;2,20;98,30;0;3,60;2;79;4,70;4;
2026-06-23 09:05:00.0;ON;OFF;50;1;2,40;4,40;1,90;98,30;0;3,30;2;78,10;4,50;3,40;
2026-06-23 09:06:00.0;ON;OFF;50;-0,10;1,90;3,90;1,20;98,30;0;4;2;70,20;4;2,90;
2026-06-23 09:07:00.0;ON;OFF;50;0,20;1,50;3,50;0,80;98,10;0;3,30;2;69,90;3,80;2,50;
2026-06-23 09:08:00.0;ON;OFF;50;0,40;1,30;3,30;0,50;98;0,20;2,90;2;70,90;3,60;2,10;
2026-06-23 09:09:00.0;ON;OFF;50;0,10;1,10;3,10;0,40;97,80;0;3;2;68,70;3,50;2,10;
2026-06-23 09:10:00.0;ON;OFF;50;-0,40;1,10;3,10;26,20;97,70;115,10;3,40;2;64,30;3,50;2;
2026-06-23 09:11:00.0;ON;OFF;50;-0,30;1;3;40,60;97,50;115,60;3,30;2;61,50;3,30;1,70;
2026-06-23 09:12:00.0;ON;OFF;50;0;0,90;2,90;41,40;97,40;115,70;3;2;61,50;3,10;1,50;
2026-06-23 09:13:00.0;ON;OFF;50;-0,10;0,90;2,90;41,80;97,40;115,70;3;2;59,50;3;1,40;
2026-06-23 09:14:00.0;ON;OFF;50;-0,20;0,90;2,90;42,10;97,50;115,70;3,10;2;56,90;3;1,40;
2026-06-23 09:15:00.0;ON;OFF;50;-0,30;1;3;42,30;97,70;115,70;3,30;2;53,80;3;1,40;
2026-06-23 09:16:00.0;ON;OFF;50;0,10;1,20;3,20;42,50;97,90;115,70;3,10;2;52,60;3;1,60;
2026-06-23 09:17:00.0;ON;OFF;50;0,50;1,30;3,30;42,60;98,10;115,70;2,80;2;52,50;3,10;1,70;
2026-06-23 09:18:00.0;ON;OFF;50;1;1,50;3,50;42,70;98,30;115,70;2,60;2;52,80;3,10;1,80;
2026-06-23 09:19:00.0;ON;OFF;50;1,10;1,60;3,60;42,70;98,30;115,70;2,50;2;52,40;3,20;2;
2026-06-23 09:20:00.0;ON;OFF;50;2,10;2;4;42,80;98,30;115,70;1,90;2;55,50;3,40;2,20;
2026-06-23 09:21:00.0;ON;OFF;50;2,30;2,20;4,20;42,80;98,30;115,70;1,90;2;55;3,70;2,70;
2026-06-23 09:22:00.0;ON;OFF;50;2,50;2,50;4,50;42,80;98,30;115,70;1,90;2;55,20;3,90;3;
2026-06-23 09:23:00.0;ON;OFF;50;2,60;2,70;4,70;42,80;98,30;115,70;2,10;2;54,40;4,20;3,40;
2026-06-23 09:24:00.0;ON;OFF;50;2,60;2,90;4,90;42,90;98,30;115,70;2,30;2;52,60;4,40;3,60;
2026-06-23 09:25:00.0;ON;OFF;50;3;3,10;5,10;42,90;98,30;115,70;2,10;2;54;4,60;3,60;
2026-06-23 09:26:00.0;ON;OFF;50;3,50;3,30;5,30;42,90;98,30;115,70;1,80;2;55,90;4,80;3,90;
2026-06-23 09:27:00.0;ON;OFF;50;3,60;3,50;5,50;42,90;98,30;115,70;2;2;55,30;5;4,20;
2026-06-23 09:28:00.0;ON;OFF;50;3,70;3,70;5,70;42,90;98,30;115,70;2;2;54,40;5,30;4,40;
2026-06-23 09:29:00.0;ON;OFF;50;3,30;4;6;42,90;98,30;115,70;2,70;2;49,20;5,70;4,60;
2026-06-23 09:30:00.0;ON;OFF;50;3,40;4,20;6,20;42,90;98,30;115,70;2,80;2;48;6;4,60;
2026-06-23 09:31:00.0;ON;OFF;50;3,30;4,30;6,30;42,90;98,30;115,70;3;2;45;6,10;4,70;
2026-06-23 09:32:00.0;ON;OFF;50;3,50;4,40;6,40;42,90;98,30;115,70;2,90;2;44,10;6,30;4,70;
2026-06-23 09:33:00.0;ON;OFF;50;4,10;4,60;6,60;42,90;98,30;115,70;2,50;2;45,60;6,40;4,90;
2026-06-23 09:34:00.0;ON;OFF;50;4,20;4,70;6,70;42,90;98,30;115,70;2,50;2;44,60;6,70;5,10;
2026-06-23 09:35:00.0;ON;OFF;50;4,50;5;7;42,90;98,30;115,70;2,50;2;43,70;6,70;5,40;
2026-06-23 09:36:00.0;ON;OFF;50;4,80;5,20;7,20;42,90;98,30;115,70;2,40;2;43,20;6,90;5,50;
2026-06-23 09:37:00.0;ON;OFF;50;4,80;5,30;7,30;42,90;98,30;115,70;2,50;2;41,80;7;5,70;
2026-06-23 09:38:00.0;ON;OFF;50;5,10;5,60;7,60;42,90;98,40;115,70;2,50;2;40,20;7,10;6;
2026-06-23 09:39:00.0;ON;OFF;50;5,10;5,80;7,80;42,90;98,40;115,70;2,70;2;38,20;7,30;6,10;
2026-06-23 09:40:00.0;ON;OFF;50;5,80;6;8;42,90;98,40;115,70;2,20;2;41;7,40;6,30;
2026-06-23 09:41:00.0;ON;OFF;50;6,80;6,30;8,30;42,90;98,40;115,70;1,40;2;46,10;7,70;6,80;
2026-06-23 09:42:00.0;ON;OFF;50;7,20;6,60;8,60;42,90;98,40;115,70;1,40;2;47,60;8;7,20;
2026-06-23 09:43:00.0;ON;OFF;50;7,60;6,90;8,90;42,90;98,40;115,70;1,30;2;49,30;8,40;7,70;
2026-06-23 09:44:00.0;ON;OFF;50;7,70;7,10;9,10;42,90;98,40;115,70;1,50;2;49,20;8,50;8;
2026-06-23 09:45:00.0;ON;OFF;50;7,80;7,40;9,40;42,90;98,40;115,70;1,60;2;49,50;8,80;8,30;
2026-06-23 09:46:00.0;ON;OFF;50;7,90;7,50;9,50;42,90;98,40;115,70;1,60;2;50,30;8,80;8,40;
2026-06-23 09:47:00.0;ON;OFF;50;7,80;7,50;9,50;42,90;98,40;115,70;1,70;2;49,90;8,80;8,40;
2026-06-23 09:48:00.0;ON;OFF;50;7,40;7,70;9,70;42,90;98,40;115,70;2,20;2;46,80;9;8,50;
2026-06-23 09:49:00.0;ON;OFF;50;7,30;7,70;9,70;42,90;98,40;115,70;2,40;2;45,50;9;8,40;
2026-06-23 09:50:00.0;ON;OFF;50;7,10;7,60;9,60;42,90;98,40;115,70;2,50;2;43,70;9;8,20;
2026-06-23 09:51:00.0;ON;OFF;50;7,10;7,60;9,60;42,80;98,40;115,70;2,50;2;42,50;8,90;8,10;
2026-06-23 09:52:00.0;ON;OFF;50;7;7,60;9,60;42,80;98,40;115,80;2,60;2;41,20;8,90;8;
2026-06-23 09:53:00.0;ON;OFF;50;7,40;7,50;9,50;42,80;98,40;115,80;2,10;2;43,70;8,80;8;
2026-06-23 09:54:00.0;ON;OFF;50;7,30;7,60;9,60;42,80;98,40;115,80;2,30;2;42,10;8,90;8,10;
2026-06-23 09:55:00.0;ON;OFF;50;7,20;7,60;9,60;42,80;98,40;115,70;2,40;2;41;8,90;8,20;
2026-06-23 09:56:00.0;ON;OFF;50;7,40;7,60;9,60;42,80;98,40;115,70;2,30;2;41,20;8,90;8,10;
2026-06-23 09:57:00.0;ON;OFF;50;7,40;7,60;9,60;42,80;98,40;115,80;2,20;2;40,70;8,90;8,20;
2026-06-23 09:58:00.0;ON;OFF;50;7,30;7,60;9,60;42,80;98,40;115,80;2,20;2;40;8,90;8,10;
2026-06-23 09:59:00.0;ON;OFF;50;7,40;7,60;9,60;42,70;98,40;115,80;2,20;2;39,90;8,90;8,20;
2026-06-23 10:00:00.0;ON;OFF;50;7,30;7,60;9,60;42,70;98,40;115,80;2,30;2;39,20;9;8,20;
2026-06-23 10:01:00.0;ON;OFF;50;7,30;7,60;9,60;42,70;98,40;115,80;2,30;2;38,70;8,90;8,20;
2026-06-23 10:02:00.0;ON;OFF;50;7,90;7,60;9,60;42,70;98,40;115,80;1,80;2;41,80;8,90;8,20;
2026-06-23 10:03:00.0;ON;OFF;50;8;7,60;9,60;42,70;98,50;115,80;1,60;2;43,50;8,90;8,40;
2026-06-23 10:04:00.0;ON;OFF;50;8,20;7,70;9,70;42,70;98,50;115,80;1,50;2;44,70;9;8,50;
2026-06-23 10:05:00.0;ON;OFF;50;8,40;7,80;9,80;42,60;98,50;115,80;1,40;2;46,30;9,10;8,60;
2026-06-23 10:06:00.0;ON;OFF;50;8,30;7,90;9,90;42,60;98,50;115,80;1,60;2;46,10;9,20;8,80;
2026-06-23 10:07:00.0;ON;OFF;50;8,40;7,90;9,90;42,60;98,50;115,80;1,50;2;47,40;9,30;8,80;
2026-06-23 10:08:00.0;ON;OFF;50;8,10;8;10;42,60;98,50;115,80;1,90;2;45,20;9,30;8,90;
2026-06-23 10:09:00.0;ON;OFF;50;8,50;8;10;42,60;98,50;115,80;1,60;2;47,60;9,30;8,80;
2026-06-23 10:10:00.0;ON;OFF;50;8,40;8,10;10,10;42,50;98,50;115,80;1,70;2;47,90;9,40;8,90;
2026-06-23 10:11:00.0;ON;OFF;50;8,30;8,10;10,10;42,50;98,50;115,80;1,90;2;47,20;9,40;8,90;
2026-06-23 10:12:00.0;ON;OFF;50;8,40;8,20;10,20;42,50;98,50;115,80;1,80;2;47,90;9,50;8,90;
2026-06-23 10:13:00.0;ON;OFF;50;8,40;8,30;10,30;42,50;98,50;115,80;1,80;2;47,90;9,50;8,90;
2026-06-23 10:14:00.0;ON;OFF;50;8,30;8,30;10,30;42,40;98,50;115,80;2;2;47,50;9,50;9;
2026-06-23 10:15:00.0;ON;OFF;50;8,20;8,40;10,40;42,40;98,50;115,80;2,20;2;45,50;9,60;9;
2026-06-23 10:16:00.0;ON;OFF;50;8,20;8,50;10,50;42,40;98,50;115,80;2,30;2;44,90;9,70;9;
2026-06-23 10:17:00.0;ON;OFF;50;7,90;8,50;10,50;42,40;98,50;115,70;2,60;2;42;9,60;9;
2026-06-23 10:18:00.0;ON;OFF;50;8,70;8,50;10,50;42,30;98,50;115,70;1,80;2;46,80;9,60;8,90;
2026-06-23 10:19:00.0;ON;OFF;50;9;8,60;10,60;42,30;98,50;115,70;1,60;2;48,70;9,80;9,20;
2026-06-23 10:20:00.0;ON;OFF;50;9;8,80;10,80;42,30;98,50;115,70;1,80;2;47,80;9,90;9,30;
2026-06-23 10:21:00.0;ON;OFF;50;9,10;8,90;10,90;42,20;98,50;115,70;1,80;2;48,70;10;9,50;
2026-06-23 10:22:00.0;ON;OFF;50;9,20;9,10;11,10;42,20;98,50;115,70;1,90;2;48,40;10,10;9,60;
2026-06-23 10:23:00.0;ON;OFF;50;9,30;9,20;11,20;42,20;98,50;115,70;1,90;2;48,20;10,30;9,70;
2026-06-23 10:24:00.0;ON;OFF;50;8,80;9,30;11,30;42,20;98,50;115,50;2,50;2;43,50;10,40;9,70;
2026-06-23 10:25:00.0;ON;OFF;50;8,70;9,40;11,40;42,10;98,50;115,50;2,70;2;42,20;10,50;9,60;
2026-06-23 10:26:00.0;ON;OFF;50;8,60;9,40;11,40;42,10;98,50;115,50;2,80;2;40,30;10,50;9,60;
2026-06-23 10:27:00.0;ON;OFF;50;8,80;9,40;11,40;42,10;98,50;115,50;2,60;2;39,20;10,50;9,50;
2026-06-23 10:28:00.0;ON;OFF;50;8,80;9,50;11,50;42;98,50;115,50;2,70;2;38;10,40;9,50;
2026-06-23 10:29:00.0;ON;OFF;50;9;9,50;11,50;42;98,50;115,50;2,60;2;38;10,30;9,50;
2026-06-23 10:30:00.0;ON;OFF;50;9,20;9,60;11,60;42;98,50;115,50;2,30;2;38,30;10,50;9,60;
2026-06-23 10:31:00.0;ON;OFF;50;9,10;9,60;11,60;41,90;98,50;115,50;2,50;2;37;10,60;9,80;
2026-06-23 10:32:00.0;ON;OFF;50;9,90;9,90;11,90;41,90;98,50;115,50;1,90;2;40,10;10,70;9,90;
2026-06-23 10:33:00.0;ON;OFF;50;10;10;12;41,90;98,50;115,50;2;2;39,30;11;10,20;
2026-06-23 10:34:00.0;ON;OFF;50;10,20;10,20;12,20;41,80;98,50;115,50;2;2;39,20;11,20;10,50;
2026-06-23 10:35:00.0;ON;OFF;50;10,50;10,30;12,30;41,80;98,50;115,50;1,80;2;41,10;11,30;10,70;
2026-06-23 10:36:00.0;ON;OFF;50;10,50;10,50;12,50;41,80;98,50;115,50;2,10;2;39,40;11,70;10,90;
2026-06-23 10:37:00.0;ON;OFF;50;10,50;10,70;12,70;41,70;98,50;115,50;2,20;2;38,40;12;11,20;
2026-06-23 10:38:00.0;ON;OFF;50;10,40;10,90;12,90;41,70;98,50;115,60;2,50;2;35,90;12,30;11,30;
2026-06-23 10:39:00.0;ON;OFF;50;10,80;11;13;41,60;98,50;115,50;2,20;2;37,70;12,30;11,30;
2026-06-23 10:40:00.0;ON;OFF;50;10,60;11,10;13,10;41,60;98,50;115,50;2,50;2;35,10;12,40;11,50;
2026-06-23 10:41:00.0;ON;OFF;50;10,90;11,20;13,20;41,60;98,50;115,50;2,30;2;35,90;12,40;11,50;
2026-06-23 10:42:00.0;ON;OFF;50;11;11,40;13,40;41,50;98,50;115,50;2,30;2;34,60;12,70;11,60;
2026-06-23 10:43:00.0;ON;OFF;50;11,10;11,40;13,40;41,50;98,50;115,50;2,40;2;33,50;12,70;11,70;
2026-06-23 10:44:00.0;ON;OFF;50;11,40;11,60;13,60;41,50;98,50;115,50;2,20;2;34,30;12,80;11,80;
2026-06-23 10:45:00.0;ON;OFF;50;11,90;11,70;13,70;41,40;98,50;115,50;1,80;2;36,40;13;12,10;
2026-06-23 10:46:00.0;ON;OFF;50;12,10;11,90;13,90;41,40;98,50;115,60;1,80;2;36,90;13,30;12,50;
2026-06-23 10:47:00.0;ON;OFF;50;12,40;12;14;41,40;98,50;115,60;1,60;2;38,30;13,30;12,50;
2026-06-23 10:48:00.0;ON;OFF;50;12,40;12,20;14,20;41,30;98,50;115,60;1,70;2;38,40;13,40;12,80;
2026-06-23 10:49:00.0;ON;OFF;50;12,60;12,30;14,30;41,30;98,50;115,40;1,70;2;39,90;13,60;12,90;
2026-06-23 10:50:00.0;ON;OFF;50;12,90;12,50;14,50;41,20;98,50;115,40;1,60;2;40,90;13,80;13,20;
2026-06-23 10:51:00.0;ON;OFF;50;12,90;12,50;14,50;41,20;98,50;115,40;1,60;2;41,20;13,80;13,20;
2026-06-23 10:52:00.0;ON;OFF;50;12,80;12,70;14,70;41,10;98,50;115,40;1,90;2;40,10;14;13,40;
2026-06-23 10:53:00.0;ON;OFF;50;13,10;12,80;14,80;41,10;98,50;115,40;1,60;2;42,10;14,20;13,40;
2026-06-23 10:54:00.0;ON;OFF;50;13,30;12,90;14,90;41;98,60;115,40;1,60;2;43;14,30;13,60;
2026-06-23 10:55:00.0;ON;OFF;50;13,20;12,90;14,90;41;98,60;115,40;1,70;2;42,70;14,40;13,70;
2026-06-23 10:56:00.0;ON;OFF;50;13,40;13,10;15,10;41;98,60;115,40;1,70;2;43,40;14,50;13,80;
2026-06-23 10:57:00.0;ON;OFF;50;13,20;13,20;15,20;40,90;98,60;115,40;2;2;42,20;14,70;13,90;
2026-06-23 10:58:00.0;ON;OFF;50;13,50;13,20;15,20;40,90;98,60;115,40;1,70;2;43,80;14,80;13,90;
2026-06-23 10:59:00.0;ON;OFF;50;13,30;13,40;15,40;40,80;98,60;115,40;2,10;2;41,90;14,80;14;
2026-06-23 11:00:00.0;ON;OFF;50;13,50;13,50;15,50;40,80;98,60;115,40;2;2;41,90;15;14;
2026-06-23 11:01:00.0;ON;OFF;50;13,40;13,60;15,60;40,70;98,60;115,40;2,10;2;41,10;15;14,10;
2026-06-23 11:02:00.0;ON;OFF;50;13,80;13,60;15,60;40,70;98,60;115,40;1,80;2;43,30;15,10;14,10;
2026-06-23 11:03:00.0;ON;OFF;50;13,90;13,70;15,70;40,60;98,60;115,40;1,80;2;43,90;15,20;14,30;
2026-06-23 11:04:00.0;ON;OFF;50;14;13,80;15,80;40,60;98,60;115,40;1,80;2;44,10;15,40;14,40;
2026-06-23 11:05:00.0;ON;OFF;50;14;13,90;15,90;40,50;98,60;115,40;1,90;2;43,80;15,50;14,50;
2026-06-23 11:06:00.0;ON;OFF;50;14,40;14,10;16,10;40,50;98,60;115,40;1,70;2;45,30;15,70;14,60;
2026-06-23 11:07:00.0;ON;OFF;50;14,40;14,20;16,20;40,40;98,60;115,40;1,70;2;45,40;15,90;14,80;
2026-06-23 11:08:00.0;ON;OFF;50;14,30;14,30;16,30;40,40;98,60;115,40;2;2;44,30;16;14,90;
2026-06-23 11:09:00.0;ON;OFF;50;14,40;14,40;16,40;40,40;98,60;115,40;2;2;44,40;16,10;14,90;
2026-06-23 11:10:00.0;ON;OFF;50;14,20;14,60;16,60;40,30;98,60;115,50;2,40;2;40,70;16,40;15,10;
2026-06-23 11:11:00.0;ON;OFF;50;14,40;14,60;16,60;40,30;98,60;115,50;2,30;2;41,60;16,40;15,10;
2026-06-23 11:12:00.0;ON;OFF;50;14,30;14,70;16,70;40,20;98,60;115,50;2,30;2;40;16,40;15,10;
2026-06-23 11:13:00.0;ON;OFF;50;14,30;14,70;16,70;40,10;98,60;115,50;2,40;2;38,90;16,40;15,10;
2026-06-23 11:14:00.0;ON;OFF;50;14,10;14,70;16,70;40,10;98,60;115,50;2,60;2;37,10;16,40;15,10;
2026-06-23 11:15:00.0;ON;OFF;50;14,40;14,70;16,70;40;98,60;115,50;2,30;2;37,40;16,50;15;
2026-06-23 11:16:00.0;ON;OFF;50;14,30;14,80;16,80;40;98,60;115,50;2,50;2;35,50;16,50;15,10;
2026-06-23 11:17:00.0;ON;OFF;50;14,40;14,80;16,80;39,90;98,60;115,50;2,40;2;34,70;16,60;15,10;
2026-06-23 11:18:00.0;ON;OFF;50;14,50;14,90;16,90;39,90;98,60;115,50;2,40;2;34,20;16,70;15,30;
2026-06-23 11:19:00.0;ON;OFF;50;14,60;14,90;16,90;39,80;98,60;115,50;2,40;2;33,70;16,80;15,30;
2026-06-23 11:20:00.0;ON;OFF;50;14,90;15;17;39,80;98,60;115,50;2,10;2;35,30;17;15,50;
2026-06-23 11:21:00.0;ON;OFF;50;14,90;15;17,10;39,80;98,70;115,40;2,30;2;34,60;17,20;15,70;
2026-06-23 11:22:00.0;ON;OFF;50;15,10;15;17,10;39,70;98,70;115,30;2;2;36,40;17,20;15,80;
2026-06-23 11:23:00.0;ON;OFF;50;14,90;15;17,20;39,70;98,70;115,40;2,30;2;34,80;17,40;16;
2026-06-23 11:24:00.0;ON;OFF;50;15;15;17,30;39,60;98,70;115,40;2,30;2;35;17,40;16;
2026-06-23 11:25:00.0;ON;OFF;50;15;15;17,40;39,60;98,70;115,40;2,50;2;35,60;17,70;16,10;
2026-06-23 11:26:00.0;ON;OFF;50;15;15;17,40;39,60;98,70;115,40;2,50;2;35,60;17,70;16,10;
2026-06-23 11:27:00.0;ON;OFF;50;14,20;10,50;17,50;39,50;98,70;115,40;3,30;7;62,30;17,70;16,40;
2026-06-23 11:28:00.0;ON;OFF;50;13,80;10,80;17,80;39,50;98,70;115,40;4;7;61,50;17,80;16,60;
2026-06-23 11:29:00.0;ON;OFF;50;13,20;10,70;17,70;39,40;98,70;115,40;4,40;7;65,40;17,60;16,20;
2026-06-23 11:30:00.0;ON;OFF;50;12,90;10,70;17,70;39,40;98,70;115,40;4,80;7;67,30;17,60;16;
2026-06-23 11:31:00.0;ON;OFF;50;12,10;10,60;17,60;39,30;98,70;115,40;5,50;7;66,40;17,60;15,80;
2026-06-23 11:32:00.0;ON;OFF;50;12;10,50;17,50;39,30;98,70;115,40;5,50;7;69;17,50;15,60;
2026-06-23 11:33:00.0;OFF;ON;70;11,60;10,40;17,40;39,20;98,70;115,40;5,80;7;69,70;17,50;15,40;
2026-06-23 11:34:00.0;OFF;ON;70;11,30;10,20;17,20;39,20;98,70;115,40;6;7;70,60;17,40;15,30;
2026-06-23 11:35:00.0;OFF;ON;70;10,70;10,10;17,10;39,10;98,70;115,30;6,40;7;70,10;17,30;15,10;
2026-06-23 11:36:00.0;OFF;ON;70;10,30;10,10;17,10;39,10;98,70;115,30;6,80;7;68,40;17,20;15;
2026-06-23 11:37:00.0;OFF;ON;70;10,10;9,90;16,90;39;98,70;115,30;6,80;7;68,70;17,10;14,80;
2026-06-23 11:38:00.0;OFF;ON;70;9,90;9,80;16,80;39;98,70;115,30;6,90;7;68,40;17;14,60;
2026-06-23 11:39:00.0;OFF;ON;70;9,70;9,60;16,60;38,90;98,70;115,30;7;7;67,70;16,90;14,40;
2026-06-23 11:40:00.0;OFF;ON;70;9,30;9,50;16,50;38,90;98,70;115,40;7,20;7;66,90;16,70;14,20;
2026-06-23 11:41:00.0;OFF;ON;70;9,30;9,40;16,40;38,80;98,70;115,40;7,20;7;66,80;16,70;14,10;
2026-06-23 11:42:00.0;OFF;ON;70;9,30;9,30;16,30;38,80;98,70;115,40;7;7;67,10;16,50;13,90;
2026-06-23 11:43:00.0;OFF;ON;70;9,10;9,20;16,20;38,70;98,70;115,40;7,20;7;66,40;16,50;13,90;
2026-06-23 11:44:00.0;OFF;ON;70;9;9,10;16,10;38,70;98,70;115,40;7,10;7;66,90;16,30;13,80;
2026-06-23 11:45:00.0;OFF;ON;70;8,90;9;16;38,60;98,70;115,40;7,10;7;66,70;16,20;13,70;
2026-06-23 11:46:00.0;OFF;ON;70;8,80;8,90;15,90;38,60;98,70;115,40;7,10;7;65,90;16,30;13,60;
2026-06-23 11:47:00.0;OFF;ON;70;8,60;8,80;15,80;38,50;98,70;115,40;7,20;7;65,20;16;13,50;
2026-06-23 11:48:00.0;OFF;ON;70;8,50;8,70;15,70;38,50;98,70;115,40;7,20;7;64,90;16;13,40;
2026-06-23 11:49:00.0;OFF;ON;70;8,60;8,60;15,60;38,40;98,70;115,40;7,10;7;65,50;15,90;13,40;
2026-06-23 11:50:00.0;OFF;ON;70;8,30;8,50;15,50;38,40;98,70;115,40;7,20;7;64,30;15,70;13,20;
2026-06-23 11:51:00.0;OFF;ON;70;8,20;8,40;15,40;38,30;98,70;115,40;7,20;7;64;15,60;13,20;
2026-06-23 11:52:00.0;OFF;ON;70;8,30;8,40;15,40;38,30;98,70;115,40;7,10;7;64,60;15,50;13;
2026-06-23 11:53:00.0;OFF;ON;70;8,20;8,30;15,30;38,20;98,70;115,40;7,10;7;64,10;15,50;13;
2026-06-23 11:54:00.0;OFF;ON;70;8,10;8,20;15,20;38,20;98,70;115,30;7,10;7;64;15,30;12,90;
2026-06-23 11:55:00.0;OFF;ON;70;8,10;8,10;15,10;38,10;98,70;115,30;7,10;7;63,80;15,30;12,90;
2026-06-23 11:56:00.0;OFF;ON;70;8;8,10;15,10;38,10;98,70;115,40;7;7;63,50;15,20;12,80;
2026-06-23 11:57:00.0;OFF;ON;70;7,80;8;15;38;98,70;115,30;7,20;7;62,80;15,10;12,70;
2026-06-23 11:58:00.0;OFF;ON;70;7,90;8;15;38;98,70;115,30;7,10;7;63,40;15,20;12,70;
2026-06-23 11:59:00.0;OFF;ON;70;7,90;7,90;14,90;37,90;98,60;115,30;7;7;63;15;12,60;
2026-06-23 12:00:00.0;OFF;ON;70;7,70;7,80;14,80;37,90;98,60;115,30;7,10;7;62,80;14,90;12,60;
2026-06-23 12:01:00.0;OFF;ON;70;7,80;7,80;14,80;37,80;98,60;115,30;7;7;62,80;14,80;12,50;
2026-06-23 12:02:00.0;OFF;ON;70;7,70;7,70;14,70;37,80;98,70;115,30;7;7;62,50;14,90;12,40;
2026-06-23 12:03:00.0;OFF;ON;70;7,60;7,60;14,60;37,70;98,70;115,30;7;7;62,50;14,80;12,40;
2026-06-23 12:04:00.0;OFF;ON;70;7,60;7,60;14,60;37,70;98,70;115,40;7;7;62,40;14,70;12,30;
2026-06-23 12:05:00.0;OFF;ON;70;7,50;7,50;14,50;37,60;98,70;115,40;7;7;62,30;14,60;12,20;
2026-06-23 12:06:00.0;OFF;ON;70;7,40;7,50;14,50;37,50;98,70;115,40;7,10;7;62,20;14,60;12,20;
2026-06-23 12:07:00.0;OFF;ON;70;7,40;7,40;14,40;37,50;98,70;115,30;7;7;61,80;14,50;12,20;
2026-06-23 12:08:00.0;OFF;ON;70;7,40;7,30;14,30;37,40;98,70;115,30;7;7;62,70;14,40;12;
2026-06-23 12:09:00.0;OFF;ON;70;7,20;7,30;14,30;37,40;98,70;115,30;7;7;61,90;14,40;12;
2026-06-23 12:10:00.0;OFF;ON;70;7,30;7,20;14,20;37,30;98,70;115,30;6,90;7;62,80;14,30;12;
2026-06-23 12:11:00.0;OFF;ON;70;7,20;7,20;14,20;37,30;98,70;115,30;7;7;62,60;14,30;11,90;
2026-06-23 12:12:00.0;OFF;ON;70;7,10;7,10;14,10;37,20;98,60;115,30;7,10;7;61,70;14,30;11,90;
2026-06-23 12:13:00.0;OFF;ON;70;7,20;7,10;14,10;37,20;98,60;115,30;6,90;7;62,90;14,20;11,80;
2026-06-23 12:14:00.0;OFF;ON;70;7;7;14;37,10;98,60;115,40;7;7;62,80;14,20;11,80;
2026-06-23 12:15:00.0;OFF;ON;70;7,10;7;14;37,10;98,60;115,30;6,90;7;63,30;14,10;11,70;
2026-06-23 12:16:00.0;OFF;ON;70;6,90;6,90;13,90;37;98,60;115,40;7;7;63,10;14,10;11,70;
2026-06-23 12:17:00.0;OFF;ON;70;6,90;6,90;13,90;37;98,60;115,40;7;7;63,20;14,10;11,60;
2026-06-23 12:18:00.0;OFF;ON;70;7;6,80;13,80;36,90;98,60;115,20;6,90;7;63,50;13,90;11,60;
2026-06-23 12:19:00.0;OFF;ON;70;6,80;6,80;13,80;36,90;98,60;115,30;7;7;63,30;13,80;11,50;
2026-06-23 12:20:00.0;OFF;ON;70;6,70;6,80;13,80;36,80;98,60;115,30;7,10;7;62,10;13,90;11,40;
2026-06-23 12:21:00.0;OFF;ON;70;6,80;6,70;13,70;36,80;98,60;115,30;6,90;7;63,20;13,80;11,30;
2026-06-23 12:22:00.0;OFF;ON;70;6,60;6,60;13,60;36,70;98,60;115,20;7;7;63,30;13,70;11,30;
2026-06-23 12:23:00.0;OFF;ON;70;6,70;6,60;13,60;36,60;98,60;115,20;6,90;7;63,50;13,60;11,20;
2026-06-23 12:24:00.0;OFF;ON;70;6,60;6,50;13,50;36,60;98,60;115,30;7;7;62,40;13,60;11,20;
2026-06-23 12:25:00.0;OFF;ON;70;6,40;6,50;13,50;36,50;98,60;115,30;7,10;7;62,50;13,50;11,10;
2026-06-23 12:26:00.0;OFF;ON;70;6,40;6,40;13,40;36,50;98,60;115,40;7;7;62,40;13,50;11,10;
2026-06-23 12:27:00.0;OFF;ON;70;6,30;6,40;13,40;36,40;98,60;115,20;7,10;7;62,40;13,50;11;
2026-06-23 12:28:00.0;OFF;ON;70;6,30;6,30;13,30;36,40;98,60;115,20;7;7;62,50;13,40;11;
2026-06-23 12:29:00.0;OFF;ON;70;6,30;6,30;13,30;36,30;98,60;115,20;7;7;62,40;13,30;10,90;
2026-06-23 12:30:00.0;OFF;ON;70;6,20;6,20;13,20;36,30;98,60;115,20;7;7;62,30;13,30;10,80;
2026-06-23 12:31:00.0;OFF;ON;70;6,20;6,20;13,20;36,20;98,60;115,20;7;7;62,40;13,20;10,70;
2026-06-23 12:32:00.0;OFF;ON;70;6,20;6,10;13,10;36,20;98,60;115,20;7;7;62,30;13,20;10,70;
2026-06-23 12:33:00.0;OFF;ON;70;6,10;6,10;13,10;36,10;98,60;115,30;6,90;7;63;13,10;10,60;
2026-06-23 12:34:00.0;OFF;ON;70;6;6;13;36,10;98,60;115,20;7;7;63,10;13,10;10,60;
2026-06-23 12:35:00.0;OFF;ON;70;5,90;6;13;36;98,60;115,20;7,10;7;61,80;13,10;10,60;
2026-06-23 12:36:00.0;OFF;ON;70;5,90;5,90;12,90;36;98,60;115,20;7;7;61,90;13,10;10,50;
2026-06-23 12:37:00.0;OFF;ON;70;5,80;5,90;12,90;35,90;98,60;115,20;7,10;7;61,90;13;10,40;
2026-06-23 12:38:00.0;OFF;ON;70;5,80;5,80;12,80;35,80;98,60;115,20;7;7;62,80;12,90;10,40;
2026-06-23 12:39:00.0;OFF;ON;70;5,90;5,80;12,80;35,80;98,60;115,30;7;7;61,80;12,90;10,30;
2026-06-23 12:40:00.0;OFF;ON;70;5,70;5,70;12,70;35,70;98,60;115,20;7;7;62,70;12,80;10,30;
2026-06-23 12:41:00.0;OFF;ON;70;5,70;5,70;12,70;35,70;98,60;115,20;7;7;61,60;12,70;10,20;
2026-06-23 12:42:00.0;OFF;ON;70;5,70;5,60;12,60;35,60;98,60;115,20;7;7;62,60;12,70;10,20;
2026-06-23 12:43:00.0;OFF;ON;70;5,60;5,60;12,60;35,60;98,60;115,20;6,90;7;62,70;12,60;10,10;
2026-06-23 12:44:00.0;OFF;ON;70;5,60;5,50;12,50;35,50;98,60;115,20;7;7;61,80;12,50;10,10;
2026-06-23 12:45:00.0;OFF;ON;70;5,50;5,50;12,50;35,50;98,60;115,20;7;7;62,60;12,50;10;
2026-06-23 12:46:00.0;OFF;ON;70;5,50;5,40;12,40;35,40;98,60;115,20;6,90;7;62,80;12,40;9,90;
2026-06-23 12:47:00.0;OFF;ON;70;5,40;5,40;12,40;35,40;98,60;115,20;7;7;62,60;12,40;9,90;
2026-06-23 12:48:00.0;OFF;ON;70;5,40;5,30;12,30;35,30;98,60;115,20;7;7;62,70;12,40;9,80;
2026-06-23 12:49:00.0;OFF;ON;70;5,30;5,30;12,30;35,30;98,60;115,20;7;7;61,90;12,40;9,80;
2026-06-23 12:50:00.0;OFF;ON;70;5,30;5,20;12,20;35,20;98,60;115,20;7;7;62,70;12,20;9,80;
2026-06-23 12:51:00.0;OFF;ON;70;5,20;5,20;12,20;35,10;98,60;115,20;7;7;62,80;12,20;9,70;
2026-06-23 12:52:00.0;OFF;ON;70;5,30;5,20;12,20;35,10;98,60;115,20;6,90;7;63,20;12,20;9,70;
2026-06-23 12:53:00.0;OFF;ON;70;5,10;5,10;12,10;35;98,60;115,20;7;7;63,10;12,20;9,70;
2026-06-23 12:54:00.0;OFF;ON;70;5,20;5,10;12,10;35;98,60;115,20;6,90;7;63,50;12,10;9,60;
2026-06-23 12:55:00.0;OFF;ON;70;5,10;5;12;34,90;98,60;115,20;6,90;7;63,80;12;9,50;
2026-06-23 12:56:00.0;OFF;ON;70;5,40;6;12;34,90;98,60;115,20;6,50;6;59;12;9,60;
2026-06-23 12:57:00.0;OFF;ON;70;5,70;6;12;34,80;98,60;115,20;6,30;6;59,40;12;9,80;
2026-06-23 12:58:00.0;OFF;ON;70;5,60;6;12;34,80;98,60;115,20;6,40;6;58,30;12;9,80;
2026-06-23 12:59:00.0;OFF;ON;70;5,60;6;12;34,80;98,60;115,20;6,40;6;57,30;12;9,90;
2026-06-23 13:00:00.0;OFF;ON;70;5,90;6;12;34,70;98,60;115,20;6,20;6;58,40;12,10;9,90;
2026-06-23 13:01:00.0;OFF;ON;70;5,90;6;12;34,70;98,60;115,20;6,10;6;58;12;9,90;
2026-06-23 13:02:00.0;OFF;ON;75;6;6;12;34,60;98,60;115,20;6;6;58,10;12;9,90;
2026-06-23 13:03:00.0;OFF;ON;75;5,80;6;12;34,60;98,60;115,20;6,20;6;57,10;12;9,90;
2026-06-23 13:04:00.0;OFF;ON;75;5,90;6;12;34,50;98,60;115,20;6,10;6;57,30;11,90;9,90;
2026-06-23 13:05:00.0;OFF;ON;75;6;6;12;34,50;98,60;115,20;5,90;6;58,20;11,90;9,90;
2026-06-23 13:06:00.0;OFF;ON;75;5,80;5,90;11,90;34,40;98,60;115,20;6,10;6;56,80;11,80;9,90;
2026-06-23 13:07:00.0;OFF;ON;75;5,80;6;12;34,40;98,60;115,20;6,20;6;56,30;12,10;9,90;
2026-06-23 13:08:00.0;OFF;ON;75;5,80;5,90;11,90;34,30;98,60;115,20;6,10;6;56,50;11,90;9,90;
2026-06-23 13:09:00.0;OFF;ON;75;5,90;5,90;11,90;34,30;98,60;115,10;5,90;6;57,70;11,80;9,80;
2026-06-23 13:10:00.0;OFF;ON;75;5,90;5,90;11,90;34,30;98,60;115,10;6;6;56,70;11,90;9,80;
2026-06-23 13:11:00.0;OFF;ON;75;5,80;5,80;11,80;34,20;98,60;115,10;6;6;57,70;11,80;9,80;
2026-06-23 13:12:00.0;OFF;ON;75;5,70;5,80;11,80;34,20;98,60;115,10;6;6;57,70;11,70;9,80;
2026-06-23 13:13:00.0;OFF;ON;75;5,80;5,80;11,80;34,10;98,60;115,10;5,90;6;57,50;11,70;9,80;
2026-06-23 13:14:00.0;OFF;ON;75;5,70;5,70;11,70;34,10;98,60;115,10;6;6;56,80;11,70;9,70;
2026-06-23 13:15:00.0;OFF;ON;75;5,70;5,70;11,70;34;98,60;115,10;6;6;57,60;11,60;9,70;
2026-06-23 13:16:00.0;OFF;ON;75;5,60;5,70;11,70;34;98,60;115,10;6;6;57,60;11,60;9,70;
2026-06-23 13:17:00.0;OFF;ON;75;5,60;5,60;11,60;33,90;98,60;115,10;6;6;57,60;11,60;9,70;
2026-06-23 13:18:00.0;OFF;ON;75;5,70;5,60;11,60;33,90;98,60;115,10;5,90;6;57,90;11,60;9,70;
2026-06-23 13:19:00.0;OFF;ON;75;5,60;5,60;11,60;33,80;98,60;115,10;6;6;56,70;11,60;9,60;
2026-06-23 13:20:00.0;OFF;ON;75;5,50;5,60;11,60;33,80;98,60;115,10;6,10;6;56,70;11,50;9,60;
2026-06-23 13:21:00.0;OFF;ON;75;5,60;5,50;11,50;33,80;98,60;115,10;5,90;6;57,80;11,50;9,50;
2026-06-23 13:22:00.0;OFF;ON;75;5,40;5,50;11,50;33,70;98,60;115,10;6,10;6;56,70;11,50;9,50;
2026-06-23 13:23:00.0;OFF;ON;75;5,50;5,50;11,50;33,60;98,60;115,10;6;6;56,80;11,40;9,50;
2026-06-23 13:24:00.0;OFF;ON;75;5,40;5,40;11,40;33,60;98,60;115,10;6;6;57,60;11,40;9,50;
2026-06-23 13:25:00.0;OFF;ON;75;5,40;5,40;11,40;33,60;98,60;115,10;6;6;57,70;11,30;9,40;
2026-06-23 13:26:00.0;OFF;ON;75;5,40;5,40;11,40;33,50;98,60;115,10;6;6;57,80;11,40;9,40;
2026-06-23 13:27:00.0;OFF;ON;75;5,50;5,30;11,30;33,50;98,60;115,10;5,90;6;58,40;11,30;9,40;
2026-06-23 13:28:00.0;OFF;ON;75;5,30;5,30;11,30;33,40;98,60;115,10;6;6;58;11,30;9,40;
2026-06-23 13:29:00.0;OFF;ON;75;5,40;5,20;11,20;33,40;98,60;115,10;5,90;6;58,30;11,20;9,30;
2026-06-23 13:30:00.0;OFF;ON;75;5,20;5,20;11,20;33,30;98,60;115,10;6;6;58,30;11,20;9,30;
2026-06-23 13:31:00.0;OFF;ON;75;5,40;5,20;11,20;33,30;98,60;115,10;5,80;6;58,70;11,20;9,30;
2026-06-23 13:32:00.0;OFF;ON;75;5,20;5,20;11,20;33,20;98,60;115,10;6;6;58,70;11,10;9,30;
2026-06-23 13:33:00.0;OFF;ON;75;5,30;5,10;11,10;33,20;98,60;115,10;5,90;6;59,30;11,10;9,20;
2026-06-23 13:34:00.0;OFF;ON;75;5,10;5,10;11,10;33,10;98,60;115,10;6;6;59,20;11;9,20;
2026-06-23 13:35:00.0;OFF;ON;75;5,20;5,10;11,10;33,10;98,60;115,10;5,90;6;60;11;9,10;
2026-06-23 13:36:00.0;OFF;ON;75;5,20;5;11;33;98,60;115,10;5,80;6;59,50;10,90;9,10;
2026-06-23 13:37:00.0;OFF;ON;75;5,20;5;11;33;98,60;115,10;5,80;6;60;10,90;9,10;
2026-06-23 13:38:00.0;OFF;ON;75;5,10;5;11;33;98,60;115,10;5,90;6;61,10;10,90;9,10;
2026-06-23 13:39:00.0;OFF;ON;75;5,10;4,90;10,90;32,90;98,60;115,10;5,80;6;61,40;10,90;9;
2026-06-23 13:40:00.0;OFF;ON;75;5;4,90;10,90;32,90;98,60;115,10;5,90;6;61,40;10,80;9;
2026-06-23 13:41:00.0;OFF;ON;75;5;4,80;10,80;32,80;98,60;115,10;5,90;6;62,10;10,80;8,90;
2026-06-23 13:42:00.0;OFF;ON;75;4,90;4,80;10,80;32,80;98,60;115,10;5,90;6;62,70;10,70;8,90;
2026-06-23 13:43:00.0;OFF;ON;75;5;4,80;10,80;32,70;98,60;115,10;5,70;6;62,20;10,70;8,90;
2026-06-23 13:44:00.0;OFF;ON;75;4,90;4,70;10,70;32,70;98,60;115;5,80;6;62,80;10,70;8,90;
2026-06-23 13:45:00.0;OFF;ON;75;5;4,70;10,70;32,60;98,60;115;5,70;6;64;10,70;8,90;
2026-06-23 13:46:00.0;OFF;ON;75;4,80;4,70;10,70;32,60;98,60;115;5,80;6;64,60;10,60;8,80;
2026-06-23 13:47:00.0;OFF;ON;75;4,80;4,60;10,60;32,50;98,60;115;5,80;6;64,40;10,60;8,80;
2026-06-23 13:48:00.0;OFF;ON;75;4,80;4,60;10,60;32,50;98,60;115;5,80;6;65,40;10,50;8,80;
2026-06-23 13:49:00.0;OFF;ON;75;4,90;4,60;10,60;32,40;98,60;115;5,70;6;64,80;10,40;8,70;
2026-06-23 13:50:00.0;OFF;ON;75;4,70;4,50;10,50;32,40;98,60;115;5,80;6;66,10;10,50;8,70;
2026-06-23 13:51:00.0;OFF;ON;75;4,70;4,50;10,50;32,40;98,60;115;5,80;6;66;10,40;8,70;
2026-06-23 13:52:00.0;OFF;ON;75;4,60;4,40;10,40;32,30;98,60;115;5,90;6;65,70;10,30;8,60;
2026-06-23 13:53:00.0;OFF;ON;75;4,50;4,40;10,40;32,20;98,60;115;5,90;6;66,20;10,30;8,60;
2026-06-23 13:54:00.0;OFF;ON;75;4,50;4,40;10,40;32,20;98,60;115;5,80;6;67,20;10,30;8,50;
2026-06-23 13:55:00.0;OFF;ON;75;4,50;4,30;10,30;32,20;98,60;115,10;5,80;6;67,50;10,20;8,40;
2026-06-23 13:56:00.0;OFF;ON;75;4,30;4,20;10,20;32,10;98,60;115,10;5,90;6;66,60;10,20;8,40;
2026-06-23 13:57:00.0;OFF;ON;75;4,30;4,20;10,20;32,10;98,60;115,10;5,90;6;67,10;10,10;8,40;
2026-06-23 13:58:00.0;OFF;ON;75;4,20;4,10;10,10;32;98,50;115,10;5,90;6;67,10;10,10;8,30;
2026-06-23 13:59:00.0;OFF;ON;75;4,20;4,10;10,10;32;98,50;115,10;5,80;6;68,40;10;8,30;
2026-06-23 14:00:00.0;OFF;ON;75;4,10;4,10;10,10;31,90;98,40;115;6;6;67,60;10;8,20;
2026-06-23 14:01:00.0;OFF;ON;75;4;4;10;31,90;98,50;115;5,90;6;64;9,90;8,10;
2026-06-23 14:02:00.0;OFF;ON;75;3,90;4,50;10;31,80;98,40;115;5,90;5,50;63,60;9,90;8,20;
2026-06-23 14:03:00.0;OFF;ON;75;4,10;4,50;10;31,80;98,40;115;5,80;5,50;63,30;9,80;8,20;
2026-06-23 14:04:00.0;OFF;ON;75;4;4,40;9,90;31,70;98,40;115;6;5,50;61,30;9,80;8,20;
2026-06-23 14:05:00.0;OFF;ON;75;4,10;4,40;9,90;31,70;98,30;115;6;5,50;60,50;9,80;8,10;
2026-06-23 14:06:00.0;OFF;ON;75;4,10;4,40;9,90;31,60;98,30;115;5,80;5,50;60,90;9,70;8,10;
2026-06-23 14:07:00.0;OFF;ON;75;4;4,30;9,80;31,50;98,20;115;5,90;5,50;59,20;9,70;8,10;
2026-06-23 14:08:00.0;OFF;ON;80;3,80;4,30;9,80;31,50;98,20;115;5,90;5,50;58,80;9,70;8,10;
2026-06-23 14:09:00.0;OFF;ON;80;3,90;4,30;9,80;31,50;98,20;114,90;5,90;5,50;58,30;9,70;8;
2026-06-23 14:10:00.0;OFF;ON;80;4;4,20;9,70;31,40;98,20;114,80;5,70;5,50;58,90;9,60;8;
2026-06-23 14:11:00.0;OFF;ON;80;3,90;4,20;9,70;31,30;98,20;114,80;5,80;5,50;57,70;9,60;8;
2026-06-23 14:12:00.0;OFF;ON;80;4,10;4,20;9,70;31,30;98,10;114,80;5,60;5,50;58,30;9,60;8;
2026-06-23 14:13:00.0;OFF;ON;80;4,10;4,20;9,70;31,20;98,20;114,80;5,60;5,50;58,40;9,60;8;
2026-06-23 14:14:00.0;OFF;ON;80;4;4,20;9,70;31,20;98,10;114,80;5,60;5,50;57,70;9,60;8;
2026-06-23 14:15:00.0;OFF;ON;80;3,90;4,10;9,60;31,10;98,20;114,80;5,70;5,50;56,90;9,60;7,90;
2026-06-23 14:16:00.0;OFF;ON;80;4;4,10;9,60;31,10;98,20;114,80;5,60;5,50;57,50;9,50;7,90;
2026-06-23 14:17:00.0;OFF;ON;80;4;4,10;9,60;31;98,10;114,80;5,60;5,50;57,30;9,50;7,90;
2026-06-23 14:18:00.0;OFF;ON;80;4,10;4,10;9,60;31;98,10;114,80;5,50;5,50;57,20;9,50;7,90;
2026-06-23 14:19:00.0;OFF;ON;80;4,10;4,10;9,60;30,90;98;114,80;5,50;5,50;57,10;9,50;7,90;
2026-06-23 14:20:00.0;OFF;ON;80;4;4,10;9,60;30,90;98,10;114,80;5,50;5,50;57,10;9,50;7,90;
2026-06-23 14:21:00.0;OFF;ON;80;4;4;9,50;30,90;98,10;114,80;5,50;5,50;57,10;9,50;7,90;
2026-06-23 14:22:00.0;OFF;ON;80;4;4;9,50;30,80;98,10;114,80;5,50;5,50;56,90;9,40;7,90;
2026-06-23 14:23:00.0;OFF;ON;80;4;4;9,50;30,80;98,10;114,80;5,50;5,50;56,80;9,50;7,80;
2026-06-23 14:24:00.0;OFF;ON;80;4;4;9,50;30,70;98,10;114,80;5,50;5,50;56,80;9,30;7,80;
2026-06-23 14:25:00.0;OFF;ON;80;4;3,90;9,40;30,70;98;114,80;5,50;5,50;56,70;9,40;7,80;
2026-06-23 14:26:00.0;OFF;ON;80;3,80;3,90;9,40;30,60;97,90;114,80;5,60;5,50;56,50;9,30;7,80;
2026-06-23 14:27:00.0;OFF;ON;80;3,90;3,90;9,40;30,60;97,90;114,80;5,50;5,50;56,40;9,30;7,70;
2026-06-23 14:28:00.0;OFF;ON;80;3,80;3,90;9,40;30,50;97,90;114,80;5,50;5,50;56,40;9,30;7,70;
2026-06-23 14:29:00.0;OFF;ON;80;3,70;3,90;9,40;30,40;97,90;114,80;5,60;5,50;56,10;9,30;7,70;
2026-06-23 14:30:00.0;OFF;ON;80;3,80;3,80;9,30;30,40;97,90;114,80;5,50;5,50;56,30;9,30;7,60;
2026-06-23 14:31:00.0;OFF;ON;80;3,80;3,80;9,30;30,40;97,90;114,80;5,40;5,50;57,10;9,20;7,60;
2026-06-23 14:32:00.0;OFF;ON;80;3,80;3,80;9,30;30,30;97,90;114,80;5,40;5,50;57,50;9,20;7,60;
2026-06-23 14:33:00.0;OFF;ON;80;3,80;3,80;9,30;30,30;97,90;114,80;5,50;5,50;57,40;9,20;7,60;
2026-06-23 14:34:00.0;OFF;ON;80;3,90;3,70;9,20;30,20;97,90;114,80;5,40;5,50;58,10;9,20;7,60;
2026-06-23 14:35:00.0;OFF;ON;80;3,70;3,70;9,20;30,10;97,90;114,80;5,50;5,50;57,90;9,10;7,50;
2026-06-23 14:36:00.0;OFF;ON;80;3,70;3,70;9,20;30,10;97,90;114,80;5,50;5,50;58;9,10;7,50;
2026-06-23 14:37:00.0;OFF;ON;80;3,80;3,70;9,20;30;97,90;114,80;5,30;5,50;59;9,10;7,50;
2026-06-23 14:38:00.0;OFF;ON;80;3,90;3,70;9,20;30;97,90;114,80;5,30;5,50;59,40;9,10;7,50;
2026-06-23 14:39:00.0;OFF;ON;80;3,70;3,60;9,10;29,90;97,90;114,80;5,40;5,50;58,80;9,10;7,50;
2026-06-23 14:40:00.0;OFF;ON;80;3,80;3,60;9,10;29,90;97,80;114,80;5,30;5,50;59,90;9,10;7,50;
2026-06-23 14:41:00.0;OFF;ON;80;3,90;3,60;9,10;29,90;97,80;114,80;5,30;5,50;60,40;9;7,50;
2026-06-23 14:42:00.0;OFF;ON;80;3,70;3,60;9,10;29,80;97,80;114,80;5,40;5,50;59,80;9;7,40;
2026-06-23 14:43:00.0;OFF;ON;80;3,70;3,60;9,10;29,80;97,80;114,80;5,40;5,50;60,20;9;7,40;
2026-06-23 14:44:00.0;OFF;ON;80;3,80;3,60;9,10;29,80;97,90;114,80;5,20;5,50;61,50;9;7,40;
2026-06-23 14:45:00.0;OFF;ON;80;3,80;3,50;9;29,70;97,90;114,80;5,30;5,50;61,60;8,90;7,40;
2026-06-23 14:46:00.0;OFF;ON;80;3,60;3,50;9;29,60;97,90;114,80;5,40;5,50;61,50;8,90;7,40;
2026-06-23 14:47:00.0;OFF;ON;80;3,60;3,50;9;29,60;97,80;114,80;5,40;5,50;61,50;8,90;7,30;
2026-06-23 14:48:00.0;OFF;ON;80;3,60;3,50;9;29,60;97,70;114,80;5,40;5,50;62,20;8,80;7,30;
2026-06-23 14:49:00.0;OFF;ON;80;3,70;3,40;8,90;29,50;97,80;114,80;5,20;5,50;63,40;8,90;7,30;
2026-06-23 14:50:00.0;OFF;ON;80;3,70;3,40;8,90;29,50;97,80;114,80;5,20;5,50;64;8,80;7,30;
2026-06-23 14:51:00.0;OFF;ON;80;3,60;3,40;8,90;29,40;97,80;114,80;5,40;5,50;63,60;8,90;7,30;
2026-06-23 14:52:00.0;OFF;ON;80;3,60;3,40;8,90;29,40;97,70;114,80;5,30;5,50;63,90;8,80;7,30;
2026-06-23 14:53:00.0;OFF;ON;80;3,60;3,40;8,90;29,40;97,60;114,80;5,30;5,50;64,60;8,70;7,20;
2026-06-23 14:54:00.0;OFF;ON;80;3,50;3,30;8,80;29,30;97,70;114,80;5,30;5,50;65,40;8,70;7,20;
2026-06-23 14:55:00.0;OFF;ON;80;3,60;3,30;8,80;29,30;97,60;114,80;5,20;5,50;66,30;8,70;7,20;
2026-06-23 14:56:00.0;OFF;ON;80;3,50;3,30;8,80;29,20;97,70;114,80;5,30;5,50;66;8,70;7,20;
2026-06-23 14:57:00.0;OFF;ON;80;3,30;3,30;8,80;29,20;97,60;114,80;5,50;5,50;65,70;8,70;7,10;
2026-06-23 14:58:00.0;OFF;ON;80;3,50;3,30;8,80;29,10;97,60;114,80;5,30;5,50;66,80;8,60;7,10;
2026-06-23 14:59:00.0;OFF;ON;80;3,50;3,20;8,70;29,10;97,70;114,80;5,30;5,50;67;8,70;7;
2026-06-23 15:00:00.0;OFF;ON;80;3,20;3,20;8,70;29,10;97,60;114,80;5,50;5,50;66,20;8,60;7;
2026-06-23 15:01:00.0;OFF;ON;80;3,30;3,10;8,60;29;97,70;114,80;5,30;5,50;67,10;8,50;6,90;
2026-06-23 15:02:00.0;OFF;ON;80;3,10;3,10;8,60;29;97,50;114,80;5,50;5,50;66,60;8,50;6,90;
2026-06-23 15:03:00.0;OFF;ON;80;3;3,10;8,60;28,90;97,50;114,80;5,50;5,50;66,70;8,40;6,80;
2026-06-23 15:04:00.0;OFF;ON;80;3;3;8,50;28,90;97,50;114,80;5,50;5,50;66,80;8,40;6,80;
2026-06-23 15:05:00.0;OFF;ON;80;3;3;8,50;28,80;97,40;114,80;5,50;5,50;66,80;8,40;6,80;
2026-06-23 15:06:00.0;OFF;ON;80;3,10;3;8,50;28,80;97,40;114,80;5,40;5,50;67,30;8,30;6,70;
2026-06-23 15:07:00.0;OFF;ON;80;3;2,90;8,40;28,70;97,40;114,80;5,40;5,50;67,30;8,30;6,70;
2026-06-23 15:08:00.0;OFF;ON;80;2,90;2,90;8,40;28,70;97,40;114,80;5,50;5,50;67,10;8,30;6,70;
2026-06-23 15:09:00.0;OFF;ON;80;2,90;2,90;8,40;28,70;97,30;114,80;5,50;5,50;67,30;8,20;6,60;
2026-06-23 15:10:00.0;OFF;ON;80;2,80;2,90;8,40;28,60;97,30;114,80;5,50;5,50;67,40;8,30;6,60;
2026-06-23 15:11:00.0;OFF;ON;80;2,80;2,80;8,30;28,60;97,30;114,80;5,50;5,50;67,60;8,20;6,60;
2026-06-23 15:12:00.0;OFF;ON;80;2,80;2,80;8,30;28,60;97,30;114,70;5,50;5,50;67,80;8,20;6,50;
2026-06-23 15:13:00.0;OFF;ON;80;2,70;2,80;8,30;28,50;97,30;114,70;5,60;5,50;66,70;8,20;6,50;
2026-06-23 15:14:00.0;OFF;ON;80;2,80;2,70;8,20;28,50;97,30;114,80;5,40;5,50;67,60;8,10;6,40;
2026-06-23 15:15:00.0;OFF;ON;80;2,70;2,70;8,20;28,40;97,20;114,70;5,50;5,50;67,60;8,10;6,40;
2026-06-23 15:16:00.0;OFF;ON;80;2,70;2,70;8,20;28,40;97,30;114,70;5,50;5,50;67,90;8;6,30;
2026-06-23 15:17:00.0;OFF;ON;80;2,60;2,60;8,10;28,30;97,10;114,70;5,50;5,50;67,80;8,10;6,30;
2026-06-23 15:18:00.0;OFF;ON;80;2,70;2,60;8,10;28,30;97,10;114,80;5,40;5,50;68,10;8;6,30;
2026-06-23 15:19:00.0;OFF;ON;80;2,60;2,60;8,10;28,20;97,10;114,80;5,50;5,50;67,90;8;6,20;
2026-06-23 15:20:00.0;OFF;ON;80;2,60;2,60;8,10;28,20;97,10;114,80;5,50;5,50;68,10;7,90;6,20;
2026-06-23 15:21:00.0;OFF;ON;80;2,70;2,50;8;28,10;97,20;114,80;5,30;5,50;68,70;7,90;6,20;
2026-06-23 15:22:00.0;OFF;ON;80;2,50;3;8;28,10;97,20;114,80;5,50;5;63,80;7,80;6,30;
2026-06-23 15:23:00.0;OFF;ON;80;2,70;3;8;28;97,30;114,80;5,30;5;64;7,90;6,40;
2026-06-23 15:24:00.0;OFF;ON;80;2,50;3;8;28;97,40;114,80;5,50;5;62,70;7,90;6,40;
2026-06-23 15:25:00.0;OFF;ON;80;2,60;3;8;28;97,40;114,80;5,40;5;62,30;7,90;6,40;
2026-06-23 15:26:00.0;OFF;ON;80;2,70;3;8;27,90;97,40;114,80;5,40;5;61,70;7,90;6,40;
2026-06-23 15:27:00.0;OFF;ON;80;2,70;3;8;27,90;97,30;114,80;5,30;5;61,60;7,90;6,40;
2026-06-23 15:28:00.0;OFF;ON;90;2,70;3;8;27,80;97,30;114,80;5,30;5;60,80;7,80;6,40;
2026-06-23 15:29:00.0;OFF;ON;90;2,60;2,90;7,90;27,80;97,30;114,70;5,40;5;59,90;7,80;6,40;
2026-06-23 15:30:00.0;OFF;ON;90;2,60;3;8;27,70;97,30;114,70;5,30;5;59,60;7,80;6,40;
2026-06-23 15:31:00.0;OFF;ON;90;2,50;2,90;7,90;27,70;97,20;114,70;5,40;5;58,30;7,80;6,40;
2026-06-23 15:32:00.0;OFF;ON;90;2,60;2,90;7,90;27,70;97,30;114,70;5,30;5;58,30;7,80;6,40;
2026-06-23 15:33:00.0;OFF;ON;90;2,60;2,90;7,90;27,60;97,20;114,70;5,30;5;58,10;7,70;6,30;
2026-06-23 15:34:00.0;OFF;ON;90;2,80;2,90;7,90;27,60;97,40;114,70;5,10;5;58,80;7,70;6,30;
2026-06-23 15:35:00.0;OFF;ON;90;2,70;2,90;7,90;27,50;97,30;114,70;5,20;5;58;7,70;6,30;
2026-06-23 15:36:00.0;OFF;ON;90;2,70;2,80;7,80;27,50;97,30;114,70;5,20;5;57,50;7,80;6,30;
2026-06-23 15:37:00.0;OFF;ON;90;2,80;2,80;7,80;27,40;97,30;114,70;5,10;5;58,10;7,70;6,30;
2026-06-23 15:38:00.0;OFF;ON;90;2,90;2,80;7,80;27,40;97,30;114,70;5;5;58;7,70;6,30;
2026-06-23 15:39:00.0;OFF;ON;90;2,80;2,80;7,80;27,30;97,30;114,70;5;5;58,60;7,70;6,30;
2026-06-23 15:40:00.0;OFF;ON;90;2,70;2,80;7,80;27,30;97,30;114,70;5;5;57,80;7,60;6,30;
2026-06-23 15:41:00.0;OFF;ON;90;2,70;2,80;7,80;27,20;97,30;114,70;5;5;57,70;7,70;6,30;
2026-06-23 15:42:00.0;OFF;ON;90;2,80;2,80;7,80;27,20;97,30;114,70;5;5;57,70;7,70;6,30;
2026-06-23 15:43:00.0;OFF;ON;90;2,70;2,70;7,70;27,10;97,30;114,70;5;5;58,50;7,70;6,30;
2026-06-23 15:44:00.0;OFF;ON;90;2,70;2,70;7,70;27,10;97,30;114,70;5;5;57,60;7,60;6,30;
2026-06-23 15:45:00.0;OFF;ON;90;2,70;2,70;7,70;27,10;97,30;114,70;5;5;58,60;7,60;6,30;
2026-06-23 15:46:00.0;OFF;ON;90;2,80;2,70;7,70;27;97,30;114,70;4,90;5;58,70;7,60;6,30;
2026-06-23 15:47:00.0;OFF;ON;90;2,80;2,70;7,70;27;97,30;114,70;4,90;5;59,20;7,50;6,30;
2026-06-23 15:48:00.0;OFF;ON;90;2,70;2,70;7,70;26,90;97,30;114,70;5;5;58,80;7,60;6,20;
2026-06-23 15:49:00.0;OFF;ON;90;2,70;2,70;7,70;26,90;97,30;114,70;5;5;58,90;7,60;6,20;
2026-06-23 15:50:00.0;OFF;ON;90;2,80;2,60;7,60;26,80;97,20;114,70;4,90;5;59,30;7,50;6,20;
2026-06-23 15:51:00.0;OFF;ON;90;2,80;2,60;7,60;26,80;97,30;114,70;4,90;5;59,40;7,50;6,20;
2026-06-23 15:52:00.0;OFF;ON;90;2,60;2,60;7,60;26,70;97,10;114,70;5;5;59,10;7,50;6,20;
2026-06-23 15:53:00.0;OFF;ON;90;2,60;2,60;7,60;26,70;97,20;114,70;5;5;59,30;7,40;6,20;
2026-06-23 15:54:00.0;OFF;ON;90;2,70;2,60;7,60;26,70;97,20;114,70;4,90;5;59,80;7,40;6,10;
2026-06-23 15:55:00.0;OFF;ON;90;2,60;2,60;7,60;26,60;97,20;114,70;4,90;5;59,70;7,40;6,10;
2026-06-23 15:56:00.0;OFF;ON;90;2,70;2,60;7,60;26,60;97,20;114,70;5;5;60,40;7,40;6,10;
2026-06-23 15:57:00.0;OFF;ON;90;2,70;2,50;7,50;26,50;97,20;114,70;4,80;5;60,50;7,40;6,10;
2026-06-23 15:58:00.0;OFF;ON;90;2,60;2,50;7,50;26,50;97,20;114,70;4,90;5;60,40;7,40;6,10;
2026-06-23 15:59:00.0;OFF;ON;90;2,70;2,50;7,50;26,40;97,20;114,70;4,80;5;61,40;7,40;6,10;
2026-06-23 16:00:00.0;OFF;ON;90;2,70;2,50;7,50;26,40;97,10;114,70;4,80;5;61,90;7,30;6,10;
2026-06-23 16:01:00.0;OFF;ON;90;2,70;2,50;7,50;26,30;97,10;114,70;4,80;5;62;7,30;6,10;
2026-06-23 16:02:00.0;OFF;ON;90;2,70;2,50;7,50;26,30;97,10;114,70;4,80;5;62,50;7,30;6,10;
2026-06-23 16:03:00.0;OFF;ON;90;2,70;2,40;7,40;26,20;97,10;114,70;4,70;5;63,10;7,30;6,10;
2026-06-23 16:04:00.0;OFF;ON;90;2,70;2,40;7,40;26,20;97,10;114,70;4,70;5;63,30;7,30;6;
2026-06-23 16:05:00.0;OFF;ON;90;2,50;2,40;7,40;26,10;97,10;114,70;4,90;5;62,90;7,20;6;
2026-06-23 16:06:00.0;OFF;ON;90;2,50;2,40;7,40;26,10;97,10;114,70;4,90;5;63,30;7,20;6;
2026-06-23 16:07:00.0;OFF;ON;90;2,60;2,40;7,40;26,10;97,10;114,70;4,70;5;64,50;7,20;6;
2026-06-23 16:08:00.0;OFF;ON;90;2,60;2,30;7,30;26;97,20;114,70;4,70;5;65,10;7,20;6;
2026-06-23 16:09:00.0;OFF;ON;90;2,50;2,30;7,30;26;97,20;114,70;4,80;5;64,70;7,20;6;
2026-06-23 16:10:00.0;OFF;ON;90;2,60;2,30;7,30;25,90;97,10;114,70;4,70;5;66,10;7,20;5,90;
2026-06-23 16:11:00.0;OFF;ON;90;2,60;2,30;7,30;25,90;97;114,70;4,70;5;66,50;7,20;5,90;
2026-06-23 16:12:00.0;OFF;ON;90;2,60;2,30;7,30;25,80;97,10;114,70;4,70;5;67;7,20;5,90;
2026-06-23 16:13:00.0;OFF;ON;90;2,50;2,30;7,30;25,80;97;114,70;4,70;5;67,20;7,10;5,90;
2026-06-23 16:14:00.0;OFF;ON;90;2,50;2,30;7,30;25,70;97;114,70;4,70;5;67,50;7,10;5,90;
2026-06-23 16:15:00.0;OFF;ON;90;2,50;2,20;7,20;25,70;97;114,70;4,70;5;68,20;7,10;5,90;
2026-06-23 16:16:00.0;OFF;ON;90;2,20;2,20;7,20;25,60;97;114,70;5;5;67,10;7,10;5,80;
2026-06-23 16:17:00.0;OFF;ON;90;2,20;2,20;7,20;25,60;97;114,70;4,90;5;67,10;7;5,80;
2026-06-23 16:18:00.0;OFF;ON;90;2,30;2,20;7,20;25,50;97;114,70;4,80;5;67,90;7;5,70;
2026-06-23 16:19:00.0;OFF;ON;90;2,20;2,10;7,10;25,50;97;114,70;4,90;5;67,50;7;5,70;
2026-06-23 16:20:00.0;OFF;ON;90;2,20;2,10;7,10;25,40;96,90;114,70;4,90;5;68,30;6,90;5,60;
2026-06-23 16:21:00.0;OFF;ON;90;2,10;2,10;7,10;25,40;96,80;114,60;5;5;68;6,90;5,60;
2026-06-23 16:22:00.0;OFF;ON;90;2;2;7;25,40;96,80;114,50;5;5;68;6,90;5,60;
2026-06-23 16:23:00.0;OFF;ON;90;2;3;7;25,30;96,80;114,50;5;4;59,90;6,90;5,60;
2026-06-23 16:24:00.0;OFF;ON;90;2;3;7;25,20;96,70;114,50;4,90;4;58,80;6,80;5,70;
2026-06-23 16:25:00.0;OFF;ON;90;2,10;3;7;25,20;96,80;114,50;4,90;4;57,80;6,90;5,70;
2026-06-23 16:26:00.0;OFF;ON;90;2,40;3;7;25,20;96,80;114,50;4,60;4;58,10;6,80;5,70;
2026-06-23 16:27:00.0;OFF;ON;90;2,40;3;7;25,10;96,90;114,50;4,50;4;57,40;6,90;5,70;
2026-06-23 16:28:00.0;OFF;ON;90;2,50;3;7;25,10;96,90;114,50;4,50;4;56,80;6,90;5,80;
2026-06-23 16:29:00.0;OFF;ON;100;2,50;3;7;25;97;114,50;4,50;4;55,60;6,90;5,90;
2026-06-23 16:30:00.0;OFF;ON;100;2,70;3;7;25;97;114,50;4,30;4;56;6,90;5,90;
2026-06-23 16:31:00.0;OFF;ON;100;2,70;3;7;24,90;97,10;114,50;4,30;4;55,50;6,90;5,90;
2026-06-23 16:32:00.0;OFF;ON;100;2,80;3,10;7,10;24,90;97,20;114,50;4,20;4;55,40;6,90;6;
2026-06-23 16:33:00.0;OFF;ON;100;2,80;3,10;7,10;24,90;97,10;114,50;4,30;4;54,60;7;6;
2026-06-23 16:34:00.0;OFF;ON;100;3;3,10;7,10;24,80;97,20;114,50;4,10;4;55,20;7;6;
2026-06-23 16:35:00.0;OFF;ON;100;3;3,10;7,10;24,80;97,20;114,50;4,10;4;55;7;6,10;
2026-06-23 16:36:00.0;OFF;ON;100;2,90;3,10;7,10;24,70;97,20;114,50;4,20;4;54,20;7;6,10;
2026-06-23 16:37:00.0;OFF;ON;100;3,10;3,10;7,10;24,70;97,30;114,50;4;4;54,90;7;6,10;
2026-06-23 16:38:00.0;OFF;ON;100;3,20;3,20;7,20;24,70;97,30;114,50;4;4;54,80;7;6,20;
2026-06-23 16:39:00.0;OFF;ON;100;3,20;3,20;7,20;24,60;97,40;114,50;4;4;54,60;7;6,20;
2026-06-23 16:40:00.0;OFF;ON;100;3,10;3,20;7,20;24,60;97,30;114,50;4,10;4;54,40;7,10;6,20;
2026-06-23 16:41:00.0;OFF;ON;100;3,20;3,20;7,20;24,50;97,30;114,50;4;4;54,40;7;6,20;
2026-06-23 16:42:00.0;OFF;ON;100;3,20;3,20;7,20;24,50;97,40;114,50;4;4;54,30;7;6,20;
2026-06-23 16:43:00.0;OFF;ON;100;3,20;3,20;7,20;24,50;97,30;114,50;4;4;55,10;7;6,20;
2026-06-23 16:44:00.0;OFF;ON;100;3,60;3,20;7,20;24,40;97,40;114,50;3,60;4;57,40;7;6,20;
2026-06-23 16:45:00.0;OFF;ON;100;3,40;3,20;7,20;24,40;97,30;114,50;3,80;4;56,80;7;6,30;
2026-06-23 16:46:00.0;OFF;ON;100;3,40;3,20;7,20;24,40;97,40;114,50;3,90;4;56,90;7,10;6,30;
2026-06-23 16:47:00.0;OFF;ON;100;3,60;3,20;7,20;24,30;97,50;114,50;3,60;4;58,60;7,10;6,40;
2026-06-23 16:48:00.0;OFF;ON;100;4,10;3,30;7,30;24,30;97,50;114,50;3,20;4;63,10;7,10;6,40;
2026-06-23 16:49:00.0;OFF;ON;100;3,70;3,30;7,30;24,20;97,80;114,50;3,70;4;61;7,30;6,60;
2026-06-23 16:50:00.0;OFF;ON;100;3,60;3,40;7,40;24,20;97,80;114,50;3,70;4;61,30;7,30;6,60;
2026-06-23 16:51:00.0;OFF;ON;100;3,80;3,40;7,40;24,20;97,80;114,50;3,60;4;62,50;7,20;6,60;
2026-06-23 16:52:00.0;OFF;ON;100;3,80;3,40;7,40;24,10;97,80;114,50;3,60;4;63;7,20;6,50;
2026-06-23 16:53:00.0;OFF;ON;100;3,60;3,30;7,30;24,10;97,60;114,50;3,70;4;62,90;7,20;6,40;
2026-06-23 16:54:00.0;OFF;ON;100;3,60;3,30;7,30;24,10;97,50;114,50;3,70;4;62,90;7,20;6,50;
2026-06-23 16:55:00.0;OFF;ON;100;3,90;3,30;7,30;24;97,50;114,50;3,40;4;66,20;7,20;6,50;
2026-06-23 16:56:00.0;OFF;ON;100;3,40;3,30;7,30;24;97,50;114,50;4;4;64;7,30;6,60;
2026-06-23 16:57:00.0;OFF;ON;100;3,50;3,40;7,40;23,90;97,70;114,50;3,90;4;64,90;7,30;6,60;
2026-06-23 16:58:00.0;OFF;ON;100;3,40;3,40;7,40;23,90;97,70;114,50;4;4;64,70;7,20;6,50;
2026-06-23 16:59:00.0;OFF;ON;100;2,90;3,40;7,30;23,80;97,50;114,50;4,40;4;61;7,20;6,40;
2026-06-23 17:00:00.0;OFF;ON;100;2,90;3,30;7,30;23,80;97,40;114,50;4,40;4;60,60;7,10;6,30;
2026-06-23 17:01:00.0;OFF;ON;100;2,60;3,20;7,10;23,80;97,10;114,50;4,60;4;58,20;7;6,10;
2026-06-23 17:02:00.0;OFF;ON;100;2,40;3,10;7;23,70;96,90;114,50;4,60;4;56,90;6,90;6;
2026-06-23 17:03:00.0;OFF;ON;100;2,60;3;7;23,70;96,80;114,50;4,40;4;57,20;6,80;5,90;
2026-06-23 17:04:00.0;OFF;ON;100;2,40;3;6,90;23,70;96,60;114,50;4,50;4;55,90;6,80;5,80;
2026-06-23 17:05:00.0;OFF;ON;100;2,50;2,90;6,90;23,60;96,60;114,50;4,40;4;55,50;6,70;5,80;
2026-06-23 17:06:00.0;OFF;ON;100;2,60;2,90;6,90;23,60;96,50;114,50;4,20;4;56,10;6,70;5,70;
2026-06-23 17:07:00.0;OFF;ON;100;2,50;2,90;6,80;23,50;96,40;114,50;4,30;4;55,10;6,70;5,70;
2026-06-23 17:08:00.0;OFF;ON;100;2,50;2,80;6,80;23,50;96,40;114,50;4,30;4;54,80;6,70;5,70;
2026-06-23 17:09:00.0;OFF;ON;100;2,70;2,80;6,80;23,40;96,50;114,50;4,10;4;55,50;6,70;5,70;
2026-06-23 17:10:00.0;OFF;ON;100;2,70;2,80;6,80;23,40;96,50;114,50;4,10;4;55,40;6,70;5,70;
2026-06-23 17:11:00.0;OFF;ON;100;2,80;2,80;6,80;23,40;96,70;114,50;4,10;4;55,30;6,70;5,80;
2026-06-23 17:12:00.0;OFF;ON;100;2,80;2,80;6,80;23,30;96,70;114,50;4;4;55,10;6,70;5,70;
2026-06-23 17:13:00.0;OFF;ON;100;2,60;2,80;6,80;23,30;96,70;114,50;4,20;4;54,10;6,70;5,70;
2026-06-23 17:14:00.0;OFF;ON;100;2,80;2,80;6,80;23,20;96,70;114,50;4;4;54,80;6,70;5,80;
2026-06-23 17:15:00.0;OFF;ON;100;2,80;2,80;6,80;23,20;96,70;114,50;4;4;54,70;6,70;5,80;
2026-06-23 17:16:00.0;OFF;ON;100;2,80;2,80;6,80;23,20;96,70;114,50;4;4;55,40;6,70;5,80;
2026-06-23 17:17:00.0;OFF;ON;100;2,80;2,80;6,80;23,10;96,80;114,50;4;4;55,50;6,70;5,80;
2026-06-23 17:18:00.0;OFF;ON;100;2,90;2,80;6,80;23,10;96,80;114,50;3,90;4;55,80;6,70;5,80;
2026-06-23 17:19:00.0;OFF;ON;100;3,10;2,80;6,90;23;97;114,50;3,80;4;56,30;7;5,90;
2026-06-23 17:20:00.0;OFF;ON;100;3;2,90;6,90;23;97;114,50;3,90;4;56;7;6;
2026-06-23 17:21:00.0;OFF;ON;100;3;2,90;7;23;97,20;114,50;4;4;55,90;7,10;6,20;
2026-06-23 17:22:00.0;OFF;ON;100;3,20;3;7;22,90;97,30;114,50;3,80;4;57,10;7,10;6,20;
2026-06-23 17:23:00.0;OFF;ON;100;3,10;3;7;22,90;97,30;114,50;3,90;4;56,60;7,10;6,20;
2026-06-23 17:24:00.0;OFF;ON;100;3,10;3;7;22,90;97,30;114,50;3,90;4;56,70;7,10;6,20;
2026-06-23 17:25:00.0;OFF;ON;100;3,10;3;7;22,80;97,30;114,40;3,90;4;56,90;7,10;6,20;
2026-06-23 17:26:00.0;OFF;ON;100;3,20;3,10;7,10;22,80;97,30;114,40;3,80;4;57,80;7,10;6,20;
2026-06-23 17:27:00.0;OFF;ON;100;3,10;3;7;19,10;97,20;114,40;3,80;4;57,90;7;6,10;
2026-06-23 17:28:00.0;OFF;ON;100;3,30;3;7;18,90;97;114,40;3,70;4;60,30;7;6,10;
2026-06-23 17:29:00.0;OFF;ON;100;3,40;3;7;18,90;97;114,40;3,60;4;61,20;7;6,10;
2026-06-23 17:30:00.0;OFF;ON;100;3,50;3;7;18,80;97,10;114,40;3,50;4;62,80;7;6,10;
2026-06-23 17:31:00.0;OFF;ON;100;3,40;3;7;18,80;97,10;114,50;3,60;4;62,60;7;6,20;
2026-06-23 17:32:00.0;OFF;ON;100;3,50;3;7;18,80;97,10;114,50;3,50;4;63,90;7;6,10;
2026-06-23 17:33:00.0;OFF;ON;100;3,70;3;7;18,70;97,10;114,50;3,30;4;66,70;7;6,20;
2026-06-23 17:34:00.0;OFF;ON;100;3,60;3;7;18,70;97,20;114,50;3,40;4;67,30;7,10;6,30;
2026-06-23 17:35:00.0;OFF;ON;100;3,70;3,10;7,10;18,60;97,20;114,50;3,30;4;68,90;7,10;6,30;
2026-06-23 17:36:00.0;OFF;ON;100;3,30;3,10;7,10;18,60;97,30;114,50;3,70;4;67,40;7,10;6,30;
2026-06-23 17:37:00.0;OFF;ON;100;3,80;3,10;7,10;18,50;97,30;114,50;3,30;4;71;7;6,30;
2026-06-23 17:38:00.0;OFF;ON;100;3;3,10;7,10;18,50;97,30;114,50;4;4;68,10;7;6,30;
2026-06-23 17:39:00.0;OFF;ON;100;3,50;3,10;7;18,50;97,30;114,50;3,50;4;71,60;7;6,20;
2026-06-23 17:40:00.0;OFF;ON;100;3,60;3;7;18,40;97,20;114,50;3,40;4;73,30;7;6,20;
2026-06-23 17:41:00.0;OFF;ON;100;3,10;3;7;18,40;97,10;114,50;4;4;70,20;7;6,20;
2026-06-23 17:42:00.0;OFF;ON;100;3;3;7;18,40;97,10;114,50;4;4;69,30;7;6,10;
2026-06-23 17:43:00.0;OFF;ON;100;2,50;3;6,90;18,30;96,90;114,50;4,40;4;66;6,90;5,90;
2026-06-23 17:44:00.0;OFF;ON;100;2,50;2,90;6,80;18,30;96,70;114,50;4,30;4;66,70;6,80;5,70;
2026-06-23 17:45:00.0;OFF;ON;100;2,40;2,80;6,80;18,30;96,60;114,50;4,30;4;66,50;6,70;5,70;
2026-06-23 17:46:00.0;OFF;ON;100;2,50;2,70;6,70;18,20;96,40;114,50;4,20;4;66,70;6,70;5,60;
2026-06-23 17:47:00.0;OFF;ON;100;2,10;2,70;6,70;18,20;96,30;114,50;4,60;4;64;6,60;5,60;
2026-06-23 17:48:00.0;OFF;ON;100;2,50;2,70;6,60;18,10;96,20;114,50;4,10;4;66,50;6,60;5,50;
2026-06-23 17:49:00.0;OFF;ON;100;2,30;2,60;6,60;18,10;96,10;114,50;4,20;4;65,60;6,60;5,50;
2026-06-23 17:50:00.0;OFF;ON;100;2,30;2,60;6,60;18,10;96,10;114,50;4,30;4;65,20;6,60;5,50;
2026-06-23 17:51:00.0;OFF;ON;100;2,40;2,60;6,50;18;96,30;114,50;4,20;4;65,70;6,50;5,50;
2026-06-23 17:52:00.0;OFF;ON;100;2,60;2,50;6,50;18;96,30;114,50;3,90;4;67,50;6,50;5,50;
2026-06-23 17:53:00.0;OFF;ON;100;2,50;2,50;6,50;18;96,30;114,50;4;4;65,70;6,50;5,40;
2026-06-23 17:54:00.0;OFF;ON;100;2,50;2,50;6,50;17,90;96,20;114,50;4;4;65,90;6,40;5,40;
2026-06-23 17:55:00.0;OFF;ON;100;2,50;2,50;6,50;17,90;96,30;114,50;3,90;4;66,80;6,40;5,40;
2026-06-23 17:56:00.0;OFF;ON;100;2,50;2,50;6,50;17,90;96,40;114,50;4;4;66,10;6,40;5,40;
2026-06-23 17:57:00.0;OFF;ON;100;1,80;2,50;6,50;17,80;96,40;114,50;4,60;4;61,90;6,40;5,40;
2026-06-23 17:58:00.0;OFF;ON;100;1,80;2,50;6,50;17,80;96,40;114,50;4,60;4;61,90;6,40;5,40;
2026-06-23 17:59:00.0;OFF;ON;100;1,80;2,40;6,40;17,80;96,30;114,50;4,50;4;61,80;6,30;5,20;
2026-06-23 18:00:00.0;OFF;ON;100;1,90;2,30;6,30;17,70;96,10;114,50;4,40;4;61,30;6,20;5,10;
2026-06-23 18:01:00.0;OFF;ON;100;1,90;2,30;6,20;17,70;95,90;114,50;4,30;4;60,70;6,20;5;
2026-06-23 18:02:00.0;OFF;ON;100;1,80;2,20;6,20;17,70;95,70;114,50;4,40;4;59,60;6,20;4,90;
2026-06-23 18:03:00.0;OFF;ON;100;1,90;2,10;6,10;17,60;95,90;114,50;4,30;4;59,60;6,10;4,90;
2026-06-23 18:04:00.0;OFF;ON;100;1,80;2,10;6,10;17,60;95,90;114,50;4,30;4;58,90;6,10;4,90;
2026-06-23 18:05:00.0;OFF;ON;100;1,80;2,10;6,10;17,60;95,90;114,50;4,20;4;58,80;6;4,90;
2026-06-23 18:06:00.0;OFF;ON;100;1,80;2,10;6,10;17,50;95,90;114,50;4,30;4;58;6;4,90;
2026-06-23 18:07:00.0;OFF;ON;100;1,70;2;6;17,50;95,90;114,50;4,30;4;57,50;6;4,90;
2026-06-23 18:08:00.0;OFF;ON;100;1,70;2;6;17,50;95,90;114,50;4,30;4;57;6;4,90;
2026-06-23 18:09:00.0;OFF;ON;100;1,90;2;6;17,40;96;114,50;4,10;4;58,10;6;4,90;
2026-06-23 18:10:00.0;OFF;ON;100;2;2;6;17,40;95,90;114,50;4;4;58;6;4,90;
2026-06-23 18:11:00.0;OFF;ON;100;1,70;2;6;17,40;96;114,50;4,30;4;56,60;6;4,90;
2026-06-23 18:12:00.0;OFF;ON;100;1,80;2;6;17,30;96;114,50;4,10;4;57,10;6;4,90;
2026-06-23 18:13:00.0;OFF;ON;100;1,90;2;6;17,30;96;114,50;4;4;57,30;5,90;4,80;
2026-06-23 18:14:00.0;OFF;ON;100;2;1,90;5,90;17,30;96;114,50;4;4;57,30;5,90;4,80;
2026-06-23 18:15:00.0;OFF;ON;100;1,70;1,90;5,90;17,20;96,10;114,50;4,20;4;56,30;5,90;4,80;
2026-06-23 18:16:00.0;OFF;ON;100;1,80;1,90;5,90;17,20;96,10;114,50;4,10;4;56,80;5,90;4,90;
2026-06-23 18:17:00.0;OFF;ON;100;2;1,90;5,90;17,20;96,10;114,50;3,90;4;58,50;5,90;4,80;
2026-06-23 18:18:00.0;OFF;ON;100;2,10;1,90;5,90;17,10;96,10;114,50;3,80;4;59,20;5,90;4,80;
2026-06-23 18:19:00.0;OFF;ON;100;2,10;1,90;5,90;17,10;96,20;114,50;3,80;4;58,90;5,90;4,80;
2026-06-23 18:20:00.0;OFF;ON;100;1,90;1,90;5,90;17,10;96,20;114,50;4;4;57,30;5,80;4,80;
2026-06-23 18:21:00.0;OFF;ON;100;1,90;1,90;5,90;17;96,30;114,50;4;4;57,70;5,80;4,80;
2026-06-23 18:22:00.0;OFF;ON;100;2,10;1,90;5,90;17;96,30;114,50;3,80;4;59,50;5,80;4,80;
2026-06-23 18:23:00.0;OFF;ON;100;2;1,90;5,90;17;96,30;114,50;3,80;4;59,40;5,80;4,80;
2026-06-23 18:24:00.0;OFF;ON;100;2,20;1,90;5,90;16,90;96,30;114,50;3,70;4;60,50;5,80;4,80;
2026-06-23 18:25:00.0;OFF;ON;100;2;1,80;5,80;16,90;96,30;114,50;3,90;4;59,40;5,80;4,80;
2026-06-23 18:26:00.0;OFF;ON;100;2,20;1,80;5,80;16,90;96,30;114,50;3,70;4;61;5,80;4,80;
2026-06-23 18:27:00.0;OFF;ON;100;2;1,80;5,80;16,80;96,20;114,50;3,90;4;60;5,80;4,80;
2026-06-23 18:28:00.0;OFF;ON;100;2;1,80;5,80;16,80;96,20;114,50;3,80;4;60,80;5,80;4,80;
2026-06-23 18:29:00.0;OFF;ON;100;2,10;1,80;5,80;16,70;96,30;114,50;3,70;4;61,40;5,80;4,80;
2026-06-23 18:30:00.0;OFF;ON;100;1,80;1,80;5,80;16,70;96,20;114,50;4;4;60,20;5,80;4,80;
2026-06-23 18:31:00.0;OFF;ON;100;1,80;1,80;5,80;16,70;96,20;114,50;4;4;60,70;5,70;4,80;
2026-06-23 18:32:00.0;OFF;ON;100;1,90;1,80;5,80;16,70;96,30;114,50;3,90;4;61,30;5,70;4,80;
2026-06-23 18:33:00.0;OFF;ON;100;1,90;1,80;5,80;16,60;96,20;114,50;3,90;4;61,40;5,70;4,80;
2026-06-23 18:34:00.0;OFF;ON;100;2;1,80;5,80;16,60;96,30;114,50;3,80;4;62,40;5,70;4,80;
2026-06-23 18:35:00.0;OFF;ON;100;2,10;1,80;5,80;16,50;96,20;114,50;3,60;4;63,80;5,70;4,70;
2026-06-23 18:36:00.0;OFF;ON;100;1,70;1,80;5,80;16,50;96,30;114,50;4,10;4;61,20;5,70;4,70;
2026-06-23 18:37:00.0;OFF;ON;100;1,80;1,80;5,80;16,50;96,20;114,50;3,90;4;62,40;5,70;4,70;
2026-06-23 18:38:00.0;OFF;ON;100;1,80;1,80;5,80;16,40;96,30;114,40;4;4;63;5,70;4,70;
2026-06-23 18:39:00.0;OFF;ON;100;2,10;1,80;5,70;16,40;96,30;114,40;3,70;4;64,90;5,60;4,70;
2026-06-23 18:40:00.0;OFF;ON;100;2,20;1,70;5,70;16,40;96,30;114,40;3,50;4;66,20;5,60;4,70;
2026-06-23 18:41:00.0;OFF;ON;100;1,60;1,70;5,70;16,30;96,30;114,40;4,10;4;62,50;5,60;4,70;
2026-06-23 18:42:00.0;OFF;ON;100;1,70;1,70;5,70;16,30;96,20;114,40;4;4;63,20;5,60;4,70;
2026-06-23 18:43:00.0;OFF;ON;100;1,80;1,70;5,70;16,30;96,20;114,50;3,90;4;64,60;5,60;4,70;
2026-06-23 18:44:00.0;OFF;ON;100;1,50;1,70;5,70;16,30;96,30;114,50;4,20;4;62,60;5,60;4,70;
2026-06-23 18:45:00.0;OFF;ON;100;1,50;1,70;5,70;16,20;96,10;114,40;4,10;4;63,30;5,60;4,60;
2026-06-23 18:46:00.0;OFF;ON;100;1,70;1,70;5,60;16,20;96,10;114,50;4;4;64,70;5,50;4,60;
2026-06-23 18:47:00.0;OFF;ON;100;2;1,60;5,60;16,20;96,10;114,50;3,60;4;67;5,50;4,60;
2026-06-23 18:48:00.0;OFF;ON;100;1,90;1,60;5,60;16,10;96,20;114,50;3,80;4;66,10;5,50;4,60;
2026-06-23 18:49:00.0;OFF;ON;100;2;1,60;5,60;16,10;96,10;114,40;3,60;4;67,10;5,50;4,50;
2026-06-23 18:50:00.0;OFF;ON;100;1,40;1,60;5,60;16,10;96,10;114,50;4,20;4;63,50;5,40;4,50;
2026-06-23 18:51:00.0;OFF;ON;100;1,50;1,60;5,50;16;96,10;114,50;4;4;65;5,40;4,50;
2026-06-23 18:52:00.0;OFF;ON;100;1,30;1,50;5,50;16;96,10;114,50;4,20;4;63,30;5,40;4,50;
2026-06-23 18:53:00.0;OFF;ON;100;1,30;1,50;5,50;16;96;114,40;4,20;4;63,40;5,40;4,50;
2026-06-23 18:54:00.0;OFF;ON;100;1,40;1,50;5,50;15,90;95,90;114,50;4,10;4;64,40;5,30;4,40;
2026-06-23 18:55:00.0;OFF;ON;100;1,30;1,50;5,40;15,90;95,90;114,50;4,20;4;63,80;5,30;4,40;
2026-06-23 18:56:00.0;OFF;ON;100;1,30;1,40;5,40;15,90;95,90;114,40;4,10;4;64,30;5,30;4,40;
2026-06-23 18:57:00.0;OFF;ON;100;1,40;1,40;5,40;15,80;96;114,50;4;4;65,50;5,30;4,40;
2026-06-23 18:58:00.0;OFF;ON;100;1,50;1,40;5,40;15,80;96;114,40;3,90;4;65,80;5,30;4,40;
2026-06-23 18:59:00.0;OFF;ON;100;1,30;1,40;5,40;15,80;95,90;114,40;4,10;4;64,40;5,20;4,30;
2026-06-23 19:00:00.0;OFF;ON;100;1,40;1,40;5,40;15,70;95,90;114,50;4;4;65,60;5,20;4,30;
2026-06-23 19:01:00.0;OFF;ON;100;1,30;1,40;5,30;15,70;96;114,40;4;4;64,80;5,20;4,30;
2026-06-23 19:02:00.0;OFF;ON;100;1,40;1,30;5,30;15,60;95,90;114,40;3,90;4;66;5,20;4,30;
2026-06-23 19:03:00.0;OFF;ON;100;1,50;1,30;5,30;15,60;96;114,50;3,80;4;66,60;5,20;4,30;
2026-06-23 19:04:00.0;OFF;ON;100;1,40;1,30;5,30;15,60;95,90;114,40;3,80;4;66,70;5,20;4,30;
2026-06-23 19:05:00.0;OFF;ON;100;1,10;1,30;5,30;15,50;95,90;114,50;4,20;4;64,80;5,10;4,30;
2026-06-23 19:06:00.0;OFF;ON;100;1,30;1,30;5,20;15,50;95,90;114,40;3,90;4;66,60;5,10;4,30;
2026-06-23 19:07:00.0;OFF;ON;100;1,30;1,20;5,20;15,50;95,90;114,40;4;4;66,60;5,10;4,20;
2026-06-23 19:08:00.0;OFF;ON;100;1,30;1,20;5,20;15,50;95,90;114,50;3,90;4;66,20;5,10;4,20;
2026-06-23 19:09:00.0;OFF;ON;100;1,20;1,20;5,20;15,40;95,90;114,50;4;4;65,40;5;4,20;
2026-06-23 19:10:00.0;OFF;ON;100;1,30;1,20;5,10;15,40;95,90;114,50;3,90;4;66,90;5;4,10;
2026-06-23 19:11:00.0;OFF;ON;100;1,10;1,10;5,10;15,30;95,90;114,50;4;4;66,50;5;4,10;
2026-06-23 19:12:00.0;OFF;ON;100;1,10;1,10;5,10;15,30;95,90;114,50;4;4;66,50;5;4,10;
2026-06-23 19:13:00.0;OFF;ON;100;1,30;1,10;5,10;15,30;95,90;114,50;3,80;4;67,80;5;4,10;
2026-06-23 19:14:00.0;OFF;ON;100;1,30;1,10;5,10;15,30;95,90;114,40;3,80;4;67,50;5;4,10;
2026-06-23 19:15:00.0;OFF;ON;100;1,10;1,10;5,10;15,20;95,90;114,50;4;4;67,10;5;4,10;
2026-06-23 19:16:00.0;OFF;ON;100;1,10;1,10;5,10;15,20;95,90;114,50;4;4;67,20;5;4,10;
2026-06-23 19:17:00.0;OFF;ON;100;1;1,10;5,10;15,20;95,90;114,50;4;4;66,60;4,90;4,10;
2026-06-23 19:18:00.0;OFF;ON;100;1;1,10;5,10;15,10;95,90;114,40;4;4;66,80;4,90;4,10;
2026-06-23 19:19:00.0;OFF;ON;100;1,20;1;5;15,10;95,90;114,40;3,90;4;68,20;4,90;4,10;
2026-06-23 19:20:00.0;OFF;ON;100;1,10;1;5;15,10;95,90;114,40;3,90;4;67,80;4,90;4;
2026-06-23 19:21:00.0;OFF;ON;100;1;1,50;5;15;95,90;114,40;4;3,50;64,10;4,90;4;
2026-06-23 19:22:00.0;OFF;ON;100;1;1,50;5;15;95,90;114,40;4;3,50;62,40;4,80;4;
2026-06-23 19:23:00.0;OFF;ON;100;0,80;1,50;4,90;15;95,90;114,40;4,10;3,50;61;4,80;4;
2026-06-23 19:24:00.0;OFF;ON;100;0,90;1,40;4,90;14,90;95,90;114,40;4;3,50;60,80;4,80;4;
2026-06-23 19:25:00.0;OFF;ON;100;1,10;1,40;4,90;14,90;95,90;114,40;3,80;3,50;61,50;4,80;3,90;
2026-06-23 19:26:00.0;OFF;ON;100;0,90;1,40;4,90;14,90;95,90;114,40;4;3,50;59;4,80;3,90;
2026-06-23 19:27:00.0;OFF;ON;100;1;1,40;4,90;14,90;95,90;114,40;3,90;3,50;59,50;4,80;3,90;
2026-06-23 19:28:00.0;OFF;ON;100;1,10;1,40;4,90;14,80;95,90;114,40;3,80;3,50;59,40;4,80;3,90;
2026-06-23 19:29:00.0;OFF;ON;100;1;1,40;4,90;14,80;95,80;114,40;3,90;3,50;57,90;4,80;3,90;
2026-06-23 19:30:00.0;OFF;ON;100;0,90;1,40;4,90;14,80;95,90;114,40;4;3,50;57;4,80;3,90;
2026-06-23 19:31:00.0;OFF;ON;100;1,30;1,40;4,90;14,80;95,90;114,40;3,60;3,50;58,70;4,80;4;
2026-06-23 19:32:00.0;OFF;ON;100;1;1,40;4,90;14,70;95,90;114,40;3,90;3,50;56,40;4,80;4;
2026-06-23 19:33:00.0;OFF;ON;100;1;1,40;4,90;14,70;95,90;114,40;3,90;3,50;56,40;4,80;3,90;
2026-06-23 19:34:00.0;OFF;ON;100;1,30;1,40;4,90;14,70;96;114,40;3,50;3,50;57,90;4,80;3,90;
2026-06-23 19:35:00.0;OFF;ON;100;1,50;1,40;4,90;14,70;96;114,40;3,40;3,50;58,70;4,70;4;
2026-06-23 19:36:00.0;OFF;ON;100;1,40;1,40;4,90;14,60;96;114,40;3,40;3,50;58,60;4,80;4;
2026-06-23 19:37:00.0;OFF;ON;100;1,20;1,40;4,90;14,60;96,10;114,40;3,70;3,50;57;4,80;4;
2026-06-23 19:38:00.0;OFF;ON;100;1,30;1,40;4,90;14,60;96,10;114,40;3,60;3,50;57,40;4,80;4;
2026-06-23 19:39:00.0;OFF;ON;100;1,30;1,40;4,90;14,60;96,30;114,40;3,60;3,50;57,70;4,80;4,10;
2026-06-23 19:40:00.0;OFF;ON;100;1,40;1,40;4,90;14,50;96,30;114,40;3,50;3,50;58;4,80;4,10;
2026-06-23 19:41:00.0;OFF;ON;100;1,30;1,40;4,90;14,50;96,30;114,40;3,70;3,50;57,50;4,80;4,10;
2026-06-23 19:42:00.0;OFF;ON;100;1,40;1,40;4,90;14,50;96,30;114,40;3,50;3,50;58,40;4,80;4,10;
2026-06-23 19:43:00.0;OFF;ON;100;1,40;1,40;4,90;14,50;96,30;114,40;3,50;3,50;58,40;4,80;4,10;
2026-06-23 19:44:00.0;OFF;ON;100;1,30;1,40;4,90;14,40;96,20;114,40;3,60;3,50;58;4,80;4,10;
2026-06-23 19:45:00.0;OFF;ON;100;1,30;1,40;4,90;14,40;96,30;114,40;3,60;3,50;58,50;4,80;4,10;
2026-06-23 19:46:00.0;OFF;ON;100;1,40;1,40;4,90;14,40;96,30;114,40;3,50;3,50;58,80;4,80;4,10;
2026-06-23 19:47:00.0;OFF;ON;100;1,60;1,40;4,90;14,40;96,30;114,40;3,30;3,50;61,10;4,80;4,10;
2026-06-23 19:48:00.0;OFF;ON;100;1,60;1,40;4,90;14,30;96,20;114,40;3,30;3,50;61,10;4,80;4,10;
2026-06-23 19:49:00.0;OFF;ON;100;1,70;1,40;4,90;14,30;96,30;114,40;3,20;3,50;62,30;4,80;4,10;
2026-06-23 19:50:00.0;OFF;ON;100;1,70;1,40;4,90;14,30;96,30;114,40;3,20;3,50;62,40;4,80;4,10;
2026-06-23 19:51:00.0;OFF;ON;100;1,50;1,40;4,90;14,20;96,30;114,40;3,40;3,50;61,60;4,80;4,10;
2026-06-23 19:52:00.0;OFF;ON;100;1,50;1,40;4,90;14,20;96,30;114,40;3,40;3,50;61,60;4,80;4,10;
2026-06-23 19:53:00.0;OFF;ON;100;1,50;1,40;4,90;14,20;96,30;114,40;3,40;3,50;61,60;4,80;4,10;
2026-06-23 19:54:00.0;OFF;ON;100;1,40;1,40;4,90;14,20;96,30;114,40;3,50;3,50;61,70;4,70;4,10;
2026-06-23 19:55:00.0;OFF;ON;100;1,40;1,40;4,90;14,20;96,30;114,40;3,40;3,50;62;4,80;4,10;
2026-06-23 19:56:00.0;OFF;ON;100;1,40;1,30;4,80;14,10;96,30;114,40;3,40;3,50;62,30;4,70;4,10;
2026-06-23 19:57:00.0;OFF;ON;100;1,40;1,40;4,90;14,10;96,20;114,40;3,40;3,50;62,50;4,80;4,10;
2026-06-23 19:58:00.0;OFF;ON;100;1,20;1,30;4,80;14,10;96,30;114,40;3,70;3,50;61,30;4,70;4,10;
2026-06-23 19:59:00.0;OFF;ON;100;1,60;1,30;4,80;14;96,30;114,40;3,30;3,50;64,20;4,70;4,10;
2026-06-23 20:00:00.0;OFF;ON;100;1,40;1,30;4,80;14;96,20;114,40;3,40;3,50;63,40;4,70;4;
2026-06-23 20:01:00.0;OFF;ON;100;1,50;1,30;4,80;14;96,20;114,40;3,30;3,50;64,30;4,70;4;
2026-06-23 20:02:00.0;OFF;ON;100;1,40;1,30;4,80;14;96,20;114,40;3,50;3,50;63,90;4,70;4;
2026-06-23 20:03:00.0;OFF;ON;100;1,50;1,30;4,80;13,90;96,10;114,30;3,30;3,50;65,10;4,70;4;
2026-06-23 20:04:00.0;OFF;ON;100;1,10;1,30;4,80;13,90;96,20;114,40;3,70;3,50;62,80;4,70;4;
2026-06-23 20:05:00.0;OFF;ON;100;1,10;1,30;4,80;13,90;96,10;114,30;3,60;3,50;63,30;4,70;4;
2026-06-23 20:06:00.0;OFF;ON;100;1,40;1,30;4,80;13,90;96,10;114,30;3,40;3,50;64,90;4,70;4;
2026-06-23 20:07:00.0;OFF;ON;100;1,40;1,20;4,70;13,80;96,10;114,30;3,30;3,50;65,40;4,60;4;
2026-06-23 20:08:00.0;OFF;ON;100;1,20;1,20;4,70;13,80;96,10;114,30;3,50;3,50;64,10;4,60;3,90;
2026-06-23 20:09:00.0;OFF;ON;100;1,30;1,20;4,70;13,80;96,10;114,30;3,50;3,50;64,30;4,60;3,90;
2026-06-23 20:10:00.0;OFF;ON;100;1,30;1,20;4,70;13,80;96;114,30;3,40;3,50;65,40;4,60;3,90;
2026-06-23 20:11:00.0;OFF;ON;100;1,30;1,20;4,70;13,70;96;114,30;3,40;3,50;65,60;4,60;3,90;
2026-06-23 20:12:00.0;OFF;ON;100;1,20;1,20;4,70;13,70;95,90;114,30;3,50;3,50;65,10;4,60;3,90;
2026-06-23 20:13:00.0;OFF;ON;100;1,10;1,20;4,70;13,70;96;114,30;3,50;3,50;64,40;4,50;3,80;
2026-06-23 20:14:00.0;OFF;ON;100;1,20;1,10;4,60;13,70;96;114,30;3,40;3,50;65,30;4,50;3,80;
2026-06-23 20:15:00.0;OFF;ON;100;1,20;1,10;4,60;13,60;96;114,30;3,50;3,50;65,20;4,50;3,80;
2026-06-23 20:16:00.0;OFF;ON;100;1,20;1,10;4,60;13,60;96;114,30;3,40;3,50;65,50;4,50;3,80;
2026-06-23 20:17:00.0;OFF;ON;100;1,10;1,10;4,60;13,60;96;114,30;3,50;3,50;64,60;4,50;3,80;
2026-06-23 20:18:00.0;OFF;ON;100;1,10;1,10;4,60;13,60;95,90;114,30;3,50;3,50;65,40;4,50;3,80;
2026-06-23 20:19:00.0;OFF;ON;100;1,10;1,10;4,60;13,50;96;114,30;3,50;3,50;65,40;4,50;3,80;
2026-06-23 20:20:00.0;OFF;ON;100;1,10;1,10;4,60;13,50;96;114,30;3,50;3,50;65,40;4,50;3,80;
2026-06-23 20:21:00.0;OFF;ON;100;1,20;1,10;4,60;13,50;96;114,30;3,30;3,50;66,10;4,40;3,80;
2026-06-23 20:22:00.0;OFF;ON;100;1,10;1,10;4,60;13,50;96;114,30;3,50;3,50;65,60;4,40;3,80;
2026-06-23 20:23:00.0;OFF;ON;100;1,20;1,10;4,60;13,40;95,90;114,30;3,30;3,50;66,20;4,40;3,70;
2026-06-23 20:24:00.0;OFF;ON;100;1,20;1,10;4,60;13,40;95,90;114,30;3,30;3,50;66,20;4,40;3,70;
2026-06-23 20:25:00.0;OFF;ON;100;0,80;1;4,50;13,40;95,80;114,30;3,70;3,50;64;4,40;3,70;
2026-06-23 20:26:00.0;OFF;ON;100;0,90;1;4,50;13,40;95,90;114,30;3,60;3,50;64,80;4,40;3,70;
2026-06-23 20:27:00.0;OFF;ON;100;0,90;1;4,50;13,40;95,90;114,30;3,60;3,50;64,80;4,40;3,70;
2026-06-23 20:28:00.0;OFF;ON;100;1,10;1;4,50;13,30;95,90;114,30;3,40;3,50;65,70;4,40;3,70;
2026-06-23 20:29:00.0;OFF;ON;100;0,80;1;4,50;13,30;95,80;114,30;3,70;3,50;63,90;4,40;3,70;
2026-06-23 20:30:00.0;OFF;ON;100;1;1;4,50;13,30;95,90;114,30;3,50;3,50;65,90;4,40;3,70;
2026-06-23 20:31:00.0;OFF;ON;100;1,10;1;4,50;13,20;95,90;114,30;3,40;3,50;66,30;4,30;3,70;
2026-06-23 20:32:00.0;OFF;ON;100;0,90;1;4,50;13,20;95,90;114,30;3,60;3,50;65;4,30;3,60;
2026-06-23 20:33:00.0;OFF;ON;100;0,80;1;4,40;13,20;95,80;114,30;3,70;3,50;64,50;4,30;3,60;
2026-06-23 20:34:00.0;OFF;ON;100;0,70;0,90;4,40;13,20;95,90;114,30;3,70;3,50;64,20;4,30;3,60;
2026-06-23 20:35:00.0;OFF;ON;100;0,70;0,90;4,40;13,20;95,90;114,30;3,70;3,50;64,20;4,30;3,60;
2026-06-23 20:36:00.0;OFF;ON;100;1;0,90;4,40;13,10;95,90;114,30;3,50;3,50;66,10;4,30;3,60;
2026-06-23 20:37:00.0;OFF;ON;100;0,90;0,90;4,40;13,10;95,90;114,30;3,50;3,50;65,90;4,30;3,60;
2026-06-23 20:38:00.0;OFF;ON;100;0,90;0,90;4,40;13,10;95,80;114,30;3,50;3,50;66,10;4,30;3,60;
2026-06-23 20:39:00.0;OFF;ON;100;0,90;0,90;4,40;13;95,80;114,30;3,50;3,50;65,20;4,30;3,60;
2026-06-23 20:40:00.0;OFF;ON;100;1,10;0,90;4,40;13;95,80;114,30;3,30;3,50;66,80;4,30;3,60;
2026-06-23 20:41:00.0;OFF;ON;100;1;0,90;4,40;13;95,80;114,30;3,40;3,50;66,20;4,20;3,50;
2026-06-23 20:42:00.0;OFF;ON;100;0,90;0,90;4,30;13;95,80;114,30;3,40;3,50;65,90;4,20;3,50;
2026-06-23 20:43:00.0;OFF;ON;100;0,70;0,80;4,30;12,90;95,90;114,30;3,70;3,50;64,20;4,20;3,50;
2026-06-23 20:44:00.0;OFF;ON;100;0,60;0,80;4,30;12,90;95,80;114,30;3,70;3,50;63,80;4,20;3,50;
2026-06-23 20:45:00.0;OFF;ON;100;0,50;0,80;4,30;12,90;95,80;114,30;3,80;3,50;63,20;4,20;3,50;
2026-06-23 20:46:00.0;OFF;ON;100;0,60;0,80;4,30;12,90;95,80;114,30;3,70;3,50;63,50;4,20;3,50;
2026-06-23 20:47:00.0;OFF;ON;100;0,60;0,80;4,30;12,80;95,80;114,30;3,70;3,50;63,60;4,20;3,50;
2026-06-23 20:48:00.0;OFF;ON;100;0,70;0,80;4,30;12,80;95,80;114,30;3,60;3,50;64,40;4,20;3,50;
2026-06-23 20:49:00.0;OFF;ON;100;0,50;0,80;4,30;12,80;95,80;114,30;3,80;3,50;62,90;4,20;3,40;
2026-06-23 20:50:00.0;OFF;ON;100;0,40;0,70;4,20;12,80;95,80;114,30;3,80;3,50;62,80;4,10;3,40;
2026-06-23 20:51:00.0;OFF;ON;100;0,50;0,70;4,20;12,70;95,80;114,30;3,70;3,50;63,10;4,10;3,40;
2026-06-23 20:52:00.0;OFF;ON;100;0,40;0,70;4,20;12,70;95,80;114,30;3,80;3,50;62,70;4,10;3,40;
2026-06-23 20:53:00.0;OFF;ON;100;0,50;0,70;4,20;12,70;95,80;114,30;3,70;3,50;63,10;4,10;3,40;
2026-06-23 20:54:00.0;OFF;ON;100;0,50;0,70;4,20;12,70;95,80;114,30;3,70;3,50;63,10;4,10;3,40;
2026-06-23 20:55:00.0;OFF;ON;100;0,40;0,70;4,20;12,70;95,80;114,30;3,80;3,50;62,80;4,10;3,40;
2026-06-23 20:56:00.0;OFF;ON;100;0,60;0,70;4,20;12,60;95,80;114,30;3,60;3,50;63,80;4,10;3,40;
2026-06-23 20:57:00.0;OFF;ON;100;0,40;0,70;4,20;12,60;95,80;114,30;3,70;3,50;63,10;4,10;3,40;
2026-06-23 20:58:00.0;OFF;ON;100;0,60;0,70;4,20;12,60;95,80;114,30;3,60;3,50;63,90;4,10;3,40;
2026-06-23 20:59:00.0;OFF;ON;100;0,40;0,70;4,10;12,60;95,80;114,30;3,70;3,50;63;4;3,30;
2026-06-23 21:00:00.0;OFF;ON;100;0,40;0,60;4,10;12,50;95,80;114,30;3,70;3,50;63;4;3,30;
2026-06-23 21:01:00.0;OFF;ON;100;0,50;0,60;4,10;12,50;95,80;114,30;3,60;3,50;63,70;4;3,30;
2026-06-23 21:02:00.0;OFF;ON;100;0,70;0,60;4,10;12,50;95,80;114,30;3,40;3,50;65,10;4;3,30;
2026-06-23 21:03:00.0;OFF;ON;100;0,60;0,60;4,10;12,40;95,80;114,30;3,50;3,50;64;4;3,30;
2026-06-23 21:04:00.0;OFF;ON;100;0,40;0,60;4,10;12,40;95,80;114,30;3,70;3,50;63,50;4;3,30;
2026-06-23 21:05:00.0;OFF;ON;100;0,60;0,60;4,10;12,40;95,80;114,30;3,50;3,50;65,10;4;3,30;
2026-06-23 21:06:00.0;OFF;ON;100;0,80;0,60;4,10;12,40;95,80;114,30;3,30;3,50;65,80;4;3,30;
2026-06-23 21:07:00.0;OFF;ON;100;0,40;0,60;4,10;12,30;95,80;114,30;3,70;3,50;63,80;4;3,30;
2026-06-23 21:08:00.0;OFF;ON;100;0,50;0,60;4,10;12,30;95,80;114,30;3,50;3,50;65,20;4;3,30;
2026-06-23 21:09:00.0;OFF;ON;100;0,70;0,60;4;12,30;95,80;114,30;3,40;3,50;65,60;4;3,30;
2026-06-23 21:10:00.0;OFF;ON;100;0,60;0,50;4;12,30;95,80;114,30;3,50;3,50;65,30;3,90;3,20;
2026-06-23 21:11:00.0;OFF;ON;100;0,40;0,50;4;12,20;95,80;114,30;3,60;3,50;64,40;3,90;3,20;
2026-06-23 21:12:00.0;OFF;ON;100;0,60;0,50;4;12,20;95,80;114,30;3,40;3,50;65,50;3,90;3,20;
2026-06-23 21:13:00.0;OFF;ON;100;0,50;0,50;4;12,20;95,80;114,30;3,50;3,50;65,50;3,90;3,20;
2026-06-23 21:14:00.0;OFF;ON;100;0,50;0,50;4;12,20;95,80;114,30;3,50;3,50;65,80;3,90;3,20;
2026-06-23 21:15:00.0;OFF;ON;100;0,60;0,50;4;12,20;95,80;114,30;3,40;3,50;66,10;3,90;3,20;
2026-06-23 21:16:00.0;OFF;ON;100;0,50;0,50;4;12,10;95,80;114,30;3,50;3,50;66,10;3,90;3,20;
2026-06-23 21:17:00.0;OFF;ON;100;0,50;0,50;4;12,10;95,80;114,30;3,50;3,50;66,30;3,90;3,20;
2026-06-23 21:18:00.0;OFF;ON;100;0,50;0,50;4;12,10;95,80;114,30;3,50;3,50;66,50;3,90;3,20;
2026-06-23 21:19:00.0;OFF;ON;100;0,50;0,50;4;12,10;95,80;114,30;3,50;3,50;66,50;3,90;3,20;
2026-06-23 21:20:00.0;OFF;ON;100;0,60;0,50;3,90;12;95,80;114,30;3,30;3,50;67,50;3,80;3,20;
2026-06-23 21:21:00.0;OFF;ON;100;0,50;0,40;3,90;12;95,80;114,30;3,40;3,50;67,10;3,80;3,20;
2026-06-23 21:22:00.0;OFF;ON;100;0,50;0,40;3,90;12;95,80;114,30;3,40;3,50;67;3,80;3,20;
2026-06-23 21:23:00.0;OFF;ON;100;0,60;0,40;3,90;12;95,80;114,30;3,40;3,50;67,60;3,80;3,10;
2026-06-23 21:24:00.0;OFF;ON;100;0,40;0,40;3,90;11,90;95,80;114,30;3,50;3,50;66,40;3,80;3,10;
2026-06-23 21:25:00.0;OFF;ON;100;0,50;0,40;3,90;11,90;95,80;114,30;3,40;3,50;67,70;3,80;3,10;
2026-06-23 21:26:00.0;OFF;ON;100;0,60;0,40;3,90;11,90;95,80;114,30;3,30;3,50;68,50;3,80;3,10;
2026-06-23 21:27:00.0;OFF;ON;100;0,40;0,40;3,90;11,90;95,80;114,30;3,50;3,50;66,60;3,80;3,10;
2026-06-23 21:28:00.0;OFF;ON;100;0,50;0,40;3,90;11,80;95,80;114,30;3,40;3,50;67,90;3,70;3,10;
2026-06-23 21:29:00.0;OFF;ON;100;0,20;0,40;3,90;11,80;95,80;114,30;3,70;3,50;65,90;3,70;3,10;
2026-06-23 21:30:00.0;OFF;ON;100;0,30;0,30;3,80;11,80;95,80;114,30;3,60;3,50;66,90;3,70;3;
2026-06-23 21:31:00.0;OFF;ON;100;0,40;0,30;3,80;11,80;95,80;114,30;3,40;3,50;67,80;3,70;3;
2026-06-23 21:32:00.0;OFF;ON;100;0,20;0,30;3,80;11,70;95,80;114,30;3,60;3,50;66,40;3,70;3;
2026-06-23 21:33:00.0;OFF;ON;100;0,40;0,30;3,80;11,70;95,70;114,30;3,40;3,50;67,80;3,70;3;
2026-06-23 21:34:00.0;OFF;ON;100;0,10;0,30;3,80;11,70;95,70;114,20;3,70;3,50;66,20;3,70;3;
2026-06-23 21:35:00.0;OFF;ON;100;0,30;0,30;3,80;11,70;95,70;114,30;3,50;3,50;67,70;3,60;3;
2026-06-23 21:36:00.0;OFF;ON;100;0,40;0,30;3,80;11,60;95,60;114,30;3,30;3,50;68,40;3,60;2,90;
2026-06-23 21:37:00.0;OFF;ON;100;0;0,20;3,70;11,60;95,60;114,30;3,70;3,50;65,80;3,60;2,90;
2026-06-23 21:38:00.0;OFF;ON;100;0,20;0,20;3,70;11,60;95,60;114,30;3,50;3,50;67,80;3,60;2,90;
2026-06-23 21:39:00.0;OFF;ON;100;0,10;0,20;3,70;11,60;95,60;114,30;3,60;3,50;66,50;3,60;2,90;
2026-06-23 21:40:00.0;OFF;ON;100;0,10;0,20;3,70;11,60;95,60;114,30;3,60;3,50;66,60;3,60;2,90;
2026-06-23 21:41:00.0;OFF;ON;100;0,30;0,20;3,70;11,50;95,70;114,30;3,30;3,50;68,20;3,60;2,90;
2026-06-23 21:42:00.0;OFF;ON;100;0;0,20;3,70;11,50;95,70;114,30;3,70;3,50;66,20;3,50;2,80;
2026-06-23 21:43:00.0;OFF;ON;100;-0,10;0,10;3,60;11,50;95,70;114,20;3,80;3,50;65,40;3,50;2,80;
2026-06-23 21:44:00.0;OFF;ON;100;0;0,10;3,60;11,40;95,60;114,20;3,70;3,50;66,10;3,50;2,80;
2026-06-23 21:45:00.0;OFF;ON;100;0,30;0,10;3,60;11,40;95,60;114,20;3,30;3,50;68,30;3,50;2,80;
2026-06-23 21:46:00.0;OFF;ON;100;-0,10;0,10;3,60;11,40;95,50;114,20;3,70;3,50;66;3,50;2,80;
2026-06-23 21:47:00.0;OFF;ON;100;0,30;0,10;3,60;11,40;95,60;114,20;3,30;3,50;68,40;3,50;2,80;
2026-06-23 21:48:00.0;OFF;ON;100;-0,20;0,10;3,60;11,40;95,50;114,20;3,70;3,50;65,60;3,50;2,70;
2026-06-23 21:49:00.0;OFF;ON;100;-0,10;0,10;3,60;11,30;95,60;114,20;3,70;3,50;66,20;3,50;2,70;
2026-06-23 21:50:00.0;OFF;ON;100;0,40;0;3,50;11,30;95,60;114,20;3,20;3,50;69,20;3,40;2,70;
2026-06-23 21:51:00.0;OFF;ON;100;0,10;0;3,60;11,30;95,60;114,20;3,50;3,50;67,30;3,40;2,80;
2026-06-23 21:52:00.0;OFF;ON;100;0,10;0,10;3,60;11,30;95,70;114,20;3,40;3,50;68,50;3,50;2,80;
2026-06-23 21:53:00.0;OFF;ON;100;0,20;0,10;3,60;11,20;95,70;114,20;3,40;3,50;69,10;3,40;2,80;
2026-06-23 21:54:00.0;OFF;ON;100;0,20;0,10;3,60;11,20;95,70;114,20;3,40;3,50;69,30;3,40;2,80;
2026-06-23 21:55:00.0;OFF;ON;100;0;0;3,50;11,20;95,70;114,20;3,50;3,50;67,60;3,40;2,70;
2026-06-23 21:56:00.0;OFF;ON;100;0;0;3,50;11,20;95,60;114,20;3,50;3,50;68,60;3,40;2,60;
2026-06-23 21:57:00.0;OFF;ON;100;0;0;3,50;11,10;95,60;114,20;3,50;3,50;68,80;3,30;2,60;
2026-06-23 21:58:00.0;OFF;ON;100;-0,10;0;3,50;11,10;95,50;114,20;3,60;3,50;67,90;3,30;2,60;
2026-06-23 21:59:00.0;OFF;ON;100;-0,20;0;3,50;11,10;95,50;114,20;3,70;3,50;66,80;3,30;2,60;
2026-06-23 22:00:00.0;OFF;ON;100;0,10;0;3,40;11,10;95,50;114,20;3,30;3,50;69,30;3,30;2,50;
2026-06-23 22:01:00.0;OFF;ON;100;-0,10;-0,10;3,40;11;95,30;114,20;3,50;3,50;67,70;3,30;2,50;
2026-06-23 22:02:00.0;OFF;ON;100;0,10;-0,10;3,40;11;95,40;114,20;3,30;3,50;69,50;3,30;2,50;
2026-06-23 22:03:00.0;OFF;ON;100;-0,70;-0,10;3,40;11;95,50;114,20;4;3,50;64,70;3,20;2,50;
2026-06-23 22:04:00.0;OFF;ON;100;0,10;-0,10;3,40;11;95,40;114,20;3,20;3,50;69,50;3,20;2,50;
2026-06-23 22:05:00.0;OFF;ON;100;-0,20;-0,20;3,30;10,90;95,40;114,20;3,50;3,50;68,40;3,20;2,50;
2026-06-23 22:06:00.0;OFF;ON;100;0;-0,20;3,30;10,90;95,40;114,20;3,30;3,50;69,30;3,20;2,50;
2026-06-23 22:07:00.0;OFF;ON;100;-0,30;-0,20;3,30;10,90;95,40;114,20;3,60;3,50;67,50;3,20;2,50;
2026-06-23 22:08:00.0;OFF;ON;100;-0,60;-0,20;3,30;10,90;95,40;114,20;4;3,50;65,10;3,20;2,50;
2026-06-23 22:09:00.0;OFF;ON;100;-0,20;-0,20;3,30;10,80;95,40;114,20;3,50;3,50;67,40;3,20;2,40;
2026-06-23 22:10:00.0;OFF;ON;100;-0,20;-0,20;3,30;10,80;95,30;114,20;3,40;3,50;68,40;3,10;2,40;
2026-06-23 22:11:00.0;OFF;ON;100;-0,30;-0,30;3,20;10,80;95,30;114,20;3,50;3,50;68,50;3,10;2,40;
2026-06-23 22:12:00.0;OFF;ON;100;-0,10;-0,30;3,20;10,80;95,40;114,20;3,40;3,50;68,90;3,10;2,40;
2026-06-23 22:13:00.0;OFF;ON;100;-0,80;-0,30;3,20;10,80;95,40;114,20;4;3,50;64,70;3,10;2,40;
2026-06-23 22:14:00.0;OFF;ON;100;-0,20;-0,30;3,20;10,70;95,50;114,20;3,40;3,50;68,50;3;2,30;
2026-06-23 22:15:00.0;OFF;ON;100;-0,20;-0,30;3,20;10,70;95,50;114,20;3,30;3,50;69,10;3,10;2,30;
2026-06-23 22:16:00.0;OFF;ON;100;-0,30;-0,30;3,20;10,70;95,50;114,20;3,50;3,50;68,50;3,10;2,30;
2026-06-23 22:17:00.0;OFF;ON;100;-0,20;-0,30;3,20;10,70;95,50;114,20;3,30;3,50;69,30;3,10;2,30;
2026-06-23 22:18:00.0;OFF;ON;100;-0,10;-0,30;3,20;10,60;95,50;114,20;3,20;3,50;69,80;3;2,20;
2026-06-23 22:19:00.0;OFF;ON;100;-0,40;-0,30;3,10;10,60;95,40;114,20;3,50;3,50;67,80;3;2,20;
2026-06-23 22:20:00.0;OFF;ON;100;-0,40;-0,40;3,10;10,60;95,40;114,20;3,50;3,50;67,80;3;2,30;
2026-06-23 22:21:00.0;OFF;ON;100;-0,30;-0,40;3,10;10,60;95,40;114,20;3,40;3,50;69,10;3;2,30;
2026-06-23 22:22:00.0;OFF;ON;100;-0,70;-0,40;3,10;10,50;95,50;114,20;3,80;3,50;66,20;3;2,30;
2026-06-23 22:23:00.0;OFF;ON;100;-0,40;-0,40;3,10;10,50;95,40;114,20;3,50;3,50;68,80;3;2,20;
2026-06-23 22:24:00.0;OFF;ON;100;-0,40;-0,40;3,10;10,50;95,40;114,20;3,50;3,50;67,90;2,90;2,20;
2026-06-23 22:25:00.0;OFF;ON;100;-0,10;-0,40;3,10;10,50;95,40;114,20;3,10;3,50;70,90;2,90;2,20;
2026-06-23 22:26:00.0;OFF;ON;100;-0,10;-0,40;3,10;10,40;95,40;114,20;3,20;3,50;70,90;2,90;2,20;
2026-06-23 22:27:00.0;OFF;ON;100;-0,50;-0,40;3,10;10,40;95,40;114,20;3,50;3,50;68,20;2,90;2,20;
2026-06-23 22:28:00.0;OFF;ON;100;-0,50;-0,40;3;10,40;95,40;114,20;3,50;3,50;69,30;2,90;2,10;
2026-06-23 22:29:00.0;OFF;ON;100;-0,60;-0,50;3;10,40;95,30;114,20;3,50;3,50;69,30;2,90;2,10;
2026-06-23 22:30:00.0;OFF;ON;100;-0,30;-0,50;3;10,30;95,40;114,20;3,30;3,50;70,70;2,90;2,10;
2026-06-23 22:31:00.0;OFF;ON;100;-0,40;-0,50;3;10,30;95,40;114,20;3,40;3,50;70,10;2,90;2,20;
2026-06-23 22:32:00.0;OFF;ON;100;-0,50;-0,50;3;10,30;95,40;114,20;3,60;3,50;68,70;2,90;2,10;
2026-06-23 22:33:00.0;OFF;ON;100;-0,40;-0,50;3;10,30;95,40;114,20;3,40;3,50;69,80;2,80;2;
2026-06-23 22:34:00.0;OFF;ON;100;-0,40;-0,60;2,90;10,20;95,40;114,20;3,30;3,50;70,60;2,80;2,10;
2026-06-23 22:35:00.0;OFF;ON;100;-0,60;-0,60;2,90;10,20;95,40;114,10;3,50;3,50;69,20;2,80;2,10;
2026-06-23 22:36:00.0;OFF;ON;100;-0,90;-0,60;2,90;10,20;95,40;114,10;3,80;3,50;67,80;2,80;2,10;
2026-06-23 22:37:00.0;OFF;ON;100;-0,60;-0,60;2,90;10,20;95,40;114,10;3,50;3,50;68,80;2,80;2;
2026-06-23 22:38:00.0;OFF;ON;100;-0,40;-0,60;2,90;10,20;95,20;114,10;3,30;3,50;71,10;2,70;2;
2026-06-23 22:39:00.0;OFF;ON;100;-0,30;-0,60;2,90;10,10;95,20;114,10;3,10;3,50;72,20;2,70;2;
2026-06-23 22:40:00.0;OFF;ON;100;-0,50;-0,60;2,80;10,10;95,30;114,10;3,30;3,50;71,20;2,70;2;
2026-06-23 22:41:00.0;OFF;ON;100;-0,70;-0,70;2,80;10,10;95,30;114,10;3,50;3,50;69,30;2,70;2;
2026-06-23 22:42:00.0;OFF;ON;100;-0,40;-0,70;2,80;10,10;95,30;114,10;3,20;3,50;71,80;2,70;1,90;
2026-06-23 22:43:00.0;OFF;ON;100;-0,40;-0,70;2,80;10;95,30;114,10;3,20;3,50;71,90;2,70;1,90;
2026-06-23 22:44:00.0;OFF;ON;100;-0,50;-0,70;2,80;10;95,30;114,10;3,30;3,50;71,60;2,70;1,90;
2026-06-23 22:45:00.0;OFF;ON;100;-0,70;-0,70;2,80;10;95,30;114,10;3,50;3,50;70;2,70;1,90;
2026-06-23 22:46:00.0;OFF;ON;100;-0,80;-0,70;2,80;10;95,30;114,10;3,50;3,50;69,50;2,70;1,90;
2026-06-23 22:47:00.0;OFF;ON;100;-0,60;-0,80;2,70;10;95,30;114,10;3,30;3,50;71,50;2,60;1,80;
2026-06-23 22:48:00.0;OFF;ON;100;-0,70;-0,80;2,70;9,90;95,30;114,10;3,40;3,50;71,20;2,60;1,80;
2026-06-23 22:49:00.0;OFF;ON;100;-0,60;-0,80;2,70;9,90;95,30;114,10;3,30;3,50;71,70;2,60;1,80;
2026-06-23 22:50:00.0;OFF;ON;100;-0,60;-0,80;2,70;9,90;95,30;114,10;3,30;3,50;72,10;2,60;1,80;
2026-06-23 22:51:00.0;OFF;ON;100;-0,60;-0,80;2,70;9,90;95,30;114,10;3,30;3,50;71,50;2,60;1,80;
2026-06-23 22:52:00.0;OFF;ON;100;-1;-0,80;2,70;9,90;95,20;114,10;3,60;3,50;69,70;2,50;1,80;
2026-06-23 22:53:00.0;OFF;ON;100;-0,50;-0,80;2,60;9,80;95,20;114,10;3,10;3,50;73;2,50;1,80;
2026-06-23 22:54:00.0;OFF;ON;100;-0,80;-0,90;2,60;9,80;95,20;114,10;3,50;3,50;70,50;2,50;1,80;
2026-06-23 22:55:00.0;OFF;ON;100;-1,10;-0,90;2,60;9,80;95,20;114,10;3,80;3,50;68,90;2,50;1,80;
2026-06-23 22:56:00.0;OFF;ON;100;-0,50;-0,90;2,60;9,80;95,20;114,10;3,10;3,50;73,30;2,50;1,60;
2026-06-23 22:57:00.0;OFF;ON;100;-0,90;-0,90;2,60;9,80;95,10;114,10;3,40;3,50;71,40;2,50;1,70;
2026-06-23 22:58:00.0;OFF;ON;100;-0,90;-0,90;2,60;9,80;95,20;114,10;3,50;3,50;70,50;2,50;1,70;
2026-06-23 22:59:00.0;OFF;ON;100;-0,80;-0,90;2,60;9,70;95,20;114,10;3,30;3,50;72,30;2,40;1,70;
2026-06-23 23:00:00.0;OFF;ON;100;-1,40;-0,90;2,60;9,70;95,20;114,10;4;3,50;68,30;2,40;1,70;
2026-06-23 23:01:00.0;OFF;ON;100;-1,20;-1;2,50;9,70;95,20;114,10;3,70;3,50;69,20;2,40;1,60;
2026-06-23 23:02:00.0;OFF;ON;100;-1,30;-1;2,50;9,70;95;114,10;3,80;3,50;68;2,30;1,40;
2026-06-23 23:03:00.0;OFF;ON;100;-1,80;-1,10;2,40;9,70;94,80;114,10;4,20;3,50;64,70;2,20;1,30;
2026-06-23 23:04:00.0;OFF;ON;100;-1,80;-1,20;2,30;9,60;94,80;114,10;4,10;3,50;64,40;2,20;1,20;
2026-06-23 23:05:00.0;OFF;ON;100;-1,80;-1,20;2,30;9,60;94,80;114,10;4,10;3,50;63,50;2,10;1,20;
2026-06-23 23:06:00.0;OFF;ON;100;-1,70;-1,20;2,30;9,60;94,70;114,10;3,90;3,50;64,10;2,10;1,20;
2026-06-23 23:07:00.0;OFF;ON;100;-1,50;-1,20;2,20;9,60;94,80;114,10;3,80;3,50;64,70;2,10;1,20;
2026-06-23 23:08:00.0;OFF;ON;100;-1,50;-1,30;2,20;9,60;94,80;114,10;3,70;3,50;64,60;2,10;1,20;
2026-06-23 23:09:00.0;OFF;ON;100;-1,20;-1,30;2,20;9,50;94,80;114,10;3,40;3,50;66,30;2,10;1,20;
2026-06-23 23:10:00.0;OFF;ON;100;-1,70;-1,30;2,20;9,50;94,80;114,10;3,90;3,50;62,70;2,10;1,20;
2026-06-23 23:11:00.0;OFF;ON;100;-1,70;-1,30;2,20;9,50;94,80;114,10;3,90;3,50;62,40;2;1,20;
2026-06-23 23:12:00.0;OFF;ON;100;-1,50;-1,30;2,20;9,50;94,90;114,10;3,60;3,50;64,10;2;1,20;
2026-06-23 23:13:00.0;OFF;ON;100;-1,50;-1,30;2,20;9,50;94,90;114,10;3,60;3,50;64,10;2;1,20;
2026-06-23 23:14:00.0;OFF;ON;100;-1,50;-1,30;2,20;9,50;94,90;114,10;3,70;3,50;63,50;2;1,20;
2026-06-23 23:15:00.0;OFF;ON;100;-1,40;-1,30;2,20;9,40;95;114,10;3,50;3,50;64,30;2;1,20;
2026-06-23 23:16:00.0;OFF;ON;100;-1,10;-1,30;2,20;9,40;95;114,10;3,30;3,50;65,90;2;1,20;
2026-06-23 23:17:00.0;OFF;ON;100;-1;-1,30;2,20;9,40;95,10;114,10;3,20;3,50;66,60;2;1,20;
2026-06-23 23:18:00.0;OFF;ON;100;-1,20;-1,40;2,10;9,40;95,20;114,10;3,30;3,50;66;2;1,20;
2026-06-23 23:19:00.0;OFF;ON;100;-1,50;-1,30;2,20;9,40;95,20;114,10;3,60;3,50;64,10;2;1,20;
2026-06-23 23:20:00.0;OFF;ON;100;-0,90;-1,30;2,20;9,30;95,20;114,10;3,10;3,50;67,90;2;1,20;
2026-06-23 23:21:00.0;OFF;ON;100;-1,10;-1,30;2,20;9,30;95,20;114,10;3,20;3,50;67,20;2;1,30;
2026-06-23 23:22:00.0;OFF;ON;100;-1,50;-1,40;2,10;9,30;95,20;114,10;3,60;3,50;65,10;2;1,30;
2026-06-23 23:23:00.0;OFF;ON;100;-1;-1,30;2,20;9,30;95,20;114,10;3,10;3,50;68,50;2;1,30;
2026-06-23 23:24:00.0;OFF;ON;100;-1;-1,30;2,20;9,30;95,40;114,10;3,10;3,50;69,80;2,10;1,40;
2026-06-23 23:25:00.0;OFF;ON;100;-1;-1,30;2,20;9,30;95,40;114,10;3,20;3,50;70;2,10;1,40;
2026-06-23 23:26:00.0;OFF;ON;100;-1;-1,30;2,20;9,20;95,50;114,10;3,20;3,50;70,20;2,10;1,40;
2026-06-23 23:27:00.0;OFF;ON;100;-0,90;-1,30;2,20;9,20;95,50;114,10;3,10;3,50;71,50;2,10;1,40;
2026-06-23 23:28:00.0;OFF;ON;100;-1,10;-1,30;2,20;9,20;95,50;114,10;3,30;3,50;71,10;2;1,30;
2026-06-23 23:29:00.0;OFF;ON;100;-1,10;-1,30;2,20;9,20;95,40;114,10;3,30;3,50;71,30;2;1,30;
2026-06-23 23:30:00.0;OFF;ON;100;-1,10;-1,30;2,20;9,20;95,30;114,10;3,20;3,50;72,10;2;1,30;
2026-06-23 23:31:00.0;OFF;ON;100;-1,10;-1,30;2,20;9,10;95,30;114,10;3,20;3,50;72,40;2;1,30;
2026-06-23 23:32:00.0;OFF;ON;100;-1,70;-1,30;2,10;9,10;95,40;114,10;3,90;3,50;68,70;2;1,30;
2026-06-23 23:33:00.0;OFF;ON;100;-0,90;-1,40;2,10;9,10;95,40;114,10;3;3,50;74,20;2;1,20;
2026-06-23 23:34:00.0;OFF;ON;100;-1,20;-1,40;2,10;9,10;95,20;114,10;3,30;3,50;73,20;1,90;1,20;
2026-06-23 23:35:00.0;OFF;ON;100;-1,10;-1,40;2,10;9,10;95,20;114,10;3,20;3,50;74,10;1,90;1,20;
2026-06-23 23:36:00.0;OFF;ON;100;-1,40;-1,40;2,10;9;95,20;114,10;3,50;3,50;72,60;1,90;1,20;
2026-06-23 23:37:00.0;OFF;ON;100;-1,70;-1,40;2;9;95,20;114,10;3,70;3,50;70,80;1,90;1,20;
2026-06-23 23:38:00.0;OFF;ON;100;-1,10;-1,50;2;9;95,20;114,10;3,10;3,50;75,20;1,90;1;
2026-06-23 23:39:00.0;OFF;ON;100;-1,50;-1,50;2;9;95;114,10;3,40;3,50;73,10;1,80;1,10;
2026-06-23 23:40:00.0;OFF;ON;100;-1,20;-1,50;2;9;95,10;114,10;3,20;3,50;75,10;1,80;1,10;
2026-06-23 23:41:00.0;OFF;ON;100;-1,40;-1,50;2;9;95,20;114,10;3,30;3,50;74,30;1,80;1,10;
2026-06-23 23:42:00.0;OFF;ON;100;-1,30;-1,60;1,90;8,90;95,20;114,10;3,20;3,50;74,60;1,80;1;
2026-06-23 23:43:00.0;OFF;ON;100;-1,70;-1,60;1,90;8,90;95,10;114,10;3,60;3,50;72,70;1,70;0,90;
2026-06-23 23:44:00.0;OFF;ON;100;-1,40;-1,60;1,90;8,90;95;114,10;3,30;3,50;74,90;1,70;1;
2026-06-23 23:45:00.0;OFF;ON;100;-1,70;-1,60;1,90;8,90;95;114,10;3,50;3,50;73,40;1,70;0,90;
2026-06-23 23:46:00.0;OFF;ON;100;-2,20;-1,60;1,80;8,90;95;114,10;4,10;3,50;70;1,70;0,90;
2026-06-23 23:47:00.0;OFF;ON;100;-1,60;-1,70;1,80;8,80;95;114,10;3,40;3,50;74,10;1,70;0,80;
2026-06-23 23:48:00.0;OFF;ON;100;-1,70;-1,70;1,80;8,80;94,90;114,10;3,50;3,50;74,30;1,70;0,80;
2026-06-23 23:49:00.0;OFF;ON;100;-1,70;-1,70;1,80;8,80;95;114,10;3,40;3,50;74,50;1,60;0,80;
2026-06-23 23:50:00.0;OFF;ON;100;-1,70;-1,70;1,80;8,80;94,90;114,10;3,50;3,50;74,90;1,60;0,90;
2026-06-23 23:51:00.0;OFF;ON;100;-1,80;-1,70;1,80;8,80;95;114,10;3,60;3,50;73,60;1,60;0,80;
2026-06-23 23:52:00.0;OFF;ON;100;-1,40;-1,80;1,70;8,70;95;114,10;3,10;3,50;76,60;1,60;0,70;
2026-06-23 23:53:00.0;OFF;ON;100;-1,90;-1,80;1,70;8,70;94,90;114,10;3,60;3,50;74,10;1,60;0,70;
2026-06-23 23:54:00.0;OFF;ON;100;-1,70;-1,80;1,70;8,70;94,90;114,10;3,30;3,50;75,80;1,50;0,70;
2026-06-23 23:55:00.0;OFF;ON;100;-1,80;-1,80;1,70;8,70;95;114,10;3,50;3,50;75,60;1,50;0,70;
2026-06-23 23:56:00.0;OFF;ON;100;-1,80;-1,80;1,70;8,70;95;114,10;3,50;3,50;75;1,50;0,70;
2026-06-23 23:57:00.0;OFF;ON;100;-1,60;-1,90;1,60;8,60;94,90;114,10;3,20;3,50;76,80;1,50;0,60;
2026-06-23 23:58:00.0;OFF;ON;100;-1,80;-1,90;1,60;8,60;94,80;114,10;3,40;3,50;75,40;1,50;0,70;
2026-06-23 23:59:00.0;OFF;ON;100;-1,90;-1,90;1,60;8,60;94,90;114,10;3,50;3,50;74,80;1,50;0,70;
