CamCarcacas2;
2026-07-23 00:00;2026-07-24 00:00;
12144 Frigorífico Thoms;
ayron.costa;
" ";CPCO 51 - Câmara de carcaças - Controle de temperatura 1;CPCO 51 - Câmara de carcaças - Controle de temperatura 1;CPCO 51 - Câmara de carcaças - Controle de temperatura 1;CPCO 51 - Câmara de carcaças - Controle de temperatura 1;CPCO 51 - Câmara de carcaças - Controle de temperatura 1;CPCO 51 - Câmara de carcaças - Controle de temperatura 1;CPCO 52 - Câmara de carcaças - Controle de temperatura 2;CPCO 52 - Câmara de carcaças - Controle de temperatura 2;CPCO 53 - Balança;CPCO 51 - Câmara de carcaças - Controle de temperatura 1;CPCO 51 - Câmara de carcaças - Controle de temperatura 1;CPCO 51 - Câmara de carcaças - Controle de temperatura 1;CPCO 51 - Câmara de carcaças - Controle de temperatura 1;CPCO 54 - Câmara de carcaças - Controle de temperatura 3;
" ";Carregamento;Resfriamento;Saida Y1 - Ventiladores EC;Temp entrada glicol;Temp ref;Temp retorno ar;Temperatuda espeto;Umidade relativa da camara;Peso atual;DT Atual;DT ref;Cap Atual Valvula;Temp retorno ar M1A08;Temp Insuf de ar M1A08;" ";
2026-07-23 00:00:00.0;OFF;ON;100;-3,40;-4;-0,60;9,30;95,30;124,90;2,90;3,50;99,60;-0,70;-1,20;
2026-07-23 00:01:00.0;OFF;ON;100;-3,50;-4;-0,60;9,30;95,30;124,80;2,90;3,50;99,50;-0,70;-1,20;
2026-07-23 00:02:00.0;OFF;ON;100;-3,40;-4;-0,60;9,30;95,30;124,80;2,80;3,50;99,60;-0,70;-1,20;
2026-07-23 00:03:00.0;OFF;ON;100;-3,40;-4;-0,60;9,20;95,30;124,80;2,80;3,50;99,80;-0,70;-1,20;
2026-07-23 00:04:00.0;OFF;ON;100;-3,30;-4;-0,60;9,20;95,20;124,90;2,70;3,50;100;-0,70;-1,20;
2026-07-23 00:05:00.0;OFF;ON;100;-3,40;-4;-0,60;9,20;95,30;124,80;2,80;3,50;99,80;-0,70;-1,20;
2026-07-23 00:06:00.0;OFF;ON;100;-3,40;-4;-0,60;9,20;95,30;124,90;2,80;3,50;99,60;-0,70;-1,20;
2026-07-23 00:07:00.0;OFF;ON;100;-3,30;-4;-0,60;9,10;95,30;124,90;2,70;3,50;100;-0,70;-1,20;
2026-07-23 00:08:00.0;OFF;ON;100;-3,40;-4;-0,60;9,10;95,30;124,90;2,80;3,50;100;-0,70;-1,30;
2026-07-23 00:09:00.0;OFF;ON;100;-3,30;-4;-0,60;9,10;95,30;124,90;2,70;3,50;100;-0,70;-1,30;
2026-07-23 00:10:00.0;OFF;ON;100;-3,30;-4;-0,60;9,10;95,30;124,80;2,70;3,50;100;-0,70;-1,30;
2026-07-23 00:11:00.0;OFF;ON;100;-3,30;-4;-0,60;9;95,30;124,80;2,70;3,50;100;-0,70;-1,30;
2026-07-23 00:12:00.0;OFF;ON;100;-3,40;-4;-0,60;9;95,30;124,80;2,80;3,50;99,70;-0,70;-1,30;
2026-07-23 00:13:00.0;OFF;ON;100;-3,40;-4;-0,60;9;95,30;124,80;2,80;3,50;99,60;-0,70;-1,30;
2026-07-23 00:14:00.0;OFF;ON;100;-3,30;-4;-0,60;9;95,30;124,80;2,70;3,50;100;-0,70;-1,30;
2026-07-23 00:15:00.0;OFF;ON;100;-3,30;-4;-0,60;8,90;95,30;124,80;2,70;3,50;100;-0,70;-1,30;
2026-07-23 00:16:00.0;OFF;ON;100;-3,30;-4;-0,60;8,90;95,30;124,80;2,70;3,50;100;-0,70;-1,30;
2026-07-23 00:17:00.0;OFF;ON;100;-3,30;-4;-0,60;8,90;95,30;124,80;2,70;3,50;100;-0,70;-1,30;
2026-07-23 00:18:00.0;OFF;ON;100;-3,30;-4;-0,60;8,90;95,30;124,90;2,70;3,50;100;-0,70;-1,30;
2026-07-23 00:19:00.0;OFF;ON;100;-3,40;-4;-0,60;8,90;95,30;124,90;2,80;3,50;99,80;-0,70;-1,30;
2026-07-23 00:20:00.0;OFF;ON;100;-3,40;-4;-0,60;8,80;95,30;124,80;2,80;3,50;99,70;-0,80;-1,30;
2026-07-23 00:21:00.0;OFF;ON;100;-3,40;-4;-0,60;8,80;95,30;124,80;2,80;3,50;99,60;-0,70;-1,30;
2026-07-23 00:22:00.0;OFF;ON;100;-3,30;-4;-0,60;8,80;95,20;124,80;2,70;3,50;100;-0,70;-1,30;
2026-07-23 00:23:00.0;OFF;ON;100;-3,40;-4;-0,60;8,80;95,30;124,80;2,80;3,50;99,60;-0,80;-1,30;
2026-07-23 00:24:00.0;OFF;ON;100;-3,40;-4;-0,60;8,70;95,30;124,80;2,80;3,50;99,70;-0,80;-1,30;
2026-07-23 00:25:00.0;OFF;ON;100;-3,40;-4;-0,60;8,70;95,20;124,90;2,80;3,50;99,60;-0,80;-1,30;
2026-07-23 00:26:00.0;OFF;ON;100;-3,40;-4;-0,60;8,70;95,20;124,80;2,80;3,50;99,70;-0,80;-1,30;
2026-07-23 00:27:00.0;OFF;ON;100;-3,30;-4;-0,60;8,70;95,30;124,80;2,80;3,50;100;-0,80;-1,30;
2026-07-23 00:28:00.0;OFF;ON;100;-3,40;-4;-0,60;8,60;95,20;124,80;2,80;3,50;99,60;-0,80;-1,30;
2026-07-23 00:29:00.0;OFF;ON;100;-3,30;-4;-0,60;8,60;95,20;124,80;2,70;3,50;100;-0,80;-1,30;
2026-07-23 00:30:00.0;OFF;ON;100;-3,40;-4;-0,60;8,60;95,20;124,80;2,80;3,50;99,70;-0,80;-1,30;
2026-07-23 00:31:00.0;OFF;ON;100;-3,30;-4;-0,60;8,60;95,20;124,90;2,70;3,50;100;-0,80;-1,30;
2026-07-23 00:32:00.0;OFF;ON;100;-3,40;-4;-0,60;8,50;95,20;124,80;2,80;3,50;99,70;-0,80;-1,30;
2026-07-23 00:33:00.0;OFF;ON;100;-3,30;-4;-0,60;8,50;95,20;124,80;2,70;3,50;100;-0,80;-1,30;
2026-07-23 00:34:00.0;OFF;ON;100;-3,30;-4;-0,60;8,50;95,20;124,90;2,70;3,50;100;-0,80;-1,30;
2026-07-23 00:35:00.0;OFF;ON;100;-3,40;-4;-0,60;8,50;95,20;124,90;2,80;3,50;99,80;-0,80;-1,30;
2026-07-23 00:36:00.0;OFF;ON;100;-3,40;-4;-0,60;8,50;95,30;124,80;2,80;3,50;100;-0,80;-1,30;
2026-07-23 00:37:00.0;OFF;ON;100;-3,30;-4;-0,60;8,40;95,20;124,80;2,80;3,50;99,70;-0,80;-1,30;
2026-07-23 00:38:00.0;OFF;ON;100;-3,40;-4;-0,60;8,40;95,20;124,80;2,80;3,50;99,70;-0,80;-1,30;
2026-07-23 00:39:00.0;OFF;ON;100;-3,30;-4;-0,60;8,40;95,20;124,80;2,70;3,50;100;-0,80;-1,30;
2026-07-23 00:40:00.0;OFF;ON;100;-3,30;-4;-0,60;8,40;95,20;124,90;2,70;3,50;100;-0,80;-1,30;
2026-07-23 00:41:00.0;OFF;ON;100;-3,40;-4;-0,60;8,40;95,20;124,80;2,80;3,50;99,70;-0,80;-1,30;
2026-07-23 00:42:00.0;OFF;ON;100;-3,40;-4;-0,60;8,30;95,20;124,80;2,80;3,50;99,70;-0,80;-1,30;
2026-07-23 00:43:00.0;OFF;ON;100;-3,30;-4;-0,60;8,30;95,20;124,80;2,70;3,50;100;-0,80;-1,30;
2026-07-23 00:44:00.0;OFF;ON;100;-3,40;-4;-0,70;8,30;95,20;124,80;2,80;3,50;99,60;-0,90;-1,30;
2026-07-23 00:45:00.0;OFF;ON;100;-3,30;-4;-0,70;8,30;95,20;124,80;2,70;3,50;100;-0,90;-1,30;
2026-07-23 00:46:00.0;OFF;ON;100;-3,40;-4;-0,70;8,20;95,20;124,80;2,70;3,50;99,90;-0,90;-1,30;
2026-07-23 00:47:00.0;OFF;ON;100;-3,30;-4;-0,70;8,20;95,20;124,80;2,70;3,50;100;-0,90;-1,30;
2026-07-23 00:48:00.0;OFF;ON;100;-3,30;-4;-0,70;8,20;95,30;124,80;2,70;3,50;100;-0,90;-1,30;
2026-07-23 00:49:00.0;OFF;ON;100;-3,40;-4;-0,70;8,20;95,30;124,80;2,70;3,50;99,60;-0,90;-1,30;
2026-07-23 00:50:00.0;OFF;ON;100;-3,40;-4;-0,70;8,10;95,20;124,80;2,70;3,50;99,80;-0,90;-1,30;
2026-07-23 00:51:00.0;OFF;ON;100;-3,40;-4;-0,70;8,10;95,20;124,80;2,70;3,50;99,70;-0,90;-1,30;
2026-07-23 00:52:00.0;OFF;ON;100;-3,30;-4;-0,70;8,10;95,20;124,80;2,60;3,50;100;-0,90;-1,30;
2026-07-23 00:53:00.0;OFF;ON;100;-3,30;-4;-0,70;8,10;95,20;124,80;2,60;3,50;100;-0,90;-1,30;
2026-07-23 00:54:00.0;OFF;ON;100;-3,30;-4;-0,70;8,10;95,20;124,80;2,60;3,50;100;-0,90;-1,30;
2026-07-23 00:55:00.0;OFF;ON;100;-3,40;-4;-0,70;8;95,20;124,80;2,70;3,50;99,60;-0,90;-1,30;
2026-07-23 00:56:00.0;OFF;ON;100;-3,40;-4;-0,70;8;95,20;124,80;2,70;3,50;99,60;-0,90;-1,30;
2026-07-23 00:57:00.0;OFF;ON;100;-3,40;-4;-0,70;8;95,20;124,80;2,70;3,50;99,60;-0,90;-1,30;
2026-07-23 00:58:00.0;OFF;ON;100;-3,30;-4;-0,70;8;95,20;124,80;2,60;3,50;100;-0,90;-1,30;
2026-07-23 00:59:00.0;OFF;ON;100;-3,30;-4;-0,70;7,90;95,20;124,80;2,60;3,50;100;-0,90;-1,30;
2026-07-23 01:00:00.0;OFF;ON;100;-3,30;-4;-0,70;7,90;95,20;124,80;2,60;3,50;100;-0,90;-1,30;
2026-07-23 01:01:00.0;OFF;ON;100;-3,30;-4;-0,70;7,90;95,20;124,80;2,60;3,50;100;-0,90;-1,30;
2026-07-23 01:02:00.0;OFF;ON;100;-3,40;-4;-0,70;7,90;95,20;124,80;2,70;3,50;99,70;-0,90;-1,40;
2026-07-23 01:03:00.0;OFF;ON;100;-3,30;-4;-0,70;7,80;95,20;124,80;2,60;3,50;100;-0,90;-1,40;
2026-07-23 01:04:00.0;OFF;ON;100;-3,40;-4;-0,70;7,80;95,20;124,80;2,70;3,50;99,60;-0,90;-1,40;
2026-07-23 01:05:00.0;OFF;ON;100;-3,30;-4;-0,70;7,80;95,30;124,80;2,60;3,50;100;-0,90;-1,40;
2026-07-23 01:06:00.0;OFF;ON;100;-3,40;-4;-0,70;7,80;95,30;124,80;2,60;3,50;99,90;-0,90;-1,40;
2026-07-23 01:07:00.0;OFF;ON;100;-3,30;-4;-0,80;7,80;95,20;124,80;2,60;3,50;100;-0,90;-1,40;
2026-07-23 01:08:00.0;OFF;ON;100;-3,30;-4;-0,80;7,70;95,20;124,80;2,60;3,50;100;-0,90;-1,40;
2026-07-23 01:09:00.0;OFF;ON;100;-3,40;-4;-0,80;7,70;95,30;124,80;2,70;3,50;99,60;-0,90;-1,40;
2026-07-23 01:10:00.0;OFF;ON;100;-3,30;-4;-0,80;7,70;95,20;124,80;2,60;3,50;100;-0,90;-1,40;
2026-07-23 01:11:00.0;OFF;ON;100;-3,30;-4;-0,80;7,70;95,30;124,80;2,50;3,50;100;-1;-1,40;
2026-07-23 01:12:00.0;OFF;ON;100;-3,40;-4;-0,80;7,60;95,30;124,80;2,60;3,50;99,60;-1;-1,40;
2026-07-23 01:13:00.0;OFF;ON;100;-3,40;-4;-0,80;7,60;95,20;124,80;2,60;3,50;99,70;-1;-1,40;
2026-07-23 01:14:00.0;OFF;ON;100;-3,30;-4;-0,80;7,60;95,20;124,80;2,50;3,50;100;-1;-1,40;
2026-07-23 01:15:00.0;OFF;ON;100;-3,30;-4;-0,80;7,60;95,30;124,80;2,50;3,50;100;-1;-1,40;
2026-07-23 01:16:00.0;OFF;ON;100;-3,30;-4;-0,80;7,60;95,20;124,80;2,50;3,50;100;-1;-1,40;
2026-07-23 01:17:00.0;OFF;ON;100;-3,30;-4;-0,80;7,50;95,20;124,80;2,50;3,50;100;-1;-1,40;
2026-07-23 01:18:00.0;OFF;ON;100;-3,30;-4;-0,80;7,50;95,20;124,80;2,50;3,50;100;-1;-1,40;
2026-07-23 01:19:00.0;OFF;ON;100;-3,30;-4;-0,80;7,50;95,20;124,80;2,50;3,50;100;-1;-1,40;
2026-07-23 01:20:00.0;OFF;ON;100;-3,30;-4;-0,80;7,50;95,20;124,80;2,50;3,50;100;-1;-1,40;
2026-07-23 01:21:00.0;OFF;ON;100;-3,30;-4;-0,80;7,40;95,20;124,80;2,50;3,50;100;-1;-1,40;
2026-07-23 01:22:00.0;OFF;ON;100;-3,30;-4;-0,80;7,40;95,20;124,80;2,50;3,50;100;-1;-1,40;
2026-07-23 01:23:00.0;OFF;ON;100;-3,30;-4;-0,90;7,40;95,30;124,80;2,50;3,50;100;-1;-1,40;
2026-07-23 01:24:00.0;OFF;ON;100;-3,30;-4;-0,90;7,40;95,30;124,80;2,50;3,50;100;-1;-1,40;
2026-07-23 01:25:00.0;OFF;ON;100;-3,40;-4;-0,90;7,40;95,30;124,80;2,50;3,50;99,70;-1;-1,40;
2026-07-23 01:26:00.0;OFF;ON;100;-3,40;-4;-0,90;7,30;95,30;124,80;2,50;3,50;99,70;-1;-1,40;
2026-07-23 01:27:00.0;OFF;ON;100;-3,40;-4;-0,90;7,30;95,20;124,80;2,50;3,50;99,60;-1;-1,40;
2026-07-23 01:28:00.0;OFF;ON;100;-3,40;-4;-0,90;7,30;95,30;124,80;2,50;3,50;100;-1;-1,40;
2026-07-23 01:29:00.0;OFF;ON;100;-3,30;-4;-0,90;7,30;95,20;124,80;2,40;3,50;100;-1;-1,40;
2026-07-23 01:30:00.0;OFF;ON;100;-3,30;-4;-0,90;7,20;95,30;124,80;2,40;3,50;100;-1;-1,40;
2026-07-23 01:31:00.0;OFF;ON;100;-3,30;-4;-0,90;7,20;95,20;124,80;2,40;3,50;100;-1;-1,40;
2026-07-23 01:32:00.0;OFF;ON;100;-3,40;-4;-0,90;7,20;95,20;124,80;2,50;3,50;99,70;-1;-1,40;
2026-07-23 01:33:00.0;OFF;ON;100;-3,40;-4;-0,90;7,20;95,20;124,80;2,50;3,50;99,70;-1;-1,40;
2026-07-23 01:34:00.0;OFF;ON;100;-3,30;-4;-0,90;7,20;95,20;124,80;2,40;3,50;100;-1,10;-1,40;
2026-07-23 01:35:00.0;OFF;ON;100;-3,40;-4;-0,90;7,10;95,20;124,80;2,40;3,50;99,80;-1;-1,40;
2026-07-23 01:36:00.0;OFF;ON;100;-3,40;-4;-1;7,10;95,20;124,80;2,50;3,50;99,60;-1,10;-1,40;
2026-07-23 01:37:00.0;OFF;ON;100;-3,40;-4;-1;7,10;95,20;124,80;2,50;3,50;99,60;-1,10;-1,40;
2026-07-23 01:38:00.0;OFF;ON;100;-3,40;-4;-1;7,10;95,20;124,80;2,40;3,50;99,70;-1,10;-1,40;
2026-07-23 01:39:00.0;OFF;ON;100;-3,30;-4;-1;7;95,20;124,80;2,40;3,50;100;-1,10;-1,40;
2026-07-23 01:40:00.0;OFF;ON;100;-3,40;-4;-1;7;95,30;124,70;2,40;3,50;99,70;-1,10;-1,40;
2026-07-23 01:41:00.0;OFF;ON;100;-3,40;-4;-1;7;95,20;124,70;2,40;3,50;99,70;-1,10;-1,40;
2026-07-23 01:42:00.0;OFF;ON;100;-3,40;-4;-1;7;95,20;124,70;2,40;3,50;99,60;-1,10;-1,40;
2026-07-23 01:43:00.0;OFF;ON;100;-3,40;-4;-1;7;95,20;124,70;2,40;3,50;99,80;-1,10;-1,40;
2026-07-23 01:44:00.0;OFF;ON;100;-3,30;-4;-1;6,90;95,20;124,70;2,30;3,50;100;-1,10;-1,40;
2026-07-23 01:45:00.0;OFF;ON;100;-3,40;-4;-1;6,90;95,20;124,70;2,40;3,50;99,60;-1,10;-1,40;
2026-07-23 01:46:00.0;OFF;ON;100;-3,40;-4;-1;6,90;95,20;124,70;2,40;3,50;99,80;-1,10;-1,40;
2026-07-23 01:47:00.0;OFF;ON;100;-3,30;-4;-1;6,90;95,20;124,70;2,30;3,50;100;-1,10;-1,40;
2026-07-23 01:48:00.0;OFF;ON;100;-3,30;-4;-1;6,80;95,30;124,70;2,30;3,50;100;-1,10;-1,40;
2026-07-23 01:49:00.0;OFF;ON;100;-3,30;-4;-1;6,80;95,30;124,70;2,30;3,50;100;-1,10;-1,40;
2026-07-23 01:50:00.0;OFF;ON;100;-3,30;-4;-1;6,80;95,30;124,70;2,30;3,50;100;-1,10;-1,40;
2026-07-23 01:51:00.0;OFF;ON;100;-3,30;-4;-1;6,80;95,30;124,70;2,30;3,50;100;-1,10;-1,40;
2026-07-23 01:52:00.0;OFF;ON;100;-3,30;-4;-1;6,70;95,20;124,70;2,30;3,50;100;-1,10;-1,40;
2026-07-23 01:53:00.0;OFF;ON;100;-3,40;-4;-1;6,70;95,20;124,70;2,40;3,50;99,60;-1,10;-1,40;
2026-07-23 01:54:00.0;OFF;ON;100;-3,30;-4;-1;6,70;95,20;124,70;2,30;3,50;100;-1,10;-1,50;
2026-07-23 01:55:00.0;OFF;ON;100;-3,40;-4;-1;6,70;95,20;124,70;2,40;3,50;99,60;-1,10;-1,50;
2026-07-23 01:56:00.0;OFF;ON;100;-3,30;-4;-1;6,70;95,20;124,70;2,30;3,50;100;-1,10;-1,40;
2026-07-23 01:57:00.0;OFF;ON;100;-3,30;-4;-1;6,60;95,20;124,70;2,30;3,50;100;-1,10;-1,50;
2026-07-23 01:58:00.0;OFF;ON;100;-3,40;-4;-1;6,60;95,20;124,70;2,40;3,50;99,60;-1,10;-1,50;
2026-07-23 01:59:00.0;OFF;ON;100;-3,30;-4;-1;6,60;95,30;124,70;2,30;3,50;100;-1,10;-1,50;
2026-07-23 02:00:00.0;OFF;ON;100;-3,40;-4;-1;6,60;95,20;124,70;2,30;3,50;99,80;-1,10;-1,40;
2026-07-23 02:01:00.0;OFF;ON;100;-3,40;-4;-1;6,50;95,20;124,70;2,40;3,50;99,70;-1,10;-1,40;
2026-07-23 02:02:00.0;OFF;ON;100;-3,30;-4;-1;6,50;95,20;124,70;2,30;3,50;100;-1,10;-1,50;
2026-07-23 02:03:00.0;OFF;ON;100;-3,30;-4;-1;6,50;95,20;124,70;2,30;3,50;100;-1,10;-1,50;
2026-07-23 02:04:00.0;OFF;ON;100;-3,30;-4;-1;6,50;95,30;124,70;2,30;3,50;100;-1,10;-1,50;
2026-07-23 02:05:00.0;OFF;ON;100;-3,40;-4;-1;6,50;95,20;124,70;2,30;3,50;99,70;-1,10;-1,50;
2026-07-23 02:06:00.0;OFF;ON;100;-3,30;-4;-1;6,40;95,20;124,70;2,30;3,50;100;-1,10;-1,50;
2026-07-23 02:07:00.0;OFF;ON;100;-3,40;-4;-1,10;6,40;95,20;124,70;2,30;3,50;99,80;-1,10;-1,50;
2026-07-23 02:08:00.0;OFF;ON;100;-3,40;-4;-1,10;6,40;95,20;124,70;2,40;3,50;99,70;-1,10;-1,50;
2026-07-23 02:09:00.0;OFF;ON;100;-3,30;-4;-1,10;6,40;95,20;124,70;2,30;3,50;100;-1,10;-1,50;
2026-07-23 02:10:00.0;OFF;ON;100;-3,40;-4;-1,10;6,40;95,20;124,70;2,30;3,50;99,60;-1,20;-1,50;
2026-07-23 02:11:00.0;OFF;ON;100;-3,30;-4;-1,10;6,30;95,20;124,70;2,20;3,50;100;-1,20;-1,50;
2026-07-23 02:12:00.0;OFF;ON;100;-3,30;-4;-1,10;6,30;95,20;124,70;2,30;3,50;100;-1,20;-1,50;
2026-07-23 02:13:00.0;OFF;ON;100;-3,40;-4;-1,10;6,30;95,20;124,70;2,40;3,50;99,60;-1,20;-1,50;
2026-07-23 02:14:00.0;OFF;ON;100;-3,30;-4;-1,10;6,30;95,30;124,70;2,20;3,50;100;-1,20;-1,50;
2026-07-23 02:15:00.0;OFF;ON;100;-3,40;-4;-1,10;6,20;95,20;124,70;2,30;3,50;99,60;-1,20;-1,50;
2026-07-23 02:16:00.0;OFF;ON;100;-3,30;-4;-1,10;6,20;95,20;124,70;2,30;3,50;100;-1,20;-1,50;
2026-07-23 02:17:00.0;OFF;ON;100;-3,30;-4;-1,10;6,20;95,20;124,70;2,20;3,50;100;-1,20;-1,50;
2026-07-23 02:18:00.0;OFF;ON;100;-3,30;-4;-1,10;6,20;95,20;124,70;2,20;3,50;100;-1,20;-1,50;
2026-07-23 02:19:00.0;OFF;ON;100;-3,30;-4;-1,10;6,20;95,20;124,70;2,20;3,50;100;-1,20;-1,50;
2026-07-23 02:20:00.0;OFF;ON;100;-3,40;-4;-1,10;6,10;95,20;124,70;2,30;3,50;99,60;-1,20;-1,50;
2026-07-23 02:21:00.0;OFF;ON;100;-3,30;-4;-1,10;6,10;95,20;124,70;2,20;3,50;100;-1,20;-1,50;
2026-07-23 02:22:00.0;OFF;ON;100;-3,40;-4;-1,10;6,10;95,20;124,70;2,30;3,50;99,70;-1,20;-1,50;
2026-07-23 02:23:00.0;OFF;ON;100;-3,30;-4;-1,10;6,10;95,20;124,70;2,20;3,50;100;-1,20;-1,50;
2026-07-23 02:24:00.0;OFF;ON;100;-3,40;-4;-1,10;6;95,20;124,70;2,30;3,50;99,70;-1,20;-1,50;
2026-07-23 02:25:00.0;OFF;ON;100;-3,30;-4;-1,10;6;95,20;124,70;2,20;3,50;100;-1,20;-1,50;
2026-07-23 02:26:00.0;OFF;ON;100;-3,40;-4;-1,10;6;95,20;124,70;2,30;3,50;99,70;-1,20;-1,50;
2026-07-23 02:27:00.0;OFF;ON;100;-3,40;-4;-1,10;6;95,20;124,70;2,30;3,50;99,50;-1,20;-1,50;
2026-07-23 02:28:00.0;OFF;ON;100;-3,40;-4;-1,10;5,90;95,20;124,70;2,30;3,50;99,60;-1,20;-1,50;
2026-07-23 02:29:00.0;OFF;ON;100;-3,30;-4;-1,10;5,90;95,20;124,70;2,20;3,50;100;-1,20;-1,50;
2026-07-23 02:30:00.0;OFF;ON;100;-3,30;-4;-1,10;5,90;95,20;124,70;2,20;3,50;100;-1,20;-1,50;
2026-07-23 02:31:00.0;OFF;ON;100;-3,40;-4;-1,10;5,90;95,20;124,70;2,20;3,50;100;-1,20;-1,50;
2026-07-23 02:32:00.0;OFF;ON;100;-3,40;-4;-1,10;5,90;95,20;124,70;2,30;3,50;100;-1,20;-1,50;
2026-07-23 02:33:00.0;OFF;ON;100;-3,50;-4;-1,10;5,80;95,10;124,70;2,30;3,50;99,60;-1,20;-1,50;
2026-07-23 02:34:00.0;OFF;ON;100;-3,50;-4;-1,10;5,80;95,10;124,70;2,30;3,50;99,60;-1,20;-1,50;
2026-07-23 02:35:00.0;OFF;ON;100;-3,40;-4;-1,10;5,80;95,10;124,70;2,30;3,50;100;-1,20;-1,50;
2026-07-23 02:36:00.0;OFF;ON;100;-3,40;-4;-1,20;5,80;95,10;124,70;2,30;3,50;100;-1,30;-1,50;
2026-07-23 02:37:00.0;OFF;ON;100;-3,40;-4;-1,20;5,70;95,20;124,70;2,30;3,50;100;-1,30;-1,60;
2026-07-23 02:38:00.0;OFF;ON;100;-3,40;-4;-1,20;5,70;95,20;124,70;2,30;3,50;100;-1,30;-1,60;
2026-07-23 02:39:00.0;OFF;ON;100;-3,40;-4;-1,20;5,70;95,10;124,70;2,20;3,50;100;-1,30;-1,60;
2026-07-23 02:40:00.0;OFF;ON;100;-3,50;-4;-1,20;5,70;95;124,70;2,30;3,50;99,70;-1,30;-1,60;
2026-07-23 02:41:00.0;OFF;ON;100;-3,50;-4;-1,20;5,70;95,10;124,70;2,30;3,50;99,70;-1,30;-1,60;
2026-07-23 02:42:00.0;OFF;ON;100;-3,60;-4;-1,20;5,60;95,10;124,70;2,40;3,50;99,50;-1,30;-1,60;
2026-07-23 02:43:00.0;OFF;ON;100;-3,40;-4;-1,20;5,60;95,10;124,70;2,20;3,50;100;-1,30;-1,60;
2026-07-23 02:44:00.0;OFF;ON;100;-3,50;-4;-1,20;5,60;95,10;124,70;2,30;3,50;99,90;-1,30;-1,60;
2026-07-23 02:45:00.0;OFF;ON;100;-3,40;-4;-1,20;5,60;95,10;124,70;2,20;3,50;100;-1,30;-1,60;
2026-07-23 02:46:00.0;OFF;ON;100;-3,50;-4;-1,20;5,50;95,10;124,70;2,30;3,50;99,60;-1,30;-1,60;
2026-07-23 02:47:00.0;OFF;ON;100;-3,50;-4;-1,20;5,50;95,10;124,70;2,30;3,50;99,70;-1,30;-1,60;
2026-07-23 02:48:00.0;OFF;ON;100;-3,40;-4;-1,20;5,50;95,10;124,70;2,20;3,50;100;-1,30;-1,60;
2026-07-23 02:49:00.0;OFF;ON;50;-3,40;-4;-1,20;5,50;95;124,70;2,20;3,50;100;-1,30;-1,90;
2026-07-23 02:50:00.0;OFF;ON;50;-3,60;-4;-1,30;5,50;94,80;124,70;2,40;3,50;99,30;-1,40;-2,10;
2026-07-23 02:51:00.0;OFF;ON;50;-3,90;-4;-1,40;5,40;94,50;124,70;2,60;3,50;98,30;-1,50;-2,40;
2026-07-23 02:52:00.0;OFF;ON;50;-3,70;-4;-1,50;5,40;93,90;124,60;2,20;3,50;99,60;-1,60;-2,50;
2026-07-23 02:53:00.0;OFF;ON;50;-3,80;-4;-1,50;5,40;94,40;124,60;2,30;3,50;99,50;-1,60;-2,50;
2026-07-23 02:54:00.0;OFF;ON;50;-3,60;-4;-1,40;4,90;95,30;115,60;2,20;3,50;99,90;-1,60;-2,60;
2026-07-23 02:55:00.0;OFF;ON;50;-3,50;-4;-1,30;4,90;95,80;115;2,20;3,50;100;-1,60;-2,50;
2026-07-23 02:56:00.0;OFF;ON;50;-3,50;-4;-1,30;4,90;96,10;115,20;2,20;3,50;99,80;-1,60;-2,50;
2026-07-23 02:57:00.0;OFF;ON;50;-3,40;-4;-1,30;4,90;96,40;115,20;2,10;3,50;100;-1,60;-2,50;
2026-07-23 02:58:00.0;OFF;ON;50;-3,50;-4;-1,30;4,90;96,40;115,50;2,20;3,50;99,60;-1,60;-2,40;
2026-07-23 02:59:00.0;OFF;ON;50;-3,40;-3,70;-1,30;4,90;96,60;115,20;2,10;3,30;99,10;-1,50;-2,40;
2026-07-23 03:00:00.0;OFF;ON;50;-3,50;-3,60;-1,30;4,80;96,70;115,20;2,20;3,30;98,70;-1,60;-2,40;
2026-07-23 03:01:00.0;OFF;ON;50;-3,40;-3,50;-1,30;4,80;96,70;115,20;2,20;3,30;98,60;-1,60;-2,40;
2026-07-23 03:02:00.0;OFF;ON;50;-3,40;-3,40;-1,30;4,80;96,70;115,20;2,10;3,30;98,20;-1,50;-2,30;
2026-07-23 03:03:00.0;OFF;ON;50;-3,30;-3,30;-1,20;4,80;96,80;115,20;2,10;3,30;97,90;-1,50;-2,30;
2026-07-23 03:04:00.0;OFF;ON;50;-3,30;-3,10;-1,20;4,80;96,70;115,20;2;3,30;97,30;-1,50;-2,30;
2026-07-23 03:05:00.0;OFF;ON;50;-3,30;-3;-1,20;4,80;96,70;115,30;2,10;3,30;96,50;-1,50;-2,30;
2026-07-23 03:06:00.0;OFF;ON;50;-3,20;-2,90;-1,20;4,70;96,70;115,10;2;3,30;95,90;-1,50;-2,30;
2026-07-23 03:07:00.0;OFF;ON;50;-3,20;-2,80;-1,20;4,70;96,70;115,10;2;3,30;94,70;-1,50;-2,30;
2026-07-23 03:08:00.0;OFF;ON;50;-3,30;-2,70;-1,20;4,70;96,60;115,10;2;3,30;93,40;-1,50;-2,30;
2026-07-23 03:09:00.0;OFF;ON;50;-3,20;-2,50;-1,20;4,70;96,40;115,10;2;3,30;92;-1,50;-2,30;
2026-07-23 03:10:00.0;OFF;ON;50;-3,30;-2,40;-1,20;4,70;96,40;115,10;2,10;3,30;90,30;-1,50;-2,30;
2026-07-23 03:11:00.0;OFF;ON;50;-3,30;-2,30;-1,20;4,60;96,40;115;2;3,30;88,80;-1,50;-2,30;
2026-07-23 03:12:00.0;OFF;ON;50;-3,40;-2,20;-1,30;4,60;96,50;115,10;2,10;3,30;86,50;-1,50;-2,30;
2026-07-23 03:13:00.0;OFF;ON;50;-3,40;-2,10;-1,20;4,60;96,30;115,10;2,10;3,30;84,20;-1,50;-2,30;
2026-07-23 03:14:00.0;OFF;ON;50;-3,40;-2,10;-1,30;4,60;96,30;115,10;2,10;3,50;82,80;-1,60;-2,30;
2026-07-23 03:15:00.0;OFF;ON;50;-3,40;-1,90;-1,30;4,60;96,20;115,10;2,10;3,50;80,10;-1,60;-2,30;
2026-07-23 03:16:00.0;OFF;ON;50;-3,40;-1,90;-1,30;4,50;96;115,10;2,10;3,50;78,40;-1,60;-2,30;
2026-07-23 03:17:00.0;OFF;ON;50;-3,40;-1,70;-1,30;4,50;95,80;115,10;2,10;3,50;76;-1,60;-2,30;
2026-07-23 03:18:00.0;OFF;ON;50;-3,60;-1,60;-1,40;4,50;95,50;115,20;2,10;3,50;73,40;-1,60;-2,30;
2026-07-23 03:19:00.0;OFF;ON;50;-3,60;-1,50;-1,40;4,50;95,10;115,20;2,20;3,50;69,50;-1,60;-2,30;
2026-07-23 03:20:00.0;OFF;ON;50;-3,70;-1,40;-1,40;4,50;94,80;115,20;2,30;3,50;65,60;-1,60;-2,40;
2026-07-23 03:21:00.0;OFF;ON;50;-3,60;-1,20;-1,40;4,40;94,80;115,20;2,10;3,50;62,20;-1,60;-2,40;
2026-07-23 03:22:00.0;OFF;ON;50;-3,10;-1,10;-1,40;4,40;94,60;115,20;1,70;3,50;60,80;-1,60;-2,30;
2026-07-23 03:23:00.0;OFF;ON;50;-3,20;-0,70;-1,30;4,40;94,60;115,20;1,90;3,50;56,50;-1,60;-2,20;
2026-07-23 03:24:00.0;OFF;ON;50;-2,90;-0,50;-1,20;4,40;94,70;115,20;1,70;3,50;52,70;-1,60;-2,10;
2026-07-23 03:25:00.0;OFF;ON;50;-2,80;-0,30;-1,20;4,40;94,80;115,20;1,50;3,50;50;-1,50;-2,10;
2026-07-23 03:26:00.0;OFF;ON;50;-2,60;-0,10;-1,20;4,30;95;115,20;1,50;3,50;50;-1,50;-2;
2026-07-23 03:27:00.0;OFF;ON;50;-2,50;0,10;-1,10;4,30;95,10;115,20;1,40;3,50;50;-1,50;-1,90;
2026-07-23 03:28:00.0;OFF;ON;50;-2,40;0,30;-1,10;4,30;95,50;115,20;1,40;3,50;50;-1,40;-1,80;
2026-07-23 03:29:00.0;OFF;ON;50;-2,20;0,40;-1;4,30;96,20;115,20;1,30;3,70;50;-1,40;-1,70;
2026-07-23 03:30:00.0;OFF;ON;50;-2,10;0,70;-0,90;4,30;96,60;115,20;1,30;3,70;50;-1,30;-1,60;
2026-07-23 03:31:00.0;OFF;ON;50;-2;0,90;-0,80;4,30;96,90;115,20;1,20;3,70;50;-1,30;-1,50;
2026-07-23 03:32:00.0;OFF;ON;50;-1,70;1,20;-0,80;4,20;97,20;115,20;1;3,70;50;-1,20;-1,40;
2026-07-23 03:33:00.0;OFF;ON;50;-1,60;1,40;-0,70;4,20;97,40;116;0,90;3,70;50;-1,20;-1,30;
2026-07-23 03:34:00.0;OFF;ON;50;-1,60;1,60;-0,70;4,20;97,50;116,10;1;3,70;50;-1,10;-1,20;
2026-07-23 03:35:00.0;OFF;ON;50;-1,60;1,70;-0,60;4,20;97,70;116,20;1;3,70;50;-1,10;-1,20;
2026-07-23 03:36:00.0;OFF;ON;50;-1,50;1,70;-0,60;4,20;97,80;116,10;0,90;3,70;50;-1;-1,10;
2026-07-23 03:37:00.0;OFF;ON;50;-1,40;1,80;-0,50;4,20;97,80;116,20;0,90;3,70;50;-1;-1;
2026-07-23 03:38:00.0;OFF;ON;50;-1,20;1,80;-0,50;4,20;97,90;116,10;0,70;3,70;50;-1;-1;
2026-07-23 03:39:00.0;OFF;ON;50;-1,30;1,80;-0,50;4,20;98;116,40;0,80;3,70;50;-0,90;-0,90;
2026-07-23 03:40:00.0;OFF;ON;50;-1,20;1,80;-0,50;4,10;98;116,70;0,70;3,70;50;-0,90;-0,90;
2026-07-23 03:41:00.0;OFF;ON;50;-1,10;1,80;-0,40;4,10;98;116,80;0,70;3,70;50;-0,90;-0,80;
2026-07-23 03:42:00.0;OFF;ON;50;-1;1,90;-0,40;4,10;98;116,80;0,60;3,70;50;-0,80;-0,80;
2026-07-23 03:43:00.0;OFF;ON;50;-1;1,90;-0,40;4,10;98;116,80;0,60;3,70;50;-0,80;-0,80;
2026-07-23 03:44:00.0;OFF;ON;50;-1;1,70;-0,40;4,10;98;116,80;0,60;3,90;50;-0,80;-0,70;
2026-07-23 03:45:00.0;OFF;ON;50;-1;1,70;-0,40;4;98,10;117,20;0,60;3,90;50;-0,80;-0,70;
2026-07-23 03:46:00.0;OFF;ON;50;-0,90;1,70;-0,40;4;98,10;117,40;0,50;3,90;50;-0,80;-0,70;
2026-07-23 03:47:00.0;OFF;ON;50;-1;1,70;-0,40;4;98,10;117,40;0,60;3,90;50;-0,70;-0,70;
2026-07-23 03:48:00.0;OFF;ON;50;-0,90;1,70;-0,40;4;98;117,40;0,50;3,90;50;-0,70;-0,60;
2026-07-23 03:49:00.0;OFF;ON;50;-0,90;1,70;-0,40;4;98;117,40;0,60;3,90;50;-0,70;-0,60;
2026-07-23 03:50:00.0;OFF;ON;50;-0,90;1,80;-0,30;4;98,10;117,30;0,60;3,90;50;-0,70;-0,60;
2026-07-23 03:51:00.0;OFF;ON;50;-1;1,80;-0,30;3,90;98,10;117,40;0,60;3,90;50;-0,70;-0,60;
2026-07-23 03:52:00.0;OFF;ON;50;-0,80;1,80;-0,30;3,90;98;117,40;0,50;3,90;50;-0,70;-0,60;
2026-07-23 03:53:00.0;OFF;ON;50;-1;1,80;-0,30;3,90;98;117,40;0,70;3,90;50;-0,70;-0,60;
2026-07-23 03:54:00.0;OFF;ON;50;-0,90;1,80;-0,30;3,90;98;117,30;0,60;3,90;50;-0,70;-0,60;
2026-07-23 03:55:00.0;OFF;ON;50;-0,80;1,80;-0,30;3,90;98;117,30;0,50;3,90;50;-0,70;-0,60;
2026-07-23 03:56:00.0;OFF;ON;50;-1;1,80;-0,30;3,90;97,90;117,30;0,70;3,90;50;-0,60;-0,60;
2026-07-23 03:57:00.0;OFF;ON;50;-1;1,80;-0,30;3,80;97,80;117,30;0,60;3,90;50;-0,60;-0,60;
2026-07-23 03:58:00.0;OFF;ON;50;-1;1,80;-0,30;3,80;97,80;117,30;0,70;3,90;50;-0,60;-0,60;
2026-07-23 03:59:00.0;OFF;ON;50;-1;1,60;-0,30;3,80;97,70;117,30;0,70;4,10;50;-0,60;-0,60;
2026-07-23 04:00:00.0;OFF;ON;50;-1,20;1,60;-0,30;3,80;97,70;117,30;0,80;4,10;50;-0,60;-0,60;
2026-07-23 04:01:00.0;OFF;ON;50;-0,80;1,60;-0,30;3,80;97,80;117,30;0,50;4,10;50;-0,60;-0,60;
2026-07-23 04:02:00.0;OFF;ON;50;-0,80;1,60;-0,30;3,80;97,90;117,20;0,50;4,10;50;-0,60;-0,50;
2026-07-23 04:03:00.0;OFF;ON;50;-0,70;1,60;-0,30;3,70;97,90;117,20;0,40;4,10;50;-0,60;-0,50;
2026-07-23 04:04:00.0;OFF;ON;50;-0,60;1,60;-0,30;3,70;98;117,20;0,30;4,10;50;-0,60;-0,40;
2026-07-23 04:05:00.0;OFF;ON;50;-0,70;1,70;-0,20;3,70;98,10;117,20;0,50;4,10;50;-0,50;-0,40;
2026-07-23 04:06:00.0;OFF;ON;50;-0,80;1,70;-0,20;3,70;98,10;117,10;0,50;4,10;50;-0,50;-0,40;
2026-07-23 04:07:00.0;OFF;ON;50;-0,70;1,70;-0,20;3,70;98;117,20;0,50;4,10;50;-0,50;-0,40;
2026-07-23 04:08:00.0;OFF;ON;50;-0,80;1,70;-0,20;3,70;98,10;117,10;0,60;4,10;50;-0,50;-0,40;
2026-07-23 04:09:00.0;OFF;ON;50;-0,80;1,70;-0,20;3,60;98,10;117,20;0,50;4,10;50;-0,50;-0,40;
2026-07-23 04:10:00.0;OFF;ON;50;-0,80;1,70;-0,20;3,60;98;117,20;0,50;4,10;50;-0,50;-0,40;
2026-07-23 04:11:00.0;OFF;ON;50;-0,80;1,70;-0,20;3,60;98,10;117,20;0,60;4,10;50;-0,50;-0,40;
2026-07-23 04:12:00.0;OFF;ON;50;-0,80;1,70;-0,20;3,60;98,10;117,20;0,60;4,10;50;-0,50;-0,40;
2026-07-23 04:13:00.0;OFF;ON;50;-0,70;1,70;-0,20;3,60;98,10;117,30;0,50;4,10;50;-0,50;-0,40;
2026-07-23 04:14:00.0;OFF;ON;50;-0,90;1,50;-0,20;3,50;98;117,20;0,60;4,30;50;-0,50;-0,40;
2026-07-23 04:15:00.0;OFF;ON;50;-0,80;1,50;-0,20;3,50;98;117,20;0,60;4,30;50;-0,50;-0,40;
2026-07-23 04:16:00.0;OFF;ON;50;-0,80;1,40;-0,30;3,50;97,90;117,20;0,50;4,30;50;-0,50;-0,50;
2026-07-23 04:17:00.0;OFF;ON;50;-1;1,40;-0,30;3,50;97,80;117,20;0,70;4,30;50;-0,50;-0,50;
2026-07-23 04:18:00.0;OFF;ON;50;-0,90;1,40;-0,30;3,50;97,70;117,20;0,60;4,30;50;-0,50;-0,50;
2026-07-23 04:19:00.0;OFF;ON;50;-0,90;1,40;-0,30;3,50;97,60;117,20;0,60;4,30;50;-0,50;-0,50;
2026-07-23 04:20:00.0;OFF;ON;50;-0,90;1,40;-0,30;3,50;97,50;117,20;0,60;4,30;50;-0,60;-0,50;
2026-07-23 04:21:00.0;OFF;ON;50;-1;1,40;-0,30;3,40;97,40;117,20;0,60;4,30;50;-0,60;-0,50;
2026-07-23 04:22:00.0;OFF;ON;50;-1,10;1,40;-0,30;3,40;97,40;117,20;0,70;4,30;50;-0,60;-0,60;
2026-07-23 04:23:00.0;OFF;ON;50;-0,90;1,40;-0,30;3,40;97,30;117,20;0,60;4,30;50;-0,60;-0,60;
2026-07-23 04:24:00.0;OFF;ON;50;-1;1,40;-0,30;3,40;97,20;117,20;0,70;4,30;50;-0,60;-0,60;
2026-07-23 04:25:00.0;OFF;ON;50;-1,10;1,40;-0,30;3,40;97,10;117,20;0,70;4,30;50;-0,60;-0,60;
2026-07-23 04:26:00.0;OFF;ON;50;-1;1,40;-0,30;3,40;97;117,30;0,70;4,30;50;-0,60;-0,60;
2026-07-23 04:27:00.0;OFF;ON;50;-1,10;1,30;-0,40;3,30;97;117,20;0,80;4,30;50;-0,60;-0,60;
2026-07-23 04:28:00.0;OFF;ON;50;-1,10;1,30;-0,40;3,30;96,90;117,20;0,80;4,30;50;-0,60;-0,60;
2026-07-23 04:29:00.0;OFF;ON;50;-1,10;1,10;-0,40;3,30;96,90;117,20;0,80;4,50;50;-0,60;-0,60;
2026-07-23 04:30:00.0;OFF;ON;50;-1;1,10;-0,40;3,30;96,90;117,20;0,70;4,50;50;-0,60;-0,60;
2026-07-23 04:31:00.0;OFF;ON;50;-1,10;1,10;-0,40;3,30;96,80;117,20;0,70;4,50;50;-0,60;-0,70;
2026-07-23 04:32:00.0;OFF;ON;50;-1,10;1,10;-0,40;3,30;96,70;117,20;0,70;4,50;50;-0,60;-0,70;
2026-07-23 04:33:00.0;OFF;ON;50;-1,10;1,10;-0,40;3,20;96,70;117,20;0,70;4,50;50;-0,60;-0,70;
2026-07-23 04:34:00.0;OFF;ON;50;-1,10;1,10;-0,40;3,20;96,70;117,20;0,70;4,50;50;-0,60;-0,70;
2026-07-23 04:35:00.0;OFF;ON;50;-1,20;1,10;-0,40;3,20;96,70;117,30;0,80;4,50;50;-0,60;-0,70;
2026-07-23 04:36:00.0;OFF;ON;50;-1,10;1,10;-0,40;3,20;96,70;117,30;0,70;4,50;50;-0,70;-0,70;
2026-07-23 04:37:00.0;OFF;ON;50;-1,10;1,10;-0,40;3,20;96,70;117,30;0,70;4,50;50;-0,70;-0,70;
2026-07-23 04:38:00.0;OFF;ON;50;-1,10;1,10;-0,40;3,20;96,70;117,30;0,70;4,50;50;-0,70;-0,70;
2026-07-23 04:39:00.0;OFF;ON;50;-1,20;1,10;-0,40;3,10;96,60;117,30;0,80;4,50;50;-0,70;-0,70;
2026-07-23 04:40:00.0;OFF;ON;50;-1,10;1,10;-0,40;3,10;96,60;117,30;0,70;4,50;50;-0,70;-0,70;
2026-07-23 04:41:00.0;OFF;ON;50;-1,20;1,10;-0,40;3,10;96,60;117,30;0,80;4,50;50;-0,70;-0,70;
2026-07-23 04:42:00.0;OFF;ON;50;-1,20;1,10;-0,40;3,10;96,60;117,30;0,80;4,50;50;-0,70;-0,70;
2026-07-23 04:43:00.0;OFF;ON;50;-1,20;1,10;-0,40;3,10;96,50;117,30;0,80;4,50;50;-0,70;-0,70;
2026-07-23 04:44:00.0;OFF;ON;50;-1,20;0,90;-0,40;3,10;96,50;117,30;0,80;4,70;50;-0,70;-0,70;
2026-07-23 04:45:00.0;OFF;ON;50;-1,20;0,90;-0,40;3,10;96,50;117,30;0,80;4,70;50;-0,70;-0,70;
2026-07-23 04:46:00.0;OFF;ON;50;-1,20;0,90;-0,40;3,10;96,60;117,30;0,80;4,70;50;-0,70;-0,70;
2026-07-23 04:47:00.0;OFF;ON;50;-1,20;0,90;-0,40;3;96,50;117,30;0,80;4,70;50;-0,70;-0,70;
2026-07-23 04:48:00.0;OFF;ON;50;-1,10;0,90;-0,40;3;96,50;117,30;0,70;4,70;50;-0,70;-0,70;
2026-07-23 04:49:00.0;OFF;ON;50;-1,10;0,90;-0,40;3;96,50;117,30;0,70;4,70;50;-0,70;-0,70;
2026-07-23 04:50:00.0;OFF;ON;50;-1,20;0,90;-0,40;3;96,50;117,30;0,80;4,70;50;-0,70;-0,70;
2026-07-23 04:51:00.0;OFF;ON;50;-1,20;0,90;-0,40;3;96,50;117,30;0,80;4,70;50;-0,70;-0,70;
2026-07-23 04:52:00.0;OFF;ON;50;-1,20;0,90;-0,40;3;96,50;117,30;0,80;4,70;50;-0,70;-0,70;
2026-07-23 04:53:00.0;OFF;ON;50;-1,30;0,90;-0,40;2,90;96,40;117,30;0,80;4,70;50;-0,70;-0,70;
2026-07-23 04:54:00.0;OFF;ON;50;-1,10;0,90;-0,40;2,90;96,40;117,30;0,60;4,70;50;-0,70;-0,70;
2026-07-23 04:55:00.0;OFF;ON;50;-1;0,90;-0,40;2,90;96,40;117,30;0,60;4,70;50;-0,70;-0,70;
2026-07-23 04:56:00.0;OFF;ON;50;-0,90;0,90;-0,40;2,90;96,50;117,30;0,50;4,70;50;-0,70;-0,60;
2026-07-23 04:57:00.0;OFF;ON;50;-0,90;0,90;-0,40;2,90;96,60;117,30;0,60;4,70;50;-0,60;-0,60;
2026-07-23 04:58:00.0;OFF;ON;50;-1;0,90;-0,40;2,90;96,60;117,30;0,60;4,70;50;-0,60;-0,60;
2026-07-23 04:59:00.0;OFF;ON;50;-1;0,70;-0,40;2,90;96,70;117,30;0,70;4,90;50;-0,60;-0,60;
2026-07-23 05:00:00.0;OFF;ON;50;-1,10;0,70;-0,40;2,80;96,70;117,30;0,70;4,90;50;-0,60;-0,60;
2026-07-23 05:01:00.0;OFF;ON;50;-1,10;0,70;-0,40;2,80;96,60;117,30;0,70;4,90;50;-0,60;-0,60;
2026-07-23 05:02:00.0;OFF;ON;50;-1,10;0,70;-0,40;2,80;96,60;117,30;0,70;4,90;50;-0,60;-0,70;
2026-07-23 05:03:00.0;OFF;ON;50;-1,10;0,70;-0,40;2,80;96,60;117,30;0,70;4,90;50;-0,70;-0,70;
2026-07-23 05:04:00.0;OFF;ON;50;-1,10;0,70;-0,40;2,80;96,50;117,30;0,70;4,90;50;-0,70;-0,70;
2026-07-23 05:05:00.0;OFF;ON;50;-1,20;0,70;-0,40;2,80;96,40;117,30;0,80;4,90;50;-0,60;-0,70;
2026-07-23 05:06:00.0;OFF;ON;50;-1,10;0,70;-0,40;2,80;96,40;117,30;0,70;4,90;50;-0,70;-0,70;
2026-07-23 05:07:00.0;OFF;ON;50;-1,10;0,70;-0,40;2,70;96,40;117,30;0,70;4,90;50;-0,70;-0,70;
2026-07-23 05:08:00.0;OFF;ON;50;-1,20;0,70;-0,40;2,70;96,70;117,30;0,80;4,90;50;-0,70;-0,70;
2026-07-23 05:09:00.0;OFF;ON;50;-1,10;0,70;-0,40;2,70;97;117,30;0,70;4,90;50;-0,70;-0,70;
2026-07-23 05:10:00.0;OFF;ON;50;-1,10;0,70;-0,30;2,70;97,40;117,20;0,80;4,90;50;-0,60;-0,70;
2026-07-23 05:11:00.0;OFF;ON;50;-1;0,80;-0,30;2,70;97,50;117,30;0,70;4,90;50;-0,60;-0,70;
2026-07-23 05:12:00.0;OFF;ON;50;-0,90;0,80;-0,30;2,70;97,60;117,20;0,60;4,90;50;-0,60;-0,60;
2026-07-23 05:13:00.0;OFF;ON;50;-1;0,80;-0,30;2,70;97,70;117,20;0,60;4,90;50;-0,60;-0,60;
2026-07-23 05:14:00.0;OFF;ON;50;-0,90;0,60;-0,30;2,70;97,80;117,20;0,60;5,10;50;-0,60;-0,60;
2026-07-23 05:15:00.0;OFF;ON;50;-0,90;0,60;-0,30;2,60;97,60;117,20;0,60;5,10;50;-0,60;-0,60;
2026-07-23 05:16:00.0;OFF;ON;50;-1;0,60;-0,30;2,60;97,50;117,20;0,60;5,10;50;-0,60;-0,60;
2026-07-23 05:17:00.0;OFF;ON;50;-0,90;0,60;-0,30;2,60;97,30;117,20;0,60;5,10;50;-0,60;-0,60;
2026-07-23 05:18:00.0;OFF;ON;50;-0,90;0,60;-0,30;2,60;97,20;117,20;0,60;5,10;50;-0,60;-0,60;
2026-07-23 05:19:00.0;OFF;ON;50;-1;0,60;-0,30;2,60;97,10;117,20;0,60;5,10;50;-0,60;-0,60;
2026-07-23 05:20:00.0;OFF;ON;50;-1;0,60;-0,30;2,60;96,90;117,20;0,60;5,10;50;-0,60;-0,60;
2026-07-23 05:21:00.0;OFF;ON;50;-1;0,50;-0,40;2,60;96,90;117,20;0,60;5,10;50;-0,60;-0,60;
2026-07-23 05:22:00.0;OFF;ON;50;-1;0,50;-0,40;2,60;96,90;117,20;0,60;5,10;50;-0,60;-0,60;
2026-07-23 05:23:00.0;OFF;ON;50;-1,10;0,50;-0,40;2,50;96,80;117,20;0,80;5,10;50;-0,60;-0,60;
2026-07-23 05:24:00.0;OFF;ON;50;-1;0,50;-0,40;2,50;96,80;117,10;0,70;5,10;50;-0,60;-0,60;
2026-07-23 05:25:00.0;OFF;ON;50;-1;0,50;-0,30;2,50;96,90;117,10;0,70;5,10;50;-0,60;-0,60;
2026-07-23 05:26:00.0;OFF;ON;50;-1;0,60;-0,30;2,50;97,10;117,10;0,70;5,10;50;-0,60;-0,60;
2026-07-23 05:27:00.0;OFF;ON;50;-1;0,60;-0,30;2,50;97,30;117,20;0,70;5,10;50;-0,60;-0,60;
2026-07-23 05:28:00.0;OFF;ON;50;-0,90;0,60;-0,30;2,50;97,40;117,10;0,60;5,10;50;-0,60;-0,60;
2026-07-23 05:29:00.0;OFF;ON;50;-1,10;0,40;-0,30;2,50;97,40;117,10;0,70;5,30;50;-0,60;-0,60;
2026-07-23 05:30:00.0;OFF;ON;50;-1;0,40;-0,30;2,40;97,40;117,10;0,70;5,30;50;-0,60;-0,60;
2026-07-23 05:31:00.0;OFF;ON;50;-1;0,40;-0,30;2,40;97,60;117,10;0,70;5,30;50;-0,60;-0,60;
2026-07-23 05:32:00.0;OFF;ON;50;-0,70;0,40;-0,30;2,40;97,80;117,10;0,40;5,30;50;-0,60;-0,60;
2026-07-23 05:33:00.0;OFF;ON;50;-0,70;0,40;-0,20;2,40;97,80;117,10;0,50;5,30;50;-0,50;-0,40;
2026-07-23 05:34:00.0;OFF;ON;50;-0,60;0,50;-0,20;2,40;97,90;117,10;0,40;5,30;50;-0,50;-0,40;
2026-07-23 05:35:00.0;OFF;ON;50;-0,70;0,50;-0,20;2,40;98;117,10;0,40;5,30;50;-0,50;-0,30;
2026-07-23 05:36:00.0;OFF;ON;50;-0,70;0,50;-0,20;2,40;98;117,10;0,50;5,30;50;-0,40;-0,30;
2026-07-23 05:37:00.0;OFF;ON;50;-0,70;0,50;-0,20;2,40;98,10;117,10;0,50;5,30;50;-0,40;-0,30;
2026-07-23 05:38:00.0;OFF;ON;50;-0,60;0,50;-0,20;2,40;98;117,10;0,40;5,30;50;-0,40;-0,30;
2026-07-23 05:39:00.0;OFF;ON;50;-0,60;0,50;-0,20;2,30;98,10;117,10;0,50;5,30;50;-0,40;-0,30;
2026-07-23 05:40:00.0;OFF;ON;50;-0,70;0,50;-0,20;2,30;98,10;117,10;0,50;5,30;50;-0,40;-0,30;
2026-07-23 05:41:00.0;OFF;ON;50;-0,70;0,50;-0,20;2,30;98,10;117,10;0,50;5,30;50;-0,40;-0,40;
2026-07-23 05:42:00.0;OFF;ON;50;-0,80;0,50;-0,20;2,30;98,10;117,20;0,60;5,30;50;-0,40;-0,40;
2026-07-23 05:43:00.0;OFF;ON;50;-0,70;0,50;-0,20;2,30;98;117,20;0,50;5,30;50;-0,40;-0,40;
2026-07-23 05:44:00.0;OFF;ON;50;-0,70;0,30;-0,20;2,30;98;117,20;0,50;5,50;50;-0,50;-0,40;
2026-07-23 05:45:00.0;OFF;ON;50;-0,90;0,30;-0,20;2,30;97,80;117,20;0,70;5,50;50;-0,50;-0,40;
2026-07-23 05:46:00.0;OFF;ON;50;-1;0,30;-0,30;2,20;97,80;117,20;0,70;5,50;50;-0,50;-0,40;
2026-07-23 05:47:00.0;OFF;ON;50;-1;0,20;-0,30;2,20;97,70;117,20;0,70;5,50;50;-0,50;-0,50;
2026-07-23 05:48:00.0;OFF;ON;50;-1;0,20;-0,30;2,20;97,50;117,20;0,70;5,50;50;-0,50;-0,50;
2026-07-23 05:49:00.0;OFF;ON;50;-1,10;0,20;-0,30;2,20;97,40;117,20;0,80;5,50;50;-0,50;-0,50;
2026-07-23 05:50:00.0;OFF;ON;50;-1,10;0,20;-0,30;2,20;97,30;117,20;0,80;5,50;50;-0,60;-0,50;
2026-07-23 05:51:00.0;OFF;ON;50;-1;0,20;-0,30;2,20;97,20;117,20;0,70;5,50;50;-0,60;-0,60;
2026-07-23 05:52:00.0;OFF;ON;50;-1,10;0,20;-0,30;2,20;97,20;117,20;0,80;5,50;50;-0,60;-0,60;
2026-07-23 05:53:00.0;OFF;ON;50;-1,10;0,20;-0,30;2,20;96,90;117,20;0,80;5,50;50;-0,60;-0,60;
2026-07-23 05:54:00.0;OFF;ON;50;-1,20;0,20;-0,40;2,10;96,90;117,20;0,80;5,50;50;-0,60;-0,60;
2026-07-23 05:55:00.0;OFF;ON;50;-1,20;0,20;-0,40;2,10;96,90;117,20;0,80;5,50;50;-0,60;-0,60;
2026-07-23 05:56:00.0;OFF;ON;50;-1,20;0,10;-0,40;2,10;96,80;117,20;0,80;5,50;50;-0,60;-0,60;
2026-07-23 05:57:00.0;OFF;ON;50;-1,10;0,10;-0,40;2,10;96,70;117,20;0,70;5,50;50;-0,60;-0,70;
2026-07-23 05:58:00.0;OFF;ON;50;-1,20;0,10;-0,40;2,10;96,60;117,20;0,80;5,50;50;-0,60;-0,70;
2026-07-23 05:59:00.0;OFF;ON;50;-1,20;-0,10;-0,40;2,10;96,60;117,20;0,80;5,70;50;-0,70;-0,70;
2026-07-23 06:00:00.0;OFF;ON;50;-1,10;-0,10;-0,40;2,10;96,60;117,20;0,70;5,70;50;-0,70;-0,70;
2026-07-23 06:01:00.0;OFF;ON;50;-1,10;-0,10;-0,40;2,10;96,60;117,20;0,70;5,70;50;-0,70;-0,70;
2026-07-23 06:02:00.0;OFF;ON;50;-1,10;-0,10;-0,40;2,10;96,50;117,20;0,70;5,70;50;-0,70;-0,70;
2026-07-23 06:03:00.0;OFF;ON;50;-1,10;-0,10;-0,40;2;96,80;117,20;0,70;5,70;50;-0,70;-0,70;
2026-07-23 06:04:00.0;OFF;ON;50;-1,10;-0,10;-0,30;2;97,20;117,20;0,80;5,70;50;-0,70;-0,70;
2026-07-23 06:05:00.0;OFF;ON;50;-1;0;-0,30;2;97,40;117;0,70;5,70;50;-0,60;-0,70;
2026-07-23 06:06:00.0;OFF;ON;50;-1;0;-0,30;2;97,60;117,20;0,70;5,70;50;-0,60;-0,70;
2026-07-23 06:07:00.0;OFF;ON;50;-0,90;0;-0,30;2;97,70;117,20;0,60;5,70;50;-0,60;-0,60;
2026-07-23 06:08:00.0;OFF;ON;50;-0,90;0;-0,30;0,30;97,80;12;0,60;5,70;50;-0,60;-0,60;
2026-07-23 06:09:00.0;OFF;ON;50;-0,90;-0,10;-0,30;0,40;98;0;0,70;5,70;50;-0,60;-0,60;
2026-07-23 06:10:00.0;OFF;ON;50;-0,80;0;-0,30;0,40;98;0;0,60;5,70;50;-0,60;-0,50;
2026-07-23 06:11:00.0;OFF;ON;50;-0,80;0;-0,20;0,40;98;0;0,60;5,70;50;-0,50;-0,50;
2026-07-23 06:12:00.0;OFF;ON;50;-0,90;0,10;-0,20;0,40;98,10;0;0,60;5,70;50;-0,50;-0,50;
2026-07-23 06:13:00.0;OFF;ON;50;-0,80;0,10;-0,20;0,40;98;0;0,60;5,70;50;-0,50;-0,50;
2026-07-23 06:14:00.0;OFF;ON;50;-0,80;0,30;-0,20;0,40;98;0;0,60;5,50;50;-0,50;-0,50;
2026-07-23 06:15:00.0;OFF;ON;50;-0,80;0,30;-0,20;0,40;98;0;0,50;5,50;50;-0,50;-0,40;
2026-07-23 06:16:00.0;OFF;ON;50;-0,90;0,30;-0,20;0,40;98;0;0,60;5,50;50;-0,50;-0,40;
2026-07-23 06:17:00.0;OFF;ON;50;-0,80;0,30;-0,20;0,30;97,90;0;0,50;5,50;50;-0,50;-0,40;
2026-07-23 06:18:00.0;OFF;ON;50;-0,90;0,20;-0,30;0,30;97,70;0;0,70;5,50;50;-0,50;-0,50;
2026-07-23 06:19:00.0;OFF;ON;50;-0,90;0,20;-0,30;0,30;97,50;0;0,60;5,50;50;-0,50;-0,50;
2026-07-23 06:20:00.0;OFF;ON;50;-0,90;0,20;-0,30;0,30;97,40;0;0,60;5,50;50;-0,50;-0,50;
2026-07-23 06:21:00.0;OFF;ON;50;-0,80;0,20;-0,30;0,30;97,20;0;0,50;5,50;50;-0,50;-0,50;
2026-07-23 06:22:00.0;OFF;ON;50;-0,80;0,20;-0,30;0,30;97;0;0,50;5,50;50;-0,60;-0,50;
2026-07-23 06:23:00.0;OFF;ON;50;-0,70;0,20;-0,30;0,30;96,90;0;0,40;5,50;50;-0,60;-0,50;
2026-07-23 06:24:00.0;OFF;ON;50;-0,80;0,20;-0,30;0,30;96,90;0;0,50;5,50;50;-0,50;-0,50;
2026-07-23 06:25:00.0;OFF;ON;50;-0,90;0,20;-0,30;0,30;96,90;0;0,60;5,50;50;-0,50;-0,50;
2026-07-23 06:26:00.0;OFF;ON;50;-0,90;0,20;-0,30;0,30;96,90;0;0,60;5,50;50;-0,50;-0,50;
2026-07-23 06:27:00.0;OFF;ON;50;-0,90;0,20;-0,30;0,30;96,80;0;0,60;5,50;50;-0,50;-0,50;
2026-07-23 06:28:00.0;OFF;ON;50;-1;0,20;-0,30;0,20;96,80;0;0,70;5,50;50;-0,60;-0,50;
2026-07-23 06:29:00.0;OFF;ON;50;-1;0;-0,30;0,20;96,70;0;0,70;5,70;50;-0,60;-0,60;
2026-07-23 06:30:00.0;OFF;ON;50;-1,10;-0,10;-0,40;0,20;96,60;0;0,70;5,70;50;-0,60;-0,60;
2026-07-23 06:31:00.0;OFF;ON;50;-1,20;-0,10;-0,40;0,20;96,60;0;0,80;5,70;50;-0,60;-0,60;
2026-07-23 06:32:00.0;OFF;ON;50;-1,20;-0,10;-0,40;0,20;96,50;0;0,80;5,70;50;-0,60;-0,60;
2026-07-23 06:33:00.0;OFF;ON;50;-1,20;-0,10;-0,40;0,20;97,10;0;0,80;5,70;50;-0,60;-0,70;
2026-07-23 06:34:00.0;OFF;ON;50;-1,20;0;-0,30;0,20;97,30;0;0,80;5,70;50;-0,60;-0,70;
2026-07-23 06:35:00.0;OFF;ON;50;-1,10;0;-0,30;0,20;97,70;0;0,80;5,70;50;-0,60;-0,70;
2026-07-23 06:36:00.0;OFF;ON;50;-0,90;0;-0,30;0,20;97,90;0;0,60;5,70;50;-0,60;-0,60;
2026-07-23 06:37:00.0;OFF;ON;50;-1;0;-0,30;0,20;98;0;0,70;5,70;50;-0,60;-0,60;
2026-07-23 06:38:00.0;OFF;ON;50;-0,90;0;-0,30;0,20;98;0;0,60;5,70;50;-0,60;-0,60;
2026-07-23 06:39:00.0;OFF;ON;50;-1;0;-0,30;0,20;97,80;0;0,70;5,70;50;-0,60;-0,60;
2026-07-23 06:40:00.0;OFF;ON;50;-1;0;-0,30;0,10;97,50;0;0,70;5,70;50;-0,60;-0,50;
2026-07-23 06:41:00.0;OFF;ON;50;-1;0;-0,30;0,10;97,30;0;0,70;5,70;50;-0,60;-0,60;
2026-07-23 06:42:00.0;OFF;ON;50;-1,10;-0,10;-0,40;0,10;97,10;0;0,80;5,70;50;-0,60;-0,60;
2026-07-23 06:43:00.0;OFF;ON;50;-1;-0,10;-0,30;0,10;97,30;0;0,60;5,70;50;-0,60;-0,60;
2026-07-23 06:44:00.0;OFF;ON;50;-1;-0,20;-0,30;0,10;97,50;0;0,70;5,90;50;-0,60;-0,60;
2026-07-23 06:45:00.0;OFF;ON;50;-1;-0,20;-0,30;0,10;97,70;0;0,70;5,90;50;-0,60;-0,60;
2026-07-23 06:46:00.0;OFF;ON;50;-0,90;-0,20;-0,30;0,10;98;0;0,70;5,90;50;-0,60;-0,60;
2026-07-23 06:47:00.0;OFF;ON;50;-0,90;-0,20;-0,30;0,10;98;0;0,70;5,90;50;-0,60;-0,50;
2026-07-23 06:48:00.0;OFF;ON;50;-0,80;-0,10;-0,20;0,10;98,10;0;0,60;5,90;50;-0,50;-0,50;
2026-07-23 06:49:00.0;OFF;ON;50;-0,80;-0,10;-0,20;0,10;98,30;0;0,60;5,90;50;-0,50;-0,50;
2026-07-23 06:50:00.0;OFF;ON;50;-0,80;-0,10;-0,20;0,10;98,40;0;0,60;5,90;50;-0,50;-0,50;
2026-07-23 06:51:00.0;OFF;ON;50;-0,80;-0,10;-0,20;0,10;98,10;0;0,60;5,90;50;-0,50;-0,50;
2026-07-23 06:52:00.0;OFF;ON;50;-0,90;-0,10;-0,30;0,10;97,90;0;0,60;5,90;50;-0,50;-0,50;
2026-07-23 06:53:00.0;OFF;ON;50;-1;-0,20;-0,30;0;97,70;0;0,70;5,90;50;-0,50;-0,50;
2026-07-23 06:54:00.0;OFF;ON;50;-1;-0,20;-0,30;0;97,40;0;0,70;5,90;50;-0,50;-0,50;
2026-07-23 06:55:00.0;OFF;ON;50;-1,10;-0,20;-0,30;0;97,30;0;0,70;5,90;50;-0,50;-0,50;
2026-07-23 06:56:00.0;OFF;ON;50;-0,90;-0,30;-0,40;0;97,30;0;0,60;5,90;50;-0,60;-0,50;
2026-07-23 06:57:00.0;OFF;ON;50;-0,90;-0,20;-0,30;0;97,90;0;0,60;5,90;50;-0,60;-0,60;
2026-07-23 06:58:00.0;OFF;ON;50;-0,90;-0,20;-0,30;0;98,10;0;0,70;5,90;50;-0,60;-0,60;
2026-07-23 06:59:00.0;OFF;ON;50;-1;-0,30;-0,20;0;98,30;0;0,80;6,10;50;-0,50;-0,60;
2026-07-23 07:00:00.0;OFF;ON;50;-0,70;-0,30;-0,20;0;98,30;0;0,50;6,10;50;-0,50;-0,50;
2026-07-23 07:01:00.0;OFF;ON;50;-0,60;-0,30;-0,20;0;98,30;0;0,40;6,10;50;-0,50;-0,50;
2026-07-23 07:02:00.0;OFF;ON;50;-0,70;-0,30;-0,20;0;98,30;0;0,50;6,10;50;-0,50;-0,40;
2026-07-23 07:03:00.0;OFF;ON;50;-0,50;-0,30;-0,20;0;98,30;0;0,40;6,10;50;-0,50;-0,40;
2026-07-23 07:04:00.0;OFF;ON;50;-0,60;-0,20;-0,10;0;98,30;0;0,50;6,10;50;-0,40;-0,30;
2026-07-23 07:05:00.0;OFF;ON;50;-0,70;-0,20;-0,10;0;98,40;0;0,60;6,10;50;-0,40;-0,30;
2026-07-23 07:06:00.0;OFF;ON;50;-0,70;-0,20;-0,10;0;98,30;0;0,60;6,10;50;-0,40;-0,30;
2026-07-23 07:07:00.0;OFF;ON;50;-0,70;-0,20;-0,10;-0,10;98,40;0;0,60;6,10;50;-0,40;-0,30;
2026-07-23 07:08:00.0;OFF;ON;50;-0,80;-0,20;-0,10;-0,10;98,40;0;0,70;6,10;50;-0,40;-0,30;
2026-07-23 07:09:00.0;OFF;ON;50;-0,70;-0,20;-0,10;-0,10;98,30;0;0,60;6,10;50;-0,40;-0,30;
2026-07-23 07:10:00.0;OFF;ON;50;-0,80;-0,20;-0,10;-0,10;98,40;0;0,70;6,10;50;-0,40;-0,30;
2026-07-23 07:11:00.0;OFF;ON;50;-0,70;-0,20;-0,10;-0,10;98,20;0;0,60;6,10;50;-0,40;-0,30;
2026-07-23 07:12:00.0;OFF;ON;50;-0,70;-0,20;-0,20;-0,10;98;0;0,50;6,10;50;-0,40;-0,40;
2026-07-23 07:13:00.0;OFF;ON;50;-0,90;-0,30;-0,20;-0,10;98,30;0;0,70;6,10;50;-0,40;-0,40;
2026-07-23 07:14:00.0;OFF;ON;50;-0,80;-0,50;-0,20;-0,10;98,30;0;0,60;6,30;50;-0,40;-0,40;
2026-07-23 07:15:00.0;OFF;ON;50;-0,80;-0,40;-0,10;-0,10;98,40;0;0,70;6,30;50;-0,40;-0,40;
2026-07-23 07:16:00.0;OFF;ON;50;-0,70;-0,40;-0,10;-0,10;98,40;0;0,60;6,30;50;-0,40;-0,40;
2026-07-23 07:17:00.0;OFF;ON;50;-0,80;-0,40;-0,10;-0,10;98,40;0;0,70;6,30;50;-0,40;-0,40;
2026-07-23 07:18:00.0;OFF;ON;50;-0,70;-0,40;-0,10;-0,10;98,40;0;0,60;6,30;50;-0,40;-0,40;
2026-07-23 07:19:00.0;OFF;ON;50;-0,70;-0,40;-0,10;-0,10;98,40;0;0,60;6,30;50;-0,40;-0,40;
2026-07-23 07:20:00.0;OFF;ON;50;-0,70;-0,40;-0,10;-0,10;98,40;0;0,60;6,30;50;-0,30;-0,30;
2026-07-23 07:21:00.0;OFF;ON;50;-0,70;-0,40;-0,10;-0,10;98,40;0;0,60;6,30;50;-0,30;-0,30;
2026-07-23 07:22:00.0;OFF;ON;50;-0,60;-0,30;0;-0,20;98,40;0;0,60;6,30;50;-0,30;-0,30;
2026-07-23 07:23:00.0;OFF;ON;50;-0,60;-0,30;0;-0,20;98,30;0;0,50;6,30;50;-0,30;-0,30;
2026-07-23 07:24:00.0;OFF;ON;50;-0,60;-0,40;-0,10;-0,20;98;0;0,50;6,30;50;-0,30;-0,30;
2026-07-23 07:25:00.0;OFF;ON;50;-0,70;-0,40;-0,20;-0,20;97,90;0;0,60;6,30;50;-0,30;-0,30;
2026-07-23 07:26:00.0;OFF;ON;50;-0,80;-0,50;-0,20;-0,20;97,70;0;0,60;6,30;50;-0,40;-0,30;
2026-07-23 07:27:00.0;OFF;ON;50;-0,80;-0,50;-0,20;-0,20;97,70;0;0,50;6,30;50;-0,40;-0,40;
2026-07-23 07:28:00.0;OFF;ON;50;-0,80;-0,50;-0,20;-0,20;97,50;0;0,60;6,30;50;-0,40;-0,40;
2026-07-23 07:29:00.0;OFF;ON;50;-0,90;-0,80;-0,30;-0,20;97,20;0;0,70;6,50;50;-0,50;-0,40;
2026-07-23 07:30:00.0;OFF;ON;50;-0,90;-0,80;-0,30;-0,20;97,20;0;0,70;6,50;50;-0,50;-0,50;
2026-07-23 07:31:00.0;OFF;ON;50;-1;-0,80;-0,30;-0,20;97;0;0,60;6,50;50;-0,50;-0,50;
2026-07-23 07:32:00.0;OFF;ON;50;-1;-0,80;-0,30;-0,20;96,90;0;0,70;6,50;50;-0,50;-0,50;
2026-07-23 07:33:00.0;OFF;ON;50;-1;-0,80;-0,30;-0,20;96,90;0;0,70;6,50;50;-0,50;-0,50;
2026-07-23 07:34:00.0;OFF;ON;50;-1;-0,80;-0,30;-0,20;96,90;0;0,70;6,50;50;-0,60;-0,60;
2026-07-23 07:35:00.0;OFF;ON;50;-1;-0,80;-0,30;-0,20;97,60;0;0,60;6,50;50;-0,60;-0,60;
2026-07-23 07:36:00.0;OFF;ON;50;-1;-0,80;-0,30;-0,20;97,50;0;0,70;6,50;50;-0,50;-0,60;
2026-07-23 07:37:00.0;OFF;ON;50;-1;-0,80;-0,30;-0,20;97,10;0;0,70;6,50;50;-0,50;-0,60;
2026-07-23 07:38:00.0;OFF;ON;50;-1;-0,80;-0,40;-0,20;96,90;0;0,70;6,50;50;-0,60;-0,60;
2026-07-23 07:39:00.0;OFF;ON;50;-1;-0,90;-0,40;-0,30;96,60;0;0,60;6,50;50;-0,60;-0,60;
2026-07-23 07:40:00.0;OFF;ON;50;-1,10;-0,90;-0,40;-0,30;96,50;0;0,70;6,50;50;-0,60;-0,60;
2026-07-23 07:41:00.0;OFF;ON;50;-1,10;-0,90;-0,40;-0,30;96,40;0;0,60;6,50;50;-0,60;-0,70;
2026-07-23 07:42:00.0;OFF;ON;50;-1,20;-0,90;-0,40;-0,30;96,40;0;0,70;6,50;50;-0,60;-0,70;
2026-07-23 07:43:00.0;OFF;ON;50;-1,20;-0,90;-0,50;-0,30;96,30;0;0,70;6,50;50;-0,60;-0,70;
2026-07-23 07:44:00.0;OFF;ON;50;-1,20;-1;-0,50;-0,30;96,30;0;0,70;6,50;50;-0,70;-0,70;
2026-07-23 07:45:00.0;OFF;ON;50;-1,10;-1;-0,50;-0,30;96,30;0;0,70;6,50;50;-0,70;-0,70;
2026-07-23 07:46:00.0;OFF;ON;50;-1,20;-1;-0,50;-0,30;96,20;0;0,80;6,50;50;-0,70;-0,70;
2026-07-23 07:47:00.0;OFF;ON;50;-1,10;-1;-0,40;-0,30;96,20;0;0,70;6,50;50;-0,70;-0,70;
2026-07-23 07:48:00.0;OFF;ON;50;-1,10;-1;-0,50;-0,30;96,30;0;0,70;6,50;50;-0,70;-0,80;
2026-07-23 07:49:00.0;OFF;ON;50;-1,20;-1;-0,50;-0,30;96,90;0;0,70;6,50;50;-0,70;-0,80;
2026-07-23 07:50:00.0;OFF;ON;50;-1,20;-1;-0,50;-0,30;96,80;0;0,80;6,50;50;-0,70;-0,80;
2026-07-23 07:51:00.0;OFF;ON;50;-1,20;-1;-0,50;-0,30;96,60;0;0,70;6,50;50;-0,70;-0,80;
2026-07-23 07:52:00.0;OFF;ON;50;-1,20;-1;-0,50;-0,30;96,30;0;0,70;6,50;50;-0,70;-0,80;
2026-07-23 07:53:00.0;OFF;ON;50;-1,20;-1;-0,50;-0,30;96,20;0;0,60;6,50;50;-0,70;-0,80;
2026-07-23 07:54:00.0;OFF;ON;50;-1,20;-1;-0,50;-0,30;96,10;0;0,70;6,50;50;-0,70;-0,80;
2026-07-23 07:55:00.0;OFF;ON;50;-1,30;-1;-0,50;-0,40;96;0;0,80;6,50;50;-0,70;-0,80;
2026-07-23 07:56:00.0;OFF;ON;50;-1,20;-1;-0,50;-0,40;96;0;0,70;6,50;50;-0,80;-0,80;
2026-07-23 07:57:00.0;OFF;ON;50;-0,90;-1;-0,50;-0,40;96;0;0,40;6,50;50,60;-0,80;-0,80;
2026-07-23 07:58:00.0;OFF;ON;50;-0,70;-1;-0,50;-0,40;96;0;0,20;6,50;51,30;-0,70;-0,70;
2026-07-23 07:59:00.0;OFF;ON;50;-0,50;-1;-0,50;-0,40;96,30;0;0;6,50;52,60;-0,70;-0,50;
2026-07-23 08:00:00.0;OFF;ON;50;-0,20;-0,90;-0,40;-0,40;96,60;0;-0,20;6,50;54,20;-0,60;-0,40;
2026-07-23 08:01:00.0;OFF;ON;50;-0,20;-0,90;-0,30;-0,40;96,90;0;-0,10;6,50;54,70;-0,50;-0,30;
2026-07-23 08:02:00.0;OFF;ON;50;0,10;-0,80;-0,30;-0,40;97,10;0;-0,30;6,50;56,40;-0,40;-0,10;
2026-07-23 08:03:00.0;OFF;ON;50;0;-0,70;-0,20;-0,40;97,30;0;-0,20;6,50;57;-0,40;0;
2026-07-23 08:04:00.0;OFF;ON;50;0,20;-0,70;-0,20;-0,40;97,50;0;-0,40;6,50;58,40;-0,30;0,10;
2026-07-23 08:05:00.0;OFF;ON;50;0,40;-0,60;-0,10;-0,40;98;0;-0,50;6,50;60,40;-0,20;0,20;
2026-07-23 08:06:00.0;OFF;ON;50;0,60;-0,60;0;-0,40;98,30;0;-0,60;6,50;62,10;-0,20;0,30;
2026-07-23 08:07:00.0;OFF;ON;50;0,50;-0,50;0;-0,40;98,30;0;-0,60;6,50;63,10;-0,10;0,30;
2026-07-23 08:08:00.0;OFF;ON;50;0,50;-0,50;0;-0,40;98,20;0;-0,60;6,50;64,50;-0,10;0,30;
2026-07-23 08:09:00.0;OFF;ON;50;0,70;-0,50;0;-0,40;98,10;0;-0,70;6,50;66,50;-0,10;0,30;
2026-07-23 08:10:00.0;OFF;ON;50;0,60;-0,50;0;-0,40;98,30;0;-0,60;6,50;67,30;-0,10;0,30;
2026-07-23 08:11:00.0;OFF;ON;50;0,80;-0,50;0;-0,50;98,30;0;-0,80;6,50;69,30;-0,10;0,30;
2026-07-23 08:12:00.0;OFF;ON;50;0,70;-0,50;0;-0,50;98,20;0;-0,70;6,50;70,60;-0,10;0,30;
2026-07-23 08:13:00.0;OFF;ON;50;0,80;-0,50;0;-0,50;98,20;0;-0,80;6,50;72,30;-0,10;0,30;
2026-07-23 08:14:00.0;OFF;ON;50;0,90;-0,50;0,10;-0,50;98,30;0;-0,80;6,50;74;-0,10;0,30;
2026-07-23 08:15:00.0;OFF;ON;50;0,80;-0,40;0,10;-0,50;98,30;0;-0,70;6,50;74,90;-0,10;0,30;
2026-07-23 08:16:00.0;OFF;ON;50;1;-0,40;0,10;-1,20;98,30;0;-0,90;6,50;77;-0,10;0,30;
2026-07-23 08:17:00.0;OFF;ON;50;1;-0,40;0,10;-2;98,30;0;-0,90;6,50;78,60;0;0,30;
2026-07-23 08:18:00.0;OFF;ON;50;1;-0,40;0,10;-2,40;98,40;0;-0,90;6,50;80,20;-0,10;0,30;
2026-07-23 08:19:00.0;OFF;ON;50;0,90;-0,40;0,10;-2,50;98,40;0;-0,80;6,50;81;0;0,30;
2026-07-23 08:20:00.0;OFF;ON;50;1;-0,40;0,10;-2,60;98,40;0;-0,80;6,50;82,90;0;0,30;
2026-07-23 08:21:00.0;OFF;ON;50;1;-0,40;0,10;-2,70;98,40;0;-0,90;6,50;85,30;0;0,30;
2026-07-23 08:22:00.0;OFF;ON;50;1;-0,40;0,10;-2,70;98,40;0;-0,90;6,50;86,80;0;0,30;
2026-07-23 08:23:00.0;OFF;ON;50;1;-0,40;0,20;-2,60;98,40;0;-0,80;6,50;88;0;0,30;
2026-07-23 08:24:00.0;OFF;ON;50;1;-0,20;0,20;-2,60;98,40;0,30;-0,80;6,50;89,60;0;0,30;
2026-07-23 08:25:00.0;OFF;ON;50;1;-0,30;0,20;-2,60;98,40;0;-0,80;6,50;91,40;0;0,30;
2026-07-23 08:26:00.0;OFF;ON;50;1;-0,30;0,20;-2,60;98,40;0;-0,80;6,50;93;0;0,30;
2026-07-23 08:27:00.0;OFF;ON;50;1;-0,30;0,20;-2,60;98,40;0;-0,80;6,50;94,70;0;0,30;
2026-07-23 08:28:00.0;OFF;ON;50;1;-0,30;0,20;-2,60;98,40;0;-0,80;6,50;96,30;0;0,30;
2026-07-23 08:29:00.0;OFF;ON;50;1,10;-0,10;0,20;-2,60;98,40;0;-0,90;6,30;97,10;0;0,30;
2026-07-23 08:30:00.0;OFF;ON;50;1;-0,10;0,20;-2,50;98,40;0;-0,80;6,30;98,10;0;0,30;
2026-07-23 08:31:00.0;OFF;ON;50;1,10;0;0,30;-2,50;98,40;0;-0,80;6,30;99,40;0;0,30;
2026-07-23 08:32:00.0;OFF;ON;50;1,10;0;0,60;-2,50;98,40;0;-0,50;6,30;99,30;0,90;0,30;
2026-07-23 08:33:00.0;OFF;ON;50;1,20;0,30;0,70;-2,30;98,40;0;-0,50;6,30;100;0,90;0,30;
2026-07-23 08:34:00.0;ON;OFF;50;1,30;-1,30;0,70;-2,30;98,40;0;-0,60;2;100;1;0,30;
2026-07-23 08:35:00.0;ON;OFF;50;1,30;-1,30;0,70;-2,20;98,40;0;-0,60;2;100;0,80;0,30;
2026-07-23 08:36:00.0;ON;OFF;50;1,30;-1,20;0,90;-1,90;98,40;0;-0,40;2;99,80;0,60;0,30;
2026-07-23 08:37:00.0;ON;OFF;50;1,40;-1,10;0,80;-1,50;98,40;0;-0,50;2;100;0,50;0,30;
2026-07-23 08:38:00.0;ON;OFF;50;1,40;-1,20;0,90;-0,20;98,40;0;-0,50;2;100;0,50;0,30;
2026-07-23 08:39:00.0;ON;OFF;50;1,50;-1,10;0,90;1,80;98,40;0;-0,50;2;100;0,60;0,30;
2026-07-23 08:40:00.0;ON;OFF;50;1,50;-1,10;0,80;0,10;98,40;0;-0,70;2;100;0,50;0,30;
2026-07-23 08:41:00.0;ON;OFF;50;1,50;-1,30;0,70;-1;98,40;0;-0,80;2;99,70;0,50;0,30;
2026-07-23 08:42:00.0;ON;OFF;50;1,60;-1,30;0,60;-1,40;98,40;0;-0,90;2;100;0,50;0,30;
2026-07-23 08:43:00.0;ON;OFF;50;1,60;-1,40;0,60;-1,60;98,40;0;-1;2;100;0,40;0,40;
2026-07-23 08:44:00.0;ON;OFF;50;1,60;-1,50;0,50;-1,70;98,40;0;-1,10;2;100;0,50;0,40;
2026-07-23 08:45:00.0;ON;OFF;50;1,50;-1,50;0,50;-1,80;98,30;0;-1;2;99,60;0,50;0,40;
2026-07-23 08:46:00.0;ON;OFF;50;1,60;-1,50;0,50;-1,90;98,40;0;-1,10;2;100;0,70;0,40;
2026-07-23 08:47:00.0;ON;OFF;50;1,60;-1,40;0,70;-2;98,40;0;-0,90;2;99,70;1,20;0,40;
2026-07-23 08:48:00.0;ON;OFF;50;1,70;-1,30;0,90;-2;98,40;0;-0,80;2;99,60;1,30;0,50;
2026-07-23 08:49:00.0;ON;OFF;50;1,90;-1,10;0,90;-2;98,40;0;-0,90;2;100;1,40;0,60;
2026-07-23 08:50:00.0;ON;OFF;50;1,90;-1,10;0,90;-2;98,40;0;-1;2;100;1,50;0,60;
2026-07-23 08:51:00.0;ON;OFF;50;2;-1;1;-1,90;98,40;0;-0,90;2;99,70;1,70;0,70;
2026-07-23 08:52:00.0;ON;OFF;50;2,10;-1;1,10;-1,90;98,40;0;-1,10;2;100;1,80;0,90;
2026-07-23 08:53:00.0;ON;OFF;50;2,10;-0,90;1,10;-1,80;98,40;0;-1;2;99,70;1,80;1,10;
2026-07-23 08:54:00.0;ON;OFF;50;2,20;-0,90;1,20;-1,80;98,40;0;-1;2;99,70;1,90;1,50;
2026-07-23 08:55:00.0;ON;OFF;50;2,40;-0,80;1,20;-1,70;98,40;0;-1,10;2;100;1,90;1,90;
2026-07-23 08:56:00.0;ON;OFF;50;2,30;-0,70;1,40;-1,60;98,40;0;-1;2;99,70;2,30;2,20;
2026-07-23 08:57:00.0;ON;OFF;50;2,40;-0,50;1,60;-1,50;98,40;0;-0,80;2;100;2,70;2,50;
2026-07-23 08:58:00.0;ON;OFF;50;2,20;-0,20;2;-0,80;98,40;0;-0,20;2;100;2,80;2,60;
2026-07-23 08:59:00.0;ON;OFF;50;1,90;0,10;2,10;-0,30;98,40;0;0,20;2;99,60;2,80;2,60;
2026-07-23 09:00:00.0;ON;OFF;50;1,60;0,10;2,10;-0,30;98,40;0;0,50;2;99,50;2,70;2,40;
2026-07-23 09:01:00.0;ON;OFF;50;1,30;0,10;2,10;-0,30;98,40;0;0,90;2;99,50;2,60;2,20;
2026-07-23 09:02:00.0;ON;OFF;50;0,90;0,20;2,10;-0,10;98,40;0;1,20;2;99,10;2,60;2;
2026-07-23 09:03:00.0;ON;OFF;50;0,60;0,10;2,10;-0,10;98,40;0;1,50;2;98,90;2,40;1,80;
2026-07-23 09:04:00.0;ON;OFF;50;0,10;0,10;2,10;-0,10;98,40;0;1,90;2;97,40;2,40;1,60;
2026-07-23 09:05:00.0;ON;OFF;50;-0,30;-0,10;1,90;-0,20;98,40;0;2,20;2;96,30;2;1;
2026-07-23 09:06:00.0;ON;OFF;50;-0,50;-0,10;1,80;-0,30;98,40;0;2,30;2;95,40;1,90;0,80;
2026-07-23 09:07:00.0;ON;OFF;50;-0,80;-0,30;1,70;-0,50;98,40;0;2,40;2;94,50;1,70;0,50;
2026-07-23 09:08:00.0;ON;OFF;50;-0,90;-0,40;1,60;-0,40;98,40;0;2,50;2;93,90;1,70;0,30;
2026-07-23 09:09:00.0;ON;OFF;50;-1,10;-0,40;1,60;-0,60;98,40;0;2,70;2;92,20;1,70;0,20;
2026-07-23 09:10:00.0;ON;OFF;50;-1,20;-0,40;1,60;-0,40;98,40;0;2,80;2;90,80;1,60;0;
2026-07-23 09:11:00.0;ON;OFF;50;-1,50;-0,30;1,60;-0,40;98,40;0;3,10;2;88,70;1,60;-0,10;
2026-07-23 09:12:00.0;ON;OFF;50;-1,60;-0,40;1,60;-0,40;98,40;0;3,10;2;86,80;1,40;-0,20;
2026-07-23 09:13:00.0;ON;OFF;50;-1,70;-0,40;1,70;-0,20;98,40;0;3,40;2;84,40;1,40;-0,30;
2026-07-23 09:14:00.0;ON;OFF;50;-2;-0,40;1,60;-0,10;98,40;0;3,60;2;81,80;1,40;-0,30;
2026-07-23 09:15:00.0;ON;OFF;50;-2,10;-0,40;1,60;0;98,40;0;3,80;2;79,30;1,30;-0,40;
2026-07-23 09:16:00.0;ON;OFF;50;-2,20;-0,40;1,60;0,30;98,40;0;3,80;2;76,70;1,30;-0,50;
2026-07-23 09:17:00.0;ON;OFF;50;-2,30;-0,30;1,80;0,60;98,40;0;4,10;2;73,20;1,30;-0,50;
2026-07-23 09:18:00.0;ON;OFF;50;-2,40;-0,20;2;0,80;98,40;0;4,40;2;69,40;1,40;-0,50;
2026-07-23 09:19:00.0;ON;OFF;50;-2,60;0;2,10;0,80;98,40;0;4,70;2;65,80;1,40;-0,40;
2026-07-23 09:20:00.0;ON;OFF;50;-2,60;0,10;2;0,90;98,40;0;4,60;2;63;1;-0,50;
2026-07-23 09:21:00.0;ON;OFF;50;-1,60;-0,20;1,70;0,80;98,40;0;3,30;2;65,70;0,60;-0,60;
2026-07-23 09:22:00.0;ON;OFF;50;-1,70;-0,30;1,60;0,90;98,40;0;3,30;2;64,70;0,50;-0,50;
2026-07-23 09:23:00.0;ON;OFF;50;-1,50;-0,40;1,60;0,80;98,40;0;3,10;2;64,20;0,40;-0,50;
2026-07-23 09:24:00.0;ON;OFF;50;-1,50;-0,40;1,60;0,80;98,40;0;3,10;2;62,60;0,40;-0,50;
2026-07-23 09:25:00.0;ON;OFF;50;-1,20;-0,50;1,50;0,70;98,40;0;2,70;2;63,20;0,30;-0,60;
2026-07-23 09:26:00.0;ON;OFF;50;-1,30;-0,60;1,50;0,50;98,40;0;2,80;2;61,80;0,40;-0,40;
2026-07-23 09:27:00.0;ON;OFF;50;-1,30;-0,40;1,50;0,60;98,40;0;2,80;2;60,60;0,40;-0,50;
2026-07-23 09:28:00.0;ON;OFF;50;-1,20;-0,50;1,50;0,50;98,40;0;2,70;2;60,60;0,30;-0,50;
2026-07-23 09:29:00.0;ON;OFF;50;-1,30;-0,50;1,50;0,60;98,40;0;2,70;2;59,30;0,30;-0,50;
2026-07-23 09:30:00.0;ON;OFF;50;-1,30;-0,50;1,50;0,80;98,40;0;2,80;2;58,10;0,30;-0,40;
2026-07-23 09:31:00.0;ON;OFF;50;-1,20;-0,50;1,50;0,90;98,40;0;2,70;2;57,80;0,30;-0,40;
2026-07-23 09:32:00.0;ON;OFF;50;-0,80;-0,50;1,50;0,80;98,40;0;2,30;2;58,90;0,30;-0,40;
2026-07-23 09:33:00.0;ON;OFF;50;-1;-0,50;1,40;0,70;98,40;0;2,40;2;58,10;0,40;-0,20;
2026-07-23 09:34:00.0;ON;OFF;50;-0,90;-0,50;1,60;0,70;98,40;0;2,50;2;57;0,40;-0,20;
2026-07-23 09:35:00.0;ON;OFF;50;-0,90;-0,50;1,40;0,70;98,40;0;2,30;2;57,20;0,30;-0,20;
2026-07-23 09:36:00.0;ON;OFF;50;-0,70;-0,60;1,50;0,80;98,40;0;2,10;2;57,80;0,30;0;
2026-07-23 09:37:00.0;ON;OFF;50;-0,70;-0,50;1,50;0,70;98,40;0;2,20;2;56,90;0,40;0;
2026-07-23 09:38:00.0;ON;OFF;50;-0,80;-0,50;1,50;0,70;98,40;0;2,30;2;56,50;0,30;0;
2026-07-23 09:39:00.0;ON;OFF;50;-0,70;-0,50;1,50;0,70;98,40;0;2,20;2;56,90;0,40;0;
2026-07-23 09:40:00.0;ON;OFF;50;-0,80;-0,50;1,40;0,60;98,40;0;2,30;2;56,40;0,40;0;
2026-07-23 09:41:00.0;ON;OFF;50;-0,90;-0,60;1,40;0,70;98,40;0;2,30;2;55,70;0,40;-0,10;
2026-07-23 09:42:00.0;ON;OFF;50;-0,60;-0,60;1,50;0,50;98,40;0;2,10;2;56,50;0,30;0;
2026-07-23 09:43:00.0;ON;OFF;50;-0,80;-0,50;1,50;0,50;98,40;0;2,30;2;55,40;0,30;-0,10;
2026-07-23 09:44:00.0;ON;OFF;50;-0,70;-0,50;1,50;0,60;98,40;0;2,10;2;56;0,30;-0,10;
2026-07-23 09:45:00.0;ON;OFF;50;-0,30;-0,50;1,50;0,60;98,40;0;1,80;2;57,10;0,40;0;
2026-07-23 09:46:00.0;ON;OFF;50;-0,20;-0,20;1,90;0,70;98,40;0;2,10;2;56,10;1,10;0,20;
2026-07-23 09:47:00.0;ON;OFF;50;0,40;0;2,10;0,90;98,40;0;1,70;2;57,70;1,30;0,40;
2026-07-23 09:48:00.0;ON;OFF;50;0,70;0,10;2,30;1;98,40;0;1,60;2;58,50;1,50;0,50;
2026-07-23 09:49:00.0;ON;OFF;50;1,20;0,40;2,50;1,20;98,40;0;1,30;2;59,80;1,90;0,60;
2026-07-23 09:50:00.0;ON;OFF;50;1,70;0,70;2,80;1,60;98,40;0;1,10;2;61,60;1,90;1,10;
2026-07-23 09:51:00.0;ON;OFF;50;2;1,10;3,40;1,70;98,40;0;1,40;2;61,90;2,50;2,10;
2026-07-23 09:52:00.0;ON;OFF;50;2,10;1,50;3,50;1,70;98,40;0;1,40;2;62,30;2,60;2,30;
2026-07-23 09:53:00.0;ON;OFF;50;2;1,70;3,90;2;98,40;0;1,90;2;60,80;3,10;2,70;
2026-07-23 09:54:00.0;ON;OFF;50;1,90;2,10;4,10;2,20;98,40;0;2,20;2;59,40;3,40;2,80;
2026-07-23 09:55:00.0;ON;OFF;50;1,90;2,20;4,20;2,20;98,40;0;2,30;2;59,10;3,50;2,80;
2026-07-23 09:56:00.0;ON;OFF;50;2,30;2,20;4,30;2,20;98,40;0;2;2;59,70;3,60;2,90;
2026-07-23 09:57:00.0;ON;OFF;50;2;2,40;4,50;2,50;98,40;0;2,50;2;57,70;3,80;3;
2026-07-23 09:58:00.0;ON;OFF;50;2,30;2,60;4,60;2,50;98,50;0;2,30;2;57,80;3,80;3,10;
2026-07-23 09:59:00.0;ON;OFF;50;2,40;2,60;4,70;2,50;98,50;0;2,30;2;57,60;3,90;3,20;
2026-07-23 10:00:00.0;ON;OFF;50;2,10;2,80;4,90;2,60;98,50;0;2,80;2;55;4,10;3,20;
2026-07-23 10:01:00.0;ON;OFF;50;2;2,90;4,90;2,70;98,50;0;2,90;2;53,40;4,10;3,10;
2026-07-23 10:02:00.0;ON;OFF;50;2;2,90;5;2,70;98,50;0;3;2;51,50;4,20;3;
2026-07-23 10:03:00.0;ON;OFF;50;2;2,90;5;2,70;98,50;0;3,10;2;50;4,20;3,10;
2026-07-23 10:04:00.0;ON;OFF;50;2,20;3,10;5,20;2,80;98,50;0;3;2;50;4,40;3,20;
2026-07-23 10:05:00.0;ON;OFF;50;2,40;3,20;5,30;3;98,50;0;2,90;2;50;4,50;3,30;
2026-07-23 10:06:00.0;ON;OFF;50;2,70;3,30;5,50;3,20;98,50;0;2,70;2;50;4,60;3,50;
2026-07-23 10:07:00.0;ON;OFF;50;2,40;3,60;5,70;3,60;98,50;0;3,30;2;50;4,80;3,70;
2026-07-23 10:08:00.0;ON;OFF;50;2,90;3,80;5,90;3,70;98,50;1,20;3;2;50;4,80;3,70;
2026-07-23 10:09:00.0;ON;OFF;50;2,90;4;6;38,40;98,50;91,80;3,10;2;50;4,80;3,80;
2026-07-23 10:10:00.0;ON;OFF;50;2,80;4,10;6,10;41,90;98,50;91,70;3,30;2;50;4,90;3,90;
2026-07-23 10:11:00.0;ON;OFF;50;2,90;4,20;6,20;42,80;98,50;91,70;3,40;2;50;5;3,90;
2026-07-23 10:12:00.0;ON;OFF;50;3,20;4,30;6,30;43,10;98,50;91,70;3,10;2;50;5,10;4;
2026-07-23 10:13:00.0;ON;OFF;50;3,20;4,30;6,40;43,30;98,50;91,80;3,20;2;50;5,20;4,10;
2026-07-23 10:14:00.0;ON;OFF;50;3,20;4,50;6,60;43,40;98,50;91,70;3,40;2;50;5,30;4,30;
2026-07-23 10:15:00.0;ON;OFF;50;3,50;4,70;6,80;43,50;98,50;91,70;3,30;2;50;5,50;4,40;
2026-07-23 10:16:00.0;ON;OFF;50;3,60;4,80;6,90;43,60;98,50;91,70;3,30;2;50;5,60;4,60;
2026-07-23 10:17:00.0;ON;OFF;50;3,40;5;7,10;43,70;98,50;91,70;3,70;2;50;5,70;4,60;
2026-07-23 10:18:00.0;ON;OFF;50;3,50;5,10;7,10;43,70;98,50;91,70;3,60;2;50;5,80;4,60;
2026-07-23 10:19:00.0;ON;OFF;50;3,80;5,20;7,20;43,80;98,50;91,70;3,50;2;50;5,90;4,70;
2026-07-23 10:20:00.0;ON;OFF;50;3,80;5,30;7,30;43,80;98,50;91,70;3,50;2;50;6,10;4,80;
2026-07-23 10:21:00.0;ON;OFF;50;4;5,50;7,50;43,80;98,50;91,70;3,50;2;50;6,30;5;
2026-07-23 10:22:00.0;ON;OFF;50;4;5,50;7,50;43,80;98,50;91,70;3,60;2;50;6,30;5;
2026-07-23 10:23:00.0;ON;OFF;50;3,90;5,70;7,80;43,90;98,60;91,70;3,90;2;50;6,60;5,10;
2026-07-23 10:24:00.0;ON;OFF;50;3,90;5,80;7,90;43,90;98,50;91,60;3,90;2;50;6,70;5,20;
2026-07-23 10:25:00.0;ON;OFF;50;4,50;5,90;8;43,90;98,60;91,50;3,50;2;50;6,90;5,30;
2026-07-23 10:26:00.0;ON;OFF;50;4,70;6;8,20;43,90;98,60;91,70;3,50;2;50;7,50;5,70;
2026-07-23 10:27:00.0;ON;OFF;50;4,60;6,30;8,30;44;98,60;91,70;3,70;2;50;7,60;5,90;
2026-07-23 10:28:00.0;ON;OFF;50;4,60;6,40;8,40;44;98,60;91,60;3,80;2;50;7,30;5,90;
2026-07-23 10:29:00.0;ON;OFF;50;4,30;6,40;8,40;44;98,60;91,60;4,10;2;50;7,30;5,80;
2026-07-23 10:30:00.0;ON;OFF;50;4,50;6,40;8,40;44;98,60;91,70;4;2;50;7,30;5,70;
2026-07-23 10:31:00.0;ON;OFF;50;4,60;6,50;8,50;44;98,60;91,70;4;2;50;7,30;5,80;
2026-07-23 10:32:00.0;ON;OFF;50;4,90;6,60;8,60;44;98,60;91,60;3,70;2;50;7,40;5,90;
2026-07-23 10:33:00.0;ON;OFF;50;5,10;6,60;8,70;44;98,60;91,60;3,60;2;50;7,50;6,10;
2026-07-23 10:34:00.0;ON;OFF;50;5;6,90;8,90;44;98,60;91,60;3,90;2;50;7,90;6,50;
2026-07-23 10:35:00.0;ON;OFF;50;5;7;9;44;98,60;91,50;4;2;50;7,90;6,50;
2026-07-23 10:36:00.0;ON;OFF;50;4,80;7;9,10;44;98,60;91,50;4,30;2;50;8;6,50;
2026-07-23 10:37:00.0;ON;OFF;50;4,90;7,10;9,10;44;98,60;91,50;4,20;2;50;8;6,40;
2026-07-23 10:38:00.0;ON;OFF;50;5;7,20;9,20;44,10;98,60;91,50;4,20;2;50;8,10;6,50;
2026-07-23 10:39:00.0;ON;OFF;50;5,20;7,30;9,40;44,10;98,60;91,50;4,20;2;50;8,30;6,70;
2026-07-23 10:40:00.0;ON;OFF;50;5,70;7,40;9,50;44,10;98,60;91,50;3,80;2;50;8,60;6,90;
2026-07-23 10:41:00.0;ON;OFF;50;5,50;7,60;9,70;44,10;98,60;91,50;4,30;2;50;8,90;7,30;
2026-07-23 10:42:00.0;ON;OFF;50;5,50;7,80;9,90;44,10;98,60;91,50;4,40;2;50;9,10;7,40;
2026-07-23 10:43:00.0;ON;OFF;50;5,60;7,90;10;44,10;98,60;91,40;4,40;2;50;9;7,40;
2026-07-23 10:44:00.0;ON;OFF;50;5,80;8;10;44,10;98,60;91,40;4,30;2;50;9,20;7,50;
2026-07-23 10:45:00.0;ON;OFF;50;5,90;8,10;10,20;44,10;98,70;91,40;4,30;2;50;9,20;7,50;
2026-07-23 10:46:00.0;ON;OFF;50;5,90;8,20;10,20;44,10;98,70;91,50;4,30;2;50;9,10;7,50;
2026-07-23 10:47:00.0;ON;OFF;50;6;8,30;10,30;44,10;98,70;91,60;4,30;2;50;9,20;7,60;
2026-07-23 10:48:00.0;ON;OFF;50;5,80;8,30;10,40;44,10;98,70;91,50;4,60;2;50;9,40;7,70;
2026-07-23 10:49:00.0;ON;OFF;50;5,70;8,40;10,40;44,10;98,70;91,50;4,80;2;50;9,40;7,60;
2026-07-23 10:50:00.0;ON;OFF;50;5,70;8,40;10,40;44,10;98,70;91,50;4,70;2;50;9,30;7,60;
2026-07-23 10:51:00.0;ON;OFF;50;5,50;8,40;10,40;44,10;98,70;91,50;4,80;2;50;9,30;7,50;
2026-07-23 10:52:00.0;ON;OFF;50;5,60;8,40;10,40;44,10;98,70;91,40;4,70;2;50;9,30;7,50;
2026-07-23 10:53:00.0;ON;OFF;50;5,50;8,40;10,50;44,10;98,70;91,40;5;2;50;9,30;7,50;
2026-07-23 10:54:00.0;ON;OFF;50;5,50;8,60;10,60;44,10;98,70;91,40;5,20;2;50;9,40;7,50;
2026-07-23 10:55:00.0;ON;OFF;50;5,50;8,70;10,70;44,10;98,70;91,40;5,20;2;50;9,40;7,50;
2026-07-23 10:56:00.0;ON;OFF;50;5,50;8,70;10,70;44,10;98,70;91,40;5,20;2;50;9,60;7,60;
2026-07-23 10:57:00.0;ON;OFF;50;5,70;8,80;10,80;44,10;98,70;91,40;5,10;2;50;9,80;7,70;
2026-07-23 10:58:00.0;ON;OFF;50;5,80;8,90;11;44,10;98,70;91,40;5,20;2;50;10,20;7,90;
2026-07-23 10:59:00.0;ON;OFF;50;5,80;9;11;44,10;98,70;91,40;5,10;2;50;10,20;7,90;
2026-07-23 11:00:00.0;ON;OFF;50;5,80;9;11,10;44,10;98,70;91,30;5,30;2;50;10,30;8,10;
2026-07-23 11:01:00.0;ON;OFF;50;5,90;9,10;11,10;44,10;98,70;91,30;5,20;2;50;10,30;8,10;
2026-07-23 11:02:00.0;ON;OFF;50;5,90;9,20;11,20;44;98,70;91,30;5,30;2;50;10,30;8,10;
2026-07-23 11:03:00.0;ON;OFF;50;6;9,20;11,30;44;98,70;91,20;5,20;2;50;10,30;8,20;
2026-07-23 11:04:00.0;ON;OFF;50;6,10;9,30;11,30;44;98,70;91,20;5,20;2;50;10,40;8,20;
2026-07-23 11:05:00.0;ON;OFF;50;6,10;9,30;11,30;44;98,70;91,20;5,20;2;50;10,50;8,30;
2026-07-23 11:06:00.0;ON;OFF;50;6,20;9,40;11,40;44;98,70;91,20;5,20;2;50;10,70;8,40;
2026-07-23 11:07:00.0;ON;OFF;50;6,20;9,50;11,60;44;98,70;91,20;5,30;2;50;10,90;8,50;
2026-07-23 11:08:00.0;ON;OFF;50;6,40;9,50;11,50;44;98,70;91,20;5,20;2;50;10,90;8,60;
2026-07-23 11:09:00.0;ON;OFF;50;6,40;9,60;11,60;44;98,70;91,20;5,30;2;50;11,10;8,70;
2026-07-23 11:10:00.0;ON;OFF;50;6,50;9,60;11,60;44;98,70;91,30;5,10;2;50;11,20;8,80;
2026-07-23 11:11:00.0;ON;OFF;50;6,60;9,70;11,80;43,90;98,70;91,20;5,20;2;50;11,30;8,90;
2026-07-23 11:12:00.0;ON;OFF;50;6,50;9,80;11,80;43,90;98,70;91,20;5,20;2;50;11,30;8,90;
2026-07-23 11:13:00.0;ON;OFF;50;6,50;9,80;11,80;43,90;98,70;91,20;5,30;2;50;11,30;8,90;
2026-07-23 11:14:00.0;ON;OFF;50;6,60;9,80;11,90;43,90;98,70;91,20;5,30;2;50;11,40;8,90;
2026-07-23 11:15:00.0;ON;OFF;50;6,80;9,90;11,90;43,90;98,70;91,20;5,10;2;50;11,60;9;
2026-07-23 11:16:00.0;ON;OFF;50;6,80;9,90;12;43,90;98,70;91,20;5,20;2;50;11,80;9,10;
2026-07-23 11:17:00.0;ON;OFF;50;6,90;10;12;43,90;98,70;91,20;5,10;2;50;11,80;9,20;
2026-07-23 11:18:00.0;ON;OFF;50;6,90;10,10;12,10;43,80;98,70;91,20;5,20;2;50;11,90;9,20;
2026-07-23 11:19:00.0;ON;OFF;50;6,80;10,10;12,10;43,80;98,70;91,20;5,30;2;50;12;9,30;
2026-07-23 11:20:00.0;ON;OFF;50;7;10,10;12,20;43,80;98,70;91,20;5,20;2;50;11,90;9,30;
2026-07-23 11:21:00.0;ON;OFF;50;6,90;10,30;12,30;43,80;98,70;91,20;5,30;2;50;12;9,30;
2026-07-23 11:22:00.0;ON;OFF;50;7,20;10,30;12,30;43,80;98,70;91,20;5,20;2;50;11,90;9,30;
2026-07-23 11:23:00.0;ON;OFF;50;7;10,40;12,40;43,80;98,70;91,20;5,40;2;50;12;9,40;
2026-07-23 11:24:00.0;ON;OFF;50;7,10;10,40;12,50;43,70;98,70;91,20;5,40;2;50;12,10;9,40;
2026-07-23 11:25:00.0;ON;OFF;50;7,10;10,50;12,50;43,70;98,70;91,20;5,40;2;50;12,20;9,50;
2026-07-23 11:26:00.0;ON;OFF;50;7,20;10,60;12,60;43,70;98,70;91,20;5,40;2;50;12,40;9,60;
2026-07-23 11:27:00.0;ON;OFF;50;7,30;10,60;12,60;43,70;98,70;91,20;5,40;2;50;12,50;9,70;
2026-07-23 11:28:00.0;ON;OFF;50;7,30;10,70;12,80;43,60;98,70;91,10;5,50;2;50;12,80;9,80;
2026-07-23 11:29:00.0;ON;OFF;50;7,40;10,80;12,80;43,60;98,70;91,10;5,30;2;50;12,70;9,90;
2026-07-23 11:30:00.0;ON;OFF;50;7,30;10,80;12,80;43,60;98,70;91,10;5,50;2;50;12,70;9,90;
2026-07-23 11:31:00.0;ON;OFF;50;7,40;10,80;12,90;43,60;98,70;91,10;5,50;2;50;12,70;9,90;
2026-07-23 11:32:00.0;ON;OFF;50;7,60;10,90;13;43,50;98,70;91,10;5,40;2;50;12,70;9,90;
2026-07-23 11:33:00.0;ON;OFF;50;7,50;11;13;43,50;98,70;91,10;5,50;2;50;12,80;9,90;
2026-07-23 11:34:00.0;ON;OFF;50;7,70;11;13,10;43,50;98,70;91,10;5,30;2;50;13;10,10;
2026-07-23 11:35:00.0;ON;OFF;50;7,60;11,10;13,20;43,50;98,70;91,10;5,60;2;50;13,40;10,30;
2026-07-23 11:36:00.0;ON;OFF;50;7,70;11,20;13,30;43,40;98,70;91,10;5,60;2;50;13,60;10,50;
2026-07-23 11:37:00.0;ON;OFF;50;7,80;11,30;13,30;43,40;98,70;91,10;5,50;2;50;13,60;10,60;
2026-07-23 11:38:00.0;ON;OFF;50;7,90;11,30;13,40;43,40;98,70;91,10;5,40;2;50;13,80;10,70;
2026-07-23 11:39:00.0;ON;OFF;50;7,80;11,40;13,40;43,30;98,70;91,10;5,50;2;50;13,90;10,80;
2026-07-23 11:40:00.0;ON;OFF;50;8;11,40;13,40;43,30;98,70;91,10;5,40;2;50;13,90;10,80;
2026-07-23 11:41:00.0;ON;OFF;50;8,10;11,40;13,40;43,30;98,70;91,10;5,40;2;50;13,90;10,90;
2026-07-23 11:42:00.0;ON;OFF;50;8,10;11,40;13,40;43,30;98,70;91,10;5,30;2;50;13,90;10,90;
2026-07-23 11:43:00.0;ON;OFF;50;8;11,40;13,40;43,20;98,70;91,10;5,40;2;50;13,90;10,90;
2026-07-23 11:44:00.0;ON;OFF;50;8;11,40;13,40;43,20;98,70;91,10;5,40;2;50;13,80;10,90;
2026-07-23 11:45:00.0;ON;OFF;50;8,10;11,40;13,50;43,20;98,70;91,10;5,40;2;50;14;10,90;
2026-07-23 11:46:00.0;ON;OFF;50;8;11,50;13,50;43,10;98,70;91;5,50;2;50;14;10,90;
2026-07-23 11:47:00.0;ON;OFF;50;8,10;11,50;13,50;43,10;98,70;91;5,40;2;50;14;10,90;
2026-07-23 11:48:00.0;ON;OFF;50;8;11,50;13,50;43,10;98,70;91;5,50;2;50;14;10,90;
2026-07-23 11:49:00.0;ON;OFF;50;8;11,50;13,50;43;98,70;91;5,50;2;50;14,10;11;
2026-07-23 11:50:00.0;ON;OFF;50;8;11,50;13,60;43;98,70;91;5,50;2;50;14,10;11;
2026-07-23 11:51:00.0;ON;OFF;50;8,20;11,60;13,60;43;98,70;91;5,40;2;50;14,30;11;
2026-07-23 11:52:00.0;ON;OFF;50;8,10;11,60;13,60;42,90;98,70;91;5,50;2;50;14,30;11,10;
2026-07-23 11:53:00.0;ON;OFF;50;8,20;11,60;13,60;42,90;98,70;91;5,40;2;50;14,20;11,10;
2026-07-23 11:54:00.0;ON;OFF;50;8,20;11,60;13,60;42,90;98,70;91;5,40;2;50;14,10;11,10;
2026-07-23 11:55:00.0;ON;OFF;50;8,10;11,60;13,60;42,80;98,70;91;5,50;2;50;14,20;11,10;
2026-07-23 11:56:00.0;ON;OFF;50;8,30;11,70;13,70;42,80;98,70;91;5,40;2;50;14,20;11,10;
2026-07-23 11:57:00.0;ON;OFF;50;8,20;11,70;13,70;42,80;98,70;91;5,50;2;50;14,30;11,10;
2026-07-23 11:58:00.0;ON;OFF;50;8,20;11,70;13,80;42,70;98,70;91;5,60;2;50;14,30;11,20;
2026-07-23 11:59:00.0;ON;OFF;50;8,20;11,80;13,80;42,70;98,70;91;5,60;2;50;14,30;11,20;
2026-07-23 12:00:00.0;ON;OFF;50;8,30;11,80;13,80;42,70;98,70;91;5,50;2;50;14,30;11,20;
2026-07-23 12:01:00.0;ON;OFF;50;8,30;11,80;13,80;42,60;98,70;91;5,50;2;50;14,30;11,20;
2026-07-23 12:02:00.0;ON;OFF;50;8,40;11,80;13,80;42,60;98,70;91;5,30;2;50;14,30;11,20;
2026-07-23 12:03:00.0;ON;OFF;50;8,40;11,80;13,80;42,50;98,70;91;5,40;2;50;14,40;11,20;
2026-07-23 12:04:00.0;ON;OFF;50;8,40;11,80;13,80;42,50;98,70;91;5,40;2;50;14,40;11,30;
2026-07-23 12:05:00.0;OFF;ON;100;8,40;10,90;14;42,50;98,70;91;5,60;3;50;14,50;12,70;
2026-07-23 12:06:00.0;OFF;ON;100;9,10;11,10;14,20;42,40;98,70;91;5,10;3;50;14,60;13;
2026-07-23 12:07:00.0;OFF;ON;100;9,30;11,20;14,30;42,40;98,70;91;5;3;50;14,70;13,30;
2026-07-23 12:08:00.0;OFF;ON;100;9,50;11,30;14,30;42,30;98,70;90,90;4,90;3;50;14,70;13,30;
2026-07-23 12:09:00.0;OFF;ON;100;9,60;11,40;14,40;42,30;98,70;90,90;4,80;3;50;14,70;13,50;
2026-07-23 12:10:00.0;OFF;ON;100;9,80;11,40;14,50;42,20;98,70;90,90;4,70;3;50;14,80;13,50;
2026-07-23 12:11:00.0;OFF;ON;100;9,70;11,50;14,50;42,20;98,70;90,90;4,80;3;50;14,80;13,50;
2026-07-23 12:12:00.0;OFF;ON;100;9,90;11,50;14,50;42,20;98,80;90,90;4,60;3;50;14,70;13,60;
2026-07-23 12:13:00.0;OFF;ON;100;9,90;11,50;14,50;42,10;98,80;90,90;4,60;3;50;14,80;13,60;
2026-07-23 12:14:00.0;OFF;ON;100;9,90;11,50;14,50;42,10;98,80;90,90;4,60;3;50;14,70;13,60;
2026-07-23 12:15:00.0;OFF;ON;100;10;11,50;14,50;42;98,80;90,90;4,50;3;50;14,70;13,50;
2026-07-23 12:16:00.0;OFF;ON;100;9,90;11,50;14,50;42;98,80;90,90;4,60;3;50;14,70;13,50;
2026-07-23 12:17:00.0;OFF;ON;100;9,90;11,50;14,50;42;98,80;90,90;4,60;3;50;14,70;13,60;
2026-07-23 12:18:00.0;OFF;ON;100;9,90;11,50;14,50;41,90;98,80;90,90;4,60;3;50;14,70;13,50;
2026-07-23 12:19:00.0;OFF;ON;100;9,90;11,50;14,50;41,90;98,80;90,90;4,60;3;50;14,70;13,50;
2026-07-23 12:20:00.0;OFF;ON;100;9,80;11,50;14,50;41,80;98,80;90,90;4,60;3;50;14,60;13,50;
2026-07-23 12:21:00.0;OFF;ON;100;9,80;11,50;14,40;41,80;98,80;90,90;4,70;3;50;14,60;13,50;
2026-07-23 12:22:00.0;OFF;ON;100;9,80;11,40;14,40;41,70;98,80;90,90;4,60;3;50;14,60;13,50;
2026-07-23 12:23:00.0;OFF;ON;100;9,80;11,40;14,40;41,70;98,80;90,90;4,60;3;50;14,60;13,40;
2026-07-23 12:24:00.0;OFF;ON;100;9,80;11,40;14,40;41,60;98,80;90,90;4,60;3;50;14,60;13,40;
2026-07-23 12:25:00.0;OFF;ON;100;9,90;11,40;14,40;41,60;98,80;90,90;4,50;3;50;14,50;13,40;
2026-07-23 12:26:00.0;OFF;ON;100;9,70;11,40;14,40;41,50;98,80;90,90;4,60;3;50;14,50;13,40;
2026-07-23 12:27:00.0;OFF;ON;100;9,70;11,30;14,30;41,50;98,80;90,90;4,60;3;50;14,40;13,30;
2026-07-23 12:28:00.0;OFF;ON;100;9,60;11,30;14,30;41,40;98,80;90,90;4,70;3;50;14,40;13,30;
2026-07-23 12:29:00.0;OFF;ON;100;9,70;11,30;14,30;41,40;98,80;90,90;4,60;3;50;14,40;13,30;
2026-07-23 12:30:00.0;OFF;ON;100;9,70;11,30;14,30;41,30;98,80;90,90;4,60;3;50;14,40;13,30;
2026-07-23 12:31:00.0;OFF;ON;100;9,70;11,30;14,30;41,30;98,80;90,90;4,60;3;50;14,40;13,30;
2026-07-23 12:32:00.0;OFF;ON;100;9,60;11,30;14,20;41,20;98,80;90,90;4,60;3;50;14,30;13,20;
2026-07-23 12:33:00.0;OFF;ON;100;9,60;11,20;14,20;41,20;98,80;90,90;4,60;3;50;14,30;13,20;
2026-07-23 12:34:00.0;OFF;ON;100;9,70;11,20;14,20;41,10;98,80;90,90;4,50;3;50;14,20;13,20;
2026-07-23 12:35:00.0;OFF;ON;100;9,40;11,20;14,10;41,10;98,80;90,90;4,70;3;50;14,20;13,10;
2026-07-23 12:36:00.0;OFF;ON;100;9,60;11,10;14,10;41;98,80;90,90;4,50;3;50;14,20;13,10;
2026-07-23 12:37:00.0;OFF;ON;100;9,40;11,10;14,10;41;98,80;90,90;4,70;3;50;14,20;13,10;
2026-07-23 12:38:00.0;OFF;ON;100;9,50;11,10;14,10;40,90;98,80;90,90;4,60;3;50;14,10;13;
2026-07-23 12:39:00.0;OFF;ON;100;9,50;11,10;14;40,80;98,80;90,90;4,50;3;50;14,10;13;
2026-07-23 12:40:00.0;OFF;ON;100;9,50;11;14;40,80;98,80;90,90;4,60;3;50;14,10;13;
2026-07-23 12:41:00.0;OFF;ON;100;9,50;11;14;40,70;98,80;90,90;4,50;3;50;14,10;13;
2026-07-23 12:42:00.0;OFF;ON;100;9,30;11;14;40,60;98,80;90,90;4,60;3;50;14;12,90;
2026-07-23 12:43:00.0;OFF;ON;100;9,30;11;13,90;40,60;98,80;90,90;4,70;3;50;14;12,90;
2026-07-23 12:44:00.0;OFF;ON;100;9,30;10,90;13,90;40,50;98,80;90,90;4,60;3;50;13,90;12,90;
2026-07-23 12:45:00.0;OFF;ON;100;9,40;10,90;13,90;40,50;98,80;90,90;4,50;3;50;13,90;12,90;
2026-07-23 12:46:00.0;OFF;ON;100;9,30;10,90;13,90;40,40;98,80;90,90;4,60;3;50;13,90;12,80;
2026-07-23 12:47:00.0;OFF;ON;100;9,30;10,80;13,80;40,30;98,80;90,80;4,50;3;50;13,80;12,80;
2026-07-23 12:48:00.0;OFF;ON;100;9,30;10,80;13,80;40,30;98,80;90,80;4,50;3;50;13,80;12,80;
2026-07-23 12:49:00.0;OFF;ON;100;9,20;10,80;13,80;40,20;98,80;90,80;4,60;3;50;13,80;12,70;
2026-07-23 12:50:00.0;OFF;ON;100;9,20;10,90;13,70;40,10;98,80;90,80;4,50;2,80;50;13,70;12,70;
2026-07-23 12:51:00.0;OFF;ON;100;9,10;10,90;13,70;40,10;98,80;90,80;4,60;2,80;50;13,70;12,60;
2026-07-23 12:52:00.0;OFF;ON;100;9,10;10,90;13,70;40;98,80;90,80;4,60;2,80;50;13,70;12,60;
2026-07-23 12:53:00.0;OFF;ON;100;9;10,90;13,60;39,90;98,80;90,80;4,60;2,80;50;13,70;12,60;
2026-07-23 12:54:00.0;OFF;ON;100;9,20;10,80;13,60;39,90;98,80;90,80;4,50;2,80;50;13,70;12,50;
2026-07-23 12:55:00.0;OFF;ON;100;9,10;10,80;13,60;39,80;98,80;90,80;4,50;2,80;50;13,60;12,50;
2026-07-23 12:56:00.0;OFF;ON;100;8,90;10,80;13,60;39,80;98,80;90,80;4,60;2,80;50;13,60;12,50;
2026-07-23 12:57:00.0;OFF;ON;100;9;10,80;13,50;39,70;98,80;90,80;4,60;2,80;50;13,50;12,40;
2026-07-23 12:58:00.0;OFF;ON;100;8,90;10,70;13,50;39,70;98,80;90,80;4,60;2,80;50;13,50;12,40;
2026-07-23 12:59:00.0;OFF;ON;100;8,80;10,70;13,50;39,60;98,80;90,80;4,60;2,80;50;13,50;12,40;
2026-07-23 13:00:00.0;OFF;ON;100;8,90;10,60;13,40;39,50;98,80;90,80;4,50;2,80;50;13,40;12,30;
2026-07-23 13:01:00.0;OFF;ON;100;8,90;10,60;13,40;39,50;98,80;90,80;4,50;2,80;50;13,40;12,30;
2026-07-23 13:02:00.0;OFF;ON;100;8,90;10,60;13,40;39,40;98,80;90,80;4,50;2,80;50;13,40;12,30;
2026-07-23 13:03:00.0;OFF;ON;100;8,90;10,60;13,30;39,40;98,80;90,80;4,50;2,80;50;13,30;12,20;
2026-07-23 13:04:00.0;OFF;ON;100;8,80;10,50;13,30;39,30;98,80;90,80;4,50;2,80;50;13,30;12,20;
2026-07-23 13:05:00.0;OFF;ON;100;8,70;10,70;13,30;39,20;98,80;90,80;4,60;2,60;50;13,30;12,20;
2026-07-23 13:06:00.0;OFF;ON;100;8,60;10,70;13,20;39,20;98,80;90,80;4,60;2,60;50;13,20;12,10;
2026-07-23 13:07:00.0;OFF;ON;100;8,80;10,60;13,20;39,10;98,70;90,80;4,50;2,60;50;13,20;12,10;
2026-07-23 13:08:00.0;OFF;ON;100;8,70;10,60;13,20;39,10;98,70;90,80;4,50;2,60;50;13,20;12,10;
2026-07-23 13:09:00.0;OFF;ON;100;8,60;10,60;13,20;39;98,70;90,80;4,60;2,60;50;13,10;12;
2026-07-23 13:10:00.0;OFF;ON;100;8,60;10,50;13,10;39;98,70;90,80;4,50;2,60;50;13,10;12;
2026-07-23 13:11:00.0;OFF;ON;100;8,60;10,50;13,10;38,90;98,70;90,80;4,50;2,60;50;13;12;
2026-07-23 13:12:00.0;OFF;ON;100;8,60;10,50;13,10;38,80;98,70;90,80;4,50;2,60;50;13;11,90;
2026-07-23 13:13:00.0;OFF;ON;100;8,50;10,40;13;38,80;98,70;90,80;4,60;2,60;50;13;11,90;
2026-07-23 13:14:00.0;OFF;ON;100;8,50;10,40;13;38,70;98,70;90,80;4,50;2,60;50;12,90;11,90;
2026-07-23 13:15:00.0;OFF;ON;100;8,40;10,40;13;38,70;98,70;90,80;4,60;2,60;50;12,90;11,80;
2026-07-23 13:16:00.0;OFF;ON;100;8,40;10,40;12,90;38,60;98,70;90,70;4,50;2,60;50;12,90;11,80;
2026-07-23 13:17:00.0;OFF;ON;100;8,50;10,30;12,90;38,50;98,70;90,70;4,40;2,60;50;12,80;11,80;
2026-07-23 13:18:00.0;OFF;ON;100;8,30;10,30;12,90;38,50;98,70;90,70;4,60;2,60;50;12,80;11,70;
2026-07-23 13:19:00.0;OFF;ON;100;8,40;10,30;12,80;38,40;98,70;90,70;4,40;2,60;50;12,80;11,70;
2026-07-23 13:20:00.0;OFF;ON;100;8,30;10,40;12,80;38,40;98,70;90,70;4,50;2,40;50;12,80;11,70;
2026-07-23 13:21:00.0;OFF;ON;100;8,20;10,40;12,80;38,30;98,70;90,70;4,60;2,40;50;12,70;11,70;
2026-07-23 13:22:00.0;OFF;ON;100;8,30;10,40;12,80;38,30;98,70;90,70;4,50;2,40;50;12,70;11,60;
2026-07-23 13:23:00.0;OFF;ON;100;8,10;10,30;12,70;38,20;98,70;90,70;4,60;2,40;50;12,70;11,60;
2026-07-23 13:24:00.0;OFF;ON;100;8,10;10,30;12,70;38,10;98,70;90,70;4,60;2,40;50;12,60;11,50;
2026-07-23 13:25:00.0;OFF;ON;100;8,20;10,30;12,70;38,10;98,70;90,70;4,50;2,40;50;12,60;11,50;
2026-07-23 13:26:00.0;OFF;ON;100;8;10,30;12,60;38;98,70;90,70;4,60;2,40;50;12,60;11,50;
2026-07-23 13:27:00.0;OFF;ON;100;8;10,20;12,60;37,90;98,70;90,70;4,60;2,40;50;12,50;11,50;
2026-07-23 13:28:00.0;OFF;ON;100;8,10;10,20;12,60;37,90;98,70;90,70;4,50;2,40;50;12,50;11,40;
2026-07-23 13:29:00.0;OFF;ON;100;8,10;10,20;12,50;37,80;98,70;90,70;4,50;2,40;50;12,50;11,40;
2026-07-23 13:30:00.0;OFF;ON;100;8;10,10;12,50;37,80;98,70;90,60;4,50;2,40;50;12,50;11,40;
2026-07-23 13:31:00.0;OFF;ON;100;8;10,10;12,50;37,70;98,70;90,60;4,50;2,40;50;12,40;11,40;
2026-07-23 13:32:00.0;OFF;ON;100;8,10;10,10;12,50;37,70;98,70;90,70;4,40;2,40;50;12,40;11,30;
2026-07-23 13:33:00.0;OFF;ON;100;7,90;10,10;12,50;37,60;98,70;90,60;4,50;2,40;50;12,40;11,30;
2026-07-23 13:34:00.0;OFF;ON;100;8;10;12,40;37,50;98,70;90,60;4,40;2,40;50;12,40;11,30;
2026-07-23 13:35:00.0;OFF;ON;100;7,80;10,20;12,40;37,40;98,70;90,60;4,60;2,20;50;12,40;11,30;
2026-07-23 13:36:00.0;OFF;ON;100;7,80;10,20;12,40;37,40;98,70;90,60;4,50;2,20;50;12,30;11,30;
2026-07-23 13:37:00.0;OFF;ON;100;7,80;10,20;12,30;37,30;98,70;90,60;4,50;2,20;50;12,30;11,30;
2026-07-23 13:38:00.0;OFF;ON;100;7,90;10,10;12,30;37,30;98,70;90,60;4,40;2,20;50;12,30;11,30;
2026-07-23 13:39:00.0;OFF;ON;100;7,90;10,10;12,30;37,20;98,70;90,60;4,40;2,20;50;12,20;11,30;
2026-07-23 13:40:00.0;OFF;ON;100;7,70;10,10;12,30;37,20;98,70;90,60;4,50;2,20;50;12,20;11,20;
2026-07-23 13:41:00.0;OFF;ON;100;7,90;10;12,20;37,10;98,70;90,60;4,40;2,20;50;12,20;11,20;
2026-07-23 13:42:00.0;OFF;ON;100;7,90;10;12,20;37;98,70;90,60;4,40;2,20;50;12,10;11,10;
2026-07-23 13:43:00.0;OFF;ON;100;7,70;10;12,20;37;98,70;90,60;4,50;2,20;50;12,10;11,10;
2026-07-23 13:44:00.0;OFF;ON;100;7,70;10;12,10;36,90;98,70;90,60;4,50;2,20;50;12,10;11,10;
2026-07-23 13:45:00.0;OFF;ON;100;7,60;9,90;12,10;36,80;98,70;90,60;4,50;2,20;50;12,10;11,10;
2026-07-23 13:46:00.0;OFF;ON;100;7,80;9,90;12,10;36,80;98,70;90,60;4,30;2,20;50;12;11;
2026-07-23 13:47:00.0;OFF;ON;100;7,60;9,90;12,10;36,70;98,70;90,60;4,50;2,20;50;12;11;
2026-07-23 13:48:00.0;OFF;ON;100;7,70;9,90;12,10;36,60;98,70;90,60;4,40;2,20;50;11,90;11;
2026-07-23 13:49:00.0;OFF;ON;100;7,60;9,80;12;36,60;98,70;90,60;4,50;2,20;50;11,90;11;
2026-07-23 13:50:00.0;OFF;ON;100;7,60;10;12;36,50;98,70;90,60;4,40;2;50;11,90;10,90;
2026-07-23 13:51:00.0;OFF;ON;100;7,50;10;12;36,50;98,70;90,60;4,50;2;50;11,90;10,90;
2026-07-23 13:52:00.0;OFF;ON;100;7,60;10;12;36,40;98,70;90,60;4,30;2;50;11,80;10,90;
2026-07-23 13:53:00.0;OFF;ON;100;7,50;10;11,90;36,40;98,70;90,60;4,40;2;50;11,80;10,90;
2026-07-23 13:54:00.0;OFF;ON;100;7,60;9,90;11,90;36,30;98,70;90,60;4,30;2;50;11,80;10,90;
2026-07-23 13:55:00.0;OFF;ON;100;7,50;9,90;11,90;36,20;98,70;90,60;4,40;2;50;11,80;10,80;
2026-07-23 13:56:00.0;OFF;ON;100;7,50;9,90;11,90;36,10;98,70;90,60;4,30;2;50;11,70;10,80;
2026-07-23 13:57:00.0;OFF;ON;100;7,40;9,80;11,80;36,10;98,70;90,60;4,40;2;50;11,70;10,80;
2026-07-23 13:58:00.0;OFF;ON;100;7,50;9,80;11,80;36;98,70;90,60;4,30;2;50;11,70;10,70;
2026-07-23 13:59:00.0;OFF;ON;100;7,30;9,80;11,80;35,90;98,70;90,60;4,40;2;50;11,70;10,70;
2026-07-23 14:00:00.0;OFF;ON;100;7,40;9,80;11,80;35,90;98,70;90,60;4,30;2;50;11,70;10,70;
2026-07-23 14:01:00.0;OFF;ON;100;7,30;9,70;11,70;35,80;98,70;90,60;4,40;2;50;11,60;10,70;
2026-07-23 14:02:00.0;OFF;ON;100;7,40;9,70;11,70;35,70;98,70;90,60;4,30;2;50;11,60;10,60;
2026-07-23 14:03:00.0;OFF;ON;100;7,30;9,70;11,70;35,70;98,70;90,60;4,40;2;50;11,60;10,60;
2026-07-23 14:04:00.0;OFF;ON;100;7,40;9,70;11,70;35,60;98,70;90,60;4,20;2;50;11,50;10,60;
2026-07-23 14:05:00.0;OFF;ON;100;7,30;9,80;11,60;35,60;98,70;90,60;4,40;1,80;50;11,60;10,60;
2026-07-23 14:06:00.0;OFF;ON;100;7,20;9,80;11,60;35,50;98,70;90,60;4,40;1,80;50;11,50;10,60;
2026-07-23 14:07:00.0;OFF;ON;100;7,40;9,80;11,60;35,40;98,70;90,60;4,20;1,80;50;11,50;10,50;
2026-07-23 14:08:00.0;OFF;ON;100;7,30;9,80;11,60;35,40;98,70;90,60;4,20;1,80;50;11,40;10,50;
2026-07-23 14:09:00.0;OFF;ON;100;7,30;9,80;11,50;35,30;98,70;90,60;4,20;1,80;50;11,40;10,50;
2026-07-23 14:10:00.0;OFF;ON;100;7,20;9,70;11,50;35,20;98,70;90,60;4,30;1,80;50;11,40;10,40;
2026-07-23 14:11:00.0;OFF;ON;100;7,20;9,70;11,50;35,10;98,70;90,60;4,30;1,80;50;11,40;10,40;
2026-07-23 14:12:00.0;OFF;ON;100;7,20;9,70;11,50;35,10;98,70;90,60;4,30;1,80;50;11,30;10,40;
2026-07-23 14:13:00.0;OFF;ON;100;7,20;9,60;11,40;35;98,70;90,60;4,30;1,80;50;11,30;10,40;
2026-07-23 14:14:00.0;OFF;ON;100;7,20;9,60;11,40;35;98,70;90,60;4,20;1,80;50;11,30;10,30;
2026-07-23 14:15:00.0;OFF;ON;100;7,20;9,60;11,40;34,90;98,70;90,60;4,20;1,80;50;11,20;10,30;
2026-07-23 14:16:00.0;OFF;ON;100;7,20;9,60;11,40;34,80;98,70;90,60;4,20;1,80;50;11,20;10,30;
2026-07-23 14:17:00.0;OFF;ON;100;7,20;9,60;11,40;34,80;98,70;90,60;4,10;1,80;50;11,20;10,20;
2026-07-23 14:18:00.0;OFF;ON;100;7,10;9,50;11,30;34,70;98,70;90,50;4,20;1,80;50;11,20;10,20;
2026-07-23 14:19:00.0;OFF;ON;100;7;9,50;11,30;34,70;98,70;90,50;4,30;1,60;50;11,10;10,20;
2026-07-23 14:20:00.0;OFF;ON;100;7;9,70;11,30;34,60;98,70;90,50;4,30;1,60;50;11,10;10,20;
2026-07-23 14:21:00.0;OFF;ON;100;6,90;9,70;11,20;34,60;98,70;90,50;4,30;1,60;50;11,10;10,20;
2026-07-23 14:22:00.0;OFF;ON;100;7,10;9,60;11,20;34,50;98,70;90,50;4,10;1,60;50;11,10;10,10;
2026-07-23 14:23:00.0;OFF;ON;100;7,10;9,60;11,20;34,50;98,70;90,50;4,10;1,60;50;11,10;10,10;
2026-07-23 14:24:00.0;OFF;ON;100;7;9,60;11,20;34,40;98,70;90,50;4,20;1,60;50;11;10,10;
2026-07-23 14:25:00.0;OFF;ON;100;6,90;9,60;11,10;34,30;98,70;90,50;4,30;1,60;50;11;10;
2026-07-23 14:26:00.0;OFF;ON;100;6,90;9,50;11,10;34,30;98,70;90,50;4,30;1,60;50;11;10;
2026-07-23 14:27:00.0;OFF;ON;100;7;9,50;11,10;34,30;98,70;90,50;4,10;1,60;50;11;10;
2026-07-23 14:28:00.0;OFF;ON;100;7;9,50;11,10;34,20;98,70;90,50;4,10;1,60;50;11;10;
2026-07-23 14:29:00.0;OFF;ON;100;7;9,50;11,10;34,10;98,60;90,50;4,10;1,60;50;10,90;10;
2026-07-23 14:30:00.0;OFF;ON;100;6,90;9,50;11;34,10;98,60;90,50;4,20;1,60;50;10,90;9,90;
2026-07-23 14:31:00.0;OFF;ON;100;6,80;9,40;11;34;98,60;90,50;4,20;1,60;50;10,90;9,90;
2026-07-23 14:32:00.0;OFF;ON;100;6,90;9,40;11;34;98,50;90,50;4,10;1,60;50;10,80;9,90;
2026-07-23 14:33:00.0;OFF;ON;100;6,80;9,40;11;33,90;98,50;90,50;4,10;1,60;50;10,80;9,90;
2026-07-23 14:34:00.0;OFF;ON;100;6,70;9,40;10,90;33,90;98,50;90,50;4,20;1,40;50;10,80;9,90;
2026-07-23 14:35:00.0;OFF;ON;100;6,80;9,50;10,90;33,80;98,50;90,50;4,10;1,40;50;10,80;9,90;
2026-07-23 14:36:00.0;OFF;ON;100;6,70;9,50;10,90;33,70;98,50;90,50;4,20;1,40;50;10,70;9,90;
2026-07-23 14:37:00.0;OFF;ON;100;6,70;9,50;10,90;33,70;98,50;90,40;4,20;1,40;50;10,70;9,80;
2026-07-23 14:38:00.0;OFF;ON;100;6,70;9,50;10,80;33,70;98,50;90,40;4,20;1,40;50;10,70;9,80;
2026-07-23 14:39:00.0;OFF;ON;100;6,60;9,40;10,80;33,60;98,40;90,40;4,20;1,40;50;10,60;9,80;
2026-07-23 14:40:00.0;OFF;ON;100;6,70;9,40;10,80;33,50;98,40;90,40;4,10;1,40;50;10,60;9,80;
2026-07-23 14:41:00.0;OFF;ON;100;6,70;9,40;10,80;33,50;98,40;90,50;4,10;1,40;50;10,60;9,80;
2026-07-23 14:42:00.0;OFF;ON;100;6,60;9,40;10,70;33,40;98,50;90,40;4;1,40;50;10,60;9,70;
2026-07-23 14:43:00.0;OFF;ON;100;6,70;9,30;10,70;33,40;98,40;90,50;4;1,40;50;10,60;9,70;
2026-07-23 14:44:00.0;OFF;ON;100;6,60;9,30;10,70;33,30;98,40;90,40;4,10;1,40;50;10,50;9,70;
2026-07-23 14:45:00.0;OFF;ON;100;6,60;9,30;10,70;33,20;98,40;90,50;4,10;1,40;50;10,50;9,70;
2026-07-23 14:46:00.0;OFF;ON;100;6,50;9,30;10,70;33,20;98,40;90,50;4,20;1,40;50;10,50;9,70;
2026-07-23 14:47:00.0;OFF;ON;100;6,70;9,30;10,60;33,10;98,40;90,50;4;1,40;50;10,40;9,60;
2026-07-23 14:48:00.0;OFF;ON;100;6,40;9,20;10,60;33,10;98,40;90,40;4,20;1,40;50;10,50;9,60;
2026-07-23 14:49:00.0;OFF;ON;100;6,50;9,20;10,60;33;98,40;90,40;4,20;1,20;50;10,40;9,60;
2026-07-23 14:50:00.0;OFF;ON;100;6,50;9,40;10,60;33;98,40;90,40;4,10;1,20;50;10,40;9,60;
2026-07-23 14:51:00.0;OFF;ON;100;6,60;9,40;10,60;32,90;98,40;90,40;4;1,20;50;10,40;9,60;
2026-07-23 14:52:00.0;OFF;ON;100;6,40;9,30;10,50;32,80;98,40;90,40;4,10;1,20;50;10,30;9,50;
2026-07-23 14:53:00.0;OFF;ON;100;6,40;9,30;10,50;32,80;98,40;90,40;4,10;1,20;50;10,30;9,50;
2026-07-23 14:54:00.0;OFF;ON;100;6,50;9,30;10,50;32,70;98,40;90,40;4;1,20;50;10,30;9,50;
2026-07-23 14:55:00.0;OFF;ON;100;6,50;9,30;10,50;32,70;98,40;90,40;3,90;1,20;50;10,30;9,50;
2026-07-23 14:56:00.0;OFF;ON;100;6,40;9,30;10,40;32,60;98,30;90,40;4,10;1,20;50;10,20;9,50;
2026-07-23 14:57:00.0;OFF;ON;100;6,30;9,20;10,40;32,60;98,40;90,50;4,10;1,20;50;10,20;9,50;
2026-07-23 14:58:00.0;OFF;ON;100;6,30;9,20;10,40;32,50;98,40;90,40;4,10;1,20;50;10,20;9,40;
2026-07-23 14:59:00.0;OFF;ON;100;6,40;9,20;10,40;32,50;98,40;90,40;3,90;1,20;50;10,20;9,40;
2026-07-23 15:00:00.0;OFF;ON;100;6,30;9,20;10,40;32,40;98,40;90,40;4;1,20;50;10,20;9,40;
2026-07-23 15:01:00.0;OFF;ON;100;6,40;9,10;10,30;32,30;98,30;90,40;4;1,20;50;10,10;9,40;
2026-07-23 15:02:00.0;OFF;ON;100;6,20;9,10;10,30;32,30;98,40;90,40;4,10;1,20;50;10,10;9,40;
2026-07-23 15:03:00.0;OFF;ON;100;6,40;9,10;10,30;32,20;98,30;90,40;3,90;1,20;50;10,10;9,40;
2026-07-23 15:04:00.0;OFF;ON;100;6,30;9,10;10,30;32,20;98,40;90,40;3,90;1;50;10,10;9,30;
2026-07-23 15:05:00.0;OFF;ON;100;6,30;9,30;10,30;32,10;98,30;90,40;3,90;1;50;10;9,30;
2026-07-23 15:06:00.0;OFF;ON;100;6,30;9,20;10,20;32,10;98,30;90,40;3,90;1;50;10;9,30;
2026-07-23 15:07:00.0;OFF;ON;100;6,30;9,20;10,20;32;98,30;90,40;3,90;1;50;10;9,30;
2026-07-23 15:08:00.0;OFF;ON;100;6,10;9,20;10,20;31,90;98,30;90,40;4;1;50;10;9,30;
2026-07-23 15:09:00.0;OFF;ON;100;6,20;9,20;10,20;31,90;98,30;90,40;4;1;50;10;9,30;
2026-07-23 15:10:00.0;OFF;ON;100;6,30;9,20;10,10;31,80;98,30;90,40;3,80;1;50;9,90;9,20;
2026-07-23 15:11:00.0;OFF;ON;100;6,10;9,10;10,10;31,70;98,30;90,40;4;1;50;9,90;9,20;
2026-07-23 15:12:00.0;OFF;ON;100;6,10;9,10;10,10;31,70;98,30;90,40;4;1;50;9,90;9,20;
2026-07-23 15:13:00.0;OFF;ON;100;6,20;9,10;10,10;31,60;98,20;90,40;3,90;1;50;9,90;9,20;
2026-07-23 15:14:00.0;OFF;ON;100;6,10;9,10;10,10;31,60;98,20;90,40;4;1;50;9,90;9,20;
2026-07-23 15:15:00.0;OFF;ON;100;6;9,10;10;31,50;98,20;90,40;4;1;50;9,90;9,10;
2026-07-23 15:16:00.0;OFF;ON;100;6,10;9;10;31,50;98,20;90,40;4;1;50;9,90;9,10;
2026-07-23 15:17:00.0;OFF;ON;100;6;9;10;31,40;98,20;90,40;4;3;50;9,80;9,10;
2026-07-23 15:18:00.0;OFF;ON;100;6,10;7;10;31,40;98,20;90,40;3,90;3;50;9,80;9,10;
2026-07-23 15:19:00.0;OFF;ON;100;6,10;7;10;31,30;98,20;90,40;3,80;3;50;9,80;9,10;
2026-07-23 15:20:00.0;OFF;ON;100;6;7;9,90;31,20;98,20;90,40;4;3;50;9,80;9,10;
2026-07-23 15:21:00.0;OFF;ON;100;5,90;6,90;9,90;31,20;98,20;90,40;4;3;50;9,80;9;
2026-07-23 15:22:00.0;OFF;ON;100;6;6,90;9,90;31,10;98,20;90,40;3,90;3;50;9,80;9;
2026-07-23 15:23:00.0;OFF;ON;100;6;6,90;9,90;31,10;98,10;90,40;3,80;3;50;9,80;9;
2026-07-23 15:24:00.0;OFF;ON;100;6,10;6,90;9,90;31;98,20;90,40;3,80;3;50;9,70;9;
2026-07-23 15:25:00.0;OFF;ON;100;6;6,90;9,90;30,90;98,20;90,40;3,80;3;50;9,80;9;
2026-07-23 15:26:00.0;OFF;ON;100;5,90;6,90;9,90;30,90;98,20;90,40;4;3;50;9,70;9;
2026-07-23 15:27:00.0;OFF;ON;100;5,90;6,80;9,80;30,90;98,20;90,40;4;3;50;9,70;8,90;
2026-07-23 15:28:00.0;OFF;ON;100;5,90;6,80;9,80;30,80;98,20;90,40;4;3;50;9,70;8,90;
2026-07-23 15:29:00.0;OFF;ON;100;5,80;6,80;9,80;30,70;98,10;90,40;4;3;50;9,70;8,90;
2026-07-23 15:30:00.0;OFF;ON;100;5,90;6,80;9,80;30,60;98,20;90,40;3,90;3;50;9,70;8,90;
2026-07-23 15:31:00.0;OFF;ON;100;5,90;6,80;9,80;30,60;98,10;90,40;3,90;3;50;9,70;8,90;
2026-07-23 15:32:00.0;OFF;ON;100;5,80;6,80;9,80;30,50;98,10;90,40;4;3;50;9,70;8,90;
2026-07-23 15:33:00.0;OFF;ON;100;5,70;6,70;9,70;30,50;98,20;90,40;4,10;3;50;9,70;8,80;
2026-07-23 15:34:00.0;OFF;ON;100;5,80;6,70;9,70;30,40;98,10;90,40;3,90;3;50;9,60;8,80;
2026-07-23 15:35:00.0;OFF;ON;100;6,10;6,70;9,70;30,40;98,20;90,40;3,60;3;50;9,60;8,80;
2026-07-23 15:36:00.0;OFF;ON;100;6,40;6,70;9,70;30,30;98,20;90,40;3,30;3;50;9,70;8,90;
2026-07-23 15:37:00.0;OFF;ON;100;6,70;6,80;9,80;30,20;98,30;90,40;3,10;3;50;9,70;9,10;
2026-07-23 15:38:00.0;OFF;ON;100;6,50;6,80;9,90;30,20;98,50;90,40;3,40;3;50;9,80;9,20;
2026-07-23 15:39:00.0;OFF;ON;100;6,40;6,90;9,90;30,10;98,50;90,40;3,40;3;50;9,80;9,10;
2026-07-23 15:40:00.0;OFF;ON;100;6,20;6,80;9,80;30,10;98,50;90,40;3,70;3;50;9,70;9,10;
2026-07-23 15:41:00.0;OFF;ON;100;5,80;6,80;9,80;30;98,30;90,40;4;3;50;9,70;8,90;
2026-07-23 15:42:00.0;OFF;ON;100;5,90;6,70;9,70;29,90;98,20;90,40;3,80;3;50;9,60;8,80;
2026-07-23 15:43:00.0;OFF;ON;100;5,70;6,70;9,70;29,90;98,20;90,40;4;3;50;9,60;8,80;
2026-07-23 15:44:00.0;OFF;ON;100;5,80;6,70;9,60;29,80;98,10;90,40;3,90;3;50;9,50;8,70;
2026-07-23 15:45:00.0;OFF;ON;100;5,80;6,60;9,60;29,80;98,10;90,40;3,80;3;50;9,50;8,70;
2026-07-23 15:46:00.0;OFF;ON;100;5,60;6,60;9,60;29,80;98;90,40;4;3;50;9,50;8,70;
2026-07-23 15:47:00.0;OFF;ON;100;5,50;6,60;9,60;29,70;98;90,40;4;3;50;9,50;8,60;
2026-07-23 15:48:00.0;OFF;ON;100;5,60;6,50;9,50;29,70;98;90,40;3,90;3;50;9,40;8,60;
2026-07-23 15:49:00.0;OFF;ON;100;5,50;6,50;9,50;29,60;98;90,40;4;3;50;9,40;8,60;
2026-07-23 15:50:00.0;OFF;ON;100;5,40;6,50;9,50;29,60;98;90,40;4;3;50;9,40;8,50;
2026-07-23 15:51:00.0;OFF;ON;100;5,50;6,50;9,50;29,50;97,90;90,40;3,90;3;50;9,30;8,50;
2026-07-23 15:52:00.0;OFF;ON;100;5,40;6,40;9,40;29,50;98;90,40;4;3;50;9,30;8,50;
2026-07-23 15:53:00.0;OFF;ON;100;5,50;6,40;9,40;29,40;98;90,40;3,90;3;50;9,30;8,50;
2026-07-23 15:54:00.0;OFF;ON;100;5,50;6,40;9,40;29,40;98;90,40;3,90;3;50;9,30;8,50;
2026-07-23 15:55:00.0;OFF;ON;100;5,50;6,40;9,40;29,30;98;90,40;3,90;3;50;9,30;8,50;
2026-07-23 15:56:00.0;OFF;ON;100;5,40;6,40;9,30;29,30;98;90,40;3,90;3;50;9,20;8,40;
2026-07-23 15:57:00.0;OFF;ON;100;5,50;6,30;9,30;29,20;98;90,30;3,80;3;50;9,20;8,40;
2026-07-23 15:58:00.0;OFF;ON;100;5,30;6,30;9,30;29,20;98;90,30;4;3;50;9,20;8,40;
2026-07-23 15:59:00.0;OFF;ON;100;5,40;6,30;9,30;29,10;98;90,30;3,90;3;50;9,20;8,40;
2026-07-23 16:00:00.0;OFF;ON;100;5,40;6,30;9,30;29,10;98;90,30;3,90;3;50;9,20;8,40;
2026-07-23 16:01:00.0;OFF;ON;100;5,40;6,30;9,30;29;98;90,30;3,80;3;50;9,20;8,40;
2026-07-23 16:02:00.0;OFF;ON;100;5,40;6,30;9,30;29;98;90,30;3,80;3;50;9,20;8,40;
2026-07-23 16:03:00.0;OFF;ON;100;5,40;6,30;9,20;28,90;98;90,30;3,80;3;50;9,10;8,30;
2026-07-23 16:04:00.0;OFF;ON;100;5,30;6,20;9,20;28,90;98;90,30;3,90;3;50;9,10;8,30;
2026-07-23 16:05:00.0;OFF;ON;100;5,40;6,20;9,20;28,80;98;90,30;3,80;3;50;9,10;8,30;
2026-07-23 16:06:00.0;OFF;ON;100;5,30;6,20;9,20;28,80;98;90,30;3,80;3;50;9,10;8,30;
2026-07-23 16:07:00.0;OFF;ON;100;5,30;6,20;9,20;28,70;98;90,30;3,90;3;50;9,10;8,30;
2026-07-23 16:08:00.0;OFF;ON;100;5,30;6,20;9,20;28,70;98;90,30;3,90;3;50;9,10;8,30;
2026-07-23 16:09:00.0;OFF;ON;100;5,40;6,20;9,10;28,60;98;90,30;3,80;3;50;9;8,20;
2026-07-23 16:10:00.0;OFF;ON;100;5,30;6,20;9,10;28,60;98;90,30;3,80;3;50;9;8,20;
2026-07-23 16:11:00.0;OFF;ON;100;5,30;6,10;9,10;28,50;98;90,30;3,80;3;50;9;8,20;
2026-07-23 16:12:00.0;OFF;ON;100;5,20;6,10;9,10;28,50;97,90;90,30;3,90;3;50;9;8,20;
2026-07-23 16:13:00.0;OFF;ON;100;5,20;6,10;9,10;28,40;98;90,30;3,90;3;50;9;8,20;
2026-07-23 16:14:00.0;OFF;ON;100;5,20;6,10;9,10;28,40;98;90,30;3,90;3;50;9;8,20;
2026-07-23 16:15:00.0;OFF;ON;100;5,10;6,10;9;28,30;97,90;90,30;3,90;3;50;9;8,10;
2026-07-23 16:16:00.0;OFF;ON;100;5,30;6;9;28,30;97,90;90,30;3,70;3;50;8,90;8,10;
2026-07-23 16:17:00.0;OFF;ON;100;5,20;6;9;28,20;98;90,30;3,80;3;50;8,90;8,10;
2026-07-23 16:18:00.0;OFF;ON;100;5,30;6;9;28,20;97,90;90,30;3,70;3;50;8,90;8,10;
2026-07-23 16:19:00.0;OFF;ON;100;5,30;6;9;28,10;98;90,30;3,70;3;50;8,90;8,10;
2026-07-23 16:20:00.0;OFF;ON;100;5,30;6;9;28,10;98;90,30;3,70;3;50;8,90;8,10;
2026-07-23 16:21:00.0;OFF;ON;100;5,50;6;9;28;98;90,30;3,50;3;50;8,90;8,20;
2026-07-23 16:22:00.0;OFF;ON;100;5,90;6;9;28;98,10;90,30;3,10;3;50;8,90;8,20;
2026-07-23 16:23:00.0;OFF;ON;100;5,90;6;9,10;27,90;98,30;90,30;3,20;3;50;9;8,40;
2026-07-23 16:24:00.0;OFF;ON;100;5,60;6,10;9,10;27,90;98,30;90,30;3,50;3;50;9;8,40;
2026-07-23 16:25:00.0;OFF;ON;100;5,70;6,10;9,10;27,80;98,30;90,30;3,40;3;50;9;8,30;
2026-07-23 16:26:00.0;OFF;ON;100;5,20;6,10;9,10;27,80;98,30;90,30;3,80;3;50;8,90;8,20;
2026-07-23 16:27:00.0;OFF;ON;100;5,30;6;9;27,70;98,10;90,30;3,70;3;50;8,90;8,10;
2026-07-23 16:28:00.0;OFF;ON;100;5,20;6;8,90;27,60;98;90,30;3,70;3;50;8,80;8;
2026-07-23 16:29:00.0;OFF;ON;100;5,20;5,90;8,90;27,60;97,90;90,30;3,70;3;50;8,80;8;
2026-07-23 16:30:00.0;OFF;ON;100;5,20;5,90;8,90;27,60;98;90,30;3,70;3;50;8,80;8;
2026-07-23 16:31:00.0;OFF;ON;100;5,20;5,90;8,90;27,50;98;90,30;3,70;3;50;8,80;8;
2026-07-23 16:32:00.0;OFF;ON;100;5,10;5,90;8,90;27,50;97,90;90,30;3,70;3;50;8,80;8;
2026-07-23 16:33:00.0;OFF;ON;100;5;5,90;8,90;27,40;98;90,30;3,80;3;50;8,80;8;
2026-07-23 16:34:00.0;OFF;ON;100;5;5,90;8,80;27,30;97,90;90,30;3,80;3;50;8,70;7,90;
2026-07-23 16:35:00.0;OFF;ON;100;5,10;5,80;8,80;27,30;97,90;90,30;3,80;3;50;8,70;7,90;
2026-07-23 16:36:00.0;OFF;ON;100;5,10;5,80;8,80;27,20;98;90,30;3,80;3;50;8,70;7,90;
2026-07-23 16:37:00.0;OFF;ON;100;5;5,80;8,80;27,20;98;90,30;3,80;3;50;8,70;7,90;
2026-07-23 16:38:00.0;OFF;ON;100;5,10;5,80;8,80;27,20;98;90,30;3,70;3;50;8,70;7,90;
2026-07-23 16:39:00.0;OFF;ON;100;5;5,80;8,80;27,10;97,90;90,30;3,70;3;50;8,60;7,90;
2026-07-23 16:40:00.0;OFF;ON;100;5,10;5,80;8,70;27,10;97,90;90,30;3,60;3;50;8,60;7,80;
2026-07-23 16:41:00.0;OFF;ON;100;4,90;5,70;8,70;27;97,90;90,30;3,80;3;50;8,60;7,80;
2026-07-23 16:42:00.0;OFF;ON;100;4,90;5,70;8,70;27;97,80;90,30;3,80;3;50;8,60;7,80;
2026-07-23 16:43:00.0;OFF;ON;100;4,90;5,70;8,70;26,90;97,80;90,30;3,80;3;50;8,60;7,80;
2026-07-23 16:44:00.0;OFF;ON;100;5,20;5,70;8,70;26,80;97,80;90,30;3,50;3;50;8,50;7,70;
2026-07-23 16:45:00.0;OFF;ON;100;5,20;5,60;8,60;26,80;97,80;90,30;3,50;3;50;8,50;7,80;
2026-07-23 16:46:00.0;OFF;ON;100;5;5,70;8,60;26,70;97,80;90,30;3,60;3;50;8,50;7,80;
2026-07-23 16:47:00.0;OFF;ON;100;5,40;5,70;8,70;26,70;98;90,20;3,30;3;50;8,50;7,80;
2026-07-23 16:48:00.0;OFF;ON;100;5,50;5,70;8,70;26,70;98;90,20;3,20;3;50;8,60;7,90;
2026-07-23 16:49:00.0;OFF;ON;100;5,30;5,70;8,70;26,60;98,20;90,20;3,40;3;50;8,60;7,90;
2026-07-23 16:50:00.0;OFF;ON;100;5,10;5,70;8,70;26,50;98,10;90,20;3,60;3;50;8,60;7,90;
2026-07-23 16:51:00.0;OFF;ON;100;5,20;5,70;8,70;26,50;98;90,20;3,50;3;50;8,60;7,90;
2026-07-23 16:52:00.0;OFF;ON;100;5,10;5,70;8,70;26,40;98;90,20;3,60;3;50;8,50;7,80;
2026-07-23 16:53:00.0;OFF;ON;100;5,30;5,60;8,60;26,40;98;90,20;3,30;3;50;8,50;7,80;
2026-07-23 16:54:00.0;OFF;ON;100;5,50;5,70;8,70;26,30;98,10;90,20;3,20;3;50;8,60;7,90;
2026-07-23 16:55:00.0;OFF;ON;100;5,40;5,70;8,70;26,30;98,10;90,20;3,30;3;50;8,60;8;
2026-07-23 16:56:00.0;OFF;ON;100;5,20;5,70;8,70;26,30;98,10;90,20;3,50;3;50;8,60;7,90;
2026-07-23 16:57:00.0;OFF;ON;100;5,20;5,70;8,70;26,20;98;90,20;3,50;3;50;8,50;7,80;
2026-07-23 16:58:00.0;OFF;ON;100;5,20;5,60;8,60;26,10;98;90,20;3,50;3;50;8,50;7,80;
2026-07-23 16:59:00.0;OFF;ON;100;5,10;5,60;8,60;26,10;98;90,20;3,60;3;50;8,50;7,80;
2026-07-23 17:00:00.0;OFF;ON;100;5,50;5,60;8,60;26;98;90,20;3,10;3;50;8,50;7,80;
2026-07-23 17:01:00.0;OFF;ON;100;5,40;5,60;8,60;26;98;90,20;3,20;3;50;8,50;7,90;
2026-07-23 17:02:00.0;OFF;ON;100;5,20;5,70;8,60;25,90;98,10;90,20;3,40;3;50;8,50;7,90;
2026-07-23 17:03:00.0;OFF;ON;100;5,20;5,60;8,60;25,90;98;90,20;3,40;3;50;8,50;7,80;
2026-07-23 17:04:00.0;OFF;ON;100;5,20;5,60;8,60;25,80;98;90,20;3,40;3;50;8,50;7,80;
2026-07-23 17:05:00.0;OFF;ON;100;5,20;5,60;8,50;25,80;98;90,20;3,30;3;50;8,40;7,70;
2026-07-23 17:06:00.0;OFF;ON;100;5,30;5,50;8,50;25,70;98;90,20;3,20;3;50;8,40;7,80;
2026-07-23 17:07:00.0;OFF;ON;100;5,40;5,60;8,60;25,70;98;90,20;3,20;3;50;8,50;7,90;
2026-07-23 17:08:00.0;OFF;ON;100;5,10;5,60;8,60;25,60;98,10;90,20;3,40;3;50;8,50;7,80;
2026-07-23 17:09:00.0;OFF;ON;100;5,10;5,60;8,60;25,60;98;90,20;3,40;3;50;8,40;7,80;
2026-07-23 17:10:00.0;OFF;ON;100;5,20;5,50;8,50;25,50;98;90,20;3,30;3;50;8,40;7,70;
2026-07-23 17:11:00.0;OFF;ON;100;5,10;5,50;8,50;25,40;98;90,20;3,40;3;50;8,40;7,70;
2026-07-23 17:12:00.0;OFF;ON;100;5;5,50;8,50;25,40;97,90;90,20;3,50;3;50;8,40;7,70;
2026-07-23 17:13:00.0;OFF;ON;100;5,30;5,50;8,50;25,40;98;90,20;3,20;3;50;8,30;7,60;
2026-07-23 17:14:00.0;OFF;ON;100;5,10;5,50;8,50;25,30;97,90;90,20;3,40;3;50;8,40;7,70;
2026-07-23 17:15:00.0;OFF;ON;100;5,10;5,50;8,50;25,30;97,90;90,20;3,40;3;50;8,40;7,70;
2026-07-23 17:16:00.0;OFF;ON;100;5;5,50;8,40;25,20;97,90;90,20;3,40;3;50;8,30;7,60;
2026-07-23 17:17:00.0;OFF;ON;100;5,20;5,40;8,40;25,10;97,90;90,20;3,20;3;50;8,30;7,60;
2026-07-23 17:18:00.0;OFF;ON;100;5;5,40;8,40;25,10;97,90;90,20;3,40;3;50;8,30;7,60;
2026-07-23 17:19:00.0;OFF;ON;100;5,30;5,40;8,40;25;97,90;90,20;3,10;3;50;8,30;7,60;
2026-07-23 17:20:00.0;OFF;ON;100;5,30;5,40;8,40;25;97,90;90,20;3,10;3;50;8,30;7,60;
2026-07-23 17:21:00.0;OFF;ON;100;5,10;5,40;8,40;25;98;90,20;3,30;3;50;8,30;7,70;
2026-07-23 17:22:00.0;OFF;ON;100;5;5,40;8,40;24,90;97,90;90,20;3,40;3;50;8,30;7,60;
2026-07-23 17:23:00.0;OFF;ON;100;4,90;5,40;8,30;24,90;97,80;90,20;3,40;3;50;8,20;7,50;
2026-07-23 17:24:00.0;OFF;ON;100;4,90;5,30;8,30;24,80;97,80;90,20;3,30;3;50;8,20;7,50;
2026-07-23 17:25:00.0;OFF;ON;100;4,90;5,30;8,30;24,80;97,80;90,20;3,40;3;50;8,20;7,50;
2026-07-23 17:26:00.0;OFF;ON;100;5;5,30;8,30;24,70;97,80;90,20;3,50;3;50;8,20;7,40;
2026-07-23 17:27:00.0;OFF;ON;100;5,10;5,30;8,30;24,70;97,70;90,20;3,20;3;50;8,10;7,40;
2026-07-23 17:28:00.0;OFF;ON;100;4,90;5,30;8,30;24,70;97,90;90,20;3,30;3;50;8,20;7,50;
2026-07-23 17:29:00.0;OFF;ON;100;4,80;5,30;8,30;24,60;97,90;90,20;3,50;3;50;8,10;7,50;
2026-07-23 17:30:00.0;OFF;ON;100;4,90;5,20;8,20;24,60;97,80;90,20;3,30;3;50;8,10;7,40;
2026-07-23 17:31:00.0;OFF;ON;100;4,80;5,20;8,20;24,50;97,70;90,20;3,30;3;50;8,10;7,40;
2026-07-23 17:32:00.0;OFF;ON;100;5;5,20;8,20;24,50;97,80;90,20;3,20;3,20;50;8,10;7,40;
2026-07-23 17:33:00.0;OFF;ON;100;5,10;5;8,20;24,40;97,80;90,20;3;3,20;50,70;8,10;7,40;
2026-07-23 17:34:00.0;OFF;ON;100;5;5;8,20;24,40;97,90;90,20;3,10;3,20;50,80;8,10;7,50;
2026-07-23 17:35:00.0;OFF;ON;100;4,70;5;8,20;24,40;98;90,20;3,40;3,20;50;8,10;7,50;
2026-07-23 17:36:00.0;OFF;ON;100;4,60;5;8,20;24,30;97,90;90,20;3,50;3,20;50;8,10;7,40;
2026-07-23 17:37:00.0;OFF;ON;100;4,80;5;8,10;24,30;97,80;90,20;3,60;3,20;50;8;7,30;
2026-07-23 17:38:00.0;OFF;ON;100;4,80;4,90;8,10;24,20;97,70;90,20;3,40;3,20;50;8;7,30;
2026-07-23 17:39:00.0;OFF;ON;100;4,80;4,90;8,10;24,20;97,70;90,20;3,40;3,20;50;8;7,20;
2026-07-23 17:40:00.0;OFF;ON;100;4,90;4,90;8,10;24,10;97,70;90,20;3;3,20;50,70;8;7,30;
2026-07-23 17:41:00.0;OFF;ON;100;4,80;4,90;8,10;24,10;97,80;90,20;3,10;3,20;50,50;8;7,30;
2026-07-23 17:42:00.0;OFF;ON;100;4,70;4,90;8,10;24;97,90;90,20;3,40;3,20;50;8;7,30;
2026-07-23 17:43:00.0;OFF;ON;100;4,50;4,90;8,10;24;97,90;90,20;3,40;3,20;50;8;7,30;
2026-07-23 17:44:00.0;OFF;ON;100;4,80;4,80;8;24;97,70;90,20;3,40;3,20;50;7,90;7,20;
2026-07-23 17:45:00.0;OFF;ON;100;4,70;5;8;23,90;97,70;90,20;3,30;3;50;7,90;7,20;
2026-07-23 17:46:00.0;OFF;ON;100;4,80;5;8;23,90;97,70;90,20;3,30;3;50;7,90;7,20;
2026-07-23 17:47:00.0;OFF;ON;100;4,90;5;8;23,90;97,70;90,20;3;3;50;7,80;7,20;
2026-07-23 17:48:00.0;OFF;ON;100;4,70;5;8;23,80;97,70;90,20;3,20;3;50;7,90;7,20;
2026-07-23 17:49:00.0;OFF;ON;100;4,60;5;8;23,80;97,80;90,20;3,30;3;50;7,90;7,20;
2026-07-23 17:50:00.0;OFF;ON;100;4,40;5;8;23,70;97,80;90,20;3,50;3;50;7,90;7,10;
2026-07-23 17:51:00.0;OFF;ON;100;4,60;4,90;7,90;23,70;97,70;90,20;3,20;3;50;7,80;7;
2026-07-23 17:52:00.0;OFF;ON;100;4,60;4,90;7,90;23,60;97,60;90,20;3,30;3;50;7,80;7,10;
2026-07-23 17:53:00.0;OFF;ON;100;4,70;4,90;7,90;23,60;97,70;90,20;3,30;3;50;7,80;7,10;
2026-07-23 17:54:00.0;OFF;ON;100;4,80;4,90;7,90;23,50;97,70;90,20;3;3;50;7,80;7,10;
2026-07-23 17:55:00.0;OFF;ON;100;4,60;4,90;7,90;23,50;97,80;90,20;3,10;3;50;7,80;7,10;
2026-07-23 17:56:00.0;OFF;ON;100;4,50;4,90;7,90;23,50;97,80;90,20;3,30;3;50;7,80;7,10;
2026-07-23 17:57:00.0;OFF;ON;100;4,40;4,90;7,90;23,40;97,80;90,20;3,40;3;50;7,70;7;
2026-07-23 17:58:00.0;OFF;ON;100;4,70;4,80;7,80;23,40;97,60;90,20;3,20;3;50;7,70;6,90;
2026-07-23 17:59:00.0;OFF;ON;100;4,50;4,80;7,80;23,30;97,60;90,20;3,30;3;50;7,70;7;
2026-07-23 18:00:00.0;OFF;ON;100;4,60;4,60;7,80;23,30;97,70;90,20;3,20;3,20;50;7,70;6,90;
2026-07-23 18:01:00.0;OFF;ON;100;4,80;4,60;7,80;23,30;97,70;90,20;3;3,20;50,80;7,60;6,90;
2026-07-23 18:02:00.0;OFF;ON;100;4,60;4,60;7,80;23,20;97,80;90,20;3,30;3,20;50;7,70;7,10;
2026-07-23 18:03:00.0;OFF;ON;100;4,40;4,60;7,80;23,20;97,70;90,10;3,30;3,20;50;7,70;7;
2026-07-23 18:04:00.0;OFF;ON;100;4,50;4,60;7,80;23,10;97,60;90,10;3,30;3,20;50,40;7,60;6,90;
2026-07-23 18:05:00.0;OFF;ON;100;4,60;4,50;7,70;23,10;97,70;90,10;3,20;3,20;50;7,60;6,90;
2026-07-23 18:06:00.0;OFF;ON;100;4,40;4,50;7,70;23;97,70;90,10;3,30;3,20;50;7,60;6,90;
2026-07-23 18:07:00.0;OFF;ON;100;5;4,50;7,70;23;97,60;90,10;2,80;3,20;51,90;7,60;6,90;
2026-07-23 18:08:00.0;OFF;ON;100;5,20;4,50;7,70;23;97,70;90,10;2,60;3,20;53,20;7,60;7;
2026-07-23 18:09:00.0;OFF;ON;100;5,20;4,60;7,80;22,90;98;90,10;2,60;3,20;53,60;7,70;7,20;
2026-07-23 18:10:00.0;OFF;ON;100;5,10;4,60;7,80;22,90;98,10;90,10;2,70;3,20;53,90;7,70;7,20;
2026-07-23 18:11:00.0;OFF;ON;100;5,30;4,70;7,90;22,80;98,20;90,10;2,60;3,20;54,90;7,80;7,30;
2026-07-23 18:12:00.0;OFF;ON;100;5,40;4,70;7,90;22,80;98,30;90,10;2,50;3,20;56;7,80;7,30;
2026-07-23 18:13:00.0;OFF;ON;100;5,30;4,70;7,90;22,80;98,30;90,10;2,70;3,20;56;7,90;7,40;
2026-07-23 18:14:00.0;OFF;ON;100;5;4,80;8;22,70;98,30;90,10;3;3,20;56,20;7,80;7,50;
2026-07-23 18:15:00.0;OFF;ON;100;4,70;4,60;8;22,70;98,20;90,10;3,20;3,40;55,70;7,80;7,40;
2026-07-23 18:16:00.0;OFF;ON;100;4,80;4,50;7,90;22,60;98;90,10;3;3,40;56,80;7,70;7,10;
2026-07-23 18:17:00.0;OFF;ON;100;4,50;4,40;7,80;22,60;98;90,10;3,30;3,40;56,10;7,70;7,10;
2026-07-23 18:18:00.0;OFF;ON;100;4,70;4,40;7,80;22,50;97,70;90,10;3;3,40;57,40;7,60;7;
2026-07-23 18:19:00.0;OFF;ON;100;5;4,40;7,80;22,50;97,80;90,10;2,80;3,40;59;7,60;7,10;
2026-07-23 18:20:00.0;OFF;ON;100;4,80;4,40;7,80;22,40;97,90;90,10;3;3,40;59,10;7,70;7,10;
2026-07-23 18:21:00.0;OFF;ON;100;4,50;4,40;7,80;22,40;97,90;90,10;3,20;3,40;58,50;7,70;7,10;
2026-07-23 18:22:00.0;OFF;ON;100;4,30;4,40;7,80;22,40;97,80;90,10;3,40;3,40;58,20;7,60;7;
2026-07-23 18:23:00.0;OFF;ON;100;4,40;4,30;7,70;22,30;97,60;90,10;3,30;3,40;58,50;7,50;6,80;
2026-07-23 18:24:00.0;OFF;ON;100;4,20;4,30;7,60;22,30;97,50;90,10;3,40;3,40;58,30;7,50;6,80;
2026-07-23 18:25:00.0;OFF;ON;100;4,50;4,20;7,60;22,20;97,40;90,10;3;3,40;59,70;7,40;6,70;
2026-07-23 18:26:00.0;OFF;ON;100;4,70;4,20;7,60;22,20;97,40;90,10;2,90;3,40;60,80;7,50;6,80;
2026-07-23 18:27:00.0;OFF;ON;100;4,60;4,20;7,60;22,20;97,60;90,10;3;3,40;60,60;7,50;6,90;
2026-07-23 18:28:00.0;OFF;ON;100;4,30;4,20;7,60;22,10;97,60;90,10;3,30;3,40;59,70;7,50;6,80;
2026-07-23 18:29:00.0;OFF;ON;100;4;4,20;7,60;22,10;97,50;90,10;3,50;3,40;59,90;7,40;6,70;
2026-07-23 18:30:00.0;OFF;ON;100;4,10;3,90;7,50;22;97,40;90,10;3,40;3,60;60,60;7,30;6,60;
2026-07-23 18:31:00.0;OFF;ON;100;4;3,90;7,40;22;97,30;90,10;3,40;3,60;60,70;7,30;6,50;
2026-07-23 18:32:00.0;OFF;ON;100;4,20;3,80;7,40;21,90;97,20;90,10;3,20;3,60;61,80;7,30;6,50;
2026-07-23 18:33:00.0;OFF;ON;100;4,20;3,80;7,40;21,90;97,30;90,10;3,20;3,60;62,40;7,30;6,60;
2026-07-23 18:34:00.0;OFF;ON;100;4;3,80;7,40;21,90;97,50;90,10;3,40;3,60;61,90;7,30;6,60;
2026-07-23 18:35:00.0;OFF;ON;100;3,90;3,80;7,40;21,80;97,50;90,10;3,40;3,60;61,90;7,20;6,50;
2026-07-23 18:36:00.0;OFF;ON;100;3,60;3,80;7,30;21,80;97,30;90,10;3,70;3,60;60,80;7,20;6,40;
2026-07-23 18:37:00.0;OFF;ON;100;3,70;3,70;7,30;21,70;97,20;90,10;3,50;3,60;61,50;7,10;6,20;
2026-07-23 18:38:00.0;OFF;ON;100;3,50;3,60;7,20;21,70;97,10;90,10;3,70;3,60;60,70;7,10;6,20;
2026-07-23 18:39:00.0;OFF;ON;100;4;3,60;7,20;21,60;97,10;90,10;3,10;3,60;63,30;7;6,20;
2026-07-23 18:40:00.0;OFF;ON;100;4;3,50;7,10;21,60;97,10;90,10;3,10;3,60;63,60;7;6,30;
2026-07-23 18:41:00.0;OFF;ON;100;3,70;3,60;7,20;21,60;97,30;90,10;3,50;3,60;62,60;7,10;6,30;
2026-07-23 18:42:00.0;OFF;ON;100;3,60;3,60;7,20;21,50;97,40;90,10;3,60;3,60;62,60;7;6,20;
2026-07-23 18:43:00.0;OFF;ON;100;3,30;3,60;7,20;21,50;97,30;90,10;3,80;3,60;61,50;7;6,10;
2026-07-23 18:44:00.0;OFF;ON;100;3,30;3,50;7;21,40;97,20;90,10;3,70;3,60;62,50;6,90;6;
2026-07-23 18:45:00.0;OFF;ON;100;3,20;3,20;7;21,40;97,20;90,10;3,70;3,80;62,50;6,90;5,90;
2026-07-23 18:46:00.0;OFF;ON;100;3,70;3,20;7;21,30;97,20;90,10;3,20;3,80;65;6,80;5,90;
2026-07-23 18:47:00.0;OFF;ON;100;3,60;3,10;6,90;21,30;97,20;90,10;3,30;3,80;65,20;6,90;6,10;
2026-07-23 18:48:00.0;OFF;ON;100;3,40;3,20;7;21,30;97,40;90,10;3,60;3,80;64,60;6,90;6,10;
2026-07-23 18:49:00.0;OFF;ON;100;3,10;3,20;7;21,20;97,30;90,10;3,80;3,80;64,10;6,80;5,90;
2026-07-23 18:50:00.0;OFF;ON;100;2,80;3,10;6,90;21,20;97,20;90,10;4,10;3,80;62,50;6,80;5,90;
2026-07-23 18:51:00.0;OFF;ON;100;2,60;3,10;6,80;21,10;97;90,10;4,20;3,80;61,60;6,60;5,50;
2026-07-23 18:52:00.0;OFF;ON;100;2,50;3;6,70;21,10;96,80;90,10;4,20;3,80;61,20;6,50;5,40;
2026-07-23 18:53:00.0;OFF;ON;100;2,40;2,80;6,60;21;96,60;90,10;4,20;3,80;60,50;6,40;5,30;
2026-07-23 18:54:00.0;OFF;ON;100;2,30;2,70;6,50;21;96,50;90,10;4,20;3,80;59,90;6,40;5,20;
2026-07-23 18:55:00.0;OFF;ON;100;2,10;2,70;6,40;21;96,50;90,10;4,30;3,80;58,70;6,30;5,10;
2026-07-23 18:56:00.0;OFF;ON;100;2,10;2,60;6,40;20,90;96,50;90,10;4,30;3,80;58,40;6,20;5;
2026-07-23 18:57:00.0;OFF;ON;100;1,90;2,60;6,30;20,90;96,50;90,10;4,40;3,80;57,60;6,20;5;
2026-07-23 18:58:00.0;OFF;ON;100;1,90;2,50;6,30;20,80;96,50;90,10;4,30;3,80;57,10;6,10;4,90;
2026-07-23 18:59:00.0;OFF;ON;100;1,90;2,40;6,20;20,80;96,60;90,10;4,30;3,80;57,50;6,10;4,90;
2026-07-23 19:00:00.0;OFF;ON;100;1,80;2,20;6,20;20,70;96,60;90,10;4,30;4;57,10;6;4,90;
2026-07-23 19:01:00.0;OFF;ON;100;1,80;2,20;6,10;20,70;96,60;90,10;4,30;4;56,90;6;4,80;
2026-07-23 19:02:00.0;OFF;ON;100;1,80;2,10;6,10;20,70;96,60;90,10;4,30;4;56,70;6;4,80;
2026-07-23 19:03:00.0;OFF;ON;100;1,80;2;6,10;20,60;96,70;90,10;4,30;4;56,50;5,90;4,80;
2026-07-23 19:04:00.0;OFF;ON;100;2,20;2;6;20,60;96,70;90,10;3,80;4;58,40;5,90;4,80;
2026-07-23 19:05:00.0;OFF;ON;100;2,20;2;6;20,60;96,80;90,10;3,80;4;58,20;5,90;4,80;
2026-07-23 19:06:00.0;OFF;ON;100;2,40;2;6;20,50;97;90,10;3,60;4;59,10;5,90;4,80;
2026-07-23 19:07:00.0;OFF;ON;100;2,60;2;6;20,50;97,10;90,10;3,50;4;60,30;5,90;4,90;
2026-07-23 19:08:00.0;OFF;ON;100;2,50;2,10;6,10;20,40;97,30;90,10;3,60;4;60,30;6;5,10;
2026-07-23 19:09:00.0;OFF;ON;100;2,30;2,10;6,10;20,40;97,40;90,10;3,80;4;59,80;6;5;
2026-07-23 19:10:00.0;OFF;ON;100;2,30;2,10;6,10;20,30;97,40;90,10;3,80;4;60,10;5,90;4,90;
2026-07-23 19:11:00.0;OFF;ON;100;2,30;2,10;6,10;20,30;97,20;90,10;3,80;4;60,30;5,90;4,90;
2026-07-23 19:12:00.0;OFF;ON;100;2,20;2;6;20,30;97,20;90,10;3,90;4;60,20;5,90;4,90;
2026-07-23 19:13:00.0;OFF;ON;100;2,40;2;6;20,20;97,20;90,10;3,60;4;61,40;5,80;4,90;
2026-07-23 19:14:00.0;OFF;ON;100;2,80;1,80;6;20,20;97,20;90;3,20;4;64,80;5,90;4,90;
2026-07-23 19:15:00.0;OFF;ON;100;2,50;1,80;6;20,10;97,30;90;3,50;4,20;64;5,90;5;
2026-07-23 19:16:00.0;OFF;ON;100;2,40;1,80;6,10;20,10;97,40;90;3,60;4,20;64,60;5,90;5;
2026-07-23 19:17:00.0;OFF;ON;100;2,40;1,80;6;20,10;97,30;90;3,60;4,20;64,90;5,90;4,90;
2026-07-23 19:18:00.0;OFF;ON;100;2,30;1,80;6;20;97,20;90;3,70;4,20;65,50;5,80;4,90;
2026-07-23 19:19:00.0;OFF;ON;100;2,20;1,70;6;20;97,30;90;3,70;4,20;66,10;5,80;4,90;
2026-07-23 19:20:00.0;OFF;ON;100;2,20;1,70;5,90;19,90;97,10;90;3,70;4,20;66,60;5,80;4,80;
2026-07-23 19:21:00.0;OFF;ON;100;2,50;1,70;5,90;19,90;97,10;90;3,40;4,20;68,50;5,80;4,80;
2026-07-23 19:22:00.0;OFF;ON;100;2,20;1,70;5,90;19,90;97,30;90;3,70;4,20;68;5,80;4,90;
2026-07-23 19:23:00.0;OFF;ON;100;2;1,70;5,90;19,80;97,20;90;3,90;4,20;68;5,70;4,80;
2026-07-23 19:24:00.0;OFF;ON;100;1,80;1,60;5,80;19,80;97,10;90;4;4,20;67,50;5,70;4,70;
2026-07-23 19:25:00.0;OFF;ON;100;1,30;1,60;5,80;19,80;97,10;90;4,50;4,20;65,60;5,60;4,60;
2026-07-23 19:26:00.0;OFF;ON;100;1,20;1,40;5,70;19,70;96,80;90;4,40;4,20;65,50;5,40;4,40;
2026-07-23 19:27:00.0;OFF;ON;100;1,10;1,30;5,60;19,70;96,50;90;4,40;4,20;65,30;5,40;4,30;
2026-07-23 19:28:00.0;OFF;ON;100;0,90;1,20;5,50;19,60;96,40;90;4,50;4,20;64,40;5,30;4,20;
2026-07-23 19:29:00.0;OFF;ON;100;1;1;5,40;19,60;96,40;90;4,40;4,20;65,30;5,20;4,10;
2026-07-23 19:30:00.0;OFF;ON;100;0,80;0,90;5,30;19,60;96,30;90;4,50;4,40;64,90;5,20;4,10;
2026-07-23 19:31:00.0;OFF;ON;100;0,80;0,80;5,30;19,60;96,30;90;4,40;4,40;65;5,10;4;
2026-07-23 19:32:00.0;OFF;ON;100;0,60;0,80;5,20;19,50;96,40;90;4,60;4,40;64,50;5,10;4;
2026-07-23 19:33:00.0;OFF;ON;100;0,70;0,70;5,20;19,50;96,40;90;4,40;4,40;64,90;5;3,90;
2026-07-23 19:34:00.0;OFF;ON;100;0,60;0,70;5,10;19,40;96,40;90;4,50;4,40;64,60;5;3,90;
2026-07-23 19:35:00.0;OFF;ON;100;0,70;0,70;5,10;19,40;96,40;90;4,40;4,40;64,80;4,90;3,80;
2026-07-23 19:36:00.0;OFF;ON;100;0,50;0,60;5;19,40;96,50;90;4,50;4,40;64,60;4,90;3,80;
2026-07-23 19:37:00.0;OFF;ON;100;0,60;2;5;19,30;96,50;90;4,40;3;58,10;4,90;3,80;
2026-07-23 19:38:00.0;OFF;ON;100;0,70;2;5;19,30;96,50;90;4,20;3;57,50;4,90;3,80;
2026-07-23 19:39:00.0;OFF;ON;100;1,20;2;4,90;19,30;96,60;90;3,80;3;58;4,80;3,80;
2026-07-23 19:40:00.0;OFF;ON;100;1;2;5;19,20;96,90;90;4;3;55,90;4,90;4;
2026-07-23 19:41:00.0;OFF;ON;100;1,80;2;5;19,20;97,10;90;3,30;3;58;4,90;4;
2026-07-23 19:42:00.0;OFF;ON;100;1,90;2,10;5,10;19,20;97,10;90;3,20;3;58;4,90;4,20;
2026-07-23 19:43:00.0;OFF;ON;100;1,70;2,20;5,10;19,20;97,40;90;3,50;3;56,50;5;4,30;
2026-07-23 19:44:00.0;OFF;ON;100;1,60;2,20;5,20;19,10;97,50;90;3,60;3;55,50;5,10;4,30;
2026-07-23 19:45:00.0;OFF;ON;100;1,50;2,20;5,20;19,10;97,50;90;3,70;3;54,90;5,10;4,30;
2026-07-23 19:46:00.0;OFF;ON;100;1,70;2,20;5,20;19;97,40;90;3,50;3;54,50;5;4,30;
2026-07-23 19:47:00.0;OFF;ON;100;1,80;2,20;5,20;19;97,50;90;3,40;3;54,50;5;4,30;
2026-07-23 19:48:00.0;OFF;ON;100;1,80;2,20;5,20;19;97,40;90;3,40;3;53,90;5;4,30;
2026-07-23 19:49:00.0;OFF;ON;100;2,40;2,20;5,20;18,90;97,40;90;2,80;3;56,10;5,10;4,40;
2026-07-23 19:50:00.0;OFF;ON;100;2;2,30;5,30;18,90;97,50;90;3,20;3;54,50;5,10;4,50;
2026-07-23 19:51:00.0;OFF;ON;100;1,90;2,30;5,30;18,90;97,60;90;3,40;3;53,40;5,10;4,40;
2026-07-23 19:52:00.0;OFF;ON;100;2,10;2,10;5,30;18,90;97,50;90;3,20;3;54,50;5,10;4,40;
2026-07-23 19:53:00.0;OFF;ON;100;2;2,10;5,30;18,80;97,50;90;3,20;3,20;55,10;5,10;4,40;
2026-07-23 19:54:00.0;OFF;ON;100;2,40;2,10;5,30;18,80;97,50;90;2,80;3,20;56,40;5,10;4,40;
2026-07-23 19:55:00.0;OFF;ON;100;2,40;2,10;5,30;18,70;97,60;90;2,90;3,20;56,70;5,20;4,50;
2026-07-23 19:56:00.0;OFF;ON;100;2,60;2,10;5,30;18,70;97,70;90;2,70;3,20;57,60;5,20;4,60;
2026-07-23 19:57:00.0;OFF;ON;100;2,20;2,20;5,40;18,70;97,80;90;3,20;3,20;56,40;5,20;4,60;
2026-07-23 19:58:00.0;OFF;ON;100;2,10;2,10;5,30;18,70;97,70;90;3,20;3,20;55,80;5,20;4,50;
2026-07-23 19:59:00.0;OFF;ON;100;2,20;2,10;5,30;18,60;97,50;89,90;3,10;3,20;56,40;5,10;4,40;
2026-07-23 20:00:00.0;OFF;ON;100;2,40;2,10;5,30;18,60;97,50;90;2,90;3,20;57,50;5,10;4,50;
2026-07-23 20:01:00.0;OFF;ON;100;2,30;2,10;5,30;18,50;97,50;90;3;3,20;57,20;5,10;4,50;
2026-07-23 20:02:00.0;OFF;ON;100;2,20;2,10;5,30;18,50;97,50;90;3,10;3,20;57,10;5,10;4,50;
2026-07-23 20:03:00.0;OFF;ON;100;2,30;2,10;5,30;18,50;97,50;90;3;3,20;57,50;5,10;4,50;
2026-07-23 20:04:00.0;OFF;ON;100;2,10;2,10;5,30;18,40;97,50;90;3,20;3,20;57,30;5,10;4,50;
2026-07-23 20:05:00.0;OFF;ON;100;2,20;2,10;5,30;18,40;97,40;90;3,10;3,20;57,50;5,10;4,50;
2026-07-23 20:06:00.0;OFF;ON;100;2,40;2;5,20;18,40;97,40;90;2,90;3,20;58,60;5,10;4,40;
2026-07-23 20:07:00.0;OFF;ON;100;2,20;1,90;5,30;18,30;97,40;90;3,10;3,20;58,90;5,10;4,50;
2026-07-23 20:08:00.0;OFF;ON;100;2,10;1,90;5,30;18,30;97,40;90;3,20;3,40;59,10;5,10;4,50;
2026-07-23 20:09:00.0;OFF;ON;100;2,10;1,80;5,20;18,30;97,40;90;3,20;3,40;59,20;5,10;4,40;
2026-07-23 20:10:00.0;OFF;ON;100;2,20;1,80;5,20;18,20;97,40;90;3;3,40;60,60;5,10;4,50;
2026-07-23 20:11:00.0;OFF;ON;100;2,20;1,80;5,20;18,20;97,40;90;3;3,40;61;5,10;4,50;
2026-07-23 20:12:00.0;OFF;ON;100;2;1,80;5,20;18,20;97,30;90;3,20;3,40;60,60;5,10;4,40;
2026-07-23 20:13:00.0;OFF;ON;100;2,30;1,80;5,20;18,10;97,40;90;2,90;3,40;62;5;4,40;
2026-07-23 20:14:00.0;OFF;ON;100;2,20;1,80;5,20;18,10;97,40;90;3;3,40;62,60;5,10;4,50;
2026-07-23 20:15:00.0;OFF;ON;100;2,10;1,80;5,20;18,10;97,40;90;3,10;3,40;62,40;5;4,40;
2026-07-23 20:16:00.0;OFF;ON;100;2,10;1,80;5,20;18;97,40;90;3,10;3,40;62,80;5;4,40;
2026-07-23 20:17:00.0;OFF;ON;100;2,30;1,80;5,20;18;97,30;90;2,80;3,40;64,50;5;4,40;
2026-07-23 20:18:00.0;OFF;ON;100;2,10;1,80;5,20;18;97,40;90;3,10;3,40;64;5;4,40;
2026-07-23 20:19:00.0;OFF;ON;100;1,90;1,70;5,10;17,90;97,20;90;3,20;3,40;63,70;5;4,30;
2026-07-23 20:20:00.0;OFF;ON;100;2,10;1,70;5,10;17,90;97,20;90;3;3,40;65,20;5;4,30;
2026-07-23 20:21:00.0;OFF;ON;100;1,80;1,70;5,10;17,90;97,30;90;3,30;3,40;63,90;5;4,40;
2026-07-23 20:22:00.0;OFF;ON;100;1,80;1,50;5,10;17,80;97,20;90;3,20;3,60;65,60;4,90;4,30;
2026-07-23 20:23:00.0;OFF;ON;100;1,60;1,40;5;17,80;97,10;90;3,40;3,60;65,10;4,90;4,20;
2026-07-23 20:24:00.0;OFF;ON;100;1,90;1,40;5;17,80;97,10;90;3,10;3,60;66,80;4,90;4,30;
2026-07-23 20:25:00.0;OFF;ON;100;1,50;1,40;5;17,70;97,10;89,90;3,50;3,60;65,80;4,90;4,20;
2026-07-23 20:26:00.0;OFF;ON;100;1,50;1,40;5;17,70;97,10;89,90;3,40;3,60;66,10;4,80;4,10;
2026-07-23 20:27:00.0;OFF;ON;100;1,60;1,30;4,90;17,70;97,10;90;3,30;3,60;67,30;4,80;4,10;
2026-07-23 20:28:00.0;OFF;ON;100;1,40;1,30;4,90;17,60;97,10;90;3,50;3,60;66,40;4,80;4,10;
2026-07-23 20:29:00.0;OFF;ON;100;1,30;1,30;4,90;17,60;97;90;3,60;3,60;66,50;4,80;4;
2026-07-23 20:30:00.0;OFF;ON;100;1,70;1,20;4,80;17,60;96,90;90;3,20;3,60;68,20;4,70;4;
2026-07-23 20:31:00.0;OFF;ON;100;1,50;1,20;4,80;17,50;96,90;89,90;3,40;3,60;67,70;4,70;4;
2026-07-23 20:32:00.0;OFF;ON;100;1,10;1,20;4,80;17,50;97;90;3,70;3,60;66,30;4,70;3,90;
2026-07-23 20:33:00.0;OFF;ON;100;1,10;1,10;4,70;17,50;96,90;90;3,60;3,60;66,30;4,60;3,80;
2026-07-23 20:34:00.0;OFF;ON;100;1,40;1,10;4,70;17,40;96,90;89,90;3,30;3,60;68,10;4,60;3,80;
2026-07-23 20:35:00.0;OFF;ON;100;1,20;1,10;4,70;17,40;96,90;89,90;3,50;3,60;67,40;4,60;3,90;
2026-07-23 20:36:00.0;OFF;ON;100;1;1,10;4,70;17,40;96,90;89,90;3,70;3,60;66,50;4,60;3,80;
2026-07-23 20:37:00.0;OFF;ON;100;1,10;0,80;4,60;17,30;96,80;89,90;3,60;3,80;67,90;4,50;3,70;
2026-07-23 20:38:00.0;OFF;ON;100;1,20;0,80;4,60;17,30;96,80;89,90;3,40;3,80;68,80;4,50;3,70;
2026-07-23 20:39:00.0;OFF;ON;100;0,90;0,80;4,60;17,30;96,90;90;3,70;3,80;67,70;4,50;3,70;
2026-07-23 20:40:00.0;OFF;ON;100;0,90;0,80;4,60;17,20;96,80;89,90;3,70;3,80;68;4,50;3,60;
2026-07-23 20:41:00.0;OFF;ON;100;1,40;0,80;4,60;17,20;96,90;89,90;3,20;3,80;70,60;4,40;3,70;
2026-07-23 20:42:00.0;OFF;ON;100;0,90;0,80;4,60;17,10;97;89,90;3,60;3,80;68,90;4,50;3,70;
2026-07-23 20:43:00.0;OFF;ON;100;0,60;0,70;4,50;17,10;96,90;89,90;3,90;3,80;67,80;4,40;3,60;
2026-07-23 20:44:00.0;OFF;ON;100;0,60;0,70;4,50;17,10;96,80;89,90;3,80;3,80;67,90;4,40;3,50;
2026-07-23 20:45:00.0;OFF;ON;100;0,60;0,60;4,40;17;96,70;89,90;3,80;3,80;67,70;4,30;3,40;
2026-07-23 20:46:00.0;OFF;ON;100;0,60;0,60;4,40;17;96,60;89,90;3,80;3,80;67,60;4,30;3,40;
2026-07-23 20:47:00.0;OFF;ON;100;0,40;0,60;4,40;17;96,70;89,90;4;3,80;67;4,30;3,40;
2026-07-23 20:48:00.0;OFF;ON;100;0,50;0,50;4,30;16,90;96,60;89,90;3,90;3,80;67,40;4,20;3,30;
2026-07-23 20:49:00.0;OFF;ON;100;0,30;0,50;4,30;16,90;96,60;89,90;4;3,80;66,90;4,20;3,30;
2026-07-23 20:50:00.0;OFF;ON;100;0,40;0,50;4,30;16,90;96,70;89,90;3,90;3,80;67,30;4,20;3,40;
2026-07-23 20:51:00.0;OFF;ON;100;0,30;0,50;4,30;16,90;96,80;89,90;4;3,80;67;4,20;3,30;
2026-07-23 20:52:00.0;OFF;ON;100;0,30;0,30;4,30;16,80;96,70;89,90;4;4;67,90;4,10;3,20;
2026-07-23 20:53:00.0;OFF;ON;100;0,80;0,20;4,20;16,80;96,70;89,90;3,40;4;70,20;4,10;3,20;
2026-07-23 20:54:00.0;OFF;ON;100;0,60;0,20;4,20;16,80;96,80;89,90;3,60;4;69,70;4,10;3,30;
2026-07-23 20:55:00.0;OFF;ON;100;0,80;0,30;4,30;16,70;96,90;89,90;3,40;4;71,40;4,20;3,40;
2026-07-23 20:56:00.0;OFF;ON;100;0,90;0,30;4,30;16,70;97;89,90;3,40;4;72,10;4,20;3,50;
2026-07-23 20:57:00.0;OFF;ON;100;0,90;0,30;4,30;16,70;97,10;89,90;3,40;4;72,50;4,20;3,50;
2026-07-23 20:58:00.0;OFF;ON;100;0,50;0,30;4,30;16,60;97,10;89,90;3,80;4;71,30;4,20;3,40;
2026-07-23 20:59:00.0;OFF;ON;100;0,10;0,20;4,20;16,60;97;89,90;4,20;4;69,90;4,10;3,30;
2026-07-23 21:00:00.0;OFF;ON;100;-0,20;0,10;4,10;16,50;96,70;89,90;4,30;4;68,70;4;3;
2026-07-23 21:01:00.0;OFF;ON;100;-0,40;0;4;16,50;96,40;89,90;4,40;4;67,90;3,90;2,80;
2026-07-23 21:02:00.0;OFF;ON;100;-0,70;-0,10;3,90;16,50;96;89,90;4,60;4;66,60;3,80;2,60;
2026-07-23 21:03:00.0;OFF;ON;100;-0,80;-0,20;3,80;16,40;96;89,90;4,60;4;65,80;3,70;2,50;
2026-07-23 21:04:00.0;OFF;ON;100;-0,90;-0,30;3,70;16,40;95,90;89,90;4,60;4;65,10;3,60;2,40;
2026-07-23 21:05:00.0;OFF;ON;100;-1;-0,30;3,70;16,40;96;89,90;4,60;4;64,50;3,50;2,30;
2026-07-23 21:06:00.0;OFF;ON;100;-1;-0,40;3,60;16,30;95,80;89,90;4,60;4;63,80;3,50;2,30;
2026-07-23 21:07:00.0;OFF;ON;100;-1;-0,70;3,50;16,30;95,90;89,90;4,50;4,20;64,30;3,40;2,20;
2026-07-23 21:08:00.0;OFF;ON;100;-1,10;-0,70;3,50;16,30;95,80;89,90;4,60;4,20;63,80;3,40;2,10;
2026-07-23 21:09:00.0;OFF;ON;100;-1,20;-0,80;3,40;16,20;95,90;89,90;4,60;4,20;63;3,30;2,10;
2026-07-23 21:10:00.0;OFF;ON;100;-1,10;-0,80;3,40;16,20;95,90;89,90;4,50;4,20;63,20;3,30;2,10;
2026-07-23 21:11:00.0;OFF;ON;100;-1,20;-0,80;3,40;16,20;96;89,90;4,60;4,20;62,50;3,30;2;
2026-07-23 21:12:00.0;OFF;ON;100;-1,10;-0,90;3,30;16,10;96;89,90;4,40;4,20;62,70;3,20;2;
2026-07-23 21:13:00.0;OFF;ON;100;-1,20;-0,90;3,30;16,10;96,10;89,90;4,50;4,20;62,10;3,20;2;
2026-07-23 21:14:00.0;OFF;ON;100;-1,10;-0,90;3,30;16,10;96,10;89,90;4,40;4,20;62,20;3,20;2;
2026-07-23 21:15:00.0;OFF;ON;100;-0,60;-0,90;3,30;16;96,20;89,90;3,90;4,20;64,40;3,20;2;
2026-07-23 21:16:00.0;OFF;ON;100;-0,70;-0,90;3,30;16;96,40;89,90;4;4,20;64,10;3,20;2,10;
2026-07-23 21:17:00.0;OFF;ON;100;-0,10;-0,80;3,40;16;96,60;89,90;3,50;4,20;66,70;3,20;2,30;
2026-07-23 21:18:00.0;OFF;ON;100;0;-0,80;3,40;15,90;96,90;89,90;3,40;4,20;67,60;3,30;2,40;
2026-07-23 21:19:00.0;OFF;ON;100;-0,20;-0,70;3,50;15,90;97,10;89,90;3,70;4,20;67,40;3,40;2,50;
2026-07-23 21:20:00.0;OFF;ON;100;-0,30;-0,70;3,50;15,90;97,20;89,90;3,80;4,20;67,10;3,40;2,50;
2026-07-23 21:21:00.0;OFF;ON;100;-0,50;-0,70;3,50;15,90;97,10;89,90;4;4,20;66,70;3,40;2,40;
2026-07-23 21:22:00.0;OFF;ON;100;-0,40;-1;3,40;15,80;97;89,90;3,80;4,40;69;3,30;2,40;
2026-07-23 21:23:00.0;OFF;ON;100;-0,40;-1;3,40;15,80;97;89,90;3,80;4,40;69,70;3,30;2,40;
2026-07-23 21:24:00.0;OFF;ON;100;-0,40;-1;3,40;15,70;96,90;89,90;3,80;4,40;70,20;3,30;2,30;
2026-07-23 21:25:00.0;OFF;ON;100;-0,10;-1;3,40;15,70;96,90;89,90;3,50;4,40;72,60;3,30;2,40;
2026-07-23 21:26:00.0;OFF;ON;100;-0,30;-0,90;3,50;15,70;96,90;89,90;3,80;4,40;72,10;3,30;2,50;
2026-07-23 21:27:00.0;OFF;ON;100;-0,40;-1;3,40;15,60;97;89,90;3,80;4,40;72,90;3,30;2,40;
2026-07-23 21:28:00.0;OFF;ON;100;-0,60;-1;3,40;15,60;96,90;89,90;4;4,40;72,90;3,30;2,30;
2026-07-23 21:29:00.0;OFF;ON;100;-0,60;-1;3,40;15,60;96,90;89,90;3,90;4,40;73,20;3,20;2,30;
2026-07-23 21:30:00.0;OFF;ON;100;-0,50;-1,10;3,30;15,50;96,70;89,90;3,90;4,40;74,30;3,20;2,20;
2026-07-23 21:31:00.0;OFF;ON;100;-0,80;-1,10;3,30;15,50;96,70;89,90;4;4,40;74;3,20;2,20;
2026-07-23 21:32:00.0;OFF;ON;100;-0,80;-1,20;3,20;15,50;96,60;89,90;4;4,40;74,70;3,10;2,10;
2026-07-23 21:33:00.0;OFF;ON;100;-0,80;-1,20;3,20;15,40;96,50;89,90;4;4,40;74,90;3,10;2,10;
2026-07-23 21:34:00.0;OFF;ON;100;-1,30;-1,30;3,10;15,40;96,40;89,90;4,40;4,40;73,10;3;1,90;
2026-07-23 21:35:00.0;OFF;ON;100;-0,70;-1,30;3,10;15,40;96,10;89,90;3,80;4,40;76,20;2,90;1,80;
2026-07-23 21:36:00.0;OFF;ON;100;-0,50;-1,30;3,10;15,30;96,30;89,90;3,60;4,40;78;3;2;
2026-07-23 21:37:00.0;OFF;ON;100;-0,50;-1,50;3,10;15,30;96,60;89,90;3,60;4,60;79,90;3;2,10;
2026-07-23 21:38:00.0;OFF;ON;100;-1;-1,40;3,20;15,30;96,90;89,90;4,20;4,60;78,40;3,10;2,30;
2026-07-23 21:39:00.0;OFF;ON;100;-1,60;-1,40;3,20;15,30;97;89,90;4,70;4,60;76,50;3,10;2,30;
2026-07-23 21:40:00.0;OFF;ON;100;-1,70;-1,40;3,20;15,20;96,90;89,90;4,90;4,60;75,20;3;2;
2026-07-23 21:41:00.0;OFF;ON;100;-2,80;-1,60;3;15,20;96,80;89,90;5,80;4,60;70,20;2,80;1,90;
2026-07-23 21:42:00.0;OFF;ON;100;-3,10;-1,70;2,90;15,10;96,10;89,90;6;4,60;68,20;2,70;1,40;
2026-07-23 21:43:00.0;OFF;ON;100;-3,60;-1,80;2,80;15,10;95,90;89,90;6,40;4,60;64,50;2,60;1,30;
2026-07-23 21:44:00.0;OFF;ON;100;-3,20;-1,90;2,70;15,10;95,90;89,90;5,90;4,60;64,70;2,60;1,20;
2026-07-23 21:45:00.0;OFF;ON;100;-1,80;-2;2,60;15;95,40;89,90;4,40;4,60;70,60;2,40;1,10;
2026-07-23 21:46:00.0;OFF;ON;100;-2;-2;2,60;15;95,70;89,90;4,60;4,60;70,20;2,50;1,20;
2026-07-23 21:47:00.0;OFF;ON;100;-1,90;-2;2,60;15;95,90;89,90;4,50;4,60;70,50;2,50;1,30;
2026-07-23 21:48:00.0;OFF;ON;100;-1,40;-2;2,60;14,90;96,10;89,90;4;4,60;73,10;2,50;1,40;
2026-07-23 21:49:00.0;OFF;ON;100;-0,80;-1,90;2,70;14,90;96,40;89,90;3,50;4,60;76;2,60;1,50;
2026-07-23 21:50:00.0;OFF;ON;100;-0,80;-1,80;2,80;14,90;96,60;89,90;3,50;4,60;77;2,60;1,70;
2026-07-23 21:51:00.0;OFF;ON;100;-0,80;-1,80;2,80;14,90;96,90;89,90;3,60;4,60;78,40;2,70;1,80;
2026-07-23 21:52:00.0;OFF;ON;100;-1,10;-2;2,80;14,90;97;89,90;4;4,80;78,30;2,70;1,80;
2026-07-23 21:53:00.0;OFF;ON;100;-1,20;-2;2,80;14,80;96,90;89,90;4,10;4,80;78,80;2,60;1,70;
2026-07-23 21:54:00.0;OFF;ON;100;-2;-2,10;2,70;14,80;96,70;89,90;4,70;4,80;77,10;2,50;1,40;
2026-07-23 21:55:00.0;OFF;ON;100;-1,70;-2,20;2,60;14,80;96,30;89,90;4,30;4,80;78,90;2,40;1,20;
2026-07-23 21:56:00.0;OFF;ON;100;-1,80;-2,30;2,50;14,70;96,20;89,90;4,40;4,80;79,30;2,40;1,20;
2026-07-23 21:57:00.0;OFF;ON;100;-2,30;-2,30;2,50;14,70;96,20;89,90;4,80;4,80;78,30;2,30;1,20;
2026-07-23 21:58:00.0;OFF;ON;100;-2,70;-2,30;2,50;14,70;96,30;89,90;5,20;4,80;76,50;2,30;1,20;
2026-07-23 21:59:00.0;OFF;ON;100;-3,10;-2,40;2,40;14,70;96,30;89,90;5,60;4,80;74,20;2,30;1,10;
2026-07-23 22:00:00.0;OFF;ON;100;-2,80;-2,50;2,30;14,60;96;89,90;5,10;4,80;75,40;2,20;0,90;
2026-07-23 22:01:00.0;OFF;ON;100;-2,80;-2,50;2,30;14,60;95,90;89,90;5,10;4,80;75,10;2,10;0,90;
2026-07-23 22:02:00.0;OFF;ON;100;-2,90;-2,60;2,20;14,60;95,90;89,90;5,10;4,80;74,60;2,10;0,90;
2026-07-23 22:03:00.0;OFF;ON;100;-2,90;-2,60;2,20;14,60;95,90;89,90;5,10;4,80;74,30;2,10;0,80;
2026-07-23 22:04:00.0;OFF;ON;100;-3,50;-2,60;2,20;14,50;96;89,90;5,70;4,80;71,20;2;0,70;
2026-07-23 22:05:00.0;OFF;ON;100;-3,80;-2,70;2,10;14,50;95,90;89,90;5,90;4,80;69,10;1,90;0,60;
2026-07-23 22:06:00.0;OFF;ON;100;-4,30;-2,80;2;14,50;95,90;89,90;6,30;4,80;66;1,90;0,60;
2026-07-23 22:07:00.0;OFF;ON;100;-4,50;-3;2;14,40;95,90;89,90;6,50;5;64,50;1,90;0,60;
2026-07-23 22:08:00.0;OFF;ON;100;-2,90;-3,10;1,90;14,40;95,90;89,90;4,90;5;69,80;1,80;0,40;
2026-07-23 22:09:00.0;OFF;ON;100;-2,10;-3,10;1,90;14,40;95,60;89,90;4;5;74;1,70;0,60;
2026-07-23 22:10:00.0;OFF;ON;100;-1,80;-3;2;14,40;96;89,90;3,80;5;76,10;1,80;0,70;
2026-07-23 22:11:00.0;OFF;ON;100;-1,40;-2,90;2,10;14,30;96,40;89,90;3,50;5;78,90;1,90;0,90;
2026-07-23 22:12:00.0;OFF;ON;100;-1,50;-2,90;2,10;14,30;96,60;89,80;3,60;5;80;2;1;
2026-07-23 22:13:00.0;OFF;ON;100;-2,20;-2,80;2,20;14,30;96,90;89,80;4,40;5;78,30;2,10;1,10;
2026-07-23 22:14:00.0;OFF;ON;100;-1,80;-2,80;2,20;14,30;97;89,80;4;5;80,50;2,10;1,10;
2026-07-23 22:15:00.0;OFF;ON;100;-2,20;-2,80;2,20;14,20;97;89,80;4,40;5;80,40;2,10;1,10;
2026-07-23 22:16:00.0;OFF;ON;100;-2,40;-2,80;2,20;14,20;97;89,80;4,60;5;80,10;2;1;
2026-07-23 22:17:00.0;OFF;ON;100;-2,50;-2,90;2,10;14,20;96,80;89,80;4,60;5;80,50;2;0,90;
2026-07-23 22:18:00.0;OFF;ON;100;-3,30;-3;2;14,20;96,60;89,80;5,30;5;77,50;1,90;0,80;
2026-07-23 22:19:00.0;OFF;ON;100;-3,50;-3,10;1,90;14,10;96,10;89,80;5,40;5;76,60;1,70;0,60;
2026-07-23 22:20:00.0;OFF;ON;100;-3,70;-3,20;1,80;14,10;95,90;89,80;5,50;5;75,80;1,60;0,50;
2026-07-23 22:21:00.0;OFF;ON;100;-3,90;-3,30;1,70;14,10;95,70;89,80;5,60;5;74,70;1,50;0,40;
2026-07-23 22:22:00.0;OFF;ON;100;-4;-3,50;1,70;14;95,70;89,80;5,60;5,20;74,80;1,50;0,30;
2026-07-23 22:23:00.0;OFF;ON;100;-4;-3,60;1,60;14;95,60;89,80;5,60;5,20;74,60;1,40;0,20;
2026-07-23 22:24:00.0;OFF;ON;100;-4,10;-3,70;1,50;14;95,70;89,80;5,70;5,20;73,80;1,40;0,10;
2026-07-23 22:25:00.0;OFF;ON;100;-4,10;-3,70;1,50;14;95,60;89,80;5,60;5,20;73,70;1,30;0,10;
2026-07-23 22:26:00.0;OFF;ON;100;-4,10;-3,70;1,50;14;95,70;89,80;5,60;5,20;73,10;1,30;0;
2026-07-23 22:27:00.0;OFF;ON;100;-4,30;-3,80;1,40;13,90;95,80;89,80;5,70;5,20;72;1,30;0;
2026-07-23 22:28:00.0;OFF;ON;100;-4,30;-3,80;1,40;13,90;95,90;89,80;5,70;5,20;71,50;1,30;-0,10;
2026-07-23 22:29:00.0;OFF;ON;100;-4,40;-3,80;1,40;13,90;95,90;89,80;5,80;5,20;70,30;1,30;-0,10;
2026-07-23 22:30:00.0;OFF;ON;100;-4,30;-3,80;1,40;13,90;96;89,80;5,70;5,20;70;1,30;-0,10;
2026-07-23 22:31:00.0;OFF;ON;100;-4,40;-3,80;1,40;13,80;96;89,80;5,80;5,20;68,60;1,20;-0,10;
2026-07-23 22:32:00.0;OFF;ON;100;-4,50;-3,80;1,40;13,80;96,10;89,80;5,90;5,20;67,60;1,30;0;
2026-07-23 22:33:00.0;OFF;ON;100;-4,70;-3,80;1,40;13,80;96,30;89,80;6,10;5,20;65,70;1,30;0;
2026-07-23 22:34:00.0;OFF;ON;100;-4,30;-3,80;1,40;13,80;96,30;89,80;5,70;5,20;67,10;1,30;0;
2026-07-23 22:35:00.0;OFF;ON;100;-3,30;-3,70;1,50;13,70;96,40;89,80;4,70;5,20;70,80;1,30;0,10;
2026-07-23 22:36:00.0;OFF;ON;100;-2,90;-3,70;1,50;13,70;96,60;89,80;4,50;5,20;72,60;1,40;0,40;
2026-07-23 22:37:00.0;OFF;ON;100;-2,90;-3,80;1,60;13,70;96,70;89,80;4,50;5,40;73,90;1,40;0,40;
2026-07-23 22:38:00.0;OFF;ON;100;-3,60;-3,80;1,60;13,60;96,90;89,80;5,20;5,40;72,30;1,50;0,50;
2026-07-23 22:39:00.0;OFF;ON;100;-3,80;-3,80;1,60;13,60;96,90;89,80;5,50;5,40;71,40;1,50;0,50;
2026-07-23 22:40:00.0;OFF;ON;100;-4;-3,80;1,60;13,60;96,90;89,80;5,60;5,40;70,70;1,50;0,40;
2026-07-23 22:41:00.0;OFF;ON;100;-3,80;-3,80;1,60;13,60;96,80;89,80;5,40;5,40;71,20;1,40;0,40;
2026-07-23 22:42:00.0;OFF;ON;100;-3,70;-3,80;1,60;13,50;96,70;89,80;5,30;5,40;72,10;1,40;0,40;
2026-07-23 22:43:00.0;OFF;ON;100;-3,80;-3,80;1,60;13,50;96,70;89,80;5,40;5,40;71,40;1,40;0,40;
2026-07-23 22:44:00.0;OFF;ON;100;-3,10;-3,90;1,50;13,50;96,60;89,80;4,70;5,40;74,60;1,40;0,40;
2026-07-23 22:45:00.0;OFF;ON;100;-3;-3,90;1,50;13,50;96,60;89,80;4,60;5,40;76,50;1,40;0,40;
2026-07-23 22:46:00.0;OFF;ON;100;-3,20;-3,80;1,60;13,50;96,70;89,80;4,80;5,40;76,30;1,40;0,50;
2026-07-23 22:47:00.0;OFF;ON;100;-3,40;-3,80;1,60;13,40;96,70;89,80;4,90;5,40;76,20;1,40;0,40;
2026-07-23 22:48:00.0;OFF;ON;100;-3,50;-3,90;1,50;13,40;96,70;89,80;5;5,40;76,40;1,30;0,30;
2026-07-23 22:49:00.0;OFF;ON;100;-3,40;-3,90;1,50;13,40;96,50;89,80;4,90;5,40;77,60;1,30;0,30;
2026-07-23 22:50:00.0;OFF;ON;100;-3,60;-3,90;1,50;13,30;96,40;89,80;5;5,40;77,60;1,30;0,30;
2026-07-23 22:51:00.0;OFF;ON;100;-3,60;-4;1,40;13,30;96,40;89,80;5;5,40;78,10;1,30;0,20;
2026-07-23 22:52:00.0;OFF;ON;100;-2,90;-4;1,40;13,30;96,40;89,80;4,30;5,60;81,40;1,20;0,20;
2026-07-23 22:53:00.0;OFF;ON;100;-2,70;-4;1,40;13,30;96,30;89,80;4,10;5,60;83,20;1,20;0,20;
2026-07-23 22:54:00.0;OFF;ON;100;-2,90;-4;1,40;13,20;96,30;89,80;4,30;5,60;84,50;1,20;0,20;
2026-07-23 22:55:00.0;OFF;ON;100;-2,90;-4;1,40;13,20;96,30;89,80;4,30;5,60;85,40;1,20;0,10;
2026-07-23 22:56:00.0;OFF;ON;100;-3;-4;1,30;13,20;96,30;89,80;4,40;5,60;86,20;1,10;0,10;
2026-07-23 22:57:00.0;OFF;ON;100;-3,20;-4;1,30;13,20;96,10;89,80;4,50;5,60;86,90;1,10;0;
2026-07-23 22:58:00.0;OFF;ON;100;-3,10;-4;1,20;13,10;96,10;89,80;4,40;5,60;88,10;1,10;0;
2026-07-23 22:59:00.0;OFF;ON;100;-3,20;-4;1,20;13,10;96;89,80;4,40;5,60;88,90;1;0;
2026-07-23 23:00:00.0;OFF;ON;100;-3,10;-4;1,20;13,10;96;89,80;4,20;5,60;90,40;1;-0,10;
2026-07-23 23:01:00.0;OFF;ON;100;-3,10;-4;1,10;13;96;89,80;4,30;5,60;91,30;1;-0,10;
2026-07-23 23:02:00.0;OFF;ON;100;-3,10;-4;1,10;13;95,90;89,80;4,20;5,60;92,60;0,90;-0,10;
2026-07-23 23:03:00.0;OFF;ON;100;-3;-4;1,10;13;96;89,80;4,10;5,60;93,90;0,90;-0,20;
2026-07-23 23:04:00.0;OFF;ON;100;-3;-4;1,10;13;96;89,80;4,10;5,60;95,20;0,90;-0,20;
2026-07-23 23:05:00.0;OFF;ON;100;-3;-4;1;12,90;95,90;89,80;4,10;5,60;96,10;0,90;-0,20;
2026-07-23 23:06:00.0;OFF;ON;100;-3;-4;1;12,90;95,90;89,80;4;5,60;97,40;0,80;-0,20;
2026-07-23 23:07:00.0;OFF;ON;100;-3,10;-4;1;12,90;95,90;89,80;4,10;5,80;98,40;0,80;-0,30;
2026-07-23 23:08:00.0;OFF;ON;100;-3,10;-4;1;12,90;95,90;89,80;4,10;5,80;99,30;0,80;-0,30;
2026-07-23 23:09:00.0;OFF;ON;100;-3,10;-4;0,90;12,80;95,90;89,80;4,10;5,80;99,70;0,80;-0,30;
2026-07-23 23:10:00.0;OFF;ON;100;-3,10;-4;0,90;12,80;96;89,80;4;5,80;99,80;0,80;-0,30;
2026-07-23 23:11:00.0;OFF;ON;100;-3,10;-4;0,90;12,80;95,90;89,80;4;5,80;100;0,80;-0,30;
2026-07-23 23:12:00.0;OFF;ON;100;-3,20;-4;0,90;12,80;95,90;89,80;4,10;5,80;99,60;0,70;-0,30;
2026-07-23 23:13:00.0;OFF;ON;100;-3,20;-4;0,90;12,70;96;89,80;4;5,80;99,60;0,70;-0,40;
2026-07-23 23:14:00.0;OFF;ON;100;-3,20;-4;0,80;12,70;95,90;89,80;4;5,80;99,60;0,70;-0,40;
2026-07-23 23:15:00.0;OFF;ON;100;-3,20;-4;0,80;12,70;95,90;89,80;4;5,80;99,60;0,70;-0,40;
2026-07-23 23:16:00.0;OFF;ON;100;-3,20;-4;0,80;12,70;95,90;89,80;4;5,80;99,70;0,60;-0,40;
2026-07-23 23:17:00.0;OFF;ON;100;-3,20;-4;0,80;12,60;95,90;89,80;4;5,80;99,60;0,60;-0,40;
2026-07-23 23:18:00.0;OFF;ON;100;-3,10;-4;0,80;12,60;96;89,80;3,90;5,80;100;0,60;-0,40;
2026-07-23 23:19:00.0;OFF;ON;100;-3,20;-4;0,70;12,60;95,90;89,80;3,90;5,80;100;0,60;-0,40;
2026-07-23 23:20:00.0;OFF;ON;100;-3,20;-4;0,70;12,60;95,90;89,80;3,90;5,80;100;0,60;-0,50;
2026-07-23 23:21:00.0;OFF;ON;100;-3,20;-4;0,70;12,50;95,90;89,80;3,90;5,80;100;0,60;-0,50;
2026-07-23 23:22:00.0;OFF;ON;100;-3,20;-4;0,70;12,50;95,90;89,80;3,90;6;100;0,50;-0,50;
2026-07-23 23:23:00.0;OFF;ON;100;-3,20;-4;0,70;12,50;96;89,80;3,90;6;100;0,50;-0,50;
2026-07-23 23:24:00.0;OFF;ON;100;-3,20;-4;0,60;12,40;95,90;89,80;3,90;6;100;0,50;-0,50;
2026-07-23 23:25:00.0;OFF;ON;100;-3,30;-4;0,60;12,40;95,90;89,80;3,90;6;99,80;0,50;-0,50;
2026-07-23 23:26:00.0;OFF;ON;100;-3,20;-4;0,60;12,40;95,80;89,80;3,90;6;100;0,50;-0,60;
2026-07-23 23:27:00.0;OFF;ON;100;-3,30;-4;0,60;12,40;95,80;89,80;3,90;6;99,80;0,40;-0,60;
2026-07-23 23:28:00.0;OFF;ON;100;-3,40;-4;0,60;12,30;95,80;89,80;4;6;99,60;0,40;-0,60;
2026-07-23 23:29:00.0;OFF;ON;100;-3,40;-4;0,60;12,30;95,80;89,80;3,90;6;100;0,40;-0,60;
2026-07-23 23:30:00.0;OFF;ON;100;-3,40;-4;0,50;12,30;95,80;89,80;3,90;6;99,80;0,40;-0,60;
2026-07-23 23:31:00.0;OFF;ON;100;-3,40;-4;0,50;12,30;95,80;89,80;3,90;6;100;0,40;-0,60;
2026-07-23 23:32:00.0;OFF;ON;100;-3,40;-4;0,50;12,30;95,80;89,80;4;6;99,60;0,40;-0,70;
2026-07-23 23:33:00.0;OFF;ON;100;-3,40;-4;0,50;12,20;95,80;89,80;3,90;6;100;0,30;-0,70;
2026-07-23 23:34:00.0;OFF;ON;100;-3,50;-4;0,50;12,20;95,80;89,80;4;6;99,60;0,30;-0,70;
2026-07-23 23:35:00.0;OFF;ON;100;-3,40;-4;0,40;12,20;95,80;89,80;3,90;6;100;0,30;-0,70;
2026-07-23 23:36:00.0;OFF;ON;100;-3,40;-4;0,40;12,10;95,80;89,80;3,90;6;100;0,30;-0,70;
2026-07-23 23:37:00.0;OFF;ON;100;-3,50;-4;0,40;12,10;95,80;89,80;3,90;6;100;0,30;-0,70;
2026-07-23 23:38:00.0;OFF;ON;100;-3,60;-4;0,40;12,10;95,80;89,80;4;6;99,60;0,30;-0,80;
2026-07-23 23:39:00.0;OFF;ON;100;-3,60;-4;0,40;12,10;95,80;89,80;3,90;6;99,70;0,20;-0,80;
2026-07-23 23:40:00.0;OFF;ON;100;-3,60;-4;0,40;12;95,80;89,80;3,90;6;99,70;0,20;-0,80;
2026-07-23 23:41:00.0;OFF;ON;100;-3,60;-4;0,30;12;95,80;89,80;3,90;6;99,70;0,20;-0,80;
2026-07-23 23:42:00.0;OFF;ON;100;-3,60;-4;0,30;12;95,80;89,80;3,90;6;99,60;0,20;-0,80;
2026-07-23 23:43:00.0;OFF;ON;100;-3,60;-4;0,30;12;95,80;89,80;3,90;6;99,90;0,20;-0,80;
2026-07-23 23:44:00.0;OFF;ON;100;-3,60;-4;0,30;11,90;95,70;89,80;3,90;6;99,60;0,10;-0,90;
2026-07-23 23:45:00.0;OFF;ON;100;-3,60;-4;0,30;11,90;95,80;89,80;3,80;6;100;0,10;-0,90;
2026-07-23 23:46:00.0;OFF;ON;100;-3,60;-4;0,20;11,90;95,80;89,80;3,80;6;100;0,10;-0,90;
2026-07-23 23:47:00.0;OFF;ON;100;-3,60;-4;0,20;11,90;95,80;89,80;3,80;6;100;0,10;-0,90;
2026-07-23 23:48:00.0;OFF;ON;100;-3,60;-4;0,20;11,80;95,80;89,80;3,80;6;100;0,10;-0,90;
2026-07-23 23:49:00.0;OFF;ON;100;-3,50;-4;0,20;11,80;95,80;89,80;3,70;6;100;0;-0,90;
2026-07-23 23:50:00.0;OFF;ON;100;-3,60;-4;0,20;11,80;95,80;89,80;3,80;6;99,70;0;-0,90;
2026-07-23 23:51:00.0;OFF;ON;100;-3,60;-4;0,20;11,80;95,80;89,80;3,80;6;99,60;0;-0,90;
2026-07-23 23:52:00.0;OFF;ON;100;-3,60;-4;0,20;11,70;95,80;89,80;3,80;6;99,70;0;-0,90;
2026-07-23 23:53:00.0;OFF;ON;100;-3,60;-4;0,20;11,70;95,80;89,70;3,70;6;99,50;0;-0,90;
2026-07-23 23:54:00.0;OFF;ON;100;-3,50;-4;0,20;11,70;95,80;89,70;3,70;6;99,70;0;-0,90;
2026-07-23 23:55:00.0;OFF;ON;100;-3,50;-4;0,10;11,60;95,80;89,70;3,70;6;100;0;-0,90;
2026-07-23 23:56:00.0;OFF;ON;100;-3,60;-4;0,10;11,60;95,80;89,70;3,70;6;99,70;0;-0,90;
2026-07-23 23:57:00.0;OFF;ON;100;-3,50;-4;0,10;11,60;95,80;89,70;3,70;6;100;0;-0,90;
2026-07-23 23:58:00.0;OFF;ON;100;-3,70;-4;0,10;11,60;95,70;89,70;3,80;6;99,50;-0,10;-1;
2026-07-23 23:59:00.0;OFF;ON;100;-3,60;-4;0,10;11,50;95,70;89,70;3,70;6;99,60;-0,10;-1;
