CamCarcacas2;
2026-07-24 00:00;2026-07-25 00:00;
12144 Frigorífico Thoms;
ayron.costa;
" ";CPCO 51 - Câmara de carcaças - Controle de temperatura 1;CPCO 51 - Câmara de carcaças - Controle de temperatura 1;CPCO 51 - Câmara de carcaças - Controle de temperatura 1;CPCO 51 - Câmara de carcaças - Controle de temperatura 1;CPCO 51 - Câmara de carcaças - Controle de temperatura 1;CPCO 51 - Câmara de carcaças - Controle de temperatura 1;CPCO 52 - Câmara de carcaças - Controle de temperatura 2;CPCO 52 - Câmara de carcaças - Controle de temperatura 2;CPCO 53 - Balança;CPCO 51 - Câmara de carcaças - Controle de temperatura 1;CPCO 51 - Câmara de carcaças - Controle de temperatura 1;CPCO 51 - Câmara de carcaças - Controle de temperatura 1;CPCO 51 - Câmara de carcaças - Controle de temperatura 1;CPCO 54 - Câmara de carcaças - Controle de temperatura 3;
" ";Carregamento;Resfriamento;Saida Y1 - Ventiladores EC;Temp entrada glicol;Temp ref;Temp retorno ar;Temperatuda espeto;Umidade relativa da camara;Peso atual;DT Atual;DT ref;Cap Atual Valvula;Temp retorno ar M1A08;Temp Insuf de ar M1A08;" ";
2026-07-24 00:00:00.0;OFF;ON;100;-3,50;-4;0,10;11,50;95,70;89,70;3,60;6;100;-0,10;-1;
2026-07-24 00:01:00.0;OFF;ON;100;-3,50;-4;0,10;11,50;95,70;89,70;3,60;6;100;-0,10;-1;
2026-07-24 00:02:00.0;OFF;ON;100;-3,60;-4;0,10;11,50;95,70;89,70;3,70;6;99,50;-0,10;-1;
2026-07-24 00:03:00.0;OFF;ON;100;-3,60;-4;0;11,40;95,70;89,70;3,70;6;99,60;-0,10;-1;
2026-07-24 00:04:00.0;OFF;ON;100;-3,50;-4;0;11,40;95,70;89,70;3,60;6;100;-0,10;-1;
2026-07-24 00:05:00.0;OFF;ON;100;-3,50;-4;0;11,40;95,70;89,70;3,60;6;100;-0,10;-1;
2026-07-24 00:06:00.0;OFF;ON;100;-3,50;-3;0;11,40;95,80;89,70;3,50;6;95,70;-0,20;-1;
2026-07-24 00:07:00.0;OFF;ON;100;-3,60;-3;0;11,30;95,70;89,70;3,60;3;95,10;-0,20;-1;
2026-07-24 00:08:00.0;OFF;ON;100;-3,60;-3;0;11,30;95,80;89,70;3,60;3;94,30;-0,10;-1;
2026-07-24 00:09:00.0;OFF;ON;100;-3,60;-3;0;11,30;95,70;89,70;3,60;3;93,70;-0,20;-1;
2026-07-24 00:10:00.0;OFF;ON;100;-3,50;-3;0;11,30;95,70;89,70;3,50;3;93,40;-0,20;-1;
2026-07-24 00:11:00.0;OFF;ON;100;-3,60;-3;0;11,20;95,80;89,70;3,60;3;92,30;-0,20;-1;
2026-07-24 00:12:00.0;OFF;ON;100;-3,60;-3,10;-0,10;11,20;95,80;89,70;3,50;3;92,10;-0,20;-1;
2026-07-24 00:13:00.0;OFF;ON;100;-3,50;-3,10;-0,10;11,20;95,80;89,70;3,50;3;91,70;-0,20;-1;
2026-07-24 00:14:00.0;OFF;ON;100;-3,50;-3,10;-0,10;11,10;95,80;89,70;3,40;3;91,20;-0,20;-1;
2026-07-24 00:15:00.0;OFF;ON;100;-3,50;-3,10;-0,10;11,10;95,70;89,70;3,40;3;90,70;-0,20;-1;
2026-07-24 00:16:00.0;OFF;ON;100;-3,50;-3,10;-0,10;11,10;95,80;89,70;3,40;3;90,40;-0,20;-1;
2026-07-24 00:17:00.0;OFF;ON;100;-3,50;-3,10;-0,10;11,10;95,80;89,70;3,40;3;89,60;-0,20;-1;
2026-07-24 00:18:00.0;OFF;ON;100;-3,60;-3,10;-0,10;11;95,80;89,70;3,50;3;89;-0,20;-1;
2026-07-24 00:19:00.0;OFF;ON;100;-3,40;-3,10;-0,10;11;95,80;89,70;3,30;3;89,10;-0,20;-1;
2026-07-24 00:20:00.0;OFF;ON;100;-3,50;-3,10;-0,10;11;95,80;89,70;3,40;3;88,50;-0,20;-1;
2026-07-24 00:21:00.0;OFF;ON;100;-3,50;-3,10;-0,10;10,90;95,80;89,70;3,40;3;87,60;-0,20;-1;
2026-07-24 00:22:00.0;OFF;ON;100;-3,50;-3,10;-0,10;10,90;95,80;89,70;3,40;3;87,60;-0,20;-1;
2026-07-24 00:23:00.0;OFF;ON;100;-3,60;-3,10;-0,10;10,90;95,80;89,70;3,40;3;86,80;-0,30;-1,10;
2026-07-24 00:24:00.0;OFF;ON;100;-3,50;-3,10;-0,10;10,90;95,80;89,70;3,40;3;86,40;-0,20;-1;
2026-07-24 00:25:00.0;OFF;ON;100;-3,50;-3,10;-0,10;10,80;95,80;89,70;3,40;3;85,80;-0,30;-1;
2026-07-24 00:26:00.0;OFF;ON;100;-3,50;-3,10;-0,10;10,80;95,80;89,70;3,40;3;85,50;-0,30;-1;
2026-07-24 00:27:00.0;OFF;ON;100;-3,60;-3,10;-0,10;10,80;95,80;89,70;3,50;3;84,60;-0,20;-1;
2026-07-24 00:28:00.0;OFF;ON;100;-3,70;-3,10;-0,10;10,80;95,80;89,70;3,60;3;83,60;-0,20;-1;
2026-07-24 00:29:00.0;OFF;ON;100;-3,60;-3,10;-0,10;10,70;95,80;89,70;3,50;3;83,30;-0,20;-1;
2026-07-24 00:30:00.0;OFF;ON;100;-3,60;-3,10;-0,10;10,70;95,90;89,70;3,50;3;82,90;-0,20;-1;
2026-07-24 00:31:00.0;OFF;ON;100;-3,40;-3,10;-0,10;10,70;96;89,70;3,40;3;82,70;-0,20;-0,90;
2026-07-24 00:32:00.0;OFF;ON;100;-3,50;-3,10;-0,10;10,70;96,10;89,70;3,40;3;82,10;-0,20;-0,90;
2026-07-24 00:33:00.0;OFF;ON;100;-3,50;-3,10;-0,10;10,60;96;89,70;3,50;3;81,40;-0,20;-0,90;
2026-07-24 00:34:00.0;OFF;ON;100;-3,50;-3,10;-0,10;10,60;96;89,70;3,40;3;81,20;-0,20;-0,90;
2026-07-24 00:35:00.0;OFF;ON;100;-3,50;-3;0;10,60;96;89,70;3,40;3;80,40;-0,20;-0,90;
2026-07-24 00:36:00.0;OFF;ON;100;-3,50;-3,10;-0,10;10,60;96;89,70;3,40;3;80;-0,20;-0,90;
2026-07-24 00:37:00.0;OFF;ON;100;-3,40;-3,30;-0,10;10,50;96;89,70;3,40;3,20;80,80;-0,20;-0,90;
2026-07-24 00:38:00.0;OFF;ON;100;-3,50;-3,30;-0,10;10,50;96,10;89,70;3,40;3,20;80,40;-0,20;-0,80;
2026-07-24 00:39:00.0;OFF;ON;100;-3,40;-3,30;-0,10;10,50;96,10;89,70;3,40;3,20;80,40;-0,20;-0,80;
2026-07-24 00:40:00.0;OFF;ON;100;-3,50;-3,30;-0,10;10,40;96;89,70;3,40;3,20;80;-0,20;-0,90;
2026-07-24 00:41:00.0;OFF;ON;100;-3,50;-3,30;-0,10;10,40;96;89,70;3,50;3,20;79,40;-0,20;-0,90;
2026-07-24 00:42:00.0;OFF;ON;100;-3,50;-3,30;-0,10;10,40;95,90;89,70;3,40;3,20;79,50;-0,20;-0,90;
2026-07-24 00:43:00.0;OFF;ON;100;-3,60;-3,30;-0,10;10,40;96;89,70;3,50;3,20;78,90;-0,20;-0,90;
2026-07-24 00:44:00.0;OFF;ON;100;-3,50;-3,30;-0,10;10,30;95,90;89,70;3,40;3,20;78,90;-0,20;-0,90;
2026-07-24 00:45:00.0;OFF;ON;100;-3,60;-3,30;-0,10;10,30;96;89,70;3,50;3,20;78,40;-0,20;-0,90;
2026-07-24 00:46:00.0;OFF;ON;100;-3,50;-3,30;-0,10;10,30;95,90;89,70;3,40;3,20;78,60;-0,20;-0,90;
2026-07-24 00:47:00.0;OFF;ON;100;-3,50;-3,30;-0,10;10,30;95,90;89,70;3,40;3,20;78,30;-0,20;-0,90;
2026-07-24 00:48:00.0;OFF;ON;100;-3,40;-3,30;-0,10;10,20;96;89,70;3,30;3,20;78,30;-0,20;-0,90;
2026-07-24 00:49:00.0;OFF;ON;100;-3,50;-3,30;-0,10;10,20;95,90;89,70;3,40;3,20;77,80;-0,20;-0,90;
2026-07-24 00:50:00.0;OFF;ON;100;-3,50;-3,30;-0,10;10,20;95,90;89,70;3,40;3,20;77,70;-0,20;-0,90;
2026-07-24 00:51:00.0;OFF;ON;100;-3,40;-3,30;-0,10;10,10;95,90;89,70;3,30;3,20;77,90;-0,20;-0,90;
2026-07-24 00:52:00.0;OFF;ON;100;-3,50;-3,30;-0,10;10,10;96;89,70;3,30;3,20;77,60;-0,20;-0,90;
2026-07-24 00:53:00.0;OFF;ON;100;-3,50;-3,30;-0,10;10,10;95,90;89,70;3,30;3,20;77,40;-0,20;-0,90;
2026-07-24 00:54:00.0;OFF;ON;100;-3,50;-3,30;-0,10;10,10;95,90;89,70;3,40;3,20;77,10;-0,20;-0,90;
2026-07-24 00:55:00.0;OFF;ON;100;-3,50;-3,30;-0,10;10;95,90;89,70;3,30;3,20;77,10;-0,20;-0,90;
2026-07-24 00:56:00.0;OFF;ON;100;-3,50;-3,30;-0,10;10;96;89,70;3,30;3,20;76,90;-0,20;-0,90;
2026-07-24 00:57:00.0;OFF;ON;100;-3,40;-3,30;-0,10;10;96;89,70;3,20;3,20;77,10;-0,30;-0,90;
2026-07-24 00:58:00.0;OFF;ON;100;-3,40;-3,30;-0,10;10;96;89,70;3,30;3,20;76,90;-0,30;-0,90;
2026-07-24 00:59:00.0;OFF;ON;100;-3,40;-3,30;-0,10;9,90;96;89,70;3,30;3,20;76,90;-0,30;-0,90;
2026-07-24 01:00:00.0;OFF;ON;100;-3,40;-3,30;-0,10;9,90;95,90;89,70;3,20;3,20;76,90;-0,30;-0,90;
2026-07-24 01:01:00.0;OFF;ON;100;-3,30;-3,30;-0,10;9,90;95,90;89,70;3,20;3,20;76,90;-0,30;-0,90;
2026-07-24 01:02:00.0;OFF;ON;100;-3,40;-3,30;-0,10;9,90;95,90;89,70;3,30;3,20;76,90;-0,30;-0,90;
2026-07-24 01:03:00.0;OFF;ON;100;-3,40;-3,30;-0,10;9,80;95,90;89,70;3,20;3,20;76,70;-0,30;-0,90;
2026-07-24 01:04:00.0;OFF;ON;100;-3,40;-3,30;-0,10;9,80;95,90;89,70;3,20;3,20;76,70;-0,30;-0,90;
2026-07-24 01:05:00.0;OFF;ON;100;-3,40;-3,40;-0,20;9,80;95,90;89,70;3,20;3,20;76,70;-0,30;-0,90;
2026-07-24 01:06:00.0;OFF;ON;100;-3,40;-3,60;-0,20;9,80;96;89,70;3,30;3,20;77,50;-0,30;-0,90;
2026-07-24 01:07:00.0;OFF;ON;100;-3,30;-3,50;-0,10;9,80;95,90;89,70;3,20;3,40;78;-0,30;-0,90;
2026-07-24 01:08:00.0;OFF;ON;100;-3,40;-3,60;-0,20;9,70;95,90;89,70;3,20;3,40;78;-0,30;-0,90;
2026-07-24 01:09:00.0;OFF;ON;100;-3,30;-3,60;-0,20;9,70;95,90;89,70;3,20;3,40;78,60;-0,30;-0,90;
2026-07-24 01:10:00.0;OFF;ON;100;-3,30;-3,60;-0,20;9,70;96;89,70;3,20;3,40;78,80;-0,30;-0,90;
2026-07-24 01:11:00.0;OFF;ON;100;-3,30;-3,60;-0,20;9,70;95,90;89,70;3,10;3,40;79,10;-0,30;-0,90;
2026-07-24 01:12:00.0;OFF;ON;100;-3,40;-3,60;-0,20;9,60;95,90;89,70;3,20;3,40;79,20;-0,30;-0,90;
2026-07-24 01:13:00.0;OFF;ON;100;-3,30;-3,60;-0,20;9,60;95,90;89,70;3,10;3,40;79,70;-0,30;-0,90;
2026-07-24 01:14:00.0;OFF;ON;100;-3,40;-3,60;-0,20;9,60;95,90;89,70;3,20;3,40;79,70;-0,30;-0,90;
2026-07-24 01:15:00.0;OFF;ON;100;-3,30;-3,60;-0,20;9,60;95,90;89,70;3,10;3,40;80,20;-0,30;-0,90;
2026-07-24 01:16:00.0;OFF;ON;100;-3,30;-3,60;-0,20;9,50;95,90;89,70;3,10;3,40;80,70;-0,30;-0,90;
2026-07-24 01:17:00.0;OFF;ON;100;-3,40;-3,60;-0,20;9,50;95,80;89,70;3,20;3,40;80,30;-0,30;-0,90;
2026-07-24 01:18:00.0;OFF;ON;100;-3,40;-3,60;-0,20;9,50;95,80;89,70;3,20;3,40;80,70;-0,30;-0,90;
2026-07-24 01:19:00.0;OFF;ON;100;-3,50;-3,60;-0,20;9,50;95,80;89,70;3,30;3,40;80,60;-0,30;-0,90;
2026-07-24 01:20:00.0;OFF;ON;100;-3,70;-3,60;-0,20;9,50;95,80;89,70;3,50;3,40;79,80;-0,30;-0,90;
2026-07-24 01:21:00.0;OFF;ON;100;-4;-3,60;-0,20;9,40;95,80;89,70;3,80;3,40;78,70;-0,30;-0,90;
2026-07-24 01:22:00.0;OFF;ON;100;-3,40;-3,90;-0,30;9,40;95,60;89,70;3,10;3,60;82;-0,40;-1,10;
2026-07-24 01:23:00.0;OFF;ON;100;-3,30;-3,90;-0,30;9,40;95,60;89,70;3;3,60;83,50;-0,40;-0,90;
2026-07-24 01:24:00.0;OFF;ON;100;-3,10;-3,90;-0,30;9,40;95,80;89,70;2,90;3,60;84,60;-0,40;-0,90;
2026-07-24 01:25:00.0;OFF;ON;100;-3;-3,80;-0,20;9,30;95,80;89,70;2,80;3,60;85,70;-0,30;-0,90;
2026-07-24 01:26:00.0;OFF;ON;100;-3;-3,80;-0,20;9,30;96;89,70;2,80;3,60;86,80;-0,30;-0,80;
2026-07-24 01:27:00.0;OFF;ON;100;-2,90;-3,80;-0,20;9,30;96;89,70;2,70;3,60;87,90;-0,30;-0,80;
2026-07-24 01:28:00.0;OFF;ON;100;-2,90;-3,80;-0,20;9,30;96,10;89,70;2,70;3,60;89,10;-0,30;-0,80;
2026-07-24 01:29:00.0;OFF;ON;100;-2,90;-3,80;-0,20;9,30;96,20;89,70;2,70;3,60;90,30;-0,30;-0,80;
2026-07-24 01:30:00.0;OFF;ON;100;-2,80;-3,80;-0,20;9,20;96,10;89,60;2,70;3,60;90,80;-0,30;-0,80;
2026-07-24 01:31:00.0;OFF;ON;100;-3,20;-3,80;-0,20;9,20;96,10;89,70;3;3,60;90,80;-0,30;-0,80;
2026-07-24 01:32:00.0;OFF;ON;100;-3,20;-3,80;-0,20;9,20;95,90;89,70;3;3,60;91,30;-0,40;-0,90;
2026-07-24 01:33:00.0;OFF;ON;100;-3,20;-3,90;-0,30;9,20;95,80;89,70;2,90;3,60;92,60;-0,40;-1;
2026-07-24 01:34:00.0;OFF;ON;100;-3,20;-3,90;-0,30;9,10;95,60;89,70;2,90;3,60;93,60;-0,40;-1;
2026-07-24 01:35:00.0;OFF;ON;100;-3,10;-3,90;-0,30;9,10;95,60;89,70;2,80;3,60;94,70;-0,40;-1;
2026-07-24 01:36:00.0;OFF;ON;100;-3,20;-4;-0,30;9,10;95,70;89,70;2,90;3,60;95,90;-0,40;-1;
2026-07-24 01:37:00.0;OFF;ON;100;-3,10;-4;-0,30;9,10;95,70;89,70;2,80;3,80;97,20;-0,40;-1;
2026-07-24 01:38:00.0;OFF;ON;100;-3,20;-4;-0,30;9;95,70;89,70;2,90;3,80;98;-0,40;-1;
2026-07-24 01:39:00.0;OFF;ON;100;-3,20;-4;-0,40;9;95,70;89,70;2,90;3,80;98,70;-0,50;-1;
2026-07-24 01:40:00.0;OFF;ON;100;-3,20;-4;-0,40;9;95,60;89,60;2,90;3,80;99,70;-0,50;-1;
2026-07-24 01:41:00.0;OFF;ON;100;-3,20;-4;-0,40;9;95,70;89,60;2,90;3,80;99,70;-0,50;-1;
2026-07-24 01:42:00.0;OFF;ON;100;-3,20;-4;-0,40;8,90;95,60;89,60;2,80;3,80;100;-0,50;-1,10;
2026-07-24 01:43:00.0;OFF;ON;100;-3,20;-4;-0,40;8,90;95,60;89,60;2,80;3,80;100;-0,50;-1,10;
2026-07-24 01:44:00.0;OFF;ON;100;-3,20;-4;-0,40;8,90;95,60;89,70;2,80;3,80;100;-0,50;-1,10;
2026-07-24 01:45:00.0;OFF;ON;100;-3,20;-4;-0,40;8,90;95,60;89,60;2,80;3,80;100;-0,50;-1,10;
2026-07-24 01:46:00.0;OFF;ON;100;-3,20;-4;-0,40;8,80;95,60;89,60;2,80;3,80;100;-0,50;-1,10;
2026-07-24 01:47:00.0;OFF;ON;100;-3,20;-4;-0,40;8,80;95,50;89,60;2,80;3,80;100;-0,50;-1,10;
2026-07-24 01:48:00.0;OFF;ON;100;-3,20;-4;-0,40;8,80;95,60;89,60;2,80;3,80;100;-0,50;-1,10;
2026-07-24 01:49:00.0;OFF;ON;100;-3,20;-4;-0,40;8,80;95,60;89,60;2,80;3,80;100;-0,50;-1,10;
2026-07-24 01:50:00.0;OFF;ON;100;-3,20;-4;-0,50;8,70;95,50;89,60;2,80;3,80;100;-0,50;-1,10;
2026-07-24 01:51:00.0;OFF;ON;100;-3,30;-4;-0,50;8,70;95,60;89,60;2,90;3,80;99,60;-0,50;-1,10;
2026-07-24 01:52:00.0;OFF;ON;100;-3,30;-4;-0,50;8,70;95,60;89,60;2,80;4;99,80;-0,60;-1,10;
2026-07-24 01:53:00.0;OFF;ON;100;-3,30;-4;-0,50;8,70;95,50;89,60;2,80;4;100;-0,60;-1,20;
2026-07-24 01:54:00.0;OFF;ON;100;-3,30;-4;-0,50;8,60;95,50;89,60;2,80;4;100;-0,60;-1,20;
2026-07-24 01:55:00.0;OFF;ON;100;-3,40;-4;-0,50;8,60;95,50;89,60;2,90;4;99,60;-0,60;-1,20;
2026-07-24 01:56:00.0;OFF;ON;100;-3,30;-4;-0,50;8,60;95,50;89,60;2,80;4;100;-0,60;-1,20;
2026-07-24 01:57:00.0;OFF;ON;100;-3,30;-4;-0,50;8,60;95,50;89,60;2,80;4;100;-0,60;-1,20;
2026-07-24 01:58:00.0;OFF;ON;100;-3,40;-4;-0,50;8,50;95,50;89,60;2,80;4;99,60;-0,60;-1,20;
2026-07-24 01:59:00.0;OFF;ON;100;-3,30;-4;-0,50;8,50;95,50;89,60;2,80;4;100;-0,60;-1,20;
2026-07-24 02:00:00.0;OFF;ON;100;-3,30;-4;-0,50;8,50;95,50;89,60;2,80;4;100;-0,60;-1,20;
2026-07-24 02:01:00.0;OFF;ON;100;-3,30;-4;-0,50;8,50;95,50;89,60;2,80;4;100;-0,60;-1,20;
2026-07-24 02:02:00.0;OFF;ON;100;-3,40;-4;-0,50;8,50;95,50;89,60;2,90;4;99,70;-0,60;-1,20;
2026-07-24 02:03:00.0;OFF;ON;100;-3,40;-4;-0,60;8,40;95,50;89,60;2,90;4;99,60;-0,60;-1,20;
2026-07-24 02:04:00.0;OFF;ON;100;-3,70;-4;-0,60;8,40;95,50;89,60;3,10;4;99,10;-0,70;-1,20;
2026-07-24 02:05:00.0;OFF;ON;100;-4;-4;-0,60;8,40;95,30;89,60;3,40;4;98,20;-0,70;-1,40;
2026-07-24 02:06:00.0;OFF;ON;100;-3,50;-4;-0,70;8,30;95;89,60;2,80;4;99,70;-0,80;-1,40;
2026-07-24 02:07:00.0;OFF;ON;100;-3,30;-4;-0,70;8,30;95,10;89,60;2,70;4,20;100;-0,70;-1,30;
2026-07-24 02:08:00.0;OFF;ON;100;-3,20;-4;-0,60;8,30;95,30;89,60;2,60;4,20;99,60;-0,70;-1,20;
2026-07-24 02:09:00.0;OFF;ON;100;-3,10;-4;-0,60;8,30;95,50;89,60;2,50;4,20;100;-0,70;-1,20;
2026-07-24 02:10:00.0;OFF;ON;100;-3,10;-4;-0,60;8,30;95,70;89,60;2,60;4,20;99,70;-0,60;-1,10;
2026-07-24 02:11:00.0;OFF;ON;100;-3;-4;-0,50;8,20;95,80;89,60;2,50;4,20;100;-0,60;-1,10;
2026-07-24 02:12:00.0;OFF;ON;100;-3;-4;-0,50;8,20;95,80;89,60;2,50;4,20;99,80;-0,60;-1,10;
2026-07-24 02:13:00.0;OFF;ON;100;-2,90;-4;-0,50;8,20;95,80;89,60;2,40;4,20;100;-0,60;-1,10;
2026-07-24 02:14:00.0;OFF;ON;100;-3;-4;-0,50;8,20;95,80;89,60;2,50;4,20;99,70;-0,60;-1;
2026-07-24 02:15:00.0;OFF;ON;100;-2,90;-4;-0,50;8,10;95,80;89,60;2,40;4,20;100;-0,60;-1;
2026-07-24 02:16:00.0;OFF;ON;100;-3,30;-4;-0,50;8,10;95,90;89,60;2,80;4,20;98,70;-0,60;-1;
2026-07-24 02:17:00.0;OFF;ON;100;-3,50;-4;-0,50;8,10;95,80;89,60;3;4,20;98,70;-0,60;-1,20;
2026-07-24 02:18:00.0;OFF;ON;100;-3,50;-4;-0,60;8,10;95,50;89,60;2,90;4,20;99,30;-0,70;-1,30;
2026-07-24 02:19:00.0;OFF;ON;100;-3,40;-4;-0,60;8;95,30;89,60;2,70;4,20;100;-0,70;-1,30;
2026-07-24 02:20:00.0;OFF;ON;100;-3,40;-4;-0,70;8;95,30;89,60;2,80;4,20;99,70;-0,70;-1,30;
2026-07-24 02:21:00.0;OFF;ON;100;-3,30;-4;-0,70;8;95,30;89,60;2,70;4,20;100;-0,70;-1,30;
2026-07-24 02:22:00.0;OFF;ON;100;-3,30;-4;-0,70;8;95,40;89,60;2,70;4,40;100;-0,70;-1,30;
2026-07-24 02:23:00.0;OFF;ON;100;-3,30;-4;-0,70;7,90;95,50;89,60;2,70;4,40;100;-0,70;-1,30;
2026-07-24 02:24:00.0;OFF;ON;100;-3,30;-4;-0,70;7,90;95,40;89,60;2,70;4,40;100;-0,80;-1,30;
2026-07-24 02:25:00.0;OFF;ON;100;-3,30;-4;-0,70;7,90;95,40;89,60;2,70;4,40;100;-0,80;-1,30;
2026-07-24 02:26:00.0;OFF;ON;100;-3,30;-4;-0,70;7,80;95,40;89,60;2,70;4,40;100;-0,80;-1,30;
2026-07-24 02:27:00.0;OFF;ON;100;-3,40;-4;-0,70;7,80;95,40;89,60;2,70;4,40;99,80;-0,80;-1,30;
2026-07-24 02:28:00.0;OFF;ON;100;-3,30;-4;-0,70;7,80;95,50;89,60;2,60;4,40;100;-0,80;-1,30;
2026-07-24 02:29:00.0;OFF;ON;100;-3,30;-4;-0,70;7,80;95,50;89,60;2,60;4,40;100;-0,80;-1,30;
2026-07-24 02:30:00.0;OFF;ON;100;-3,40;-4;-0,70;7,70;95,50;89,60;2,70;4,40;99,70;-0,80;-1,30;
2026-07-24 02:31:00.0;OFF;ON;100;-3,40;-4;-0,70;7,70;95,40;89,60;2,70;4,40;99,60;-0,80;-1,30;
2026-07-24 02:32:00.0;OFF;ON;100;-3,40;-4;-0,70;7,70;95,50;89,60;2,60;4,40;100;-0,80;-1,30;
2026-07-24 02:33:00.0;OFF;ON;100;-3,40;-4;-0,70;7,70;95,50;89,60;2,70;4,40;99,70;-0,80;-1,30;
2026-07-24 02:34:00.0;OFF;ON;100;-3,40;-4;-0,70;7,60;95,50;89,60;2,70;4,40;99,70;-0,80;-1,30;
2026-07-24 02:35:00.0;OFF;ON;100;-3,40;-4;-0,70;7,60;95,50;89,60;2,70;4,40;99,70;-0,80;-1,30;
2026-07-24 02:36:00.0;OFF;ON;100;-3,40;-4;-0,70;7,60;95,50;89,60;2,70;4,40;99,70;-0,80;-1,30;
2026-07-24 02:37:00.0;OFF;ON;100;-3,30;-4;-0,70;7,60;95,50;89,60;2,60;4,60;100;-0,80;-1,30;
2026-07-24 02:38:00.0;OFF;ON;100;-3,40;-4;-0,70;7,60;95,80;89,50;2,80;4,60;99,60;-0,80;-1,30;
2026-07-24 02:39:00.0;OFF;ON;100;-3,30;-4;-0,60;7,50;96,40;89,50;2,70;4,60;99,90;-0,80;-1,30;
2026-07-24 02:40:00.0;OFF;ON;100;-3,20;-4;-0,70;7,50;96,10;89,50;2,60;4,60;100;-0,80;-1,30;
2026-07-24 02:41:00.0;OFF;ON;100;-3,30;-4;-0,70;7,50;95,90;89,50;2,60;4,60;99,80;-0,80;-1,30;
2026-07-24 02:42:00.0;OFF;ON;100;-3,40;-4;-0,70;7,50;95,70;89,50;2,70;4,60;99,70;-0,80;-1,30;
2026-07-24 02:43:00.0;OFF;ON;100;-3,30;-4;-0,70;7,50;95,60;89,50;2,60;4,60;100;-0,80;-1,30;
2026-07-24 02:44:00.0;OFF;ON;100;-3,30;-4;-0,70;7,50;95,50;89,50;2,60;4,60;100;-0,80;-1,30;
2026-07-24 02:45:00.0;OFF;ON;100;-3,40;-4;-0,70;7,40;95,50;89,60;2,70;4,60;99,60;-0,80;-1,30;
2026-07-24 02:46:00.0;OFF;ON;100;-3,40;-4;-0,70;7,40;95,40;89,60;2,60;4,60;99,80;-0,80;-1,30;
2026-07-24 02:47:00.0;OFF;ON;100;-3,30;-4;-0,70;7,40;95,40;89,60;2,60;4,60;100;-0,80;-1,30;
2026-07-24 02:48:00.0;OFF;ON;100;-3,50;-4;-0,80;7,30;95,50;89,60;2,70;4,60;99,60;-0,90;-1,30;
2026-07-24 02:49:00.0;OFF;ON;100;-3,60;-4;-0,80;7,30;95,50;89,50;2,80;4,60;99,50;-0,90;-1,40;
2026-07-24 02:50:00.0;OFF;ON;100;-3,60;-4;-0,80;7,30;95,30;89,60;2,70;4,60;99,80;-0,90;-1,40;
2026-07-24 02:51:00.0;OFF;ON;100;-3,40;-4;-0,90;7,20;95,10;89,60;2,50;4,60;99,90;-1;-1,50;
2026-07-24 02:52:00.0;OFF;ON;100;-3,50;-4;-0,80;7;95,20;89,80;2,60;4,80;99,70;-0,90;-1,40;
2026-07-24 02:53:00.0;OFF;ON;100;-3,20;-4;-0,70;4,40;95,90;0;2,50;4,80;100;-0,90;-1,80;
2026-07-24 02:54:00.0;OFF;ON;50;-3,30;-4;-0,80;4,40;96,40;0;2,60;4,80;99,60;-1;-2;
2026-07-24 02:55:00.0;OFF;ON;50;-3,40;-4;-0,80;4,40;96,60;0;2,60;4,80;99,70;-1;-2,10;
2026-07-24 02:56:00.0;OFF;ON;50;-3,30;-4;-0,80;4,40;96,70;0;2,50;4,80;100;-1,10;-2,20;
2026-07-24 02:57:00.0;OFF;ON;50;-3,40;-4;-0,80;4,40;96,70;0;2,60;4,80;100;-1,10;-2,20;
2026-07-24 02:58:00.0;OFF;ON;50;-3,40;-4;-0,80;4,30;96,80;0;2,60;4,80;100;-1,10;-2,20;
2026-07-24 02:59:00.0;OFF;ON;50;-3,50;-3,90;-0,90;4,30;96,60;0;2,60;4,80;99,70;-1,10;-2,20;
2026-07-24 03:00:00.0;OFF;ON;50;-3,40;-3,80;-0,90;4,30;96;0;2,50;4,80;99,80;-1,10;-2,30;
2026-07-24 03:01:00.0;OFF;ON;50;-3,50;-3,60;-1;4,30;95,40;0;2,50;4,80;99;-1,20;-2,30;
2026-07-24 03:02:00.0;OFF;ON;50;-3,50;-3,50;-1;4,20;95,60;0;2,60;4,80;98,40;-1,20;-2,30;
2026-07-24 03:03:00.0;OFF;ON;50;-3,50;-3,20;-0,90;4,20;95,80;0;2,50;4,80;97,40;-1,20;-2,30;
2026-07-24 03:04:00.0;OFF;ON;50;-3,40;-3;-0,90;4,20;96,10;0;2,50;4,80;96,10;-1,20;-2,30;
2026-07-24 03:05:00.0;OFF;ON;50;-3,50;-2,90;-0,90;4,20;96;0;2,60;4,80;95;-1,20;-2,30;
2026-07-24 03:06:00.0;OFF;ON;50;-3,60;-2,50;-1;4,10;95,70;0;2,50;4,80;92,60;-1,20;-2,30;
2026-07-24 03:07:00.0;OFF;ON;50;-3,50;-2,30;-1,10;4,10;95,10;0;2,40;4,60;90,60;-1,20;-2,30;
2026-07-24 03:08:00.0;OFF;ON;50;-3,60;-2,20;-1,10;4,10;94,80;0;2,50;4,60;87,50;-1,20;-2,40;
2026-07-24 03:09:00.0;OFF;ON;50;-3,70;-2;-1,10;4,10;94,60;0;2,50;4,60;84,70;-1,20;-2,40;
2026-07-24 03:10:00.0;OFF;ON;50;-3,80;-1,80;-1,20;4;94,40;0;2,60;4,60;81,30;-1,30;-2,40;
2026-07-24 03:11:00.0;OFF;ON;50;-3,80;-1,50;-1,10;4;94,40;0;2,60;4,60;78,30;-1,30;-2,40;
2026-07-24 03:12:00.0;OFF;ON;50;-3,80;-1,40;-1,10;4;94,40;0;2,70;4,60;75,10;-1,30;-2,40;
2026-07-24 03:13:00.0;OFF;ON;50;-3,80;-1,20;-1,20;4;94,40;0;2,60;4,60;71,10;-1,30;-2,40;
2026-07-24 03:14:00.0;OFF;ON;50;-4;-1;-1,20;4;94,40;0;2,80;4,60;66,30;-1,30;-2,40;
2026-07-24 03:15:00.0;OFF;ON;50;-3,90;-0,70;-1,20;3,90;94,60;0;2,70;4,60;62,10;-1,20;-2,40;
2026-07-24 03:16:00.0;OFF;ON;50;-3,10;-0,40;-1,20;3,90;94,70;0;1,90;4,60;58,90;-1,30;-2,40;
2026-07-24 03:17:00.0;OFF;ON;50;-3,10;-0,10;-1,20;3,90;94,80;0;1,90;4,60;54,90;-1,20;-2,20;
2026-07-24 03:18:00.0;OFF;ON;50;-2,70;0,10;-1,10;3,90;95,10;0;1,60;4,60;51,80;-1,20;-2,10;
2026-07-24 03:19:00.0;OFF;ON;50;-2,70;0,40;-1;3,80;95,30;0;1,60;4,60;50;-1,10;-1,90;
2026-07-24 03:20:00.0;OFF;ON;50;-2,50;0,40;-1;3,80;95,50;0;1,60;4,60;50;-1,10;-1,80;
2026-07-24 03:21:00.0;OFF;ON;50;-2,30;0,30;-0,90;3,80;95,80;0;1,30;4,60;50;-1;-1,70;
2026-07-24 03:22:00.0;OFF;ON;50;-2,20;0,30;-0,90;3,80;96;0;1,30;4,80;50;-1;-1,60;
2026-07-24 03:23:00.0;OFF;ON;50;-2;0,40;-0,80;3,80;96,20;0;1,20;4,80;50;-0,90;-1,50;
2026-07-24 03:24:00.0;OFF;ON;50;-1,80;0,40;-0,80;3,70;96,40;0;1;4,80;50;-0,90;-1,40;
2026-07-24 03:25:00.0;OFF;ON;50;-1,80;0,50;-0,70;3,70;96,60;0;1,10;4,80;50;-0,80;-1,30;
2026-07-24 03:26:00.0;OFF;ON;50;-1,70;0,60;-0,60;3,70;96,80;0;1;4,80;50;-0,80;-1,20;
2026-07-24 03:27:00.0;OFF;ON;50;-1,60;0,70;-0,50;3,70;97,20;0;1,10;4,80;50;-0,70;-1,10;
2026-07-24 03:28:00.0;OFF;ON;50;-1,50;0,70;-0,50;3,70;97,40;0;1;4,80;50;-0,70;-1;
2026-07-24 03:29:00.0;OFF;ON;50;-1,50;0,70;-0,50;3,60;97,50;0;1,10;4,80;50;-0,60;-1;
2026-07-24 03:30:00.0;OFF;ON;50;-1,40;0,80;-0,40;3,60;97,50;0;1;4,80;50;-0,60;-0,90;
2026-07-24 03:31:00.0;OFF;ON;50;-1,30;0,80;-0,40;3,60;97,60;0;0,90;4,80;50;-0,60;-0,90;
2026-07-24 03:32:00.0;OFF;ON;50;-1,30;0,80;-0,40;3,60;97,50;0;0,90;4,80;50;-0,60;-0,80;
2026-07-24 03:33:00.0;OFF;ON;50;-1,20;0,80;-0,40;3,60;97,50;0;0,90;4,80;50;-0,60;-0,80;
2026-07-24 03:34:00.0;OFF;ON;50;-1,30;0,80;-0,40;3,50;97,50;0;1;4,80;50;-0,50;-0,80;
2026-07-24 03:35:00.0;OFF;ON;50;-1,30;0,80;-0,40;3,50;97,50;0;0,90;4,80;50;-0,50;-0,80;
2026-07-24 03:36:00.0;OFF;ON;50;-1,20;0,70;-0,30;3,50;97,40;0;0,80;4,80;50;-0,50;-0,70;
2026-07-24 03:37:00.0;OFF;ON;50;-1,20;0,70;-0,30;3,50;97,40;0;0,90;5;50;-0,50;-0,70;
2026-07-24 03:38:00.0;OFF;ON;50;-1,20;0,70;-0,30;3,40;97,40;0;0,90;5;50;-0,50;-0,70;
2026-07-24 03:39:00.0;OFF;ON;50;-1,10;0,70;-0,30;3,40;97,40;0;0,80;5;50;-0,50;-0,70;
2026-07-24 03:40:00.0;OFF;ON;50;-1,10;0,70;-0,30;3,40;97,30;0;0,80;5;50;-0,40;-0,70;
2026-07-24 03:41:00.0;OFF;ON;50;-1,10;0,70;-0,30;3,40;97,30;0;0,80;5;50;-0,40;-0,70;
2026-07-24 03:42:00.0;OFF;ON;50;-1,20;0,70;-0,30;3,40;97,30;0;0,90;5;50;-0,40;-0,70;
2026-07-24 03:43:00.0;OFF;ON;50;-1,10;0,80;-0,20;3,30;97,30;0;0,80;5;50;-0,40;-0,70;
2026-07-24 03:44:00.0;OFF;ON;50;-1;0,80;-0,20;3,30;97,40;0;0,80;5;50;-0,40;-0,60;
2026-07-24 03:45:00.0;OFF;ON;50;-1,10;0,80;-0,20;3,30;97,40;0;0,90;5;50;-0,40;-0,60;
2026-07-24 03:46:00.0;OFF;ON;50;-1,10;0,80;-0,20;3,30;97,50;0;1;5;50;-0,40;-0,60;
2026-07-24 03:47:00.0;OFF;ON;50;-1,10;0,90;-0,10;3,30;97,70;0;0,90;5;50;-0,40;-0,60;
2026-07-24 03:48:00.0;OFF;ON;50;-1;0,80;-0,20;3,20;97,60;0;0,80;5;50;-0,40;-0,60;
2026-07-24 03:49:00.0;OFF;ON;50;-1,10;0,80;-0,20;3,20;97,60;0;0,90;5;50;-0,30;-0,50;
2026-07-24 03:50:00.0;OFF;ON;50;-0,90;0,80;-0,20;3,20;97,60;0;0,80;5;50;-0,30;-0,50;
2026-07-24 03:51:00.0;OFF;ON;50;-0,90;0,70;-0,10;3,20;97,60;0;0,80;5;50;-0,30;-0,50;
2026-07-24 03:52:00.0;OFF;ON;50;-1;0,80;0;3,20;97,70;0;1;5,20;50;-0,30;-0,50;
2026-07-24 03:53:00.0;OFF;ON;50;-0,90;0,80;0;3,20;97,80;0;0,90;5,20;50;-0,30;-0,50;
2026-07-24 03:54:00.0;OFF;ON;50;-0,90;0,80;0;3,10;97,90;0;1;5,20;50;-0,30;-0,50;
2026-07-24 03:55:00.0;OFF;ON;50;-0,90;0,80;0;3,10;98;0;0,90;5,20;50;-0,30;-0,40;
2026-07-24 03:56:00.0;OFF;ON;50;-0,90;0,80;0;3,10;97,90;0;0,90;5,20;50;-0,30;-0,40;
2026-07-24 03:57:00.0;OFF;ON;50;-0,80;0,80;0;3,10;97,80;0;0,80;5,20;50;-0,20;-0,40;
2026-07-24 03:58:00.0;OFF;ON;50;-0,90;0,70;-0,10;3;97,80;0;0,80;5,20;50;-0,30;-0,40;
2026-07-24 03:59:00.0;OFF;ON;50;-0,80;0,70;-0,10;3;97,70;0;0,80;5,20;50;-0,20;-0,40;
2026-07-24 04:00:00.0;OFF;ON;50;-0,80;0,80;0;3;97,70;0;0,80;5,20;50;-0,20;-0,40;
2026-07-24 04:01:00.0;OFF;ON;50;-0,90;0,70;-0,10;3;97,70;0;0,90;5,20;50;-0,20;-0,40;
2026-07-24 04:02:00.0;OFF;ON;50;-0,90;0,80;0;3;97,60;0;0,80;5,20;50;-0,20;-0,40;
2026-07-24 04:03:00.0;OFF;ON;50;-0,90;0,80;0;2,90;97,60;0;0,90;5,20;50;-0,20;-0,40;
2026-07-24 04:04:00.0;OFF;ON;50;-0,80;0,80;0;2,90;97,50;0;0,80;5,20;50;-0,20;-0,40;
2026-07-24 04:05:00.0;OFF;ON;50;-0,90;0,80;0;2,90;97,40;0;0,90;5,20;50;-0,20;-0,40;
2026-07-24 04:06:00.0;OFF;ON;50;-0,80;0,60;0;2,90;97,40;0;0,80;5,20;50;-0,20;-0,40;
2026-07-24 04:07:00.0;OFF;ON;50;-0,90;0,60;0;2,90;97,40;0;0,80;5,40;50;-0,20;-0,40;
2026-07-24 04:08:00.0;OFF;ON;50;-0,80;0,60;0;2,80;97,40;0;0,70;5,40;50;-0,20;-0,40;
2026-07-24 04:09:00.0;OFF;ON;50;-0,80;0,60;0;2,80;97,40;0;0,80;5,40;50;-0,20;-0,40;
2026-07-24 04:10:00.0;OFF;ON;50;-0,80;0,60;0;2,80;97,30;0;0,80;5,40;50;-0,20;-0,40;
2026-07-24 04:11:00.0;OFF;ON;50;-0,80;0,60;0;2,80;97,30;0;0,80;5,40;50;-0,20;-0,40;
2026-07-24 04:12:00.0;OFF;ON;50;-0,90;0,60;0;2,80;97,30;0;0,90;5,40;50;-0,20;-0,40;
2026-07-24 04:13:00.0;OFF;ON;50;-0,80;0,60;0;2,80;97,30;0;0,80;5,40;50;-0,20;-0,40;
2026-07-24 04:14:00.0;OFF;ON;50;-0,90;0,60;0;2,70;97,30;0;0,90;5,40;50;-0,20;-0,40;
2026-07-24 04:15:00.0;OFF;ON;50;-0,90;0,60;0;2,70;97,20;0;0,90;5,40;50;-0,20;-0,40;
2026-07-24 04:16:00.0;OFF;ON;50;-0,90;0,60;0;2,70;97,20;0;0,80;5,40;50;-0,20;-0,40;
2026-07-24 04:17:00.0;OFF;ON;50;-0,90;0,60;0;2,70;97,20;0;0,90;5,40;50;-0,20;-0,40;
2026-07-24 04:18:00.0;OFF;ON;50;-0,90;0,60;0;2,70;97,20;0;0,90;5,40;50;-0,20;-0,40;
2026-07-24 04:19:00.0;OFF;ON;50;-0,90;0,60;0;2,60;97,20;0;0,90;5,40;50;-0,20;-0,40;
2026-07-24 04:20:00.0;OFF;ON;50;-0,90;0,60;0;2,60;97,20;0;0,90;5,40;50;-0,20;-0,40;
2026-07-24 04:21:00.0;OFF;ON;50;-0,90;0,40;0;2,60;97,20;0;0,80;5,40;50;-0,20;-0,40;
2026-07-24 04:22:00.0;OFF;ON;50;-0,90;0,40;0;2,60;97,20;0;0,80;5,60;50;-0,20;-0,40;
2026-07-24 04:23:00.0;OFF;ON;50;-0,80;0,40;0;2,60;97,20;0;0,80;5,60;50;-0,20;-0,40;
2026-07-24 04:24:00.0;OFF;ON;50;-0,80;0,40;0;2,50;97,20;0;0,80;5,60;50;-0,20;-0,40;
2026-07-24 04:25:00.0;OFF;ON;50;-0,80;0,40;0;2,50;97,20;0;0,80;5,60;50;-0,20;-0,40;
2026-07-24 04:26:00.0;OFF;ON;50;-0,90;0,40;0;2,50;97,20;0;0,90;5,60;50;-0,20;-0,40;
2026-07-24 04:27:00.0;OFF;ON;50;-0,80;0,40;0;2,50;97,20;0;0,80;5,60;50;-0,10;-0,40;
2026-07-24 04:28:00.0;OFF;ON;50;-0,90;0,40;0;2,50;97,20;0;0,90;5,60;50;-0,10;-0,40;
2026-07-24 04:29:00.0;OFF;ON;50;-0,80;0,50;0,10;2,50;97,40;0;0,90;5,60;50;-0,10;-0,40;
2026-07-24 04:30:00.0;OFF;ON;50;-0,90;0,50;0,10;2,50;97,50;0;0,90;5,60;50;-0,10;-0,40;
2026-07-24 04:31:00.0;OFF;ON;50;-0,80;0,50;0,10;2,40;97,70;0;0,90;5,60;50;-0,10;-0,40;
2026-07-24 04:32:00.0;OFF;ON;50;-0,70;0,60;0,20;2,40;97,90;0;0,90;5,60;50;-0,10;-0,30;
2026-07-24 04:33:00.0;OFF;ON;50;-0,80;0,60;0,20;2,40;97,90;0;1;5,60;50;-0,10;-0,30;
2026-07-24 04:34:00.0;OFF;ON;50;-0,60;0,60;0,20;2,40;98;0;0,80;5,60;50;-0,10;-0,30;
2026-07-24 04:35:00.0;OFF;ON;50;-0,70;0,70;0,30;2,40;98;0;1;5,60;50;-0,10;-0,30;
2026-07-24 04:36:00.0;OFF;ON;50;-0,60;0,50;0,30;2,40;98;0;0,90;5,60;50;-0,10;-0,30;
2026-07-24 04:37:00.0;OFF;ON;50;-0,60;0,50;0,30;2,30;98;0;0,90;5,80;50;-0,10;-0,20;
2026-07-24 04:38:00.0;OFF;ON;50;-0,70;0,50;0,30;2,30;98,10;0;0,90;5,80;50;-0,10;-0,20;
2026-07-24 04:39:00.0;OFF;ON;50;-0,60;0,50;0,30;2,30;98;0;0,80;5,80;50;0;-0,20;
2026-07-24 04:40:00.0;OFF;ON;50;-0,70;0,40;0,20;2,30;98;0;0,90;5,80;50;-0,10;-0,20;
2026-07-24 04:41:00.0;OFF;ON;50;-0,60;0,40;0,20;2,30;97,90;0;0,80;5,80;50;0;-0,20;
2026-07-24 04:42:00.0;OFF;ON;50;-0,70;0,40;0,20;2,20;97,80;0;0,80;5,80;50;-0,10;-0,20;
2026-07-24 04:43:00.0;OFF;ON;50;-0,60;0,40;0,20;2,20;97,70;0;0,80;5,80;50;-0,10;-0,20;
2026-07-24 04:44:00.0;OFF;ON;50;-0,70;0,30;0,10;2,20;97,70;0;0,90;5,80;50;-0,10;-0,20;
2026-07-24 04:45:00.0;OFF;ON;50;-0,60;0,30;0,10;2,20;97,70;0;0,80;5,80;50;-0,10;-0,20;
2026-07-24 04:46:00.0;OFF;ON;50;-0,70;0,40;0,20;2,20;97,60;0;0,90;5,80;50;-0,10;-0,20;
2026-07-24 04:47:00.0;OFF;ON;50;-0,70;0,40;0,20;2,20;97,60;0;0,80;5,80;50;0;-0,20;
2026-07-24 04:48:00.0;OFF;ON;50;-0,70;0,30;0,10;2,10;97,50;0;0,80;5,80;50;-0,10;-0,20;
2026-07-24 04:49:00.0;OFF;ON;50;-0,70;0,30;0,10;2,10;97,40;0;0,80;5,80;50;-0,10;-0,20;
2026-07-24 04:50:00.0;OFF;ON;50;-0,70;0,30;0,10;2,10;97,40;0;0,80;5,80;50;-0,10;-0,20;
2026-07-24 04:51:00.0;OFF;ON;50;-0,70;0,10;0,10;2,10;97,40;0;0,80;5,80;50;-0,10;-0,30;
2026-07-24 04:52:00.0;OFF;ON;50;-0,70;0,10;0,10;2,10;97,40;0;0,80;6;50;-0,10;-0,30;
2026-07-24 04:53:00.0;OFF;ON;50;-0,70;0,10;0,10;2,10;97,30;0;0,80;6;50;-0,10;-0,30;
2026-07-24 04:54:00.0;OFF;ON;50;-0,70;0,10;0,10;2;97,30;0;0,80;6;50;-0,10;-0,30;
2026-07-24 04:55:00.0;OFF;ON;50;-0,80;0,10;0,10;2;97,20;0;0,80;6;50;-0,10;-0,30;
2026-07-24 04:56:00.0;OFF;ON;50;-0,80;0,10;0,10;2;97,20;0;0,90;6;50;-0,10;-0,30;
2026-07-24 04:57:00.0;OFF;ON;50;-0,70;0,10;0,10;2;97,20;0;0,80;6;50;-0,10;-0,30;
2026-07-24 04:58:00.0;OFF;ON;50;-0,80;0,10;0,10;2;97,20;0;0,90;6;50;-0,10;-0,30;
2026-07-24 04:59:00.0;OFF;ON;50;-0,80;0,10;0,10;2;97,20;0;0,90;6;50;-0,10;-0,30;
2026-07-24 05:00:00.0;OFF;ON;50;-0,80;0,10;0,10;1,90;97,20;0;0,90;6;50;-0,10;-0,30;
2026-07-24 05:01:00.0;OFF;ON;50;-0,70;0,10;0,10;1,90;97,20;0;0,80;6;50;-0,10;-0,30;
2026-07-24 05:02:00.0;OFF;ON;50;-0,70;0,10;0,10;1,90;97,10;0;0,80;6;50;-0,10;-0,30;
2026-07-24 05:03:00.0;OFF;ON;50;-0,70;0,10;0,10;1,90;97,10;0;0,80;6;50;-0,10;-0,30;
2026-07-24 05:04:00.0;OFF;ON;50;-0,80;0,10;0,10;1,90;97,10;0;0,90;6;50;-0,10;-0,30;
2026-07-24 05:05:00.0;OFF;ON;50;-0,70;0,10;0,10;1,90;97,10;0;0,80;6;50;-0,10;-0,30;
2026-07-24 05:06:00.0;OFF;ON;50;-0,80;0,10;0,10;1,90;97,10;0;0,80;6;50;-0,10;-0,30;
2026-07-24 05:07:00.0;OFF;ON;50;-0,70;0,10;0,10;1,80;97,10;0;0,80;6;50;-0,10;-0,30;
2026-07-24 05:08:00.0;OFF;ON;50;-0,80;0,10;0,10;1,80;97,10;0;0,90;6;50;-0,10;-0,30;
2026-07-24 05:09:00.0;OFF;ON;50;-0,70;0,20;0,20;1,80;97,40;0;0,90;6;50;-0,10;-0,30;
2026-07-24 05:10:00.0;OFF;ON;50;-0,80;0,20;0,20;1,80;97,70;0;1;6;50;0;-0,30;
2026-07-24 05:11:00.0;OFF;ON;50;-0,60;0,20;0,20;1,80;97,90;0;0,90;6;50;0;-0,30;
2026-07-24 05:12:00.0;OFF;ON;50;-0,60;0,20;0,20;1,80;97,90;0;0,80;6;50;0;-0,20;
2026-07-24 05:13:00.0;OFF;ON;50;-0,60;0,20;0,20;1,80;97,80;0;0,80;6;50;0;-0,20;
2026-07-24 05:14:00.0;OFF;ON;50;-0,60;0,20;0,20;1,70;97,70;0;0,70;6;50;0;-0,20;
2026-07-24 05:15:00.0;OFF;ON;50;-0,70;0,10;0,10;1,70;97,70;0;0,80;6;50;0;-0,20;
2026-07-24 05:16:00.0;OFF;ON;50;-0,70;0,10;0,10;1,70;97,50;0;0,80;6;50;0;-0,20;
2026-07-24 05:17:00.0;OFF;ON;50;-0,70;0,10;0,10;1,70;97,40;0;0,90;6;50;0;-0,20;
2026-07-24 05:18:00.0;OFF;ON;50;-0,80;0,10;0,10;1,70;97,40;0;0,90;6;50;0;-0,20;
2026-07-24 05:19:00.0;OFF;ON;50;-0,70;0,10;0,10;1,70;97,30;0;0,80;6;50;0;-0,20;
2026-07-24 05:20:00.0;OFF;ON;50;-0,80;0,10;0,10;1,70;97,30;0;0,90;6;50;0;-0,30;
2026-07-24 05:21:00.0;OFF;ON;50;-0,70;0,10;0,10;1,60;97,20;0;0,80;6;50;0;-0,30;
2026-07-24 05:22:00.0;OFF;ON;50;-0,80;0,10;0,10;1,60;97,20;0;0,90;6;50;-0,10;-0,30;
2026-07-24 05:23:00.0;OFF;ON;50;-0,80;0,10;0,10;1,60;97,20;0;0,90;6;50;-0,10;-0,30;
2026-07-24 05:24:00.0;OFF;ON;50;-0,70;0,10;0,10;1,60;97,10;0;0,80;6;50;-0,10;-0,30;
2026-07-24 05:25:00.0;OFF;ON;50;-0,80;0,10;0,10;1,60;97,10;0;0,90;6;50;0;-0,30;
2026-07-24 05:26:00.0;OFF;ON;50;-0,80;0,10;0,10;1,60;97;0;0,80;6;50;-0,10;-0,30;
2026-07-24 05:27:00.0;OFF;ON;50;-0,70;0,10;0,10;1,60;97;0;0,80;6;50;-0,10;-0,30;
2026-07-24 05:28:00.0;OFF;ON;50;-0,80;0,10;0,10;1,50;97;0;0,90;6;50;-0,10;-0,30;
2026-07-24 05:29:00.0;OFF;ON;50;-0,80;0,10;0,10;1,50;97,20;0;0,90;6;50;-0,10;-0,30;
2026-07-24 05:30:00.0;OFF;ON;50;-0,80;0,20;0,20;1,50;97,60;0;0,90;6;50;-0,10;-0,30;
2026-07-24 05:31:00.0;OFF;ON;50;-0,70;0,20;0,20;1,50;97,80;0;0,90;6;50;0;-0,30;
2026-07-24 05:32:00.0;OFF;ON;50;-0,60;0,30;0,30;1,50;97,80;0;0,90;6;50;0;-0,30;
2026-07-24 05:33:00.0;OFF;ON;50;-0,70;0,30;0,30;1,50;98;0;1;6;50;0;-0,20;
2026-07-24 05:34:00.0;OFF;ON;50;-0,50;0,20;0,20;1,50;97,90;0;0,80;6;50;0;-0,20;
2026-07-24 05:35:00.0;OFF;ON;50;-0,70;0,20;0,20;1,50;97,80;0;0,90;6;50;0;-0,20;
2026-07-24 05:36:00.0;OFF;ON;50;-0,70;0,30;0,30;1,50;97,90;0;0,90;6;50;0;-0,20;
2026-07-24 05:37:00.0;OFF;ON;50;-0,70;0,30;0,30;1,40;98;0;1;6;50;0;-0,20;
2026-07-24 05:38:00.0;OFF;ON;50;-0,60;0,30;0,30;1,40;98;0;0,90;6;50;0;-0,20;
2026-07-24 05:39:00.0;OFF;ON;50;-0,60;0,30;0,30;1,40;98;0;0,90;6;50;0;-0,20;
2026-07-24 05:40:00.0;OFF;ON;50;-0,60;0,30;0,30;1,40;98;0;0,90;6;50;0;-0,20;
2026-07-24 05:41:00.0;OFF;ON;50;-0,60;0,30;0,30;1,40;98;0;0,90;6;50;0;-0,20;
2026-07-24 05:42:00.0;OFF;ON;50;-0,60;0,30;0,30;1,40;98;0;0,90;6;50;0;-0,20;
2026-07-24 05:43:00.0;OFF;ON;50;-0,60;0,30;0,20;1,40;97,90;0;0,80;6;50;0;-0,10;
2026-07-24 05:44:00.0;OFF;ON;50;-0,60;0,20;0,20;1,30;97,80;0;0,90;6;50;0;-0,20;
2026-07-24 05:45:00.0;OFF;ON;50;-0,50;0,20;0,20;1,30;97,60;0;0,80;6;50;0;-0,20;
2026-07-24 05:46:00.0;OFF;ON;50;-0,60;0,20;0,20;1,30;97,50;0;0,80;6;50;0;-0,20;
2026-07-24 05:47:00.0;OFF;ON;50;-0,60;0,20;0,20;1,30;97,40;0;0,80;6;50;0;-0,20;
2026-07-24 05:48:00.0;OFF;ON;50;-0,70;0,20;0,20;-0,70;97,70;0;0,90;6;50;0;-0,20;
2026-07-24 05:49:00.0;OFF;ON;50;-0,50;0,20;0,20;-1,30;97,80;0;0,80;6;50;0;-0,20;
2026-07-24 05:50:00.0;OFF;ON;50;-0,60;0,30;0,30;-1,70;97,90;0;0,90;6;50;0;-0,20;
2026-07-24 05:51:00.0;OFF;ON;50;-0,50;0,50;0,30;-2;98;0,20;0,80;6;50;0;-0,20;
2026-07-24 05:52:00.0;OFF;ON;50;-0,50;0,50;0,30;-2,10;98;17;0,80;5,80;50;0;-0,20;
2026-07-24 05:53:00.0;OFF;ON;50;-0,50;0,50;0,30;-2,20;98;0;0,80;5,80;50;0;-0,20;
2026-07-24 05:54:00.0;OFF;ON;50;-0,50;0,40;0,20;-2,40;97,90;0;0,80;5,80;50;0;-0,20;
2026-07-24 05:55:00.0;OFF;ON;50;-0,60;0,40;0,20;-2,60;97,80;0;0,80;5,80;50;0;-0,20;
2026-07-24 05:56:00.0;OFF;ON;50;-0,60;0,40;0,20;-2,70;97,60;0;0,80;5,80;50;0;-0,20;
2026-07-24 05:57:00.0;OFF;ON;50;-0,60;0,40;0,20;-2,80;97,40;0;0,70;5,80;50;0;-0,20;
2026-07-24 05:58:00.0;OFF;ON;50;-0,60;0,30;0,10;-2,80;97,30;0;0,80;5,80;50;0;-0,20;
2026-07-24 05:59:00.0;OFF;ON;50;-0,70;0,30;0,10;-2,90;97,20;0;0,90;5,80;50;0;-0,20;
2026-07-24 06:00:00.0;OFF;ON;50;-0,60;0,30;0,10;-2,90;97,20;0;0,70;5,80;50;-0,10;-0,20;
2026-07-24 06:01:00.0;OFF;ON;50;-0,70;0,30;0,10;-2,90;97,20;0;0,80;5,80;50;0;-0,20;
2026-07-24 06:02:00.0;OFF;ON;50;-0,70;0,30;0,10;-2,90;97,10;0;0,80;5,80;50;0;-0,20;
2026-07-24 06:03:00.0;OFF;ON;50;-0,70;0,30;0,10;-2,90;97;0;0,80;5,80;50;-0,10;-0,30;
2026-07-24 06:04:00.0;OFF;ON;50;-0,70;0,30;0,10;-2,90;97,10;0;0,80;5,80;50;-0,10;-0,30;
2026-07-24 06:05:00.0;OFF;ON;50;-0,70;0,30;0,10;-3;97;0;0,70;5,80;50;-0,10;-0,30;
2026-07-24 06:06:00.0;OFF;ON;50;-0,70;0,50;0,10;-2,70;97;0;0,70;5,80;50;-0,10;-0,30;
2026-07-24 06:07:00.0;OFF;ON;50;-0,80;0,50;0,10;-2,60;97,30;0;0,90;5,60;50;-0,10;-0,30;
2026-07-24 06:08:00.0;OFF;ON;50;-0,60;0,60;0,20;-2,50;97,50;0;0,70;5,60;50;-0,10;-0,30;
2026-07-24 06:09:00.0;OFF;ON;50;-0,70;0,60;0,20;-2,40;97,70;0;0,90;5,60;50;-0,10;-0,20;
2026-07-24 06:10:00.0;OFF;ON;50;-0,70;0,60;0,20;-2,50;97,50;0;0,90;5,60;50;-0,10;-0,20;
2026-07-24 06:11:00.0;OFF;ON;50;-0,60;0,50;0,10;-2,70;97,40;0;0,80;5,60;50;-0,10;-0,20;
2026-07-24 06:12:00.0;OFF;ON;50;-0,60;0,50;0,10;-2,80;97,30;0;0,70;5,60;50;-0,10;-0,20;
2026-07-24 06:13:00.0;OFF;ON;50;-0,70;0,50;0,10;-2,90;97,20;0;0,80;5,60;50;-0,10;-0,20;
2026-07-24 06:14:00.0;OFF;ON;50;-0,70;0,40;0;-2,90;97,10;0;0,80;5,60;50;-0,10;-0,30;
2026-07-24 06:15:00.0;OFF;ON;50;-0,70;0,50;0,10;-2,60;97,20;0;0,80;5,60;50;-0,10;-0,30;
2026-07-24 06:16:00.0;OFF;ON;50;-0,80;0,50;0,10;-2,50;97,50;0;0,90;5,60;50;-0,10;-0,30;
2026-07-24 06:17:00.0;OFF;ON;50;-0,60;0,60;0,20;-2,50;97,80;0;0,80;5,60;50;-0,10;-0,30;
2026-07-24 06:18:00.0;OFF;ON;50;-0,60;0,60;0,20;-2,40;97,90;0;0,80;5,60;50;-0,10;-0,20;
2026-07-24 06:19:00.0;OFF;ON;50;-0,60;0,60;0,20;-2,40;97,90;0;0,80;5,60;50;-0,10;-0,20;
2026-07-24 06:20:00.0;OFF;ON;50;-0,60;0,60;0,20;-2,50;97,80;0;0,80;5,60;50;-0,10;-0,20;
2026-07-24 06:21:00.0;OFF;ON;50;-0,70;0,30;0,10;-2,70;97,60;0;0,80;5,60;50;-0,10;-0,20;
2026-07-24 06:22:00.0;OFF;ON;50;-0,70;0,30;0,10;-2,80;97,50;0;0,80;5,80;50;-0,10;-0,20;
2026-07-24 06:23:00.0;OFF;ON;50;-0,70;0,30;0,10;-2,80;97,30;0;0,80;5,80;50;-0,10;-0,20;
2026-07-24 06:24:00.0;OFF;ON;50;-0,70;0,20;0;-2,90;97,20;0;0,70;5,80;50;-0,10;-0,30;
2026-07-24 06:25:00.0;OFF;ON;50;-0,80;0,20;0;-2,90;97;0;0,80;5,80;50;-0,10;-0,30;
2026-07-24 06:26:00.0;OFF;ON;50;-0,80;0,20;0;-2,90;96,90;0;0,80;5,80;50;-0,10;-0,30;
2026-07-24 06:27:00.0;OFF;ON;50;-0,80;0,20;0;-2,90;97,10;0;0,80;5,80;50;-0,10;-0,30;
2026-07-24 06:28:00.0;OFF;ON;50;-0,70;0,30;0,10;-2,70;97,40;0;0,70;5,80;50;-0,10;-0,30;
2026-07-24 06:29:00.0;OFF;ON;50;-0,80;0,30;0,10;-2,70;97,70;0;0,80;5,80;50;-0,10;-0,30;
2026-07-24 06:30:00.0;OFF;ON;50;-0,60;0,20;0;-2,70;97,50;0;0,60;5,80;50;-0,10;-0,30;
2026-07-24 06:31:00.0;OFF;ON;50;-0,50;0,20;0;-2,80;97,30;0;0,50;5,80;50;-0,10;-0,20;
2026-07-24 06:32:00.0;OFF;ON;50;-0,50;0,30;0,10;-2,80;97,40;0;0,60;5,80;50;0;-0,20;
2026-07-24 06:33:00.0;OFF;ON;50;-0,40;0,30;0,10;-2,80;97,70;0;0,50;5,80;50;-0,10;-0,10;
2026-07-24 06:34:00.0;OFF;ON;50;-0,40;0,40;0,20;-2,70;97,80;0;0,60;5,80;50;0;-0,10;
2026-07-24 06:35:00.0;OFF;ON;50;-0,30;0,40;0,20;-2,70;97,80;0;0,50;5,80;50;0;-0,10;
2026-07-24 06:36:00.0;OFF;ON;50;-0,30;0,20;0,20;-2,70;97,60;0;0,50;5,80;50;0;0;
2026-07-24 06:37:00.0;OFF;ON;50;-0,30;0,10;0,10;-2,70;97,40;0;0,50;6;50;0;0;
2026-07-24 06:38:00.0;OFF;ON;50;-0,30;0,10;0,10;-2,70;97,40;0;0,50;6;50;0;0;
2026-07-24 06:39:00.0;OFF;ON;50;-0,20;0,10;0,10;-2,70;97,30;0;0,30;6;50;0;0;
2026-07-24 06:40:00.0;OFF;ON;50;-0,20;0,10;0,10;-2,80;97,30;0;0,40;6;50;0;0;
2026-07-24 06:41:00.0;OFF;ON;50;-0,30;0,10;0,10;-2,80;97,20;0;0,40;6;50;0;0;
2026-07-24 06:42:00.0;OFF;ON;50;-0,20;0,10;0,10;-2,80;97,20;0;0,30;6;50;0;0;
2026-07-24 06:43:00.0;OFF;ON;50;-0,20;0,10;0,10;-2,80;97,20;0;0,40;6;50;0;0;
2026-07-24 06:44:00.0;OFF;ON;50;-0,30;0,10;0,10;-2,80;97,30;0;0,50;6;50;0;0;
2026-07-24 06:45:00.0;OFF;ON;50;-0,20;0,10;0,10;-2,80;97,30;0;0,40;6;50;0;0;
2026-07-24 06:46:00.0;OFF;ON;50;-0,20;0,20;0,20;-2,80;97,50;0;0,40;6;50;0;0;
2026-07-24 06:47:00.0;OFF;ON;50;-0,20;0,20;0,20;-2,70;97,70;0;0,40;6;50;0;0,10;
2026-07-24 06:48:00.0;OFF;ON;50;-0,30;0,20;0,20;-2,70;97,70;0;0,50;6;50;0;0,10;
2026-07-24 06:49:00.0;OFF;ON;50;-0,40;0,20;0,20;-2,70;97,50;0;0,60;6;50;0;0;
2026-07-24 06:50:00.0;OFF;ON;50;-0,50;0,20;0,20;-2,70;97,50;0;0,60;6;50;0;0;
2026-07-24 06:51:00.0;OFF;ON;50;-0,50;0,20;0,20;-2,70;97,90;4,20;0,70;6;50;0;-0,10;
2026-07-24 06:52:00.0;OFF;ON;50;-0,60;0,20;0,20;-2,60;98;0;0,80;6;50;0;-0,10;
2026-07-24 06:53:00.0;OFF;ON;50;-0,60;0,20;0,20;-2,60;98;0;0,80;6;50;0;-0,10;
2026-07-24 06:54:00.0;OFF;ON;50;-0,50;0,20;0,20;-2,60;98;0;0,70;6;50;0;-0,20;
2026-07-24 06:55:00.0;OFF;ON;50;-0,60;0,20;0,20;-2,60;98;0;0,80;6;50;-0,10;-0,20;
2026-07-24 06:56:00.0;OFF;ON;50;-0,70;0,20;0,20;-2,60;98;0;0,80;6;50;-0,10;-0,20;
2026-07-24 06:57:00.0;OFF;ON;50;-0,60;0,20;0,20;-2,60;98;0;0,80;6;50;-0,10;-0,20;
2026-07-24 06:58:00.0;OFF;ON;50;-0,60;0,20;0,20;-2,60;98,10;0;0,80;6;50;-0,10;-0,20;
2026-07-24 06:59:00.0;OFF;ON;50;-0,70;0,20;0,20;-2,60;98,10;0;0,80;6;50;-0,10;-0,20;
2026-07-24 07:00:00.0;OFF;ON;50;-0,60;0,20;0,20;-2,60;98,10;0;0,80;6;50;-0,10;-0,20;
2026-07-24 07:01:00.0;OFF;ON;50;-0,70;0,10;0,10;-2,70;97,80;0;0,80;6;50;-0,10;-0,20;
2026-07-24 07:02:00.0;OFF;ON;50;-0,70;0,10;0,10;-2,80;97,60;0;0,70;6;50;-0,10;-0,20;
2026-07-24 07:03:00.0;OFF;ON;50;-0,80;0;0;-2,80;97,20;0;0,80;6;50;-0,10;-0,30;
2026-07-24 07:04:00.0;OFF;ON;50;-0,80;0;0;-2,90;97,10;0;0,80;6;50;-0,20;-0,30;
2026-07-24 07:05:00.0;OFF;ON;50;-0,80;-0,10;-0,10;-3;96,90;0;0,70;6;50;-0,20;-0,30;
2026-07-24 07:06:00.0;OFF;ON;50;-0,90;-0,10;-0,10;-3;96,80;0;0,80;6;50;-0,20;-0,40;
2026-07-24 07:07:00.0;OFF;ON;50;-1;-0,10;-0,10;-3,10;96,50;0;0,80;6;50;-0,20;-0,40;
2026-07-24 07:08:00.0;OFF;ON;50;-1;-0,20;-0,20;-3,10;96,50;0;0,80;6;50;-0,20;-0,40;
2026-07-24 07:09:00.0;OFF;ON;50;-0,90;-0,20;-0,20;-3,10;96,40;0;0,70;6;50;-0,30;-0,50;
2026-07-24 07:10:00.0;OFF;ON;50;-0,90;-0,20;-0,20;-3,20;96,20;0;0,70;6;50;-0,30;-0,50;
2026-07-24 07:11:00.0;OFF;ON;50;-1,10;-0,20;-0,20;-3,20;96,10;0;0,80;6;50;-0,30;-0,50;
2026-07-24 07:12:00.0;OFF;ON;50;-1,10;-0,20;-0,20;-3,20;96,50;0;0,80;6;50;-0,30;-0,50;
2026-07-24 07:13:00.0;OFF;ON;50;-1,10;-0,20;-0,20;-3,20;96,90;0;0,90;6;50;-0,30;-0,50;
2026-07-24 07:14:00.0;OFF;ON;50;-0,80;-0,10;-0,10;-3,20;97,30;0;0,70;6;50;-0,30;-0,60;
2026-07-24 07:15:00.0;OFF;ON;50;-0,60;-0,10;-0,10;-3,10;97,60;0;0,50;6;50;-0,30;-0,40;
2026-07-24 07:16:00.0;OFF;ON;50;-0,70;-0,10;-0,10;-3;97,80;0;0,60;6;50;-0,30;-0,30;
2026-07-24 07:17:00.0;OFF;ON;50;-0,60;0;0;-2,90;98;0;0,60;6;50;-0,20;-0,30;
2026-07-24 07:18:00.0;OFF;ON;50;-0,60;0;0;-2,90;98;0;0,60;6;50;-0,20;-0,30;
2026-07-24 07:19:00.0;OFF;ON;50;-0,80;0;0;-2,90;98;0;0,80;6;50;-0,20;-0,30;
2026-07-24 07:20:00.0;OFF;ON;50;-0,80;0;0;-2,90;98,10;0;0,80;6;50;-0,20;-0,30;
2026-07-24 07:21:00.0;OFF;ON;50;-0,60;0;0;-2,90;98,10;0;0,60;6;50;-0,20;-0,30;
2026-07-24 07:22:00.0;OFF;ON;50;-0,60;0;0;-2,80;98,10;0;0,60;6;50;-0,20;-0,30;
2026-07-24 07:23:00.0;OFF;ON;50;-0,60;0;0;-2,80;98,10;0;0,60;6;50;-0,20;-0,30;
2026-07-24 07:24:00.0;OFF;ON;50;-0,60;0;0;-2,90;97,90;0;0,60;6;50;-0,20;-0,30;
2026-07-24 07:25:00.0;OFF;ON;50;-0,60;0;0;-2,90;97,50;0;0,60;6;50;-0,20;-0,30;
2026-07-24 07:26:00.0;OFF;ON;50;-0,60;-0,10;-0,10;-2,90;97,20;0;0,50;6;50;-0,30;-0,30;
2026-07-24 07:27:00.0;OFF;ON;50;-0,70;-0,10;-0,10;-3;96,90;0;0,60;6;50;-0,30;-0,30;
2026-07-24 07:28:00.0;OFF;ON;50;-0,70;-0,20;-0,20;-3,10;96,70;0;0,50;6;50;-0,30;-0,30;
2026-07-24 07:29:00.0;OFF;ON;50;-0,80;-0,20;-0,20;-3,10;96,60;0;0,60;6;50;-0,30;-0,40;
2026-07-24 07:30:00.0;OFF;ON;50;-0,70;-0,20;-0,20;-3,20;96,40;0;0,50;6;50;-0,30;-0,40;
2026-07-24 07:31:00.0;OFF;ON;50;-0,80;-0,20;-0,20;-3,20;96,30;0;0,60;6;50;-0,30;-0,40;
2026-07-24 07:32:00.0;OFF;ON;50;-0,90;-0,20;-0,20;-3,20;96,70;0;0,70;6;50;-0,30;-0,40;
2026-07-24 07:33:00.0;OFF;ON;50;-0,80;-0,20;-0,20;-3,10;97,30;0;0,60;6;50;-0,40;-0,40;
2026-07-24 07:34:00.0;OFF;ON;50;-0,90;-0,10;-0,10;-3,10;97,70;0;0,70;6;50;-0,30;-0,40;
2026-07-24 07:35:00.0;OFF;ON;50;-0,80;-0,10;-0,10;-3;98;0;0,70;6;50;-0,30;-0,40;
2026-07-24 07:36:00.0;OFF;ON;50;-0,70;-0,10;-0,10;-3;98;0;0,60;6;50;-0,30;-0,40;
2026-07-24 07:37:00.0;OFF;ON;50;-0,80;0;0;-3;98;0;0,70;6;50;-0,30;-0,40;
2026-07-24 07:38:00.0;OFF;ON;50;-0,70;0;0;-2,90;98,10;0;0,70;6;50;-0,30;-0,40;
2026-07-24 07:39:00.0;OFF;ON;50;-0,70;0;0;-2,90;98,10;0;0,60;6;50;-0,30;-0,40;
2026-07-24 07:40:00.0;OFF;ON;50;-0,70;0;0;-2,90;98,10;0;0,70;6;50;-0,30;-0,30;
2026-07-24 07:41:00.0;OFF;ON;50;-0,70;0;0;-2,90;98,10;0;0,70;6;50;-0,30;-0,30;
2026-07-24 07:42:00.0;OFF;ON;50;-0,70;0;0;-2,90;98,10;0;0,70;6;50;-0,30;-0,30;
2026-07-24 07:43:00.0;OFF;ON;50;-0,70;0;0;-2,90;98,10;0;0,70;6;50;-0,30;-0,30;
2026-07-24 07:44:00.0;OFF;ON;50;-0,70;0;0;-2,90;98,10;0;0,70;6;50;-0,30;-0,30;
2026-07-24 07:45:00.0;OFF;ON;50;-0,70;0;0;-2,80;98,10;0;0,60;6;50;-0,30;-0,30;
2026-07-24 07:46:00.0;OFF;ON;50;-0,60;0;0;-2,90;98;0;0,60;6;50;-0,30;-0,30;
2026-07-24 07:47:00.0;OFF;ON;50;-0,60;0;0;-2,80;98;0;0,60;6;50;-0,30;-0,30;
2026-07-24 07:48:00.0;OFF;ON;50;-0,60;0;0;-2,90;98;0;0,60;6;50;-0,30;-0,30;
2026-07-24 07:49:00.0;OFF;ON;50;-0,70;0,10;0,10;-2,80;97,90;0;0,80;6;50;-0,30;-0,30;
2026-07-24 07:50:00.0;OFF;ON;50;-0,60;0;0;-2,80;97,90;0;0,70;6;50;-0,30;-0,30;
2026-07-24 07:51:00.0;OFF;ON;50;-0,60;0;0;-2,80;98;0;0,70;6;50;-0,30;-0,30;
2026-07-24 07:52:00.0;OFF;ON;50;-0,60;0;0;-2,80;98;0;0,60;6;50;-0,20;-0,30;
2026-07-24 07:53:00.0;OFF;ON;50;-0,70;0;0;-2,80;98;0;0,70;6;50;-0,20;-0,30;
2026-07-24 07:54:00.0;OFF;ON;50;-0,70;0;0;-2,80;98;0;0,70;6;50;-0,20;-0,30;
2026-07-24 07:55:00.0;OFF;ON;50;-0,60;0;0;-2,80;98;0;0,60;6;50;-0,20;-0,30;
2026-07-24 07:56:00.0;OFF;ON;50;-0,60;0;0;-2,80;98;0;0,60;6;50;-0,20;-0,30;
2026-07-24 07:57:00.0;OFF;ON;50;-0,40;0;0;-2,80;98;0;0,40;6;50;-0,20;-0,30;
2026-07-24 07:58:00.0;OFF;ON;50;0,10;0,10;0,10;-2,80;98,10;0;0;6;50,20;-0,20;-0,10;
2026-07-24 07:59:00.0;OFF;ON;50;0,20;0,20;0,20;-2,70;98,10;0;0;6;50,30;-0,10;0,10;
2026-07-24 08:00:00.0;OFF;ON;50;0,50;-1,70;0,30;-2,70;98,30;0;-0,20;6;59,40;0;0,30;
2026-07-24 08:01:00.0;ON;OFF;50;0,40;-1,60;0,40;-2,60;98,30;0;0;2;60,80;0;0,30;
2026-07-24 08:02:00.0;ON;OFF;50;0,60;-1,60;0,40;-2,50;98,30;0;-0,20;2;63,90;0,10;0,30;
2026-07-24 08:03:00.0;ON;OFF;50;0,50;-1,60;0,40;-2,50;98,30;0;-0,10;2;66,40;0,10;0,30;
2026-07-24 08:04:00.0;ON;OFF;50;0,80;-1,60;0,40;-2,50;98,40;0;-0,40;2;70,40;0,10;0,30;
2026-07-24 08:05:00.0;ON;OFF;50;0,90;-1,60;0,40;-2,50;98,40;0;-0,50;2;73,70;0,10;0,30;
2026-07-24 08:06:00.0;ON;OFF;50;0,90;-1,60;0,40;-2,50;98,30;0;-0,50;2;76,70;0,10;0,30;
2026-07-24 08:07:00.0;ON;OFF;50;0,80;-1,60;0,40;-2,40;98,30;0;-0,40;2;79;0,10;0,30;
2026-07-24 08:08:00.0;ON;OFF;50;0,90;-1,60;0,40;-2,40;98,40;0;-0,40;2;82,20;0,10;0,30;
2026-07-24 08:09:00.0;ON;OFF;50;0,90;-1,60;0,40;-2,40;98,30;0;-0,40;2;85,20;0,10;0,30;
2026-07-24 08:10:00.0;ON;OFF;50;0,90;-1,60;0,40;-2,30;98,30;0;-0,50;2;87,80;0,10;0,30;
2026-07-24 08:11:00.0;ON;OFF;50;0,90;-1,50;0,50;-2,20;98,20;0;-0,40;2;91;0,20;0,30;
2026-07-24 08:12:00.0;ON;OFF;50;1;-1,30;0,70;-2,10;98,20;0;-0,40;2;93,20;0,30;0,30;
2026-07-24 08:13:00.0;ON;OFF;50;0,90;-1,40;0,60;-2,10;98,30;0;-0,30;2;96,50;0,20;0,30;
2026-07-24 08:14:00.0;ON;OFF;50;1;-1,40;0,60;-2,20;98,20;0;-0,50;2;99,90;0,20;0,30;
2026-07-24 08:15:00.0;ON;OFF;50;1;-1,50;0,50;-2,20;98,30;0;-0,40;2;99,70;0,20;0,30;
2026-07-24 08:16:00.0;ON;OFF;50;1,10;-1,50;0,50;-2,30;98,40;0;-0,60;2;100;0,10;0,30;
2026-07-24 08:17:00.0;ON;OFF;50;1;-1,50;0,50;-2,30;98,40;0;-0,50;2;99,60;0,20;0,30;
2026-07-24 08:18:00.0;ON;OFF;50;1,20;-1,50;0,50;-2,20;98,40;0;-0,60;2;100;0,10;0,30;
2026-07-24 08:19:00.0;ON;OFF;50;1,10;-1,50;0,50;-2,10;98,40;0;-0,60;2;99,70;0,10;0,30;
2026-07-24 08:20:00.0;ON;OFF;50;1,20;-1,50;0,50;-2,20;98,30;0;-0,70;2;100;0,10;0,30;
2026-07-24 08:21:00.0;ON;OFF;50;1,20;-1,50;0,50;-2,20;98,40;0;-0,70;2;100;0,10;0,30;
2026-07-24 08:22:00.0;ON;OFF;50;1,30;-1,50;0,50;-2,20;98,40;0;-0,70;2;100;0,10;0,30;
2026-07-24 08:23:00.0;ON;OFF;50;1,20;-1,50;0,50;-2,20;98,40;0;-0,70;2;99,70;0,10;0,30;
2026-07-24 08:24:00.0;ON;OFF;50;1,30;-1,50;0,50;-2,10;98,40;0;-0,70;2;100;0,10;0,30;
2026-07-24 08:25:00.0;ON;OFF;50;1,30;-1,50;0,60;-2,10;98,30;0;-0,80;2;100;0,10;0,30;
2026-07-24 08:26:00.0;ON;OFF;50;1,30;-1,40;0,60;-2,10;98,30;0;-0,70;2;100;0,20;0,30;
2026-07-24 08:27:00.0;ON;OFF;50;1,40;-1,30;0,70;0,40;98,40;0;-0,70;2;100;0,20;0,30;
2026-07-24 08:28:00.0;ON;OFF;50;1,50;-1;1;-0,90;98,40;0;-0,50;2;100;1,10;0,30;
2026-07-24 08:29:00.0;ON;OFF;50;1,60;-0,70;1,30;-1,10;98,40;0;-0,40;2;100;1,70;0,40;
2026-07-24 08:30:00.0;ON;OFF;50;1,80;-0,60;1,40;-0,90;98,40;0;-0,40;2;100;1,50;0,40;
2026-07-24 08:31:00.0;ON;OFF;50;1,90;-0,50;1,50;-0,90;98,40;0;-0,40;2;100;1,40;0,40;
2026-07-24 08:32:00.0;ON;OFF;50;1,90;-0,60;1,40;-0,70;98,40;0;-0,50;2;99,70;1,30;0,50;
2026-07-24 08:33:00.0;ON;OFF;50;2;-0,50;1,50;-0,70;98,40;0;-0,50;2;99,70;1,20;0,50;
2026-07-24 08:34:00.0;ON;OFF;50;2,20;-0,30;1,70;-0,70;98,40;0;-0,50;2;100;1,40;0,60;
2026-07-24 08:35:00.0;ON;OFF;50;2,30;-0,10;1,90;-0,50;98,40;0;-0,50;2;100;1,60;0,70;
2026-07-24 08:36:00.0;ON;OFF;50;2,40;-0,10;1,90;0,40;98,40;0;-0,50;2;99,70;1,70;0,80;
2026-07-24 08:37:00.0;ON;OFF;50;2,70;0;2;1;98,40;0;-0,60;2;100;1,80;1,10;
2026-07-24 08:38:00.0;ON;OFF;50;2,80;0,40;2,40;1,20;98,40;0;-0,50;2;100;2,20;1,80;
2026-07-24 08:39:00.0;ON;OFF;50;3;0,70;2,70;1,40;98,40;0;-0,30;2;100;2,90;2,70;
2026-07-24 08:40:00.0;ON;OFF;50;3,10;0,90;2,90;1,10;98,40;0;-0,20;2;99,70;3;3;
2026-07-24 08:41:00.0;ON;OFF;50;3,40;1,20;3,20;0,80;98,40;0;-0,20;2;99,70;3,30;3,40;
2026-07-24 08:42:00.0;ON;OFF;50;3,70;1,50;3,50;1,20;98,40;0;-0,20;2;99,70;3,50;3,70;
2026-07-24 08:43:00.0;ON;OFF;50;4;1,70;3,70;1,30;98,40;0;-0,30;2;100;3,80;3,90;
2026-07-24 08:44:00.0;ON;OFF;50;4,30;2;4;1,60;98,40;0;-0,30;2;100;3,90;4,20;
2026-07-24 08:45:00.0;ON;OFF;50;4,50;2,20;4,20;1,80;98,40;0;-0,30;2;100;4;4,30;
2026-07-24 08:46:00.0;ON;OFF;50;4,70;2,30;4,30;2;98,40;0;-0,40;2;100;4,20;4,50;
2026-07-24 08:47:00.0;ON;OFF;50;4,80;2,50;4,50;2,20;98,40;0;-0,30;2;100;4,50;4,70;
2026-07-24 08:48:00.0;ON;OFF;50;5;2,70;4,70;2,40;98,40;2,50;-0,30;2;100;4,60;4,90;
2026-07-24 08:49:00.0;ON;OFF;50;5,20;3;5;2,70;98,40;0;-0,20;2;100;4,90;5,10;
2026-07-24 08:50:00.0;ON;OFF;50;5,30;3,20;5,20;2,80;98,40;0;-0,20;2;100;5,20;5,30;
2026-07-24 08:51:00.0;ON;OFF;50;5,60;3,40;5,40;3,10;98,50;0;-0,20;2;100;5,20;5,60;
2026-07-24 08:52:00.0;ON;OFF;50;5,70;3,70;5,70;3,40;98,50;0;0;2;100;5,50;5,80;
2026-07-24 08:53:00.0;ON;OFF;50;6;3,90;5,90;3,70;98,50;0;-0,10;2;100;5,60;5,90;
2026-07-24 08:54:00.0;ON;OFF;50;6,20;4,20;6,20;4;98,50;0;0;2;99,60;5,70;6,10;
2026-07-24 08:55:00.0;ON;OFF;50;6,40;4,50;6,50;4,40;98,50;0;0,10;2;99,50;6,20;6,30;
2026-07-24 08:56:00.0;ON;OFF;50;6,60;4,80;6,80;4,50;98,50;0;0,20;2;100;6,50;6,70;
2026-07-24 08:57:00.0;ON;OFF;50;6,70;5,10;7,10;5;98,50;0;0,40;2;100;6,70;6,80;
2026-07-24 08:58:00.0;ON;OFF;50;6,40;5,30;7,30;5,40;98,50;0;0,80;2;99,50;6,70;6,90;
2026-07-24 08:59:00.0;ON;OFF;50;6,20;5,30;7,30;5,70;98,50;0;1,20;2;99,20;6,80;6,80;
2026-07-24 09:00:00.0;ON;OFF;50;5,60;5,20;7,20;5,40;98,50;0;1,60;2;98,30;6,50;6,60;
2026-07-24 09:01:00.0;ON;OFF;50;4,90;5,20;7,20;5,50;98,50;0;2,30;2;95,70;6,40;6,10;
2026-07-24 09:02:00.0;ON;OFF;50;4,10;4,90;6,90;5,30;98,50;0;2,80;2;93,30;6,10;5,50;
2026-07-24 09:03:00.0;ON;OFF;50;2,60;4,30;6,30;4,90;98,50;0;3,70;2;87,30;5,50;4,40;
2026-07-24 09:04:00.0;ON;OFF;50;1,90;3,90;5,90;4,50;98,50;0;4;2;84,30;5,10;4;
2026-07-24 09:05:00.0;ON;OFF;50;0,50;3,40;5,40;4,10;98,50;0;4,90;2;76,90;4,60;3,20;
2026-07-24 09:06:00.0;ON;OFF;50;0,10;3,10;5,10;3,70;98,50;0;5;2;73,10;4,30;2,70;
2026-07-24 09:07:00.0;ON;OFF;50;-0,40;2,70;4,70;3,50;98,50;0;5,20;2;68,80;3,90;2,30;
2026-07-24 09:08:00.0;ON;OFF;50;-1,10;2,60;4,60;3,30;98,40;0;5,60;2;63,70;3,80;2,10;
2026-07-24 09:09:00.0;ON;OFF;50;-0,30;2,30;4,30;3,10;98,40;0;4,60;2;63,80;3,60;1,60;
2026-07-24 09:10:00.0;ON;OFF;50;-0,20;2;4;2,80;98,30;0;4,30;2;61,80;3,40;1,70;
2026-07-24 09:11:00.0;ON;OFF;50;-0,30;2;4;2,60;98,50;0;4,30;2;59,10;3,30;1,60;
2026-07-24 09:12:00.0;ON;OFF;50;-0,10;1,90;3,90;2,50;98,40;0;3,90;2;58,40;3,10;1,50;
2026-07-24 09:13:00.0;ON;OFF;50;0;1,80;3,80;2,40;98,50;0;3,80;2;56,50;3,10;1,50;
2026-07-24 09:14:00.0;ON;OFF;50;0,10;1,70;3,70;2,30;98,50;0;3,60;2;55,20;2,90;1,50;
2026-07-24 09:15:00.0;ON;OFF;50;0;1,60;3,60;2,20;98,50;0;3,60;2;53,50;2,90;1,50;
2026-07-24 09:16:00.0;ON;OFF;50;0,10;1,60;3,60;2,10;98,50;0;3,50;2;52,10;2,90;1,50;
2026-07-24 09:17:00.0;ON;OFF;50;0,30;1,60;3,60;2,20;98,50;0;3,30;2;51,10;2,80;1,50;
2026-07-24 09:18:00.0;ON;OFF;50;0,60;1,60;3,60;2,10;98,50;0;3;2;51,40;2,80;1,70;
2026-07-24 09:19:00.0;ON;OFF;50;1,20;1,60;3,60;2,10;98,50;0;2,50;2;52,40;2,90;1,90;
2026-07-24 09:20:00.0;ON;OFF;50;1,20;1,80;3,80;2,10;98,50;0;2,60;2;51,30;3,20;2,20;
2026-07-24 09:21:00.0;ON;OFF;50;1,40;2;4;2,30;98,50;0;2,60;2;50,60;3,40;2,40;
2026-07-24 09:22:00.0;ON;OFF;50;1,40;2,10;4,10;2,50;98,50;0;2,70;2;50;3,50;2,50;
2026-07-24 09:23:00.0;ON;OFF;50;1,80;2,20;4,20;2,60;98,50;0,30;2,40;2;50;3,50;2,60;
2026-07-24 09:24:00.0;ON;OFF;50;2;2,30;4,30;2,90;98,50;0;2,30;2;50;3,50;2,70;
2026-07-24 09:25:00.0;ON;OFF;50;1,90;2,30;4,30;2,90;98,50;0;2,40;2;50;3,70;2,80;
2026-07-24 09:26:00.0;ON;OFF;50;2;2,40;4,40;2,90;98,50;0;2,30;2;50;3,70;2,90;
2026-07-24 09:27:00.0;ON;OFF;50;2,20;2,50;4,50;3;98,50;0;2,30;2;50;3,90;3;
2026-07-24 09:28:00.0;ON;OFF;50;2;2,60;4,60;3;98,50;0;2,70;2;50;3,90;3,10;
2026-07-24 09:29:00.0;ON;OFF;50;1,90;2,60;4,60;3,10;98,50;0;2,70;2;50;3,90;3;
2026-07-24 09:30:00.0;ON;OFF;50;2,20;2,60;4,60;3,10;98,50;0;2,50;2;50;3,90;3;
2026-07-24 09:31:00.0;ON;OFF;50;2,20;2,60;4,60;3,20;98,50;0;2,40;2;50;3,90;3,20;
2026-07-24 09:32:00.0;ON;OFF;50;2,20;2,70;4,70;3,30;98,50;0;2,50;2;50;4;3,20;
2026-07-24 09:33:00.0;ON;OFF;50;2,90;2,70;4,70;3,30;98,50;0;1,80;2;50,80;4;3,20;
2026-07-24 09:34:00.0;ON;OFF;50;3;2,90;4,90;3,30;98,50;0;1,80;2;51,20;4,20;3,70;
2026-07-24 09:35:00.0;ON;OFF;50;3,10;3;5;3,40;98,50;0;1,90;2;51;4,30;3,70;
2026-07-24 09:36:00.0;ON;OFF;50;3,50;3,10;5,10;3,50;98,50;0;1,60;2;52,40;4,30;3,80;
2026-07-24 09:37:00.0;ON;OFF;50;3,50;3,20;5,20;3,60;98,50;0;1,60;2;52,70;4,50;4;
2026-07-24 09:38:00.0;ON;OFF;50;3,70;3,30;5,30;3,70;98,50;0;1,60;2;53,10;4,60;4,10;
2026-07-24 09:39:00.0;ON;OFF;50;3,20;3,50;5,50;3,90;98,50;0;2,30;2;50,40;4,80;4,20;
2026-07-24 09:40:00.0;ON;OFF;50;3;3,50;5,50;3,90;98,50;0;2,50;2;50;4,80;4,10;
2026-07-24 09:41:00.0;ON;OFF;50;2,70;3,40;5,40;3,80;98,50;0;2,70;2;50;4,70;4;
2026-07-24 09:42:00.0;ON;OFF;50;3;3,40;5,40;3,80;98,50;0;2,30;2;50;4,60;3,80;
2026-07-24 09:43:00.0;ON;OFF;50;2,90;3,40;5,40;3,80;98,50;0;2,50;2;50;4,50;3,80;
2026-07-24 09:44:00.0;ON;OFF;50;2,70;3,40;5,40;3,90;98,50;0;2,70;2;50;4,50;3,70;
2026-07-24 09:45:00.0;ON;OFF;50;3,10;3,40;5,40;3,90;98,50;0;2,30;2;50;4,60;3,70;
2026-07-24 09:46:00.0;ON;OFF;50;3,10;3,50;5,50;3,90;98,50;0;2,40;2;50;4,80;4;
2026-07-24 09:47:00.0;ON;OFF;50;2,90;3,50;5,50;3,80;98,50;0;2,60;2;50;4,80;3,90;
2026-07-24 09:48:00.0;ON;OFF;50;3,10;3,50;5,50;3,80;98,50;0;2,40;2;50;4,80;3,90;
2026-07-24 09:49:00.0;ON;OFF;50;2,70;3,40;5,40;3,70;98,50;0;2,70;2;50;4,70;3,90;
2026-07-24 09:50:00.0;ON;OFF;50;2,70;3,40;5,40;3,70;98,50;0;2,70;2;50;4,60;3,80;
2026-07-24 09:51:00.0;ON;OFF;50;2,50;3,30;5,30;3,70;98,50;0;2,80;2;50;4,60;3,70;
2026-07-24 09:52:00.0;ON;OFF;50;2,90;3,30;5,30;3,60;98,50;0;2,40;2;50;4,70;3,70;
2026-07-24 09:53:00.0;ON;OFF;50;2,70;3,30;5,30;3,50;98,50;0;2,60;2;50;4,70;3,80;
2026-07-24 09:54:00.0;ON;OFF;50;2,70;3,40;5,40;3,50;98,50;0;2,60;2;50;4,80;3,80;
2026-07-24 09:55:00.0;ON;OFF;50;2,80;3,40;5,40;3,50;98,50;0;2,60;2;50;4,80;3,80;
2026-07-24 09:56:00.0;ON;OFF;50;2,80;3,40;5,40;3,50;98,50;0;2,60;2;50;4,80;3,90;
2026-07-24 09:57:00.0;ON;OFF;50;2,60;3,40;5,40;3,50;98,50;0;2,70;2;50;4,80;3,80;
2026-07-24 09:58:00.0;ON;OFF;50;2,60;3,30;5,30;3,40;98,50;0;2,70;2;50;4,80;3,80;
2026-07-24 09:59:00.0;ON;OFF;50;2,90;3,30;5,30;3,30;98,50;0;2,40;2;50;4,80;3,80;
2026-07-24 10:00:00.0;ON;OFF;50;3;3,30;5,30;3,30;98,50;0;2,30;2;50;4,80;3,90;
2026-07-24 10:01:00.0;ON;OFF;50;3;3,30;5,30;3,40;98,50;0;2,30;2;50;4,80;3,90;
2026-07-24 10:02:00.0;ON;OFF;50;3,20;3,40;5,40;3,50;98,50;0;2,20;2;50;4,90;4;
2026-07-24 10:03:00.0;ON;OFF;50;3;3,40;5,40;3,50;98,50;0;2,40;2;50;4,90;4;
2026-07-24 10:04:00.0;ON;OFF;50;3;3,40;5,40;3,50;98,50;0;2,30;2;50;4,80;4;
2026-07-24 10:05:00.0;ON;OFF;50;3,20;3,40;5,40;3,60;98,50;0;2,20;2;50;4,80;4;
2026-07-24 10:06:00.0;ON;OFF;50;3;3,60;5,60;34,50;98,50;122,10;2,60;2;50;5;4;
2026-07-24 10:07:00.0;ON;OFF;50;2,90;3,60;5,60;41,20;98,50;124,40;2,70;2;50;5;4,10;
2026-07-24 10:08:00.0;ON;OFF;50;2,70;3,70;5,70;43,40;98,50;124,40;3;2;50;4,90;3,90;
2026-07-24 10:09:00.0;ON;OFF;50;2,90;3,70;5,70;43,60;98,50;124,40;2,80;2;50;4,90;3,90;
2026-07-24 10:10:00.0;ON;OFF;50;2,90;3,80;5,80;43,80;98,50;124,40;2,90;2;50;5;3,90;
2026-07-24 10:11:00.0;ON;OFF;50;3,40;4;6;44;98,50;124,40;2,50;2;50;5,10;4,10;
2026-07-24 10:12:00.0;ON;OFF;50;3,40;4;6;44;98,50;124,40;2,60;2;50;5,20;4,20;
2026-07-24 10:13:00.0;ON;OFF;50;3,30;4,20;6,20;44,10;98,50;124,40;2,90;2;50;5,20;4,30;
2026-07-24 10:14:00.0;ON;OFF;50;3,30;4,30;6,30;44,20;98,50;124,40;3;2;50;5,20;4,30;
2026-07-24 10:15:00.0;ON;OFF;50;3,10;4,40;6,40;44,20;98,50;124,40;3,30;2;50;5,30;4,30;
2026-07-24 10:16:00.0;ON;OFF;50;3,30;4,40;6,40;44,20;98,50;124,40;3,10;2;50;5,40;4,30;
2026-07-24 10:17:00.0;ON;OFF;50;3,30;4,40;6,40;44,30;98,50;124,40;3,10;2;50;5,40;4,30;
2026-07-24 10:18:00.0;ON;OFF;50;3,70;4,50;6,50;44,30;98,50;124,30;2,80;2;50;5,60;4,50;
2026-07-24 10:19:00.0;ON;OFF;50;3,90;4,60;6,60;44,30;98,50;124,30;2,70;2;50;5,80;4,70;
2026-07-24 10:20:00.0;ON;OFF;50;3,60;4,80;6,80;44,30;98,50;124,20;3,20;2;50;6;4,80;
2026-07-24 10:21:00.0;ON;OFF;50;3,60;4,90;6,90;44,30;98,50;124,20;3,30;2;50;6,20;4,80;
2026-07-24 10:22:00.0;ON;OFF;50;3,50;5,10;7,10;44,30;98,50;124,20;3,50;2;50;6,20;4,80;
2026-07-24 10:23:00.0;ON;OFF;50;3,70;5;7;44,40;98,50;124,20;3,40;2;50;6,10;4,80;
2026-07-24 10:24:00.0;ON;OFF;50;3,80;5,20;7,20;44,40;98,50;124,20;3,40;2;50;6,30;4,80;
2026-07-24 10:25:00.0;ON;OFF;50;4,20;5,30;7,30;44,40;98,50;124,20;3,10;2;50;6,30;5;
2026-07-24 10:26:00.0;ON;OFF;50;4,20;5,50;7,50;44,40;98,50;124,20;3,30;2;50;6,50;5,30;
2026-07-24 10:27:00.0;ON;OFF;50;4,20;5,70;7,70;44,40;98,50;124,30;3,50;2;50;6,60;5,30;
2026-07-24 10:28:00.0;ON;OFF;50;4;5,80;7,80;44,40;98,50;124,30;3,80;2;50;6,80;5,40;
2026-07-24 10:29:00.0;ON;OFF;50;4,10;5,80;7,80;44,40;98,50;124,30;3,70;2;50;6,60;5,30;
2026-07-24 10:30:00.0;ON;OFF;50;4,20;5,80;7,80;44,40;98,50;124,30;3,60;2;50;6,50;5,20;
2026-07-24 10:31:00.0;ON;OFF;50;4,30;5,80;7,80;44,40;98,50;124,30;3,60;2;50;6,50;5,30;
2026-07-24 10:32:00.0;ON;OFF;50;4,70;6;8;44,40;98,50;124,30;3,30;2;50;6,60;5,50;
2026-07-24 10:33:00.0;ON;OFF;50;4,80;6,10;8,10;44,40;98,50;124,30;3,30;2;50;6,70;5,60;
2026-07-24 10:34:00.0;ON;OFF;50;4,70;6,20;8,20;44,40;98,50;124,20;3,50;2;50;6,90;5,70;
2026-07-24 10:35:00.0;ON;OFF;50;4,50;6,30;8,30;44,40;98,50;124,20;3,80;2;50;7;5,80;
2026-07-24 10:36:00.0;ON;OFF;50;4,60;6,30;8,30;44,40;98,60;124,20;3,70;2;50;6,80;5,60;
2026-07-24 10:37:00.0;ON;OFF;50;4,50;6,30;8,30;44,40;98,60;124,20;3,80;2;50;6,80;5,70;
2026-07-24 10:38:00.0;ON;OFF;50;4,70;6,30;8,30;44,40;98,60;124,20;3,70;2;50;6,90;5,70;
2026-07-24 10:39:00.0;ON;OFF;50;4,90;6,40;8,40;44,30;98,60;124,20;3,40;2;50;7,10;5,90;
2026-07-24 10:40:00.0;ON;OFF;50;5;5,70;8,70;44,30;98,60;124,20;3,70;3;50;7,50;6,60;
2026-07-24 10:41:00.0;OFF;ON;70;5,20;5,80;8,80;44,30;98,60;124,20;3,60;3;50;7,70;6,80;
2026-07-24 10:42:00.0;OFF;ON;70;5,30;5,90;8,90;44,30;98,60;124,20;3,60;3;50;7,70;6,90;
2026-07-24 10:43:00.0;OFF;ON;70;5,10;6,10;9,10;44,30;98,60;124,20;4;3;50;8;7,10;
2026-07-24 10:44:00.0;OFF;ON;70;5,80;6,20;9,20;44,30;98,60;124,10;3,40;3;50;8,20;7,30;
2026-07-24 10:45:00.0;OFF;ON;70;6,20;6,40;9,40;44,30;98,60;124,10;3,20;3;50;8,50;7,70;
2026-07-24 10:46:00.0;OFF;ON;70;6,50;6,60;9,60;44,20;98,60;124,10;3,10;3;50;8,80;7,90;
2026-07-24 10:47:00.0;OFF;ON;70;6,60;6,80;9,80;44,20;98,60;124,10;3,20;3;50;9,10;8,20;
2026-07-24 10:48:00.0;OFF;ON;70;6,60;7;10;44,20;98,60;124,10;3,30;3;50;9,20;8,40;
2026-07-24 10:49:00.0;OFF;ON;70;6,50;7;10;44,20;98,60;124,10;3,50;3;50;9,30;8,40;
2026-07-24 10:50:00.0;OFF;ON;70;6,30;7;10,20;44,10;98,60;124,10;3,90;3,20;50;9,30;8,40;
2026-07-24 10:51:00.0;OFF;ON;75;6,20;7,10;10,30;44,10;98,60;124,10;4,10;3,20;50;9,40;8,50;
2026-07-24 10:52:00.0;OFF;ON;75;6,30;7,20;10,40;44,10;98,60;124,10;4;3,20;50;9,50;8,50;
2026-07-24 10:53:00.0;OFF;ON;75;6,40;7,30;10,50;44,10;98,60;124,10;4,10;3,20;50;9,60;8,60;
2026-07-24 10:54:00.0;OFF;ON;75;6,30;7,40;10,60;44,10;98,60;124,10;4,40;3,20;50;9,80;8,70;
2026-07-24 10:55:00.0;OFF;ON;75;6,40;7,50;10,70;44;98,60;124,10;4,30;3,20;50;9,80;8,70;
2026-07-24 10:56:00.0;OFF;ON;75;6,30;7,50;10,70;44;98,60;124,10;4,40;3,20;50;9,90;8,80;
2026-07-24 10:57:00.0;OFF;ON;75;6,40;7,60;10,80;44;98,60;124,10;4,40;3,20;50;10;8,90;
2026-07-24 10:58:00.0;OFF;ON;75;6,40;7,60;10,80;44;98,60;124,10;4,40;3,20;50;10;8,90;
2026-07-24 10:59:00.0;OFF;ON;75;6,50;7,50;10,90;43,90;98,60;124,10;4,40;3,20;50;10,10;9;
2026-07-24 11:00:00.0;OFF;ON;80;6,50;7,60;11;43,90;98,60;124,10;4,50;3,40;50;10,20;9,10;
2026-07-24 11:01:00.0;OFF;ON;80;6,50;7,70;11,10;43,80;98,60;124,10;4,50;3,40;50;10,20;9,20;
2026-07-24 11:02:00.0;OFF;ON;80;6,60;7,70;11,10;43,80;98,60;124,10;4,50;3,40;50;10,20;9,20;
2026-07-24 11:03:00.0;OFF;ON;80;6,70;7,80;11,20;43,80;98,60;124,10;4,50;3,40;50;10,30;9,20;
2026-07-24 11:04:00.0;OFF;ON;80;6,80;7,80;11,20;43,70;98,60;124,10;4,40;3,40;50;10,30;9,30;
2026-07-24 11:05:00.0;OFF;ON;80;6,80;7,90;11,30;43,70;98,60;124,10;4,50;3,40;50;10,40;9,30;
2026-07-24 11:06:00.0;OFF;ON;80;6,90;8;11,40;43,70;98,60;124,10;4,40;3,40;50;10,40;9,30;
2026-07-24 11:07:00.0;OFF;ON;80;6,90;8,10;11,50;43,60;98,70;124,10;4,60;3,40;50;10,60;9,40;
2026-07-24 11:08:00.0;OFF;ON;80;7;8,10;11,50;43,60;98,70;124,10;4,50;3,40;50;10,60;9,50;
2026-07-24 11:09:00.0;OFF;ON;80;7;8;11,60;43,60;98,70;124,10;4,60;3,40;50;10,60;9,50;
2026-07-24 11:10:00.0;OFF;ON;85;7;8;11,60;43,50;98,70;124,10;4,60;3,60;50;10,60;9,60;
2026-07-24 11:11:00.0;OFF;ON;85;7,20;8,10;11,70;43,50;98,70;124,10;4,50;3,60;50;10,60;9,60;
2026-07-24 11:12:00.0;OFF;ON;85;7,30;8,10;11,70;43,50;98,70;124,10;4,40;3,60;50;10,60;9,60;
2026-07-24 11:13:00.0;OFF;ON;85;7,30;8,10;11,70;43,40;98,70;124,10;4,40;3,60;50;10,70;9,70;
2026-07-24 11:14:00.0;OFF;ON;85;7,30;8,20;11,80;43,40;98,70;124,10;4,50;3,60;50;10,80;9,70;
2026-07-24 11:15:00.0;OFF;ON;85;7,40;8,30;11,90;43,30;98,70;124,10;4,50;3,60;50;11;9,80;
2026-07-24 11:16:00.0;OFF;ON;85;7,30;8,30;11,90;43,30;98,70;124,10;4,60;3,60;50;10,90;9,90;
2026-07-24 11:17:00.0;OFF;ON;85;7,50;9;12;43,20;98,70;124,10;4,50;3,60;50;11,10;9,90;
2026-07-24 11:18:00.0;OFF;ON;70;7,40;9;12;43,20;98,70;124,10;4,60;3;50;11;9,70;
2026-07-24 11:19:00.0;OFF;ON;70;7,30;9,10;12,10;43,20;98,70;124;4,70;3;50;11,10;9,70;
2026-07-24 11:20:00.0;OFF;ON;70;7,40;9,10;12,10;43,10;98,70;124;4,70;3;50;11,20;9,70;
2026-07-24 11:21:00.0;OFF;ON;70;7,30;9,10;12,10;43,10;98,70;124;4,80;3;50;11,20;9,70;
2026-07-24 11:22:00.0;OFF;ON;70;7,40;9,20;12,20;43;98,70;124;4,70;3;50;11,40;9,70;
2026-07-24 11:23:00.0;OFF;ON;70;7,40;9,20;12,20;43;98,70;124;4,80;3;50;11,40;9,80;
2026-07-24 11:24:00.0;OFF;ON;70;7,30;9,20;12,20;43;98,70;124,10;4,90;3;50;11,60;9,90;
2026-07-24 11:25:00.0;OFF;ON;70;7,30;9,20;12,20;42,90;98,70;124,10;4,90;3;50;11,70;10;
2026-07-24 11:26:00.0;OFF;ON;70;7,30;9,20;12,20;42,80;98,70;124,10;4,90;3;50;11,60;10;
2026-07-24 11:27:00.0;OFF;ON;70;7,30;9;12,20;42,80;98,70;124,10;4,90;3;50;11,60;10;
2026-07-24 11:28:00.0;OFF;ON;75;7,30;9,10;12,30;42,80;98,70;124,10;5;3,20;50;11,70;10,10;
2026-07-24 11:29:00.0;OFF;ON;75;7,40;9,10;12,30;42,70;98,70;124;4,90;3,20;50;11,80;10,20;
2026-07-24 11:30:00.0;OFF;ON;75;7,50;9,20;12,40;42,70;98,70;123,90;5;3,20;50;11,90;10,30;
2026-07-24 11:31:00.0;OFF;ON;75;7,70;9,30;12,50;42,60;98,70;123,90;4,80;3,20;50;12,10;10,40;
2026-07-24 11:32:00.0;OFF;ON;75;7,70;9,40;12,60;42,60;98,70;123,90;4,90;3,20;50;12,20;10,50;
2026-07-24 11:33:00.0;OFF;ON;75;7,80;9,50;12,70;42,60;98,70;123,90;4,90;3,20;50;12,40;10,70;
2026-07-24 11:34:00.0;OFF;ON;75;7,70;9,50;12,70;42,50;98,70;123,90;5;3,20;50;12,50;10,70;
2026-07-24 11:35:00.0;OFF;ON;75;7,90;9,50;12,70;42,50;98,70;123,90;4,80;3,20;50;12,50;10,80;
2026-07-24 11:36:00.0;OFF;ON;75;7,80;9,60;12,80;42,40;98,70;123,90;5;3,20;50;12,50;10,80;
2026-07-24 11:37:00.0;OFF;ON;75;7,90;9,70;12,90;42,40;98,70;123,90;4,90;3,20;50;12,60;10,90;
2026-07-24 11:38:00.0;OFF;ON;75;7,90;9,50;12,90;42,30;98,70;123,90;5;3,40;50;12,80;11,10;
2026-07-24 11:39:00.0;OFF;ON;80;8;9,50;12,90;42,30;98,70;123,90;5;3,40;50;12,80;11,20;
2026-07-24 11:40:00.0;OFF;ON;80;8,10;9,60;13;42,20;98,70;123,90;4,90;3,40;50;12,90;11,30;
2026-07-24 11:41:00.0;OFF;ON;80;8,10;9,60;13;42,20;98,70;123,90;4,90;3,40;50;13;11,30;
2026-07-24 11:42:00.0;OFF;ON;80;8,20;9,60;13;42,10;98,70;123,90;4,80;3,40;50;13;11,40;
2026-07-24 11:43:00.0;OFF;ON;80;8,10;9,70;13,10;42,10;98,70;123,90;4,90;3,40;50;13,10;11,50;
2026-07-24 11:44:00.0;OFF;ON;80;8,30;9,70;13,10;42;98,70;123,90;4,80;3,40;50;13,10;11,50;
2026-07-24 11:45:00.0;OFF;ON;80;8,20;9,70;13,10;42;98,70;123,90;4,90;3,40;50;13,10;11,60;
2026-07-24 11:46:00.0;OFF;ON;80;8,30;9,70;13,10;41,90;98,70;123,90;4,90;3,40;50;13,20;11,70;
2026-07-24 11:47:00.0;OFF;ON;80;8,20;9,80;13,20;41,90;98,70;123,90;5;3,40;50;13,30;11,70;
2026-07-24 11:48:00.0;OFF;ON;80;8,40;9,60;13,20;41,80;98,70;123,90;4,80;3,60;50;13,20;11,80;
2026-07-24 11:49:00.0;OFF;ON;85;8,30;9,70;13,30;41,80;98,70;123,90;4,90;3,60;50;13,30;11,90;
2026-07-24 11:50:00.0;OFF;ON;85;8,50;9,70;13,30;41,70;98,70;123,90;4,80;3,60;50;13,40;11,90;
2026-07-24 11:51:00.0;OFF;ON;85;8,50;9,70;13,30;41,70;98,70;123,90;4,80;3,60;50;13,50;12;
2026-07-24 11:52:00.0;OFF;ON;85;8,40;9,60;13,20;41,60;98,70;123,90;4,80;3,60;50;13,50;12;
2026-07-24 11:53:00.0;OFF;ON;85;8,50;9,70;13,30;41,60;98,70;123,90;4,80;3,60;50;13,50;12;
2026-07-24 11:54:00.0;OFF;ON;85;8,40;9,70;13,30;41,50;98,70;123,90;4,90;3,60;50;13,50;12,10;
2026-07-24 11:55:00.0;OFF;ON;85;8,40;9,70;13,30;41,50;98,70;123,90;4,90;3,60;50;13,60;12,10;
2026-07-24 11:56:00.0;OFF;ON;85;8,50;9,80;13,40;41,40;98,70;123,90;4,80;3,60;50;13,60;12,10;
2026-07-24 11:57:00.0;OFF;ON;85;8,50;9,80;13,40;41,40;98,70;123,90;4,90;3,60;50;13,60;12,10;
2026-07-24 11:58:00.0;OFF;ON;85;8,60;9,50;13,30;41,30;98,70;123,90;4,80;3,80;50;13,60;12,20;
2026-07-24 11:59:00.0;OFF;ON;90;8,60;9,50;13,30;41,20;98,70;123,90;4,80;3,80;50;13,50;12,20;
2026-07-24 12:00:00.0;OFF;ON;90;8,50;9,50;13,30;41,20;98,70;123,90;4,90;3,80;50;13,60;12,20;
2026-07-24 12:01:00.0;OFF;ON;90;8,50;9,60;13,40;41,10;98,70;123,90;4,80;3,80;50;13,60;12,20;
2026-07-24 12:02:00.0;OFF;ON;90;8,50;9,50;13,30;41,10;98,70;123,90;4,80;3,80;50;13,50;12,20;
2026-07-24 12:03:00.0;OFF;ON;90;8,60;9,50;13,30;41;98,70;123,90;4,70;3,80;50;13,50;12,20;
2026-07-24 12:04:00.0;OFF;ON;90;8,50;9,50;13,30;41;98,70;123,90;4,80;3,80;50;13,50;12,20;
2026-07-24 12:05:00.0;OFF;ON;90;8,60;9,50;13,30;40,90;98,70;123,90;4,70;3,80;50;13,50;12,20;
2026-07-24 12:06:00.0;OFF;ON;90;8,50;9,50;13,30;40,90;98,70;123,90;4,80;3,80;50;13,50;12,20;
2026-07-24 12:07:00.0;OFF;ON;90;8,50;9,30;13,30;40,80;98,70;123,80;4,80;3,80;50;13,40;12,10;
2026-07-24 12:08:00.0;OFF;ON;95;8,60;9,30;13,30;40,80;98,70;123,90;4,70;4;50;13,50;12,20;
2026-07-24 12:09:00.0;OFF;ON;95;8,60;9,30;13,30;40,70;98,70;123,90;4,70;4;50;13,40;12,20;
2026-07-24 12:10:00.0;OFF;ON;95;8,60;9,30;13,30;40,70;98,70;123,90;4,70;4;50;13,40;12,30;
2026-07-24 12:11:00.0;OFF;ON;95;8,50;9,30;13,30;40,60;98,70;123,90;4,70;4;50;13,40;12,30;
2026-07-24 12:12:00.0;OFF;ON;95;8,60;9,20;13,20;40,60;98,70;123,90;4,70;4;50;13,40;12,30;
2026-07-24 12:13:00.0;OFF;ON;95;8,50;9,20;13,20;40,50;98,70;123,90;4,70;4;50;13,30;12,20;
2026-07-24 12:14:00.0;OFF;ON;95;8,50;9,20;13,20;40,40;98,70;123,90;4,70;4;50;13,30;12,20;
2026-07-24 12:15:00.0;OFF;ON;95;8,60;9,20;13,20;40,40;98,70;123,90;4,60;4;50;13,30;12,20;
2026-07-24 12:16:00.0;OFF;ON;95;8,40;9,20;13,20;40,40;98,70;123,90;4,70;4;50;13,30;12,20;
2026-07-24 12:17:00.0;OFF;ON;95;8,60;9;13,20;40,30;98,70;123,80;4,60;4,20;50;13,30;12,10;
2026-07-24 12:18:00.0;OFF;ON;100;8,40;8,90;13,10;40,20;98,70;123,80;4,70;4,20;50;13,20;12,10;
2026-07-24 12:19:00.0;OFF;ON;100;8,40;8,90;13,10;40,20;98,70;123,90;4,70;4,20;50;13,20;12,10;
2026-07-24 12:20:00.0;OFF;ON;100;8,40;8,90;13,10;40,10;98,70;123,80;4,70;4,20;50;13,20;12,10;
2026-07-24 12:21:00.0;OFF;ON;100;8,50;8,90;13,10;40,10;98,70;123,80;4,50;4,20;50;13,10;12;
2026-07-24 12:22:00.0;OFF;ON;100;8,30;8,80;13;40;98,70;123,80;4,70;4,20;50;13,10;12;
2026-07-24 12:23:00.0;OFF;ON;100;8,30;8,80;13;40;98,70;123,80;4,60;4,20;50;13;12;
2026-07-24 12:24:00.0;OFF;ON;100;8,30;8,80;13;39,90;98,70;123,80;4,70;4,20;50;13;11,90;
2026-07-24 12:25:00.0;OFF;ON;100;8,40;8,80;13;39,90;98,70;123,80;4,60;4,20;50;13;11,90;
2026-07-24 12:26:00.0;OFF;ON;100;8,30;8,70;12,90;39,80;98,70;123,80;4,70;4,20;50;13;11,90;
2026-07-24 12:27:00.0;OFF;ON;100;8,30;8,50;12,90;39,80;98,70;123,80;4,60;4,40;50;12,90;11,90;
2026-07-24 12:28:00.0;OFF;ON;100;8,30;8,50;12,90;39,70;98,70;123,80;4,60;4,40;50;12,90;11,90;
2026-07-24 12:29:00.0;OFF;ON;100;8,20;8,50;12,90;39,70;98,70;123,80;4,60;4,40;50;12,90;11,80;
2026-07-24 12:30:00.0;OFF;ON;100;8,30;8,50;12,90;39,70;98,70;123,80;4,60;4,40;50;12,90;11,90;
2026-07-24 12:31:00.0;OFF;ON;100;8,30;8,40;12,80;39,60;98,70;123,80;4,60;4,40;50;12,80;11,80;
2026-07-24 12:32:00.0;OFF;ON;100;8,10;8,40;12,80;39,60;98,70;123,80;4,70;4,40;50;12,80;11,80;
2026-07-24 12:33:00.0;OFF;ON;100;8,20;8,40;12,80;39,50;98,70;123,80;4,60;4,40;50;12,80;11,70;
2026-07-24 12:34:00.0;OFF;ON;100;8,10;8,40;12,80;39,50;98,70;123,80;4,60;4,40;50;12,80;11,70;
2026-07-24 12:35:00.0;OFF;ON;100;8,10;8,30;12,70;39,40;98,70;123,80;4,60;4,40;50;12,80;11,70;
2026-07-24 12:36:00.0;OFF;ON;100;8,10;8,30;12,70;39,40;98,70;123,80;4,60;4,40;50;12,70;11,70;
2026-07-24 12:37:00.0;OFF;ON;100;8;8,10;12,70;39,30;98,70;123,80;4,60;4,60;50;12,70;11,70;
2026-07-24 12:38:00.0;OFF;ON;100;8,10;8,10;12,70;39,30;98,70;123,80;4,50;4,60;50,30;12,70;11,60;
2026-07-24 12:39:00.0;OFF;ON;100;8;8;12,60;39,20;98,70;123,80;4,60;4,60;50;12,70;11,60;
2026-07-24 12:40:00.0;OFF;ON;100;8;8;12,60;39,20;98,70;123,80;4,60;4,60;50,30;12,60;11,60;
2026-07-24 12:41:00.0;OFF;ON;100;7,90;8;12,60;39,10;98,70;123,80;4,70;4,60;50;12,60;11,50;
2026-07-24 12:42:00.0;OFF;ON;100;7,90;7,90;12,50;39,10;98,70;123,80;4,70;4,60;50;12,60;11,50;
2026-07-24 12:43:00.0;OFF;ON;100;7,80;7,90;12,50;39;98,70;123,80;4,70;4,60;50;12,50;11,50;
2026-07-24 12:44:00.0;OFF;ON;100;7,90;7,90;12,50;39;98,70;123,80;4,60;4,60;50,30;12,50;11,50;
2026-07-24 12:45:00.0;OFF;ON;100;7,80;7,90;12,50;38,90;98,70;123,80;4,70;4,60;50;12,50;11,40;
2026-07-24 12:46:00.0;OFF;ON;100;7,90;7,90;12,50;38,90;98,70;123,80;4,60;4,60;50,30;12,50;11,40;
2026-07-24 12:47:00.0;OFF;ON;100;7,90;7,80;12,40;38,80;98,70;123,80;4,60;4,60;50;12,40;11,40;
2026-07-24 12:48:00.0;OFF;ON;100;7,80;7,60;12,40;38,80;98,70;123,80;4,60;4,80;50,90;12,40;11,30;
2026-07-24 12:49:00.0;OFF;ON;100;7,80;7,60;12,40;38,70;98,70;123,80;4,50;4,80;51,60;12,40;11,30;
2026-07-24 12:50:00.0;OFF;ON;100;7,70;7,50;12,30;38,70;98,70;123,80;4,60;4,80;51,60;12,30;11,30;
2026-07-24 12:51:00.0;OFF;ON;100;7,70;7,50;12,30;38,60;98,70;123,80;4,60;4,80;51,90;12,30;11,20;
2026-07-24 12:52:00.0;OFF;ON;100;7,70;7,50;12,30;38,60;98,70;123,80;4,60;4,80;52,20;12,30;11,20;
2026-07-24 12:53:00.0;OFF;ON;100;7,80;7,50;12,30;38,50;98,70;123,70;4,50;4,80;53,10;12,20;11,20;
2026-07-24 12:54:00.0;OFF;ON;100;7,70;7,40;12,20;38,50;98,70;123,70;4,60;4,80;53;12,20;11,20;
2026-07-24 12:55:00.0;OFF;ON;100;7,80;7,40;12,20;38,50;98,70;123,70;4,50;4,80;53,60;12,20;11,10;
2026-07-24 12:56:00.0;OFF;ON;100;7,50;7,40;12,20;38,40;98,70;123,70;4,60;4,80;53,50;12,20;11,10;
2026-07-24 12:57:00.0;OFF;ON;100;7,70;7,20;12,20;38,30;98,70;123,70;4,50;5;55,30;12,10;11;
2026-07-24 12:58:00.0;OFF;ON;100;7,70;7,10;12,10;38,30;98,70;123,70;4,50;5;55,80;12,10;11;
2026-07-24 12:59:00.0;OFF;ON;100;7,50;7,10;12,10;38,20;98,70;123,70;4,60;5;55,80;12,10;11;
2026-07-24 13:00:00.0;OFF;ON;100;7,60;7,10;12,10;38,20;98,70;123,70;4,50;5;56,80;12;11;
2026-07-24 13:01:00.0;OFF;ON;100;7,50;7;12;38,10;98,70;123,70;4,50;5;57,40;12;10,90;
2026-07-24 13:02:00.0;OFF;ON;100;7,50;7;12;38,10;98,70;123,70;4,60;5;57,50;12;10,90;
2026-07-24 13:03:00.0;OFF;ON;100;7,50;7;12;38;98,70;123,70;4,50;5;58,80;11,90;10,90;
2026-07-24 13:04:00.0;OFF;ON;100;7,60;7;12;38;98,70;123,70;4,40;5;59,40;11,90;10,90;
2026-07-24 13:05:00.0;OFF;ON;100;7,40;7;12;38;98,70;123,70;4,50;5;59,50;11,90;10,90;
2026-07-24 13:06:00.0;OFF;ON;100;7,40;6,90;11,90;37,90;98,70;123,70;4,50;5;60,50;11,90;10,80;
2026-07-24 13:07:00.0;OFF;ON;100;7,40;6,70;11,90;37,80;98,70;123,70;4,50;5,20;61,90;11,80;10,80;
2026-07-24 13:08:00.0;OFF;ON;100;7,20;6,70;11,90;37,80;98,70;123,70;4,70;5,20;61,70;11,80;10,70;
2026-07-24 13:09:00.0;OFF;ON;100;7,20;6,60;11,80;37,80;98,70;123,70;4,60;5,20;62,40;11,70;10,70;
2026-07-24 13:10:00.0;OFF;ON;100;7,10;6,60;11,80;37,70;98,70;123,70;4,70;5,20;62,50;11,70;10,60;
2026-07-24 13:11:00.0;OFF;ON;100;7;6,50;11,70;37,60;98,70;123,70;4,80;5,20;62,60;11,60;10,60;
2026-07-24 13:12:00.0;OFF;ON;100;6,90;6,50;11,70;37,60;98,70;123,70;4,80;5,20;63,10;11,60;10,50;
2026-07-24 13:13:00.0;OFF;ON;100;6,60;6,40;11,60;37,50;98,70;123,60;5;5,20;62,40;11,50;10,40;
2026-07-24 13:14:00.0;OFF;ON;100;6,60;6,40;11,60;37,50;98,70;123,60;4,90;5,20;63;11,50;10,30;
2026-07-24 13:15:00.0;OFF;ON;100;6,50;6,30;11,50;37,40;98,70;123,60;5;5,20;63,10;11,40;10,30;
2026-07-24 13:16:00.0;OFF;ON;100;6,40;6,30;11,50;37,40;98,70;123,60;5,10;5,20;62,90;11,40;10,20;
2026-07-24 13:17:00.0;OFF;ON;100;6,40;6;11,40;37,30;98,70;123,60;5;5,40;64,20;11,30;10,10;
2026-07-24 13:18:00.0;OFF;ON;100;6;6;11,40;37,30;98,70;123,60;5,30;5,40;63,30;11,30;10,10;
2026-07-24 13:19:00.0;OFF;ON;100;6,20;5,90;11,30;37,20;98,70;123,60;5,20;5,40;64,10;11,20;10;
2026-07-24 13:20:00.0;OFF;ON;100;5,90;5,80;11,20;37,20;98,70;123,60;5,30;5,40;63,60;11,10;9,90;
2026-07-24 13:21:00.0;OFF;ON;100;5,80;5,80;11,20;37,10;98,70;123,60;5,40;5,40;63,80;11,10;9,90;
2026-07-24 13:22:00.0;OFF;ON;100;5,90;5,70;11,10;37,10;98,70;123,60;5,20;5,40;64,40;11;9,80;
2026-07-24 13:23:00.0;OFF;ON;100;5,90;5,70;11,10;37;98,60;123,60;5,20;5,40;64,60;11;9,80;
2026-07-24 13:24:00.0;OFF;ON;100;5,70;5,60;11;37;98,50;123,60;5,40;5,40;64,10;10,90;9,70;
2026-07-24 13:25:00.0;OFF;ON;100;5,70;5,60;11;36,90;98,50;123,60;5,30;5,40;64,50;10,90;9,70;
2026-07-24 13:26:00.0;OFF;ON;100;5,50;5,50;10,90;36,80;98,50;123,60;5,40;5,40;64,30;10,80;9,60;
2026-07-24 13:27:00.0;OFF;ON;100;5,40;5,30;10,90;36,80;98,40;123,60;5,50;5,60;64,40;10,80;9,60;
2026-07-24 13:28:00.0;OFF;ON;100;5,40;5,20;10,80;36,70;98,50;123,60;5,50;5,60;64,90;10,70;9,50;
2026-07-24 13:29:00.0;OFF;ON;100;5,40;5,20;10,80;36,70;98,40;123,60;5,30;5,60;65,50;10,60;9,50;
2026-07-24 13:30:00.0;OFF;ON;100;5,30;5,10;10,70;36,60;98,30;123,60;5,40;5,60;65,40;10,60;9,40;
2026-07-24 13:31:00.0;OFF;ON;100;5,20;5,10;10,70;36,60;98,30;123,60;5,40;5,60;65,50;10,50;9,30;
2026-07-24 13:32:00.0;OFF;ON;100;5,10;5;10,60;36,50;98,30;123,60;5,50;5,60;65,30;10,50;9,30;
2026-07-24 13:33:00.0;OFF;ON;100;5,10;4,90;10,50;36,50;98,30;123,60;5,50;5,60;65,60;10,40;9,20;
2026-07-24 13:34:00.0;OFF;ON;100;5;4,90;10,50;36,40;98,20;123,60;5,50;5,60;65,80;10,40;9,10;
2026-07-24 13:35:00.0;OFF;ON;100;4,90;4,80;10,40;36,40;98,20;123,60;5,50;5,60;65,60;10,30;9,10;
2026-07-24 13:36:00.0;OFF;ON;100;4,80;4,80;10,40;36,30;98,20;123,60;5,60;5,60;65,70;10,20;9,10;
2026-07-24 13:37:00.0;OFF;ON;100;5;4,50;10,30;36,30;98,20;123,60;5,40;5,80;67,30;10,20;9,10;
2026-07-24 13:38:00.0;OFF;ON;100;4,70;4,50;10,30;36,20;98,10;123,60;5,70;5,80;66,50;10,10;9;
2026-07-24 13:39:00.0;OFF;ON;100;4,70;4,40;10,20;36,10;98;123,60;5,50;5,80;67,40;10,10;8,90;
2026-07-24 13:40:00.0;OFF;ON;100;4,60;4,40;10,20;36,10;98,10;123,60;5,50;5,80;67,60;10;8,90;
2026-07-24 13:41:00.0;OFF;ON;100;4,60;4,30;10,10;36;98;123,60;5,50;5,80;67,90;9,90;8,80;
2026-07-24 13:42:00.0;OFF;ON;100;4,50;4,30;10,10;36;97,90;123,60;5,60;5,80;67,90;9,90;8,80;
2026-07-24 13:43:00.0;OFF;ON;100;4,40;4,20;10;35,90;97,90;123,60;5,60;5,80;68;9,80;8,70;
2026-07-24 13:44:00.0;OFF;ON;100;4,20;4,10;9,90;35,90;97,90;123,60;5,70;5,80;67,70;9,80;8,60;
2026-07-24 13:45:00.0;OFF;ON;100;4,30;4,10;9,90;35,80;97,70;123,60;5,60;5,80;68,30;9,70;8,60;
2026-07-24 13:46:00.0;OFF;ON;100;4,20;4;9,80;35,80;97,90;123,60;5,70;5,80;68,20;9,70;8,50;
2026-07-24 13:47:00.0;OFF;ON;100;4;3,80;9,80;35,70;97,90;123,60;5,80;6;68,80;9,60;8,40;
2026-07-24 13:48:00.0;OFF;ON;100;3,90;3,70;9,70;35,70;97,70;123,50;5,90;6;68,70;9,60;8,40;
2026-07-24 13:49:00.0;OFF;ON;100;3,90;3,70;9,70;35,60;97,80;123,50;5,70;6;69,50;9,50;8,30;
2026-07-24 13:50:00.0;OFF;ON;100;3,80;3,60;9,60;35,50;97,70;123,50;5,80;6;69,30;9,40;8,20;
2026-07-24 13:51:00.0;OFF;ON;100;3,80;3,60;9,60;35,50;97,50;123,50;5,80;6;69,70;9,40;8,20;
2026-07-24 13:52:00.0;OFF;ON;100;3,70;3,50;9,50;35,40;97,60;123,50;5,80;6;69,80;9,30;8,10;
2026-07-24 13:53:00.0;OFF;ON;100;3,50;3,50;9,50;35,40;97,70;123,50;5,90;6;69,50;9,30;8;
2026-07-24 13:54:00.0;OFF;ON;100;3,50;3,40;9,40;35,30;97,50;123,50;5,90;6;69,60;9,20;8;
2026-07-24 13:55:00.0;OFF;ON;100;3,50;3,30;9,30;35,30;97,50;123,50;5,80;6;70,20;9,20;7,90;
2026-07-24 13:56:00.0;OFF;ON;100;3,40;3,30;9,30;35,20;97,50;123,50;5,90;6;69,90;9,20;7,90;
2026-07-24 13:57:00.0;OFF;ON;100;3,50;3,30;9,30;35,20;97,50;123,50;5,80;6;70,50;9,10;7,80;
2026-07-24 13:58:00.0;OFF;ON;100;3,30;3,20;9,20;35,10;97,60;123,50;5,90;6;70,20;9,10;7,70;
2026-07-24 13:59:00.0;OFF;ON;100;3,30;3,20;9,20;35;97,70;123,50;5,80;6;70,70;9;7,70;
2026-07-24 14:00:00.0;OFF;ON;100;3,20;3,10;9,10;35;97,60;123,50;5,90;6;70,60;9;7,60;
2026-07-24 14:01:00.0;OFF;ON;100;3,10;3,10;9,10;34,90;97,50;123,50;6;6;70,40;9;7,60;
2026-07-24 14:02:00.0;OFF;ON;100;3,20;3;9;34,90;97,50;123,50;5,80;6;71;8,90;7,50;
2026-07-24 14:03:00.0;OFF;ON;100;3,10;3;9;34,90;97,60;123,50;5,90;6;70,90;8,90;7,50;
2026-07-24 14:04:00.0;OFF;ON;100;2,90;2,90;8,90;34,80;97,50;123,50;6;6;70,70;8,80;7,40;
2026-07-24 14:05:00.0;OFF;ON;100;2,90;2,90;8,90;34,80;97,50;123,50;6;6;70,70;8,80;7,30;
2026-07-24 14:06:00.0;OFF;ON;100;2,90;2,90;8,90;34,70;97,50;123,40;6;6;70,80;8,80;7,30;
2026-07-24 14:07:00.0;OFF;ON;100;2,80;2,80;8,80;34,70;97,50;123,40;6;6;70,80;8,70;7,30;
2026-07-24 14:08:00.0;OFF;ON;100;2,80;2,80;8,80;34,60;97,50;123,30;6;6;70,90;8,70;7,20;
2026-07-24 14:09:00.0;OFF;ON;100;2,90;2,80;8,80;34,60;97,60;123,30;5,90;6;71,10;8,60;7,20;
2026-07-24 14:10:00.0;OFF;ON;100;2,70;2,70;8,70;34,50;97,60;123,30;6;6;71,10;8,60;7,10;
2026-07-24 14:11:00.0;OFF;ON;100;2,70;2,70;8,70;34,50;97,60;123,30;6;6;71,10;8,60;7,10;
2026-07-24 14:12:00.0;OFF;ON;100;2,80;2,70;8,70;34,40;97,50;123,30;5,90;6;71,40;8,60;7,10;
2026-07-24 14:13:00.0;OFF;ON;100;2,70;2,60;8,60;34,40;97,60;123,30;5,90;6;71,30;8,60;7,10;
2026-07-24 14:14:00.0;OFF;ON;100;2,60;2,60;8,60;34,30;97,50;123,30;6;6;71,20;8,60;7;
2026-07-24 14:15:00.0;OFF;ON;100;2,60;2,60;8,60;34,30;97,50;123,30;5,90;6;71,40;8,50;7;
2026-07-24 14:16:00.0;OFF;ON;100;2,60;2,50;8,50;34,30;97,50;123,30;5,90;6;71,50;8,40;6,90;
2026-07-24 14:17:00.0;OFF;ON;100;2,50;2,40;8,40;34,20;97,50;123,30;5,90;6;71,40;8,40;6,80;
2026-07-24 14:18:00.0;OFF;ON;100;2,50;2,40;8,40;34,10;97,50;123,30;5,90;6;71,60;8,30;6,80;
2026-07-24 14:19:00.0;OFF;ON;100;2,50;2,40;8,40;34,10;97,50;123,30;5,90;6;71,80;8,30;6,80;
2026-07-24 14:20:00.0;OFF;ON;100;2,40;2,30;8,30;34;97,50;123,30;5,90;6;71,80;8,20;6,70;
2026-07-24 14:21:00.0;OFF;ON;100;2,30;2,30;8,30;34;97,50;123,30;6;6;71,70;8,20;6,70;
2026-07-24 14:22:00.0;OFF;ON;100;2,30;2,20;8,20;34;97,50;123,30;5,90;6;71,70;8,10;6,60;
2026-07-24 14:23:00.0;OFF;ON;100;2,20;2,20;8,20;33,90;97,50;123,30;6;6;71,20;8,10;6,60;
2026-07-24 14:24:00.0;OFF;ON;100;2,10;2,10;8,10;33,80;97,40;123,30;6;6;71,70;8;6,50;
2026-07-24 14:25:00.0;OFF;ON;100;2,10;2,10;8,10;33,80;97,40;123,30;6;6;71,20;8;6,40;
2026-07-24 14:26:00.0;OFF;ON;100;2;2;8;33,70;97,40;123,30;6,10;6;71,20;7,90;6,40;
2026-07-24 14:27:00.0;OFF;ON;100;2;2;8;33,70;97,40;123,30;6;6;71,20;7,90;6,30;
2026-07-24 14:28:00.0;OFF;ON;100;1,90;1,90;7,90;33,60;97,30;123,30;6,10;6;71,10;7,80;6,30;
2026-07-24 14:29:00.0;OFF;ON;100;1,80;1,90;7,90;33,60;97,30;123,30;6,10;6;71,20;7,80;6,20;
2026-07-24 14:30:00.0;OFF;ON;100;1,90;1,90;7,90;33,50;97,30;123,30;6;6;71,20;7,90;6,20;
2026-07-24 14:31:00.0;OFF;ON;100;1,80;1,90;7,90;33,50;97,40;123,30;6,10;6;71,20;7,90;6,30;
2026-07-24 14:32:00.0;OFF;ON;100;2;1,90;7,90;33,40;97,40;123,30;5,90;6;71,90;7,80;6,20;
2026-07-24 14:33:00.0;OFF;ON;100;1,90;1,80;7,80;33,40;97,40;123,30;5,90;6;71,90;7,70;6,20;
2026-07-24 14:34:00.0;OFF;ON;100;1,80;1,70;7,70;33,30;97,40;123,30;6;6;71,80;7,70;6,10;
2026-07-24 14:35:00.0;OFF;ON;100;1,80;1,70;7,70;33,30;97,40;123,30;5,90;6;72,10;7,60;6;
2026-07-24 14:36:00.0;OFF;ON;100;1,60;1,70;7,70;33,20;97,30;123,30;6;6;71,90;7,60;6;
2026-07-24 14:37:00.0;OFF;ON;100;1,60;1,60;7,60;33,20;97,30;123,30;6;6;72;7,50;5,90;
2026-07-24 14:38:00.0;OFF;ON;100;1,60;1,60;7,60;33,20;97,30;123,30;6;6;72,10;7,50;5,90;
2026-07-24 14:39:00.0;OFF;ON;100;1,50;1,50;7,50;33,10;97,30;123,30;6;6;72,20;7,50;5,80;
2026-07-24 14:40:00.0;OFF;ON;100;1,50;1,50;7,50;33;97,30;123,30;6;6;72,20;7,40;5,80;
2026-07-24 14:41:00.0;OFF;ON;100;1,60;1,40;7,40;33;97,30;123,30;5,90;6;72,40;7,30;5,70;
2026-07-24 14:42:00.0;OFF;ON;100;1,40;1,40;7,40;32,90;97,30;123,30;6;6;72,20;7,30;5,70;
2026-07-24 14:43:00.0;OFF;ON;100;1,50;1,40;7,40;32,90;97,20;123,30;5,90;6;72,60;7,30;5,70;
2026-07-24 14:44:00.0;OFF;ON;100;1,30;1,30;7,30;32,80;97,30;123,30;6;6;72,40;7,20;5,60;
2026-07-24 14:45:00.0;OFF;ON;100;1,40;1,30;7,30;32,80;97,30;123,30;6;6;72,50;7,20;5,60;
2026-07-24 14:46:00.0;OFF;ON;100;1,30;1,30;7,30;32,70;97,40;123,30;6;6;72,60;7,20;5,60;
2026-07-24 14:47:00.0;OFF;ON;100;1,20;1,20;7,20;32,70;97,30;123,30;6;6;72,70;7,10;5,50;
2026-07-24 14:48:00.0;OFF;ON;100;1,30;1,20;7,20;32,60;97,30;123,30;5,90;6;72,90;7;5,40;
2026-07-24 14:49:00.0;OFF;ON;100;1,10;1,10;7,10;32,60;97,20;123,30;6;6;72,80;7;5,40;
2026-07-24 14:50:00.0;OFF;ON;100;1,20;1,10;7,10;32,50;97,20;123,30;5,90;6;73,10;7;5,30;
2026-07-24 14:51:00.0;OFF;ON;100;1,10;1,10;7,10;32,50;97,20;123,30;5,90;6;73;7;5,30;
2026-07-24 14:52:00.0;OFF;ON;100;1,10;1;7;32,40;97,20;123,30;5,90;6;73,20;6,90;5,30;
2026-07-24 14:53:00.0;OFF;ON;100;1;0,90;7;32,40;97,10;123,30;6;6;73,10;6,80;5,20;
2026-07-24 14:54:00.0;OFF;ON;100;0,90;0,90;6,90;32,30;97,10;123,30;6;6;73,10;6,80;5,10;
2026-07-24 14:55:00.0;OFF;ON;100;0,90;0,90;6,90;32,30;97,10;123,30;6;6;73,20;6,80;5,10;
2026-07-24 14:56:00.0;OFF;ON;100;0,90;0,80;6,90;32,20;97,10;123,30;5,90;6;73,20;6,70;5,10;
2026-07-24 14:57:00.0;OFF;ON;100;0,80;0,80;6,80;32,20;97,10;123,20;6;6;73,20;6,70;5;
2026-07-24 14:58:00.0;OFF;ON;100;0,90;0,80;6,80;32,10;97,10;123,20;5,90;6;73,30;6,70;5;
2026-07-24 14:59:00.0;OFF;ON;100;0,70;0,70;6,70;32,10;97,10;123,20;6;6;73,30;6,60;4,90;
2026-07-24 15:00:00.0;OFF;ON;100;0,80;0,70;6,70;32;97,10;123,20;5,90;6;73,40;6,50;4,90;
2026-07-24 15:01:00.0;OFF;ON;100;0,60;0,60;6,60;32;97,10;123,20;6;6;73,30;6,50;4,80;
2026-07-24 15:02:00.0;OFF;ON;100;0,70;0,60;6,60;31,90;97,10;123,20;5,90;6;73,40;6,50;4,80;
2026-07-24 15:03:00.0;OFF;ON;100;0,60;0,60;6,60;31,90;97,10;123,20;5,90;6;73,50;6,40;4,80;
2026-07-24 15:04:00.0;OFF;ON;100;0,50;0,50;6,50;31,80;97,10;123,20;6;6;73,40;6,40;4,70;
2026-07-24 15:05:00.0;OFF;ON;100;0,40;0,50;6,50;31,70;97,10;123,20;6;6;73,50;6,40;4,70;
2026-07-24 15:06:00.0;OFF;ON;100;0,50;0,40;6,40;31,70;97;123,20;6;6;73,40;6,30;4,70;
2026-07-24 15:07:00.0;OFF;ON;100;0,40;0,40;6,40;31,70;97,10;123,20;6;6;73,60;6,30;4,60;
2026-07-24 15:08:00.0;OFF;ON;100;0,40;0,40;6,40;31,60;97,10;123,20;5,90;6;73,60;6,20;4,60;
2026-07-24 15:09:00.0;OFF;ON;100;0,40;0,30;6,30;31,50;97;123,20;5,90;6;73,90;6,20;4,60;
2026-07-24 15:10:00.0;OFF;ON;100;0,30;0,30;6,30;31,50;97;123,20;6;6;73,70;6,10;4,60;
2026-07-24 15:11:00.0;OFF;ON;100;0,20;0,20;6,20;31,40;97;123,20;6;6;73,80;6,10;4,50;
2026-07-24 15:12:00.0;OFF;ON;100;0,30;0,20;6,20;31,40;97;123,20;5,90;6;74,10;6;4,40;
2026-07-24 15:13:00.0;OFF;ON;100;0,10;0,10;6,10;31,30;97,10;123,20;6;6;74;6;4,40;
2026-07-24 15:14:00.0;OFF;ON;100;0,20;0,10;6,10;31,30;97;123,20;5,90;6;74,40;5,90;4,40;
2026-07-24 15:15:00.0;OFF;ON;100;0,20;0,10;6,10;31,20;97;123,20;5,90;6;74,50;5,90;4,40;
2026-07-24 15:16:00.0;OFF;ON;100;0,10;0;6;31,20;97;123,20;5,90;6;74,60;5,90;4,30;
2026-07-24 15:17:00.0;OFF;ON;100;0;0;6;31,10;96,90;123,20;5,90;6;74,40;5,80;4,30;
2026-07-24 15:18:00.0;OFF;ON;100;0;-0,10;5,90;31,10;96,90;123,20;6;6;74,40;5,80;4,20;
2026-07-24 15:19:00.0;OFF;ON;100;0;-0,10;5,90;31;96,90;123,20;5,90;6;75;5,70;4,20;
2026-07-24 15:20:00.0;OFF;ON;100;-0,10;-0,20;5,80;30,90;96,90;123,20;6;6;74,70;5,70;4,10;
2026-07-24 15:21:00.0;OFF;ON;100;0;-0,20;5,80;30,90;96,90;123,20;5,80;6;75,30;5,70;4,10;
2026-07-24 15:22:00.0;OFF;ON;100;-0,20;-0,30;5,70;30,80;96,80;123,20;5,90;6;75,20;5,60;4;
2026-07-24 15:23:00.0;OFF;ON;100;-0,10;-0,30;5,70;30,80;96,80;123,20;5,90;6;75,40;5,60;4;
2026-07-24 15:24:00.0;OFF;ON;100;-0,20;-0,30;5,70;30,70;96,90;123,20;5,80;6;75,70;5,50;4;
2026-07-24 15:25:00.0;OFF;ON;100;-0,20;-0,40;5,60;30,70;96,80;123,20;5,80;6;75,90;5,50;3,90;
2026-07-24 15:26:00.0;OFF;ON;100;-0,40;-0,40;5,60;30,60;96,80;123,20;5,90;6;75,60;5,40;3,90;
2026-07-24 15:27:00.0;OFF;ON;100;-0,40;-0,50;5,50;30,60;96,80;123,20;5,90;6;76,10;5,40;3,80;
2026-07-24 15:28:00.0;OFF;ON;100;-0,40;-0,50;5,50;30,50;96,70;123,20;5,90;6;76,30;5,30;3,80;
2026-07-24 15:29:00.0;OFF;ON;100;-0,50;-0,60;5,40;30,50;96,60;123,20;5,90;6;76,10;5,30;3,80;
2026-07-24 15:30:00.0;OFF;ON;100;-0,40;-0,60;5,40;30,40;96,60;123,20;5,80;6;77;5,20;3,70;
2026-07-24 15:31:00.0;OFF;ON;100;-0,50;-0,70;5,30;30,30;96,60;123,20;5,80;6;76,80;5,20;3,70;
2026-07-24 15:32:00.0;OFF;ON;100;-0,60;-0,70;5,30;30,30;96,60;123,20;5,90;6;76,90;5,10;3,60;
2026-07-24 15:33:00.0;OFF;ON;100;-0,60;-0,80;5,20;30,20;96,60;123,20;5,80;6;77,40;5,10;3,60;
2026-07-24 15:34:00.0;OFF;ON;100;-0,60;-0,80;5,20;30,20;96,60;123,20;5,80;6;77,70;5;3,50;
2026-07-24 15:35:00.0;OFF;ON;100;-0,70;-0,90;5,10;30,10;96,60;123,20;5,90;6;77,60;5;3,50;
2026-07-24 15:36:00.0;OFF;ON;100;-0,70;-0,90;5,10;30,10;96,60;123,20;5,80;6;78,20;4,90;3,40;
2026-07-24 15:37:00.0;OFF;ON;100;-0,90;-1;5;30;96,50;123,20;5,90;6;77,90;4,90;3,30;
2026-07-24 15:38:00.0;OFF;ON;100;-0,80;-1;5;29,90;96,60;123,20;5,80;6;78,50;4,90;3,30;
2026-07-24 15:39:00.0;OFF;ON;100;-0,90;-1;5;29,90;96,50;123,20;5,90;6;78,30;4,80;3,30;
2026-07-24 15:40:00.0;OFF;ON;100;-0,80;-1;5;29,90;96,60;123,20;5,80;6;78,90;4,80;3,20;
2026-07-24 15:41:00.0;OFF;ON;100;-1;-1,10;4,90;29,80;96,60;123,20;5,90;6;78,70;4,80;3,20;
2026-07-24 15:42:00.0;OFF;ON;100;-0,90;-1,10;4,90;29,80;96,50;123,20;5,80;6;79,30;4,70;3,20;
2026-07-24 15:43:00.0;OFF;ON;100;-1;-1,20;4,80;29,70;96,60;123,20;5,80;6;79,30;4,70;3,10;
2026-07-24 15:44:00.0;OFF;ON;100;-1,10;-1,20;4,80;29,70;96,50;123,20;5,90;6;79,40;4,70;3,10;
2026-07-24 15:45:00.0;OFF;ON;100;-1;-1,20;4,80;29,60;96,60;123,20;5,80;6;79,90;4,70;3;
2026-07-24 15:46:00.0;OFF;ON;100;-1,80;-1,30;4,70;29,60;96,60;123,20;6,60;6;76,80;4,60;3,10;
2026-07-24 15:47:00.0;OFF;ON;100;-2,40;-1,20;4,80;29,50;96,90;123,20;7,20;6;73,40;4,60;3,10;
2026-07-24 15:48:00.0;OFF;ON;100;-2,40;-1,30;4,70;29,50;96,70;123,20;7,10;6;72,60;4,60;3;
2026-07-24 15:49:00.0;OFF;ON;100;-2,30;-1,40;4,60;29,50;96,50;123,20;7;6;72;4,50;2,90;
2026-07-24 15:50:00.0;OFF;ON;100;-2,50;-1,40;4,60;29,40;96,50;123,20;7,10;6;69,70;4,50;2,80;
2026-07-24 15:51:00.0;OFF;ON;100;-2,80;-1,40;4,60;29,40;96,40;123,10;7,30;6;67,70;4,50;2,80;
2026-07-24 15:52:00.0;OFF;ON;100;-3,10;-1,40;4,60;29,30;96,60;123,10;7,70;6;65,20;4,50;2,90;
2026-07-24 15:53:00.0;OFF;ON;100;-1,40;-1,50;4,50;29,30;96,60;123,10;6;6;69,40;4,40;2,70;
2026-07-24 15:54:00.0;OFF;ON;100;-1,20;-1,50;4,50;29,20;96,50;123,10;5,70;6;71,60;4,40;3;
2026-07-24 15:55:00.0;OFF;ON;100;-1,10;-1,50;4,50;29,20;96,70;123,10;5,60;6;72,10;4,40;3;
2026-07-24 15:56:00.0;OFF;ON;100;-0,90;-1,40;4,60;29,10;96,90;123,10;5,50;6;73,30;4,50;3;
2026-07-24 15:57:00.0;OFF;ON;100;-0,90;-1,40;4,60;29,10;97;123,10;5,50;6;73,70;4,50;3,10;
2026-07-24 15:58:00.0;OFF;ON;100;-1;-1,40;4,60;29;97;123,10;5,60;6;74;4,40;3,10;
2026-07-24 15:59:00.0;OFF;ON;100;-1,10;-1,40;4,60;29;97;123,10;5,60;6;74,30;4,40;3;
2026-07-24 16:00:00.0;OFF;ON;100;-1;-1,50;4,50;28,90;97;123,10;5,50;6;75,10;4,40;3;
2026-07-24 16:01:00.0;OFF;ON;100;-1,20;-1,50;4,50;28,90;96,90;123,10;5,70;6;75;4,40;3;
2026-07-24 16:02:00.0;OFF;ON;100;-1,10;-1,50;4,50;28,80;96,90;123,10;5,60;6;75,90;4,40;2,90;
2026-07-24 16:03:00.0;OFF;ON;100;-1,20;-1,50;4,50;28,80;96,90;123,10;5,70;6;76;4,30;2,90;
2026-07-24 16:04:00.0;OFF;ON;100;-1,10;-1,60;4,40;28,70;96,90;123,10;5,50;6;76,90;4,30;2,80;
2026-07-24 16:05:00.0;OFF;ON;100;-1,20;-1,60;4,40;28,70;96,80;123,10;5,60;6;77,20;4,30;2,80;
2026-07-24 16:06:00.0;OFF;ON;100;-1,20;-1,70;4,30;28,60;96,60;123,10;5,60;6;77,70;4,20;2,70;
2026-07-24 16:07:00.0;OFF;ON;100;-1,30;-1,70;4,30;28,60;96,70;123,10;5,70;6;77,50;4,20;2,70;
2026-07-24 16:08:00.0;OFF;ON;100;-1,30;-1,70;4,30;28,60;96,50;123,10;5,60;6;78,40;4,10;2,60;
2026-07-24 16:09:00.0;OFF;ON;100;-1,50;-1,80;4,20;28,50;96,40;123,10;5,70;6;78,40;4,10;2,60;
2026-07-24 16:10:00.0;OFF;ON;100;-1,50;-1,80;4,20;28,40;96,50;123,10;5,70;6;78,70;4,10;2,50;
2026-07-24 16:11:00.0;OFF;ON;100;-1,50;-1,90;4,10;28,40;96,40;123,10;5,60;6;79,50;4;2,50;
2026-07-24 16:12:00.0;OFF;ON;100;-1,70;-1,90;4,10;28,30;96,40;123,10;5,80;6;79,30;4;2,40;
2026-07-24 16:13:00.0;OFF;ON;100;-2,30;-1,90;4,10;28,30;96,40;123,10;6,40;6;76,80;4;2,50;
2026-07-24 16:14:00.0;OFF;ON;100;-2,80;-1,90;4,10;28,20;96,50;123,10;6,90;6;74,50;3,90;2,50;
2026-07-24 16:15:00.0;OFF;ON;100;-2,80;-2;4;28,20;96,50;123,10;6,80;6;73,20;3,90;2,30;
2026-07-24 16:16:00.0;OFF;ON;100;-2,80;-2;4;28,20;96,30;123,10;6,80;6;72,90;3,80;2,20;
2026-07-24 16:17:00.0;OFF;ON;100;-2,90;-2,10;3,90;28,10;96,30;123,10;6,80;6;71,30;3,80;2,10;
2026-07-24 16:18:00.0;OFF;ON;100;-3;-2,10;3,90;28,10;96,20;123,10;6,90;6;70;3,70;2,10;
2026-07-24 16:19:00.0;OFF;ON;100;-3,30;-2,20;3,80;28;96,30;123,10;7,10;6;68,10;3,70;2,10;
2026-07-24 16:20:00.0;OFF;ON;100;-3,60;-2,10;3,90;27,90;96,50;123,10;7,50;6;65,10;3,70;2,20;
2026-07-24 16:21:00.0;OFF;ON;100;-2;-2,20;3,80;27,90;96,40;123,10;5,80;6;70,10;3,70;2;
2026-07-24 16:22:00.0;OFF;ON;100;-1,70;-2,20;3,80;27,80;96,30;123,10;5,50;6;72,20;3,70;2,20;
2026-07-24 16:23:00.0;OFF;ON;100;-1,70;-2,10;3,90;27,80;96,60;123,10;5,50;6;72,60;3,70;2,20;
2026-07-24 16:24:00.0;OFF;ON;100;-1,60;-2,10;3,90;27,80;96,70;123,10;5,30;6;74,10;3,80;2,30;
2026-07-24 16:25:00.0;OFF;ON;100;-1,50;-2,10;3,90;27,70;96,90;123,10;5,40;6;74,40;3,80;2,30;
2026-07-24 16:26:00.0;OFF;ON;100;-1,40;-2,10;3,90;27,60;97;123,10;5,30;6;75,90;3,70;2,30;
2026-07-24 16:27:00.0;OFF;ON;100;-1,60;-2,10;3,90;27,60;97;123;5,50;6;75,70;3,70;2,30;
2026-07-24 16:28:00.0;OFF;ON;100;-1,60;-2,20;3,80;27,50;96,90;123;5,50;6;76,50;3,70;2,30;
2026-07-24 16:29:00.0;OFF;ON;100;-1,70;-2,20;3,80;27,50;96,80;123;5,50;6;77,10;3,70;2,20;
2026-07-24 16:30:00.0;OFF;ON;100;-1,70;-2,20;3,80;27,50;96,70;123;5,50;6;77,60;3,70;2,20;
2026-07-24 16:31:00.0;OFF;ON;100;-1,70;-2,20;3,80;27,40;96,70;123;5,50;6;78,40;3,70;2,10;
2026-07-24 16:32:00.0;OFF;ON;100;-1,60;-2,20;3,80;27,30;96,60;123;5,40;6;79,30;3,70;2,20;
2026-07-24 16:33:00.0;OFF;ON;100;-1,80;-2,30;3,70;27,30;96,60;123;5,50;6;79,40;3,70;2,10;
2026-07-24 16:34:00.0;OFF;ON;100;-2,60;-2,30;3,70;27,20;96,70;123;6,30;6;76,70;3,60;2,20;
2026-07-24 16:35:00.0;OFF;ON;100;-3;-2,30;3,70;27,20;96,80;123;6,70;6;74,60;3,60;2,10;
2026-07-24 16:36:00.0;OFF;ON;100;-2,90;-2,30;3,70;27,10;96,50;123;6,50;6;74,30;3,50;1,90;
2026-07-24 16:37:00.0;OFF;ON;100;-2,90;-2,40;3,60;27,10;96,40;123;6,50;6;73,80;3,50;1,90;
2026-07-24 16:38:00.0;OFF;ON;100;-3;-2,40;3,60;27;96,30;123;6,60;6;72,80;3,50;1,90;
2026-07-24 16:39:00.0;OFF;ON;100;-3,10;-2,50;3,50;27;96,30;123;6,60;6;72;3,40;1,80;
2026-07-24 16:40:00.0;OFF;ON;100;-3;-2,50;3,50;26,90;96,20;123;6,50;6;71,60;3,30;1,80;
2026-07-24 16:41:00.0;OFF;ON;100;-3,10;-2,60;3,40;26,90;96,20;123;6,50;6;71,10;3,30;1,70;
2026-07-24 16:42:00.0;OFF;ON;100;-3,30;-2,60;3,40;26,80;96,20;123;6,70;6;69,60;3,30;1,70;
2026-07-24 16:43:00.0;OFF;ON;100;-3,40;-2,60;3,40;26,80;96,30;123;6,80;6;68,30;3,30;1,70;
2026-07-24 16:44:00.0;OFF;ON;100;-3,60;-2,60;3,40;26,70;96,40;123;7;6;66,40;3,30;1,80;
2026-07-24 16:45:00.0;OFF;ON;100;-3,90;-2,60;3,40;26,70;96,60;123;7,40;6;63,50;3,30;1,80;
2026-07-24 16:46:00.0;OFF;ON;100;-1,90;-2,60;3,40;26,60;96,40;123;5,30;6;71,60;3,20;1,60;
2026-07-24 16:47:00.0;OFF;ON;100;-2;-2,60;3,40;26,60;96,40;123;5,40;6;72,80;3,30;1,90;
2026-07-24 16:48:00.0;OFF;ON;100;-1,80;-2,50;3,50;26,50;96,80;122,40;5,20;6;74,10;3,30;1,90;
2026-07-24 16:49:00.0;OFF;ON;100;-1,70;-2,50;3,50;26,50;97;122,30;5,20;6;75,30;3,30;1,90;
2026-07-24 16:50:00.0;OFF;ON;100;-1,70;-2,50;3,50;26,40;97;122,40;5,20;6;76,10;3,30;2;
2026-07-24 16:51:00.0;OFF;ON;100;-1,80;-2,50;3,50;26,40;97;122,40;5,30;6;76,90;3,30;2;
2026-07-24 16:52:00.0;OFF;ON;100;-1,80;-2,50;3,50;26,30;96,90;122,40;5,30;6;77,60;3,30;1,90;
2026-07-24 16:53:00.0;OFF;ON;100;-1,90;-2,60;3,40;26,30;96,80;122,50;5,30;6;78,40;3,30;1,90;
2026-07-24 16:54:00.0;OFF;ON;100;-1,90;-2,60;3,40;26,20;96,70;122,50;5,30;6;79,30;3,20;1,80;
2026-07-24 16:55:00.0;OFF;ON;100;-2,40;-2,60;3,40;26,20;96,60;122,50;5,80;6;78;3,20;1,80;
2026-07-24 16:56:00.0;OFF;ON;100;-3;-2,60;3,40;26,10;96,70;122,60;6,40;6;75,50;3,20;1,80;
2026-07-24 16:57:00.0;OFF;ON;100;-3;-2,70;3,30;26,10;96,60;122,60;6,30;6;75,50;3,10;1,70;
2026-07-24 16:58:00.0;OFF;ON;100;-3;-2,80;3,20;26;96,50;122,60;6,20;6;75,40;3,10;1,60;
2026-07-24 16:59:00.0;OFF;ON;100;-3,10;-2,80;3,20;25,90;96,40;122,60;6,30;6;74,50;3;1,50;
2026-07-24 17:00:00.0;OFF;ON;100;-3,10;-2,80;3,20;25,90;96,30;122,60;6,30;6;74,40;3;1,50;
2026-07-24 17:01:00.0;OFF;ON;100;-3,10;-2,90;3,10;25,80;96,20;122,60;6,30;6;74,10;3;1,40;
2026-07-24 17:02:00.0;OFF;ON;100;-3,20;-2,90;3,10;25,80;96,20;122,60;6,30;6;73,70;2,90;1,40;
2026-07-24 17:03:00.0;OFF;ON;100;-3,30;-3;3;25,70;96,20;122,60;6,30;6;73,10;2,90;1,30;
2026-07-24 17:04:00.0;OFF;ON;100;-3,30;-3;3;25,70;96,20;122,60;6,30;6;72,90;2,90;1,30;
2026-07-24 17:05:00.0;OFF;ON;100;-3,30;-3;3;25,60;96,30;122,60;6,20;6;72,80;2,90;1,30;
2026-07-24 17:06:00.0;OFF;ON;100;-3,40;-3;3;25,60;96,20;122,60;6,30;6;72;2,80;1,30;
2026-07-24 17:07:00.0;OFF;ON;100;-3,40;-3;3;25,50;96,20;122,60;6,30;6;71,90;2,80;1,20;
2026-07-24 17:08:00.0;OFF;ON;100;-3,40;-3,10;2,90;25,50;96,20;122,60;6,30;6;71,60;2,80;1,20;
2026-07-24 17:09:00.0;OFF;ON;100;-3,30;-3,10;2,90;25,40;96,30;122,60;6,20;6;71,70;2,80;1,20;
2026-07-24 17:10:00.0;OFF;ON;100;-3,30;-3,10;2,90;25,40;96,30;122,60;6,20;6;71,30;2,70;1,20;
2026-07-24 17:11:00.0;OFF;ON;100;-3,40;-3,10;2,90;25,30;96,30;122,60;6,20;6;70,90;2,70;1,20;
2026-07-24 17:12:00.0;OFF;ON;100;-3,40;-3,20;2,80;25,30;96,30;122,60;6,20;6;70,80;2,70;1,20;
2026-07-24 17:13:00.0;OFF;ON;100;-3,40;-3,20;2,80;25,20;96,40;122,60;6,30;6;70,30;2,70;1,20;
2026-07-24 17:14:00.0;OFF;ON;100;-3,40;-3,20;2,80;25,20;96,40;122,60;6,30;6;70,10;2,70;1,20;
2026-07-24 17:15:00.0;OFF;ON;100;-3,50;-3,20;2,80;25,10;96,40;122,60;6,30;6;69,80;2,70;1,10;
2026-07-24 17:16:00.0;OFF;ON;100;-3,50;-3,20;2,80;25;96,40;122,70;6,30;6;69,50;2,60;1,20;
2026-07-24 17:17:00.0;OFF;ON;100;-3,60;-3,20;2,80;25;96,50;122,70;6,40;6;68,60;2,70;1,20;
2026-07-24 17:18:00.0;OFF;ON;100;-3,70;-3,20;2,80;24,90;96,50;122,70;6,50;6;67,60;2,70;1,20;
2026-07-24 17:19:00.0;OFF;ON;100;-3,70;-3,20;2,80;24,90;96,70;122,70;6,50;6;66,90;2,70;1,30;
2026-07-24 17:20:00.0;OFF;ON;100;-3,90;-3,20;2,80;24,90;96,80;122,70;6,70;6;65,60;2,70;1,30;
2026-07-24 17:21:00.0;OFF;ON;100;-3,90;-3,10;2,90;24,80;96,80;122,70;6,70;6;65;2,70;1,40;
2026-07-24 17:22:00.0;OFF;ON;100;-2,60;-3,10;2,90;24,80;96,80;122,70;5,40;6;69,60;2,70;1,20;
2026-07-24 17:23:00.0;OFF;ON;100;-2,10;-3,20;2,80;24,70;96,50;122,70;4,90;6;73,60;2,70;1,30;
2026-07-24 17:24:00.0;OFF;ON;100;-2,10;-3,20;2,80;24,70;96,70;122,70;4,90;6;74,60;2,70;1,40;
2026-07-24 17:25:00.0;OFF;ON;100;-2;-3,20;2,80;24,60;96,80;122,70;4,90;6;76,20;2,70;1,40;
2026-07-24 17:26:00.0;OFF;ON;100;-2,10;-3,10;2,90;24,60;96,90;122,70;4,90;6;77,80;2,70;1,40;
2026-07-24 17:27:00.0;OFF;ON;100;-2,10;-3,20;2,80;24,50;96,80;122,70;4,90;6;78,90;2,70;1,40;
2026-07-24 17:28:00.0;OFF;ON;100;-2,40;-3,20;2,80;24,50;96,80;122,70;5,30;6;79;2,70;1,40;
2026-07-24 17:29:00.0;OFF;ON;100;-3;-3,20;2,80;24,50;96,90;122,70;5,90;6;77;2,70;1,40;
2026-07-24 17:30:00.0;OFF;ON;100;-3;-3,20;2,80;24,40;96,80;122,70;5,80;6;77,50;2,70;1,30;
2026-07-24 17:31:00.0;OFF;ON;100;-3;-3,20;2,80;24,40;96,60;122,70;5,70;6;78,20;2,60;1,20;
2026-07-24 17:32:00.0;OFF;ON;100;-3,10;-3,30;2,70;24,30;96,50;122,70;5,80;6;78,20;2,60;1,20;
2026-07-24 17:33:00.0;OFF;ON;100;-3;-3,30;2,70;24,30;96,40;122,70;5,70;6;78,70;2,50;1,10;
2026-07-24 17:34:00.0;OFF;ON;100;-3,10;-3,30;2,70;24,20;96,40;122,70;5,70;6;78,80;2,50;1,10;
2026-07-24 17:35:00.0;OFF;ON;100;-3,20;-3,40;2,60;24,20;96,40;122,70;5,80;6;78,80;2,50;1,10;
2026-07-24 17:36:00.0;OFF;ON;100;-3,10;-3,40;2,60;24,10;96,40;122,70;5,70;6;79,40;2,50;1,10;
2026-07-24 17:37:00.0;OFF;ON;100;-3,20;-3,40;2,60;24,10;96,30;122,70;5,80;6;79,60;2,40;1;
2026-07-24 17:38:00.0;OFF;ON;100;-3,20;-3,40;2,60;24;96,30;122,70;5,80;6;79,80;2,40;1;
2026-07-24 17:39:00.0;OFF;ON;100;-3,20;-3,50;2,50;24;96,40;122,70;5,80;6;80,10;2,40;1;
2026-07-24 17:40:00.0;OFF;ON;100;-3,10;-3,50;2,50;24;96,40;122,70;5,60;6;81,30;2,30;1;
2026-07-24 17:41:00.0;OFF;ON;100;-3,10;-3,50;2,50;23,90;96,30;122,70;5,60;6;81,70;2,30;0,90;
2026-07-24 17:42:00.0;OFF;ON;100;-3;-3,50;2,50;23,90;96,40;122,70;5,50;6;82,80;2,30;0,90;
2026-07-24 17:43:00.0;OFF;ON;100;-3;-3,60;2,40;23,80;96,40;122,70;5,50;6;83,30;2,30;0,90;
2026-07-24 17:44:00.0;OFF;ON;100;-3;-3,60;2,40;23,80;96,40;122,70;5,50;6;84,30;2,30;0,90;
2026-07-24 17:45:00.0;OFF;ON;100;-2,90;-3,60;2,40;23,70;96,30;122,70;5,30;6;85,30;2,20;0,90;
2026-07-24 17:46:00.0;OFF;ON;100;-3;-3,60;2,40;23,70;96,30;122,70;5,40;6;85,90;2,20;0,80;
2026-07-24 17:47:00.0;OFF;ON;100;-2,90;-3,70;2,30;23,60;96,30;122,70;5,30;6;87,40;2,20;0,80;
2026-07-24 17:48:00.0;OFF;ON;100;-2,90;-3,70;2,30;23,60;96,30;122,70;5,20;6;88,60;2,20;0,80;
2026-07-24 17:49:00.0;OFF;ON;100;-3;-3,70;2,30;23,50;96,30;122,70;5,20;6;89,40;2,10;0,70;
2026-07-24 17:50:00.0;OFF;ON;100;-2,90;-3,80;2,20;23,50;96,20;122,70;5,10;6;90,90;2,10;0,70;
2026-07-24 17:51:00.0;OFF;ON;100;-2,90;-3,80;2,20;23,50;96,10;122,70;5,10;6;91,80;2;0,70;
2026-07-24 17:52:00.0;OFF;ON;100;-2,80;-3,80;2,20;23,40;96,10;122,70;5;6;93,30;2;0,60;
2026-07-24 17:53:00.0;OFF;ON;100;-2,90;-3,80;2,20;23,40;96,20;122,70;5,10;6;94,20;2;0,60;
2026-07-24 17:54:00.0;OFF;ON;100;-2,90;-3,90;2,10;23,30;96,20;122,70;5;6;96;2;0,60;
2026-07-24 17:55:00.0;OFF;ON;100;-2,90;-3,90;2,10;23,30;96,20;122,70;5;6;96,90;1,90;0,50;
2026-07-24 17:56:00.0;OFF;ON;100;-2,90;-3,90;2,10;23,20;96,20;122,70;5;6;97,90;1,90;0,50;
2026-07-24 17:57:00.0;OFF;ON;100;-2,80;-3,90;2,10;23,20;96,10;122,70;4,90;6;99,40;1,90;0,50;
2026-07-24 17:58:00.0;OFF;ON;100;-2,90;-4;2;23,10;96,10;122,70;4,90;6;100;1,90;0,40;
2026-07-24 17:59:00.0;OFF;ON;100;-2,90;-4;2;23,10;96;122,70;4,90;6;100;1,90;0,40;
2026-07-24 18:00:00.0;OFF;ON;100;-2,90;-4;2;23;96,10;122,70;4,90;6;100;1,80;0,40;
2026-07-24 18:01:00.0;OFF;ON;100;-3;-4;1,90;23;96;122,70;4,90;6;100;1,80;0,40;
2026-07-24 18:02:00.0;OFF;ON;100;-3,10;-4;1,90;22,90;96,10;122,70;5;6;99,60;1,80;0,30;
2026-07-24 18:03:00.0;OFF;ON;100;-3,10;-4;1,90;22,90;96,10;122,70;5;6;99,60;1,70;0,30;
2026-07-24 18:04:00.0;OFF;ON;100;-3;-4;1,90;22,80;96,10;122,70;4,90;6;100;1,70;0,30;
2026-07-24 18:05:00.0;OFF;ON;100;-3,20;-4;1,90;22,80;96,10;122,70;5;6;99,50;1,70;0,30;
2026-07-24 18:06:00.0;OFF;ON;100;-3,10;-4;1,80;22,70;96,10;122,70;4,90;6;100;1,70;0,20;
2026-07-24 18:07:00.0;OFF;ON;100;-3,10;-4;1,80;22,70;96,10;122,70;4,90;6;100;1,60;0,20;
2026-07-24 18:08:00.0;OFF;ON;100;-3,10;-4;1,80;22,70;96,20;122,70;4,90;6;100;1,60;0,20;
2026-07-24 18:09:00.0;OFF;ON;100;-3,20;-4;1,80;22,60;96,10;122,70;5;6;99,60;1,60;0,20;
2026-07-24 18:10:00.0;OFF;ON;100;-3,10;-4;1,80;22,50;96,20;122,70;4,90;6;100;1,60;0,20;
2026-07-24 18:11:00.0;OFF;ON;100;-3,20;-4;1,70;22,50;96,20;122,70;4,90;6;99,90;1,60;0,20;
2026-07-24 18:12:00.0;OFF;ON;100;-3,10;-4;1,70;22,40;96,30;122,70;4,90;6;100;1,60;0,10;
2026-07-24 18:13:00.0;OFF;ON;100;-3,20;-4;1,70;22,40;96,20;122,70;4,90;6;100;1,60;0,10;
2026-07-24 18:14:00.0;OFF;ON;100;-3,10;-4;1,70;22,30;96,20;122,70;4,80;6;100;1,50;0,10;
2026-07-24 18:15:00.0;OFF;ON;100;-3,30;-4;1,70;22,30;96,20;122,70;5;6;99,60;1,50;0,10;
2026-07-24 18:16:00.0;OFF;ON;100;-3,20;-4;1,70;22,30;96,40;122,70;4,90;6;100;1,50;0,10;
2026-07-24 18:17:00.0;OFF;ON;100;-3,20;-4;1,70;22,20;96,30;122,70;4,80;6;100;1,50;0,10;
2026-07-24 18:18:00.0;OFF;ON;100;-3,20;-4;1,70;22,20;96,40;122,70;4,80;6;100;1,50;0;
2026-07-24 18:19:00.0;OFF;ON;100;-3,20;-4;1,60;22,10;96,40;122,70;4,80;6;100;1,50;0;
2026-07-24 18:20:00.0;OFF;ON;100;-3,20;-4;1,60;22,10;96,40;122,70;4,80;6;100;1,50;0;
2026-07-24 18:21:00.0;OFF;ON;100;-3,30;-4;1,60;22;96,40;122,70;4,90;6;99,60;1,50;0;
2026-07-24 18:22:00.0;OFF;ON;100;-3,20;-4;1,60;22;96,30;122,70;4,80;6;100;1,40;0;
2026-07-24 18:23:00.0;OFF;ON;100;-3,30;-4;1,60;21,90;96,20;122,70;4,90;6;99,60;1,40;0;
2026-07-24 18:24:00.0;OFF;ON;100;-3,20;-4;1,60;21,90;96,30;122,70;4,80;6;100;1,40;0;
2026-07-24 18:25:00.0;OFF;ON;100;-3,20;-4;1,50;21,80;96,10;122,70;4,80;6;100;1,40;0;
2026-07-24 18:26:00.0;OFF;ON;100;-3,30;-4;1,50;21,80;96,10;122,70;4,80;6;100;1,40;-0,10;
2026-07-24 18:27:00.0;OFF;ON;100;-3,30;-4;1,50;21,70;96,10;122,70;4,80;6;100;1,40;-0,10;
2026-07-24 18:28:00.0;OFF;ON;100;-3,30;-4;1,50;21,70;96,10;122,70;4,80;6;99,60;1,40;-0,10;
2026-07-24 18:29:00.0;OFF;ON;100;-3,40;-4;1,50;21,60;96;122,70;4,90;6;99,60;1,40;-0,10;
2026-07-24 18:30:00.0;OFF;ON;100;-3,40;-4;1,40;21,60;96;122,70;4,80;6;99,60;1,30;-0,10;
2026-07-24 18:31:00.0;OFF;ON;100;-3,40;-4;1,40;21,50;96;122,70;4,80;6;99,60;1,30;-0,10;
2026-07-24 18:32:00.0;OFF;ON;100;-3,40;-4;1,40;21,50;96,10;122,70;4,80;6;99,60;1,30;-0,10;
2026-07-24 18:33:00.0;OFF;ON;100;-3,40;-4;1,40;21,40;96;122,70;4,80;6;99,70;1,30;-0,20;
2026-07-24 18:34:00.0;OFF;ON;100;-3,30;-4;1,40;21,40;96;122,70;4,70;6;100;1,20;-0,20;
2026-07-24 18:35:00.0;OFF;ON;100;-3,30;-4;1,40;21,30;96,10;122,70;4,70;6;100;1,30;-0,20;
2026-07-24 18:36:00.0;OFF;ON;100;-3,40;-4;1,40;21,30;96;122,70;4,80;6;99,40;1,30;-0,20;
2026-07-24 18:37:00.0;OFF;ON;100;-3,40;-4;1,40;21,20;96,10;122,70;4,80;6;99,70;1,20;-0,20;
2026-07-24 18:38:00.0;OFF;ON;100;-3,40;-4;1,30;21,20;96,10;122,70;4,80;6;99,60;1,20;-0,20;
2026-07-24 18:39:00.0;OFF;ON;100;-3,40;-4;1,30;21,10;96;122,70;4,70;6;99,60;1,20;-0,20;
2026-07-24 18:40:00.0;OFF;ON;100;-3,40;-4;1,30;21,10;96;122,70;4,70;6;100;1,20;-0,20;
2026-07-24 18:41:00.0;OFF;ON;100;-3,40;-4;1,30;21;96;122,70;4,60;6;100;1,10;-0,20;
2026-07-24 18:42:00.0;OFF;ON;100;-3,40;-4;1,30;21;96;122,70;4,60;6;100;1,10;-0,20;
2026-07-24 18:43:00.0;OFF;ON;100;-3,40;-4;1,30;20,90;96;122,70;4,70;6;99,60;1,10;-0,30;
2026-07-24 18:44:00.0;OFF;ON;100;-3,40;-4;1,30;20,90;96;122,70;4,60;6;100;1,10;-0,30;
2026-07-24 18:45:00.0;OFF;ON;100;-3,40;-4;1,20;20,80;96,10;122,70;4,70;6;99,60;1,10;-0,30;
2026-07-24 18:46:00.0;OFF;ON;100;-3,40;-4;1,20;20,80;96,10;122,70;4,70;6;99,70;1,10;-0,30;
2026-07-24 18:47:00.0;OFF;ON;100;-3,40;-4;1,20;20,70;96,10;122,70;4,60;6;100;1,10;-0,30;
2026-07-24 18:48:00.0;OFF;ON;100;-3,40;-4;1,20;20,70;96;122,70;4,60;6;99,60;1;-0,30;
2026-07-24 18:49:00.0;OFF;ON;100;-3,40;-4;1,20;20,60;96,10;122,70;4,60;6;100;1;-0,30;
2026-07-24 18:50:00.0;OFF;ON;100;-3,50;-4;1,20;20,60;96,10;122,70;4,60;6;99,60;1;-0,30;
2026-07-24 18:51:00.0;OFF;ON;100;-3,40;-4;1,20;20,50;96,10;122,70;4,50;6;100;1;-0,30;
2026-07-24 18:52:00.0;OFF;ON;100;-3,40;-4;1,20;20,50;96,10;122,70;4,50;6;100;1;-0,30;
2026-07-24 18:53:00.0;OFF;ON;100;-3,50;-4;1,10;20,40;96,10;122,70;4,60;6;99,60;1;-0,30;
2026-07-24 18:54:00.0;OFF;ON;100;-3,40;-4;1,10;20,40;96,10;122,70;4,50;6;100;1;-0,40;
2026-07-24 18:55:00.0;OFF;ON;100;-3,40;-4;1,10;20,30;96,10;122,70;4,50;6;100;1;-0,40;
2026-07-24 18:56:00.0;OFF;ON;100;-3,40;-4;1,10;20,30;96,10;122,70;4,50;6;100;1;-0,40;
2026-07-24 18:57:00.0;OFF;ON;100;-3,50;-4;1,10;20,20;96,10;122,70;4,50;6;99,70;1;-0,40;
2026-07-24 18:58:00.0;OFF;ON;100;-3,40;-4;1,10;20,20;96;122,70;4,50;6;99,80;0,90;-0,40;
2026-07-24 18:59:00.0;OFF;ON;100;-3,40;-4;1,10;20,10;96;122,70;4,50;6;100;0,90;-0,40;
2026-07-24 19:00:00.0;OFF;ON;100;-3,50;-4;1,10;20,10;96;122,70;4,60;6;99,60;0,90;-0,40;
2026-07-24 19:01:00.0;OFF;ON;100;-3,40;-4;1,10;20;96;122,70;4,40;6;100;0,90;-0,40;
2026-07-24 19:02:00.0;OFF;ON;100;-3,40;-4;1;20;96;122,70;4,40;6;100;0,90;-0,40;
2026-07-24 19:03:00.0;OFF;ON;100;-3,40;-4;1;20;96;122,70;4,40;6;100;0,90;-0,40;
2026-07-24 19:04:00.0;OFF;ON;100;-3,40;-4;1;19,90;96;122,70;4,40;6;100;0,90;-0,40;
2026-07-24 19:05:00.0;OFF;ON;100;-3,40;-4;1;19,90;96;122,70;4,40;6;100;0,90;-0,40;
2026-07-24 19:06:00.0;OFF;ON;100;-3,50;-4;1;19,80;96;122,70;4,50;6;99,60;0,90;-0,40;
2026-07-24 19:07:00.0;OFF;ON;100;-3,50;-4;1;19,80;96;122,70;4,40;6;99,60;0,90;-0,40;
2026-07-24 19:08:00.0;OFF;ON;100;-3,30;-4;1;19,70;96;122,70;4,30;6;100;0,80;-0,40;
2026-07-24 19:09:00.0;OFF;ON;100;-3,40;-4;1;19,70;96;122,70;4,40;6;100;0,80;-0,40;
2026-07-24 19:10:00.0;OFF;ON;100;-3,40;-4;1;19,70;96;122,70;4,40;6;100;0,80;-0,40;
2026-07-24 19:11:00.0;OFF;ON;100;-3,50;-4;0,90;19,60;96;122,70;4,40;6;99,70;0,80;-0,50;
2026-07-24 19:12:00.0;OFF;ON;100;-3,30;-4;0,90;19,60;96;122,70;4,30;6;100;0,80;-0,50;
2026-07-24 19:13:00.0;OFF;ON;100;-3,50;-4;0,90;19,50;96;122,70;4,40;6;99,70;0,80;-0,50;
2026-07-24 19:14:00.0;OFF;ON;100;-3,40;-4;0,90;19,50;96;122,70;4,40;6;99,70;0,80;-0,50;
2026-07-24 19:15:00.0;OFF;ON;100;-3,50;-4;0,90;19,50;96;122,70;4,40;6;99,70;0,80;-0,50;
2026-07-24 19:16:00.0;OFF;ON;100;-3,40;-4;0,90;19,40;96;122,70;4,40;6;99,70;0,80;-0,50;
2026-07-24 19:17:00.0;OFF;ON;100;-3,40;-4;0,90;19,40;96;122,70;4,30;6;99,70;0,80;-0,50;
2026-07-24 19:18:00.0;OFF;ON;100;-3,40;-4;0,90;19,30;96;122,70;4,30;6;100;0,70;-0,50;
2026-07-24 19:19:00.0;OFF;ON;100;-3,50;-4;0,90;19,30;96;122,70;4,40;6;99,60;0,80;-0,50;
2026-07-24 19:20:00.0;OFF;ON;100;-3,40;-4;0,90;19,30;96;122,70;4,20;6;100;0,80;-0,50;
2026-07-24 19:21:00.0;OFF;ON;100;-3,50;-4;0,90;19,20;96;122,70;4,30;6;99,60;0,70;-0,50;
2026-07-24 19:22:00.0;OFF;ON;100;-3,50;-4;0,90;19,20;96;122,70;4,30;6;99,60;0,70;-0,50;
2026-07-24 19:23:00.0;OFF;ON;100;-3,40;-4;0,90;19,10;96;122,70;4,20;6;100;0,70;-0,50;
2026-07-24 19:24:00.0;OFF;ON;100;-3,40;-4;0,80;19,10;96;122,70;4,30;6;99,70;0,70;-0,50;
2026-07-24 19:25:00.0;OFF;ON;100;-3,40;-4;0,80;19,10;96;122,70;4,20;6;100;0,70;-0,50;
2026-07-24 19:26:00.0;OFF;ON;100;-3,40;-4;0,80;19;96;122,70;4,20;6;100;0,70;-0,50;
2026-07-24 19:27:00.0;OFF;ON;100;-3,50;-4;0,80;19;96;122,70;4,30;6;99,60;0,70;-0,50;
2026-07-24 19:28:00.0;OFF;ON;100;-3,40;-4;0,80;18,90;96;122,70;4,20;6;100;0,70;-0,50;
2026-07-24 19:29:00.0;OFF;ON;100;-3,40;-4;0,80;18,90;96;122,70;4,20;6;100;0,70;-0,50;
2026-07-24 19:30:00.0;OFF;ON;100;-3,30;-4;0,80;18,80;96;122,70;4,20;6;99,70;0,70;-0,50;
2026-07-24 19:31:00.0;OFF;ON;100;-3,50;-4;0,80;18,80;96;122,70;4,10;6;100;0,70;-0,50;
2026-07-24 19:32:00.0;OFF;ON;100;-3,50;-4;0,80;18,80;96;122,70;4,10;6;100;0,70;-0,60;
2026-07-24 19:33:00.0;OFF;ON;100;-3,50;-4;0,80;18,70;96;122,70;4,20;6;99,60;0,70;-0,60;
2026-07-24 19:34:00.0;OFF;ON;100;-3,50;-4;0,80;18,70;96;122,70;4,20;6;99,70;0,70;-0,60;
2026-07-24 19:35:00.0;OFF;ON;100;-3,50;-4;0,80;18,60;96;122,70;4,10;6;100;0,60;-0,60;
2026-07-24 19:36:00.0;OFF;ON;100;-3,30;-4;0,70;18,60;96;122,70;4,20;6;99,60;0,60;-0,60;
2026-07-24 19:37:00.0;OFF;ON;100;-3,40;-4;0,70;18,60;96;122,70;4,10;6;100;0,60;-0,60;
2026-07-24 19:38:00.0;OFF;ON;100;-3,40;-4;0,70;18,50;96;122,70;4;6;100;0,60;-0,60;
2026-07-24 19:39:00.0;OFF;ON;100;-3,30;-4;0,70;18,50;96;122,70;4,20;6;99,50;0,60;-0,60;
2026-07-24 19:40:00.0;OFF;ON;100;-3,40;-4;0,70;18,40;96;122,70;4,20;6;99,60;0,60;-0,60;
2026-07-24 19:41:00.0;OFF;ON;100;-3,40;-4;0,70;18,40;96;122,70;4,20;6;99,60;0,60;-0,60;
2026-07-24 19:42:00.0;OFF;ON;100;-3,40;-4;0,70;18,40;96;122,70;4,10;6;100;0,60;-0,60;
2026-07-24 19:43:00.0;OFF;ON;100;-3,30;-4;0,70;18,30;96;122,70;4;6;100;0,50;-0,60;
2026-07-24 19:44:00.0;OFF;ON;100;-3,30;-4;0,70;18,30;96;122,70;4,10;6;99,70;0,50;-0,60;
2026-07-24 19:45:00.0;OFF;ON;100;-3,30;-4;0,70;18,20;96;122,70;4;6;100;0,50;-0,60;
2026-07-24 19:46:00.0;OFF;ON;100;-3,40;-4;0,70;18,20;96;122,70;4,10;6;99,70;0,60;-0,60;
2026-07-24 19:47:00.0;OFF;ON;100;-3,40;-4;0,70;18,20;96;122,70;4;6;100;0,50;-0,60;
2026-07-24 19:48:00.0;OFF;ON;100;-3,40;-4;0,70;18,10;96;122,70;4,10;6;99,70;0,50;-0,60;
2026-07-24 19:49:00.0;OFF;ON;100;-3,40;-4;0,70;18,10;96;122,70;4;6;100;0,50;-0,60;
2026-07-24 19:50:00.0;OFF;ON;100;-3,30;-4;0,60;18;95,90;122,70;4;6;100;0,50;-0,60;
2026-07-24 19:51:00.0;OFF;ON;100;-3,30;-4;0,60;18;96;122,70;4;6;100;0,50;-0,60;
2026-07-24 19:52:00.0;OFF;ON;100;-3,30;-4;0,70;17,90;96;122,70;4;6;100;0,50;-0,60;
2026-07-24 19:53:00.0;OFF;ON;100;-3,40;-4;0,60;17,90;96;122,70;4;6;99,70;0,50;-0,60;
2026-07-24 19:54:00.0;OFF;ON;100;-3,40;-4;0,60;17,80;96;122,70;4;6;100;0,50;-0,60;
2026-07-24 19:55:00.0;OFF;ON;100;-3,40;-4;0,60;17,80;96;122,70;3,90;6;100;0,40;-0,60;
2026-07-24 19:56:00.0;OFF;ON;100;-3,40;-4;0,60;17,80;96;122,70;4;6;99,60;0,40;-0,60;
2026-07-24 19:57:00.0;OFF;ON;100;-3,40;-4;0,60;17,70;95,90;122,70;4;6;100;0,50;-0,60;
2026-07-24 19:58:00.0;OFF;ON;100;-3,90;-4;0,60;17,70;96;122,70;4,50;6;98,30;0,40;-0,70;
2026-07-24 19:59:00.0;OFF;ON;100;-4;-4;0,50;17,60;95,90;122,70;4,50;6;97,80;0,40;-0,80;
2026-07-24 20:00:00.0;OFF;ON;100;-4;-4;0,50;17,60;95,80;122,70;4,40;6;98,30;0,30;-0,90;
2026-07-24 20:01:00.0;OFF;ON;100;-3,80;-4;0,40;17,50;95,50;122,70;4,20;6;99,10;0,30;-0,90;
2026-07-24 20:02:00.0;OFF;ON;100;-3,70;-4;0,40;17,50;95,50;122,70;4,10;6;99,80;0,20;-0,90;
2026-07-24 20:03:00.0;OFF;ON;100;-3,60;-4;0,40;17,40;95,60;122,70;4;6;100;0,30;-0,90;
2026-07-24 20:04:00.0;OFF;ON;100;-3,50;-4;0,40;17,40;95,80;122,70;4;6;100;0,30;-0,80;
2026-07-24 20:05:00.0;OFF;ON;100;-3,60;-4;0,40;17,40;95,80;122,70;4;6;99,50;0,30;-0,80;
2026-07-24 20:06:00.0;OFF;ON;100;-3,50;-4;0,40;17,30;95,90;122,70;4;6;99,60;0,30;-0,80;
2026-07-24 20:07:00.0;OFF;ON;100;-3,50;-4;0,40;17,30;95,90;122,70;4;6;99,50;0,30;-0,80;
2026-07-24 20:08:00.0;OFF;ON;100;-3,40;-4;0,40;17,30;96;122,70;3,90;6;100;0,30;-0,80;
2026-07-24 20:09:00.0;OFF;ON;100;-3,50;-4;0,40;17,20;96;122,70;4;6;99,60;0,30;-0,80;
2026-07-24 20:10:00.0;OFF;ON;100;-3,40;-4;0,40;17,20;95,90;122,70;3,80;6;100;0,30;-0,80;
2026-07-24 20:11:00.0;OFF;ON;100;-3,50;-4;0,40;17,10;96;122,70;3,90;6;99,60;0,30;-0,80;
2026-07-24 20:12:00.0;OFF;ON;100;-3,40;-4;0,40;17,10;96;122,60;3,90;6;99,70;0,30;-0,80;
2026-07-24 20:13:00.0;OFF;ON;100;-3,40;-4;0,40;17;95,90;122,70;3,80;6;100;0,30;-0,80;
2026-07-24 20:14:00.0;OFF;ON;100;-3,50;-4;0,40;17;96;122,70;3,90;6;99,60;0,30;-0,80;
2026-07-24 20:15:00.0;OFF;ON;100;-3,40;-4;0,40;17;95,90;122,70;3,80;6;100;0,30;-0,80;
2026-07-24 20:16:00.0;OFF;ON;100;-3,40;-4;0,40;16,90;95,90;122,70;3,80;6;100;0,30;-0,80;
2026-07-24 20:17:00.0;OFF;ON;100;-3;-4;0,40;16,90;95,90;122,70;3,40;6;100;0,30;-0,80;
2026-07-24 20:18:00.0;OFF;ON;100;-3;-4;0,40;16,80;95,90;122,70;3,50;6;99,70;0,40;-0,70;
2026-07-24 20:19:00.0;OFF;ON;100;-2,90;-4;0,50;16,80;96,30;122,70;3,40;6;100;0,40;-0,50;
2026-07-24 20:20:00.0;OFF;ON;100;-3;-4;0,50;16,70;96,40;122,70;3,50;6;99,70;0,40;-0,50;
2026-07-24 20:21:00.0;OFF;ON;100;-2,90;-4;0,50;16,70;96,50;122,70;3,40;6;100;0,40;-0,50;
2026-07-24 20:22:00.0;OFF;ON;100;-3;-4;0,50;16,70;96,50;122,70;3,50;6;99,60;0,40;-0,50;
2026-07-24 20:23:00.0;OFF;ON;100;-3;-4;0,60;16,60;96,40;122,70;3,50;6;99,90;0,40;-0,50;
2026-07-24 20:24:00.0;OFF;ON;100;-2,90;-4;0,50;16,60;96,30;122,60;3,50;6;100;0,40;-0,50;
2026-07-24 20:25:00.0;OFF;ON;100;-2,90;-4;0,50;16,50;96,30;122,60;3,50;6;100;0,40;-0,50;
2026-07-24 20:26:00.0;OFF;ON;100;-3;-4;0,50;16,50;96,30;122,70;3,50;6;99,80;0,40;-0,50;
2026-07-24 20:27:00.0;OFF;ON;100;-2,90;-4;0,50;16,40;96,30;122,70;3,50;6;100;0,40;-0,50;
2026-07-24 20:28:00.0;OFF;ON;100;-3;-4;0,50;16,40;96,30;122,70;3,50;6;99,60;0,40;-0,50;
2026-07-24 20:29:00.0;OFF;ON;100;-2,90;-4;0,50;16,40;96,20;122,60;3,50;6;100;0,40;-0,50;
2026-07-24 20:30:00.0;OFF;ON;100;-3;-4;0,50;16,30;96,20;122,60;3,50;6;99,70;0,40;-0,50;
2026-07-24 20:31:00.0;OFF;ON;100;-2,90;-4;0,50;16,30;96,20;122,70;3,40;6;100;0,40;-0,50;
2026-07-24 20:32:00.0;OFF;ON;100;-2,90;-4;0,50;16,20;96,20;122,70;3,40;6;100;0,40;-0,50;
2026-07-24 20:33:00.0;OFF;ON;100;-3;-4;0,50;16,20;96,20;122,70;3,60;6;99,60;0,40;-0,50;
2026-07-24 20:34:00.0;OFF;ON;100;-2,90;-4;0,50;16,10;96,20;122,60;3,40;6;100;0,40;-0,50;
2026-07-24 20:35:00.0;OFF;ON;100;-3;-4;0,50;16,10;96,20;122,70;3,50;6;99,60;0,40;-0,50;
2026-07-24 20:36:00.0;OFF;ON;100;-3;-4;0,50;16,10;96,20;122,60;3,50;6;99,80;0,40;-0,50;
2026-07-24 20:37:00.0;OFF;ON;100;-3;-4;0,50;16;96,10;122,60;3,50;6;99,50;0,40;-0,50;
2026-07-24 20:38:00.0;OFF;ON;100;-2,90;-4;0,50;16;96,20;122,60;3,40;6;100;0,40;-0,50;
2026-07-24 20:39:00.0;OFF;ON;100;-3;-4;0,50;15,90;96,10;122,60;3,40;6;99,80;0,40;-0,50;
2026-07-24 20:40:00.0;OFF;ON;100;-2,90;-4;0,50;15,90;96,10;122,60;3,40;6;100;0,40;-0,50;
2026-07-24 20:41:00.0;OFF;ON;100;-3,50;-4;0,50;15,90;96,10;122,60;4;6;98,30;0,40;-0,50;
2026-07-24 20:42:00.0;OFF;ON;100;-3,50;-4;0,50;15,80;96,10;122,60;4;6;98,60;0,30;-0,60;
2026-07-24 20:43:00.0;OFF;ON;100;-3,60;-4;0,30;15,80;95,80;122,70;3,90;6;98,80;0,20;-0,80;
2026-07-24 20:44:00.0;OFF;ON;100;-3,70;-4;0,30;15,70;95,60;122,70;3,90;6;99,20;0,20;-0,90;
2026-07-24 20:45:00.0;OFF;ON;100;-3,70;-4;0,20;15,70;95,50;122,70;3,90;6;99,40;0,10;-0,90;
2026-07-24 20:46:00.0;OFF;ON;100;-3,70;-4;0,20;15,60;95,50;122,70;3,90;6;99,50;0,10;-0,90;
2026-07-24 20:47:00.0;OFF;ON;100;-3,70;-4;0,20;15,60;95,50;122,70;3,90;6;99,60;0,10;-0,90;
2026-07-24 20:48:00.0;OFF;ON;100;-3,60;-4;0,20;15,60;95,50;122,70;3,80;6;99,80;0,10;-0,90;
2026-07-24 20:49:00.0;OFF;ON;100;-3,70;-4;0,20;15,50;95,60;122,70;3,90;6;99,60;0,10;-0,90;
2026-07-24 20:50:00.0;OFF;ON;100;-3,70;-4;0,20;15,50;95,60;122,70;3,90;6;99,60;0,10;-0,90;
2026-07-24 20:51:00.0;OFF;ON;100;-3,70;-4;0,20;15,40;95,60;122,70;3,90;6;99,60;0;-0,90;
2026-07-24 20:52:00.0;OFF;ON;100;-3,70;-4;0,10;15,40;95,70;122,70;3,90;6;99,70;0;-0,90;
2026-07-24 20:53:00.0;OFF;ON;100;-3,60;-4;0,10;15,30;95,80;122,70;3,80;6;100;0;-1;
2026-07-24 20:54:00.0;OFF;ON;100;-3,70;-4;0,10;15,30;95,70;122,70;3,80;6;99,70;0;-1;
2026-07-24 20:55:00.0;OFF;ON;100;-3,70;-4;0,10;15,30;95,70;122,60;3,80;6;99,60;0;-1;
2026-07-24 20:56:00.0;OFF;ON;100;-3,60;-4;0,10;15,20;95,70;122,70;3,70;6;100;0;-1;
2026-07-24 20:57:00.0;OFF;ON;100;-3,10;-4;0,10;15,20;95,60;122,70;3,20;6;99,80;0;-1;
2026-07-24 20:58:00.0;OFF;ON;100;-3,20;-4;0,10;15,10;95,60;122,70;3,30;6;99,70;0;-0,90;
2026-07-24 20:59:00.0;OFF;ON;100;-3,10;-4;0,20;15,10;95,90;122,60;3,30;6;100;0,10;-0,80;
2026-07-24 21:00:00.0;OFF;ON;100;-3,20;-4;0,20;15,10;96;122,60;3,40;6;100;0,10;-0,80;
2026-07-24 21:01:00.0;OFF;ON;100;-3,10;-4;0,20;15;96;122,60;3,30;6;100;0,10;-0,80;
2026-07-24 21:02:00.0;OFF;ON;100;-3,30;-4;0,20;15;96,10;122,70;3,50;6;99,60;0,10;-0,70;
2026-07-24 21:03:00.0;OFF;ON;100;-3,30;-4;0,20;14,90;96,10;122,60;3,50;6;99,70;0,10;-0,70;
2026-07-24 21:04:00.0;OFF;ON;100;-3,20;-4;0,20;14,90;96;122,60;3,40;6;100;0,10;-0,70;
2026-07-24 21:05:00.0;OFF;ON;100;-3,20;-4;0,20;14,90;96;122,60;3,40;6;100;0,10;-0,80;
2026-07-24 21:06:00.0;OFF;ON;100;-3,20;-4;0,20;14,80;96;122,60;3,30;6;100;0;-0,70;
2026-07-24 21:07:00.0;OFF;ON;100;-3,30;-4;0,20;14,80;95,90;122,60;3,40;6;99,50;0,10;-0,70;
2026-07-24 21:08:00.0;OFF;ON;100;-3,20;-4;0,20;14,80;96;122,60;3,40;6;100;0,10;-0,80;
2026-07-24 21:09:00.0;OFF;ON;100;-3,20;-4;0,10;14,80;96;122,60;3,30;6;100;0;-0,80;
2026-07-24 21:10:00.0;OFF;ON;100;-3,20;-4;0,20;14,70;96;122,60;3,40;6;100;0,10;-0,80;
2026-07-24 21:11:00.0;OFF;ON;100;-3,30;-4;0,10;14,70;95,90;122,60;3,40;6;99,60;0,10;-0,80;
2026-07-24 21:12:00.0;OFF;ON;100;-3,20;-4;0,10;14,60;95,90;122,60;3,40;6;99,80;0,10;-0,80;
2026-07-24 21:13:00.0;OFF;ON;100;-3,30;-4;0,20;14,60;95,90;122,60;3,50;6;99,60;0;-0,80;
2026-07-24 21:14:00.0;OFF;ON;100;-3,20;-4;0,10;14,60;95,90;122,60;3,40;6;100;0;-0,80;
2026-07-24 21:15:00.0;OFF;ON;100;-3,30;-4;0,10;14,60;95,90;122,60;3,40;6;99,60;0;-0,80;
2026-07-24 21:16:00.0;OFF;ON;100;-3,20;-4;0,10;14,50;95,90;122,60;3,30;6;100;0;-0,80;
2026-07-24 21:17:00.0;OFF;ON;100;-3,20;-4;0,10;14,50;95,80;122,60;3,30;6;100;0;-0,80;
2026-07-24 21:18:00.0;OFF;ON;100;-3,20;-4;0,10;14,40;95,80;122,60;3,30;6;100;0;-0,80;
2026-07-24 21:19:00.0;OFF;ON;100;-3,20;-4;0,10;14,40;95,80;122,60;3,30;6;100;0;-0,80;
2026-07-24 21:20:00.0;OFF;ON;100;-3,30;-4;0,10;14,40;95,80;122,60;3,40;6;99,60;0;-0,80;
2026-07-24 21:21:00.0;OFF;ON;100;-3,20;-4;0,10;14,30;95,80;122,60;3,30;6;100;0;-0,80;
2026-07-24 21:22:00.0;OFF;ON;100;-3,30;-4;0,10;14,30;95,80;122,60;3,30;6;100;0;-0,80;
2026-07-24 21:23:00.0;OFF;ON;100;-3,40;-4;0,10;14,30;95,80;122,60;3,40;6;99,60;0;-0,80;
2026-07-24 21:24:00.0;OFF;ON;100;-3,30;-4;0,10;14,20;95,80;122,60;3,40;6;99,60;0;-0,80;
2026-07-24 21:25:00.0;OFF;ON;100;-3,30;-4;0,10;14,20;95,80;122,60;3,30;6;100;0;-0,80;
2026-07-24 21:26:00.0;OFF;ON;100;-3,30;-4;0;14,20;95,80;122,60;3,30;6;100;-0,10;-0,80;
2026-07-24 21:27:00.0;OFF;ON;100;-3,30;-4;0;14,10;95,80;122,60;3,30;6;100;0;-0,80;
2026-07-24 21:28:00.0;OFF;ON;100;-3,30;-4;0;14,10;95,80;122,60;3,30;6;100;-0,10;-0,80;
2026-07-24 21:29:00.0;OFF;ON;100;-3,30;-4;0;14,10;95,80;122,60;3,30;6;100;-0,10;-0,80;
2026-07-24 21:30:00.0;OFF;ON;100;-3,30;-4;0;14;95,80;122,60;3,30;6;95,80;-0,10;-0,80;
2026-07-24 21:31:00.0;OFF;ON;100;-3,40;-3;0;14;95,80;122,60;3,30;3;95,40;-0,10;-0,90;
2026-07-24 21:32:00.0;OFF;ON;70;-3,30;-3,10;-0,10;14;95,50;122,60;3,20;3;95,60;-0,20;-1,30;
2026-07-24 21:33:00.0;OFF;ON;70;-3,40;-3,10;-0,10;13,90;95,30;122,60;3,20;3;95,20;-0,30;-1,30;
2026-07-24 21:34:00.0;OFF;ON;70;-3,50;-3,20;-0,20;13,90;95,10;122,60;3,30;3;94,60;-0,30;-1,40;
2026-07-24 21:35:00.0;OFF;ON;70;-3,60;-3,20;-0,20;13,90;95,10;122,60;3,40;3;93,90;-0,30;-1,50;
2026-07-24 21:36:00.0;OFF;ON;70;-3,60;-3,20;-0,20;13,90;95,10;122,60;3,30;3;93,70;-0,30;-1,50;
2026-07-24 21:37:00.0;OFF;ON;70;-3,60;-3,30;-0,30;13,80;95,10;122,60;3,30;3;93,30;-0,40;-1,60;
2026-07-24 21:38:00.0;OFF;ON;70;-3,60;-3,30;-0,30;13,80;95,10;122,60;3,30;3;93;-0,40;-1,60;
2026-07-24 21:39:00.0;OFF;ON;70;-3,60;-3,30;-0,30;13,70;95,10;122,60;3,30;3;92,70;-0,40;-1,60;
2026-07-24 21:40:00.0;OFF;ON;70;-3,60;-3,30;-0,30;13,70;95,20;122,60;3,20;3;93,30;-0,40;-1,60;
2026-07-24 21:41:00.0;OFF;ON;70;-3,60;-3,50;-0,30;13,70;95,20;122,60;3,30;3,20;93,20;-0,40;-1,60;
2026-07-24 21:42:00.0;OFF;ON;75;-3,70;-3,50;-0,30;13,70;95,30;122,70;3,30;3,20;92,90;-0,40;-1,60;
2026-07-24 21:43:00.0;OFF;ON;75;-3,70;-3,50;-0,30;13,60;95,40;122,60;3,30;3,20;92,70;-0,40;-1,60;
2026-07-24 21:44:00.0;OFF;ON;75;-3,70;-3,60;-0,40;13,60;95,40;122,60;3,30;3,20;93;-0,40;-1,60;
2026-07-24 21:45:00.0;OFF;ON;75;-3,60;-3,60;-0,40;13,50;95,40;122,70;3,20;3,20;92,80;-0,50;-1,50;
2026-07-24 21:46:00.0;OFF;ON;75;-3,70;-3,50;-0,30;13,50;95,50;122,70;3,30;3,20;92,60;-0,50;-1,50;
2026-07-24 21:47:00.0;OFF;ON;75;-3,70;-3,60;-0,40;13,50;95,40;122,60;3,30;3,20;92,60;-0,50;-1,50;
2026-07-24 21:48:00.0;OFF;ON;75;-3,60;-3,60;-0,40;13,50;95,50;122,60;3,20;3,20;92,60;-0,50;-1,60;
2026-07-24 21:49:00.0;OFF;ON;75;-3,50;-3,60;-0,40;13,40;95,50;122,60;3,20;3,20;93,20;-0,40;-1,60;
2026-07-24 21:50:00.0;OFF;ON;75;-3,50;-3,60;-0,40;13,40;95,60;122,60;3,10;3,20;94;-0,40;-1,50;
2026-07-24 21:51:00.0;OFF;ON;75;-3,50;-3,80;-0,40;13,40;95,60;122,60;3,10;3,40;94,40;-0,50;-1,50;
2026-07-24 21:52:00.0;OFF;ON;80;-3,50;-3,80;-0,40;13,30;95,70;122,60;3,10;3,40;94,60;-0,50;-1,50;
2026-07-24 21:53:00.0;OFF;ON;80;-3,50;-3,80;-0,40;13,30;95,80;122,60;3,10;3,40;95;-0,40;-1,40;
2026-07-24 21:54:00.0;OFF;ON;80;-3,50;-3,70;-0,30;13,20;95,80;122,60;3,20;3,40;95,20;-0,40;-1,40;
2026-07-24 21:55:00.0;OFF;ON;80;-3,40;-3,70;-0,30;13,20;95,80;122,60;3,10;3,40;95,80;-0,40;-1,40;
2026-07-24 21:56:00.0;OFF;ON;80;-3,50;-3,70;-0,30;13,20;95,80;122,60;3,10;3,40;96;-0,40;-1,40;
2026-07-24 21:57:00.0;OFF;ON;80;-3,40;-3,80;-0,40;13,10;95,80;122,60;3;3,40;96,80;-0,40;-1,40;
2026-07-24 21:58:00.0;OFF;ON;80;-3,50;-3,80;-0,40;13,10;95,80;122,60;3,10;3,40;96,90;-0,40;-1,40;
2026-07-24 21:59:00.0;OFF;ON;80;-3,40;-3,80;-0,40;13,10;95,80;122,60;3;3,40;97,50;-0,40;-1,40;
2026-07-24 22:00:00.0;OFF;ON;80;-3,50;-3,80;-0,40;13,10;95,80;122,60;3,10;3,40;97,60;-0,40;-1,40;
2026-07-24 22:01:00.0;OFF;ON;80;-3,30;-4;-0,40;13;95,80;122,60;3;3,60;99,60;-0,40;-1,30;
2026-07-24 22:02:00.0;OFF;ON;85;-3,40;-4;-0,40;13;95,80;122,60;3,10;3,60;99,60;-0,40;-1,30;
2026-07-24 22:03:00.0;OFF;ON;85;-3,40;-3,90;-0,30;13;95,90;122,60;3,10;3,60;99,50;-0,40;-1,30;
2026-07-24 22:04:00.0;OFF;ON;85;-3,40;-3,90;-0,30;12,90;96;122,60;3;3,60;99,60;-0,40;-1,30;
2026-07-24 22:05:00.0;OFF;ON;85;-3,30;-3,90;-0,30;12,90;96;122,60;3;3,60;100;-0,40;-1,20;
2026-07-24 22:06:00.0;OFF;ON;85;-3,30;-3,90;-0,30;12,90;96;122,60;3;3,60;99,60;-0,40;-1,20;
2026-07-24 22:07:00.0;OFF;ON;85;-3,30;-3,90;-0,30;12,80;96;122,60;3;3,60;99,70;-0,40;-1,20;
2026-07-24 22:08:00.0;OFF;ON;85;-3,40;-3,90;-0,30;12,80;95,90;122,60;3;3,60;99,70;-0,40;-1,20;
2026-07-24 22:09:00.0;OFF;ON;85;-3,30;-3,90;-0,30;12,80;95,90;122,60;2,90;3,60;100;-0,40;-1,20;
2026-07-24 22:10:00.0;OFF;ON;85;-3,30;-3,90;-0,30;12,70;95,90;122,60;2,90;3,60;100;-0,40;-1,20;
2026-07-24 22:11:00.0;OFF;ON;85;-3,20;-4;-0,30;12,70;96;122,60;2,90;3,80;100;-0,40;-1,20;
2026-07-24 22:12:00.0;OFF;ON;90;-3,20;-4;-0,30;12,70;96;122,60;2,90;3,80;100;-0,40;-1,10;
2026-07-24 22:13:00.0;OFF;ON;90;-3,20;-4;-0,30;12,60;96;122,60;2,90;3,80;100;-0,40;-1,10;
2026-07-24 22:14:00.0;OFF;ON;90;-3,20;-4;-0,30;12,60;96;122,60;2,90;3,80;100;-0,40;-1,10;
2026-07-24 22:15:00.0;OFF;ON;90;-3,20;-4;-0,30;12,60;96;122,60;2,90;3,80;100;-0,40;-1,10;
2026-07-24 22:16:00.0;OFF;ON;90;-3,20;-4;-0,30;12,50;96;122,60;2,90;3,80;100;-0,40;-1,10;
2026-07-24 22:17:00.0;OFF;ON;90;-3,20;-4;-0,30;12,50;96;122,60;2,90;3,80;100;-0,40;-1,10;
2026-07-24 22:18:00.0;OFF;ON;90;-3,20;-4;-0,30;12,50;96;122,60;2,90;3,80;100;-0,40;-1,10;
2026-07-24 22:19:00.0;OFF;ON;90;-3,20;-4;-0,30;12,40;95,90;122,60;2,90;3,80;100;-0,40;-1,10;
2026-07-24 22:20:00.0;OFF;ON;90;-3,20;-4;-0,30;12,40;95,90;122,60;2,90;3,80;100;-0,40;-1,10;
2026-07-24 22:21:00.0;OFF;ON;90;-3,20;-4;-0,30;12,40;96;122,60;2,90;4;100;-0,40;-1;
2026-07-24 22:22:00.0;OFF;ON;95;-3,20;-4;-0,30;12,40;96,10;122,60;2,90;4;100;-0,30;-1;
2026-07-24 22:23:00.0;OFF;ON;95;-3,20;-4;-0,30;12,30;96,10;122,60;2,90;4;100;-0,30;-1;
2026-07-24 22:24:00.0;OFF;ON;95;-3,20;-4;-0,30;12,30;96,10;122,60;2,90;4;100;-0,30;-0,90;
2026-07-24 22:25:00.0;OFF;ON;95;-3,20;-4;-0,30;12,20;96;122,60;2,90;4;99,80;-0,40;-0,90;
2026-07-24 22:26:00.0;OFF;ON;95;-3,20;-4;-0,30;12,20;96;122,60;3;4;99,70;-0,30;-1;
2026-07-24 22:27:00.0;OFF;ON;95;-3,20;-4;-0,20;12,20;96;122,60;3;4;99,60;-0,30;-1;
2026-07-24 22:28:00.0;OFF;ON;95;-3,20;-4;-0,20;12,20;95,90;122,60;3;4;99,60;-0,30;-1;
2026-07-24 22:29:00.0;OFF;ON;95;-3,20;-4;-0,30;12,10;95,90;122,60;3;4;99,60;-0,30;-1;
2026-07-24 22:30:00.0;OFF;ON;95;-3,10;-4;-0,30;12,10;95,90;122,60;2,90;4;100;-0,30;-1;
2026-07-24 22:31:00.0;OFF;ON;95;-3,20;-4;-0,30;12,10;95,90;122,60;2,90;4,20;100;-0,30;-1;
2026-07-24 22:32:00.0;OFF;ON;100;-3,10;-4;-0,30;12;95,90;122,60;2,90;4,20;100;-0,30;-0,90;
2026-07-24 22:33:00.0;OFF;ON;100;-3,30;-4;-0,30;12;95,90;122,60;3;4,20;99,60;-0,40;-0,90;
2026-07-24 22:34:00.0;OFF;ON;100;-3,20;-4;-0,30;12;95,90;122,60;3;4,20;99,50;-0,40;-0,90;
2026-07-24 22:35:00.0;OFF;ON;100;-3,20;-4;-0,30;11,90;95,90;122,60;2,90;4,20;100;-0,40;-1;
2026-07-24 22:36:00.0;OFF;ON;100;-3,20;-4;-0,30;11,90;95,90;122,60;2,90;4,20;100;-0,30;-1;
2026-07-24 22:37:00.0;OFF;ON;100;-3,20;-4;-0,30;11,90;95,80;122,60;2,90;4,20;99,70;-0,40;-1;
2026-07-24 22:38:00.0;OFF;ON;100;-3,30;-4;-0,30;11,90;95,80;122,60;3;4,20;99,60;-0,40;-1;
2026-07-24 22:39:00.0;OFF;ON;100;-3,20;-4;-0,30;11,80;95,80;122,60;2,90;4,20;100;-0,40;-1;
2026-07-24 22:40:00.0;OFF;ON;100;-3,30;-4;-0,30;11,80;95,80;122,60;3;4,20;99,70;-0,40;-1;
2026-07-24 22:41:00.0;OFF;ON;100;-3,20;-4;-0,30;11,80;95,80;122,60;2,90;4,40;100;-0,40;-1;
2026-07-24 22:42:00.0;OFF;ON;100;-3,30;-4;-0,30;11,70;95,80;122,60;3;4,40;99,60;-0,40;-1;
2026-07-24 22:43:00.0;OFF;ON;100;-3,20;-4;-0,30;11,70;95,80;122,60;2,90;4,40;99,80;-0,40;-1;
2026-07-24 22:44:00.0;OFF;ON;100;-3,30;-4;-0,30;11,70;95,80;122,60;3;4,40;99,60;-0,40;-1;
2026-07-24 22:45:00.0;OFF;ON;100;-3,20;-4;-0,30;11,60;95,80;122,60;2,90;4,40;100;-0,40;-1;
2026-07-24 22:46:00.0;OFF;ON;100;-3,20;-4;-0,30;11,60;95,80;122,60;2,90;4,40;100;-0,40;-1;
2026-07-24 22:47:00.0;OFF;ON;100;-3,20;-4;-0,30;11,60;95,80;122,60;2,90;4,40;100;-0,40;-1;
2026-07-24 22:48:00.0;OFF;ON;100;-3,20;-4;-0,30;11,50;95,80;122,60;2,90;4,40;100;-0,50;-1;
2026-07-24 22:49:00.0;OFF;ON;100;-3,30;-4;-0,40;11,50;95,80;122,60;3;4,40;99,60;-0,40;-1;
2026-07-24 22:50:00.0;OFF;ON;100;-3,30;-4;-0,40;11,50;95,80;122,60;2,90;4,40;99,80;-0,50;-1;
2026-07-24 22:51:00.0;OFF;ON;100;-3,30;-4;-0,40;11,40;95,80;122,60;3;4,60;99,70;-0,40;-1;
2026-07-24 22:52:00.0;OFF;ON;100;-3,20;-4;-0,40;11,40;95,70;122,60;2,90;4,60;100;-0,50;-1;
2026-07-24 22:53:00.0;OFF;ON;100;-3,30;-4;-0,40;11,40;95,70;122,60;2,90;4,60;100;-0,50;-1;
2026-07-24 22:54:00.0;OFF;ON;100;-3,30;-4;-0,40;11,40;95,70;122,60;2,90;4,60;100;-0,50;-1;
2026-07-24 22:55:00.0;OFF;ON;100;-3,30;-4;-0,40;11,30;95,70;122,60;2,90;4,60;100;-0,50;-1;
2026-07-24 22:56:00.0;OFF;ON;100;-3,20;-4;-0,40;11,30;95,70;122,60;2,90;4,60;100;-0,50;-1;
2026-07-24 22:57:00.0;OFF;ON;100;-3,40;-4;-0,40;11,30;95,70;122,60;3;4,60;99,60;-0,50;-1;
2026-07-24 22:58:00.0;OFF;ON;100;-3,30;-4;-0,40;11,20;95,70;122,60;3;4,60;99,60;-0,50;-1;
2026-07-24 22:59:00.0;OFF;ON;100;-3,30;-4;-0,40;11,20;95,70;122,60;3;4,60;99,70;-0,50;-1;
2026-07-24 23:00:00.0;OFF;ON;100;-3,30;-4;-0,40;11,20;95,70;122,60;2,90;4,60;99,90;-0,50;-1;
2026-07-24 23:01:00.0;OFF;ON;100;-3,20;-4;-0,40;11,10;95,70;122,60;2,90;4,80;100;-0,50;-1;
2026-07-24 23:02:00.0;OFF;ON;100;-3,20;-4;-0,40;11,10;95,70;122,60;2,90;4,80;100;-0,50;-1;
2026-07-24 23:03:00.0;OFF;ON;100;-3,20;-4;-0,30;11,10;95,70;122,60;2,90;4,80;100;-0,50;-1;
2026-07-24 23:04:00.0;OFF;ON;100;-3,20;-4;-0,30;11;95,70;122,60;2,90;4,80;100;-0,50;-1;
2026-07-24 23:05:00.0;OFF;ON;100;-3,30;-4;-0,30;11;95,70;122,60;3;4,80;99,50;-0,50;-1;
2026-07-24 23:06:00.0;OFF;ON;100;-3,30;-4;-0,40;11;95,70;122,60;3;4,80;99,60;-0,50;-1,10;
2026-07-24 23:07:00.0;OFF;ON;100;-3,30;-4;-0,40;10,90;95,70;122,60;2,90;4,80;100;-0,50;-1,10;
2026-07-24 23:08:00.0;OFF;ON;100;-3,30;-4;-0,40;10,90;95,70;122,60;2,90;4,80;100;-0,50;-1,10;
2026-07-24 23:09:00.0;OFF;ON;100;-3,40;-4;-0,40;10,90;95,70;122,60;3;4,80;99,50;-0,50;-1,10;
2026-07-24 23:10:00.0;OFF;ON;100;-3,30;-4;-0,40;10,90;95,70;122,60;2,90;4,80;100;-0,50;-1,10;
2026-07-24 23:11:00.0;OFF;ON;100;-3,30;-4;-0,40;10,80;95,50;122,60;3;5;99,70;-0,50;-1,10;
2026-07-24 23:12:00.0;OFF;ON;100;-3,30;-4;-0,40;10,80;95,50;122,60;2,90;5;100;-0,50;-1,10;
2026-07-24 23:13:00.0;OFF;ON;100;-3,30;-4;-0,40;10,80;95,60;122,60;2,90;5;100;-0,60;-1,10;
2026-07-24 23:14:00.0;OFF;ON;100;-3,30;-4;-0,40;10,70;95,50;122,60;2,90;5;100;-0,60;-1,10;
2026-07-24 23:15:00.0;OFF;ON;100;-3,30;-4;-0,40;10,70;95,50;122,60;2,90;5;100;-0,60;-1,10;
2026-07-24 23:16:00.0;OFF;ON;100;-3,30;-4;-0,40;10,70;95,60;122,60;2,90;5;100;-0,60;-1,10;
2026-07-24 23:17:00.0;OFF;ON;100;-3,40;-4;-0,40;10,60;95,50;122,60;3;5;99,60;-0,60;-1,10;
2026-07-24 23:18:00.0;OFF;ON;100;-3,40;-4;-0,40;10,60;95,50;122,60;3;5;99,60;-0,60;-1,10;
2026-07-24 23:19:00.0;OFF;ON;100;-3,40;-4;-0,40;10,60;95,50;122,60;3;5;99,60;-0,60;-1,10;
2026-07-24 23:20:00.0;OFF;ON;100;-3,40;-4;-0,40;10,50;95,50;122,60;3;5;99,60;-0,60;-1,10;
2026-07-24 23:21:00.0;OFF;ON;100;-3,30;-4;-0,40;10,50;95,50;122,60;2,90;5,20;100;-0,60;-1,10;
2026-07-24 23:22:00.0;OFF;ON;100;-3,30;-4;-0,40;10,50;95,50;122,60;2,90;5,20;100;-0,60;-1,10;
2026-07-24 23:23:00.0;OFF;ON;100;-3,30;-4;-0,40;10,50;95,50;122,60;2,90;5,20;100;-0,60;-1,10;
2026-07-24 23:24:00.0;OFF;ON;100;-3,30;-4;-0,40;10,40;95,50;122,60;2,90;5,20;100;-0,60;-1,10;
2026-07-24 23:25:00.0;OFF;ON;100;-3,30;-4;-0,40;10,40;95,50;122,60;2,90;5,20;100;-0,60;-1,10;
2026-07-24 23:26:00.0;OFF;ON;100;-3,30;-4;-0,40;10,40;95,50;122,60;2,90;5,20;100;-0,60;-1,10;
2026-07-24 23:27:00.0;OFF;ON;100;-3,40;-4;-0,40;10,30;95,60;122,60;2,90;5,20;99,50;-0,60;-1,10;
2026-07-24 23:28:00.0;OFF;ON;100;-3,40;-4;-0,50;10,30;95,50;122,60;3;5,20;99,60;-0,60;-1,10;
2026-07-24 23:29:00.0;OFF;ON;100;-3,30;-4;-0,50;10,30;95,50;122,60;2,90;5,20;100;-0,60;-1,10;
2026-07-24 23:30:00.0;OFF;ON;100;-3,40;-4;-0,50;10,20;95,50;122,60;2,90;5,20;99,70;-0,60;-1,10;
2026-07-24 23:31:00.0;OFF;ON;100;-3,30;-4;-0,50;10,20;95,50;122,60;2,80;5,40;100;-0,60;-1,10;
2026-07-24 23:32:00.0;OFF;ON;100;-3,40;-4;-0,50;10,20;95,50;122,60;2,90;5,40;99,60;-0,60;-1,10;
2026-07-24 23:33:00.0;OFF;ON;100;-3,40;-4;-0,50;10,10;95,50;122,60;3;5,40;99,60;-0,60;-1,10;
2026-07-24 23:34:00.0;OFF;ON;100;-3,30;-4;-0,50;10,10;95,50;122,60;2,80;5,40;100;-0,60;-1,10;
2026-07-24 23:35:00.0;OFF;ON;100;-3,40;-4;-0,50;10,10;95,50;122,60;2,90;5,40;99,70;-0,70;-1,10;
2026-07-24 23:36:00.0;OFF;ON;100;-3,30;-4;-0,50;10,10;95,50;122,60;2,80;5,40;100;-0,70;-1,10;
2026-07-24 23:37:00.0;OFF;ON;100;-3,40;-4;-0,50;10;95,50;122,60;2,90;5,40;99,60;-0,70;-1,10;
2026-07-24 23:38:00.0;OFF;ON;100;-3,40;-4;-0,50;10;95,50;122,60;2,90;5,40;99,50;-0,70;-1,10;
2026-07-24 23:39:00.0;OFF;ON;100;-3,40;-4;-0,50;10;95,50;122,60;2,90;5,40;99,70;-0,70;-1,10;
2026-07-24 23:40:00.0;OFF;ON;100;-3,40;-4;-0,50;9,90;95,50;122,60;2,80;5,40;99,80;-0,70;-1,20;
2026-07-24 23:41:00.0;OFF;ON;100;-3,40;-4;-0,50;9,90;95,50;122,60;2,90;5,60;99,70;-0,70;-1,20;
2026-07-24 23:42:00.0;OFF;ON;100;-3,40;-4;-0,50;9,90;95,50;122,60;2,90;5,60;99,50;-0,70;-1,20;
2026-07-24 23:43:00.0;OFF;ON;100;-3,30;-4;-0,50;9,90;95,50;122,60;2,80;5,60;100;-0,70;-1,20;
2026-07-24 23:44:00.0;OFF;ON;100;-3,30;-4;-0,60;9,90;95,50;122,60;2,80;5,60;100;-0,70;-1,20;
2026-07-24 23:45:00.0;OFF;ON;100;-3,40;-4;-0,50;9,80;95,50;122,60;2,90;5,60;99,80;-0,70;-1,20;
2026-07-24 23:46:00.0;OFF;ON;100;-3,40;-4;-0,50;9,80;95,40;122,60;2,80;5,60;99,80;-0,70;-1,20;
2026-07-24 23:47:00.0;OFF;ON;100;-3,40;-4;-0,50;9,80;95,40;122,60;2,90;5,60;99,60;-0,70;-1,20;
2026-07-24 23:48:00.0;OFF;ON;100;-3,30;-4;-0,50;9,80;95,40;122,60;2,80;5,60;100;-0,70;-1,20;
2026-07-24 23:49:00.0;OFF;ON;100;-3,40;-4;-0,50;9,70;95,40;122,60;2,90;5,60;99,60;-0,70;-1,20;
2026-07-24 23:50:00.0;OFF;ON;100;-3,30;-4;-0,50;9,70;95,50;122,60;2,80;5,60;100;-0,70;-1,20;
2026-07-24 23:51:00.0;OFF;ON;100;-3,30;-4;-0,60;9,70;95,50;122,60;2,80;5,80;100;-0,70;-1,20;
2026-07-24 23:52:00.0;OFF;ON;100;-3,40;-4;-0,60;9,70;95,50;122,60;2,80;5,80;99,60;-0,70;-1,20;
2026-07-24 23:53:00.0;OFF;ON;100;-3,30;-4;-0,60;9,60;95,40;122,60;2,80;5,80;100;-0,70;-1,20;
2026-07-24 23:54:00.0;OFF;ON;100;-3,30;-4;-0,60;9,60;95,50;122,60;2,70;5,80;100;-0,70;-1,20;
2026-07-24 23:55:00.0;OFF;ON;100;-3,40;-4;-0,60;9,60;95,50;122,60;2,90;5,80;99,60;-0,70;-1,20;
2026-07-24 23:56:00.0;OFF;ON;100;-3,30;-4;-0,50;9,60;95,50;122,60;2,80;5,80;100;-0,70;-1,20;
2026-07-24 23:57:00.0;OFF;ON;100;-3,30;-4;-0,50;9,50;95,40;122,60;2,80;5,80;100;-0,80;-1,20;
2026-07-24 23:58:00.0;OFF;ON;100;-3,40;-4;-0,50;9,50;95,40;122,60;2,90;5,80;99,60;-0,70;-1,20;
2026-07-24 23:59:00.0;OFF;ON;100;-3,40;-4;-0,60;9,50;95,40;122,60;2,90;5,80;99,60;-0,70;-1,20;
