CamCarcacas2;
2026-06-24 00:00;2026-06-25 00:00;
12144 Frigorífico Thoms;
ayron.costa;
" ";CPCO 51 - Câmara de carcaças - Controle de temperatura 1;CPCO 51 - Câmara de carcaças - Controle de temperatura 1;CPCO 51 - Câmara de carcaças - Controle de temperatura 1;CPCO 51 - Câmara de carcaças - Controle de temperatura 1;CPCO 51 - Câmara de carcaças - Controle de temperatura 1;CPCO 51 - Câmara de carcaças - Controle de temperatura 1;CPCO 52 - Câmara de carcaças - Controle de temperatura 2;CPCO 52 - Câmara de carcaças - Controle de temperatura 2;CPCO 53 - Balança;CPCO 51 - Câmara de carcaças - Controle de temperatura 1;CPCO 51 - Câmara de carcaças - Controle de temperatura 1;CPCO 51 - Câmara de carcaças - Controle de temperatura 1;CPCO 51 - Câmara de carcaças - Controle de temperatura 1;CPCO 54 - Câmara de carcaças - Controle de temperatura 3;
" ";Carregamento;Resfriamento;Saida Y1 - Ventiladores EC;Temp entrada glicol;Temp ref;Temp retorno ar;Temperatuda espeto;Umidade relativa da camara;Peso atual;DT Atual;DT ref;Cap Atual Valvula;Temp retorno ar M1A08;Temp Insuf de ar M1A08;" ";
2026-06-24 00:00:00.0;OFF;ON;100;-1,80;-1,90;1,60;8,60;94,80;114,10;3,40;3,50;76;1,50;0,70;
2026-06-24 00:01:00.0;OFF;ON;100;-1,90;-1,90;1,60;8,60;94,80;114,10;3,50;3,50;75,70;1,40;0,60;
2026-06-24 00:02:00.0;OFF;ON;100;-2;-2;1,50;8,50;94,80;114,10;3,50;3,50;75;1,40;0,60;
2026-06-24 00:03:00.0;OFF;ON;100;-1,70;-2;1,50;8,50;94,90;114,10;3,20;3,50;77,40;1,40;0,60;
2026-06-24 00:04:00.0;OFF;ON;100;-1,80;-2;1,50;8,50;94,90;114,10;3,40;3,50;77;1,40;0,60;
2026-06-24 00:05:00.0;OFF;ON;100;-2,80;-2;1,50;8,50;94,90;114,10;4,30;3,50;70,80;1,40;0,60;
2026-06-24 00:06:00.0;OFF;ON;100;-1,70;-2;1,50;8,50;94,70;114,10;3,20;3,50;78,10;1,30;0,40;
2026-06-24 00:07:00.0;OFF;ON;100;-1,80;-2;1,50;8,40;94,80;114,10;3,20;3,50;77,90;1,30;0,50;
2026-06-24 00:08:00.0;OFF;ON;100;-1,90;-2;1,50;8,40;94,80;114,10;3,40;3,50;77,30;1,30;0,50;
2026-06-24 00:09:00.0;OFF;ON;100;-2,60;-2;1,50;8,40;94,90;114,10;4,10;3,50;72,70;1,30;0,50;
2026-06-24 00:10:00.0;OFF;ON;100;-1,80;-2;1,50;8,40;94,90;114,10;3,20;3,50;78,10;1,30;0,40;
2026-06-24 00:11:00.0;OFF;ON;100;-1,90;-2,10;1,40;8,40;94,80;114,10;3,30;3,50;77,90;1,20;0,40;
2026-06-24 00:12:00.0;OFF;ON;100;-2,10;-2,10;1,40;8,40;94,80;114,10;3,50;3,50;76,20;1,20;0,40;
2026-06-24 00:13:00.0;OFF;ON;100;-2;-2,10;1,40;8,30;94,80;114,10;3,40;3,50;77,40;1,20;0,40;
2026-06-24 00:14:00.0;OFF;ON;100;-1,70;-2,10;1,40;8,30;94,90;114,10;3,10;3,50;79,40;1,20;0,40;
2026-06-24 00:15:00.0;OFF;ON;100;-1,80;-2,10;1,40;8,30;94,90;114,10;3,20;3,50;78,80;1,20;0,30;
2026-06-24 00:16:00.0;OFF;ON;100;-2,10;-2,10;1,30;8,30;94,80;114;3,50;3,50;76,70;1,20;0,30;
2026-06-24 00:17:00.0;OFF;ON;100;-2;-2,20;1,30;8,30;94,80;114;3,30;3,50;78,30;1,20;0,40;
2026-06-24 00:18:00.0;OFF;ON;100;-2,60;-2,20;1,30;8,20;94,80;114;3,90;3,50;74,20;1,20;0,40;
2026-06-24 00:19:00.0;OFF;ON;100;-4,60;-2,20;1,40;8,20;95,10;114;6;3,50;59,10;1,20;0,50;
2026-06-24 00:20:00.0;OFF;ON;100;-1,10;-2,10;1,30;8,20;95,10;114;2,50;3,50;80,70;1,10;0,20;
2026-06-24 00:21:00.0;OFF;ON;100;-2,20;-2,20;1,30;8,20;94,90;114;3,50;3,50;74,40;1,20;0,50;
2026-06-24 00:22:00.0;OFF;ON;100;-1,30;-2,10;1,50;8,20;95,30;114;2,80;3,50;79,70;1,30;0,70;
2026-06-24 00:23:00.0;OFF;ON;100;-1,70;-2;1,50;8,10;95,50;114;3,20;3,50;77,70;1,30;0,70;
2026-06-24 00:24:00.0;OFF;ON;100;-2;-2;1,50;8,10;95,70;114;3,60;3,50;75,30;1,40;0,80;
2026-06-24 00:25:00.0;OFF;ON;100;-1,90;-1,90;1,60;8,10;95,70;114;3,40;3,50;76,40;1,40;0,80;
2026-06-24 00:26:00.0;OFF;ON;100;-1,50;-2;1,50;8,10;95,70;114;3;3,50;79,80;1,40;0,80;
2026-06-24 00:27:00.0;OFF;ON;100;-1,70;-2;1,60;8,10;95,70;114;3,20;3,50;78,60;1,40;0,80;
2026-06-24 00:28:00.0;OFF;ON;100;-2;-1,90;1,60;8,10;95,70;114;3,50;3,50;77,30;1,40;0,80;
2026-06-24 00:29:00.0;OFF;ON;100;-3,30;-2;1,50;8;95,70;114;4,80;3,50;65,90;1,30;0,80;
2026-06-24 00:30:00.0;OFF;ON;100;-2,90;-2;1,50;8;95,60;114;4,40;3,50;67;1,30;0,70;
2026-06-24 00:31:00.0;OFF;ON;100;-1,80;-2;1,40;8;95,40;114;3,30;3,50;74,70;1,20;0,50;
2026-06-24 00:32:00.0;OFF;ON;100;-2;-2,10;1,40;8;95,20;114;3,40;3,50;73,90;1,20;0,60;
2026-06-24 00:33:00.0;OFF;ON;100;-3;-2,10;1,40;8;95,20;114;4,40;3,50;67,40;1,20;0,50;
2026-06-24 00:34:00.0;OFF;ON;100;-1,90;-2,20;1,30;7,90;95,10;114;3,20;3,50;75,10;1,20;0,40;
2026-06-24 00:35:00.0;OFF;ON;100;-2,20;-2,20;1,30;7,90;94,90;114;3,50;3,50;73,20;1,10;0,50;
2026-06-24 00:36:00.0;OFF;ON;100;-1,80;-2,20;1,30;7,90;95;114;3,10;3,50;76,20;1,10;0,50;
2026-06-24 00:37:00.0;OFF;ON;100;-1,80;-2,20;1,30;7,90;95;114;3,10;3,50;76,80;1,10;0,50;
2026-06-24 00:38:00.0;OFF;ON;100;-1,80;-2,20;1,30;7,90;95,10;114;3,10;3,50;76,20;1,10;0,50;
2026-06-24 00:39:00.0;OFF;ON;100;-1,80;-2,20;1,30;7,80;95;114;3;3,50;77;1,10;0,40;
2026-06-24 00:40:00.0;OFF;ON;100;-2,10;-2,30;1,20;7,80;94,90;114;3,30;3,50;75,40;1,10;0,40;
2026-06-24 00:41:00.0;OFF;ON;100;-1,80;-2,30;1,20;7,80;94,90;114;3,10;3,50;77,40;1,10;0,40;
2026-06-24 00:42:00.0;OFF;ON;100;-2,80;-2,30;1,20;7,80;94,90;114;4,10;3,50;71,30;1;0,40;
2026-06-24 00:43:00.0;OFF;ON;100;-2,20;-2,30;1,20;7,80;95;114;3,40;3,50;75;1;0,40;
2026-06-24 00:44:00.0;OFF;ON;100;-2,30;-2,30;1,20;7,70;94,90;114;3,50;3,50;75,30;1;0,30;
2026-06-24 00:45:00.0;OFF;ON;100;-2,30;-2,30;1,20;7,70;95;114;3,50;3,50;75,70;1;0,30;
2026-06-24 00:46:00.0;OFF;ON;100;-2;-2,30;1,20;7,70;95;114;3,20;3,50;77,50;1;0,30;
2026-06-24 00:47:00.0;OFF;ON;100;-3,20;-2,30;1,20;7,70;95;114;4,30;3,50;70;1;0,30;
2026-06-24 00:48:00.0;OFF;ON;100;-2,10;-2,40;1,10;7,70;95,10;114;3,20;3,50;77,10;0,90;0,20;
2026-06-24 00:49:00.0;OFF;ON;100;-2,30;-2,40;1,10;7,60;95;114;3,50;3,50;76,10;0,90;0,20;
2026-06-24 00:50:00.0;OFF;ON;100;-2,30;-2,40;1,10;7,60;95;114;3,40;3,50;76,90;0,90;0,20;
2026-06-24 00:51:00.0;OFF;ON;100;-2;-2,40;1,10;7,60;95;114;3,10;3,50;78,70;0,90;0,30;
2026-06-24 00:52:00.0;OFF;ON;100;-2,60;-2,40;1,10;7,60;95,10;114;3,70;3,50;72,90;0,90;0,30;
2026-06-24 00:53:00.0;OFF;ON;100;-2,20;-2,40;1,10;7,60;95,20;114;3,30;3,50;75,70;0,90;0,20;
2026-06-24 00:54:00.0;OFF;ON;100;-2,50;-2,40;1,10;7,50;95;114;3,60;3,50;74,10;0,90;0,20;
2026-06-24 00:55:00.0;OFF;ON;100;-2,30;-2,40;1,10;7,50;95;114;3,40;3,50;75,80;0,90;0,20;
2026-06-24 00:56:00.0;OFF;ON;100;-2;-2,40;1,10;7,50;95,10;114;3;3,50;77,90;0,90;0,20;
2026-06-24 00:57:00.0;OFF;ON;100;-2,60;-2,40;1,10;7,50;95,10;114;3,60;3,50;73,70;0,90;0,20;
2026-06-24 00:58:00.0;OFF;ON;100;-2,60;-2,50;1;7,50;95;114;3,60;3,50;74,80;0,90;0,10;
2026-06-24 00:59:00.0;OFF;ON;100;-2,10;-2,50;1;7,40;95;114;3,10;3,50;78,10;0,90;0,20;
2026-06-24 01:00:00.0;OFF;ON;100;-2,10;-2,50;1;7,40;95,10;114;3,10;3,50;78,30;0,80;0,20;
2026-06-24 01:01:00.0;OFF;ON;100;-3,10;-2,50;1;7,40;95,10;114;4,10;3,50;71,70;0,80;0,10;
2026-06-24 01:02:00.0;OFF;ON;100;-3,20;-2,50;0,90;7,40;95;114;4,10;3,50;71;0,80;0;
2026-06-24 01:03:00.0;OFF;ON;100;-3,20;-2,60;0,90;7,40;95;114;4,10;3,50;71;0,80;0;
2026-06-24 01:04:00.0;OFF;ON;100;-3,20;-2,60;0,90;7,40;94,90;114;4,10;3,50;70,50;0,70;0;
2026-06-24 01:05:00.0;OFF;ON;100;-3,20;-2,60;0,90;7,30;94,90;114;4,10;3,50;69,90;0,70;-0,10;
2026-06-24 01:06:00.0;OFF;ON;100;-3,20;-2,70;0,80;7,30;94,80;114;4;3,50;69,50;0,70;-0,10;
2026-06-24 01:07:00.0;OFF;ON;100;-3,30;-2,70;0,80;7,30;94,80;114;4,10;3,50;68,60;0,70;-0,10;
2026-06-24 01:08:00.0;OFF;ON;100;-3,10;-2,70;0,80;7,30;94,80;114;3,90;3,50;69,50;0,60;-0,10;
2026-06-24 01:09:00.0;OFF;ON;100;-3,20;-2,70;0,80;7,20;94,80;114;4;3,50;68,70;0,60;-0,10;
2026-06-24 01:10:00.0;OFF;ON;100;-2,90;-2,70;0,80;7,20;94,80;114;3,70;3,50;70,30;0,60;-0,10;
2026-06-24 01:11:00.0;OFF;ON;100;-3,10;-2,70;0,70;7,20;94,80;114;3,80;3,50;69,20;0,60;-0,10;
2026-06-24 01:12:00.0;OFF;ON;100;-2,70;-2,80;0,70;7,20;94,80;114;3,40;3,50;72;0,60;-0,20;
2026-06-24 01:13:00.0;OFF;ON;100;-2,80;-2,80;0,70;7,20;94,70;114;3,50;3,50;71,80;0,60;-0,20;
2026-06-24 01:14:00.0;OFF;ON;100;-2,80;-2,80;0,70;7,20;94,70;114;3,50;3,50;71,80;0,60;-0,20;
2026-06-24 01:15:00.0;OFF;ON;100;-2,80;-2,80;0,70;7,10;94,80;114;3,50;3,50;71,90;0,50;-0,20;
2026-06-24 01:16:00.0;OFF;ON;100;-2,70;-2,80;0,70;7,10;94,80;114;3,40;3,50;72,60;0,50;-0,20;
2026-06-24 01:17:00.0;OFF;ON;100;-2,70;-2,80;0,70;7,10;94,80;114;3,40;3,50;72,70;0,50;-0,20;
2026-06-24 01:18:00.0;OFF;ON;100;-2,70;-2,80;0,70;7,10;94,80;114;3,40;3,50;72,90;0,50;-0,20;
2026-06-24 01:19:00.0;OFF;ON;100;-2,80;-2,80;0,70;7;94,80;114;3,40;3,50;72,80;0,50;-0,20;
2026-06-24 01:20:00.0;OFF;ON;100;-2,60;-2,80;0,70;7;94,90;114;3,30;3,50;74;0,50;-0,20;
2026-06-24 01:21:00.0;OFF;ON;100;-2,60;-2,90;0,60;7;95;114;3,20;3,50;74,70;0,50;-0,20;
2026-06-24 01:22:00.0;OFF;ON;100;-2,60;-2,90;0,60;7;94,90;114;3,30;3,50;75;0,50;-0,20;
2026-06-24 01:23:00.0;OFF;ON;100;-2,80;-2,90;0,60;7;94,90;114;3,40;3,50;74,30;0,50;-0,20;
2026-06-24 01:24:00.0;OFF;ON;100;-3;-2,90;0,60;7;94,90;114;3,70;3,50;73,30;0,50;-0,10;
2026-06-24 01:25:00.0;OFF;ON;100;-3,80;-2,80;0,70;6,90;95,10;114;4,50;3,50;67,60;0,50;-0,10;
2026-06-24 01:26:00.0;OFF;ON;100;-3,80;-2,80;0,70;6,90;95,20;114;4,50;3,50;66,10;0,50;-0,10;
2026-06-24 01:27:00.0;OFF;ON;100;-2,10;-2,80;0,70;6,90;95,30;114;2,80;3,50;76;0,50;-0,10;
2026-06-24 01:28:00.0;OFF;ON;100;-2,50;-2,90;0,60;6,90;95,10;114;3,10;3,50;75,10;0,50;-0,20;
2026-06-24 01:29:00.0;OFF;ON;100;-2,60;-2,90;0,60;6,90;95;114;3,30;3,50;74,50;0,50;-0,10;
2026-06-24 01:30:00.0;OFF;ON;100;-2,30;-2,90;0,60;6,80;95;114;2,90;3,50;77,40;0,50;-0,10;
2026-06-24 01:31:00.0;OFF;ON;100;-2,90;-2,90;0,60;6,80;95,10;114;3,50;3,50;75,40;0,50;-0,10;
2026-06-24 01:32:00.0;OFF;ON;100;-2,90;-2,90;0,60;6,80;95,10;114;3,50;3,50;75,40;0,50;-0,10;
2026-06-24 01:33:00.0;OFF;ON;100;-2,40;-2,90;0,60;6,80;95,10;114;3;3,50;79,30;0,50;-0,20;
2026-06-24 01:34:00.0;OFF;ON;100;-3,50;-2,90;0,60;6,70;95,10;114;4,10;3,50;72,10;0,50;-0,10;
2026-06-24 01:35:00.0;OFF;ON;100;-3,30;-2,90;0,60;6,70;95,10;114;4;3,50;71,80;0,50;-0,20;
2026-06-24 01:36:00.0;OFF;ON;100;-3,10;-2,90;0,60;6,70;95,10;114;3,70;3,50;72,20;0,40;-0,20;
2026-06-24 01:37:00.0;OFF;ON;100;-4;-2,90;0,60;6,70;95;114;4,60;3,50;65;0,40;-0,20;
2026-06-24 01:38:00.0;OFF;ON;100;-2,60;-2,90;0,60;6,70;95,10;114;3,20;3,50;74,10;0,40;-0,30;
2026-06-24 01:39:00.0;OFF;ON;100;-2,60;-2,90;0,50;6,70;95;114;3,20;3,50;75,20;0,40;-0,20;
2026-06-24 01:40:00.0;OFF;ON;100;-2,40;-3;0,50;6,60;95;114;2,90;3,50;77,20;0,40;-0,20;
2026-06-24 01:41:00.0;OFF;ON;100;-2,80;-3;0,50;6,60;95;114;3,30;3,50;75,50;0,40;-0,20;
2026-06-24 01:42:00.0;OFF;ON;100;-2,50;-3;0,50;6,60;95,10;114;3;3,50;77,80;0,40;-0,20;
2026-06-24 01:43:00.0;OFF;ON;100;-2,60;-3;0,50;6,60;95;114;3,10;3,50;77,80;0,40;-0,20;
2026-06-24 01:44:00.0;OFF;ON;100;-3,60;-3;0,50;6,60;95;114;4,10;3,50;71;0,40;-0,20;
2026-06-24 01:45:00.0;OFF;ON;100;-3,50;-3;0,50;6,50;95,10;114;4;3,50;71;0,40;-0,20;
2026-06-24 01:46:00.0;OFF;ON;100;-3,20;-3;0,50;6,50;95,20;114;3,80;3,50;71,40;0,40;-0,20;
2026-06-24 01:47:00.0;OFF;ON;100;-2,30;-3;0,50;6,50;95,10;114;4,50;3,50;65,60;0,40;-0,20;
2026-06-24 01:48:00.0;OFF;ON;100;-2,50;-3;0,40;6,50;95,10;114;2,90;3,50;76,20;0,30;-0,30;
2026-06-24 01:49:00.0;OFF;ON;100;-2,70;-3,10;0,50;6,40;95;114;3,20;3,50;75;0,30;-0,20;
2026-06-24 01:50:00.0;OFF;ON;100;-2,80;-3;0,50;6,40;95;114;3,20;3,50;76;0,30;-0,30;
2026-06-24 01:51:00.0;OFF;ON;100;-2,50;-3;0,50;6,40;95,10;114;2,90;3,50;78,50;0,30;-0,20;
2026-06-24 01:52:00.0;OFF;ON;100;-3,30;-3;0,50;6,40;95;114;3,80;3,50;73,50;0,30;-0,20;
2026-06-24 01:53:00.0;OFF;ON;100;-3,30;-3;0,50;6,40;95,10;114;3,80;3,50;73;0,40;-0,20;
2026-06-24 01:54:00.0;OFF;ON;100;-3,30;-3;0,50;6,30;95,10;114;3,80;3,50;72,80;0,30;-0,30;
2026-06-24 01:55:00.0;OFF;ON;100;-3,40;-3;0,50;6,30;95,10;114;3,90;3,50;71,40;0,30;-0,30;
2026-06-24 01:56:00.0;OFF;ON;100;-3,80;-3;0,40;6,30;95,10;114;4,30;3,50;68,30;0,30;-0,30;
2026-06-24 01:57:00.0;OFF;ON;100;-3,40;-3,10;0,40;6,30;95,10;114;3,80;3,50;70,10;0,30;-0,30;
2026-06-24 01:58:00.0;OFF;ON;100;-3,90;-3;0,50;6,30;95,10;113,90;4,30;3,50;66,40;0,30;-0,30;
2026-06-24 01:59:00.0;OFF;ON;100;-2,40;-3;0,50;6,30;95,10;114;2,90;3,50;75,20;0,30;-0,30;
2026-06-24 02:00:00.0;OFF;ON;100;-2,80;-3,10;0,40;6,20;94,90;114;3,20;3,50;74,50;0,20;-0,30;
2026-06-24 02:01:00.0;OFF;ON;100;-2,60;-3,10;0,40;6,20;94,90;113,90;3,10;3,50;76,20;0,30;-0,30;
2026-06-24 02:02:00.0;OFF;ON;100;-3,50;-3,10;0,40;6,20;95,10;114;3,90;3,50;71,50;0,30;-0,20;
2026-06-24 02:03:00.0;OFF;ON;100;-3;-3,10;0,40;6,20;95,20;113,90;3,50;3,50;74,30;0,30;-0,20;
2026-06-24 02:04:00.0;OFF;ON;100;-3,10;-3,10;0,40;6,20;95,20;113,90;3,50;3,50;73,90;0,30;-0,30;
2026-06-24 02:05:00.0;OFF;ON;100;-3,60;-3,10;0,40;6,10;95,20;113,90;4;3,50;70,30;0,30;-0,30;
2026-06-24 02:06:00.0;OFF;ON;100;-3,70;-3,10;0,40;6,10;95,10;113,90;4,10;3,50;68,60;0,20;-0,30;
2026-06-24 02:07:00.0;OFF;ON;100;-3,20;-3,10;0,40;6,10;95,10;113,90;3,60;3,50;70,70;0,30;-0,30;
2026-06-24 02:08:00.0;OFF;ON;100;-4,10;-3,10;0,40;6,10;95,20;113,90;4,50;3,50;64,40;0,30;-0,30;
2026-06-24 02:09:00.0;OFF;ON;100;-2,30;-3,10;0,40;6;95,20;113,90;2,70;3,50;75,70;0,20;-0,30;
2026-06-24 02:10:00.0;OFF;ON;100;-2,40;-3,10;0,30;6;95;113,90;2,70;3,50;77,10;0,20;-0,40;
2026-06-24 02:11:00.0;OFF;ON;100;-2,70;-3,10;0,40;6;95;113,90;3;3,50;75,80;0,20;-0,30;
2026-06-24 02:12:00.0;OFF;ON;100;-3;-3,20;0,30;6;95,10;113,90;3,40;3,50;74,90;0,20;-0,30;
2026-06-24 02:13:00.0;OFF;ON;100;-3,30;-3,20;0,40;6;95,20;113,90;3,70;3,50;72,70;0,30;-0,30;
2026-06-24 02:14:00.0;OFF;ON;100;-3,40;-3,10;0,40;6;95,30;113,90;3,70;3,50;71,90;0,20;-0,30;
2026-06-24 02:15:00.0;OFF;ON;100;-3,20;-3,10;0,30;5,90;95,20;113,90;3,50;3,50;72,80;0,20;-0,30;
2026-06-24 02:16:00.0;OFF;ON;100;-3,10;-3,20;0,30;5,90;95,10;113,90;3,50;3,50;73,50;0,20;-0,40;
2026-06-24 02:17:00.0;OFF;ON;100;-3,50;-3,20;0,30;5,90;95;113,90;3,80;3,50;70,60;0,20;-0,40;
2026-06-24 02:18:00.0;OFF;ON;100;-3,50;-3,20;0,30;5,90;95;113,90;3,80;3,50;70,40;0,20;-0,40;
2026-06-24 02:19:00.0;OFF;ON;100;-3;-3,20;0,30;5,90;95,10;113,90;3,30;3,50;73;0,20;-0,40;
2026-06-24 02:20:00.0;OFF;ON;100;-4;-3,20;0,30;5,80;95,10;113,90;4,30;3,50;66,10;0,20;-0,30;
2026-06-24 02:21:00.0;OFF;ON;100;-3,50;-3,20;0,30;5,80;95,20;113,90;3,80;3,50;68;0,20;-0,30;
2026-06-24 02:22:00.0;OFF;ON;100;-2,50;-3,20;0,30;5,80;95,10;113,90;2,80;3,50;75,10;0,20;-0,40;
2026-06-24 02:23:00.0;OFF;ON;100;-2,70;-3,30;0,30;5,80;95;113,90;2,90;3,50;76,60;0,10;-0,40;
2026-06-24 02:24:00.0;OFF;ON;100;-2,50;-3,20;0,30;5,80;95;113,90;2,80;3,50;78,60;0,20;-0,40;
2026-06-24 02:25:00.0;OFF;ON;100;-2,60;-3,20;0,30;5,70;95;113,90;2,90;3,50;78,70;0,20;-0,40;
2026-06-24 02:26:00.0;OFF;ON;100;-3,60;-3,20;0,30;5,70;95,10;113,90;3,80;3,50;72,80;0,20;-0,30;
2026-06-24 02:27:00.0;OFF;ON;100;-3,60;-3,20;0,30;5,70;95,10;113,90;3,80;3,50;72,80;0,10;-0,40;
2026-06-24 02:28:00.0;OFF;ON;100;-3,20;-3,20;0,20;5,70;95;113,90;3,40;3,50;75,50;0,10;-0,40;
2026-06-24 02:29:00.0;OFF;ON;100;-3,60;-3,30;0,20;5,70;95;113,90;3,80;3,50;72,80;0,10;-0,40;
2026-06-24 02:30:00.0;OFF;ON;100;-3;-3,30;0,20;5,60;94,90;113,90;3,30;3,50;76,30;0,10;-0,50;
2026-06-24 02:31:00.0;OFF;ON;100;-3,60;-3,30;0,20;5,60;94,90;113,90;3,80;3,50;72,90;0,10;-0,50;
2026-06-24 02:32:00.0;OFF;ON;100;-3;-3,30;0,20;5,60;94,90;113,90;3,20;3,50;76,80;0,10;-0,50;
2026-06-24 02:33:00.0;OFF;ON;100;-3,60;-3,30;0,20;5,60;94,80;113,90;3,80;3,50;72,70;0;-0,50;
2026-06-24 02:34:00.0;OFF;ON;100;-3,20;-3,30;0,20;5,60;94,90;113,90;3,40;3,50;75,40;0;-0,50;
2026-06-24 02:35:00.0;OFF;ON;100;-3,20;-3,30;0,20;5,50;94,90;113,90;3,40;3,50;74,80;0;-0,50;
2026-06-24 02:36:00.0;OFF;ON;100;-3,20;-3,20;0,30;5,50;95,10;118,90;3,50;3,50;73,20;0;-0,50;
2026-06-24 02:37:00.0;OFF;ON;100;-2,80;-3,20;0,30;6,30;95,20;0;3,10;3,50;74,90;0;-0,90;
2026-06-24 02:38:00.0;OFF;ON;100;-2,60;-3,20;0,20;6,60;95;0;2,70;3,50;78,50;-0,10;-1,30;
2026-06-24 02:39:00.0;OFF;ON;100;-3,70;-3,40;0,10;6,60;94,70;0;3,80;3,50;71,70;-0,20;-1,20;
2026-06-24 02:40:00.0;OFF;ON;100;-3,30;-3,40;0,10;6,60;94,70;0;3,40;3,50;73,90;-0,20;-1,30;
2026-06-24 02:41:00.0;OFF;ON;100;-3,90;-3,40;0,10;6,60;94,60;0;4;3,50;69,70;-0,20;-1,40;
2026-06-24 02:42:00.0;OFF;ON;100;-3,50;-3,50;0;6,60;94,30;0;3,60;3,50;71,70;-0,30;-1,50;
2026-06-24 02:43:00.0;OFF;ON;100;-3,90;-3,50;0;6,60;94,20;0;3,90;3,50;69;-0,30;-1,60;
2026-06-24 02:44:00.0;OFF;ON;50;-4,20;-3,50;-0,10;6,60;94,20;0;4,10;3,50;67;-0,30;-1,60;
2026-06-24 02:45:00.0;OFF;ON;50;-2,80;-3,60;-0,10;6,50;94;0;2,70;3,50;75,90;-0,40;-1,60;
2026-06-24 02:46:00.0;OFF;ON;50;-2,80;-3,60;-0,10;6,50;94;0;2,70;3,50;77;-0,40;-1,80;
2026-06-24 02:47:00.0;OFF;ON;50;-3,20;-3,70;-0,20;6,50;93,80;0;2,90;3,50;76,20;-0,40;-1,70;
2026-06-24 02:48:00.0;OFF;ON;50;-3,40;-3,70;-0,30;6,50;93,80;0;3,20;3,50;76,70;-0,40;-1,70;
2026-06-24 02:49:00.0;OFF;ON;50;-3,80;-3,80;-0,30;6,50;93,70;0;3,50;3,50;75,60;-0,40;-1,70;
2026-06-24 02:50:00.0;OFF;ON;50;-3,70;-3,80;-0,20;6,40;93,70;0;3,50;3,50;74,40;-0,50;-1,70;
2026-06-24 02:51:00.0;OFF;ON;50;-3,90;-3,70;-0,20;6,40;93,70;0;3,60;3,50;74,10;-0,50;-1,90;
2026-06-24 02:52:00.0;OFF;ON;50;-3,80;-3,70;-0,20;6,40;93,50;0;3,50;3,50;74,30;-0,50;-1,90;
2026-06-24 02:53:00.0;OFF;ON;50;-4,10;-3,80;-0,30;6,30;93,50;0;3,70;3,50;73,40;-0,50;-1,90;
2026-06-24 02:54:00.0;OFF;ON;50;-3,70;-3,80;-0,40;6,30;93,50;0;3,30;3,50;76,40;-0,60;-2;
2026-06-24 02:55:00.0;OFF;ON;50;-3,90;-3,90;-0,40;6,30;93,50;0;3,50;3,50;74,40;-0,60;-2;
2026-06-24 02:56:00.0;OFF;ON;50;-4;-3,90;-0,40;6,30;93,50;0;3,50;3,50;75,40;-0,60;-2;
2026-06-24 02:57:00.0;OFF;ON;50;-3,80;-4;-0,50;6,30;93,50;0;3,30;3,50;76,30;-0,60;-2;
2026-06-24 02:58:00.0;OFF;ON;50;-4,20;-4;-0,50;6,20;93,30;0;3,70;3,50;74;-0,60;-2,10;
2026-06-24 02:59:00.0;OFF;ON;50;-3,70;-4;-0,60;6,20;93,30;0;3,20;3,50;77,30;-0,70;-2,10;
2026-06-24 03:00:00.0;OFF;ON;50;-4,10;-4;-0,60;6,20;93,30;0;3,60;3,50;74,90;-0,70;-2,10;
2026-06-24 03:01:00.0;OFF;ON;50;-4,20;-4;-0,50;6,20;93,40;0;3,70;3,50;74,60;-0,70;-2,10;
2026-06-24 03:02:00.0;OFF;ON;50;-4,10;-4;-0,50;6,20;93,30;0;3,70;3,50;74,90;-0,70;-2,10;
2026-06-24 03:03:00.0;OFF;ON;50;-3,90;-3,90;-0,40;6,10;93,50;0;3,50;3,50;75,90;-0,70;-2,10;
2026-06-24 03:04:00.0;OFF;ON;50;-3,50;-3,90;-0,40;6,10;93,40;0;3,10;3,50;79,10;-0,70;-2,10;
2026-06-24 03:05:00.0;OFF;ON;50;-3,70;-3,90;-0,40;6,10;93,50;0;3,20;3,50;78,60;-0,70;-2,10;
2026-06-24 03:06:00.0;OFF;ON;50;-3,30;-4;-0,50;6;93,50;0;2,80;3,50;82;-0,70;-2,10;
2026-06-24 03:07:00.0;OFF;ON;50;-3,80;-4;-0,60;6;93,50;0;3,20;3,50;79,40;-0,70;-2,10;
2026-06-24 03:08:00.0;OFF;ON;50;-3,60;-4;-0,60;6;93,40;0;3;3,50;81,20;-0,70;-2,10;
2026-06-24 03:09:00.0;OFF;ON;50;-3,50;-4;-0,50;6;93,40;0;3;3,50;82,30;-0,80;-2,10;
2026-06-24 03:10:00.0;OFF;ON;50;-3,80;-4;-0,50;5,90;93,50;0;3,30;3,50;80,80;-0,80;-2,10;
2026-06-24 03:11:00.0;OFF;ON;50;-3,90;-4;-0,60;5,90;93,50;0;3;3,50;83,20;-0,80;-2,10;
2026-06-24 03:12:00.0;OFF;ON;50;-3,50;-4;-0,60;5,90;93,40;0;2,90;3,50;84;-0,80;-2,10;
2026-06-24 03:13:00.0;OFF;ON;50;-3,40;-4;-0,70;5,90;93,40;0;2,80;3,50;84,90;-0,80;-2,10;
2026-06-24 03:14:00.0;OFF;ON;50;-4;-4;-0,70;5,90;93,30;0;3,30;3,50;82,20;-0,80;-2,10;
2026-06-24 03:15:00.0;OFF;ON;50;-3,70;-4;-0,70;5,80;93,30;0;3;3,50;84,50;-0,80;-2,10;
2026-06-24 03:16:00.0;OFF;ON;50;-3,10;-4;-0,70;5,80;93,30;0;2,40;3,50;88,50;-0,90;-2,20;
2026-06-24 03:17:00.0;OFF;ON;50;-3,20;-4;-0,70;5,80;93,10;0;2,40;3,50;89,30;-0,90;-2,20;
2026-06-24 03:18:00.0;OFF;ON;50;-3,40;-4;-0,70;5,80;93,30;0;2,70;3,50;89,60;-0,80;-2;
2026-06-24 03:19:00.0;OFF;ON;50;-3,20;-4;-0,70;5,70;93,50;0;2,50;3,50;91,90;-0,80;-2;
2026-06-24 03:20:00.0;OFF;ON;50;-3,40;-4;-0,60;5,70;93,50;0;2,80;3,50;92,20;-0,80;-2;
2026-06-24 03:21:00.0;OFF;ON;50;-3;-4;-0,60;5,70;93,60;0;2,40;3,50;96,30;-0,80;-2;
2026-06-24 03:22:00.0;OFF;ON;50;-3,30;-4;-0,60;5,70;93,60;0;2,80;3,50;95;-0,80;-2;
2026-06-24 03:23:00.0;OFF;ON;50;-3,30;-4;-0,60;5,70;93,80;0;2,70;3,50;97,60;-0,80;-1,90;
2026-06-24 03:24:00.0;OFF;ON;50;-3;-4;-0,60;5,70;93,80;0;2,40;3,50;99,60;-0,80;-1,90;
2026-06-24 03:25:00.0;OFF;ON;50;-3,10;-4;-0,60;5,60;93,70;0;2,50;3,50;99;-0,80;-1,90;
2026-06-24 03:26:00.0;OFF;ON;50;-3,30;-4;-0,60;5,60;93,70;0;2,70;3,50;97,70;-0,80;-1,90;
2026-06-24 03:27:00.0;OFF;ON;50;-3,10;-4;-0,70;5,60;93,60;0;2,50;3,50;99,20;-0,80;-1,90;
2026-06-24 03:28:00.0;OFF;ON;50;-3,20;-4;-0,70;5,50;93,50;0;2,50;3,50;98,90;-0,80;-1,90;
2026-06-24 03:29:00.0;OFF;ON;50;-3,30;-4;-0,70;5,50;93,50;0;2,60;3,50;98,40;-0,80;-1,90;
2026-06-24 03:30:00.0;OFF;ON;50;-3,20;-4;-0,70;5,50;93,50;0;2,40;3,50;99,60;-0,80;-2;
2026-06-24 03:31:00.0;OFF;ON;50;-3,20;-4;-0,70;5,50;93,40;0;2,50;3,50;99,30;-0,80;-2;
2026-06-24 03:32:00.0;OFF;ON;50;-3,20;-4;-0,70;5,50;93,50;0;2,50;3,50;99,60;-0,80;-2;
2026-06-24 03:33:00.0;OFF;ON;50;-3,20;-4;-0,80;5,40;93,50;0;2,40;3,50;99,70;-0,90;-2;
2026-06-24 03:34:00.0;OFF;ON;50;-3,20;-4;-0,80;5,40;93,40;0;2,40;3,50;99,40;-0,90;-2;
2026-06-24 03:35:00.0;OFF;ON;50;-3,30;-4;-0,80;5,40;93,50;0;2,50;3,50;98,70;-0,90;-2;
2026-06-24 03:36:00.0;OFF;ON;50;-3,40;-4;-0,80;5,40;93,40;0;2,60;3,50;98,30;-0,90;-2;
2026-06-24 03:37:00.0;OFF;ON;50;-3,30;-4;-0,80;5,30;93,30;0;2,50;3,50;98,30;-0,90;-2;
2026-06-24 03:38:00.0;OFF;ON;50;-3,50;-4;-0,80;5,30;93,30;0;2,50;3,50;98,50;-0,90;-2;
2026-06-24 03:39:00.0;OFF;ON;50;-3,30;-4;-0,80;5,30;93,30;0;2,50;3,50;98,70;-0,90;-2;
2026-06-24 03:40:00.0;OFF;ON;50;-3,20;-4;-0,80;5,30;93,30;0;2,30;3,50;100;-0,90;-2,10;
2026-06-24 03:41:00.0;OFF;ON;50;-3,40;-4;-0,80;5,30;93,30;0;2,60;3,50;98,80;-0,90;-2,10;
2026-06-24 03:42:00.0;OFF;ON;50;-3,40;-4;-0,80;5,20;93,30;0;2,50;3,50;98,80;-0,90;-2,10;
2026-06-24 03:43:00.0;OFF;ON;50;-3,20;-4;-0,80;5,20;93,30;0;2,30;3,50;99,80;-0,90;-2,10;
2026-06-24 03:44:00.0;OFF;ON;50;-3,30;-3,90;-0,90;5,20;93,30;0;2,40;3,50;98,90;-0,90;-2,10;
2026-06-24 03:45:00.0;OFF;ON;50;-3,30;-3,90;-0,90;5,20;93,30;0;2,40;3,50;99,40;-0,90;-2,10;
2026-06-24 03:46:00.0;OFF;ON;50;-3,50;-3,80;-0,90;5,10;93,30;0;2,60;3,50;98,10;-0,90;-2,10;
2026-06-24 03:47:00.0;OFF;ON;50;-3,30;-3,80;-0,90;5,10;93,20;0;2,50;3,50;99,50;-0,90;-2,10;
2026-06-24 03:48:00.0;OFF;ON;50;-3,50;-3,70;-0,90;5,10;93,30;0;2,60;3,50;98,30;-1;-2,10;
2026-06-24 03:49:00.0;OFF;ON;50;-3,30;-3,70;-0,90;5,10;93,30;0;2,30;3,50;100;-0,90;-2,20;
2026-06-24 03:50:00.0;OFF;ON;50;-3,50;-3,60;-0,90;5,10;93,20;0;2,60;3,50;98,30;-1;-2,20;
2026-06-24 03:51:00.0;OFF;ON;50;-3,40;-3,60;-0,90;5;93,10;0;2,50;3,50;98,60;-1;-2,20;
2026-06-24 03:52:00.0;OFF;ON;50;-3,50;-3,50;-0,90;5;93,20;0;2,60;3,50;97,20;-1;-2,20;
2026-06-24 03:53:00.0;OFF;ON;50;-3,50;-3,30;-0,80;5;93,30;0;2,70;3,50;96;-1;-2,20;
2026-06-24 03:54:00.0;OFF;ON;50;-3,30;-3,20;-0,80;5;93,40;0;2,40;3,50;96,70;-1;-2,20;
2026-06-24 03:55:00.0;OFF;ON;50;-3,50;-3,10;-0,80;5;93,50;0;2,70;3,50;94,10;-1;-2,20;
2026-06-24 03:56:00.0;OFF;ON;50;-3,40;-3,10;-0,80;5;93,30;0;2,60;3,50;93,50;-1;-2,20;
2026-06-24 03:57:00.0;OFF;ON;50;-3,50;-3;-0,90;4,90;93,30;0;2,70;3,50;92;-1;-2,20;
2026-06-24 03:58:00.0;OFF;ON;50;-3,40;-3;-0,90;4,90;93,40;0;2,40;3,50;91,40;-1;-2,20;
2026-06-24 03:59:00.0;OFF;ON;50;-3,60;-2,90;-0,90;4,90;93,30;0;2,60;3,50;88,30;-1;-2,20;
2026-06-24 04:00:00.0;OFF;ON;50;-3,60;-2,80;-0,90;4,90;93,30;0;2,70;3,50;86;-1;-2,30;
2026-06-24 04:01:00.0;OFF;ON;50;-3,60;-2,70;-0,90;4,90;93,30;0;2,70;3,50;84,30;-1,10;-2,30;
2026-06-24 04:02:00.0;OFF;ON;50;-3,50;-2,60;-0,90;4,90;93,40;0;2,60;3,50;82,70;-1,10;-2,30;
2026-06-24 04:03:00.0;OFF;ON;50;-3,70;-2,50;-1;4,80;93,40;0;2,70;3,50;79;-1,10;-2,20;
2026-06-24 04:04:00.0;OFF;ON;50;-3,60;-2,50;-1;4,80;93,40;0;2,60;3,50;76,30;-1,10;-2,30;
2026-06-24 04:05:00.0;OFF;ON;50;-3,70;-2,40;-1;4,80;93,30;0;2,60;3,50;73,90;-1,10;-2,30;
2026-06-24 04:06:00.0;OFF;ON;50;-3,70;-2,30;-1;4,80;93,30;0;2,70;3,50;69;-1,10;-2,20;
2026-06-24 04:07:00.0;OFF;ON;50;-4,20;-2,20;-1;4,80;93,30;0;3,10;3,50;63,70;-1,10;-2,20;
2026-06-24 04:08:00.0;OFF;ON;50;-3,10;-2,10;-1;4,80;93,40;0;2;3,50;66,40;-1,10;-2,30;
2026-06-24 04:09:00.0;OFF;ON;50;-3,10;-2;-1,10;4,70;93,30;0;2,10;3,50;62,80;-1,10;-2,10;
2026-06-24 04:10:00.0;OFF;ON;50;-3;-1,80;-1;4,70;93,50;0;2;3,50;59,60;-1,10;-2,10;
2026-06-24 04:11:00.0;OFF;ON;50;-2,70;-1,70;-1;4,70;93,50;0;1,70;3,50;58,70;-1,10;-2;
2026-06-24 04:12:00.0;OFF;ON;50;-2,60;-1,60;-1;4,70;93,60;0;1,70;3,50;56,80;-1;-1,90;
2026-06-24 04:13:00.0;OFF;ON;50;-2,40;-1,40;-0,90;4,70;93,90;0;1,50;3,50;54;-1;-1,80;
2026-06-24 04:14:00.0;OFF;ON;50;-2,20;-1,20;-0,90;4,70;94,10;0;1,30;3,50;52;-1;-1,70;
2026-06-24 04:15:00.0;OFF;ON;50;-2,20;-1;-0,90;4,70;94,20;0;1,20;3,50;49,10;-0,90;-1,60;
2026-06-24 04:16:00.0;OFF;ON;50;-2,10;-0,80;-0,80;4,60;94,50;0;1,30;3,50;47;-0,90;-1,50;
2026-06-24 04:17:00.0;OFF;ON;50;-1,80;-0,70;-0,80;4,60;94,70;0;1,10;3,50;44,90;-0,80;-1,40;
2026-06-24 04:18:00.0;OFF;ON;50;-1,60;-0,60;-0,70;4,60;94,90;0;0,90;3,50;41,90;-0,70;-1,30;
2026-06-24 04:19:00.0;OFF;ON;50;-1,60;-0,40;-0,60;4,60;95;0;1;3,50;38,80;-0,70;-1,20;
2026-06-24 04:20:00.0;OFF;ON;50;-1,30;-0,10;-0,40;4,60;95,10;0;0,80;3,50;38;-0,70;-1,10;
2026-06-24 04:21:00.0;OFF;ON;50;-1;0,10;-0,40;4,60;95,60;0;0,60;3,50;33,50;-0,60;-0,90;
2026-06-24 04:22:00.0;OFF;ON;50;-0,90;0,40;-0,30;4,60;95,70;0;0,60;3,50;31,50;-0,50;-0,80;
2026-06-24 04:23:00.0;OFF;ON;50;-0,50;0,60;-0,20;4,60;96;0;0,30;3,50;29;-0,40;-0,60;
2026-06-24 04:24:00.0;OFF;ON;50;-0,40;0,90;-0,10;4,50;96,40;0;0,30;3,50;24,60;-0,30;-0,40;
2026-06-24 04:25:00.0;OFF;ON;50;-0,30;1;-0,10;4,50;96,50;0;0,20;3,50;23,20;-0,30;-0,30;
2026-06-24 04:26:00.0;OFF;ON;50;-0,20;1,30;0;4,50;96,70;0;0,20;3,50;20;-0,20;-0,10;
2026-06-24 04:27:00.0;OFF;ON;50;0;1,60;0,10;4,50;96,80;0;0,10;3,50;20;-0,10;0;
2026-06-24 04:28:00.0;OFF;ON;50;0,10;1,70;0,20;4,50;97,10;0;0,10;3,50;20;-0,10;0,10;
2026-06-24 04:29:00.0;OFF;ON;50;0,10;2;0,20;4,50;97,20;0;0,10;3,50;20;0;0,20;
2026-06-24 04:30:00.0;OFF;ON;50;0,10;2,20;0,20;4,50;97,30;0;0,10;3,50;20;0;0,20;
2026-06-24 04:31:00.0;OFF;ON;50;0,10;2,30;0,20;4,40;97,40;0;0,10;3,50;20;0;0,20;
2026-06-24 04:32:00.0;OFF;ON;50;0,10;2,50;0,20;4,40;97,40;0;0,10;3,50;20;0;0,20;
2026-06-24 04:33:00.0;OFF;ON;50;0,20;2,70;0,20;4,40;97,40;0;0,10;3,50;20;0;0,20;
2026-06-24 04:34:00.0;OFF;ON;50;0,20;2,70;0,30;4,40;97,40;0;0;3,50;20;0,10;0,30;
2026-06-24 04:35:00.0;OFF;ON;50;0,20;2,80;0,30;4,40;97,40;0;0,10;3,50;20;0,10;0,30;
2026-06-24 04:36:00.0;OFF;ON;50;0,20;2,80;0,30;4,40;97,30;0;0,20;3,50;20;0,10;0,30;
2026-06-24 04:37:00.0;OFF;ON;50;0,30;2,80;0,30;4,30;97,30;0;0,10;3,50;20;0,10;0,30;
2026-06-24 04:38:00.0;OFF;ON;50;0,20;2,80;0,30;4,30;97,30;0;0,10;3,50;20;0,10;0,30;
2026-06-24 04:39:00.0;OFF;ON;50;0,30;2,80;0,30;4,30;97,20;0;0;3,50;20;0,10;0,30;
2026-06-24 04:40:00.0;OFF;ON;50;0,30;2,80;0,30;4,30;97,20;0;0;3,50;20;0,10;0,30;
2026-06-24 04:41:00.0;OFF;ON;50;0,40;2,80;0,30;4,30;97,10;0;0;3,50;20;0,10;0,30;
2026-06-24 04:42:00.0;OFF;ON;50;0,40;2,80;0,40;4,30;97,10;0;0;3,50;20;0,20;0,30;
2026-06-24 04:43:00.0;OFF;ON;50;0,30;2,90;0,40;4,30;97,10;0;0,10;3,50;20;0,20;0,30;
2026-06-24 04:44:00.0;OFF;ON;50;0,30;2,90;0,40;4,20;97;0;0,20;3,50;20;0,20;0,30;
2026-06-24 04:45:00.0;OFF;ON;50;0,20;2,90;0,40;4,20;97;0;0,20;3,50;20;0,20;0,30;
2026-06-24 04:46:00.0;OFF;ON;50;0,30;3;0,40;4,20;97;0;0,20;3,50;20;0,20;0,30;
2026-06-24 04:47:00.0;OFF;ON;50;0,20;2,90;0,40;4,20;97;0;0,20;3,50;20;0,20;0,30;
2026-06-24 04:48:00.0;OFF;ON;50;0,10;2,90;0,40;4,20;96,90;0;0,20;3,50;20;0,20;0,30;
2026-06-24 04:49:00.0;OFF;ON;50;0,20;2,90;0,40;4,20;96,80;0;0,20;3,50;20;0,20;0,30;
2026-06-24 04:50:00.0;OFF;ON;50;0,20;2,90;0,40;4,10;96,80;0;0,20;3,50;20;0,20;0,30;
2026-06-24 04:51:00.0;OFF;ON;50;0,30;2,90;0,40;4,10;96,70;0;0,10;3,50;20;0,20;0,30;
2026-06-24 04:52:00.0;OFF;ON;50;0,30;2,90;0,40;4,10;96,70;0;0,10;3,50;20;0,30;0,30;
2026-06-24 04:53:00.0;OFF;ON;50;0,20;2,90;0,40;4,10;96,70;0;0,20;3,50;20;0,30;0,30;
2026-06-24 04:54:00.0;OFF;ON;50;0,30;2,90;0,40;4,10;96,70;0;0,10;3,50;20;0,20;0,30;
2026-06-24 04:55:00.0;OFF;ON;50;0,40;2,90;0,40;4,10;96,70;0;0,10;3,50;20;0,20;0,30;
2026-06-24 04:56:00.0;OFF;ON;50;0,30;2,90;0,40;4,10;96,70;0;0,10;3,50;20;0,30;0,30;
2026-06-24 04:57:00.0;OFF;ON;50;0,30;2,90;0,40;4,10;96,70;0;0,10;3,50;20;0,30;0,30;
2026-06-24 04:58:00.0;OFF;ON;50;0,30;2,90;0,40;4;96,70;0;0,10;3,50;20;0,30;0,30;
2026-06-24 04:59:00.0;OFF;ON;50;0,30;2,90;0,40;4;96,70;0;0,10;3,50;20;0,30;0,30;
2026-06-24 05:00:00.0;OFF;ON;50;0,30;2,90;0,40;4;96,70;0;0,10;3,50;20;0,30;0,30;
2026-06-24 05:01:00.0;OFF;ON;50;0,30;2,90;0,40;4;96,70;0;0,10;3,50;20;0,30;0,30;
2026-06-24 05:02:00.0;OFF;ON;50;0,40;2,90;0,40;4;96,70;0;0;3,50;20;0,30;0,30;
2026-06-24 05:03:00.0;OFF;ON;50;0,40;2,90;0,40;4;96,70;0;0;3,50;20;0,30;0,30;
2026-06-24 05:04:00.0;OFF;ON;50;0,40;2,90;0,40;3,90;96,60;0;0;3,50;20;0,30;0,30;
2026-06-24 05:05:00.0;OFF;ON;50;0,30;2,90;0,50;3,90;96,60;0;0,10;3,50;20;0,30;0,30;
2026-06-24 05:06:00.0;OFF;ON;50;0,40;3;0,50;3,90;96,60;0;0,10;3,50;20;0,30;0,30;
2026-06-24 05:07:00.0;OFF;ON;50;0,40;3;0,50;3,90;96,60;0;0,10;3,50;20;0,30;0,30;
2026-06-24 05:08:00.0;OFF;ON;50;0,40;3;0,50;3,90;96,60;0;0;3,50;20;0,30;0,30;
2026-06-24 05:09:00.0;OFF;ON;50;0,50;3;0,50;3,90;96,50;0;0;3,50;20;0,30;0,30;
2026-06-24 05:10:00.0;OFF;ON;50;0,40;3;0,50;3,90;96,50;0;0;3,50;20;0,30;0,30;
2026-06-24 05:11:00.0;OFF;ON;50;0,40;3;0,50;3,80;96,60;0;0,10;3,50;20;0,30;0,30;
2026-06-24 05:12:00.0;OFF;ON;50;0,50;3;0,50;3,80;96,60;0;0;3,50;20;0,30;0,30;
2026-06-24 05:13:00.0;OFF;ON;50;0,50;3;0,50;3,80;96,50;0;0;3,50;20;0,30;0,30;
2026-06-24 05:14:00.0;OFF;ON;50;0,50;3;0,50;3,80;96,50;0;0;3,50;20;0,30;0,30;
2026-06-24 05:15:00.0;OFF;ON;50;0,50;3;0,50;3,80;96,40;0;0;3,50;20;0,30;0,30;
2026-06-24 05:16:00.0;OFF;ON;50;0,60;3;0,50;3,80;96,50;0;-0,10;3,50;20;0,30;0,30;
2026-06-24 05:17:00.0;OFF;ON;50;0,50;3;0,50;3,70;96,40;0;0;3,50;20;0,30;0,30;
2026-06-24 05:18:00.0;OFF;ON;50;0,50;3;0,50;3,70;96,40;0;0;3,50;20;0,30;0,30;
2026-06-24 05:19:00.0;OFF;ON;50;0,50;3;0,50;3,70;96,40;0;0;3,50;20;0,30;0,30;
2026-06-24 05:20:00.0;OFF;ON;50;0,60;3;0,50;3,70;96,50;0;-0,10;3,50;20;0,30;0,30;
2026-06-24 05:21:00.0;OFF;ON;50;0,40;3;0,50;3,70;96,40;0;0,10;3,50;20;0,30;0,30;
2026-06-24 05:22:00.0;OFF;ON;50;0,50;3;0,50;3,70;96,40;0;0;3,50;20;0,30;0,30;
2026-06-24 05:23:00.0;OFF;ON;50;0,50;3;0,50;3,70;96,40;0;0;3,50;20;0,30;0,40;
2026-06-24 05:24:00.0;OFF;ON;50;0,50;3;0,50;3,60;96,40;0;0;3,50;20;0,40;0,40;
2026-06-24 05:25:00.0;OFF;ON;50;0,50;3;0,50;3,60;96,40;0;0;3,50;20;0,40;0,40;
2026-06-24 05:26:00.0;OFF;ON;50;0,50;3;0,50;3,60;96,40;0;0,10;3,50;20;0,40;0,40;
2026-06-24 05:27:00.0;OFF;ON;50;0,50;3;0,50;3,60;96,40;0;0;3,50;20;0,40;0,40;
2026-06-24 05:28:00.0;OFF;ON;50;0,50;3;0,50;3,60;96,40;0;0;3,50;20;0,40;0,40;
2026-06-24 05:29:00.0;OFF;ON;50;0,50;3;0,50;3,60;96,50;0;0;3,50;20;0,40;0,40;
2026-06-24 05:30:00.0;OFF;ON;50;0,60;3;0,50;3,60;96,50;0;-0,10;3,50;20;0,40;0,40;
2026-06-24 05:31:00.0;OFF;ON;50;0,50;3,10;0,60;3,50;96,50;0;0;3,50;20;0,40;0,40;
2026-06-24 05:32:00.0;OFF;ON;50;0,60;3,10;0,60;3,50;96,50;0;-0,10;3,50;20;0,40;0,40;
2026-06-24 05:33:00.0;OFF;ON;50;0,50;3,10;0,60;3,50;96,50;0;0;3,50;20;0,40;0,40;
2026-06-24 05:34:00.0;OFF;ON;50;0,70;3,10;0,60;3,50;96,50;0;0;3,50;20;0,40;0,40;
2026-06-24 05:35:00.0;OFF;ON;50;0,70;3,10;0,60;3,50;96,50;0;-0,10;3,50;20;0,40;0,50;
2026-06-24 05:36:00.0;OFF;ON;50;0,70;3,10;0,60;3,50;96,60;0;-0,10;3,50;20;0,50;0,50;
2026-06-24 05:37:00.0;OFF;ON;50;0,70;3,10;0,60;3,50;96,70;0;-0,10;3,50;20;0,50;0,50;
2026-06-24 05:38:00.0;OFF;ON;50;0,70;3,20;0,70;3,40;96,60;0;0;3,50;20;0,50;0,50;
2026-06-24 05:39:00.0;OFF;ON;50;0,80;3,20;0,70;3,40;96,70;0;-0,10;3,50;20;0,50;0,60;
2026-06-24 05:40:00.0;OFF;ON;50;0,80;3,20;0,70;3,40;96,70;0;0;3,50;20;0,60;0,60;
2026-06-24 05:41:00.0;OFF;ON;50;0,90;3,20;0,80;3,40;96,70;0;-0,10;3,50;20;0,60;0,70;
2026-06-24 05:42:00.0;OFF;ON;50;0,80;3,30;0,80;3,40;96,70;0;0;3,50;20;0,60;0,80;
2026-06-24 05:43:00.0;OFF;ON;50;1;3,30;0,90;3,40;96,90;0;-0,10;3,50;20;0,70;0,90;
2026-06-24 05:44:00.0;OFF;ON;50;1;3,40;0,90;3,40;97;0;-0,10;3,50;20;0,70;1;
2026-06-24 05:45:00.0;OFF;ON;50;1,10;3,40;0,90;3,30;97,10;0;-0,10;3,50;20;0,80;1,10;
2026-06-24 05:46:00.0;OFF;ON;50;1,20;3,50;1;3,30;97,10;0;-0,20;3,50;20;0,80;1,20;
2026-06-24 05:47:00.0;OFF;ON;50;1,20;3,50;1;3,30;97,20;0;-0,20;3,50;20;0,80;1,20;
2026-06-24 05:48:00.0;OFF;ON;50;1,20;3,50;1,10;3,30;97,30;0;-0,20;3,50;20;0,90;1,30;
2026-06-24 05:49:00.0;OFF;ON;50;1,20;3,60;1,10;3,30;97,40;0;-0,10;3,50;20;0,90;1,30;
2026-06-24 05:50:00.0;OFF;ON;50;1,30;3,70;1,20;3,30;97,50;0;-0,10;3,50;20;1;1,40;
2026-06-24 05:51:00.0;OFF;ON;50;1,30;3,70;1,20;3,30;97,60;0;-0,10;3,50;20;1;1,50;
2026-06-24 05:52:00.0;OFF;ON;50;1,50;3,70;1,20;3,20;97,70;0;-0,30;3,50;20;1;1,50;
2026-06-24 05:53:00.0;OFF;ON;50;1,50;3,70;1,20;3,20;97,70;0;-0,20;3,50;20;1,10;1,50;
2026-06-24 05:54:00.0;OFF;ON;50;1,50;3,80;1,30;3,20;97,80;0;-0,20;3,50;20;1,10;1,50;
2026-06-24 05:55:00.0;OFF;ON;50;1,60;3,80;1,30;3,20;97,80;0;-0,30;3,50;20;1,10;1,60;
2026-06-24 05:56:00.0;OFF;ON;50;1,60;3,90;1,40;3,20;97,80;0;-0,20;3,50;20;1,10;1,60;
2026-06-24 05:57:00.0;OFF;ON;50;1,60;3,90;1,40;3,20;97,80;0;-0,20;3,50;20;1,20;1,70;
2026-06-24 05:58:00.0;OFF;ON;50;1,60;3,90;1,40;3,20;97,90;0;-0,20;3,50;20;1,20;1,70;
2026-06-24 05:59:00.0;OFF;ON;50;1,70;4;1,50;3,20;97,90;0;-0,20;3,50;20;1,20;1,70;
2026-06-24 06:00:00.0;OFF;ON;50;1,80;4;1,50;3,10;97,90;0;-0,20;3,50;20;1,30;1,80;
2026-06-24 06:01:00.0;OFF;ON;50;1,80;4;1,50;3,10;97,90;0;-0,30;3,50;20;1,30;1,80;
2026-06-24 06:02:00.0;OFF;ON;50;1,80;4;1,50;3,10;97,90;0;-0,20;3,50;20;1,30;1,80;
2026-06-24 06:03:00.0;OFF;ON;50;1,80;4,10;1,60;3,10;97,90;0;-0,30;3,50;20;1,30;1,90;
2026-06-24 06:04:00.0;OFF;ON;50;1,80;4,10;1,60;3,10;97,90;0;-0,30;3,50;20;1,40;1,90;
2026-06-24 06:05:00.0;OFF;ON;50;1,80;4,10;1,60;3,10;97,90;0;-0,20;3,50;20;1,40;1,90;
2026-06-24 06:06:00.0;OFF;ON;50;1,80;4,10;1,60;3,10;97,90;0;-0,20;3,50;20;1,40;1,90;
2026-06-24 06:07:00.0;OFF;ON;50;1,90;4,10;1,60;3;97,90;0;-0,30;3,50;20;1,40;1,90;
2026-06-24 06:08:00.0;OFF;ON;50;1,90;4,10;1,60;3;97,90;0;-0,30;3,50;20;1,40;1,90;
2026-06-24 06:09:00.0;OFF;ON;50;1,90;4,10;1,60;3;97,90;0;-0,30;3,50;20;1,40;1,90;
2026-06-24 06:10:00.0;OFF;ON;50;1,80;4,10;1,60;3;97,90;0;-0,20;3,50;20;1,50;2;
2026-06-24 06:11:00.0;OFF;ON;50;2;4,20;1,70;3;97,90;0;-0,30;3,50;20;1,50;2;
2026-06-24 06:12:00.0;OFF;ON;50;1,90;4,20;1,70;3;97,90;0;-0,20;3,50;20;1,50;2;
2026-06-24 06:13:00.0;OFF;ON;50;1,80;4,20;1,70;3;97,90;0;-0,20;3,50;20;1,50;2;
2026-06-24 06:14:00.0;OFF;ON;50;1,90;4,20;1,70;3;97,90;0;-0,20;3,50;20;1,50;2;
2026-06-24 06:15:00.0;OFF;ON;50;2;4,20;1,70;2,90;97,90;0;-0,30;3,50;20;1,50;2;
2026-06-24 06:16:00.0;OFF;ON;50;2;4,20;1,70;2,90;97,90;0;-0,30;3,50;20;1,50;2;
2026-06-24 06:17:00.0;OFF;ON;50;1,90;4,20;1,70;2,90;97,90;0;-0,20;3,50;20;1,50;2;
2026-06-24 06:18:00.0;OFF;ON;50;1,90;4,20;1,70;2,90;97,90;0;-0,20;3,50;20;1,50;2;
2026-06-24 06:19:00.0;OFF;ON;50;2;4,20;1,70;2,90;97,90;0;-0,30;3,50;20;1,60;2;
2026-06-24 06:20:00.0;OFF;ON;50;2;4,20;1,70;2,90;97,80;0;-0,30;3,50;20;1,60;2,10;
2026-06-24 06:21:00.0;OFF;ON;50;2;4,20;1,80;2,90;97,90;0;-0,20;3,50;20;1,60;2,10;
2026-06-24 06:22:00.0;OFF;ON;50;1,90;4,30;1,80;2,90;97,80;0;-0,20;3,50;20;1,60;2,10;
2026-06-24 06:23:00.0;OFF;ON;50;2;4,30;1,80;2,80;97,80;0;-0,20;3,50;20;1,60;2,10;
2026-06-24 06:24:00.0;OFF;ON;50;2;4,30;1,80;2,80;97,80;0;-0,20;3,50;20;1,60;2,10;
2026-06-24 06:25:00.0;OFF;ON;50;2,10;4,30;1,80;2,80;97,80;0;-0,30;3,50;20;1,60;2,10;
2026-06-24 06:26:00.0;OFF;ON;50;2;4,30;1,80;2,80;97,80;0;-0,20;3,50;20;1,60;2,10;
2026-06-24 06:27:00.0;OFF;ON;50;2;4,30;1,80;2,80;97,80;0;-0,20;3,50;20;1,70;2,10;
2026-06-24 06:28:00.0;OFF;ON;50;2;4,30;1,80;2,80;97,80;0;-0,20;3,50;20;1,60;2,10;
2026-06-24 06:29:00.0;OFF;ON;50;2;4,30;1,80;2,80;97,80;0;-0,20;3,50;20;1,70;2,10;
2026-06-24 06:30:00.0;OFF;ON;50;2;4,30;1,80;2,80;97,80;0;-0,20;3,50;20;1,70;2,10;
2026-06-24 06:31:00.0;OFF;ON;50;2,10;4,30;1,80;2,70;97,80;0;-0,20;3,50;20;1,70;2,20;
2026-06-24 06:32:00.0;OFF;ON;50;2,10;4,30;1,80;2,70;97,80;0;-0,30;3,50;20;1,70;2,20;
2026-06-24 06:33:00.0;OFF;ON;50;2,10;4,30;1,80;2,70;97,80;0;-0,30;3,50;20;1,70;2,20;
2026-06-24 06:34:00.0;OFF;ON;50;2,10;4,40;1,90;2,70;97,80;0;-0,30;3,50;20;1,70;2,20;
2026-06-24 06:35:00.0;OFF;ON;50;2;4,40;1,90;2,70;97,80;0;-0,20;3,50;20;1,70;2,20;
2026-06-24 06:36:00.0;OFF;ON;50;2;4,40;1,90;2,70;97,80;0;-0,20;3,50;20;1,70;2,20;
2026-06-24 06:37:00.0;OFF;ON;50;2,10;4,40;1,90;2,70;97,80;0;-0,20;3,50;20;1,70;2,20;
2026-06-24 06:38:00.0;OFF;ON;50;2,10;4,40;1,90;2,70;97,80;0;-0,30;3,50;20;1,70;2,20;
2026-06-24 06:39:00.0;OFF;ON;50;2,20;4,40;1,90;2,70;97,80;0;-0,30;3,50;20;1,70;2,20;
2026-06-24 06:40:00.0;OFF;ON;50;2,20;4,40;1,90;2,60;97,80;0;-0,30;3,50;20;1,70;2,20;
2026-06-24 06:41:00.0;OFF;ON;50;2,10;4,40;1,90;2,60;97,70;0;-0,20;3,50;20;1,80;2,20;
2026-06-24 06:42:00.0;OFF;ON;50;2,10;4,40;1,90;2,60;97,80;0;-0,20;3,50;20;1,80;2,20;
2026-06-24 06:43:00.0;OFF;ON;50;2,20;4,40;1,90;2,60;97,80;0;-0,30;3,50;20;1,80;2,20;
2026-06-24 06:44:00.0;OFF;ON;50;2,20;4,40;1,90;2,60;97,80;0;-0,30;3,50;20;1,80;2,30;
2026-06-24 06:45:00.0;OFF;ON;50;2,10;4,40;1,90;2,60;97,80;0;-0,20;3,50;20;1,80;2,30;
2026-06-24 06:46:00.0;OFF;ON;50;2,10;4,50;2;2,60;97,80;0;-0,10;3,50;20;1,80;2,30;
2026-06-24 06:47:00.0;OFF;ON;50;2,20;4,50;2;2,60;97,80;0;-0,20;3,50;20;1,80;2,30;
2026-06-24 06:48:00.0;OFF;ON;50;2,30;4,50;2;2,50;97,80;0;-0,30;3,50;20;1,80;2,30;
2026-06-24 06:49:00.0;OFF;ON;50;2,20;4,50;2;2,50;97,80;0;-0,20;3,50;20;1,80;2,30;
2026-06-24 06:50:00.0;OFF;ON;50;2,30;4,50;2;2,50;97,80;0;-0,30;3,50;20;1,80;2,30;
2026-06-24 06:51:00.0;OFF;ON;50;2,30;4,50;2;2,50;97,80;0;-0,20;3,50;20;1,90;2,30;
2026-06-24 06:52:00.0;OFF;ON;50;2,20;4,50;2;2,50;97,80;0;-0,20;3,50;20;1,90;2,30;
2026-06-24 06:53:00.0;OFF;ON;50;2,30;4,50;2,10;2,50;97,80;0;-0,30;3,50;20;1,90;2,30;
2026-06-24 06:54:00.0;OFF;ON;50;2,30;4,60;2,10;2,50;97,80;0;-0,30;3,50;20;1,90;2,30;
2026-06-24 06:55:00.0;OFF;ON;50;2,30;4,60;2,10;2,50;97,80;0;-0,20;3,50;20;1,90;2,30;
2026-06-24 06:56:00.0;OFF;ON;50;2,20;4,60;2,10;2,40;97,80;0;-0,10;3,50;20;1,90;2,40;
2026-06-24 06:57:00.0;OFF;ON;50;2,20;4,60;2,10;2,40;97,80;0;-0,10;3,50;20;1,90;2,40;
2026-06-24 06:58:00.0;OFF;ON;50;2,30;4,60;2,10;2,40;97,80;0;-0,20;3,50;20;1,90;2,40;
2026-06-24 06:59:00.0;OFF;ON;50;2,40;4,60;2,10;2,40;97,80;0;-0,30;3,50;20;1,90;2,40;
2026-06-24 07:00:00.0;OFF;ON;50;2,40;4,60;2,10;2,40;97,80;0;-0,30;3,50;20;1,90;2,40;
2026-06-24 07:01:00.0;OFF;ON;50;2,40;4,60;2,10;2,40;97,80;0;-0,30;3,50;20;1,90;2,40;
2026-06-24 07:02:00.0;OFF;ON;50;2,30;4,60;2,10;2,40;97,80;0;-0,20;3,50;20;1,90;2,40;
2026-06-24 07:03:00.0;OFF;ON;50;2,40;4,60;2,10;2,40;97,80;0;-0,30;3,50;20;1,90;2,40;
2026-06-24 07:04:00.0;OFF;ON;50;2,30;4,60;2,10;2,40;97,80;0;-0,20;3,50;20;1,90;2,40;
2026-06-24 07:05:00.0;OFF;ON;50;2,30;4,60;2,10;2,30;97,70;0;-0,20;3,50;20;1,90;2,40;
2026-06-24 07:06:00.0;OFF;ON;50;2,40;4,60;2,10;2,30;97,70;0;-0,30;3,50;20;1,90;2,40;
2026-06-24 07:07:00.0;OFF;ON;50;2,30;4,60;2,10;2,30;97,70;0;-0,20;3,50;20;1,90;2,40;
2026-06-24 07:08:00.0;OFF;ON;50;2,40;4,60;2,10;2,30;97,70;0;-0,20;3,50;20;1,90;2,40;
2026-06-24 07:09:00.0;OFF;ON;50;2,20;4,60;2,10;2,30;97,70;0;-0,10;3,50;20;2;2,40;
2026-06-24 07:10:00.0;OFF;ON;50;2,40;4,60;2,10;2,30;97,70;0;-0,20;3,50;20;2;2,40;
2026-06-24 07:11:00.0;OFF;ON;50;2,30;4,60;2,10;2,30;97,70;0;-0,20;3,50;20;2;2,40;
2026-06-24 07:12:00.0;OFF;ON;50;2,40;4,60;2,10;2,30;97,70;0;-0,20;3,50;20;2;2,40;
2026-06-24 07:13:00.0;OFF;ON;50;2,30;4,60;2,10;2,20;97,70;0;-0,20;3,50;20;2;2,40;
2026-06-24 07:14:00.0;OFF;ON;50;2,30;4,60;2,20;2,20;97,70;0;-0,20;3,50;20;2;2,40;
2026-06-24 07:15:00.0;OFF;ON;50;2,30;4,60;2,10;2,20;97,70;0;-0,20;3,50;20;2;2,40;
2026-06-24 07:16:00.0;OFF;ON;50;2,30;4,70;2,20;2,20;97,70;0;-0,10;3,50;20;2;2,50;
2026-06-24 07:17:00.0;OFF;ON;50;2,40;4,70;2,20;2,20;97,70;0;-0,20;3,50;20;2;2,50;
2026-06-24 07:18:00.0;OFF;ON;50;2,30;4,70;2,20;2,20;97,70;0;-0,20;3,50;20;2;2,50;
2026-06-24 07:19:00.0;OFF;ON;50;2,40;4,70;2,20;2,20;97,70;0;-0,20;3,50;20;2;2,50;
2026-06-24 07:20:00.0;OFF;ON;50;2,40;4,70;2,20;2,20;97,70;0;-0,20;3,50;20;2;2,50;
2026-06-24 07:21:00.0;OFF;ON;50;2,40;4,70;2,20;2,20;97,70;0;-0,20;3,50;20;2;2,50;
2026-06-24 07:22:00.0;OFF;ON;50;2,40;4,70;2,20;2,10;97,70;0;-0,20;3,50;20;2;2,50;
2026-06-24 07:23:00.0;OFF;ON;50;2,60;4,70;2,20;2,10;97,70;0;-0,40;3,50;20;2;2,50;
2026-06-24 07:24:00.0;OFF;ON;50;2,50;4,70;2,20;2,10;97,70;0;-0,30;3,50;20;2,10;2,60;
2026-06-24 07:25:00.0;OFF;ON;50;2,60;4,70;2,20;2,10;97,70;0;-0,30;3,50;20;2,10;2,60;
2026-06-24 07:26:00.0;OFF;ON;50;2,60;4,70;2,20;2,10;97,70;0;-0,40;3,50;20;2,10;2,60;
2026-06-24 07:27:00.0;OFF;ON;50;2,60;4,70;2,20;2,10;97,70;0;-0,30;3,50;20;2,10;2,60;
2026-06-24 07:28:00.0;OFF;ON;50;2,60;4,80;2,30;2,10;97,70;0;-0,30;3,50;20;2,10;2,60;
2026-06-24 07:29:00.0;OFF;ON;50;2,60;4,80;2,30;2,10;97,80;0;-0,40;3,50;20;2,10;2,70;
2026-06-24 07:30:00.0;OFF;ON;50;2,70;4,80;2,30;2,10;97,80;0;-0,40;3,50;20;2,10;2,70;
2026-06-24 07:31:00.0;OFF;ON;50;2,70;4,80;2,30;2;97,80;0;-0,40;3,50;20;2,10;2,70;
2026-06-24 07:32:00.0;OFF;ON;50;2,70;4,80;2,30;2;97,80;0;-0,40;3,50;20;2,20;2,70;
2026-06-24 07:33:00.0;OFF;ON;50;2,70;4,80;2,30;2;97,80;0;-0,30;3,50;20;2,20;2,70;
2026-06-24 07:34:00.0;OFF;ON;50;2,80;4,90;2,40;2;97,80;0;-0,40;3,50;20;2,20;2,70;
2026-06-24 07:35:00.0;OFF;ON;50;2,80;4,90;2,40;2;97,90;0;-0,40;3,50;20;2,20;2,80;
2026-06-24 07:36:00.0;OFF;ON;50;2,80;4,90;2,40;2;97,90;0;-0,40;3,50;20;2,20;2,80;
2026-06-24 07:37:00.0;OFF;ON;50;2,80;4,90;2,40;2;97,90;0;-0,40;3,50;20;2,20;2,80;
2026-06-24 07:38:00.0;OFF;ON;50;3;4,90;2,40;2;97,90;0;-0,50;3,50;20;2,30;2,80;
2026-06-24 07:39:00.0;OFF;ON;50;2,90;4,90;2,40;2;97,90;0;-0,50;3,50;20;2,30;2,90;
2026-06-24 07:40:00.0;OFF;ON;50;2,90;5;2,50;2;98;0;-0,40;3,50;20;2,30;2,90;
2026-06-24 07:41:00.0;OFF;ON;50;2,90;5;2,50;2;98;0;-0,40;3,50;20;2,30;2,90;
2026-06-24 07:42:00.0;OFF;ON;50;3;5;2,50;1,90;98;0;-0,50;3,50;20;2,30;2,90;
2026-06-24 07:43:00.0;OFF;ON;50;3;5;2,50;1,90;98;0;-0,50;3,50;20;2,30;2,90;
2026-06-24 07:44:00.0;OFF;ON;50;3;5;2,50;1,90;98;0;-0,50;3,50;20;2,40;3;
2026-06-24 07:45:00.0;OFF;ON;50;2,90;5;2,50;1,90;98,10;0;-0,40;3,50;20;2,40;3;
2026-06-24 07:46:00.0;OFF;ON;50;3;5;2,50;1,90;98,10;0;-0,50;3,50;20;2,40;3;
2026-06-24 07:47:00.0;OFF;ON;50;3,10;5,10;2,60;1,90;98,10;0;-0,60;3,50;20;2,40;3;
2026-06-24 07:48:00.0;OFF;ON;50;3;5,10;2,60;1,90;98,10;0;-0,40;3,50;20;2,40;3;
2026-06-24 07:49:00.0;OFF;ON;50;3;5,10;2,60;1,90;98,10;0;-0,40;3,50;20;2,40;3;
2026-06-24 07:50:00.0;OFF;ON;50;3,20;5,10;2,60;1,90;98,10;0;-0,60;3,50;20;2,40;3;
2026-06-24 07:51:00.0;OFF;ON;50;3,10;5,10;2,60;1,90;98,10;0;-0,50;3,50;20;2,40;3;
2026-06-24 07:52:00.0;OFF;ON;50;3,10;5,10;2,60;1,90;98,10;0;-0,50;3,50;20;2,50;3,10;
2026-06-24 07:53:00.0;OFF;ON;50;3,10;5,10;2,60;1,80;98,10;0;-0,50;3,50;20;2,50;3,10;
2026-06-24 07:54:00.0;OFF;ON;50;3,20;5,10;2,60;1,80;98,10;0;-0,60;3,50;20;2,50;3,10;
2026-06-24 07:55:00.0;OFF;ON;50;3,10;5,10;2,60;1,80;98,10;0;-0,50;3,50;20;2,50;3,10;
2026-06-24 07:56:00.0;OFF;ON;50;3,20;5,10;2,70;1,80;98,10;0;-0,60;3,50;20;2,50;3,10;
2026-06-24 07:57:00.0;OFF;ON;50;3,10;5,20;2,70;1,80;98,10;0;-0,50;3,50;20;2,50;3,10;
2026-06-24 07:58:00.0;OFF;ON;50;3,30;5,20;2,70;1,80;98,10;0;-0,60;3,50;20;2,50;3,10;
2026-06-24 07:59:00.0;OFF;ON;50;3,20;5,20;2,70;1,60;98,10;0;-0,50;3,50;20;2,50;3,10;
2026-06-24 08:00:00.0;OFF;ON;50;3,20;5,20;2,70;1;98,10;12,10;-0,50;3,50;20;2,50;3,20;
2026-06-24 08:01:00.0;OFF;ON;50;3,30;5,20;2,70;0,60;98,10;1,50;-0,60;3,50;20;2,60;3,20;
2026-06-24 08:02:00.0;OFF;ON;50;3,40;5,20;2,80;0,30;98,10;4,70;-0,60;3,50;20;2,60;3,20;
2026-06-24 08:03:00.0;OFF;ON;50;3,40;5,30;2,80;0,20;98,10;0;-0,70;3,50;20;2,60;3,20;
2026-06-24 08:04:00.0;OFF;ON;50;3,40;5,30;2,80;0,20;98,10;0;-0,60;3,50;20;2,60;3,30;
2026-06-24 08:05:00.0;OFF;ON;50;3,40;5,30;2,80;0,10;98,10;0;-0,60;3,50;20;2,70;3,30;
2026-06-24 08:06:00.0;OFF;ON;50;3,40;5,30;2,80;0,20;98,10;0;-0,50;3,50;20;2,70;3,30;
2026-06-24 08:07:00.0;OFF;ON;50;3,40;5,30;2,80;0,20;98,10;0;-0,60;3,50;20;2,70;3,30;
2026-06-24 08:08:00.0;OFF;ON;50;3,40;5,40;2,90;0,20;98,10;0;-0,50;3,50;20;2,70;3,30;
2026-06-24 08:09:00.0;OFF;ON;50;3,60;5,40;2,90;0,20;98,10;0;-0,70;3,50;20;2,70;3,40;
2026-06-24 08:10:00.0;OFF;ON;50;3,50;5,40;2,90;0,20;98,10;0;-0,50;3,50;20;2,70;3,40;
2026-06-24 08:11:00.0;OFF;ON;50;3,60;5,40;2,90;0,20;98,10;0;-0,70;3,50;20;2,80;3,40;
2026-06-24 08:12:00.0;OFF;ON;50;3,50;5,40;2,90;0,20;98,10;0;-0,60;3,50;20;2,80;3,40;
2026-06-24 08:13:00.0;OFF;ON;50;3,50;5,40;2,90;0,30;98,20;0;-0,60;3,50;20;2,80;3,40;
2026-06-24 08:14:00.0;OFF;ON;50;3,60;5,50;3;0,30;98,20;0;-0,60;3,50;20;2,80;3,50;
2026-06-24 08:15:00.0;OFF;ON;50;3,60;5,50;3;0,20;98,20;0;-0,70;3,50;20;2,80;3,50;
2026-06-24 08:16:00.0;OFF;ON;50;3,60;5,50;3;0,20;98,20;0;-0,60;3,50;20;2,80;3,50;
2026-06-24 08:17:00.0;OFF;ON;50;3,60;5,50;3;0,20;98,20;0;-0,60;3,50;20;2,90;3,50;
2026-06-24 08:18:00.0;OFF;ON;50;3,60;5,50;3;0,20;98,20;0;-0,60;3,50;20;2,90;3,50;
2026-06-24 08:19:00.0;OFF;ON;50;3,70;5,50;3;0,20;98,20;0;-0,70;3,50;20;2,90;3,50;
2026-06-24 08:20:00.0;OFF;ON;50;3,70;5,50;3;0,20;98,20;0;-0,70;3,50;20;2,90;3,60;
2026-06-24 08:21:00.0;OFF;ON;50;3,70;5,50;3,10;0,20;98,20;0;-0,60;3,50;37,40;2,90;3,60;
2026-06-24 08:22:00.0;OFF;ON;50;3,60;1,10;3,10;0,30;98,20;0;-0,50;2;39,60;2,90;3,60;
2026-06-24 08:23:00.0;OFF;ON;50;3,70;1,10;3,10;0,30;98,20;0;-0,60;2;46,90;2,90;3,60;
2026-06-24 08:24:00.0;OFF;ON;50;3,70;1,10;3,10;0,30;98,20;0;-0,60;2;52,50;2,90;3,60;
2026-06-24 08:25:00.0;OFF;ON;50;3,60;1,10;3,10;0,30;98,20;0;-0,50;2;55,50;2,90;3,60;
2026-06-24 08:26:00.0;OFF;ON;50;3,60;1,10;3,10;0,30;98,20;0;-0,50;2;60,60;2,90;3,60;
2026-06-24 08:27:00.0;OFF;ON;50;3,50;1,10;3,10;0,30;98,20;0;-0,40;2;65;2,90;3,60;
2026-06-24 08:28:00.0;ON;OFF;50;3,60;1,10;3,10;0,30;98,20;0;-0,50;2;69,50;2,90;3,50;
2026-06-24 08:29:00.0;ON;OFF;50;3,50;1,10;3,10;0,30;98,20;0;-0,40;2;74;2,90;3,50;
2026-06-24 08:30:00.0;ON;OFF;50;3,50;1,10;3,10;0,30;98,20;0;-0,40;2;79,10;2,90;3,50;
2026-06-24 08:31:00.0;ON;OFF;50;3,50;1,10;3,20;0,30;98,20;0;-0,30;2;82,40;3,20;3,60;
2026-06-24 08:32:00.0;ON;OFF;50;3,70;1,20;3,30;0,30;98,20;0;-0,40;2;88,80;3,20;3,60;
2026-06-24 08:33:00.0;ON;OFF;50;3,70;1,30;3,30;0,30;98,20;0;-0,40;2;93;3,20;3,60;
2026-06-24 08:34:00.0;ON;OFF;50;3,60;1,30;3,30;0,50;98,20;0;-0,30;2;97,40;3,20;3,70;
2026-06-24 08:35:00.0;ON;OFF;50;3,70;1,30;3,40;0,80;98,20;0;-0,30;2;100;3,10;3,70;
2026-06-24 08:36:00.0;ON;OFF;50;3,80;1,40;3,40;3,80;98,20;0;-0,40;2;100;3,10;3,70;
2026-06-24 08:37:00.0;ON;OFF;50;3,80;1,40;3,30;2,50;98,20;0;-0,50;2;100;3,10;3,70;
2026-06-24 08:38:00.0;ON;OFF;50;3,80;1,30;3,30;1,80;98,20;0;-0,50;2;99,60;3,20;3,70;
2026-06-24 08:39:00.0;ON;OFF;50;3,80;1,30;3,30;1,50;98,20;0;-0,50;2;99,50;3,20;3,70;
2026-06-24 08:40:00.0;ON;OFF;50;3,80;1,30;3,30;1,40;98,20;0;-0,50;2;99,50;3,20;3,80;
2026-06-24 08:41:00.0;ON;OFF;50;3,90;1,30;3,30;1,30;98,20;0;-0,60;2;100;3,20;3,80;
2026-06-24 08:42:00.0;ON;OFF;50;4;1,30;3,30;1,20;98,20;0;-0,60;2;100;3,20;3,80;
2026-06-24 08:43:00.0;ON;OFF;50;3,90;1,30;3,30;1,20;98,20;0;-0,60;2;99,50;3,20;3,80;
2026-06-24 08:44:00.0;ON;OFF;50;4;1,40;3,40;1,10;98,20;0;-0,60;2;100;3,20;3,80;
2026-06-24 08:45:00.0;ON;OFF;50;4,10;1,40;3,40;1,10;98,20;0;-0,70;2;100;3,30;3,90;
2026-06-24 08:46:00.0;ON;OFF;50;4,10;1,40;3,40;1,10;98,20;0;-0,70;2;100;3,30;3,90;
2026-06-24 08:47:00.0;ON;OFF;50;4,10;1,40;3,40;1,10;98,20;0;-0,70;2;100;3,30;3,90;
2026-06-24 08:48:00.0;ON;OFF;50;4,10;1,40;3,40;1;98,20;0;-0,60;2;99,70;3,30;3,90;
2026-06-24 08:49:00.0;ON;OFF;50;4,20;1,40;3,50;1;98,20;0;-0,70;2;100;3,30;4;
2026-06-24 08:50:00.0;ON;OFF;50;4,20;1,50;3,50;1;98,20;0;-0,70;2;100;3,40;4;
2026-06-24 08:51:00.0;ON;OFF;50;4,20;1,50;3,50;1;98,20;0;-0,70;2;100;3,40;4;
2026-06-24 08:52:00.0;ON;OFF;50;4,20;1,50;3,50;1;98,20;0;-0,70;2;100;3,40;4;
2026-06-24 08:53:00.0;ON;OFF;50;4,30;1,50;3,50;1;98,20;0;-0,70;2;100;3,40;4,10;
2026-06-24 08:54:00.0;ON;OFF;50;4,20;1,60;3,60;1;98,20;0;-0,70;2;99,60;3,40;4,10;
2026-06-24 08:55:00.0;ON;OFF;50;4,30;1,60;3,60;1;98,20;0;-0,70;2;100;3,50;4,10;
2026-06-24 08:56:00.0;ON;OFF;50;4,30;1,60;3,60;1;98,20;0;-0,70;2;100;3,50;4,10;
2026-06-24 08:57:00.0;ON;OFF;50;3,90;1,60;3,60;1;98,20;0;-0,30;2;99;3,50;4,20;
2026-06-24 08:58:00.0;ON;OFF;50;4;1,60;3,60;1;98,20;0;-0,40;2;100;3,50;4,20;
2026-06-24 08:59:00.0;ON;OFF;50;3,40;1,60;3,60;1;98,20;0;0,20;2;97,50;3,50;4;
2026-06-24 09:00:00.0;ON;OFF;50;3;1,60;3,50;1;98,20;0;0,50;2;99,70;3,40;3,90;
2026-06-24 09:01:00.0;ON;OFF;50;1,20;1,50;3,40;0,90;98,20;0;2,20;2;89,70;3,20;3,50;
2026-06-24 09:02:00.0;ON;OFF;50;1,20;1,40;3,20;0,90;98,20;0;2;2;90,80;3,10;3,10;
2026-06-24 09:03:00.0;ON;OFF;50;0,40;1;2,80;0,70;98,20;0;2,40;2;88,80;2,70;2,60;
2026-06-24 09:04:00.0;ON;OFF;50;0,70;0,80;2,60;0,60;98,10;0;2;2;91,80;2,60;2,30;
2026-06-24 09:05:00.0;ON;OFF;50;0,50;0,50;2,50;0,50;97,90;0;2;2;91;2,40;2;
2026-06-24 09:06:00.0;ON;OFF;50;0;0,30;2,10;0,20;97,40;0;2,10;2;90,30;2;1,50;
2026-06-24 09:07:00.0;ON;OFF;50;-0,20;-0,10;1,90;0,10;97;0;2,10;2;90,30;1,80;1,20;
2026-06-24 09:08:00.0;ON;OFF;50;-0,70;-0,30;1,50;-0,10;96,10;0;2,20;2;88,50;1,50;0,70;
2026-06-24 09:09:00.0;ON;OFF;50;-0,70;-0,70;1,30;-0,20;95,50;0;2;2;89;1,30;0,50;
2026-06-24 09:10:00.0;ON;OFF;50;-1;-0,80;1;-0,30;94,20;0;2;2;87,70;1;0,10;
2026-06-24 09:11:00.0;ON;OFF;50;-1,30;-1,20;0,80;-0,40;93,60;0;2,10;2;87;0,80;-0,10;
2026-06-24 09:12:00.0;ON;OFF;50;-2,30;-1,30;0,50;-0,70;92,30;0;2,70;2;81,30;0,50;-0,50;
2026-06-24 09:13:00.0;ON;OFF;50;-2,40;-1,50;0,30;-0,80;91,90;0;2,70;2;80,80;0,30;-0,60;
2026-06-24 09:14:00.0;ON;OFF;50;-2,80;-1,80;0,10;-1;91,20;0;2,90;2;78,40;0,10;-0,90;
2026-06-24 09:15:00.0;ON;OFF;50;-3;-2;-0,10;-1,20;90,90;0;2,90;2;76,80;-0,10;-1;
2026-06-24 09:16:00.0;ON;OFF;50;-2,40;-2,10;-0,20;-1,20;90,60;0;2,20;2;80,80;-0,20;-1,20;
2026-06-24 09:17:00.0;ON;OFF;50;-3,40;-2,20;-0,20;-1,30;90,70;0;3,10;2;73,60;-0,20;-1,30;
2026-06-24 09:18:00.0;ON;OFF;50;-2,80;-2,30;-0,30;-1,50;91,20;0;2,60;2;74,70;-0,20;-0,70;
2026-06-24 09:19:00.0;ON;OFF;50;-3,80;-2,30;-0,20;-1,50;91,50;0;3,60;2;66,60;-0,20;-0,50;
2026-06-24 09:20:00.0;ON;OFF;50;-3,30;-2,20;-0,20;-1,60;91,80;0;3,10;2;67,90;-0,10;-0,50;
2026-06-24 09:21:00.0;ON;OFF;50;-2,20;-2,20;-0,20;-1,70;92;0;2;2;73,40;-0,10;-0,70;
2026-06-24 09:22:00.0;ON;OFF;50;-2,70;-2,30;-0,40;-1,90;91,80;0;2,30;2;71,30;-0,30;-0,80;
2026-06-24 09:23:00.0;ON;OFF;50;-2,50;-2,40;-0,40;-1,90;92,10;0;2,10;2;72,50;-0,30;-0,90;
2026-06-24 09:24:00.0;ON;OFF;50;-2,70;-2,40;-0,40;-2;92,10;0;2,30;2;71;-0,40;-1;
2026-06-24 09:25:00.0;ON;OFF;50;-2,80;-2,40;-0,50;-2,10;92,20;0;2,30;2;70,30;-0,40;-1,10;
2026-06-24 09:26:00.0;ON;OFF;50;-2,40;-2,50;-0,50;-2,10;92,30;0;1,90;2;72,90;-0,40;-1,10;
2026-06-24 09:27:00.0;ON;OFF;50;-2,80;-2,50;-0,60;-2,30;92,30;0;2,20;2;70,70;-0,50;-1,20;
2026-06-24 09:28:00.0;ON;OFF;50;-2,50;-2,60;-0,60;-2,30;92,30;0;1,90;2;72,60;-0,50;-1,30;
2026-06-24 09:29:00.0;ON;OFF;50;-2,40;-2,60;-0,70;-2,40;92,30;0;2;2;72,20;-0,60;-1,30;
2026-06-24 09:30:00.0;ON;OFF;50;-2,60;-2,70;-0,60;-2,40;92,40;0;2;2;72,20;-0,30;-1,30;
2026-06-24 09:31:00.0;ON;OFF;50;-2,40;-2,50;-0,50;-2,50;93;0;2;2;71,80;-0,10;-1,30;
2026-06-24 09:32:00.0;ON;OFF;50;-2,40;-2,30;-0,20;-2,50;94,50;0;2,20;2;69,20;0,10;-1,20;
2026-06-24 09:33:00.0;ON;OFF;50;-2,50;-2,20;-0,20;-2,50;94,80;0;2,30;2;68,10;0;-1,20;
2026-06-24 09:34:00.0;ON;OFF;50;-2,30;-2,20;-0,20;-2,40;95,40;0;2,20;2;68,10;0;-1,10;
2026-06-24 09:35:00.0;ON;OFF;50;-2,30;-2,20;-0,10;-2,40;95,80;0;2,30;2;67;0;-1,10;
2026-06-24 09:36:00.0;ON;OFF;50;-2,10;-2;0;-2,30;96,10;0;2,10;2;67,50;0,10;-1,10;
2026-06-24 09:37:00.0;ON;OFF;50;-2,40;-1,90;0,20;-2,20;96,50;0;2,60;2;63,30;0,10;-1;
2026-06-24 09:38:00.0;ON;OFF;50;-2;-1,80;0,20;-2;97;111,20;2,30;2;64,90;0,10;-0,90;
2026-06-24 09:39:00.0;ON;OFF;50;-2;-1,80;0,30;-1,80;97,20;111,30;2,30;2;64,40;0,20;-0,90;
2026-06-24 09:40:00.0;ON;OFF;50;-2,10;-1,60;0,40;-1,70;97,50;111,30;2,50;2;62,30;0,20;-0,80;
2026-06-24 09:41:00.0;ON;OFF;50;-1,60;-1,50;0,50;-1,60;97,70;111,40;2,10;2;64,20;0,20;-0,80;
2026-06-24 09:42:00.0;ON;OFF;50;-2;-1,40;0,60;-1,50;97,90;111,40;2,60;2;60,60;0,40;-0,70;
2026-06-24 09:43:00.0;ON;OFF;50;-1,60;-1,20;0,80;-1,30;98,10;111,60;2,40;2;61,20;0,50;-0,60;
2026-06-24 09:44:00.0;ON;OFF;50;-1,40;-1,10;1;-1;98,10;111,50;2,40;2;59,90;0,60;-0,50;
2026-06-24 09:45:00.0;ON;OFF;50;-1,50;-1;1,10;-0,90;98,10;111,50;2,60;2;57,90;0,60;-0,50;
2026-06-24 09:46:00.0;ON;OFF;50;-1;-0,90;1,20;-0,80;98,10;111,50;2,20;2;59,80;0,60;-0,40;
2026-06-24 09:47:00.0;ON;OFF;50;-1;-0,80;1,30;-0,60;98,10;111,40;2,30;2;58,40;0,70;-0,30;
2026-06-24 09:48:00.0;ON;OFF;50;-0,90;-0,60;1,40;-0,50;98,10;111,40;2,30;2;58;0,80;-0,20;
2026-06-24 09:49:00.0;ON;OFF;50;-0,80;-0,40;1,60;-0,30;98,10;111,30;2,50;2;56,20;1,20;-0,20;
2026-06-24 09:50:00.0;ON;OFF;50;-0,80;-0,30;1,70;-0,20;98,10;111,30;2,50;2;55,40;1,20;-0,10;
2026-06-24 09:51:00.0;ON;OFF;50;-0,60;-0,20;1,90;0,20;98,10;111,30;2,50;2;53,80;1,20;0;
2026-06-24 09:52:00.0;ON;OFF;50;-0,60;-0,10;2;0,40;98,10;111,20;2,60;2;52;1,30;0,10;
2026-06-24 09:53:00.0;ON;OFF;50;-0,30;0;2,10;0,60;98,10;111,30;2,50;2;52,30;1,30;0,10;
2026-06-24 09:54:00.0;ON;OFF;50;0,10;0,20;2,30;0,90;98,10;111,20;2,20;2;53,90;1,20;0,20;
2026-06-24 09:55:00.0;ON;OFF;50;1,10;0,30;2,40;1;98,10;111,20;1,30;2;59,80;1,40;0,20;
2026-06-24 09:56:00.0;ON;OFF;50;1,40;0,50;2,60;1,40;98,10;111,20;1,20;2;62,60;1,40;0,20;
2026-06-24 09:57:00.0;ON;OFF;50;1,70;0,70;2,80;1,60;98,10;111,20;1,10;2;64,10;1,60;0,30;
2026-06-24 09:58:00.0;ON;OFF;50;1,90;1;3,20;2;98,10;111,20;1,30;2;64,30;1,80;0,60;
2026-06-24 09:59:00.0;ON;OFF;50;1,90;1,40;3,40;2,20;98,10;111,20;1,50;2;63,90;2;0,90;
2026-06-24 10:00:00.0;ON;OFF;50;1,90;1,60;3,70;22,50;98,10;111,50;1,80;2;62,60;2,20;1,60;
2026-06-24 10:01:00.0;ON;OFF;50;2;1,90;4;39,20;98,10;111,60;2,10;2;61;2,60;2,20;
2026-06-24 10:02:00.0;ON;OFF;50;2;2;4,30;41;98,10;111,50;2,40;2;58,10;2,90;2,40;
2026-06-24 10:03:00.0;ON;OFF;50;2;2,40;4,40;41,50;98,10;111,50;2,40;2;57,50;3;2,50;
2026-06-24 10:04:00.0;ON;OFF;50;1,90;2,60;4,60;42;98,10;111,50;2,70;2;54,60;3,10;2,70;
2026-06-24 10:05:00.0;ON;OFF;50;2,40;2,90;5;42,40;98,20;111,40;2,60;2;54;3,30;2,90;
2026-06-24 10:06:00.0;ON;OFF;50;2,40;3,10;5,30;42,60;98,20;111,40;2,90;2;50,30;3,70;3,10;
2026-06-24 10:07:00.0;ON;OFF;50;2,90;3,30;5,40;42,70;98,20;111,30;2,50;2;51,90;3,70;3,20;
2026-06-24 10:08:00.0;ON;OFF;50;2,90;3,50;5,50;42,80;98,20;111,30;2,60;2;50,80;3,70;3,30;
2026-06-24 10:09:00.0;ON;OFF;50;3,20;3,60;5,70;42,90;98,20;111,30;2,60;2;49;3,80;3,50;
2026-06-24 10:10:00.0;ON;OFF;50;3,20;3,80;5,80;42,90;98,20;111,30;2,60;2;48,30;3,90;3,60;
2026-06-24 10:11:00.0;ON;OFF;50;3,30;4;6,10;43;98,20;111,30;2,70;2;45,60;4,30;3,90;
2026-06-24 10:12:00.0;ON;OFF;50;4,20;4,30;6,30;43;98,20;111,30;2,10;2;49,50;4,40;4,20;
2026-06-24 10:13:00.0;ON;OFF;50;4,80;4,30;6,50;43,10;98,20;111,30;1,80;2;51,20;4,70;4,50;
2026-06-24 10:14:00.0;ON;OFF;50;5,10;4,60;6,80;43,10;98,20;111,30;1,70;2;52,40;4,90;4,80;
2026-06-24 10:15:00.0;ON;OFF;50;5,50;5;7,20;43,10;98,20;111,20;1,70;2;53,30;5,40;5,40;
2026-06-24 10:16:00.0;ON;OFF;50;5,80;5,30;7,50;43,10;98,20;111,30;1,70;2;53,60;5,90;5,70;
2026-06-24 10:17:00.0;ON;OFF;50;5,70;5,60;7,60;43,10;98,20;111,30;1,90;2;52,20;6;6;
2026-06-24 10:18:00.0;ON;OFF;50;5,90;5,60;7,90;43,10;98,20;111,30;2;2;51,40;6,30;6,20;
2026-06-24 10:19:00.0;ON;OFF;50;6;6;8;43,10;98,20;111,30;2;2;52,30;6,50;6,30;
2026-06-24 10:20:00.0;ON;OFF;50;5,90;6,20;8,20;43,20;98,30;111,30;2,30;2;49,60;6,80;6,50;
2026-06-24 10:21:00.0;ON;OFF;50;5,70;6,30;8,40;43,20;98,30;111,30;2,70;2;45,70;6,90;6,60;
2026-06-24 10:22:00.0;ON;OFF;50;5,70;6,40;8,50;43,20;98,30;111,30;2,70;2;43,90;7,10;6,60;
2026-06-24 10:23:00.0;ON;OFF;50;5,50;6,50;8,50;43,20;98,30;111,30;2,90;2;41;7;6,50;
2026-06-24 10:24:00.0;ON;OFF;50;5,70;6,50;8,60;43,20;98,30;111,30;2,90;2;40,20;7,20;6,50;
2026-06-24 10:25:00.0;ON;OFF;50;6;6,60;8,60;43,20;98,30;111,30;2,60;2;40,30;7,40;6,70;
2026-06-24 10:26:00.0;ON;OFF;50;6;6,60;8,80;43,10;98,30;111,30;2,80;2;37,80;7,50;6,90;
2026-06-24 10:27:00.0;ON;OFF;50;6,30;6,90;8,90;43,10;98,30;111,30;2,60;2;37,90;7,60;6,90;
2026-06-24 10:28:00.0;ON;OFF;50;6,50;7,10;9,10;43,10;98,30;111,30;2,60;2;36,90;7,80;7,10;
2026-06-24 10:29:00.0;ON;OFF;50;7,10;7,10;9,20;43,10;98,30;111,30;2,20;2;39;8;7,50;
2026-06-24 10:30:00.0;ON;OFF;50;7,10;7,20;9,40;43,10;98,30;111,30;2,30;2;38,10;8,10;7,60;
2026-06-24 10:31:00.0;ON;OFF;50;7,20;7,50;9,60;43,10;98,30;111,30;2,40;2;36,90;8,30;7,80;
2026-06-24 10:32:00.0;ON;OFF;50;7,80;7,70;9,70;43,10;98,30;111,30;1,90;2;40;8,40;8;
2026-06-24 10:33:00.0;ON;OFF;50;8,10;7,90;10;43,10;98,30;111,30;2;2;40;8,90;8,20;
2026-06-24 10:34:00.0;ON;OFF;50;8,30;8;10,20;43,10;98,30;111,30;1,90;2;40,50;9,10;8,60;
2026-06-24 10:35:00.0;ON;OFF;50;8,50;8,30;10,40;43,10;98,30;111,30;1,90;2;40,50;9,50;8,80;
2026-06-24 10:36:00.0;ON;OFF;50;8,60;8,40;10,60;43,10;98,40;111,30;2;2;39,60;9,60;9;
2026-06-24 10:37:00.0;ON;OFF;50;9,10;8,70;10,80;43;98,40;111,30;1,70;2;42;9,80;9,20;
2026-06-24 10:38:00.0;ON;OFF;50;9,10;8,80;10,90;43;98,40;111,30;1,80;2;41,70;9,90;9,30;
2026-06-24 10:39:00.0;ON;OFF;50;9,10;9;11,10;43;98,40;111,30;2;2;41,10;10,20;9,60;
2026-06-24 10:40:00.0;ON;OFF;50;9,20;9,10;11,30;43;98,40;111,30;2;2;40,10;10,40;9,80;
2026-06-24 10:41:00.0;ON;OFF;50;9,50;9,40;11,40;43;98,40;111,30;1,80;2;41,70;10,50;9,80;
2026-06-24 10:42:00.0;ON;OFF;50;9,70;9,50;11,60;43;98,40;111,30;2;2;41,40;10,90;10,10;
2026-06-24 10:43:00.0;ON;OFF;50;9,90;9,70;11,80;42,90;98,40;111,30;1,90;2;41,70;11,20;10,30;
2026-06-24 10:44:00.0;ON;OFF;50;10,10;9,90;12;42,90;98,40;111,30;1,90;2;42;11,30;10,50;
2026-06-24 10:45:00.0;ON;OFF;50;10,40;10;12,20;42,90;98,40;111,30;1,70;2;43,30;11,50;10,70;
2026-06-24 10:46:00.0;ON;OFF;50;10,50;10,20;12,30;42,90;98,40;111,30;1,80;2;43,20;11,70;10,90;
2026-06-24 10:47:00.0;ON;OFF;50;10,60;10,30;12,40;42,90;98,40;111,30;1,80;2;43,40;11,90;11,10;
2026-06-24 10:48:00.0;ON;OFF;50;10,70;10,60;12,60;42,80;98,40;111,30;1,90;2;43;12;11,20;
2026-06-24 10:49:00.0;ON;OFF;50;10,50;10,60;12,80;42,80;98,40;111,30;2,30;2;40,40;12,10;11,30;
2026-06-24 10:50:00.0;ON;OFF;50;10,50;10,80;12,90;42,80;98,40;111,30;2,40;2;39,10;12,20;11,30;
2026-06-24 10:51:00.0;ON;OFF;50;10,50;10,90;12,90;42,80;98,40;111,30;2,40;2;38,50;12,20;11,40;
2026-06-24 10:52:00.0;ON;OFF;50;10,60;11;13;42,70;98,40;111,30;2,40;2;37,90;12,40;11,50;
2026-06-24 10:53:00.0;ON;OFF;50;10,70;11,10;13,10;42,70;98,40;111,30;2,40;2;37;12,50;11,50;
2026-06-24 10:54:00.0;ON;OFF;50;10,90;11,10;13,20;42,70;98,40;111,30;2,30;2;37,60;12,60;11,60;
2026-06-24 10:55:00.0;ON;OFF;50;11;11,20;13,20;42,60;98,50;111,30;2,20;2;37,60;12,60;11,70;
2026-06-24 10:56:00.0;ON;OFF;50;11,60;11,30;13,30;42,60;98,50;111,30;1,80;2;40,20;12,80;11,80;
2026-06-24 10:57:00.0;ON;OFF;50;11,60;11,40;13,50;42,60;98,50;111,30;1,80;2;40,10;12,80;12,10;
2026-06-24 10:58:00.0;ON;OFF;50;11,70;11,50;13,70;42,60;98,50;111,30;2;2;39,70;13,10;12,30;
2026-06-24 10:59:00.0;ON;OFF;50;12,10;11,70;13,80;42,50;98,50;111,30;1,70;2;41,70;13,20;12,40;
2026-06-24 11:00:00.0;ON;OFF;50;12,10;11,80;13,90;42,50;98,50;111,30;1,70;2;42,10;13,40;12,60;
2026-06-24 11:01:00.0;ON;OFF;50;12,10;11,90;14;42,40;98,50;111,30;1,80;2;41,90;13,40;12,70;
2026-06-24 11:02:00.0;ON;OFF;50;12,10;12;14;42,40;98,50;111,20;1,90;2;41,50;13,50;12,80;
2026-06-24 11:03:00.0;ON;OFF;50;12,10;12,10;14,10;42,40;98,50;111,20;2;2;41,50;13,70;12,80;
2026-06-24 11:04:00.0;ON;OFF;50;11,90;12,10;14,10;42,30;98,50;111,30;2,20;2;39,70;13,80;12,90;
2026-06-24 11:05:00.0;ON;OFF;50;11,90;12,10;14,20;42,30;98,50;111,30;2,30;2;39,10;13,90;12,80;
2026-06-24 11:06:00.0;ON;OFF;50;11,90;12,20;14,20;42,30;98,50;111,20;2,40;2;38,10;13,90;12,80;
2026-06-24 11:07:00.0;ON;OFF;50;11,80;12,20;14,20;42,20;98,50;111,20;2,30;2;37,30;13,90;12,80;
2026-06-24 11:08:00.0;ON;OFF;50;11,90;12,20;14,20;42,20;98,50;111,20;2,20;2;37,70;13,90;12,80;
2026-06-24 11:09:00.0;ON;OFF;50;12,10;12,20;14,30;42,10;98,50;111;2,20;2;37,30;14;12,80;
2026-06-24 11:10:00.0;ON;OFF;50;12,30;12,40;14,40;42,10;98,50;111;2,10;2;38,10;14;12,90;
2026-06-24 11:11:00.0;ON;OFF;50;12,20;12,40;14,40;42,10;98,50;111;2,30;2;36,40;14,10;13,10;
2026-06-24 11:12:00.0;ON;OFF;50;12,70;12,60;14,50;42;98,50;111;1,80;2;39,40;14,20;13,10;
2026-06-24 11:13:00.0;ON;OFF;50;12,80;12,60;14,70;42;98,50;111;1,90;2;39,30;14,30;13,40;
2026-06-24 11:14:00.0;ON;OFF;50;13;12,70;14,80;41,90;98,50;111,10;1,80;2;40,50;14,40;13,50;
2026-06-24 11:15:00.0;ON;OFF;50;13,10;12,90;14,90;41,90;98,50;111,10;1,80;2;40,40;14,50;13,60;
2026-06-24 11:16:00.0;ON;OFF;50;13,10;12,90;15,10;41,80;98,50;111,10;1,90;2;40,60;14,70;13,90;
2026-06-24 11:17:00.0;ON;OFF;50;13,30;13,10;15;41,80;98,50;111,10;1,80;2;41,80;14,80;13,90;
2026-06-24 11:18:00.0;ON;OFF;50;13,20;13,20;15,20;41,80;98,50;111,10;2;2;40;14,80;13,90;
2026-06-24 11:19:00.0;ON;OFF;50;13,10;13,20;15,30;41,70;98,50;111,10;2,20;2;39,30;15;14;
2026-06-24 11:20:00.0;ON;OFF;50;13,10;13,30;15,30;41,70;98,50;111,10;2,20;2;39,30;15;14;
2026-06-24 11:21:00.0;ON;OFF;50;13;13,30;15,30;41,70;98,50;111,10;2,40;2;37,40;15;13,90;
2026-06-24 11:22:00.0;ON;OFF;50;12,90;13,30;15,30;41,60;98,50;110,90;2,50;2;36;15,10;13,90;
2026-06-24 11:23:00.0;ON;OFF;50;12,80;13,40;15,40;41,50;98,50;111;2,60;2;34,50;15,10;13,90;
2026-06-24 11:24:00.0;ON;OFF;50;13;13,50;15,50;41,50;98,50;111;2,50;2;33,80;15,20;13,90;
2026-06-24 11:25:00.0;ON;OFF;50;13,20;13,50;15,50;41,50;98,50;111;2,30;2;34,70;15,20;13,90;
2026-06-24 11:26:00.0;ON;OFF;50;13,30;13,50;15,50;41,40;98,50;111;2,30;2;34,20;15,30;14;
2026-06-24 11:27:00.0;ON;OFF;50;13,30;13,50;15,50;41,40;98,50;111;2,20;2;33,90;15,20;14;
2026-06-24 11:28:00.0;ON;OFF;50;13,20;13,60;15,60;41,30;98,50;111;2,40;2;32,10;15,20;14,10;
2026-06-24 11:29:00.0;ON;OFF;50;13,40;13,60;15,60;41,30;98,50;111;2,10;2;33,50;15,30;14,10;
2026-06-24 11:30:00.0;ON;OFF;50;13,70;13,70;15,70;41,20;98,50;111,10;2;2;33,10;15,40;14,20;
2026-06-24 11:31:00.0;ON;OFF;50;13,60;13,70;15,70;41,10;98,60;111,10;2,20;2;32,30;15,40;14,30;
2026-06-24 11:32:00.0;ON;OFF;50;14,20;13,80;15,80;41,10;98,50;111,10;1,60;2;35,80;15,50;14,30;
2026-06-24 11:33:00.0;ON;OFF;50;14,10;13,80;15,80;41;98,50;111,10;1,70;2;35,90;15,70;14,60;
2026-06-24 11:34:00.0;ON;OFF;50;14,30;13,90;15,90;41;98,50;111,10;1,70;2;37;15,70;14,70;
2026-06-24 11:35:00.0;ON;OFF;50;14,80;14;16;40,90;98,50;111,10;1,20;2;41,10;15,80;14,90;
2026-06-24 11:36:00.0;ON;OFF;50;14,80;14,10;16,20;40,90;98,60;111,10;1,40;2;41,40;16;15,10;
2026-06-24 11:37:00.0;ON;OFF;50;14,80;14,20;16,20;40,80;98,60;111,20;1,40;2;42,70;16,10;15,20;
2026-06-24 11:38:00.0;ON;OFF;50;14,50;14,20;16,30;40,80;98,60;111,20;1,80;2;41,30;16,20;15,30;
2026-06-24 11:39:00.0;ON;OFF;50;14,90;14,40;16,30;40,70;98,60;111,20;1,50;2;44,10;16,20;15,30;
2026-06-24 11:40:00.0;ON;OFF;50;14,90;14,40;16,40;40,60;98,60;111,20;1,50;2;44,70;16,20;15,40;
2026-06-24 11:41:00.0;ON;OFF;50;14,90;14,40;16,40;40,60;98,60;111,20;1,50;2;45,50;16,20;15,40;
2026-06-24 11:42:00.0;ON;OFF;50;14,50;14,40;16,40;40,50;98,60;111,20;1,90;2;43,60;16,20;15,30;
2026-06-24 11:43:00.0;ON;OFF;50;14,60;14,40;16,40;40,50;98,60;111,20;1,80;2;44,70;16,20;15,20;
2026-06-24 11:44:00.0;ON;OFF;50;14,20;14,40;16,40;40,40;98,60;111,20;2,20;2;42,20;16,10;15,10;
2026-06-24 11:45:00.0;ON;OFF;50;14,30;14,40;16,30;40,40;98,60;111,20;2;2;42,80;16,10;15;
2026-06-24 11:46:00.0;ON;OFF;50;14;14,30;16,30;40,30;98,60;111,20;2,30;2;40,70;16;14,90;
2026-06-24 11:47:00.0;ON;OFF;50;13,80;14,20;16,30;40,20;98,60;111,20;2,40;2;39,40;16;14,80;
2026-06-24 11:48:00.0;ON;OFF;50;13,80;14,20;16,20;40,20;98,60;111,20;2,40;2;38,90;16;14,70;
2026-06-24 11:49:00.0;ON;OFF;50;13,70;14,10;16,10;40,10;98,60;111,20;2,50;2;37,70;15,90;14,60;
2026-06-24 11:50:00.0;ON;OFF;50;13,60;14,10;16,10;40,10;98,60;111,20;2,50;2;36,50;15,80;14,50;
2026-06-24 11:51:00.0;ON;OFF;50;13,50;14,10;16;40;98,60;111,20;2,50;2;35,90;15,70;14,50;
2026-06-24 11:52:00.0;ON;OFF;50;13,60;14;16;40;98,60;111,20;2,40;2;36;15,80;14,40;
2026-06-24 11:53:00.0;ON;OFF;50;13,70;14;15,90;39,90;98,60;111,20;2,30;2;36;15,70;14,40;
2026-06-24 11:54:00.0;ON;OFF;50;13,70;14;15,90;39,80;98,60;111,20;2,20;2;36,10;15,70;14,50;
2026-06-24 11:55:00.0;ON;OFF;50;13,80;14;16;39,80;98,60;111,20;2,20;2;35,80;15,70;14,50;
2026-06-24 11:56:00.0;ON;OFF;50;13,90;14;16;39,70;98,60;111,20;2,10;2;36,30;15,60;14,50;
2026-06-24 11:57:00.0;ON;OFF;50;13,90;14;16;39,70;98,60;111,20;2;2;36;15,60;14,50;
2026-06-24 11:58:00.0;ON;OFF;50;14;14;16;39,70;98,60;111,20;2,10;2;36;15,70;14,60;
2026-06-24 11:59:00.0;ON;OFF;50;13,80;14;16;39,60;98,50;111,20;2,20;2;34,50;15,70;14,50;
2026-06-24 12:00:00.0;ON;OFF;50;13,70;14;16;39,60;98,50;111,20;2,30;2;65,90;15,60;14,50;
2026-06-24 12:01:00.0;ON;OFF;50;11,90;9,10;16,10;39,50;98,60;111,20;4,20;7;60,40;15,70;14,50;
2026-06-24 12:02:00.0;ON;OFF;50;11,30;9;15,90;39,40;98,60;111,20;4,60;7;62,90;15,50;14,10;
2026-06-24 12:03:00.0;ON;OFF;50;10,90;8,80;15,80;39,40;98,60;111,20;4,80;7;65,30;15,40;14;
2026-06-24 12:04:00.0;ON;OFF;50;10,40;8,70;15,60;39,30;98,60;111,20;5,10;7;67,70;15,20;13,70;
2026-06-24 12:05:00.0;ON;OFF;50;9,90;8,60;15,40;39,30;98,60;111,20;5,50;7;68;15,10;13,50;
2026-06-24 12:06:00.0;ON;OFF;50;9,50;8,30;15,20;39,20;98,60;111,20;5,70;7;69,30;14,90;13,20;
2026-06-24 12:07:00.0;OFF;ON;70;9,20;8,10;15;39,20;98,60;111,30;5,80;7;70,80;14,70;13;
2026-06-24 12:08:00.0;OFF;ON;70;8,90;7,90;14,80;39,10;98,60;111,30;5,90;7;73,30;14,50;12,70;
2026-06-24 12:09:00.0;OFF;ON;70;8;7,80;14,70;39,10;98,60;111,30;6,70;7;69,70;14,40;12,50;
2026-06-24 12:10:00.0;OFF;ON;70;8,50;7,60;14,60;39;98,60;111,30;6,10;7;75,10;14,20;12,30;
2026-06-24 12:11:00.0;OFF;ON;70;8,30;7,50;14,40;38,90;98,60;111,30;6,10;7;76,90;14,10;12,10;
2026-06-24 12:12:00.0;OFF;ON;70;8,30;7,30;14,30;38,90;98,60;111,30;6;7;79,20;14;12;
2026-06-24 12:13:00.0;OFF;ON;70;6,40;7,20;14,20;38,80;98,60;111,20;7,70;7;69;13,80;11,80;
2026-06-24 12:14:00.0;OFF;ON;70;4,40;7,20;14,20;38,80;98,60;111,20;9,80;7;54,40;13,80;12;
2026-06-24 12:15:00.0;OFF;ON;70;9,90;7,20;14,20;38,70;98,60;111,20;4,30;7;86,50;13,80;11,90;
2026-06-24 12:16:00.0;OFF;ON;70;7,50;7,10;14,10;38,70;98,60;111,30;6,70;7;66;13,70;11,90;
2026-06-24 12:17:00.0;OFF;ON;70;10,20;7,10;14,10;38,60;98,60;111,30;3,90;7;82,70;13,70;12;
2026-06-24 12:18:00.0;OFF;ON;70;10;7,10;14,10;38,60;98,60;111,30;4,10;7;79,20;13,70;12;
2026-06-24 12:19:00.0;OFF;ON;70;10,40;7,10;14,10;38,50;98,60;111,30;3,70;7;41,90;13,70;12,20;
2026-06-24 12:20:00.0;OFF;ON;70;10,10;7;14,10;38,50;98,60;111,30;4;7;48,90;13,80;12,50;
2026-06-24 12:21:00.0;OFF;ON;70;10,20;7,20;14,20;38,40;98,60;111,30;4,10;7;55,30;13,90;12,60;
2026-06-24 12:22:00.0;OFF;ON;70;10,10;7,30;14,30;38,30;98,60;111,30;4,20;7;59,40;13,90;12,60;
2026-06-24 12:23:00.0;OFF;ON;70;9,90;7,30;14,30;38,30;98,60;111,30;4,40;7;60,40;13,90;12,60;
2026-06-24 12:24:00.0;OFF;ON;70;9,40;7,30;14,20;38,20;98,60;111,30;4,80;7;64,60;13,80;12,50;
2026-06-24 12:25:00.0;OFF;ON;70;9,20;7,20;14,20;38,20;98,60;111,30;4,90;7;65,40;13,80;12,40;
2026-06-24 12:26:00.0;OFF;ON;70;8,70;7,10;14,10;38,10;98,60;111,30;5,40;7;67,70;13,70;12,20;
2026-06-24 12:27:00.0;OFF;ON;70;8,40;7;13,90;38,10;98,60;111,30;5,50;7;69,90;13,60;12;
2026-06-24 12:28:00.0;OFF;ON;70;8,10;6,90;13,80;38;98,60;111,30;5,70;7;70,90;13,50;11,80;
2026-06-24 12:29:00.0;OFF;ON;70;7,80;6,70;13,70;37,90;98,60;111,30;5,80;7;72,80;13,30;11,40;
2026-06-24 12:30:00.0;OFF;ON;70;7,50;6,60;13,50;37,90;98,60;111,30;6;7;73,30;13,10;11,30;
2026-06-24 12:31:00.0;OFF;ON;70;7,40;6,50;13,40;37,80;98,60;111,30;6;7;74,80;13;11,10;
2026-06-24 12:32:00.0;OFF;ON;70;6,60;6,40;13,30;37,80;98,60;111,30;6,70;7;72,60;12,90;10,90;
2026-06-24 12:33:00.0;OFF;ON;70;6,90;6,30;13,20;37,70;98,50;111,30;6,20;7;76,80;12,70;10,60;
2026-06-24 12:34:00.0;OFF;ON;70;6,80;6,10;13;37,60;98,50;111,30;6,20;7;78,10;12,60;10,50;
2026-06-24 12:35:00.0;OFF;ON;70;6,70;6;13;37,60;98,50;111,30;7,60;7;70;12,50;10,50;
2026-06-24 12:36:00.0;OFF;ON;70;4,70;5,90;13;37,50;98,50;111,30;8,30;7;64,30;12,60;10,60;
2026-06-24 12:37:00.0;OFF;ON;70;5,20;6;13;37,50;98,50;111,30;7,80;7;66,80;12,60;10,60;
2026-06-24 12:38:00.0;OFF;ON;70;6,40;5,90;12,70;37,40;98,50;111,30;6,30;7;77,30;12,20;10;
2026-06-24 12:39:00.0;OFF;ON;70;6,20;5,60;12,60;37,30;98,50;111,30;6,50;7;77,40;12,20;10;
2026-06-24 12:40:00.0;OFF;ON;70;5,20;5,60;12,60;37,30;98,50;111,30;7,30;7;72,90;12,10;10;
2026-06-24 12:41:00.0;OFF;ON;70;5,10;5,50;12,50;37,30;98,50;111,30;7,50;7;71,40;12,10;10,10;
2026-06-24 12:42:00.0;OFF;ON;70;5,60;5,60;12,60;37,20;98,50;111,30;7;7;72,60;12,10;10,10;
2026-06-24 12:43:00.0;OFF;ON;70;4,30;5,50;12,50;37,10;98,50;111,30;8,20;7;62,30;12;9,80;
2026-06-24 12:44:00.0;OFF;ON;70;4,80;5,40;12,40;37,10;98,50;111,30;7,60;7;65,60;11,90;9,80;
2026-06-24 12:45:00.0;OFF;ON;70;6,20;5,30;12,30;37;98,50;111,30;6;7;77,40;11,80;9,70;
2026-06-24 12:46:00.0;OFF;ON;70;5,10;5,20;12,20;37;98,50;111,30;7;7;72,80;11,80;9,70;
2026-06-24 12:47:00.0;OFF;ON;70;5,90;5,10;12,10;36,90;98,50;111,30;6,20;7;78,70;11,60;9,50;
2026-06-24 12:48:00.0;OFF;ON;70;4,80;5;12;36,80;98,50;111,30;7,20;7;72,30;11,50;9,60;
2026-06-24 12:49:00.0;OFF;ON;70;4,20;5;12,10;36,80;98,50;110,70;7,80;7;67,40;11,60;9,60;
2026-06-24 12:50:00.0;OFF;ON;70;5,90;5,10;12,10;36,70;98,50;110,70;6,20;7;76,30;11,60;9,60;
2026-06-24 12:51:00.0;OFF;ON;70;5,70;5;11,80;36,70;98,50;110,70;6,10;7;70,50;11,40;9,30;
2026-06-24 12:52:00.0;OFF;ON;70;5,40;5,80;11,80;36,60;98,50;110,70;6,40;6;68,70;11,30;9,40;
2026-06-24 12:53:00.0;OFF;ON;70;5,80;5,80;11,80;36,60;98,50;110,70;6;6;70,10;11,30;9,40;
2026-06-24 12:54:00.0;OFF;ON;70;5,70;5,80;11,80;36,50;98,50;110,70;6,10;6;70,20;11,30;9,50;
2026-06-24 12:55:00.0;OFF;ON;70;5,80;5,80;11,80;36,40;98,50;110,70;6;6;70,40;11,30;9,50;
2026-06-24 12:56:00.0;OFF;ON;70;5,80;5,70;11,70;36,40;98,50;110,70;5,90;6;70,80;11,20;9,50;
2026-06-24 12:57:00.0;OFF;ON;70;5,80;5,70;11,60;36,30;98,50;110,70;5,80;6;71,70;11,10;9,40;
2026-06-24 12:58:00.0;OFF;ON;75;5,80;5,60;11,60;36,30;98,50;110,70;5,80;6;72;11,10;9,40;
2026-06-24 12:59:00.0;OFF;ON;75;5,80;5,60;11,60;36,20;98,50;110,70;5,80;6;72,40;11,10;9,40;
2026-06-24 13:00:00.0;OFF;ON;75;5,90;5,60;11,60;36,20;98,50;110,70;5,70;6;73,60;11,10;9,40;
2026-06-24 13:01:00.0;OFF;ON;75;5,10;5,60;11,50;36,10;98,50;110,70;6,40;6;68,40;11;9,30;
2026-06-24 13:02:00.0;OFF;ON;75;4,60;5,40;11,30;36;98,50;110,80;6,70;6;65,10;10,80;9,10;
2026-06-24 13:03:00.0;OFF;ON;75;4,60;5,30;11,30;36;98,50;110,80;6,60;6;64,70;10,80;8,90;
2026-06-24 13:04:00.0;OFF;ON;75;4,50;5,20;11,10;35,90;98,50;110,80;6,60;6;63,70;10,60;8,80;
2026-06-24 13:05:00.0;OFF;ON;75;4,50;5,10;11;35,80;98,50;110,80;6,50;6;63,50;10,40;8,60;
2026-06-24 13:06:00.0;OFF;ON;75;4,50;4,90;10,90;35,80;98,50;110,80;6,40;6;62,70;10,30;8,60;
2026-06-24 13:07:00.0;OFF;ON;75;4,40;4,80;10,80;35,70;98,50;110,70;6,40;6;62,10;10,30;8,40;
2026-06-24 13:08:00.0;OFF;ON;75;4,30;4,80;10,80;35,70;98,50;110,70;6,40;6;61,60;10,20;8,40;
2026-06-24 13:09:00.0;OFF;ON;75;4,50;4,70;10,70;35,60;98,50;110,80;6,20;6;62,20;10,10;8,30;
2026-06-24 13:10:00.0;OFF;ON;75;4,30;4,70;10,60;35,50;98,50;110,80;6,30;6;60,90;10;8,30;
2026-06-24 13:11:00.0;OFF;ON;75;4,30;4,60;10,50;35,50;98,50;110,70;6,20;6;61,20;10;8,20;
2026-06-24 13:12:00.0;OFF;ON;75;4,40;4,50;10,50;35,40;98,50;110,80;6,10;6;61,60;9,90;8,20;
2026-06-24 13:13:00.0;OFF;ON;75;4,20;4,40;10,40;35,40;98,50;110,70;6,20;6;60,40;9,90;8,10;
2026-06-24 13:14:00.0;OFF;ON;75;4,30;4,40;10,30;35,30;98,50;110,70;6,10;6;61,20;9,80;8,10;
2026-06-24 13:15:00.0;OFF;ON;75;4,30;4,30;10,30;35,20;98,50;110,70;6;6;60,90;9,80;8;
2026-06-24 13:16:00.0;OFF;ON;75;4,20;4,20;10,20;35,20;98,50;110,70;6;6;60,80;9,70;8;
2026-06-24 13:17:00.0;OFF;ON;75;4,20;4,20;10,20;35,10;98,50;110,80;6;6;61;9,60;7,90;
2026-06-24 13:18:00.0;OFF;ON;75;4,10;4,10;10,10;35;98,50;110,70;6;6;60,80;9,60;7,90;
2026-06-24 13:19:00.0;OFF;ON;75;4;4,10;10,10;35;98,50;110,70;6,10;6;60,60;9,60;7,80;
2026-06-24 13:20:00.0;OFF;ON;75;4,10;4;10;34,90;98,50;110,70;6;6;60,70;9,50;7,80;
2026-06-24 13:21:00.0;OFF;ON;75;4,30;4,50;10;34,90;98,50;110,80;5,70;5,50;59,60;9,50;7,80;
2026-06-24 13:22:00.0;OFF;ON;75;4,30;4,50;10;34,90;98,50;110,80;5,70;5,50;59,60;9,50;7,90;
2026-06-24 13:23:00.0;OFF;ON;75;4,40;4,50;10;34,80;98,50;110,70;5,50;5,50;59,70;9,50;8;
2026-06-24 13:24:00.0;OFF;ON;75;4,30;4,40;9,90;34,70;98,50;110,70;5,70;5,50;59,10;9,50;7,90;
2026-06-24 13:25:00.0;OFF;ON;75;4,40;4,40;9,90;34,70;98,50;110,80;5,60;5,50;59,50;9,50;8;
2026-06-24 13:26:00.0;OFF;ON;75;4,40;4,40;9,90;34,60;98,50;110,70;5,50;5,50;59,20;9,40;8;
2026-06-24 13:27:00.0;OFF;ON;80;4,30;4,40;9,90;34,60;98,50;110,70;5,50;5,50;59,20;9,40;7,90;
2026-06-24 13:28:00.0;OFF;ON;80;4,30;4,40;9,80;34,50;98,50;110,70;5,50;5,50;59;9,40;7,90;
2026-06-24 13:29:00.0;OFF;ON;80;4,20;4,30;9,80;34,50;98,50;110,70;5,60;5,50;58,40;9,30;7,90;
2026-06-24 13:30:00.0;OFF;ON;80;4,30;4,30;9,80;34,40;98,50;110,70;5,50;5,50;58,70;9,30;7,80;
2026-06-24 13:31:00.0;OFF;ON;80;4,30;4,20;9,70;34,40;98,50;110,70;5,50;5,50;58,60;9,20;7,80;
2026-06-24 13:32:00.0;OFF;ON;80;4,20;4,20;9,70;34,30;98,50;110,70;5,50;5,50;58,50;9,20;7,70;
2026-06-24 13:33:00.0;OFF;ON;80;4;4,20;9,60;34,30;98,50;110,70;5,60;5,50;58,10;9,20;7,70;
2026-06-24 13:34:00.0;OFF;ON;80;4,10;4,10;9,60;34,20;98,50;110,70;5,50;5,50;58,40;9,20;7,70;
2026-06-24 13:35:00.0;OFF;ON;80;4;4,10;9,60;34,20;98,50;110,70;5,60;5,50;57,90;9,10;7,60;
2026-06-24 13:36:00.0;OFF;ON;80;3,90;4,10;9,50;34,10;98,50;110,70;5,60;5,50;57,90;9;7,60;
2026-06-24 13:37:00.0;OFF;ON;80;4;4;9,50;34,10;98,50;110,70;5,50;5,50;58,10;9;7,50;
2026-06-24 13:38:00.0;OFF;ON;80;4;4;9,50;34;98,50;110,70;5,50;5,50;58;9;7,50;
2026-06-24 13:39:00.0;OFF;ON;80;3,80;4;9,40;34;98,50;110,70;5,60;5,50;57,50;9;7,50;
2026-06-24 13:40:00.0;OFF;ON;80;3,80;3,90;9,40;33,90;98,50;110,70;5,60;5,50;57,60;8,90;7,40;
2026-06-24 13:41:00.0;OFF;ON;80;3,90;3,90;9,30;33,90;98,50;110,70;5,50;5,50;57,80;8,80;7,40;
2026-06-24 13:42:00.0;OFF;ON;80;3,80;3,80;9,30;33,80;98,50;110,70;5,50;5,50;58,60;8,80;7,30;
2026-06-24 13:43:00.0;OFF;ON;80;3,70;3,80;9,30;33,80;98,50;110,70;5,60;5,50;57,60;8,80;7,30;
2026-06-24 13:44:00.0;OFF;ON;80;3,60;3,80;9,20;33,70;98,50;110,70;5,60;5,50;57,30;8,80;7,30;
2026-06-24 13:45:00.0;OFF;ON;80;3,70;3,70;9,20;33,60;98,50;110,70;5,50;5,50;57,60;8,70;7,20;
2026-06-24 13:46:00.0;OFF;ON;80;3,70;3,70;9,20;33,60;98,50;110,70;5,50;5,50;57,60;8,70;7,20;
2026-06-24 13:47:00.0;OFF;ON;80;3,60;3,60;9,10;33,60;98,50;110,70;5,50;5,50;57,40;8,70;7,10;
2026-06-24 13:48:00.0;OFF;ON;80;3,60;3,60;9,10;33,50;98,50;110,60;5,50;5,50;57,30;8,60;7,10;
2026-06-24 13:49:00.0;OFF;ON;80;3,60;3,60;9;33,40;98,50;110,60;5,50;5,50;57,40;8,60;7,10;
2026-06-24 13:50:00.0;OFF;ON;80;3,50;3,50;9;33,40;98,50;110,70;5,50;5,50;58,10;8,50;7;
2026-06-24 13:51:00.0;OFF;ON;80;3,40;3,50;9;33,30;98,50;110,70;5,50;5,50;58,30;8,50;7;
2026-06-24 13:52:00.0;OFF;ON;80;3,40;3,50;8,90;33,30;98,50;110,70;5,60;5,50;57,20;8,50;7;
2026-06-24 13:53:00.0;OFF;ON;80;3,40;3,40;8,90;33,20;98,50;110,70;5,50;5,50;58,10;8,40;6,90;
2026-06-24 13:54:00.0;OFF;ON;80;3,30;3,40;8,90;33,20;98,50;110,70;5,50;5,50;58,10;8,40;6,90;
2026-06-24 13:55:00.0;OFF;ON;80;3,40;3,30;8,80;33,10;98,50;110,70;5,40;5,50;58,20;8,30;6,80;
2026-06-24 13:56:00.0;OFF;ON;80;3,30;3,30;8,80;33,10;98,50;110,70;5,50;5,50;57,30;8,30;6,80;
2026-06-24 13:57:00.0;OFF;ON;80;3,40;3,30;8,80;33;98,50;110,70;5,40;5,50;58,50;8,20;6,70;
2026-06-24 13:58:00.0;OFF;ON;80;3,30;3,20;8,70;33;98,50;110,70;5,40;5,50;58,60;8,20;6,70;
2026-06-24 13:59:00.0;OFF;ON;80;3,20;3,20;8,70;32,90;98,50;110,70;5,50;5,50;58,40;8,20;6,70;
2026-06-24 14:00:00.0;OFF;ON;80;3,20;3,20;8,70;32,90;98,50;110,70;5,50;5,50;58,60;8,20;6,60;
2026-06-24 14:01:00.0;OFF;ON;80;3,10;3,10;8,60;32,80;98,50;110,70;5,50;5,50;58,60;8,10;6,60;
2026-06-24 14:02:00.0;OFF;ON;80;3,20;3,10;8,60;32,80;98,50;110,70;5,40;5,50;58,90;8,10;6,60;
2026-06-24 14:03:00.0;OFF;ON;80;3;3,10;8,50;32,70;98,50;110,70;5,50;5,50;58,80;8;6,50;
2026-06-24 14:04:00.0;OFF;ON;80;3;3;8,50;32,60;98,50;110,70;5,50;5,50;58,90;8;6,50;
2026-06-24 14:05:00.0;OFF;ON;80;3;3;8,50;32,60;98,50;110,60;5,50;5,50;59,20;8;6,50;
2026-06-24 14:06:00.0;OFF;ON;80;3,10;2,90;8,40;32,50;98,50;110,60;5,40;5,50;59,80;7,90;6,40;
2026-06-24 14:07:00.0;OFF;ON;80;3,10;2,90;8,40;32,50;98,50;110,60;5,40;5,50;59,90;7,90;6,30;
2026-06-24 14:08:00.0;OFF;ON;80;3,10;2,90;8,40;32,40;98,50;110,60;5,30;5,50;60,50;7,80;6,30;
2026-06-24 14:09:00.0;OFF;ON;80;3;2,90;8,30;32,30;98,40;110,60;5,40;5,50;60,40;7,80;6,30;
2026-06-24 14:10:00.0;OFF;ON;80;2,90;2,80;8,30;32,30;98,30;110,60;5,40;5,50;60,40;7,80;6,20;
2026-06-24 14:11:00.0;OFF;ON;80;2,80;2,80;8,30;32,20;98,30;110,60;5,50;5,50;60,30;7,70;6,20;
2026-06-24 14:12:00.0;OFF;ON;80;2,90;2,80;8,20;32,20;98,30;110,60;5,40;5,50;61;7,70;6,20;
2026-06-24 14:13:00.0;OFF;ON;80;2,80;2,70;8,20;32,10;98,30;110,60;5,40;5,50;61,20;7,60;6,10;
2026-06-24 14:14:00.0;OFF;ON;80;2,80;2,70;8,20;32,10;98,10;110,60;5,40;5,50;61,80;7,60;6,10;
2026-06-24 14:15:00.0;OFF;ON;80;2,80;2,70;8,10;32;98,10;110,60;5,30;5,50;62,30;7,60;6,10;
2026-06-24 14:16:00.0;OFF;ON;80;2,90;2,60;8,10;32;98,10;110,60;5,20;5,50;63,30;7,50;6,10;
2026-06-24 14:17:00.0;OFF;ON;80;2,90;2,60;8,10;31,90;98,10;110,60;5,20;5,50;64,10;7,50;6;
2026-06-24 14:18:00.0;OFF;ON;80;2,80;2,60;8,10;31,90;98,10;110,60;5,20;5,50;64,10;7,50;6;
2026-06-24 14:19:00.0;OFF;ON;80;2,90;2,60;8,10;31,80;98,10;110,60;5,20;5,50;65,10;7,60;6;
2026-06-24 14:20:00.0;OFF;ON;80;2,70;2,60;8;31,70;98,10;110,60;5,30;5,50;64,70;7,50;6;
2026-06-24 14:21:00.0;OFF;ON;80;2,80;2,50;8;31,70;98,10;110,60;5,20;5,50;62,70;7,40;6;
2026-06-24 14:22:00.0;OFF;ON;80;2,90;3;8;31,60;98;110,50;5,10;5;62,20;7,50;6,20;
2026-06-24 14:23:00.0;OFF;ON;80;2,80;3;8;31,60;98;110,50;5,30;5;61,20;7,50;6,20;
2026-06-24 14:24:00.0;OFF;ON;80;2,80;3;8;31,50;98;110,50;5,20;5;61,30;7,50;6,20;
2026-06-24 14:25:00.0;OFF;ON;80;2,80;3;8;31,50;98;110,50;5,20;5;60,90;7,40;6,20;
2026-06-24 14:26:00.0;OFF;ON;80;2,80;3;8;31,40;98,10;110,50;5,20;5;60,60;7,40;6,20;
2026-06-24 14:27:00.0;OFF;ON;80;2,80;3;8;31,30;98;110,50;5,20;5;60,60;7,40;6,20;
2026-06-24 14:28:00.0;OFF;ON;90;2,80;2,90;7,90;31,30;98;110,50;5,10;5;60,60;7,40;6,10;
2026-06-24 14:29:00.0;OFF;ON;90;2,80;2,90;7,90;31,20;97,90;110,50;5,20;5;60,30;7,40;6,10;
2026-06-24 14:30:00.0;OFF;ON;90;2,90;2,90;7,90;31,20;98;110,50;5;5;60,80;7,30;6,10;
2026-06-24 14:31:00.0;OFF;ON;90;2,80;2,90;7,90;31,10;97,90;110,50;5,10;5;60,20;7,30;6,10;
2026-06-24 14:32:00.0;OFF;ON;90;2,80;2,90;7,90;31,10;97,90;110,50;5;5;60,50;7,30;6,10;
2026-06-24 14:33:00.0;OFF;ON;90;2,80;2,80;7,80;31;97,80;110,50;5;5;60,40;7,30;6,10;
2026-06-24 14:34:00.0;OFF;ON;90;2,80;2,80;7,80;30,90;97,80;110,50;5;5;60,20;7,20;6;
2026-06-24 14:35:00.0;OFF;ON;90;2,80;2,80;7,80;30,90;97,80;110,50;5;5;60,10;7,20;6;
2026-06-24 14:36:00.0;OFF;ON;90;2,80;2,80;7,70;30,80;97,80;110,50;4,90;5;60,90;7,20;6;
2026-06-24 14:37:00.0;OFF;ON;90;2,80;2,80;7,70;30,80;97,80;110,50;5;5;60,90;7,20;6;
2026-06-24 14:38:00.0;OFF;ON;90;2,80;2,70;7,70;30,70;97,70;110,50;4,90;5;60,90;7,10;5,90;
2026-06-24 14:39:00.0;OFF;ON;90;2,80;2,70;7,70;30,60;97,60;110,50;4,90;5;60,80;7,10;5,90;
2026-06-24 14:40:00.0;OFF;ON;90;2,70;2,70;7,70;30,60;97,70;110,50;4,90;5;60,90;7,10;5,90;
2026-06-24 14:41:00.0;OFF;ON;90;2,80;2,70;7,70;30,50;97,50;110,50;4,90;5;61,20;7,10;5,90;
2026-06-24 14:42:00.0;OFF;ON;90;2,60;2,60;7,60;30,50;97,60;110,50;5;5;61;7;5,90;
2026-06-24 14:43:00.0;OFF;ON;90;2,60;2,60;7,60;30,40;97,60;110,50;5;5;61,10;7;5,80;
2026-06-24 14:44:00.0;OFF;ON;90;2,70;2,60;7,60;30,40;97,50;110,50;4,90;5;61,20;7;5,80;
2026-06-24 14:45:00.0;OFF;ON;90;2,60;2,60;7,60;30,30;97,50;110,50;5;5;61,20;7;5,80;
2026-06-24 14:46:00.0;OFF;ON;90;2,70;2,60;7,60;30,20;97,50;110,50;4,90;5;61,40;7;5,80;
2026-06-24 14:47:00.0;OFF;ON;90;2,70;2,60;7,60;30,20;97,50;110,50;4,90;5;61,80;7;5,80;
2026-06-24 14:48:00.0;OFF;ON;90;2,60;2,50;7,50;30,10;97,50;110,50;5;5;61,40;6,90;5,70;
2026-06-24 14:49:00.0;OFF;ON;90;2,60;2,50;7,50;30,10;97,50;110,50;4,90;5;62,10;6,90;5,70;
2026-06-24 14:50:00.0;OFF;ON;90;2,50;2,50;7,50;30;97,50;110,50;5;5;61,80;6,90;5,70;
2026-06-24 14:51:00.0;OFF;ON;90;2,60;2,50;7,50;29,90;97,50;110,50;4,90;5;62,30;6,90;5,70;
2026-06-24 14:52:00.0;OFF;ON;90;2,50;2,40;7,40;29,90;97,50;110,50;4,90;5;62,10;6,80;5,60;
2026-06-24 14:53:00.0;OFF;ON;90;2,40;2,40;7,40;29,80;97,50;110,50;5;5;62,40;6,80;5,60;
2026-06-24 14:54:00.0;OFF;ON;90;2,40;2,40;7,40;29,80;97,40;110,50;4,90;5;62,40;6,80;5,60;
2026-06-24 14:55:00.0;OFF;ON;90;2,40;2,40;7,40;29,70;97,40;110,50;5;5;62,80;6,80;5,60;
2026-06-24 14:56:00.0;OFF;ON;90;2,50;2,40;7,40;29,70;97,40;110,50;4,80;5;63,60;6,70;5,60;
2026-06-24 14:57:00.0;OFF;ON;90;2,40;2,30;7,40;29,70;97,50;110,50;4,90;5;63;6,70;5,50;
2026-06-24 14:58:00.0;OFF;ON;90;2,50;2,30;7,30;29,60;97,50;110,40;4,80;5;64,20;6,70;5,50;
2026-06-24 14:59:00.0;OFF;ON;90;2,40;2,30;7,30;29,50;97,40;110,40;4,90;5;63,60;6,70;5,50;
2026-06-24 15:00:00.0;OFF;ON;90;2,40;2,30;7,30;29,50;97,40;110,40;4,90;5;64,20;6,70;5,50;
2026-06-24 15:01:00.0;OFF;ON;90;2,30;2,30;7,30;29,50;97,40;110,40;4,90;5;64,20;6,60;5,50;
2026-06-24 15:02:00.0;OFF;ON;90;2,30;2,20;7,20;29,40;97,40;110,40;4,90;5;64,70;6,60;5,40;
2026-06-24 15:03:00.0;OFF;ON;90;2,40;2,20;7,20;29,30;97,30;110,40;4,80;5;66,50;6,60;5,40;
2026-06-24 15:04:00.0;OFF;ON;90;2,50;2,20;7,20;29,30;97,30;110,40;4,70;5;66,60;6,60;5,40;
2026-06-24 15:05:00.0;OFF;ON;90;2,40;2,20;7,20;29,20;97,30;110,40;4,70;5;66,40;6,50;5,40;
2026-06-24 15:06:00.0;OFF;ON;90;2,40;2,10;7,10;29,20;97,30;110,40;4,70;5;67,80;6,50;5,40;
2026-06-24 15:07:00.0;OFF;ON;90;2,30;2,10;7,10;29,10;97,40;110,40;4,80;5;67,70;6,50;5,30;
2026-06-24 15:08:00.0;OFF;ON;90;2,40;2,10;7,10;29,10;97,20;110,40;4,70;5;67,60;6,50;5,30;
2026-06-24 15:09:00.0;OFF;ON;90;2,20;2,10;7,10;29;97,30;110,40;4,90;5;67,90;6,40;5,30;
2026-06-24 15:10:00.0;OFF;ON;90;2,10;2,10;7;29;97,30;110,40;4,90;5;67,80;6,50;5,20;
2026-06-24 15:11:00.0;OFF;ON;90;2,10;2;7;29;97,30;110,40;4,90;5;61,90;6,40;5,20;
2026-06-24 15:12:00.0;OFF;ON;90;2;3;7;28,90;97,30;110,40;4,80;4;60;6,40;5,20;
2026-06-24 15:13:00.0;OFF;ON;90;2,10;3;7;28,80;97,30;110,40;4,80;4;58,60;6,40;5,30;
2026-06-24 15:14:00.0;OFF;ON;90;2,20;3;7;28,80;97,30;110,40;4,90;4;58,20;6,40;5,30;
2026-06-24 15:15:00.0;OFF;ON;90;2,20;3;7;28,70;97,30;110,40;4,80;4;56,60;6,40;5,30;
2026-06-24 15:16:00.0;OFF;ON;90;2,40;3;7;28,70;97,20;110,40;4,50;4;56,10;6,40;5,30;
2026-06-24 15:17:00.0;OFF;ON;90;2,60;3;7;28,60;97,30;110,40;4,50;4;56,70;6,40;5,40;
2026-06-24 15:18:00.0;OFF;ON;100;2,50;3;7;28,60;97,30;110,40;4,40;4;55;6,40;5,40;
2026-06-24 15:19:00.0;OFF;ON;100;2,60;3;7;28,50;97,40;110,40;4,40;4;55;6,40;5,40;
2026-06-24 15:20:00.0;OFF;ON;100;2,80;3;7;28,50;97,40;110,40;4,30;4;55,20;6,40;5,50;
2026-06-24 15:21:00.0;OFF;ON;100;2,80;3;7;28,40;97,40;110,40;4,30;4;54,70;6,40;5,50;
2026-06-24 15:22:00.0;OFF;ON;100;2,90;3;7;28,40;97,50;110,40;4,20;4;54,80;6,50;5,60;
2026-06-24 15:23:00.0;OFF;ON;100;2,80;3,10;7,10;28,30;97,50;110,40;4,10;4;54;6,50;5,60;
2026-06-24 15:24:00.0;OFF;ON;100;3;3,10;7,10;28,30;97,60;110,40;4,10;4;55;6,50;5,60;
2026-06-24 15:25:00.0;OFF;ON;100;3;3,10;7,10;28,20;97,80;110,40;4,10;4;54,40;6,50;5,70;
2026-06-24 15:26:00.0;OFF;ON;100;3;3,10;7,10;28,20;97,80;110,40;4,10;4;54,50;6,50;5,70;
2026-06-24 15:27:00.0;OFF;ON;100;3,10;3,10;7,10;28,10;97,80;110,40;4;4;54,50;6,50;5,70;
2026-06-24 15:28:00.0;OFF;ON;100;3,10;3,10;7,10;28,10;97,80;110,40;4;4;54,20;6,50;5,70;
2026-06-24 15:29:00.0;OFF;ON;100;3,10;3,10;7,10;28;97,60;110,40;4;4;54,30;6,50;5,70;
2026-06-24 15:30:00.0;OFF;ON;100;3;3,10;7,10;27,90;97,80;110,40;4,10;4;54,10;6,50;5,70;
2026-06-24 15:31:00.0;OFF;ON;100;3;3,10;7,10;27,90;97,70;110,40;4,10;4;54;6,50;5,70;
2026-06-24 15:32:00.0;OFF;ON;100;3;3,10;7,10;27,80;97,80;110,40;4;4;53,80;6,50;5,70;
2026-06-24 15:33:00.0;OFF;ON;100;3;3,10;7,10;27,80;97,80;110,40;4,10;4;53,80;6,50;5,70;
2026-06-24 15:34:00.0;OFF;ON;100;3,10;3,10;7,10;27,70;97,80;110,40;4;4;53,70;6,50;5,70;
2026-06-24 15:35:00.0;OFF;ON;100;3,10;3,10;7,10;27,70;97,70;110,40;4;4;53,70;6,50;5,70;
2026-06-24 15:36:00.0;OFF;ON;100;3;3,10;7,10;27,60;97,70;110,40;4,10;4;53,70;6,40;5,70;
2026-06-24 15:37:00.0;OFF;ON;100;3,30;3;7;27,60;97,60;110,40;3,70;4;56;6,50;5,70;
2026-06-24 15:38:00.0;OFF;ON;100;3,50;3;7;27,60;97,60;110,40;3,60;4;57,70;6,50;5,70;
2026-06-24 15:39:00.0;OFF;ON;100;3,20;3;7,10;27,50;97,50;110,40;3,80;4;56,50;6,50;5,80;
2026-06-24 15:40:00.0;OFF;ON;100;3,40;3,10;7,10;27,40;97,60;110,40;3,70;4;58;6,50;5,80;
2026-06-24 15:41:00.0;OFF;ON;100;3,80;3,10;7,10;27,40;97,80;110,40;3,30;4;62;6,60;5,80;
2026-06-24 15:42:00.0;OFF;ON;100;4,10;3,10;7,20;27,30;97,90;110,40;3,10;4;64,60;6,70;6,10;
2026-06-24 15:43:00.0;OFF;ON;100;4;3,20;7,20;27,30;97,90;110,40;3,20;4;64,90;6,70;6,10;
2026-06-24 15:44:00.0;OFF;ON;100;4;3,20;7,30;27,20;98;110,40;3,30;4;66;6,80;6,20;
2026-06-24 15:45:00.0;OFF;ON;100;4,10;3,30;7,30;27,10;98,10;110,40;3,20;4;68,20;6,80;6,30;
2026-06-24 15:46:00.0;OFF;ON;100;4,10;3,30;7,30;27,10;98,10;110,40;3,30;4;68,30;6,80;6,20;
2026-06-24 15:47:00.0;OFF;ON;100;4;3,30;7,30;27;98,10;110,40;3,40;4;69;6,80;6,30;
2026-06-24 15:48:00.0;OFF;ON;100;3,90;3,30;7,30;27;98,10;110,40;3,40;4;70;6,80;6,20;
2026-06-24 15:49:00.0;OFF;ON;100;3,60;3,30;7,30;26,90;98,10;110,30;3,70;4;68,60;6,80;6,30;
2026-06-24 15:50:00.0;OFF;ON;100;3,80;3,30;7,30;26,90;98,10;110,30;3,50;4;71,20;6,80;6,20;
2026-06-24 15:51:00.0;OFF;ON;100;3,10;3,30;7,30;26,80;98,10;110,30;4,20;4;67;6,80;6,20;
2026-06-24 15:52:00.0;OFF;ON;100;3,30;3,30;7,30;26,80;98;110,30;4;4;68;6,70;6,20;
2026-06-24 15:53:00.0;OFF;ON;100;2,90;3,30;7,20;26,70;97,90;110,30;4,30;4;66,20;6,70;6;
2026-06-24 15:54:00.0;OFF;ON;100;2,90;3,20;7,20;26,70;97,80;110,30;4,20;4;66;6,50;5,90;
2026-06-24 15:55:00.0;OFF;ON;100;2,70;3,10;7;26,60;97,30;110,30;4,30;4;65;6,40;5,60;
2026-06-24 15:56:00.0;OFF;ON;100;2,60;3;6,90;26,50;97;110,30;4,30;4;64;6,40;5,50;
2026-06-24 15:57:00.0;OFF;ON;100;2,60;2,90;6,90;26,50;97;110,40;4,20;4;63,80;6,30;5,50;
2026-06-24 15:58:00.0;OFF;ON;100;2,60;2,80;6,80;26,40;97;110,30;4,30;4;63,60;6,30;5,40;
2026-06-24 15:59:00.0;OFF;ON;100;2,80;2,80;6,80;26,40;96,80;110,30;4;4;64,10;6,20;5,30;
2026-06-24 16:00:00.0;OFF;ON;100;2,50;2,80;6,70;26,30;96,80;110,30;4,20;4;63;6,20;5,30;
2026-06-24 16:01:00.0;OFF;ON;100;2,60;2,70;6,70;26,30;96,80;110,30;4,10;4;63,30;6,20;5,30;
2026-06-24 16:02:00.0;OFF;ON;100;2,70;2,70;6,70;26,20;96,80;110,30;4;4;63,40;6,20;5,30;
2026-06-24 16:03:00.0;OFF;ON;100;2,20;2,70;6,70;26,20;96,90;110,30;4,50;4;60,70;6,20;5,30;
2026-06-24 16:04:00.0;OFF;ON;100;2,10;2,70;6,70;26,10;96,90;110,30;4,50;4;59;6,10;5,20;
2026-06-24 16:05:00.0;OFF;ON;100;2;2,70;6,60;26;96,90;110,30;4,60;4;57,30;6,10;5,10;
2026-06-24 16:06:00.0;OFF;ON;100;2,10;2,60;6,60;26;96,60;110,30;4,50;4;57,30;6;5;
2026-06-24 16:07:00.0;OFF;ON;100;1,90;2,50;6,50;25,90;96,40;110,30;4,60;4;56;6;4,90;
2026-06-24 16:08:00.0;OFF;ON;100;2;2,50;6,50;25,90;96,40;110,30;4,40;4;56,30;5,90;4,90;
2026-06-24 16:09:00.0;OFF;ON;100;2,20;2,40;6,40;25,80;96,40;110,30;4,20;4;56,60;5,90;4,90;
2026-06-24 16:10:00.0;OFF;ON;100;2;2,40;6,40;25,80;96,40;110,30;4,40;4;55,10;5,90;4,90;
2026-06-24 16:11:00.0;OFF;ON;100;2;2,40;6,40;25,70;96,40;110,30;4,30;4;54,70;5,90;4,90;
2026-06-24 16:12:00.0;OFF;ON;100;2,20;2,40;6,40;25,60;96,40;110,30;4,10;4;55,80;5,90;4,90;
2026-06-24 16:13:00.0;OFF;ON;100;2,10;2,30;6,30;25,60;96,60;110,30;4,20;4;54,80;5,90;4,90;
2026-06-24 16:14:00.0;OFF;ON;100;2,30;2,30;6,30;25,50;96,60;110,30;4,10;4;55,50;5,80;4,80;
2026-06-24 16:15:00.0;OFF;ON;100;2,30;2,30;6,30;25,40;96,70;110,30;4;4;55,20;5,80;4,80;
2026-06-24 16:16:00.0;OFF;ON;100;2,30;2,30;6,30;25,40;96,70;110,30;4;4;55,10;5,80;4,80;
2026-06-24 16:17:00.0;OFF;ON;100;2,30;2,30;6,30;25,30;96,80;110,30;4;4;55;5,80;4,90;
2026-06-24 16:18:00.0;OFF;ON;100;2,30;2,30;6,30;25,30;96,80;110,30;4;4;55;5,80;4,90;
2026-06-24 16:19:00.0;OFF;ON;100;2,30;2,30;6,30;25,20;96,80;110,30;4;4;55,10;5,80;4,90;
2026-06-24 16:20:00.0;OFF;ON;100;2,30;2,30;6,30;25,10;96,70;110,30;4;4;55,90;5,80;4,90;
2026-06-24 16:21:00.0;OFF;ON;100;2,40;2,30;6,30;25,10;96,80;110,30;3,90;4;56;5,80;4,90;
2026-06-24 16:22:00.0;OFF;ON;100;2,20;2,30;6,30;25;96,90;110,30;4;4;55,80;5,80;4,90;
2026-06-24 16:23:00.0;OFF;ON;100;2,20;2,30;6,30;25;96,80;110,30;4;4;56;5,80;4,90;
2026-06-24 16:24:00.0;OFF;ON;100;2,30;2,30;6,20;24,90;96,90;110,30;3,90;4;56,30;5,80;4,90;
2026-06-24 16:25:00.0;OFF;ON;100;2,30;2,20;6,20;24,90;96,80;110,30;3,90;4;56,30;5,70;4,80;
2026-06-24 16:26:00.0;OFF;ON;100;2,90;2,20;6,20;24,90;96,80;110,30;3,30;4;60,40;5,70;4,80;
2026-06-24 16:27:00.0;OFF;ON;100;2,60;2,20;6,20;24,80;96,90;110,30;3,70;4;59,10;5,80;4,90;
2026-06-24 16:28:00.0;OFF;ON;100;3,10;2,20;6,30;24,80;97;110,30;3,20;4;63,20;5,80;4,90;
2026-06-24 16:29:00.0;OFF;ON;100;3,10;2,30;6,30;24,70;97;110,30;3,20;4;64,60;5,80;5;
2026-06-24 16:30:00.0;OFF;ON;100;3,30;2,30;6,30;24,70;97,20;110,30;3,10;4;66,80;5,90;5,10;
2026-06-24 16:31:00.0;OFF;ON;100;3,30;2,40;6,40;24,60;97,30;110,30;3,10;4;68,30;5,90;5,20;
2026-06-24 16:32:00.0;OFF;ON;100;2,70;2,40;6,40;24,60;97,40;110,30;3,70;4;65,30;6;5,20;
2026-06-24 16:33:00.0;OFF;ON;100;3,30;2,40;6,40;24,50;97,50;110,30;3,20;4;70,40;6;5,30;
2026-06-24 16:34:00.0;OFF;ON;100;2,80;2,40;6,40;24,50;97,50;110,30;3,70;4;68,20;6;5,30;
2026-06-24 16:35:00.0;OFF;ON;100;3,20;2,40;6,50;24,40;97,50;110,30;3,30;4;71,60;6;5,30;
2026-06-24 16:36:00.0;OFF;ON;100;3;2,40;6,40;24,40;97,40;110,30;3,40;4;71,80;6;5,20;
2026-06-24 16:37:00.0;OFF;ON;100;2,50;2,40;6,40;24,30;97,40;110,30;3,90;4;69,20;6;5,30;
2026-06-24 16:38:00.0;OFF;ON;100;2,40;2,40;6,40;24,30;97,30;110,30;4;4;69,40;5,90;5,10;
2026-06-24 16:39:00.0;OFF;ON;100;1,90;2,40;6,40;24,20;97,10;110,30;4,40;4;65,60;5,80;5;
2026-06-24 16:40:00.0;OFF;ON;100;2,10;2,30;6,30;24,20;97;110,30;4,10;4;67,80;5,70;4,80;
2026-06-24 16:41:00.0;OFF;ON;100;2;2,20;6,10;24,10;96,70;110,30;4,10;4;67,50;5,60;4,70;
2026-06-24 16:42:00.0;OFF;ON;100;1,90;2,10;6,10;24,10;96,60;110,30;4,20;4;66,70;5,60;4,70;
2026-06-24 16:43:00.0;OFF;ON;100;1,90;2,10;6;24,10;96,40;110,20;4,10;4;67,10;5,50;4,60;
2026-06-24 16:44:00.0;OFF;ON;100;1,90;2;6;24;96,40;110,30;4;4;66,30;5,50;4,50;
2026-06-24 16:45:00.0;OFF;ON;100;1,80;2;6;23,90;96,20;110,30;4,10;4;66,10;5,40;4,50;
2026-06-24 16:46:00.0;OFF;ON;100;1,80;1,80;5,90;23,90;96,10;110,20;4;4;65,70;5,40;4,50;
2026-06-24 16:47:00.0;OFF;ON;100;1,70;1,80;5,80;23,90;96,20;110,20;4,10;4;65,40;5,30;4,50;
2026-06-24 16:48:00.0;OFF;ON;100;1,70;1,80;5,80;23,80;96,20;110,20;4,10;4;65,60;5,30;4,40;
2026-06-24 16:49:00.0;OFF;ON;100;1,70;1,80;5,80;23,80;96,10;110,20;4,10;4;64,80;5,30;4,40;
2026-06-24 16:50:00.0;OFF;ON;100;1,60;1,70;5,70;23,70;96,10;110,80;4,10;4;64,40;5,20;4,40;
2026-06-24 16:51:00.0;OFF;ON;100;1,70;1,70;5,70;23,70;96,20;110,70;4,10;4;64,60;5,20;4,40;
2026-06-24 16:52:00.0;OFF;ON;100;1,70;1,70;5,70;23,60;96,30;110,70;4;4;64,60;5,20;4,30;
2026-06-24 16:53:00.0;OFF;ON;100;1,40;1,70;5,70;23,60;96,40;110,70;4,30;4;63,20;5,20;4,30;
2026-06-24 16:54:00.0;OFF;ON;100;1,50;1,60;5,70;23,50;96,30;110,70;4,10;4;63,60;5,10;4,30;
2026-06-24 16:55:00.0;OFF;ON;100;1,70;1,60;5,60;23,50;96,20;110,70;4;4;63,60;5,10;4,30;
2026-06-24 16:56:00.0;OFF;ON;100;1,60;1,60;5,60;23,40;96,20;110,70;4;4;64,70;5,10;4,30;
2026-06-24 16:57:00.0;OFF;ON;100;1,60;1,60;5,60;23,40;96,30;110,70;4;4;64,90;5,10;4,30;
2026-06-24 16:58:00.0;OFF;ON;100;0,90;1,60;5,60;23,30;96,20;110,60;4,70;4;59,70;5,10;4,30;
2026-06-24 16:59:00.0;OFF;ON;100;1,60;1,50;5,50;23,30;96,20;110,60;3,90;4;64,60;5;4,20;
2026-06-24 17:00:00.0;OFF;ON;100;1,70;1,50;5,50;23,20;96,20;110,60;3,90;4;64,80;5;4,20;
2026-06-24 17:01:00.0;OFF;ON;100;1,70;1,50;5,50;23,20;96,10;110,60;3,80;4;65;5;4,20;
2026-06-24 17:02:00.0;OFF;ON;100;1,10;1,50;5,50;23,10;96,20;110,60;4,40;4;61,50;5;4,20;
2026-06-24 17:03:00.0;OFF;ON;100;1,20;1,50;5,50;23,10;96,30;110,60;4,30;4;61,50;5;4,10;
2026-06-24 17:04:00.0;OFF;ON;100;1;1,40;5,50;23,10;96,20;110,60;4,40;4;60,30;4,90;4;
2026-06-24 17:05:00.0;OFF;ON;100;1,10;1,30;5,40;23;96,10;110,60;4,30;4;60,30;4,80;4;
2026-06-24 17:06:00.0;OFF;ON;100;0,90;1,30;5,30;22,80;95,90;110,90;4,40;4;59,10;4,80;3,90;
2026-06-24 17:07:00.0;OFF;ON;100;1;1,30;5,30;21,60;95,90;109,70;4,30;4;59,10;4,80;3,90;
2026-06-24 17:08:00.0;OFF;ON;100;0,90;1,20;5,20;21,70;95,90;109,70;4,30;4;58,50;4,70;3,90;
2026-06-24 17:09:00.0;OFF;ON;100;0,80;1,20;5,20;21,60;95,90;109,70;4,40;4;57,20;4,70;3,80;
2026-06-24 17:10:00.0;OFF;ON;100;0,80;1,20;5,20;21,60;95,90;109,70;4,40;4;57,20;4,70;3,80;
2026-06-24 17:11:00.0;OFF;ON;100;1,30;1,20;5,20;21,50;95,90;109,80;3,90;4;60,10;4,70;3,80;
2026-06-24 17:12:00.0;OFF;ON;100;1;1,10;5,10;21,50;95,90;109,80;4,20;4;57,80;4,70;3,80;
2026-06-24 17:13:00.0;OFF;ON;100;1,10;1,10;5,10;21,40;95,90;109,70;4;4;59,20;4,60;3,80;
2026-06-24 17:14:00.0;OFF;ON;100;0,80;1,10;5,10;21,30;96;109,70;4,30;4;56,90;4,70;3,80;
2026-06-24 17:15:00.0;OFF;ON;100;1,20;1,10;5,10;21,30;96,10;109,70;3,90;4;59,40;4,60;3,80;
2026-06-24 17:16:00.0;OFF;ON;100;0,80;1,10;5,10;21,20;96;109,70;4,20;4;56,90;4,60;3,80;
2026-06-24 17:17:00.0;OFF;ON;100;0,90;1,10;5,10;21,20;96,10;109,70;4,20;4;57,10;4,60;3,80;
2026-06-24 17:18:00.0;OFF;ON;100;0,90;1;5;21,10;96;109,70;4,10;4;57,70;4,60;3,80;
2026-06-24 17:19:00.0;OFF;ON;100;0,90;1;5;21,10;96,10;109,70;4,10;4;57,50;4,60;3,80;
2026-06-24 17:20:00.0;OFF;ON;100;1,10;1;5;21;96,10;109,70;3,90;4;58,90;4,60;3,80;
2026-06-24 17:21:00.0;OFF;ON;100;1;1,50;5;21;96,10;109,80;4;4;55,10;4,60;3,80;
2026-06-24 17:22:00.0;OFF;ON;100;1,50;1,50;5;20,90;96,10;109,70;3,50;3,50;57,30;4,60;3,80;
2026-06-24 17:23:00.0;OFF;ON;100;1,20;1,50;5;20,90;96,20;109,70;3,80;3,50;55,40;4,60;3,80;
2026-06-24 17:24:00.0;OFF;ON;100;1,30;1,50;5;20,80;96,30;109,70;3,70;3,50;55,80;4,60;3,90;
2026-06-24 17:25:00.0;OFF;ON;100;2,10;1,50;5;20,80;96,40;109,70;2,90;3,50;61,10;4,60;3,90;
2026-06-24 17:26:00.0;OFF;ON;100;1,60;1,60;5,10;20,70;96,40;109,70;3,40;3,50;58,20;4,60;4;
2026-06-24 17:27:00.0;OFF;ON;100;1,90;1,60;5,10;20,70;96,70;109,70;3,20;3,50;59,80;4,70;4,10;
2026-06-24 17:28:00.0;OFF;ON;100;1,90;1,60;5,10;20,60;96,70;109,70;3,20;3,50;60,50;4,70;4,10;
2026-06-24 17:29:00.0;OFF;ON;100;1,70;1,70;5,20;20,50;96,90;109,70;3,50;3,50;59,40;4,70;4,20;
2026-06-24 17:30:00.0;OFF;ON;100;1,90;1,70;5,20;20,50;96,80;109,70;3,20;3,50;61,30;4,70;4,10;
2026-06-24 17:31:00.0;OFF;ON;100;1,90;1,70;5,20;20,50;96,90;109,70;3,30;3,50;61,30;4,70;4,20;
2026-06-24 17:32:00.0;OFF;ON;100;2,10;1,70;5,20;20,40;96,90;109,70;3,10;3,50;63;4,70;4,20;
2026-06-24 17:33:00.0;OFF;ON;100;2;1,70;5,20;20,40;96,90;109,70;3,20;3,50;63;4,70;4,20;
2026-06-24 17:34:00.0;OFF;ON;100;1,60;1,70;5,20;20,30;96,90;109,70;3,60;3,50;60,60;4,80;4,20;
2026-06-24 17:35:00.0;OFF;ON;100;2,10;1,70;5,20;20,30;96,80;109,70;3;3,50;64,60;4,70;4,10;
2026-06-24 17:36:00.0;OFF;ON;100;1,90;1,70;5,20;20,20;96,80;109,70;3,30;3,50;63,60;4,70;4,20;
2026-06-24 17:37:00.0;OFF;ON;100;2,20;1,70;5,20;20,10;96,80;109,70;3;3,50;66;4,70;4,20;
2026-06-24 17:38:00.0;OFF;ON;100;1,90;1,70;5,20;20,10;96,80;109,70;3,30;3,50;64,40;4,70;4,20;
2026-06-24 17:39:00.0;OFF;ON;100;1,50;1,70;5,20;20;96,90;109,70;3,70;3,50;62,10;4,70;4,20;
2026-06-24 17:40:00.0;OFF;ON;100;1,80;1,70;5,20;20;96,80;109,70;3,30;3,50;64,70;4,70;4,10;
2026-06-24 17:41:00.0;OFF;ON;100;1,90;1,60;5,10;20;96,80;109,70;3,20;3,50;65,70;4,70;4,10;
2026-06-24 17:42:00.0;OFF;ON;100;1,90;1,60;5,10;19,90;96,60;109,70;3,30;3,50;66,10;4,70;4,10;
2026-06-24 17:43:00.0;OFF;ON;100;2;1,60;5,10;19,90;96,70;109,70;3,10;3,50;67,40;4,70;4,10;
2026-06-24 17:44:00.0;OFF;ON;100;1,60;1,60;5,10;19,80;96,70;109,70;3,50;3,50;64,20;4,70;4,10;
2026-06-24 17:45:00.0;OFF;ON;100;1,80;1,60;5,10;19,80;96,60;109,70;3,20;3,50;66,60;4,60;4;
2026-06-24 17:46:00.0;OFF;ON;100;1,60;1,60;5,10;19,80;96,50;109,70;3,50;3,50;65,60;4,60;4;
2026-06-24 17:47:00.0;OFF;ON;100;1,90;1,60;5,10;19,70;96,50;109,70;3,10;3,50;67,80;4,60;4;
2026-06-24 17:48:00.0;OFF;ON;100;1,60;1,50;5;19,70;96,50;109,70;3,50;3,50;66,10;4,60;4;
2026-06-24 17:49:00.0;OFF;ON;100;1,70;1,50;5;19,60;96,50;109,70;3,30;3,50;67,10;4,50;3,90;
2026-06-24 17:50:00.0;OFF;ON;100;1,60;1,50;5;19,60;96,40;109,70;3,40;3,50;66,40;4,50;3,90;
2026-06-24 17:51:00.0;OFF;ON;100;1,60;1,50;5;19,60;96,30;109,70;3,30;3,50;67,10;4,50;3,90;
2026-06-24 17:52:00.0;OFF;ON;100;1,50;1,50;5;19,50;96,40;109,70;3,40;3,50;66,60;4,50;3,90;
2026-06-24 17:53:00.0;OFF;ON;100;0,90;1,40;4,90;19,50;96,40;109,70;4;3,50;62,70;4,50;3,90;
2026-06-24 17:54:00.0;OFF;ON;100;1,40;1,40;4,90;19,40;96,30;109,70;3,50;3,50;66,30;4,50;3,90;
2026-06-24 17:55:00.0;OFF;ON;100;1,80;1,40;4,90;19,40;96,20;109,70;3,10;3,50;68,70;4,50;3,90;
2026-06-24 17:56:00.0;OFF;ON;100;1,40;1,40;4,90;19,40;96,20;109,70;3,50;3,50;66,70;4,50;3,90;
2026-06-24 17:57:00.0;OFF;ON;100;1,50;1,40;4,90;19,30;96,30;109,70;3,40;3,50;67,20;4,50;3,90;
2026-06-24 17:58:00.0;OFF;ON;100;0,70;1,40;4,90;19,30;96,30;109,70;4,10;3,50;62,30;4,50;3,90;
2026-06-24 17:59:00.0;OFF;ON;100;1,40;1,30;4,80;19,30;96,30;109,70;3,40;3,50;67;4,40;3,80;
2026-06-24 18:00:00.0;OFF;ON;100;1,70;1,30;4,80;19,20;96,10;109,70;3,20;3,50;68,70;4,40;3,80;
2026-06-24 18:01:00.0;OFF;ON;100;1,30;1,30;4,80;19,20;96;109,70;3,50;3,50;67,50;4,40;3,80;
2026-06-24 18:02:00.0;OFF;ON;100;1;1,30;4,80;19,10;96,10;109,70;3,80;3,50;65;4,40;3,80;
2026-06-24 18:03:00.0;OFF;ON;100;1,30;1,30;4,80;19,10;96,20;109,70;3,50;3,50;67;4,40;3,80;
2026-06-24 18:04:00.0;OFF;ON;100;1,30;1,20;4,70;19,10;96,10;109,70;3,50;3,50;66,30;4,30;3,70;
2026-06-24 18:05:00.0;OFF;ON;100;1,40;1,20;4,70;19;96;109,70;3,30;3,50;68;4,30;3,70;
2026-06-24 18:06:00.0;OFF;ON;100;1,20;1,20;4,70;19;96,10;109,70;3,50;3,50;66,70;4,30;3,70;
2026-06-24 18:07:00.0;OFF;ON;100;1,30;1,20;4,70;18,90;96,20;109,70;3,40;3,50;67,30;4,30;3,70;
2026-06-24 18:08:00.0;OFF;ON;100;1,50;1,20;4,70;18,90;96,10;109,70;3,10;3,50;69,10;4,30;3,60;
2026-06-24 18:09:00.0;OFF;ON;100;1,10;1,10;4,60;18,80;96;109,70;3,50;3,50;67,30;4,30;3,60;
2026-06-24 18:10:00.0;OFF;ON;100;1,20;1,10;4,60;18,80;96;109,70;3,50;3,50;66,40;4,20;3,60;
2026-06-24 18:11:00.0;OFF;ON;100;1,20;1,10;4,60;18,80;96;109,70;3,40;3,50;67,60;4,20;3,60;
2026-06-24 18:12:00.0;OFF;ON;100;0,70;1,10;4,60;18,70;96;109,70;3,90;3,50;63,70;4,20;3,60;
2026-06-24 18:13:00.0;OFF;ON;100;1,20;1,10;4,60;18,70;96;109,70;3,40;3,50;66,90;4,20;3,50;
2026-06-24 18:14:00.0;OFF;ON;100;1,30;1,10;4,60;18,70;95,90;109,70;3,30;3,50;68;4,20;3,50;
2026-06-24 18:15:00.0;OFF;ON;100;1,40;1,10;4,60;18,60;96;109,70;3,10;3,50;69,10;4,20;3,50;
2026-06-24 18:16:00.0;OFF;ON;100;0,70;1,10;4,60;18,60;96;109,70;3,90;3,50;64,30;4,20;3,60;
2026-06-24 18:17:00.0;OFF;ON;100;1,30;1,10;4,60;18,50;95,90;109,70;3,30;3,50;67,70;4,20;3,50;
2026-06-24 18:18:00.0;OFF;ON;100;1,20;1;4,50;18,50;96;109,70;3,30;3,50;67,90;4,10;3,50;
2026-06-24 18:19:00.0;OFF;ON;100;1,40;1;4,50;18,50;95,90;109,70;3,10;3,50;69,10;4,10;3,50;
2026-06-24 18:20:00.0;OFF;ON;100;1,30;1;4,50;18,40;96;109,70;3,20;3,50;68,70;4,10;3,50;
2026-06-24 18:21:00.0;OFF;ON;100;0,40;1;4,50;18,40;96,10;109,70;4,10;3,50;63;4,10;3,50;
2026-06-24 18:22:00.0;OFF;ON;100;1,20;1;4,50;18,40;96,10;109,70;3,30;3,50;67,70;4,10;3,50;
2026-06-24 18:23:00.0;OFF;ON;100;1;1;4,50;18,30;96;109,70;3,40;3,50;67,30;4,10;3,40;
2026-06-24 18:24:00.0;OFF;ON;100;1,20;1;4,50;18,20;96;109,70;3,30;3,50;68,40;4;3,40;
2026-06-24 18:25:00.0;OFF;ON;100;1,20;1;4,50;18,20;96;109,70;3,30;3,50;68,40;4;3,40;
2026-06-24 18:26:00.0;OFF;ON;100;0,60;0,90;4,40;18,20;96;109,70;3,80;3,50;65,20;4;3,40;
2026-06-24 18:27:00.0;OFF;ON;100;0,90;0,90;4,40;18,10;95,90;109,70;3,50;3,50;67,50;4;3,40;
2026-06-24 18:28:00.0;OFF;ON;100;0,90;0,90;4,40;18,10;95,90;109,70;3,50;3,50;67,40;4;3,40;
2026-06-24 18:29:00.0;OFF;ON;100;1,10;0,90;4,40;18,10;95,90;109,70;3,30;3,50;68,70;4;3,40;
2026-06-24 18:30:00.0;OFF;ON;100;1,10;0,90;4,40;18;95,90;109,70;3,30;3,50;68,50;4;3,40;
2026-06-24 18:31:00.0;OFF;ON;100;0,80;0,90;4,40;18;95,90;109,70;3,60;3,50;66,20;4;3,40;
2026-06-24 18:32:00.0;OFF;ON;100;1,10;0,80;4,30;18;96;109,70;3,20;3,50;68,70;3,90;3,30;
2026-06-24 18:33:00.0;OFF;ON;100;0,80;0,80;4,30;17,90;95,90;109,70;3,50;3,50;66,60;3,90;3,30;
2026-06-24 18:34:00.0;OFF;ON;100;1,20;0,80;4,30;17,90;95,90;109,70;3,10;3,50;69,80;3,90;3,30;
2026-06-24 18:35:00.0;OFF;ON;100;0,80;0,80;4,30;17,90;95,90;109,70;3,50;3,50;67,10;3,90;3,30;
2026-06-24 18:36:00.0;OFF;ON;100;0,70;0,80;4,30;17,80;96;109,70;3,60;3,50;66,30;3,90;3,30;
2026-06-24 18:37:00.0;OFF;ON;100;0,90;0,80;4,30;17,80;95,90;109,70;3,30;3,50;68,30;3,90;3,20;
2026-06-24 18:38:00.0;OFF;ON;100;0,90;0,80;4,30;17,70;95,90;109,70;3,30;3,50;68,30;3,80;3,20;
2026-06-24 18:39:00.0;OFF;ON;100;0,70;0,80;4,30;17,70;95,90;109,70;3,50;3,50;66,80;3,80;3,20;
2026-06-24 18:40:00.0;OFF;ON;100;0,10;0,80;4,30;17,70;96;109,70;4,20;3,50;63,20;3,90;3,20;
2026-06-24 18:41:00.0;OFF;ON;100;0,90;0,70;4,20;17,60;95,90;109,70;3,30;3,50;68,70;3,80;3,10;
2026-06-24 18:42:00.0;OFF;ON;100;0,60;0,70;4,20;17,60;95,90;109,70;3,60;3,50;67;3,80;3,20;
2026-06-24 18:43:00.0;OFF;ON;100;0,70;0,70;4,20;17,50;95,90;109,70;3,50;3,50;67,20;3,80;3,20;
2026-06-24 18:44:00.0;OFF;ON;100;1;0,70;4,20;17,50;96;109,70;3,20;3,50;69,80;3,80;3,20;
2026-06-24 18:45:00.0;OFF;ON;100;0,30;0,70;4,20;17,50;96;109,70;3,90;3,50;64,70;3,80;3,20;
2026-06-24 18:46:00.0;OFF;ON;100;0,90;0,70;4,20;17,40;95,90;109,70;3,30;3,50;68,80;3,80;3,10;
2026-06-24 18:47:00.0;OFF;ON;100;0,50;0,60;4,10;17,40;95,80;109,70;3,60;3,50;66,70;3,70;3,10;
2026-06-24 18:48:00.0;OFF;ON;100;1,10;0,60;4,10;17,30;95,80;109,70;3;3,50;70,80;3,70;3,10;
2026-06-24 18:49:00.0;OFF;ON;100;0,10;0,60;4,10;17,30;96;109,60;4;3,50;64,60;3,70;3,10;
2026-06-24 18:50:00.0;OFF;ON;100;0,70;0,60;4,10;17,30;96;109,60;3,40;3,50;68,20;3,70;3,10;
2026-06-24 18:51:00.0;OFF;ON;100;0,50;0,60;4,10;17,20;95,80;109,60;3,60;3,50;67;3,70;3;
2026-06-24 18:52:00.0;OFF;ON;100;0,90;0,60;4,10;17,20;95,80;109,60;3,20;3,50;69,70;3,70;3;
2026-06-24 18:53:00.0;OFF;ON;100;0,40;0,60;4,10;17,10;95,90;109,60;3,60;3,50;67;3,70;3;
2026-06-24 18:54:00.0;OFF;ON;100;0,40;0,50;4;17,10;95,90;109,60;3,70;3,50;66,50;3,60;3;
2026-06-24 18:55:00.0;OFF;ON;100;0,60;0,50;4;17,10;95,80;109,60;3,40;3,50;68,10;3,60;3;
2026-06-24 18:56:00.0;OFF;ON;100;0,40;0,50;4;17;95,80;109,60;3,60;3,50;67,10;3,60;3;
2026-06-24 18:57:00.0;OFF;ON;100;0,60;0,50;4;17;95,80;109,60;3,40;3,50;68,40;3,60;3;
2026-06-24 18:58:00.0;OFF;ON;100;0,70;0,50;4;17;95,90;109,60;3,30;3,50;69,30;3,60;3;
2026-06-24 18:59:00.0;OFF;ON;100;0,60;0,50;4;16,90;95,80;109,60;3,40;3,50;68,20;3,60;3;
2026-06-24 19:00:00.0;OFF;ON;100;0,60;0,40;3,90;16,90;95,80;109,60;3,30;3,50;69,20;3,50;2,90;
2026-06-24 19:01:00.0;OFF;ON;100;0,60;0,40;3,90;16,80;95,80;109,60;3,30;3,50;69,10;3,50;2,90;
2026-06-24 19:02:00.0;OFF;ON;100;0,60;0,40;3,90;16,80;95,80;109,60;3,40;3,50;69,10;3,50;2,90;
2026-06-24 19:03:00.0;OFF;ON;100;0,40;0,40;3,90;16,80;95,90;109,60;3,50;3,50;68,70;3,50;2,90;
2026-06-24 19:04:00.0;OFF;ON;100;0,10;0,40;3,90;16,70;95,90;109,60;3,80;3,50;66,30;3,50;2,90;
2026-06-24 19:05:00.0;OFF;ON;100;0,50;0,40;3,90;16,70;95,80;109,60;3,40;3,50;69,20;3,50;2,80;
2026-06-24 19:06:00.0;OFF;ON;100;0,40;0,40;3,90;16,60;95,80;109,60;3,50;3,50;68;3,50;2,80;
2026-06-24 19:07:00.0;OFF;ON;100;0,40;0,40;3,90;16,60;95,80;109,60;3,40;3,50;69,10;3,40;2,80;
2026-06-24 19:08:00.0;OFF;ON;100;0;0,30;3,80;16,60;95,80;109,60;3,90;3,50;65,70;3,40;2,80;
2026-06-24 19:09:00.0;OFF;ON;100;0,50;0,30;3,80;16,50;95,80;109,60;3,30;3,50;69,40;3,40;2,70;
2026-06-24 19:10:00.0;OFF;ON;100;0,30;0,30;3,80;16,50;95,80;109,60;3,50;3,50;68;3,40;2,70;
2026-06-24 19:11:00.0;OFF;ON;100;0,50;0,30;3,80;16,50;95,70;109,60;3,30;3,50;69,80;3,40;2,80;
2026-06-24 19:12:00.0;OFF;ON;100;0,50;0,30;3,80;16,40;95,80;109,60;3,30;3,50;70,30;3,40;2,80;
2026-06-24 19:13:00.0;OFF;ON;100;-0,10;0,30;3,80;16,40;95,80;109,60;3,90;3,50;66,20;3,40;2,80;
2026-06-24 19:14:00.0;OFF;ON;100;0,30;0,30;3,80;16,40;95,80;109,60;3,50;3,50;68,80;3,30;2,70;
2026-06-24 19:15:00.0;OFF;ON;100;0,50;0,20;3,70;16,30;95,70;109,60;3,20;3,50;70,60;3,30;2,70;
2026-06-24 19:16:00.0;OFF;ON;100;0,40;0,20;3,70;16,30;95,70;109,60;3,30;3,50;69,80;3,30;2,70;
2026-06-24 19:17:00.0;OFF;ON;100;0,10;0,20;3,70;16,20;95,70;109,60;3,60;3,50;68,10;3,30;2,70;
2026-06-24 19:18:00.0;OFF;ON;100;0,10;0,20;3,70;16,20;95,80;109,60;3,60;3,50;67,80;3,30;2,70;
2026-06-24 19:19:00.0;OFF;ON;100;0,40;0,20;3,70;16,20;95,70;109,60;3,30;3,50;69,90;3,20;2,60;
2026-06-24 19:20:00.0;OFF;ON;100;0,20;0,10;3,60;16,10;95,80;109,60;3,40;3,50;69,20;3,20;2,60;
2026-06-24 19:21:00.0;OFF;ON;100;0,20;0,10;3,60;16,10;95,80;109,60;3,40;3,50;69,60;3,20;2,60;
2026-06-24 19:22:00.0;OFF;ON;100;-0,30;0,10;3,60;16;95,80;109,60;3,90;3,50;66,10;3,20;2,60;
2026-06-24 19:23:00.0;OFF;ON;100;0,20;0,10;3,60;16;95,80;109,60;3,40;3,50;69,60;3,20;2,50;
2026-06-24 19:24:00.0;OFF;ON;100;0,30;0,10;3,60;16;95,70;109,60;3,30;3,50;70,20;3,10;2,50;
2026-06-24 19:25:00.0;OFF;ON;100;0,10;0,10;3,60;15,90;95,60;109,60;3,50;3,50;69,60;3,20;2,50;
2026-06-24 19:26:00.0;OFF;ON;100;0,20;0,10;3,60;15,90;95,80;109,60;3,30;3,50;70,40;3,10;2,50;
2026-06-24 19:27:00.0;OFF;ON;100;-0,20;0,10;3,60;15,80;95,80;109,60;3,80;3,50;67,20;3,10;2,50;
2026-06-24 19:28:00.0;OFF;ON;100;0,20;0;3,50;15,80;95,70;109,60;3,30;3,50;70,20;3,10;2,40;
2026-06-24 19:29:00.0;OFF;ON;100;0,20;0;3,50;15,80;95,60;109,60;3,30;3,50;70,50;3,10;2,40;
2026-06-24 19:30:00.0;OFF;ON;100;0,10;0;3,50;15,70;95,60;109,60;3,30;3,50;70,40;3,10;2,40;
2026-06-24 19:31:00.0;OFF;ON;100;0;0;3,50;15,70;95,60;109,60;3,50;3,50;69;3,10;2,50;
2026-06-24 19:32:00.0;OFF;ON;100;0;0;3,50;15,60;95,70;109,60;3,50;3,50;69,60;3;2,40;
2026-06-24 19:33:00.0;OFF;ON;100;0,20;-0,10;3,40;15,60;95,60;109,60;3,20;3,50;71,30;3;2,30;
2026-06-24 19:34:00.0;OFF;ON;100;0,20;-0,10;3,40;15,60;95,60;109,60;3,20;3,50;71,20;3;2,40;
2026-06-24 19:35:00.0;OFF;ON;100;0;-0,10;3,40;15,60;95,60;109,60;3,40;3,50;70,10;3;2,40;
2026-06-24 19:36:00.0;OFF;ON;100;0;-0,10;3,40;15,50;95,70;109,60;3,50;3,50;69,50;3;2,40;
2026-06-24 19:37:00.0;OFF;ON;100;-0,40;-0,10;3,40;15,50;95,70;109,60;3,80;3,50;67,80;3;2,40;
2026-06-24 19:38:00.0;OFF;ON;100;-0,10;-0,20;3,30;15,40;95,50;109,60;3,40;3,50;70,40;2,90;2,30;
2026-06-24 19:39:00.0;OFF;ON;100;-0,20;-0,20;3,30;15,40;95,60;109,60;3,50;3,50;70,40;2,90;2,30;
2026-06-24 19:40:00.0;OFF;ON;100;0,10;-0,20;3,30;15,40;95,60;109,60;3,30;3,50;71,70;2,90;2,30;
2026-06-24 19:41:00.0;OFF;ON;100;-0,60;-0,20;3,30;15,30;95,70;109,60;3,90;3,50;67,50;2,90;2,30;
2026-06-24 19:42:00.0;OFF;ON;100;-0,10;-0,20;3,30;15,30;95,60;109,60;3,30;3,50;71,30;2,90;2,20;
2026-06-24 19:43:00.0;OFF;ON;100;-0,20;-0,20;3,30;15,20;95,50;109,60;3,50;3,50;70;2,80;2,20;
2026-06-24 19:44:00.0;OFF;ON;100;-0,10;-0,20;3,30;15,20;95,60;109,60;3,40;3,50;71,60;2,80;2,20;
2026-06-24 19:45:00.0;OFF;ON;100;-0,30;-0,20;3,30;15,20;95,70;109,60;3,60;3,50;70,40;2,80;2,20;
2026-06-24 19:46:00.0;OFF;ON;100;-0,50;-0,20;3,30;15,10;95,60;109,60;3,80;3,50;68,70;2,80;2,20;
2026-06-24 19:47:00.0;OFF;ON;100;-0,90;-0,30;3,20;15,10;95,50;109,60;4,10;3,50;65,80;2,80;2;
2026-06-24 19:48:00.0;OFF;ON;100;-1,10;-0,40;3,10;15;95,20;109,60;4,20;3,50;64,90;2,70;1,90;
2026-06-24 19:49:00.0;OFF;ON;100;-0,90;-0,50;3;15;95;109,60;3,90;3,50;65,30;2,60;1,80;
2026-06-24 19:50:00.0;OFF;ON;100;-0,60;-0,50;3;15;95;109,60;3,50;3,50;67,30;2,50;1,70;
2026-06-24 19:51:00.0;OFF;ON;100;-0,90;-0,60;2,90;15;94,90;109,60;3,80;3,50;64,90;2,50;1,60;
2026-06-24 19:52:00.0;OFF;ON;100;-0,60;-0,60;2,90;14,90;94,80;109,60;3,50;3,50;65,70;2,40;1,60;
2026-06-24 19:53:00.0;OFF;ON;100;-1,10;-0,60;2,90;14,90;94,80;109,60;3,90;3,50;62,80;2,40;1,60;
2026-06-24 19:54:00.0;OFF;ON;100;-0,90;-0,70;2,80;14,90;94,80;109,60;3,70;3,50;63,80;2,40;1,60;
2026-06-24 19:55:00.0;OFF;ON;100;-0,60;-0,70;2,80;14,80;95;109,60;3,40;3,50;65,10;2,30;1,50;
2026-06-24 19:56:00.0;OFF;ON;100;-0,60;-0,70;2,80;14,80;95;109,60;3,40;3,50;65,10;2,30;1,50;
2026-06-24 19:57:00.0;OFF;ON;100;-0,70;-0,70;2,80;14,80;94,90;109,60;3,50;3,50;63,10;2,30;1,60;
2026-06-24 19:58:00.0;OFF;ON;100;-0,80;-0,70;2,80;14,70;95;109,60;3,60;3,50;62,90;2,30;1,50;
2026-06-24 19:59:00.0;OFF;ON;100;-0,60;-0,70;2,80;14,70;95;109,60;3,40;3,50;63,90;2,30;1,50;
2026-06-24 20:00:00.0;OFF;ON;100;-0,90;-0,80;2,70;14,70;95;109,60;3,60;3,50;62,30;2,30;1,50;
2026-06-24 20:01:00.0;OFF;ON;100;-0,80;-0,80;2,70;14,60;95,10;109,60;3,50;3,50;62,60;2,30;1,50;
2026-06-24 20:02:00.0;OFF;ON;100;-0,70;-0,80;2,70;14,60;95,20;109,60;3,50;3,50;63,40;2,30;1,60;
2026-06-24 20:03:00.0;OFF;ON;100;-0,80;-0,80;2,70;14,60;95,20;109,60;3,50;3,50;62,50;2,30;1,60;
2026-06-24 20:04:00.0;OFF;ON;100;-0,80;-0,80;2,70;14,50;95,40;109,60;3,50;3,50;62,50;2,30;1,60;
2026-06-24 20:05:00.0;OFF;ON;100;-0,80;-0,80;2,70;14,50;95,40;109,60;3,50;3,50;63,40;2,30;1,50;
2026-06-24 20:06:00.0;OFF;ON;100;-0,60;-0,80;2,70;14,50;95,20;109,60;3,30;3,50;64,30;2,30;1,50;
2026-06-24 20:07:00.0;OFF;ON;100;-0,70;-0,80;2,70;14,50;95,30;109,60;3,40;3,50;63,70;2,20;1,50;
2026-06-24 20:08:00.0;OFF;ON;100;-0,70;-0,80;2,70;14,40;95,40;109,60;3,40;3,50;63,90;2,20;1,60;
2026-06-24 20:09:00.0;OFF;ON;100;-0,80;-0,80;2,70;14,40;95,40;109,60;3,50;3,50;63,80;2,20;1,60;
2026-06-24 20:10:00.0;OFF;ON;100;-0,80;-0,80;2,70;14,40;95,40;109,60;3,50;3,50;63,90;2,20;1,50;
2026-06-24 20:11:00.0;OFF;ON;100;-0,60;-0,80;2,70;14,40;95,50;109,60;3,30;3,50;65,10;2,20;1,50;
2026-06-24 20:12:00.0;OFF;ON;100;-0,70;-0,80;2,70;14,30;95,40;109,60;3,40;3,50;64,60;2,20;1,50;
2026-06-24 20:13:00.0;OFF;ON;100;-0,70;-0,90;2,60;14,30;95,50;109,60;3,40;3,50;64,90;2,20;1,50;
2026-06-24 20:14:00.0;OFF;ON;100;-0,70;-0,90;2,60;14,30;95,40;109,60;3,30;3,50;65,60;2,20;1,50;
2026-06-24 20:15:00.0;OFF;ON;100;-0,80;-0,90;2,60;14,20;95,50;109,60;3,50;3,50;64,80;2,20;1,50;
2026-06-24 20:16:00.0;OFF;ON;100;-0,50;-0,90;2,60;14,20;95,50;109,60;3,10;3,50;67,20;2,20;1,50;
2026-06-24 20:17:00.0;OFF;ON;100;-0,90;-0,90;2,60;14,20;95,40;109,60;3,50;3,50;64,50;2,20;1,50;
2026-06-24 20:18:00.0;OFF;ON;100;-0,70;-0,90;2,60;14,10;95,40;109,60;3,30;3,50;66,40;2,10;1,50;
2026-06-24 20:19:00.0;OFF;ON;100;-0,80;-0,90;2,60;14,10;95,50;109,60;3,40;3,50;66,30;2,10;1,50;
2026-06-24 20:20:00.0;OFF;ON;100;-0,60;-0,90;2,60;14,10;95,60;109,50;3,20;3,50;67,70;2,10;1,50;
2026-06-24 20:21:00.0;OFF;ON;100;-0,70;-0,90;2,60;14,10;95,50;109,50;3,30;3,50;67,60;2,10;1,50;
2026-06-24 20:22:00.0;OFF;ON;100;-0,70;-0,90;2,60;14;95,50;109,50;3,30;3,50;67,70;2,10;1,50;
2026-06-24 20:23:00.0;OFF;ON;100;-0,70;-1;2,50;14;95,50;109,50;3,20;3,50;68,60;2,10;1,50;
2026-06-24 20:24:00.0;OFF;ON;100;-0,80;-1;2,50;14;95,40;109,50;3,40;3,50;68,10;2,10;1,50;
2026-06-24 20:25:00.0;OFF;ON;100;-0,60;-1;2,50;13,90;95,40;109,50;3,20;3,50;69,60;2,10;1,40;
2026-06-24 20:26:00.0;OFF;ON;100;-0,70;-1;2,50;13,90;95,50;109,50;3,20;3,50;69,80;2,10;1,40;
2026-06-24 20:27:00.0;OFF;ON;100;-0,70;-1;2,50;13,90;95,50;109,50;3,20;3,50;70,10;2;1,40;
2026-06-24 20:28:00.0;OFF;ON;100;-0,80;-1;2,50;13,90;95,50;109,50;3,30;3,50;69,70;2;1,40;
2026-06-24 20:29:00.0;OFF;ON;100;-0,60;-1;2,50;13,80;95,60;109,50;3,10;3,50;71,40;2;1,40;
2026-06-24 20:30:00.0;OFF;ON;100;-0,80;-1;2,50;13,80;95,50;109,50;3,30;3,50;70,30;2;1,40;
2026-06-24 20:31:00.0;OFF;ON;100;-0,80;-1,10;2,40;13,70;95,50;109,50;3,20;3,50;71,60;1,90;1,40;
2026-06-24 20:32:00.0;OFF;ON;100;-0,80;-1,10;2,40;13,70;95,50;109,50;3,20;3,50;71,60;1,90;1,30;
2026-06-24 20:33:00.0;OFF;ON;100;-0,50;-1;2,50;13,70;95,40;109,50;3;3,50;74;2;1,40;
2026-06-24 20:34:00.0;OFF;ON;100;-0,70;-1;2,50;13,70;95,50;109,50;3,20;3,50;73,20;2;1,40;
2026-06-24 20:35:00.0;OFF;ON;100;-0,90;-1;2,50;13,60;95,50;109,50;3,40;3,50;72,30;2;1,40;
2026-06-24 20:36:00.0;OFF;ON;100;-0,90;-1,10;2,40;13,60;95,60;109,50;3,40;3,50;72,70;1,90;1,30;
2026-06-24 20:37:00.0;OFF;ON;100;-1,10;-1,10;2,40;13,60;95,60;109,50;3,50;3,50;71,80;1,90;1,30;
2026-06-24 20:38:00.0;OFF;ON;100;-0,40;-1,10;2,40;13,50;95,50;109,50;2,80;3,50;77,30;1,90;1,40;
2026-06-24 20:39:00.0;OFF;ON;100;-0,20;-1,10;2,40;13,50;95,40;109,50;2,70;3,50;78,80;1,90;1,40;
2026-06-24 20:40:00.0;OFF;ON;100;-1,30;-1,10;2,40;13,50;95,60;109,50;3,70;3,50;72,10;1,90;1,30;
2026-06-24 20:41:00.0;OFF;ON;100;-0,20;-1,10;2,40;13,50;95,50;109,50;2,60;3,50;80;1,90;1,20;
2026-06-24 20:42:00.0;OFF;ON;100;-2,40;-1,10;2,40;13,40;95,50;109,50;4,80;3,50;65,50;1,90;1,40;
2026-06-24 20:43:00.0;OFF;ON;100;-0,90;-1,10;2,40;13,40;95,70;109,50;3,40;3,50;73,90;1,90;1,30;
2026-06-24 20:44:00.0;OFF;ON;100;-0,90;-1,10;2,40;13,40;95,70;109,50;3,40;3,50;73,90;1,90;1,30;
2026-06-24 20:45:00.0;OFF;ON;100;-3,70;-1,10;2,40;13,30;95,70;109,50;6,10;3,50;55,70;1,90;1,50;
2026-06-24 20:46:00.0;OFF;ON;100;-1;-1,10;2,40;13,30;95,70;109,50;3,40;3,50;72,60;1,90;1,20;
2026-06-24 20:47:00.0;OFF;ON;100;-0,90;-1,10;2,40;13,30;95,60;109,50;3,30;3,50;73,60;1,90;1,30;
2026-06-24 20:48:00.0;OFF;ON;100;-0,60;-1,10;2,40;13,30;95,70;109,50;3;3,50;75,80;1,90;1,30;
2026-06-24 20:49:00.0;OFF;ON;100;-0,70;-1,10;2,40;13,20;95,70;109,50;3,10;3,50;76,10;1,90;1,30;
2026-06-24 20:50:00.0;OFF;ON;100;-0,80;-1,10;2,40;13,20;95,70;109,50;3,20;3,50;75,50;1,90;1,40;
2026-06-24 20:51:00.0;OFF;ON;100;-0,60;-1,20;2,30;13,10;95,50;109,50;2,90;3,50;78,10;1,80;1,30;
2026-06-24 20:52:00.0;OFF;ON;100;-0,80;-1,10;2,40;13,10;95,70;109,50;3,20;3,50;77;1,80;1,30;
2026-06-24 20:53:00.0;OFF;ON;100;-0,80;-1,10;2,40;13,10;95,70;109,50;3,10;3,50;78,10;1,80;1,30;
2026-06-24 20:54:00.0;OFF;ON;100;-1,40;-1,10;2,40;13,10;95,70;109,50;3,70;3,50;74,60;1,80;1,30;
2026-06-24 20:55:00.0;OFF;ON;100;-0,70;-1,20;2,30;13,10;95,70;109,50;3,10;3,50;78,90;1,80;1,20;
2026-06-24 20:56:00.0;OFF;ON;100;-1,40;-1,20;2,30;13;95,40;109,50;3,70;3,50;75,10;1,80;1,30;
2026-06-24 20:57:00.0;OFF;ON;100;-1,70;-1,20;2,30;13;95,60;109,50;4;3,50;72;1,80;1,30;
2026-06-24 20:58:00.0;OFF;ON;100;-1,60;-1,20;2,30;13;95,70;109,50;3,90;3,50;71,80;1,80;1,30;
2026-06-24 20:59:00.0;OFF;ON;100;-1,40;-1,20;2,30;12,90;95,70;109,50;3,80;3,50;70,80;1,80;1,30;
2026-06-24 21:00:00.0;OFF;ON;100;-0,10;-1,30;2,20;12,90;95,60;109,50;2,40;3,50;80,40;1,70;1;
2026-06-24 21:01:00.0;OFF;ON;100;-1,40;-1,20;2,30;12,90;95,50;109,50;3,70;3,50;71,40;1,80;1,30;
2026-06-24 21:02:00.0;OFF;ON;100;-1,70;-1,20;2,30;12,80;95,60;109,50;4;3,50;69,70;1,80;1,20;
2026-06-24 21:03:00.0;OFF;ON;100;-3,80;-1,20;2,30;12,80;95,60;109,50;6;3,50;55,50;1,80;1,30;
2026-06-24 21:04:00.0;OFF;ON;100;-0,80;-1,20;2,30;12,80;95,80;109,50;3,10;3,50;73,20;1,80;1,20;
2026-06-24 21:05:00.0;OFF;ON;100;-0,50;-1,30;2,20;12,80;95,70;109,50;2,70;3,50;76,30;1,70;1,10;
2026-06-24 21:06:00.0;OFF;ON;100;-0,80;-1,30;2,20;12,70;95,40;109,50;3,10;3,50;75;1,70;1,20;
2026-06-24 21:07:00.0;OFF;ON;100;-0,70;-1,30;2,20;12,70;95,40;109,50;2,90;3,50;76,40;1,70;1,20;
2026-06-24 21:08:00.0;OFF;ON;100;-1,10;-1,30;2,20;12,60;95,60;109,50;3,30;3,50;74,80;1,70;1,20;
2026-06-24 21:09:00.0;OFF;ON;100;-0,90;-1,30;2,20;12,60;95,60;109,50;3;3,50;77;1,70;1,10;
2026-06-24 21:10:00.0;OFF;ON;100;-1,50;-1,30;2,20;12,60;95,40;109,50;3,70;3,50;73,20;1,70;1,20;
2026-06-24 21:11:00.0;OFF;ON;100;-1,50;-1,30;2,20;12,60;95,60;109,50;3,70;3,50;72,30;1,70;1,20;
2026-06-24 21:12:00.0;OFF;ON;100;-1,40;-1,30;2,20;12,50;95,70;109,50;3,70;3,50;71,60;1,70;1,20;
2026-06-24 21:13:00.0;OFF;ON;100;-1,20;-1,30;2,20;12,50;95,70;109,50;3,40;3,50;71,70;1,70;1,20;
2026-06-24 21:14:00.0;OFF;ON;100;-1,10;-1,30;2,20;12,50;95,70;109,50;3,20;3,50;73;1,60;1;
2026-06-24 21:15:00.0;OFF;ON;100;-1,50;-1,40;2,10;12,40;95,40;109,50;3,60;3,50;71,70;1,60;1;
2026-06-24 21:16:00.0;OFF;ON;100;-1,50;-1,40;2,10;12,40;95,40;109,50;3,60;3,50;71,80;1,60;1;
2026-06-24 21:17:00.0;OFF;ON;100;-1,40;-1,40;2,10;12,40;95,60;109,50;3,60;3,50;72,10;1,60;1,20;
2026-06-24 21:18:00.0;OFF;ON;100;-0,70;-1,30;2,20;12,40;95,70;109,50;2,80;3,50;74,70;1,70;1,30;
2026-06-24 21:19:00.0;OFF;ON;100;-1,20;-1,40;2,10;12,30;95,70;109,50;3,30;3,50;72,20;1,60;0,90;
2026-06-24 21:20:00.0;OFF;ON;100;-1;-1,40;2,10;12,30;95,50;109,50;3;3,50;75,10;1,60;1;
2026-06-24 21:21:00.0;OFF;ON;100;-0,90;-1,50;2;12,30;95,40;109,50;3;3,50;76;1,60;1;
2026-06-24 21:22:00.0;OFF;ON;100;-0,90;-1,50;2;12,20;95,40;109,50;2,90;3,50;76,90;1,50;1;
2026-06-24 21:23:00.0;OFF;ON;100;-1,10;-1,50;2;12,20;95,50;109,50;3;3,50;75,80;1,50;1;
2026-06-24 21:24:00.0;OFF;ON;100;-1,30;-1,60;1,90;12,20;95,30;109,50;3,30;3,50;76,10;1,40;0,90;
2026-06-24 21:25:00.0;OFF;ON;100;-0,80;-1,50;2;12,20;95,40;109,50;2,70;3,50;80,10;1,50;0,90;
2026-06-24 21:26:00.0;OFF;ON;100;-1,60;-1,50;2;12,10;95,40;109,50;3,50;3,50;75;1,50;1;
2026-06-24 21:27:00.0;OFF;ON;100;-2,40;-1,50;2;12,10;95,60;109,50;4,50;3,50;67,70;1,50;1;
2026-06-24 21:28:00.0;OFF;ON;100;-2,40;-1,50;2;12,10;95,60;109,50;4,40;3,50;67;1,50;1;
2026-06-24 21:29:00.0;OFF;ON;100;-1,60;-1,50;2;12;95,60;109,50;3,60;3,50;70,30;1,50;1;
2026-06-24 21:30:00.0;OFF;ON;100;-1,10;-1,50;2;12;95,60;109,50;3;3,50;74,80;1,40;0,80;
2026-06-24 21:31:00.0;OFF;ON;100;-1,10;-1,60;1,90;12;95,30;109,50;3;3,50;76;1,40;0,90;
2026-06-24 21:32:00.0;OFF;ON;100;-1,90;-1,60;1,90;12;95,30;109,50;3,80;3,50;70,80;1,40;0,90;
2026-06-24 21:33:00.0;OFF;ON;100;-1,30;-1,60;1,80;11,90;95,30;109,50;3,20;3,50;75,60;1,30;0,70;
2026-06-24 21:34:00.0;OFF;ON;100;-1,60;-1,60;1,90;11,90;95,30;109,50;3,50;3,50;72,70;1,40;0,90;
2026-06-24 21:35:00.0;OFF;ON;100;-1,50;-1,60;1,90;11,90;95,50;109,50;3,50;3,50;72,20;1,40;1;
2026-06-24 21:36:00.0;OFF;ON;100;-1,60;-1,60;1,90;11,90;95,60;109,40;3,50;3,50;61,20;1,40;0,80;
2026-06-24 21:37:00.0;OFF;ON;100;-1,80;-1,60;1,90;11,80;95,50;109,50;3,70;3,50;70,60;1,40;0,90;
2026-06-24 21:38:00.0;OFF;ON;100;-1,40;-1,70;1,80;11,80;95,50;109,50;3,30;3,50;73,80;1,30;0,70;
2026-06-24 21:39:00.0;OFF;ON;100;-1,30;-1,70;1,80;11,70;95,30;109,40;3,10;3,50;76,40;1,30;0,80;
2026-06-24 21:40:00.0;OFF;ON;100;-1,30;-1,70;1,80;11,70;95,30;109,50;3,10;3,50;77,40;1,30;0,80;
2026-06-24 21:41:00.0;OFF;ON;100;-2,40;-1,70;1,80;11,70;95,30;109,50;4,20;3,50;71;1,30;0,80;
2026-06-24 21:42:00.0;OFF;ON;100;-1,20;-1,70;1,80;11,70;95,40;109,50;2,90;3,50;79,20;1,20;0,70;
2026-06-24 21:43:00.0;OFF;ON;100;-1,30;-1,80;1,70;11,60;95,30;109,50;3;3,50;79;1,20;0,70;
2026-06-24 21:44:00.0;OFF;ON;100;-1,60;-1,70;1,80;11,60;95,30;109,50;3,40;3,50;76,90;1,30;0,80;
2026-06-24 21:45:00.0;OFF;ON;100;-2;-1,70;1,80;11,60;95,40;109,50;3,80;3,50;74;1,20;0,70;
2026-06-24 21:46:00.0;OFF;ON;100;-2,70;-1,80;1,70;11,50;95,40;109,50;4,40;3,50;69,30;1,20;0,80;
2026-06-24 21:47:00.0;OFF;ON;100;-2,60;-1,70;1,80;11,50;95,50;109,40;4,40;3,50;68,30;1,20;0,80;
2026-06-24 21:48:00.0;OFF;ON;100;-1,60;-1,80;1,70;11,50;95,60;109,50;3,40;3,50;74;1,20;0,70;
2026-06-24 21:49:00.0;OFF;ON;100;-2,10;-1,80;1,70;11,50;95,50;109,50;3,90;3,50;70,40;1,20;0,70;
2026-06-24 21:50:00.0;OFF;ON;100;-2,80;-1,80;1,70;11,40;95,50;109,50;4,50;3,50;65,40;1,20;0,70;
2026-06-24 21:51:00.0;OFF;ON;100;-1,70;-1,80;1,70;11,40;95,60;109,50;3,40;3,50;72,80;1,20;0,60;
2026-06-24 21:52:00.0;OFF;ON;100;-1,40;-1,90;1,60;11,40;95,30;109,50;3;3,50;75,40;1,10;0,60;
2026-06-24 21:53:00.0;OFF;ON;100;-2,90;-1,80;1,70;11,30;95,30;109,50;4,50;3,50;65,50;1,20;0,80;
2026-06-24 21:54:00.0;OFF;ON;100;-1,20;-1,80;1,70;11,30;95,60;109,50;2,90;3,50;75,70;1,20;0,70;
2026-06-24 21:55:00.0;OFF;ON;100;-1,50;-1,90;1,60;11,30;95,40;109,50;3,10;3,50;75,70;1,10;0,60;
2026-06-24 21:56:00.0;OFF;ON;100;-1,40;-1,90;1,60;11,30;95,50;109,50;3;3,50;76,30;1,10;0,70;
2026-06-24 21:57:00.0;OFF;ON;100;-2,70;-1,90;1,60;11,20;95,20;109,40;4,30;3,50;69,20;1,10;0,60;
2026-06-24 21:58:00.0;OFF;ON;100;-2,10;-1,90;1,60;11,20;95,30;109,40;3,70;3,50;72,40;1,10;0,70;
2026-06-24 21:59:00.0;OFF;ON;100;-1,90;-1,90;1,60;11,20;95,50;109,40;3,50;3,50;74,10;1,10;0,70;
2026-06-24 22:00:00.0;OFF;ON;100;-3,10;-1,90;1,60;11,10;95,50;109,40;4,70;3,50;64,40;1,10;0,60;
2026-06-24 22:01:00.0;OFF;ON;100;-2;-1,90;1,60;11,10;95,50;109,40;3,50;3,50;73,20;1;0,50;
2026-06-24 22:02:00.0;OFF;ON;100;-2,30;-2;1,50;11,10;95,20;109,40;3,80;3,50;70,60;1;0,60;
2026-06-24 22:03:00.0;OFF;ON;100;-1,80;-1,90;1,60;11,10;95,30;109,40;3,40;3,50;73,20;1;0,70;
2026-06-24 22:04:00.0;OFF;ON;100;-2,70;-1,90;1,60;11;95,50;109,40;4,30;3,50;66,20;1,10;0,70;
2026-06-24 22:05:00.0;OFF;ON;100;-1,10;-1,90;1,60;11;95,60;109,40;2,70;3,50;74,90;1;0,60;
2026-06-24 22:06:00.0;OFF;ON;100;-1,60;-2;1,50;11;95,40;109,40;3,10;3,50;73,60;0,90;0,50;
2026-06-24 22:07:00.0;OFF;ON;100;-1,20;-2;1,50;10,90;95,30;109,40;2,70;3,50;77,30;1;0,60;
2026-06-24 22:08:00.0;OFF;ON;100;-1,20;-2;1,50;10,90;95,30;109,40;2,70;3,50;78,30;1;0,60;
2026-06-24 22:09:00.0;OFF;ON;100;-1,80;-2;1,50;10,90;95,30;109,40;3,20;3,50;75,80;1;0,60;
2026-06-24 22:10:00.0;OFF;ON;100;-1,40;-2;1,50;10,80;95,40;109,40;2,90;3,50;78,50;1;0,50;
2026-06-24 22:11:00.0;OFF;ON;100;-1,60;-2,10;1,40;10,80;95,20;109,40;3,10;3,50;77,10;0,90;0,50;
2026-06-24 22:12:00.0;OFF;ON;100;-2,30;-2,10;1,40;10,80;95,30;109,40;3,70;3,50;72,90;0,90;0,50;
2026-06-24 22:13:00.0;OFF;ON;100;-2,80;-2,10;1,40;10,80;95,30;109,40;4,20;3,50;69,10;0,90;0,50;
2026-06-24 22:14:00.0;OFF;ON;100;-1,30;-2,10;1,40;10,70;95,40;109,40;2,70;3,50;78,60;0,90;0,50;
2026-06-24 22:15:00.0;OFF;ON;100;-2,10;-2,10;1,40;10,70;95,30;109,40;3,50;3,50;73;0,90;0,50;
2026-06-24 22:16:00.0;OFF;ON;100;-2,10;-2,20;1,30;10,70;95,10;109,40;3,40;3,50;73,90;0,90;0,50;
2026-06-24 22:17:00.0;OFF;ON;100;-2,40;-2,10;1,40;10,60;95,30;109,40;3,80;3,50;71,50;0,90;0,50;
2026-06-24 22:18:00.0;OFF;ON;100;-2,10;-2,10;1,40;10,60;95,30;109,40;3,50;3,50;73,60;0,90;0,40;
2026-06-24 22:19:00.0;OFF;ON;100;-2,90;-2,10;1,40;10,60;95,40;109,40;4,20;3,50;66,90;0,90;0,40;
2026-06-24 22:20:00.0;OFF;ON;100;-1,60;-2,20;1,30;10,60;95,30;109,40;2,90;3,50;75,90;0,80;0,30;
2026-06-24 22:21:00.0;OFF;ON;100;-2,20;-2,20;1,30;10,50;95,30;109,40;3,40;3,50;72,80;0,80;0,40;
2026-06-24 22:22:00.0;OFF;ON;100;-2,80;-2,20;1,30;10,50;95,30;109,40;4,10;3,50;68,70;0,80;0,40;
2026-06-24 22:23:00.0;OFF;ON;100;-2,90;-2,20;1,30;10,50;95,50;109,40;4,20;3,50;67,70;0,80;0,40;
2026-06-24 22:24:00.0;OFF;ON;100;-2,40;-2,20;1,30;10,40;95,50;109,40;3,70;3,50;68,90;0,80;0,40;
2026-06-24 22:25:00.0;OFF;ON;100;-1,20;-2,20;1,30;10,40;95,50;109,40;2,60;3,50;77,10;0,80;0,30;
2026-06-24 22:26:00.0;OFF;ON;100;-1,60;-2,30;1,20;10,40;95,30;109,40;2,80;3,50;77,30;0,80;0,40;
2026-06-24 22:27:00.0;OFF;ON;100;-2;-2,30;1,20;10,40;95,30;109,40;3,20;3,50;75,60;0,80;0,30;
2026-06-24 22:28:00.0;OFF;ON;100;-3;-2,20;1,30;10,30;95,40;109,40;4,20;3,50;69,20;0,80;0,40;
2026-06-24 22:29:00.0;OFF;ON;100;-1,70;-2,20;1,30;10,30;95,40;109,40;3;3,50;75,80;0,80;0,40;
2026-06-24 22:30:00.0;OFF;ON;100;-2,50;-2,30;1,20;10,30;95,30;109,40;3,70;3,50;72,60;0,70;0,30;
2026-06-24 22:31:00.0;OFF;ON;100;-1,90;-2,30;1,20;10,30;95,40;109,40;3,20;3,50;75,80;0,70;0,30;
2026-06-24 22:32:00.0;OFF;ON;100;-1,50;-2,30;1,20;10,20;95,30;109,40;2,80;3,50;78,40;0,70;0,30;
2026-06-24 22:33:00.0;OFF;ON;100;-4;-2,30;1,20;10,20;95,40;109,40;5,20;3,50;62,40;0,70;0,30;
2026-06-24 22:34:00.0;OFF;ON;100;-1,10;-2,30;1,20;10,20;95,40;109,40;2,30;3,50;80,50;0,70;0,20;
2026-06-24 22:35:00.0;OFF;ON;100;-2,60;-2,40;1,10;10,10;95,30;109,40;3,70;3,50;72,10;0,60;0,20;
2026-06-24 22:36:00.0;OFF;ON;100;-2,40;-2,30;1,20;10,10;95,30;109,40;3,60;3,50;72,90;0,70;0,30;
2026-06-24 22:37:00.0;OFF;ON;100;-2,50;-2,30;1,20;10,10;95,30;109,40;3,70;3,50;72,40;0,70;0,30;
2026-06-24 22:38:00.0;OFF;ON;100;-2,80;-2,30;1,20;10;95,30;109,40;4;3,50;69,20;0,70;0,30;
2026-06-24 22:39:00.0;OFF;ON;100;-3,30;-2,30;1,20;10;95,50;109,40;4,50;3,50;65,20;0,70;0,20;
2026-06-24 22:40:00.0;OFF;ON;100;-1,90;-2,30;1,20;10;95,50;109,40;3,10;3,50;74,20;0,70;0,20;
2026-06-24 22:41:00.0;OFF;ON;100;-3,10;-2,40;1,10;10;95,30;109,40;4,20;3,50;68,70;0,60;0,30;
2026-06-24 22:42:00.0;OFF;ON;100;-2,90;-2,40;1,10;10;95,40;109,40;4,10;3,50;69,10;0,70;0,30;
2026-06-24 22:43:00.0;OFF;ON;100;-1,50;-2,30;1,20;9,90;95,50;109,40;2,60;3,50;77;0,70;0,30;
2026-06-24 22:44:00.0;OFF;ON;100;-2,50;-2,40;1,10;9,90;95,40;109,40;3,60;3,50;71,40;0,60;0,10;
2026-06-24 22:45:00.0;OFF;ON;100;-2,60;-2,40;1,10;9,90;95,30;109,40;3,70;3,50;71,40;0,60;0,20;
2026-06-24 22:46:00.0;OFF;ON;100;-2,50;-2,40;1,10;9,90;95,40;109,40;3,50;3,50;72;0,60;0,20;
2026-06-24 22:47:00.0;OFF;ON;100;-2,80;-2,40;1,10;9,80;95,40;109,40;3,90;3,50;70;0,60;0,20;
2026-06-24 22:48:00.0;OFF;ON;100;-1,60;-2,50;1;9,80;95,40;109,40;2,60;3,50;77,70;0,50;0;
2026-06-24 22:49:00.0;OFF;ON;100;-2,70;-2,50;1;9,80;95,30;109,40;3,70;3,50;72,10;0,50;0,10;
2026-06-24 22:50:00.0;OFF;ON;100;-2,40;-2,50;1;9,80;95,30;109,30;3,40;3,50;73,90;0,60;0,20;
2026-06-24 22:51:00.0;OFF;ON;100;-2,20;-2,40;1,10;9,80;95,50;109,40;3,30;3,50;74,80;0,60;0,20;
2026-06-24 22:52:00.0;OFF;ON;100;-4,10;-2,50;1;9,70;95,40;109,40;5,20;3,50;62,20;0,50;0,10;
2026-06-24 22:53:00.0;OFF;ON;100;-2,10;-2,50;1;9,70;95,50;109,40;3,10;3,50;75,30;0,50;0;
2026-06-24 22:54:00.0;OFF;ON;100;-2,90;-2,50;1;9,70;95,30;109,40;3,90;3,50;71,10;0,50;0,10;
2026-06-24 22:55:00.0;OFF;ON;100;-1,80;-2,50;1;9,70;95,30;109,40;2,80;3,50;78,40;0,50;0,10;
2026-06-24 22:56:00.0;OFF;ON;100;-2,80;-2,50;1;9,60;95,30;109,40;3,80;3,50;72,30;0,50;0,10;
2026-06-24 22:57:00.0;OFF;ON;100;-2,60;-2,50;1;9,60;95,40;109,30;3,50;3,50;72,70;0,50;0,10;
2026-06-24 22:58:00.0;OFF;ON;100;-2,80;-2,50;1;9,60;95,40;109,40;3,80;3,50;70,70;0,50;0,10;
2026-06-24 22:59:00.0;OFF;ON;100;-2,60;-2,50;1;9,60;95,50;109,40;3,60;3,50;71,70;0,50;0,10;
2026-06-24 23:00:00.0;OFF;ON;100;-3;-2,50;1;9,50;95,40;109,40;3,90;3,50;68,60;0,50;0,10;
2026-06-24 23:01:00.0;OFF;ON;100;-3,60;-2,50;1;9,50;95,50;109,40;4,50;3,50;64,30;0,50;0,10;
2026-06-24 23:02:00.0;OFF;ON;100;-1;-2,60;0,90;9,50;95,50;109,30;2;3,50;80,20;0,40;0;
2026-06-24 23:03:00.0;OFF;ON;100;-2,80;-2,60;0,90;9,50;95,30;109,30;3,70;3,50;69,80;0,40;0;
2026-06-24 23:04:00.0;OFF;ON;100;-3,20;-2,60;0,90;9,50;95,30;109,30;4,20;3,50;66,70;0,50;0,10;
2026-06-24 23:05:00.0;OFF;ON;100;-1,90;-2,50;1;9,40;95,60;109,40;2,80;3,50;74,50;0,50;0;
2026-06-24 23:06:00.0;OFF;ON;100;-1,80;-2,60;0,90;9,40;95,40;109,40;2,70;3,50;76,60;0,40;0;
2026-06-24 23:07:00.0;OFF;ON;100;-2,30;-2,60;0,90;9,40;95,40;109,40;3,10;3,50;74,80;0,40;-0,10;
2026-06-24 23:08:00.0;OFF;ON;100;-2,30;-2,60;0,90;9,40;95,30;109,40;3,20;3,50;75;0,40;0;
2026-06-24 23:09:00.0;OFF;ON;100;-1,90;-2,60;0,90;9,40;95,40;109,40;2,80;3,50;77,60;0,40;0;
2026-06-24 23:10:00.0;OFF;ON;100;-2,90;-2,60;0,90;9,30;95,40;109,40;3,80;3,50;71,30;0,40;0;
2026-06-24 23:11:00.0;OFF;ON;100;-3,80;-2,60;0,90;9,30;95,40;109,40;4,70;3,50;64,50;0,40;0;
2026-06-24 23:12:00.0;OFF;ON;100;-2,10;-2,60;0,90;9,30;95,50;109,40;2,90;3,50;76;0,40;-0,10;
2026-06-24 23:13:00.0;OFF;ON;100;-2,10;-2,70;0,80;9,30;95,30;109,30;2,90;3,50;77,30;0,30;-0,10;
2026-06-24 23:14:00.0;OFF;ON;100;-3;-2,70;0,80;9,20;95,30;109,30;3,80;3,50;71,60;0,30;0;
2026-06-24 23:15:00.0;OFF;ON;100;-1,90;-2,70;0,80;9,20;95,50;109,30;2,70;3,50;78,60;0,30;-0,10;
2026-06-24 23:16:00.0;OFF;ON;100;-4;-2,70;0,80;9,20;95,40;109,30;4,80;3,50;65,20;0,30;-0,10;
2026-06-24 23:17:00.0;OFF;ON;100;-2,90;-2,70;0,80;9,20;95,50;109,30;3,70;3,50;70,20;0,30;-0,10;
2026-06-24 23:18:00.0;OFF;ON;100;-2,70;-2,70;0,80;9,10;95,50;109,40;3,50;3,50;70,80;0,30;-0,10;
2026-06-24 23:19:00.0;OFF;ON;100;-1,50;-2,80;0,70;9,10;95,30;109,30;2,30;3,50;80,30;0,20;-0,20;
2026-06-24 23:20:00.0;OFF;ON;100;-4,60;-2,70;0,80;9,10;95,30;109,40;5,30;3,50;60,90;0,30;-0,10;
2026-06-24 23:21:00.0;OFF;ON;100;-1,80;-2,70;0,80;9,10;95,50;109,30;2,50;3,50;78,70;0,30;-0,20;
2026-06-24 23:22:00.0;OFF;ON;100;-2,80;-2,80;0,70;9,10;95,20;109,40;3,50;3,50;72,90;0,20;-0,20;
2026-06-24 23:23:00.0;OFF;ON;100;-2,60;-2,80;0,70;9;95,30;109,30;3,30;3,50;74,90;0,20;-0,10;
2026-06-24 23:24:00.0;OFF;ON;100;-2,40;-2,80;0,70;9;95,30;109,40;3,10;3,50;76,40;0,20;-0,10;
2026-06-24 23:25:00.0;OFF;ON;100;-4,30;-2,80;0,70;9;95,30;109,30;5;3,50;64,50;0,20;-0,20;
2026-06-24 23:26:00.0;OFF;ON;100;-2,50;-2,80;0,70;9;95,30;109,30;3,20;3,50;75,50;0,20;-0,20;
2026-06-24 23:27:00.0;OFF;ON;100;-1,90;-2,90;0,60;9;95,20;109,30;2,50;3,50;80,80;0,10;-0,20;
2026-06-24 23:28:00.0;OFF;ON;100;-2,90;-2,80;0,70;8,90;95,30;109,30;3,60;3,50;74,70;0,20;-0,20;
2026-06-24 23:29:00.0;OFF;ON;100;-2,30;-2,80;0,70;8,90;95,30;109,30;3;3,50;79,10;0,20;-0,20;
2026-06-24 23:30:00.0;OFF;ON;100;-3;-2,80;0,70;8,90;95,30;109,30;3,70;3,50;74;0,20;-0,20;
2026-06-24 23:31:00.0;OFF;ON;100;-2,60;-2,90;0,60;8,90;95,30;109,30;3,20;3,50;76,80;0,10;-0,20;
2026-06-24 23:32:00.0;OFF;ON;100;-3,20;-2,90;0,60;8,90;95,30;109,30;3,80;3,50;72,90;0,10;-0,30;
2026-06-24 23:33:00.0;OFF;ON;100;-2;-2,90;0,60;8,80;95,20;109,30;2,70;3,50;80,40;0,10;-0,30;
2026-06-24 23:34:00.0;OFF;ON;100;-2,70;-2,90;0,60;8,80;95,30;109,30;3,30;3,50;77,20;0,10;-0,30;
2026-06-24 23:35:00.0;OFF;ON;100;-2,50;-2,90;0,60;8,80;95,20;109,30;3,10;3,50;78,20;0,10;-0,20;
2026-06-24 23:36:00.0;OFF;ON;100;-3,20;-2,90;0,60;8,80;95,20;109,30;3,80;3,50;74;0,10;-0,30;
2026-06-24 23:37:00.0;OFF;ON;100;-2,90;-3;0,50;8,70;95,10;109,30;3,40;3,50;77,80;0;-0,30;
2026-06-24 23:38:00.0;OFF;ON;100;-2,70;-3;0,50;8,70;95,20;109,30;3,30;3,50;79,20;0;-0,30;
2026-06-24 23:39:00.0;OFF;ON;100;-2,90;-3;0,50;8,70;95,10;109,30;3,40;3,50;78,10;0;-0,30;
2026-06-24 23:40:00.0;OFF;ON;100;-2,30;-3;0,50;8,70;95,10;109,30;2,80;3,50;82;0;-0,40;
2026-06-24 23:41:00.0;OFF;ON;100;-2,80;-3;0,50;8,60;95,10;109,30;3,20;3,50;80,60;0;-0,40;
2026-06-24 23:42:00.0;OFF;ON;100;-3;-3;0,50;8,60;95,10;109,30;3,40;3,50;79,80;0;-0,30;
2026-06-24 23:43:00.0;OFF;ON;100;-2;-3;0,50;8,60;95,10;109,30;2,50;3,50;86,80;0;-0,30;
2026-06-24 23:44:00.0;OFF;ON;100;-3,20;-3;0,50;8,60;95,10;109,30;3,70;3,50;78,70;0;-0,30;
2026-06-24 23:45:00.0;OFF;ON;100;-2,30;-3,10;0,40;8,60;95,10;109,30;2,70;3,50;85,90;-0,10;-0,50;
2026-06-24 23:46:00.0;OFF;ON;100;-2,90;-3,10;0,40;8,50;95;109,30;3,30;3,50;83;-0,10;-0,40;
2026-06-24 23:47:00.0;OFF;ON;100;-2,80;-3,10;0,40;8,50;95;109,30;3,20;3,50;84,40;-0,10;-0,40;
2026-06-24 23:48:00.0;OFF;ON;100;-2;-3,10;0,40;8,50;95,10;109,30;2,40;3,50;90,10;-0,10;-0,40;
2026-06-24 23:49:00.0;OFF;ON;100;-2,40;-3,10;0,40;8,50;95,10;109,30;2,80;3,50;88,50;-0,10;-0,40;
2026-06-24 23:50:00.0;OFF;ON;100;-2,70;-3,20;0,30;8,40;95;109,30;3;3,50;88,20;-0,10;-0,50;
2026-06-24 23:51:00.0;OFF;ON;100;-2,90;-3,10;0,40;8,40;94,90;109,30;3,20;3,50;87,70;-0,10;-0,50;
2026-06-24 23:52:00.0;OFF;ON;100;-1,90;-3,20;0,30;8,40;95;109,30;2,30;3,50;95;-0,10;-0,50;
2026-06-24 23:53:00.0;OFF;ON;100;-4;-3,20;0,30;8,40;95;109,30;4,30;3,50;82,60;-0,10;-0,50;
2026-06-24 23:54:00.0;OFF;ON;100;-1,70;-3,20;0,30;8,40;95,10;109,30;2,10;3,50;97,90;-0,10;-0,60;
2026-06-24 23:55:00.0;OFF;ON;100;-3;-3,20;0,30;8,30;94,90;109,30;3,30;3,50;91,20;-0,20;-0,60;
2026-06-24 23:56:00.0;OFF;ON;100;-2,30;-3,20;0,30;8,30;94,90;109,30;2,60;3,50;96,80;-0,20;-0,50;
2026-06-24 23:57:00.0;OFF;ON;100;-2,50;-3,20;0,30;8,30;95;109,30;2,80;3,50;96,80;-0,20;-0,50;
2026-06-24 23:58:00.0;OFF;ON;100;-2,30;-3,20;0,30;8,30;95,10;109,30;2,60;3,50;99,30;-0,20;-0,50;
2026-06-24 23:59:00.0;OFF;ON;100;-2,20;-3,20;0,30;8,30;95;109,30;2,50;3,50;100;-0,20;-0,60;
