CamCarcacas2;
2026-07-25 00:00;2026-07-26 00:00;
12144 Frigorífico Thoms;
ayron.costa;
" ";CPCO 51 - Câmara de carcaças - Controle de temperatura 1;CPCO 51 - Câmara de carcaças - Controle de temperatura 1;CPCO 51 - Câmara de carcaças - Controle de temperatura 1;CPCO 51 - Câmara de carcaças - Controle de temperatura 1;CPCO 51 - Câmara de carcaças - Controle de temperatura 1;CPCO 51 - Câmara de carcaças - Controle de temperatura 1;CPCO 52 - Câmara de carcaças - Controle de temperatura 2;CPCO 52 - Câmara de carcaças - Controle de temperatura 2;CPCO 53 - Balança;CPCO 51 - Câmara de carcaças - Controle de temperatura 1;CPCO 51 - Câmara de carcaças - Controle de temperatura 1;CPCO 51 - Câmara de carcaças - Controle de temperatura 1;CPCO 51 - Câmara de carcaças - Controle de temperatura 1;CPCO 54 - Câmara de carcaças - Controle de temperatura 3;
" ";Carregamento;Resfriamento;Saida Y1 - Ventiladores EC;Temp entrada glicol;Temp ref;Temp retorno ar;Temperatuda espeto;Umidade relativa da camara;Peso atual;DT Atual;DT ref;Cap Atual Valvula;Temp retorno ar M1A08;Temp Insuf de ar M1A08;" ";
2026-07-25 00:00:00.0;OFF;ON;100;-3,40;-4;-0,60;9,50;95,40;122,60;2,80;5,80;99,70;-0,70;-1,20;
2026-07-25 00:01:00.0;OFF;ON;100;-3,40;-4;-0,60;9,50;95,40;122,60;2,80;6;99,60;-0,80;-1,20;
2026-07-25 00:02:00.0;OFF;ON;100;-3,40;-4;-0,60;9,40;95,40;122,60;2,80;6;99,80;-0,80;-1,20;
2026-07-25 00:03:00.0;OFF;ON;100;-3,40;-4;-0,60;9,40;95,40;122,60;2,80;6;99,60;-0,80;-1,20;
2026-07-25 00:04:00.0;OFF;ON;100;-3,30;-4;-0,60;9,40;95,40;122,60;2,70;6;100;-0,80;-1,20;
2026-07-25 00:05:00.0;OFF;ON;100;-3,40;-4;-0,60;9,40;95,40;122,60;2,80;6;99,60;-0,80;-1,20;
2026-07-25 00:06:00.0;OFF;ON;100;-3,30;-4;-0,60;9,30;95,40;122,60;2,70;6;100;-0,80;-1,20;
2026-07-25 00:07:00.0;OFF;ON;100;-3,30;-4;-0,60;9,30;95,40;122,60;2,70;6;100;-0,80;-1,20;
2026-07-25 00:08:00.0;OFF;ON;100;-3,40;-4;-0,60;9,30;95,40;122,60;2,80;6;99,60;-0,80;-1,20;
2026-07-25 00:09:00.0;OFF;ON;100;-3,40;-4;-0,60;9,30;95,40;122,60;2,80;6;99,60;-0,80;-1,20;
2026-07-25 00:10:00.0;OFF;ON;100;-3,40;-4;-0,70;9,20;95,40;122,60;2,80;6;99,60;-0,80;-1,20;
2026-07-25 00:11:00.0;OFF;ON;100;-3,40;-4;-0,70;9,20;95,30;122,60;2,70;6;100;-0,80;-1,20;
2026-07-25 00:12:00.0;OFF;ON;100;-3,30;-4;-0,70;9,20;95,40;122,60;2,70;6;100;-0,80;-1,20;
2026-07-25 00:13:00.0;OFF;ON;100;-3,30;-4;-0,70;9,20;95,40;122,60;2,60;6;100;-0,80;-1,20;
2026-07-25 00:14:00.0;OFF;ON;100;-3,30;-4;-0,70;9,10;95,40;122,60;2,70;6;100;-0,80;-1,20;
2026-07-25 00:15:00.0;OFF;ON;100;-3,30;-4;-0,70;9,10;95,40;122,60;2,70;6;100;-0,80;-1,20;
2026-07-25 00:16:00.0;OFF;ON;100;-3,30;-4;-0,70;9,10;95,30;122,60;2,60;6;100;-0,80;-1,20;
2026-07-25 00:17:00.0;OFF;ON;100;-3,30;-4;-0,70;9,10;95,30;122,60;2,70;6;100;-0,80;-1,20;
2026-07-25 00:18:00.0;OFF;ON;100;-3,30;-4;-0,70;9;95,40;122,60;2,60;6;100;-0,80;-1,20;
2026-07-25 00:19:00.0;OFF;ON;100;-3,30;-4;-0,70;9;95,40;122,60;2,60;6;100;-0,80;-1,20;
2026-07-25 00:20:00.0;OFF;ON;100;-3,40;-4;-0,70;9;95,40;122,60;2,70;6;99,60;-0,80;-1,20;
2026-07-25 00:21:00.0;OFF;ON;100;-3,40;-4;-0,70;9;95,40;122,60;2,70;6;99,60;-0,80;-1,20;
2026-07-25 00:22:00.0;OFF;ON;100;-3,40;-4;-0,70;9;95,40;122,60;2,70;6;99,50;-0,80;-1,20;
2026-07-25 00:23:00.0;OFF;ON;100;-3,30;-4;-0,70;8,90;95,40;122,60;2,60;6;100;-0,80;-1,20;
2026-07-25 00:24:00.0;OFF;ON;100;-3,30;-4;-0,70;8,90;95,30;122,60;2,60;6;100;-0,90;-1,20;
2026-07-25 00:25:00.0;OFF;ON;100;-3,40;-4;-0,70;8,90;95,40;122,60;2,70;6;99,60;-0,80;-1,20;
2026-07-25 00:26:00.0;OFF;ON;100;-3,40;-4;-0,70;8,90;95,40;122,60;2,70;6;99,60;-0,90;-1,20;
2026-07-25 00:27:00.0;OFF;ON;100;-3,40;-4;-0,70;8,80;95,40;122,60;2,70;6;99,70;-0,90;-1,30;
2026-07-25 00:28:00.0;OFF;ON;100;-3,30;-4;-0,80;8,80;95,40;122,60;2,60;6;100;-0,90;-1,30;
2026-07-25 00:29:00.0;OFF;ON;100;-3,30;-4;-0,80;8,80;95,40;122,60;2,60;6;100;-0,90;-1,30;
2026-07-25 00:30:00.0;OFF;ON;100;-3,30;-4;-0,80;8,80;95,30;122,60;2,60;6;100;-0,90;-1,30;
2026-07-25 00:31:00.0;OFF;ON;100;-3,30;-4;-0,80;8,70;95,30;122,60;2,60;6;100;-0,90;-1,30;
2026-07-25 00:32:00.0;OFF;ON;100;-3,40;-4;-0,80;8,70;95,40;122,60;2,70;6;99,70;-0,90;-1,30;
2026-07-25 00:33:00.0;OFF;ON;100;-3,40;-4;-0,80;8,70;95,40;122,60;2,60;6;99,60;-0,90;-1,30;
2026-07-25 00:34:00.0;OFF;ON;100;-3,40;-4;-0,80;8,70;95,40;122,60;2,60;6;99,70;-0,90;-1,30;
2026-07-25 00:35:00.0;OFF;ON;100;-3,30;-4;-0,80;8,60;95,40;122,60;2,50;6;100;-0,90;-1,30;
2026-07-25 00:36:00.0;OFF;ON;100;-3,40;-4;-0,80;8,60;95,50;122,60;2,60;6;100;-0,90;-1,30;
2026-07-25 00:37:00.0;OFF;ON;100;-3,40;-4;-0,80;8,60;95,50;122,60;2,60;6;99,60;-0,90;-1,30;
2026-07-25 00:38:00.0;OFF;ON;100;-3,30;-4;-0,80;8,60;95,40;122,60;2,50;6;100;-0,90;-1,30;
2026-07-25 00:39:00.0;OFF;ON;100;-3,40;-4;-0,80;8,50;95,50;122,60;2,60;6;99,60;-0,90;-1,30;
2026-07-25 00:40:00.0;OFF;ON;100;-3,30;-4;-0,80;8,50;95,40;122,60;2,50;6;100;-0,90;-1,30;
2026-07-25 00:41:00.0;OFF;ON;100;-3,30;-4;-0,80;8,50;95,40;122,60;2,50;6;100;-0,90;-1,30;
2026-07-25 00:42:00.0;OFF;ON;100;-3,30;-4;-0,80;8,50;95,40;122,60;2,50;6;100;-0,90;-1,30;
2026-07-25 00:43:00.0;OFF;ON;100;-3,30;-4;-0,80;8,50;95,40;122,60;2,50;6;100;-0,90;-1,30;
2026-07-25 00:44:00.0;OFF;ON;100;-3,40;-4;-0,80;8,40;95,40;122,60;2,60;6;99,50;-0,90;-1,30;
2026-07-25 00:45:00.0;OFF;ON;100;-3,40;-4;-0,80;8,40;95,40;122,60;2,50;6;99,70;-0,90;-1,30;
2026-07-25 00:46:00.0;OFF;ON;100;-3,40;-4;-0,80;8,40;95,50;122,60;2,50;6;99,70;-0,90;-1,30;
2026-07-25 00:47:00.0;OFF;ON;100;-3,30;-4;-0,90;8,40;95,50;122,60;2,50;6;100;-0,90;-1,30;
2026-07-25 00:48:00.0;OFF;ON;100;-3,30;-4;-0,90;8,40;95,50;122,60;2,50;6;100;-0,90;-1,30;
2026-07-25 00:49:00.0;OFF;ON;100;-3,40;-4;-0,90;8,30;95,50;122,60;2,50;6;99,70;-0,90;-1,30;
2026-07-25 00:50:00.0;OFF;ON;100;-3,40;-4;-0,90;8,30;95,50;122,60;2,50;6;99,80;-0,90;-1,30;
2026-07-25 00:51:00.0;OFF;ON;100;-3,30;-4;-0,90;8,30;95,50;122,60;2,50;6;99,90;-0,90;-1,30;
2026-07-25 00:52:00.0;OFF;ON;100;-3,30;-4;-0,90;8,30;95,50;122,60;2,50;6;100;-0,90;-1,30;
2026-07-25 00:53:00.0;OFF;ON;100;-3,40;-4;-0,90;8,20;95,50;122,60;2,50;6;99,60;-0,90;-1,30;
2026-07-25 00:54:00.0;OFF;ON;100;-3,40;-4;-0,90;8,20;95,50;122,60;2,50;6;99,70;-1;-1,30;
2026-07-25 00:55:00.0;OFF;ON;100;-3,40;-4;-0,90;8,20;95,50;122,60;2,50;6;99,60;-1;-1,30;
2026-07-25 00:56:00.0;OFF;ON;100;-3,40;-4;-0,90;8,20;95,50;122,60;2,50;6;99,60;-1;-1,30;
2026-07-25 00:57:00.0;OFF;ON;100;-3,40;-4;-0,90;8,10;95,50;122,60;2,50;6;99,70;-1;-1,30;
2026-07-25 00:58:00.0;OFF;ON;100;-3,40;-4;-0,90;8,10;95,50;122,60;2,50;6;99,70;-1;-1,30;
2026-07-25 00:59:00.0;OFF;ON;100;-3,40;-4;-0,90;8,10;95,50;122,60;2,50;6;99,70;-1;-1,30;
2026-07-25 01:00:00.0;OFF;ON;100;-3,40;-4;-0,90;8,10;95,50;122,60;2,50;6;99,60;-1;-1,30;
2026-07-25 01:01:00.0;OFF;ON;100;-3,40;-4;-0,90;8;95,50;122,60;2,50;6;99,60;-1;-1,30;
2026-07-25 01:02:00.0;OFF;ON;100;-3,40;-4;-0,90;8;95,50;122,60;2,50;6;99,60;-1;-1,30;
2026-07-25 01:03:00.0;OFF;ON;100;-3,40;-4;-0,90;8;95,50;122,60;2,50;6;99,60;-1;-1,30;
2026-07-25 01:04:00.0;OFF;ON;100;-3,30;-4;-0,90;8;95,50;122,60;2,40;6;100;-1;-1,30;
2026-07-25 01:05:00.0;OFF;ON;100;-3,30;-4;-0,90;8;95,50;122,60;2,40;6;100;-1;-1,30;
2026-07-25 01:06:00.0;OFF;ON;100;-3,30;-4;-0,90;7,90;95,50;122,60;2,40;6;100;-1;-1,30;
2026-07-25 01:07:00.0;OFF;ON;100;-3,40;-4;-0,90;7,90;95,50;122,60;2,40;6;99,70;-1;-1,30;
2026-07-25 01:08:00.0;OFF;ON;100;-3,30;-4;-0,90;7,90;95,50;122,60;2,40;6;100;-1;-1,30;
2026-07-25 01:09:00.0;OFF;ON;100;-3,30;-4;-0,90;7,90;95,50;122,60;2,40;6;100;-1;-1,30;
2026-07-25 01:10:00.0;OFF;ON;100;-3,40;-4;-0,90;7,80;95,50;122,60;2,50;6;99,70;-1;-1,30;
2026-07-25 01:11:00.0;OFF;ON;100;-3,40;-4;-0,90;7,80;95,50;122,60;2,50;6;99,60;-1;-1,30;
2026-07-25 01:12:00.0;OFF;ON;100;-3,30;-4;-0,90;7,80;95,50;122,60;2,40;6;100;-1;-1,30;
2026-07-25 01:13:00.0;OFF;ON;100;-3,30;-4;-0,90;7,80;95,50;122,60;2,40;6;100;-1;-1,30;
2026-07-25 01:14:00.0;OFF;ON;100;-3,30;-4;-0,90;7,80;95,50;122,60;2,40;6;100;-1;-1,30;
2026-07-25 01:15:00.0;OFF;ON;100;-3,30;-4;-0,90;7,70;95,50;122,60;2,40;6;100;-1;-1,30;
2026-07-25 01:16:00.0;OFF;ON;100;-3,40;-4;-1;7,70;95,50;122,60;2,40;6;99,70;-1;-1,30;
2026-07-25 01:17:00.0;OFF;ON;100;-3,40;-4;-1;7,70;95,50;122,60;2,50;6;99,60;-1;-1,30;
2026-07-25 01:18:00.0;OFF;ON;100;-3,30;-4;-0,90;7,70;95,50;122,60;2,40;6;100;-1;-1,30;
2026-07-25 01:19:00.0;OFF;ON;100;-3,40;-4;-0,90;7,60;95,50;122,60;2,50;6;99,60;-1;-1,30;
2026-07-25 01:20:00.0;OFF;ON;100;-3,40;-4;-1;7,60;95,50;122,60;2,50;6;99,60;-1;-1,30;
2026-07-25 01:21:00.0;OFF;ON;100;-3,40;-4;-1;7,60;95,50;122,60;2,40;6;100;-1,10;-1,30;
2026-07-25 01:22:00.0;OFF;ON;100;-3,30;-4;-1;7,60;95,50;122,60;2,40;6;100;-1,10;-1,40;
2026-07-25 01:23:00.0;OFF;ON;100;-3,40;-4;-1;7,50;95,50;122,60;2,50;6;99,60;-1;-1,40;
2026-07-25 01:24:00.0;OFF;ON;100;-3,30;-4;-1;7,50;95,50;122,60;2,40;6;100;-1,10;-1,30;
2026-07-25 01:25:00.0;OFF;ON;100;-3,40;-4;-1;7,50;95,50;122,60;2,40;6;99,70;-1,10;-1,30;
2026-07-25 01:26:00.0;OFF;ON;100;-3,30;-4;-1;7,50;95,50;122,60;2,30;6;100;-1,10;-1,40;
2026-07-25 01:27:00.0;OFF;ON;100;-3,30;-4;-1;7,50;95,60;122,60;2,30;6;100;-1,10;-1,40;
2026-07-25 01:28:00.0;OFF;ON;100;-3,40;-4;-1;7,50;95,60;122,60;2,40;6;99,60;-1,10;-1,40;
2026-07-25 01:29:00.0;OFF;ON;100;-3,40;-4;-1;7,40;95,50;122,60;2,40;6;99,60;-1,10;-1,30;
2026-07-25 01:30:00.0;OFF;ON;100;-3,40;-4;-1;7,40;95,60;122,60;2,40;6;99,60;-1,10;-1,30;
2026-07-25 01:31:00.0;OFF;ON;100;-3,40;-4;-1;7,40;95,50;122,60;2,40;6;99,60;-1,10;-1,30;
2026-07-25 01:32:00.0;OFF;ON;100;-3,30;-4;-1;7,40;95,50;122,60;2,30;6;100;-1,10;-1,30;
2026-07-25 01:33:00.0;OFF;ON;100;-3,30;-4;-1;7,30;95,50;122,60;2,30;6;100;-1,10;-1,30;
2026-07-25 01:34:00.0;OFF;ON;100;-3,40;-4;-1;7,30;95,50;122,60;2,40;6;99,70;-1,10;-1,30;
2026-07-25 01:35:00.0;OFF;ON;100;-3,40;-4;-1;7,30;95,50;122,60;2,40;6;99,60;-1,10;-1,30;
2026-07-25 01:36:00.0;OFF;ON;100;-3,30;-4;-1;7,30;95,60;122,60;2,30;6;100;-1,10;-1,40;
2026-07-25 01:37:00.0;OFF;ON;100;-3,30;-4;-1;7,20;95,60;122,60;2,30;6;100;-1,10;-1,40;
2026-07-25 01:38:00.0;OFF;ON;100;-3,30;-4;-1;7,20;95,50;122,60;2,30;6;100;-1,10;-1,40;
2026-07-25 01:39:00.0;OFF;ON;100;-3,40;-4;-1;7,20;95,50;122,60;2,40;6;99,50;-1,10;-1,40;
2026-07-25 01:40:00.0;OFF;ON;100;-3,30;-4;-1;7,20;95,60;122,60;2,30;6;100;-1,10;-1,40;
2026-07-25 01:41:00.0;OFF;ON;100;-3,30;-4;-1;7,20;95,50;122,60;2,30;6;100;-1,10;-1,40;
2026-07-25 01:42:00.0;OFF;ON;100;-3,30;-4;-1;7,10;95,60;122,60;2,30;6;100;-1,10;-1,40;
2026-07-25 01:43:00.0;OFF;ON;100;-3,40;-4;-1;7,10;95,50;122,60;2,40;6;99,60;-1,10;-1,40;
2026-07-25 01:44:00.0;OFF;ON;100;-3,30;-4;-1;7,10;95,50;122,60;2,30;6;100;-1,10;-1,40;
2026-07-25 01:45:00.0;OFF;ON;100;-3,40;-4;-1;7,10;95,50;122,60;2,40;6;99,60;-1,10;-1,40;
2026-07-25 01:46:00.0;OFF;ON;100;-3,30;-4;-1;7;95,50;122,60;2,30;6;100;-1,10;-1,40;
2026-07-25 01:47:00.0;OFF;ON;100;-3,40;-4;-1;7;95,50;122,60;2,40;6;99,60;-1,10;-1,40;
2026-07-25 01:48:00.0;OFF;ON;100;-3,40;-4;-1;7;95,50;122,60;2,40;6;99,70;-1,10;-1,40;
2026-07-25 01:49:00.0;OFF;ON;100;-3,30;-4;-1;7;95,50;122,60;2,20;6;100;-1,10;-1,40;
2026-07-25 01:50:00.0;OFF;ON;100;-3,30;-4;-1;7;95,60;122,60;2,30;6;100;-1,10;-1,40;
2026-07-25 01:51:00.0;OFF;ON;100;-3,30;-4;-1;6,90;95,50;122,60;2,30;6;100;-1,10;-1,40;
2026-07-25 01:52:00.0;OFF;ON;100;-3,30;-4;-1;6,90;95,50;122,60;2,30;6;100;-1,10;-1,40;
2026-07-25 01:53:00.0;OFF;ON;100;-3,30;-4;-1;6,90;95,50;122,60;2,30;6;100;-1,10;-1,40;
2026-07-25 01:54:00.0;OFF;ON;100;-3,40;-4;-1,10;6,90;95,60;122,60;2,30;6;99,70;-1,20;-1,40;
2026-07-25 01:55:00.0;OFF;ON;100;-3,40;-4;-1;6,80;95,50;122,60;2,30;6;99,80;-1,10;-1,40;
2026-07-25 01:56:00.0;OFF;ON;100;-3,40;-4;-1,10;6,80;95,50;122,60;2,30;6;99,70;-1,10;-1,40;
2026-07-25 01:57:00.0;OFF;ON;100;-3,30;-4;-1;6,80;95,50;122,60;2,30;6;100;-1,10;-1,40;
2026-07-25 01:58:00.0;OFF;ON;100;-3,40;-4;-1,10;6,80;95,50;122,60;2,30;6;99,70;-1,20;-1,40;
2026-07-25 01:59:00.0;OFF;ON;100;-3,40;-4;-1,10;6,80;95,50;122,60;2,40;6;99,70;-1,20;-1,40;
2026-07-25 02:00:00.0;OFF;ON;100;-3,30;-4;-1,10;6,70;95,50;122,60;2,20;6;100;-1,20;-1,40;
2026-07-25 02:01:00.0;OFF;ON;100;-3,30;-4;-1,10;6,70;95,50;122,60;2,20;6;100;-1,20;-1,40;
2026-07-25 02:02:00.0;OFF;ON;100;-3,40;-4;-1,10;6,70;95,50;122,60;2,30;6;99,60;-1,20;-1,40;
2026-07-25 02:03:00.0;OFF;ON;100;-3,40;-4;-1,10;6,70;95,50;122,60;2,30;6;99,60;-1,20;-1,40;
2026-07-25 02:04:00.0;OFF;ON;100;-3,40;-4;-1,10;6,60;95,50;122,60;2,40;6;99,60;-1,20;-1,40;
2026-07-25 02:05:00.0;OFF;ON;100;-3,30;-4;-1,10;6,60;95,50;122,60;2,30;6;100;-1,20;-1,40;
2026-07-25 02:06:00.0;OFF;ON;100;-3,40;-4;-1,10;6,60;95,50;122,60;2,30;6;99,60;-1,20;-1,40;
2026-07-25 02:07:00.0;OFF;ON;100;-3,30;-4;-1,10;6,60;95,50;122,60;2,20;6;100;-1,20;-1,40;
2026-07-25 02:08:00.0;OFF;ON;100;-3,40;-4;-1,10;6,50;95,50;122,60;2,30;6;99,60;-1,20;-1,40;
2026-07-25 02:09:00.0;OFF;ON;100;-3,30;-4;-1,10;6,50;95,40;122,60;2,20;6;100;-1,20;-1,40;
2026-07-25 02:10:00.0;OFF;ON;100;-3,80;-4;-1,10;6,50;95,40;122,60;2,70;6;98,60;-1,20;-1,50;
2026-07-25 02:11:00.0;OFF;ON;100;-3,80;-4;-1,10;6,50;95,30;122,60;2,70;6;98,80;-1,30;-1,60;
2026-07-25 02:12:00.0;OFF;ON;100;-3,30;-4;-1,20;6,50;95;122,60;2,10;6;100;-1,30;-1,60;
2026-07-25 02:13:00.0;OFF;ON;100;-3,40;-4;-1,20;6,40;95,10;122,60;2,20;6;99,60;-1,30;-1,50;
2026-07-25 02:14:00.0;OFF;ON;100;-3,10;-4;-1,10;6,40;95,40;122,60;2;6;99,80;-1,20;-1,40;
2026-07-25 02:15:00.0;OFF;ON;100;-3;-4;-1,10;6,40;95,50;122,60;1,90;6;100;-1,20;-1,40;
2026-07-25 02:16:00.0;OFF;ON;100;-3,20;-4;-1,10;6,40;95,80;122,60;2,10;6;99,20;-1,10;-1,30;
2026-07-25 02:17:00.0;OFF;ON;100;-3,50;-4;-1;6,40;95,80;122,60;2,50;6;98,60;-1,10;-1,30;
2026-07-25 02:18:00.0;OFF;ON;100;-3,50;-4;-1,10;6,30;95,80;122,60;2,40;6;99,10;-1,20;-1,40;
2026-07-25 02:19:00.0;OFF;ON;100;-3,40;-4;-1,10;6,30;95,50;122,60;2,30;6;99,70;-1,20;-1,50;
2026-07-25 02:20:00.0;OFF;ON;100;-3,40;-4;-1,10;6,30;95,40;122,60;2,20;6;100;-1,20;-1,50;
2026-07-25 02:21:00.0;OFF;ON;100;-3,30;-4;-1,10;6,30;95,40;122,60;2,20;6;100;-1,20;-1,40;
2026-07-25 02:22:00.0;OFF;ON;100;-3,30;-4;-1,10;6,30;95,40;122,60;2,20;6;100;-1,20;-1,40;
2026-07-25 02:23:00.0;OFF;ON;100;-3,30;-4;-1,10;6,20;95,50;122,60;2,20;6;99,90;-1,20;-1,40;
2026-07-25 02:24:00.0;OFF;ON;100;-3,30;-4;-1,10;6,20;95,50;122,60;2,10;6;100;-1,20;-1,40;
2026-07-25 02:25:00.0;OFF;ON;100;-3,40;-4;-1,10;6,20;95,60;122,60;2,30;6;99,60;-1,20;-1,40;
2026-07-25 02:26:00.0;OFF;ON;100;-3,40;-4;-1,10;6,20;95,50;122,60;2,20;6;99,60;-1,20;-1,40;
2026-07-25 02:27:00.0;OFF;ON;100;-3,30;-4;-1,10;6,10;95,50;122,60;2,20;6;100;-1,20;-1,40;
2026-07-25 02:28:00.0;OFF;ON;100;-3,30;-4;-1,10;6,10;95,50;122,60;2,20;6;99,80;-1,20;-1,40;
2026-07-25 02:29:00.0;OFF;ON;100;-3,40;-4;-1,10;6,10;95,60;122,60;2,20;6;99,60;-1,20;-1,40;
2026-07-25 02:30:00.0;OFF;ON;100;-3,30;-4;-1,10;6,10;95,50;122,60;2,10;6;100;-1,20;-1,40;
2026-07-25 02:31:00.0;OFF;ON;100;-3,30;-4;-1,10;6,10;95,50;122,60;2,10;6;100;-1,20;-1,40;
2026-07-25 02:32:00.0;OFF;ON;100;-3,40;-4;-1,10;6;95,50;122,50;2,20;6;99,60;-1,20;-1,40;
2026-07-25 02:33:00.0;OFF;ON;100;-3,30;-4;-1,10;6;95,50;122,50;2,10;6;100;-1,20;-1,40;
2026-07-25 02:34:00.0;OFF;ON;100;-3,40;-4;-1,10;6;95,50;122,50;2,20;6;99,60;-1,20;-1,40;
2026-07-25 02:35:00.0;OFF;ON;100;-3,30;-4;-1,10;6;95,50;122,50;2,10;6;100;-1,20;-1,40;
2026-07-25 02:36:00.0;OFF;ON;100;-3,30;-4;-1,10;5,90;95,50;122,50;2,10;6;100;-1,20;-1,40;
2026-07-25 02:37:00.0;OFF;ON;100;-3,30;-4;-1,10;5,90;95,50;122,50;2,10;6;100;-1,20;-1,40;
2026-07-25 02:38:00.0;OFF;ON;100;-3,40;-4;-1,10;5,90;95,50;122,50;2,20;6;99,70;-1,20;-1,40;
2026-07-25 02:39:00.0;OFF;ON;100;-3,30;-4;-1,10;5,90;95,50;122,50;2,10;6;100;-1,30;-1,40;
2026-07-25 02:40:00.0;OFF;ON;100;-3,40;-4;-1,20;5,90;95,40;122,50;2,20;6;99,60;-1,30;-1,40;
2026-07-25 02:41:00.0;OFF;ON;100;-3,30;-4;-1,20;5,80;95,50;122,50;2,20;6;100;-1,30;-1,40;
2026-07-25 02:42:00.0;OFF;ON;100;-3,40;-4;-1,20;5,80;95,50;122,50;2,20;6;99,60;-1,30;-1,40;
2026-07-25 02:43:00.0;OFF;ON;100;-3,30;-4;-1,20;5,80;95,50;122,50;2,20;6;100;-1,30;-1,40;
2026-07-25 02:44:00.0;OFF;ON;100;-3,40;-4;-1,20;5,80;95,50;122,50;2,20;6;99,70;-1,30;-1,40;
2026-07-25 02:45:00.0;OFF;ON;100;-3,30;-4;-1,20;5,70;95,50;122,50;2,20;6;100;-1,30;-1,40;
2026-07-25 02:46:00.0;OFF;ON;100;-3,40;-4;-1,20;5,70;95,40;122,50;2,20;6;99,60;-1,30;-1,40;
2026-07-25 02:47:00.0;OFF;ON;100;-3,40;-4;-1,20;5,70;95,50;122,50;2,20;6;99,60;-1,30;-1,40;
2026-07-25 02:48:00.0;OFF;ON;100;-3,30;-4;-1,20;5,70;95,50;122,50;2,10;6;100;-1,30;-1,40;
2026-07-25 02:49:00.0;OFF;ON;100;-3,60;-4;-1,20;5,70;95,40;122,50;2,40;6;99,20;-1,30;-1,40;
2026-07-25 02:50:00.0;OFF;ON;100;-3,90;-4;-1,20;5,60;95,40;122,50;2,70;6;98,40;-1,30;-1,50;
2026-07-25 02:51:00.0;OFF;ON;100;-3,90;-4;-1,30;5,60;95,20;122,50;2,70;6;98,30;-1,40;-1,70;
2026-07-25 02:52:00.0;OFF;ON;100;-3,50;-4;-1,30;5,60;95;122,50;2,10;6;99,60;-1,40;-1,70;
2026-07-25 02:53:00.0;OFF;ON;100;-3,40;-4;-1,30;5,60;95,10;122,50;2,10;6;99,60;-1,30;-1,50;
2026-07-25 02:54:00.0;OFF;ON;100;-3,10;-4;-1,20;5,60;95,30;122,50;1,90;6;100;-1,30;-1,50;
2026-07-25 02:55:00.0;OFF;ON;100;-3,10;-4;-1,20;5,50;95,50;122,50;1,90;6;99,70;-1,30;-1,40;
2026-07-25 02:56:00.0;OFF;ON;100;-3;-4;-1,20;5,50;95,70;122,50;1,80;6;100;-1,30;-1,40;
2026-07-25 02:57:00.0;OFF;ON;100;-3;-4;-1,10;5,50;95,80;122,50;1,90;6;99,60;-1,20;-1,30;
2026-07-25 02:58:00.0;OFF;ON;100;-2,90;-4;-1,10;5,50;95,80;122,50;1,80;6;100;-1,20;-1,50;
2026-07-25 02:59:00.0;OFF;ON;50;-3;-4;-1,20;5,50;95,60;122,50;1,80;6;99,70;-1,30;-1,80;
2026-07-25 03:00:00.0;OFF;ON;50;-3,10;-4;-1,30;5,40;95,40;122,50;1,80;6;99,80;-1,30;-1,90;
2026-07-25 03:01:00.0;OFF;ON;50;-3,10;-4;-1,30;5,40;95,20;122,50;1,80;6;100;-1,40;-2;
2026-07-25 03:02:00.0;OFF;ON;50;-3,20;-4;-1,30;5,40;95,10;122,50;1,90;6;100;-1,40;-2,10;
2026-07-25 03:03:00.0;OFF;ON;50;-3,30;-4;-1,40;5,40;95;122,50;1,90;6;99,70;-1,50;-2,10;
2026-07-25 03:04:00.0;OFF;ON;50;-3,30;-4;-1,40;5,30;95;122,50;1,90;6;100;-1,50;-2,20;
2026-07-25 03:05:00.0;OFF;ON;50;-3,30;-4;-1,40;5,30;94,90;122,50;1,90;6;100;-1,50;-2,20;
2026-07-25 03:06:00.0;OFF;ON;50;-3,40;-4;-1,40;5,30;94,90;122,50;1,90;6;100;-1,50;-2,20;
2026-07-25 03:07:00.0;OFF;ON;50;-3,40;-4;-1,40;5,30;94,90;122,50;2;6;99,80;-1,50;-2,30;
2026-07-25 03:08:00.0;OFF;ON;50;-3,40;-4;-1,50;5,30;94,80;122,50;1,90;6;100;-1,60;-2,30;
2026-07-25 03:09:00.0;OFF;ON;50;-3,50;-4;-1,50;5,20;94,80;122,50;2;6;100;-1,60;-2,30;
2026-07-25 03:10:00.0;OFF;ON;50;-3,60;-4;-1,50;5,20;94,80;122,50;2,10;6;99,60;-1,60;-2,30;
2026-07-25 03:11:00.0;OFF;ON;50;-3,60;-4;-1,50;5,20;94,80;122,60;2,10;6;99,60;-1,60;-2,40;
2026-07-25 03:12:00.0;OFF;ON;50;-3,60;-4;-1,50;5,20;94,80;122,60;2,10;6;99,60;-1,60;-2,40;
2026-07-25 03:13:00.0;OFF;ON;50;-3,50;-4;-1,50;5,20;94,80;122,50;2;6;100;-1,60;-2,40;
2026-07-25 03:14:00.0;OFF;ON;50;-3,60;-4;-1,50;5,10;94,80;122,50;2;6;100;-1,60;-2,40;
2026-07-25 03:15:00.0;OFF;ON;50;-3,60;-4;-1,50;5,10;94,80;122,50;2;6;99,90;-1,60;-2,40;
2026-07-25 03:16:00.0;OFF;ON;50;-3,60;-4;-1,60;5,10;94,80;122,50;2;6;100;-1,60;-2,40;
2026-07-25 03:17:00.0;OFF;ON;50;-3,60;-4;-1,60;5,10;94,80;122,50;2;6;100;-1,60;-2,40;
2026-07-25 03:18:00.0;OFF;ON;50;-3,60;-4;-1,60;5,10;94,80;122,50;2;6;100;-1,60;-2,40;
2026-07-25 03:19:00.0;OFF;ON;50;-3,70;-4;-1,60;5;94,80;122,50;2,10;6;99,50;-1,70;-2,40;
2026-07-25 03:20:00.0;OFF;ON;50;-3,60;-4;-1,60;5;94,90;122,50;2;6;100;-1,60;-2,40;
2026-07-25 03:21:00.0;OFF;ON;50;-3,60;-4;-1,60;5;95;122,50;2,10;6;99,50;-1,60;-2,40;
2026-07-25 03:22:00.0;OFF;ON;50;-3,50;-4;-1,60;5;95;122,50;1,90;6;100;-1,70;-2,40;
2026-07-25 03:23:00.0;OFF;ON;50;-3,50;-4;-1,60;5;95;122,50;1,90;6;100;-1,70;-2,40;
2026-07-25 03:24:00.0;OFF;ON;50;-3,40;-4;-1,60;4,90;95;122,50;1,90;6;100;-1,70;-2,40;
2026-07-25 03:25:00.0;OFF;ON;50;-3,50;-4;-1,60;4,90;95;122,50;1,90;6;100;-1,70;-2,40;
2026-07-25 03:26:00.0;OFF;ON;50;-3,60;-4;-1,60;4,90;95;122,50;2;6;99,70;-1,70;-2,40;
2026-07-25 03:27:00.0;OFF;ON;50;-3,50;-4;-1,60;4,90;95,10;122,50;1,90;6;100;-1,70;-2,40;
2026-07-25 03:28:00.0;OFF;ON;50;-3,50;-4;-1,60;4,90;95;122,50;1,90;6;100;-1,70;-2,40;
2026-07-25 03:29:00.0;OFF;ON;50;-3,50;-4;-1,60;4,90;95;122,50;1,90;6;99,60;-1,70;-2,40;
2026-07-25 03:30:00.0;OFF;ON;50;-3,40;-4;-1,60;4,80;95,10;122,50;1,90;6;100;-1,70;-2,40;
2026-07-25 03:31:00.0;OFF;ON;50;-3,50;-4;-1,60;4,80;95,10;122,50;1,90;6;99,80;-1,60;-2,40;
2026-07-25 03:32:00.0;OFF;ON;50;-3,50;-4;-1,60;4,80;95,20;122,50;1,90;6;99,60;-1,60;-2,40;
2026-07-25 03:33:00.0;OFF;ON;50;-3,40;-4;-1,60;4,80;95,20;122,50;1,80;6;100;-1,60;-2,40;
2026-07-25 03:34:00.0;OFF;ON;50;-3,40;-4;-1,50;4,80;95,20;122,60;1,90;6;100;-1,60;-2,40;
2026-07-25 03:35:00.0;OFF;ON;50;-3,40;-4;-1,50;4,80;95,20;122,60;1,80;6;100;-1,60;-2,40;
2026-07-25 03:36:00.0;OFF;ON;50;-3,50;-4;-1,50;4,70;95,20;122,60;1,90;6;99,60;-1,60;-2,30;
2026-07-25 03:37:00.0;OFF;ON;50;-3,40;-4;-1,50;4,70;95,30;122,60;1,90;6;99,70;-1,60;-2,30;
2026-07-25 03:38:00.0;OFF;ON;50;-3,30;-4;-1,50;4,70;95,20;122,60;1,90;6;99,70;-1,60;-2,30;
2026-07-25 03:39:00.0;OFF;ON;50;-3,30;-4;-1,50;4,70;95,30;122,60;1,80;6;100;-1,60;-2,30;
2026-07-25 03:40:00.0;OFF;ON;50;-3,30;-4;-1,50;4,70;95,30;122,60;1,80;6;100;-1,60;-2,30;
2026-07-25 03:41:00.0;OFF;ON;50;-3,30;-4;-1,50;4,70;95,30;122,60;1,80;6;99,70;-1,60;-2,30;
2026-07-25 03:42:00.0;OFF;ON;50;-3,30;-4;-1,50;4,70;95,30;122,60;1,70;6;100;-1,60;-2,30;
2026-07-25 03:43:00.0;OFF;ON;50;-3,30;-4;-1,50;4,60;95,40;122,50;1,80;6;99,70;-1,60;-2,30;
2026-07-25 03:44:00.0;OFF;ON;50;-3,40;-4;-1,50;4,60;95,40;122,50;1,80;6;99,60;-1,60;-2,30;
2026-07-25 03:45:00.0;OFF;ON;50;-3,30;-3,80;-1,50;4,60;95,40;122,50;1,80;6;100;-1,50;-2,30;
2026-07-25 03:46:00.0;OFF;ON;50;-3,40;-3,70;-1,50;4,60;95,40;122,50;1,90;6;99,50;-1,50;-2,30;
2026-07-25 03:47:00.0;OFF;ON;50;-3,30;-3,50;-1,50;4,60;95,40;122,50;1,80;6;99,60;-1,50;-2,30;
2026-07-25 03:48:00.0;OFF;ON;50;-3,30;-3,40;-1,50;4,60;95,40;122,60;1,80;6;99,10;-1,50;-2,30;
2026-07-25 03:49:00.0;OFF;ON;50;-3,20;-3,30;-1,50;4,50;95,40;122,60;1,70;6;98,50;-1,50;-2,30;
2026-07-25 03:50:00.0;OFF;ON;50;-3,30;-3,10;-1,50;4,50;95,40;122,60;1,80;6;97,40;-1,50;-2,30;
2026-07-25 03:51:00.0;OFF;ON;50;-3,30;-3;-1,50;4,50;95,40;122,60;1,80;6;96,60;-1,50;-2,30;
2026-07-25 03:52:00.0;OFF;ON;50;-3,30;-2,90;-1,50;4,50;95,40;122,60;1,80;6;95,50;-1,50;-2,30;
2026-07-25 03:53:00.0;OFF;ON;50;-3,30;-2,70;-1,50;4,50;95,40;122,60;1,80;6;94,30;-1,50;-2,30;
2026-07-25 03:54:00.0;OFF;ON;50;-3,30;-2,50;-1,50;4,50;95,40;122,60;1,80;6;92,40;-1,50;-2,30;
2026-07-25 03:55:00.0;OFF;ON;50;-3,30;-2,40;-1,50;4,40;95,30;122,60;1,80;6;90,40;-1,50;-2,30;
2026-07-25 03:56:00.0;OFF;ON;50;-3,30;-2,30;-1,50;4,40;95,30;122,60;1,80;6;89,10;-1,50;-2,30;
2026-07-25 03:57:00.0;OFF;ON;50;-3,40;-2;-1,50;4,40;95,40;122,60;1,90;6;87,30;-1,50;-2,30;
2026-07-25 03:58:00.0;OFF;ON;50;-3,40;-1,90;-1,50;4,40;95,40;122,60;1,90;6;84,10;-1,50;-2,30;
2026-07-25 03:59:00.0;OFF;ON;50;-3,40;-1,70;-1,50;4,40;95,40;122,60;1,90;6;82;-1,50;-2,30;
2026-07-25 04:00:00.0;OFF;ON;50;-3,40;-1,60;-1,50;4,40;95,50;122,60;1,90;6;78,50;-1,50;-2,30;
2026-07-25 04:01:00.0;OFF;ON;50;-3,30;-1,50;-1,50;4,40;95,40;122,60;1,80;6;75,90;-1,50;-2,20;
2026-07-25 04:02:00.0;OFF;ON;50;-3,30;-1,50;-1,50;4,30;95,40;122,60;1,80;6;74,50;-1,50;-2,20;
2026-07-25 04:03:00.0;OFF;ON;50;-3,40;-1,50;-1,50;4,30;95,50;122,60;1,90;6;71;-1,60;-2,20;
2026-07-25 04:04:00.0;OFF;ON;50;-3,40;-1,50;-1,50;4,30;95,40;122,60;1,90;6;69,90;-1,60;-2,20;
2026-07-25 04:05:00.0;OFF;ON;50;-3,50;-1,50;-1,50;4,30;95,50;122,60;2;6;66,50;-1,60;-2,20;
2026-07-25 04:06:00.0;OFF;ON;50;-3,60;-1,50;-1,50;4,30;95,50;122,60;2,10;6;64,80;-1,60;-2,20;
2026-07-25 04:07:00.0;OFF;ON;50;-3,10;-1,50;-1,50;4,30;95,60;122,50;1,60;6;63,60;-1,50;-2,20;
2026-07-25 04:08:00.0;OFF;ON;50;-3;-1,50;-1,50;4,20;95,60;122,50;1,60;6;62,20;-1,50;-2,10;
2026-07-25 04:09:00.0;OFF;ON;50;-3;-1,50;-1,40;4,20;95,70;122,50;1,60;6;60,40;-1,50;-2;
2026-07-25 04:10:00.0;OFF;ON;50;-2,70;-1,40;-1,40;4,20;95,80;122,60;1,30;6;59,40;-1,50;-2;
2026-07-25 04:11:00.0;OFF;ON;50;-2,80;-1,40;-1,40;4,20;95,80;122,60;1,40;6;57,40;-1,50;-1,90;
2026-07-25 04:12:00.0;OFF;ON;50;-2,50;-1,40;-1,30;4,20;96,10;122,50;1,20;6;56,70;-1,40;-1,80;
2026-07-25 04:13:00.0;OFF;ON;50;-2,50;-1,30;-1,30;4,20;96,10;122,50;1,10;6;56;-1,40;-1,80;
2026-07-25 04:14:00.0;OFF;ON;50;-2,40;-1,30;-1,30;4,20;96,20;122,50;1,10;6;54,80;-1,40;-1,70;
2026-07-25 04:15:00.0;OFF;ON;50;-2,30;-1,30;-1,20;4,10;96,40;122,50;1,10;6;53;-1,30;-1,70;
2026-07-25 04:16:00.0;OFF;ON;50;-2,20;-1,20;-1,20;4,10;96,40;122,50;1;6;52,30;-1,30;-1,60;
2026-07-25 04:17:00.0;OFF;ON;50;-2,10;-1,20;-1,20;4,10;96,50;122,50;0,90;6;52;-1,30;-1,60;
2026-07-25 04:18:00.0;OFF;ON;50;-2,10;-1,20;-1,20;4,10;96,70;122,50;0,90;6;50,30;-1,20;-1,50;
2026-07-25 04:19:00.0;OFF;ON;50;-2;-1,20;-1,10;4,10;96,70;122,50;0,90;6;50;-1,20;-1,40;
2026-07-25 04:20:00.0;OFF;ON;50;-1,80;-1,10;-1,10;4,10;96,80;122,50;0,70;6;50;-1,20;-1,40;
2026-07-25 04:21:00.0;OFF;ON;50;-1,80;-1,10;-1,10;4,10;96,80;122,50;0,70;6;50;-1,20;-1,30;
2026-07-25 04:22:00.0;OFF;ON;50;-1,80;-1,10;-1;4;96,90;122,50;0,80;6;50;-1,10;-1,30;
2026-07-25 04:23:00.0;OFF;ON;50;-1,70;-1;-1;4;97;122,50;0,70;6;50;-1,10;-1,20;
2026-07-25 04:24:00.0;OFF;ON;50;-1,60;-1;-1;4;97,10;122,50;0,60;6;50;-1,10;-1,20;
2026-07-25 04:25:00.0;OFF;ON;50;-1,70;-1;-1;4;97,10;122,50;0,70;6;50;-1,10;-1,20;
2026-07-25 04:26:00.0;OFF;ON;50;-1,70;-0,90;-0,90;4;97,10;122,50;0,80;6;50;-1;-1,10;
2026-07-25 04:27:00.0;OFF;ON;50;-1,60;-0,90;-0,90;4;97,10;122,50;0,70;6;50;-1;-1,10;
2026-07-25 04:28:00.0;OFF;ON;50;-1,50;-0,90;-0,90;4;97,20;122,50;0,60;6;50;-1;-1,10;
2026-07-25 04:29:00.0;OFF;ON;50;-1,60;-0,90;-0,90;3,90;97,20;122,50;0,70;6;50;-1;-1;
2026-07-25 04:30:00.0;OFF;ON;50;-1,50;-0,90;-0,80;3,90;97,30;122,40;0,70;6;50;-1;-1;
2026-07-25 04:31:00.0;OFF;ON;50;-1,50;-0,80;-0,80;3,90;97,30;122,50;0,70;6;50;-1;-1;
2026-07-25 04:32:00.0;OFF;ON;50;-1,40;-0,80;-0,80;3,90;97,30;122,50;0,60;6;50;-0,90;-1;
2026-07-25 04:33:00.0;OFF;ON;50;-1,30;-0,80;-0,80;3,90;97,30;122,50;0,50;6;50;-0,90;-1;
2026-07-25 04:34:00.0;OFF;ON;50;-1,40;-0,80;-0,80;3,90;97,30;122,50;0,60;6;50;-0,90;-0,90;
2026-07-25 04:35:00.0;OFF;ON;50;-1,40;-0,80;-0,80;3,90;97,30;122,40;0,60;6;50;-0,90;-0,90;
2026-07-25 04:36:00.0;OFF;ON;50;-1,40;-0,80;-0,80;3,80;97,30;122,50;0,60;6;50;-0,90;-0,90;
2026-07-25 04:37:00.0;OFF;ON;50;-1,30;-0,80;-0,80;3,80;97,30;122,50;0,50;6;50;-0,90;-0,90;
2026-07-25 04:38:00.0;OFF;ON;50;-1,30;-0,80;-0,70;3,80;97,30;122,50;0,50;6;50;-0,90;-0,90;
2026-07-25 04:39:00.0;OFF;ON;50;-1,20;-0,70;-0,70;3,80;97,30;122,40;0,50;6;50;-0,80;-0,90;
2026-07-25 04:40:00.0;OFF;ON;50;-1,40;-0,70;-0,70;3,80;97,20;122,40;0,60;6;50;-0,80;-0,90;
2026-07-25 04:41:00.0;OFF;ON;50;-1,40;-0,70;-0,70;3,80;97,30;122,40;0,70;6;50;-0,80;-0,80;
2026-07-25 04:42:00.0;OFF;ON;50;-1,20;-0,70;-0,70;3,80;97,30;122,40;0,50;6;50;-0,80;-0,80;
2026-07-25 04:43:00.0;OFF;ON;50;-1,30;-0,70;-0,70;3,70;97,20;122,40;0,60;6;50;-0,80;-0,80;
2026-07-25 04:44:00.0;OFF;ON;50;-1,40;-0,70;-0,70;3,70;97,20;122,40;0,70;6;50;-0,80;-0,80;
2026-07-25 04:45:00.0;OFF;ON;50;-1,20;-0,70;-0,70;3,70;97,20;122,40;0,50;6;50;-0,80;-0,80;
2026-07-25 04:46:00.0;OFF;ON;50;-1,20;-0,70;-0,70;3,70;97,20;122,40;0,60;6;50;-0,80;-0,80;
2026-07-25 04:47:00.0;OFF;ON;50;-1,30;-0,70;-0,70;3,70;97,20;122,40;0,60;6;50;-0,80;-0,80;
2026-07-25 04:48:00.0;OFF;ON;50;-1,30;-0,70;-0,70;3,70;97,20;122,40;0,70;6;50;-0,80;-0,80;
2026-07-25 04:49:00.0;OFF;ON;50;-1,30;-0,70;-0,70;3,70;97,20;122,50;0,60;6;50;-0,80;-0,80;
2026-07-25 04:50:00.0;OFF;ON;50;-1,30;-0,70;-0,70;3,60;97,20;122,40;0,70;6;50;-0,80;-0,80;
2026-07-25 04:51:00.0;OFF;ON;50;-1,30;-0,70;-0,70;3,60;97,20;122,40;0,60;6;50;-0,80;-0,80;
2026-07-25 04:52:00.0;OFF;ON;50;-1,30;-0,70;-0,70;3,60;97,20;122,50;0,60;6;50;-0,80;-0,80;
2026-07-25 04:53:00.0;OFF;ON;50;-1,30;-0,70;-0,70;3,60;97,20;122,50;0,60;6;50;-0,80;-0,80;
2026-07-25 04:54:00.0;OFF;ON;50;-1,20;-0,60;-0,60;3,60;97,20;122,40;0,60;6;50;-0,80;-0,80;
2026-07-25 04:55:00.0;OFF;ON;50;-1,20;-0,60;-0,60;3,60;97,10;122,50;0,60;6;50;-0,70;-0,80;
2026-07-25 04:56:00.0;OFF;ON;50;-1,20;-0,60;-0,60;3,60;97,10;122,50;0,50;6;50;-0,70;-0,80;
2026-07-25 04:57:00.0;OFF;ON;50;-1,30;-0,60;-0,60;3,50;97,10;122,50;0,70;6;50;-0,70;-0,80;
2026-07-25 04:58:00.0;OFF;ON;50;-1,30;-0,60;-0,60;3,50;97,10;122,40;0,60;6;50;-0,70;-0,80;
2026-07-25 04:59:00.0;OFF;ON;50;-1,20;-0,60;-0,60;3,50;97,10;122,40;0,50;6;50;-0,70;-0,70;
2026-07-25 05:00:00.0;OFF;ON;50;-1,30;-0,60;-0,60;3,50;97,10;122,50;0,70;6;50;-0,70;-0,70;
2026-07-25 05:01:00.0;OFF;ON;50;-1,20;-0,60;-0,60;3,50;97,10;122,40;0,60;6;50;-0,70;-0,70;
2026-07-25 05:02:00.0;OFF;ON;50;-1,20;-0,60;-0,60;3,50;97,10;122,40;0,60;6;50;-0,70;-0,70;
2026-07-25 05:03:00.0;OFF;ON;50;-1,20;-0,60;-0,60;3,50;97,10;122,50;0,60;6;50;-0,70;-0,70;
2026-07-25 05:04:00.0;OFF;ON;50;-1,20;-0,60;-0,60;3,40;97,10;122,50;0,60;6;50;-0,70;-0,70;
2026-07-25 05:05:00.0;OFF;ON;50;-1,30;-0,60;-0,60;3,40;97,10;122,40;0,60;6;50;-0,70;-0,70;
2026-07-25 05:06:00.0;OFF;ON;50;-1,20;-0,60;-0,60;3,40;97,10;122,50;0,60;6;50;-0,70;-0,70;
2026-07-25 05:07:00.0;OFF;ON;50;-1,20;-0,60;-0,60;3,40;97,10;122,50;0,60;6;50;-0,70;-0,70;
2026-07-25 05:08:00.0;OFF;ON;50;-1,30;-0,60;-0,60;3,40;97,10;122,40;0,70;6;50;-0,70;-0,70;
2026-07-25 05:09:00.0;OFF;ON;50;-1,20;-0,60;-0,60;3,40;97;122,50;0,60;6;50;-0,70;-0,70;
2026-07-25 05:10:00.0;OFF;ON;50;-1,20;-0,60;-0,60;3,40;97;122,40;0,60;6;50;-0,70;-0,70;
2026-07-25 05:11:00.0;OFF;ON;50;-1,30;-0,60;-0,60;3,30;97,10;122,40;0,70;6;50;-0,70;-0,70;
2026-07-25 05:12:00.0;OFF;ON;50;-1,20;-0,60;-0,60;3,30;97,10;122,50;0,60;6;50;-0,70;-0,70;
2026-07-25 05:13:00.0;OFF;ON;50;-1,30;-0,60;-0,60;3,30;97;122,40;0,70;6;50;-0,70;-0,70;
2026-07-25 05:14:00.0;OFF;ON;50;-1,20;-0,60;-0,60;3,30;97;122,50;0,70;6;50;-0,70;-0,70;
2026-07-25 05:15:00.0;OFF;ON;50;-1,30;-0,60;-0,50;3,30;97;122,40;0,70;6;50;-0,70;-0,70;
2026-07-25 05:16:00.0;OFF;ON;50;-1,10;-0,50;-0,50;3,30;97;122,40;0,60;6;50;-0,70;-0,70;
2026-07-25 05:17:00.0;OFF;ON;50;-1,10;-0,50;-0,50;3,30;97;122,40;0,60;6;50;-0,70;-0,70;
2026-07-25 05:18:00.0;OFF;ON;50;-1,20;-0,50;-0,50;3,30;96,90;122,50;0,70;6;50;-0,70;-0,70;
2026-07-25 05:19:00.0;OFF;ON;50;-1,30;-0,50;-0,50;3,20;97;122,50;0,80;6;50;-0,70;-0,70;
2026-07-25 05:20:00.0;OFF;ON;50;-1,20;-0,50;-0,50;3,20;97;122,50;0,70;6;50;-0,70;-0,70;
2026-07-25 05:21:00.0;OFF;ON;50;-1,30;-0,50;-0,50;3,20;96,90;122,50;0,80;6;50;-0,70;-0,70;
2026-07-25 05:22:00.0;OFF;ON;50;-1,10;-0,50;-0,50;3,20;96,90;122,50;0,60;6;50;-0,70;-0,70;
2026-07-25 05:23:00.0;OFF;ON;50;-1,30;-0,50;-0,50;3,20;96,90;122,40;0,80;6;50;-0,70;-0,70;
2026-07-25 05:24:00.0;OFF;ON;50;-1,30;-0,50;-0,50;3,20;96,90;122,40;0,80;6;50;-0,70;-0,70;
2026-07-25 05:25:00.0;OFF;ON;50;-1,20;-0,50;-0,50;3,20;96,90;122,40;0,70;6;50;-0,70;-0,70;
2026-07-25 05:26:00.0;OFF;ON;50;-1,10;-0,50;-0,50;3,10;96,90;122,40;0,60;6;50;-0,70;-0,70;
2026-07-25 05:27:00.0;OFF;ON;50;-1,20;-0,50;-0,50;3,10;96,90;122,40;0,70;6;50;-0,70;-0,70;
2026-07-25 05:28:00.0;OFF;ON;50;-1,30;-0,50;-0,50;3,10;96,90;122,40;0,70;6;50;-0,70;-0,70;
2026-07-25 05:29:00.0;OFF;ON;50;-1,10;-0,50;-0,50;3,10;97;122,40;0,60;6;50;-0,70;-0,70;
2026-07-25 05:30:00.0;OFF;ON;50;-1,30;-0,50;-0,50;3,10;96,90;122,40;0,70;6;50;-0,70;-0,70;
2026-07-25 05:31:00.0;OFF;ON;50;-1,10;-0,50;-0,50;3,10;96,90;122,40;0,60;6;50;-0,70;-0,70;
2026-07-25 05:32:00.0;OFF;ON;50;-1,10;-0,50;-0,50;3,10;96,90;122,40;0,60;6;50;-0,70;-0,70;
2026-07-25 05:33:00.0;OFF;ON;50;-1,20;-0,50;-0,50;3,10;96,90;122,40;0,60;6;50;-0,70;-0,70;
2026-07-25 05:34:00.0;OFF;ON;50;-1,20;-0,50;-0,50;3;96,90;122,40;0,60;6;50;-0,70;-0,70;
2026-07-25 05:35:00.0;OFF;ON;50;-1,20;-0,50;-0,50;3;96,90;122,40;0,60;6;50;-0,70;-0,70;
2026-07-25 05:36:00.0;OFF;ON;50;-1,20;-0,50;-0,50;3;96,90;122,40;0,60;6;50;-0,70;-0,70;
2026-07-25 05:37:00.0;OFF;ON;50;-1,20;-0,50;-0,50;3;96,90;122,40;0,60;6;50;-0,70;-0,70;
2026-07-25 05:38:00.0;OFF;ON;50;-1,10;-0,50;-0,50;3;96,90;122,40;0,60;6;50;-0,70;-0,70;
2026-07-25 05:39:00.0;OFF;ON;50;-1,20;-0,50;-0,50;3;96,90;122,40;0,70;6;50;-0,70;-0,70;
2026-07-25 05:40:00.0;OFF;ON;50;-1,20;-0,50;-0,50;3;96,90;122,40;0,70;6;50;-0,60;-0,70;
2026-07-25 05:41:00.0;OFF;ON;50;-1,20;-0,50;-0,50;2,90;96,90;122,40;0,70;6;50;-0,70;-0,70;
2026-07-25 05:42:00.0;OFF;ON;50;-1,20;-0,50;-0,50;2,90;96,90;122,40;0,70;6;50;-0,70;-0,70;
2026-07-25 05:43:00.0;OFF;ON;50;-1,30;-0,50;-0,50;2,90;96,90;122,40;0,80;6;50;-0,70;-0,70;
2026-07-25 05:44:00.0;OFF;ON;50;-1,20;-0,50;-0,50;2,90;96,90;122,40;0,70;6;50;-0,70;-0,70;
2026-07-25 05:45:00.0;OFF;ON;50;-1,10;-0,50;-0,50;2,90;96,90;122,40;0,60;6;50;-0,70;-0,70;
2026-07-25 05:46:00.0;OFF;ON;50;-1,10;-0,50;-0,50;2,90;96,90;122,40;0,70;6;50;-0,70;-0,70;
2026-07-25 05:47:00.0;OFF;ON;50;-1,20;-0,50;-0,50;2,90;96,90;122,40;0,70;6;50;-0,70;-0,70;
2026-07-25 05:48:00.0;OFF;ON;50;-1,30;-0,50;-0,50;2,90;97;122,40;0,80;6;50;-0,70;-0,70;
2026-07-25 05:49:00.0;OFF;ON;50;-1,20;-0,50;-0,50;2,80;96,90;122,40;0,70;6;50;-0,70;-0,70;
2026-07-25 05:50:00.0;OFF;ON;50;-1,20;-0,50;-0,50;2,80;96,90;122,40;0,70;6;50;-0,70;-0,70;
2026-07-25 05:51:00.0;OFF;ON;50;-1,20;-0,50;-0,50;2,80;96,90;122,40;0,70;6;50;-0,70;-0,70;
2026-07-25 05:52:00.0;OFF;ON;50;-1,10;-0,50;-0,50;2,80;96,90;122,40;0,70;6;50;-0,70;-0,70;
2026-07-25 05:53:00.0;OFF;ON;50;-1,20;-0,50;-0,50;2,80;96,90;122,40;0,70;6;50;-0,70;-0,70;
2026-07-25 05:54:00.0;OFF;ON;50;-1,30;-0,50;-0,50;2,80;96,90;122,40;0,80;6;50;-0,70;-0,70;
2026-07-25 05:55:00.0;OFF;ON;50;-1,20;-0,50;-0,50;2,80;97;122,40;0,70;6;50;-0,70;-0,70;
2026-07-25 05:56:00.0;OFF;ON;50;-1,20;-0,50;-0,50;2,80;96,90;122,40;0,70;6;50;-0,70;-0,70;
2026-07-25 05:57:00.0;OFF;ON;50;-1,20;-0,50;-0,50;2,70;96,90;122,40;0,70;6;50;-0,70;-0,70;
2026-07-25 05:58:00.0;OFF;ON;50;-1,30;-0,50;-0,50;2,70;96,80;122,40;0,80;6;50;-0,60;-0,70;
2026-07-25 05:59:00.0;OFF;ON;50;-1,30;-0,50;-0,50;2,70;96,90;122,40;0,80;6;50;-0,60;-0,70;
2026-07-25 06:00:00.0;OFF;ON;50;-1,20;-0,50;-0,50;2,70;96,90;122,40;0,70;6;50;-0,70;-0,70;
2026-07-25 06:01:00.0;OFF;ON;50;-1,30;-0,50;-0,50;2,70;96,90;122,40;0,80;6;50;-0,70;-0,70;
2026-07-25 06:02:00.0;OFF;ON;50;-1,10;-0,50;-0,50;2,70;96,90;122,40;0,70;6;50;-0,70;-0,70;
2026-07-25 06:03:00.0;OFF;ON;50;-1,20;-0,50;-0,50;2,70;96,90;122,40;0,70;6;50;-0,70;-0,70;
2026-07-25 06:04:00.0;OFF;ON;50;-1,10;-0,50;-0,50;2,70;96,90;122,40;0,70;6;50;-0,70;-0,70;
2026-07-25 06:05:00.0;OFF;ON;50;-1,20;-0,50;-0,50;2,70;96,90;122,40;0,70;6;50;-0,60;-0,70;
2026-07-25 06:06:00.0;OFF;ON;50;-1,20;-0,50;-0,50;2,60;96,90;122,40;0,70;6;50;-0,60;-0,70;
2026-07-25 06:07:00.0;OFF;ON;50;-1,20;-0,50;-0,50;2,60;96,90;122,40;0,70;6;50;-0,70;-0,70;
2026-07-25 06:08:00.0;OFF;ON;50;-1,30;-0,50;-0,50;2,60;96,90;122,40;0,80;6;50;-0,60;-0,70;
2026-07-25 06:09:00.0;OFF;ON;50;-1,20;-0,50;-0,50;2,60;96,90;122,40;0,70;6;50;-0,60;-0,70;
2026-07-25 06:10:00.0;OFF;ON;50;-1,20;-0,50;-0,50;2,60;96,90;122,40;0,70;6;50;-0,60;-0,70;
2026-07-25 06:11:00.0;OFF;ON;50;-1,10;-0,50;-0,50;2,60;96,90;122,40;0,70;6;50;-0,70;-0,70;
2026-07-25 06:12:00.0;OFF;ON;50;-1,20;-0,50;-0,50;2,60;96,90;122,40;0,70;6;50;-0,70;-0,70;
2026-07-25 06:13:00.0;OFF;ON;50;-1,10;-0,50;-0,50;2,60;96,90;122,40;0,70;6;50;-0,70;-0,70;
2026-07-25 06:14:00.0;OFF;ON;50;-1,20;-0,50;-0,50;2,50;96,90;122,40;0,70;6;50;-0,60;-0,70;
2026-07-25 06:15:00.0;OFF;ON;50;-1,20;-0,50;-0,50;2,50;96,90;122,40;0,70;6;50;-0,60;-0,70;
2026-07-25 06:16:00.0;OFF;ON;50;-1,20;-0,50;-0,50;2,50;96,90;122,40;0,70;6;50;-0,60;-0,70;
2026-07-25 06:17:00.0;OFF;ON;50;-1,20;-0,50;-0,50;2,50;96,90;122,40;0,80;6;50;-0,60;-0,70;
2026-07-25 06:18:00.0;OFF;ON;50;-1,20;-0,50;-0,50;2,50;96,90;122,40;0,70;6;50;-0,60;-0,70;
2026-07-25 06:19:00.0;OFF;ON;50;-1,20;-0,50;-0,50;2,50;96,90;122,40;0,70;6;50;-0,60;-0,70;
2026-07-25 06:20:00.0;OFF;ON;50;-1,20;-0,50;-0,50;2,50;96,90;122,40;0,70;6;50;-0,60;-0,70;
2026-07-25 06:21:00.0;OFF;ON;50;-1,20;-0,50;-0,50;2,50;96,90;122,40;0,70;6;50;-0,60;-0,70;
2026-07-25 06:22:00.0;OFF;ON;50;-1,20;-0,50;-0,50;2,40;96,90;122,40;0,70;6;50;-0,60;-0,70;
2026-07-25 06:23:00.0;OFF;ON;50;-1,30;-0,50;-0,50;2,40;96,90;122,40;0,80;6;50;-0,60;-0,70;
2026-07-25 06:24:00.0;OFF;ON;50;-1,20;-0,50;-0,50;2,40;96,90;122,40;0,70;6;50;-0,60;-0,70;
2026-07-25 06:25:00.0;OFF;ON;50;-1,20;-0,50;-0,50;2,40;96,90;122,40;0,80;6;50;-0,60;-0,70;
2026-07-25 06:26:00.0;OFF;ON;50;-1,10;-0,50;-0,50;2,40;96,90;122,40;0,70;6;50;-0,60;-0,70;
2026-07-25 06:27:00.0;OFF;ON;50;-1,20;-0,50;-0,50;2,40;96,90;122,40;0,70;6;50;-0,60;-0,70;
2026-07-25 06:28:00.0;OFF;ON;50;-1,20;-0,50;-0,50;2,40;96,90;122,40;0,70;6;50;-0,60;-0,70;
2026-07-25 06:29:00.0;OFF;ON;50;-1,20;-0,50;-0,50;2,40;96,90;122,40;0,70;6;50;-0,60;-0,70;
2026-07-25 06:30:00.0;OFF;ON;50;-1,20;-0,50;-0,50;2,30;96,90;122,40;0,70;6;50;-0,60;-0,70;
2026-07-25 06:31:00.0;OFF;ON;50;-1,10;-0,50;-0,50;2,30;96,90;122,40;0,70;6;50;-0,60;-0,70;
2026-07-25 06:32:00.0;OFF;ON;50;-1,30;-0,50;-0,50;2,30;96,90;122,40;0,80;6;50;-0,60;-0,70;
2026-07-25 06:33:00.0;OFF;ON;50;-1,10;-0,50;-0,50;2,30;96,90;122,40;0,70;6;50;-0,60;-0,70;
2026-07-25 06:34:00.0;OFF;ON;50;-1,10;-0,50;-0,50;2,30;96,90;122,40;0,70;6;50;-0,60;-0,70;
2026-07-25 06:35:00.0;OFF;ON;50;-1,20;-0,50;-0,50;2,30;96,90;122,40;0,70;6;50;-0,60;-0,70;
2026-07-25 06:36:00.0;OFF;ON;50;-1,20;-0,50;-0,50;2,30;96,90;122,40;0,70;6;50;-0,60;-0,70;
2026-07-25 06:37:00.0;OFF;ON;50;-1,20;-0,50;-0,50;2,30;96,90;122,40;0,60;6;50;-0,60;-0,70;
2026-07-25 06:38:00.0;OFF;ON;50;-1,30;-0,50;-0,50;2,30;96,90;122,40;0,70;6;50;-0,60;-0,70;
2026-07-25 06:39:00.0;OFF;ON;50;-1,20;-0,50;-0,50;2,20;96,90;122,40;0,70;6;50;-0,60;-0,70;
2026-07-25 06:40:00.0;OFF;ON;50;-1,20;-0,50;-0,50;2,20;96,90;122,40;0,60;6;50;-0,60;-0,70;
2026-07-25 06:41:00.0;OFF;ON;50;-1,30;-0,50;-0,50;2,20;96,80;122,40;0,70;6;50;-0,60;-0,70;
2026-07-25 06:42:00.0;OFF;ON;50;-1,20;-0,50;-0,50;2,20;96,90;122,40;0,60;6;50;-0,60;-0,70;
2026-07-25 06:43:00.0;OFF;ON;50;-1,20;-0,50;-0,50;2,20;96,90;122,40;0,70;6;50;-0,60;-0,70;
2026-07-25 06:44:00.0;OFF;ON;50;-1,30;-0,50;-0,50;2,20;96,90;122,40;0,70;6;50;-0,60;-0,70;
2026-07-25 06:45:00.0;OFF;ON;50;-1,30;-0,50;-0,50;2,20;96,90;122,40;0,70;6;50;-0,60;-0,70;
2026-07-25 06:46:00.0;OFF;ON;50;-1,20;-0,50;-0,50;2,20;96,90;122,40;0,70;6;50;-0,60;-0,70;
2026-07-25 06:47:00.0;OFF;ON;50;-1,20;-0,50;-0,50;2,20;96,90;122,40;0,70;6;50;-0,60;-0,70;
2026-07-25 06:48:00.0;OFF;ON;50;-1,20;-0,50;-0,50;2,10;96,90;122,40;0,70;6;50;-0,60;-0,70;
2026-07-25 06:49:00.0;OFF;ON;50;-1,20;-0,50;-0,50;2,10;97;122,40;0,70;6;50;-0,60;-0,70;
2026-07-25 06:50:00.0;OFF;ON;50;-1,20;-0,50;-0,50;2,10;96,90;122,40;0,70;6;50;-0,60;-0,70;
2026-07-25 06:51:00.0;OFF;ON;50;-1,10;-0,50;-0,50;2,10;96,90;122,40;0,70;6;50;-0,60;-0,70;
2026-07-25 06:52:00.0;OFF;ON;50;-1,20;-0,50;-0,50;2,10;96,90;122,40;0,70;6;50;-0,60;-0,70;
2026-07-25 06:53:00.0;OFF;ON;50;-1,20;-0,50;-0,50;2,10;96,90;122,40;0,70;6;50;-0,60;-0,70;
2026-07-25 06:54:00.0;OFF;ON;50;-1,20;-0,50;-0,50;2,10;96,90;122,40;0,70;6;50;-0,60;-0,70;
2026-07-25 06:55:00.0;OFF;ON;50;-1,30;-0,50;-0,50;2,10;96,90;122,40;0,80;6;50;-0,60;-0,70;
2026-07-25 06:56:00.0;OFF;ON;50;-1,30;-0,50;-0,50;2,10;96,90;122,40;0,80;6;50;-0,60;-0,70;
2026-07-25 06:57:00.0;OFF;ON;50;-1,20;-0,50;-0,50;2;96,90;122,40;0,80;6;50;-0,60;-0,70;
2026-07-25 06:58:00.0;OFF;ON;50;-1,20;-0,50;-0,50;2;96,90;122,40;0,70;6;50;-0,70;-0,70;
2026-07-25 06:59:00.0;OFF;ON;50;-1,20;-0,50;-0,50;2;96,90;122,40;0,70;6;50;-0,70;-0,70;
2026-07-25 07:00:00.0;OFF;ON;50;-1,30;-0,50;-0,50;2;96,90;122,40;0,80;6;50;-0,70;-0,70;
2026-07-25 07:01:00.0;OFF;ON;50;-1,20;-0,50;-0,50;2;96,90;122,40;0,70;6;50;-0,70;-0,70;
2026-07-25 07:02:00.0;OFF;ON;50;-1,30;-0,50;-0,50;2;96,90;122,40;0,80;6;50;-0,60;-0,70;
2026-07-25 07:03:00.0;OFF;ON;50;-1;-0,50;-0,50;2;96,90;122,40;0,50;6;50;-0,60;-0,70;
2026-07-25 07:04:00.0;OFF;ON;50;-0,80;-0,50;-0,50;2;96,90;122,40;0,40;6;50;-0,60;-0,60;
2026-07-25 07:05:00.0;OFF;ON;50;-0,70;-0,50;-0,40;2;97;122,40;0,20;6;50;-0,60;-0,50;
2026-07-25 07:06:00.0;OFF;ON;50;-0,60;-0,40;-0,40;1,90;97,10;122,40;0,20;6;50;-0,60;-0,50;
2026-07-25 07:07:00.0;OFF;ON;50;-0,50;-0,40;-0,40;1,90;97,30;122,40;0,10;6;50;-0,50;-0,40;
2026-07-25 07:08:00.0;OFF;ON;50;-0,40;-0,40;-0,30;1,90;97,50;122,40;0,10;6;50;-0,50;-0,30;
2026-07-25 07:09:00.0;OFF;ON;50;-0,40;-0,30;-0,30;1,90;97,60;122,40;0,10;6;50;-0,40;-0,20;
2026-07-25 07:10:00.0;OFF;ON;50;-0,20;-0,30;-0,30;1,90;97,70;122,40;0;6;50,30;-0,40;-0,20;
2026-07-25 07:11:00.0;OFF;ON;50;-0,20;-0,30;-0,20;1,90;97,80;122,40;0;6;50,40;-0,40;-0,10;
2026-07-25 07:12:00.0;OFF;ON;50;-0,10;-0,20;-0,20;1,90;98;122,40;-0,10;6;50,60;-0,30;0;
2026-07-25 07:13:00.0;OFF;ON;50;0;-0,20;-0,20;1,90;98;122,40;-0,10;6;51;-0,30;0;
2026-07-25 07:14:00.0;OFF;ON;50;0,10;-0,20;-0,20;1,90;98,10;122,40;-0,30;6;51,80;-0,30;0,10;
2026-07-25 07:15:00.0;OFF;ON;50;0,10;-0,10;-0,10;1,90;98,10;122,40;-0,30;6;51,90;-0,30;0,10;
2026-07-25 07:16:00.0;OFF;ON;50;0,20;-0,10;-0,10;1,80;98,10;122,40;-0,30;6;52,40;-0,20;0,20;
2026-07-25 07:17:00.0;OFF;ON;50;0,10;-0,10;-0,10;1,80;98,20;122,40;-0,30;6;52,50;-0,20;0,20;
2026-07-25 07:18:00.0;OFF;ON;50;0,30;-0,10;-0,10;1,80;98,20;122,40;-0,40;6;53,40;-0,20;0,30;
2026-07-25 07:19:00.0;OFF;ON;50;0,30;-0,10;-0,10;1,80;98,20;122,40;-0,40;6;53,70;-0,20;0,30;
2026-07-25 07:20:00.0;OFF;ON;50;0,30;-0,10;-0,10;1,80;98,30;122,40;-0,30;6;54;-0,20;0,30;
2026-07-25 07:21:00.0;OFF;ON;50;0,20;-0,10;-0,10;1,80;98,30;122,40;-0,30;6;54,30;-0,20;0,30;
2026-07-25 07:22:00.0;OFF;ON;50;0,60;-0,10;0;1,80;98,30;122,40;-0,60;6;56,20;-0,20;0,30;
2026-07-25 07:23:00.0;OFF;ON;50;0,70;0;0;1,80;98,30;122,40;-0,70;6;57,20;-0,20;0,30;
2026-07-25 07:24:00.0;OFF;ON;50;0,70;0;0;1,80;98,30;122,40;-0,70;6;58,20;-0,20;0,30;
2026-07-25 07:25:00.0;OFF;ON;50;0,70;0;0;1,80;98,30;122,40;-0,80;6;59;-0,20;0,30;
2026-07-25 07:26:00.0;OFF;ON;50;0,70;0;0;1,70;98,30;122,40;-0,70;6;59,70;-0,10;0,30;
2026-07-25 07:27:00.0;OFF;ON;50;0,60;0;0;1,70;98,30;122,40;-0,60;6;60,20;-0,10;0,30;
2026-07-25 07:28:00.0;OFF;ON;50;0,60;0;0;1,70;98,30;122,40;-0,70;6;61,30;-0,10;0,30;
2026-07-25 07:29:00.0;OFF;ON;50;0,80;0;0;1,70;98,30;122,40;-0,80;6;62,50;-0,10;0,30;
2026-07-25 07:30:00.0;OFF;ON;50;0,70;0;0;1,70;98,30;122,40;-0,70;6;63,10;-0,10;0,30;
2026-07-25 07:31:00.0;OFF;ON;50;0,80;0;0;1,70;98,30;122,40;-0,90;6;64,70;-0,10;0,30;
2026-07-25 07:32:00.0;OFF;ON;50;0,90;0;0;1,70;98,30;122,40;-0,90;6;65,50;-0,10;0,30;
2026-07-25 07:33:00.0;OFF;ON;50;0,90;0;0;1,70;98,30;122,40;-0,90;6;66,80;-0,10;0,30;
2026-07-25 07:34:00.0;OFF;ON;50;0,90;0;0;1,70;98,30;122,40;-0,90;6;67,80;-0,10;0,30;
2026-07-25 07:35:00.0;OFF;ON;50;0,80;0;0;1,70;98,30;122,40;-0,80;6;68,40;-0,10;0,30;
2026-07-25 07:36:00.0;OFF;ON;50;0,80;0;0;1,60;98,30;122,40;-0,80;6;69,50;-0,10;0,30;
2026-07-25 07:37:00.0;OFF;ON;50;0,70;0;0;1,60;98,30;122,30;-0,70;6;69,60;-0,10;0,30;
2026-07-25 07:38:00.0;OFF;ON;50;0,40;0;0,10;1,60;98,30;122,30;-0,40;6;69,10;-0,10;0,30;
2026-07-25 07:39:00.0;OFF;ON;50;0,30;0;0;1,60;98,30;122,30;-0,30;6;69;-0,10;0,30;
2026-07-25 07:40:00.0;OFF;ON;50;0,20;0;0;2,10;98,30;89,40;-0,20;6;70,70;-0,10;0,30;
2026-07-25 07:41:00.0;OFF;ON;50;0,30;-0,20;0,10;2,20;98,30;89,40;-0,20;6;69,70;-0,10;0,30;
2026-07-25 07:42:00.0;OFF;ON;50;0,40;0,10;0,10;2,30;98,30;89,40;-0,30;6;70,30;-0,10;0,30;
2026-07-25 07:43:00.0;OFF;ON;50;0,40;0,10;0,10;2,30;98,30;89,40;-0,30;6;70,70;-0,10;0,30;
2026-07-25 07:44:00.0;OFF;ON;50;0,40;0,10;0,10;2,30;98,30;89,40;-0,30;6;71,20;-0,10;0,30;
2026-07-25 07:45:00.0;OFF;ON;50;0,40;0,10;0,10;2,20;98,30;89,40;-0,30;6;71,70;-0,10;0,30;
2026-07-25 07:46:00.0;OFF;ON;50;0,50;0,10;0,10;2,20;98,30;89,40;-0,40;6;72,60;-0,10;0,30;
2026-07-25 07:47:00.0;OFF;ON;50;0,30;0,10;0;2,20;98,30;89,40;-0,30;6;72,30;-0,10;0,30;
2026-07-25 07:48:00.0;OFF;ON;50;0,50;0;0;2,20;98,30;89,40;-0,40;6;73,30;-0,10;0,30;
2026-07-25 07:49:00.0;OFF;ON;50;0,40;0;0;2,20;98,30;89,40;-0,40;6;73,70;-0,10;0,30;
2026-07-25 07:50:00.0;OFF;ON;50;0,40;0;0;2,20;98,30;89,40;-0,40;6;74,10;-0,10;0,30;
2026-07-25 07:51:00.0;OFF;ON;50;0,40;0;0;2,20;98,30;89,40;-0,40;6;74,40;-0,10;0,30;
2026-07-25 07:52:00.0;OFF;ON;50;0,30;0;0;2,20;98,30;89,40;-0,30;6;74,40;-0,10;0,30;
2026-07-25 07:53:00.0;OFF;ON;50;0,60;0;0;2,20;98,30;89,40;-0,60;6;76,20;-0,10;0,30;
2026-07-25 07:54:00.0;OFF;ON;50;0,90;0;0;2,10;98,30;89,40;-0,90;6;78,30;-0,10;0,30;
2026-07-25 07:55:00.0;OFF;ON;50;0,80;0;0;2,10;98,30;89,40;-0,80;6;79,10;-0,10;0,30;
2026-07-25 07:56:00.0;OFF;ON;50;1;0;0,10;2,10;98,30;89,40;-1;6;80,90;-0,10;0,30;
2026-07-25 07:57:00.0;OFF;ON;50;1;0;0;2,10;98,30;89,40;-1;6;81,80;-0,10;0,30;
2026-07-25 07:58:00.0;OFF;ON;50;0,90;0;0;2,10;98,30;89,40;-0,90;6;82,30;-0,10;0,30;
2026-07-25 07:59:00.0;OFF;ON;50;1;0;0;2,10;98,30;89,40;-1;6;84,20;-0,10;0,30;
2026-07-25 08:00:00.0;OFF;ON;50;1;0;0;2,10;98,30;89,40;-1;6;85,40;-0,10;0,30;
2026-07-25 08:01:00.0;OFF;ON;50;0,90;0;0;2,10;98,30;89,40;-0,90;6;85,90;-0,10;0,30;
2026-07-25 08:02:00.0;OFF;ON;50;1;0;0;2,10;98,30;89,40;-0,90;6;87,10;-0,10;0,30;
2026-07-25 08:03:00.0;OFF;ON;50;1,10;0;0,10;2;98,30;89,40;-1;6;88,90;-0,10;0,30;
2026-07-25 08:04:00.0;OFF;ON;50;1,10;0,10;0,10;2;98,30;89,50;-1;6;90,10;-0,10;0,30;
2026-07-25 08:05:00.0;OFF;ON;50;1;0,10;0,10;2;98,30;89,50;-1;6;91,20;-0,10;0,30;
2026-07-25 08:06:00.0;OFF;ON;50;1,10;0,10;0,10;2;98,30;89,50;-1;6;92,20;-0,10;0,30;
2026-07-25 08:07:00.0;OFF;ON;50;1,10;0,10;0,10;2;98,30;89,50;-1;6;93,30;-0,10;0,30;
2026-07-25 08:08:00.0;OFF;ON;50;1,10;0,10;0,10;2;98,30;89,50;-1;6;94,70;-0,10;0,30;
2026-07-25 08:09:00.0;OFF;ON;50;0,90;0,10;0,10;2;98,30;89,50;-0,90;6;95,10;-0,10;0,30;
2026-07-25 08:10:00.0;OFF;ON;50;1;0,10;0,10;2;98,30;89,50;-0,90;6;96,70;-0,10;0,30;
2026-07-25 08:11:00.0;OFF;ON;50;1;0,10;0,10;2;98,30;89,50;-1;6;97,80;-0,10;0,30;
2026-07-25 08:12:00.0;OFF;ON;50;1;0,10;0,10;1,90;98,30;89,50;-0,90;6;98,90;-0,10;0,30;
2026-07-25 08:13:00.0;OFF;ON;50;1;0,10;0,10;1,90;98,30;89,50;-0,90;6;99,50;-0,10;0,30;
2026-07-25 08:14:00.0;OFF;ON;50;1,10;0,10;0,10;1,90;98,30;89,50;-1;6;100;-0,10;0,30;
2026-07-25 08:15:00.0;OFF;ON;50;1,10;0,10;0,10;1,90;98,30;89,50;-1;6;100;-0,10;0,30;
2026-07-25 08:16:00.0;OFF;ON;50;1;0,10;0,10;1,90;98,30;89,50;-0,90;6;99,50;-0,10;0,30;
2026-07-25 08:17:00.0;OFF;ON;50;1,10;0,10;0,10;1,90;98,30;89,50;-1;6;100;-0,10;0,30;
2026-07-25 08:18:00.0;OFF;ON;50;1,10;0,10;0,10;1,90;98,30;89,50;-1,10;6;100;-0,10;0,30;
2026-07-25 08:19:00.0;OFF;ON;50;1,10;0,10;0,10;1,90;98,30;89,50;-1;6;100;0;0,30;
2026-07-25 08:20:00.0;OFF;ON;50;1,10;0,10;0,10;1,90;98,30;89,50;-1;6;100;0;0,30;
2026-07-25 08:21:00.0;OFF;ON;50;1,10;0,10;0,10;1,90;98,30;89,50;-1;6;100;0;0,30;
2026-07-25 08:22:00.0;OFF;ON;50;1;0,10;0,10;1,80;98,30;89,50;-0,90;6;99,50;0;0,30;
2026-07-25 08:23:00.0;OFF;ON;50;1,10;0,10;0,10;1,80;98,30;89,50;-1;6;100;0;0,30;
2026-07-25 08:24:00.0;OFF;ON;50;1;0,10;0,10;1,80;98,30;89,50;-0,90;6;99,50;0;0,30;
2026-07-25 08:25:00.0;OFF;ON;50;1;0,10;0,10;1,80;98,30;89,50;-0,90;6;99,50;0;0,30;
2026-07-25 08:26:00.0;OFF;ON;50;1,10;0,10;0,10;1,80;98,30;89,50;-1;6;100;0;0,30;
2026-07-25 08:27:00.0;OFF;ON;50;1;0,10;0,10;1,80;98,30;89,50;-0,90;6;99,50;0;0,30;
2026-07-25 08:28:00.0;OFF;ON;50;1;0,10;0,10;1,80;98,30;89,50;-0,90;6;99,50;0;0,30;
2026-07-25 08:29:00.0;OFF;ON;50;1,10;0,10;0,10;1,80;98,30;89,50;-1;6;100;0;0,30;
2026-07-25 08:30:00.0;OFF;ON;50;1,20;0,10;0,10;1,70;98,30;89,50;-1,10;6;100;0;0,30;
2026-07-25 08:31:00.0;OFF;ON;50;1,10;0,10;0,10;1,70;98,30;89,50;-1;6;99,60;0;0,30;
2026-07-25 08:32:00.0;OFF;ON;50;1,10;0,10;0,10;1,70;98,30;89,50;-1;6;99,70;0;0,30;
2026-07-25 08:33:00.0;OFF;ON;50;1,20;0,10;0,10;1,70;98,30;89,50;-1,10;6;100;0;0,30;
2026-07-25 08:34:00.0;OFF;ON;50;1,10;0,10;0,10;1,70;98,30;89,50;-1;6;99,70;0;0,30;
2026-07-25 08:35:00.0;OFF;ON;50;1,20;0,10;0,10;1,70;98,30;89,40;-1,10;6;100;0,10;0,30;
2026-07-25 08:36:00.0;OFF;ON;50;1,30;0,20;0,20;1,70;98,30;89,30;-1,10;6;100;0,10;0,40;
2026-07-25 08:37:00.0;OFF;ON;50;1,30;0,20;0,20;1,70;98,30;89,30;-1,10;6;99,60;0,10;0,40;
2026-07-25 08:38:00.0;OFF;ON;50;1,30;0,20;0,20;1,70;98,30;89,30;-1,10;6;99,60;0,10;0,40;
2026-07-25 08:39:00.0;OFF;ON;50;1,40;0,20;0,20;1,60;98,30;89,30;-1,20;6;100;0,10;0,40;
2026-07-25 08:40:00.0;OFF;ON;50;1,40;0,20;0,20;1,60;98,30;89,30;-1,20;6;100;0;0,40;
2026-07-25 08:41:00.0;OFF;ON;50;1,40;0,20;0,20;1,60;98,30;89,30;-1,20;6;100;0;0,40;
2026-07-25 08:42:00.0;OFF;ON;50;1,40;0,20;0,20;1,60;98,30;89,30;-1,20;6;100;0,10;0,40;
2026-07-25 08:43:00.0;OFF;ON;50;1,30;0,20;0,20;1,60;98,30;89,30;-1,10;6;99,60;0,10;0,40;
2026-07-25 08:44:00.0;OFF;ON;50;1,40;0,20;0,20;1,60;98,30;89,30;-1,20;6;100;0,10;0,40;
2026-07-25 08:45:00.0;OFF;ON;50;1,40;0,20;0,20;1,60;98,30;89,30;-1,20;6;99,70;0,10;0,50;
2026-07-25 08:46:00.0;OFF;ON;50;1,50;0,20;0,20;1,60;98,30;89,30;-1,30;6;100;0,10;0,50;
2026-07-25 08:47:00.0;OFF;ON;50;1,40;0,20;0,20;1,60;98,30;89,30;-1,20;6;99,60;0,10;0,50;
2026-07-25 08:48:00.0;OFF;ON;50;1,50;0,20;0,20;1,60;98,30;89,30;-1,30;6;100;0,10;0,50;
2026-07-25 08:49:00.0;OFF;ON;50;1,60;0,30;0,30;1,50;98,30;89,30;-1,30;6;100;0,20;0,60;
2026-07-25 08:50:00.0;OFF;ON;50;1,60;0,30;0,30;1,50;98,30;89,30;-1,30;6;99,90;0,20;0,60;
2026-07-25 08:51:00.0;OFF;ON;50;1,70;0,30;0,30;1,50;98,30;89,30;-1,30;6;100;0,20;0,70;
2026-07-25 08:52:00.0;OFF;ON;50;1,70;0,30;0,30;1,50;98,30;89,30;-1,30;6;100;0,20;0,80;
2026-07-25 08:53:00.0;OFF;ON;50;1,60;0,40;0,40;1,50;98,30;89,30;-1,30;6;99,60;0,30;1;
2026-07-25 08:54:00.0;OFF;ON;50;1,70;0,40;0,40;1,50;98,30;89,30;-1,30;6;99,70;0,30;1,10;
2026-07-25 08:55:00.0;OFF;ON;50;1,70;0,40;0,50;1,50;98,30;89,40;-1,30;6;99,80;0,40;1,20;
2026-07-25 08:56:00.0;OFF;ON;50;1,80;0,50;0,50;1,50;98,30;89,40;-1,30;6;99,80;0,50;1,30;
2026-07-25 08:57:00.0;OFF;ON;50;1,80;0,50;0,60;1,50;98,30;89,40;-1,20;6;99,80;0,50;1,40;
2026-07-25 08:58:00.0;OFF;ON;50;2;0,60;0,70;1,50;98,30;89,40;-1,30;6;100;0,60;1,50;
2026-07-25 08:59:00.0;OFF;ON;50;2;0,70;0,70;1,50;98,30;89,40;-1,20;6;99,60;0,70;1,70;
2026-07-25 09:00:00.0;OFF;ON;50;2,20;0,80;0,80;1,40;98,30;89,40;-1,40;6;100;0,80;1,70;
2026-07-25 09:01:00.0;OFF;ON;50;2;0,80;0,80;1,40;98,40;89,40;-1,10;6;100;0,80;1,80;
2026-07-25 09:02:00.0;OFF;ON;50;1,70;0,90;0,90;1,40;98,30;89,40;-0,80;6;99,30;0,80;1,70;
2026-07-25 09:03:00.0;OFF;ON;50;1,50;0,90;0,80;1,40;98,40;89,40;-0,70;6;99,70;0,80;1,60;
2026-07-25 09:04:00.0;OFF;ON;50;1,40;0,80;0,80;1,40;98,40;89,40;-0,60;6;100;0,70;1,50;
2026-07-25 09:05:00.0;OFF;ON;50;1,30;0,80;0,80;1,40;98,40;89,40;-0,60;6;100;0,70;1,40;
2026-07-25 09:06:00.0;OFF;ON;50;1,30;0,80;0,70;1,40;98,40;89,40;-0,60;6;100;0,70;1,30;
2026-07-25 09:07:00.0;OFF;ON;50;1,30;0,70;0,70;1,40;98,40;89,40;-0,60;6;100;0,70;1,30;
2026-07-25 09:08:00.0;OFF;ON;50;1,20;0,70;0,70;1,40;98,40;89,40;-0,50;6;99,80;0,60;1,30;
2026-07-25 09:09:00.0;OFF;ON;50;1,20;0,70;0,70;1,40;98,40;89,40;-0,50;6;100;0,60;1,20;
2026-07-25 09:10:00.0;OFF;ON;50;1,20;0,70;0,70;1,30;98,40;89,40;-0,50;6;100;0,60;1,20;
2026-07-25 09:11:00.0;OFF;ON;50;1;0,70;0,70;1,30;98,40;89,40;-0,40;6;99,60;0,60;1,20;
2026-07-25 09:12:00.0;OFF;ON;50;1,10;0,70;0,70;1,30;98,40;89,40;-0,40;6;100;0,60;1,20;
2026-07-25 09:13:00.0;OFF;ON;50;1;0,70;0,70;1,30;98,40;89,40;-0,30;6;99,80;0,60;1,10;
2026-07-25 09:14:00.0;OFF;ON;50;1;0,70;0,70;1,30;98,40;89,40;-0,30;6;100;0,50;1,10;
2026-07-25 09:15:00.0;OFF;ON;50;1;0,70;0,70;1,30;98,40;89,40;-0,30;6;100;0,50;1,10;
2026-07-25 09:16:00.0;OFF;ON;50;1;0,70;0,80;1,30;98,40;89,40;-0,20;6;99,80;0,50;1,10;
2026-07-25 09:17:00.0;OFF;ON;50;1;0,80;0,70;1,30;98,40;89,40;-0,20;6;100;0,50;1;
2026-07-25 09:18:00.0;OFF;ON;50;0,80;0,70;0,70;1,30;98,40;89,40;-0,10;6;99,50;0,50;1;
2026-07-25 09:19:00.0;OFF;ON;50;0,80;0,70;0,70;1,30;98,30;89,40;-0,10;6;99,60;0,50;1;
2026-07-25 09:20:00.0;OFF;ON;50;0,80;0,80;0,70;1,20;98,30;89,40;-0,10;6;99,50;0,50;1;
2026-07-25 09:21:00.0;OFF;ON;50;0,90;0,70;0,70;1,20;98,30;89,40;-0,20;6;99,90;0,50;1;
2026-07-25 09:22:00.0;OFF;ON;50;0,90;0,70;0,70;1,20;98,30;89,40;-0,20;6;100;0,50;1;
2026-07-25 09:23:00.0;OFF;ON;50;0,70;0,70;0,70;1,20;98,30;89,40;-0,10;6;99,40;0,50;1;
2026-07-25 09:24:00.0;OFF;ON;50;0,70;0,70;0,70;1,20;98,30;89,40;0;6;99,50;0,50;0,90;
2026-07-25 09:25:00.0;OFF;ON;50;0,80;0,70;0,70;1,20;98,30;89,40;-0,10;6;100;0,50;0,90;
2026-07-25 09:26:00.0;OFF;ON;50;0,80;0,70;0,70;1,20;98,30;89,40;-0,10;6;100;0,50;0,90;
2026-07-25 09:27:00.0;OFF;ON;50;0,80;0,70;0,70;1,20;98,30;89,40;-0,20;6;100;0,40;0,90;
2026-07-25 09:28:00.0;OFF;ON;50;0,80;0,70;0,60;1,20;98,30;89,40;-0,10;6;100;0,40;0,90;
2026-07-25 09:29:00.0;OFF;ON;50;0,70;0,60;0,60;1,20;98,30;89,40;0;6;99,60;0,40;0,90;
2026-07-25 09:30:00.0;OFF;ON;50;0,70;0,60;0,60;1,10;98,40;89,40;-0,10;6;100;0,40;0,90;
2026-07-25 09:31:00.0;OFF;ON;50;0,60;0,60;0,60;1,10;98,40;89,40;0;6;99,80;0,40;0,90;
2026-07-25 09:32:00.0;OFF;ON;50;0,70;0,60;0,60;1,10;98,40;89,40;-0,10;6;100;0,40;0,90;
2026-07-25 09:33:00.0;OFF;ON;50;0,60;0,60;0,60;1,10;98,30;89,40;0;6;99,80;0,40;0,80;
2026-07-25 09:34:00.0;OFF;ON;50;0,70;0,60;0,60;1,10;98,30;89,40;-0,10;6;100;0,40;0,80;
2026-07-25 09:35:00.0;OFF;ON;50;0,70;0,60;0,60;1,10;98,30;89,40;-0,10;6;100;0,40;0,80;
2026-07-25 09:36:00.0;OFF;ON;50;0,70;0,60;0,60;1,10;98,30;89,40;-0,10;6;100;0,40;0,80;
2026-07-25 09:37:00.0;OFF;ON;50;0,60;0,60;0,60;1,10;98,30;89,40;0;6;99,60;0,40;0,80;
2026-07-25 09:38:00.0;OFF;ON;50;0,70;0,60;0,60;1,10;98,30;89,40;-0,10;6;99,80;0,40;0,80;
2026-07-25 09:39:00.0;OFF;ON;50;0,60;0,60;0,60;1,10;98,40;89,40;0;6;99,70;0,40;0,90;
2026-07-25 09:40:00.0;OFF;ON;50;0,70;0,60;0,60;1;98,30;89,40;-0,10;6;99,60;0,40;0,90;
2026-07-25 09:41:00.0;OFF;ON;50;0,80;0,60;0,60;1;98,30;89,40;-0,10;6;100;0,40;0,90;
2026-07-25 09:42:00.0;OFF;ON;50;0,70;0,60;0,60;1;98,30;89,40;0;6;99,60;0,40;0,90;
2026-07-25 09:43:00.0;OFF;ON;50;0,80;0,60;0,60;1;98,30;89,40;-0,10;6;99,80;0,40;0,90;
2026-07-25 09:44:00.0;OFF;ON;50;0,70;0,60;0,60;1;98,30;89,40;-0,10;6;99,60;0,40;0,90;
2026-07-25 09:45:00.0;OFF;ON;50;0,80;0,60;0,60;1;98,30;89,40;-0,10;6;100;0,40;0,90;
2026-07-25 09:46:00.0;OFF;ON;50;0,70;0,60;0,60;1;98,30;89,40;-0,10;6;99,60;0,40;0,90;
2026-07-25 09:47:00.0;OFF;ON;50;0,70;0,60;0,60;1;98,30;89,40;-0,10;6;99,70;0,40;0,90;
2026-07-25 09:48:00.0;OFF;ON;50;0,70;0,60;0,60;1;98,40;89,40;-0,10;6;99,50;0,40;0,90;
2026-07-25 09:49:00.0;OFF;ON;50;0,80;0,60;0,60;1;98,30;89,40;-0,20;6;100;0,40;0,90;
2026-07-25 09:50:00.0;OFF;ON;50;0,70;0,70;0,70;1;98,30;89,40;0;6;99,60;0,40;0,90;
2026-07-25 09:51:00.0;OFF;ON;50;0,70;0,60;0,70;1;98,40;89,40;-0,10;6;99,60;0,40;0,90;
2026-07-25 09:52:00.0;OFF;ON;50;0,70;0,70;0,70;0,90;98,40;89,30;0;6;99,70;0,40;0,90;
2026-07-25 09:53:00.0;OFF;ON;50;0,80;0,80;0,80;0,90;98,40;89,30;0;6;99,70;0,50;0,90;
2026-07-25 09:54:00.0;OFF;ON;50;0,90;0,80;0,80;0,90;98,40;89,10;0;6;99,70;0,50;1;
2026-07-25 09:55:00.0;OFF;ON;50;0,90;0,90;0,90;0,90;98,40;89,10;0;6;99,70;0,50;1;
2026-07-25 09:56:00.0;OFF;ON;50;0,90;0,90;0,90;0,90;98,40;89,20;0;6;99,80;0,60;1;
2026-07-25 09:57:00.0;OFF;ON;50;0,90;0,90;0,90;0,90;98,40;89,20;0;6;99,70;0,60;1,10;
2026-07-25 09:58:00.0;OFF;ON;50;1;0,90;0,90;0,90;98,40;89,20;-0,10;6;100;0,60;1,10;
2026-07-25 09:59:00.0;OFF;ON;50;0,90;0,90;0,90;0,90;98,40;89,20;0;6;99,80;0,60;1,10;
2026-07-25 10:00:00.0;OFF;ON;50;1;1;1;0,90;98,40;89,20;-0,10;6;99,80;0,60;1,10;
2026-07-25 10:01:00.0;OFF;ON;50;1;1;1;0,90;98,40;89,20;0;6;99,20;0,60;1,10;
2026-07-25 10:02:00.0;OFF;ON;50;1;1;1;0,90;98,40;89,30;0;6;99,30;0,60;1,10;
2026-07-25 10:03:00.0;OFF;ON;50;1;1;1,10;0,80;98,40;89,30;0,10;6;99,30;0,60;1,10;
2026-07-25 10:04:00.0;OFF;ON;50;0,90;1,10;1,10;0,80;98,40;89,30;0,10;6;98,90;0,60;1,10;
2026-07-25 10:05:00.0;OFF;ON;50;1;1,10;1;0,80;98,40;89,30;0;6;99,10;0,60;1,10;
2026-07-25 10:06:00.0;OFF;ON;50;1;1;1;0,80;98,40;89,30;0;6;99;0,60;1,10;
2026-07-25 10:07:00.0;OFF;ON;50;0,90;1;1;0,80;98,40;89,30;0,10;6;98,60;0,60;1,10;
2026-07-25 10:08:00.0;OFF;ON;50;0,90;1;1;0,80;98,40;89,30;0,20;6;98,40;0,60;1,10;
2026-07-25 10:09:00.0;OFF;ON;50;0,80;1;0,90;0,80;98,40;89,30;0,10;6;98,40;0,60;1,10;
2026-07-25 10:10:00.0;OFF;ON;50;0,80;0,90;0,90;0,80;98,40;89,30;0,10;6;98,60;0,60;1;
2026-07-25 10:11:00.0;OFF;ON;50;0,70;0,80;0,80;0,80;98,40;89,30;0,20;6;98,10;0,60;1;
2026-07-25 10:12:00.0;OFF;ON;50;0,60;0,80;0,80;0,80;98,40;89,30;0,20;6;97,80;0,50;0,90;
2026-07-25 10:13:00.0;OFF;ON;50;0,70;0,80;0,80;0,80;98,40;89,30;0,10;6;98;0,50;0,90;
2026-07-25 10:14:00.0;OFF;ON;50;0,60;0,70;0,70;0,80;98,40;89,30;0,10;6;97,80;0,50;0,80;
2026-07-25 10:15:00.0;OFF;ON;50;0,50;0,70;0,70;0,80;98,40;89,30;0,20;6;97,20;0,50;0,80;
2026-07-25 10:16:00.0;OFF;ON;50;0,50;0,70;0,70;0,70;98,40;89,30;0,20;6;97,10;0,50;0,80;
2026-07-25 10:17:00.0;OFF;ON;50;0,50;0,70;0,70;0,70;98,40;89,30;0,20;6;96,80;0,50;0,80;
2026-07-25 10:18:00.0;OFF;ON;50;0,60;0,70;0,70;0,70;98,40;89,30;0,10;6;97,10;0,40;0,80;
2026-07-25 10:19:00.0;OFF;ON;50;0,50;0,70;0,70;0,70;98,40;89,30;0,20;6;96,50;0,40;0,80;
2026-07-25 10:20:00.0;OFF;ON;50;0,50;0,60;0,60;0,70;98,40;89,30;0,20;6;96,30;0,40;0,70;
2026-07-25 10:21:00.0;OFF;ON;50;0,50;0,60;0,60;0,70;98,40;89,30;0,10;6;96,50;0,40;0,70;
2026-07-25 10:22:00.0;OFF;ON;50;0,50;0,60;0,60;0,70;98,40;89,30;0,10;6;96,20;0,40;0,70;
2026-07-25 10:23:00.0;OFF;ON;50;0,50;0,60;0,60;0,70;98,40;89,30;0,10;6;96,10;0,40;0,70;
2026-07-25 10:24:00.0;OFF;ON;50;0,50;0,60;0,60;0,70;98,40;89,30;0,20;6;95,80;0,40;0,70;
2026-07-25 10:25:00.0;OFF;ON;50;0,50;0,60;0,60;0,70;98,40;89,30;0,10;6;95,70;0,40;0,70;
2026-07-25 10:26:00.0;OFF;ON;50;0,50;0,60;0,60;0,70;98,40;89,30;0,10;6;95,80;0,40;0,70;
2026-07-25 10:27:00.0;OFF;ON;50;0,60;0,60;0,60;0,60;98,40;89,30;0,10;6;95,80;0,40;0,70;
2026-07-25 10:28:00.0;OFF;ON;50;0,50;0,60;0,60;0,60;98,40;89,30;0,10;6;95,40;0,40;0,70;
2026-07-25 10:29:00.0;OFF;ON;50;0,40;0,60;0,60;0,60;98,40;89,30;0,20;6;95;0,40;0,70;
2026-07-25 10:30:00.0;OFF;ON;50;0,50;0,60;0,60;0,60;98,40;89,30;0,10;6;95;0,40;0,70;
2026-07-25 10:31:00.0;OFF;ON;50;0,50;0,70;0,70;0,60;98,40;89,30;0,20;6;94,70;0,40;0,70;
2026-07-25 10:32:00.0;OFF;ON;50;0,60;0,70;0,60;0,60;98,40;89,30;0,10;6;94,80;0,40;0,70;
2026-07-25 10:33:00.0;OFF;ON;50;0,50;0,60;0,60;0,60;98,40;89,30;0,10;6;94,70;0,40;0,70;
2026-07-25 10:34:00.0;OFF;ON;50;0,50;0,60;0,60;0,60;98,40;89,30;0,10;6;94,40;0,40;0,70;
2026-07-25 10:35:00.0;OFF;ON;50;0,60;0,60;0,60;0,60;98,40;89,30;0;6;94,60;0,40;0,80;
2026-07-25 10:36:00.0;OFF;ON;50;0,60;0,60;0,60;0,60;98,40;89,30;0;6;94,50;0,40;0,80;
2026-07-25 10:37:00.0;OFF;ON;50;0,60;0,60;0,60;0,60;98,40;89,30;0;6;94,50;0,40;0,80;
2026-07-25 10:38:00.0;OFF;ON;50;0,50;0,60;0,60;0,50;98,40;89,30;0,10;6;94,20;0,40;0,80;
2026-07-25 10:39:00.0;OFF;ON;50;0,60;0,60;0,60;0,50;98,40;89,30;0;6;94,20;0,40;0,80;
2026-07-25 10:40:00.0;OFF;ON;50;0,60;0,60;0,60;0,50;98,40;89,30;0;6;94,20;0,40;0,80;
2026-07-25 10:41:00.0;OFF;ON;50;0,50;0,60;0,60;0,50;98,40;89,40;0,10;6;94;0,40;0,80;
2026-07-25 10:42:00.0;OFF;ON;50;0,60;0,60;0,60;0,50;98,40;89,40;0;6;94,10;0,40;0,80;
2026-07-25 10:43:00.0;OFF;ON;50;0,60;0,60;0,60;0,50;98,40;89,40;0,10;6;94,10;0,40;0,80;
2026-07-25 10:44:00.0;OFF;ON;50;0,50;0,60;0,60;0,50;98,40;89,40;0,10;6;94;0,40;0,80;
2026-07-25 10:45:00.0;OFF;ON;50;0,60;0,60;0,60;0,50;98,40;89,40;0;6;94;0,40;0,80;
2026-07-25 10:46:00.0;OFF;ON;50;0,70;0,60;0,60;0,50;98,40;89,40;0;6;93,90;0,40;0,80;
2026-07-25 10:47:00.0;OFF;ON;50;0,70;0,60;0,60;0,50;98,40;89,40;0;6;93,90;0,40;0,80;
2026-07-25 10:48:00.0;OFF;ON;50;0,70;0,60;0,60;0,50;98,40;89,40;0;6;93,90;0,40;0,80;
2026-07-25 10:49:00.0;OFF;ON;50;0,70;0,70;0,60;0,50;98,40;89,40;0;6;93,80;0,40;0,80;
2026-07-25 10:50:00.0;OFF;ON;50;0,60;0,60;0,60;0,50;98,40;89,40;0,10;6;93,70;0,50;0,80;
2026-07-25 10:51:00.0;OFF;ON;50;0,70;0,70;0,70;0,40;98,40;89,40;0;6;93,80;0,40;0,80;
2026-07-25 10:52:00.0;OFF;ON;50;0,70;0,70;0,70;0,40;98,40;89,40;0;6;93,80;0,50;0,80;
2026-07-25 10:53:00.0;OFF;ON;50;0,70;0,70;0,70;0,40;98,40;89,40;0;6;93,70;0,50;0,80;
2026-07-25 10:54:00.0;OFF;ON;50;0,50;0,70;0,70;0,40;98,40;89,40;0,10;6;93,30;0,50;0,80;
2026-07-25 10:55:00.0;OFF;ON;50;0,60;0,70;0,70;0,40;98,40;89,40;0,10;6;93,40;0,50;0,80;
2026-07-25 10:56:00.0;OFF;ON;50;0,70;0,70;0,70;0,40;98,40;89,40;0;6;93,40;0,50;0,80;
2026-07-25 10:57:00.0;OFF;ON;50;0,70;0,70;0,70;0,40;98,40;89,40;0;6;93,40;0,50;0,80;
2026-07-25 10:58:00.0;OFF;ON;50;0,60;0,70;0,70;0,40;98,40;89,40;0,10;6;93,30;0,50;0,80;
2026-07-25 10:59:00.0;OFF;ON;50;0,60;0,70;0,70;0,40;98,40;89,40;0,10;6;93,30;0,50;0,80;
2026-07-25 11:00:00.0;OFF;ON;50;0,60;0,70;0,70;0,40;98,30;89,40;0,10;6;93,20;0,50;0,80;
2026-07-25 11:01:00.0;OFF;ON;50;0,70;0,70;0,70;0,40;98,30;89,40;0;6;93,30;0,50;0,80;
2026-07-25 11:02:00.0;OFF;ON;50;0,60;0,70;0,70;0,40;98,30;89,40;0,10;6;93,10;0,50;0,80;
2026-07-25 11:03:00.0;OFF;ON;50;0,50;0,70;0,70;0,40;98,30;89,40;0,10;6;93;0,50;0,80;
2026-07-25 11:04:00.0;OFF;ON;50;0,70;0,70;0,70;0,30;98,30;89,40;0;6;93,10;0,50;0,80;
2026-07-25 11:05:00.0;OFF;ON;50;0,60;0,70;0,70;0,30;98,40;89,40;0,10;6;93;0,50;0,80;
2026-07-25 11:06:00.0;OFF;ON;50;0,60;0,70;0,70;0,30;98,30;89,40;0,10;6;92,90;0,50;0,80;
2026-07-25 11:07:00.0;OFF;ON;50;0,60;0,70;0,70;0,30;98,40;89,40;0,10;6;92,80;0,50;0,80;
2026-07-25 11:08:00.0;OFF;ON;50;0,70;0,70;0,70;0,30;98,30;89,40;0;6;92,90;0,50;0,80;
2026-07-25 11:09:00.0;OFF;ON;50;0,60;0,70;0,70;0,30;98,30;89,40;0,10;6;92,80;0,50;0,80;
2026-07-25 11:10:00.0;OFF;ON;50;0,60;0,70;0,70;0,30;98,30;89,40;0,10;6;92,70;0,50;0,80;
2026-07-25 11:11:00.0;OFF;ON;50;0,60;0,70;0,70;0,30;98,40;89,40;0;6;92,80;0,50;0,80;
2026-07-25 11:12:00.0;OFF;ON;50;0,60;0,70;0,70;0,30;98,40;89,40;0,10;6;92,70;0,50;0,80;
2026-07-25 11:13:00.0;OFF;ON;50;0,70;0,70;0,70;0,30;98,30;89,40;0;6;92,70;0,50;0,80;
2026-07-25 11:14:00.0;OFF;ON;50;0,70;0,70;0,70;0,30;98,30;89,40;0;6;92,60;0,50;0,80;
2026-07-25 11:15:00.0;OFF;ON;50;0,60;0,70;0,70;0,30;98,30;89,40;0,10;6;92,60;0,50;0,80;
2026-07-25 11:16:00.0;OFF;ON;50;0,70;0,70;0,70;0,30;98,30;89,40;0;6;92,50;0,50;0,80;
2026-07-25 11:17:00.0;OFF;ON;50;0,60;0,70;0,70;0,30;98,30;89,40;0,10;6;92,30;0,50;0,80;
2026-07-25 11:18:00.0;OFF;ON;50;0,60;0,70;0,70;0,20;98,40;89,40;0,10;6;92,10;0,50;0,80;
2026-07-25 11:19:00.0;OFF;ON;50;0,60;0,70;0,70;0,20;98,30;89,40;0,10;6;92,10;0,50;0,80;
2026-07-25 11:20:00.0;OFF;ON;50;0,70;0,70;0,70;0,20;98,30;89,40;0;6;92,20;0,50;0,80;
2026-07-25 11:21:00.0;OFF;ON;50;0,50;0,70;0,70;0,20;98,30;89,40;0,10;6;91,90;0,50;0,80;
2026-07-25 11:22:00.0;OFF;ON;50;0,70;0,70;0,70;0,20;98,30;89,40;0;6;92,20;0,50;0,80;
2026-07-25 11:23:00.0;OFF;ON;50;0,60;0,70;0,70;0,20;98,30;89,40;0;6;92,10;0,50;0,80;
2026-07-25 11:24:00.0;OFF;ON;50;0,70;0,70;0,70;0,20;98,30;89,40;0;6;92,10;0,50;0,80;
2026-07-25 11:25:00.0;OFF;ON;50;0,70;0,70;0,70;0,20;98,30;89,40;0;6;92;0,50;0,80;
2026-07-25 11:26:00.0;OFF;ON;50;0,60;0,70;0,70;0,20;98,30;89,40;0,10;6;91,80;0,50;0,90;
2026-07-25 11:27:00.0;OFF;ON;50;0,70;0,70;0,70;0,20;98,30;89,40;0;6;91,90;0,50;0,90;
2026-07-25 11:28:00.0;OFF;ON;50;0,60;0,70;0,70;0,20;98,30;89,40;0,10;6;91,70;0,50;0,90;
2026-07-25 11:29:00.0;OFF;ON;50;0,70;0,70;0,70;0,20;98,30;89,40;0;6;91,80;0,50;0,90;
2026-07-25 11:30:00.0;OFF;ON;50;0,60;0,70;0,70;0,20;98,30;89,40;0,10;6;91,80;0,50;0,90;
2026-07-25 11:31:00.0;OFF;ON;50;0,60;0,70;0,70;0,20;98,30;89,40;0,10;6;91,70;0,50;0,90;
2026-07-25 11:32:00.0;OFF;ON;50;0,70;0,70;0,70;0,20;98,30;89,40;0;6;91,70;0,50;0,90;
2026-07-25 11:33:00.0;OFF;ON;50;0,70;0,70;0,70;0,10;98,30;89,40;0;6;91,70;0,50;0,90;
2026-07-25 11:34:00.0;OFF;ON;50;0,60;0,80;0,80;0,10;98,30;89,40;0,10;6;91,20;0,50;0,90;
2026-07-25 11:35:00.0;OFF;ON;50;0,60;0,70;0,70;0,10;98,30;89,40;0,10;6;91,20;0,50;0,90;
2026-07-25 11:36:00.0;OFF;ON;50;0,60;0,70;0,70;0,10;98,30;89,40;0,10;6;91,20;0,50;0,90;
2026-07-25 11:37:00.0;OFF;ON;50;0,60;0,70;0,70;0,10;98,30;89,40;0,10;6;91,30;0,50;0,90;
2026-07-25 11:38:00.0;OFF;ON;50;0,70;0,70;0,70;0,10;98,30;89,40;0;6;91,30;0,50;0,90;
2026-07-25 11:39:00.0;OFF;ON;50;0,70;0,70;0,70;0,10;98,30;89,40;0;6;91,10;0,50;0,90;
2026-07-25 11:40:00.0;OFF;ON;50;0,60;0,70;0,70;0,10;98,30;89,40;0,10;6;90,90;0,50;0,90;
2026-07-25 11:41:00.0;OFF;ON;50;0,70;0,70;0,70;0,10;98,30;89,40;0;6;91,10;0,50;0,90;
2026-07-25 11:42:00.0;OFF;ON;50;0,70;0,70;0,70;0,10;98,30;89,40;0;6;91,10;0,50;0,90;
2026-07-25 11:43:00.0;OFF;ON;50;0,70;0,70;0,70;0,10;98,30;89,40;0;6;91;0,50;0,90;
2026-07-25 11:44:00.0;OFF;ON;50;0,70;0,70;0,70;0,10;98,30;89,40;0;6;91;0,50;0,90;
2026-07-25 11:45:00.0;OFF;ON;50;0,70;0,70;0,70;0,10;98,30;89,40;0;6;90,90;0,50;0,90;
2026-07-25 11:46:00.0;OFF;ON;50;0,70;0,70;0,70;0,10;98,30;89,40;0;6;90,80;0,50;0,90;
2026-07-25 11:47:00.0;OFF;ON;50;0,60;0,70;0,70;0,10;98,30;89,40;0,10;6;90,80;0,50;0,90;
2026-07-25 11:48:00.0;OFF;ON;50;0,70;0,70;0,70;0;98,30;89,40;0;6;90,70;0,50;0,90;
2026-07-25 11:49:00.0;OFF;ON;50;0,60;0,70;0,70;0;98,30;89,40;0;6;90,70;0,50;0,90;
2026-07-25 11:50:00.0;OFF;ON;50;0,60;0,70;0,70;0;98,30;89,40;0,10;6;90,60;0,50;0,90;
2026-07-25 11:51:00.0;OFF;ON;50;0,70;0,70;0,70;0;98,30;89,40;0;6;90,60;0,50;0,90;
2026-07-25 11:52:00.0;OFF;ON;50;0,70;0,70;0,70;0;98,20;89,40;0;6;90,60;0,50;0,90;
2026-07-25 11:53:00.0;OFF;ON;50;0,60;0,70;0,80;0;98,30;89,40;0,10;6;90,20;0,50;0,90;
2026-07-25 11:54:00.0;OFF;ON;50;0,60;0,80;0,70;0;98,30;89,40;0,10;6;90,30;0,50;0,90;
2026-07-25 11:55:00.0;OFF;ON;50;0,60;0,70;0,70;0;98,30;89,40;0,10;6;90,20;0,50;0,90;
2026-07-25 11:56:00.0;OFF;ON;50;0,60;0,70;0,70;0;98,30;89,40;0,10;6;90,10;0,50;0,90;
2026-07-25 11:57:00.0;OFF;ON;50;0,60;0,70;0,70;0;98,30;89,40;0,10;6;90,10;0,50;0,90;
2026-07-25 11:58:00.0;OFF;ON;50;0,70;0,70;0,70;0;98,30;89,40;0,10;6;90,20;0,50;0,90;
2026-07-25 11:59:00.0;OFF;ON;50;0,70;0,70;0,70;0;98,30;89,40;0;6;90,20;0,50;0,90;
2026-07-25 12:00:00.0;OFF;ON;50;0,70;0,70;0,70;0;98,30;89,40;0;6;90,10;0,50;0,90;
2026-07-25 12:01:00.0;OFF;ON;50;0,60;0,70;0,70;0;98,30;89,40;0,10;6;90;0,50;0,90;
2026-07-25 12:02:00.0;OFF;ON;50;0,70;0,70;0,70;0;98,30;89,40;0;6;89,90;0,50;0,90;
2026-07-25 12:03:00.0;OFF;ON;50;0,70;0,70;0,70;0;98,30;89,40;0;6;90;0,50;0,90;
2026-07-25 12:04:00.0;OFF;ON;50;0,60;0,70;0,70;0;98,30;89,40;0,10;6;89,70;0,50;0,90;
2026-07-25 12:05:00.0;OFF;ON;50;0,60;0,70;0,70;0;98,30;89,40;0,10;6;89,70;0,50;0,90;
2026-07-25 12:06:00.0;OFF;ON;50;0,70;0,70;0,70;0;98,30;89,40;0;6;89,80;0,50;0,90;
2026-07-25 12:07:00.0;OFF;ON;50;0,60;0,70;0,70;-0,10;98,30;89,40;0,10;6;89,50;0,50;0,90;
2026-07-25 12:08:00.0;OFF;ON;50;0,70;0,70;0,70;-0,10;98,30;89,40;0;6;89,70;0,50;0,90;
2026-07-25 12:09:00.0;OFF;ON;50;0,70;0,70;0,70;-0,10;98,30;89,40;0;6;89,60;0,50;0,90;
2026-07-25 12:10:00.0;OFF;ON;50;0,70;0,70;0,80;-0,10;98,30;89,40;0;6;89,50;0,50;0,90;
2026-07-25 12:11:00.0;OFF;ON;50;0,70;0,80;0,80;-0,10;98,30;89,40;0,10;6;89,30;0,50;0,90;
2026-07-25 12:12:00.0;OFF;ON;50;0,70;0,80;0,80;-0,10;98,30;89,40;0;6;89,40;0,60;0,90;
2026-07-25 12:13:00.0;OFF;ON;50;0,70;0,80;0,70;-0,10;98,30;89,40;0;6;89,30;0,50;0,90;
2026-07-25 12:14:00.0;OFF;ON;50;0,70;0,70;0,70;-0,10;98,30;89,40;0;6;89,20;0,60;0,90;
2026-07-25 12:15:00.0;OFF;ON;50;0,70;0,70;0,70;-0,10;98,30;89,40;0;6;89,10;0,50;0,90;
2026-07-25 12:16:00.0;OFF;ON;50;0,60;0,70;0,70;-0,10;98,30;89,40;0,10;6;89;0,60;0,90;
2026-07-25 12:17:00.0;OFF;ON;50;0,60;0,70;0,70;-0,10;98,30;89,40;0,10;6;88,90;0,60;0,90;
2026-07-25 12:18:00.0;OFF;ON;50;0,70;0,70;0,70;-0,10;98,30;89,40;0;6;89,10;0,60;0,90;
2026-07-25 12:19:00.0;OFF;ON;50;0,70;0,70;0,70;-0,10;98,30;89,40;0,10;6;88,90;0,60;0,90;
2026-07-25 12:20:00.0;OFF;ON;50;0,60;0,70;0,70;-0,10;98,30;89,40;0,10;6;88,70;0,60;0,90;
2026-07-25 12:21:00.0;OFF;ON;50;0,60;0,70;0,70;-0,10;98,30;89,40;0,10;6;88,80;0,60;0,90;
2026-07-25 12:22:00.0;OFF;ON;50;0,70;0,70;0,70;-0,10;98,30;89,40;0,10;6;88,70;0,60;0,90;
2026-07-25 12:23:00.0;OFF;ON;50;0,70;0,80;0,80;-0,10;98,30;89,40;0;6;88,70;0,60;0,90;
2026-07-25 12:24:00.0;OFF;ON;50;0,80;0,80;0,80;-0,10;98,30;89,40;0;6;88,80;0,60;0,90;
2026-07-25 12:25:00.0;OFF;ON;50;0,80;0,80;0,80;-0,10;98,30;89,40;0;6;88,70;0,60;0,90;
2026-07-25 12:26:00.0;OFF;ON;50;0,80;0,80;0,80;-0,10;98,30;89,40;0;6;88,60;0,60;0,90;
2026-07-25 12:27:00.0;OFF;ON;50;0,70;0,80;0,80;-0,10;98,30;89,40;0;6;88,60;0,60;0,90;
2026-07-25 12:28:00.0;OFF;ON;50;0,80;0,80;0,80;-0,10;98,30;89,40;0,10;6;88,50;0,60;0,90;
2026-07-25 12:29:00.0;OFF;ON;50;0,70;0,80;0,80;-0,20;98,30;89,40;0,10;6;88,10;0,60;0,90;
2026-07-25 12:30:00.0;OFF;ON;50;0,70;0,80;0,80;-0,20;98,30;89,40;0,10;6;88,10;0,60;0,90;
2026-07-25 12:31:00.0;OFF;ON;50;0,70;0,80;0,80;-0,20;98,30;89,40;0,10;6;88,20;0,60;0,90;
2026-07-25 12:32:00.0;OFF;ON;50;0,70;0,80;0,80;-0,20;98,30;89,40;0;6;88,20;0,60;0,90;
2026-07-25 12:33:00.0;OFF;ON;50;0,70;0,80;0,80;-0,20;98,30;89,40;0;6;88;0,60;0,90;
2026-07-25 12:34:00.0;OFF;ON;50;0,80;0,80;0,80;-0,20;98,30;89,40;0;6;88;0,60;0,90;
2026-07-25 12:35:00.0;OFF;ON;50;0,80;0,80;0,80;-0,20;98,30;89,40;0;6;88;0,60;0,90;
2026-07-25 12:36:00.0;OFF;ON;50;0,80;0,80;0,80;-0,20;98,30;89,40;0;6;87,90;0,60;0,90;
2026-07-25 12:37:00.0;OFF;ON;50;0,80;0,80;0,80;-0,20;98,30;89,40;0;6;87,90;0,60;0,90;
2026-07-25 12:38:00.0;OFF;ON;50;0,80;0,80;0,80;-0,20;98,30;89,40;0;6;87,90;0,60;0,90;
2026-07-25 12:39:00.0;OFF;ON;50;0,70;0,80;0,80;-0,20;98,30;89,40;0,10;6;87,60;0,60;0,90;
2026-07-25 12:40:00.0;OFF;ON;50;0,70;0,80;0,80;-0,20;98,30;89,40;0,10;6;87,50;0,60;0,90;
2026-07-25 12:41:00.0;OFF;ON;50;0,70;0,80;0,80;-0,20;98,30;89,40;0,10;6;87,50;0,60;0,90;
2026-07-25 12:42:00.0;OFF;ON;50;0,80;0,80;0,80;-0,20;98,30;89,40;0;6;87,60;0,60;0,90;
2026-07-25 12:43:00.0;OFF;ON;50;0,70;0,80;0,90;-0,20;98,30;89,40;0,20;6;86,90;0,60;0,90;
2026-07-25 12:44:00.0;OFF;ON;50;0,70;0,80;0,80;-0,20;98,20;89,40;0,20;6;86,90;0,60;0,90;
2026-07-25 12:45:00.0;OFF;ON;50;0,70;0,80;0,80;-0,20;98,30;89,40;0,10;6;87;0,60;0,90;
2026-07-25 12:46:00.0;OFF;ON;50;0,70;0,80;0,80;-0,20;98,30;89,40;0,10;6;86,90;0,60;1;
2026-07-25 12:47:00.0;OFF;ON;50;0,70;0,80;0,80;-0,20;98,30;89,40;0,10;6;87;0,60;1;
2026-07-25 12:48:00.0;OFF;ON;50;0,80;0,80;0,80;-0,20;98,30;89,40;0;6;87,10;0,60;1;
2026-07-25 12:49:00.0;OFF;ON;50;0,70;0,80;0,80;-0,20;98,30;89,40;0,10;6;86,70;0,60;1;
2026-07-25 12:50:00.0;OFF;ON;50;0,70;0,80;0,80;-0,20;98,40;89,40;0,10;6;86,60;0,60;1;
2026-07-25 12:51:00.0;OFF;ON;50;0,70;0,80;0,80;-0,20;98,30;89,40;0,10;6;86,50;0,60;1;
2026-07-25 12:52:00.0;OFF;ON;50;0,80;0,80;0,80;-0,30;98,30;89,40;0;6;86,70;0,60;1;
2026-07-25 12:53:00.0;OFF;ON;50;0,70;0,80;0,80;-0,30;98,30;89,40;0,10;6;86,30;0,60;1;
2026-07-25 12:54:00.0;OFF;ON;50;0,80;0,80;0,80;-0,30;98,30;89,40;0;6;86,50;0,60;1;
2026-07-25 12:55:00.0;OFF;ON;50;0,70;0,80;0,80;-0,30;98,30;89,40;0,10;6;86,30;0,60;1;
2026-07-25 12:56:00.0;OFF;ON;50;0,70;0,80;0,80;-0,30;98,30;89,40;0,10;6;86;0,60;1;
2026-07-25 12:57:00.0;OFF;ON;50;0,80;0,80;0,80;-0,30;98,30;89,40;0,10;6;86,30;0,60;1;
2026-07-25 12:58:00.0;OFF;ON;50;0,70;0,80;0,80;-0,30;98,30;89,40;0,10;6;85,90;0,60;1;
2026-07-25 12:59:00.0;OFF;ON;50;0,80;0,80;0,80;-0,30;98,30;89,40;0,10;6;86,10;0,60;1;
2026-07-25 13:00:00.0;OFF;ON;50;0,70;0,90;0,90;-0,30;98,30;89,40;0,20;6;85,20;0,60;1;
2026-07-25 13:01:00.0;OFF;ON;50;0,80;0,90;0,90;-0,30;98,30;89,40;0,10;6;85,60;0,60;1;
2026-07-25 13:02:00.0;OFF;ON;50;0,70;0,80;0,80;-0,30;98,30;89,40;0,10;6;85,40;0,60;1;
2026-07-25 13:03:00.0;OFF;ON;50;0,70;0,80;0,80;-0,30;98,30;89,40;0,10;6;85,40;0,60;1;
2026-07-25 13:04:00.0;OFF;ON;50;0,80;0,80;0,80;-0,30;98,30;89,40;0,10;6;85,40;0,60;1;
2026-07-25 13:05:00.0;OFF;ON;50;0,80;0,80;0,80;-0,30;98,30;89,40;0,10;6;85,30;0,60;1;
2026-07-25 13:06:00.0;OFF;ON;50;0,80;0,80;0,80;-0,30;98,30;89,40;0;6;85,10;0,60;1;
2026-07-25 13:07:00.0;OFF;ON;50;0,70;0,80;0,80;-0,30;98,30;89,40;0,10;6;84,70;0,60;1;
2026-07-25 13:08:00.0;OFF;ON;50;0,70;0,80;0,80;-0,30;98,20;89,40;0,10;6;84,80;0,60;1;
2026-07-25 13:09:00.0;OFF;ON;50;0,70;0,80;0,80;-0,30;98,30;89,40;0,10;6;84,60;0,70;1;
2026-07-25 13:10:00.0;OFF;ON;50;0,70;0,80;0,80;-0,30;98,20;89,40;0,10;6;84,40;0,60;1;
2026-07-25 13:11:00.0;OFF;ON;50;0,70;0,80;0,80;-0,30;98,20;89,40;0,10;6;84,30;0,70;1;
2026-07-25 13:12:00.0;OFF;ON;50;0,80;0,80;0,80;-0,30;98,30;89,40;0,10;6;84,50;0,60;1;
2026-07-25 13:13:00.0;OFF;ON;50;0,70;0,80;0,80;-0,30;98,20;89,40;0,20;6;84;0,60;1;
2026-07-25 13:14:00.0;OFF;ON;50;0,80;0,80;0,80;-0,30;98,30;89,40;0;6;84,30;0,70;1;
2026-07-25 13:15:00.0;OFF;ON;50;0,70;0,80;0,80;-0,30;98,20;89,40;0,10;6;84;0,70;1;
2026-07-25 13:16:00.0;OFF;ON;50;0,80;0,90;0,90;-0,40;98,30;89,40;0,20;6;83,60;0,60;1;
2026-07-25 13:17:00.0;OFF;ON;50;0,80;0,90;0,90;-0,40;98,20;89,40;0,10;6;83,50;0,70;1;
2026-07-25 13:18:00.0;OFF;ON;50;0,80;0,90;0,90;-0,40;98,30;89,40;0,10;6;83,40;0,70;1;
2026-07-25 13:19:00.0;OFF;ON;50;0,70;0,90;0,90;-0,40;98,20;89,40;0,10;6;83,20;0,70;1;
2026-07-25 13:20:00.0;OFF;ON;50;0,70;0,80;0,80;-0,40;98,20;89,40;0,20;6;82,90;0,70;1;
2026-07-25 13:21:00.0;OFF;ON;50;0,70;0,80;0,80;-0,40;98,20;89,40;0,10;6;82,90;0,70;1;
2026-07-25 13:22:00.0;OFF;ON;50;0,80;0,80;0,80;-0,40;98,20;89,40;0;6;83;0,60;1;
2026-07-25 13:23:00.0;OFF;ON;50;0,80;0,80;0,80;-0,40;98,20;89,40;0,10;6;82,90;0,70;1;
2026-07-25 13:24:00.0;OFF;ON;50;0,80;0,80;0,80;-0,40;98,20;89,40;0;6;82,80;0,70;1;
2026-07-25 13:25:00.0;OFF;ON;50;0,80;0,80;0,80;-0,40;98,20;89,40;0,10;6;82,70;0,70;1;
2026-07-25 13:26:00.0;OFF;ON;50;0,70;0,80;0,80;-0,40;98,20;89,40;0,20;6;82,10;0,70;1;
2026-07-25 13:27:00.0;OFF;ON;50;0,70;0,80;0,90;-0,40;98,20;89,40;0,20;6;81,90;0,70;1;
2026-07-25 13:28:00.0;OFF;ON;50;0,70;0,80;0,80;-0,40;98,20;89,40;0,10;6;81,90;0,70;1;
2026-07-25 13:29:00.0;OFF;ON;50;0,80;0,80;0,80;-0,40;98,20;89,40;0,10;6;82,10;0,70;1;
2026-07-25 13:30:00.0;OFF;ON;50;0,70;0,80;0,80;-0,40;98,20;89,40;0,10;6;81,80;0,70;1;
2026-07-25 13:31:00.0;OFF;ON;50;0,80;0,80;0,80;-0,40;98,30;89,40;0,10;6;81,80;0,70;1;
2026-07-25 13:32:00.0;OFF;ON;50;0,80;0,80;0,90;-0,40;98,20;89,40;0,20;6;81,30;0,70;1;
2026-07-25 13:33:00.0;OFF;ON;50;0,80;1;0,90;-0,40;98,20;89,40;0,10;6;81,10;0,70;1;
2026-07-25 13:34:00.0;OFF;ON;50;0,80;0,90;0,90;-0,40;98,30;89,40;0,10;6;81,10;0,70;1;
2026-07-25 13:35:00.0;OFF;ON;50;0,80;0,90;0,90;-0,40;98,20;89,40;0,10;6;81;0,70;1;
2026-07-25 13:36:00.0;OFF;ON;50;0,70;0,90;0,90;-0,40;98,20;89,40;0,20;6;80,50;0,70;1;
2026-07-25 13:37:00.0;OFF;ON;50;0,70;0,90;0,90;-0,40;98,20;89,40;0,20;6;80,40;0,70;1;
2026-07-25 13:38:00.0;OFF;ON;50;0,80;0,90;0,90;-0,40;98,20;89,40;0,10;6;80,50;0,70;1;
2026-07-25 13:39:00.0;OFF;ON;50;0,80;0,90;0,90;-0,40;98,30;89,40;0,10;6;80,40;0,70;1;
2026-07-25 13:40:00.0;OFF;ON;50;0,80;0,90;0,90;-0,50;98,20;89,40;0,10;6;80,20;0,70;1;
2026-07-25 13:41:00.0;OFF;ON;50;0,80;0,90;0,90;-0,50;98,20;89,40;0,10;6;80,20;0,70;1;
2026-07-25 13:42:00.0;OFF;ON;50;0,70;0,90;0,90;-0,50;98,20;89,40;0,10;6;79,80;0,70;1;
2026-07-25 13:43:00.0;OFF;ON;50;0,80;0,90;0,90;-0,50;98,20;89,40;0,10;6;79,70;0,70;1;
2026-07-25 13:44:00.0;OFF;ON;50;0,80;0,90;0,90;-0,50;98,20;89,40;0,10;6;79,70;0,70;1;
2026-07-25 13:45:00.0;OFF;ON;50;0,70;0,90;0,90;-0,50;98,20;89,40;0,10;6;79,30;0,70;1;
2026-07-25 13:46:00.0;OFF;ON;50;0,70;0,90;0,90;-0,50;98,20;89,40;0,10;6;79,20;0,70;1;
2026-07-25 13:47:00.0;OFF;ON;50;0,70;0,90;0,90;-0,50;98,20;89,40;0,20;6;79;0,70;1;
2026-07-25 13:48:00.0;OFF;ON;50;0,80;0,90;0,90;-0,50;98,20;89,40;0,10;6;79,10;0,70;1;
2026-07-25 13:49:00.0;OFF;ON;50;0,80;1;1;-0,50;98,30;89,40;0,20;6;78,40;0,70;1;
2026-07-25 13:50:00.0;OFF;ON;50;0,80;0,90;0,90;-0,50;98,30;89,40;0,10;6;78,50;0,70;1;
2026-07-25 13:51:00.0;OFF;ON;50;0,70;0,90;0,90;-0,50;98,20;89,40;0,20;6;78;0,70;1;
2026-07-25 13:52:00.0;OFF;ON;50;0,70;0,90;0,90;-0,50;98,20;89,40;0,20;6;77,90;0,70;1;
2026-07-25 13:53:00.0;OFF;ON;50;0,80;0,90;0,90;-0,50;98,20;89,40;0,10;6;78,20;0,70;1;
2026-07-25 13:54:00.0;OFF;ON;50;0,80;0,90;0,90;-0,50;98,20;89,40;0,10;6;77,90;0,70;1;
2026-07-25 13:55:00.0;OFF;ON;50;0,80;0,90;0,90;-0,50;98,20;89,40;0,10;6;77,70;0,70;1;
2026-07-25 13:56:00.0;OFF;ON;50;0,80;0,90;0,90;-0,50;98,20;89,40;0,10;6;77,70;0,70;1;
2026-07-25 13:57:00.0;OFF;ON;50;0,80;0,90;0,90;-0,50;98,20;89,40;0,10;6;77,30;0,70;1;
2026-07-25 13:58:00.0;OFF;ON;50;0,70;0,90;0,90;-0,50;98,20;89,40;0,20;6;77;0,70;1;
2026-07-25 13:59:00.0;OFF;ON;50;0,80;0,90;0,90;-0,50;98,20;89,40;0,10;6;77,10;0,70;1;
2026-07-25 14:00:00.0;OFF;ON;50;0,70;0,90;0,90;-0,50;98,20;89,40;0,20;6;76,60;0,70;1;
2026-07-25 14:01:00.0;OFF;ON;50;0,80;0,90;0,90;-0,50;98,20;89,40;0,10;6;76,90;0,70;1;
2026-07-25 14:02:00.0;OFF;ON;50;0,70;0,90;0,90;-0,50;98,20;89,40;0,20;6;76,30;0,70;1;
2026-07-25 14:03:00.0;OFF;ON;50;0,70;0,90;0,90;-0,50;98,20;89,40;0,20;6;76,20;0,70;1;
2026-07-25 14:04:00.0;OFF;ON;50;0,80;0,90;0,90;-0,50;98,20;89,40;0,10;6;76,20;0,70;1;
2026-07-25 14:05:00.0;OFF;ON;50;0,70;1;1;-0,50;98,20;89,40;0,20;6;75,50;0,70;1;
2026-07-25 14:06:00.0;OFF;ON;50;0,80;1;0,90;-0,50;98,20;89,40;0,10;6;75,80;0,70;1;
2026-07-25 14:07:00.0;OFF;ON;50;0,80;0,90;0,90;-0,50;98,20;89,40;0,10;6;75,70;0,70;1;
2026-07-25 14:08:00.0;OFF;ON;50;0,80;0,90;0,90;-0,50;98,30;89,40;0,10;6;75,40;0,70;1;
2026-07-25 14:09:00.0;OFF;ON;50;0,70;0,90;0,90;-0,50;98,20;89,40;0,20;6;75,10;0,70;1;
2026-07-25 14:10:00.0;OFF;ON;50;0,70;0,90;0,90;-0,60;98,20;89,40;0,20;6;75;0,70;1;
2026-07-25 14:11:00.0;OFF;ON;50;0,80;0,90;0,90;-0,60;98,20;89,40;0,10;6;75,10;0,70;1;
2026-07-25 14:12:00.0;OFF;ON;50;0,70;0,90;0,90;-0,60;98,20;89,40;0,20;6;74,50;0,70;1;
2026-07-25 14:13:00.0;OFF;ON;50;0,70;0,90;0,90;-0,60;98,20;89,40;0,20;6;74,50;0,70;1;
2026-07-25 14:14:00.0;OFF;ON;50;0,80;0,90;0,90;-0,60;98,20;89,40;0,10;6;74,70;0,70;1;
2026-07-25 14:15:00.0;OFF;ON;50;0,80;0,90;0,90;-0,60;98,20;89,40;0,10;6;74,40;0,70;1;
2026-07-25 14:16:00.0;OFF;ON;50;0,80;0,90;0,90;-0,60;98,20;89,40;0,10;6;74,30;0,70;1;
2026-07-25 14:17:00.0;OFF;ON;50;0,70;0,90;0,90;-0,60;98,20;89,40;0,20;6;73,70;0,70;1;
2026-07-25 14:18:00.0;OFF;ON;50;0,80;0,90;0,90;-0,60;98,20;89,40;0,10;6;74;0,70;1;
2026-07-25 14:19:00.0;OFF;ON;50;0,70;0,90;0,90;-0,60;98,20;89,40;0,20;6;73,40;0,70;1;
2026-07-25 14:20:00.0;OFF;ON;50;0,80;1;1;-0,60;98,20;89,40;0,20;6;73,10;0,70;1;
2026-07-25 14:21:00.0;OFF;ON;50;0,80;1;1;-0,60;98,20;89,40;0,10;6;73,10;0,70;1;
2026-07-25 14:22:00.0;OFF;ON;50;0,70;0,90;0,90;-0,60;98,20;89,40;0,20;6;72,50;0,70;1;
2026-07-25 14:23:00.0;OFF;ON;50;0,80;0,90;0,90;-0,60;98,20;89,40;0,10;6;72,90;0,70;1,10;
2026-07-25 14:24:00.0;OFF;ON;50;0,70;0,90;0,90;-0,60;98,20;89,40;0,20;6;72,20;0,70;1,10;
2026-07-25 14:25:00.0;OFF;ON;50;0,80;0,90;0,90;-0,60;98,30;89,40;0,10;6;72,50;0,70;1,10;
2026-07-25 14:26:00.0;OFF;ON;50;0,70;0,90;0,90;-0,60;98,20;89,40;0,20;6;71,90;0,70;1,10;
2026-07-25 14:27:00.0;OFF;ON;50;0,70;0,90;0,90;-0,60;98,20;89,40;0,20;6;71,80;0,80;1,10;
2026-07-25 14:28:00.0;OFF;ON;50;0,70;0,90;0,90;-0,60;98,20;89,40;0,20;6;71,70;0,70;1,10;
2026-07-25 14:29:00.0;OFF;ON;50;0,70;0,90;0,90;-0,60;98,20;89,40;0,20;6;71,30;0,70;1,10;
2026-07-25 14:30:00.0;OFF;ON;50;0,80;0,90;0,90;-0,60;98,20;89,40;0,10;6;71,50;0,70;1,10;
2026-07-25 14:31:00.0;OFF;ON;50;0,80;0,90;0,90;-0,60;98,20;89,40;0,10;6;71,30;0,70;1,10;
2026-07-25 14:32:00.0;OFF;ON;50;0,80;0,90;0,90;-0,60;98,20;89,40;0,10;6;71,10;0,70;1,10;
2026-07-25 14:33:00.0;OFF;ON;50;0,70;0,90;0,90;-0,60;98,20;89,40;0,20;6;70,60;0,70;1,10;
2026-07-25 14:34:00.0;OFF;ON;50;0,80;0,90;0,90;-0,60;98,20;89,40;0,10;6;70,80;0,70;1,10;
2026-07-25 14:35:00.0;OFF;ON;50;0,80;1;1;-0,60;98,20;89,40;0,20;6;69,90;0,70;1,10;
2026-07-25 14:36:00.0;OFF;ON;50;0,70;1;1;-0,60;98,20;89,40;0,30;6;69,60;0,70;1,10;
2026-07-25 14:37:00.0;OFF;ON;50;0,80;1;0,90;-0,60;98,20;89,40;0,20;6;69,70;0,70;1,10;
2026-07-25 14:38:00.0;OFF;ON;50;0,70;0,90;0,90;-0,60;98,20;89,40;0,20;6;69,10;0,80;1,10;
2026-07-25 14:39:00.0;OFF;ON;50;0,80;0,90;0,90;-0,60;98,20;89,40;0,10;6;69,30;0,70;1,10;
2026-07-25 14:40:00.0;OFF;ON;50;0,70;0,90;0,90;-0,70;98,20;89,40;0,20;6;68,70;0,80;1,10;
2026-07-25 14:41:00.0;OFF;ON;50;0,80;0,90;0,90;-0,70;98,20;89,40;0,20;6;68,80;0,70;1,10;
2026-07-25 14:42:00.0;OFF;ON;50;0,70;0,90;0,90;-0,70;98,20;89,40;0,30;6;68,20;0,80;1,10;
2026-07-25 14:43:00.0;OFF;ON;50;0,80;0,90;0,90;-0,70;98,20;89,40;0,20;6;68,30;0,70;1,10;
2026-07-25 14:44:00.0;OFF;ON;50;0,70;0,90;0,90;-0,70;98,20;89,40;0,20;6;67,70;0,70;1,10;
2026-07-25 14:45:00.0;OFF;ON;50;0,80;0,90;0,90;-0,70;98,20;89,40;0,20;6;67,90;0,70;1,10;
2026-07-25 14:46:00.0;OFF;ON;50;0,70;0,90;0,90;-0,70;98,20;89,40;0,30;6;67,10;0,80;1,10;
2026-07-25 14:47:00.0;OFF;ON;50;0,70;0,90;0,90;-0,70;98,20;89,40;0,30;6;66,90;0,80;1,10;
2026-07-25 14:48:00.0;OFF;ON;50;0,70;0,90;0,90;-0,70;98,20;89,40;0,30;6;66,50;0,70;1,10;
2026-07-25 14:49:00.0;OFF;ON;50;0,60;0,90;0,90;-0,70;98,20;89,40;0,30;6;66,20;0,80;1,10;
2026-07-25 14:50:00.0;OFF;ON;50;0,70;0,90;1;-0,70;98,30;89,40;0,30;6;65,70;0,70;1,10;
2026-07-25 14:51:00.0;OFF;ON;50;0,60;1;1;-0,70;98,20;89,40;0,40;6;65;0,80;1,10;
2026-07-25 14:52:00.0;OFF;ON;50;0,70;1;1;-0,70;98,20;89,40;0,20;6;65,40;0,80;1,10;
2026-07-25 14:53:00.0;OFF;ON;50;0,80;1;0,90;-0,70;98,20;89,40;0,10;6;65,50;0,70;1;
2026-07-25 14:54:00.0;OFF;ON;50;0,80;0,90;0,90;-0,70;98,20;89,40;0,10;6;65,40;0,80;1,10;
2026-07-25 14:55:00.0;OFF;ON;50;0,80;0,90;1;-0,70;98,20;89,40;0,10;6;65,30;0,80;1,10;
2026-07-25 14:56:00.0;OFF;ON;50;0,80;1;1;-0,70;98,20;89,40;0,10;6;65,30;0,80;1,10;
2026-07-25 14:57:00.0;OFF;ON;50;1;1;1;-0,70;98,20;89,40;0;6;65,50;0,80;1,10;
2026-07-25 14:58:00.0;OFF;ON;50;0,90;1;1;-0,70;98,30;89,40;0,10;6;65,50;0,80;1,20;
2026-07-25 14:59:00.0;OFF;ON;50;1;1;1;-0,70;98,20;89,40;0;6;66;0,80;1,20;
2026-07-25 15:00:00.0;OFF;ON;50;1;1;1;-0,70;98,30;89,40;0;6;65,40;0,80;1,20;
2026-07-25 15:01:00.0;OFF;ON;50;1,10;1;1;-0,70;98,30;89,40;-0,10;6;66,10;0,80;1,20;
2026-07-25 15:02:00.0;OFF;ON;50;1;1;1;-0,70;98,40;89,40;0;6;66;0,80;1,20;
2026-07-25 15:03:00.0;OFF;ON;50;1;1;1;-0,70;98,30;89,40;0;6;65,90;0,80;1,20;
2026-07-25 15:04:00.0;OFF;ON;50;0,90;1;1;-0,70;98,40;89,40;0,10;6;65,30;0,90;1,20;
2026-07-25 15:05:00.0;OFF;ON;50;1,10;1;1;-0,70;98,30;89,40;0;6;65,50;0,80;1,20;
2026-07-25 15:06:00.0;OFF;ON;50;1;1;1;-0,70;98,30;89,40;0;6;66;0,90;1,20;
2026-07-25 15:07:00.0;OFF;ON;50;1,10;1;1,10;-0,70;98,40;89,40;0;6;65,50;0,90;1,30;
2026-07-25 15:08:00.0;OFF;ON;50;1;1,20;1,10;-0,70;98,40;89,40;0,20;6;65;0,90;1,30;
2026-07-25 15:09:00.0;OFF;ON;50;1,10;1,10;1,10;-0,70;98,40;89,40;0;6;66;0,90;1,30;
2026-07-25 15:10:00.0;OFF;ON;50;1,10;1,10;1,10;-0,80;98,40;89,40;0;6;65,90;0,90;1,30;
2026-07-25 15:11:00.0;OFF;ON;50;1,10;1,10;1,10;-0,70;98,30;89,40;0;6;66;0,90;1,30;
2026-07-25 15:12:00.0;OFF;ON;50;1,10;1,10;1,10;-0,80;98,40;89,40;-0,10;6;65,90;0,90;1,30;
2026-07-25 15:13:00.0;OFF;ON;50;1;1,10;1,10;-0,80;98,40;89,40;0;6;66;0,90;1,30;
2026-07-25 15:14:00.0;OFF;ON;50;1,20;1,10;1,10;-0,80;98,40;89,40;-0,10;6;66,30;0,90;1,30;
2026-07-25 15:15:00.0;OFF;ON;50;1,10;1,10;1,10;-0,80;98,40;89,40;0;6;66,20;0,90;1,30;
2026-07-25 15:16:00.0;OFF;ON;50;1,20;1,10;1,10;-0,80;98,40;89,40;-0,10;6;66,40;0,90;1,30;
2026-07-25 15:17:00.0;OFF;ON;50;1,20;1,10;1,10;-0,80;98,40;89,40;-0,10;6;66,40;0,90;1,30;
2026-07-25 15:18:00.0;OFF;ON;50;1,10;1,10;1,10;-0,80;98,30;89,40;0;6;66,40;0,90;1,30;
2026-07-25 15:19:00.0;OFF;ON;50;1,10;1,10;1,10;-0,80;98,40;89,40;0;6;66,40;0,90;1,30;
2026-07-25 15:20:00.0;OFF;ON;50;1,10;1,10;1,10;-0,80;98,40;89,40;0;6;66,60;0,90;1,30;
2026-07-25 15:21:00.0;OFF;ON;50;1,10;1,10;1,10;-0,80;98,40;89,40;0;6;66,60;0,90;1,30;
2026-07-25 15:22:00.0;OFF;ON;50;1,10;1,10;1,10;-0,80;98,40;89,40;0;6;66,60;1;1,40;
2026-07-25 15:23:00.0;OFF;ON;50;1,10;1,10;1,10;-0,80;98,40;89,40;0;6;66,70;1;1,40;
2026-07-25 15:24:00.0;OFF;ON;50;1,20;1,10;1,20;-0,80;98,40;89,40;0;6;66,70;1;1,40;
2026-07-25 15:25:00.0;OFF;ON;50;1,10;1,20;1,20;-0,80;98,40;89,40;0,10;6;65,90;1;1,40;
2026-07-25 15:26:00.0;OFF;ON;50;1,20;1,20;1,20;-0,80;98,40;89,40;0;6;66,60;1;1,40;
2026-07-25 15:27:00.0;OFF;ON;50;1,10;1,20;1,10;-0,80;98,40;89,40;0;6;66,60;1;1,30;
2026-07-25 15:28:00.0;OFF;ON;50;1,20;1,10;1,10;-0,80;98,40;89,40;-0,10;6;66,70;1;1,30;
2026-07-25 15:29:00.0;OFF;ON;50;1,20;1,10;1,10;-0,80;98,40;89,40;-0,10;6;66,60;1;1,30;
2026-07-25 15:30:00.0;OFF;ON;50;1,10;1,10;1,10;-0,80;98,40;89,40;0;6;66,20;1;1,30;
2026-07-25 15:31:00.0;OFF;ON;50;1,20;1,10;1,10;-0,80;98,40;89,40;0;6;66,70;1;1,30;
2026-07-25 15:32:00.0;OFF;ON;50;1,10;1,10;1,10;-0,80;98,40;89,40;0;6;66,70;1;1,30;
2026-07-25 15:33:00.0;OFF;ON;50;1,20;1,10;1,10;-0,80;98,40;89,40;-0,10;6;66,70;1;1,30;
2026-07-25 15:34:00.0;OFF;ON;50;1,20;1,10;1,10;-0,80;98,40;89,40;-0,10;6;66,80;1;1,30;
2026-07-25 15:35:00.0;OFF;ON;50;1,20;1,10;1,10;-0,80;98,40;89,40;-0,10;6;66,70;1;1,30;
2026-07-25 15:36:00.0;OFF;ON;50;1,20;1,10;1,10;-0,80;98,40;89,50;0;6;66,10;1;1,30;
2026-07-25 15:37:00.0;OFF;ON;50;1,10;1,10;1,10;-0,80;98,40;89,50;0;6;66,20;1;1,30;
2026-07-25 15:38:00.0;OFF;ON;50;1,20;1,10;1,10;-0,80;98,40;89,50;-0,10;6;66,80;1;1,30;
2026-07-25 15:39:00.0;OFF;ON;50;1,20;1,20;1,20;-0,80;98,40;89,50;0;6;66,10;1;1,30;
2026-07-25 15:40:00.0;OFF;ON;50;1,10;1,20;1,20;-0,80;98,40;89,50;0,10;6;65,90;1;1,30;
2026-07-25 15:41:00.0;OFF;ON;50;1,20;1,20;1,20;-0,80;98,30;89,50;0;6;65,90;1;1,30;
2026-07-25 15:42:00.0;OFF;ON;50;1,10;1,20;1,20;-0,80;98,30;89,50;0,10;6;66;1;1,30;
2026-07-25 15:43:00.0;OFF;ON;50;1,20;1,10;1,10;-0,80;98,40;89,50;-0,10;6;66,60;1;1,30;
2026-07-25 15:44:00.0;OFF;ON;50;1,10;1,10;1,10;-0,80;98,30;89,50;0;6;66;1;1,30;
2026-07-25 15:45:00.0;OFF;ON;50;1;1,10;1,10;-0,80;98,30;89,50;0,10;6;65,90;1;1,30;
2026-07-25 15:46:00.0;OFF;ON;50;1,10;1,10;1,10;-0,80;98,30;89,50;0;6;66;1;1,30;
2026-07-25 15:47:00.0;OFF;ON;50;1;1,10;1,10;-0,90;98,30;89,50;0,10;6;65,80;1;1,30;
2026-07-25 15:48:00.0;OFF;ON;50;1,10;1,10;1,10;-0,90;98,30;89,50;0;6;66;1;1,30;
2026-07-25 15:49:00.0;OFF;ON;50;1,10;1,10;1,10;-0,90;98,30;89,50;0;6;66,60;1;1,30;
2026-07-25 15:50:00.0;OFF;ON;50;1,20;1,10;1,10;-0,90;98,30;89,50;0;6;65,90;1;1,30;
2026-07-25 15:51:00.0;OFF;ON;50;1,10;1,10;1,10;-0,90;98,30;89,50;0,10;6;65,90;1;1,30;
2026-07-25 15:52:00.0;OFF;ON;50;1,10;1,10;1,10;-0,90;98,30;89,50;0;6;65,90;1;1,30;
2026-07-25 15:53:00.0;OFF;ON;50;1,20;1,10;1,10;-0,90;98,30;89,50;-0,10;6;66,50;1;1,30;
2026-07-25 15:54:00.0;OFF;ON;50;1,20;1,10;1,20;-0,90;98,30;89,50;0;6;65,90;1;1,30;
2026-07-25 15:55:00.0;OFF;ON;50;1,20;1,10;1,20;-0,90;98,30;89,50;-0,10;6;66,50;1;1,30;
2026-07-25 15:56:00.0;OFF;ON;50;1,20;1,20;1,20;-0,90;98,30;89,50;0;6;65,80;1;1,30;
2026-07-25 15:57:00.0;OFF;ON;50;1,20;1,20;1,20;-0,90;98,30;89,50;0;6;65,80;1;1,30;
2026-07-25 15:58:00.0;OFF;ON;50;1,20;1,20;1,20;-0,90;98,30;89,50;0;6;65,70;1;1,30;
2026-07-25 15:59:00.0;OFF;ON;50;1,10;1,20;1,20;-0,90;98,30;89,50;0,10;6;65,70;1;1,30;
2026-07-25 16:00:00.0;OFF;ON;50;1,20;1,20;1,20;-0,90;98,30;89,50;0;6;65,80;1;1,30;
2026-07-25 16:01:00.0;OFF;ON;50;1,10;1,20;1,20;-0,90;98,30;89,50;0,10;6;65,60;1;1,30;
2026-07-25 16:02:00.0;OFF;ON;50;1,10;1,20;1,20;-0,90;98,30;89,50;0,10;6;65,60;1;1,30;
2026-07-25 16:03:00.0;OFF;ON;50;1,10;1,20;1,20;-0,90;98,30;89,50;0;6;66,20;1;1,30;
2026-07-25 16:04:00.0;OFF;ON;50;1,20;1,20;1,20;-0,90;98,30;89,50;0;6;65,60;1;1,30;
2026-07-25 16:05:00.0;OFF;ON;50;1,20;1,20;1,20;-0,90;98,30;89,50;0;6;65,50;1;1,30;
2026-07-25 16:06:00.0;OFF;ON;50;1,10;1,20;1,20;-0,90;98,20;89,50;0,10;6;65,60;1;1,30;
2026-07-25 16:07:00.0;OFF;ON;50;1;1,20;1,20;-0,90;98,30;89,50;0,10;6;65,40;1;1,30;
2026-07-25 16:08:00.0;OFF;ON;50;1,20;1,20;1,20;-0,90;98,30;89,50;-0,10;6;66,10;1;1,30;
2026-07-25 16:09:00.0;OFF;ON;50;1,20;1,20;1,20;-0,90;98,30;89,50;0;6;65,50;1;1,30;
2026-07-25 16:10:00.0;OFF;ON;50;1,20;1,20;1,20;-0,90;98,30;89,50;-0,10;6;66,10;1;1,30;
2026-07-25 16:11:00.0;OFF;ON;50;1,20;1,20;1,20;-0,90;98,30;89,50;0;6;65,40;1;1,30;
2026-07-25 16:12:00.0;OFF;ON;50;1,20;1,20;1,20;-0,90;98,30;89,50;0;6;65,30;1;1,30;
2026-07-25 16:13:00.0;OFF;ON;50;1,10;1,20;1,20;-0,90;98,30;89,50;0,10;6;65,10;1;1,30;
2026-07-25 16:14:00.0;OFF;ON;50;1,10;1,20;1,20;-0,90;98,30;89,50;0,10;6;65,10;1;1,30;
2026-07-25 16:15:00.0;OFF;ON;50;1,20;1,20;1,20;-0,90;98,30;89,50;-0,10;6;65,80;1;1,30;
2026-07-25 16:16:00.0;OFF;ON;50;1;1,20;1,20;-0,90;98,30;89,50;0,10;6;65;1;1,30;
2026-07-25 16:17:00.0;OFF;ON;50;1,20;1,20;1,20;-0,90;98,30;89,50;0;6;65,70;1;1,30;
2026-07-25 16:18:00.0;OFF;ON;50;1,30;1,20;1,20;-0,90;98,30;89,50;-0,10;6;65,80;1;1,30;
2026-07-25 16:19:00.0;OFF;ON;50;1,10;1,20;1,20;-0,90;98,30;89,50;0;6;65,70;1;1,30;
2026-07-25 16:20:00.0;OFF;ON;50;1,20;1,20;1,20;-0,90;98,30;89,50;-0,10;6;65,70;1;1,30;
2026-07-25 16:21:00.0;OFF;ON;50;1,10;1,20;1,20;-0,90;98,40;89,50;0;6;65;1;1,30;
2026-07-25 16:22:00.0;OFF;ON;50;1,20;1,20;1,20;-0,90;98,30;89,50;-0,10;6;65,70;1;1,30;
2026-07-25 16:23:00.0;OFF;ON;50;1,20;1,20;1,20;-0,90;98,30;89,50;-0,10;6;65,60;1;1,30;
2026-07-25 16:24:00.0;OFF;ON;50;1,20;1,20;1,20;-1;98,30;89,50;0;6;65;1;1,30;
2026-07-25 16:25:00.0;OFF;ON;50;1,10;1,20;1,20;-1;98,30;89,50;0;6;64,90;1;1,40;
2026-07-25 16:26:00.0;OFF;ON;50;1,20;1,20;1,20;-1;98,30;89,50;0;6;64,90;1;1,40;
2026-07-25 16:27:00.0;OFF;ON;50;1,20;1,20;1,20;-1;98,30;89,50;0;6;64,90;1;1,40;
2026-07-25 16:28:00.0;OFF;ON;50;1,10;1,20;1,30;-1;98,30;89,50;0,10;6;64,60;1;1,40;
2026-07-25 16:29:00.0;OFF;ON;50;1,10;1,20;1,20;-1;98,30;89,50;0,10;6;64,70;1;1,40;
2026-07-25 16:30:00.0;OFF;ON;50;1,20;1,20;1,20;-1;98,30;89,50;0;6;64,60;1;1,40;
2026-07-25 16:31:00.0;OFF;ON;50;1,20;1,20;1,20;-1;98,30;89,50;0;6;64,60;1;1,40;
2026-07-25 16:32:00.0;OFF;ON;50;1,20;1,20;1,20;-1;98,30;89,50;0;6;64,50;1;1,40;
2026-07-25 16:33:00.0;OFF;ON;50;1,20;1,20;1,20;-1;98,30;89,50;0;6;64,60;1;1,40;
2026-07-25 16:34:00.0;OFF;ON;50;1,10;1,20;1,20;-1;98,30;89,50;0,10;6;64,50;1;1,40;
2026-07-25 16:35:00.0;OFF;ON;50;1,20;1,20;1,20;-1;98,30;89,50;0;6;65,20;1;1,40;
2026-07-25 16:36:00.0;OFF;ON;50;1,10;1,20;1,20;-1;98,30;89,50;0;6;64,50;1;1,40;
2026-07-25 16:37:00.0;OFF;ON;50;1,10;1,20;1,20;-1;98,30;89,50;0,10;6;64,40;1;1,40;
2026-07-25 16:38:00.0;OFF;ON;50;1,30;1,20;1,20;-1;98,30;89,50;-0,10;6;65,10;1;1,40;
2026-07-25 16:39:00.0;OFF;ON;50;1;1,20;1,20;-1;98,30;89,50;0,20;6;64,10;1;1,40;
2026-07-25 16:40:00.0;OFF;ON;50;1,20;1,20;1,20;-1;98,30;89,50;0;6;64,50;1;1,40;
2026-07-25 16:41:00.0;OFF;ON;50;1,10;1,20;1,20;-1;98,30;89,50;0,10;6;64,40;1;1,40;
2026-07-25 16:42:00.0;OFF;ON;50;1,20;1,20;1,20;-1;98,30;89,50;0;6;64,30;1;1,40;
2026-07-25 16:43:00.0;OFF;ON;50;1,10;1,30;1,20;-1;98,30;89,50;0,10;6;64;1;1,40;
2026-07-25 16:44:00.0;OFF;ON;50;1,10;1,20;1,20;-1;98,30;89,50;0,10;6;64,10;1;1,40;
2026-07-25 16:45:00.0;OFF;ON;50;1,10;1,20;1,20;-1;98,30;89,50;0,10;6;64;1;1,40;
2026-07-25 16:46:00.0;OFF;ON;50;1,30;1,20;1,20;-1;98,30;89,50;-0,10;6;64,80;1;1,40;
2026-07-25 16:47:00.0;OFF;ON;50;1,20;1,20;1,20;-1;98,30;89,50;0;6;64,20;1;1,40;
2026-07-25 16:48:00.0;OFF;ON;50;1,10;1,20;1,20;-1;98,30;89,50;0,10;6;63,90;1;1,40;
2026-07-25 16:49:00.0;OFF;ON;50;1,20;1,20;1,20;-1;98,30;89,50;0;6;64,60;1;1,40;
2026-07-25 16:50:00.0;OFF;ON;50;1,10;1,20;1,20;-1;98,30;89,50;0,10;6;64;1;1,40;
2026-07-25 16:51:00.0;OFF;ON;50;1,10;1,20;1,20;-1;98,30;89,50;0,10;6;63,90;1;1,40;
2026-07-25 16:52:00.0;OFF;ON;50;1,10;1,20;1,20;-1;98,30;89,50;0,10;6;63,90;1;1,40;
2026-07-25 16:53:00.0;OFF;ON;50;1,20;1,20;1,20;-1;98,30;89,50;0;6;64;1;1,40;
2026-07-25 16:54:00.0;OFF;ON;50;1,20;1,20;1,20;-1;98,30;89,50;0;6;64;1;1,40;
2026-07-25 16:55:00.0;OFF;ON;50;1,30;1,20;1,20;-1;98,30;89,50;-0,10;6;64,60;1;1,40;
2026-07-25 16:56:00.0;OFF;ON;50;1,20;1,20;1,20;-1;98,30;89,50;0;6;64,50;1;1,40;
2026-07-25 16:57:00.0;OFF;ON;50;1,10;1,20;1,20;-1;98,30;89,50;0,20;6;63,30;1;1,40;
2026-07-25 16:58:00.0;OFF;ON;50;1,20;1,30;1,30;-1;98,30;89,50;0;6;63,60;1;1,40;
2026-07-25 16:59:00.0;OFF;ON;50;1,30;1,20;1,20;-1;98,30;89,50;0;6;63,60;1;1,40;
2026-07-25 17:00:00.0;OFF;ON;50;1,30;1,20;1,20;-1;98,30;89,50;-0,10;6;64,10;1;1,40;
2026-07-25 17:01:00.0;OFF;ON;50;1,30;1,20;1,20;-1;98,30;89,50;-0,10;6;64,20;1;1,40;
2026-07-25 17:02:00.0;OFF;ON;50;1,20;1,20;1,20;-1;98,30;89,50;0;6;63,60;1;1,40;
2026-07-25 17:03:00.0;OFF;ON;50;1,20;1,20;1,20;-1;98,30;89,50;-0,10;6;64;1;1,40;
2026-07-25 17:04:00.0;OFF;ON;50;1,30;1,20;1,20;-1;98,30;89,50;-0,10;6;64;1;1,40;
2026-07-25 17:05:00.0;OFF;ON;50;1,10;1,20;1,20;-1;98,30;89,50;0,10;6;63,30;1;1,40;
2026-07-25 17:06:00.0;OFF;ON;50;1,20;1,20;1,20;-1;98,30;89,50;0;6;63,90;1;1,40;
2026-07-25 17:07:00.0;OFF;ON;50;1,20;1,20;1,20;-1;98,30;89,50;0;6;63,90;1;1,40;
2026-07-25 17:08:00.0;OFF;ON;50;1,20;1,20;1,20;-1,10;98,30;89,50;0;6;63,40;1;1,40;
2026-07-25 17:09:00.0;OFF;ON;50;1,20;1,20;1,20;-1,10;98,30;89,50;0;6;63,30;1;1,40;
2026-07-25 17:10:00.0;OFF;ON;50;1,10;1,20;1,20;-1,10;98,30;89,50;0,10;6;63,20;1;1,40;
2026-07-25 17:11:00.0;OFF;ON;50;1,20;1,20;1,20;-1,10;98,30;89,50;0,10;6;63,20;1;1,40;
2026-07-25 17:12:00.0;OFF;ON;50;1,20;1,30;1,30;-1,10;98,30;89,50;0,10;6;63,10;1;1,40;
2026-07-25 17:13:00.0;OFF;ON;50;1,30;1,30;1,20;-1,10;98,30;89,50;0;6;63,10;1;1,40;
2026-07-25 17:14:00.0;OFF;ON;50;1,20;1,20;1,20;-1,10;98,30;89,50;0;6;63;1;1,40;
2026-07-25 17:15:00.0;OFF;ON;50;1,20;1,20;1,20;-1,10;98,30;89,50;0;6;62,90;1;1,40;
2026-07-25 17:16:00.0;OFF;ON;50;1,20;1,20;1,20;-1,10;98,30;89,50;0;6;62,90;1;1,40;
2026-07-25 17:17:00.0;OFF;ON;50;1,20;1,20;1,20;-1,10;98,30;89,50;0;6;63,50;1;1,40;
2026-07-25 17:18:00.0;OFF;ON;50;1,10;1,20;1,20;-1,10;98,30;89,50;0,10;6;62,80;1;1,40;
2026-07-25 17:19:00.0;OFF;ON;50;1,20;1,20;1,20;-1,10;98,30;89,50;0;6;63,40;1;1,40;
2026-07-25 17:20:00.0;OFF;ON;50;1,30;1,20;1,20;-1,10;98,30;89,50;-0,10;6;63,40;1;1,40;
2026-07-25 17:21:00.0;OFF;ON;50;1,20;1,20;1,20;-1,10;98,30;89,50;0;6;62,80;1;1,40;
2026-07-25 17:22:00.0;OFF;ON;50;1,20;1,20;1,20;-1,10;98,20;89,50;0;6;63,40;1;1,40;
2026-07-25 17:23:00.0;OFF;ON;50;1,20;1,20;1,20;-1,10;98,20;89,50;0;6;62,70;1;1,40;
2026-07-25 17:24:00.0;OFF;ON;50;1,10;1,20;1,20;-1,10;98,30;89,50;0,10;6;62,60;1;1,40;
2026-07-25 17:25:00.0;OFF;ON;50;1,30;1,20;1,20;-1,10;98,30;89,50;0;6;62,80;1;1,40;
2026-07-25 17:26:00.0;OFF;ON;50;1,20;1,20;1,20;-1,10;98,30;89,50;0;6;62,70;1;1,40;
2026-07-25 17:27:00.0;OFF;ON;50;1,10;1,20;1,20;-1,10;98,30;89,50;0,10;6;62,60;1;1,40;
2026-07-25 17:28:00.0;OFF;ON;50;1,20;1,20;1,20;-1,10;98,30;89,50;0;6;63,20;1;1,40;
2026-07-25 17:29:00.0;OFF;ON;50;1,10;1,30;1,30;-1,10;98,30;89,50;0,20;6;62,20;1;1,40;
2026-07-25 17:30:00.0;OFF;ON;50;1,30;1,30;1,30;-1,10;98,30;89,50;0;6;62,40;1;1,40;
2026-07-25 17:31:00.0;OFF;ON;50;1,20;1,20;1,20;-1,10;98,30;89,50;0;6;62,50;1;1,40;
2026-07-25 17:32:00.0;OFF;ON;50;1,10;1,20;1,20;-1,10;98,30;89,50;0,10;6;62,20;1;1,40;
2026-07-25 17:33:00.0;OFF;ON;50;1,30;1,20;1,20;-1,10;98,30;89,50;-0,10;6;62,90;1;1,40;
2026-07-25 17:34:00.0;OFF;ON;50;1,30;1,20;1,20;-1,10;98,20;89,50;0;6;62,30;1;1,40;
2026-07-25 17:35:00.0;OFF;ON;50;1,20;1,20;1,20;-1,10;98,30;89,50;0;6;62,30;1;1,40;
2026-07-25 17:36:00.0;OFF;ON;50;1,20;1,20;1,20;-1,10;98,30;89,50;0;6;62,30;1;1,40;
2026-07-25 17:37:00.0;OFF;ON;50;1,20;1,20;1,20;-1,10;98,30;89,50;0;6;62,20;1;1,40;
2026-07-25 17:38:00.0;OFF;ON;50;1,20;1,20;1,20;-1,10;98,30;89,50;0,10;6;62,30;1;1,40;
2026-07-25 17:39:00.0;OFF;ON;50;1,20;1,20;1,20;-1,10;98,30;89,50;0;6;62,80;1;1,40;
2026-07-25 17:40:00.0;OFF;ON;50;1,30;1,20;1,20;-1,10;98,30;89,50;-0,10;6;62,80;1;1,40;
2026-07-25 17:41:00.0;OFF;ON;50;1,30;1,20;1,20;-1,10;98,30;89,50;-0,10;6;62,80;1;1,40;
2026-07-25 17:42:00.0;OFF;ON;50;1,20;1,20;1,20;-1,10;98,30;89,50;0;6;62;1;1,40;
2026-07-25 17:43:00.0;OFF;ON;50;1,20;1,20;1,20;-1,10;98,30;89,50;0;6;62,10;1;1,40;
2026-07-25 17:44:00.0;OFF;ON;50;1,20;1,20;1,20;-1,10;98,30;89,50;0;6;62;1;1,40;
2026-07-25 17:45:00.0;OFF;ON;50;1,20;1,20;1,20;-1,10;98,20;89,50;0;6;62;1;1,40;
2026-07-25 17:46:00.0;OFF;ON;50;1,20;1,20;1,20;-1,10;98,30;89,50;0;6;62;1;1,40;
2026-07-25 17:47:00.0;OFF;ON;50;1,10;1,20;1,20;-1,10;98,30;89,50;0,10;6;61,70;1;1,40;
2026-07-25 17:48:00.0;OFF;ON;50;1,30;1,20;1,30;-1,10;98,30;89,50;0;6;62;1;1,40;
2026-07-25 17:49:00.0;OFF;ON;50;1,10;1,30;1,30;-1,10;98,30;89,50;0,20;6;61,40;1;1,40;
2026-07-25 17:50:00.0;OFF;ON;50;1,10;1,30;1,30;-1,10;98,30;89,50;0,10;6;61,60;1;1,40;
2026-07-25 17:51:00.0;OFF;ON;50;1,30;1,20;1,20;-1,10;98,30;89,50;0;6;61,70;1;1,40;
2026-07-25 17:52:00.0;OFF;ON;50;1,10;1,20;1,20;-1,10;98,30;89,50;0,10;6;61,50;1;1,40;
2026-07-25 17:53:00.0;OFF;ON;50;1,30;1,20;1,20;-1,10;98,30;89,50;0;6;62,30;1;1,40;
2026-07-25 17:54:00.0;OFF;ON;50;1,30;1,20;1,20;-1,10;98,30;89,50;-0,10;6;62,10;1;1,40;
2026-07-25 17:55:00.0;OFF;ON;50;1,20;1,20;1,20;-1,10;98,30;89,50;0,10;6;61,70;1;1,40;
2026-07-25 17:56:00.0;OFF;ON;50;1,20;1,20;1,20;-1,10;98,30;89,50;0;6;62,10;1;1,40;
2026-07-25 17:57:00.0;OFF;ON;50;1,30;1,20;1,20;-1,10;98,30;89,50;-0,10;6;62,20;1;1,40;
2026-07-25 17:58:00.0;OFF;ON;50;1,30;1,20;1,20;-1,10;98,30;89,50;0;6;61,50;1;1,40;
2026-07-25 17:59:00.0;OFF;ON;50;1,40;1,20;1,20;-1,10;98,30;89,50;-0,10;6;62,40;1;1,40;
2026-07-25 18:00:00.0;OFF;ON;50;1,20;1,20;1,20;-1,20;98,20;89,50;0;6;61,50;1;1,40;
2026-07-25 18:01:00.0;OFF;ON;50;1,30;1,20;1,20;-1,20;98,20;89,50;0;6;62;1;1,40;
2026-07-25 18:02:00.0;OFF;ON;50;1,20;1,20;1,20;-1,20;98,30;89,50;0;6;62;1;1,40;
2026-07-25 18:03:00.0;OFF;ON;50;1,30;1,20;1,20;-1,20;98,30;89,50;-0,10;6;61,90;1;1,40;
2026-07-25 18:04:00.0;OFF;ON;50;1,10;1,20;1,20;-1,20;98,20;89,50;0,10;6;61,20;1;1,40;
2026-07-25 18:05:00.0;OFF;ON;50;1,10;1,20;1,20;-1,20;98,30;89,50;0,10;6;61,20;1;1,40;
2026-07-25 18:06:00.0;OFF;ON;50;1,20;1,20;1,20;-1,20;98,30;89,50;0;6;61,90;1;1,40;
2026-07-25 18:07:00.0;OFF;ON;50;1,20;1,20;1,20;-1,20;98,30;89,50;0;6;61,40;1,10;1,40;
2026-07-25 18:08:00.0;OFF;ON;50;1,10;1,20;1,20;-1,20;98,30;89,50;0,10;6;61,30;1,10;1,40;
2026-07-25 18:09:00.0;OFF;ON;50;1,20;1,20;1,20;-1,20;98,30;89,50;0;6;61,90;1,10;1,40;
2026-07-25 18:10:00.0;OFF;ON;50;1,20;1,20;1,20;-1,20;98,30;89,50;0;6;62;1,10;1,40;
2026-07-25 18:11:00.0;OFF;ON;50;1,20;1,20;1,30;-1,20;98,30;89,50;0;6;61,50;1,10;1,40;
2026-07-25 18:12:00.0;OFF;ON;50;1,30;1,30;1,30;-1,20;98,30;89,50;0;6;61,50;1,10;1,40;
2026-07-25 18:13:00.0;OFF;ON;50;1,20;1,30;1,30;-1,20;98,30;89,50;0,10;6;61,50;1,10;1,50;
2026-07-25 18:14:00.0;OFF;ON;50;1,30;1,30;1,30;-1,20;98,30;89,50;0;6;61,50;1,10;1,50;
2026-07-25 18:15:00.0;OFF;ON;50;1,40;1,30;1,30;-1,20;98,30;89,50;-0,10;6;62,20;1,10;1,50;
2026-07-25 18:16:00.0;OFF;ON;50;1,40;1,30;1,30;-1,20;98,40;89,50;-0,10;6;62,30;1,10;1,50;
2026-07-25 18:17:00.0;OFF;ON;50;1,20;1,30;1,30;-1,20;98,30;89,50;0;6;61,70;1,10;1,50;
2026-07-25 18:18:00.0;OFF;ON;50;1,40;1,30;1,30;-1,20;98,40;89,50;-0,20;6;62,50;1,10;1,50;
2026-07-25 18:19:00.0;OFF;ON;50;1,20;1,30;1,30;-1,20;98,40;89,50;0;6;62,20;1,10;1,50;
2026-07-25 18:20:00.0;OFF;ON;50;1,20;1,30;1,30;-1,20;98,40;89,50;0,10;6;61,80;1,10;1,50;
2026-07-25 18:21:00.0;OFF;ON;50;1,40;1,30;1,30;-1,20;98,40;89,50;-0,10;6;62,50;1,10;1,50;
2026-07-25 18:22:00.0;OFF;ON;50;1,20;1,30;1,30;-1,20;98,40;89,50;0;6;61,80;1,10;1,50;
2026-07-25 18:23:00.0;OFF;ON;50;1,40;1,30;1,30;-1,20;98,40;89,50;-0,10;6;62,60;1,10;1,50;
2026-07-25 18:24:00.0;OFF;ON;50;1,30;1,30;1,30;-1,20;98,40;89,50;0;6;61,90;1,10;1,50;
2026-07-25 18:25:00.0;OFF;ON;50;1,30;1,30;1,30;-1,20;98,40;89,50;0;6;62;1,10;1,50;
2026-07-25 18:26:00.0;OFF;ON;50;1,40;1,30;1,30;-1,20;98,30;89,50;-0,10;6;62,70;1,10;1,50;
2026-07-25 18:27:00.0;OFF;ON;50;1,30;1,30;1,30;-1,20;98,40;89,50;0;6;62,50;1,10;1,50;
2026-07-25 18:28:00.0;OFF;ON;50;1,40;1,30;1,30;-1,20;98,40;89,50;-0,10;6;62,80;1,10;1,50;
2026-07-25 18:29:00.0;OFF;ON;50;1,30;1,30;1,30;-1,20;98,40;89,50;0;6;62,10;1,10;1,50;
2026-07-25 18:30:00.0;OFF;ON;50;1,40;1,30;1,30;-1,20;98,40;89,50;-0,10;6;63;1,10;1,50;
2026-07-25 18:31:00.0;OFF;ON;50;1,30;1,30;1,30;-1,20;98,30;89,50;0;6;62,70;1,10;1,50;
2026-07-25 18:32:00.0;OFF;ON;50;1,40;1,30;1,30;-1,20;98,30;89,50;-0,10;6;62,80;1,10;1,50;
2026-07-25 18:33:00.0;OFF;ON;50;1,30;1,30;1,30;-1,20;98,40;89,50;-0,10;6;62,80;1,10;1,50;
2026-07-25 18:34:00.0;OFF;ON;50;1,30;1,30;1,30;-1,20;98,30;89,50;0;6;62,80;1,10;1,50;
2026-07-25 18:35:00.0;OFF;ON;50;1,30;1,30;1,30;-1,20;98,30;89,50;0;6;63;1,10;1,50;
2026-07-25 18:36:00.0;OFF;ON;50;1,40;1,30;1,30;-1,20;98,40;89,50;-0,10;6;63,10;1,10;1,50;
2026-07-25 18:37:00.0;OFF;ON;50;1,30;1,30;1,30;-1,20;98,40;89,50;0,10;6;62,50;1,10;1,50;
2026-07-25 18:38:00.0;OFF;ON;50;1,30;1,30;1,30;-1,20;98,40;89,50;0;6;63,10;1,10;1,50;
2026-07-25 18:39:00.0;OFF;ON;50;1,30;1,30;1,30;-1,20;98,30;89,50;0;6;63,10;1,10;1,50;
2026-07-25 18:40:00.0;OFF;ON;50;1,40;1,30;1,30;-1,20;98,40;89,50;-0,10;6;63,20;1,10;1,50;
2026-07-25 18:41:00.0;OFF;ON;50;1,40;1,30;1,30;-1,20;98,40;89,50;-0,10;6;63,20;1,10;1,50;
2026-07-25 18:42:00.0;OFF;ON;50;1,40;1,30;1,30;-1,20;98,40;89,50;-0,10;6;63,40;1,10;1,50;
2026-07-25 18:43:00.0;OFF;ON;50;1,30;1,30;1,30;-1,20;98,40;89,50;0;6;62,80;1,10;1,50;
2026-07-25 18:44:00.0;OFF;ON;50;1,30;1,30;1,30;-1,20;98,40;89,50;0;6;63,40;1,10;1,50;
2026-07-25 18:45:00.0;OFF;ON;50;1,40;1,30;1,30;-1,20;98,30;89,50;-0,10;6;63,50;1,10;1,50;
2026-07-25 18:46:00.0;OFF;ON;50;1,40;1,30;1,30;-1,20;98,40;89,50;-0,10;6;63,50;1,10;1,50;
2026-07-25 18:47:00.0;OFF;ON;50;1,30;1,30;1,30;-1,20;98,40;89,50;0;6;63,50;1,10;1,50;
2026-07-25 18:48:00.0;OFF;ON;50;1,40;1,30;1,30;-1,20;98,40;89,50;-0,10;6;63,60;1,10;1,50;
2026-07-25 18:49:00.0;OFF;ON;50;1,30;1,30;1,30;-1,20;98,40;89,50;0;6;63,70;1,10;1,50;
2026-07-25 18:50:00.0;OFF;ON;50;1,30;1,30;1,30;-1,20;98,40;89,50;0;6;63,10;1,10;1,50;
2026-07-25 18:51:00.0;OFF;ON;50;1,30;1,30;1,30;-1,20;98,40;89,50;0;6;63,70;1,10;1,50;
2026-07-25 18:52:00.0;OFF;ON;50;1,30;1,30;1,30;-1,20;98,40;89,50;0;6;63,70;1,10;1,50;
2026-07-25 18:53:00.0;OFF;ON;50;1,30;1,30;1,30;-1,20;98,40;89,50;0,10;6;63,30;1,10;1,50;
2026-07-25 18:54:00.0;OFF;ON;50;1,40;1,30;1,30;-1,20;98,40;89,50;-0,10;6;63,90;1,10;1,50;
2026-07-25 18:55:00.0;OFF;ON;50;1,40;1,30;1,30;-1,20;98,40;89,50;-0,10;6;64,10;1,10;1,50;
2026-07-25 18:56:00.0;OFF;ON;50;1,40;1,30;1,40;-1,20;98,40;89,50;0;6;63,80;1,10;1,50;
2026-07-25 18:57:00.0;OFF;ON;50;1,30;1,40;1,40;-1,20;98,40;89,50;0,10;6;63,30;1,10;1,50;
2026-07-25 18:58:00.0;OFF;ON;50;1,30;1,30;1,30;-1,20;98,40;89,50;0;6;63,90;1,10;1,50;
2026-07-25 18:59:00.0;OFF;ON;50;1,30;1,30;1,30;-1,20;98,40;89,50;0;6;63,40;1,10;1,50;
2026-07-25 19:00:00.0;OFF;ON;50;1,40;1,30;1,30;-1,20;98,40;89,50;-0,10;6;64,10;1,10;1,50;
2026-07-25 19:01:00.0;OFF;ON;50;1,30;1,30;1,30;-1,20;98,40;89,50;0;6;64;1,10;1,50;
2026-07-25 19:02:00.0;OFF;ON;50;1,40;1,30;1,30;-1,20;98,40;89,50;-0,10;6;64,10;1,10;1,50;
2026-07-25 19:03:00.0;OFF;ON;50;1,30;1,30;1,30;-1,20;98,30;89,50;0;6;64,10;1,10;1,50;
2026-07-25 19:04:00.0;OFF;ON;50;1,40;1,30;1,30;-1,20;98,40;89,50;-0,10;6;64,30;1,10;1,50;
2026-07-25 19:05:00.0;OFF;ON;50;1,40;1,30;1,30;-1,20;98,40;89,50;-0,10;6;64,40;1,10;1,50;
2026-07-25 19:06:00.0;OFF;ON;50;1,40;1,30;1,30;-1,20;98,40;89,50;-0,10;6;64,50;1,10;1,50;
2026-07-25 19:07:00.0;OFF;ON;50;1,30;1,30;1,30;-1,20;98,40;89,50;0,10;6;63,80;1,10;1,50;
2026-07-25 19:08:00.0;OFF;ON;50;1,30;1,30;1,30;-1,30;98,40;89,50;0;6;64,40;1,10;1,50;
2026-07-25 19:09:00.0;OFF;ON;50;1,40;1,30;1,30;-1,30;98,30;89,50;-0,10;6;64,60;1,10;1,50;
2026-07-25 19:10:00.0;OFF;ON;50;1,50;1,30;1,30;-1,30;98,40;89,50;-0,10;6;64,60;1,10;1,50;
2026-07-25 19:11:00.0;OFF;ON;50;1,30;1,30;1,30;-1,30;98,40;89,50;0;6;64,40;1,10;1,50;
2026-07-25 19:12:00.0;OFF;ON;50;1,40;1,30;1,30;-1,30;98,40;89,50;-0,10;6;64,60;1,10;1,50;
2026-07-25 19:13:00.0;OFF;ON;50;1,30;1,30;1,30;-1,30;98,40;89,50;0;6;64,60;1,10;1,50;
2026-07-25 19:14:00.0;OFF;ON;50;1,30;1,30;1,30;-1,30;98,30;89,50;0;6;64,50;1,10;1,50;
2026-07-25 19:15:00.0;OFF;ON;50;1,30;1,30;1,30;-1,30;98,40;89,50;0;6;64,50;1,10;1,50;
2026-07-25 19:16:00.0;OFF;ON;50;1,40;1,30;1,30;-1,30;98,30;89,50;-0,10;6;64,60;1,10;1,50;
2026-07-25 19:17:00.0;OFF;ON;50;1,30;1,30;1,30;-1,30;98,30;89,50;0;6;64;1,10;1,50;
2026-07-25 19:18:00.0;OFF;ON;50;1,30;1,30;1,30;-1,30;98,30;89,50;0;6;64,60;1,10;1,50;
2026-07-25 19:19:00.0;OFF;ON;50;1,20;1,30;1,30;-1,30;98,30;89,50;0,10;6;63,90;1,10;1,50;
2026-07-25 19:20:00.0;OFF;ON;50;1,30;1,30;1,30;-1,30;98,30;89,50;0;6;63,90;1,10;1,50;
2026-07-25 19:21:00.0;OFF;ON;50;1,30;1,30;1,30;-1,30;98,30;89,50;0;6;63,90;1,10;1,50;
2026-07-25 19:22:00.0;OFF;ON;50;1,30;1,30;1,30;-1,30;98,30;89,50;0;6;64,40;1,10;1,50;
2026-07-25 19:23:00.0;OFF;ON;50;1,30;1,30;1,30;-1,30;98,30;89,50;0;6;63,90;1,10;1,50;
2026-07-25 19:24:00.0;OFF;ON;50;1,30;1,30;1,30;-1,30;98,30;89,50;-0,10;6;64,40;1,10;1,50;
2026-07-25 19:25:00.0;OFF;ON;50;1,20;1,30;1,30;-1,30;98,30;89,50;0,10;6;63,70;1,10;1,50;
2026-07-25 19:26:00.0;OFF;ON;50;1,20;1,30;1,30;-1,30;98,30;89,50;0,10;6;63,60;1,10;1,50;
2026-07-25 19:27:00.0;OFF;ON;50;1,30;1,30;1,30;-1,30;98,30;89,50;0;6;63,70;1,10;1,50;
2026-07-25 19:28:00.0;OFF;ON;50;1,20;1,30;1,30;-1,30;98,30;89,50;0,10;6;63,60;1,10;1,50;
2026-07-25 19:29:00.0;OFF;ON;50;1,20;1,30;1,30;-1,30;98,30;89,50;0,10;6;63,70;1,10;1,50;
2026-07-25 19:30:00.0;OFF;ON;50;1,20;1,30;1,30;-1,30;98,20;89,50;0,10;6;63,50;1,10;1,50;
2026-07-25 19:31:00.0;OFF;ON;50;1,20;1,30;1,30;-1,30;98,30;89,50;0,10;6;63,50;1,10;1,50;
2026-07-25 19:32:00.0;OFF;ON;50;1,20;1,30;1,30;-1,30;98,30;89,50;0;6;63,50;1,10;1,40;
2026-07-25 19:33:00.0;OFF;ON;50;1,30;1,30;1,30;-1,30;98,30;89,50;0;6;63,50;1,10;1,40;
2026-07-25 19:34:00.0;OFF;ON;50;1,30;1,30;1,30;-1,30;98,30;89,50;0;6;64,10;1,10;1,40;
2026-07-25 19:35:00.0;OFF;ON;50;1,30;1,30;1,30;-1,30;98,30;89,60;0;6;63,60;1,10;1,40;
2026-07-25 19:36:00.0;OFF;ON;50;1,20;1,30;1,30;-1,30;98,30;89,60;0,10;6;63,20;1,10;1,40;
2026-07-25 19:37:00.0;OFF;ON;50;1,20;1,30;1,30;-1,30;98,30;89,50;0,10;6;63,30;1,10;1,40;
2026-07-25 19:38:00.0;OFF;ON;50;1,10;1,30;1,30;-1,30;98,30;89,50;0,10;6;63,10;1,10;1,40;
2026-07-25 19:39:00.0;OFF;ON;50;1,20;1,30;1,30;-1,30;98,30;89,50;0,10;6;63,20;1,10;1,40;
2026-07-25 19:40:00.0;OFF;ON;50;1,30;1,30;1,30;-1,30;98,30;89,50;0;6;63,20;1,10;1,40;
2026-07-25 19:41:00.0;OFF;ON;50;1,20;1,30;1,30;-1,30;98,30;89,50;0,10;6;63,10;1,10;1,40;
2026-07-25 19:42:00.0;OFF;ON;50;1,20;1,30;1,30;-1,30;98,30;89,50;0,10;6;63,20;1,10;1,40;
2026-07-25 19:43:00.0;OFF;ON;50;1,30;1,30;1,30;-1,30;98,30;89,50;0;6;63,10;1,10;1,40;
2026-07-25 19:44:00.0;OFF;ON;50;1,30;1,30;1,30;-1,30;98,30;89,50;0;6;63,70;1,10;1,40;
2026-07-25 19:45:00.0;OFF;ON;50;1,20;1,30;1,30;-1,30;98,30;89,50;0,10;6;63;1,10;1,40;
2026-07-25 19:46:00.0;OFF;ON;50;1,30;1,30;1,30;-1,30;98,30;89,60;0;6;63;1,10;1,40;
2026-07-25 19:47:00.0;OFF;ON;50;1,20;1,30;1,30;-1,30;98,30;89,50;0;6;62,90;1,10;1,40;
2026-07-25 19:48:00.0;OFF;ON;50;1,30;1,30;1,30;-1,30;98,30;89,50;-0,10;6;63,40;1,10;1,40;
2026-07-25 19:49:00.0;OFF;ON;50;1,10;1,30;1,30;-1,30;98,30;89,50;0,10;6;62,70;1,10;1,40;
2026-07-25 19:50:00.0;OFF;ON;50;1,30;1,30;1,30;-1,30;98,30;89,50;0;6;62,80;1,10;1,40;
2026-07-25 19:51:00.0;OFF;ON;50;1,20;1,30;1,30;-1,30;98,30;89,50;0,10;6;62,90;1,10;1,40;
2026-07-25 19:52:00.0;OFF;ON;50;1,30;1,30;1,30;-1,30;98,30;89,50;0;6;62,60;1,10;1,40;
2026-07-25 19:53:00.0;OFF;ON;50;1,20;1,30;1,30;-1,30;98,30;89,50;0,10;6;62,60;1,10;1,40;
2026-07-25 19:54:00.0;OFF;ON;50;1,20;1,30;1,30;-1,30;98,30;89,50;0,10;6;62,50;1,10;1,40;
2026-07-25 19:55:00.0;OFF;ON;50;1,30;1,30;1,30;-1,30;98,30;89,50;0;6;62,70;1,10;1,40;
2026-07-25 19:56:00.0;OFF;ON;50;1,20;1,30;1,30;-1,30;98,30;89,50;0,10;6;62,60;1,10;1,40;
2026-07-25 19:57:00.0;OFF;ON;50;1,10;1,30;1,30;-1,30;98,30;89,50;0,10;6;62,40;1,10;1,40;
2026-07-25 19:58:00.0;OFF;ON;50;1,30;1,30;1,30;-1,30;98,30;89,50;0;6;62,50;1,10;1,40;
2026-07-25 19:59:00.0;OFF;ON;50;1,10;1,30;1,30;-1,30;98,30;89,50;0,10;6;62,30;1,10;1,40;
2026-07-25 20:00:00.0;OFF;ON;50;1,20;1,30;1,30;-1,30;98,30;89,50;0,10;6;62,30;1,10;1,40;
2026-07-25 20:01:00.0;OFF;ON;50;1,30;1,30;1,30;-1,30;98,30;89,50;-0,10;6;62,90;1,10;1,40;
2026-07-25 20:02:00.0;OFF;ON;50;1,20;1,30;1,30;-1,30;98,30;89,60;0;6;62,40;1,10;1,40;
2026-07-25 20:03:00.0;OFF;ON;50;1,30;1,30;1,30;-1,30;98,30;89,50;0;6;62,80;1,10;1,40;
2026-07-25 20:04:00.0;OFF;ON;50;1,30;1,30;1,30;-1,30;98,30;89,50;0;6;62,90;1,10;1,40;
2026-07-25 20:05:00.0;OFF;ON;50;1,20;1,30;1,30;-1,30;98,30;89,50;0;6;62,20;1,10;1,40;
2026-07-25 20:06:00.0;OFF;ON;50;1,10;1,30;1,20;-1,30;98,30;89,60;0,10;6;62;1,10;1,40;
2026-07-25 20:07:00.0;OFF;ON;50;1,30;1,20;1,30;-1,30;98,30;89,60;0;6;62,10;1,10;1,40;
2026-07-25 20:08:00.0;OFF;ON;50;1,30;1,30;1,20;-1,30;98,30;89,50;-0,10;6;62,20;1,10;1,40;
2026-07-25 20:09:00.0;OFF;ON;50;1,30;1,30;1,30;-1,30;98,30;89,50;0;6;62,10;1,10;1,40;
2026-07-25 20:10:00.0;OFF;ON;50;1,20;1,30;1,30;-1,30;98,30;89,50;0,10;6;62;1,10;1,40;
2026-07-25 20:11:00.0;OFF;ON;50;1,10;1,30;1,30;-1,30;98,30;89,50;0;6;62,50;1,10;1,40;
2026-07-25 20:12:00.0;OFF;ON;50;1,20;1,30;1,30;-1,30;98,30;89,50;0,10;6;62;1,10;1,40;
2026-07-25 20:13:00.0;OFF;ON;50;1,30;1,30;1,30;-1,30;98,30;89,50;0;6;61,90;1,10;1,40;
2026-07-25 20:14:00.0;OFF;ON;50;1,30;1,30;1,30;-1,30;98,30;89,50;0;6;61,90;1,10;1,40;
2026-07-25 20:15:00.0;OFF;ON;50;1,20;1,30;1,30;-1,30;98,30;89,50;0;6;62,50;1,10;1,40;
2026-07-25 20:16:00.0;OFF;ON;50;1,40;1,30;1,30;-1,30;98,30;89,50;0,10;6;61,90;1,10;1,50;
2026-07-25 20:17:00.0;OFF;ON;50;1,30;1,30;1,30;-1,30;98,30;89,50;0,10;6;62;1,10;1,50;
2026-07-25 20:18:00.0;OFF;ON;50;1,20;1,30;1,30;-1,30;98,40;89,50;-0,10;6;62,60;1,10;1,50;
2026-07-25 20:19:00.0;OFF;ON;50;1,40;1,30;1,30;-1,30;98,30;89,50;0;6;62,60;1,10;1,50;
2026-07-25 20:20:00.0;OFF;ON;50;1,30;1,30;1,30;-1,30;98,30;89,50;0;6;62,50;1,10;1,50;
2026-07-25 20:21:00.0;OFF;ON;50;1,30;1,30;1,30;-1,30;98,30;89,50;-0,10;6;62,60;1,10;1,50;
2026-07-25 20:22:00.0;OFF;ON;50;1,30;1,30;1,30;-1,30;98,30;89,50;0;6;62,10;1,10;1,50;
2026-07-25 20:23:00.0;OFF;ON;50;1,30;1,30;1,30;-1,30;98,40;89,50;0;6;62,60;1,10;1,50;
2026-07-25 20:24:00.0;OFF;ON;50;1,20;1,30;1,30;-1,30;98,40;89,50;0,10;6;62,10;1,10;1,50;
2026-07-25 20:25:00.0;OFF;ON;50;1,30;1,30;1,30;-1,30;98,30;89,50;0;6;62,70;1,10;1,50;
2026-07-25 20:26:00.0;OFF;ON;50;1,40;1,30;1,30;-1,30;98,40;89,50;-0,10;6;62,80;1,10;1,50;
2026-07-25 20:27:00.0;OFF;ON;50;1,40;1,30;1,30;-1,30;98,40;89,50;-0,10;6;62,80;1,10;1,50;
2026-07-25 20:28:00.0;OFF;ON;50;1,30;1,30;1,30;-1,30;98,40;89,50;0;6;62,80;1,10;1,50;
2026-07-25 20:29:00.0;OFF;ON;50;1,20;1,30;1,30;-1,30;98,30;89,50;0,10;6;62,20;1,10;1,50;
2026-07-25 20:30:00.0;OFF;ON;50;1,20;1,30;1,30;-1,30;98,40;89,50;0;6;62,30;1,10;1,50;
2026-07-25 20:31:00.0;OFF;ON;50;1,40;1,30;1,30;-1,30;98,30;89,50;-0,10;6;63;1,10;1,50;
2026-07-25 20:32:00.0;OFF;ON;50;1,40;1,30;1,30;-1,30;98,40;89,50;0;6;63;1,10;1,50;
2026-07-25 20:33:00.0;OFF;ON;50;1,30;1,30;1,30;-1,40;98,40;89,50;0;6;62,30;1,10;1,50;
2026-07-25 20:34:00.0;OFF;ON;50;1,30;1,30;1,30;-1,40;98,40;89,50;0;6;62,90;1,10;1,50;
2026-07-25 20:35:00.0;OFF;ON;50;1,30;1,30;1,30;-1,40;98,40;89,50;0;6;62,50;1,10;1,50;
2026-07-25 20:36:00.0;OFF;ON;50;1,30;1,30;1,30;-1,40;98,40;89,50;0;6;63;1,10;1,50;
2026-07-25 20:37:00.0;OFF;ON;50;1,20;1,30;1,30;-1,40;98,30;89,50;0,10;6;62,60;1,10;1,50;
2026-07-25 20:38:00.0;OFF;ON;50;1,30;1,30;1,30;-1,40;98,40;89,50;0;6;62,60;1,10;1,50;
2026-07-25 20:39:00.0;OFF;ON;50;1,40;1,30;1,30;-1,40;98,40;89,50;-0,10;6;63,30;1,10;1,50;
2026-07-25 20:40:00.0;OFF;ON;50;1,30;1,30;1,30;-1,40;98,40;89,50;0;6;63,20;1,10;1,50;
2026-07-25 20:41:00.0;OFF;ON;50;1,20;1,30;1,30;-1,40;98,40;89,50;0,10;6;62,60;1,10;1,50;
2026-07-25 20:42:00.0;OFF;ON;50;1,40;1,30;1,30;-1,40;98,40;89,50;-0,10;6;63,40;1,10;1,50;
2026-07-25 20:43:00.0;OFF;ON;50;1,30;1,30;1,30;-1,40;98,30;89,50;0;6;63,30;1,10;1,50;
2026-07-25 20:44:00.0;OFF;ON;50;1,30;1,30;1,30;-1,40;98,40;89,50;0;6;63,40;1,10;1,50;
2026-07-25 20:45:00.0;OFF;ON;50;1,40;1,30;1,30;-1,40;98,40;89,50;-0,10;6;63,60;1,10;1,50;
2026-07-25 20:46:00.0;OFF;ON;50;1,40;1,30;1,30;-1,40;98,40;89,50;-0,10;6;63,50;1,10;1,50;
2026-07-25 20:47:00.0;OFF;ON;50;1,30;1,30;1,30;-1,40;98,40;89,50;0;6;63,60;1,10;1,50;
2026-07-25 20:48:00.0;OFF;ON;50;1,40;1,30;1,30;-1,40;98,40;89,50;-0,10;6;63,80;1,10;1,50;
2026-07-25 20:49:00.0;OFF;ON;50;1,30;1,30;1,30;-1,40;98,40;89,50;0;6;63,60;1,10;1,50;
2026-07-25 20:50:00.0;OFF;ON;50;1,40;1,30;1,30;-1,40;98,40;89,50;-0,10;6;63,70;1,10;1,50;
2026-07-25 20:51:00.0;OFF;ON;50;1,30;1,30;1,30;-1,40;98,40;89,50;0;6;63,60;1,10;1,50;
2026-07-25 20:52:00.0;OFF;ON;50;1,30;1,30;1,30;-1,40;98,40;89,50;0;6;63,70;1,10;1,50;
2026-07-25 20:53:00.0;OFF;ON;50;1,40;1,30;1,30;-1,40;98,30;89,50;-0,10;6;63,80;1,10;1,50;
2026-07-25 20:54:00.0;OFF;ON;50;1,30;1,30;1,30;-1,40;98,40;89,50;0;6;63,20;1,10;1,50;
2026-07-25 20:55:00.0;OFF;ON;50;1,30;1,30;1,30;-1,40;98,40;89,50;0;6;63,20;1,10;1,50;
2026-07-25 20:56:00.0;OFF;ON;50;1,30;1,30;1,30;-1,40;98,40;89,50;0;6;63,80;1,10;1,50;
2026-07-25 20:57:00.0;OFF;ON;50;1,30;1,30;1,30;-1,40;98,40;89,50;0,10;6;63,40;1,10;1,50;
2026-07-25 20:58:00.0;OFF;ON;50;1,30;1,30;1,30;-1,40;98,40;89,50;0;6;63,90;1,10;1,50;
2026-07-25 20:59:00.0;OFF;ON;50;1,30;1,30;1,30;-1,40;98,40;89,50;0;6;64;1,10;1,50;
2026-07-25 21:00:00.0;OFF;ON;50;1,30;1,30;1,30;-1,40;98,40;89,50;0;6;63,90;1,10;1,50;
2026-07-25 21:01:00.0;OFF;ON;50;1,30;1,30;1,30;-1,40;98,40;89,50;0;6;64;1,10;1,50;
2026-07-25 21:02:00.0;OFF;ON;50;1,20;1,30;1,30;-1,40;98,40;89,50;0,10;6;63,40;1,10;1,50;
2026-07-25 21:03:00.0;OFF;ON;50;1,40;1,30;1,30;-1,40;98,40;89,50;-0,10;6;64,30;1,10;1,50;
2026-07-25 21:04:00.0;OFF;ON;50;1,30;1,30;1,30;-1,40;98,40;89,50;0;6;63,50;1,10;1,50;
2026-07-25 21:05:00.0;OFF;ON;50;1,40;1,30;1,30;-1,40;98,40;89,50;-0,10;6;64,20;1,10;1,50;
2026-07-25 21:06:00.0;OFF;ON;50;1,20;1,30;1,30;-1,40;98,40;89,50;0,10;6;63,50;1,10;1,50;
2026-07-25 21:07:00.0;OFF;ON;50;1,30;1,30;1,30;-1,40;98,40;89,50;0;6;63,70;1,10;1,50;
2026-07-25 21:08:00.0;OFF;ON;50;1,30;1,30;1,30;-1,40;98,40;89,50;0;6;64,30;1,10;1,50;
2026-07-25 21:09:00.0;OFF;ON;50;1,40;1,30;1,30;-1,40;98,40;89,50;-0,10;6;64,30;1,10;1,50;
2026-07-25 21:10:00.0;OFF;ON;50;1,30;1,30;1,30;-1,40;98,40;89,50;0;6;64,40;1,10;1,50;
2026-07-25 21:11:00.0;OFF;ON;50;1,40;1,30;1,30;-1,40;98,40;89,50;-0,10;6;64,50;1,10;1,50;
2026-07-25 21:12:00.0;OFF;ON;50;1,40;1,30;1,30;-1,40;98,40;89,50;-0,10;6;64,50;1,10;1,50;
2026-07-25 21:13:00.0;OFF;ON;50;1,30;1,30;1,30;-1,40;98,40;89,50;0;6;64,40;1,10;1,50;
2026-07-25 21:14:00.0;OFF;ON;50;1,30;1,30;1,30;-1,40;98,40;89,50;0;6;64,50;1,10;1,50;
2026-07-25 21:15:00.0;OFF;ON;50;1,40;1,30;1,30;-1,40;98,40;89,50;-0,10;6;64,60;1,10;1,50;
2026-07-25 21:16:00.0;OFF;ON;50;1,40;1,30;1,30;-1,40;98,40;89,50;-0,10;6;64,70;1,10;1,50;
2026-07-25 21:17:00.0;OFF;ON;50;1,30;1,30;1,30;-1,40;98,40;89,50;0;6;64,70;1,10;1,50;
2026-07-25 21:18:00.0;OFF;ON;50;1,30;1,30;1,30;-1,40;98,40;89,50;0;6;64,10;1,10;1,50;
2026-07-25 21:19:00.0;OFF;ON;50;1,40;1,30;1,30;-1,40;98,40;89,50;0;6;64,70;1,10;1,50;
2026-07-25 21:20:00.0;OFF;ON;50;1,40;1,30;1,30;-1,40;98,40;89,50;-0,10;6;64,90;1,10;1,50;
2026-07-25 21:21:00.0;OFF;ON;50;1,40;1,30;1,30;-1,40;98,40;89,50;-0,10;6;64,80;1,10;1,50;
2026-07-25 21:22:00.0;OFF;ON;50;1,30;1,30;1,30;-1,40;98,40;89,50;0;6;64,80;1,10;1,50;
2026-07-25 21:23:00.0;OFF;ON;50;1,30;1,30;1,30;-1,40;98,40;89,50;0,10;6;64,30;1,10;1,50;
2026-07-25 21:24:00.0;OFF;ON;50;1,30;1,30;1,30;-1,40;98,40;89,50;0;6;64,90;1,10;1,50;
2026-07-25 21:25:00.0;OFF;ON;50;1,30;1,30;1,30;-1,40;98,40;89,50;0,10;6;64,90;1,10;1,50;
2026-07-25 21:26:00.0;OFF;ON;50;1,20;1,30;1,30;-1,40;98,40;89,50;0,10;6;64,30;1,10;1,50;
2026-07-25 21:27:00.0;OFF;ON;50;1,40;1,30;1,30;-1,40;98,40;89,50;-0,10;6;65,10;1,10;1,50;
2026-07-25 21:28:00.0;OFF;ON;50;1,30;1,30;1,30;-1,40;98,40;89,50;0;6;65,10;1,10;1,50;
2026-07-25 21:29:00.0;OFF;ON;50;1,30;1,30;1,30;-1,40;98,40;89,50;0;6;64,50;1,10;1,50;
2026-07-25 21:30:00.0;OFF;ON;50;1,50;1,30;1,30;-1,40;98,40;89,50;-0,10;6;65,40;1,10;1,50;
2026-07-25 21:31:00.0;OFF;ON;50;1,30;1,30;1,30;-1,40;98,40;89,50;0;6;65,20;1,10;1,50;
2026-07-25 21:32:00.0;OFF;ON;50;1,50;1,30;1,30;-1,40;98,40;89,50;-0,10;6;65,60;1,10;1,50;
2026-07-25 21:33:00.0;OFF;ON;50;1,30;1,30;1,30;-1,40;98,40;89,50;0;6;65,20;1,10;1,50;
2026-07-25 21:34:00.0;OFF;ON;50;1,30;1,30;1,30;-1,40;98,40;89,50;0,10;6;64,80;1,10;1,50;
2026-07-25 21:35:00.0;OFF;ON;50;1,40;1,30;1,30;-1,40;98,40;89,50;-0,10;6;65,50;1,10;1,50;
2026-07-25 21:36:00.0;OFF;ON;50;1,30;1,30;1,30;-1,40;98,40;89,50;0;6;65,50;1,10;1,50;
2026-07-25 21:37:00.0;OFF;ON;50;1,40;1,30;1,30;-1,40;98,40;89,50;0;6;65,40;1,10;1,50;
2026-07-25 21:38:00.0;OFF;ON;50;1,50;1,30;1,30;-1,40;98,40;89,50;-0,10;6;65,70;1,10;1,50;
2026-07-25 21:39:00.0;OFF;ON;50;1,50;1,30;1,30;-1,40;98,40;89,50;-0,10;6;65,80;1,10;1,50;
2026-07-25 21:40:00.0;OFF;ON;50;1,40;1,30;1,30;-1,40;98,40;89,50;-0,10;6;65,70;1,10;1,50;
2026-07-25 21:41:00.0;OFF;ON;50;1,40;1,30;1,30;-1,40;98,40;89,50;-0,10;6;65,60;1,10;1,50;
2026-07-25 21:42:00.0;OFF;ON;50;1,30;1,30;1,30;-1,40;98,40;89,50;0;6;65,60;1,10;1,50;
2026-07-25 21:43:00.0;OFF;ON;50;1,20;1,30;1,30;-1,40;98,40;89,50;0,10;6;65;1,10;1,50;
2026-07-25 21:44:00.0;OFF;ON;50;1,40;1,30;1,30;-1,40;98,40;89,50;-0,10;6;65,60;1,10;1,50;
2026-07-25 21:45:00.0;OFF;ON;50;1,30;1,30;1,30;-1,40;98,40;89,50;0;6;65,10;1,10;1,50;
2026-07-25 21:46:00.0;OFF;ON;50;1,40;1,30;1,30;-1,40;98,30;89,50;-0,10;6;65,60;1,10;1,50;
2026-07-25 21:47:00.0;OFF;ON;50;1,20;1,30;1,30;-1,40;98,40;89,50;0,10;6;64,80;1,10;1,50;
2026-07-25 21:48:00.0;OFF;ON;50;1,30;1,30;1,30;-1,40;98,30;89,50;0;6;64,90;1,10;1,50;
2026-07-25 21:49:00.0;OFF;ON;50;1,30;1,30;1,30;-1,40;98,40;89,50;0;6;65;1,10;1,50;
2026-07-25 21:50:00.0;OFF;ON;50;1,30;1,30;1,30;-1,40;98,30;89,50;0;6;65;1,10;1,50;
2026-07-25 21:51:00.0;OFF;ON;50;1,40;1,30;1,30;-1,40;98,30;89,50;-0,10;6;65,60;1,10;1,50;
2026-07-25 21:52:00.0;OFF;ON;50;1,30;1,30;1,30;-1,40;98,30;89,50;0;6;64,90;1,10;1,50;
2026-07-25 21:53:00.0;OFF;ON;50;1,40;1,30;1,30;-1,40;98,30;89,50;-0,10;6;65,40;1,10;1,50;
2026-07-25 21:54:00.0;OFF;ON;50;1,30;1,30;1,30;-1,40;98,30;89,50;0;6;64,90;1,10;1,50;
2026-07-25 21:55:00.0;OFF;ON;50;1,40;1,30;1,30;-1,40;98,30;89,50;-0,10;6;65,30;1,10;1,50;
2026-07-25 21:56:00.0;OFF;ON;50;1,30;1,30;1,30;-1,40;98,30;89,50;0;6;64,70;1,10;1,50;
2026-07-25 21:57:00.0;OFF;ON;50;1,30;1,30;1,30;-1,40;98,30;89,50;0;6;64,70;1,10;1,50;
2026-07-25 21:58:00.0;OFF;ON;50;1,30;1,30;1,30;-1,40;98,30;89,50;0;6;64,60;1,10;1,50;
2026-07-25 21:59:00.0;OFF;ON;50;1,30;1,30;1,30;-1,40;98,30;89,50;0;6;64,60;1,10;1,50;
2026-07-25 22:00:00.0;OFF;ON;50;1,20;1,30;1,30;-1,40;98,30;89,50;0,10;6;64,40;1,10;1,50;
2026-07-25 22:01:00.0;OFF;ON;50;1,20;1,30;1,30;-1,40;98,30;89,50;0;6;64,60;1,10;1,50;
2026-07-25 22:02:00.0;OFF;ON;50;1,20;1,30;1,30;-1,40;98,30;89,50;0,10;6;64,40;1,10;1,50;
2026-07-25 22:03:00.0;OFF;ON;50;1,30;1,30;1,30;-1,40;98,30;89,50;0;6;64,90;1,10;1,40;
2026-07-25 22:04:00.0;OFF;ON;50;1,20;1,30;1,30;-1,40;98,30;89,50;0;6;64,30;1,10;1,50;
2026-07-25 22:05:00.0;OFF;ON;50;1,40;1,30;1,30;-1,40;98,30;89,50;-0,10;6;64,90;1,10;1,40;
2026-07-25 22:06:00.0;OFF;ON;50;1,20;1,30;1,30;-1,40;98,30;89,50;0,10;6;64,10;1,10;1,40;
2026-07-25 22:07:00.0;OFF;ON;50;1,30;1,30;1,30;-1,40;98,30;89,50;0;6;64,80;1,10;1,40;
2026-07-25 22:08:00.0;OFF;ON;50;1,10;1,30;1,30;-1,40;98,30;89,50;0,10;6;63,90;1,10;1,40;
2026-07-25 22:09:00.0;OFF;ON;50;1,30;1,30;1,30;-1,40;98,30;89,50;0;6;64,20;1,10;1,40;
2026-07-25 22:10:00.0;OFF;ON;50;1,30;1,30;1,30;-1,40;98,30;89,50;0;6;64,20;1,10;1,40;
2026-07-25 22:11:00.0;OFF;ON;50;1,30;1,30;1,30;-1,40;98,30;89,50;-0,10;6;64,70;1,10;1,40;
2026-07-25 22:12:00.0;OFF;ON;50;1,30;1,30;1,30;-1,40;98,30;89,50;0;6;64,10;1,10;1,40;
2026-07-25 22:13:00.0;OFF;ON;50;1,30;1,30;1,30;-1,40;98,30;89,50;0;6;63,90;1,10;1,40;
2026-07-25 22:14:00.0;OFF;ON;50;1,30;1,30;1,30;-1,40;98,30;89,50;-0,10;6;64,50;1,10;1,40;
2026-07-25 22:15:00.0;OFF;ON;50;1,20;1,30;1,30;-1,40;98,30;89,50;0,10;6;63,90;1,10;1,40;
2026-07-25 22:16:00.0;OFF;ON;50;1,30;1,30;1,30;-1,40;98,30;89,50;-0,10;6;64,40;1,10;1,40;
2026-07-25 22:17:00.0;OFF;ON;50;1,20;1,30;1,30;-1,40;98,30;89,50;0,10;6;63,70;1,10;1,40;
2026-07-25 22:18:00.0;OFF;ON;50;1,30;1,30;1,30;-1,40;98,30;89,50;0;6;63,70;1,10;1,40;
2026-07-25 22:19:00.0;OFF;ON;50;1,10;1,30;1,30;-1,40;98,30;89,50;0,10;6;63,50;1,10;1,40;
2026-07-25 22:20:00.0;OFF;ON;50;1,20;1,30;1,30;-1,40;98,30;89,50;0,10;6;63,80;1,10;1,40;
2026-07-25 22:21:00.0;OFF;ON;50;1,30;1,30;1,30;-1,40;98,30;89,50;0;6;63,60;1,10;1,40;
2026-07-25 22:22:00.0;OFF;ON;50;1,20;1,30;1,30;-1,40;98,30;89,50;0,10;6;63,40;1,10;1,40;
2026-07-25 22:23:00.0;OFF;ON;50;1,30;1,30;1,30;-1,40;98,30;89,50;0;6;63,60;1,10;1,40;
2026-07-25 22:24:00.0;OFF;ON;50;1,20;1,30;1,30;-1,40;98,30;89,50;0,10;6;63,60;1,10;1,40;
2026-07-25 22:25:00.0;OFF;ON;50;1,20;1,30;1,30;-1,40;98,30;89,50;0,10;6;63,40;1,10;1,40;
2026-07-25 22:26:00.0;OFF;ON;50;1,30;1,30;1,30;-1,40;98,30;89,50;0;6;63,50;1,10;1,40;
2026-07-25 22:27:00.0;OFF;ON;50;1,10;1,30;1,30;-1,40;98,30;89,50;0,20;6;62,90;1,10;1,40;
2026-07-25 22:28:00.0;OFF;ON;50;1,30;1,30;1,30;-1,40;98,30;89,50;0;6;63,30;1,10;1,40;
2026-07-25 22:29:00.0;OFF;ON;50;1,20;1,30;1,30;-1,40;98,30;89,50;0;6;63,20;1,10;1,40;
2026-07-25 22:30:00.0;OFF;ON;50;1,10;1,30;1,30;-1,40;98,30;89,50;0,10;6;62,90;1,10;1,40;
2026-07-25 22:31:00.0;OFF;ON;50;1,30;1,30;1,30;-1,40;98,30;89,50;-0,10;6;63,70;1,10;1,40;
2026-07-25 22:32:00.0;OFF;ON;50;1,30;1,30;1,30;-1,40;98,30;89,50;0;6;63,70;1,10;1,40;
2026-07-25 22:33:00.0;OFF;ON;50;1,40;1,30;1,30;-1,40;98,30;89,50;-0,10;6;63,90;1,10;1,40;
2026-07-25 22:34:00.0;OFF;ON;50;1,20;1,30;1,30;-1,40;98,30;89,50;0,10;6;63,10;1,10;1,40;
2026-07-25 22:35:00.0;OFF;ON;50;1,20;1,30;1,30;-1,50;98,30;89,50;0;6;63,70;1,10;1,40;
2026-07-25 22:36:00.0;OFF;ON;50;1,20;1,30;1,30;-1,50;98,40;89,50;-0,10;6;63,90;1,10;1,50;
2026-07-25 22:37:00.0;OFF;ON;50;1,30;1,30;1,30;-1,50;98,30;89,50;0;6;63,20;1,10;1,50;
2026-07-25 22:38:00.0;OFF;ON;50;1,20;1,30;1,30;-1,50;98,40;89,50;0;6;63,20;1,10;1,50;
2026-07-25 22:39:00.0;OFF;ON;50;1,40;1,30;1,30;-1,50;98,40;89,50;-0,10;6;63,90;1,10;1,50;
2026-07-25 22:40:00.0;OFF;ON;50;1,30;1,30;1,30;-1,50;98,40;89,50;0;6;63,10;1,10;1,50;
2026-07-25 22:41:00.0;OFF;ON;50;1,40;1,30;1,30;-1,50;98,40;89,50;-0,10;6;63,90;1,10;1,50;
2026-07-25 22:42:00.0;OFF;ON;50;1,30;1,30;1,30;-1,50;98,40;89,50;0;6;63,80;1,10;1,50;
2026-07-25 22:43:00.0;OFF;ON;50;1,20;1,30;1,30;-1,50;98,30;89,50;0,10;6;63,20;1,10;1,50;
2026-07-25 22:44:00.0;OFF;ON;50;1,40;1,30;1,30;-1,50;98,40;89,50;-0,10;6;64;1,10;1,50;
2026-07-25 22:45:00.0;OFF;ON;50;1,20;1,30;1,30;-1,50;98,40;89,50;0;6;63,80;1,10;1,50;
2026-07-25 22:46:00.0;OFF;ON;50;1,20;1,30;1,30;-1,50;98,40;89,50;0,10;6;63,20;1,10;1,50;
2026-07-25 22:47:00.0;OFF;ON;50;1,30;1,30;1,30;-1,50;98,40;89,50;0;6;63,20;1,10;1,50;
2026-07-25 22:48:00.0;OFF;ON;50;1,30;1,30;1,30;-1,50;98,40;89,50;0;6;63,90;1,10;1,50;
2026-07-25 22:49:00.0;OFF;ON;50;1,30;1,30;1,30;-1,50;98,40;89,50;0;6;63,80;1,10;1,50;
2026-07-25 22:50:00.0;OFF;ON;50;1,30;1,30;1,30;-1,50;98,40;89,50;0;6;63,90;1,10;1,50;
2026-07-25 22:51:00.0;OFF;ON;50;1,40;1,30;1,30;-1,50;98,40;89,50;-0,10;6;64;1,10;1,50;
2026-07-25 22:52:00.0;OFF;ON;50;1,30;1,30;1,30;-1,50;98,40;89,50;0;6;63,90;1,10;1,50;
2026-07-25 22:53:00.0;OFF;ON;50;1,40;1,30;1,30;-1,50;98,40;89,50;-0,10;6;64;1,10;1,50;
2026-07-25 22:54:00.0;OFF;ON;50;1,30;1,30;1,30;-1,50;98,40;89,50;0;6;63,90;1,10;1,50;
2026-07-25 22:55:00.0;OFF;ON;50;1,40;1,30;1,30;-1,50;98,40;89,50;-0,10;6;64;1,10;1,50;
2026-07-25 22:56:00.0;OFF;ON;50;1,40;1,30;1,30;-1,50;98,40;89,50;-0,10;6;64,10;1,10;1,50;
2026-07-25 22:57:00.0;OFF;ON;50;1,30;1,30;1,30;-1,50;98,40;89,50;0;6;64;1,10;1,50;
2026-07-25 22:58:00.0;OFF;ON;50;1,30;1,30;1,30;-1,50;98,40;89,50;0;6;64;1,10;1,50;
2026-07-25 22:59:00.0;OFF;ON;50;1,30;1,30;1,30;-1,50;98,40;89,50;0;6;64,10;1,10;1,50;
2026-07-25 23:00:00.0;OFF;ON;50;1,30;1,30;1,30;-1,50;98,40;89,50;0;6;63,50;1,10;1,50;
2026-07-25 23:01:00.0;OFF;ON;50;1,30;1,30;1,30;-1,50;98,40;89,50;0;6;63,60;1,10;1,50;
2026-07-25 23:02:00.0;OFF;ON;50;1,30;1,30;1,30;-1,50;98,40;89,50;0;6;64,20;1,10;1,50;
2026-07-25 23:03:00.0;OFF;ON;50;1,20;1,30;1,30;-1,50;98,40;89,50;0,10;6;63,70;1,10;1,50;
2026-07-25 23:04:00.0;OFF;ON;50;1,30;1,30;1,30;-1,50;98,40;89,50;0;6;64,20;1,10;1,50;
2026-07-25 23:05:00.0;OFF;ON;50;1,40;1,30;1,30;-1,50;98,40;89,50;-0,10;6;64,40;1,10;1,50;
2026-07-25 23:06:00.0;OFF;ON;50;1,30;1,30;1,30;-1,50;98,40;89,50;0;6;64,40;1,10;1,50;
2026-07-25 23:07:00.0;OFF;ON;50;1,30;1,30;1,30;-1,50;98,40;89,50;0;6;64,30;1,10;1,50;
2026-07-25 23:08:00.0;OFF;ON;50;1,30;1,30;1,30;-1,50;98,40;89,50;0;6;63,90;1,10;1,50;
2026-07-25 23:09:00.0;OFF;ON;50;1,30;1,30;1,30;-1,50;98,40;89,50;0;6;64,40;1,10;1,50;
2026-07-25 23:10:00.0;OFF;ON;50;1,40;1,30;1,30;-1,50;98,40;89,50;-0,10;6;64,40;1,10;1,50;
2026-07-25 23:11:00.0;OFF;ON;50;1,30;1,30;1,30;-1,50;98,40;89,50;0;6;64;1,10;1,50;
2026-07-25 23:12:00.0;OFF;ON;50;1,40;1,30;1,30;-1,50;98,40;89,50;-0,10;6;64,50;1,10;1,50;
2026-07-25 23:13:00.0;OFF;ON;50;1,30;1,30;1,30;-1,50;98,40;89,50;0;6;64;1,10;1,50;
2026-07-25 23:14:00.0;OFF;ON;50;1,30;1,30;1,30;-1,50;98,40;89,50;0;6;64,60;1,10;1,50;
2026-07-25 23:15:00.0;OFF;ON;50;1,40;1,30;1,30;-1,50;98,40;89,50;-0,10;6;64,70;1,10;1,50;
2026-07-25 23:16:00.0;OFF;ON;50;1,30;1,30;1,30;-1,50;98,40;89,50;0;6;64,70;1,10;1,50;
2026-07-25 23:17:00.0;OFF;ON;50;1,30;1,30;1,30;-1,50;98,40;89,50;0;6;64,70;1,10;1,50;
2026-07-25 23:18:00.0;OFF;ON;50;1,30;1,30;1,30;-1,50;98,40;89,50;0;6;64,80;1,10;1,50;
2026-07-25 23:19:00.0;OFF;ON;50;1,40;1,30;1,30;-1,50;98,40;89,50;0;6;64,90;1,10;1,50;
2026-07-25 23:20:00.0;OFF;ON;50;1,40;1,30;1,30;-1,50;98,40;89,50;-0,10;6;64,80;1,10;1,50;
2026-07-25 23:21:00.0;OFF;ON;50;1,20;1,30;1,30;-1,50;98,40;89,50;0,10;6;64,20;1,10;1,50;
2026-07-25 23:22:00.0;OFF;ON;50;1,30;1,30;1,30;-1,50;98,40;89,50;0;6;64,90;1,10;1,50;
2026-07-25 23:23:00.0;OFF;ON;50;1,30;1,30;1,30;-1,50;98,40;89,50;0;6;64,40;1,10;1,50;
2026-07-25 23:24:00.0;OFF;ON;50;1,40;1,30;1,30;-1,50;98,40;89,50;-0,10;6;64,90;1,10;1,50;
2026-07-25 23:25:00.0;OFF;ON;50;1,40;1,30;1,30;-1,50;98,40;89,50;-0,10;6;65;1,10;1,50;
2026-07-25 23:26:00.0;OFF;ON;50;1,40;1,30;1,30;-1,50;98,40;89,50;0;6;65;1,10;1,50;
2026-07-25 23:27:00.0;OFF;ON;50;1,20;1,30;1,30;-1,50;98,40;89,50;0,10;6;64,30;1,10;1,50;
2026-07-25 23:28:00.0;OFF;ON;50;1,20;1,30;1,30;-1,50;98,30;89,50;0,10;6;64,40;1,10;1,50;
2026-07-25 23:29:00.0;OFF;ON;50;1,40;1,30;1,30;-1,50;98,40;89,50;0;6;65,10;1,10;1,50;
2026-07-25 23:30:00.0;OFF;ON;50;1,30;1,30;1,30;-1,50;98,40;89,50;0;6;65,10;1,10;1,50;
2026-07-25 23:31:00.0;OFF;ON;50;1,30;1,30;1,30;-1,50;98,40;89,50;0;6;65,20;1,10;1,50;
2026-07-25 23:32:00.0;OFF;ON;50;1,30;1,30;1,30;-1,50;98,30;89,50;0;6;65,20;1,10;1,50;
2026-07-25 23:33:00.0;OFF;ON;50;1,20;1,30;1,30;-1,50;98,40;89,50;0,10;6;64,50;1,10;1,50;
2026-07-25 23:34:00.0;OFF;ON;50;1,30;1,30;1,30;-1,50;98,40;89,50;0;6;65,20;1,10;1,50;
2026-07-25 23:35:00.0;OFF;ON;50;1,40;1,30;1,30;-1,50;98,40;89,50;-0,10;6;65,40;1,10;1,50;
2026-07-25 23:36:00.0;OFF;ON;50;1,30;1,30;1,30;-1,50;98,40;89,50;0;6;64,70;1,10;1,50;
2026-07-25 23:37:00.0;OFF;ON;50;1,20;1,30;1,30;-1,50;98,40;89,50;0,10;6;64,70;1,10;1,50;
2026-07-25 23:38:00.0;OFF;ON;50;1,30;1,30;1,30;-1,50;98,40;89,40;0;6;65,30;1,10;1,50;
2026-07-25 23:39:00.0;OFF;ON;50;1,30;1,30;1,30;-1,50;98,40;89,40;0;6;64,70;1,10;1,50;
2026-07-25 23:40:00.0;OFF;ON;50;1,40;1,30;1,30;-1,50;98,40;89,50;-0,10;6;65,40;1,10;1,50;
2026-07-25 23:41:00.0;OFF;ON;50;1,30;1,30;1,30;-1,50;98,40;89,50;0;6;65,30;1,10;1,50;
2026-07-25 23:42:00.0;OFF;ON;50;1,40;1,30;1,30;-1,50;98,40;89,50;-0,10;6;65,50;1,10;1,50;
2026-07-25 23:43:00.0;OFF;ON;50;1,40;1,30;1,30;-1,50;98,40;89,50;-0,10;6;65,50;1,10;1,50;
2026-07-25 23:44:00.0;OFF;ON;50;1,30;1,30;1,30;-1,50;98,40;89,50;0;6;65,50;1,10;1,50;
2026-07-25 23:45:00.0;OFF;ON;50;1,30;1,30;1,30;-1,50;98,40;89,40;0,10;6;65;1,10;1,50;
2026-07-25 23:46:00.0;OFF;ON;50;1,40;1,30;1,30;-1,50;98,40;89,40;-0,10;6;65,50;1,10;1,50;
2026-07-25 23:47:00.0;OFF;ON;50;1,30;1,30;1,30;-1,50;98,40;89,40;0;6;65,50;1,10;1,50;
2026-07-25 23:48:00.0;OFF;ON;50;1,40;1,30;1,30;-1,50;98,40;89,40;-0,10;6;65,60;1,10;1,50;
2026-07-25 23:49:00.0;OFF;ON;50;1,30;1,30;1,30;-1,50;98,40;89,40;0;6;65,50;1,10;1,50;
2026-07-25 23:50:00.0;OFF;ON;50;1,40;1,30;1,30;-1,50;98,40;89,40;-0,10;6;65,60;1,10;1,50;
2026-07-25 23:51:00.0;OFF;ON;50;1,40;1,30;1,30;-1,50;98,40;89,40;0;6;65,60;1,10;1,50;
2026-07-25 23:52:00.0;OFF;ON;50;1,40;1,30;1,30;-1,50;98,40;89,40;-0,10;6;65,60;1,10;1,50;
2026-07-25 23:53:00.0;OFF;ON;50;1,30;1,30;1,30;-1,50;98,40;89,40;0;6;65,70;1,10;1,50;
2026-07-25 23:54:00.0;OFF;ON;50;1,40;1,30;1,30;-1,50;98,40;89,40;-0,10;6;65,70;1,10;1,50;
2026-07-25 23:55:00.0;OFF;ON;50;1,30;1,30;1,30;-1,50;98,40;89,40;0;6;65,70;1,10;1,50;
2026-07-25 23:56:00.0;OFF;ON;50;1,30;1,30;1,30;-1,50;98,40;89,40;0;6;65,70;1,10;1,50;
2026-07-25 23:57:00.0;OFF;ON;50;1,30;1,30;1,30;-1,50;98,30;89,40;0;6;65,80;1,10;1,50;
2026-07-25 23:58:00.0;OFF;ON;50;1,30;1,30;1,30;-1,50;98,30;89,40;0;6;65,30;1,10;1,50;
2026-07-25 23:59:00.0;OFF;ON;50;1,30;1,30;1,30;-1,50;98,30;89,40;0;6;65,80;1,10;1,50;
