CamCarcacas2;
2026-06-27 00:00;2026-06-28 00:00;
12144 Frigorífico Thoms;
ayron.costa;
" ";CPCO 51 - Câmara de carcaças - Controle de temperatura 1;CPCO 51 - Câmara de carcaças - Controle de temperatura 1;CPCO 51 - Câmara de carcaças - Controle de temperatura 1;CPCO 51 - Câmara de carcaças - Controle de temperatura 1;CPCO 51 - Câmara de carcaças - Controle de temperatura 1;CPCO 51 - Câmara de carcaças - Controle de temperatura 1;CPCO 52 - Câmara de carcaças - Controle de temperatura 2;CPCO 52 - Câmara de carcaças - Controle de temperatura 2;CPCO 53 - Balança;CPCO 51 - Câmara de carcaças - Controle de temperatura 1;CPCO 51 - Câmara de carcaças - Controle de temperatura 1;CPCO 51 - Câmara de carcaças - Controle de temperatura 1;CPCO 51 - Câmara de carcaças - Controle de temperatura 1;CPCO 54 - Câmara de carcaças - Controle de temperatura 3;
" ";Carregamento;Resfriamento;Saida Y1 - Ventiladores EC;Temp entrada glicol;Temp ref;Temp retorno ar;Temperatuda espeto;Umidade relativa da camara;Peso atual;DT Atual;DT ref;Cap Atual Valvula;Temp retorno ar M1A08;Temp Insuf de ar M1A08;" ";
2026-06-27 00:00:00.0;OFF;ON;100;-1,60;-1,90;1,60;11,80;95,40;121,40;3,20;3,50;77,30;1,50;0,70;
2026-06-27 00:01:00.0;OFF;ON;100;-1,60;-1,90;1,60;11,80;95,40;121,40;3,20;3,50;74;1,50;0,70;
2026-06-27 00:02:00.0;OFF;ON;100;-2,20;-2;1,50;11,70;95,40;121,40;3,80;3,50;75,10;1,40;0,70;
2026-06-27 00:03:00.0;OFF;ON;100;-2,10;-2;1,50;11,70;95,40;121,40;3,60;3,50;76,50;1,40;0,60;
2026-06-27 00:04:00.0;OFF;ON;100;-1,90;-2;1,50;11,70;95,40;121,40;3,40;3,50;77;1,40;0,60;
2026-06-27 00:05:00.0;OFF;ON;100;-1,90;-2;1,50;11,60;95,30;121,40;3,30;3,50;76,60;1,40;0,60;
2026-06-27 00:06:00.0;OFF;ON;100;-2;-2;1,50;11,60;95,40;121,40;3,50;3,50;74,50;1,40;0,50;
2026-06-27 00:07:00.0;OFF;ON;100;-1,70;-2,10;1,40;11,60;95,40;121,40;3,10;3,50;79,10;1,30;0,50;
2026-06-27 00:08:00.0;OFF;ON;100;-1,70;-2,10;1,40;11,60;95,40;121,40;3,10;3,50;77,70;1,30;0,50;
2026-06-27 00:09:00.0;OFF;ON;100;-1,90;-2,10;1,40;11,50;95,20;121,40;3,30;3,50;77,40;1,30;0,50;
2026-06-27 00:10:00.0;OFF;ON;100;-2;-2,10;1,40;11,50;95,30;121,40;3,40;3,50;75,70;1,30;0,50;
2026-06-27 00:11:00.0;OFF;ON;100;-1,80;-2,10;1,30;11,50;95,30;121,40;3,20;3,50;78,90;1,30;0,40;
2026-06-27 00:12:00.0;OFF;ON;100;-2,10;-2,20;1,30;11,40;95,30;121,40;3,40;3,50;77,60;1,30;0,40;
2026-06-27 00:13:00.0;OFF;ON;100;-2,20;-2,20;1,30;11,40;95,20;121,40;3,50;3,50;76,40;1,20;0,40;
2026-06-27 00:14:00.0;OFF;ON;100;-2,20;-2,20;1,30;11,40;95,20;121,40;3,50;3,50;69,40;1,20;0,40;
2026-06-27 00:15:00.0;OFF;ON;100;-3,40;-2,20;1,30;11,40;95,20;121,40;4,70;3,50;70,40;1,30;0,40;
2026-06-27 00:16:00.0;OFF;ON;100;-2,80;-2,20;1,30;11,40;95,50;121,40;4,10;3,50;74;1,20;0,60;
2026-06-27 00:17:00.0;OFF;ON;100;-2,20;-2,20;1,30;11,30;95,50;121,40;3,50;3,50;75,70;1,20;0,30;
2026-06-27 00:18:00.0;OFF;ON;100;-2,10;-2,30;1,20;11,30;95,20;121,40;3,30;3,50;75,50;1,20;0,40;
2026-06-27 00:19:00.0;OFF;ON;100;-2,10;-2,30;1,20;11,30;95,20;121,40;3,30;3,50;73;1,20;0,30;
2026-06-27 00:20:00.0;OFF;ON;100;-2,50;-2,30;1,20;11,20;95,20;121,40;3,70;3,50;72,60;1,20;0,40;
2026-06-27 00:21:00.0;OFF;ON;100;-2,20;-2,30;1,20;11,20;95,40;121,40;3,40;3,50;74,90;1,20;0,40;
2026-06-27 00:22:00.0;OFF;ON;100;-2,20;-2,30;1,20;11,20;95,40;121,40;3,40;3,50;75,40;1,10;0,40;
2026-06-27 00:23:00.0;OFF;ON;100;-2,10;-2,30;1,20;11,20;95,40;121,40;3,30;3,50;76;1,10;0,40;
2026-06-27 00:24:00.0;OFF;ON;100;-2;-2,30;1,20;11,10;95,40;121,40;3,20;3,50;74,90;1,10;0,40;
2026-06-27 00:25:00.0;OFF;ON;100;-2,20;-2,30;1,20;11,10;95,40;121,40;3,40;3,50;73,40;1,10;0,40;
2026-06-27 00:26:00.0;OFF;ON;100;-2,50;-2,30;1,20;11,10;95,40;121,40;3,60;3,50;72,10;1,10;0,40;
2026-06-27 00:27:00.0;OFF;ON;100;-2,70;-2,30;1,20;11,10;95,40;121,40;3,90;3,50;74;1,10;0,40;
2026-06-27 00:28:00.0;OFF;ON;100;-2,40;-2,30;1,20;11;95,40;121,40;3,60;3,50;74;1,10;0,40;
2026-06-27 00:29:00.0;OFF;ON;100;-2,60;-2,30;1,10;11;95,50;121,40;3,70;3,50;73,10;1,10;0,40;
2026-06-27 00:30:00.0;OFF;ON;100;-2,70;-2,40;1,10;11;95,50;121,40;3,80;3,50;72,90;1,10;0,40;
2026-06-27 00:31:00.0;OFF;ON;100;-2,40;-2,40;1,10;11;95,40;121,40;3,50;3,50;75,50;1,10;0,40;
2026-06-27 00:32:00.0;OFF;ON;100;-2,20;-2,40;1,10;10,90;95,50;121,40;3,40;3,50;76,10;1;0,30;
2026-06-27 00:33:00.0;OFF;ON;100;-1,90;-2,40;1,10;10,90;95,50;121,40;3;3,50;78,50;1;0,30;
2026-06-27 00:34:00.0;OFF;ON;100;-2;-2,40;1,10;10,90;95,40;121,40;3,10;3,50;78;1;0,30;
2026-06-27 00:35:00.0;OFF;ON;100;-2,30;-2,40;1,10;10,80;95,50;121,40;3,40;3,50;76,20;1;0,30;
2026-06-27 00:36:00.0;OFF;ON;100;-2,80;-2,40;1,10;10,80;95,50;121,40;3,80;3,50;73,50;1;0,30;
2026-06-27 00:37:00.0;OFF;ON;100;-2,80;-2,40;1;10,80;95,50;121,40;3,80;3,50;73,70;1;0,30;
2026-06-27 00:38:00.0;OFF;ON;100;-4,10;-2,50;1,10;10,80;95,50;121,40;5,20;3,50;64,20;1;0,30;
2026-06-27 00:39:00.0;OFF;ON;100;-2,20;-2,40;1,10;10,70;95,60;121,40;3,30;3,50;74,90;1,10;0,40;
2026-06-27 00:40:00.0;OFF;ON;100;-2,50;-2,40;1,10;10,70;95,60;121,40;3,60;3,50;72,50;1;0,20;
2026-06-27 00:41:00.0;OFF;ON;100;-2,70;-2,40;1,10;10,70;95,60;121,40;3,80;3,50;67;1,10;0,40;
2026-06-27 00:42:00.0;OFF;ON;100;-2;-2,40;1,20;10,70;95,80;121,40;3,20;3,50;74,30;1,10;0,40;
2026-06-27 00:43:00.0;OFF;ON;100;-2,50;-2,30;1,20;10,70;95,80;121,40;3,60;3,50;72,30;1;0,40;
2026-06-27 00:44:00.0;OFF;ON;100;-2,40;-2,40;1,10;10,60;95,70;121,40;3,50;3,50;73,50;1;0,30;
2026-06-27 00:45:00.0;OFF;ON;100;-2,30;-2,40;1,10;10,60;95,70;121,40;3,40;3,50;74,50;1;0,30;
2026-06-27 00:46:00.0;OFF;ON;100;-2;-2,40;1,10;10,60;95,60;121,40;3;3,50;77,20;1;0,30;
2026-06-27 00:47:00.0;OFF;ON;100;-2,20;-2,40;1,10;10,50;95,70;121,40;3,30;3,50;76;1;0,30;
2026-06-27 00:48:00.0;OFF;ON;100;-2,40;-2,40;1,10;10,50;95,70;121,40;3,50;3,50;75,20;1;0,30;
2026-06-27 00:49:00.0;OFF;ON;100;-2,10;-2,40;1;10,50;95,70;121,40;3,10;3,50;77,50;1;0,20;
2026-06-27 00:50:00.0;OFF;ON;100;-2,30;-2,50;1;10,50;95,70;121,40;3,30;3,50;76,80;0,90;0,30;
2026-06-27 00:51:00.0;OFF;ON;100;-2,30;-2,50;1;10,40;95,70;121,40;3,40;3,50;76,80;0,90;0,30;
2026-06-27 00:52:00.0;OFF;ON;100;-2,30;-2,50;1;10,40;95,70;121,40;3,30;3,50;77,80;0,90;0,20;
2026-06-27 00:53:00.0;OFF;ON;100;-2,50;-2,50;1;10,40;95,70;121,40;3,50;3,50;75,90;0,90;0,20;
2026-06-27 00:54:00.0;OFF;ON;100;-2,50;-2,50;1;10,30;95,70;121,40;3,40;3,50;76,90;0,90;0,20;
2026-06-27 00:55:00.0;OFF;ON;100;-2,50;-2,50;0,90;10,30;95,50;121,40;3,50;3,50;77,30;0,90;0,10;
2026-06-27 00:56:00.0;OFF;ON;100;-2,30;-2,60;0,90;10,30;95,50;121,40;3,20;3,50;78,80;0,90;0,10;
2026-06-27 00:57:00.0;OFF;ON;100;-2,30;-2,60;0,90;10,30;95,50;121,40;3,20;3,50;79,20;0,80;0,10;
2026-06-27 00:58:00.0;OFF;ON;100;-2,40;-2,60;0,90;10,30;95,50;121,40;3,30;3,50;78,70;0,80;0,10;
2026-06-27 00:59:00.0;OFF;ON;100;-2,60;-2,60;0,90;10,20;95,50;121,40;3,50;3,50;78,30;0,80;0,10;
2026-06-27 01:00:00.0;OFF;ON;100;-3,10;-2,60;0,90;10,20;95,50;121,40;3,90;3,50;74,90;0,80;0,10;
2026-06-27 01:01:00.0;OFF;ON;100;-3,20;-2,60;0,90;10,20;95,50;121,40;4,10;3,50;72,30;0,80;0,10;
2026-06-27 01:02:00.0;OFF;ON;100;-3,30;-2,60;0,90;10,10;95,60;121,40;4,10;3,50;71;0,80;0,10;
2026-06-27 01:03:00.0;OFF;ON;100;-3,30;-2,60;0,80;10,10;95,50;121,40;4,20;3,50;69,90;0,80;0;
2026-06-27 01:04:00.0;OFF;ON;100;-3,80;-2,70;0,80;10,10;95,50;121,40;4,70;3,50;63,80;0,80;0;
2026-06-27 01:05:00.0;OFF;ON;100;-2,20;-2,60;0,90;10,10;95,60;121,40;3;3,50;74,70;0,70;0;
2026-06-27 01:06:00.0;OFF;ON;100;-2;-2,70;0,80;10;95,70;121,40;2,80;3,50;76,60;0,70;0;
2026-06-27 01:07:00.0;OFF;ON;100;-2,50;-2,70;0,80;10;95,40;121,40;3,30;3,50;74,20;0,70;0,10;
2026-06-27 01:08:00.0;OFF;ON;100;-2,20;-2,70;0,80;10;95,50;121,40;3,10;3,50;76,30;0,70;0,10;
2026-06-27 01:09:00.0;OFF;ON;100;-2;-2,70;0,80;10;95,50;121,40;2,90;3,50;78,30;0,70;0,10;
2026-06-27 01:10:00.0;OFF;ON;100;-3,20;-2,70;0,80;10;95,70;121,40;4;3,50;71,60;0,80;0,10;
2026-06-27 01:11:00.0;OFF;ON;100;-2,20;-2,70;0,80;9,90;95,70;121,40;3;3,50;78;0,70;0;
2026-06-27 01:12:00.0;OFF;ON;100;-3,30;-2,70;0,80;9,90;95,70;121,40;4,10;3,50;70,40;0,70;0;
2026-06-27 01:13:00.0;OFF;ON;100;-3,50;-2,70;0,80;9,90;95,60;121,40;4,30;3,50;67,90;0,80;0,10;
2026-06-27 01:14:00.0;OFF;ON;100;-2,40;-2,70;0,80;9,90;95,70;121,40;3,20;3,50;73,60;0,80;0,10;
2026-06-27 01:15:00.0;OFF;ON;100;-2;-2,70;0,80;9,80;95,70;121,40;2,80;3,50;77,20;0,70;0;
2026-06-27 01:16:00.0;OFF;ON;100;-2,60;-2,70;0,80;9,80;95,70;121,40;3,30;3,50;74,30;0,70;0;
2026-06-27 01:17:00.0;OFF;ON;100;-2,20;-2,70;0,80;9,80;95,70;121,40;3;3,50;77;0,70;0;
2026-06-27 01:18:00.0;OFF;ON;100;-2,20;-2,70;0,80;9,80;95,70;121,40;3;3,50;77,60;0,70;0;
2026-06-27 01:19:00.0;OFF;ON;100;-2,50;-2,70;0,80;9,80;95,70;121,40;3,30;3,50;76,80;0,70;0;
2026-06-27 01:20:00.0;OFF;ON;100;-4,30;-2,70;0,80;9,70;95,70;121,40;5,10;3,50;65,20;0,70;0,10;
2026-06-27 01:21:00.0;OFF;ON;100;-2,40;-2,70;0,80;9,70;95,70;121,40;3,20;3,50;75,70;0,70;0;
2026-06-27 01:22:00.0;OFF;ON;100;-3,10;-2,70;0,80;9,70;95,70;121,40;3,80;3,50;72,40;0,60;-0,10;
2026-06-27 01:23:00.0;OFF;ON;100;-3,20;-2,80;0,70;9,70;95,60;121,40;3,90;3,50;71,80;0,70;0;
2026-06-27 01:24:00.0;OFF;ON;100;-3,50;-2,80;0,70;9,70;95,70;121,40;4,30;3,50;68,20;0,70;0;
2026-06-27 01:25:00.0;OFF;ON;100;-2,40;-2,80;0,70;9,60;95,70;121,40;3,10;3,50;74,20;0,60;0;
2026-06-27 01:26:00.0;OFF;ON;100;-2,40;-2,80;0,70;9,60;95,70;121,40;3,10;3,50;75;0,60;-0,10;
2026-06-27 01:27:00.0;OFF;ON;100;-2,70;-2,80;0,70;9,60;95,50;121,40;3,30;3,50;74;0,60;0;
2026-06-27 01:28:00.0;OFF;ON;100;-2,50;-2,80;0,70;9,60;95,60;121,40;3,20;3,50;76,30;0,60;0;
2026-06-27 01:29:00.0;OFF;ON;100;-2,50;-2,80;0,70;9,60;95,60;121,40;3,10;3,50;76,90;0,60;-0,10;
2026-06-27 01:30:00.0;OFF;ON;100;-2,70;-2,80;0,70;9,50;95,60;121,40;3,30;3,50;76,90;0,60;-0,10;
2026-06-27 01:31:00.0;OFF;ON;100;-3;-2,80;0,70;9,50;95,60;121,40;3,90;3,50;72,50;0,60;0;
2026-06-27 01:32:00.0;OFF;ON;100;-3,20;-2,80;0,70;9,50;95,70;121,40;3,90;3,50;72;0,60;-0,10;
2026-06-27 01:33:00.0;OFF;ON;100;-3,30;-2,80;0,70;9,50;95,70;121,40;3,90;3,50;71,50;0,60;-0,10;
2026-06-27 01:34:00.0;OFF;ON;100;-3,60;-2,90;0,60;9,50;95,60;121,40;4,20;3,50;68,80;0,60;-0,10;
2026-06-27 01:35:00.0;OFF;ON;100;-3,40;-2,90;0,60;9,40;95,60;121,40;4;3,50;69,40;0,50;-0,10;
2026-06-27 01:36:00.0;OFF;ON;100;-3,80;-2,90;0,60;9,40;95,60;121,40;4,40;3,50;65,50;0,60;-0,10;
2026-06-27 01:37:00.0;OFF;ON;100;-2,50;-2,90;0,60;9,40;95,60;121,40;3,10;3,50;74;0,60;-0,20;
2026-06-27 01:38:00.0;OFF;ON;100;-2,70;-2,90;0,60;9,40;95,40;121,40;3,20;3,50;74,50;0,50;-0,10;
2026-06-27 01:39:00.0;OFF;ON;100;-2,50;-2,90;0,60;9,30;95,40;121,40;3;3,50;76,70;0,50;-0,10;
2026-06-27 01:40:00.0;OFF;ON;100;-2,30;-2,90;0,60;9,30;95,50;121,40;2,90;3,50;78,40;0,50;-0,10;
2026-06-27 01:41:00.0;OFF;ON;100;-2,60;-2,90;0,60;9,30;95,60;121,40;3,20;3,50;77,20;0,50;-0,10;
2026-06-27 01:42:00.0;OFF;ON;100;-3;-2,90;0,60;9,30;95,50;121,40;3,60;3,50;75,40;0,50;-0,10;
2026-06-27 01:43:00.0;OFF;ON;100;-3;-2,90;0,60;9,30;95,50;121,40;3,60;3,50;75,10;0,50;-0,10;
2026-06-27 01:44:00.0;OFF;ON;100;-3,50;-2,90;0,60;9,30;95,60;121,30;4;3,50;71,90;0,50;-0,20;
2026-06-27 01:45:00.0;OFF;ON;100;-3,30;-2,90;0,50;9,20;95,50;121,40;3,80;3,50;72,40;0,40;-0,20;
2026-06-27 01:46:00.0;OFF;ON;100;-3,60;-3;0,50;9,20;95,50;121,30;4,10;3,50;70,10;0,40;-0,20;
2026-06-27 01:47:00.0;OFF;ON;100;-3,10;-3;0,50;9,20;95,40;121,40;3,60;3,50;72,60;0,40;-0,20;
2026-06-27 01:48:00.0;OFF;ON;100;-3,60;-3;0,50;9,20;95,40;121,30;4,10;3,50;68,90;0,40;-0,20;
2026-06-27 01:49:00.0;OFF;ON;100;-3,40;-3;0,50;9,20;95,50;121,30;3,90;3,50;69,10;0,40;-0,20;
2026-06-27 01:50:00.0;OFF;ON;100;-2,50;-3;0,50;9,10;95,40;121,30;2,90;3,50;75,90;0,40;-0,30;
2026-06-27 01:51:00.0;OFF;ON;100;-2,60;-3,10;0,40;9,10;95,30;121,30;3;3,50;75,80;0,40;-0,20;
2026-06-27 01:52:00.0;OFF;ON;100;-2,30;-3;0,50;9,10;95,40;121,30;2,80;3,50;78,50;0,40;-0,20;
2026-06-27 01:53:00.0;OFF;ON;100;-2,80;-3,10;0,40;9,10;95,50;121,30;3,30;3,50;76,10;0,40;-0,20;
2026-06-27 01:54:00.0;OFF;ON;100;-3,20;-3;0,50;9;95,50;121,30;3,60;3,50;74,50;0,40;-0,20;
2026-06-27 01:55:00.0;OFF;ON;100;-3,30;-3;0,50;9;95,60;121,30;3,70;3,50;73,50;0,40;-0,20;
2026-06-27 01:56:00.0;OFF;ON;100;-2,80;-3;0,50;9;95,60;121,30;3,20;3,50;76,40;0,40;-0,20;
2026-06-27 01:57:00.0;OFF;ON;100;-3,50;-3;0,40;9;95,50;121,30;3,90;3,50;71,60;0,40;-0,30;
2026-06-27 01:58:00.0;OFF;ON;100;-3,10;-3,10;0,40;9;95,40;121,30;3,50;3,50;74,40;0,40;-0,30;
2026-06-27 01:59:00.0;OFF;ON;100;-3,50;-3,10;0,40;8,90;95,40;121,30;3,90;3,50;70,70;0,30;-0,30;
2026-06-27 02:00:00.0;OFF;ON;100;-3,80;-3,10;0,40;8,90;95,40;121,30;4,20;3,50;68,10;0,40;-0,30;
2026-06-27 02:01:00.0;OFF;ON;100;-3,20;-3,10;0,40;8,90;95,60;121,30;3,60;3,50;70,10;0,40;-0,20;
2026-06-27 02:02:00.0;OFF;ON;100;-2,10;-3,10;0,40;8,90;95,50;121,30;2,50;3,50;78;0,30;-0,30;
2026-06-27 02:03:00.0;OFF;ON;100;-3;-3,10;0,40;8,90;95,30;121,30;3,30;3,50;73,60;0,30;-0,30;
2026-06-27 02:04:00.0;OFF;ON;100;-2,30;-3,20;0,40;8,80;95,40;121,30;2,70;3,50;78,40;0,30;-0,30;
2026-06-27 02:05:00.0;OFF;ON;100;-2,70;-3,10;0,40;8,80;95,40;121,30;3;3,50;77,20;0,30;-0,30;
2026-06-27 02:06:00.0;OFF;ON;100;-3,30;-3,10;0,40;8,80;95,40;121,30;3,70;3,50;73,80;0,30;-0,20;
2026-06-27 02:07:00.0;OFF;ON;100;-3,50;-3,10;0,40;8,80;95,60;121,30;3,90;3,50;72,30;0,30;-0,20;
2026-06-27 02:08:00.0;OFF;ON;100;-3,10;-3,10;0,40;8,80;95,60;121,30;3,50;3,50;75;0,30;-0,30;
2026-06-27 02:09:00.0;OFF;ON;100;-3,20;-3,10;0,30;8,70;95,40;121,30;3,50;3,50;74,40;0,30;-0,30;
2026-06-27 02:10:00.0;OFF;ON;100;-3,60;-3,20;0,30;8,70;95,40;121,30;3,90;3,50;71,30;0,20;-0,30;
2026-06-27 02:11:00.0;OFF;ON;100;-3,20;-3,20;0,30;8,70;95,40;121,30;3,50;3,50;73,80;0,20;-0,30;
2026-06-27 02:12:00.0;OFF;ON;100;-3,60;-3,20;0,30;8,70;95,30;121,30;3,90;3,50;70,30;0,20;-0,40;
2026-06-27 02:13:00.0;OFF;ON;100;-3,60;-3,20;0,30;8,70;95,30;121,30;3,90;3,50;70,10;0,20;-0,40;
2026-06-27 02:14:00.0;OFF;ON;100;-3,50;-3,20;0,30;8,60;95,40;121,30;3,80;3,50;70,50;0,20;-0,30;
2026-06-27 02:15:00.0;OFF;ON;100;-3,50;-3,20;0,30;8,60;95,40;121,30;3,80;3,50;69,40;0,20;-0,30;
2026-06-27 02:16:00.0;OFF;ON;100;-4;-3,20;0,30;8,60;95,50;121,30;4,30;3,50;65,50;0,20;-0,30;
2026-06-27 02:17:00.0;OFF;ON;100;-2,70;-3,20;0,30;8,60;95,50;121,30;2,90;3,50;74,40;0,20;-0,40;
2026-06-27 02:18:00.0;OFF;ON;100;-2,40;-3,20;0,20;8,50;95,30;121,30;2,70;3,50;77,60;0,20;-0,40;
2026-06-27 02:19:00.0;OFF;ON;100;-2,50;-3,30;0,20;8,50;95,40;121,30;2,70;3,50;78,20;0,20;-0,30;
2026-06-27 02:20:00.0;OFF;ON;100;-2,80;-3,30;0,20;8,50;95,40;121,30;3,10;3,50;77,10;0,20;-0,30;
2026-06-27 02:21:00.0;OFF;ON;100;-3;-3,30;0,20;8,50;95,40;121,30;3,30;3,50;76,20;0,20;-0,30;
2026-06-27 02:22:00.0;OFF;ON;100;-3,50;-3,30;0,30;8,50;95,60;121,30;3,70;3,50;73,20;0,20;-0,40;
2026-06-27 02:23:00.0;OFF;ON;100;-3,70;-3,30;0,20;8,40;95,40;121,30;3,90;3,50;72,10;0,20;-0,40;
2026-06-27 02:24:00.0;OFF;ON;100;-3,30;-3,30;0,20;8,40;95,40;121,30;3,50;3,50;74,90;0,10;-0,40;
2026-06-27 02:25:00.0;OFF;ON;100;-3,50;-3,30;0,20;8,40;95,40;121,30;3,70;3,50;73,30;0,10;-0,40;
2026-06-27 02:26:00.0;OFF;ON;100;-3,50;-3,30;0,20;8,40;95,30;121,30;3,70;3,50;73,20;0,10;-0,40;
2026-06-27 02:27:00.0;OFF;ON;100;-3,20;-3,30;0,20;8,40;95,30;121,30;3,30;3,50;75,50;0,10;-0,40;
2026-06-27 02:28:00.0;OFF;ON;100;-3,60;-3,30;0,20;8,30;95,20;121,30;3,70;3,50;73;0,10;-0,40;
2026-06-27 02:29:00.0;OFF;ON;100;-3,30;-3,40;0,10;8,30;95,30;121,30;3,40;3,50;74,80;0,10;-0,50;
2026-06-27 02:30:00.0;OFF;ON;100;-3;-3,40;0,10;8,30;95,30;121,30;3,10;3,50;77;0,10;-0,50;
2026-06-27 02:31:00.0;OFF;ON;100;-3,60;-3,40;0,10;8,30;95,30;121,30;3,70;3,50;73;0,10;-0,50;
2026-06-27 02:32:00.0;OFF;ON;100;-3,20;-3,40;0,10;8,30;95,30;121,30;3,30;3,50;75,50;0;-0,50;
2026-06-27 02:33:00.0;OFF;ON;100;-3,70;-3,40;0,10;8,20;95,30;121,30;3,80;3,50;72,70;0;-0,50;
2026-06-27 02:34:00.0;OFF;ON;100;-3,20;-3,40;0,10;8,20;95,30;121,30;3,30;3,50;75,60;0;-0,50;
2026-06-27 02:35:00.0;OFF;ON;100;-3,50;-3,40;0,10;8,20;95,30;121,30;3,60;3,50;74;0;-0,50;
2026-06-27 02:36:00.0;OFF;ON;100;-3,60;-3,40;0,10;8,20;95,30;121,30;3,70;3,50;73,50;0;-0,50;
2026-06-27 02:37:00.0;OFF;ON;100;-3,20;-3,40;0,10;8,20;95,20;121,30;3,20;3,50;76,50;0;-0,50;
2026-06-27 02:38:00.0;OFF;ON;100;-3,60;-3,40;0,10;8,10;95,20;121,30;3,60;3,50;74;0;-0,50;
2026-06-27 02:39:00.0;OFF;ON;100;-3,40;-3,50;0;8,10;95,30;121,30;3,50;3,50;75,20;0;-0,50;
2026-06-27 02:40:00.0;OFF;ON;100;-3;-3,50;0;8,10;95,30;121,30;3,10;3,50;77,70;0;-0,50;
2026-06-27 02:41:00.0;OFF;ON;100;-3,50;-3,50;0;8,10;95,30;121,30;3,50;3,50;74,60;0;-0,50;
2026-06-27 02:42:00.0;OFF;ON;100;-3,40;-3,50;0;8,10;95,30;121,30;3,50;3,50;75,70;0;-0,60;
2026-06-27 02:43:00.0;OFF;ON;100;-3;-3,50;0;8;95,30;121,30;3;3,50;78,70;0;-0,60;
2026-06-27 02:44:00.0;OFF;ON;100;-3,20;-3,50;0;8;95,30;121,30;3,20;3,50;77,40;-0,10;-0,60;
2026-06-27 02:45:00.0;OFF;ON;100;-3,10;-3,50;0;8;95,30;121,30;3,10;3,50;78,50;-0,10;-0,60;
2026-06-27 02:46:00.0;OFF;ON;100;-3,50;-3,50;0;8;95,30;121,30;3,50;3,50;75,50;-0,10;-0,60;
2026-06-27 02:47:00.0;OFF;ON;100;-3,60;-3,50;0;7,90;95,30;121,30;3,60;3,50;75,50;-0,10;-0,60;
2026-06-27 02:48:00.0;OFF;ON;100;-3,20;-3,50;0;7,90;95,30;121,30;3,20;3,50;78,60;-0,10;-0,60;
2026-06-27 02:49:00.0;OFF;ON;100;-3,20;-3,50;0;7,90;95,20;121,30;3,20;3,50;78,50;-0,10;-0,60;
2026-06-27 02:50:00.0;OFF;ON;100;-3,30;-3,50;0;7,90;95,30;121,30;3,20;3,50;78,50;-0,10;-0,60;
2026-06-27 02:51:00.0;OFF;ON;100;-3,70;-3,50;0;7,90;95,30;121,30;3,70;3,50;75,80;-0,10;-0,60;
2026-06-27 02:52:00.0;OFF;ON;100;-3,70;-3,50;-0,10;7,90;95,30;121,30;3,60;3,50;76,60;-0,10;-0,60;
2026-06-27 02:53:00.0;OFF;ON;100;-3;-3,60;-0,10;7,80;95,30;121,30;2,90;3,50;81,10;-0,10;-0,60;
2026-06-27 02:54:00.0;OFF;ON;100;-3,60;-3,60;-0,10;7,80;95,30;121,30;3,50;3,50;77,40;-0,10;-0,60;
2026-06-27 02:55:00.0;OFF;ON;100;-3,60;-3,60;-0,10;7,80;95,20;121,30;3,50;3,50;77,70;-0,10;-0,60;
2026-06-27 02:56:00.0;OFF;ON;100;-3,70;-3,60;-0,10;7,80;95,20;121,30;3,60;3,50;78,10;-0,20;-0,70;
2026-06-27 02:57:00.0;OFF;ON;100;-3,50;-3,60;-0,10;7,70;95,20;121,30;3,40;3,50;79,80;-0,20;-0,70;
2026-06-27 02:58:00.0;OFF;ON;100;-3,10;-3,60;-0,10;7,70;95,20;121,30;3;3,50;83;-0,20;-0,70;
2026-06-27 02:59:00.0;OFF;ON;100;-3,70;-3,60;-0,10;7,70;95,20;121,30;3,60;3,50;79,70;-0,20;-0,70;
2026-06-27 03:00:00.0;OFF;ON;100;-3,40;-3,60;-0,10;7,70;95,10;121,30;3,30;3,50;82,40;-0,20;-0,70;
2026-06-27 03:01:00.0;OFF;ON;100;-3,70;-3,60;-0,10;7,70;95,20;121,30;3,60;3,50;80,90;-0,20;-0,70;
2026-06-27 03:02:00.0;OFF;ON;100;-3,50;-3,60;-0,20;7,60;95,20;121,20;3,30;3,50;83,50;-0,20;-0,70;
2026-06-27 03:03:00.0;OFF;ON;100;-3,30;-3,70;-0,20;7,60;95,10;121,30;3,10;3,50;84,90;-0,20;-0,70;
2026-06-27 03:04:00.0;OFF;ON;100;-3,30;-3,70;-0,20;7,60;95,10;121,30;3,10;3,50;85,80;-0,20;-0,70;
2026-06-27 03:05:00.0;OFF;ON;100;-3,40;-3,70;-0,20;7,60;95,10;121,30;3,20;3,50;86,10;-0,30;-0,80;
2026-06-27 03:06:00.0;OFF;ON;100;-3,40;-3,70;-0,20;7,50;95,10;121,30;3,20;3,50;86,80;-0,30;-0,80;
2026-06-27 03:07:00.0;OFF;ON;100;-3,50;-3,70;-0,20;7,50;95;121,30;3,30;3,50;86,70;-0,30;-0,80;
2026-06-27 03:08:00.0;OFF;ON;100;-3,10;-3,70;-0,20;7,50;95;121,30;2,90;3,50;89,80;-0,30;-0,80;
2026-06-27 03:09:00.0;OFF;ON;100;-3,20;-3,70;-0,30;7,50;94,90;121,30;2,90;3,50;90,70;-0,30;-0,80;
2026-06-27 03:10:00.0;OFF;ON;100;-3,30;-3,80;-0,30;7,50;94,90;121,30;3,10;3,50;90,60;-0,30;-0,90;
2026-06-27 03:11:00.0;OFF;ON;100;-3,50;-3,80;-0,30;7,40;94,90;121,30;3,20;3,50;90,20;-0,30;-0,90;
2026-06-27 03:12:00.0;OFF;ON;100;-3,60;-3,80;-0,30;7,40;94,90;121,30;3,30;3,50;91,20;-0,40;-0,90;
2026-06-27 03:13:00.0;OFF;ON;100;-3,10;-3,80;-0,30;7,40;94,80;121,30;2,80;3,50;95;-0,40;-0,90;
2026-06-27 03:14:00.0;OFF;ON;100;-3,70;-3,80;-0,30;7,40;94,80;121,20;3,30;3,50;92,40;-0,40;-0,90;
2026-06-27 03:15:00.0;OFF;ON;100;-3,20;-3,80;-0,40;7,40;94,80;121,30;2,90;3,50;96,30;-0,40;-0,90;
2026-06-27 03:16:00.0;OFF;ON;100;-3,20;-3,90;-0,40;7,30;94,80;121,30;2,90;3,50;97,10;-0,40;-1;
2026-06-27 03:17:00.0;OFF;ON;100;-3,60;-3,90;-0,40;7,30;94,80;121,30;3,30;3,50;95,40;-0,40;-1;
2026-06-27 03:18:00.0;OFF;ON;100;-3,20;-3,90;-0,40;7,30;94,80;121,20;2,80;3,50;99;-0,40;-1;
2026-06-27 03:19:00.0;OFF;ON;100;-3,50;-3,90;-0,40;7,30;94,80;121,20;3,10;3,50;97,10;-0,40;-1;
2026-06-27 03:20:00.0;OFF;ON;100;-3,50;-3,90;-0,40;7,30;94,80;121,30;3;3,50;97,70;-0,50;-1;
2026-06-27 03:21:00.0;OFF;ON;100;-3,70;-3,90;-0,40;7,20;94,70;121,20;3,20;3,50;96,30;-0,50;-1;
2026-06-27 03:22:00.0;OFF;ON;100;-3,20;-3,90;-0,40;7,20;94,70;121,20;2,70;3,50;100;-0,50;-1;
2026-06-27 03:23:00.0;OFF;ON;100;-3,70;-3,90;-0,50;7,20;94,70;121,20;3,20;3,50;96;-0,50;-1;
2026-06-27 03:24:00.0;OFF;ON;100;-3,30;-4;-0,50;7,20;94,70;121,20;2,80;3,50;99,20;-0,50;-1,10;
2026-06-27 03:25:00.0;OFF;ON;100;-3,80;-4;-0,50;7,10;94,70;121,20;3,30;3,50;95,90;-0,50;-1,10;
2026-06-27 03:26:00.0;OFF;ON;100;-3,20;-4;-0,50;7,10;94,70;121,20;2,70;3,50;99,80;-0,50;-1,10;
2026-06-27 03:27:00.0;OFF;ON;100;-3,60;-4;-0,50;7,10;94,70;121,20;3,10;3,50;97;-0,50;-1,10;
2026-06-27 03:28:00.0;OFF;ON;100;-3,60;-4;-0,50;7,10;94,80;121,20;3,10;3,50;97,50;-0,60;-1,10;
2026-06-27 03:29:00.0;OFF;ON;100;-3,50;-4;-0,50;7,10;94,70;121,20;2,90;3,50;98,30;-0,60;-1,10;
2026-06-27 03:30:00.0;OFF;ON;100;-3,30;-4;-0,50;7;94,70;121,20;2,80;3,50;99,10;-0,60;-1,10;
2026-06-27 03:31:00.0;OFF;ON;100;-3,60;-4;-0,50;7;94,70;121,20;3;3,50;96,90;-0,60;-1,10;
2026-06-27 03:32:00.0;OFF;ON;100;-3,20;-4;-0,50;7;94,70;121,20;2,60;3,50;100;-0,60;-1,10;
2026-06-27 03:33:00.0;OFF;ON;100;-3,70;-4;-0,50;7;94,70;121,20;3,10;3,50;96,30;-0,60;-1,10;
2026-06-27 03:34:00.0;OFF;ON;100;-3,30;-4;-0,60;7;94,70;121,20;2,80;3,50;99,10;-0,60;-1,10;
2026-06-27 03:35:00.0;OFF;ON;100;-3,20;-4;-0,60;6,90;94,70;121,20;2,60;3,50;99,60;-0,60;-1,10;
2026-06-27 03:36:00.0;OFF;ON;100;-3,40;-4;-0,60;6,90;94,70;121,20;2,90;3,50;98,60;-0,60;-1,10;
2026-06-27 03:37:00.0;OFF;ON;100;-3,80;-4;-0,60;6,90;94,80;121,20;3,20;3,50;96;-0,60;-1,10;
2026-06-27 03:38:00.0;OFF;ON;100;-3,60;-4;-0,60;6,90;94,70;121,20;3;3,50;97,50;-0,60;-1,10;
2026-06-27 03:39:00.0;OFF;ON;100;-3,40;-4;-0,60;6,80;94,70;121,20;2,80;3,50;98,10;-0,60;-1,10;
2026-06-27 03:40:00.0;OFF;ON;100;-3,60;-4;-0,60;6,80;94,70;121,20;3;3,50;97,50;-0,60;-1,20;
2026-06-27 03:41:00.0;OFF;ON;100;-3,80;-4;-0,60;6,80;94,70;121,20;3,10;3,50;97;-0,70;-1,20;
2026-06-27 03:42:00.0;OFF;ON;100;-3,70;-4;-0,60;6,80;94,70;121,20;3,10;3,50;95,90;-0,70;-1,20;
2026-06-27 03:43:00.0;OFF;ON;100;-3,60;-4;-0,60;6,80;94,70;121,20;3;3,50;97,50;-0,60;-1,20;
2026-06-27 03:44:00.0;OFF;ON;100;-3,20;-4;-0,60;6,70;94,70;121,20;2,60;3,50;99,60;-0,70;-1,20;
2026-06-27 03:45:00.0;OFF;ON;100;-3,70;-4;-0,60;6,70;94,70;121,20;3;3,50;97,50;-0,70;-1,20;
2026-06-27 03:46:00.0;OFF;ON;100;-3,70;-4;-0,60;6,70;94,70;121,20;3,10;3,50;95,90;-0,70;-1,20;
2026-06-27 03:47:00.0;OFF;ON;100;-3,20;-4;-0,70;6,70;94,70;121,20;2,60;3,50;100;-0,70;-1,20;
2026-06-27 03:48:00.0;OFF;ON;100;-3,80;-4;-0,70;6,70;94,70;121,20;3,20;3,50;95,30;-0,70;-1,20;
2026-06-27 03:49:00.0;OFF;ON;100;-3,40;-4;-0,70;6,60;94,70;121,20;2,70;3,50;98,80;-0,70;-1,20;
2026-06-27 03:50:00.0;OFF;ON;100;-3,70;-4;-0,70;6,60;94,70;121,20;3;3,50;97,40;-0,70;-1,20;
2026-06-27 03:51:00.0;OFF;ON;100;-3,30;-4;-0,70;6,60;94,70;121,20;2,60;3,50;98,50;-0,70;-1,20;
2026-06-27 03:52:00.0;OFF;ON;100;-3,40;-4;-0,70;6,60;94,70;121,20;2,70;3,50;98,90;-0,70;-1,20;
2026-06-27 03:53:00.0;OFF;ON;100;-3,80;-4;-0,70;6,60;94,70;121,20;3,10;3,50;95,90;-0,70;-1,20;
2026-06-27 03:54:00.0;OFF;ON;100;-3,50;-4;-0,70;6,50;94,80;121,20;2,80;3,50;97,60;-0,70;-1,20;
2026-06-27 03:55:00.0;OFF;ON;100;-3,70;-4;-0,70;6,50;94,70;121,20;3;3,50;95,90;-0,70;-1,20;
2026-06-27 03:56:00.0;OFF;ON;100;-3,30;-4;-0,70;6,50;94,70;121,20;2,60;3,50;99,30;-0,80;-1,20;
2026-06-27 03:57:00.0;OFF;ON;100;-3,40;-4;-0,70;6,50;94,70;121,20;2,60;3,50;98,70;-0,70;-1,20;
2026-06-27 03:58:00.0;OFF;ON;100;-3,60;-4;-0,70;6,40;94,70;121,20;2,90;3,50;97,10;-0,80;-1,20;
2026-06-27 03:59:00.0;OFF;ON;100;-3,30;-4;-0,70;6,40;94,80;121,20;2,60;3,50;98,60;-0,80;-1,20;
2026-06-27 04:00:00.0;OFF;ON;100;-3,20;-4;-0,70;6,40;94,70;121,20;2,50;3,50;99,40;-0,80;-1,20;
2026-06-27 04:01:00.0;OFF;ON;100;-3,80;-4;-0,70;6,40;94,80;121,20;3;3,50;96,70;-0,80;-1,20;
2026-06-27 04:02:00.0;OFF;ON;100;-3,50;-4;-0,80;6,40;94,80;121,20;2,70;3,50;97,50;-0,80;-1,20;
2026-06-27 04:03:00.0;OFF;ON;100;-3,40;-4;-0,70;6,30;94,70;121,20;2,60;3,50;98,90;-0,80;-1,20;
2026-06-27 04:04:00.0;OFF;ON;100;-3,80;-4;-0,80;6,30;94,80;121,20;3,10;3,50;95,90;-0,80;-1,20;
2026-06-27 04:05:00.0;OFF;ON;100;-3,20;-4;-0,80;6,30;94,80;121,20;2,50;3,50;99,40;-0,80;-1,30;
2026-06-27 04:06:00.0;OFF;ON;100;-3,80;-4;-0,80;6,30;94,70;121,20;3;3,50;96,60;-0,80;-1,20;
2026-06-27 04:07:00.0;OFF;ON;100;-3,70;-4;-0,80;6,20;94,70;121,20;2,90;3,50;96,80;-0,80;-1,30;
2026-06-27 04:08:00.0;OFF;ON;100;-3,70;-4;-0,80;6,20;94,80;121,20;2,90;3,50;97,20;-0,80;-1,20;
2026-06-27 04:09:00.0;OFF;ON;100;-3,30;-4;-0,80;6,20;94,70;121,20;2,50;3,50;99,30;-0,80;-1,30;
2026-06-27 04:10:00.0;OFF;ON;100;-3,70;-4;-0,80;6,20;94,70;121,20;2,90;3,50;96,40;-0,80;-1,30;
2026-06-27 04:11:00.0;OFF;ON;100;-3,60;-4;-0,80;6,20;94,80;121,20;2,80;3,50;97,30;-0,90;-1,30;
2026-06-27 04:12:00.0;OFF;ON;100;-3,50;-4;-0,80;6,10;94,70;121,20;2,70;3,50;98;-0,80;-1,30;
2026-06-27 04:13:00.0;OFF;ON;100;-3,70;-4;-0,80;6,10;94,80;121,20;2,90;3,50;96,90;-0,90;-1,30;
2026-06-27 04:14:00.0;OFF;ON;100;-3,20;-4;-0,80;6,10;94,70;121,20;2,40;3,50;99,40;-0,90;-1,30;
2026-06-27 04:15:00.0;OFF;ON;100;-3,70;-4;-0,80;6,10;94,80;121,20;3;3,50;96,40;-0,90;-1,30;
2026-06-27 04:16:00.0;OFF;ON;100;-3,30;-4;-0,70;6,10;94,90;121,20;2,60;3,50;99,50;-0,80;-1,30;
2026-06-27 04:17:00.0;OFF;ON;100;-3,40;-4;-0,70;6,10;95,10;121,20;2,80;3,50;97,90;-0,80;-1,30;
2026-06-27 04:18:00.0;OFF;ON;100;-3;-4;-0,60;6,10;95,20;123,10;2,40;3,50;100;-0,80;-1,30;
2026-06-27 04:19:00.0;OFF;ON;100;-3,50;-4;-0,60;6,90;95,30;111,20;2,80;3,50;97,80;-0,80;-1,50;
2026-06-27 04:20:00.0;OFF;ON;100;-3,20;-4;-0,70;7,10;95,20;111,20;2,50;3,50;99,10;-0,90;-1,80;
2026-06-27 04:21:00.0;OFF;ON;100;-3,40;-4;-0,80;7,20;95,10;111,20;2,60;3,50;98,60;-1;-2;
2026-06-27 04:22:00.0;OFF;ON;100;-3,50;-4;-0,90;7,20;94,50;111,20;2,60;3,50;98,50;-1,10;-2,20;
2026-06-27 04:23:00.0;OFF;ON;100;-3,90;-4;-1;7,20;94,30;111,20;2,90;3,50;96,20;-1,20;-2,30;
2026-06-27 04:24:00.0;OFF;ON;100;-3,50;-4;-1;7,10;94,20;111,20;2,50;3,50;99,20;-1,20;-2,30;
2026-06-27 04:25:00.0;OFF;ON;100;-4,10;-4;-1;7,10;94,10;111,20;3;3,50;95,70;-1,20;-2,30;
2026-06-27 04:26:00.0;OFF;ON;100;-3,90;-4;-1;7,10;94,10;111,20;2,90;3,50;97;-1,20;-2,40;
2026-06-27 04:27:00.0;OFF;ON;50;-3,50;-4;-1,10;7,10;94;111,20;2,40;3,50;99,70;-1,30;-2,40;
2026-06-27 04:28:00.0;OFF;ON;50;-4,10;-4;-1,10;7,10;93,90;111,20;3;3,50;95,60;-1,30;-2,40;
2026-06-27 04:29:00.0;OFF;ON;50;-3,80;-4;-1,10;7;94;111,20;2,70;3,50;97,90;-1,30;-2,40;
2026-06-27 04:30:00.0;OFF;ON;50;-4;-4;-1,10;7;94;111,20;2,90;3,50;97,20;-1,30;-2,40;
2026-06-27 04:31:00.0;OFF;ON;50;-3,70;-4;-1,10;7;94,20;111,20;2,60;3,50;98,20;-1,30;-2,40;
2026-06-27 04:32:00.0;OFF;ON;50;-3,90;-4;-1,10;6,90;94,30;111,20;2,80;3,50;96,80;-1,20;-2,40;
2026-06-27 04:33:00.0;OFF;ON;50;-3,90;-4;-1,10;6,90;94,10;111,20;2,80;3,50;97,30;-1,30;-2,40;
2026-06-27 04:34:00.0;OFF;ON;50;-3,50;-4;-1,20;6,90;94;111,20;2,30;3,50;99,30;-1,30;-2,40;
2026-06-27 04:35:00.0;OFF;ON;50;-3,70;-4;-1,30;6,80;93,80;111,20;2,40;3,50;98,60;-1,40;-2,40;
2026-06-27 04:36:00.0;OFF;ON;50;-4;-4;-1,30;6,80;93,80;111,20;2,70;3,50;96,30;-1,30;-2,50;
2026-06-27 04:37:00.0;OFF;ON;50;-3,90;-4;-1,30;6,80;93,80;111,20;2,60;3,50;97,20;-1,40;-2,50;
2026-06-27 04:38:00.0;OFF;ON;50;-4;-4;-1,40;6,70;93,80;111,20;2,70;3,50;96,40;-1,40;-2,50;
2026-06-27 04:39:00.0;OFF;ON;50;-3,60;-4;-1,40;6,70;93,80;111,20;2,20;3,50;99,40;-1,40;-2,50;
2026-06-27 04:40:00.0;OFF;ON;50;-4,20;-4;-1,40;6,70;93,70;111,20;2,80;3,50;95,90;-1,40;-2,50;
2026-06-27 04:41:00.0;OFF;ON;50;-3,70;-4;-1,40;6,70;93,60;111,20;2,20;3,50;99,30;-1,40;-2,50;
2026-06-27 04:42:00.0;OFF;ON;50;-4,20;-4;-1,40;6,60;93,70;111,20;2,70;3,50;96;-1,50;-2,60;
2026-06-27 04:43:00.0;OFF;ON;50;-4,20;-4;-1,40;6,60;93,70;111,20;2,80;3,50;95,50;-1,40;-2,60;
2026-06-27 04:44:00.0;OFF;ON;50;-3,50;-4;-1,50;6,60;93,70;111,20;2,10;3,50;100;-1,50;-2,60;
2026-06-27 04:45:00.0;OFF;ON;50;-4;-4;-1,40;6,50;93,80;111,20;2,60;3,50;96,80;-1,40;-2,60;
2026-06-27 04:46:00.0;OFF;ON;50;-4,10;-4;-1,50;6,50;93,70;111,20;2,60;3,50;96,70;-1,50;-2,60;
2026-06-27 04:47:00.0;OFF;ON;50;-4;-4;-1,50;6,50;93,60;111,20;2,50;3,50;97,10;-1,50;-2,60;
2026-06-27 04:48:00.0;OFF;ON;50;-3,70;-4;-1,50;6,50;93,80;111,20;2,20;3,50;99,40;-1,50;-2,60;
2026-06-27 04:49:00.0;OFF;ON;50;-3,20;-4;-1,50;6,40;93,80;111,20;1,70;3,50;100;-1,50;-2,60;
2026-06-27 04:50:00.0;OFF;ON;50;-3,80;-4;-1,50;6,40;93,70;111,20;2,30;3,50;97;-1,40;-2,60;
2026-06-27 04:51:00.0;OFF;ON;50;-3,50;-4;-1,40;6,40;93,80;111,20;2,10;3,50;99,50;-1,40;-2,40;
2026-06-27 04:52:00.0;OFF;ON;50;-3,40;-4;-1,40;6,40;94,10;111,20;2;3,50;100;-1,40;-2,40;
2026-06-27 04:53:00.0;OFF;ON;50;-3,60;-4;-1,40;6,40;94,20;111,20;2,20;3,50;98,50;-1,40;-2,40;
2026-06-27 04:54:00.0;OFF;ON;50;-3,30;-4;-1,40;6,30;94,30;111,20;1,90;3,50;100;-1,40;-2,30;
2026-06-27 04:55:00.0;OFF;ON;50;-3,70;-4;-1,40;6,30;94,30;111,20;2,30;3,50;97,90;-1,40;-2,30;
2026-06-27 04:56:00.0;OFF;ON;50;-3,40;-4;-1,40;6,30;94,40;111,20;2;3,50;99,60;-1,40;-2,30;
2026-06-27 04:57:00.0;OFF;ON;50;-3,50;-4;-1,40;6,30;94,40;111,20;2,10;3,50;99,40;-1,40;-2,30;
2026-06-27 04:58:00.0;OFF;ON;50;-3,40;-4;-1,40;6,20;94,40;111,20;2;3,50;99,60;-1,40;-2,30;
2026-06-27 04:59:00.0;OFF;ON;50;-3,40;-4;-1,40;6,20;94,40;111,20;2;3,50;100;-1,40;-2,30;
2026-06-27 05:00:00.0;OFF;ON;50;-3,40;-4;-1,40;6,20;94,50;111,20;2;3,50;100;-1,40;-2,30;
2026-06-27 05:01:00.0;OFF;ON;50;-3,40;-4;-1,30;6,20;94,40;111,20;2,10;3,50;100;-1,40;-2,30;
2026-06-27 05:02:00.0;OFF;ON;50;-3,40;-4;-1,30;6,20;94,40;111,20;2,20;3,50;99,50;-1,40;-2,30;
2026-06-27 05:03:00.0;OFF;ON;50;-3,40;-4;-1,20;6,20;94,60;111,20;2,20;3,50;100;-1,40;-2,20;
2026-06-27 05:04:00.0;OFF;ON;50;-3,30;-4;-1,20;6,10;94,70;111,20;2,10;3,50;100;-1,40;-2,20;
2026-06-27 05:05:00.0;OFF;ON;50;-3,40;-4;-1,20;6,10;94,70;111,20;2,20;3,50;99,60;-1,40;-2,20;
2026-06-27 05:06:00.0;OFF;ON;50;-3,30;-4;-1,20;6,10;94,80;111,20;2,10;3,50;100;-1,40;-2,20;
2026-06-27 05:07:00.0;OFF;ON;50;-3,30;-4;-1,10;6,10;94,80;111,20;2,20;3,50;99,70;-1,40;-2,20;
2026-06-27 05:08:00.0;OFF;ON;50;-3,40;-4;-1,10;6;94,80;111,20;2,20;3,50;99,30;-1,40;-2,20;
2026-06-27 05:09:00.0;OFF;ON;50;-3,30;-4;-1,20;6;94,70;111,20;2,10;3,50;99,40;-1,40;-2,20;
2026-06-27 05:10:00.0;OFF;ON;50;-3,50;-4;-1,30;6;94,70;111,20;2,30;3,50;98,10;-1,40;-2,20;
2026-06-27 05:11:00.0;OFF;ON;50;-3,40;-4;-1,30;5,90;94,50;111,20;2;3,50;99,40;-1,40;-2,20;
2026-06-27 05:12:00.0;OFF;ON;50;-3,50;-4;-1,30;5,90;94,40;111,20;2,20;3,50;98,60;-1,40;-2,20;
2026-06-27 05:13:00.0;OFF;ON;50;-3,50;-4;-1,30;5,90;94,40;111,20;2,20;3,50;99,10;-1,40;-2,30;
2026-06-27 05:14:00.0;OFF;ON;50;-3,40;-4;-1,20;2,30;94,40;111,20;2,20;3,50;93,30;-1,40;-2,30;
2026-06-27 05:15:00.0;OFF;ON;50;-3,50;-3,10;-1,20;0,80;94,50;24;2,20;3,50;81,90;-1,40;-2,30;
2026-06-27 05:16:00.0;OFF;ON;50;-3,40;-1,70;-1,20;4,90;94,60;0;2,20;3,50;94,30;-1,40;-2,30;
2026-06-27 05:17:00.0;OFF;ON;50;-3,40;-3,60;-1,30;5,20;94,40;0;2,10;3,50;96,30;-1,40;-2,20;
2026-06-27 05:18:00.0;OFF;ON;50;-3,40;-3,70;-1,30;1,90;94,40;0;2,10;3,50;84,40;-1,40;-2,20;
2026-06-27 05:19:00.0;OFF;ON;50;-3,50;-2;-1,30;6;94,40;63,40;2,20;3,50;94,30;-1,40;-2,30;
2026-06-27 05:20:00.0;OFF;ON;50;-3,40;-3,80;-1,30;6,60;94,40;64,80;2,10;3,50;97,90;-1,40;-2,30;
2026-06-27 05:21:00.0;OFF;ON;50;-3,30;-4;-1,40;6,70;94,30;65,10;1,90;3,50;99,40;-1,50;-2,30;
2026-06-27 05:22:00.0;OFF;ON;50;-3,50;-4;-1,40;6,70;94,20;65,10;2,10;3,50;99,20;-1,50;-2,30;
2026-06-27 05:23:00.0;OFF;ON;50;-3,60;-4;-1,40;6,80;94,10;64,80;2,20;3,50;98,50;-1,50;-2,30;
2026-06-27 05:24:00.0;OFF;ON;50;-3,40;-4;-1,40;6,70;94;64,90;1,90;3,50;100;-1,50;-2,30;
2026-06-27 05:25:00.0;OFF;ON;50;-3,60;-4;-1,50;6,70;94;64,80;2,10;3,50;99,30;-1,50;-2,30;
2026-06-27 05:26:00.0;OFF;ON;50;-3,60;-4;-1,50;6,70;94;64,80;2,10;3,50;98,80;-1,50;-2,40;
2026-06-27 05:27:00.0;OFF;ON;50;-3,40;-4;-1,50;6,70;94;64,80;2;3,50;99,70;-1,50;-2,40;
2026-06-27 05:28:00.0;OFF;ON;50;-3,60;-4;-1,50;6,60;93,80;64,80;2,10;3,50;99,20;-1,50;-2,40;
2026-06-27 05:29:00.0;OFF;ON;50;-3,60;-4;-1,50;6,60;93,80;64,80;2,10;3,50;99,20;-1,50;-2,40;
2026-06-27 05:30:00.0;OFF;ON;50;-3,60;-4;-1,50;6,60;93,90;64,80;2,10;3,50;99,50;-1,50;-2,40;
2026-06-27 05:31:00.0;OFF;ON;50;-3,50;-4;-1,50;6,50;93,80;64,80;1,90;3,50;100;-1,50;-2,40;
2026-06-27 05:32:00.0;OFF;ON;50;-3,60;-4;-1,50;6,50;93,90;64,80;2,10;3,50;99,30;-1,50;-2,40;
2026-06-27 05:33:00.0;OFF;ON;50;-3,60;-4;-1,50;6,50;93,90;64,80;2,10;3,50;99,30;-1,50;-2,40;
2026-06-27 05:34:00.0;OFF;ON;50;-3,70;-4;-1,50;6,40;93,90;64,80;2,10;3,50;98,80;-1,50;-2,40;
2026-06-27 05:35:00.0;OFF;ON;50;-3,50;-4;-1,50;6,40;93,90;64,80;2;3,50;99,40;-1,50;-2,40;
2026-06-27 05:36:00.0;OFF;ON;50;-3,70;-4;-1,60;6,40;93,90;64,80;2,10;3,50;98,70;-1,60;-2,40;
2026-06-27 05:37:00.0;OFF;ON;50;-3,60;-4;-1,60;6,40;93,90;64,80;2,10;3,50;98,90;-1,50;-2,40;
2026-06-27 05:38:00.0;OFF;ON;50;-3,60;-4;-1,60;6,30;93,90;64,80;2,10;3,50;99;-1,60;-2,40;
2026-06-27 05:39:00.0;OFF;ON;50;-3,60;-4;-1,60;6,30;93,90;64,80;2;3,50;99,20;-1,60;-2,40;
2026-06-27 05:40:00.0;OFF;ON;50;-3,60;-4;-1,60;6,30;94;64,80;2,10;3,50;99,10;-1,50;-2,40;
2026-06-27 05:41:00.0;OFF;ON;50;-3,50;-4;-1,60;6,20;93,90;64,70;2;3,50;99,70;-1,50;-2,40;
2026-06-27 05:42:00.0;OFF;ON;50;-3,50;-4;-1,60;6,20;93,90;64,80;2;3,50;99,30;-1,50;-2,40;
2026-06-27 05:43:00.0;OFF;ON;50;-3,50;-4;-1,60;6,20;94;64,80;1,90;3,50;100;-1,50;-2,40;
2026-06-27 05:44:00.0;OFF;ON;50;-3,50;-4;-1,60;6,20;94;64,80;1,90;3,50;100;-1,50;-2,40;
2026-06-27 05:45:00.0;OFF;ON;50;-3,50;-4;-1,60;6,10;94;64,80;1,90;3,50;100;-1,60;-2,40;
2026-06-27 05:46:00.0;OFF;ON;50;-3,60;-4;-1,60;6,10;94,10;64,80;2;3,50;99,40;-1,60;-2,40;
2026-06-27 05:47:00.0;OFF;ON;50;-3,60;-4;-1,60;6,10;94;64,70;2;3,50;99,60;-1,60;-2,40;
2026-06-27 05:48:00.0;OFF;ON;50;-3,60;-4;-1,60;6;94;64,80;2;3,50;99,30;-1,60;-2,40;
2026-06-27 05:49:00.0;OFF;ON;50;-3,50;-4;-1,60;6;94;64,80;1,90;3,50;100;-1,50;-2,40;
2026-06-27 05:50:00.0;OFF;ON;50;-3,50;-4;-1,60;6;94;64,80;1,90;3,50;100;-1,60;-2,40;
2026-06-27 05:51:00.0;OFF;ON;50;-3,50;-4;-1,60;6;94;64,80;1,80;3,50;99,50;-1,60;-2,40;
2026-06-27 05:52:00.0;OFF;ON;50;-3,40;-4;-1,60;5,90;94,10;64,80;1,90;3,50;100;-1,50;-2,40;
2026-06-27 05:53:00.0;OFF;ON;50;-3,40;-4;-1,60;5,90;94,10;64,80;1,80;3,50;100;-1,60;-2,40;
2026-06-27 05:54:00.0;OFF;ON;50;-3,40;-4;-1,60;5,90;94,20;64,70;1,80;3,50;100;-1,60;-2,40;
2026-06-27 05:55:00.0;OFF;ON;50;-3,50;-4;-1,60;5,90;94;64,70;1,90;3,50;99,60;-1,60;-2,40;
2026-06-27 05:56:00.0;OFF;ON;50;-3,60;-4;-1,60;5,80;94;64,70;2;3,50;99;-1,60;-2,40;
2026-06-27 05:57:00.0;OFF;ON;50;-3,40;-4;-1,60;5,80;94,10;64,80;1,80;3,50;100;-1,60;-2,40;
2026-06-27 05:58:00.0;OFF;ON;50;-3,40;-4;-1,60;5,80;94;64,70;1,80;3,50;99,40;-1,60;-2,40;
2026-06-27 05:59:00.0;OFF;ON;50;-3,30;-4;-1,60;5,80;94,10;64,90;1,70;3,50;100;-1,60;-2,40;
2026-06-27 06:00:00.0;OFF;ON;50;-3,50;-4;-1,60;5,80;94,10;64,90;1,90;3,50;99,10;-1,60;-2,40;
2026-06-27 06:01:00.0;OFF;ON;50;-3,50;-4;-1,60;5,70;94,10;64,90;1,90;3,50;99,20;-1,60;-2,40;
2026-06-27 06:02:00.0;OFF;ON;50;-3,50;-4;-1,60;5,70;94,10;64,90;1,90;3,50;99,40;-1,60;-2,40;
2026-06-27 06:03:00.0;OFF;ON;50;-3,50;-4;-1,60;5,70;94,10;64,90;1,90;3,50;99,50;-1,60;-2,40;
2026-06-27 06:04:00.0;OFF;ON;50;-3,50;-4;-1,60;5,70;94,10;64,90;1,90;3,50;98,70;-1,60;-2,40;
2026-06-27 06:05:00.0;OFF;ON;50;-3,50;-4;-1,60;5,60;94,10;64,90;1,90;3,50;99,30;-1,60;-2,40;
2026-06-27 06:06:00.0;OFF;ON;50;-3,40;-4;-1,60;5,60;94,20;64,80;1,90;3,50;99,20;-1,60;-2,40;
2026-06-27 06:07:00.0;OFF;ON;50;-3,30;-4;-1,60;5,60;94,10;64,90;1,70;3,50;100;-1,60;-2,40;
2026-06-27 06:08:00.0;OFF;ON;50;-3,50;-4;-1,60;5,60;94,10;64,90;1,90;3,50;99;-1,60;-2,40;
2026-06-27 06:09:00.0;OFF;ON;50;-3,30;-4;-1,60;5,50;94,10;64,90;1,70;3,50;100;-1,60;-2,40;
2026-06-27 06:10:00.0;OFF;ON;50;-3,50;-4;-1,60;5,50;94,10;64,90;1,90;3,50;98,90;-1,60;-2,30;
2026-06-27 06:11:00.0;OFF;ON;50;-3,30;-4;-1,60;5,50;94,20;64,90;1,70;3,50;100;-1,60;-2,30;
2026-06-27 06:12:00.0;OFF;ON;50;-3,50;-4;-1,60;5,50;94,10;64,90;1,90;3,50;98,90;-1,60;-2,40;
2026-06-27 06:13:00.0;OFF;ON;50;-3,30;-4;-1,60;5,40;94,10;64,90;1,70;3,50;100;-1,60;-2,40;
2026-06-27 06:14:00.0;OFF;ON;50;-3,50;-4;-1,60;5,40;94,20;64,90;1,80;3,50;99,20;-1,60;-2,30;
2026-06-27 06:15:00.0;OFF;ON;50;-3,50;-4;-1,60;5,40;94,20;64,80;1,90;3,50;99,10;-1,60;-2,40;
2026-06-27 06:16:00.0;OFF;ON;50;-3,40;-4;-1,60;5,40;94,20;64,90;1,80;3,50;99,10;-1,60;-2,30;
2026-06-27 06:17:00.0;OFF;ON;50;-3,40;-4;-1,60;5,30;94,20;64,90;1,80;3,50;99,20;-1,60;-2,30;
2026-06-27 06:18:00.0;OFF;ON;50;-3,50;-4;-1,60;5,30;94,20;64,80;1,90;3,50;98,60;-1,60;-2,30;
2026-06-27 06:19:00.0;OFF;ON;50;-3,40;-4;-1,60;5,30;94,20;64,90;1,70;3,50;99,50;-1,60;-2,30;
2026-06-27 06:20:00.0;OFF;ON;50;-3,30;-4;-1,60;5,30;94,20;64,90;1,70;3,50;100;-1,60;-2,30;
2026-06-27 06:21:00.0;OFF;ON;50;-3,30;-4;-1,60;5,30;94,20;64,80;1,70;3,50;100;-1,60;-2,30;
2026-06-27 06:22:00.0;OFF;ON;50;-3,50;-4;-1,60;5,20;94,10;64,80;1,90;3,50;98,70;-1,60;-2,30;
2026-06-27 06:23:00.0;OFF;ON;50;-3,40;-4;-1,60;5,20;94,20;64,90;1,80;3,50;99,70;-1,60;-2,30;
2026-06-27 06:24:00.0;OFF;ON;50;-3,40;-4;-1,60;5,20;94,20;64,80;1,80;3,50;99,40;-1,60;-2,30;
2026-06-27 06:25:00.0;OFF;ON;50;-3,30;-4;-1,60;5,20;94,20;64,90;1,70;3,50;100;-1,60;-2,30;
2026-06-27 06:26:00.0;OFF;ON;50;-3,50;-4;-1,60;5,10;94,20;64,80;1,90;3,50;98,50;-1,60;-2,30;
2026-06-27 06:27:00.0;OFF;ON;50;-3,50;-4;-1,60;5,10;94,20;64,90;1,90;3,50;99,20;-1,60;-2,30;
2026-06-27 06:28:00.0;OFF;ON;50;-3,40;-4;-1,60;5,10;94,20;64,80;1,80;3,50;99,20;-1,60;-2,30;
2026-06-27 06:29:00.0;OFF;ON;50;-3,50;-4;-1,60;5,10;94,20;64,80;1,90;3,50;98,80;-1,60;-2,30;
2026-06-27 06:30:00.0;OFF;ON;50;-3,50;-4;-1,60;5;94,10;64,80;1,90;3,50;98,80;-1,60;-2,30;
2026-06-27 06:31:00.0;OFF;ON;50;-3,30;-4;-1,60;5;94,10;64,90;1,70;3,50;100;-1,60;-2,30;
2026-06-27 06:32:00.0;OFF;ON;50;-3,40;-4;-1,60;5;94,20;64,80;1,80;3,50;99;-1,60;-2,30;
2026-06-27 06:33:00.0;OFF;ON;50;-3,30;-4;-1,60;5;94,10;64,80;1,70;3,50;100;-1,60;-2,30;
2026-06-27 06:34:00.0;OFF;ON;50;-3,30;-4;-1,60;5;94,10;64,80;1,70;3,50;100;-1,60;-2,30;
2026-06-27 06:35:00.0;OFF;ON;50;-3,40;-3,90;-1,60;4,90;94,20;64,80;1,80;3,50;99,20;-1,60;-2,30;
2026-06-27 06:36:00.0;OFF;ON;50;-3,40;-3,80;-1,60;4,90;94,20;64,80;1,80;3,50;99;-1,60;-2,30;
2026-06-27 06:37:00.0;OFF;ON;50;-3,40;-3,70;-1,60;4,90;94,20;64,80;1,80;3,50;99,10;-1,60;-2,30;
2026-06-27 06:38:00.0;OFF;ON;50;-3,40;-3,70;-1,60;4,90;94,20;64,80;1,80;3,50;99;-1,60;-2,30;
2026-06-27 06:39:00.0;OFF;ON;50;-3,30;-3,60;-1,60;4,90;94,20;64,90;1,70;3,50;99,40;-1,60;-2,30;
2026-06-27 06:40:00.0;OFF;ON;50;-3,40;-3,50;-1,60;4,90;94,20;64,90;1,80;3,50;98,70;-1,60;-2,30;
2026-06-27 06:41:00.0;OFF;ON;50;-3,40;-3,40;-1,60;4,80;94,20;64,80;1,80;3,50;97,30;-1,60;-2,30;
2026-06-27 06:42:00.0;OFF;ON;50;-3,40;-3,30;-1,60;4,80;94,10;64,90;1,80;3,50;96,40;-1,60;-2,40;
2026-06-27 06:43:00.0;OFF;ON;50;-3,50;-3,20;-1,60;4,80;94,20;64,80;1,90;3,50;94,60;-1,60;-2,40;
2026-06-27 06:44:00.0;OFF;ON;50;-3,40;-3,10;-1,60;4,80;94,10;64,90;1,80;3,50;93,60;-1,60;-2,40;
2026-06-27 06:45:00.0;OFF;ON;50;-3,50;-3;-1,60;4,80;94,10;64,90;1,80;3,50;92,70;-1,60;-2,40;
2026-06-27 06:46:00.0;OFF;ON;50;-3,40;-2,90;-1,70;4,80;94,20;64,80;1,80;3,50;90,10;-1,60;-2,40;
2026-06-27 06:47:00.0;OFF;ON;50;-3,40;-2,80;-1,70;4,70;94,20;64,80;1,80;3,50;88,60;-1,60;-2,40;
2026-06-27 06:48:00.0;OFF;ON;50;-3,40;-2,70;-1,70;4,70;94,30;64,80;1,80;3,50;85,60;-1,60;-2,40;
2026-06-27 06:49:00.0;OFF;ON;50;-3,50;-2,50;-1,70;4,70;94,30;64,80;1,80;3,50;83;-1,60;-2,40;
2026-06-27 06:50:00.0;OFF;ON;50;-3,50;-2,40;-1,70;4,70;94,20;64,80;1,90;3,50;78,80;-1,60;-2,30;
2026-06-27 06:51:00.0;OFF;ON;50;-3,40;-2,30;-1,70;4,70;94,20;64,80;1,80;3,50;77;-1,60;-2,30;
2026-06-27 06:52:00.0;OFF;ON;50;-3,60;-2,20;-1,70;4,70;94,20;64,80;1,90;3,50;73,70;-1,60;-2,30;
2026-06-27 06:53:00.0;OFF;ON;50;-3,50;-1,90;-1,70;4,60;94,30;64,80;1,90;3,50;69,60;-1,60;-2,30;
2026-06-27 06:54:00.0;OFF;ON;50;-3,50;-1,70;-1,60;4,60;94,30;64,80;1,90;3,50;64,10;-1,60;-2,30;
2026-06-27 06:55:00.0;OFF;ON;50;-2,90;-1,60;-1,60;4,60;94,40;64,80;1,30;3,50;64,90;-1,60;-2,30;
2026-06-27 06:56:00.0;OFF;ON;50;-3;-1,50;-1,60;4,60;94,40;64,80;1,40;3,50;60,80;-1,60;-2,20;
2026-06-27 06:57:00.0;OFF;ON;50;-2,80;-1,30;-1,60;4,60;94,40;64,80;1,20;3,50;57,90;-1,50;-2,10;
2026-06-27 06:58:00.0;OFF;ON;50;-2,60;-1,10;-1,50;4,60;94,60;64,80;1,10;3,50;54,80;-1,50;-2;
2026-06-27 06:59:00.0;OFF;ON;50;-2,40;-0,90;-1,50;4,50;94,70;64,80;0,90;3,50;51,60;-1,50;-2;
2026-06-27 07:00:00.0;OFF;ON;50;-2,20;-0,70;-1,40;4,50;94,90;64,80;0,80;3,50;47,70;-1,40;-1,80;
2026-06-27 07:01:00.0;OFF;ON;50;-2,20;-0,60;-1,40;4,50;95;64,80;0,80;3,50;45,10;-1,40;-1,80;
2026-06-27 07:02:00.0;OFF;ON;50;-1,90;-0,30;-1,30;4,50;95,30;64,80;0,50;3,50;41,20;-1,30;-1,60;
2026-06-27 07:03:00.0;OFF;ON;50;-1,60;-0,10;-1,30;4,50;95,40;64,80;0,30;3,50;38,90;-1,30;-1,50;
2026-06-27 07:04:00.0;OFF;ON;50;-1,50;0,10;-1,20;4,50;95,60;64,70;0,30;3,50;34,90;-1,20;-1,40;
2026-06-27 07:05:00.0;OFF;ON;50;-1,10;0,40;-1,10;4,50;95,70;64,80;0;3,50;32,10;-1,10;-1,20;
2026-06-27 07:06:00.0;OFF;ON;50;-1,10;0,60;-1;4,40;96;64,80;0,10;3,50;28,20;-1,10;-1;
2026-06-27 07:07:00.0;OFF;ON;50;-1;0,90;-0,90;4,40;96,30;64,70;0;3,50;23,50;-1;-0,90;
2026-06-27 07:08:00.0;OFF;ON;50;-0,80;1,20;-0,80;4,40;96,60;64,70;-0,10;3,50;20;-0,90;-0,80;
2026-06-27 07:09:00.0;OFF;ON;50;-0,60;1,40;-0,80;4,40;96,70;64,80;-0,20;3,50;20;-0,80;-0,60;
2026-06-27 07:10:00.0;OFF;ON;50;-0,40;1,60;-0,70;4,40;97;64,70;-0,20;3,50;20;-0,80;-0,50;
2026-06-27 07:11:00.0;OFF;ON;50;-0,30;1,90;-0,60;4,40;97,10;64,70;-0,30;3,50;20;-0,70;-0,40;
2026-06-27 07:12:00.0;OFF;ON;50;0;2;-0,50;4,40;97,30;64,80;-0,50;3,50;20;-0,60;-0,30;
2026-06-27 07:13:00.0;OFF;ON;50;0;2,10;-0,40;4,40;97,60;64,70;-0,40;3,50;20;-0,50;-0,20;
2026-06-27 07:14:00.0;OFF;ON;50;0,10;2,20;-0,30;4,40;97,80;64,50;-0,40;3,50;20;-0,50;0;
2026-06-27 07:15:00.0;OFF;ON;50;0,30;2,30;-0,20;4,30;97,80;64,40;-0,50;3,50;20;-0,40;0,10;
2026-06-27 07:16:00.0;OFF;ON;50;0,30;2,30;-0,20;4,30;98;64,60;-0,40;3,50;20;-0,40;0,20;
2026-06-27 07:17:00.0;OFF;ON;50;0,40;2,40;-0,10;4,30;98,10;64,60;-0,50;3,50;20;-0,30;0,20;
2026-06-27 07:18:00.0;OFF;ON;50;0,40;2,40;-0,10;4,30;98,10;64,60;-0,50;3,50;20;-0,30;0,20;
2026-06-27 07:19:00.0;OFF;ON;50;0,30;2,40;-0,10;4,30;98,10;64,50;-0,40;3,50;20;-0,30;0,20;
2026-06-27 07:20:00.0;OFF;ON;50;0,50;2,40;-0,10;4,30;98,10;64,50;-0,60;3,50;20;-0,30;0,30;
2026-06-27 07:21:00.0;OFF;ON;50;0,40;2,50;0;4,20;98,10;64,50;-0,40;3,50;20;-0,30;0,30;
2026-06-27 07:22:00.0;OFF;ON;50;0,40;2,50;0;4,20;98,10;64,50;-0,40;3,50;20;-0,20;0,30;
2026-06-27 07:23:00.0;OFF;ON;50;0,40;2,50;0;4,20;98,20;64,50;-0,40;3,50;20;-0,20;0,30;
2026-06-27 07:24:00.0;OFF;ON;50;0,40;2,50;0;4,20;98,10;64,50;-0,40;3,50;20;-0,20;0,30;
2026-06-27 07:25:00.0;OFF;ON;50;0,50;2,50;0;4,20;98,20;64,50;-0,40;3,50;20;-0,20;0,30;
2026-06-27 07:26:00.0;OFF;ON;50;0,50;2,50;0;4,20;98,20;64,40;-0,50;3,50;20;-0,20;0,30;
2026-06-27 07:27:00.0;OFF;ON;50;0,60;2,50;0;4,20;98,20;64;-0,50;3,50;20;-0,20;0,30;
2026-06-27 07:28:00.0;OFF;ON;50;0,40;2,50;0;4,10;98,10;64,40;-0,40;3,50;20;-0,20;0,30;
2026-06-27 07:29:00.0;OFF;ON;50;0,50;2,50;0;4,10;98,10;63,90;-0,40;3,50;20;-0,20;0,30;
2026-06-27 07:30:00.0;OFF;ON;50;0,50;2,50;0;4,10;98,10;64,10;-0,40;3,50;20;-0,20;0,30;
2026-06-27 07:31:00.0;OFF;ON;50;0,50;2,50;0;4,10;98,10;64,10;-0,40;3,50;20;-0,20;0,30;
2026-06-27 07:32:00.0;OFF;ON;50;0,50;2,50;0;4,10;98,10;63,90;-0,50;3,50;20;-0,20;0,30;
2026-06-27 07:33:00.0;OFF;ON;50;0,50;2,50;0;4;98;64,10;-0,50;3,50;20;-0,20;0,30;
2026-06-27 07:34:00.0;OFF;ON;50;0,40;2,50;0;4;98;64,10;-0,40;3,50;20;-0,20;0,30;
2026-06-27 07:35:00.0;OFF;ON;50;0,50;2,50;0;4;97,90;64,10;-0,50;3,50;20;-0,20;0,30;
2026-06-27 07:36:00.0;OFF;ON;50;0,40;2,50;0;4;97,90;64,10;-0,40;3,50;20;-0,20;0,30;
2026-06-27 07:37:00.0;OFF;ON;50;0,50;2,50;0;4;97,90;64,10;-0,50;3,50;20;-0,20;0,30;
2026-06-27 07:38:00.0;OFF;ON;50;0,50;2,50;0;4;97,80;64,10;-0,50;3,50;20;-0,20;0,30;
2026-06-27 07:39:00.0;OFF;ON;50;0,40;2,50;0;3,90;97,80;64,10;-0,40;3,50;20;-0,20;0,30;
2026-06-27 07:40:00.0;OFF;ON;50;0,50;2,50;0;3,90;97,80;64,10;-0,50;3,50;20;-0,20;0,30;
2026-06-27 07:41:00.0;OFF;ON;50;0,50;2,50;0;3,90;97,80;64,20;-0,50;3,50;20;-0,10;0,30;
2026-06-27 07:42:00.0;OFF;ON;50;0,60;2,50;0;3,90;97,80;64,10;-0,60;3,50;20;-0,10;0,30;
2026-06-27 07:43:00.0;OFF;ON;50;0,60;2,50;0;3,90;97,70;64,10;-0,60;3,50;20;-0,10;0,30;
2026-06-27 07:44:00.0;OFF;ON;50;0,40;2,50;0;3,90;97,70;64,10;-0,40;3,50;20;-0,10;0,30;
2026-06-27 07:45:00.0;OFF;ON;50;0,50;2,50;0;3,90;97,70;64,10;-0,50;3,50;20;-0,10;0,30;
2026-06-27 07:46:00.0;OFF;ON;50;0,40;2,50;0;3,80;97,70;64,10;-0,40;3,50;20;-0,10;0,30;
2026-06-27 07:47:00.0;OFF;ON;50;0,50;2,50;0;3,80;97,70;64,10;-0,40;3,50;20;-0,10;0,30;
2026-06-27 07:48:00.0;OFF;ON;50;0,50;2,50;0;3,80;97,70;64,10;-0,50;3,50;20;-0,10;0,30;
2026-06-27 07:49:00.0;OFF;ON;50;0,60;2,50;0;3,80;97,60;64,10;-0,50;3,50;20;-0,10;0,30;
2026-06-27 07:50:00.0;OFF;ON;50;0,50;2,50;0;3,80;97,60;64;-0,50;3,50;20;-0,10;0,30;
2026-06-27 07:51:00.0;OFF;ON;50;0,60;2,50;0;3,80;97,60;64,10;-0,60;3,50;20;-0,10;0,30;
2026-06-27 07:52:00.0;OFF;ON;50;0,50;2,50;0;3,70;97,50;64;-0,40;3,50;20;-0,10;0,30;
2026-06-27 07:53:00.0;OFF;ON;50;0,60;2,50;0;3,70;97,50;64;-0,50;3,50;20;-0,10;0,30;
2026-06-27 07:54:00.0;OFF;ON;50;0,50;2,50;0;3,70;97,50;64,10;-0,40;3,50;20;-0,10;0,30;
2026-06-27 07:55:00.0;OFF;ON;50;0,60;2,50;0;3,70;97,50;64,10;-0,50;3,50;20;-0,10;0,30;
2026-06-27 07:56:00.0;OFF;ON;50;0,50;2,60;0,10;3,70;97,50;64;-0,40;3,50;20;-0,10;0,30;
2026-06-27 07:57:00.0;OFF;ON;50;0,50;2,60;0,10;3,70;97,50;64,10;-0,40;3,50;20;-0,10;0,30;
2026-06-27 07:58:00.0;OFF;ON;50;0,50;2,60;0,10;3,60;97,50;64,10;-0,40;3,50;20;-0,10;0,30;
2026-06-27 07:59:00.0;OFF;ON;50;0,60;2,60;0,10;3,60;97,40;64;-0,60;3,50;20;-0,10;0,30;
2026-06-27 08:00:00.0;OFF;ON;50;0,70;2,60;0,10;3,60;97,40;64;-0,60;3,50;20;-0,10;0,30;
2026-06-27 08:01:00.0;OFF;ON;50;0,60;2,60;0,10;3,60;97,50;64;-0,50;3,50;20;-0,10;0,30;
2026-06-27 08:02:00.0;OFF;ON;50;0,60;2,60;0,10;3,60;97,50;64;-0,60;3,50;20;-0,10;0,30;
2026-06-27 08:03:00.0;OFF;ON;50;0,60;2,60;0,10;3,60;97,40;64;-0,50;3,50;20;-0,10;0,30;
2026-06-27 08:04:00.0;OFF;ON;50;0,60;2,60;0,10;3,60;97,40;64;-0,50;3,50;20;-0,10;0,30;
2026-06-27 08:05:00.0;OFF;ON;50;0,70;2,60;0,10;3,50;97,40;64;-0,60;3,50;20;-0,10;0,30;
2026-06-27 08:06:00.0;OFF;ON;50;0,70;2,60;0,10;3,50;97,40;64;-0,60;3,50;20;-0,10;0,30;
2026-06-27 08:07:00.0;OFF;ON;50;0,70;2,60;0,10;3,50;97,40;65;-0,60;3,50;20;-0,10;0,30;
2026-06-27 08:08:00.0;OFF;ON;50;0,80;2,70;0,20;3,50;97,40;63,80;-0,60;3,50;20;-0,10;0,30;
2026-06-27 08:09:00.0;OFF;ON;50;0,80;2,70;0,20;3,50;97,50;63,50;-0,60;3,50;20;0;0,30;
2026-06-27 08:10:00.0;OFF;ON;50;0,80;2,70;0,20;3,50;97,50;63,80;-0,70;3,50;20;-0,10;0,30;
2026-06-27 08:11:00.0;OFF;ON;50;0,70;2,60;0,10;3,40;97,40;63,70;-0,60;3,50;20;0;0,30;
2026-06-27 08:12:00.0;OFF;ON;50;0,80;2,60;0,10;3,40;97,40;63,70;-0,70;3,50;20;0;0,30;
2026-06-27 08:13:00.0;OFF;ON;50;0,80;2,60;0,10;3,40;97,40;63,70;-0,60;3,50;20;0;0,30;
2026-06-27 08:14:00.0;OFF;ON;50;0,90;2,60;0,10;3,40;97,40;63,70;-0,70;3,50;20;0;0,30;
2026-06-27 08:15:00.0;OFF;ON;50;0,70;2,60;0,10;3,40;97,40;63,70;-0,60;3,50;20;0;0,30;
2026-06-27 08:16:00.0;OFF;ON;50;0,80;2,60;0,10;3,40;97,40;63,70;-0,70;3,50;20;0;0,30;
2026-06-27 08:17:00.0;OFF;ON;50;0,80;2,60;0,10;3,30;97,40;63,70;-0,60;3,50;20;0;0,30;
2026-06-27 08:18:00.0;OFF;ON;50;0,80;2,60;0,10;3,30;97,40;63,60;-0,70;3,50;20;0;0,30;
2026-06-27 08:19:00.0;OFF;ON;50;0,80;2,70;0,20;3,30;97,40;63,70;-0,70;3,50;20;0;0,30;
2026-06-27 08:20:00.0;OFF;ON;50;0,80;2,70;0,20;3,30;97,40;63,70;-0,70;3,50;20;0;0,30;
2026-06-27 08:21:00.0;OFF;ON;50;0,80;2,70;0,20;3,30;97,50;63,70;-0,60;3,50;20;0;0,30;
2026-06-27 08:22:00.0;OFF;ON;50;0,80;2,70;0,20;3,30;97,40;63,70;-0,70;3,50;20;0;0,30;
2026-06-27 08:23:00.0;OFF;ON;50;0,80;2,70;0,20;3,20;97,40;63,70;-0,70;3,50;20;0;0,30;
2026-06-27 08:24:00.0;OFF;ON;50;0,90;2,70;0,20;3,20;97,40;63,70;-0,70;3,50;20;0;0,40;
2026-06-27 08:25:00.0;OFF;ON;50;0,90;2,70;0,20;3,20;97,40;63,70;-0,70;3,50;20;0;0,40;
2026-06-27 08:26:00.0;OFF;ON;50;0,90;2,70;0,20;3,20;97,40;63,70;-0,70;3,50;20;0;0,40;
2026-06-27 08:27:00.0;OFF;ON;50;1;2,70;0,20;3,20;97,40;63,60;-0,70;3,50;20;0;0,40;
2026-06-27 08:28:00.0;OFF;ON;50;1;2,70;0,20;3,20;97,40;63,60;-0,80;3,50;20;0,10;0,40;
2026-06-27 08:29:00.0;OFF;ON;50;1;2,80;0,30;3,20;97,40;63,70;-0,70;3,50;20;0,10;0,40;
2026-06-27 08:30:00.0;OFF;ON;50;1;2,80;0,30;3,10;97,50;63,70;-0,70;3,50;20;0,10;0,40;
2026-06-27 08:31:00.0;OFF;ON;50;1;2,80;0,30;3,10;97,40;63,60;-0,70;3,50;20;0,10;0,50;
2026-06-27 08:32:00.0;OFF;ON;50;1,10;2,80;0,30;3,10;97,50;63,70;-0,80;3,50;20;0,10;0,50;
2026-06-27 08:33:00.0;OFF;ON;50;1,20;2,80;0,30;3,10;97,50;63,60;-0,90;3,50;20;0,10;0,50;
2026-06-27 08:34:00.0;OFF;ON;50;1,10;2,80;0,30;3,10;97,50;63,60;-0,80;3,50;20;0,20;0,60;
2026-06-27 08:35:00.0;OFF;ON;50;1,20;2,90;0,40;3,10;97,50;63,60;-0,90;3,50;20;0,20;0,70;
2026-06-27 08:36:00.0;OFF;ON;50;1,20;2,90;0,40;3,10;97,50;63,60;-0,80;3,50;20;0,20;0,80;
2026-06-27 08:37:00.0;OFF;ON;50;1,30;3;0,50;3;97,70;63,60;-0,80;3,50;20;0,30;1;
2026-06-27 08:38:00.0;OFF;ON;50;1,30;3;0,50;3;97,80;63,60;-0,80;3,50;20;0,30;1,10;
2026-06-27 08:39:00.0;OFF;ON;50;1,50;3,10;0,60;3;97,90;63,60;-0,90;3,50;20;0,40;1,20;
2026-06-27 08:40:00.0;OFF;ON;50;1,60;3,20;0,70;3;97,90;63,60;-1;3,50;20;0,50;1,30;
2026-06-27 08:41:00.0;OFF;ON;50;1,60;3,20;0,70;3;98;63,60;-0,90;3,50;20;0,50;1,30;
2026-06-27 08:42:00.0;OFF;ON;50;1,70;3,30;0,80;3;98;63,60;-0,90;3,50;20;0,60;1,40;
2026-06-27 08:43:00.0;OFF;ON;50;1,80;3,30;0,80;3;98,20;63,60;-1;3,50;20;0,60;1,50;
2026-06-27 08:44:00.0;OFF;ON;50;1,80;3,40;0,90;2,90;98,20;63,60;-0,90;3,50;20;0,70;1,50;
2026-06-27 08:45:00.0;OFF;ON;50;1,80;3,40;0,90;2,90;98,20;63,60;-0,90;3,50;20;0,70;1,60;
2026-06-27 08:46:00.0;OFF;ON;50;1,80;3,40;0,90;2,90;98,20;63,60;-0,90;3,50;20;0,70;1,60;
2026-06-27 08:47:00.0;OFF;ON;50;2;3,50;1;2,90;98,20;63,60;-1;3,50;20;0,80;1,70;
2026-06-27 08:48:00.0;OFF;ON;50;2;3,50;1;2,90;98,20;63,60;-1;3,50;20;0,80;1,70;
2026-06-27 08:49:00.0;OFF;ON;50;2;3,60;1,10;2,90;98,20;63,60;-0,90;3,50;20;0,90;1,80;
2026-06-27 08:50:00.0;OFF;ON;50;2;3,60;1,10;2,90;98,20;63,60;-0,90;3,50;20;0,90;1,80;
2026-06-27 08:51:00.0;OFF;ON;50;2,20;3,60;1,10;2,90;98,20;63,60;-1;3,50;20;0,90;1,90;
2026-06-27 08:52:00.0;OFF;ON;50;2,20;3,70;1,20;2,80;98,20;63,60;-1;3,50;20;0,90;1,90;
2026-06-27 08:53:00.0;OFF;ON;50;2,10;3,70;1,20;2,80;98,20;63,60;-0,90;3,50;20;1;1,90;
2026-06-27 08:54:00.0;OFF;ON;50;2,10;3,70;1,20;2,80;98,20;63,50;-0,90;3,50;20;1;2;
2026-06-27 08:55:00.0;OFF;ON;50;2,30;3,80;1,30;2,80;98,20;63,50;-1;3,50;20;1,10;2;
2026-06-27 08:56:00.0;OFF;ON;50;2,40;3,80;1,30;2,80;98,20;63,60;-1,10;3,50;20;1,10;2;
2026-06-27 08:57:00.0;OFF;ON;50;2,20;3,80;1,30;2,80;98,20;63,60;-0,90;3,50;20;1,10;2;
2026-06-27 08:58:00.0;OFF;ON;50;2,30;3,80;1,30;2,80;98,20;63,60;-1;3,50;20;1,10;2,10;
2026-06-27 08:59:00.0;OFF;ON;50;2,30;3,90;1,40;2,70;98,20;63,60;-0,90;3,50;20;1,20;2,10;
2026-06-27 09:00:00.0;OFF;ON;50;2,30;3,90;1,40;2,70;98,20;63,50;-0,90;3,50;20;1,20;2,10;
2026-06-27 09:01:00.0;OFF;ON;50;2,20;3,90;1,40;2,70;98,20;63,60;-0,90;3,50;20;1,20;2,10;
2026-06-27 09:02:00.0;OFF;ON;50;2,10;3,90;1,40;2,70;98,20;63,60;-0,70;3,50;20;1,20;2;
2026-06-27 09:03:00.0;OFF;ON;50;2,20;3,90;1,40;2,70;98,20;63,60;-0,80;3,50;20;1,20;2;
2026-06-27 09:04:00.0;OFF;ON;50;2,20;3,90;1,40;2,70;98,20;63,50;-0,80;3,50;20;1,20;2;
2026-06-27 09:05:00.0;OFF;ON;50;2,10;3,90;1,40;2,60;98,20;63,50;-0,70;3,50;20;1,20;2;
2026-06-27 09:06:00.0;OFF;ON;50;2,20;3,90;1,40;2,60;98,20;63,60;-0,80;3,50;20;1,20;2;
2026-06-27 09:07:00.0;OFF;ON;50;2,20;3,90;1,40;2,60;98,20;63,50;-0,80;3,50;20;1,20;2;
2026-06-27 09:08:00.0;OFF;ON;50;2,20;3,90;1,40;2,60;98,20;63,50;-0,80;3,50;20;1,20;2;
2026-06-27 09:09:00.0;OFF;ON;50;2,20;3,90;1,40;2,60;98,20;63,60;-0,80;3,50;20;1,20;2;
2026-06-27 09:10:00.0;OFF;ON;50;2,10;3,90;1,40;2,60;98,20;63,50;-0,60;3,50;20;1,20;2;
2026-06-27 09:11:00.0;OFF;ON;50;2,20;3,90;1,40;2,60;98,20;63,50;-0,70;3,50;20;1,20;2;
2026-06-27 09:12:00.0;OFF;ON;50;2,10;3,90;1,40;2,60;98,20;63,50;-0,60;3,50;20;1,20;2;
2026-06-27 09:13:00.0;OFF;ON;50;2,10;3,90;1,40;2,50;98,20;63,50;-0,70;3,50;20;1,20;2;
2026-06-27 09:14:00.0;OFF;ON;50;2,30;3,90;1,40;2,50;98,20;63,50;-0,80;3,50;20;1,30;2;
2026-06-27 09:15:00.0;OFF;ON;50;2,20;4;1,50;2,50;98,20;63,50;-0,70;3,50;20;1,30;2,10;
2026-06-27 09:16:00.0;OFF;ON;50;2,30;4;1,50;2,50;98,20;63,60;-0,90;3,50;20;1,30;2,10;
2026-06-27 09:17:00.0;OFF;ON;50;2,30;4;1,50;2,50;98,20;63,50;-0,80;3,50;20;1,30;2,10;
2026-06-27 09:18:00.0;OFF;ON;50;2,20;4;1,50;2,50;98,20;63,50;-0,70;3,50;20;1,30;2,20;
2026-06-27 09:19:00.0;OFF;ON;50;2,30;4;1,50;2,50;98,20;63,50;-0,80;3,50;20;1,30;2,20;
2026-06-27 09:20:00.0;OFF;ON;50;2,30;4;1,50;2,50;98,20;63,50;-0,70;3,50;20;1,40;2,10;
2026-06-27 09:21:00.0;OFF;ON;50;2,20;4;1,50;2,40;98,20;63,50;-0,60;3,50;20;1,40;2,10;
2026-06-27 09:22:00.0;OFF;ON;50;2,20;4;1,50;2,40;98,20;63,50;-0,70;3,50;20;1,40;2,10;
2026-06-27 09:23:00.0;OFF;ON;50;2,20;4,10;1,60;2,40;98,20;63,50;-0,70;3,50;20;1,40;2,20;
2026-06-27 09:24:00.0;OFF;ON;50;2,20;4,10;1,60;2,40;98,20;63,50;-0,60;3,50;20;1,40;2,20;
2026-06-27 09:25:00.0;OFF;ON;50;2,20;4,10;1,60;2,40;98,20;63,50;-0,70;3,50;20;1,40;2,20;
2026-06-27 09:26:00.0;OFF;ON;50;2,30;4,10;1,60;2,40;98,20;63,50;-0,70;3,50;20;1,40;2,20;
2026-06-27 09:27:00.0;OFF;ON;50;2,40;4,10;1,60;2,40;98,20;63,50;-0,80;3,50;20;1,40;2,20;
2026-06-27 09:28:00.0;OFF;ON;50;2,40;4,10;1,60;2,30;98,20;63,50;-0,80;3,50;20;1,40;2,20;
2026-06-27 09:29:00.0;OFF;ON;50;2,50;4,10;1,60;2,30;98,20;63,50;-0,90;3,50;20;1,50;2,20;
2026-06-27 09:30:00.0;OFF;ON;50;2,50;4,10;1,60;2,30;98,20;63,50;-0,80;3,50;20;1,50;2,30;
2026-06-27 09:31:00.0;OFF;ON;50;2,40;4,20;1,70;2,30;98,20;63,50;-0,70;3,50;20;1,50;2,30;
2026-06-27 09:32:00.0;OFF;ON;50;2,40;4,20;1,70;2,30;98,20;63,50;-0,70;3,50;20;1,50;2,30;
2026-06-27 09:33:00.0;OFF;ON;50;2,50;4,20;1,70;2,30;98,20;63,50;-0,80;3,50;20;1,50;2,30;
2026-06-27 09:34:00.0;OFF;ON;50;2,50;4,20;1,70;2,30;98,20;63,50;-0,80;3,50;20;1,50;2,30;
2026-06-27 09:35:00.0;OFF;ON;50;2,60;4,20;1,70;2,30;98,20;63,50;-0,80;3,50;20;1,60;2,40;
2026-06-27 09:36:00.0;OFF;ON;50;2,40;4,20;1,70;2,20;98,20;63,50;-0,70;3,50;20;1,60;2,40;
2026-06-27 09:37:00.0;OFF;ON;50;2,40;4,20;1,70;2,20;98,20;63,50;-0,60;3,50;20;1,60;2,40;
2026-06-27 09:38:00.0;OFF;ON;50;2,40;4,30;1,80;2,20;98,20;63,50;-0,70;3,50;20;1,60;2,40;
2026-06-27 09:39:00.0;OFF;ON;50;2,50;4,30;1,80;2,20;98,20;63,50;-0,70;3,50;20;1,60;2,40;
2026-06-27 09:40:00.0;OFF;ON;50;2,40;4,30;1,80;2,20;98,20;63,50;-0,60;3,50;20;1,60;2,40;
2026-06-27 09:41:00.0;OFF;ON;50;2,50;4,30;1,80;2,20;98,20;63,50;-0,70;3,50;20;1,60;2,40;
2026-06-27 09:42:00.0;OFF;ON;50;2,40;4,30;1,80;2,20;98,20;63,50;-0,60;3,50;20;1,60;2,40;
2026-06-27 09:43:00.0;OFF;ON;50;2,50;4,30;1,80;2,20;98,20;63,50;-0,70;3,50;20;1,60;2,40;
2026-06-27 09:44:00.0;OFF;ON;50;2,40;4,30;1,80;2,20;98,20;63,50;-0,60;3,50;20;1,60;2,40;
2026-06-27 09:45:00.0;OFF;ON;50;2,50;4,30;1,80;2,10;98,20;63,50;-0,70;3,50;20;1,60;2,40;
2026-06-27 09:46:00.0;OFF;ON;50;2,40;4,30;1,80;2,10;98,20;63,50;-0,60;3,50;20;1,70;2,40;
2026-06-27 09:47:00.0;OFF;ON;50;2,60;4,30;1,80;2,10;98,20;63,50;-0,80;3,50;20;1,70;2,40;
2026-06-27 09:48:00.0;OFF;ON;50;2,50;4,30;1,80;2,10;98,20;63,50;-0,70;3,50;20;1,70;2,40;
2026-06-27 09:49:00.0;OFF;ON;50;2,50;4,30;1,80;2,10;98,20;63,50;-0,70;3,50;20;1,70;2,40;
2026-06-27 09:50:00.0;OFF;ON;50;2,60;4,40;1,90;2,10;98,20;63,50;-0,80;3,50;20;1,70;2,50;
2026-06-27 09:51:00.0;OFF;ON;50;2,50;4,40;1,90;2,10;98,20;63,50;-0,70;3,50;20;1,70;2,50;
2026-06-27 09:52:00.0;OFF;ON;50;2,60;4,40;1,90;2,10;98,20;63,50;-0,70;3,50;20;1,70;2,50;
2026-06-27 09:53:00.0;OFF;ON;50;2,60;4,40;1,90;2;98,20;63,50;-0,70;3,50;20;1,80;2,50;
2026-06-27 09:54:00.0;OFF;ON;50;2,60;4,40;1,90;2;98,20;63,50;-0,70;3,50;20;1,80;2,50;
2026-06-27 09:55:00.0;OFF;ON;50;2,70;4,40;1,90;2;98,20;63,50;-0,80;3,50;20;1,80;2,50;
2026-06-27 09:56:00.0;OFF;ON;50;2,60;4,50;2;2;98,20;63,50;-0,70;3,50;20;1,80;2,60;
2026-06-27 09:57:00.0;OFF;ON;50;2,70;4,50;2;2;98,20;63,50;-0,80;3,50;20;1,80;2,60;
2026-06-27 09:58:00.0;OFF;ON;50;2,60;4,50;2;2;98,20;63,50;-0,60;3,50;20;1,80;2,60;
2026-06-27 09:59:00.0;OFF;ON;50;2,70;4,50;2;2;98,20;63,50;-0,70;3,50;20;1,80;2,60;
2026-06-27 10:00:00.0;OFF;ON;50;2,60;4,50;2;2;98,30;63,50;-0,60;3,50;20;1,80;2,60;
2026-06-27 10:01:00.0;OFF;ON;50;2,60;4,50;2;2;98,20;63,50;-0,60;3,50;20;1,80;2,50;
2026-06-27 10:02:00.0;OFF;ON;50;2,70;4,50;2;1,90;98,20;63,50;-0,70;3,50;20;1,80;2,50;
2026-06-27 10:03:00.0;OFF;ON;50;2,60;4,50;2;1,90;98,30;63,50;-0,60;3,50;20;1,80;2,50;
2026-06-27 10:04:00.0;OFF;ON;50;2,60;4,50;2;1,90;98,30;63,50;-0,60;3,50;20;1,80;2,50;
2026-06-27 10:05:00.0;OFF;ON;50;2,60;4,50;2;1,90;98,30;63,50;-0,60;3,50;20;1,80;2,50;
2026-06-27 10:06:00.0;OFF;ON;50;2,60;4,50;2;1,90;98,30;63,40;-0,60;3,50;20;1,90;2,50;
2026-06-27 10:07:00.0;OFF;ON;50;2,70;4,50;2;1,90;98,30;63,50;-0,70;3,50;20;1,90;2,50;
2026-06-27 10:08:00.0;OFF;ON;50;2,80;4,50;2;1,90;98,30;63,50;-0,80;3,50;20;1,90;2,60;
2026-06-27 10:09:00.0;OFF;ON;50;2,70;4,50;2;1,90;98,30;63,40;-0,70;3,50;20;1,90;2,60;
2026-06-27 10:10:00.0;OFF;ON;50;2,70;4,50;2;1,90;98,30;63,50;-0,70;3,50;20;1,90;2,60;
2026-06-27 10:11:00.0;OFF;ON;50;2,80;4,60;2,10;1,80;98,30;63,40;-0,80;3,50;20;1,90;2,60;
2026-06-27 10:12:00.0;OFF;ON;50;2,80;4,60;2,10;1,80;98,30;63,50;-0,70;3,50;20;1,90;2,70;
2026-06-27 10:13:00.0;OFF;ON;50;2,70;4,60;2,10;1,80;98,30;63,40;-0,60;3,50;20;1,90;2,60;
2026-06-27 10:14:00.0;OFF;ON;50;2,70;4,60;2,10;1,80;98,30;63,40;-0,60;3,50;20;1,90;2,60;
2026-06-27 10:15:00.0;OFF;ON;50;2,70;4,60;2,10;1,80;98,30;63,40;-0,60;3,50;20;1,90;2,60;
2026-06-27 10:16:00.0;OFF;ON;50;2,80;4,60;2,10;1,80;98,30;63,50;-0,70;3,50;20;1,90;2,60;
2026-06-27 10:17:00.0;OFF;ON;50;2,80;4,60;2,10;1,80;98,30;63,40;-0,70;3,50;20;1,90;2,60;
2026-06-27 10:18:00.0;OFF;ON;50;2,60;4,60;2,10;1,80;98,30;63,50;-0,60;3,50;20;2;2,60;
2026-06-27 10:19:00.0;OFF;ON;50;2,80;4,60;2,10;1,80;98,30;63,40;-0,70;3,50;20;1,90;2,60;
2026-06-27 10:20:00.0;OFF;ON;50;2,70;4,60;2,10;1,80;98,30;63,40;-0,60;3,50;20;2;2,60;
2026-06-27 10:21:00.0;OFF;ON;50;2,90;4,60;2,10;1,70;98,30;63,40;-0,80;3,50;20;2;2,70;
2026-06-27 10:22:00.0;OFF;ON;50;2,90;4,60;2,10;1,70;98,30;63,50;-0,80;3,50;20;2;2,70;
2026-06-27 10:23:00.0;OFF;ON;50;2,90;4,60;2,10;1,70;98,30;63,50;-0,80;3,50;20;2;2,70;
2026-06-27 10:24:00.0;OFF;ON;50;2,80;4,70;2,20;1,70;98,30;63,40;-0,60;3,50;20;2;2,70;
2026-06-27 10:25:00.0;OFF;ON;50;2,90;4,70;2,20;1,70;98,30;63,50;-0,70;3,50;20;2;2,70;
2026-06-27 10:26:00.0;OFF;ON;50;2,90;4,70;2,20;1,70;98,30;63,50;-0,80;3,50;20;2;2,70;
2026-06-27 10:27:00.0;OFF;ON;50;3;4,70;2,20;1,70;98,30;63,40;-0,80;3,50;20;2;2,80;
2026-06-27 10:28:00.0;OFF;ON;50;2,90;4,70;2,20;1,70;98,30;63,40;-0,70;3,50;20;2,10;2,80;
2026-06-27 10:29:00.0;OFF;ON;50;2,90;4,70;2,20;1,70;98,30;63,40;-0,70;3,50;20;2,10;2,80;
2026-06-27 10:30:00.0;OFF;ON;50;2,90;4,70;2,20;1,60;98,30;63,40;-0,70;3,50;20;2,10;2,80;
2026-06-27 10:31:00.0;OFF;ON;50;2,80;4,70;2,20;1,60;98,30;63,40;-0,50;3,50;20;2,10;2,80;
2026-06-27 10:32:00.0;OFF;ON;50;2,90;4,70;2,20;1,60;98,30;63,40;-0,70;3,50;20;2,10;2,80;
2026-06-27 10:33:00.0;OFF;ON;50;2,80;4,70;2,20;1,60;98,30;63,50;-0,60;3,50;20;2,10;2,80;
2026-06-27 10:34:00.0;OFF;ON;50;2,80;4,70;2,20;1,60;98,30;63,40;-0,60;3,50;20;2,10;2,80;
2026-06-27 10:35:00.0;OFF;ON;50;2,90;4,70;2,20;1,60;98,30;63,40;-0,70;3,50;20;2,10;2,80;
2026-06-27 10:36:00.0;OFF;ON;50;2,90;4,80;2,30;1,60;98,30;63,40;-0,70;3,50;20;2,10;2,80;
2026-06-27 10:37:00.0;OFF;ON;50;2,90;4,80;2,30;1,60;98,30;63,50;-0,60;3,50;20;2,10;2,80;
2026-06-27 10:38:00.0;OFF;ON;50;3;4,80;2,30;1,60;98,30;63,40;-0,70;3,50;20;2,10;2,80;
2026-06-27 10:39:00.0;OFF;ON;50;2,90;4,80;2,30;1,60;98,30;63,40;-0,60;3,50;20;2,10;2,80;
2026-06-27 10:40:00.0;OFF;ON;50;2,90;4,80;2,30;1,60;98,30;63,30;-0,60;3,50;20;2,10;2,80;
2026-06-27 10:41:00.0;OFF;ON;50;2,90;4,80;2,30;1,50;98,30;63,40;-0,70;3,50;20;2,10;2,80;
2026-06-27 10:42:00.0;OFF;ON;50;2,80;4,80;2,30;1,50;98,30;63,30;-0,50;3,50;20;2,10;2,80;
2026-06-27 10:43:00.0;OFF;ON;50;2,90;4,80;2,30;1,50;98,30;63,40;-0,60;3,50;20;2,10;2,80;
2026-06-27 10:44:00.0;OFF;ON;50;2,90;4,80;2,30;1,50;98,30;63,40;-0,70;3,50;20;2,10;2,80;
2026-06-27 10:45:00.0;OFF;ON;50;3;4,80;2,30;1,50;98,30;63,40;-0,70;3,50;20;2,20;2,80;
2026-06-27 10:46:00.0;OFF;ON;50;3;4,80;2,30;1,50;98,30;63,40;-0,70;3,50;20;2,20;2,90;
2026-06-27 10:47:00.0;OFF;ON;50;3,10;4,80;2,30;1,50;98,30;63,30;-0,80;3,50;20;2,20;2,90;
2026-06-27 10:48:00.0;OFF;ON;50;3;4,80;2,30;1,50;98,30;63,30;-0,70;3,50;20;2,20;2,90;
2026-06-27 10:49:00.0;OFF;ON;50;3;4,80;2,30;1,50;98,30;63,30;-0,70;3,50;20;2,20;2,90;
2026-06-27 10:50:00.0;OFF;ON;50;3,10;4,90;2,40;1,50;98,30;63,40;-0,70;3,50;20;2,20;2,90;
2026-06-27 10:51:00.0;OFF;ON;50;2,90;4,90;2,40;1,50;98,30;63,40;-0,60;3,50;20;2,20;2,90;
2026-06-27 10:52:00.0;OFF;ON;50;2,90;4,90;2,40;1,40;98,30;63,40;-0,60;3,50;20;2,20;2,90;
2026-06-27 10:53:00.0;OFF;ON;50;2,90;4,90;2,40;1,40;98,30;63,40;-0,60;3,50;20;2,20;2,90;
2026-06-27 10:54:00.0;OFF;ON;50;3;4,90;2,40;1,40;98,30;63,40;-0,60;3,50;20;2,30;2,90;
2026-06-27 10:55:00.0;OFF;ON;50;2,90;4,90;2,40;1,40;98,30;63,40;-0,60;3,50;20;2,30;2,90;
2026-06-27 10:56:00.0;OFF;ON;50;2,90;4,90;2,40;1,40;98,30;63,30;-0,50;3,50;20;2,30;2,90;
2026-06-27 10:57:00.0;OFF;ON;50;3;4,90;2,40;1,40;98,30;63,30;-0,70;3,50;20;2,30;2,90;
2026-06-27 10:58:00.0;OFF;ON;50;3,10;4,90;2,40;1,40;98,30;63,30;-0,70;3,50;20;2,30;2,90;
2026-06-27 10:59:00.0;OFF;ON;50;3;4,90;2,40;1,40;98,30;63,30;-0,60;3,50;20;2,30;2,90;
2026-06-27 11:00:00.0;OFF;ON;50;3,10;4,90;2,40;1,40;98,30;63,30;-0,80;3,50;20;2,30;2,90;
2026-06-27 11:01:00.0;OFF;ON;50;3,20;4,90;2,40;1,40;98,30;63,30;-0,70;3,50;20;2,30;3;
2026-06-27 11:02:00.0;OFF;ON;50;3,10;4,90;2,40;1,40;98,30;63,40;-0,70;3,50;20;2,30;3;
2026-06-27 11:03:00.0;OFF;ON;50;3,10;4,90;2,40;1,40;98,30;63,30;-0,70;3,50;20;2,30;3;
2026-06-27 11:04:00.0;OFF;ON;50;3,10;4,90;2,40;1,30;98,30;63,30;-0,70;3,50;20;2,30;3;
2026-06-27 11:05:00.0;OFF;ON;50;3,10;4,90;2,40;1,30;98,30;63,30;-0,60;3,50;20;2,30;3;
2026-06-27 11:06:00.0;OFF;ON;50;3,20;5;2,50;1,30;98,30;63,40;-0,70;3,50;20;2,30;3;
2026-06-27 11:07:00.0;OFF;ON;50;3,30;5;2,50;1,30;98,30;63,30;-0,80;3,50;20;2,30;3,10;
2026-06-27 11:08:00.0;OFF;ON;50;3,10;5;2,50;1,30;98,30;63,30;-0,60;3,50;20;2,40;3,10;
2026-06-27 11:09:00.0;OFF;ON;50;3,10;5;2,50;1,30;98,30;63,30;-0,60;3,50;20;2,40;3,10;
2026-06-27 11:10:00.0;OFF;ON;50;3,10;5;2,50;1,30;98,30;63,30;-0,60;3,50;20;2,40;3,10;
2026-06-27 11:11:00.0;OFF;ON;50;3,20;5;2,50;1,30;98,30;63,30;-0,70;3,50;20;2,40;3,10;
2026-06-27 11:12:00.0;OFF;ON;50;3,10;5;2,50;1,30;98,30;63,30;-0,60;3,50;20;2,40;3;
2026-06-27 11:13:00.0;OFF;ON;50;3,10;5;2,50;1,30;98,30;63,30;-0,60;3,50;20;2,40;3,10;
2026-06-27 11:14:00.0;OFF;ON;50;3,10;5;2,50;1,30;98,30;63,30;-0,60;3,50;20;2,40;3,10;
2026-06-27 11:15:00.0;OFF;ON;50;3,20;5;2,50;1,30;98,30;63,30;-0,70;3,50;20;2,40;3,10;
2026-06-27 11:16:00.0;OFF;ON;50;3,20;5;2,50;1,20;98,30;63,30;-0,70;3,50;20;2,40;3,10;
2026-06-27 11:17:00.0;OFF;ON;50;3,20;5;2,50;1,20;98,30;63,30;-0,50;3,50;20;2,40;3,10;
2026-06-27 11:18:00.0;OFF;ON;50;3,10;5;2,50;1,20;98,30;63,30;-0,50;3,50;20;2,40;3;
2026-06-27 11:19:00.0;OFF;ON;50;3,10;5;2,50;1,20;98,30;63,30;-0,50;3,50;20;2,40;3;
2026-06-27 11:20:00.0;OFF;ON;50;3,20;5;2,50;1,20;98,30;63,30;-0,70;3,50;20;2,40;3;
2026-06-27 11:21:00.0;OFF;ON;50;3,10;5;2,50;1,20;98,30;63,30;-0,50;3,50;20;2,40;3;
2026-06-27 11:22:00.0;OFF;ON;50;3,20;5;2,50;1,20;98,30;63,30;-0,70;3,50;20;2,40;3;
2026-06-27 11:23:00.0;OFF;ON;50;3;5;2,50;1,20;98,30;63,30;-0,50;3,50;20;2,40;3;
2026-06-27 11:24:00.0;OFF;ON;50;3,20;5;2,50;1,20;98,30;63,30;-0,60;3,50;20;2,40;3;
2026-06-27 11:25:00.0;OFF;ON;50;3,10;5;2,50;1,20;98,30;63,30;-0,50;3,50;20;2,40;3;
2026-06-27 11:26:00.0;OFF;ON;50;3,20;5;2,50;1,20;98,30;63,40;-0,70;3,50;20;2,40;3;
2026-06-27 11:27:00.0;OFF;ON;50;3,20;5;2,50;1,20;98,30;63,30;-0,70;3,50;20;2,40;3,10;
2026-06-27 11:28:00.0;OFF;ON;50;3,30;5,10;2,60;1,20;98,30;63,30;-0,70;3,50;20;2,40;3,10;
2026-06-27 11:29:00.0;OFF;ON;50;3,20;5,10;2,60;1,10;98,30;63,30;-0,70;3,50;20;2,50;3,10;
2026-06-27 11:30:00.0;OFF;ON;50;3,10;5,10;2,60;1,10;98,30;63,40;-0,50;3,50;20;2,50;3,10;
2026-06-27 11:31:00.0;OFF;ON;50;3,30;5,10;2,60;1,10;98,30;63,30;-0,70;3,50;20;2,50;3,10;
2026-06-27 11:32:00.0;OFF;ON;50;3,20;5,10;2,60;1,10;98,30;63,30;-0,60;3,50;20;2,50;3,10;
2026-06-27 11:33:00.0;OFF;ON;50;3,30;5,10;2,60;1,10;98,30;63,30;-0,70;3,50;20;2,50;3,20;
2026-06-27 11:34:00.0;OFF;ON;50;3,30;5,10;2,60;1,10;98,30;63,30;-0,70;3,50;20;2,50;3,20;
2026-06-27 11:35:00.0;OFF;ON;50;3,20;5,10;2,60;1,10;98,30;63,30;-0,60;3,50;20;2,50;3,20;
2026-06-27 11:36:00.0;OFF;ON;50;3,30;5,10;2,60;1,10;98,30;63,30;-0,70;3,50;20;2,50;3,20;
2026-06-27 11:37:00.0;OFF;ON;50;3,20;5,10;2,60;1,10;98,30;63,30;-0,60;3,50;20;2,50;3,20;
2026-06-27 11:38:00.0;OFF;ON;50;3,30;5,10;2,60;1,10;98,30;63,30;-0,60;3,50;20;2,50;3,20;
2026-06-27 11:39:00.0;OFF;ON;50;3,20;5,10;2,60;1,10;98,30;63,30;-0,60;3,50;20;2,50;3,20;
2026-06-27 11:40:00.0;OFF;ON;50;3,20;5,10;2,60;1,10;98,30;63,30;-0,60;3,50;20;2,50;3,20;
2026-06-27 11:41:00.0;OFF;ON;50;3,30;5,10;2,60;1,10;98,30;63,30;-0,70;3,50;20;2,50;3,20;
2026-06-27 11:42:00.0;OFF;ON;50;3,30;5,10;2,60;1,10;98,30;63,30;-0,70;3,50;20;2,50;3,20;
2026-06-27 11:43:00.0;OFF;ON;50;3,30;5,20;2,70;1,10;98,30;63,30;-0,70;3,50;20;2,50;3,20;
2026-06-27 11:44:00.0;OFF;ON;50;3,20;5,20;2,70;1;98,30;63,30;-0,50;3,50;20;2,50;3,20;
2026-06-27 11:45:00.0;OFF;ON;50;3,20;5,20;2,70;1;98,30;63,30;-0,50;3,50;20;2,50;3,20;
2026-06-27 11:46:00.0;OFF;ON;50;3,20;5,20;2,70;1;98,30;63,30;-0,50;3,50;20;2,50;3,20;
2026-06-27 11:47:00.0;OFF;ON;50;3,20;5,20;2,70;1;98,30;63,30;-0,50;3,50;20;2,50;3,20;
2026-06-27 11:48:00.0;OFF;ON;50;3,30;5,20;2,70;1;98,30;63,30;-0,70;3,50;20;2,50;3,20;
2026-06-27 11:49:00.0;OFF;ON;50;3,30;5,20;2,70;1;98,30;63,30;-0,70;3,50;20;2,50;3,20;
2026-06-27 11:50:00.0;OFF;ON;50;3,20;5,20;2,70;1;98,30;63,30;-0,60;3,50;20;2,50;3,20;
2026-06-27 11:51:00.0;OFF;ON;50;3,30;5,20;2,70;1;98,30;63,30;-0,60;3,50;20;2,50;3,20;
2026-06-27 11:52:00.0;OFF;ON;50;3,10;5,20;2,70;1;98,30;63,30;-0,50;3,50;20;2,50;3,20;
2026-06-27 11:53:00.0;OFF;ON;50;3,30;5,20;2,70;1;98,30;63,30;-0,60;3,50;20;2,50;3,20;
2026-06-27 11:54:00.0;OFF;ON;50;3,20;5,20;2,70;1;98,30;63,30;-0,60;3,50;20;2,60;3,20;
2026-06-27 11:55:00.0;OFF;ON;50;3,30;5,20;2,70;1;98,30;63,30;-0,60;3,50;20;2,60;3,20;
2026-06-27 11:56:00.0;OFF;ON;50;3,40;5,20;2,70;1;98,30;63,30;-0,70;3,50;20;2,60;3,20;
2026-06-27 11:57:00.0;OFF;ON;50;3,40;5,20;2,70;1;98,30;63,30;-0,70;3,50;20;2,60;3,20;
2026-06-27 11:58:00.0;OFF;ON;50;3,40;5,20;2,70;1;98,30;63,30;-0,70;3,50;20;2,60;3,30;
2026-06-27 11:59:00.0;OFF;ON;50;3,30;5,20;2,70;0,90;98,20;63,30;-0,60;3,50;20;2,60;3,20;
2026-06-27 12:00:00.0;OFF;ON;50;3,40;5,20;2,70;0,90;98,20;63,30;-0,70;3,50;20;2,60;3,30;
2026-06-27 12:01:00.0;OFF;ON;50;3,40;5,20;2,70;0,90;98,30;63,30;-0,70;3,50;20;2,60;3,30;
2026-06-27 12:02:00.0;OFF;ON;50;3,40;5,30;2,80;0,90;98,30;63,20;-0,60;3,50;20;2,60;3,30;
2026-06-27 12:03:00.0;OFF;ON;50;3,40;5,30;2,80;0,90;98,30;63,30;-0,60;3,50;20;2,70;3,30;
2026-06-27 12:04:00.0;OFF;ON;50;3,40;5,30;2,80;0,90;98,30;63,30;-0,70;3,50;20;2,70;3,30;
2026-06-27 12:05:00.0;OFF;ON;50;3,40;5,30;2,80;0,90;98,30;63,30;-0,60;3,50;20;2,70;3,30;
2026-06-27 12:06:00.0;OFF;ON;50;3,40;5,30;2,80;0,90;98,30;63,30;-0,60;3,50;20;2,70;3,30;
2026-06-27 12:07:00.0;OFF;ON;50;3,40;5,30;2,80;0,90;98,30;63,30;-0,60;3,50;20;2,70;3,30;
2026-06-27 12:08:00.0;OFF;ON;50;3,50;5,30;2,80;0,90;98,30;63,30;-0,70;3,50;20;2,70;3,30;
2026-06-27 12:09:00.0;OFF;ON;50;3,30;5,30;2,80;0,90;98,30;63,30;-0,50;3,50;20;2,70;3,30;
2026-06-27 12:10:00.0;OFF;ON;50;3,40;5,30;2,80;0,90;98,30;63,30;-0,60;3,50;20;2,70;3,30;
2026-06-27 12:11:00.0;OFF;ON;50;3,30;5,30;2,80;0,90;98,30;63,30;-0,50;3,50;20;2,70;3,30;
2026-06-27 12:12:00.0;OFF;ON;50;3,30;5,30;2,80;0,90;98,30;63,20;-0,50;3,50;20;2,70;3,30;
2026-06-27 12:13:00.0;OFF;ON;50;3,30;5,30;2,80;0,90;98,30;63,30;-0,50;3,50;20;2,70;3,30;
2026-06-27 12:14:00.0;OFF;ON;50;3,30;5,30;2,80;0,90;98,30;63,20;-0,50;3,50;20;2,70;3,30;
2026-06-27 12:15:00.0;OFF;ON;50;3,40;5,30;2,80;0,90;98,30;63,20;-0,60;3,50;20;2,70;3,30;
2026-06-27 12:16:00.0;OFF;ON;50;3,30;5,30;2,80;0,90;98,30;63,30;-0,50;3,50;20;2,70;3,30;
2026-06-27 12:17:00.0;OFF;ON;50;3,40;5,30;2,80;0,80;98,30;63,20;-0,60;3,50;20;2,70;3,30;
2026-06-27 12:18:00.0;OFF;ON;50;3,30;5,30;2,80;0,80;98,30;63,30;-0,50;3,50;20;2,70;3,30;
2026-06-27 12:19:00.0;OFF;ON;50;3,40;5,30;2,80;0,80;98,30;63,20;-0,60;3,50;20;2,70;3,30;
2026-06-27 12:20:00.0;OFF;ON;50;3,30;5,30;2,80;0,80;98,30;63,20;-0,50;3,50;20;2,70;3,30;
2026-06-27 12:21:00.0;OFF;ON;50;3,50;5,30;2,80;0,80;98,30;63,30;-0,60;3,50;20;2,70;3,30;
2026-06-27 12:22:00.0;OFF;ON;50;3,40;5,30;2,80;0,80;98,30;63,20;-0,60;3,50;20;2,70;3,30;
2026-06-27 12:23:00.0;OFF;ON;50;3,30;5,30;2,80;0,80;98,30;63,20;-0,50;3,50;20;2,70;3,30;
2026-06-27 12:24:00.0;OFF;ON;50;3,40;5,30;2,80;0,80;98,30;63,20;-0,60;3,50;20;2,70;3,30;
2026-06-27 12:25:00.0;OFF;ON;50;3,40;5,30;2,80;0,80;98,30;63,30;-0,60;3,50;20;2,70;3,30;
2026-06-27 12:26:00.0;OFF;ON;50;3,40;5,30;2,80;0,80;98,30;63,20;-0,60;3,50;20;2,70;3,30;
2026-06-27 12:27:00.0;OFF;ON;50;3,40;5,30;2,80;0,80;98,30;63,30;-0,60;3,50;20;2,70;3,40;
2026-06-27 12:28:00.0;OFF;ON;50;3,40;5,40;2,90;0,80;98,30;63,30;-0,60;3,50;20;2,80;3,40;
2026-06-27 12:29:00.0;OFF;ON;50;3,60;5,40;2,90;0,80;98,30;63,20;-0,70;3,50;20;2,80;3,40;
2026-06-27 12:30:00.0;OFF;ON;50;3,50;5,40;2,90;0,80;98,30;63,20;-0,60;3,50;20;2,80;3,40;
2026-06-27 12:31:00.0;OFF;ON;50;3,60;5,40;2,90;0,80;98,30;63,20;-0,70;3,50;20;2,80;3,40;
2026-06-27 12:32:00.0;OFF;ON;50;3,60;5,40;2,90;0,80;98,30;63,20;-0,70;3,50;20;2,80;3,40;
2026-06-27 12:33:00.0;OFF;ON;50;3,60;5,40;2,90;0,80;98,30;63,20;-0,70;3,50;20;2,80;3,40;
2026-06-27 12:34:00.0;OFF;ON;50;3,50;5,40;2,90;0,80;98,30;63,20;-0,60;3,50;20;2,80;3,40;
2026-06-27 12:35:00.0;OFF;ON;50;3,50;5,40;2,90;0,80;98,30;63,20;-0,60;3,50;20;2,80;3,40;
2026-06-27 12:36:00.0;OFF;ON;50;3,60;5,40;2,90;0,80;98,30;63,20;-0,70;3,50;20;2,80;3,40;
2026-06-27 12:37:00.0;OFF;ON;50;3,60;5,40;2,90;0,70;98,30;63,20;-0,60;3,50;20;2,80;3,40;
2026-06-27 12:38:00.0;OFF;ON;50;3,50;5,40;2,90;0,70;98,30;63,20;-0,50;3,50;20;2,80;3,40;
2026-06-27 12:39:00.0;OFF;ON;50;3,50;5,40;2,90;0,70;98,30;63,20;-0,60;3,50;20;2,80;3,40;
2026-06-27 12:40:00.0;OFF;ON;50;3,50;5,40;2,90;0,70;98,30;63,20;-0,50;3,50;20;2,80;3,40;
2026-06-27 12:41:00.0;OFF;ON;50;3,50;5,40;2,90;0,70;98,30;63,20;-0,60;3,50;20;2,80;3,40;
2026-06-27 12:42:00.0;OFF;ON;50;3,40;5,40;2,90;0,70;98,30;63,20;-0,50;3,50;20;2,80;3,40;
2026-06-27 12:43:00.0;OFF;ON;50;3,50;5,40;2,90;0,70;98,30;63,30;-0,60;3,50;20;2,80;3,40;
2026-06-27 12:44:00.0;OFF;ON;50;3,60;5,40;2,90;0,70;98,30;63,20;-0,60;3,50;20;2,80;3,40;
2026-06-27 12:45:00.0;OFF;ON;50;3,40;5,40;2,90;0,70;98,30;63,30;-0,50;3,50;20;2,80;3,40;
2026-06-27 12:46:00.0;OFF;ON;50;3,50;5,40;2,90;0,70;98,30;63,20;-0,60;3,50;20;2,80;3,40;
2026-06-27 12:47:00.0;OFF;ON;50;3,50;5,40;2,90;0,70;98,40;63,30;-0,60;3,50;20;2,80;3,40;
2026-06-27 12:48:00.0;OFF;ON;50;3,50;5,40;2,90;0,70;98,40;63,20;-0,60;3,50;20;2,80;3,40;
2026-06-27 12:49:00.0;OFF;ON;50;3,50;5,40;2,90;0,70;98,40;63,20;-0,50;3,50;20;2,80;3,40;
2026-06-27 12:50:00.0;OFF;ON;50;3,40;5,40;2,90;0,70;98,40;63,20;-0,50;3,50;20;2,80;3,40;
2026-06-27 12:51:00.0;OFF;ON;50;3,50;5,40;2,90;0,70;98,40;63,20;-0,60;3,50;20;2,80;3,40;
2026-06-27 12:52:00.0;OFF;ON;50;3,60;5,40;2,90;0,70;98,40;63,20;-0,70;3,50;20;2,80;3,40;
2026-06-27 12:53:00.0;OFF;ON;50;3,50;5,40;2,90;0,70;98,40;63,30;-0,50;3,50;20;2,80;3,40;
2026-06-27 12:54:00.0;OFF;ON;50;3,50;5,40;2,90;0,70;98,30;63,30;-0,60;3,50;20;2,80;3,40;
2026-06-27 12:55:00.0;OFF;ON;50;3,40;5,40;2,90;0,70;98,30;63,20;-0,50;3,50;20;2,80;3,40;
2026-06-27 12:56:00.0;OFF;ON;50;3,60;5,40;2,90;0,70;98,30;63,20;-0,60;3,50;20;2,80;3,40;
2026-06-27 12:57:00.0;OFF;ON;50;3,50;5,40;2,90;0,70;98,40;63,20;-0,60;3,50;20;2,80;3,40;
2026-06-27 12:58:00.0;OFF;ON;50;3,60;5,50;3;0,70;98,30;63,20;-0,60;3,50;20;2,90;3,50;
2026-06-27 12:59:00.0;OFF;ON;50;3,50;5,50;3;0,70;98,30;63,20;-0,60;3,50;20;2,90;3,50;
2026-06-27 13:00:00.0;OFF;ON;50;3,60;5,50;3;0,70;98,30;63,20;-0,60;3,50;20;2,90;3,50;
2026-06-27 13:01:00.0;OFF;ON;50;3,60;5,50;3;0,70;98,30;63,30;-0,60;3,50;20;2,90;3,50;
2026-06-27 13:02:00.0;OFF;ON;50;3,60;5,50;3;0,70;98,30;63,20;-0,60;3,50;20;2,90;3,50;
2026-06-27 13:03:00.0;OFF;ON;50;3,70;5,50;3;0,60;98,30;63,20;-0,70;3,50;20;2,90;3,50;
2026-06-27 13:04:00.0;OFF;ON;50;3,70;5,50;3;0,60;98,30;63,20;-0,70;3,50;20;2,90;3,50;
2026-06-27 13:05:00.0;OFF;ON;50;3,60;5,50;3;0,60;98,30;63,30;-0,60;3,50;20;2,90;3,50;
2026-06-27 13:06:00.0;OFF;ON;50;3,60;5,50;3;0,60;98,30;63,20;-0,60;3,50;20;2,90;3,50;
2026-06-27 13:07:00.0;OFF;ON;50;3,60;5,50;3;0,60;98,30;63,20;-0,60;3,50;20;2,90;3,50;
2026-06-27 13:08:00.0;OFF;ON;50;3,60;5,50;3;0,60;98,30;63,20;-0,60;3,50;20;2,90;3,50;
2026-06-27 13:09:00.0;OFF;ON;50;3,60;5,50;3;0,60;98,30;63,20;-0,50;3,50;20;2,90;3,50;
2026-06-27 13:10:00.0;OFF;ON;50;3,60;5,50;3;0,60;98,30;63,20;-0,50;3,50;20;2,90;3,50;
2026-06-27 13:11:00.0;OFF;ON;50;3,70;5,50;3;0,60;98,30;63,20;-0,60;3,50;20;2,90;3,50;
2026-06-27 13:12:00.0;OFF;ON;50;3,70;5,50;3;0,60;98,30;63,20;-0,60;3,50;20;2,90;3,50;
2026-06-27 13:13:00.0;OFF;ON;50;3,50;5,50;3;0,60;98,30;63,20;-0,50;3,50;20;2,90;3,50;
2026-06-27 13:14:00.0;OFF;ON;50;3,60;5,50;3;0,60;98,30;63,20;-0,60;3,50;20;2,90;3,50;
2026-06-27 13:15:00.0;OFF;ON;50;3,60;5,50;3;0,60;98,30;63,20;-0,60;3,50;20;2,90;3,50;
2026-06-27 13:16:00.0;OFF;ON;50;3,60;5,50;3;0,60;98,30;63,20;-0,60;3,50;20;2,90;3,50;
2026-06-27 13:17:00.0;OFF;ON;50;3,60;5,50;3;0,60;98,30;63,20;-0,50;3,50;20;2,90;3,50;
2026-06-27 13:18:00.0;OFF;ON;50;3,60;5,50;3;0,60;98,30;63,20;-0,60;3,50;20;2,90;3,50;
2026-06-27 13:19:00.0;OFF;ON;50;3,50;5,50;3;0,60;98,30;63,20;-0,50;3,50;20;2,90;3,50;
2026-06-27 13:20:00.0;OFF;ON;50;3,50;5,50;3;0,60;98,30;63,20;-0,50;3,50;20;2,90;3,50;
2026-06-27 13:21:00.0;OFF;ON;50;3,50;5,50;3;0,60;98,30;63,20;-0,50;3,50;20;2,90;3,50;
2026-06-27 13:22:00.0;OFF;ON;50;3,60;5,50;3;0,60;98,30;63,20;-0,60;3,50;20;2,90;3,50;
2026-06-27 13:23:00.0;OFF;ON;50;3,60;5,50;3;0,60;98,30;63,20;-0,50;3,50;20;2,90;3,50;
2026-06-27 13:24:00.0;OFF;ON;50;3,70;5,50;3;0,60;98,30;63,20;-0,60;3,50;20;2,90;3,50;
2026-06-27 13:25:00.0;OFF;ON;50;3,60;5,50;3;0,60;98,30;63,20;-0,60;3,50;20;2,90;3,50;
2026-06-27 13:26:00.0;OFF;ON;50;3,60;5,50;3;0,60;98,30;63,20;-0,50;3,50;20;2,90;3,50;
2026-06-27 13:27:00.0;OFF;ON;50;3,60;5,50;3;0,60;98,30;63,20;-0,60;3,50;20;2,90;3,50;
2026-06-27 13:28:00.0;OFF;ON;50;3,50;5,50;3;0,60;98,30;63,20;-0,50;3,50;20;2,90;3,50;
2026-06-27 13:29:00.0;OFF;ON;50;3,60;5,50;3;0,60;98,30;63,20;-0,50;3,50;20;2,90;3,50;
2026-06-27 13:30:00.0;OFF;ON;50;3,70;5,50;3;0,60;98,30;63,20;-0,60;3,50;20;2,90;3,50;
2026-06-27 13:31:00.0;OFF;ON;50;3,80;5,60;3,10;0,60;98,30;63,20;-0,70;3,50;20;3;3,50;
2026-06-27 13:32:00.0;OFF;ON;50;3,70;5,60;3,10;0,60;98,30;63,30;-0,60;3,50;20;3;3,60;
2026-06-27 13:33:00.0;OFF;ON;50;3,70;5,60;3,10;0,60;98,30;63,30;-0,60;3,50;20;3;3,60;
2026-06-27 13:34:00.0;OFF;ON;50;3,70;5,60;3,10;0,50;98,30;63,20;-0,70;3,50;20;3;3,60;
2026-06-27 13:35:00.0;OFF;ON;50;3,80;5,60;3,10;0,50;98,30;63,20;-0,70;3,50;20;3;3,60;
2026-06-27 13:36:00.0;OFF;ON;50;3,80;5,60;3,10;0,50;98,30;63,30;-0,70;3,50;20;3;3,60;
2026-06-27 13:37:00.0;OFF;ON;50;3,70;5,60;3,10;0,50;98,30;63,20;-0,60;3,50;20;3;3,60;
2026-06-27 13:38:00.0;OFF;ON;50;3,80;5,60;3,10;0,50;98,30;63,20;-0,70;3,50;20;3;3,60;
2026-06-27 13:39:00.0;OFF;ON;50;3,80;5,60;3,10;0,50;98,30;63,20;-0,70;3,50;20;3;3,60;
2026-06-27 13:40:00.0;OFF;ON;50;3,70;5,60;3,10;0,50;98,30;63,20;-0,60;3,50;20;3;3,60;
2026-06-27 13:41:00.0;OFF;ON;50;3,70;5,60;3,10;0,50;98,30;63,20;-0,60;3,50;20;3;3,60;
2026-06-27 13:42:00.0;OFF;ON;50;3,80;5,60;3,10;0,50;98,30;63,20;-0,60;3,50;20;3;3,60;
2026-06-27 13:43:00.0;OFF;ON;50;3,60;5,60;3,10;0,50;98,30;63,20;-0,50;3,50;20;3;3,60;
2026-06-27 13:44:00.0;OFF;ON;50;3,80;5,60;3,10;0,50;98,30;63,20;-0,60;3,50;20;3;3,60;
2026-06-27 13:45:00.0;OFF;ON;50;3,70;5,60;3,10;0,50;98,30;63,20;-0,50;3,50;20;3;3,60;
2026-06-27 13:46:00.0;OFF;ON;50;3,70;5,60;3,10;0,50;98,30;63,20;-0,60;3,50;20;3;3,60;
2026-06-27 13:47:00.0;OFF;ON;50;3,60;5,60;3,10;0,50;98,30;63,20;-0,50;3,50;20;3;3,60;
2026-06-27 13:48:00.0;OFF;ON;50;3,60;5,60;3,10;0,50;98,30;63,20;-0,50;3,50;20;3;3,60;
2026-06-27 13:49:00.0;OFF;ON;50;3,70;5,60;3,10;0,50;98,30;63,20;-0,60;3,50;20;3;3,60;
2026-06-27 13:50:00.0;OFF;ON;50;3,70;5,60;3,10;0,50;98,30;63,20;-0,60;3,50;20;3;3,60;
2026-06-27 13:51:00.0;OFF;ON;50;3,60;5,60;3,10;0,50;98,30;63,20;-0,50;3,50;20;3;3,60;
2026-06-27 13:52:00.0;OFF;ON;50;3,60;5,60;3,10;0,50;98,30;63,20;-0,50;3,50;20;3;3,60;
2026-06-27 13:53:00.0;OFF;ON;50;3,60;5,60;3,10;0,50;98,30;63,30;-0,50;3,50;20;3;3,60;
2026-06-27 13:54:00.0;OFF;ON;50;3,60;5,60;3,10;0,50;98,30;63,20;-0,50;3,50;20;3;3,60;
2026-06-27 13:55:00.0;OFF;ON;50;3,70;5,60;3,10;0,50;98,30;63,20;-0,60;3,50;20;3;3,60;
2026-06-27 13:56:00.0;OFF;ON;50;3,70;5,60;3,10;0,50;98,30;63,20;-0,60;3,50;20;3;3,60;
2026-06-27 13:57:00.0;OFF;ON;50;3,70;5,60;3,10;0,50;98,30;63,20;-0,50;3,50;20;3;3,60;
2026-06-27 13:58:00.0;OFF;ON;50;3,60;5,60;3,10;0,50;98,30;63,20;-0,50;3,50;20;3;3,60;
2026-06-27 13:59:00.0;OFF;ON;50;3,70;5,60;3,10;0,50;98,30;63,20;-0,60;3,50;20;3;3,60;
2026-06-27 14:00:00.0;OFF;ON;50;3,70;5,60;3,10;0,50;98,30;63,10;-0,60;3,50;20;3;3,60;
2026-06-27 14:01:00.0;OFF;ON;50;3,60;5,60;3,10;0,50;98,30;63,20;-0,50;3,50;20;3;3,60;
2026-06-27 14:02:00.0;OFF;ON;50;3,70;5,60;3,10;0,50;98,30;63,10;-0,60;3,50;20;3;3,60;
2026-06-27 14:03:00.0;OFF;ON;50;3,70;5,60;3,10;0,50;98,30;63,20;-0,60;3,50;20;3;3,60;
2026-06-27 14:04:00.0;OFF;ON;50;3,70;5,60;3,10;0,50;98,30;63,20;-0,50;3,50;20;3;3,60;
2026-06-27 14:05:00.0;OFF;ON;50;3,80;5,60;3,10;0,50;98,30;63,20;-0,70;3,50;20;3;3,60;
2026-06-27 14:06:00.0;OFF;ON;50;3,70;5,70;3,20;0,50;98,30;63,20;-0,60;3,50;20;3,10;3,60;
2026-06-27 14:07:00.0;OFF;ON;50;3,80;5,70;3,20;0,50;98,30;63,20;-0,60;3,50;20;3,10;3,70;
2026-06-27 14:08:00.0;OFF;ON;50;3,80;5,70;3,20;0,50;98,30;63,10;-0,60;3,50;20;3,10;3,70;
2026-06-27 14:09:00.0;OFF;ON;50;3,70;5,70;3,20;0,50;98,30;63,20;-0,50;3,50;20;3,10;3,70;
2026-06-27 14:10:00.0;OFF;ON;50;3,80;5,70;3,20;0,40;98,30;63,20;-0,60;3,50;20;3,10;3,70;
2026-06-27 14:11:00.0;OFF;ON;50;3,80;5,70;3,20;0,40;98,30;63,20;-0,60;3,50;20;3,10;3,70;
2026-06-27 14:12:00.0;OFF;ON;50;3,80;5,70;3,20;0,40;98,30;63,20;-0,60;3,50;20;3,10;3,70;
2026-06-27 14:13:00.0;OFF;ON;50;3,70;5,70;3,20;0,40;98,30;63,20;-0,50;3,50;20;3,10;3,70;
2026-06-27 14:14:00.0;OFF;ON;50;3,90;5,70;3,20;0,40;98,30;63,20;-0,60;3,50;20;3,10;3,70;
2026-06-27 14:15:00.0;OFF;ON;50;3,80;5,70;3,20;0,40;98,30;63,10;-0,60;3,50;20;3,10;3,70;
2026-06-27 14:16:00.0;OFF;ON;50;3,80;5,70;3,20;0,40;98,30;63,20;-0,50;3,50;20;3,10;3,70;
2026-06-27 14:17:00.0;OFF;ON;50;3,80;5,70;3,20;0,40;98,30;63,20;-0,50;3,50;20;3,10;3,70;
2026-06-27 14:18:00.0;OFF;ON;50;3,90;5,70;3,20;0,40;98,30;63,20;-0,60;3,50;20;3,10;3,70;
2026-06-27 14:19:00.0;OFF;ON;50;3,80;5,70;3,20;0,40;98,30;63,20;-0,60;3,50;20;3,10;3,70;
2026-06-27 14:20:00.0;OFF;ON;50;3,80;5,70;3,20;0,40;98,30;63,20;-0,60;3,50;20;3,10;3,70;
2026-06-27 14:21:00.0;OFF;ON;50;3,80;5,70;3,20;0,40;98,30;63,10;-0,60;3,50;20;3,10;3,70;
2026-06-27 14:22:00.0;OFF;ON;50;3,80;5,70;3,20;0,40;98,30;63,20;-0,60;3,50;20;3,10;3,70;
2026-06-27 14:23:00.0;OFF;ON;50;3,70;5,70;3,20;0,40;98,30;63,20;-0,50;3,50;20;3,10;3,70;
2026-06-27 14:24:00.0;OFF;ON;50;3,80;5,70;3,20;0,40;98,30;63,20;-0,60;3,50;20;3,10;3,70;
2026-06-27 14:25:00.0;OFF;ON;50;3,80;5,70;3,20;0,40;98,30;63,20;-0,60;3,50;20;3,10;3,70;
2026-06-27 14:26:00.0;OFF;ON;50;3,70;5,70;3,20;0,40;98,30;63,20;-0,50;3,50;20;3,10;3,70;
2026-06-27 14:27:00.0;OFF;ON;50;3,90;5,70;3,20;0,40;98,30;63,20;-0,60;3,50;20;3,10;3,70;
2026-06-27 14:28:00.0;OFF;ON;50;3,80;5,70;3,20;0,40;98,30;63,20;-0,60;3,50;20;3,10;3,70;
2026-06-27 14:29:00.0;OFF;ON;50;3,80;5,70;3,20;0,40;98,30;63,10;-0,60;3,50;20;3,10;3,70;
2026-06-27 14:30:00.0;OFF;ON;50;3,70;5,70;3,20;0,40;98,30;63,20;-0,50;3,50;20;3,10;3,70;
2026-06-27 14:31:00.0;OFF;ON;50;3,70;5,70;3,20;0,40;98,30;63,10;-0,50;3,50;20;3,10;3,70;
2026-06-27 14:32:00.0;OFF;ON;50;3,80;5,70;3,20;0,40;98,30;63,10;-0,60;3,50;20;3,10;3,70;
2026-06-27 14:33:00.0;OFF;ON;50;3,70;5,70;3,20;0,40;98,30;63,20;-0,50;3,50;20;3,10;3,70;
2026-06-27 14:34:00.0;OFF;ON;50;3,70;5,70;3,20;0,40;98,30;63,10;-0,40;3,50;20;3,10;3,70;
2026-06-27 14:35:00.0;OFF;ON;50;3,70;5,70;3,20;0,40;98,30;63,10;-0,40;3,50;20;3,10;3,70;
2026-06-27 14:36:00.0;OFF;ON;50;3,70;5,70;3,20;0,40;98,40;63,20;-0,50;3,50;20;3,10;3,70;
2026-06-27 14:37:00.0;OFF;ON;50;3,70;5,70;3,20;0,40;98,30;63,10;-0,40;3,50;20;3,10;3,70;
2026-06-27 14:38:00.0;OFF;ON;50;3,80;5,70;3,20;0,40;98,30;63,10;-0,50;3,50;20;3,10;3,70;
2026-06-27 14:39:00.0;OFF;ON;50;3,70;5,70;3,20;0,40;98,30;63,20;-0,50;3,50;20;3,10;3,70;
2026-06-27 14:40:00.0;OFF;ON;50;3,80;5,70;3,20;0,40;98,30;63,20;-0,60;3,50;20;3,10;3,70;
2026-06-27 14:41:00.0;OFF;ON;50;3,80;5,70;3,20;0,40;98,30;63,10;-0,50;3,50;20;3,10;3,70;
2026-06-27 14:42:00.0;OFF;ON;50;3,80;5,70;3,20;0,40;98,30;63,20;-0,60;3,50;20;3,20;3,70;
2026-06-27 14:43:00.0;OFF;ON;50;3,80;5,80;3,30;0,40;98,30;63,20;-0,50;3,50;20;3,20;3,70;
2026-06-27 14:44:00.0;OFF;ON;50;3,90;5,80;3,30;0,40;98,30;63,10;-0,70;3,50;20;3,20;3,70;
2026-06-27 14:45:00.0;OFF;ON;50;3,80;5,80;3,30;0,40;98,40;63,10;-0,60;3,50;20;3,20;3,70;
2026-06-27 14:46:00.0;OFF;ON;50;4;5,80;3,30;0,40;98,40;63,10;-0,70;3,50;20;3,20;3,80;
2026-06-27 14:47:00.0;OFF;ON;50;3,90;5,80;3,30;0,40;98,40;63,10;-0,60;3,50;20;3,20;3,80;
2026-06-27 14:48:00.0;OFF;ON;50;3,90;5,80;3,30;0,40;98,40;63,20;-0,60;3,50;20;3,20;3,80;
2026-06-27 14:49:00.0;OFF;ON;50;3,90;5,80;3,30;0,40;98,40;63,20;-0,60;3,50;20;3,20;3,80;
2026-06-27 14:50:00.0;OFF;ON;50;3,80;5,80;3,30;0,40;98,40;63,10;-0,50;3,50;20;3,20;3,80;
2026-06-27 14:51:00.0;OFF;ON;50;3,90;5,80;3,30;0,40;98,40;63,10;-0,60;3,50;20;3,20;3,80;
2026-06-27 14:52:00.0;OFF;ON;50;4;5,80;3,30;0,40;98,40;63,10;-0,60;3,50;20;3,20;3,80;
2026-06-27 14:53:00.0;OFF;ON;50;3,80;5,80;3,30;0,40;98,40;63,20;-0,50;3,50;20;3,20;3,80;
2026-06-27 14:54:00.0;OFF;ON;50;3,90;5,80;3,30;0,40;98,40;63,10;-0,60;3,50;20;3,20;3,80;
2026-06-27 14:55:00.0;OFF;ON;50;3,80;5,80;3,30;0,40;98,40;63;-0,50;3,50;20;3,20;3,80;
2026-06-27 14:56:00.0;OFF;ON;50;3,80;5,80;3,30;0,40;98,40;63,10;-0,50;3,50;20;3,20;3,80;
2026-06-27 14:57:00.0;OFF;ON;50;3,80;5,80;3,30;0,40;98,40;63,20;-0,50;3,50;20;3,20;3,80;
2026-06-27 14:58:00.0;OFF;ON;50;3,80;5,80;3,30;0,40;98,40;63,10;-0,50;3,50;20;3,20;3,80;
2026-06-27 14:59:00.0;OFF;ON;50;3,80;5,80;3,30;0,40;98,30;63,10;-0,50;3,50;20;3,20;3,80;
2026-06-27 15:00:00.0;OFF;ON;50;3,90;5,80;3,30;0,40;98,40;63,10;-0,60;3,50;20;3,20;3,80;
2026-06-27 15:01:00.0;OFF;ON;50;3,80;5,80;3,30;0,40;98,40;63,20;-0,50;3,50;20;3,20;3,80;
2026-06-27 15:02:00.0;OFF;ON;50;3,80;5,80;3,30;0,40;98,40;63,10;-0,40;3,50;20;3,20;3,80;
2026-06-27 15:03:00.0;OFF;ON;50;3,80;5,80;3,30;0,40;98,40;63,10;-0,50;3,50;20;3,20;3,80;
2026-06-27 15:04:00.0;OFF;ON;50;3,90;5,80;3,30;0,40;98,40;63,10;-0,50;3,50;20;3,20;3,80;
2026-06-27 15:05:00.0;OFF;ON;50;3,90;5,80;3,30;0,40;98,40;63,10;-0,50;3,50;20;3,20;3,80;
2026-06-27 15:06:00.0;OFF;ON;50;3,90;5,80;3,30;0,40;98,40;63,10;-0,60;3,50;20;3,20;3,80;
2026-06-27 15:07:00.0;OFF;ON;50;3,90;5,80;3,30;0,40;98,40;63,10;-0,60;3,50;20;3,20;3,80;
2026-06-27 15:08:00.0;OFF;ON;50;3,90;5,80;3,30;0,40;98,40;63,10;-0,60;3,50;20;3,20;3,80;
2026-06-27 15:09:00.0;OFF;ON;50;3,80;5,80;3,30;0,40;98,40;63,10;-0,50;3,50;20;3,20;3,80;
2026-06-27 15:10:00.0;OFF;ON;50;3,80;5,80;3,30;0,40;98,40;63,10;-0,50;3,50;20;3,20;3,80;
2026-06-27 15:11:00.0;OFF;ON;50;3,80;5,80;3,30;0,40;98,40;63,10;-0,50;3,50;20;3,20;3,80;
2026-06-27 15:12:00.0;OFF;ON;50;3,80;5,80;3,30;0,40;98,40;63,10;-0,50;3,50;20;3,20;3,80;
2026-06-27 15:13:00.0;OFF;ON;50;3,90;5,80;3,30;0,40;98,40;63,10;-0,60;3,50;20;3,20;3,80;
2026-06-27 15:14:00.0;OFF;ON;50;3,80;5,80;3,30;0,40;98,40;63,10;-0,50;3,50;20;3,20;3,80;
2026-06-27 15:15:00.0;OFF;ON;50;4;5,80;3,30;0,40;98,40;63,10;-0,60;3,50;20;3,20;3,80;
2026-06-27 15:16:00.0;OFF;ON;50;4;5,90;3,40;0,40;98,40;63,20;-0,60;3,50;20;3,20;3,80;
2026-06-27 15:17:00.0;OFF;ON;50;3,90;5,90;3,40;0,40;98,40;63,10;-0,60;3,50;20;3,30;3,80;
2026-06-27 15:18:00.0;OFF;ON;50;4;5,90;3,40;0,40;98,40;63,10;-0,60;3,50;20;3,30;3,80;
2026-06-27 15:19:00.0;OFF;ON;50;3,90;5,90;3,40;0,40;98,40;63,10;-0,50;3,50;20;3,30;3,80;
2026-06-27 15:20:00.0;OFF;ON;50;4,10;5,90;3,40;0,30;98,40;63,10;-0,70;3,50;20;3,30;3,90;
2026-06-27 15:21:00.0;OFF;ON;50;3,90;5,90;3,40;0,30;98,40;63,10;-0,50;3,50;20;3,30;3,90;
2026-06-27 15:22:00.0;OFF;ON;50;4;5,90;3,40;0,30;98,40;63,10;-0,60;3,50;20;3,30;3,90;
2026-06-27 15:23:00.0;OFF;ON;50;3,90;5,90;3,40;0,30;98,40;63,10;-0,50;3,50;20;3,30;3,90;
2026-06-27 15:24:00.0;OFF;ON;50;4;5,90;3,40;0,30;98,40;63,10;-0,60;3,50;20;3,30;3,90;
2026-06-27 15:25:00.0;OFF;ON;50;4;5,90;3,40;0,30;98,40;63,20;-0,60;3,50;20;3,30;3,90;
2026-06-27 15:26:00.0;OFF;ON;50;4;5,90;3,40;0,30;98,40;63,10;-0,60;3,50;20;3,30;3,90;
2026-06-27 15:27:00.0;OFF;ON;50;4;5,90;3,40;0,30;98,40;63;-0,60;3,50;20;3,30;3,90;
2026-06-27 15:28:00.0;OFF;ON;50;4;5,90;3,40;0,30;98,40;63,10;-0,60;3,50;20;3,30;3,90;
2026-06-27 15:29:00.0;OFF;ON;50;4;5,90;3,40;0,30;98,40;63,10;-0,60;3,50;20;3,30;3,90;
2026-06-27 15:30:00.0;OFF;ON;50;3,90;5,90;3,40;0,30;98,40;63;-0,50;3,50;20;3,30;3,90;
2026-06-27 15:31:00.0;OFF;ON;50;3,90;5,90;3,40;0,30;98,40;63,10;-0,50;3,50;20;3,30;3,90;
2026-06-27 15:32:00.0;OFF;ON;50;3,90;5,90;3,40;0,30;98,40;63,10;-0,50;3,50;20;3,30;3,90;
2026-06-27 15:33:00.0;OFF;ON;50;3,90;5,90;3,40;0,30;98,40;63,10;-0,50;3,50;20;3,30;3,90;
2026-06-27 15:34:00.0;OFF;ON;50;4;5,90;3,40;0,30;98,40;63,10;-0,60;3,50;20;3,30;3,90;
2026-06-27 15:35:00.0;OFF;ON;50;4;5,90;3,40;0,30;98,40;63,10;-0,60;3,50;20;3,30;3,90;
2026-06-27 15:36:00.0;OFF;ON;50;3,90;5,90;3,40;0,30;98,40;63,10;-0,50;3,50;20;3,30;3,80;
2026-06-27 15:37:00.0;OFF;ON;50;3,90;5,90;3,40;0,30;98,40;63,10;-0,50;3,50;20;3,30;3,80;
2026-06-27 15:38:00.0;OFF;ON;50;4;5,90;3,40;0,30;98,40;63,10;-0,50;3,50;20;3,30;3,80;
2026-06-27 15:39:00.0;OFF;ON;50;3,90;5,90;3,40;0,30;98,40;63,10;-0,50;3,50;20;3,30;3,80;
2026-06-27 15:40:00.0;OFF;ON;50;3,90;5,90;3,40;0,30;98,40;63,10;-0,50;3,50;20;3,30;3,80;
2026-06-27 15:41:00.0;OFF;ON;50;3,90;5,90;3,40;0,30;98,40;63;-0,50;3,50;20;3,30;3,80;
2026-06-27 15:42:00.0;OFF;ON;50;4;5,90;3,40;0,30;98,40;63,10;-0,60;3,50;20;3,30;3,80;
2026-06-27 15:43:00.0;OFF;ON;50;3,90;5,90;3,40;0,30;98,40;63;-0,50;3,50;20;3,30;3,80;
2026-06-27 15:44:00.0;OFF;ON;50;3,90;5,90;3,40;0,30;98,40;63;-0,50;3,50;20;3,30;3,80;
2026-06-27 15:45:00.0;OFF;ON;50;4;5,90;3,40;0,30;98,40;63;-0,60;3,50;20;3,30;3,80;
2026-06-27 15:46:00.0;OFF;ON;50;4;5,90;3,40;0,30;98,40;63;-0,50;3,50;20;3,30;3,80;
2026-06-27 15:47:00.0;OFF;ON;50;3,90;5,90;3,40;0,30;98,40;63,10;-0,50;3,50;20;3,30;3,80;
2026-06-27 15:48:00.0;OFF;ON;50;4;5,90;3,40;0,30;98,40;63,10;-0,60;3,50;20;3,30;3,80;
2026-06-27 15:49:00.0;OFF;ON;50;3,90;5,90;3,40;0,30;98,40;63,10;-0,50;3,50;20;3,30;3,80;
2026-06-27 15:50:00.0;OFF;ON;50;4;5,90;3,40;0,30;98,40;63;-0,60;3,50;20;3,30;3,80;
2026-06-27 15:51:00.0;OFF;ON;50;4,10;5,90;3,40;0,30;98,40;63,10;-0,60;3,50;20;3,30;3,80;
2026-06-27 15:52:00.0;OFF;ON;50;3,90;5,90;3,40;0,30;98,40;63;-0,50;3,50;20;3,30;3,90;
2026-06-27 15:53:00.0;OFF;ON;50;4;5,90;3,40;0,30;98,40;63;-0,60;3,50;20;3,40;3,90;
2026-06-27 15:54:00.0;OFF;ON;50;4;6;3,50;0,30;98,40;63;-0,50;3,50;20;3,40;3,90;
2026-06-27 15:55:00.0;OFF;ON;50;4;6;3,50;0,30;98,40;63,10;-0,50;3,50;20;3,40;3,90;
2026-06-27 15:56:00.0;OFF;ON;50;4;6;3,50;0,30;98,40;63;-0,60;3,50;20;3,40;3,90;
2026-06-27 15:57:00.0;OFF;ON;50;4,10;6;3,50;0,30;98,40;63,10;-0,60;3,50;20;3,40;3,90;
2026-06-27 15:58:00.0;OFF;ON;50;4;6;3,50;0,30;98,40;63,10;-0,60;3,50;20;3,40;3,90;
2026-06-27 15:59:00.0;OFF;ON;50;4,10;6;3,50;0,30;98,40;63;-0,60;3,50;20;3,40;4;
2026-06-27 16:00:00.0;OFF;ON;50;4,10;6;3,50;0,30;98,40;63,10;-0,60;3,50;20;3,40;3,90;
2026-06-27 16:01:00.0;OFF;ON;50;4;6;3,50;0,30;98,40;63,10;-0,50;3,50;20;3,40;3,90;
2026-06-27 16:02:00.0;OFF;ON;50;4;6;3,50;0,30;98,40;63;-0,50;3,50;20;3,40;3,90;
2026-06-27 16:03:00.0;OFF;ON;50;4;6;3,50;0,30;98,40;63;-0,50;3,50;20;3,40;3,90;
2026-06-27 16:04:00.0;OFF;ON;50;4;6;3,50;0,30;98,40;63,10;-0,50;3,50;20;3,40;3,90;
2026-06-27 16:05:00.0;OFF;ON;50;4;6;3,50;0,30;98,40;63;-0,50;3,50;20;3,40;3,90;
2026-06-27 16:06:00.0;OFF;ON;50;4,10;6;3,50;0,30;98,40;63;-0,60;3,50;20;3,40;3,90;
2026-06-27 16:07:00.0;OFF;ON;50;4,10;6;3,50;0,30;98,40;63;-0,60;3,50;20;3,40;3,90;
2026-06-27 16:08:00.0;OFF;ON;50;4,10;6;3,50;0,30;98,40;63;-0,60;3,50;20;3,40;3,90;
2026-06-27 16:09:00.0;OFF;ON;50;4;6;3,50;0,30;98,40;63,10;-0,50;3,50;20;3,40;3,90;
2026-06-27 16:10:00.0;OFF;ON;50;4;6;3,50;0,30;98,40;63;-0,50;3,50;20;3,40;3,90;
2026-06-27 16:11:00.0;OFF;ON;50;4;6;3,50;0,30;98,40;63;-0,50;3,50;20;3,40;3,90;
2026-06-27 16:12:00.0;OFF;ON;50;4,10;6;3,50;0,30;98,40;63;-0,60;3,50;20;3,40;3,90;
2026-06-27 16:13:00.0;OFF;ON;50;3,90;6;3,50;0,30;98,40;63;-0,50;3,50;20;3,40;3,90;
2026-06-27 16:14:00.0;OFF;ON;50;4;6;3,50;0,30;98,40;63;-0,50;3,50;20;3,40;3,90;
2026-06-27 16:15:00.0;OFF;ON;50;3,90;6;3,50;0,30;98,40;63;-0,50;3,50;20;3,40;3,90;
2026-06-27 16:16:00.0;OFF;ON;50;4;6;3,50;0,30;98,40;63;-0,60;3,50;20;3,40;3,90;
2026-06-27 16:17:00.0;OFF;ON;50;4;6;3,50;0,30;98,40;63;-0,50;3,50;20;3,40;3,90;
2026-06-27 16:18:00.0;OFF;ON;50;3,90;6;3,50;0,30;98,40;63;-0,40;3,50;20;3,40;3,90;
2026-06-27 16:19:00.0;OFF;ON;50;4;6;3,50;0,30;98,40;63,10;-0,50;3,50;20;3,40;3,90;
2026-06-27 16:20:00.0;OFF;ON;50;3,90;6;3,50;0,30;98,40;63;-0,40;3,50;20;3,40;3,90;
2026-06-27 16:21:00.0;OFF;ON;50;4;6;3,50;0,30;98,40;63;-0,50;3,50;20;3,40;3,90;
2026-06-27 16:22:00.0;OFF;ON;50;4;6;3,50;0,30;98,40;63;-0,50;3,50;20;3,40;3,90;
2026-06-27 16:23:00.0;OFF;ON;50;3,90;6;3,50;0,30;98,40;63;-0,40;3,50;20;3,40;3,90;
2026-06-27 16:24:00.0;OFF;ON;50;4;6;3,50;0,30;98,40;63;-0,50;3,50;20;3,40;3,90;
2026-06-27 16:25:00.0;OFF;ON;50;4,10;6;3,50;0,30;98,40;63,10;-0,60;3,50;20;3,40;3,90;
2026-06-27 16:26:00.0;OFF;ON;50;3,90;6;3,50;0,30;98,40;63;-0,40;3,50;20;3,40;3,90;
2026-06-27 16:27:00.0;OFF;ON;50;4;6;3,50;0,30;98,40;63;-0,50;3,50;20;3,40;3,90;
2026-06-27 16:28:00.0;OFF;ON;50;4;6;3,50;0,30;98,40;63;-0,50;3,50;20;3,40;3,90;
2026-06-27 16:29:00.0;OFF;ON;50;4,10;6;3,50;0,30;98,40;63,10;-0,60;3,50;20;3,40;3,90;
2026-06-27 16:30:00.0;OFF;ON;50;4;6;3,50;0,30;98,40;63;-0,50;3,50;20;3,40;4;
2026-06-27 16:31:00.0;OFF;ON;50;4;6;3,50;0,30;98,40;63;-0,40;3,50;20;3,40;4;
2026-06-27 16:32:00.0;OFF;ON;50;4,20;6;3,50;0,30;98,40;63;-0,60;3,50;20;3,40;4;
2026-06-27 16:33:00.0;OFF;ON;50;4,10;6;3,50;0,30;98,40;63;-0,60;3,50;20;3,40;4;
2026-06-27 16:34:00.0;OFF;ON;50;4,20;6,10;3,60;0,30;98,40;63;-0,60;3,50;20;3,50;4;
2026-06-27 16:35:00.0;OFF;ON;50;4,10;6,10;3,60;0,30;98,40;63;-0,50;3,50;20;3,50;4;
2026-06-27 16:36:00.0;OFF;ON;50;4,10;6,10;3,60;0,30;98,40;63;-0,60;3,50;20;3,50;4;
2026-06-27 16:37:00.0;OFF;ON;50;4,20;6,10;3,60;0,30;98,40;63,10;-0,60;3,50;20;3,50;4;
2026-06-27 16:38:00.0;OFF;ON;50;4,20;6,10;3,60;0,30;98,40;63;-0,60;3,50;20;3,50;4;
2026-06-27 16:39:00.0;OFF;ON;50;4,10;6,10;3,60;0,30;98,40;63;-0,50;3,50;20;3,50;4;
2026-06-27 16:40:00.0;OFF;ON;50;4,20;6,10;3,60;0,30;98,40;63;-0,60;3,50;20;3,50;4;
2026-06-27 16:41:00.0;OFF;ON;50;4,20;6,10;3,60;0,30;98,40;63;-0,60;3,50;20;3,50;4;
2026-06-27 16:42:00.0;OFF;ON;50;4,10;6,10;3,60;0,30;98,40;63;-0,50;3,50;20;3,50;4;
2026-06-27 16:43:00.0;OFF;ON;50;4,10;6,10;3,60;0,30;98,40;63;-0,50;3,50;20;3,50;4;
2026-06-27 16:44:00.0;OFF;ON;50;4,20;6,10;3,60;0,30;98,40;63;-0,60;3,50;20;3,50;4;
2026-06-27 16:45:00.0;OFF;ON;50;4,10;6,10;3,60;0,30;98,40;63;-0,50;3,50;20;3,50;4;
2026-06-27 16:46:00.0;OFF;ON;50;4,10;6,10;3,60;0,30;98,40;63;-0,50;3,50;20;3,50;4;
2026-06-27 16:47:00.0;OFF;ON;50;4;6,10;3,60;0,30;98,40;63;-0,40;3,50;20;3,50;4;
2026-06-27 16:48:00.0;OFF;ON;50;4;6,10;3,60;0,30;98,40;63;-0,50;3,50;20;3,50;4;
2026-06-27 16:49:00.0;OFF;ON;50;4;6,10;3,60;0,30;98,40;63;-0,50;3,50;20;3,50;4;
2026-06-27 16:50:00.0;OFF;ON;50;4;6,10;3,60;0,30;98,40;63;-0,50;3,50;20;3,50;4;
2026-06-27 16:51:00.0;OFF;ON;50;4,10;6,10;3,60;0,30;98,40;63;-0,60;3,50;20;3,50;4;
2026-06-27 16:52:00.0;OFF;ON;50;4;6,10;3,60;0,30;98,40;63;-0,40;3,50;20;3,50;4;
2026-06-27 16:53:00.0;OFF;ON;50;4;6,10;3,60;0,30;98,40;63;-0,40;3,50;20;3,50;4;
2026-06-27 16:54:00.0;OFF;ON;50;4,10;6,10;3,60;0,30;98,40;63;-0,50;3,50;20;3,50;4;
2026-06-27 16:55:00.0;OFF;ON;50;4,10;6,10;3,60;0,30;98,40;63;-0,60;3,50;20;3,50;4;
2026-06-27 16:56:00.0;OFF;ON;50;4,10;6,10;3,60;0,30;98,40;63;-0,50;3,50;20;3,50;4;
2026-06-27 16:57:00.0;OFF;ON;50;4;6,10;3,60;0,30;98,40;63;-0,50;3,50;20;3,50;4;
2026-06-27 16:58:00.0;OFF;ON;50;4,10;6,10;3,60;0,30;98,40;63;-0,50;3,50;20;3,50;4;
2026-06-27 16:59:00.0;OFF;ON;50;4,10;6,10;3,60;0,30;98,40;63;-0,50;3,50;20;3,50;4;
2026-06-27 17:00:00.0;OFF;ON;50;4;6,10;3,60;0,30;98,40;63;-0,40;3,50;20;3,50;4;
2026-06-27 17:01:00.0;OFF;ON;50;4;6,10;3,60;0,30;98,40;63;-0,40;3,50;20;3,50;4;
2026-06-27 17:02:00.0;OFF;ON;50;4;6,10;3,60;0,30;98,40;63;-0,40;3,50;20;3,50;4;
2026-06-27 17:03:00.0;OFF;ON;50;4,10;6,10;3,60;0,30;98,40;63;-0,50;3,50;20;3,50;4;
2026-06-27 17:04:00.0;OFF;ON;50;4,10;6,10;3,60;0,30;98,40;63;-0,50;3,50;20;3,50;4;
2026-06-27 17:05:00.0;OFF;ON;50;4,10;6,10;3,60;0,30;98,40;63;-0,50;3,50;20;3,50;4;
2026-06-27 17:06:00.0;OFF;ON;50;4,10;6,10;3,60;0,30;98,40;63;-0,50;3,50;20;3,50;4;
2026-06-27 17:07:00.0;OFF;ON;50;4,10;6,10;3,60;0,30;98,40;63;-0,50;3,50;20;3,50;4;
2026-06-27 17:08:00.0;OFF;ON;50;4,20;6,10;3,60;0,30;98,40;63;-0,60;3,50;20;3,50;4,10;
2026-06-27 17:09:00.0;OFF;ON;50;4,20;6,10;3,60;0,30;98,40;63;-0,60;3,50;20;3,50;4;
2026-06-27 17:10:00.0;OFF;ON;50;4,30;6,10;3,60;0,30;98,40;63;-0,60;3,50;20;3,50;4,10;
2026-06-27 17:11:00.0;OFF;ON;50;4,10;6,10;3,60;0,30;98,40;63;-0,50;3,50;20;3,50;4,10;
2026-06-27 17:12:00.0;OFF;ON;50;4,20;6,10;3,60;0,30;98,40;63;-0,50;3,50;20;3,50;4,10;
2026-06-27 17:13:00.0;OFF;ON;50;4,20;6,10;3,60;0,30;98,40;63;-0,60;3,50;20;3,50;4,10;
2026-06-27 17:14:00.0;OFF;ON;50;4,20;6,10;3,60;0,30;98,40;63;-0,60;3,50;20;3,50;4,10;
2026-06-27 17:15:00.0;OFF;ON;50;4,10;6,10;3,60;0,30;98,40;63;-0,50;3,50;20;3,60;4,10;
2026-06-27 17:16:00.0;OFF;ON;50;4,20;6,10;3,60;0,30;98,40;63;-0,50;3,50;20;3,50;4,10;
2026-06-27 17:17:00.0;OFF;ON;50;4,10;6,10;3,60;0,30;98,40;63;-0,50;3,50;20;3,60;4,10;
2026-06-27 17:18:00.0;OFF;ON;50;4,10;6,10;3,60;0,30;98,40;63;-0,40;3,50;20;3,60;4,10;
2026-06-27 17:19:00.0;OFF;ON;50;4,20;6,10;3,60;0,30;98,40;63;-0,60;3,50;20;3,50;4,10;
2026-06-27 17:20:00.0;OFF;ON;50;4,10;6,10;3,60;0,30;98,40;63;-0,50;3,50;20;3,50;4,10;
2026-06-27 17:21:00.0;OFF;ON;50;4,10;6,10;3,60;0,30;98,40;63;-0,40;3,50;20;3,50;4,10;
2026-06-27 17:22:00.0;OFF;ON;50;4,10;6,10;3,60;0,30;98,40;63;-0,50;3,50;20;3,60;4,10;
2026-06-27 17:23:00.0;OFF;ON;50;4,10;6,10;3,60;0,30;98,40;63;-0,50;3,50;20;3,60;4,10;
2026-06-27 17:24:00.0;OFF;ON;50;4,20;6,10;3,60;0,30;98,40;63;-0,50;3,50;20;3,50;4,10;
2026-06-27 17:25:00.0;OFF;ON;50;4,20;6,20;3,70;0,30;98,40;63;-0,50;3,50;20;3,60;4,10;
2026-06-27 17:26:00.0;OFF;ON;50;4,20;6,20;3,70;0,30;98,40;63;-0,60;3,50;20;3,60;4,10;
2026-06-27 17:27:00.0;OFF;ON;50;4,20;6,10;3,60;0,30;98,40;63;-0,60;3,50;20;3,60;4,10;
2026-06-27 17:28:00.0;OFF;ON;50;4,20;6,20;3,70;0,30;98,40;63;-0,60;3,50;20;3,50;4,10;
2026-06-27 17:29:00.0;OFF;ON;50;4,20;6,20;3,70;0,30;98,40;63;-0,50;3,50;20;3,50;4,10;
2026-06-27 17:30:00.0;OFF;ON;50;4,10;6,10;3,60;0,30;98,40;63;-0,40;3,50;20;3,60;4,10;
2026-06-27 17:31:00.0;OFF;ON;50;4,10;6,10;3,60;0,30;98,40;63;-0,50;3,50;20;3,50;4,10;
2026-06-27 17:32:00.0;OFF;ON;50;4,20;6,10;3,60;0,30;98,40;63;-0,50;3,50;20;3,50;4,10;
2026-06-27 17:33:00.0;OFF;ON;50;4,20;6,10;3,60;0,30;98,40;63;-0,50;3,50;20;3,50;4,10;
2026-06-27 17:34:00.0;OFF;ON;50;4,10;6,20;3,70;0,30;98,40;63;-0,40;3,50;20;3,60;4,10;
2026-06-27 17:35:00.0;OFF;ON;50;4,10;6,10;3,60;0,30;98,40;62,90;-0,40;3,50;20;3,60;4,10;
2026-06-27 17:36:00.0;OFF;ON;50;4,10;6,20;3,70;0,30;98,40;63;-0,40;3,50;20;3,60;4,10;
2026-06-27 17:37:00.0;OFF;ON;50;4;6,20;3,70;0,30;98,40;63;-0,40;3,50;20;3,60;4,10;
2026-06-27 17:38:00.0;OFF;ON;50;4,20;6,10;3,60;0,30;98,40;63;-0,50;3,50;20;3,60;4,10;
2026-06-27 17:39:00.0;OFF;ON;50;4,10;6,10;3,60;0,30;98,40;62,90;-0,40;3,50;20;3,60;4,10;
2026-06-27 17:40:00.0;OFF;ON;50;4,20;6,10;3,60;0,30;98,40;63;-0,50;3,50;20;3,50;4,10;
2026-06-27 17:41:00.0;OFF;ON;50;4,10;6,20;3,70;0,30;98,40;63;-0,50;3,50;20;3,60;4,10;
2026-06-27 17:42:00.0;OFF;ON;50;4,30;6,20;3,70;0,30;98,40;63;-0,60;3,50;20;3,50;4,10;
2026-06-27 17:43:00.0;OFF;ON;50;4,10;6,20;3,70;0,30;98,40;63;-0,50;3,50;20;3,60;4,10;
2026-06-27 17:44:00.0;OFF;ON;50;4,20;6,20;3,70;0,30;98,40;63;-0,50;3,50;20;3,60;4,10;
2026-06-27 17:45:00.0;OFF;ON;50;4,30;6,20;3,70;0,30;98,40;63;-0,60;3,50;20;3,60;4,10;
2026-06-27 17:46:00.0;OFF;ON;50;4,20;6,20;3,70;0,30;98,40;63;-0,50;3,50;20;3,60;4,10;
2026-06-27 17:47:00.0;OFF;ON;50;4,20;6,20;3,70;0,30;98,40;63;-0,50;3,50;20;3,60;4,10;
2026-06-27 17:48:00.0;OFF;ON;50;4,10;6,20;3,70;0,30;98,40;63;-0,40;3,50;20;3,60;4,10;
2026-06-27 17:49:00.0;OFF;ON;50;4,20;6,20;3,70;0,30;98,40;63;-0,50;3,50;20;3,60;4,10;
2026-06-27 17:50:00.0;OFF;ON;50;4,20;6,20;3,70;0,30;98,40;63;-0,50;3,50;20;3,60;4,10;
2026-06-27 17:51:00.0;OFF;ON;50;4,30;6,20;3,70;0,30;98,40;63;-0,60;3,50;20;3,60;4,10;
2026-06-27 17:52:00.0;OFF;ON;50;4,20;6,20;3,70;0,30;98,40;63;-0,50;3,50;20;3,60;4,10;
2026-06-27 17:53:00.0;OFF;ON;50;4,20;6,20;3,70;0,30;98,40;63;-0,50;3,50;20;3,60;4,10;
2026-06-27 17:54:00.0;OFF;ON;50;4,20;6,20;3,70;0,30;98,40;63;-0,50;3,50;20;3,60;4,10;
2026-06-27 17:55:00.0;OFF;ON;50;4,20;6,20;3,70;0,30;98,40;63;-0,50;3,50;20;3,60;4,10;
2026-06-27 17:56:00.0;OFF;ON;50;4,20;6,20;3,70;0,30;98,40;63;-0,50;3,50;20;3,60;4,10;
2026-06-27 17:57:00.0;OFF;ON;50;4,10;6,20;3,70;0,30;98,40;63;-0,40;3,50;20;3,60;4,10;
2026-06-27 17:58:00.0;OFF;ON;50;4,20;6,20;3,70;0,40;98,30;63;-0,50;3,50;20;3,60;4,10;
2026-06-27 17:59:00.0;OFF;ON;50;4,10;6,20;3,70;0,40;98,30;63;-0,40;3,50;20;3,60;4,10;
2026-06-27 18:00:00.0;OFF;ON;50;4,10;6,20;3,70;0,40;98,30;63;-0,40;3,50;20;3,60;4,10;
2026-06-27 18:01:00.0;OFF;ON;50;4,10;6,20;3,70;0,40;98,30;63;-0,40;3,50;20;3,60;4,10;
2026-06-27 18:02:00.0;OFF;ON;50;4,10;6,20;3,70;0,40;98,30;63;-0,40;3,50;20;3,60;4,10;
2026-06-27 18:03:00.0;OFF;ON;50;4,20;6,20;3,70;0,40;98,30;63;-0,50;3,50;20;3,60;4,10;
2026-06-27 18:04:00.0;OFF;ON;50;4,30;6,20;3,70;0,40;98,30;62,90;-0,50;3,50;20;3,60;4,10;
2026-06-27 18:05:00.0;OFF;ON;50;4,30;6,20;3,70;0,40;98,30;63;-0,60;3,50;20;3,60;4,10;
2026-06-27 18:06:00.0;OFF;ON;50;4,30;6,20;3,70;0,40;98,30;63;-0,60;3,50;20;3,60;4,10;
2026-06-27 18:07:00.0;OFF;ON;50;4,20;6,20;3,70;0,40;98,30;62,90;-0,50;3,50;20;3,60;4,10;
2026-06-27 18:08:00.0;OFF;ON;50;4,10;6,20;3,70;0,40;98,30;63;-0,40;3,50;20;3,60;4,10;
2026-06-27 18:09:00.0;OFF;ON;50;4,10;6,20;3,70;0,40;98,30;62,90;-0,40;3,50;20;3,60;4,10;
2026-06-27 18:10:00.0;OFF;ON;50;4,10;6,20;3,70;0,40;98,30;63;-0,40;3,50;20;3,60;4,10;
2026-06-27 18:11:00.0;OFF;ON;50;4,20;6,20;3,70;0,40;98,30;62,90;-0,50;3,50;20;3,60;4,10;
2026-06-27 18:12:00.0;OFF;ON;50;4,10;6,20;3,70;0,40;98,30;63;-0,40;3,50;20;3,60;4,10;
2026-06-27 18:13:00.0;OFF;ON;50;4,10;6,20;3,70;0,40;98,30;62,90;-0,40;3,50;20;3,60;4,10;
2026-06-27 18:14:00.0;OFF;ON;50;4,10;6,20;3,70;0,40;98,30;62,90;-0,40;3,50;20;3,60;4,10;
2026-06-27 18:15:00.0;OFF;ON;50;4,20;6,20;3,70;0,40;98,30;62,90;-0,50;3,50;20;3,60;4,10;
2026-06-27 18:16:00.0;OFF;ON;50;4,30;6,20;3,70;0,40;98,30;63;-0,60;3,50;20;3,60;4,10;
2026-06-27 18:17:00.0;OFF;ON;50;4,30;6,20;3,70;0,40;98,30;63;-0,60;3,50;20;3,60;4,10;
2026-06-27 18:18:00.0;OFF;ON;50;4,20;6,20;3,70;0,40;98,30;62,90;-0,50;3,50;20;3,60;4,10;
2026-06-27 18:19:00.0;OFF;ON;50;4,30;6,20;3,70;0,40;98,30;63;-0,60;3,50;20;3,60;4,10;
2026-06-27 18:20:00.0;OFF;ON;50;4,20;6,20;3,70;0,40;98,30;63;-0,50;3,50;20;3,60;4,20;
2026-06-27 18:21:00.0;OFF;ON;50;4,20;6,20;3,70;0,40;98,30;63;-0,40;3,50;20;3,60;4,20;
2026-06-27 18:22:00.0;OFF;ON;50;4,40;6,20;3,70;0,40;98,30;63;-0,60;3,50;20;3,60;4,20;
2026-06-27 18:23:00.0;OFF;ON;50;4,40;6,20;3,70;0,40;98,30;62,90;-0,60;3,50;20;3,60;4,20;
2026-06-27 18:24:00.0;OFF;ON;50;4,30;6,30;3,80;0,40;98,30;63;-0,60;3,50;20;3,70;4,20;
2026-06-27 18:25:00.0;OFF;ON;50;4,30;6,30;3,80;0,40;98,30;63;-0,60;3,50;20;3,70;4,20;
2026-06-27 18:26:00.0;OFF;ON;50;4,40;6,30;3,80;0,40;98,30;62,90;-0,60;3,50;20;3,70;4,20;
2026-06-27 18:27:00.0;OFF;ON;50;4,30;6,30;3,80;0,40;98,30;62,90;-0,50;3,50;20;3,70;4,20;
2026-06-27 18:28:00.0;OFF;ON;50;4,30;6,30;3,80;0,40;98,30;62,90;-0,60;3,50;20;3,70;4,20;
2026-06-27 18:29:00.0;OFF;ON;50;4,20;6,30;3,80;0,40;98,30;62,90;-0,40;3,50;20;3,70;4,20;
2026-06-27 18:30:00.0;OFF;ON;50;4,20;6,30;3,80;0,40;98,30;63;-0,50;3,50;20;3,70;4,20;
2026-06-27 18:31:00.0;OFF;ON;50;4,20;6,30;3,80;0,40;98,30;63;-0,50;3,50;20;3,70;4,20;
2026-06-27 18:32:00.0;OFF;ON;50;4,40;6,30;3,80;0,40;98,30;62,90;-0,60;3,50;20;3,70;4,20;
2026-06-27 18:33:00.0;OFF;ON;50;4,20;6,30;3,80;0,40;98,30;63;-0,40;3,50;20;3,70;4,20;
2026-06-27 18:34:00.0;OFF;ON;50;4,20;6,30;3,80;0,40;98,30;63;-0,40;3,50;20;3,70;4,20;
2026-06-27 18:35:00.0;OFF;ON;50;4,30;6,30;3,80;0,40;98,30;62,90;-0,50;3,50;20;3,70;4,20;
2026-06-27 18:36:00.0;OFF;ON;50;4,30;6,30;3,80;0,40;98,30;62,90;-0,50;3,50;20;3,70;4,20;
2026-06-27 18:37:00.0;OFF;ON;50;4,30;6,30;3,80;0,40;98,30;62,90;-0,50;3,50;20;3,70;4,20;
2026-06-27 18:38:00.0;OFF;ON;50;4,30;6,30;3,80;0,40;98,30;63;-0,60;3,50;20;3,70;4,20;
2026-06-27 18:39:00.0;OFF;ON;50;4,30;6,30;3,80;0,40;98,30;63;-0,50;3,50;20;3,70;4,20;
2026-06-27 18:40:00.0;OFF;ON;50;4,20;6,30;3,80;0,40;98,30;62,90;-0,40;3,50;20;3,70;4,20;
2026-06-27 18:41:00.0;OFF;ON;50;4,30;6,30;3,80;0,40;98,30;62,90;-0,50;3,50;20;3,70;4,20;
2026-06-27 18:42:00.0;OFF;ON;50;4,30;6,30;3,80;0,40;98,30;62,90;-0,50;3,50;20;3,70;4,20;
2026-06-27 18:43:00.0;OFF;ON;50;4,20;6,30;3,80;0,40;98,30;62,90;-0,40;3,50;20;3,70;4,20;
2026-06-27 18:44:00.0;OFF;ON;50;4,20;6,30;3,80;0,40;98,30;62,90;-0,40;3,50;20;3,70;4,20;
2026-06-27 18:45:00.0;OFF;ON;50;4,20;6,30;3,80;0,40;98,30;62,90;-0,50;3,50;20;3,70;4,20;
2026-06-27 18:46:00.0;OFF;ON;50;4,20;6,30;3,80;0,40;98,40;62,90;-0,40;3,50;20;3,70;4,20;
2026-06-27 18:47:00.0;OFF;ON;50;4,20;6,30;3,80;0,40;98,40;62,90;-0,40;3,50;20;3,70;4,20;
2026-06-27 18:48:00.0;OFF;ON;50;4,30;6,30;3,80;0,40;98,40;62,80;-0,50;3,50;20;3,70;4,20;
2026-06-27 18:49:00.0;OFF;ON;50;4,20;6,30;3,80;0,40;98,40;62,90;-0,40;3,50;20;3,70;4,20;
2026-06-27 18:50:00.0;OFF;ON;50;4,20;6,30;3,80;0,40;98,40;63;-0,50;3,50;20;3,70;4,20;
2026-06-27 18:51:00.0;OFF;ON;50;4,30;6,30;3,80;0,40;98,40;63;-0,50;3,50;20;3,70;4,20;
2026-06-27 18:52:00.0;OFF;ON;50;4,20;6,30;3,80;0,40;98,40;62,90;-0,40;3,50;20;3,70;4,20;
2026-06-27 18:53:00.0;OFF;ON;50;4,30;6,30;3,80;0,40;98,40;62,90;-0,50;3,50;20;3,70;4,20;
2026-06-27 18:54:00.0;OFF;ON;50;4,20;6,30;3,80;0,40;98,40;62,90;-0,40;3,50;20;3,70;4,20;
2026-06-27 18:55:00.0;OFF;ON;50;4,40;6,30;3,80;0,40;98,40;63;-0,60;3,50;20;3,70;4,20;
2026-06-27 18:56:00.0;OFF;ON;50;4,20;6,30;3,80;0,40;98,40;62,90;-0,50;3,50;20;3,70;4,20;
2026-06-27 18:57:00.0;OFF;ON;50;4,30;6,30;3,80;0,40;98,40;62,90;-0,50;3,50;20;3,70;4,20;
2026-06-27 18:58:00.0;OFF;ON;50;4,30;6,30;3,80;0,40;98,40;62,90;-0,50;3,50;20;3,70;4,20;
2026-06-27 18:59:00.0;OFF;ON;50;4,40;6,30;3,80;0,40;98,40;62,90;-0,60;3,50;20;3,70;4,20;
2026-06-27 19:00:00.0;OFF;ON;50;4,40;6,30;3,80;0,40;98,40;62,90;-0,60;3,50;20;3,70;4,20;
2026-06-27 19:01:00.0;OFF;ON;50;4,40;6,30;3,80;0,40;98,40;62,90;-0,50;3,50;20;3,70;4,20;
2026-06-27 19:02:00.0;OFF;ON;50;4,30;6,30;3,80;0,40;98,40;62,90;-0,40;3,50;20;3,70;4,30;
2026-06-27 19:03:00.0;OFF;ON;50;4,40;6,30;3,80;0,40;98,40;62,90;-0,60;3,50;20;3,70;4,30;
2026-06-27 19:04:00.0;OFF;ON;50;4,40;6,30;3,80;0,40;98,40;62,80;-0,60;3,50;20;3,70;4,30;
2026-06-27 19:05:00.0;OFF;ON;50;4,30;6,30;3,80;0,40;98,40;62,90;-0,50;3,50;20;3,70;4,20;
2026-06-27 19:06:00.0;OFF;ON;50;4,40;6,30;3,80;0,40;98,40;62,90;-0,50;3,50;20;3,70;4,20;
2026-06-27 19:07:00.0;OFF;ON;50;4,40;6,30;3,80;0,40;98,40;62,90;-0,60;3,50;20;3,70;4,20;
2026-06-27 19:08:00.0;OFF;ON;50;4,40;6,30;3,80;0,40;98,40;62,90;-0,60;3,50;20;3,70;4,20;
2026-06-27 19:09:00.0;OFF;ON;50;4,40;6,30;3,80;0,40;98,40;62,90;-0,60;3,50;20;3,70;4,20;
2026-06-27 19:10:00.0;OFF;ON;50;4,40;6,30;3,80;0,40;98,40;62,90;-0,60;3,50;20;3,70;4,20;
2026-06-27 19:11:00.0;OFF;ON;50;4,30;6,30;3,80;0,40;98,40;62,90;-0,40;3,50;20;3,70;4,20;
2026-06-27 19:12:00.0;OFF;ON;50;4,30;6,30;3,80;0,40;98,40;62,90;-0,50;3,50;20;3,70;4,20;
2026-06-27 19:13:00.0;OFF;ON;50;4,40;6,30;3,80;0,40;98,40;62,90;-0,50;3,50;20;3,70;4,20;
2026-06-27 19:14:00.0;OFF;ON;50;4,20;6,30;3,80;0,40;98,40;62,90;-0,40;3,50;20;3,70;4,20;
2026-06-27 19:15:00.0;OFF;ON;50;4,40;6,30;3,80;0,40;98,40;62,90;-0,50;3,50;20;3,70;4,20;
2026-06-27 19:16:00.0;OFF;ON;50;4,30;6,30;3,80;0,40;98,40;62,90;-0,50;3,50;20;3,70;4,20;
2026-06-27 19:17:00.0;OFF;ON;50;4,20;6,30;3,80;0,40;98,40;62,90;-0,40;3,50;20;3,70;4,20;
2026-06-27 19:18:00.0;OFF;ON;50;4,40;6,30;3,80;0,40;98,40;62,90;-0,50;3,50;20;3,70;4,20;
2026-06-27 19:19:00.0;OFF;ON;50;4,40;6,30;3,80;0,40;98,40;62,90;-0,50;3,50;20;3,70;4,20;
2026-06-27 19:20:00.0;OFF;ON;50;4,30;6,30;3,80;0,40;98,40;62,90;-0,40;3,50;20;3,70;4,20;
2026-06-27 19:21:00.0;OFF;ON;50;4,20;6,30;3,80;0,40;98,40;62,80;-0,40;3,50;20;3,70;4,20;
2026-06-27 19:22:00.0;OFF;ON;50;4,30;6,30;3,80;0,40;98,40;62,90;-0,40;3,50;20;3,70;4,20;
2026-06-27 19:23:00.0;OFF;ON;50;4,20;6,30;3,80;0,40;98,40;62,90;-0,40;3,50;20;3,70;4,20;
2026-06-27 19:24:00.0;OFF;ON;50;4,40;6,30;3,80;0,40;98,40;62,90;-0,60;3,50;20;3,70;4,20;
2026-06-27 19:25:00.0;OFF;ON;50;4,30;6,30;3,80;0,40;98,40;62,90;-0,40;3,50;20;3,70;4,20;
2026-06-27 19:26:00.0;OFF;ON;50;4,30;6,30;3,80;0,40;98,40;62,90;-0,50;3,50;20;3,70;4,20;
2026-06-27 19:27:00.0;OFF;ON;50;4,30;6,30;3,80;0,40;98,40;62,90;-0,40;3,50;20;3,80;4,20;
2026-06-27 19:28:00.0;OFF;ON;50;4,20;6,30;3,80;0,40;98,40;62,90;-0,40;3,50;20;3,70;4,20;
2026-06-27 19:29:00.0;OFF;ON;50;4,30;6,30;3,80;0,40;98,40;62,90;-0,40;3,50;20;3,70;4,20;
2026-06-27 19:30:00.0;OFF;ON;50;4,40;6,30;3,80;0,40;98,40;62,80;-0,50;3,50;20;3,70;4,20;
2026-06-27 19:31:00.0;OFF;ON;50;4,20;6,30;3,80;0,40;98,40;62,90;-0,40;3,50;20;3,70;4,20;
2026-06-27 19:32:00.0;OFF;ON;50;4,30;6,30;3,80;0,40;98,40;62,90;-0,40;3,50;20;3,70;4,20;
2026-06-27 19:33:00.0;OFF;ON;50;4,30;6,30;3,80;0,40;98,40;62,80;-0,50;3,50;20;3,70;4,20;
2026-06-27 19:34:00.0;OFF;ON;50;4,40;6,30;3,80;0,40;98,40;62,90;-0,50;3,50;20;3,80;4,30;
2026-06-27 19:35:00.0;OFF;ON;50;4,40;6,30;3,80;0,40;98,40;62,90;-0,50;3,50;20;3,80;4,30;
2026-06-27 19:36:00.0;OFF;ON;50;4,30;6,40;3,90;0,40;98,40;62,90;-0,50;3,50;20;3,80;4,30;
2026-06-27 19:37:00.0;OFF;ON;50;4,50;6,40;3,90;0,40;98,40;62,90;-0,60;3,50;20;3,80;4,30;
2026-06-27 19:38:00.0;OFF;ON;50;4,30;6,40;3,90;0,40;98,40;62,90;-0,50;3,50;20;3,80;4,30;
2026-06-27 19:39:00.0;OFF;ON;50;4,50;6,40;3,90;0,40;98,40;62,90;-0,60;3,50;20;3,80;4,30;
2026-06-27 19:40:00.0;OFF;ON;50;4,40;6,40;3,90;0,40;98,40;62,90;-0,50;3,50;20;3,80;4,30;
2026-06-27 19:41:00.0;OFF;ON;50;4,40;6,40;3,90;0,50;98,40;62,90;-0,50;3,50;20;3,80;4,30;
2026-06-27 19:42:00.0;OFF;ON;50;4,40;6,40;3,90;0,50;98,40;62,90;-0,50;3,50;20;3,80;4,30;
2026-06-27 19:43:00.0;OFF;ON;50;4,30;6,40;3,90;0,50;98,40;62,90;-0,50;3,50;20;3,80;4,30;
2026-06-27 19:44:00.0;OFF;ON;50;4,50;6,40;3,90;0,50;98,40;62,90;-0,60;3,50;20;3,80;4,30;
2026-06-27 19:45:00.0;OFF;ON;50;4,40;6,40;3,90;0,50;98,40;62,80;-0,50;3,50;20;3,80;4,30;
2026-06-27 19:46:00.0;OFF;ON;50;4,30;6,40;3,90;0,50;98,40;62,90;-0,40;3,50;20;3,80;4,30;
2026-06-27 19:47:00.0;OFF;ON;50;4,40;6,40;3,90;0,50;98,40;62,90;-0,50;3,50;20;3,80;4,30;
2026-06-27 19:48:00.0;OFF;ON;50;4,30;6,40;3,90;0,50;98,40;62,90;-0,50;3,50;20;3,80;4,30;
2026-06-27 19:49:00.0;OFF;ON;50;4,40;6,40;3,90;0,50;98,40;62,90;-0,50;3,50;20;3,80;4,30;
2026-06-27 19:50:00.0;OFF;ON;50;4,30;6,40;3,90;0,50;98,40;62,90;-0,40;3,50;20;3,80;4,30;
2026-06-27 19:51:00.0;OFF;ON;50;4,30;6,40;3,90;0,50;98,40;62,90;-0,40;3,50;20;3,80;4,30;
2026-06-27 19:52:00.0;OFF;ON;50;4,40;6,40;3,90;0,50;98,40;62,90;-0,50;3,50;20;3,80;4,30;
2026-06-27 19:53:00.0;OFF;ON;50;4,30;6,40;3,90;0,50;98,40;62,90;-0,40;3,50;20;3,80;4,30;
2026-06-27 19:54:00.0;OFF;ON;50;4,40;6,40;3,90;0,50;98,40;62,90;-0,50;3,50;20;3,80;4,30;
2026-06-27 19:55:00.0;OFF;ON;50;4,40;6,40;3,90;0,50;98,40;62,90;-0,50;3,50;20;3,80;4,30;
2026-06-27 19:56:00.0;OFF;ON;50;4,40;6,40;3,90;0,50;98,40;62,90;-0,50;3,50;20;3,80;4,30;
2026-06-27 19:57:00.0;OFF;ON;50;4,40;6,40;3,90;0,50;98,40;62,90;-0,50;3,50;20;3,80;4,30;
2026-06-27 19:58:00.0;OFF;ON;50;4,40;6,40;3,90;0,50;98,40;62,90;-0,50;3,50;20;3,80;4,30;
2026-06-27 19:59:00.0;OFF;ON;50;4,30;6,40;3,90;0,50;98,40;62,90;-0,40;3,50;20;3,80;4,30;
2026-06-27 20:00:00.0;OFF;ON;50;4,30;6,40;3,90;0,50;98,40;62,90;-0,40;3,50;20;3,80;4,30;
2026-06-27 20:01:00.0;OFF;ON;50;4,30;6,40;3,90;0,50;98,40;62,90;-0,40;3,50;20;3,80;4,30;
2026-06-27 20:02:00.0;OFF;ON;50;4,40;6,40;3,90;0,50;98,40;62,90;-0,50;3,50;20;3,80;4,30;
2026-06-27 20:03:00.0;OFF;ON;50;4,40;6,40;3,90;0,50;98,40;62,80;-0,50;3,50;20;3,80;4,30;
2026-06-27 20:04:00.0;OFF;ON;50;4,40;6,40;3,90;0,50;98,40;62,80;-0,50;3,50;20;3,80;4,30;
2026-06-27 20:05:00.0;OFF;ON;50;4,30;6,40;3,90;0,50;98,40;62,90;-0,40;3,50;20;3,80;4,30;
2026-06-27 20:06:00.0;OFF;ON;50;4,40;6,40;3,90;0,50;98,40;62,90;-0,50;3,50;20;3,80;4,30;
2026-06-27 20:07:00.0;OFF;ON;50;4,40;6,40;3,90;0,50;98,40;62,90;-0,50;3,50;20;3,80;4,30;
2026-06-27 20:08:00.0;OFF;ON;50;4,30;6,40;3,90;0,50;98,40;62,90;-0,40;3,50;20;3,80;4,30;
2026-06-27 20:09:00.0;OFF;ON;50;4,40;6,40;3,90;0,50;98,40;62,90;-0,50;3,50;20;3,80;4,30;
2026-06-27 20:10:00.0;OFF;ON;50;4,40;6,40;3,90;0,50;98,40;62,90;-0,50;3,50;20;3,80;4,30;
2026-06-27 20:11:00.0;OFF;ON;50;4,40;6,40;3,90;0,50;98,40;62,90;-0,50;3,50;20;3,80;4,30;
2026-06-27 20:12:00.0;OFF;ON;50;4,40;6,40;3,90;0,50;98,40;62,90;-0,50;3,50;20;3,80;4,30;
2026-06-27 20:13:00.0;OFF;ON;50;4,40;6,40;3,90;0,50;98,40;62,80;-0,50;3,50;20;3,80;4,30;
2026-06-27 20:14:00.0;OFF;ON;50;4,40;6,40;3,90;0,50;98,40;62,80;-0,50;3,50;20;3,80;4,30;
2026-06-27 20:15:00.0;OFF;ON;50;4,40;6,40;3,90;0,50;98,40;62,90;-0,50;3,50;20;3,80;4,30;
2026-06-27 20:16:00.0;OFF;ON;50;4,50;6,40;3,90;0,50;98,40;62,80;-0,50;3,50;20;3,80;4,30;
2026-06-27 20:17:00.0;OFF;ON;50;4,40;6,40;3,90;0,50;98,40;62,90;-0,50;3,50;20;3,80;4,30;
2026-06-27 20:18:00.0;OFF;ON;50;4,40;6,40;3,90;0,50;98,40;62,80;-0,50;3,50;20;3,80;4,30;
2026-06-27 20:19:00.0;OFF;ON;50;4,40;6,40;3,90;0,50;98,40;62,90;-0,50;3,50;20;3,80;4,30;
2026-06-27 20:20:00.0;OFF;ON;50;4,40;6,40;3,90;0,50;98,40;62,90;-0,40;3,50;20;3,80;4,30;
2026-06-27 20:21:00.0;OFF;ON;50;4,30;6,40;3,90;0,50;98,40;62,90;-0,40;3,50;20;3,80;4,30;
2026-06-27 20:22:00.0;OFF;ON;50;4,50;6,40;3,90;0,50;98,40;62,90;-0,60;3,50;20;3,80;4,30;
2026-06-27 20:23:00.0;OFF;ON;50;4,50;6,40;3,90;0,50;98,40;62,90;-0,60;3,50;20;3,80;4,30;
2026-06-27 20:24:00.0;OFF;ON;50;4,50;6,40;3,90;0,50;98,40;62,90;-0,60;3,50;20;3,80;4,30;
2026-06-27 20:25:00.0;OFF;ON;50;4,40;6,40;3,90;0,50;98,40;62,80;-0,40;3,50;20;3,80;4,30;
2026-06-27 20:26:00.0;OFF;ON;50;4,40;6,40;3,90;0,50;98,40;62,80;-0,50;3,50;20;3,80;4,30;
2026-06-27 20:27:00.0;OFF;ON;50;4,30;6,40;3,90;0,50;98,40;62,90;-0,40;3,50;20;3,80;4,30;
2026-06-27 20:28:00.0;OFF;ON;50;4,40;6,40;3,90;0,50;98,40;62,90;-0,40;3,50;20;3,80;4,30;
2026-06-27 20:29:00.0;OFF;ON;50;4,50;6,40;3,90;0,50;98,40;62,90;-0,50;3,50;20;3,80;4,30;
2026-06-27 20:30:00.0;OFF;ON;50;4,40;6,40;3,90;0,50;98,40;62,90;-0,40;3,50;20;3,80;4,30;
2026-06-27 20:31:00.0;OFF;ON;50;4,40;6,40;3,90;0,50;98,40;62,90;-0,40;3,50;20;3,80;4,30;
2026-06-27 20:32:00.0;OFF;ON;50;4,40;6,40;3,90;0,50;98,40;62,90;-0,40;3,50;20;3,80;4,30;
2026-06-27 20:33:00.0;OFF;ON;50;4,30;6,40;3,90;0,50;98,40;62,90;-0,40;3,50;20;3,80;4,30;
2026-06-27 20:34:00.0;OFF;ON;50;4,40;6,40;3,90;0,50;98,40;62,90;-0,40;3,50;20;3,80;4,30;
2026-06-27 20:35:00.0;OFF;ON;50;4,30;6,40;3,90;0,50;98,40;62,80;-0,40;3,50;20;3,80;4,30;
2026-06-27 20:36:00.0;OFF;ON;50;4,30;6,40;3,90;0,50;98,40;62,80;-0,40;3,50;20;3,80;4,30;
2026-06-27 20:37:00.0;OFF;ON;50;4,30;6,40;3,90;0,50;98,40;62,90;-0,40;3,50;20;3,80;4,30;
2026-06-27 20:38:00.0;OFF;ON;50;4,40;6,40;3,90;0,50;98,40;62,80;-0,40;3,50;20;3,80;4,30;
2026-06-27 20:39:00.0;OFF;ON;50;4,50;6,40;3,90;0,50;98,40;62,80;-0,50;3,50;20;3,80;4,30;
2026-06-27 20:40:00.0;OFF;ON;50;4,30;6,40;3,90;0,50;98,40;62,80;-0,40;3,50;20;3,80;4,30;
2026-06-27 20:41:00.0;OFF;ON;50;4,40;6,40;3,90;0,50;98,40;62,90;-0,50;3,50;20;3,80;4,30;
2026-06-27 20:42:00.0;OFF;ON;50;4,40;6,40;3,90;0,50;98,40;62,90;-0,50;3,50;20;3,80;4,30;
2026-06-27 20:43:00.0;OFF;ON;50;4,40;6,40;3,90;0,50;98,40;62,90;-0,50;3,50;20;3,80;4,30;
2026-06-27 20:44:00.0;OFF;ON;50;4,30;6,40;3,90;0,50;98,40;62,90;-0,40;3,50;20;3,80;4,30;
2026-06-27 20:45:00.0;OFF;ON;50;4,40;6,40;3,90;0,50;98,40;62,80;-0,40;3,50;20;3,80;4,30;
2026-06-27 20:46:00.0;OFF;ON;50;4,50;6,40;3,90;0,50;98,40;62,90;-0,50;3,50;20;3,80;4,30;
2026-06-27 20:47:00.0;OFF;ON;50;4,40;6,40;3,90;0,50;98,40;62,80;-0,50;3,50;20;3,80;4,30;
2026-06-27 20:48:00.0;OFF;ON;50;4,40;6,40;3,90;0,50;98,40;62,90;-0,50;3,50;20;3,90;4,30;
2026-06-27 20:49:00.0;OFF;ON;50;4,40;6,50;4;0,50;98,40;62,90;-0,50;3,50;20;3,90;4,40;
2026-06-27 20:50:00.0;OFF;ON;50;4,50;6,50;4;0,50;98,40;62,80;-0,50;3,50;20;3,90;4,40;
2026-06-27 20:51:00.0;OFF;ON;50;4,40;6,50;4;0,50;98,40;62,90;-0,50;3,50;20;3,90;4,40;
2026-06-27 20:52:00.0;OFF;ON;50;4,50;6,50;4;0,50;98,40;62,90;-0,50;3,50;20;3,90;4,40;
2026-06-27 20:53:00.0;OFF;ON;50;4,50;6,50;4;0,50;98,40;62,80;-0,60;3,50;20;3,90;4,40;
2026-06-27 20:54:00.0;OFF;ON;50;4,50;6,50;4;0,50;98,40;62,80;-0,60;3,50;20;3,90;4,40;
2026-06-27 20:55:00.0;OFF;ON;50;4,50;6,50;4;0,50;98,40;62,80;-0,50;3,50;20;3,90;4,40;
2026-06-27 20:56:00.0;OFF;ON;50;4,40;6,50;4;0,50;98,40;62,80;-0,40;3,50;20;3,90;4,40;
2026-06-27 20:57:00.0;OFF;ON;50;4,50;6,50;4;0,50;98,40;62,90;-0,60;3,50;20;3,90;4,40;
2026-06-27 20:58:00.0;OFF;ON;50;4,40;6,50;4;0,50;98,40;62,80;-0,40;3,50;20;3,90;4,40;
2026-06-27 20:59:00.0;OFF;ON;50;4,50;6,50;4;0,50;98,40;62,90;-0,60;3,50;20;3,90;4,40;
2026-06-27 21:00:00.0;OFF;ON;50;4,40;6,50;4;0,50;98,40;62,80;-0,50;3,50;20;3,90;4,40;
2026-06-27 21:01:00.0;OFF;ON;50;4,50;6,50;4;0,60;98,40;62,80;-0,50;3,50;20;3,90;4,40;
2026-06-27 21:02:00.0;OFF;ON;50;4,50;6,50;4;0,50;98,40;62,90;-0,50;3,50;20;3,90;4,40;
2026-06-27 21:03:00.0;OFF;ON;50;4,40;6,50;4;0,60;98,40;62,90;-0,40;3,50;20;3,90;4,40;
2026-06-27 21:04:00.0;OFF;ON;50;4,50;6,50;4;0,60;98,40;62,80;-0,50;3,50;20;3,90;4,40;
2026-06-27 21:05:00.0;OFF;ON;50;4,50;6,50;4;0,60;98,40;62,90;-0,50;3,50;20;3,90;4,40;
2026-06-27 21:06:00.0;OFF;ON;50;4,40;6,50;4;0,60;98,40;62,90;-0,40;3,50;20;3,90;4,40;
2026-06-27 21:07:00.0;OFF;ON;50;4,50;6,50;4;0,60;98,40;62,90;-0,50;3,50;20;3,90;4,40;
2026-06-27 21:08:00.0;OFF;ON;50;4,50;6,50;4;0,60;98,40;62,90;-0,50;3,50;20;3,90;4,40;
2026-06-27 21:09:00.0;OFF;ON;50;4,50;6,50;4;0,60;98,40;62,80;-0,50;3,50;20;3,90;4,40;
2026-06-27 21:10:00.0;OFF;ON;50;4,50;6,50;4;0,60;98,40;62,90;-0,50;3,50;20;3,90;4,40;
2026-06-27 21:11:00.0;OFF;ON;50;4,40;6,50;4;0,60;98,40;62,90;-0,40;3,50;20;3,90;4,40;
2026-06-27 21:12:00.0;OFF;ON;50;4,40;6,50;4;0,60;98,40;62,80;-0,40;3,50;20;3,90;4,40;
2026-06-27 21:13:00.0;OFF;ON;50;4,50;6,50;4;0,60;98,40;62,80;-0,50;3,50;20;3,90;4,40;
2026-06-27 21:14:00.0;OFF;ON;50;4,50;6,50;4;0,60;98,40;62,90;-0,50;3,50;20;3,90;4,40;
2026-06-27 21:15:00.0;OFF;ON;50;4,50;6,50;4;0,60;98,40;62,90;-0,50;3,50;20;3,90;4,40;
2026-06-27 21:16:00.0;OFF;ON;50;4,50;6,50;4;0,60;98,40;62,90;-0,50;3,50;20;3,90;4,40;
2026-06-27 21:17:00.0;OFF;ON;50;4,30;6,50;4;0,60;98,40;62,90;-0,40;3,50;20;3,90;4,40;
2026-06-27 21:18:00.0;OFF;ON;50;4,50;6,50;4;0,60;98,40;62,90;-0,50;3,50;20;3,90;4,40;
2026-06-27 21:19:00.0;OFF;ON;50;4,40;6,50;4;0,60;98,40;62,80;-0,50;3,50;20;3,90;4,40;
2026-06-27 21:20:00.0;OFF;ON;50;4,40;6,50;4;0,60;98,40;62,90;-0,40;3,50;20;3,90;4,40;
2026-06-27 21:21:00.0;OFF;ON;50;4,40;6,50;4;0,60;98,40;62,80;-0,40;3,50;20;3,90;4,40;
2026-06-27 21:22:00.0;OFF;ON;50;4,50;6,50;4;0,60;98,40;62,80;-0,50;3,50;20;3,90;4,40;
2026-06-27 21:23:00.0;OFF;ON;50;4,50;6,50;4;0,60;98,40;62,90;-0,50;3,50;20;3,90;4,40;
2026-06-27 21:24:00.0;OFF;ON;50;4,50;6,50;4;0,60;98,40;62,80;-0,50;3,50;20;3,90;4,30;
2026-06-27 21:25:00.0;OFF;ON;50;4,50;6,50;4;0,60;98,40;62,90;-0,50;3,50;20;3,90;4,40;
2026-06-27 21:26:00.0;OFF;ON;50;4,50;6,50;4;0,60;98,40;62,80;-0,50;3,50;20;3,90;4,40;
2026-06-27 21:27:00.0;OFF;ON;50;4,60;6,50;4;0,60;98,40;62,80;-0,50;3,50;20;3,90;4,40;
2026-06-27 21:28:00.0;OFF;ON;50;4,60;6,50;4;0,60;98,40;62,80;-0,60;3,50;20;3,90;4,40;
2026-06-27 21:29:00.0;OFF;ON;50;4,60;6,50;4;0,60;98,40;62,90;-0,50;3,50;20;3,90;4,40;
2026-06-27 21:30:00.0;OFF;ON;50;4,60;6,50;4;0,60;98,40;62,90;-0,50;3,50;20;3,90;4,40;
2026-06-27 21:31:00.0;OFF;ON;50;4,50;6,50;4;0,60;98,40;62,80;-0,50;3,50;20;3,90;4,40;
2026-06-27 21:32:00.0;OFF;ON;50;4,50;6,50;4;0,60;98,40;62,80;-0,40;3,50;20;3,90;4,40;
2026-06-27 21:33:00.0;OFF;ON;50;4,50;6,50;4;0,60;98,40;62,90;-0,50;3,50;20;3,90;4,40;
2026-06-27 21:34:00.0;OFF;ON;50;4,50;6,50;4;0,60;98,40;62,90;-0,40;3,50;20;3,90;4,40;
2026-06-27 21:35:00.0;OFF;ON;50;4,50;6,50;4;0,60;98,40;62,90;-0,40;3,50;20;3,90;4,40;
2026-06-27 21:36:00.0;OFF;ON;50;4,40;6,50;4;0,60;98,40;62,80;-0,40;3,50;20;3,90;4,40;
2026-06-27 21:37:00.0;OFF;ON;50;4,60;6,50;4;0,60;98,40;62,80;-0,50;3,50;20;3,90;4,40;
2026-06-27 21:38:00.0;OFF;ON;50;4,60;6,50;4;0,60;98,40;62,80;-0,50;3,50;20;3,90;4,40;
2026-06-27 21:39:00.0;OFF;ON;50;4,50;6,50;4;0,60;98,40;62,80;-0,40;3,50;20;3,90;4,40;
2026-06-27 21:40:00.0;OFF;ON;50;4,50;6,50;4;0,60;98,40;62,80;-0,40;3,50;20;3,90;4,40;
2026-06-27 21:41:00.0;OFF;ON;50;4,50;6,50;4;0,60;98,40;62,90;-0,50;3,50;20;3,90;4,40;
2026-06-27 21:42:00.0;OFF;ON;50;4,60;6,50;4;0,60;98,40;62,80;-0,60;3,50;20;3,90;4,40;
2026-06-27 21:43:00.0;OFF;ON;50;4,50;6,50;4;0,60;98,40;62,90;-0,40;3,50;20;3,90;4,40;
2026-06-27 21:44:00.0;OFF;ON;50;4,40;6,50;4;0,60;98,40;62,80;-0,40;3,50;20;3,90;4,40;
2026-06-27 21:45:00.0;OFF;ON;50;4,50;6,50;4;0,60;98,40;62,80;-0,50;3,50;20;3,90;4,40;
2026-06-27 21:46:00.0;OFF;ON;50;4,50;6,50;4;0,60;98,40;62,90;-0,50;3,50;20;3,90;4,40;
2026-06-27 21:47:00.0;OFF;ON;50;4,50;6,50;4;0,60;98,40;62,80;-0,50;3,50;20;3,90;4,40;
2026-06-27 21:48:00.0;OFF;ON;50;4,40;6,50;4;0,60;98,40;62,80;-0,40;3,50;20;3,90;4,40;
2026-06-27 21:49:00.0;OFF;ON;50;4,50;6,50;4;0,60;98,40;62,80;-0,50;3,50;20;3,90;4,40;
2026-06-27 21:50:00.0;OFF;ON;50;4,50;6,50;4;0,60;98,40;62,80;-0,50;3,50;20;3,90;4,40;
2026-06-27 21:51:00.0;OFF;ON;50;4,50;6,50;4;0,60;98,40;62,80;-0,50;3,50;20;3,90;4,40;
2026-06-27 21:52:00.0;OFF;ON;50;4,50;6,50;4;0,60;98,40;62,80;-0,50;3,50;20;3,90;4,40;
2026-06-27 21:53:00.0;OFF;ON;50;4,60;6,50;4;0,60;98,40;62,90;-0,50;3,50;20;3,90;4,40;
2026-06-27 21:54:00.0;OFF;ON;50;4,50;6,50;4;0,60;98,40;62,80;-0,40;3,50;20;3,90;4,40;
2026-06-27 21:55:00.0;OFF;ON;50;4,40;6,50;4;0,60;98,40;62,90;-0,40;3,50;20;3,90;4,40;
2026-06-27 21:56:00.0;OFF;ON;50;4,50;6,50;4;0,60;98,40;62,80;-0,50;3,50;20;3,90;4,40;
2026-06-27 21:57:00.0;OFF;ON;50;4,50;6,50;4;0,60;98,40;62,80;-0,40;3,50;20;3,90;4,40;
2026-06-27 21:58:00.0;OFF;ON;50;4,60;6,50;4;0,60;98,40;62,80;-0,50;3,50;20;3,90;4,40;
2026-06-27 21:59:00.0;OFF;ON;50;4,40;6,50;4;0,60;98,40;62,80;-0,40;3,50;20;3,90;4,40;
2026-06-27 22:00:00.0;OFF;ON;50;4,50;6,50;4;0,60;98,40;62,80;-0,50;3,50;20;3,90;4,40;
2026-06-27 22:01:00.0;OFF;ON;50;4,50;6,50;4;0,60;98,40;62,80;-0,50;3,50;20;3,90;4,40;
2026-06-27 22:02:00.0;OFF;ON;50;4,40;6,50;4;0,60;98,40;62,80;-0,40;3,50;20;3,90;4,40;
2026-06-27 22:03:00.0;OFF;ON;50;4,40;6,50;4;0,60;98,40;62,80;-0,40;3,50;20;3,90;4,40;
2026-06-27 22:04:00.0;OFF;ON;50;4,60;6,50;4;0,60;98,40;62,80;-0,50;3,50;20;3,90;4,40;
2026-06-27 22:05:00.0;OFF;ON;50;4,50;6,50;4;0,60;98,40;62,80;-0,50;3,50;20;3,90;4,40;
2026-06-27 22:06:00.0;OFF;ON;50;4,50;6,50;4;0,60;98,40;62,90;-0,50;3,50;20;3,90;4,40;
2026-06-27 22:07:00.0;OFF;ON;50;4,50;6,50;4;0,60;98,40;62,80;-0,50;3,50;20;3,90;4,40;
2026-06-27 22:08:00.0;OFF;ON;50;4,40;6,50;4;0,70;98,40;62,80;-0,40;3,50;20;3,90;4,40;
2026-06-27 22:09:00.0;OFF;ON;50;4,40;6,50;4;0,70;98,40;62,80;-0,40;3,50;20;3,90;4,40;
2026-06-27 22:10:00.0;OFF;ON;50;4,50;6,50;4;0,70;98,40;62,80;-0,40;3,50;20;3,90;4,40;
2026-06-27 22:11:00.0;OFF;ON;50;4,50;6,50;4;0,70;98,40;62,80;-0,50;3,50;20;3,90;4,40;
2026-06-27 22:12:00.0;OFF;ON;50;4,40;6,50;4;0,70;98,40;62,80;-0,40;3,50;20;3,90;4,40;
2026-06-27 22:13:00.0;OFF;ON;50;4,50;6,50;4;0,70;98,40;62,80;-0,50;3,50;20;3,90;4,40;
2026-06-27 22:14:00.0;OFF;ON;50;4,50;6,50;4;0,70;98,40;62,80;-0,50;3,50;20;3,90;4,40;
2026-06-27 22:15:00.0;OFF;ON;50;4,40;6,50;4;0,70;98,40;62,80;-0,40;3,50;20;3,90;4,40;
2026-06-27 22:16:00.0;OFF;ON;50;4,40;6,50;4;0,70;98,40;62,80;-0,40;3,50;20;4;4,40;
2026-06-27 22:17:00.0;OFF;ON;50;4,40;6,50;4;0,70;98,40;62,80;-0,40;3,50;20;3,90;4,40;
2026-06-27 22:18:00.0;OFF;ON;50;4,50;6,50;4;0,70;98,40;62,80;-0,50;3,50;20;3,90;4,40;
2026-06-27 22:19:00.0;OFF;ON;50;4,40;6,50;4;0,70;98,40;62,80;-0,40;3,50;20;3,90;4,40;
2026-06-27 22:20:00.0;OFF;ON;50;4,50;6,50;4;0,70;98,40;62,80;-0,40;3,50;20;3,90;4,40;
2026-06-27 22:21:00.0;OFF;ON;50;4,60;6,50;4;0,70;98,40;62,80;-0,50;3,50;20;3,90;4,40;
2026-06-27 22:22:00.0;OFF;ON;50;4,50;6,50;4;0,70;98,40;62,80;-0,40;3,50;20;4;4,40;
2026-06-27 22:23:00.0;OFF;ON;50;4,40;6,50;4;0,70;98,40;62,80;-0,40;3,50;20;3,90;4,40;
2026-06-27 22:24:00.0;OFF;ON;50;4,60;6,50;4;0,70;98,40;62,80;-0,50;3,50;20;3,90;4,40;
2026-06-27 22:25:00.0;OFF;ON;50;4,50;6,50;4;0,70;98,40;62,90;-0,50;3,50;20;4;4,40;
2026-06-27 22:26:00.0;OFF;ON;50;4,50;6,50;4;0,70;98,40;62,90;-0,50;3,50;20;4;4,40;
2026-06-27 22:27:00.0;OFF;ON;50;4,60;6,50;4;0,70;98,40;62,80;-0,50;3,50;20;4;4,40;
2026-06-27 22:28:00.0;OFF;ON;50;4,50;6,50;4;0,70;98,40;62,80;-0,50;3,50;20;4;4,40;
2026-06-27 22:29:00.0;OFF;ON;50;4,60;6,60;4,10;0,70;98,40;62,80;-0,50;3,50;20;4;4,50;
2026-06-27 22:30:00.0;OFF;ON;50;4,50;6,60;4,10;0,70;98,40;62,80;-0,40;3,50;20;4;4,50;
2026-06-27 22:31:00.0;OFF;ON;50;4,60;6,60;4,10;0,70;98,40;62,80;-0,60;3,50;20;4;4,50;
2026-06-27 22:32:00.0;OFF;ON;50;4,50;6,60;4,10;0,70;98,40;62,80;-0,50;3,50;20;4;4,50;
2026-06-27 22:33:00.0;OFF;ON;50;4,60;6,60;4,10;0,70;98,40;62,80;-0,50;3,50;20;4;4,50;
2026-06-27 22:34:00.0;OFF;ON;50;4,70;6,60;4,10;0,70;98,40;62,80;-0,60;3,50;20;4;4,50;
2026-06-27 22:35:00.0;OFF;ON;50;4,60;6,60;4,10;0,70;98,40;62,80;-0,60;3,50;20;4;4,50;
2026-06-27 22:36:00.0;OFF;ON;50;4,50;6,60;4,10;0,70;98,40;62,90;-0,40;3,50;20;4;4,50;
2026-06-27 22:37:00.0;OFF;ON;50;4,60;6,60;4,10;0,70;98,40;62,80;-0,50;3,50;20;4;4,50;
2026-06-27 22:38:00.0;OFF;ON;50;4,50;6,60;4,10;0,70;98,40;62,80;-0,40;3,50;20;4;4,50;
2026-06-27 22:39:00.0;OFF;ON;50;4,60;6,60;4,10;0,70;98,40;62,80;-0,50;3,50;20;4;4,50;
2026-06-27 22:40:00.0;OFF;ON;50;4,50;6,60;4,10;0,70;98,40;62,80;-0,40;3,50;20;4;4,50;
2026-06-27 22:41:00.0;OFF;ON;50;4,60;6,60;4,10;0,70;98,40;62,80;-0,50;3,50;20;4;4,50;
2026-06-27 22:42:00.0;OFF;ON;50;4,60;6,60;4,10;0,70;98,40;62,80;-0,50;3,50;20;4;4,50;
2026-06-27 22:43:00.0;OFF;ON;50;4,60;6,60;4,10;0,70;98,40;62,80;-0,50;3,50;20;4;4,50;
2026-06-27 22:44:00.0;OFF;ON;50;4,60;6,60;4,10;0,70;98,40;62,80;-0,50;3,50;20;4;4,50;
2026-06-27 22:45:00.0;OFF;ON;50;4,60;6,60;4,10;0,70;98,40;62,80;-0,50;3,50;20;4;4,50;
2026-06-27 22:46:00.0;OFF;ON;50;4,60;6,60;4,10;0,70;98,40;62,80;-0,50;3,50;20;4;4,50;
2026-06-27 22:47:00.0;OFF;ON;50;4,60;6,60;4,10;0,70;98,40;62,80;-0,50;3,50;20;4;4,50;
2026-06-27 22:48:00.0;OFF;ON;50;4,60;6,60;4,10;0,70;98,40;62,80;-0,50;3,50;20;4;4,50;
2026-06-27 22:49:00.0;OFF;ON;50;4,60;6,60;4,10;0,70;98,40;62,80;-0,50;3,50;20;4;4,50;
2026-06-27 22:50:00.0;OFF;ON;50;4,50;6,60;4,10;0,70;98,40;62,80;-0,40;3,50;20;4;4,50;
2026-06-27 22:51:00.0;OFF;ON;50;4,60;6,60;4,10;0,70;98,40;62,80;-0,50;3,50;20;4;4,50;
2026-06-27 22:52:00.0;OFF;ON;50;4,60;6,60;4,10;0,70;98,40;62,80;-0,50;3,50;20;4;4,50;
2026-06-27 22:53:00.0;OFF;ON;50;4,60;6,60;4,10;0,70;98,40;62,80;-0,50;3,50;20;4;4,50;
2026-06-27 22:54:00.0;OFF;ON;50;4,60;6,60;4,10;0,70;98,40;62,80;-0,50;3,50;20;4;4,50;
2026-06-27 22:55:00.0;OFF;ON;50;4,50;6,60;4,10;0,70;98,40;62,80;-0,40;3,50;20;4;4,50;
2026-06-27 22:56:00.0;OFF;ON;50;4,50;6,60;4,10;0,70;98,40;62,80;-0,40;3,50;20;4;4,50;
2026-06-27 22:57:00.0;OFF;ON;50;4,60;6,60;4,10;0,70;98,40;62,80;-0,50;3,50;20;4;4,50;
2026-06-27 22:58:00.0;OFF;ON;50;4,60;6,60;4,10;0,70;98,40;62,80;-0,50;3,50;20;4;4,50;
2026-06-27 22:59:00.0;OFF;ON;50;4,50;6,60;4,10;0,70;98,40;62,80;-0,40;3,50;20;4;4,50;
2026-06-27 23:00:00.0;OFF;ON;50;4,60;6,60;4,10;0,70;98,40;62,80;-0,50;3,50;20;4;4,50;
2026-06-27 23:01:00.0;OFF;ON;50;4,50;6,60;4,10;0,70;98,40;62,80;-0,40;3,50;20;4;4,50;
2026-06-27 23:02:00.0;OFF;ON;50;4,60;6,60;4,10;0,70;98,40;62,80;-0,40;3,50;20;4;4,50;
2026-06-27 23:03:00.0;OFF;ON;50;4,50;6,60;4,10;0,70;98,40;62,80;-0,40;3,50;20;4;4,50;
2026-06-27 23:04:00.0;OFF;ON;50;4,50;6,60;4,10;0,70;98,40;62,80;-0,40;3,50;20;4;4,50;
2026-06-27 23:05:00.0;OFF;ON;50;4,70;6,60;4,10;0,70;98,40;62,80;-0,60;3,50;20;4;4,50;
2026-06-27 23:06:00.0;OFF;ON;50;4,70;6,60;4,10;0,70;98,40;62,80;-0,60;3,50;20;4;4,50;
2026-06-27 23:07:00.0;OFF;ON;50;4,60;6,60;4,10;0,70;98,40;62,80;-0,50;3,50;20;4;4,50;
2026-06-27 23:08:00.0;OFF;ON;50;4,70;6,60;4,10;0,70;98,40;62,80;-0,50;3,50;20;4;4,50;
2026-06-27 23:09:00.0;OFF;ON;50;4,70;6,60;4,10;0,70;98,40;62,80;-0,60;3,50;20;4;4,50;
2026-06-27 23:10:00.0;OFF;ON;50;4,60;6,60;4,10;0,70;98,40;62,80;-0,50;3,50;20;4;4,50;
2026-06-27 23:11:00.0;OFF;ON;50;4,60;6,60;4,10;0,70;98,40;62,80;-0,50;3,50;20;4;4,50;
2026-06-27 23:12:00.0;OFF;ON;50;4,70;6,60;4,10;0,70;98,40;62,80;-0,50;3,50;20;4;4,50;
2026-06-27 23:13:00.0;OFF;ON;50;4,60;6,60;4,10;0,70;98,40;62,80;-0,40;3,50;20;4,10;4,50;
2026-06-27 23:14:00.0;OFF;ON;50;4,60;6,70;4,20;0,70;98,40;62,80;-0,40;3,50;20;4,10;4,50;
2026-06-27 23:15:00.0;OFF;ON;50;4,70;6,70;4,20;0,70;98,40;62,80;-0,50;3,50;20;4;4,50;
2026-06-27 23:16:00.0;OFF;ON;50;4,70;6,60;4,10;0,70;98,40;62,80;-0,50;3,50;20;4;4,50;
2026-06-27 23:17:00.0;OFF;ON;50;4,70;6,70;4,20;0,70;98,40;62,80;-0,50;3,50;20;4,10;4,50;
2026-06-27 23:18:00.0;OFF;ON;50;4,60;6,60;4,10;0,80;98,40;62,80;-0,40;3,50;20;4,10;4,50;
2026-06-27 23:19:00.0;OFF;ON;50;4,60;6,60;4,10;0,80;98,40;62,80;-0,40;3,50;20;4,10;4,50;
2026-06-27 23:20:00.0;OFF;ON;50;4,70;6,70;4,20;0,80;98,40;62,80;-0,50;3,50;20;4,10;4,50;
2026-06-27 23:21:00.0;OFF;ON;50;4,70;6,70;4,20;0,80;98,40;62,80;-0,50;3,50;20;4,10;4,50;
2026-06-27 23:22:00.0;OFF;ON;50;4,70;6,70;4,20;0,80;98,40;62,80;-0,50;3,50;20;4,10;4,50;
2026-06-27 23:23:00.0;OFF;ON;50;4,50;6,60;4,10;0,80;98,40;62,80;-0,40;3,50;20;4,10;4,50;
2026-06-27 23:24:00.0;OFF;ON;50;4,60;6,70;4,20;0,80;98,40;62,80;-0,40;3,50;20;4,10;4,50;
2026-06-27 23:25:00.0;OFF;ON;50;4,60;6,60;4,10;0,80;98,40;62,80;-0,40;3,50;20;4,10;4,50;
2026-06-27 23:26:00.0;OFF;ON;50;4,60;6,60;4,10;0,80;98,40;62,70;-0,40;3,50;20;4;4,50;
2026-06-27 23:27:00.0;OFF;ON;50;4,60;6,60;4,10;0,80;98,40;62,80;-0,40;3,50;20;4,10;4,50;
2026-06-27 23:28:00.0;OFF;ON;50;4,60;6,60;4,10;0,80;98,40;62,80;-0,40;3,50;20;4;4,50;
2026-06-27 23:29:00.0;OFF;ON;50;4,60;6,70;4,20;0,80;98,40;62,80;-0,50;3,50;20;4,10;4,50;
2026-06-27 23:30:00.0;OFF;ON;50;4,60;6,60;4,10;0,80;98,40;62,80;-0,50;3,50;20;4,10;4,50;
2026-06-27 23:31:00.0;OFF;ON;50;4,70;6,60;4,10;0,80;98,40;62,80;-0,50;3,50;20;4;4,50;
2026-06-27 23:32:00.0;OFF;ON;50;4,50;6,60;4,10;0,80;98,40;62,80;-0,40;3,50;20;4,10;4,50;
2026-06-27 23:33:00.0;OFF;ON;50;4,50;6,70;4,20;0,80;98,40;62,80;-0,40;3,50;20;4,10;4,50;
2026-06-27 23:34:00.0;OFF;ON;50;4,60;6,70;4,20;0,80;98,40;62,80;-0,50;3,50;20;4,10;4,50;
2026-06-27 23:35:00.0;OFF;ON;50;4,60;6,70;4,20;0,80;98,40;62,80;-0,50;3,50;20;4,10;4,50;
2026-06-27 23:36:00.0;OFF;ON;50;4,60;6,60;4,10;0,80;98,40;62,80;-0,40;3,50;20;4,10;4,50;
2026-06-27 23:37:00.0;OFF;ON;50;4,60;6,70;4,20;0,80;98,40;62,80;-0,50;3,50;20;4,10;4,50;
2026-06-27 23:38:00.0;OFF;ON;50;4,50;6,60;4,10;0,80;98,40;62,80;-0,40;3,50;20;4,10;4,50;
2026-06-27 23:39:00.0;OFF;ON;50;4,70;6,70;4,20;0,80;98,40;62,80;-0,50;3,50;20;4,10;4,50;
2026-06-27 23:40:00.0;OFF;ON;50;4,50;6,70;4,20;0,80;98,40;62,80;-0,40;3,50;20;4,10;4,50;
2026-06-27 23:41:00.0;OFF;ON;50;4,60;6,70;4,20;0,80;98,40;62,80;-0,40;3,50;20;4,10;4,50;
2026-06-27 23:42:00.0;OFF;ON;50;4,60;6,60;4,10;0,80;98,40;62,80;-0,40;3,50;20;4;4,50;
2026-06-27 23:43:00.0;OFF;ON;50;4,50;6,60;4,10;0,80;98,40;62,70;-0,30;3,50;20;4,10;4,50;
2026-06-27 23:44:00.0;OFF;ON;50;4,60;6,60;4,10;0,80;98,40;62,80;-0,50;3,50;20;4;4,50;
2026-06-27 23:45:00.0;OFF;ON;50;4,50;6,60;4,10;0,80;98,40;62,80;-0,40;3,50;20;4;4,50;
2026-06-27 23:46:00.0;OFF;ON;50;4,60;6,60;4,10;0,80;98,40;62,80;-0,50;3,50;20;4;4,50;
2026-06-27 23:47:00.0;OFF;ON;50;4,50;6,60;4,10;0,80;98,40;62,80;-0,40;3,50;20;4,10;4,50;
2026-06-27 23:48:00.0;OFF;ON;50;4,50;6,60;4,10;0,80;98,40;62,80;-0,40;3,50;20;4;4,50;
2026-06-27 23:49:00.0;OFF;ON;50;4,60;6,60;4,10;0,80;98,40;62,70;-0,40;3,50;20;4;4,50;
2026-06-27 23:50:00.0;OFF;ON;50;4,60;6,60;4,10;0,80;98,40;62,80;-0,40;3,50;20;4,10;4,50;
2026-06-27 23:51:00.0;OFF;ON;50;4,60;6,60;4,10;0,80;98,40;62,80;-0,50;3,50;20;4,10;4,50;
2026-06-27 23:52:00.0;OFF;ON;50;4,60;6,60;4,10;0,80;98,40;62,80;-0,50;3,50;20;4,10;4,50;
2026-06-27 23:53:00.0;OFF;ON;50;4,60;6,60;4,10;0,80;98,40;62,80;-0,50;3,50;20;4;4,50;
2026-06-27 23:54:00.0;OFF;ON;50;4,50;6,60;4,10;0,80;98,40;62,80;-0,40;3,50;20;4,10;4,50;
2026-06-27 23:55:00.0;OFF;ON;50;4,50;6,60;4,10;0,80;98,40;62,80;-0,40;3,50;20;4;4,50;
2026-06-27 23:56:00.0;OFF;ON;50;4,60;6,70;4,20;0,80;98,40;62,80;-0,40;3,50;20;4,10;4,50;
2026-06-27 23:57:00.0;OFF;ON;50;4,60;6,60;4,10;0,80;98,40;62,80;-0,50;3,50;20;4,10;4,50;
2026-06-27 23:58:00.0;OFF;ON;50;4,50;6,60;4,10;0,80;98,40;62,80;-0,40;3,50;20;4,10;4,50;
2026-06-27 23:59:00.0;OFF;ON;50;4,60;6,70;4,20;0,80;98,30;62,80;-0,50;3,50;20;4,10;4,50;
