CamCarcacas2;
2026-07-27 00:00;2026-07-28 00:00;
12144 Frigorífico Thoms;
ayron.costa;
" ";CPCO 51 - Câmara de carcaças - Controle de temperatura 1;CPCO 51 - Câmara de carcaças - Controle de temperatura 1;CPCO 51 - Câmara de carcaças - Controle de temperatura 1;CPCO 51 - Câmara de carcaças - Controle de temperatura 1;CPCO 51 - Câmara de carcaças - Controle de temperatura 1;CPCO 51 - Câmara de carcaças - Controle de temperatura 1;CPCO 52 - Câmara de carcaças - Controle de temperatura 2;CPCO 52 - Câmara de carcaças - Controle de temperatura 2;CPCO 53 - Balança;CPCO 51 - Câmara de carcaças - Controle de temperatura 1;CPCO 51 - Câmara de carcaças - Controle de temperatura 1;CPCO 51 - Câmara de carcaças - Controle de temperatura 1;CPCO 51 - Câmara de carcaças - Controle de temperatura 1;CPCO 54 - Câmara de carcaças - Controle de temperatura 3;
" ";Carregamento;Resfriamento;Saida Y1 - Ventiladores EC;Temp entrada glicol;Temp ref;Temp retorno ar;Temperatuda espeto;Umidade relativa da camara;Peso atual;DT Atual;DT ref;Cap Atual Valvula;Temp retorno ar M1A08;Temp Insuf de ar M1A08;" ";
2026-07-27 00:00:00.0;OFF;ON;50;1,50;1,60;1,60;-1,30;98,30;89,40;0;6;63,70;1,40;1,70;
2026-07-27 00:01:00.0;OFF;ON;50;1,60;1,60;1,60;-1,30;98,30;89,40;0;6;63,60;1,40;1,70;
2026-07-27 00:02:00.0;OFF;ON;50;1,50;1,60;1,60;-1,30;98,30;89,40;0,10;6;63,50;1,40;1,70;
2026-07-27 00:03:00.0;OFF;ON;50;1,60;1,60;1,60;-1,30;98,30;89,40;0;6;63,50;1,40;1,70;
2026-07-27 00:04:00.0;OFF;ON;50;1,60;1,60;1,60;-1,30;98,30;89,40;0;6;63,60;1,40;1,70;
2026-07-27 00:05:00.0;OFF;ON;50;1,50;1,60;1,60;-1,30;98,30;89,40;0,10;6;63,60;1,40;1,70;
2026-07-27 00:06:00.0;OFF;ON;50;1,70;1,60;1,60;-1,30;98,30;89,40;-0,10;6;64,10;1,40;1,70;
2026-07-27 00:07:00.0;OFF;ON;50;1,50;1,60;1,60;-1,30;98,30;89,40;0;6;63,40;1,40;1,70;
2026-07-27 00:08:00.0;OFF;ON;50;1,60;1,60;1,60;-1,30;98,30;89,40;0;6;64;1,40;1,70;
2026-07-27 00:09:00.0;OFF;ON;50;1,60;1,60;1,60;-1,30;98,30;89,40;0;6;63,50;1,40;1,70;
2026-07-27 00:10:00.0;OFF;ON;50;1,60;1,60;1,60;-1,30;98,30;89,40;0;6;63,50;1,40;1,70;
2026-07-27 00:11:00.0;OFF;ON;50;1,60;1,60;1,60;-1,30;98,30;89,40;0;6;63,90;1,40;1,70;
2026-07-27 00:12:00.0;OFF;ON;50;1,60;1,60;1,60;-1,30;98,30;89,40;0;6;63,40;1,40;1,70;
2026-07-27 00:13:00.0;OFF;ON;50;1,60;1,60;1,60;-1,30;98,30;89,40;0;6;63,40;1,40;1,70;
2026-07-27 00:14:00.0;OFF;ON;50;1,50;1,60;1,60;-1,30;98,30;89,40;0;6;63,90;1,40;1,70;
2026-07-27 00:15:00.0;OFF;ON;50;1,60;1,60;1,60;-1,30;98,30;89,40;0;6;63,30;1,40;1,70;
2026-07-27 00:16:00.0;OFF;ON;50;1,60;1,60;1,60;-1,30;98,30;89,40;0;6;63,30;1,40;1,70;
2026-07-27 00:17:00.0;OFF;ON;50;1,70;1,60;1,60;-1,30;98,30;89,40;0,10;6;63,30;1,40;1,70;
2026-07-27 00:18:00.0;OFF;ON;50;1,50;1,60;1,60;-1,30;98,30;89,40;0;6;63,90;1,40;1,70;
2026-07-27 00:19:00.0;OFF;ON;50;1,70;1,60;1,60;-1,30;98,30;89,40;-0,10;6;64;1,40;1,70;
2026-07-27 00:20:00.0;OFF;ON;50;1,60;1,60;1,60;-1,30;98,30;89,40;0;6;63,40;1,40;1,80;
2026-07-27 00:21:00.0;OFF;ON;50;1,60;1,60;1,60;-1,30;98,30;89,40;0;6;63,40;1,40;1,80;
2026-07-27 00:22:00.0;OFF;ON;50;1,70;1,60;1,60;-1,30;98,30;89,40;-0,10;6;64;1,40;1,80;
2026-07-27 00:23:00.0;OFF;ON;50;1,60;1,60;1,60;-1,30;98,30;89,40;0;6;63,90;1,40;1,80;
2026-07-27 00:24:00.0;OFF;ON;50;1,50;1,60;1,60;-1,30;98,30;89,40;0,10;6;63,40;1,40;1,80;
2026-07-27 00:25:00.0;OFF;ON;50;1,50;1,60;1,60;-1,30;98,30;89,40;0,10;6;63,50;1,40;1,80;
2026-07-27 00:26:00.0;OFF;ON;50;1,60;1,60;1,60;-1,30;98,30;89,40;0;6;64,10;1,40;1,80;
2026-07-27 00:27:00.0;OFF;ON;50;1,70;1,60;1,60;-1,30;98,30;89,40;-0,10;6;64,10;1,40;1,80;
2026-07-27 00:28:00.0;OFF;ON;50;1,60;1,60;1,60;-1,30;98,30;89,40;0;6;63,60;1,40;1,80;
2026-07-27 00:29:00.0;OFF;ON;50;1,60;1,60;1,60;-1,30;98,30;89,40;-0,10;6;64,10;1,40;1,80;
2026-07-27 00:30:00.0;OFF;ON;50;1,50;1,60;1,60;-1,30;98,30;89,40;0,10;6;63,60;1,40;1,80;
2026-07-27 00:31:00.0;OFF;ON;50;1,60;1,60;1,60;-1,30;98,30;89,40;0;6;64,10;1,40;1,80;
2026-07-27 00:32:00.0;OFF;ON;50;1,70;1,60;1,60;-1,30;98,30;89,40;-0,10;6;64,30;1,40;1,80;
2026-07-27 00:33:00.0;OFF;ON;50;1,60;1,60;1,60;-1,30;98,30;89,40;0;6;64,20;1,40;1,80;
2026-07-27 00:34:00.0;OFF;ON;50;1,60;1,60;1,60;-1,30;98,30;89,40;0;6;64,30;1,40;1,80;
2026-07-27 00:35:00.0;OFF;ON;50;1,70;1,60;1,60;-1,30;98,30;89,40;-0,10;6;64,50;1,40;1,80;
2026-07-27 00:36:00.0;OFF;ON;50;1,70;1,60;1,60;-1,30;98,30;89,40;-0,10;6;64,40;1,40;1,80;
2026-07-27 00:37:00.0;OFF;ON;50;1,60;1,60;1,60;-1,30;98,30;89,40;0;6;64,30;1,40;1,80;
2026-07-27 00:38:00.0;OFF;ON;50;1,50;1,60;1,60;-1,30;98,30;89,40;0;6;64,40;1,40;1,80;
2026-07-27 00:39:00.0;OFF;ON;50;1,60;1,60;1,60;-1,30;98,30;89,40;0;6;64,40;1,40;1,80;
2026-07-27 00:40:00.0;OFF;ON;50;1,60;1,60;1,60;-1,30;98,30;89,40;0;6;64,60;1,40;1,80;
2026-07-27 00:41:00.0;OFF;ON;50;1,60;1,60;1,60;-1,30;98,30;89,40;0;6;64,50;1,40;1,80;
2026-07-27 00:42:00.0;OFF;ON;50;1,50;1,60;1,60;-1,30;98,30;89,40;0,10;6;64;1,40;1,80;
2026-07-27 00:43:00.0;OFF;ON;50;1,60;1,60;1,60;-1,30;98,30;89,40;0;6;64,70;1,40;1,80;
2026-07-27 00:44:00.0;OFF;ON;50;1,60;1,60;1,60;-1,30;98,30;89,40;0;6;64,70;1,40;1,80;
2026-07-27 00:45:00.0;OFF;ON;50;1,50;1,60;1,60;-1,30;98,30;89,40;0;6;64,60;1,40;1,80;
2026-07-27 00:46:00.0;OFF;ON;50;1,60;1,60;1,60;-1,30;98,40;89,40;0;6;64,30;1,40;1,80;
2026-07-27 00:47:00.0;OFF;ON;50;1,70;1,60;1,60;-1,30;98,40;89,40;-0,10;6;65;1,40;1,80;
2026-07-27 00:48:00.0;OFF;ON;50;1,70;1,60;1,60;-1,30;98,40;89,40;-0,10;6;65;1,40;1,80;
2026-07-27 00:49:00.0;OFF;ON;50;1,70;1,60;1,60;-1,30;98,40;89,40;-0,10;6;65,10;1,40;1,80;
2026-07-27 00:50:00.0;OFF;ON;50;1,70;1,60;1,60;-1,30;98,40;89,40;-0,10;6;65,10;1,40;1,80;
2026-07-27 00:51:00.0;OFF;ON;50;1,60;1,60;1,60;-1,30;98,40;89,40;0;6;65;1,40;1,80;
2026-07-27 00:52:00.0;OFF;ON;50;1,70;1,60;1,60;-1,30;98,40;89,40;-0,10;6;65,20;1,40;1,80;
2026-07-27 00:53:00.0;OFF;ON;50;1,70;1,60;1,60;-1,30;98,30;89,40;-0,10;6;65,30;1,40;1,80;
2026-07-27 00:54:00.0;OFF;ON;50;1,60;1,60;1,60;-1,30;98,30;89,40;0;6;65,20;1,40;1,80;
2026-07-27 00:55:00.0;OFF;ON;50;1,60;1,60;1,60;-1,30;98,30;89,40;0;6;65,10;1,40;1,80;
2026-07-27 00:56:00.0;OFF;ON;50;1,70;1,60;1,60;-1,30;98,30;89,40;-0,10;6;65,30;1,40;1,80;
2026-07-27 00:57:00.0;OFF;ON;50;1,60;1,60;1,60;-1,30;98,30;89,40;0;6;65,30;1,40;1,80;
2026-07-27 00:58:00.0;OFF;ON;50;1,60;1,60;1,60;-1,30;98,30;89,40;0;6;64,70;1,40;1,80;
2026-07-27 00:59:00.0;OFF;ON;50;1,70;1,60;1,60;-1,30;98,30;89,40;-0,10;6;65,50;1,40;1,80;
2026-07-27 01:00:00.0;OFF;ON;50;1,70;1,60;1,60;-1,30;98,30;89,40;-0,10;6;65,50;1,40;1,80;
2026-07-27 01:01:00.0;OFF;ON;50;1,60;1,60;1,60;-1,30;98,30;89,40;0;6;65,50;1,40;1,80;
2026-07-27 01:02:00.0;OFF;ON;50;1,50;1,60;1,60;-1,30;98,30;89,40;0;6;65,50;1,40;1,80;
2026-07-27 01:03:00.0;OFF;ON;50;1,60;1,60;1,60;-1,30;98,30;89,40;0;6;65,70;1,40;1,80;
2026-07-27 01:04:00.0;OFF;ON;50;1,60;1,60;1,60;-1,30;98,30;89,40;0;6;65,70;1,40;1,80;
2026-07-27 01:05:00.0;OFF;ON;50;1,60;1,60;1,60;-1,30;98,30;89,40;0;6;65,80;1,40;1,80;
2026-07-27 01:06:00.0;OFF;ON;50;1,70;1,60;1,60;-1,30;98,30;89,40;-0,10;6;65,80;1,40;1,80;
2026-07-27 01:07:00.0;OFF;ON;50;1,50;1,60;1,60;-1,30;98,30;89,40;0,10;6;65,20;1,40;1,80;
2026-07-27 01:08:00.0;OFF;ON;50;1,50;1,60;1,60;-1,30;98,30;89,40;0;6;65,90;1,40;1,80;
2026-07-27 01:09:00.0;OFF;ON;50;1,60;1,60;1,60;-1,30;98,30;89,40;0;6;65,90;1,40;1,80;
2026-07-27 01:10:00.0;OFF;ON;50;1,60;1,60;1,60;-1,30;98,30;89,40;-0,10;6;65,70;1,40;1,80;
2026-07-27 01:11:00.0;OFF;ON;50;1,60;1,60;1,60;-1,30;98,30;89,40;0;6;65,90;1,40;1,80;
2026-07-27 01:12:00.0;OFF;ON;50;1,50;1,60;1,60;-1,30;98,30;89,40;0,10;6;65,30;1,40;1,80;
2026-07-27 01:13:00.0;OFF;ON;50;1,50;1,60;1,60;-1,30;98,30;89,40;0;6;65,80;1,40;1,70;
2026-07-27 01:14:00.0;OFF;ON;50;1,50;1,60;1,60;-1,30;98,30;89,40;0;6;65,90;1,40;1,70;
2026-07-27 01:15:00.0;OFF;ON;50;1,60;1,60;1,60;-1,30;98,30;89,40;0;6;65,20;1,40;1,70;
2026-07-27 01:16:00.0;OFF;ON;50;1,50;1,60;1,60;-1,30;98,30;89,40;0;6;65,90;1,40;1,70;
2026-07-27 01:17:00.0;OFF;ON;50;1,60;1,60;1,60;-1,30;98,30;89,40;-0,10;6;65,80;1,40;1,70;
2026-07-27 01:18:00.0;OFF;ON;50;1,60;1,60;1,60;-1,30;98,30;89,40;0;6;65,30;1,40;1,70;
2026-07-27 01:19:00.0;OFF;ON;50;1,50;1,60;1,60;-1,30;98,30;89,40;0;6;65,20;1,40;1,70;
2026-07-27 01:20:00.0;OFF;ON;50;1,60;1,60;1,60;-1,30;98,30;89,40;0;6;65,80;1,40;1,70;
2026-07-27 01:21:00.0;OFF;ON;50;1,60;1,60;1,60;-1,30;98,30;89,40;-0,10;6;65,80;1,40;1,70;
2026-07-27 01:22:00.0;OFF;ON;50;1,60;1,60;1,60;-1,30;98,30;89,40;-0,10;6;65,90;1,40;1,70;
2026-07-27 01:23:00.0;OFF;ON;50;1,50;1,50;1,50;-1,30;98,30;89,40;0;6;65,90;1,40;1,70;
2026-07-27 01:24:00.0;OFF;ON;50;1,60;1,50;1,50;-1,30;98,30;89,40;-0,10;6;65,90;1,40;1,70;
2026-07-27 01:25:00.0;OFF;ON;50;1,50;1,60;1,60;-1,30;98,30;89,40;0,10;6;65,30;1,40;1,70;
2026-07-27 01:26:00.0;OFF;ON;50;1,50;1,50;1,50;-1,30;98,30;89,40;0;6;65,80;1,40;1,70;
2026-07-27 01:27:00.0;OFF;ON;50;1,60;1,50;1,50;-1,30;98,30;89,40;0;6;65,90;1,40;1,70;
2026-07-27 01:28:00.0;OFF;ON;50;1,50;1,50;1,50;-1,30;98,30;89,40;0;6;65,30;1,40;1,70;
2026-07-27 01:29:00.0;OFF;ON;50;1,50;1,50;1,50;-1,30;98,30;89,40;0,10;6;65,30;1,30;1,70;
2026-07-27 01:30:00.0;OFF;ON;50;1,50;1,50;1,50;-1,30;98,30;89,40;0;6;65,90;1,30;1,70;
2026-07-27 01:31:00.0;OFF;ON;50;1,50;1,50;1,50;-1,30;98,30;89,40;0;6;65,30;1,30;1,70;
2026-07-27 01:32:00.0;OFF;ON;50;1,50;1,50;1,50;-1,30;98,30;89,40;0;6;65,80;1,30;1,70;
2026-07-27 01:33:00.0;OFF;ON;50;1,60;1,50;1,50;-1,30;98,30;89,40;-0,10;6;65,90;1,30;1,70;
2026-07-27 01:34:00.0;OFF;ON;50;1,50;1,50;1,50;-1,30;98,30;89,40;0;6;65,80;1,30;1,70;
2026-07-27 01:35:00.0;OFF;ON;50;1,50;1,50;1,50;-1,30;98,30;89,40;0,10;6;65,30;1,30;1,70;
2026-07-27 01:36:00.0;OFF;ON;50;1,50;1,50;1,50;-1,30;98,30;89,40;0;6;65,70;1,30;1,70;
2026-07-27 01:37:00.0;OFF;ON;50;1,50;1,50;1,50;-1,30;98,30;89,40;0,10;6;65,30;1,30;1,70;
2026-07-27 01:38:00.0;OFF;ON;50;1,60;1,50;1,50;-1,30;98,30;89,40;0;6;65,20;1,30;1,70;
2026-07-27 01:39:00.0;OFF;ON;50;1,60;1,50;1,50;-1,30;98,30;89,40;-0,10;6;65,90;1,30;1,70;
2026-07-27 01:40:00.0;OFF;ON;50;1,60;1,50;1,50;-1,30;98,30;89,40;0;6;65,80;1,30;1,70;
2026-07-27 01:41:00.0;OFF;ON;50;1,60;1,50;1,50;-1,30;98,30;89,40;-0,10;6;65,90;1,30;1,70;
2026-07-27 01:42:00.0;OFF;ON;50;1,60;1,50;1,50;-1,30;98,30;89,40;0;6;65,80;1,30;1,70;
2026-07-27 01:43:00.0;OFF;ON;50;1,60;1,50;1,50;-1,30;98,30;89,40;-0,10;6;65,90;1,30;1,70;
2026-07-27 01:44:00.0;OFF;ON;50;1,50;1,50;1,50;-1,30;98,30;89,40;0;6;65,90;1,30;1,70;
2026-07-27 01:45:00.0;OFF;ON;50;1,60;1,50;1,50;-1,30;98,30;89,40;0;6;65,30;1,30;1,70;
2026-07-27 01:46:00.0;OFF;ON;50;1,60;1,50;1,50;-1,30;98,30;89,40;0;6;65,30;1,30;1,70;
2026-07-27 01:47:00.0;OFF;ON;50;1,50;1,50;1,50;-1,30;98,30;89,40;0;6;65,30;1,30;1,70;
2026-07-27 01:48:00.0;OFF;ON;50;1,60;1,50;1,50;-1,30;98,30;89,40;0;6;65,90;1,30;1,70;
2026-07-27 01:49:00.0;OFF;ON;50;1,60;1,50;1,50;-1,30;98,30;89,40;0;6;65,40;1,30;1,70;
2026-07-27 01:50:00.0;OFF;ON;50;1,50;1,50;1,50;-1,30;98,30;89,40;0;6;65,90;1,30;1,70;
2026-07-27 01:51:00.0;OFF;ON;50;1,50;1,50;1,50;-1,30;98,30;89,40;0;6;65,40;1,30;1,70;
2026-07-27 01:52:00.0;OFF;ON;50;1,70;1,50;1,50;-1,30;98,30;89,40;-0,10;6;66,20;1,30;1,70;
2026-07-27 01:53:00.0;OFF;ON;50;1,50;1,50;1,50;-1,30;98,30;89,40;0,10;6;65,40;1,30;1,70;
2026-07-27 01:54:00.0;OFF;ON;50;1,60;1,50;1,50;-1,30;98,30;89,40;0;6;66;1,30;1,70;
2026-07-27 01:55:00.0;OFF;ON;50;1,40;1,50;1,50;-1,30;98,30;89,40;0,10;6;65,40;1,30;1,70;
2026-07-27 01:56:00.0;OFF;ON;50;1,60;1,50;1,50;-1,30;98,30;89,40;-0,10;6;66,10;1,30;1,70;
2026-07-27 01:57:00.0;OFF;ON;50;1,50;1,50;1,50;-1,30;98,30;89,40;0;6;66,10;1,30;1,70;
2026-07-27 01:58:00.0;OFF;ON;50;1,60;1,50;1,50;-1,30;98,30;89,40;-0,10;6;66,10;1,30;1,70;
2026-07-27 01:59:00.0;OFF;ON;50;1,50;1,50;1,50;-1,30;98,30;89,40;0;6;65,50;1,30;1,70;
2026-07-27 02:00:00.0;OFF;ON;50;1,50;1,50;1,50;-1,30;98,30;89,40;0;6;65,60;1,30;1,70;
2026-07-27 02:01:00.0;OFF;ON;50;1,50;1,50;1,50;-1,30;98,30;89,40;0,10;6;65,60;1,30;1,70;
2026-07-27 02:02:00.0;OFF;ON;50;1,60;1,50;1,50;-1,30;98,30;89,40;0;6;66,10;1,30;1,70;
2026-07-27 02:03:00.0;OFF;ON;50;1,60;1,50;1,50;-1,30;98,30;89,40;-0,10;6;66,20;1,30;1,70;
2026-07-27 02:04:00.0;OFF;ON;50;1,50;1,50;1,50;-1,30;98,30;89,40;0;6;66,20;1,30;1,70;
2026-07-27 02:05:00.0;OFF;ON;50;1,60;1,50;1,50;-1,30;98,30;89,40;-0,10;6;66,30;1,30;1,70;
2026-07-27 02:06:00.0;OFF;ON;50;1,50;1,50;1,50;-1,30;98,30;89,40;0;6;65,70;1,30;1,70;
2026-07-27 02:07:00.0;OFF;ON;50;1,50;1,50;1,50;-1,30;98,30;89,40;0,10;6;65,70;1,30;1,70;
2026-07-27 02:08:00.0;OFF;ON;50;1,50;1,50;1,50;-1,30;98,30;89,40;0;6;66,30;1,30;1,70;
2026-07-27 02:09:00.0;OFF;ON;50;1,50;1,50;1,50;-1,30;98,30;89,40;0,10;6;65,80;1,30;1,70;
2026-07-27 02:10:00.0;OFF;ON;50;1,50;1,50;1,50;-1,30;98,30;89,40;0,10;6;65,80;1,30;1,70;
2026-07-27 02:11:00.0;OFF;ON;50;1,60;1,50;1,50;-1,30;98,30;89,40;-0,10;6;66,40;1,30;1,70;
2026-07-27 02:12:00.0;OFF;ON;50;1,60;1,50;1,50;-1,30;98,30;89,40;0;6;66,30;1,30;1,70;
2026-07-27 02:13:00.0;OFF;ON;50;1,60;1,50;1,50;-1,30;98,30;89,40;0;6;65,90;1,30;1,70;
2026-07-27 02:14:00.0;OFF;ON;50;1,50;1,50;1,50;-1,30;98,30;89,40;0;6;65,80;1,30;1,70;
2026-07-27 02:15:00.0;OFF;ON;50;1,50;1,50;1,50;-1,30;98,30;89,40;0;6;66,30;1,30;1,70;
2026-07-27 02:16:00.0;OFF;ON;50;1,50;1,50;1,50;-1,30;98,30;89,40;0;6;65,90;1,30;1,70;
2026-07-27 02:17:00.0;OFF;ON;50;1,60;1,50;1,50;-1,30;98,30;89,40;-0,10;6;66,40;1,30;1,70;
2026-07-27 02:18:00.0;OFF;ON;50;1,50;1,50;1,50;-1,30;98,30;89,40;0;6;66,50;1,30;1,70;
2026-07-27 02:19:00.0;OFF;ON;50;1,60;1,50;1,50;-1,30;98,30;89,40;0;6;66;1,30;1,70;
2026-07-27 02:20:00.0;OFF;ON;50;1,60;1,50;1,50;-1,30;98,30;89,40;-0,10;6;66,60;1,30;1,70;
2026-07-27 02:21:00.0;OFF;ON;50;1,50;1,50;1,50;-1,30;98,30;89,40;0;6;65,90;1,30;1,70;
2026-07-27 02:22:00.0;OFF;ON;50;1,50;1,50;1,50;-1,30;98,30;89,40;0;6;66;1,30;1,70;
2026-07-27 02:23:00.0;OFF;ON;50;1,50;1,50;1,50;-1,30;98,30;89,40;0;6;66;1,30;1,70;
2026-07-27 02:24:00.0;OFF;ON;50;1,50;1,50;1,50;-1,30;98,30;89,40;0;6;66,50;1,30;1,70;
2026-07-27 02:25:00.0;OFF;ON;50;1,50;1,50;1,50;-1,30;98,30;89,40;0;6;66,60;1,30;1,70;
2026-07-27 02:26:00.0;OFF;ON;50;1,40;1,50;1,50;-1,30;98,30;89,40;0,10;6;65,90;1,30;1,70;
2026-07-27 02:27:00.0;OFF;ON;50;1,60;1,50;1,50;-1,30;98,30;89,40;0;6;65,90;1,30;1,70;
2026-07-27 02:28:00.0;OFF;ON;50;1,50;1,50;1,50;-1,30;98,30;89,40;0;6;65,80;1,30;1,70;
2026-07-27 02:29:00.0;OFF;ON;50;1,50;1,50;1,50;-1,30;98,30;89,40;0;6;65,80;1,30;1,70;
2026-07-27 02:30:00.0;OFF;ON;50;1,40;1,50;1,50;-1,30;98,30;89,40;0,10;6;65,60;1,30;1,70;
2026-07-27 02:31:00.0;OFF;ON;50;1,50;1,50;1,50;-1,30;98,30;89,40;0;6;65,80;1,30;1,70;
2026-07-27 02:32:00.0;OFF;ON;50;1,50;1,50;1,50;-1,30;98,30;89,40;0;6;65,70;1,30;1,70;
2026-07-27 02:33:00.0;OFF;ON;50;1,50;1,50;1,50;-1,30;98,30;89,40;0;6;65,50;1,30;1,70;
2026-07-27 02:34:00.0;OFF;ON;50;1,50;1,50;1,50;-1,30;98,30;89,40;0;6;65,50;1,30;1,60;
2026-07-27 02:35:00.0;OFF;ON;50;1,40;1,50;1,50;-1,30;98,30;89,40;0,10;6;65,60;1,30;1,60;
2026-07-27 02:36:00.0;OFF;ON;50;1,50;1,50;1,50;-1,30;98,30;89,40;0;6;65,50;1,30;1,60;
2026-07-27 02:37:00.0;OFF;ON;50;1,40;1,50;1,50;-1,30;98,30;89,40;0,10;6;65,40;1,30;1,60;
2026-07-27 02:38:00.0;OFF;ON;50;1,40;1,50;1,50;-1,30;98,30;89,40;0,10;6;65,20;1,30;1,60;
2026-07-27 02:39:00.0;OFF;ON;50;1,50;1,50;1,50;-1,30;98,30;89,40;0;6;65,40;1,30;1,60;
2026-07-27 02:40:00.0;OFF;ON;50;1,50;1,50;1,50;-1,30;98,30;89,40;0;6;65,20;1,30;1,60;
2026-07-27 02:41:00.0;OFF;ON;50;1,60;1,60;1,60;-1,30;98,30;89,40;0;6;65,10;1,30;1,60;
2026-07-27 02:42:00.0;OFF;ON;50;1,70;1,60;1,60;-1,30;98,30;89,40;0;6;65;1,30;1,70;
2026-07-27 02:43:00.0;OFF;ON;50;1,70;1,70;1,70;-1,30;98,30;89,40;0;6;65;1,30;1,70;
2026-07-27 02:44:00.0;OFF;ON;50;1,70;1,70;1,70;-1,30;98,30;89,20;0;6;64,90;1,40;1,70;
2026-07-27 02:45:00.0;OFF;ON;50;1,60;1,80;1,80;-1,30;98,30;89,20;0,20;6;64,50;1,40;1,80;
2026-07-27 02:46:00.0;OFF;ON;50;1,80;1,80;1,80;-1,30;98,30;89,30;0;6;65,30;1,40;1,80;
2026-07-27 02:47:00.0;OFF;ON;50;1,80;1,80;1,80;-1,30;98,30;89,30;0;6;64,80;1,40;1,80;
2026-07-27 02:48:00.0;OFF;ON;50;1,70;1,80;1,80;-1,30;98,30;89,30;0,10;6;64,60;1,40;1,90;
2026-07-27 02:49:00.0;OFF;ON;50;1,70;1,80;1,80;-1,30;98,30;89,30;0;6;65,20;1,50;1,90;
2026-07-27 02:50:00.0;OFF;ON;50;1,60;1,70;1,70;-1,30;98,30;89,30;0,10;6;64,60;1,40;1,90;
2026-07-27 02:51:00.0;OFF;ON;50;1,70;1,70;1,70;-1,30;98,30;89,30;0;6;64,70;1,40;1,90;
2026-07-27 02:52:00.0;OFF;ON;50;1,70;1,70;1,70;-1,30;98,30;89,30;-0,10;6;65,20;1,40;1,80;
2026-07-27 02:53:00.0;OFF;ON;50;1,50;1,60;1,60;-1,30;98,30;89,30;0,20;6;64,30;1,40;1,80;
2026-07-27 02:54:00.0;OFF;ON;50;1,70;1,70;1,70;-1,30;98,30;89,20;0;6;64,60;1,40;1,80;
2026-07-27 02:55:00.0;OFF;ON;50;1,70;1,70;1,70;-1,30;98,30;89,20;0;6;64,50;1,40;1,80;
2026-07-27 02:56:00.0;OFF;ON;50;1,70;1,80;1,80;-1,30;98,30;89,10;0;6;64,40;1,40;1,80;
2026-07-27 02:57:00.0;OFF;ON;50;1,80;1,80;1,80;-1,30;98,30;89,10;0;6;64,20;1,40;1,80;
2026-07-27 02:58:00.0;OFF;ON;50;1,80;1,70;1,70;-1,30;98,30;89,10;0;6;64,20;1,40;1,80;
2026-07-27 02:59:00.0;OFF;ON;50;1,60;1,70;1,70;-1,30;98,30;89,10;0;6;64,70;1,40;1,80;
2026-07-27 03:00:00.0;OFF;ON;50;1,60;1,70;1,70;-1,30;98,30;89,20;0,10;6;64,10;1,40;1,80;
2026-07-27 03:01:00.0;OFF;ON;50;1,50;1,60;1,60;-1,30;98,30;89,10;0,10;6;63,90;1,40;1,80;
2026-07-27 03:02:00.0;OFF;ON;50;1,50;1,70;1,70;-1,30;98,30;89,20;0,20;6;63,60;1,40;1,80;
2026-07-27 03:03:00.0;OFF;ON;50;1,70;1,70;1,70;-1,30;98,30;89,10;0;6;64;1,40;1,80;
2026-07-27 03:04:00.0;OFF;ON;50;1,80;1,70;1,70;-1,30;98,30;89,30;0;6;63,80;1,40;1,80;
2026-07-27 03:05:00.0;OFF;ON;50;1,80;1,80;1,80;-1,30;98,30;89,30;0;6;63,60;1,40;1,80;
2026-07-27 03:06:00.0;OFF;ON;50;1,80;1,80;1,80;-1,30;98,30;89,20;0;6;63,50;1,40;1,80;
2026-07-27 03:07:00.0;OFF;ON;50;1,80;1,80;1,80;-1,30;98,30;89,20;0;6;63,40;1,50;1,80;
2026-07-27 03:08:00.0;OFF;ON;50;1,80;1,80;1,80;-1,30;98,30;89,20;0;6;63,40;1,50;1,90;
2026-07-27 03:09:00.0;OFF;ON;50;1,70;1,80;1,80;-1,30;98,30;89,40;0,10;6;63,20;1,50;1,90;
2026-07-27 03:10:00.0;OFF;ON;50;1,80;1,80;1,80;-1,30;98,30;89,40;0;6;63,40;1,50;1,90;
2026-07-27 03:11:00.0;OFF;ON;50;1,80;1,80;1,80;-1,30;98,30;89,30;0;6;63,20;1,50;1,90;
2026-07-27 03:12:00.0;OFF;ON;50;1,80;1,80;1,80;-1,30;98,30;89,30;0;6;63,20;1,50;1,90;
2026-07-27 03:13:00.0;OFF;ON;50;1,80;1,70;1,70;-1,30;98,30;89,30;0;6;63,10;1,50;1,90;
2026-07-27 03:14:00.0;OFF;ON;50;1,60;1,80;1,80;-1,30;98,30;89,30;0,20;6;62,70;1,40;1,90;
2026-07-27 03:15:00.0;OFF;ON;50;1,70;1,80;1,80;-1,30;98,30;89,30;0;6;63;1,50;1,80;
2026-07-27 03:16:00.0;OFF;ON;50;1,70;1,70;1,70;-1,30;98,30;89,30;0;6;62,90;1,40;1,80;
2026-07-27 03:17:00.0;OFF;ON;50;1,60;1,70;1,70;-1,30;98,30;89,30;0,10;6;62,90;1,40;1,80;
2026-07-27 03:18:00.0;OFF;ON;50;1,60;1,70;1,70;-1,30;98,30;89,30;0,20;6;62,20;1,40;1,80;
2026-07-27 03:19:00.0;OFF;ON;50;1,60;1,80;1,80;-1,30;98,30;89,40;0,20;6;62,30;1,40;1,80;
2026-07-27 03:20:00.0;OFF;ON;50;1,80;1,80;1,80;-1,30;98,30;89,30;0;6;62,50;1,40;1,80;
2026-07-27 03:21:00.0;OFF;ON;50;1,70;1,80;1,80;-1,30;98,30;89,20;0,10;6;62,30;1,50;1,80;
2026-07-27 03:22:00.0;OFF;ON;50;1,80;1,80;1,80;-1,30;98,30;89,20;0;6;62,30;1,50;1,90;
2026-07-27 03:23:00.0;OFF;ON;50;1,80;1,80;1,80;-1,30;98,30;89,10;0;6;62,20;1,50;1,90;
2026-07-27 03:24:00.0;OFF;ON;50;1,80;1,80;1,80;-1,30;98,30;89,10;0;6;62,20;1,50;1,90;
2026-07-27 03:25:00.0;OFF;ON;50;1,70;1,80;1,80;-1,30;98,30;89,10;0;6;62,20;1,50;1,90;
2026-07-27 03:26:00.0;OFF;ON;50;1,60;1,70;1,70;-1,30;98,30;89,10;0,10;6;61,90;1,50;1,90;
2026-07-27 03:27:00.0;OFF;ON;50;1,50;1,70;1,70;-1,30;98,30;89,10;0,20;6;61,60;1,50;1,90;
2026-07-27 03:28:00.0;OFF;ON;50;1,50;1,70;1,70;-1,30;98,30;89,10;0,20;6;61,70;1,40;1,80;
2026-07-27 03:29:00.0;OFF;ON;50;1,70;1,70;1,70;-1,30;98,30;89,10;0;6;61,90;1,40;1,80;
2026-07-27 03:30:00.0;OFF;ON;50;1,60;1,60;1,60;-1,30;98,30;89,10;0;6;61,90;1,40;1,80;
2026-07-27 03:31:00.0;OFF;ON;50;1,60;1,60;1,60;-1,30;98,30;89,10;0;6;61,90;1,40;1,80;
2026-07-27 03:32:00.0;OFF;ON;50;1,60;1,60;1,60;-1,30;98,30;89,10;0;6;61,80;1,40;1,80;
2026-07-27 03:33:00.0;OFF;ON;50;1,60;1,60;1,60;-1,30;98,30;89,10;0;6;61,60;1,40;1,70;
2026-07-27 03:34:00.0;OFF;ON;50;1,50;1,60;1,60;-1,30;98,30;89,10;0,10;6;61,60;1,40;1,70;
2026-07-27 03:35:00.0;OFF;ON;50;1,50;1,60;1,60;-1,30;98,30;89,10;0,10;6;61,30;1,40;1,70;
2026-07-27 03:36:00.0;OFF;ON;50;1,40;1,60;1,60;-1,30;98,30;89,10;0,10;6;61,20;1,30;1,70;
2026-07-27 03:37:00.0;OFF;ON;50;1,60;1,60;1,60;-1,30;98,30;89,10;0;6;61,40;1,30;1,70;
2026-07-27 03:38:00.0;OFF;ON;50;1,60;1,60;1,60;-1,30;98,30;89,10;0;6;61,30;1,30;1,70;
2026-07-27 03:39:00.0;OFF;ON;50;1,40;1,50;1,50;-1,30;98,30;89,10;0,10;6;61,10;1,30;1,70;
2026-07-27 03:40:00.0;OFF;ON;50;1,50;1,50;1,50;-1,30;98,30;89,20;0,10;6;61,10;1,30;1,70;
2026-07-27 03:41:00.0;OFF;ON;50;1,40;1,50;1,50;-1,30;98,30;89,20;0,10;6;60,90;1,30;1,70;
2026-07-27 03:42:00.0;OFF;ON;50;1,50;1,50;1,50;-1,30;98,30;89,20;0;6;61;1,30;1,70;
2026-07-27 03:43:00.0;OFF;ON;50;1,50;1,50;1,50;-1,30;98,30;89,20;0;6;60,90;1,30;1,70;
2026-07-27 03:44:00.0;OFF;ON;50;1,50;1,50;1,50;-1,30;98,30;89,20;0;6;60,80;1,30;1,70;
2026-07-27 03:45:00.0;OFF;ON;50;1,50;1,50;1,50;-1,30;98,30;89,20;0;6;60,80;1,30;1,70;
2026-07-27 03:46:00.0;OFF;ON;50;1,50;1,50;1,50;-1,30;98,30;89,20;0;6;60,80;1,30;1,70;
2026-07-27 03:47:00.0;OFF;ON;50;1,40;1,50;1,50;-1,30;98,30;89,20;0,20;6;60,30;1,30;1,70;
2026-07-27 03:48:00.0;OFF;ON;50;1,60;1,50;1,50;-1,30;98,30;89,20;0;6;60,70;1,30;1,70;
2026-07-27 03:49:00.0;OFF;ON;50;1,40;1,60;1,60;-1,30;98,30;89,20;0,20;6;60;1,30;1,70;
2026-07-27 03:50:00.0;OFF;ON;50;1,60;1,60;1,60;-1,30;98,30;89,20;0;6;60,30;1,30;1,70;
2026-07-27 03:51:00.0;OFF;ON;50;1,60;1,60;1,60;-1,30;98,30;89,20;0;6;60,30;1,30;1,70;
2026-07-27 03:52:00.0;OFF;ON;50;1,60;1,60;1,60;-1,30;98,30;89,20;-0,10;6;60,80;1,30;1,70;
2026-07-27 03:53:00.0;OFF;ON;50;1,60;1,60;1,60;-1,30;98,30;89,20;0;6;60,30;1,30;1,70;
2026-07-27 03:54:00.0;OFF;ON;50;1,50;1,60;1,60;-1,30;98,30;89,20;0;6;60,20;1,30;1,70;
2026-07-27 03:55:00.0;OFF;ON;50;1,40;1,60;1,60;-1,30;98,30;89,20;0,10;6;60,10;1,30;1,70;
2026-07-27 03:56:00.0;OFF;ON;50;1,60;1,60;1,60;-1,30;98,30;89,20;0;6;60,10;1,30;1,70;
2026-07-27 03:57:00.0;OFF;ON;50;1,60;1,50;1,50;-1,30;98,30;89,20;0;6;60,70;1,30;1,70;
2026-07-27 03:58:00.0;OFF;ON;50;1,60;1,50;1,50;-1,30;98,30;89,20;-0,10;6;60,60;1,30;1,70;
2026-07-27 03:59:00.0;OFF;ON;50;1,50;1,50;1,50;-1,30;98,30;89,20;0,10;6;60,10;1,30;1,70;
2026-07-27 04:00:00.0;OFF;ON;50;1,40;1,50;1,50;-1,30;98,30;89,20;0,10;6;59,90;1,30;1,70;
2026-07-27 04:01:00.0;OFF;ON;50;1,50;1,50;1,50;-1,30;98,30;89,20;0;6;60,50;1,30;1,70;
2026-07-27 04:02:00.0;OFF;ON;50;1,50;1,50;1,50;-1,30;98,30;89,20;0;6;60,50;1,30;1,70;
2026-07-27 04:03:00.0;OFF;ON;50;1,40;1,50;1,50;-1,30;98,30;89,20;0,10;6;59,70;1,30;1,70;
2026-07-27 04:04:00.0;OFF;ON;50;1,50;1,50;1,50;-1,30;98,30;89,20;0;6;59,90;1,30;1,70;
2026-07-27 04:05:00.0;OFF;ON;50;1,50;1,50;1,50;-1,30;98,30;89,20;0;6;59,70;1,30;1,70;
2026-07-27 04:06:00.0;OFF;ON;50;1,50;1,50;1,50;-1,30;98,30;89,20;0;6;59,80;1,30;1,70;
2026-07-27 04:07:00.0;OFF;ON;50;1,50;1,50;1,50;-1,30;98,30;89,20;0;6;59,80;1,30;1,70;
2026-07-27 04:08:00.0;OFF;ON;50;1,60;1,50;1,50;-1,30;98,30;89,20;0;6;59,70;1,30;1,70;
2026-07-27 04:09:00.0;OFF;ON;50;1,60;1,60;1,60;-1,30;98,30;89,20;0;6;59,60;1,30;1,70;
2026-07-27 04:10:00.0;OFF;ON;50;1,60;1,60;1,60;-1,30;98,30;89,20;0;6;59,40;1,30;1,70;
2026-07-27 04:11:00.0;OFF;ON;50;1,70;1,70;1,70;-1,30;98,30;89,30;0;6;59,50;1,30;1,70;
2026-07-27 04:12:00.0;OFF;ON;50;1,60;1,70;1,70;-1,30;98,30;89,30;0;6;59,30;1,40;1,70;
2026-07-27 04:13:00.0;OFF;ON;50;1,60;1,70;1,60;-1,30;98,30;89,30;0,10;6;59,30;1,40;1,80;
2026-07-27 04:14:00.0;OFF;ON;50;1,60;1,60;1,60;-1,30;98,30;89,30;0;6;59,40;1,40;1,80;
2026-07-27 04:15:00.0;OFF;ON;50;1,50;1,60;1,60;-1,30;98,30;89,30;0,10;6;59,40;1,40;1,80;
2026-07-27 04:16:00.0;OFF;ON;50;1,60;1,60;1,60;-1,30;98,30;89,30;0;6;59,20;1,40;1,80;
2026-07-27 04:17:00.0;OFF;ON;50;1,60;1,60;1,60;-1,30;98,30;89,30;0;6;59,30;1,40;1,80;
2026-07-27 04:18:00.0;OFF;ON;50;1,60;1,60;1,60;-1,30;98,30;89,30;0;6;59,20;1,40;1,70;
2026-07-27 04:19:00.0;OFF;ON;50;1,60;1,60;1,60;-1;98,30;3;0;6;59,80;1,40;1,70;
2026-07-27 04:20:00.0;OFF;ON;50;1,70;1,60;1,70;-0,90;98,30;0,50;0;6;59,20;1,40;1,70;
2026-07-27 04:21:00.0;OFF;ON;50;1,70;1,70;1,70;-0,70;98,30;0;0;6;59,70;1,40;1,80;
2026-07-27 04:22:00.0;OFF;ON;50;1,80;1,70;1,70;-0,60;98,30;0;0;6;59,10;1,40;1,80;
2026-07-27 04:23:00.0;OFF;ON;50;1,70;1,80;1,80;-0,50;98,30;0;0,10;6;59;1,40;1,80;
2026-07-27 04:24:00.0;OFF;ON;50;1,80;1,80;1,80;-0,60;98,30;0,60;0;6;59,10;1,40;1,90;
2026-07-27 04:25:00.0;OFF;ON;50;1,80;1,80;1,80;-0,60;98,30;0;0;6;59;1,50;1,90;
2026-07-27 04:26:00.0;OFF;ON;50;1,80;1,80;1,80;-0,50;98,30;0;0;6;59,10;1,50;1,90;
2026-07-27 04:27:00.0;OFF;ON;50;1,70;1,80;1,80;-0,30;98,30;0;0,10;6;58,90;1,50;1,90;
2026-07-27 04:28:00.0;OFF;ON;50;1,90;1,80;1,80;-0,50;98,30;0;0;6;58,90;1,50;1,90;
2026-07-27 04:29:00.0;OFF;ON;50;1,70;1,80;1,80;-0,70;98,30;0;0,10;6;58,80;1,50;1,90;
2026-07-27 04:30:00.0;OFF;ON;50;1,80;1,80;1,80;-1;98,30;0;0;6;58,90;1,50;1,90;
2026-07-27 04:31:00.0;OFF;ON;50;1,90;1,80;1,80;-1,10;98,30;0;0;6;58,80;1,50;1,90;
2026-07-27 04:32:00.0;OFF;ON;50;1,90;1,80;1,90;-1,10;98,30;0;-0,10;6;59,50;1,50;1,90;
2026-07-27 04:33:00.0;OFF;ON;50;1,80;1,90;1,90;-1,10;98,30;0;0,10;6;58,70;1,50;1,90;
2026-07-27 04:34:00.0;OFF;ON;50;1,80;1,90;1,90;-1,10;98,30;0;0,10;6;58,70;1,50;2;
2026-07-27 04:35:00.0;OFF;ON;50;1,80;1,90;1,90;-1,10;98,30;0;0,10;6;58,50;1,50;2;
2026-07-27 04:36:00.0;OFF;ON;50;1,80;1,90;1,90;-1,10;98,30;0;0,10;6;58,70;1,50;2;
2026-07-27 04:37:00.0;OFF;ON;50;1,80;1,90;1,80;-1,10;98,30;0;0,10;6;58,60;1,50;2;
2026-07-27 04:38:00.0;OFF;ON;50;1,70;1,90;1,90;-1,10;98,30;0;0,20;6;58,20;1,50;2;
2026-07-27 04:39:00.0;OFF;ON;50;1,90;1,90;1,90;-1,10;98,30;0;-0,10;6;59,10;1,50;2;
2026-07-27 04:40:00.0;OFF;ON;50;1,80;1,90;1,90;-1,10;98,30;0;0;6;58,50;1,50;2;
2026-07-27 04:41:00.0;OFF;ON;50;1,80;1,90;1,90;-1,10;98,30;0;0,10;6;58,30;1,60;2;
2026-07-27 04:42:00.0;OFF;ON;50;1,90;1,90;1,90;-1,10;98,30;0;0;6;58,50;1,60;2;
2026-07-27 04:43:00.0;OFF;ON;50;1,80;1,90;1,90;-1,10;98,30;0;0,10;6;58,10;1,60;2;
2026-07-27 04:44:00.0;OFF;ON;50;1,80;1,90;1,90;-1,10;98,40;0;0,10;6;58,20;1,60;2;
2026-07-27 04:45:00.0;OFF;ON;50;1,70;1,90;1,80;-1,10;98,30;0;0,10;6;58,20;1,60;2;
2026-07-27 04:46:00.0;OFF;ON;50;1,80;1,80;1,80;-1,10;98,30;0;0;6;58,70;1,50;2;
2026-07-27 04:47:00.0;OFF;ON;50;1,80;1,80;1,80;-1,10;98,30;0;0;6;58,70;1,50;1,90;
2026-07-27 04:48:00.0;OFF;ON;50;1,70;1,80;1,70;-1,10;98,30;0;0,10;6;58,10;1,50;1,90;
2026-07-27 04:49:00.0;OFF;ON;50;1,60;1,70;1,80;-1,10;98,30;0;0,20;6;57,60;1,50;1,90;
2026-07-27 04:50:00.0;OFF;ON;50;1,60;1,80;1,80;-1,10;98,30;0;0,20;6;57,50;1,50;1,80;
2026-07-27 04:51:00.0;OFF;ON;50;1,60;1,80;1,80;-1,10;98,30;0;0,20;6;57,40;1,50;1,80;
2026-07-27 04:52:00.0;OFF;ON;50;1,80;1,80;1,80;-1,10;98,30;0;0,10;6;57,70;1,50;1,90;
2026-07-27 04:53:00.0;OFF;ON;50;1,70;1,80;1,80;-1,10;98,40;0;0;6;57,30;1,50;1,90;
2026-07-27 04:54:00.0;OFF;ON;50;1,90;1,80;1,90;-1,10;98,40;0;0;6;57,60;1,50;1,90;
2026-07-27 04:55:00.0;OFF;ON;50;1,80;1,90;1,80;-1,10;98,40;0;0;6;57,40;1,50;1,90;
2026-07-27 04:56:00.0;OFF;ON;50;1,80;1,90;1,80;-1,10;98,30;0;0;6;57,40;1,50;1,90;
2026-07-27 04:57:00.0;OFF;ON;50;1,70;1,90;1,90;-1,10;98,30;0;0,20;6;56,80;1,50;1,90;
2026-07-27 04:58:00.0;OFF;ON;50;1,90;1,90;1,80;-1,10;98,30;0;0;6;57,20;1,50;1,90;
2026-07-27 04:59:00.0;OFF;ON;50;1,70;1,80;1,80;-1,10;98,30;0;0,10;6;56,80;1,50;1,90;
2026-07-27 05:00:00.0;OFF;ON;50;1,80;1,80;1,80;-1,10;98,40;0;0;6;57;1,50;1,90;
2026-07-27 05:01:00.0;OFF;ON;50;1,70;1,80;1,80;-1,10;98,30;0;0,10;6;56,80;1,50;1,90;
2026-07-27 05:02:00.0;OFF;ON;50;1,70;1,80;1,70;-1,10;98,30;0;0,10;6;56,80;1,50;1,90;
2026-07-27 05:03:00.0;OFF;ON;50;1,40;1,70;1,80;-1,10;98,30;0;0,30;6;55,40;1,40;1,80;
2026-07-27 05:04:00.0;OFF;ON;50;1,10;1,80;1,70;-0,60;98,30;0;0,60;6;53,70;1,40;1,70;
2026-07-27 05:05:00.0;OFF;ON;50;0,90;1,70;1,60;-1,10;98,30;0;0,70;6;52,60;1,30;1,50;
2026-07-27 05:06:00.0;OFF;ON;50;0,90;1,60;1,50;-1,10;98,30;0;0,60;6;52,30;1,30;1,40;
2026-07-27 05:07:00.0;OFF;ON;50;0,70;1,50;1,40;-1,10;98,30;0;0,70;6;51,10;1,10;1,30;
2026-07-27 05:08:00.0;OFF;ON;50;0,50;1,40;1,30;-1,10;98,20;0;0,80;6;50;1,10;1,20;
2026-07-27 05:09:00.0;OFF;ON;50;0,50;1,30;1,20;-1,10;98;0;0,80;6;50;1;1;
2026-07-27 05:10:00.0;OFF;ON;50;0,30;1,20;1,20;-1,20;97,80;0;0,80;6;50;0,90;0,90;
2026-07-27 05:11:00.0;OFF;ON;50;0,30;1,10;1,10;-1,20;97,70;0;0,80;6;50;0,90;0,80;
2026-07-27 05:12:00.0;OFF;ON;50;0,10;1;1;-1,20;97,40;0;0,90;6;50;0,80;0,70;
2026-07-27 05:13:00.0;OFF;ON;50;0,10;1;0,90;-1,20;97,20;0;0,80;6;50;0,70;0,60;
2026-07-27 05:14:00.0;OFF;ON;50;0;0,90;0,90;-1,20;97,10;0;0,90;6;50;0,70;0,50;
2026-07-27 05:15:00.0;OFF;ON;50;0;0,80;0,80;-1,20;96,90;0;0,80;6;50;0,60;0,40;
2026-07-27 05:16:00.0;OFF;ON;50;-0,10;0,80;0,80;-1,20;96,90;0;0,90;6;50;0,50;0,40;
2026-07-27 05:17:00.0;OFF;ON;50;-0,10;0,80;0,80;-1,20;97,10;0;0,90;6;50;0,50;0,30;
2026-07-27 05:18:00.0;OFF;ON;50;-0,20;0,80;0,80;-1,20;97,20;0;1;6;50;0,50;0,30;
2026-07-27 05:19:00.0;OFF;ON;50;-0,30;0,80;0,70;-1,20;97,10;0;1;6;50;0,40;0,20;
2026-07-27 05:20:00.0;OFF;ON;50;-0,40;0,70;0,60;-1,20;96,90;0;1;6;50;0,40;0,20;
2026-07-27 05:21:00.0;OFF;ON;50;-0,40;0,60;0,60;-1,20;96,70;0;0,90;6;50;0,30;0,10;
2026-07-27 05:22:00.0;OFF;ON;50;-0,40;0,50;0,50;-1,20;96,70;0;0,90;6;50;0,30;0;
2026-07-27 05:23:00.0;OFF;ON;50;-0,50;0,50;0,50;-1,20;96,60;0;1;6;50;0,20;0;
2026-07-27 05:24:00.0;OFF;ON;50;-0,50;0,40;0,40;-1,20;96,50;0;0,90;6;50;0,20;-0,10;
2026-07-27 05:25:00.0;OFF;ON;50;-0,60;0,40;0,30;-1,20;96,30;0;0,90;6;50;0,10;-0,10;
2026-07-27 05:26:00.0;OFF;ON;50;-0,50;0,30;0,30;-1,20;96,30;0;0,80;6;50;0,10;-0,10;
2026-07-27 05:27:00.0;OFF;ON;50;-0,70;0,30;0,30;-1,20;96,10;0;1;6;50;0;-0,20;
2026-07-27 05:28:00.0;OFF;ON;50;-0,70;0,20;0,20;-1,20;96,10;0;0,90;6;50;0;-0,20;
2026-07-27 05:29:00.0;OFF;ON;50;-0,70;0,20;0,20;-1,20;96,10;0;0,90;6;50;0;-0,30;
2026-07-27 05:30:00.0;OFF;ON;50;-0,80;0,20;0,10;-1,20;96,10;0;0,90;6;50;-0,10;-0,30;
2026-07-27 05:31:00.0;OFF;ON;50;-0,80;0,10;0,10;-1,20;96,10;0;0,90;6;50;-0,10;-0,30;
2026-07-27 05:32:00.0;OFF;ON;50;-0,70;0,10;0,10;-1,20;96,10;0;0,80;6;50;-0,10;-0,40;
2026-07-27 05:33:00.0;OFF;ON;50;-0,80;0;0;-1,20;96,10;0;0,80;6;50;-0,20;-0,40;
2026-07-27 05:34:00.0;OFF;ON;50;-0,80;0;0;-1,20;96,10;0;0,80;6;50;-0,20;-0,40;
2026-07-27 05:35:00.0;OFF;ON;50;-0,90;3;0;-1,20;96,20;0;0,90;6;50;-0,20;-0,40;
2026-07-27 05:36:00.0;OFF;ON;50;-1;3;-0,10;-1,20;96,20;0;0,90;3;50;-0,20;-0,40;
2026-07-27 05:37:00.0;OFF;ON;50;-1;2,90;-0,10;-1,20;96,20;0;0,90;3;50;-0,20;-0,50;
2026-07-27 05:38:00.0;OFF;ON;50;-0,90;2,90;-0,10;-1,20;96,20;0;0,80;3;50;-0,30;-0,50;
2026-07-27 05:39:00.0;OFF;ON;50;-1;2,90;-0,10;-1,20;96,30;0;0,90;3;50;-0,30;-0,50;
2026-07-27 05:40:00.0;OFF;ON;50;-1;2,90;-0,10;-1,20;96,30;0;0,90;3;50;-0,30;-0,50;
2026-07-27 05:41:00.0;OFF;ON;50;-1;2,90;-0,10;-1,20;96,40;0;0,90;3;50;-0,30;-0,50;
2026-07-27 05:42:00.0;OFF;ON;50;-0,90;2,90;-0,10;-1,20;96,40;0;0,80;3;50;-0,30;-0,50;
2026-07-27 05:43:00.0;OFF;ON;50;-1,10;2,80;-0,20;-1,20;96,50;0;0,90;3;50;-0,30;-0,60;
2026-07-27 05:44:00.0;OFF;ON;50;-0,90;2,90;-0,10;-1,20;96,90;0;0,80;3;50;-0,30;-0,60;
2026-07-27 05:45:00.0;OFF;ON;50;-1;2,70;-0,10;-1,20;97,20;0;1;3;50;-0,30;-0,50;
2026-07-27 05:46:00.0;OFF;ON;50;-0,90;2,80;0;-1,20;97,60;0;0,80;3,20;50;-0,30;-0,50;
2026-07-27 05:47:00.0;OFF;ON;50;-0,90;2,80;0;-1,20;97,80;0;0,90;3,20;50;-0,30;-0,50;
2026-07-27 05:48:00.0;OFF;ON;50;-0,70;2,80;0;-1,20;97,70;0;0,70;3,20;50;-0,40;-0,50;
2026-07-27 05:49:00.0;OFF;ON;50;-0,90;2,80;-0,10;-1,20;97,60;0;0,80;3,20;50;-0,40;-0,50;
2026-07-27 05:50:00.0;OFF;ON;50;-1;2,70;-0,10;-1,20;97,30;0;0,80;3,20;50;-0,40;-0,50;
2026-07-27 05:51:00.0;OFF;ON;50;-1;2,70;-0,20;-1,20;97,20;0;0,80;3,20;50;-0,40;-0,50;
2026-07-27 05:52:00.0;OFF;ON;50;-1;2,60;-0,20;-1,20;97,10;0;0,80;3,20;50;-0,40;-0,50;
2026-07-27 05:53:00.0;OFF;ON;50;-0,90;2,60;-0,20;-1,20;96,90;0;0,70;3,20;50;-0,40;-0,60;
2026-07-27 05:54:00.0;OFF;ON;50;-1;2,60;-0,20;-1,20;97,20;0;0,90;3,20;50;-0,40;-0,60;
2026-07-27 05:55:00.0;OFF;ON;50;-0,90;2,50;-0,10;-1,20;97,40;0;0,80;3,20;50;-0,40;-0,60;
2026-07-27 05:56:00.0;OFF;ON;50;-0,80;2,50;-0,10;-1,20;97,70;0;0,70;3,40;50;-0,40;-0,50;
2026-07-27 05:57:00.0;OFF;ON;50;-0,90;2,50;-0,10;-1,20;97,80;0;0,80;3,40;50;-0,40;-0,50;
2026-07-27 05:58:00.0;OFF;ON;50;-0,90;2,50;-0,10;-1,20;97,80;0;0,80;3,40;50;-0,40;-0,50;
2026-07-27 05:59:00.0;OFF;ON;50;-0,90;2,50;-0,10;-1,20;97,60;0;0,70;3,40;50;-0,40;-0,50;
2026-07-27 06:00:00.0;OFF;ON;50;-0,80;2,40;-0,20;-1,20;97,50;0;0,60;3,40;50;-0,40;-0,50;
2026-07-27 06:01:00.0;OFF;ON;50;-0,90;2,40;-0,20;-1,20;97,20;0;0,70;3,40;50;-0,40;-0,50;
2026-07-27 06:02:00.0;OFF;ON;50;-0,90;2,40;-0,20;-1,30;97,10;0;0,70;3,40;50;-0,40;-0,50;
2026-07-27 06:03:00.0;OFF;ON;50;-0,90;2,40;-0,30;-1,30;97;0;0,70;3,40;50;-0,50;-0,60;
2026-07-27 06:04:00.0;OFF;ON;50;-0,90;2,30;-0,30;-1,30;96,80;0;0,70;3,40;50;-0,50;-0,60;
2026-07-27 06:05:00.0;OFF;ON;50;-0,90;2,10;-0,30;-1,30;96,80;0;0,60;3,40;50;-0,50;-0,60;
2026-07-27 06:06:00.0;OFF;ON;50;-1;2,10;-0,30;-1,30;96,80;0;0,70;3,60;50;-0,50;-0,60;
2026-07-27 06:07:00.0;OFF;ON;50;-1;2,10;-0,30;-1,30;96,80;0;0,70;3,60;50;-0,50;-0,70;
2026-07-27 06:08:00.0;OFF;ON;50;-1;2,10;-0,30;-1,30;96,80;0;0,70;3,60;50;-0,50;-0,70;
2026-07-27 06:09:00.0;OFF;ON;50;-1;2,10;-0,40;-1,30;96,80;0;0,70;3,60;50;-0,50;-0,70;
2026-07-27 06:10:00.0;OFF;ON;50;-1,20;2;-0,40;-1,30;96,70;0;0,80;3,60;50;-0,50;-0,70;
2026-07-27 06:11:00.0;OFF;ON;50;-1;2,10;-0,30;-1,30;97,10;0;0,70;3,60;50;-0,50;-0,60;
2026-07-27 06:12:00.0;OFF;ON;50;-1;2,20;-0,20;-1,30;97,50;0;0,80;3,60;50;-0,50;-0,60;
2026-07-27 06:13:00.0;OFF;ON;50;-0,90;2,20;-0,20;-1,30;97,80;0;0,70;3,60;50;-0,50;-0,50;
2026-07-27 06:14:00.0;OFF;ON;50;-0,90;2,20;-0,20;-1,30;97,90;0;0,70;3,60;50;-0,50;-0,50;
2026-07-27 06:15:00.0;OFF;ON;50;-0,80;2,10;-0,10;-1,30;98,10;0;0,70;3,60;50;-0,40;-0,50;
2026-07-27 06:16:00.0;OFF;ON;50;-0,80;2,10;-0,10;-1,30;98,20;0;0,70;3,80;50;-0,40;-0,40;
2026-07-27 06:17:00.0;OFF;ON;50;-0,80;2,10;-0,10;-1,30;98,30;0;0,70;3,80;50;-0,40;-0,40;
2026-07-27 06:18:00.0;OFF;ON;50;-0,70;2,10;-0,10;-1,30;98,30;0;0,60;3,80;50;-0,40;-0,40;
2026-07-27 06:19:00.0;OFF;ON;50;-0,70;2,10;-0,10;-1,30;98,30;0;0,70;3,80;50;-0,40;-0,40;
2026-07-27 06:20:00.0;OFF;ON;50;-0,60;2,20;-0,10;-1,30;98,30;0;0,50;3,80;50;-0,40;-0,40;
2026-07-27 06:21:00.0;OFF;ON;50;-0,70;2,10;-0,10;-1,30;98,30;0;0,60;3,80;50;-0,40;-0,40;
2026-07-27 06:22:00.0;OFF;ON;50;-0,80;2,10;-0,10;-1,30;98;0;0,70;3,80;50;-0,40;-0,40;
2026-07-27 06:23:00.0;OFF;ON;50;-0,80;2;-0,20;-1,30;98;0;0,60;3,80;50;-0,40;-0,40;
2026-07-27 06:24:00.0;OFF;ON;50;-0,80;2;-0,20;-1,30;97,80;0;0,60;3,80;50;-0,40;-0,40;
2026-07-27 06:25:00.0;OFF;ON;50;-0,80;1,80;-0,20;-1,30;98;0;0,70;3,80;50;-0,40;-0,40;
2026-07-27 06:26:00.0;OFF;ON;50;-0,80;1,90;-0,10;-1,30;98;0;0,70;4;50;-0,40;-0,40;
2026-07-27 06:27:00.0;OFF;ON;50;-0,80;1,90;-0,10;-1,30;98,10;0;0,70;4;50;-0,40;-0,30;
2026-07-27 06:28:00.0;OFF;ON;50;-0,70;1,90;-0,10;-1,40;98,20;0;0,60;4;50;-0,40;-0,20;
2026-07-27 06:29:00.0;OFF;ON;50;-0,60;1,90;-0,10;-1,40;98,30;0;0,60;4;50;-0,30;-0,10;
2026-07-27 06:30:00.0;OFF;ON;50;-0,60;2;0;-1,40;98,30;0;0,50;4;50;-0,30;-0,10;
2026-07-27 06:31:00.0;OFF;ON;50;-0,60;2;0;-1,40;98,30;0;0,60;4;50;-0,30;0;
2026-07-27 06:32:00.0;OFF;ON;50;-0,70;2;0;-1,40;98,30;0;0,70;4;50;-0,30;0;
2026-07-27 06:33:00.0;OFF;ON;50;-0,70;2;0;-1,40;98,30;0;0,60;4;50;-0,30;0;
2026-07-27 06:34:00.0;OFF;ON;50;-0,70;2;-0,10;-1,40;98,30;0;0,60;4;50;-0,30;0;
2026-07-27 06:35:00.0;OFF;ON;50;-0,70;1,70;-0,10;-1,40;98,30;0;0,60;4;50;-0,30;0;
2026-07-27 06:36:00.0;OFF;ON;50;-0,70;1,70;-0,10;-1,40;98,20;0;0,60;4,20;50;-0,40;-0,10;
2026-07-27 06:37:00.0;OFF;ON;50;-0,80;1,70;-0,20;-1,40;98,10;0;0,60;4,20;50;-0,40;-0,10;
2026-07-27 06:38:00.0;OFF;ON;50;-0,70;1,70;-0,10;-1,30;98,10;0,30;0,50;4,20;50;-0,40;-0,20;
2026-07-27 06:39:00.0;OFF;ON;50;-0,80;1,60;-0,20;-2,10;98;0;0,60;4,20;50;-0,40;-0,20;
2026-07-27 06:40:00.0;OFF;ON;50;-0,80;1,60;-0,20;-2,50;97,90;0;0,60;4,20;50;-0,40;-0,20;
2026-07-27 06:41:00.0;OFF;ON;50;-0,80;1,60;-0,20;-2,90;97,80;0;0,50;4,20;50;-0,50;-0,30;
2026-07-27 06:42:00.0;OFF;ON;50;-0,80;1,50;-0,30;-3,10;97,60;0;0,50;4,20;50;-0,50;-0,30;
2026-07-27 06:43:00.0;OFF;ON;50;-0,80;1,50;-0,30;-3,30;97,40;0;0,50;4,20;50;-0,50;-0,40;
2026-07-27 06:44:00.0;OFF;ON;50;-1;1,50;-0,30;-3,40;97,30;0;0,70;4,20;50;-0,50;-0,40;
2026-07-27 06:45:00.0;OFF;ON;50;-1;1,60;-0,40;-3,50;97,20;0;0,70;4,20;50;-0,60;-0,50;
2026-07-27 06:46:00.0;OFF;ON;50;-1;1,60;-0,40;-3,50;97,20;0;0,60;4;50;-0,60;-0,50;
2026-07-27 06:47:00.0;OFF;ON;50;-1;1,60;-0,40;-3,50;97;0;0,50;4;50;-0,60;-0,50;
2026-07-27 06:48:00.0;OFF;ON;50;-1;1,60;-0,40;-3,60;97;0;0,60;4;50;-0,60;-0,60;
2026-07-27 06:49:00.0;OFF;ON;50;-1,10;1,60;-0,40;-3,60;97;0;0,60;4;50;-0,60;-0,60;
2026-07-27 06:50:00.0;OFF;ON;50;-1;1,50;-0,50;-3,60;96,90;0;0,50;4;50;-0,60;-0,60;
2026-07-27 06:51:00.0;OFF;ON;50;-1;1,50;-0,50;-3,60;96,90;0;0,60;4;50;-0,70;-0,70;
2026-07-27 06:52:00.0;OFF;ON;50;-1;1,50;-0,50;-3,60;96,90;0;0,60;4;50;-0,70;-0,70;
2026-07-27 06:53:00.0;OFF;ON;50;-1,10;1,50;-0,50;-3,70;96,80;0;0,60;4;50;-0,70;-0,70;
2026-07-27 06:54:00.0;OFF;ON;50;-1,10;1,50;-0,50;-3,70;96,90;0;0,60;4;50;-0,70;-0,70;
2026-07-27 06:55:00.0;OFF;ON;50;-1,20;1,30;-0,50;-3,70;96,90;0;0,70;4;50;-0,60;-0,70;
2026-07-27 06:56:00.0;OFF;ON;50;-1,10;1,30;-0,50;-3,70;96,90;0;0,60;4,20;50;-0,70;-0,70;
2026-07-27 06:57:00.0;OFF;ON;50;-1,10;1,30;-0,50;-3,70;97;0;0,50;4,20;50;-0,70;-0,70;
2026-07-27 06:58:00.0;OFF;ON;50;-1,10;1,30;-0,50;-3,70;97;0;0,60;4,20;50;-0,70;-0,70;
2026-07-27 06:59:00.0;OFF;ON;50;-1,10;1,30;-0,50;-3,80;97;0;0,60;4,20;50;-0,70;-0,70;
2026-07-27 07:00:00.0;OFF;ON;50;-1,10;1,30;-0,50;-3,80;97,10;0;0,60;4,20;50;-0,60;-0,70;
2026-07-27 07:01:00.0;OFF;ON;50;-1,10;1,30;-0,50;-3,70;97,10;0;0,60;4,20;50;-0,60;-0,70;
2026-07-27 07:02:00.0;OFF;ON;50;-1,10;1,30;-0,50;-3,80;97,10;0;0,60;4,20;50;-0,60;-0,70;
2026-07-27 07:03:00.0;OFF;ON;50;-1;1,30;-0,50;-3,70;97,20;0;0,50;4,20;50;-0,60;-0,70;
2026-07-27 07:04:00.0;OFF;ON;50;-1,10;1,30;-0,50;-3,70;97,20;0;0,60;4,20;50;-0,60;-0,70;
2026-07-27 07:05:00.0;OFF;ON;50;-1;1,20;-0,40;-3,70;97,30;0;0,50;4,20;50;-0,60;-0,60;
2026-07-27 07:06:00.0;OFF;ON;50;-1;1,20;-0,40;-3,70;97,40;0;0,50;4,40;50;-0,60;-0,60;
2026-07-27 07:07:00.0;OFF;ON;50;-1;1,20;-0,40;-3,60;97,60;0;0,60;4,40;50;-0,60;-0,60;
2026-07-27 07:08:00.0;OFF;ON;50;-1;1,20;-0,40;-3,60;97,70;0;0,60;4,40;50;-0,60;-0,60;
2026-07-27 07:09:00.0;OFF;ON;50;-1;1,20;-0,40;-3,60;97,80;0;0,60;4,40;50;-0,60;-0,60;
2026-07-27 07:10:00.0;OFF;ON;50;-0,90;1,20;-0,40;-3,60;97,80;0;0,60;4,40;50;-0,60;-0,60;
2026-07-27 07:11:00.0;OFF;ON;50;-0,90;1,20;-0,30;-3,50;97,80;0;0,50;4,40;50;-0,50;-0,60;
2026-07-27 07:12:00.0;OFF;ON;50;-0,90;1,30;-0,30;-3,50;97,90;0;0,60;4,40;50;-0,50;-0,50;
2026-07-27 07:13:00.0;OFF;ON;50;-0,80;1,30;-0,30;-3,50;98;0;0,50;4,40;50;-0,50;-0,50;
2026-07-27 07:14:00.0;OFF;ON;50;-0,80;1,30;-0,30;-3,50;98;0;0,50;4,40;50;-0,50;-0,50;
2026-07-27 07:15:00.0;OFF;ON;50;-0,90;1,10;-0,30;-3,50;98;0;0,60;4,40;50;-0,50;-0,50;
2026-07-27 07:16:00.0;OFF;ON;50;-0,80;1,10;-0,30;-3,40;98;0;0,60;4,60;50;-0,50;-0,50;
2026-07-27 07:17:00.0;OFF;ON;50;-0,70;1,10;-0,30;-3,40;98;0;0,50;4,60;50;-0,50;-0,50;
2026-07-27 07:18:00.0;OFF;ON;50;-0,80;1,10;-0,30;-3,40;98;0;0,50;4,60;50;-0,50;-0,50;
2026-07-27 07:19:00.0;OFF;ON;50;-0,80;1,10;-0,30;-3,40;98;0;0,60;4,60;50;-0,50;-0,50;
2026-07-27 07:20:00.0;OFF;ON;50;-0,70;1,10;-0,30;-3,40;98;0;0,50;4,60;50;-0,50;-0,50;
2026-07-27 07:21:00.0;OFF;ON;50;-0,70;1,10;-0,30;-3,40;98;0;0,40;4,60;50;-0,50;-0,50;
2026-07-27 07:22:00.0;OFF;ON;50;-0,80;1,10;-0,30;-3,40;98;0;0,60;4,60;50;-0,50;-0,50;
2026-07-27 07:23:00.0;OFF;ON;50;-0,80;1,10;-0,30;-3,40;97,90;0;0,50;4,60;50;-0,50;-0,50;
2026-07-27 07:24:00.0;OFF;ON;50;-0,80;1,10;-0,30;-3,40;97,80;0;0,60;4,60;50;-0,50;-0,50;
2026-07-27 07:25:00.0;OFF;ON;50;-0,80;0,90;-0,30;-3,40;97,80;0;0,50;4,60;50;-0,50;-0,50;
2026-07-27 07:26:00.0;OFF;ON;50;-0,90;0,90;-0,30;-3,40;97,70;0;0,60;4,80;50;-0,50;-0,50;
2026-07-27 07:27:00.0;OFF;ON;50;-0,80;0,90;-0,30;-3,50;97,70;0;0,50;4,80;50;-0,50;-0,50;
2026-07-27 07:28:00.0;OFF;ON;50;-0,90;0,90;-0,30;-3,30;97,60;0;0,60;4,80;50;-0,50;-0,50;
2026-07-27 07:29:00.0;OFF;ON;50;-0,70;0,90;-0,30;-3,10;98;0;0,50;4,80;50;-0,50;-0,50;
2026-07-27 07:30:00.0;OFF;ON;50;-0,80;1;-0,20;-3,10;98,10;0;0,60;4,80;50;-0,50;-0,50;
2026-07-27 07:31:00.0;OFF;ON;50;-0,70;1;-0,20;-3;98,30;0;0,50;4,80;50;-0,50;-0,50;
2026-07-27 07:32:00.0;OFF;ON;50;-0,70;1,10;-0,10;-2,90;98,30;0;0,60;4,80;50;-0,50;-0,40;
2026-07-27 07:33:00.0;OFF;ON;50;-0,60;1,10;-0,10;-2,90;98,30;0;0,50;4,80;50;-0,50;-0,40;
2026-07-27 07:34:00.0;OFF;ON;50;-0,50;1,10;-0,10;-2,70;98,30;0;0,40;4,80;50;-0,40;-0,40;
2026-07-27 07:35:00.0;OFF;ON;50;-0,60;0,90;-0,10;-2,60;98,30;0;0,50;4,80;50;-0,40;-0,30;
2026-07-27 07:36:00.0;OFF;ON;50;-0,60;0,90;-0,10;-2,70;98,30;0;0,60;5;50;-0,40;-0,30;
2026-07-27 07:37:00.0;OFF;ON;50;-0,50;1;0;-2,80;98,30;0;0,50;5;50;-0,40;-0,30;
2026-07-27 07:38:00.0;OFF;ON;50;-0,60;1;0;-2,90;98,30;0;0,60;5;50;-0,40;-0,30;
2026-07-27 07:39:00.0;OFF;ON;50;-0,50;1;0;-2,90;98,30;0;0,40;5;50;-0,40;-0,30;
2026-07-27 07:40:00.0;OFF;ON;50;-0,60;1;-0,10;-2,80;98,30;0;0,50;5;50;-0,40;-0,30;
2026-07-27 07:41:00.0;OFF;ON;50;-0,60;0,90;-0,10;-2,80;98,30;0;0,60;5;50;-0,40;-0,30;
2026-07-27 07:42:00.0;OFF;ON;50;-0,60;0,90;-0,10;-2,90;98,30;0;0,50;5;50;-0,40;-0,30;
2026-07-27 07:43:00.0;OFF;ON;50;-0,50;0,90;-0,10;-3;98,30;0;0,40;5;50;-0,40;-0,30;
2026-07-27 07:44:00.0;OFF;ON;50;-0,60;0,80;-0,20;-3;98,30;0;0,40;5;50;-0,40;-0,40;
2026-07-27 07:45:00.0;OFF;ON;50;-0,70;0,80;-0,20;-3,10;98,10;0;0,50;5;50;-0,50;-0,40;
2026-07-27 07:46:00.0;OFF;ON;50;-0,80;0,80;-0,20;-3;98,20;0;0,60;5;50;-0,50;-0,40;
2026-07-27 07:47:00.0;OFF;ON;50;-0,70;0,80;-0,20;-3;98,30;0;0,50;5;50;-0,50;-0,50;
2026-07-27 07:48:00.0;OFF;ON;50;-0,80;0,80;-0,20;-3;98,30;0;0,60;5;50;-0,50;-0,50;
2026-07-27 07:49:00.0;OFF;ON;50;-0,60;0,80;-0,20;-3;98,30;0;0,50;5;50;-0,50;-0,50;
2026-07-27 07:50:00.0;OFF;ON;50;-0,70;0,80;-0,20;-3;98,30;0;0,50;5;50;-0,50;-0,40;
2026-07-27 07:51:00.0;OFF;ON;50;-0,60;-2,20;-0,20;-2,90;98,30;0;0,50;5;57,20;-0,50;-0,40;
2026-07-27 07:52:00.0;OFF;ON;50;-0,60;-2,20;-0,20;-3;98,30;0;0,60;2;58,50;-0,50;-0,40;
2026-07-27 07:53:00.0;ON;OFF;50;-0,70;-2,20;-0,10;-2,90;98,30;0;0,60;2;60,40;-0,50;-0,40;
2026-07-27 07:54:00.0;ON;OFF;50;-0,70;-2,10;-0,10;-2,70;98,30;0;0,60;2;62;-0,50;-0,40;
2026-07-27 07:55:00.0;ON;OFF;50;-0,70;-2,10;-0,10;-2,80;98,30;0;0,60;2;63,60;-0,50;-0,40;
2026-07-27 07:56:00.0;ON;OFF;50;-0,80;-2,10;-0,10;-2,80;98,30;0;0,80;2;64,40;-0,40;-0,40;
2026-07-27 07:57:00.0;ON;OFF;50;-0,20;-2,10;-0,10;-2,60;98,30;0;0,20;2;68,90;-0,40;-0,30;
2026-07-27 07:58:00.0;ON;OFF;50;0,10;-1,90;0,30;-2,30;98,30;0;0,10;2;71,70;-0,10;0;
2026-07-27 07:59:00.0;ON;OFF;50;0,50;-1,70;0,30;-2,10;98,30;0;-0,20;2;75,50;0;0,20;
2026-07-27 08:00:00.0;ON;OFF;50;0,50;-1,70;0,30;-2;98,30;0;-0,20;2;77,90;0;0,20;
2026-07-27 08:01:00.0;ON;OFF;50;0,70;-1,70;0,30;-2,20;98,30;0;-0,40;2;81,70;0;0,20;
2026-07-27 08:02:00.0;ON;OFF;50;0,80;-1,60;0,40;-2,20;98,30;0;-0,50;2;84,70;0,10;0,30;
2026-07-27 08:03:00.0;ON;OFF;50;0,90;-1,60;0,40;-2,20;98,30;0;-0,50;2;87,60;0,10;0,30;
2026-07-27 08:04:00.0;ON;OFF;50;0,90;-1,60;0,40;-2,20;98,30;0;-0,50;2;90,90;0,10;0,30;
2026-07-27 08:05:00.0;ON;OFF;50;1;-1,60;0,40;-2,20;98,30;0;-0,60;2;94,80;0,10;0,30;
2026-07-27 08:06:00.0;ON;OFF;50;1,10;-1,60;0,40;-2,30;98,30;0;-0,70;2;97,80;0,10;0,30;
2026-07-27 08:07:00.0;ON;OFF;50;1;-1,60;0,40;-2,20;98,30;0;-0,60;2;99,70;0,10;0,30;
2026-07-27 08:08:00.0;ON;OFF;50;1,20;-1,60;0,40;-2,20;98,30;0;-0,70;2;100;0,10;0,30;
2026-07-27 08:09:00.0;ON;OFF;50;1,20;-1,60;0,50;1,10;98,30;0;-0,70;2;100;0,10;0,30;
2026-07-27 08:10:00.0;ON;OFF;50;1,30;-1,30;0,80;0,20;98,30;0;-0,50;2;100;0,20;0,40;
2026-07-27 08:11:00.0;ON;OFF;50;1,30;-1,20;0,80;-0,80;98,30;0;-0,50;2;99,60;0,50;0,40;
2026-07-27 08:12:00.0;ON;OFF;50;1,50;-1;1,10;-1,20;98,30;0;-0,40;2;100;1,30;0,60;
2026-07-27 08:13:00.0;ON;OFF;50;1,60;-0,80;1,20;-1,20;98,30;0;-0,40;2;100;1,50;0,90;
2026-07-27 08:14:00.0;ON;OFF;50;1,80;-0,70;1,40;-1,10;98,30;0;-0,40;2;100;1,40;1,20;
2026-07-27 08:15:00.0;ON;OFF;50;2;-0,50;1,60;-0,80;98,30;0;-0,30;2;100;1,30;1,60;
2026-07-27 08:16:00.0;ON;OFF;50;2,20;-0,30;1,80;-0,10;98,30;0;-0,30;2;100;1,40;1,90;
2026-07-27 08:17:00.0;ON;OFF;50;2,30;-0,10;1,90;-0,20;98,30;0;-0,40;2;99,70;1,60;2,10;
2026-07-27 08:18:00.0;ON;OFF;50;2,50;0;2,10;1;98,40;0;-0,40;2;99,70;1,80;2,30;
2026-07-27 08:19:00.0;ON;OFF;50;2,80;0,10;2,20;0,30;98,40;0;-0,70;2;100;1,90;2,50;
2026-07-27 08:20:00.0;ON;OFF;50;2,90;0,20;2,20;0;98,40;0;-0,70;2;99,70;2;2,70;
2026-07-27 08:21:00.0;ON;OFF;50;3;0,30;2,30;-0,10;98,40;0;-0,70;2;99,60;2,10;2,80;
2026-07-27 08:22:00.0;ON;OFF;50;3,20;0,40;2,40;-0,10;98,40;0;-0,80;2;100;2,20;2,90;
2026-07-27 08:23:00.0;ON;OFF;50;3,30;0,40;2,50;-0,20;98,40;0;-0,90;2;100;2,30;3;
2026-07-27 08:24:00.0;ON;OFF;50;3,40;0,50;2,50;-0,20;98,40;0;-0,90;2;100;2,40;3,10;
2026-07-27 08:25:00.0;ON;OFF;50;3,50;0,60;2,60;-0,20;98,40;0;-0,90;2;100;2,50;3,20;
2026-07-27 08:26:00.0;ON;OFF;50;3,60;0,60;2,70;-0,10;98,40;0;-0,90;2;100;2,60;3,30;
2026-07-27 08:27:00.0;ON;OFF;50;3,70;0,70;2,80;-0,10;98,40;0;-0,90;2;100;2,70;3,40;
2026-07-27 08:28:00.0;ON;OFF;50;3,70;0,80;2,80;0;98,40;0;-0,90;2;99,70;2,70;3,50;
2026-07-27 08:29:00.0;ON;OFF;50;3,80;0,90;2,90;0;98,40;0;-0,90;2;99,80;2,80;3,60;
2026-07-27 08:30:00.0;ON;OFF;50;3,90;0,90;3;0,10;98,40;0;-0,90;2;100;2,90;3,60;
2026-07-27 08:31:00.0;ON;OFF;50;3,90;1;3,10;0,20;98,40;0;-0,90;2;99,60;3;3,70;
2026-07-27 08:32:00.0;ON;OFF;50;4;1,10;3,10;0,20;98,40;0;-0,90;2;99,70;3,10;3,80;
2026-07-27 08:33:00.0;ON;OFF;50;4,10;1,10;3,20;0,30;98,40;0;-0,90;2;100;3,10;3,80;
2026-07-27 08:34:00.0;ON;OFF;50;4,20;1,20;3,20;0,40;98,40;0;-1;2;100;3,20;3,90;
2026-07-27 08:35:00.0;ON;OFF;50;4,30;1,20;3,30;0,50;98,40;0;-1;2;100;3,20;4;
2026-07-27 08:36:00.0;ON;OFF;50;4,30;1,30;3,30;0,50;98,40;0;-0,90;2;99,60;3,30;4;
2026-07-27 08:37:00.0;ON;OFF;50;4,40;1,40;3,40;0,60;98,40;0;-1;2;100;3,30;4,10;
2026-07-27 08:38:00.0;ON;OFF;50;4,40;1,40;3,50;0,60;98,40;0;-0,90;2;99,70;3,40;4,10;
2026-07-27 08:39:00.0;ON;OFF;50;4,50;1,50;3,50;0,70;98,40;0;-0,90;2;100;3,50;4,20;
2026-07-27 08:40:00.0;ON;OFF;50;4,60;1,60;3,70;0,80;98,40;0;-0,90;2;100;3,70;4,30;
2026-07-27 08:41:00.0;ON;OFF;50;4,60;1,70;3,70;0,80;98,40;0;-0,90;2;100;3,60;4,40;
2026-07-27 08:42:00.0;ON;OFF;50;4,60;1,70;3,70;0,90;98,40;0;-0,90;2;99,70;3,70;4,40;
2026-07-27 08:43:00.0;ON;OFF;50;4,80;1,80;3,80;0,90;98,40;0;-1;2;100;3,70;4,50;
2026-07-27 08:44:00.0;ON;OFF;50;4,80;1,80;3,90;1;98,40;0;-0,90;2;100;3,90;4,50;
2026-07-27 08:45:00.0;ON;OFF;50;4,90;2;4,10;1,10;98,40;0;-0,90;2;100;4,30;4,70;
2026-07-27 08:46:00.0;ON;OFF;50;5;2,10;4,20;1,20;98,40;0;-0,80;2;100;4,40;4,90;
2026-07-27 08:47:00.0;ON;OFF;50;5;2,20;4,30;1,30;98,40;0;-0,80;2;99,80;4,60;5;
2026-07-27 08:48:00.0;ON;OFF;50;5,10;2,30;4,40;1,40;98,40;0;-0,70;2;99,60;4,70;5,10;
2026-07-27 08:49:00.0;ON;OFF;50;5,20;2,40;4,50;1,50;98,40;0;-0,70;2;99,70;4,80;5,20;
2026-07-27 08:50:00.0;ON;OFF;50;5,40;2,60;4,60;1,60;98,40;0;-0,70;2;100;5,10;5,40;
2026-07-27 08:51:00.0;ON;OFF;50;5,50;2,70;4,70;1,60;98,40;0;-0,70;2;100;5,20;5,50;
2026-07-27 08:52:00.0;ON;OFF;50;5,50;2,80;4,80;1,70;98,40;0;-0,80;2;100;5,30;5,60;
2026-07-27 08:53:00.0;ON;OFF;50;5,60;2,90;4,90;1,90;98,40;0;-0,80;2;100;5,20;5,60;
2026-07-27 08:54:00.0;ON;OFF;50;5,80;2,90;5;2,20;98,40;0;-0,80;2;100;5,10;5,70;
2026-07-27 08:55:00.0;ON;OFF;50;5,80;3;5,10;2,50;98,50;0;-0,70;2;99,60;5,30;5,80;
2026-07-27 08:56:00.0;ON;OFF;50;5,80;3,10;5,20;2,70;98,50;0;-0,60;2;99,60;5,40;5,90;
2026-07-27 08:57:00.0;ON;OFF;50;5,80;3,30;5,30;2,80;98,50;0;-0,60;2;100;5,40;5,90;
2026-07-27 08:58:00.0;ON;OFF;50;5,40;3,30;5,40;2,80;98,50;0;0;2;99,50;5,70;5,90;
2026-07-27 08:59:00.0;ON;OFF;50;5;3,40;5,40;2,80;98,50;0;0,40;2;99,50;5,70;5,70;
2026-07-27 09:00:00.0;ON;OFF;50;4,30;3,30;5,20;2,70;98,50;0;0,90;2;98,80;5,50;5,30;
2026-07-27 09:01:00.0;ON;OFF;50;3,40;3,20;5;2,70;98,50;0;1,60;2;96,80;5,20;4,70;
2026-07-27 09:02:00.0;ON;OFF;50;3;2,90;4,80;2,40;98,50;0;1,70;2;96,60;4,80;4,30;
2026-07-27 09:03:00.0;ON;OFF;50;1,60;2,60;4,30;1,90;98,50;0;2,80;2;91,80;4,40;3,40;
2026-07-27 09:04:00.0;ON;OFF;50;1;2,20;4;1,60;98,50;0;3,10;2;89,80;4,20;2,90;
2026-07-27 09:05:00.0;ON;OFF;50;0,50;1,90;3,80;1,30;98,50;0;3,30;2;87,70;3,90;2,50;
2026-07-27 09:06:00.0;ON;OFF;50;-0,20;1,60;3,30;0,70;98,40;0;3,50;2;84,20;3,40;2;
2026-07-27 09:07:00.0;ON;OFF;50;-0,60;1,20;3,10;0,60;98,30;0;3,70;2;81,90;3,30;1,60;
2026-07-27 09:08:00.0;ON;OFF;50;-1,20;0,90;2,80;0,10;98,20;0;4;2;78,40;3,10;1,20;
2026-07-27 09:09:00.0;ON;OFF;50;-1,40;0,60;2,60;-0,10;98,20;0;4;2;76,10;2,90;0,80;
2026-07-27 09:10:00.0;ON;OFF;50;-1,80;0,40;2,30;-0,20;98,30;0;4,20;2;72,90;2,70;0,50;
2026-07-27 09:11:00.0;ON;OFF;50;-2,20;0,20;2,20;-0,40;98,30;0;4,40;2;69,30;2,50;0,30;
2026-07-27 09:12:00.0;ON;OFF;50;-2,60;0,10;2;-0,50;98,40;0;4,60;2;65,80;2,30;0,10;
2026-07-27 09:13:00.0;ON;OFF;50;-2,50;-0,10;1,90;-0,60;98,40;0;4,40;2;63,40;2,30;0;
2026-07-27 09:14:00.0;ON;OFF;50;-1,60;-0,20;1,70;-0,80;98,40;0;3,30;2;65,50;2,20;-0,10;
2026-07-27 09:15:00.0;ON;OFF;50;-1,80;-0,20;1,80;-0,70;98,40;0;3,60;2;63,10;2,20;0;
2026-07-27 09:16:00.0;ON;OFF;50;-1,20;-0,20;1,90;-0,70;98,40;0;3,10;2;63;2,10;0;
2026-07-27 09:17:00.0;ON;OFF;50;-1,30;-0,10;1,90;-0,50;98,40;0;3,30;2;60,50;2,10;0,20;
2026-07-27 09:18:00.0;ON;OFF;50;-0,80;-0,10;2;-0,40;98,40;0;2,80;2;60,80;2,30;0,20;
2026-07-27 09:19:00.0;ON;OFF;50;-0,60;0;2,10;-0,40;98,40;0;2,70;2;60,90;2,30;0,40;
2026-07-27 09:20:00.0;ON;OFF;50;-0,90;0,10;2,20;-0,20;98,40;0;3,10;2;57,80;2,40;0,70;
2026-07-27 09:21:00.0;ON;OFF;50;-0,70;0,30;2,30;0;98,40;0;3;2;56,80;2,40;0,70;
2026-07-27 09:22:00.0;ON;OFF;50;-0,60;0,30;2,40;0;98,40;0;3;2;56;2,50;0,70;
2026-07-27 09:23:00.0;ON;OFF;50;-0,60;0,40;2,40;0,30;98,40;0;3;2;54,90;2,40;0,80;
2026-07-27 09:24:00.0;ON;OFF;50;-0,30;0,50;2,50;0,40;98,40;0;2,80;2;54,60;2,50;0,90;
2026-07-27 09:25:00.0;ON;OFF;50;0;0,60;2,70;0,50;98,40;0;2,70;2;54,10;2,60;1,10;
2026-07-27 09:26:00.0;ON;OFF;50;0,10;0,70;2,80;0,70;98,40;0;2,70;2;53,20;2,80;1,30;
2026-07-27 09:27:00.0;ON;OFF;50;0,40;0,80;2,90;0,80;98,40;0;2,50;2;53,50;2,80;1,40;
2026-07-27 09:28:00.0;ON;OFF;50;0,50;0,90;3;1,10;98,40;0;2,50;2;52,70;2,90;1,60;
2026-07-27 09:29:00.0;ON;OFF;50;0,50;1;2,90;1,10;98,40;0;2,60;2;51,90;2,50;1,60;
2026-07-27 09:30:00.0;ON;OFF;50;0,40;0,90;2,80;1,20;98,40;0;2,40;2;51,80;2,30;1,40;
2026-07-27 09:31:00.0;ON;OFF;50;0,40;0,80;2,70;1,20;98,40;0;2,30;2;51,70;2;1,20;
2026-07-27 09:32:00.0;ON;OFF;50;0,40;0,70;2,70;1,10;98,40;0;2,30;2;51,50;2;1,30;
2026-07-27 09:33:00.0;ON;OFF;50;0,40;0,70;2,60;1,10;98,40;0;2,20;2;51,50;1,90;1,20;
2026-07-27 09:34:00.0;ON;OFF;50;0,50;0,60;2,60;1,10;98,40;0;2,10;2;51,90;1,90;1,20;
2026-07-27 09:35:00.0;ON;OFF;50;0,30;0,60;2,60;1;98,40;0;2,20;2;51;1,80;1,20;
2026-07-27 09:36:00.0;ON;OFF;50;0,90;0,60;2,60;1;98,40;0;1,60;2;53,50;1,80;1,20;
2026-07-27 09:37:00.0;ON;OFF;50;1;0,60;2,60;1,10;98,40;0;1,70;2;53,90;1,90;1,50;
2026-07-27 09:38:00.0;ON;OFF;50;1;0,60;2,70;1,20;98,40;0;1,60;2;54,40;1,90;1,60;
2026-07-27 09:39:00.0;ON;OFF;50;1;0,70;2,70;1,20;98,40;0;1,70;2;54,70;2;1,60;
2026-07-27 09:40:00.0;ON;OFF;50;0,90;0,70;2,80;1,20;98,40;0;1,90;2;54,30;2;1,60;
2026-07-27 09:41:00.0;ON;OFF;50;0,90;0,80;2,80;1,20;98,40;0;1,90;2;54,30;2;1,60;
2026-07-27 09:42:00.0;ON;OFF;50;0,50;0,70;2,70;1,10;98,40;0;2,20;2;53,30;1,90;1,40;
2026-07-27 09:43:00.0;ON;OFF;50;0,40;0,60;2,60;1,10;98,40;0;2,20;2;52,90;1,90;1,30;
2026-07-27 09:44:00.0;ON;OFF;50;0,40;0,60;2,50;1,10;98,40;0;2,20;2;53;1,80;1,20;
2026-07-27 09:45:00.0;ON;OFF;50;0,40;0,50;2,50;0,90;98,40;0;2,10;2;53,10;1,70;1,20;
2026-07-27 09:46:00.0;ON;OFF;50;0,40;0,40;2,40;0,80;98,40;0;2;2;53,30;1,70;1,20;
2026-07-27 09:47:00.0;ON;OFF;50;0,40;0,40;2,40;0,80;98,40;0;2;2;53,70;1,70;1,10;
2026-07-27 09:48:00.0;ON;OFF;50;0,30;0,40;2,40;0,80;98,40;0;2,10;2;53,20;1,60;1,10;
2026-07-27 09:49:00.0;ON;OFF;50;0,80;0,40;2,30;0,80;98,40;0;1,60;2;55,40;1,60;1,10;
2026-07-27 09:50:00.0;ON;OFF;50;0,80;0,30;2,30;0,80;98,40;0;1,60;2;55,80;1,60;1,30;
2026-07-27 09:51:00.0;ON;OFF;50;0,80;0,40;2,40;0,80;98,40;0;1,60;2;56,50;1,70;1,40;
2026-07-27 09:52:00.0;ON;OFF;50;1;0,50;2,50;0,80;98,40;0;1,50;2;57,40;1,80;1,50;
2026-07-27 09:53:00.0;ON;OFF;50;1,10;0,70;2,80;0,90;98,40;0;1,70;2;57;2,50;1,70;
2026-07-27 09:54:00.0;ON;OFF;50;1,20;0,90;2,90;1;98,50;0;1,70;2;57,50;2,60;1,90;
2026-07-27 09:55:00.0;ON;OFF;50;1;1;3;1,10;98,40;0;2;2;56,10;2,80;2;
2026-07-27 09:56:00.0;ON;OFF;50;1,10;1,10;3,10;1,10;98,40;0;2;2;56,70;2,90;2;
2026-07-27 09:57:00.0;ON;OFF;50;1,10;1,10;3,10;1;98,50;0;2;2;56,10;2,90;2;
2026-07-27 09:58:00.0;ON;OFF;50;1,10;1,10;3,10;1,10;98,50;0;2;2;56,10;2,90;2;
2026-07-27 09:59:00.0;ON;OFF;50;1;1,10;3,20;1,10;98,50;0;2,20;2;55,20;3,10;2;
2026-07-27 10:00:00.0;ON;OFF;50;1,20;1,20;3,30;1,20;98,50;0;2,10;2;55,50;3,10;2,10;
2026-07-27 10:01:00.0;ON;OFF;50;1,10;1,30;3,30;1,30;98,50;0,30;2,20;2;54,80;3,10;2,10;
2026-07-27 10:02:00.0;ON;OFF;50;1,40;1,40;3,50;1,50;98,50;0;2;2;55;3,20;2,20;
2026-07-27 10:03:00.0;ON;OFF;50;1,20;1,50;3,50;2,10;98,50;0;2,30;2;53,80;3,20;2,30;
2026-07-27 10:04:00.0;ON;OFF;50;1,80;1,60;3,60;42;98,50;134,10;1,90;2;55,50;3,30;2,40;
2026-07-27 10:05:00.0;ON;OFF;50;1,90;1,60;3,70;43,10;98,50;134,10;1,80;2;56;3,40;2,60;
2026-07-27 10:06:00.0;ON;OFF;50;2,20;1,80;3,90;43,80;98,50;134,10;1,80;2;56,60;3,50;2,90;
2026-07-27 10:07:00.0;ON;OFF;50;2,30;2;4,10;44;98,50;134,10;1,80;2;56,70;3,70;3;
2026-07-27 10:08:00.0;ON;OFF;50;2,10;2,20;4,20;44,20;98,50;134,10;2,10;2;55,60;3,80;3,10;
2026-07-27 10:09:00.0;ON;OFF;50;2,30;2,30;4,40;44,30;98,50;134,10;2,10;2;55,50;3,80;3,10;
2026-07-27 10:10:00.0;ON;OFF;50;2,30;2,50;4,50;44,40;98,50;134,10;2,30;2;54,90;3,90;3,20;
2026-07-27 10:11:00.0;ON;OFF;50;2,20;2,60;4,60;44,50;98,50;134,30;2,40;2;53,70;4;3,20;
2026-07-27 10:12:00.0;ON;OFF;50;1,90;2,70;4,70;44,50;98,50;134,20;2,80;2;51,60;4;3,20;
2026-07-27 10:13:00.0;ON;OFF;50;1,80;2,80;4,80;44,60;98,50;134,10;3;2;50;4,10;3,10;
2026-07-27 10:14:00.0;ON;OFF;50;2,40;2,90;4,90;44,60;98,50;134,10;2,50;2;50;4,30;3,20;
2026-07-27 10:15:00.0;ON;OFF;50;2,70;3;5;44,70;98,50;134,10;2,30;2;50;4,40;3,40;
2026-07-27 10:16:00.0;ON;OFF;50;2,80;3,20;5,20;44,70;98,50;134,10;2,40;2;50;4,50;3,60;
2026-07-27 10:17:00.0;ON;OFF;50;2,80;3,20;5,20;44,70;98,50;134,10;2,40;2;50;4,50;3,70;
2026-07-27 10:18:00.0;ON;OFF;50;2,60;3,30;5,40;44,70;98,50;134,10;2,80;2;50;4,70;3,70;
2026-07-27 10:19:00.0;ON;OFF;50;2,80;3,50;5,50;44,70;98,50;134,10;2,70;2;50;4,70;3,70;
2026-07-27 10:20:00.0;ON;OFF;50;2,90;3,60;5,70;44,80;98,50;134,10;2,80;2;50;4,80;3,80;
2026-07-27 10:21:00.0;ON;OFF;50;2,80;3,70;5,80;44,80;98,50;134;3;2;50;4,90;3,90;
2026-07-27 10:22:00.0;ON;OFF;50;3;3,80;5,90;44,80;98,50;134;2,90;2;50;5;4;
2026-07-27 10:23:00.0;ON;OFF;50;3,10;3,90;6;44,80;98,50;134;2,90;2;50;5,10;4,10;
2026-07-27 10:24:00.0;ON;OFF;50;3,10;4,10;6,30;44,80;98,50;134;3,20;2;50;5,50;4,10;
2026-07-27 10:25:00.0;ON;OFF;50;3,20;4,40;6,40;44,80;98,50;134;3,20;2;50;5,40;4,30;
2026-07-27 10:26:00.0;ON;OFF;50;3,30;4,50;6,60;44,90;98,50;134;3,30;2;50;5,60;4,30;
2026-07-27 10:27:00.0;ON;OFF;50;3,70;4,80;6,80;44,90;98,50;134;3,10;2;50;5,90;4,50;
2026-07-27 10:28:00.0;ON;OFF;50;3,70;4,90;7;44,90;98,50;134;3,30;2;50;6,10;4,70;
2026-07-27 10:29:00.0;ON;OFF;50;3,60;5,10;7,20;44,90;98,50;134;3,50;2;50;6,20;4,80;
2026-07-27 10:30:00.0;ON;OFF;50;4;5,20;7,30;44,90;98,50;134;3,40;2;50;6,50;4,90;
2026-07-27 10:31:00.0;ON;OFF;50;3,90;5,40;7,50;44,90;98,50;134;3,60;2;50;6,70;5,10;
2026-07-27 10:32:00.0;ON;OFF;50;4;5,60;7,60;44,90;98,50;133,90;3,60;2;50;6,80;5,20;
2026-07-27 10:33:00.0;ON;OFF;50;4,30;5,80;7,80;44,90;98,50;133,90;3,50;2;50;7,10;5,50;
2026-07-27 10:34:00.0;ON;OFF;50;4,60;5,90;8;44,90;98,50;133,90;3,40;2;50;7,50;5,90;
2026-07-27 10:35:00.0;ON;OFF;50;4,50;6,10;8,20;45;98,50;133,90;3,70;2;50;7,80;6,10;
2026-07-27 10:36:00.0;ON;OFF;50;4,50;6,30;8,30;45;98,50;133,90;3,90;2;50;8;6,10;
2026-07-27 10:37:00.0;ON;OFF;50;4,60;6,40;8,50;45;98,50;133,90;3,90;2;50;8,10;6,30;
2026-07-27 10:38:00.0;ON;OFF;50;4,80;6,60;8,70;45;98,60;133,90;4;2;50;8,40;6,50;
2026-07-27 10:39:00.0;ON;OFF;50;4,80;6,80;8,80;45;98,60;133,90;4;2;50;8,40;6,60;
2026-07-27 10:40:00.0;ON;OFF;50;5,20;6,80;8,90;45;98,60;133,90;3,70;2;50;8,40;6,70;
2026-07-27 10:41:00.0;ON;OFF;50;5,20;7;9,10;45;98,60;133,80;3,90;2;50;8,60;7;
2026-07-27 10:42:00.0;ON;OFF;50;5,20;7,10;9,20;45;98,60;133,80;4;2;50;8,60;7;
2026-07-27 10:43:00.0;ON;OFF;50;5,20;7,20;9,30;45;98,60;133,80;4,10;2;50;8,80;7,10;
2026-07-27 10:44:00.0;ON;OFF;50;5,20;7,30;9,30;45;98,60;133,80;4,10;2;50;8,80;7,10;
2026-07-27 10:45:00.0;ON;OFF;50;5,30;7,40;9,40;45;98,60;133,80;4,10;2;50;8,90;7,20;
2026-07-27 10:46:00.0;ON;OFF;50;5,30;7,50;9,50;45;98,60;133,80;4,20;2;50;9,10;7,30;
2026-07-27 10:47:00.0;ON;OFF;50;5,50;7,60;9,70;45;98,60;133,80;4,20;2;50;9,20;7,40;
2026-07-27 10:48:00.0;ON;OFF;50;5,70;7,80;9,90;45;98,60;133,80;4,20;2;50;9,50;7,70;
2026-07-27 10:49:00.0;ON;OFF;50;5,70;8;10,10;45;98,60;133,80;4,30;2;50;9,60;7,80;
2026-07-27 10:50:00.0;ON;OFF;50;5,80;8,20;10,30;45;98,60;133,70;4,50;2;50;9,80;7,90;
2026-07-27 10:51:00.0;ON;OFF;50;6;8,30;10,40;45;98,60;133,70;4,40;2;50;10;8;
2026-07-27 10:52:00.0;ON;OFF;50;6;8,40;10,50;45;98,60;133,80;4,50;2;50;10,10;8,20;
2026-07-27 10:53:00.0;ON;OFF;50;6,20;8,50;10,60;45;98,60;133,70;4,30;2;50;10,10;8,20;
2026-07-27 10:54:00.0;ON;OFF;50;6,20;8,70;10,70;45;98,60;133,70;4,50;2;50;10,30;8,40;
2026-07-27 10:55:00.0;ON;OFF;50;6,30;8,70;10,80;45;98,60;133,70;4,50;2;50;10,40;8,40;
2026-07-27 10:56:00.0;ON;OFF;50;5,90;8,90;11;45;98,60;133,70;5,10;2;50;10,50;8,40;
2026-07-27 10:57:00.0;ON;OFF;50;5,90;9;11;45;98,60;133,80;5,10;2;50;10,50;8,40;
2026-07-27 10:58:00.0;ON;OFF;50;5,90;9;11,10;45;98,60;133,80;5,10;2;50;10,60;8,40;
2026-07-27 10:59:00.0;ON;OFF;50;5,80;9;11,10;45;98,60;133,70;5,20;2;50;10,60;8,40;
2026-07-27 11:00:00.0;ON;OFF;50;6;9,20;11,20;45;98,60;133,70;5,20;2;50;10,50;8,40;
2026-07-27 11:01:00.0;ON;OFF;50;6;9,30;11,30;45;98,70;133,70;5,30;2;50;10,70;8,40;
2026-07-27 11:02:00.0;ON;OFF;50;5,90;9,30;11,30;45;98,70;133,70;5,40;2;50;10,70;8,40;
2026-07-27 11:03:00.0;ON;OFF;50;6,10;9,30;11,30;45;98,70;133,70;5,30;2;50;10,80;8,40;
2026-07-27 11:04:00.0;ON;OFF;50;6,10;9,30;11,40;45;98,70;133,70;5,30;2;50;10,80;8,50;
2026-07-27 11:05:00.0;ON;OFF;50;6;9,40;11,40;45;98,70;133,60;5,40;2;50;10,70;8,50;
2026-07-27 11:06:00.0;ON;OFF;50;6,10;9,50;11,50;45;98,70;133,70;5,40;2;50;10,90;8,50;
2026-07-27 11:07:00.0;ON;OFF;50;6,10;9,60;11,50;45;98,70;133,60;5,50;2;50;10,80;8,50;
2026-07-27 11:08:00.0;ON;OFF;50;6,30;9,60;11,50;45;98,70;133,70;5,30;2;50;10,90;8,60;
2026-07-27 11:09:00.0;ON;OFF;50;6,20;9,60;11,60;45;98,70;133,60;5,40;2;50;11;8,60;
2026-07-27 11:10:00.0;ON;OFF;50;6,30;9,60;11,70;45;98,70;133,60;5,40;2;50;11,10;8,60;
2026-07-27 11:11:00.0;ON;OFF;50;6,30;9,60;11,60;45;98,70;133,50;5,30;2;50;11,10;8,70;
2026-07-27 11:12:00.0;ON;OFF;50;6,40;9,70;11,70;45;98,70;133,60;5,30;2;50;11,20;8,80;
2026-07-27 11:13:00.0;ON;OFF;50;6,30;9,70;11,80;45;98,70;133,50;5,50;2;50;11,30;8,80;
2026-07-27 11:14:00.0;ON;OFF;50;6,50;9,80;11,90;45;98,70;133,50;5,30;2;50;11,40;8,90;
2026-07-27 11:15:00.0;ON;OFF;50;6,60;9,90;11,90;45;98,70;133,50;5,40;2;50;11,50;8,90;
2026-07-27 11:16:00.0;ON;OFF;50;6,50;10;12;45;98,70;133,50;5,60;2;50;11,60;9;
2026-07-27 11:17:00.0;ON;OFF;50;6,70;10,10;12,10;44,90;98,70;133,50;5,40;2;50;11,70;9,10;
2026-07-27 11:18:00.0;ON;OFF;50;6,80;10,10;12,10;44,90;98,70;133,50;5,30;2;50;11,80;9,10;
2026-07-27 11:19:00.0;ON;OFF;50;6,70;10,10;12,20;44,90;98,70;133,50;5,50;2;50;11,90;9,20;
2026-07-27 11:20:00.0;ON;OFF;50;6,80;10,20;12,20;44,90;98,70;133,50;5,40;2;50;12;9,30;
2026-07-27 11:21:00.0;ON;OFF;50;6,90;10,30;12,40;44,90;98,70;133,50;5,50;2;50;12,30;9,40;
2026-07-27 11:22:00.0;ON;OFF;50;6,80;10,40;12,40;44,90;98,70;133,50;5,70;2;50;12,40;9,50;
2026-07-27 11:23:00.0;ON;OFF;50;6,90;10,50;12,50;44,90;98,70;133,50;5,70;2;50;12,50;9,50;
2026-07-27 11:24:00.0;ON;OFF;50;6,90;10,50;12,50;44,90;98,70;133,50;5,60;2;50;12,50;9,60;
2026-07-27 11:25:00.0;ON;OFF;50;7,10;10,50;12,50;44,90;98,70;133,50;5,40;2;50;12,60;9,60;
2026-07-27 11:26:00.0;ON;OFF;50;7,20;10,50;12,60;44,90;98,70;133,40;5,40;2;50;12,60;9,70;
2026-07-27 11:27:00.0;ON;OFF;50;7,20;10,70;12,60;44,80;98,70;133,40;5,50;2;50;12,60;9,70;
2026-07-27 11:28:00.0;ON;OFF;50;7,20;10,70;12,80;44,80;98,70;133,40;5,50;2;50;12,60;9,70;
2026-07-27 11:29:00.0;ON;OFF;50;7,20;10,80;12,80;44,80;98,70;133,40;5,50;2;50;12,70;9,80;
2026-07-27 11:30:00.0;ON;OFF;50;7,30;10,80;12,90;44,80;98,70;133,40;5,60;2;50;12,70;9,80;
2026-07-27 11:31:00.0;ON;OFF;50;7,30;10,90;12,90;44,80;98,70;133,40;5,70;2;50;12,80;9,80;
2026-07-27 11:32:00.0;ON;OFF;50;7,40;10,90;12,90;44,80;98,70;133,30;5,60;2;50;12,80;9,90;
2026-07-27 11:33:00.0;ON;OFF;50;7,40;11;13,10;44,80;98,70;133,30;5,70;2;50;12,90;9,90;
2026-07-27 11:34:00.0;ON;OFF;50;7,50;11,10;13,10;44,70;98,70;133,30;5,70;2;50;13,10;10;
2026-07-27 11:35:00.0;ON;OFF;50;7,50;11,20;13,20;44,70;98,70;133,30;5,60;2;50;13,20;10,10;
2026-07-27 11:36:00.0;ON;OFF;50;7,50;11,20;13,20;44,70;98,70;133,30;5,70;2;50;13,10;10,10;
2026-07-27 11:37:00.0;ON;OFF;50;7,50;11,30;13,30;44,70;98,70;133,10;5,80;2;50;13,30;10,20;
2026-07-27 11:38:00.0;ON;OFF;50;7,60;11,30;13,30;44,70;98,70;133,10;5,70;2;50;13,30;10,30;
2026-07-27 11:39:00.0;ON;OFF;50;7,60;11,30;13,30;44,70;98,70;133,10;5,70;2;50;13,20;10,30;
2026-07-27 11:40:00.0;ON;OFF;50;7,70;11,40;13,40;44,60;98,70;133,10;5,70;2;50;13,20;10,30;
2026-07-27 11:41:00.0;ON;OFF;50;7,90;11,50;13,50;44,60;98,70;133,10;5,60;2;50;13,40;10,30;
2026-07-27 11:42:00.0;ON;OFF;50;7,90;11,50;13,50;44,60;98,70;133,10;5,60;2;50;13,30;10,40;
2026-07-27 11:43:00.0;ON;OFF;50;7,90;11,50;13,50;44,60;98,70;133,10;5,60;2;50;13,30;10,50;
2026-07-27 11:44:00.0;ON;OFF;50;7,90;11,50;13,50;44,60;98,70;133,10;5,60;2;50;13,30;10,40;
2026-07-27 11:45:00.0;ON;OFF;50;7,90;11,60;13,60;44,60;98,70;133,10;5,60;2;50;13,30;10,40;
2026-07-27 11:46:00.0;ON;OFF;50;7,90;11,60;13,60;44,50;98,70;133,10;5,70;2;50;13,20;10,50;
2026-07-27 11:47:00.0;ON;OFF;50;7,90;11,60;13,60;44,50;98,70;133,10;5,70;2;50;13,30;10,50;
2026-07-27 11:48:00.0;ON;OFF;50;7,90;11,60;13,70;44,50;98,70;133,10;5,70;2;50;13,40;10,50;
2026-07-27 11:49:00.0;ON;OFF;50;8,10;11,70;13,70;44,50;98,70;133;5,70;2;50;13,40;10,50;
2026-07-27 11:50:00.0;ON;OFF;50;8;11,70;13,70;44,40;98,70;133,10;5,70;2;50;13,30;10,50;
2026-07-27 11:51:00.0;ON;OFF;50;8;11,70;13,70;44,40;98,70;133;5,70;2;50;13,40;10,50;
2026-07-27 11:52:00.0;ON;OFF;50;8,10;11,70;13,80;44,40;98,70;133;5,60;2;50;13,50;10,60;
2026-07-27 11:53:00.0;ON;OFF;50;8;11,80;13,80;44,40;98,70;133;5,70;2;50;13,50;10,60;
2026-07-27 11:54:00.0;ON;OFF;50;8,10;11,80;13,80;44,30;98,70;133;5,70;2;50;13,50;10,70;
2026-07-27 11:55:00.0;ON;OFF;50;8,30;11,80;13,80;44,30;98,70;133;5,50;2;50;13,50;10,60;
2026-07-27 11:56:00.0;ON;OFF;50;8,20;11,80;13,90;44,30;98,70;133;5,60;2;50;13,60;10,70;
2026-07-27 11:57:00.0;ON;OFF;50;8,10;11,80;13,80;44,20;98,70;133;5,70;2;50;13,60;10,70;
2026-07-27 11:58:00.0;ON;OFF;50;8,30;11,80;13,80;44,20;98,70;132,90;5,60;2;50;13,60;10,70;
2026-07-27 11:59:00.0;ON;OFF;50;8,30;11,80;13,80;44,20;98,70;132,90;5,60;2;50;13,60;10,70;
2026-07-27 12:00:00.0;ON;OFF;50;8,30;11,80;13,90;44,20;98,70;132,90;5,60;2;50;13,60;10,70;
2026-07-27 12:01:00.0;ON;OFF;50;8,30;11,90;13,90;44,10;98,70;132,90;5,60;2;50;13,70;10,80;
2026-07-27 12:02:00.0;ON;OFF;50;8,30;11,90;13,80;44,10;98,80;132,90;5,60;2;50;13,70;10,80;
2026-07-27 12:03:00.0;ON;OFF;50;8,30;11,80;13,90;44,10;98,80;132,90;5,60;2;50;13,70;10,80;
2026-07-27 12:04:00.0;ON;OFF;50;8,10;11,90;13,90;44;98,80;132,90;5,70;2;50;13,70;10,80;
2026-07-27 12:05:00.0;ON;OFF;50;8,10;11,90;13,90;44;98,80;132,90;5,70;2;50;13,70;10,80;
2026-07-27 12:06:00.0;ON;OFF;50;8,20;11,80;13,80;44;98,80;132,90;5,60;2;50;13,60;10,80;
2026-07-27 12:07:00.0;ON;OFF;50;8,10;11,80;13,80;43,90;98,80;132,90;5,70;2;50;13,60;10,80;
2026-07-27 12:08:00.0;ON;OFF;50;8,10;11,80;13,80;43,90;98,80;132,90;5,70;2;50;13,60;10,80;
2026-07-27 12:09:00.0;ON;OFF;50;8,20;11,80;13,80;43,80;98,80;132,90;5,60;2;50;13,70;10,80;
2026-07-27 12:10:00.0;ON;OFF;50;8,30;11,80;13,80;43,80;98,80;132,90;5,60;2;50;13,70;10,80;
2026-07-27 12:11:00.0;ON;OFF;50;8,20;11,80;13,80;43,80;98,80;132,80;5,60;2;50;13,70;10,80;
2026-07-27 12:12:00.0;ON;OFF;50;8,20;11,80;13,80;43,70;98,80;132,80;5,60;2;50;13,80;10,80;
2026-07-27 12:13:00.0;ON;OFF;50;8,10;11,90;13,80;43,70;98,80;132,80;5,70;2;50;13,80;10,80;
2026-07-27 12:14:00.0;ON;OFF;50;8,20;11,80;13,90;43,60;98,80;132,80;5,70;2;50;13,80;10,80;
2026-07-27 12:15:00.0;ON;OFF;50;8,10;11,90;13,90;43,60;98,80;132,80;5,80;2;50;14;10,90;
2026-07-27 12:16:00.0;ON;OFF;50;8,20;11,90;13,90;43,60;98,80;132,80;5,60;2;50;14,10;11;
2026-07-27 12:17:00.0;ON;OFF;50;8,10;11,90;13,90;43,50;98,80;132,80;5,80;2;50;14,10;11;
2026-07-27 12:18:00.0;ON;OFF;50;8,30;11,90;13,90;43,50;98,80;132,80;5,60;2;50;14,10;11;
2026-07-27 12:19:00.0;ON;OFF;50;8,10;11,90;13,90;43,40;98,80;132,80;5,80;2;50;14,30;11,10;
2026-07-27 12:20:00.0;ON;OFF;50;8,20;11,90;13,90;43,40;98,80;132,80;5,70;2;50;14,30;11,10;
2026-07-27 12:21:00.0;ON;OFF;50;8,30;11,90;13,90;43,40;98,80;132,80;5,60;2;50;14,20;11,10;
2026-07-27 12:22:00.0;ON;OFF;50;8,20;11,90;13,90;43,30;98,80;132,80;5,70;2;50;14,30;11,20;
2026-07-27 12:23:00.0;ON;OFF;50;8,20;11,90;13,90;43,30;98,80;132,80;5,70;2;50;14,40;11,20;
2026-07-27 12:24:00.0;ON;OFF;50;8,30;11,90;13,90;43,20;98,80;132,80;5,60;2;50;14,30;11,20;
2026-07-27 12:25:00.0;ON;OFF;50;8,20;11,90;13,90;43,20;98,80;132,70;5,70;2;50;14,30;11,20;
2026-07-27 12:26:00.0;ON;OFF;50;8,10;11,90;13,90;43,20;98,80;132,70;5,80;2;50;14,40;11,20;
2026-07-27 12:27:00.0;ON;OFF;50;8,20;11,90;13,90;43,10;98,80;132,70;5,70;2;50;14,50;11,20;
2026-07-27 12:28:00.0;ON;OFF;50;8,30;11,90;14;43;98,80;132,70;5,70;2;50;14,50;11,30;
2026-07-27 12:29:00.0;ON;OFF;50;8,30;12;13,90;43;98,80;132,70;5,70;2;50;14,50;11,30;
2026-07-27 12:30:00.0;ON;OFF;50;8,30;11,90;13,90;43;98,80;132,70;5,70;2;50;14,50;11,30;
2026-07-27 12:31:00.0;ON;OFF;50;8,20;11,90;13,90;42,90;98,80;132,70;5,80;2;50;14,60;11,30;
2026-07-27 12:32:00.0;ON;OFF;50;8,30;11,90;13,90;42,90;98,80;132,70;5,60;2;50;14,50;11,30;
2026-07-27 12:33:00.0;ON;OFF;50;8,20;10,90;14;42,80;98,80;132,70;5,80;2;50;14,60;12,10;
2026-07-27 12:34:00.0;ON;OFF;50;8,60;11;14;42,80;98,80;132,70;5,40;3;50;14,50;12,20;
2026-07-27 12:35:00.0;OFF;ON;70;8,70;11;14;42,70;98,80;132,70;5,30;3;50;14,50;12,30;
2026-07-27 12:36:00.0;OFF;ON;70;8,70;11;14,10;42,70;98,80;132,70;5,40;3;50;14,50;12,30;
2026-07-27 12:37:00.0;OFF;ON;70;8,90;11,10;14,10;42,60;98,80;132,70;5,20;3;50;14,50;12,30;
2026-07-27 12:38:00.0;OFF;ON;70;8,80;11,10;14,10;42,60;98,80;132,60;5,30;3;50;14,50;12,40;
2026-07-27 12:39:00.0;OFF;ON;70;8,90;11,10;14,10;42,50;98,80;132,60;5,20;3;50;14,50;12,40;
2026-07-27 12:40:00.0;OFF;ON;70;9;11,10;14,10;42,50;98,80;132,60;5,10;3;50;14,50;12,40;
2026-07-27 12:41:00.0;OFF;ON;70;9;11,10;14;42,50;98,80;132,60;5;3;50;14,30;12,40;
2026-07-27 12:42:00.0;OFF;ON;70;8,90;11;14;42,40;98,80;132,60;5,10;3;50;14,40;12,40;
2026-07-27 12:43:00.0;OFF;ON;70;9;10,80;14;42,40;98,80;132,60;5;3;50;14,40;12,50;
2026-07-27 12:44:00.0;OFF;ON;70;8,90;10,80;14;42,30;98,80;132,60;5,10;3,20;50;14,30;12,50;
2026-07-27 12:45:00.0;OFF;ON;75;9;10,80;14;42,30;98,80;132,60;5,10;3,20;50;14,30;12,50;
2026-07-27 12:46:00.0;OFF;ON;75;9,10;10,80;14;42,20;98,80;132,60;4,90;3,20;50;14,30;12,50;
2026-07-27 12:47:00.0;OFF;ON;75;9;10,80;14;42,20;98,80;132,60;5;3,20;50;14,30;12,50;
2026-07-27 12:48:00.0;OFF;ON;75;9,10;10,80;14;42,10;98,80;132,60;4,90;3,20;50;14,20;12,50;
2026-07-27 12:49:00.0;OFF;ON;75;8,90;10,80;14;42,10;98,80;132,60;5,10;3,20;50;14,20;12,50;
2026-07-27 12:50:00.0;OFF;ON;75;9,10;10,80;14;42;98,80;132,60;4,90;3,20;50;14,20;12,50;
2026-07-27 12:51:00.0;OFF;ON;75;8,90;10,70;14;42;98,80;132,60;5;3,20;50;14,20;12,40;
2026-07-27 12:52:00.0;OFF;ON;75;9;10,70;13,90;41,90;98,80;132,60;4,90;3,20;50;14,10;12,40;
2026-07-27 12:53:00.0;OFF;ON;75;9;10,50;13,90;41,90;98,80;132,60;4,90;3,20;50;14,10;12,50;
2026-07-27 12:54:00.0;OFF;ON;75;9,10;10,50;13,90;41,80;98,80;132,60;4,80;3,40;50;14,10;12,50;
2026-07-27 12:55:00.0;OFF;ON;80;9,10;10,50;13,90;41,80;98,80;132,50;4,90;3,40;50;14,10;12,50;
2026-07-27 12:56:00.0;OFF;ON;80;8,90;10,50;13,90;41,70;98,80;132,50;5;3,40;50;14,10;12,50;
2026-07-27 12:57:00.0;OFF;ON;80;9,10;10,50;13,90;41,60;98,80;132,50;4,80;3,40;50;14,10;12,50;
2026-07-27 12:58:00.0;OFF;ON;80;9;10,50;13,90;41,60;98,80;132,50;4,80;3,40;50;14;12,50;
2026-07-27 12:59:00.0;OFF;ON;80;9;10,40;13,80;41,60;98,80;132,50;4,80;3,40;50;14;12,40;
2026-07-27 13:00:00.0;OFF;ON;80;8,90;10,40;13,80;41,50;98,80;132,50;4,90;3,40;50;14;12,40;
2026-07-27 13:01:00.0;OFF;ON;80;8,90;10,40;13,80;41,50;98,80;132,50;4,90;3,40;50;13,90;12,40;
2026-07-27 13:02:00.0;OFF;ON;80;9;10,40;13,80;41,40;98,80;132,50;4,80;3,40;50;13,90;12,40;
2026-07-27 13:03:00.0;OFF;ON;80;8,80;10,20;13,80;41,30;98,80;132,50;5;3,40;50;13,90;12,40;
2026-07-27 13:04:00.0;OFF;ON;80;8,90;10,20;13,70;41,30;98,80;132,50;4,90;3,60;50;13,90;12,50;
2026-07-27 13:05:00.0;OFF;ON;85;9;10,10;13,70;41,20;98,80;132,50;4,70;3,60;50;13,80;12,40;
2026-07-27 13:06:00.0;OFF;ON;85;8,90;10,10;13,70;41,20;98,80;132,50;4,80;3,60;50;13,80;12,40;
2026-07-27 13:07:00.0;OFF;ON;85;8,90;10,10;13,70;41,10;98,80;132,50;4,80;3,60;50;13,80;12,40;
2026-07-27 13:08:00.0;OFF;ON;85;8,80;10,10;13,70;41,10;98,80;132,50;4,90;3,60;50;13,80;12,40;
2026-07-27 13:09:00.0;OFF;ON;85;8,80;10,10;13,60;41;98,80;132,50;4,90;3,60;50;13,80;12,40;
2026-07-27 13:10:00.0;OFF;ON;85;8,80;10;13,60;41;98,80;132,50;4,80;3,60;50;13,70;12,30;
2026-07-27 13:11:00.0;OFF;ON;85;8,90;10;13,60;40,90;98,80;132,50;4,80;3,60;50;13,70;12,30;
2026-07-27 13:12:00.0;OFF;ON;85;8,70;10;13,60;40,90;98,80;132,50;4,90;3,60;50;13,70;12,30;
2026-07-27 13:13:00.0;OFF;ON;85;8,70;9,80;13,60;40,80;98,80;132,50;4,90;3,60;50;13,60;12,40;
2026-07-27 13:14:00.0;OFF;ON;85;8,80;9,80;13,60;40,80;98,80;132,50;4,70;3,80;50;13,60;12,40;
2026-07-27 13:15:00.0;OFF;ON;90;8,80;9,70;13,50;40,70;98,80;132,50;4,80;3,80;50;13,60;12,40;
2026-07-27 13:16:00.0;OFF;ON;90;8,70;9,70;13,50;40,60;98,80;132,50;4,80;3,80;50;13,60;12,30;
2026-07-27 13:17:00.0;OFF;ON;90;8,90;9,70;13,50;40,60;98,80;132,50;4,70;3,80;50;13,60;12,30;
2026-07-27 13:18:00.0;OFF;ON;90;8,80;9,70;13,50;40,50;98,80;132,50;4,70;3,80;50;13,50;12,30;
2026-07-27 13:19:00.0;OFF;ON;90;8,80;9,70;13,40;40,50;98,80;132,50;4,60;3,80;50;13,50;12,20;
2026-07-27 13:20:00.0;OFF;ON;90;8,80;9,60;13,40;40,40;98,80;132,50;4,70;3,80;50;13,50;12,20;
2026-07-27 13:21:00.0;OFF;ON;90;8,80;9,60;13,40;40,40;98,80;132,50;4,60;3,80;50;13,50;12,20;
2026-07-27 13:22:00.0;OFF;ON;90;8,70;9,60;13,40;40,30;98,80;132,50;4,70;3,80;50;13,50;12,20;
2026-07-27 13:23:00.0;OFF;ON;90;8,80;9,40;13,40;40,30;98,80;132,50;4,60;3,80;50;13,50;12,30;
2026-07-27 13:24:00.0;OFF;ON;90;8,70;9,40;13,40;40,20;98,80;132,50;4,70;4;50;13,40;12,30;
2026-07-27 13:25:00.0;OFF;ON;95;8,60;9,40;13,40;40,20;98,80;132,50;4,70;4;50;13,40;12,30;
2026-07-27 13:26:00.0;OFF;ON;95;8,70;9,40;13,40;40,10;98,80;132,50;4,60;4;50;13,40;12,30;
2026-07-27 13:27:00.0;OFF;ON;95;8,60;9,30;13,30;40,10;98,80;132,50;4,70;4;50;13,40;12,20;
2026-07-27 13:28:00.0;OFF;ON;95;8,70;9,30;13,30;40;98,80;132,50;4,60;4;50;13,30;12,20;
2026-07-27 13:29:00.0;OFF;ON;95;8,60;9,30;13,30;40;98,80;132,50;4,70;4;50;13,30;12,20;
2026-07-27 13:30:00.0;OFF;ON;95;8,60;9,30;13,30;39,90;98,80;132,50;4,70;4;50;13,30;12,20;
2026-07-27 13:31:00.0;OFF;ON;95;8,60;9,30;13,20;39,90;98,80;132,50;4,60;4;50;13,20;12,20;
2026-07-27 13:32:00.0;OFF;ON;95;8,60;9,20;13,20;39,80;98,80;132,50;4,70;4;50;13,20;12,10;
2026-07-27 13:33:00.0;OFF;ON;95;8,60;9;13,20;39,80;98,80;132,50;4,60;4,20;50;13,20;12,10;
2026-07-27 13:34:00.0;OFF;ON;95;8,60;9;13,20;39,70;98,80;132,50;4,50;4,20;50;13,10;12,10;
2026-07-27 13:35:00.0;OFF;ON;100;8,60;9;13,10;39,70;98,80;132,50;4,50;4,20;50;13,10;12,10;
2026-07-27 13:36:00.0;OFF;ON;100;8,60;8,90;13,10;39,60;98,80;132,50;4,50;4,20;50;13,10;12;
2026-07-27 13:37:00.0;OFF;ON;100;8,40;8,90;13,10;39,60;98,80;132,50;4,70;4,20;50;13,10;12;
2026-07-27 13:38:00.0;OFF;ON;100;8,40;8,90;13,10;39,50;98,80;132,50;4,70;4,20;50;13;12;
2026-07-27 13:39:00.0;OFF;ON;100;8,50;8,90;13;39,50;98,80;132,40;4,60;4,20;50;13;12;
2026-07-27 13:40:00.0;OFF;ON;100;8,30;8,80;13;39,40;98,80;132,40;4,70;4,20;50;13;11,90;
2026-07-27 13:41:00.0;OFF;ON;100;8,30;8,80;13;39,40;98,80;132,40;4,70;4,20;50;13;11,90;
2026-07-27 13:42:00.0;OFF;ON;100;8,50;8,80;13;39,30;98,80;132,40;4,50;4,40;50;12,90;11,90;
2026-07-27 13:43:00.0;OFF;ON;100;8,40;8,50;12,90;39,30;98,80;132,40;4,60;4,40;50;12,90;11,80;
2026-07-27 13:44:00.0;OFF;ON;100;8,20;8,50;12,90;39,20;98,80;132,40;4,70;4,40;50;12,90;11,80;
2026-07-27 13:45:00.0;OFF;ON;100;8,40;8,50;12,90;39,20;98,80;132,40;4,50;4,40;50;12,80;11,80;
2026-07-27 13:46:00.0;OFF;ON;100;8,30;8,50;12,90;39,10;98,80;132,40;4,50;4,40;50;12,80;11,80;
2026-07-27 13:47:00.0;OFF;ON;100;8,20;8,40;12,80;39,10;98,80;132,40;4,70;4,40;50;12,80;11,70;
2026-07-27 13:48:00.0;OFF;ON;100;8,10;8,40;12,80;39;98,80;132,40;4,70;4,40;50;12,80;11,70;
2026-07-27 13:49:00.0;OFF;ON;100;8,10;8,40;12,80;39;98,80;132,50;4,60;4,40;50;12,70;11,70;
2026-07-27 13:50:00.0;OFF;ON;100;8,10;8,40;12,80;38,90;98,80;132,50;4,60;4,40;50;12,70;11,70;
2026-07-27 13:51:00.0;OFF;ON;100;8,20;8,30;12,70;38,90;98,80;132,50;4,50;4,40;50;12,70;11,70;
2026-07-27 13:52:00.0;OFF;ON;100;8;8,30;12,70;38,90;98,80;132,50;4,70;4,60;50;12,60;11,60;
2026-07-27 13:53:00.0;OFF;ON;100;8,20;8,10;12,70;38,80;98,80;132,50;4,50;4,60;50,30;12,60;11,60;
2026-07-27 13:54:00.0;OFF;ON;100;8;8,10;12,70;38,70;98,80;132,50;4,60;4,60;50;12,60;11,60;
2026-07-27 13:55:00.0;OFF;ON;100;8;8;12,60;38,70;98,80;132,50;4,60;4,60;50,30;12,50;11,50;
2026-07-27 13:56:00.0;OFF;ON;100;8;8;12,60;38,60;98,80;132,50;4,60;4,60;50,20;12,60;11,50;
2026-07-27 13:57:00.0;OFF;ON;100;8;8;12,60;38,60;98,80;132,50;4,60;4,60;50,40;12,50;11,50;
2026-07-27 13:58:00.0;OFF;ON;100;8;7,90;12,50;38,50;98,80;132,50;4,60;4,60;50,50;12,50;11,50;
2026-07-27 13:59:00.0;OFF;ON;100;8;7,90;12,50;38,50;98,80;132,50;4,50;4,60;50,50;12,40;11,40;
2026-07-27 14:00:00.0;OFF;ON;100;7,80;7,90;12,50;38,40;98,80;132,50;4,70;4,60;50;12,40;11,40;
2026-07-27 14:01:00.0;OFF;ON;100;8;7,90;12,40;38,40;98,80;132,50;4,40;4,60;50,70;12,30;11,40;
2026-07-27 14:02:00.0;OFF;ON;100;7,80;7,80;12,40;38,30;98,80;132,50;4,60;4,80;50,70;12,40;11,30;
2026-07-27 14:03:00.0;OFF;ON;100;7,80;7,60;12,40;38,30;98,80;132,50;4,60;4,80;51;12,30;11,30;
2026-07-27 14:04:00.0;OFF;ON;100;7,90;7,60;12,40;38,20;98,80;132,40;4,40;4,80;52;12,30;11,30;
2026-07-27 14:05:00.0;OFF;ON;100;7,80;7,50;12,30;38,20;98,80;132,40;4,50;4,80;52,20;12,30;11,30;
2026-07-27 14:06:00.0;OFF;ON;100;7,80;7,50;12,30;38,20;98,80;132,40;4,50;4,80;52,40;12,20;11,20;
2026-07-27 14:07:00.0;OFF;ON;100;7,70;7,50;12,30;38,10;98,80;132,40;4,60;4,80;52,30;12,20;11,20;
2026-07-27 14:08:00.0;OFF;ON;100;7,80;7,50;12,30;38;98,80;132,40;4,50;4,80;53,10;12,20;11,20;
2026-07-27 14:09:00.0;OFF;ON;100;7,60;7,40;12,20;38;98,80;132,40;4,60;4,80;52,80;12,10;11,10;
2026-07-27 14:10:00.0;OFF;ON;100;7,60;7,40;12,20;37,90;98,80;132,40;4,70;4,80;52,90;12,10;11,10;
2026-07-27 14:11:00.0;OFF;ON;100;7,60;7,40;12,20;37,90;98,80;132,40;4,60;4,80;53,60;12;11,10;
2026-07-27 14:12:00.0;OFF;ON;100;7,70;7,30;12,10;37,80;98,80;132,40;4,50;5;55,20;12;11;
2026-07-27 14:13:00.0;OFF;ON;100;7,60;7,10;12,10;37,80;98,80;132,40;4,50;5;55,50;12;11;
2026-07-27 14:14:00.0;OFF;ON;100;7,50;7,10;12,10;37,70;98,80;132,40;4,60;5;55,60;12;11;
2026-07-27 14:15:00.0;OFF;ON;100;7,60;7,10;12;37,70;98,80;132,40;4,40;5;56,90;11,90;10,90;
2026-07-27 14:16:00.0;OFF;ON;100;7,40;7;12;37,60;98,80;132,40;4,70;5;56,50;11,90;10,90;
2026-07-27 14:17:00.0;OFF;ON;100;7,40;7;12;37,60;98,80;132,30;4,60;5;57,30;11,90;10,90;
2026-07-27 14:18:00.0;OFF;ON;100;7,60;7;12;37,50;98,80;132,40;4,40;5;58,60;11,80;10,90;
2026-07-27 14:19:00.0;OFF;ON;100;7,50;7;12;37,50;98,80;132,30;4,40;5;59,20;11,80;10,80;
2026-07-27 14:20:00.0;OFF;ON;100;7,30;6,90;11,90;37,40;98,80;132,30;4,60;5;59,10;11,80;10,80;
2026-07-27 14:21:00.0;OFF;ON;100;7,40;6,90;11,90;37,40;98,80;132,30;4,50;5;60,30;11,80;10,80;
2026-07-27 14:22:00.0;OFF;ON;100;7,40;6,90;11,90;37,30;98,80;132,40;4,50;5,20;61,50;11,70;10,70;
2026-07-27 14:23:00.0;OFF;ON;100;7,10;6,70;11,80;37,20;98,80;132,30;4,70;5,20;61,20;11,70;10,70;
2026-07-27 14:24:00.0;OFF;ON;100;7;6,60;11,80;37,20;98,80;132,30;4,80;5,20;61,50;11,70;10,60;
2026-07-27 14:25:00.0;OFF;ON;100;7;6,60;11,80;37,10;98,80;132,30;4,70;5,20;62,30;11,60;10,60;
2026-07-27 14:26:00.0;OFF;ON;100;6,80;6,50;11,70;37,10;98,80;132,30;4,90;5,20;62;11,60;10,50;
2026-07-27 14:27:00.0;OFF;ON;100;6,70;6,50;11,70;37;98,80;132,30;5;5,20;62,30;11,60;10,50;
2026-07-27 14:28:00.0;OFF;ON;100;6,80;6,40;11,60;37;98,80;132,30;4,80;5,20;63,30;11,50;10,40;
2026-07-27 14:29:00.0;OFF;ON;100;6,60;6,40;11,60;36,90;98,80;132,30;5;5,20;63;11,40;10,30;
2026-07-27 14:30:00.0;OFF;ON;100;6,50;6,30;11,50;36,90;98,80;132,30;5;5,20;63;11,40;10,30;
2026-07-27 14:31:00.0;OFF;ON;100;6,50;6,30;11,50;36,80;98,80;132,30;5;5,20;63,20;11,30;10,20;
2026-07-27 14:32:00.0;OFF;ON;100;6,60;6,30;11,50;36,80;98,80;132,30;4,90;5,40;64,70;11,30;10,20;
2026-07-27 14:33:00.0;OFF;ON;100;6,10;6;11,40;36,70;98,80;132,30;5,30;5,40;63,60;11,30;10,10;
2026-07-27 14:34:00.0;OFF;ON;100;6,10;6;11,30;36,70;98,80;132,30;5,30;5,40;63,80;11,20;10;
2026-07-27 14:35:00.0;OFF;ON;100;6,20;5,90;11,30;36,60;98,80;132,30;5,10;5,40;64,80;11,10;9,90;
2026-07-27 14:36:00.0;OFF;ON;100;6,10;5,90;11,20;36,50;98,80;132,30;5,10;5,40;65;11,10;9,90;
2026-07-27 14:37:00.0;OFF;ON;100;5,90;5,80;11,20;36,50;98,80;132,30;5,30;5,40;64,20;11;9,90;
2026-07-27 14:38:00.0;OFF;ON;100;5,70;5,80;11,20;36,40;98,80;132,30;5,50;5,40;63,90;10,90;9,80;
2026-07-27 14:39:00.0;OFF;ON;100;5,70;5,70;11,10;36,40;98,80;132,30;5,40;5,40;64,50;10,90;9,70;
2026-07-27 14:40:00.0;OFF;ON;100;5,80;5,70;11;36,30;98,80;132,30;5,20;5,40;65,10;10,80;9,70;
2026-07-27 14:41:00.0;OFF;ON;100;5,60;5,60;11;36,30;98,70;132,20;5,40;5,40;64,60;10,80;9,70;
2026-07-27 14:42:00.0;OFF;ON;100;5,70;5,60;11;36,20;98,60;132,20;5,30;5,60;66;10,80;9,60;
2026-07-27 14:43:00.0;OFF;ON;100;5,50;5,30;10,90;36,20;98,60;132,20;5,40;5,60;65,60;10,70;9,60;
2026-07-27 14:44:00.0;OFF;ON;100;5,40;5,30;10,90;36,10;98,60;132,20;5,50;5,60;65,30;10,60;9,50;
2026-07-27 14:45:00.0;OFF;ON;100;5,40;5,20;10,80;36,10;98,50;132,20;5,40;5,60;66;10,60;9,50;
2026-07-27 14:46:00.0;OFF;ON;100;5,30;5,20;10,70;36;98,50;132,20;5,40;5,60;66;10,50;9,40;
2026-07-27 14:47:00.0;OFF;ON;100;5,20;5,10;10,70;35,90;98,50;132,20;5,50;5,60;66;10,50;9,40;
2026-07-27 14:48:00.0;OFF;ON;100;5,10;5,10;10,70;35,90;98,50;132,20;5,60;5,60;65,90;10,50;9,30;
2026-07-27 14:49:00.0;OFF;ON;100;5,20;5;10,60;35,80;98,50;132,30;5,40;5,60;66,60;10,40;9,30;
2026-07-27 14:50:00.0;OFF;ON;100;5,20;5;10,60;35,80;98,40;132,20;5,40;5,60;67;10,30;9,20;
2026-07-27 14:51:00.0;OFF;ON;100;5,10;4,90;10,50;35,70;98,40;132,20;5,40;5,60;67;10,30;9,20;
2026-07-27 14:52:00.0;OFF;ON;100;5;4,90;10,40;35,70;98,30;132,20;5,50;5,80;67,80;10,20;9,20;
2026-07-27 14:53:00.0;OFF;ON;100;4,80;4,60;10,40;35,60;98,30;132,20;5,60;5,80;67,50;10,20;9,10;
2026-07-27 14:54:00.0;OFF;ON;100;4,70;4,50;10,30;35,60;98,30;132,20;5,60;5,80;68;10,10;9;
2026-07-27 14:55:00.0;OFF;ON;100;4,70;4,50;10,30;35,50;98,30;132,20;5,50;5,80;68,40;10;9;
2026-07-27 14:56:00.0;OFF;ON;100;4,50;4,40;10,20;35,50;98,20;132,20;5,60;5,80;68,20;10;8,90;
2026-07-27 14:57:00.0;OFF;ON;100;4,70;4,40;10,20;35,40;98,20;132,20;5,50;5,80;68,90;10;8,90;
2026-07-27 14:58:00.0;OFF;ON;100;4,50;4,30;10,10;35,30;98,10;132,20;5,60;5,80;68,90;9,90;8,80;
2026-07-27 14:59:00.0;OFF;ON;100;4,40;4,30;10;35,30;98;132,20;5,60;5,80;69,10;9,80;8,70;
2026-07-27 15:00:00.0;OFF;ON;100;4,30;4,20;10;35,20;98,10;132,20;5,70;5,80;68,80;9,80;8,70;
2026-07-27 15:01:00.0;OFF;ON;100;4,20;4,20;9,90;35,20;98,10;132,20;5,70;5,80;69;9,70;8,60;
2026-07-27 15:02:00.0;OFF;ON;100;4,10;4,10;9,90;35,10;98,10;132,20;5,70;6;69,80;9,70;8,60;
2026-07-27 15:03:00.0;OFF;ON;100;4,10;3,90;9,80;35,10;98;132,20;5,70;6;70,30;9,70;8,50;
2026-07-27 15:04:00.0;OFF;ON;100;4;3,80;9,80;35;98;132,20;5,80;6;70,30;9,60;8,40;
2026-07-27 15:05:00.0;OFF;ON;100;4;3,80;9,70;35;97,90;132,20;5,70;6;70,90;9,50;8,30;
2026-07-27 15:06:00.0;OFF;ON;100;3,80;3,70;9,70;34,90;97,90;132,20;5,90;6;70,50;9,50;8,30;
2026-07-27 15:07:00.0;OFF;ON;100;3,80;3,60;9,60;34,90;98;132,20;5,80;6;70,80;9,40;8,20;
2026-07-27 15:08:00.0;OFF;ON;100;3,70;3,60;9,60;34,80;97,90;132,20;5,90;6;70,70;9,40;8,20;
2026-07-27 15:09:00.0;OFF;ON;100;3,80;3,50;9,50;34,80;97,90;132,20;5,80;6;71,50;9,30;8,10;
2026-07-27 15:10:00.0;OFF;ON;100;3,60;3,50;9,50;34,70;97,90;132,20;6;6;71,10;9,20;8,10;
2026-07-27 15:11:00.0;OFF;ON;100;3,50;3,40;9,40;34,70;97,80;132,20;5,90;6;71,30;9,20;8;
2026-07-27 15:12:00.0;OFF;ON;100;3,50;3,40;9,40;34,60;97,80;132,20;5,80;6;71,50;9,20;7,90;
2026-07-27 15:13:00.0;OFF;ON;100;3,30;3,40;9,40;34,60;97,80;132,20;6;6;71,20;9,10;7,80;
2026-07-27 15:14:00.0;OFF;ON;100;3,20;3,30;9,30;34,50;97,80;132,20;6,10;6;70,70;9,10;7,80;
2026-07-27 15:15:00.0;OFF;ON;100;3,20;3,30;9,20;34,50;97,80;132,20;6;6;71,30;9;7,70;
2026-07-27 15:16:00.0;OFF;ON;100;3,40;3,20;9,20;34,40;97,90;132,20;5,80;6;71,90;8,90;7,70;
2026-07-27 15:17:00.0;OFF;ON;100;3,30;3,20;9,10;34,40;97,80;132,20;5,90;6;71,90;8,90;7,70;
2026-07-27 15:18:00.0;OFF;ON;100;3,10;3,10;9,10;34,30;97,80;132,20;6;6;71,70;8,90;7,60;
2026-07-27 15:19:00.0;OFF;ON;100;3,10;3,10;9;34,30;97,80;132,20;6;6;71,80;8,80;7,50;
2026-07-27 15:20:00.0;OFF;ON;100;3;3;9;34,30;97,80;132,20;6;6;71,80;8,80;7,50;
2026-07-27 15:21:00.0;OFF;ON;100;3;3;9;34,20;97,70;132,20;6;6;71,90;8,80;7,40;
2026-07-27 15:22:00.0;OFF;ON;100;2,90;2,90;8,90;34,10;97,80;132,20;6;6;72,10;8,70;7,40;
2026-07-27 15:23:00.0;OFF;ON;100;3;2,90;8,90;34,10;97,80;132,20;5,80;6;72,50;8,60;7,40;
2026-07-27 15:24:00.0;OFF;ON;100;2,80;2,90;8,80;34,10;97,80;132,20;6;6;72,20;8,60;7,30;
2026-07-27 15:25:00.0;OFF;ON;100;2,90;2,80;8,80;34;97,80;132,20;5,90;6;72,20;8,60;7,20;
2026-07-27 15:26:00.0;OFF;ON;100;2,90;2,80;8,70;34;97,70;132,20;5,90;6;72,40;8,50;7,20;
2026-07-27 15:27:00.0;OFF;ON;100;2,70;2,70;8,70;33,90;97,70;132,20;6;6;72,30;8,40;7,10;
2026-07-27 15:28:00.0;OFF;ON;100;2,60;2,70;8,70;33,90;97,70;132,20;6;6;72,40;8,40;7,10;
2026-07-27 15:29:00.0;OFF;ON;100;2,70;2,60;8,60;33,80;97,70;132,20;6;6;72,50;8,40;7,10;
2026-07-27 15:30:00.0;OFF;ON;100;2,60;2,60;8,60;33,80;97,70;132,20;6;6;72,50;8,40;7;
2026-07-27 15:31:00.0;OFF;ON;100;2,50;2,60;8,50;33,70;97,70;132,20;6;6;72,60;8,30;7;
2026-07-27 15:32:00.0;OFF;ON;100;2,60;2,50;8,50;33,70;97,70;132,20;5,80;6;73;8,30;6,90;
2026-07-27 15:33:00.0;OFF;ON;100;2,50;2,50;8,50;33,60;97,70;132,20;6;6;72,80;8,20;6,90;
2026-07-27 15:34:00.0;OFF;ON;100;2,60;2,50;8,40;33,60;97,80;132,20;5,80;6;73,20;8,20;6,80;
2026-07-27 15:35:00.0;OFF;ON;100;2,60;2,40;8,40;33,50;97,70;132,20;5,80;6;73,30;8,10;6,80;
2026-07-27 15:36:00.0;OFF;ON;100;2,30;2,40;8,40;33,50;97,70;132,10;6;6;72,90;8,10;6,80;
2026-07-27 15:37:00.0;OFF;ON;100;2,30;2,30;8,30;33,40;97,60;132,10;6;6;73;8,10;6,70;
2026-07-27 15:38:00.0;OFF;ON;100;2,40;2,30;8,30;33,40;97,60;132,20;5,90;6;73,30;8;6,70;
2026-07-27 15:39:00.0;OFF;ON;100;2,30;2,20;8,20;33,30;97,60;132,10;5,90;6;73,30;8;6,60;
2026-07-27 15:40:00.0;OFF;ON;100;2,20;2,20;8,20;33,30;97,60;132,10;6;6;73,20;8;6,60;
2026-07-27 15:41:00.0;OFF;ON;100;2,20;2,20;8,20;33,20;97,60;132,10;6;6;73,40;7,90;6,60;
2026-07-27 15:42:00.0;OFF;ON;100;2,30;2,20;8,20;33,20;97,60;132,10;5,90;6;73,50;7,90;6,50;
2026-07-27 15:43:00.0;OFF;ON;100;2,20;2,20;8,10;33,10;97,60;132,10;5,90;6;73,40;7,80;6,50;
2026-07-27 15:44:00.0;OFF;ON;100;2,20;2,10;8,10;33,10;97,60;132,10;5,90;6;73,70;7,80;6,40;
2026-07-27 15:45:00.0;OFF;ON;100;2,20;2;8;33;97,60;132,10;5,80;6;73,90;7,80;6,40;
2026-07-27 15:46:00.0;OFF;ON;100;2;2;8;33;97,50;132,10;6;6;73,60;7,70;6,40;
2026-07-27 15:47:00.0;OFF;ON;100;2;2;7,90;32,90;97,60;132,10;5,90;6;73,80;7,70;6,30;
2026-07-27 15:48:00.0;OFF;ON;100;1,90;1,90;7,90;32,90;97,50;132,10;6;6;73,80;7,60;6,20;
2026-07-27 15:49:00.0;OFF;ON;100;1,80;1,90;7,80;32,80;97,50;132,10;6;6;73,80;7,60;6,20;
2026-07-27 15:50:00.0;OFF;ON;100;1,80;1,80;7,80;32,80;97,50;132,10;6;6;73,90;7,50;6,20;
2026-07-27 15:51:00.0;OFF;ON;100;1,90;1,80;7,80;32,70;97,40;132,10;5,90;6;74,10;7,50;6,10;
2026-07-27 15:52:00.0;OFF;ON;100;1,80;1,70;7,70;32,70;97,50;132,10;6;6;74,10;7,40;6;
2026-07-27 15:53:00.0;OFF;ON;100;1,70;1,70;7,70;32,60;97,50;132,10;6;6;74;7,40;6;
2026-07-27 15:54:00.0;OFF;ON;100;1,60;1,70;7,60;32,60;97,50;132,10;6,10;6;73,60;7,40;6;
2026-07-27 15:55:00.0;OFF;ON;100;1,70;1,60;7,60;32,50;97,50;132,10;5,90;6;74,40;7,30;5,90;
2026-07-27 15:56:00.0;OFF;ON;100;1,60;1,60;7,60;32,50;97,50;132,10;6;6;73,70;7,30;5,90;
2026-07-27 15:57:00.0;OFF;ON;100;1,60;1,50;7,50;32,40;97,40;132,10;5,90;6;74,20;7,30;5,80;
2026-07-27 15:58:00.0;OFF;ON;100;1,50;1,50;7,50;32,40;97,40;132,10;5,90;6;74,20;7,20;5,80;
2026-07-27 15:59:00.0;OFF;ON;100;1,40;1,50;7,40;32,30;97,50;132,10;6;6;74,30;7,20;5,70;
2026-07-27 16:00:00.0;OFF;ON;100;1,40;1,40;7,40;32,30;97,50;132,10;6;6;74,30;7,10;5,70;
2026-07-27 16:01:00.0;OFF;ON;100;1,30;1,40;7,40;32,20;97,30;132,10;6;6;74,30;7,10;5,60;
2026-07-27 16:02:00.0;OFF;ON;100;1,40;1,30;7,30;32,20;97,30;132,10;6;6;74,30;7,10;5,60;
2026-07-27 16:03:00.0;OFF;ON;100;1,20;1,30;7,30;32,10;97,30;132;6;6;74,40;7;5,60;
2026-07-27 16:04:00.0;OFF;ON;100;1,30;1,30;7,30;32,10;97,40;132;6;6;74,40;7;5,50;
2026-07-27 16:05:00.0;OFF;ON;100;1,40;1,20;7,20;32;97,40;132;5,80;6;74,80;6,90;5,50;
2026-07-27 16:06:00.0;OFF;ON;100;1,20;1,20;7,20;32;97,30;132;6;6;74,50;6,90;5,50;
2026-07-27 16:07:00.0;OFF;ON;100;1,20;1,20;7,20;31,90;97,40;132;6;6;74,60;6,90;5,40;
2026-07-27 16:08:00.0;OFF;ON;100;1,20;1,20;7,20;31,90;97,30;132;6;6;74,60;6,90;5,40;
2026-07-27 16:09:00.0;OFF;ON;100;1,10;1,10;7,10;31,80;97,30;132;6;6;74,70;6,80;5,30;
2026-07-27 16:10:00.0;OFF;ON;100;1,10;1,10;7,10;31,80;97,40;132;6;6;74,20;6,80;5,30;
2026-07-27 16:11:00.0;OFF;ON;100;1,20;1;7;31,70;97,40;132;5,80;6;75,20;6,70;5,30;
2026-07-27 16:12:00.0;OFF;ON;100;1;1;7;31,70;97,30;132;6;6;74,80;6,70;5,20;
2026-07-27 16:13:00.0;OFF;ON;100;0,90;1;6,90;31,60;97,30;132;6;6;75;6,70;5,20;
2026-07-27 16:14:00.0;OFF;ON;100;1,10;0,90;6,90;31,60;97,30;132;5,80;6;75,40;6,60;5,10;
2026-07-27 16:15:00.0;OFF;ON;100;0,80;0,90;6,90;31,50;97,30;132;6;6;75;6,60;5,10;
2026-07-27 16:16:00.0;OFF;ON;100;1;0,80;6,80;31,50;97,30;132;5,80;6;75,60;6,50;5,10;
2026-07-27 16:17:00.0;OFF;ON;100;0,80;0,80;6,80;31,40;97,30;132;6;6;75,30;6,50;5;
2026-07-27 16:18:00.0;OFF;ON;100;0,90;0,80;6,70;31,40;97,30;132;5,90;6;75,50;6,40;5;
2026-07-27 16:19:00.0;OFF;ON;100;0,90;0,70;6,70;31,30;97,30;132;5,80;6;75,70;6,40;4,90;
2026-07-27 16:20:00.0;OFF;ON;100;0,80;0,70;6,60;31,20;97,30;132;5,90;6;75,60;6,30;4,90;
2026-07-27 16:21:00.0;OFF;ON;100;0,60;0,60;6,60;31,20;97,30;131,90;6;6;75,50;6,30;4,90;
2026-07-27 16:22:00.0;OFF;ON;100;0,80;0,60;6,60;31,10;97,30;132;5,80;6;76;6,30;4,80;
2026-07-27 16:23:00.0;OFF;ON;100;0,60;0,60;6,60;31,10;97,30;132;6;6;75,60;6,30;4,80;
2026-07-27 16:24:00.0;OFF;ON;100;0,60;0,50;6,50;31;97,30;131,90;5,90;6;75,60;6,20;4,80;
2026-07-27 16:25:00.0;OFF;ON;100;0,60;0,50;6,50;31;97,30;131,90;5,90;6;75,90;6,20;4,70;
2026-07-27 16:26:00.0;OFF;ON;100;0,60;0,50;6,50;30,90;97,30;131,90;5,80;6;76,20;6,30;4,70;
2026-07-27 16:27:00.0;OFF;ON;100;0,50;0,50;6,50;30,90;97,30;132;5,90;6;75,80;6,30;4,70;
2026-07-27 16:28:00.0;OFF;ON;100;0,50;0,40;6,40;30,90;97,30;131,90;5,90;6;75,90;6,30;4,60;
2026-07-27 16:29:00.0;OFF;ON;100;0,50;0,40;6,50;30,80;97,30;131,90;6;6;75,30;6,20;4,60;
2026-07-27 16:30:00.0;OFF;ON;100;0,40;0,40;6,40;30,70;97,30;131,90;6;6;75,30;6,20;4,60;
2026-07-27 16:31:00.0;OFF;ON;100;0,30;0,30;6,30;30,70;97,20;131,90;6;6;75,80;6,20;4,50;
2026-07-27 16:32:00.0;OFF;ON;100;0,30;0,30;6,30;30,60;97,30;131,90;6;6;75,90;6,20;4,50;
2026-07-27 16:33:00.0;OFF;ON;100;0,40;0,30;6,30;30,60;97,30;131,90;5,90;6;76,10;6,10;4,50;
2026-07-27 16:34:00.0;OFF;ON;100;0,30;0,20;6,20;30,50;97,30;131,90;5,90;6;76,30;6,10;4,40;
2026-07-27 16:35:00.0;OFF;ON;100;0,20;0,20;6,20;30,50;97,30;131,90;6;6;76,10;6,10;4,40;
2026-07-27 16:36:00.0;OFF;ON;100;0,20;0,20;6,10;30,40;97,30;131,90;6;6;76,20;6;4,40;
2026-07-27 16:37:00.0;OFF;ON;100;0,20;0,10;6,10;30,40;97,30;131,90;5,90;6;76,50;6;4,40;
2026-07-27 16:38:00.0;OFF;ON;100;0,20;0,10;6,10;30,30;97,10;131,90;5,90;6;76,70;5,90;4,30;
2026-07-27 16:39:00.0;OFF;ON;100;0,20;0;6;30,30;97,20;131,90;5,90;6;76,80;5,90;4,30;
2026-07-27 16:40:00.0;OFF;ON;100;0,10;0;6;30,20;97,10;131,90;5,90;6;76,80;5,90;4,20;
2026-07-27 16:41:00.0;OFF;ON;100;0;0;5,90;30,20;97,10;131,90;6;6;76,70;5,80;4,20;
2026-07-27 16:42:00.0;OFF;ON;100;-0,10;-0,10;5,90;30,10;97,20;131,90;6;6;76,80;5,80;4,10;
2026-07-27 16:43:00.0;OFF;ON;100;-0,10;-0,10;5,90;30,10;97,20;131,90;6;6;76,90;5,80;4,10;
2026-07-27 16:44:00.0;OFF;ON;100;0;-0,20;5,80;30;97,10;131,80;5,80;6;77,50;5,70;4,10;
2026-07-27 16:45:00.0;OFF;ON;100;-0,10;-0,20;5,80;29,90;97,10;131,80;5,90;6;77,20;5,70;4;
2026-07-27 16:46:00.0;OFF;ON;100;-0,20;-0,20;5,70;29,90;97,10;131,80;5,90;6;77,30;5,60;4;
2026-07-27 16:47:00.0;OFF;ON;100;-0,20;-0,30;5,70;29,90;97,10;131,80;5,90;6;77,70;5,60;4;
2026-07-27 16:48:00.0;OFF;ON;100;-0,30;-0,30;5,60;29,80;97;131,80;6;6;77,50;5,50;3,90;
2026-07-27 16:49:00.0;OFF;ON;100;-0,30;-0,40;5,70;29,80;96,90;131,80;6;6;77,60;5,50;3,90;
2026-07-27 16:50:00.0;OFF;ON;100;-0,30;-0,30;5,60;29,70;97,10;131,80;6;6;77,80;5,50;3,80;
2026-07-27 16:51:00.0;OFF;ON;100;-0,40;-0,40;5,50;29,70;97;131,80;6;6;77,90;5,40;3,80;
2026-07-27 16:52:00.0;OFF;ON;100;-0,30;-0,50;5,50;29,60;97;131,80;5,80;6;78,40;5,30;3,70;
2026-07-27 16:53:00.0;OFF;ON;100;-0,50;-0,60;5,40;29,60;97;131,80;5,90;6;78,30;5,30;3,70;
2026-07-27 16:54:00.0;OFF;ON;100;-0,40;-0,60;5,40;29,50;96,90;131,80;5,80;6;78,90;5,30;3,70;
2026-07-27 16:55:00.0;OFF;ON;100;-0,50;-0,60;5,30;29,50;96,90;131,80;5,90;6;78,70;5,20;3,60;
2026-07-27 16:56:00.0;OFF;ON;100;-0,60;-0,70;5,30;29,50;96,90;131,80;5,90;6;78,80;5,20;3,60;
2026-07-27 16:57:00.0;OFF;ON;100;-0,60;-0,70;5,30;29,40;96,90;131,80;5,90;6;79;5,10;3,60;
2026-07-27 16:58:00.0;OFF;ON;100;-0,50;-0,80;5,20;29,40;97;131,80;5,80;6;79,80;5,10;3,50;
2026-07-27 16:59:00.0;OFF;ON;100;-0,70;-0,80;5,20;29,30;96,90;131,80;5,90;6;79,40;5,10;3,50;
2026-07-27 17:00:00.0;OFF;ON;100;-1,60;-0,80;5,20;29,30;97,10;131,80;6,80;6;75,60;5;3,60;
2026-07-27 17:01:00.0;OFF;ON;100;-2;-0,80;5,20;29,20;97,20;131,80;7,20;6;72,60;5;3,40;
2026-07-27 17:02:00.0;OFF;ON;100;-1,90;-0,90;5,10;29,20;97;131,80;7;6;72,50;4,90;3,30;
2026-07-27 17:03:00.0;OFF;ON;100;-2;-1;5;29,10;96,80;131,80;7,10;6;70,70;4,90;3,30;
2026-07-27 17:04:00.0;OFF;ON;100;-2,20;-1;5;29,10;96,80;131,80;7,10;6;69;4,80;3,30;
2026-07-27 17:05:00.0;OFF;ON;100;-2,70;-1;5;29,10;96,90;131,80;7,60;6;65,30;4,80;3,30;
2026-07-27 17:06:00.0;OFF;ON;100;-3;-1;5;29;97,10;131,80;8;6;62,80;4,90;3,40;
2026-07-27 17:07:00.0;OFF;ON;100;-0,50;-1;4,90;29;96,80;131,80;5,40;6;72,30;4,80;3,20;
2026-07-27 17:08:00.0;OFF;ON;100;-0,80;-1,10;4,90;28,90;97;131,80;5,80;6;71,30;4,80;3,40;
2026-07-27 17:09:00.0;OFF;ON;100;-0,50;-1,10;4,90;28,90;97,20;131,80;5,50;6;72,80;4,80;3,40;
2026-07-27 17:10:00.0;OFF;ON;100;-0,60;-1;5;28,80;97,30;131,80;5,70;6;72,70;4,90;3,50;
2026-07-27 17:11:00.0;OFF;ON;100;-0,60;-1;5;28,80;97,40;131,80;5,60;6;73,30;4,90;3,50;
2026-07-27 17:12:00.0;OFF;ON;100;-0,60;-1;5;28,80;97,40;131,80;5,60;6;73,90;4,90;3,50;
2026-07-27 17:13:00.0;OFF;ON;100;-0,70;-1;5;28,70;97,40;131,80;5,70;6;74,20;4,80;3,50;
2026-07-27 17:14:00.0;OFF;ON;100;-0,70;-1;5;28,70;97,40;131,80;5,60;6;74,90;4,80;3,40;
2026-07-27 17:15:00.0;OFF;ON;100;-0,60;-1,10;4,90;28,60;97,30;131,80;5,50;6;75,80;4,80;3,40;
2026-07-27 17:16:00.0;OFF;ON;100;-0,80;-1,10;4,90;28,60;97,20;131,80;5,70;6;75,70;4,80;3,30;
2026-07-27 17:17:00.0;OFF;ON;100;-0,70;-1,10;4,80;28,50;97,20;131,80;5,60;6;76,60;4,70;3,30;
2026-07-27 17:18:00.0;OFF;ON;100;-0,80;-1,20;4,80;28,50;97,10;131,70;5,70;6;76,50;4,70;3,20;
2026-07-27 17:19:00.0;OFF;ON;100;-0,80;-1,20;4,80;28,40;97,10;131,70;5,60;6;77,20;4,60;3,20;
2026-07-27 17:20:00.0;OFF;ON;100;-1;-1,30;4,70;28,40;97,10;131,70;5,80;6;76,90;4,60;3,10;
2026-07-27 17:21:00.0;OFF;ON;100;-1;-1,30;4,70;28,30;97;131,70;5,70;6;77,70;4,60;3,10;
2026-07-27 17:22:00.0;OFF;ON;100;-1;-1,30;4,60;28,30;96,90;131,70;5,70;6;78,10;4,50;3;
2026-07-27 17:23:00.0;OFF;ON;100;-1,10;-1,40;4,60;28,30;96,90;131,70;5,70;6;78,30;4,50;3;
2026-07-27 17:24:00.0;OFF;ON;100;-1,10;-1,40;4,60;28,20;96,80;131,70;5,70;6;78,60;4,50;2,90;
2026-07-27 17:25:00.0;OFF;ON;100;-1,20;-1,40;4,50;28,20;96,80;131,70;5,70;6;78,80;4,40;2,90;
2026-07-27 17:26:00.0;OFF;ON;100;-1,30;-1,50;4,50;28,10;96,70;131,70;5,80;6;78,60;4,40;2,80;
2026-07-27 17:27:00.0;OFF;ON;100;-1,30;-1,50;4,50;28,10;96,60;131,70;5,70;6;79,30;4,30;2,70;
2026-07-27 17:28:00.0;OFF;ON;100;-1,50;-1,60;4,40;28;96,60;131,70;5,90;6;79;4,30;2,70;
2026-07-27 17:29:00.0;OFF;ON;100;-1,40;-1,60;4,40;28;96,70;131,70;5,70;6;79,70;4,20;2,60;
2026-07-27 17:30:00.0;OFF;ON;100;-1,40;-1,60;4,40;27,90;96,60;131,70;5,70;6;79,90;4,20;2,60;
2026-07-27 17:31:00.0;OFF;ON;100;-1,80;-1,60;4,30;27,90;96,70;131,70;6,10;6;78,60;4,20;2,60;
2026-07-27 17:32:00.0;OFF;ON;100;-2,80;-1,70;4,40;27,80;97;131,70;7,20;6;73,40;4,20;2,70;
2026-07-27 17:33:00.0;OFF;ON;100;-2,60;-1,70;4,30;27,80;96,80;131,70;6,90;6;73,30;4,10;2,50;
2026-07-27 17:34:00.0;OFF;ON;100;-2,70;-1,80;4,20;27,70;96,70;131,70;6,90;6;72,20;4,10;2,40;
2026-07-27 17:35:00.0;OFF;ON;100;-2,80;-1,80;4,20;27,70;96,80;131,70;6,90;6;71;4;2,40;
2026-07-27 17:36:00.0;OFF;ON;100;-3;-1,90;4,10;27,60;96,70;131,70;7,10;6;69,40;4;2,30;
2026-07-27 17:37:00.0;OFF;ON;100;-3,40;-1,90;4,10;27,60;96,80;131,70;7,60;6;65,50;4;2,40;
2026-07-27 17:38:00.0;OFF;ON;100;-3,50;-1,90;4,10;27,60;96,90;131,70;7,70;6;64,10;4;2,50;
2026-07-27 17:39:00.0;OFF;ON;100;-1,40;-1,90;4;27,50;96,60;131,70;5,50;6;71,90;3,90;2,30;
2026-07-27 17:40:00.0;OFF;ON;100;-1,40;-2;4,10;27,40;96,70;131,70;5,50;6;72,40;4;2,50;
2026-07-27 17:41:00.0;OFF;ON;100;-1,20;-1,90;4,10;27,40;97,10;131,70;5,30;6;73,90;4;2,60;
2026-07-27 17:42:00.0;OFF;ON;100;-1,20;-1,80;4,20;27,30;97,20;131,70;5,30;6;74,50;4,10;2,60;
2026-07-27 17:43:00.0;OFF;ON;100;-1,30;-1,80;4,20;27,30;97,20;131,70;5,50;6;74,70;4,10;2,60;
2026-07-27 17:44:00.0;OFF;ON;100;-1,10;-1,80;4,20;27,30;97,20;131,70;5,30;6;76;4;2,60;
2026-07-27 17:45:00.0;OFF;ON;100;-1,20;-1,80;4,10;27,20;97,20;131,70;5,40;6;76,40;4;2,60;
2026-07-27 17:46:00.0;OFF;ON;100;-1,40;-1,90;4,10;27,20;97,20;131,70;5,50;6;76,40;4;2,60;
2026-07-27 17:47:00.0;OFF;ON;100;-1,30;-1,90;4,10;27,10;97,20;131,70;5,40;6;77,50;4;2,50;
2026-07-27 17:48:00.0;OFF;ON;100;-1,50;-1,90;4,10;27;97,20;131,70;5,60;6;77,50;4;2,50;
2026-07-27 17:49:00.0;OFF;ON;100;-1,50;-1,90;4,10;27;97,10;131,70;5,60;6;77,80;3,90;2,40;
2026-07-27 17:50:00.0;OFF;ON;100;-1,50;-2;4;27;96,90;131,70;5,50;6;78,90;3,90;2,40;
2026-07-27 17:51:00.0;OFF;ON;100;-1,70;-2;4;26,90;96,90;131,70;5,60;6;78,90;3,80;2,30;
2026-07-27 17:52:00.0;OFF;ON;100;-1,70;-2,10;3,90;26,90;96,90;131,70;5,60;6;79,60;3,80;2,30;
2026-07-27 17:53:00.0;OFF;ON;100;-2,70;-2,10;3,90;26,80;97;131,70;6,70;6;75;3,80;2,30;
2026-07-27 17:54:00.0;OFF;ON;100;-2,80;-2,10;3,90;26,70;97;131,70;6,60;6;74,10;3,70;2,20;
2026-07-27 17:55:00.0;OFF;ON;100;-2,90;-2,20;3,80;26,70;96,80;131,70;6,70;6;73,40;3,70;2,10;
2026-07-27 17:56:00.0;OFF;ON;100;-3;-2,20;3,80;26,70;96,70;131,60;6,70;6;72,40;3,60;2,10;
2026-07-27 17:57:00.0;OFF;ON;100;-3;-2,30;3,80;26,60;96,70;131,80;6,70;6;71,50;3,60;2;
2026-07-27 17:58:00.0;OFF;ON;100;-3,20;-2,20;3,70;26,60;96,70;131,80;6,90;6;69,50;3,60;1,90;
2026-07-27 17:59:00.0;OFF;ON;100;-3,30;-2,30;3,70;26,50;96,80;131,80;7;6;68;3,50;2;
2026-07-27 18:00:00.0;OFF;ON;100;-3,60;-2,30;3,70;26,50;96,90;131,80;7,30;6;65,60;3,50;2;
2026-07-27 18:01:00.0;OFF;ON;100;-3,10;-2,20;3,80;26,40;97;131,80;6,80;6;66;3,60;2;
2026-07-27 18:02:00.0;OFF;ON;100;-1,60;-2,30;3,60;26,40;96,60;131,80;5,30;6;72,50;3,50;1,90;
2026-07-27 18:03:00.0;OFF;ON;100;-1,80;-2,30;3,70;26,30;96,80;131,80;5,50;6;72,50;3,60;2,10;
2026-07-27 18:04:00.0;OFF;ON;100;-1,60;-2,30;3,70;26,30;97;131,80;5,30;6;73,80;3,60;2,20;
2026-07-27 18:05:00.0;OFF;ON;100;-1,60;-2,30;3,70;26,20;97,10;131,80;5,40;6;74,50;3,60;2,20;
2026-07-27 18:06:00.0;OFF;ON;100;-1,60;-2,20;3,80;26,20;97,20;131,80;5,30;6;75,70;3,60;2,20;
2026-07-27 18:07:00.0;OFF;ON;100;-1,50;-2,20;3,80;26,10;97,10;131,80;5,20;6;76,80;3,60;2,20;
2026-07-27 18:08:00.0;OFF;ON;100;-1,60;-2,20;3,70;26,10;97,10;131,80;5,30;6;77,20;3,60;2,20;
2026-07-27 18:09:00.0;OFF;ON;100;-1,60;-2,30;3,70;26;97,10;131,70;5,30;6;78,40;3,50;2,10;
2026-07-27 18:10:00.0;OFF;ON;100;-1,60;-2,30;3,70;26;97,10;131,70;5,30;6;79,10;3,50;2,10;
2026-07-27 18:11:00.0;OFF;ON;100;-1,60;-2,40;3,60;25,90;97;131,70;5,30;6;79,70;3,40;2;
2026-07-27 18:12:00.0;OFF;ON;100;-2,40;-2,40;3,60;25,90;96,90;131,70;6;6;77,90;3,40;2;
2026-07-27 18:13:00.0;OFF;ON;100;-2,90;-2,40;3,60;25,80;97;131,70;6,50;6;75,20;3,40;2;
2026-07-27 18:14:00.0;OFF;ON;100;-2,90;-2,40;3,60;25,80;96,90;131,70;6,40;6;75;3,40;1,90;
2026-07-27 18:15:00.0;OFF;ON;100;-3;-2,50;3,50;25,70;96,70;131,70;6,50;6;74,40;3,30;1,80;
2026-07-27 18:16:00.0;OFF;ON;100;-3,10;-2,50;3,40;25,70;96,70;131,70;6,60;6;73,20;3,30;1,70;
2026-07-27 18:17:00.0;OFF;ON;100;-3,10;-2,60;3,40;25,60;96,60;131,70;6,50;6;72,90;3,20;1,70;
2026-07-27 18:18:00.0;OFF;ON;100;-3,10;-2,60;3,40;25,60;96,60;131,70;6,40;6;72,60;3,20;1,60;
2026-07-27 18:19:00.0;OFF;ON;100;-3,20;-2,70;3,30;25,50;96,50;131,70;6,50;6;71,60;3,20;1,60;
2026-07-27 18:20:00.0;OFF;ON;100;-3,20;-2,70;3,30;25,50;96,50;131,70;6,50;6;71,20;3,10;1,60;
2026-07-27 18:21:00.0;OFF;ON;100;-3,20;-2,70;3,30;25,40;96,50;131,70;6,50;6;70,60;3,10;1,50;
2026-07-27 18:22:00.0;OFF;ON;100;-3,40;-2,80;3,20;25,40;96,50;131,70;6,60;6;69,40;3,10;1,50;
2026-07-27 18:23:00.0;OFF;ON;100;-3,50;-2,80;3,20;25,30;96,60;131,70;6,80;6;68,30;3,10;1,50;
2026-07-27 18:24:00.0;OFF;ON;100;-3,70;-2,70;3,30;25,30;96,80;131,70;7;6;66,30;3,10;1,60;
2026-07-27 18:25:00.0;OFF;ON;100;-4;-2,70;3,30;25,20;97;131,70;7,30;6;63,60;3,10;1,70;
2026-07-27 18:26:00.0;OFF;ON;100;-2,70;-2,70;3,30;25,20;97,10;131,70;6;6;67,90;3,10;1,50;
2026-07-27 18:27:00.0;OFF;ON;100;-1,80;-2,80;3,20;25,10;96,70;131,70;5;6;73,50;3,10;1,70;
2026-07-27 18:28:00.0;OFF;ON;100;-1,80;-2,80;3,30;25,10;97;131,70;5,10;6;74,30;3,10;1,70;
2026-07-27 18:29:00.0;OFF;ON;100;-1,80;-2,70;3,30;25;97,10;131,70;5,10;6;75,70;3,10;1,80;
2026-07-27 18:30:00.0;OFF;ON;100;-1,80;-2,70;3,30;25;97,10;131,60;5,10;6;76,30;3,20;1,80;
2026-07-27 18:31:00.0;OFF;ON;100;-1,80;-2,70;3,30;24,90;97,20;131,70;5,10;6;77,80;3,10;1,80;
2026-07-27 18:32:00.0;OFF;ON;100;-1,70;-2,70;3,30;24,90;97,20;131,60;5;6;79,30;3,10;1,80;
2026-07-27 18:33:00.0;OFF;ON;100;-2,30;-2,70;3,30;24,90;97,20;131,60;5,50;6;78,30;3,10;1,80;
2026-07-27 18:34:00.0;OFF;ON;100;-2,80;-2,70;3,30;24,80;97,20;131,60;6,10;6;76,10;3,10;1,80;
2026-07-27 18:35:00.0;OFF;ON;100;-2,70;-2,70;3,30;24,80;97,10;131,60;6;6;76,20;3,10;1,70;
2026-07-27 18:36:00.0;OFF;ON;100;-2,80;-2,80;3,20;24,70;97;131,60;6;6;76,20;3;1,60;
2026-07-27 18:37:00.0;OFF;ON;100;-2,90;-2,80;3,20;24,70;96,90;131,60;6;6;76,10;3;1,60;
2026-07-27 18:38:00.0;OFF;ON;100;-2,90;-2,90;3,10;24,60;96,80;131,60;6;6;76,10;2,90;1,50;
2026-07-27 18:39:00.0;OFF;ON;100;-2,90;-2,90;3,10;24,60;96,80;131,60;6;6;76;3;1,50;
2026-07-27 18:40:00.0;OFF;ON;100;-3;-2,90;3,10;24,60;96,80;131,60;6;6;76;2,90;1,50;
2026-07-27 18:41:00.0;OFF;ON;100;-3,10;-2,90;3,10;24,50;96,70;131,60;6,10;6;75,70;2,90;1,40;
2026-07-27 18:42:00.0;OFF;ON;100;-3;-3;3;24,50;96,70;131,60;6;6;75,80;2,80;1,40;
2026-07-27 18:43:00.0;OFF;ON;100;-3;-3;3;24,40;96,70;131,60;6;6;75,80;2,80;1,40;
2026-07-27 18:44:00.0;OFF;ON;100;-3,10;-3;3;24,40;96,70;131,60;6,10;6;75,60;2,80;1,40;
2026-07-27 18:45:00.0;OFF;ON;100;-3,10;-3;2,90;24,30;96,80;131,60;6,10;6;75,70;2,80;1,30;
2026-07-27 18:46:00.0;OFF;ON;100;-3,20;-3,10;2,90;24,30;96,70;131,60;6,10;6;75,60;2,80;1,30;
2026-07-27 18:47:00.0;OFF;ON;100;-3,10;-3,10;2,90;24,30;96,70;131,60;6;6;75,60;2,70;1,30;
2026-07-27 18:48:00.0;OFF;ON;100;-3,20;-3,10;2,90;24,20;96,70;131,60;6;6;76,10;2,70;1,30;
2026-07-27 18:49:00.0;OFF;ON;100;-3,10;-3,10;2,90;24,20;96,70;131,60;6;6;75,60;2,70;1,30;
2026-07-27 18:50:00.0;OFF;ON;100;-3,20;-3,10;2,80;24,10;96,80;131,60;6,10;6;75,60;2,70;1,20;
2026-07-27 18:51:00.0;OFF;ON;100;-3,10;-3,20;2,80;24,10;96,80;131,60;6;6;76,10;2,60;1,20;
2026-07-27 18:52:00.0;OFF;ON;100;-3,20;-3,20;2,80;24;96,70;131,60;6;6;76,10;2,60;1,20;
2026-07-27 18:53:00.0;OFF;ON;100;-3,20;-3,20;2,80;24;96,70;131,60;6;6;75,60;2,60;1,20;
2026-07-27 18:54:00.0;OFF;ON;100;-3,20;-3,20;2,80;24;96,70;131,60;6;6;76,10;2,60;1,20;
2026-07-27 18:55:00.0;OFF;ON;100;-3,20;-3,20;2,80;23,90;96,80;131,60;6;6;76,20;2,60;1,10;
2026-07-27 18:56:00.0;OFF;ON;100;-3,30;-3,30;2,70;23,90;96,80;131,60;6;6;76,20;2,60;1,10;
2026-07-27 18:57:00.0;OFF;ON;100;-3,30;-3,30;2,70;23,80;96,70;131,60;6;6;76,20;2,50;1,10;
2026-07-27 18:58:00.0;OFF;ON;100;-3,20;-3,30;2,70;23,80;96,80;131,50;5,90;6;76,30;2,50;1,10;
2026-07-27 18:59:00.0;OFF;ON;100;-3,30;-3,30;2,70;23,70;96,70;131,50;6;6;76,30;2,50;1,10;
2026-07-27 19:00:00.0;OFF;ON;100;-3,20;-3,30;2,60;23,70;96,80;131,50;5,90;6;76,60;2,50;1,10;
2026-07-27 19:01:00.0;OFF;ON;100;-3,30;-3,40;2,60;23,70;96,80;131,50;5,90;6;76,50;2,50;1;
2026-07-27 19:02:00.0;OFF;ON;100;-3,30;-3,40;2,60;23,60;96,80;131,50;5,90;6;76,80;2,40;1;
2026-07-27 19:03:00.0;OFF;ON;100;-3,20;-3,40;2,60;23,60;96,70;131,50;5,80;6;77;2,40;1;
2026-07-27 19:04:00.0;OFF;ON;100;-3,30;-3,40;2,60;23,50;96,70;131,50;5,90;6;76,80;2,40;1;
2026-07-27 19:05:00.0;OFF;ON;100;-3,30;-3,40;2,60;23,50;96,70;131,50;5,90;6;77;2,40;1;
2026-07-27 19:06:00.0;OFF;ON;100;-3,30;-3,40;2,60;23,50;96,70;131,50;5,80;6;77,50;2,40;1;
2026-07-27 19:07:00.0;OFF;ON;100;-3,40;-3,40;2,50;23,40;96,70;131,50;5,90;6;77,30;2,40;1;
2026-07-27 19:08:00.0;OFF;ON;100;-3,40;-3,50;2,50;23,40;96,70;131,50;5,90;6;77,60;2,40;1;
2026-07-27 19:09:00.0;OFF;ON;100;-3,40;-3,50;2,50;23,30;96,70;131,50;5,90;6;77,80;2,30;0,90;
2026-07-27 19:10:00.0;OFF;ON;100;-3,40;-3,50;2,50;23,30;96,80;131,50;5,90;6;77,90;2,30;0,90;
2026-07-27 19:11:00.0;OFF;ON;100;-3,40;-3,50;2,50;23,20;96,70;131,50;5,90;6;78,20;2,30;0,90;
2026-07-27 19:12:00.0;OFF;ON;100;-3,40;-3,50;2,50;23,20;96,80;131,50;5,80;6;78,50;2,30;0,90;
2026-07-27 19:13:00.0;OFF;ON;100;-3,40;-3,50;2,40;23,10;96,80;131,50;5,80;6;78,80;2,30;0,90;
2026-07-27 19:14:00.0;OFF;ON;100;-3,40;-3,60;2,40;23,10;96,80;131,50;5,80;6;79,10;2,30;0,90;
2026-07-27 19:15:00.0;OFF;ON;100;-3,40;-3,60;2,40;23,10;96,80;131,50;5,80;6;79,40;2,30;0,90;
2026-07-27 19:16:00.0;OFF;ON;100;-3,40;-3,60;2,40;23;96,80;131,50;5,80;6;79,70;2,20;0,90;
2026-07-27 19:17:00.0;OFF;ON;100;-3,40;-3,60;2,40;23;96,70;131,50;5,80;6;80,20;2,20;0,90;
2026-07-27 19:18:00.0;OFF;ON;100;-3,30;-3,60;2,40;22,90;96,80;131,50;5,70;6;80,90;2,20;0,80;
2026-07-27 19:19:00.0;OFF;ON;100;-3,20;-3,70;2,30;22,90;96,60;131,50;5,50;6;82,20;2,10;0,80;
2026-07-27 19:20:00.0;OFF;ON;100;-3,30;-3,70;2,30;22,80;96,70;131,50;5,60;6;82,30;2,10;0,80;
2026-07-27 19:21:00.0;OFF;ON;100;-3,20;-3,70;2,30;22,80;96,60;131,50;5,50;6;83,50;2,10;0,70;
2026-07-27 19:22:00.0;OFF;ON;100;-3,20;-3,70;2,20;22,70;96,60;131,50;5,40;6;84,40;2,10;0,70;
2026-07-27 19:23:00.0;OFF;ON;100;-3,10;-3,80;2,20;22,70;96,60;131,50;5,40;6;85,30;2;0,70;
2026-07-27 19:24:00.0;OFF;ON;100;-3,10;-3,80;2,20;22,70;96,60;131,50;5,30;6;86,20;2;0,60;
2026-07-27 19:25:00.0;OFF;ON;100;-3,10;-3,80;2,20;22,60;96,60;131,50;5,30;6;87,20;2;0,60;
2026-07-27 19:26:00.0;OFF;ON;100;-3,20;-3,80;2,10;22,60;96,50;131,50;5,30;6;87,70;2;0,60;
2026-07-27 19:27:00.0;OFF;ON;100;-3,10;-3,90;2,10;22,50;96,60;131,50;5,20;6;89,20;2;0,60;
2026-07-27 19:28:00.0;OFF;ON;100;-3;-3,90;2,10;22,50;96,50;131,50;5,10;6;90,40;1,90;0,60;
2026-07-27 19:29:00.0;OFF;ON;100;-3;-3,90;2,10;22,40;96,50;131,50;5,10;6;91,50;1,90;0,50;
2026-07-27 19:30:00.0;OFF;ON;100;-3,10;-4;2;22,40;96,50;131,40;5,10;6;92,40;1,90;0,50;
2026-07-27 19:31:00.0;OFF;ON;100;-3;-4;2;22,30;96,40;131,50;5;6;94,20;1,80;0,50;
2026-07-27 19:32:00.0;OFF;ON;100;-3;-4;2;22,30;96,40;131,50;5,10;6;94,90;1,80;0,40;
2026-07-27 19:33:00.0;OFF;ON;100;-3,10;-4;1,90;22,30;96,40;131,40;5,10;6;95,90;1,80;0,40;
2026-07-27 19:34:00.0;OFF;ON;100;-3;-4;1,90;22,20;96,40;131,40;5;6;97,30;1,70;0,30;
2026-07-27 19:35:00.0;OFF;ON;100;-3;-4;1,90;22,20;96,40;131,40;4,90;6;98,50;1,70;0,30;
2026-07-27 19:36:00.0;OFF;ON;100;-3,10;-4;1,90;22,10;96,40;131,40;5;6;99,20;1,70;0,30;
2026-07-27 19:37:00.0;OFF;ON;100;-3,10;-4;1,80;22,10;96,40;131,40;4,90;6;100;1,60;0,30;
2026-07-27 19:38:00.0;OFF;ON;100;-3,10;-4;1,80;22,10;96,40;131,40;4,90;6;100;1,70;0,20;
2026-07-27 19:39:00.0;OFF;ON;100;-3,10;-4;1,80;22;96,50;131,40;4,90;6;100;1,60;0,20;
2026-07-27 19:40:00.0;OFF;ON;100;-3,10;-4;1,80;22;96,40;131,40;4,90;6;100;1,60;0,20;
2026-07-27 19:41:00.0;OFF;ON;100;-3,20;-4;1,80;21,90;96,50;131,40;4,90;6;99,70;1,60;0,20;
2026-07-27 19:42:00.0;OFF;ON;100;-3,10;-4;1,80;21,90;96,60;131,40;4,90;6;100;1,60;0,20;
2026-07-27 19:43:00.0;OFF;ON;100;-3,30;-4;1,70;21,80;96,60;131,40;5;6;99,60;1,60;0,10;
2026-07-27 19:44:00.0;OFF;ON;100;-3,20;-4;1,70;21,80;96,50;131,40;4,90;6;100;1,50;0,10;
2026-07-27 19:45:00.0;OFF;ON;100;-3,20;-4;1,70;21,70;96,50;131,40;4,90;6;99,60;1,50;0,10;
2026-07-27 19:46:00.0;OFF;ON;100;-3,20;-4;1,70;21,70;96,60;131,40;4,90;6;99,80;1,50;0,10;
2026-07-27 19:47:00.0;OFF;ON;100;-3,20;-4;1,70;21,60;96,60;131,40;4,90;6;100;1,50;0,10;
2026-07-27 19:48:00.0;OFF;ON;100;-3,30;-4;1,60;21,60;96,60;131,40;4,90;6;99,60;1,50;0,10;
2026-07-27 19:49:00.0;OFF;ON;100;-3,30;-4;1,60;21,60;96,60;131,40;4,90;6;99,70;1,50;0;
2026-07-27 19:50:00.0;OFF;ON;100;-3,30;-4;1,60;21,50;96,60;131,40;4,90;6;99,60;1,50;0;
2026-07-27 19:51:00.0;OFF;ON;100;-3,20;-4;1,60;21,50;96,60;131,40;4,90;6;100;1,40;0;
2026-07-27 19:52:00.0;OFF;ON;100;-3,30;-4;1,60;21,40;96,70;131,40;4,90;6;99,60;1,40;0;
2026-07-27 19:53:00.0;OFF;ON;100;-3,20;-4;1,60;21,40;96,70;131,40;4,80;6;100;1,40;0;
2026-07-27 19:54:00.0;OFF;ON;100;-3,40;-4;1,60;21,30;96,60;131,40;4,90;6;99,70;1,40;-0,10;
2026-07-27 19:55:00.0;OFF;ON;100;-3,40;-4;1,60;21,30;96,50;131,40;4,90;6;99,60;1,40;-0,10;
2026-07-27 19:56:00.0;OFF;ON;100;-3,30;-4;1,50;21,20;96,50;131,40;4,80;6;100;1,40;-0,10;
2026-07-27 19:57:00.0;OFF;ON;100;-3,30;-4;1,50;21,20;96,50;131,40;4,80;6;100;1,30;-0,10;
2026-07-27 19:58:00.0;OFF;ON;100;-3,30;-4;1,50;21,10;96,50;131,40;4,80;6;100;1,30;-0,10;
2026-07-27 19:59:00.0;OFF;ON;100;-3,40;-4;1,50;21,10;96,40;131,40;4,90;6;99,60;1,30;-0,10;
2026-07-27 20:00:00.0;OFF;ON;100;-3,30;-4;1,50;21,10;96,40;131,40;4,80;6;100;1,30;-0,10;
2026-07-27 20:01:00.0;OFF;ON;100;-3,30;-4;1,50;21;96,40;131,40;4,80;6;100;1,30;-0,10;
2026-07-27 20:02:00.0;OFF;ON;100;-3,30;-4;1,40;21;96,40;131,40;4,70;6;99,80;1,20;-0,20;
2026-07-27 20:03:00.0;OFF;ON;100;-3,30;-4;1,40;20,90;96,40;131,40;4,70;6;100;1,20;-0,20;
2026-07-27 20:04:00.0;OFF;ON;100;-3,40;-4;1,40;20,90;96,40;131,40;4,80;6;99,70;1,20;-0,20;
2026-07-27 20:05:00.0;OFF;ON;100;-3,30;-4;1,40;20,80;96,40;131,40;4,70;6;100;1,20;-0,20;
2026-07-27 20:06:00.0;OFF;ON;100;-3,40;-4;1,40;20,80;96,40;131,40;4,70;6;100;1,20;-0,20;
2026-07-27 20:07:00.0;OFF;ON;100;-3,30;-4;1,30;20,70;96,40;131,40;4,70;6;100;1,20;-0,20;
2026-07-27 20:08:00.0;OFF;ON;100;-3,40;-4;1,30;20,70;96,40;131,40;4,80;6;99,60;1,20;-0,20;
2026-07-27 20:09:00.0;OFF;ON;100;-3,40;-4;1,30;20,60;96,40;131,40;4,70;6;100;1,20;-0,20;
2026-07-27 20:10:00.0;OFF;ON;100;-3,40;-4;1,30;20,60;96,40;131,40;4,70;6;99,80;1,10;-0,30;
2026-07-27 20:11:00.0;OFF;ON;100;-3,50;-4;1,30;20,60;96,40;131,40;4,80;6;99,50;1,10;-0,30;
2026-07-27 20:12:00.0;OFF;ON;100;-3,40;-4;1,30;20,50;96,40;131,40;4,60;6;100;1,10;-0,30;
2026-07-27 20:13:00.0;OFF;ON;100;-3,40;-4;1,30;20,50;96,40;131,30;4,60;6;100;1,10;-0,30;
2026-07-27 20:14:00.0;OFF;ON;100;-3,50;-4;1,20;20,40;96,40;131,30;4,70;6;99,50;1,10;-0,30;
2026-07-27 20:15:00.0;OFF;ON;100;-3,40;-4;1,30;20,40;96,30;131,30;4,70;6;100;1,10;-0,30;
2026-07-27 20:16:00.0;OFF;ON;100;-3,50;-4;1,20;20,30;96,40;131,30;4,70;6;99,60;1,10;-0,30;
2026-07-27 20:17:00.0;OFF;ON;100;-3,40;-4;1,20;20,30;96,40;131,30;4,60;6;100;1,10;-0,30;
2026-07-27 20:18:00.0;OFF;ON;100;-3,40;-4;1,20;20,20;96,40;131,30;4,60;6;100;1;-0,30;
2026-07-27 20:19:00.0;OFF;ON;100;-3,50;-4;1,20;20,20;96,40;131,30;4,60;6;99,60;1;-0,30;
2026-07-27 20:20:00.0;OFF;ON;100;-3,50;-4;1,20;20,20;96,40;131,30;4,70;6;99,60;1;-0,30;
2026-07-27 20:21:00.0;OFF;ON;100;-3,50;-4;1,10;20,10;96,40;131,30;4,60;6;99,60;1;-0,30;
2026-07-27 20:22:00.0;OFF;ON;100;-3,50;-4;1,10;20,10;96,30;131,30;4,60;6;99,70;1;-0,40;
2026-07-27 20:23:00.0;OFF;ON;100;-3,50;-4;1,10;20;96,40;131,30;4,60;6;99,60;1;-0,40;
2026-07-27 20:24:00.0;OFF;ON;100;-3,50;-4;1,10;20;96,40;131,30;4,60;6;99,60;0,90;-0,40;
2026-07-27 20:25:00.0;OFF;ON;100;-3,40;-4;1,10;19,90;96,40;131,30;4,50;6;100;1;-0,40;
2026-07-27 20:26:00.0;OFF;ON;100;-3,40;-4;1,10;19,90;96,30;131,30;4,50;6;100;1;-0,40;
2026-07-27 20:27:00.0;OFF;ON;100;-3,50;-4;1,10;19,90;96,30;131,30;4,60;6;99,60;0,90;-0,40;
2026-07-27 20:28:00.0;OFF;ON;100;-3,50;-4;1,10;19,80;96,30;131,30;4,60;6;99,50;0,90;-0,40;
2026-07-27 20:29:00.0;OFF;ON;100;-3,50;-4;1,10;19,80;96,40;131,30;4,50;6;99,80;0,90;-0,40;
2026-07-27 20:30:00.0;OFF;ON;100;-3,50;-4;1;19,70;96,40;131,30;4,50;6;99,70;0,90;-0,40;
2026-07-27 20:31:00.0;OFF;ON;100;-3,40;-4;1;19,70;96,40;131,30;4,40;6;100;0,90;-0,40;
2026-07-27 20:32:00.0;OFF;ON;100;-3,40;-4;1;19,70;96,40;131,30;4,40;6;100;0,90;-0,40;
2026-07-27 20:33:00.0;OFF;ON;100;-3,50;-4;1;19,60;96,30;131,30;4,60;6;99,60;0,90;-0,40;
2026-07-27 20:34:00.0;OFF;ON;100;-3,40;-4;1;19,60;96,30;131,30;4,40;6;100;0,80;-0,40;
2026-07-27 20:35:00.0;OFF;ON;100;-3,40;-4;1;19,60;96,40;131,30;4,40;6;100;0,90;-0,40;
2026-07-27 20:36:00.0;OFF;ON;100;-3,40;-4;1;19,50;96,30;131,30;4,40;6;100;0,90;-0,40;
2026-07-27 20:37:00.0;OFF;ON;100;-3,40;-4;1;19,50;96,30;131,30;4,40;6;100;0,90;-0,40;
2026-07-27 20:38:00.0;OFF;ON;100;-3,40;-4;1;19,50;96,30;131,30;4,30;6;100;0,80;-0,50;
2026-07-27 20:39:00.0;OFF;ON;100;-3,40;-4;0,90;19,40;96,40;131,30;4,30;6;99,60;0,80;-0,50;
2026-07-27 20:40:00.0;OFF;ON;100;-3,50;-4;0,90;19,40;96,30;131,30;4,40;6;99,60;0,80;-0,50;
2026-07-27 20:41:00.0;OFF;ON;100;-3,50;-4;0,90;19,40;96,30;131,30;4,40;6;99,60;0,80;-0,50;
2026-07-27 20:42:00.0;OFF;ON;100;-3,40;-4;0,90;19,30;96,30;131,30;4,30;6;100;0,80;-0,50;
2026-07-27 20:43:00.0;OFF;ON;100;-3,40;-4;0,90;19,30;96,30;131,30;4,30;6;99,80;0,80;-0,50;
2026-07-27 20:44:00.0;OFF;ON;100;-3,40;-4;0,90;19,20;96,30;131,30;4,30;6;100;0,80;-0,50;
2026-07-27 20:45:00.0;OFF;ON;100;-3,40;-4;0,90;19,20;96,40;131,30;4,30;6;99,70;0,80;-0,50;
2026-07-27 20:46:00.0;OFF;ON;100;-3,40;-4;0,90;19,20;96,40;131,30;4,30;6;100;0,70;-0,50;
2026-07-27 20:47:00.0;OFF;ON;100;-3,40;-4;0,90;19,10;96,40;131,30;4,20;6;100;0,70;-0,50;
2026-07-27 20:48:00.0;OFF;ON;100;-3,40;-4;0,90;19,10;96,40;131,30;4,30;6;99,70;0,70;-0,50;
2026-07-27 20:49:00.0;OFF;ON;100;-3,50;-4;0,80;19;96,30;131,30;4,30;6;99,60;0,70;-0,50;
2026-07-27 20:50:00.0;OFF;ON;100;-3,50;-4;0,80;19;96,30;131,30;4,30;6;99,60;0,70;-0,50;
2026-07-27 20:51:00.0;OFF;ON;100;-3,40;-4;0,80;19;96,30;131,30;4,20;6;100;0,70;-0,50;
2026-07-27 20:52:00.0;OFF;ON;100;-3,40;-4;0,80;18,90;96,30;131,30;4,20;6;100;0,70;-0,50;
2026-07-27 20:53:00.0;OFF;ON;100;-3,40;-4;0,80;18,90;96,30;131,30;4,20;6;100;0,70;-0,50;
2026-07-27 20:54:00.0;OFF;ON;100;-3,40;-4;0,80;18,90;96,30;131,30;4,20;6;99,70;0,70;-0,50;
2026-07-27 20:55:00.0;OFF;ON;100;-3,50;-4;0,80;18,80;96,30;131,30;4,30;6;99,60;0,70;-0,60;
2026-07-27 20:56:00.0;OFF;ON;100;-3,50;-4;0,80;18,80;96,30;131,30;4,20;6;99,70;0,70;-0,50;
2026-07-27 20:57:00.0;OFF;ON;100;-3,40;-4;0,80;18,80;96,20;131,30;4,10;6;100;0,60;-0,50;
2026-07-27 20:58:00.0;OFF;ON;100;-3,40;-4;0,80;18,70;96,20;131,30;4,20;6;99,60;0,60;-0,50;
2026-07-27 20:59:00.0;OFF;ON;100;-3,40;-4;0,80;18,70;96,30;131,30;4,10;6;100;0,60;-0,50;
2026-07-27 21:00:00.0;OFF;ON;100;-3,50;-4;0,80;18,70;96,20;131,30;4,20;6;99,50;0,60;-0,60;
2026-07-27 21:01:00.0;OFF;ON;100;-3,50;-4;0,70;18,60;96,30;131,20;4,20;6;99,50;0,60;-0,60;
2026-07-27 21:02:00.0;OFF;ON;100;-3,40;-4;0,70;18,60;96,20;131,20;4,20;6;99,60;0,60;-0,60;
2026-07-27 21:03:00.0;OFF;ON;100;-3,40;-4;0,70;18,50;96,30;131,20;4,10;6;99,70;0,60;-0,60;
2026-07-27 21:04:00.0;OFF;ON;100;-3,50;-4;0,70;18,50;96,30;131,20;4,20;6;99,60;0,60;-0,60;
2026-07-27 21:05:00.0;OFF;ON;100;-3,30;-4;0,70;18,50;96,30;131,20;4,10;6;100;0,60;-0,60;
2026-07-27 21:06:00.0;OFF;ON;100;-3,40;-4;0,70;18,40;96,20;131,20;4,10;6;99,70;0,60;-0,60;
2026-07-27 21:07:00.0;OFF;ON;100;-3,40;-4;0,70;18,40;96,20;131,20;4,10;6;99,90;0,60;-0,60;
2026-07-27 21:08:00.0;OFF;ON;100;-3,30;-4;0,70;18,40;96,30;131,20;4;6;100;0,60;-0,60;
2026-07-27 21:09:00.0;OFF;ON;100;-3,40;-4;0,70;18,30;96,30;131,20;4,10;6;99,50;0,60;-0,60;
2026-07-27 21:10:00.0;OFF;ON;100;-3,30;-4;0,70;18,30;96,20;131,20;4;6;100;0,50;-0,60;
2026-07-27 21:11:00.0;OFF;ON;100;-3,40;-4;0,70;18,20;96,20;131,20;4;6;100;0,50;-0,60;
2026-07-27 21:12:00.0;OFF;ON;100;-3,40;-4;0,60;18,20;96,30;131,20;4;6;100;0,50;-0,60;
2026-07-27 21:13:00.0;OFF;ON;100;-3,30;-4;0,60;18,20;96,20;131,20;4;6;100;0,50;-0,60;
2026-07-27 21:14:00.0;OFF;ON;100;-3,30;-4;0,60;18,10;96,30;131,20;4;6;100;0,50;-0,60;
2026-07-27 21:15:00.0;OFF;ON;100;-3,30;-4;0,60;18,10;96,30;131,20;4;6;100;0,50;-0,60;
2026-07-27 21:16:00.0;OFF;ON;100;-3,40;-4;0,60;18,10;96,30;131,20;4;6;100;0,50;-0,60;
2026-07-27 21:17:00.0;OFF;ON;100;-3,40;-4;0,60;18;96,20;131,20;4;6;100;0,50;-0,60;
2026-07-27 21:18:00.0;OFF;ON;100;-3,30;-4;0,60;18;96,20;131,20;3,90;6;100;0,50;-0,60;
2026-07-27 21:19:00.0;OFF;ON;100;-3,50;-4;0,60;18;96,20;131,20;4;6;99,60;0,50;-0,60;
2026-07-27 21:20:00.0;OFF;ON;100;-3,50;-4;0,60;17,90;96,20;131,20;4;6;99,60;0,50;-0,60;
2026-07-27 21:21:00.0;OFF;ON;100;-3,30;-4;0,60;17,90;96,20;131,20;3,90;6;100;0,40;-0,60;
2026-07-27 21:22:00.0;OFF;ON;100;-3,30;-4;0,60;17,80;96,20;131,20;3,90;6;100;0,40;-0,60;
2026-07-27 21:23:00.0;OFF;ON;100;-3,40;-4;0,60;17,80;96,20;131,20;3,90;6;100;0,40;-0,60;
2026-07-27 21:24:00.0;OFF;ON;100;-3,60;-4;0,50;17,80;96,20;131,20;4,20;6;99,30;0,40;-0,70;
2026-07-27 21:25:00.0;OFF;ON;100;-4;-4;0,50;17,70;96,10;131,20;4,50;6;98,30;0,40;-0,70;
2026-07-27 21:26:00.0;OFF;ON;100;-4,10;-4;0,40;17,70;95,90;131,20;4,60;6;97,60;0,30;-0,90;
2026-07-27 21:27:00.0;OFF;ON;100;-4,10;-4;0,40;17,70;95,80;131,20;4,40;6;97,60;0,20;-0,90;
2026-07-27 21:28:00.0;OFF;ON;100;-3,90;-4;0,30;17,60;95,70;131,20;4,20;6;98,50;0,20;-0,90;
2026-07-27 21:29:00.0;OFF;ON;100;-3,70;-4;0,30;17,60;95,80;131,20;4,10;6;99,50;0,20;-0,80;
2026-07-27 21:30:00.0;OFF;ON;100;-3,60;-4;0,40;17,50;95,90;131,20;4;6;99,60;0,20;-0,80;
2026-07-27 21:31:00.0;OFF;ON;100;-3,60;-4;0,40;17,50;96,10;131,20;4;6;99,60;0,30;-0,80;
2026-07-27 21:32:00.0;OFF;ON;100;-3,50;-4;0,40;17,50;96;131,20;3,90;6;99,90;0,30;-0,80;
2026-07-27 21:33:00.0;OFF;ON;100;-3,50;-4;0,40;17,40;96,10;131,20;3,90;6;100;0,30;-0,80;
2026-07-27 21:34:00.0;OFF;ON;100;-3,50;-4;0,40;17,40;96,10;131,20;3,90;6;100;0,30;-0,80;
2026-07-27 21:35:00.0;OFF;ON;100;-3,50;-4;0,40;17,40;96,10;131,20;3,90;6;99,90;0,30;-0,80;
2026-07-27 21:36:00.0;OFF;ON;100;-2,90;-4;0,40;17,30;96,10;131,20;3,30;6;99,70;0,30;-0,70;
2026-07-27 21:37:00.0;OFF;ON;100;-3;-4;0,40;17,30;96,30;131,20;3,50;6;99,70;0,30;-0,60;
2026-07-27 21:38:00.0;OFF;ON;100;-3,10;-4;0,50;17,30;96,50;131,20;3,50;6;99,60;0,30;-0,60;
2026-07-27 21:39:00.0;OFF;ON;100;-3,10;-4;0,50;17,20;96,50;131,20;3,60;6;99,50;0,40;-0,50;
2026-07-27 21:40:00.0;OFF;ON;100;-3,10;-4;0,50;17,20;96,60;131,20;3,60;6;99,50;0,30;-0,50;
2026-07-27 21:41:00.0;OFF;ON;100;-3;-4;0,50;17,10;96,60;131,20;3,50;6;100;0,40;-0,50;
2026-07-27 21:42:00.0;OFF;ON;100;-3;-4;0,50;17,10;96,50;131,20;3,50;6;100;0,30;-0,50;
2026-07-27 21:43:00.0;OFF;ON;100;-3;-4;0,50;17,10;96,50;131,20;3,50;6;100;0,30;-0,50;
2026-07-27 21:44:00.0;OFF;ON;100;-3;-4;0,50;17;96,50;131,20;3,50;6;100;0,40;-0,50;
2026-07-27 21:45:00.0;OFF;ON;100;-3;-4;0,50;17;96,50;131,20;3,50;6;100;0,30;-0,50;
2026-07-27 21:46:00.0;OFF;ON;100;-3,10;-4;0,50;16,90;96,50;131,20;3,60;6;99,60;0,30;-0,50;
2026-07-27 21:47:00.0;OFF;ON;100;-3;-4;0,50;16,90;96,40;131,20;3,50;6;100;0,40;-0,50;
2026-07-27 21:48:00.0;OFF;ON;100;-3;-4;0,50;16,90;96,40;131,10;3,50;6;100;0,30;-0,50;
2026-07-27 21:49:00.0;OFF;ON;100;-3;-4;0,50;16,80;96,40;131,10;3,50;6;100;0,30;-0,50;
2026-07-27 21:50:00.0;OFF;ON;100;-3;-4;0,50;16,80;96,40;131,10;3,50;6;100;0,30;-0,50;
2026-07-27 21:51:00.0;OFF;ON;100;-3,10;-4;0,50;16,80;96,40;131,10;3,50;6;99,70;0,30;-0,60;
2026-07-27 21:52:00.0;OFF;ON;100;-3;-4;0,50;16,70;96,30;131,10;3,50;6;100;0,30;-0,60;
2026-07-27 21:53:00.0;OFF;ON;100;-3;-4;0,40;16,70;96,40;131,10;3,50;6;100;0,30;-0,60;
2026-07-27 21:54:00.0;OFF;ON;100;-3;-4;0,40;16,60;96,30;131,10;3,50;6;100;0,30;-0,60;
2026-07-27 21:55:00.0;OFF;ON;100;-3,10;-4;0,40;16,60;96,30;131,10;3,50;6;99,60;0,30;-0,60;
2026-07-27 21:56:00.0;OFF;ON;100;-3,10;-4;0,40;16,60;96,30;131,10;3,50;6;99,80;0,30;-0,60;
2026-07-27 21:57:00.0;OFF;ON;100;-3,10;-4;0,40;16,50;96,30;131,10;3,50;6;99,60;0,30;-0,60;
2026-07-27 21:58:00.0;OFF;ON;100;-3,10;-4;0,40;16,50;96,30;131,10;3,50;6;99,60;0,30;-0,60;
2026-07-27 21:59:00.0;OFF;ON;100;-3,10;-4;0,40;16,50;96,30;131,10;3,50;6;99,70;0,30;-0,60;
2026-07-27 22:00:00.0;OFF;ON;100;-3;-4;0,40;16,40;96,30;131,10;3,40;6;100;0,30;-0,60;
2026-07-27 22:01:00.0;OFF;ON;100;-3,10;-4;0,40;16,40;96,30;131,10;3,50;6;99,80;0,30;-0,60;
2026-07-27 22:02:00.0;OFF;ON;100;-3,10;-4;0,40;16,30;96,30;131,10;3,40;6;100;0,30;-0,60;
2026-07-27 22:03:00.0;OFF;ON;100;-3,20;-4;0,40;16,30;96,20;131,10;3,60;6;99,50;0,30;-0,60;
2026-07-27 22:04:00.0;OFF;ON;100;-3,10;-4;0,40;16,30;96,20;131,10;3,40;6;100;0,20;-0,60;
2026-07-27 22:05:00.0;OFF;ON;100;-3,10;-4;0,30;16,20;96,20;131,10;3,40;6;100;0,20;-0,60;
2026-07-27 22:06:00.0;OFF;ON;100;-3,20;-4;0,30;16,20;96,20;131,10;3,50;6;99,70;0,20;-0,60;
2026-07-27 22:07:00.0;OFF;ON;100;-3,10;-4;0,30;16,20;96,20;131,10;3,40;6;100;0,20;-0,60;
2026-07-27 22:08:00.0;OFF;ON;100;-3,20;-4;0,30;16,10;96,20;131,10;3,50;6;99,70;0,20;-0,60;
2026-07-27 22:09:00.0;OFF;ON;100;-3,10;-4;0,30;16,10;96,20;131,10;3,40;6;100;0,20;-0,60;
2026-07-27 22:10:00.0;OFF;ON;100;-3,10;-4;0,30;16;96,10;131,10;3,40;6;100;0,20;-0,60;
2026-07-27 22:11:00.0;OFF;ON;100;-3,20;-4;0,30;16;96,20;131,10;3,50;6;99,70;0,20;-0,60;
2026-07-27 22:12:00.0;OFF;ON;100;-3,10;-4;0,30;16;96,30;131,10;3,40;6;100;0,10;-0,60;
2026-07-27 22:13:00.0;OFF;ON;100;-3,20;-4;0,30;15,90;96,20;131,10;3,50;6;99,70;0,10;-0,60;
2026-07-27 22:14:00.0;OFF;ON;100;-3,10;-4;0,30;15,90;96,30;131,10;3,40;6;100;0,10;-0,70;
2026-07-27 22:15:00.0;OFF;ON;100;-3,20;-4;0,30;15,90;96,30;131,10;3,50;6;99,60;0,10;-0,70;
2026-07-27 22:16:00.0;OFF;ON;100;-3,20;-4;0,20;15,80;96,20;131,10;3,40;6;100;0,10;-0,70;
2026-07-27 22:17:00.0;OFF;ON;100;-3,10;-4;0,30;15,80;96,20;131,10;3,40;6;100;0,10;-0,70;
2026-07-27 22:18:00.0;OFF;ON;100;-3,20;-4;0,20;15,70;96,10;131,10;3,40;6;100;0,10;-0,70;
2026-07-27 22:19:00.0;OFF;ON;100;-3,20;-4;0,20;15,70;96,10;131,10;3,40;6;100;0,10;-0,70;
2026-07-27 22:20:00.0;OFF;ON;100;-3,20;-4;0,20;15,70;96,10;131,10;3,40;6;100;0,10;-0,70;
2026-07-27 22:21:00.0;OFF;ON;100;-3,30;-4;0,20;15,60;96,10;131,10;3,50;6;99,60;0,10;-0,70;
2026-07-27 22:22:00.0;OFF;ON;100;-3,30;-4;0,20;15,60;96,10;131,10;3,50;6;99,80;0,10;-0,70;
2026-07-27 22:23:00.0;OFF;ON;100;-3,30;-4;0,20;15,60;96,10;131,10;3,50;6;100;0,10;-0,70;
2026-07-27 22:24:00.0;OFF;ON;100;-3,30;-4;0,20;15,50;96,10;131,10;3,40;6;99,60;0,10;-0,70;
2026-07-27 22:25:00.0;OFF;ON;100;-3,30;-4;0,20;15,50;96,10;131,10;3,50;6;99,60;0,10;-0,70;
2026-07-27 22:26:00.0;OFF;ON;100;-3,30;-4;0,20;15,50;96,10;131,10;3,50;6;100;0;-0,70;
2026-07-27 22:27:00.0;OFF;ON;100;-3,30;-4;0,10;15,40;96,10;131,10;3,40;6;99,80;0;-0,70;
2026-07-27 22:28:00.0;OFF;ON;100;-3,20;-4;0,10;15,40;96;131,10;3,40;6;100;0;-0,70;
2026-07-27 22:29:00.0;OFF;ON;100;-3,20;-4;0,10;15,30;96,10;131,10;3,40;6;99,60;0;-0,80;
2026-07-27 22:30:00.0;OFF;ON;100;-3,30;-4;0,10;15,30;96;131,10;3,40;6;100;0;-0,80;
2026-07-27 22:31:00.0;OFF;ON;100;-3,30;-4;0,10;15,30;96;131,10;3,40;6;99,70;0;-0,80;
2026-07-27 22:32:00.0;OFF;ON;100;-3,30;-4;0,10;15,20;96;131,10;3,40;6;100;0;-0,80;
2026-07-27 22:33:00.0;OFF;ON;100;-3,30;-4;0,10;15,20;96;131,10;3,40;6;100;0;-0,80;
2026-07-27 22:34:00.0;OFF;ON;100;-3,30;-4;0,10;15,10;96;131,10;3,40;6;100;0;-0,80;
2026-07-27 22:35:00.0;OFF;ON;100;-3,30;-4;0,10;15,10;96;131,10;3,30;6;99,60;0;-0,80;
2026-07-27 22:36:00.0;OFF;ON;100;-3,40;-4;0,10;15,10;96;131,10;3,40;6;99,50;-0,10;-0,80;
2026-07-27 22:37:00.0;OFF;ON;100;-3,40;-4;0;15;96;131,10;3,40;6;99,70;-0,10;-0,80;
2026-07-27 22:38:00.0;OFF;ON;100;-3,40;-4;0;15;96;131,10;3,50;6;99,70;-0,10;-0,80;
2026-07-27 22:39:00.0;OFF;ON;100;-3,40;-4;0;15;96;131,10;3,40;6;99,60;-0,10;-0,80;
2026-07-27 22:40:00.0;OFF;ON;100;-3,50;-4;0;14,90;95,90;131,10;3,40;6;99,60;-0,10;-0,80;
2026-07-27 22:41:00.0;OFF;ON;100;-3,50;-4;0;14,90;96;131,10;3,40;6;99,50;-0,10;-0,90;
2026-07-27 22:42:00.0;OFF;ON;100;-3,40;-4;0;14,90;95,90;131,10;3,50;6;100;-0,10;-0,90;
2026-07-27 22:43:00.0;OFF;ON;100;-3,40;-4;0;14,90;95,90;131,10;3,40;6;100;-0,10;-0,90;
2026-07-27 22:44:00.0;OFF;ON;100;-3,50;-4;0;14,80;95,90;131,10;3,50;6;99,60;-0,10;-0,90;
2026-07-27 22:45:00.0;OFF;ON;100;-3,40;-4;-0,10;14,80;95,90;131,10;3,40;6;100;-0,20;-0,90;
2026-07-27 22:46:00.0;OFF;ON;100;-3,50;-4;-0,10;14,80;95,90;131,10;3,40;6;99,60;-0,20;-0,90;
2026-07-27 22:47:00.0;OFF;ON;100;-3,50;-4;-0,10;14,70;95,90;131,10;3,50;6;99,70;-0,20;-0,90;
2026-07-27 22:48:00.0;OFF;ON;100;-3,60;-4;-0,10;14,70;95,90;131,10;3,40;6;99,60;-0,20;-0,90;
2026-07-27 22:49:00.0;OFF;ON;100;-3,50;-4;-0,10;14,70;95,90;131,10;3,40;6;100;-0,20;-0,90;
2026-07-27 22:50:00.0;OFF;ON;100;-3,60;-4;-0,10;14,70;95,90;131,10;3,50;6;99,60;-0,20;-0,90;
2026-07-27 22:51:00.0;OFF;ON;100;-3,50;-4;-0,10;14,60;95,90;131,10;3,40;6;100;-0,20;-0,90;
2026-07-27 22:52:00.0;OFF;ON;100;-3,60;-4;-0,10;14,60;95,90;131,10;3,40;6;99,60;-0,20;-0,90;
2026-07-27 22:53:00.0;OFF;ON;100;-3,60;-4;-0,10;14,60;95,90;131,10;3,40;6;99,70;-0,20;-0,90;
2026-07-27 22:54:00.0;OFF;ON;100;-3,60;-4;-0,10;14,50;95,90;131,10;3,40;6;99,60;-0,20;-1;
2026-07-27 22:55:00.0;OFF;ON;100;-3,50;-4;-0,20;14,50;95,90;131,10;3,40;6;100;-0,30;-1;
2026-07-27 22:56:00.0;OFF;ON;100;-3,50;-4;-0,20;14,50;95,90;131,10;3,40;6;99,80;-0,30;-1;
2026-07-27 22:57:00.0;OFF;ON;100;-3,50;-4;-0,20;14,50;95,80;131,10;3,40;6;100;-0,30;-1;
2026-07-27 22:58:00.0;OFF;ON;100;-3,60;-4;-0,20;14,40;95,90;131,10;3,40;6;99,80;-0,30;-1;
2026-07-27 22:59:00.0;OFF;ON;100;-3,50;-4;-0,20;14,40;95,90;131,10;3,30;6;100;-0,30;-1;
2026-07-27 23:00:00.0;OFF;ON;100;-3,60;-4;-0,20;14,40;95,90;131,10;3,40;6;99,70;-0,30;-1;
2026-07-27 23:01:00.0;OFF;ON;100;-3,60;-4;-0,20;14,40;95,90;131,10;3,40;6;99,60;-0,30;-1;
2026-07-27 23:02:00.0;OFF;ON;100;-3,50;-4;-0,20;14,30;95,90;131,10;3,30;6;100;-0,30;-1;
2026-07-27 23:03:00.0;OFF;ON;100;-3,50;-4;-0,20;14,30;95,90;131,10;3,30;6;100;-0,30;-1;
2026-07-27 23:04:00.0;OFF;ON;100;-3,50;-4;-0,20;14,30;95,90;131,10;3,30;6;100;-0,30;-1;
2026-07-27 23:05:00.0;OFF;ON;100;-3,60;-4;-0,20;14,20;95,90;131,10;3,40;6;99,50;-0,30;-1;
2026-07-27 23:06:00.0;OFF;ON;100;-3,50;-4;-0,20;14,20;95,90;131,10;3,20;6;100;-0,30;-1;
2026-07-27 23:07:00.0;OFF;ON;100;-3,50;-4;-0,20;14,20;95,90;131,10;3,30;6;99,60;-0,30;-1;
2026-07-27 23:08:00.0;OFF;ON;100;-3,50;-4;-0,20;14,10;95,80;131,10;3,20;6;100;-0,30;-1;
2026-07-27 23:09:00.0;OFF;ON;100;-3,60;-4;-0,20;14,10;95,80;131,10;3,30;6;99,50;-0,30;-1;
2026-07-27 23:10:00.0;OFF;ON;100;-3,40;-4;-0,20;14,10;95,90;131,10;3,20;6;100;-0,30;-1;
2026-07-27 23:11:00.0;OFF;ON;100;-3,40;-4;-0,30;14;95,90;131,10;3,20;6;100;-0,30;-1;
2026-07-27 23:12:00.0;OFF;ON;100;-3,40;-4;-0,30;14;95,90;131,10;3,20;6;100;-0,30;-1;
2026-07-27 23:13:00.0;OFF;ON;100;-3,40;-4;-0,30;14;95,90;131,10;3,10;6;100;-0,30;-1;
2026-07-27 23:14:00.0;OFF;ON;100;-3,50;-4;-0,30;14;95,90;131,10;3,30;6;99,60;-0,30;-1;
2026-07-27 23:15:00.0;OFF;ON;100;-3,50;-4;-0,30;13,90;95,90;131,10;3,30;6;99,60;-0,40;-1;
2026-07-27 23:16:00.0;OFF;ON;100;-3,40;-4;-0,30;13,90;95,90;131,10;3,20;6;100;-0,40;-1;
2026-07-27 23:17:00.0;OFF;ON;100;-3,40;-4;-0,30;13,90;95,90;131,10;3,10;6;100;-0,40;-1;
2026-07-27 23:18:00.0;OFF;ON;100;-3,40;-4;-0,30;13,90;95,90;131,10;3,20;6;100;-0,40;-1;
2026-07-27 23:19:00.0;OFF;ON;100;-3,50;-4;-0,30;13,80;95,80;131,10;3,10;6;100;-0,40;-1;
2026-07-27 23:20:00.0;OFF;ON;100;-3,60;-4;-0,30;13,80;95,80;131,10;3,30;6;99,60;-0,40;-1;
2026-07-27 23:21:00.0;OFF;ON;100;-3,40;-4;-0,30;13,80;95,80;131;3,10;6;100;-0,40;-1;
2026-07-27 23:22:00.0;OFF;ON;100;-3,50;-4;-0,30;13,70;95,80;131;3,20;6;99,70;-0,40;-1;
2026-07-27 23:23:00.0;OFF;ON;100;-3,40;-4;-0,30;13,70;95,80;131;3,10;6;100;-0,40;-1;
2026-07-27 23:24:00.0;OFF;ON;100;-3,40;-4;-0,30;13,70;95,90;131;3,10;6;100;-0,40;-1;
2026-07-27 23:25:00.0;OFF;ON;100;-3,40;-4;-0,30;13,70;95,90;131;3,10;6;100;-0,40;-1;
2026-07-27 23:26:00.0;OFF;ON;100;-3,50;-4;-0,30;13,60;95,90;131,10;3,10;6;99,60;-0,40;-1;
2026-07-27 23:27:00.0;OFF;ON;100;-3,50;-4;-0,30;13,60;95,90;131;3,10;6;99,60;-0,40;-1;
2026-07-27 23:28:00.0;OFF;ON;100;-3,50;-4;-0,30;13,60;95,90;131,10;3,10;6;99,60;-0,40;-1;
2026-07-27 23:29:00.0;OFF;ON;100;-3,40;-4;-0,30;13,50;95,90;131;3,10;6;99,60;-0,40;-1;
2026-07-27 23:30:00.0;OFF;ON;100;-3,40;-4;-0,30;13,50;95,90;131;3,10;6;99,50;-0,40;-1;
2026-07-27 23:31:00.0;OFF;ON;100;-3,30;-4;-0,30;13,50;95,90;131;3;6;100;-0,40;-1;
2026-07-27 23:32:00.0;OFF;ON;100;-3,30;-4;-0,30;13,50;95,90;131;3;6;100;-0,40;-1;
2026-07-27 23:33:00.0;OFF;ON;100;-3,40;-4;-0,30;13,40;95,90;131;3,10;6;99,60;-0,40;-1;
2026-07-27 23:34:00.0;OFF;ON;100;-3,40;-4;-0,30;13,40;95,90;131;3,10;6;99,70;-0,40;-1;
2026-07-27 23:35:00.0;OFF;ON;100;-3,40;-4;-0,30;13,40;95,90;131;3;6;100;-0,40;-1;
2026-07-27 23:36:00.0;OFF;ON;100;-3,30;-4;-0,30;13,30;95,80;131;3;6;100;-0,40;-1;
2026-07-27 23:37:00.0;OFF;ON;100;-3,40;-4;-0,30;13,30;95,90;131;3,10;6;99,60;-0,40;-1;
2026-07-27 23:38:00.0;OFF;ON;100;-3,30;-4;-0,30;13,30;95,90;131;3;6;100;-0,40;-1;
2026-07-27 23:39:00.0;OFF;ON;100;-3,30;-4;-0,30;13,30;95,90;131;3;6;100;-0,40;-1;
2026-07-27 23:40:00.0;OFF;ON;100;-3,30;-4;-0,30;13,20;95,80;131;3;6;100;-0,40;-1;
2026-07-27 23:41:00.0;OFF;ON;100;-3,40;-4;-0,30;13,20;95,90;131;3,10;6;99,60;-0,40;-1;
2026-07-27 23:42:00.0;OFF;ON;100;-3,30;-4;-0,30;13,20;95,80;131;3;6;100;-0,50;-1;
2026-07-27 23:43:00.0;OFF;ON;100;-3,30;-4;-0,30;13,10;95,90;131;3;6;100;-0,50;-1;
2026-07-27 23:44:00.0;OFF;ON;100;-3,40;-4;-0,40;13,10;95,80;131;3,10;6;99,60;-0,50;-1;
2026-07-27 23:45:00.0;OFF;ON;100;-3,40;-4;-0,40;13,10;95,90;131;3;6;99,60;-0,50;-1;
2026-07-27 23:46:00.0;OFF;ON;100;-3,30;-4;-0,40;13,10;95,90;131;3;6;100;-0,50;-1;
2026-07-27 23:47:00.0;OFF;ON;100;-3,40;-4;-0,40;13;95,80;131;3,10;6;99,70;-0,50;-1;
2026-07-27 23:48:00.0;OFF;ON;100;-3,40;-4;-0,40;13;95,80;131;3;6;99,70;-0,50;-1;
2026-07-27 23:49:00.0;OFF;ON;100;-3,40;-4;-0,40;13;95,80;131;3;6;99,60;-0,50;-1;
2026-07-27 23:50:00.0;OFF;ON;100;-3,40;-4;-0,40;12,90;95,80;131;3;6;99,70;-0,50;-1;
2026-07-27 23:51:00.0;OFF;ON;100;-3,40;-4;-0,40;12,90;95,80;131;3;6;99,60;-0,50;-1;
2026-07-27 23:52:00.0;OFF;ON;100;-3,40;-4;-0,40;12,90;95,80;131;3;6;99,60;-0,50;-1;
2026-07-27 23:53:00.0;OFF;ON;100;-3,30;-4;-0,40;12,90;95,80;131;3;6;100;-0,50;-1;
2026-07-27 23:54:00.0;OFF;ON;100;-3,30;-4;-0,40;12,80;95,80;131;3;6;100;-0,50;-1;
2026-07-27 23:55:00.0;OFF;ON;100;-3,40;-4;-0,40;12,80;95,80;131;3;6;99,70;-0,50;-1;
2026-07-27 23:56:00.0;OFF;ON;100;-3,40;-4;-0,40;12,80;95,80;131;3;6;99,60;-0,50;-1;
2026-07-27 23:57:00.0;OFF;ON;100;-3,30;-4;-0,40;12,80;95,80;131;3;6;100;-0,50;-1;
2026-07-27 23:58:00.0;OFF;ON;100;-3,30;-4;-0,40;12,70;95,80;131;2,90;6;100;-0,50;-1;
2026-07-27 23:59:00.0;OFF;ON;100;-3,30;-4;-0,40;12,70;95,80;131;2,90;6;100;-0,50;-1;
