CamCarcacas2;
2026-07-28 00:00;2026-07-29 00:00;
12144 Frigorífico Thoms;
ayron.costa;
" ";CPCO 51 - Câmara de carcaças - Controle de temperatura 1;CPCO 51 - Câmara de carcaças - Controle de temperatura 1;CPCO 51 - Câmara de carcaças - Controle de temperatura 1;CPCO 51 - Câmara de carcaças - Controle de temperatura 1;CPCO 51 - Câmara de carcaças - Controle de temperatura 1;CPCO 51 - Câmara de carcaças - Controle de temperatura 1;CPCO 52 - Câmara de carcaças - Controle de temperatura 2;CPCO 52 - Câmara de carcaças - Controle de temperatura 2;CPCO 53 - Balança;CPCO 51 - Câmara de carcaças - Controle de temperatura 1;CPCO 51 - Câmara de carcaças - Controle de temperatura 1;CPCO 51 - Câmara de carcaças - Controle de temperatura 1;CPCO 51 - Câmara de carcaças - Controle de temperatura 1;CPCO 54 - Câmara de carcaças - Controle de temperatura 3;
" ";Carregamento;Resfriamento;Saida Y1 - Ventiladores EC;Temp entrada glicol;Temp ref;Temp retorno ar;Temperatuda espeto;Umidade relativa da camara;Peso atual;DT Atual;DT ref;Cap Atual Valvula;Temp retorno ar M1A08;Temp Insuf de ar M1A08;" ";
2026-07-28 00:00:00.0;OFF;ON;100;-3,40;-4;-0,40;12,70;95,80;131;3;6;99,80;-0,50;-1;
2026-07-28 00:01:00.0;OFF;ON;100;-3,40;-4;-0,40;12,60;95,80;131;3;6;99,60;-0,50;-1;
2026-07-28 00:02:00.0;OFF;ON;100;-3,40;-4;-0,40;12,60;95,80;131;3;6;99,60;-0,50;-1;
2026-07-28 00:03:00.0;OFF;ON;100;-3,40;-4;-0,40;12,60;95,80;131;3;6;99,90;-0,50;-1;
2026-07-28 00:04:00.0;OFF;ON;100;-3,30;-4;-0,40;12,60;95,80;131;2,90;6;100;-0,60;-1,10;
2026-07-28 00:05:00.0;OFF;ON;100;-3,40;-4;-0,40;12,50;95,80;131;3;6;99,50;-0,60;-1;
2026-07-28 00:06:00.0;OFF;ON;100;-3,40;-4;-0,40;12,50;95,80;131;3;6;99,60;-0,60;-1,10;
2026-07-28 00:07:00.0;OFF;ON;100;-3,40;-4;-0,40;12,50;95,80;131;3;6;99,60;-0,60;-1,10;
2026-07-28 00:08:00.0;OFF;ON;100;-3,40;-4;-0,40;12,50;95,80;131;3;6;99,50;-0,60;-1,10;
2026-07-28 00:09:00.0;OFF;ON;100;-3,30;-4;-0,40;12,40;95,80;131;2,90;6;100;-0,60;-1,10;
2026-07-28 00:10:00.0;OFF;ON;100;-3,40;-4;-0,40;12,40;95,80;131;2,90;6;99,90;-0,60;-1,10;
2026-07-28 00:11:00.0;OFF;ON;100;-3,40;-4;-0,40;12,30;95,80;131;3;6;99,60;-0,60;-1,10;
2026-07-28 00:12:00.0;OFF;ON;100;-3,40;-4;-0,40;12,30;95,70;131;3;6;99,70;-0,60;-1,10;
2026-07-28 00:13:00.0;OFF;ON;100;-3,40;-4;-0,40;12,30;95,70;131;3;6;99,50;-0,60;-1,10;
2026-07-28 00:14:00.0;OFF;ON;100;-3,40;-4;-0,40;12,30;95,70;131;3;6;99,60;-0,60;-1,10;
2026-07-28 00:15:00.0;OFF;ON;100;-3,40;-4;-0,40;12,20;95,80;131;3;6;99,60;-0,60;-1,10;
2026-07-28 00:16:00.0;OFF;ON;100;-3,40;-4;-0,40;12,20;95,70;131;3;6;99,60;-0,60;-1,10;
2026-07-28 00:17:00.0;OFF;ON;100;-3,40;-4;-0,40;12,20;95,70;131;3;6;99,60;-0,60;-1,10;
2026-07-28 00:18:00.0;OFF;ON;100;-3,40;-4;-0,40;12,10;95,70;131;3;6;99,60;-0,60;-1,10;
2026-07-28 00:19:00.0;OFF;ON;100;-3,30;-4;-0,40;12,10;95,70;131;2,90;6;100;-0,60;-1,10;
2026-07-28 00:20:00.0;OFF;ON;100;-3,30;-4;-0,40;12,10;95,70;131;2,90;6;100;-0,60;-1,10;
2026-07-28 00:21:00.0;OFF;ON;100;-3,40;-4;-0,50;12,10;95,70;131;2,90;6;99,80;-0,60;-1,10;
2026-07-28 00:22:00.0;OFF;ON;100;-3,30;-4;-0,50;12;95,70;131;2,90;6;100;-0,60;-1,10;
2026-07-28 00:23:00.0;OFF;ON;100;-3,40;-4;-0,50;12;95,70;131;3;6;99,60;-0,60;-1,10;
2026-07-28 00:24:00.0;OFF;ON;100;-3,40;-4;-0,50;12;95,70;130,90;2,90;6;99,70;-0,60;-1,10;
2026-07-28 00:25:00.0;OFF;ON;100;-3,30;-4;-0,50;11,90;95,70;130,90;2,90;6;100;-0,60;-1,10;
2026-07-28 00:26:00.0;OFF;ON;100;-3,30;-4;-0,50;11,90;95,70;130,90;2,80;6;100;-0,60;-1,10;
2026-07-28 00:27:00.0;OFF;ON;100;-3,30;-4;-0,50;11,90;95,80;130,90;2,90;6;100;-0,70;-1,10;
2026-07-28 00:28:00.0;OFF;ON;100;-3,40;-4;-0,50;11,90;95,80;131;2,90;6;99,60;-0,60;-1,10;
2026-07-28 00:29:00.0;OFF;ON;100;-3,40;-4;-0,50;11,80;95,80;131;2,90;6;99,70;-0,60;-1,10;
2026-07-28 00:30:00.0;OFF;ON;100;-3,30;-4;-0,50;11,80;95,80;130,90;2,80;6;100;-0,70;-1,10;
2026-07-28 00:31:00.0;OFF;ON;100;-3,40;-4;-0,50;11,80;95,70;130,90;2,90;6;99,70;-0,70;-1,10;
2026-07-28 00:32:00.0;OFF;ON;100;-3,40;-4;-0,50;11,70;95,80;130,90;2,90;6;99,80;-0,70;-1,10;
2026-07-28 00:33:00.0;OFF;ON;100;-3,40;-4;-0,50;11,70;95,70;130,90;2,90;6;99,60;-0,70;-1,10;
2026-07-28 00:34:00.0;OFF;ON;100;-3,30;-4;-0,50;11,70;95,80;130,90;2,80;6;99,80;-0,70;-1,10;
2026-07-28 00:35:00.0;OFF;ON;100;-3,30;-4;-0,50;11,70;95,70;130,90;2,80;6;100;-0,70;-1,10;
2026-07-28 00:36:00.0;OFF;ON;100;-3,40;-4;-0,50;11,60;95,70;130,90;2,90;6;99,70;-0,70;-1,10;
2026-07-28 00:37:00.0;OFF;ON;100;-3,30;-4;-0,50;11,60;95,80;130,90;2,80;6;100;-0,70;-1,10;
2026-07-28 00:38:00.0;OFF;ON;100;-3,40;-4;-0,50;11,60;95,80;130,90;2,80;6;99,80;-0,70;-1,10;
2026-07-28 00:39:00.0;OFF;ON;100;-3,40;-4;-0,50;11,50;95,70;130,90;2,80;6;99,80;-0,70;-1,10;
2026-07-28 00:40:00.0;OFF;ON;100;-3,30;-4;-0,50;11,50;95,70;130,90;2,80;6;100;-0,70;-1,10;
2026-07-28 00:41:00.0;OFF;ON;100;-3,40;-4;-0,50;11,50;95,70;130,90;2,90;6;99,50;-0,70;-1,10;
2026-07-28 00:42:00.0;OFF;ON;100;-3,40;-4;-0,50;11,50;95,70;130,90;2,80;6;99,80;-0,70;-1,10;
2026-07-28 00:43:00.0;OFF;ON;100;-3,40;-4;-0,60;11,40;95,70;130,90;2,80;6;99,70;-0,70;-1,10;
2026-07-28 00:44:00.0;OFF;ON;100;-3,30;-4;-0,60;11,40;95,70;130,90;2,70;6;100;-0,70;-1,10;
2026-07-28 00:45:00.0;OFF;ON;100;-3,40;-4;-0,60;11,40;95,80;130,90;2,80;6;99,60;-0,70;-1,10;
2026-07-28 00:46:00.0;OFF;ON;100;-3,30;-4;-0,60;11,30;95,70;130,90;2,70;6;100;-0,70;-1,10;
2026-07-28 00:47:00.0;OFF;ON;100;-3,40;-4;-0,50;11,30;95,80;130,90;2,90;6;99,70;-0,70;-1,10;
2026-07-28 00:48:00.0;OFF;ON;100;-3,30;-4;-0,50;11,30;95,70;130,90;2,80;6;100;-0,70;-1,10;
2026-07-28 00:49:00.0;OFF;ON;100;-3,40;-4;-0,50;11,30;95,80;130,90;2,80;6;99,70;-0,70;-1,10;
2026-07-28 00:50:00.0;OFF;ON;100;-3,30;-4;-0,60;11,20;95,70;130,90;2,80;6;100;-0,70;-1,10;
2026-07-28 00:51:00.0;OFF;ON;100;-3,40;-4;-0,60;11,20;95,80;130,90;2,80;6;100;-0,80;-1,10;
2026-07-28 00:52:00.0;OFF;ON;100;-3,40;-4;-0,60;11,20;95,80;130,90;2,80;6;99,70;-0,80;-1,10;
2026-07-28 00:53:00.0;OFF;ON;100;-3,30;-4;-0,60;11,20;95,70;130,90;2,80;6;100;-0,80;-1,10;
2026-07-28 00:54:00.0;OFF;ON;100;-3,30;-4;-0,60;11,10;95,80;130,90;2,70;6;100;-0,80;-1,20;
2026-07-28 00:55:00.0;OFF;ON;100;-3,30;-4;-0,60;11,10;95,70;130,90;2,70;6;100;-0,80;-1,20;
2026-07-28 00:56:00.0;OFF;ON;100;-3,40;-4;-0,60;11,10;95,80;130,90;2,80;6;99,60;-0,80;-1,20;
2026-07-28 00:57:00.0;OFF;ON;100;-3,30;-4;-0,60;11;95,70;130,90;2,70;6;100;-0,80;-1,20;
2026-07-28 00:58:00.0;OFF;ON;100;-3,30;-4;-0,60;11;95,70;130,90;2,70;6;100;-0,80;-1,20;
2026-07-28 00:59:00.0;OFF;ON;100;-3,40;-4;-0,70;11;95,70;130,90;2,80;6;99,60;-0,80;-1,20;
2026-07-28 01:00:00.0;OFF;ON;100;-3,30;-4;-0,70;10,90;95,70;130,90;2,70;6;100;-0,80;-1,20;
2026-07-28 01:01:00.0;OFF;ON;100;-3,40;-4;-0,70;10,90;95,70;130,90;2,70;6;99,60;-0,80;-1,20;
2026-07-28 01:02:00.0;OFF;ON;100;-3,40;-4;-0,70;10,90;95,70;130,90;2,70;6;99,80;-0,80;-1,20;
2026-07-28 01:03:00.0;OFF;ON;100;-3,30;-4;-0,70;10,90;95,70;130,90;2,60;6;100;-0,80;-1,20;
2026-07-28 01:04:00.0;OFF;ON;100;-3,30;-4;-0,70;10,80;95,70;130,90;2,60;6;100;-0,80;-1,20;
2026-07-28 01:05:00.0;OFF;ON;100;-3,40;-4;-0,70;10,80;95,70;130,90;2,70;6;100;-0,80;-1,20;
2026-07-28 01:06:00.0;OFF;ON;100;-3,40;-4;-0,70;10,80;95,70;130,90;2,70;6;99,60;-0,80;-1,20;
2026-07-28 01:07:00.0;OFF;ON;100;-3,30;-4;-0,70;10,70;95,70;130,90;2,60;6;100;-0,80;-1,20;
2026-07-28 01:08:00.0;OFF;ON;100;-3,30;-4;-0,70;10,70;95,70;130,90;2,60;6;100;-0,80;-1,20;
2026-07-28 01:09:00.0;OFF;ON;100;-3,40;-4;-0,70;10,70;95,70;130,90;2,70;6;99,60;-0,80;-1,20;
2026-07-28 01:10:00.0;OFF;ON;100;-3,30;-4;-0,70;10,70;95,70;130,90;2,60;6;100;-0,80;-1,20;
2026-07-28 01:11:00.0;OFF;ON;100;-3,40;-4;-0,70;10,60;95,70;130,90;2,70;6;99,70;-0,80;-1,20;
2026-07-28 01:12:00.0;OFF;ON;100;-3,40;-4;-0,70;10,60;95,70;130,90;2,70;6;99,60;-0,80;-1,20;
2026-07-28 01:13:00.0;OFF;ON;100;-3,40;-4;-0,80;10,60;95,70;130,90;2,70;6;99,60;-0,80;-1,20;
2026-07-28 01:14:00.0;OFF;ON;100;-3,40;-4;-0,80;10,50;95,70;130,90;2,60;6;99,80;-0,90;-1,20;
2026-07-28 01:15:00.0;OFF;ON;100;-3,40;-4;-0,80;10,50;95,60;130,90;2,60;6;100;-0,90;-1,20;
2026-07-28 01:16:00.0;OFF;ON;100;-3,40;-4;-0,80;10,50;95,70;130,90;2,60;6;100;-0,90;-1,20;
2026-07-28 01:17:00.0;OFF;ON;100;-3,40;-4;-0,80;10,50;95,70;130,90;2,60;6;100;-0,90;-1,20;
2026-07-28 01:18:00.0;OFF;ON;100;-3,40;-4;-0,80;10,40;95,70;130,90;2,70;6;99,60;-0,90;-1,20;
2026-07-28 01:19:00.0;OFF;ON;100;-3,30;-4;-0,80;10,40;95,70;130,90;2,60;6;100;-0,90;-1,20;
2026-07-28 01:20:00.0;OFF;ON;100;-3,40;-4;-0,80;10,40;95,70;130,90;2,60;6;99,60;-0,90;-1,20;
2026-07-28 01:21:00.0;OFF;ON;100;-3,30;-4;-0,80;10,30;95,80;130,90;2,50;6;100;-0,90;-1,20;
2026-07-28 01:22:00.0;OFF;ON;100;-3,40;-4;-0,80;10,30;95,70;130,90;2,60;6;99,80;-0,90;-1,20;
2026-07-28 01:23:00.0;OFF;ON;100;-3,40;-4;-0,80;10,30;95,70;130,90;2,60;6;99,60;-0,90;-1,20;
2026-07-28 01:24:00.0;OFF;ON;100;-3,40;-4;-0,80;10,30;95,70;130,90;2,60;6;99,60;-0,90;-1,20;
2026-07-28 01:25:00.0;OFF;ON;100;-3,30;-4;-0,80;10,20;95,70;130,90;2,50;6;100;-0,90;-1,20;
2026-07-28 01:26:00.0;OFF;ON;100;-3,40;-4;-0,80;10,20;95,70;130,90;2,60;6;99,60;-0,90;-1,20;
2026-07-28 01:27:00.0;OFF;ON;100;-3,30;-4;-0,80;10,20;95,80;130,90;2,50;6;100;-0,90;-1,20;
2026-07-28 01:28:00.0;OFF;ON;100;-3,30;-4;-0,80;10,10;95,70;130,90;2,50;6;100;-0,90;-1,20;
2026-07-28 01:29:00.0;OFF;ON;100;-3,40;-4;-0,80;10,10;95,70;130,90;2,60;6;99,60;-0,90;-1,20;
2026-07-28 01:30:00.0;OFF;ON;100;-3,40;-4;-0,80;10,10;95,70;130,90;2,60;6;99,60;-0,90;-1,20;
2026-07-28 01:31:00.0;OFF;ON;100;-3,30;-4;-0,80;10,10;95,70;130,90;2,50;6;100;-0,90;-1,20;
2026-07-28 01:32:00.0;OFF;ON;100;-3,40;-4;-0,80;10;95,70;130,90;2,60;6;99,70;-0,90;-1,20;
2026-07-28 01:33:00.0;OFF;ON;100;-3,30;-4;-0,80;10;95,70;130,90;2,50;6;100;-0,90;-1,30;
2026-07-28 01:34:00.0;OFF;ON;100;-3,30;-4;-0,80;10;95,60;130,90;2,50;6;100;-0,90;-1,30;
2026-07-28 01:35:00.0;OFF;ON;100;-3,30;-4;-0,80;10;95,70;77,10;2,50;6;100;-0,90;-1,30;
2026-07-28 01:36:00.0;OFF;ON;100;-3,30;-4;-0,80;9,90;95,80;73,80;2,50;6;100;-0,80;-1,30;
2026-07-28 01:37:00.0;OFF;ON;100;-3,20;-4;-0,80;9,90;95,80;74,30;2,40;6;100;-0,90;-1,20;
2026-07-28 01:38:00.0;OFF;ON;100;-3,30;-4;-0,80;10;95,80;74,60;2,40;6;100;-0,90;-1,20;
2026-07-28 01:39:00.0;OFF;ON;100;-3,20;-4;-0,80;9,90;95,80;74,70;2,40;6;100;-0,90;-1,20;
2026-07-28 01:40:00.0;OFF;ON;100;-3,30;-4;-0,80;9,90;95,80;74,80;2,50;6;100;-0,90;-1,20;
2026-07-28 01:41:00.0;OFF;ON;100;-3,30;-4;-0,80;9,90;95,80;75;2,40;6;100;-0,90;-1,20;
2026-07-28 01:42:00.0;OFF;ON;100;-3,30;-4;-0,80;9,90;95,80;75,10;2,40;6;100;-0,90;-1,20;
2026-07-28 01:43:00.0;OFF;ON;100;-3,30;-4;-0,90;9,80;95,70;75,20;2,50;6;100;-0,90;-1,20;
2026-07-28 01:44:00.0;OFF;ON;100;-3,30;-4;-0,80;9,80;95,70;75,20;2,50;6;100;-1;-1,20;
2026-07-28 01:45:00.0;OFF;ON;100;-3,30;-4;-0,80;9,80;95,70;75,30;2,60;6;100;-1;-1,30;
2026-07-28 01:46:00.0;OFF;ON;100;-3,40;-4;-0,80;9,80;95,70;75,30;2,60;6;99,70;-1;-1,30;
2026-07-28 01:47:00.0;OFF;ON;100;-3,40;-4;-0,80;9,70;95,60;75,40;2,60;6;99,60;-1;-1,30;
2026-07-28 01:48:00.0;OFF;ON;100;-3,30;-4;-0,80;9,70;95,70;75,40;2,60;6;100;-1;-1,30;
2026-07-28 01:49:00.0;OFF;ON;100;-3,30;-4;-0,80;9,70;95,70;75,50;2,60;6;100;-1;-1,30;
2026-07-28 01:50:00.0;OFF;ON;100;-3,40;-4;-0,80;9,60;95,60;75,50;2,60;6;99,70;-1;-1,30;
2026-07-28 01:51:00.0;OFF;ON;100;-3,40;-4;-0,80;9,60;95,60;75,50;2,60;6;99,70;-1;-1,30;
2026-07-28 01:52:00.0;OFF;ON;100;-3,30;-4;-0,80;9,60;95,60;75,60;2,50;6;100;-1;-1,30;
2026-07-28 01:53:00.0;OFF;ON;100;-3,40;-4;-0,80;9,60;95,60;75,60;2,60;6;99,60;-1;-1,30;
2026-07-28 01:54:00.0;OFF;ON;100;-3,40;-4;-0,80;9,50;95,60;75,60;2,60;6;99,70;-1;-1,30;
2026-07-28 01:55:00.0;OFF;ON;100;-3,40;-4;-0,80;9,50;95,60;75,60;2,60;6;100;-1;-1,30;
2026-07-28 01:56:00.0;OFF;ON;100;-3,40;-4;-0,80;9,50;95,60;75,70;2,60;6;99,90;-1;-1,30;
2026-07-28 01:57:00.0;OFF;ON;100;-3,30;-4;-0,80;9,50;95,60;75,70;2,50;6;100;-1;-1,30;
2026-07-28 01:58:00.0;OFF;ON;100;-3,30;-4;-0,80;9,40;95,70;75,80;2,50;6;100;-1;-1,30;
2026-07-28 01:59:00.0;OFF;ON;100;-3,40;-4;-0,80;9,40;95,60;75,80;2,50;6;100;-1;-1,30;
2026-07-28 02:00:00.0;OFF;ON;100;-3,40;-4;-0,80;9,40;95,70;75,80;2,60;6;99,70;-1;-1,30;
2026-07-28 02:01:00.0;OFF;ON;100;-3,40;-4;-0,80;9,40;95,70;75,80;2,60;6;99,60;-1,10;-1,30;
2026-07-28 02:02:00.0;OFF;ON;100;-3,40;-4;-0,80;9,30;95,70;75,90;2,60;6;99,60;-1,10;-1,30;
2026-07-28 02:03:00.0;OFF;ON;100;-3,30;-4;-0,80;9,30;95,70;75,90;2,50;6;100;-1;-1,30;
2026-07-28 02:04:00.0;OFF;ON;100;-3,40;-4;-0,80;9,30;95,60;75,90;2,60;6;99,70;-1,10;-1,30;
2026-07-28 02:05:00.0;OFF;ON;100;-3,40;-4;-0,80;9,30;95,60;75,90;2,60;6;99,60;-1,10;-1,30;
2026-07-28 02:06:00.0;OFF;ON;100;-3,30;-4;-0,80;9,20;95,70;75,90;2,50;6;100;-1,10;-1,30;
2026-07-28 02:07:00.0;OFF;ON;100;-3,40;-4;-0,80;9,20;95,70;75,90;2,60;6;99,60;-1,10;-1,30;
2026-07-28 02:08:00.0;OFF;ON;100;-3,30;-4;-0,80;9,20;95,60;75,90;2,50;6;100;-1,10;-1,30;
2026-07-28 02:09:00.0;OFF;ON;100;-3,30;-4;-0,80;9,20;95,70;76;2,50;6;100;-1,10;-1,30;
2026-07-28 02:10:00.0;OFF;ON;100;-3,40;-4;-0,80;9,10;95,70;76;2,60;6;99,70;-1,10;-1,30;
2026-07-28 02:11:00.0;OFF;ON;100;-3,30;-4;-0,90;9,10;95,60;76;2,40;6;100;-1,10;-1,30;
2026-07-28 02:12:00.0;OFF;ON;100;-3,30;-4;-0,90;9,10;95,70;76;2,50;6;100;-1,10;-1,30;
2026-07-28 02:13:00.0;OFF;ON;100;-3,30;-4;-0,90;9,10;95,70;76,10;2,50;6;100;-1,10;-1,30;
2026-07-28 02:14:00.0;OFF;ON;100;-3,40;-4;-0,90;9;95,70;76;2,60;6;99,70;-1,10;-1,30;
2026-07-28 02:15:00.0;OFF;ON;100;-3,30;-4;-0,90;9;95,60;76;2,50;6;100;-1,10;-1,30;
2026-07-28 02:16:00.0;OFF;ON;100;-3,40;-4;-0,90;9;95,70;76,10;2,50;6;99,60;-1,10;-1,30;
2026-07-28 02:17:00.0;OFF;ON;100;-3,30;-4;-0,90;9;95,70;76;2,40;6;100;-1,10;-1,30;
2026-07-28 02:18:00.0;OFF;ON;100;-3,40;-4;-0,90;8,90;95,70;76,10;2,50;6;99,70;-1,10;-1,30;
2026-07-28 02:19:00.0;OFF;ON;100;-3,40;-4;-0,90;8,90;95,70;76,10;2,50;6;99,60;-1,10;-1,30;
2026-07-28 02:20:00.0;OFF;ON;100;-3,30;-4;-0,90;8,90;95,70;76,20;2,40;6;100;-1,10;-1,30;
2026-07-28 02:21:00.0;OFF;ON;100;-3,30;-4;-0,90;8,90;95,70;76,10;2,40;6;100;-1,10;-1,30;
2026-07-28 02:22:00.0;OFF;ON;100;-3,70;-4;-0,90;8,80;95,60;76,20;2,80;6;99,10;-1,10;-1,30;
2026-07-28 02:23:00.0;OFF;ON;100;-4;-4;-1;8,80;95,50;76,20;3;6;98,40;-1,10;-1,40;
2026-07-28 02:24:00.0;OFF;ON;100;-3,60;-4;-1;8,80;95,30;76,20;2,60;6;99,80;-1,20;-1,50;
2026-07-28 02:25:00.0;OFF;ON;100;-3,40;-4;-1;8,80;95,10;76,20;2,40;6;100;-1,20;-1,50;
2026-07-28 02:26:00.0;OFF;ON;100;-3,30;-4;-0,90;8,70;95,30;76,20;2,40;6;99,60;-1,20;-1,40;
2026-07-28 02:27:00.0;OFF;ON;100;-3,20;-4;-0,90;8,70;95,60;76,20;2,30;6;100;-1,10;-1,40;
2026-07-28 02:28:00.0;OFF;ON;100;-3,20;-4;-0,90;8,70;95,80;76,20;2,30;6;99,70;-1,10;-1,30;
2026-07-28 02:29:00.0;OFF;ON;100;-3,10;-4;-0,90;8,70;95,80;76,20;2,20;6;99,60;-1,10;-1,30;
2026-07-28 02:30:00.0;OFF;ON;100;-3;-4;-0,90;8,70;95,90;76,20;2,20;6;100;-1,10;-1,20;
2026-07-28 02:31:00.0;OFF;ON;100;-3;-4;-0,80;8,60;95,90;76,30;2,20;6;99,70;-1,10;-1,20;
2026-07-28 02:32:00.0;OFF;ON;100;-3;-4;-0,80;8,60;96;76,30;2,20;6;99,60;-1;-1,20;
2026-07-28 02:33:00.0;OFF;ON;100;-3,40;-4;-0,80;8,60;96;76,30;2,60;6;98,40;-1;-1,20;
2026-07-28 02:34:00.0;OFF;ON;100;-3,50;-4;-0,90;8,60;95,90;76,20;2,60;6;98,70;-1,10;-1,30;
2026-07-28 02:35:00.0;OFF;ON;100;-3,50;-4;-1;8,50;95,70;76,20;2,50;6;99,20;-1,10;-1,40;
2026-07-28 02:36:00.0;OFF;ON;100;-3,40;-4;-1;8,50;95,50;76;2,40;6;100;-1,20;-1,40;
2026-07-28 02:37:00.0;OFF;ON;100;-3,40;-4;-0,90;8,50;95,60;76;2,50;6;100;-1,20;-1,40;
2026-07-28 02:38:00.0;OFF;ON;100;-3,30;-4;-0,90;8,50;95,80;75,90;2,40;6;100;-1,20;-1,40;
2026-07-28 02:39:00.0;OFF;ON;100;-3,40;-4;-0,90;8,40;95,80;76;2,50;6;99,60;-1,20;-1,40;
2026-07-28 02:40:00.0;OFF;ON;100;-3,30;-4;-0,90;8,40;95,70;75,90;2,40;6;100;-1,20;-1,40;
2026-07-28 02:41:00.0;OFF;ON;100;-3,40;-4;-0,90;8,40;95,60;75,90;2,40;6;100;-1,20;-1,40;
2026-07-28 02:42:00.0;OFF;ON;100;-3,40;-4;-0,90;8,40;95,50;75,90;2,40;6;100;-1,20;-1,40;
2026-07-28 02:43:00.0;OFF;ON;100;-3,40;-4;-1;8,30;95,50;76;2,40;6;100;-1,20;-1,40;
2026-07-28 02:44:00.0;OFF;ON;100;-3,50;-4;-0,90;7,90;95,50;80,50;2,60;6;99,60;-1,20;-1,40;
2026-07-28 02:45:00.0;OFF;ON;100;-3,50;-4;-0,90;8;95,80;74,80;2,60;6;99,70;-1,20;-1,40;
2026-07-28 02:46:00.0;OFF;ON;100;-3,40;-4;-0,80;8;96,30;73,80;2,50;6;99,70;-1,20;-1,40;
2026-07-28 02:47:00.0;OFF;ON;100;-3,40;-4;-0,80;8,20;96,50;74,20;2,50;6;99,70;-1,20;-1,40;
2026-07-28 02:48:00.0;OFF;ON;100;-3,30;-4;-0,90;8,30;96,20;74,10;2,50;6;99,70;-1,20;-1,30;
2026-07-28 02:49:00.0;OFF;ON;100;-3,30;-4;-0,90;8,30;95,80;74;2,40;6;100;-1,20;-1,30;
2026-07-28 02:50:00.0;OFF;ON;100;-3,30;-4;-1;8,20;95,70;74;2,40;6;100;-1,20;-1,30;
2026-07-28 02:51:00.0;OFF;ON;100;-3,40;-4;-1;8,10;95,50;74,20;2,40;6;99,60;-1,20;-1,40;
2026-07-28 02:52:00.0;OFF;ON;100;-3,30;-4;-1;8;95,40;74;2,30;6;100;-1,20;-1,40;
2026-07-28 02:53:00.0;OFF;ON;100;-3,40;-4;-1;8;95,30;74;2,40;6;100;-1,20;-1,40;
2026-07-28 02:54:00.0;OFF;ON;100;-3,30;-4;-0,90;7,90;95,70;74,30;2,40;6;100;-1,20;-1,40;
2026-07-28 02:55:00.0;OFF;ON;100;-3,40;-4;-0,80;7,90;96,10;73,50;2,60;6;99,70;-1,20;-1,40;
2026-07-28 02:56:00.0;OFF;ON;100;-3,20;-4;-0,80;7,80;96,40;73,40;2,40;6;100;-1,20;-1,40;
2026-07-28 02:57:00.0;OFF;ON;100;-3,20;-4;-0,80;7,80;96,50;73,30;2,40;6;100;-1,20;-1,40;
2026-07-28 02:58:00.0;OFF;ON;100;-3,20;-4;-0,80;7,70;96,60;73,10;2,40;6;100;-1,20;-1,30;
2026-07-28 02:59:00.0;OFF;ON;100;-3,20;-4;-0,80;7,70;96,30;73,20;2,40;6;100;-1,20;-1,30;
2026-07-28 03:00:00.0;OFF;ON;100;-3,30;-4;-0,90;7,60;95,80;73,20;2,40;6;99,60;-1,20;-1,30;
2026-07-28 03:01:00.0;OFF;ON;100;-3,30;-4;-0,90;7,60;95,50;73,20;2,30;6;100;-1,20;-1,30;
2026-07-28 03:02:00.0;OFF;ON;100;-3,30;-4;-1;7,50;95,30;73,10;2,30;6;100;-1,20;-1,30;
2026-07-28 03:03:00.0;OFF;ON;100;-3,30;-4;-1;7,30;95,30;76,60;2,30;6;100;-1,20;-1,40;
2026-07-28 03:04:00.0;OFF;ON;100;-3,30;-4;-0,90;4,10;95,60;0;2,40;6;100;-1,20;-1,70;
2026-07-28 03:05:00.0;OFF;ON;100;-3,40;-4;-0,90;4,10;95,70;0;2,40;6;100;-1,30;-1,90;
2026-07-28 03:06:00.0;OFF;ON;100;-3,80;-4;-1,10;4,10;95,10;0;2,70;6;98,60;-1,40;-2,10;
2026-07-28 03:07:00.0;OFF;ON;50;-3,70;-4;-1,20;4,10;94,80;0;2,50;6;99,40;-1,40;-2,30;
2026-07-28 03:08:00.0;OFF;ON;50;-3,70;-4;-1,30;4;94,10;0;2,40;6;99,40;-1,50;-2,30;
2026-07-28 03:09:00.0;OFF;ON;50;-3,50;-4;-1,30;4;94;0;2,20;6;100;-1,50;-2,30;
2026-07-28 03:10:00.0;OFF;ON;50;-3,60;-4;-1,30;4;94;0;2,30;6;99,60;-1,50;-2,30;
2026-07-28 03:11:00.0;OFF;ON;50;-3,60;-4;-1,40;4;94,20;0;2,20;6;100;-1,60;-2,40;
2026-07-28 03:12:00.0;OFF;ON;50;-3,60;-4;-1,40;4;94,20;0;2,20;6;100;-1,60;-2,40;
2026-07-28 03:13:00.0;OFF;ON;50;-3,60;-4;-1,30;3,90;94,30;0;2,30;5,80;100;-1,60;-2,40;
2026-07-28 03:14:00.0;OFF;ON;50;-3,70;-4;-1,40;3,90;94,50;0;2,40;5,80;99,60;-1,60;-2,40;
2026-07-28 03:15:00.0;OFF;ON;50;-3,70;-4;-1,40;3,90;94,90;0;2,30;5,80;99,80;-1,60;-2,40;
2026-07-28 03:16:00.0;OFF;ON;50;-3,60;-4;-1,30;3,90;95,70;0;2,30;5,80;99;-1,60;-2,40;
2026-07-28 03:17:00.0;OFF;ON;50;-3,60;-3,60;-1,30;3,90;95,80;0;2,30;5,80;98,10;-1,60;-2,40;
2026-07-28 03:18:00.0;OFF;ON;50;-3,40;-3,40;-1,30;3,90;96;0;2,20;5,80;96,80;-1,60;-2,30;
2026-07-28 03:19:00.0;OFF;ON;50;-3,40;-3;-1,30;3,80;96,10;0;2,10;5,80;95,90;-1,60;-2,30;
2026-07-28 03:20:00.0;OFF;ON;50;-3,50;-2,90;-1,10;3,80;96,20;0;2,40;5,80;93,60;-1,60;-2,30;
2026-07-28 03:21:00.0;OFF;ON;50;-3,30;-2,50;-1,10;3,80;96,40;0;2,20;5,80;91,20;-1,50;-2,20;
2026-07-28 03:22:00.0;OFF;ON;50;-3,30;-2,20;-1,10;3,80;96,50;0;2,20;5,80;88,90;-1,50;-2,20;
2026-07-28 03:23:00.0;OFF;ON;50;-3,30;-2,10;-1,10;3,80;96,60;0;2,20;6;86,70;-1,50;-2,20;
2026-07-28 03:24:00.0;OFF;ON;50;-3,30;-1,90;-1,20;3,70;96,40;0;2,10;6;85,30;-1,50;-2,20;
2026-07-28 03:25:00.0;OFF;ON;50;-3,50;-1,80;-1,30;3,70;95,90;0;2,20;6;80,50;-1,50;-2,20;
2026-07-28 03:26:00.0;OFF;ON;50;-3,50;-1,50;-1,30;3,70;95,70;0;2,20;6;78;-1,50;-2,20;
2026-07-28 03:27:00.0;OFF;ON;50;-3,60;-1,40;-1,30;3,70;95,40;0;2,30;6;74,30;-1,50;-2,20;
2026-07-28 03:28:00.0;OFF;ON;50;-3,50;-1,30;-1,30;3,70;95,80;0;2,20;6;71,10;-1,50;-2,20;
2026-07-28 03:29:00.0;OFF;ON;50;-3,50;-1,30;-1,30;3,60;95,80;0;2,20;6;69,30;-1,50;-2,20;
2026-07-28 03:30:00.0;OFF;ON;50;-3,60;-1,30;-1,30;3,60;95,80;0;2,30;6;66;-1,50;-2,20;
2026-07-28 03:31:00.0;OFF;ON;50;-3,80;-1,30;-1,20;3,60;95,90;0;2,60;6;62,80;-1,50;-2,10;
2026-07-28 03:32:00.0;OFF;ON;50;-3;-1,20;-1,20;3,60;96,40;0;1,80;6;62,50;-1,50;-2,10;
2026-07-28 03:33:00.0;OFF;ON;50;-3;-1,20;-1,10;3,60;96,40;0;1,90;6;60,70;-1,50;-2;
2026-07-28 03:34:00.0;OFF;ON;50;-2,60;-1,10;-1,10;3,60;96,80;0;1,50;6;59,40;-1,40;-1,90;
2026-07-28 03:35:00.0;OFF;ON;50;-2,60;-1,10;-1;3,50;96,80;0;1,60;6;57,70;-1,40;-1,80;
2026-07-28 03:36:00.0;OFF;ON;50;-2,30;-1;-1;3,50;97,10;0;1,40;6;56,40;-1,30;-1,70;
2026-07-28 03:37:00.0;OFF;ON;50;-2,20;-1;-0,90;3,50;97,20;0;1,30;6;55,60;-1,30;-1,60;
2026-07-28 03:38:00.0;OFF;ON;50;-2,20;-0,90;-0,90;3,50;97,30;0;1,30;6;53,30;-1,20;-1,50;
2026-07-28 03:39:00.0;OFF;ON;50;-2,10;-0,90;-0,80;3,50;97,50;0;1,30;6;51,90;-1,20;-1,40;
2026-07-28 03:40:00.0;OFF;ON;50;-1,90;-0,80;-0,80;3,50;97,50;0;1,20;6;51,70;-1,10;-1,40;
2026-07-28 03:41:00.0;OFF;ON;50;-1,90;-0,80;-0,80;3,40;97,30;0;1,10;6;50;-1,10;-1,30;
2026-07-28 03:42:00.0;OFF;ON;50;-1,90;-0,80;-0,70;3,40;97,20;0;1,10;6;50;-1,10;-1,20;
2026-07-28 03:43:00.0;OFF;ON;50;-1,70;-0,70;-0,70;3,40;97,10;0;1;6;50;-1;-1,20;
2026-07-28 03:44:00.0;OFF;ON;50;-1,80;-0,70;-0,80;3,40;97,10;0;1;6;50;-1;-1,10;
2026-07-28 03:45:00.0;OFF;ON;50;-1,60;-0,80;-0,80;3,30;97;0;0,90;6;50;-1;-1,10;
2026-07-28 03:46:00.0;OFF;ON;50;-1,60;-0,80;-0,80;3,30;96,90;0;0,80;6;50;-1;-1,10;
2026-07-28 03:47:00.0;OFF;ON;50;-1,50;-0,80;-0,80;3,30;96,90;0;0,80;6;50;-1;-1,10;
2026-07-28 03:48:00.0;OFF;ON;50;-1,50;-0,80;-0,70;3,30;96,80;0;0,80;6;50;-0,90;-1;
2026-07-28 03:49:00.0;OFF;ON;50;-1,50;-0,70;-0,60;3;96,90;0;0,90;6;50;-0,90;-1;
2026-07-28 03:50:00.0;OFF;ON;50;-1,50;-0,60;-0,60;4,60;97,10;0;1;6;53,80;-0,90;-1;
2026-07-28 03:51:00.0;OFF;ON;50;-1,30;-2,40;-0,50;5,40;97,40;0;0,80;6;57,90;-0,80;-0,90;
2026-07-28 03:52:00.0;OFF;ON;50;-1,40;-2,70;-0,50;5,50;97,50;0;0,90;6;59;-0,70;-0,90;
2026-07-28 03:53:00.0;OFF;ON;50;-1,30;-2,70;-0,50;5,50;97,50;0;0,80;6;61,20;-0,70;-0,90;
2026-07-28 03:54:00.0;OFF;ON;50;-1,40;-2,80;-0,50;5,50;97,50;0;0,90;6;61,80;-0,70;-0,80;
2026-07-28 03:55:00.0;OFF;ON;50;-1,30;-2,80;-0,50;5,50;97,40;0;0,80;6;63,80;-0,60;-0,80;
2026-07-28 03:56:00.0;OFF;ON;50;-1,30;-2,70;-0,40;5,50;97,60;0;0,90;6;65,60;-0,60;-0,80;
2026-07-28 03:57:00.0;OFF;ON;50;-1,30;-2,70;-0,40;5,50;97,70;0;0,90;6;66,90;-0,60;-0,80;
2026-07-28 03:58:00.0;OFF;ON;50;-1,40;-2,70;-0,40;5,50;97,80;0;1,10;6;67,90;-0,60;-0,80;
2026-07-28 03:59:00.0;OFF;ON;50;-1,50;-2,60;-0,40;5,50;97,90;0;1,10;6;69,50;-0,60;-0,80;
2026-07-28 04:00:00.0;OFF;ON;50;-1,50;-2,60;-0,40;5,40;97,90;0;1,10;6;70,30;-0,60;-0,80;
2026-07-28 04:01:00.0;OFF;ON;50;-1,50;-2,60;-0,40;5,40;97,90;0;1,20;6;71,80;-0,50;-0,90;
2026-07-28 04:02:00.0;OFF;ON;50;-1,50;-2,60;-0,40;5,40;97,80;0;1,20;6;72,50;-0,60;-0,90;
2026-07-28 04:03:00.0;OFF;ON;50;-1,60;-2,60;-0,40;5,40;97,60;0;1,20;6;73,50;-0,50;-0,90;
2026-07-28 04:04:00.0;OFF;ON;50;-1,80;-2,60;-0,40;5,40;97,50;0;1,30;6;74,10;-0,50;-1;
2026-07-28 04:05:00.0;OFF;ON;50;-1,80;-2,60;-0,40;5,30;97,50;0;1,40;6;74,80;-0,60;-1;
2026-07-28 04:06:00.0;OFF;ON;50;-1,90;-2,50;-0,40;5,30;97,50;0;1,50;6;75,30;-0,60;-1;
2026-07-28 04:07:00.0;OFF;ON;50;-1,90;-2,50;-0,50;5,30;97,40;0;1,40;6;75,80;-0,60;-1;
2026-07-28 04:08:00.0;OFF;ON;50;-2;-2,50;-0,60;5,30;97,10;0;1,40;6;76,60;-0,70;-1,10;
2026-07-28 04:09:00.0;OFF;ON;50;-2;-2,60;-0,60;5,30;96,80;0;1,30;6;77,40;-0,70;-1,10;
2026-07-28 04:10:00.0;OFF;ON;50;-2,10;-2,60;-0,70;5,20;96,40;0;1,40;6;77,60;-0,70;-1,10;
2026-07-28 04:11:00.0;OFF;ON;50;-2,20;-2,60;-0,70;5,20;96,30;0;1,50;6;77,60;-0,70;-1,20;
2026-07-28 04:12:00.0;OFF;ON;50;-2,20;-2,60;-0,70;5,20;95,90;0;1,40;6;78,10;-0,70;-1,30;
2026-07-28 04:13:00.0;OFF;ON;50;-2,30;-2,50;-0,80;5,20;95,80;0;1,50;6;77,90;-0,80;-1,30;
2026-07-28 04:14:00.0;OFF;ON;50;-2,30;-2,50;-0,80;5,10;95,50;0;1,50;6;77,90;-0,80;-1,30;
2026-07-28 04:15:00.0;OFF;ON;50;-2,40;-2,50;-0,90;5,10;95,20;0;1,60;6;77,70;-0,80;-1,40;
2026-07-28 04:16:00.0;OFF;ON;50;-2,50;-2,50;-0,90;5,10;95,10;0;1,60;6;77,10;-0,90;-1,40;
2026-07-28 04:17:00.0;OFF;ON;50;-2,50;-2,40;-0,90;5,10;94,90;0;1,50;6;77;-1;-1,50;
2026-07-28 04:18:00.0;OFF;ON;50;-2,60;-2,40;-1;5;94,80;0;1,60;6;76,20;-1;-1,50;
2026-07-28 04:19:00.0;OFF;ON;50;-2,60;-2,40;-1;5;94,80;0;1,60;6;75,80;-1,10;-1,50;
2026-07-28 04:20:00.0;OFF;ON;50;-2,60;-2,30;-1;5;94,80;0;1,60;6;75,10;-1,10;-1,60;
2026-07-28 04:21:00.0;OFF;ON;50;-2,70;-2,30;-1,10;5;94,70;0;1,60;6;73,90;-1,10;-1,60;
2026-07-28 04:22:00.0;OFF;ON;50;-2,60;-2,20;-1,10;5;94,60;0;1,50;6;73,50;-1,20;-1,60;
2026-07-28 04:23:00.0;OFF;ON;50;-2,70;-2,10;-1,10;4,90;94,60;0;1,60;6;71,90;-1,20;-1,70;
2026-07-28 04:24:00.0;OFF;ON;50;-2,80;-2,10;-1,10;4,90;94,70;0;1,70;6;70,70;-1,20;-1,70;
2026-07-28 04:25:00.0;OFF;ON;50;-2,70;-2;-1,10;4,90;94,60;0;1,50;6;69,80;-1,20;-1,70;
2026-07-28 04:26:00.0;OFF;ON;50;-2,70;-1,90;-1,20;4,90;94,60;0;1,60;6;68,70;-1,20;-1,70;
2026-07-28 04:27:00.0;OFF;ON;50;-2,80;-1,90;-1,10;4,90;94,70;0;1,70;6;66,50;-1,20;-1,70;
2026-07-28 04:28:00.0;OFF;ON;50;-2,70;-1,70;-1,10;4,90;95,10;0;1,60;6;65,60;-1,20;-1,70;
2026-07-28 04:29:00.0;OFF;ON;50;-2,70;-1,60;-1;4,90;95,70;0;1,60;6;63,30;-1,20;-1,70;
2026-07-28 04:30:00.0;OFF;ON;50;-2,60;-1,50;-1,10;4,80;95,80;0;1,50;6;62,30;-1,20;-1,70;
2026-07-28 04:31:00.0;OFF;ON;50;-2,40;-1,40;-1,10;4,80;95,70;0;1,30;6;61;-1,20;-1,60;
2026-07-28 04:32:00.0;OFF;ON;50;-2,50;-1,30;-1,10;4,80;95,50;0;1,40;6;58,80;-1,20;-1,60;
2026-07-28 04:33:00.0;OFF;ON;50;-2,40;-1,20;-1,10;4,80;95,30;0;1,30;6;57,20;-1,20;-1,60;
2026-07-28 04:34:00.0;OFF;ON;50;-2,40;-1,10;-1,10;4,80;95,30;0;1,30;6;55,90;-1,20;-1,50;
2026-07-28 04:35:00.0;OFF;ON;50;-2,30;-1,10;-1;4,70;95,30;0;1,30;6;53,90;-1,10;-1,50;
2026-07-28 04:36:00.0;OFF;ON;50;-2,10;-1;-1;4,70;95,30;0;1,10;6;53,50;-1,10;-1,50;
2026-07-28 04:37:00.0;OFF;ON;50;-2,20;-1;-1;4,70;95,40;0;1,20;6;51,70;-1,10;-1,40;
2026-07-28 04:38:00.0;OFF;ON;50;-2;-1;-1;4,70;95,40;0;1;6;51,80;-1,10;-1,40;
2026-07-28 04:39:00.0;OFF;ON;50;-2,10;-1;-1;4,70;95,70;0;1,10;6;50,20;-1,10;-1,40;
2026-07-28 04:40:00.0;OFF;ON;50;-1,90;-1;-1;4,70;95,90;0;0,90;6;50;-1,10;-1,30;
2026-07-28 04:41:00.0;OFF;ON;50;-1,90;-1;-1;4,70;96;0;0,90;6;50;-1,10;-1,30;
2026-07-28 04:42:00.0;OFF;ON;50;-1,70;-1;-0,90;4,60;96,50;0;0,80;6;50;-1,10;-1,20;
2026-07-28 04:43:00.0;OFF;ON;50;-1,70;-0,90;-0,80;4,60;96,80;0;0,80;6;50;-1;-1,20;
2026-07-28 04:44:00.0;OFF;ON;50;-1,70;-0,80;-0,80;4,60;96,80;0;0,80;6;50;-1;-1,10;
2026-07-28 04:45:00.0;OFF;ON;50;-1,60;-0,80;-0,80;4,60;96,80;0;0,80;6;50;-1;-1,10;
2026-07-28 04:46:00.0;OFF;ON;50;-1,60;-0,80;-0,80;4,60;96,80;0;0,70;6;50;-1;-1;
2026-07-28 04:47:00.0;OFF;ON;50;-1,50;-0,80;-0,80;4,60;96,70;0;0,70;6;50;-1;-1;
2026-07-28 04:48:00.0;OFF;ON;50;-1,50;-0,80;-0,80;4,50;96,70;0;0,70;6;50;-1;-1;
2026-07-28 04:49:00.0;OFF;ON;50;-1,60;-0,80;-0,80;4,50;96,60;0;0,80;6;50;-1;-1;
2026-07-28 04:50:00.0;OFF;ON;50;-1,30;-0,80;-0,70;4,50;96,50;0;0,50;6;50;-1;-1;
2026-07-28 04:51:00.0;OFF;ON;50;-1,40;-0,70;-0,70;4,50;96,60;0;0,70;6;50;-1;-0,90;
2026-07-28 04:52:00.0;OFF;ON;50;-1,30;-0,70;-0,70;4,50;96,60;0;0,60;6;50;-1;-0,90;
2026-07-28 04:53:00.0;OFF;ON;50;-1,40;-0,70;-0,70;4,50;96,60;0;0,70;6;50;-0,90;-0,80;
2026-07-28 04:54:00.0;OFF;ON;50;-1,30;-0,70;-0,70;4,50;96,70;0;0,70;6;50;-0,90;-0,80;
2026-07-28 04:55:00.0;OFF;ON;50;-1,40;-0,70;-0,70;4,40;96,70;0;0,70;6;50;-0,90;-0,80;
2026-07-28 04:56:00.0;OFF;ON;50;-1,40;-0,70;-0,70;4,40;96,80;0;0,70;6;50;-0,90;-0,80;
2026-07-28 04:57:00.0;OFF;ON;50;-1,20;-0,70;-0,70;4,40;96,70;0;0,50;6;50;-0,90;-0,80;
2026-07-28 04:58:00.0;OFF;ON;50;-1,30;-0,70;-0,70;4,40;96,70;0;0,60;6;50;-0,90;-0,80;
2026-07-28 04:59:00.0;OFF;ON;50;-1,10;-0,70;-0,70;4,40;96,70;0;0,40;6;50;-0,90;-0,80;
2026-07-28 05:00:00.0;OFF;ON;50;-1,10;-0,70;-0,60;4,40;96,80;0;0,50;6;50;-0,90;-0,70;
2026-07-28 05:01:00.0;OFF;ON;50;-1,30;-0,60;-0,60;4,40;96,80;0;0,60;6;50;-0,80;-0,70;
2026-07-28 05:02:00.0;OFF;ON;50;-1,20;-0,60;-0,60;4,30;96,80;0;0,60;6;50;-0,80;-0,70;
2026-07-28 05:03:00.0;OFF;ON;50;-1,30;-0,60;-0,60;4,30;96,80;0;0,70;6;50;-0,80;-0,70;
2026-07-28 05:04:00.0;OFF;ON;50;-1,40;-0,60;-0,60;4,30;96,80;0;0,70;6;50;-0,90;-0,80;
2026-07-28 05:05:00.0;OFF;ON;50;-1,40;-0,60;-0,60;4,30;96,80;0;0,70;6;50;-0,90;-0,80;
2026-07-28 05:06:00.0;OFF;ON;50;-1,30;-0,60;-0,60;1,30;96,70;63,60;0,70;6;50;-0,90;-0,80;
2026-07-28 05:07:00.0;OFF;ON;50;-1,30;-0,60;-0,60;-0,90;96,90;0;0,70;6;50;-0,90;-0,80;
2026-07-28 05:08:00.0;OFF;ON;50;-1,20;-0,60;-0,60;-0,20;97,10;0;0,60;6;50;-0,90;-0,80;
2026-07-28 05:09:00.0;OFF;ON;50;-1,20;-0,90;-0,60;-0,40;97,30;0;0,60;6;50;-0,90;-0,80;
2026-07-28 05:10:00.0;OFF;ON;50;-1,10;-0,60;-0,50;-0,50;97,50;0;0,60;6;50;-0,80;-0,80;
2026-07-28 05:11:00.0;OFF;ON;50;-1,20;-0,50;-0,50;-0,50;97,60;0;0,60;6;50;-0,80;-0,70;
2026-07-28 05:12:00.0;OFF;ON;50;-1,20;-0,50;-0,50;-0,50;97,80;0;0,70;6;50;-0,80;-0,70;
2026-07-28 05:13:00.0;OFF;ON;50;-1,20;-0,30;-0,50;-0,50;97,80;0;0,70;5,80;50;-0,80;-0,70;
2026-07-28 05:14:00.0;OFF;ON;50;-1,10;-0,30;-0,50;-0,50;97,80;0;0,70;5,80;50;-0,80;-0,70;
2026-07-28 05:15:00.0;OFF;ON;50;-1,20;-0,30;-0,50;-0,50;97,50;0;0,70;5,80;50;-0,80;-0,70;
2026-07-28 05:16:00.0;OFF;ON;50;-1,20;-0,30;-0,50;-0,50;97,40;0;0,70;5,80;50;-0,80;-0,70;
2026-07-28 05:17:00.0;OFF;ON;50;-1,20;-0,30;-0,50;-0,50;97,30;0;0,70;5,80;50;-0,80;-0,70;
2026-07-28 05:18:00.0;OFF;ON;50;-1,20;-0,30;-0,50;-0,50;97,10;0;0,70;5,80;50;-0,80;-0,70;
2026-07-28 05:19:00.0;OFF;ON;50;-1,20;-0,30;-0,50;-0,50;97;0;0,70;5,80;50;-0,80;-0,70;
2026-07-28 05:20:00.0;OFF;ON;50;-1,30;-0,30;-0,50;-0,60;96,90;0;0,80;5,80;50;-0,80;-0,70;
2026-07-28 05:21:00.0;OFF;ON;50;-1,20;-0,30;-0,50;-0,60;96,80;0;0,60;5,80;50;-0,80;-0,70;
2026-07-28 05:22:00.0;OFF;ON;50;-1,20;-0,30;-0,50;-0,60;96,80;0;0,60;5,80;50;-0,80;-0,70;
2026-07-28 05:23:00.0;OFF;ON;50;-1,30;-0,50;-0,60;-0,60;96,70;0;0,70;6;50;-0,80;-0,70;
2026-07-28 05:24:00.0;OFF;ON;50;-1,20;-0,60;-0,60;-0,60;96,60;0;0,60;6;50;-0,80;-0,70;
2026-07-28 05:25:00.0;OFF;ON;50;-1,30;-0,60;-0,60;-0,60;96,50;0;0,70;6;50;-0,80;-0,70;
2026-07-28 05:26:00.0;OFF;ON;50;-1,20;-0,60;-0,60;-0,60;96,50;0;0,60;6;50;-0,80;-0,70;
2026-07-28 05:27:00.0;OFF;ON;50;-1,20;-0,60;-0,60;-0,60;96,50;0;0,60;6;50;-0,80;-0,70;
2026-07-28 05:28:00.0;OFF;ON;50;-1,30;-0,60;-0,60;-0,60;96,40;0;0,80;6;50;-0,80;-0,70;
2026-07-28 05:29:00.0;OFF;ON;50;-1,20;-0,60;-0,60;-0,60;96,40;0;0,70;6;50;-0,80;-0,80;
2026-07-28 05:30:00.0;OFF;ON;50;-1,30;-0,60;-0,60;-0,60;96,30;0;0,70;6;50;-0,80;-0,80;
2026-07-28 05:31:00.0;OFF;ON;50;-1,40;-0,60;-0,60;-0,60;96,30;0;0,80;6;50;-0,80;-0,80;
2026-07-28 05:32:00.0;OFF;ON;50;-1;-0,60;-0,60;-0,70;96,30;0;0,50;6;50;-0,80;-0,80;
2026-07-28 05:33:00.0;OFF;ON;50;-1,10;-0,60;-0,60;-0,70;96,30;0;0,50;6;50;-0,80;-0,70;
2026-07-28 05:34:00.0;OFF;ON;50;-1,10;-0,60;-0,60;-0,70;96,40;0;0,60;6;50;-0,80;-0,70;
2026-07-28 05:35:00.0;OFF;ON;50;-1;-0,60;-0,60;-0,70;96,50;0;0,50;6;50;-0,80;-0,70;
2026-07-28 05:36:00.0;OFF;ON;50;-1,20;-0,60;-0,50;-0,70;96,60;0;0,60;6;50;-0,80;-0,60;
2026-07-28 05:37:00.0;OFF;ON;50;-1,20;-0,50;-0,50;-0,70;96,70;0;0,60;6;50;-0,80;-0,70;
2026-07-28 05:38:00.0;OFF;ON;50;-1,30;-0,50;-0,50;-0,70;96,70;0;0,80;6;50;-0,80;-0,70;
2026-07-28 05:39:00.0;OFF;ON;50;-1,30;-0,60;-0,60;-0,70;96,60;0;0,70;6;50;-0,80;-0,70;
2026-07-28 05:40:00.0;OFF;ON;50;-1,30;-0,60;-0,60;-0,70;96,50;0;0,70;6;50;-0,80;-0,70;
2026-07-28 05:41:00.0;OFF;ON;50;-1,30;-0,60;-0,60;-0,70;96,40;0;0,70;6;50;-0,80;-0,70;
2026-07-28 05:42:00.0;OFF;ON;50;-1,30;-0,60;-0,60;-0,70;96,40;0;0,70;6;50;-0,80;-0,80;
2026-07-28 05:43:00.0;OFF;ON;50;-1,20;-0,60;-0,60;-0,70;96,30;0;0,60;6;50;-0,80;-0,80;
2026-07-28 05:44:00.0;OFF;ON;50;-1,30;-0,60;-0,60;-0,70;96,30;0;0,70;6;50;-0,80;-0,80;
2026-07-28 05:45:00.0;OFF;ON;50;-1,40;-0,60;-0,60;-0,80;96,30;0;0,80;6;50;-0,80;-0,80;
2026-07-28 05:46:00.0;OFF;ON;50;-1,30;-0,60;-0,60;-0,80;96,30;0;0,60;6;50;-0,80;-0,80;
2026-07-28 05:47:00.0;OFF;ON;50;-1,30;-0,60;-0,60;-0,80;96,30;0;0,70;6;50;-0,80;-0,80;
2026-07-28 05:48:00.0;OFF;ON;50;-1,30;-0,60;-0,60;-0,80;96,30;0;0,70;6;50;-0,80;-0,80;
2026-07-28 05:49:00.0;OFF;ON;50;-1,30;-0,60;-0,60;-0,80;96,20;0;0,60;6;50;-0,80;-0,80;
2026-07-28 05:50:00.0;OFF;ON;50;-1,30;-0,70;-0,70;-0,80;96,30;0;0,60;6;50;-0,80;-0,80;
2026-07-28 05:51:00.0;OFF;ON;50;-1,20;-0,70;-0,70;-0,80;96,20;0;0,60;6;50;-0,80;-0,80;
2026-07-28 05:52:00.0;OFF;ON;50;-1,40;-0,70;-0,70;-0,80;96,20;0;0,70;6;50;-0,80;-0,80;
2026-07-28 05:53:00.0;OFF;ON;50;-1,30;-0,70;-0,70;-0,80;96,40;0;0,70;6;50;-0,80;-0,80;
2026-07-28 05:54:00.0;OFF;ON;50;-1,20;-0,60;-0,60;-0,80;96,70;0;0,60;6;50;-0,80;-0,80;
2026-07-28 05:55:00.0;OFF;ON;50;-1,20;-0,60;-0,60;-0,80;96,90;0;0,60;6;50;-0,80;-0,70;
2026-07-28 05:56:00.0;OFF;ON;50;-1,20;-0,50;-0,50;-0,80;97,10;0;0,70;6;50;-0,80;-0,70;
2026-07-28 05:57:00.0;OFF;ON;50;-1,10;-0,50;-0,50;-0,80;97,30;0;0,60;6;50;-0,80;-0,70;
2026-07-28 05:58:00.0;OFF;ON;50;-1,20;-0,50;-0,50;-0,80;97,30;0;0,70;6;50;-0,80;-0,70;
2026-07-28 05:59:00.0;OFF;ON;50;-1,10;-0,50;-0,50;-0,90;97,50;0;0,70;6;50;-0,80;-0,70;
2026-07-28 06:00:00.0;OFF;ON;50;-1,10;-0,50;-0,50;-0,90;97,60;0;0,70;6;50;-0,80;-0,60;
2026-07-28 06:01:00.0;OFF;ON;50;-1,10;-0,40;-0,40;-0,90;97,70;0;0,60;6;50;-0,80;-0,60;
2026-07-28 06:02:00.0;OFF;ON;50;-0,90;-0,40;-0,40;-0,90;97,80;0;0,50;6;50;-0,70;-0,60;
2026-07-28 06:03:00.0;OFF;ON;50;-1;-0,40;-0,40;-0,90;97,80;0;0,60;6;50;-0,70;-0,60;
2026-07-28 06:04:00.0;OFF;ON;50;-1,10;-0,40;-0,40;-0,90;97,70;0;0,60;6;50;-0,70;-0,60;
2026-07-28 06:05:00.0;OFF;ON;50;-1,10;-0,50;-0,50;-0,90;97,60;0;0,60;6;50;-0,70;-0,60;
2026-07-28 06:06:00.0;OFF;ON;50;-1,10;-0,40;-0,40;-0,90;97,50;0;0,70;6;50;-0,70;-0,60;
2026-07-28 06:07:00.0;OFF;ON;50;-1;-0,40;-0,40;-0,90;97,60;0;0,60;6;50;-0,70;-0,60;
2026-07-28 06:08:00.0;OFF;ON;50;-1;-0,40;-0,40;-0,90;97,60;0;0,60;6;50;-0,70;-0,60;
2026-07-28 06:09:00.0;OFF;ON;50;-1,10;-0,40;-0,40;-0,90;97,80;0;0,70;6;50;-0,70;-0,60;
2026-07-28 06:10:00.0;OFF;ON;50;-0,90;-0,40;-0,40;-0,90;97,60;0;0,50;6;50;-0,70;-0,60;
2026-07-28 06:11:00.0;OFF;ON;50;-0,80;-0,40;-0,40;-0,90;97,80;0;0,40;6;50;-0,70;-0,50;
2026-07-28 06:12:00.0;OFF;ON;50;-0,80;-0,40;-0,40;-0,90;97,80;0;0,40;6;50;-0,70;-0,50;
2026-07-28 06:13:00.0;OFF;ON;50;-0,80;-0,40;-0,40;-0,90;97,70;0;0,40;6;50;-0,70;-0,40;
2026-07-28 06:14:00.0;OFF;ON;50;-0,80;-0,40;-0,40;-0,90;97,60;0;0,50;6;50;-0,60;-0,40;
2026-07-28 06:15:00.0;OFF;ON;50;-0,90;-0,30;-0,30;-0,90;97,80;0;0,60;6;50;-0,60;-0,40;
2026-07-28 06:16:00.0;OFF;ON;50;-1;-0,30;-0,30;-1;97,80;0;0,60;6;50;-0,60;-0,40;
2026-07-28 06:17:00.0;OFF;ON;50;-1;-0,40;-0,40;-1;97,60;0;0,60;6;50;-0,60;-0,50;
2026-07-28 06:18:00.0;OFF;ON;50;-1;-0,40;-0,40;-1;97,50;0;0,60;6;50;-0,70;-0,50;
2026-07-28 06:19:00.0;OFF;ON;50;-1;-0,40;-0,40;-1;97,30;0;0,50;6;50;-0,70;-0,50;
2026-07-28 06:20:00.0;OFF;ON;50;-1,10;-0,50;-0,50;-1;97,20;0;0,60;6;50;-0,70;-0,60;
2026-07-28 06:21:00.0;OFF;ON;50;-1,10;-0,50;-0,50;-1;97,10;0;0,60;6;50;-0,70;-0,60;
2026-07-28 06:22:00.0;OFF;ON;50;-1;-0,50;-0,50;-1;96,90;0;0,60;6;50;-0,70;-0,60;
2026-07-28 06:23:00.0;OFF;ON;50;-1,20;-0,50;-0,50;-1;96,80;0;0,70;6;50;-0,70;-0,60;
2026-07-28 06:24:00.0;OFF;ON;50;-1,20;-0,60;-0,50;-0,70;96,80;0;0,70;6;50;-0,70;-0,60;
2026-07-28 06:25:00.0;OFF;ON;50;-1,30;-0,50;-0,50;-2,10;96,80;0;0,80;6;50;-0,70;-0,60;
2026-07-28 06:26:00.0;OFF;ON;50;-1,20;-0,50;-0,50;-2,60;96,90;0;0,70;6;50;-0,80;-0,70;
2026-07-28 06:27:00.0;OFF;ON;50;-1,10;-0,50;-0,50;-2,90;97;0;0,60;6;50;-0,80;-0,70;
2026-07-28 06:28:00.0;OFF;ON;50;-1,10;-0,50;-0,50;-3,10;97,10;0;0,60;6;50;-0,80;-0,60;
2026-07-28 06:29:00.0;OFF;ON;50;-1,10;-0,50;-0,50;-3,20;97,20;0;0,60;6;50;-0,80;-0,60;
2026-07-28 06:30:00.0;OFF;ON;50;-1,10;-0,50;-0,50;-3,30;97,30;0;0,60;6;50;-0,80;-0,60;
2026-07-28 06:31:00.0;OFF;ON;50;-1,10;-0,50;-0,50;-3,40;97,20;0;0,60;6;50;-0,80;-0,60;
2026-07-28 06:32:00.0;OFF;ON;50;-1,20;-0,30;-0,50;-3,50;97;0;0,70;6;50;-0,80;-0,60;
2026-07-28 06:33:00.0;OFF;ON;50;-1,20;-0,30;-0,50;-3,60;96,80;0;0,70;5,80;50;-0,80;-0,60;
2026-07-28 06:34:00.0;OFF;ON;50;-1,10;-0,40;-0,60;-3,60;96,70;0;0,60;5,80;50;-0,80;-0,70;
2026-07-28 06:35:00.0;OFF;ON;50;-1,20;-0,40;-0,60;-3,70;96,60;0;0,60;5,80;50;-0,80;-0,70;
2026-07-28 06:36:00.0;OFF;ON;50;-1,30;-0,40;-0,60;-3,80;96,40;0;0,70;5,80;50;-0,80;-0,70;
2026-07-28 06:37:00.0;OFF;ON;50;-1,20;-0,40;-0,60;-3,80;96,30;0;0,60;5,80;50;-0,80;-0,70;
2026-07-28 06:38:00.0;OFF;ON;50;-1,30;-0,40;-0,60;-3,80;96,20;0;0,70;5,80;50;-0,80;-0,70;
2026-07-28 06:39:00.0;OFF;ON;50;-1,20;-0,40;-0,60;-3,80;96,20;0;0,60;5,80;50;-0,80;-0,70;
2026-07-28 06:40:00.0;OFF;ON;50;-1,30;-0,50;-0,70;-3,90;96;0;0,60;5,80;50;-0,80;-0,70;
2026-07-28 06:41:00.0;OFF;ON;50;-1,30;-0,50;-0,70;-3,90;96;0;0,60;5,80;50;-0,90;-0,80;
2026-07-28 06:42:00.0;OFF;ON;50;-1,40;-0,70;-0,70;-3,90;96;0;0,70;5,80;50;-0,90;-0,80;
2026-07-28 06:43:00.0;OFF;ON;50;-1,30;-0,70;-0,70;-3,90;95,90;0;0,60;6;50;-0,90;-0,80;
2026-07-28 06:44:00.0;OFF;ON;50;-1,30;-0,70;-0,70;-3,90;96;0;0,60;6;50;-0,90;-0,80;
2026-07-28 06:45:00.0;OFF;ON;50;-1,30;-0,70;-0,70;-3,80;96,30;0;0,70;6;50;-0,90;-0,80;
2026-07-28 06:46:00.0;OFF;ON;50;-1,30;-0,60;-0,60;-3,70;96,50;0;0,70;6;50;-0,90;-0,80;
2026-07-28 06:47:00.0;OFF;ON;50;-1,20;-0,60;-0,60;-3,60;96,80;0;0,60;6;50;-0,90;-0,80;
2026-07-28 06:48:00.0;OFF;ON;50;-1,20;-0,60;-0,60;-3,50;96,90;0;0,60;6;50;-0,90;-0,80;
2026-07-28 06:49:00.0;OFF;ON;50;-1,20;-0,60;-0,60;-3,60;97;0;0,70;6;50;-0,80;-0,80;
2026-07-28 06:50:00.0;OFF;ON;50;-1,10;-0,60;-0,60;-3,50;97,10;0;0,50;6;50;-0,80;-0,70;
2026-07-28 06:51:00.0;OFF;ON;50;-1,10;-0,50;-0,50;-3,40;97,30;0;0,50;6;50;-0,80;-0,70;
2026-07-28 06:52:00.0;OFF;ON;50;-1;-0,50;-0,50;-3,40;97,30;0;0,50;6;50;-0,80;-0,60;
2026-07-28 06:53:00.0;OFF;ON;50;-1;-0,50;-0,50;-3,50;97,30;0;0,50;6;50;-0,80;-0,60;
2026-07-28 06:54:00.0;OFF;ON;50;-1;-0,50;-0,50;-3,60;97,20;0;0,50;6;50;-0,80;-0,60;
2026-07-28 06:55:00.0;OFF;ON;50;-1;-0,50;-0,50;-3,60;97;0;0,50;6;50;-0,80;-0,60;
2026-07-28 06:56:00.0;OFF;ON;50;-1,10;-0,60;-0,60;-3,70;96,90;0;0,60;6;50;-0,80;-0,60;
2026-07-28 06:57:00.0;OFF;ON;50;-1,20;-0,60;-0,60;-3,70;96,70;0;0,60;6;50;-0,80;-0,60;
2026-07-28 06:58:00.0;OFF;ON;50;-1,30;-0,60;-0,60;-3,70;96,60;0;0,70;6;50;-0,80;-0,70;
2026-07-28 06:59:00.0;OFF;ON;50;-1,20;-0,60;-0,60;-3,80;96,40;0;0,60;6;50;-0,80;-0,70;
2026-07-28 07:00:00.0;OFF;ON;50;-1,30;-0,60;-0,60;-3,70;96,50;0;0,70;6;50;-0,80;-0,70;
2026-07-28 07:01:00.0;OFF;ON;50;-1,30;-0,60;-0,60;-3,70;96,50;0;0,60;6;50;-0,80;-0,70;
2026-07-28 07:02:00.0;OFF;ON;50;-1,30;-0,60;-0,60;-3,70;96,40;0;0,70;6;50;-0,90;-0,70;
2026-07-28 07:03:00.0;OFF;ON;50;-1,30;-0,60;-0,60;-3,70;96,60;0;0,70;6;50;-0,80;-0,70;
2026-07-28 07:04:00.0;OFF;ON;50;-1,20;-0,60;-0,60;-3,60;96,80;0;0,70;6;50;-0,80;-0,70;
2026-07-28 07:05:00.0;OFF;ON;50;-1,30;-0,60;-0,60;-3,50;96,90;0;0,70;6;50;-0,80;-0,70;
2026-07-28 07:06:00.0;OFF;ON;50;-1,20;-0,50;-0,50;-3,50;97,10;0;0,70;6;50;-0,80;-0,70;
2026-07-28 07:07:00.0;OFF;ON;50;-1,20;-0,50;-0,50;-3,50;97,20;0;0,60;6;50;-0,80;-0,70;
2026-07-28 07:08:00.0;OFF;ON;50;-1,10;-0,50;-0,50;-3,50;97,30;0;0,60;6;50;-0,80;-0,70;
2026-07-28 07:09:00.0;OFF;ON;50;-1,20;-0,50;-0,50;-3,50;97,30;0;0,70;6;50;-0,80;-0,70;
2026-07-28 07:10:00.0;OFF;ON;50;-1,20;-0,60;-0,60;-3,50;97,20;0;0,60;6;50;-0,80;-0,70;
2026-07-28 07:11:00.0;OFF;ON;50;-1,20;-0,60;-0,60;-3,60;97,10;0;0,60;6;50;-0,80;-0,70;
2026-07-28 07:12:00.0;OFF;ON;50;-1,20;-0,60;-0,60;-3,70;96,80;0;0,60;6;50;-0,80;-0,70;
2026-07-28 07:13:00.0;OFF;ON;50;-1,20;-0,60;-0,60;-3,70;96,70;0;0,60;6;50;-0,90;-0,70;
2026-07-28 07:14:00.0;OFF;ON;50;-1,30;-0,60;-0,60;-3,70;96,80;0;0,70;6;50;-0,90;-0,70;
2026-07-28 07:15:00.0;OFF;ON;50;-1,30;-0,60;-0,60;-3,60;97,10;0;0,70;6;50;-0,90;-0,70;
2026-07-28 07:16:00.0;OFF;ON;50;-1,30;-0,60;-0,60;-3,60;97,20;0;0,70;6;50;-0,80;-0,70;
2026-07-28 07:17:00.0;OFF;ON;50;-1,20;-0,60;-0,60;-3,60;97,30;0;0,60;6;50;-0,80;-0,70;
2026-07-28 07:18:00.0;OFF;ON;50;-1,20;-0,60;-0,60;-3,60;97,20;0;0,60;6;50;-0,90;-0,70;
2026-07-28 07:19:00.0;OFF;ON;50;-1,20;-0,60;-0,60;-3,60;97,10;0;0,60;6;50;-0,90;-0,70;
2026-07-28 07:20:00.0;OFF;ON;50;-1,20;-0,50;-0,50;-3,50;97,40;0;0,70;6;50;-0,80;-0,70;
2026-07-28 07:21:00.0;OFF;ON;50;-1,20;-0,50;-0,50;-3,40;97,50;0;0,70;6;50;-0,80;-0,70;
2026-07-28 07:22:00.0;OFF;ON;50;-1,10;-0,50;-0,50;-3,40;97,60;0;0,60;6;50;-0,80;-0,70;
2026-07-28 07:23:00.0;OFF;ON;50;-1,10;-0,50;-0,50;-3,40;97,60;0;0,60;6;50;-0,80;-0,70;
2026-07-28 07:24:00.0;OFF;ON;50;-1,10;-0,50;-0,50;-3,50;97,70;0;0,60;6;50;-0,80;-0,70;
2026-07-28 07:25:00.0;OFF;ON;50;-1,10;-0,50;-0,50;-3,50;97,80;0;0,60;6;50;-0,80;-0,60;
2026-07-28 07:26:00.0;OFF;ON;50;-1,10;-0,50;-0,50;-3,50;97,70;0;0,60;6;50;-0,80;-0,60;
2026-07-28 07:27:00.0;OFF;ON;50;-1,30;-0,60;-0,60;-3,60;97,40;0;0,70;6;50;-0,80;-0,70;
2026-07-28 07:28:00.0;OFF;ON;50;-1;-0,60;-0,60;-3,60;97,10;0;0,40;6;50;-0,80;-0,70;
2026-07-28 07:29:00.0;OFF;ON;50;-1;-0,60;-0,60;-3,70;96,80;0;0,40;6;50;-0,80;-0,60;
2026-07-28 07:30:00.0;OFF;ON;50;-1,10;-0,70;-0,70;-3,70;96,60;0;0,40;6;50;-0,80;-0,60;
2026-07-28 07:31:00.0;OFF;ON;50;-1,10;-0,70;-0,70;-3,70;96,40;0;0,40;6;50;-0,80;-0,60;
2026-07-28 07:32:00.0;OFF;ON;50;-1,10;-0,70;-0,70;-3,70;96,40;0;0,40;6;50;-0,80;-0,60;
2026-07-28 07:33:00.0;OFF;ON;50;-1,30;-0,70;-0,70;-3,70;96,30;0;0,60;6;50;-0,80;-0,60;
2026-07-28 07:34:00.0;OFF;ON;50;-1,20;-0,70;-0,70;-3,80;96,20;0;0,50;6;50;-0,80;-0,70;
2026-07-28 07:35:00.0;OFF;ON;50;-1,30;-0,70;-0,70;-3,80;96;0;0,60;6;50;-0,90;-0,70;
2026-07-28 07:36:00.0;OFF;ON;50;-1,30;-0,70;-0,70;-3,80;96;0;0,60;6;50;-0,90;-0,80;
2026-07-28 07:37:00.0;OFF;ON;50;-1,40;-0,80;-0,80;-3,90;95,80;0;0,60;6;50;-0,90;-0,80;
2026-07-28 07:38:00.0;OFF;ON;50;-1,40;-0,80;-0,80;-4;95,80;0;0,70;6;50;-0,90;-0,80;
2026-07-28 07:39:00.0;OFF;ON;50;-1,40;-0,80;-0,80;-4;95,70;0;0,60;6;50;-0,90;-0,80;
2026-07-28 07:40:00.0;OFF;ON;50;-1,40;-0,70;-0,70;-4;95,50;0;0,70;6;50;-0,90;-0,80;
2026-07-28 07:41:00.0;OFF;ON;50;-1,40;-0,70;-0,70;-4;95,50;0;0,70;6;50;-0,90;-0,80;
2026-07-28 07:42:00.0;OFF;ON;50;-1,50;-0,80;-0,80;-4;95,40;0;0,70;6;50;-1;-0,90;
2026-07-28 07:43:00.0;OFF;ON;50;-1,50;-0,90;-0,90;-4,10;95,30;0;0,60;6;50;-1;-0,90;
2026-07-28 07:44:00.0;OFF;ON;50;-1,40;-0,90;-0,90;-4,10;95,30;0;0,50;6;50;-1;-0,90;
2026-07-28 07:45:00.0;OFF;ON;50;-1,50;-0,90;-0,90;-4,10;95,30;0;0,60;6;50;-1;-0,90;
2026-07-28 07:46:00.0;OFF;ON;50;-1,60;-0,90;-0,90;-4,10;95,20;0;0,70;6;50;-1;-0,90;
2026-07-28 07:47:00.0;OFF;ON;50;-1,60;-0,90;-0,90;-4,20;95,20;0;0,70;6;50;-1;-0,90;
2026-07-28 07:48:00.0;OFF;ON;50;-1,50;-0,90;-0,90;-4,20;95,20;0;0,60;6;50;-1;-0,90;
2026-07-28 07:49:00.0;OFF;ON;50;-1,60;-0,90;-0,90;-4,20;95,10;0;0,70;6;50;-1;-1;
2026-07-28 07:50:00.0;OFF;ON;50;-1,50;-0,90;-0,90;-4,20;95,20;0;0,60;6;50;-1;-1;
2026-07-28 07:51:00.0;OFF;ON;50;-1,60;-0,90;-0,90;-4,20;95,70;0;0,60;6;50;-1;-1;
2026-07-28 07:52:00.0;OFF;ON;50;-1,60;-0,90;-0,90;-4,10;95,80;0;0,70;6;50;-1;-1;
2026-07-28 07:53:00.0;OFF;ON;50;-1,50;-0,90;-0,90;-4,10;96;0;0,60;6;50;-1;-0,90;
2026-07-28 07:54:00.0;OFF;ON;50;-1,40;-0,90;-0,90;-4,10;95,90;0;0,60;6;50;-1;-0,90;
2026-07-28 07:55:00.0;OFF;ON;50;-1,40;-0,90;-0,90;-4,20;95,70;0;0,50;6;50;-1;-0,90;
2026-07-28 07:56:00.0;OFF;ON;50;-1,50;-0,90;-0,90;-4,10;95,60;0;0,60;6;50;-1;-0,90;
2026-07-28 07:57:00.0;OFF;ON;50;-1,10;-0,90;-0,90;-4,10;95,50;0;0,20;6;50;-1;-0,90;
2026-07-28 07:58:00.0;OFF;ON;50;-0,90;-0,90;-0,90;-4,20;95,50;0;0;6;50;-1;-0,80;
2026-07-28 07:59:00.0;OFF;ON;50;-0,70;-0,80;-0,80;-4,10;95,80;0;-0,10;6;50,60;-0,90;-0,70;
2026-07-28 08:00:00.0;OFF;ON;50;-0,60;-0,70;-0,70;-4;96,20;0;-0,10;6;50,80;-0,90;-0,60;
2026-07-28 08:01:00.0;OFF;ON;50;-0,60;-0,60;-0,60;-3,80;96,80;0;-0,10;6;50,60;-0,80;-0,50;
2026-07-28 08:02:00.0;OFF;ON;50;-0,30;-0,60;-0,60;-3,70;97,20;0;-0,30;6;51,70;-0,70;-0,40;
2026-07-28 08:03:00.0;OFF;ON;50;-0,30;-0,50;-0,50;-3,70;97,30;0;-0,20;6;51,80;-0,70;-0,30;
2026-07-28 08:04:00.0;OFF;ON;50;0;-0,50;-0,50;-3,60;97,40;0;-0,40;6;52,80;-0,60;-0,20;
2026-07-28 08:05:00.0;OFF;ON;50;0,10;-0,40;-0,40;-3,50;97,60;0;-0,50;6;53,60;-0,50;-0,10;
2026-07-28 08:06:00.0;OFF;ON;50;0,20;-0,30;-0,30;-3,40;97,80;0;-0,50;6;54,50;-0,50;0;
2026-07-28 08:07:00.0;OFF;ON;50;0,30;-0,30;-0,30;-3,30;97,90;0;-0,60;6;55,30;-0,40;0,10;
2026-07-28 08:08:00.0;OFF;ON;50;0,30;-0,20;-0,20;-3,30;98;0;-0,50;6;55,50;-0,40;0,20;
2026-07-28 08:09:00.0;OFF;ON;50;0,40;-0,20;-0,20;-3,20;98,10;0;-0,60;6;56,40;-0,40;0,30;
2026-07-28 08:10:00.0;OFF;ON;50;0,50;-0,20;-0,20;-3,20;98,10;0;-0,70;6;57,50;-0,40;0,30;
2026-07-28 08:11:00.0;OFF;ON;50;0,50;-0,20;-0,20;-3,10;98,10;0;-0,60;6;58,50;-0,40;0,30;
2026-07-28 08:12:00.0;OFF;ON;50;0,60;-0,20;-0,20;-3,10;98,30;0;-0,70;6;59,40;-0,40;0,30;
2026-07-28 08:13:00.0;OFF;ON;50;0,50;-0,20;-0,20;-3,10;98,30;0;-0,60;6;59,80;-0,40;0,30;
2026-07-28 08:14:00.0;OFF;ON;50;0,60;-0,20;-0,20;-3;98,30;0;-0,70;6;61,10;-0,40;0,30;
2026-07-28 08:15:00.0;OFF;ON;50;0,50;-0,20;-0,20;-3;98,30;0;-0,60;6;61,30;-0,40;0,30;
2026-07-28 08:16:00.0;OFF;ON;50;0,50;-0,10;-0,10;-2,90;98,30;0;-0,60;6;62,10;-0,40;0,30;
2026-07-28 08:17:00.0;OFF;ON;50;0,50;-0,10;-0,10;-2,80;98,30;0;-0,60;6;62,80;-0,30;0,30;
2026-07-28 08:18:00.0;OFF;ON;50;0,60;-0,10;-0,10;-2,80;98,30;0;-0,70;6;64,20;-0,30;0,30;
2026-07-28 08:19:00.0;OFF;ON;50;0,50;-0,10;-0,10;-2,80;98,30;0;-0,70;6;64,80;-0,30;0,30;
2026-07-28 08:20:00.0;OFF;ON;50;0,70;-0,10;-0,10;-2,80;98,30;0;-0,80;6;66,10;-0,30;0,30;
2026-07-28 08:21:00.0;OFF;ON;50;0,60;-0,10;-0,10;-2,80;98,30;0;-0,60;6;66,40;-0,30;0,30;
2026-07-28 08:22:00.0;OFF;ON;50;0,70;-0,10;-0,10;-2,80;98,30;0;-0,80;6;67,90;-0,30;0,30;
2026-07-28 08:23:00.0;OFF;ON;50;0,70;-0,10;-0,10;-2,80;98,30;0;-0,80;6;68,50;-0,30;0,30;
2026-07-28 08:24:00.0;OFF;ON;50;0,80;-0,10;-0,10;-2,80;98,30;0;-0,80;6;69,70;-0,30;0,30;
2026-07-28 08:25:00.0;OFF;ON;50;0,80;-0,10;-0,10;-2,70;98,30;0;-0,80;6;70,70;-0,30;0,30;
2026-07-28 08:26:00.0;OFF;ON;50;0,70;-0,10;-0,10;-2,80;98,30;0;-0,70;6;71,20;-0,30;0,30;
2026-07-28 08:27:00.0;OFF;ON;50;0,70;-0,10;-0,10;-2,80;98,30;0;-0,80;6;72;-0,30;0,30;
2026-07-28 08:28:00.0;OFF;ON;50;0,70;-0,10;-0,10;-2,80;98,30;0;-0,70;6;73,20;-0,30;0,30;
2026-07-28 08:29:00.0;OFF;ON;50;0,80;-0,10;-0,10;-2,80;98,30;0;-0,80;6;74,40;-0,30;0,30;
2026-07-28 08:30:00.0;OFF;ON;50;0,80;0;0;-2,80;98,30;0;-0,90;6;75,50;-0,30;0,30;
2026-07-28 08:31:00.0;OFF;ON;50;0,80;0;0;-2,70;98,30;0;-0,80;6;76,50;-0,30;0,30;
2026-07-28 08:32:00.0;OFF;ON;50;0,70;0;0;-2,70;98,30;0;-0,70;6;76,90;-0,30;0,30;
2026-07-28 08:33:00.0;OFF;ON;50;0,90;0;0;-2,70;98,30;0;-0,80;6;78,30;-0,10;0,30;
2026-07-28 08:34:00.0;OFF;ON;50;0,80;0,10;0,10;-2,60;98,30;0;-0,70;6;78,80;-0,10;0,30;
2026-07-28 08:35:00.0;OFF;ON;50;1;0,10;0,10;-2,60;98,40;0;-0,90;6;80,50;0;0,30;
2026-07-28 08:36:00.0;OFF;ON;50;1;0,10;0,10;-2,50;98,40;0;-0,90;6;81,10;0;0,30;
2026-07-28 08:37:00.0;OFF;ON;50;1,10;0,20;0,20;-2,50;98,40;0;-0,90;6;82,50;0,10;0,30;
2026-07-28 08:38:00.0;OFF;ON;50;1,10;0,20;0,20;-2,40;98,40;0;-0,90;6;83,80;0,20;0,30;
2026-07-28 08:39:00.0;OFF;ON;50;1,20;0,20;0,20;-2,50;98,40;0;-1;6;85,20;0,20;0,30;
2026-07-28 08:40:00.0;OFF;ON;50;1,10;0,20;0,20;-2,40;98,40;0;-0,90;6;85,80;0,30;0,30;
2026-07-28 08:41:00.0;OFF;ON;50;1,20;0,20;0,20;-2,50;98,40;0;-1;6;87,40;0,30;0,30;
2026-07-28 08:42:00.0;OFF;ON;50;1,30;0,20;0,20;-2,50;98,40;0;-1,10;6;89,10;0,30;0,30;
2026-07-28 08:43:00.0;OFF;ON;50;1,20;0,20;0,20;-2,50;98,40;0;-1;6;89,80;0,40;0,30;
2026-07-28 08:44:00.0;OFF;ON;50;1,30;0,30;0,30;-2,50;98,40;0;-1;6;91,30;0,50;0,30;
2026-07-28 08:45:00.0;OFF;ON;50;1,40;0,30;0,30;-2,50;98,40;0;-1,10;6;92,40;0,50;0,30;
2026-07-28 08:46:00.0;OFF;ON;50;1,40;0,50;0,50;-2,40;98,40;0;-1;6;93,30;1;0,40;
2026-07-28 08:47:00.0;OFF;ON;50;1,40;0,60;0,60;-2,30;98,40;0;-0,80;6;93,70;1;0,40;
2026-07-28 08:48:00.0;OFF;ON;50;1,50;0,70;0,70;-1,90;98,40;0;-0,80;6;94,80;1;0,40;
2026-07-28 08:49:00.0;OFF;ON;50;1,50;0,60;0,90;0,20;98,40;1,70;-0,60;6;96,30;1,20;0,40;
2026-07-28 08:50:00.0;OFF;ON;50;1,50;0,80;0,80;-0,80;98,40;113,40;-0,70;6;96;1,30;0,40;
2026-07-28 08:51:00.0;OFF;ON;50;1,60;-1,10;0,90;39,10;98,40;113,60;-0,70;2;90;1,50;0,50;
2026-07-28 08:52:00.0;OFF;ON;50;1,80;-1;1;41,90;98,40;113,60;-0,70;2;94;1,70;0,40;
2026-07-28 08:53:00.0;OFF;ON;50;1,80;-0,80;1,20;42,60;98,40;113,60;-0,60;2;96,70;1,70;0,50;
2026-07-28 08:54:00.0;ON;OFF;50;1,90;-0,80;1,20;42,90;98,40;113,60;-0,70;2;99,70;1,80;0,50;
2026-07-28 08:55:00.0;ON;OFF;50;2;-0,70;1,30;43,20;98,40;113,60;-0,70;2;100;1,80;0,50;
2026-07-28 08:56:00.0;ON;OFF;50;2;-0,60;1,40;43,30;98,40;113,60;-0,60;2;99,70;2;0,60;
2026-07-28 08:57:00.0;ON;OFF;50;1,90;-0,60;1,40;43,40;98,40;113,60;-0,40;2;99,80;2;0,60;
2026-07-28 08:58:00.0;ON;OFF;50;1,80;-0,60;1,40;43,50;98,40;113,60;-0,40;2;100;2;0,60;
2026-07-28 08:59:00.0;ON;OFF;50;1,30;-0,50;1,50;43,50;98,40;113,60;0,20;2;100;2;0,60;
2026-07-28 09:00:00.0;ON;OFF;50;0,70;-0,50;1,50;43,60;98,40;113,60;0,80;2;99,40;1,90;0,60;
2026-07-28 09:01:00.0;ON;OFF;50;0,50;-0,40;1,60;43,70;98,40;113,60;1,10;2;99,80;2;0,60;
2026-07-28 09:02:00.0;ON;OFF;50;0,30;-0,40;1,60;43,70;98,40;113,50;1,30;2;100;2;0,60;
2026-07-28 09:03:00.0;ON;OFF;50;0,10;-0,30;1,70;43,70;98,40;113,50;1,60;2;99,50;2,10;0,70;
2026-07-28 09:04:00.0;ON;OFF;50;0;-0,30;1,70;43,70;98,40;113,50;1,70;2;99,20;2;0,60;
2026-07-28 09:05:00.0;ON;OFF;50;-0,10;-0,30;1,70;43,80;98,40;113,50;1,70;2;99,50;1,80;0,60;
2026-07-28 09:06:00.0;ON;OFF;50;-0,50;-0,30;1,70;43,80;98,40;113,50;2,20;2;97,80;1,80;0,60;
2026-07-28 09:07:00.0;ON;OFF;50;-0,80;-0,30;1,70;43,80;98,40;113,40;2,40;2;96,40;1,80;0,50;
2026-07-28 09:08:00.0;ON;OFF;50;-0,80;-0,30;1,70;43,80;98,40;113,40;2,50;2;95,30;1,70;0,40;
2026-07-28 09:09:00.0;ON;OFF;50;-0,90;-0,30;1,70;43,80;98,40;113,40;2,60;2;94,10;1,70;0,40;
2026-07-28 09:10:00.0;ON;OFF;50;-1,10;-0,30;1,70;43,80;98,40;113,40;2,80;2;92,50;1,80;0,40;
2026-07-28 09:11:00.0;ON;OFF;50;-1,10;-0,20;1,80;43,90;98,40;113,40;2,90;2;91,10;1,90;0,40;
2026-07-28 09:12:00.0;ON;OFF;50;-1,30;-0,30;1,70;43,90;98,40;113,40;3;2;89,40;1,90;0,30;
2026-07-28 09:13:00.0;ON;OFF;50;-1,40;-0,30;1,80;43,90;98,40;113,40;3,10;2;87,70;2;0,30;
2026-07-28 09:14:00.0;ON;OFF;50;-1,50;-0,30;1,70;43,90;98,40;113,40;3,20;2;85,70;2;0,30;
2026-07-28 09:15:00.0;ON;OFF;50;-1,70;-0,20;1,80;43,90;98,40;113,40;3,40;2;83,30;2,10;0,30;
2026-07-28 09:16:00.0;ON;OFF;50;-1,90;-0,30;1,70;43,90;98,40;113,40;3,60;2;81;2,10;0,30;
2026-07-28 09:17:00.0;ON;OFF;50;-1,90;-0,10;1,90;43,90;98,40;113,40;3,80;2;78,50;2,50;0,30;
2026-07-28 09:18:00.0;ON;OFF;50;-1,90;-0,10;1,90;43,90;98,40;113,40;3,80;2;76,20;2,70;0,30;
2026-07-28 09:19:00.0;ON;OFF;50;-2,10;-0,10;1,90;43,90;98,40;113,40;4;2;73,10;2,80;0,30;
2026-07-28 09:20:00.0;ON;OFF;50;-2,30;-0,20;1,80;43,90;98,40;113,30;4,10;2;69,80;2,70;0,20;
2026-07-28 09:21:00.0;ON;OFF;50;-2,60;-0,10;1,90;43,90;98,40;113,30;4,50;2;65,60;2,70;0,30;
2026-07-28 09:22:00.0;ON;OFF;50;-2,80;-0,10;1,90;43,90;98,40;113,30;4,80;2;62,60;2,80;0,30;
2026-07-28 09:23:00.0;ON;OFF;50;-1,40;-0,20;1,80;43,90;98,40;113,30;3,20;2;66,50;2,20;0,10;
2026-07-28 09:24:00.0;ON;OFF;50;-1,30;-0,10;1,90;43,90;98,40;113,30;3,20;2;64,70;1,90;0,20;
2026-07-28 09:25:00.0;ON;OFF;50;-1,20;0;2;43,90;98,40;113,30;3,20;2;63,40;1,90;0,20;
2026-07-28 09:26:00.0;ON;OFF;50;-1,10;0;2;43,90;98,40;113,30;3,10;2;63,20;1,90;0,20;
2026-07-28 09:27:00.0;ON;OFF;50;-0,40;0;2;43,90;98,40;113,30;2,50;2;63,70;2;0,40;
2026-07-28 09:28:00.0;ON;OFF;50;-0,60;0;2;43,90;98,40;113,30;2,60;2;62,90;2;0,50;
2026-07-28 09:29:00.0;ON;OFF;50;-0,70;0,10;2,10;43,90;98,40;113,30;2,80;2;60,70;2,10;0,50;
2026-07-28 09:30:00.0;ON;OFF;50;-0,70;0,10;2,10;43,90;98,40;113,20;2,80;2;60,40;2,10;0,50;
2026-07-28 09:31:00.0;ON;OFF;50;-0,50;0,30;2,30;43,90;98,40;113,20;2,80;2;58,80;2,20;0,50;
2026-07-28 09:32:00.0;ON;OFF;50;-0,60;0,40;2,40;43,90;98,40;113,20;3;2;57,10;2,30;0,60;
2026-07-28 09:33:00.0;ON;OFF;50;-0,40;0,40;2,40;43,90;98,40;113,20;2,90;2;56,90;2,30;0,60;
2026-07-28 09:34:00.0;ON;OFF;50;0,10;0,60;2,60;43,80;98,40;113,20;2,50;2;57,30;2,50;0,70;
2026-07-28 09:35:00.0;ON;OFF;50;0;0,60;2,60;43,80;98,40;113,10;2,70;2;55,90;2,50;0,80;
2026-07-28 09:36:00.0;ON;OFF;50;-0,10;0,70;2,70;43,80;98,40;113,10;2,80;2;54,90;2,50;0,80;
2026-07-28 09:37:00.0;ON;OFF;50;0;0,80;2,80;43,80;98,40;113,10;2,80;2;54;2,40;0,90;
2026-07-28 09:38:00.0;ON;OFF;50;0;0,60;2,60;43,80;98,40;113,10;2,60;2;54;2,10;0,80;
2026-07-28 09:39:00.0;ON;OFF;50;0,10;0,50;2,50;43,80;98,40;113,10;2,40;2;53,90;1,80;0,70;
2026-07-28 09:40:00.0;ON;OFF;50;0,30;0,40;2,40;43,80;98,40;113,10;2,20;2;54,50;1,70;0,70;
2026-07-28 09:41:00.0;ON;OFF;50;0,20;0,40;2,40;43,80;98,40;113,10;2,20;2;54,20;1,70;0,70;
2026-07-28 09:42:00.0;ON;OFF;50;0,30;0,40;2,40;43,70;98,40;113,10;2,10;2;54,20;1,60;0,70;
2026-07-28 09:43:00.0;ON;OFF;50;0,30;0,40;2,40;43,70;98,40;113,10;2,10;2;54,20;1,60;0,80;
2026-07-28 09:44:00.0;ON;OFF;50;0,10;0,40;2,40;43,70;98,40;113,10;2,40;2;52,80;1,60;0,80;
2026-07-28 09:45:00.0;ON;OFF;50;0,30;0,40;2,40;43,70;98,40;113,10;2,10;2;53,70;1,60;0,80;
2026-07-28 09:46:00.0;ON;OFF;50;0,20;0,40;2,40;43,70;98,50;113,10;2,20;2;53,10;1,60;0,80;
2026-07-28 09:47:00.0;ON;OFF;50;0;0,40;2,40;43,70;98,50;113,10;2,40;2;52,10;1,60;0,80;
2026-07-28 09:48:00.0;ON;OFF;50;0,10;0,30;2,30;43,60;98,50;113,10;2,30;2;51,90;1,50;0,70;
2026-07-28 09:49:00.0;ON;OFF;50;0,30;0,30;2,30;43,60;98,50;113,10;2;2;52,60;1,50;0,80;
2026-07-28 09:50:00.0;ON;OFF;50;0,10;0,30;2,30;43,60;98,50;113,10;2,20;2;51,80;1,50;0,80;
2026-07-28 09:51:00.0;ON;OFF;50;0,30;0,40;2,40;43,60;98,50;113;2;2;52,20;1,50;0,80;
2026-07-28 09:52:00.0;ON;OFF;50;0,20;0,30;2,30;43,50;98,50;113;2,10;2;52;1,50;0,90;
2026-07-28 09:53:00.0;ON;OFF;50;0,30;0,40;2,40;43,50;98,50;113;2;2;52;1,50;0,90;
2026-07-28 09:54:00.0;ON;OFF;50;0,30;0,40;2,40;43,50;98,50;113;2;2;51,90;1,50;0,90;
2026-07-28 09:55:00.0;ON;OFF;50;0,30;0,40;2,40;43,50;98,50;113;2,10;2;51,70;1,50;0,90;
2026-07-28 09:56:00.0;ON;OFF;50;0,20;0,40;2,40;43,50;98,50;113;2,10;2;51,20;1,50;0,90;
2026-07-28 09:57:00.0;ON;OFF;50;0,40;0,40;2,40;43,50;98,50;113;2;2;51,40;1,50;0,90;
2026-07-28 09:58:00.0;ON;OFF;50;0,30;0,60;2,60;43,40;98,50;113;2,30;2;50,30;2,10;1;
2026-07-28 09:59:00.0;ON;OFF;50;0,40;0,70;2,70;43,40;98,50;113;2,30;2;50;2,40;1,30;
2026-07-28 10:00:00.0;ON;OFF;50;0,70;0,90;2,90;43,30;98,50;113;2,10;2;50;2,50;1,50;
2026-07-28 10:01:00.0;ON;OFF;50;0,80;1,10;3,10;43,30;98,50;113;2,30;2;50;2,70;1,70;
2026-07-28 10:02:00.0;ON;OFF;50;0,90;1,10;3,20;43,30;98,50;113;2,30;2;50;2,90;1,80;
2026-07-28 10:03:00.0;ON;OFF;50;0,90;1,30;3,30;43,30;98,50;113;2,30;2;50;2,80;1,90;
2026-07-28 10:04:00.0;ON;OFF;50;1,20;1,40;3,40;43,20;98,50;113;2,20;2;50;2,90;2;
2026-07-28 10:05:00.0;ON;OFF;50;1,30;1,70;3,70;43,20;98,50;113;2,40;2;50;3;2,10;
2026-07-28 10:06:00.0;ON;OFF;50;1,60;1,90;3,90;43,20;98,50;112,90;2,30;2;50;3,20;2,30;
2026-07-28 10:07:00.0;ON;OFF;50;1,80;2,10;4,10;43,10;98,50;112,90;2,30;2;50;3,30;2,50;
2026-07-28 10:08:00.0;ON;OFF;50;1,80;2,30;4,30;43,10;98,50;112,90;2,40;2;50;3,50;2,70;
2026-07-28 10:09:00.0;ON;OFF;50;2;2,50;4,50;43,10;98,50;112,90;2,50;2;50;3,70;2,90;
2026-07-28 10:10:00.0;ON;OFF;50;2,20;2,80;4,80;43;98,50;112,90;2,60;2;50;4;3;
2026-07-28 10:11:00.0;ON;OFF;50;2,40;3;5;43;98,50;112,90;2,60;2;50;4,20;3,20;
2026-07-28 10:12:00.0;ON;OFF;50;2,50;3,10;5,10;43;98,50;112,90;2,60;2;50;4,40;3,40;
2026-07-28 10:13:00.0;ON;OFF;50;2,50;3,20;5,20;42,90;98,50;112,90;2,60;2;50;4,40;3,40;
2026-07-28 10:14:00.0;ON;OFF;50;2,50;3,40;5,40;42,90;98,50;112,80;2,90;2;50;4,70;3,60;
2026-07-28 10:15:00.0;ON;OFF;50;2,50;3,40;5,40;42,90;98,50;112,80;2,90;2;50;4,80;3,70;
2026-07-28 10:16:00.0;ON;OFF;50;2,90;3,70;5,70;42,80;98,50;112,80;2,80;2;50;4,90;3,80;
2026-07-28 10:17:00.0;ON;OFF;50;2,80;3,80;5,80;42,80;98,50;112,80;3;2;50;4,90;3,90;
2026-07-28 10:18:00.0;ON;OFF;50;2,90;3,90;5,90;42,70;98,50;112,80;3;2;50;5;4;
2026-07-28 10:19:00.0;ON;OFF;50;3,20;4,10;6,10;42,70;98,50;112,80;2,80;2;50;5,20;4,10;
2026-07-28 10:20:00.0;ON;OFF;50;3,20;4,30;6,30;42,70;98,50;112,80;3,20;2;50;5,30;4,30;
2026-07-28 10:21:00.0;ON;OFF;50;3,30;4,50;6,50;42,60;98,50;112,80;3,20;2;50;5,50;4,30;
2026-07-28 10:22:00.0;ON;OFF;50;3,50;4,70;6,70;42,60;98,50;112,80;3,20;2;50;5,70;4,40;
2026-07-28 10:23:00.0;ON;OFF;50;3,60;4,80;6,80;42,50;98,50;112,80;3,20;2;50;5,80;4,60;
2026-07-28 10:24:00.0;ON;OFF;50;3,60;4,90;6,90;42,50;98,50;112,80;3,30;2;50;5,80;4,60;
2026-07-28 10:25:00.0;ON;OFF;50;4;5,10;7,10;42,40;98,60;112,80;3,10;2;50;6;4,80;
2026-07-28 10:26:00.0;ON;OFF;50;4,10;5,20;7,20;42,40;98,60;112,80;3,10;2;50;6,10;4,90;
2026-07-28 10:27:00.0;ON;OFF;50;3,90;5,40;7,40;42,40;98,60;112,80;3,40;2;50;6,40;5;
2026-07-28 10:28:00.0;ON;OFF;50;3,90;5,40;7,40;42,30;98,60;112,70;3,50;2;50;6,40;5,10;
2026-07-28 10:29:00.0;ON;OFF;50;4,30;5,60;7,60;42,30;98,60;112,70;3,30;2;50;6,50;5,10;
2026-07-28 10:30:00.0;ON;OFF;50;4,10;5,70;7,70;42,20;98,60;112,70;3,60;2;50;6,80;5,30;
2026-07-28 10:31:00.0;ON;OFF;50;4,20;5,80;7,80;42,20;98,60;112,80;3,60;2;50;7,10;5,50;
2026-07-28 10:32:00.0;ON;OFF;50;4,50;5,90;7,90;42,10;98,60;112,80;3,30;2;50;7,30;5,60;
2026-07-28 10:33:00.0;ON;OFF;50;4,30;6,10;8,10;42,10;98,60;112,80;3,80;2;50;7,60;5,90;
2026-07-28 10:34:00.0;ON;OFF;50;4,40;6,20;8,20;42;98,60;112,80;3,80;2;50;7,70;5,90;
2026-07-28 10:35:00.0;ON;OFF;50;4,50;6,30;8,30;41,90;98,60;112,70;3,70;2;50;7,80;6;
2026-07-28 10:36:00.0;ON;OFF;50;4,60;6,40;8,40;41,90;98,60;112,80;3,80;2;50;8;6,30;
2026-07-28 10:37:00.0;ON;OFF;50;4,60;6,50;8,50;41,90;98,60;112,70;3,90;2;50;8,20;6,30;
2026-07-28 10:38:00.0;ON;OFF;50;4,60;6,60;8,60;41,80;98,60;112,80;4;2;50;8,20;6,40;
2026-07-28 10:39:00.0;ON;OFF;50;5;6,70;8,70;41,80;98,60;112,80;3,80;2;50;8,40;6,50;
2026-07-28 10:40:00.0;ON;OFF;50;4,90;6,90;8,90;41,70;98,60;112,80;4,10;2;50;8,50;6,70;
2026-07-28 10:41:00.0;ON;OFF;50;5;7,10;9,10;41,60;98,60;112,70;4,10;2;50;8,60;6,80;
2026-07-28 10:42:00.0;ON;OFF;50;5;7,20;9,20;41,60;98,60;112,70;4,20;2;50;8,70;6,80;
2026-07-28 10:43:00.0;ON;OFF;50;5,10;7,30;9,30;41,50;98,60;112,70;4,20;2;50;8,80;6,90;
2026-07-28 10:44:00.0;ON;OFF;50;5,30;7,40;9,40;41,50;98,60;112,70;4,20;2;50;9,20;7,10;
2026-07-28 10:45:00.0;ON;OFF;50;5,30;7,50;9,50;41,40;98,60;112,70;4,20;2;50;9,30;7,30;
2026-07-28 10:46:00.0;ON;OFF;50;5,30;7,60;9,60;41,40;98,60;112,70;4,30;2;50;9,50;7,40;
2026-07-28 10:47:00.0;ON;OFF;50;5,80;7,80;9,80;41,30;98,60;112,70;4;2;50;9,70;7,70;
2026-07-28 10:48:00.0;ON;OFF;50;5,60;8;10;41,30;98,60;112,70;4,40;2;50;9,90;7,80;
2026-07-28 10:49:00.0;ON;OFF;50;5,70;8,10;10,10;41,20;98,60;112,70;4,40;2;50;10;7,90;
2026-07-28 10:50:00.0;ON;OFF;50;5,60;8,20;10,20;41,10;98,70;112,70;4,60;2;50;10;8;
2026-07-28 10:51:00.0;ON;OFF;50;5,50;8,20;10,20;41,10;98,70;112,70;4,70;2;50;10,10;8;
2026-07-28 10:52:00.0;ON;OFF;50;5,50;8,40;10,40;41;98,70;112,70;4,80;2;50;10,10;7,90;
2026-07-28 10:53:00.0;ON;OFF;50;5,50;8,50;10,50;41;98,70;112,70;5;2;50;10;7,90;
2026-07-28 10:54:00.0;ON;OFF;50;5,50;8,50;10,50;40,90;98,70;112,70;5;2;50;10,10;7,90;
2026-07-28 10:55:00.0;ON;OFF;50;5,60;8,70;10,70;40,80;98,70;112,70;5;2;50;10,20;8;
2026-07-28 10:56:00.0;ON;OFF;50;5,80;8,80;10,80;40,80;98,70;112,70;5;2;50;10,30;8;
2026-07-28 10:57:00.0;ON;OFF;50;5,90;8,80;10,80;40,70;98,70;112,70;4,90;2;50;10,30;8,10;
2026-07-28 10:58:00.0;ON;OFF;50;5,80;8,90;10,90;40,70;98,70;112,70;5,10;2;50;10,40;8,10;
2026-07-28 10:59:00.0;ON;OFF;50;5,90;9;11;40,60;98,70;112,70;5,10;2;50;10,60;8,20;
2026-07-28 11:00:00.0;ON;OFF;50;5,90;9,10;11,10;40,50;98,70;112,60;5,20;2;50;10,90;8,40;
2026-07-28 11:01:00.0;ON;OFF;50;6,10;9,20;11,20;40,40;98,70;112,70;5;2;50;11;8,50;
2026-07-28 11:02:00.0;ON;OFF;50;6,10;9,30;11,30;40,40;98,70;112,50;5,20;2;50;11,30;8,70;
2026-07-28 11:03:00.0;ON;OFF;50;6,20;9,50;11,50;40,30;98,70;112,50;5,30;2;50;11,50;8,80;
2026-07-28 11:04:00.0;ON;OFF;50;6,40;9,50;11,50;40,30;98,70;112,50;5,20;2;50;11,50;8,90;
2026-07-28 11:05:00.0;ON;OFF;50;6,50;9,60;11,60;40,20;98,70;112,50;5,20;2;50;11,60;8,90;
2026-07-28 11:06:00.0;ON;OFF;50;6,40;9,70;11,70;40,10;98,70;112,60;5,20;2;50;11,60;9;
2026-07-28 11:07:00.0;ON;OFF;50;6,50;9,80;11,80;40;98,70;112,60;5,30;2;50;11,80;9,10;
2026-07-28 11:08:00.0;ON;OFF;50;6,70;10;12;40;98,70;112,70;5,30;2;50;12,20;9,20;
2026-07-28 11:09:00.0;ON;OFF;50;6,70;10;12;39,90;98,70;112,60;5,30;2;50;12,20;9,30;
2026-07-28 11:10:00.0;ON;OFF;50;6,70;10,20;12,20;39,90;98,70;112,70;5,40;2;50;12;9,30;
2026-07-28 11:11:00.0;ON;OFF;50;6,80;10,20;12,20;39,80;98,70;112,40;5,50;2;50;12,10;9,40;
2026-07-28 11:12:00.0;ON;OFF;50;7;10,30;12,30;39,80;98,70;112,60;5,30;2;50;12,30;9,50;
2026-07-28 11:13:00.0;ON;OFF;50;7,10;10,50;12,50;39,70;98,70;112,40;5,40;2;50;12,80;9,70;
2026-07-28 11:14:00.0;ON;OFF;50;7,10;10,50;12,50;39,60;98,70;112,50;5,40;2;50;12,80;9,70;
2026-07-28 11:15:00.0;ON;OFF;50;7;10,50;12,50;39,60;98,70;112,50;5,50;2;50;12,70;9,80;
2026-07-28 11:16:00.0;ON;OFF;50;7,20;10,60;12,60;39,50;98,70;112,60;5,40;2;50;12,60;9,80;
2026-07-28 11:17:00.0;ON;OFF;50;7,30;10,70;12,70;39,50;98,70;112,60;5,30;2;50;12,60;9,80;
2026-07-28 11:18:00.0;ON;OFF;50;7,40;10,80;12,80;39,40;98,70;112,50;5,40;2;50;12,90;9,90;
2026-07-28 11:19:00.0;ON;OFF;50;7,40;10,90;12,90;39,30;98,70;112,50;5,50;2;50;12,80;9,90;
2026-07-28 11:20:00.0;ON;OFF;50;7,50;10,90;12,90;39,30;98,70;112,50;5,40;2;50;12,80;10;
2026-07-28 11:21:00.0;ON;OFF;50;7,40;11;13;39,20;98,80;112,50;5,60;2;50;12,80;10;
2026-07-28 11:22:00.0;ON;OFF;50;7,60;11;13;39,20;98,80;112,50;5,40;2;50;13,10;10,20;
2026-07-28 11:23:00.0;ON;OFF;50;7,50;11,10;13,10;39,10;98,80;112,50;5,50;2;50;13,10;10,20;
2026-07-28 11:24:00.0;ON;OFF;50;7,70;11,20;13,20;39,10;98,80;112,50;5,50;2;50;13,30;10,30;
2026-07-28 11:25:00.0;ON;OFF;50;7,60;11,30;13,30;39;98,80;112,40;5,60;2;50;13,50;10,50;
2026-07-28 11:26:00.0;ON;OFF;50;7,70;11,30;13,30;38,90;98,80;112,50;5,60;2;50;13,30;10,40;
2026-07-28 11:27:00.0;ON;OFF;50;7,90;11,40;13,40;38,90;98,80;112,50;5,50;2;50;13,40;10,40;
2026-07-28 11:28:00.0;ON;OFF;50;7,80;11,40;13,40;38,80;98,80;112,40;5,60;2;50;13,40;10,50;
2026-07-28 11:29:00.0;ON;OFF;50;8;11,50;13,50;38,70;98,80;112,40;5,60;2;50;13,60;10,60;
2026-07-28 11:30:00.0;ON;OFF;50;7,90;11,60;13,60;38,70;98,80;112,40;5,70;2;50;13,80;10,70;
2026-07-28 11:31:00.0;ON;OFF;50;8,10;11,80;13,80;38,60;98,80;112,40;5,60;2;50;14,10;11,10;
2026-07-28 11:32:00.0;ON;OFF;50;8,20;11,90;13,90;38,50;98,80;112,40;5,70;2;50;14,40;11,20;
2026-07-28 11:33:00.0;ON;OFF;50;8,10;11,90;13,90;38,50;98,80;112,40;5,80;2;50;14,60;11,40;
2026-07-28 11:34:00.0;ON;OFF;50;8,30;11,90;13,90;38,40;98,80;112,40;5,70;2;50;14,60;11,40;
2026-07-28 11:35:00.0;ON;OFF;50;8,40;12;14;38,30;98,80;112,40;5,70;2;50;14,60;11,40;
2026-07-28 11:36:00.0;ON;OFF;50;8,30;12;14;38,30;98,80;112,40;5,70;2;50;14,70;11,50;
2026-07-28 11:37:00.0;ON;OFF;50;8,50;12;14;38,20;98,80;112,40;5,50;2;50;14,70;11,50;
2026-07-28 11:38:00.0;ON;OFF;50;8,50;11,10;14,10;38,20;98,80;112,40;5,60;3;50;14,60;12,10;
2026-07-28 11:39:00.0;ON;OFF;50;8,70;11,10;14,10;38,10;98,80;112,40;5,50;3;50;14,60;12,30;
2026-07-28 11:40:00.0;ON;OFF;50;8,90;11,20;14,20;38;98,80;112,40;5,30;3;50;14,50;12,50;
2026-07-28 11:41:00.0;OFF;ON;70;8,90;11,20;14,20;38;98,80;112,50;5,30;3;50;14,60;12,50;
2026-07-28 11:42:00.0;OFF;ON;70;9;11,20;14,20;37,90;98,80;112,50;5,30;3;50;14,60;12,50;
2026-07-28 11:43:00.0;OFF;ON;70;9,10;11,20;14,20;37,80;98,80;112,50;5,20;3;50;14,50;12,50;
2026-07-28 11:44:00.0;OFF;ON;70;9,20;11,30;14,30;37,80;98,80;112,50;5,10;3;50;14,50;12,60;
2026-07-28 11:45:00.0;OFF;ON;70;9,10;11,30;14,30;37,70;98,80;112,50;5,20;3;50;14,60;12,60;
2026-07-28 11:46:00.0;OFF;ON;70;9,10;11,20;14,20;37,60;98,80;112,50;5,10;3;50;14,50;12,60;
2026-07-28 11:47:00.0;OFF;ON;70;9,30;11,30;14,30;37,60;98,80;112,40;5;3;50;14,50;12,50;
2026-07-28 11:48:00.0;OFF;ON;70;9,20;11,20;14,20;37,50;98,80;112,50;5,10;3;50;14,40;12,50;
2026-07-28 11:49:00.0;OFF;ON;70;9,30;11,30;14,30;37,40;98,80;112,50;5;3;50;14,50;12,50;
2026-07-28 11:50:00.0;OFF;ON;70;9,30;11,20;14,20;37,40;98,80;112,40;4,90;3;50;14,40;12,50;
2026-07-28 11:51:00.0;OFF;ON;70;9,40;11,30;14,30;37,30;98,80;112,40;4,90;3;50;14,50;12,50;
2026-07-28 11:52:00.0;OFF;ON;70;9,20;11,20;14,20;37,20;98,80;112,40;5;3;50;14,50;12,50;
2026-07-28 11:53:00.0;OFF;ON;70;9,20;11,20;14,20;37,20;98,80;112,40;5;3;50;14,50;12,50;
2026-07-28 11:54:00.0;OFF;ON;70;9,20;11,20;14,20;37,10;98,80;112,40;5,10;3;50;14,50;12,50;
2026-07-28 11:55:00.0;OFF;ON;70;9,20;11,20;14,20;37;98,80;112,40;5;3;50;14,40;12,50;
2026-07-28 11:56:00.0;OFF;ON;70;9,20;11,20;14,20;37;98,80;112,40;5;3;50;14,40;12,50;
2026-07-28 11:57:00.0;OFF;ON;70;9,30;11,20;14,20;36,90;98,80;112,40;4,90;3;50;14,30;12,50;
2026-07-28 11:58:00.0;OFF;ON;70;9,20;11,10;14,10;36,80;98,80;112,40;5;3;50;14,40;12,50;
2026-07-28 11:59:00.0;OFF;ON;70;9,20;11,10;14,10;36,80;98,80;112,50;4,90;3;50;14,30;12,40;
2026-07-28 12:00:00.0;OFF;ON;70;9,20;11,10;14,10;36,70;98,80;112,60;4,90;3;50;14,30;12,40;
2026-07-28 12:01:00.0;OFF;ON;70;9,20;11,10;14,10;36,60;98,90;112,50;4,90;3;50;14,30;12,30;
2026-07-28 12:02:00.0;OFF;ON;70;9;11;14;36,60;98,90;112,40;5;3;50;14,30;12,40;
2026-07-28 12:03:00.0;OFF;ON;70;9,20;11,10;14,10;36,50;98,90;112,40;4,90;3;50;14,30;12,30;
2026-07-28 12:04:00.0;OFF;ON;70;9,10;11;14;36,40;98,90;112,40;4,90;3;50;14,20;12,30;
2026-07-28 12:05:00.0;OFF;ON;70;9;11;14;36,40;98,90;112,40;5;3;50;14,20;12,30;
2026-07-28 12:06:00.0;OFF;ON;70;9,10;11;14;36,30;98,90;112,40;4,90;3;50;14;12,20;
2026-07-28 12:07:00.0;OFF;ON;70;9;10,90;13,90;36,20;98,90;112,40;4,90;3;50;14;12,20;
2026-07-28 12:08:00.0;OFF;ON;70;9;10,90;13,90;36,20;98,90;112,40;4,90;3;50;14;12,20;
2026-07-28 12:09:00.0;OFF;ON;70;8,90;10,90;13,90;36,10;98,90;112,40;4,90;3;50;14;12,10;
2026-07-28 12:10:00.0;OFF;ON;70;9;10,80;13,80;36;98,90;112,40;4,80;3;50;14;12,10;
2026-07-28 12:11:00.0;OFF;ON;70;9;10,80;13,80;36;98,80;112,40;4,80;3;50;14;12,10;
2026-07-28 12:12:00.0;OFF;ON;70;8,80;10,80;13,80;35,90;98,80;112,40;5;3;50;13,90;12;
2026-07-28 12:13:00.0;OFF;ON;70;8,90;10,80;13,80;35,80;98,80;112,50;4,90;3;50;13,90;12;
2026-07-28 12:14:00.0;OFF;ON;70;8,90;10,70;13,70;35,80;98,80;112,40;4,80;3;50;13,80;11,90;
2026-07-28 12:15:00.0;OFF;ON;70;8,90;10,70;13,70;35,70;98,80;112,40;4,80;3;50;13,80;11,90;
2026-07-28 12:16:00.0;OFF;ON;70;8,90;10,70;13,70;35,60;98,80;112,40;4,80;3;50;13,70;11,90;
2026-07-28 12:17:00.0;OFF;ON;70;8,70;10,70;13,70;35,60;98,80;112,40;4,90;3;50;13,80;11,90;
2026-07-28 12:18:00.0;OFF;ON;70;8,80;10,60;13,60;35,50;98,80;112,40;4,80;3;50;13,70;11,90;
2026-07-28 12:19:00.0;OFF;ON;70;8,80;10,60;13,60;35,40;98,80;112,40;4,80;3;50;13,70;11,80;
2026-07-28 12:20:00.0;OFF;ON;70;8,60;10,50;13,50;35,30;98,80;112,40;4,90;3;50;13,60;11,80;
2026-07-28 12:21:00.0;OFF;ON;70;8,70;10,60;13,60;35,30;98,80;112,40;4,80;3;50;13,60;11,70;
2026-07-28 12:22:00.0;OFF;ON;70;8,70;10,50;13,50;35,20;98,80;112,40;4,80;3;50;13,60;11,70;
2026-07-28 12:23:00.0;OFF;ON;70;8,50;10,50;13,50;35,10;98,80;112,40;5;3;50;13,60;11,70;
2026-07-28 12:24:00.0;OFF;ON;70;8,60;10,40;13,40;35,10;98,80;112,40;4,80;3;50;13,50;11,60;
2026-07-28 12:25:00.0;OFF;ON;70;8,60;10,40;13,40;35;98,80;112,40;4,80;3;50;13,50;11,60;
2026-07-28 12:26:00.0;OFF;ON;70;8,50;10,40;13,40;34,90;98,80;112,40;4,90;3;50;13,40;11,50;
2026-07-28 12:27:00.0;OFF;ON;70;8,50;10,40;13,40;34,90;98,80;112,40;4,90;3;50;13,40;11,50;
2026-07-28 12:28:00.0;OFF;ON;70;8,40;10,30;13,30;34,80;98,80;112,40;5;3;50;13,40;11,50;
2026-07-28 12:29:00.0;OFF;ON;70;8,40;10,30;13,30;34,70;98,80;112,40;4,90;3;50;13,30;11,40;
2026-07-28 12:30:00.0;OFF;ON;70;8,30;10,30;13,30;34,70;98,80;112,40;5;3;50;13,30;11,40;
2026-07-28 12:31:00.0;OFF;ON;70;8,30;10,20;13,20;34,70;98,80;112,40;4,90;3;50;13,30;11,40;
2026-07-28 12:32:00.0;OFF;ON;70;8,30;10,20;13,20;34,60;98,80;112,40;4,90;3;50;13,20;11,30;
2026-07-28 12:33:00.0;OFF;ON;70;8,30;10,10;13,10;34,50;98,80;112,40;4,80;3;50;13,20;11,30;
2026-07-28 12:34:00.0;OFF;ON;70;8,30;10,10;13,10;34,50;98,80;112,40;4,80;3;50;13,10;11,30;
2026-07-28 12:35:00.0;OFF;ON;70;8,10;10,10;13,10;34,40;98,90;112,30;4,90;3;50;13,10;11,20;
2026-07-28 12:36:00.0;OFF;ON;70;8,30;10,10;13,10;34,40;98,80;112,30;4,80;3;50;13,10;11,20;
2026-07-28 12:37:00.0;OFF;ON;70;8,20;9,80;13;34,30;98,90;112,40;4,80;3;50;13,10;11,20;
2026-07-28 12:38:00.0;OFF;ON;70;8,10;9,80;13;34,20;98,80;112,40;4,90;3,20;50;13;11,30;
2026-07-28 12:39:00.0;OFF;ON;70;8,10;9,80;13;34,20;98,90;104,20;4,90;3,20;50;13;11,30;
2026-07-28 12:40:00.0;OFF;ON;75;8,10;9,80;13;34,10;98,90;112,30;4,80;3,20;50;13;11,30;
2026-07-28 12:41:00.0;OFF;ON;75;8;9,70;12,90;34,10;98,90;110,90;4,90;3,20;50;12,90;11,20;
2026-07-28 12:42:00.0;OFF;ON;75;8,10;9,70;12,90;34;98,80;109;4,80;3,20;50;12,90;11,20;
2026-07-28 12:43:00.0;OFF;ON;75;8,10;9,70;12,90;34;98,90;112,30;4,80;3,20;50;12,90;11,20;
2026-07-28 12:44:00.0;OFF;ON;75;8,10;9,60;12,80;33,90;98,90;112,30;4,70;3,20;50;12,80;11,20;
2026-07-28 12:45:00.0;OFF;ON;75;7,90;9,60;12,80;33,90;98,90;112,30;4,90;3,20;50;12,80;11,10;
2026-07-28 12:46:00.0;OFF;ON;75;7,90;9,60;12,80;33,80;98,80;112,30;4,90;3,20;50;12,80;11,10;
2026-07-28 12:47:00.0;OFF;ON;75;8,10;9,40;12,80;33,70;98,90;99,80;4,70;3,20;50;12,80;11,10;
2026-07-28 12:48:00.0;OFF;ON;75;8;9,40;12,80;33,70;98,90;119,30;4,70;3,40;50;12,70;11,20;
2026-07-28 12:49:00.0;OFF;ON;75;7,90;9,40;12,80;33,60;98,90;112,30;4,80;3,40;50;12,70;11,20;
2026-07-28 12:50:00.0;OFF;ON;80;8;9,30;12,70;33,60;98,90;112,40;4,80;3,40;50;12,70;11,20;
2026-07-28 12:51:00.0;OFF;ON;80;8;9,30;12,70;33,50;98,90;108,30;4,70;3,40;50;12,70;11,10;
2026-07-28 12:52:00.0;OFF;ON;80;7,90;9,30;12,70;33,40;98,90;112,70;4,70;3,40;50;12,70;11,10;
2026-07-28 12:53:00.0;OFF;ON;80;7,90;9,30;12,70;33,40;98,90;109,20;4,70;3,40;50;12,60;11,10;
2026-07-28 12:54:00.0;OFF;ON;80;8;9,20;12,60;33,30;98,90;104,70;4,60;3,40;50;12,60;11,10;
2026-07-28 12:55:00.0;OFF;ON;80;8;9,20;12,60;33,30;98,90;99,70;4,60;3,40;50;12,60;11,10;
2026-07-28 12:56:00.0;OFF;ON;80;7,80;9,20;12,60;33,20;98,90;124,80;4,70;3,40;50;12,50;11;
2026-07-28 12:57:00.0;OFF;ON;80;7,70;8,90;12,50;33,20;98,90;112;4,80;3,40;50;12,50;11;
2026-07-28 12:58:00.0;OFF;ON;80;7,90;8,90;12,50;33,10;98,90;93,50;4,70;3,60;50;12,50;11,10;
2026-07-28 12:59:00.0;OFF;ON;80;7,90;8,90;12,50;33;98,90;110,70;4,70;3,60;50;12,50;11,10;
2026-07-28 13:00:00.0;OFF;ON;85;7,80;8,90;12,50;33;98,90;106,40;4,70;3,60;50;12,40;11;
2026-07-28 13:01:00.0;OFF;ON;85;7,80;8,90;12,50;32,90;98,90;96,90;4,70;3,60;50;12,40;11;
2026-07-28 13:02:00.0;OFF;ON;85;7,90;8,90;12,50;32,90;98,90;109,30;4,60;3,60;50;12,40;11;
2026-07-28 13:03:00.0;OFF;ON;85;7,70;8,80;12,40;32,80;98,90;124,90;4,70;3,60;50;12,40;11;
2026-07-28 13:04:00.0;OFF;ON;85;7,70;8,80;12,40;32,80;98,90;100,50;4,70;3,60;50;12,30;11;
2026-07-28 13:05:00.0;OFF;ON;85;7,80;8,80;12,40;32,70;98,90;106,40;4,50;3,60;50;12,30;10,90;
2026-07-28 13:06:00.0;OFF;ON;85;7,80;8,80;12,40;32,60;98,90;116,90;4,50;3,60;50;12,30;10,90;
2026-07-28 13:07:00.0;OFF;ON;85;7,80;8,50;12,30;32,60;98,90;85,80;4,60;3,60;50;12,20;10,90;
2026-07-28 13:08:00.0;OFF;ON;85;7,80;8,50;12,30;32,50;98,90;117,40;4,60;3,80;50;12,30;11;
2026-07-28 13:09:00.0;OFF;ON;85;7,80;8,50;12,30;32,50;98,90;87,60;4,50;3,80;50;12,20;10,90;
2026-07-28 13:10:00.0;OFF;ON;90;7,80;8,50;12,30;32,40;98,90;112,50;4,50;3,80;50;12,20;10,90;
2026-07-28 13:11:00.0;OFF;ON;90;7,70;8,50;12,30;32,40;98,90;97,90;4,60;3,80;50;12,20;10,90;
2026-07-28 13:12:00.0;OFF;ON;90;7,70;8,40;12,20;32,30;98,90;88,80;4,50;3,80;50;12,10;10,90;
2026-07-28 13:13:00.0;OFF;ON;90;7,70;8,40;12,20;32,20;98,90;115,40;4,50;3,80;50;12,10;10,90;
2026-07-28 13:14:00.0;OFF;ON;90;7,80;8,40;12,20;32,20;98,90;76,90;4,40;3,80;50;12,10;10,90;
2026-07-28 13:15:00.0;OFF;ON;90;7,70;8,40;12,20;32,10;98,90;87;4,50;3,80;50;12;10,80;
2026-07-28 13:16:00.0;OFF;ON;90;7,60;8,30;12,10;32,10;98,90;64,80;4,50;3,80;50;12;10,80;
2026-07-28 13:17:00.0;OFF;ON;90;7,50;8,10;12,10;32;98,90;101,30;4,60;3,80;50;12;10,80;
2026-07-28 13:18:00.0;OFF;ON;90;7,70;8,10;12,10;32;98,90;97,10;4,40;4;50;12;10,90;
2026-07-28 13:19:00.0;OFF;ON;90;7,70;8,10;12,10;31,90;98,90;57,90;4,40;4;50;12;10,90;
2026-07-28 13:20:00.0;OFF;ON;95;7,60;8,10;12,10;31,80;98,90;99,50;4,50;4;50;12;10,90;
2026-07-28 13:21:00.0;OFF;ON;95;7,60;8,10;12,10;31,80;98,90;110,10;4,50;4;50;12;10,90;
2026-07-28 13:22:00.0;OFF;ON;95;7,50;8;12;31,70;98,90;97,50;4,60;4;50;11,90;10,90;
2026-07-28 13:23:00.0;OFF;ON;95;7,60;8;12;31,70;98,90;118,20;4,40;4;50;11,90;10,80;
2026-07-28 13:24:00.0;OFF;ON;95;7,50;8;12;31,60;98,90;115,90;4,50;4;50;11,90;10,80;
2026-07-28 13:25:00.0;OFF;ON;95;7,50;8;12;31,50;98,90;123,10;4,50;4;50;11,90;10,80;
2026-07-28 13:26:00.0;OFF;ON;95;7,40;8;12;31,50;98,90;111,50;4,50;4;50;11,90;10,80;
2026-07-28 13:27:00.0;OFF;ON;95;7,50;7,70;11,90;31,40;98,90;93,90;4,50;4;50;11,80;10,70;
2026-07-28 13:28:00.0;OFF;ON;95;7,50;7,70;11,90;31,40;98,90;104,20;4,40;4,20;50;11,80;10,70;
2026-07-28 13:29:00.0;OFF;ON;95;7,40;7,70;11,90;31,30;98,90;110,10;4,50;4,20;50;11,80;10,70;
2026-07-28 13:30:00.0;OFF;ON;100;7,40;7,70;11,90;31,30;98,90;55,50;4,40;4,20;50;11,70;10,70;
2026-07-28 13:31:00.0;OFF;ON;100;7,50;7,60;11,80;31,20;98,90;117;4,30;4,20;50;11,70;10,70;
2026-07-28 13:32:00.0;OFF;ON;100;7,20;7,60;11,80;31,20;98,90;117;4,60;4,20;50;11,70;10,60;
2026-07-28 13:33:00.0;OFF;ON;100;7,40;7,60;11,80;31,10;98,90;92,60;4,30;4,20;50;11,60;10,60;
2026-07-28 13:34:00.0;OFF;ON;100;7,40;7,50;11,70;31;98,90;109,30;4,30;4,20;50;11,60;10,60;
2026-07-28 13:35:00.0;OFF;ON;100;7,20;7,50;11,70;31;98,90;101,70;4,50;4,20;50;11,60;10,60;
2026-07-28 13:36:00.0;OFF;ON;100;7,20;7,50;11,70;30,90;98,90;112,10;4,50;4,20;50;11,60;10,50;
2026-07-28 13:37:00.0;OFF;ON;100;7,30;7,30;11,70;30,90;98,90;96,40;4,40;4,20;50,20;11,50;10,50;
2026-07-28 13:38:00.0;OFF;ON;100;7,20;7,20;11,60;30,80;98,90;117,70;4,50;4,40;50;11,50;10,50;
2026-07-28 13:39:00.0;OFF;ON;100;7,20;7,20;11,60;30,80;98,90;104;4,40;4,40;50;11,50;10,40;
2026-07-28 13:40:00.0;OFF;ON;100;7,10;7,20;11,60;30,70;98,90;78,30;4,50;4,40;50;11,50;10,40;
2026-07-28 13:41:00.0;OFF;ON;100;7,20;7,20;11,60;30,60;98,90;100,30;4,30;4,40;50,20;11,40;10,40;
2026-07-28 13:42:00.0;OFF;ON;100;7,20;7,10;11,50;30,60;98,90;123,50;4,40;4,40;50;11,40;10,40;
2026-07-28 13:43:00.0;OFF;ON;100;7,10;7,10;11,50;30,50;98,90;106;4,40;4,40;50,30;11,40;10,30;
2026-07-28 13:44:00.0;OFF;ON;100;7,10;7,10;11,50;30,50;98,90;102,60;4,40;4,40;50,30;11,30;10,30;
2026-07-28 13:45:00.0;OFF;ON;100;7,20;7,10;11,50;30,40;98,90;124,90;4,30;4,40;50,50;11,30;10,30;
2026-07-28 13:46:00.0;OFF;ON;100;7,20;7;11,40;30,40;98,90;95,40;4,30;4,40;50,60;11,30;10,30;
2026-07-28 13:47:00.0;OFF;ON;100;7;6,80;11,40;30,30;98,80;101,30;4,40;4,40;50,80;11,30;10,20;
2026-07-28 13:48:00.0;OFF;ON;100;6,90;6,80;11,40;30,30;98,90;101,20;4,50;4,60;50,70;11,30;10,20;
2026-07-28 13:49:00.0;OFF;ON;100;6,90;6,80;11,40;30,30;98,90;109,50;4,50;4,60;50,80;11,30;10,20;
2026-07-28 13:50:00.0;OFF;ON;100;6,90;6,70;11,30;30,20;98,90;111,80;4,40;4,60;51,50;11,20;10,20;
2026-07-28 13:51:00.0;OFF;ON;100;6,90;6,70;11,30;30,10;98,90;112,10;4,40;4,60;51,70;11,20;10,10;
2026-07-28 13:52:00.0;OFF;ON;100;7;6,70;11,30;30,10;98,90;112,10;4,30;4,60;52,70;11,10;10,10;
2026-07-28 13:53:00.0;OFF;ON;100;7;6,70;11,30;30;98,90;98,70;4,30;4,60;53,10;11,10;10,10;
2026-07-28 13:54:00.0;OFF;ON;100;6,80;6,60;11,20;30;98,90;102,30;4,40;4,60;52,60;11,10;10,10;
2026-07-28 13:55:00.0;OFF;ON;100;6,80;6,60;11,20;29,90;98,90;109,20;4,40;4,60;53;11;10;
2026-07-28 13:56:00.0;OFF;ON;100;6,80;6,60;11,20;29,80;98,90;111;4,40;4,60;53,30;11;10;
2026-07-28 13:57:00.0;OFF;ON;100;6,90;6,30;11,10;29,80;98,90;112,90;4,20;4,60;55,20;11;10;
2026-07-28 13:58:00.0;OFF;ON;100;6,80;6,30;11,10;29,80;98,80;111,90;4,30;4,80;55,60;11;10;
2026-07-28 13:59:00.0;OFF;ON;100;6,70;6,30;11,10;29,70;98,80;124,40;4,40;4,80;55,60;10,90;9,90;
2026-07-28 14:00:00.0;OFF;ON;100;6,80;6,30;11,10;29,70;98,80;112,30;4,30;4,80;56,60;10,90;9,90;
2026-07-28 14:01:00.0;OFF;ON;100;6,80;6,30;11,10;29,60;98,80;109,70;4,20;4,80;57,50;10,90;9,90;
2026-07-28 14:02:00.0;OFF;ON;100;6,80;6,20;11;29,60;98,90;111,50;4,20;4,80;58;10,80;9,90;
2026-07-28 14:03:00.0;OFF;ON;100;6,70;6,20;11;29,50;98,90;109,70;4,30;4,80;58,10;10,80;9,90;
2026-07-28 14:04:00.0;OFF;ON;100;6,60;6,20;11;29,50;98,90;119,40;4,40;4,80;58,60;10,80;9,80;
2026-07-28 14:05:00.0;OFF;ON;100;6,60;6,20;11;29,40;98,90;112,30;4,40;4,80;59;10,80;9,80;
2026-07-28 14:06:00.0;OFF;ON;100;6,50;6,10;10,90;29,40;98,90;104,60;4,40;4,80;59,70;10,70;9,80;
2026-07-28 14:07:00.0;OFF;ON;100;6,50;6,10;10,90;29,40;98,90;114,20;4,40;4,80;60,20;10,70;9,80;
2026-07-28 14:08:00.0;OFF;ON;100;6,40;5,90;10,90;29,30;98,90;112,30;4,50;5;61,20;10,70;9,70;
2026-07-28 14:09:00.0;OFF;ON;100;6,50;5,90;10,90;29,20;98,90;111,60;4,40;5;62,30;10,60;9,70;
2026-07-28 14:10:00.0;OFF;ON;100;6,30;5,80;10,80;29,20;98,90;102;4,60;5;62,40;10,60;9,60;
2026-07-28 14:11:00.0;OFF;ON;100;6,20;5,80;10,80;29,10;98,90;105,90;4,50;5;62,90;10,50;9,60;
2026-07-28 14:12:00.0;OFF;ON;100;5,90;5,70;10,70;29,10;98,90;112,30;4,80;5;62,30;10,50;9,50;
2026-07-28 14:13:00.0;OFF;ON;100;6;5,70;10,70;29;98,90;112,30;4,60;5;63,40;10,40;9,50;
2026-07-28 14:14:00.0;OFF;ON;100;6;5,60;10,60;29;98,90;112,30;4,60;5;63,60;10,40;9,40;
2026-07-28 14:15:00.0;OFF;ON;100;5,90;5,60;10,60;29;98,90;112,50;4,70;5;63,60;10,40;9,40;
2026-07-28 14:16:00.0;OFF;ON;100;5,70;5,60;10,60;28,90;98,80;112,30;4,90;5;63,20;10,40;9,40;
2026-07-28 14:17:00.0;OFF;ON;100;5,70;5,30;10,50;28,90;98,80;112,30;4,80;5;64,50;10,30;9,30;
2026-07-28 14:18:00.0;OFF;ON;100;5,50;5,30;10,50;28,80;98,80;112,30;5;5,20;64,10;10,30;9,30;
2026-07-28 14:19:00.0;OFF;ON;100;5,40;5,20;10,40;28,80;98,80;112,30;5;5,20;64,40;10,20;9,20;
2026-07-28 14:20:00.0;OFF;ON;100;5,30;5,20;10,40;28,70;98,60;110,20;5,10;5,20;64,40;10,10;9,10;
2026-07-28 14:21:00.0;OFF;ON;100;5,20;5,10;10,30;28,70;98,60;112,30;5,10;5,20;64,60;10,10;9,10;
2026-07-28 14:22:00.0;OFF;ON;100;5,30;5;10,20;28,60;98,60;112,20;4,90;5,20;65,60;10;9;
2026-07-28 14:23:00.0;OFF;ON;100;5,10;5;10,20;28,60;98,50;108,90;5,10;5,20;64,90;10;8,90;
2026-07-28 14:24:00.0;OFF;ON;100;5;4,90;10,10;28,50;98,50;112,20;5,10;5,20;65;9,90;8,90;
2026-07-28 14:25:00.0;OFF;ON;100;5,10;4,90;10,10;28,50;98,50;112,30;5;5,20;65,70;9,90;8,80;
2026-07-28 14:26:00.0;OFF;ON;100;5;4,80;10;28,40;98,40;112,30;5;5,20;65,70;9,80;8,80;
2026-07-28 14:27:00.0;OFF;ON;100;4,80;4,60;10;28,40;98,40;112,30;5,20;5,20;66,10;9,80;8,70;
2026-07-28 14:28:00.0;OFF;ON;100;4,80;4,50;9,90;28,30;98,40;112,30;5,10;5,40;66,60;9,70;8,70;
2026-07-28 14:29:00.0;OFF;ON;100;4,60;4,40;9,80;28,30;98,30;112,30;5,30;5,40;66,30;9,70;8,60;
2026-07-28 14:30:00.0;OFF;ON;100;4,50;4,40;9,80;28,20;98,40;112,30;5,30;5,40;66,30;9,60;8,50;
2026-07-28 14:31:00.0;OFF;ON;100;4,50;4,30;9,80;28,20;98,30;112,30;5,30;5,40;66,60;9,60;8,50;
2026-07-28 14:32:00.0;OFF;ON;100;4,40;4,30;9,70;28,10;98,30;112,30;5,30;5,40;66,80;9,50;8,40;
2026-07-28 14:33:00.0;OFF;ON;100;4,50;4,30;9,70;28,10;98,20;112,30;5,20;5,40;67,50;9,50;8,40;
2026-07-28 14:34:00.0;OFF;ON;100;4,50;4,20;9,60;28;98,20;112,30;5,10;5,40;67,90;9,40;8,30;
2026-07-28 14:35:00.0;OFF;ON;100;4,40;4,20;9,60;28;98,20;112,30;5,20;5,40;67,90;9,40;8,30;
2026-07-28 14:36:00.0;OFF;ON;100;4,10;4,10;9,50;27,90;98,20;112,20;5,40;5,40;67,40;9,30;8,20;
2026-07-28 14:37:00.0;OFF;ON;100;4,10;3,90;9,50;27,90;98,20;112,30;5,40;5,40;68,30;9,30;8,10;
2026-07-28 14:38:00.0;OFF;ON;100;4;3,90;9,50;27,90;98,10;112,20;5,50;5,60;68,10;9,20;8,10;
2026-07-28 14:39:00.0;OFF;ON;100;3,90;3,80;9,40;27,80;98,10;112,20;5,50;5,60;68,10;9,20;8;
2026-07-28 14:40:00.0;OFF;ON;100;3,80;3,70;9,30;27,80;98,10;112,20;5,50;5,60;68,20;9,10;7,90;
2026-07-28 14:41:00.0;OFF;ON;100;3,90;3,70;9,30;27,70;98;112,20;5,40;5,60;69;9,10;7,80;
2026-07-28 14:42:00.0;OFF;ON;100;3,80;3,60;9,20;27,70;98;112,20;5,40;5,60;69,10;9;7,80;
2026-07-28 14:43:00.0;OFF;ON;100;3,70;3,60;9,20;27,60;98;112,20;5,50;5,60;68,90;9;7,80;
2026-07-28 14:44:00.0;OFF;ON;100;3,60;3,50;9,10;27,60;98;112,20;5,60;5,60;68,90;9;7,70;
2026-07-28 14:45:00.0;OFF;ON;100;3,50;3,50;9,10;27,50;98;112,20;5,60;5,60;69;8,90;7,60;
2026-07-28 14:46:00.0;OFF;ON;100;3,50;3,40;9;27,40;98;112,20;5,60;5,60;69,10;8,80;7,60;
2026-07-28 14:47:00.0;OFF;ON;100;3,40;3,40;9;27,40;98;112,20;5,60;5,60;69,20;8,80;7,50;
2026-07-28 14:48:00.0;OFF;ON;100;3,40;3,10;8,90;27,40;98;112,20;5,60;5,80;70,10;8,70;7,50;
2026-07-28 14:49:00.0;OFF;ON;100;3,30;3,10;8,90;27,30;98;112,20;5,60;5,80;70,50;8,70;7,40;
2026-07-28 14:50:00.0;OFF;ON;100;3,20;3;8,80;27,30;97,90;112,20;5,70;5,80;70,40;8,60;7,40;
2026-07-28 14:51:00.0;OFF;ON;100;3,20;3;8,80;27,20;97,80;112,20;5,60;5,80;71;8,60;7,30;
2026-07-28 14:52:00.0;OFF;ON;100;3;2,90;8,70;27,20;97,90;112,20;5,70;5,80;70,50;8,50;7,20;
2026-07-28 14:53:00.0;OFF;ON;100;2,90;2,90;8,70;27,10;97,80;112,20;5,70;5,80;70,60;8,50;7,20;
2026-07-28 14:54:00.0;OFF;ON;100;3,10;2,80;8,60;27,10;97,90;112,20;5,50;5,80;71,60;8,40;7,10;
2026-07-28 14:55:00.0;OFF;ON;100;3;2,80;8,60;27;97,80;112,20;5,60;5,80;71,40;8,30;7;
2026-07-28 14:56:00.0;OFF;ON;100;2,80;2,70;8,50;27;97,90;112,20;5,80;5,80;71,10;8,30;7;
2026-07-28 14:57:00.0;OFF;ON;100;2,70;2,50;8,50;26,90;97,80;112,20;5,80;5,80;71,90;8,30;6,90;
2026-07-28 14:58:00.0;OFF;ON;100;2,70;2,40;8,40;26,90;97,80;112,20;5,70;6;72,50;8,20;6,80;
2026-07-28 14:59:00.0;OFF;ON;100;2,50;2,40;8,40;26,80;97,70;112,20;5,90;6;72,10;8,10;6,70;
2026-07-28 15:00:00.0;OFF;ON;100;2,50;2,30;8,30;26,80;97,60;112,20;5,90;6;72,30;8,10;6,70;
2026-07-28 15:01:00.0;OFF;ON;100;2,30;2,30;8,30;26,70;97,70;112,20;5,90;6;72,30;8,10;6,60;
2026-07-28 15:02:00.0;OFF;ON;100;2,30;2,20;8,20;26,70;97,70;112,20;5,90;6;72,60;8;6,60;
2026-07-28 15:03:00.0;OFF;ON;100;2,40;2,20;8,20;26,60;97,60;112,20;5,80;6;73,30;7,90;6,50;
2026-07-28 15:04:00.0;OFF;ON;100;2,10;2,10;8,10;26,60;97,60;112,20;6;6;72,90;7,90;6,50;
2026-07-28 15:05:00.0;OFF;ON;100;2,10;2,10;8,10;26,60;97,70;112,20;6;6;73;7,80;6,40;
2026-07-28 15:06:00.0;OFF;ON;100;2,10;2;8;26,50;97,80;112,20;5,90;6;73,20;7,80;6,40;
2026-07-28 15:07:00.0;OFF;ON;100;2,10;2;8;26,50;97,80;112,20;6;6;73,20;7,80;6,30;
2026-07-28 15:08:00.0;OFF;ON;100;2,10;2;8;26,40;97,80;112,20;5,90;6;73,70;7,70;6,30;
2026-07-28 15:09:00.0;OFF;ON;100;1,90;1,90;7,90;26,30;97,80;112,20;6;6;73,60;7,70;6,20;
2026-07-28 15:10:00.0;OFF;ON;100;1,80;1,80;7,80;26,30;97,60;112,20;6;6;73,60;7,60;6,20;
2026-07-28 15:11:00.0;OFF;ON;100;2;1,80;7,80;26,30;97,60;112,20;5,80;6;74,20;7,60;6,10;
2026-07-28 15:12:00.0;OFF;ON;100;1,90;1,70;7,70;26,20;97,60;112,20;5,80;6;74,40;7,50;6,10;
2026-07-28 15:13:00.0;OFF;ON;100;1,80;1,70;7,70;26,20;97,70;112,20;5,90;6;74;7,50;6;
2026-07-28 15:14:00.0;OFF;ON;100;1,80;1,70;7,70;26,10;97,60;112,20;5,80;6;74,70;7,40;6;
2026-07-28 15:15:00.0;OFF;ON;100;1,70;1,60;7,60;26,10;97,60;112,20;5,90;6;74,60;7,40;5,90;
2026-07-28 15:16:00.0;OFF;ON;100;1,50;1,50;7,50;26;97,60;112,20;6;6;74,50;7,30;5,80;
2026-07-28 15:17:00.0;OFF;ON;100;1,50;1,50;7,50;25,90;97,70;112,20;6;6;74,50;7,30;5,80;
2026-07-28 15:18:00.0;OFF;ON;100;1,50;1,50;7,50;25,90;97,60;112,20;6;6;74,70;7,20;5,70;
2026-07-28 15:19:00.0;OFF;ON;100;1,70;1,40;7,40;25,90;97,60;112,20;5,70;6;75,50;7,20;5,70;
2026-07-28 15:20:00.0;OFF;ON;100;1,40;1,40;7,40;25,80;97,60;112,20;5,90;6;74,90;7,10;5,60;
2026-07-28 15:21:00.0;OFF;ON;100;1,50;1,30;7,30;25,80;97,50;112,20;5,80;6;75,60;7,10;5,60;
2026-07-28 15:22:00.0;OFF;ON;100;1,30;1,30;7,30;25,70;97,50;112,20;6;6;75,10;7;5,50;
2026-07-28 15:23:00.0;OFF;ON;100;1,30;1,20;7,20;25,60;97,60;112,20;6;6;75,20;7;5,50;
2026-07-28 15:24:00.0;OFF;ON;100;1,20;1,20;7,20;25,60;97,50;112,10;6;6;75,40;6,90;5,40;
2026-07-28 15:25:00.0;OFF;ON;100;1,30;1,10;7,10;25,60;97,50;112,10;5,90;6;75,70;6,90;5,40;
2026-07-28 15:26:00.0;OFF;ON;100;1,10;1,10;7,10;25,50;97,50;112,10;6;6;75,60;6,90;5,30;
2026-07-28 15:27:00.0;OFF;ON;100;1,20;1;7;25,50;97,50;112,10;5,80;6;76,10;6,80;5,30;
2026-07-28 15:28:00.0;OFF;ON;100;1,10;1;7;25,40;97,40;112,10;5,90;6;75,80;6,70;5,20;
2026-07-28 15:29:00.0;OFF;ON;100;1;1;7;25,40;97,50;112,10;6;6;75,90;6,70;5,20;
2026-07-28 15:30:00.0;OFF;ON;100;1,10;0,90;6,90;25,30;97,40;112,10;5,80;6;76,30;6,70;5,10;
2026-07-28 15:31:00.0;OFF;ON;100;1;0,90;6,90;25,30;97,40;112,10;5,80;6;76,40;6,60;5,10;
2026-07-28 15:32:00.0;OFF;ON;100;0,90;0,80;6,80;25,20;97,40;112,10;6;6;76,20;6,60;5;
2026-07-28 15:33:00.0;OFF;ON;100;0,80;0,80;6,80;25,20;97,50;112,10;6;6;76,20;6,50;5;
2026-07-28 15:34:00.0;OFF;ON;100;0,80;0,80;6,80;25,10;97,50;112,10;6;6;76,20;6,50;5;
2026-07-28 15:35:00.0;OFF;ON;100;0,70;0,70;6,70;25,10;97,40;112,10;6;6;76,40;6,50;4,90;
2026-07-28 15:36:00.0;OFF;ON;100;0,70;0,70;6,70;25;97,40;112,10;6;6;76,40;6,40;4,90;
2026-07-28 15:37:00.0;OFF;ON;100;0,60;0,60;6,60;25;97,40;112,10;6;6;76,60;6,40;4,90;
2026-07-28 15:38:00.0;OFF;ON;100;0,80;0,70;6,70;24,90;97,30;112,10;5,90;6;76,60;6,30;4,80;
2026-07-28 15:39:00.0;OFF;ON;100;0,80;0,60;6,60;24,90;97,40;112,10;5,90;6;76,90;6,30;4,80;
2026-07-28 15:40:00.0;OFF;ON;100;0,50;0,50;6,50;24,90;97,30;112,10;6;6;76,10;6,20;4,70;
2026-07-28 15:41:00.0;OFF;ON;100;0,50;0,50;6,50;24,80;97,30;112,10;6;6;76,80;6,20;4,70;
2026-07-28 15:42:00.0;OFF;ON;100;0,60;0,40;6,40;24,80;97,30;112,10;5,80;6;77,20;6,20;4,70;
2026-07-28 15:43:00.0;OFF;ON;100;0,60;0,40;6,40;24,70;97,30;112,10;5,80;6;77,60;6,10;4,60;
2026-07-28 15:44:00.0;OFF;ON;100;0,40;0,30;6,30;24,70;97,30;112,10;5,90;6;77,30;6,10;4,60;
2026-07-28 15:45:00.0;OFF;ON;100;0,50;0,30;6,30;24,60;97,30;112,10;5,80;6;77,70;6,10;4,60;
2026-07-28 15:46:00.0;OFF;ON;100;0,40;0,30;6,30;24,60;97,30;112,10;5,90;6;77,50;6,10;4,50;
2026-07-28 15:47:00.0;OFF;ON;100;0,30;0,20;6,20;24,60;97,30;112,10;6;6;77,40;6,10;4,50;
2026-07-28 15:48:00.0;OFF;ON;100;0,30;0,20;6,20;24,50;97,30;112,10;5,90;6;77,60;6,10;4,40;
2026-07-28 15:49:00.0;OFF;ON;100;0,30;0,20;6,20;24,50;97,30;112,10;5,90;6;77,80;6,10;4,40;
2026-07-28 15:50:00.0;OFF;ON;100;0,20;0,20;6,20;24,40;97,30;112,10;6;6;77,90;6;4,40;
2026-07-28 15:51:00.0;OFF;ON;100;0,20;0,10;6,10;24,40;97,30;112,10;5,90;6;78;6;4,30;
2026-07-28 15:52:00.0;OFF;ON;100;0,10;0,10;6,10;24,40;97,30;112,10;5,90;6;78,10;6;4,30;
2026-07-28 15:53:00.0;OFF;ON;100;0,20;0;6;24,30;97,30;112,10;5,90;6;78,50;5,90;4,30;
2026-07-28 15:54:00.0;OFF;ON;100;0,10;0;6;24,30;97,30;112,10;5,90;6;78,40;5,90;4,20;
2026-07-28 15:55:00.0;OFF;ON;100;0,10;0;6;24,20;97,30;112,10;5,90;6;78,70;5,90;4,20;
2026-07-28 15:56:00.0;OFF;ON;100;0,10;-0,10;5,90;24,20;97,30;112,10;5,80;6;79,30;5,80;4,20;
2026-07-28 15:57:00.0;OFF;ON;100;0,10;-0,10;5,90;24,20;97,30;112,10;5,80;6;79,60;5,80;4,10;
2026-07-28 15:58:00.0;OFF;ON;100;0,10;-0,20;5,80;24,10;97,30;112,10;5,80;6;79,80;5,70;4,10;
2026-07-28 15:59:00.0;OFF;ON;100;-0,10;-0,20;5,80;24,10;97,30;112,10;5,90;6;79,50;5,70;4;
2026-07-28 16:00:00.0;OFF;ON;100;-1,10;-0,20;5,80;24;97,30;112;6,90;6;74,90;5,70;4,10;
2026-07-28 16:01:00.0;OFF;ON;100;-1,20;-0,20;5,80;24;97,40;112;7;6;73,10;5,60;4;
2026-07-28 16:02:00.0;OFF;ON;100;-1,30;-0,30;5,70;24;97,20;112;7;6;71,90;5,50;3,90;
2026-07-28 16:03:00.0;OFF;ON;100;-1,50;-0,40;5,60;23,90;97,10;112;7;6;70,60;5,50;3,80;
2026-07-28 16:04:00.0;OFF;ON;100;-1,60;-0,50;5,50;23,90;97,10;112;7,10;6;69;5,50;3,80;
2026-07-28 16:05:00.0;OFF;ON;100;-1,80;-0,50;5,50;23,80;97,20;112;7,30;6;67;5,40;3,80;
2026-07-28 16:06:00.0;OFF;ON;100;-2,10;-0,40;5,60;23,80;97,20;112;7,70;6;64,50;5,40;3,90;
2026-07-28 16:07:00.0;OFF;ON;100;-0,20;-0,60;5,40;23,70;97,30;112;5,60;6;71;5,40;3,60;
2026-07-28 16:08:00.0;OFF;ON;100;-0,30;-0,60;5,40;23,70;97,10;112;5,80;6;70,80;5,40;3,90;
2026-07-28 16:09:00.0;OFF;ON;100;-0,10;-0,50;5,50;23,70;97,40;112;5,60;6;71,80;5,40;3,90;
2026-07-28 16:10:00.0;OFF;ON;100;0;-0,50;5,50;23,60;97,50;112;5,50;6;72,70;5,40;4;
2026-07-28 16:11:00.0;OFF;ON;100;-0,10;-0,50;5,50;23,60;97,60;112;5,60;6;72,90;5,40;4;
2026-07-28 16:12:00.0;OFF;ON;100;-0,10;-0,50;5,50;23,50;97,60;112;5,70;6;73,10;5,40;4;
2026-07-28 16:13:00.0;OFF;ON;100;-0,10;-0,50;5,50;23,50;97,70;112;5,60;6;73,60;5,40;4;
2026-07-28 16:14:00.0;OFF;ON;100;-0,10;-0,50;5,50;23,40;97,60;112;5,60;6;74,20;5,40;3,90;
2026-07-28 16:15:00.0;OFF;ON;100;-0,20;-0,50;5,50;23,40;97,60;112;5,70;6;74,40;5,40;3,90;
2026-07-28 16:16:00.0;OFF;ON;100;-0,20;-0,60;5,40;23,40;97,50;112;5,60;6;75,10;5,30;3,80;
2026-07-28 16:17:00.0;OFF;ON;100;-0,20;-0,50;5,50;23,30;97,40;112;5,60;6;75,50;5,30;3,80;
2026-07-28 16:18:00.0;OFF;ON;100;-0,40;-0,60;5,40;23,30;97,30;112;5,70;6;75,40;5,20;3,70;
2026-07-28 16:19:00.0;OFF;ON;100;-0,40;-0,70;5,30;23,20;97,30;112;5,70;6;75,70;5,20;3,70;
2026-07-28 16:20:00.0;OFF;ON;100;-0,30;-0,80;5,20;23,20;97,30;112;5,50;6;77;5,10;3,60;
2026-07-28 16:21:00.0;OFF;ON;100;-0,40;-0,80;5,20;23,20;97,30;112;5,60;6;77,30;5,10;3,60;
2026-07-28 16:22:00.0;OFF;ON;100;-0,40;-0,90;5,10;23,10;97,30;112;5,50;6;77,80;5;3,50;
2026-07-28 16:23:00.0;OFF;ON;100;-0,50;-0,90;5,10;23,10;97,20;112;5,60;6;78;5;3,50;
2026-07-28 16:24:00.0;OFF;ON;100;-0,60;-0,90;5,10;23;97,10;112;5,70;6;77,90;4,90;3,40;
2026-07-28 16:25:00.0;OFF;ON;100;-0,60;-1;5;23;97,10;112;5,60;6;78,80;4,90;3,40;
2026-07-28 16:26:00.0;OFF;ON;100;-0,80;-1;5;22,90;97,10;112;5,70;6;78,70;4,90;3,30;
2026-07-28 16:27:00.0;OFF;ON;100;-0,60;-1,10;4,90;22,90;97,10;112;5,60;6;79,80;4,80;3,30;
2026-07-28 16:28:00.0;OFF;ON;100;-0,70;-1,10;4,90;22,80;97,10;112;5,60;6;80,10;4,80;3,20;
2026-07-28 16:29:00.0;OFF;ON;100;-1,90;-1,10;4,90;22,80;97,20;112;6,80;6;74,90;4,80;3,30;
2026-07-28 16:30:00.0;OFF;ON;100;-2;-1,10;4,90;22,80;97,20;112;6,80;6;73,80;4,70;3,20;
2026-07-28 16:31:00.0;OFF;ON;100;-1,90;-1,20;4,80;22,70;97,10;112;6,70;6;73,40;4,70;3,10;
2026-07-28 16:32:00.0;OFF;ON;100;-2,10;-1,30;4,70;22,70;96,90;112;6,80;6;72;4,60;3;
2026-07-28 16:33:00.0;OFF;ON;100;-2,10;-1,30;4,70;22,60;96,80;112;6,80;6;71,10;4,60;2,90;
2026-07-28 16:34:00.0;OFF;ON;100;-2,10;-1,40;4,60;22,60;96,80;112;6,70;6;70,70;4,50;2,90;
2026-07-28 16:35:00.0;OFF;ON;100;-2,40;-1,40;4,60;22,60;96,90;112;7;6;68,20;4,50;2,90;
2026-07-28 16:36:00.0;OFF;ON;100;-2,80;-1,40;4,60;22,50;97,10;112;7,40;6;65,50;4,50;3;
2026-07-28 16:37:00.0;OFF;ON;100;-2,10;-1,40;4,60;22,50;97,20;112;6,80;6;66,20;4,50;2,90;
2026-07-28 16:38:00.0;OFF;ON;100;-0,90;-1,50;4,50;22,40;96,90;112;5,40;6;72;4,40;2,90;
2026-07-28 16:39:00.0;OFF;ON;100;-1,10;-1,40;4,60;22,40;97,20;112;5,70;6;71,70;4,50;3;
2026-07-28 16:40:00.0;OFF;ON;100;-0,80;-1,40;4,60;22,30;97,30;112;5,40;6;73,30;4,50;3;
2026-07-28 16:41:00.0;OFF;ON;100;-0,80;-1,40;4,60;22,30;97,40;111,90;5,40;6;74;4,50;3,10;
2026-07-28 16:42:00.0;OFF;ON;100;-0,80;-1,40;4,60;22,20;97,50;111,90;5,40;6;74,80;4,50;3,10;
2026-07-28 16:43:00.0;OFF;ON;100;-0,80;-1,40;4,60;22,20;97,50;111,90;5,40;6;75,30;4,50;3,10;
2026-07-28 16:44:00.0;OFF;ON;100;-1;-1,40;4,60;22,20;97,50;111,90;5,50;6;75,50;4,50;3;
2026-07-28 16:45:00.0;OFF;ON;100;-0,90;-1,40;4,60;22,10;97,40;111,90;5,50;6;76,20;4,40;3;
2026-07-28 16:46:00.0;OFF;ON;100;-1;-1,40;4,60;22,10;97,30;111,90;5,60;6;76,20;4,40;2,90;
2026-07-28 16:47:00.0;OFF;ON;100;-1;-1,50;4,50;22;97,30;111,90;5,50;6;77;4,40;2,90;
2026-07-28 16:48:00.0;OFF;ON;100;-1,20;-1,50;4,50;22;97,20;111,90;5,60;6;77,10;4,30;2,80;
2026-07-28 16:49:00.0;OFF;ON;100;-1,20;-1,60;4,40;21,90;97,20;111,90;5,60;6;78;4,30;2,80;
2026-07-28 16:50:00.0;OFF;ON;100;-1,20;-1,70;4,30;21,90;97,20;111,90;5,50;6;78,90;4,20;2,70;
2026-07-28 16:51:00.0;OFF;ON;100;-1,20;-1,70;4,30;21,90;97,10;111,90;5,60;6;79;4,30;2,60;
2026-07-28 16:52:00.0;OFF;ON;100;-1,40;-1,50;4,50;21,80;97,10;111,90;5,80;6;78,40;4,70;2,90;
2026-07-28 16:53:00.0;OFF;ON;100;-1,10;-1,40;4,60;21,80;97,20;111,90;5,70;6;79,30;4,90;3,20;
2026-07-28 16:54:00.0;OFF;ON;100;-1,80;-1,30;4,70;21,70;97,30;111,90;6,40;6;76,50;5;3,50;
2026-07-28 16:55:00.0;OFF;ON;100;-2,10;-1,20;4,80;21,70;97,70;111,90;6,90;6;73,30;5,30;3,60;
2026-07-28 16:56:00.0;OFF;ON;100;-1,90;-1,20;4,80;21,60;97,60;111,90;6,70;6;73,40;5,30;3,60;
2026-07-28 16:57:00.0;OFF;ON;100;-1,90;-1,30;4,70;21,60;97,60;111,90;6,60;6;73;5;3,50;
2026-07-28 16:58:00.0;OFF;ON;100;-2;-1,40;4,60;21,60;97,50;111,90;6,60;6;72,20;4,80;3,30;
2026-07-28 16:59:00.0;OFF;ON;100;-2,10;-1,50;4,50;21,50;97,50;111,90;6,60;6;71,40;4,70;3,20;
2026-07-28 17:00:00.0;OFF;ON;100;-2,20;-1,50;4,50;21,50;97,40;111,90;6,70;6;70,30;4,60;3;
2026-07-28 17:01:00.0;OFF;ON;100;-2,50;-1,60;4,40;21,40;97,30;111,90;6,90;6;68,50;4,50;3;
2026-07-28 17:02:00.0;OFF;ON;100;-2,80;-1,60;4,40;21,40;97,20;111,90;7,20;6;66,30;4,60;3;
2026-07-28 17:03:00.0;OFF;ON;100;-3;-1,60;4,40;21,30;97,50;111,90;7,40;6;63,70;4,60;3,10;
2026-07-28 17:04:00.0;OFF;ON;100;-1;-1,70;4,30;21,30;97,20;111,90;5,30;6;72;4,40;2,80;
2026-07-28 17:05:00.0;OFF;ON;100;-1;-1,60;4,40;21,20;97,20;111,90;5,40;6;72,80;4,40;3;
2026-07-28 17:06:00.0;OFF;ON;100;-0,90;-1,60;4,40;21,20;97,50;111,90;5,20;6;73,90;4,50;3;
2026-07-28 17:07:00.0;OFF;ON;100;-1,10;-1,60;4,40;21,10;97,50;111,90;5,50;6;73,70;4,50;3;
2026-07-28 17:08:00.0;OFF;ON;100;-0,90;-1,60;4,40;21,10;97,80;111,90;5,30;6;75,20;4,50;3;
2026-07-28 17:09:00.0;OFF;ON;100;-1,10;-1,60;4,40;21,10;97,70;111,90;5,50;6;75,30;4,50;3;
2026-07-28 17:10:00.0;OFF;ON;100;-1;-1,60;4,40;21;97,60;111,90;5,40;6;76,40;4,40;3;
2026-07-28 17:11:00.0;OFF;ON;100;-1;-1,70;4,30;21;97,40;111,90;5,30;6;77,30;4,40;2,90;
2026-07-28 17:12:00.0;OFF;ON;100;-1,10;-1,70;4,30;20,90;97,40;111,90;5,40;6;77,50;4,30;2,80;
2026-07-28 17:13:00.0;OFF;ON;100;-1,30;-1,80;4,20;20,90;97,30;111,90;5,50;6;77,50;4,30;2,80;
2026-07-28 17:14:00.0;OFF;ON;100;-1,30;-1,80;4,20;20,80;97,20;111,90;5,50;6;78,10;4,30;2,70;
2026-07-28 17:15:00.0;OFF;ON;100;-1,40;-1,80;4,20;20,80;97,20;111,90;5,60;6;78,50;4,20;2,60;
2026-07-28 17:16:00.0;OFF;ON;100;-1,50;-1,90;4,10;20,70;97,10;111,90;5,60;6;78,90;4,20;2,60;
2026-07-28 17:17:00.0;OFF;ON;100;-1,60;-1,90;4,10;20,70;97;111,90;5,70;6;79,30;4,10;2,50;
2026-07-28 17:18:00.0;OFF;ON;100;-2,20;-2;4;20,60;97;111,90;6,30;6;77,20;4,10;2,50;
2026-07-28 17:19:00.0;OFF;ON;100;-2,70;-2;4;20,60;97,10;111,90;6,70;6;75;4,10;2,60;
2026-07-28 17:20:00.0;OFF;ON;100;-2,80;-2,10;3,90;20,50;97,10;111,90;6,70;6;73,60;4;2,30;
2026-07-28 17:21:00.0;OFF;ON;100;-2,80;-2,10;3,90;20,50;96,90;111,90;6,70;6;73,10;3,90;2,30;
2026-07-28 17:22:00.0;OFF;ON;100;-3;-2,20;3,80;20,50;96,70;111,90;6,80;6;71,60;3,90;2,20;
2026-07-28 17:23:00.0;OFF;ON;100;-3,10;-2,20;3,80;20,40;96,70;111,90;6,80;6;70,70;3,90;2,10;
2026-07-28 17:24:00.0;OFF;ON;100;-3,10;-2,30;3,70;20,40;96,70;111,90;6,80;6;69,90;3,80;2,10;
2026-07-28 17:25:00.0;OFF;ON;100;-3,30;-2,30;3,70;20,30;96,70;111,90;7;6;68;3,80;2,10;
2026-07-28 17:26:00.0;OFF;ON;100;-3,80;-2,30;3,70;20,30;97;111,90;7,50;6;64,50;3,80;2,20;
2026-07-28 17:27:00.0;OFF;ON;100;-2,30;-2,30;3,70;20,20;97,10;111,90;6,10;6;68,90;3,80;2;
2026-07-28 17:28:00.0;OFF;ON;100;-1,60;-2,40;3,60;20,20;96,70;111,90;5,20;6;73;3,70;2,10;
2026-07-28 17:29:00.0;OFF;ON;100;-1,60;-2,30;3,70;20,10;97,20;111,90;5,30;6;73,40;3,80;2,20;
2026-07-28 17:30:00.0;OFF;ON;100;-1,50;-2,30;3,70;20,10;97,20;111,90;5,30;6;74,50;3,80;2,30;
2026-07-28 17:31:00.0;OFF;ON;100;-1,60;-2,30;3,70;20,10;97,30;111,90;5,30;6;75,10;3,80;2,30;
2026-07-28 17:32:00.0;OFF;ON;100;-1,60;-2,30;3,70;20;97,30;111,90;5,30;6;76;3,80;2,30;
2026-07-28 17:33:00.0;OFF;ON;100;-1,70;-2,30;3,70;20;97,30;111,80;5,40;6;76,30;3,80;2,20;
2026-07-28 17:34:00.0;OFF;ON;100;-1,60;-2,30;3,70;19,90;97,30;111,80;5,30;6;77,50;3,70;2,20;
2026-07-28 17:35:00.0;OFF;ON;100;-1,80;-2,40;3,60;19,90;97,30;111,80;5,50;6;77,60;3,70;2,20;
2026-07-28 17:36:00.0;OFF;ON;100;-1,90;-2,40;3,60;19,90;97,20;111,80;5,50;6;78,30;3,60;2,10;
2026-07-28 17:37:00.0;OFF;ON;100;-1,90;-2,40;3,60;19,80;97,20;111,80;5,40;6;79,10;3,60;2;
2026-07-28 17:38:00.0;OFF;ON;100;-2,20;-2,50;3,50;19,80;97,10;111,80;5,70;6;78,60;3,60;2;
2026-07-28 17:39:00.0;OFF;ON;100;-2,90;-2,40;3,60;19,70;97,20;111,80;6,50;6;75,20;3,60;2;
2026-07-28 17:40:00.0;OFF;ON;100;-3;-2,50;3,50;19,70;97,10;111,80;6,50;6;74,80;3,50;1,90;
2026-07-28 17:41:00.0;OFF;ON;100;-3;-2,50;3,50;19,70;96,90;111,80;6,40;6;74,50;3,40;1,80;
2026-07-28 17:42:00.0;OFF;ON;100;-3,20;-2,60;3,40;19,60;96,90;111,80;6,60;6;73,30;3,40;1,80;
2026-07-28 17:43:00.0;OFF;ON;100;-3,10;-2,60;3,40;19,60;96,80;111,80;6,40;6;73,40;3,40;1,70;
2026-07-28 17:44:00.0;OFF;ON;100;-3,10;-2,70;3,30;19,60;96,80;111,80;6,40;6;72,80;3,30;1,60;
2026-07-28 17:45:00.0;OFF;ON;100;-3,30;-2,80;3,20;19,50;96,70;111,80;6,50;6;71,80;3,30;1,60;
2026-07-28 17:46:00.0;OFF;ON;100;-3,20;-2,80;3,20;19,50;96,80;111,80;6,40;6;71,70;3,20;1,60;
2026-07-28 17:47:00.0;OFF;ON;100;-3,30;-2,80;3,20;19,40;96,70;111,80;6,40;6;71,10;3,20;1,50;
2026-07-28 17:48:00.0;OFF;ON;100;-3,50;-2,80;3,20;19,40;96,80;111,80;6,70;6;69,50;3,20;1,50;
2026-07-28 17:49:00.0;OFF;ON;100;-3,50;-2,80;3,20;19,40;97;111,80;6,70;6;68,60;3,20;1,50;
2026-07-28 17:50:00.0;OFF;ON;100;-3,70;-2,80;3,20;19,30;97,10;111,80;6,90;6;66,90;3,20;1,60;
2026-07-28 17:51:00.0;OFF;ON;100;-3,90;-2,80;3,20;19,30;97,20;111,80;7,10;6;64,80;3,20;1,70;
2026-07-28 17:52:00.0;OFF;ON;100;-2,90;-2,70;3,30;19,30;97,20;111,80;6,20;6;67,70;3,20;1,60;
2026-07-28 17:53:00.0;OFF;ON;100;-1,70;-2,90;3,10;19,20;97;111,80;4,90;6;73,80;3,10;1,60;
2026-07-28 17:54:00.0;OFF;ON;100;-1,90;-2,80;3,20;19,20;97,20;111,80;5,10;6;74;3,20;1,80;
2026-07-28 17:55:00.0;OFF;ON;100;-1,70;-2,80;3,20;19,10;97,30;111,80;4,90;6;75,70;3,20;1,80;
2026-07-28 17:56:00.0;OFF;ON;100;-1,80;-2,80;3,20;19,10;97,40;111,80;5;6;76,70;3,20;1,80;
2026-07-28 17:57:00.0;OFF;ON;100;-1,80;-2,80;3,20;19,10;97,50;111,80;5;6;77,90;3,20;1,80;
2026-07-28 17:58:00.0;OFF;ON;100;-1,90;-2,80;3,20;19;97,40;111,80;5,20;6;78;3,20;1,80;
2026-07-28 17:59:00.0;OFF;ON;100;-1,90;-2,80;3,20;19;97,30;111,80;5,10;6;79,60;3,20;1,70;
2026-07-28 18:00:00.0;OFF;ON;100;-2,50;-2,80;3,20;18,90;97,30;111,80;5,60;6;78,20;3,20;1,70;
2026-07-28 18:01:00.0;OFF;ON;100;-3,10;-2,80;3,20;18,90;97,40;111,80;6,20;6;75,90;3,20;1,80;
2026-07-28 18:02:00.0;OFF;ON;100;-3;-2,90;3,10;18,90;97,20;111,80;6,10;6;76,20;3,10;1,60;
2026-07-28 18:03:00.0;OFF;ON;100;-3,10;-2,90;3,10;18,80;97,10;111,80;6,20;6;75,70;3,10;1,50;
2026-07-28 18:04:00.0;OFF;ON;100;-3,20;-3;3;18,80;97;111,80;6,20;6;75,20;3;1,50;
2026-07-28 18:05:00.0;OFF;ON;100;-3,20;-3;3;18,70;97;111,80;6,20;6;75,10;3;1,40;
2026-07-28 18:06:00.0;OFF;ON;100;-3,30;-3;3;18,70;96,90;111,80;6,20;6;74,90;3;1,40;
2026-07-28 18:07:00.0;OFF;ON;100;-3,20;-3,10;2,90;18,70;96,90;111,80;6,10;6;75,10;2,90;1,40;
2026-07-28 18:08:00.0;OFF;ON;100;-3,20;-3,10;2,90;18,60;97;111,80;6,10;6;75;2,90;1,30;
2026-07-28 18:09:00.0;OFF;ON;100;-3,20;-3,10;2,90;18,60;97;111,80;6,10;6;74,60;2,90;1,30;
2026-07-28 18:10:00.0;OFF;ON;100;-3,40;-3,10;2,90;18,60;96,90;111,80;6,20;6;74;2,80;1,30;
2026-07-28 18:11:00.0;OFF;ON;100;-3,40;-3,20;2,80;18,50;96,90;111,80;6,20;6;74;2,80;1,30;
2026-07-28 18:12:00.0;OFF;ON;100;-3,30;-3,20;2,80;18,50;97;111,80;6,10;6;74,10;2,80;1,20;
2026-07-28 18:13:00.0;OFF;ON;100;-3,30;-3,20;2,80;18,40;97;111,80;6,10;6;74,10;2,80;1,20;
2026-07-28 18:14:00.0;OFF;ON;100;-3,30;-3,20;2,80;18,40;97;111,80;6,10;6;74,20;2,80;1,20;
2026-07-28 18:15:00.0;OFF;ON;100;-3,30;-3,20;2,80;18,40;97;111,80;6,10;6;74,20;2,80;1,20;
2026-07-28 18:16:00.0;OFF;ON;100;-3,30;-3,30;2,70;18,30;97;111,80;6;6;74,80;2,80;1,20;
2026-07-28 18:17:00.0;OFF;ON;100;-3,30;-3,30;2,70;18,30;97;111,80;6;6;74,70;2,70;1,20;
2026-07-28 18:18:00.0;OFF;ON;100;-3,30;-3,30;2,70;18,20;97;111,80;6;6;74,90;2,70;1,20;
2026-07-28 18:19:00.0;OFF;ON;100;-3,30;-3,30;2,70;18,20;97;111,80;6;6;74,90;2,70;1,20;
2026-07-28 18:20:00.0;OFF;ON;100;-3,20;-3,30;2,70;18,20;97;111,80;5,90;6;75,20;2,70;1,20;
2026-07-28 18:21:00.0;OFF;ON;100;-3,30;-3,30;2,70;18,10;97,10;111,80;6;6;75;2,70;1,10;
2026-07-28 18:22:00.0;OFF;ON;100;-3,20;-3,30;2,70;18,10;97;111,80;5,90;6;75,20;2,60;1,10;
2026-07-28 18:23:00.0;OFF;ON;100;-3,30;-3,30;2,70;18,10;97,10;111,80;5,90;6;75,10;2,60;1,10;
2026-07-28 18:24:00.0;OFF;ON;100;-3,30;-3,40;2,60;18;97,10;111,70;5,90;6;75,30;2,60;1,10;
2026-07-28 18:25:00.0;OFF;ON;100;-3,30;-3,40;2,60;18;97,10;111,70;5,90;6;75,50;2,60;1,10;
2026-07-28 18:26:00.0;OFF;ON;100;-3,20;-3,40;2,60;17,90;97;111,80;5,80;6;76,10;2,60;1,10;
2026-07-28 18:27:00.0;OFF;ON;100;-3,20;-3,40;2,60;17,90;97,10;111,80;5,80;6;76,40;2,50;1,10;
2026-07-28 18:28:00.0;OFF;ON;100;-3,30;-3,50;2,50;17,90;97,10;111,80;5,90;6;76,30;2,50;1,10;
2026-07-28 18:29:00.0;OFF;ON;100;-3,20;-3,50;2,50;17,80;97,10;111,80;5,80;6;77;2,50;1,10;
2026-07-28 18:30:00.0;OFF;ON;100;-3,20;-3,50;2,50;17,80;97;111,70;5,80;6;77,10;2,50;1;
2026-07-28 18:31:00.0;OFF;ON;100;-3,30;-3,50;2,50;17,70;97;111,70;5,80;6;77,30;2,50;1;
2026-07-28 18:32:00.0;OFF;ON;100;-3,40;-3,50;2,50;17,70;97,10;111,70;5,90;6;77,20;2,50;1;
2026-07-28 18:33:00.0;OFF;ON;100;-3,40;-3,50;2,50;17,60;97,10;111,70;5,80;6;77,60;2,50;1;
2026-07-28 18:34:00.0;OFF;ON;100;-3,40;-3,60;2,40;17,60;97;111,70;5,80;6;77,90;2,40;1;
2026-07-28 18:35:00.0;OFF;ON;100;-3,40;-3,60;2,40;17,60;97,10;111,70;5,80;6;78,20;2,40;1;
2026-07-28 18:36:00.0;OFF;ON;100;-3,40;-3,50;2,50;17,50;97,10;111,70;5,80;6;78,30;2,40;1;
2026-07-28 18:37:00.0;OFF;ON;100;-3,40;-3,60;2,40;17,50;97,10;111,70;5,80;6;78,60;2,40;1;
2026-07-28 18:38:00.0;OFF;ON;100;-3,30;-3,60;2,40;17,40;97;111,70;5,70;6;79,50;2,40;1;
2026-07-28 18:39:00.0;OFF;ON;100;-3,40;-3,60;2,40;17,40;97,10;111,70;5,80;6;79,40;2,40;0,90;
2026-07-28 18:40:00.0;OFF;ON;100;-3,40;-3,60;2,40;17,40;97;111,70;5,70;6;80,10;2,30;0,90;
2026-07-28 18:41:00.0;OFF;ON;100;-3,30;-3,70;2,30;17,30;97;111,70;5,60;6;80,90;2,30;0,90;
2026-07-28 18:42:00.0;OFF;ON;100;-3,20;-3,70;2,30;17,30;97;111,70;5,50;6;82;2,30;0,90;
2026-07-28 18:43:00.0;OFF;ON;100;-3,10;-3,70;2,30;17,20;97;111,70;5,40;6;82,80;2,30;0,80;
2026-07-28 18:44:00.0;OFF;ON;100;-3,20;-3,70;2,30;17,20;96,90;111,70;5,50;6;83,20;2,20;0,80;
2026-07-28 18:45:00.0;OFF;ON;100;-3,10;-3,80;2,20;17,20;96,90;111,70;5,40;6;84,50;2,20;0,80;
2026-07-28 18:46:00.0;OFF;ON;100;-3,10;-3,80;2,20;17,10;96,90;111,70;5,30;6;85,50;2,20;0,80;
2026-07-28 18:47:00.0;OFF;ON;100;-3,10;-3,80;2,20;17,10;97;111,70;5,30;6;86,40;2,10;0,70;
2026-07-28 18:48:00.0;OFF;ON;100;-3,10;-3,90;2,10;17,10;96,80;111,70;5,30;6;87,20;2,10;0,70;
2026-07-28 18:49:00.0;OFF;ON;100;-3,10;-3,80;2,20;17;96,90;111,70;5,30;6;88,20;2,10;0,60;
2026-07-28 18:50:00.0;OFF;ON;100;-3,10;-3,90;2,10;17;96,80;111,70;5,20;6;89,30;2;0,60;
2026-07-28 18:51:00.0;OFF;ON;100;-3;-3,90;2,10;16,90;96,90;111,70;5,10;6;90,60;2;0,60;
2026-07-28 18:52:00.0;OFF;ON;100;-3,10;-4;2;16,90;96,80;111,70;5,10;6;91,80;2;0,50;
2026-07-28 18:53:00.0;OFF;ON;100;-3,10;-4;2;16,80;96,70;111,70;5,10;6;93,10;1,90;0,50;
2026-07-28 18:54:00.0;OFF;ON;100;-3,10;-4;2;16,80;96,80;111,70;5,10;6;94,10;1,90;0,50;
2026-07-28 18:55:00.0;OFF;ON;100;-2,50;-4;1,90;16,80;96,70;111,70;4,40;6;98;1,90;0,40;
2026-07-28 18:56:00.0;OFF;ON;100;-1,90;-4;2;16,70;96,90;111,70;3,90;6;99,60;2;0,70;
2026-07-28 18:57:00.0;OFF;ON;100;-1,50;-3,90;2,10;16,70;97,20;111,70;3,60;6;100;2,10;0,80;
2026-07-28 18:58:00.0;OFF;ON;100;-1,30;-3,80;2,20;16,60;97,50;111,70;3,50;6;99,70;2,20;0,90;
2026-07-28 18:59:00.0;OFF;ON;100;-1,10;-3,70;2,30;16,60;97,80;111,70;3,40;6;100;2,20;1;
2026-07-28 19:00:00.0;OFF;ON;100;-1,20;-3,70;2,30;16,60;98;111,70;3,50;6;100;2,30;1,10;
2026-07-28 19:01:00.0;OFF;ON;100;-1,30;-3,70;2,30;16,50;98;111,60;3,60;6;100;2,30;1,10;
2026-07-28 19:02:00.0;OFF;ON;100;-1,60;-3,60;2,40;16,50;98;111,60;4;6;100;2,30;1,10;
2026-07-28 19:03:00.0;OFF;ON;100;-2;-3,70;2,30;16,50;97,90;111,60;4,30;6;99,60;2,30;1,10;
2026-07-28 19:04:00.0;OFF;ON;100;-2,20;-3,70;2,30;16,40;97,60;111,60;4,50;6;100;2,20;1;
2026-07-28 19:05:00.0;OFF;ON;100;-2,50;-3,80;2,20;16,40;97,40;111,60;4,70;6;100;2,10;0,80;
2026-07-28 19:06:00.0;OFF;ON;100;-2,80;-3,90;2,10;16,30;97,10;111,60;4,80;6;100;2;0,70;
2026-07-28 19:07:00.0;OFF;ON;100;-3;-4;2;16,30;96,80;111,60;5;6;99,60;1,90;0,60;
2026-07-28 19:08:00.0;OFF;ON;100;-3;-4;1,90;16,20;96,60;111,60;4,90;6;100;1,80;0,50;
2026-07-28 19:09:00.0;OFF;ON;100;-3,10;-4;1,80;16,20;96,50;111,60;5;6;100;1,70;0,40;
2026-07-28 19:10:00.0;OFF;ON;100;-3,30;-4;1,80;16,20;96,40;111,60;5,10;6;99,60;1,70;0,30;
2026-07-28 19:11:00.0;OFF;ON;100;-3,30;-4;1,80;16,10;96,40;111,60;5,10;6;99,60;1,70;0,30;
2026-07-28 19:12:00.0;OFF;ON;100;-3,40;-4;1,70;16,10;96,40;111,60;5,10;6;99,60;1,60;0,20;
2026-07-28 19:13:00.0;OFF;ON;100;-3,30;-4;1,70;16;96,40;111,60;5;6;100;1,60;0,20;
2026-07-28 19:14:00.0;OFF;ON;100;-3,50;-4;1,70;16;96,50;111,60;5,10;6;99,50;1,60;0,10;
2026-07-28 19:15:00.0;OFF;ON;100;-3,40;-4;1,60;16;96,50;111,60;5,10;6;100;1,60;0,10;
2026-07-28 19:16:00.0;OFF;ON;100;-3,40;-4;1,60;15,90;96,50;111,60;5;6;99,80;1,50;0;
2026-07-28 19:17:00.0;OFF;ON;100;-3,40;-4;1,60;15,90;96,50;111,60;5;6;100;1,50;0;
2026-07-28 19:18:00.0;OFF;ON;100;-3,40;-4;1,60;15,80;96,60;111,60;5;6;100;1,50;0;
2026-07-28 19:19:00.0;OFF;ON;100;-3,40;-4;1,60;15,80;96,70;111,60;5;6;100;1,50;0;
2026-07-28 19:20:00.0;OFF;ON;100;-3,50;-4;1,50;15,70;96,70;111,60;5;6;99,70;1,50;-0,10;
2026-07-28 19:21:00.0;OFF;ON;100;-3,50;-4;1,50;15,70;96,80;111,60;5;6;100;1,40;-0,10;
2026-07-28 19:22:00.0;OFF;ON;100;-3,50;-4;1,50;15,70;96,80;111,60;4,90;6;100;1,40;-0,10;
2026-07-28 19:23:00.0;OFF;ON;100;-3,60;-4;1,50;15,60;96,70;111,60;5;6;99,60;1,40;-0,10;
2026-07-28 19:24:00.0;OFF;ON;100;-3,50;-4;1,40;15,60;96,60;111,60;4,90;6;100;1,30;-0,10;
2026-07-28 19:25:00.0;OFF;ON;100;-3,60;-4;1,40;15,60;96,60;111,60;5;6;99,60;1,30;-0,20;
2026-07-28 19:26:00.0;OFF;ON;100;-3,60;-4;1,40;15,50;96,50;111,60;5;6;99,50;1,30;-0,20;
2026-07-28 19:27:00.0;OFF;ON;100;-3,50;-4;1,40;15,50;96,50;111,60;4,90;6;100;1,30;-0,20;
2026-07-28 19:28:00.0;OFF;ON;100;-3,60;-4;1,40;15,40;96,50;111,60;4,90;6;99,60;1,30;-0,20;
2026-07-28 19:29:00.0;OFF;ON;100;-3,50;-4;1,30;15,40;96,50;111,60;4,80;6;100;1,20;-0,20;
2026-07-28 19:30:00.0;OFF;ON;100;-3,60;-4;1,30;15,30;96,50;111,60;4,90;6;99,70;1,20;-0,20;
2026-07-28 19:31:00.0;OFF;ON;100;-3,50;-4;1,30;15,30;96,50;111,60;4,80;6;100;1,20;-0,20;
2026-07-28 19:32:00.0;OFF;ON;100;-3,60;-4;1,30;15,30;96,50;111,60;4,80;6;99,90;1,20;-0,30;
2026-07-28 19:33:00.0;OFF;ON;100;-3,50;-4;1,20;15,20;96,50;111,60;4,70;6;100;1,10;-0,30;
2026-07-28 19:34:00.0;OFF;ON;100;-3,50;-4;1,20;15,20;96,50;111,60;4,70;6;100;1,10;-0,30;
2026-07-28 19:35:00.0;OFF;ON;100;-3,60;-4;1,20;15,10;96,50;111,60;4,80;6;99,60;1,10;-0,30;
2026-07-28 19:36:00.0;OFF;ON;100;-3,60;-4;1,20;15,10;96,50;111,60;4,80;6;99,60;1,10;-0,30;
2026-07-28 19:37:00.0;OFF;ON;100;-3,50;-4;1,20;15,10;96,50;111,60;4,70;6;100;1,10;-0,30;
2026-07-28 19:38:00.0;OFF;ON;100;-3,50;-4;1,10;15;96,50;111,60;4,70;6;100;1,10;-0,30;
2026-07-28 19:39:00.0;OFF;ON;100;-3,60;-4;1,10;15;96,50;111,60;4,70;6;99,90;1;-0,30;
2026-07-28 19:40:00.0;OFF;ON;100;-3,60;-4;1,10;14,90;96,50;111,60;4,70;6;99,70;1;-0,30;
2026-07-28 19:41:00.0;OFF;ON;100;-3,50;-4;1,10;14,90;96,50;111,60;4,60;6;100;1;-0,40;
2026-07-28 19:42:00.0;OFF;ON;100;-3,60;-4;1,10;14,90;96,50;111,60;4,70;6;99,60;1;-0,40;
2026-07-28 19:43:00.0;OFF;ON;100;-3,50;-4;1,10;14,80;96,60;111,60;4,60;6;100;1;-0,40;
2026-07-28 19:44:00.0;OFF;ON;100;-3,60;-4;1,10;14,80;96,60;111,60;4,70;6;99,50;1;-0,40;
2026-07-28 19:45:00.0;OFF;ON;100;-3,50;-4;1,10;14,80;96,50;111,60;4,60;6;100;1;-0,40;
2026-07-28 19:46:00.0;OFF;ON;100;-3,60;-4;1,10;14,70;96,50;111,60;4,70;6;99,60;1;-0,40;
2026-07-28 19:47:00.0;OFF;ON;100;-3,50;-4;1;14,70;96,50;111,60;4,50;6;100;0,90;-0,40;
2026-07-28 19:48:00.0;OFF;ON;100;-3,60;-4;1;14,70;96,60;111,60;4,60;6;99,60;0,90;-0,40;
2026-07-28 19:49:00.0;OFF;ON;100;-3,60;-4;1;14,70;96,60;111,60;4,50;6;99,80;0,90;-0,40;
2026-07-28 19:50:00.0;OFF;ON;100;-3,60;-4;1;14,60;96,60;111,60;4,60;6;99,60;0,90;-0,40;
2026-07-28 19:51:00.0;OFF;ON;100;-3,50;-4;1;14,60;96,50;111,60;4,50;6;100;0,90;-0,40;
2026-07-28 19:52:00.0;OFF;ON;100;-3,60;-4;1;14,50;96,50;111,60;4,50;6;99,80;0,90;-0,40;
2026-07-28 19:53:00.0;OFF;ON;100;-3,50;-4;1;14,50;96,60;111,60;4,50;6;100;0,90;-0,40;
2026-07-28 19:54:00.0;OFF;ON;100;-3,60;-4;0,90;14,50;96,60;111,60;4,50;6;99,70;0,90;-0,50;
2026-07-28 19:55:00.0;OFF;ON;100;-3,50;-4;0,90;14,40;96,60;111,60;4,40;6;100;0,80;-0,50;
2026-07-28 19:56:00.0;OFF;ON;100;-3,60;-4;0,90;14,40;96,60;111,60;4,50;6;99,60;0,80;-0,50;
2026-07-28 19:57:00.0;OFF;ON;100;-3,40;-4;0,90;14,40;96,50;111,60;4,30;6;100;0,80;-0,50;
2026-07-28 19:58:00.0;OFF;ON;100;-3,40;-4;0,90;14,40;96,60;111,60;4,30;6;100;0,80;-0,50;
2026-07-28 19:59:00.0;OFF;ON;100;-3,60;-4;0,90;14,30;96,60;111,60;4,40;6;99,60;0,80;-0,50;
2026-07-28 20:00:00.0;OFF;ON;100;-3,40;-4;0,90;14,30;96,50;111,60;4,30;6;100;0,80;-0,50;
2026-07-28 20:01:00.0;OFF;ON;100;-3,50;-4;0,90;14,20;96,60;111,60;4,30;6;100;0,80;-0,50;
2026-07-28 20:02:00.0;OFF;ON;100;-3,50;-4;0,80;14,20;96,50;111,60;4,40;6;99,70;0,80;-0,50;
2026-07-28 20:03:00.0;OFF;ON;100;-3,40;-4;0,90;14,20;96,50;111,60;4,30;6;100;0,80;-0,50;
2026-07-28 20:04:00.0;OFF;ON;100;-3,50;-4;0,80;14,20;96,50;111,60;4,40;6;99,60;0,80;-0,50;
2026-07-28 20:05:00.0;OFF;ON;100;-3,40;-4;0,80;14,10;96,60;111,60;4,30;6;100;0,80;-0,50;
2026-07-28 20:06:00.0;OFF;ON;100;-3,50;-4;0,80;14,10;96,60;111,60;4,30;6;99,50;0,70;-0,50;
2026-07-28 20:07:00.0;OFF;ON;100;-3,50;-4;0,80;14,10;96,50;111,60;4,30;6;99,60;0,70;-0,50;
2026-07-28 20:08:00.0;OFF;ON;100;-3,50;-4;0,80;14;96,60;111,60;4,30;6;99,50;0,70;-0,50;
2026-07-28 20:09:00.0;OFF;ON;100;-3,40;-4;0,80;14;96,60;111,60;4,20;6;100;0,70;-0,50;
2026-07-28 20:10:00.0;OFF;ON;100;-3,50;-4;0,80;14;96,60;111,60;4,30;6;99,50;0,70;-0,50;
2026-07-28 20:11:00.0;OFF;ON;100;-3,40;-4;0,80;13,90;96,60;111,60;4,20;6;100;0,70;-0,50;
2026-07-28 20:12:00.0;OFF;ON;100;-3,40;-4;0,80;13,90;96,60;111,60;4,20;6;99,80;0,70;-0,50;
2026-07-28 20:13:00.0;OFF;ON;100;-3,50;-4;0,70;13,90;96,60;111,60;4,20;6;99,70;0,70;-0,50;
2026-07-28 20:14:00.0;OFF;ON;100;-3,50;-4;0,70;13,80;96,50;111,60;4,20;6;99,60;0,70;-0,50;
2026-07-28 20:15:00.0;OFF;ON;100;-3,40;-4;0,70;13,80;96,60;111,60;4,10;6;100;0,70;-0,50;
2026-07-28 20:16:00.0;OFF;ON;100;-3,40;-4;0,70;13,80;96,60;111,60;4,10;6;100;0,70;-0,50;
2026-07-28 20:17:00.0;OFF;ON;100;-3,50;-4;0,70;13,70;96,60;111,60;4,20;6;99,60;0,70;-0,50;
2026-07-28 20:18:00.0;OFF;ON;100;-3,50;-4;0,70;13,70;96,50;111,60;4,20;6;99,60;0,70;-0,60;
2026-07-28 20:19:00.0;OFF;ON;100;-3,40;-4;0,70;13,70;96,50;111,60;4,10;6;100;0,60;-0,60;
2026-07-28 20:20:00.0;OFF;ON;100;-3,50;-4;0,70;13,60;96,50;111,60;4,20;6;99,60;0,60;-0,60;
2026-07-28 20:21:00.0;OFF;ON;100;-3,40;-4;0,70;13,60;96,60;111,50;4,10;6;100;0,60;-0,60;
2026-07-28 20:22:00.0;OFF;ON;100;-3,40;-4;0,70;13,60;96,60;111,60;4;6;100;0,60;-0,60;
2026-07-28 20:23:00.0;OFF;ON;100;-3,30;-4;0,70;13,50;96,60;111,60;4;6;100;0,60;-0,60;
2026-07-28 20:24:00.0;OFF;ON;100;-3,40;-4;0,70;13,50;96,60;111,60;4;6;100;0,60;-0,60;
2026-07-28 20:25:00.0;OFF;ON;100;-3,40;-4;0,70;13,50;96,60;111,60;4,10;6;99,70;0,60;-0,60;
2026-07-28 20:26:00.0;OFF;ON;100;-3,40;-4;0,70;13,40;96,50;111,50;4,10;6;99,60;0,60;-0,60;
2026-07-28 20:27:00.0;OFF;ON;100;-3,30;-4;0,70;13,40;96,50;111,50;4;6;100;0,60;-0,60;
2026-07-28 20:28:00.0;OFF;ON;100;-3,40;-4;0,60;13,40;96,50;111,50;4;6;99,70;0,60;-0,60;
2026-07-28 20:29:00.0;OFF;ON;100;-3,40;-4;0,60;13,30;96,50;111,50;4;6;99,70;0,60;-0,60;
2026-07-28 20:30:00.0;OFF;ON;100;-3,40;-4;0,60;13,30;96,50;111,50;4,10;6;99,60;0,60;-0,60;
2026-07-28 20:31:00.0;OFF;ON;100;-3,40;-4;0,60;13,30;96,50;111,50;4;6;100;0,50;-0,60;
2026-07-28 20:32:00.0;OFF;ON;100;-3,40;-4;0,60;13,20;96,50;111,50;4;6;99,60;0,50;-0,60;
2026-07-28 20:33:00.0;OFF;ON;100;-3,30;-4;0,60;13,20;96,50;111,50;3,90;6;100;0,50;-0,60;
2026-07-28 20:34:00.0;OFF;ON;100;-3,40;-4;0,60;13,20;96,50;111,50;4;6;100;0,50;-0,60;
2026-07-28 20:35:00.0;OFF;ON;100;-3,40;-4;0,60;13,10;96,50;111,50;4;6;99,70;0,50;-0,60;
2026-07-28 20:36:00.0;OFF;ON;100;-3,40;-4;0,60;13,10;96,50;111,50;4;6;99,60;0,50;-0,60;
2026-07-28 20:37:00.0;OFF;ON;100;-3,30;-4;0,60;13,10;96,50;111,50;3,90;6;100;0,50;-0,60;
2026-07-28 20:38:00.0;OFF;ON;100;-3,50;-4;0,60;13;96,50;111,50;4;6;99,50;0,50;-0,60;
2026-07-28 20:39:00.0;OFF;ON;100;-3,60;-4;0,50;13;96,60;111,50;4,10;6;99,60;0,50;-0,60;
2026-07-28 20:40:00.0;OFF;ON;100;-3,90;-4;0,50;13;96,50;111,50;4,40;6;98,50;0,40;-0,70;
2026-07-28 20:41:00.0;OFF;ON;100;-4,10;-4;0,40;12,90;96,20;111,50;4,50;6;97,40;0,30;-0,80;
2026-07-28 20:42:00.0;OFF;ON;100;-4;-4;0,40;12,90;96;111,50;4,30;6;97,70;0,30;-0,90;
2026-07-28 20:43:00.0;OFF;ON;100;-3,80;-4;0,30;12,90;96;111,50;4,20;6;98,60;0,30;-0,90;
2026-07-28 20:44:00.0;OFF;ON;100;-3,70;-4;0,30;12,80;96;111,50;4;6;99,50;0,30;-0,80;
2026-07-28 20:45:00.0;OFF;ON;100;-3,60;-4;0,40;12,80;96,10;111,50;4;6;100;0,30;-0,80;
2026-07-28 20:46:00.0;OFF;ON;100;-3,10;-4;0,40;12,80;96,30;111,50;3,50;6;100;0,30;-0,80;
2026-07-28 20:47:00.0;OFF;ON;100;-3,10;-4;0,50;12,70;96,60;111,50;3,60;6;100;0,40;-0,60;
2026-07-28 20:48:00.0;OFF;ON;100;-3;-4;0,50;12,70;96,80;111,50;3,50;6;100;0,40;-0,60;
2026-07-28 20:49:00.0;OFF;ON;100;-3,10;-4;0,50;12,70;96,90;111,50;3,60;6;100;0,40;-0,50;
2026-07-28 20:50:00.0;OFF;ON;100;-3,10;-4;0,50;12,60;96,90;111,50;3,60;6;99,60;0,40;-0,50;
2026-07-28 20:51:00.0;OFF;ON;100;-3;-4;0,50;12,60;96,90;111,50;3,60;6;100;0,40;-0,50;
2026-07-28 20:52:00.0;OFF;ON;100;-3,10;-4;0,50;12,60;96,90;111,50;3,60;6;99,70;0,40;-0,50;
2026-07-28 20:53:00.0;OFF;ON;100;-3,10;-4;0,50;12,50;96,90;111,50;3,60;6;99,80;0,40;-0,50;
2026-07-28 20:54:00.0;OFF;ON;100;-3,10;-4;0,50;12,50;96,90;111,50;3,60;6;99,60;0,40;-0,50;
2026-07-28 20:55:00.0;OFF;ON;100;-3;-4;0,50;12,50;96,80;111,50;3,50;6;100;0,40;-0,50;
2026-07-28 20:56:00.0;OFF;ON;100;-3;-4;0,50;12,40;96,80;111,50;3,50;6;100;0,40;-0,50;
2026-07-28 20:57:00.0;OFF;ON;100;-3;-4;0,50;12,40;96,80;111,50;3,50;6;99,80;0,40;-0,50;
2026-07-28 20:58:00.0;OFF;ON;100;-3;-4;0,50;12,40;96,80;111,50;3,50;6;100;0,40;-0,50;
2026-07-28 20:59:00.0;OFF;ON;100;-3;-4;0,50;12,30;96,80;111,50;3,50;6;100;0,40;-0,50;
2026-07-28 21:00:00.0;OFF;ON;100;-3,10;-4;0,50;12,30;96,80;111,50;3,60;6;99,60;0,40;-0,50;
2026-07-28 21:01:00.0;OFF;ON;100;-3;-4;0,50;12,30;96,80;111,50;3,50;6;100;0,40;-0,50;
2026-07-28 21:02:00.0;OFF;ON;100;-3,10;-4;0,50;12,20;96,70;111,50;3,60;6;99,60;0,40;-0,50;
2026-07-28 21:03:00.0;OFF;ON;100;-3;-4;0,50;12,20;96,80;111,50;3,50;6;100;0,40;-0,50;
2026-07-28 21:04:00.0;OFF;ON;100;-3;-4;0,50;12,20;96,70;111,50;3,40;6;100;0,40;-0,50;
2026-07-28 21:05:00.0;OFF;ON;100;-3,10;-4;0,50;12,10;96,70;111,50;3,50;6;99,60;0,40;-0,50;
2026-07-28 21:06:00.0;OFF;ON;100;-3;-4;0,50;12,10;96,70;111,50;3,50;6;100;0,40;-0,50;
2026-07-28 21:07:00.0;OFF;ON;100;-3;-4;0,50;12,10;96,70;111,50;3,50;6;100;0,40;-0,50;
2026-07-28 21:08:00.0;OFF;ON;100;-3;-4;0,50;12;96,60;111,50;3,40;6;100;0,40;-0,50;
2026-07-28 21:09:00.0;OFF;ON;100;-3;-4;0,50;12;96,60;111,50;3,50;6;100;0,40;-0,50;
2026-07-28 21:10:00.0;OFF;ON;100;-3;-4;0,40;12;96,70;111,50;3,50;6;100;0,40;-0,50;
2026-07-28 21:11:00.0;OFF;ON;100;-3,10;-4;0,40;12;96,70;111,50;3,50;6;99,50;0,40;-0,50;
2026-07-28 21:12:00.0;OFF;ON;100;-3,10;-4;0,40;11,90;96,60;111,50;3,50;6;99,70;0,40;-0,50;
2026-07-28 21:13:00.0;OFF;ON;100;-3,10;-4;0,40;11,90;96,60;111,50;3,50;6;99,60;0,40;-0,60;
2026-07-28 21:14:00.0;OFF;ON;100;-3;-4;0,40;11,90;96,60;111,50;3,40;6;100;0,40;-0,60;
2026-07-28 21:15:00.0;OFF;ON;100;-3;-4;0,40;11,80;96,60;111,50;3,40;6;100;0,30;-0,60;
2026-07-28 21:16:00.0;OFF;ON;100;-3,60;-4;0,40;11,80;96,60;111,50;4;6;98,30;0,30;-0,60;
2026-07-28 21:17:00.0;OFF;ON;100;-3,80;-4;0,30;11,80;96,40;111,50;4;6;98,20;0,20;-0,80;
2026-07-28 21:18:00.0;OFF;ON;100;-3,70;-4;0,20;11,70;96,10;111,50;3,90;6;98,70;0,20;-0,90;
2026-07-28 21:19:00.0;OFF;ON;100;-3,70;-4;0,20;11,70;96;111,50;3,90;6;99,30;0,10;-0,90;
2026-07-28 21:20:00.0;OFF;ON;100;-3,60;-4;0,20;11,70;96;111,50;3,80;6;99,80;0,10;-0,90;
2026-07-28 21:21:00.0;OFF;ON;100;-3,60;-4;0,20;11,60;96,10;111,50;3,70;6;100;0,10;-0,80;
2026-07-28 21:22:00.0;OFF;ON;100;-3,60;-4;0,20;11,60;96;111,50;3,80;6;99,80;0,10;-0,80;
2026-07-28 21:23:00.0;OFF;ON;100;-3,60;-4;0,20;11,60;96,10;111,50;3,70;6;100;0,10;-0,90;
2026-07-28 21:24:00.0;OFF;ON;100;-3,60;-4;0,20;11,50;96,10;111,50;3,70;6;100;0,10;-0,90;
2026-07-28 21:25:00.0;OFF;ON;100;-3,70;-4;0,10;11,50;96,10;111,50;3,80;6;99,80;0,10;-0,90;
2026-07-28 21:26:00.0;OFF;ON;100;-3,60;-4;0,10;11,50;96,10;111,50;3,70;6;100;0;-0,90;
2026-07-28 21:27:00.0;OFF;ON;100;-3,60;-4;0,10;11,40;96,10;111,50;3,70;6;100;0;-0,90;
2026-07-28 21:28:00.0;OFF;ON;100;-3,70;-4;0,10;11,40;96,10;111,50;3,80;6;99,60;0;-0,90;
2026-07-28 21:29:00.0;OFF;ON;100;-3,80;-4;0,10;11,40;96,10;111,50;3,80;6;99,70;0;-1;
2026-07-28 21:30:00.0;OFF;ON;100;-3,80;-4;0,10;11,30;96,10;111,50;3,90;6;99,60;0;-1;
2026-07-28 21:31:00.0;OFF;ON;100;-3,10;-4;0;11,30;96;111,50;3,20;6;100;0;-0,90;
2026-07-28 21:32:00.0;OFF;ON;100;-3,20;-4;0,10;11,30;96,10;111,50;3,30;6;100;0;-0,80;
2026-07-28 21:33:00.0;OFF;ON;100;-3,30;-4;0,10;11,20;96,50;111,50;3,40;6;99,60;0,10;-0,80;
2026-07-28 21:34:00.0;OFF;ON;100;-3,30;-4;0,10;11,20;96,60;111,50;3,50;6;99,70;0,10;-0,80;
2026-07-28 21:35:00.0;OFF;ON;100;-3,30;-4;0,10;11,20;96,60;111,50;3,40;6;100;0,10;-0,80;
2026-07-28 21:36:00.0;OFF;ON;100;-3,30;-4;0,10;11,10;96,50;111,50;3,40;6;100;0,10;-0,80;
2026-07-28 21:37:00.0;OFF;ON;100;-3,40;-4;0,10;11,10;96,50;111,50;3,50;6;99,50;0,10;-0,80;
2026-07-28 21:38:00.0;OFF;ON;100;-3,40;-4;0,10;11,10;96,50;111,50;3,50;6;99,60;0;-0,80;
2026-07-28 21:39:00.0;OFF;ON;100;-3,30;-4;0,10;11;96,40;111,50;3,40;6;100;0;-0,80;
2026-07-28 21:40:00.0;OFF;ON;100;-3,30;-4;0,10;11;96,40;111,50;3,40;6;100;0;-0,80;
2026-07-28 21:41:00.0;OFF;ON;100;-3,30;-4;0,10;11;96,40;111,50;3,40;6;100;0;-0,80;
2026-07-28 21:42:00.0;OFF;ON;100;-3,40;-4;0,10;10,90;96,40;111,50;3,50;6;99,50;0;-0,80;
2026-07-28 21:43:00.0;OFF;ON;100;-3,40;-4;0,10;10,90;96,40;111,50;3,50;6;99,60;0;-0,80;
2026-07-28 21:44:00.0;OFF;ON;100;-3,40;-4;0,10;10,90;96,40;111,50;3,40;6;99,60;0;-0,80;
2026-07-28 21:45:00.0;OFF;ON;100;-3,30;-4;0,10;10,80;96,40;111,50;3,40;6;99,80;0;-0,80;
2026-07-28 21:46:00.0;OFF;ON;100;-3,40;-4;0,10;10,80;96,40;111,50;3,40;6;99,70;0;-0,80;
2026-07-28 21:47:00.0;OFF;ON;100;-3,30;-4;0,10;10,80;96,30;111,50;3,40;6;100;0;-0,80;
2026-07-28 21:48:00.0;OFF;ON;100;-3,30;-4;0;10,70;96,30;111,50;3,30;6;100;0;-0,80;
2026-07-28 21:49:00.0;OFF;ON;100;-3,40;-4;0;10,70;96,40;111,50;3,40;6;99,70;0;-0,80;
2026-07-28 21:50:00.0;OFF;ON;100;-3,30;-4;0;10,70;96,40;111,50;3,30;6;100;0;-0,80;
2026-07-28 21:51:00.0;OFF;ON;100;-3,30;-4;0;10,60;96,30;111,50;3,30;6;100;-0,10;-0,80;
2026-07-28 21:52:00.0;OFF;ON;100;-3,30;-4;0;10,60;96,40;111,50;3,30;6;100;0;-0,80;
2026-07-28 21:53:00.0;OFF;ON;100;-3,40;-4;0;10,60;96,30;111,50;3,40;6;99,60;-0,10;-0,80;
2026-07-28 21:54:00.0;OFF;ON;100;-3,40;-4;0;10,60;96,30;111,50;3,40;6;99,50;-0,10;-0,90;
2026-07-28 21:55:00.0;OFF;ON;100;-3,30;-4;0;10,50;96,30;111,50;3,30;6;100;-0,10;-0,90;
2026-07-28 21:56:00.0;OFF;ON;100;-3,40;-4;0;10,50;96,30;111,50;3,40;6;99,60;-0,10;-0,90;
2026-07-28 21:57:00.0;OFF;ON;100;-3,30;-4;0;10,50;96,30;111,50;3,30;6;100;-0,10;-0,90;
2026-07-28 21:58:00.0;OFF;ON;100;-3,30;-4;0;10,40;96,30;111,50;3,20;6;100;-0,10;-0,90;
2026-07-28 21:59:00.0;OFF;ON;100;-3,30;-4;0;10,40;96,30;111,50;3,30;6;100;-0,10;-0,90;
2026-07-28 22:00:00.0;OFF;ON;100;-3,40;-4;0;10,40;96,30;111,50;3,30;6;99,50;-0,10;-0,90;
2026-07-28 22:01:00.0;OFF;ON;100;-3,30;-4;0;10,30;96,30;111,50;3,20;6;100;-0,10;-0,90;
2026-07-28 22:02:00.0;OFF;ON;100;-3,30;-4;-0,10;10,30;96,30;111,50;3,20;6;100;-0,10;-0,90;
2026-07-28 22:03:00.0;OFF;ON;100;-3,40;-4;-0,10;10,30;96,30;111,50;3,30;6;99,60;-0,10;-0,90;
2026-07-28 22:04:00.0;OFF;ON;100;-3,30;-4;-0,10;10,20;96,30;111,50;3,20;6;100;-0,10;-0,90;
2026-07-28 22:05:00.0;OFF;ON;100;-3,40;-4;-0,10;10,20;96,30;111,50;3,30;6;99,60;-0,10;-0,90;
2026-07-28 22:06:00.0;OFF;ON;100;-3,40;-4;-0,10;10,20;96,30;111,50;3,30;6;99,60;-0,10;-0,90;
2026-07-28 22:07:00.0;OFF;ON;100;-3,40;-4;-0,10;10,10;96,30;111,50;3,30;6;100;-0,20;-0,90;
2026-07-28 22:08:00.0;OFF;ON;100;-3,40;-4;-0,10;10,10;96,20;111,50;3,30;6;99,60;-0,20;-0,90;
2026-07-28 22:09:00.0;OFF;ON;100;-3,40;-4;-0,10;10,10;96,20;111,50;3,30;6;99,70;-0,20;-0,90;
2026-07-28 22:10:00.0;OFF;ON;100;-3,30;-4;-0,10;10;96,20;111,50;3,20;6;100;-0,20;-0,90;
2026-07-28 22:11:00.0;OFF;ON;100;-3,40;-4;-0,10;10;96,20;111,50;3,20;6;100;-0,20;-0,90;
2026-07-28 22:12:00.0;OFF;ON;100;-3,40;-4;-0,10;10;96,20;111,50;3,20;6;100;-0,20;-0,90;
2026-07-28 22:13:00.0;OFF;ON;100;-3,50;-4;-0,10;9,90;96,10;111,50;3,30;6;99,60;-0,20;-0,90;
2026-07-28 22:14:00.0;OFF;ON;100;-3,40;-4;-0,20;9,90;96,20;111,50;3,20;6;100;-0,20;-0,90;
2026-07-28 22:15:00.0;OFF;ON;100;-3,40;-4;-0,20;9,90;96,30;111,50;3,30;6;99,60;-0,20;-0,90;
2026-07-28 22:16:00.0;OFF;ON;100;-3,50;-4;-0,20;9,90;96,20;111,50;3,30;6;99,70;-0,20;-0,90;
2026-07-28 22:17:00.0;OFF;ON;100;-3,40;-4;-0,20;9,80;96,20;111,40;3,30;6;99,80;-0,20;-1;
2026-07-28 22:18:00.0;OFF;ON;100;-3,40;-4;-0,20;9,80;96,20;111,40;3,20;6;100;-0,20;-1;
2026-07-28 22:19:00.0;OFF;ON;100;-3,40;-4;-0,20;9,80;96,20;111,40;3,20;6;100;-0,20;-1;
2026-07-28 22:20:00.0;OFF;ON;100;-3,40;-4;-0,20;9,80;96,20;111,40;3,30;6;99,60;-0,20;-1;
2026-07-28 22:21:00.0;OFF;ON;100;-3,40;-4;-0,20;9,70;96,20;111,40;3,20;6;100;-0,20;-1;
2026-07-28 22:22:00.0;OFF;ON;100;-3,40;-4;-0,20;9,70;96,10;111,40;3,20;6;100;-0,20;-1;
2026-07-28 22:23:00.0;OFF;ON;100;-3,40;-4;-0,20;9,70;96,10;111,40;3,20;6;100;-0,30;-1;
2026-07-28 22:24:00.0;OFF;ON;100;-3,40;-4;-0,20;9,70;96,20;111,40;3,20;6;100;-0,30;-1;
2026-07-28 22:25:00.0;OFF;ON;100;-3,50;-4;-0,20;9,60;96,20;111,40;3,30;6;99,50;-0,30;-1;
2026-07-28 22:26:00.0;OFF;ON;100;-3,50;-4;-0,20;9,60;96,10;111,40;3,20;6;99,60;-0,30;-1;
2026-07-28 22:27:00.0;OFF;ON;100;-3,30;-4;-0,20;9,60;96,20;111,40;3,10;6;100;-0,30;-1;
2026-07-28 22:28:00.0;OFF;ON;100;-3,30;-4;-0,20;9,60;96,10;111,40;3,10;6;100;-0,30;-1;
2026-07-28 22:29:00.0;OFF;ON;100;-3,30;-4;-0,20;9,50;96,20;111,40;3,10;6;100;-0,30;-1;
2026-07-28 22:30:00.0;OFF;ON;100;-3,30;-4;-0,20;9,50;96,20;111,40;3,10;6;100;-0,30;-1;
2026-07-28 22:31:00.0;OFF;ON;100;-3,30;-4;-0,20;9,50;96,20;111,40;3,10;6;100;-0,30;-1;
2026-07-28 22:32:00.0;OFF;ON;100;-3,30;-4;-0,20;9,50;96,10;111,40;3,10;6;100;-0,30;-1;
2026-07-28 22:33:00.0;OFF;ON;100;-3,40;-4;-0,30;9,40;96,10;111,40;3,20;6;99,60;-0,30;-1;
2026-07-28 22:34:00.0;OFF;ON;100;-3,40;-4;-0,30;9,40;96,10;111,40;3,10;6;100;-0,30;-1;
2026-07-28 22:35:00.0;OFF;ON;100;-3,30;-4;-0,20;9,40;96,10;111,40;3,10;6;100;-0,30;-1;
2026-07-28 22:36:00.0;OFF;ON;100;-3,50;-4;-0,30;9,40;96,10;111,40;3,20;6;99,60;-0,30;-1;
2026-07-28 22:37:00.0;OFF;ON;100;-3,30;-4;-0,30;9,30;96,10;111,40;3,10;6;100;-0,30;-1;
2026-07-28 22:38:00.0;OFF;ON;100;-3,40;-4;-0,30;9,30;96,10;111,40;3,20;6;99,60;-0,30;-1;
2026-07-28 22:39:00.0;OFF;ON;100;-3,30;-4;-0,30;9,30;96,10;111,40;3,10;6;100;-0,30;-1;
2026-07-28 22:40:00.0;OFF;ON;100;-3,40;-4;-0,30;9,30;96,10;111,40;3,10;6;99,60;-0,30;-1;
2026-07-28 22:41:00.0;OFF;ON;100;-3,40;-4;-0,30;9,20;96;111,40;3,10;6;99,50;-0,30;-1;
2026-07-28 22:42:00.0;OFF;ON;100;-3,30;-4;-0,30;9,20;96,10;111,40;3;6;100;-0,40;-1;
2026-07-28 22:43:00.0;OFF;ON;100;-3,40;-4;-0,30;9,20;96,10;111,40;3,10;6;99,60;-0,40;-1;
2026-07-28 22:44:00.0;OFF;ON;100;-3,40;-4;-0,30;9,20;96,10;111,40;3;6;100;-0,40;-1;
2026-07-28 22:45:00.0;OFF;ON;100;-3,40;-4;-0,30;9,10;96,10;111,40;3,10;6;100;-0,40;-1;
2026-07-28 22:46:00.0;OFF;ON;100;-3,40;-4;-0,30;9,10;96,10;111,40;3,10;6;99,60;-0,40;-1;
2026-07-28 22:47:00.0;OFF;ON;100;-3,40;-4;-0,30;9,10;96,10;111,40;3,10;6;99,70;-0,40;-1;
2026-07-28 22:48:00.0;OFF;ON;100;-3,40;-4;-0,30;9,10;96;111,40;3,10;6;99,60;-0,40;-1;
2026-07-28 22:49:00.0;OFF;ON;100;-3,40;-4;-0,30;9;96;111,40;3,10;6;99,80;-0,40;-1;
2026-07-28 22:50:00.0;OFF;ON;100;-3,30;-4;-0,30;9;96;111,40;3;6;100;-0,40;-1;
2026-07-28 22:51:00.0;OFF;ON;100;-3,30;-4;-0,30;9;96,10;111,40;3;6;100;-0,40;-1;
2026-07-28 22:52:00.0;OFF;ON;100;-3,40;-4;-0,30;8,90;96,10;111,40;3,10;6;99,60;-0,40;-1;
2026-07-28 22:53:00.0;OFF;ON;100;-3,30;-4;-0,30;8,90;96,10;111,40;3;6;100;-0,40;-1;
2026-07-28 22:54:00.0;OFF;ON;100;-3,40;-4;-0,40;8,90;96,10;111,40;3;6;100;-0,40;-1;
2026-07-28 22:55:00.0;OFF;ON;100;-3,40;-4;-0,40;8,90;96,10;111,40;3,10;6;99,70;-0,40;-1;
2026-07-28 22:56:00.0;OFF;ON;100;-3,40;-4;-0,40;8,80;96,10;111,40;3,10;6;99,60;-0,40;-1;
2026-07-28 22:57:00.0;OFF;ON;100;-3,30;-4;-0,40;8,80;96,10;111,40;3;6;100;-0,40;-1;
2026-07-28 22:58:00.0;OFF;ON;100;-3,30;-4;-0,40;8,80;96;111,40;3;6;100;-0,40;-1;
2026-07-28 22:59:00.0;OFF;ON;100;-3,40;-4;-0,40;8,80;96;111,40;3;6;99,90;-0,40;-1;
2026-07-28 23:00:00.0;OFF;ON;100;-3,30;-4;-0,40;8,70;96;111,40;2,90;6;100;-0,40;-1,10;
2026-07-28 23:01:00.0;OFF;ON;100;-3,30;-4;-0,40;8,70;96;111,40;2,90;6;100;-0,40;-1,10;
2026-07-28 23:02:00.0;OFF;ON;100;-3,30;-4;-0,40;8,70;96;111,40;3;6;100;-0,40;-1,10;
2026-07-28 23:03:00.0;OFF;ON;100;-3,30;-4;-0,40;8,70;96;111,40;3;6;99,90;-0,50;-1,10;
2026-07-28 23:04:00.0;OFF;ON;100;-3,40;-4;-0,40;8,60;96;111,40;3;6;99,70;-0,50;-1,10;
2026-07-28 23:05:00.0;OFF;ON;100;-3,40;-4;-0,40;8,60;96;111,40;3;6;99,60;-0,50;-1,10;
2026-07-28 23:06:00.0;OFF;ON;100;-3,40;-4;-0,40;8,60;96;111,40;3;6;99,50;-0,50;-1,10;
2026-07-28 23:07:00.0;OFF;ON;100;-3,40;-4;-0,40;8,60;96;111,40;3;6;99,60;-0,50;-1,10;
2026-07-28 23:08:00.0;OFF;ON;100;-3,30;-4;-0,40;8,50;96;111,40;2,90;6;100;-0,50;-1,10;
2026-07-28 23:09:00.0;OFF;ON;100;-3,30;-4;-0,40;8,50;96;111,40;2,90;6;100;-0,50;-1,10;
2026-07-28 23:10:00.0;OFF;ON;100;-3,30;-4;-0,40;8,50;96;111,40;2,90;6;100;-0,50;-1,10;
2026-07-28 23:11:00.0;OFF;ON;100;-3,40;-4;-0,40;8,50;96;111,40;3;6;99,60;-0,50;-1,10;
2026-07-28 23:12:00.0;OFF;ON;100;-3,30;-4;-0,40;8,40;96;111,40;2,90;6;100;-0,50;-1,10;
2026-07-28 23:13:00.0;OFF;ON;100;-3,30;-4;-0,40;8,40;96;111,40;2,90;6;100;-0,50;-1,10;
2026-07-28 23:14:00.0;OFF;ON;100;-3,30;-4;-0,40;8,40;96;111,40;2,90;6;100;-0,50;-1,10;
2026-07-28 23:15:00.0;OFF;ON;100;-3,40;-4;-0,40;8,40;96;111,40;2,90;6;99,90;-0,50;-1,10;
2026-07-28 23:16:00.0;OFF;ON;100;-3,30;-4;-0,40;8,30;96;111,40;2,90;6;100;-0,50;-1,10;
2026-07-28 23:17:00.0;OFF;ON;100;-3,30;-4;-0,50;8,30;96;111,40;2,90;6;100;-0,50;-1,10;
2026-07-28 23:18:00.0;OFF;ON;100;-3,30;-4;-0,50;8,30;96;111,30;2,90;6;100;-0,50;-1,10;
2026-07-28 23:19:00.0;OFF;ON;100;-3,30;-4;-0,50;8,30;96;111,30;2,80;6;100;-0,50;-1,10;
2026-07-28 23:20:00.0;OFF;ON;100;-3,40;-4;-0,50;8,20;96;111,30;2,90;6;99,60;-0,50;-1,10;
2026-07-28 23:21:00.0;OFF;ON;100;-3,40;-4;-0,50;8,20;96;111,30;2,90;6;99,70;-0,50;-1,10;
2026-07-28 23:22:00.0;OFF;ON;100;-3,30;-4;-0,50;8,20;96;111,30;2,80;6;100;-0,50;-1,10;
2026-07-28 23:23:00.0;OFF;ON;100;-3,30;-4;-0,50;8,10;96;111,30;2,90;6;99,80;-0,50;-1,10;
2026-07-28 23:24:00.0;OFF;ON;100;-3,30;-4;-0,50;8,10;96;111,30;2,80;6;100;-0,50;-1,10;
2026-07-28 23:25:00.0;OFF;ON;100;-3,40;-4;-0,50;8,10;96;111,30;2,90;6;99,80;-0,50;-1,10;
2026-07-28 23:26:00.0;OFF;ON;100;-3,30;-4;-0,50;8,10;96;111,30;2,80;6;100;-0,50;-1,10;
2026-07-28 23:27:00.0;OFF;ON;100;-3,40;-4;-0,50;8;96;111,30;2,90;6;99,60;-0,60;-1,10;
2026-07-28 23:28:00.0;OFF;ON;100;-3,40;-4;-0,50;8;96;111,30;2,90;6;99,60;-0,60;-1,10;
2026-07-28 23:29:00.0;OFF;ON;100;-3,40;-4;-0,50;8;96;111,30;2,90;6;99,70;-0,60;-1,10;
2026-07-28 23:30:00.0;OFF;ON;100;-3,30;-4;-0,50;8;96;111,30;2,80;6;100;-0,60;-1,10;
2026-07-28 23:31:00.0;OFF;ON;100;-3,30;-4;-0,50;7,90;96;111,30;2,80;6;100;-0,60;-1,10;
2026-07-28 23:32:00.0;OFF;ON;100;-3,40;-4;-0,50;7,90;96;111,30;2,90;6;100;-0,60;-1,10;
2026-07-28 23:33:00.0;OFF;ON;100;-3,40;-4;-0,50;7,90;96;111,30;2,90;6;99,60;-0,60;-1,10;
2026-07-28 23:34:00.0;OFF;ON;100;-3,40;-4;-0,50;7,90;96;111,30;2,90;6;99,60;-0,60;-1,10;
2026-07-28 23:35:00.0;OFF;ON;100;-3,40;-4;-0,50;7,80;95,90;111,30;2,90;6;99,70;-0,60;-1,10;
2026-07-28 23:36:00.0;OFF;ON;100;-3,40;-4;-0,50;7,80;96;111,30;2,90;6;99,60;-0,60;-1,10;
2026-07-28 23:37:00.0;OFF;ON;100;-3,30;-4;-0,50;7,80;96;111,30;2,80;6;100;-0,60;-1,10;
2026-07-28 23:38:00.0;OFF;ON;100;-3,40;-4;-0,50;7,70;95,90;111,30;2,90;6;99,60;-0,60;-1,10;
2026-07-28 23:39:00.0;OFF;ON;100;-3,40;-4;-0,50;7,70;96;111,30;2,80;6;100;-0,60;-1,10;
2026-07-28 23:40:00.0;OFF;ON;100;-3,40;-4;-0,50;7,70;95,90;111,30;2,90;6;99,60;-0,60;-1,10;
2026-07-28 23:41:00.0;OFF;ON;100;-3,30;-4;-0,60;7,70;96;111,30;2,80;6;100;-0,60;-1,10;
2026-07-28 23:42:00.0;OFF;ON;100;-3,40;-4;-0,60;7,70;96;111,30;2,80;6;99,80;-0,60;-1,10;
2026-07-28 23:43:00.0;OFF;ON;100;-3,40;-4;-0,60;7,60;96;111,30;2,80;6;99,80;-0,60;-1,10;
2026-07-28 23:44:00.0;OFF;ON;100;-3,40;-4;-0,60;7,60;96;111,30;2,80;6;99,70;-0,60;-1,10;
2026-07-28 23:45:00.0;OFF;ON;100;-3,30;-4;-0,60;7,60;96;111,30;2,80;6;100;-0,60;-1,10;
2026-07-28 23:46:00.0;OFF;ON;100;-3,40;-4;-0,60;7,50;96;111,30;2,80;6;100;-0,60;-1,10;
2026-07-28 23:47:00.0;OFF;ON;100;-3,30;-4;-0,60;7,50;96;111,30;2,70;6;100;-0,60;-1,10;
2026-07-28 23:48:00.0;OFF;ON;100;-3,40;-4;-0,60;7,50;96;111,30;2,80;6;99,90;-0,70;-1,10;
2026-07-28 23:49:00.0;OFF;ON;100;-3,40;-4;-0,60;7,50;96;111,30;2,80;6;99,70;-0,70;-1,10;
2026-07-28 23:50:00.0;OFF;ON;100;-3,30;-4;-0,60;7,50;95,90;111,30;2,70;6;100;-0,70;-1,20;
2026-07-28 23:51:00.0;OFF;ON;100;-3,40;-4;-0,60;7,40;96;111,30;2,80;6;99,70;-0,70;-1,20;
2026-07-28 23:52:00.0;OFF;ON;100;-3,40;-4;-0,60;7,40;96;111,30;2,80;6;99,70;-0,70;-1,20;
2026-07-28 23:53:00.0;OFF;ON;100;-3,30;-4;-0,60;7,40;96;111,30;2,70;6;100;-0,70;-1,20;
2026-07-28 23:54:00.0;OFF;ON;100;-3,30;-4;-0,60;7,30;96;111,30;2,70;6;100;-0,70;-1,20;
2026-07-28 23:55:00.0;OFF;ON;100;-3,30;-4;-0,60;7,30;96;111,30;2,70;6;100;-0,70;-1,20;
2026-07-28 23:56:00.0;OFF;ON;100;-3,30;-4;-0,60;7,30;96;111,30;2,70;6;100;-0,70;-1,20;
2026-07-28 23:57:00.0;OFF;ON;100;-3,30;-4;-0,60;7,30;96;111,30;2,70;6;100;-0,70;-1,20;
2026-07-28 23:58:00.0;OFF;ON;100;-3,40;-4;-0,60;7,20;96;111,30;2,80;6;99,60;-0,70;-1,20;
2026-07-28 23:59:00.0;OFF;ON;100;-3,30;-4;-0,60;7,20;96;111,30;2,70;6;100;-0,70;-1,20;
