CamCarcacas2;
2026-07-29 00:00;2026-07-30 00:00;
12144 Frigorífico Thoms;
ayron.costa;
" ";CPCO 51 - Câmara de carcaças - Controle de temperatura 1;CPCO 51 - Câmara de carcaças - Controle de temperatura 1;CPCO 51 - Câmara de carcaças - Controle de temperatura 1;CPCO 51 - Câmara de carcaças - Controle de temperatura 1;CPCO 51 - Câmara de carcaças - Controle de temperatura 1;CPCO 51 - Câmara de carcaças - Controle de temperatura 1;CPCO 52 - Câmara de carcaças - Controle de temperatura 2;CPCO 52 - Câmara de carcaças - Controle de temperatura 2;CPCO 53 - Balança;CPCO 51 - Câmara de carcaças - Controle de temperatura 1;CPCO 51 - Câmara de carcaças - Controle de temperatura 1;CPCO 51 - Câmara de carcaças - Controle de temperatura 1;CPCO 51 - Câmara de carcaças - Controle de temperatura 1;CPCO 54 - Câmara de carcaças - Controle de temperatura 3;
" ";Carregamento;Resfriamento;Saida Y1 - Ventiladores EC;Temp entrada glicol;Temp ref;Temp retorno ar;Temperatuda espeto;Umidade relativa da camara;Peso atual;DT Atual;DT ref;Cap Atual Valvula;Temp retorno ar M1A08;Temp Insuf de ar M1A08;" ";
2026-07-29 00:00:00.0;OFF;ON;100;-3,30;-4;-0,60;7,20;96;111,30;2,70;6;100;-0,70;-1,20;
2026-07-29 00:01:00.0;OFF;ON;100;-3,30;-4;-0,60;7,20;96;111,30;2,70;6;100;-0,70;-1,20;
2026-07-29 00:02:00.0;OFF;ON;100;-3,30;-4;-0,60;7,10;96;111,30;2,70;6;100;-0,70;-1,20;
2026-07-29 00:03:00.0;OFF;ON;100;-3,30;-4;-0,60;7,10;96;111,30;2,70;6;100;-0,70;-1,20;
2026-07-29 00:04:00.0;OFF;ON;100;-3,30;-4;-0,60;7,10;96;111,30;2,70;6;100;-0,70;-1,20;
2026-07-29 00:05:00.0;OFF;ON;100;-3,40;-4;-0,60;7,10;95,90;111,30;2,80;6;99,80;-0,70;-1,20;
2026-07-29 00:06:00.0;OFF;ON;100;-3,40;-4;-0,60;7;96;111,30;2,90;6;99,60;-0,70;-1,20;
2026-07-29 00:07:00.0;OFF;ON;100;-3,30;-4;-0,60;7;96;111,30;2,80;6;100;-0,70;-1,20;
2026-07-29 00:08:00.0;OFF;ON;100;-3,30;-4;-0,60;7;95,90;111,30;2,80;6;100;-0,70;-1,20;
2026-07-29 00:09:00.0;OFF;ON;100;-3,40;-4;-0,60;7;95,90;111,30;2,90;6;99,60;-0,70;-1,20;
2026-07-29 00:10:00.0;OFF;ON;100;-3,30;-4;-0,60;6,90;96;111,30;2,80;6;100;-0,70;-1,20;
2026-07-29 00:11:00.0;OFF;ON;100;-3,40;-4;-0,60;6,90;95,90;111,30;2,90;6;99,60;-0,80;-1,20;
2026-07-29 00:12:00.0;OFF;ON;100;-3,30;-4;-0,60;6,90;95,90;111,30;2,80;6;99,90;-0,80;-1,20;
2026-07-29 00:13:00.0;OFF;ON;100;-3,40;-4;-0,60;6,80;96;111,30;2,90;6;99,60;-0,80;-1,20;
2026-07-29 00:14:00.0;OFF;ON;100;-3,40;-4;-0,60;6,80;96;111,30;2,80;6;99,70;-0,80;-1,20;
2026-07-29 00:15:00.0;OFF;ON;100;-3,40;-4;-0,60;6,80;96;111,30;2,80;6;99,80;-0,80;-1,20;
2026-07-29 00:16:00.0;OFF;ON;100;-3,30;-4;-0,60;6,80;96;111,30;2,70;6;100;-0,80;-1,20;
2026-07-29 00:17:00.0;OFF;ON;100;-3,30;-4;-0,60;6,70;96;111,30;2,70;6;100;-0,80;-1,20;
2026-07-29 00:18:00.0;OFF;ON;100;-3,30;-4;-0,60;6,70;96;111,30;2,80;6;100;-0,80;-1,20;
2026-07-29 00:19:00.0;OFF;ON;100;-3,40;-4;-0,60;6,70;96;111,30;2,80;6;99,70;-0,80;-1,20;
2026-07-29 00:20:00.0;OFF;ON;100;-3,40;-4;-0,60;6,70;96;111,30;2,80;6;99,60;-0,80;-1,20;
2026-07-29 00:21:00.0;OFF;ON;100;-3,40;-4;-0,60;6,60;96;111,30;2,80;6;99,70;-0,80;-1,20;
2026-07-29 00:22:00.0;OFF;ON;100;-3,30;-4;-0,60;6,60;95,90;111,30;2,80;6;100;-0,80;-1,20;
2026-07-29 00:23:00.0;OFF;ON;100;-3,30;-4;-0,60;6,60;96;111,30;2,70;6;100;-0,80;-1,20;
2026-07-29 00:24:00.0;OFF;ON;100;-3,30;-4;-0,60;6,60;95,90;111,30;2,80;6;100;-0,80;-1,20;
2026-07-29 00:25:00.0;OFF;ON;100;-3,40;-4;-0,60;6,50;96;111,30;2,80;6;99,60;-0,80;-1,20;
2026-07-29 00:26:00.0;OFF;ON;100;-3,40;-4;-0,60;6,50;95,90;111,30;2,70;6;99,90;-0,80;-1,20;
2026-07-29 00:27:00.0;OFF;ON;100;-3,30;-4;-0,60;6,50;96;111,30;2,70;6;100;-0,80;-1,20;
2026-07-29 00:28:00.0;OFF;ON;100;-3,40;-4;-0,60;6,50;95,90;111,30;2,70;6;99,60;-0,80;-1,20;
2026-07-29 00:29:00.0;OFF;ON;100;-3,30;-4;-0,60;6,40;96;111,30;2,70;6;100;-0,80;-1,20;
2026-07-29 00:30:00.0;OFF;ON;100;-3,40;-4;-0,70;6,40;95,90;111,30;2,70;6;100;-0,80;-1,20;
2026-07-29 00:31:00.0;OFF;ON;100;-3,30;-4;-0,70;6,40;95,90;111,30;2,70;6;99,70;-0,80;-1,20;
2026-07-29 00:32:00.0;OFF;ON;100;-3,40;-4;-0,70;6,40;95,90;111,30;2,70;6;99,60;-0,80;-1,20;
2026-07-29 00:33:00.0;OFF;ON;100;-3,40;-4;-0,60;6,40;96,60;90,90;2,90;6;100;-0,80;-1,20;
2026-07-29 00:34:00.0;OFF;ON;100;-3,20;-4;-0,50;6,40;97;91,20;2,70;6;100;-0,80;-1,20;
2026-07-29 00:35:00.0;OFF;ON;100;-3,10;-4;-0,50;6,40;97,40;91,20;2,70;6;99,70;-0,80;-1,20;
2026-07-29 00:36:00.0;OFF;ON;100;-3,20;-4;-0,40;6,40;97,50;91,30;2,80;6;100;-0,70;-1,10;
2026-07-29 00:37:00.0;OFF;ON;100;-3,10;-4;-0,40;6,40;97,70;91,40;2,70;6;100;-0,70;-1,10;
2026-07-29 00:38:00.0;OFF;ON;100;-3;-4;-0,40;6,40;97,70;91,40;2,70;6;99,70;-0,70;-1,10;
2026-07-29 00:39:00.0;OFF;ON;100;-3;-4;-0,40;6,40;97,70;91,50;2,70;6;100;-0,70;-1,10;
2026-07-29 00:40:00.0;OFF;ON;100;-3;-4;-0,30;6,40;97,70;91,50;2,70;6;100;-0,70;-1;
2026-07-29 00:41:00.0;OFF;ON;100;-3;-4;-0,40;6,30;97,80;91,70;2,70;6;100;-0,70;-1;
2026-07-29 00:42:00.0;OFF;ON;100;-3,10;-4;-0,30;6,30;97,70;91,40;2,80;6;99,70;-0,70;-1;
2026-07-29 00:43:00.0;OFF;ON;100;-3;-4;-0,30;6,30;97,70;91,50;2,70;6;99,70;-0,70;-1;
2026-07-29 00:44:00.0;OFF;ON;100;-3,10;-4;-0,30;6,20;97,60;91,50;2,80;6;100;-0,70;-1;
2026-07-29 00:45:00.0;OFF;ON;100;-3;-4;-0,30;6,20;97,60;91,50;2,70;6;99,70;-0,70;-1;
2026-07-29 00:46:00.0;OFF;ON;100;-3,10;-4;-0,30;6,20;97,50;91,50;2,80;6;99,80;-0,70;-1;
2026-07-29 00:47:00.0;OFF;ON;100;-3,10;-4;-0,30;6,10;97,40;91,50;2,80;6;100;-0,70;-1;
2026-07-29 00:48:00.0;OFF;ON;100;-3,10;-4;-0,30;6,10;97,40;91,50;2,80;6;100;-0,70;-1;
2026-07-29 00:49:00.0;OFF;ON;100;-3,10;-4;-0,30;6,10;97,40;91,40;2,70;6;100;-0,70;-1;
2026-07-29 00:50:00.0;OFF;ON;100;-3;-4;-0,30;6;97,30;91,50;2,70;6;99,70;-0,70;-1;
2026-07-29 00:51:00.0;OFF;ON;100;-3,10;-4;-0,30;6;97,30;91,40;2,70;6;100;-0,70;-1;
2026-07-29 00:52:00.0;OFF;ON;100;-3,10;-4;-0,30;6;97,40;91,40;2,70;6;100;-0,70;-1;
2026-07-29 00:53:00.0;OFF;ON;100;-3;-4;-0,30;6;97,20;91,30;2,70;6;100;-0,70;-1;
2026-07-29 00:54:00.0;OFF;ON;100;-3,10;-4;-0,30;5,90;97,20;91,30;2,80;6;100;-0,70;-1;
2026-07-29 00:55:00.0;OFF;ON;100;-3,10;-4;-0,30;5,90;97,20;91,30;2,70;6;100;-0,70;-1;
2026-07-29 00:56:00.0;OFF;ON;100;-3,20;-4;-0,30;5,90;97,20;91,30;2,90;6;100;-0,70;-1,10;
2026-07-29 00:57:00.0;OFF;ON;100;-3,10;-4;-0,30;5,90;97,40;91,40;2,80;6;100;-0,70;-1,10;
2026-07-29 00:58:00.0;OFF;ON;100;-3,10;-4;-0,30;5,80;97,40;91,40;2,80;6;100;-0,70;-1,10;
2026-07-29 00:59:00.0;OFF;ON;100;-3,10;-4;-0,30;5,80;97,50;91,40;2,80;6;100;-0,70;-1,10;
2026-07-29 01:00:00.0;OFF;ON;100;-3,10;-4;-0,30;5,80;97,70;91,80;2,80;6;100;-0,80;-1,10;
2026-07-29 01:01:00.0;OFF;ON;100;-3,10;-4;-0,30;5,70;97,70;91,70;2,80;6;100;-0,80;-1,10;
2026-07-29 01:02:00.0;OFF;ON;100;-3,10;-4;-0,30;5,70;97,70;91,60;2,80;6;100;-0,80;-1,10;
2026-07-29 01:03:00.0;OFF;ON;100;-3,20;-4;-0,30;5,70;97,70;91,60;2,90;6;99,70;-0,80;-1,10;
2026-07-29 01:04:00.0;OFF;ON;100;-3,10;-4;-0,30;5,60;97,90;91,70;2,80;6;100;-0,80;-1,10;
2026-07-29 01:05:00.0;OFF;ON;100;-3,20;-4;-0,30;5,60;98;91,70;2,90;6;99,70;-0,80;-1,10;
2026-07-29 01:06:00.0;OFF;ON;100;-3,10;-4;-0,30;5,60;98,10;91,50;2,80;6;100;-0,80;-1,10;
2026-07-29 01:07:00.0;OFF;ON;100;-3,10;-4;-0,40;5,60;98,30;91,50;2,80;6;100;-0,80;-1,10;
2026-07-29 01:08:00.0;OFF;ON;100;-3,20;-4;-0,30;5,50;98,40;91,50;2,90;6;99,60;-0,80;-1,10;
2026-07-29 01:09:00.0;OFF;ON;100;-3,20;-4;-0,30;5,50;98,40;91,50;2,90;6;99,60;-0,80;-1,10;
2026-07-29 01:10:00.0;OFF;ON;100;-3,20;-4;-0,40;5,50;98,40;91,50;2,90;6;99,60;-0,80;-1,10;
2026-07-29 01:11:00.0;OFF;ON;100;-3,30;-4;-0,40;5,50;98,40;91,60;2,90;6;99,60;-0,80;-1,60;
2026-07-29 01:12:00.0;OFF;ON;100;-3,40;-4;-0,50;5,40;98,40;91,60;2,90;6;99,70;-1;-1,90;
2026-07-29 01:13:00.0;OFF;ON;50;-3,50;-4;-0,50;5,40;98,40;91,60;2,90;6;100;-1;-2;
2026-07-29 01:14:00.0;OFF;ON;50;-3,60;-4;-0,60;5,40;98,40;91,60;3;6;99,70;-1,10;-2,10;
2026-07-29 01:15:00.0;OFF;ON;50;-3,60;-4;-0,60;5,40;98,40;91,40;3;6;100;-1,10;-2,20;
2026-07-29 01:16:00.0;OFF;ON;50;-3,60;-4;-0,60;5,30;98,40;91,90;3;6;100;-1,20;-2,20;
2026-07-29 01:17:00.0;OFF;ON;50;-3,60;-4;-0,60;5,30;98,40;91,70;3;6;100;-1,20;-2,30;
2026-07-29 01:18:00.0;OFF;ON;50;-3,50;-4;-0,60;5,30;98,40;91,80;2,90;6;100;-1,20;-2,30;
2026-07-29 01:19:00.0;OFF;ON;50;-3,70;-4;-0,60;5,30;98,40;91,90;3,10;6;99,60;-1,30;-2,30;
2026-07-29 01:20:00.0;OFF;ON;50;-3,60;-4;-0,70;5,20;98,40;91,70;3;6;100;-1,30;-2,30;
2026-07-29 01:21:00.0;OFF;ON;50;-3,70;-4;-0,70;5,20;98,30;91,70;3;6;100;-1,30;-2,30;
2026-07-29 01:22:00.0;OFF;ON;50;-3,60;-4;-0,70;5,20;98,40;91,80;2,90;6;100;-1,30;-2,40;
2026-07-29 01:23:00.0;OFF;ON;50;-3,60;-4;-0,70;5,10;98,40;91,60;2,90;6;99,80;-1,30;-2,40;
2026-07-29 01:24:00.0;OFF;ON;50;-3,60;-4;-0,70;5,10;98,40;91,80;2,90;6;100;-1,30;-2,30;
2026-07-29 01:25:00.0;OFF;ON;50;-3,60;-4;-0,70;5,10;98;91,80;2,90;6;100;-1,30;-2,30;
2026-07-29 01:26:00.0;OFF;ON;50;-3,80;-4;-0,80;5,10;97,40;91,80;3;6;99,70;-1,40;-2,40;
2026-07-29 01:27:00.0;OFF;ON;50;-3,70;-4;-0,80;5;96,90;91,80;2,90;6;100;-1,40;-2,40;
2026-07-29 01:28:00.0;OFF;ON;50;-3,70;-4;-0,80;5;96;91,90;2,90;6;99,40;-1,40;-2,40;
2026-07-29 01:29:00.0;OFF;ON;50;-3,80;-4;-0,90;5;95,50;91,90;2,90;6;99,50;-1,40;-2,40;
2026-07-29 01:30:00.0;OFF;ON;50;-3,60;-4;-0,90;5;94,90;91,90;2,70;6;99,80;-1,50;-2,50;
2026-07-29 01:31:00.0;OFF;ON;50;-3,50;-4;-0,90;4,90;94,60;91,90;2,60;6;99,60;-1,50;-2,50;
2026-07-29 01:32:00.0;OFF;ON;50;-3,50;-4;-0,90;4,90;94,50;91,90;2,60;6;100;-1,50;-2,40;
2026-07-29 01:33:00.0;OFF;ON;50;-3,50;-4;-0,90;4,90;94,40;91,90;2,60;6;100;-1,50;-2,40;
2026-07-29 01:34:00.0;OFF;ON;50;-3,70;-4;-0,90;4,90;94,40;91,90;2,70;6;99,60;-1,50;-2,40;
2026-07-29 01:35:00.0;OFF;ON;50;-3,60;-4;-1,10;4,80;94,40;92;2,60;6;99,80;-1,50;-2,40;
2026-07-29 01:36:00.0;OFF;ON;50;-3,60;-4;-1;4,80;94,30;92;2,60;6;100;-1,50;-2,40;
2026-07-29 01:37:00.0;OFF;ON;50;-3,80;-4;-1;4,80;94,20;92;2,80;6;99,60;-1,50;-2,50;
2026-07-29 01:38:00.0;OFF;ON;50;-3,70;-4;-1;4,80;94,30;92;2,70;6;99,70;-1,50;-2,50;
2026-07-29 01:39:00.0;OFF;ON;50;-3,80;-4;-1,10;4,80;94,40;92;2,70;6;99,60;-1,50;-2,50;
2026-07-29 01:40:00.0;OFF;ON;50;-3,80;-4;-1,10;4,70;94,40;92;2,70;6;99,60;-1,50;-2,50;
2026-07-29 01:41:00.0;OFF;ON;50;-3,70;-4;-1,20;4,70;94,40;92;2,60;6;100;-1,50;-2,50;
2026-07-29 01:42:00.0;OFF;ON;50;-3,70;-4;-1,20;4,70;94,40;92;2,60;6;99,90;-1,60;-2,50;
2026-07-29 01:43:00.0;OFF;ON;50;-3,70;-4;-1,20;4,70;94,40;92;2,60;6;100;-1,60;-2,50;
2026-07-29 01:44:00.0;OFF;ON;50;-3,70;-4;-1,20;4,70;94,40;92;2,50;6;100;-1,60;-2,60;
2026-07-29 01:45:00.0;OFF;ON;50;-3,80;-4;-1,20;4,60;94,40;92;2,60;6;99,60;-1,60;-2,60;
2026-07-29 01:46:00.0;OFF;ON;50;-3,70;-4;-1,20;4,60;94,30;92;2,50;6;99,80;-1,60;-2,60;
2026-07-29 01:47:00.0;OFF;ON;50;-3,70;-4;-1,20;4,60;94,40;92,10;2,50;6;100;-1,60;-2,60;
2026-07-29 01:48:00.0;OFF;ON;50;-3,70;-4;-1,30;4,60;94,60;92;2,40;6;99,70;-1,60;-2,60;
2026-07-29 01:49:00.0;OFF;ON;50;-3,70;-4;-1,40;4,50;94,50;92;2,30;6;100;-1,60;-2,60;
2026-07-29 01:50:00.0;OFF;ON;50;-3,60;-4;-1,40;4,50;94,60;92;2,30;6;100;-1,60;-2,60;
2026-07-29 01:51:00.0;OFF;ON;50;-3,70;-3,80;-1,30;4,50;94,60;92;2,40;6;98,70;-1,60;-2,50;
2026-07-29 01:52:00.0;OFF;ON;50;-3,70;-3,60;-1,30;4,50;94,80;92;2,40;6;98,20;-1,60;-2,50;
2026-07-29 01:53:00.0;OFF;ON;50;-3,60;-3,40;-1,30;4,50;94,90;92,10;2,30;6;97,60;-1,60;-2,50;
2026-07-29 01:54:00.0;OFF;ON;50;-3,70;-3,30;-1,30;4,50;94,90;92;2,40;6;96,40;-1,60;-2,50;
2026-07-29 01:55:00.0;OFF;ON;50;-3,70;-3,10;-1,30;4,40;94,90;92;2,30;6;95,10;-1,60;-2,50;
2026-07-29 01:56:00.0;OFF;ON;50;-3,60;-2,90;-1,30;4,40;94,90;92;2,30;6;93,60;-1,60;-2,50;
2026-07-29 01:57:00.0;OFF;ON;50;-3,50;-2,80;-1,30;4,40;94,90;92;2,20;6;92,40;-1,60;-2,50;
2026-07-29 01:58:00.0;OFF;ON;50;-3,50;-2,60;-1,30;4,40;94,90;92;2,20;6;90,70;-1,60;-2,50;
2026-07-29 01:59:00.0;OFF;ON;50;-3,50;-2,40;-1,30;4,40;94,90;92;2,20;6;88,80;-1,60;-2,50;
2026-07-29 02:00:00.0;OFF;ON;50;-3,50;-2,30;-1,30;4,40;94,90;92,10;2,10;6;86,20;-1,60;-2,50;
2026-07-29 02:01:00.0;OFF;ON;50;-3,60;-2,10;-1,30;4,30;94,90;92;2,30;6;83,50;-1,60;-2,40;
2026-07-29 02:02:00.0;OFF;ON;50;-3,60;-1,90;-1,30;4,30;94,90;92;2,30;6;80,70;-1,60;-2,40;
2026-07-29 02:03:00.0;OFF;ON;50;-3,60;-1,70;-1,30;4,30;95;92,10;2,30;6;78,40;-1,60;-2,40;
2026-07-29 02:04:00.0;OFF;ON;50;-3,50;-1,50;-1,30;4,30;95,10;92,10;2,20;6;75,40;-1,60;-2,40;
2026-07-29 02:05:00.0;OFF;ON;50;-3,60;-1,30;-1,30;4,30;95,10;92,10;2,30;6;71,40;-1,60;-2,40;
2026-07-29 02:06:00.0;OFF;ON;50;-3,60;-1,30;-1,30;4,20;95,10;92,10;2,30;6;69,40;-1,50;-2,30;
2026-07-29 02:07:00.0;OFF;ON;50;-3,60;-1,30;-1,30;4,20;95,10;92,10;2,30;6;66,20;-1,50;-2,30;
2026-07-29 02:08:00.0;OFF;ON;50;-3,30;-1,30;-1,30;4,20;95,30;92,10;2,10;6;63,70;-1,50;-2,30;
2026-07-29 02:09:00.0;OFF;ON;50;-2,90;-1,30;-1,30;4,20;95,30;92,10;1,70;6;63,50;-1,50;-2,30;
2026-07-29 02:10:00.0;OFF;ON;50;-3,10;-1,30;-1,30;4,20;95,30;92,10;1,80;6;61;-1,50;-2,20;
2026-07-29 02:11:00.0;OFF;ON;50;-2,80;-1,20;-1,20;4,20;95,50;92,10;1,60;6;60;-1,50;-2,10;
2026-07-29 02:12:00.0;OFF;ON;50;-2,80;-1,20;-1,20;4,10;95,60;92,10;1,60;6;57,70;-1,50;-2;
2026-07-29 02:13:00.0;OFF;ON;50;-2,60;-1,20;-1,10;4,10;95,70;92,10;1,50;6;56,40;-1,40;-2;
2026-07-29 02:14:00.0;OFF;ON;50;-2,50;-1,10;-1,10;4,10;95,80;92,10;1,40;6;54,80;-1,40;-1,90;
2026-07-29 02:15:00.0;OFF;ON;50;-2,30;-1,10;-1,10;4,10;96;92,10;1,20;6;53,90;-1,30;-1,80;
2026-07-29 02:16:00.0;OFF;ON;50;-2,30;-1,10;-1;4,10;96,10;92,10;1,20;6;52,50;-1,30;-1,70;
2026-07-29 02:17:00.0;OFF;ON;50;-2,30;-1;-1;4;96,30;92,10;1,20;6;51,30;-1,30;-1,70;
2026-07-29 02:18:00.0;OFF;ON;50;-2;-1;-1;4;96,30;92,10;1;6;50,70;-1,20;-1,60;
2026-07-29 02:19:00.0;OFF;ON;50;-2;-1;-0,90;4;96,60;92,10;1,10;6;50;-1,20;-1,50;
2026-07-29 02:20:00.0;OFF;ON;50;-2;-0,90;-0,90;4;96,70;92,10;1,10;6;50;-1,20;-1,40;
2026-07-29 02:21:00.0;OFF;ON;50;-1,90;-0,90;-0,90;4;96,80;92,10;1;6;50;-1,10;-1,40;
2026-07-29 02:22:00.0;OFF;ON;50;-1,70;-0,80;-0,80;4;96,90;92,10;0,90;6;50;-1;-1,30;
2026-07-29 02:23:00.0;OFF;ON;50;-1,70;-0,80;-0,80;3,90;96,90;92,10;0,90;6;50;-1;-1,20;
2026-07-29 02:24:00.0;OFF;ON;50;-1,60;-0,80;-0,80;3,90;97;92,10;0,80;6;50;-1;-1,20;
2026-07-29 02:25:00.0;OFF;ON;50;-1,60;-0,70;-0,70;3,90;97;92,10;0,90;6;50;-0,90;-1,10;
2026-07-29 02:26:00.0;OFF;ON;50;-1,60;-0,70;-0,70;3,90;97,10;92,10;0,90;6;50;-0,90;-1,10;
2026-07-29 02:27:00.0;OFF;ON;50;-1,50;-0,70;-0,70;3,90;97,20;92,10;0,80;6;50;-0,90;-1,10;
2026-07-29 02:28:00.0;OFF;ON;50;-1,50;-0,60;-0,60;3,90;97,20;92,10;1;6;50;-0,90;-1;
2026-07-29 02:29:00.0;OFF;ON;50;-1,40;-0,50;-0,50;3,80;97,20;92,10;0,80;6;50;-0,90;-1;
2026-07-29 02:30:00.0;OFF;ON;50;-1,50;-0,50;-0,50;3,80;97,20;92,10;0,90;6;50;-0,80;-1;
2026-07-29 02:31:00.0;OFF;ON;50;-1,40;-0,50;-0,50;3,80;97,30;92,10;0,90;6;50;-0,80;-0,90;
2026-07-29 02:32:00.0;OFF;ON;50;-1,30;-0,50;-0,50;3,80;97,70;92;0,90;6;50;-0,80;-0,90;
2026-07-29 02:33:00.0;OFF;ON;50;-1,40;-0,50;-0,50;3,80;97,80;92;0,90;6;50;-0,80;-0,90;
2026-07-29 02:34:00.0;OFF;ON;50;-1,30;-0,50;-0,50;3,80;97,80;92;0,90;6;50;-0,80;-0,80;
2026-07-29 02:35:00.0;OFF;ON;50;-1,30;-0,50;-0,50;3,70;97,70;92;0,80;6;50;-0,70;-0,80;
2026-07-29 02:36:00.0;OFF;ON;50;-1,30;-0,50;-0,50;3,70;97,70;92;0,80;6;50;-0,70;-0,80;
2026-07-29 02:37:00.0;OFF;ON;50;-1,20;-0,50;-0,50;3,70;97,70;92,10;0,70;6;50;-0,70;-0,80;
2026-07-29 02:38:00.0;OFF;ON;50;-1,10;-0,40;-0,40;3,70;98;92,10;0,70;6;50;-0,70;-0,80;
2026-07-29 02:39:00.0;OFF;ON;50;-1,20;-0,40;-0,40;3,70;98,10;92,10;0,80;6;50;-0,70;-0,70;
2026-07-29 02:40:00.0;OFF;ON;50;-1,20;-0,40;-0,40;3,70;98;92,20;0,80;6;50;-0,70;-0,70;
2026-07-29 02:41:00.0;OFF;ON;50;-1,10;-0,40;-0,40;3,60;98;92;0,70;6;50;-0,60;-0,70;
2026-07-29 02:42:00.0;OFF;ON;50;-1,20;-0,40;-0,40;3,60;98;92;0,80;6;50;-0,60;-0,70;
2026-07-29 02:43:00.0;OFF;ON;50;-1;-0,40;-0,30;3,60;98,20;92,60;0,70;6;50;-0,60;-0,70;
2026-07-29 02:44:00.0;OFF;ON;50;-1;-0,30;-0,30;3,60;98,40;92,80;0,70;6;50;-0,60;-0,60;
2026-07-29 02:45:00.0;OFF;ON;50;-1;-0,20;-0,20;3,60;98,40;92,70;0,80;6;50;-0,60;-0,60;
2026-07-29 02:46:00.0;OFF;ON;50;-1;-0,20;-0,20;3,60;98,40;92,70;0,80;6;50;-0,50;-0,60;
2026-07-29 02:47:00.0;OFF;ON;50;-1;-0,30;-0,30;3,50;98,40;92,70;0,80;6;50;-0,50;-0,60;
2026-07-29 02:48:00.0;OFF;ON;50;-0,90;-0,30;-0,30;3,50;98,40;92,70;0,70;6;50;-0,50;-0,50;
2026-07-29 02:49:00.0;OFF;ON;50;-0,90;-0,30;-0,30;3,50;98,30;92,70;0,70;6;50;-0,50;-0,50;
2026-07-29 02:50:00.0;OFF;ON;50;-1;-0,30;-0,30;3,50;98,20;92,70;0,70;6;50;-0,50;-0,50;
2026-07-29 02:51:00.0;OFF;ON;50;-0,90;-0,30;-0,30;3,50;98,20;92,70;0,70;6;50;-0,50;-0,60;
2026-07-29 02:52:00.0;OFF;ON;50;-0,90;-0,30;-0,30;3,50;98,10;92,70;0,60;6;50;-0,50;-0,50;
2026-07-29 02:53:00.0;OFF;ON;50;-0,70;-0,30;-0,20;3,40;98,10;92,70;0,40;6;50;-0,50;-0,50;
2026-07-29 02:54:00.0;OFF;ON;50;-0,70;-0,20;-0,20;3,40;98,10;92,70;0,50;6;50;-0,50;-0,40;
2026-07-29 02:55:00.0;OFF;ON;50;-0,80;-0,20;-0,20;3,40;98,10;92,70;0,60;6;50;-0,50;-0,40;
2026-07-29 02:56:00.0;OFF;ON;50;-0,80;-0,20;-0,20;3,40;98,40;92,60;0,60;6;50;-0,40;-0,40;
2026-07-29 02:57:00.0;OFF;ON;50;-0,90;-0,20;-0,10;3,40;98,40;92,70;0,80;6;50;-0,40;-0,40;
2026-07-29 02:58:00.0;OFF;ON;50;-0,80;-0,10;-0,20;3,30;98,40;92,70;0,70;6;50;-0,40;-0,40;
2026-07-29 02:59:00.0;OFF;ON;50;-0,80;-0,20;-0,20;3,30;98,40;92,70;0,60;6;50;-0,40;-0,40;
2026-07-29 03:00:00.0;OFF;ON;50;-0,90;-0,20;-0,20;3,30;98,40;92,70;0,70;6;50;-0,40;-0,40;
2026-07-29 03:01:00.0;OFF;ON;50;-0,90;-0,20;-0,20;3,30;98,40;92,70;0,70;6;50;-0,40;-0,40;
2026-07-29 03:02:00.0;OFF;ON;50;-0,80;-0,20;-0,20;3,30;98,30;92,70;0,60;6;50;-0,40;-0,40;
2026-07-29 03:03:00.0;OFF;ON;50;-1;-0,20;-0,20;3,30;98,20;92,70;0,80;6;50;-0,40;-0,40;
2026-07-29 03:04:00.0;OFF;ON;50;-1;-0,20;-0,20;3,20;98,10;92,70;0,80;6;50;-0,40;-0,40;
2026-07-29 03:05:00.0;OFF;ON;50;-1;-0,20;-0,20;3,20;98,10;92,70;0,80;6;50;-0,40;-0,40;
2026-07-29 03:06:00.0;OFF;ON;50;-0,90;-0,20;-0,20;3,20;98;92,70;0,70;6;50;-0,40;-0,50;
2026-07-29 03:07:00.0;OFF;ON;50;-1;-0,20;-0,20;3,20;98;92,70;0,70;6;50;-0,40;-0,50;
2026-07-29 03:08:00.0;OFF;ON;50;-0,90;-0,20;-0,20;3,20;97,90;92,70;0,70;6;50;-0,40;-0,50;
2026-07-29 03:09:00.0;OFF;ON;50;-1,10;-0,20;-0,20;3,20;97,90;92,70;0,80;6;50;-0,40;-0,50;
2026-07-29 03:10:00.0;OFF;ON;50;-1,10;-0,20;-0,20;3,10;97,80;92,70;0,80;6;50;-0,40;-0,50;
2026-07-29 03:11:00.0;OFF;ON;50;-1;-0,20;-0,20;3,10;97,80;92,70;0,80;6;50;-0,40;-0,50;
2026-07-29 03:12:00.0;OFF;ON;50;-1,10;-0,20;-0,20;3,10;97,70;92,70;0,90;6;50;-0,40;-0,50;
2026-07-29 03:13:00.0;OFF;ON;50;-1;-0,20;-0,20;3,10;97,70;92,70;0,70;6;50;-0,40;-0,50;
2026-07-29 03:14:00.0;OFF;ON;50;-1;-0,20;-0,20;3,10;97,60;92,70;0,70;6;50;-0,40;-0,50;
2026-07-29 03:15:00.0;OFF;ON;50;-1,10;-0,20;-0,20;3,10;97,70;92,80;0,90;6;50;-0,40;-0,50;
2026-07-29 03:16:00.0;OFF;ON;50;-0,90;-0,20;-0,20;3;98,10;92,70;0,70;6;50;-0,40;-0,50;
2026-07-29 03:17:00.0;OFF;ON;50;-1;-0,20;-0,10;3;98,40;92,70;0,90;6;50;-0,40;-0,50;
2026-07-29 03:18:00.0;OFF;ON;50;-0,90;-0,10;-0,10;3;98,40;92,60;0,80;6;50;-0,40;-0,50;
2026-07-29 03:19:00.0;OFF;ON;50;-0,90;-0,10;-0,10;3;98,40;92,60;0,80;6;50;-0,40;-0,50;
2026-07-29 03:20:00.0;OFF;ON;50;-0,80;-0,10;-0,10;3;98,40;92,70;0,70;6;50;-0,40;-0,40;
2026-07-29 03:21:00.0;OFF;ON;50;-0,80;-0,10;-0,10;3;98,40;92,70;0,70;6;50;-0,40;-0,40;
2026-07-29 03:22:00.0;OFF;ON;50;-0,80;-0,10;-0,10;3;98,40;92,70;0,70;6;50;-0,40;-0,40;
2026-07-29 03:23:00.0;OFF;ON;50;-0,80;-0,10;-0,10;2,90;98,30;92,70;0,70;6;50;-0,30;-0,40;
2026-07-29 03:24:00.0;OFF;ON;50;-0,80;-0,10;-0,10;2,90;98,30;92,70;0,70;6;50;-0,30;-0,40;
2026-07-29 03:25:00.0;OFF;ON;50;-0,90;-0,20;-0,20;2,90;98,20;92,70;0,70;6;50;-0,30;-0,40;
2026-07-29 03:26:00.0;OFF;ON;50;-0,80;-0,20;-0,20;2,90;98,10;92,70;0,70;6;50;-0,30;-0,40;
2026-07-29 03:27:00.0;OFF;ON;50;-1;-0,20;-0,20;2,90;98;92,70;0,80;6;50;-0,30;-0,40;
2026-07-29 03:28:00.0;OFF;ON;50;-0,80;-0,10;-0,10;2,90;98,30;92,70;0,70;6;50;-0,30;-0,40;
2026-07-29 03:29:00.0;OFF;ON;50;-0,90;-0,10;-0,10;2,80;98,30;92,70;0,80;6;50;-0,30;-0,40;
2026-07-29 03:30:00.0;OFF;ON;50;-0,90;-0,10;-0,10;2,80;98,30;92,70;0,70;6;50;-0,30;-0,40;
2026-07-29 03:31:00.0;OFF;ON;50;-0,90;-0,10;-0,10;2,80;98,10;92,70;0,70;6;50;-0,30;-0,40;
2026-07-29 03:32:00.0;OFF;ON;50;-0,90;-0,10;-0,10;2,80;98,10;92,70;0,70;6;50;-0,30;-0,40;
2026-07-29 03:33:00.0;OFF;ON;50;-0,80;-0,20;-0,20;2,80;98;92,70;0,70;6;50;-0,30;-0,40;
2026-07-29 03:34:00.0;OFF;ON;50;-0,90;-0,20;-0,20;2,80;98;92,70;0,70;6;50;-0,30;-0,40;
2026-07-29 03:35:00.0;OFF;ON;50;-0,90;-0,20;-0,20;2,70;97,80;92,70;0,70;6;50;-0,30;-0,40;
2026-07-29 03:36:00.0;OFF;ON;50;-0,90;-0,20;-0,20;2,70;97,80;92,70;0,70;6;50;-0,30;-0,40;
2026-07-29 03:37:00.0;OFF;ON;50;-1;-0,20;-0,20;2,70;97,70;92,70;0,80;6;50;-0,30;-0,40;
2026-07-29 03:38:00.0;OFF;ON;50;-0,90;-0,20;-0,20;2,70;97,70;92,70;0,70;6;50;-0,30;-0,40;
2026-07-29 03:39:00.0;OFF;ON;50;-0,90;-0,20;-0,20;2,70;97,60;92,70;0,70;6;50;-0,30;-0,40;
2026-07-29 03:40:00.0;OFF;ON;50;-1;-0,20;-0,20;2,70;97,40;92,70;0,80;6;50;-0,30;-0,40;
2026-07-29 03:41:00.0;OFF;ON;50;-1;-0,20;-0,20;2,60;97,40;92,70;0,80;6;50;-0,30;-0,40;
2026-07-29 03:42:00.0;OFF;ON;50;-1;-0,20;-0,20;2,60;97,40;92,70;0,80;6;50;-0,40;-0,50;
2026-07-29 03:43:00.0;OFF;ON;50;-1;-0,20;-0,20;2,60;97,40;92,80;0,80;6;50;-0,40;-0,50;
2026-07-29 03:44:00.0;OFF;ON;50;-1;-0,20;-0,20;2,60;97,40;92,70;0,80;6;50;-0,40;-0,50;
2026-07-29 03:45:00.0;OFF;ON;50;-1;-0,20;-0,20;2,60;97,30;92,70;0,80;6;50;-0,40;-0,50;
2026-07-29 03:46:00.0;OFF;ON;50;-0,90;-0,20;-0,20;2,60;97,30;92,70;0,70;6;50;-0,40;-0,50;
2026-07-29 03:47:00.0;OFF;ON;50;-1,10;-0,20;-0,20;2,50;97,30;92,70;0,80;6;50;-0,40;-0,50;
2026-07-29 03:48:00.0;OFF;ON;50;-0,90;-0,20;-0,20;2,50;97,30;92,70;0,70;6;50;-0,40;-0,50;
2026-07-29 03:49:00.0;OFF;ON;50;-0,90;-0,20;-0,20;2,50;97,70;92,70;0,80;6;50;-0,40;-0,50;
2026-07-29 03:50:00.0;OFF;ON;50;-1;-0,10;-0,10;2,50;98;92,70;0,80;6;50;-0,40;-0,50;
2026-07-29 03:51:00.0;OFF;ON;50;-0,90;-0,10;-0,10;2,50;98,40;92,90;0,80;6;50;-0,30;-0,50;
2026-07-29 03:52:00.0;OFF;ON;50;-0,80;-0,10;-0,10;2,50;98,40;92,80;0,70;6;50;-0,30;-0,40;
2026-07-29 03:53:00.0;OFF;ON;50;-0,70;-0,10;-0,10;2,50;98,40;0,10;0,70;6;50;-0,30;-0,40;
2026-07-29 03:54:00.0;OFF;ON;50;-0,70;-0,10;0;1,70;98,40;1,50;0,60;6;50;-0,30;-0,40;
2026-07-29 03:55:00.0;OFF;ON;50;-0,80;0;0;-0,80;98,40;0;0,80;6;54,70;-0,30;-0,30;
2026-07-29 03:56:00.0;OFF;ON;50;-0,80;-1,70;0;3,60;98,40;0;0,70;6;55,50;-0,30;-0,30;
2026-07-29 03:57:00.0;OFF;ON;50;-0,80;-1,60;-0,10;3,70;98,40;0;0,70;6;55,80;-0,30;-0,30;
2026-07-29 03:58:00.0;OFF;ON;50;-0,70;-1,40;-0,10;3,80;98,30;0;0,60;6;55,90;-0,20;-0,30;
2026-07-29 03:59:00.0;OFF;ON;50;-0,80;-1,20;-0,10;3,80;98,20;0;0,70;6;54,90;-0,20;-0,30;
2026-07-29 04:00:00.0;OFF;ON;50;-0,90;-0,90;-0,10;3,80;98,20;0;0,70;6;54;-0,20;-0,30;
2026-07-29 04:01:00.0;OFF;ON;50;-0,70;-0,70;-0,10;3,80;98,10;0;0,60;6;53,40;-0,30;-0,30;
2026-07-29 04:02:00.0;OFF;ON;50;-0,80;-0,50;-0,10;3,80;98;0;0,70;6;51,40;-0,30;-0,30;
2026-07-29 04:03:00.0;OFF;ON;50;-0,90;-0,20;-0,10;3,80;98;0;0,80;6;50;-0,30;-0,40;
2026-07-29 04:04:00.0;OFF;ON;50;-0,80;-0,10;-0,10;3,70;97,90;0;0,70;6;50;-0,30;-0,40;
2026-07-29 04:05:00.0;OFF;ON;50;-0,90;-0,10;-0,10;3,70;98,20;0;0,80;6;50;-0,30;-0,40;
2026-07-29 04:06:00.0;OFF;ON;50;-0,80;-0,10;-0,10;3,70;98,40;0;0,70;6;50;-0,30;-0,40;
2026-07-29 04:07:00.0;OFF;ON;50;-0,70;-0,10;-0,10;3,70;98,30;0;0,60;6;50;-0,30;-0,30;
2026-07-29 04:08:00.0;OFF;ON;50;-0,80;-0,10;-0,10;3,70;98,20;0;0,70;6;50;-0,30;-0,30;
2026-07-29 04:09:00.0;OFF;ON;50;-0,90;-0,10;-0,10;3,70;98;0;0,70;6;50;-0,30;-0,30;
2026-07-29 04:10:00.0;OFF;ON;50;-0,90;-0,10;-0,10;3,70;98;0;0,80;6;50;-0,30;-0,30;
2026-07-29 04:11:00.0;OFF;ON;50;-0,80;-0,10;-0,10;3,70;97,90;0;0,60;6;50;-0,30;-0,40;
2026-07-29 04:12:00.0;OFF;ON;50;-0,80;-0,10;-0,10;3,60;97,70;0;0,70;6;50;-0,30;-0,40;
2026-07-29 04:13:00.0;OFF;ON;50;-1;-0,10;-0,20;3,60;97,50;0;0,80;6;50;-0,30;-0,40;
2026-07-29 04:14:00.0;OFF;ON;50;-0,80;-0,20;-0,20;3,60;97,50;0;0,70;6;50;-0,30;-0,40;
2026-07-29 04:15:00.0;OFF;ON;50;-1;-0,20;-0,20;3,60;97,40;0;0,80;6;50;-0,30;-0,40;
2026-07-29 04:16:00.0;OFF;ON;50;-0,90;-0,20;-0,20;3,60;97,40;0;0,70;6;50;-0,30;-0,40;
2026-07-29 04:17:00.0;OFF;ON;50;-0,80;-0,20;-0,20;3,60;97,40;0;0,60;6;50;-0,30;-0,40;
2026-07-29 04:18:00.0;OFF;ON;50;-0,70;-0,20;-0,20;3,60;97,40;0;0,50;6;50;-0,30;-0,30;
2026-07-29 04:19:00.0;OFF;ON;50;-1;-0,10;-0,10;3,50;97,40;0;0,90;6;50;-0,30;-0,30;
2026-07-29 04:20:00.0;OFF;ON;50;-1,10;-0,10;-0,20;3,50;97,40;0;1;6;50;-0,30;-0,40;
2026-07-29 04:21:00.0;OFF;ON;50;-0,80;-0,20;-0,20;3,50;97,30;0;0,60;6;50;-0,30;-0,40;
2026-07-29 04:22:00.0;OFF;ON;50;-0,80;-0,20;-0,20;3,50;97,30;0;0,60;6;50;-0,30;-0,40;
2026-07-29 04:23:00.0;OFF;ON;50;-0,80;-0,20;-0,20;3,50;97,30;0;0,60;6;50;-0,30;-0,40;
2026-07-29 04:24:00.0;OFF;ON;50;-0,90;-0,20;-0,20;3,50;97,30;0;0,80;6;50;-0,30;-0,40;
2026-07-29 04:25:00.0;OFF;ON;50;-1;-0,20;-0,20;3,40;97,30;0;0,80;6;50;-0,30;-0,40;
2026-07-29 04:26:00.0;OFF;ON;50;-1;-0,20;-0,20;3,40;97,30;0;0,80;6;50;-0,30;-0,40;
2026-07-29 04:27:00.0;OFF;ON;50;-1;-0,20;-0,20;3,40;97,20;0;0,80;6;50;-0,30;-0,40;
2026-07-29 04:28:00.0;OFF;ON;50;-1;-0,20;-0,20;3,40;97,20;0;0,80;6;50;-0,30;-0,40;
2026-07-29 04:29:00.0;OFF;ON;50;-1;-0,20;-0,20;3,40;97,20;0;0,80;6;50;-0,30;-0,40;
2026-07-29 04:30:00.0;OFF;ON;50;-1;-0,20;-0,20;3,40;97,20;0;0,80;6;50;-0,30;-0,40;
2026-07-29 04:31:00.0;OFF;ON;50;-0,90;-0,20;-0,20;3,40;97,10;0;0,70;6;50;-0,30;-0,40;
2026-07-29 04:32:00.0;OFF;ON;50;-1;-0,20;-0,20;3,40;97,20;0;0,80;6;50;-0,30;-0,40;
2026-07-29 04:33:00.0;OFF;ON;50;-0,90;-0,20;-0,20;3,30;97,10;0;0,70;6;50;-0,30;-0,50;
2026-07-29 04:34:00.0;OFF;ON;50;-0,90;-0,20;-0,20;3,30;97,10;0;0,70;6;50;-0,30;-0,50;
2026-07-29 04:35:00.0;OFF;ON;50;-0,90;-0,20;-0,20;3,30;97,10;0;0,70;6;50;-0,30;-0,50;
2026-07-29 04:36:00.0;OFF;ON;50;-1;-0,20;-0,20;3,30;97;0;0,80;6;50;-0,30;-0,50;
2026-07-29 04:37:00.0;OFF;ON;50;-1;-0,20;-0,20;3,30;97;0;0,80;6;50;-0,30;-0,50;
2026-07-29 04:38:00.0;OFF;ON;50;-1,10;-0,20;-0,20;3,30;97;0;0,90;6;50;-0,30;-0,50;
2026-07-29 04:39:00.0;OFF;ON;50;-1;-0,20;-0,20;3,30;97;0;0,80;6;50;-0,30;-0,50;
2026-07-29 04:40:00.0;OFF;ON;50;-1,10;-0,20;-0,20;3,30;97;0;0,90;6;50;-0,40;-0,50;
2026-07-29 04:41:00.0;OFF;ON;50;-1,10;-0,20;-0,20;3,20;97;0;0,90;6;50;-0,40;-0,50;
2026-07-29 04:42:00.0;OFF;ON;50;-1,10;-0,20;-0,20;3,20;97;0;0,90;6;50;-0,40;-0,50;
2026-07-29 04:43:00.0;OFF;ON;50;-1,10;-0,20;-0,20;3,20;97;0;0,90;6;50;-0,40;-0,50;
2026-07-29 04:44:00.0;OFF;ON;50;-1;-0,20;-0,20;3,20;96,90;0;0,80;6;50;-0,40;-0,50;
2026-07-29 04:45:00.0;OFF;ON;50;-1,10;-0,20;-0,20;3,20;96,90;0;0,90;6;50;-0,40;-0,50;
2026-07-29 04:46:00.0;OFF;ON;50;-1;-0,20;-0,20;3,20;96,90;0;0,80;6;50;-0,40;-0,50;
2026-07-29 04:47:00.0;OFF;ON;50;-1,20;-0,20;-0,20;3,20;96,90;0;0,90;6;50;-0,40;-0,50;
2026-07-29 04:48:00.0;OFF;ON;50;-1,10;-0,20;-0,20;3,20;97,50;0;0,90;6;50;-0,40;-0,50;
2026-07-29 04:49:00.0;OFF;ON;50;-1,10;-0,20;-0,20;3,10;98,10;0;0,90;6;50;-0,40;-0,50;
2026-07-29 04:50:00.0;OFF;ON;50;-0,90;-0,10;-0,10;3,10;98,40;0;0,80;6;50;-0,40;-0,50;
2026-07-29 04:51:00.0;OFF;ON;50;-1;-0,10;-0,10;3,10;98,40;0;0,80;6;50;-0,30;-0,50;
2026-07-29 04:52:00.0;OFF;ON;50;-0,80;-0,10;-0,10;3,10;98,40;0;0,70;6;50;-0,30;-0,40;
2026-07-29 04:53:00.0;OFF;ON;50;-0,90;-0,10;-0,10;3,10;98,40;0;0,80;6;50;-0,30;-0,40;
2026-07-29 04:54:00.0;OFF;ON;50;-0,70;-0,10;-0,10;3,10;98,40;0;0,60;6;50;-0,30;-0,40;
2026-07-29 04:55:00.0;OFF;ON;50;-0,80;-0,10;-0,10;1;98,40;2,20;0,70;6;50;-0,30;-0,30;
2026-07-29 04:56:00.0;OFF;ON;50;-0,80;0;0;-0,70;98,40;0;0,70;6;50;-0,30;-0,30;
2026-07-29 04:57:00.0;OFF;ON;50;-0,70;0;0;-1,60;98,40;0;0,70;6;50;-0,30;-0,30;
2026-07-29 04:58:00.0;OFF;ON;50;-0,70;0,20;0;-2,10;98,40;8,70;0,70;5,80;50;-0,20;-0,30;
2026-07-29 04:59:00.0;OFF;ON;50;-0,60;0,20;0;-2,30;98,40;0;0,70;5,80;50;-0,20;-0,30;
2026-07-29 05:00:00.0;OFF;ON;50;-0,70;0,20;0;-2,40;98,40;0;0,70;5,80;50;-0,20;-0,30;
2026-07-29 05:01:00.0;OFF;ON;50;-0,70;0,20;0;-2,30;98,40;0;0,80;5,80;50;-0,20;-0,30;
2026-07-29 05:02:00.0;OFF;ON;50;-0,70;0,20;0;-2,40;98,40;0;0,80;5,80;50;-0,20;-0,20;
2026-07-29 05:03:00.0;OFF;ON;50;-0,60;0,20;0;-2,30;98,40;0;0,60;5,80;50;-0,20;-0,20;
2026-07-29 05:04:00.0;OFF;ON;50;-0,70;-1;0;1,10;98,40;87,80;0,70;5,80;51,30;-0,20;-0,20;
2026-07-29 05:05:00.0;OFF;ON;50;-0,70;-0,80;0,10;1,30;98,40;87,80;0,80;5,80;50;-0,20;-0,20;
2026-07-29 05:06:00.0;OFF;ON;50;-0,70;-0,10;0,10;1,40;98,40;87,80;0,70;5,80;50;-0,20;-0,20;
2026-07-29 05:07:00.0;OFF;ON;50;-0,70;0,30;0,10;1,40;98,40;87,80;0,70;5,80;50;-0,20;-0,20;
2026-07-29 05:08:00.0;OFF;ON;50;-0,70;0,10;0,10;1,40;98,40;87,80;0,70;6;50;-0,20;-0,20;
2026-07-29 05:09:00.0;OFF;ON;50;-0,50;0,10;0,10;1,30;98,40;87,80;0,60;6;50;-0,20;-0,20;
2026-07-29 05:10:00.0;OFF;ON;50;-0,50;0,20;0,20;1,30;98,40;87,80;0,70;6;50;-0,20;-0,20;
2026-07-29 05:11:00.0;OFF;ON;50;-0,70;0,20;0,20;1,30;98,40;87,90;0,90;6;50;-0,20;-0,20;
2026-07-29 05:12:00.0;OFF;ON;50;-0,60;0,20;0,20;1,40;98,40;87,80;0,80;6;50;-0,20;-0,20;
2026-07-29 05:13:00.0;OFF;ON;50;-0,60;0,20;0,20;1,40;98,40;87,80;0,80;6;50;-0,20;-0,20;
2026-07-29 05:14:00.0;OFF;ON;50;-0,60;0,20;0,20;1,40;98,40;87,80;0,80;6;50;-0,20;-0,20;
2026-07-29 05:15:00.0;OFF;ON;50;-0,50;0,20;0,20;1,40;98,40;87,80;0,70;6;50;-0,20;-0,20;
2026-07-29 05:16:00.0;OFF;ON;50;-0,50;0,20;0,20;1,40;98,40;87,80;0,70;6;50;-0,20;-0,20;
2026-07-29 05:17:00.0;OFF;ON;50;-0,60;0,10;0,10;1,40;98,40;87,80;0,70;6;50;-0,20;-0,20;
2026-07-29 05:18:00.0;OFF;ON;50;-0,60;0,10;0,20;1,40;98,40;87,80;0,80;6;50;-0,20;-0,20;
2026-07-29 05:19:00.0;OFF;ON;50;-0,60;0,20;0,10;1,40;98,40;87,80;0,80;6;50;-0,20;-0,20;
2026-07-29 05:20:00.0;OFF;ON;50;-0,70;0,10;0,10;1,40;98,40;87,80;0,80;6;50;-0,20;-0,20;
2026-07-29 05:21:00.0;OFF;ON;50;-0,80;0,20;0,10;1,40;98,10;87,80;0,90;6;50;-0,20;-0,20;
2026-07-29 05:22:00.0;OFF;ON;50;-0,70;0,10;0;1,40;98;87,80;0,70;6;50;-0,20;-0,30;
2026-07-29 05:23:00.0;OFF;ON;50;-0,70;0;0;1,30;98;87,80;0,70;6;50;-0,30;-0,30;
2026-07-29 05:24:00.0;OFF;ON;50;-0,70;0;-0,10;1,30;97,80;87,80;0,70;6;50;-0,30;-0,30;
2026-07-29 05:25:00.0;OFF;ON;50;-0,80;-0,10;-0,10;1,30;97,80;87,80;0,70;6;50;-0,30;-0,30;
2026-07-29 05:26:00.0;OFF;ON;50;-0,90;-0,10;-0,10;1,30;97,60;87,80;0,80;6;50;-0,30;-0,40;
2026-07-29 05:27:00.0;OFF;ON;50;-0,80;-0,10;-0,10;1,30;97,50;87,80;0,70;6;50;-0,30;-0,40;
2026-07-29 05:28:00.0;OFF;ON;50;-0,80;-0,10;-0,10;1,30;97,40;87,80;0,60;6;50;-0,30;-0,40;
2026-07-29 05:29:00.0;OFF;ON;50;-1;-0,20;-0,20;1,30;97,50;87,80;0,80;6;50;-0,30;-0,40;
2026-07-29 05:30:00.0;OFF;ON;50;-1;-0,20;-0,20;1,30;97,40;87,80;0,80;6;50;-0,40;-0,40;
2026-07-29 05:31:00.0;OFF;ON;50;-0,90;-0,20;-0,10;1,30;97,30;87,80;0,70;6;50;-0,40;-0,40;
2026-07-29 05:32:00.0;OFF;ON;50;-1;-0,10;-0,10;1,30;97,30;87,80;0,90;6;50;-0,50;-0,50;
2026-07-29 05:33:00.0;OFF;ON;50;-1;-0,10;-0,20;1,30;97,30;87,80;0,90;6;50;-0,50;-0,50;
2026-07-29 05:34:00.0;OFF;ON;50;-1;-0,20;-0,20;1,20;97,30;87,80;0,80;6;50;-0,50;-0,50;
2026-07-29 05:35:00.0;OFF;ON;50;-1,10;-0,20;-0,30;1,20;97,30;87,80;0,80;6;50;-0,50;-0,50;
2026-07-29 05:36:00.0;OFF;ON;50;-0,90;-0,30;-0,30;1,20;97,20;87,80;0,60;6;50;-0,50;-0,50;
2026-07-29 05:37:00.0;OFF;ON;50;-0,90;-0,30;-0,30;1,20;97,20;87,80;0,70;6;50;-0,50;-0,50;
2026-07-29 05:38:00.0;OFF;ON;50;-1;-0,30;-0,30;1,20;97,20;87,80;0,70;6;50;-0,50;-0,50;
2026-07-29 05:39:00.0;OFF;ON;50;-1;-0,30;-0,30;1,20;97,20;87,80;0,70;6;50;-0,60;-0,50;
2026-07-29 05:40:00.0;OFF;ON;50;-1;-0,30;-0,30;1,20;98,10;87,80;0,80;6;50;-0,60;-0,50;
2026-07-29 05:41:00.0;OFF;ON;50;-0,90;-0,20;-0,20;1,20;98,40;87,80;0,70;6;50;-0,60;-0,50;
2026-07-29 05:42:00.0;OFF;ON;50;-0,90;-0,20;-0,10;1,20;98,40;87,70;0,80;6;50;-0,60;-0,50;
2026-07-29 05:43:00.0;OFF;ON;50;-0,80;0;0;1,20;98,40;87,70;0,80;6;50;-0,50;-0,50;
2026-07-29 05:44:00.0;OFF;ON;50;-0,90;0;0;1,20;98,40;87,80;0,90;6;50;-0,50;-0,50;
2026-07-29 05:45:00.0;OFF;ON;50;-0,90;0;0;1,20;98,40;87,80;0,80;6;50;-0,50;-0,40;
2026-07-29 05:46:00.0;OFF;ON;50;-0,80;0;0;1,20;98,40;87,90;0,70;6;50;-0,50;-0,40;
2026-07-29 05:47:00.0;OFF;ON;50;-0,80;0;0;1,10;98,40;87,80;0,80;6;50;-0,50;-0,40;
2026-07-29 05:48:00.0;OFF;ON;50;-0,70;0;0;1,10;98,40;87,70;0,70;6;50;-0,50;-0,40;
2026-07-29 05:49:00.0;OFF;ON;50;-0,60;0;0;1,10;98,40;87,80;0,60;6;50;-0,40;-0,40;
2026-07-29 05:50:00.0;OFF;ON;50;-0,80;0;0;1,10;98,40;87,80;0,80;6;50;-0,40;-0,30;
2026-07-29 05:51:00.0;OFF;ON;50;-0,70;-0,10;-0,10;1,10;98,40;87,70;0,60;6;50;-0,40;-0,30;
2026-07-29 05:52:00.0;OFF;ON;50;-0,70;-0,10;-0,10;1,10;98,40;87,70;0,70;6;50;-0,40;-0,30;
2026-07-29 05:53:00.0;OFF;ON;50;-0,80;0,10;0,10;1,10;98,40;87,80;0,90;6;50;-0,40;-0,30;
2026-07-29 05:54:00.0;OFF;ON;50;-0,70;0,10;0;1,10;98,40;87,80;0,70;6;50;-0,40;-0,30;
2026-07-29 05:55:00.0;OFF;ON;50;-0,80;0;-0,10;1,10;98,10;87,80;0,70;6;50;-0,40;-0,30;
2026-07-29 05:56:00.0;OFF;ON;50;-0,80;-0,10;-0,10;1;98;87,80;0,70;6;50;-0,40;-0,40;
2026-07-29 05:57:00.0;OFF;ON;50;-0,80;-0,10;-0,20;1;97,50;87,70;0,60;6;50;-0,50;-0,40;
2026-07-29 05:58:00.0;OFF;ON;50;-0,90;-0,20;-0,20;1;97,30;87,80;0,70;6;50;-0,50;-0,40;
2026-07-29 05:59:00.0;OFF;ON;50;-1;-0,20;-0,20;1;97;87,80;0,80;6;50;-0,50;-0,40;
2026-07-29 06:00:00.0;OFF;ON;50;-0,90;-0,20;-0,30;1;97;87,80;0,70;6;50;-0,50;-0,50;
2026-07-29 06:01:00.0;OFF;ON;50;-0,90;-0,30;-0,30;1;96,90;87,80;0,60;6;50;-0,50;-0,50;
2026-07-29 06:02:00.0;OFF;ON;50;-1;-0,30;-0,30;1;96,90;87,80;0,70;6;50;-0,50;-0,50;
2026-07-29 06:03:00.0;OFF;ON;50;-1;-0,30;-0,30;1;96,90;87,80;0,70;6;50;-0,60;-0,50;
2026-07-29 06:04:00.0;OFF;ON;50;-1;-0,30;-0,30;1;96,80;87,80;0,60;6;50;-0,60;-0,50;
2026-07-29 06:05:00.0;OFF;ON;50;-1,10;-0,20;-0,20;1;96,80;87,80;0,90;6;50;-0,60;-0,50;
2026-07-29 06:06:00.0;OFF;ON;50;-1;-0,20;-0,30;1;96,80;87,80;0,70;6;50;-0,60;-0,60;
2026-07-29 06:07:00.0;OFF;ON;50;-1;-0,30;-0,30;0,90;96,80;87,80;0,70;6;50;-0,60;-0,60;
2026-07-29 06:08:00.0;OFF;ON;50;-1;-0,30;-0,30;0,90;96,90;87,80;0,60;6;50;-0,60;-0,60;
2026-07-29 06:09:00.0;OFF;ON;50;-1,10;-0,40;-0,40;0,90;96,80;87,80;0,70;6;50;-0,60;-0,60;
2026-07-29 06:10:00.0;OFF;ON;50;-1,10;-0,40;-0,40;0,90;96,90;87,80;0,80;6;50;-0,60;-0,60;
2026-07-29 06:11:00.0;OFF;ON;50;-1;-0,40;-0,40;0,90;97,30;87,80;0,70;6;50;-0,60;-0,60;
2026-07-29 06:12:00.0;OFF;ON;50;-1,20;-0,40;-0,40;0,90;97,20;87,80;0,80;6;50;-0,60;-0,60;
2026-07-29 06:13:00.0;OFF;ON;50;-1,20;-0,40;-0,40;0,90;97;87,80;0,80;6;50;-0,60;-0,60;
2026-07-29 06:14:00.0;OFF;ON;50;-1,10;-0,40;-0,40;0,90;97;87,80;0,70;6;50;-0,60;-0,60;
2026-07-29 06:15:00.0;OFF;ON;50;-1;-0,40;-0,40;0,90;96,90;87,80;0,60;6;50;-0,70;-0,60;
2026-07-29 06:16:00.0;OFF;ON;50;-1,20;-0,40;-0,30;0,90;96,90;87,80;0,90;6;50;-0,70;-0,60;
2026-07-29 06:17:00.0;OFF;ON;50;-1;-0,30;-0,30;0,80;96,90;87,80;0,70;6;50;-0,70;-0,60;
2026-07-29 06:18:00.0;OFF;ON;50;-1,20;-0,30;-0,40;0,80;96,90;87,80;0,80;6;50;-0,70;-0,60;
2026-07-29 06:19:00.0;OFF;ON;50;-1,20;-0,40;-0,40;0,80;96,90;87,80;0,80;6;50;-0,70;-0,60;
2026-07-29 06:20:00.0;OFF;ON;50;-1,10;-0,40;-0,40;0,80;96,80;87,80;0,70;6;50;-0,70;-0,60;
2026-07-29 06:21:00.0;OFF;ON;50;-1,20;-0,40;-0,40;0,80;96,80;87,80;0,80;6;50;-0,70;-0,60;
2026-07-29 06:22:00.0;OFF;ON;50;-1,10;-0,40;-0,50;0,80;96,80;87,80;0,60;6;50;-0,70;-0,70;
2026-07-29 06:23:00.0;OFF;ON;50;-1,20;-0,50;-0,50;0,80;96,90;87,80;0,80;6;50;-0,70;-0,70;
2026-07-29 06:24:00.0;OFF;ON;50;-1,10;-0,40;-0,40;0,80;97,50;87,80;0,70;6;50;-0,70;-0,70;
2026-07-29 06:25:00.0;OFF;ON;50;-1,10;-0,40;-0,40;0,80;97,40;87,80;0,70;6;50;-0,70;-0,70;
2026-07-29 06:26:00.0;OFF;ON;50;-1,20;-0,40;-0,40;0,70;97,20;87,80;0,70;6;50;-0,70;-0,70;
2026-07-29 06:27:00.0;OFF;ON;50;-1,10;-0,40;-0,40;0,70;96,90;87,80;0,70;6;50;-0,70;-0,70;
2026-07-29 06:28:00.0;OFF;ON;50;-1,20;-0,40;-0,40;0,70;96,90;87,80;0,90;6;50;-0,70;-0,70;
2026-07-29 06:29:00.0;OFF;ON;50;-1,20;-0,40;-0,40;0,70;97,10;87,80;0,90;6;50;-0,70;-0,70;
2026-07-29 06:30:00.0;OFF;ON;50;-1,10;-0,40;-0,40;0,70;97,60;87,80;0,70;6;50;-0,70;-0,70;
2026-07-29 06:31:00.0;OFF;ON;50;-1,10;-0,40;-0,40;0,70;98,20;87,80;0,70;6;50;-0,70;-0,70;
2026-07-29 06:32:00.0;OFF;ON;50;-1,10;-0,30;-0,40;0,70;98,10;87,80;0,70;6;50;-0,70;-0,70;
2026-07-29 06:33:00.0;OFF;ON;50;-1,10;-0,40;-0,40;0,70;97,90;87,80;0,70;6;50;-0,70;-0,60;
2026-07-29 06:34:00.0;OFF;ON;50;-1,10;-0,40;-0,40;0,70;97,50;87,80;0,70;6;50;-0,70;-0,60;
2026-07-29 06:35:00.0;OFF;ON;50;-1,10;-0,40;-0,40;0,60;97,10;87,80;0,70;6;50;-0,70;-0,60;
2026-07-29 06:36:00.0;OFF;ON;50;-1,20;-0,40;-0,50;0,60;96,90;87,80;0,80;6;50;-0,70;-0,60;
2026-07-29 06:37:00.0;OFF;ON;50;-1,10;-0,50;-0,50;0,60;96,80;87,80;0,70;6;50;-0,80;-0,70;
2026-07-29 06:38:00.0;OFF;ON;50;-1,10;-0,50;-0,50;0,60;96,70;87,80;0,70;6;50;-0,80;-0,70;
2026-07-29 06:39:00.0;OFF;ON;50;-1,10;-0,50;-0,50;0,60;96,70;87,80;0,70;6;50;-0,80;-0,70;
2026-07-29 06:40:00.0;OFF;ON;50;-1,20;-0,50;-0,50;0,60;96,90;87,80;0,70;6;50;-0,80;-0,70;
2026-07-29 06:41:00.0;OFF;ON;50;-1,20;-0,50;-0,50;0,60;96,90;87,80;0,80;6;50;-0,80;-0,70;
2026-07-29 06:42:00.0;OFF;ON;50;-1,20;-0,50;-0,50;0,60;96,80;87,80;0,80;6;50;-0,80;-0,70;
2026-07-29 06:43:00.0;OFF;ON;50;-1,30;-0,50;-0,50;0,60;96,70;87,80;0,80;6;50;-0,80;-0,70;
2026-07-29 06:44:00.0;OFF;ON;50;-1,20;-0,50;-0,50;0,50;96,70;87,80;0,70;6;50;-0,80;-0,70;
2026-07-29 06:45:00.0;OFF;ON;50;-1,20;-0,50;-0,50;0,50;97,40;87,80;0,70;6;50;-0,80;-0,70;
2026-07-29 06:46:00.0;OFF;ON;50;-1,20;-0,40;-0,40;0,50;98,10;87,80;0,80;6;50;-0,80;-0,70;
2026-07-29 06:47:00.0;OFF;ON;50;-1,20;-0,40;-0,40;0,50;98,40;87,80;0,80;6;50;-0,80;-0,70;
2026-07-29 06:48:00.0;OFF;ON;50;-1,10;-0,30;-0,30;0,50;98,40;87,70;0,80;6;50;-0,80;-0,70;
2026-07-29 06:49:00.0;OFF;ON;50;-1;-0,30;-0,30;0,50;98,40;87,80;0,70;6;50;-0,80;-0,70;
2026-07-29 06:50:00.0;OFF;ON;50;-1,10;-0,30;-0,30;0,50;98,40;87,80;0,80;6;50;-0,70;-0,60;
2026-07-29 06:51:00.0;OFF;ON;50;-1;-0,20;-0,20;0,50;98,40;87,80;0,70;6;50;-0,70;-0,60;
2026-07-29 06:52:00.0;OFF;ON;50;-1;-0,20;-0,20;0,50;98,40;87,80;0,80;6;50;-0,70;-0,60;
2026-07-29 06:53:00.0;OFF;ON;50;-0,90;-0,20;-0,20;0,40;98,40;87,80;0,70;6;50;-0,70;-0,60;
2026-07-29 06:54:00.0;OFF;ON;50;-0,90;-0,20;-0,20;0,40;98,40;87,80;0,70;6;50;-0,70;-0,60;
2026-07-29 06:55:00.0;OFF;ON;50;-0,90;-0,20;-0,20;0,40;98,40;87,70;0,70;6;50;-0,60;-0,50;
2026-07-29 06:56:00.0;OFF;ON;50;-0,80;-0,10;-0,10;0,40;98,40;87,70;0,70;6;50;-0,60;-0,50;
2026-07-29 06:57:00.0;OFF;ON;50;-0,80;-0,10;-0,10;0,40;98,40;87,80;0,70;6;50;-0,60;-0,50;
2026-07-29 06:58:00.0;OFF;ON;50;-0,90;-0,10;-0,10;0,40;98,40;87,70;0,80;6;50;-0,60;-0,50;
2026-07-29 06:59:00.0;OFF;ON;50;-0,80;-0,10;-0,10;0,40;98,40;87,90;0,80;6;50;-0,60;-0,50;
2026-07-29 07:00:00.0;OFF;ON;50;-0,70;-0,10;0;0,40;98,40;87,80;0,70;6;50;-0,50;-0,40;
2026-07-29 07:01:00.0;OFF;ON;50;-0,70;0;0;0,30;98,40;87,80;0,70;6;50;-0,50;-0,40;
2026-07-29 07:02:00.0;OFF;ON;50;-0,70;0;0;-1;98,40;87,60;0,70;6;50;-0,50;-0,40;
2026-07-29 07:03:00.0;OFF;ON;50;-0,70;0;0;-1,70;98,40;87,60;0,70;6;50;-0,50;-0,40;
2026-07-29 07:04:00.0;OFF;ON;50;-0,80;0;0;-2;98,40;11,40;0,70;6;50;-0,50;-0,40;
2026-07-29 07:05:00.0;OFF;ON;50;-0,80;0;0;-2,30;98,40;0;0,80;6;50;-0,50;-0,40;
2026-07-29 07:06:00.0;OFF;ON;50;-0,60;0;0;-2,50;98,40;0;0,60;6;50;-0,50;-0,30;
2026-07-29 07:07:00.0;OFF;ON;50;-0,60;-0,10;-0,10;-2,60;98,40;0;0,60;6;50;-0,50;-0,30;
2026-07-29 07:08:00.0;OFF;ON;50;-0,80;0,10;-0,10;-2,70;98,20;0;0,70;5,80;50;-0,50;-0,30;
2026-07-29 07:09:00.0;OFF;ON;50;-0,90;0;-0,20;-2,70;97,90;0;0,70;5,80;50;-0,50;-0,40;
2026-07-29 07:10:00.0;OFF;ON;50;-1;0;-0,20;-2,80;97,60;0;0,70;5,80;50;-0,60;-0,40;
2026-07-29 07:11:00.0;OFF;ON;50;-0,90;0;-0,30;-2,80;97,40;0;0,70;5,80;50;-0,60;-0,40;
2026-07-29 07:12:00.0;OFF;ON;50;-1;-0,10;-0,30;-2,80;97,30;0;0,70;5,80;50;-0,60;-0,50;
2026-07-29 07:13:00.0;OFF;ON;50;-1;-0,10;-0,30;-2,90;97,30;0;0,70;5,80;50;-0,70;-0,50;
2026-07-29 07:14:00.0;OFF;ON;50;-0,90;-0,10;-0,30;-2,90;97,10;0;0,60;5,80;50;-0,70;-0,50;
2026-07-29 07:15:00.0;OFF;ON;50;-1,10;-0,10;-0,30;-2,90;97,10;0;0,70;5,80;50;-0,70;-0,60;
2026-07-29 07:16:00.0;OFF;ON;50;-1,10;-0,20;-0,40;-3;97,10;0;0,70;5,80;50;-0,70;-0,60;
2026-07-29 07:17:00.0;OFF;ON;50;-1;-0,20;-0,40;-3;97,20;0;0,70;5,80;50;-0,70;-0,60;
2026-07-29 07:18:00.0;OFF;ON;50;-1,10;-0,40;-0,40;-3;97,10;0;0,80;6;50;-0,80;-0,60;
2026-07-29 07:19:00.0;OFF;ON;50;-1;-0,40;-0,40;-3;97,20;0;0,60;6;50;-0,80;-0,60;
2026-07-29 07:20:00.0;OFF;ON;50;-1,10;-0,40;-0,40;-3;97,10;0;0,60;6;50;-0,80;-0,60;
2026-07-29 07:21:00.0;OFF;ON;50;-1,20;-0,40;-0,40;-3;97,10;0;0,80;6;50;-0,80;-0,70;
2026-07-29 07:22:00.0;OFF;ON;50;-1,10;-0,40;-0,40;-3,10;97,10;0;0,70;6;50;-0,80;-0,70;
2026-07-29 07:23:00.0;OFF;ON;50;-1,20;-0,50;-0,50;-3,10;97,10;0;0,70;6;50;-0,80;-0,70;
2026-07-29 07:24:00.0;OFF;ON;50;-1,20;-0,50;-0,50;-3,10;97,10;0;0,70;6;50;-0,90;-0,70;
2026-07-29 07:25:00.0;OFF;ON;50;-1,10;-0,50;-0,50;-3,10;97,10;0;0,70;6;50;-0,90;-0,70;
2026-07-29 07:26:00.0;OFF;ON;50;-1,20;-0,50;-0,50;-3,10;97;0;0,70;6;50;-0,90;-0,70;
2026-07-29 07:27:00.0;OFF;ON;50;-1,20;-0,50;-0,50;-3,10;96,90;0;0,70;6;50;-0,90;-0,70;
2026-07-29 07:28:00.0;OFF;ON;50;-1,10;-0,50;-0,50;-3,10;96,90;0;0,60;6;50;-0,90;-0,70;
2026-07-29 07:29:00.0;OFF;ON;50;-1,20;-0,50;-0,50;-3,10;96,90;0;0,60;6;50;-0,90;-0,70;
2026-07-29 07:30:00.0;OFF;ON;50;-1,20;-0,50;-0,50;-3,20;96,90;0;0,60;6;50;-0,90;-0,70;
2026-07-29 07:31:00.0;OFF;ON;50;-1,20;-0,50;-0,50;-3,20;96,90;0;0,70;6;50;-0,90;-0,80;
2026-07-29 07:32:00.0;OFF;ON;50;-1,30;-0,50;-0,50;-3,20;96,90;0;0,70;6;50;-0,90;-0,80;
2026-07-29 07:33:00.0;OFF;ON;50;-1,20;-0,60;-0,50;-3,20;96,90;0;0,70;6;50;-0,90;-0,80;
2026-07-29 07:34:00.0;OFF;ON;50;-1,30;-0,50;-0,50;-3,20;96,80;0;0,70;6;50;-0,90;-0,80;
2026-07-29 07:35:00.0;OFF;ON;50;-1,30;-0,50;-0,40;-3,20;96,90;0;0,90;6;50;-0,70;-0,70;
2026-07-29 07:36:00.0;OFF;ON;50;-1,10;-0,30;-0,20;-3,20;97;0;0,90;6;50;-0,40;-0,60;
2026-07-29 07:37:00.0;OFF;ON;50;-1,10;-0,50;-0,20;-2,10;97,50;0;1;6;50;-0,20;-0,50;
2026-07-29 07:38:00.0;OFF;ON;50;-1;-0,10;-0,10;-2,50;97,80;0;0,90;6;50;-0,10;-0,40;
2026-07-29 07:39:00.0;OFF;ON;50;-1;-2,10;0;-2,60;98,40;0;0,90;6;55,20;-0,10;-0,30;
2026-07-29 07:40:00.0;OFF;ON;50;-0,70;-2;0;-2,60;98,40;0;0,80;2;57,10;-0,10;-0,30;
2026-07-29 07:41:00.0;OFF;ON;50;-0,60;-1,90;0,20;-2,50;98,40;0;0,80;2;58,60;0;-0,20;
2026-07-29 07:42:00.0;ON;OFF;50;-0,50;-1,80;0,30;-2,50;98,40;0;0,80;2;60;0,10;-0,10;
2026-07-29 07:43:00.0;ON;OFF;50;-0,50;-1,70;0,30;-2,50;98,40;0;0,80;2;61,10;0,20;-0,10;
2026-07-29 07:44:00.0;ON;OFF;50;-0,40;-1,70;0,30;-2,50;98,40;0;0,70;2;63,10;0,30;0;
2026-07-29 07:45:00.0;ON;OFF;50;-0,60;-1,70;0,30;-2,50;98,40;0;0,90;2;63,80;0,30;0;
2026-07-29 07:46:00.0;ON;OFF;50;-0,70;-1,70;0,30;-2,50;98,40;0;0,90;2;64,70;0,10;0;
2026-07-29 07:47:00.0;ON;OFF;50;-0,90;-1,80;0,10;-2,50;98,40;0;1;2;65,70;-0,10;-0,20;
2026-07-29 07:48:00.0;ON;OFF;50;-1,10;-1,90;0;-2,50;98,40;0;1,10;2;66,40;-0,20;-0,20;
2026-07-29 07:49:00.0;ON;OFF;50;-1,10;-2;0;-2,60;98,40;0;1;2;67,80;-0,20;-0,30;
2026-07-29 07:50:00.0;ON;OFF;50;-1;-2;-0,10;-2,60;98,40;0;0,90;2;69,60;-0,30;-0,30;
2026-07-29 07:51:00.0;ON;OFF;50;-1,20;-2,10;-0,10;-2,60;98,40;0;1,10;2;70,20;-0,30;-0,40;
2026-07-29 07:52:00.0;ON;OFF;50;-1,10;-2,10;-0,10;-2,60;98,40;0;1;2;71,50;-0,40;-0,40;
2026-07-29 07:53:00.0;ON;OFF;50;-1,20;-2,10;-0,10;-2,60;98,40;0;1,10;2;72,30;-0,40;-0,50;
2026-07-29 07:54:00.0;ON;OFF;50;-1,30;-2,20;-0,20;-2,70;98,40;0;1,10;2;73,30;-0,40;-0,50;
2026-07-29 07:55:00.0;ON;OFF;50;-1,30;-2,20;-0,20;-2,70;98,40;0;1,10;2;74,30;-0,50;-0,60;
2026-07-29 07:56:00.0;ON;OFF;50;-1,40;-2,20;-0,20;-2,70;98,40;0;1,20;2;74,70;-0,50;-0,70;
2026-07-29 07:57:00.0;ON;OFF;50;-0,70;-2,20;-0,20;-2,80;98,20;0;0,40;2;79,80;-0,50;-0,60;
2026-07-29 07:58:00.0;ON;OFF;50;-0,40;-2,20;-0,20;-2,80;98,10;0;0,10;2;82,80;-0,40;-0,40;
2026-07-29 07:59:00.0;ON;OFF;50;-0,20;-2,20;-0,20;-2,80;98;0;0,10;2;85,30;-0,30;-0,20;
2026-07-29 08:00:00.0;ON;OFF;50;0;-2,10;-0,10;-2,70;98,10;0;-0,10;2;88,40;-0,20;0;
2026-07-29 08:01:00.0;ON;OFF;50;0,10;-2;0;-2,70;98,20;0;-0,10;2;91;-0,10;0,10;
2026-07-29 08:02:00.0;ON;OFF;50;0,30;-2;0,10;-2,70;98,40;0;-0,20;2;94,30;0;0,30;
2026-07-29 08:03:00.0;ON;OFF;50;0,40;-1,90;0,10;-2,70;98,40;0;-0,30;2;96,40;0;0,30;
2026-07-29 08:04:00.0;ON;OFF;50;0,40;-1,80;0,20;-2,60;98,40;0;-0,30;2;99,70;0,10;0,30;
2026-07-29 08:05:00.0;ON;OFF;50;0,60;-1,80;0,20;-2,60;98,40;0;-0,50;2;100;0,10;0,30;
2026-07-29 08:06:00.0;ON;OFF;50;0,70;-1,80;0,20;-2,60;98,40;0;-0,50;2;100;0,10;0,30;
2026-07-29 08:07:00.0;ON;OFF;50;0,70;-1,80;0,20;-2,60;98,40;0;-0,50;2;100;0,10;0,40;
2026-07-29 08:08:00.0;ON;OFF;50;0,70;-1,80;0,20;-2,60;98,40;0;-0,50;2;100;0,10;0,40;
2026-07-29 08:09:00.0;ON;OFF;50;0,80;-1,80;0,20;-2,60;98,40;0;-0,50;2;100;0,10;0,40;
2026-07-29 08:10:00.0;ON;OFF;50;0,70;-1,80;0,20;-2,60;98,40;0;-0,50;2;100;0,20;0,40;
2026-07-29 08:11:00.0;ON;OFF;50;0,80;-1,80;0,30;-2,60;98,40;0;-0,50;2;100;0,20;0,40;
2026-07-29 08:12:00.0;ON;OFF;50;0,80;-1,70;0,30;-2,50;98,40;0;-0,60;2;100;0,20;0,40;
2026-07-29 08:13:00.0;ON;OFF;50;0,70;-1,70;0,30;-2,50;98,40;0;-0,40;2;99,50;0,20;0,40;
2026-07-29 08:14:00.0;ON;OFF;50;0,80;-1,60;0,40;-2,40;98,40;0;-0,40;2;99,60;0,20;0,40;
2026-07-29 08:15:00.0;ON;OFF;50;1;-1,60;0,40;-1,50;98,40;0;-0,50;2;100;0,20;0,40;
2026-07-29 08:16:00.0;ON;OFF;50;1;-1,50;0,50;-1,80;98,40;0;-0,50;2;100;0,30;0,40;
2026-07-29 08:17:00.0;ON;OFF;50;1;-1,50;0,60;6,80;98,40;0;-0,30;2;99,70;0,30;0,40;
2026-07-29 08:18:00.0;ON;OFF;50;1;-1,40;0,60;2;98,40;0;-0,40;2;99,60;0,40;0,40;
2026-07-29 08:19:00.0;ON;OFF;50;1,10;-1,30;0,90;0,80;98,50;0;-0,20;2;100;1,20;0,40;
2026-07-29 08:20:00.0;ON;OFF;50;1,20;-1,10;1;0,40;98,50;0;-0,20;2;100;1,50;0,50;
2026-07-29 08:21:00.0;ON;OFF;50;1,20;-1;1,10;0,20;98,50;0;-0,10;2;99,60;1,40;0,50;
2026-07-29 08:22:00.0;ON;OFF;50;1,30;-0,80;1,20;0;98,50;0;-0,10;2;99,50;1,50;0,50;
2026-07-29 08:23:00.0;ON;OFF;50;1,40;-0,70;1,20;-0,10;98,50;0;-0,20;2;100;1,90;0,50;
2026-07-29 08:24:00.0;ON;OFF;50;1,50;-0,90;1,10;-0,20;98,50;0;-0,40;2;100;1,60;0,50;
2026-07-29 08:25:00.0;ON;OFF;50;1,50;-0,90;1,20;-0,30;98,50;0;-0,30;2;100;1,50;0,40;
2026-07-29 08:26:00.0;ON;OFF;50;1,60;-0,70;1,30;-0,30;98,50;0;-0,20;2;100;1,50;0,40;
2026-07-29 08:27:00.0;ON;OFF;50;1,60;-0,70;1,40;-0,10;98,50;0;-0,20;2;99,60;1,50;0,40;
2026-07-29 08:28:00.0;ON;OFF;50;1,70;-0,60;1,40;1,50;98,50;0;-0,30;2;100;1,60;0,40;
2026-07-29 08:29:00.0;ON;OFF;50;1,80;-0,60;1,40;0,70;98,50;0;-0,40;2;100;1,70;0,40;
2026-07-29 08:30:00.0;ON;OFF;50;1,90;-0,70;1,30;-0,10;98,50;0;-0,60;2;100;1,60;0,40;
2026-07-29 08:31:00.0;ON;OFF;50;1,80;-0,80;1,30;-0,20;98,50;0;-0,50;2;99,70;1,70;0,40;
2026-07-29 08:32:00.0;ON;OFF;50;1,80;-0,70;1,40;-0,30;98,50;0;-0,50;2;99,60;1,90;0,50;
2026-07-29 08:33:00.0;ON;OFF;50;2;-0,60;1,40;-0,40;98,50;0;-0,60;2;100;2;0,50;
2026-07-29 08:34:00.0;ON;OFF;50;2;-0,60;1,40;-0,40;98,50;0;-0,60;2;100;2;0,50;
2026-07-29 08:35:00.0;ON;OFF;50;2,10;-0,60;1,40;-0,50;98,50;0;-0,70;2;100;2;0,60;
2026-07-29 08:36:00.0;ON;OFF;50;2,10;-0,60;1,50;-0,50;98,50;0;-0,60;2;100;2,10;0,60;
2026-07-29 08:37:00.0;ON;OFF;50;2,10;-0,50;1,50;-0,50;98,50;0;-0,60;2;100;2,20;0,70;
2026-07-29 08:38:00.0;ON;OFF;50;2;-0,50;1,50;-0,60;98,50;0;-0,50;2;99,50;2,20;0,80;
2026-07-29 08:39:00.0;ON;OFF;50;2,20;-0,40;1,60;-0,60;98,50;0;-0,60;2;99,80;2,30;0,90;
2026-07-29 08:40:00.0;ON;OFF;50;2,30;-0,30;1,70;-0,60;98,50;0;-0,60;2;100;2,40;1,20;
2026-07-29 08:41:00.0;ON;OFF;50;2,30;-0,30;1,70;-0,50;98,50;0;-0,50;2;99,60;2,40;1,40;
2026-07-29 08:42:00.0;ON;OFF;50;2,40;-0,20;1,80;-0,50;98,50;0;-0,60;2;99,80;2,60;1,90;
2026-07-29 08:43:00.0;ON;OFF;50;2,60;-0,10;2;-0,50;98,50;0;-0,60;2;100;2,80;2,40;
2026-07-29 08:44:00.0;ON;OFF;50;2,70;0;2,10;-0,40;98,50;0;-0,60;2;100;2,80;2,70;
2026-07-29 08:45:00.0;ON;OFF;50;2,90;0,20;2,30;-0,40;98,50;0;-0,50;2;100;3;2,90;
2026-07-29 08:46:00.0;ON;OFF;50;2,90;0,40;2,50;-0,30;98,50;0;-0,30;2;99,60;3,20;3,10;
2026-07-29 08:47:00.0;ON;OFF;50;3,10;0,60;2,80;-0,20;98,50;0;-0,30;2;99,70;3,40;3,30;
2026-07-29 08:48:00.0;ON;OFF;50;3,50;0,90;3,10;-0,10;98,50;0;-0,30;2;100;3,60;3,50;
2026-07-29 08:49:00.0;ON;OFF;50;3,60;1,30;3,40;0,10;98,50;0;-0,20;2;99,60;3,70;3,70;
2026-07-29 08:50:00.0;ON;OFF;50;3,90;1,50;3,60;0,30;98,50;0;-0,30;2;100;3,80;3,90;
2026-07-29 08:51:00.0;ON;OFF;50;3,90;1,60;3,70;0,30;98,50;0;-0,20;2;99,60;3,90;4;
2026-07-29 08:52:00.0;ON;OFF;50;4,10;1,70;3,90;0,50;98,50;0;-0,30;2;99,60;4;4,20;
2026-07-29 08:53:00.0;ON;OFF;50;4,30;1,90;4;0,70;98,50;0;-0,30;2;100;4,10;4,30;
2026-07-29 08:54:00.0;ON;OFF;50;4,40;2,10;4,10;0,80;98,50;0;-0,30;2;99,80;4,20;4,40;
2026-07-29 08:55:00.0;ON;OFF;50;4,60;2,20;4,20;1;98,50;0;-0,40;2;100;4,30;4,50;
2026-07-29 08:56:00.0;ON;OFF;50;4,70;2,30;4,30;1;98,50;0;-0,30;2;100;4,50;4,70;
2026-07-29 08:57:00.0;ON;OFF;50;4,60;2,40;4,40;1,20;98,50;0;-0,20;2;100;4,50;4,70;
2026-07-29 08:58:00.0;ON;OFF;50;4,50;2,50;4,50;1,20;98,50;0;0;2;100;4,60;4,70;
2026-07-29 08:59:00.0;ON;OFF;50;4,10;2,50;4,50;1,40;98,50;0;0,40;2;100;4,60;4,50;
2026-07-29 09:00:00.0;ON;OFF;50;3,20;2,50;4,40;1,40;98,50;0;1,20;2;98;4,50;4,30;
2026-07-29 09:01:00.0;ON;OFF;50;2,50;2,40;4,30;1,40;98,50;0;1,80;2;96;4,40;3,70;
2026-07-29 09:02:00.0;ON;OFF;50;1,70;2,20;4,10;1,40;98,50;0;2,40;2;93,70;4,20;3,30;
2026-07-29 09:03:00.0;ON;OFF;50;1,20;1,90;3,80;1,30;98,50;0;2,60;2;92;4;2,90;
2026-07-29 09:04:00.0;ON;OFF;50;0,70;1,70;3,60;1,20;98,50;0;3;2;90;3,80;2,50;
2026-07-29 09:05:00.0;ON;OFF;50;0,20;1,50;3,40;1,10;98,50;0;3,20;2;87,70;3,60;2,10;
2026-07-29 09:06:00.0;ON;OFF;50;-0,10;1,20;3,10;0,90;98,50;0;3,20;2;86;3,30;1,70;
2026-07-29 09:07:00.0;ON;OFF;50;-0,50;1;3;0,80;98,50;0;3,50;2;82,80;3,20;1,50;
2026-07-29 09:08:00.0;ON;OFF;50;-0,90;0,80;2,80;0,80;98,50;0;3,70;2;80,60;3,10;1,30;
2026-07-29 09:09:00.0;ON;OFF;50;-1,10;0,70;2,60;0,60;98,50;0;3,70;2;78,30;3;1;
2026-07-29 09:10:00.0;ON;OFF;50;-1,20;0,60;2,50;0,50;98,50;0;3,70;2;76,10;2,90;0,90;
2026-07-29 09:11:00.0;ON;OFF;50;-2,10;0,40;2,40;0,40;98,50;0;4,50;2;70,30;2,70;0,80;
2026-07-29 09:12:00.0;ON;OFF;50;-2,70;0,40;2,20;0,20;98,50;0;4,90;2;66,40;2,60;0,40;
2026-07-29 09:13:00.0;ON;OFF;50;-2;0,20;2;0,10;98,40;0;4,10;2;65,40;2,50;0;
2026-07-29 09:14:00.0;ON;OFF;50;-1,20;0;1,90;0;98,40;0;3,10;2;68,10;2,50;0,20;
2026-07-29 09:15:00.0;ON;OFF;50;-1,50;0;2;-0,10;98,50;0;3,40;2;65,80;2,60;0,50;
2026-07-29 09:16:00.0;ON;OFF;50;-0,60;0;2;-0,10;98,50;0;2,70;2;66,90;2,50;0,50;
2026-07-29 09:17:00.0;ON;OFF;50;-0,70;0,10;2,20;0;98,50;0;2,90;2;64,90;2,60;0,70;
2026-07-29 09:18:00.0;ON;OFF;50;-1;0,20;2,30;0;98,50;2,20;3,20;2;62,80;2,60;0,90;
2026-07-29 09:19:00.0;ON;OFF;50;-0,90;0,30;2,30;0,10;98,50;0;3,30;2;61,10;2,60;0,80;
2026-07-29 09:20:00.0;ON;OFF;50;-0,60;0,40;2,40;0,10;98,50;0;3;2;60,30;2,80;0,80;
2026-07-29 09:21:00.0;ON;OFF;50;-0,70;0,40;2,40;0,20;98,50;0,20;3,20;2;58,60;2,70;0,90;
2026-07-29 09:22:00.0;ON;OFF;50;-0,70;0,50;2,50;0,20;98,50;0;3,20;2;57,70;2,60;0,90;
2026-07-29 09:23:00.0;ON;OFF;50;-0,50;0,50;2,50;0,30;98,50;0;3;2;56,70;2,70;1;
2026-07-29 09:24:00.0;ON;OFF;50;-0,10;0,60;2,60;0,40;98,50;0;2,70;2;57;2,70;1,20;
2026-07-29 09:25:00.0;ON;OFF;50;-0,10;0,80;2,80;0,50;98,50;0;2,90;2;55,70;2,90;1,40;
2026-07-29 09:26:00.0;ON;OFF;50;0,10;0,90;2,90;0,60;98,50;0;2,80;2;54,50;2,90;1,40;
2026-07-29 09:27:00.0;ON;OFF;50;0,40;0,90;3;36,60;98,50;114,60;2,60;2;54,90;2,90;1,50;
2026-07-29 09:28:00.0;ON;OFF;50;0,30;1;3,10;41,60;98,50;114,80;2,80;2;52,70;3;1,70;
2026-07-29 09:29:00.0;ON;OFF;50;0,70;1,20;3,20;42,40;98,50;114,90;2,50;2;53,30;3;1,80;
2026-07-29 09:30:00.0;ON;OFF;50;0,70;1,30;3,40;42,80;98,50;114,90;2,60;2;52,10;3,20;2;
2026-07-29 09:31:00.0;ON;OFF;50;1,10;1,50;3,50;43;98,50;114,80;2,40;2;52,20;3,30;2,10;
2026-07-29 09:32:00.0;ON;OFF;50;1;1,60;3,60;43,20;98,50;114,80;2,60;2;50;3,40;2,20;
2026-07-29 09:33:00.0;ON;OFF;50;1,10;1,70;3,80;43,30;98,50;114,80;2,70;2;50;3,50;2,30;
2026-07-29 09:34:00.0;ON;OFF;50;1,50;1,90;3,90;43,40;98,50;114,80;2,40;2;50;3,60;2,40;
2026-07-29 09:35:00.0;ON;OFF;50;1,60;2;4,10;43,50;98,50;114,80;2,50;2;50;3,80;2,60;
2026-07-29 09:36:00.0;ON;OFF;50;2,20;2,20;4,30;43,50;98,50;114,80;2;2;50,20;3,90;2,90;
2026-07-29 09:37:00.0;ON;OFF;50;2,70;2,40;4,40;43,50;98,50;114,80;1,70;2;51,20;4;3,10;
2026-07-29 09:38:00.0;ON;OFF;50;3;2,60;4,80;43,60;98,50;114,80;1,80;2;50,80;4,40;3,60;
2026-07-29 09:39:00.0;ON;OFF;50;3,10;2,90;5;43,60;98,50;114,80;1,90;2;50,50;4,40;3,80;
2026-07-29 09:40:00.0;ON;OFF;50;3,40;3,10;5,10;43,70;98,50;114,80;1,70;2;51,70;4,40;3,90;
2026-07-29 09:41:00.0;ON;OFF;50;3,30;3,20;5,20;43,70;98,50;114,80;1,90;2;51;4,40;4;
2026-07-29 09:42:00.0;ON;OFF;50;3,10;3,20;5,20;43,70;98,50;114,80;2,20;2;50;4,40;3,90;
2026-07-29 09:43:00.0;ON;OFF;50;2,60;3,20;5,20;43,70;98,50;114,80;2,60;2;50;4,30;3,80;
2026-07-29 09:44:00.0;ON;OFF;50;2,60;3,10;5;43,70;98,50;114,80;2,50;2;50;4,20;3,50;
2026-07-29 09:45:00.0;ON;OFF;50;2,70;3;5;43,70;98,50;114,80;2,30;2;50;4,10;3,50;
2026-07-29 09:46:00.0;ON;OFF;50;2,30;2,90;4,90;43,70;98,50;114,80;2,70;2;50;4,10;3,40;
2026-07-29 09:47:00.0;ON;OFF;50;2,20;2,90;4,90;43,70;98,50;114,80;2,70;2;50;4;3,40;
2026-07-29 09:48:00.0;ON;OFF;50;2,50;2,80;4,80;43,70;98,50;114,80;2,30;2;50;3,90;3,20;
2026-07-29 09:49:00.0;ON;OFF;50;2,30;2,70;4,70;43,70;98,50;114,80;2,40;2;50;4;3,30;
2026-07-29 09:50:00.0;ON;OFF;50;2,40;2,80;4,70;43,70;98,50;114,80;2,40;2;50;4;3,30;
2026-07-29 09:51:00.0;ON;OFF;50;2,50;2,70;4,70;43,70;98,50;114,80;2,20;2;50;3,90;3,20;
2026-07-29 09:52:00.0;ON;OFF;50;2,80;2,70;4,80;43,70;98,50;114,80;2;2;50;3,90;3,40;
2026-07-29 09:53:00.0;ON;OFF;50;3,20;2,80;4,80;43,70;98,50;114,80;1,60;2;51,80;4;3,40;
2026-07-29 09:54:00.0;ON;OFF;50;3,60;2,80;4,90;43,70;98,50;114,80;1,30;2;53,90;4,10;3,80;
2026-07-29 09:55:00.0;ON;OFF;50;4;2,90;5;43,70;98,50;114,70;1;2;55,60;4,30;4,10;
2026-07-29 09:56:00.0;ON;OFF;50;4;3,10;5,10;43,70;98,50;114,70;1,20;2;56,10;4,40;4,30;
2026-07-29 09:57:00.0;ON;OFF;50;3,80;3,20;5,30;43,70;98,50;114,70;1,50;2;55,90;4,50;4,40;
2026-07-29 09:58:00.0;ON;OFF;50;3,80;3,30;5,40;43,70;98,50;114,70;1,60;2;56,30;4,50;4,30;
2026-07-29 09:59:00.0;ON;OFF;50;3,60;3,30;5,40;43,70;98,50;114,70;1,80;2;55,80;4,50;4,20;
2026-07-29 10:00:00.0;ON;OFF;50;3,70;3,30;5,30;43,70;98,60;114,70;1,60;2;56,70;4,50;4,20;
2026-07-29 10:01:00.0;ON;OFF;50;3,30;3,30;5,30;43,70;98,50;114,70;2;2;55,80;4,50;4,20;
2026-07-29 10:02:00.0;ON;OFF;50;3,20;3,30;5,20;43,70;98,60;114,70;2,10;2;55,30;4,40;4;
2026-07-29 10:03:00.0;ON;OFF;50;3,10;3,20;5,20;43,70;98,50;114,70;2,10;2;54,90;4,40;3,90;
2026-07-29 10:04:00.0;ON;OFF;50;2,90;3,20;5,20;43,70;98,60;114,70;2,30;2;54;4,50;3,90;
2026-07-29 10:05:00.0;ON;OFF;50;3,30;3,20;5,30;43,70;98,50;114,70;2;2;54,70;4,60;3,80;
2026-07-29 10:06:00.0;ON;OFF;50;3,50;3,30;5,50;43,60;98,60;114,70;2;2;54,90;4,80;4,10;
2026-07-29 10:07:00.0;ON;OFF;50;3,90;3,60;5,60;43,60;98,50;114,70;1,70;2;56;4,90;4,30;
2026-07-29 10:08:00.0;ON;OFF;50;4,10;3,80;5,90;43,60;98,50;114,60;1,80;2;55,70;5,10;4,60;
2026-07-29 10:09:00.0;ON;OFF;50;4;3,90;6,10;43,60;98,60;114,70;2,10;2;54,70;5,40;4,70;
2026-07-29 10:10:00.0;ON;OFF;50;3,80;4,10;6,20;43,60;98,60;114,70;2,40;2;53,30;5,40;4,70;
2026-07-29 10:11:00.0;ON;OFF;50;3,80;4,20;6,30;43,60;98,50;114,70;2,50;2;52,20;5,50;4,70;
2026-07-29 10:12:00.0;ON;OFF;50;3,60;4,40;6,40;43,60;98,60;114,70;2,80;2;50,30;5,60;4,70;
2026-07-29 10:13:00.0;ON;OFF;50;3,60;4,50;6,50;43,50;98,60;114,70;2,80;2;50;5,60;4,60;
2026-07-29 10:14:00.0;ON;OFF;50;3,40;4,60;6,60;43,50;98,60;114,60;3,20;2;50;5,80;4,60;
2026-07-29 10:15:00.0;ON;OFF;50;3,30;4,60;6,60;43,50;98,60;114,60;3,30;2;50;5,90;4,60;
2026-07-29 10:16:00.0;ON;OFF;50;3,10;4,70;6,70;43,50;98,60;114,60;3,60;2;50;5,90;4,50;
2026-07-29 10:17:00.0;ON;OFF;50;3,40;4,70;6,80;43,50;98,60;114,60;3,40;2;50;6,10;4,50;
2026-07-29 10:18:00.0;ON;OFF;50;3,40;4,80;6,90;43,50;98,60;114,60;3,50;2;50;6,20;4,70;
2026-07-29 10:19:00.0;ON;OFF;50;3,60;4,90;7;43,40;98,60;114,60;3,30;2;50;6,20;4,70;
2026-07-29 10:20:00.0;ON;OFF;50;4;5;7,10;43,40;98,60;114,60;3,10;2;50;6,30;4,90;
2026-07-29 10:21:00.0;ON;OFF;50;3,90;5,10;7,20;43,40;98,60;114,60;3,30;2;50;6,50;5,10;
2026-07-29 10:22:00.0;ON;OFF;50;3,90;5,20;7,30;43,40;98,60;114,60;3,40;2;50;6,60;5,20;
2026-07-29 10:23:00.0;ON;OFF;50;3,90;5,30;7,40;43,30;98,60;114,60;3,60;2;50;6,70;5,20;
2026-07-29 10:24:00.0;ON;OFF;50;3,70;5,40;7,50;43,30;98,60;114,60;3,80;2;50;6,80;5,10;
2026-07-29 10:25:00.0;ON;OFF;50;3,80;5,50;7,50;43,30;98,60;114,60;3,70;2;50;6,90;5,20;
2026-07-29 10:26:00.0;ON;OFF;50;3,90;5,60;7,70;43,30;98,60;114,60;3,70;2;50;7,10;5,30;
2026-07-29 10:27:00.0;ON;OFF;50;4,30;5,70;7,70;43,20;98,60;114,60;3,40;2;50;7;5,50;
2026-07-29 10:28:00.0;ON;OFF;50;4,40;5,70;7,80;43,20;98,60;114,50;3,40;2;50;7,10;5,70;
2026-07-29 10:29:00.0;ON;OFF;50;4,40;5,90;7,90;43,20;98,60;114,60;3,50;2;50;7,10;5,70;
2026-07-29 10:30:00.0;ON;OFF;50;4,30;5,90;8;43,20;98,60;114,60;3,70;2;50;7,20;5,70;
2026-07-29 10:31:00.0;ON;OFF;50;4,20;6;8;43,10;98,60;114,60;3,80;2;50;7,20;5,60;
2026-07-29 10:32:00.0;ON;OFF;50;4,30;6,10;8,10;43,10;98,60;114,50;3,80;2;50;7,20;5,60;
2026-07-29 10:33:00.0;ON;OFF;50;4,30;6,10;8,20;43,10;98,60;114,50;3,80;2;50;7,40;5,80;
2026-07-29 10:34:00.0;ON;OFF;50;4,80;6,20;8,30;43;98,60;114,50;3,40;2;50;7,50;6;
2026-07-29 10:35:00.0;ON;OFF;50;4,80;6,40;8,50;43;98,60;114,50;3,70;2;50;7,70;6,30;
2026-07-29 10:36:00.0;ON;OFF;50;4,80;6,50;8,60;43;98,60;114,50;3,70;2;50;7,70;6,30;
2026-07-29 10:37:00.0;ON;OFF;50;4,60;6,60;8,60;43;98,60;114,50;4;2;50;7,80;6,30;
2026-07-29 10:38:00.0;ON;OFF;50;4,60;6,60;8,70;42,90;98,60;114,50;4,10;2;50;8;6,20;
2026-07-29 10:39:00.0;ON;OFF;50;4,70;6,70;8,70;42,90;98,60;114,50;4;2;50;7,90;6,30;
2026-07-29 10:40:00.0;ON;OFF;50;4,70;6,80;8,80;42,90;98,60;114,50;4,10;2;50;8;6,30;
2026-07-29 10:41:00.0;ON;OFF;50;5,30;6,90;9;42,80;98,60;114,50;3,70;2;50;8,10;6,60;
2026-07-29 10:42:00.0;ON;OFF;50;5,20;7;9,10;42,80;98,60;114,50;3,80;2;50;8,20;6,70;
2026-07-29 10:43:00.0;ON;OFF;50;5,30;7,20;9,20;42,70;98,60;114,50;3,90;2;50;8,40;6,90;
2026-07-29 10:44:00.0;ON;OFF;50;6;7,30;9,30;42,70;98,60;114,50;3,30;2;50;8,50;7,10;
2026-07-29 10:45:00.0;ON;OFF;50;6,10;7,40;9,40;42,70;98,60;114,50;3,40;2;50;8,70;7,40;
2026-07-29 10:46:00.0;ON;OFF;50;6;7,60;9,60;42,70;98,60;114,50;3,60;2;50;8,80;7,50;
2026-07-29 10:47:00.0;ON;OFF;50;6,10;7,70;9,80;42,60;98,60;114,50;3,70;2;50;9,10;7,70;
2026-07-29 10:48:00.0;ON;OFF;50;6,20;7,80;9,80;42,60;98,60;114,50;3,70;2;50;9,10;7,70;
2026-07-29 10:49:00.0;ON;OFF;50;6,10;7,90;10;42,50;98,60;114,40;3,90;2;50;9,20;7,80;
2026-07-29 10:50:00.0;ON;OFF;50;5,90;8;10,10;42,50;98,60;114,50;4,10;2;50;9,30;7,80;
2026-07-29 10:51:00.0;ON;OFF;50;5,60;8,10;10,10;42,50;98,60;114,50;4,50;2;50;9,20;7,60;
2026-07-29 10:52:00.0;ON;OFF;50;5,60;8,10;10,10;42,40;98,60;114,50;4,50;2;50;9,30;7,50;
2026-07-29 10:53:00.0;ON;OFF;50;5,40;8,10;10,10;42,40;98,60;114,40;4,70;2;50;9,30;7,50;
2026-07-29 10:54:00.0;ON;OFF;50;5,40;8,10;10,10;42,40;98,60;114,40;4,70;2;50;9,30;7,50;
2026-07-29 10:55:00.0;ON;OFF;50;5,40;8,10;10,10;42,30;98,60;114,40;4,70;2;50;9,30;7,50;
2026-07-29 10:56:00.0;ON;OFF;50;5,40;8,20;10,20;42,30;98,60;114,40;4,70;2;50;9,30;7,40;
2026-07-29 10:57:00.0;ON;OFF;50;5,30;8,20;10,20;42,20;98,60;114,40;4,90;2;50;9,40;7,40;
2026-07-29 10:58:00.0;ON;OFF;50;5,40;8,20;10,30;42,20;98,60;114,40;4,90;2;50;9,50;7,50;
2026-07-29 10:59:00.0;ON;OFF;50;5,30;8,30;10,30;42,10;98,60;114,40;5;2;50;9,50;7,50;
2026-07-29 11:00:00.0;ON;OFF;50;5,40;8,30;10,30;42,10;98,60;114,40;4,90;2;50;9,50;7,50;
2026-07-29 11:01:00.0;ON;OFF;50;5,40;8,40;10,40;42,10;98,60;114,40;5;2;50;9,60;7,60;
2026-07-29 11:02:00.0;ON;OFF;50;5,40;8,40;10,50;42;98,60;114,40;5,10;2;50;9,80;7,60;
2026-07-29 11:03:00.0;ON;OFF;50;5,40;8,50;10,50;42;98,60;114,40;5,10;2;50;9,80;7,70;
2026-07-29 11:04:00.0;ON;OFF;50;5,50;8,50;10,60;41,90;98,60;114,40;5,10;2;50;10;7,80;
2026-07-29 11:05:00.0;ON;OFF;50;5,50;8,60;10,60;41,90;98,60;114,40;5,20;2;50;9,90;7,80;
2026-07-29 11:06:00.0;ON;OFF;50;5,60;8,70;10,70;41,80;98,60;114,40;5,10;2;50;10;7,90;
2026-07-29 11:07:00.0;ON;OFF;50;5,60;8,70;10,80;41,80;98,60;114,40;5,20;2;50;10,20;8;
2026-07-29 11:08:00.0;ON;OFF;50;5,60;8,80;10,80;41,70;98,60;114,40;5,20;2;50;10,20;8;
2026-07-29 11:09:00.0;ON;OFF;50;5,80;8,90;10,90;41,70;98,60;114,40;5,10;2;50;10,20;8,10;
2026-07-29 11:10:00.0;ON;OFF;50;6;8,90;10,90;41,60;98,60;114,40;5;2;50;10,30;8,10;
2026-07-29 11:11:00.0;ON;OFF;50;5,90;9;11;41,60;98,70;114,40;5,10;2;50;10,40;8,20;
2026-07-29 11:12:00.0;ON;OFF;50;6;9;11;41,60;98,60;114,40;5;2;50;10,50;8,20;
2026-07-29 11:13:00.0;ON;OFF;50;6;9,10;11,10;41,50;98,70;114,40;5,10;2;50;10,50;8,30;
2026-07-29 11:14:00.0;ON;OFF;50;5,90;9,20;11,20;41,50;98,70;114,40;5,30;2;50;10,60;8,40;
2026-07-29 11:15:00.0;ON;OFF;50;6;9,20;11,30;41,40;98,70;114,40;5,20;2;50;10,70;8,40;
2026-07-29 11:16:00.0;ON;OFF;50;6,20;9,30;11,40;41,40;98,70;114,40;5,10;2;50;10,80;8,50;
2026-07-29 11:17:00.0;ON;OFF;50;6,20;9,50;11,60;41,30;98,70;114,30;5,40;2;50;11,20;8,70;
2026-07-29 11:18:00.0;ON;OFF;50;6,30;9,60;11,70;41,30;98,70;114,30;5,30;2;50;11,30;8,70;
2026-07-29 11:19:00.0;ON;OFF;50;6,20;9,70;11,70;41,20;98,70;114,30;5,50;2;50;11;8,70;
2026-07-29 11:20:00.0;ON;OFF;50;6,40;9,70;11,70;41,20;98,70;114,30;5,40;2;50;11,10;8,70;
2026-07-29 11:21:00.0;ON;OFF;50;6,40;9,80;11,80;41,10;98,70;114,30;5,40;2;50;11,20;8,80;
2026-07-29 11:22:00.0;ON;OFF;50;6,60;9,80;11,90;41,10;98,70;114,30;5,30;2;50;11,20;8,90;
2026-07-29 11:23:00.0;ON;OFF;50;6,50;9,90;12;41;98,70;114,20;5,50;2;50;11,30;8,90;
2026-07-29 11:24:00.0;ON;OFF;50;6,70;10;12,20;41;98,70;114,30;5,50;2;50;11,40;8,90;
2026-07-29 11:25:00.0;ON;OFF;50;6,60;10,20;12,20;40,90;98,70;114,30;5,60;2;50;11,50;9;
2026-07-29 11:26:00.0;ON;OFF;50;6,80;10,20;12,20;40,90;98,70;114,30;5,40;2;50;11,50;9,10;
2026-07-29 11:27:00.0;ON;OFF;50;6,90;10,30;12,30;40,80;98,70;114,20;5,50;2;50;11,70;9,20;
2026-07-29 11:28:00.0;ON;OFF;50;6,80;10,30;12,40;40,70;98,70;114,20;5,50;2;50;11,90;9,30;
2026-07-29 11:29:00.0;ON;OFF;50;6,90;10,40;12,50;40,70;98,70;114,20;5,60;2;50;12,10;9,40;
2026-07-29 11:30:00.0;ON;OFF;50;7;10,50;12,60;40,60;98,70;114,20;5,60;2;50;12,30;9,50;
2026-07-29 11:31:00.0;ON;OFF;50;7,10;10,60;12,60;40,60;98,70;114,20;5,50;2;50;12,30;9,60;
2026-07-29 11:32:00.0;ON;OFF;50;7,20;10,60;12,70;40,50;98,70;114,20;5,50;2;50;12,50;9,60;
2026-07-29 11:33:00.0;ON;OFF;50;7,20;10,70;12,80;40,50;98,70;114,20;5,60;2;50;12,70;9,80;
2026-07-29 11:34:00.0;ON;OFF;50;7,20;10,80;12,90;40,40;98,70;114,20;5,70;2;50;12,90;9,80;
2026-07-29 11:35:00.0;ON;OFF;50;7,30;11;13;40,30;98,70;114,20;5,70;2;50;13,10;10,10;
2026-07-29 11:36:00.0;ON;OFF;50;7,30;10,90;12,90;40,30;98,70;114,20;5,60;2;50;12,80;9,90;
2026-07-29 11:37:00.0;ON;OFF;50;7,40;11;13;40,20;98,70;114,20;5,60;2;50;12,70;9,90;
2026-07-29 11:38:00.0;ON;OFF;50;7,50;11;13;40,20;98,70;114,20;5,50;2;50;12,70;9,90;
2026-07-29 11:39:00.0;ON;OFF;50;7,40;11,10;13,10;40,10;98,70;114,20;5,70;2;50;12,80;10;
2026-07-29 11:40:00.0;ON;OFF;50;7,60;11,10;13,10;40;98,70;114,20;5,50;2;50;12,80;10;
2026-07-29 11:41:00.0;ON;OFF;50;7,50;11,10;13,10;40;98,70;114,10;5,60;2;50;12,90;10;
2026-07-29 11:42:00.0;ON;OFF;50;7,50;11,20;13,20;39,90;98,70;114,10;5,70;2;50;13;10,10;
2026-07-29 11:43:00.0;ON;OFF;50;7,60;11,20;13,20;39,90;98,70;114,10;5,60;2;50;13,10;10,10;
2026-07-29 11:44:00.0;ON;OFF;50;7,70;11,20;13,20;39,90;98,70;114,10;5,50;2;50;13,10;10,20;
2026-07-29 11:45:00.0;ON;OFF;50;7,60;11,20;13,20;39,80;98,70;114,10;5,60;2;50;13;10,20;
2026-07-29 11:46:00.0;ON;OFF;50;7,60;11,30;13,30;39,70;98,70;114,10;5,60;2;50;13,20;10,30;
2026-07-29 11:47:00.0;ON;OFF;50;7,80;11,30;13,30;39,70;98,70;114,10;5,60;2;50;13,20;10,30;
2026-07-29 11:48:00.0;ON;OFF;50;7,70;11,30;13,30;39,60;98,70;114,10;5,60;2;50;13,30;10,30;
2026-07-29 11:49:00.0;ON;OFF;50;7,80;11,40;13,40;39,60;98,70;114,10;5,60;2;50;13,40;10,40;
2026-07-29 11:50:00.0;ON;OFF;50;7,80;11,40;13,40;39,50;98,70;114,10;5,60;2;50;13,40;10,50;
2026-07-29 11:51:00.0;ON;OFF;50;7,80;11,40;13,40;39,50;98,70;114,10;5,60;2;50;13,50;10,50;
2026-07-29 11:52:00.0;ON;OFF;50;7,90;11,50;13,40;39,40;98,70;114,10;5,60;2;50;13,50;10,60;
2026-07-29 11:53:00.0;ON;OFF;50;7,80;11,40;13,40;39,40;98,70;114,10;5,60;2;50;13,50;10,60;
2026-07-29 11:54:00.0;ON;OFF;50;7,80;11,50;13,50;39,30;98,70;114,10;5,70;2;50;13,50;10,60;
2026-07-29 11:55:00.0;ON;OFF;50;7,80;11,40;13,50;39,30;98,70;114,20;5,60;2;50;13,60;10,60;
2026-07-29 11:56:00.0;ON;OFF;50;7,90;11,50;13,50;39,30;98,70;114,20;5,60;2;50;13,70;10,70;
2026-07-29 11:57:00.0;ON;OFF;50;7,90;11,50;13,50;39,20;98,70;114,10;5,50;2;50;13,70;10,70;
2026-07-29 11:58:00.0;ON;OFF;50;7,80;11,50;13,50;39,10;98,70;114,10;5,70;2;50;13,70;10,70;
2026-07-29 11:59:00.0;ON;OFF;50;7,80;11,50;13,40;39,10;98,70;114,10;5,60;2;50;13,80;10,70;
2026-07-29 12:00:00.0;ON;OFF;50;7,70;11,40;13,40;39;98,70;114,20;5,70;2;50;13,70;10,70;
2026-07-29 12:01:00.0;ON;OFF;50;7,70;11,40;13,40;39;98,70;114,10;5,70;2;50;13,70;10,70;
2026-07-29 12:02:00.0;ON;OFF;50;7,80;11,40;13,50;38,90;98,70;114,10;5,60;2;50;13,80;10,70;
2026-07-29 12:03:00.0;ON;OFF;50;7,80;11,40;13,40;38,80;98,70;114,10;5,60;2;50;13,70;10,70;
2026-07-29 12:04:00.0;ON;OFF;50;7,80;10,40;13,40;38,80;98,70;114,10;5,60;2;50;13,60;11,10;
2026-07-29 12:05:00.0;ON;OFF;50;8;10,50;13,50;38,70;98,70;114,10;5,50;3;50;13,70;11,40;
2026-07-29 12:06:00.0;ON;OFF;50;8,10;10,50;13,50;38,70;98,70;114,10;5,40;3;50;13,60;11,50;
2026-07-29 12:07:00.0;OFF;ON;70;8,30;10,50;13,50;38,60;98,70;114,10;5,30;3;50;13,60;11,50;
2026-07-29 12:08:00.0;OFF;ON;70;8,20;10,50;13,50;38,60;98,70;114,10;5,30;3;50;13,60;11,60;
2026-07-29 12:09:00.0;OFF;ON;70;8,40;10,60;13,60;38,50;98,70;114,10;5,20;3;50;13,60;11,60;
2026-07-29 12:10:00.0;OFF;ON;70;8,40;10,50;13,50;38,50;98,70;114,10;5,10;3;50;13,60;11,60;
2026-07-29 12:11:00.0;OFF;ON;70;8,40;10,50;13,50;38,40;98,70;114,10;5,10;3;50;13,50;11,60;
2026-07-29 12:12:00.0;OFF;ON;70;8,40;10,50;13,50;38,40;98,70;114;5,10;3;50;13,60;11,60;
2026-07-29 12:13:00.0;OFF;ON;70;8,30;10,50;13,50;38,30;98,70;114;5,20;3;50;13,50;11,60;
2026-07-29 12:14:00.0;OFF;ON;70;8,30;10,50;13,50;38,30;98,70;114;5,20;3;50;13,40;11,60;
2026-07-29 12:15:00.0;OFF;ON;70;8,40;10,30;13,50;38,20;98,70;114;5,10;3,20;50;13,50;11,60;
2026-07-29 12:16:00.0;OFF;ON;70;8,40;10,30;13,50;38,10;98,70;114;5;3,20;50;13,40;11,60;
2026-07-29 12:17:00.0;OFF;ON;70;8,40;10,30;13,50;38,10;98,70;114;5;3,20;50;13,50;11,60;
2026-07-29 12:18:00.0;OFF;ON;75;8,40;10,20;13,40;38;98,70;114;5;3,20;50;13,40;11,60;
2026-07-29 12:19:00.0;OFF;ON;75;8,40;10,20;13,40;38;98,70;114;5,10;3,20;50;13,40;11,60;
2026-07-29 12:20:00.0;OFF;ON;75;8,30;10,20;13,40;37,90;98,70;114;5,10;3,20;50;13,30;11,60;
2026-07-29 12:21:00.0;OFF;ON;75;8,30;10,20;13,40;37,90;98,70;114;5,10;3,20;50;13,30;11,50;
2026-07-29 12:22:00.0;OFF;ON;75;8,30;10,10;13,30;37,80;98,70;114;5,10;3,20;50;13,20;11,50;
2026-07-29 12:23:00.0;OFF;ON;75;8,40;10,10;13,30;37,70;98,70;114;4,90;3,20;50;13,20;11,50;
2026-07-29 12:24:00.0;OFF;ON;75;8,20;9,90;13,30;37,70;98,70;114;5,10;3,20;50;13,20;11,50;
2026-07-29 12:25:00.0;OFF;ON;75;8,30;9,90;13,30;37,60;98,70;114;5;3,40;50;13,20;11,50;
2026-07-29 12:26:00.0;OFF;ON;75;8,30;9,90;13,20;37,60;98,70;114;4,90;3,40;50;13,10;11,60;
2026-07-29 12:27:00.0;OFF;ON;80;8,30;9,80;13,20;37,50;98,70;114;4,90;3,40;50;13,10;11,50;
2026-07-29 12:28:00.0;OFF;ON;80;8,20;9,80;13,20;37,40;98,70;114;4,90;3,40;50;13,10;11,50;
2026-07-29 12:29:00.0;OFF;ON;80;8,30;9,80;13,20;37,40;98,70;114;4,80;3,40;50;13,10;11,50;
2026-07-29 12:30:00.0;OFF;ON;80;8,30;9,80;13,20;37,30;98,70;114;4,90;3,40;50;13,10;11,50;
2026-07-29 12:31:00.0;OFF;ON;80;8,30;9,70;13,10;37,30;98,70;113,90;4,90;3,40;50;13;11,40;
2026-07-29 12:32:00.0;OFF;ON;80;8,10;9,70;13,10;37,20;98,70;114;5;3,40;50;13;11,40;
2026-07-29 12:33:00.0;OFF;ON;80;8,10;9,70;13,10;37,20;98,70;113,90;4,90;3,40;50;13;11,40;
2026-07-29 12:34:00.0;OFF;ON;80;8,10;9,70;13;37,10;98,70;114;4,90;3,40;50;13;11,40;
2026-07-29 12:35:00.0;OFF;ON;80;8,20;9,40;13;37;98,70;114;4,90;3,60;50;12,90;11,40;
2026-07-29 12:36:00.0;OFF;ON;80;8,20;9,40;13;37;98,70;114;4,80;3,60;50;12,90;11,50;
2026-07-29 12:37:00.0;OFF;ON;80;8,20;9,40;13;36,90;98,70;113,90;4,80;3,60;50;12,90;11,40;
2026-07-29 12:38:00.0;OFF;ON;85;8,10;9,40;13;36,90;98,70;113,90;4,90;3,60;50;12,80;11,40;
2026-07-29 12:39:00.0;OFF;ON;85;8;9,30;12,90;36,80;98,70;113,90;4,90;3,60;50;12,80;11,40;
2026-07-29 12:40:00.0;OFF;ON;85;8;9,30;12,90;36,80;98,70;113,90;4,90;3,60;50;12,80;11,40;
2026-07-29 12:41:00.0;OFF;ON;85;8;9,30;12,90;36,70;98,70;113,90;4,80;3,60;50;12,70;11,30;
2026-07-29 12:42:00.0;OFF;ON;85;7,90;9,30;12,90;36,70;98,70;113,90;4,90;3,60;50;12,70;11,30;
2026-07-29 12:43:00.0;OFF;ON;85;8,10;9,20;12,80;36,60;98,70;113,90;4,70;3,60;50;12,70;11,30;
2026-07-29 12:44:00.0;OFF;ON;85;7,90;9;12,80;36,50;98,70;113,90;4,90;3,60;50;12,70;11,20;
2026-07-29 12:45:00.0;OFF;ON;85;8;9;12,80;36,40;98,70;113,90;4,70;3,80;50;12,60;11,30;
2026-07-29 12:46:00.0;OFF;ON;85;7,90;9;12,70;36,40;98,70;113,90;4,80;3,80;50;12,60;11,30;
2026-07-29 12:47:00.0;OFF;ON;90;8;8,90;12,70;36,30;98,70;113,90;4,80;3,80;50;12,50;11,30;
2026-07-29 12:48:00.0;OFF;ON;90;8;8,90;12,70;36,30;98,70;113,90;4,70;3,80;50;12,50;11,30;
2026-07-29 12:49:00.0;OFF;ON;90;8;8,90;12,70;36,20;98,70;113,90;4,70;3,80;50;12,50;11,20;
2026-07-29 12:50:00.0;OFF;ON;90;7,90;8,80;12,60;36,10;98,70;113,90;4,80;3,80;50;12,50;11,20;
2026-07-29 12:51:00.0;OFF;ON;90;7,90;8,80;12,60;36,10;98,70;113,90;4,70;3,80;50;12,40;11,20;
2026-07-29 12:52:00.0;OFF;ON;90;7,90;8,80;12,60;36;98,70;113,90;4,70;3,80;50;12,40;11,10;
2026-07-29 12:53:00.0;OFF;ON;90;7,90;8,70;12,50;36;98,70;113,90;4,70;3,80;50;12,30;11,10;
2026-07-29 12:54:00.0;OFF;ON;90;7,90;8,50;12,50;36;98,70;113,90;4,60;3,80;50;12,40;11,10;
2026-07-29 12:55:00.0;OFF;ON;90;7,90;8,50;12,50;35,90;98,70;113,90;4,60;4;50;12,30;11,20;
2026-07-29 12:56:00.0;OFF;ON;90;7,80;8,50;12,50;35,80;98,70;113,90;4,70;4;50;12,30;11,20;
2026-07-29 12:57:00.0;OFF;ON;95;7,80;8,50;12,50;35,80;98,70;113,90;4,70;4;50;12,30;11,20;
2026-07-29 12:58:00.0;OFF;ON;95;7,90;8,50;12,50;35,70;98,70;113,90;4,60;4;50;12,30;11,10;
2026-07-29 12:59:00.0;OFF;ON;95;7,90;8,50;12,50;35,70;98,70;113,90;4,50;4;50;12,20;11,10;
2026-07-29 13:00:00.0;OFF;ON;95;7,80;8,40;12,40;35,60;98,70;113,90;4,70;4;50;12,20;11,10;
2026-07-29 13:01:00.0;OFF;ON;95;7,70;8,40;12,40;35,50;98,70;113,90;4,70;4;50;12,20;11,10;
2026-07-29 13:02:00.0;OFF;ON;95;7,80;8,40;12,40;35,50;98,70;113,90;4,60;4;50;12,10;11;
2026-07-29 13:03:00.0;OFF;ON;95;7,70;8,40;12,30;35,40;98,70;113,90;4,70;4;50;12,10;11;
2026-07-29 13:04:00.0;OFF;ON;95;7,80;8,30;12,30;35,30;98,70;113,90;4,60;4;50;12,10;11;
2026-07-29 13:05:00.0;OFF;ON;95;7,70;8,30;12,30;35,30;98,70;113,90;4,60;4;50;12;11;
2026-07-29 13:06:00.0;OFF;ON;95;7,50;8,20;12,20;35,20;98,70;113,80;4,70;4;50;12;10,90;
2026-07-29 13:07:00.0;OFF;ON;95;7,70;8,20;12,20;35,10;98,70;113,80;4,50;4;50;12;10,90;
2026-07-29 13:08:00.0;OFF;ON;95;7,50;8,20;12,20;35,10;98,70;113,80;4,70;4;50;12;10,80;
2026-07-29 13:09:00.0;OFF;ON;95;7,50;8,20;12,20;35;98,70;113,80;4,70;4;50;11,90;10,80;
2026-07-29 13:10:00.0;OFF;ON;95;7,50;8,10;12,10;35;98,70;113,80;4,60;4;50;11,90;10,80;
2026-07-29 13:11:00.0;OFF;ON;95;7,40;8,10;12,10;34,90;98,70;113,80;4,70;4;50;11,90;10,80;
2026-07-29 13:12:00.0;OFF;ON;95;7,60;8,10;12,10;34,90;98,70;113,80;4,50;4;50;11,80;10,70;
2026-07-29 13:13:00.0;OFF;ON;95;7,40;8,10;12;34,80;98,70;113,80;4,60;4;50;11,80;10,70;
2026-07-29 13:14:00.0;OFF;ON;95;7,40;8;12;34,80;98,70;113,80;4,60;4;50;11,70;10,70;
2026-07-29 13:15:00.0;OFF;ON;95;7,50;7,80;12;34,70;98,70;113,80;4,50;4,20;50;11,70;10,60;
2026-07-29 13:16:00.0;OFF;ON;95;7,40;7,70;11,90;34,70;98,70;113,80;4,60;4,20;50;11,60;10,60;
2026-07-29 13:17:00.0;OFF;ON;95;7,30;7,70;11,90;34,60;98,70;113,80;4,60;4,20;50;11,60;10,60;
2026-07-29 13:18:00.0;OFF;ON;100;7,40;7,70;11,90;34,60;98,70;113,80;4,50;4,20;50;11,60;10,60;
2026-07-29 13:19:00.0;OFF;ON;100;7,40;7,70;11,90;34,50;98,70;113,80;4,50;4,20;50;11,60;10,50;
2026-07-29 13:20:00.0;OFF;ON;100;7,40;7,60;11,80;34,50;98,70;113,80;4,50;4,20;50;11,50;10,50;
2026-07-29 13:21:00.0;OFF;ON;100;7,20;7,60;11,80;34,40;98,70;113,80;4,60;4,20;50;11,50;10,50;
2026-07-29 13:22:00.0;OFF;ON;100;7,20;7,60;11,70;34,30;98,70;113,80;4,50;4,20;50;11,50;10,40;
2026-07-29 13:23:00.0;OFF;ON;100;7,20;7,50;11,70;34,30;98,70;113,80;4,60;4,20;50;11,40;10,40;
2026-07-29 13:24:00.0;OFF;ON;100;7,20;7,50;11,70;34,30;98,70;113,80;4,50;4,20;50;11,40;10,40;
2026-07-29 13:25:00.0;OFF;ON;100;7,20;7,30;11,70;34,20;98,70;113,70;4,50;4,40;50;11,40;10,40;
2026-07-29 13:26:00.0;OFF;ON;100;7,20;7,30;11,60;34,20;98,70;113,70;4,50;4,40;50;11,30;10,30;
2026-07-29 13:27:00.0;OFF;ON;100;7,20;7,20;11,60;34,10;98,70;113,70;4,50;4,40;50;11,30;10,30;
2026-07-29 13:28:00.0;OFF;ON;100;7,10;7,20;11,60;34,10;98,70;113,70;4,50;4,40;50;11,30;10,30;
2026-07-29 13:29:00.0;OFF;ON;100;7,10;7,20;11,60;34;98,70;113,70;4,40;4,40;50;11,30;10,20;
2026-07-29 13:30:00.0;OFF;ON;100;7;7,20;11,50;34;98,70;113,70;4,50;4,40;50;11,20;10,20;
2026-07-29 13:31:00.0;OFF;ON;100;7,10;7,10;11,50;33,90;98,70;113,70;4,40;4,40;50,30;11,10;10,20;
2026-07-29 13:32:00.0;OFF;ON;100;7;7,10;11,50;33,90;98,70;113,70;4,50;4,40;50;11,20;10,20;
2026-07-29 13:33:00.0;OFF;ON;100;7,10;7;11,40;33,80;98,70;113,70;4,40;4,40;50,30;11,10;10,10;
2026-07-29 13:34:00.0;OFF;ON;100;7,10;6,80;11,40;33,80;98,70;113,70;4,30;4,40;51,10;11,10;10,10;
2026-07-29 13:35:00.0;OFF;ON;100;7,10;6,80;11,40;33,70;98,70;113,70;4,30;4,60;51,60;11,10;10;
2026-07-29 13:36:00.0;OFF;ON;100;7;6,80;11,30;33,70;98,70;113,70;4,30;4,60;51,70;11;10;
2026-07-29 13:37:00.0;OFF;ON;100;6,80;6,70;11,30;33,60;98,70;113,70;4,50;4,60;51,30;11;10;
2026-07-29 13:38:00.0;OFF;ON;100;6,80;6,70;11,30;33,60;98,70;113,70;4,50;4,60;51,70;11;10;
2026-07-29 13:39:00.0;OFF;ON;100;6,90;6,70;11,30;33,50;98,70;113,70;4,30;4,60;52,50;10,90;10;
2026-07-29 13:40:00.0;OFF;ON;100;6,80;6,60;11,20;33,50;98,70;113,70;4,40;4,60;52,40;10,90;10;
2026-07-29 13:41:00.0;OFF;ON;100;6,90;6,60;11,20;33,40;98,70;113,70;4,30;4,60;53,30;10,90;9,90;
2026-07-29 13:42:00.0;OFF;ON;100;6,80;6,60;11,20;33,40;98,70;113,70;4,40;4,60;53;10,80;9,90;
2026-07-29 13:43:00.0;OFF;ON;100;6,80;6,50;11,10;33,30;98,70;113,70;4,30;4,60;53,80;10,80;9,90;
2026-07-29 13:44:00.0;OFF;ON;100;6,70;6,30;11,10;33,30;98,70;113,70;4,40;4,60;54,40;10,80;9,80;
2026-07-29 13:45:00.0;OFF;ON;100;6,60;6,30;11,10;33,20;98,70;113,70;4,40;4,80;55,20;10,80;9,80;
2026-07-29 13:46:00.0;OFF;ON;100;6,80;6,30;11;33,20;98,70;113,70;4,30;4,80;56,30;10,70;9,80;
2026-07-29 13:47:00.0;OFF;ON;100;6,80;6,20;11;33,10;98,70;113,70;4,20;4,80;57;10,70;9,80;
2026-07-29 13:48:00.0;OFF;ON;100;6,70;6,20;11;33,10;98,70;113,70;4,20;4,80;57,60;10,60;9,80;
2026-07-29 13:49:00.0;OFF;ON;100;6,60;6,20;11;33;98,70;113,70;4,40;4,80;57,40;10,70;9,70;
2026-07-29 13:50:00.0;OFF;ON;100;6,70;6,20;11;33;98,70;113,70;4,20;4,80;58,40;10,60;9,70;
2026-07-29 13:51:00.0;OFF;ON;100;6,50;6,10;10,90;32,90;98,70;113,70;4,40;4,80;58,60;10,60;9,70;
2026-07-29 13:52:00.0;OFF;ON;100;6,70;6,10;10,90;32,90;98,70;113,70;4,20;4,80;59,90;10,60;9,70;
2026-07-29 13:53:00.0;OFF;ON;100;6,60;6,10;10,90;32,80;98,70;113,70;4,20;4,80;60,70;10,50;9,60;
2026-07-29 13:54:00.0;OFF;ON;100;6,50;6,10;10,80;32,80;98,70;113,70;4,30;4,80;61,60;10,50;9,60;
2026-07-29 13:55:00.0;OFF;ON;100;6,30;5,80;10,80;32,70;98,70;113,70;4,50;5;61,50;10,40;9,60;
2026-07-29 13:56:00.0;OFF;ON;100;6,30;5,80;10,70;32,70;98,70;113,70;4,40;5;62,60;10,40;9,50;
2026-07-29 13:57:00.0;OFF;ON;100;6,20;5,70;10,70;32,60;98,70;113,70;4,50;5;62,50;10,30;9,50;
2026-07-29 13:58:00.0;OFF;ON;100;5,90;5,60;10,60;32,50;98,70;113,70;4,70;5;62,40;10,30;9,40;
2026-07-29 13:59:00.0;OFF;ON;100;5,80;5,60;10,60;32,50;98,70;113,70;4,80;5;62,30;10,20;9,40;
2026-07-29 14:00:00.0;OFF;ON;100;5,90;5,60;10,60;32,50;98,70;113,70;4,60;5;63,40;10,20;9,30;
2026-07-29 14:01:00.0;OFF;ON;100;5,80;5,50;10,50;32,40;98,70;113,60;4,60;5;63,80;10,10;9,20;
2026-07-29 14:02:00.0;OFF;ON;100;5,70;5,50;10,40;32,30;98,70;113,60;4,70;5;63,70;10;9,20;
2026-07-29 14:03:00.0;OFF;ON;100;5,50;5,40;10,40;32,30;98,70;113,60;4,90;5;63,10;10;9,20;
2026-07-29 14:04:00.0;OFF;ON;100;5,40;5,10;10,30;32,20;98,70;113,60;5;5;64,10;10;9,10;
2026-07-29 14:05:00.0;OFF;ON;100;5,30;5,10;10,20;32,20;98,70;113,60;4,90;5,20;64,70;9,90;9,10;
2026-07-29 14:06:00.0;OFF;ON;100;5,30;5;10,20;32,10;98,70;113,60;4,90;5,20;64,80;9,80;9;
2026-07-29 14:07:00.0;OFF;ON;100;5,10;5;10,10;32,10;98,70;113,60;5;5,20;64,60;9,80;8,90;
2026-07-29 14:08:00.0;OFF;ON;100;5;4,90;10,10;32;98,60;113,60;5,10;5,20;64,80;9,80;8,90;
2026-07-29 14:09:00.0;OFF;ON;100;5;4,80;10;32;98,60;113,60;5;5,20;65,50;9,70;8,80;
2026-07-29 14:10:00.0;OFF;ON;100;4,90;4,80;9,90;31,90;98,60;113,60;5;5,20;65,50;9,60;8,70;
2026-07-29 14:11:00.0;OFF;ON;100;4,80;4,70;9,90;31,90;98,60;113,60;5,10;5,20;65,30;9,60;8,60;
2026-07-29 14:12:00.0;OFF;ON;100;4,80;4,70;9,80;31,80;98,60;113,60;5,10;5,20;65,60;9,50;8,60;
2026-07-29 14:13:00.0;OFF;ON;100;4,80;4,60;9,80;31,80;98,60;113,60;5;5,20;66;9,50;8,50;
2026-07-29 14:14:00.0;OFF;ON;100;4,50;4,40;9,70;31,70;98,60;113,60;5,30;5,20;66,20;9,40;8,50;
2026-07-29 14:15:00.0;OFF;ON;100;4,60;4,30;9,70;31,70;98,60;113,60;5,20;5,40;66,60;9,40;8,40;
2026-07-29 14:16:00.0;OFF;ON;100;4,30;4,20;9,60;31,60;98,60;113,60;5,30;5,40;66,10;9,30;8,30;
2026-07-29 14:17:00.0;OFF;ON;100;4,30;4,20;9,60;31,60;98,60;113,60;5,30;5,40;66,40;9,20;8,20;
2026-07-29 14:18:00.0;OFF;ON;100;4,40;4,10;9,50;31,50;98,60;113,60;5,20;5,40;67;9,20;8,20;
2026-07-29 14:19:00.0;OFF;ON;100;4,20;4,10;9,50;31,50;98,50;113,60;5,20;5,40;66,90;9,10;8,10;
2026-07-29 14:20:00.0;OFF;ON;100;4;4;9,40;31,40;98,60;113,60;5,40;5,40;66,70;9,10;8;
2026-07-29 14:21:00.0;OFF;ON;100;4;4;9,40;31,40;98,50;113,60;5,40;5,40;66,70;9;8;
2026-07-29 14:22:00.0;OFF;ON;100;3,90;3,90;9,30;31,30;98,50;113,60;5,40;5,40;66,80;8,90;7,90;
2026-07-29 14:23:00.0;OFF;ON;100;3,90;3,90;9,30;31,30;98,50;113,70;5,30;5,40;66,70;8,90;7,80;
2026-07-29 14:24:00.0;OFF;ON;100;3,90;3,80;9,20;31,20;98,50;113,70;5,30;5,40;67,80;8,80;7,80;
2026-07-29 14:25:00.0;OFF;ON;100;3,80;3,60;9,20;31,20;98,40;113,70;5,40;5,60;67,70;8,80;7,80;
2026-07-29 14:26:00.0;OFF;ON;100;3,60;3,50;9,10;31,10;98,40;113,70;5,50;5,60;67,50;8,80;7,70;
2026-07-29 14:27:00.0;OFF;ON;100;3,70;3,50;9,10;31;98,30;113,70;5,40;5,60;68,30;8,70;7,60;
2026-07-29 14:28:00.0;OFF;ON;100;3,60;3,50;9;31;98,30;113,70;5,40;5,60;68,20;8,70;7,60;
2026-07-29 14:29:00.0;OFF;ON;100;3,40;3,40;9;31;98,30;113,70;5,60;5,60;67,90;8,60;7,50;
2026-07-29 14:30:00.0;OFF;ON;100;3,40;3,30;8,90;30,90;98,30;113,70;5,50;5,60;68,20;8,60;7,40;
2026-07-29 14:31:00.0;OFF;ON;100;3,40;3,30;8,90;30,80;98,20;113,70;5,40;5,60;68,50;8,50;7,40;
2026-07-29 14:32:00.0;OFF;ON;100;3,40;3,20;8,80;30,80;98,10;113,70;5,40;5,60;68,70;8,40;7,30;
2026-07-29 14:33:00.0;OFF;ON;100;3,20;3,20;8,80;30,70;98,10;113,70;5,60;5,60;68,40;8,40;7,30;
2026-07-29 14:34:00.0;OFF;ON;100;3;2,90;8,70;30,70;98,10;113,70;5,70;5,60;68,60;8,40;7,20;
2026-07-29 14:35:00.0;OFF;ON;100;2,90;2,90;8,70;30,60;98,10;113,70;5,70;5,80;68,70;8,30;7,10;
2026-07-29 14:36:00.0;OFF;ON;100;2,90;2,80;8,60;30,60;98,10;113,70;5,70;5,80;68,90;8,20;7;
2026-07-29 14:37:00.0;OFF;ON;100;2,80;2,80;8,50;30,50;98;113,70;5,70;5,80;69,10;8,10;6,90;
2026-07-29 14:38:00.0;OFF;ON;100;2,80;2,70;8,50;30,50;98;113,70;5,70;5,80;69,20;8,10;6,90;
2026-07-29 14:39:00.0;OFF;ON;100;2,80;2,60;8,40;30,40;97,90;113,70;5,60;5,80;69,70;8;6,80;
2026-07-29 14:40:00.0;OFF;ON;100;2,80;2,60;8,40;30,40;98;113,70;5,60;5,80;70;8;6,80;
2026-07-29 14:41:00.0;OFF;ON;100;2,60;2,50;8,30;30,30;97,90;113,70;5,80;5,80;69,50;7,90;6,70;
2026-07-29 14:42:00.0;OFF;ON;100;2,50;2,50;8,30;30,30;97,90;113,70;5,80;5,80;69,70;7,90;6,60;
2026-07-29 14:43:00.0;OFF;ON;100;2,60;2,40;8,20;30,20;97,90;113,60;5,60;5,80;70;7,80;6,60;
2026-07-29 14:44:00.0;OFF;ON;100;2,30;2,20;8,20;30,20;97,90;113,60;5,80;5,80;70,20;7,70;6,50;
2026-07-29 14:45:00.0;OFF;ON;100;2,20;2,10;8,10;30,10;97,90;113,60;5,90;6;70,20;7,70;6,40;
2026-07-29 14:46:00.0;OFF;ON;100;2,30;2,10;8;30;97,80;113,70;5,80;6;71;7,60;6,30;
2026-07-29 14:47:00.0;OFF;ON;100;2,10;2;8;30;97,70;113,60;5,90;6;70,60;7,50;6,30;
2026-07-29 14:48:00.0;OFF;ON;100;2,10;2;7,90;30;97,90;113,60;5,90;6;71;7,50;6,20;
2026-07-29 14:49:00.0;OFF;ON;100;2,10;1,90;7,90;29,90;97,90;113,60;5,80;6;71,30;7,50;6,20;
2026-07-29 14:50:00.0;OFF;ON;100;2,10;1,90;7,80;29,90;97,90;113,70;5,80;6;71,60;7,40;6,10;
2026-07-29 14:51:00.0;OFF;ON;100;1,90;1,80;7,80;29,80;97,80;113,70;5,90;6;71,10;7,40;6;
2026-07-29 14:52:00.0;OFF;ON;100;1,90;1,80;7,80;29,80;97,90;113,70;5,80;6;71,70;7,30;6;
2026-07-29 14:53:00.0;OFF;ON;100;1,80;1,70;7,70;29,70;97,80;113,70;5,90;6;71,40;7,30;6;
2026-07-29 14:54:00.0;OFF;ON;100;1,80;1,70;7,60;29,70;97,80;113,70;5,80;6;72;7,20;5,90;
2026-07-29 14:55:00.0;OFF;ON;100;1,70;1,60;7,60;29,60;97,70;113,70;5,90;6;72;7,10;5,80;
2026-07-29 14:56:00.0;OFF;ON;100;1,60;1,60;7,50;29,60;97,60;113,70;5,90;6;71,70;7,10;5,80;
2026-07-29 14:57:00.0;OFF;ON;100;1,70;1,50;7,50;29,50;97,60;113,70;5,80;6;72,40;7;5,70;
2026-07-29 14:58:00.0;OFF;ON;100;1,50;1,40;7,40;29,50;97,60;113,70;5,90;6;72;7;5,60;
2026-07-29 14:59:00.0;OFF;ON;100;1,40;1,40;7,40;29,50;97,60;113,70;6;6;72,10;6,90;5,60;
2026-07-29 15:00:00.0;OFF;ON;100;1,30;1,30;7,30;29,40;97,50;113,70;6;6;72,10;6,90;5,50;
2026-07-29 15:01:00.0;OFF;ON;100;1,40;1,30;7,30;29,40;97,60;113,70;6;6;72,50;6,80;5,50;
2026-07-29 15:02:00.0;OFF;ON;100;1,20;1,20;7,20;29,30;97,60;113,70;6;6;72,20;6,80;5,40;
2026-07-29 15:03:00.0;OFF;ON;100;1,30;1,20;7,20;29,30;97,60;113,70;5,90;6;72,60;6,70;5,30;
2026-07-29 15:04:00.0;OFF;ON;100;1,30;1,10;7,10;29,20;97,60;113,70;5,80;6;72,80;6,70;5,30;
2026-07-29 15:05:00.0;OFF;ON;100;1,10;1,10;7,10;29,20;97,60;113,70;6;6;72,40;6,60;5,20;
2026-07-29 15:06:00.0;OFF;ON;100;1;1;7;29,20;97,60;113,70;6;6;72,60;6,50;5,20;
2026-07-29 15:07:00.0;OFF;ON;100;1;1;7;29,10;97,70;113,70;6;6;72,70;6,50;5,10;
2026-07-29 15:08:00.0;OFF;ON;100;0,90;0,90;6,90;29,10;97,60;113,70;6;6;72,20;6,40;5;
2026-07-29 15:09:00.0;OFF;ON;100;0,80;0,90;6,90;29;97,60;113,60;6;6;72,80;6,40;5;
2026-07-29 15:10:00.0;OFF;ON;100;0,80;0,80;6,80;29;97,50;113,60;6;6;72,80;6,30;4,90;
2026-07-29 15:11:00.0;OFF;ON;100;0,80;0,80;6,80;28,90;97,50;113,60;6;6;72,90;6,30;4,90;
2026-07-29 15:12:00.0;OFF;ON;100;0,70;0,80;6,70;28,90;97,50;113,60;6;6;72,90;6,30;4,90;
2026-07-29 15:13:00.0;OFF;ON;100;0,70;0,70;6,70;28,80;97,50;113,60;6;6;73;6,20;4,80;
2026-07-29 15:14:00.0;OFF;ON;100;0,60;0,70;6,60;28,80;97,50;113,60;6;6;73;6,10;4,80;
2026-07-29 15:15:00.0;OFF;ON;100;0,60;0,60;6,60;28,70;97,50;113,60;6;6;73,20;6,10;4,70;
2026-07-29 15:16:00.0;OFF;ON;100;0,60;0,60;6,50;28,70;97,50;113,60;5,90;6;73,20;6;4,70;
2026-07-29 15:17:00.0;OFF;ON;100;0,60;0,50;6,50;28,70;97,50;113,60;5,90;6;73,30;6;4,70;
2026-07-29 15:18:00.0;OFF;ON;100;0,40;0,50;6,40;28,60;97,50;113,60;6;6;73,30;5,90;4,60;
2026-07-29 15:19:00.0;OFF;ON;100;0,50;0,40;6,40;28,60;97,50;113,60;5,90;6;73,50;5,90;4,60;
2026-07-29 15:20:00.0;OFF;ON;100;0,40;0,40;6,30;28,50;97,50;113,60;6;6;73,40;5,90;4,50;
2026-07-29 15:21:00.0;OFF;ON;100;0,40;0,30;6,30;28,50;97,40;113,60;5,90;6;73,70;5,80;4,50;
2026-07-29 15:22:00.0;OFF;ON;100;0,20;0,30;6,20;28,40;97,40;113,60;6;6;73,60;5,70;4,50;
2026-07-29 15:23:00.0;OFF;ON;100;0,30;0,20;6,20;28,40;97,40;113,60;6;6;73,70;5,70;4,40;
2026-07-29 15:24:00.0;OFF;ON;100;0,20;0,20;6,10;28,30;97,50;113,60;6;6;73,80;5,60;4,30;
2026-07-29 15:25:00.0;OFF;ON;100;0,10;0,10;6,10;28,30;97,50;113,60;6;6;73,90;5,60;4,30;
2026-07-29 15:26:00.0;OFF;ON;100;0,20;0,10;6,10;28,30;97,40;113,60;5,80;6;74,30;5,60;4,30;
2026-07-29 15:27:00.0;OFF;ON;100;0,10;0;6;28,20;97,40;113,60;5,90;6;74,40;5,50;4,20;
2026-07-29 15:28:00.0;OFF;ON;100;0,20;0;6;28,20;97,40;113,60;5,80;6;74,80;5,50;4,20;
2026-07-29 15:29:00.0;OFF;ON;100;0;-0,10;5,90;28,10;97,40;113,60;5,90;6;74,50;5,40;4,10;
2026-07-29 15:30:00.0;OFF;ON;100;-0,10;-0,10;5,80;28,10;97,40;113,60;5,90;6;75;5,30;4,10;
2026-07-29 15:31:00.0;OFF;ON;100;0;-0,20;5,80;28;97,30;113,60;5,90;6;75;5,30;4;
2026-07-29 15:32:00.0;OFF;ON;100;-0,10;-0,20;5,80;28;97,30;113,60;5,80;6;75,30;5,20;4;
2026-07-29 15:33:00.0;OFF;ON;100;-0,10;-0,30;5,70;27,90;97,20;113,60;5,80;6;75,50;5,20;3,90;
2026-07-29 15:34:00.0;OFF;ON;100;-0,10;-0,30;5,70;27,90;97,30;113,60;5,80;6;75,80;5,20;3,90;
2026-07-29 15:35:00.0;OFF;ON;100;-0,20;-0,40;5,60;27,90;97,20;113,60;5,80;6;75,90;5,10;3,80;
2026-07-29 15:36:00.0;OFF;ON;100;-0,30;-0,40;5,60;27,80;97,20;113,60;5,80;6;76,10;5;3,80;
2026-07-29 15:37:00.0;OFF;ON;100;-0,30;-0,50;5,50;27,80;97,20;113,60;5,80;6;76,30;5;3,80;
2026-07-29 15:38:00.0;OFF;ON;100;-0,40;-0,50;5,50;27,70;97,20;113,60;5,90;6;76,10;5;3,70;
2026-07-29 15:39:00.0;OFF;ON;100;-0,50;-0,60;5,40;27,70;97,10;113,60;5,90;6;76,20;4,90;3,60;
2026-07-29 15:40:00.0;OFF;ON;100;-0,40;-0,60;5,40;27,60;97,10;113,60;5,80;6;77;4,90;3,60;
2026-07-29 15:41:00.0;OFF;ON;100;-0,50;-0,70;5,30;27,60;97,10;113,60;5,80;6;77,10;4,80;3,60;
2026-07-29 15:42:00.0;OFF;ON;100;-0,60;-0,70;5,30;27,50;97,20;113,50;5,90;6;77;4,80;3,50;
2026-07-29 15:43:00.0;OFF;ON;100;-0,60;-0,80;5,20;27,50;97,10;113,50;5,80;6;77,50;4,70;3,50;
2026-07-29 15:44:00.0;OFF;ON;100;-0,70;-0,80;5,20;27,40;97,10;113,50;5,90;6;77,20;4,70;3,40;
2026-07-29 15:45:00.0;OFF;ON;100;-0,80;-0,90;5,10;27,40;97,10;113,50;5,90;6;77,50;4,70;3,40;
2026-07-29 15:46:00.0;OFF;ON;100;-0,80;-0,90;5,10;27,30;97;113,50;5,90;6;77,80;4,60;3,30;
2026-07-29 15:47:00.0;OFF;ON;100;-0,70;-1;5;27,30;97,10;113,50;5,70;6;78,60;4,60;3,30;
2026-07-29 15:48:00.0;OFF;ON;100;-0,80;-1;5;27,20;97,10;113,50;5,70;6;78,80;4,50;3,20;
2026-07-29 15:49:00.0;OFF;ON;100;-0,90;-1,10;4,90;27,20;97;113,50;5,80;6;78,70;4,50;3,20;
2026-07-29 15:50:00.0;OFF;ON;100;-0,90;-1,10;4,90;27,20;97,10;113,50;5,80;6;79,10;4,40;3,10;
2026-07-29 15:51:00.0;OFF;ON;100;-0,90;-1,20;4,80;27,10;97;113,50;5,80;6;79,40;4,40;3;
2026-07-29 15:52:00.0;OFF;ON;100;-1,10;-1,20;4,80;27,10;97;113,50;5,90;6;79,20;4,30;3;
2026-07-29 15:53:00.0;OFF;ON;100;-1;-1,30;4,70;27;97;113,50;5,70;6;79,90;4,30;2,90;
2026-07-29 15:54:00.0;OFF;ON;100;-2,20;-1,30;4,70;27;97,20;113,50;6,90;6;74,90;4,30;3,10;
2026-07-29 15:55:00.0;OFF;ON;100;-2,40;-1,20;4,70;26,90;97,30;113,50;7,20;6;72,70;4,30;2,90;
2026-07-29 15:56:00.0;OFF;ON;100;-2,40;-1,30;4,60;26,90;97;113,50;7;6;72;4,20;2,80;
2026-07-29 15:57:00.0;OFF;ON;100;-2,40;-1,40;4,60;26,80;96,90;113,50;7;6;70,80;4,10;2,70;
2026-07-29 15:58:00.0;OFF;ON;100;-2,70;-1,50;4,50;26,80;96,90;113,50;7,20;6;68,70;4,10;2,70;
2026-07-29 15:59:00.0;OFF;ON;100;-3;-1,50;4,50;26,70;97;113,50;7,50;6;66;4,10;2,70;
2026-07-29 16:00:00.0;OFF;ON;100;-2,30;-1,40;4,50;26,70;97,10;113,40;6,90;6;66,40;4,10;2,70;
2026-07-29 16:01:00.0;OFF;ON;100;-0,90;-1,60;4,40;26,60;96,90;113,50;5,30;6;72,80;4;2,60;
2026-07-29 16:02:00.0;OFF;ON;100;-1,20;-1,50;4,50;26,60;97;113,40;5,70;6;71,90;4,10;2,80;
2026-07-29 16:03:00.0;OFF;ON;100;-1,10;-1,50;4,50;26,50;97,20;113,40;5,60;6;72,90;4,10;2,90;
2026-07-29 16:04:00.0;OFF;ON;100;-1;-1,50;4,50;26,50;97,40;113,40;5,60;6;73,50;4,10;2,90;
2026-07-29 16:05:00.0;OFF;ON;100;-1,10;-1,50;4,50;26,40;97,50;113,40;5,60;6;74,10;4,10;2,90;
2026-07-29 16:06:00.0;OFF;ON;100;-0,90;-1,50;4,50;26,40;97,50;113,40;5,50;6;74,90;4,10;2,90;
2026-07-29 16:07:00.0;OFF;ON;100;-1;-1,50;4,50;26,40;97,40;113,40;5,50;6;75,60;4,10;2,90;
2026-07-29 16:08:00.0;OFF;ON;100;-1;-1,50;4,50;26,30;97,40;113,40;5,50;6;76,10;4;2,80;
2026-07-29 16:09:00.0;OFF;ON;100;-1,20;-1,60;4,40;26,30;97,30;113,40;5,60;6;75,90;4;2,80;
2026-07-29 16:10:00.0;OFF;ON;100;-1,10;-1,60;4,40;26,20;97,30;113,40;5,50;6;76,90;4;2,70;
2026-07-29 16:11:00.0;OFF;ON;100;-1,20;-1,60;4,30;26,20;97,20;113,40;5,60;6;77,40;3,90;2,70;
2026-07-29 16:12:00.0;OFF;ON;100;-1,20;-1,70;4,30;26,10;97,20;113,40;5,50;6;77,70;3,90;2,60;
2026-07-29 16:13:00.0;OFF;ON;100;-1,40;-1,70;4,30;26,10;97;113,40;5,70;6;77,50;3,90;2,60;
2026-07-29 16:14:00.0;OFF;ON;100;-1,30;-1,70;4,30;26;97,10;113,40;5,60;6;78,40;4;2,50;
2026-07-29 16:15:00.0;OFF;ON;100;-1,30;-1,70;4,30;26;97;113,40;5,60;6;78,80;4;2,50;
2026-07-29 16:16:00.0;OFF;ON;100;-1,50;-1,70;4,20;25,90;97;113,40;5,70;6;78,70;3,90;2,40;
2026-07-29 16:17:00.0;OFF;ON;100;-1,60;-1,80;4,20;25,90;97;113,40;5,80;6;78,90;3,90;2,40;
2026-07-29 16:18:00.0;OFF;ON;100;-1,50;-1,80;4,10;25,80;97;113,40;5,60;6;79,90;3,80;2,30;
2026-07-29 16:19:00.0;OFF;ON;100;-2,60;-1,90;4,10;25,80;97,10;113,40;6,80;6;75,10;3,80;2,40;
2026-07-29 16:20:00.0;OFF;ON;100;-2,80;-1,90;4,10;25,70;97,10;113,40;6,90;6;73,30;3,80;2,20;
2026-07-29 16:21:00.0;OFF;ON;100;-2,70;-1,90;4;25,70;97;113,40;6,80;6;73,10;3,70;2,10;
2026-07-29 16:22:00.0;OFF;ON;100;-2,90;-2;4;25,60;96,90;113,40;6,80;6;72;3,70;2,10;
2026-07-29 16:23:00.0;OFF;ON;100;-3;-2,10;3,90;25,60;96,80;113,40;6,90;6;70,60;3,60;2;
2026-07-29 16:24:00.0;OFF;ON;100;-3,20;-2,10;3,90;25,50;96,90;113,40;7;6;69;3,60;2;
2026-07-29 16:25:00.0;OFF;ON;100;-3,40;-2,10;3,90;25,50;97;113,40;7,30;6;66,40;3,60;2;
2026-07-29 16:26:00.0;OFF;ON;100;-3,70;-2,10;3,90;25,40;97;113,40;7,60;6;63,30;3,60;2,10;
2026-07-29 16:27:00.0;OFF;ON;100;-1,80;-2,10;3,80;25,40;97;113,40;5,60;6;70,90;3,50;1,90;
2026-07-29 16:28:00.0;OFF;ON;100;-1,70;-2,20;3,90;25,30;97;113,40;5,60;6;71,80;3,60;2,20;
2026-07-29 16:29:00.0;OFF;ON;100;-1,50;-2,10;3,90;25,30;97,20;113,40;5,40;6;73,50;3,60;2,20;
2026-07-29 16:30:00.0;OFF;ON;100;-1,50;-2,10;3,90;25,20;97,20;113,40;5,40;6;73,80;3,60;2,20;
2026-07-29 16:31:00.0;OFF;ON;100;-1,40;-2,10;3,90;25,20;97,30;113,40;5,30;6;75,50;3,60;2,20;
2026-07-29 16:32:00.0;OFF;ON;100;-1,40;-2,10;3,90;25,10;97,40;113,40;5,30;6;76;3,60;2,20;
2026-07-29 16:33:00.0;OFF;ON;100;-1,60;-2,10;3,90;25,10;97,40;113,40;5,50;6;76;3,60;2,20;
2026-07-29 16:34:00.0;OFF;ON;100;-1,60;-2,10;3,80;25;97,30;113,40;5,50;6;76,60;3,60;2,20;
2026-07-29 16:35:00.0;OFF;ON;100;-1,60;-2,20;3,80;25;97,30;113,40;5,40;6;77,80;3,50;2,10;
2026-07-29 16:36:00.0;OFF;ON;100;-1,60;-2,20;3,80;25;97,20;113,40;5,40;6;78,20;3,50;2,10;
2026-07-29 16:37:00.0;OFF;ON;100;-1,60;-2,30;3,70;24,90;97,20;113,40;5,40;6;79,10;3,40;2;
2026-07-29 16:38:00.0;OFF;ON;100;-1,70;-2,30;3,70;24,90;97;113,40;5,40;6;79,70;3,40;2;
2026-07-29 16:39:00.0;OFF;ON;100;-2,30;-2,30;3,70;24,80;97;113,40;5,90;6;78,10;3,40;2;
2026-07-29 16:40:00.0;OFF;ON;100;-2,90;-2,30;3,70;24,80;97,20;113,40;6,70;6;74,70;3,40;2;
2026-07-29 16:41:00.0;OFF;ON;100;-2,90;-2,30;3,60;24,70;97;113,40;6,50;6;74,60;3,30;1,80;
2026-07-29 16:42:00.0;OFF;ON;100;-2,90;-2,40;3,60;24,70;96,90;113,30;6,50;6;74;3,30;1,70;
2026-07-29 16:43:00.0;OFF;ON;100;-3,10;-2,50;3,50;24,70;96,90;113,30;6,60;6;72,70;3,20;1,70;
2026-07-29 16:44:00.0;OFF;ON;100;-3,10;-2,50;3,50;24,60;96,90;113,30;6,60;6;72,20;3,20;1,60;
2026-07-29 16:45:00.0;OFF;ON;100;-3,20;-2,60;3,40;24,60;96,80;113,30;6,60;6;71,70;3,10;1,60;
2026-07-29 16:46:00.0;OFF;ON;100;-3,20;-2,60;3,40;24,50;96,90;113,30;6,60;6;70,90;3,10;1,50;
2026-07-29 16:47:00.0;OFF;ON;100;-3,20;-2,60;3,40;24,50;96,80;113,30;6,60;6;70,30;3;1,50;
2026-07-29 16:48:00.0;OFF;ON;100;-3,40;-2,70;3,30;24,50;96,80;113,30;6,70;6;68,90;3;1,50;
2026-07-29 16:49:00.0;OFF;ON;100;-3,60;-2,70;3,30;24,40;97;113,30;6,90;6;67,10;3;1,50;
2026-07-29 16:50:00.0;OFF;ON;100;-3,80;-2,70;3,40;24,40;97;113,30;7,10;6;65,20;3,10;1,60;
2026-07-29 16:51:00.0;OFF;ON;100;-2,90;-2,60;3,40;24,30;97,10;113,30;6,20;6;67,60;3,10;1,50;
2026-07-29 16:52:00.0;OFF;ON;100;-1,70;-2,70;3,30;24,30;97;113,30;5;6;73,70;3;1,60;
2026-07-29 16:53:00.0;OFF;ON;100;-1,80;-2,70;3,30;24,30;97,10;113,30;5,10;6;74,10;3;1,70;
2026-07-29 16:54:00.0;OFF;ON;100;-1,90;-2,70;3,40;24,20;97,30;113,30;5,20;6;74,60;3,10;1,70;
2026-07-29 16:55:00.0;OFF;ON;100;-1,80;-2,60;3,40;24,20;97,30;113,30;5,20;6;76;3,10;1,80;
2026-07-29 16:56:00.0;OFF;ON;100;-1,70;-2,60;3,40;24,10;97,40;113,30;5,10;6;77,20;3,10;1,70;
2026-07-29 16:57:00.0;OFF;ON;100;-1,90;-2,60;3,40;24,10;97,40;113,30;5,20;6;77,60;3,10;1,70;
2026-07-29 16:58:00.0;OFF;ON;100;-1,90;-2,70;3,30;24;97,30;113,30;5,30;6;78,60;3,10;1,70;
2026-07-29 16:59:00.0;OFF;ON;100;-1,90;-2,60;3,40;24;97,30;113,30;5,30;6;79,30;3,20;1,80;
2026-07-29 17:00:00.0;OFF;ON;100;-2,60;-2,60;3,40;24;97,30;113,30;6;6;77,40;3,20;1,90;
2026-07-29 17:01:00.0;OFF;ON;100;-3;-2,60;3,40;23,90;97,40;113,30;6,40;6;75,40;3,20;1,80;
2026-07-29 17:02:00.0;OFF;ON;100;-2,90;-2,60;3,30;23,90;97,30;113,30;6,20;6;75,80;3,10;1,60;
2026-07-29 17:03:00.0;OFF;ON;100;-3;-2,70;3,30;23,80;97,20;113,30;6,20;6;75,50;3;1,60;
2026-07-29 17:04:00.0;OFF;ON;100;-3;-2,80;3,20;23,80;97,10;113,30;6,30;6;75,10;3;1,50;
2026-07-29 17:05:00.0;OFF;ON;100;-3,10;-2,80;3,20;23,80;97;113,30;6,20;6;75;2,90;1,40;
2026-07-29 17:06:00.0;OFF;ON;100;-3,10;-2,90;3,10;23,70;97;113,30;6,20;6;75;2,80;1,40;
2026-07-29 17:07:00.0;OFF;ON;100;-3,20;-2,90;3,10;23,70;96,90;113,30;6,30;6;74,30;2,80;1,30;
2026-07-29 17:08:00.0;OFF;ON;100;-3,20;-2,90;3;23,60;96,90;113,30;6,30;6;74,10;2,70;1,30;
2026-07-29 17:09:00.0;OFF;ON;100;-3,20;-3;3;23,60;96,80;113,30;6,20;6;74,10;2,70;1,20;
2026-07-29 17:10:00.0;OFF;ON;100;-3,20;-3;3;23,50;96,90;113,30;6,20;6;74;2,70;1,20;
2026-07-29 17:11:00.0;OFF;ON;100;-3,30;-3,10;2,90;23,50;96,80;113,30;6,20;6;73,50;2,60;1,20;
2026-07-29 17:12:00.0;OFF;ON;100;-3,30;-3,10;2,90;23,50;96,90;113,30;6,20;6;73,30;2,60;1,10;
2026-07-29 17:13:00.0;OFF;ON;100;-3,30;-3,10;2,90;23,40;96,80;113,30;6,10;6;73,40;2,60;1,10;
2026-07-29 17:14:00.0;OFF;ON;100;-3,30;-3,10;2,90;23,40;96,90;113,40;6,20;6;72,80;2,70;1,20;
2026-07-29 17:15:00.0;OFF;ON;100;-3,30;-3,10;2,90;23,30;96,90;113,40;6,20;6;72,80;2,70;1,20;
2026-07-29 17:16:00.0;OFF;ON;100;-3,30;-3,10;2,90;23,30;97;113,40;6,20;6;72,70;2,70;1,20;
2026-07-29 17:17:00.0;OFF;ON;100;-3,20;-3,10;2,90;23,30;97;113,30;6,10;6;72,90;2,70;1,20;
2026-07-29 17:18:00.0;OFF;ON;100;-3,10;-3,10;2,90;23,20;97;113,30;6;6;72,90;2,70;1,20;
2026-07-29 17:19:00.0;OFF;ON;100;-3,20;-3,10;2,80;23,20;97;113,30;6;6;72,80;2,60;1,10;
2026-07-29 17:20:00.0;OFF;ON;100;-3,30;-3,20;2,80;23,10;97;113,30;6,10;6;72,50;2,50;1,10;
2026-07-29 17:21:00.0;OFF;ON;100;-3,30;-3,20;2,80;23,10;97;113,30;6,10;6;72,60;2,50;1;
2026-07-29 17:22:00.0;OFF;ON;100;-3,40;-3,30;2,70;23;97;113,30;6,10;6;72,30;2,40;1;
2026-07-29 17:23:00.0;OFF;ON;100;-3,30;-3,30;2,70;23;96,90;113,30;6;6;72,40;2,40;1;
2026-07-29 17:24:00.0;OFF;ON;100;-3,40;-3,30;2,70;22,90;96,90;113,30;6,10;6;72,30;2,40;1;
2026-07-29 17:25:00.0;OFF;ON;100;-3,40;-3,30;2,70;22,90;96,90;113,30;6;6;72,40;2,40;0,90;
2026-07-29 17:26:00.0;OFF;ON;100;-3,40;-3,40;2,60;22,90;96,80;113,30;6,10;6;72,40;2,30;0,90;
2026-07-29 17:27:00.0;OFF;ON;100;-3,40;-3,40;2,60;22,80;96,80;113,30;6;6;72,20;2,30;0,90;
2026-07-29 17:28:00.0;OFF;ON;100;-3,40;-3,40;2,60;22,80;96,80;113,30;6;6;72,30;2,30;0,90;
2026-07-29 17:29:00.0;OFF;ON;100;-3,50;-3,40;2,50;22,70;96,90;113,30;6;6;72,80;2,30;0,90;
2026-07-29 17:30:00.0;OFF;ON;100;-3,50;-3,50;2,50;22,70;96,90;113,30;6;6;72,70;2,20;0,80;
2026-07-29 17:31:00.0;OFF;ON;100;-3,50;-3,50;2,50;22,60;96,90;113,30;6;6;72,80;2,20;0,80;
2026-07-29 17:32:00.0;OFF;ON;100;-3,50;-3,50;2,50;22,60;96,90;113,30;6;6;72,80;2,20;0,80;
2026-07-29 17:33:00.0;OFF;ON;100;-3,40;-3,50;2,50;22,60;96,90;113,30;5,90;6;73,10;2,20;0,80;
2026-07-29 17:34:00.0;OFF;ON;100;-3,40;-3,50;2,50;22,50;96,90;113,30;5,80;6;73,40;2,20;0,80;
2026-07-29 17:35:00.0;OFF;ON;100;-3,40;-3,60;2,50;22,50;97;113,30;5,80;6;73,50;2,10;0,80;
2026-07-29 17:36:00.0;OFF;ON;100;-3,30;-3,50;2,50;22,40;97;113,30;5,70;6;74,20;2,10;0,80;
2026-07-29 17:37:00.0;OFF;ON;100;-3,20;-3,60;2,40;22,40;97;113,30;5,60;6;75;2,10;0,80;
2026-07-29 17:38:00.0;OFF;ON;100;-3,20;-3,60;2,40;22,30;97;113,30;5,70;6;75,30;2,10;0,80;
2026-07-29 17:39:00.0;OFF;ON;100;-3,30;-3,60;2,40;22,30;97,10;113,30;5,70;6;75,30;2,10;0,80;
2026-07-29 17:40:00.0;OFF;ON;100;-3,20;-3,60;2,40;22,30;97,10;113,30;5,60;6;76;2,10;0,80;
2026-07-29 17:41:00.0;OFF;ON;100;-3,30;-3,60;2,40;22,20;97,10;113,30;5,70;6;76,20;2,10;0,80;
2026-07-29 17:42:00.0;OFF;ON;100;-3,30;-3,60;2,40;22,20;97,10;113,30;5,70;6;76,60;2,10;0,80;
2026-07-29 17:43:00.0;OFF;ON;100;-3,30;-3,60;2,40;22,10;97;113,30;5,70;6;77;2,10;0,80;
2026-07-29 17:44:00.0;OFF;ON;100;-3,30;-3,60;2,40;22,10;97,10;113,30;5,60;6;77,80;2,10;0,80;
2026-07-29 17:45:00.0;OFF;ON;100;-3,20;-3,60;2,40;22;97;113,30;5,60;6;78,40;2;0,80;
2026-07-29 17:46:00.0;OFF;ON;100;-3,20;-3,60;2,30;22;97,10;113,30;5,60;6;78,80;2;0,70;
2026-07-29 17:47:00.0;OFF;ON;100;-3,30;-3,70;2,30;21,90;97;113,30;5,60;6;78,90;2;0,70;
2026-07-29 17:48:00.0;OFF;ON;100;-3,30;-3,70;2,30;21,90;97;113,30;5,60;6;79,70;2;0,70;
2026-07-29 17:49:00.0;OFF;ON;100;-3,30;-3,70;2,30;21,80;97;113,30;5,60;6;80,20;2;0,70;
2026-07-29 17:50:00.0;OFF;ON;100;-3,30;-3,70;2,30;21,80;97;113,30;5,60;6;80,80;2;0,70;
2026-07-29 17:51:00.0;OFF;ON;100;-3,20;-3,70;2,20;21,80;97;113,30;5,50;6;81,80;1,90;0,70;
2026-07-29 17:52:00.0;OFF;ON;100;-3,20;-3,80;2,20;21,70;97;113,30;5,40;6;82,80;1,90;0,60;
2026-07-29 17:53:00.0;OFF;ON;100;-3,10;-3,80;2,20;21,70;97;113,30;5,30;6;84,10;1,90;0,60;
2026-07-29 17:54:00.0;OFF;ON;100;-3,20;-3,80;2,20;21,60;96,90;113,30;5,30;6;84,70;1,90;0,60;
2026-07-29 17:55:00.0;OFF;ON;100;-3,10;-3,90;2,10;21,60;96,90;113,30;5,30;6;85,70;1,80;0,50;
2026-07-29 17:56:00.0;OFF;ON;100;-3,10;-3,90;2,10;21,50;96,80;113,30;5,20;6;86,90;1,80;0,50;
2026-07-29 17:57:00.0;OFF;ON;100;-3;-3,90;2,10;21,50;96,80;113,30;5,10;6;88,10;1,80;0,50;
2026-07-29 17:58:00.0;OFF;ON;100;-3,10;-3,90;2;21,50;96,80;113,30;5,20;6;88,80;1,80;0,40;
2026-07-29 17:59:00.0;OFF;ON;100;-3;-4;2;21,40;96,80;113,30;5;6;90,90;1,70;0,40;
2026-07-29 18:00:00.0;OFF;ON;100;-3,10;-4;2;21,40;96,80;113,30;5,10;6;91,60;1,70;0,40;
2026-07-29 18:01:00.0;OFF;ON;100;-3;-4;1,90;21,30;96,80;113,30;4,90;6;93,20;1,70;0,30;
2026-07-29 18:02:00.0;OFF;ON;100;-3;-4;1,90;21,30;96,70;113,30;4,90;6;94,10;1,60;0,30;
2026-07-29 18:03:00.0;OFF;ON;100;-3,10;-4;1,90;21,20;96,80;113,30;5;6;94,90;1,60;0,30;
2026-07-29 18:04:00.0;OFF;ON;100;-3,10;-4;1,90;21,20;96,80;113,30;5;6;96,20;1,60;0,20;
2026-07-29 18:05:00.0;OFF;ON;100;-3,10;-4;1,90;21,10;96,70;113,30;5;6;97,30;1,50;0,20;
2026-07-29 18:06:00.0;OFF;ON;100;-3,10;-4;1,80;21,10;96,70;113,30;4,90;6;98,80;1,50;0,20;
2026-07-29 18:07:00.0;OFF;ON;100;-3,10;-4;1,80;21;96,70;113,30;4,90;6;99,40;1,50;0,10;
2026-07-29 18:08:00.0;OFF;ON;100;-3,10;-4;1,80;21;96,70;113,30;4,80;6;100;1,40;0,10;
2026-07-29 18:09:00.0;OFF;ON;100;-3,10;-4;1,70;21;96,70;113,30;4,80;6;100;1,50;0,10;
2026-07-29 18:10:00.0;OFF;ON;100;-3,10;-4;1,70;20,90;96,80;113,30;4,80;6;100;1,40;0,10;
2026-07-29 18:11:00.0;OFF;ON;100;-3,10;-4;1,70;20,90;96,80;113,30;4,80;6;100;1,40;0,10;
2026-07-29 18:12:00.0;OFF;ON;100;-3,20;-4;1,70;20,80;96,80;113,20;4,90;6;99,60;1,40;0;
2026-07-29 18:13:00.0;OFF;ON;100;-3,10;-4;1,70;20,80;96,80;113,20;4,80;6;99,90;1,40;0;
2026-07-29 18:14:00.0;OFF;ON;100;-3,10;-4;1,60;20,70;96,80;113,20;4,80;6;100;1,40;0;
2026-07-29 18:15:00.0;OFF;ON;100;-3,20;-4;1,60;20,70;96,80;113,20;4,90;6;99,60;1,40;0;
2026-07-29 18:16:00.0;OFF;ON;100;-3,20;-4;1,60;20,60;96,80;113,20;4,80;6;100;1,30;-0,10;
2026-07-29 18:17:00.0;OFF;ON;100;-3,30;-4;1,60;20,60;96,80;113,20;4,90;6;99,60;1,30;-0,10;
2026-07-29 18:18:00.0;OFF;ON;100;-3,30;-4;1,60;20,50;96,80;113,20;4,90;6;99,60;1,30;-0,10;
2026-07-29 18:19:00.0;OFF;ON;100;-3,20;-4;1,60;20,50;96,80;113,20;4,80;6;99,80;1,30;-0,10;
2026-07-29 18:20:00.0;OFF;ON;100;-3,20;-4;1,60;20,40;96,80;113,20;4,80;6;99,50;1,30;-0,10;
2026-07-29 18:21:00.0;OFF;ON;100;-3,30;-4;1,50;20,40;96,80;113,20;4,80;6;99,60;1,30;-0,10;
2026-07-29 18:22:00.0;OFF;ON;100;-3,30;-4;1,50;20,40;96,90;113,20;4,80;6;99,50;1,30;-0,10;
2026-07-29 18:23:00.0;OFF;ON;100;-3,30;-4;1,50;20,30;96,80;113,20;4,80;6;99,60;1,20;-0,10;
2026-07-29 18:24:00.0;OFF;ON;100;-3,20;-4;1,50;20,30;96,90;113,20;4,70;6;100;1,20;-0,10;
2026-07-29 18:25:00.0;OFF;ON;100;-3,30;-4;1,50;20,20;96,80;113,20;4,80;6;99,60;1,20;-0,20;
2026-07-29 18:26:00.0;OFF;ON;100;-3,20;-4;1,50;20,20;96,90;113,20;4,70;6;100;1,20;-0,20;
2026-07-29 18:27:00.0;OFF;ON;100;-3,30;-4;1,40;20,10;96,90;113,20;4,80;6;99,60;1,10;-0,20;
2026-07-29 18:28:00.0;OFF;ON;100;-3,30;-4;1,40;20,10;96,80;113,20;4,80;6;99,60;1,10;-0,20;
2026-07-29 18:29:00.0;OFF;ON;100;-3,30;-4;1,40;20;96,90;113,20;4,70;6;100;1,10;-0,20;
2026-07-29 18:30:00.0;OFF;ON;100;-3,40;-4;1,40;20;96,80;113,20;4,80;6;99,60;1,10;-0,20;
2026-07-29 18:31:00.0;OFF;ON;100;-3,30;-4;1,40;19,90;96,80;113,20;4,70;6;100;1,10;-0,20;
2026-07-29 18:32:00.0;OFF;ON;100;-3,40;-4;1,40;19,90;96,80;113,20;4,80;6;99,60;1;-0,30;
2026-07-29 18:33:00.0;OFF;ON;100;-3,40;-4;1,30;19,90;96,80;113,20;4,70;6;99,60;1;-0,30;
2026-07-29 18:34:00.0;OFF;ON;100;-3,30;-4;1,30;19,80;96,70;113,20;4,70;6;100;1;-0,30;
2026-07-29 18:35:00.0;OFF;ON;100;-3,40;-4;1,30;19,80;96,70;113,20;4,70;6;99,60;1;-0,30;
2026-07-29 18:36:00.0;OFF;ON;100;-3,40;-4;1,30;19,80;96,70;113,20;4,60;6;100;1;-0,30;
2026-07-29 18:37:00.0;OFF;ON;100;-3,30;-4;1,20;19,70;96,70;113,20;4,60;6;100;0,90;-0,30;
2026-07-29 18:38:00.0;OFF;ON;100;-3,40;-4;1,20;19,70;96,60;113,20;4,60;6;100;0,90;-0,30;
2026-07-29 18:39:00.0;OFF;ON;100;-3,50;-4;1,20;19,70;96,60;113,20;4,70;6;99,60;0,90;-0,30;
2026-07-29 18:40:00.0;OFF;ON;100;-3,50;-4;1,20;19,60;96,60;113,20;4,70;6;99,60;0,90;-0,40;
2026-07-29 18:41:00.0;OFF;ON;100;-3,40;-4;1,20;19,60;96,70;113,20;4,60;6;99,60;0,90;-0,40;
2026-07-29 18:42:00.0;OFF;ON;100;-3,40;-4;1,20;19,50;96,60;113,20;4,60;6;100;0,90;-0,40;
2026-07-29 18:43:00.0;OFF;ON;100;-3,40;-4;1,20;19,50;96,70;113,10;4,50;6;100;0,90;-0,40;
2026-07-29 18:44:00.0;OFF;ON;100;-3,40;-4;1,10;19,50;96,60;113,10;4,50;6;100;0,90;-0,40;
2026-07-29 18:45:00.0;OFF;ON;100;-3,50;-4;1,10;19,40;96,60;113,10;4,60;6;99,70;0,90;-0,40;
2026-07-29 18:46:00.0;OFF;ON;100;-3,50;-4;1,10;19,40;96,70;113,10;4,60;6;99,70;0,80;-0,40;
2026-07-29 18:47:00.0;OFF;ON;100;-3,40;-4;1,10;19,40;96,70;113,10;4,50;6;100;0,80;-0,40;
2026-07-29 18:48:00.0;OFF;ON;100;-3,50;-4;1,10;19,30;96,70;113,20;4,60;6;99,70;0,80;-0,40;
2026-07-29 18:49:00.0;OFF;ON;100;-3,40;-4;1,10;19,30;96,70;113,10;4,50;6;100;0,80;-0,40;
2026-07-29 18:50:00.0;OFF;ON;100;-3,50;-4;1;19,20;96,60;113,10;4,50;6;99,60;0,70;-0,50;
2026-07-29 18:51:00.0;OFF;ON;100;-3,50;-4;1;19,20;96,70;113,10;4,50;6;99,60;0,80;-0,50;
2026-07-29 18:52:00.0;OFF;ON;100;-3,50;-4;1;19,20;96,60;113,10;4,50;6;99,70;0,70;-0,50;
2026-07-29 18:53:00.0;OFF;ON;100;-3,40;-4;1;19,10;96,60;113,10;4,40;6;100;0,70;-0,50;
2026-07-29 18:54:00.0;OFF;ON;100;-3,50;-4;1;19,10;96,60;113,20;4,50;6;99,70;0,70;-0,50;
2026-07-29 18:55:00.0;OFF;ON;100;-3,40;-4;1;19,10;96,60;113,10;4,40;6;100;0,70;-0,50;
2026-07-29 18:56:00.0;OFF;ON;100;-3,50;-4;1;19;96,70;113,10;4,40;6;99,80;0,70;-0,50;
2026-07-29 18:57:00.0;OFF;ON;100;-3,50;-4;1;19;96,60;113,10;4,50;6;99,60;0,70;-0,50;
2026-07-29 18:58:00.0;OFF;ON;100;-3,40;-4;1;18,90;96,60;113,10;4,40;6;100;0,70;-0,50;
2026-07-29 18:59:00.0;OFF;ON;100;-3,40;-4;0,90;18,90;96,60;113,10;4,30;6;100;0,70;-0,50;
2026-07-29 19:00:00.0;OFF;ON;100;-3,40;-4;0,90;18,90;96,60;113,10;4,30;6;100;0,60;-0,50;
2026-07-29 19:01:00.0;OFF;ON;100;-3,50;-4;0,90;18,80;96,60;113,10;4,40;6;99,60;0,60;-0,50;
2026-07-29 19:02:00.0;OFF;ON;100;-3,40;-4;0,90;18,80;96,60;113,10;4,30;6;100;0,60;-0,60;
2026-07-29 19:03:00.0;OFF;ON;100;-3,40;-4;0,90;18,80;96,60;113,10;4,30;6;100;0,60;-0,60;
2026-07-29 19:04:00.0;OFF;ON;100;-3,50;-4;0,90;18,70;96,60;113,10;4,40;6;99,70;0,60;-0,60;
2026-07-29 19:05:00.0;OFF;ON;100;-3,40;-4;0,90;18,70;96,60;113,10;4,30;6;100;0,60;-0,60;
2026-07-29 19:06:00.0;OFF;ON;100;-3,50;-4;0,90;18,60;96,70;113,10;4,30;6;99,60;0,60;-0,60;
2026-07-29 19:07:00.0;OFF;ON;100;-3,50;-4;0,90;18,60;96,60;113,10;4,30;6;99,70;0,60;-0,60;
2026-07-29 19:08:00.0;OFF;ON;100;-3,40;-4;0,80;18,60;96,60;113,10;4,20;6;100;0,60;-0,60;
2026-07-29 19:09:00.0;OFF;ON;100;-3,40;-4;0,80;18,50;96,70;113,10;4,20;6;100;0,60;-0,60;
2026-07-29 19:10:00.0;OFF;ON;100;-3,40;-4;0,80;18,50;96,60;113,10;4,20;6;100;0,50;-0,60;
2026-07-29 19:11:00.0;OFF;ON;100;-3,40;-4;0,80;18,40;96,60;113,10;4,20;6;100;0,50;-0,60;
2026-07-29 19:12:00.0;OFF;ON;100;-3,40;-4;0,80;18,40;96,60;113,10;4,20;6;100;0,50;-0,60;
2026-07-29 19:13:00.0;OFF;ON;100;-3,40;-4;0,80;18,40;96,60;113,10;4,20;6;100;0,50;-0,60;
2026-07-29 19:14:00.0;OFF;ON;100;-3,40;-4;0,80;18,30;96,60;113,10;4,20;6;100;0,50;-0,60;
2026-07-29 19:15:00.0;OFF;ON;100;-3,50;-4;0,80;18,30;96,60;113,10;4,20;6;99,70;0,50;-0,60;
2026-07-29 19:16:00.0;OFF;ON;100;-3,40;-4;0,80;18,20;96,60;113,10;4,10;6;100;0,50;-0,60;
2026-07-29 19:17:00.0;OFF;ON;100;-3,50;-4;0,70;18,20;96,50;113,10;4,20;6;99,70;0,50;-0,60;
2026-07-29 19:18:00.0;OFF;ON;100;-3,40;-4;0,70;18,20;96,60;113,10;4,20;6;99,70;0,50;-0,60;
2026-07-29 19:19:00.0;OFF;ON;100;-3,40;-4;0,70;18,10;96,60;113,10;4,10;6;100;0,50;-0,60;
2026-07-29 19:20:00.0;OFF;ON;100;-3,50;-4;0,70;18,10;96,50;113,10;4,20;6;99,70;0,50;-0,60;
2026-07-29 19:21:00.0;OFF;ON;100;-3,40;-4;0,70;18,10;96,50;113,10;4,20;6;99,90;0,40;-0,60;
2026-07-29 19:22:00.0;OFF;ON;100;-3,40;-4;0,70;18;96,50;113,10;4,10;6;100;0,40;-0,60;
2026-07-29 19:23:00.0;OFF;ON;100;-3,40;-4;0,70;18;96,50;113,10;4,10;6;100;0,40;-0,70;
2026-07-29 19:24:00.0;OFF;ON;100;-3,40;-4;0,70;17,90;96,50;113,10;4,10;6;100;0,40;-0,70;
2026-07-29 19:25:00.0;OFF;ON;100;-3,50;-4;0,70;17,90;96,50;113,10;4,20;6;99,60;0,40;-0,70;
2026-07-29 19:26:00.0;OFF;ON;100;-3,50;-4;0,60;17,90;96,50;113,10;4,10;6;99,60;0,40;-0,70;
2026-07-29 19:27:00.0;OFF;ON;100;-3,40;-4;0,70;17,80;96,50;113,10;4;6;100;0,40;-0,70;
2026-07-29 19:28:00.0;OFF;ON;100;-3,40;-4;0,60;17,80;96,50;113,10;4;6;100;0,40;-0,70;
2026-07-29 19:29:00.0;OFF;ON;100;-3,40;-4;0,60;17,80;96,50;113,10;4;6;100;0,40;-0,70;
2026-07-29 19:30:00.0;OFF;ON;100;-3,40;-4;0,60;17,70;96,50;113,10;4;6;100;0,30;-0,70;
2026-07-29 19:31:00.0;OFF;ON;100;-3,40;-4;0,60;17,70;96,50;113,10;4;6;100;0,30;-0,70;
2026-07-29 19:32:00.0;OFF;ON;100;-3,60;-4;0,60;17,60;96,50;113,10;4,10;6;99,40;0,30;-0,70;
2026-07-29 19:33:00.0;OFF;ON;100;-3,70;-4;0,60;17,60;96,50;113,10;4,30;6;99;0,30;-0,70;
2026-07-29 19:34:00.0;OFF;ON;100;-4,10;-4;0,50;17,60;96,40;113,10;4,60;6;97,50;0,30;-0,90;
2026-07-29 19:35:00.0;OFF;ON;100;-3,80;-4;0,40;17,50;96,20;113,10;4,20;6;98,80;0,20;-1;
2026-07-29 19:36:00.0;OFF;ON;100;-3,50;-4;0,40;17,50;96,10;113,10;4;6;99,50;0,20;-0,80;
2026-07-29 19:37:00.0;OFF;ON;100;-3,30;-4;0,50;17,40;96,40;113,10;3,80;6;99,70;0,20;-0,80;
2026-07-29 19:38:00.0;OFF;ON;100;-3,30;-4;0,50;17,40;96,50;113,10;3,80;6;99,60;0,30;-0,70;
2026-07-29 19:39:00.0;OFF;ON;100;-3,20;-4;0,60;17,40;96,70;113,10;3,70;6;99,60;0,30;-0,70;
2026-07-29 19:40:00.0;OFF;ON;100;-3,10;-4;0,60;17,30;96,80;113,10;3,70;6;100;0,30;-0,60;
2026-07-29 19:41:00.0;OFF;ON;100;-3,20;-4;0,60;17,30;96,80;113,10;3,80;6;99,50;0,30;-0,60;
2026-07-29 19:42:00.0;OFF;ON;100;-3,10;-4;0,60;17,30;96,80;113,10;3,70;6;99,70;0,30;-0,60;
2026-07-29 19:43:00.0;OFF;ON;100;-3;-4;0,60;17,20;96,80;113,10;3,70;6;99,60;0,30;-0,60;
2026-07-29 19:44:00.0;OFF;ON;100;-3,10;-4;0,60;17,20;96,80;113,10;3,60;6;99,80;0,30;-0,60;
2026-07-29 19:45:00.0;OFF;ON;100;-3;-4;0,60;17,10;96,80;113,10;3,60;6;100;0,30;-0,60;
2026-07-29 19:46:00.0;OFF;ON;100;-3;-4;0,60;17,10;96,80;113,10;3,60;6;99,80;0,30;-0,60;
2026-07-29 19:47:00.0;OFF;ON;100;-3,10;-4;0,60;17,10;96,80;113,10;3,70;6;99,60;0,30;-0,60;
2026-07-29 19:48:00.0;OFF;ON;100;-3,10;-4;0,60;17;96,80;113,10;3,70;6;99,70;0,30;-0,60;
2026-07-29 19:49:00.0;OFF;ON;100;-3;-4;0,60;17;96,80;113,10;3,60;6;99,80;0,30;-0,60;
2026-07-29 19:50:00.0;OFF;ON;100;-3;-4;0,60;16,90;96,70;113,10;3,60;6;100;0,30;-0,60;
2026-07-29 19:51:00.0;OFF;ON;100;-3,10;-4;0,60;16,90;96,70;113,10;3,60;6;99,70;0,30;-0,60;
2026-07-29 19:52:00.0;OFF;ON;100;-3;-4;0,60;16,90;96,80;113,10;3,50;6;100;0,30;-0,60;
2026-07-29 19:53:00.0;OFF;ON;100;-3;-4;0,60;16,80;96,80;113,10;3,60;6;100;0,30;-0,60;
2026-07-29 19:54:00.0;OFF;ON;100;-3;-4;0,60;16,80;96,80;113,10;3,60;6;100;0,20;-0,60;
2026-07-29 19:55:00.0;OFF;ON;100;-3;-4;0,60;16,70;96,70;113,10;3,50;6;100;0,30;-0,60;
2026-07-29 19:56:00.0;OFF;ON;100;-3,10;-4;0,50;16,70;96,80;113,10;3,60;6;99,70;0,30;-0,60;
2026-07-29 19:57:00.0;OFF;ON;100;-3,10;-4;0,50;16,70;96,80;113,10;3,60;6;99,80;0,30;-0,60;
2026-07-29 19:58:00.0;OFF;ON;100;-3;-4;0,50;16,60;96,70;113,10;3,60;6;99,80;0,20;-0,60;
2026-07-29 19:59:00.0;OFF;ON;100;-3,10;-4;0,50;16,60;96,70;113;3,60;6;99,60;0,20;-0,60;
2026-07-29 20:00:00.0;OFF;ON;100;-3,10;-4;0,50;16,50;96,60;113;3,60;6;99,70;0,30;-0,60;
2026-07-29 20:01:00.0;OFF;ON;100;-3;-4;0,50;16,50;96,70;113,10;3,50;6;100;0,20;-0,60;
2026-07-29 20:02:00.0;OFF;ON;100;-3;-4;0,50;16,50;96,60;113;3,50;6;100;0,20;-0,60;
2026-07-29 20:03:00.0;OFF;ON;100;-3,50;-4;0,50;16,40;96,70;113;3,90;6;98,70;0,20;-0,60;
2026-07-29 20:04:00.0;OFF;ON;100;-3,70;-4;0,40;16,40;96,40;113;4,10;6;98,20;0,10;-0,80;
2026-07-29 20:05:00.0;OFF;ON;100;-3,70;-4;0,30;16,30;96,20;113;4;6;98,80;0;-0,90;
2026-07-29 20:06:00.0;OFF;ON;100;-3,60;-4;0,30;16,30;96,10;113;3,80;6;99,80;0;-0,90;
2026-07-29 20:07:00.0;OFF;ON;100;-3,50;-4;0,30;16,30;96,10;113;3,80;6;100;0;-0,90;
2026-07-29 20:08:00.0;OFF;ON;100;-3,60;-4;0,30;16,20;96,20;113;3,90;6;99,60;0;-0,90;
2026-07-29 20:09:00.0;OFF;ON;100;-3,50;-4;0,30;16,20;96,20;113;3,80;6;100;0;-0,90;
2026-07-29 20:10:00.0;OFF;ON;100;-3,70;-4;0,30;16,10;96,30;113;3,90;6;99,50;0;-0,90;
2026-07-29 20:11:00.0;OFF;ON;100;-3,60;-4;0,20;16,10;96,20;113;3,80;6;99,80;0;-0,90;
2026-07-29 20:12:00.0;OFF;ON;100;-3,60;-4;0,20;16,10;96,20;113;3,80;6;99,90;0;-0,90;
2026-07-29 20:13:00.0;OFF;ON;100;-3,60;-4;0,20;16;96,30;113;3,80;6;100;-0,10;-0,90;
2026-07-29 20:14:00.0;OFF;ON;100;-3,60;-4;0,20;16;96,30;113;3,80;6;100;-0,10;-1;
2026-07-29 20:15:00.0;OFF;ON;100;-3,60;-4;0,20;15,90;96,30;113;3,80;6;100;-0,10;-1;
2026-07-29 20:16:00.0;OFF;ON;100;-3,60;-4;0,10;15,90;96,30;113;3,80;6;100;-0,10;-1;
2026-07-29 20:17:00.0;OFF;ON;100;-3,70;-4;0,10;15,90;96,20;113;3,80;6;100;-0,10;-1;
2026-07-29 20:18:00.0;OFF;ON;100;-3,70;-4;0,10;15,80;96,20;113;3,80;6;99,90;-0,10;-1;
2026-07-29 20:19:00.0;OFF;ON;100;-3,60;-4;0,10;15,80;96,20;113;3,70;6;100;-0,10;-1;
2026-07-29 20:20:00.0;OFF;ON;100;-3,20;-4;0,10;15,80;96,20;113;3,30;6;99,60;-0,10;-0,90;
2026-07-29 20:21:00.0;OFF;ON;100;-3,20;-4;0,20;15,70;96,50;113;3,40;6;100;-0,10;-0,80;
2026-07-29 20:22:00.0;OFF;ON;100;-3,30;-4;0,20;15,70;96,60;113;3,50;6;99,60;0;-0,80;
2026-07-29 20:23:00.0;OFF;ON;100;-3,30;-4;0,20;15,70;96,70;113;3,50;6;99,60;0;-0,80;
2026-07-29 20:24:00.0;OFF;ON;100;-3,30;-4;0,20;15,60;96,60;113;3,50;6;99,70;-0,10;-0,80;
2026-07-29 20:25:00.0;OFF;ON;100;-3,30;-4;0,20;15,60;96,60;113;3,40;6;100;-0,10;-0,80;
2026-07-29 20:26:00.0;OFF;ON;100;-3,40;-4;0,20;15,50;96,60;113;3,50;6;99,60;-0,10;-0,80;
2026-07-29 20:27:00.0;OFF;ON;100;-3,30;-4;0,20;15,50;96,50;113;3,50;6;99,70;-0,10;-0,80;
2026-07-29 20:28:00.0;OFF;ON;100;-3,30;-4;0,20;15,40;96,50;113;3,50;6;100;-0,10;-0,80;
2026-07-29 20:29:00.0;OFF;ON;100;-3,20;-4;0,20;15,40;96,50;113;3,40;6;100;-0,10;-0,80;
2026-07-29 20:30:00.0;OFF;ON;100;-3,30;-4;0,10;15,40;96,50;113;3,40;6;100;-0,10;-0,90;
2026-07-29 20:31:00.0;OFF;ON;100;-3,20;-4;0,10;15,30;96,50;113;3,40;6;100;-0,10;-0,80;
2026-07-29 20:32:00.0;OFF;ON;100;-3,30;-4;0,10;15,30;96,50;113;3,40;6;100;-0,10;-0,80;
2026-07-29 20:33:00.0;OFF;ON;100;-3,30;-4;0,10;15,30;96,40;113;3,50;6;99,60;-0,10;-0,90;
2026-07-29 20:34:00.0;OFF;ON;100;-3,30;-4;0,10;15,20;96,40;113;3,40;6;100;-0,10;-0,90;
2026-07-29 20:35:00.0;OFF;ON;100;-3,40;-4;0,10;15,20;96,40;113;3,50;6;99,60;-0,10;-0,90;
2026-07-29 20:36:00.0;OFF;ON;100;-3,30;-4;0,10;15,10;96,50;113;3,40;6;100;-0,10;-0,90;
2026-07-29 20:37:00.0;OFF;ON;100;-3,30;-4;0,10;15,10;96,40;113;3,40;6;100;-0,10;-0,90;
2026-07-29 20:38:00.0;OFF;ON;100;-3,30;-4;0,10;15,10;96,40;113;3,40;6;100;-0,20;-0,90;
2026-07-29 20:39:00.0;OFF;ON;100;-3,30;-4;0,10;15;96,40;113;3,40;6;99,80;-0,20;-0,90;
2026-07-29 20:40:00.0;OFF;ON;100;-3,40;-4;0,10;15;96,30;113;3,50;6;99,60;-0,20;-0,90;
2026-07-29 20:41:00.0;OFF;ON;100;-3,40;-4;0,10;15;96,30;113;3,40;6;99,60;-0,20;-0,90;
2026-07-29 20:42:00.0;OFF;ON;100;-3,40;-4;0,10;14,90;96,40;113;3,50;6;99,70;-0,20;-0,90;
2026-07-29 20:43:00.0;OFF;ON;100;-3,40;-4;0,10;14,90;96,40;113;3,50;6;99,60;-0,20;-0,90;
2026-07-29 20:44:00.0;OFF;ON;100;-3,40;-4;0;14,90;96,30;113;3,40;6;99,70;-0,20;-0,90;
2026-07-29 20:45:00.0;OFF;ON;100;-3,40;-4;0;14,80;96,30;113;3,40;6;99,60;-0,20;-0,90;
2026-07-29 20:46:00.0;OFF;ON;100;-3,40;-4;0;14,80;96,40;113;3,40;6;99,60;-0,20;-0,90;
2026-07-29 20:47:00.0;OFF;ON;100;-3,40;-4;0;14,80;96,30;113;3,40;6;99,80;-0,20;-0,90;
2026-07-29 20:48:00.0;OFF;ON;100;-3,40;-4;0;14,70;96,30;113;3,40;6;99,80;-0,20;-0,90;
2026-07-29 20:49:00.0;OFF;ON;100;-3,40;-4;0;14,70;96,30;113;3,40;6;99,60;-0,20;-0,90;
2026-07-29 20:50:00.0;OFF;ON;100;-3,40;-4;0;14,70;96,30;113;3,40;6;99,70;-0,20;-0,90;
2026-07-29 20:51:00.0;OFF;ON;100;-3,40;-4;0;14,60;96,30;113;3,40;6;99,60;-0,20;-0,90;
2026-07-29 20:52:00.0;OFF;ON;100;-3,30;-4;0;14,60;96,30;113;3,30;6;100;-0,20;-0,90;
2026-07-29 20:53:00.0;OFF;ON;100;-3,30;-4;0;14,60;96,30;113;3,30;6;100;-0,30;-0,90;
2026-07-29 20:54:00.0;OFF;ON;100;-3,30;-4;0;14,60;96,30;113;3,30;6;100;-0,30;-0,90;
2026-07-29 20:55:00.0;OFF;ON;100;-3,30;-4;-0,10;14,50;96,30;113;3,30;6;100;-0,30;-1;
2026-07-29 20:56:00.0;OFF;ON;100;-3,40;-4;-0,10;14,50;96,30;113;3,40;6;99,60;-0,30;-1;
2026-07-29 20:57:00.0;OFF;ON;100;-3,30;-4;0;14,50;96,30;113;3,30;6;100;-0,30;-1;
2026-07-29 20:58:00.0;OFF;ON;100;-3,40;-4;-0,10;14,40;96,30;113;3,30;6;100;-0,30;-1;
2026-07-29 20:59:00.0;OFF;ON;100;-3,30;-4;-0,10;14,40;96,30;113;3,30;6;100;-0,30;-1;
2026-07-29 21:00:00.0;OFF;ON;100;-3,40;-4;-0,10;14,40;96,30;113;3,30;6;99,80;-0,30;-1;
2026-07-29 21:01:00.0;OFF;ON;100;-3,30;-4;-0,10;14,30;96,30;113;3,20;6;100;-0,30;-1;
2026-07-29 21:02:00.0;OFF;ON;100;-3,40;-4;-0,10;14,30;96,30;113;3,30;6;99,50;-0,30;-1;
2026-07-29 21:03:00.0;OFF;ON;100;-3,40;-4;-0,10;14,30;96,30;113;3,30;6;99,60;-0,30;-1;
2026-07-29 21:04:00.0;OFF;ON;100;-3,30;-4;-0,10;14,30;96,30;113;3,20;6;100;-0,30;-1;
2026-07-29 21:05:00.0;OFF;ON;100;-3,40;-4;-0,10;14,20;96,20;113;3,30;6;99,80;-0,30;-1;
2026-07-29 21:06:00.0;OFF;ON;100;-3,50;-4;-0,10;14,20;96,30;113;3,30;6;99,60;-0,30;-1;
2026-07-29 21:07:00.0;OFF;ON;100;-3,40;-4;-0,10;14,20;96,20;113;3,20;6;99,90;-0,30;-1;
2026-07-29 21:08:00.0;OFF;ON;100;-3,40;-4;-0,10;14,10;96,20;113;3,20;6;100;-0,30;-1;
2026-07-29 21:09:00.0;OFF;ON;100;-3,40;-4;-0,10;14,10;96,20;113;3,20;6;100;-0,30;-1;
2026-07-29 21:10:00.0;OFF;ON;100;-3,30;-4;-0,20;14,10;96,30;113;3,20;6;100;-0,40;-1;
2026-07-29 21:11:00.0;OFF;ON;100;-3,40;-4;-0,20;14;96,30;113;3,20;6;99,80;-0,40;-1;
2026-07-29 21:12:00.0;OFF;ON;100;-3,40;-4;-0,20;14;96,30;113;3,20;6;99,90;-0,40;-1;
2026-07-29 21:13:00.0;OFF;ON;100;-3,40;-4;-0,10;14;96,30;113;3,20;6;100;-0,40;-1;
2026-07-29 21:14:00.0;OFF;ON;100;-3,40;-4;-0,20;14;96,30;113;3,20;6;99,70;-0,40;-1;
2026-07-29 21:15:00.0;OFF;ON;100;-3,40;-4;-0,20;13,90;96,30;113;3,20;6;99,60;-0,40;-1;
2026-07-29 21:16:00.0;OFF;ON;100;-3,50;-4;-0,20;13,90;96,20;113;3,30;6;99,60;-0,40;-1;
2026-07-29 21:17:00.0;OFF;ON;100;-3,40;-4;-0,20;13,90;96,20;113;3,20;6;99,90;-0,40;-1;
2026-07-29 21:18:00.0;OFF;ON;100;-3,40;-4;-0,20;13,80;96,20;113;3,20;6;99,60;-0,40;-1;
2026-07-29 21:19:00.0;OFF;ON;100;-3,30;-4;-0,20;13,80;96,30;113;3,10;6;100;-0,40;-1;
2026-07-29 21:20:00.0;OFF;ON;100;-3,40;-4;-0,20;13,80;96,20;113;3,20;6;99,70;-0,40;-1;
2026-07-29 21:21:00.0;OFF;ON;100;-3,50;-4;-0,20;13,80;96,20;113;3,20;6;99,60;-0,40;-1;
2026-07-29 21:22:00.0;OFF;ON;100;-3,30;-4;-0,20;13,70;96,20;113;3,10;6;100;-0,40;-1;
2026-07-29 21:23:00.0;OFF;ON;100;-3,30;-4;-0,20;13,70;96,20;113;3,10;6;100;-0,40;-1;
2026-07-29 21:24:00.0;OFF;ON;100;-3,40;-4;-0,30;13,70;96,10;113;3,10;6;99,70;-0,40;-1;
2026-07-29 21:25:00.0;OFF;ON;100;-3,40;-4;-0,30;13,60;96,20;113;3,10;6;100;-0,40;-1;
2026-07-29 21:26:00.0;OFF;ON;100;-3,30;-4;-0,30;13,60;96,20;113;3,10;6;100;-0,40;-1;
2026-07-29 21:27:00.0;OFF;ON;100;-3,50;-4;-0,30;13,60;96,20;113;3,20;6;99,60;-0,40;-1;
2026-07-29 21:28:00.0;OFF;ON;100;-3,40;-4;-0,20;13,50;96,20;113;3,20;6;99,60;-0,50;-1;
2026-07-29 21:29:00.0;OFF;ON;100;-3,40;-4;-0,30;13,50;96,20;113;3,20;6;99,60;-0,40;-1;
2026-07-29 21:30:00.0;OFF;ON;100;-3,40;-4;-0,30;13,50;96,20;113;3,20;6;99,60;-0,40;-1,10;
2026-07-29 21:31:00.0;OFF;ON;100;-3,40;-4;-0,30;13,50;96,20;113;3,10;6;99,70;-0,50;-1,10;
2026-07-29 21:32:00.0;OFF;ON;100;-3,30;-4;-0,30;13,40;96,10;113;3;6;100;-0,50;-1,10;
2026-07-29 21:33:00.0;OFF;ON;100;-3,50;-4;-0,30;13,40;96,20;113;3,20;6;99,50;-0,50;-1,10;
2026-07-29 21:34:00.0;OFF;ON;100;-3,40;-4;-0,30;13,40;96,20;113;3,10;6;99,70;-0,50;-1,10;
2026-07-29 21:35:00.0;OFF;ON;100;-3,40;-4;-0,30;13,30;96,20;113;3,10;6;99,60;-0,50;-1,10;
2026-07-29 21:36:00.0;OFF;ON;100;-3,40;-4;-0,30;13,30;96,20;113;3,10;6;99,50;-0,50;-1,10;
2026-07-29 21:37:00.0;OFF;ON;100;-3,40;-4;-0,30;13,30;96,20;113;3;6;100;-0,50;-1,10;
2026-07-29 21:38:00.0;OFF;ON;100;-3,40;-4;-0,30;13,30;96,20;113;3,10;6;99,70;-0,50;-1,10;
2026-07-29 21:39:00.0;OFF;ON;100;-3,40;-4;-0,30;13,20;96,10;113;3;6;100;-0,50;-1,10;
2026-07-29 21:40:00.0;OFF;ON;100;-3,50;-4;-0,30;13,20;96,10;113;3,10;6;99,50;-0,50;-1,10;
2026-07-29 21:41:00.0;OFF;ON;100;-3,40;-4;-0,30;13,20;96;113;3;6;100;-0,50;-1,10;
2026-07-29 21:42:00.0;OFF;ON;100;-3,40;-4;-0,40;13,10;96;113;3,10;6;100;-0,50;-1,10;
2026-07-29 21:43:00.0;OFF;ON;100;-3,40;-4;-0,40;13,10;96,10;113;3;6;100;-0,50;-1,10;
2026-07-29 21:44:00.0;OFF;ON;100;-3,50;-4;-0,30;13,10;96;113;3,20;6;99,50;-0,50;-1,10;
2026-07-29 21:45:00.0;OFF;ON;100;-3,40;-4;-0,30;13,10;96,10;113;3;6;100;-0,60;-1,10;
2026-07-29 21:46:00.0;OFF;ON;100;-3,40;-4;-0,40;13;96,10;113;3;6;100;-0,60;-1,10;
2026-07-29 21:47:00.0;OFF;ON;100;-3,40;-4;-0,40;13;96,10;113;3;6;99,70;-0,50;-1,10;
2026-07-29 21:48:00.0;OFF;ON;100;-3,40;-4;-0,40;13;96,10;113;3;6;100;-0,60;-1,10;
2026-07-29 21:49:00.0;OFF;ON;100;-3,40;-4;-0,40;12,90;96,10;113;3;6;100;-0,60;-1,10;
2026-07-29 21:50:00.0;OFF;ON;100;-3,30;-4;-0,40;12,90;96,10;113;3;6;100;-0,60;-1,10;
2026-07-29 21:51:00.0;OFF;ON;100;-3,40;-4;-0,40;12,90;96,10;113;3;6;99,60;-0,60;-1,10;
2026-07-29 21:52:00.0;OFF;ON;100;-3,40;-4;-0,40;12,90;96,10;113;3;6;99,60;-0,60;-1,10;
2026-07-29 21:53:00.0;OFF;ON;100;-3,30;-4;-0,40;12,80;96,10;112,90;2,90;6;100;-0,60;-1,10;
2026-07-29 21:54:00.0;OFF;ON;100;-3,30;-4;-0,40;12,80;96,10;112,90;2,90;6;100;-0,60;-1,10;
2026-07-29 21:55:00.0;OFF;ON;100;-3,30;-4;-0,40;12,80;96,10;113;2,90;6;100;-0,60;-1,10;
2026-07-29 21:56:00.0;OFF;ON;100;-3,40;-4;-0,40;12,80;96,10;112,90;3;6;99,70;-0,60;-1,10;
2026-07-29 21:57:00.0;OFF;ON;100;-3,40;-4;-0,40;12,70;96,10;112,90;3;6;99,70;-0,60;-1,10;
2026-07-29 21:58:00.0;OFF;ON;100;-3,40;-4;-0,40;12,70;96,20;112,90;3;6;99,60;-0,60;-1,10;
2026-07-29 21:59:00.0;OFF;ON;100;-3,30;-4;-0,40;12,70;96,10;113;2,90;6;100;-0,60;-1,10;
2026-07-29 22:00:00.0;OFF;ON;100;-3,30;-4;-0,40;12,60;96,10;112,90;2,90;6;100;-0,60;-1,10;
2026-07-29 22:01:00.0;OFF;ON;100;-3,40;-4;-0,40;12,60;96,10;112,90;3;6;99,60;-0,60;-1,10;
2026-07-29 22:02:00.0;OFF;ON;100;-3,40;-4;-0,40;12,60;96,10;112,90;3;6;99,60;-0,60;-1,10;
2026-07-29 22:03:00.0;OFF;ON;100;-3,30;-4;-0,40;12,60;96,10;112,90;2,90;6;100;-0,60;-1,10;
2026-07-29 22:04:00.0;OFF;ON;100;-3,30;-4;-0,40;12,50;96,10;112,90;2,90;6;100;-0,60;-1,10;
2026-07-29 22:05:00.0;OFF;ON;100;-3,30;-4;-0,40;12,50;96;112,90;2,90;6;100;-0,60;-1,10;
2026-07-29 22:06:00.0;OFF;ON;100;-3,40;-4;-0,50;12,50;96;112,90;3;6;99,60;-0,60;-1,10;
2026-07-29 22:07:00.0;OFF;ON;100;-3,30;-4;-0,50;12,40;96;112,90;2,90;6;100;-0,60;-1,10;
2026-07-29 22:08:00.0;OFF;ON;100;-3,40;-4;-0,50;12,40;96,10;112,90;3;6;99,60;-0,60;-1,10;
2026-07-29 22:09:00.0;OFF;ON;100;-3,30;-4;-0,50;12,40;96,10;112,90;2,90;6;100;-0,60;-1,10;
2026-07-29 22:10:00.0;OFF;ON;100;-3,40;-4;-0,50;12,40;96,10;112,90;2,90;6;99,70;-0,60;-1,10;
2026-07-29 22:11:00.0;OFF;ON;100;-3,30;-4;-0,50;12,30;96,10;112,90;2,80;6;100;-0,60;-1,10;
2026-07-29 22:12:00.0;OFF;ON;100;-3,40;-4;-0,50;12,30;96,10;112,90;2,90;6;99,60;-0,60;-1,10;
2026-07-29 22:13:00.0;OFF;ON;100;-3,40;-4;-0,50;12,30;96;112,90;2,90;6;99,70;-0,70;-1,10;
2026-07-29 22:14:00.0;OFF;ON;100;-3,40;-4;-0,50;12,30;96;112,90;2,90;6;99,60;-0,70;-1,10;
2026-07-29 22:15:00.0;OFF;ON;100;-3,30;-4;-0,50;12,20;96;112,90;2,80;6;100;-0,70;-1,10;
2026-07-29 22:16:00.0;OFF;ON;100;-3,40;-4;-0,50;12,20;96;112,90;2,90;6;99,70;-0,70;-1,20;
2026-07-29 22:17:00.0;OFF;ON;100;-3,30;-4;-0,50;12,20;96,10;112,90;2,80;6;100;-0,70;-1,20;
2026-07-29 22:18:00.0;OFF;ON;100;-3,30;-4;-0,50;12,20;96;112,90;2,80;6;100;-0,70;-1,20;
2026-07-29 22:19:00.0;OFF;ON;100;-3,40;-4;-0,50;12,10;96;112,90;2,90;6;99,60;-0,70;-1,20;
2026-07-29 22:20:00.0;OFF;ON;100;-3,30;-4;-0,50;12,10;96;112,90;2,80;6;100;-0,70;-1,20;
2026-07-29 22:21:00.0;OFF;ON;100;-3,40;-4;-0,50;12,10;96,10;112,90;2,90;6;99,70;-0,70;-1,20;
2026-07-29 22:22:00.0;OFF;ON;100;-3,40;-4;-0,50;12,10;96;112,90;2,90;6;99,70;-0,70;-1,20;
2026-07-29 22:23:00.0;OFF;ON;100;-3,40;-4;-0,50;12;96;112,90;2,80;6;99,80;-0,70;-1,20;
2026-07-29 22:24:00.0;OFF;ON;100;-3,30;-4;-0,50;12;96;112,90;2,80;6;100;-0,70;-1,20;
2026-07-29 22:25:00.0;OFF;ON;100;-3,40;-4;-0,50;12;96;112,90;2,90;6;99,60;-0,70;-1,20;
2026-07-29 22:26:00.0;OFF;ON;100;-3,40;-4;-0,50;11,90;96;112,90;2,90;6;99,70;-0,70;-1,20;
2026-07-29 22:27:00.0;OFF;ON;100;-3,40;-4;-0,60;11,90;96;112,90;2,90;6;99,50;-0,70;-1,20;
2026-07-29 22:28:00.0;OFF;ON;100;-3,30;-4;-0,60;11,90;96;112,90;2,80;6;100;-0,70;-1,20;
2026-07-29 22:29:00.0;OFF;ON;100;-3,40;-4;-0,60;11,90;96;112,90;2,80;6;99,60;-0,70;-1,20;
2026-07-29 22:30:00.0;OFF;ON;100;-3,40;-4;-0,60;11,80;96;112,90;2,80;6;99,60;-0,70;-1,20;
2026-07-29 22:31:00.0;OFF;ON;100;-3,30;-4;-0,60;11,80;96;112,90;2,70;6;100;-0,80;-1,20;
2026-07-29 22:32:00.0;OFF;ON;100;-3,40;-4;-0,60;11,80;96;112,90;2,80;6;99,60;-0,70;-1,20;
2026-07-29 22:33:00.0;OFF;ON;100;-3,30;-4;-0,60;11,80;96;112,90;2,80;6;99,90;-0,80;-1,20;
2026-07-29 22:34:00.0;OFF;ON;100;-3,30;-4;-0,60;11,70;96;112,90;2,70;6;100;-0,80;-1,20;
2026-07-29 22:35:00.0;OFF;ON;100;-3,30;-4;-0,60;11,70;96;112,90;2,70;6;100;-0,80;-1,20;
2026-07-29 22:36:00.0;OFF;ON;100;-3,30;-4;-0,60;11,70;96;112,90;2,70;6;99,70;-0,80;-1,20;
2026-07-29 22:37:00.0;OFF;ON;100;-3,30;-4;-0,60;11,60;96;112,90;2,70;6;100;-0,80;-1,20;
2026-07-29 22:38:00.0;OFF;ON;100;-3,30;-4;-0,60;11,60;95,90;112,90;2,70;6;100;-0,80;-1,20;
2026-07-29 22:39:00.0;OFF;ON;100;-3,30;-4;-0,60;11,60;96;112,90;2,70;6;100;-0,80;-1,20;
2026-07-29 22:40:00.0;OFF;ON;100;-3,30;-4;-0,60;11,60;96;112,90;2,70;6;100;-0,80;-1,20;
2026-07-29 22:41:00.0;OFF;ON;100;-3,40;-4;-0,60;11,50;96;112,90;2,80;6;99,50;-0,80;-1,20;
2026-07-29 22:42:00.0;OFF;ON;100;-3,40;-4;-0,60;11,50;95,90;112,90;2,80;6;99,60;-0,80;-1,20;
2026-07-29 22:43:00.0;OFF;ON;100;-3,40;-4;-0,60;11,50;95,90;112,90;2,80;6;99,60;-0,80;-1,20;
2026-07-29 22:44:00.0;OFF;ON;100;-3,30;-4;-0,60;11,50;95,90;112,90;2,70;6;100;-0,80;-1,20;
2026-07-29 22:45:00.0;OFF;ON;100;-3,40;-4;-0,60;11,40;95,90;112,90;2,70;6;99,70;-0,80;-1,20;
2026-07-29 22:46:00.0;OFF;ON;100;-3,30;-4;-0,60;11,40;96;112,90;2,70;6;100;-0,80;-1,20;
2026-07-29 22:47:00.0;OFF;ON;100;-3,40;-4;-0,60;11,40;96;112,90;2,70;6;99,70;-0,80;-1,20;
2026-07-29 22:48:00.0;OFF;ON;100;-3,30;-4;-0,60;11,30;96;112,90;2,70;6;100;-0,80;-1,20;
2026-07-29 22:49:00.0;OFF;ON;100;-3,30;-4;-0,60;11,30;95,90;112,90;2,70;6;100;-0,80;-1,20;
2026-07-29 22:50:00.0;OFF;ON;100;-3,40;-4;-0,70;11,30;96;112,90;2,70;6;99,70;-0,80;-1,20;
2026-07-29 22:51:00.0;OFF;ON;100;-3,40;-4;-0,70;11,30;96;112,90;2,80;6;99,70;-0,80;-1,20;
2026-07-29 22:52:00.0;OFF;ON;100;-3,30;-4;-0,70;11,20;95,90;112,90;2,70;6;100;-0,80;-1,20;
2026-07-29 22:53:00.0;OFF;ON;100;-3,40;-4;-0,70;11,20;95,90;112,90;2,70;6;99,60;-0,80;-1,20;
2026-07-29 22:54:00.0;OFF;ON;100;-3,40;-4;-0,70;11,20;95,90;112,90;2,70;6;99,60;-0,90;-1,20;
2026-07-29 22:55:00.0;OFF;ON;100;-3,30;-4;-0,70;11,10;95,90;112,90;2,70;6;100;-0,80;-1,20;
2026-07-29 22:56:00.0;OFF;ON;100;-3,40;-4;-0,70;11,10;95,90;112,90;2,70;6;99,60;-0,80;-1,20;
2026-07-29 22:57:00.0;OFF;ON;100;-3,40;-4;-0,70;11,10;95,90;112,90;2,70;6;99,50;-0,90;-1,20;
2026-07-29 22:58:00.0;OFF;ON;100;-3,40;-4;-0,70;11,10;95,80;112,90;2,70;6;99,70;-0,90;-1,20;
2026-07-29 22:59:00.0;OFF;ON;100;-3,40;-4;-0,70;11;95,80;112,90;2,70;6;99,60;-0,90;-1,30;
2026-07-29 23:00:00.0;OFF;ON;100;-3,40;-4;-0,70;11;95,80;112,80;2,70;6;99,60;-0,90;-1,30;
2026-07-29 23:01:00.0;OFF;ON;100;-3,40;-4;-0,70;11;95,90;112,90;2,70;6;99,50;-0,90;-1,30;
2026-07-29 23:02:00.0;OFF;ON;100;-3,40;-4;-0,70;10,90;95,80;112,90;2,70;6;99,80;-0,90;-1,30;
2026-07-29 23:03:00.0;OFF;ON;100;-3,40;-4;-0,70;10,90;95,80;112,90;2,70;6;99,60;-0,90;-1,30;
2026-07-29 23:04:00.0;OFF;ON;100;-3,30;-4;-0,70;10,90;95,80;112,80;2,60;6;100;-0,90;-1,30;
2026-07-29 23:05:00.0;OFF;ON;100;-3,40;-4;-0,70;10,90;95,90;112,90;2,70;6;99,60;-0,90;-1,30;
2026-07-29 23:06:00.0;OFF;ON;100;-3,40;-4;-0,70;10,80;95,80;112,90;2,60;6;100;-0,90;-1,30;
2026-07-29 23:07:00.0;OFF;ON;100;-3,30;-4;-0,70;10,80;95,80;112,80;2,60;6;100;-0,90;-1,30;
2026-07-29 23:08:00.0;OFF;ON;100;-3,40;-4;-0,70;10,80;95,80;112,80;2,70;6;99,60;-0,90;-1,30;
2026-07-29 23:09:00.0;OFF;ON;100;-3,40;-4;-0,70;10,80;95,80;112,80;2,70;6;99,60;-0,90;-1,30;
2026-07-29 23:10:00.0;OFF;ON;100;-3,30;-4;-0,70;10,70;95,80;112,80;2,60;6;100;-0,90;-1,30;
2026-07-29 23:11:00.0;OFF;ON;100;-3,30;-4;-0,70;10,70;95,90;112,90;2,60;6;100;-0,90;-1,30;
2026-07-29 23:12:00.0;OFF;ON;100;-3,40;-4;-0,80;10,70;95,80;112,80;2,70;6;99,70;-0,90;-1,30;
2026-07-29 23:13:00.0;OFF;ON;100;-3,40;-4;-0,80;10,70;95,90;112,80;2,60;6;100;-0,90;-1,30;
2026-07-29 23:14:00.0;OFF;ON;100;-3,30;-4;-0,80;10,60;95,90;112,80;2,60;6;100;-0,90;-1,30;
2026-07-29 23:15:00.0;OFF;ON;100;-3,30;-4;-0,80;10,60;95,80;112,80;2,60;6;100;-0,90;-1,30;
2026-07-29 23:16:00.0;OFF;ON;100;-3,30;-4;-0,80;10,60;95,90;112,80;2,60;6;100;-0,90;-1,30;
2026-07-29 23:17:00.0;OFF;ON;100;-3,40;-4;-0,80;10,50;95,90;112,80;2,60;6;99,80;-0,90;-1,30;
2026-07-29 23:18:00.0;OFF;ON;100;-3,30;-4;-0,80;10,50;95,80;112,80;2,60;6;100;-0,90;-1,30;
2026-07-29 23:19:00.0;OFF;ON;100;-3,30;-4;-0,80;10,50;95,80;112,90;2,60;6;100;-0,90;-1,30;
2026-07-29 23:20:00.0;OFF;ON;100;-3,40;-4;-0,80;10,50;95,80;112,80;2,60;6;99,80;-0,90;-1,30;
2026-07-29 23:21:00.0;OFF;ON;100;-3,40;-4;-0,80;10,40;95,80;112,80;2,60;6;99,70;-1;-1,30;
2026-07-29 23:22:00.0;OFF;ON;100;-3,40;-4;-0,70;10,40;95,90;112,80;2,70;6;99,70;-0,90;-1,30;
2026-07-29 23:23:00.0;OFF;ON;100;-3,30;-4;-0,70;10,40;95,80;112,80;2,60;6;100;-1;-1,30;
2026-07-29 23:24:00.0;OFF;ON;100;-3,30;-4;-0,70;10,40;95,80;112,80;2,60;6;100;-1;-1,30;
2026-07-29 23:25:00.0;OFF;ON;100;-3,30;-4;-0,70;10,30;95,80;112,80;2,60;6;100;-0,90;-1,30;
2026-07-29 23:26:00.0;OFF;ON;100;-3,30;-4;-0,70;10,30;95,90;112,80;2,60;6;100;-1;-1,30;
2026-07-29 23:27:00.0;OFF;ON;100;-3,40;-4;-0,70;10,30;95,90;112,80;2,70;6;99,60;-1;-1,30;
2026-07-29 23:28:00.0;OFF;ON;100;-3,40;-4;-0,70;10,20;95,90;112,80;2,70;6;99,60;-1;-1,30;
2026-07-29 23:29:00.0;OFF;ON;100;-3,40;-4;-0,70;10,20;95,80;112,80;2,70;6;99,60;-1;-1,30;
2026-07-29 23:30:00.0;OFF;ON;100;-3,40;-4;-0,70;10,20;95,90;112,80;2,70;6;99,60;-1;-1,30;
2026-07-29 23:31:00.0;OFF;ON;100;-3,40;-4;-0,70;10,20;95,80;112,80;2,70;6;99,60;-1;-1,30;
2026-07-29 23:32:00.0;OFF;ON;100;-3,30;-4;-0,70;10,20;95,80;112,80;2,60;6;100;-1;-1,30;
2026-07-29 23:33:00.0;OFF;ON;100;-3,40;-4;-0,70;10,10;95,90;112,80;2,70;6;99,60;-1;-1,30;
2026-07-29 23:34:00.0;OFF;ON;100;-3,40;-4;-0,70;10,10;95,90;112,80;2,70;6;99,60;-1;-1,30;
2026-07-29 23:35:00.0;OFF;ON;100;-3,40;-4;-0,70;10,10;95,80;112,80;2,70;6;99,80;-1;-1,30;
2026-07-29 23:36:00.0;OFF;ON;100;-3,40;-4;-0,70;10;95,80;112,80;2,70;6;99,60;-1;-1,30;
2026-07-29 23:37:00.0;OFF;ON;100;-3,40;-4;-0,70;10;95,80;112,80;2,70;6;99,60;-1;-1,30;
2026-07-29 23:38:00.0;OFF;ON;100;-3,30;-4;-0,70;10;95,80;112,80;2,60;6;100;-1;-1,30;
2026-07-29 23:39:00.0;OFF;ON;100;-3,40;-4;-0,70;10;95,80;112,80;2,70;6;99,60;-1;-1,30;
2026-07-29 23:40:00.0;OFF;ON;100;-3,30;-4;-0,70;10;95,80;112,80;2,60;6;100;-1;-1,30;
2026-07-29 23:41:00.0;OFF;ON;100;-3,30;-4;-0,70;9,90;95,90;112,80;2,60;6;100;-1;-1,30;
2026-07-29 23:42:00.0;OFF;ON;100;-3,40;-4;-0,70;9,90;95,80;112,80;2,70;6;99,70;-1;-1,30;
2026-07-29 23:43:00.0;OFF;ON;100;-3,40;-4;-0,70;9,90;95,80;112,80;2,70;6;99,60;-1;-1,30;
2026-07-29 23:44:00.0;OFF;ON;100;-3,30;-4;-0,70;9,90;95,80;112,80;2,60;6;100;-1;-1,30;
2026-07-29 23:45:00.0;OFF;ON;100;-3,40;-4;-0,70;9,80;95,80;112,80;2,70;6;99,50;-1;-1,30;
2026-07-29 23:46:00.0;OFF;ON;100;-3,40;-4;-0,80;9,80;95,80;112,80;2,70;6;99,60;-1;-1,30;
2026-07-29 23:47:00.0;OFF;ON;100;-3,40;-4;-0,80;9,80;95,80;112,80;2,60;6;99,60;-1;-1,30;
2026-07-29 23:48:00.0;OFF;ON;100;-3,30;-4;-0,80;9,80;95,80;112,80;2,50;6;100;-1;-1,30;
2026-07-29 23:49:00.0;OFF;ON;100;-3,30;-4;-0,80;9,70;95,80;112,80;2,50;6;100;-1,10;-1,30;
2026-07-29 23:50:00.0;OFF;ON;100;-3,40;-4;-0,80;9,70;95,80;112,80;2,60;6;99,70;-1;-1,30;
2026-07-29 23:51:00.0;OFF;ON;100;-3,30;-4;-0,80;9,70;95,80;112,80;2,50;6;100;-1,10;-1,30;
2026-07-29 23:52:00.0;OFF;ON;100;-3,40;-4;-0,80;9,70;95,80;112,80;2,60;6;99,60;-1,10;-1,30;
2026-07-29 23:53:00.0;OFF;ON;100;-3,30;-4;-0,80;9,70;95,90;112,80;2,50;6;100;-1,10;-1,30;
2026-07-29 23:54:00.0;OFF;ON;100;-3,40;-4;-0,80;9,60;95,90;112,80;2,60;6;99,60;-1,10;-1,30;
2026-07-29 23:55:00.0;OFF;ON;100;-3,30;-4;-0,80;9,60;95,90;112,80;2,50;6;100;-1,10;-1,40;
2026-07-29 23:56:00.0;OFF;ON;100;-3,40;-4;-0,80;9,60;95,90;112,80;2,60;6;99,60;-1,10;-1,40;
2026-07-29 23:57:00.0;OFF;ON;100;-3,30;-4;-0,80;9,60;95,90;112,80;2,50;6;100;-1,10;-1,40;
2026-07-29 23:58:00.0;OFF;ON;100;-3,40;-4;-0,90;9,60;95,80;112,80;2,50;6;99,60;-1,10;-1,40;
2026-07-29 23:59:00.0;OFF;ON;100;-3,30;-4;-0,90;9,50;95,80;112,80;2,40;6;100;-1,10;-1,40;
