CamCarcacas2;
2026-06-30 00:00;2026-07-01 00:00;
12144 Frigorífico Thoms;
ayron.costa;
" ";CPCO 51 - Câmara de carcaças - Controle de temperatura 1;CPCO 51 - Câmara de carcaças - Controle de temperatura 1;CPCO 51 - Câmara de carcaças - Controle de temperatura 1;CPCO 51 - Câmara de carcaças - Controle de temperatura 1;CPCO 51 - Câmara de carcaças - Controle de temperatura 1;CPCO 51 - Câmara de carcaças - Controle de temperatura 1;CPCO 52 - Câmara de carcaças - Controle de temperatura 2;CPCO 52 - Câmara de carcaças - Controle de temperatura 2;CPCO 53 - Balança;CPCO 51 - Câmara de carcaças - Controle de temperatura 1;CPCO 51 - Câmara de carcaças - Controle de temperatura 1;CPCO 51 - Câmara de carcaças - Controle de temperatura 1;CPCO 51 - Câmara de carcaças - Controle de temperatura 1;CPCO 54 - Câmara de carcaças - Controle de temperatura 3;
" ";Carregamento;Resfriamento;Saida Y1 - Ventiladores EC;Temp entrada glicol;Temp ref;Temp retorno ar;Temperatuda espeto;Umidade relativa da camara;Peso atual;DT Atual;DT ref;Cap Atual Valvula;Temp retorno ar M1A08;Temp Insuf de ar M1A08;" ";
2026-06-30 00:00:00.0;OFF;ON;100;-3,10;-2,40;1,10;10,70;95,60;90,90;4,10;3,50;---;0,90;0,40;
2026-06-30 00:01:00.0;OFF;ON;100;-3;-2,40;1,10;10,70;95,70;90,90;4,10;3,50;69,80;0,90;0,40;
2026-06-30 00:02:00.0;OFF;ON;100;-3,40;-2,50;1;10,60;95,70;90,90;4,40;3,50;65,90;0,90;0,30;
2026-06-30 00:03:00.0;OFF;ON;100;-3;-2,50;1;10,60;95,60;90,90;4;3,50;66,60;0,90;0,20;
2026-06-30 00:04:00.0;OFF;ON;100;-1,80;-2,60;0,90;10,60;95,30;90,90;2,70;3,50;77,10;0,80;0,10;
2026-06-30 00:05:00.0;OFF;ON;100;-2,10;-2,50;1;10,60;95,50;90,90;3,10;3,50;75,70;0,90;0,40;
2026-06-30 00:06:00.0;OFF;ON;100;-1,70;-2,40;1,10;10,50;95,80;90,90;2,70;3,50;78,70;0,90;0,40;
2026-06-30 00:07:00.0;OFF;ON;100;-1,60;-2,40;1,10;10,50;95,80;90,90;2,70;3,50;80,50;0,90;0,50;
2026-06-30 00:08:00.0;OFF;ON;100;-2;-2,40;1,10;10,50;95,90;90,90;3,10;3,50;79;1;0,50;
2026-06-30 00:09:00.0;OFF;ON;100;-2,40;-2,40;1,10;10,50;96;90,90;3,50;3,50;77,10;1;0,50;
2026-06-30 00:10:00.0;OFF;ON;100;-3,20;-2,40;1,10;10,40;95,90;90,90;4,30;3,50;70,40;1;0,50;
2026-06-30 00:11:00.0;OFF;ON;100;-2,40;-2,50;1;10,40;95,80;90,90;3,50;3,50;74;0,90;0,30;
2026-06-30 00:12:00.0;OFF;ON;100;-2,70;-2,60;0,90;10,40;95,40;90,90;3,60;3,50;73;0,80;0,10;
2026-06-30 00:13:00.0;OFF;ON;100;-2,70;-2,60;0,90;10,30;95,20;90,90;3,50;3,50;72,70;0,70;0;
2026-06-30 00:14:00.0;OFF;ON;100;-2,60;-2,70;0,80;10,30;95,10;90,90;3,50;3,50;72,70;0,70;0;
2026-06-30 00:15:00.0;OFF;ON;100;-2,70;-2,70;0,80;10,30;95,10;90,90;3,50;3,50;72,50;0,70;0;
2026-06-30 00:16:00.0;OFF;ON;100;-2,80;-2,70;0,80;10,30;95,10;90,90;3,60;3,50;72,20;0,70;0;
2026-06-30 00:17:00.0;OFF;ON;100;-2,60;-2,70;0,80;10,20;95;90,90;3,40;3,50;73,50;0,70;0;
2026-06-30 00:18:00.0;OFF;ON;100;-2,80;-2,70;0,80;10,20;95,10;90,90;3,50;3,50;73,60;0,60;-0,10;
2026-06-30 00:19:00.0;OFF;ON;100;-2,80;-2,70;0,80;10,20;95,10;90,90;3,50;3,50;72,60;0,60;-0,10;
2026-06-30 00:20:00.0;OFF;ON;100;-2,60;-2,70;0,80;10,20;95,10;90,90;3,40;3,50;74;0,60;-0,10;
2026-06-30 00:21:00.0;OFF;ON;100;-2,80;-2,80;0,70;10,10;95,10;90,90;3,50;3,50;73,60;0,60;-0,10;
2026-06-30 00:22:00.0;OFF;ON;100;-2,30;-2,80;0,70;10,10;95,10;90,90;3;3,50;77,10;0,60;-0,10;
2026-06-30 00:23:00.0;OFF;ON;100;-2,50;-2,70;0,80;10,10;95,30;90,90;3,30;3,50;76,30;0,60;0;
2026-06-30 00:24:00.0;OFF;ON;100;-2,50;-2,80;0,70;10,10;95,30;90,90;3,30;3,50;76,50;0,60;-0,10;
2026-06-30 00:25:00.0;OFF;ON;100;-2;-2,80;0,70;10;95,30;90,90;2,80;3,50;81;0,60;0;
2026-06-30 00:26:00.0;OFF;ON;100;-2,60;-2,70;0,80;10;95,40;90,90;3,40;3,50;76,90;0,60;0,10;
2026-06-30 00:27:00.0;OFF;ON;100;-3,20;-2,70;0,80;10;95,60;90,90;3,90;3,50;72,50;0,60;0;
2026-06-30 00:28:00.0;OFF;ON;100;-3,30;-2,80;0,70;10;95,50;90,90;3,90;3,50;71,70;0,60;-0,10;
2026-06-30 00:29:00.0;OFF;ON;100;-3,50;-2,80;0,70;9,90;95,30;90,90;4,20;3,50;69,10;0,50;-0,10;
2026-06-30 00:30:00.0;OFF;ON;100;-4;-2,80;0,70;9,90;95,30;90,90;4,70;3,50;64,20;0,50;-0,10;
2026-06-30 00:31:00.0;OFF;ON;100;-2,10;-2,80;0,70;9,90;95,30;90,90;2,80;3,50;75,40;0,50;-0,10;
2026-06-30 00:32:00.0;OFF;ON;100;-2,60;-2,70;0,80;9,90;95,40;91;3,40;3,50;72,70;0,50;-0,10;
2026-06-30 00:33:00.0;OFF;ON;100;-2,30;-2,50;1;9,90;95,60;90,90;3,30;3,50;73,50;0,50;-0,10;
2026-06-30 00:34:00.0;OFF;ON;100;-1,60;-2,50;1;9,90;95,80;90,90;2,50;3,50;79,30;0,50;-0,10;
2026-06-30 00:35:00.0;OFF;ON;100;-3,10;-2,50;1;9,90;95,80;90,90;4,10;3,50;69,80;0,60;0;
2026-06-30 00:36:00.0;OFF;ON;100;-3,50;-2,60;0,90;9,80;96;91;4,40;3,50;66;0,60;0,10;
2026-06-30 00:37:00.0;OFF;ON;100;-3,80;-2,60;0,90;9,80;96;91;4,70;3,50;62,90;0,60;0,10;
2026-06-30 00:38:00.0;OFF;ON;100;-2;-2,80;0,70;9,80;95,90;91;2,70;3,50;76,40;0,50;-0,10;
2026-06-30 00:39:00.0;OFF;ON;100;-2,50;-2,80;0,70;9,70;95,50;91;3,20;3,50;74,20;0,50;0;
2026-06-30 00:40:00.0;OFF;ON;100;-2,40;-2,80;0,70;9,70;95,50;91;3,10;3,50;75,70;0,50;0;
2026-06-30 00:41:00.0;OFF;ON;100;-2;-2,80;0,70;9,70;95,50;91;2,70;3,50;78,90;0,50;-0,10;
2026-06-30 00:42:00.0;OFF;ON;100;-2;-2,40;0,80;4,90;95,40;1,40;2,80;3,50;77,50;0,50;0;
2026-06-30 00:43:00.0;OFF;ON;100;-2,10;-0,70;0,90;2,10;95,80;0;2,90;3,50;63,20;0,50;-0,40;
2026-06-30 00:44:00.0;OFF;ON;100;-1,60;0,50;0,80;0,90;95,80;0;2,50;3,50;55,10;0,40;-0,60;
2026-06-30 00:45:00.0;OFF;ON;100;-1;0,90;0,80;0,60;95,80;0;1,80;3,50;54,10;0,40;-0,60;
2026-06-30 00:46:00.0;OFF;ON;100;0;2,30;0,90;0;95,90;0;0,90;3,50;46,10;0,50;-0,30;
2026-06-30 00:47:00.0;OFF;ON;100;0,50;3,30;1;-0,10;96,10;0,80;0,50;3,50;37,80;0,60;0,10;
2026-06-30 00:48:00.0;OFF;ON;100;0,80;3,60;1,10;-0,20;96,50;20,40;0,30;3,50;32,30;0,80;0,30;
2026-06-30 00:49:00.0;OFF;ON;100;0,90;3,70;1,20;-0,10;96,80;0;0,40;3,50;26,40;0,80;0,30;
2026-06-30 00:50:00.0;OFF;ON;100;1,20;3,80;1,30;-0,10;96,90;0;0,10;3,50;23;0,80;0,30;
2026-06-30 00:51:00.0;OFF;ON;50;1,10;3,80;1,30;-0,10;97;0;0,20;3,50;20;0,90;0,40;
2026-06-30 00:52:00.0;OFF;ON;50;1,20;3,90;1,40;0;97,10;0;0,20;3,50;20;0,90;0,40;
2026-06-30 00:53:00.0;OFF;ON;50;1,30;3,90;1,40;0,10;97,20;0;0,10;3,50;20;0,90;0,40;
2026-06-30 00:54:00.0;OFF;ON;50;1,60;4,10;1,60;0,60;97,20;0;0;3,50;20;1,10;0,50;
2026-06-30 00:55:00.0;OFF;ON;50;2;4,20;1,70;0,60;97,40;0;-0,30;3,50;20;1,40;0,50;
2026-06-30 00:56:00.0;OFF;ON;50;2,20;4,40;1,90;0,80;97,80;5,70;-0,30;3,50;20;1,70;0,80;
2026-06-30 00:57:00.0;OFF;ON;50;2,60;4,70;2,20;1;98,10;0,10;-0,40;3,50;20;1,90;1,20;
2026-06-30 00:58:00.0;OFF;ON;50;2,90;4,80;2,30;1,10;98,30;0;-0,60;3,50;20;2,10;1,80;
2026-06-30 00:59:00.0;OFF;ON;50;3,10;5,10;2,60;1,30;98,40;0;-0,50;3,50;20;2,40;2,60;
2026-06-30 01:00:00.0;OFF;ON;50;3,20;5,30;2,80;1,50;98,40;0;-0,40;3,50;20;2,60;3;
2026-06-30 01:01:00.0;OFF;ON;50;3,40;5,50;3;1,60;98,40;0;-0,50;3,50;20;2,80;3,20;
2026-06-30 01:02:00.0;OFF;ON;50;3,50;5,60;3,10;1,70;98,40;2,20;-0,40;3,50;20;2,90;3,30;
2026-06-30 01:03:00.0;OFF;ON;50;3,70;5,70;3,20;1,60;98,40;54,10;-0,50;3,50;20;3,10;3,50;
2026-06-30 01:04:00.0;OFF;ON;50;3,90;5,80;3,30;1,70;98,40;0,10;-0,60;3,50;20;3,30;3,60;
2026-06-30 01:05:00.0;OFF;ON;50;4;5,90;3,40;1,70;98,40;0;-0,50;3,50;20;3,50;3,80;
2026-06-30 01:06:00.0;OFF;ON;50;4,20;6;3,50;1,90;98,40;0;-0,60;3,50;20;3,50;3,90;
2026-06-30 01:07:00.0;OFF;ON;50;4,20;6,10;3,60;2,10;98,40;0;-0,60;3,50;20;3,50;4;
2026-06-30 01:08:00.0;OFF;ON;50;4,40;6,20;3,70;2,20;98,40;0;-0,70;3,50;20;3,70;4,10;
2026-06-30 01:09:00.0;OFF;ON;50;4,40;6,30;3,80;2,30;98,40;0;-0,70;3,50;20;3,70;4,10;
2026-06-30 01:10:00.0;OFF;ON;50;4,10;6,20;3,70;2;98,40;0;-0,40;3,50;20;3,50;4,20;
2026-06-30 01:11:00.0;OFF;ON;50;4,10;6,10;3,60;1,80;98,40;0;-0,40;3,50;20;3,40;4,10;
2026-06-30 01:12:00.0;OFF;ON;50;3,90;6,10;3,60;1,70;98,40;0;-0,30;3,50;20;3,40;4;
2026-06-30 01:13:00.0;OFF;ON;50;3,90;6;3,50;1,60;98,40;0;-0,40;3,50;20;3,30;3,90;
2026-06-30 01:14:00.0;OFF;ON;50;3,80;6;3,50;1,60;98,40;0;-0,30;3,50;20;3,30;3,90;
2026-06-30 01:15:00.0;OFF;ON;50;4;6;3,50;1,50;98,40;0;-0,50;3,50;20;3,30;3,90;
2026-06-30 01:16:00.0;OFF;ON;50;3,80;6;3,50;1,50;98,40;0;-0,30;3,50;20;3,30;3,80;
2026-06-30 01:17:00.0;OFF;ON;50;3,80;6;3,50;1,50;98,40;0;-0,30;3,50;20;3,30;3,80;
2026-06-30 01:18:00.0;OFF;ON;50;3,80;6;3,50;1,50;98,40;0;-0,30;3,50;20;3,20;3,70;
2026-06-30 01:19:00.0;OFF;ON;50;3,70;5,90;3,40;1,50;98,40;0;-0,30;3,50;20;3,20;3,70;
2026-06-30 01:20:00.0;OFF;ON;50;3,70;5,90;3,40;1,40;98,40;0;-0,30;3,50;20;3,20;3,70;
2026-06-30 01:21:00.0;OFF;ON;50;3,70;5,90;3,40;1,40;98,40;0;-0,20;3,50;20;3,20;3,70;
2026-06-30 01:22:00.0;OFF;ON;50;3,70;5,90;3,40;1,40;98,40;0;-0,30;3,50;20;3,20;3,70;
2026-06-30 01:23:00.0;OFF;ON;50;3,70;5,90;3,40;1,40;98,40;0;-0,30;3,50;20;3,20;3,70;
2026-06-30 01:24:00.0;OFF;ON;50;3,70;5,90;3,40;1,40;98,40;0;-0,30;3,50;20;3,20;3,70;
2026-06-30 01:25:00.0;OFF;ON;50;3,60;5,90;3,40;1,40;98,40;0;-0,10;3,50;20;3,20;3,70;
2026-06-30 01:26:00.0;OFF;ON;50;3,50;5,90;3,40;1,40;98,40;0;-0,10;3,50;20;3,30;3,70;
2026-06-30 01:27:00.0;OFF;ON;50;3,70;5,90;3,40;1,40;98,40;0;-0,30;3,50;20;3,20;3,60;
2026-06-30 01:28:00.0;OFF;ON;50;3,50;5,90;3,40;1,40;98,40;0;-0,10;3,50;20;3,20;3,60;
2026-06-30 01:29:00.0;OFF;ON;50;3,60;5,90;3,40;1,40;98,40;0;-0,10;3,50;20;3,30;3,60;
2026-06-30 01:30:00.0;OFF;ON;50;3,60;5,90;3,40;1,40;98,40;0;-0,20;3,50;20;3,30;3,60;
2026-06-30 01:31:00.0;OFF;ON;50;3,60;6;3,50;1,40;98,40;0;-0,20;3,50;20;3,30;3,60;
2026-06-30 01:32:00.0;OFF;ON;50;3,70;5,90;3,40;1,30;98,40;0;-0,20;3,50;20;3,30;3,60;
2026-06-30 01:33:00.0;OFF;ON;50;3,70;6;3,50;1,30;98,40;0;-0,20;3,50;20;3,30;3,60;
2026-06-30 01:34:00.0;OFF;ON;50;3,60;6;3,50;1,30;98,40;0;-0,20;3,50;20;3,30;3,70;
2026-06-30 01:35:00.0;OFF;ON;50;3,60;6;3,50;1,30;98,40;0;-0,20;3,50;20;3,30;3,70;
2026-06-30 01:36:00.0;OFF;ON;50;3,50;6;3,50;1,30;98,40;0;0;3,50;20;3,30;3,70;
2026-06-30 01:37:00.0;OFF;ON;50;3,70;6;3,50;1,30;98,40;0;-0,20;3,50;20;3,30;3,70;
2026-06-30 01:38:00.0;OFF;ON;50;3,60;6;3,50;1,30;98,40;0;-0,20;3,50;20;3,30;3,70;
2026-06-30 01:39:00.0;OFF;ON;50;3,50;6;3,50;1,30;98,40;0;0;3,50;20;3,30;3,70;
2026-06-30 01:40:00.0;OFF;ON;50;3,60;6;3,50;1,30;98,40;0;-0,10;3,50;20;3,30;3,70;
2026-06-30 01:41:00.0;OFF;ON;50;3,50;6;3,50;1,30;98,40;0;0;3,50;20;3,30;3,70;
2026-06-30 01:42:00.0;OFF;ON;50;3,60;6;3,50;1,30;98,40;0;-0,10;3,50;20;3,30;3,70;
2026-06-30 01:43:00.0;OFF;ON;50;3,70;6;3,50;1,30;98,40;0;-0,20;3,50;20;3,30;3,70;
2026-06-30 01:44:00.0;OFF;ON;50;3,70;6;3,50;1,30;98,40;0;-0,20;3,50;20;3,30;3,70;
2026-06-30 01:45:00.0;OFF;ON;50;3,70;6;3,50;1,40;98,40;0;-0,10;3,50;20;3,40;3,70;
2026-06-30 01:46:00.0;OFF;ON;50;3,50;6;3,50;1,40;98,40;0;0;3,50;20;3,40;3,70;
2026-06-30 01:47:00.0;OFF;ON;50;3,60;6;3,50;1,40;98,40;0;0;3,50;20;3,40;3,70;
2026-06-30 01:48:00.0;OFF;ON;50;3,70;6,10;3,60;1,40;98,40;0;-0,10;3,50;20;3,40;3,70;
2026-06-30 01:49:00.0;OFF;ON;50;3,60;6,10;3,60;1,40;98,40;0;0;3,50;20;3,40;3,70;
2026-06-30 01:50:00.0;OFF;ON;50;3,60;6,10;3,60;1,40;98,40;0;0;3,50;20;3,40;3,70;
2026-06-30 01:51:00.0;OFF;ON;50;3,60;6,10;3,60;1,40;98,40;0;0;3,50;20;3,40;3,70;
2026-06-30 01:52:00.0;OFF;ON;50;3,50;6,10;3,60;1,40;98,40;0;0;3,50;20;3,40;3,70;
2026-06-30 01:53:00.0;OFF;ON;50;3,70;6,10;3,60;1,40;98,40;0;-0,10;3,50;20;3,40;3,70;
2026-06-30 01:54:00.0;OFF;ON;50;3,60;6,10;3,60;1,40;98,40;0;0;3,50;20;3,40;3,70;
2026-06-30 01:55:00.0;OFF;ON;50;3,60;6,10;3,60;1,40;98,40;0;0;3,50;20;3,40;3,80;
2026-06-30 01:56:00.0;OFF;ON;50;3,60;6,10;3,60;1,40;98,40;0;0;3,50;20;3,40;3,80;
2026-06-30 01:57:00.0;OFF;ON;50;3,70;6,10;3,60;1,40;98,40;0;-0,10;3,50;20;3,40;3,80;
2026-06-30 01:58:00.0;OFF;ON;50;3,60;6,10;3,60;1,40;98,40;0;0;3,50;20;3,40;3,70;
2026-06-30 01:59:00.0;OFF;ON;50;3,70;6,10;3,60;1,40;98,30;0;-0,10;3,50;20;3,40;3,80;
2026-06-30 02:00:00.0;OFF;ON;50;3,80;6,10;3,60;1,40;98,30;0;-0,20;3,50;20;3,40;3,80;
2026-06-30 02:01:00.0;OFF;ON;50;3,90;6,10;3,60;1,40;98,30;0;-0,30;3,50;20;3,50;3,80;
2026-06-30 02:02:00.0;OFF;ON;50;3,90;6,20;3,70;1,50;98,30;0;-0,20;3,50;20;3,50;3,90;
2026-06-30 02:03:00.0;OFF;ON;50;3,90;6,20;3,70;1,50;98,40;0;-0,20;3,50;20;3,50;3,90;
2026-06-30 02:04:00.0;OFF;ON;50;3,90;6,20;3,70;1,50;98,40;0;-0,20;3,50;20;3,60;4;
2026-06-30 02:05:00.0;OFF;ON;50;3,90;6,20;3,70;1,50;98,40;0;-0,20;3,50;20;3,60;4;
2026-06-30 02:06:00.0;OFF;ON;50;3,90;6,30;3,80;1,50;98,40;0;0;3,50;20;3,60;4;
2026-06-30 02:07:00.0;OFF;ON;50;3,90;6,30;3,80;1,50;98,40;0;-0,10;3,50;20;3,60;4;
2026-06-30 02:08:00.0;OFF;ON;50;4,20;6,30;3,80;1,50;98,40;0;-0,40;3,50;20;3,60;4;
2026-06-30 02:09:00.0;OFF;ON;50;4,30;6,30;3,80;1,60;98,40;0;-0,50;3,50;20;3,60;4,10;
2026-06-30 02:10:00.0;OFF;ON;50;4,10;6,30;3,80;1,60;98,40;0;-0,30;3,50;20;3,60;4,10;
2026-06-30 02:11:00.0;OFF;ON;50;4,10;6,30;3,80;1,60;98,40;0;-0,30;3,50;20;3,70;4,10;
2026-06-30 02:12:00.0;OFF;ON;50;4,20;6,40;3,90;1,60;98,40;0;-0,30;3,50;20;3,70;4,20;
2026-06-30 02:13:00.0;OFF;ON;50;4,20;6,40;3,90;1,60;98,40;0;-0,30;3,50;20;3,70;4,20;
2026-06-30 02:14:00.0;OFF;ON;50;4,30;6,40;3,90;1,70;98,40;0;-0,40;3,50;20;3,80;4,20;
2026-06-30 02:15:00.0;OFF;ON;50;4,30;6,40;3,90;1,70;98,40;0;-0,40;3,50;20;3,80;4,30;
2026-06-30 02:16:00.0;OFF;ON;50;4,50;6,50;4;1,70;98,40;0;-0,50;3,50;20;3,80;4,30;
2026-06-30 02:17:00.0;OFF;ON;50;4,40;6,50;4;1,70;98,40;0;-0,50;3,50;20;3,80;4,30;
2026-06-30 02:18:00.0;OFF;ON;50;4,50;6,50;4;1,70;98,40;0;-0,50;3,50;20;3,80;4,30;
2026-06-30 02:19:00.0;OFF;ON;50;4,40;6,50;4;1,70;98,40;0;-0,40;3,50;20;3,90;4,40;
2026-06-30 02:20:00.0;OFF;ON;50;4,60;6,50;4;1,80;98,40;0;-0,60;3,50;20;3,90;4,40;
2026-06-30 02:21:00.0;OFF;ON;50;4,60;6,50;4;1,80;98,40;0;-0,60;3,50;20;3,90;4,40;
2026-06-30 02:22:00.0;OFF;ON;50;4,60;6,60;4,10;1,80;98,40;0;-0,50;3,50;20;3,90;4,40;
2026-06-30 02:23:00.0;OFF;ON;50;4,50;6,60;4,10;1,80;98,40;0;-0,40;3,50;20;3,90;4,50;
2026-06-30 02:24:00.0;OFF;ON;50;4,50;6,60;4,10;1,80;98,40;0;-0,40;3,50;20;4;4,50;
2026-06-30 02:25:00.0;OFF;ON;50;4,70;6,60;4,10;1,80;98,40;0;-0,50;3,50;20;4;4,50;
2026-06-30 02:26:00.0;OFF;ON;50;4,70;6,60;4,10;1,80;98,40;0;-0,60;3,50;20;4;4,50;
2026-06-30 02:27:00.0;OFF;ON;50;4,70;6,70;4,20;1,90;98,40;0;-0,50;3,50;20;4;4,50;
2026-06-30 02:28:00.0;OFF;ON;50;4,60;6,70;4,20;1,90;98,40;0;-0,50;3,50;20;4;4,60;
2026-06-30 02:29:00.0;OFF;ON;50;4,70;6,70;4,20;1,90;98,40;0;-0,60;3,50;20;4,10;4,60;
2026-06-30 02:30:00.0;OFF;ON;50;4,80;6,70;4,20;1,90;98,40;0;-0,60;3,50;20;4,10;4,60;
2026-06-30 02:31:00.0;OFF;ON;50;4,60;6,70;4,20;1,90;98,40;0;-0,40;3,50;20;4,10;4,60;
2026-06-30 02:32:00.0;OFF;ON;50;4,70;6,70;4,20;1,90;98,40;0;-0,50;3,50;20;4,10;4,60;
2026-06-30 02:33:00.0;OFF;ON;50;4,70;6,70;4,20;1,90;98,40;0;-0,50;3,50;20;4,10;4,60;
2026-06-30 02:34:00.0;OFF;ON;50;4,80;6,80;4,30;2;98,40;0;-0,60;3,50;20;4,10;4,70;
2026-06-30 02:35:00.0;OFF;ON;50;4,80;6,80;4,30;2;98,40;0;-0,50;3,50;20;4,20;4,70;
2026-06-30 02:36:00.0;OFF;ON;50;4,80;6,80;4,30;2,20;98,40;0;-0,50;3,50;20;4,20;4,70;
2026-06-30 02:37:00.0;OFF;ON;50;5;6,90;4,40;2,30;98,40;0;-0,70;3,50;20;4,20;4,70;
2026-06-30 02:38:00.0;OFF;ON;50;4,90;6,90;4,40;2,30;98,40;0;-0,50;3,50;20;4,20;4,80;
2026-06-30 02:39:00.0;OFF;ON;50;4,90;6,90;4,40;2,20;98,40;0;-0,50;3,50;20;4,20;4,80;
2026-06-30 02:40:00.0;OFF;ON;50;4,90;6,90;4,40;2,20;98,40;0;-0,50;3,50;20;4,30;4,80;
2026-06-30 02:41:00.0;OFF;ON;50;5;6,90;4,40;2,20;98,40;0;-0,60;3,50;20;4,30;4,80;
2026-06-30 02:42:00.0;OFF;ON;50;5;6,90;4,40;2,20;98,40;0;-0,60;3,50;20;4,30;4,80;
2026-06-30 02:43:00.0;OFF;ON;50;4,90;6,90;4,40;2,20;98,40;0;-0,40;3,50;20;4,30;4,80;
2026-06-30 02:44:00.0;OFF;ON;50;5;7;4,50;2,40;98,40;0;-0,50;3,50;20;4,30;4,80;
2026-06-30 02:45:00.0;OFF;ON;50;5,20;7;4,50;2,40;98,40;0;-0,70;3,50;20;4,30;4,90;
2026-06-30 02:46:00.0;OFF;ON;50;5;7;4,50;2,40;98,40;0;-0,50;3,50;20;4,40;4,90;
2026-06-30 02:47:00.0;OFF;ON;50;5,10;7;4,50;2,30;98,40;0;-0,50;3,50;20;4,40;4,90;
2026-06-30 02:48:00.0;OFF;ON;50;5,20;7;4,50;2,30;98,40;0;-0,70;3,50;20;4,40;4,90;
2026-06-30 02:49:00.0;OFF;ON;50;5,20;7;4,50;2,30;98,40;0;-0,70;3,50;20;4,40;4,90;
2026-06-30 02:50:00.0;OFF;ON;50;5,20;7;4,50;2,30;98,40;0;-0,70;3,50;20;4,40;5;
2026-06-30 02:51:00.0;OFF;ON;50;5,10;7,10;4,60;2,30;98,40;0;-0,50;3,50;20;4,40;5;
2026-06-30 02:52:00.0;OFF;ON;50;5,20;7,10;4,60;2,40;98,40;0;-0,60;3,50;20;4,40;5;
2026-06-30 02:53:00.0;OFF;ON;50;5,20;7,10;4,60;2,40;98,40;0;-0,60;3,50;20;4,40;5;
2026-06-30 02:54:00.0;OFF;ON;50;5,20;7,10;4,60;2,50;98,40;0;-0,60;3,50;20;4,50;5;
2026-06-30 02:55:00.0;OFF;ON;50;5,20;7,10;4,60;2,50;98,40;0;-0,60;3,50;20;4,50;5;
2026-06-30 02:56:00.0;OFF;ON;50;5,30;7,10;4,60;2,40;98,40;0;-0,70;3,50;20;4,50;5;
2026-06-30 02:57:00.0;OFF;ON;50;5,20;7,10;4,60;2,40;98,40;0;-0,60;3,50;20;4,50;5;
2026-06-30 02:58:00.0;OFF;ON;50;5,20;7,10;4,60;2,40;98,40;0;-0,60;3,50;20;4,50;5,10;
2026-06-30 02:59:00.0;OFF;ON;50;5,20;7,20;4,70;2,50;98,40;0;-0,50;3,50;20;4,50;5,10;
2026-06-30 03:00:00.0;OFF;ON;50;5,30;7,20;4,70;2,50;98,40;0;-0,70;3,50;20;4,50;5,10;
2026-06-30 03:01:00.0;OFF;ON;50;5,20;7,20;4,70;2,50;98,40;0;-0,60;3,50;20;4,50;5,10;
2026-06-30 03:02:00.0;OFF;ON;50;5,30;7,20;4,70;2,50;98,40;0;-0,70;3,50;20;4,50;5,10;
2026-06-30 03:03:00.0;OFF;ON;50;5,10;7,20;4,70;2,50;98,40;0;-0,40;3,50;20;4,60;5,10;
2026-06-30 03:04:00.0;OFF;ON;50;5,20;7,20;4,70;2,50;98,40;0;-0,60;3,50;20;4,60;5,10;
2026-06-30 03:05:00.0;OFF;ON;50;5,20;7,20;4,70;2,50;98,40;0;-0,60;3,50;20;4,60;5,10;
2026-06-30 03:06:00.0;OFF;ON;50;5,30;7,20;4,70;2,50;98,40;0;-0,60;3,50;20;4,60;5,20;
2026-06-30 03:07:00.0;OFF;ON;50;5,20;7,20;4,70;2,50;98,40;0;-0,50;3,50;20;4,60;5,20;
2026-06-30 03:08:00.0;OFF;ON;50;5,40;7,20;4,70;2,50;98,40;0;-0,70;3,50;20;4,60;5,20;
2026-06-30 03:09:00.0;OFF;ON;50;5,30;7,20;4,70;2,50;98,40;0;-0,60;3,50;20;4,60;5,20;
2026-06-30 03:10:00.0;OFF;ON;50;5,20;7,20;4,70;2,60;98,40;0;-0,50;3,50;20;4,60;5,20;
2026-06-30 03:11:00.0;OFF;ON;50;5,30;7,30;4,80;2,60;98,40;0;-0,60;3,50;20;4,60;5,20;
2026-06-30 03:12:00.0;OFF;ON;50;5,40;7,30;4,80;2,60;98,40;0;-0,70;3,50;20;4,60;5,20;
2026-06-30 03:13:00.0;OFF;ON;50;5,30;7,20;4,70;2,60;98,40;0;-0,50;3,50;20;4,60;5,20;
2026-06-30 03:14:00.0;OFF;ON;50;5,40;7,30;4,80;2,60;98,40;0;-0,60;3,50;20;4,60;5,20;
2026-06-30 03:15:00.0;OFF;ON;50;5,30;7,30;4,80;2,60;98,40;0;-0,50;3,50;20;4,70;5,30;
2026-06-30 03:16:00.0;OFF;ON;50;5,30;7,30;4,80;2,60;98,40;0;-0,50;3,50;20;4,70;5,20;
2026-06-30 03:17:00.0;OFF;ON;50;5,30;7,30;4,80;2,60;98,40;0;-0,50;3,50;20;4,70;5,30;
2026-06-30 03:18:00.0;OFF;ON;50;5,30;7,30;4,80;2,60;98,40;0;-0,50;3,50;20;4,70;5,30;
2026-06-30 03:19:00.0;OFF;ON;50;5,40;7,30;4,80;2,60;98,40;0;-0,60;3,50;20;4,70;5,30;
2026-06-30 03:20:00.0;OFF;ON;50;5,40;7,30;4,80;2,60;98,40;0;-0,50;3,50;20;4,70;5,20;
2026-06-30 03:21:00.0;OFF;ON;50;5,40;7,30;4,80;2,60;98,40;0;-0,60;3,50;20;4,70;5,30;
2026-06-30 03:22:00.0;OFF;ON;50;5,40;7,30;4,80;2,70;98,40;0;-0,60;3,50;20;4,70;5,30;
2026-06-30 03:23:00.0;OFF;ON;50;5,40;7,30;4,80;2,70;98,40;0;-0,60;3,50;20;4,70;5,30;
2026-06-30 03:24:00.0;OFF;ON;50;5,50;7,30;4,80;2,70;98,40;0;-0,70;3,50;20;4,70;5,30;
2026-06-30 03:25:00.0;OFF;ON;50;5,50;7,30;4,80;2,70;98,40;0;-0,70;3,50;20;4,70;5,30;
2026-06-30 03:26:00.0;OFF;ON;50;5,50;7,40;4,90;2,70;98,40;0;-0,60;3,50;20;4,70;5,40;
2026-06-30 03:27:00.0;OFF;ON;50;5,50;7,40;4,90;2,70;98,40;0;-0,60;3,50;20;4,80;5,40;
2026-06-30 03:28:00.0;OFF;ON;50;5,40;7,40;4,90;2,70;98,40;0;-0,60;3,50;20;4,80;5,30;
2026-06-30 03:29:00.0;OFF;ON;50;5,50;7,40;4,90;2,70;98,40;0;-0,60;3,50;20;4,80;5,30;
2026-06-30 03:30:00.0;OFF;ON;50;5,60;7,40;4,90;2,70;98,40;0;-0,70;3,50;20;4,80;5,40;
2026-06-30 03:31:00.0;OFF;ON;50;5,50;7,40;4,90;2,70;98,40;0;-0,60;3,50;20;4,80;5,40;
2026-06-30 03:32:00.0;OFF;ON;50;5,50;7,40;4,90;2,70;98,40;0;-0,60;3,50;20;4,80;5,40;
2026-06-30 03:33:00.0;OFF;ON;50;5,60;7,40;4,90;2,80;98,40;0;-0,70;3,50;20;4,80;5,40;
2026-06-30 03:34:00.0;OFF;ON;50;5,50;7,40;4,90;2,80;98,40;0;-0,50;3,50;20;4,80;5,40;
2026-06-30 03:35:00.0;OFF;ON;50;5,30;7,40;4,90;2,80;98,40;0;-0,40;3,50;20;4,80;5,40;
2026-06-30 03:36:00.0;OFF;ON;50;5,60;7,40;4,90;2,80;98,40;0;-0,60;3,50;20;4,80;5,40;
2026-06-30 03:37:00.0;OFF;ON;50;5,60;7,40;4,90;2,80;98,40;0;-0,60;3,50;20;4,80;5,40;
2026-06-30 03:38:00.0;OFF;ON;50;5,60;7,40;4,90;2,80;98,40;0;-0,70;3,50;20;4,80;5,40;
2026-06-30 03:39:00.0;OFF;ON;50;5,50;7,50;5;3;98,40;0;-0,50;3,50;20;4,80;5,50;
2026-06-30 03:40:00.0;OFF;ON;50;5,50;7,50;5;3,10;98,40;0;-0,50;3,50;20;4,90;5,50;
2026-06-30 03:41:00.0;OFF;ON;50;5,80;7,60;5,10;3,10;98,40;0;-0,70;3,50;20;4,90;5,50;
2026-06-30 03:42:00.0;OFF;ON;50;5,70;7,60;5,10;3,20;98,40;0;-0,60;3,50;20;4,90;5,60;
2026-06-30 03:43:00.0;OFF;ON;50;5,70;7,60;5,10;3,20;98,40;0;-0,50;3,50;20;4,90;5,60;
2026-06-30 03:44:00.0;OFF;ON;50;5,70;7,60;5,10;3,30;98,40;0;-0,50;3,50;20;4,90;5,60;
2026-06-30 03:45:00.0;OFF;ON;50;5,80;7,60;5,10;3,20;98,40;0;-0,70;3,50;20;4,90;5,60;
2026-06-30 03:46:00.0;OFF;ON;50;5,80;7,60;5,10;3,10;98,40;0;-0,60;3,50;20;5;5,70;
2026-06-30 03:47:00.0;OFF;ON;50;5,70;7,60;5,10;3,10;98,40;0;-0,60;3,50;20;5;5,70;
2026-06-30 03:48:00.0;OFF;ON;50;5,80;7,70;5,20;3,10;98,40;0;-0,60;3,50;20;5;5,70;
2026-06-30 03:49:00.0;OFF;ON;50;5,70;7,70;5,20;3,10;98,40;0;-0,50;3,50;20;5;5,70;
2026-06-30 03:50:00.0;OFF;ON;50;5,80;7,70;5,20;3,10;98,40;0;-0,50;3,50;20;5;5,70;
2026-06-30 03:51:00.0;OFF;ON;50;5,70;7,70;5,20;3,10;98,40;0;-0,50;3,50;20;5;5,70;
2026-06-30 03:52:00.0;OFF;ON;50;5,80;7,60;5,10;3,10;98,40;0;-0,70;3,50;20;5;5,60;
2026-06-30 03:53:00.0;OFF;ON;50;5,70;7,60;5,10;3,10;98,40;0;-0,60;3,50;20;5;5,60;
2026-06-30 03:54:00.0;OFF;ON;50;5,90;7,60;5,10;3,10;98,40;0;-0,70;3,50;20;5;5,70;
2026-06-30 03:55:00.0;OFF;ON;50;5,60;7,70;5,20;3,10;98,40;0;-0,50;3,50;20;5;5,70;
2026-06-30 03:56:00.0;OFF;ON;50;5,90;7,70;5,20;3,20;98,40;0;-0,70;3,50;20;5;5,70;
2026-06-30 03:57:00.0;OFF;ON;50;5,80;7,70;5,20;3,20;98,40;0;-0,60;3,50;20;5;5,70;
2026-06-30 03:58:00.0;OFF;ON;50;5,90;7,80;5,30;3,30;98,40;0;-0,70;3,50;20;5;5,70;
2026-06-30 03:59:00.0;OFF;ON;50;6;7,80;5,30;3,30;98,40;0;-0,80;3,50;20;5,10;5,80;
2026-06-30 04:00:00.0;OFF;ON;50;5,70;7,80;5,30;3,30;98,40;0;-0,40;3,50;20;5,10;5,80;
2026-06-30 04:01:00.0;OFF;ON;50;5,70;7,80;5,30;3,20;98,40;0;-0,40;3,50;20;5,10;5,80;
2026-06-30 04:02:00.0;OFF;ON;50;5,50;7,70;5,20;3,20;98,40;0;-0,30;3,50;20;5,10;5,70;
2026-06-30 04:03:00.0;OFF;ON;50;5,40;7,70;5,20;3,20;98,40;0;-0,20;3,50;20;5,10;5,60;
2026-06-30 04:04:00.0;OFF;ON;50;5,40;7,70;5,20;3,20;98,40;0;-0,20;3,50;20;5;5,60;
2026-06-30 04:05:00.0;OFF;ON;50;5,30;7,60;5,10;3,10;98,40;0;-0,10;3,50;20;5;5,50;
2026-06-30 04:06:00.0;OFF;ON;50;5,20;7,60;5,10;3,10;98,40;0;-0,10;3,50;20;4,90;5,40;
2026-06-30 04:07:00.0;OFF;ON;50;5,40;7,50;5;3,10;98,40;0;-0,30;3,50;20;4,90;5,30;
2026-06-30 04:08:00.0;OFF;ON;50;5,20;7,50;5;3,10;98,40;0;-0,20;3,50;20;4,90;5,30;
2026-06-30 04:09:00.0;OFF;ON;50;5,20;7,50;5;3;98,40;0;-0,20;3,50;20;4,90;5,30;
2026-06-30 04:10:00.0;OFF;ON;50;5,20;7,50;5;3;98,40;0;-0,10;3,50;20;4,90;5,30;
2026-06-30 04:11:00.0;OFF;ON;50;5,10;7,50;5;3;98,50;0;-0,10;3,50;20;4,90;5,30;
2026-06-30 04:12:00.0;OFF;ON;50;5,20;7,50;5;3;98,50;0;-0,20;3,50;20;4,80;5,20;
2026-06-30 04:13:00.0;OFF;ON;50;4,90;7,50;5;3;98,50;0;0;3,50;20;4,80;5,20;
2026-06-30 04:14:00.0;OFF;ON;50;5,10;7,40;4,90;3;98,40;0;-0,20;3,50;20;4,80;5,10;
2026-06-30 04:15:00.0;OFF;ON;50;5;7,40;4,90;3;98,40;0;-0,10;3,50;20;4,80;5,10;
2026-06-30 04:16:00.0;OFF;ON;50;5,10;7,40;4,90;2,90;98,40;0;-0,20;3,50;20;4,80;5,10;
2026-06-30 04:17:00.0;OFF;ON;50;5;7,40;4,90;2,90;98,40;0;-0,10;3,50;20;4,80;5,10;
2026-06-30 04:18:00.0;OFF;ON;50;4,90;7,40;4,90;2,90;98,40;0;0;3,50;20;4,80;5,10;
2026-06-30 04:19:00.0;OFF;ON;50;5;7,40;4,90;2,90;98,30;0;-0,10;3,50;20;4,70;5;
2026-06-30 04:20:00.0;OFF;ON;50;5;7,40;4,90;2,90;98,30;0;-0,10;3,50;20;4,70;5;
2026-06-30 04:21:00.0;OFF;ON;50;4,90;7,30;4,80;2,90;98,30;0;-0,10;3,50;20;4,70;5;
2026-06-30 04:22:00.0;OFF;ON;50;4,90;7,30;4,80;2,90;98,20;0;-0,10;3,50;20;4,70;5;
2026-06-30 04:23:00.0;OFF;ON;50;4,90;7,30;4,80;2,80;98,20;0;-0,10;3,50;20;4,70;4,90;
2026-06-30 04:24:00.0;OFF;ON;50;4,80;7,30;4,80;2,80;98,10;0;0;3,50;20;4,70;4,90;
2026-06-30 04:25:00.0;OFF;ON;50;4,90;7,30;4,80;2,80;98,20;0;-0,10;3,50;20;4,60;4,90;
2026-06-30 04:26:00.0;OFF;ON;50;4,80;7,30;4,80;2,90;98,10;0;0;3,50;20;4,60;4,90;
2026-06-30 04:27:00.0;OFF;ON;50;4,90;7,30;4,80;3,10;98,10;0;-0,10;3,50;20;4,60;4,90;
2026-06-30 04:28:00.0;OFF;ON;50;4,90;7,30;4,80;3,10;98,10;0;-0,10;3,50;20;4,70;4,90;
2026-06-30 04:29:00.0;OFF;ON;50;5;7,30;4,80;3;98,20;0;-0,20;3,50;20;4,60;4,90;
2026-06-30 04:30:00.0;OFF;ON;50;5;7,30;4,80;3;98,20;0;-0,20;3,50;20;4,70;5;
2026-06-30 04:31:00.0;OFF;ON;50;4,90;7,30;4,80;2,90;98,20;0;-0,10;3,50;20;4,70;5;
2026-06-30 04:32:00.0;OFF;ON;50;5;7,30;4,80;2,90;98,20;0;-0,20;3,50;20;4,70;5;
2026-06-30 04:33:00.0;OFF;ON;50;5,10;7,40;4,90;3;98,30;0;-0,30;3,50;20;4,70;5;
2026-06-30 04:34:00.0;OFF;ON;50;5,10;7,40;4,90;3;98,30;0;-0,30;3,50;20;4,70;5,10;
2026-06-30 04:35:00.0;OFF;ON;50;5,10;7,40;4,90;2,90;98,30;0;-0,20;3,50;20;4,70;5,10;
2026-06-30 04:36:00.0;OFF;ON;50;5,10;7,40;4,90;2,90;98,30;0;-0,30;3,50;20;4,70;5,10;
2026-06-30 04:37:00.0;OFF;ON;50;5,20;7,40;4,90;2,90;98,30;0;-0,30;3,50;20;4,80;5,20;
2026-06-30 04:38:00.0;OFF;ON;50;5,30;7,40;4,90;2,90;98,30;0;-0,40;3,50;20;4,80;5,20;
2026-06-30 04:39:00.0;OFF;ON;50;5,20;7,40;4,90;2,90;98,40;0;-0,30;3,50;20;4,80;5,20;
2026-06-30 04:40:00.0;OFF;ON;50;5,20;7,40;4,90;2,90;98,40;0;-0,30;3,50;20;4,80;5,20;
2026-06-30 04:41:00.0;OFF;ON;50;5,20;7,50;5;3,10;98,40;0;-0,20;3,50;20;4,80;5,20;
2026-06-30 04:42:00.0;OFF;ON;50;5,20;7,50;5;3,10;98,40;0;-0,20;3,50;20;4,80;5,20;
2026-06-30 04:43:00.0;OFF;ON;50;5,40;7,40;5;3,60;98,40;109,70;-0,40;3,50;20;4,80;5,20;
2026-06-30 04:44:00.0;OFF;ON;50;5,30;7,40;5;4,30;98,40;109,70;-0,30;3,50;20;4,80;5,30;
2026-06-30 04:45:00.0;OFF;ON;50;5,40;7,60;5,10;4,30;98,50;109,70;-0,30;3,50;20;4,90;5,40;
2026-06-30 04:46:00.0;OFF;ON;50;5,40;7,60;5,10;4,30;98,40;109,80;-0,30;3,50;20;4,90;5,40;
2026-06-30 04:47:00.0;OFF;ON;50;5,40;7,60;5,10;4,20;98,40;109,80;-0,30;3,50;20;4,90;5,40;
2026-06-30 04:48:00.0;OFF;ON;50;5,40;7,60;5,10;4,20;98,40;109,80;-0,30;3,50;20;4,90;5,40;
2026-06-30 04:49:00.0;OFF;ON;50;5,30;7,60;5,10;4,20;98,40;109,80;-0,30;3,50;20;4,90;5,30;
2026-06-30 04:50:00.0;OFF;ON;50;5,20;7,50;5;4,20;98,40;109,80;-0,20;3,50;20;4,90;5,30;
2026-06-30 04:51:00.0;OFF;ON;50;5,20;7,50;5;4,20;98,40;109,80;-0,20;3,50;20;4,80;5,20;
2026-06-30 04:52:00.0;OFF;ON;50;5,20;7,50;5;4,20;98,40;109,80;-0,20;3,50;20;4,80;5,20;
2026-06-30 04:53:00.0;OFF;ON;50;5,40;7,50;5;4,20;98,40;109,80;-0,40;3,50;20;4,80;5,20;
2026-06-30 04:54:00.0;OFF;ON;50;5,30;7,50;5;4,20;98,40;109,70;-0,40;3,50;20;4,80;5,30;
2026-06-30 04:55:00.0;OFF;ON;50;5,30;7,50;5;3,20;98,40;1,80;-0,30;3,50;20;4,80;5,30;
2026-06-30 04:56:00.0;OFF;ON;50;5,50;7,50;5;2,50;98,40;0;-0,40;3,50;20;4,90;5,30;
2026-06-30 04:57:00.0;OFF;ON;50;5,30;7,50;5;2,50;98,40;0;-0,30;3,50;20;4,90;5,30;
2026-06-30 04:58:00.0;OFF;ON;50;5,30;7,50;5;2,40;98,40;0;-0,30;3,50;20;4,90;5,40;
2026-06-30 04:59:00.0;OFF;ON;50;5,30;7,50;5;2,40;98,40;0;-0,30;3,50;20;4,90;5,40;
2026-06-30 05:00:00.0;OFF;ON;50;5,20;7,50;5;2,40;98,40;0;-0,20;3,50;20;4,90;5,30;
2026-06-30 05:01:00.0;OFF;ON;50;5,20;7,50;5;2,40;98,40;0;-0,20;3,50;20;4,90;5,30;
2026-06-30 05:02:00.0;OFF;ON;50;5,20;7,50;5;2,40;98,40;0;-0,20;3,50;20;4,90;5,30;
2026-06-30 05:03:00.0;OFF;ON;50;5,30;7,50;5;2,40;98,40;0;-0,30;3,50;20;4,80;5,30;
2026-06-30 05:04:00.0;OFF;ON;50;5,30;7,50;5;2,50;98,50;0;-0,30;3,50;20;4,90;5,30;
2026-06-30 05:05:00.0;OFF;ON;50;5,50;7,50;5;2,50;98,40;0;-0,50;3,50;20;4,90;5,30;
2026-06-30 05:06:00.0;OFF;ON;50;5,40;7,50;5;2,50;98,40;0;-0,40;3,50;20;4,90;5,40;
2026-06-30 05:07:00.0;OFF;ON;50;5,30;7,50;5;2,50;98,40;0;-0,30;3,50;20;4,90;5,40;
2026-06-30 05:08:00.0;OFF;ON;50;5,20;7,50;5;2,50;98,40;0;-0,20;3,50;20;4,90;5,40;
2026-06-30 05:09:00.0;OFF;ON;50;5,30;7,50;5;2,50;98,40;0;-0,30;3,50;20;4,90;5,30;
2026-06-30 05:10:00.0;OFF;ON;50;5,30;7,50;5;2,50;98,40;0;-0,30;3,50;20;4,90;5,30;
2026-06-30 05:11:00.0;OFF;ON;50;5,40;7,50;5;2,60;98,40;0;-0,40;3,50;20;4,90;5,30;
2026-06-30 05:12:00.0;OFF;ON;50;5,30;7,50;5;2,60;98,50;0;-0,30;3,50;20;4,90;5,30;
2026-06-30 05:13:00.0;OFF;ON;50;5,40;7,50;5;2,60;98,50;0;-0,40;3,50;20;4,90;5,30;
2026-06-30 05:14:00.0;OFF;ON;50;5,40;7,50;5;2,60;98,50;0;-0,30;3,50;20;4,90;5,40;
2026-06-30 05:15:00.0;OFF;ON;50;5,20;7,50;5;2,60;98,50;0;-0,20;3,50;20;4,90;5,40;
2026-06-30 05:16:00.0;OFF;ON;50;5,20;7,50;5;2,60;98,50;0;-0,20;3,50;20;4,90;5,30;
2026-06-30 05:17:00.0;OFF;ON;50;5,20;7,50;5;2,60;98,40;0;-0,20;3,50;20;4,90;5,30;
2026-06-30 05:18:00.0;OFF;ON;50;5,10;7,50;5;2,60;98,40;0;-0,10;3,50;20;4,80;5,20;
2026-06-30 05:19:00.0;OFF;ON;50;5,10;7,50;5;2,70;98,40;0;-0,20;3,50;20;4,80;5,20;
2026-06-30 05:20:00.0;OFF;ON;50;5,10;7,50;5;2,70;98,40;0;-0,20;3,50;20;4,80;5,20;
2026-06-30 05:21:00.0;OFF;ON;50;5,20;7,50;5;2,70;98,40;0;-0,20;3,50;20;4,80;5,20;
2026-06-30 05:22:00.0;OFF;ON;50;5,10;7,50;5;2,70;98,40;0;-0,10;3,50;20;4,80;5,20;
2026-06-30 05:23:00.0;OFF;ON;50;5;7,40;4,90;2,70;98,40;0;0;3,50;20;4,80;5,10;
2026-06-30 05:24:00.0;OFF;ON;50;5,10;7,40;4,90;2,70;98,30;0;-0,10;3,50;20;4,80;5,10;
2026-06-30 05:25:00.0;OFF;ON;50;4,90;7,40;4,90;2,70;98,30;0;0;3,50;20;4,80;5,10;
2026-06-30 05:26:00.0;OFF;ON;50;4,90;7,40;4,90;2,70;98,30;0;0;3,50;20;4,80;5;
2026-06-30 05:27:00.0;OFF;ON;50;4,80;7,40;4,90;2,70;98,30;0;0,10;3,50;20;4,70;5;
2026-06-30 05:28:00.0;OFF;ON;50;4,90;7,40;4,90;2,80;98,30;0;0;3,50;20;4,70;5;
2026-06-30 05:29:00.0;OFF;ON;50;4,90;7,30;4,80;2,80;98,20;0;0;3,50;20;4,70;5;
2026-06-30 05:30:00.0;OFF;ON;50;5,10;7,30;4,80;2,80;98,20;0;-0,30;3,50;20;4,70;5;
2026-06-30 05:31:00.0;OFF;ON;50;5,10;7,30;4,80;2,80;98,20;0;-0,20;3,50;20;4,70;5;
2026-06-30 05:32:00.0;OFF;ON;50;5;7,40;4,90;2,80;98,20;0;-0,10;3,50;20;4,70;5,10;
2026-06-30 05:33:00.0;OFF;ON;50;5;7,50;5;2,80;98,20;0;-0,10;3,50;20;4,80;5,10;
2026-06-30 05:34:00.0;OFF;ON;50;5;7,40;4,90;2,80;98,20;0;0;3,50;20;4,80;5,10;
2026-06-30 05:35:00.0;OFF;ON;50;4,90;7,40;4,90;2,80;98,30;0;0;3,50;20;4,80;5,10;
2026-06-30 05:36:00.0;OFF;ON;50;5,30;7,50;5;2,80;98,30;0;-0,30;3,50;20;4,80;5,10;
2026-06-30 05:37:00.0;OFF;ON;50;5,30;7,50;5;2,90;98,30;0;-0,30;3,50;20;4,80;5,10;
2026-06-30 05:38:00.0;OFF;ON;50;5,30;7,50;5;2,90;98,40;0;-0,30;3,50;20;4,80;5,20;
2026-06-30 05:39:00.0;OFF;ON;50;5,40;7,50;5;2,90;98,40;0;-0,30;3,50;20;4,80;5,20;
2026-06-30 05:40:00.0;OFF;ON;50;5,30;7,50;5;2,90;98,40;0;-0,30;3,50;20;4,80;5,30;
2026-06-30 05:41:00.0;OFF;ON;50;5,30;7,50;5;2,90;98,40;0;-0,20;3,50;20;4,80;5,30;
2026-06-30 05:42:00.0;OFF;ON;50;5,10;7,50;5;2,90;98,40;0;-0,10;3,50;20;4,80;5,30;
2026-06-30 05:43:00.0;OFF;ON;50;5,10;7,60;5,10;2,90;98,40;0;0;3,50;20;4,90;5,20;
2026-06-30 05:44:00.0;OFF;ON;50;5,20;7,50;5;2,90;98,40;0;-0,20;3,50;20;4,80;5,20;
2026-06-30 05:45:00.0;OFF;ON;50;5,10;7,50;5;2,90;98,50;0,10;-0,10;3,50;20;4,80;5,20;
2026-06-30 05:46:00.0;OFF;ON;50;5,20;7,50;5;2,90;98,40;0;-0,20;3,50;20;4,80;5,20;
2026-06-30 05:47:00.0;OFF;ON;50;5,10;7,50;5;2,90;98,40;0;0;3,50;20;4,80;5,20;
2026-06-30 05:48:00.0;OFF;ON;50;5;7,50;5;2,90;98,40;0;0;3,50;20;4,80;5,20;
2026-06-30 05:49:00.0;OFF;ON;50;5,20;7,50;5;2,90;98,40;0;-0,20;3,50;20;4,80;5,20;
2026-06-30 05:50:00.0;OFF;ON;50;5,10;7,50;5;2,90;98,40;0;-0,10;3,50;20;4,80;5,20;
2026-06-30 05:51:00.0;OFF;ON;50;5,20;7,50;5;3;98,40;0;-0,20;3,50;20;4,80;5,20;
2026-06-30 05:52:00.0;OFF;ON;50;5,20;7,50;5;3;98,40;0;-0,20;3,50;20;4,80;5,20;
2026-06-30 05:53:00.0;OFF;ON;50;5,30;7,50;5;3;98,40;0;-0,30;3,50;20;4,80;5,20;
2026-06-30 05:54:00.0;OFF;ON;50;5,20;7,50;5;3;98,40;0;-0,20;3,50;20;4,80;5,30;
2026-06-30 05:55:00.0;OFF;ON;50;5,30;7,50;5;3;98,40;0;-0,30;3,50;20;4,80;5,20;
2026-06-30 05:56:00.0;OFF;ON;50;5,20;7,50;5;3;98,40;0;-0,20;3,50;20;4,80;5,20;
2026-06-30 05:57:00.0;OFF;ON;50;5,20;7,50;5;3;98,40;0;-0,20;3,50;20;4,80;5,20;
2026-06-30 05:58:00.0;OFF;ON;50;5,10;7,50;5;3;98,30;0;-0,10;3,50;20;4,80;5,20;
2026-06-30 05:59:00.0;OFF;ON;50;5,20;7,50;5;3;98,30;0;-0,20;3,50;20;4,80;5,10;
2026-06-30 06:00:00.0;OFF;ON;50;5,10;7,40;4,90;3;98,30;0;-0,20;3,50;20;4,80;5,20;
2026-06-30 06:01:00.0;OFF;ON;50;5,30;7,40;4,90;3;98,30;0;-0,30;3,50;20;4,80;5,20;
2026-06-30 06:02:00.0;OFF;ON;50;5,30;7,50;5;3;98,30;0;-0,40;3,50;20;4,80;5,20;
2026-06-30 06:03:00.0;OFF;ON;50;5,10;7,50;5;3;98,30;0;-0,20;3,50;20;4,80;5,30;
2026-06-30 06:04:00.0;OFF;ON;50;5,10;7,50;5;3;98,40;0;-0,10;3,50;20;4,80;5,20;
2026-06-30 06:05:00.0;OFF;ON;50;5,20;7,50;5;3;98,40;0;-0,20;3,50;20;4,80;5,20;
2026-06-30 06:06:00.0;OFF;ON;50;4,90;7,40;4,90;3;98,30;0;0;3,50;20;4,80;5,20;
2026-06-30 06:07:00.0;OFF;ON;50;5,10;7,40;4,90;3;98,30;0;-0,20;3,50;20;4,80;5,10;
2026-06-30 06:08:00.0;OFF;ON;50;5,10;7,40;4,90;3;98,30;0;-0,20;3,50;20;4,80;5,10;
2026-06-30 06:09:00.0;OFF;ON;50;5,10;7,40;4,90;3,10;98,30;0;-0,20;3,50;20;4,80;5,10;
2026-06-30 06:10:00.0;OFF;ON;50;5,10;7,40;4,90;3,10;98,20;0;-0,20;3,50;20;4,80;5,10;
2026-06-30 06:11:00.0;OFF;ON;50;5;7,40;4,90;3,10;98,20;0;-0,10;3,50;20;4,80;5,10;
2026-06-30 06:12:00.0;OFF;ON;50;5;7,50;5;3,10;98,20;0;-0,10;3,50;20;4,80;5;
2026-06-30 06:13:00.0;OFF;ON;50;5;7,40;4,90;3,10;98,20;0;-0,10;3,50;20;4,80;5;
2026-06-30 06:14:00.0;OFF;ON;50;5,20;7,40;4,90;3,10;98,20;0;-0,30;3,50;20;4,80;5,10;
2026-06-30 06:15:00.0;OFF;ON;50;5,20;7,50;5;3,10;98,30;0;-0,30;3,50;20;4,80;5,10;
2026-06-30 06:16:00.0;OFF;ON;50;5,10;7,50;5;3,10;98,30;0;-0,10;3,50;20;4,80;5,20;
2026-06-30 06:17:00.0;OFF;ON;50;5,20;7,50;5;3,10;98,30;0;-0,20;3,50;20;4,80;5,20;
2026-06-30 06:18:00.0;OFF;ON;50;5,20;7,50;5;3,10;98,30;0;-0,20;3,50;20;4,80;5,20;
2026-06-30 06:19:00.0;OFF;ON;50;5,30;7,50;5;3,10;98,30;0;-0,30;3,50;20;4,80;5,20;
2026-06-30 06:20:00.0;OFF;ON;50;5,20;7,50;5;3,10;98,40;0;-0,30;3,50;20;4,80;5,20;
2026-06-30 06:21:00.0;OFF;ON;50;5,40;7,50;5;3,10;98,40;0;-0,40;3,50;20;4,80;5,30;
2026-06-30 06:22:00.0;OFF;ON;50;5,40;7,50;5;3,10;98,40;0;-0,40;3,50;20;4,90;5,30;
2026-06-30 06:23:00.0;OFF;ON;50;5,30;7,50;5;3,10;98,40;0;-0,30;3,50;20;4,90;5,30;
2026-06-30 06:24:00.0;OFF;ON;50;5,20;7,50;5;3,10;98,40;0;-0,20;3,50;20;4,90;5,30;
2026-06-30 06:25:00.0;OFF;ON;50;5,30;7,50;5;3,10;98,40;0;-0,30;3,50;20;4,90;5,30;
2026-06-30 06:26:00.0;OFF;ON;50;5,40;7,60;5,10;3,10;98,40;0;-0,30;3,50;20;4,90;5,30;
2026-06-30 06:27:00.0;OFF;ON;50;5,40;7,50;5;3,10;98,40;0;-0,40;3,50;20;4,90;5,30;
2026-06-30 06:28:00.0;OFF;ON;50;5,20;7,50;5;3,10;98,40;0;-0,20;3,50;20;4,90;5,30;
2026-06-30 06:29:00.0;OFF;ON;50;5,50;7,50;5;3,10;98,40;0;-0,40;3,50;20;4,90;5,40;
2026-06-30 06:30:00.0;OFF;ON;50;5,20;7,50;5;3,10;98,40;0;-0,20;3,50;20;4,90;5,40;
2026-06-30 06:31:00.0;OFF;ON;50;5,30;7,50;5;3,10;98,40;0;-0,20;3,50;20;4,90;5,30;
2026-06-30 06:32:00.0;OFF;ON;50;5,10;7,50;5;3,10;98,40;0;-0,10;3,50;20;4,90;5,30;
2026-06-30 06:33:00.0;OFF;ON;50;5,20;7,50;5;3,10;98,40;0;-0,20;3,50;20;4,90;5,30;
2026-06-30 06:34:00.0;OFF;ON;50;5,10;7,50;5;3,10;98,40;0;-0,10;3,50;20;4,80;5,20;
2026-06-30 06:35:00.0;OFF;ON;50;5;7,50;5;3,10;98,40;0;-0,10;3,50;20;4,80;5,20;
2026-06-30 06:36:00.0;OFF;ON;50;5;7,40;4,90;3,10;98,30;0;-0,10;3,50;20;4,80;5,20;
2026-06-30 06:37:00.0;OFF;ON;50;5,10;7,40;4,90;3,10;98,30;0;-0,20;3,50;20;4,80;5,10;
2026-06-30 06:38:00.0;OFF;ON;50;5;7,40;4,90;3,10;98,20;0;-0,10;3,50;20;4,80;5,10;
2026-06-30 06:39:00.0;OFF;ON;50;5;7,40;4,90;3,10;98,20;0;0;3,50;20;4,80;5,10;
2026-06-30 06:40:00.0;OFF;ON;50;4,90;7,40;4,90;3,10;98,20;0;0;3,50;20;4,80;5,10;
2026-06-30 06:41:00.0;OFF;ON;50;5;7,40;4,90;3,10;98,10;0;-0,10;3,50;20;4,80;5;
2026-06-30 06:42:00.0;OFF;ON;50;4,80;7,40;4,90;3,10;98,20;0;0;3,50;20;4,70;5;
2026-06-30 06:43:00.0;OFF;ON;50;4,80;7,40;4,90;3,10;98,10;0;0;3,50;20;4,70;5;
2026-06-30 06:44:00.0;OFF;ON;50;4,80;7,30;4,80;3,10;98,10;0;0;3,50;20;4,70;4,90;
2026-06-30 06:45:00.0;OFF;ON;50;4,80;7,30;4,80;3,20;98,10;0;0;3,50;20;4,70;4,90;
2026-06-30 06:46:00.0;OFF;ON;50;5,10;7,30;4,80;3,20;98,10;0;-0,30;3,50;20;4,70;4,90;
2026-06-30 06:47:00.0;OFF;ON;50;5,10;7,30;4,80;3,20;98,10;0;-0,30;3,50;20;4,70;5;
2026-06-30 06:48:00.0;OFF;ON;50;5;7,30;4,80;3,20;98,10;0;-0,20;3,50;20;4,70;5;
2026-06-30 06:49:00.0;OFF;ON;50;5;7,40;4,90;3,20;98,10;0;-0,10;3,50;20;4,70;5,10;
2026-06-30 06:50:00.0;OFF;ON;50;4,90;7,40;4,90;3,20;98,10;0;-0,10;3,50;20;4,80;5,10;
2026-06-30 06:51:00.0;OFF;ON;50;5;7,40;4,90;3,20;98,20;0;-0,10;3,50;20;4,70;5;
2026-06-30 06:52:00.0;OFF;ON;50;5,10;7,40;4,90;3,20;98,10;0;-0,20;3,50;20;4,70;5;
2026-06-30 06:53:00.0;OFF;ON;50;5,10;7,40;4,90;3,20;98,10;0;-0,20;3,50;20;4,70;5;
2026-06-30 06:54:00.0;OFF;ON;50;5,10;7,40;4,90;3,20;98,10;0;-0,20;3,50;20;4,70;5,10;
2026-06-30 06:55:00.0;OFF;ON;50;5,30;7,40;4,90;3,20;98,20;0;-0,40;3,50;20;4,80;5,10;
2026-06-30 06:56:00.0;OFF;ON;50;5,10;7,50;5;3,20;98,20;0;-0,10;3,50;20;4,80;5,20;
2026-06-30 06:57:00.0;OFF;ON;50;5,20;7,50;5;3,20;98,20;0;-0,20;3,50;20;4,80;5,20;
2026-06-30 06:58:00.0;OFF;ON;50;5,10;7,50;5;3,20;98,30;0;-0,10;3,50;20;4,80;5,20;
2026-06-30 06:59:00.0;OFF;ON;50;5,10;7,50;5;3,20;98,30;0;-0,10;3,50;20;4,80;5,10;
2026-06-30 07:00:00.0;OFF;ON;50;5;7,40;5;3,70;98,30;0,20;-0,10;3,50;20;4,80;5,10;
2026-06-30 07:01:00.0;OFF;ON;50;5,10;7,20;5;4;98,30;77,80;-0,20;3,50;20;4,80;5,10;
2026-06-30 07:02:00.0;OFF;ON;50;5,20;7,40;5;4;98,30;78,50;-0,20;3,50;20;4,80;5,10;
2026-06-30 07:03:00.0;OFF;ON;50;5;7,50;5;4;98,30;78,50;0;3,50;20;4,80;5,10;
2026-06-30 07:04:00.0;OFF;ON;50;5,10;7,40;4,90;4;98,30;78,50;-0,10;3,50;20;4,80;5,10;
2026-06-30 07:05:00.0;OFF;ON;50;5;7,40;4,90;4;98,30;78,50;-0,10;3,50;20;4,80;5,10;
2026-06-30 07:06:00.0;OFF;ON;50;4,90;7,40;4,90;4;98,20;78,50;0;3,50;20;4,80;5;
2026-06-30 07:07:00.0;OFF;ON;50;4,90;7,40;4,90;4;98,20;78,50;0;3,50;20;4,70;5;
2026-06-30 07:08:00.0;OFF;ON;50;4,90;7,40;4,90;4;98,10;78,50;-0,10;3,50;20;4,70;5;
2026-06-30 07:09:00.0;OFF;ON;50;4,80;7,30;4,80;4;98,10;78,50;0;3,50;20;4,70;5;
2026-06-30 07:10:00.0;OFF;ON;50;4,80;7,30;4,80;4;98;78,60;0;3,50;20;4,70;4,90;
2026-06-30 07:11:00.0;OFF;ON;50;4,90;7,30;4,80;4;98,10;78,60;0;3,50;20;4,70;4,90;
2026-06-30 07:12:00.0;OFF;ON;50;5;7,40;4,90;4;98,10;78,60;-0,10;3,50;20;4,70;4,90;
2026-06-30 07:13:00.0;OFF;ON;50;4,80;7,40;4,90;4;98,10;78,60;0;3,50;20;4,70;5;
2026-06-30 07:14:00.0;OFF;ON;50;4,90;7,40;4,90;4;98,10;78,60;0;3,50;20;4,70;5;
2026-06-30 07:15:00.0;OFF;ON;50;4,90;7,40;4,90;4;98,10;78,60;0;3,50;20;4,70;4,90;
2026-06-30 07:16:00.0;OFF;ON;50;5;7,40;4,90;4;98,10;78,60;-0,20;3,50;20;4,70;5;
2026-06-30 07:17:00.0;OFF;ON;50;5,10;7,40;4,90;4;98,10;78,50;-0,20;3,50;20;4,70;5;
2026-06-30 07:18:00.0;OFF;ON;50;5,10;7,40;4,90;3,90;98,10;78,60;-0,20;3,50;20;4,70;5,10;
2026-06-30 07:19:00.0;OFF;ON;50;5,20;7,50;5;4;98,20;78,60;-0,30;3,50;20;4,80;5,10;
2026-06-30 07:20:00.0;OFF;ON;50;5,10;7,50;5;3,90;98,20;78,50;-0,10;3,50;20;4,80;5,10;
2026-06-30 07:21:00.0;OFF;ON;50;5,40;7,50;5;3,50;98,30;78,40;-0,30;3,50;20;4,80;5,20;
2026-06-30 07:22:00.0;OFF;ON;50;5,30;7,60;5,10;3,50;98,40;78,40;-0,20;3,50;20;4,80;5,30;
2026-06-30 07:23:00.0;OFF;ON;50;5,40;7,60;5,10;3,40;98,40;78,40;-0,30;3,50;20;4,80;5,30;
2026-06-30 07:24:00.0;OFF;ON;50;5,50;7,60;5,10;3,40;98,40;78,50;-0,40;3,50;20;4,90;5,40;
2026-06-30 07:25:00.0;OFF;ON;50;5,40;7,60;5,10;3,30;98,40;0;-0,30;3,50;20;4,90;5,40;
2026-06-30 07:26:00.0;OFF;ON;50;5,40;7,70;5,20;3,30;98,40;0;-0,20;3,50;20;4,90;5,50;
2026-06-30 07:27:00.0;OFF;ON;50;5,40;7,70;5,20;3,30;98,50;0;-0,20;3,50;20;5;5,50;
2026-06-30 07:28:00.0;OFF;ON;50;5,50;7,70;5,20;3,30;98,50;0;-0,30;3,50;20;5;5,50;
2026-06-30 07:29:00.0;OFF;ON;50;5,70;7,70;5,20;3,20;98,40;0;-0,50;3,50;20;5;5,50;
2026-06-30 07:30:00.0;OFF;ON;50;5,80;7,70;5,20;3,20;98,40;0;-0,50;3,50;20;5;5,60;
2026-06-30 07:31:00.0;OFF;ON;50;5,50;7,80;5,30;3,20;98,40;0;-0,30;3,50;20;5;5,60;
2026-06-30 07:32:00.0;OFF;ON;50;5,70;7,80;5,30;3,20;98,50;0;-0,40;3,50;20;5,10;5,60;
2026-06-30 07:33:00.0;OFF;ON;50;5,50;7,80;5,30;3,20;98,50;0;-0,20;3,50;20;5,10;5,70;
2026-06-30 07:34:00.0;OFF;ON;50;5,60;7,80;5,30;3,10;98,50;0;-0,30;3,50;20;5,10;5,60;
2026-06-30 07:35:00.0;OFF;ON;50;5,50;7,80;5,30;3,10;98,50;0;-0,20;3,50;20;5,10;5,60;
2026-06-30 07:36:00.0;OFF;ON;50;5,40;7,80;5,30;3,10;98,40;0;-0,20;3,50;20;5,10;5,60;
2026-06-30 07:37:00.0;OFF;ON;50;5,30;7,80;5,30;3,10;98,50;0;0;3,50;20;5,20;5,50;
2026-06-30 07:38:00.0;OFF;ON;50;5,40;7,80;5,30;3,10;98,50;0;-0,10;3,50;20;5,20;5,50;
2026-06-30 07:39:00.0;OFF;ON;50;5,20;3,40;5,40;3,10;98,50;0;0,20;3,50;34,40;5,40;5,50;
2026-06-30 07:40:00.0;OFF;ON;50;5,30;3,40;5,40;3,10;98,50;0;0,10;3,50;38,70;5,50;5,60;
2026-06-30 07:41:00.0;OFF;ON;50;5,20;3,40;5,40;3;98,50;0;0,20;3,50;42,30;5,50;5,60;
2026-06-30 07:42:00.0;OFF;ON;50;5;3,40;5,40;3;98,50;0;0,30;2;43,90;5,50;5,60;
2026-06-30 07:43:00.0;OFF;ON;50;5;3,40;5,40;3;98,50;0;0,40;2;46,40;5,40;5,50;
2026-06-30 07:44:00.0;OFF;ON;50;4,90;3,20;5,20;3,10;98,50;0;0,30;2;51,80;5,10;5,30;
2026-06-30 07:45:00.0;OFF;ON;50;5;3,20;5,20;3,10;98,50;0;0,20;2;54,20;5;5,20;
2026-06-30 07:46:00.0;OFF;ON;50;4,30;3,10;5,10;3;98,50;0;0,80;2;54,40;4,90;5;
2026-06-30 07:47:00.0;OFF;ON;50;4,30;3;5;3;98,50;0;0,60;2;58,10;4,80;4,80;
2026-06-30 07:48:00.0;ON;OFF;50;4,10;2,90;4,90;2,90;98,30;0;0,70;2;60;4,70;4,70;
2026-06-30 07:49:00.0;ON;OFF;50;3,60;2,80;4,80;2,90;98,10;0;1,20;2;58,90;4,60;4,60;
2026-06-30 07:50:00.0;ON;OFF;50;3,20;2,70;4,70;2,80;98;0;1,50;2;57,60;4,50;4,40;
2026-06-30 07:51:00.0;ON;OFF;50;2,60;2,40;4,40;2,70;97,40;0;1,80;2;56,60;4,30;3,90;
2026-06-30 07:52:00.0;ON;OFF;50;2,30;2,30;4,30;2,60;97;0;1,90;2;55,70;4,10;3,70;
2026-06-30 07:53:00.0;ON;OFF;50;1,80;2;4;2,40;96;0;2,30;2;53,30;3,90;3,30;
2026-06-30 07:54:00.0;ON;OFF;50;1,90;1,90;3,90;2,30;95,50;0;2;2;55,10;3,80;3,10;
2026-06-30 07:55:00.0;ON;OFF;50;1,50;1,60;3,60;2,10;94,20;0;2,10;2;53,80;3,50;2,80;
2026-06-30 07:56:00.0;ON;OFF;50;1,60;1,50;3,50;1,90;93,50;0;1,90;2;55,70;3,40;2,60;
2026-06-30 07:57:00.0;ON;OFF;50;1,50;1,30;3,30;1,80;93,10;0;1,90;2;55,70;3,30;2,50;
2026-06-30 07:58:00.0;ON;OFF;50;1,60;1,30;3,30;1,70;92,90;0;1,70;2;57,50;3,20;2,50;
2026-06-30 07:59:00.0;ON;OFF;50;1,50;1,20;3,20;1,60;92,80;0;1,70;2;58,20;3,20;2,40;
2026-06-30 08:00:00.0;ON;OFF;50;2,30;1,10;3,10;1,50;92,50;0;0,80;2;65,20;3,10;2,40;
2026-06-30 08:01:00.0;ON;OFF;50;2,50;1,10;3,10;1,40;92,60;0;0,60;2;68,80;3,20;2,60;
2026-06-30 08:02:00.0;ON;OFF;50;2,80;1,20;3,20;1,40;93,30;0;0,30;2;73,20;3,20;2,80;
2026-06-30 08:03:00.0;ON;OFF;50;3,10;1,30;3,30;1,40;94,10;0;0,20;2;77,60;3,30;3,10;
2026-06-30 08:04:00.0;ON;OFF;50;3,10;1,40;3,40;1,40;94,90;0;0,30;2;80,70;3,50;3,20;
2026-06-30 08:05:00.0;ON;OFF;50;3,20;1,50;3,50;1,40;95,40;0;0,30;2;83,70;3,60;3,40;
2026-06-30 08:06:00.0;ON;OFF;50;3,40;1,60;3,60;1,50;95,90;0;0,20;2;87,30;3,60;3,50;
2026-06-30 08:07:00.0;ON;OFF;50;3,80;1,70;3,70;1,50;96,20;0;-0,10;2;93,50;3,70;3,70;
2026-06-30 08:08:00.0;ON;OFF;50;4;1,80;3,80;2,90;96,60;0;-0,20;2;97,70;3,80;3,80;
2026-06-30 08:09:00.0;ON;OFF;50;4,10;2;4;3,70;97;0;-0,10;2;100;3,90;4;
2026-06-30 08:10:00.0;ON;OFF;50;4,30;2,30;4,30;2,90;97,70;0;0;2;99,70;4,50;4,30;
2026-06-30 08:11:00.0;ON;OFF;50;4,50;2,50;4,50;2,70;98,20;0;0;2;99,40;4,70;4,50;
2026-06-30 08:12:00.0;ON;OFF;50;4,80;2,80;4,80;2,60;98,40;0;0;2;99,50;4,70;4,70;
2026-06-30 08:13:00.0;ON;OFF;50;4,90;2,90;4,90;2,70;98,40;0;0;2;99,50;4,90;4,80;
2026-06-30 08:14:00.0;ON;OFF;50;5,20;2,90;4,90;2,90;98,40;0;-0,30;2;100;4,80;5;
2026-06-30 08:15:00.0;ON;OFF;50;5,30;3;5;3;98,40;0;-0,20;2;100;5,20;5,20;
2026-06-30 08:16:00.0;ON;OFF;50;5,40;3,20;5,20;3;98,40;0;-0,20;2;100;5,10;5,40;
2026-06-30 08:17:00.0;ON;OFF;50;5,60;3,30;5,30;3,10;98,40;0;-0,40;2;100;5,20;5,50;
2026-06-30 08:18:00.0;ON;OFF;50;5,80;3,50;5,50;3,30;98,40;0;-0,20;2;99,20;5,40;5,70;
2026-06-30 08:19:00.0;ON;OFF;50;6,10;3,80;5,80;4;98,40;0;-0,30;2;100;5,70;5,90;
2026-06-30 08:20:00.0;ON;OFF;50;6,30;4;6;3,80;98,40;0;-0,20;2;100;6;6,10;
2026-06-30 08:21:00.0;ON;OFF;50;6,40;4,20;6,20;4,10;98,40;0;-0,20;2;99,40;6,10;6,30;
2026-06-30 08:22:00.0;ON;OFF;50;6,70;4,20;6,20;6;98,40;0;-0,40;2;100;6,30;6,50;
2026-06-30 08:23:00.0;ON;OFF;50;6,80;4,30;6,30;4,90;98,40;0;-0,50;2;100;6,30;6,60;
2026-06-30 08:24:00.0;ON;OFF;50;6,80;4,30;6,30;4,50;98,40;0;-0,50;2;99,40;6,30;6,70;
2026-06-30 08:25:00.0;ON;OFF;50;6,90;4,30;6,30;4,30;98,40;0;-0,60;2;100;6,30;6,80;
2026-06-30 08:26:00.0;ON;OFF;50;7;4,40;6,40;4,20;98,40;0;-0,50;2;99,50;6,40;6,90;
2026-06-30 08:27:00.0;ON;OFF;50;7;4,40;6,40;4,10;98,40;0;-0,70;2;99,30;6,50;7;
2026-06-30 08:28:00.0;ON;OFF;50;7,10;4,50;6,50;4;98,50;0;-0,70;2;99,30;6,70;7,10;
2026-06-30 08:29:00.0;ON;OFF;50;7,30;4,60;6,60;4;98,50;0;-0,70;2;100;6,80;7,20;
2026-06-30 08:30:00.0;ON;OFF;50;7,30;4,60;6,60;4;98,50;0;-0,70;2;100;6,80;7,20;
2026-06-30 08:31:00.0;ON;OFF;50;7,30;4,70;6,70;4,10;98,50;0;-0,70;2;99,30;6,90;7,30;
2026-06-30 08:32:00.0;ON;OFF;50;7,40;4,80;6,80;4,10;98,50;0;-0,70;2;99,30;6,90;7,40;
2026-06-30 08:33:00.0;ON;OFF;50;7,50;4,80;6,80;4,10;98,50;0;-0,70;2;100;7;7,40;
2026-06-30 08:34:00.0;ON;OFF;50;7,50;4,90;6,90;4,10;98,50;0;-0,80;2;99,20;7;7,50;
2026-06-30 08:35:00.0;ON;OFF;50;7,70;4,90;6,90;4,20;98,50;0;-0,60;2;100;7,10;7,50;
2026-06-30 08:36:00.0;ON;OFF;50;7,70;5;7;4,20;98,50;0;-0,70;2;99,70;7,10;7,60;
2026-06-30 08:37:00.0;ON;OFF;50;7,70;5;7;4,20;98,50;0;-0,60;2;99,80;7,20;7,70;
2026-06-30 08:38:00.0;ON;OFF;50;7,70;5,10;7,10;4,20;98,50;0;-0,70;2;99,40;7,30;7,70;
2026-06-30 08:39:00.0;ON;OFF;50;7,80;5,20;7,20;4,30;98,50;0;-0,80;2;99,60;7,30;7,80;
2026-06-30 08:40:00.0;ON;OFF;50;7,90;5,20;7,20;4,30;98,50;0;-0,80;2;100;7,40;7,80;
2026-06-30 08:41:00.0;ON;OFF;50;8;5,20;7,30;4,40;98,50;0;-0,60;2;99,20;7,40;7,90;
2026-06-30 08:42:00.0;ON;OFF;50;8;5,30;7,30;4,40;98,50;0;-0,70;2;99,20;7,40;7,90;
2026-06-30 08:43:00.0;ON;OFF;50;8;5,30;7,30;4,40;98,50;0;-0,80;2;100;7,50;7,90;
2026-06-30 08:44:00.0;ON;OFF;50;8;5,30;7,40;4,50;98,50;0;-0,70;2;99,40;7,50;8;
2026-06-30 08:45:00.0;ON;OFF;50;8,20;5,40;7,40;4,50;98,50;0;-0,70;2;100;7,60;8;
2026-06-30 08:46:00.0;ON;OFF;50;8,20;5,50;7,50;4,50;98,50;0;-0,70;2;99,40;7,60;8,10;
2026-06-30 08:47:00.0;ON;OFF;50;8,10;5,50;7,50;4,60;98,50;0;-0,80;2;100;7,70;8,10;
2026-06-30 08:48:00.0;ON;OFF;50;8,20;5,60;7,60;4,60;98,50;0;-0,80;2;100;7,70;8,20;
2026-06-30 08:49:00.0;ON;OFF;50;8,40;5,60;7,70;4,60;98,50;0;-0,70;2;100;7,80;8,20;
2026-06-30 08:50:00.0;ON;OFF;50;8,40;5,70;7,70;4,70;98,50;0;-0,60;2;99,50;7,80;8,20;
2026-06-30 08:51:00.0;ON;OFF;50;8,30;5,70;7,70;4,70;98,50;0;-0,80;2;100;7,80;8,30;
2026-06-30 08:52:00.0;ON;OFF;50;8,50;5,70;7,70;4,70;98,50;0;-0,80;2;100;7,90;8,30;
2026-06-30 08:53:00.0;ON;OFF;50;8,50;5,70;7,80;4,80;98,50;0;-0,80;2;100;7,90;8,40;
2026-06-30 08:54:00.0;ON;OFF;50;8,60;5,80;7,80;4,80;98,50;0;-0,80;2;100;8;8,40;
2026-06-30 08:55:00.0;ON;OFF;50;8,60;5,90;7,90;4,80;98,50;0;-0,70;2;99,40;8;8,50;
2026-06-30 08:56:00.0;ON;OFF;50;8,70;5,90;7,90;4,90;98,50;0;-0,60;2;99,20;8,10;8,50;
2026-06-30 08:57:00.0;ON;OFF;50;8,30;5,90;7,90;4,90;98,50;0;-0,20;2;99,30;8,10;8,50;
2026-06-30 08:58:00.0;ON;OFF;50;8,10;6;8;4,90;98,50;0;-0,10;2;100;8,20;8,40;
2026-06-30 08:59:00.0;ON;OFF;50;8,10;6;7,90;4,90;98,50;0;0,60;2;97,60;8,10;8,30;
2026-06-30 09:00:00.0;ON;OFF;50;7,70;5,90;7,80;4,90;98,50;0;0,20;2;100;8,10;8;
2026-06-30 09:01:00.0;ON;OFF;50;6,70;5,80;7,70;4,90;98,50;0;1,30;2;94,40;8;7,90;
2026-06-30 09:02:00.0;ON;OFF;50;6,10;5,70;7,60;4,90;98,50;0;1,70;2;93;8;7,50;
2026-06-30 09:03:00.0;ON;OFF;50;4,60;5,50;7,40;4,80;98,50;0;3;2;83,80;7,80;7,10;
2026-06-30 09:04:00.0;ON;OFF;50;3,60;5,10;7;4,60;98,50;0;3,50;2;77,30;7,50;6,30;
2026-06-30 09:05:00.0;ON;OFF;50;2,20;4,80;6,60;4,50;98,50;0;4,40;2;68,10;7,30;5,80;
2026-06-30 09:06:00.0;ON;OFF;50;1,60;4,40;6,40;4,20;98,50;0;4,80;2;62,10;6,90;5,40;
2026-06-30 09:07:00.0;ON;OFF;50;2,50;4;6;4;98,50;0;3,50;2;67,70;6,50;4,80;
2026-06-30 09:08:00.0;ON;OFF;50;1,60;3,60;5,40;3,70;98,40;0;3,80;2;61,40;6,20;4,30;
2026-06-30 09:09:00.0;ON;OFF;50;1,60;3,20;5,10;3,50;98,20;0;3,50;2;60,20;5,80;4;
2026-06-30 09:10:00.0;ON;OFF;50;1,40;3;4,90;3,30;98,10;0;3,50;2;57;5,50;3,70;
2026-06-30 09:11:00.0;ON;OFF;50;1,30;2,80;4,80;3,10;98;0;3,50;2;53,90;5,60;3,60;
2026-06-30 09:12:00.0;ON;OFF;50;1,30;2,80;4,70;2,90;98;0;3,30;2;52,20;5,30;3,40;
2026-06-30 09:13:00.0;ON;OFF;50;1,40;2,70;4,60;2,80;98;0;3,20;2;50,70;5,20;3,30;
2026-06-30 09:14:00.0;ON;OFF;50;1,70;2,60;4,60;2,80;98;0;2,90;2;50,60;5,10;3,30;
2026-06-30 09:15:00.0;ON;OFF;50;1,70;2,60;4,60;2,70;98;0;2,90;2;49,50;5;3,30;
2026-06-30 09:16:00.0;ON;OFF;50;1,90;2,70;4,70;2,70;98;0;2,80;2;47,90;5,10;3,40;
2026-06-30 09:17:00.0;ON;OFF;50;1,90;2,70;4,70;2,70;98,10;0;2,80;2;47,10;5;3,40;
2026-06-30 09:18:00.0;ON;OFF;50;2,60;2,80;4,90;2,80;98,10;0;2,30;2;48,70;5,10;3,60;
2026-06-30 09:19:00.0;ON;OFF;50;2,90;2,90;5;2,90;98,40;0;2;2;49,70;5,20;3,70;
2026-06-30 09:20:00.0;ON;OFF;50;3;3,20;5,20;3;98,50;0;2,20;2;48,50;5,50;4;
2026-06-30 09:21:00.0;ON;OFF;50;3,30;3,30;5,50;3,10;98,50;0;2,20;2;48,30;5,80;4,20;
2026-06-30 09:22:00.0;ON;OFF;50;3,30;3,60;5,70;3,30;98,50;0;2,40;2;46,10;5,60;4,30;
2026-06-30 09:23:00.0;ON;OFF;50;3,80;3,80;5,90;3,30;98,50;0;2,10;2;48,40;5,80;4,30;
2026-06-30 09:24:00.0;ON;OFF;50;4,30;3,90;6;3,60;98,50;0;1,70;2;51;5,90;4,70;
2026-06-30 09:25:00.0;ON;OFF;50;4,60;4,30;6,40;3,90;98,50;0;1,80;2;51,20;6,30;5;
2026-06-30 09:26:00.0;ON;OFF;50;4,90;4,60;6,70;4,10;98,50;0;1,80;2;51,80;6,40;5,30;
2026-06-30 09:27:00.0;ON;OFF;50;4,80;4,80;6,90;4,30;98,50;0;2,10;2;49,80;6,60;5,70;
2026-06-30 09:28:00.0;ON;OFF;50;4,80;5,10;7,20;4,50;98,50;0;2,50;2;46,70;6,90;5,80;
2026-06-30 09:29:00.0;ON;OFF;50;5;5,30;7,50;4,50;98,50;0;2,60;2;44,90;7,20;5,90;
2026-06-30 09:30:00.0;ON;OFF;50;5,10;5,60;7,70;4,80;98,50;0;2,60;2;43,80;7,20;6;
2026-06-30 09:31:00.0;ON;OFF;50;4,90;5,70;7,70;4,80;98,50;0;2,90;2;41,20;7,20;6,10;
2026-06-30 09:32:00.0;ON;OFF;50;5,80;5,80;7,80;4,90;98,50;0;2;2;46,80;7,30;6,20;
2026-06-30 09:33:00.0;ON;OFF;50;6,30;6;8,20;5,10;98,50;0;1,90;2;47,20;8,10;6,80;
2026-06-30 09:34:00.0;ON;OFF;50;6,80;6,30;8,40;5,30;98,50;0;1,60;2;49,70;8,10;7,20;
2026-06-30 09:35:00.0;ON;OFF;50;7;6,50;8,60;5,40;98,50;0;1,60;2;50,20;8,20;7,40;
2026-06-30 09:36:00.0;ON;OFF;50;7,10;6,70;8,80;5,60;98,50;0;1,70;2;49,90;8,50;7,70;
2026-06-30 09:37:00.0;ON;OFF;50;7,10;6,90;9;5,70;98,50;0;2;2;47,80;9;8;
2026-06-30 09:38:00.0;ON;OFF;50;7,10;7,10;9,10;5,90;98,50;0;2,10;2;47,60;9,20;8,20;
2026-06-30 09:39:00.0;ON;OFF;50;6,90;7,20;9,20;6;98,50;0;2,30;2;46;9,20;8,20;
2026-06-30 09:40:00.0;ON;OFF;50;6,50;7,20;9,20;6,10;98,50;0;2,70;2;42,30;9,20;8,10;
2026-06-30 09:41:00.0;ON;OFF;50;6,60;7,20;9,20;6,10;98,50;0;2,60;2;41,20;9,30;8,10;
2026-06-30 09:42:00.0;ON;OFF;50;6,80;7,20;9,20;6,20;98,50;0;2,40;2;41,90;9,10;8;
2026-06-30 09:43:00.0;ON;OFF;50;7,40;7,20;9,20;6,30;98,50;0;1,80;2;46,10;9,30;8,10;
2026-06-30 09:44:00.0;ON;OFF;50;7,80;7,20;9,30;6,30;98,50;0;1,40;2;48,70;9,40;8,40;
2026-06-30 09:45:00.0;ON;OFF;50;7,80;7,30;9,30;6,40;98,50;0;1,50;2;49;9,40;8,50;
2026-06-30 09:46:00.0;ON;OFF;50;7,70;7,50;9,50;6,50;98,50;0;1,80;2;47,90;9,70;8,70;
2026-06-30 09:47:00.0;ON;OFF;50;8;7,60;9,70;6,70;98,50;0;1,70;2;49,60;9,90;8,80;
2026-06-30 09:48:00.0;ON;OFF;50;7,80;7,70;9,70;6,80;98,50;0;1,90;2;48,80;9,80;8,90;
2026-06-30 09:49:00.0;ON;OFF;50;7,90;7,70;9,70;6,80;98,50;0;1,70;2;50,10;9,80;8,90;
2026-06-30 09:50:00.0;ON;OFF;50;7,50;7,70;9,70;6,90;98,60;0;2,20;2;46,90;9,90;8,90;
2026-06-30 09:51:00.0;ON;OFF;50;7,30;7,70;9,70;7;98,60;0;2,40;2;45;9,70;8,70;
2026-06-30 09:52:00.0;ON;OFF;50;7,10;7,60;9,60;7;98,60;0;2,50;2;43,50;9,60;8,60;
2026-06-30 09:53:00.0;ON;OFF;50;7,10;7,60;9,50;7;98,60;0;2,40;2;43,80;9,50;8,50;
2026-06-30 09:54:00.0;ON;OFF;50;7,20;7,50;9,50;7;98,60;0;2,30;2;43,80;9,50;8,40;
2026-06-30 09:55:00.0;ON;OFF;50;7,10;7,50;9,40;7;98,60;0;2,30;2;43;9,40;8,40;
2026-06-30 09:56:00.0;ON;OFF;50;7;7,40;9,40;7;98,60;0;2,40;2;42,20;9,40;8,30;
2026-06-30 09:57:00.0;ON;OFF;50;6,90;7,40;9,40;7;98,60;0;2,50;2;40,80;9,40;8,30;
2026-06-30 09:58:00.0;ON;OFF;50;7,70;7,30;9,30;6,90;98,60;0;1,70;2;45,60;9,30;8,30;
2026-06-30 09:59:00.0;ON;OFF;50;7,70;7,40;9,40;6,90;98,60;0;1,70;2;46,20;9,40;8,50;
2026-06-30 10:00:00.0;ON;OFF;50;7,60;7,40;9,50;7;98,60;0;1,90;2;45,60;9,50;8,60;
2026-06-30 10:01:00.0;ON;OFF;50;8;7,50;9,60;7;98,60;0;1,50;2;48,60;9,70;8,70;
2026-06-30 10:02:00.0;ON;OFF;50;8,10;7,60;9,60;7,10;98,60;0;1,50;2;49,70;9,60;8,80;
2026-06-30 10:03:00.0;ON;OFF;50;8;7,60;9,70;7,20;98,60;0;1,70;2;49,10;9,50;8,80;
2026-06-30 10:04:00.0;ON;OFF;50;7,70;7,70;9,80;7,30;98,60;0;2,10;2;47,10;9,60;8,80;
2026-06-30 10:05:00.0;ON;OFF;50;7,70;7,80;9,80;7,30;98,60;0;2,10;2;46,90;9,60;8,70;
2026-06-30 10:06:00.0;ON;OFF;50;7,50;7,80;9,80;7,40;98,60;0;2,30;2;44,70;9,70;8,70;
2026-06-30 10:07:00.0;ON;OFF;50;7,50;7,90;9,90;7,40;98,60;0;2,40;2;43,60;10;8,70;
2026-06-30 10:08:00.0;ON;OFF;50;7,50;7,90;10;7,40;98,60;0;2,40;2;43;10,10;8,80;
2026-06-30 10:09:00.0;ON;OFF;50;7,70;8;10;7,40;98,60;0;2,30;2;43,40;9,90;8,80;
2026-06-30 10:10:00.0;ON;OFF;50;7,50;8;10;7,40;98,60;0;2,40;2;41,60;9,90;8,80;
2026-06-30 10:11:00.0;ON;OFF;50;7,50;8;10;7,50;98,60;0;2,60;2;40,10;9,80;8,80;
2026-06-30 10:12:00.0;ON;OFF;50;7,80;8,10;10,10;7,70;98,60;0;2,30;2;41,60;9,90;8,80;
2026-06-30 10:13:00.0;ON;OFF;50;8,10;8,10;10,20;7,80;98,60;0;2,10;2;42,50;10;8,90;
2026-06-30 10:14:00.0;ON;OFF;50;8;8,20;10,30;7,90;98,60;0;2,30;2;41;10,10;9;
2026-06-30 10:15:00.0;ON;OFF;50;7,90;8,30;10,40;8,10;98,60;0;2,50;2;38,70;10,40;9,10;
2026-06-30 10:16:00.0;ON;OFF;50;8,60;8,50;10,60;8,10;98,60;0;2,20;2;40,10;10,60;9,20;
2026-06-30 10:17:00.0;ON;OFF;50;8,70;8,60;10,70;8,20;98,60;0;2;2;41,60;10,80;9,40;
2026-06-30 10:18:00.0;ON;OFF;50;8,70;8,70;10,90;8,30;98,60;0;2,20;2;40,10;10,80;9,60;
2026-06-30 10:19:00.0;ON;OFF;50;8,80;9;11,20;8,60;98,60;0;2,40;2;38,20;11,20;9,80;
2026-06-30 10:20:00.0;ON;OFF;50;9,10;9,20;11,30;8,80;98,60;0;2,20;2;38,50;11,20;9,90;
2026-06-30 10:21:00.0;ON;OFF;50;9,10;9,40;11,40;8,90;98,60;0;2,20;2;38,30;11,20;9,90;
2026-06-30 10:22:00.0;ON;OFF;50;9,50;9,50;11,60;8,90;98,60;0;2,20;2;37,40;11,50;10,10;
2026-06-30 10:23:00.0;ON;OFF;50;9,70;9,60;11,70;9;98,60;0;2;2;38,10;11,60;10,20;
2026-06-30 10:24:00.0;ON;OFF;50;10,30;10;12;9,30;98,60;0;1,70;2;40,60;12,20;10,70;
2026-06-30 10:25:00.0;ON;OFF;50;10,40;10,20;12,20;9,40;98,60;0;1,80;2;40,10;12,30;11,10;
2026-06-30 10:26:00.0;ON;OFF;50;10,50;10,30;12,50;9,50;98,60;0;2;2;39,90;12,60;11,40;
2026-06-30 10:27:00.0;ON;OFF;50;10,70;10,60;12,70;9,70;98,60;0;2;2;38,70;12,80;11,60;
2026-06-30 10:28:00.0;ON;OFF;50;10,80;10,80;12,80;9,80;98,60;0;2;2;38,80;12,90;11,70;
2026-06-30 10:29:00.0;ON;OFF;50;10,70;10,90;12,90;9,90;98,60;0;2,30;2;37,30;13;11,70;
2026-06-30 10:30:00.0;ON;OFF;50;10,60;11;13,10;10;98,60;0;2,50;2;35;13,30;11,80;
2026-06-30 10:31:00.0;ON;OFF;50;11,10;11,10;13,10;10,20;98,60;0;2,10;2;37,10;13,30;11,90;
2026-06-30 10:32:00.0;ON;OFF;50;10,90;11,20;13,20;10,10;98,60;0;2,40;2;34,70;13,40;12;
2026-06-30 10:33:00.0;ON;OFF;50;11,40;11,30;13,40;10,20;98,60;0;2;2;37,40;13,60;12,20;
2026-06-30 10:34:00.0;ON;OFF;50;11,40;11,40;13,50;10,50;98,70;0;2,10;2;36,30;13,80;12,40;
2026-06-30 10:35:00.0;ON;OFF;50;11,90;11,50;13,70;10,70;98,70;0;1,80;2;38,30;13,90;12,60;
2026-06-30 10:36:00.0;ON;OFF;50;12,10;11,80;13,80;10,90;98,70;0;1,70;2;39,10;14;12,70;
2026-06-30 10:37:00.0;ON;OFF;50;12,20;12;14;11,30;98,70;0;1,80;2;39;14,30;13;
2026-06-30 10:38:00.0;ON;OFF;50;12,60;12,10;14,20;11,50;98,70;0;1,60;2;41,30;14,40;13,20;
2026-06-30 10:39:00.0;ON;OFF;50;12,60;12,30;14,40;11,80;98,70;0,10;1,80;2;40,50;14,50;13,40;
2026-06-30 10:40:00.0;ON;OFF;50;12,60;12,50;14,50;11,80;98,70;0;1,90;2;40,50;14,60;13,50;
2026-06-30 10:41:00.0;ON;OFF;50;12,60;12,50;14,60;12,10;98,70;0;1,90;2;40,60;14,70;13,50;
2026-06-30 10:42:00.0;ON;OFF;50;12,90;12,60;14,70;12,30;98,70;0;1,80;2;41,70;14,70;13,60;
2026-06-30 10:43:00.0;ON;OFF;50;12,90;12,70;14,70;12,60;98,70;0;1,90;2;41,40;14,80;13,60;
2026-06-30 10:44:00.0;ON;OFF;50;12,60;12,80;14,80;12,70;98,70;0;2,20;2;39,50;14,70;13,60;
2026-06-30 10:45:00.0;ON;OFF;50;12,90;12,80;14,90;28,90;98,70;85,90;2;2;40,80;14,80;13,70;
2026-06-30 10:46:00.0;ON;OFF;50;12,80;12,90;14,90;42,60;98,70;89,60;2,10;2;39,60;14,90;13,70;
2026-06-30 10:47:00.0;ON;OFF;50;13;12,90;15;43,30;98,70;89,60;2;2;39,80;14,90;13,80;
2026-06-30 10:48:00.0;ON;OFF;50;13,10;13;15,10;43,60;98,70;89,60;2;2;39,60;15,10;13,80;
2026-06-30 10:49:00.0;ON;OFF;50;13,10;13,10;15,10;43,80;98,70;89,60;2;2;39,90;15,10;13,90;
2026-06-30 10:50:00.0;ON;OFF;50;13,50;13,20;15,20;43,90;98,70;89,60;1,70;2;42,30;15,20;14;
2026-06-30 10:51:00.0;ON;OFF;50;13,70;13,30;15,40;44;98,70;89,60;1,70;2;43;15,40;14,30;
2026-06-30 10:52:00.0;ON;OFF;50;14;13,50;15,50;44;98,70;89,60;1,50;2;45;15,50;14,40;
2026-06-30 10:53:00.0;ON;OFF;50;13,80;13,60;15,70;44;98,70;89,60;1,90;2;43,30;15,70;14,60;
2026-06-30 10:54:00.0;ON;OFF;50;13,90;13,80;15,80;44,10;98,70;89,60;1,90;2;43,10;15,80;14,60;
2026-06-30 10:55:00.0;ON;OFF;50;14;13,90;15,90;44,10;98,70;89,60;1,90;2;43,70;15,90;14,70;
2026-06-30 10:56:00.0;ON;OFF;50;14,20;14;16,10;44,10;98,70;89,60;1,80;2;44,40;16,10;14,80;
2026-06-30 10:57:00.0;ON;OFF;50;14,20;14,10;16,10;44,10;98,70;89,60;1,90;2;43,70;16,10;14,90;
2026-06-30 10:58:00.0;ON;OFF;50;14,10;14,30;16,40;44,10;98,70;89,60;2,20;2;41,20;16,20;14,90;
2026-06-30 10:59:00.0;ON;OFF;50;13,70;14,40;16,40;44,20;98,70;89,60;2,70;2;37,60;16,30;14,90;
2026-06-30 11:00:00.0;ON;OFF;50;14,20;14,40;16,50;44,20;98,70;89,60;2,30;2;39;16,30;14,90;
2026-06-30 11:01:00.0;ON;OFF;50;14,10;14,50;16,50;44,20;98,70;89,60;2,40;2;37,30;16,30;14,90;
2026-06-30 11:02:00.0;ON;OFF;50;14;14,60;16,60;44,20;98,70;89,50;2,60;2;35,50;16,40;14,90;
2026-06-30 11:03:00.0;ON;OFF;50;14,30;14,60;16,60;44,20;98,80;89,50;2,40;2;36,20;16,40;14,90;
2026-06-30 11:04:00.0;ON;OFF;50;14,30;14,70;16,70;44,20;98,80;89,60;2,40;2;35,10;16,50;15;
2026-06-30 11:05:00.0;ON;OFF;50;14,30;14,80;16,80;44,20;98,80;89,60;2,50;2;33,40;16,60;15,10;
2026-06-30 11:06:00.0;ON;OFF;50;14,40;14,80;16,90;44,20;98,80;89,60;2,40;2;32,80;16,70;15,10;
2026-06-30 11:07:00.0;ON;OFF;50;14,70;14,90;16,90;44,20;98,80;89,60;2,30;2;33,10;16,70;15,30;
2026-06-30 11:08:00.0;ON;OFF;50;14,60;14,90;17;44,20;98,80;89,60;2,40;2;31,70;16,80;15,40;
2026-06-30 11:09:00.0;ON;OFF;50;14,90;15;17;44,20;98,80;89,60;2,10;2;32,90;16,80;15,50;
2026-06-30 11:10:00.0;ON;OFF;50;15;15;17;44,20;98,80;89,60;2;2;34,10;16,90;15,60;
2026-06-30 11:11:00.0;ON;OFF;50;13,90;10,20;17,30;44,20;98,80;89,60;3,40;2;65,90;17;15,80;
2026-06-30 11:12:00.0;ON;OFF;50;13;10,30;17,20;44,20;98,80;89,50;4,20;2;67,50;16,80;15,60;
2026-06-30 11:13:00.0;ON;OFF;50;12,90;10,20;17,10;44,20;98,80;89,60;4,20;2;72,30;16,80;15,40;
2026-06-30 11:14:00.0;ON;OFF;50;11,80;10,10;17;44,20;98,80;89,60;5,20;7;71,10;16,60;15,20;
2026-06-30 11:15:00.0;ON;OFF;50;11,30;9,90;16,90;44,20;98,80;89,60;5,50;7;70,80;16,40;14,80;
2026-06-30 11:16:00.0;ON;OFF;50;10,80;9,80;16,60;44,20;98,80;89,60;5,80;7;71,90;16,20;14,50;
2026-06-30 11:17:00.0;ON;OFF;50;10,20;9,40;16,30;44,20;98,80;89,60;6,10;7;71,80;15,90;14,10;
2026-06-30 11:18:00.0;ON;OFF;50;9,80;9,20;16,10;44,20;98,80;89,60;6,30;7;72,20;15,60;13,80;
2026-06-30 11:19:00.0;ON;OFF;50;9,40;9;15,90;44,20;98,80;89,60;6,50;7;71,90;15,40;13,50;
2026-06-30 11:20:00.0;OFF;ON;70;9,10;8,70;15,60;44,20;98,80;89,60;6,50;7;72,40;15,10;13,20;
2026-06-30 11:21:00.0;OFF;ON;70;8,70;8,50;15,40;44,20;98,80;89,60;6,70;7;71,90;14,90;12,90;
2026-06-30 11:22:00.0;OFF;ON;70;8,60;8,30;15,20;44,20;98,80;89,60;6,60;7;73,30;14,80;12,70;
2026-06-30 11:23:00.0;OFF;ON;70;8,30;8,10;15,10;44,20;98,80;89,50;6,80;7;72,20;14,60;12,50;
2026-06-30 11:24:00.0;OFF;ON;70;8,20;8;14,90;44,20;98,80;89,50;6,70;7;73,60;14,50;12,30;
2026-06-30 11:25:00.0;OFF;ON;70;8;7,80;14,80;44,20;98,80;89,50;6,80;7;73,50;14,40;12,20;
2026-06-30 11:26:00.0;OFF;ON;70;7,70;7,70;14,70;44,20;98,80;89,50;6,90;7;72,80;14,20;12;
2026-06-30 11:27:00.0;OFF;ON;70;7,70;7,60;14,50;44,20;98,80;89,50;6,80;7;74;14,10;11,90;
2026-06-30 11:28:00.0;OFF;ON;70;7,60;7,50;14,40;44,20;98,80;89,50;6,80;7;73,70;14;11,70;
2026-06-30 11:29:00.0;OFF;ON;70;7,30;7,40;14,30;44,20;98,80;89,50;7;7;73,30;13,90;11,60;
2026-06-30 11:30:00.0;OFF;ON;70;7,30;7,20;14,20;44,20;98,80;89,50;6,90;7;73,80;13,80;11,40;
2026-06-30 11:31:00.0;OFF;ON;70;7,20;7,10;14,10;44,10;98,80;89,50;6,90;7;73,40;13,70;11,30;
2026-06-30 11:32:00.0;OFF;ON;70;6,80;7;14;44,10;98,80;89,50;7,10;7;72,10;13,50;11,20;
2026-06-30 11:33:00.0;OFF;ON;70;6,80;6,90;13,90;44,10;98,80;89,50;7;7;72,30;13,40;11;
2026-06-30 11:34:00.0;OFF;ON;70;6,80;6,80;13,80;44,10;98,80;89,50;7;7;72,20;13,30;10,90;
2026-06-30 11:35:00.0;OFF;ON;70;6,60;6,70;13,60;44,10;98,80;89,50;7;7;72,30;13,20;10,80;
2026-06-30 11:36:00.0;OFF;ON;70;6,60;6,60;13,60;44,10;98,80;89,50;7;7;71,90;13,10;10,70;
2026-06-30 11:37:00.0;OFF;ON;70;6,50;6,50;13,50;44,10;98,80;89,50;7;7;72;13;10,60;
2026-06-30 11:38:00.0;OFF;ON;70;6,20;6,40;13,40;44,10;98,80;89,50;7,20;7;70,90;12,90;10,50;
2026-06-30 11:39:00.0;OFF;ON;70;6,30;6,30;13,30;44;98,80;89,50;7;7;71,40;12,80;10,30;
2026-06-30 11:40:00.0;OFF;ON;70;6;6,20;13,20;44;98,80;89,50;7,20;7;70,80;12,70;10,30;
2026-06-30 11:41:00.0;OFF;ON;70;6,10;6,10;13,10;44;98,80;89,50;7;7;71,10;12,60;10,20;
2026-06-30 11:42:00.0;OFF;ON;70;6;6,10;13;44;98,80;89,50;7;7;70,90;12,50;10,10;
2026-06-30 11:43:00.0;OFF;ON;70;5,80;6;12,90;44;98,80;89,50;7,10;7;70,80;12,40;10;
2026-06-30 11:44:00.0;OFF;ON;70;5,80;5,90;12,80;44;98,80;89,50;7;7;70,80;12,30;9,90;
2026-06-30 11:45:00.0;OFF;ON;70;5,50;5,80;12,80;43,90;98,80;89,40;7,20;7;69,70;12,30;9,80;
2026-06-30 11:46:00.0;OFF;ON;70;5,70;5,70;12,70;43,90;98,80;89,40;7;7;70,50;12,20;9,80;
2026-06-30 11:47:00.0;OFF;ON;70;5,50;5,60;12,60;43,90;98,80;89,40;7,10;7;69,80;12,10;9,70;
2026-06-30 11:48:00.0;OFF;ON;70;5,40;5,50;12,50;43,90;98,80;89,40;7,10;7;69,70;12;9,60;
2026-06-30 11:49:00.0;OFF;ON;70;5,40;5,50;12,40;43,90;98,80;89,40;7;7;70;12;9,50;
2026-06-30 11:50:00.0;OFF;ON;70;5,20;5,40;12,40;43,90;98,80;89,40;7,10;7;69,50;11,90;9,50;
2026-06-30 11:51:00.0;OFF;ON;70;5,20;5,30;12,30;43,80;98,80;89,40;7,10;7;69,80;11,80;9,40;
2026-06-30 11:52:00.0;OFF;ON;70;5,20;5,30;12,20;43,80;98,80;89,30;7;7;69,80;11,70;9,30;
2026-06-30 11:53:00.0;OFF;ON;70;5;5,10;12,10;43,80;98,80;89,40;7,10;7;69,70;11,60;9,20;
2026-06-30 11:54:00.0;OFF;ON;70;4,90;5,10;12;43,70;98,80;89,40;7,10;7;69,60;11,50;9,20;
2026-06-30 11:55:00.0;OFF;ON;70;5;6;11,90;43,70;98,80;89,40;6,90;7;63,30;11,40;9,20;
2026-06-30 11:56:00.0;OFF;ON;70;5,10;5,90;11,90;43,70;98,80;89,40;6,80;7;62,50;11,40;9,20;
2026-06-30 11:57:00.0;OFF;ON;70;5,40;5,90;11,90;43,70;98,70;89,40;6,50;7;63;11,40;9,30;
2026-06-30 11:58:00.0;OFF;ON;70;5,30;5,90;11,90;43,70;98,70;89,30;6,60;6;61,10;11,50;9,40;
2026-06-30 11:59:00.0;OFF;ON;70;5,50;5,90;11,90;43,60;98,70;89,30;6,40;6;61,70;11,40;9,40;
2026-06-30 12:00:00.0;OFF;ON;70;5,50;5,90;11,90;43,60;98,70;89,30;6,40;6;60,70;11,30;9,40;
2026-06-30 12:01:00.0;OFF;ON;70;5,50;5,80;11,80;43,60;98,70;89,30;6,30;6;60,50;11,30;9,40;
2026-06-30 12:02:00.0;OFF;ON;70;5,40;5,80;11,80;43,50;98,70;89,40;6,40;6;59,50;11,30;9,40;
2026-06-30 12:03:00.0;OFF;ON;70;5,50;5,80;11,80;43,50;98,70;89,40;6,20;6;59,80;11,30;9,40;
2026-06-30 12:04:00.0;OFF;ON;75;5,50;5,70;11,70;43,50;98,70;89,40;6,30;6;59,10;11,20;9,30;
2026-06-30 12:05:00.0;OFF;ON;75;5,50;5,70;11,70;43,40;98,70;89,30;6,20;6;59,10;11,20;9,30;
2026-06-30 12:06:00.0;OFF;ON;75;5,50;5,70;11,70;43,40;98,70;89,30;6,10;6;59,40;11,20;9,30;
2026-06-30 12:07:00.0;OFF;ON;75;5,40;5,60;11,60;43,40;98,70;89,30;6,20;6;58,40;11,10;9,30;
2026-06-30 12:08:00.0;OFF;ON;75;5,60;5,60;11,60;43,30;98,70;89,30;6;6;59,10;11,10;9,20;
2026-06-30 12:09:00.0;OFF;ON;75;5,50;5,50;11,50;43,30;98,70;89,30;6;6;59;11,10;9,20;
2026-06-30 12:10:00.0;OFF;ON;75;5,40;5,50;11,50;43,30;98,70;89,30;6;6;58,90;11;9,20;
2026-06-30 12:11:00.0;OFF;ON;75;5,40;5,50;11,40;43,20;98,70;89,20;6;6;58,80;11;9,20;
2026-06-30 12:12:00.0;OFF;ON;75;5,40;5,40;11,40;43,20;98,70;89,20;6;6;58,80;10,90;9,10;
2026-06-30 12:13:00.0;OFF;ON;75;5,20;5,40;11,40;43,20;98,70;89,30;6,10;6;58,30;10,90;9,10;
2026-06-30 12:14:00.0;OFF;ON;75;5,20;5,30;11,30;43,10;98,70;89,20;6;6;58,70;10,80;9;
2026-06-30 12:15:00.0;OFF;ON;75;5,20;5,30;11,30;43,10;98,70;89,20;6,10;6;58,50;10,70;9;
2026-06-30 12:16:00.0;OFF;ON;75;5,10;5,20;11,20;43;98,70;89,20;6,10;6;58,40;10,70;9;
2026-06-30 12:17:00.0;OFF;ON;75;5,20;5,20;11,10;43;98,70;89,20;6;6;59,40;10,60;8,90;
2026-06-30 12:18:00.0;OFF;ON;75;5,10;5,10;11,10;42,90;98,70;89,20;6;6;59,50;10,70;8,90;
2026-06-30 12:19:00.0;OFF;ON;75;5,30;5,20;11,30;42,90;98,70;89,20;6;6;58,50;11;9;
2026-06-30 12:20:00.0;OFF;ON;75;5,40;5,30;11,40;42,90;98,70;89,10;6;6;58,50;11,20;9,20;
2026-06-30 12:21:00.0;OFF;ON;75;5,40;5,40;11,40;42,80;98,70;89,10;6;6;58,30;11,30;9,30;
2026-06-30 12:22:00.0;OFF;ON;75;5,20;5,40;11,40;42,80;98,70;89,10;6,20;6;57,50;11,20;9,30;
2026-06-30 12:23:00.0;OFF;ON;75;5,30;5,40;11,40;42,70;98,70;89,10;6,10;6;58,10;11,10;9,20;
2026-06-30 12:24:00.0;OFF;ON;75;5,40;5,30;11,40;42,70;98,70;89,10;6;6;58,30;11,10;9,20;
2026-06-30 12:25:00.0;OFF;ON;75;5,30;5,30;11,30;42,60;98,70;89,10;6;6;59;11;9,10;
2026-06-30 12:26:00.0;OFF;ON;75;5,20;5,30;11,30;42,60;98,70;89,20;6;6;59,10;11;9,10;
2026-06-30 12:27:00.0;OFF;ON;75;5,20;5,30;11,20;42,60;98,70;89,10;6;6;59,10;11;9,10;
2026-06-30 12:28:00.0;OFF;ON;75;5,20;5,20;11,20;42,50;98,70;89,10;6;6;59,30;10,90;9,10;
2026-06-30 12:29:00.0;OFF;ON;75;5,20;5,20;11,20;42,50;98,70;89,10;6;6;59,30;10,90;9,10;
2026-06-30 12:30:00.0;OFF;ON;75;5,20;5,10;11,10;42,40;98,70;89,10;5,90;6;59,50;10,80;9;
2026-06-30 12:31:00.0;OFF;ON;75;5,30;5,10;11,10;42,40;98,70;89,10;5,80;6;60,30;10,80;9;
2026-06-30 12:32:00.0;OFF;ON;75;5,20;5;11;42,30;98,70;89;5,80;6;60,80;10,80;9;
2026-06-30 12:33:00.0;OFF;ON;75;5,20;5;11;42,30;98,70;89,10;5,80;6;61;10,70;8,90;
2026-06-30 12:34:00.0;OFF;ON;75;5,20;5;10,90;42,20;98,70;89,10;5,80;6;61,50;10,60;8,90;
2026-06-30 12:35:00.0;OFF;ON;75;5;4,90;10,90;42,20;98,70;89,10;5,90;6;61,10;10,60;8,90;
2026-06-30 12:36:00.0;OFF;ON;75;5,10;4,90;10,90;42,10;98,70;89,10;5,70;6;62,50;10,50;8,80;
2026-06-30 12:37:00.0;OFF;ON;75;5,10;4,80;10,80;42,10;98,70;89,10;5,70;6;62,80;10,50;8,80;
2026-06-30 12:38:00.0;OFF;ON;75;5,10;4,80;10,80;42;98,70;89;5,70;6;63,30;10,50;8,70;
2026-06-30 12:39:00.0;OFF;ON;75;4,90;4,80;10,80;42;98,70;89,10;5,90;6;62,60;10,40;8,70;
2026-06-30 12:40:00.0;OFF;ON;75;5;4,70;10,70;41,90;98,70;89,10;5,70;6;64,30;10,40;8,70;
2026-06-30 12:41:00.0;OFF;ON;75;4,80;4,70;10,60;41,90;98,70;89,10;5,80;6;64,10;10,30;8,60;
2026-06-30 12:42:00.0;OFF;ON;75;4,80;4,60;10,60;41,80;98,70;89,10;5,80;6;64,50;10,30;8,60;
2026-06-30 12:43:00.0;OFF;ON;75;4,80;4,60;10,60;41,80;98,70;89,10;5,80;6;65,10;10,20;8,60;
2026-06-30 12:44:00.0;OFF;ON;75;4,80;4,60;10,50;41,70;98,70;89;5,70;6;66,20;10,20;8,50;
2026-06-30 12:45:00.0;OFF;ON;75;4,80;4,50;10,50;41,70;98,70;89;5,60;6;67,20;10,10;8,50;
2026-06-30 12:46:00.0;OFF;ON;75;4,80;4,50;10,40;41,60;98,70;89;5,60;6;67,90;10,10;8,40;
2026-06-30 12:47:00.0;OFF;ON;75;4,70;4,40;10,40;41,60;98,60;89;5,70;6;68;10,10;8,40;
2026-06-30 12:48:00.0;OFF;ON;75;4,60;4,40;10,30;41,50;98,50;89;5,70;6;68,50;10;8,30;
2026-06-30 12:49:00.0;OFF;ON;75;4,60;4,30;10,30;41,40;98,50;89;5,70;6;68,50;9,90;8,30;
2026-06-30 12:50:00.0;OFF;ON;75;4,40;4,20;10,20;41,40;98,40;89;5,80;6;68,20;9,90;8,20;
2026-06-30 12:51:00.0;OFF;ON;75;4,40;4,20;10,20;41,30;98,40;89;5,80;6;68,70;9,90;8,10;
2026-06-30 12:52:00.0;OFF;ON;75;4,30;4,10;10,10;41,30;98,40;89;5,80;6;69,10;9,80;8,10;
2026-06-30 12:53:00.0;OFF;ON;75;4,20;4,10;10;41,20;98,30;89;5,80;6;69,30;9,70;8;
2026-06-30 12:54:00.0;OFF;ON;75;4;4,50;10;41,10;98,30;89;6;6;64,50;9,70;8;
2026-06-30 12:55:00.0;OFF;ON;75;4;4,50;10;41,10;98,20;89;6;6;64;9,70;8;
2026-06-30 12:56:00.0;OFF;ON;75;4,10;4,40;9,90;41;98,10;89;5,80;6;64,60;9,60;8;
2026-06-30 12:57:00.0;OFF;ON;75;3,90;4,40;9,80;41;98;89;5,90;5,50;63,20;9,60;7,90;
2026-06-30 12:58:00.0;OFF;ON;75;3,90;4,30;9,80;40,90;98;89;5,90;5,50;62,20;9,50;7,90;
2026-06-30 12:59:00.0;OFF;ON;75;3,90;4,30;9,80;40,80;98;89;5,80;5,50;62,20;9,50;7,90;
2026-06-30 13:00:00.0;OFF;ON;75;4;4,20;9,70;40,80;97,90;89;5,70;5,50;62,10;9,40;7,80;
2026-06-30 13:01:00.0;OFF;ON;75;4;4,20;9,70;40,70;97,90;89;5,70;5,50;61,80;9,40;7,80;
2026-06-30 13:02:00.0;OFF;ON;75;3,90;4,20;9,70;40,60;97,80;88,70;5,70;5,50;61,20;9,40;7,70;
2026-06-30 13:03:00.0;OFF;ON;80;3,80;4,20;9,60;40,60;97,90;88,70;5,80;5,50;59,90;9,30;7,70;
2026-06-30 13:04:00.0;OFF;ON;80;3,80;4,10;9,60;40,50;97,90;88,70;5,80;5,50;59,90;9,30;7,70;
2026-06-30 13:05:00.0;OFF;ON;80;3,90;4,10;9,60;40,50;97,90;88,70;5,70;5,50;60;9,30;7,70;
2026-06-30 13:06:00.0;OFF;ON;80;3,80;4,10;9,60;40,40;97,80;88,70;5,70;5,50;59,40;9,30;7,60;
2026-06-30 13:07:00.0;OFF;ON;80;3,90;4;9,50;40,30;97,80;88,70;5,60;5,50;60;9,20;7,60;
2026-06-30 13:08:00.0;OFF;ON;80;4;4;9,50;40,30;97,80;88,70;5,50;5,50;59,90;9,20;7,60;
2026-06-30 13:09:00.0;OFF;ON;80;3,90;4;9,50;40,20;97,90;88,70;5,50;5,50;59,70;9,20;7,60;
2026-06-30 13:10:00.0;OFF;ON;80;3,80;4;9,40;40,10;97,80;88,70;5,70;5,50;59;9,20;7,60;
2026-06-30 13:11:00.0;OFF;ON;80;4;3,90;9,40;40;97,80;88,70;5,50;5,50;59,40;9,10;7,50;
2026-06-30 13:12:00.0;OFF;ON;80;3,90;3,90;9,40;40;97,80;88,80;5,50;5,50;59,40;9,10;7,50;
2026-06-30 13:13:00.0;OFF;ON;80;3,80;3,90;9,40;40;97,80;88,80;5,50;5,50;59,10;9;7,50;
2026-06-30 13:14:00.0;OFF;ON;80;3,80;3,80;9,30;39,90;97,80;88,80;5,50;5,50;59;9;7,40;
2026-06-30 13:15:00.0;OFF;ON;80;3,70;3,80;9,30;39,80;97,80;88,80;5,60;5,50;58,80;9;7,40;
2026-06-30 13:16:00.0;OFF;ON;80;3,60;3,80;9,20;39,80;97,70;88,80;5,60;5,50;58,40;8,90;7,30;
2026-06-30 13:17:00.0;OFF;ON;80;3,70;3,70;9,20;39,70;97,70;88,80;5,50;5,50;59,50;8,90;7,30;
2026-06-30 13:18:00.0;OFF;ON;80;3,60;3,70;9,20;39,70;97,70;88,80;5,50;5,50;59,60;8,90;7,30;
2026-06-30 13:19:00.0;OFF;ON;80;3,60;3,60;9,10;39,60;97,60;88,80;5,60;5,50;58,70;8,90;7,30;
2026-06-30 13:20:00.0;OFF;ON;80;3,70;3,60;9,20;39,50;97,50;88,80;5,50;5,50;58,80;8,80;7,20;
2026-06-30 13:21:00.0;OFF;ON;80;3,50;3,70;9,10;39,50;97,60;88,80;5,60;5,50;58,60;8,80;7,20;
2026-06-30 13:22:00.0;OFF;ON;80;3,50;3,60;9;39,40;97,50;88,80;5,50;5,50;58,60;8,70;7,10;
2026-06-30 13:23:00.0;OFF;ON;80;3,50;3,50;9;39,40;97,50;88,80;5,50;5,50;58,70;8,70;7,10;
2026-06-30 13:24:00.0;OFF;ON;80;3,40;3,50;9;39,30;97,50;88,80;5,50;5,50;59,60;8,70;7,10;
2026-06-30 13:25:00.0;OFF;ON;80;3,40;3,40;8,90;39,20;97,50;88,80;5,50;5,50;59,60;8,60;7;
2026-06-30 13:26:00.0;OFF;ON;80;3,50;3,40;8,90;39,20;97,50;88,80;5,40;5,50;59,70;8,60;7;
2026-06-30 13:27:00.0;OFF;ON;80;3,50;3,40;8,90;39,10;97,40;88,80;5,40;5,50;60;8,60;7;
2026-06-30 13:28:00.0;OFF;ON;80;3,30;3,30;8,80;39;97,40;88,80;5,50;5,50;59,80;8,50;6,90;
2026-06-30 13:29:00.0;OFF;ON;80;3,40;3,30;8,80;39;97,40;88,80;5,40;5,50;59,90;8,50;6,90;
2026-06-30 13:30:00.0;OFF;ON;80;3,30;3,30;8,80;38,90;97,30;88,80;5,50;5,50;60;8,50;6,90;
2026-06-30 13:31:00.0;OFF;ON;80;3,20;3,30;8,70;38,90;97,30;88,80;5,50;5,50;59,20;8,40;6,80;
2026-06-30 13:32:00.0;OFF;ON;80;3,40;3,20;8,70;38,80;97,50;88,70;5,40;5,50;60,50;8,40;6,80;
2026-06-30 13:33:00.0;OFF;ON;80;3,20;3,20;8,70;38,80;97,50;88,70;5,50;5,50;60,10;8,40;6,70;
2026-06-30 13:34:00.0;OFF;ON;80;3,20;3,20;8,60;38,70;97,40;88,70;5,50;5,50;60,20;8,30;6,70;
2026-06-30 13:35:00.0;OFF;ON;80;3,20;3,10;8,60;38,60;97,40;88,70;5,40;5,50;60,30;8,30;6,70;
2026-06-30 13:36:00.0;OFF;ON;80;3,10;3,10;8,60;38,50;97,40;88,60;5,50;5,50;60,40;8,30;6,70;
2026-06-30 13:37:00.0;OFF;ON;80;3,20;3,10;8,60;38,50;97,40;88,60;5,40;5,50;60,70;8,30;6,70;
2026-06-30 13:38:00.0;OFF;ON;80;3;3,10;8,60;38,40;97,40;88,70;5,50;5,50;60,60;8,30;6,60;
2026-06-30 13:39:00.0;OFF;ON;80;3,20;3;8,50;38,40;97,40;88,70;5,40;5,50;61,30;8,20;6,60;
2026-06-30 13:40:00.0;OFF;ON;80;3,10;3;8,50;38,30;97,40;88,70;5,40;5,50;61,10;8,20;6,60;
2026-06-30 13:41:00.0;OFF;ON;80;3;3;8,50;38,20;97,40;88,60;5,50;5,50;61;8,30;6,60;
2026-06-30 13:42:00.0;OFF;ON;80;3,10;3,10;8,60;38,20;97,50;88,60;5,50;5,50;61,30;8,50;6,70;
2026-06-30 13:43:00.0;OFF;ON;80;3,10;3,10;8,60;38,10;97,60;88,60;5,50;5,50;61,40;8,60;6,80;
2026-06-30 13:44:00.0;OFF;ON;80;3,20;3,10;8,60;38;97,80;88,60;5,40;5,50;61,80;8,50;6,80;
2026-06-30 13:45:00.0;OFF;ON;80;3,20;3,10;8,60;38;97,90;88,60;5,40;5,50;62,40;8,50;6,80;
2026-06-30 13:46:00.0;OFF;ON;80;3,30;3,10;8,50;37,90;97,80;88,60;5,30;5,50;63,20;8,40;6,80;
2026-06-30 13:47:00.0;OFF;ON;80;3,20;3;8,40;37,80;97,70;88,60;5,20;5,50;64,20;8,20;6,70;
2026-06-30 13:48:00.0;OFF;ON;80;3;2,90;8,30;37,80;97,40;88,60;5,40;5,50;63,60;8;6,50;
2026-06-30 13:49:00.0;OFF;ON;80;2,90;2,80;8,20;37,70;97,30;88,60;5,40;5,50;64;7,90;6,40;
2026-06-30 13:50:00.0;OFF;ON;80;2,80;2,70;8,20;37,60;97,20;88,70;5,40;5,50;64,10;7,80;6,20;
2026-06-30 13:51:00.0;OFF;ON;80;2,70;2,60;8,10;37,50;97,10;88,70;5,40;5,50;64,50;7,70;6,10;
2026-06-30 13:52:00.0;OFF;ON;80;2,60;2,60;8,10;37,50;97;88,70;5,40;5,50;64,70;7,70;6,10;
2026-06-30 13:53:00.0;OFF;ON;80;2,60;2,50;8;37,40;96,80;88,70;5,40;5,50;61,90;7,70;6;
2026-06-30 13:54:00.0;OFF;ON;80;2,70;3;8;37,30;96,70;88,70;5,30;5,50;62;7,60;6,20;
2026-06-30 13:55:00.0;OFF;ON;90;2,70;3;8;37,30;96,80;88,70;5,30;5,50;61,60;7,60;6,20;
2026-06-30 13:56:00.0;OFF;ON;90;2,50;3;7,90;37,20;96,90;88,60;5,40;5,50;60,20;7,60;6,20;
2026-06-30 13:57:00.0;OFF;ON;90;2,80;2,90;7,90;37,10;96,90;88,70;5,20;5;61,10;7,50;6,20;
2026-06-30 13:58:00.0;OFF;ON;90;2,70;2,90;7,90;37,10;97;88,70;5,20;5;60,50;7,50;6,10;
2026-06-30 13:59:00.0;OFF;ON;90;2,70;2,90;7,90;37;97;88,70;5,20;5;59,90;7,50;6,10;
2026-06-30 14:00:00.0;OFF;ON;90;2,70;2,80;7,90;36,90;96,80;88,70;5,20;5;59,80;7,50;6,10;
2026-06-30 14:01:00.0;OFF;ON;90;2,70;2,80;7,80;36,80;96,80;88,70;5,10;5;59,50;7,40;6;
2026-06-30 14:02:00.0;OFF;ON;90;2,60;2,80;7,80;36,80;96,90;88,70;5,10;5;59;7,40;6;
2026-06-30 14:03:00.0;OFF;ON;90;2,40;2,80;7,70;36,70;96,90;88,70;5,30;5;57,40;7,30;6;
2026-06-30 14:04:00.0;OFF;ON;90;2,60;2,70;7,70;36,70;96,90;88,70;5,10;5;58,50;7,30;6;
2026-06-30 14:05:00.0;OFF;ON;90;2,50;2,70;7,70;36,60;96,80;88,70;5,20;5;57,60;7,30;5,90;
2026-06-30 14:06:00.0;OFF;ON;90;2,50;2,70;7,60;36,50;96,80;88,70;5,10;5;57,80;7,20;5,90;
2026-06-30 14:07:00.0;OFF;ON;90;2,50;2,60;7,60;36,40;96,80;88,70;5,10;5;57,60;7,20;5,90;
2026-06-30 14:08:00.0;OFF;ON;90;2,50;2,60;7,60;36,30;96,90;88,70;5,10;5;57,60;7,20;5,90;
2026-06-30 14:09:00.0;OFF;ON;90;2,50;2,60;7,60;36,30;96,90;88,70;5,10;5;57,60;7,20;5,90;
2026-06-30 14:10:00.0;OFF;ON;90;2,60;2,60;7,60;36,20;96,90;88,70;5;5;57,80;7,20;5,90;
2026-06-30 14:11:00.0;OFF;ON;90;2,50;2,60;7,50;36,20;96,90;88,70;5;5;58,70;7,10;5,80;
2026-06-30 14:12:00.0;OFF;ON;90;2,50;2,50;7,50;36,10;97;88,70;5;5;58,80;7,10;5,80;
2026-06-30 14:13:00.0;OFF;ON;90;2,60;2,50;7,50;36;97;88,70;4,90;5;59,30;7,10;5,80;
2026-06-30 14:14:00.0;OFF;ON;90;2,50;2,50;7,50;35,90;97;88,60;5;5;59;7;5,80;
2026-06-30 14:15:00.0;OFF;ON;90;2,60;2,40;7,40;35,90;96,90;88,70;4,80;5;59,60;7;5,80;
2026-06-30 14:16:00.0;OFF;ON;90;2,40;2,40;7,40;35,80;97;88,60;5;5;59,20;7;5,70;
2026-06-30 14:17:00.0;OFF;ON;90;2,60;2,40;7,40;35,70;96,90;88,60;4,80;5;60,10;7;5,70;
2026-06-30 14:18:00.0;OFF;ON;90;2,40;2,40;7,40;35,60;97;88,60;5;5;59,60;7;5,70;
2026-06-30 14:19:00.0;OFF;ON;90;2,50;2,30;7,30;35,50;96,90;88,60;4,80;5;60,60;6,90;5,70;
2026-06-30 14:20:00.0;OFF;ON;90;2,40;2,30;7,30;35,50;96,80;88,60;4,90;5;60,20;6,90;5,60;
2026-06-30 14:21:00.0;OFF;ON;90;2,50;2,30;7,30;35,40;96,90;88,50;4,80;5;61;6,90;5,60;
2026-06-30 14:22:00.0;OFF;ON;90;2,30;2,30;7,30;35,30;96,90;88,50;4,90;5;60,60;6,90;5,60;
2026-06-30 14:23:00.0;OFF;ON;90;2,30;2,20;7,20;35,20;96,80;88,50;4,90;5;60,90;6,80;5,60;
2026-06-30 14:24:00.0;OFF;ON;90;2,50;2,20;7,20;35,20;96,70;88,50;4,70;5;62,40;6,80;5,60;
2026-06-30 14:25:00.0;OFF;ON;90;2,40;2,20;7,20;35,10;96,70;88,50;4,80;5;62,60;6,80;5,50;
2026-06-30 14:26:00.0;OFF;ON;90;2,30;2,20;7,20;35;96,80;88,60;4,90;5;62,10;6,70;5,50;
2026-06-30 14:27:00.0;OFF;ON;90;2,30;2,20;7,10;34,90;96,80;88,60;4,80;5;62,90;6,70;5,50;
2026-06-30 14:28:00.0;OFF;ON;90;2,40;2,10;7,10;34,90;96,80;88,60;4,70;5;64,10;6,70;5,40;
2026-06-30 14:29:00.0;OFF;ON;90;2,30;2,10;7,10;34,80;96,70;88,60;4,70;5;64,40;6,70;5,40;
2026-06-30 14:30:00.0;OFF;ON;90;2,20;2,10;7,10;34,70;96,70;88,60;4,80;5;64,20;6,70;5,40;
2026-06-30 14:31:00.0;OFF;ON;90;2,20;2,10;7;34,70;96,70;88,60;4,80;5;64,70;6,60;5,40;
2026-06-30 14:32:00.0;OFF;ON;90;2,20;2;7;34,60;96,70;88,60;4,80;5;65,60;6,60;5,40;
2026-06-30 14:33:00.0;OFF;ON;100;2,20;3;7;34,60;96,70;88,50;4,80;5;59,10;6,60;5,40;
2026-06-30 14:34:00.0;OFF;ON;100;2,20;3;7;34,50;96,80;88,60;4,80;5;57,40;6,60;5,40;
2026-06-30 14:35:00.0;OFF;ON;100;2,30;3;7;34,40;96,80;88,50;4,70;5;56,90;6,60;5,40;
2026-06-30 14:36:00.0;OFF;ON;100;2,50;3;7;34,40;96,80;88,50;4,50;4;56,60;6,60;5,40;
2026-06-30 14:37:00.0;OFF;ON;100;2,40;3;7;34,30;96,90;88,50;4,60;4;55,40;6,60;5,40;
2026-06-30 14:38:00.0;OFF;ON;100;2,50;3;7;34,20;96,90;88,50;4,50;4;55,20;6,60;5,50;
2026-06-30 14:39:00.0;OFF;ON;100;2,70;3;7;34,20;97;88,50;4,30;4;56;6,60;5,50;
2026-06-30 14:40:00.0;OFF;ON;100;2,60;3;7;34,10;97;88,50;4,40;4;54,50;6,60;5,60;
2026-06-30 14:41:00.0;OFF;ON;100;2,90;3;7;34;97,10;88,50;4,20;4;55,40;6,60;5,60;
2026-06-30 14:42:00.0;OFF;ON;100;2,90;3;7,10;34;97,10;88,50;4,10;4;55,20;6,60;5,70;
2026-06-30 14:43:00.0;OFF;ON;100;2,80;3,10;7,10;33,90;97,20;88,50;4,30;4;54,10;6,70;5,70;
2026-06-30 14:44:00.0;OFF;ON;100;3;3,10;7,10;33,80;97,20;88,50;4;4;55,20;6,70;5,70;
2026-06-30 14:45:00.0;OFF;ON;100;3,10;3,10;7,10;33,70;97,20;88,50;4;4;54,90;6,70;5,80;
2026-06-30 14:46:00.0;OFF;ON;100;3;3,10;7,10;33,70;97,20;88,50;4,10;4;54,40;6,70;5,80;
2026-06-30 14:47:00.0;OFF;ON;100;3,10;3,10;7,10;33,60;97,20;88,50;4;4;55,50;6,70;5,80;
2026-06-30 14:48:00.0;OFF;ON;100;3,10;3,10;7,10;33,60;97,20;88,50;4;4;54,60;6,70;5,80;
2026-06-30 14:49:00.0;OFF;ON;100;3;3,10;7,10;33,50;97,20;88,50;4,10;4;54,40;6,80;5,90;
2026-06-30 14:50:00.0;OFF;ON;100;3,30;3,20;7,20;33,40;97,20;88,50;3,90;4;55,60;6,80;5,90;
2026-06-30 14:51:00.0;OFF;ON;100;3,20;3,20;7,20;33,40;97,30;88,50;3,90;4;55,60;6,80;5,90;
2026-06-30 14:52:00.0;OFF;ON;100;3,10;3,10;7,10;33,30;97,30;88,50;4;4;55,50;6,70;5,90;
2026-06-30 14:53:00.0;OFF;ON;100;3,10;3,10;7,10;33,20;97,30;88,50;4,10;4;54,70;6,70;5,90;
2026-06-30 14:54:00.0;OFF;ON;100;3,10;3,10;7,10;33,20;97,30;88,50;4;4;55,70;6,70;5,90;
2026-06-30 14:55:00.0;OFF;ON;100;3,10;3,10;7,10;33,10;97,20;88,50;4;4;56;6,70;5,90;
2026-06-30 14:56:00.0;OFF;ON;100;3,10;3,10;7,10;33;97,20;88,50;4;4;56;6,70;5,90;
2026-06-30 14:57:00.0;OFF;ON;100;3,30;3,10;7,10;33;97,20;88,50;3,80;4;56,80;6,70;5,90;
2026-06-30 14:58:00.0;OFF;ON;100;3,10;3,10;7,10;32,90;97,20;88,50;4;4;56,10;6,70;5,90;
2026-06-30 14:59:00.0;OFF;ON;100;3,20;3,10;7,10;32,80;97,20;88,50;3,90;4;56,40;6,70;5,90;
2026-06-30 15:00:00.0;OFF;ON;100;3,20;3,10;7,10;32,70;97,10;88,50;3,80;4;57,10;6,70;5,90;
2026-06-30 15:01:00.0;OFF;ON;100;3,20;3,10;7,10;32,70;97,20;88,50;3,90;4;57,10;6,70;5,90;
2026-06-30 15:02:00.0;OFF;ON;100;3,20;3,10;7,10;32,60;97,10;88,50;3,80;4;57,40;6,70;5,80;
2026-06-30 15:03:00.0;OFF;ON;100;3,10;3;7;32,60;97,10;88,50;4;4;56,90;6,70;5,80;
2026-06-30 15:04:00.0;OFF;ON;100;3,20;3;7;32,50;97,10;88,50;3,80;4;57,90;6,70;5,80;
2026-06-30 15:05:00.0;OFF;ON;100;3,10;3;7;32,40;97,10;88,50;3,90;4;57,20;6,70;5,80;
2026-06-30 15:06:00.0;OFF;ON;100;3,20;3;7;32,30;97,10;88,50;3,80;4;58,50;6,70;5,80;
2026-06-30 15:07:00.0;OFF;ON;100;3,10;3;7;32,30;97;88,50;4;4;57,80;6,70;5,80;
2026-06-30 15:08:00.0;OFF;ON;100;3,10;3;7;32,20;96,90;88,50;4;4;57,90;6,80;5,80;
2026-06-30 15:09:00.0;OFF;ON;100;3;3;7;32,10;97,10;88,50;4;4;58,10;6,80;5,80;
2026-06-30 15:10:00.0;OFF;ON;100;3,10;3;7;32,10;97,10;88,50;3,90;4;58,50;6,70;5,80;
2026-06-30 15:11:00.0;OFF;ON;100;3,20;3;7;32;97;88,50;3,80;4;59,10;6,70;5,80;
2026-06-30 15:12:00.0;OFF;ON;100;3,20;3;7;31,90;97;88,50;3,80;4;59,50;6,70;5,70;
2026-06-30 15:13:00.0;OFF;ON;100;3,10;3;7;31,80;96,90;88,50;3,90;4;59,30;6,70;5,70;
2026-06-30 15:14:00.0;OFF;ON;100;3;3;6,90;31,80;96,90;88,50;3,90;4;59,10;6,70;5,70;
2026-06-30 15:15:00.0;OFF;ON;100;3;2,90;6,90;31,70;96,90;88,50;4;4;59,30;6,70;5,70;
2026-06-30 15:16:00.0;OFF;ON;100;3,20;2,90;6,90;31,60;96,80;88,50;3,70;4;61,20;6,70;5,70;
2026-06-30 15:17:00.0;OFF;ON;100;3,20;2,90;6,90;31,60;96,90;88,50;3,70;4;61,80;6,70;5,70;
2026-06-30 15:18:00.0;OFF;ON;100;3,70;2,90;6,90;31,50;96,90;88,40;3,30;4;66;6,70;5,80;
2026-06-30 15:19:00.0;OFF;ON;100;3,70;3;7;31,40;97,10;88,40;3,30;4;67;6,80;6;
2026-06-30 15:20:00.0;OFF;ON;100;3,20;3,10;7,10;31,30;97,20;88,40;3,90;4;64,20;6,80;6;
2026-06-30 15:21:00.0;OFF;ON;100;3,10;3,10;7;31,30;97,20;88,40;3,90;4;64,20;6,80;5,90;
2026-06-30 15:22:00.0;OFF;ON;100;2,50;3;7;31,20;97,20;88,40;4,50;4;60;6,80;5,90;
2026-06-30 15:23:00.0;OFF;ON;100;2,60;3;6,90;31,10;97;88,40;4,30;4;60,60;6,60;5,60;
2026-06-30 15:24:00.0;OFF;ON;100;2,50;2,80;6,80;31,10;96,80;88,40;4,30;4;59,70;6,50;5,40;
2026-06-30 15:25:00.0;OFF;ON;100;2,40;2,80;6,70;31;96,40;88,40;4,30;4;58,90;6,40;5,30;
2026-06-30 15:26:00.0;OFF;ON;100;2,20;2,70;6,60;30,90;96,10;88,40;4,50;4;57,20;6,40;5,20;
2026-06-30 15:27:00.0;OFF;ON;100;2,10;2,60;6,60;30,80;96,10;88,40;4,40;4;56,50;6,30;5,10;
2026-06-30 15:28:00.0;OFF;ON;100;2,30;2,50;6,50;30,70;96;88,40;4,20;4;57,40;6,20;5,10;
2026-06-30 15:29:00.0;OFF;ON;100;2,30;2,50;6,50;30,70;96;88,40;4,20;4;56,80;6,20;5;
2026-06-30 15:30:00.0;OFF;ON;100;2,20;2,50;6,40;30,60;96,10;88,40;4,30;4;56;6,20;5;
2026-06-30 15:31:00.0;OFF;ON;100;2,20;2,40;6,40;30,50;96;88,40;4,20;4;55,70;6,20;5;
2026-06-30 15:32:00.0;OFF;ON;100;2,10;2,40;6,40;30,50;96,10;88,40;4,30;4;55,30;6,20;5;
2026-06-30 15:33:00.0;OFF;ON;100;2,20;2,40;6,40;30,40;96,10;88,40;4,20;4;55,40;6,10;5;
2026-06-30 15:34:00.0;OFF;ON;100;2,40;2,40;6,40;30,30;96,10;88,40;4;4;55,90;6,10;5;
2026-06-30 15:35:00.0;OFF;ON;100;2,40;2,40;6,30;30,20;96,10;88,40;4;4;56;6,10;5;
2026-06-30 15:36:00.0;OFF;ON;100;2,30;2,30;6,30;30,20;96,10;88,40;4;4;55,80;6,10;5;
2026-06-30 15:37:00.0;OFF;ON;100;2,40;2,30;6,30;30,10;96,20;88,40;3,90;4;56,70;6;5;
2026-06-30 15:38:00.0;OFF;ON;100;2,20;2,30;6,30;30;96,20;88,40;4,10;4;55,60;6,10;5;
2026-06-30 15:39:00.0;OFF;ON;100;2,30;2,30;6,30;30;96,20;88,40;4;4;56,60;6;5;
2026-06-30 15:40:00.0;OFF;ON;100;2,30;2,30;6,30;29,90;96,30;88,40;4;4;55,80;6;4,90;
2026-06-30 15:41:00.0;OFF;ON;100;2,20;2,30;6,30;29,80;96,30;88,40;4;4;56,60;6;4,90;
2026-06-30 15:42:00.0;OFF;ON;100;2,30;2,30;6,20;29,80;96,30;88,40;4;4;56,70;6;4,90;
2026-06-30 15:43:00.0;OFF;ON;100;2,30;2,20;6,20;29,70;96,30;88,40;3,90;4;56,90;6;4,90;
2026-06-30 15:44:00.0;OFF;ON;100;2,30;2,20;6,20;29,70;96,40;88,40;3,90;4;57;6;4,90;
2026-06-30 15:45:00.0;OFF;ON;100;2,20;2,20;6,20;29,60;96,30;88,40;4;4;57,10;5,90;4,90;
2026-06-30 15:46:00.0;OFF;ON;100;2,40;2,20;6,20;29,60;96,30;88,40;3,80;4;57,80;5,90;4,90;
2026-06-30 15:47:00.0;OFF;ON;100;2,40;2,20;6,20;29,50;96,30;88,40;3,80;4;58,20;5,90;4,90;
2026-06-30 15:48:00.0;OFF;ON;100;2,20;2,20;6,20;29,40;96,30;88,40;4;4;57,70;5,90;4,90;
2026-06-30 15:49:00.0;OFF;ON;100;2,20;2,20;6,20;29,40;96,30;88,40;4;4;57,80;5,90;4,90;
2026-06-30 15:50:00.0;OFF;ON;100;2,30;2,20;6,10;29,30;96,40;88,40;3,80;4;58,60;5,90;4,90;
2026-06-30 15:51:00.0;OFF;ON;100;2,20;2,10;6,10;29,20;96,30;88,40;3,90;4;58,40;5,90;4,90;
2026-06-30 15:52:00.0;OFF;ON;100;2,20;2,10;6,10;29,20;96,40;88,40;3,90;4;58,70;5,90;4,80;
2026-06-30 15:53:00.0;OFF;ON;100;2,20;2,10;6,10;29,10;96,30;88,40;3,90;4;58,70;5,90;4,80;
2026-06-30 15:54:00.0;OFF;ON;100;2,40;2,10;6,10;29;96,20;88,40;3,70;4;60,30;5,80;4,80;
2026-06-30 15:55:00.0;OFF;ON;100;2,20;2,10;6,10;29;96,30;88,40;3,90;4;59,60;5,80;4,80;
2026-06-30 15:56:00.0;OFF;ON;100;2,10;2,10;6;28,90;96,30;88,40;3,90;4;59,60;5,80;4,80;
2026-06-30 15:57:00.0;OFF;ON;100;2,30;2;6;28,90;96,30;88,40;3,80;4;60,90;5,70;4,80;
2026-06-30 15:58:00.0;OFF;ON;100;2,20;2;6;28,80;96,30;88,40;3,80;4;61,10;5,70;4,80;
2026-06-30 15:59:00.0;OFF;ON;100;2,20;2;6;28,70;96,30;88,40;3,80;4;61,30;5,70;4,80;
2026-06-30 16:00:00.0;OFF;ON;100;2,10;2;6;28,70;96,30;88,40;3,90;4;61;5,70;4,80;
2026-06-30 16:01:00.0;OFF;ON;100;2,50;2;6;28,60;96,40;88,40;3,50;4;64,60;5,70;4,70;
2026-06-30 16:02:00.0;OFF;ON;100;2,40;2;6;28,50;96,40;88,40;3,60;4;64,90;5,80;4,90;
2026-06-30 16:03:00.0;OFF;ON;100;2,30;2;6;28,50;96,50;88,40;3,70;4;64,40;5,80;4,80;
2026-06-30 16:04:00.0;OFF;ON;100;2,70;2;6;28,40;96,50;88,40;3,30;4;68,50;5,80;4,80;
2026-06-30 16:05:00.0;OFF;ON;100;2,20;2;6;28,40;96,70;88,40;3,90;4;65,60;5,80;4,90;
2026-06-30 16:06:00.0;OFF;ON;100;2,30;2,10;6,10;28,30;96,80;88,40;3,80;4;66,50;5,80;4,90;
2026-06-30 16:07:00.0;OFF;ON;100;2,10;2,10;6;28,20;96,80;88,40;4;4;65,90;5,80;4,80;
2026-06-30 16:08:00.0;OFF;ON;100;1,40;2;6;28,20;96,60;88,40;4,50;4;61,50;5,70;4,70;
2026-06-30 16:09:00.0;OFF;ON;100;1,60;2;5,90;28,10;96,30;88,40;4,30;4;62,30;5,60;4,60;
2026-06-30 16:10:00.0;OFF;ON;100;1,40;1,80;5,70;28;95,90;88,40;4,30;4;61,30;5,40;4,40;
2026-06-30 16:11:00.0;OFF;ON;100;1,10;1,70;5,60;28;95,70;88,40;4,60;4;59;5,40;4,30;
2026-06-30 16:12:00.0;OFF;ON;100;1,20;1,60;5,60;27,90;95,50;88,40;4,40;4;59,80;5,30;4,30;
2026-06-30 16:13:00.0;OFF;ON;100;1,20;1,50;5,50;27,90;95,40;88,40;4,30;4;59,40;5,30;4,20;
2026-06-30 16:14:00.0;OFF;ON;100;1,30;1,50;5,50;27,80;95,50;88,40;4,20;4;59,30;5,20;4,20;
2026-06-30 16:15:00.0;OFF;ON;100;1,10;1,50;5,40;27,70;95,50;88,40;4,30;4;58,50;5,20;4,20;
2026-06-30 16:16:00.0;OFF;ON;100;1,30;1,40;5,40;27,70;95,40;88,40;4,10;4;59;5,10;4,10;
2026-06-30 16:17:00.0;OFF;ON;100;1,10;1,40;5,40;27,60;95,50;88,40;4,20;4;58,10;5,10;4,10;
2026-06-30 16:18:00.0;OFF;ON;100;1;1,40;5,30;27,50;95,50;88,40;4,30;4;57,20;5,10;4,10;
2026-06-30 16:19:00.0;OFF;ON;100;1,10;1,30;5,30;27,50;95,60;88,40;4,20;4;57,50;5;4,10;
2026-06-30 16:20:00.0;OFF;ON;100;1,20;1,30;5,30;27,40;95,50;88,40;4,10;4;57,90;5;4,10;
2026-06-30 16:21:00.0;OFF;ON;100;1,20;1,30;5,30;27,30;95,60;88,40;4;4;58,90;5;4;
2026-06-30 16:22:00.0;OFF;ON;100;1,30;1,30;5,30;27,30;95,60;88,40;4;4;58;5;4;
2026-06-30 16:23:00.0;OFF;ON;100;1,20;1,30;5,20;27,20;95,60;88,40;4;4;57,80;5;4;
2026-06-30 16:24:00.0;OFF;ON;100;1,40;1,20;5,40;27,10;95,90;88,40;4;4;57,80;5,30;4,10;
2026-06-30 16:25:00.0;OFF;ON;100;1,50;1,50;5,50;27,10;96,20;88,40;4;4;57,70;5,50;4,40;
2026-06-30 16:26:00.0;OFF;ON;100;1,60;1,50;5,60;27;96,50;88,40;4;4;58,50;5,40;4,40;
2026-06-30 16:27:00.0;OFF;ON;100;1,50;1,50;5,50;26,90;96,50;88,40;3,90;4;58,60;5,20;4,40;
2026-06-30 16:28:00.0;OFF;ON;100;1,50;1,50;5,40;26,90;96,40;88,40;3,90;4;58,70;5,20;4,30;
2026-06-30 16:29:00.0;OFF;ON;100;1,40;1,40;5,40;26,80;96,30;88,40;4;4;58,70;5,10;4,20;
2026-06-30 16:30:00.0;OFF;ON;100;1,30;1,30;5,30;26,80;96,20;88,40;4;4;59;5;4,20;
2026-06-30 16:31:00.0;OFF;ON;100;1,30;1,30;5,30;26,70;96,10;88,30;4;4;58,90;5;4,10;
2026-06-30 16:32:00.0;OFF;ON;100;1,30;1,30;5,30;26,60;95,90;88,30;4;4;58,30;5;4,10;
2026-06-30 16:33:00.0;OFF;ON;100;1,20;1,20;5,20;26,60;96;88,30;4;4;59,40;5;4,10;
2026-06-30 16:34:00.0;OFF;ON;100;1,20;1,20;5,20;26,50;96,10;88,40;4;4;59,20;4,90;4;
2026-06-30 16:35:00.0;OFF;ON;100;1,30;1,20;5,20;26,40;96;88,40;3,90;4;59,70;4,90;4;
2026-06-30 16:36:00.0;OFF;ON;100;1,20;1,10;5,10;26,40;96;88,40;4;4;59,50;4,90;4;
2026-06-30 16:37:00.0;OFF;ON;100;1,30;1,10;5,10;26,30;95,80;88,40;3,80;4;60,40;4,90;4;
2026-06-30 16:38:00.0;OFF;ON;100;1,20;1,10;5,10;26,30;95,70;88,30;3,90;4;60,30;4,80;4;
2026-06-30 16:39:00.0;OFF;ON;100;1,10;1,10;5,10;26,20;95,80;88,30;4;4;59,90;4,80;3,90;
2026-06-30 16:40:00.0;OFF;ON;100;1,10;1,10;5,10;26,10;95,80;88;4;4;60,10;4,80;3,90;
2026-06-30 16:41:00.0;OFF;ON;100;1,10;1,10;5,10;26,10;95,80;88;4;4;60,30;4,80;3,90;
2026-06-30 16:42:00.0;OFF;ON;100;1,10;1,10;5,10;26;96;88;4;4;60,40;4,90;3,90;
2026-06-30 16:43:00.0;OFF;ON;100;1,60;1,10;5,10;25,90;96,10;88;3,50;4;64,30;4,90;4;
2026-06-30 16:44:00.0;OFF;ON;100;1,60;1,10;5,20;25,90;96,20;88;3,50;4;64,70;4,90;4,10;
2026-06-30 16:45:00.0;OFF;ON;100;1,70;1,20;5,20;25,80;96,50;88;3,50;4;66;4,90;4,20;
2026-06-30 16:46:00.0;OFF;ON;100;1,90;1,20;5,20;25,80;96,50;88;3,20;4;68,60;5;4,20;
2026-06-30 16:47:00.0;OFF;ON;100;1,50;1,20;5,20;25,70;96,60;88;3,80;4;66,20;5;4,30;
2026-06-30 16:48:00.0;OFF;ON;100;1,60;1,30;5,20;25,60;96,70;88;3,60;4;67,70;4,90;4,20;
2026-06-30 16:49:00.0;OFF;ON;100;1,50;1,20;5,20;25,60;96,60;88;3,70;4;67,80;4,90;4,20;
2026-06-30 16:50:00.0;OFF;ON;100;0,70;1,20;5,20;25,50;96,50;88;4,50;4;62,30;4,90;4,10;
2026-06-30 16:51:00.0;OFF;ON;100;0,80;1,10;5,10;25,40;96,20;88;4,30;4;62,90;4,80;3,90;
2026-06-30 16:52:00.0;OFF;ON;100;0,80;1,10;5;25,30;96;88;4,20;4;59,60;4,70;3,80;
2026-06-30 16:53:00.0;OFF;ON;100;0,90;1,50;4,90;25,30;95,60;88,10;4;4;59,70;4,70;3,80;
2026-06-30 16:54:00.0;OFF;ON;100;1;1,40;4,90;25,20;95,60;88,10;3,90;4;59,40;4,60;3,70;
2026-06-30 16:55:00.0;OFF;ON;100;0,90;1,40;4,80;25,20;95,70;88,10;4;4;58,10;4,60;3,70;
2026-06-30 16:56:00.0;OFF;ON;100;0,90;1,30;4,80;25,10;95,60;88,10;3,90;3,50;57,70;4,60;3,70;
2026-06-30 16:57:00.0;OFF;ON;100;1,10;1,30;4,80;25;95,50;88,10;3,80;3,50;57,70;4,60;3,70;
2026-06-30 16:58:00.0;OFF;ON;100;1,10;1,30;4,80;25;95,60;88,10;3,70;3,50;57,20;4,50;3,70;
2026-06-30 16:59:00.0;OFF;ON;100;1,10;1,30;4,80;24,90;95,60;88,10;3,70;3,50;56,70;4,50;3,70;
2026-06-30 17:00:00.0;OFF;ON;100;1,10;1,30;4,80;24,90;95,70;88,10;3,70;3,50;56,40;4,50;3,70;
2026-06-30 17:01:00.0;OFF;ON;100;1,70;1,30;4,80;24,80;95,80;88,10;3,10;3,50;59,90;4,50;3,70;
2026-06-30 17:02:00.0;OFF;ON;100;1,40;1,30;4,80;24,70;95,90;88,10;3,40;3,50;58,90;4,60;3,80;
2026-06-30 17:03:00.0;OFF;ON;100;1,60;1,30;4,80;24,70;96,10;88,10;3,20;3,50;60,10;4,60;3,90;
2026-06-30 17:04:00.0;OFF;ON;100;2,20;1,40;4,90;24,70;96,20;88,10;2,70;3,50;64,70;4,60;4;
2026-06-30 17:05:00.0;OFF;ON;100;1,60;1,40;5;24,60;96,50;88,10;3,30;3,50;61,70;4,70;4,10;
2026-06-30 17:06:00.0;OFF;ON;100;1,70;1,50;5;24,60;96,60;88,10;3,30;3,50;62,20;4,70;4,10;
2026-06-30 17:07:00.0;OFF;ON;100;2,20;1,50;5;24,50;96,70;88;2,80;3,50;66,20;4,70;4,10;
2026-06-30 17:08:00.0;OFF;ON;100;1,60;1,50;5;24,40;96,60;88;3,40;3,50;62,80;4,70;4,10;
2026-06-30 17:09:00.0;OFF;ON;100;1,70;1,50;5;24,40;96,60;88;3,20;3,50;64,10;4,70;4,10;
2026-06-30 17:10:00.0;OFF;ON;100;2;1,40;5;24,30;96,70;88;2,90;3,50;66,90;4,70;4,10;
2026-06-30 17:11:00.0;OFF;ON;100;1,90;1,50;5;24,30;96,60;88;3,10;3,50;67,30;4,70;4,20;
2026-06-30 17:12:00.0;OFF;ON;100;1,70;1,50;5;24,20;96,70;88;3,40;3,50;65,50;4,80;4,20;
2026-06-30 17:13:00.0;OFF;ON;100;1,40;1,50;5;24,20;96,70;88;3,50;3,50;64,30;4,70;4,10;
2026-06-30 17:14:00.0;OFF;ON;100;0,60;1,50;4,90;24,10;96,50;88;4,30;3,50;59;4,70;4;
2026-06-30 17:15:00.0;OFF;ON;100;0,70;1,40;4,90;24,10;96,40;88;4,10;3,50;59,10;4,60;3,80;
2026-06-30 17:16:00.0;OFF;ON;100;0,60;1,30;4,70;24;95,90;88;4,10;3,50;57,90;4,50;3,60;
2026-06-30 17:17:00.0;OFF;ON;100;0,70;1,20;4,70;23,90;95,60;88,10;3,90;3,50;58,30;4,40;3,60;
2026-06-30 17:18:00.0;OFF;ON;100;0,80;1,10;4,60;23,90;95,50;88,10;3,80;3,50;58,10;4,40;3,50;
2026-06-30 17:19:00.0;OFF;ON;100;0,80;1,10;4,60;23,80;95,40;88,10;3,80;3,50;57,70;4,30;3,50;
2026-06-30 17:20:00.0;OFF;ON;100;0,70;1,10;4,60;23,80;95,60;88,10;3,90;3,50;56,50;4,30;3,50;
2026-06-30 17:21:00.0;OFF;ON;100;0,70;1;4,50;23,70;95,50;88,10;3,80;3,50;56,30;4,30;3,50;
2026-06-30 17:22:00.0;OFF;ON;100;0,70;1;4,50;23,70;95,50;88,10;3,80;3,50;55,80;4,30;3,50;
2026-06-30 17:23:00.0;OFF;ON;100;0,80;1;4,50;23,60;95,50;88,10;3,70;3,50;55,90;4,30;3,50;
2026-06-30 17:24:00.0;OFF;ON;100;0,80;1;4,50;23,60;95,60;88,10;3,80;3,50;55,50;4,30;3,50;
2026-06-30 17:25:00.0;OFF;ON;100;1,30;1;4,50;23,50;95,60;88,10;3,20;3,50;59,70;4,30;3,50;
2026-06-30 17:26:00.0;OFF;ON;100;1,10;1;4,60;23,50;96;88,10;3,40;3,50;58,50;4,30;3,60;
2026-06-30 17:27:00.0;OFF;ON;100;1,70;1,10;4,60;23,40;96,10;88,10;2,90;3,50;63,20;4,40;3,70;
2026-06-30 17:28:00.0;OFF;ON;100;1,90;1,10;4,60;23,40;96,30;88,10;2,70;3,50;65,50;4,40;3,80;
2026-06-30 17:29:00.0;OFF;ON;100;1,60;1,20;4,70;23,30;96,50;88,10;3,20;3,50;63,20;4,50;3,90;
2026-06-30 17:30:00.0;OFF;ON;100;1,50;1,20;4,70;23,30;96,60;88;3,20;3,50;63,40;4,50;3,80;
2026-06-30 17:31:00.0;OFF;ON;100;1,40;1,20;4,70;23,20;96,50;88;3,20;3,50;63,60;4,40;3,80;
2026-06-30 17:32:00.0;OFF;ON;100;1,50;1,20;4,70;23,20;96,50;88;3,20;3,50;64,30;4,40;3,80;
2026-06-30 17:33:00.0;OFF;ON;100;1,90;1,20;4,70;23,10;96,40;88;2,70;3,50;67,80;4,40;3,80;
2026-06-30 17:34:00.0;OFF;ON;100;1,70;1,10;4,60;23,10;96,40;88;2,90;3,50;67,70;4,40;3,80;
2026-06-30 17:35:00.0;OFF;ON;100;1,40;1,20;4,70;23;96,60;88;3,30;3,50;65,90;4,50;3,90;
2026-06-30 17:36:00.0;OFF;ON;100;1,20;1,20;4,70;22,90;96,50;88;3,50;3,50;64,50;4,50;3,80;
2026-06-30 17:37:00.0;OFF;ON;100;0,40;1,20;4,60;22,90;96,40;88;4,20;3,50;60,10;4,40;3,70;
2026-06-30 17:38:00.0;OFF;ON;100;0,40;1,10;4,60;22,90;96,20;88;4,20;3,50;59,40;4,40;3,70;
2026-06-30 17:39:00.0;OFF;ON;100;0,40;1;4,50;22,80;95,60;88;4,10;3,50;58,80;4,20;3,40;
2026-06-30 17:40:00.0;OFF;ON;100;0,40;0,90;4,40;22,70;95,40;88,10;4;3,50;58,30;4,20;3,30;
2026-06-30 17:41:00.0;OFF;ON;100;0,40;0,90;4,30;22,70;95,30;88,10;3,90;3,50;58,10;4,10;3,30;
2026-06-30 17:42:00.0;OFF;ON;100;0,50;0,80;4,30;22,60;95,20;88,10;3,80;3,50;58,20;4;3,20;
2026-06-30 17:43:00.0;OFF;ON;100;0,60;0,80;4,30;22,50;95,20;88,10;3,70;3,50;58,40;4;3,20;
2026-06-30 17:44:00.0;OFF;ON;100;0,40;0,80;4,30;22,50;95,40;88,10;3,90;3,50;56,40;4;3,20;
2026-06-30 17:45:00.0;OFF;ON;100;0,50;0,70;4,20;22,40;95,40;88,10;3,70;3,50;57,10;4;3,20;
2026-06-30 17:46:00.0;OFF;ON;100;1;0,70;4,20;22,40;95,40;88,10;3,20;3,50;59,90;4;3,20;
2026-06-30 17:47:00.0;OFF;ON;100;0,90;0,70;4,20;22,30;95,30;88,10;3,30;3,50;60;4;3,20;
2026-06-30 17:48:00.0;OFF;ON;100;1;0,80;4,30;22,30;95,70;88,10;3,20;3,50;60,60;4;3,30;
2026-06-30 17:49:00.0;OFF;ON;100;1,40;0,80;4,30;22,20;96;88,10;2,80;3,50;64,60;4;3,40;
2026-06-30 17:50:00.0;OFF;ON;100;1;0,80;4,30;22,20;96,10;88,10;3,40;3,50;62,10;4,10;3,60;
2026-06-30 17:51:00.0;OFF;ON;100;1,10;0,90;4,40;22,10;96,40;88;3,30;3,50;63;4,20;3,60;
2026-06-30 17:52:00.0;OFF;ON;100;1,10;0,90;4,40;22,10;96,30;88;3,30;3,50;63,60;4,10;3,50;
2026-06-30 17:53:00.0;OFF;ON;100;1,10;0,90;4,40;22;96,30;88;3,30;3,50;64,20;4,10;3,50;
2026-06-30 17:54:00.0;OFF;ON;100;1,10;0,90;4,40;22;96,20;88;3,30;3,50;64,30;4,10;3,50;
2026-06-30 17:55:00.0;OFF;ON;100;1,60;0,80;4,30;21,90;96,20;88;2,80;3,50;68,40;4,10;3,50;
2026-06-30 17:56:00.0;OFF;ON;100;1,30;0,80;4,30;21,90;96,10;88,10;3;3,50;67,60;4,10;3,50;
2026-06-30 17:57:00.0;OFF;ON;100;0,90;0,90;4,40;21,80;96,30;88,10;3,50;3,50;65,60;4,20;3,60;
2026-06-30 17:58:00.0;OFF;ON;100;0,90;0,90;4,40;21,70;96,20;88;3,50;3,50;64,70;4,10;3,50;
2026-06-30 17:59:00.0;OFF;ON;100;0,20;0,80;4,30;21,70;96;88;4,10;3,50;60,30;4,10;3,40;
2026-06-30 18:00:00.0;OFF;ON;100;0,70;0,80;4,20;21,70;95,90;88;3,50;3,50;63;4;3,20;
2026-06-30 18:01:00.0;OFF;ON;100;0,50;0,60;4,10;21,60;95,40;88,10;3,70;3,50;62;3,90;3,10;
2026-06-30 18:02:00.0;OFF;ON;100;0,50;0,60;4,10;21,50;95,50;88,10;3,60;3,50;61,90;3,90;3,10;
2026-06-30 18:03:00.0;OFF;ON;100;1;0,60;4,10;21,50;95,50;88;3,10;3,50;66,60;3,80;3,10;
2026-06-30 18:04:00.0;OFF;ON;100;0,70;0,60;4,20;21,40;95,60;88;3,40;3,50;65;3,90;3,30;
2026-06-30 18:05:00.0;OFF;ON;100;0,70;0,70;4,20;21,40;96;88;3,50;3,50;64;3,90;3,30;
2026-06-30 18:06:00.0;OFF;ON;100;0,70;0,70;4,20;21,30;95,90;88;3,50;3,50;63,80;3,90;3,20;
2026-06-30 18:07:00.0;OFF;ON;100;0,60;0,60;4,10;21,30;95,80;88;3,50;3,50;63,40;3,90;3,10;
2026-06-30 18:08:00.0;OFF;ON;100;0,50;0,60;4,10;21,20;95,70;88;3,60;3,50;63,10;3,80;3,10;
2026-06-30 18:09:00.0;OFF;ON;100;0,80;0,50;4;21,10;95,60;88;3,20;3,50;65,50;3,80;3;
2026-06-30 18:10:00.0;OFF;ON;100;1,20;0,50;4;21,10;95,60;88,10;2,90;3,50;68,90;3,80;3,10;
2026-06-30 18:11:00.0;OFF;ON;100;0,70;0,50;4,10;21;95,80;88;3,40;3,50;65,90;3,80;3,30;
2026-06-30 18:12:00.0;OFF;ON;100;0,70;0,60;4,10;21;96;88;3,40;3,50;65,90;3,80;3,20;
2026-06-30 18:13:00.0;OFF;ON;100;0,60;0,60;4,10;21;96;88;3,50;3,50;64,70;3,80;3,20;
2026-06-30 18:14:00.0;OFF;ON;100;0,50;0,60;4;20,90;96;88;3,50;3,50;65,30;3,80;3,10;
2026-06-30 18:15:00.0;OFF;ON;100;0,20;0,50;4;20,80;95,70;88;3,70;3,50;63,10;3,70;3;
2026-06-30 18:16:00.0;OFF;ON;100;0,90;0,50;3,90;20,80;95,70;88;3;3,50;68,40;3,70;3;
2026-06-30 18:17:00.0;OFF;ON;100;1;0,40;4;20,70;95,80;88;2,90;3,50;70;3,80;3,10;
2026-06-30 18:18:00.0;OFF;ON;100;0,60;0,50;4;20,70;96;88;3,40;3,50;67,10;3,80;3,20;
2026-06-30 18:19:00.0;OFF;ON;100;0,40;0,50;4;20,60;96,10;88;3,60;3,50;66;3,80;3,10;
2026-06-30 18:20:00.0;OFF;ON;100;-0,20;0,50;4;20,60;96;88;4,20;3,50;61,30;3,70;3;
2026-06-30 18:21:00.0;OFF;ON;100;-0,10;0,40;3,90;20,50;95,70;88;4;3,50;61,50;3,60;2,80;
2026-06-30 18:22:00.0;OFF;ON;100;-0,20;0,30;3,80;20,40;95,30;88;4;3,50;60,80;3,50;2,70;
2026-06-30 18:23:00.0;OFF;ON;100;-0,30;0,20;3,70;20,40;95;88;4;3,50;59,20;3,40;2,50;
2026-06-30 18:24:00.0;OFF;ON;100;-0,30;0,10;3,60;20,30;95;88;3,80;3,50;58,90;3,40;2,50;
2026-06-30 18:25:00.0;OFF;ON;100;-0,20;0,10;3,60;20,30;94,90;88;3,80;3,50;59,10;3,30;2,40;
2026-06-30 18:26:00.0;OFF;ON;100;-0,30;0,10;3,60;20,20;94,80;88;3,90;3,50;57,90;3,30;2,40;
2026-06-30 18:27:00.0;OFF;ON;100;-0,20;0;3,50;20,20;94,80;88;3,70;3,50;58,50;3,30;2,40;
2026-06-30 18:28:00.0;OFF;ON;100;-0,10;0;3,50;20,10;94,90;88,10;3,60;3,50;58,70;3,30;2,40;
2026-06-30 18:29:00.0;OFF;ON;100;-0,10;0;3,50;20;95;88;3,60;3,50;58,50;3,30;2,40;
2026-06-30 18:30:00.0;OFF;ON;100;-0,20;0;3,50;20;95;88;3,70;3,50;57,70;3,30;2,40;
2026-06-30 18:31:00.0;OFF;ON;100;-0,10;0;3,50;19,90;95,10;88,10;3,60;3,50;58;3,30;2,40;
2026-06-30 18:32:00.0;OFF;ON;100;-0,10;0;3,50;19,90;95,20;88,10;3,60;3,50;57,70;3,20;2,40;
2026-06-30 18:33:00.0;OFF;ON;100;-0,20;0;3,50;19,90;95,20;88;3,70;3,50;56,70;3,30;2,40;
2026-06-30 18:34:00.0;OFF;ON;100;0,20;0;3,50;19,80;95,30;88,10;3,30;3,50;60;3,20;2,50;
2026-06-30 18:35:00.0;OFF;ON;100;0,20;0;3,50;19,80;95,50;88,10;3,30;3,50;60,10;3,30;2,60;
2026-06-30 18:36:00.0;OFF;ON;100;0,90;0;3,50;19,70;95,60;88;2,70;3,50;65,50;3,30;2,60;
2026-06-30 18:37:00.0;OFF;ON;100;0,70;0,10;3,60;19,70;95,70;88;3;3,50;65,70;3,40;2,70;
2026-06-30 18:38:00.0;OFF;ON;100;0,40;0,20;3,70;19,70;96,10;88;3,30;3,50;63,60;3,50;2,90;
2026-06-30 18:39:00.0;OFF;ON;100;0,50;0,20;3,70;19,60;96,30;88;3,20;3,50;64,40;3,50;2,90;
2026-06-30 18:40:00.0;OFF;ON;100;0,70;0,20;3,70;19,60;96,20;88;3;3,50;66,50;3,40;2,80;
2026-06-30 18:41:00.0;OFF;ON;100;0,40;0,20;3,70;19,50;96,10;88;3,20;3,50;65,40;3,40;2,80;
2026-06-30 18:42:00.0;OFF;ON;100;0,40;0,20;3,70;19,50;96,10;88;3,30;3,50;65,60;3,40;2,80;
2026-06-30 18:43:00.0;OFF;ON;100;0,80;0,20;3,70;19,50;96,10;88;2,80;3,50;69,30;3,40;2,80;
2026-06-30 18:44:00.0;OFF;ON;100;0,50;0,20;3,70;19,40;96,10;88;3,20;3,50;68,30;3,40;2,90;
2026-06-30 18:45:00.0;OFF;ON;100;0,30;0,20;3,70;19,40;96,30;88;3,40;3,50;67,60;3,50;2,90;
2026-06-30 18:46:00.0;OFF;ON;100;0,20;0,20;3,70;19,30;96,40;88;3,50;3,50;67,40;3,50;2,90;
2026-06-30 18:47:00.0;OFF;ON;100;-0,30;0,20;3,70;19,30;96,20;88;4;3,50;63,90;3,40;2,80;
2026-06-30 18:48:00.0;OFF;ON;100;-0,50;0,10;3,60;19,20;96;88;4,10;3,50;62,10;3,30;2,50;
2026-06-30 18:49:00.0;OFF;ON;100;-0,50;0;3,40;19,20;95,40;88;3,90;3,50;62,20;3,20;2,30;
2026-06-30 18:50:00.0;OFF;ON;100;-0,60;-0,10;3,30;19,10;95;88;3,90;3,50;61,20;3,10;2,20;
2026-06-30 18:51:00.0;OFF;ON;100;-0,50;-0,20;3,30;19,10;95;88;3,80;3,50;61,50;3;2,20;
2026-06-30 18:52:00.0;OFF;ON;100;-0,50;-0,30;3,20;19;94,80;88;3,70;3,50;61,40;3;2,10;
2026-06-30 18:53:00.0;OFF;ON;100;-0,60;-0,30;3,20;19;94,70;88;3,80;3,50;60,50;3;2,10;
2026-06-30 18:54:00.0;OFF;ON;100;-0,60;-0,30;3,20;18,90;94,90;88;3,70;3,50;60,30;2,90;2,10;
2026-06-30 18:55:00.0;OFF;ON;100;-0,40;-0,30;3,20;18,90;95;88;3,60;3,50;60,80;2,90;2,10;
2026-06-30 18:56:00.0;OFF;ON;100;-0,50;-0,40;3,10;18,90;95;88;3,60;3,50;60,50;2,90;2,10;
2026-06-30 18:57:00.0;OFF;ON;100;-0,60;-0,40;3,10;18,80;95;88;3,70;3,50;59,70;2,90;2,10;
2026-06-30 18:58:00.0;OFF;ON;100;-0,50;-0,40;3,10;18,80;95,10;88;3,70;3,50;59,70;2,80;2;
2026-06-30 18:59:00.0;OFF;ON;100;-0,40;-0,40;3,10;18,70;95,10;88;3,50;3,50;60,20;2,80;2;
2026-06-30 19:00:00.0;OFF;ON;100;-0,60;-0,40;3,10;18,70;95,10;88;3,70;3,50;59,30;2,80;2;
2026-06-30 19:01:00.0;OFF;ON;100;0,10;-0,40;3,10;18,70;95,10;88;2,90;3,50;64,20;2,80;2;
2026-06-30 19:02:00.0;OFF;ON;100;-0,30;-0,40;3,10;18,60;95,30;88;3,40;3,50;62,10;2,90;2,20;
2026-06-30 19:03:00.0;OFF;ON;100;0,20;-0,40;3,10;18,60;95,60;88;2,90;3,50;65,50;2,90;2,20;
2026-06-30 19:04:00.0;OFF;ON;100;0,40;-0,30;3,20;18,50;95,70;88;2,80;3,50;67,90;2,90;2,30;
2026-06-30 19:05:00.0;OFF;ON;100;0,20;-0,30;3,30;18,50;96;88;3,10;3,50;67;3;2,50;
2026-06-30 19:06:00.0;OFF;ON;100;0;-0,20;3,30;18,50;96,10;88;3,30;3,50;66,20;3;2,50;
2026-06-30 19:07:00.0;OFF;ON;100;0;-0,20;3,30;18,40;96,10;88;3,30;3,50;66,50;3;2,40;
2026-06-30 19:08:00.0;OFF;ON;100;0,10;-0,20;3,30;18,40;96;88;3,10;3,50;68,30;3;2,40;
2026-06-30 19:09:00.0;OFF;ON;100;-0,10;-0,20;3,20;18,30;96;88;3,30;3,50;67,70;3;2,40;
2026-06-30 19:10:00.0;OFF;ON;100;0;-0,30;3,20;18,30;96;88;3,20;3,50;68,90;3;2,40;
2026-06-30 19:11:00.0;OFF;ON;100;0,40;-0,30;3,20;18,20;96;88;2,80;3,50;72,40;3;2,40;
2026-06-30 19:12:00.0;OFF;ON;100;-0,10;-0,30;3,30;18,20;96;88;3,40;3,50;69,80;3;2,50;
2026-06-30 19:13:00.0;OFF;ON;100;-0,10;-0,20;3,30;18,10;96,10;88;3,30;3,50;70,50;3;2,40;
2026-06-30 19:14:00.0;OFF;ON;100;-0,20;-0,30;3,20;18,10;96;88;3,50;3,50;70;3;2,30;
2026-06-30 19:15:00.0;OFF;ON;100;-0,90;-0,30;3,20;18,10;95,90;88;4,10;3,50;65,40;2,90;2,30;
2026-06-30 19:16:00.0;OFF;ON;100;-0,80;-0,40;3;18;95,50;88;3,90;3,50;65,30;2,80;1,90;
2026-06-30 19:17:00.0;OFF;ON;100;-1;-0,50;2,90;18;95,10;88;3,90;3,50;64,20;2,70;1,80;
2026-06-30 19:18:00.0;OFF;ON;100;-0,90;-0,60;2,80;17,90;94,80;88;3,80;3,50;64,30;2,60;1,70;
2026-06-30 19:19:00.0;OFF;ON;100;-1;-0,70;2,80;17,90;94,60;88;3,80;3,50;63,70;2,50;1,60;
2026-06-30 19:20:00.0;OFF;ON;100;-1,10;-0,70;2,70;17,80;94,60;88;3,80;3,50;62,70;2,50;1,60;
2026-06-30 19:21:00.0;OFF;ON;100;-1,20;-0,80;2,70;17,80;94,70;88;3,90;3,50;62,20;2,50;1,60;
2026-06-30 19:22:00.0;OFF;ON;100;-1;-0,80;2,70;17,70;94,50;88;3,70;3,50;62,90;2,40;1,50;
2026-06-30 19:23:00.0;OFF;ON;100;-0,90;-0,80;2,60;17,70;94,50;88;3,60;3,50;62,90;2,40;1,50;
2026-06-30 19:24:00.0;OFF;ON;100;-0,90;-0,90;2,60;17,70;94,70;88;3,60;3,50;62,70;2,40;1,50;
2026-06-30 19:25:00.0;OFF;ON;100;-1;-0,90;2,60;17,60;94,80;88;3,60;3,50;62,50;2,40;1,50;
2026-06-30 19:26:00.0;OFF;ON;100;-1;-0,90;2,60;17,60;94,80;88;3,60;3,50;62,10;2,40;1,50;
2026-06-30 19:27:00.0;OFF;ON;100;-1,10;-0,90;2,60;17,50;94,80;88;3,70;3,50;61,20;2,30;1,50;
2026-06-30 19:28:00.0;OFF;ON;100;-1;-0,90;2,60;17,50;95;88;3,60;3,50;61,50;2,30;1,50;
2026-06-30 19:29:00.0;OFF;ON;100;-0,90;-0,90;2,60;17,40;95;88;3,40;3,50;62,50;2,30;1,50;
2026-06-30 19:30:00.0;OFF;ON;100;-0,60;-1;2,60;17,40;95;88;3,10;3,50;65,50;2,30;1,50;
2026-06-30 19:31:00.0;OFF;ON;100;-0,70;-0,90;2,60;17,40;95,20;88;3,40;3,50;64,30;2,40;1,70;
2026-06-30 19:32:00.0;OFF;ON;100;0;-0,90;2,60;17,30;95,40;88;2,60;3,50;70,30;2,40;1,70;
2026-06-30 19:33:00.0;OFF;ON;100;-0,10;-0,90;2,70;17,30;95,50;88;2,70;3,50;70,70;2,40;1,80;
2026-06-30 19:34:00.0;OFF;ON;100;-0,30;-0,80;2,80;17,30;95,90;88;3,10;3,50;69,10;2,50;2;
2026-06-30 19:35:00.0;OFF;ON;100;-0,40;-0,70;2,80;17,20;96;88;3,20;3,50;69,40;2,50;1,90;
2026-06-30 19:36:00.0;OFF;ON;100;-0,30;-0,70;2,80;17,20;96;88;3,10;3,50;70,60;2,50;1,90;
2026-06-30 19:37:00.0;OFF;ON;100;-0,40;-0,80;2,70;17,10;95,90;88;3,20;3,50;70,40;2,50;1,80;
2026-06-30 19:38:00.0;OFF;ON;100;-0,50;-0,80;2,70;17,10;95,80;88;3,20;3,50;70,60;2,50;1,80;
2026-06-30 19:39:00.0;OFF;ON;100;-0,60;-0,80;2,70;17;95,70;88;3,30;3,50;70,30;2,50;1,80;
2026-06-30 19:40:00.0;OFF;ON;100;-0,50;-0,80;2,70;17;95,70;88;3,20;3,50;72,40;2,40;1,80;
2026-06-30 19:41:00.0;OFF;ON;100;-0,70;-0,80;2,70;16,90;95,80;88;3,40;3,50;71;2,50;1,80;
2026-06-30 19:42:00.0;OFF;ON;100;-0,80;-0,80;2,70;16,90;95,70;88;3,50;3,50;71,20;2,40;1,70;
2026-06-30 19:43:00.0;OFF;ON;100;-0,90;-0,90;2,60;16,90;95,50;88;3,50;3,50;71,20;2,40;1,70;
2026-06-30 19:44:00.0;OFF;ON;100;-1,40;-0,90;2,60;16,80;95,40;88;4;3,50;67;2,30;1,60;
2026-06-30 19:45:00.0;OFF;ON;100;-1,40;-1;2,50;16,80;95,10;88;3,90;3,50;66,60;2,20;1,30;
2026-06-30 19:46:00.0;OFF;ON;100;-1,60;-1,10;2,30;16,70;94,80;88;3,90;3,50;65,50;2,10;1,20;
2026-06-30 19:47:00.0;OFF;ON;100;-1,50;-1,20;2,30;16,70;94,50;88;3,70;3,50;66,20;2;1,10;
2026-06-30 19:48:00.0;OFF;ON;100;-1,50;-1,30;2,20;16,60;94,40;88;3,80;3,50;65,40;2;1;
2026-06-30 19:49:00.0;OFF;ON;100;-1,60;-1,30;2,20;16,60;94,40;88;3,70;3,50;65,10;1,90;1;
2026-06-30 19:50:00.0;OFF;ON;100;-1,60;-1,30;2,10;16,50;94,40;88;3,70;3,50;64,60;1,90;1;
2026-06-30 19:51:00.0;OFF;ON;100;-1,50;-1,40;2,10;16,50;94,40;88;3,60;3,50;65,10;1,90;0,90;
2026-06-30 19:52:00.0;OFF;ON;100;-1,50;-1,40;2,10;16,50;94,50;88;3,60;3,50;64,80;1,80;0,90;
2026-06-30 19:53:00.0;OFF;ON;100;-1,50;-1,40;2,10;16,40;94,60;88;3,60;3,50;64,60;1,80;0,90;
2026-06-30 19:54:00.0;OFF;ON;100;-1,50;-1,40;2,10;16,40;94,60;88;3,50;3,50;64,40;1,80;0,90;
2026-06-30 19:55:00.0;OFF;ON;100;-1,60;-1,50;2;16,30;94,70;88;3,50;3,50;63,90;1,80;0,90;
2026-06-30 19:56:00.0;OFF;ON;100;-1,50;-1,50;2;16,30;94,70;88;3,50;3,50;64;1,80;0,90;
2026-06-30 19:57:00.0;OFF;ON;100;-1,20;-1,50;2;16,20;94,70;88;3,20;3,50;66;1,80;0,90;
2026-06-30 19:58:00.0;OFF;ON;100;-0,90;-1,50;2;16,20;94,80;88;2,90;3,50;68,90;1,70;0,90;
2026-06-30 19:59:00.0;OFF;ON;100;-1,10;-1,50;2,10;16,20;95;88;3,20;3,50;67,90;1,80;1,10;
2026-06-30 20:00:00.0;OFF;ON;100;-0,40;-1,40;2,10;16,10;95,20;88;2,50;3,50;73,20;1,80;1,10;
2026-06-30 20:01:00.0;OFF;ON;100;-0,50;-1,40;2,10;16,10;95,20;88;2,60;3,50;73,80;1,80;1,20;
2026-06-30 20:02:00.0;OFF;ON;100;-1;-1,30;2,20;16;95,70;88;3,20;3,50;71;2;1,40;
2026-06-30 20:03:00.0;OFF;ON;100;-1;-1,30;2,20;16;95,90;88;3,20;3,50;71,70;2;1,30;
2026-06-30 20:04:00.0;OFF;ON;100;-1,20;-1,30;2,20;16;95,80;88;3,40;3,50;70,80;1,90;1,20;
2026-06-30 20:05:00.0;OFF;ON;100;-0,70;-1,30;2,20;15,90;95,60;88;2,90;3,50;74,30;1,90;1,20;
2026-06-30 20:06:00.0;OFF;ON;100;-1;-1,40;2,10;15,90;95,40;88;3,10;3,50;73,50;1,90;1,20;
2026-06-30 20:07:00.0;OFF;ON;100;-1,20;-1,40;2,10;15,80;95,40;88;3,40;3,50;72,30;1,90;1,20;
2026-06-30 20:08:00.0;OFF;ON;100;-1,20;-1,40;2,10;15,80;95,40;88;3,30;3,50;73,40;1,80;1,10;
2026-06-30 20:09:00.0;OFF;ON;100;-1,10;-1,40;2,10;15,70;95,30;88;3,20;3,50;74,30;1,80;1,10;
2026-06-30 20:10:00.0;OFF;ON;100;-1,20;-1,40;2,10;15,70;95,30;88;3,20;3,50;74,60;1,80;1,10;
2026-06-30 20:11:00.0;OFF;ON;100;-1,40;-1,40;2;15,60;95,30;88;3,40;3,50;73,50;1,80;1,10;
2026-06-30 20:12:00.0;OFF;ON;100;-1,50;-1,50;2;15,60;95,20;88;3,50;3,50;73,80;1,80;1;
2026-06-30 20:13:00.0;OFF;ON;100;-2,20;-1,50;2;15,60;95,20;88;4,20;3,50;68,70;1,70;1;
2026-06-30 20:14:00.0;OFF;ON;100;-2,10;-1,50;2;15,50;95,20;88;4,10;3,50;68,90;1,70;0,90;
2026-06-30 20:15:00.0;OFF;ON;100;-2;-1,60;1,80;15,50;94,80;88;3,80;3,50;69,60;1,50;0,60;
2026-06-30 20:16:00.0;OFF;ON;100;-1,90;-1,70;1,70;15,40;94,40;88;3,60;3,50;70,10;1,50;0,50;
2026-06-30 20:17:00.0;OFF;ON;100;-2,10;-1,80;1,70;15,40;94,40;88;3,80;3,50;68,70;1,40;0,50;
2026-06-30 20:18:00.0;OFF;ON;100;-2;-1,80;1,60;15,40;94,30;88;3,60;3,50;69,50;1,40;0,40;
2026-06-30 20:19:00.0;OFF;ON;100;-2,10;-1,90;1,60;15,30;94,30;88;3,70;3,50;68,40;1,30;0,40;
2026-06-30 20:20:00.0;OFF;ON;100;-2;-1,90;1,60;15,30;94,40;88;3,60;3,50;68,90;1,30;0,40;
2026-06-30 20:21:00.0;OFF;ON;100;-2,20;-1,90;1,60;15,20;94,40;88;3,70;3,50;67,80;1,30;0,40;
2026-06-30 20:22:00.0;OFF;ON;100;-2,20;-2;1,50;15,20;94,50;88;3,70;3,50;67,50;1,30;0,30;
2026-06-30 20:23:00.0;OFF;ON;100;-2,20;-2;1,50;15,10;94,50;88;3,70;3,50;67,30;1,30;0,30;
2026-06-30 20:24:00.0;OFF;ON;100;-2,30;-2;1,50;15,10;94,50;88;3,70;3,50;66,90;1,20;0,30;
2026-06-30 20:25:00.0;OFF;ON;100;-2,30;-2;1,40;15;94,40;88;3,70;3,50;66,70;1,20;0,30;
2026-06-30 20:26:00.0;OFF;ON;100;-1,50;-2,10;1,40;15;94,50;88;2,90;3,50;71,90;1,20;0,20;
2026-06-30 20:27:00.0;OFF;ON;100;-1,70;-2,10;1,40;15;94,60;88;3,10;3,50;71,30;1,20;0,30;
2026-06-30 20:28:00.0;OFF;ON;100;-1,80;-2;1,50;15;95;88;3,20;3,50;70,80;1,20;0,40;
2026-06-30 20:29:00.0;OFF;ON;100;-1;-2;1,50;14,90;95;88;2,50;3,50;76,10;1,20;0,40;
2026-06-30 20:30:00.0;OFF;ON;100;-1,70;-2;1,50;14,90;95,10;88;3,30;3,50;72,90;1,30;0,60;
2026-06-30 20:31:00.0;OFF;ON;100;-1,70;-1,90;1,60;14,90;95,40;88;3,30;3,50;73;1,40;0,70;
2026-06-30 20:32:00.0;OFF;ON;100;-1,60;-1,90;1,60;14,80;95,50;88;3,20;3,50;74,30;1,30;0,60;
2026-06-30 20:33:00.0;OFF;ON;100;-1,70;-1,90;1,60;14,80;95,40;88;3,20;3,50;74,50;1,30;0,60;
2026-06-30 20:34:00.0;OFF;ON;100;-1,70;-2;1,50;14,80;95,40;88;3,30;3,50;74,50;1,30;0,50;
2026-06-30 20:35:00.0;OFF;ON;100;-1,60;-2;1,50;14,70;95,30;88;3,10;3,50;75,90;1,20;0,50;
2026-06-30 20:36:00.0;OFF;ON;100;-1,70;-2;1,50;14,70;95,30;88;3,20;3,50;75,80;1,20;0,50;
2026-06-30 20:37:00.0;OFF;ON;100;-1,70;-2;1,50;14,70;95,20;88;3,20;3,50;76,30;1,20;0,50;
2026-06-30 20:38:00.0;OFF;ON;100;-1,90;-2;1,50;14,60;95,10;88;3,40;3,50;75,90;1,20;0,40;
2026-06-30 20:39:00.0;OFF;ON;100;-1,60;-2;1,40;14,60;95,10;88;3;3,50;78,30;1,20;0,40;
2026-06-30 20:40:00.0;OFF;ON;100;-2,80;-2,10;1,40;14,60;95,10;88;4,20;3,50;70,20;1,20;0,50;
2026-06-30 20:41:00.0;OFF;ON;100;-3,60;-2;1,50;14,50;95,40;88;5,10;3,50;62,50;1,20;0,50;
2026-06-30 20:42:00.0;OFF;ON;100;-1,80;-2;1,40;14,50;95,40;88;3,20;3,50;73,90;1,20;0,30;
2026-06-30 20:43:00.0;OFF;ON;100;-1,80;-2,10;1,40;14,50;95;88;3,20;3,50;74,90;1,10;0,30;
2026-06-30 20:44:00.0;OFF;ON;100;-1,90;-2,10;1,40;14,40;95;88;3,30;3,50;74,10;1,10;0,40;
2026-06-30 20:45:00.0;OFF;ON;100;-2;-2,10;1,40;14,40;95,10;88;3,40;3,50;73,80;1,10;0,40;
2026-06-30 20:46:00.0;OFF;ON;100;-2,10;-2,10;1,40;14,40;95,20;88;3,40;3,50;73,80;1,10;0,30;
2026-06-30 20:47:00.0;OFF;ON;100;-2,50;-2,20;1,30;14,30;95,10;88;3,90;3,50;72;1,10;0,30;
2026-06-30 20:48:00.0;OFF;ON;100;-3;-2,10;1,40;14,30;95,20;88;4,40;3,50;67,40;1,20;0,50;
2026-06-30 20:49:00.0;OFF;ON;100;-2;-2,10;1,50;14,30;95,60;88;3,50;3,50;71,80;1,20;0,50;
2026-06-30 20:50:00.0;OFF;ON;100;-1,80;-2,10;1,40;14,20;95,50;88;3,20;3,50;74;1,10;0,30;
2026-06-30 20:51:00.0;OFF;ON;100;-2,10;-2,20;1,30;14,20;95,20;88;3,40;3,50;72,60;1,10;0,30;
2026-06-30 20:52:00.0;OFF;ON;100;-1,90;-2,20;1,30;14,20;95,20;88;3,30;3,50;74,20;1,10;0,40;
2026-06-30 20:53:00.0;OFF;ON;100;-2,10;-2,20;1,30;14,10;95,20;88;3,40;3,50;73,90;1,10;0,30;
2026-06-30 20:54:00.0;OFF;ON;100;-1,50;-2,20;1,30;14,10;95,20;88;2,80;3,50;78,10;1;0,30;
2026-06-30 20:55:00.0;OFF;ON;100;-2,60;-2,20;1,30;14,10;95,20;88;3,90;3,50;71,70;1;0,40;
2026-06-30 20:56:00.0;OFF;ON;100;-3,10;-2,20;1,40;14;95,40;88;4,50;3,50;66,90;1,20;0,50;
2026-06-30 20:57:00.0;OFF;ON;100;-2;-2,10;1,40;14;95,60;88;3,40;3,50;71,90;1,10;0,40;
2026-06-30 20:58:00.0;OFF;ON;100;-1,60;-2,10;1,40;14;95,60;88;3;3,50;75,10;1,10;0,30;
2026-06-30 20:59:00.0;OFF;ON;100;-2,10;-2,20;1,30;13,90;95,20;88;3,40;3,50;73;1;0,20;
2026-06-30 21:00:00.0;OFF;ON;100;-2;-2,30;1,20;13,90;95,10;88;3,30;3,50;74,10;1;0,20;
2026-06-30 21:01:00.0;OFF;ON;100;-1,40;-2,30;1,20;13,90;95,10;88;2,60;3,50;78,50;0,90;0,20;
2026-06-30 21:02:00.0;OFF;ON;100;-1,70;-2,30;1,20;13,80;95,10;88;3;3,50;77,80;1;0,30;
2026-06-30 21:03:00.0;OFF;ON;100;-2,80;-2,20;1,30;13,80;95,40;88;4,10;3,50;70,40;1,10;0,60;
2026-06-30 21:04:00.0;OFF;ON;100;-2,90;-2,10;1,40;13,80;95,70;88;4,30;3,50;68;1,10;0,50;
2026-06-30 21:05:00.0;OFF;ON;100;-2,40;-2,10;1,30;13,80;95,60;88;3,70;3,50;69;1,10;0,40;
2026-06-30 21:06:00.0;OFF;ON;100;-1,70;-2,20;1,20;13,70;95,50;88;2,90;3,50;74,20;1;0,10;
2026-06-30 21:07:00.0;OFF;ON;100;-2,20;-2,30;1,10;13,70;95;88;3,30;3,50;72,40;0,90;0,20;
2026-06-30 21:08:00.0;OFF;ON;100;-1,30;-2,40;1,20;13,60;95,10;88;2,40;3,50;78,90;0,90;0,20;
2026-06-30 21:09:00.0;OFF;ON;100;-1,70;-2,40;1,20;13,60;95,10;88;2,80;3,50;78;0,90;0,40;
2026-06-30 21:10:00.0;OFF;ON;100;-2,70;-2,30;1,30;13,60;95,40;88;4;3,50;71,10;1;0,60;
2026-06-30 21:11:00.0;OFF;ON;100;-2,70;-2,20;1,30;13,60;95,70;88;4,10;3,50;69,90;1,10;0,60;
2026-06-30 21:12:00.0;OFF;ON;100;-2,90;-2,20;1,30;13,50;95,70;88;4,30;3,50;67,80;1;0,50;
2026-06-30 21:13:00.0;OFF;ON;100;-1,30;-2,20;1,30;13,50;95,60;88;2,60;3,50;76,60;1;0,30;
2026-06-30 21:14:00.0;OFF;ON;100;-1,90;-2,40;1,20;13,40;95,10;88;3,10;3,50;75,50;0,90;0,40;
2026-06-30 21:15:00.0;OFF;ON;100;-1,90;-2,30;1,30;13,40;95,40;88;3,10;3,50;75,80;1;0,60;
2026-06-30 21:16:00.0;OFF;ON;100;-1,50;-2,20;1,30;13,40;95,70;88;2,80;3,50;79;1,10;0,60;
2026-06-30 21:17:00.0;OFF;ON;100;-1,60;-2,20;1,30;13,40;95,90;88;3;3,50;79,30;1,10;0,60;
2026-06-30 21:18:00.0;OFF;ON;100;-1,90;-2,10;1,40;13,30;95,90;88;3,20;3,50;78,30;1,10;0,70;
2026-06-30 21:19:00.0;OFF;ON;100;-3;-2,10;1,40;13,30;95,90;88;4,40;3,50;70;1,10;0,70;
2026-06-30 21:20:00.0;OFF;ON;100;-2,60;-2,10;1,40;13,30;95,90;88;3,90;3,50;70,70;1,10;0,60;
2026-06-30 21:21:00.0;OFF;ON;100;-2,40;-2,20;1,20;13,20;95,50;88;3,60;3,50;72,40;0,90;0,30;
2026-06-30 21:22:00.0;OFF;ON;100;-2,80;-2,40;1,10;13,20;95,20;88;3,90;3,50;70,40;0,80;0,30;
2026-06-30 21:23:00.0;OFF;ON;100;-2,60;-2,40;1;13,20;94,90;88;3,60;3,50;71,80;0,80;0,20;
2026-06-30 21:24:00.0;OFF;ON;100;-2,60;-2,50;1;13,10;94,90;88;3,60;3,50;71,50;0,70;0,20;
2026-06-30 21:25:00.0;OFF;ON;100;-2,60;-2,50;0,90;13,10;94,90;88;3,60;3,50;71,20;0,70;0,10;
2026-06-30 21:26:00.0;OFF;ON;100;-2,60;-2,60;0,90;13,10;94,80;88;3,60;3,50;71,10;0,70;0,10;
2026-06-30 21:27:00.0;OFF;ON;100;-2,20;-2,60;0,90;13;94,80;88;3,10;3,50;74,80;0,70;0,10;
2026-06-30 21:28:00.0;OFF;ON;100;-1,80;-2,60;0,90;13;94,90;88;2,70;3,50;78,10;0,70;0,10;
2026-06-30 21:29:00.0;OFF;ON;100;-2;-2,50;1;13;95;88;2,90;3,50;78;0,80;0,20;
2026-06-30 21:30:00.0;OFF;ON;100;-1,90;-2,50;1;13;95,30;88;3;3,50;78,30;0,80;0,30;
2026-06-30 21:31:00.0;OFF;ON;100;-2,90;-2,40;1,10;12,90;95,60;88;4;3,50;71,70;0,90;0,40;
2026-06-30 21:32:00.0;OFF;ON;100;-3;-2,40;1,10;12,90;95,60;88;4;3,50;70,70;0,80;0,30;
2026-06-30 21:33:00.0;OFF;ON;100;-3;-2,40;1;12,90;95,60;88;4;3,50;68,60;0,80;0,20;
2026-06-30 21:34:00.0;OFF;ON;100;-2,70;-2,50;0,90;12,80;95,30;88;3,60;3,50;70,80;0,70;0;
2026-06-30 21:35:00.0;OFF;ON;100;-2,10;-2,60;0,90;12,80;95;88;3;3,50;75;0,60;0;
2026-06-30 21:36:00.0;OFF;ON;100;-1,70;-2,60;0,90;12,80;95;87,90;2,50;3,50;78,90;0,60;0;
2026-06-30 21:37:00.0;OFF;ON;100;-2;-2,60;0,90;12,70;95,10;88;3;3,50;77,60;0,70;0,20;
2026-06-30 21:38:00.0;OFF;ON;100;-1,80;-2,50;1;12,70;95,40;87,90;2,90;3,50;79,60;0,80;0,30;
2026-06-30 21:39:00.0;OFF;ON;100;-2,60;-2,50;1;12,70;95,70;87,90;3,70;3,50;75,40;0,80;0,30;
2026-06-30 21:40:00.0;OFF;ON;100;-2,80;-2,40;1,10;12,60;95,80;87,90;3,90;3,50;73,70;0,80;0,30;
2026-06-30 21:41:00.0;OFF;ON;100;-3,80;-2,40;1;12,60;95,80;87,90;4,80;3,50;66,70;0,80;0,20;
2026-06-30 21:42:00.0;OFF;ON;100;-2,80;-2,50;0,90;12,60;95,60;87,90;3,80;3,50;71,20;0,70;0;
2026-06-30 21:43:00.0;OFF;ON;100;-2,80;-2,60;0,80;12,50;95,30;87,90;3,60;3,50;71,90;0,60;-0,10;
2026-06-30 21:44:00.0;OFF;ON;100;-2,30;-2,70;0,80;12,50;95;88;3,10;3,50;76;0,50;-0,10;
2026-06-30 21:45:00.0;OFF;ON;100;-2,40;-2,70;0,80;12,50;94,90;87,90;3,20;3,50;75,80;0,60;-0,10;
2026-06-30 21:46:00.0;OFF;ON;100;-1,80;-2,70;0,80;12,40;95,10;87,90;2,60;3,50;81;0,60;0;
2026-06-30 21:47:00.0;OFF;ON;100;-1,90;-2,70;0,90;12,40;95,20;87,90;2,80;3,50;81;0,60;0,10;
2026-06-30 21:48:00.0;OFF;ON;100;-2,80;-2,60;0,90;12,40;95,60;87,90;3,70;3,50;75,60;0,70;0,20;
2026-06-30 21:49:00.0;OFF;ON;100;-2,90;-2,50;0,90;12,40;95,60;87,90;3,90;3,50;74,10;0,70;0,10;
2026-06-30 21:50:00.0;OFF;ON;100;-4,50;-2,60;0,90;12,30;95,50;87,90;5,40;3,50;62,30;0,60;0;
2026-06-30 21:51:00.0;OFF;ON;100;-2,90;-2,60;0,90;12,30;95,40;88;3,70;3,50;70,90;0,60;-0,10;
2026-06-30 21:52:00.0;OFF;ON;100;-2,80;-2,70;0,70;12,20;95,10;87,90;3,50;3,50;71,80;0,40;-0,30;
2026-06-30 21:53:00.0;OFF;ON;100;-2,30;-2,80;0,70;12,20;95;87,90;3;3,50;76,20;0,40;-0,20;
2026-06-30 21:54:00.0;OFF;ON;100;-2,40;-2,80;0,70;12,20;95;87,90;3,10;3,50;76;0,50;-0,10;
2026-06-30 21:55:00.0;OFF;ON;100;-2,10;-2,80;0,70;12,10;95,10;87,90;2,80;3,50;79,70;0,50;-0,10;
2026-06-30 21:56:00.0;OFF;ON;100;-2,10;-2,70;0,80;12,10;95,20;87,90;2,90;3,50;79,90;0,50;0;
2026-06-30 21:57:00.0;OFF;ON;100;-2,90;-2,70;0,80;12,10;95,50;87,90;3,80;3,50;74,80;0,60;0,10;
2026-06-30 21:58:00.0;OFF;ON;100;-3;-2,70;0,80;12,10;95,60;87,90;3,80;3,50;73,50;0,50;0;
2026-06-30 21:59:00.0;OFF;ON;100;-4,50;-2,70;0,80;12;95,40;87,90;5,30;3,50;62,60;0,50;-0,10;
2026-06-30 22:00:00.0;OFF;ON;100;-2,80;-2,80;0,70;12;95,20;87,90;3,50;3,50;72,20;0,40;-0,30;
2026-06-30 22:01:00.0;OFF;ON;100;-2,70;-2,90;0,60;12;94,90;87,90;3,20;3,50;74,40;0,30;-0,30;
2026-06-30 22:02:00.0;OFF;ON;100;-2;-2,90;0,60;11,90;94,90;87,90;2,60;3,50;79,90;0,30;-0,30;
2026-06-30 22:03:00.0;OFF;ON;100;-2,20;-2,90;0,60;11,90;94,90;87,90;2,90;3,50;79,50;0,40;-0,10;
2026-06-30 22:04:00.0;OFF;ON;100;-2;-2,80;0,70;11,90;95,30;87,90;2,70;3,50;82,10;0,50;0;
2026-06-30 22:05:00.0;OFF;ON;100;-2,80;-2,80;0,80;11,80;95,50;87,90;3,50;3,50;78,70;0,50;0;
2026-06-30 22:06:00.0;OFF;ON;100;-2,90;-2,70;0,80;11,80;95,60;87,90;3,60;3,50;77,60;0,50;0;
2026-06-30 22:07:00.0;OFF;ON;100;-3,80;-2,70;0,70;11,80;95,60;87,90;4,60;3,50;71,30;0,40;-0,10;
2026-06-30 22:08:00.0;OFF;ON;100;-4,60;-2,80;0,70;11,80;95,40;87,90;5,20;3,50;64,80;0,40;-0,20;
2026-06-30 22:09:00.0;OFF;ON;100;-3,30;-2,90;0,60;11,70;95,30;87,90;3,90;3,50;71,30;0,30;-0,30;
2026-06-30 22:10:00.0;OFF;ON;100;-3,10;-3;0,50;11,70;94,60;87,90;3,60;3,50;73,50;0,20;-0,40;
2026-06-30 22:11:00.0;OFF;ON;100;-3;-3,10;0,40;11,60;94,60;87,90;3,50;3,50;74;0,20;-0,40;
2026-06-30 22:12:00.0;OFF;ON;100;-3,10;-3,10;0,40;11,60;94,70;87,90;3,50;3,50;74,40;0,20;-0,40;
2026-06-30 22:13:00.0;OFF;ON;100;-3;-3,10;0,40;11,60;94,80;87,90;3,40;3,50;74,50;0,20;-0,40;
2026-06-30 22:14:00.0;OFF;ON;100;-3;-3,10;0,40;11,60;94,70;87,90;3,40;3,50;74,70;0,10;-0,40;
2026-06-30 22:15:00.0;OFF;ON;100;-3,10;-3,10;0,40;11,50;94,70;87,90;3,50;3,50;74,90;0,10;-0,40;
2026-06-30 22:16:00.0;OFF;ON;100;-3;-3,10;0,40;11,50;94,80;87,90;3,30;3,50;75,70;0,10;-0,50;
2026-06-30 22:17:00.0;OFF;ON;100;-3,10;-3,20;0,30;11,50;94,70;87,90;3,50;3,50;75,10;0,10;-0,50;
2026-06-30 22:18:00.0;OFF;ON;100;-3;-3,20;0,30;11,40;94,70;87,90;3,30;3,50;76,50;0,10;-0,50;
2026-06-30 22:19:00.0;OFF;ON;100;-3,70;-3,20;0,40;11,40;94,90;87,90;4,10;3,50;70,90;0,10;-0,40;
2026-06-30 22:20:00.0;OFF;ON;100;-3,60;-3,10;0,40;11,40;95;87,90;4;3,50;70,60;0,10;-0,40;
2026-06-30 22:21:00.0;OFF;ON;100;-2,70;-3,20;0,30;11,30;94,90;87,90;3;3,50;76,70;0,10;-0,50;
2026-06-30 22:22:00.0;OFF;ON;100;-3,50;-3,20;0,30;11,30;94,90;87,90;3,90;3,50;71,50;0,10;-0,40;
2026-06-30 22:23:00.0;OFF;ON;100;-3,70;-3,10;0,40;11,30;95,10;87,90;4,10;3,50;69;0,10;-0,40;
2026-06-30 22:24:00.0;OFF;ON;100;-3,90;-3,10;0,40;11,30;95,10;88;4,30;3,50;66,30;0,10;-0,40;
2026-06-30 22:25:00.0;OFF;ON;100;-2,30;-3,10;0,30;11,20;95,10;87,90;2,60;3,50;76,50;0,10;-0,50;
2026-06-30 22:26:00.0;OFF;ON;100;-2,90;-3,20;0,30;11,20;94,90;87,90;3,10;3,50;74,40;0;-0,50;
2026-06-30 22:27:00.0;OFF;ON;100;-2,90;-3,20;0,30;11,20;94,90;87,90;3,20;3,50;74,30;0;-0,50;
2026-06-30 22:28:00.0;OFF;ON;100;-2,30;-3,20;0,30;11,10;94,90;87,90;2,60;3,50;79,40;0;-0,50;
2026-06-30 22:29:00.0;OFF;ON;100;-3,40;-3,20;0,30;11,10;95;87,90;3,70;3,50;73,60;0,10;-0,30;
2026-06-30 22:30:00.0;OFF;ON;100;-3,30;-3,10;0,40;11,10;95,40;87,90;3,70;3,50;73,60;0,10;-0,30;
2026-06-30 22:31:00.0;OFF;ON;100;-3,40;-3,10;0,40;11;95,40;87,90;3,80;3,50;72,80;0,10;-0,40;
2026-06-30 22:32:00.0;OFF;ON;100;-2,20;-3,20;0,30;11;95,10;87,90;2,50;3,50;82,90;0;-0,50;
2026-06-30 22:33:00.0;OFF;ON;100;-2,40;-3,20;0,40;11;95,10;87,90;2,80;3,50;83,20;0,10;-0,20;
2026-06-30 22:34:00.0;OFF;ON;100;-2,30;-3,10;0,40;10,90;95,50;87,90;2,70;3,50;85,70;0,20;-0,20;
2026-06-30 22:35:00.0;OFF;ON;100;-2,20;-3,10;0,40;10,90;95,50;87,90;2,60;3,50;87,20;0,20;-0,20;
2026-06-30 22:36:00.0;OFF;ON;100;-2,60;-3,10;0,40;10,90;95,60;87,90;3;3,50;86,40;0,20;-0,20;
2026-06-30 22:37:00.0;OFF;ON;100;-2,80;-3,10;0,40;10,90;95,60;87,90;3,20;3,50;85,50;0,20;-0,20;
2026-06-30 22:38:00.0;OFF;ON;100;-3,40;-3,10;0,40;10,80;95,40;87,90;3,80;3,50;81,80;0,10;-0,40;
2026-06-30 22:39:00.0;OFF;ON;100;-3,70;-3,20;0,30;10,80;95,10;87,90;4;3,50;79,60;0;-0,50;
2026-06-30 22:40:00.0;OFF;ON;100;-4;-3,20;0,20;10,70;94,90;87,90;4,20;3,50;77,20;-0,10;-0,70;
2026-06-30 22:41:00.0;OFF;ON;100;-4,10;-3,40;0,10;10,70;94,60;87,90;4,20;3,50;75,70;-0,10;-0,80;
2026-06-30 22:42:00.0;OFF;ON;100;-4,30;-3,50;0;10,70;94,20;87,90;4,30;3,50;74;-0,20;-0,90;
2026-06-30 22:43:00.0;OFF;ON;100;-4,10;-3,50;0;10,60;94;87,90;4,10;3,50;73,70;-0,20;-0,90;
2026-06-30 22:44:00.0;OFF;ON;100;-4,20;-3,50;-0,10;10,60;94;87,90;4,20;3,50;72,20;-0,30;-1;
2026-06-30 22:45:00.0;OFF;ON;100;-4,40;-3,60;-0,10;10,60;93,90;87,90;4,30;3,50;69,70;-0,30;-1;
2026-06-30 22:46:00.0;OFF;ON;100;-3,60;-3,60;-0,10;10,50;94,10;87,90;3,50;3,50;73;-0,30;-1;
2026-06-30 22:47:00.0;OFF;ON;100;-3,70;-3,60;-0,10;10,50;94,20;87,90;3,60;3,50;72,70;-0,30;-0,90;
2026-06-30 22:48:00.0;OFF;ON;100;-3,30;-3,50;0;10,50;94,40;87,90;3,30;3,50;72,90;-0,20;-0,80;
2026-06-30 22:49:00.0;OFF;ON;100;-2,70;-3,50;0;10,50;94,90;87,90;2,70;3,50;78,30;-0,20;-0,70;
2026-06-30 22:50:00.0;OFF;ON;100;-2,50;-3,50;0;10,40;94,90;87,90;2,50;3,50;80,40;-0,20;-0,70;
2026-06-30 22:51:00.0;OFF;ON;100;-3,40;-3,40;0,10;10,40;95,10;87,90;3,50;3,50;74,80;-0,10;-0,50;
2026-06-30 22:52:00.0;OFF;ON;100;-3,60;-3,40;0,10;10,40;95,30;87,90;3,70;3,50;73,50;-0,10;-0,60;
2026-06-30 22:53:00.0;OFF;ON;100;-3,70;-3,40;0;10,30;95,20;87,90;3,70;3,50;73;-0,20;-0,70;
2026-06-30 22:54:00.0;OFF;ON;100;-3,50;-3,50;0;10,30;94,90;87,90;3,50;3,50;74,10;-0,20;-0,80;
2026-06-30 22:55:00.0;OFF;ON;100;-3,70;-3,50;0;10,30;94,80;87,90;3,70;3,50;72,90;-0,20;-0,80;
2026-06-30 22:56:00.0;OFF;ON;100;-3,70;-3,50;0;10,20;94,90;87,90;3,60;3,50;73,20;-0,30;-0,80;
2026-06-30 22:57:00.0;OFF;ON;100;-2,60;-3,60;-0,10;10,20;94,70;87,90;2,50;3,50;81,40;-0,30;-0,90;
2026-06-30 22:58:00.0;OFF;ON;100;-3,50;-3,60;-0,10;10,20;94,60;87,90;3,40;3,50;76,50;-0,30;-0,80;
2026-06-30 22:59:00.0;OFF;ON;100;-3,50;-3,50;0;10,20;94,90;87,90;3,50;3,50;75,70;-0,20;-0,70;
2026-06-30 23:00:00.0;OFF;ON;100;-3,60;-3,50;0;10,10;95;87,90;3,60;3,50;75,50;-0,30;-0,80;
2026-06-30 23:01:00.0;OFF;ON;100;-3,60;-3,60;-0,10;10,10;94,90;87,90;3,50;3,50;75,70;-0,30;-0,80;
2026-06-30 23:02:00.0;OFF;ON;100;-3,60;-3,60;-0,10;10;94,70;87,90;3,50;3,50;75,90;-0,30;-0,90;
2026-06-30 23:03:00.0;OFF;ON;100;-3,70;-3,60;-0,10;10;94,60;87,90;3,50;3,50;75,80;-0,30;-0,90;
2026-06-30 23:04:00.0;OFF;ON;100;-2,70;-3,60;-0,20;10;94,60;87,90;2,60;3,50;82,50;-0,40;-0,90;
2026-06-30 23:05:00.0;OFF;ON;100;-3,60;-3,70;-0,20;10;94,60;87,90;3,40;3,50;78,40;-0,40;-0,90;
2026-06-30 23:06:00.0;OFF;ON;100;-3,60;-3,70;-0,10;9,90;94,80;87,90;3,50;3,50;77,70;-0,30;-0,80;
2026-06-30 23:07:00.0;OFF;ON;100;-3,60;-3,60;-0,10;9,90;94,90;87,90;3,40;3,50;78,60;-0,30;-0,90;
2026-06-30 23:08:00.0;OFF;ON;100;-3,60;-3,60;-0,20;9,90;94,80;87,90;3,40;3,50;78,90;-0,40;-0,90;
2026-06-30 23:09:00.0;OFF;ON;100;-3,70;-3,70;-0,20;9,90;94,60;87,90;3,50;3,50;79,40;-0,40;-0,90;
2026-06-30 23:10:00.0;OFF;ON;100;-3,70;-3,70;-0,20;9,80;94,70;87,90;3,50;3,50;78,60;-0,40;-0,90;
2026-06-30 23:11:00.0;OFF;ON;100;-3,60;-3,70;-0,20;9,80;94,60;87,90;3,30;3,50;80;-0,40;-1;
2026-06-30 23:12:00.0;OFF;ON;100;-3,40;-3,70;-0,30;9,80;94,50;87,90;3,20;3,50;82,70;-0,50;-1;
2026-06-30 23:13:00.0;OFF;ON;100;-3,70;-3,80;-0,20;9,80;94,60;87,90;3,50;3,50;81,70;-0,40;-0,90;
2026-06-30 23:14:00.0;OFF;ON;100;-3,50;-3,70;-0,20;9,70;94,90;87,90;3,40;3,50;82,10;-0,40;-0,90;
2026-06-30 23:15:00.0;OFF;ON;100;-3,60;-3,70;-0,20;9,70;94,80;87,90;3,40;3,50;82,40;-0,40;-1;
2026-06-30 23:16:00.0;OFF;ON;100;-3,60;-3,70;-0,30;9,70;94,60;87,90;3,30;3,50;83,60;-0,50;-1;
2026-06-30 23:17:00.0;OFF;ON;100;-3,60;-3,80;-0,30;9,70;94,60;87,90;3,30;3,50;83,50;-0,50;-1;
2026-06-30 23:18:00.0;OFF;ON;100;-3,70;-3,80;-0,30;9,60;94,60;87,90;3,40;3,50;83,10;-0,50;-1;
2026-06-30 23:19:00.0;OFF;ON;100;-2,70;-3,80;-0,30;9,60;94,50;87,90;2,40;3,50;91,20;-0,50;-1,10;
2026-06-30 23:20:00.0;OFF;ON;100;-3,10;-3,80;-0,30;9,60;94,50;87,90;2,80;3,50;89,50;-0,50;-1;
2026-06-30 23:21:00.0;OFF;ON;100;-3,50;-3,80;-0,30;9,60;94,80;87,90;3,20;3,50;87,50;-0,50;-1;
2026-06-30 23:22:00.0;OFF;ON;100;-3,50;-3,80;-0,30;9,50;94,60;87,90;3,20;3,50;88;-0,50;-1,10;
2026-06-30 23:23:00.0;OFF;ON;100;-3,70;-3,80;-0,40;9,50;94,50;87,90;3,30;3,50;87,50;-0,60;-1,10;
2026-06-30 23:24:00.0;OFF;ON;100;-3,60;-3,90;-0,40;9,50;94,30;87,90;3,20;3,50;88,60;-0,60;-1,10;
2026-06-30 23:25:00.0;OFF;ON;100;-3,40;-3,90;-0,40;9,50;94,20;87,90;3;3,50;90,90;-0,60;-1,20;
2026-06-30 23:26:00.0;OFF;ON;100;-3,60;-3,90;-0,40;9,40;94,30;87,90;3,20;3,50;90,20;-0,60;-1,10;
2026-06-30 23:27:00.0;OFF;ON;100;-3,60;-3,90;-0,40;9,40;94,20;87,90;3,10;3,50;91,20;-0,60;-1,20;
2026-06-30 23:28:00.0;OFF;ON;100;-2,90;-3,90;-0,50;9,40;94,20;87,90;2,40;3,50;96,90;-0,70;-1,20;
2026-06-30 23:29:00.0;OFF;ON;100;-3,50;-4;-0,50;9,30;94,20;87,90;3;3,50;94;-0,70;-1,20;
2026-06-30 23:30:00.0;OFF;ON;100;-3,50;-4;-0,40;9,30;94,30;87,90;3,10;3,50;94,50;-0,70;-1,20;
2026-06-30 23:31:00.0;OFF;ON;100;-3,70;-4;-0,50;9,30;94,40;87,90;3,20;3,50;94,30;-0,70;-1,20;
2026-06-30 23:32:00.0;OFF;ON;100;-3,70;-4;-0,50;9,30;94,30;87,90;3,20;3,50;94,60;-0,70;-1,20;
2026-06-30 23:33:00.0;OFF;ON;100;-3,50;-4;-0,50;9,20;94,10;87,90;3;3,50;97,40;-0,70;-1,30;
2026-06-30 23:34:00.0;OFF;ON;100;-3,70;-4;-0,50;9,20;94,10;87,90;3,20;3,50;96,60;-0,70;-1,20;
2026-06-30 23:35:00.0;OFF;ON;100;-3,70;-4;-0,50;9,20;94,10;87,90;3,10;3,50;97,70;-0,70;-1,30;
2026-06-30 23:36:00.0;OFF;ON;100;-3,60;-4;-0,60;9,20;94,10;87,90;3,10;3,50;98,70;-0,70;-1,30;
2026-06-30 23:37:00.0;OFF;ON;100;-3,70;-4;-0,60;9,10;94,20;87,90;3,10;3,50;99;-0,80;-1,30;
2026-06-30 23:38:00.0;OFF;ON;100;-3,60;-4;-0,60;9,10;94,10;87,90;3,10;3,50;100;-0,80;-1,30;
2026-06-30 23:39:00.0;OFF;ON;100;-3,70;-4;-0,60;9,10;94,10;87,90;3,10;3,50;100;-0,80;-1,30;
2026-06-30 23:40:00.0;OFF;ON;100;-3,60;-4;-0,60;9;94,10;87,90;3;3,50;96,90;-0,80;-1,30;
2026-06-30 23:41:00.0;OFF;ON;100;-3,60;-4;-0,60;9;94,20;87,90;3;3,50;97,80;-0,80;-1,30;
2026-06-30 23:42:00.0;OFF;ON;100;-3,60;-4;-0,60;9;94,20;87,90;3;3,50;98,10;-0,80;-1,30;
2026-06-30 23:43:00.0;OFF;ON;100;-2,80;-4;-0,60;9;94,20;87,90;2,10;3,50;100;-0,80;-1,40;
2026-06-30 23:44:00.0;OFF;ON;100;-3,40;-4;-0,60;9;94,20;87,90;2,70;3,50;96,80;-0,80;-1,30;
2026-06-30 23:45:00.0;OFF;ON;100;-3,60;-4;-0,60;8,90;94,50;87,90;3;3,50;96,20;-0,80;-1,30;
2026-06-30 23:46:00.0;OFF;ON;100;-3,60;-4;-0,60;8,90;94,40;87,90;2,90;3,50;97,10;-0,80;-1,30;
2026-06-30 23:47:00.0;OFF;ON;100;-3,60;-4;-0,60;8,90;94,40;87,90;3;3,50;97,70;-0,80;-1,30;
2026-06-30 23:48:00.0;OFF;ON;100;-3,60;-4;-0,70;8,80;94,20;87,90;3;3,50;98;-0,90;-1,40;
2026-06-30 23:49:00.0;OFF;ON;100;-3,40;-4;-0,70;8,80;94,10;87,90;2,70;3,50;97,70;-0,90;-1,40;
2026-06-30 23:50:00.0;OFF;ON;100;-3,60;-4;-0,70;8,80;94,40;87,90;2,90;3,50;97,60;-0,90;-1,30;
2026-06-30 23:51:00.0;OFF;ON;100;-3,60;-4;-0,70;8,80;94,30;87,90;2,90;3,50;98,10;-0,90;-1,40;
2026-06-30 23:52:00.0;OFF;ON;100;-3,60;-4;-0,70;8,70;94,30;87,90;2,90;3,50;99,10;-0,90;-1,40;
2026-06-30 23:53:00.0;OFF;ON;100;-3,70;-4;-0,70;8,70;94,20;87,90;3;3,50;98,70;-0,90;-1,40;
2026-06-30 23:54:00.0;OFF;ON;100;-3,50;-4;-0,70;8,70;94,30;87,90;2,80;3,50;97,60;-0,90;-1,40;
2026-06-30 23:55:00.0;OFF;ON;100;-3,60;-4;-0,70;8,70;94,30;87,90;2,90;3,50;97,60;-0,90;-1,30;
2026-06-30 23:56:00.0;OFF;ON;100;-3,60;-4;-0,70;8,60;94,40;87,90;2,90;3,50;98,40;-0,90;-1,40;
2026-06-30 23:57:00.0;OFF;ON;100;-3,60;-4;-0,70;8,60;94,40;87,90;2,90;3,50;99;-0,90;-1,40;
2026-06-30 23:58:00.0;OFF;ON;100;-3,70;-4;-0,70;8,60;94,30;87,90;3;3,50;99;-0,90;-1,40;
2026-06-30 23:59:00.0;OFF;ON;100;-3,10;-4;-0,70;8,50;94,30;87,90;2,40;3,50;99,20;-0,90;-1,40;
