CamCarcacas2;
2026-07-30 00:00;2026-07-31 00:00;
12144 Frigorífico Thoms;
ayron.costa;
" ";CPCO 51 - Câmara de carcaças - Controle de temperatura 1;CPCO 51 - Câmara de carcaças - Controle de temperatura 1;CPCO 51 - Câmara de carcaças - Controle de temperatura 1;CPCO 51 - Câmara de carcaças - Controle de temperatura 1;CPCO 51 - Câmara de carcaças - Controle de temperatura 1;CPCO 51 - Câmara de carcaças - Controle de temperatura 1;CPCO 52 - Câmara de carcaças - Controle de temperatura 2;CPCO 52 - Câmara de carcaças - Controle de temperatura 2;CPCO 53 - Balança;CPCO 51 - Câmara de carcaças - Controle de temperatura 1;CPCO 51 - Câmara de carcaças - Controle de temperatura 1;CPCO 51 - Câmara de carcaças - Controle de temperatura 1;CPCO 51 - Câmara de carcaças - Controle de temperatura 1;CPCO 54 - Câmara de carcaças - Controle de temperatura 3;
" ";Carregamento;Resfriamento;Saida Y1 - Ventiladores EC;Temp entrada glicol;Temp ref;Temp retorno ar;Temperatuda espeto;Umidade relativa da camara;Peso atual;DT Atual;DT ref;Cap Atual Valvula;Temp retorno ar M1A08;Temp Insuf de ar M1A08;" ";
2026-07-30 00:00:00.0;OFF;ON;100;-3,40;-4;-0,90;9,50;95,90;112,80;2,50;6;99,60;-1,10;-1,40;
2026-07-30 00:01:00.0;OFF;ON;100;-3,30;-4;-0,90;9,50;95,80;112,80;2,40;6;100;-1,10;-1,40;
2026-07-30 00:02:00.0;OFF;ON;100;-3,30;-4;-0,90;9,50;95,80;112,80;2,40;6;100;-1,10;-1,40;
2026-07-30 00:03:00.0;OFF;ON;100;-3,40;-4;-0,90;9,40;95,80;112,80;2,50;6;99,60;-1,10;-1,40;
2026-07-30 00:04:00.0;OFF;ON;100;-3,40;-4;-0,90;9,40;95,80;112,80;2,50;6;99,60;-1,10;-1,40;
2026-07-30 00:05:00.0;OFF;ON;100;-3,30;-4;-0,90;9,40;95,80;112,80;2,40;6;100;-1,10;-1,40;
2026-07-30 00:06:00.0;OFF;ON;100;-3,30;-4;-0,90;9,40;95,80;112,80;2,40;6;100;-1,10;-1,40;
2026-07-30 00:07:00.0;OFF;ON;100;-3,40;-4;-0,90;9,30;95,80;112,80;2,50;6;99,60;-1,10;-1,40;
2026-07-30 00:08:00.0;OFF;ON;100;-3,40;-4;-0,90;9,30;95,80;112,80;2,50;6;99,60;-1,10;-1,40;
2026-07-30 00:09:00.0;OFF;ON;100;-3,30;-4;-0,90;9,30;95,80;112,80;2,40;6;100;-1,10;-1,40;
2026-07-30 00:10:00.0;OFF;ON;100;-3,30;-4;-0,90;9,30;95,80;112,80;2,40;6;100;-1,10;-1,40;
2026-07-30 00:11:00.0;OFF;ON;100;-3,40;-4;-0,90;9,20;95,80;112,80;2,50;6;99,60;-1,10;-1,40;
2026-07-30 00:12:00.0;OFF;ON;100;-3,30;-4;-0,90;9,20;95,80;112,80;2,40;6;100;-1,10;-1,40;
2026-07-30 00:13:00.0;OFF;ON;100;-3,40;-4;-0,90;9,20;95,80;112,80;2,50;6;99,70;-1,10;-1,40;
2026-07-30 00:14:00.0;OFF;ON;100;-3,30;-4;-0,90;9,20;95,80;112,80;2,40;6;100;-1,10;-1,40;
2026-07-30 00:15:00.0;OFF;ON;100;-3,30;-4;-0,90;9,20;95,80;112,80;2,40;6;100;-1,10;-1,40;
2026-07-30 00:16:00.0;OFF;ON;100;-3,30;-4;-0,90;9,10;95,80;112,80;2,40;6;100;-1,10;-1,40;
2026-07-30 00:17:00.0;OFF;ON;100;-3,40;-4;-0,90;9,10;95,80;112,80;2,50;6;99,60;-1,10;-1,40;
2026-07-30 00:18:00.0;OFF;ON;100;-3,50;-4;-0,90;9,10;95,80;112,80;2,80;6;99;-1,20;-1,40;
2026-07-30 00:19:00.0;OFF;ON;100;-3,80;-4;-1;9,10;95,80;112,80;2,90;6;98,70;-1,20;-1,50;
2026-07-30 00:20:00.0;OFF;ON;100;-3,50;-4;-1;9;95,50;112,80;2,50;6;100;-1,20;-1,60;
2026-07-30 00:21:00.0;OFF;ON;100;-3,30;-4;-0,90;9;95,50;112,80;2,40;6;100;-1,20;-1,50;
2026-07-30 00:22:00.0;OFF;ON;100;-3,20;-4;-0,90;9;95,70;112,80;2,30;6;99,70;-1,20;-1,40;
2026-07-30 00:23:00.0;OFF;ON;100;-3,10;-4;-0,80;9;95,90;112,80;2,30;6;99,70;-1,10;-1,30;
2026-07-30 00:24:00.0;OFF;ON;100;-2,90;-4;-0,80;9;96,10;112,80;2,10;6;100;-1,10;-1,30;
2026-07-30 00:25:00.0;OFF;ON;100;-2,90;-4;-0,80;8,90;96,10;112,80;2,20;6;100;-1,10;-1,30;
2026-07-30 00:26:00.0;OFF;ON;100;-3,40;-4;-0,80;8,90;96,20;112,80;2,60;6;99,20;-1,10;-1,30;
2026-07-30 00:27:00.0;OFF;ON;100;-3,50;-4;-0,80;8,90;96;112,80;2,70;6;99,30;-1,10;-1,40;
2026-07-30 00:28:00.0;OFF;ON;100;-3,30;-4;-0,90;8,90;95,80;112,80;2,40;6;100;-1,20;-1,40;
2026-07-30 00:29:00.0;OFF;ON;100;-3,30;-4;-0,90;8,80;95,80;112,80;2,40;6;100;-1,20;-1,40;
2026-07-30 00:30:00.0;OFF;ON;100;-3,20;-4;-0,90;8,80;95,80;112,80;2,40;6;100;-1,20;-1,40;
2026-07-30 00:31:00.0;OFF;ON;100;-3,30;-4;-0,90;8,80;95,80;112,80;2,50;6;99,60;-1,20;-1,40;
2026-07-30 00:32:00.0;OFF;ON;100;-3,30;-4;-0,90;8,80;95,80;112,80;2,40;6;99,70;-1,20;-1,40;
2026-07-30 00:33:00.0;OFF;ON;100;-3,20;-4;-0,90;8,70;95,90;112,80;2,40;6;100;-1,20;-1,40;
2026-07-30 00:34:00.0;OFF;ON;100;-3,20;-4;-0,90;8,70;95,90;112,80;2,40;6;100;-1,20;-1,40;
2026-07-30 00:35:00.0;OFF;ON;100;-3,20;-4;-0,90;8,70;95,90;112,80;2,40;6;100;-1,20;-1,40;
2026-07-30 00:36:00.0;OFF;ON;100;-3,20;-4;-0,90;8,70;95,80;112,80;2,40;6;100;-1,20;-1,40;
2026-07-30 00:37:00.0;OFF;ON;100;-3,20;-4;-0,90;8,70;95,80;112,80;2,40;6;100;-1,20;-1,40;
2026-07-30 00:38:00.0;OFF;ON;100;-3,30;-4;-0,90;8,60;95,80;112,80;2,50;6;99,60;-1,20;-1,40;
2026-07-30 00:39:00.0;OFF;ON;100;-3,30;-4;-0,90;8,60;95,80;112,80;2,40;6;100;-1,20;-1,40;
2026-07-30 00:40:00.0;OFF;ON;100;-3,30;-4;-0,80;8,60;96,40;112,80;2,50;6;100;-1,20;-1,40;
2026-07-30 00:41:00.0;OFF;ON;100;-3,20;-4;-0,70;8,60;96,90;112,80;2,50;6;100;-1,20;-1,40;
2026-07-30 00:42:00.0;OFF;ON;100;-3,10;-4;-0,70;8,60;97,30;112,80;2,50;6;100;-1,10;-1,30;
2026-07-30 00:43:00.0;OFF;ON;100;-3,10;-4;-0,60;8,60;97,50;112,80;2,50;6;99,80;-1,10;-1,30;
2026-07-30 00:44:00.0;OFF;ON;100;-3,10;-4;-0,60;8,60;97,60;94;2,50;6;99,70;-1,10;-1,30;
2026-07-30 00:45:00.0;OFF;ON;100;-3,10;-4;-0,60;8,50;97,60;109,40;2,50;6;100;-1,10;-1,30;
2026-07-30 00:46:00.0;OFF;ON;100;-3;-4;-0,60;8,50;97,80;109,40;2,50;6;100;-1,10;-1,20;
2026-07-30 00:47:00.0;OFF;ON;100;-3;-4;-0,50;8,50;97,80;109,30;2,50;6;100;-1,10;-1,20;
2026-07-30 00:48:00.0;OFF;ON;100;-3,10;-4;-0,50;8,50;97,80;109,40;2,60;6;99,60;-1,10;-1,20;
2026-07-30 00:49:00.0;OFF;ON;100;-3;-4;-0,50;8,50;97,50;109,30;2,50;6;100;-1,10;-1,20;
2026-07-30 00:50:00.0;OFF;ON;100;-3;-4;-0,50;8,50;97,50;109,30;2,50;6;100;-1,10;-1,20;
2026-07-30 00:51:00.0;OFF;ON;100;-3;-4;-0,50;8,40;97,40;109,30;2,60;6;100;-1;-1,20;
2026-07-30 00:52:00.0;OFF;ON;100;-3,10;-4;-0,50;8,40;97,30;109,30;2,60;6;99,60;-1;-1,20;
2026-07-30 00:53:00.0;OFF;ON;100;-3,10;-4;-0,50;8,40;97,30;109,40;2,60;6;99,70;-1;-1,20;
2026-07-30 00:54:00.0;OFF;ON;100;-3,10;-4;-0,50;8,40;97,30;109,20;2,60;6;99,60;-1;-1,20;
2026-07-30 00:55:00.0;OFF;ON;100;-3,10;-4;-0,50;8,30;97,40;109,20;2,60;6;99,70;-1;-1,20;
2026-07-30 00:56:00.0;OFF;ON;100;-3,10;-4;-0,50;8,30;97,30;109,20;2,60;6;100;-1;-1,20;
2026-07-30 00:57:00.0;OFF;ON;100;-3,10;-4;-0,50;8,30;97,30;109,20;2,60;6;99,60;-1,10;-1,20;
2026-07-30 00:58:00.0;OFF;ON;100;-3;-4;-0,50;8,20;97,20;109,20;2,50;6;100;-1,10;-1,20;
2026-07-30 00:59:00.0;OFF;ON;100;-3,10;-4;-0,50;8,20;97,20;109,20;2,60;6;99,60;-1,10;-1,20;
2026-07-30 01:00:00.0;OFF;ON;100;-3,10;-4;-0,50;8,20;97,20;109,10;2,60;6;99,60;-1,10;-1,20;
2026-07-30 01:01:00.0;OFF;ON;100;-3,20;-4;-0,50;8,10;97;109,10;2,70;6;99,60;-1,10;-1,20;
2026-07-30 01:02:00.0;OFF;ON;100;-3,20;-4;-0,50;8,10;96,90;109,10;2,60;6;99,70;-1,10;-1,20;
2026-07-30 01:03:00.0;OFF;ON;100;-3,10;-4;-0,50;8,10;96,90;109,10;2,60;6;100;-1,10;-1,30;
2026-07-30 01:04:00.0;OFF;ON;100;-3,20;-4;-0,50;8,10;96,90;109,30;2,70;6;99,60;-1,10;-1,30;
2026-07-30 01:05:00.0;OFF;ON;100;-3,10;-4;-0,50;8;96,90;109,10;2,60;6;100;-1,10;-1,30;
2026-07-30 01:06:00.0;OFF;ON;100;-3,20;-4;-0,60;8;96,90;109,30;2,60;6;100;-1,10;-1,30;
2026-07-30 01:07:00.0;OFF;ON;100;-3,10;-4;-0,60;8;96,90;109,30;2,60;6;100;-1,10;-1,30;
2026-07-30 01:08:00.0;OFF;ON;100;-3,30;-4;-0,60;8;96,90;109,30;2,70;6;99,60;-1,20;-1,30;
2026-07-30 01:09:00.0;OFF;ON;100;-3,20;-4;-0,60;7,90;96,80;109,30;2,60;6;99,80;-1,20;-1,30;
2026-07-30 01:10:00.0;OFF;ON;100;-3,30;-4;-0,60;7,90;96,90;109;2,70;6;99,70;-1,20;-1,30;
2026-07-30 01:11:00.0;OFF;ON;100;-3,30;-4;-0,60;7,90;96,90;109,40;2,70;6;99,70;-1,20;-1,30;
2026-07-30 01:12:00.0;OFF;ON;100;-3,20;-4;-0,60;7,80;96,90;109,10;2,60;6;100;-1,20;-1,30;
2026-07-30 01:13:00.0;OFF;ON;100;-3,20;-4;-0,60;7,80;97;109,10;2,60;6;100;-1,20;-1,40;
2026-07-30 01:14:00.0;OFF;ON;100;-3,20;-4;-0,70;7,80;96,90;109,10;2,60;6;100;-1,20;-1,40;
2026-07-30 01:15:00.0;OFF;ON;100;-3,30;-4;-0,70;7,80;96,40;109,10;2,60;6;99,70;-1,20;-1,40;
2026-07-30 01:16:00.0;OFF;ON;100;-3,30;-4;-0,80;7,70;96;109,10;2,50;6;100;-1,30;-1,40;
2026-07-30 01:17:00.0;OFF;ON;100;-3,40;-4;-0,80;7,70;95,60;109,10;2,60;6;99,60;-1,30;-1,50;
2026-07-30 01:18:00.0;OFF;ON;100;-3,40;-4;-0,90;7,70;95,40;109,10;2,60;6;99,60;-1,30;-1,50;
2026-07-30 01:19:00.0;OFF;ON;100;-3,40;-4;-0,90;7,70;95,10;109,10;2,50;6;100;-1,40;-1,50;
2026-07-30 01:20:00.0;OFF;ON;100;-3,50;-4;-0,90;7,60;95;109,10;2,50;6;100;-1,40;-1,60;
2026-07-30 01:21:00.0;OFF;ON;100;-3,60;-4;-1;7,60;94,90;109,10;2,60;6;100;-1,40;-1,60;
2026-07-30 01:22:00.0;OFF;ON;100;-3,50;-4;-1;7,60;94,90;109,10;2,50;6;99,80;-1,40;-1,60;
2026-07-30 01:23:00.0;OFF;ON;100;-3,60;-4;-1;7,50;94,90;109,10;2,60;6;99,60;-1,50;-1,60;
2026-07-30 01:24:00.0;OFF;ON;100;-3,60;-4;-1;7,50;95;109,10;2,60;6;99,60;-1,50;-1,60;
2026-07-30 01:25:00.0;OFF;ON;100;-3,50;-4;-1,10;7,40;95;109,10;2,50;6;99,70;-1,50;-1,70;
2026-07-30 01:26:00.0;OFF;ON;100;-3,40;-4;-1,10;7,40;95,20;109,10;2,40;6;99,60;-1,50;-1,60;
2026-07-30 01:27:00.0;OFF;ON;100;-3,50;-4;-1,10;7,30;95,30;109,10;2,30;6;100;-1,50;-1,60;
2026-07-30 01:28:00.0;OFF;ON;100;-3,50;-4;-1,20;7,30;95,30;109,10;2,30;6;100;-1,50;-1,60;
2026-07-30 01:29:00.0;OFF;ON;100;-3,60;-4;-1,10;7,30;95,30;109,10;2,40;6;100;-1,50;-1,60;
2026-07-30 01:30:00.0;OFF;ON;100;-3,50;-4;-1,10;7,20;95,30;109,10;2,50;6;100;-1,50;-1,60;
2026-07-30 01:31:00.0;OFF;ON;100;-3,60;-4;-1,20;7,20;95,30;109,10;2,30;6;99,60;-1,50;-1,70;
2026-07-30 01:32:00.0;OFF;ON;100;-3,60;-4;-1,10;7,20;95,30;109,10;2,50;6;99,60;-1,50;-1,70;
2026-07-30 01:33:00.0;OFF;ON;100;-3,60;-4;-1,20;7,20;95,30;109,10;2,40;6;99,70;-1,50;-1,70;
2026-07-30 01:34:00.0;OFF;ON;100;-3,50;-4;-1,20;7,10;95,30;109,10;2,40;6;100;-1,50;-1,70;
2026-07-30 01:35:00.0;OFF;ON;100;-3,60;-4;-1,10;7,10;95,30;109,10;2,30;6;99,60;-1,50;-1,70;
2026-07-30 01:36:00.0;OFF;ON;100;-3,50;-4;-1,10;7,10;95,30;109,10;2,40;6;100;-1,50;-1,70;
2026-07-30 01:37:00.0;OFF;ON;100;-3,60;-4;-1,10;7;95,30;109,10;2,40;6;99,80;-1,40;-1,70;
2026-07-30 01:38:00.0;OFF;ON;100;-3,60;-4;-1,20;7;95,30;109,10;2,50;6;99,60;-1,40;-1,70;
2026-07-30 01:39:00.0;OFF;ON;100;-3,50;-4;-1,20;7;95,30;109,10;2,50;6;100;-1,40;-1,70;
2026-07-30 01:40:00.0;OFF;ON;100;-3,50;-4;-1,20;6,90;95,40;109,10;2,50;6;100;-1,40;-1,70;
2026-07-30 01:41:00.0;OFF;ON;100;-3,60;-4;-1,30;6,90;95,30;109,10;2,30;6;99,50;-1,40;-1,70;
2026-07-30 01:42:00.0;OFF;ON;100;-3,60;-4;-1,30;6,90;95,40;109,10;2,30;6;99,70;-1,40;-1,70;
2026-07-30 01:43:00.0;OFF;ON;100;-3,60;-4;-1,30;6,90;95,30;109,10;2,30;6;100;-1,40;-1,70;
2026-07-30 01:44:00.0;OFF;ON;100;-3,70;-4;-1,20;6,80;95,40;109,10;2,30;6;99,50;-1,40;-1,70;
2026-07-30 01:45:00.0;OFF;ON;100;-3,60;-4;-1,20;6,80;95,40;109,10;2,40;6;100;-1,50;-1,70;
2026-07-30 01:46:00.0;OFF;ON;100;-3,60;-4;-1,30;6,70;95,40;109,10;2,30;6;100;-1,50;-1,70;
2026-07-30 01:47:00.0;OFF;ON;100;-3,70;-4;-1,30;6,70;95,30;109,10;2,30;6;99,60;-1,50;-1,70;
2026-07-30 01:48:00.0;OFF;ON;100;-3,60;-4;-1,30;6,70;95,30;109,10;2,30;6;100;-1,50;-1,70;
2026-07-30 01:49:00.0;OFF;ON;100;-3,30;-4;-1,30;6,70;95,40;109,10;1,90;6;100;-1,50;-1,80;
2026-07-30 01:50:00.0;OFF;ON;100;-3,30;-4;-1,30;6,60;95,60;109,10;1,70;6;99,60;-1,50;-1,70;
2026-07-30 01:51:00.0;OFF;ON;100;-3,20;-4;-1,30;6,60;95,80;109,10;2;6;99,60;-1,40;-1,60;
2026-07-30 01:52:00.0;OFF;ON;100;-3,20;-4;-1,30;6,60;95,80;109,10;1,90;6;99,60;-1,40;-1,50;
2026-07-30 01:53:00.0;OFF;ON;100;-3,20;-4;-1,20;6,60;95,90;109,10;1,90;6;99,60;-1,40;-1,50;
2026-07-30 01:54:00.0;OFF;ON;100;-3,20;-4;-1,20;6,50;95,90;109,10;1,90;6;99,60;-1,40;-1,50;
2026-07-30 01:55:00.0;OFF;ON;100;-3,20;-4;-1,20;6,50;95,90;109,10;2;6;99,60;-1,40;-1,50;
2026-07-30 01:56:00.0;OFF;ON;100;-3,10;-4;-1,20;6,50;95,90;109,10;1,90;6;100;-1,40;-1,50;
2026-07-30 01:57:00.0;OFF;ON;100;-3,20;-4;-1,20;6,50;95,90;109,10;2;6;99,60;-1,40;-1,50;
2026-07-30 01:58:00.0;OFF;ON;100;-3,20;-4;-1,20;6,40;95,90;109,10;2;6;99,60;-1,40;-1,50;
2026-07-30 01:59:00.0;OFF;ON;100;-3,10;-4;-1,20;6,40;95,80;109,10;1,90;6;100;-1,40;-1,50;
2026-07-30 02:00:00.0;OFF;ON;100;-3,20;-4;-1,20;6,40;95,80;109,10;1,90;6;99,70;-1,40;-1,50;
2026-07-30 02:01:00.0;OFF;ON;100;-3,20;-4;-1,30;6,40;95,80;109,10;1,90;6;99,70;-1,50;-1,50;
2026-07-30 02:02:00.0;OFF;ON;100;-3,10;-4;-1,30;6,30;95,80;109,10;1,80;6;100;-1,50;-1,50;
2026-07-30 02:03:00.0;OFF;ON;100;-3,10;-4;-1,30;6,30;95,80;109,10;1,80;6;100;-1,50;-1,50;
2026-07-30 02:04:00.0;OFF;ON;100;-3;-4;-1,20;6,30;95,80;109,10;1,80;6;100;-1,50;-1,50;
2026-07-30 02:05:00.0;OFF;ON;100;-3,10;-4;-1,30;6,30;95,80;109,10;1,90;6;99,80;-1,50;-1,50;
2026-07-30 02:06:00.0;OFF;ON;100;-3,10;-4;-1,30;6,20;95,80;109,10;1,90;6;99,60;-1,50;-1,50;
2026-07-30 02:07:00.0;OFF;ON;100;-3,10;-4;-1,30;6,20;95,80;109,10;1,90;6;99,70;-1,50;-1,50;
2026-07-30 02:08:00.0;OFF;ON;100;-3,10;-4;-1,30;6,20;95,80;109,10;1,90;6;99,70;-1,50;-1,50;
2026-07-30 02:09:00.0;OFF;ON;100;-3,10;-4;-1,30;6,10;95,80;109,10;1,90;6;99,60;-1,50;-1,50;
2026-07-30 02:10:00.0;OFF;ON;100;-3,10;-4;-1,20;6,10;95,80;109,10;1,90;6;99,70;-1,50;-1,50;
2026-07-30 02:11:00.0;OFF;ON;100;-3,10;-4;-1,30;6,10;95,80;109,10;1,90;6;99,70;-1,50;-1,50;
2026-07-30 02:12:00.0;OFF;ON;100;-3;-4;-1,20;6,10;95,80;109,10;1,80;6;100;-1,50;-1,50;
2026-07-30 02:13:00.0;OFF;ON;100;-3,10;-4;-1,30;6;95,80;109,10;1,90;6;99,70;-1,50;-1,50;
2026-07-30 02:14:00.0;OFF;ON;100;-3;-4;-1,20;6;95,80;109,10;1,80;6;100;-1,50;-1,50;
2026-07-30 02:15:00.0;OFF;ON;100;-3;-4;-1,20;6;95,80;109,10;1,80;6;100;-1,50;-1,50;
2026-07-30 02:16:00.0;OFF;ON;100;-3,10;-4;-1,30;6;95,80;109,10;1,90;6;99,70;-1,50;-1,50;
2026-07-30 02:17:00.0;OFF;ON;100;-3;-4;-1,20;5,90;95,80;109,10;1,80;6;100;-1,50;-1,50;
2026-07-30 02:18:00.0;OFF;ON;100;-3;-4;-1,20;5,90;95,80;109,10;1,80;6;100;-1,50;-1,50;
2026-07-30 02:19:00.0;OFF;ON;100;-3,10;-4;-1,30;5,90;95,80;109,10;1,80;6;100;-1,50;-1,50;
2026-07-30 02:20:00.0;OFF;ON;100;-3,10;-4;-1,30;5,90;95,80;109,10;1,80;6;99,90;-1,50;-1,50;
2026-07-30 02:21:00.0;OFF;ON;100;-3,10;-4;-1,30;5,80;95,80;109,10;1,80;6;99,70;-1,50;-1,40;
2026-07-30 02:22:00.0;OFF;ON;100;-3;-4;-1,30;5,80;95,80;109,10;1,80;6;100;-1,50;-1,50;
2026-07-30 02:23:00.0;OFF;ON;100;-3;-4;-1,30;5,80;95,80;109,10;1,80;6;100;-1,50;-1,50;
2026-07-30 02:24:00.0;OFF;ON;100;-3,10;-4;-1,30;5,80;95,80;109,10;1,80;6;100;-1,50;-1,50;
2026-07-30 02:25:00.0;OFF;ON;100;-3,20;-4;-1,30;5,70;95,80;109,10;1,90;6;99,70;-1,50;-1,50;
2026-07-30 02:26:00.0;OFF;ON;100;-3,20;-4;-1,30;5,70;95,80;109,10;1,90;6;99,70;-1,50;-1,50;
2026-07-30 02:27:00.0;OFF;ON;100;-3,10;-4;-1,30;5,70;95,70;109,10;1,80;6;100;-1,50;-1,50;
2026-07-30 02:28:00.0;OFF;ON;100;-3,20;-4;-1,30;5,70;95,70;109,10;1,90;6;99,80;-1,50;-1,50;
2026-07-30 02:29:00.0;OFF;ON;100;-3,10;-4;-1,30;5,60;95,70;109,10;1,80;6;100;-1,50;-1,50;
2026-07-30 02:30:00.0;OFF;ON;100;-3,20;-4;-1,30;5,60;95,70;109,10;1,90;6;99,70;-1,50;-1,50;
2026-07-30 02:31:00.0;OFF;ON;100;-3,10;-4;-1,20;5,60;96,40;109,10;1,90;6;100;-1,50;-1,50;
2026-07-30 02:32:00.0;OFF;ON;100;-3,10;-4;-1,20;5,60;96,80;109,10;2;6;99,70;-1,50;-1,50;
2026-07-30 02:33:00.0;OFF;ON;100;-3,10;-4;-1,20;5,50;96,80;109,10;1,90;6;99,70;-1,50;-1,50;
2026-07-30 02:34:00.0;OFF;ON;100;-3,10;-4;-1,20;5,50;96,40;109,10;1,90;6;99,70;-1,50;-1,50;
2026-07-30 02:35:00.0;OFF;ON;100;-3,10;-4;-1,10;5,50;96,70;109,10;1,90;6;100;-1,50;-1,50;
2026-07-30 02:36:00.0;OFF;ON;100;-3,20;-4;-1,10;5,50;96,80;109;2;6;99,60;-1,60;-1,90;
2026-07-30 02:37:00.0;OFF;ON;100;-3,20;-4;-1,10;5,40;97;109,40;2,10;6;100;-1,50;-2;
2026-07-30 02:38:00.0;OFF;ON;100;-3,30;-4;-1,10;5,40;97;109,40;2,20;6;99,60;-1,50;-2,10;
2026-07-30 02:39:00.0;OFF;ON;50;-3,20;-4;-1,10;5,40;96,90;109,40;2,10;6;100;-1,50;-2,20;
2026-07-30 02:40:00.0;OFF;ON;50;-3,40;-4;-1,20;5,40;96,50;109,30;2,20;6;99,50;-1,60;-2,20;
2026-07-30 02:41:00.0;OFF;ON;50;-3,50;-4;-1,30;5,30;96;109,30;2,20;6;99,60;-1,60;-2,30;
2026-07-30 02:42:00.0;OFF;ON;50;-3,50;-4;-1,40;5,30;95,70;109,30;2,10;6;100;-1,70;-2,40;
2026-07-30 02:43:00.0;OFF;ON;50;-3,60;-4;-1,40;5,30;95,30;109,30;2,10;6;100;-1,80;-2,40;
2026-07-30 02:44:00.0;OFF;ON;50;-3,60;-4;-1,40;5,30;95,20;109,30;2,20;6;100;-1,80;-2,50;
2026-07-30 02:45:00.0;OFF;ON;50;-3,70;-4;-1,40;5,20;95,60;109,30;2,30;6;100;-1,70;-2,50;
2026-07-30 02:46:00.0;OFF;ON;50;-3,60;-4;-1,30;5,20;95,90;109,30;2,30;6;100;-1,60;-2,60;
2026-07-30 02:47:00.0;OFF;ON;50;-3,70;-4;-1,40;5,20;95,80;109,30;2,30;6;99,60;-1,70;-2,60;
2026-07-30 02:48:00.0;OFF;ON;50;-3,80;-4;-1,50;5,20;95,40;109,30;2,30;6;99,60;-1,70;-2,60;
2026-07-30 02:49:00.0;OFF;ON;50;-3,80;-4;-1,50;5,10;95;109,30;2,30;6;100;-1,70;-2,60;
2026-07-30 02:50:00.0;OFF;ON;50;-3,90;-4;-1,50;5,10;95;109,30;2,40;6;99,60;-1,70;-2,70;
2026-07-30 02:51:00.0;OFF;ON;50;-3,80;-4;-1,50;5,10;95;109,30;2,20;6;100;-1,70;-2,70;
2026-07-30 02:52:00.0;OFF;ON;50;-3,80;-4;-1,60;5,10;94,90;109,30;2,20;6;100;-1,70;-2,70;
2026-07-30 02:53:00.0;OFF;ON;50;-3,80;-4;-1,60;5;95;109,30;2,30;6;100;-1,70;-2,70;
2026-07-30 02:54:00.0;OFF;ON;50;-3,90;-4;-1,50;5;95,70;109,40;2,40;6;99,70;-1,80;-2,80;
2026-07-30 02:55:00.0;OFF;ON;50;-3,80;-4;-1,40;5;95,90;109,40;2,40;6;99,60;-1,80;-2,70;
2026-07-30 02:56:00.0;OFF;ON;50;-3,70;-4;-1,50;5;95,90;109,30;2,10;6;100;-1,80;-2,70;
2026-07-30 02:57:00.0;OFF;ON;50;-3,70;-4;-1,50;5;95,80;109,40;2,20;6;99,80;-1,80;-2,70;
2026-07-30 02:58:00.0;OFF;ON;50;-3,70;-4;-1,50;4,90;95,80;109,40;2,20;6;99,70;-1,80;-2,70;
2026-07-30 02:59:00.0;OFF;ON;50;-3,80;-4;-1,60;4,90;95,30;109,40;2,10;6;99,60;-1,90;-2,70;
2026-07-30 03:00:00.0;OFF;ON;50;-3,70;-4;-1,60;4,90;95,10;109,40;2;6;100;-1,90;-2,70;
2026-07-30 03:01:00.0;OFF;ON;50;-3,70;-4;-1,70;4,90;94,90;109,40;2;6;100;-1,90;-2,70;
2026-07-30 03:02:00.0;OFF;ON;50;-3,80;-4;-1,70;4,80;94,80;109,40;2,10;6;99,60;-1,90;-2,70;
2026-07-30 03:03:00.0;OFF;ON;50;-3,80;-4;-1,70;4,80;94,80;109,40;2,10;6;99,60;-1,90;-2,70;
2026-07-30 03:04:00.0;OFF;ON;50;-3,70;-4;-1,70;4,80;94,80;109,40;2;6;100;-1,90;-2,70;
2026-07-30 03:05:00.0;OFF;ON;50;-3,70;-4;-1,60;4,80;95,10;109,50;2;6;100;-1,90;-2,70;
2026-07-30 03:06:00.0;OFF;ON;50;-3,60;-4;-1,60;4,80;95,50;109,30;2;6;100;-2;-2,70;
2026-07-30 03:07:00.0;OFF;ON;50;-3,50;-4;-1,50;4,80;95,90;109,30;2;6;100;-2;-2,70;
2026-07-30 03:08:00.0;OFF;ON;50;-3,50;-4;-1,50;4,70;96,40;109,30;1,90;6;100;-2;-2,70;
2026-07-30 03:09:00.0;OFF;ON;50;-3,40;-4;-1,50;4,70;96,40;109,20;1,90;6;100;-2;-2,60;
2026-07-30 03:10:00.0;OFF;ON;50;-3,40;-4;-1,60;4,70;96,20;109,20;1,80;6;100;-2;-2,60;
2026-07-30 03:11:00.0;OFF;ON;50;-3,40;-4;-1,60;4,70;95,90;109,20;1,80;6;100;-2;-2,50;
2026-07-30 03:12:00.0;OFF;ON;50;-3,40;-4;-1,60;4,70;95,50;109,20;1,80;6;100;-2;-2,50;
2026-07-30 03:13:00.0;OFF;ON;50;-3,50;-4;-1,70;4,60;95,30;109,20;1,80;6;100;-2;-2,50;
2026-07-30 03:14:00.0;OFF;ON;50;-3,50;-4;-1,70;4,60;95,20;109,20;1,80;6;100;-2;-2,50;
2026-07-30 03:15:00.0;OFF;ON;50;-3,50;-4;-1,70;4,60;95;109,30;1,80;6;99,60;-2;-2,60;
2026-07-30 03:16:00.0;OFF;ON;50;-3,60;-4;-1,70;4,60;95;109,30;1,90;6;99,70;-2;-2,60;
2026-07-30 03:17:00.0;OFF;ON;50;-3,50;-4;-1,70;4,60;95;109,30;1,80;6;99,80;-2,10;-2,60;
2026-07-30 03:18:00.0;OFF;ON;50;-3,50;-4;-1,70;4,50;95;109,30;1,80;6;100;-2,10;-2,60;
2026-07-30 03:19:00.0;OFF;ON;50;-3,50;-4;-1,70;4,50;95,10;109,30;1,80;6;99,70;-2,10;-2,60;
2026-07-30 03:20:00.0;OFF;ON;50;-3,50;-3,80;-1,70;4,50;95,40;109,30;1,80;6;99,20;-2,10;-2,60;
2026-07-30 03:21:00.0;OFF;ON;50;-3,40;-3,60;-1,70;4,50;95,40;109,30;1,70;6;99;-2,10;-2,60;
2026-07-30 03:22:00.0;OFF;ON;50;-3,50;-3,50;-1,70;4,50;95,30;109,30;1,80;6;98,20;-2;-2,60;
2026-07-30 03:23:00.0;OFF;ON;50;-3,50;-3,40;-1,70;4,40;95,30;109,30;1,80;6;97,70;-2;-2,50;
2026-07-30 03:24:00.0;OFF;ON;50;-3,40;-3,20;-1,70;4,40;95,10;109,30;1,60;6;96,30;-2,10;-2,50;
2026-07-30 03:25:00.0;OFF;ON;50;-3,40;-3;-1,70;4,40;95,10;109,30;1,70;6;94,90;-2;-2,50;
2026-07-30 03:26:00.0;OFF;ON;50;-3,40;-2,80;-1,70;4,40;95,10;109,30;1,60;6;94,10;-2;-2,50;
2026-07-30 03:27:00.0;OFF;ON;50;-3,50;-2,70;-1,70;4,40;95,30;109,30;1,80;6;91,60;-2,10;-2,50;
2026-07-30 03:28:00.0;OFF;ON;50;-3,40;-2,50;-1,60;4,30;95,80;109,10;1,80;6;89,20;-2,10;-2,50;
2026-07-30 03:29:00.0;OFF;ON;50;-3,30;-2,20;-1,50;4,30;96,40;109,20;1,80;6;86,90;-2;-2,50;
2026-07-30 03:30:00.0;OFF;ON;50;-3,20;-1,90;-1,50;4,30;96,80;109,10;1,70;6;84,90;-2;-2,50;
2026-07-30 03:31:00.0;OFF;ON;50;-3,20;-1,70;-1,40;4,30;97;109,20;1,80;6;81,90;-2;-2,40;
2026-07-30 03:32:00.0;OFF;ON;50;-3,30;-1,50;-1,40;4,30;97,10;109,20;1,90;6;79,30;-2;-2,40;
2026-07-30 03:33:00.0;OFF;ON;50;-3,20;-1,40;-1,40;4,30;97,30;109,20;1,80;6;77,80;-1,90;-2,30;
2026-07-30 03:34:00.0;OFF;ON;50;-3,20;-1,40;-1,40;4,20;97,40;109,20;1,80;6;75,10;-1,90;-2,30;
2026-07-30 03:35:00.0;OFF;ON;50;-3,20;-1,40;-1,40;4,20;97,50;109,20;1,80;6;72,90;-1,90;-2,30;
2026-07-30 03:36:00.0;OFF;ON;50;-3,20;-1,40;-1,40;4,20;97,30;109,20;1,80;6;70,80;-1,90;-2,30;
2026-07-30 03:37:00.0;OFF;ON;50;-3,30;-1,40;-1,40;4,20;97,20;109,20;1,80;6;69,70;-1,90;-2,30;
2026-07-30 03:38:00.0;OFF;ON;50;-3,40;-1,40;-1,50;4,20;96,80;109,20;2;6;65,70;-1,90;-2,30;
2026-07-30 03:39:00.0;OFF;ON;50;-3,30;-1,50;-1,50;4,10;96,40;109,20;1,80;6;64;-1,90;-2,30;
2026-07-30 03:40:00.0;OFF;ON;50;-2,90;-1,50;-1,50;4,10;96,40;109,20;1,40;6;64,50;-1,90;-2,20;
2026-07-30 03:41:00.0;OFF;ON;50;-3;-1,50;-1,50;4,10;95,90;109,20;1,40;6;62,40;-1,90;-2,20;
2026-07-30 03:42:00.0;OFF;ON;50;-2,90;-1,50;-1,50;4,10;95,80;109,20;1,40;6;60,80;-1,80;-2,20;
2026-07-30 03:43:00.0;OFF;ON;50;-2,80;-1,50;-1,50;4,10;95,80;109,20;1,30;6;60,10;-1,80;-2,10;
2026-07-30 03:44:00.0;OFF;ON;50;-2,60;-1,50;-1,50;4;95,80;109,20;1,20;6;58,70;-1,80;-2,10;
2026-07-30 03:45:00.0;OFF;ON;50;-2,60;-1,50;-1,50;4;95,80;109,20;1,20;6;57,10;-1,80;-2;
2026-07-30 03:46:00.0;OFF;ON;50;-2,70;-1,50;-1,50;4;95,80;109,20;1,20;6;55,80;-1,80;-2;
2026-07-30 03:47:00.0;OFF;ON;50;-2,60;-1,50;-1,50;4;95,80;109,20;1,20;6;54,90;-1,80;-1,90;
2026-07-30 03:48:00.0;OFF;ON;50;-2,40;-1,50;-1,30;4;96,40;109,20;1,10;6;53,70;-1,70;-1,90;
2026-07-30 03:49:00.0;OFF;ON;50;-2,30;-1,30;-1,20;4;97;109,10;1;6;52,30;-1,70;-1,80;
2026-07-30 03:50:00.0;OFF;ON;50;-2;-1,20;-1,20;3,90;97,20;109,10;0,90;6;52,50;-1,60;-1,70;
2026-07-30 03:51:00.0;OFF;ON;50;-1,90;-1,20;-1,10;3,90;97,60;109;0,80;6;51,10;-1,60;-1,60;
2026-07-30 03:52:00.0;OFF;ON;50;-1,90;-1,10;-1,10;3,90;97,80;109;0,90;6;50;-1,50;-1,50;
2026-07-30 03:53:00.0;OFF;ON;50;-1,80;-1,10;-1,10;3,90;97,80;109;0,80;6;50;-1,50;-1,40;
2026-07-30 03:54:00.0;OFF;ON;50;-1,70;-1,10;-1;3,90;97,70;109;0,60;6;50;-1,40;-1,40;
2026-07-30 03:55:00.0;OFF;ON;50;-1,70;-1;-1;3,90;97,60;109;0,60;6;50;-1,40;-1,30;
2026-07-30 03:56:00.0;OFF;ON;50;-1,60;-1;-1;3,80;97,50;109;0,60;6;50;-1,40;-1,30;
2026-07-30 03:57:00.0;OFF;ON;50;-1,50;-1;-1;3,80;97,40;109;0,50;6;50;-1,30;-1,30;
2026-07-30 03:58:00.0;OFF;ON;50;-1,40;-1;-1;3,80;97,30;109;0,40;6;50;-1,30;-1,20;
2026-07-30 03:59:00.0;OFF;ON;50;-1,40;-1;-1;3,80;97,30;109;0,40;6;50;-1,30;-1,10;
2026-07-30 04:00:00.0;OFF;ON;50;-1,40;-1;-1;3,80;97,20;109;0,40;6;50;-1,30;-1,10;
2026-07-30 04:01:00.0;OFF;ON;50;-1,40;-1;-1;3,80;97,30;109;0,50;6;50;-1,20;-1,10;
2026-07-30 04:02:00.0;OFF;ON;50;-1,50;-1;-0,90;3,70;97,30;109;0,60;6;50;-1,20;-1,10;
2026-07-30 04:03:00.0;OFF;ON;50;-1,40;-0,90;-0,90;3,70;97,20;109;0,50;6;50;-1,20;-1,10;
2026-07-30 04:04:00.0;OFF;ON;50;-1,30;-0,90;-0,90;3,70;97,20;109;0,40;6;50;-1,20;-1,10;
2026-07-30 04:05:00.0;OFF;ON;50;-1,20;-0,90;-0,80;3,70;97,30;109;0,40;6;50;-1,20;-1;
2026-07-30 04:06:00.0;OFF;ON;50;-1,20;-0,80;-0,70;3,70;97,60;109,20;0,50;6;50;-1,10;-1;
2026-07-30 04:07:00.0;OFF;ON;50;-1,10;-0,70;-0,70;3,70;97,90;109;0,50;6;50;-1,10;-0,90;
2026-07-30 04:08:00.0;OFF;ON;50;-1,20;-0,70;-0,60;3,60;98;109,10;0,60;6;50;-1,10;-0,90;
2026-07-30 04:09:00.0;OFF;ON;50;-1,30;-0,60;-0,60;3,60;98,10;109,30;0,70;6;50;-1,10;-0,90;
2026-07-30 04:10:00.0;OFF;ON;50;-1,20;-0,60;-0,60;3,60;98,20;109,30;0,60;6;50;-1;-0,90;
2026-07-30 04:11:00.0;OFF;ON;50;-1,30;-0,60;-0,60;3,60;98,10;109,30;0,70;6;50;-1;-0,90;
2026-07-30 04:12:00.0;OFF;ON;50;-1,20;-0,60;-0,60;3,60;98,10;109,30;0,60;6;50;-1;-0,90;
2026-07-30 04:13:00.0;OFF;ON;50;-1,30;-0,60;-0,60;3,60;98,10;109,40;0,70;6;50;-1;-0,90;
2026-07-30 04:14:00.0;OFF;ON;50;-1,10;-0,60;-0,60;3,60;98,10;109,50;0,50;6;50;-1;-0,90;
2026-07-30 04:15:00.0;OFF;ON;50;-1;-0,60;-0,60;3,60;98,20;109,40;0,40;6;50;-1;-0,80;
2026-07-30 04:16:00.0;OFF;ON;50;-0,90;-0,60;-0,50;3,60;98,30;109,50;0,30;6;50;-1;-0,80;
2026-07-30 04:17:00.0;OFF;ON;50;-0,90;-0,50;-0,50;3,50;98,30;109,40;0,40;6;50;-0,90;-0,70;
2026-07-30 04:18:00.0;OFF;ON;50;-0,90;-0,50;-0,50;3,50;98,30;109,30;0,40;6;50;-0,90;-0,70;
2026-07-30 04:19:00.0;OFF;ON;50;-0,90;-0,50;-0,50;3,50;98,20;109,40;0,40;6;50;-0,90;-0,60;
2026-07-30 04:20:00.0;OFF;ON;50;-1,10;-0,50;-0,50;3,50;98;109,30;0,60;6;50;-0,90;-0,70;
2026-07-30 04:21:00.0;OFF;ON;50;-1,10;-0,50;-0,50;3,50;98;109,40;0,50;6;50;-0,90;-0,70;
2026-07-30 04:22:00.0;OFF;ON;50;-1,20;-0,50;-0,60;3,50;97,90;109,40;0,60;6;50;-0,90;-0,80;
2026-07-30 04:23:00.0;OFF;ON;50;-1,30;-0,60;-0,60;3,40;97,80;109,30;0,70;6;50;-1;-0,80;
2026-07-30 04:24:00.0;OFF;ON;50;-1,30;-0,60;-0,60;3,40;97,70;109,40;0,70;6;50;-1;-0,80;
2026-07-30 04:25:00.0;OFF;ON;50;-1,20;-0,60;-0,60;3,40;97,50;109,40;0,50;6;50;-1;-0,80;
2026-07-30 04:26:00.0;OFF;ON;50;-1,40;-0,60;-0,70;3,40;97,40;109,40;0,60;6;50;-1;-0,80;
2026-07-30 04:27:00.0;OFF;ON;50;-1,30;-0,70;-0,70;3,40;97,30;109,30;0,60;6;50;-1;-0,90;
2026-07-30 04:28:00.0;OFF;ON;50;-1,40;-0,70;-0,70;3,40;97,20;109,30;0,70;6;50;-1;-0,90;
2026-07-30 04:29:00.0;OFF;ON;50;-1,40;-0,70;-0,70;3,30;97;109,40;0,70;6;50;-1;-0,90;
2026-07-30 04:30:00.0;OFF;ON;50;-1,30;-0,70;-0,70;3,30;96,90;109,40;0,70;6;50;-1;-0,90;
2026-07-30 04:31:00.0;OFF;ON;50;-1,50;-0,70;-0,70;3,30;96,80;109,40;0,80;6;50;-1;-0,90;
2026-07-30 04:32:00.0;OFF;ON;50;-1,40;-0,70;-0,70;3,30;96,80;109,40;0,70;6;50;-1;-0,90;
2026-07-30 04:33:00.0;OFF;ON;50;-1,40;-0,70;-0,70;3,30;96,80;109,40;0,60;6;50;-1;-1;
2026-07-30 04:34:00.0;OFF;ON;50;-1,50;-0,70;-0,80;3,20;96,70;109,40;0,70;6;50;-1,10;-1;
2026-07-30 04:35:00.0;OFF;ON;50;-1,40;-0,80;-0,80;3,20;96,70;109,40;0,60;6;50;-1,10;-1;
2026-07-30 04:36:00.0;OFF;ON;50;-1,50;-0,80;-0,80;3,20;96,70;109,30;0,70;6;50;-1,10;-1;
2026-07-30 04:37:00.0;OFF;ON;50;-1,40;-0,80;-0,80;3,20;96,60;109,40;0,70;6;50;-1,10;-1;
2026-07-30 04:38:00.0;OFF;ON;50;-1,40;-0,80;-0,80;3,20;96,60;109,40;0,60;6;50;-1,10;-1;
2026-07-30 04:39:00.0;OFF;ON;50;-1,40;-0,80;-0,80;3,20;96,60;109,40;0,60;6;50;-1,10;-1;
2026-07-30 04:40:00.0;OFF;ON;50;-1,50;-0,80;-0,80;3,10;96,50;109,40;0,70;6;50;-1,10;-1;
2026-07-30 04:41:00.0;OFF;ON;50;-1,40;-0,80;-0,80;3,10;96,40;109,40;0,60;6;50;-1,10;-1;
2026-07-30 04:42:00.0;OFF;ON;50;-1,30;-0,80;-0,80;3,10;96,40;109,40;0,60;6;50;-1,10;-1;
2026-07-30 04:43:00.0;OFF;ON;50;-1,30;-0,80;-0,70;3,10;96,50;109,40;0,60;6;50;-1,10;-0,90;
2026-07-30 04:44:00.0;OFF;ON;50;-1,20;-0,70;-0,70;3,10;96,60;109,30;0,50;6;50;-1;-0,90;
2026-07-30 04:45:00.0;OFF;ON;50;-1,20;-0,70;-0,60;3,10;97,10;109,30;0,60;6;50;-1;-0,90;
2026-07-30 04:46:00.0;OFF;ON;50;-1,20;-0,60;-0,60;3,10;97,40;109,50;0,60;6;50;-1;-0,90;
2026-07-30 04:47:00.0;OFF;ON;50;-1,20;-0,60;-0,60;3,10;97,70;109,50;0,60;6;50;-1;-0,80;
2026-07-30 04:48:00.0;OFF;ON;50;-1,20;-0,60;-0,60;3;97,80;109,50;0,60;6;50;-1;-0,80;
2026-07-30 04:49:00.0;OFF;ON;50;-1;-0,60;-0,60;3;98;109,50;0,50;6;50;-1;-0,80;
2026-07-30 04:50:00.0;OFF;ON;50;-1,10;-0,60;-0,50;3;98;109,50;0,50;6;50;-0,90;-0,80;
2026-07-30 04:51:00.0;OFF;ON;50;-1;-0,50;-0,50;3;98;109,40;0,40;6;50;-0,90;-0,70;
2026-07-30 04:52:00.0;OFF;ON;50;-0,90;-0,50;-0,50;3;97,90;109,50;0,30;6;50;-0,90;-0,70;
2026-07-30 04:53:00.0;OFF;ON;50;-1;-0,50;-0,50;3;97,80;109,50;0,50;6;50;-0,90;-0,70;
2026-07-30 04:54:00.0;OFF;ON;50;-1,10;-0,50;-0,50;3;97,80;109,40;0,60;6;50;-0,90;-0,70;
2026-07-30 04:55:00.0;OFF;ON;50;-1,20;-0,50;-0,60;2,90;97,60;109,40;0,60;6;50;-0,90;-0,70;
2026-07-30 04:56:00.0;OFF;ON;50;-1,10;-0,60;-0,60;2,90;97,50;109,40;0,60;6;50;-0,90;-0,70;
2026-07-30 04:57:00.0;OFF;ON;50;-1,20;-0,60;-0,60;2,90;97,40;109,40;0,60;6;50;-0,90;-0,80;
2026-07-30 04:58:00.0;OFF;ON;50;-1,30;-0,60;-0,60;2,90;97,30;109,40;0,70;6;50;-0,90;-0,80;
2026-07-30 04:59:00.0;OFF;ON;50;-1,30;-0,60;-0,60;2,90;97,10;109,40;0,70;6;50;-0,90;-0,80;
2026-07-30 05:00:00.0;OFF;ON;50;-1,20;-0,60;-0,60;2,90;97;109,40;0,60;6;50;-1;-0,90;
2026-07-30 05:01:00.0;OFF;ON;50;-1,40;-0,60;-0,70;2,80;96,90;109,40;0,70;6;50;-1;-0,90;
2026-07-30 05:02:00.0;OFF;ON;50;-1,40;-0,70;-0,70;2,80;96,80;109,40;0,70;6;50;-1;-0,90;
2026-07-30 05:03:00.0;OFF;ON;50;-1,40;-0,70;-0,70;2,80;96,70;109,40;0,70;6;50;-1;-0,90;
2026-07-30 05:04:00.0;OFF;ON;50;-1,30;-0,70;-0,70;2,80;96,70;109,40;0,60;6;50;-1;-0,90;
2026-07-30 05:05:00.0;OFF;ON;50;-1,30;-0,70;-0,70;2,80;96,70;109,40;0,60;6;50;-1;-0,90;
2026-07-30 05:06:00.0;OFF;ON;50;-1,40;-0,70;-0,80;2,80;96,60;109,40;0,60;6;50;-1;-0,90;
2026-07-30 05:07:00.0;OFF;ON;50;-1,30;-0,80;-0,80;2,70;96,50;109,40;0,60;6;50;-1;-1;
2026-07-30 05:08:00.0;OFF;ON;50;-1,40;-0,80;-0,80;2,70;96,40;109,40;0,70;6;50;-1;-1;
2026-07-30 05:09:00.0;OFF;ON;50;-1,40;-0,80;-0,70;2,70;96,40;109,40;0,70;6;50;-1;-1;
2026-07-30 05:10:00.0;OFF;ON;50;-1,50;-0,70;-0,70;2,70;96,40;109,40;0,70;6;50;-1;-1;
2026-07-30 05:11:00.0;OFF;ON;50;-1,40;-0,70;-0,70;2,70;96,40;109,40;0,70;6;50;-1;-1;
2026-07-30 05:12:00.0;OFF;ON;50;-1,20;-0,70;-0,70;2,70;96,40;109,40;0,50;6;50;-1;-1;
2026-07-30 05:13:00.0;OFF;ON;50;-1,20;-0,70;-0,70;2,60;96,40;109,40;0,50;6;50;-1;-0,90;
2026-07-30 05:14:00.0;OFF;ON;50;-1,30;-0,70;-0,70;2,60;96,40;109,40;0,60;6;50;-1;-0,90;
2026-07-30 05:15:00.0;OFF;ON;50;-1,30;-0,70;-0,70;2,60;96,40;109,40;0,60;6;50;-1;-0,90;
2026-07-30 05:16:00.0;OFF;ON;50;-1,20;-0,70;-0,70;2,60;96,50;109,40;0,50;6;50;-1;-0,90;
2026-07-30 05:17:00.0;OFF;ON;50;-1,40;-0,70;-0,70;2,60;96,50;109,40;0,70;6;50;-1;-0,90;
2026-07-30 05:18:00.0;OFF;ON;50;-1,30;-0,70;-0,70;2,60;96,50;109,40;0,50;6;50;-1;-0,90;
2026-07-30 05:19:00.0;OFF;ON;50;-1,30;-0,70;-0,80;2,60;96,50;109,40;0,50;6;50;-1;-0,90;
2026-07-30 05:20:00.0;OFF;ON;50;-1,20;-0,80;-0,80;2,60;96,50;109,40;0,40;6;50;-1;-0,90;
2026-07-30 05:21:00.0;OFF;ON;50;-1,30;-0,80;-0,80;2,50;96,60;109,40;0,50;6;50;-1;-0,90;
2026-07-30 05:22:00.0;OFF;ON;50;-1,30;-0,80;-0,80;2,50;96,60;109,40;0,60;6;50;-1;-0,90;
2026-07-30 05:23:00.0;OFF;ON;50;-1,30;-0,80;-0,70;2,50;96,70;109,40;0,50;6;50;-1;-0,90;
2026-07-30 05:24:00.0;OFF;ON;50;-1,30;-0,70;-0,70;2,50;96,70;109,40;0,60;6;50;-1;-0,90;
2026-07-30 05:25:00.0;OFF;ON;50;-1,40;-0,70;-0,70;2,50;96,70;109,40;0,70;6;50;-1;-0,90;
2026-07-30 05:26:00.0;OFF;ON;50;-1,40;-0,70;-0,70;2,50;96,50;109,40;0,70;6;50;-1;-0,90;
2026-07-30 05:27:00.0;OFF;ON;50;-1,50;-0,70;-0,80;2,40;96,40;109,40;0,80;6;50;-1;-1;
2026-07-30 05:28:00.0;OFF;ON;50;-1,50;-0,80;-0,70;2,40;96,40;109,40;0,70;6;50;-1;-1;
2026-07-30 05:29:00.0;OFF;ON;50;-1,50;-0,70;-0,70;2,40;96,30;109,40;0,70;6;50;-1;-1;
2026-07-30 05:30:00.0;OFF;ON;50;-1,50;-0,70;-0,80;2,40;96,30;109,40;0,70;6;50;-1,10;-1;
2026-07-30 05:31:00.0;OFF;ON;50;-1,50;-0,80;-0,80;2,40;96,20;109,40;0,70;6;50;-1,10;-1;
2026-07-30 05:32:00.0;OFF;ON;50;-1,60;-0,80;-0,80;2,40;96,20;109,40;0,70;6;50;-1,10;-1;
2026-07-30 05:33:00.0;OFF;ON;50;-1,30;-0,80;-0,80;2,40;96,20;109,40;0,50;6;50;-1,10;-1;
2026-07-30 05:34:00.0;OFF;ON;50;-1,30;-0,80;-0,70;2,30;96,20;109,40;0,60;6;50;-1,10;-1;
2026-07-30 05:35:00.0;OFF;ON;50;-1,30;-0,70;-0,70;2,30;96,30;109,40;0,60;6;50;-1;-1;
2026-07-30 05:36:00.0;OFF;ON;50;-1,30;-0,70;-0,70;2,30;96,40;109,40;0,60;6;50;-1;-1;
2026-07-30 05:37:00.0;OFF;ON;50;-1,30;-0,70;-0,70;2,30;96,80;109,30;0,60;6;50;-1;-0,90;
2026-07-30 05:38:00.0;OFF;ON;50;-1,40;-0,70;-0,60;2,30;97,20;109,30;0,80;6;50;-1;-0,90;
2026-07-30 05:39:00.0;OFF;ON;50;-1,20;-0,60;-0,60;2,30;97,30;109,30;0,50;6;50;-1;-0,90;
2026-07-30 05:40:00.0;OFF;ON;50;-1,20;-0,60;-0,70;2,30;97,30;109,30;0,50;6;50;-1;-0,90;
2026-07-30 05:41:00.0;OFF;ON;50;-1,10;-0,70;-0,70;2,30;97,20;109,30;0,40;6;50;-1;-0,80;
2026-07-30 05:42:00.0;OFF;ON;50;-1,10;-0,70;-0,70;2,30;97,10;109,30;0,40;6;50;-1;-0,80;
2026-07-30 05:43:00.0;OFF;ON;50;-1,10;-0,70;-0,70;2,20;97,20;109,30;0,50;6;50;-1;-0,80;
2026-07-30 05:44:00.0;OFF;ON;50;-1,10;-0,70;-0,60;2,20;97,40;109,30;0,50;6;50;-0,90;-0,80;
2026-07-30 05:45:00.0;OFF;ON;50;-1,30;-0,60;-0,60;2,20;97,40;109,30;0,70;6;50;-0,80;-0,80;
2026-07-30 05:46:00.0;OFF;ON;50;-1,30;-0,60;-0,60;2,20;97,30;109,30;0,70;6;50;-0,80;-0,80;
2026-07-30 05:47:00.0;OFF;ON;50;-1,30;-0,60;-0,60;2,20;97,10;109,30;0,60;6;50;-0,90;-0,90;
2026-07-30 05:48:00.0;OFF;ON;50;-1,40;-0,60;-0,70;2,20;96,90;109,30;0,70;6;50;-0,90;-0,90;
2026-07-30 05:49:00.0;OFF;ON;50;-1,30;-0,70;-0,70;2,20;96,90;109,30;0,60;6;50;-0,90;-0,90;
2026-07-30 05:50:00.0;OFF;ON;50;-1,30;-0,70;-0,70;2,10;96,80;109,30;0,60;6;50;-0,90;-0,90;
2026-07-30 05:51:00.0;OFF;ON;50;-1,40;-0,70;-0,70;2,10;96,70;109,30;0,70;6;50;-0,90;-0,90;
2026-07-30 05:52:00.0;OFF;ON;50;-1,40;-0,70;-0,70;2,10;96,70;109,30;0,80;6;50;-0,90;-0,90;
2026-07-30 05:53:00.0;OFF;ON;50;-1,40;-0,70;-0,70;2,10;96,50;109,30;0,70;6;50;-0,90;-1;
2026-07-30 05:54:00.0;OFF;ON;50;-1,50;-0,70;-0,70;2,10;96,40;109,30;0,80;6;50;-0,90;-1;
2026-07-30 05:55:00.0;OFF;ON;50;-1,40;-0,70;-0,70;2,10;96,40;109,30;0,80;6;50;-0,90;-1;
2026-07-30 05:56:00.0;OFF;ON;50;-1,40;-0,70;-0,60;2,10;96,50;109,30;0,80;6;50;-0,90;-1;
2026-07-30 05:57:00.0;OFF;ON;50;-1,30;-0,60;-0,60;2,10;96,90;109,40;0,70;6;50;-0,90;-1;
2026-07-30 05:58:00.0;OFF;ON;50;-1,10;-0,60;-0,60;2,10;97,20;109,30;0,50;6;50;-0,90;-0,90;
2026-07-30 05:59:00.0;OFF;ON;50;-1,10;-0,60;-0,60;2;97,40;109,30;0,50;6;50;-0,90;-0,90;
2026-07-30 06:00:00.0;OFF;ON;50;-1;-0,60;-0,60;2;97,40;109,30;0,40;6;50;-0,90;-0,80;
2026-07-30 06:01:00.0;OFF;ON;50;-1,10;-0,60;-0,60;2;97,30;109,30;0,50;6;50;-0,80;-0,80;
2026-07-30 06:02:00.0;OFF;ON;50;-1,10;-0,60;-0,60;2;97,20;109,30;0,50;6;50;-0,80;-0,80;
2026-07-30 06:03:00.0;OFF;ON;50;-1,30;-0,60;-0,60;2;97,10;109,30;0,70;6;50;-0,80;-0,80;
2026-07-30 06:04:00.0;OFF;ON;50;-1,10;-0,60;-0,60;2;97;109,30;0,40;6;50;-0,80;-0,90;
2026-07-30 06:05:00.0;OFF;ON;50;-1,20;-0,60;-0,60;1,90;96,90;109,30;0,60;6;50;-0,80;-0,80;
2026-07-30 06:06:00.0;OFF;ON;50;-1,10;-0,60;-0,70;1,90;96,90;109,30;0,50;6;50;-0,80;-0,80;
2026-07-30 06:07:00.0;OFF;ON;50;-1,10;-0,70;-0,60;1,90;96,80;109,30;0,50;6;50;-0,80;-0,80;
2026-07-30 06:08:00.0;OFF;ON;50;-1,20;-0,60;-0,60;1,90;97,10;109,30;0,60;6;50;-0,80;-0,80;
2026-07-30 06:09:00.0;OFF;ON;50;-1,10;-0,60;-0,60;1,90;97,30;109,30;0,60;6;50;-0,80;-0,80;
2026-07-30 06:10:00.0;OFF;ON;50;-1,20;-0,60;-0,60;1,90;97,30;109,30;0,70;6;50;-0,80;-0,80;
2026-07-30 06:11:00.0;OFF;ON;50;-1,30;-0,60;-0,60;1,90;97,20;109,30;0,70;6;50;-0,80;-0,80;
2026-07-30 06:12:00.0;OFF;ON;50;-1,30;-0,60;-0,60;1,90;97,10;109,30;0,70;6;50;-0,80;-0,90;
2026-07-30 06:13:00.0;OFF;ON;50;-1,40;-0,60;-0,60;1,90;97;109,30;0,70;6;50;-0,80;-0,90;
2026-07-30 06:14:00.0;OFF;ON;50;-1,40;-0,60;-0,60;1,80;96,80;109,20;0,70;6;50;-0,90;-0,90;
2026-07-30 06:15:00.0;OFF;ON;50;-1,40;-0,60;-0,60;1,80;96,70;109,20;0,80;6;50;-0,90;-0,90;
2026-07-30 06:16:00.0;OFF;ON;50;-1,40;-0,60;-0,60;1,80;96,70;109,20;0,70;6;50;-0,90;-0,90;
2026-07-30 06:17:00.0;OFF;ON;50;-1,40;-0,60;-0,70;1,80;96,70;109,20;0,70;6;50;-0,90;-0,90;
2026-07-30 06:18:00.0;OFF;ON;50;-1,50;-0,70;-0,70;1,80;96,60;109,20;0,80;6;50;-0,90;-1;
2026-07-30 06:19:00.0;OFF;ON;50;-1,40;-0,70;-0,70;1,80;96,50;109,20;0,70;6;50;-0,90;-1;
2026-07-30 06:20:00.0;OFF;ON;50;-1,50;-0,70;-0,70;1,80;96,40;109,20;0,80;6;50;-0,90;-1;
2026-07-30 06:21:00.0;OFF;ON;50;-1,50;-0,70;-0,70;1,70;96,30;109,20;0,80;6;50;-0,90;-1;
2026-07-30 06:22:00.0;OFF;ON;50;-1,40;-0,70;-0,70;1,70;96,20;109,20;0,70;6;50;-0,90;-1;
2026-07-30 06:23:00.0;OFF;ON;50;-1,50;-0,70;-0,70;1,70;96,20;109,20;0,80;6;50;-0,90;-1;
2026-07-30 06:24:00.0;OFF;ON;50;-1,30;-0,70;-0,70;1,70;96,10;109,20;0,60;6;50;-0,90;-1;
2026-07-30 06:25:00.0;OFF;ON;50;-1,40;-0,70;-0,80;1,70;96,10;109,20;0,60;6;50;-0,90;-1;
2026-07-30 06:26:00.0;OFF;ON;50;-1,30;-0,80;-0,70;1,70;96,20;109,20;0,60;6;50;-0,90;-1;
2026-07-30 06:27:00.0;OFF;ON;50;-1,30;-0,70;-0,70;1,70;96,20;109,20;0,60;6;50;-0,90;-1;
2026-07-30 06:28:00.0;OFF;ON;50;-1,40;-0,70;-0,70;1,70;96,30;109,20;0,70;6;50;-0,90;-1;
2026-07-30 06:29:00.0;OFF;ON;50;-1,30;-0,70;-0,70;1,60;96,40;109,20;0,60;6;50;-0,90;-1;
2026-07-30 06:30:00.0;OFF;ON;50;-1,50;-0,70;-0,70;1,60;96,40;109,20;0,80;6;50;-0,90;-1;
2026-07-30 06:31:00.0;OFF;ON;50;-1,40;-0,70;-0,70;1,60;96,30;109,20;0,70;6;50;-0,90;-1;
2026-07-30 06:32:00.0;OFF;ON;50;-1,30;-0,70;-0,80;1,60;96,40;109,20;0,50;6;50;-0,90;-1;
2026-07-30 06:33:00.0;OFF;ON;50;-1,30;-0,80;-0,80;1,60;96,40;109,20;0,50;6;50;-0,90;-0,90;
2026-07-30 06:34:00.0;OFF;ON;50;-1,30;-0,80;-0,80;1,60;96,40;109,20;0,50;6;50;-0,90;-0,90;
2026-07-30 06:35:00.0;OFF;ON;50;-1,30;-0,80;-0,80;1,60;96,40;109,20;0,50;6;50;-0,90;-0,90;
2026-07-30 06:36:00.0;OFF;ON;50;-1,40;-0,80;-0,80;1,60;96,50;109,20;0,60;6;50;-0,90;-0,90;
2026-07-30 06:37:00.0;OFF;ON;50;-1,50;-0,80;-0,80;1,50;96,40;109,20;0,70;6;50;-0,90;-1;
2026-07-30 06:38:00.0;OFF;ON;50;-1,50;-0,80;-0,80;1,50;96,40;109,20;0,70;6;50;-0,90;-1;
2026-07-30 06:39:00.0;OFF;ON;50;-1,60;-0,80;-0,80;1,50;96,30;109,20;0,80;6;50;-0,90;-1;
2026-07-30 06:40:00.0;OFF;ON;50;-1,40;-0,80;-0,90;1,50;96,20;109,20;0,50;6;50;-1;-1;
2026-07-30 06:41:00.0;OFF;ON;50;-1,30;-0,90;-0,80;1,50;96,20;109,20;0,50;6;50;-1;-1;
2026-07-30 06:42:00.0;OFF;ON;50;-1,30;-0,80;-0,80;1,50;96,30;109,30;0,50;6;50;-0,90;-1;
2026-07-30 06:43:00.0;OFF;ON;50;-1,40;-0,80;-0,70;1,50;96,40;109,20;0,70;6;50;-0,90;-1;
2026-07-30 06:44:00.0;OFF;ON;50;-1,50;-0,70;-0,80;1,50;96,40;109,20;0,70;6;50;-0,90;-1;
2026-07-30 06:45:00.0;OFF;ON;50;-1,50;-0,80;-0,80;1,50;96,50;109,30;0,70;6;50;-0,90;-1;
2026-07-30 06:46:00.0;OFF;ON;50;-1,30;-0,80;-0,80;1,40;96,40;109,20;0,50;6;50;-0,90;-1;
2026-07-30 06:47:00.0;OFF;ON;50;-1,40;-0,80;-0,80;1,40;96,40;109,20;0,60;6;50;-0,90;-1;
2026-07-30 06:48:00.0;OFF;ON;50;-1,40;-0,80;-0,80;1,40;96,40;109,20;0,50;6;50;-0,90;-1;
2026-07-30 06:49:00.0;OFF;ON;50;-1,30;-0,80;-0,80;1,40;96,40;109,20;0,50;6;50;-0,90;-1;
2026-07-30 06:50:00.0;OFF;ON;50;-1,30;-0,80;-0,80;1,40;96,50;109,20;0,50;6;50;-0,90;-0,90;
2026-07-30 06:51:00.0;OFF;ON;50;-1,30;-0,80;-0,70;1,40;96,50;109,20;0,60;6;50;-0,90;-0,90;
2026-07-30 06:52:00.0;OFF;ON;50;-1,50;-0,70;-0,70;1,40;96,50;109,20;0,80;6;50;-0,90;-1;
2026-07-30 06:53:00.0;OFF;ON;50;-1,60;-0,70;-0,70;1,40;96,50;109,20;0,80;6;50;-0,90;-1;
2026-07-30 06:54:00.0;OFF;ON;50;-1,60;-0,70;-0,80;1,40;96,40;109,20;0,80;6;50;-1;-1,10;
2026-07-30 06:55:00.0;OFF;ON;50;-1,60;-0,80;-0,80;1,40;96,30;109,20;0,80;6;50;-1;-1,10;
2026-07-30 06:56:00.0;OFF;ON;50;-1,50;-0,80;-0,90;1,30;96,20;109,20;0,60;6;50;-1;-1,10;
2026-07-30 06:57:00.0;OFF;ON;50;-1,60;-0,90;-0,90;1,30;96,20;109,30;0,70;6;50;-1;-1,10;
2026-07-30 06:58:00.0;OFF;ON;50;-1,50;-0,90;-0,90;1,30;96,10;109,30;0,60;6;50;-1;-1,10;
2026-07-30 06:59:00.0;OFF;ON;50;-1,60;-0,90;-0,90;1,30;96,10;109,30;0,70;6;50;-1;-1,10;
2026-07-30 07:00:00.0;OFF;ON;50;-1,60;-0,90;-0,90;1,30;96,10;109,30;0,70;6;50;-1;-1,10;
2026-07-30 07:01:00.0;OFF;ON;50;-1,60;-0,90;-0,90;1,30;96,10;109,20;0,70;6;50;-1;-1,10;
2026-07-30 07:02:00.0;OFF;ON;50;-1,60;-0,90;-0,90;1,30;96;109,20;0,70;6;50;-1;-1,10;
2026-07-30 07:03:00.0;OFF;ON;50;-1,60;-0,90;-0,90;1,30;96;109,20;0,70;6;50;-1;-1,10;
2026-07-30 07:04:00.0;OFF;ON;50;-1,40;-0,90;-0,90;1,20;96,10;109,20;0,50;6;50;-1;-1,10;
2026-07-30 07:05:00.0;OFF;ON;50;-1,40;-0,90;-0,90;1,20;96,50;109,40;0,60;6;50;-1;-1,10;
2026-07-30 07:06:00.0;OFF;ON;50;-1,30;-0,90;-0,80;1,20;96,80;109,40;0,60;6;50;-1;-1;
2026-07-30 07:07:00.0;OFF;ON;50;-1,20;-0,80;-0,70;1,20;97,20;109,60;0,50;6;50;-1;-1;
2026-07-30 07:08:00.0;OFF;ON;50;-1,20;-0,70;-0,70;1,20;97,50;109,40;0,50;6;50;-0,90;-0,90;
2026-07-30 07:09:00.0;OFF;ON;50;-1,20;-0,70;-0,70;1,20;97,50;109,40;0,60;6;50;-0,90;-0,90;
2026-07-30 07:10:00.0;OFF;ON;50;-1,20;-0,60;-0,60;1,20;97,70;109,40;0,60;6;50;-0,90;-0,90;
2026-07-30 07:11:00.0;OFF;ON;50;-1,10;-0,60;-0,60;1,20;97,70;109,40;0,50;6;50;-0,90;-0,90;
2026-07-30 07:12:00.0;OFF;ON;50;-1,10;-0,60;-0,60;1,20;97,60;109,40;0,50;6;50;-0,90;-0,80;
2026-07-30 07:13:00.0;OFF;ON;50;-1,10;-0,60;-0,60;1,20;97,40;109,40;0,50;6;50;-0,80;-0,80;
2026-07-30 07:14:00.0;OFF;ON;50;-1,10;-0,60;-0,60;1,20;97,40;109,40;0,50;6;50;-0,80;-0,80;
2026-07-30 07:15:00.0;OFF;ON;50;-1,20;-0,70;-0,70;1,10;97,20;109,30;0,50;6;50;-0,80;-0,80;
2026-07-30 07:16:00.0;OFF;ON;50;-1,20;-0,70;-0,70;1,10;97,20;109,30;0,60;6;50;-0,80;-0,80;
2026-07-30 07:17:00.0;OFF;ON;50;-1,40;-0,70;-0,70;1,10;97;109,40;0,70;6;50;-0,90;-0,80;
2026-07-30 07:18:00.0;OFF;ON;50;-1,30;-0,70;-0,70;1,10;97;109,30;0,60;6;50;-0,90;-0,90;
2026-07-30 07:19:00.0;OFF;ON;50;-1,30;-0,70;-0,70;1,10;97,10;109,30;0,60;6;50;-0,90;-0,90;
2026-07-30 07:20:00.0;OFF;ON;50;-1,30;-0,70;-0,70;1,10;97;109,30;0,60;6;50;-0,90;-0,90;
2026-07-30 07:21:00.0;OFF;ON;50;-1,40;-0,80;-0,80;1,10;96,90;109,30;0,60;6;50;-0,90;-0,90;
2026-07-30 07:22:00.0;OFF;ON;50;-1,40;-0,80;-0,80;1,10;96,80;109,30;0,60;6;50;-0,90;-0,90;
2026-07-30 07:23:00.0;OFF;ON;50;-1,40;-0,80;-0,80;1,10;96,70;109,30;0,60;6;50;-0,90;-0,90;
2026-07-30 07:24:00.0;OFF;ON;50;-1,40;-0,70;-0,70;1,10;96,90;109,40;0,70;6;50;-0,90;-1;
2026-07-30 07:25:00.0;OFF;ON;50;-1,40;-0,70;-0,70;1;97,10;109,20;0,70;6;50;-1;-1;
2026-07-30 07:26:00.0;OFF;ON;50;-1,30;-0,70;-0,70;1;97,30;109,60;0,60;6;50;-1;-1;
2026-07-30 07:27:00.0;OFF;ON;50;-1,20;-0,70;-0,70;1;97,40;109,60;0,60;6;50;-1;-0,90;
2026-07-30 07:28:00.0;OFF;ON;50;-1,30;-0,70;-0,70;1;97,50;109,60;0,70;6;50;-1;-0,90;
2026-07-30 07:29:00.0;OFF;ON;50;-1,30;-0,60;-0,60;1;97,70;109,50;0,70;6;50;-1;-0,90;
2026-07-30 07:30:00.0;OFF;ON;50;-1,20;-0,60;-0,60;1;97,80;109,60;0,60;6;50;-1;-0,90;
2026-07-30 07:31:00.0;OFF;ON;50;-1,20;-0,60;-0,60;1;97,90;109,60;0,60;6;50;-1;-0,90;
2026-07-30 07:32:00.0;OFF;ON;50;-1,20;-0,60;-0,60;1;98;109,50;0,50;6;50;-1;-0,90;
2026-07-30 07:33:00.0;OFF;ON;50;-1,10;-0,60;-0,60;1;98;109,50;0,50;6;50;-1;-0,80;
2026-07-30 07:34:00.0;OFF;ON;50;-1,20;-0,60;-0,60;1;98;109,50;0,60;6;50;-0,90;-0,80;
2026-07-30 07:35:00.0;OFF;ON;50;-1,10;-0,60;-0,60;1;98;109,40;0,50;6;50;-0,90;-0,80;
2026-07-30 07:36:00.0;OFF;ON;50;-1,20;-0,60;-0,60;1;98;109,40;0,60;6;50;-0,90;-0,80;
2026-07-30 07:37:00.0;OFF;ON;50;-1,20;-0,60;-0,60;0,90;97,80;109,40;0,60;6;50;-0,90;-0,80;
2026-07-30 07:38:00.0;OFF;ON;50;-1,20;-0,60;-0,60;0,90;97,70;109,40;0,60;6;50;-0,90;-0,80;
2026-07-30 07:39:00.0;OFF;ON;50;-1,20;-0,60;-0,60;0,90;97,40;109,40;0,60;6;50;-0,90;-0,80;
2026-07-30 07:40:00.0;OFF;ON;50;-1,30;-0,70;-0,70;0,90;97,20;109,40;0,60;6;50;-0,90;-0,80;
2026-07-30 07:41:00.0;OFF;ON;50;-1,20;-0,70;-0,70;0,90;97;109,40;0,50;6;50;-1;-0,80;
2026-07-30 07:42:00.0;OFF;ON;50;-1,40;-0,70;-0,70;0,90;96,80;109,40;0,60;6;50;-1;-0,90;
2026-07-30 07:43:00.0;OFF;ON;50;-1,40;-0,70;-0,70;0,90;96,70;109,40;0,60;6;50;-1;-0,90;
2026-07-30 07:44:00.0;OFF;ON;50;-1,30;-0,80;-0,80;0,80;96,40;109,40;0,60;6;50;-1;-0,90;
2026-07-30 07:45:00.0;OFF;ON;50;-1,40;-0,80;-0,80;0,80;96,40;109,40;0,60;6;50;-1;-0,90;
2026-07-30 07:46:00.0;OFF;ON;50;-1,20;-0,80;-0,80;0,80;96,40;109,80;0,40;6;50;-1;-1;
2026-07-30 07:47:00.0;OFF;ON;50;-1,20;-0,70;-0,70;-2;96,90;4,50;0,50;6;50;-1;-0,90;
2026-07-30 07:48:00.0;OFF;ON;50;-1,10;-0,60;-0,60;-2,70;97,20;0;0,50;6;50;-1;-0,90;
2026-07-30 07:49:00.0;OFF;ON;50;-1;-0,60;-0,60;-3,10;97,30;0;0,40;6;50;-1;-0,80;
2026-07-30 07:50:00.0;OFF;ON;50;-1,10;-0,60;-0,60;-3,50;97,30;0;0,50;6;50;-1;-0,80;
2026-07-30 07:51:00.0;OFF;ON;50;-1,20;-0,60;-0,60;-3,60;97,20;0;0,60;6;50;-0,90;-0,80;
2026-07-30 07:52:00.0;OFF;ON;50;-1,30;-0,70;-0,70;-3,80;96,90;0;0,60;6;50;-0,90;-0,80;
2026-07-30 07:53:00.0;OFF;ON;50;-1,30;-0,70;-0,70;-3,80;96,90;0;0,60;6;50;-1;-0,90;
2026-07-30 07:54:00.0;OFF;ON;50;-1,30;-0,50;-0,70;-3,90;96,70;0;0,60;6;50;-1;-0,90;
2026-07-30 07:55:00.0;OFF;ON;50;-1,30;-0,60;-0,80;-4;96,50;0;0,50;5,80;50;-1;-0,90;
2026-07-30 07:56:00.0;OFF;ON;50;-1,20;-0,60;-0,80;-4;96,30;0;0,40;5,80;50;-1;-0,90;
2026-07-30 07:57:00.0;OFF;ON;50;-1;-0,60;-0,80;-4,10;96,20;0;0,20;5,80;50;-1;-0,90;
2026-07-30 07:58:00.0;OFF;ON;50;-0,80;-0,60;-0,80;-4,10;96,20;0;0;5,80;50;-1;-0,80;
2026-07-30 07:59:00.0;OFF;ON;50;-0,60;-0,60;-0,80;-4;96,40;0;-0,20;5,80;50;-0,90;-0,70;
2026-07-30 08:00:00.0;OFF;ON;50;-0,50;-0,50;-0,70;-3,90;96,60;0;-0,20;5,80;50;-0,90;-0,60;
2026-07-30 08:01:00.0;OFF;ON;50;-0,40;-0,40;-0,60;-3,90;96,80;0;-0,20;5,80;50,30;-0,80;-0,50;
2026-07-30 08:02:00.0;OFF;ON;50;-0,40;-0,40;-0,60;-3,70;97;0;-0,20;5,80;50,30;-0,70;-0,40;
2026-07-30 08:03:00.0;OFF;ON;50;-0,10;-0,30;-0,50;-3,70;97,20;0;-0,30;5,80;50,70;-0,60;-0,30;
2026-07-30 08:04:00.0;OFF;ON;50;-0,10;-0,40;-0,40;-3,60;97,50;0;-0,30;5,80;51,70;-0,60;-0,20;
2026-07-30 08:05:00.0;OFF;ON;50;0,10;-0,30;-0,30;-3,50;97,70;0;-0,40;6;52,20;-0,50;-0,10;
2026-07-30 08:06:00.0;OFF;ON;50;0,20;-0,30;-0,30;-3,40;97,80;0;-0,50;6;53,50;-0,50;0;
2026-07-30 08:07:00.0;OFF;ON;50;0,20;-0,30;-0,30;-3,30;98;0;-0,50;6;54;-0,40;0,10;
2026-07-30 08:08:00.0;OFF;ON;50;0,40;-0,20;-0,20;-3,30;98,10;0;-0,60;6;55;-0,40;0,20;
2026-07-30 08:09:00.0;OFF;ON;50;0,50;-0,20;-0,20;-3,20;98,20;0;-0,70;6;56,10;-0,40;0,20;
2026-07-30 08:10:00.0;OFF;ON;50;0,50;-0,20;-0,20;-3,20;98,30;0;-0,70;6;57,10;-0,40;0,30;
2026-07-30 08:11:00.0;OFF;ON;50;0,40;-0,20;-0,20;-3,10;98,30;0;-0,60;6;57,40;-0,30;0,30;
2026-07-30 08:12:00.0;OFF;ON;50;0,50;-0,20;-0,20;-3,10;98,30;0;-0,70;6;58,40;-0,30;0,30;
2026-07-30 08:13:00.0;OFF;ON;50;0,50;-0,20;-0,20;-3,10;98,30;0;-0,60;6;59,10;-0,30;0,30;
2026-07-30 08:14:00.0;OFF;ON;50;0,40;-0,20;-0,20;-3,10;98,30;0;-0,60;6;59,90;-0,30;0,30;
2026-07-30 08:15:00.0;OFF;ON;50;0,40;-0,20;-0,20;-3,10;98,30;0;-0,60;6;60,70;-0,30;0,30;
2026-07-30 08:16:00.0;OFF;ON;50;0,60;-0,20;-0,20;-3;98,30;0;-0,80;6;62,10;-0,30;0,30;
2026-07-30 08:17:00.0;OFF;ON;50;0,50;-0,20;-0,20;-3;98,30;0;-0,60;6;62,40;-0,30;0,30;
2026-07-30 08:18:00.0;OFF;ON;50;0,50;-0,10;-0,10;-2,90;98,30;0;-0,60;6;63,10;-0,30;0,30;
2026-07-30 08:19:00.0;OFF;ON;50;0,50;-0,10;-0,10;-2,80;98,30;0;-0,60;6;63,90;-0,30;0,30;
2026-07-30 08:20:00.0;OFF;ON;50;0,70;-0,10;-0,10;-2,70;98,30;0;-0,80;6;65,50;-0,30;0,30;
2026-07-30 08:21:00.0;OFF;ON;50;0,60;-0,10;-0,10;-2,70;98,30;0;-0,70;6;65,80;-0,30;0,30;
2026-07-30 08:22:00.0;OFF;ON;50;0,60;-0,10;-0,10;-2,60;98,30;0;-0,70;6;66,90;-0,30;0,30;
2026-07-30 08:23:00.0;OFF;ON;50;0,60;-0,10;-0,10;-2,60;98,30;0;-0,70;6;67,90;-0,30;0,30;
2026-07-30 08:24:00.0;OFF;ON;50;0,60;-0,10;-0,10;-2,60;98,30;0;-0,70;6;68,80;-0,30;0,30;
2026-07-30 08:25:00.0;OFF;ON;50;0,60;-0,10;-0,10;-2,60;98,30;0;-0,70;6;69,40;-0,30;0,30;
2026-07-30 08:26:00.0;OFF;ON;50;0,70;-0,10;-0,10;-2,60;98,30;0;-0,80;6;70,90;-0,20;0,30;
2026-07-30 08:27:00.0;OFF;ON;50;0,80;-0,10;-0,10;-2,60;98,30;0;-0,80;6;72,10;-0,20;0,30;
2026-07-30 08:28:00.0;OFF;ON;50;0,80;-0,10;-0,10;-2,70;98,30;0;-0,80;6;73,10;-0,20;0,30;
2026-07-30 08:29:00.0;OFF;ON;50;0,80;-0,10;-0,10;-2,70;98,30;4,60;-0,90;6;74,40;-0,20;0,30;
2026-07-30 08:30:00.0;OFF;ON;50;0,80;0;0;-2,60;98,30;0,30;-0,90;6;75,30;-0,20;0,30;
2026-07-30 08:31:00.0;OFF;ON;50;0,80;0;0;-2,60;98,30;0,10;-0,90;6;76;-0,20;0,30;
2026-07-30 08:32:00.0;OFF;ON;50;0,70;0;0;-2,70;98,30;0;-0,80;6;76,60;-0,20;0,30;
2026-07-30 08:33:00.0;OFF;ON;50;0,70;0;0;-2,60;98,30;0;-0,70;6;77,40;-0,20;0,30;
2026-07-30 08:34:00.0;OFF;ON;50;0,80;0;0;-2,70;98,30;0;-0,80;6;78,90;-0,20;0,30;
2026-07-30 08:35:00.0;OFF;ON;50;0,80;0;0;-2,70;98,30;0;-0,90;6;80,30;-0,20;0,30;
2026-07-30 08:36:00.0;OFF;ON;50;0,90;-2;0;-2,60;98,40;0;-0,90;6;90,80;-0,20;0,30;
2026-07-30 08:37:00.0;OFF;ON;50;0,90;-2;0;-2,60;98,30;0;-0,80;2;93,60;-0,10;0,30;
2026-07-30 08:38:00.0;OFF;ON;50;0,90;-1,90;0,10;-2,50;98,30;0;-0,80;2;97,30;0;0,30;
2026-07-30 08:39:00.0;OFF;ON;50;0,90;-1,90;0,10;-2,50;98,40;0;-0,80;2;99,70;0,10;0,30;
2026-07-30 08:40:00.0;ON;OFF;50;1;-1,80;0,20;-2,40;98,40;0;-0,80;2;100;0,10;0,30;
2026-07-30 08:41:00.0;ON;OFF;50;1,10;-1,60;0,40;-2,30;98,40;0;-0,70;2;100;0,80;0,40;
2026-07-30 08:42:00.0;ON;OFF;50;1,10;-1,60;0,40;-2,20;98,40;0;-0,70;2;100;0,60;0,40;
2026-07-30 08:43:00.0;ON;OFF;50;1,10;-1,50;0,50;-1,20;98,40;0;-0,70;2;100;0,50;0,30;
2026-07-30 08:44:00.0;ON;OFF;50;1,10;-1,50;0,50;-1,30;98,40;0;-0,60;2;99,70;0,50;0,30;
2026-07-30 08:45:00.0;ON;OFF;50;1,20;-1,40;0,60;1,70;98,40;0;-0,60;2;100;0,70;0,40;
2026-07-30 08:46:00.0;ON;OFF;50;1,30;-1,50;0,50;-0,60;98,40;0;-0,80;2;100;0,50;0,40;
2026-07-30 08:47:00.0;ON;OFF;50;1,30;-1,60;0,40;-1,20;98,40;0;-0,90;2;100;0,50;0,40;
2026-07-30 08:48:00.0;ON;OFF;50;1,30;-1,50;0,50;-1,50;98,40;0;-0,80;2;99,70;0,60;0,40;
2026-07-30 08:49:00.0;ON;OFF;50;1,30;-1,50;0,50;-1,70;98,40;0;-0,90;2;99,60;0,60;0,40;
2026-07-30 08:50:00.0;ON;OFF;50;1,40;-1,40;0,60;-1,90;98,40;0;-0,80;2;99,70;0,90;0,40;
2026-07-30 08:51:00.0;ON;OFF;50;1,50;-1,40;0,60;-1,90;98,40;0;-0,90;2;100;0,90;0,40;
2026-07-30 08:52:00.0;ON;OFF;50;1,60;-1,40;0,60;-1,80;98,40;0;-0,90;2;100;0,90;0,40;
2026-07-30 08:53:00.0;ON;OFF;50;1,60;-1,40;0,60;-1,60;98,40;0;-0,90;2;100;0,90;0,40;
2026-07-30 08:54:00.0;ON;OFF;50;1,60;-1,30;0,70;-1,40;98,40;0;-0,90;2;99,80;1,10;0,40;
2026-07-30 08:55:00.0;ON;OFF;50;1,70;-1,30;0,70;-1,40;98,40;0;-0,90;2;100;1,10;0,40;
2026-07-30 08:56:00.0;ON;OFF;50;1,70;-1,20;0,80;-1,30;98,40;1,60;-0,90;2;100;1,30;0,50;
2026-07-30 08:57:00.0;ON;OFF;50;1,50;-1;1;-1,30;98,40;0;-0,50;2;100;1,30;0,50;
2026-07-30 08:58:00.0;ON;OFF;50;1,20;-1;1;-1,20;98,40;0;-0,20;2;99,70;1,30;0,50;
2026-07-30 08:59:00.0;ON;OFF;50;0,80;-0,90;1,10;-1,10;98,40;0;0,30;2;100;1,30;0,50;
2026-07-30 09:00:00.0;ON;OFF;50;0,30;-0,80;1,20;-1;98,40;0;0,90;2;99,30;1,50;0,50;
2026-07-30 09:01:00.0;ON;OFF;50;0,10;-0,80;1,20;-0,80;98,40;0;1,20;2;99,60;1,40;0,50;
2026-07-30 09:02:00.0;ON;OFF;50;0,10;-0,80;1,20;-0,70;98,40;0;1,10;2;100;1,20;0,40;
2026-07-30 09:03:00.0;ON;OFF;50;-0,10;-0,80;1,20;-0,70;98,40;0;1,30;2;100;1,20;0,40;
2026-07-30 09:04:00.0;ON;OFF;50;-0,30;-0,80;1,20;-0,80;98,40;0;1,50;2;99,70;1,20;0,40;
2026-07-30 09:05:00.0;ON;OFF;50;-0,50;-0,70;1,30;-0,80;98,40;0;1,80;2;99,20;1,20;0,40;
2026-07-30 09:06:00.0;ON;OFF;50;-0,50;-0,70;1,30;-0,70;98,40;0;1,80;2;99,50;1,20;0,40;
2026-07-30 09:07:00.0;ON;OFF;50;-0,60;-0,70;1,30;38,50;98,40;106,50;1,90;2;99,30;1,20;0,30;
2026-07-30 09:08:00.0;ON;OFF;50;-1,10;-0,70;1,30;39,90;98,40;106,40;2,40;2;97,10;1,20;0,30;
2026-07-30 09:09:00.0;ON;OFF;50;-1,10;-0,60;1,40;40,60;98,40;106,40;2,50;2;96,10;1,30;0,30;
2026-07-30 09:10:00.0;ON;OFF;50;-1,20;-0,50;1,50;40,90;98,40;106,50;2,70;2;94,60;1,30;0,30;
2026-07-30 09:11:00.0;ON;OFF;50;-1,30;-0,50;1,50;41,10;98,40;106,50;2,80;2;93,10;1,40;0,30;
2026-07-30 09:12:00.0;ON;OFF;50;-1,30;-0,50;1,50;41,20;98,40;106,50;2,80;2;92,40;1,50;0,30;
2026-07-30 09:13:00.0;ON;OFF;50;-1,40;-0,60;1,40;41,20;98,40;106,50;2,90;2;91,30;1,40;0,30;
2026-07-30 09:14:00.0;ON;OFF;50;-1,40;-0,50;1,50;41,30;98,40;106,50;2,90;2;90,30;1,30;0,20;
2026-07-30 09:15:00.0;ON;OFF;50;-1,60;-0,50;1,50;41,30;98,40;106,50;3,10;2;87,60;1,40;0,20;
2026-07-30 09:16:00.0;ON;OFF;50;-1,70;-0,50;1,50;41,30;98,40;106,50;3,20;2;86,20;1,40;0,20;
2026-07-30 09:17:00.0;ON;OFF;50;-1,70;-0,50;1,50;41,20;98,40;106,50;3,20;2;84,80;1,30;0,10;
2026-07-30 09:18:00.0;ON;OFF;50;-2;-0,50;1,50;41,20;98,40;106,50;3,50;2;82,30;1,30;0,10;
2026-07-30 09:19:00.0;ON;OFF;50;-2,10;-0,50;1,50;41,20;98,40;106,50;3,60;2;80,20;1,30;0,10;
2026-07-30 09:20:00.0;ON;OFF;50;-2;-0,60;1,40;41,10;98,40;106,50;3,50;2;78,30;1,20;0;
2026-07-30 09:21:00.0;ON;OFF;50;-2,10;-0,60;1,40;41;98,40;106,50;3,50;2;76,40;1,10;-0,10;
2026-07-30 09:22:00.0;ON;OFF;50;-2,20;-0,60;1,40;41;98,40;106,50;3,50;2;75,10;1,10;-0,20;
2026-07-30 09:23:00.0;ON;OFF;50;-2,30;-0,60;1,40;40,90;98,40;106,50;3,70;2;72,10;1;-0,20;
2026-07-30 09:24:00.0;ON;OFF;50;-2,60;-0,50;1,50;40,70;98,40;106,40;4,10;2;68,30;1;-0,30;
2026-07-30 09:25:00.0;ON;OFF;50;-2,80;-0,50;1,50;40,60;98,40;106,40;4,40;2;64,40;1;-0,20;
2026-07-30 09:26:00.0;ON;OFF;50;-1,80;-0,40;1,60;40,50;98,40;106,40;3,40;2;65,70;1;-0,30;
2026-07-30 09:27:00.0;ON;OFF;50;-1,50;-0,30;1,70;40,40;98,40;106,40;3,30;2;64,90;1,10;-0,10;
2026-07-30 09:28:00.0;ON;OFF;50;-1,40;-0,30;1,70;40,30;98,40;106,40;3,10;2;64,30;1,10;-0,10;
2026-07-30 09:29:00.0;ON;OFF;50;-1,40;-0,20;1,80;40,10;98,40;106,40;3,20;2;62,30;1,30;0;
2026-07-30 09:30:00.0;ON;OFF;50;-1,30;-0,10;1,90;40;98,40;106,40;3,20;2;61,40;1,40;0,10;
2026-07-30 09:31:00.0;ON;OFF;50;-0,70;0,10;2,10;39,90;98,40;106,40;2,80;2;61,50;1,60;0,10;
2026-07-30 09:32:00.0;ON;OFF;50;-0,70;0,20;2,20;39,80;98,40;106,30;3;2;59,90;1,80;0,20;
2026-07-30 09:33:00.0;ON;OFF;50;-0,70;0,40;2,40;39,60;98,40;106,30;3,20;2;57,60;2;0,20;
2026-07-30 09:34:00.0;ON;OFF;50;-0,70;0,50;2,50;39,50;98,40;106,30;3,20;2;56,40;2;0,30;
2026-07-30 09:35:00.0;ON;OFF;50;-0,30;0,60;2,60;39,30;98,40;106,20;2,90;2;55,90;2,10;0,40;
2026-07-30 09:36:00.0;ON;OFF;50;-0,20;0,70;2,70;39,20;98,40;106,20;2,90;2;54,80;2,10;0,50;
2026-07-30 09:37:00.0;ON;OFF;50;0,10;0,80;2,80;39;98,40;106,20;2,60;2;54,70;2,10;0,50;
2026-07-30 09:38:00.0;ON;OFF;50;0,30;0,90;2,90;38,90;98,40;106,20;2,60;2;54,10;2,20;0,60;
2026-07-30 09:39:00.0;ON;OFF;50;0,10;1;3;38,80;98,40;106,20;2,90;2;52,30;2,20;0,60;
2026-07-30 09:40:00.0;ON;OFF;50;0,40;1,20;3,20;38,60;98,40;106,20;2,70;2;51,60;2,30;0,70;
2026-07-30 09:41:00.0;ON;OFF;50;0,60;1,30;3,30;38,40;98,40;106,20;2,70;2;51,10;2,40;0,80;
2026-07-30 09:42:00.0;ON;OFF;50;1,10;1,40;3,40;38,30;98,40;106,20;2,30;2;52,20;2,60;0,90;
2026-07-30 09:43:00.0;ON;OFF;50;1,60;1,60;3,60;38,10;98,40;106,20;2;2;52,80;2,80;1,10;
2026-07-30 09:44:00.0;ON;OFF;50;1,70;1,70;3,70;37,90;98,40;106,10;2;2;53,30;2,80;1,30;
2026-07-30 09:45:00.0;ON;OFF;50;1,70;1,70;3,70;37,80;98,40;106,10;2;2;53,40;2,90;1,40;
2026-07-30 09:46:00.0;ON;OFF;50;1,70;1,70;3,70;37,60;98,40;106,10;2;2;53,40;2,90;1,50;
2026-07-30 09:47:00.0;ON;OFF;50;1,70;1,70;3,70;37,40;98,40;106,10;2;2;53,60;2,90;1,50;
2026-07-30 09:48:00.0;ON;OFF;50;1,40;1,80;3,80;37,20;98,40;106,10;2,40;2;51,30;2,90;1,70;
2026-07-30 09:49:00.0;ON;OFF;50;1,30;1,80;3,80;37,10;98,40;106,10;2,60;2;50;2,90;1,80;
2026-07-30 09:50:00.0;ON;OFF;50;1,20;1,90;3,90;36,90;98,40;106,10;2,70;2;50;3;1,90;
2026-07-30 09:51:00.0;ON;OFF;50;1,20;1,80;3,80;36,80;98,40;106;2,70;2;50;3;1,90;
2026-07-30 09:52:00.0;ON;OFF;50;1,30;1,90;3,90;36,60;98,40;106;2,60;2;50;3;2,10;
2026-07-30 09:53:00.0;ON;OFF;50;1,40;1,90;3,90;36,30;98,40;106;2,60;2;50;3,10;2,20;
2026-07-30 09:54:00.0;ON;OFF;50;1,40;1,90;3,90;36,20;98,40;106;2,50;2;50;3,10;2,30;
2026-07-30 09:55:00.0;ON;OFF;50;1,50;2;4;36;98,40;106;2,50;2;50;3,20;2,40;
2026-07-30 09:56:00.0;ON;OFF;50;1,50;2,10;4,10;35,80;98,40;106;2,60;2;50;3,20;2,50;
2026-07-30 09:57:00.0;ON;OFF;50;1,80;2,20;4,20;35,60;98,40;105,90;2,30;2;50;3,30;2,50;
2026-07-30 09:58:00.0;ON;OFF;50;2;2,20;4,20;35,40;98,40;105,90;2,20;2;50;3,30;2,70;
2026-07-30 09:59:00.0;ON;OFF;50;1,90;2,20;4,20;35,20;98,40;105,90;2,30;2;50;3,40;2,80;
2026-07-30 10:00:00.0;ON;OFF;50;1,90;2,30;4,30;35;98,40;105,90;2,40;2;50;3,50;2,80;
2026-07-30 10:01:00.0;ON;OFF;50;1,80;2,30;4,30;34,90;98,50;105,90;2,50;2;50;3,50;2,80;
2026-07-30 10:02:00.0;ON;OFF;50;1,70;2,30;4,30;34,80;98,50;105,90;2,60;2;50;3,50;2,80;
2026-07-30 10:03:00.0;ON;OFF;50;1,90;2,30;4,30;34,60;98,50;105,80;2,40;2;50;3,40;2,70;
2026-07-30 10:04:00.0;ON;OFF;50;1,90;2,40;4,40;34,40;98,50;105,80;2,40;2;50;3,70;2,80;
2026-07-30 10:05:00.0;ON;OFF;50;2,10;2,60;4,60;34,20;98,50;105,80;2,50;2;50;4;3,10;
2026-07-30 10:06:00.0;ON;OFF;50;2,30;2,70;4,70;34,10;98,50;105,80;2,40;2;50;4,10;3,20;
2026-07-30 10:07:00.0;ON;OFF;50;2,10;2,80;4,80;33,90;98,50;105,80;2,60;2;50;4,10;3,20;
2026-07-30 10:08:00.0;ON;OFF;50;2,30;2,80;4,80;33,70;98,50;105,80;2,50;2;50;4,10;3,20;
2026-07-30 10:09:00.0;ON;OFF;50;2,20;2,90;4,90;33,60;98,50;105,80;2,70;2;50;4,20;3,30;
2026-07-30 10:10:00.0;ON;OFF;50;2,20;3;5;33,40;98,50;105,70;2,80;2;50;4,50;3,40;
2026-07-30 10:11:00.0;ON;OFF;50;2,30;3,10;5,10;33,30;98,50;105,70;2,90;2;50;4,60;3,40;
2026-07-30 10:12:00.0;ON;OFF;50;2,40;3,20;5,20;33,10;98,50;105,70;2,70;2;50;4,50;3,40;
2026-07-30 10:13:00.0;ON;OFF;50;2,40;3,20;5,20;33;98,50;105,70;2,80;2;50;4,50;3,50;
2026-07-30 10:14:00.0;ON;OFF;50;2,50;3,30;5,30;32,80;98,50;105,70;2,80;2;50;4,60;3,60;
2026-07-30 10:15:00.0;ON;OFF;50;2,40;3,40;5,40;32,70;98,50;105,60;3;2;50;4,70;3,60;
2026-07-30 10:16:00.0;ON;OFF;50;2,90;3,50;5,50;32,50;98,50;105,60;2,60;2;50;4,70;3,80;
2026-07-30 10:17:00.0;ON;OFF;50;2,90;3,70;5,70;32,30;98,50;105,60;2,80;2;50;5;4;
2026-07-30 10:18:00.0;ON;OFF;50;3,10;3,80;5,80;32,20;98,50;105,60;2,70;2;50;5,10;4,10;
2026-07-30 10:19:00.0;ON;OFF;50;3,10;4,10;6,10;32;98,50;105,60;3;2;50;5,60;4,30;
2026-07-30 10:20:00.0;ON;OFF;50;2,90;4,30;6,30;31,80;98,50;105,60;3,40;2;50;5,70;4,30;
2026-07-30 10:21:00.0;ON;OFF;50;3;4,40;6,40;31,70;98,50;105,60;3,30;2;50;5,80;4,30;
2026-07-30 10:22:00.0;ON;OFF;50;3,30;4,70;6,70;31,50;98,50;105,60;3,40;2;50;6,10;4,50;
2026-07-30 10:23:00.0;ON;OFF;50;3,40;4,80;6,80;31,30;98,50;105,60;3,50;2;50;6,20;4,70;
2026-07-30 10:24:00.0;ON;OFF;50;3,40;4,90;6,90;31,30;98,50;105,60;3,60;2;50;6,40;4,70;
2026-07-30 10:25:00.0;ON;OFF;50;3,40;5,20;7,20;31;98,50;105,60;3,80;2;50;6,50;4,80;
2026-07-30 10:26:00.0;ON;OFF;50;3,80;5,40;7,40;30,90;98,50;105,60;3,60;2;50;6,70;5;
2026-07-30 10:27:00.0;ON;OFF;50;3,70;5,50;7,50;30,80;98,50;105,60;3,80;2;50;6,80;5,10;
2026-07-30 10:28:00.0;ON;OFF;50;3,80;5,60;7,60;30,60;98,50;105,60;3,80;2;50;6,80;5,10;
2026-07-30 10:29:00.0;ON;OFF;50;3,80;5,70;7,70;30,50;98,50;105,60;3,90;2;50;6,90;5,20;
2026-07-30 10:30:00.0;ON;OFF;50;4;5,90;7,90;30,30;98,50;105,60;3,90;2;50;7,20;5,60;
2026-07-30 10:31:00.0;ON;OFF;50;4,20;6,20;8,20;30,10;98,50;105,60;4;2;50;7,40;5,70;
2026-07-30 10:32:00.0;ON;OFF;50;4,10;6,30;8,30;30;98,50;105,60;4,20;2;50;7,60;5,80;
2026-07-30 10:33:00.0;ON;OFF;50;4,40;6,40;8,40;29,80;98,50;105,50;4;2;50;7,60;5,90;
2026-07-30 10:34:00.0;ON;OFF;50;4,50;6,60;8,60;29,70;98,50;105,50;4,10;2;50;7,90;6,10;
2026-07-30 10:35:00.0;ON;OFF;50;4,60;6,70;8,70;29,50;98,50;105,50;4,20;2;50;8;6,20;
2026-07-30 10:36:00.0;ON;OFF;50;4,70;6,80;8,80;29,50;98,50;105,50;4,10;2;50;8,10;6,30;
2026-07-30 10:37:00.0;ON;OFF;50;4,90;7;9;29,30;98,50;105,50;4,10;2;50;8,40;6,70;
2026-07-30 10:38:00.0;ON;OFF;50;4,90;7;9;29,20;98,50;105,50;4,10;2;50;8,50;6,70;
2026-07-30 10:39:00.0;ON;OFF;50;4,90;7,10;9,10;29,10;98,50;105,50;4,20;2;50;8,60;6,70;
2026-07-30 10:40:00.0;ON;OFF;50;5,20;7,30;9,30;28,90;98,50;105,50;4,10;2;50;8,70;7;
2026-07-30 10:41:00.0;ON;OFF;50;5,10;7,40;9,40;28,80;98,50;105,50;4,30;2;50;8,90;7,10;
2026-07-30 10:42:00.0;ON;OFF;50;5,20;7,50;9,50;28,70;98,50;105,50;4,30;2;50;9;7,10;
2026-07-30 10:43:00.0;ON;OFF;50;5,50;7,60;9,60;28,50;98,50;105,50;4,10;2;50;9,20;7,30;
2026-07-30 10:44:00.0;ON;OFF;50;5,50;7,70;9,70;28,40;98,60;105,50;4,20;2;50;9,30;7,50;
2026-07-30 10:45:00.0;ON;OFF;50;5,50;7,80;9,80;28,30;98,50;105,40;4,30;2;50;9,40;7,60;
2026-07-30 10:46:00.0;ON;OFF;50;5,50;7,90;9,90;28,20;98,60;105,40;4,40;2;50;9,60;7,70;
2026-07-30 10:47:00.0;ON;OFF;50;5,70;8;10;28,10;98,60;105,40;4,30;2;50;9,70;7,80;
2026-07-30 10:48:00.0;ON;OFF;50;5,60;8,10;10,10;27,90;98,60;105,40;4,40;2;50;9,80;7,90;
2026-07-30 10:49:00.0;ON;OFF;50;5,70;8,10;10,10;27,80;98,60;105,40;4,50;2;50;9,90;8;
2026-07-30 10:50:00.0;ON;OFF;50;6,10;8,20;10,20;27,70;98,60;105,40;4,20;2;50;10,10;8,10;
2026-07-30 10:51:00.0;ON;OFF;50;6,30;8,30;10,30;27,60;98,60;105,40;3,90;2;50;10,10;8,20;
2026-07-30 10:52:00.0;ON;OFF;50;6,20;8,50;10,50;27,50;98,60;105,40;4,30;2;50;10,50;8,40;
2026-07-30 10:53:00.0;ON;OFF;50;6,10;8,50;10,50;27,40;98,60;105,40;4,50;2;50;10,50;8,40;
2026-07-30 10:54:00.0;ON;OFF;50;6,20;8,50;10,50;27,20;98,60;105,40;4,30;2;50;10,60;8,50;
2026-07-30 10:55:00.0;ON;OFF;50;6,40;8,60;10,60;27,10;98,60;105,40;4,30;2;50;10,60;8,60;
2026-07-30 10:56:00.0;ON;OFF;50;6,40;8,70;10,70;27;98,60;105,30;4,40;2;50;10,60;8,60;
2026-07-30 10:57:00.0;ON;OFF;50;6,40;8,90;10,90;26,90;98,60;105,30;4,50;2;50;10,80;8,60;
2026-07-30 10:58:00.0;ON;OFF;50;6,30;8,90;10,90;26,80;98,60;105,30;4,70;2;50;10,70;8,60;
2026-07-30 10:59:00.0;ON;OFF;50;6,20;9;11;26,70;98,60;105,30;4,80;2;50;10,70;8,60;
2026-07-30 11:00:00.0;ON;OFF;50;5,90;9;11;26,50;98,60;105,30;5,10;2;50;10,70;8,50;
2026-07-30 11:01:00.0;ON;OFF;50;6;8,90;10,90;26,40;98,60;105,30;4,90;2;50;10,70;8,40;
2026-07-30 11:02:00.0;ON;OFF;50;5,80;9;11;26,30;98,60;105,30;5,20;2;50;10,80;8,40;
2026-07-30 11:03:00.0;ON;OFF;50;5,90;9;11;26,20;98,60;105,30;5;2;50;10,80;8,40;
2026-07-30 11:04:00.0;ON;OFF;50;6;9;11;26,10;98,60;105,30;5;2;50;10,80;8,40;
2026-07-30 11:05:00.0;ON;OFF;50;5,80;9;11;26;98,60;105,30;5,20;2;50;10,90;8,40;
2026-07-30 11:06:00.0;ON;OFF;50;5,90;9;11;25,90;98,60;105,30;5,10;2;50;11;8,40;
2026-07-30 11:07:00.0;ON;OFF;50;5,80;9,10;11,10;25,80;98,60;105,30;5,30;2;50;11,10;8,50;
2026-07-30 11:08:00.0;ON;OFF;50;6;9,10;11,10;25,70;98,60;105,30;5,10;2;50;11,10;8,50;
2026-07-30 11:09:00.0;ON;OFF;50;5,80;9,10;11,10;25,60;98,60;105,30;5,30;2;50;11,10;8,60;
2026-07-30 11:10:00.0;ON;OFF;50;6;9,10;11,10;25,50;98,60;105,30;5,10;2;50;11,20;8,60;
2026-07-30 11:11:00.0;ON;OFF;50;6;9,10;11,10;25,40;98,60;105,30;5,10;2;50;11,30;8,60;
2026-07-30 11:12:00.0;ON;OFF;50;6,10;9,20;11,20;25,30;98,60;105,30;5,10;2;50;11,30;8,70;
2026-07-30 11:13:00.0;ON;OFF;50;6;9,20;11,20;25,10;98,60;105,30;5,20;2;50;11,50;8,80;
2026-07-30 11:14:00.0;ON;OFF;50;6,10;9,30;11,30;25;98,60;105,30;5,20;2;50;11,60;8,80;
2026-07-30 11:15:00.0;ON;OFF;50;6,10;9,30;11,30;25;98,60;105,30;5,20;2;50;11,70;8,90;
2026-07-30 11:16:00.0;ON;OFF;50;6,30;9,40;11,40;24,90;98,60;105,40;5,10;2;50;11,80;8,90;
2026-07-30 11:17:00.0;ON;OFF;50;6,10;9,40;11,40;24,80;98,60;105,40;5,30;2;50;11,90;9;
2026-07-30 11:18:00.0;ON;OFF;50;6,30;9,50;11,50;24,70;98,60;105,40;5,10;2;50;12;9,10;
2026-07-30 11:19:00.0;ON;OFF;50;6,20;9,60;11,60;24,60;98,60;105,40;5,30;2;50;12,10;9,10;
2026-07-30 11:20:00.0;ON;OFF;50;6,40;9,70;11,70;24,50;98,60;105,40;5,30;2;50;12,30;9,20;
2026-07-30 11:21:00.0;ON;OFF;50;6,50;9,80;11,80;24,50;98,60;105,30;5,20;2;50;12,50;9,40;
2026-07-30 11:22:00.0;ON;OFF;50;6,60;9,80;11,80;24,40;98,60;105,30;5,30;2;50;12,30;9,40;
2026-07-30 11:23:00.0;ON;OFF;50;6,60;9,90;11,90;24,30;98,60;105,40;5,30;2;50;12,20;9,30;
2026-07-30 11:24:00.0;ON;OFF;50;6,70;10;12;39,50;98,60;105,50;5,30;2;50;12,30;9,40;
2026-07-30 11:25:00.0;ON;OFF;50;6,70;10,10;12,10;39,90;98,60;105,50;5,40;2;50;12,40;9,40;
2026-07-30 11:26:00.0;ON;OFF;50;6,90;10,20;12,20;40,10;98,60;105,50;5,40;2;50;12,50;9,50;
2026-07-30 11:27:00.0;ON;OFF;50;6,80;10,30;12,30;40,10;98,60;105,50;5,50;2;50;12,60;9,60;
2026-07-30 11:28:00.0;ON;OFF;50;7;10,30;12,30;40,20;98,60;105,50;5,40;2;50;12,60;9,70;
2026-07-30 11:29:00.0;ON;OFF;50;6,90;10,50;12,50;40,10;98,60;105,40;5,60;2;50;13,10;9,90;
2026-07-30 11:30:00.0;ON;OFF;50;7,20;10,70;12,70;40,10;98,60;105,40;5,50;2;50;13,50;10,20;
2026-07-30 11:31:00.0;ON;OFF;50;7,20;10,70;12,70;40,10;98,60;105,40;5,50;2;50;13,70;10,30;
2026-07-30 11:32:00.0;ON;OFF;50;7,20;10,70;12,70;40;98,70;105,40;5,50;2;50;13,70;10,40;
2026-07-30 11:33:00.0;ON;OFF;50;7,30;10,80;12,80;40;98,70;105,40;5,50;2;50;13,80;10,50;
2026-07-30 11:34:00.0;ON;OFF;50;7,40;10,80;12,80;39,90;98,70;105,40;5,40;2;50;13,70;10,50;
2026-07-30 11:35:00.0;ON;OFF;50;7,30;10,80;12,80;39,90;98,70;105,40;5,50;2;50;13,70;10,50;
2026-07-30 11:36:00.0;ON;OFF;50;7,40;10,80;12,80;39,80;98,70;105,40;5,40;2;50;13,70;10,40;
2026-07-30 11:37:00.0;ON;OFF;50;7,30;10,80;12,80;39,80;98,70;105,40;5,50;2;50;13,70;10,50;
2026-07-30 11:38:00.0;ON;OFF;50;7,30;10,80;12,80;39,70;98,70;105,40;5,50;2;50;13,60;10,50;
2026-07-30 11:39:00.0;ON;OFF;50;7,50;10,80;12,80;39,70;98,70;105,40;5,30;2;50;13,60;10,50;
2026-07-30 11:40:00.0;ON;OFF;50;7,30;10,80;12,80;39,60;98,70;105,40;5,40;2;50;13,50;10,40;
2026-07-30 11:41:00.0;ON;OFF;50;7,40;10,70;12,70;39,60;98,70;105,40;5,30;2;50;13,30;10,40;
2026-07-30 11:42:00.0;ON;OFF;50;7,40;10,70;12,70;39,50;98,70;105,40;5,30;2;50;13,50;10,40;
2026-07-30 11:43:00.0;ON;OFF;50;7,40;10,70;12,70;39,50;98,70;105,40;5,30;2;50;13,60;10,40;
2026-07-30 11:44:00.0;ON;OFF;50;7,30;10,70;12,70;39,40;98,70;105,40;5,40;2;50;13,50;10,40;
2026-07-30 11:45:00.0;ON;OFF;50;7,40;10,70;12,70;39,40;98,70;105,40;5,30;2;50;13,60;10,40;
2026-07-30 11:46:00.0;ON;OFF;50;7,30;10,70;12,70;39,30;98,70;105,40;5,40;2;50;13,40;10,30;
2026-07-30 11:47:00.0;ON;OFF;50;7,40;10,70;12,70;39,20;98,70;105,40;5,30;2;50;13,60;10,30;
2026-07-30 11:48:00.0;ON;OFF;50;7,20;10,60;12,60;39,20;98,70;105,40;5,40;2;50;13,50;10,30;
2026-07-30 11:49:00.0;ON;OFF;50;7,30;10,60;12,60;39,10;98,70;105,40;5,30;2;50;13,30;10,20;
2026-07-30 11:50:00.0;ON;OFF;50;7,20;10,60;12,60;39,10;98,70;105,30;5,40;2;50;13,30;10,20;
2026-07-30 11:51:00.0;ON;OFF;50;7,30;10,60;12,60;39;98,70;105,30;5,40;2;50;13,30;10,20;
2026-07-30 11:52:00.0;ON;OFF;50;7,30;10,60;12,60;38,90;98,70;105,30;5,30;2;50;13,20;10,20;
2026-07-30 11:53:00.0;ON;OFF;50;7,30;10,60;12,60;38,90;98,70;105,30;5,30;2;50;13,30;10,20;
2026-07-30 11:54:00.0;ON;OFF;50;7,10;10,60;12,60;38,80;98,70;105,30;5,40;2;50;13,20;10,10;
2026-07-30 11:55:00.0;ON;OFF;50;7,20;10,60;12,60;38,80;98,70;105,30;5,30;2;50;13,20;10,20;
2026-07-30 11:56:00.0;ON;OFF;50;7,20;10,60;12,60;38,70;98,70;105,30;5,30;2;50;13,10;10,10;
2026-07-30 11:57:00.0;ON;OFF;50;7,10;10,50;12,50;38,60;98,60;105,30;5,40;2;50;13,10;10;
2026-07-30 11:58:00.0;ON;OFF;50;7,10;10,50;12,50;38,60;98,60;105,30;5,40;2;50;13,20;10,10;
2026-07-30 11:59:00.0;ON;OFF;50;7,10;10,40;12,40;38,50;98,60;105,30;5,30;2;50;13;10;
2026-07-30 12:00:00.0;ON;OFF;50;7,10;10,40;12,40;38,50;98,60;105,30;5,30;2;50;13;10;
2026-07-30 12:01:00.0;ON;OFF;50;7,20;10,40;12,40;38,40;98,60;105,30;5,20;2;50;13;10;
2026-07-30 12:02:00.0;ON;OFF;50;7,20;10,40;12,40;38,30;98,60;105,30;5,20;2;50;13;10;
2026-07-30 12:03:00.0;ON;OFF;50;7,20;10,40;12,40;38,30;98,70;105,30;5,30;2;50;13;10;
2026-07-30 12:04:00.0;ON;OFF;50;7,10;10,40;12,40;38,30;98,70;105,30;5,30;2;50;13;9,90;
2026-07-30 12:05:00.0;ON;OFF;50;7,20;10,40;12,40;38,20;98,70;105,30;5,20;2;50;13;9,90;
2026-07-30 12:06:00.0;ON;OFF;50;7,10;10,40;12,40;38,10;98,70;105,20;5,20;2;50;12,90;9,90;
2026-07-30 12:07:00.0;ON;OFF;50;7;10,40;12,40;38;98,70;105,20;5,40;2;50;13;9,90;
2026-07-30 12:08:00.0;ON;OFF;50;7,10;10,40;12,40;38;98,70;105,30;5,30;2;50;13;9,90;
2026-07-30 12:09:00.0;ON;OFF;50;7,10;10,30;12,30;37,90;98,70;105,30;5,20;2;50;12,90;9,90;
2026-07-30 12:10:00.0;ON;OFF;50;6,90;10,40;12,40;37,90;98,70;105,20;5,40;2;50;12,80;9,80;
2026-07-30 12:11:00.0;ON;OFF;50;6,90;10,30;12,30;37,80;98,70;105,20;5,40;2;50;12,80;9,80;
2026-07-30 12:12:00.0;ON;OFF;50;7;10,40;12,40;37,70;98,70;105,20;5,40;2;50;12,80;9,80;
2026-07-30 12:13:00.0;ON;OFF;50;7,10;10,40;12,40;37,70;98,70;105,30;5,30;2;50;12,80;9,80;
2026-07-30 12:14:00.0;ON;OFF;50;7;10,30;12,30;37,60;98,70;105,30;5,30;2;50;12,80;9,80;
2026-07-30 12:15:00.0;ON;OFF;50;7;10,30;12,30;37,50;98,70;105,30;5,40;2;50;12,90;9,80;
2026-07-30 12:16:00.0;ON;OFF;50;7;10,30;12,30;37,50;98,70;105,20;5,30;2;50;12,80;9,80;
2026-07-30 12:17:00.0;ON;OFF;50;7;10,30;12,30;37,40;98,70;105,30;5,40;2;50;12,90;9,80;
2026-07-30 12:18:00.0;ON;OFF;50;7;10,30;12,30;37,40;98,70;105,30;5,30;2;50;12,70;9,80;
2026-07-30 12:19:00.0;ON;OFF;50;7,10;10,40;12,40;37,30;98,70;105,30;5,20;2;50;12,90;9,80;
2026-07-30 12:20:00.0;ON;OFF;50;7;10,40;12,40;37,20;98,70;105,30;5,40;2;50;12,80;9,80;
2026-07-30 12:21:00.0;ON;OFF;50;7,20;10,40;12,40;37,20;98,70;105,30;5,30;2;50;12,90;9,90;
2026-07-30 12:22:00.0;ON;OFF;50;7;10,50;12,50;37,10;98,70;105,20;5,40;2;50;13,10;9,90;
2026-07-30 12:23:00.0;ON;OFF;50;7;10,50;12,50;37;98,70;105,20;5,40;2;50;13,10;9,90;
2026-07-30 12:24:00.0;ON;OFF;50;7,10;10,50;12,50;37;98,70;105,20;5,40;2;50;13,20;10;
2026-07-30 12:25:00.0;ON;OFF;50;7,10;10,50;12,50;36,90;98,70;105,20;5,40;2;50;13,10;9,90;
2026-07-30 12:26:00.0;ON;OFF;50;7,20;10,50;12,50;36,80;98,70;105,20;5,20;2;50;12,90;9,90;
2026-07-30 12:27:00.0;ON;OFF;50;7,10;10,50;12,50;36,80;98,70;105,20;5,40;2;50;13;9,90;
2026-07-30 12:28:00.0;ON;OFF;50;7;10,50;12,50;36,70;98,70;105,20;5,50;2;50;12,90;9,90;
2026-07-30 12:29:00.0;ON;OFF;50;7,10;10,50;12,50;36,60;98,70;105,20;5,50;2;50;13;9,90;
2026-07-30 12:30:00.0;ON;OFF;50;7,10;9,60;12,60;36,60;98,70;105,20;5,50;2;50;13,10;10,30;
2026-07-30 12:31:00.0;ON;OFF;50;7,30;9,70;12,70;36,50;98,70;105,20;5,40;3;50;13,10;10,70;
2026-07-30 12:32:00.0;ON;OFF;50;7,50;9,70;12,70;36,50;98,70;105,20;5,20;3;50;13,10;10,90;
2026-07-30 12:33:00.0;ON;OFF;50;7,60;9,70;12,70;36,40;98,70;105,20;5,10;3;50;13,10;11;
2026-07-30 12:34:00.0;OFF;ON;70;7,70;9,80;12,80;36,30;98,70;105,20;5,10;3;50;13,30;11;
2026-07-30 12:35:00.0;OFF;ON;70;7,90;9,80;12,80;36,20;98,70;105,20;4,90;3;50;13,20;11,10;
2026-07-30 12:36:00.0;OFF;ON;70;7,90;9,80;12,80;36,20;98,70;105,20;4,90;3;50;13,20;11,10;
2026-07-30 12:37:00.0;OFF;ON;70;7,90;9,80;12,80;36,10;98,70;105,20;5;3;50;13,20;11,10;
2026-07-30 12:38:00.0;OFF;ON;70;7,90;9,80;12,80;36,10;98,70;105,20;4,90;3;50;13,10;11,10;
2026-07-30 12:39:00.0;OFF;ON;70;8;9,80;12,80;36;98,70;105,20;4,80;3;50;13,10;11,10;
2026-07-30 12:40:00.0;OFF;ON;70;7,90;9,80;12,80;35,90;98,70;105,20;4,90;3;50;13,20;11,10;
2026-07-30 12:41:00.0;OFF;ON;70;7,80;9,80;12,80;35,90;98,70;105,20;5;3;50;13,10;11;
2026-07-30 12:42:00.0;OFF;ON;70;7,90;9,80;12,80;35,80;98,70;105,20;4,90;3;50;13,10;11,10;
2026-07-30 12:43:00.0;OFF;ON;70;7,90;9,70;12,70;35,70;98,70;105,20;4,80;3;50;13,10;11;
2026-07-30 12:44:00.0;OFF;ON;70;7,90;9,70;12,70;35,60;98,70;105,20;4,80;3;50;13;11;
2026-07-30 12:45:00.0;OFF;ON;70;7,90;9,70;12,70;35,60;98,70;105,20;4,80;3;50;13;11;
2026-07-30 12:46:00.0;OFF;ON;70;7,90;9,70;12,70;35,50;98,70;105,20;4,80;3;50;12,90;11;
2026-07-30 12:47:00.0;OFF;ON;70;7,90;9,70;12,70;35,40;98,70;105,20;4,80;3;50;13;11;
2026-07-30 12:48:00.0;OFF;ON;70;7,90;9,60;12,60;35,40;98,70;105,20;4,80;3;50;12,90;10,90;
2026-07-30 12:49:00.0;OFF;ON;70;7,90;9,60;12,60;35,30;98,70;105,20;4,80;3;50;12,90;10,90;
2026-07-30 12:50:00.0;OFF;ON;70;7,80;9,60;12,60;35,30;98,70;105,10;4,80;3;50;12,90;10,90;
2026-07-30 12:51:00.0;OFF;ON;70;7,80;9,60;12,60;35,20;98,70;105,10;4,70;3;50;12,80;10,90;
2026-07-30 12:52:00.0;OFF;ON;70;7,70;9,60;12,60;35,10;98,70;105,10;4,90;3;50;12,90;10,90;
2026-07-30 12:53:00.0;OFF;ON;70;7,60;9,60;12,60;35,10;98,70;105,10;4,90;3;50;12,90;10,80;
2026-07-30 12:54:00.0;OFF;ON;70;7,70;9,50;12,50;35;98,70;105,10;4,80;3;50;12,80;10,80;
2026-07-30 12:55:00.0;OFF;ON;70;7,60;9,50;12,50;34,90;98,70;105,10;4,90;3;50;12,80;10,70;
2026-07-30 12:56:00.0;OFF;ON;70;7,70;9,50;12,50;34,90;98,70;105,10;4,80;3;50;12,80;10,70;
2026-07-30 12:57:00.0;OFF;ON;70;7,50;9,40;12,40;34,80;98,70;105,10;4,90;3;50;12,70;10,70;
2026-07-30 12:58:00.0;OFF;ON;70;7,50;9,40;12,40;34,80;98,70;105,10;4,90;3;50;12,60;10,60;
2026-07-30 12:59:00.0;OFF;ON;70;7,50;9,40;12,40;34,70;98,70;105,20;4,90;3;50;12,60;10,60;
2026-07-30 13:00:00.0;OFF;ON;70;7,50;9,30;12,30;34,70;98,70;105,10;4,90;3;50;12,60;10,60;
2026-07-30 13:01:00.0;OFF;ON;70;7,60;9,30;12,30;34,60;98,70;105,10;4,70;3;50;12,50;10,60;
2026-07-30 13:02:00.0;OFF;ON;70;7,50;9,30;12,30;34,60;98,70;105,10;4,80;3;50;12,50;10,60;
2026-07-30 13:03:00.0;OFF;ON;70;7,40;9,30;12,30;34,50;98,70;105,10;4,90;3;50;12,60;10,50;
2026-07-30 13:04:00.0;OFF;ON;70;7,50;9,20;12,20;34,40;98,70;105,10;4,70;3;50;12,50;10,50;
2026-07-30 13:05:00.0;OFF;ON;70;7,40;9,20;12,20;34,40;98,70;105,10;4,80;3;50;12,40;10,40;
2026-07-30 13:06:00.0;OFF;ON;70;7,50;9,20;12,20;34,30;98,70;105,10;4,70;3;50;12,40;10,40;
2026-07-30 13:07:00.0;OFF;ON;70;7,30;9,20;12,20;34,30;98,70;105,10;4,80;3;50;12,30;10,40;
2026-07-30 13:08:00.0;OFF;ON;70;7,40;9,10;12,10;34,20;98,70;105,10;4,70;3;50;12,30;10,40;
2026-07-30 13:09:00.0;OFF;ON;70;7,30;9,10;12,10;34,20;98,70;105,10;4,80;3;50;12,30;10,30;
2026-07-30 13:10:00.0;OFF;ON;70;7,40;8,90;12,10;34,10;98,70;105,10;4,70;3;50;12,30;10,30;
2026-07-30 13:11:00.0;OFF;ON;70;7,30;8,90;12,10;34,10;98,70;105,10;4,80;3;50;12,20;10,40;
2026-07-30 13:12:00.0;OFF;ON;70;7,20;8,80;12;34;98,70;105,10;4,90;3,20;50;12,20;10,40;
2026-07-30 13:13:00.0;OFF;ON;70;7,30;8,80;12;33,90;98,70;105,10;4,70;3,20;50;12,20;10,40;
2026-07-30 13:14:00.0;OFF;ON;75;7,30;8,80;12;33,90;98,70;105,10;4,70;3,20;50;12,20;10,30;
2026-07-30 13:15:00.0;OFF;ON;75;7,30;8,80;12;33,80;98,70;105,10;4,70;3,20;50;12,10;10,30;
2026-07-30 13:16:00.0;OFF;ON;75;7,10;8,70;11,90;33,80;98,70;105,10;4,80;3,20;50;12,10;10,30;
2026-07-30 13:17:00.0;OFF;ON;75;7,10;8,70;11,90;33,70;98,70;105,10;4,80;3,20;50;12,10;10,30;
2026-07-30 13:18:00.0;OFF;ON;75;7,20;8,70;11,90;33,60;98,70;105,10;4,70;3,20;50;12,10;10,30;
2026-07-30 13:19:00.0;OFF;ON;75;7,30;8,70;11,90;33,60;98,70;105,10;4,60;3,20;50;12;10,20;
2026-07-30 13:20:00.0;OFF;ON;75;7,10;8,40;11,80;33,60;98,70;105,10;4,80;3,20;50;12;10,30;
2026-07-30 13:21:00.0;OFF;ON;75;7,10;8,40;11,80;33,50;98,70;105,10;4,80;3,40;50;12;10,30;
2026-07-30 13:22:00.0;OFF;ON;75;7,20;8,40;11,80;33,40;98,70;105,10;4,60;3,40;50;12;10,30;
2026-07-30 13:23:00.0;OFF;ON;75;7,20;8,40;11,80;33,40;98,70;105;4,60;3,40;50;11,90;10,30;
2026-07-30 13:24:00.0;OFF;ON;80;7,10;8,40;11,80;33,30;98,70;105;4,70;3,40;50;11,90;10,30;
2026-07-30 13:25:00.0;OFF;ON;80;7;8,30;11,70;33,30;98,70;105;4,70;3,40;50;11,80;10,30;
2026-07-30 13:26:00.0;OFF;ON;80;7;8,40;11,80;33,20;98,70;105,10;4,70;3,40;50;11,90;10,20;
2026-07-30 13:27:00.0;OFF;ON;80;7,10;8,30;11,70;33,10;98,70;105;4,60;3,40;50;11,80;10,20;
2026-07-30 13:28:00.0;OFF;ON;80;7,10;8,30;11,70;33,10;98,70;105;4,60;3,40;50;11,80;10,20;
2026-07-30 13:29:00.0;OFF;ON;80;7,10;8,30;11,70;33;98,70;105;4,60;3,40;50;11,80;10,20;
2026-07-30 13:30:00.0;OFF;ON;80;7,10;8,10;11,70;33;98,70;105;4,50;3,40;50;11,80;10,20;
2026-07-30 13:31:00.0;OFF;ON;80;7;8;11,60;32,90;98,70;105;4,70;3,40;50;11,70;10,30;
2026-07-30 13:32:00.0;OFF;ON;80;7,10;8;11,60;32,90;98,70;105,10;4,50;3,60;50;11,70;10,20;
2026-07-30 13:33:00.0;OFF;ON;80;7,20;8;11,60;32,80;98,70;105;4,40;3,60;50;11,70;10,30;
2026-07-30 13:34:00.0;OFF;ON;85;7;8;11,60;32,80;98,70;105;4,50;3,60;50;11,60;10,20;
2026-07-30 13:35:00.0;OFF;ON;85;7;8;11,60;32,70;98,70;105;4,60;3,60;50;11,70;10,20;
2026-07-30 13:36:00.0;OFF;ON;85;7,20;7,90;11,50;32,60;98,70;105;4,40;3,60;50;11,60;10,20;
2026-07-30 13:37:00.0;OFF;ON;85;7,30;7,90;11,50;32,60;98,70;105;4,20;3,60;50;11,60;10,20;
2026-07-30 13:38:00.0;OFF;ON;85;7,80;7,90;11,50;32,50;98,70;105;3,70;3,60;50;11,60;10,40;
2026-07-30 13:39:00.0;OFF;ON;85;7,90;8;11,60;32,50;98,70;105,20;3,70;3,60;50;11,70;10,50;
2026-07-30 13:40:00.0;OFF;ON;85;8;7,90;11,70;32,40;98,70;105,30;3,70;3,60;50,60;11,70;10,60;
2026-07-30 13:41:00.0;OFF;ON;85;8,10;7,90;11,70;32,40;98,70;105,30;3,60;3,60;51,10;11,80;10,80;
2026-07-30 13:42:00.0;OFF;ON;85;8,10;8;11,80;32,30;98,70;105,30;3,70;3,80;51;11,80;10,90;
2026-07-30 13:43:00.0;OFF;ON;85;8;8;11,80;32,20;98,70;105,30;3,80;3,80;51,10;11,90;10,90;
2026-07-30 13:44:00.0;OFF;ON;90;8;8;11,80;32,20;98,70;105,20;3,80;3,80;51,10;11,80;10,90;
2026-07-30 13:45:00.0;OFF;ON;90;8;8;11,80;32,10;98,70;105,20;3,80;3,80;51,30;11,80;10,80;
2026-07-30 13:46:00.0;OFF;ON;90;8;8;11,80;32,10;98,70;105,20;3,80;3,80;51,30;11,80;10,80;
2026-07-30 13:47:00.0;OFF;ON;90;8;8;11,80;32;98,70;105,20;3,80;3,80;51,40;11,80;10,80;
2026-07-30 13:48:00.0;OFF;ON;90;8,10;8;11,80;32;98,70;105,20;3,70;3,80;51,60;11,80;10,80;
2026-07-30 13:49:00.0;OFF;ON;90;7,80;8;11,80;31,90;98,70;105,20;4;3,80;50,30;11,80;10,70;
2026-07-30 13:50:00.0;OFF;ON;90;7,70;7,70;11,70;31,80;98,70;105,20;4,10;3,80;50;11,80;10,70;
2026-07-30 13:51:00.0;OFF;ON;90;7,60;7,70;11,70;31,80;98,70;105,20;4,10;4;50;11,70;10,70;
2026-07-30 13:52:00.0;OFF;ON;90;7,30;7,60;11,60;31,70;98,70;105,20;4,30;4;50;11,60;10,60;
2026-07-30 13:53:00.0;OFF;ON;90;7,20;7,60;11,60;31,70;98,70;105,20;4,40;4;50;11,60;10,60;
2026-07-30 13:54:00.0;OFF;ON;95;7,30;7,50;11,50;31,60;98,70;105,20;4,20;4;50;11,50;10,50;
2026-07-30 13:55:00.0;OFF;ON;95;7,30;7,50;11,50;31,60;98,70;105,20;4,20;4;50;11,50;10,50;
2026-07-30 13:56:00.0;OFF;ON;95;7,20;7,50;11,50;31,50;98,70;105,20;4,30;4;50;11,40;10,40;
2026-07-30 13:57:00.0;OFF;ON;95;7;7,40;11,40;31,40;98,70;105,20;4,40;4;50;11,40;10,30;
2026-07-30 13:58:00.0;OFF;ON;95;7,10;7,40;11,40;31,40;98,70;105,20;4,30;4;50;11,30;10,30;
2026-07-30 13:59:00.0;OFF;ON;95;6,90;7,30;11,30;31,30;98,70;105,20;4,40;4;50;11,30;10,20;
2026-07-30 14:00:00.0;OFF;ON;95;6,90;7,10;11,30;31,30;98,70;105,20;4,40;4,20;50;11,30;10,20;
2026-07-30 14:01:00.0;OFF;ON;95;7;7,10;11,30;31,20;98,70;105,20;4,30;4,20;50;11,30;10,20;
2026-07-30 14:02:00.0;OFF;ON;95;7;7;11,20;31,10;98,70;105,20;4,30;4,20;50;11,20;10,20;
2026-07-30 14:03:00.0;OFF;ON;95;6,90;7;11,20;31,10;98,70;105,20;4,30;4,20;50;11,20;10,10;
2026-07-30 14:04:00.0;OFF;ON;100;6,90;7;11,20;31;98,70;105,20;4,30;4,20;50;11,10;10,10;
2026-07-30 14:05:00.0;OFF;ON;100;6,90;6,90;11,10;30,90;98,70;105,20;4,20;4,20;50;11,10;10;
2026-07-30 14:06:00.0;OFF;ON;100;6,90;6,90;11,10;30,90;98,70;105,20;4,20;4,20;50;11;10;
2026-07-30 14:07:00.0;OFF;ON;100;6,80;6,90;11,10;30,90;98,70;105,20;4,30;4,20;50;11;10;
2026-07-30 14:08:00.0;OFF;ON;100;6,70;6,90;11,10;30,80;98,70;105,20;4,40;4,20;50;11;10;
2026-07-30 14:09:00.0;OFF;ON;100;6,70;6,80;11;30,70;98,70;105,20;4,30;4,20;50;10,90;10;
2026-07-30 14:10:00.0;OFF;ON;100;6,70;6,80;11;30,70;98,70;105,20;4,30;4,20;50;10,90;9,90;
2026-07-30 14:11:00.0;OFF;ON;100;6,70;6,80;11;30,60;98,70;105,20;4,30;4,20;50;10,90;9,90;
2026-07-30 14:12:00.0;OFF;ON;100;6,60;6,80;11;30,60;98,70;105,20;4,30;4,20;50;10,90;9,90;
2026-07-30 14:13:00.0;OFF;ON;100;6,70;6,70;10,90;30,50;98,70;105,20;4,20;4,20;50;10,80;9,90;
2026-07-30 14:14:00.0;OFF;ON;100;6,70;6,70;10,90;30,40;98,70;105,20;4,20;4,20;50;10,80;9,80;
2026-07-30 14:15:00.0;OFF;ON;100;6,60;6,70;10,90;30,40;98,70;105,20;4,30;4,20;50;10,80;9,80;
2026-07-30 14:16:00.0;OFF;ON;100;6,70;6,60;10,80;30,30;98,70;105,20;4,20;4,20;50;10,80;9,80;
2026-07-30 14:17:00.0;OFF;ON;100;6,70;6,60;10,80;30,30;98,70;105,20;4,10;4,20;50,20;10,70;9,80;
2026-07-30 14:18:00.0;OFF;ON;100;6,70;6,60;10,80;30,20;98,70;105,20;4,20;4,20;50,30;10,70;9,80;
2026-07-30 14:19:00.0;OFF;ON;100;6,50;6,60;10,80;30,10;98,70;105,20;4,30;4,20;50;10,70;9,70;
2026-07-30 14:20:00.0;OFF;ON;100;6,60;6,40;10,80;30,10;98,70;105,20;4,20;4,40;51;10,70;9,70;
2026-07-30 14:21:00.0;OFF;ON;100;6,40;6,30;10,70;30;98,70;105,20;4,30;4,40;50,70;10,70;9,70;
2026-07-30 14:22:00.0;OFF;ON;100;6,60;6,30;10,70;30;98,70;105,20;4,10;4,40;51,70;10,60;9,70;
2026-07-30 14:23:00.0;OFF;ON;100;6,50;6,30;10,70;29,90;98,70;105,20;4,20;4,40;51,90;10,60;9,70;
2026-07-30 14:24:00.0;OFF;ON;100;6,40;6,30;10,70;29,90;98,70;105,20;4,20;4,40;51,70;10,60;9,70;
2026-07-30 14:25:00.0;OFF;ON;100;6,60;6,20;10,60;29,80;98,70;105,20;4;4,40;53,10;10,50;9,70;
2026-07-30 14:26:00.0;OFF;ON;100;6,40;6,20;10,60;29,80;98,70;105,20;4,20;4,40;52,50;10,50;9,60;
2026-07-30 14:27:00.0;OFF;ON;100;6,50;6,20;10,60;29,70;98,70;105,20;4,10;4,40;53,40;10,50;9,60;
2026-07-30 14:28:00.0;OFF;ON;100;6,40;6,20;10,60;29,70;98,70;105,20;4,20;4,40;53,20;10,50;9,60;
2026-07-30 14:29:00.0;OFF;ON;100;6,50;6,10;10,50;29,60;98,70;105,20;4,10;4,40;54,10;10,40;9,60;
2026-07-30 14:30:00.0;OFF;ON;100;6,30;5,90;10,50;29,60;98,70;105,20;4,20;4,60;54,80;10,40;9,50;
2026-07-30 14:31:00.0;OFF;ON;100;6,30;5,90;10,50;29,50;98,70;105,20;4,20;4,60;55,30;10,40;9,50;
2026-07-30 14:32:00.0;OFF;ON;100;6,30;5,80;10,40;29,50;98,70;105,20;4,20;4,60;56,10;10,30;9,50;
2026-07-30 14:33:00.0;OFF;ON;100;6,30;5,80;10,40;29,40;98,70;105,20;4,20;4,60;56,50;10,30;9,50;
2026-07-30 14:34:00.0;OFF;ON;100;6,30;5,80;10,40;29,40;98,70;105,20;4,10;4,60;57,60;10,30;9,50;
2026-07-30 14:35:00.0;OFF;ON;100;6,40;5,80;10,40;29,30;98,70;105,20;4;4,60;58,50;10,30;9,50;
2026-07-30 14:36:00.0;OFF;ON;100;6,20;5,80;10,40;29,30;98,70;105,10;4,10;4,60;58,60;10,30;9,50;
2026-07-30 14:37:00.0;OFF;ON;100;6,40;5,80;10,40;29,20;98,70;105,10;4;4,60;59,90;10,30;9,40;
2026-07-30 14:38:00.0;OFF;ON;100;6,20;5,70;10,30;29,20;98,70;105,10;4,10;4,60;60,20;10,20;9,40;
2026-07-30 14:39:00.0;OFF;ON;100;6,30;5,70;10,30;29,20;98,70;105,10;4;4,60;60,80;10,20;9,40;
2026-07-30 14:40:00.0;OFF;ON;100;6,10;5,50;10,30;29,10;98,70;105,10;4,20;4,80;61,70;10,20;9,40;
2026-07-30 14:41:00.0;OFF;ON;100;5,90;5,50;10,30;29;98,70;105,10;4,30;4,80;61,80;10,10;9,30;
2026-07-30 14:42:00.0;OFF;ON;100;5,90;5,40;10,20;29;98,70;105,10;4,30;4,80;62,60;10;9,20;
2026-07-30 14:43:00.0;OFF;ON;100;5,80;5,30;10,10;28,90;98,70;105,10;4,40;4,80;62,60;10;9,20;
2026-07-30 14:44:00.0;OFF;ON;100;5,60;5,30;10,10;28,90;98,70;105,10;4,40;4,80;62,90;9,90;9,10;
2026-07-30 14:45:00.0;OFF;ON;100;5,60;5,20;10;28,90;98,70;105,10;4,40;4,80;63,30;9,90;9,10;
2026-07-30 14:46:00.0;OFF;ON;100;5,50;5,20;10;28,80;98,70;105,10;4,50;4,80;63,40;9,90;9;
2026-07-30 14:47:00.0;OFF;ON;100;5,40;5,10;9,90;28,70;98,70;105,10;4,50;4,80;63,50;9,80;9;
2026-07-30 14:48:00.0;OFF;ON;100;5,40;5,10;9,90;28,70;98,70;105,10;4,50;4,80;63,90;9,80;8,90;
2026-07-30 14:49:00.0;OFF;ON;100;5,20;5,10;9,90;28,60;98,70;105,10;4,70;4,80;63,40;9,80;8,90;
2026-07-30 14:50:00.0;OFF;ON;100;5,10;4,80;9,80;28,60;98,70;105,10;4,70;5;64,30;9,70;8,80;
2026-07-30 14:51:00.0;OFF;ON;100;5;4,80;9,80;28,50;98,70;105,10;4,70;5;64,70;9,60;8,70;
2026-07-30 14:52:00.0;OFF;ON;100;4,90;4,70;9,70;28,50;98,70;105,10;4,80;5;64,50;9,60;8,70;
2026-07-30 14:53:00.0;OFF;ON;100;4,90;4,70;9,70;28,50;98,70;105,10;4,70;5;65,20;9,60;8,60;
2026-07-30 14:54:00.0;OFF;ON;100;4,70;4,60;9,60;28,40;98,70;105,10;4,90;5;64,90;9,50;8,50;
2026-07-30 14:55:00.0;OFF;ON;100;4,80;4,60;9,60;28,40;98,70;105,10;4,70;5;65,60;9,50;8,50;
2026-07-30 14:56:00.0;OFF;ON;100;4,60;4,50;9,50;28,30;98,70;105,10;4,90;5;65,10;9,40;8,40;
2026-07-30 14:57:00.0;OFF;ON;100;4,70;4,50;9,50;28,30;98,70;105,10;4,80;5;65,60;9,40;8,40;
2026-07-30 14:58:00.0;OFF;ON;100;4,60;4,40;9,40;28,20;98,70;105,10;4,80;5;65,70;9,30;8,30;
2026-07-30 14:59:00.0;OFF;ON;100;4,40;4,40;9,40;28,10;98,70;105,10;5;5;65,50;9,30;8,30;
2026-07-30 15:00:00.0;OFF;ON;100;4,20;4,10;9,30;28,10;98,70;105,10;5,10;5,20;65,80;9,20;8,20;
2026-07-30 15:01:00.0;OFF;ON;100;4,20;4,10;9,30;28;98,70;105,10;5,10;5,20;65,90;9,20;8,10;
2026-07-30 15:02:00.0;OFF;ON;100;4,10;4;9,20;28;98,70;105,10;5,10;5,20;66;9,10;8,10;
2026-07-30 15:03:00.0;OFF;ON;100;4;4;9,20;28;98,70;105,10;5,10;5,20;66,10;9;8;
2026-07-30 15:04:00.0;OFF;ON;100;4;3,90;9,10;27,90;98,70;105,10;5,10;5,20;66,30;9;7,90;
2026-07-30 15:05:00.0;OFF;ON;100;3,90;3,90;9,10;27,80;98,70;105,10;5,20;5,20;66,50;8,90;7,90;
2026-07-30 15:06:00.0;OFF;ON;100;3,90;3,80;9;27,80;98,70;105,10;5,10;5,20;66,50;8,90;7,80;
2026-07-30 15:07:00.0;OFF;ON;100;3,70;3,80;9;27,80;98,60;105,10;5,20;5,20;66,60;8,80;7,80;
2026-07-30 15:08:00.0;OFF;ON;100;3,70;3,70;8,90;27,70;98,60;105,10;5,20;5,20;66,70;8,80;7,70;
2026-07-30 15:09:00.0;OFF;ON;100;3,60;3,70;8,90;27,70;98,60;105,10;5,30;5,20;66,30;8,80;7,60;
2026-07-30 15:10:00.0;OFF;ON;100;3,70;3,40;8,80;27,60;98,50;105,10;5,10;5,40;67,80;8,70;7,60;
2026-07-30 15:11:00.0;OFF;ON;100;3,50;3,40;8,80;27,50;98,50;105,10;5,30;5,40;67,40;8,70;7,50;
2026-07-30 15:12:00.0;OFF;ON;100;3,60;3,40;8,80;27,50;98,40;105;5,20;5,40;68;8,60;7,50;
2026-07-30 15:13:00.0;OFF;ON;100;3,40;3,30;8,70;27,50;98,40;105;5,30;5,40;67,60;8,60;7,40;
2026-07-30 15:14:00.0;OFF;ON;100;3,30;3,30;8,70;27,40;98,40;105,10;5,30;5,40;68,10;8,50;7,40;
2026-07-30 15:15:00.0;OFF;ON;100;3,40;3,20;8,60;27,40;98,30;105;5,20;5,40;68,50;8,50;7,30;
2026-07-30 15:16:00.0;OFF;ON;100;3,10;3,20;8,60;27,30;98,30;105;5,40;5,40;67,90;8,40;7,20;
2026-07-30 15:17:00.0;OFF;ON;100;3,20;3,10;8,50;27,30;98,30;105;5,30;5,40;68,40;8,30;7,10;
2026-07-30 15:18:00.0;OFF;ON;100;3,20;3;8,40;27,20;98,20;105;5,30;5,40;68,30;8,30;7,10;
2026-07-30 15:19:00.0;OFF;ON;100;3,10;3;8,40;27,20;98,30;105;5,30;5,40;68,10;8,20;7;
2026-07-30 15:20:00.0;OFF;ON;100;2,90;2,80;8,40;27,10;98,20;105;5,50;5,60;68,40;8,20;7;
2026-07-30 15:21:00.0;OFF;ON;100;2,90;2,70;8,30;27,10;98,20;105;5,40;5,60;69;8,10;6,90;
2026-07-30 15:22:00.0;OFF;ON;100;2,80;2,70;8,30;27;98,20;105;5,50;5,60;68,80;8,10;6,80;
2026-07-30 15:23:00.0;OFF;ON;100;2,70;2,60;8,20;27;98,10;105;5,50;5,60;68,90;8,10;6,80;
2026-07-30 15:24:00.0;OFF;ON;100;2,60;2,50;8,10;26,90;98,10;105;5,50;5,60;68,90;8;6,70;
2026-07-30 15:25:00.0;OFF;ON;100;2,70;2,50;8,10;26,90;98,10;105;5,40;5,60;69,40;8;6,70;
2026-07-30 15:26:00.0;OFF;ON;100;2,40;2,50;8,10;26,80;98,10;105;5,60;5,60;69,20;7,90;6,60;
2026-07-30 15:27:00.0;OFF;ON;100;2,50;2,40;8;26,70;98;105;5,50;5,60;69,50;7,80;6,60;
2026-07-30 15:28:00.0;OFF;ON;100;2,50;2,40;8;26,70;98;105;5,50;5,60;69,40;7,80;6,50;
2026-07-30 15:29:00.0;OFF;ON;100;2,40;2,30;7,90;26,70;98;105;5,50;5,60;69,40;7,80;6,50;
2026-07-30 15:30:00.0;OFF;ON;100;2,20;2,10;7,90;26,60;98;105;5,60;5,80;69,80;7,70;6,50;
2026-07-30 15:31:00.0;OFF;ON;100;2,20;2;7,80;26,50;98;105;5,60;5,80;70;7,60;6,30;
2026-07-30 15:32:00.0;OFF;ON;100;2;1,90;7,70;26,50;97,90;105;5,80;5,80;69,80;7,60;6,30;
2026-07-30 15:33:00.0;OFF;ON;100;2,10;1,90;7,70;26,50;97,90;105;5,60;5,80;70,50;7,50;6,20;
2026-07-30 15:34:00.0;OFF;ON;100;2,10;1,80;7,60;26,40;98;105;5,60;5,80;70,70;7,50;6,20;
2026-07-30 15:35:00.0;OFF;ON;100;1,90;1,80;7,60;26,30;97,90;105;5,70;5,80;70,60;7,40;6,10;
2026-07-30 15:36:00.0;OFF;ON;100;2;1,80;7,60;26,30;97,90;105;5,60;5,80;71,10;7,40;6,10;
2026-07-30 15:37:00.0;OFF;ON;100;1,80;1,70;7,50;26,30;97,90;105;5,70;5,80;70,80;7,30;6;
2026-07-30 15:38:00.0;OFF;ON;100;1,70;1,70;7,50;26,20;97,90;105;5,70;5,80;70,70;7,30;5,90;
2026-07-30 15:39:00.0;OFF;ON;100;1,60;1,60;7,40;26,10;97,90;105;5,80;5,80;70,80;7,20;5,90;
2026-07-30 15:40:00.0;OFF;ON;100;1,60;1,30;7,30;26,10;97,90;105;5,80;6;71,50;7,20;5,80;
2026-07-30 15:41:00.0;OFF;ON;100;1,40;1,30;7,30;26,10;97,80;105;5,90;6;71,30;7,10;5,70;
2026-07-30 15:42:00.0;OFF;ON;100;1,50;1,20;7,20;26;97,90;105;5,80;6;72,10;7;5,70;
2026-07-30 15:43:00.0;OFF;ON;100;1,30;1,20;7,20;26;97,80;105;5,90;6;71,70;7;5,60;
2026-07-30 15:44:00.0;OFF;ON;100;1,20;1,20;7,20;25,90;97,80;105;6;6;71,80;7;5,50;
2026-07-30 15:45:00.0;OFF;ON;100;1,20;1,10;7,10;25,80;97,70;105;6;6;71,90;6,90;5,50;
2026-07-30 15:46:00.0;OFF;ON;100;1,10;1,10;7,10;25,80;97,80;105;5,90;6;72;6,80;5,40;
2026-07-30 15:47:00.0;OFF;ON;100;1,10;1;7;25,70;97,80;105;5,80;6;72,70;6,80;5,40;
2026-07-30 15:48:00.0;OFF;ON;100;1,10;0,90;6,90;25,70;97,80;105;5,80;6;72,90;6,70;5,30;
2026-07-30 15:49:00.0;OFF;ON;100;0,90;0,90;6,90;25,60;97,70;105;6;6;72,60;6,70;5,30;
2026-07-30 15:50:00.0;OFF;ON;100;1;0,80;6,80;25,60;97,70;105;5,90;6;72,90;6,60;5,20;
2026-07-30 15:51:00.0;OFF;ON;100;0,90;0,80;6,80;25,50;97,70;105;5,90;6;72,90;6,60;5,10;
2026-07-30 15:52:00.0;OFF;ON;100;0,90;0,70;6,70;25,50;97,70;105;5,90;6;73,10;6,50;5,10;
2026-07-30 15:53:00.0;OFF;ON;100;0,90;0,70;6,70;25,40;97,70;105;5,80;6;73,50;6,40;5;
2026-07-30 15:54:00.0;OFF;ON;100;0,60;0,60;6,60;25,40;97,60;105;6;6;73,10;6,40;5;
2026-07-30 15:55:00.0;OFF;ON;100;0,60;0,60;6,60;25,30;97,70;105;6;6;73,20;6,40;4,90;
2026-07-30 15:56:00.0;OFF;ON;100;0,60;0,50;6,50;25,30;97,60;105;6;6;73,40;6,30;4,80;
2026-07-30 15:57:00.0;OFF;ON;100;0,50;0,50;6,50;25,20;97,60;105;6;6;73,40;6,30;4,80;
2026-07-30 15:58:00.0;OFF;ON;100;0,40;0,40;6,40;25,20;97,70;105;6;6;73,40;6,20;4,80;
2026-07-30 15:59:00.0;OFF;ON;100;0,40;0,40;6,40;25,10;97,60;105;6;6;73,50;6,20;4,70;
2026-07-30 16:00:00.0;OFF;ON;100;0,40;0,30;6,30;25,10;97,60;105;5,90;6;73,60;6,10;4,70;
2026-07-30 16:01:00.0;OFF;ON;100;0,30;0,30;6,30;25;97,60;105;6;6;73,70;6;4,70;
2026-07-30 16:02:00.0;OFF;ON;100;0,30;0,20;6,20;24,90;97,60;105;5,90;6;74;6;4,60;
2026-07-30 16:03:00.0;OFF;ON;100;0,40;0,20;6,20;24,90;97,60;105;5,80;6;74,40;6;4,60;
2026-07-30 16:04:00.0;OFF;ON;100;0,30;0,10;6,10;24,90;97,60;105;5,80;6;74,50;5,90;4,50;
2026-07-30 16:05:00.0;OFF;ON;100;0,20;0,10;6,10;24,80;97,50;105;5,80;6;74,50;5,80;4,50;
2026-07-30 16:06:00.0;OFF;ON;100;0,20;0;6;24,80;97,60;105;5,80;6;74,70;5,80;4,40;
2026-07-30 16:07:00.0;OFF;ON;100;0,20;0;6;24,70;97,60;105;5,80;6;74,90;5,80;4,40;
2026-07-30 16:08:00.0;OFF;ON;100;0,10;-0,10;5,90;24,70;97,50;105;5,80;6;75;5,70;4,30;
2026-07-30 16:09:00.0;OFF;ON;100;0,10;-0,10;5,90;24,70;97,50;105;5,80;6;75,20;5,60;4,30;
2026-07-30 16:10:00.0;OFF;ON;100;-0,10;-0,20;5,80;24,60;97,50;105;5,90;6;74,90;5,60;4,20;
2026-07-30 16:11:00.0;OFF;ON;100;0;-0,20;5,80;24,60;97,50;104,90;5,80;6;75,70;5,50;4,20;
2026-07-30 16:12:00.0;OFF;ON;100;-0,20;-0,30;5,70;24,50;97,50;104,90;5,90;6;75,30;5,50;4,10;
2026-07-30 16:13:00.0;OFF;ON;100;-0,10;-0,30;5,70;24,50;97,50;104,90;5,80;6;76;5,50;4,10;
2026-07-30 16:14:00.0;OFF;ON;100;-0,30;-0,40;5,60;24,50;97,40;104,90;5,90;6;75,70;5,40;4,10;
2026-07-30 16:15:00.0;OFF;ON;100;-0,20;-0,40;5,60;24,40;97,40;104,90;5,80;6;76,40;5,30;4;
2026-07-30 16:16:00.0;OFF;ON;100;-0,30;-0,50;5,50;24,40;97,40;104,90;5,80;6;76,50;5,30;4;
2026-07-30 16:17:00.0;OFF;ON;100;-0,40;-0,50;5,50;24,30;97,40;104,90;5,80;6;76,60;5,20;3,90;
2026-07-30 16:18:00.0;OFF;ON;100;-0,40;-0,60;5,40;24,30;97,50;104,90;5,90;6;76,70;5,20;3,90;
2026-07-30 16:19:00.0;OFF;ON;100;-0,40;-0,60;5,40;24,20;97,40;104,90;5,80;6;77,10;5,10;3,80;
2026-07-30 16:20:00.0;OFF;ON;100;-0,60;-0,70;5,30;24,20;97,40;104,90;5,90;6;77;5,10;3,80;
2026-07-30 16:21:00.0;OFF;ON;100;-0,50;-0,70;5,30;24,10;97,40;104,90;5,80;6;77,50;5;3,70;
2026-07-30 16:22:00.0;OFF;ON;100;-0,60;-0,80;5,20;24,10;97,40;104,90;5,80;6;77,50;5;3,70;
2026-07-30 16:23:00.0;OFF;ON;100;-0,70;-0,90;5,10;24,10;97,40;104,90;5,80;6;77,90;4,90;3,60;
2026-07-30 16:24:00.0;OFF;ON;100;-0,60;-0,90;5,10;24;97,30;104,90;5,70;6;78,50;4,90;3,60;
2026-07-30 16:25:00.0;OFF;ON;100;-0,70;-0,90;5,10;24;97,20;104,90;5,70;6;78,60;4,80;3,50;
2026-07-30 16:26:00.0;OFF;ON;100;-0,80;-1;5;23,90;97,30;104,90;5,80;6;78,90;4,80;3,50;
2026-07-30 16:27:00.0;OFF;ON;100;-0,90;-1,10;4,90;23,90;97,30;104,90;5,80;6;78,90;4,80;3,40;
2026-07-30 16:28:00.0;OFF;ON;100;-1;-1,10;4,90;23,90;97,30;104,90;5,90;6;78,90;4,70;3,40;
2026-07-30 16:29:00.0;OFF;ON;100;-1;-1,10;4,90;23,80;97,20;104,90;5,80;6;79,20;4,70;3,30;
2026-07-30 16:30:00.0;OFF;ON;100;-1,10;-1,20;4,80;23,80;97,30;104,90;5,90;6;79,20;4,60;3,30;
2026-07-30 16:31:00.0;OFF;ON;100;-1,60;-1,20;4,80;23,70;97,20;104,90;6,40;6;77,30;4,60;3,30;
2026-07-30 16:32:00.0;OFF;ON;100;-2,40;-1,20;4,80;23,70;97,40;104,90;7,20;6;72,80;4,60;3,30;
2026-07-30 16:33:00.0;OFF;ON;100;-2,30;-1,20;4,80;23,60;97,30;104,90;7,10;6;72,30;4,50;3,10;
2026-07-30 16:34:00.0;OFF;ON;100;-2,30;-1,30;4,70;23,60;97,10;104,90;7;6;71,40;4,50;3,10;
2026-07-30 16:35:00.0;OFF;ON;100;-2,60;-1,40;4,60;23,50;97,10;104,90;7,20;6;69,10;4,40;3;
2026-07-30 16:36:00.0;OFF;ON;100;-2,90;-1,40;4,60;23,50;97,20;104,90;7,50;6;66;4,40;3;
2026-07-30 16:37:00.0;OFF;ON;100;-3,20;-1,30;4,70;23,50;97,40;104,90;7,90;6;62,90;4,50;3,20;
2026-07-30 16:38:00.0;OFF;ON;100;-1,20;-1,50;4,50;23,40;97,30;104,90;5,70;6;70,80;4,30;2,80;
2026-07-30 16:39:00.0;OFF;ON;100;-1,10;-1,50;4,50;23,40;97,20;104,90;5,60;6;71,90;4,40;3,10;
2026-07-30 16:40:00.0;OFF;ON;100;-0,90;-1,40;4,60;23,30;97,50;104,90;5,50;6;72,80;4,40;3,20;
2026-07-30 16:41:00.0;OFF;ON;100;-0,90;-1,40;4,60;23,30;97,50;104,90;5,50;6;73,30;4,40;3,20;
2026-07-30 16:42:00.0;OFF;ON;100;-0,90;-1,40;4,60;23,20;97,80;104,90;5,50;6;74,20;4,40;3,20;
2026-07-30 16:43:00.0;OFF;ON;100;-0,90;-1,40;4,60;23,20;97,80;104,90;5,50;6;74,70;4,40;3,20;
2026-07-30 16:44:00.0;OFF;ON;100;-1;-1,40;4,60;23,20;97,80;104,90;5,60;6;74,70;4,40;3,20;
2026-07-30 16:45:00.0;OFF;ON;100;-1,10;-1,40;4,60;23,10;97,80;104,90;5,60;6;75,20;4,30;3,10;
2026-07-30 16:46:00.0;OFF;ON;100;-1,10;-1,50;4,50;23,10;97,60;104,90;5,60;6;75,80;4,30;3,10;
2026-07-30 16:47:00.0;OFF;ON;100;-1;-1,50;4,50;23;97,50;104,90;5,50;6;76,70;4,30;3;
2026-07-30 16:48:00.0;OFF;ON;100;-1,10;-1,50;4,50;23;97,50;104,90;5,50;6;76,90;4,30;3;
2026-07-30 16:49:00.0;OFF;ON;100;-1,20;-1,60;4,40;22,90;97,40;104,90;5,70;6;77,20;4,20;2,90;
2026-07-30 16:50:00.0;OFF;ON;100;-1,20;-1,60;4,40;22,90;97,40;104,90;5,60;6;77,60;4,20;2,90;
2026-07-30 16:51:00.0;OFF;ON;100;-1,40;-1,70;4,30;22,80;97,30;104,90;5,70;6;77,90;4,10;2,80;
2026-07-30 16:52:00.0;OFF;ON;100;-1,30;-1,70;4,30;22,80;97,30;104,90;5,60;6;78,90;4,10;2,80;
2026-07-30 16:53:00.0;OFF;ON;100;-1,40;-1,80;4,20;22,80;97,20;104,90;5,60;6;79,20;4;2,70;
2026-07-30 16:54:00.0;OFF;ON;100;-1,50;-1,80;4,20;22,70;97,20;104,90;5,70;6;79,10;4;2,70;
2026-07-30 16:55:00.0;OFF;ON;100;-1,40;-1,80;4,20;22,70;97,10;104,90;5,60;6;80;4;2,60;
2026-07-30 16:56:00.0;OFF;ON;100;-2,50;-1,80;4,20;22,60;97,10;104,90;6,70;6;75,40;4;2,70;
2026-07-30 16:57:00.0;OFF;ON;100;-2,90;-1,90;4,10;22,60;97,30;104,80;7;6;73,20;3,90;2,60;
2026-07-30 16:58:00.0;OFF;ON;100;-2,70;-2;4;22,50;97;104,80;6,80;6;73,10;3,80;2,40;
2026-07-30 16:59:00.0;OFF;ON;100;-3;-2;4;22,50;97;104,80;6,90;6;71,20;3,80;2,40;
2026-07-30 17:00:00.0;OFF;ON;100;-3;-2,10;3,90;22,40;97;104,80;6,90;6;70,40;3,70;2,30;
2026-07-30 17:01:00.0;OFF;ON;100;-3,10;-2,10;3,90;22,40;97;104,80;7;6;69,10;3,70;2,30;
2026-07-30 17:02:00.0;OFF;ON;100;-3,50;-2,10;3,90;22,40;97;104,80;7,40;6;65,80;3,70;2,30;
2026-07-30 17:03:00.0;OFF;ON;100;-3,70;-2;4;22,30;97,30;104,80;7,70;6;63;3,70;2,40;
2026-07-30 17:04:00.0;OFF;ON;100;-1,50;-2,20;3,80;22,30;97;104,80;5,30;6;72,40;3,60;2,20;
2026-07-30 17:05:00.0;OFF;ON;100;-1,60;-2,10;3,90;22,20;97;104,80;5,50;6;72,40;3,70;2,40;
2026-07-30 17:06:00.0;OFF;ON;100;-1,40;-2,10;3,90;22,20;97,30;104,80;5,30;6;73,70;3,70;2,50;
2026-07-30 17:07:00.0;OFF;ON;100;-1,40;-2,10;3,90;22,10;97,40;104,80;5,30;6;74,50;3,70;2,50;
2026-07-30 17:08:00.0;OFF;ON;100;-1,40;-2;4;22,10;97,50;104,80;5,40;6;75,10;3,70;2,50;
2026-07-30 17:09:00.0;OFF;ON;100;-1,50;-2,10;3,90;22;97,50;104,80;5,40;6;75,60;3,70;2,50;
2026-07-30 17:10:00.0;OFF;ON;100;-1,50;-2,10;3,90;22;97,50;104,80;5,40;6;76,30;3,70;2,50;
2026-07-30 17:11:00.0;OFF;ON;100;-1,50;-2,10;3,90;22;97,50;104,80;5,40;6;77,30;3,70;2,40;
2026-07-30 17:12:00.0;OFF;ON;100;-1,50;-2,20;3,80;21,90;97,40;104,80;5,40;6;78,10;3,60;2,40;
2026-07-30 17:13:00.0;OFF;ON;100;-1,50;-2,20;3,80;21,90;97,30;104,80;5,40;6;78,60;3,60;2,30;
2026-07-30 17:14:00.0;OFF;ON;100;-1,80;-2,20;3,80;21,80;97,30;104,80;5,50;6;78,80;3,50;2,30;
2026-07-30 17:15:00.0;OFF;ON;100;-1,70;-2,30;3,70;21,80;97,30;104,80;5,50;6;79,60;3,50;2,20;
2026-07-30 17:16:00.0;OFF;ON;100;-2,50;-2,30;3,70;21,70;97,30;104,80;6,20;6;77;3,50;2,20;
2026-07-30 17:17:00.0;OFF;ON;100;-2,90;-2,30;3,70;21,70;97,30;104,80;6,60;6;74,90;3,40;2,20;
2026-07-30 17:18:00.0;OFF;ON;100;-2,80;-2,40;3,60;21,60;97,20;104,80;6,40;6;75,20;3,40;2,10;
2026-07-30 17:19:00.0;OFF;ON;100;-2,90;-2,40;3,60;21,60;97,10;104,80;6,60;6;74,10;3,40;2;
2026-07-30 17:20:00.0;OFF;ON;100;-3;-2,40;3,60;21,50;97,10;104,80;6,50;6;73,60;3,30;1,90;
2026-07-30 17:21:00.0;OFF;ON;100;-3,10;-2,50;3,50;21,50;97;104,80;6,60;6;72,60;3,30;1,90;
2026-07-30 17:22:00.0;OFF;ON;100;-3,10;-2,50;3,50;21,40;96,90;104,80;6,50;6;72,20;3,20;1,80;
2026-07-30 17:23:00.0;OFF;ON;100;-3,10;-2,60;3,40;21,40;96,90;104,80;6,50;6;71,60;3,20;1,80;
2026-07-30 17:24:00.0;OFF;ON;100;-3,30;-2,60;3,40;21,30;97;104,80;6,70;6;69,90;3,20;1,80;
2026-07-30 17:25:00.0;OFF;ON;100;-3,40;-2,60;3,40;21,30;97;104,80;6,80;6;68,60;3,10;1,80;
2026-07-30 17:26:00.0;OFF;ON;100;-3,70;-2,60;3,40;21,20;97;104,80;7,10;6;66,30;3,20;1,80;
2026-07-30 17:27:00.0;OFF;ON;100;-3,80;-2,60;3,40;21,20;97,20;104,80;7,30;6;64,50;3,20;1,90;
2026-07-30 17:28:00.0;OFF;ON;100;-2;-2,60;3,40;21,20;97,20;104,80;5,40;6;71,10;3,10;1,70;
2026-07-30 17:29:00.0;OFF;ON;100;-1,80;-2,60;3,40;21,10;97;104,80;5,10;6;73,40;3,10;1,90;
2026-07-30 17:30:00.0;OFF;ON;100;-1,80;-2,60;3,40;21,10;97,30;104,80;5,20;6;74,40;3,20;2;
2026-07-30 17:31:00.0;OFF;ON;100;-1,70;-2,60;3,40;21;97,40;104,80;5,20;6;75,20;3,20;2;
2026-07-30 17:32:00.0;OFF;ON;100;-1,70;-2,60;3,40;21;97,50;104,80;5,20;6;76,20;3,20;2;
2026-07-30 17:33:00.0;OFF;ON;100;-1,80;-2,60;3,40;20,90;97,50;104,80;5,20;6;77,10;3,20;2;
2026-07-30 17:34:00.0;OFF;ON;100;-1,70;-2,60;3,40;20,90;97,50;104,80;5,10;6;78,30;3,20;2;
2026-07-30 17:35:00.0;OFF;ON;100;-1,90;-2,60;3,40;20,80;97,50;104,80;5,30;6;78,60;3,20;1,90;
2026-07-30 17:36:00.0;OFF;ON;100;-2;-2,70;3,30;20,80;97,40;104,80;5,30;6;79,50;3,10;1,90;
2026-07-30 17:37:00.0;OFF;ON;100;-2,80;-2,70;3,30;20,70;97,40;104,80;6,20;6;76,30;3,10;2;
2026-07-30 17:38:00.0;OFF;ON;100;-3;-2,70;3,30;20,70;97,40;104,80;6,40;6;75,20;3,10;1,80;
2026-07-30 17:39:00.0;OFF;ON;100;-3;-2,80;3,20;20,60;97,30;104,80;6,30;6;75,30;3;1,70;
2026-07-30 17:40:00.0;OFF;ON;100;-3,10;-2,80;3,20;20,60;97,10;104,80;6,30;6;74,90;2,90;1,60;
2026-07-30 17:41:00.0;OFF;ON;100;-3,10;-2,80;3,20;20,50;97;104,80;6,20;6;74,70;2,90;1,60;
2026-07-30 17:42:00.0;OFF;ON;100;-3,10;-2,90;3,10;20,50;97;104,80;6,30;6;74,30;2,80;1,60;
2026-07-30 17:43:00.0;OFF;ON;100;-3,20;-2,90;3,10;20,40;97;104,80;6,30;6;73,90;2,80;1,50;
2026-07-30 17:44:00.0;OFF;ON;100;-3,20;-2,90;3,10;20,40;96,90;104,80;6,20;6;73,70;2,80;1,50;
2026-07-30 17:45:00.0;OFF;ON;100;-3,20;-3;3;20,40;97;104,80;6,30;6;73,20;2,80;1,50;
2026-07-30 17:46:00.0;OFF;ON;100;-3,20;-3;3;20,30;97;104,70;6,30;6;73;2,70;1,40;
2026-07-30 17:47:00.0;OFF;ON;100;-3,20;-3;3;20,30;97;104,70;6,20;6;73;2,70;1,40;
2026-07-30 17:48:00.0;OFF;ON;100;-3,30;-3;3;20,20;97;104,70;6,30;6;72,50;2,70;1,40;
2026-07-30 17:49:00.0;OFF;ON;100;-3,20;-3;3;20,20;97,10;104,70;6,20;6;72,40;2,70;1,40;
2026-07-30 17:50:00.0;OFF;ON;100;-3,20;-3;3;20,10;97;104,70;6,20;6;72,40;2,70;1,40;
2026-07-30 17:51:00.0;OFF;ON;100;-3,30;-3,10;2,90;20,10;97;104,70;6,20;6;72;2,60;1,40;
2026-07-30 17:52:00.0;OFF;ON;100;-3,30;-3,10;2,90;20;97;104,70;6,20;6;71,70;2,60;1,30;
2026-07-30 17:53:00.0;OFF;ON;100;-3,20;-3,10;2,90;20;97,10;104,70;6,10;6;71,90;2,60;1,30;
2026-07-30 17:54:00.0;OFF;ON;100;-3,30;-3,10;2,90;19,90;97,10;104,70;6,20;6;71,50;2,60;1,30;
2026-07-30 17:55:00.0;OFF;ON;100;-3,30;-3,10;2,90;19,90;97;104,70;6,10;6;71,50;2,60;1,30;
2026-07-30 17:56:00.0;OFF;ON;100;-3,30;-3,20;2,80;19,90;97,10;104,70;6,10;6;71,40;2,50;1,30;
2026-07-30 17:57:00.0;OFF;ON;100;-3,30;-3,20;2,80;19,80;97;104,70;6,10;6;71,40;2,50;1,30;
2026-07-30 17:58:00.0;OFF;ON;100;-3,30;-3,20;2,80;19,80;97;104,70;6,10;6;71,30;2,50;1,20;
2026-07-30 17:59:00.0;OFF;ON;100;-3,40;-3,20;2,80;19,70;97;104,70;6,20;6;70,70;2,50;1,30;
2026-07-30 18:00:00.0;OFF;ON;100;-3,30;-3,20;2,80;19,70;97;104,70;6,10;6;71,10;2,50;1,20;
2026-07-30 18:01:00.0;OFF;ON;100;-3,40;-3,20;2,80;19,70;97,10;104,70;6,10;6;70,70;2,50;1,20;
2026-07-30 18:02:00.0;OFF;ON;100;-3,40;-3,30;2,80;19,60;97,10;104,70;6,10;6;70,70;2,50;1,20;
2026-07-30 18:03:00.0;OFF;ON;100;-3,30;-3,30;2,70;19,60;97,10;104,70;6;6;70,80;2,40;1,20;
2026-07-30 18:04:00.0;OFF;ON;100;-3,30;-3,30;2,70;19,50;97,10;104,70;6;6;70,80;2,40;1,20;
2026-07-30 18:05:00.0;OFF;ON;100;-3,30;-3,30;2,70;19,50;97,10;104,70;6;6;70,80;2,40;1,20;
2026-07-30 18:06:00.0;OFF;ON;100;-3,40;-3,30;2,70;19,50;97;104,70;6,10;6;70,70;2,40;1,20;
2026-07-30 18:07:00.0;OFF;ON;100;-3,30;-3,30;2,70;19,40;97,10;104,70;6;6;70,70;2,40;1,20;
2026-07-30 18:08:00.0;OFF;ON;100;-3,30;-3,30;2,70;19,40;97,20;104,70;6;6;70,70;2,40;1,20;
2026-07-30 18:09:00.0;OFF;ON;100;-3,40;-3,40;2,60;19,30;97,10;104,70;6;6;71,30;2,40;1,10;
2026-07-30 18:10:00.0;OFF;ON;100;-3,40;-3,40;2,60;19,30;97,20;104,70;6;6;71,30;2,30;1,10;
2026-07-30 18:11:00.0;OFF;ON;100;-3,40;-3,40;2,60;19,30;97,10;104,70;6;6;71,30;2,30;1,10;
2026-07-30 18:12:00.0;OFF;ON;100;-3,40;-3,40;2,60;19,20;97,10;104,70;6;6;71,30;2,30;1,10;
2026-07-30 18:13:00.0;OFF;ON;100;-3,40;-3,40;2,60;19,20;97,10;104,70;6;6;71,40;2,30;1,10;
2026-07-30 18:14:00.0;OFF;ON;100;-3,30;-3,40;2,60;19,20;97,20;104,70;5,90;6;71,70;2,30;1,10;
2026-07-30 18:15:00.0;OFF;ON;100;-3,30;-3,40;2,60;19,10;97,10;104,70;5,90;6;71,90;2,20;1,10;
2026-07-30 18:16:00.0;OFF;ON;100;-3,30;-3,50;2,50;19,10;97,10;104,70;5,90;6;72;2,20;1;
2026-07-30 18:17:00.0;OFF;ON;100;-3,30;-3,50;2,50;19;97,10;104,70;5,80;6;72,30;2,20;1;
2026-07-30 18:18:00.0;OFF;ON;100;-3,30;-3,50;2,50;19;97,20;104,70;5,80;6;72,50;2,20;1;
2026-07-30 18:19:00.0;OFF;ON;100;-3,40;-3,50;2,50;19;97,10;104,70;5,90;6;72,30;2,20;1,10;
2026-07-30 18:20:00.0;OFF;ON;100;-3,30;-3,50;2,50;18,90;97,10;104,70;5,80;6;73;2,20;1;
2026-07-30 18:21:00.0;OFF;ON;100;-3,30;-3,50;2,50;18,90;97,10;104,70;5,80;6;73,30;2,20;1;
2026-07-30 18:22:00.0;OFF;ON;100;-3,40;-3,60;2,40;18,80;97,20;104,70;5,80;6;73,20;2,10;1;
2026-07-30 18:23:00.0;OFF;ON;100;-3,40;-3,60;2,40;18,80;97,10;104,70;5,80;6;73,70;2,10;1;
2026-07-30 18:24:00.0;OFF;ON;100;-3,30;-3,60;2,40;18,80;97,20;104,70;5,70;6;74,20;2,10;1;
2026-07-30 18:25:00.0;OFF;ON;100;-3,30;-3,60;2,40;18,70;97,10;104,70;5,70;6;74,40;2,10;1;
2026-07-30 18:26:00.0;OFF;ON;100;-3,40;-3,60;2,40;18,70;97,10;104,70;5,70;6;74,80;2,10;1;
2026-07-30 18:27:00.0;OFF;ON;100;-3,30;-3,60;2,40;18,60;97,20;104,70;5,70;6;75,30;2,10;1;
2026-07-30 18:28:00.0;OFF;ON;100;-3,40;-3,70;2,30;18,60;97,20;104,70;5,80;6;75,20;2,10;0,90;
2026-07-30 18:29:00.0;OFF;ON;100;-3,40;-3,70;2,30;18,50;97,10;104,70;5,70;6;75,70;2,10;0,90;
2026-07-30 18:30:00.0;OFF;ON;100;-3,30;-3,70;2,30;18,50;97,10;104,70;5,60;6;76,40;2;0,90;
2026-07-30 18:31:00.0;OFF;ON;100;-3,30;-3,70;2,30;18,50;97,10;104,70;5,60;6;76,80;2;0,90;
2026-07-30 18:32:00.0;OFF;ON;100;-3,30;-3,70;2,30;18,40;97,20;104,70;5,60;6;77,20;2;0,90;
2026-07-30 18:33:00.0;OFF;ON;100;-3,30;-3,70;2,30;18,40;97,20;104,70;5,60;6;77,60;2;0,90;
2026-07-30 18:34:00.0;OFF;ON;100;-3,30;-3,70;2,30;18,30;97,20;104,60;5,70;6;77,90;2;0,90;
2026-07-30 18:35:00.0;OFF;ON;100;-3,40;-3,70;2,30;18,30;97,10;104,70;5,70;6;78,20;2;0,90;
2026-07-30 18:36:00.0;OFF;ON;100;-3,30;-3,70;2,30;18,30;97,10;104,60;5,60;6;79,10;2;0,90;
2026-07-30 18:37:00.0;OFF;ON;100;-3,30;-3,80;2,20;18,20;97,10;104,70;5,60;6;79,50;1,90;0,90;
2026-07-30 18:38:00.0;OFF;ON;100;-3,40;-3,80;2,20;18,20;97,10;104,60;5,60;6;79,90;1,90;0,80;
2026-07-30 18:39:00.0;OFF;ON;100;-3,20;-3,80;2,20;18,10;97,10;104,60;5,40;6;81,20;1,90;0,80;
2026-07-30 18:40:00.0;OFF;ON;100;-3,20;-3,80;2,20;18,10;97;104,60;5,40;6;82,10;1,90;0,80;
2026-07-30 18:41:00.0;OFF;ON;100;-3,10;-3,90;2,10;18,10;97;104,70;5,30;6;83,40;1,80;0,80;
2026-07-30 18:42:00.0;OFF;ON;100;-3,20;-3,90;2,10;18;96,90;104,60;5,30;6;84,20;1,80;0,70;
2026-07-30 18:43:00.0;OFF;ON;100;-3,20;-3,90;2,10;18;96,90;104,60;5,20;6;85,30;1,80;0,70;
2026-07-30 18:44:00.0;OFF;ON;100;-3,20;-4;2;17,90;96,90;104,60;5,20;6;86,10;1,80;0,70;
2026-07-30 18:45:00.0;OFF;ON;100;-3,10;-4;2;17,90;97;104,60;5,10;6;87,80;1,70;0,60;
2026-07-30 18:46:00.0;OFF;ON;100;-3;-4;2;17,90;97;104,60;5;6;89,10;1,70;0,60;
2026-07-30 18:47:00.0;OFF;ON;100;-3,10;-4;2;17,80;97;104,60;5,10;6;89,80;1,60;0,60;
2026-07-30 18:48:00.0;OFF;ON;100;-3;-4;1,90;17,80;96,90;104,60;4,90;6;91,50;1,60;0,50;
2026-07-30 18:49:00.0;OFF;ON;100;-3;-4;1,90;17,70;96,80;104,60;4,90;6;92,50;1,60;0,50;
2026-07-30 18:50:00.0;OFF;ON;100;-3;-4;1,90;17,70;96,90;104,60;4,90;6;93,70;1,50;0,50;
2026-07-30 18:51:00.0;OFF;ON;100;-3,10;-4;1,80;17,60;96,90;104,60;4,90;6;94,40;1,50;0,40;
2026-07-30 18:52:00.0;OFF;ON;100;-3;-4;1,80;17,60;96,90;104,60;4,80;6;95,90;1,50;0,40;
2026-07-30 18:53:00.0;OFF;ON;100;-3;-4;1,80;17,60;96,80;104,60;4,80;6;97,10;1,40;0,30;
2026-07-30 18:54:00.0;OFF;ON;100;-3,10;-4;1,80;17,50;96,80;104,60;4,90;6;97,80;1,50;0,30;
2026-07-30 18:55:00.0;OFF;ON;100;-3,10;-4;1,70;17,50;96,90;104,60;4,90;6;98,90;1,40;0,30;
2026-07-30 18:56:00.0;OFF;ON;100;-3;-4;1,70;17,40;96,80;104,60;4,80;6;100;1,40;0,30;
2026-07-30 18:57:00.0;OFF;ON;100;-3,20;-4;1,70;17,40;96,80;104,60;4,90;6;99,60;1,40;0,20;
2026-07-30 18:58:00.0;OFF;ON;100;-3,20;-4;1,70;17,40;96,90;104,60;4,80;6;99,70;1,40;0,20;
2026-07-30 18:59:00.0;OFF;ON;100;-3,10;-4;1,70;17,30;96,90;104,60;4,80;6;99,80;1,30;0,20;
2026-07-30 19:00:00.0;OFF;ON;100;-3,20;-4;1,60;17,30;96,90;104,60;4,80;6;99,60;1,30;0,20;
2026-07-30 19:01:00.0;OFF;ON;100;-3,10;-4;1,60;17,20;96,90;104,60;4,80;6;99,80;1,30;0,20;
2026-07-30 19:02:00.0;OFF;ON;100;-3,20;-4;1,60;17,20;96,90;104,60;4,80;6;99,60;1,30;0,10;
2026-07-30 19:03:00.0;OFF;ON;100;-3,20;-4;1,60;17,10;96,90;104,60;4,80;6;99,60;1,30;0,10;
2026-07-30 19:04:00.0;OFF;ON;100;-3,10;-4;1,60;17,10;96,90;104,60;4,70;6;100;1,30;0,10;
2026-07-30 19:05:00.0;OFF;ON;100;-3,30;-4;1,60;17,10;96,90;104,60;4,80;6;99,60;1,20;0,10;
2026-07-30 19:06:00.0;OFF;ON;100;-3,20;-4;1,60;17;96,90;104,60;4,70;6;100;1,20;0,10;
2026-07-30 19:07:00.0;OFF;ON;100;-3,30;-4;1,50;17;96,90;104,60;4,80;6;99,80;1,20;0;
2026-07-30 19:08:00.0;OFF;ON;100;-3,30;-4;1,50;16,90;96,90;104,60;4,80;6;99,60;1,20;0;
2026-07-30 19:09:00.0;OFF;ON;100;-3,30;-4;1,50;16,90;96,90;104,60;4,80;6;99,60;1,20;0;
2026-07-30 19:10:00.0;OFF;ON;100;-3,30;-4;1,50;16,90;97;104,60;4,80;6;99,70;1,20;0;
2026-07-30 19:11:00.0;OFF;ON;100;-3,30;-4;1,50;16,80;97;104,60;4,80;6;99,60;1,10;0;
2026-07-30 19:12:00.0;OFF;ON;100;-3,20;-4;1,50;16,80;96,90;104,60;4,70;6;100;1,10;0;
2026-07-30 19:13:00.0;OFF;ON;100;-3,30;-4;1,50;16,70;96,90;104,60;4,70;6;100;1,10;-0,10;
2026-07-30 19:14:00.0;OFF;ON;100;-3,30;-4;1,40;16,70;96,90;104,60;4,70;6;100;1,10;-0,10;
2026-07-30 19:15:00.0;OFF;ON;100;-3,30;-4;1,40;16,60;96,90;104,60;4,70;6;100;1,10;-0,10;
2026-07-30 19:16:00.0;OFF;ON;100;-3,30;-4;1,40;16,60;96,80;104,60;4,70;6;100;1,10;-0,10;
2026-07-30 19:17:00.0;OFF;ON;100;-3,30;-4;1,40;16,60;96,80;104,60;4,70;6;99,70;1,10;-0,10;
2026-07-30 19:18:00.0;OFF;ON;100;-3,40;-4;1,30;16,50;96,70;104,60;4,70;6;99,50;1;-0,10;
2026-07-30 19:19:00.0;OFF;ON;100;-3,40;-4;1,30;16,50;96,80;104,60;4,70;6;99,80;1;-0,10;
2026-07-30 19:20:00.0;OFF;ON;100;-3,40;-4;1,30;16,40;96,80;104,60;4,70;6;99,70;1;-0,20;
2026-07-30 19:21:00.0;OFF;ON;100;-3,40;-4;1,30;16,40;96,80;104,60;4,70;6;99,60;1;-0,20;
2026-07-30 19:22:00.0;OFF;ON;100;-3,40;-4;1,30;16,30;96,80;104,60;4,70;6;99,60;1;-0,20;
2026-07-30 19:23:00.0;OFF;ON;100;-3,30;-4;1,20;16,30;96,80;104,60;4,60;6;100;0,90;-0,20;
2026-07-30 19:24:00.0;OFF;ON;100;-3,30;-4;1,20;16,30;96,80;104,60;4,60;6;100;0,90;-0,20;
2026-07-30 19:25:00.0;OFF;ON;100;-3,40;-4;1,20;16,20;96,70;104,60;4,60;6;99,60;0,90;-0,20;
2026-07-30 19:26:00.0;OFF;ON;100;-3,40;-4;1,20;16,20;96,80;104,60;4,60;6;100;0,90;-0,20;
2026-07-30 19:27:00.0;OFF;ON;100;-3,40;-4;1,20;16,10;96,80;104,60;4,60;6;99,60;0,90;-0,20;
2026-07-30 19:28:00.0;OFF;ON;100;-3,40;-4;1,20;16,10;96,80;104,50;4,50;6;100;0,80;-0,20;
2026-07-30 19:29:00.0;OFF;ON;100;-3,40;-4;1,10;16,10;96,80;104,50;4,50;6;100;0,80;-0,30;
2026-07-30 19:30:00.0;OFF;ON;100;-3,40;-4;1,10;16;96,80;104,50;4,50;6;100;0,80;-0,30;
2026-07-30 19:31:00.0;OFF;ON;100;-3,40;-4;1,10;16;96,80;104,50;4,50;6;100;0,80;-0,30;
2026-07-30 19:32:00.0;OFF;ON;100;-3,40;-4;1,10;15,90;96,80;104,50;4,50;6;100;0,80;-0,30;
2026-07-30 19:33:00.0;OFF;ON;100;-3,50;-4;1,10;15,90;96,80;104,50;4,50;6;99,70;0,80;-0,30;
2026-07-30 19:34:00.0;OFF;ON;100;-3,50;-4;1,10;15,90;96,80;104,50;4,50;6;99,70;0,70;-0,30;
2026-07-30 19:35:00.0;OFF;ON;100;-3,40;-4;1,10;15,80;96,80;104,50;4,50;6;100;0,80;-0,30;
2026-07-30 19:36:00.0;OFF;ON;100;-3,50;-4;1;15,80;96,80;104,50;4,50;6;99,60;0,70;-0,30;
2026-07-30 19:37:00.0;OFF;ON;100;-3,40;-4;1;15,70;96,80;104,50;4,40;6;100;0,70;-0,30;
2026-07-30 19:38:00.0;OFF;ON;100;-3,50;-4;1;15,70;96,70;104,50;4,50;6;99,60;0,70;-0,30;
2026-07-30 19:39:00.0;OFF;ON;100;-3,40;-4;1;15,60;96,70;104,50;4,40;6;100;0,70;-0,40;
2026-07-30 19:40:00.0;OFF;ON;100;-3,50;-4;1;15,60;96,80;104,50;4,50;6;99,60;0,70;-0,40;
2026-07-30 19:41:00.0;OFF;ON;100;-3,40;-4;1;15,60;96,70;104,50;4,40;6;100;0,70;-0,40;
2026-07-30 19:42:00.0;OFF;ON;100;-3,50;-4;1;15,50;96,70;104,50;4,40;6;99,70;0,70;-0,40;
2026-07-30 19:43:00.0;OFF;ON;100;-3,40;-4;1;15,50;96,70;104,50;4,40;6;100;0,60;-0,40;
2026-07-30 19:44:00.0;OFF;ON;100;-3,40;-4;1;15,40;96,70;104,50;4,40;6;100;0,70;-0,40;
2026-07-30 19:45:00.0;OFF;ON;100;-3,40;-4;0,90;15,40;96,70;104,50;4,40;6;99,70;0,60;-0,40;
2026-07-30 19:46:00.0;OFF;ON;100;-3,50;-4;0,90;15,30;96,70;104,50;4,40;6;99,70;0,60;-0,40;
2026-07-30 19:47:00.0;OFF;ON;100;-3,50;-4;0,90;15,30;96,70;104,50;4,40;6;99,60;0,60;-0,40;
2026-07-30 19:48:00.0;OFF;ON;100;-3,40;-4;0,90;15,30;96,70;104,50;4,30;6;100;0,60;-0,40;
2026-07-30 19:49:00.0;OFF;ON;100;-3,50;-4;0,90;15,20;96,80;104,50;4,40;6;99,70;0,60;-0,40;
2026-07-30 19:50:00.0;OFF;ON;100;-3,40;-4;0,90;15,20;96,80;104,50;4,30;6;100;0,60;-0,40;
2026-07-30 19:51:00.0;OFF;ON;100;-3,40;-4;0,90;15,10;96,80;104,50;4,30;6;100;0,60;-0,40;
2026-07-30 19:52:00.0;OFF;ON;100;-3,40;-4;0,90;15,10;96,70;104,50;4,30;6;100;0,60;-0,40;
2026-07-30 19:53:00.0;OFF;ON;100;-3,50;-4;0,90;15,10;96,70;104,50;4,30;6;99,60;0,50;-0,40;
2026-07-30 19:54:00.0;OFF;ON;100;-3,50;-4;0,80;15;96,70;104,50;4,30;6;99,70;0,60;-0,40;
2026-07-30 19:55:00.0;OFF;ON;100;-3,40;-4;0,80;15;96,70;104,50;4,20;6;100;0,50;-0,40;
2026-07-30 19:56:00.0;OFF;ON;100;-3,50;-4;0,80;14,90;96,80;104,50;4,30;6;99,60;0,50;-0,40;
2026-07-30 19:57:00.0;OFF;ON;100;-3,40;-4;0,80;14,90;96,80;104,50;4,30;6;99,70;0,50;-0,50;
2026-07-30 19:58:00.0;OFF;ON;100;-3,40;-4;0,80;14,90;96,80;104,50;4,20;6;100;0,50;-0,50;
2026-07-30 19:59:00.0;OFF;ON;100;-3,40;-4;0,80;14,80;96,70;104,50;4,20;6;99,70;0,50;-0,50;
2026-07-30 20:00:00.0;OFF;ON;100;-3,50;-4;0,80;14,80;96,70;104,50;4,20;6;99,70;0,50;-0,50;
2026-07-30 20:01:00.0;OFF;ON;100;-3,40;-4;0,80;14,80;96,70;104,50;4,20;6;100;0,50;-0,50;
2026-07-30 20:02:00.0;OFF;ON;100;-3,30;-4;0,80;14,70;96,70;104,50;4,10;6;100;0,50;-0,50;
2026-07-30 20:03:00.0;OFF;ON;100;-3,50;-4;0,80;14,70;96,70;104,50;4,20;6;99,60;0,50;-0,50;
2026-07-30 20:04:00.0;OFF;ON;100;-3,40;-4;0,80;14,70;96,70;104,50;4,10;6;100;0,50;-0,50;
2026-07-30 20:05:00.0;OFF;ON;100;-3,40;-4;0,70;14,60;96,80;104,50;4,10;6;100;0,50;-0,50;
2026-07-30 20:06:00.0;OFF;ON;100;-3,40;-4;0,70;14,60;96,70;104,50;4,20;6;99,60;0,40;-0,50;
2026-07-30 20:07:00.0;OFF;ON;100;-3,40;-4;0,70;14,60;96,70;104,50;4,20;6;99,60;0,50;-0,50;
2026-07-30 20:08:00.0;OFF;ON;100;-3,50;-4;0,70;14,50;96,80;104,50;4,20;6;99,50;0,50;-0,50;
2026-07-30 20:09:00.0;OFF;ON;100;-3,30;-4;0,70;14,50;96,70;104,50;4;6;100;0,40;-0,50;
2026-07-30 20:10:00.0;OFF;ON;100;-3,50;-4;0,70;14,50;96,70;104,50;4,20;6;99,50;0,40;-0,50;
2026-07-30 20:11:00.0;OFF;ON;100;-3,30;-4;0,70;14,40;96,70;104,50;4;6;100;0,40;-0,50;
2026-07-30 20:12:00.0;OFF;ON;100;-3,30;-4;0,70;14,40;96,70;104,50;4;6;100;0,40;-0,50;
2026-07-30 20:13:00.0;OFF;ON;100;-3,70;-4;0,70;14,40;96,70;104,50;4,40;6;99,10;0,40;-0,60;
2026-07-30 20:14:00.0;OFF;ON;100;-3,90;-4;0,60;14,30;96,60;104,50;4,60;6;98,30;0,30;-0,60;
2026-07-30 20:15:00.0;OFF;ON;100;-3,60;-4;0,50;14,30;96,20;104,50;4,10;6;99,70;0,20;-0,80;
2026-07-30 20:16:00.0;OFF;ON;100;-3,40;-4;0,60;14,30;96,30;104,50;4;6;100;0,30;-0,60;
2026-07-30 20:17:00.0;OFF;ON;100;-3,20;-4;0,60;14,20;96,50;104,50;3,80;6;100;0,30;-0,60;
2026-07-30 20:18:00.0;OFF;ON;100;-3,20;-4;0,60;14,20;96,70;104,50;3,90;6;99,70;0,40;-0,50;
2026-07-30 20:19:00.0;OFF;ON;100;-3,20;-4;0,60;14,20;96,80;104,50;3,80;6;99,70;0,40;-0,50;
2026-07-30 20:20:00.0;OFF;ON;100;-3,20;-4;0,70;14,10;96,90;104,50;3,80;6;99,60;0,40;-0,50;
2026-07-30 20:21:00.0;OFF;ON;100;-3,20;-4;0,70;14,10;96,90;104,50;3,80;6;99,60;0,40;-0,50;
2026-07-30 20:22:00.0;OFF;ON;100;-3,10;-4;0,70;14,10;96,90;104,50;3,80;6;99,60;0,40;-0,40;
2026-07-30 20:23:00.0;OFF;ON;100;-3;-4;0,70;14;96,90;104,50;3,70;6;100;0,40;-0,40;
2026-07-30 20:24:00.0;OFF;ON;100;-3,10;-4;0,70;14;96,90;104,50;3,80;6;99,60;0,40;-0,40;
2026-07-30 20:25:00.0;OFF;ON;100;-3;-4;0,70;14;96,90;104,50;3,70;6;100;0,40;-0,40;
2026-07-30 20:26:00.0;OFF;ON;100;-3;-4;0,70;13,90;96,90;104,50;3,70;6;100;0,40;-0,40;
2026-07-30 20:27:00.0;OFF;ON;100;-3,10;-4;0,70;13,90;96,90;104,50;3,80;6;99,60;0,40;-0,40;
2026-07-30 20:28:00.0;OFF;ON;100;-3,10;-4;0,70;13,90;96,90;104,50;3,70;6;99,70;0,40;-0,40;
2026-07-30 20:29:00.0;OFF;ON;100;-3,10;-4;0,70;13,80;96,90;104,40;3,70;6;99,60;0,40;-0,40;
2026-07-30 20:30:00.0;OFF;ON;100;-3;-4;0,70;13,80;96,90;104,40;3,60;6;100;0,40;-0,40;
2026-07-30 20:31:00.0;OFF;ON;100;-3;-4;0,70;13,80;96,90;104,50;3,70;6;99,80;0,40;-0,40;
2026-07-30 20:32:00.0;OFF;ON;100;-3,10;-4;0,70;13,70;96,90;104,40;3,70;6;99,60;0,30;-0,40;
2026-07-30 20:33:00.0;OFF;ON;100;-3;-4;0,60;13,70;96,90;104,40;3,70;6;99,60;0,40;-0,40;
2026-07-30 20:34:00.0;OFF;ON;100;-2,90;-4;0,70;13,70;96,90;104,40;3,60;6;100;0,40;-0,40;
2026-07-30 20:35:00.0;OFF;ON;100;-3,10;-4;0,60;13,60;96,90;104,40;3,60;6;99,60;0,40;-0,40;
2026-07-30 20:36:00.0;OFF;ON;100;-3;-4;0,70;13,60;96,90;104,40;3,60;6;100;0,40;-0,40;
2026-07-30 20:37:00.0;OFF;ON;100;-3;-4;0,60;13,60;96,90;104,40;3,60;6;100;0,40;-0,40;
2026-07-30 20:38:00.0;OFF;ON;100;-3;-4;0,60;13,50;96,80;104,40;3,60;6;100;0,40;-0,40;
2026-07-30 20:39:00.0;OFF;ON;100;-3;-4;0,60;13,50;96,90;104,40;3,60;6;100;0,40;-0,40;
2026-07-30 20:40:00.0;OFF;ON;100;-3,60;-4;0,60;13,50;96,90;104,40;4,20;6;98,20;0,30;-0,50;
2026-07-30 20:41:00.0;OFF;ON;100;-3,70;-4;0,50;13,40;96,50;104,40;4,20;6;98,50;0,20;-0,70;
2026-07-30 20:42:00.0;OFF;ON;100;-3,60;-4;0,40;13,40;96,40;104,40;4,10;6;99,10;0,10;-0,70;
2026-07-30 20:43:00.0;OFF;ON;100;-3,60;-4;0,40;13,40;96,30;104,40;4;6;99,70;0,10;-0,70;
2026-07-30 20:44:00.0;OFF;ON;100;-3,60;-4;0,40;13,30;96,30;104,40;4;6;99,60;0,10;-0,70;
2026-07-30 20:45:00.0;OFF;ON;100;-3,50;-4;0,40;13,30;96,30;104,40;3,90;6;100;0,10;-0,70;
2026-07-30 20:46:00.0;OFF;ON;100;-3,50;-4;0,40;13,30;96,40;104,40;3,90;6;100;0,10;-0,70;
2026-07-30 20:47:00.0;OFF;ON;100;-3,60;-4;0,40;13,20;96,40;104,40;4;6;99,60;0,10;-0,70;
2026-07-30 20:48:00.0;OFF;ON;100;-3,50;-4;0,40;13,20;96,40;104,40;3,90;6;100;0,10;-0,70;
2026-07-30 20:49:00.0;OFF;ON;100;-3,60;-4;0,40;13,20;96,40;104,40;4;6;99,50;0,10;-0,70;
2026-07-30 20:50:00.0;OFF;ON;100;-3,60;-4;0,30;13,10;96,40;104,40;4;6;99,60;0;-0,70;
2026-07-30 20:51:00.0;OFF;ON;100;-3,60;-4;0,30;13,10;96,40;104,40;4;6;99,60;0;-0,80;
2026-07-30 20:52:00.0;OFF;ON;100;-3,70;-4;0,30;13,10;96,50;104,40;4;6;99,60;0;-0,80;
2026-07-30 20:53:00.0;OFF;ON;100;-3,70;-4;0,30;13;96,40;104,40;4;6;99,50;0;-0,80;
2026-07-30 20:54:00.0;OFF;ON;100;-3,60;-4;0,30;13;96,50;104,40;3,90;6;100;0;-0,80;
2026-07-30 20:55:00.0;OFF;ON;100;-3,60;-4;0,30;13;96,40;104,40;3,90;6;100;0;-0,80;
2026-07-30 20:56:00.0;OFF;ON;100;-3,70;-4;0,30;12,90;96,40;104,40;4;6;99,50;0;-0,80;
2026-07-30 20:57:00.0;OFF;ON;100;-3,60;-4;0,30;12,90;96,40;104,40;3,90;6;100;0;-0,80;
2026-07-30 20:58:00.0;OFF;ON;100;-3,20;-4;0,20;12,90;96,40;104,40;3,40;6;99,60;0,10;-0,80;
2026-07-30 20:59:00.0;OFF;ON;100;-3,20;-4;0,30;12,80;96,50;104,40;3,50;6;99,60;0,20;-0,70;
2026-07-30 21:00:00.0;OFF;ON;100;-3,20;-4;0,40;12,80;96,80;104,40;3,60;6;99,60;0,20;-0,60;
2026-07-30 21:01:00.0;OFF;ON;100;-3,30;-4;0,40;12,80;96,80;104,40;3,60;6;99,60;0,20;-0,60;
2026-07-30 21:02:00.0;OFF;ON;100;-3,20;-4;0,40;12,70;96,80;104,40;3,50;6;100;0,30;-0,60;
2026-07-30 21:03:00.0;OFF;ON;100;-3,30;-4;0,40;12,70;96,80;104,40;3,60;6;99,60;0,30;-0,60;
2026-07-30 21:04:00.0;OFF;ON;100;-3,30;-4;0,40;12,70;96,70;104,40;3,70;6;99,60;0,30;-0,70;
2026-07-30 21:05:00.0;OFF;ON;100;-3,20;-4;0,40;12,60;96,70;104,40;3,60;6;100;0,20;-0,70;
2026-07-30 21:06:00.0;OFF;ON;100;-3,20;-4;0,40;12,60;96,70;104,40;3,60;6;100;0,20;-0,70;
2026-07-30 21:07:00.0;OFF;ON;100;-3,20;-4;0,30;12,60;96,70;104,40;3,60;6;100;0,20;-0,70;
2026-07-30 21:08:00.0;OFF;ON;100;-3,30;-4;0,30;12,50;96,70;104,40;3,70;6;99,60;0,20;-0,70;
2026-07-30 21:09:00.0;OFF;ON;100;-3,20;-4;0,30;12,50;96,70;104,40;3,60;6;100;0,20;-0,70;
2026-07-30 21:10:00.0;OFF;ON;100;-3,30;-4;0,30;12,50;96,60;104,40;3,60;6;99,80;0,20;-0,70;
2026-07-30 21:11:00.0;OFF;ON;100;-3,30;-4;0,30;12,40;96,70;104,40;3,60;6;99,60;0,20;-0,70;
2026-07-30 21:12:00.0;OFF;ON;100;-3,30;-4;0,30;12,40;96,70;104,40;3,60;6;99,70;0,20;-0,70;
2026-07-30 21:13:00.0;OFF;ON;100;-3,20;-4;0,30;12,40;96,60;104,40;3,50;6;100;0,20;-0,70;
2026-07-30 21:14:00.0;OFF;ON;100;-3,30;-4;0,30;12,30;96,60;104,40;3,60;6;99,60;0,20;-0,70;
2026-07-30 21:15:00.0;OFF;ON;100;-3,20;-4;0,30;12,30;96,60;104,40;3,50;6;100;0,20;-0,70;
2026-07-30 21:16:00.0;OFF;ON;100;-3,30;-4;0,30;12,30;96,60;104,40;3,60;6;99,60;0,20;-0,70;
2026-07-30 21:17:00.0;OFF;ON;100;-3,30;-4;0,30;12,20;96,50;104,40;3,60;6;99,60;0,20;-0,70;
2026-07-30 21:18:00.0;OFF;ON;100;-3,30;-4;0,30;12,20;96,60;104,40;3,60;6;99,60;0,20;-0,70;
2026-07-30 21:19:00.0;OFF;ON;100;-3,30;-4;0,30;12,20;96,50;104,40;3,50;6;100;0,10;-0,70;
2026-07-30 21:20:00.0;OFF;ON;100;-3,20;-4;0,20;12,10;96,50;104,40;3,50;6;100;0,10;-0,70;
2026-07-30 21:21:00.0;OFF;ON;100;-3,40;-4;0,20;12,10;96,50;104,40;3,60;6;99,60;0,10;-0,70;
2026-07-30 21:22:00.0;OFF;ON;100;-3,30;-4;0,20;12,10;96,50;104,40;3,60;6;99,60;0,10;-0,70;
2026-07-30 21:23:00.0;OFF;ON;100;-3,30;-4;0,20;12;96,50;104,40;3,50;6;100;0,10;-0,80;
2026-07-30 21:24:00.0;OFF;ON;100;-3,30;-4;0,20;12;96,50;104,40;3,50;6;100;0,10;-0,80;
2026-07-30 21:25:00.0;OFF;ON;100;-3,30;-4;0,20;12;96,50;104,40;3,50;6;100;0,10;-0,80;
2026-07-30 21:26:00.0;OFF;ON;100;-3,40;-4;0,20;11,90;96,50;104,40;3,50;6;99,80;0;-0,80;
2026-07-30 21:27:00.0;OFF;ON;100;-3,30;-4;0,20;11,90;96,50;104,40;3,50;6;100;0;-0,80;
2026-07-30 21:28:00.0;OFF;ON;100;-3,30;-4;0,20;11,90;96,40;104,40;3,50;6;100;0;-0,80;
2026-07-30 21:29:00.0;OFF;ON;100;-3,40;-4;0,10;11,80;96,50;104,40;3,50;6;100;0,10;-0,80;
2026-07-30 21:30:00.0;OFF;ON;100;-3,30;-4;0,20;11,80;96,40;104,40;3,50;6;100;0;-0,80;
2026-07-30 21:31:00.0;OFF;ON;100;-3,40;-4;0,10;11,80;96,40;104,40;3,50;6;100;0;-0,80;
2026-07-30 21:32:00.0;OFF;ON;100;-3,40;-4;0,10;11,70;96,40;104,40;3,50;6;100;0;-0,80;
2026-07-30 21:33:00.0;OFF;ON;100;-3,50;-4;0,10;11,70;96,40;104,40;3,60;6;99,60;0;-0,80;
2026-07-30 21:34:00.0;OFF;ON;100;-3,40;-4;0,10;11,70;96,40;104,40;3,50;6;100;0;-0,80;
2026-07-30 21:35:00.0;OFF;ON;100;-3,40;-4;0,10;11,60;96,40;104,40;3,50;6;100;0;-0,80;
2026-07-30 21:36:00.0;OFF;ON;100;-3,40;-4;0,10;11,60;96,40;104,40;3,40;6;100;0;-0,80;
2026-07-30 21:37:00.0;OFF;ON;100;-3,40;-4;0,10;11,60;96,40;104,40;3,50;6;99,80;0;-0,80;
2026-07-30 21:38:00.0;OFF;ON;100;-3,40;-4;0,10;11,50;96,40;104,40;3,40;6;100;0;-0,90;
2026-07-30 21:39:00.0;OFF;ON;100;-3,40;-4;0,10;11,50;96,40;104,40;3,50;6;99,70;0;-0,90;
2026-07-30 21:40:00.0;OFF;ON;100;-3,30;-4;0,10;11,50;96,40;104,40;3,40;6;100;-0,10;-0,90;
2026-07-30 21:41:00.0;OFF;ON;100;-3,40;-4;0;11,40;96,40;104,40;3,50;6;99,80;-0,10;-0,90;
2026-07-30 21:42:00.0;OFF;ON;100;-3,30;-4;0;11,40;96,40;104,40;3,40;6;100;-0,10;-0,90;
2026-07-30 21:43:00.0;OFF;ON;100;-3,40;-4;0;11,40;96,40;104,40;3,40;6;100;-0,10;-0,90;
2026-07-30 21:44:00.0;OFF;ON;100;-3,40;-4;0;11,30;96,40;104,40;3,50;6;99,60;-0,10;-0,90;
2026-07-30 21:45:00.0;OFF;ON;100;-3,40;-4;0;11,30;96,40;104,40;3,40;6;99,80;-0,10;-0,90;
2026-07-30 21:46:00.0;OFF;ON;100;-3,40;-4;0;11,30;96,40;104,40;3,50;6;99,60;-0,10;-0,90;
2026-07-30 21:47:00.0;OFF;ON;100;-3,40;-4;0;11,20;96,40;104,40;3,40;6;99,80;-0,10;-0,90;
2026-07-30 21:48:00.0;OFF;ON;100;-3,40;-4;0;11,20;96,40;104,40;3,40;6;100;-0,10;-0,90;
2026-07-30 21:49:00.0;OFF;ON;100;-3,40;-4;0;11,20;96,40;104,40;3,40;6;100;-0,10;-0,90;
2026-07-30 21:50:00.0;OFF;ON;100;-3,30;-4;0;11,10;96,40;104,40;3,30;6;100;-0,10;-0,90;
2026-07-30 21:51:00.0;OFF;ON;100;-3,40;-4;0;11,10;96,40;104,30;3,40;6;99,70;-0,10;-0,90;
2026-07-30 21:52:00.0;OFF;ON;100;-3,30;-4;0;11,10;96,40;104,40;3,30;6;100;-0,10;-0,90;
2026-07-30 21:53:00.0;OFF;ON;100;-3,40;-4;0;11;96,40;104,30;3,30;6;100;-0,10;-0,90;
2026-07-30 21:54:00.0;OFF;ON;100;-3,40;-4;0;11;96,40;104,40;3,40;6;99,80;-0,20;-0,90;
2026-07-30 21:55:00.0;OFF;ON;100;-3,40;-4;-0,10;11;96,40;104,30;3,40;6;99,70;-0,10;-0,90;
2026-07-30 21:56:00.0;OFF;ON;100;-3,40;-4;-0,10;11;96,30;104,30;3,40;6;99,60;-0,20;-0,90;
2026-07-30 21:57:00.0;OFF;ON;100;-3,40;-4;-0,10;10,90;96,40;104,40;3,30;6;100;-0,20;-0,90;
2026-07-30 21:58:00.0;OFF;ON;100;-3,30;-4;-0,10;10,90;96,40;104,30;3,30;6;100;-0,20;-0,90;
2026-07-30 21:59:00.0;OFF;ON;100;-3,50;-4;-0,10;10,90;96,30;104,30;3,40;6;99,60;-0,20;-0,90;
2026-07-30 22:00:00.0;OFF;ON;100;-3,30;-4;-0,10;10,80;96,40;104,30;3,20;6;100;-0,20;-0,90;
2026-07-30 22:01:00.0;OFF;ON;100;-3,40;-4;-0,10;10,80;96,40;104,30;3,30;6;100;-0,20;-0,90;
2026-07-30 22:02:00.0;OFF;ON;100;-3,40;-4;-0,10;10,80;96,40;104,30;3,30;6;99,80;-0,20;-0,90;
2026-07-30 22:03:00.0;OFF;ON;100;-3,30;-4;-0,10;10,70;96,40;104,30;3,20;6;100;-0,20;-0,90;
2026-07-30 22:04:00.0;OFF;ON;100;-3,40;-4;-0,10;10,70;96,40;104,30;3,30;6;100;-0,20;-0,90;
2026-07-30 22:05:00.0;OFF;ON;100;-3,30;-4;-0,10;10,70;96,30;104,30;3,20;6;100;-0,20;-0,90;
2026-07-30 22:06:00.0;OFF;ON;100;-3,30;-4;-0,10;10,60;96,40;104,30;3,20;6;100;-0,20;-0,90;
2026-07-30 22:07:00.0;OFF;ON;100;-3,40;-4;-0,10;10,60;96,40;104,30;3,20;6;100;-0,20;-0,90;
2026-07-30 22:08:00.0;OFF;ON;100;-3,30;-4;-0,10;10,60;96,30;104,30;3,20;6;100;-0,20;-0,90;
2026-07-30 22:09:00.0;OFF;ON;100;-3,30;-4;-0,10;10,50;96,40;104,30;3,20;6;100;-0,20;-0,90;
2026-07-30 22:10:00.0;OFF;ON;100;-3,40;-4;-0,10;10,50;96,30;104,30;3,30;6;99,70;-0,20;-0,90;
2026-07-30 22:11:00.0;OFF;ON;100;-3,40;-4;-0,10;10,50;96,40;104,30;3,20;6;99,90;-0,20;-0,90;
2026-07-30 22:12:00.0;OFF;ON;100;-3,40;-4;-0,20;10,40;96,30;104,30;3,30;6;99,70;-0,20;-0,90;
2026-07-30 22:13:00.0;OFF;ON;100;-3,40;-4;-0,20;10,40;96,30;104,30;3,20;6;100;-0,30;-0,90;
2026-07-30 22:14:00.0;OFF;ON;100;-3,40;-4;-0,20;10,40;96,40;104,30;3,20;6;100;-0,30;-0,90;
2026-07-30 22:15:00.0;OFF;ON;100;-3,40;-4;-0,20;10,30;96,40;104,30;3,20;6;99,90;-0,30;-0,90;
2026-07-30 22:16:00.0;OFF;ON;100;-3,40;-4;-0,20;10,30;96,30;104,30;3,20;6;100;-0,30;-0,90;
2026-07-30 22:17:00.0;OFF;ON;100;-3,40;-4;-0,20;10,30;96,30;104,30;3,20;6;99,70;-0,30;-0,90;
2026-07-30 22:18:00.0;OFF;ON;100;-3,40;-4;-0,20;10,30;96,30;104,30;3,20;6;99,70;-0,30;-0,90;
2026-07-30 22:19:00.0;OFF;ON;100;-3,40;-4;-0,20;10,20;96,30;104,30;3,20;6;99,70;-0,30;-0,90;
2026-07-30 22:20:00.0;OFF;ON;100;-3,30;-4;-0,20;10,20;96,30;104,30;3,10;6;100;-0,30;-0,90;
2026-07-30 22:21:00.0;OFF;ON;100;-3,30;-4;-0,20;10,20;96,30;104,30;3,10;6;100;-0,30;-0,90;
2026-07-30 22:22:00.0;OFF;ON;100;-3,40;-4;-0,20;10,10;96,30;104,30;3,20;6;99,60;-0,30;-0,90;
2026-07-30 22:23:00.0;OFF;ON;100;-3,40;-4;-0,20;10,10;96,30;104,30;3,20;6;99,70;-0,30;-1;
2026-07-30 22:24:00.0;OFF;ON;100;-3,40;-4;-0,20;10,10;96,30;104,30;3,20;6;99,70;-0,30;-1;
2026-07-30 22:25:00.0;OFF;ON;100;-3,30;-4;-0,20;10;96,30;104,30;3,10;6;100;-0,30;-1;
2026-07-30 22:26:00.0;OFF;ON;100;-3,40;-4;-0,20;10;96,30;104,30;3,20;6;99,60;-0,30;-1;
2026-07-30 22:27:00.0;OFF;ON;100;-3,40;-4;-0,20;10;96,30;104,30;3,20;6;99,60;-0,30;-1;
2026-07-30 22:28:00.0;OFF;ON;100;-3,50;-4;-0,20;10;96,30;104,30;3,20;6;99,60;-0,30;-1;
2026-07-30 22:29:00.0;OFF;ON;100;-3,40;-4;-0,20;9,90;96,30;104,30;3,20;6;99,60;-0,30;-1;
2026-07-30 22:30:00.0;OFF;ON;100;-3,30;-4;-0,30;9,90;96,30;104,30;3,10;6;100;-0,40;-1;
2026-07-30 22:31:00.0;OFF;ON;100;-3,40;-4;-0,30;9,90;96,30;104,30;3,20;6;99,60;-0,30;-1;
2026-07-30 22:32:00.0;OFF;ON;100;-3,40;-4;-0,30;9,90;96,30;104,30;3,10;6;100;-0,30;-1;
2026-07-30 22:33:00.0;OFF;ON;100;-3,40;-4;-0,30;9,80;96,30;104,30;3,20;6;99,60;-0,30;-1;
2026-07-30 22:34:00.0;OFF;ON;100;-3,30;-4;-0,30;9,80;96,30;104,30;3,10;6;100;-0,40;-1;
2026-07-30 22:35:00.0;OFF;ON;100;-3,40;-4;-0,30;9,80;96,30;104,30;3,10;6;99,80;-0,40;-1;
2026-07-30 22:36:00.0;OFF;ON;100;-3,30;-4;-0,30;9,80;96,30;104,30;3,10;6;100;-0,40;-1;
2026-07-30 22:37:00.0;OFF;ON;100;-3,30;-4;-0,30;9,70;96,30;104,30;3;6;100;-0,40;-1;
2026-07-30 22:38:00.0;OFF;ON;100;-3,40;-4;-0,30;9,70;96,30;104,30;3,10;6;99,60;-0,40;-1;
2026-07-30 22:39:00.0;OFF;ON;100;-3,40;-4;-0,30;9,70;96,30;104,30;3,10;6;99,80;-0,40;-1;
2026-07-30 22:40:00.0;OFF;ON;100;-3,40;-4;-0,30;9,70;96,30;104,30;3,10;6;99,70;-0,40;-1;
2026-07-30 22:41:00.0;OFF;ON;100;-3,40;-4;-0,30;9,60;96,30;104,30;3,10;6;100;-0,40;-1;
2026-07-30 22:42:00.0;OFF;ON;100;-3,30;-4;-0,30;9,60;96,30;104,30;3;6;100;-0,40;-1;
2026-07-30 22:43:00.0;OFF;ON;100;-3,30;-4;-0,30;9,60;96,30;104,30;3;6;100;-0,40;-1;
2026-07-30 22:44:00.0;OFF;ON;100;-3,40;-4;-0,30;9,60;96,30;104,30;3,10;6;99,80;-0,40;-1;
2026-07-30 22:45:00.0;OFF;ON;100;-3,40;-4;-0,30;9,50;96,30;104,30;3;6;100;-0,40;-1;
2026-07-30 22:46:00.0;OFF;ON;100;-3,30;-4;-0,30;9,50;96,30;104,30;3;6;100;-0,40;-1;
2026-07-30 22:47:00.0;OFF;ON;100;-3,30;-4;-0,30;9,50;96,20;104,30;3;6;100;-0,40;-1;
2026-07-30 22:48:00.0;OFF;ON;100;-3,40;-4;-0,30;9,50;96,20;104,30;3,10;6;99,50;-0,40;-1;
2026-07-30 22:49:00.0;OFF;ON;100;-3,40;-4;-0,30;9,40;96,20;104,30;3;6;100;-0,40;-1;
2026-07-30 22:50:00.0;OFF;ON;100;-3,30;-4;-0,30;9,40;96,20;104,30;3;6;100;-0,40;-1;
2026-07-30 22:51:00.0;OFF;ON;100;-3,40;-4;-0,40;9,40;96,20;104,30;3;6;99,70;-0,50;-1;
2026-07-30 22:52:00.0;OFF;ON;100;-3,40;-4;-0,40;9,40;96,20;104,30;3;6;99,60;-0,50;-1;
2026-07-30 22:53:00.0;OFF;ON;100;-3,40;-4;-0,40;9,30;96,10;104,30;3,10;6;99,70;-0,50;-1;
2026-07-30 22:54:00.0;OFF;ON;100;-3,30;-4;-0,40;9,30;96,20;104,30;3;6;100;-0,50;-1;
2026-07-30 22:55:00.0;OFF;ON;100;-3,40;-4;-0,40;9,30;96,20;104,30;3;6;99,60;-0,50;-1;
2026-07-30 22:56:00.0;OFF;ON;100;-3,40;-4;-0,40;9,30;96,30;104,30;3;6;99,60;-0,50;-1;
2026-07-30 22:57:00.0;OFF;ON;100;-3,40;-4;-0,40;9,20;96,20;104,30;3;6;99,80;-0,50;-1;
2026-07-30 22:58:00.0;OFF;ON;100;-3,40;-4;-0,40;9,20;96,10;104,30;3;6;99,70;-0,50;-1;
2026-07-30 22:59:00.0;OFF;ON;100;-3,30;-4;-0,40;9,20;96,10;104,30;2,90;6;100;-0,50;-1;
2026-07-30 23:00:00.0;OFF;ON;100;-3,30;-4;-0,40;9,20;96,10;104,20;2,90;6;100;-0,50;-1;
2026-07-30 23:01:00.0;OFF;ON;100;-3,40;-4;-0,40;9,10;96,20;104,20;3;6;99,60;-0,50;-1;
2026-07-30 23:02:00.0;OFF;ON;100;-3,40;-4;-0,40;9,10;96,20;104,20;3;6;99,80;-0,50;-1;
2026-07-30 23:03:00.0;OFF;ON;100;-3,30;-4;-0,40;9,10;96,10;104,20;2,90;6;100;-0,50;-1;
2026-07-30 23:04:00.0;OFF;ON;100;-3,30;-4;-0,40;9,10;96,10;104,20;2,90;6;100;-0,50;-1;
2026-07-30 23:05:00.0;OFF;ON;100;-3,40;-4;-0,40;9;96,10;104,20;2,90;6;99,90;-0,50;-1;
2026-07-30 23:06:00.0;OFF;ON;100;-3,40;-4;-0,40;9;96,10;104,20;3;6;99,70;-0,50;-1;
2026-07-30 23:07:00.0;OFF;ON;100;-3,40;-4;-0,40;9;96,10;104,20;2,90;6;99,70;-0,50;-1;
2026-07-30 23:08:00.0;OFF;ON;100;-3,40;-4;-0,40;9;96,20;104,20;3;6;99,60;-0,50;-1;
2026-07-30 23:09:00.0;OFF;ON;100;-3,40;-4;-0,40;8,90;96,10;104,20;3;6;99,70;-0,50;-1;
2026-07-30 23:10:00.0;OFF;ON;100;-3,40;-4;-0,40;8,90;96,10;104,20;2,90;6;100;-0,60;-1,10;
2026-07-30 23:11:00.0;OFF;ON;100;-3,30;-4;-0,40;8,90;96,10;104,20;2,90;6;100;-0,50;-1,10;
2026-07-30 23:12:00.0;OFF;ON;100;-3,40;-4;-0,40;8,90;96,10;104,20;3;6;99,60;-0,50;-1,10;
2026-07-30 23:13:00.0;OFF;ON;100;-3,40;-4;-0,50;8,90;96,10;104,20;3;6;99,60;-0,50;-1,10;
2026-07-30 23:14:00.0;OFF;ON;100;-3,40;-4;-0,50;8,80;96,10;104,20;2,90;6;99,70;-0,50;-1,10;
2026-07-30 23:15:00.0;OFF;ON;100;-3,30;-4;-0,50;8,80;96,10;104,20;2,90;6;100;-0,60;-1,10;
2026-07-30 23:16:00.0;OFF;ON;100;-3,30;-4;-0,50;8,80;96,10;104,20;2,90;6;100;-0,50;-1,10;
2026-07-30 23:17:00.0;OFF;ON;100;-3,30;-4;-0,50;8,80;96,10;104,20;2,90;6;100;-0,60;-1,10;
2026-07-30 23:18:00.0;OFF;ON;100;-3,30;-4;-0,50;8,70;96,10;104,20;2,80;6;100;-0,60;-1,10;
2026-07-30 23:19:00.0;OFF;ON;100;-3,30;-4;-0,50;8,70;96;104,20;2,80;6;100;-0,60;-1,10;
2026-07-30 23:20:00.0;OFF;ON;100;-3,40;-4;-0,50;8,70;96;104,20;2,90;6;99,70;-0,60;-1,10;
2026-07-30 23:21:00.0;OFF;ON;100;-3,30;-4;-0,50;8,70;96;104,20;2,80;6;100;-0,60;-1,10;
2026-07-30 23:22:00.0;OFF;ON;100;-3,40;-4;-0,50;8,60;96,10;104,20;2,90;6;99,60;-0,60;-1,10;
2026-07-30 23:23:00.0;OFF;ON;100;-3,30;-4;-0,50;8,60;96,10;104,20;2,90;6;100;-0,60;-1,10;
2026-07-30 23:24:00.0;OFF;ON;100;-3,40;-4;-0,50;8,60;96;104,20;2,90;6;99,60;-0,60;-1,10;
2026-07-30 23:25:00.0;OFF;ON;100;-3,30;-4;-0,50;8,60;96;104,20;2,80;6;100;-0,60;-1,10;
2026-07-30 23:26:00.0;OFF;ON;100;-3,40;-4;-0,50;8,50;96;104,20;2,90;6;99,70;-0,60;-1,10;
2026-07-30 23:27:00.0;OFF;ON;100;-3,40;-4;-0,50;8,50;96,10;104,20;2,90;6;99,60;-0,60;-1,10;
2026-07-30 23:28:00.0;OFF;ON;100;-3,30;-4;-0,50;8,50;96;104,20;2,80;6;100;-0,60;-1,10;
2026-07-30 23:29:00.0;OFF;ON;100;-3,30;-4;-0,50;8,50;96,10;104,20;2,80;6;100;-0,60;-1,10;
2026-07-30 23:30:00.0;OFF;ON;100;-3,30;-4;-0,50;8,40;96;104,20;2,80;6;100;-0,60;-1,10;
2026-07-30 23:31:00.0;OFF;ON;100;-3,40;-4;-0,50;8,40;96;104,20;2,90;6;99,60;-0,60;-1,10;
2026-07-30 23:32:00.0;OFF;ON;100;-3,30;-4;-0,50;8,40;96;104,20;2,80;6;100;-0,60;-1,10;
2026-07-30 23:33:00.0;OFF;ON;100;-3,30;-4;-0,50;8,40;96;104,20;2,80;6;100;-0,60;-1,10;
2026-07-30 23:34:00.0;OFF;ON;100;-3,40;-4;-0,50;8,30;96;104,20;2,90;6;99,50;-0,60;-1,10;
2026-07-30 23:35:00.0;OFF;ON;100;-3,30;-4;-0,50;8,30;96;104,20;2,80;6;100;-0,60;-1,10;
2026-07-30 23:36:00.0;OFF;ON;100;-3,30;-4;-0,60;8,30;96;104,20;2,80;6;100;-0,70;-1,10;
2026-07-30 23:37:00.0;OFF;ON;100;-3,40;-4;-0,60;8,30;96;104,20;2,80;6;99,60;-0,70;-1,10;
2026-07-30 23:38:00.0;OFF;ON;100;-3,30;-4;-0,60;8,20;96,10;104,20;2,80;6;100;-0,70;-1,10;
2026-07-30 23:39:00.0;OFF;ON;100;-3,30;-4;-0,60;8,20;96,10;104,20;2,80;6;100;-0,70;-1,10;
2026-07-30 23:40:00.0;OFF;ON;100;-3,30;-4;-0,60;8,20;96;104,20;2,70;6;100;-0,70;-1,10;
2026-07-30 23:41:00.0;OFF;ON;100;-3,40;-4;-0,60;8,20;96;104,20;2,80;6;99,70;-0,70;-1,10;
2026-07-30 23:42:00.0;OFF;ON;100;-3,30;-4;-0,60;8,10;96;104,20;2,70;6;100;-0,70;-1,10;
2026-07-30 23:43:00.0;OFF;ON;100;-3,30;-4;-0,60;8,10;96;104,20;2,70;6;100;-0,70;-1,10;
2026-07-30 23:44:00.0;OFF;ON;100;-3,40;-4;-0,60;8,10;96;104,20;2,80;6;99,70;-0,70;-1,10;
2026-07-30 23:45:00.0;OFF;ON;100;-3,30;-4;-0,60;8,10;96;104,20;2,80;6;100;-0,70;-1,10;
2026-07-30 23:46:00.0;OFF;ON;100;-3,30;-4;-0,60;8;96;104,20;2,70;6;100;-0,70;-1,10;
2026-07-30 23:47:00.0;OFF;ON;100;-3,40;-4;-0,60;8;96;104,20;2,80;6;99,60;-0,70;-1,10;
2026-07-30 23:48:00.0;OFF;ON;100;-3,30;-4;-0,60;8;96;104,20;2,70;6;100;-0,70;-1,10;
2026-07-30 23:49:00.0;OFF;ON;100;-3,30;-4;-0,60;8;96;104,20;2,70;6;100;-0,70;-1,10;
2026-07-30 23:50:00.0;OFF;ON;100;-3,30;-4;-0,60;8;96;104,20;2,70;6;100;-0,70;-1,10;
2026-07-30 23:51:00.0;OFF;ON;100;-3,40;-4;-0,60;7,90;96;104,20;2,80;6;99,70;-0,70;-1,10;
2026-07-30 23:52:00.0;OFF;ON;100;-3,30;-4;-0,60;7,90;96;104,20;2,70;6;100;-0,70;-1,10;
2026-07-30 23:53:00.0;OFF;ON;100;-3,40;-4;-0,60;7,90;96;104,20;2,80;6;99,60;-0,70;-1,10;
2026-07-30 23:54:00.0;OFF;ON;100;-3,30;-4;-0,60;7,90;96;104,20;2,70;6;100;-0,70;-1,10;
2026-07-30 23:55:00.0;OFF;ON;100;-3,40;-4;-0,60;7,80;96;104,20;2,80;6;99,60;-0,70;-1,10;
2026-07-30 23:56:00.0;OFF;ON;100;-3,30;-4;-0,60;7,80;96;104,20;2,70;6;100;-0,70;-1,10;
2026-07-30 23:57:00.0;OFF;ON;100;-3,40;-4;-0,60;7,80;96;104,20;2,80;6;99,60;-0,70;-1,10;
2026-07-30 23:58:00.0;OFF;ON;100;-3,30;-4;-0,70;7,80;95,90;104,20;2,70;6;100;-0,70;-1,10;
2026-07-30 23:59:00.0;OFF;ON;100;-3,40;-4;-0,70;7,70;96;104,20;2,70;6;100;-0,80;-1,20;
